代號,名稱,產業別,前一年_EPS,前一年營收_e,轉換數據EPS_1,本年度累積營收換算EPS,推估本年度營收,推估本年度EPS,平均前2年本益比,前2年本益比最高最低差,前2年最低本益比,前2年最高本益比,用本年度推估EPS換算股價最低值,用本年度推估EPS換算股價最高值,用本年度推估EPS換算股價平均值,今日股價,報酬,風險,加成,前兩年往後6月最高漲幅_%,前兩年往後6月達最高花費天數,前一年往後6月最高漲幅_%,前一年往後6月達最高花費天數
3629,地心引力,光電業,-0.65,4873000.0,0.0,0.0,1780554689.1891892,0.0,0.0,0.0,0.0,0.0,0.0,0.0,0.0,15.0,0.0,0.0,0.0,14.66,64,110.29,30
3687,歐買尬,文化創意業,4.68,1807323000.0,386180128.20512825,2.58,2049130953.789708,5.31,32.1,45.39,13.34,58.73,70.84,311.86,170.43,76.8,2.22,0.92,4.06,12.16,134,15.02,129
5450,寶聯通,電腦及週邊設備業,0.22,2421173000.0,11005331818.181818,0.12,2564775763.5954576,0.23,33.16,69.42,11.11,80.53,2.56,18.52,7.63,14.3,0.53,0.18,1.3,5.93,4,2.74,11
5481,新華,電子零組件業,-0.65,97157000.0,0.0,0.0,89528919.95925815,0.0,0.0,0.0,0.0,0.0,0.0,0.0,0.0,21.9,0.0,0.0,0.0,140.07,179,6.35,111
6238,勝麗,其他電子類,0.0,0.0,0.0,0.0,0.0,0.0,0.0,0.0,0.0,0.0,0.0,0.0,0.0,0.0,0.0,0.0,0.0,0.0,0,0.0,0
00835B,第一金科技債10+,上櫃指數股票型基金(ETF),0.0,0.0,0.0,0.0,0.0,0.0,0.0,0.0,0.0,0.0,0.0,0.0,0.0,0.0,0.0,0.0,0.0,0.0,0,0.0,0
00837B,永豐15年金融債,上櫃指數股票型基金(ETF),0.0,0.0,0.0,0.0,0.0,0.0,0.0,0.0,0.0,0.0,0.0,0.0,0.0,0.0,0.0,0.0,0.0,0.0,0,0.0,0
00798B,國泰中企A級債7+,上櫃指數股票型基金(ETF),0.0,0.0,0.0,0.0,0.0,0.0,0.0,0.0,0.0,0.0,0.0,0.0,0.0,0.0,0.0,0.0,0.0,0.0,0,0.0,0
6497,亞獅康-KY,生技醫療業,0.0,0.0,0.0,0.0,0.0,0.0,0.0,0.0,0.0,0.0,0.0,0.0,0.0,0.0,0.0,0.0,0.0,0.0,0,0.0,0
5349,先豐,電子零組件業,0.0,0.0,0.0,0.0,0.0,0.0,0.0,0.0,0.0,0.0,0.0,0.0,0.0,0.0,0.0,0.0,0.0,0.0,0,0.0,0
01003T,兆豐新光R1,受益證券,0.0,0.0,0.0,0.0,0.0,0.0,0.0,0.0,0.0,0.0,0.0,0.0,0.0,14.79,0.0,0.0,0.0,3.79,2,3.79,2
01004T,土銀富邦R2,受益證券,0.0,0.0,0.0,0.0,0.0,0.0,0.0,0.0,0.0,0.0,0.0,0.0,0.0,10.44,0.0,0.0,0.0,0.0,0,0.26,2
01002T,土銀國泰R1,受益證券,0.0,0.0,0.0,0.0,0.0,0.0,0.0,0.0,0.0,0.0,0.0,0.0,0.0,14.0,0.0,0.0,0.0,0.71,10,0.6,9
01001T,土銀富邦R1,受益證券,0.0,0.0,0.0,0.0,0.0,0.0,0.0,0.0,0.0,0.0,0.0,0.0,0.0,11.65,0.0,0.0,0.0,0.0,0,0.16,2
01008T,駿馬R1,受益證券,0.0,0.0,0.0,0.0,0.0,0.0,0.0,0.0,0.0,0.0,0.0,0.0,0.0,0.0,0.0,0.0,0.0,0.0,0,0.0,0
01007T,兆豐國泰R2,受益證券,0.0,0.0,0.0,0.0,0.0,0.0,0.0,0.0,0.0,0.0,0.0,0.0,0.0,12.62,0.0,0.0,0.0,0.0,0,0.0,0
01005T,三鼎,受益證券,0.0,0.0,0.0,0.0,0.0,0.0,0.0,0.0,0.0,0.0,0.0,0.0,0.0,0.0,0.0,0.0,0.0,0.0,0,0.0,0
01009T,王道圓滿R1,受益證券,0.0,0.0,0.0,0.0,0.0,0.0,0.0,0.0,0.0,0.0,0.0,0.0,0.0,5.72,0.0,0.0,0.0,0.38,29,4.42,24
710510,群聯凱基9B購03,所有證券,0.0,0.0,0.0,0.0,0.0,0.0,0.0,0.0,0.0,0.0,0.0,0.0,0.0,0.0,0.0,0.0,0.0,0.0,0,0.0,0
710509,建榮凱基9B購01,所有證券,0.0,0.0,0.0,0.0,0.0,0.0,0.0,0.0,0.0,0.0,0.0,0.0,0.0,0.0,0.0,0.0,0.0,0.0,0,0.0,0
710505,泰博富邦9B購01,所有證券,0.0,0.0,0.0,0.0,0.0,0.0,0.0,0.0,0.0,0.0,0.0,0.0,0.0,0.0,0.0,0.0,0.0,0.0,0,0.0,0
710502,泰博元大9B購01,所有證券,0.0,0.0,0.0,0.0,0.0,0.0,0.0,0.0,0.0,0.0,0.0,0.0,0.0,0.0,0.0,0.0,0.0,21.59,15,0.0,0
710499,網家國泰9B購01,所有證券,0.0,0.0,0.0,0.0,0.0,0.0,0.0,0.0,0.0,0.0,0.0,0.0,0.0,0.0,0.0,0.0,0.0,0.0,0,0.0,0
709994,中美晶元大9B購01,所有證券,0.0,0.0,0.0,0.0,0.0,0.0,0.0,0.0,0.0,0.0,0.0,0.0,0.0,0.0,0.0,0.0,0.0,14.47,4,0.0,0
709983,群聯日盛9B購01,所有證券,0.0,0.0,0.0,0.0,0.0,0.0,0.0,0.0,0.0,0.0,0.0,0.0,0.0,0.0,0.0,0.0,0.0,0.0,0,0.0,0
709972,旺矽元大9B購01,所有證券,0.0,0.0,0.0,0.0,0.0,0.0,0.0,0.0,0.0,0.0,0.0,0.0,0.0,0.0,0.0,0.0,0.0,412.82,64,0.0,0
709966,金居群益9B購01,所有證券,0.0,0.0,0.0,0.0,0.0,0.0,0.0,0.0,0.0,0.0,0.0,0.0,0.0,0.0,0.0,0.0,0.0,0.0,0,0.0,0
709403,雙美國票9B購01,所有證券,0.0,0.0,0.0,0.0,0.0,0.0,0.0,0.0,0.0,0.0,0.0,0.0,0.0,0.64,0.0,0.0,0.0,0.0,0,0.0,0
710516,宇峻永豐9B購01,所有證券,0.0,0.0,0.0,0.0,0.0,0.0,0.0,0.0,0.0,0.0,0.0,0.0,0.0,0.0,0.0,0.0,0.0,0.0,0,0.0,0
709985,大江富邦9B購02,所有證券,0.0,0.0,0.0,0.0,0.0,0.0,0.0,0.0,0.0,0.0,0.0,0.0,0.0,0.0,0.0,0.0,0.0,0.0,0,0.0,0
710533,鈊象元大9B購04,所有證券,0.0,0.0,0.0,0.0,0.0,0.0,0.0,0.0,0.0,0.0,0.0,0.0,0.0,0.0,0.0,0.0,0.0,0.0,0,0.0,0
708785,信驊中信9B購01,所有證券,0.0,0.0,0.0,0.0,0.0,0.0,0.0,0.0,0.0,0.0,0.0,0.0,0.0,0.0,0.0,0.0,0.0,0.0,0,0.0,0
710553,穩懋統一9B購03,所有證券,0.0,0.0,0.0,0.0,0.0,0.0,0.0,0.0,0.0,0.0,0.0,0.0,0.0,0.0,0.0,0.0,0.0,0.0,0,0.0,0
73193P,神盾元大9B售04,所有證券,0.0,0.0,0.0,0.0,0.0,0.0,0.0,0.0,0.0,0.0,0.0,0.0,0.0,0.0,0.0,0.0,0.0,0.0,0,0.0,0
73107P,原相國票9B售02,所有證券,0.0,0.0,0.0,0.0,0.0,0.0,0.0,0.0,0.0,0.0,0.0,0.0,0.0,0.0,0.0,0.0,0.0,0.0,0,0.0,0
711145,環球晶國票9B購02,所有證券,0.0,0.0,0.0,0.0,0.0,0.0,0.0,0.0,0.0,0.0,0.0,0.0,0.0,0.0,0.0,0.0,0.0,0.0,0,0.0,0
711141,胡連凱基9B購01,所有證券,0.0,0.0,0.0,0.0,0.0,0.0,0.0,0.0,0.0,0.0,0.0,0.0,0.0,0.0,0.0,0.0,0.0,9.3,10,0.0,0
711140,旺矽凱基9B購01,所有證券,0.0,0.0,0.0,0.0,0.0,0.0,0.0,0.0,0.0,0.0,0.0,0.0,0.0,0.0,0.0,0.0,0.0,0.0,0,0.0,0
711139,中美晶凱基9B購02,所有證券,0.0,0.0,0.0,0.0,0.0,0.0,0.0,0.0,0.0,0.0,0.0,0.0,0.0,0.0,0.0,0.0,0.0,0.0,0,0.0,0
711137,胡連群益9B購01,所有證券,0.0,0.0,0.0,0.0,0.0,0.0,0.0,0.0,0.0,0.0,0.0,0.0,0.0,0.0,0.0,0.0,0.0,0.0,0,0.0,0
711135,元太群益9B購01,所有證券,0.0,0.0,0.0,0.0,0.0,0.0,0.0,0.0,0.0,0.0,0.0,0.0,0.0,0.0,0.0,0.0,0.0,0.0,0,0.0,0
711134,中美晶群益9B購03,所有證券,0.0,0.0,0.0,0.0,0.0,0.0,0.0,0.0,0.0,0.0,0.0,0.0,0.0,0.0,0.0,0.0,0.0,24.56,9,0.0,0
711133,寶雅永豐9B購01,所有證券,0.0,0.0,0.0,0.0,0.0,0.0,0.0,0.0,0.0,0.0,0.0,0.0,0.0,0.0,0.0,0.0,0.0,0.0,0,0.0,0
711132,僑威永豐9B購01,所有證券,0.0,0.0,0.0,0.0,0.0,0.0,0.0,0.0,0.0,0.0,0.0,0.0,0.0,0.0,0.0,0.0,0.0,0.0,0,0.0,0
711131,胡連永豐9B購01,所有證券,0.0,0.0,0.0,0.0,0.0,0.0,0.0,0.0,0.0,0.0,0.0,0.0,0.0,0.0,0.0,0.0,0.0,0.0,0,0.0,0
711127,頎邦元大9B購03,所有證券,0.0,0.0,0.0,0.0,0.0,0.0,0.0,0.0,0.0,0.0,0.0,0.0,0.0,0.0,0.0,0.0,0.0,0.0,0,0.0,0
711126,聯亞元大9B購05,所有證券,0.0,0.0,0.0,0.0,0.0,0.0,0.0,0.0,0.0,0.0,0.0,0.0,0.0,0.0,0.0,0.0,0.0,0.0,0,0.0,0
710590,鈺太凱基9B購01,所有證券,0.0,0.0,0.0,0.0,0.0,0.0,0.0,0.0,0.0,0.0,0.0,0.0,0.0,0.0,0.0,0.0,0.0,0.0,0,0.0,0
710575,環球晶中信9B購01,所有證券,0.0,0.0,0.0,0.0,0.0,0.0,0.0,0.0,0.0,0.0,0.0,0.0,0.0,0.0,0.0,0.0,0.0,0.0,0,0.0,0
710566,碩禾元大9B購01,所有證券,0.0,0.0,0.0,0.0,0.0,0.0,0.0,0.0,0.0,0.0,0.0,0.0,0.0,4.64,0.0,0.0,0.0,115.28,119,0.0,0
710561,威剛元大9B購02,所有證券,0.0,0.0,0.0,0.0,0.0,0.0,0.0,0.0,0.0,0.0,0.0,0.0,0.0,0.0,0.0,0.0,0.0,0.0,0,0.0,0
710560,宏捷科元大9B購02,所有證券,0.0,0.0,0.0,0.0,0.0,0.0,0.0,0.0,0.0,0.0,0.0,0.0,0.0,0.0,0.0,0.0,0.0,0.0,0,0.0,0
710534,鈺太元大9B購01,所有證券,0.0,0.0,0.0,0.0,0.0,0.0,0.0,0.0,0.0,0.0,0.0,0.0,0.0,0.0,0.0,0.0,0.0,0.0,0,0.0,0
710569,中美晶富邦9B購04,所有證券,0.0,0.0,0.0,0.0,0.0,0.0,0.0,0.0,0.0,0.0,0.0,0.0,0.0,0.0,0.0,0.0,0.0,12.5,29,0.0,0
8934,衡平,其他,0.0,0.0,0.0,0.0,0.0,0.0,0.0,0.0,0.0,0.0,0.0,0.0,0.0,0.0,0.0,0.0,0.0,0.0,0,0.0,0
5304,鼎創達,電腦及週邊設備業,0.0,0.0,0.0,0.0,0.0,0.0,0.0,0.0,0.0,0.0,0.0,0.0,0.0,0.0,0.0,0.0,0.0,0.0,0,0.0,0
00833B,第一金美債20+,上櫃指數股票型基金(ETF),0.0,0.0,0.0,0.0,0.0,0.0,0.0,0.0,0.0,0.0,0.0,0.0,0.0,0.0,0.0,0.0,0.0,0.0,0,0.0,0
00854B,富邦全球保險債,上櫃指數股票型基金(ETF),0.0,0.0,0.0,0.0,0.0,0.0,0.0,0.0,0.0,0.0,0.0,0.0,0.0,0.0,0.0,0.0,0.0,0.0,0,0.0,0
00855B,富邦全球能源債,上櫃指數股票型基金(ETF),0.0,0.0,0.0,0.0,0.0,0.0,0.0,0.0,0.0,0.0,0.0,0.0,0.0,0.0,0.0,0.0,0.0,0.0,0,0.0,0
6438,迅得,其他電子類,5.26,6375307000.0,1212035551.3307986,2.93,7556716397.046818,6.23,25.73,34.55,12.98,47.53,80.87,296.11,160.33,149.0,1.08,0.54,1.99,103.48,161,21.35,74
00873B,凱基新興債1-5,上櫃指數股票型基金(ETF),0.0,0.0,0.0,0.0,0.0,0.0,0.0,0.0,0.0,0.0,0.0,0.0,0.0,0.0,0.0,0.0,0.0,0.0,0,0.0,0
00874B,凱基BBB公司債15+,上櫃指數股票型基金(ETF),0.0,0.0,0.0,0.0,0.0,0.0,0.0,0.0,0.0,0.0,0.0,0.0,0.0,0.0,0.0,0.0,0.0,0.0,0,0.0,0
00871B,元大中國政金債,上櫃指數股票型基金(ETF),0.0,0.0,0.0,0.0,0.0,0.0,0.0,0.0,0.0,0.0,0.0,0.0,0.0,0.0,0.0,0.0,0.0,0.0,0,0.0,0
00868B,FT1-3年美公債,上櫃指數股票型基金(ETF),0.0,0.0,0.0,0.0,0.0,0.0,0.0,0.0,0.0,0.0,0.0,0.0,0.0,0.0,0.0,0.0,0.0,0.0,0,0.0,0
2614,東森,貿易百貨,2.05,5498233000.0,2682064878.048781,0.96,5184412816.8462925,1.93,11.44,6.37,8.87,15.24,17.12,29.41,22.07,18.85,1.17,0.91,1.56,13.74,45,37.8,179
1456,怡華,紡織纖維,3.41,862187000.0,252840762.46334308,1.63,804060058.1733645,3.18,18.82,109.33,3.62,112.95,11.51,359.18,59.84,14.55,4.11,0.79,24.69,20.05,44,8.0,163
8499,鼎炫-KY,其他,10.13,2741866000.0,270667917.0779862,7.25,4984556982.539871,18.42,19.63,26.27,10.48,36.75,193.04,676.94,361.67,300.0,1.21,0.64,2.26,0.4,11,176.04,183
1453,大將,紡織纖維,0.03,1464000.0,48800000.0,0.02,1501844.8979591837,0.03,171.72,863.65,21.35,885.0,0.64,26.55,5.15,11.75,0.44,0.05,2.26,1.08,1,0.0,0
1443,立益,紡織纖維,1.14,987864000.0,866547368.4210527,0.53,912052595.2443074,1.05,23.78,26.23,14.97,41.2,15.72,43.26,24.96,27.9,0.89,0.56,1.55,11.46,65,5.74,23
2241,艾姆勒,電機機械,-0.7,741604000.0,0.0,0.0,1045277693.0617645,0.0,0.0,0.0,0.0,0.0,0.0,0.0,0.0,43.3,0.0,0.0,0.0,0.0,0,67.08,171
3669,圓展,光電業,1.13,2426628000.0,2147458407.079646,0.67,2951967005.8537846,1.37,32.89,66.82,13.28,80.1,18.19,109.74,45.06,35.0,1.29,0.52,3.14,14.58,18,4.03,51
3450,聯鈞,其他電子業,5.01,8617529000.0,1720065668.6626747,2.74,8421371458.588207,4.9,259.59,2435.82,30.85,2466.67,151.17,12086.68,1272.01,499.5,2.55,0.3,24.2,181.12,170,38.8,108
2429,銘旺科,電子零組件業,-1.41,469482000.0,0.0,0.0,527308156.8121973,0.0,0.0,0.0,0.0,0.0,0.0,0.0,0.0,38.45,0.0,0.0,0.0,85.71,16,110.89,86
6165,浪凡,電子零組件業,4.02,3185601000.0,792438059.7014927,2.11,3434964755.596917,4.33,30.26,49.29,10.81,60.1,46.81,260.23,131.04,49.4,2.65,0.95,5.27,26.34,133,6.09,3
2459,敦吉,電子通路業,5.17,4840007000.0,936171566.7311412,2.76,5297717552.801705,5.66,12.21,3.22,10.34,13.56,58.52,76.75,69.13,65.1,1.06,0.9,1.18,6.39,17,2.93,169
6506,雙邦,化學工業,1.05,1861486000.0,1772843809.5238094,0.63,2022471103.7017844,1.14,26.89,67.99,15.19,83.18,17.32,94.83,30.66,18.65,1.64,0.93,5.08,17.45,98,1.49,16
5604,中連貨,航運業,0.85,159165000.0,187252941.1764706,0.44,164612132.14827937,0.88,30.23,37.98,14.4,52.38,12.67,46.09,26.6,31.0,0.86,0.41,1.49,5.26,10,3.49,151
8489,三貝德,文化創意業,-0.76,1374206000.0,0.0,0.0,2173689005.1106277,0.0,0.0,0.0,0.0,0.0,0.0,0.0,0.0,22.5,0.0,0.0,0.0,24.9,168,0.0,0
020017,永豐富櫃200N,指數投資證券(ETN),0.0,0.0,0.0,0.0,0.0,0.0,0.0,0.0,0.0,0.0,0.0,0.0,0.0,0.0,0.0,0.0,0.0,0.0,0,0.0,0
3313,斐成,電子零組件業,-0.34,8779000.0,0.0,0.0,145753211.18012422,0.0,12.7,7.26,10.22,17.48,0.0,0.0,0.0,11.6,0.0,0.0,0.0,27.68,21,33.67,102
6275,元山,其他電子類,2.81,4249900000.0,1512419928.8256228,1.44,4410249838.316621,2.92,15.12,11.1,10.77,21.87,31.45,63.86,44.14,47.1,0.94,0.67,1.36,0.33,3,29.22,175
3219,倚強股份,半導體業,1.52,1628708000.0,1071518421.0526316,0.98,2427900616.6999974,2.27,88.94,184.76,33.1,217.86,75.14,494.54,201.9,72.4,2.79,1.04,6.83,35.64,17,99.82,86
8354,冠好,塑膠工業,0.13,644280000.0,4956000000.0,0.07,669560317.0633947,0.14,27.15,127.01,8.7,135.71,1.22,19.0,3.8,16.4,0.23,0.07,1.16,19.0,73,10.78,170
3685,元創精密,光電業,-1.02,1141579000.0,0.0,0.0,1663191875.2129457,0.0,0.0,0.0,0.0,0.0,0.0,0.0,0.0,31.0,0.0,0.0,0.0,10.24,22,278.1,127
5345,天揚,電子零組件業,-0.33,18681000.0,0.0,0.0,113771234.16506718,0.0,0.0,0.0,0.0,0.0,0.0,0.0,0.0,30.65,0.0,0.0,0.0,0.0,0,13.33,84
00839B,凱基醫療保健債,上櫃指數股票型基金(ETF),0.0,0.0,0.0,0.0,0.0,0.0,0.0,0.0,0.0,0.0,0.0,0.0,0.0,0.0,0.0,0.0,0.0,0.0,0,0.0,0
00869B,FT10-25年公司債,上櫃指數股票型基金(ETF),0.0,0.0,0.0,0.0,0.0,0.0,0.0,0.0,0.0,0.0,0.0,0.0,0.0,0.0,0.0,0.0,0.0,0.0,0,0.0,0
00832B,新光美債20+,上櫃指數股票型基金(ETF),0.0,0.0,0.0,0.0,0.0,0.0,0.0,0.0,0.0,0.0,0.0,0.0,0.0,0.0,0.0,0.0,0.0,0.0,0,0.0,0
4152,台微體,生技醫療業,0.0,0.0,0.0,0.0,0.0,0.0,0.0,0.0,0.0,0.0,0.0,0.0,0.0,0.0,0.0,0.0,0.0,0.0,0,0.0,0
00880B,第一金電信債15+,上櫃指數股票型基金(ETF),0.0,0.0,0.0,0.0,0.0,0.0,0.0,0.0,0.0,0.0,0.0,0.0,0.0,0.0,0.0,0.0,0.0,0.0,0,0.0,0
00879B,第一金美債0-1,上櫃指數股票型基金(ETF),0.0,0.0,0.0,0.0,0.0,0.0,0.0,0.0,0.0,0.0,0.0,0.0,0.0,0.0,0.0,0.0,0.0,0.0,0,0.0,0
00872B,凱基美債1-3,上櫃指數股票型基金(ETF),0.0,0.0,0.0,0.0,0.0,0.0,0.0,0.0,0.0,0.0,0.0,0.0,0.0,0.0,0.0,0.0,0.0,0.0,0,0.0,0
2928,紅馬-KY,觀光事業,0.0,0.0,0.0,0.0,0.0,0.0,0.0,0.0,0.0,0.0,0.0,0.0,0.0,0.0,0.0,0.0,0.0,0.0,0,0.0,0
3144,新揚科,電子零組件業,0.0,0.0,0.0,0.0,0.0,0.0,0.0,0.0,0.0,0.0,0.0,0.0,0.0,0.0,0.0,0.0,0.0,0.0,0,0.0,0
4803,VHQ-KY,文化創意業,0.0,0.0,0.0,0.0,0.0,0.0,0.0,0.0,0.0,0.0,0.0,0.0,0.0,0.0,0.0,0.0,0.0,0.0,0,0.0,0
020021,統一恒生科技N,指數投資證券(ETN),0.0,0.0,0.0,0.0,0.0,0.0,0.0,0.0,0.0,0.0,0.0,0.0,0.0,0.0,0.0,0.0,0.0,0.0,0,0.0,0
8406,金可-KY,生技醫療業,0.0,0.0,0.0,0.0,0.0,0.0,0.0,0.0,0.0,0.0,0.0,0.0,0.0,0.0,0.0,0.0,0.0,0.0,0,0.0,0
020003,統一漲升股利150N,指數投資證券(ETN),0.0,0.0,0.0,0.0,0.0,0.0,0.0,0.0,0.0,0.0,0.0,0.0,0.0,0.0,0.0,0.0,0.0,0.0,0,0.0,0
020009,群益A50綠碳N,指數投資證券(ETN),0.0,0.0,0.0,0.0,0.0,0.0,0.0,0.0,0.0,0.0,0.0,0.0,0.0,0.0,0.0,0.0,0.0,0.0,0,0.0,0
4429,聚紡,紡織纖維,0.0,0.0,0.0,0.0,0.0,0.0,0.0,0.0,0.0,0.0,0.0,0.0,0.0,0.0,0.0,0.0,0.0,0.0,0,0.0,0
2495,普安,其他電子業,1.12,1184814000.0,1057869642.8571428,0.73,1572275290.5327713,1.49,23.31,37.63,9.1,46.73,13.56,69.63,34.74,49.5,0.7,0.27,1.41,38.48,129,28.67,179
2340,台亞,光電業,-2.87,4370938000.0,0.0,0.0,4230320885.396757,0.0,374.97,489.26,82.17,571.43,0.0,0.0,0.0,39.1,0.0,0.0,0.0,8.6,18,60.8,94
6431,光麗-KY,電子工業,-2.07,382162000.0,0.0,0.0,342958491.2738766,0.0,0.0,0.0,0.0,0.0,0.0,0.0,0.0,19.45,0.0,0.0,0.0,92.47,98,78.29,178
00838B,永豐7-10年中國債,上櫃指數股票型基金(ETF),0.0,0.0,0.0,0.0,0.0,0.0,0.0,0.0,0.0,0.0,0.0,0.0,0.0,0.0,0.0,0.0,0.0,0.0,0,0.0,0
5321,美而快,電子零組件業,-0.28,2921237000.0,0.0,0.0,2287810203.8485827,0.0,512.07,2448.73,37.94,2486.67,0.0,0.0,0.0,36.5,0.0,0.0,0.0,6.12,4,17.63,9
5209,新鼎,資訊服務業,16.17,5243355000.0,324264378.47866416,6.15,4360753814.706222,13.45,11.97,5.81,9.15,14.96,123.07,201.21,160.96,172.5,0.93,0.71,1.17,0.5,3,61.3,142
3512,皇龍,電子零組件業,2.56,1531395000.0,598201171.875,0.64,621005379.3354996,1.04,17.97,42.19,6.34,48.53,6.59,50.47,18.69,20.85,0.9,0.32,2.42,0.69,14,1.53,11
8080,永利聯合,電子零組件業,0.11,180322000.0,1639290909.090909,0.04,124241545.71142103,0.08,330.5,1341.15,108.85,1450.0,8.71,116.0,26.44,28.1,0.94,0.31,4.13,160.06,179,0.32,8
00889B,凱基ESG新興債15+,上櫃指數股票型基金(ETF),0.0,0.0,0.0,0.0,0.0,0.0,0.0,0.0,0.0,0.0,0.0,0.0,0.0,0.0,0.0,0.0,0.0,0.0,0,0.0,0
5102,富強,橡膠工業,0.0,0.0,0.0,0.0,0.0,0.0,0.0,0.0,0.0,0.0,0.0,0.0,0.0,0.0,0.0,0.0,0.0,0.0,0,0.0,0
00843B,台新中國政策債,上櫃指數股票型基金(ETF),0.0,0.0,0.0,0.0,0.0,0.0,0.0,0.0,0.0,0.0,0.0,0.0,0.0,0.0,0.0,0.0,0.0,0.0,0,0.0,0
00796B,中信中國債7-10,上櫃指數股票型基金(ETF),0.0,0.0,0.0,0.0,0.0,0.0,0.0,0.0,0.0,0.0,0.0,0.0,0.0,0.0,0.0,0.0,0.0,0.0,0,0.0,0
020010,永昌富櫃200N,指數投資證券(ETN),0.0,0.0,0.0,0.0,0.0,0.0,0.0,0.0,0.0,0.0,0.0,0.0,0.0,0.0,0.0,0.0,0.0,0.0,0,0.0,0
5820,日盛金,金融業,0.0,0.0,0.0,0.0,0.0,0.0,0.0,0.0,0.0,0.0,0.0,0.0,0.0,0.0,0.0,0.0,0.0,0.0,0,0.0,0
3642,駿熠電,其他電子類,0.0,0.0,0.0,0.0,0.0,0.0,0.0,0.0,0.0,0.0,0.0,0.0,0.0,0.0,0.0,0.0,0.0,0.0,0,0.0,0
00745B,富邦中政債0-1,上櫃指數股票型基金(ETF),0.0,0.0,0.0,0.0,0.0,0.0,0.0,0.0,0.0,0.0,0.0,0.0,0.0,0.0,0.0,0.0,0.0,0.0,0,0.0,0
020013,元富亞洲高股息N,指數投資證券(ETN),0.0,0.0,0.0,0.0,0.0,0.0,0.0,0.0,0.0,0.0,0.0,0.0,0.0,0.0,0.0,0.0,0.0,0.0,0,0.0,0
02003L,永豐富櫃200正2N,指數投資證券(ETN),0.0,0.0,0.0,0.0,0.0,0.0,0.0,0.0,0.0,0.0,0.0,0.0,0.0,0.0,0.0,0.0,0.0,0.0,0,0.0,0
00747B,FH中國政策債,上櫃指數股票型基金(ETF),0.0,0.0,0.0,0.0,0.0,0.0,0.0,0.0,0.0,0.0,0.0,0.0,0.0,0.0,0.0,0.0,0.0,0.0,0,0.0,0
020014,元大富櫃200N,指數投資證券(ETN),0.0,0.0,0.0,0.0,0.0,0.0,0.0,0.0,0.0,0.0,0.0,0.0,0.0,0.0,0.0,0.0,0.0,0.0,0,0.0,0
6247,淇譽電,其他電子類,0.0,0.0,0.0,0.0,0.0,0.0,0.0,0.0,0.0,0.0,0.0,0.0,0.0,0.0,0.0,0.0,0.0,0.0,0,0.0,0
00748B,凱基中國債3-10,上櫃指數股票型基金(ETF),0.0,0.0,0.0,0.0,0.0,0.0,0.0,0.0,0.0,0.0,0.0,0.0,0.0,0.0,0.0,0.0,0.0,0.0,0,0.0,0
6869,雲豹能源-創,創新板股票,-4.2,6926950000.0,0.0,0.0,7202178527.846516,0.0,34.02,84.41,10.17,94.58,0.0,0.0,0.0,78.2,0.0,0.0,0.0,128.37,35,1.76,4
6873,泓德能源-創,創新板股票,3.67,9040441000.0,2463335422.343324,1.58,7616644954.787184,3.09,22.82,28.15,11.11,39.26,34.33,121.31,70.51,78.7,0.9,0.44,1.54,66.48,35,6.04,2
6594,展匯科,半導體業,0.0,0.0,0.0,0.0,0.0,0.0,0.0,0.0,0.0,0.0,0.0,0.0,0.0,0.0,0.0,0.0,0.0,0.0,0,0.0,0
2432,倚天,通信網路業,1.9,3191297000.0,1679630000.0,1.32,4744368540.226246,2.82,16.1,7.29,12.92,20.21,36.43,56.99,45.4,28.0,1.62,1.3,2.04,0.0,0,0.34,15
00765B,群益中國政金債,上櫃指數股票型基金(ETF),0.0,0.0,0.0,0.0,0.0,0.0,0.0,0.0,0.0,0.0,0.0,0.0,0.0,0.0,0.0,0.0,0.0,0.0,0,0.0,0
1258,其祥-KY,食品工業,0.0,0.0,0.0,0.0,0.0,0.0,0.0,0.0,0.0,0.0,0.0,0.0,0.0,0.0,0.0,0.0,0.0,0.0,0,0.0,0
2736,富野,觀光事業,-1.74,520517000.0,0.0,0.0,572024943.4934614,0.0,0.0,0.0,0.0,0.0,0.0,0.0,0.0,11.95,0.0,0.0,0.0,0.38,1,8.16,11
8433,弘帆,貿易百貨,3.18,3398355000.0,1068665094.3396226,1.69,4005288645.9202924,3.75,11.84,13.76,6.27,20.03,23.51,75.11,44.41,53.6,0.83,0.44,1.4,5.66,29,8.26,50
2734,易飛網,觀光事業,-1.41,1626979000.0,0.0,0.0,2049386396.0932064,0.0,34.72,63.99,14.87,78.86,0.0,0.0,0.0,15.1,0.0,0.0,0.0,0.9,1,0.67,16
6741,91APP*-KY,電子商務業,4.41,1766188000.0,400496145.1247165,2.74,2304041306.07718,5.75,20.1,14.96,13.52,28.48,77.74,163.76,115.57,60.9,1.9,1.28,2.69,1.64,16,11.18,56
2756,聯發國際,觀光事業,3.93,1122844000.0,285710941.475827,2.14,1496998081.693321,5.24,31.63,44.12,14.87,58.99,77.92,309.11,165.76,58.9,2.81,1.32,5.25,39.88,21,15.32,32
2753,八方雲集,觀光事業,12.85,8764223000.0,682040700.3891051,6.74,9295187593.306633,13.63,17.59,9.1,12.77,21.87,174.06,298.09,239.7,188.0,1.27,0.93,1.59,0.61,2,23.3,149
5902,德記,貿易百貨,2.24,2297474000.0,1025658035.7142856,1.01,2024265561.859775,1.97,19.91,7.18,15.83,23.01,31.19,45.33,39.23,36.5,1.07,0.85,1.24,26.12,56,2.14,91
5903,全家,貿易百貨,7.6,109171999000.0,14364736710.526316,3.97,119271021737.00832,8.3,18.56,16.27,10.96,27.23,90.97,226.01,154.02,188.5,0.82,0.48,1.2,1.31,4,2.93,50
5904,寶雅,貿易百貨,29.63,25264824000.0,852677151.5356058,16.46,28443353413.724804,33.36,18.04,7.23,14.28,21.51,476.38,717.57,601.92,625.0,0.96,0.76,1.15,4.02,91,1.19,25
5905,南仁湖,貿易百貨,-0.63,1067250000.0,0.0,0.0,4078651178.840355,0.0,0.0,0.0,0.0,0.0,0.0,0.0,0.0,8.42,0.0,0.0,0.0,66.22,72,12.56,63
6728,上洋,貿易百貨,9.77,4548540000.0,465561924.2579325,5.54,4818980327.351822,10.35,12.59,5.81,10.53,16.34,108.99,169.12,130.26,111.5,1.17,0.98,1.52,1.88,21,14.89,14
5278,尚凡,電子商務業,1.05,2602370000.0,2478447619.047619,0.54,3026928920.376007,1.22,43.5,412.05,17.28,429.33,21.08,523.78,53.07,24.2,2.19,0.87,21.64,21.05,162,56.49,50
2752,豆府,觀光事業,15.04,4051634000.0,269390558.5106383,8.15,4473478889.295878,16.61,14.85,7.67,11.19,18.86,185.87,313.26,246.69,180.5,1.37,1.03,1.74,0.36,28,2.08,156
2754,亞洲藏壽司,觀光事業,2.36,5729128000.0,2427596610.169492,1.2,6018670523.863875,2.48,39.98,74.28,16.26,90.54,40.32,224.54,99.15,67.3,1.47,0.6,3.34,6.31,18,26.42,92
2924,宏太-KY,貿易百貨,-1.17,59042000.0,0.0,0.0,95356685.1163193,0.0,0.0,0.0,0.0,0.0,0.0,0.0,0.0,17.35,0.0,0.0,0.0,85.2,57,6.27,80
2916,滿心,貿易百貨,3.96,1986414000.0,501619696.969697,2.08,1989971195.9341638,3.97,11.94,5.56,9.6,15.16,38.11,60.19,47.41,42.0,1.13,0.91,1.43,0.36,18,0.39,2
2755,揚秦,觀光事業,7.02,2990934000.0,426058974.3589744,3.98,3585443656.1414227,8.42,20.57,8.62,16.79,25.41,141.37,213.95,173.2,136.0,1.27,1.04,1.57,8.9,183,20.64,66
8472,夠麻吉,電子商務業,-1.3,487533000.0,0.0,0.0,599738600.4087449,0.0,0.0,0.0,0.0,0.0,0.0,0.0,0.0,85.0,0.0,0.0,0.0,14.55,32,0.0,0
9943,好樂迪,觀光事業,5.4,2431559000.0,450288703.7037037,2.66,2256139827.1633296,5.01,16.42,7.16,13.44,20.6,67.33,103.21,82.24,57.6,1.43,1.17,1.79,0.67,3,2.86,15
8044,網家,電子商務業,-4.62,36819770000.0,0.0,0.0,39273223522.579414,0.0,0.0,0.0,0.0,0.0,0.0,0.0,0.0,28.65,0.0,0.0,0.0,74.67,143,0.14,2
8462,柏文,觀光事業,8.49,5966497000.0,702767608.9517078,4.77,7190066425.155895,10.23,27.84,37.24,14.71,51.95,150.48,531.45,284.81,146.0,1.95,1.03,3.64,18.75,84,29.39,74
6763,綠界科技,電子商務業,4.21,1725309000.0,409812114.01425177,2.3,1945522473.0855746,4.75,30.5,229.21,10.3,239.51,48.92,1137.67,144.87,47.3,3.06,1.03,24.05,8.99,72,31.84,16
6195,詩肯,貿易百貨,0.99,2207685000.0,2229984848.4848485,0.58,2469745959.0730677,1.11,20.67,14.91,13.13,28.04,14.57,31.12,22.94,27.3,0.84,0.53,1.14,0.12,4,0.0,0
3522,御頂,觀光事業,-2.66,1143962000.0,0.0,0.0,1246090455.5940866,0.0,0.0,0.0,0.0,0.0,0.0,0.0,0.0,11.5,0.0,0.0,0.0,80.47,71,8.63,183
5701,劍湖山,觀光事業,-0.26,534902000.0,0.0,0.0,511358245.99220747,0.0,0.0,0.0,0.0,0.0,0.0,0.0,0.0,5.51,0.0,0.0,0.0,2.57,4,1.98,7
8477,創業家,電子商務業,-0.92,442180000.0,0.0,0.0,320279589.9483032,0.0,0.0,0.0,0.0,0.0,0.0,0.0,0.0,16.7,0.0,0.0,0.0,19.67,23,4.72,79
2739,寒舍,觀光事業,2.36,5167860000.0,2189771186.440678,1.27,5233336255.351203,2.39,16.48,43.63,6.31,49.94,15.08,119.36,39.38,36.5,1.08,0.41,3.27,7.64,36,2.43,17
5703,亞都,觀光事業,0.53,448515000.0,846254716.981132,0.32,482799562.8037882,0.57,56.8,80.99,20.77,101.76,11.84,58.0,32.38,14.0,2.31,0.85,4.14,0.22,1,0.0,0
3085,新零售,電子商務業,-0.56,56566000.0,0.0,0.0,66318684.64368339,0.0,0.0,0.0,0.0,0.0,0.0,0.0,0.0,12.5,0.0,0.0,0.0,0.0,0,36.68,8
3171,新洲,貿易百貨,4.3,1843259000.0,428664883.7209303,3.17,3451809590.930299,8.05,13.79,9.64,10.41,20.05,83.8,161.4,111.0,71.5,1.55,1.17,2.26,38.51,112,39.09,85
1259,安心,觀光事業,2.45,6045389000.0,2467505714.285714,1.24,6239747523.6742525,2.53,38.0,61.2,13.33,74.53,33.72,188.56,96.15,58.6,1.64,0.58,3.22,0.0,0,13.85,150
5704,老爺知,觀光事業,0.39,310605000.0,796423076.9230769,0.18,320422631.10133666,0.4,31.34,70.54,12.02,82.56,4.81,33.02,12.54,21.4,0.59,0.22,1.54,3.16,70,8.62,81
5706,鳳凰,觀光事業,3.41,3142660000.0,921601173.0205278,1.53,2955469833.8154335,3.21,16.48,9.87,12.21,22.08,39.19,70.88,52.89,53.0,1.0,0.74,1.34,1.15,4,6.67,16
1268,漢來美食,觀光事業,10.12,6246514000.0,617244466.4031621,5.92,7006529234.836589,11.35,16.18,6.31,12.13,18.44,137.68,209.29,183.59,169.5,1.08,0.81,1.23,1.18,15,8.25,86
3252,海灣,觀光事業,0.13,496920000.0,3822461538.4615383,0.07,507152901.4252053,0.13,160.81,84.03,117.33,201.36,15.25,26.18,20.9,17.75,1.18,0.86,1.47,1.84,11,1.0,86
4804,大略-KY,觀光事業,-1.51,130783000.0,0.0,0.0,141774850.71475768,0.0,0.0,0.0,0.0,0.0,0.0,0.0,0.0,3.27,0.0,0.0,0.0,62.62,32,162.5,59
5301,寶得利,觀光事業,-1.36,238825000.0,0.0,0.0,204535320.41497827,0.0,0.0,0.0,0.0,0.0,0.0,0.0,0.0,6.97,0.0,0.0,0.0,0.0,0,0.0,0
8066,來思達,貿易百貨,-3.49,4567654000.0,0.0,0.0,3839818705.136231,0.0,627.44,1416.11,28.89,1445.0,0.0,0.0,0.0,15.45,0.0,0.0,0.0,0.0,0,6.07,107
2701,萬企,觀光事業,0.56,260225000.0,464687499.99999994,0.28,260575737.25922105,0.56,21.4,7.39,17.89,25.28,10.02,14.16,11.98,10.55,1.14,0.95,1.34,2.29,18,0.0,0
2718,晶悅,觀光事業,16.94,2992167000.0,176633234.9468713,1.39,567364437.6082106,3.21,8.09,47.15,1.24,48.39,3.98,155.33,25.96,48.5,0.54,0.08,3.2,36.36,58,17.59,149
2702,華園,觀光事業,-0.35,1403236000.0,0.0,0.0,1445178902.9271228,0.0,45.15,50.88,23.33,74.21,0.0,0.0,0.0,13.1,0.0,0.0,0.0,4.65,15,6.67,10
2704,國賓,觀光事業,0.57,1361054000.0,2387814035.0877194,0.3,1367592857.4376616,0.57,44.56,105.77,12.12,117.89,6.91,67.2,25.4,44.6,0.57,0.15,1.51,5.87,3,4.44,85
2743,山富,觀光事業,4.72,6629870000.0,1404633474.5762713,2.42,7095742838.634555,5.05,15.75,27.12,9.09,36.21,45.9,182.86,79.56,66.6,1.19,0.69,2.75,2.57,23,14.29,28
2705,六福,觀光事業,0.87,2277851000.0,2618219540.229885,0.41,2188223455.679964,0.84,70.36,123.98,16.85,140.83,14.15,118.3,59.1,16.25,3.64,0.87,7.28,1.72,4,0.0,0
2937,集雅社,貿易百貨,4.15,5120538000.0,1233864578.313253,2.27,5665071912.313295,4.59,11.48,4.64,9.28,13.92,42.6,63.89,52.7,48.0,1.1,0.89,1.33,11.01,183,5.75,37
2706,第一店,觀光事業,0.64,376284000.0,587943750.0,0.31,382820085.91800153,0.65,22.15,9.1,17.76,26.86,11.54,17.46,14.4,12.4,1.16,0.93,1.41,0.96,4,1.84,85
2726,雅茗-KY,觀光事業,-3.56,570200000.0,0.0,0.0,507369077.67530847,0.0,41.48,141.89,4.2,146.09,0.0,0.0,0.0,9.98,0.0,0.0,0.0,9.8,42,5.65,39
2724,富驛-KY,觀光事業,-0.21,159698000.0,0.0,0.0,211470034.0811783,0.0,9.05,9.78,4.97,14.75,0.0,0.0,0.0,12.6,0.0,0.0,0.0,14.78,45,0.0,0
2723,美食-KY,觀光事業,-2.47,18376224000.0,0.0,0.0,15757286774.783047,0.0,29.4,29.44,17.23,46.67,0.0,0.0,0.0,67.8,0.0,0.0,0.0,9.6,183,0.45,1
2712,遠雄來,觀光事業,-0.39,533043000.0,0.0,0.0,545248356.4835355,0.0,122.25,21.45,106.88,128.33,0.0,0.0,0.0,15.25,0.0,0.0,0.0,1.48,3,14.75,16
2722,夏都,觀光事業,-0.49,571971000.0,0.0,0.0,555598850.4174652,0.0,407.04,1669.86,55.14,1725.0,0.0,0.0,0.0,23.1,0.0,0.0,0.0,0.0,0,8.17,17
2719,燦星旅,觀光事業,-0.15,1982797000.0,0.0,0.0,1618332150.1936848,0.0,27.71,46.97,11.59,58.56,0.0,0.0,0.0,25.0,0.0,0.0,0.0,0.0,0,0.69,16
8940,新天地,觀光事業,0.55,1601200000.0,2911272727.272727,0.34,1612334232.0681245,0.55,63.39,203.79,11.21,215.0,6.17,118.25,34.87,16.55,2.11,0.37,7.15,2.9,18,7.2,140
2740,天蔥,觀光事業,-3.19,142213000.0,0.0,0.0,53696112.916006334,0.0,0.0,0.0,0.0,0.0,0.0,0.0,0.0,25.6,0.0,0.0,0.0,0.0,0,5.17,2
8077,洛碁,觀光事業,6.03,1080743000.0,179227694.85903814,3.19,1093334481.3278155,6.1,9.76,8.08,6.29,14.37,38.37,87.66,59.55,49.65,1.2,0.77,1.77,9.05,45,0.0,0
2707,晶華,觀光事業,11.42,6817181000.0,596951050.7880911,6.26,7048657380.429582,11.81,17.66,8.23,12.25,20.48,144.67,241.87,208.55,180.0,1.16,0.8,1.34,1.11,1,5.71,86
2727,王品,觀光事業,16.01,23220546000.0,1450377638.97564,8.88,25683614209.02743,17.71,14.4,3.94,11.8,15.74,208.98,278.76,254.94,244.0,1.04,0.86,1.14,3.35,143,3.05,11
8941,關中,貿易百貨,1.16,3009319000.0,2594240517.2413793,0.59,2906695658.5562396,1.12,20.36,40.26,7.97,48.23,8.93,54.02,22.81,43.0,0.53,0.21,1.26,3.49,11,0.35,14
2748,雲品,觀光事業,2.17,2448032000.0,1128125345.62212,1.23,2512915822.3936286,2.23,19.12,9.18,13.61,22.79,30.35,50.82,42.63,40.45,1.05,0.75,1.26,1.14,4,0.0,0
2732,六角,觀光事業,1.08,4231906000.0,3918431481.481481,0.67,5668647335.141725,1.45,36.41,70.48,15.43,85.91,22.37,124.57,52.79,64.7,0.82,0.35,1.93,2.22,21,0.23,2
5364,力麗店,觀光事業,-0.77,337668000.0,0.0,0.0,187648012.35030156,0.0,0.0,0.0,0.0,0.0,0.0,0.0,0.0,8.65,0.0,0.0,0.0,171.75,73,2.73,1
2947,振宇五金,貿易百貨,3.29,2297483000.0,698323100.3039514,1.7,2440674181.504536,3.5,25.85,12.64,22.25,34.89,77.88,122.12,90.48,76.9,1.18,1.01,1.59,6.42,21,6.59,15
2731,雄獅,觀光事業,17.49,29836786000.0,1705934019.4396799,9.34,33331782625.555126,19.54,10.58,8.9,6.99,15.89,136.58,310.49,206.83,153.0,1.35,0.89,2.03,8.44,31,12.31,154
2729,瓦城,觀光事業,7.16,6114633000.0,853999022.3463687,3.81,6447167935.669734,7.55,22.49,8.66,18.71,27.37,141.26,206.64,169.78,161.0,1.05,0.88,1.28,4.72,28,1.43,2
9960,邁達康,貿易百貨,1.75,672255000.0,384145714.28571427,1.01,777757700.3613342,2.02,13.12,10.11,10.12,20.23,20.44,40.86,26.5,32.0,0.83,0.64,1.28,4.39,45,0.6,58
2745,五福,觀光事業,10.01,8661695000.0,865304195.8041959,5.66,10111632415.08944,11.69,11.23,7.74,8.04,15.78,93.99,184.47,131.3,105.0,1.25,0.9,1.76,1.57,23,16.35,16
5287,數字,電子商務業,13.94,2316918000.0,166206456.24103302,6.87,2298455603.213835,13.83,14.01,6.32,10.39,16.71,143.69,231.1,193.76,147.0,1.32,0.98,1.57,0.5,1,3.41,72
9802,鈺齊-KY,其他,6.05,17333351000.0,2865016694.214876,3.02,16796632886.93287,5.86,17.76,21.72,12.24,33.96,71.73,199.01,104.05,77.7,1.34,0.92,2.56,0.4,1,7.41,17
8473,山林水,其他,2.55,4934180000.0,1934972549.019608,1.32,5790066539.522118,2.99,26.8,36.58,12.05,48.63,36.03,145.4,80.14,49.5,1.62,0.73,2.94,40.84,32,32.25,126
2062,橋椿,其他,0.38,6372187000.0,16768913157.894737,0.21,6779780027.461398,0.4,23.52,88.64,8.03,96.67,3.21,38.67,9.41,19.2,0.49,0.17,2.01,48.93,98,5.3,66
6806,森崴能源,其他,-57.89,27598134000.0,0.0,0.0,18514443239.833706,0.0,33.82,41.61,18.13,59.74,0.0,0.0,0.0,3.64,0.0,0.0,0.0,32.85,25,5.14,28
1598,岱宇,生技醫療業,-3.35,6329286000.0,0.0,0.0,5467051913.532939,0.0,89.52,174.56,44.11,218.67,0.0,0.0,0.0,20.8,0.0,0.0,0.0,5.98,25,2.08,2
9921,巨大,其他,1.84,60780700000.0,33032989130.43478,0.82,51719304309.68583,1.57,77.24,266.08,22.08,288.16,34.67,452.41,121.26,76.7,1.58,0.45,5.9,13.49,65,9.63,38
8438,昶昕,其他,2.1,3770840000.0,1795638095.238095,1.35,5113078433.561581,2.85,21.88,37.91,11.38,49.29,32.43,140.48,62.35,81.5,0.77,0.4,1.72,38.9,67,11.02,84
9924,福興,其他,3.17,7457017000.0,2352371293.3753943,1.39,6642568251.21943,2.82,11.65,8.7,8.57,17.27,24.17,48.7,32.84,40.5,0.81,0.6,1.2,15.53,112,19.23,182
6670,復盛應用,其他,22.49,29763472000.0,1323409159.6265008,13.16,32356636590.773094,24.45,12.01,6.03,9.08,15.11,222.01,369.44,293.75,287.5,1.02,0.77,1.29,12.82,171,4.55,17
6768,志強-KY,其他,6.78,20464647000.0,3018384513.2743363,3.53,19271252097.030895,6.38,15.91,16.65,10.95,27.6,69.86,176.09,101.49,87.1,1.17,0.8,2.02,67.21,161,9.29,114
9934,成霖,其他,-0.29,17486056000.0,0.0,0.0,18075419267.19283,0.0,20.89,55.35,8.18,63.53,0.0,0.0,0.0,10.3,0.0,0.0,0.0,4.34,3,4.39,84
9910,豐泰,其他,5.1,83553386000.0,16383016862.7451,2.41,80943504667.43272,4.94,21.69,16.22,13.49,29.71,66.64,146.77,107.13,78.0,1.37,0.85,1.88,2.16,8,15.38,115
1472,三洋實業,紡織纖維,6.4,3601026000.0,562660312.5,3.37,3822835476.3638234,6.79,19.7,24.51,12.44,36.95,84.47,250.89,133.75,90.9,1.47,0.93,2.76,2.09,3,4.78,21
8467,波力-KY,其他,10.04,2544953000.0,253481374.50199205,4.4,2213949626.863101,8.73,18.33,24.06,10.73,34.79,93.67,303.72,160.01,129.0,1.24,0.73,2.35,71.31,177,14.12,85
6807,峰源-KY,其他,4.69,4368245000.0,931395522.3880596,1.89,3210938631.6684313,3.45,8.9,8.12,5.37,13.49,18.53,46.54,30.71,33.25,0.92,0.56,1.4,65.13,149,3.99,15
9930,中聯資源,其他,4.96,14021406000.0,2826896370.967742,2.42,13208144536.163609,4.67,15.14,5.61,13.53,19.14,63.19,89.38,70.7,69.8,1.01,0.91,1.28,11.77,45,1.32,2
8454,富邦媒,貿易百貨,11.58,109217017000.0,9431521329.879103,5.63,109422243405.63165,11.6,22.2,28.03,14.86,42.89,172.38,497.52,257.54,321.0,0.8,0.54,1.55,0.11,1,0.18,42
9935,慶豐富,其他,1.64,4981019000.0,3037206707.3170733,0.82,5141471716.980975,1.69,13.85,14.5,8.55,23.05,14.45,38.95,23.4,19.3,1.21,0.75,2.02,36.61,130,0.0,0
6581,鋼聯,其他,6.17,2095016000.0,339548784.4408428,4.0,2436400419.8877826,7.18,16.63,10.63,12.45,23.08,89.39,165.71,119.4,109.5,1.09,0.82,1.51,19.9,134,3.69,114
1439,雋揚,紡織纖維,3.21,548585000.0,170898753.894081,2.15,1187582247.9247797,6.95,14.69,14.08,8.02,22.1,55.74,153.6,102.09,25.2,4.05,2.21,6.1,16.05,74,0.82,15
6689,伊雲谷,其他電子業,2.3,12667665000.0,5507680434.782609,1.11,11664113446.52713,2.12,36.38,17.87,28.45,46.32,60.31,98.2,77.12,67.8,1.14,0.89,1.45,18.48,29,2.38,17
3130,一零四,資訊服務業,14.7,2657992000.0,180815782.3129252,7.56,2842033734.931545,15.72,15.71,3.47,14.57,18.04,229.04,283.59,246.97,225.5,1.1,1.02,1.26,3.62,21,1.74,23
6641,基士德-KY,其他,0.45,1773564000.0,3941253333.333333,0.23,1868146008.9578285,0.47,64.71,204.41,12.59,217.0,5.92,101.99,30.42,18.4,1.65,0.32,5.54,2.8,25,0.87,9
8464,億豐,其他,22.53,30041892000.0,1333417310.252996,11.35,29834587266.977398,22.37,18.26,11.78,12.5,24.28,279.62,543.14,408.54,351.0,1.16,0.8,1.55,38.92,123,19.07,59
8422,可寧衛,其他,1.3,4921714000.0,3785933846.153846,0.82,5480841511.61694,1.45,19.79,23.77,13.84,37.61,20.07,54.53,28.7,28.05,1.02,0.72,1.94,1.04,3,39.66,142
9955,佳龍,其他,0.54,1409673000.0,2610505555.5555553,0.35,2023305749.6674364,0.78,50.53,29.14,36.97,66.11,28.84,51.57,39.41,26.9,1.47,1.07,1.92,22.43,65,1.27,169
6671,三能-KY,其他,2.38,1985487000.0,834238235.2941177,1.09,1803927181.3130763,2.16,13.91,4.66,11.13,15.79,24.04,34.11,30.05,26.05,1.15,0.92,1.31,5.49,30,0.71,31
3557,嘉威,其他,0.13,4367859000.0,33598915384.615383,0.07,3649287592.5124674,0.11,300.0,3173.47,6.53,3180.0,0.72,349.8,33.0,27.7,1.19,0.03,12.63,9.9,176,4.95,9
1736,喬山,生技醫療業,9.07,53154689000.0,5860494928.335171,4.88,58583476603.47484,10.0,23.91,39.05,12.25,51.3,122.5,513.0,239.11,117.5,2.03,1.04,4.37,124.45,179,27.97,108
6754,匯僑設計,其他,3.4,3632574000.0,1068404117.6470588,1.3,2912831983.0637736,2.73,11.74,5.89,8.48,14.37,23.15,39.23,32.06,45.4,0.71,0.51,0.86,37.56,63,0.8,11
3708,上緯投控,化學生技醫療,35.56,6151654000.0,172993644.54443192,2.82,768361260.5015745,4.44,44.11,107.22,2.78,110.0,12.34,488.4,195.87,117.0,1.67,0.11,4.17,10.87,18,95.14,67
8482,商億-KY,其他,2.3,3480536000.0,1513276521.7391305,1.21,3692740626.397904,2.44,19.58,29.72,12.23,41.95,29.84,102.36,47.78,49.0,0.98,0.61,2.09,0.0,0,7.33,15
2442,新美齊,電腦及週邊設備業,5.25,1316248000.0,250713904.76190478,53.42,15198786793.682325,60.62,19.15,32.24,3.47,35.71,210.35,2164.74,1160.88,19.75,58.78,10.65,109.61,23.67,45,19.05,80
5306,桂盟,其他,7.66,4729350000.0,617408616.1879896,4.24,4819459865.181357,7.81,15.83,19.75,9.58,29.33,74.82,229.07,123.61,87.4,1.41,0.86,2.62,12.59,78,6.64,17
4536,拓凱,其他,14.92,9439769000.0,632692292.2252011,7.37,8757411224.231312,13.84,11.1,7.25,7.74,14.99,107.12,207.46,153.63,165.5,0.93,0.65,1.25,14.36,135,5.69,113
3054,立萬利,半導體業,1.96,126498000.0,64539795.91836735,4.48,945319714.2192467,14.65,35.85,36.39,19.26,55.65,282.16,815.27,525.26,67.7,7.76,4.17,12.04,17.21,172,12.66,183
9904,寶成,其他,4.1,253268990000.0,61772924390.243904,2.07,243814844773.29483,3.95,7.16,4.42,4.94,9.36,19.51,36.97,28.28,26.2,1.08,0.74,1.41,21.1,175,12.52,16
2424,隴華,電腦及週邊設備業,-1.34,212664000.0,0.0,0.0,132292239.82243621,0.0,0.0,0.0,0.0,0.0,0.0,0.0,0.0,10.85,0.0,0.0,0.0,182.83,120,9.36,7
8478,東哥遊艇,其他,13.25,4888412000.0,368936754.7169811,6.15,4906620964.090847,13.3,22.86,49.32,9.14,58.46,121.56,777.52,304.0,151.5,2.01,0.8,5.13,10.36,15,54.1,18
1432,大魯閣,貿易百貨,6.03,1324663000.0,219678772.8026534,2.01,877141823.4647415,3.99,39.21,82.69,2.74,85.43,10.93,340.87,156.45,17.25,9.07,0.63,19.76,21.19,161,9.71,176
9911,櫻花,其他,6.26,10160374000.0,1623062939.2971246,3.43,10915319129.234102,6.73,14.31,4.78,12.81,17.59,86.21,118.38,96.32,83.3,1.16,1.03,1.42,13.93,44,4.23,37
9914,美利達,其他,4.01,26935538000.0,6717091770.573566,1.72,22482276591.057854,3.35,32.85,34.95,13.89,48.84,46.53,163.61,110.03,74.1,1.48,0.63,2.21,6.78,45,11.27,50
8341,日友,其他,4.48,4002425000.0,893398437.4999999,2.44,4634428485.089712,5.19,21.79,24.73,15.58,40.31,80.86,209.21,113.08,80.0,1.41,1.01,2.62,5.16,22,13.71,143
8928,鉅明,其他,1.41,3443852000.0,2442448226.9503546,0.59,2551695661.2758937,1.04,43.94,167.95,9.16,177.11,9.53,184.19,45.7,21.1,2.17,0.45,8.73,0.14,1,1.72,51
3713,新晶投控,光電業,-1.13,281414000.0,0.0,0.0,444178502.9848684,0.0,0.0,0.0,0.0,0.0,0.0,0.0,0.0,15.5,0.0,0.0,0.0,65.78,16,35.29,93
8087,華鎂鑫,光電業,-1.32,318083000.0,0.0,0.0,768156828.4606175,0.0,76.0,153.26,11.91,165.17,0.0,0.0,0.0,33.8,0.0,0.0,0.0,13.51,10,9.98,1
2640,大車隊,其他,9.01,3135467000.0,347998557.15871257,4.77,3300244239.0406117,9.48,15.34,8.2,13.44,21.64,127.41,205.15,145.4,155.5,0.94,0.82,1.32,8.3,182,1.87,32
4154,樂威科-KY,生技醫療業,-1.83,22250000.0,0.0,0.0,34319011.815252416,0.0,0.0,0.0,0.0,0.0,0.0,0.0,0.0,13.15,0.0,0.0,0.0,54.52,77,11.32,18
4702,中美實,化學工業,0.89,79555000.0,89387640.4494382,0.37,62174155.660817616,0.7,32.09,129.71,6.4,136.11,4.48,95.28,22.46,10.1,2.22,0.44,9.43,3.03,21,1.35,7
4609,唐鋒,電器電纜,-0.11,170353000.0,0.0,0.0,149749477.62400523,0.0,0.0,0.0,0.0,0.0,0.0,0.0,0.0,5.43,0.0,0.0,0.0,3.71,16,3.87,31
8440,綠電,其他,0.31,942226000.0,3039438709.677419,0.14,800967167.2134221,0.26,87.63,124.44,40.56,165.0,10.55,42.9,22.78,22.25,1.02,0.47,1.93,50.86,16,1.6,1
6123,上奇,電腦及週邊設備業,2.72,5094560000.0,1872999999.9999998,1.2,4641230280.609076,2.48,16.3,5.1,13.42,18.52,33.28,45.93,40.43,43.3,0.93,0.77,1.06,2.03,3,10.02,98
6804,明係,其他,-2.83,1356794000.0,0.0,0.0,1570392505.0345745,0.0,29.09,22.07,18.28,40.35,0.0,0.0,0.0,16.3,0.0,0.0,0.0,1.14,2,1.66,3
6803,崑鼎,其他,18.44,9581973000.0,519629772.23427325,8.99,9791076239.203596,18.84,16.78,3.62,15.47,19.09,291.45,359.66,316.19,286.5,1.1,1.02,1.26,1.29,3,1.34,9
8924,大田,其他,5.63,4471774000.0,794276021.3143872,2.73,5472509860.017975,6.89,13.74,9.47,9.54,19.01,65.73,130.98,94.7,55.7,1.7,1.18,2.35,0.22,23,25.33,141
5205,中茂,其他電子類,-1.43,24789000.0,0.0,0.0,37218980.438931294,0.0,0.0,0.0,0.0,0.0,0.0,0.0,0.0,25.85,0.0,0.0,0.0,74.82,42,0.43,49
8423,保綠-KY,其他,0.73,372162000.0,509810958.9041096,0.4,398476738.40518427,0.78,32.27,24.19,20.47,44.66,15.97,34.83,25.17,17.8,1.41,0.9,1.96,17.77,16,3.15,85
8476,台境,其他,0.51,1133942000.0,2223415686.27451,0.28,1199318779.6711662,0.54,52.72,263.84,11.16,275.0,6.03,148.5,28.47,19.9,1.43,0.3,7.46,6.98,21,0.0,0
8171,天宇,通信網路業,-5.46,286330000.0,0.0,0.0,432377058.9636688,0.0,0.0,0.0,0.0,0.0,0.0,0.0,0.0,20.55,0.0,0.0,0.0,23.36,163,6.03,8
3551,世禾,其他電子類,8.36,2943952000.0,352147368.42105263,4.72,3487946480.9673967,9.9,21.13,15.68,12.52,28.2,123.95,279.18,209.23,200.0,1.05,0.62,1.4,43.4,133,54.06,182
6690,安碁資訊,資訊服務業,10.22,2397800000.0,234618395.3033268,5.58,2800058302.722486,11.93,20.39,15.61,14.26,29.87,170.12,356.35,243.3,177.5,1.37,0.96,2.01,51.28,29,2.46,60
1593,祺驊,生技醫療業,2.17,1236771000.0,569940552.9953917,1.17,1397193901.7948744,2.45,22.95,37.8,12.59,50.39,30.85,123.46,56.23,32.25,1.74,0.96,3.83,7.34,106,9.81,81
8420,明揚,其他,0.0,0.0,0.0,0.0,0.0,0.0,0.0,0.0,0.0,0.0,0.0,0.0,0.0,40.6,0.0,0.0,0.0,1.47,30,0.0,0
6616,特昇-KY,其他,-0.6,1063387000.0,0.0,0.0,802144976.3123299,0.0,74.55,12.89,67.37,80.26,0.0,0.0,0.0,9.72,0.0,0.0,0.0,0.66,4,0.96,80
8933,愛地雅,其他,-1.39,2377380000.0,0.0,0.0,1667353440.6618226,0.0,0.0,0.0,0.0,0.0,0.0,0.0,0.0,5.02,0.0,0.0,0.0,0.99,24,8.28,63
3073,天方能源,半導體業,0.04,78469000.0,1961725000.0,0.05,286131934.9625542,0.15,188.81,722.31,17.69,740.0,2.65,111.0,28.32,20.4,1.39,0.13,5.44,204.76,35,5.19,2
6624,萬年清,其他,0.36,655700000.0,1821388888.888889,0.16,478167095.93351156,0.26,79.16,181.16,27.26,208.42,7.09,54.19,20.58,43.55,0.47,0.16,1.24,3.38,17,101.67,178
4530,宏易,電機機械,0.34,326341000.0,959826470.5882353,0.25,581589661.90214,0.61,97.87,60.15,72.35,132.5,44.13,80.82,59.7,24.2,2.47,1.82,3.34,53.99,99,13.04,36
6811,宏碁資訊,資訊服務業,14.37,9465495000.0,658698329.8538623,8.44,11347692139.912277,17.23,17.86,13.73,12.71,26.44,218.99,455.56,307.72,230.0,1.34,0.95,1.98,22.26,29,8.68,73
3178,公準,電機機械,-0.46,1278448000.0,0.0,0.0,1201163839.0016432,0.0,619.19,3129.21,20.79,3150.0,0.0,0.0,0.0,63.3,0.0,0.0,0.0,0.0,0,39.83,73
8390,金益鼎,其他,6.6,4649007000.0,704395000.0,4.49,6117742037.98019,8.69,14.68,10.71,10.27,20.98,89.25,182.32,127.55,114.5,1.11,0.78,1.59,41.35,25,42.5,182
6629,泰金-KY,其他,6.46,1675172000.0,259314551.08359134,5.06,3115642498.4232135,12.01,14.17,16.37,7.01,23.38,84.19,280.79,170.14,114.5,1.49,0.74,2.45,43.87,81,73.96,143
8938,明安,其他,6.19,15350061000.0,2479815993.5379643,3.18,14060177169.104502,5.67,16.99,43.8,7.47,51.27,42.35,290.7,96.32,52.7,1.83,0.8,5.52,1.56,56,10.34,172
8916A,光隆甲特,其他,0.0,0.0,0.0,0.0,0.0,0.0,0.0,0.0,0.0,0.0,0.0,0.0,0.0,0.0,0.0,0.0,0.0,0.0,0,0.0,0
3089,億杰,電子零組件業,0.0,0.0,0.0,0.0,0.0,0.0,0.0,0.0,0.0,0.0,0.0,0.0,0.0,0.0,0.0,0.0,0.0,0.0,0,0.0,0
4129A,聯合甲特,生技醫療業,0.0,0.0,0.0,0.0,0.0,0.0,0.0,0.0,0.0,0.0,0.0,0.0,0.0,0.0,0.0,0.0,0.0,0.0,0,0.0,0
5281,大峽谷-KY,光電業,0.0,0.0,0.0,0.0,0.0,0.0,0.0,0.0,0.0,0.0,0.0,0.0,0.0,0.0,0.0,0.0,0.0,0.0,0,0.0,0
4944,兆遠,光電業,0.0,0.0,0.0,0.0,0.0,0.0,0.0,0.0,0.0,0.0,0.0,0.0,0.0,0.0,0.0,0.0,0.0,0.0,0,0.0,0
00744B,國泰中國政金債5+,上櫃指數股票型基金(ETF),0.0,0.0,0.0,0.0,0.0,0.0,0.0,0.0,0.0,0.0,0.0,0.0,0.0,0.0,0.0,0.0,0.0,0.0,0,0.0,0
6404,通訊-KY,資訊服務業,0.0,0.0,0.0,0.0,0.0,0.0,0.0,0.0,0.0,0.0,0.0,0.0,0.0,0.0,0.0,0.0,0.0,0.0,0,0.0,0
020024,兆豐富櫃200N,指數投資證券(ETN),0.0,0.0,0.0,0.0,0.0,0.0,0.0,0.0,0.0,0.0,0.0,0.0,0.0,0.0,0.0,0.0,0.0,0.0,0,0.0,0
02002L,兆豐富櫃200正二N,指數投資證券(ETN),0.0,0.0,0.0,0.0,0.0,0.0,0.0,0.0,0.0,0.0,0.0,0.0,0.0,0.0,0.0,0.0,0.0,0.0,0,0.0,0
8418,捷必勝-KY,其他,0.0,0.0,0.0,0.0,0.0,0.0,0.0,0.0,0.0,0.0,0.0,0.0,0.0,0.0,0.0,0.0,0.0,0.0,0,0.0,0
4712,南璋,食品工業,-2.16,0.0,0.0,0.0,0.0,0.0,0.0,0.0,0.0,0.0,0.0,0.0,0.0,0.0,0.0,0.0,0.0,0.0,0,0.0,0
5383,金利,其他電子類,0.0,0.0,0.0,0.0,0.0,0.0,0.0,0.0,0.0,0.0,0.0,0.0,0.0,0.0,0.0,0.0,0.0,0.0,0,0.0,0
3465,進泰電子,電子零組件業,0.04,1723481000.0,43087025000.0,0.02,1820402298.0453174,0.04,152.54,1121.9,31.85,1153.75,1.27,46.15,6.1,30.0,0.2,0.04,1.54,10.6,11,6.23,4
5432,新門,光電業,2.3,194274000.0,84466956.52173914,1.06,194955594.39101487,2.31,115.2,147.06,52.28,199.34,120.77,460.48,266.11,141.5,1.88,0.85,3.25,29.76,18,32.0,183
4419,元勝,紡織纖維,-1.45,2678472000.0,0.0,0.0,2699447896.497147,0.0,0.0,0.0,0.0,0.0,0.0,0.0,0.0,45.55,0.0,0.0,0.0,22.76,24,10.21,14
6865,偉康科技,資訊服務業,1.53,459035000.0,300022875.8169935,0.42,241538959.95883888,0.81,36.88,187.34,14.42,201.76,11.68,163.43,29.87,26.6,1.12,0.44,6.14,22.7,175,4.37,1
8091,翔名,電子零組件業,5.91,2104250000.0,356049069.37394243,3.96,2997949505.467744,8.42,21.65,26.11,12.96,39.07,109.12,328.97,182.29,248.0,0.74,0.44,1.33,13.53,18,15.24,84
6198,瑞築,半導體業,-0.23,233000.0,0.0,0.0,272217.8217821782,0.0,107.25,21.6,92.86,114.46,0.0,0.0,0.0,20.95,0.0,0.0,0.0,3.39,46,1.83,32
020026,兆豐上櫃ESG電菁N,指數投資證券(ETN),0.0,0.0,0.0,0.0,0.0,0.0,0.0,0.0,0.0,0.0,0.0,0.0,0.0,6.37,0.0,0.0,0.0,0.0,0,0.0,0
00831B,新光美債1-3,上櫃指數股票型基金(ETF),0.0,0.0,0.0,0.0,0.0,0.0,0.0,0.0,0.0,0.0,0.0,0.0,0.0,41.42,0.0,0.0,0.0,1.0,30,0.0,0
6514,芮特-KY,通信網路業,0.0,0.0,0.0,0.0,0.0,0.0,17.14,1.95,16.34,18.29,0.0,0.0,0.0,50.8,0.0,0.0,0.0,1.13,23,0.0,0
00721B,元大中國債3-5,上櫃指數股票型基金(ETF),0.0,0.0,0.0,0.0,0.0,0.0,0.0,0.0,0.0,0.0,0.0,0.0,0.0,48.06,0.0,0.0,0.0,4.31,50,0.0,0
6757,台灣虎航-創,創新版股票,5.38,16712901000.0,3106487174.7211895,3.28,20086174856.36776,6.47,12.33,9.63,8.28,17.91,53.57,115.88,79.76,56.4,1.41,0.95,2.05,72.41,170,3.87,35
4733,上緯,化學工業,0.0,0.0,0.0,0.0,0.0,0.0,0.0,0.0,0.0,0.0,0.0,0.0,0.0,0.0,0.0,0.0,0.0,0.0,0,0.0,0
1523,開億,電機機械,0.0,0.0,0.0,0.0,0.0,0.0,0.0,0.0,0.0,0.0,0.0,0.0,0.0,0.0,0.0,0.0,0.0,0.0,0,0.0,0
1230,聯成食,電器電纜,0.0,0.0,0.0,0.0,0.0,0.0,0.0,0.0,0.0,0.0,0.0,0.0,0.0,0.0,0.0,0.0,0.0,0.0,0,0.0,0
1716,永信,化學生技醫療,10.75,0.0,0.0,0.0,0.0,0.0,0.0,0.0,0.0,0.0,0.0,0.0,0.0,0.0,0.0,0.0,0.0,0.0,0,0.0,0
1606,歌林,電器電纜,0.0,0.0,0.0,0.0,0.0,0.0,0.0,0.0,0.0,0.0,0.0,0.0,0.0,0.0,0.0,0.0,0.0,0.0,0,0.0,0
1311,福聚,塑膠工業,0.0,0.0,0.0,0.0,0.0,0.0,0.0,0.0,0.0,0.0,0.0,0.0,0.0,0.0,0.0,0.0,0.0,0.0,0,0.0,0
1601,台光,電器電纜,0.0,0.0,0.0,0.0,0.0,0.0,0.0,0.0,0.0,0.0,0.0,0.0,0.0,0.0,0.0,0.0,0.0,0.0,0,0.0,0
2336,致伸,電子工業,0.0,0.0,0.0,0.0,0.0,0.0,0.0,0.0,0.0,0.0,0.0,0.0,0.0,0.0,0.0,0.0,0.0,0.0,0,0.0,0
6119,大傳,電子通路業,0.0,0.0,0.0,0.0,0.0,0.0,0.0,0.0,0.0,0.0,0.0,0.0,0.0,0.0,0.0,0.0,0.0,0.0,0,0.0,0
3598,奕力,半導體業,0.0,0.0,0.0,0.0,0.0,0.0,0.0,0.0,0.0,0.0,0.0,0.0,0.0,0.0,0.0,0.0,0.0,0.0,0,0.0,0
3367,英華達,其他電子業,0.0,0.0,0.0,0.0,0.0,0.0,0.0,0.0,0.0,0.0,0.0,0.0,0.0,0.0,0.0,0.0,0.0,0.0,0,0.0,0
3599,旺能,光電業,0.0,0.0,0.0,0.0,0.0,0.0,0.0,0.0,0.0,0.0,0.0,0.0,0.0,0.0,0.0,0.0,0.0,0.0,0,0.0,0
1520,復盛,其他,0.0,0.0,0.0,0.0,0.0,0.0,0.0,0.0,0.0,0.0,0.0,0.0,0.0,0.0,0.0,0.0,0.0,0.0,0,0.0,0
2341,英群,電子工業,0.0,0.0,0.0,0.0,0.0,0.0,0.0,0.0,0.0,0.0,0.0,0.0,0.0,0.0,0.0,0.0,0.0,0.0,0,0.0,0
8078,華寶,通信網路業,0.0,0.0,0.0,0.0,0.0,0.0,0.0,0.0,0.0,0.0,0.0,0.0,0.0,0.0,0.0,0.0,0.0,0.0,0,0.0,0
3007,綠點,電子工業,0.0,0.0,0.0,0.0,0.0,0.0,0.0,0.0,0.0,0.0,0.0,0.0,0.0,0.0,0.0,0.0,0.0,0.0,0,0.0,0
6949,沛爾生醫-創,創新版股票,-7.23,30919000.0,0.0,0.0,25711307.198612314,0.0,0.0,0.0,0.0,0.0,0.0,0.0,0.0,814.0,0.0,0.0,0.0,12.9,9,251.43,84
3638,F-IML,半導體業,0.0,0.0,0.0,0.0,0.0,0.0,0.0,0.0,0.0,0.0,0.0,0.0,0.0,0.0,0.0,0.0,0.0,0.0,0,0.0,0
2350,環電,其他電子業,0.0,0.0,0.0,0.0,0.0,0.0,0.0,0.0,0.0,0.0,0.0,0.0,0.0,0.0,0.0,0.0,0.0,0.0,0,0.0,0
3614,誠致,半導體業,0.0,0.0,0.0,0.0,0.0,0.0,0.0,0.0,0.0,0.0,0.0,0.0,0.0,0.0,0.0,0.0,0.0,0.0,0,0.0,0
2361,鴻友,電子工業,0.0,0.0,0.0,0.0,0.0,0.0,0.0,0.0,0.0,0.0,0.0,0.0,0.0,0.0,0.0,0.0,0.0,0.0,0,0.0,0
6951,青新-創,創新版股票,5.39,842034000.0,156221521.33580706,2.87,1055038676.1119694,6.75,15.94,11.37,12.6,23.97,85.05,161.8,107.57,79.2,1.36,1.07,2.04,21.55,172,7.92,52
6534,正瀚-創,創新版股票,4.52,1800744000.0,398394690.2654868,3.5,1872602069.556753,4.7,20.9,18.35,15.55,33.9,73.09,159.33,98.25,90.4,1.09,0.81,1.76,1.66,1,56.66,72
6924,榮惠-KY創,創新版股票,5.69,1708679000.0,300295079.08611596,3.22,1886364134.811144,6.28,13.52,22.02,6.99,29.01,43.9,182.18,84.91,113.0,0.75,0.39,1.61,2.02,3,6.85,17
020022,元大電動車N,ETN,0.0,0.0,0.0,0.0,0.0,0.0,0.0,0.0,0.0,0.0,0.0,0.0,0.0,0.0,0.0,0.0,0.0,0.0,0,0.0,0
3697,F-晨星,電子工業,0.0,0.0,0.0,0.0,0.0,0.0,0.0,0.0,0.0,0.0,0.0,0.0,0.0,0.0,0.0,0.0,0.0,0.0,0,0.0,0
8008,建興電,電子工業,0.0,0.0,0.0,0.0,0.0,0.0,0.0,0.0,0.0,0.0,0.0,0.0,0.0,0.0,0.0,0.0,0.0,0.0,0,0.0,0
020004,兆豐電菁英30N,ETN,0.0,0.0,0.0,0.0,0.0,0.0,0.0,0.0,0.0,0.0,0.0,0.0,0.0,0.0,0.0,0.0,0.0,0.0,0,0.0,0
020005,永豐外資50N,ETN,0.0,0.0,0.0,0.0,0.0,0.0,0.0,0.0,0.0,0.0,0.0,0.0,0.0,0.0,0.0,0.0,0.0,0.0,0,0.0,0
2887C,新丙特,金融保險,0.0,0.0,0.0,0.0,0.0,0.0,0.0,0.0,0.0,0.0,0.0,0.0,0.0,0.0,0.0,0.0,0.0,0.0,0,0.0,0
3020,奇普仕,電子通路業,0.0,0.0,0.0,0.0,0.0,0.0,0.0,0.0,0.0,0.0,0.0,0.0,0.0,0.0,0.0,0.0,0.0,0.0,0,0.0,0
6645,金萬林-創,創新版股票,-2.41,548227000.0,0.0,0.0,618835586.6981512,0.0,0.0,0.0,0.0,0.0,0.0,0.0,0.0,14.5,0.0,0.0,0.0,3.95,14,28.29,129
2883A,開發特,金融保險,0.0,0.0,0.0,0.0,0.0,0.0,0.0,0.0,0.0,0.0,0.0,0.0,0.0,0.0,0.0,0.0,0.0,0.0,0,0.0,0
020006,永昌中小300N,ETN,0.0,0.0,0.0,0.0,0.0,0.0,0.0,0.0,0.0,0.0,0.0,0.0,0.0,0.0,0.0,0.0,0.0,0.0,0,0.0,0
2854,寶來證,金融保險,0.0,0.0,0.0,0.0,0.0,0.0,0.0,0.0,0.0,0.0,0.0,0.0,0.0,0.0,0.0,0.0,0.0,0.0,0,0.0,0
2847,大眾銀,金融保險,0.0,0.0,0.0,0.0,0.0,0.0,0.0,0.0,0.0,0.0,0.0,0.0,0.0,0.0,0.0,0.0,0.0,0.0,0,0.0,0
2837,萬泰銀,金融保險,1.45,0.0,0.0,0.0,0.0,0.0,0.0,0.0,0.0,0.0,0.0,0.0,0.0,0.0,0.0,0.0,0.0,0.0,0,0.0,0
020008,元大特股高息N,ETN,0.0,0.0,0.0,0.0,0.0,0.0,0.0,0.0,0.0,0.0,0.0,0.0,0.0,0.0,0.0,0.0,0.0,0.0,0,0.0,0
2833A,台壽甲,金融保險,0.0,0.0,0.0,0.0,0.0,0.0,0.0,0.0,0.0,0.0,0.0,0.0,0.0,0.0,0.0,0.0,0.0,0.0,0,0.0,0
2833,台壽保,金融保險,3.35,0.0,0.0,0.0,0.0,0.0,0.0,0.0,0.0,0.0,0.0,0.0,0.0,0.0,0.0,0.0,0.0,0.0,0,0.0,0
2831,中華銀,金融保險,0.0,0.0,0.0,0.0,0.0,0.0,0.0,0.0,0.0,0.0,0.0,0.0,0.0,0.0,0.0,0.0,0.0,0.0,0,0.0,0
2827,中聯,金融保險,0.0,0.0,0.0,0.0,0.0,0.0,0.0,0.0,0.0,0.0,0.0,0.0,0.0,0.0,0.0,0.0,0.0,0.0,0,0.0,0
2807,竹商銀,金融保險,1.88,0.0,0.0,0.0,0.0,0.0,0.0,0.0,0.0,0.0,0.0,0.0,0.0,0.0,0.0,0.0,0.0,0.0,0,0.0,0
9922,優美,其他,0.0,0.0,0.0,0.0,0.0,0.0,0.0,0.0,0.0,0.0,0.0,0.0,0.0,0.0,0.0,0.0,0.0,0.0,0,0.0,0
020007,凱基臺灣500N,ETN,0.0,0.0,0.0,0.0,0.0,0.0,0.0,0.0,0.0,0.0,0.0,0.0,0.0,0.0,0.0,0.0,0.0,0.0,0,0.0,0
1107,建台,其他,0.0,0.0,0.0,0.0,0.0,0.0,0.0,0.0,0.0,0.0,0.0,0.0,0.0,0.0,0.0,0.0,0.0,0.0,0,0.0,0
020002,元富新中國N,ETN,0.0,0.0,0.0,0.0,0.0,0.0,0.0,0.0,0.0,0.0,0.0,0.0,0.0,0.0,0.0,0.0,0.0,0.0,0,0.0,0
2891A,中信特,金融保險,0.0,0.0,0.0,0.0,0.0,0.0,0.0,0.0,0.0,0.0,0.0,0.0,0.0,0.0,0.0,0.0,0.0,0.0,0,0.0,0
3474,華亞科,半導體業,0.0,0.0,0.0,0.0,0.0,0.0,0.0,0.0,0.0,0.0,0.0,0.0,0.0,0.0,0.0,0.0,0.0,0.0,0,0.0,0
3584,介面,電子工業,0.0,0.0,0.0,0.0,0.0,0.0,0.0,0.0,0.0,0.0,0.0,0.0,0.0,0.0,0.0,0.0,0.0,0.0,0,0.0,0
2315,神達,電腦及週邊設備業,0.0,0.0,0.0,0.0,0.0,0.0,0.0,0.0,0.0,0.0,0.0,0.0,0.0,0.0,0.0,0.0,0.0,0.0,0,0.0,0
3702A,大聯大甲特,電子通路業,0.0,0.0,0.0,0.0,0.0,0.0,0.0,0.0,0.0,0.0,0.0,0.0,0.0,51.7,0.0,0.0,0.0,5.4,183,0.0,0
3573,穎台,電子工業,0.0,0.0,0.0,0.0,0.0,0.0,0.0,0.0,0.0,0.0,0.0,0.0,0.0,0.0,0.0,0.0,0.0,0.0,0,0.0,0
6012,金鼎證,金融保險,0.0,0.0,0.0,0.0,0.0,0.0,0.0,0.0,0.0,0.0,0.0,0.0,0.0,0.0,0.0,0.0,0.0,0.0,0,0.0,0
6004,元京證,金融保險,0.0,0.0,0.0,0.0,0.0,0.0,0.0,0.0,0.0,0.0,0.0,0.0,0.0,0.0,0.0,0.0,0.0,0.0,0,0.0,0
2258,鴻華先進-創,創新版股票,-2.15,4269199000.0,0.0,0.0,3023126503.9432025,0.0,0.0,0.0,0.0,0.0,0.0,0.0,0.0,31.7,0.0,0.0,0.0,11.23,9,8.73,44
3009,奇美電,光電業,0.0,0.0,0.0,0.0,0.0,0.0,0.0,0.0,0.0,0.0,0.0,0.0,0.0,0.0,0.0,0.0,0.0,0.0,0,0.0,0
2254,巨鎧精密-創,創新版股票,-0.84,521879000.0,0.0,0.0,117399702.61017188,0.0,0.0,0.0,0.0,0.0,0.0,0.0,0.0,62.4,0.0,0.0,0.0,20.6,78,2.0,17
6988,威力暘-創,創新版股票,-1.13,788074000.0,0.0,0.0,695520272.1321626,0.0,1202.03,2922.29,37.71,2960.0,0.0,0.0,0.0,13.9,0.0,0.0,0.0,17.93,105,8.99,64
5854,合庫,金融保險,1.59,0.0,0.0,0.0,0.0,0.0,0.0,0.0,0.0,0.0,0.0,0.0,0.0,0.0,0.0,0.0,0.0,0.0,0,0.0,0
9915,億豐,其他,0.0,0.0,0.0,0.0,0.0,0.0,0.0,0.0,0.0,0.0,0.0,0.0,0.0,0.0,0.0,0.0,0.0,0.0,0,0.0,0
3534,雷凌,電子工業,0.0,0.0,0.0,0.0,0.0,0.0,0.0,0.0,0.0,0.0,0.0,0.0,0.0,0.0,0.0,0.0,0.0,0.0,0,0.0,0
0060,新台灣,ETF,0.0,0.0,0.0,0.0,0.0,0.0,0.0,0.0,0.0,0.0,0.0,0.0,0.0,0.0,0.0,0.0,0.0,0.0,0,0.0,0
6969,成信實業*-創,創新版股票,-0.09,319390000.0,0.0,0.0,391780065.89435005,0.0,0.0,0.0,0.0,0.0,0.0,0.0,0.0,26.6,0.0,0.0,0.0,95.07,37,74.13,43
911609,揚子江,存託憑證,0.0,0.0,0.0,0.0,0.0,0.0,0.0,0.0,0.0,0.0,0.0,0.0,0.0,0.0,0.0,0.0,0.0,0.0,0,0.0,0
2381,華宇,電子工業,0.0,0.0,0.0,0.0,0.0,0.0,0.0,0.0,0.0,0.0,0.0,0.0,0.0,0.0,0.0,0.0,0.0,0.0,0,0.0,0
8487,愛爾達-創,創新版股票,4.03,1038965000.0,257807692.3076923,2.43,1265854818.8874767,4.91,13.94,9.91,10.09,20.0,49.54,98.2,68.46,78.6,0.87,0.63,1.25,4.91,23,4.49,58
3080,威力盟,光電業,0.0,0.0,0.0,0.0,0.0,0.0,0.0,0.0,0.0,0.0,0.0,0.0,0.0,0.0,0.0,0.0,0.0,0.0,0,0.0,0
2526,大陸,建材營造,0.0,0.0,0.0,0.0,0.0,0.0,0.0,0.0,0.0,0.0,0.0,0.0,0.0,0.0,0.0,0.0,0.0,0.0,0,0.0,0
911626,MSH-DR,存託憑證,0.0,0.0,0.0,0.0,0.0,0.0,0.0,0.0,0.0,0.0,0.0,0.0,0.0,0.0,0.0,0.0,0.0,0.0,0,0.0,0
6771,平和環保-創,創新版股票,3.64,630138000.0,173114835.16483516,1.59,530713384.87956727,3.07,13.31,5.54,10.29,15.83,31.59,48.6,40.85,41.95,0.97,0.75,1.16,4.32,17,1.01,9
911868,同方友友-DR,存託憑證,0.0,0.0,0.0,0.0,0.0,0.0,0.0,0.0,0.0,0.0,0.0,0.0,0.0,1.26,0.0,0.0,0.0,38.93,10,19.51,46
2494,廣業科,電子工業,0.0,0.0,0.0,0.0,0.0,0.0,0.0,0.0,0.0,0.0,0.0,0.0,0.0,0.0,0.0,0.0,0.0,0.0,0,0.0,0
0080,恒中國,ETF,0.0,0.0,0.0,0.0,0.0,0.0,0.0,0.0,0.0,0.0,0.0,0.0,0.0,0.0,0.0,0.0,0.0,0.0,0,0.0,0
0081,恒香港,ETF,0.0,0.0,0.0,0.0,0.0,0.0,0.0,0.0,0.0,0.0,0.0,0.0,0.0,0.0,0.0,0.0,0.0,0.0,0,0.0,0
6255,奈普,光電業,0.0,0.0,0.0,0.0,0.0,0.0,0.0,0.0,0.0,0.0,0.0,0.0,0.0,0.0,0.0,0.0,0.0,0.0,0,0.0,0
912000,晨訊科-DR,存託憑證,0.0,1672600000.0,0.0,0.0,1333614860.7531536,0.0,0.0,0.0,0.0,0.0,0.0,0.0,0.0,2.74,0.0,0.0,0.0,27.17,9,15.59,122
912398,友佳-DR,存託憑證,0.0,0.0,0.0,0.0,0.0,0.0,0.0,0.0,0.0,0.0,0.0,0.0,0.0,7.2,0.0,0.0,0.0,0.0,0,0.0,0
3063,飛信,電子工業,0.0,0.0,0.0,0.0,0.0,0.0,0.0,0.0,0.0,0.0,0.0,0.0,0.0,0.0,0.0,0.0,0.0,0.0,0,0.0,0
9136,巨騰-DR,存託憑證,0.0,0.0,0.0,0.0,0.0,0.0,0.0,0.0,0.0,0.0,0.0,0.0,0.0,16.45,0.0,0.0,0.0,25.0,9,22.71,121
6794,向榮生技-創,創新版股票,-1.89,34051000.0,0.0,0.0,17845243.47202938,0.0,0.0,0.0,0.0,0.0,0.0,0.0,0.0,79.9,0.0,0.0,0.0,1.47,15,49.84,98
2479,和立,電子工業,0.0,0.0,0.0,0.0,0.0,0.0,0.0,0.0,0.0,0.0,0.0,0.0,0.0,0.0,0.0,0.0,0.0,0.0,0,0.0,0
9151,旺旺,存託憑證,0.0,0.0,0.0,0.0,0.0,0.0,0.0,0.0,0.0,0.0,0.0,0.0,0.0,0.0,0.0,0.0,0.0,0.0,0,0.0,0
3142,遠茂,電子工業,0.0,0.0,0.0,0.0,0.0,0.0,0.0,0.0,0.0,0.0,0.0,0.0,0.0,0.0,0.0,0.0,0.0,0.0,0,0.0,0
2473,思源,電子工業,0.0,0.0,0.0,0.0,0.0,0.0,0.0,0.0,0.0,0.0,0.0,0.0,0.0,0.0,0.0,0.0,0.0,0.0,0,0.0,0
3150,鈺寶-創,創新版股票,-0.21,305785000.0,0.0,0.0,285878384.43088317,0.0,69.33,113.89,23.61,137.5,0.0,0.0,0.0,18.5,0.0,0.0,0.0,11.11,4,3.71,80
00866,新光Shiller CAPE,ETF,0.0,0.0,0.0,0.0,0.0,0.0,0.0,0.0,0.0,0.0,0.0,0.0,0.0,0.0,0.0,0.0,0.0,0.0,0,0.0,0
2469,力信,電子零組件業,0.0,0.0,0.0,0.0,0.0,0.0,0.0,0.0,0.0,0.0,0.0,0.0,0.0,0.0,0.0,0.0,0.0,0.0,0,0.0,0
9157,陽光能源-DR,存託憑證,0.0,0.0,0.0,0.0,0.0,0.0,0.0,0.0,0.0,0.0,0.0,0.0,0.0,1.39,0.0,0.0,0.0,26.36,2,26.36,2
916665,爾必達,存託憑證,0.0,0.0,0.0,0.0,0.0,0.0,0.0,0.0,0.0,0.0,0.0,0.0,0.0,0.0,0.0,0.0,0.0,0.0,0,0.0,0
9188,精熙-DR,存託憑證,0.0,0.0,0.0,0.0,0.0,0.0,0.0,0.0,0.0,0.0,0.0,0.0,0.0,5.27,0.0,0.0,0.0,0.0,0,0.0,0
913889,大成糖,存託憑證,0.0,0.0,0.0,0.0,0.0,0.0,0.0,0.0,0.0,0.0,0.0,0.0,0.0,0.0,0.0,0.0,0.0,0.0,0,0.0,0
9801,力霸,貿易百貨,0.0,0.0,0.0,0.0,0.0,0.0,0.0,0.0,0.0,0.0,0.0,0.0,0.0,0.0,0.0,0.0,0.0,0.0,0,0.0,0
911619,耀傑-DR,存託憑證,0.0,0.0,0.0,0.0,0.0,0.0,0.0,0.0,0.0,0.0,0.0,0.0,0.0,0.0,0.0,0.0,0.0,0.0,0,0.0,0
911608,明輝-DR,存託憑證,0.0,0.0,0.0,0.0,0.0,0.0,0.0,0.0,0.0,0.0,0.0,0.0,0.0,2.86,0.0,0.0,0.0,23.21,21,1.67,9
911606,超級,存託憑證,0.0,0.0,0.0,0.0,0.0,0.0,0.0,0.0,0.0,0.0,0.0,0.0,0.0,0.0,0.0,0.0,0.0,0.0,0,0.0,0
911602,華豐泰,存託憑證,0.0,0.0,0.0,0.0,0.0,0.0,0.0,0.0,0.0,0.0,0.0,0.0,0.0,0.0,0.0,0.0,0.0,0.0,0,0.0,0
911201,僑威控,存託憑證,0.0,0.0,0.0,0.0,0.0,0.0,0.0,0.0,0.0,0.0,0.0,0.0,0.0,0.0,0.0,0.0,0.0,0.0,0,0.0,0
9110,越南控-DR,存託憑證,0.0,0.0,0.0,0.0,0.0,0.0,0.0,0.0,0.0,0.0,0.0,0.0,0.0,3.5,0.0,0.0,0.0,4.78,142,4.4,21
910948,融達,存託憑證,0.0,0.0,0.0,0.0,0.0,0.0,0.0,0.0,0.0,0.0,0.0,0.0,0.0,0.0,0.0,0.0,0.0,0.0,0,0.0,0
910861,神州-DR,存託憑證,0.0,0.0,0.0,0.0,0.0,0.0,0.0,0.0,0.0,0.0,0.0,0.0,0.0,4.64,0.0,0.0,0.0,7.94,178,4.11,95
910801,金衛-DR,存託憑證,0.0,0.0,0.0,0.0,0.0,0.0,0.0,0.0,0.0,0.0,0.0,0.0,0.0,4.17,0.0,0.0,0.0,0.0,0,0.0,0
910708,恒大健-DR,存託憑證,0.0,0.0,0.0,0.0,0.0,0.0,0.0,0.0,0.0,0.0,0.0,0.0,0.0,620.0,0.0,0.0,0.0,79.71,2,79.71,2
9106,新焦點-DR,存託憑證,0.0,0.0,0.0,0.0,0.0,0.0,0.0,0.0,0.0,0.0,0.0,0.0,0.0,0.0,0.0,0.0,0.0,0.0,0,0.0,0
910579,歐聖,存託憑證,0.0,0.0,0.0,0.0,0.0,0.0,0.0,0.0,0.0,0.0,0.0,0.0,0.0,0.0,0.0,0.0,0.0,0.0,0,0.0,0
9105,泰金寶-DR,存託憑證,0.0,132270623000.0,0.0,0.0,122051925713.60797,0.0,0.0,0.0,0.0,0.0,0.0,0.0,0.0,9.55,0.0,0.0,0.0,47.39,183,8.84,128
910482,聖馬丁-DR,存託憑證,0.0,0.0,0.0,0.0,0.0,0.0,0.0,0.0,0.0,0.0,0.0,0.0,0.0,0.53,0.0,0.0,0.0,0.0,0,0.0,0
911622,泰聚亨-DR,存託憑證,0.0,0.0,0.0,0.0,0.0,0.0,0.0,0.0,0.0,0.0,0.0,0.0,0.0,3.75,0.0,0.0,0.0,12.64,9,4.0,64
9104,萬宇科,存託憑證,0.0,0.0,0.0,0.0,0.0,0.0,0.0,0.0,0.0,0.0,0.0,0.0,0.0,0.0,0.0,0.0,0.0,0.0,0,0.0,0
9103,美德醫療-DR,存託憑證,0.0,0.0,0.0,0.0,0.0,0.0,0.0,0.0,0.0,0.0,0.0,0.0,0.0,5.26,0.0,0.0,0.0,3.3,21,0.56,2
9102,東亞科,存託憑證,0.0,0.0,0.0,0.0,0.0,0.0,0.0,0.0,0.0,0.0,0.0,0.0,0.0,0.0,0.0,0.0,0.0,0.0,0,0.0,0
9101,福雷電,存託憑證,0.0,0.0,0.0,0.0,0.0,0.0,0.0,0.0,0.0,0.0,0.0,0.0,0.0,0.0,0.0,0.0,0.0,0.0,0,0.0,0
910069,新曄,存託憑證,0.0,0.0,0.0,0.0,0.0,0.0,0.0,0.0,0.0,0.0,0.0,0.0,0.0,0.0,0.0,0.0,0.0,0.0,0,0.0,0
6702,興航,航運業,0.0,0.0,0.0,0.0,0.0,0.0,0.0,0.0,0.0,0.0,0.0,0.0,0.0,0.0,0.0,0.0,0.0,0.0,0,0.0,0
00729R,第一金工業30反1,ETF,0.0,0.0,0.0,0.0,0.0,0.0,0.0,0.0,0.0,0.0,0.0,0.0,0.0,0.0,0.0,0.0,0.0,0.0,0,0.0,0
911611,中泰山-DR,存託憑證,0.0,0.0,0.0,0.0,0.0,0.0,0.0,0.0,0.0,0.0,0.0,0.0,0.0,0.0,0.0,0.0,0.0,0.0,0,0.0,0
3053,鼎營,其他電子業,0.0,0.0,0.0,0.0,0.0,0.0,0.0,0.0,0.0,0.0,0.0,0.0,0.0,0.0,0.0,0.0,0.0,0.0,0,0.0,0
911612,滬安,存託憑證,0.0,0.0,0.0,0.0,0.0,0.0,0.0,0.0,0.0,0.0,0.0,0.0,0.0,0.0,0.0,0.0,0.0,0.0,0,0.0,0
911616,杜康-DR,存託憑證,0.0,0.0,0.0,0.0,0.0,0.0,0.0,0.0,0.0,0.0,0.0,0.0,0.0,1.07,0.0,0.0,0.0,25.88,2,25.88,2
3061,璨圓,光電業,0.0,0.0,0.0,0.0,0.0,0.0,0.0,0.0,0.0,0.0,0.0,0.0,0.0,0.0,0.0,0.0,0.0,0.0,0,0.0,0
910322,康師傅-DR,存託憑證,0.0,0.0,0.0,0.0,0.0,0.0,0.0,0.0,0.0,0.0,0.0,0.0,0.0,21.55,0.0,0.0,0.0,26.97,120,8.56,161
2463,研揚,電腦及週邊設備業,0.0,0.0,0.0,0.0,0.0,0.0,0.0,0.0,0.0,0.0,0.0,0.0,0.0,0.0,0.0,0.0,0.0,0.0,0,0.0,0
2396,精碟,電子工業,0.0,0.0,0.0,0.0,0.0,0.0,0.0,0.0,0.0,0.0,0.0,0.0,0.0,0.0,0.0,0.0,0.0,0.0,0,0.0,0
2403,友尚,電子工業,0.0,0.0,0.0,0.0,0.0,0.0,0.0,0.0,0.0,0.0,0.0,0.0,0.0,0.0,0.0,0.0,0.0,0.0,0,0.0,0
2446,全懋,半導體業,0.0,0.0,0.0,0.0,0.0,0.0,0.0,0.0,0.0,0.0,0.0,0.0,0.0,0.0,0.0,0.0,0.0,0.0,0,0.0,0
3214,元砷,電子工業,0.0,0.0,0.0,0.0,0.0,0.0,0.0,0.0,0.0,0.0,0.0,0.0,0.0,0.0,0.0,0.0,0.0,0.0,0,0.0,0
3271,其樂達,電子工業,0.0,0.0,0.0,0.0,0.0,0.0,0.0,0.0,0.0,0.0,0.0,0.0,0.0,0.0,0.0,0.0,0.0,0.0,0,0.0,0
5280,F-敦泰,電子工業,0.0,0.0,0.0,0.0,0.0,0.0,0.0,0.0,0.0,0.0,0.0,0.0,0.0,0.0,0.0,0.0,0.0,0.0,0,0.0,0
8162,微矽電子-創,創新版股票,1.56,1275748000.0,817787179.4871795,0.73,1236039570.0629172,1.51,31.09,48.9,16.34,65.24,24.67,98.51,46.94,70.0,0.67,0.35,1.41,8.07,176,21.82,94
6854,錼創科技-KY創,創新版股票,-0.98,1357523000.0,0.0,0.0,943812996.2819712,0.0,240.71,258.04,162.5,420.54,0.0,0.0,0.0,129.0,0.0,0.0,0.0,130.14,127,50.38,11
6286,立錡,電子工業,0.0,0.0,0.0,0.0,0.0,0.0,0.0,0.0,0.0,0.0,0.0,0.0,0.0,0.0,0.0,0.0,0.0,0.0,0,0.0,0
2411,飛瑞,其他電子業,0.0,0.0,0.0,0.0,0.0,0.0,0.0,0.0,0.0,0.0,0.0,0.0,0.0,0.0,0.0,0.0,0.0,0.0,0,0.0,0
6280,崇貿,電子工業,0.0,0.0,0.0,0.0,0.0,0.0,0.0,0.0,0.0,0.0,0.0,0.0,0.0,0.0,0.0,0.0,0.0,0.0,0,0.0,0
8199,廣鎵,光電業,0.0,0.0,0.0,0.0,0.0,0.0,0.0,0.0,0.0,0.0,0.0,0.0,0.0,0.0,0.0,0.0,0.0,0.0,0,0.0,0
2418,雅新,電子工業,0.0,0.0,0.0,0.0,0.0,0.0,0.0,0.0,0.0,0.0,0.0,0.0,0.0,0.0,0.0,0.0,0.0,0.0,0,0.0,0
911610,聯環,存託憑證,0.0,0.0,0.0,0.0,0.0,0.0,0.0,0.0,0.0,0.0,0.0,0.0,0.0,0.0,0.0,0.0,0.0,0.0,0,0.0,0
6902,GOGOLOOK-創,創新版股票,1.58,1032296000.0,653351898.7341772,0.92,1284514079.4694896,1.97,342.83,640.45,37.88,678.33,74.62,1336.31,675.37,128.5,5.26,0.58,10.4,0.0,0,3.18,23
2384,勝華,光電業,-1.46,0.0,0.0,0.0,0.0,0.0,0.0,0.0,0.0,0.0,0.0,0.0,0.0,0.0,0.0,0.0,0.0,0.0,0,0.0,0
6423,億而得-創,創新版股票,0.58,235415000.0,405887931.0344828,0.31,239409344.27820462,0.59,112.05,273.29,69.36,342.65,40.92,202.16,66.11,82.0,0.81,0.5,2.47,5.56,18,8.29,17
2452,乾坤,電子工業,0.0,0.0,0.0,0.0,0.0,0.0,0.0,0.0,0.0,0.0,0.0,0.0,0.0,0.0,0.0,0.0,0.0,0.0,0,0.0,0
2391,合勤,通信網路業,0.0,0.0,0.0,0.0,0.0,0.0,0.0,0.0,0.0,0.0,0.0,0.0,0.0,0.0,0.0,0.0,0.0,0.0,0,0.0,0
00906,大華元宇宙科技50,ETF,0.0,0.0,0.0,0.0,0.0,0.0,0.0,0.0,0.0,0.0,0.0,0.0,0.0,0.0,0.0,0.0,0.0,0.0,0,0.0,0
2447,鼎新,資訊服務業,0.0,0.0,0.0,0.0,0.0,0.0,0.0,0.0,0.0,0.0,0.0,0.0,0.0,0.0,0.0,0.0,0.0,0.0,0,0.0,0
6457,紘康,半導體業,0.0,0.0,0.0,0.0,0.0,0.0,0.0,0.0,0.0,0.0,0.0,0.0,0.0,62.1,0.0,0.0,0.0,40.0,126,0.0,0
00750B,凱基科技債10+,上櫃指數股票型基金(ETF),0.0,0.0,0.0,0.0,0.0,0.0,0.0,0.0,0.0,0.0,0.0,0.0,0.0,33.26,0.0,0.0,0.0,4.47,93,10.18,123
00751B,元大AAA至A公司債,上櫃指數股票型基金(ETF),0.0,0.0,0.0,0.0,0.0,0.0,0.0,0.0,0.0,0.0,0.0,0.0,0.0,32.01,0.0,0.0,0.0,4.58,86,10.34,164
00694B,富邦美債1-3,上櫃指數股票型基金(ETF),0.0,0.0,0.0,0.0,0.0,0.0,0.0,0.0,0.0,0.0,0.0,0.0,0.0,41.64,0.0,0.0,0.0,2.17,169,7.84,183
00754B,群益AAA-AA公司債,上櫃指數股票型基金(ETF),0.0,0.0,0.0,0.0,0.0,0.0,0.0,0.0,0.0,0.0,0.0,0.0,0.0,33.51,0.0,0.0,0.0,5.44,93,11.35,134
00950B,凱基A級公司債,上櫃指數股票型基金(ETF),0.0,0.0,0.0,0.0,0.0,0.0,0.0,0.0,0.0,0.0,0.0,0.0,0.0,14.1,0.0,0.0,0.0,4.93,71,10.83,164
00755B,群益投資級公用債,上櫃指數股票型基金(ETF),0.0,0.0,0.0,0.0,0.0,0.0,0.0,0.0,0.0,0.0,0.0,0.0,0.0,32.83,0.0,0.0,0.0,5.24,93,12.48,129
00756B,群益投等新興公債,上櫃指數股票型基金(ETF),0.0,0.0,0.0,0.0,0.0,0.0,0.0,0.0,0.0,0.0,0.0,0.0,0.0,31.76,0.0,0.0,0.0,5.25,93,14.75,150
00970B,新光BBB投等債20+,上櫃指數股票型基金(ETF),0.0,0.0,0.0,0.0,0.0,0.0,0.0,0.0,0.0,0.0,0.0,0.0,0.0,9.41,0.0,0.0,0.0,3.12,77,10.03,134
00758B,復華能源債,上櫃指數股票型基金(ETF),0.0,0.0,0.0,0.0,0.0,0.0,0.0,0.0,0.0,0.0,0.0,0.0,0.0,51.75,0.0,0.0,0.0,3.51,49,11.68,129
00759B,復華製藥債,上櫃指數股票型基金(ETF),0.0,0.0,0.0,0.0,0.0,0.0,0.0,0.0,0.0,0.0,0.0,0.0,0.0,54.85,0.0,0.0,0.0,5.18,93,12.81,129
00749B,凱基新興債10+,上櫃指數股票型基金(ETF),0.0,0.0,0.0,0.0,0.0,0.0,0.0,0.0,0.0,0.0,0.0,0.0,0.0,31.93,0.0,0.0,0.0,4.66,93,13.16,164
00760B,復華新興企業債,上櫃指數股票型基金(ETF),0.0,0.0,0.0,0.0,0.0,0.0,0.0,0.0,0.0,0.0,0.0,0.0,0.0,53.9,0.0,0.0,0.0,4.35,93,12.75,150
00959B,大華投等美債15Y+,上櫃指數股票型基金(ETF),0.0,0.0,0.0,0.0,0.0,0.0,0.0,0.0,0.0,0.0,0.0,0.0,0.0,9.42,0.0,0.0,0.0,1.89,21,10.67,129
00761B,國泰A級公司債,上櫃指數股票型基金(ETF),0.0,0.0,0.0,0.0,0.0,0.0,0.0,0.0,0.0,0.0,0.0,0.0,0.0,34.59,0.0,0.0,0.0,5.02,93,11.14,129
00764B,群益25年美債,上櫃指數股票型基金(ETF),0.0,0.0,0.0,0.0,0.0,0.0,0.0,0.0,0.0,0.0,0.0,0.0,0.0,27.65,0.0,0.0,0.0,6.77,86,10.77,164
00967B,元大優息美債,上櫃指數股票型基金(ETF),0.0,0.0,0.0,0.0,0.0,0.0,0.0,0.0,0.0,0.0,0.0,0.0,0.0,9.13,0.0,0.0,0.0,2.4,119,9.66,164
00942B,台新美A公司債20+,上櫃指數股票型基金(ETF),0.0,0.0,0.0,0.0,0.0,0.0,0.0,0.0,0.0,0.0,0.0,0.0,0.0,14.37,0.0,0.0,0.0,3.73,93,11.51,129
00768B,復華20年美債,上櫃指數股票型基金(ETF),0.0,0.0,0.0,0.0,0.0,0.0,0.0,0.0,0.0,0.0,0.0,0.0,0.0,50.0,0.0,0.0,0.0,7.66,86,10.36,129
00948B,中信優息投資級債,上櫃指數股票型基金(ETF),0.0,0.0,0.0,0.0,0.0,0.0,0.0,0.0,0.0,0.0,0.0,0.0,0.0,9.5,0.0,0.0,0.0,4.78,93,10.06,134
00687B,國泰20年美債,上櫃指數股票型基金(ETF),0.0,0.0,0.0,0.0,0.0,0.0,0.0,0.0,0.0,0.0,0.0,0.0,0.0,27.74,0.0,0.0,0.0,6.53,86,11.03,164
00958B,永豐ESG銀行債15+,上櫃指數股票型基金(ETF),0.0,0.0,0.0,0.0,0.0,0.0,0.0,0.0,0.0,0.0,0.0,0.0,0.0,9.33,0.0,0.0,0.0,0.7,1,12.08,164
00746B,富邦A級公司債,上櫃指數股票型基金(ETF),0.0,0.0,0.0,0.0,0.0,0.0,0.0,0.0,0.0,0.0,0.0,0.0,0.0,35.66,0.0,0.0,0.0,4.63,93,11.2,165
00722B,群益投資級電信債,上櫃指數股票型基金(ETF),0.0,0.0,0.0,0.0,0.0,0.0,0.0,0.0,0.0,0.0,0.0,0.0,0.0,36.19,0.0,0.0,0.0,4.54,93,10.5,123
00723B,群益投資級科技債,上櫃指數股票型基金(ETF),0.0,0.0,0.0,0.0,0.0,0.0,0.0,0.0,0.0,0.0,0.0,0.0,0.0,30.97,0.0,0.0,0.0,4.61,93,10.49,123
00724B,群益投資級金融債,上櫃指數股票型基金(ETF),0.0,0.0,0.0,0.0,0.0,0.0,0.0,0.0,0.0,0.0,0.0,0.0,0.0,33.91,0.0,0.0,0.0,4.75,93,11.88,164
00725B,國泰投資級公司債,上櫃指數股票型基金(ETF),0.0,0.0,0.0,0.0,0.0,0.0,0.0,0.0,0.0,0.0,0.0,0.0,0.0,35.4,0.0,0.0,0.0,3.94,93,10.05,123
00726B,國泰新興投等債,上櫃指數股票型基金(ETF),0.0,0.0,0.0,0.0,0.0,0.0,0.0,0.0,0.0,0.0,0.0,0.0,0.0,32.96,0.0,0.0,0.0,3.27,93,10.34,129
00697B,元大美債7-10,上櫃指數股票型基金(ETF),0.0,0.0,0.0,0.0,0.0,0.0,0.0,0.0,0.0,0.0,0.0,0.0,0.0,35.61,0.0,0.0,0.0,4.63,49,9.89,168
00727B,國泰優選非投等債,上櫃指數股票型基金(ETF),0.0,0.0,0.0,0.0,0.0,0.0,0.0,0.0,0.0,0.0,0.0,0.0,0.0,39.59,0.0,0.0,0.0,3.27,169,7.67,183
00957B,兆豐US優選投等債,上櫃指數股票型基金(ETF),0.0,0.0,0.0,0.0,0.0,0.0,0.0,0.0,0.0,0.0,0.0,0.0,0.0,13.53,0.0,0.0,0.0,1.13,8,10.02,123
00719B,元大美債1-3,上櫃指數股票型基金(ETF),0.0,0.0,0.0,0.0,0.0,0.0,0.0,0.0,0.0,0.0,0.0,0.0,0.0,30.96,0.0,0.0,0.0,1.48,28,7.15,183
00696B,富邦美債20年,上櫃指數股票型基金(ETF),0.0,0.0,0.0,0.0,0.0,0.0,0.0,0.0,0.0,0.0,0.0,0.0,0.0,29.05,0.0,0.0,0.0,6.6,86,11.25,164
00969B,元大零息超長美債,上櫃指數股票型基金(ETF),0.0,0.0,0.0,0.0,0.0,0.0,0.0,0.0,0.0,0.0,0.0,0.0,0.0,8.37,0.0,0.0,0.0,0.0,0,16.21,129
00734B,台新JPM新興債,上櫃指數股票型基金(ETF),0.0,0.0,0.0,0.0,0.0,0.0,0.0,0.0,0.0,0.0,0.0,0.0,0.0,15.87,0.0,0.0,0.0,3.4,93,12.25,164
00695B,富邦美債7-10,上櫃指數股票型基金(ETF),0.0,0.0,0.0,0.0,0.0,0.0,0.0,0.0,0.0,0.0,0.0,0.0,0.0,35.09,0.0,0.0,0.0,4.33,49,9.97,168
00968B,元大優息投等債,上櫃指數股票型基金(ETF),0.0,0.0,0.0,0.0,0.0,0.0,0.0,0.0,0.0,0.0,0.0,0.0,0.0,9.34,0.0,0.0,0.0,0.0,0,9.94,128
00955,中信日本商社,上櫃指數股票型基金(ETF),0.0,0.0,0.0,0.0,0.0,0.0,0.0,0.0,0.0,0.0,0.0,0.0,0.0,14.36,0.0,0.0,0.0,5.25,48,38.8,182
00966B,統一ESG投等債15+,上櫃指數股票型基金(ETF),0.0,0.0,0.0,0.0,0.0,0.0,0.0,0.0,0.0,0.0,0.0,0.0,0.0,14.03,0.0,0.0,0.0,2.83,78,10.55,134
00718B,富邦中國政策債,上櫃指數股票型基金(ETF),0.0,0.0,0.0,0.0,0.0,0.0,0.0,0.0,0.0,0.0,0.0,0.0,0.0,19.05,0.0,0.0,0.0,3.65,49,0.0,0
00740B,富邦全球投等債,上櫃指數股票型基金(ETF),0.0,0.0,0.0,0.0,0.0,0.0,0.0,0.0,0.0,0.0,0.0,0.0,0.0,38.72,0.0,0.0,0.0,3.21,93,10.18,164
00741B,富邦全球非投等債,上櫃指數股票型基金(ETF),0.0,0.0,0.0,0.0,0.0,0.0,0.0,0.0,0.0,0.0,0.0,0.0,0.0,37.15,0.0,0.0,0.0,2.42,150,6.45,170
00720B,元大投資級公司債,上櫃指數股票型基金(ETF),0.0,0.0,0.0,0.0,0.0,0.0,0.0,0.0,0.0,0.0,0.0,0.0,0.0,33.34,0.0,0.0,0.0,4.74,93,11.01,128
00772B,中信高評級公司債,上櫃指數股票型基金(ETF),0.0,0.0,0.0,0.0,0.0,0.0,0.0,0.0,0.0,0.0,0.0,0.0,0.0,33.67,0.0,0.0,0.0,4.62,86,10.74,164
00937B,群益ESG投等債20+,上櫃指數股票型基金(ETF),0.0,0.0,0.0,0.0,0.0,0.0,0.0,0.0,0.0,0.0,0.0,0.0,0.0,14.91,0.0,0.0,0.0,4.37,93,10.11,123
00887,永豐中國科技50大,上櫃指數股票型基金(ETF),0.0,0.0,0.0,0.0,0.0,0.0,0.0,0.0,0.0,0.0,0.0,0.0,0.0,17.83,0.0,0.0,0.0,265.29,112,64.43,136
00773B,中信優先金融債,上櫃指數股票型基金(ETF),0.0,0.0,0.0,0.0,0.0,0.0,0.0,0.0,0.0,0.0,0.0,0.0,0.0,35.9,0.0,0.0,0.0,5.18,86,12.38,164
00928,中信上櫃ESG 30,上櫃指數股票型基金(ETF),0.0,0.0,0.0,0.0,0.0,0.0,0.0,0.0,0.0,0.0,0.0,0.0,0.0,38.07,0.0,0.0,0.0,6.0,24,31.48,179
00834B,第一金金融債10+,上櫃指數股票型基金(ETF),0.0,0.0,0.0,0.0,0.0,0.0,0.0,0.0,0.0,0.0,0.0,0.0,0.0,34.35,0.0,0.0,0.0,5.31,86,12.36,164
00679B,元大美債20年,上櫃指數股票型基金(ETF),0.0,0.0,0.0,0.0,0.0,0.0,0.0,0.0,0.0,0.0,0.0,0.0,0.0,26.67,0.0,0.0,0.0,6.98,49,11.88,129
00836B,永豐10年A公司債,上櫃指數股票型基金(ETF),0.0,0.0,0.0,0.0,0.0,0.0,0.0,0.0,0.0,0.0,0.0,0.0,0.0,29.18,0.0,0.0,0.0,4.85,93,11.05,165
00840B,凱基IG精選15+,上櫃指數股票型基金(ETF),0.0,0.0,0.0,0.0,0.0,0.0,0.0,0.0,0.0,0.0,0.0,0.0,0.0,30.07,0.0,0.0,0.0,5.19,93,11.33,164
00841B,凱基AAA-AA公司債,上櫃指數股票型基金(ETF),0.0,0.0,0.0,0.0,0.0,0.0,0.0,0.0,0.0,0.0,0.0,0.0,0.0,29.05,0.0,0.0,0.0,5.38,93,11.55,129
00842B,台新美元銀行債,上櫃指數股票型基金(ETF),0.0,0.0,0.0,0.0,0.0,0.0,0.0,0.0,0.0,0.0,0.0,0.0,0.0,30.72,0.0,0.0,0.0,4.95,86,10.36,122
00844B,新光15年IG金融債,上櫃指數股票型基金(ETF),0.0,0.0,0.0,0.0,0.0,0.0,0.0,0.0,0.0,0.0,0.0,0.0,0.0,31.7,0.0,0.0,0.0,4.7,86,12.79,164
00845B,富邦新興投等債,上櫃指數股票型基金(ETF),0.0,0.0,0.0,0.0,0.0,0.0,0.0,0.0,0.0,0.0,0.0,0.0,0.0,33.22,0.0,0.0,0.0,3.47,112,11.51,165
00846B,富邦歐洲銀行債,上櫃指數股票型基金(ETF),0.0,0.0,0.0,0.0,0.0,0.0,0.0,0.0,0.0,0.0,0.0,0.0,0.0,35.87,0.0,0.0,0.0,3.52,46,10.17,165
00847B,中信美國市政債,上櫃指數股票型基金(ETF),0.0,0.0,0.0,0.0,0.0,0.0,0.0,0.0,0.0,0.0,0.0,0.0,0.0,25.47,0.0,0.0,0.0,5.83,49,11.62,129
00848B,中信新興亞洲債,上櫃指數股票型基金(ETF),0.0,0.0,0.0,0.0,0.0,0.0,0.0,0.0,0.0,0.0,0.0,0.0,0.0,34.31,0.0,0.0,0.0,3.29,93,10.48,165
00849B,中信EM主權債0-5,上櫃指數股票型基金(ETF),0.0,0.0,0.0,0.0,0.0,0.0,0.0,0.0,0.0,0.0,0.0,0.0,0.0,37.48,0.0,0.0,0.0,2.01,169,7.43,183
00799B,國泰A級醫療債,上櫃指數股票型基金(ETF),0.0,0.0,0.0,0.0,0.0,0.0,0.0,0.0,0.0,0.0,0.0,0.0,0.0,29.72,0.0,0.0,0.0,5.28,93,11.39,129
00853B,統一美債10年Aa-A,上櫃指數股票型基金(ETF),0.0,0.0,0.0,0.0,0.0,0.0,0.0,0.0,0.0,0.0,0.0,0.0,0.0,27.63,0.0,0.0,0.0,5.21,93,11.19,164
00857B,永豐20年美公債,上櫃指數股票型基金(ETF),0.0,0.0,0.0,0.0,0.0,0.0,0.0,0.0,0.0,0.0,0.0,0.0,0.0,23.31,0.0,0.0,0.0,6.82,86,10.78,164
00858,永豐美國500大,上櫃指數股票型基金(ETF),0.0,0.0,0.0,0.0,0.0,0.0,0.0,0.0,0.0,0.0,0.0,0.0,0.0,36.3,0.0,0.0,0.0,5.5,175,15.26,179
00859B,群益0-1年美債,上櫃指數股票型基金(ETF),0.0,0.0,0.0,0.0,0.0,0.0,0.0,0.0,0.0,0.0,0.0,0.0,0.0,40.5,0.0,0.0,0.0,1.39,169,5.9,169
00860B,群益1-5Y投資級債,上櫃指數股票型基金(ETF),0.0,0.0,0.0,0.0,0.0,0.0,0.0,0.0,0.0,0.0,0.0,0.0,0.0,37.91,0.0,0.0,0.0,3.15,49,7.33,183
00862B,中信投資級公司債,上櫃指數股票型基金(ETF),0.0,0.0,0.0,0.0,0.0,0.0,0.0,0.0,0.0,0.0,0.0,0.0,0.0,31.7,0.0,0.0,0.0,4.02,88,10.41,164
00863B,中信全球電信債,上櫃指數股票型基金(ETF),0.0,0.0,0.0,0.0,0.0,0.0,0.0,0.0,0.0,0.0,0.0,0.0,0.0,32.07,0.0,0.0,0.0,4.01,86,9.94,165
00864B,中信美國公債0-1,上櫃指數股票型基金(ETF),0.0,0.0,0.0,0.0,0.0,0.0,0.0,0.0,0.0,0.0,0.0,0.0,0.0,45.87,0.0,0.0,0.0,3.29,169,6.26,183
00867B,新光A-BBB電信債,上櫃指數股票型基金(ETF),0.0,0.0,0.0,0.0,0.0,0.0,0.0,0.0,0.0,0.0,0.0,0.0,0.0,31.28,0.0,0.0,0.0,4.51,93,11.45,129
00870B,元大15年EM主權債,上櫃指數股票型基金(ETF),0.0,0.0,0.0,0.0,0.0,0.0,0.0,0.0,0.0,0.0,0.0,0.0,0.0,28.65,0.0,0.0,0.0,5.2,93,13.3,164
00890B,凱基ESG BBB債15+,上櫃指數股票型基金(ETF),0.0,0.0,0.0,0.0,0.0,0.0,0.0,0.0,0.0,0.0,0.0,0.0,0.0,32.4,0.0,0.0,0.0,4.55,93,10.18,129
00888,永豐台灣ESG,上櫃指數股票型基金(ETF),0.0,0.0,0.0,0.0,0.0,0.0,0.0,0.0,0.0,0.0,0.0,0.0,0.0,35.56,0.0,0.0,0.0,9.27,24,29.24,127
00877,復華中國5G,上櫃指數股票型基金(ETF),0.0,0.0,0.0,0.0,0.0,0.0,0.0,0.0,0.0,0.0,0.0,0.0,0.0,45.38,0.0,0.0,0.0,27.73,112,118.95,176
00883B,中信ESG投資級債,上櫃指數股票型基金(ETF),0.0,0.0,0.0,0.0,0.0,0.0,0.0,0.0,0.0,0.0,0.0,0.0,0.0,30.98,0.0,0.0,0.0,3.69,86,10.13,134
00884B,中信低碳新興債,上櫃指數股票型基金(ETF),0.0,0.0,0.0,0.0,0.0,0.0,0.0,0.0,0.0,0.0,0.0,0.0,0.0,29.94,0.0,0.0,0.0,5.9,93,13.4,164
00856B,永豐1-3年美公債,上櫃指數股票型基金(ETF),0.0,0.0,0.0,0.0,0.0,0.0,0.0,0.0,0.0,0.0,0.0,0.0,0.0,37.62,0.0,0.0,0.0,1.54,49,6.53,183
00931B,統一美債20年,上櫃指數股票型基金(ETF),0.0,0.0,0.0,0.0,0.0,0.0,0.0,0.0,0.0,0.0,0.0,0.0,0.0,13.49,0.0,0.0,0.0,6.69,86,11.32,162
00886,永豐美國科技,上櫃指數股票型基金(ETF),0.0,0.0,0.0,0.0,0.0,0.0,0.0,0.0,0.0,0.0,0.0,0.0,0.0,45.3,0.0,0.0,0.0,11.87,175,16.96,135
006201,元大富櫃50,上櫃指數股票型基金(ETF),0.0,0.0,0.0,0.0,0.0,0.0,0.0,0.0,0.0,0.0,0.0,0.0,0.0,48.22,0.0,0.0,0.0,9.02,24,25.9,140
00795B,中信美國公債20年,上櫃指數股票型基金(ETF),0.0,0.0,0.0,0.0,0.0,0.0,0.0,0.0,0.0,0.0,0.0,0.0,0.0,26.82,0.0,0.0,0.0,6.76,49,11.67,129
00784B,富邦中國投等債,上櫃指數股票型基金(ETF),0.0,0.0,0.0,0.0,0.0,0.0,0.0,0.0,0.0,0.0,0.0,0.0,0.0,39.32,0.0,0.0,0.0,2.46,49,0.0,0
00785B,富邦金融投等債,上櫃指數股票型基金(ETF),0.0,0.0,0.0,0.0,0.0,0.0,0.0,0.0,0.0,0.0,0.0,0.0,0.0,35.11,0.0,0.0,0.0,4.64,86,12.27,165
00786B,元大10年IG銀行債,上櫃指數股票型基金(ETF),0.0,0.0,0.0,0.0,0.0,0.0,0.0,0.0,0.0,0.0,0.0,0.0,0.0,32.84,0.0,0.0,0.0,4.47,93,12.25,164
00787B,元大10年IG醫療債,上櫃指數股票型基金(ETF),0.0,0.0,0.0,0.0,0.0,0.0,0.0,0.0,0.0,0.0,0.0,0.0,0.0,32.98,0.0,0.0,0.0,3.93,86,12.35,165
00788B,元大10年IG電能債,上櫃指數股票型基金(ETF),0.0,0.0,0.0,0.0,0.0,0.0,0.0,0.0,0.0,0.0,0.0,0.0,0.0,30.18,0.0,0.0,0.0,5.02,93,11.47,128
00789B,復華公司債A3,上櫃指數股票型基金(ETF),0.0,0.0,0.0,0.0,0.0,0.0,0.0,0.0,0.0,0.0,0.0,0.0,0.0,48.6,0.0,0.0,0.0,5.37,93,10.9,123
00790B,復華次順位金融債,上櫃指數股票型基金(ETF),0.0,0.0,0.0,0.0,0.0,0.0,0.0,0.0,0.0,0.0,0.0,0.0,0.0,53.2,0.0,0.0,0.0,4.92,86,0.0,0
00791B,復華信用債1-5,上櫃指數股票型基金(ETF),0.0,0.0,0.0,0.0,0.0,0.0,0.0,0.0,0.0,0.0,0.0,0.0,0.0,56.7,0.0,0.0,0.0,1.95,51,8.05,183
00781B,國泰A級科技債,上櫃指數股票型基金(ETF),0.0,0.0,0.0,0.0,0.0,0.0,0.0,0.0,0.0,0.0,0.0,0.0,0.0,28.3,0.0,0.0,0.0,3.82,86,8.34,164
00780B,國泰A級金融債,上櫃指數股票型基金(ETF),0.0,0.0,0.0,0.0,0.0,0.0,0.0,0.0,0.0,0.0,0.0,0.0,0.0,37.15,0.0,0.0,0.0,4.32,49,10.09,168
00779B,凱基美債25+,上櫃指數股票型基金(ETF),0.0,0.0,0.0,0.0,0.0,0.0,0.0,0.0,0.0,0.0,0.0,0.0,0.0,27.98,0.0,0.0,0.0,6.66,86,11.19,164
00792B,群益A級公司債,上櫃指數股票型基金(ETF),0.0,0.0,0.0,0.0,0.0,0.0,0.0,0.0,0.0,0.0,0.0,0.0,0.0,31.63,0.0,0.0,0.0,5.21,93,11.03,164
00793B,群益AAA-A醫療債,上櫃指數股票型基金(ETF),0.0,0.0,0.0,0.0,0.0,0.0,0.0,0.0,0.0,0.0,0.0,0.0,0.0,30.66,0.0,0.0,0.0,5.09,93,11.31,164
00778B,凱基金融債20+,上櫃指數股票型基金(ETF),0.0,0.0,0.0,0.0,0.0,0.0,0.0,0.0,0.0,0.0,0.0,0.0,0.0,34.54,0.0,0.0,0.0,5.49,86,12.58,165
00777B,凱基AAA至A公司債,上櫃指數股票型基金(ETF),0.0,0.0,0.0,0.0,0.0,0.0,0.0,0.0,0.0,0.0,0.0,0.0,0.0,32.64,0.0,0.0,0.0,4.91,93,10.89,129
00794B,群益7+中國政金債,上櫃指數股票型基金(ETF),0.0,0.0,0.0,0.0,0.0,0.0,0.0,0.0,0.0,0.0,0.0,0.0,0.0,39.82,0.0,0.0,0.0,5.28,49,2.42,66
00933B,國泰10Y+金融債,上櫃指數股票型基金(ETF),0.0,0.0,0.0,0.0,0.0,0.0,0.0,0.0,0.0,0.0,0.0,0.0,0.0,16.04,0.0,0.0,0.0,4.42,86,11.27,164
00782B,國泰A級公用債,上櫃指數股票型基金(ETF),0.0,0.0,0.0,0.0,0.0,0.0,0.0,0.0,0.0,0.0,0.0,0.0,0.0,30.59,0.0,0.0,0.0,5.24,93,11.17,123
020016,統一MSCI美科技N,ETN,0.0,0.0,0.0,0.0,0.0,0.0,0.0,0.0,0.0,0.0,0.0,0.0,0.0,0.0,0.0,0.0,0.0,0.0,0,0.0,0
020015,統一MSCI美低波N,ETN,0.0,0.0,0.0,0.0,0.0,0.0,0.0,0.0,0.0,0.0,0.0,0.0,0.0,0.0,0.0,0.0,0.0,0.0,0,0.0,0
3202,樺晟,電子零組件業,-0.8,2863876000.0,0.0,0.0,0.0,0.0,0.0,0.0,0.0,0.0,0.0,0.0,0.0,3.96,0.0,0.0,0.0,0.26,10,0.0,0
2437,旺詮,電子工業,0.0,0.0,0.0,0.0,0.0,0.0,0.0,0.0,0.0,0.0,0.0,0.0,0.0,0.0,0.0,0.0,0.0,0.0,0,0.0,0
4950,金耘國際,其他,-0.06,936308000.0,0.0,0.0,1247126313.7923195,0.0,38.3,4.07,36.74,40.81,0.0,0.0,0.0,16.1,0.0,0.0,0.0,118.58,64,148.11,148
8383,千附,其他電子類,3.42,3254284000.0,951545029.2397661,2.25,4293660057.4705977,4.51,15.14,12.77,10.87,23.64,49.02,106.62,68.29,60.1,1.14,0.82,1.77,15.56,18,1.8,8
5348,正能量智能,通信網路業,-1.49,274780000.0,0.0,0.0,331230311.78439313,0.0,1309.49,245.0,1230.0,1475.0,0.0,0.0,0.0,16.6,0.0,0.0,0.0,108.95,120,0.0,0
6829,千附精密,電機機械,3.95,1822694000.0,461441518.98734176,2.47,2369357615.218942,5.13,28.46,51.19,17.92,69.11,91.93,354.53,145.99,210.0,0.7,0.44,1.69,26.58,121,14.11,79
6240,松崗,其他,-1.15,53259000.0,0.0,0.0,52237027.93485636,0.0,38.16,72.27,12.73,85.0,0.0,0.0,0.0,18.15,0.0,0.0,0.0,23.14,32,0.0,0
5314,世紀*,半導體業,5.56,2765245000.0,497346223.0215828,5.45,7441582239.533411,14.96,39.3,100.2,10.97,111.17,164.11,1663.1,587.95,56.5,10.41,2.9,29.44,144.5,183,189.74,102
6208,日揚,電子零組件業,2.52,3781837000.0,1500728968.2539682,1.15,3627169483.4740105,2.42,16.71,22.86,12.3,35.16,29.77,85.09,40.44,86.3,0.47,0.34,0.99,22.0,106,25.56,60
5443,均豪,光電業,2.59,4662722000.0,1800278764.4787645,1.26,4850959252.318354,2.69,50.36,61.12,30.6,91.72,82.31,246.73,135.46,104.0,1.3,0.79,2.37,157.9,112,33.79,98
6187,萬潤,其他電子類,15.46,5648264000.0,365346959.8965071,8.29,6140969150.538066,16.81,41.98,88.37,13.8,102.17,231.98,1717.48,705.73,1140.0,0.62,0.2,1.51,104.52,112,15.88,9
3521,鴻翊,電腦及週邊設備業,-0.09,241478000.0,0.0,0.0,204239422.79396984,0.0,5.43,0.6,5.09,5.69,0.0,0.0,0.0,12.6,0.0,0.0,0.0,16.3,172,31.02,179
00925,新光標普電動車,ETF,0.0,0.0,0.0,0.0,0.0,0.0,0.0,0.0,0.0,0.0,0.0,0.0,0.0,16.1,0.0,0.0,0.0,22.16,176,0.0,0
6287,元隆,半導體業,-2.31,540288000.0,0.0,0.0,0.0,0.0,0.0,0.0,0.0,0.0,0.0,0.0,0.0,8.89,0.0,0.0,0.0,40.23,45,0.0,0
020018,統一價值成長30N,ETN,0.0,0.0,0.0,0.0,0.0,0.0,0.0,0.0,0.0,0.0,0.0,0.0,0.0,24.94,0.0,0.0,0.0,6.14,161,3.06,38
020019,統一特選台灣5GN,ETN,0.0,0.0,0.0,0.0,0.0,0.0,0.0,0.0,0.0,0.0,0.0,0.0,0.0,21.59,0.0,0.0,0.0,0.0,0,0.0,0
4945,陞達科技,半導體業,0.87,477318000.0,548641379.3103448,0.0,0.0,0.0,27.37,17.48,17.06,34.54,0.0,0.0,0.0,76.1,0.0,0.0,0.0,11.17,21,0.0,0
8497,格威傳媒,其他,0.0,0.0,0.0,0.0,0.0,0.0,0.0,0.0,0.0,0.0,0.0,0.0,0.0,0.0,0.0,0.0,0.0,0.0,0,0.0,0
2888B,新光金乙特,金融保險,0.0,0.0,0.0,0.0,0.0,0.0,0.0,0.0,0.0,0.0,0.0,0.0,0.0,36.8,0.0,0.0,0.0,28.71,67,1.07,15
2888A,新光金甲特,金融保險,0.0,0.0,0.0,0.0,0.0,0.0,0.0,0.0,0.0,0.0,0.0,0.0,0.0,36.5,0.0,0.0,0.0,28.64,67,0.27,9
2897A,王道銀甲特,金融保險,0.0,0.0,0.0,0.0,0.0,0.0,0.0,0.0,0.0,0.0,0.0,0.0,0.0,10.3,0.0,0.0,0.0,3.83,25,0.0,0
6747,亨泰光,生技醫療業,1.91,713250000.0,373429319.37172776,0.0,0.0,0.0,37.57,69.74,17.93,87.67,0.0,0.0,0.0,199.0,0.0,0.0,0.0,2.29,21,3.38,143
02001S,策元大加權策略N,ETN,0.0,0.0,0.0,0.0,0.0,0.0,0.0,0.0,0.0,0.0,0.0,0.0,0.0,0.0,0.0,0.0,0.0,6.11,144,0.0,0
020023,元大櫃買半導體N,指數投資證券(ETN),0.0,0.0,0.0,0.0,0.0,0.0,0.0,0.0,0.0,0.0,0.0,0.0,0.0,7.2,0.0,0.0,0.0,7.31,24,43.13,168
6288,聯嘉,汽車工業,0.11,3643623000.0,33123845454.545456,0.0,0.0,0.0,74.88,76.24,40.61,116.85,0.0,0.0,0.0,20.95,0.0,0.0,0.0,4.8,158,16.54,39
1613,台一,電器電纜,2.13,0.0,0.0,0.0,0.0,0.0,0.0,0.0,0.0,0.0,0.0,0.0,0.0,0.0,0.0,0.0,0.0,0.0,0,0.0,0
02001B,統一美國政府債N,指數投資證券(ETN),0.0,0.0,0.0,0.0,0.0,0.0,0.0,0.0,0.0,0.0,0.0,0.0,0.0,8.75,0.0,0.0,0.0,0.0,0,4.74,165
3559,全智科,電子工業,0.0,0.0,0.0,0.0,0.0,0.0,0.0,0.0,0.0,0.0,0.0,0.0,0.0,0.0,0.0,0.0,0.0,0.0,0,0.0,0
3315,宣昶,電子工業,0.0,0.0,0.0,0.0,0.0,0.0,0.0,0.0,0.0,0.0,0.0,0.0,0.0,26.85,0.0,0.0,0.0,0.0,0,0.0,0
3036A,文曄甲特,電子工業,0.0,0.0,0.0,0.0,0.0,0.0,0.0,0.0,0.0,0.0,0.0,0.0,0.0,52.0,0.0,0.0,0.0,5.07,183,0.78,11
1729,必翔,生技醫療業,0.0,0.0,0.0,0.0,0.0,0.0,0.0,0.0,0.0,0.0,0.0,0.0,0.0,0.0,0.0,0.0,0.0,0.0,0,0.0,0
1715,萬洲,塑膠工業,0.0,0.0,0.0,0.0,0.0,0.0,0.0,0.0,0.0,0.0,0.0,0.0,0.0,10.5,0.0,0.0,0.0,0.0,0,0.0,0
3561,昇陽光電,電子工業,0.0,0.0,0.0,0.0,0.0,0.0,0.0,0.0,0.0,0.0,0.0,0.0,0.0,13.5,0.0,0.0,0.0,0.0,0,0.0,0
3682,亞太電,電子工業,0.0,0.0,0.0,0.0,0.0,0.0,0.0,0.0,0.0,0.0,0.0,0.0,0.0,9.54,0.0,0.0,0.0,0.0,0,0.0,0
2325,矽品,電子工業,0.0,0.0,0.0,0.0,0.0,0.0,18.9,0.0,18.9,18.9,0.0,0.0,0.0,49.9,0.0,0.0,0.0,4.72,2,4.72,2
6172,互億,電子工業,0.0,0.0,0.0,0.0,0.0,0.0,51.75,0.0,51.75,51.75,0.0,0.0,0.0,10.35,0.0,0.0,0.0,4.44,2,4.44,2
3454,晶睿,電子工業,-0.11,7641632000.0,0.0,0.0,6348482611.739699,0.0,44.67,63.18,17.63,80.81,0.0,0.0,0.0,97.3,0.0,0.0,0.0,7.83,30,5.24,15
6251,定穎,電子工業,0.0,0.0,0.0,0.0,0.0,0.0,31.45,0.0,31.45,31.45,0.0,0.0,0.0,11.95,0.0,0.0,0.0,0.0,0,0.0,0
4984,科納-KY,電子工業,0.0,0.0,0.0,0.0,0.0,0.0,31.43,0.0,31.43,31.43,0.0,0.0,0.0,39.6,0.0,0.0,0.0,20.73,2,20.73,2
2448,晶電,電子工業,0.0,0.0,0.0,0.0,0.0,0.0,47.14,0.0,47.14,47.14,0.0,0.0,0.0,48.55,0.0,0.0,0.0,20.62,2,20.62,2
6131,鈞泰,電子工業,0.0,0.0,0.0,0.0,0.0,0.0,14.0,0.0,14.0,14.0,0.0,0.0,0.0,18.9,0.0,0.0,0.0,10.2,2,10.2,2
2499,東貝,電子工業,0.0,0.0,0.0,0.0,0.0,0.0,0.0,0.0,0.0,0.0,0.0,0.0,0.0,11.7,0.0,0.0,0.0,0.0,0,0.0,0
2311,日月光,電子工業,0.0,0.0,0.0,0.0,0.0,0.0,13.01,0.0,13.01,13.01,0.0,0.0,0.0,38.0,0.0,0.0,0.0,3.4,2,3.4,2
3698,隆達,電子工業,0.0,0.0,0.0,0.0,0.0,0.0,0.0,0.0,0.0,0.0,0.0,0.0,0.0,27.65,0.0,0.0,0.0,48.66,2,48.66,2
5305,敦南,電子工業,0.0,0.0,0.0,0.0,0.0,0.0,21.42,0.0,21.42,21.42,0.0,0.0,0.0,42.2,0.0,0.0,0.0,17.22,2,17.22,2
5264,鎧勝-KY,電子工業,0.0,0.0,0.0,0.0,0.0,0.0,14.07,0.0,14.07,14.07,0.0,0.0,0.0,101.0,0.0,0.0,0.0,0.0,0,0.0,0
6145,勁永,電子工業,0.0,0.0,0.0,0.0,0.0,0.0,0.0,0.0,0.0,0.0,0.0,0.0,0.0,12.25,0.0,0.0,0.0,0.0,0,0.0,0
2475,華映,電子工業,0.0,0.0,0.0,0.0,0.0,0.0,4.29,0.0,4.29,4.29,0.0,0.0,0.0,2.49,0.0,0.0,0.0,11.16,2,11.16,2
2456,奇力新,電子工業,0.0,0.0,0.0,0.0,0.0,0.0,18.73,0.0,18.73,18.73,0.0,0.0,0.0,93.1,0.0,0.0,0.0,8.51,2,8.51,2
3383,新世紀,電子工業,0.0,0.0,0.0,0.0,0.0,0.0,0.0,0.0,0.0,0.0,0.0,0.0,0.0,3.52,0.0,0.0,0.0,24.38,2,24.38,2
6289,華上,電子工業,0.0,0.0,0.0,0.0,0.0,0.0,0.0,0.0,0.0,0.0,0.0,0.0,0.0,2.13,0.0,0.0,0.0,0.0,0,0.0,0
6422,君耀-KY,電子工業,0.0,0.0,0.0,0.0,0.0,0.0,12.18,0.0,12.18,12.18,0.0,0.0,0.0,65.9,0.0,0.0,0.0,4.27,2,4.27,2
3514,昱晶,電子工業,0.0,0.0,0.0,0.0,0.0,0.0,0.0,0.0,0.0,0.0,0.0,0.0,0.0,16.5,0.0,0.0,0.0,0.0,0,0.0,0
3536,誠創,電子工業,0.0,0.0,0.0,0.0,0.0,0.0,34.6,0.0,34.6,34.6,0.0,0.0,0.0,21.45,0.0,0.0,0.0,4.13,2,4.13,2
3519,綠能,電子工業,0.0,0.0,0.0,0.0,0.0,0.0,0.0,0.0,0.0,0.0,0.0,0.0,0.0,17.8,0.0,0.0,0.0,0.0,0,0.0,0
3579,尚志,電子工業,0.0,0.0,0.0,0.0,0.0,0.0,0.0,0.0,0.0,0.0,0.0,0.0,0.0,15.95,0.0,0.0,0.0,5.28,2,5.28,2
5259,奕智博,電子工業,0.0,0.0,0.0,0.0,0.0,0.0,0.0,0.0,0.0,0.0,0.0,0.0,0.0,11.3,0.0,0.0,0.0,176.96,2,176.96,2
4987,科誠,電腦及週邊設備業,6.37,1340690000.0,210469387.75510204,2.76,1459800888.429752,6.94,12.68,6.45,9.63,16.08,66.83,111.6,88.0,81.6,1.08,0.82,1.37,47.85,157,6.68,35
02001R,富邦蘋果反一N,ETN,0.0,0.0,0.0,0.0,0.0,0.0,0.0,0.0,0.0,0.0,0.0,0.0,0.0,0.43,0.0,0.0,0.0,9.33,49,0.0,0
2809,京城銀,金融保險,3.41,6882140000.0,2018222873.900293,0.0,0.0,0.0,11.84,11.27,7.8,19.07,0.0,0.0,0.0,37.35,0.0,0.0,0.0,7.09,4,10.56,86
2888,新光金,金融保險,-0.71,-51181701000.0,0.0,0.0,0.0,0.0,21.53,38.94,7.79,46.73,0.0,0.0,0.0,10.6,0.0,0.0,0.0,43.31,86,0.85,2
2856,元富證,金融保險,1.33,0.0,0.0,0.0,0.0,0.0,45.11,0.0,45.11,45.11,0.0,0.0,0.0,8.57,0.0,0.0,0.0,0.0,0,0.0,0
2823,中壽,金融保險,3.03,0.0,0.0,0.0,0.0,0.0,14.0,0.0,14.0,14.0,0.0,0.0,0.0,29.55,0.0,0.0,0.0,0.0,0,0.0,0
2601,益航,貿易百貨,-1.63,4304913000.0,0.0,0.0,2178937432.5463934,0.0,0.0,0.0,0.0,0.0,0.0,0.0,0.0,5.72,0.0,0.0,0.0,14.78,113,4.31,63
4144,康聯-KY,生技醫療業,0.0,0.0,0.0,0.0,0.0,0.0,10.1,0.0,10.1,10.1,0.0,0.0,0.0,34.05,0.0,0.0,0.0,0.0,0,0.0,0
1704,榮化,化學工業,0.0,0.0,0.0,0.0,0.0,0.0,10.17,0.0,10.17,10.17,0.0,0.0,0.0,47.0,0.0,0.0,0.0,11.9,2,11.9,2
4725,信昌化,化學工業,0.0,0.0,0.0,0.0,0.0,0.0,0.0,0.0,0.0,0.0,0.0,0.0,0.0,29.15,0.0,0.0,0.0,49.87,2,49.87,2
6452,康友-KY,生技醫療業,0.0,0.0,0.0,0.0,0.0,0.0,26.86,0.0,26.86,26.86,0.0,0.0,0.0,394.0,0.0,0.0,0.0,0.0,0,0.0,0
4141,龍燈-KY,生技醫療業,0.0,0.0,0.0,0.0,0.0,0.0,0.0,0.0,0.0,0.0,0.0,0.0,0.0,28.0,0.0,0.0,0.0,1.08,2,1.08,2
1724,台硝,化學工業,0.0,0.0,0.0,0.0,0.0,0.0,21.21,0.0,21.21,21.21,0.0,0.0,0.0,14.0,0.0,0.0,0.0,0.0,0,0.0,0
1701,中化,生技醫療業,0.0,0.0,0.0,0.0,0.0,0.0,19.76,3.17,17.65,20.82,0.0,0.0,0.0,18.75,0.0,0.0,0.0,1.33,9,3.59,2
1469,理隆,紡織纖維,0.0,0.0,0.0,0.0,0.0,0.0,0.0,0.0,0.0,0.0,0.0,0.0,0.0,0.0,0.0,0.0,0.0,0.0,0,0.0,0
1592,英瑞-KY,汽車工業,0.0,0.0,0.0,0.0,0.0,0.0,11.25,0.0,11.25,11.25,0.0,0.0,0.0,33.2,0.0,0.0,0.0,0.0,0,0.0,0
1589,永冠-KY,電機機械,-5.06,8035754000.0,0.0,0.0,8378097842.797824,0.0,14.37,0.0,14.37,14.37,0.0,0.0,0.0,67.4,0.0,0.0,0.0,4.6,18,0.59,2
1507,永大,電機機械,0.0,0.0,0.0,0.0,0.0,0.0,16.25,0.0,16.25,16.25,0.0,0.0,0.0,48.9,0.0,0.0,0.0,0.0,0,0.0,0
1595,川寶,電子零組件業,-1.95,725630000.0,0.0,0.0,702010306.6961961,0.0,140.41,298.75,30.0,328.75,0.0,0.0,0.0,74.3,0.0,0.0,0.0,109.01,126,33.33,77
7718,友鋮,鋼鐵工業,3.77,2206219000.0,585203978.7798408,2.17,2758182605.486247,4.71,12.17,8.33,7.76,16.09,36.55,75.78,57.3,47.05,1.22,0.78,1.61,18.63,100,0.3,11
8932,智通*,其他,1.99,2249716000.0,1130510552.7638192,1.09,2603179539.038033,2.3,63.54,55.16,38.8,93.96,89.24,216.11,146.15,100.5,1.45,0.89,2.15,17.11,64,82.26,81
2230,泰茂,電機機械,-1.02,2030437000.0,0.0,0.0,2946487251.582573,0.0,48.84,151.69,14.98,166.67,0.0,0.0,0.0,26.2,0.0,0.0,0.0,5.39,14,11.3,9
3067,全域,其他電子類,-0.83,56255000.0,0.0,0.0,77462507.62081784,0.0,55.52,44.33,31.76,76.09,0.0,0.0,0.0,19.0,0.0,0.0,0.0,2.54,32,0.0,0
4924,欣厚-KY,電腦及週邊設備業,0.38,758252000.0,1995400000.0,0.23,904820690.2857382,0.45,108.92,384.49,14.51,399.0,6.53,179.55,49.01,11.95,4.1,0.55,15.03,11.38,9,0.29,1
4905,台聯電,通信網路業,2.76,720894000.0,261193478.2608696,1.68,890815373.214975,3.41,27.91,27.04,16.05,43.09,54.73,146.94,95.18,69.6,1.37,0.79,2.11,0.0,0,11.94,147
5381,光譜,電子零組件業,0.72,2135776000.0,2966355555.555556,0.34,1958400173.1093905,0.66,50.27,103.98,17.85,121.83,11.78,80.41,33.18,28.15,1.18,0.42,2.86,4.88,25,51.5,57
6163,華電網,通信網路業,0.75,5679673000.0,7572897333.333333,0.52,7734576580.227716,1.02,254.76,2712.55,12.45,2725.0,12.7,2779.5,259.86,51.3,5.07,0.25,54.18,21.76,99,132.06,182
3131,弘塑,其他電子類,45.48,5997783000.0,131877374.6701847,28.05,7884497263.627922,59.79,53.55,59.35,25.97,85.32,1552.75,5101.28,3201.94,3315.0,0.97,0.47,1.54,71.95,73,10.76,9
6125,廣運,光電業,0.1,3263584000.0,32635840000.0,0.06,4662654160.333054,0.14,247.24,579.36,27.64,607.0,3.87,84.98,34.61,59.8,0.58,0.06,1.42,1.36,31,26.12,63
6236,中湛,其他,0.08,37705000.0,471312500.0,0.03,26895231.334258966,0.06,1244.75,2932.22,217.78,3150.0,13.07,189.0,74.69,0.0,0.0,0.0,0.0,3.7,9,0.0,0
00742,新光內需收益,ETF,0.0,0.0,0.0,0.0,0.0,0.0,0.0,0.0,0.0,0.0,0.0,0.0,0.0,0.0,0.0,0.0,0.0,0.0,0,0.0,0
00743,國泰中國A150,ETF,0.0,0.0,0.0,0.0,0.0,0.0,0.0,0.0,0.0,0.0,0.0,0.0,0.0,0.0,0.0,0.0,0.0,0.0,0,0.0,0
00774B,新光中國政金綠債,ETF,0.0,0.0,0.0,0.0,0.0,0.0,0.0,0.0,0.0,0.0,0.0,0.0,0.0,0.0,0.0,0.0,0.0,0.0,0,0.0,0
00774C,新光中政金綠債+R,ETF,0.0,0.0,0.0,0.0,0.0,0.0,0.0,0.0,0.0,0.0,0.0,0.0,0.0,0.0,0.0,0.0,0.0,0.0,0,0.0,0
00767,FH美國金融股,ETF,0.0,0.0,0.0,0.0,0.0,0.0,0.0,0.0,0.0,0.0,0.0,0.0,0.0,0.0,0.0,0.0,0.0,0.0,0,0.0,0
00766L,台新MSCI中國正2,ETF,0.0,0.0,0.0,0.0,0.0,0.0,0.0,0.0,0.0,0.0,0.0,0.0,0.0,0.0,0.0,0.0,0.0,0.0,0,0.0,0
3426,台興,電機機械,2.38,652942000.0,274345378.1512605,1.1,499271567.2463431,1.82,15.36,14.24,10.79,25.03,19.64,45.55,27.95,47.8,0.58,0.41,0.95,33.18,77,0.0,0
00776,新光ICE美國權值,ETF,0.0,0.0,0.0,0.0,0.0,0.0,0.0,0.0,0.0,0.0,0.0,0.0,0.0,0.0,0.0,0.0,0.0,0.0,0,0.0,0
00732,國泰RMB短期報酬,ETF,0.0,0.0,0.0,0.0,0.0,0.0,0.0,0.0,0.0,0.0,0.0,0.0,0.0,0.0,0.0,0.0,0.0,0.0,0,0.0,0
2841,台開,建材營造,0.0,0.0,0.0,0.0,0.0,0.0,24.24,0.0,24.24,24.24,0.0,0.0,0.0,9.94,0.0,0.0,0.0,0.0,0,0.0,0
1902,台紙,造紙工業,0.0,0.0,0.0,0.0,0.0,0.0,0.0,0.0,0.0,0.0,0.0,0.0,0.0,17.65,0.0,0.0,0.0,0.0,0,0.0,0
00705R,台新MSCI台灣反1,ETF,0.0,0.0,0.0,0.0,0.0,0.0,0.0,0.0,0.0,0.0,0.0,0.0,0.0,19.53,0.0,0.0,0.0,0.77,2,0.77,2
00704L,台新MSCI台灣正2,ETF,0.0,0.0,0.0,0.0,0.0,0.0,0.0,0.0,0.0,0.0,0.0,0.0,0.0,19.88,0.0,0.0,0.0,0.0,0,0.0,0
00716R,華頓S&P布蘭特反1,ETF,0.0,0.0,0.0,0.0,0.0,0.0,0.0,0.0,0.0,0.0,0.0,0.0,0.0,19.42,0.0,0.0,0.0,0.0,0,0.0,0
00699R,元大美債7-10反1,ETF,0.0,0.0,0.0,0.0,0.0,0.0,0.0,0.0,0.0,0.0,0.0,0.0,0.0,0.0,0.0,0.0,0.0,0.0,0,0.0,0
00698L,元大美債7-10正2,ETF,0.0,0.0,0.0,0.0,0.0,0.0,0.0,0.0,0.0,0.0,0.0,0.0,0.0,0.0,0.0,0.0,0.0,0.0,0,0.0,0
0058,富邦發達,ETF,0.0,0.0,0.0,0.0,0.0,0.0,0.0,0.0,0.0,0.0,0.0,0.0,0.0,0.0,0.0,0.0,0.0,0.0,0,0.0,0
00691R,兆豐藍籌30反1,ETF,0.0,0.0,0.0,0.0,0.0,0.0,0.0,0.0,0.0,0.0,0.0,0.0,0.0,17.95,0.0,0.0,0.0,0.0,0,0.0,0
0054,元大台商50,ETF,0.0,0.0,0.0,0.0,0.0,0.0,0.0,0.0,0.0,0.0,0.0,0.0,0.0,23.5,0.0,0.0,0.0,0.0,0,0.0,0
00649,FH香港,ETF,0.0,0.0,0.0,0.0,0.0,0.0,0.0,0.0,0.0,0.0,0.0,0.0,0.0,20.83,0.0,0.0,0.0,2.97,2,2.97,2
00677U,期富邦VIX,ETF,0.0,0.0,0.0,0.0,0.0,0.0,0.0,0.0,0.0,0.0,0.0,0.0,0.0,5.34,0.0,0.0,0.0,0.0,0,0.0,0
00658L,國泰日本正2,ETF,0.0,0.0,0.0,0.0,0.0,0.0,0.0,0.0,0.0,0.0,0.0,0.0,0.0,37.96,0.0,0.0,0.0,29.78,2,29.78,2
00672L,元大S&P原油正2,ETF,0.0,0.0,0.0,0.0,0.0,0.0,0.0,0.0,0.0,0.0,0.0,0.0,0.0,18.19,0.0,0.0,0.0,24.76,2,24.76,2
00659R,國泰日本反1,ETF,0.0,0.0,0.0,0.0,0.0,0.0,0.0,0.0,0.0,0.0,0.0,0.0,0.0,12.81,0.0,0.0,0.0,0.0,0,0.0,0
00667,元大韓國,ETF,0.0,0.0,0.0,0.0,0.0,0.0,0.0,0.0,0.0,0.0,0.0,0.0,0.0,24.0,0.0,0.0,0.0,5.96,2,5.96,2
008201,BP上證50,ETF,0.0,0.0,0.0,0.0,0.0,0.0,0.0,0.0,0.0,0.0,0.0,0.0,0.0,100.0,0.0,0.0,0.0,3.9,2,3.9,2
0059,富邦金融,ETF,0.0,0.0,0.0,0.0,0.0,0.0,0.0,0.0,0.0,0.0,0.0,0.0,0.0,40.47,0.0,0.0,0.0,5.69,2,5.69,2
2358,廷鑫,其他,0.0,0.0,0.0,0.0,0.0,0.0,0.0,0.0,0.0,0.0,0.0,0.0,0.0,24.9,0.0,0.0,0.0,17.73,2,17.73,2
1435,中福,其他,-0.41,5981000.0,0.0,0.0,5983000.334448161,0.0,89.33,0.0,89.33,89.33,0.0,0.0,0.0,5.36,0.0,0.0,0.0,8.59,63,7.51,14
1262,綠悅-KY,其他,0.0,0.0,0.0,0.0,0.0,0.0,7.85,0.0,7.85,7.85,0.0,0.0,0.0,62.2,0.0,0.0,0.0,0.0,0,0.0,0
2443,昶虹,其他,-0.42,0.0,0.0,0.0,0.0,0.0,0.0,0.0,0.0,0.0,0.0,0.0,0.0,6.37,0.0,0.0,0.0,0.0,0,0.0,0
8480,泰昇-KY,其他,0.0,0.0,0.0,0.0,0.0,0.0,17.51,0.0,17.51,17.51,0.0,0.0,0.0,128.0,0.0,0.0,0.0,1.99,2,1.99,2
8427,基勝-KY,其他,0.0,0.0,0.0,0.0,0.0,0.0,33.48,0.0,33.48,33.48,0.0,0.0,0.0,44.2,0.0,0.0,0.0,0.0,0,0.0,0
2936,客思達-KY,貿易百貨,0.0,0.0,0.0,0.0,0.0,0.0,9.81,0.0,9.81,9.81,0.0,0.0,0.0,30.5,0.0,0.0,0.0,0.0,0,0.0,0
1591,駿吉-KY,電機機械,-2.74,134840000.0,0.0,0.0,473849151.0591905,0.0,0.0,0.0,0.0,0.0,0.0,0.0,0.0,31.15,0.0,0.0,0.0,8.76,1,12.23,107
6451,訊芯-KY,半導體業,0.26,7574127000.0,29131257692.30769,0.12,6700345508.613596,0.23,490.93,1941.76,62.09,2003.85,14.28,460.89,112.91,549.0,0.21,0.03,0.84,21.59,10,16.94,179
6443,元晶,電子工業,-6.24,1931581000.0,0.0,0.0,1107167752.8674083,0.0,50.18,34.97,31.44,66.41,0.0,0.0,0.0,39.05,0.0,0.0,0.0,20.52,18,53.97,183
5230,雷笛克光學,光電業,-1.34,1327863000.0,0.0,0.0,1323774776.8336809,0.0,46.6,68.41,27.26,95.67,0.0,0.0,0.0,20.05,0.0,0.0,0.0,13.29,14,0.0,0
5269,祥碩,電子工業,72.7,12907479000.0,177544415.40577716,36.59,15469713655.397243,87.13,31.61,45.6,14.61,60.21,1272.97,5246.1,2753.92,1380.0,2.0,0.92,3.8,7.01,2,3.9,25
5215,科嘉-KY,電子工業,2.04,2592010000.0,1270593137.254902,1.26,3405958002.0943737,2.68,15.15,15.19,8.69,23.88,23.29,64.0,40.6,43.7,0.93,0.53,1.46,6.81,21,8.27,147
5272,笙科,半導體業,-1.33,347822000.0,0.0,0.0,291163084.13504726,0.0,198.08,51.56,166.25,217.81,0.0,0.0,0.0,20.85,0.0,0.0,0.0,13.64,23,17.38,24
5243,乙盛-KY,光電業,4.4,12177833000.0,2767689318.181818,2.19,11153406606.255575,4.03,19.48,17.64,11.22,28.86,45.22,116.31,78.52,106.0,0.74,0.43,1.1,13.75,161,53.51,157
6419,京晨科,光電業,9.58,515303000.0,53789457.202505216,10.73,1015705655.3210824,18.88,13.06,25.69,6.29,31.98,118.76,603.78,246.51,138.0,1.79,0.86,4.38,18.09,31,24.58,182
5228,鈺鎧,電子零組件業,-0.21,518941000.0,0.0,0.0,802125435.7460176,0.0,66.96,41.19,45.4,86.59,0.0,0.0,0.0,72.2,0.0,0.0,0.0,2.0,31,33.97,127
6472,保瑞,化學生技醫療,27.15,20100258000.0,740340994.4751382,12.5,17981599491.729866,24.29,21.17,20.34,15.39,35.73,373.82,867.88,514.27,405.5,1.27,0.92,2.14,23.7,30,6.3,24
5244,弘凱,光電業,0.51,844698000.0,1656270588.235294,0.23,800777212.6994579,0.48,26.5,85.75,13.86,99.61,6.65,47.81,12.72,37.8,0.34,0.18,1.26,18.9,170,11.55,72
6470,宇智,通信網路業,3.87,2036670000.0,526271317.82945734,1.02,1016234558.443928,1.93,16.97,26.41,10.44,36.85,20.15,71.12,32.75,48.95,0.67,0.41,1.45,7.09,175,2.91,2
6469,大樹,生技醫療業,4.29,18801939000.0,4382736363.636364,2.19,19343263850.387486,4.41,28.15,26.9,18.46,45.36,81.41,200.04,124.13,75.1,1.65,1.08,2.66,0.0,0,6.49,50
5234,達興材料,光電業,7.37,4591955000.0,623060379.9185889,3.92,4963223156.6692,7.97,43.79,43.35,22.57,65.92,179.88,525.38,349.01,388.5,0.9,0.46,1.35,63.29,112,61.25,81
5274,信驊,半導體業,103.92,8949538000.0,86119495.76597382,76.41,13803766702.99018,160.29,86.93,145.71,34.24,179.95,5488.33,28844.19,13933.68,18155.0,0.77,0.3,1.59,16.12,67,59.54,165
6415,矽力*-KY,電子工業,6.41,18703888000.0,2917923244.929797,3.72,22263629588.057003,7.63,93.75,305.12,27.16,332.28,207.23,2535.3,715.29,588.0,1.22,0.35,4.31,6.1,112,1.59,1
5283,禾聯碩,電器電纜,6.03,6483577000.0,1075220066.3349917,2.94,6347251939.083738,5.9,13.05,10.09,8.75,18.84,51.62,111.16,76.99,52.4,1.47,0.99,2.12,0.0,0,0.6,1
5212,凌網,資訊服務業,4.75,1290950000.0,271778947.3684211,2.33,1435515006.7791674,5.28,14.33,12.37,9.55,21.92,50.42,115.74,75.67,47.1,1.61,1.07,2.46,8.11,109,21.28,154
6416,瑞祺電通,通信網路業,4.3,4238496000.0,985696744.1860466,2.37,4320671267.970889,4.38,24.74,25.11,16.56,41.67,72.53,182.51,108.34,83.9,1.29,0.86,2.18,28.46,109,0.0,0
5276,達輝-KY,其他,1.13,919058000.0,813325663.7168143,0.62,1004083130.6274179,1.23,31.33,107.28,12.48,119.76,15.35,147.3,38.53,18.5,2.08,0.83,7.96,61.01,32,10.76,106
5213,亞昕,建材營造,3.14,17240512000.0,5490608917.197452,2.0,11921737267.802977,2.17,16.16,32.49,7.12,39.61,15.45,85.95,35.07,22.95,1.53,0.67,3.75,25.15,43,2.26,9
6441,廣錠,電腦及週邊設備業,-5.16,238504000.0,0.0,0.0,90550736.3612546,0.0,0.0,0.0,0.0,0.0,0.0,0.0,0.0,22.15,0.0,0.0,0.0,21.11,15,0.0,0
6442,光聖,電子工業,23.48,10705105000.0,455924403.7478705,14.26,13080238383.759924,28.69,63.3,123.54,21.26,144.8,609.95,4154.31,1815.99,1875.0,0.97,0.33,2.22,102.91,179,187.76,182
5236,凌陽創新,半導體業,8.65,1997623000.0,230939075.14450866,5.0,2310956199.863126,10.01,16.98,11.67,12.91,24.58,129.23,246.05,169.96,159.5,1.07,0.81,1.54,16.71,121,8.85,136
6417,韋僑,通信網路業,4.83,1577211000.0,326544720.4968944,2.83,1886494153.6242142,5.78,24.59,15.04,17.08,32.12,98.72,185.65,142.12,129.0,1.1,0.77,1.44,7.62,21,0.0,0
6418,詠昇,電子零組件業,0.73,770725000.0,1055787671.2328768,0.4,826553519.1972297,0.78,29.6,61.74,10.95,72.69,8.54,56.7,23.09,32.7,0.71,0.26,1.73,5.47,18,346.02,106
5220,萬達光電,光電業,-0.65,688288000.0,0.0,0.0,841266913.6380606,0.0,64.2,80.95,27.3,108.25,0.0,0.0,0.0,21.1,0.0,0.0,0.0,1.1,9,12.75,64
5222,全訊,半導體業,2.63,995074000.0,378355133.07984793,1.11,789696610.4242717,2.09,34.17,55.49,18.84,74.33,39.38,155.35,71.42,112.5,0.63,0.35,1.38,5.25,31,47.95,81
6461,益得,生技醫療業,-2.52,111107000.0,0.0,0.0,117312963.77529815,0.0,0.0,0.0,0.0,0.0,0.0,0.0,0.0,15.3,0.0,0.0,0.0,15.05,58,0.0,0
5223,安力-KY,電腦及週邊設備業,-0.67,1919124000.0,0.0,0.0,1934730053.566485,0.0,279.84,86.51,236.82,323.33,0.0,0.0,0.0,25.55,0.0,0.0,0.0,0.39,4,0.0,0
6456,GIS-KY,電子工業,-0.8,67852571000.0,0.0,0.0,57039904610.171425,0.0,207.29,420.89,77.61,498.5,0.0,0.0,0.0,71.1,0.0,0.0,0.0,6.85,25,60.95,79
6426,統新,電子工業,-0.78,477475000.0,0.0,0.0,751368307.6665317,0.0,475.19,182.69,372.12,554.81,0.0,0.0,0.0,198.5,0.0,0.0,0.0,56.79,172,46.17,182
5225,東科-KY,電子工業,10.26,11240635000.0,1095578460.0389864,4.35,10016705778.34472,9.14,9.85,10.22,6.47,16.69,59.14,152.55,90.02,73.7,1.22,0.8,2.07,47.93,72,38.2,63
5251,天鉞電,光電業,0.04,339335000.0,8483375000.0,0.02,287301283.5862488,0.03,795.96,2990.0,295.0,3285.0,8.85,98.55,23.88,30.15,0.79,0.29,3.27,6.68,18,16.67,4
5258,虹堡,電腦及週邊設備業,4.24,7836415000.0,1848211084.9056604,2.16,8700592392.146896,4.71,15.34,13.17,9.21,22.38,43.38,105.41,72.24,49.25,1.47,0.88,2.14,2.99,98,35.42,60
6449,鈺邦,電子零組件業,7.38,4375999000.0,592953794.0379404,4.19,5387596871.764885,9.09,27.63,45.56,14.65,60.21,133.17,547.31,251.14,418.5,0.6,0.32,1.31,28.33,29,102.75,114
6432,今展科,電子零組件業,0.48,1100859000.0,2293456250.0,0.27,1219617789.937728,0.53,54.4,198.48,14.02,212.5,7.43,112.62,28.83,71.9,0.4,0.1,1.57,3.04,30,38.59,134
6462,神盾,半導體業,-17.52,5125214000.0,0.0,0.0,9442995609.636137,0.0,0.0,0.0,0.0,0.0,0.0,0.0,0.0,111.0,0.0,0.0,0.0,16.38,30,24.21,134
6425,易發,電機機械,-1.62,1408313000.0,0.0,0.0,1812280864.0960226,0.0,133.57,267.95,64.78,332.73,0.0,0.0,0.0,76.4,0.0,0.0,0.0,26.01,177,100.93,179
5245,智晶,光電業,-4.89,790349000.0,0.0,0.0,679024020.9389604,0.0,0.0,0.0,0.0,0.0,0.0,0.0,0.0,25.85,0.0,0.0,0.0,17.73,78,57.71,43
6446,藥華藥,化學生技醫療,14.27,14884059000.0,1043031464.6110722,11.09,25187522843.487526,24.15,103.46,500.88,31.45,532.33,759.52,12855.77,2498.6,991.0,2.52,0.77,12.97,50.56,95,8.35,16
5227,立凱-KY,電子零組件業,0.18,402313000.0,2235072222.2222223,0.04,112806689.08528443,0.05,40.25,129.92,9.49,139.41,0.47,6.97,2.01,37.3,0.05,0.01,0.19,11.03,161,28.06,79
6435,大中,半導體業,9.52,3323233000.0,349079096.6386555,5.4,3737645224.1103067,10.71,17.45,14.05,12.94,26.99,138.59,289.06,186.86,272.5,0.69,0.51,1.06,4.5,15,23.48,175
6465,威潤,通信網路業,0.93,232374000.0,249864516.12903225,0.67,487628849.30033636,1.95,40.33,48.74,17.07,65.81,33.29,128.33,78.65,64.0,1.23,0.52,2.01,13.21,21,155.28,183
6464,台數科,其他,4.2,4444855000.0,1058298809.5238094,2.08,4408066923.351219,4.17,14.01,7.96,11.23,19.19,46.83,80.02,58.42,78.0,0.75,0.6,1.03,1.18,2,0.87,21
5263,智崴,文化創意業,-2.83,1389771000.0,0.0,0.0,1727093662.9925992,0.0,231.38,293.12,78.55,371.67,0.0,0.0,0.0,103.0,0.0,0.0,0.0,25.08,67,2.29,17
6115,鎰勝,電子零組件業,2.85,7433274000.0,2608166315.7894735,1.54,8230156238.702247,3.16,16.21,5.41,13.15,18.56,41.55,58.65,51.21,48.8,1.05,0.85,1.2,2.95,17,2.51,17
6477,安集,光電業,0.02,864073000.0,43203650000.0,0.01,1083616383.9725912,0.03,819.96,1910.23,72.27,1982.5,2.17,59.47,24.6,32.05,0.77,0.07,1.86,26.34,15,53.1,71
6558,興能高,其他電子業,-1.02,1090534000.0,0.0,0.0,949032069.3277458,0.0,2196.93,5579.29,150.71,5730.0,0.0,0.0,0.0,30.3,0.0,0.0,0.0,81.19,171,17.3,11
4961,天鈺,半導體業,9.65,18325723000.0,1899038652.8497407,4.96,17277960713.492214,9.1,13.99,10.61,10.85,21.46,98.74,195.29,127.29,168.0,0.76,0.59,1.16,1.06,3,5.84,11
6560,欣普羅,光電業,-0.16,161431000.0,0.0,0.0,267467649.93583664,0.0,478.05,38.13,462.5,500.63,0.0,0.0,0.0,37.1,0.0,0.0,0.0,45.7,11,21.26,79
6561,是方,通信網路業,15.74,3936025000.0,250065120.7115629,7.9,3782059937.926016,15.12,29.34,22.93,19.87,42.8,300.43,647.14,443.56,339.0,1.31,0.89,1.91,51.55,74,5.06,64
4960,誠美材,電子工業,-2.59,8612063000.0,0.0,0.0,7908383026.79327,0.0,0.0,0.0,0.0,0.0,0.0,0.0,0.0,30.15,0.0,0.0,0.0,25.89,25,10.99,64
6568,宏觀,半導體業,4.02,1114929000.0,277345522.38805974,2.46,1331151014.959724,4.8,46.82,75.14,22.21,97.35,106.61,467.28,224.76,172.0,1.31,0.62,2.72,0.0,0,26.72,18
6569,醫揚,生技醫療業,2.87,1353898000.0,471741463.4146341,1.64,1499388617.494749,3.18,32.39,26.76,23.24,50.0,73.9,159.0,103.0,114.0,0.9,0.65,1.39,33.5,44,33.9,77
6570,維田,電腦及週邊設備業,1.29,904252000.0,700970542.6356589,0.77,1072397324.3736767,1.53,32.27,29.1,18.0,47.1,27.54,72.06,49.38,54.0,0.91,0.51,1.33,36.7,66,18.07,85
6556,勝品,光電業,6.78,1395819000.0,205873008.84955752,3.74,1546863525.5152426,7.51,11.21,10.07,7.01,17.08,52.65,128.27,84.19,73.2,1.15,0.72,1.75,9.57,72,0.12,1
6552,易華電,電子工業,-14.35,1499491000.0,0.0,0.0,1016438178.6606913,0.0,101.18,179.95,45.05,225.0,0.0,0.0,0.0,29.25,0.0,0.0,0.0,1.28,1,16.41,64
6542,隆中,文化創意業,0.02,861299000.0,43064950000.0,0.01,1057253133.3745078,0.02,471.2,2830.91,19.09,2850.0,0.38,57.0,9.42,47.95,0.2,0.01,1.19,17.04,171,4.39,8
4972,湯石照明,光電業,-1.84,937469000.0,0.0,0.0,955906820.3621032,0.0,37.34,26.17,28.45,54.62,0.0,0.0,0.0,16.85,0.0,0.0,0.0,2.34,29,3.68,107
4971,IET-KY,半導體業,1.61,1057201000.0,656646583.8509316,0.95,1273946116.288816,1.94,276.48,426.71,101.77,528.48,197.43,1025.25,536.38,547.0,0.98,0.36,1.87,67.5,163,168.3,183
6546,正基,通信網路業,2.73,2312100000.0,846923076.923077,1.33,2148355416.2009025,2.54,32.25,34.88,21.3,56.18,54.1,142.7,81.91,73.2,1.12,0.74,1.95,40.77,99,2.03,2
4968,立積,電子工業,2.65,3747771000.0,1414253207.54717,1.34,3987426885.132146,2.82,225.44,842.64,35.14,877.78,99.09,2475.34,635.75,107.0,5.94,0.93,23.13,5.35,4,38.17,115
6573,虹揚-KY,半導體業,1.23,865246000.0,703452032.5203252,0.54,671183962.6654046,0.95,14.02,9.73,9.84,19.57,9.35,18.59,13.32,14.8,0.9,0.63,1.26,26.83,127,78.26,147
6547,高端疫苗,生技醫療業,-0.85,607793000.0,0.0,0.0,559753753.5782354,0.0,0.0,0.0,0.0,0.0,0.0,0.0,0.0,45.4,0.0,0.0,0.0,4.84,14,0.0,0
4967,十銓,半導體業,13.07,17964831000.0,1374508875.2869165,12.92,36060200946.03538,26.23,23.42,77.79,6.59,84.38,172.86,2213.29,614.24,275.0,2.23,0.63,8.05,0.0,0,105.23,147
6548,長科*,半導體業,1.63,13288729000.0,8152594478.527608,0.94,15961793218.399252,1.96,23.58,45.41,14.41,59.82,28.24,117.25,46.21,91.9,0.5,0.31,1.28,2.88,99,50.95,149
6550,北極星藥業-KY,化學生技醫療,-5.1,42866000.0,0.0,0.0,107215727.5298736,0.0,0.0,0.0,0.0,0.0,0.0,0.0,0.0,13.2,0.0,0.0,0.0,6.37,14,10.06,67
4966,譜瑞-KY,半導體業,34.66,16412645000.0,473532746.6820543,17.0,16243431638.37813,34.3,20.76,18.75,13.43,32.18,460.65,1103.77,712.17,660.0,1.08,0.7,1.67,6.95,2,50.79,94
4958,臻鼎-KY,電子零組件業,6.87,178946617000.0,26047542503.63901,3.51,201507374678.21692,7.74,20.99,79.09,8.92,88.01,69.04,681.2,162.43,624.0,0.26,0.11,1.09,26.75,30,98.48,74
6588,東典光電,通信網路業,-1.76,169790000.0,0.0,0.0,390182974.98128945,0.0,0.0,0.0,0.0,0.0,0.0,0.0,0.0,111.0,0.0,0.0,0.0,60.31,172,83.9,182
6589,台康生技,化學生技醫療,-2.52,985778000.0,0.0,0.0,1331164309.0015142,0.0,0.0,0.0,0.0,0.0,0.0,0.0,0.0,45.0,0.0,0.0,0.0,14.24,15,34.04,151
4949,有成精密,電子工業,1.91,2370766000.0,1241238743.4554975,1.29,3110145272.7802057,2.51,28.65,48.2,7.33,55.53,18.4,139.38,71.91,85.1,0.85,0.22,1.64,13.78,16,9.89,1
4946,辣椒,文化創意業,3.13,342106000.0,109299041.53354633,1.38,277876641.8438951,2.54,645.99,1566.88,33.12,1600.0,84.12,4064.0,1640.81,110.0,14.92,0.76,36.95,18.51,9,9.94,18
6590,普鴻,資訊服務業,5.48,672156000.0,122656204.37956204,2.85,697856711.6841851,5.69,14.28,6.22,11.82,18.04,67.26,102.65,81.24,0.0,0.0,0.0,0.0,3.98,24,0.0,0
6591,動力-KY,電子工業,7.17,1730676000.0,241377405.85774058,2.49,1157201385.7093499,4.79,15.81,10.19,11.1,21.29,53.17,101.98,75.74,54.7,1.38,0.97,1.86,0.65,17,40.76,74
6592,和潤企業,其他,4.73,23894153000.0,5051617970.4016905,2.31,22749087263.588028,4.5,16.43,10.0,12.11,22.11,54.5,99.5,73.91,65.4,1.13,0.83,1.52,5.7,25,1.41,63
6592A,和潤企業甲特,其他,0.0,0.0,0.0,0.0,0.0,0.0,0.0,0.0,0.0,0.0,0.0,0.0,0.0,97.7,0.0,0.0,0.0,0.81,14,2.18,126
6592B,和潤企業乙特,其他,0.0,0.0,0.0,0.0,0.0,0.0,0.0,0.0,0.0,0.0,0.0,0.0,0.0,97.4,0.0,0.0,0.0,1.05,172,1.02,100
6593,台灣銘板,資訊服務業,-2.06,428382000.0,0.0,0.0,416962237.6480228,0.0,88.62,117.8,46.3,164.1,0.0,0.0,0.0,34.8,0.0,0.0,0.0,0.47,3,28.6,11
4943,康控-KY,電子工業,-1.9,1666646000.0,0.0,0.0,2355529313.245853,0.0,0.0,0.0,0.0,0.0,0.0,0.0,0.0,9.07,0.0,0.0,0.0,12.25,45,80.36,156
4942,嘉彰,電子工業,3.05,6065551000.0,1988705245.9016395,1.4,5804239871.437775,2.92,11.5,7.73,8.42,16.15,24.59,47.16,33.57,37.75,0.89,0.65,1.25,2.8,18,8.5,140
6541,泰福-KY,生技醫療業,-6.21,381342000.0,0.0,0.0,1489458056.5003753,0.0,0.0,0.0,0.0,0.0,0.0,0.0,0.0,40.5,0.0,0.0,0.0,84.16,74,28.04,120
6585,鼎基,其他,5.64,2856943000.0,506550177.30496454,3.21,2926240184.049285,5.78,15.59,18.67,9.6,28.27,55.49,163.4,90.1,138.5,0.65,0.4,1.18,5.9,10,0.42,2
4956,光鋐,電子工業,-0.8,1359151000.0,0.0,0.0,1470891650.2941618,0.0,0.0,0.0,0.0,0.0,0.0,0.0,0.0,37.35,0.0,0.0,0.0,93.99,128,0.0,0
6574,霈方,生技醫療業,6.82,603419000.0,88477859.23753665,4.6,794801731.5384566,8.98,17.49,22.97,10.44,33.41,93.75,300.02,157.07,107.5,1.46,0.87,2.79,16.3,176,18.37,7
6576,逸達,生技醫療業,-5.7,432261000.0,0.0,0.0,577816941.160455,0.0,0.0,0.0,0.0,0.0,0.0,0.0,0.0,79.0,0.0,0.0,0.0,0.0,0,31.28,151
4953,緯軟,資訊服務業,8.45,11343751000.0,1342455739.6449704,5.19,14686069119.465559,10.94,16.17,9.64,12.53,22.17,137.08,242.54,176.9,135.0,1.31,1.02,1.8,2.95,175,36.78,171
6577,勁豐,電腦及週邊設備業,5.64,2033734000.0,360591134.75177306,2.96,2125240804.1842961,5.89,14.01,13.76,9.63,23.39,56.72,137.77,82.53,79.3,1.04,0.72,1.74,15.19,29,2.02,2
6578,達邦蛋白,農業科技業,-0.96,296987000.0,0.0,0.0,362634007.8106257,0.0,163.66,138.88,94.12,233.0,0.0,0.0,0.0,16.45,0.0,0.0,0.0,14.49,21,43.54,66
6584,南俊國際,電子零組件業,5.59,2355997000.0,421466368.51520574,3.96,3699945538.6044555,8.78,91.13,219.2,38.1,257.3,334.52,2259.09,800.15,606.0,1.32,0.55,3.73,12.81,22,127.43,170
6579,研揚,電子工業,5.62,8420480000.0,1498306049.822064,3.34,10583368050.55286,7.06,28.0,26.03,18.48,44.51,130.47,314.24,197.67,165.0,1.2,0.79,1.9,4.99,29,14.52,123
4952,凌通,電子工業,1.02,2122460000.0,2080843137.254902,0.62,2376216672.053531,1.14,28.53,37.55,15.15,52.7,17.27,60.08,32.53,56.0,0.58,0.31,1.07,0.0,0,6.53,93
4951,精拓科,半導體業,5.98,539613000.0,90236287.62541805,2.94,554725279.5894911,6.15,16.39,14.48,11.04,25.52,67.9,156.95,100.82,97.8,1.03,0.69,1.6,0.0,0,30.17,70
6582,申豐,橡膠工業,-0.4,916756000.0,0.0,0.0,386595747.656255,0.0,339.02,717.53,30.47,748.0,0.0,0.0,0.0,31.6,0.0,0.0,0.0,36.25,21,0.0,0
6538,倉和,電子零組件業,1.15,1483039000.0,1289599130.4347827,0.52,1154359220.6435907,0.9,24.19,127.37,8.63,136.0,7.77,122.4,21.77,103.5,0.21,0.08,1.18,11.67,15,0.0,0
6498,久禾光,光電業,6.47,962397000.0,148747604.32766616,4.82,2395822865.9375663,16.11,16.31,9.32,13.09,22.41,210.88,361.03,262.72,104.5,2.51,2.02,3.45,45.12,183,12.02,50
5201,凱衛,資訊服務業,-0.05,301274000.0,0.0,0.0,264683668.2424569,0.0,33.19,84.2,14.87,99.07,0.0,0.0,0.0,28.25,0.0,0.0,0.0,5.05,72,27.08,108
6499,益安,生技醫療業,-7.24,407417000.0,0.0,0.0,455796271.22751516,0.0,0.0,0.0,0.0,0.0,0.0,0.0,0.0,75.5,0.0,0.0,0.0,24.68,15,18.37,21
6504,南六,其他,-1.09,6690185000.0,0.0,0.0,6503676735.521974,0.0,123.05,309.56,27.11,336.67,0.0,0.0,0.0,36.05,0.0,0.0,0.0,0.81,3,3.89,14
6505,台塑化,油電燃氣業,1.04,625336454000.0,601285051923.0769,0.56,658940001869.3257,1.1,54.39,77.11,17.11,94.22,18.82,103.64,59.83,52.7,1.14,0.36,1.97,1.99,3,42.28,157
5016,松和,鋼鐵工業,1.51,2055226000.0,1361076821.192053,0.78,2095640798.4217553,1.54,17.69,11.33,13.58,24.91,20.91,38.36,27.24,25.1,1.09,0.83,1.53,0.53,2,0.19,1
5015,華祺,鋼鐵工業,0.06,1529230000.0,25487166666.666668,0.02,1104363880.6042137,0.04,81.98,442.09,12.91,455.0,0.52,18.2,3.28,23.7,0.14,0.02,0.77,5.07,14,5.92,17
5202,力新,資訊服務業,-0.62,164862000.0,0.0,0.0,128607150.72968078,0.0,10.84,14.71,5.18,19.89,0.0,0.0,0.0,14.5,0.0,0.0,0.0,54.85,129,0.88,1
5014,建錩,鋼鐵工業,-2.36,14745203000.0,0.0,0.0,16561451589.96269,0.0,23.01,36.9,9.32,46.22,0.0,0.0,0.0,11.1,0.0,0.0,0.0,18.86,109,0.0,0
5011,久陽,鋼鐵工業,-1.61,5105270000.0,0.0,0.0,4286723073.154938,0.0,16.48,16.03,12.09,28.12,0.0,0.0,0.0,19.8,0.0,0.0,0.0,10.97,59,0.74,49
6508,惠光,農業科技業,0.27,1401564000.0,5190977777.777778,0.16,1356938027.0057845,0.26,57.05,86.69,23.08,109.77,6.0,28.54,14.83,23.65,0.63,0.25,1.21,3.25,11,0.0,0
6509,聚和,化學工業,2.87,4865391000.0,1695258188.15331,1.56,5065002750.673687,2.99,14.32,8.95,9.5,18.45,28.4,55.17,42.82,47.5,0.9,0.6,1.16,9.8,23,10.34,176
6510,精測,半導體業,30.41,4865930000.0,160010851.69352186,17.59,5682678722.444727,35.51,93.11,176.78,30.64,207.42,1088.03,7365.48,3306.45,3500.0,0.94,0.31,2.1,94.69,171,171.63,183
5009,榮剛,鋼鐵工業,2.2,11632507000.0,5287503181.818181,1.12,11243936961.012438,2.13,12.62,11.77,7.95,19.72,16.93,42.0,26.87,34.5,0.78,0.49,1.22,4.88,3,0.0,0
6512,啟發電,其他電子類,-0.78,191934000.0,0.0,0.0,98391734.31484614,0.0,0.0,0.0,0.0,0.0,0.0,0.0,0.0,0.0,0.0,0.0,0.0,4.39,9,8.29,144
5013,強新,鋼鐵工業,1.45,7819837000.0,5392991034.4827585,0.75,7957784125.9554,1.48,18.82,7.71,15.99,23.7,23.67,35.08,27.86,27.6,1.01,0.86,1.27,2.02,30,20.22,108
5007,三星,鋼鐵工業,3.02,6183145000.0,2047399006.6225166,1.53,5975381753.38335,2.92,16.85,8.48,14.05,22.53,41.03,65.79,49.2,56.2,0.88,0.73,1.17,3.87,46,5.88,183
5203,訊連,資訊服務業,3.63,2427908000.0,668845179.0633609,1.72,2416038259.228692,3.61,27.47,29.82,16.71,46.53,60.32,167.97,99.15,70.0,1.42,0.86,2.4,4.17,30,1.41,9
5211,蒙恬,資訊服務業,-0.77,210612000.0,0.0,0.0,294696071.56240004,0.0,0.0,0.0,0.0,0.0,0.0,0.0,0.0,18.75,0.0,0.0,0.0,1.65,25,41.76,86
6482,弘煜科,文化創意業,2.51,516642000.0,205833466.13545817,0.89,333409261.3998663,1.62,19.26,21.12,10.82,31.94,17.53,51.74,31.2,29.3,1.06,0.6,1.77,8.11,10,4.68,42
5210,寶碩,資訊服務業,0.73,272289000.0,372998630.1369863,0.41,308003735.49746495,0.83,44.67,49.68,28.1,77.78,23.32,64.56,37.07,29.65,1.25,0.79,2.18,0.0,0,4.42,11
6485,點序,半導體業,0.71,1448753000.0,2040497183.0985916,0.34,1325026328.6991062,0.65,349.6,718.08,108.59,826.67,70.58,537.34,227.24,88.0,2.58,0.8,6.11,2.77,3,53.02,122
6486,互動,通信網路業,5.77,2435298000.0,422062045.06065863,3.53,2961521480.340012,7.02,14.44,5.23,11.98,17.21,84.1,120.81,101.39,81.9,1.24,1.03,1.48,4.36,21,3.29,11
6496,科懋,生技醫療業,-3.96,866250000.0,0.0,0.0,992172784.8687794,0.0,0.0,0.0,0.0,0.0,0.0,0.0,0.0,24.3,0.0,0.0,0.0,15.14,14,18.9,88
6488,環球晶,半導體業,15.3,60583311000.0,3959693529.4117646,7.34,56150554920.240074,14.18,24.23,53.65,10.82,64.47,153.43,914.18,343.59,1045.0,0.33,0.15,0.87,11.89,21,80.94,127
6491,晶碩,化學生技醫療,20.87,7034551000.0,337065213.2247245,11.57,8316346557.724414,24.67,15.02,8.75,12.44,21.19,306.89,522.76,370.57,311.0,1.19,0.99,1.68,4.53,15,15.56,140
5206,坤悅,建材營造,3.84,3769600000.0,981666666.6666667,2.31,2431399252.4334106,2.48,15.8,69.72,4.31,74.03,10.69,183.59,39.19,23.4,1.67,0.46,7.85,41.09,45,0.63,1
6492,生華科,生技醫療業,-2.97,1074000.0,0.0,0.0,1031040.0,0.0,0.0,0.0,0.0,0.0,0.0,0.0,0.0,44.3,0.0,0.0,0.0,37.16,31,50.88,127
6494,九齊,半導體業,-0.93,1176236000.0,0.0,0.0,1617099260.6049104,0.0,60.12,560.88,12.45,573.33,0.0,0.0,0.0,68.8,0.0,0.0,0.0,0.0,0,3.64,137
6474,華豫寧,電子通路業,3.5,947872000.0,270820571.4285714,0.0,0.0,0.0,11.0,2.8,10.06,12.86,0.0,0.0,0.0,38.05,0.0,0.0,0.0,35.36,29,19.38,30
6515,穎崴,半導體業,46.93,7384564000.0,157352738.12060517,37.95,11311032236.695011,71.88,71.4,211.7,20.85,232.55,1498.7,16715.69,5132.04,9945.0,0.52,0.15,1.68,43.43,91,143.97,165
6532,瑞耘,半導體業,7.31,682690000.0,93391244.87004104,3.9,663990081.558278,7.11,16.69,15.57,7.91,23.48,56.24,166.94,118.66,88.7,1.34,0.63,1.88,29.34,23,26.05,21
6533,晶心科,半導體業,-8.19,1432983000.0,0.0,0.0,1724973721.6078777,0.0,7806.98,3312.5,6025.0,9337.5,0.0,0.0,0.0,201.5,0.0,0.0,0.0,2.48,7,22.37,99
4979,華星光,通信網路業,5.43,4315580000.0,794766114.1804788,3.08,4915374897.07321,6.18,52.38,109.5,22.73,132.23,140.47,817.18,323.72,568.0,0.57,0.25,1.44,53.05,171,40.05,177
4977,眾達-KY,電子工業,4.5,1117417000.0,248314888.8888889,1.65,801851662.6917417,3.23,88.16,432.46,17.54,450.0,56.65,1453.5,284.76,180.5,1.58,0.31,8.05,87.26,171,58.41,179
6531,愛普*,電子工業,7.73,5290540000.0,684416558.8615782,6.53,10527138213.433044,15.38,52.69,104.98,19.86,124.84,305.45,1920.04,810.31,924.0,0.88,0.33,2.08,13.4,17,40.81,165
4976,佳凌,光電業,-1.88,1036181000.0,0.0,0.0,1003112508.5485826,0.0,0.0,0.0,0.0,0.0,0.0,0.0,0.0,38.05,0.0,0.0,0.0,23.71,21,105.36,80
6535,順藥,生技醫療業,-2.06,40430000.0,0.0,0.0,27973806.90270753,0.0,0.0,0.0,0.0,0.0,0.0,0.0,0.0,106.0,0.0,0.0,0.0,86.06,133,94.51,92
4974,亞泰,電子零組件業,5.15,3807147000.0,739251844.6601942,2.57,3457606681.045157,4.68,13.98,12.97,10.29,23.26,48.16,108.86,65.44,73.1,0.9,0.66,1.49,64.4,88,4.68,63
4973,廣穎,半導體業,2.1,4298725000.0,2047011904.7619047,1.98,7647101874.337546,3.74,26.86,75.4,7.69,83.09,28.76,310.76,100.45,189.5,0.53,0.15,1.64,2.38,3,57.65,154
4999,鑫禾,電子零組件業,-1.68,1927284000.0,0.0,0.0,1808548829.7654812,0.0,91.24,193.79,23.4,217.19,0.0,0.0,0.0,20.6,0.0,0.0,0.0,2.78,127,19.76,56
6527,明達醫,生技醫療業,5.81,932292000.0,160463339.070568,2.72,847424321.9532139,5.28,16.75,11.06,11.52,22.58,60.83,119.22,88.44,71.2,1.24,0.85,1.67,8.47,102,1.25,8
6516,勤崴國際,資訊服務業,1.52,526545000.0,346411184.2105263,0.99,670782418.3632764,1.94,50.85,37.08,30.72,67.8,59.6,131.53,98.65,56.0,1.76,1.06,2.35,1.02,30,0.91,2
4995,晶達,光電業,2.24,1255787000.0,560619196.4285713,1.28,1384711877.2723355,2.47,17.02,12.97,11.02,23.99,27.22,59.26,42.05,45.0,0.93,0.6,1.32,55.92,25,1.3,10
6517,保勝光學,光電業,1.62,491220000.0,303222222.2222222,0.69,396712745.0634562,1.31,27.8,42.5,14.66,57.16,19.2,74.88,36.42,76.6,0.48,0.25,0.98,18.6,98,3.47,2
4994,傳奇,電子工業,1.96,1182743000.0,603440306.122449,1.03,1207574787.9242637,2.0,32.67,43.57,19.25,62.82,38.5,125.64,65.34,93.0,0.7,0.41,1.35,0.78,9,8.7,100
6530,創威,通信網路業,1.95,324182000.0,166247179.4871795,1.1,382965883.7728523,2.3,39.36,45.14,23.32,68.46,53.64,157.46,90.52,95.1,0.95,0.56,1.66,75.56,112,32.89,74
6523,達爾膚,生技醫療業,7.78,1155609000.0,148535861.1825193,3.23,1000305760.8694475,6.73,14.12,4.59,11.91,16.5,80.15,111.04,95.0,98.6,0.96,0.81,1.13,0.0,0,0.74,1
4991,環宇-KY,半導體業,0.16,2159582000.0,13497387500.0,0.1,3152809407.017849,0.23,1505.71,4740.99,219.01,4960.0,50.37,1140.8,346.31,587.0,0.59,0.09,1.94,118.5,172,84.29,183
4989,榮科,電子零組件業,-3.48,2536276000.0,0.0,0.0,4160679657.2701635,0.0,0.0,0.0,0.0,0.0,0.0,0.0,0.0,78.7,0.0,0.0,0.0,1.79,21,242.27,150
6525,捷敏-KY,半導體業,5.87,5291971000.0,901528279.3867121,3.22,6011775537.7954035,6.67,14.64,11.25,10.83,22.08,72.24,147.27,97.65,127.0,0.77,0.57,1.16,18.7,128,26.95,127
6526,達發,半導體業,17.32,20994770000.0,1212169168.591224,9.1,22315157403.853493,18.41,41.66,83.78,23.79,107.57,437.97,1980.36,766.99,660.0,1.16,0.66,3.0,0.62,1,10.27,25
6414,樺漢,電腦及週邊設備業,23.26,142336502000.0,6119368099.742046,13.46,161527102248.97382,26.4,15.33,9.09,10.87,19.96,286.97,526.94,404.67,367.0,1.1,0.78,1.44,3.87,22,7.24,73
6265,方土昶,電子通路業,0.68,771827000.0,1135039705.8823528,1.75,5428447386.965752,4.78,83.05,175.52,16.98,192.5,81.16,920.15,396.99,55.9,7.1,1.45,16.46,6.23,23,130.43,151
6180,橘子,文化創意業,-1.53,8817865000.0,0.0,0.0,8253950577.647343,0.0,16.9,52.31,5.53,57.84,0.0,0.0,0.0,48.3,0.0,0.0,0.0,4.86,168,2.43,11
6182,合晶,半導體業,0.08,9636039000.0,120450487500.0,0.04,10589284393.302954,0.09,737.87,2617.0,58.0,2675.0,5.22,240.75,66.41,107.0,0.62,0.05,2.25,10.71,18,70.88,127
6183,關貿,資訊服務業,3.9,2735238000.0,701343076.923077,2.1,2962994026.115227,4.22,25.37,11.86,21.88,33.74,92.33,142.38,107.06,90.4,1.18,1.02,1.58,13.74,183,7.37,63
6184,大豐電,其他,2.58,2154296000.0,834998449.612403,1.32,2207575401.892218,2.64,15.25,6.64,13.21,19.85,34.87,52.4,40.25,47.0,0.86,0.74,1.11,0.0,0,4.66,59
6185,幃翔,電子零組件業,0.22,532272000.0,2419418181.818182,0.13,632762549.433746,0.26,125.59,276.4,25.27,301.67,6.57,78.43,32.65,14.1,2.32,0.47,5.56,2.71,21,15.03,135
6186,新潤,建材營造,8.46,9642257000.0,1139746690.3073285,3.37,6959091213.100693,6.11,11.33,28.3,3.83,32.13,23.4,196.31,69.23,40.75,1.7,0.57,4.82,23.0,63,17.8,78
6188,廣明,電腦及週邊設備業,3.61,9625341000.0,2666299445.9833794,1.59,8498347310.129348,3.19,31.81,25.36,21.21,46.57,67.66,148.56,101.48,79.1,1.28,0.86,1.88,11.85,18,47.06,101
6189,豐藝,電子工業,2.86,29937615000.0,10467697552.447554,1.43,28541301504.969635,2.73,15.59,12.98,8.54,21.52,23.31,58.75,42.55,56.6,0.75,0.41,1.04,23.2,17,7.24,32
6190,萬泰科,通信網路業,2.2,8547190000.0,3885086363.6363635,1.34,10156189663.227303,2.61,22.1,38.51,12.32,50.83,32.16,132.67,57.69,76.2,0.76,0.42,1.74,3.87,1,24.75,63
6191,精成科,電子工業,6.54,32161694000.0,4917690214.067278,3.88,45834401779.118904,9.32,13.89,16.45,7.97,24.42,74.28,227.59,129.42,100.5,1.29,0.74,2.26,9.87,17,75.87,79
6179,亞通,其他,0.05,5085287000.0,101705740000.0,0.03,5418859450.851984,0.05,138.6,492.94,15.06,508.0,0.75,25.4,6.93,25.3,0.27,0.03,1.0,14.96,18,27.5,98
6192,巨路,其他電子業,10.07,7144455000.0,709479145.9781529,5.58,7787105276.816012,10.98,11.21,5.97,8.4,14.37,92.23,157.78,123.09,117.5,1.05,0.78,1.34,0.0,0,16.84,74
6168,宏齊,光電業,0.05,2056765000.0,41135300000.0,0.03,2209752260.816846,0.05,523.52,1851.37,38.63,1890.0,1.93,94.5,26.18,28.15,0.93,0.07,3.36,2.89,127,52.48,78
5880,合庫金,金融保險,1.36,72176581000.0,53071015441.17647,0.66,76429546972.79083,1.44,19.67,6.46,16.21,22.67,23.34,32.64,28.33,24.6,1.15,0.95,1.33,4.62,45,6.9,51
5878,台名,金融業,2.86,878908000.0,307310489.5104895,1.53,893254938.5417502,2.91,17.64,8.88,13.24,22.12,38.53,64.37,51.34,39.2,1.31,0.98,1.64,1.48,51,1.43,66
6169,昱泉,文化創意業,-2.43,34318000.0,0.0,0.0,4385882.754140954,0.0,0.0,0.0,0.0,0.0,0.0,0.0,0.0,15.5,0.0,0.0,0.0,15.14,9,9.87,14
5876,上海商銀,金融保險,3.06,54529641000.0,17820144117.64706,1.49,52580045305.497826,2.95,15.24,8.21,12.27,20.48,36.2,60.42,44.96,42.6,1.06,0.85,1.42,1.98,17,1.17,8
6170,統振,通信網路業,4.5,3183535000.0,707452222.2222222,2.26,3172913545.7448006,4.48,15.75,19.82,9.73,29.55,43.59,132.38,70.56,52.4,1.35,0.83,2.53,2.7,1,9.04,63
5871A,中租-KY甲特,其他,0.0,0.0,0.0,0.0,0.0,0.0,0.0,0.0,0.0,0.0,0.0,0.0,0.0,103.0,0.0,0.0,0.0,1.13,28,2.49,32
6171,大城地產,建材營造,3.82,1222473000.0,320019109.947644,0.38,2407291463.291827,7.52,8.21,20.83,3.19,24.02,23.99,180.63,61.74,24.05,2.57,1.0,7.51,35.96,45,0.0,0
5871,中租-KY,其他,11.24,97807317000.0,8701718594.30605,5.58,95524419674.82062,10.98,10.1,4.48,7.63,12.11,83.78,132.97,110.87,116.5,0.95,0.72,1.14,2.48,112,6.53,31
5864,致和證,金融業,2.56,996266000.0,389166406.25,0.0,0.0,0.0,11.19,29.6,4.29,33.89,0.0,0.0,0.0,49.95,0.0,0.0,0.0,0.87,4,21.93,149
6173,信昌電,電子零組件業,3.25,4034265000.0,1241312307.6923077,1.78,4567833535.191839,3.68,21.37,71.31,10.19,81.5,37.5,299.92,78.62,287.0,0.27,0.13,1.05,15.6,30,88.06,157
6174,安碁,電子零組件業,0.65,602691000.0,927216923.076923,0.37,726717909.7838702,0.78,43.48,71.13,21.67,92.8,16.9,72.38,33.92,54.9,0.62,0.31,1.32,35.75,171,18.67,126
6175,立敦,電子零組件業,2.67,4125713000.0,1545210861.423221,1.57,4590403539.588288,2.97,16.35,31.51,8.79,40.3,26.11,119.69,48.55,98.1,0.49,0.27,1.22,7.01,170,55.3,133
6176,瑞儀,光電業,9.41,49402266000.0,5249975132.837407,4.52,46585643951.96646,8.87,12.3,7.73,8.83,16.56,78.32,146.89,109.13,87.3,1.25,0.9,1.68,1.39,1,0.0,0
6177,達麗,建材營造,3.83,3745752000.0,978003133.1592689,12.28,34064448996.192867,34.83,11.07,10.11,5.6,15.71,195.05,547.18,385.5,46.9,8.22,4.16,11.67,24.87,36,7.63,93
6194,育富,電子零組件業,2.19,1398436000.0,638555251.1415526,0.84,983258887.6798096,1.54,11.63,16.18,6.89,23.07,10.61,35.53,17.91,32.4,0.55,0.33,1.1,28.64,87,16.45,126
5609,中菲行,航運業,8.0,29430867000.0,3678858375.0,4.28,31744435634.882015,8.63,11.52,3.91,9.71,13.62,83.8,117.54,99.4,82.4,1.21,1.02,1.43,5.05,29,10.08,85
5522,遠雄,建材營造,7.45,28122985000.0,3774897315.4362416,2.73,178765769395.85535,47.36,18.53,28.22,7.32,35.54,346.68,1683.17,877.47,76.2,11.52,4.55,22.09,4.36,29,0.0,0
5521,工信,建材營造,0.51,8867276000.0,17386815686.27451,0.31,10412860594.838518,0.6,124.79,652.12,15.38,667.5,9.23,400.5,74.87,10.65,7.03,0.87,37.61,4.31,45,86.97,183
5520,力泰,建材營造,9.97,4226492000.0,423920962.888666,4.65,3997644513.354929,9.43,9.09,2.53,7.87,10.4,74.21,98.07,85.74,82.3,1.04,0.9,1.19,0.36,10,21.66,63
5519,隆大,建材營造,4.96,6014678000.0,1212636693.548387,1.1,4328231418.961459,3.57,8.33,8.57,4.52,13.09,16.14,46.73,29.72,34.4,0.86,0.47,1.36,23.17,45,0.0,0
5516,雙喜,建材營造,0.17,1938290000.0,11401705882.35294,0.12,3081121877.166386,0.27,45.44,73.52,7.73,81.25,2.09,21.94,12.27,10.8,1.14,0.19,2.03,4.46,3,4.79,71
5515,建國,建材營造,4.48,7364521000.0,1643866294.642857,2.42,8329639885.057978,5.07,9.73,7.36,6.64,14.0,33.66,70.98,49.33,43.3,1.14,0.78,1.64,17.28,168,26.39,179
5514,三豐,建材營造,-0.14,684937000.0,0.0,0.0,675189859.012442,0.0,76.47,121.34,40.66,162.0,0.0,0.0,0.0,14.05,0.0,0.0,0.0,14.35,43,0.0,0
5512,力麒,建材營造,0.17,6947963000.0,40870370588.23529,0.08,6625898546.332816,0.16,57.47,60.42,25.0,85.42,4.0,13.67,9.2,7.87,1.17,0.51,1.74,20.99,32,4.25,80
5511,德昌,建材營造,10.63,10690300000.0,1005672624.6472248,5.96,13014491290.81008,12.94,7.99,3.95,5.89,9.84,76.22,127.33,103.43,74.8,1.38,1.02,1.7,1.27,16,9.2,154
6197,佳必琪,電子零組件業,8.67,7512846000.0,866533564.0138408,4.9,9009814506.906425,10.4,20.05,21.66,11.8,33.46,122.72,347.98,208.52,320.5,0.65,0.38,1.09,1.55,9,28.93,79
5508,永信建,建材營造,3.06,2428176000.0,793521568.627451,1.98,2671533607.290534,3.37,12.84,16.06,6.23,22.29,21.0,75.12,43.29,55.6,0.78,0.38,1.35,49.39,43,1.14,2
5498,凱崴,電子零組件業,0.0,1359340000.0,0.0,0.0,2124732749.0171175,0.0,543.77,107.5,480.0,587.5,0.0,0.0,0.0,66.2,0.0,0.0,0.0,10.75,30,295.32,183
5493,三聯,其他電子類,4.18,5359000000.0,1282057416.2679427,2.38,6264581753.511814,4.89,19.03,26.06,11.24,37.3,54.96,182.4,93.07,89.0,1.05,0.62,2.05,8.74,18,37.81,49
5490,同亨,電腦及週邊設備業,1.69,1522742000.0,901030769.2307693,0.93,1718057920.065534,1.91,27.45,57.81,15.33,73.14,29.28,139.7,52.44,29.1,1.8,1.01,4.8,1.52,18,35.13,88
5489,彩富,其他電子類,2.0,1653712000.0,826856000.0,1.12,1896355963.6528244,2.29,32.53,57.17,16.19,73.36,37.08,167.99,74.5,39.9,1.87,0.93,4.21,13.54,21,21.58,15
6199,天品,其他,0.32,226939000.0,709184375.0,0.64,2107819476.481356,2.97,223.66,604.32,50.94,655.26,151.29,1946.12,664.27,92.3,7.2,1.64,21.08,334.55,177,23.88,84
5523,豐謙,建材營造,-0.08,5246000.0,0.0,0.0,5262328.145842597,0.0,25.77,47.14,9.22,56.36,0.0,0.0,0.0,30.45,0.0,0.0,0.0,3.84,98,1.0,1
5525,順天,建材營造,1.4,747859000.0,534185000.00000006,7.9,10876730387.115555,20.36,22.87,39.55,8.37,47.92,170.41,975.65,465.58,22.2,20.97,7.68,43.95,28.69,43,1.22,10
5529,鉅陞,建材營造,2.02,78043000.0,38635148.51485149,36.09,3504932719.9446073,90.72,10.47,6.69,7.19,13.88,652.28,1259.19,949.44,22.35,42.48,29.18,56.34,23.68,29,0.0,0
5530,龍巖,其他,2.74,4023918000.0,1468583211.678832,1.43,3619135737.9779425,2.46,16.79,11.74,13.31,25.05,32.74,61.62,41.3,49.55,0.83,0.66,1.24,23.54,7,4.51,28
5608,四維航,航運業,-0.12,3208452000.0,0.0,0.0,3195762624.5600595,0.0,63.71,4.13,61.52,65.65,0.0,0.0,0.0,14.9,0.0,0.0,0.0,5.2,16,26.52,171
6196,帆宣,其他電子業,15.43,51843750000.0,3359931950.7453012,9.81,62489133230.48559,18.6,19.47,24.48,12.02,36.5,223.57,678.9,362.06,541.0,0.67,0.41,1.25,7.93,18,56.57,86
5607,遠雄港,航運業,2.78,4051816000.0,1457487769.7841728,1.72,5475993438.618048,3.76,20.51,12.65,14.68,27.33,55.2,102.76,77.13,52.0,1.48,1.06,1.98,9.31,31,25.0,57
5603,陸海,航運業,0.4,1398865000.0,3497162500.0,0.2,1308312538.1571245,0.37,64.53,330.62,11.05,341.67,4.09,126.42,23.88,15.2,1.57,0.27,8.32,33.6,133,3.51,14
5601,台聯櫃,航運業,0.42,93551000.0,222740476.1904762,0.21,94526098.18025197,0.42,89.35,28.27,72.5,100.77,30.45,42.32,37.53,33.0,1.14,0.92,1.28,4.0,140,0.0,0
5547,久舜,建材營造,3.14,291501000.0,92834713.37579617,0.0,0.0,0.0,8.1,2.27,6.83,9.1,0.0,0.0,0.0,21.95,0.0,0.0,0.0,10.0,58,8.49,58
5546,永固-KY,建材營造,-2.13,2087510000.0,0.0,0.0,925485031.8262368,0.0,171.78,18.82,160.0,178.82,0.0,0.0,0.0,16.75,0.0,0.0,0.0,0.0,0,1.16,32
5543,桓鼎-KY,建材營造,-2.51,3144157000.0,0.0,0.0,3305651471.5461893,0.0,0.0,0.0,0.0,0.0,0.0,0.0,0.0,29.5,0.0,0.0,0.0,14.9,15,47.89,176
5538,東明-KY,鋼鐵工業,3.02,12673987000.0,4196684437.0860925,1.64,13618975280.140825,3.25,14.83,23.41,8.94,32.35,29.06,105.14,48.19,32.05,1.5,0.91,3.28,23.17,109,3.92,15
5536,聖暉*,其他電子類,28.42,41109272000.0,1446490921.8859956,16.77,51625045111.609634,35.69,23.62,28.82,13.66,42.48,487.53,1516.11,843.14,1175.0,0.72,0.41,1.29,51.57,133,155.84,85
5534,長虹,建材營造,6.0,9314448000.0,1552408000.0,2.67,8074158271.08939,5.2,12.59,14.38,9.68,24.06,50.34,125.11,65.45,82.3,0.8,0.61,1.52,24.47,45,2.59,25
5533,皇鼎,建材營造,0.56,1128405000.0,2015008928.5714283,0.35,1269355973.8436244,0.63,15.44,17.13,9.21,26.34,5.8,16.59,9.73,14.05,0.69,0.41,1.18,1.45,45,0.28,1
5531,鄉林,建材營造,-0.28,3568155000.0,0.0,0.0,390761497.8430701,0.0,70.32,135.77,34.23,170.0,0.0,0.0,0.0,8.08,0.0,0.0,0.0,8.52,45,6.17,52
5548,安倉,建材營造,2.04,2476373000.0,1213908333.3333333,1.13,2732584760.5135202,2.25,13.19,8.61,8.96,17.57,20.16,39.53,29.67,23.4,1.27,0.86,1.69,9.19,73,0.75,1
5488,松普,電子零組件業,0.11,778399000.0,7076354545.454545,0.07,974661193.858657,0.14,228.43,1095.49,24.51,1120.0,3.43,156.8,31.98,12.35,2.59,0.28,12.7,26.85,148,15.15,59
6167,久正,光電業,-0.03,1173851000.0,0.0,0.0,1337563927.0292368,0.0,165.18,721.44,11.06,732.5,0.0,0.0,0.0,11.75,0.0,0.0,0.0,3.05,128,4.35,2
6128,上福,電腦及週邊設備業,-9.56,5257403000.0,0.0,0.0,5050681663.693739,0.0,11.76,3.76,10.18,13.94,0.0,0.0,0.0,20.95,0.0,0.0,0.0,0.26,18,0.65,2
6129,普誠,半導體業,-1.09,1113905000.0,0.0,0.0,1502593799.156515,0.0,0.0,0.0,0.0,0.0,0.0,0.0,0.0,15.7,0.0,0.0,0.0,6.79,28,68.81,79
6130,上亞科技,生技醫療業,-1.72,155618000.0,0.0,0.0,159416555.55555555,0.0,0.0,0.0,0.0,0.0,0.0,0.0,0.0,24.1,0.0,0.0,0.0,43.08,29,29.81,178
6109,亞元,通信網路業,-0.94,758747000.0,0.0,0.0,950583765.9569541,0.0,137.74,30.5,115.5,146.0,0.0,0.0,0.0,11.15,0.0,0.0,0.0,7.55,113,41.06,123
6133,金橋,電子工業,0.73,1370459000.0,1877341095.890411,0.38,1528081050.9794135,0.81,43.87,81.44,18.56,100.0,15.03,81.0,35.53,23.5,1.51,0.64,3.45,69.97,133,63.0,183
6108,競國,電子零組件業,-0.88,4214668000.0,0.0,0.0,4743314388.641526,0.0,33.43,64.93,7.75,72.68,0.0,0.0,0.0,18.95,0.0,0.0,0.0,0.97,21,11.7,59
6134,萬旭,電子零組件業,0.12,1862157000.0,15517975000.0,0.08,2773921001.559161,0.18,300.58,793.36,64.14,857.5,11.55,154.35,54.11,35.05,1.54,0.33,4.4,91.3,121,42.0,60
6136,富爾特,通信網路業,0.88,605803000.0,688412500.0,0.51,742909022.7548457,1.08,26.71,16.33,22.88,39.21,24.71,42.35,28.84,25.15,1.15,0.98,1.68,5.19,18,1.04,17
6138,茂達,半導體業,13.04,7357134000.0,564197392.6380368,7.06,8424373841.018158,14.93,19.55,14.37,12.74,27.11,190.21,404.75,291.87,312.5,0.93,0.61,1.3,4.89,126,49.09,140
6139,亞翔,其他電子業,30.49,70821098000.0,2322764775.336176,20.22,133238790599.87805,57.36,17.63,19.32,9.46,28.78,542.63,1650.82,1011.43,812.0,1.25,0.67,2.03,17.44,17,128.3,183
6140,訊達,資訊服務業,-2.01,2476215000.0,0.0,0.0,1775906016.277956,0.0,37.3,34.25,21.76,56.01,0.0,0.0,0.0,21.35,0.0,0.0,0.0,9.14,3,13.88,28
6104,創惟,半導體業,5.62,4008734000.0,713297864.7686833,2.95,4055824439.1794715,5.69,40.04,72.15,14.34,86.49,81.59,492.13,227.82,99.1,2.3,0.82,4.97,73.21,172,3.29,16
6141,柏承,電子工業,-4.65,1834584000.0,0.0,0.0,1929585385.70334,0.0,0.0,0.0,0.0,0.0,0.0,0.0,0.0,35.6,0.0,0.0,0.0,10.06,21,21.81,60
6111,光聚晶電,文化創意業,-4.62,7140131000.0,0.0,0.0,17311691193.16236,0.0,741.84,1839.4,57.27,1896.67,0.0,0.0,0.0,44.9,0.0,0.0,0.0,5.68,10,6.75,101
6103,合邦,半導體業,-0.56,84771000.0,0.0,0.0,101608493.43285157,0.0,393.23,3912.23,12.77,3925.0,0.0,0.0,0.0,34.0,0.0,0.0,0.0,34.78,183,3.46,31
6112,邁達特,資訊服務業,1.82,21632169000.0,11885807142.857143,1.04,26393299441.9515,2.22,802.59,5690.5,19.5,5710.0,43.29,12676.2,1781.74,45.5,39.16,0.95,278.6,11.76,29,15.46,23
6116,彩晶,光電業,-0.75,11477038000.0,0.0,0.0,11469043902.01253,0.0,0.0,0.0,0.0,0.0,0.0,0.0,0.0,16.6,0.0,0.0,0.0,3.43,4,18.68,101
6117,迎廣,電子工業,3.77,3198480000.0,848403183.0238727,2.01,3551580797.048895,4.19,26.7,35.17,15.58,50.75,65.28,212.64,111.86,75.5,1.48,0.86,2.82,2.26,30,10.89,15
6118,建達,電子通路業,0.4,9901791000.0,24754477500.0,0.2,10234543112.607107,0.41,41.18,60.83,25.3,86.13,10.37,35.31,16.88,17.0,0.99,0.61,2.08,7.01,29,68.32,73
6114,久威,電子零組件業,2.66,897454000.0,337388721.80451125,1.2,720105601.8932964,2.13,27.63,77.61,7.05,84.66,15.02,180.33,58.85,29.45,2.0,0.51,6.12,50.55,80,3.86,1
6120,達運,光電業,-0.19,17216314000.0,0.0,0.0,15604365938.665081,0.0,40.7,33.93,24.61,58.54,0.0,0.0,0.0,13.8,0.0,0.0,0.0,1.23,18,30.66,178
6121,新普,電腦及週邊設備業,30.6,80560816000.0,2632706405.228758,15.27,85320954332.08722,32.41,12.53,4.68,10.08,14.76,326.69,478.37,406.04,421.0,0.96,0.78,1.14,4.78,9,7.95,50
6122,擎邦,電機機械,4.78,4104869000.0,858759205.0209205,2.22,3903493091.213258,4.55,10.47,6.05,8.27,14.32,37.63,65.16,47.66,47.0,1.01,0.8,1.39,6.11,56,5.19,35
6113,亞矽,電子通路業,-0.25,646000000.0,0.0,0.0,846029815.4439666,0.0,369.38,515.93,84.07,600.0,0.0,0.0,0.0,28.95,0.0,0.0,0.0,0.0,0,3.11,2
6124,業強,電子零組件業,-0.98,1808813000.0,0.0,0.0,1858886182.6804714,0.0,0.0,0.0,0.0,0.0,0.0,0.0,0.0,30.2,0.0,0.0,0.0,21.4,126,29.21,29
6126,信音,電子零組件業,0.72,3836487000.0,5328454166.666667,0.51,5550659930.102412,1.04,31.08,33.41,19.03,52.44,19.79,54.54,32.32,39.4,0.82,0.5,1.38,19.79,25,41.06,115
6127,九豪,電子零組件業,0.46,978519000.0,2127215217.3913043,0.24,969998818.8948842,0.46,150.79,339.11,32.56,371.67,14.98,170.97,69.36,76.5,0.91,0.2,2.23,34.51,21,63.41,183
6101,寬魚國際,文化創意業,-0.19,1024378000.0,0.0,0.0,2747126750.388236,0.0,124.33,196.6,46.93,243.53,0.0,0.0,0.0,40.45,0.0,0.0,0.0,5.02,65,4.41,53
6160,欣技,電腦及週邊設備業,-1.19,1229032000.0,0.0,0.0,1036953550.7415651,0.0,0.0,0.0,0.0,0.0,0.0,0.0,0.0,16.55,0.0,0.0,0.0,20.93,18,4.73,98
6161,捷波,電腦及週邊設備業,2.71,1391277000.0,513386346.86346865,1.43,1772451392.8783948,3.45,16.17,11.87,11.37,23.24,39.23,80.18,55.8,52.2,1.07,0.75,1.54,3.4,1,41.15,98
6023,元大期,金融業,8.45,3633121000.0,429955147.9289941,5.28,4600201662.229895,10.7,11.95,3.49,10.23,13.72,109.46,146.8,127.87,99.5,1.29,1.1,1.48,4.5,16,17.59,163
6021,美好證,金融業,3.75,2015939000.0,537583733.3333334,5.63,58801584778.76174,109.38,16.97,23.72,5.4,29.12,590.65,3185.15,1856.41,41.05,45.22,14.39,77.59,27.39,3,34.62,150
6164,華興,光電業,0.07,754335000.0,10776214285.714285,0.04,649951307.5108625,0.06,103.73,661.32,16.18,677.5,0.97,40.65,6.22,12.85,0.48,0.08,3.16,5.81,18,5.22,183
6020,大展證,金融業,0.38,271592000.0,714715789.4736842,1.33,11420576651.07247,15.98,42.91,71.59,14.5,86.09,231.71,1375.72,685.64,22.8,30.07,10.16,60.34,3.42,22,1.87,86
6016,康和證,金融業,1.92,3881404000.0,2021564583.3333335,3.44,41062945779.58223,20.31,28.58,129.87,5.13,135.0,104.19,2741.85,580.46,29.1,19.95,3.58,94.22,3.03,21,17.75,113
6015,宏遠證,金融業,0.76,1429585000.0,1881032894.7368422,1.09,7590864475.743025,4.04,61.05,274.87,7.63,282.5,30.83,1141.3,246.63,18.4,13.4,1.68,62.03,4.69,7,6.07,113
6005,群益證,金融保險,2.64,18678452000.0,7075171212.121212,2.47,40749246054.4681,5.76,11.26,5.19,8.53,13.72,49.13,79.03,64.88,39.75,1.63,1.24,1.99,4.73,7,15.61,113
5907,大洋-KY,貿易百貨,-4.55,2793027000.0,0.0,0.0,2570149419.438242,0.0,0.0,0.0,0.0,0.0,0.0,0.0,0.0,4.99,0.0,0.0,0.0,58.37,128,0.0,0
6166,凌華,電子工業,2.35,12101599000.0,5149616595.74468,1.46,15625136408.942095,3.03,253.44,1223.29,23.38,1246.67,70.84,3777.41,767.91,138.0,5.56,0.51,27.37,6.31,18,11.43,50
5906,台南-KY,貿易百貨,1.0,1692931000.0,1692931000.0,0.5,1626897555.8163347,0.96,35.54,42.76,23.98,66.74,23.02,64.07,34.12,45.4,0.75,0.51,1.41,1.66,67,10.28,128
6024,群益期,金融保險,5.48,2946386000.0,537661678.8321167,1.4,1430137574.552833,2.66,10.32,4.67,7.71,12.38,20.51,32.93,27.45,61.8,0.44,0.33,0.53,0.0,0,1.98,182
6026,福邦證,金融業,1.72,1113064000.0,647130232.5581396,1.34,2473904966.2909255,3.82,19.95,79.06,7.01,86.07,26.78,328.79,76.22,17.05,4.47,1.57,19.28,6.21,23,8.26,149
6158,禾昌,電子零組件業,0.11,1823143000.0,16574027272.727272,0.05,1717871314.7679794,0.1,34.64,170.8,15.56,186.36,1.56,18.64,3.46,17.75,0.19,0.09,1.05,15.51,128,6.91,63
6156,松上,電子零組件業,0.44,4962621000.0,11278684090.90909,0.26,5332836455.173445,0.47,19.59,37.91,9.65,47.56,4.54,22.35,9.21,22.9,0.4,0.2,0.98,59.01,133,7.41,31
6142,友勁,通信網路業,-0.26,1786173000.0,0.0,0.0,1768975057.966926,0.0,0.0,0.0,0.0,0.0,0.0,0.0,0.0,8.54,0.0,0.0,0.0,37.6,133,20.02,81
6143,振曜,通信網路業,6.46,8607320000.0,1332402476.7801857,3.17,9408853644.262468,7.06,19.47,15.68,13.22,28.9,93.33,204.03,137.45,88.6,1.55,1.05,2.3,13.41,73,28.81,85
6028,公勝保經,金融業,8.27,0.0,0.0,0.0,0.0,0.0,11.37,2.87,9.97,12.84,0.0,0.0,0.0,79.1,0.0,0.0,0.0,64.97,113,5.88,23
6146,耕興,其他電子類,10.78,4489524000.0,416467903.5250464,5.76,4814923558.870917,11.56,16.13,9.58,12.56,22.14,145.19,255.94,186.52,194.0,0.96,0.75,1.32,7.52,30,12.09,86
6147,頎邦,半導體業,3.73,21413608000.0,5740913672.922252,2.07,24328392164.74289,4.24,17.15,79.71,9.62,89.33,40.79,378.76,72.7,227.5,0.32,0.18,1.66,0.15,3,0.0,0
6148,驊宏資,資訊服務業,1.36,968037000.0,711791911.7647058,0.41,602519881.2736104,0.85,28.31,37.09,11.95,49.04,10.16,41.68,24.07,33.0,0.73,0.31,1.26,7.8,29,2.73,1
6151,晉倫,其他電子類,1.16,1695815000.0,1461909482.7586207,0.65,1851219515.632297,1.27,24.25,25.82,17.09,42.91,21.7,54.5,30.8,40.65,0.76,0.53,1.34,130.91,140,26.35,63
6152,百一,通信網路業,-1.47,1585496000.0,0.0,0.0,1908863913.3247755,0.0,163.16,52.0,145.5,197.5,0.0,0.0,0.0,14.5,0.0,0.0,0.0,58.0,87,19.84,50
6153,嘉聯益,電子工業,-4.38,5515837000.0,0.0,0.0,5128470737.634157,0.0,0.0,0.0,0.0,0.0,0.0,0.0,0.0,23.1,0.0,0.0,0.0,22.54,21,52.05,128
6154,順發,電子通路業,0.51,3894760000.0,7636784313.72549,0.26,4111336967.1454864,0.54,32.19,302.52,15.48,318.0,8.36,171.72,17.38,14.2,1.22,0.59,12.09,0.0,0,0.0,0
6155,鈞寶,電子工業,0.74,621894000.0,840397297.2972974,0.42,717695529.3618373,0.85,75.07,299.65,18.35,318.0,15.6,270.3,63.81,87.6,0.73,0.18,3.09,11.11,30,99.56,175
6150,撼訊,電腦及週邊設備業,2.62,7670408000.0,2927636641.221374,0.94,5435657318.259805,1.86,179.11,329.2,15.3,344.5,28.46,640.77,333.14,63.7,5.23,0.45,10.06,9.2,143,33.53,119
5487,通泰,半導體業,-0.53,168084000.0,0.0,0.0,147442711.89597115,0.0,0.0,0.0,0.0,0.0,0.0,0.0,0.0,27.8,0.0,0.0,0.0,25.07,95,1.23,9
6201,亞弘電,其他電子業,3.71,3442014000.0,927766576.819407,1.62,2865412325.8343153,3.09,12.8,4.6,10.9,15.5,33.68,47.9,39.56,48.0,0.82,0.7,1.0,2.68,21,4.96,46
5347,世界,半導體業,4.3,47964760000.0,11154595348.83721,2.31,52565973727.46824,4.71,24.61,25.4,17.74,43.14,83.56,203.19,115.89,171.5,0.68,0.49,1.18,27.93,14,12.24,99
6269,台郡,電子零組件業,-6.95,22414698000.0,0.0,0.0,22684950274.28524,0.0,32.27,46.35,12.99,59.34,0.0,0.0,0.0,73.3,0.0,0.0,0.0,9.95,4,31.85,72
6270,倍微,電子通路業,1.08,2772394000.0,2567031481.481481,0.57,2795932228.160096,1.09,49.54,108.84,15.99,124.83,17.43,136.06,54.0,34.35,1.57,0.51,3.96,18.51,30,8.47,51
6271,同欣電,半導體業,7.64,11595081000.0,1517680759.1623037,3.82,11480085041.32269,7.56,17.8,28.42,10.23,38.65,77.34,292.19,134.55,224.5,0.6,0.34,1.3,4.23,29,26.21,140
6272,驊陞,電子工業,3.42,688946000.0,201446198.83040935,0.0,0.0,0.0,13.42,10.09,9.84,19.93,0.0,0.0,0.0,32.05,0.0,0.0,0.0,40.75,28,18.62,77
5344,立衛,半導體業,-0.38,334902000.0,0.0,0.0,397864898.28096753,0.0,34.89,31.0,21.27,52.27,0.0,0.0,0.0,15.6,0.0,0.0,0.0,10.05,8,33.59,73
5340,建榮,電子零組件業,1.2,2256598000.0,1880498333.3333335,0.68,2679251458.1657376,1.42,78.6,178.97,33.53,212.5,47.61,301.75,111.61,88.5,1.26,0.54,3.41,0.51,1,55.3,176
6274,台燿,電子零組件業,12.13,29179204000.0,2405540313.272877,9.44,51446409213.072075,21.39,34.94,110.95,12.24,123.19,261.81,2635.03,747.39,1610.0,0.46,0.16,1.64,10.15,88,104.62,179
5328,華容,電子零組件業,0.39,881581000.0,2260464102.5641026,0.22,995078644.8970395,0.44,58.88,107.67,27.69,135.36,12.18,59.56,25.91,51.2,0.51,0.24,1.16,30.24,170,73.54,171
5324,士開,建材營造,-0.05,1340608000.0,0.0,0.0,891042312.7150763,0.0,49.7,143.77,10.67,154.44,0.0,0.0,0.0,12.15,0.0,0.0,0.0,8.27,45,5.11,11
6276,安鈦克,電腦及週邊設備業,0.93,1457611000.0,1567323655.9139783,0.3,850767955.278992,0.54,42.61,21.07,32.12,53.19,17.34,28.72,23.01,25.35,0.91,0.68,1.13,0.0,0,13.86,9
6277,宏正,電子工業,3.08,4892149000.0,1588360064.9350648,1.66,5295565902.991539,3.33,18.27,10.75,14.17,24.92,47.19,82.98,60.82,72.5,0.84,0.65,1.14,0.6,11,3.84,175
5351,鈺創,半導體業,-1.53,3643776000.0,0.0,0.0,17132658116.86983,0.0,87.89,19.07,76.7,95.77,0.0,0.0,0.0,90.6,0.0,0.0,0.0,1.52,7,66.32,149
6266,泰詠,電子零組件業,2.04,3364052000.0,1649045098.0392156,0.98,3264566193.468836,1.98,14.07,6.26,11.07,17.33,21.92,34.31,27.85,25.4,1.1,0.86,1.35,0.28,1,0.0,0
6245,立端,通信網路業,4.37,7302201000.0,1670984210.5263157,2.11,7208919391.233948,4.31,15.81,10.9,11.61,22.51,50.04,97.02,68.12,81.3,0.84,0.62,1.19,3.13,25,17.54,72
6246,臺龍,光電業,1.14,1619848000.0,1420919298.245614,0.47,1343975033.493848,0.95,24.13,24.04,13.07,37.11,12.42,35.25,22.92,15.3,1.5,0.81,2.3,96.05,129,50.37,70
5388,中磊,電子工業,4.04,53084553000.0,13139740841.584158,2.76,78057056484.79915,5.94,16.02,12.15,11.18,23.33,66.41,138.58,95.14,84.2,1.13,0.79,1.65,7.46,15,14.04,46
6248,沛波,鋼鐵工業,1.53,7839072000.0,5123576470.588235,0.62,5913373694.189358,1.15,11.02,13.18,5.43,18.61,6.24,21.4,12.67,18.2,0.7,0.34,1.18,11.2,102,1.2,3
5386,青雲,電腦及週邊設備業,8.78,5565492000.0,633882915.7175399,22.65,29778797416.36397,46.98,25.15,52.42,8.21,60.63,385.71,2848.4,1181.46,499.0,2.37,0.77,5.71,57.04,73,7.78,175
5371,中光電,光電業,0.95,39194727000.0,41257607368.42105,0.48,43373522168.90828,1.05,59.59,102.96,22.37,125.33,23.49,131.6,62.57,67.8,0.92,0.35,1.94,0.0,0,129.42,79
6257,矽格,半導體業,6.15,19395856000.0,3153797723.5772357,3.49,22600346943.98936,7.17,17.76,25.48,9.95,35.43,71.34,254.03,127.31,214.0,0.59,0.33,1.19,2.24,24,44.57,140
5356,協益,電腦及週邊設備業,0.44,3440781000.0,7819956818.181818,0.21,3274501675.643315,0.42,24.56,57.75,4.18,61.93,1.76,26.01,10.32,27.95,0.37,0.06,0.93,0.51,3,1.89,10
5355,佳總,電子零組件業,-1.12,454197000.0,0.0,0.0,514704697.1772117,0.0,0.0,0.0,0.0,0.0,0.0,0.0,0.0,7.0,0.0,0.0,0.0,18.83,17,39.33,63
6259,百徽,電子零組件業,0.71,459318000.0,646926760.5633804,0.5,615956915.5751908,0.95,32.47,30.95,17.94,48.89,17.04,46.45,30.84,31.8,0.97,0.54,1.46,1.3,14,7.69,51
6261,久元,半導體業,4.24,4107857000.0,968834198.1132075,2.23,4436435607.9703865,4.58,17.02,19.1,12.46,31.56,57.07,144.54,77.97,94.6,0.82,0.6,1.53,14.13,18,11.67,178
6263,普萊德,通信網路業,8.32,1881342000.0,226122836.53846154,4.27,1930537579.9590151,8.54,17.86,8.47,14.42,22.89,123.15,195.48,152.53,160.0,0.95,0.77,1.22,3.88,100,4.44,37
6264,富裔,建材營造,-0.5,117286000.0,0.0,0.0,173520899.96177578,0.0,164.84,36.6,154.0,190.6,0.0,0.0,0.0,6.08,0.0,0.0,0.0,13.61,30,4.41,21
5353,台林,通信網路業,1.38,1819058000.0,1318157971.0144928,0.72,1950917920.6978533,1.48,16.81,15.12,10.33,25.45,15.29,37.67,24.88,31.3,0.79,0.49,1.2,9.66,168,0.0,0
6278,台表科,光電業,9.39,49870351000.0,5311006496.27263,4.81,50705758849.57234,9.55,11.85,19.9,8.24,28.14,78.69,268.74,113.12,209.5,0.54,0.38,1.28,13.93,16,4.07,23
5315,光聯,光電業,1.89,2009859000.0,1063417460.3174604,0.88,1862868943.9240408,1.75,18.61,21.02,11.63,32.65,20.35,57.14,32.57,22.85,1.43,0.89,2.5,27.11,169,8.87,164
6290,良維,電子零組件業,8.72,10099931000.0,1158248967.889908,4.59,10989871940.734295,9.49,18.85,33.26,9.56,42.82,90.72,406.36,178.84,296.5,0.6,0.31,1.37,3.32,28,100.91,143
6291,沛亨,半導體業,6.6,2053233000.0,311095909.0909091,4.31,2912376592.6845207,9.36,28.92,70.35,8.97,79.32,83.96,742.44,270.7,544.0,0.5,0.15,1.36,0.0,0,138.98,84
5289,宜鼎,電腦及週邊設備業,21.83,13168865000.0,603246220.7970684,48.46,72124638512.61745,119.56,27.68,57.63,16.03,73.66,1916.55,8806.79,3309.18,1955.0,1.69,0.98,4.5,5.61,17,134.45,150
5288,豐祥-KY,電機機械,12.26,6818895000.0,556190456.7699836,7.72,7998398111.418222,14.38,10.96,8.27,7.61,15.88,109.43,228.35,157.54,183.0,0.86,0.6,1.25,13.87,112,9.33,17
6292,迅德,電子零組件業,2.0,1000924000.0,500462000.0,1.18,1275332431.0379128,2.55,29.48,87.31,8.52,95.83,21.73,244.37,75.17,67.6,1.11,0.32,3.61,0.0,0,2.12,11
6294,智基,文化創意業,2.78,986608000.0,354894964.028777,1.28,846869382.3611901,2.39,20.01,29.4,10.27,39.67,24.55,94.81,47.83,28.65,1.67,0.86,3.31,6.93,51,19.14,63
5285,界霖,電子工業,1.54,5320040000.0,3454571428.5714283,0.84,5843984399.708198,1.69,28.37,32.29,15.0,47.29,25.35,79.92,47.95,87.8,0.55,0.29,0.91,3.3,98,21.83,140
6405,悅城,光電業,-1.27,927000.0,0.0,0.0,447161.4100185529,0.0,0.0,0.0,0.0,0.0,0.0,0.0,0.0,59.1,0.0,0.0,0.0,99.4,128,28.05,133
6409,旭隼,其他電子業,40.23,20524460000.0,510177976.6343525,18.46,18468301797.645527,36.2,30.94,40.93,17.59,58.52,636.76,2118.42,1120.18,903.0,1.24,0.71,2.35,34.66,99,0.0,0
6411,晶焱,半導體業,3.18,2456141000.0,772371383.6477987,1.71,2742733821.522141,3.55,22.55,23.56,12.83,36.39,45.55,129.18,80.05,96.4,0.83,0.47,1.34,6.47,25,47.66,136
6412,群電,電子工業,5.2,34938697000.0,6718980192.307693,2.37,31373620192.042747,4.67,15.05,10.19,10.19,20.38,47.59,95.17,70.28,91.6,0.77,0.52,1.04,4.71,3,10.62,21
5291,邑昇,電子零組件業,0.32,1077231000.0,3366346875.0,0.2,1376380514.3239448,0.41,119.94,202.51,49.1,251.61,20.13,103.16,49.17,63.7,0.77,0.32,1.62,2.25,24,16.23,169
5292,華懋,綠能環保,10.16,2797518000.0,275346259.8425197,4.69,2752812604.1639047,10.0,17.09,14.16,12.53,26.69,125.3,266.9,170.9,224.0,0.76,0.56,1.19,4.3,18,16.22,87
6285,啟碁,電子工業,6.4,110508716000.0,17266986875.0,3.59,120669546114.79524,6.99,20.57,34.28,12.77,47.05,89.26,328.88,143.81,265.5,0.54,0.34,1.24,6.25,4,7.0,71
6279,胡連,電子零組件業,10.96,9789266000.0,893181204.379562,5.45,10042141013.541773,11.24,12.85,6.66,9.59,16.25,107.79,182.65,144.39,118.0,1.22,0.91,1.55,13.17,100,13.58,74
6281,全國電,電子工業,3.7,18994144000.0,5133552432.432432,1.8,18383274266.352123,3.58,16.7,5.1,13.2,18.3,47.26,65.51,59.79,51.5,1.16,0.92,1.27,0.36,9,0.83,1
6282,康舒,電子工業,0.18,31582716000.0,175459533333.33334,0.1,37942901249.48787,0.22,1148.79,2880.8,99.2,2980.0,21.82,655.6,252.73,57.7,4.38,0.38,11.36,6.2,18,74.81,135
5312,寶島科,生技醫療業,6.41,4132651000.0,644719344.773791,3.52,4686494248.026702,7.27,15.07,8.9,12.38,21.28,90.0,154.71,109.56,96.0,1.14,0.94,1.61,5.14,171,1.29,1
6244,茂迪,光電業,0.13,3097487000.0,23826823076.923077,0.07,3203949228.590544,0.13,77.86,329.03,25.41,354.44,3.3,46.08,10.12,29.1,0.35,0.11,1.58,25.95,18,21.08,183
5310,天剛,資訊服務業,0.52,992000.0,1907692.3076923075,0.13,519118.64406779665,0.27,54.64,367.82,12.89,380.71,3.48,102.79,14.75,24.9,0.59,0.14,4.13,44.95,53,0.44,30
6283,淳安,其他電子業,-0.22,1845136000.0,0.0,0.0,1775474087.8104017,0.0,35.83,45.51,21.72,67.23,0.0,0.0,0.0,23.65,0.0,0.0,0.0,9.34,133,46.3,72
6284,佳邦,電子零組件業,4.36,7575483000.0,1737496100.917431,2.03,6976661013.188771,4.02,15.49,31.56,8.7,40.26,34.97,161.85,62.27,100.5,0.62,0.35,1.61,15.12,24,23.14,140
5302,太欣,半導體業,-0.11,18269000.0,0.0,0.0,37605196.34164331,0.0,0.0,0.0,0.0,0.0,0.0,0.0,0.0,12.7,0.0,0.0,0.0,13.73,21,52.7,58
5299,杰力,半導體業,4.58,1515551000.0,330906331.87772924,2.33,1424469287.1954348,4.3,18.06,15.27,11.13,26.4,47.86,113.52,77.66,103.5,0.75,0.46,1.1,3.0,24,8.97,137
5309,系統電,電子零組件業,0.27,3337464000.0,12360977777.777777,0.15,3553312957.33148,0.29,183.98,596.28,27.05,623.33,7.84,180.77,53.35,66.9,0.8,0.12,2.7,38.74,161,116.5,87
6243,迅杰,電子工業,-0.51,651120000.0,0.0,0.0,330255968.0167185,0.0,117.77,327.87,25.77,353.64,0.0,0.0,0.0,31.2,0.0,0.0,0.0,0.0,0,3.68,2
5392,能率,光電業,-0.28,8728682000.0,0.0,0.0,8829025710.716337,0.0,284.12,607.13,52.87,660.0,0.0,0.0,0.0,43.9,0.0,0.0,0.0,18.99,18,83.94,101
5474,聰泰,電腦及週邊設備業,5.49,1444285000.0,263075591.98542804,2.38,1450878673.0927515,5.52,26.83,22.29,16.92,39.21,93.4,216.44,148.09,174.5,0.85,0.54,1.24,38.72,23,23.82,87
6214,精誠,資訊服務業,7.9,43098943000.0,5455562405.063291,4.62,54673539312.495766,10.02,18.14,11.33,12.79,24.12,128.16,241.68,181.8,141.0,1.29,0.91,1.71,29.13,175,18.34,115
5471,松翰,電子工業,0.72,2689883000.0,3735948611.111111,0.44,3207210003.419533,0.86,43.56,40.29,27.66,67.95,23.79,58.44,37.46,57.5,0.65,0.41,1.02,4.78,21,20.67,92
6215,和椿,其他電子業,2.09,2411631000.0,1153890430.6220098,1.46,3768330502.0845594,3.27,55.89,60.9,28.53,89.43,93.29,292.44,182.77,106.5,1.72,0.88,2.75,23.67,183,51.94,58
5469,瀚宇博,電子零組件業,6.05,55369479000.0,9151980000.0,3.49,72291010388.34338,7.9,11.77,11.85,6.22,18.07,49.14,142.75,92.96,85.7,1.08,0.57,1.67,3.24,128,78.97,168
6216,居易,通信網路業,0.61,760941000.0,1247444262.295082,0.24,541179851.067071,0.43,45.98,390.79,10.04,400.83,4.32,172.36,19.77,22.75,0.87,0.19,7.58,13.46,135,1.88,50
5468,凱鈺,半導體業,-0.65,164049000.0,0.0,0.0,234523877.18386024,0.0,438.83,68.75,406.25,475.0,0.0,0.0,0.0,26.25,0.0,0.0,0.0,38.43,9,33.71,175
5465,富驊,電腦及週邊設備業,1.29,5633240000.0,4366852713.178294,0.45,3460822176.122726,0.79,19.79,14.81,13.88,28.69,10.97,22.67,15.63,26.2,0.6,0.42,0.87,14.3,169,10.71,9
5464,霖宏,電子零組件業,-2.6,967415000.0,0.0,0.0,1215638053.761851,0.0,27.31,44.96,11.64,56.6,0.0,0.0,0.0,70.0,0.0,0.0,0.0,0.29,2,0.34,2
5460,同協,電子零組件業,-0.17,234145000.0,0.0,0.0,258544957.44892216,0.0,121.06,237.16,46.59,283.75,0.0,0.0,0.0,15.45,0.0,0.0,0.0,58.74,87,25.17,66
5457,宣德,電子零組件業,2.77,24329570000.0,8783238267.148014,1.24,23680326170.740612,2.7,23.66,57.55,12.27,69.82,33.13,188.51,63.87,38.45,1.66,0.86,4.9,7.46,171,24.13,99
6217,中探針,電子零組件業,-1.68,3644431000.0,0.0,0.0,4845404298.694129,0.0,0.0,0.0,0.0,0.0,0.0,0.0,0.0,235.5,0.0,0.0,0.0,20.13,18,118.94,126
6213,聯茂,電子零組件業,4.16,32363618000.0,7779715865.384615,2.52,39595018266.206665,5.09,35.94,52.16,21.31,73.47,108.47,373.96,182.95,258.0,0.71,0.42,1.45,17.39,18,55.15,74
6212,理銘,建材營造,3.95,3083792000.0,780706835.443038,0.72,665093956.053569,0.85,8.0,10.62,4.19,14.81,3.56,12.59,6.8,28.25,0.24,0.13,0.45,48.44,59,0.0,0
5475,德宏,電子零組件業,-0.16,829935000.0,0.0,0.0,1759046039.8291976,0.0,1206.24,389.13,1002.17,1391.3,0.0,0.0,0.0,230.5,0.0,0.0,0.0,40.0,22,261.74,176
6202,盛群,半導體業,0.76,3073437000.0,4043996052.631579,0.41,3246610669.3944354,0.8,154.22,433.15,58.39,491.54,46.71,393.23,123.37,62.0,1.99,0.75,6.34,6.5,21,0.0,0
5484,慧友,電子工業,-0.59,458727000.0,0.0,0.0,973694381.4315711,0.0,130.7,54.6,101.89,156.49,0.0,0.0,0.0,46.8,0.0,0.0,0.0,94.26,18,40.36,73
6203,海韻電,電子零組件業,5.51,2765536000.0,501912159.70961887,2.09,2153554166.7036796,4.29,20.41,44.18,9.65,53.83,41.4,230.93,87.56,67.0,1.31,0.62,3.45,2.09,18,14.8,163
6204,艾華,電子零組件業,1.18,380189000.0,322194067.7966102,0.63,395754546.2598826,1.23,48.24,108.39,6.41,114.8,7.88,141.2,59.34,102.0,0.58,0.08,1.38,13.26,18,35.84,136
6205,詮欣,電子工業,2.0,1369150000.0,684575000.0,0.91,1153465008.0285072,1.68,28.19,39.49,14.8,54.29,24.86,91.21,47.36,80.4,0.59,0.31,1.13,7.46,17,5.25,2
5455,昇益,建材營造,3.46,2170879000.0,627421676.300578,0.01,8155458.626921701,0.01,8.65,13.19,3.45,16.64,0.03,0.17,0.09,26.9,0.0,0.0,0.01,56.38,59,0.0,0
6206,飛捷,電子工業,6.9,5108829000.0,740410000.0,4.3,5987200722.210986,8.09,15.85,17.18,11.81,28.99,95.54,234.53,128.23,129.0,0.99,0.74,1.82,9.38,18,15.64,30
6207,雷科,電子零組件業,0.9,1250009000.0,1388898888.8888888,0.43,1054590926.9196726,0.76,46.23,226.12,16.74,242.86,12.72,184.57,35.14,149.5,0.24,0.09,1.23,17.01,18,78.52,72
6209,今國光,光電業,0.93,3477742000.0,3739507526.88172,0.64,5522698186.466954,1.48,147.18,253.12,38.73,291.85,57.32,431.94,217.83,95.3,2.29,0.6,4.53,0.78,18,158.61,179
5483,中美晶,半導體業,6.71,77689163000.0,11578116691.505217,3.45,79342702671.3372,6.85,16.84,18.34,9.14,27.48,62.61,188.24,115.37,175.0,0.66,0.36,1.08,9.65,28,37.17,129
5478,智冠,文化創意業,7.93,6441132000.0,812248675.9142497,4.52,7415554485.866945,9.13,16.17,16.1,11.41,27.51,104.17,251.17,147.64,106.0,1.39,0.98,2.37,5.24,10,6.86,106
6210,慶生,電子零組件業,-3.1,306659000.0,0.0,0.0,446079483.03156996,0.0,0.0,0.0,0.0,0.0,0.0,0.0,0.0,20.65,0.0,0.0,0.0,11.29,70,17.23,127
5284,jpp-KY,其他,12.06,3612748000.0,299564510.7794361,7.8,5396132155.029065,18.01,47.96,151.25,21.43,172.68,385.95,3109.97,863.83,385.0,2.24,1.0,8.08,38.28,172,55.77,172
5452,佶優,其他電子類,0.33,4978088000.0,15085115151.51515,0.16,4482818376.188624,0.3,86.64,104.56,41.02,145.58,12.31,43.67,25.99,33.9,0.77,0.36,1.29,80.92,18,8.65,74
6234,高僑,光電業,0.04,469080000.0,11727000000.0,0.02,604520073.2957312,0.05,139.13,1225.06,14.94,1240.0,0.75,62.0,6.96,41.6,0.17,0.02,1.49,14.48,18,52.04,49
6235,華孚,電子工業,2.9,6423856000.0,2215122758.62069,1.47,7047759219.844677,3.18,19.65,16.53,12.49,29.02,39.72,92.28,62.48,40.75,1.53,0.97,2.26,6.9,15,51.68,114
5434,崇越,電子工業,21.8,66554106000.0,3052940642.2018347,12.56,78391317928.1682,25.68,15.92,9.61,10.97,20.58,281.71,528.49,408.77,470.5,0.87,0.6,1.12,15.01,147,25.81,140
5426,振發,電腦及週邊設備業,0.52,1797107000.0,3455975000.0,0.29,1848519562.096096,0.53,140.94,840.85,16.65,857.5,8.82,454.48,74.7,37.55,1.99,0.23,12.1,11.7,147,27.43,7
6237,驊訊,半導體業,-1.53,494260000.0,0.0,0.0,705281052.5776318,0.0,0.0,0.0,0.0,0.0,0.0,0.0,0.0,45.0,0.0,0.0,0.0,4.03,127,33.42,78
5425,台半,半導體業,2.08,17898763000.0,8605174519.230768,1.08,18237869573.19768,2.12,32.32,35.48,18.96,54.44,40.2,115.41,68.51,98.3,0.7,0.41,1.17,0.0,0,36.96,127
5410,國眾,資訊服務業,2.35,4317858000.0,1837386382.9787233,1.84,6663696200.277707,3.63,16.0,11.32,11.66,22.98,42.33,83.42,58.07,46.2,1.26,0.92,1.81,0.38,18,40.39,109
6239,力成,半導體業,7.48,73223133000.0,9789188903.743315,4.51,98213940650.46562,10.03,18.68,36.17,8.95,45.12,89.77,452.55,187.4,346.5,0.54,0.26,1.31,6.63,28,37.88,135
5403,中菲,資訊服務業,8.56,3406899000.0,398002219.6261682,4.56,3271282896.277019,8.22,14.57,8.28,10.72,19.0,88.12,156.18,119.77,94.8,1.26,0.93,1.65,1.67,23,2.86,81
6241,鑫永洋,通信網路業,-0.16,692989000.0,0.0,0.0,632168186.1816719,0.0,25.95,47.11,9.89,57.0,0.0,0.0,0.0,13.75,0.0,0.0,0.0,66.43,129,6.25,122
6242,立康,生技醫療業,2.64,587446000.0,222517424.24242422,1.3,568623048.6250691,2.56,15.97,4.42,14.11,18.53,36.12,47.44,40.89,36.5,1.12,0.99,1.3,0.38,1,2.51,35
5398,慕康生醫,其他,0.35,233856000.0,668160000.0,0.09,171798459.9117692,0.26,83.7,67.12,50.76,117.88,13.2,30.65,21.76,18.15,1.2,0.73,1.69,30.15,150,42.56,177
6233,旺玖,半導體業,-0.16,392833000.0,0.0,0.0,368150575.9972761,0.0,155.61,503.06,46.94,550.0,0.0,0.0,0.0,23.4,0.0,0.0,0.0,2.94,4,16.37,73
6231,系微,資訊服務業,6.66,1682292000.0,252596396.3963964,3.55,1824396437.7199004,7.22,46.49,60.67,27.23,87.9,196.6,634.64,335.68,271.0,1.24,0.73,2.34,40.83,127,21.59,94
6230,尼得科超眾,電腦及週邊設備業,-2.44,8921839000.0,0.0,0.0,10142208667.452183,0.0,228.66,878.84,32.92,911.76,0.0,0.0,0.0,133.5,0.0,0.0,0.0,3.25,3,19.19,98
6219,富旺,建材營造,-0.8,2723162000.0,0.0,0.0,4009715250.3764677,0.0,17.11,26.36,4.65,31.01,0.0,0.0,0.0,12.95,0.0,0.0,0.0,35.2,45,0.61,2
6220,岳豐,電子零組件業,0.81,8272013000.0,10212361728.395061,0.45,8902437121.891716,0.87,26.83,47.53,10.55,58.08,9.18,50.53,23.34,35.75,0.65,0.26,1.41,19.18,161,37.15,182
6221,晉泰,資訊服務業,2.77,5504900000.0,1987328519.8555956,1.01,3651857722.332929,1.84,16.15,21.04,7.49,28.53,13.78,52.5,29.71,23.6,1.26,0.58,2.22,3.3,31,1.49,123
6222,立軒,光電業,-0.4,2936000.0,0.0,0.0,1920596.5965965965,0.0,0.0,0.0,0.0,0.0,0.0,0.0,0.0,20.7,0.0,0.0,0.0,28.23,39,0.0,0
6223,旺矽,半導體業,33.49,13033582000.0,389178321.88713044,22.41,18746926859.62096,48.17,60.41,152.41,20.25,172.66,975.44,8317.03,2909.75,6445.0,0.45,0.15,1.29,76.25,183,166.22,177
6224,聚鼎,電子工業,0.66,2917892000.0,4421048484.848485,0.32,2731797558.5077653,0.62,36.45,114.88,16.91,131.79,10.48,81.71,22.6,75.3,0.3,0.14,1.09,49.26,119,6.71,129
6218,豪勉,通信網路業,-1.14,1375342000.0,0.0,0.0,1368721306.3672347,0.0,0.0,0.0,0.0,0.0,0.0,0.0,0.0,35.3,0.0,0.0,0.0,50.2,23,4.96,23
6225,天瀚,光電業,-0.06,52315000.0,0.0,0.0,42836391.03270856,0.0,45.49,14.46,39.87,54.33,0.0,0.0,0.0,23.25,0.0,0.0,0.0,0.0,0,67.4,134
6226,光鼎,光電業,-0.28,635376000.0,0.0,0.0,591932032.8426081,0.0,0.0,0.0,0.0,0.0,0.0,0.0,0.0,12.05,0.0,0.0,0.0,8.6,21,13.84,183
5439,高技,電子零組件業,13.74,9245672000.0,672901892.2852983,7.79,15310076596.995598,22.75,36.16,53.48,14.74,68.22,335.34,1552.0,822.71,322.5,2.55,1.04,4.81,24.75,183,80.19,168
5438,東友,電腦及週邊設備業,0.51,1315943000.0,2580280392.1568627,0.15,732594451.4073325,0.28,73.71,339.58,14.59,354.17,4.09,99.17,20.64,19.0,1.09,0.22,5.22,141.48,142,50.62,101
6227,茂綸,電子通路業,7.54,17398028000.0,2307430769.230769,4.81,21861163496.79232,9.47,14.42,10.11,10.81,20.92,102.37,198.11,136.57,125.5,1.09,0.82,1.58,10.55,2,9.03,53
6228,全譜,電腦及週邊設備業,-0.47,49315000.0,0.0,0.0,48623331.35790763,0.0,0.0,0.0,0.0,0.0,0.0,0.0,0.0,20.45,0.0,0.0,0.0,71.88,45,6.4,4
6229,研通,半導體業,0.05,2118373000.0,42367460000.0,0.03,3117628697.331731,0.07,294.65,1229.34,30.66,1260.0,2.15,88.2,20.63,26.05,0.79,0.08,3.39,0.0,0,9.28,94
6144,得利影,文化創意業,-0.36,172362000.0,0.0,0.0,157635375.92704883,0.0,0.0,0.0,0.0,0.0,0.0,0.0,0.0,14.45,0.0,0.0,0.0,262.83,120,13.88,121
6597,立誠,電子零組件業,2.54,632474000.0,249005511.81102362,1.29,829122506.0419577,3.33,28.46,75.49,14.28,89.77,47.55,298.93,94.76,67.5,1.4,0.7,4.43,23.12,144,13.04,2
8047,星雲,其他電子類,-0.78,461310000.0,0.0,0.0,399295911.3196013,0.0,0.0,0.0,0.0,0.0,0.0,0.0,0.0,50.0,0.0,0.0,0.0,73.9,156,313.24,171
8048,德勝,通信網路業,2.67,1020717000.0,382291011.23595506,1.57,1209463698.9046373,3.16,20.52,16.48,12.13,28.61,38.33,90.41,64.83,65.4,0.99,0.59,1.38,10.53,4,63.37,161
8049,晶采,光電業,1.71,1288318000.0,753402339.1812866,0.87,1297553346.3702714,1.72,13.5,6.09,10.68,16.77,18.37,28.84,23.23,28.1,0.83,0.65,1.03,2.92,45,0.0,0
8050,廣積,電腦及週邊設備業,1.45,5402081000.0,3725573103.448276,0.76,4857948050.370401,1.3,28.94,47.74,12.36,60.1,16.07,78.13,37.63,55.2,0.68,0.29,1.42,3.0,18,0.84,17
8054,安國,半導體業,-3.18,2740237000.0,0.0,0.0,8887061853.708347,0.0,0.0,0.0,0.0,0.0,0.0,0.0,0.0,99.5,0.0,0.0,0.0,11.21,30,43.93,171
8059,凱碩,通信網路業,-2.39,6325467000.0,0.0,0.0,23709866492.14652,0.0,0.0,0.0,0.0,0.0,0.0,0.0,0.0,17.55,0.0,0.0,0.0,21.89,22,7.08,16
8064,東捷,光電業,1.35,2544969000.0,1885162222.222222,0.82,3740108136.1028786,1.98,175.51,482.72,37.28,520.0,73.81,1029.6,347.51,140.0,2.48,0.53,7.35,90.16,128,18.04,122
8067,志旭,電子通路業,-0.59,110377000.0,0.0,0.0,79246225.63232824,0.0,0.0,0.0,0.0,0.0,0.0,0.0,0.0,12.25,0.0,0.0,0.0,37.8,21,26.98,119
8046,南電,電子零組件業,3.01,38926177000.0,12932284717.607975,1.86,53077187275.99706,4.1,204.54,699.07,27.18,726.25,111.44,2977.62,838.63,902.0,0.93,0.12,3.3,2.05,3,165.45,150
8068,全達,電子通路業,1.23,808320000.0,657170731.7073171,0.97,1243572382.8076909,1.89,19.04,40.33,8.0,48.33,15.12,91.34,35.99,18.75,1.92,0.81,4.87,9.66,24,20.31,74
8070,長華*,電子工業,1.02,19055037000.0,18681408823.52941,0.6,23375874642.12188,1.25,25.63,47.86,13.74,61.6,17.18,77.0,32.03,55.8,0.57,0.31,1.38,34.96,99,16.99,115
8071,能率網通,電子零組件業,-1.19,2000187000.0,0.0,0.0,2187610492.8633566,0.0,0.0,0.0,0.0,0.0,0.0,0.0,0.0,29.6,0.0,0.0,0.0,41.49,21,18.86,101
8072,陞泰,電子工業,1.11,1223670000.0,1102405405.4054053,0.67,1634629718.881008,1.48,33.16,41.13,21.96,63.09,32.5,93.37,49.08,28.3,1.73,1.15,3.3,8.96,14,10.53,8
8074,鉅橡,電子零組件業,1.35,1293671000.0,958274814.8148148,0.8,1564483700.7371008,1.63,31.27,53.63,15.04,68.67,24.52,111.93,50.97,77.0,0.66,0.32,1.45,36.06,130,112.47,183
8076,伍豐,電腦及週邊設備業,0.15,1995767000.0,13305113333.333334,0.11,2683809875.1514874,0.2,63.72,180.27,14.73,195.0,2.95,39.0,12.74,25.5,0.5,0.12,1.53,22.55,100,6.36,73
8081,致新,半導體業,17.75,8617981000.0,485520056.3380282,8.81,8500252309.93554,17.51,13.18,6.64,10.05,16.69,175.98,292.24,230.85,282.5,0.82,0.62,1.03,1.79,7,2.99,3
8069,元太,光電業,9.13,36899502000.0,4041566484.118291,4.3,35680851030.956825,8.83,31.13,38.63,13.67,52.3,120.71,461.81,274.85,194.5,1.41,0.62,2.37,29.67,123,25.4,72
8045,達運光電,電子工業,0.65,1184313000.0,1822020000.0,0.5,1750809584.2578812,0.96,100.48,279.3,9.83,289.13,9.44,277.56,96.46,61.4,1.57,0.15,4.52,7.74,10,87.85,63
8011,台通,通信網路業,1.3,2097097000.0,1613151538.4615383,0.54,1797533194.974811,1.11,24.9,111.33,6.94,118.27,7.7,131.28,27.63,18.4,1.5,0.42,7.13,31.13,31,13.41,136
8016,矽創,半導體業,14.65,18682856000.0,1275280273.0375426,8.99,23888232072.808144,18.73,14.13,8.9,10.51,19.41,196.85,363.55,264.64,278.5,0.95,0.71,1.31,0.35,1,13.58,98
8021,尖點,其他電子業,2.74,4267050000.0,1557317518.2481751,1.89,6751349243.471757,4.34,55.98,157.22,14.86,172.08,64.49,746.83,242.97,518.0,0.47,0.12,1.44,26.28,67,407.6,182
8024,佑華,半導體業,-2.56,158672000.0,0.0,0.0,154871473.05389223,0.0,0.0,0.0,0.0,0.0,0.0,0.0,0.0,12.3,0.0,0.0,0.0,2.36,21,3.46,51
8027,鈦昇,電機機械,-0.92,1560399000.0,0.0,0.0,2619992536.2940645,0.0,260.71,68.25,226.75,295.0,0.0,0.0,0.0,247.0,0.0,0.0,0.0,16.46,9,28.4,168
8028,昇陽半導體,半導體業,4.38,4462417000.0,1018816666.6666667,2.6,5577835895.892019,5.47,54.68,70.46,31.89,102.35,174.44,559.85,299.11,314.0,0.95,0.56,1.78,75.9,147,30.21,122
8032,光菱,電子通路業,2.2,3555596000.0,1616179999.9999998,1.51,5031451558.720423,3.11,26.65,58.18,15.21,73.39,47.3,228.24,82.89,46.15,1.8,1.02,4.95,206.21,148,18.73,46
8033,雷虎,其他,0.58,1429246000.0,2464217241.3793106,0.29,1487578520.115354,0.6,234.11,799.7,97.8,897.5,58.68,538.5,140.46,125.0,1.12,0.47,4.31,4.36,10,197.94,86
8034,榮群,通信網路業,1.42,560477000.0,394702112.6760564,0.47,342183102.5058523,0.87,16.23,9.24,12.36,21.6,10.75,18.79,14.12,23.3,0.61,0.46,0.81,2.7,4,49.1,171
8038,長園科,電子零組件業,0.92,523534000.0,569058695.6521739,0.75,1198064339.4814134,2.11,65.69,80.75,29.63,110.38,62.52,232.9,138.61,40.65,3.41,1.54,5.73,16.67,163,73.67,79
8039,台虹,電子工業,2.07,10469402000.0,5057682125.603865,1.02,11164235394.241116,2.21,35.99,64.7,14.22,78.92,31.43,174.41,79.53,141.5,0.56,0.22,1.23,24.06,71,127.47,179
8040,九暘,半導體業,-0.6,667594000.0,0.0,0.0,817118527.3789281,0.0,0.0,0.0,0.0,0.0,0.0,0.0,0.0,93.9,0.0,0.0,0.0,9.8,1,5.86,81
8042,金山電,電子零組件業,0.9,3693135000.0,4103483333.333333,0.56,4824948616.9652,1.18,86.31,195.35,28.4,223.75,33.51,264.02,101.85,192.5,0.53,0.17,1.37,57.02,171,99.66,170
8043,蜜望實,電子零組件業,1.68,5203246000.0,3097170238.095238,1.19,8428138450.688707,2.72,303.33,1996.63,13.37,2010.0,36.37,5467.2,825.04,211.0,3.91,0.17,25.91,106.9,66,300.44,176
7768,頌勝科技,半導體業,3.23,166994000.0,51700928.79256966,0.0,0.0,0.0,115.16,68.12,71.95,140.07,0.0,0.0,0.0,370.0,0.0,0.0,0.0,19.21,150,29.04,73
7769,鴻勁,半導體業,75.71,8807978000.0,116338370.09642056,0.0,0.0,0.0,73.64,52.06,51.01,103.07,0.0,0.0,0.0,7360.0,0.0,0.0,0.0,70.54,32,169.62,179
7770,君曜,半導體業,3.0,140772000.0,46924000.0,0.0,0.0,0.0,18.07,7.41,15.32,22.73,0.0,0.0,0.0,41.8,0.0,0.0,0.0,0.0,0,0.3,7
7772,耀穎,半導體業,1.86,36719000.0,19741397.849462364,0.0,0.0,0.0,152.15,103.75,88.44,192.19,0.0,0.0,0.0,141.5,0.0,0.0,0.0,30.23,1,30.23,1
7777,能率亞洲,其他,0.58,-35480000.0,0.0,0.0,0.0,0.0,55.61,43.66,41.03,84.69,0.0,0.0,0.0,43.25,0.0,0.0,0.0,0.0,0,150.65,101
7767,仁大資訊,資訊服務業,4.18,627804000.0,150192344.49760768,0.0,0.0,0.0,11.86,3.16,10.5,13.66,0.0,0.0,0.0,42.3,0.0,0.0,0.0,0.0,0,10.92,29
7782,光速火箭,居家生活類,2.13,242640000.0,113915492.95774649,0.0,0.0,0.0,12.12,6.74,9.65,16.39,0.0,0.0,0.0,27.2,0.0,0.0,0.0,0.0,0,14.68,21
7786,東方風能,綠能環保,11.11,3094023000.0,278489918.9918992,0.0,0.0,0.0,15.21,6.89,11.64,18.53,0.0,0.0,0.0,129.0,0.0,0.0,0.0,94.86,109,26.52,64
7788,松川精密,電子工業,3.63,2102773000.0,579276308.5399449,0.0,0.0,0.0,41.12,47.43,25.06,72.49,0.0,0.0,0.0,274.0,0.0,0.0,0.0,0.0,0,1.24,92
7780,大研生醫*,食品工業,0.53,1098052000.0,2071796226.4150941,0.0,0.0,0.0,52.3,47.37,40.05,87.42,0.0,0.0,0.0,18.95,0.0,0.0,0.0,6.18,44,121.78,50
7765,中華資安,數位雲端,11.49,990636000.0,86217232.37597911,0.0,0.0,0.0,25.11,10.15,20.06,30.21,0.0,0.0,0.0,247.0,0.0,0.0,0.0,11.47,20,9.69,73
7738,東聯互動,數位雲端類,14.61,201472000.0,13790006.844626969,0.0,0.0,0.0,13.13,5.82,11.45,17.27,0.0,0.0,0.0,170.0,0.0,0.0,0.0,0.25,2,42.06,92
7740,熙特爾-創,創新板股票,4.97,1426350000.0,286991951.7102616,30.26,79180202283.31958,275.9,52.35,66.48,22.34,88.82,6163.61,24505.44,14443.38,164.0,88.07,37.58,149.42,113.24,141,24.42,63
7743,金利食安,食品工業,0.55,571926000.0,1039865454.5454545,0.35,1038435146.3133698,1.0,22.12,26.22,14.29,40.51,14.29,40.51,22.12,19.55,1.13,0.73,2.07,0.0,0,0.16,4
7744,崴寶,電子零組件業,16.28,577003000.0,35442444.71744472,0.0,0.0,0.0,25.73,19.61,17.12,36.73,0.0,0.0,0.0,480.0,0.0,0.0,0.0,19.75,176,117.18,101
7747,昕奇雲端,數位雲端類,4.07,856913000.0,210543734.64373463,4.2,5930882823.653776,28.17,32.19,8.03,28.22,36.25,794.96,1021.16,906.89,128.0,7.09,6.21,7.98,13.59,14,27.76,24
7749,意騰-KY,半導體業,11.64,1157049000.0,99402835.05154638,10.51,4811998030.707583,48.41,73.14,78.8,31.36,110.16,1518.14,5332.85,3540.62,486.5,7.28,3.12,10.96,11.02,10,21.97,7
7750,新代,電機機械,35.18,5251207000.0,149266827.74303582,0.0,0.0,0.0,44.63,67.36,29.12,96.48,0.0,0.0,0.0,2275.0,0.0,0.0,0.0,5.78,105,28.31,74
7751,竑騰,半導體業,20.44,1012449000.0,49532729.941291586,0.0,0.0,0.0,57.27,105.7,26.74,132.44,0.0,0.0,0.0,1445.0,0.0,0.0,0.0,93.97,84,59.86,176
7753,星亞,光電業,4.21,450953000.0,107114726.8408551,0.0,0.0,0.0,11.62,7.59,9.29,16.88,0.0,0.0,0.0,42.3,0.0,0.0,0.0,12.97,4,12.13,29
7757,金色三麥,觀光餐旅,8.98,785893000.0,87515924.27616926,0.0,0.0,0.0,12.57,3.52,11.59,15.11,0.0,0.0,0.0,101.5,0.0,0.0,0.0,0.0,0,0.61,1
7760,享溫馨,觀光餐旅,0.69,0.0,0.0,0.0,0.0,0.0,52.9,34.28,26.4,60.68,0.0,0.0,0.0,32.3,0.0,0.0,0.0,0.17,3,0.0,0
7791,皇家可口,食品工業,8.26,886148000.0,107281840.1937046,0.0,0.0,0.0,12.53,4.81,10.3,15.11,0.0,0.0,0.0,62.8,0.0,0.0,0.0,0.0,0,23.49,71
7792,安葆,其他電子類,8.72,332632000.0,38145871.559633024,0.0,0.0,0.0,36.9,11.47,31.53,43.0,0.0,0.0,0.0,259.5,0.0,0.0,0.0,21.7,175,21.98,100
7795,長廣,電子工業,2.22,135531000.0,61049999.99999999,0.0,0.0,0.0,124.25,68.24,85.88,154.12,0.0,0.0,0.0,393.5,0.0,0.0,0.0,4.73,4,102.35,93
7823,奧義賽博-KY創,數位雲端,0.24,33073000.0,137804166.6666667,0.0,0.0,0.0,0.0,0.0,0.0,0.0,0.0,0.0,0.0,82.0,0.0,0.0,0.0,0.0,0,0.0,0
7827,漢康-KY創,創新板股票,-2.27,312223000.0,0.0,0.0,0.0,0.0,0.0,0.0,0.0,0.0,0.0,0.0,0.0,169.5,0.0,0.0,0.0,100.0,52,100.0,52
7828,創新服務,半導體業,6.31,0.0,0.0,0.0,0.0,0.0,212.55,150.89,156.8,307.69,0.0,0.0,0.0,2000.0,0.0,0.0,0.0,81.68,111,69.09,72
7842,天能綠電,綠能環保類,4.01,0.0,0.0,0.0,0.0,0.0,24.87,8.51,22.79,31.3,0.0,0.0,0.0,101.5,0.0,0.0,0.0,0.0,0,1.83,2
7822,倍利科,電子工業,14.04,0.0,0.0,0.0,0.0,0.0,94.8,68.19,62.17,130.36,0.0,0.0,0.0,1120.0,0.0,0.0,0.0,73.11,155,144.06,140
7821,神數,汽車工業,2.99,0.0,0.0,0.0,0.0,0.0,14.75,6.15,11.17,17.32,0.0,0.0,0.0,44.8,0.0,0.0,0.0,10.89,155,56.03,135
7799,禾榮科,化學生技醫療,-3.29,6328000.0,0.0,0.0,0.0,0.0,0.0,0.0,0.0,0.0,0.0,0.0,0.0,355.5,0.0,0.0,0.0,159.34,104,56.01,35
7803,雲象科技-創,創新板股票,-2.29,236749000.0,0.0,0.0,105861254.00571683,0.0,0.0,0.0,0.0,0.0,0.0,0.0,0.0,23.1,0.0,0.0,0.0,0.0,0,20.25,165
7805,威聯通,數位雲端類,56.3,1144386000.0,20326571.93605684,0.0,0.0,0.0,15.8,5.18,13.34,18.52,0.0,0.0,0.0,684.0,0.0,0.0,0.0,0.0,0,17.14,170
7810,捷創科技,半導體業,6.25,125775000.0,20124000.0,0.0,0.0,0.0,42.05,36.42,32.0,68.42,0.0,0.0,0.0,205.0,0.0,0.0,0.0,0.0,0,134.54,169
7811,民盛,運動休閒類,8.1,0.0,0.0,0.0,0.0,0.0,12.9,6.51,9.9,16.41,0.0,0.0,0.0,80.0,0.0,0.0,0.0,15.36,49,10.26,23
7818,溢泰實業,綠能環保,5.64,0.0,0.0,0.0,0.0,0.0,11.31,2.11,9.77,11.88,0.0,0.0,0.0,61.2,0.0,0.0,0.0,0.0,0,11.06,67
7819,精誠金融,資訊服務業,2.91,478498000.0,164432302.40549827,1.25,589775270.0232675,3.59,15.97,1.26,15.44,16.7,55.43,59.95,57.32,45.4,1.26,1.22,1.32,113.03,8,26.5,77
7820,立盈,綠能環保類,1.84,0.0,0.0,0.0,0.0,0.0,67.67,30.88,55.98,86.86,0.0,0.0,0.0,122.5,0.0,0.0,0.0,177.23,132,91.63,77
7794,宏碁智新,居家生活類,2.72,0.0,0.0,0.0,0.0,0.0,12.11,5.49,10.87,16.36,0.0,0.0,0.0,31.2,0.0,0.0,0.0,5.77,90,6.14,1
8083,瑞穎,電機機械,9.8,1403166000.0,143180204.08163264,5.21,1517688507.9830966,10.6,16.98,6.99,13.1,20.09,138.86,212.95,179.97,171.5,1.05,0.81,1.24,0.85,14,1.89,22
8085,福華,其他電子類,-1.01,645835000.0,0.0,0.0,688846757.2678922,0.0,0.0,0.0,0.0,0.0,0.0,0.0,0.0,12.5,0.0,0.0,0.0,4.95,4,12.71,92
8488,吉源-KY,其他,-2.06,3107874000.0,0.0,0.0,4437335178.306771,0.0,0.0,0.0,0.0,0.0,0.0,0.0,0.0,10.5,0.0,0.0,0.0,5.26,102,4.41,87
8905,裕國,其他,0.62,2134718000.0,3443093548.387097,0.32,2264969130.539188,0.66,34.53,54.47,15.18,69.65,10.02,45.97,22.79,29.4,0.78,0.34,1.56,3.72,22,0.0,0
8906,花王,其他,-0.78,205067000.0,0.0,0.0,195505944.0547915,0.0,0.0,0.0,0.0,0.0,0.0,0.0,0.0,29.8,0.0,0.0,0.0,10.5,39,3.57,81
8908,欣雄,油電燃氣業,2.2,10642287000.0,4837403181.818181,1.06,9709061640.119884,2.01,22.76,12.43,17.96,30.39,36.1,61.08,45.75,41.95,1.09,0.86,1.46,0.0,0,7.62,168
8916,光隆,其他,2.5,8358964000.0,3343585600.0,1.1,7869089558.990338,2.35,16.37,8.62,12.08,20.7,28.39,48.64,38.46,44.85,0.86,0.63,1.08,4.75,16,1.57,42
8917,欣泰,油電燃氣業,2.22,3079267000.0,1387057207.2072072,1.15,2986830768.199479,2.15,26.38,10.09,22.29,32.38,47.92,69.62,56.72,52.2,1.09,0.92,1.33,8.64,56,3.47,58
8921,沈氏,其他,-0.12,627607000.0,0.0,0.0,653151599.6588624,0.0,0.0,0.0,0.0,0.0,0.0,0.0,0.0,18.2,0.0,0.0,0.0,36.74,106,2.5,51
8923,時報,文化創意業,0.95,450369000.0,474072631.57894737,0.45,421194763.330363,0.89,20.32,14.66,16.26,30.92,14.47,27.52,18.08,0.0,0.0,0.0,0.0,3.74,15,13.89,107
8926,台汽電,油電燃氣業,2.45,8036606000.0,3280247346.938775,8.63,46992875934.30842,14.33,23.78,25.73,13.9,39.63,199.19,567.9,340.8,76.8,4.44,2.59,7.39,0.42,39,9.25,127
8927,北基,油電燃氣業,0.36,10630044000.0,29527900000.0,0.24,14954431792.604734,0.51,76.35,194.46,31.13,225.59,15.88,115.05,38.94,20.4,1.91,0.78,5.64,25.94,30,6.79,16
8929,富堡,其他,-0.45,725631000.0,0.0,0.0,718288488.483693,0.0,41.83,100.88,16.62,117.5,0.0,0.0,0.0,14.0,0.0,0.0,0.0,39.92,170,4.84,65
8930,青鋼,鋼鐵工業,2.4,1443214000.0,601339166.6666667,1.18,1334359461.2579775,2.22,12.12,4.87,9.25,14.12,20.54,31.35,26.9,27.7,0.97,0.74,1.13,3.1,21,0.45,2
8931,大汽電,油電燃氣業,1.87,2513205000.0,1343959893.0481284,0.94,2580863532.2205997,1.92,21.55,11.59,17.03,28.62,32.7,54.95,41.37,41.9,0.99,0.78,1.31,5.92,14,0.74,88
8935,邦泰,其他,-0.77,520557000.0,0.0,0.0,510203959.9280967,0.0,0.0,0.0,0.0,0.0,0.0,0.0,0.0,22.15,0.0,0.0,0.0,69.5,154,54.27,78
8936,國統,其他,4.08,6293893000.0,1542620833.3333333,2.23,7306330701.674497,4.74,16.47,18.65,11.38,30.03,53.94,142.34,78.08,55.9,1.4,0.96,2.55,11.28,31,28.57,149
8937,合騏*,其他,-0.72,66133000.0,0.0,0.0,588598728.4296137,0.0,471.05,1276.5,38.88,1315.38,0.0,0.0,0.0,28.5,0.0,0.0,0.0,579.04,156,16.88,102
8481,政伸,其他,3.26,1173670000.0,360021472.3926381,1.61,1152794909.9603887,3.2,17.55,19.11,12.26,31.37,39.23,100.38,56.18,42.15,1.33,0.93,2.38,0.0,0,0.1,15
8436,大江,生技醫療業,8.69,6872719000.0,790876754.890679,4.44,7267386662.919997,9.19,17.33,9.04,13.24,22.28,121.68,204.75,159.3,118.0,1.35,1.03,1.74,2.53,16,10.89,73
8437,大地-KY,其他,-1.3,221282000.0,0.0,0.0,176356263.85445344,0.0,60.82,57.16,35.42,92.58,0.0,0.0,0.0,10.3,0.0,0.0,0.0,41.11,29,1.43,1
8442,威宏-KY,其他,4.18,7983723000.0,1909981578.9473686,2.19,8558766570.980875,4.48,10.57,16.94,6.27,23.21,28.09,103.98,47.35,40.1,1.18,0.7,2.59,2.06,78,9.08,17
8443,阿瘦,貿易百貨,-1.46,1127548000.0,0.0,0.0,1058182149.9490405,0.0,32.47,2.43,30.81,33.24,0.0,0.0,0.0,11.4,0.0,0.0,0.0,1.23,23,0.83,2
8444,綠河-KY,其他,-10.06,3333213000.0,0.0,0.0,1591553283.1836696,0.0,0.0,0.0,0.0,0.0,0.0,0.0,0.0,4.87,0.0,0.0,0.0,8.55,24,1.56,1
8446,華研,文化創意業,10.31,1119230000.0,108557710.96023278,5.62,1261026397.2349055,11.62,9.65,4.62,7.79,12.41,90.52,144.2,112.14,87.7,1.28,1.03,1.64,23.22,149,6.01,59
8450,霹靂,文化創意業,-5.34,235916000.0,0.0,0.0,383114440.65787524,0.0,0.0,0.0,0.0,0.0,0.0,0.0,0.0,15.9,0.0,0.0,0.0,24.1,21,7.45,11
8455,大拓-KY,其他電子類,0.01,1156029000.0,115602900000.0,0.01,1243376512.6103733,0.01,688.68,1441.67,53.33,1495.0,0.53,14.95,6.89,32.0,0.22,0.02,0.47,17.19,65,22.9,106
8463,潤泰材,其他,1.86,7221483000.0,3882517741.9354835,0.92,7195838222.647017,1.85,19.22,20.58,9.91,30.49,18.33,56.41,35.57,22.1,1.61,0.83,2.55,16.55,45,18.64,175
8466,美吉吉-KY,其他,-1.4,3227731000.0,0.0,0.0,2430865243.0793347,0.0,48.06,168.24,11.48,179.72,0.0,0.0,0.0,16.0,0.0,0.0,0.0,2.05,94,10.5,18
9933,中鼎,其他,1.79,93718619000.0,52356770391.061455,0.8,76920727969.01425,1.47,42.38,101.46,8.7,110.16,12.79,161.94,62.3,42.35,1.47,0.3,3.82,9.31,18,33.52,170
9937,全國,油電燃氣業,2.37,22695298000.0,9576075105.485231,1.21,22596297356.560207,2.36,25.56,6.89,22.13,29.02,52.23,68.49,60.32,55.4,1.09,0.94,1.24,2.11,3,8.47,36
9938,百和,其他,4.1,15697877000.0,3828750487.804878,2.07,15429341174.625801,4.03,14.66,16.86,9.77,26.63,39.37,107.32,59.07,44.0,1.34,0.89,2.44,25.26,170,12.48,128
9939,宏全,其他,9.09,29073649000.0,3198421232.1232123,4.55,29066162251.038853,9.09,15.18,6.0,12.09,18.09,109.9,164.44,137.95,133.0,1.04,0.83,1.24,7.1,14,1.57,8
9940,信義,其他,0.28,9513436000.0,33976557142.85714,0.23,15804957782.741163,0.47,28.51,62.41,10.45,72.86,4.91,34.24,13.4,20.25,0.66,0.24,1.69,14.19,45,1.91,29
9941,裕融,其他,7.87,39779550000.0,5054580686.149937,3.88,38851507790.04264,7.69,14.09,7.87,10.54,18.41,81.05,141.57,108.36,81.6,1.33,0.99,1.73,0.93,2,4.33,71
9941A,裕融甲特,其他,0.0,0.0,0.0,0.0,0.0,0.0,0.0,0.0,0.0,0.0,0.0,0.0,0.0,50.5,0.0,0.0,0.0,0.98,70,2.94,70
9942,茂順,其他,8.15,3977553000.0,488043312.88343555,4.57,4484795954.2834425,9.19,12.95,4.89,10.0,14.89,91.9,136.84,119.04,119.0,1.0,0.77,1.15,2.34,18,3.95,42
9931,欣高,油電燃氣業,2.45,1551042000.0,633078367.3469387,1.32,1617275219.9598193,2.55,14.38,12.05,10.93,22.98,27.87,58.6,36.67,35.05,1.05,0.8,1.67,0.0,0,0.0,0
9945,潤泰新,其他,3.93,35602939000.0,9059272010.178116,2.75,54450698712.680084,6.01,8.41,6.92,5.01,11.93,30.11,71.7,50.57,26.7,1.89,1.13,2.69,17.73,45,3.85,18
9946,三發地產,建材營造,1.52,602169000.0,396163815.78947365,10.86,4854971622.938131,12.25,45.94,112.69,3.89,116.58,47.65,1428.1,562.79,19.95,28.21,2.39,71.58,7.39,39,0.71,2
9949,琉園,文化創意業,5.29,142500000.0,26937618.147448014,2.75,144848169.37412384,5.38,5.3,2.88,4.06,6.94,21.84,37.34,28.52,24.0,1.19,0.91,1.56,15.24,79,49.31,179
9950,萬國通,塑膠工業,-0.27,2109807000.0,0.0,0.0,2066913656.4510198,0.0,14.09,21.66,2.18,23.84,0.0,0.0,0.0,10.9,0.0,0.0,0.0,1.81,15,6.72,31
9951,皇田,電機機械,5.27,6333931000.0,1201884440.227704,2.71,6865400662.809965,5.71,12.32,5.37,10.09,15.46,57.61,88.28,70.36,53.4,1.32,1.08,1.65,2.67,15,16.76,77
9958,世紀鋼,鋼鐵工業,6.56,14571164000.0,2221214024.390244,4.19,17061964667.59023,7.68,26.6,39.87,12.88,52.75,98.92,405.12,204.28,113.5,1.8,0.87,3.57,0.0,0,4.26,17
9962,有益,鋼鐵工業,-0.16,1941014000.0,0.0,0.0,1411348164.580572,0.0,30.05,67.68,15.89,83.57,0.0,0.0,0.0,9.79,0.0,0.0,0.0,2.11,105,1.22,18
9944,新麗,其他,-0.16,2250752000.0,0.0,0.0,2451466680.3559866,0.0,197.49,343.47,58.53,402.0,0.0,0.0,0.0,17.6,0.0,0.0,0.0,6.01,45,1.47,18
9929,秋雨,其他,-0.07,653941000.0,0.0,0.0,675797446.8524189,0.0,43.04,5.37,41.48,46.85,0.0,0.0,0.0,12.4,0.0,0.0,0.0,5.21,46,0.0,0
9928,中視,其他,-1.4,846557000.0,0.0,0.0,930922243.7367295,0.0,54.85,44.06,43.18,87.24,0.0,0.0,0.0,18.05,0.0,0.0,0.0,15.0,18,24.68,182
8942,森鉅,其他,1.83,3809373000.0,2081624590.1639342,0.59,1799191401.9814699,0.86,12.38,17.96,7.18,25.14,6.17,21.62,10.65,41.3,0.26,0.15,0.52,3.0,7,0.0,0
8996,高力,電機機械,9.08,5988938000.0,659574669.6035242,9.0,15338265982.72067,23.25,67.86,114.67,26.39,141.06,613.57,3279.64,1577.68,1380.0,1.14,0.44,2.38,0.0,0,138.99,143
9902,台火,其他,-0.47,342343000.0,0.0,0.0,241280281.85659832,0.0,125.46,430.44,18.31,448.75,0.0,0.0,0.0,13.65,0.0,0.0,0.0,43.07,45,5.07,11
9905,大華,其他,1.29,8095013000.0,6275203875.968992,0.76,9395385221.597502,1.5,15.07,3.67,13.1,16.77,19.65,25.16,22.6,21.0,1.08,0.94,1.2,0.82,4,1.09,17
9906,欣巴巴,建材營造,0.09,1332942000.0,14810466666.666668,0.12,2628187746.797796,0.18,82.78,493.27,8.95,502.22,1.61,90.4,14.9,43.3,0.34,0.04,2.09,152.0,58,5.2,2
9907,統一實,其他,1.36,46160570000.0,33941595588.23529,0.63,39931953534.616104,1.18,20.87,33.17,12.86,46.03,15.17,54.32,24.63,16.65,1.48,0.91,3.26,11.76,141,4.66,17
9908,大台北,油電燃氣業,1.72,3392932000.0,1972634883.7209303,0.91,3327338984.697048,1.69,17.19,7.25,13.58,20.83,22.95,35.2,29.05,29.7,0.98,0.77,1.19,1.39,30,0.64,15
9912,偉聯,電子工業,-1.12,495111000.0,0.0,0.0,486169689.5079814,0.0,0.0,0.0,0.0,0.0,0.0,0.0,0.0,12.5,0.0,0.0,0.0,6.72,22,4.15,64
9917,中保科,其他,6.77,19003491000.0,2807014918.759232,3.42,19228976482.010815,6.85,18.71,8.51,15.44,23.95,105.76,164.06,128.15,118.0,1.09,0.9,1.39,17.86,77,0.0,0
9918,欣天然,油電燃氣業,1.61,2060972000.0,1280106832.2981365,0.93,1983036509.7414398,1.55,21.95,18.37,17.06,35.43,26.44,54.92,34.03,43.85,0.78,0.6,1.25,4.35,4,4.46,32
9919,康那香,其他,-2.43,2744027000.0,0.0,0.0,2616627965.406864,0.0,5.47,2.58,4.62,7.2,0.0,0.0,0.0,14.15,0.0,0.0,0.0,0.0,0,1.12,17
9925,新保,其他,2.37,8025348000.0,3386222784.8101263,1.25,8593074937.615505,2.54,17.58,2.54,16.31,18.85,41.43,47.88,44.66,40.65,1.1,1.02,1.18,1.19,4,1.09,37
9926,新海,油電燃氣業,2.68,2462571000.0,918869776.1194029,1.46,2457609853.410795,2.67,19.42,3.78,17.89,21.67,47.77,57.86,51.86,49.7,1.04,0.96,1.16,0.0,0,0.38,15
9927,泰銘,其他,4.28,7937924000.0,1854655140.1869159,2.49,8854889275.447157,4.77,12.33,8.48,9.53,18.01,45.46,85.91,58.79,69.6,0.84,0.65,1.23,1.15,4,0.72,172
8435,鉅邁,其他,3.91,624566000.0,159735549.87212276,2.05,651409075.6030054,4.08,15.45,4.95,14.04,18.99,57.28,77.48,63.03,53.9,1.17,1.06,1.44,11.19,141,0.9,14
8432,東生華,生技醫療業,3.62,1340047000.0,370178729.28176796,1.69,1478420802.3220153,3.99,19.12,16.25,12.83,29.08,51.19,116.03,76.27,51.1,1.49,1.0,2.27,10.09,9,20.74,183
8431,匯鑽科,其他電子類,-3.9,1070130000.0,0.0,0.0,980014365.1364478,0.0,97.71,132.76,30.65,163.41,0.0,0.0,0.0,53.9,0.0,0.0,0.0,20.07,93,59.13,182
8112A,至上甲特,電子工業,0.0,0.0,0.0,0.0,0.0,0.0,0.0,0.0,0.0,0.0,0.0,0.0,0.0,46.85,0.0,0.0,0.0,0.23,4,0.11,8
8114,振樺電,電子工業,18.5,18973096000.0,1025572756.7567568,7.61,12361456261.97361,12.05,19.62,34.25,8.05,42.3,97.0,509.72,236.43,208.0,1.14,0.47,2.45,121.22,178,1.89,10
8121,越峰,電子零組件業,-0.31,2993414000.0,0.0,0.0,3610278760.033241,0.0,51.41,80.42,22.47,102.89,0.0,0.0,0.0,50.3,0.0,0.0,0.0,4.22,4,63.1,133
8131,福懋科,半導體業,1.35,9623157000.0,7128264444.444444,0.85,13229955464.511398,1.86,36.37,96.55,11.42,107.97,21.24,200.82,67.66,76.0,0.89,0.28,2.64,1.68,3,82.66,176
8147,正淩,電子零組件業,3.08,1564956000.0,508102597.40259737,1.9,1934739168.7667246,3.81,47.21,38.72,31.43,70.15,119.75,267.27,179.88,142.0,1.27,0.84,1.88,27.38,29,16.27,113
8150,南茂,半導體業,0.7,23509652000.0,33585217142.857143,0.42,29356672202.59489,0.87,58.11,206.35,10.92,217.27,9.5,189.02,50.56,94.6,0.53,0.1,2.0,2.47,4,67.95,151
8112,至上,電子通路業,5.02,219865076000.0,43797823904.38248,5.17,475509817991.73016,10.86,21.16,39.64,9.83,49.47,106.75,537.24,229.77,95.8,2.4,1.11,5.61,0.94,1,59.14,149
8163,達方,電子工業,0.51,25049470000.0,49116607843.13725,0.27,27472460296.618458,0.56,26.18,79.91,8.33,88.24,4.66,49.41,14.66,43.6,0.34,0.11,1.13,4.39,9,6.44,144
8176,智捷,通信網路業,0.39,401727000.0,1030069230.7692307,0.18,283477737.9415323,0.28,49.34,161.5,12.5,174.0,3.5,48.72,13.82,10.0,1.38,0.35,4.87,41.18,133,18.69,113
8182,加高,電子零組件業,0.44,2880401000.0,6546365909.090909,0.21,2880044649.087525,0.44,64.92,939.94,10.06,950.0,4.43,418.0,28.57,51.4,0.56,0.09,8.13,2.0,74,0.0,0
8183,精星,其他電子類,2.39,7367798000.0,3082760669.4560666,1.31,8199243666.63271,2.66,12.06,9.27,8.13,17.4,21.63,46.28,32.07,32.6,0.98,0.66,1.42,8.31,130,36.89,137
8201,無敵,其他電子業,-0.35,457909000.0,0.0,0.0,530800270.3686591,0.0,0.0,0.0,0.0,0.0,0.0,0.0,0.0,13.4,0.0,0.0,0.0,6.58,42,70.85,71
8155,博智,電子零組件業,6.9,4795545000.0,695006521.7391304,4.46,6493105312.675648,9.34,36.09,45.41,20.94,66.35,195.58,619.71,337.05,404.0,0.83,0.48,1.53,2.69,128,47.83,176
8111,立碁,光電業,0.38,852145000.0,2242486842.105263,0.18,826350555.9184284,0.37,142.57,539.82,23.51,563.33,8.7,208.43,52.75,55.3,0.95,0.16,3.77,104.48,121,38.19,170
8110,華東,電子工業,2.47,7245046000.0,2933217004.0485826,1.35,8144126276.894984,2.78,51.2,91.39,16.94,108.33,47.09,301.16,142.32,58.4,2.44,0.81,5.16,14.32,7,335.29,182
8086,宏捷科,半導體業,3.36,3949612000.0,1175479761.904762,2.16,6067290611.046394,5.16,44.02,60.96,23.55,84.51,121.52,436.07,227.16,160.0,1.42,0.76,2.73,3.64,18,52.28,142
8088,品安,半導體業,1.7,1503537000.0,884433529.4117647,1.17,2633921202.875153,2.98,110.0,407.9,13.21,421.11,39.37,1254.91,327.81,63.4,5.17,0.62,19.79,2.76,17,39.04,149
8089,康全電訊,通信網路業,-3.1,966852000.0,0.0,0.0,335650783.5268727,0.0,9.19,16.62,3.97,20.59,0.0,0.0,0.0,20.55,0.0,0.0,0.0,35.48,66,0.0,0
8092,建暐,其他電子類,0.0,342132000.0,0.0,0.0,370316104.1874377,0.0,238.33,62.14,210.0,272.14,0.0,0.0,0.0,14.7,0.0,0.0,0.0,28.68,23,0.0,0
8093,保銳,電子零組件業,-1.32,197523000.0,0.0,0.0,238351870.99701247,0.0,0.0,0.0,0.0,0.0,0.0,0.0,0.0,18.5,0.0,0.0,0.0,13.7,4,19.88,144
8096,擎亞,電子通路業,0.88,34409445000.0,39101642045.454544,0.56,33065915146.566166,0.85,45.23,106.45,9.88,116.33,8.4,98.88,38.44,142.5,0.27,0.06,0.69,33.65,71,19.15,147
8097,常珵,通信網路業,-1.13,268148000.0,0.0,0.0,215525256.2806239,0.0,138.6,84.54,107.83,192.37,0.0,0.0,0.0,57.7,0.0,0.0,0.0,48.29,179,14.84,42
8099,大世科,資訊服務業,2.64,4764597000.0,1804771590.9090908,1.42,6123297998.395934,3.39,32.99,31.97,20.17,52.14,68.38,176.75,111.82,59.6,1.88,1.15,2.97,24.62,18,8.41,94
8101,華冠,通信網路業,-3.26,393227000.0,0.0,0.0,366913790.09277576,0.0,0.0,0.0,0.0,0.0,0.0,0.0,0.0,15.0,0.0,0.0,0.0,808.45,171,17.9,91
8102,傑霖科技,半導體業,2.25,66699000.0,29644000.0,0.0,0.0,0.0,26.55,40.48,12.85,53.33,0.0,0.0,0.0,70.0,0.0,0.0,0.0,0.0,0,29.7,10
8103,瀚荃,電子工業,3.96,3334507000.0,842047222.2222222,2.33,3990281789.833726,4.74,18.96,22.74,9.37,32.11,44.41,152.2,89.86,93.0,0.97,0.48,1.64,33.62,25,104.56,179
8104,錸寶,光電業,-0.55,3621838000.0,0.0,0.0,2457693850.7052746,0.0,1612.39,4320.0,180.0,4500.0,0.0,0.0,0.0,38.65,0.0,0.0,0.0,68.86,170,16.73,81
8105,凌巨,光電業,-0.3,8679610000.0,0.0,0.0,8540878867.656977,0.0,141.37,721.1,27.23,748.33,0.0,0.0,0.0,21.7,0.0,0.0,0.0,52.79,31,18.29,50
8107,大億金茂,電機機械,-0.53,962504000.0,0.0,0.0,686867377.8279479,0.0,86.4,210.24,8.51,218.75,0.0,0.0,0.0,12.05,0.0,0.0,0.0,51.86,137,4.79,70
8109,博大,電子零組件業,6.17,1675345000.0,271530794.16531605,3.7,2122629447.506226,7.82,15.34,9.73,11.18,20.91,87.43,163.52,119.95,117.0,1.03,0.75,1.4,0.0,0,36.86,86
8084,巨虹,電子通路業,-1.82,602545000.0,0.0,0.0,513829542.3287161,0.0,35.51,33.91,21.67,55.58,0.0,0.0,0.0,45.8,0.0,0.0,0.0,5.05,16,77.62,182
8210,勤誠,電子工業,29.02,20900566000.0,720212474.1557547,20.0,31446716424.807495,43.66,26.85,34.95,11.7,46.65,510.82,2036.74,1172.11,1350.0,0.87,0.38,1.51,1.93,147,154.16,148
8213,志超,電子工業,2.28,17992158000.0,7891297368.421053,1.26,19976635761.641327,2.53,12.18,12.42,8.93,21.35,22.59,54.02,30.83,36.15,0.85,0.62,1.49,1.15,3,20.26,72
8349A,恒耀甲特,鋼鐵工業,0.0,0.0,0.0,0.0,0.0,0.0,0.0,0.0,0.0,0.0,0.0,0.0,0.0,47.2,0.0,0.0,0.0,9.35,176,0.0,0
8358,金居,電子零組件業,4.21,7752647000.0,1841483847.9809976,2.78,10795200963.26217,5.86,42.34,117.65,10.56,128.21,61.88,751.31,248.08,632.0,0.39,0.1,1.19,8.36,24,384.38,177
8367,建新國際,航運業,3.8,3216539000.0,846457631.5789474,1.91,3309463723.5829372,3.91,13.31,7.16,11.11,18.27,43.44,71.44,52.05,40.5,1.29,1.07,1.76,8.38,25,1.8,17
8374,羅昇,電機機械,-0.55,4702943000.0,0.0,0.0,5949466897.902581,0.0,292.36,1015.96,62.61,1078.57,0.0,0.0,0.0,90.0,0.0,0.0,0.0,97.6,79,19.7,71
8401,白紗科,其他,2.71,1544829000.0,570047601.4760147,1.38,1602683025.7505758,2.81,10.97,4.88,8.46,13.34,23.77,37.49,30.82,22.95,1.34,1.04,1.63,2.99,183,5.84,114
8403,盛弘,生技醫療業,1.06,4335731000.0,4090312264.1509433,0.54,4564488377.191745,1.12,21.9,22.4,15.69,38.09,17.57,42.66,24.52,19.4,1.26,0.91,2.2,3.51,11,1.29,31
8349,恒耀,鋼鐵工業,2.02,11746755000.0,5815225247.524753,0.99,11288229154.572857,1.94,16.75,13.07,11.08,24.15,21.5,46.85,32.49,41.55,0.78,0.52,1.13,12.18,45,0.94,49
8404,百和興業-KY,其他,1.46,7460968000.0,5110252054.79452,0.76,7703805110.725043,1.51,31.81,78.39,11.61,90.0,17.53,135.9,48.04,16.75,2.87,1.05,8.11,66.67,127,39.65,129
8410,森田,電腦及週邊設備業,3.27,1129401000.0,345382568.80733943,1.33,899036447.4019899,2.6,11.44,10.73,6.16,16.89,16.02,43.91,29.73,33.4,0.89,0.48,1.31,10.12,60,4.6,50
8411,福貞-KY,其他,-0.69,9151695000.0,0.0,0.0,10797022239.107092,0.0,66.3,80.47,42.03,122.5,0.0,0.0,0.0,12.05,0.0,0.0,0.0,8.21,112,1.15,32
8415,大國鋼,鋼鐵工業,3.05,23061004000.0,7560984918.032787,1.74,26291178210.221848,3.48,13.56,7.05,10.36,17.41,36.05,60.59,47.17,35.25,1.34,1.02,1.72,0.28,39,6.15,44
8416,實威,資訊服務業,13.46,1712393000.0,127220876.67161961,7.44,1780761555.9540718,14.0,14.64,5.64,12.25,17.89,171.5,250.46,204.99,180.0,1.14,0.95,1.39,0.0,0,7.65,177
8421,旭源,其他,-0.39,1155501000.0,0.0,0.0,1277015132.1159546,0.0,613.0,177.5,500.0,677.5,0.0,0.0,0.0,13.05,0.0,0.0,0.0,22.1,94,8.99,16
8424,惠普,建材營造,5.8,1077627000.0,185797758.62068966,2.97,1072081309.9255458,5.77,14.73,5.02,11.76,16.78,67.86,96.82,84.97,68.9,1.23,0.98,1.41,1.43,45,3.89,168
8426,紅木-KY,其他,1.85,2774857000.0,1499922702.7027025,0.82,2729625886.6462383,1.82,9.21,7.99,6.33,14.32,11.52,26.06,16.76,20.65,0.81,0.56,1.26,0.0,0,5.43,25
8429,金麗-KY,貿易百貨,0.12,150489000.0,1254075000.0,0.05,132761760.15742713,0.11,204.98,648.5,54.0,702.5,5.94,77.28,22.55,6.67,3.38,0.89,11.59,39.8,170,5.96,109
8409,商之器,生技醫療業,0.24,277797000.0,1157487500.0,0.12,285374378.90115917,0.25,90.8,351.65,14.06,365.71,3.52,91.43,22.7,19.1,1.19,0.18,4.79,4.45,14,3.68,113
8342,益張,其他,5.97,1662869000.0,278537520.93802345,3.0,1691448311.642656,6.07,13.27,5.73,10.08,15.81,61.19,95.97,80.54,0.0,0.0,0.0,0.0,15.91,25,5.24,183
8215,明基材,光電業,-1.14,17976113000.0,0.0,0.0,18314688009.415993,0.0,216.38,1084.56,25.44,1110.0,0.0,0.0,0.0,29.15,0.0,0.0,0.0,6.54,30,3.94,101
8222,寶一,電機機械,0.55,929257000.0,1689558181.8181818,0.3,957541799.8218158,0.57,48.52,58.41,25.3,83.71,14.42,47.71,27.66,34.6,0.8,0.42,1.38,1.81,16,2.99,74
8227,巨有科技,半導體業,2.05,1303125000.0,635670731.7073171,1.48,2676768621.330694,4.21,95.53,168.18,51.6,219.78,217.24,925.27,402.2,178.0,2.26,1.22,5.2,0.19,1,35.59,72
8234,新漢,電腦及週邊設備業,0.4,5778088000.0,14445220000.0,0.18,4729896482.383174,0.33,144.31,269.17,55.57,324.74,18.34,107.16,47.62,63.2,0.75,0.29,1.7,21.35,24,43.65,63
8240,華宏,光電業,2.18,7203456000.0,3304337614.678899,1.0,6436669577.398071,1.95,17.16,29.25,8.67,37.92,16.91,73.94,33.46,55.3,0.61,0.31,1.34,43.36,147,38.78,73
8249,菱光,電子工業,4.04,3641509000.0,901363613.8613862,2.26,3771489776.3566294,4.18,19.32,33.31,13.51,46.82,56.47,195.71,80.74,53.8,1.5,1.05,3.64,150.0,133,28.66,70
8255,朋程,電機機械,6.33,8097224000.0,1279182306.4770932,3.08,7627826079.740537,5.96,20.82,22.38,12.62,35.0,75.22,208.6,124.11,175.5,0.71,0.43,1.19,1.99,1,29.11,84
8261,富鼎,半導體業,5.73,3105660000.0,542000000.0,2.94,3273599661.862792,6.04,19.9,20.75,12.64,33.39,76.35,201.68,120.21,178.0,0.68,0.43,1.13,14.45,144,27.24,133
8271,宇瞻,半導體業,6.7,10908622000.0,1628152537.3134327,9.0,36106292251.556145,22.18,21.46,41.81,7.97,49.78,176.77,1104.12,475.88,206.0,2.31,0.86,5.36,0.58,1,119.93,148
8272,全景軟體,資訊服務業,4.66,473954000.0,101706866.9527897,2.2,504056870.56999797,4.96,19.58,16.7,14.42,31.12,71.52,154.36,97.13,70.8,1.37,1.01,2.18,72.8,129,18.9,87
8277,商丞,半導體業,-0.38,252859000.0,0.0,0.0,132323639.51542789,0.0,0.0,0.0,0.0,0.0,0.0,0.0,0.0,10.4,0.0,0.0,0.0,29.45,9,74.44,150
8279,生展,生技醫療業,10.03,2123580000.0,211722831.50548357,4.73,1965537601.320242,9.28,13.42,7.83,10.38,18.21,96.33,168.99,124.57,95.3,1.31,1.01,1.77,4.17,4,3.01,135
8284,三竹,資訊服務業,4.74,2937789000.0,619786708.8607595,2.49,3223327067.7082705,5.2,13.53,5.81,10.79,16.6,56.11,86.32,70.38,63.7,1.1,0.88,1.36,5.59,175,0.71,15
8289,泰藝,電子零組件業,0.04,1725495000.0,43137375000.0,0.02,1733310039.3216774,0.04,454.07,1383.03,31.97,1415.0,1.28,56.6,18.16,65.2,0.28,0.02,0.87,0.47,18,9.27,99
8291,尚茂,電子零組件業,-1.51,2612000.0,0.0,0.0,6894572.438162545,0.0,0.0,0.0,0.0,0.0,0.0,0.0,0.0,39.2,0.0,0.0,0.0,0.0,0,443.48,56
8299,群聯,半導體業,41.96,68473723000.0,1631880910.3908484,56.81,211247627288.483,129.45,24.66,65.21,10.42,75.63,1348.87,9790.3,3192.08,2375.0,1.34,0.57,4.12,0.0,0,147.65,149
6596,寬宏藝術,文化創意業,18.83,3139203000.0,166712851.8321827,7.72,5225552442.6158695,31.34,11.7,17.67,5.06,22.73,158.58,712.36,366.81,93.5,3.92,1.7,7.62,9.31,74,20.13,77
7736,虎山,汽車工業,5.09,1548758000.0,304274656.1886051,2.35,1603146339.3784857,5.27,16.81,9.72,11.72,21.44,61.76,112.99,88.61,72.7,1.22,0.85,1.55,33.76,100,0.48,8
7734,印能科技,半導體業,35.67,2285909000.0,64084917.297448836,27.49,3884178628.237536,60.61,40.72,97.58,18.39,115.97,1114.62,7028.94,2468.06,3220.0,0.77,0.35,2.18,19.94,158,32.24,35
6767,台微醫,生技醫療業,-0.5,322308000.0,0.0,0.0,310731065.40138495,0.0,0.0,0.0,0.0,0.0,0.0,0.0,0.0,25.2,0.0,0.0,0.0,0.0,0,5.19,79
6770,力積電,半導體業,-1.86,45962445000.0,0.0,0.0,59710499458.967125,0.0,38.18,20.79,29.32,50.11,0.0,0.0,0.0,71.0,0.0,0.0,0.0,0.0,0,144.97,149
6776,展碁國際,電子工業,4.2,28833106000.0,6865025238.095238,2.42,37301223761.399956,5.43,13.26,8.84,10.6,19.44,57.56,105.56,72.0,59.3,1.21,0.97,1.78,0.63,16,7.88,17
6781,AES-KY,電子工業,38.2,15649550000.0,409674083.7696335,22.44,19823716204.88588,48.39,34.0,33.96,21.47,55.43,1038.93,2682.26,1645.21,1155.0,1.42,0.9,2.32,74.96,170,55.12,168
6782,視陽,化學生技醫療,14.08,4126829000.0,293098650.5681818,8.13,5016259596.682182,17.11,19.52,30.54,12.33,42.87,210.97,733.51,334.05,190.0,1.76,1.11,3.86,9.07,21,17.7,60
6785,昱展新藥,生技醫療業,-1.2,1753000.0,0.0,0.0,3147845.1715881885,0.0,640.97,2954.17,20.83,2975.0,0.0,0.0,0.0,115.0,0.0,0.0,0.0,6.67,14,114.64,176
6788,華景電,半導體業,17.37,2543412000.0,146425561.31260794,9.54,2914588846.2523055,19.9,20.17,21.45,9.8,31.25,195.02,621.88,401.33,427.0,0.94,0.46,1.46,73.76,73,41.79,183
6789,采鈺,半導體業,4.01,9100411000.0,2269429177.057357,2.07,9338550547.135702,4.11,83.9,227.9,30.38,258.28,124.86,1061.53,344.84,488.0,0.71,0.26,2.18,11.79,24,57.95,84
6790,永豐實,造紙工業,3.03,10716158000.0,3536685808.580858,1.53,10532189035.67818,2.98,13.69,4.84,11.68,16.52,34.81,49.23,40.79,39.65,1.03,0.88,1.24,5.43,15,2.83,25
6791,虎門科技,資訊服務業,4.16,785380000.0,188793269.23076922,2.28,887494882.5864108,4.7,27.24,20.38,19.12,39.5,89.86,185.65,128.03,102.5,1.25,0.88,1.81,102.77,172,45.71,74
6762,達亞,生技醫療業,0.73,705600000.0,966575342.4657534,0.33,624565992.751335,0.65,189.25,269.43,94.67,364.1,61.54,236.67,123.01,0.0,0.0,0.0,0.0,0.34,1,0.37,1
6733,博晟生醫,生技醫療業,-0.69,219222000.0,0.0,0.0,235897967.87741205,0.0,0.0,0.0,0.0,0.0,0.0,0.0,0.0,25.25,0.0,0.0,0.0,10.45,15,59.35,91
6735,美達科技,其他電子類,0.33,328512000.0,995490909.090909,0.21,546171101.7770598,0.55,185.52,1102.02,19.23,1121.25,10.58,616.69,102.03,90.6,1.13,0.12,6.81,6.87,18,85.91,99
6739,竹陞科技,其他電子類,16.13,761022000.0,47180533.16800992,12.78,1495558137.1061597,31.7,60.0,83.94,26.45,110.39,838.46,3499.36,1901.88,1140.0,1.67,0.74,3.07,137.97,87,282.03,109
6742,澤米,光電業,-1.51,550879000.0,0.0,0.0,310665725.3029078,0.0,386.82,775.72,136.5,912.22,0.0,0.0,0.0,61.4,0.0,0.0,0.0,14.99,127,19.58,79
6743,安普新,其他電子業,0.71,5559377000.0,7830108450.704226,0.3,5257852184.337084,0.67,51.57,120.84,13.31,134.15,8.92,89.88,34.55,28.8,1.2,0.31,3.12,25.62,78,13.66,93
6761,穩得,電子零組件業,7.35,1989199000.0,270639319.72789115,3.52,1792540843.617347,6.62,19.27,23.2,10.23,33.43,67.72,221.31,127.58,192.0,0.66,0.35,1.15,11.9,18,77.12,79
6751,智聯服務,資訊服務業,5.21,1831365000.0,351509596.92898273,2.46,1498996572.7338572,4.26,36.56,65.31,7.56,72.87,32.21,310.43,155.76,48.85,3.19,0.66,6.35,8.05,22,44.44,156
6752,叡揚,資訊服務業,7.58,2005986000.0,264641952.5065963,3.81,2102319037.7451,7.94,19.53,19.67,13.15,32.82,104.41,260.59,155.09,101.5,1.53,1.03,2.57,34.07,177,5.28,58
6753,龍德造船,航運業,5.97,5357790000.0,897452261.3065327,3.3,5848583281.173384,6.52,21.67,36.41,13.84,50.25,90.24,327.63,141.31,119.0,1.19,0.76,2.75,29.41,11,104.93,86
6756,威鋒電子,半導體業,1.11,1540487000.0,1387826126.126126,0.65,1693824929.989093,1.22,63.55,59.26,35.33,94.59,43.1,115.4,77.53,97.7,0.79,0.44,1.18,0.48,3,6.26,9
6792,詠業,通信網路業,2.23,1315481000.0,589901793.7219731,1.15,1382940725.3915884,2.34,25.53,20.85,16.58,37.43,38.8,87.59,59.73,68.5,0.87,0.57,1.28,0.37,3,21.99,80
6830,汎銓,其他電子業,-0.7,2139984000.0,0.0,0.0,2619816433.8035,0.0,111.77,278.75,26.25,305.0,0.0,0.0,0.0,500.0,0.0,0.0,0.0,56.58,121,45.75,79
6831,邁科,電子工業,4.93,959783000.0,194682150.1014199,0.0,0.0,0.0,159.4,178.0,71.24,249.24,0.0,0.0,0.0,705.0,0.0,0.0,0.0,0.72,18,175.27,170
6823,濾能,半導體業,-8.03,631530000.0,0.0,0.0,736352196.7856092,0.0,0.0,0.0,0.0,0.0,0.0,0.0,0.0,65.3,0.0,0.0,0.0,25.47,114,123.75,141
6834,天二科技,電子工業,0.51,1428164000.0,2800321568.627451,0.32,1797313414.7800086,0.64,314.88,1352.96,32.04,1385.0,20.51,886.4,201.53,84.0,2.4,0.24,10.55,14.25,29,2.89,31
6835,圓裕,電子工業,0.97,2406345000.0,2480768041.2371135,0.47,2208850023.357435,0.89,29.64,294.11,8.2,302.31,7.3,269.06,26.38,36.35,0.73,0.2,7.4,0.0,0,16.39,8
6838,台新藥,化學生技醫療,-0.54,6269000.0,0.0,0.0,59665482.456140354,0.0,0.0,0.0,0.0,0.0,0.0,0.0,0.0,25.4,0.0,0.0,0.0,4.61,3,10.79,8
6840,東研信超,其他電子類,1.57,883542000.0,562765605.0955414,0.85,1018060233.7331357,1.81,147.21,374.23,37.53,411.76,67.93,745.29,266.46,65.9,4.04,1.03,11.31,11.41,21,46.14,86
6841,長佳智能,生技醫療業,0.89,362374000.0,407161797.752809,0.45,403305413.54380846,0.99,99.33,250.28,49.4,299.68,48.91,296.68,98.34,60.2,1.63,0.81,4.93,12.68,11,25.64,101
6843,進典,電機機械,2.21,808039000.0,365628506.7873303,1.01,884599311.0026159,2.42,21.37,13.4,14.42,27.82,34.9,67.32,51.71,39.9,1.3,0.87,1.69,0.0,0,22.37,86
6844,諾貝兒,生技醫療業,2.35,3445244000.0,1466061276.5957446,1.18,3403690676.0194426,2.32,35.7,27.64,24.35,51.99,56.49,120.62,82.83,65.9,1.26,0.86,1.83,1.47,143,0.99,4
6821,聯寶,電子零組件業,1.13,587770000.0,520150442.4778761,0.54,532230167.8819794,1.02,37.19,40.09,24.2,64.29,24.68,65.58,37.93,60.7,0.62,0.41,1.08,58.16,134,6.39,60
6796,晉弘,化學生技醫療,0.13,698679000.0,5374453846.153846,0.06,664868382.3038446,0.12,251.82,487.92,56.46,544.38,6.78,65.33,30.22,59.9,0.5,0.11,1.09,19.76,24,18.42,177
6799,來頡,半導體業,3.71,954586000.0,257300808.62533692,1.95,991174979.8926587,3.85,30.19,25.07,20.03,45.1,77.12,173.64,116.23,90.3,1.29,0.85,1.92,2.87,3,1.82,1
6805,富世達,電子工業,31.0,12078622000.0,389632967.7419355,20.29,19830108255.869923,50.89,53.33,54.85,20.98,75.83,1067.67,3858.99,2713.84,1725.0,1.57,0.62,2.24,34.85,177,102.91,179
6732,昇佳電子,半導體業,6.21,4524877000.0,728643639.2914654,2.94,4063993384.6437683,5.58,22.55,19.68,13.89,33.57,77.51,187.32,125.81,154.5,0.81,0.5,1.21,0.0,0,47.41,91
6730,常廣,生技醫療業,2.14,120733000.0,56417289.719626166,0.0,0.0,0.0,17.75,4.43,16.29,20.72,0.0,0.0,0.0,38.5,0.0,0.0,0.0,2.66,15,22.89,106
6642,富致,電子零組件業,2.6,541366000.0,208217692.3076923,1.47,579235916.6928114,2.78,21.49,23.0,13.91,36.91,38.67,102.61,59.73,83.8,0.71,0.46,1.22,6.58,128,0.0,0
6643,M31,半導體業,1.69,1664726000.0,985044970.4142013,0.95,1839687891.428894,1.87,1429.71,17362.77,62.23,17425.0,116.37,32584.75,2673.55,483.5,5.53,0.24,67.39,11.83,30,8.3,16
6649,台生材,生技醫療業,1.4,213984000.0,152845714.2857143,0.44,142645361.65135425,0.93,54.48,94.17,27.86,122.03,25.91,113.49,50.67,38.0,1.33,0.68,2.99,25.89,140,107.44,120
6651,全宇昕,半導體業,6.31,1527269000.0,242039461.17274168,3.37,1552493346.4568205,6.41,13.27,14.81,8.45,23.26,54.16,149.1,85.09,133.0,0.64,0.41,1.12,45.54,112,2.49,2
6640,均華,半導體業,12.75,2608139000.0,204559921.56862745,7.94,4001269469.0840335,19.56,63.62,116.56,21.48,138.04,420.15,2700.06,1244.39,1115.0,1.12,0.38,2.42,102.29,71,36.7,99
6654,天正國際,其他電子類,0.0,348044000.0,0.0,0.0,613330688.125716,0.0,5739.6,9125.95,254.05,9380.0,0.0,0.0,0.0,207.0,0.0,0.0,0.0,4.89,18,21.03,143
6657,華安,化學生技醫療,-2.93,7153000.0,0.0,0.0,9358023.712737126,0.0,0.0,0.0,0.0,0.0,0.0,0.0,0.0,36.0,0.0,0.0,0.0,15.69,170,3.57,11
6658,聯策,其他電子業,1.39,2060888000.0,1482653237.410072,0.93,2192368195.856816,1.48,106.59,417.25,40.37,457.62,59.75,677.28,157.75,186.5,0.85,0.32,3.63,107.77,130,6.61,16
6661,威健生技,生技醫療業,0.06,373224000.0,6220400000.0,0.03,430232083.7624033,0.07,267.76,288.0,186.0,474.0,13.02,33.18,18.74,16.0,1.17,0.81,2.07,62.09,35,16.21,109
6662,樂斯科,生技醫療業,1.66,268039000.0,161469277.10843375,0.82,247171468.88969603,1.53,19.26,6.31,16.21,22.52,24.8,34.46,29.47,29.9,0.99,0.83,1.15,8.65,24,4.9,21
6664,群翊,電子零組件業,15.08,2524979000.0,167438925.72944298,8.25,2909953055.6213474,17.38,18.11,23.46,8.6,32.06,149.47,557.2,314.83,376.0,0.84,0.4,1.48,47.84,71,55.15,178
6666,羅麗芬-KY,化學生技醫療,2.42,1098789000.0,454045041.3223141,1.36,1189218288.5459275,2.62,24.5,23.83,16.47,40.3,43.15,105.59,64.2,42.65,1.51,1.01,2.48,4.56,106,46.04,71
6655,科定,其他,3.93,2573178000.0,654752671.7557251,2.29,3178807689.6432834,4.85,30.04,14.35,24.29,38.64,117.81,187.4,145.71,125.0,1.17,0.94,1.5,22.45,77,2.83,11
6637,醫影,生技醫療業,7.16,1068011000.0,149163547.48603353,2.9,604832306.8890772,4.05,13.93,15.3,8.79,24.09,35.6,97.56,56.43,63.4,0.89,0.56,1.54,50.52,3,9.9,7
6598,ABC-KY,化學生技醫療,-1.97,445577000.0,0.0,0.0,825963817.543396,0.0,0.0,0.0,0.0,0.0,0.0,0.0,0.0,24.4,0.0,0.0,0.0,46.09,4,17.66,106
6603,富強鑫,電機機械,0.61,4972290000.0,8151295081.967214,0.3,5008006293.146615,0.61,63.06,152.15,26.6,178.75,16.23,109.04,38.46,22.3,1.72,0.73,4.89,31.43,73,65.45,183
6605,帝寶,汽車工業,13.97,19461033000.0,1393058911.9541874,7.07,18615744139.767536,13.36,11.2,8.57,7.61,16.18,101.67,216.16,149.62,141.5,1.06,0.72,1.53,17.85,45,6.23,11
6606,建德工業,電機機械,1.1,807055000.0,733686363.6363636,0.62,952482685.0188403,1.3,27.36,12.02,21.51,33.53,27.96,43.59,35.57,25.8,1.38,1.08,1.69,28.52,80,5.62,77
6609,瀧澤科,電機機械,-1.53,2070606000.0,0.0,0.0,1794400194.6629274,0.0,29.01,44.32,14.78,59.1,0.0,0.0,0.0,41.0,0.0,0.0,0.0,171.07,129,18.2,60
6612,奈米醫材,生技醫療業,1.15,1091495000.0,949126086.9565219,0.68,1271265390.3970265,1.34,61.8,58.02,36.15,94.17,48.44,126.19,82.81,73.1,1.13,0.66,1.73,26.52,14,0.0,0
6613,朋億*,其他電子類,13.37,9026692000.0,675145250.5609574,7.73,10507000895.169994,15.56,12.52,16.97,8.33,25.3,129.61,393.67,194.84,360.0,0.54,0.36,1.09,2.85,142,35.78,74
6614,資拓宏宇,數位雲端,2.08,1407674000.0,676766346.1538461,0.0,0.0,0.0,24.06,16.95,15.4,32.35,0.0,0.0,0.0,40.25,0.0,0.0,0.0,11.21,1,52.34,86
6615,慧智,生技醫療業,-0.43,386891000.0,0.0,0.0,373526458.27514756,0.0,97.41,251.54,34.71,286.25,0.0,0.0,0.0,34.65,0.0,0.0,0.0,37.33,31,8.85,101
6617,共信-KY,生技醫療業,-0.92,35690000.0,0.0,0.0,45222557.58683729,0.0,0.0,0.0,0.0,0.0,0.0,0.0,0.0,67.8,0.0,0.0,0.0,0.0,0,11.33,32
6620,漢達,生技醫療業,4.85,163380000.0,33686597.93814433,0.0,0.0,0.0,17.18,7.41,13.92,21.33,0.0,0.0,0.0,71.2,0.0,0.0,0.0,0.91,23,77.48,119
6625,必應,其他,8.88,4041795000.0,455157094.59459454,5.33,6185680522.817773,13.59,13.26,17.56,7.15,24.71,97.17,335.81,180.25,77.9,2.31,1.25,4.31,4.89,23,13.47,18
6846,綠茵,食品工業,5.39,903935000.0,167705936.92022264,2.58,827505427.7419642,4.93,14.42,6.72,11.66,18.38,57.48,90.61,71.1,67.3,1.06,0.85,1.35,6.03,109,0.0,0
6667,信紘科,其他電子類,13.77,6088926000.0,442187799.56427014,7.07,7217370599.8310795,16.32,21.78,14.2,15.53,29.73,253.45,485.19,355.37,276.0,1.29,0.92,1.76,33.89,129,41.65,74
6668,中揚光,電子工業,-1.93,1122085000.0,0.0,0.0,1355692509.0603583,0.0,0.0,0.0,0.0,0.0,0.0,0.0,0.0,43.8,0.0,0.0,0.0,1.44,4,2.71,11
6698,旭暉應材,電子工業,-1.65,1142237000.0,0.0,0.0,970190338.6220101,0.0,0.0,0.0,0.0,0.0,0.0,0.0,0.0,39.0,0.0,0.0,0.0,54.64,16,41.79,84
6703,軒郁,生技醫療業,10.31,3226692000.0,312967216.29485935,5.34,3733925306.73247,11.93,13.62,9.82,9.71,19.53,115.84,232.99,162.48,108.5,1.5,1.07,2.15,2.23,18,17.15,72
6706,惠特,光電業,-3.92,991895000.0,0.0,0.0,437008312.417529,0.0,0.0,0.0,0.0,0.0,0.0,0.0,0.0,165.5,0.0,0.0,0.0,82.78,144,74.49,175
6708,天擎,半導體業,0.24,277169000.0,1154870833.3333335,0.11,250041507.54407483,0.22,1044.57,1481.0,154.0,1635.0,33.88,359.7,229.81,39.2,5.86,0.86,9.18,13.19,142,8.76,30
6712,長聖,生技醫療業,4.97,1030998000.0,207444265.59356138,2.38,1132310498.279321,5.46,35.01,35.85,23.36,59.21,127.55,323.29,191.13,138.5,1.38,0.92,2.33,8.42,28,20.65,107
6715,嘉基,電子工業,1.8,1674401000.0,930222777.7777778,1.04,1706366241.1925085,1.83,58.45,252.4,19.54,271.94,35.76,497.65,106.96,432.0,0.25,0.08,1.15,7.53,18,0.83,17
6716,應廣,半導體業,2.18,1094881000.0,502238990.82568806,1.56,1522718173.6229744,3.03,25.7,52.1,11.06,63.16,33.51,191.37,77.86,99.6,0.78,0.34,1.92,4.22,3,19.48,140
6719,力智,半導體業,6.58,4540355000.0,690023556.231003,3.0,4431720176.192802,6.42,77.11,108.49,23.97,132.46,153.89,850.39,495.02,239.5,2.07,0.64,3.55,1.17,3,9.72,98
6720,久昌,半導體業,4.19,445852000.0,106408591.88544151,1.82,332167768.9584469,3.12,30.94,41.66,18.41,60.07,57.44,187.42,96.54,142.0,0.68,0.4,1.32,44.24,36,1.9,8
6721,信實,其他,4.65,3597037000.0,773556344.0860214,2.44,3853952338.37559,4.98,13.22,4.12,11.75,15.87,58.52,79.03,65.85,59.1,1.11,0.99,1.34,13.52,154,4.67,88
6722,輝創,其他電子業,3.39,418495000.0,123449852.50737463,0.0,0.0,0.0,15.32,5.11,13.28,18.39,0.0,0.0,0.0,37.8,0.0,0.0,0.0,5.13,22,25.25,129
6725,矽科宏晟,其他電子類,12.98,667194000.0,51401694.915254235,0.0,0.0,0.0,20.89,18.41,13.1,31.51,0.0,0.0,0.0,320.0,0.0,0.0,0.0,11.14,14,72.5,71
6727,亞泰金屬,電子零組件業,8.77,1497054000.0,170701710.37628278,7.64,3181491737.795196,18.64,27.09,69.88,8.8,78.68,164.03,1466.6,504.92,392.0,1.29,0.42,3.74,44.09,162,269.7,86
6697,東捷資訊,資訊服務業,3.04,1414873000.0,465418750.0,1.5,1345862818.8819613,2.89,16.37,7.79,13.29,21.08,38.41,60.92,47.31,41.75,1.13,0.92,1.46,7.47,134,29.08,74
6695,芯鼎,電子工業,-1.83,1152118000.0,0.0,0.0,1015148598.2190312,0.0,0.0,0.0,0.0,0.0,0.0,0.0,0.0,52.6,0.0,0.0,0.0,8.9,8,28.75,84
6669,緯穎,電子工業,275.06,889139530000.0,3232529375.409002,169.4,1397630063073.9663,432.36,19.2,26.54,12.0,38.54,5188.32,16663.15,8300.24,4880.0,1.7,1.06,3.41,11.47,2,86.93,148
6672,騰輝電子-KY,電子工業,4.85,4224417000.0,871013814.4329897,3.06,5290184075.851232,6.07,18.86,36.39,10.21,46.6,61.97,282.86,114.48,222.0,0.52,0.28,1.27,2.16,9,61.2,85
6674,鋐寶科技,通信網路業,-1.13,627271000.0,0.0,0.0,447472088.06680745,0.0,0.0,0.0,0.0,0.0,0.0,0.0,0.0,17.3,0.0,0.0,0.0,14.41,157,10.6,58
6679,鈺太,半導體業,6.81,1974965000.0,290009544.78707784,3.67,2065121817.3574007,7.12,37.25,34.87,21.84,56.71,155.5,403.78,265.2,270.0,0.98,0.58,1.5,4.74,4,8.29,11
6680,鑫創電子,電腦及週邊設備業,-0.29,552367000.0,0.0,0.0,681472312.679962,0.0,36.35,59.55,15.2,74.75,0.0,0.0,0.0,53.9,0.0,0.0,0.0,16.9,91,0.0,0
6683,雍智科技,半導體業,15.42,2130984000.0,138196108.94941634,9.22,2718236904.5114264,19.67,36.67,152.12,14.22,166.34,279.71,3271.91,721.28,1725.0,0.42,0.16,1.9,18.35,15,42.17,169
6684,安格,半導體業,1.57,315309000.0,200833757.96178344,0.85,320923784.2247925,1.6,36.41,33.0,19.95,52.95,31.92,84.72,58.26,48.55,1.2,0.66,1.75,8.2,30,17.15,127
6691,洋基工程,其他電子業,25.51,21089903000.0,826730811.4464915,20.3,36816194762.043976,44.53,21.82,16.3,14.52,30.82,646.58,1372.41,971.6,710.0,1.37,0.91,1.93,7.69,21,49.0,182
6692,進能服,綠能環保類,0.23,1868331000.0,8123178260.869565,0.04,478564603.9465184,0.06,40.38,128.76,13.2,141.96,0.79,8.52,2.42,26.3,0.09,0.03,0.32,99.33,35,3.83,11
6693,廣閎科,半導體業,-0.09,1376725000.0,0.0,0.0,2330035371.4003816,0.0,45.78,121.91,16.52,138.43,0.0,0.0,0.0,178.0,0.0,0.0,0.0,22.35,112,44.31,176
6982,大井泵浦,電機機械,0.06,1606908000.0,26781800000.0,0.04,1851863821.871087,0.07,143.92,981.88,14.79,996.67,1.04,69.77,10.07,57.7,0.17,0.02,1.21,11.7,44,33.1,67
6983,華洋精機,其他電子類,4.46,336305000.0,75404708.52017938,1.11,259446119.03815764,3.44,93.01,33.09,85.21,118.3,293.12,406.95,319.96,340.0,0.94,0.86,1.2,51.4,36,0.0,0
6994,富威電力,綠能環保,6.34,3365121000.0,530776182.9652997,6.05,10209692263.627707,19.24,58.96,124.92,8.13,133.05,156.42,2559.88,1134.38,55.5,20.44,2.82,46.12,27.31,23,0.0,0
6996,力領科技,半導體業,12.16,2658119000.0,218595312.5,7.19,3236067291.0703235,14.8,13.53,7.04,9.21,16.25,136.31,240.5,200.28,191.5,1.05,0.71,1.26,1.01,4,9.66,94
7402,邑錡,光電業,0.1,534763000.0,5347630000.0,0.04,417247698.5569318,0.08,270.22,1292.47,42.53,1335.0,3.4,106.8,21.62,91.4,0.24,0.04,1.17,5.74,8,101.72,84
7547,碩網,數位雲端類,2.61,225145000.0,86262452.1072797,2.11,1580008163.942011,18.32,31.11,42.51,20.04,62.55,367.13,1145.92,569.97,58.2,9.79,6.31,19.69,114.05,121,78.61,52
6997,博弘,數位雲端類,5.11,4391103000.0,859315655.5772994,3.04,5479049282.599028,6.38,22.72,43.53,13.82,57.35,88.17,365.89,144.99,75.1,1.93,1.17,4.87,15.6,144,3.7,14
6952,大武山,其他,-1.2,1663305000.0,0.0,0.0,3110937504.1742234,0.0,32.28,27.8,21.29,49.09,0.0,0.0,0.0,35.95,0.0,0.0,0.0,8.02,42,3.03,128
6953,家碩,半導體業,7.98,1234907000.0,154750250.6265664,4.36,1449841822.2769177,9.37,29.92,24.48,17.52,42.0,164.16,393.54,280.31,231.0,1.21,0.71,1.7,26.01,22,57.41,114
6955,邦睿生技-創,創新板股票,4.42,299178000.0,67687330.31674208,2.58,349853009.6584406,5.17,45.87,27.89,32.81,60.7,169.63,313.82,237.13,135.5,1.75,1.25,2.32,12.46,30,12.57,52
6957,裕慶-KY,其他,10.2,3808258000.0,373358627.4509804,6.33,4638339683.610119,12.42,15.51,13.47,10.46,23.93,129.91,297.21,192.66,193.0,1.0,0.67,1.54,0.0,0,44.52,144
6958,日盛台駿,其他,-2.4,10918289000.0,0.0,0.0,9875478419.845268,0.0,27.91,28.82,17.08,45.9,0.0,0.0,0.0,17.4,0.0,0.0,0.0,2.44,1,5.03,35
6958A,日盛台駿甲特,其他,0.0,0.0,0.0,0.0,0.0,0.0,0.0,0.0,0.0,0.0,0.0,0.0,0.0,18.25,0.0,0.0,0.0,0.0,0,0.0,0
6961,旅天下,觀光餐旅,4.23,248963000.0,58856501.18203309,0.0,0.0,0.0,15.53,9.97,11.85,21.82,0.0,0.0,0.0,55.0,0.0,0.0,0.0,3.5,4,5.29,99
6962,奕力-KY,電子工業,2.89,19108313000.0,6611873010.380623,1.33,17992922904.118153,2.72,14.4,18.74,8.64,27.38,23.5,74.47,39.18,37.0,1.06,0.64,2.01,15.57,80,1.87,9
6965,中傑-KY,運動休閒,3.52,22451409000.0,6378241193.181818,1.61,19192313382.363773,3.01,16.58,42.89,8.04,50.93,24.2,153.3,49.9,81.1,0.62,0.3,1.89,0.0,0,14.23,35
6967,汎瑋材料,電子零組件業,4.03,1382324000.0,343008436.72456574,2.35,1744291689.700167,5.09,17.85,11.61,11.82,23.43,60.16,119.26,90.87,70.9,1.28,0.85,1.68,12.78,18,49.81,183
6968,萬達寵物,居家生活類,2.51,3188322000.0,1270247808.7649403,1.42,3679743354.883152,2.9,26.5,20.73,17.22,37.95,49.94,110.06,76.86,44.0,1.75,1.14,2.5,14.5,10,8.55,30
6971,惠民實業,綠能環保類,2.42,988744000.0,408571900.8264463,0.0,0.0,0.0,15.38,19.62,11.63,31.25,0.0,0.0,0.0,26.45,0.0,0.0,0.0,0.0,0,7.71,87
7556,意德士,半導體業,7.21,736765000.0,102186546.4632455,4.15,835938648.044035,8.18,27.14,24.48,20.45,44.93,167.28,367.53,222.0,276.5,0.8,0.6,1.33,5.49,18,20.0,73
7711,永擎,電腦及週邊設備業,13.04,8581110000.0,658060582.822086,0.0,0.0,0.0,25.64,24.77,17.28,42.05,0.0,0.0,0.0,365.0,0.0,0.0,0.0,23.01,80,61.63,108
7712,博盛半導體,半導體業,5.42,1326237000.0,244693173.43173432,2.89,1348943835.6541467,5.51,22.72,28.03,12.04,40.07,66.34,220.79,125.17,153.0,0.82,0.43,1.44,82.82,24,25.0,84
7713,威力德生醫,生技醫療業,4.64,1092554000.0,235464224.13793105,2.56,1314661885.173166,5.58,16.55,7.77,13.45,21.22,75.05,118.41,92.36,71.0,1.3,1.06,1.67,0.0,0,35.71,87
7714,創泓科技,數位雲端類,6.33,1817600000.0,287140600.31595576,3.27,1861879263.188854,6.48,21.72,16.26,14.81,31.07,95.97,201.33,140.72,128.0,1.1,0.75,1.57,2.32,24,75.9,87
7715,裕山,綠能環保類,3.11,1363429000.0,438401607.7170418,1.1,774559454.1149977,1.77,8.63,6.65,6.43,13.08,11.38,23.15,15.28,30.5,0.5,0.37,0.76,0.77,9,0.35,1
7716,昱臺國際,航運業,2.23,614609000.0,275609417.0403587,0.0,0.0,0.0,11.37,11.84,8.63,20.47,0.0,0.0,0.0,25.95,0.0,0.0,0.0,5.36,23,13.39,10
7717,萊德光電-KY,通信網路業,6.12,168424000.0,27520261.437908497,0.0,0.0,0.0,158.84,374.68,25.77,400.45,0.0,0.0,0.0,551.0,0.0,0.0,0.0,550.7,144,550.7,144
7721,微程式,數位雲端,0.57,292165000.0,512570175.43859655,0.63,2554798694.571969,4.98,73.03,155.28,21.45,176.73,106.82,880.12,363.67,78.3,4.64,1.36,11.24,22.0,155,26.8,16
7722,LINEPAY,數位雲端,7.46,7771476000.0,1041752815.0134048,4.05,8958598432.913881,8.6,63.45,54.78,35.25,90.03,303.15,774.26,545.65,333.0,1.64,0.91,2.33,21.52,144,34.87,11
7728,光焱科技,其他電子類,4.95,338524000.0,68388686.86868687,3.01,405053067.39841986,5.92,101.47,251.6,24.4,276.0,144.45,1633.92,600.73,700.0,0.86,0.21,2.33,14.29,127,76.57,179
7730,暉盛-創,創新板股票,1.74,174841000.0,100483333.33333333,0.0,0.0,0.0,74.2,82.79,37.33,120.12,0.0,0.0,0.0,173.0,0.0,0.0,0.0,30.36,32,45.51,113
7732,金興精密,汽車工業,1.73,1119185000.0,646927745.6647398,0.81,910613949.9637227,1.41,19.32,15.24,11.99,27.23,16.91,38.39,27.24,35.95,0.76,0.47,1.07,22.31,130,0.0,0
7723,築間,觀光餐旅,-6.59,4033872000.0,0.0,0.0,5239293741.964733,0.0,56.61,97.22,13.57,110.79,0.0,0.0,0.0,23.6,0.0,0.0,0.0,11.11,2,2.44,11
7709,榮田,電機機械,2.51,982361000.0,391378884.4621514,1.58,1225920970.8988447,3.13,18.25,58.71,7.38,66.09,23.1,206.86,57.13,118.0,0.48,0.2,1.75,21.97,21,1.18,2
7708,全家餐飲,觀光餐旅,6.46,2693523000.0,416954024.7678019,3.5,3041041109.9370074,7.29,16.36,5.15,13.4,18.55,97.69,135.23,119.28,94.0,1.27,1.04,1.44,9.38,147,6.62,149
7584,樂意,文化創意業,-1.98,981776000.0,0.0,0.0,843558934.1594528,0.0,22.27,31.9,13.73,45.63,0.0,0.0,0.0,27.25,0.0,0.0,0.0,41.76,28,1.76,2
7610,聯友金屬-創,創新板股票,5.33,804389000.0,150917260.7879925,0.0,0.0,0.0,166.98,433.27,53.87,487.14,0.0,0.0,0.0,1915.0,0.0,0.0,0.0,9.83,23,122.79,71
7631,聚賢研發-創,其他電子業,6.56,851604000.0,129817682.92682928,7.49,2307042336.3591037,17.77,23.73,19.53,12.69,32.22,225.5,572.55,421.77,130.0,3.24,1.73,4.4,7.48,16,44.29,63
7642,昶瑞機電,電機機械,3.35,619877000.0,185037910.44776118,1.66,777676106.7013476,4.2,21.18,21.11,12.05,33.16,50.61,139.27,88.95,69.6,1.28,0.73,2.0,2.45,9,0.39,57
7703,銳澤,其他電子類,8.72,2572226000.0,294980045.8715596,4.25,2720311345.454883,9.22,23.35,19.07,14.3,33.37,131.85,307.67,215.29,206.0,1.05,0.64,1.49,5.2,135,102.1,77
7704,明遠精密,半導體業,2.07,657463000.0,317614975.84541065,1.15,717300304.5534707,2.26,25.14,16.51,15.62,32.13,35.3,72.61,56.81,58.4,0.97,0.6,1.24,15.32,30,3.6,14
7705,三商餐飲,觀光餐旅,1.93,6491220000.0,3363326424.870466,0.98,6797001641.499905,2.02,22.24,19.26,13.61,32.87,27.49,66.4,44.92,31.4,1.43,0.88,2.11,14.25,133,5.8,28
6881,潤德,其他,19.42,2443619000.0,125830020.59732233,9.82,2574293411.7537227,20.46,15.22,7.37,11.92,19.29,243.88,394.67,311.48,268.5,1.16,0.91,1.47,2.13,1,0.0,0
6884,海柏特,資訊服務業,2.06,238706000.0,115876699.02912621,0.0,0.0,0.0,17.99,6.44,16.39,22.83,0.0,0.0,0.0,35.25,0.0,0.0,0.0,6.08,53,0.0,0
6885,全福生技,化學生技醫療,-3.32,4460000.0,0.0,0.0,18679449.120122418,0.0,0.0,0.0,0.0,0.0,0.0,0.0,0.0,22.55,0.0,0.0,0.0,6.75,30,21.77,7
6887,寶綠特-KY,綠能環保,4.64,4751693000.0,1024071767.2413794,2.37,3839258120.4240837,3.75,10.74,9.47,6.12,15.59,22.95,58.46,40.28,34.6,1.16,0.66,1.69,11.87,42,2.01,15
6877,鏵友益,其他電子類,0.61,505472000.0,828642622.9508197,0.15,242579325.01845354,0.29,237.81,790.71,55.12,845.83,15.98,245.29,68.97,128.0,0.54,0.12,1.92,109.06,175,20.43,57
6890,來億-KY,運動休閒,13.01,39806004000.0,3059646733.2820907,5.95,33830608732.209423,11.06,34.67,78.58,11.56,90.14,127.85,996.95,383.48,227.5,1.69,0.56,4.38,59.81,170,0.0,0
6894,衛司特,綠能環保類,10.99,1360634000.0,123806551.41037306,8.33,2204246103.7176676,17.8,23.5,19.2,16.24,35.44,289.07,630.83,418.25,357.0,1.17,0.81,1.77,5.36,21,0.0,0
6895,宏碩系統,半導體業,3.61,819077000.0,226891135.73407203,1.19,764369206.248139,3.37,73.09,96.85,37.96,134.81,127.93,454.31,246.32,162.5,1.52,0.79,2.8,82.8,30,145.85,84
6899,創為精密,光電業,3.59,1175122000.0,327332033.4261839,1.7,1150961107.0215724,3.52,15.75,6.26,12.71,18.97,44.74,66.77,55.45,62.2,0.89,0.72,1.07,2.38,24,6.13,143
6901,鑽石投資,其他,-1.55,-1063116000.0,0.0,0.0,0.0,0.0,0.0,0.0,0.0,0.0,0.0,0.0,0.0,15.55,0.0,0.0,0.0,12.04,31,0.72,72
6903,巨漢,其他電子類,10.62,3177380000.0,299188323.9171375,13.22,12126163512.320808,40.53,19.82,35.06,9.44,44.5,382.6,1803.58,803.4,384.5,2.09,1.0,4.69,4.89,9,85.29,183
6904,伯鑫,其他,5.44,880215000.0,161804227.94117644,2.72,826572369.6368016,5.11,16.41,11.84,11.32,23.16,57.85,118.35,83.87,0.0,0.0,0.0,0.0,0.0,0,0.0,0
6906,現觀科,數位雲端,1.87,354906000.0,189789304.8128342,0.86,342481188.496372,1.8,39.98,28.37,26.94,55.31,48.49,99.56,71.96,89.6,0.8,0.54,1.11,29.41,127,3.85,15
6875,國邑*,生技醫療業,-2.98,69673000.0,0.0,0.0,13189156.108484697,0.0,337.78,260.6,232.73,493.33,0.0,0.0,0.0,35.6,0.0,0.0,0.0,5.56,10,38.65,134
6874,倍力,資訊服務業,3.16,1341672000.0,424579746.835443,3.06,2262035622.838008,5.33,21.88,14.45,15.65,30.1,83.41,160.43,116.59,84.5,1.38,0.99,1.9,15.57,21,10.15,25
6855,數泓科,其他電子類,7.86,616484000.0,78433078.88040712,3.87,549958970.1383746,7.01,16.7,10.22,12.83,23.05,89.94,161.58,117.06,122.0,0.96,0.74,1.32,21.2,112,2.9,50
6856,鑫傳,文化創意業,2.62,774482000.0,295603816.7938931,1.23,754162872.3156989,2.55,18.07,12.53,13.35,25.88,34.04,65.99,46.08,47.35,0.97,0.72,1.39,9.92,93,8.93,141
6859,伯特光,光電業,2.87,926738000.0,322905226.4808362,1.08,552372110.7297827,1.71,90.72,310.16,30.47,340.63,52.1,582.48,155.12,126.5,1.23,0.41,4.6,72.11,170,0.0,0
6861,睿生光電,化學生技醫療,3.84,2281307000.0,594090364.5833334,2.59,3218695958.492216,5.42,25.6,100.32,10.91,111.23,59.13,602.87,138.74,342.0,0.41,0.17,1.76,14.71,9,44.96,108
6862,三集瑞-KY,電子工業,8.28,2269658000.0,274113285.0241546,3.28,1634189643.2893116,5.96,18.77,26.13,10.67,36.8,63.59,219.33,111.85,188.0,0.59,0.34,1.17,0.0,0,53.45,134
6863,永道-KY,通信網路業,3.0,4049237000.0,1349745666.6666667,1.9,4508560795.895801,3.34,27.11,95.76,12.96,108.72,43.29,363.12,90.55,96.5,0.94,0.45,3.76,26.57,112,9.21,17
6870,騰雲,數位雲端類,7.11,780362000.0,109755555.55555555,4.35,1135884556.6909025,10.35,43.61,51.96,24.36,76.32,252.13,789.91,451.33,280.0,1.61,0.9,2.82,74.37,177,25.63,95
6872,浩宇生醫,生技醫療業,-2.14,11027000.0,0.0,0.0,52245439.441692926,0.0,0.0,0.0,0.0,0.0,0.0,0.0,0.0,16.75,0.0,0.0,0.0,5.61,14,2.17,1
6907,雅特力-KY,半導體業,2.09,139884000.0,66930143.54066986,0.0,0.0,0.0,50.97,59.41,19.68,79.09,0.0,0.0,0.0,134.5,0.0,0.0,0.0,244.9,127,244.9,127
6908,宏碁遊戲-創,創新板股票,1.44,0.0,0.0,0.0,0.0,0.0,27.11,11.47,21.93,33.4,0.0,0.0,0.0,38.85,0.0,0.0,0.0,0.54,11,15.0,127
6928,攸泰科技,電子工業,-0.73,1987148000.0,0.0,0.0,1765249822.746804,0.0,28.0,19.04,17.99,37.03,0.0,0.0,0.0,47.15,0.0,0.0,0.0,24.52,14,64.45,79
6929,佑全,生技醫療業,-1.63,3229077000.0,0.0,0.0,3207584184.129911,0.0,329.51,306.9,196.67,503.57,0.0,0.0,0.0,23.65,0.0,0.0,0.0,0.0,0,3.26,165
6931,青松健康,化學生技醫療,1.39,1108355000.0,797377697.8417267,0.78,1285616495.3275385,1.61,69.68,84.53,20.62,105.15,33.2,169.29,112.19,40.8,2.75,0.81,4.15,5.37,29,25.78,175
6933,AMAX-KY,電子工業,5.05,6971809000.0,1380556237.6237624,2.73,7701254124.983797,5.58,45.04,75.96,22.05,98.01,123.04,546.9,251.31,154.0,1.63,0.8,3.55,4.47,3,84.96,52
6934,心誠鎂,化學生技醫療,-3.92,70823000.0,0.0,0.0,0.0,0.0,0.0,0.0,0.0,0.0,0.0,0.0,0.0,67.6,0.0,0.0,0.0,26.72,146,53.49,74
6936,永鴻生技,生技醫療業,1.83,1174176000.0,641626229.5081967,1.16,2045938872.9949894,3.19,19.58,7.25,16.61,23.86,52.99,76.11,62.47,33.6,1.86,1.58,2.27,8.09,144,12.3,129
6937,天虹,半導體業,3.01,2637017000.0,876085382.0598007,1.49,2270579898.882048,2.59,55.57,85.09,26.87,111.96,69.59,289.98,143.91,270.5,0.53,0.26,1.07,108.72,175,43.95,122
6944,兆聯實業,綠能環保,32.15,13084153000.0,406972099.533437,24.35,37025513640.156,90.98,24.42,14.12,17.77,31.89,1616.71,2901.35,2221.36,998.0,2.23,1.62,2.91,37.61,36,55.86,183
6945,圓祥生技,生技醫療業,-5.23,0.0,0.0,0.0,0.0,0.0,0.0,0.0,0.0,0.0,0.0,0.0,0.0,100.5,0.0,0.0,0.0,3.45,21,250.09,178
6925,意藍,數位雲端類,3.09,159228000.0,51530097.08737864,1.98,349659606.9857697,6.79,38.98,44.97,19.75,64.72,134.1,439.45,264.7,63.8,4.15,2.1,6.89,5.91,23,52.72,7
6909,創控,半導體業,1.02,369381000.0,362138235.2941176,0.79,998098010.4135082,2.76,42.66,44.94,24.64,69.58,68.01,192.04,117.75,46.3,2.54,1.47,4.15,14.11,24,5.22,53
6910,德鴻,數位雲端類,2.0,65267000.0,32633500.0,0.0,0.0,0.0,15.25,3.89,13.16,17.05,0.0,0.0,0.0,28.0,0.0,0.0,0.0,9.15,30,75.04,80
6913,鴻呈,電子零組件業,4.4,2590078000.0,588654090.9090909,2.65,3241702417.0257206,5.51,30.85,42.3,19.58,61.88,107.89,340.96,170.01,124.0,1.37,0.87,2.75,27.35,172,46.48,81
6914,阜爾運通,其他,9.61,5625004000.0,585328199.7918835,5.04,6117587550.016032,10.45,17.57,7.26,14.31,21.57,149.54,225.41,183.61,142.0,1.29,1.05,1.59,0.0,0,8.39,147
6916,華凌,光電業,-1.43,2011922000.0,0.0,0.0,2190569812.496865,0.0,75.42,171.1,26.71,197.81,0.0,0.0,0.0,21.6,0.0,0.0,0.0,1.22,16,10.84,2
6918,愛派司,化學生技醫療,5.17,630947000.0,122040038.68471953,3.73,1426193518.7469583,11.69,17.82,12.89,14.33,27.22,167.52,318.2,208.29,73.6,2.83,2.28,4.32,40.88,142,8.45,1
6919,康霈*,化學生技醫療,-0.23,38037000.0,0.0,0.0,11113332.459875533,0.0,0.0,0.0,0.0,0.0,0.0,0.0,0.0,96.6,0.0,0.0,0.0,53.24,14,35.82,15
6921,嘉雨思-創,創新板股票,0.34,25431000.0,74797058.8235294,0.0,0.0,0.0,158.56,255.61,50.27,305.88,0.0,0.0,0.0,70.0,0.0,0.0,0.0,65.08,119,65.08,119
6922,宸曜,電腦及週邊設備業,7.05,1695512000.0,240498156.0283688,4.15,2075257963.0172536,8.63,26.61,23.6,17.5,41.1,151.02,354.69,229.66,182.0,1.26,0.83,1.95,24.78,21,24.18,86
6923,中台,綠能環保,3.03,1166339000.0,384930363.03630364,1.68,1264140950.922442,3.28,25.32,23.4,14.31,37.71,46.94,123.69,83.04,80.0,1.04,0.59,1.55,10.29,10,69.15,115
4939,亞電,電子零組件業,-0.43,1421150000.0,0.0,0.0,1444176280.7136025,0.0,86.68,131.52,37.65,169.17,0.0,0.0,0.0,64.6,0.0,0.0,0.0,13.23,94,101.03,170
00400A,主動國泰動能高息,ETF,0.0,0.0,0.0,0.0,0.0,0.0,0.0,0.0,0.0,0.0,0.0,0.0,0.0,14.72,0.0,0.0,0.0,37.8,55,37.8,55
4938,和碩,電子工業,5.39,1119686756000.0,207734092022.26346,2.54,1047586267231.4996,5.04,14.68,11.8,10.84,22.64,54.63,114.11,73.97,83.0,0.89,0.66,1.37,3.0,3,0.0,0
1783,和康生,生技醫療業,2.97,788475000.0,265479797.97979796,1.58,875792532.9146369,3.3,20.87,17.66,12.63,30.29,41.68,99.96,68.86,38.7,1.78,1.08,2.58,11.38,15,5.39,108
1784,訊聯,生技醫療業,1.02,1218200000.0,1194313725.490196,0.58,1357375590.269516,1.14,70.12,65.71,37.82,103.53,43.11,118.02,79.94,65.9,1.21,0.65,1.79,76.5,31,57.54,182
1785,光洋科,其他電子類,3.14,38281563000.0,12191580573.248407,2.49,64605538806.70786,5.3,27.39,44.36,14.56,58.92,77.17,312.28,145.18,142.5,1.02,0.54,2.19,35.19,18,5.89,179
1786,科妍,化學生技醫療,2.24,885510000.0,395316964.28571427,1.1,891511725.2674954,2.26,34.64,23.78,24.9,48.68,56.27,110.02,78.3,54.3,1.44,1.04,2.03,8.33,64,33.99,38
1788,杏昌,生技醫療業,8.27,4249659000.0,513864449.8186216,4.38,4545964476.919263,8.85,17.24,3.51,14.97,18.48,132.48,163.55,152.57,130.5,1.17,1.02,1.25,1.45,28,0.35,1
1789,神隆,化學生技醫療,0.17,3270288000.0,19236988235.294117,0.08,2914869090.7148104,0.15,69.83,109.49,38.72,148.21,5.81,22.23,10.48,20.05,0.52,0.29,1.11,1.2,14,19.23,109
1795,美時,化學生技醫療,18.13,19522511000.0,1076807004.9641478,15.32,32544283064.471237,30.22,14.76,12.01,9.22,21.23,278.63,641.57,445.99,191.0,2.34,1.46,3.36,10.45,14,43.67,164
1796,金穎生技,食品工業,0.71,670666000.0,944600000.0,0.33,632675509.8553901,0.67,76.81,105.59,24.15,129.74,16.18,86.93,51.46,33.95,1.52,0.48,2.56,10.1,15,46.28,79
1799,易威,生技醫療業,-0.59,598330000.0,0.0,0.0,958759404.3405582,0.0,0.0,0.0,0.0,0.0,0.0,0.0,0.0,30.7,0.0,0.0,0.0,112.04,67,0.89,2
1802,台玻,玻璃陶瓷,-0.2,41862489000.0,0.0,0.0,44259260430.17075,0.0,180.28,505.38,70.0,575.38,0.0,0.0,0.0,68.2,0.0,0.0,0.0,4.2,161,142.55,176
1805,寶徠,建材營造,0.23,297871000.0,1295091304.347826,0.22,292025518.17056096,0.23,37.93,121.99,4.34,126.33,1.0,29.06,8.72,10.25,0.85,0.1,2.84,19.12,63,10.12,30
1806,冠軍,玻璃陶瓷,0.29,3360491000.0,11587900000.0,0.12,2633460221.7740173,0.23,44.42,101.44,26.29,127.73,6.05,29.38,10.22,8.16,1.25,0.74,3.6,30.09,42,7.21,11
1808,潤隆,建材營造,1.36,2508837000.0,1844733088.235294,7.29,252499968184.81952,136.88,10.99,19.27,2.65,21.92,362.73,3000.41,1504.55,31.9,47.16,11.37,94.06,16.52,94,30.66,140
1809,中釉,玻璃陶瓷,0.19,2509135000.0,13205973684.210526,0.09,2470997566.1293163,0.19,126.87,273.98,39.7,313.68,7.54,59.6,24.1,49.5,0.49,0.15,1.2,9.46,23,38.49,63
1810,和成,玻璃陶瓷,0.05,4622865000.0,92457300000.0,0.02,4251708720.2557974,0.05,195.01,510.13,4.87,515.0,0.24,25.75,9.75,19.85,0.49,0.01,1.3,3.47,105,52.68,79
1813,寶利徠,生技醫療業,-1.03,299357000.0,0.0,0.0,284559745.1500591,0.0,147.83,186.76,34.91,221.67,0.0,0.0,0.0,11.9,0.0,0.0,0.0,4.88,23,1.61,11
1815,富喬,電子零組件業,1.64,5946334000.0,3625813414.6341467,1.05,8104049430.213559,2.24,105.0,221.87,46.21,268.08,103.51,600.5,235.2,94.8,2.48,1.09,6.33,12.96,171,134.56,150
1817,凱撒衛,玻璃陶瓷,3.61,2685268000.0,743841551.2465374,1.75,2563024344.8393993,3.45,10.11,2.28,9.22,11.5,31.81,39.68,34.87,40.35,0.86,0.79,0.98,13.57,175,0.47,11
1903,士紙,造紙工業,1.28,153500000.0,119921875.0,0.65,152013439.3648225,1.27,104.26,111.04,36.82,147.86,46.76,187.78,132.41,47.85,2.77,0.98,3.92,0.0,0,6.13,129
1904,正隆,造紙工業,0.74,43601661000.0,58921163513.51351,0.38,44644496441.772606,0.76,44.77,88.25,15.08,103.33,11.46,78.53,34.02,23.05,1.48,0.5,3.41,0.34,3,8.02,39
1905,華紙,造紙工業,-0.56,18948619000.0,0.0,0.0,17681767405.10181,0.0,212.08,36.25,195.0,231.25,0.0,0.0,0.0,14.15,0.0,0.0,0.0,2.29,17,10.42,129
1906,寶隆,造紙工業,0.01,2994442000.0,299444200000.0,0.01,3143245191.0942736,0.01,255.79,1371.47,18.53,1390.0,0.19,13.9,2.56,11.35,0.23,0.02,1.22,0.63,16,8.33,106
1907,永豐餘,造紙工業,1.19,74277975000.0,62418466386.55463,0.61,74727961455.95032,1.2,27.48,20.94,17.14,38.08,20.57,45.7,32.98,26.95,1.22,0.76,1.7,11.2,106,12.12,161
1781,合世,生技醫療業,-1.3,405453000.0,0.0,0.0,378714813.5411512,0.0,38.46,23.44,23.53,46.97,0.0,0.0,0.0,12.0,0.0,0.0,0.0,22.47,21,0.67,8
1777,生泰,生技醫療業,5.86,1311930000.0,223878839.59044367,2.54,1171867889.7114818,5.23,12.32,8.36,8.8,17.16,46.02,89.75,64.42,72.4,0.89,0.64,1.24,16.54,24,0.69,16
1730,花仙子,化學工業,4.5,2407003000.0,534889555.5555556,2.29,2430695738.736031,4.54,13.27,5.81,11.32,17.13,51.39,77.77,60.22,53.0,1.14,0.97,1.47,0.89,43,1.79,16
1731,美吾華,化學生技醫療,1.36,1565385000.0,1151018382.352941,0.75,1709054444.9390225,1.48,17.25,4.9,15.21,20.11,22.51,29.76,25.52,21.7,1.18,1.04,1.37,2.53,9,1.31,2
1732,毛寶,化學工業,0.7,678784000.0,969691428.5714287,0.36,716314726.6567415,0.74,231.08,1543.44,29.06,1572.5,21.5,1163.65,171.0,26.25,6.51,0.82,44.33,0.32,9,12.91,49
1733,五鼎,化學生技醫療,1.63,1972447000.0,1210090184.04908,0.79,1729204952.9679334,1.43,22.75,17.43,15.6,33.03,22.31,47.23,32.53,29.25,1.11,0.76,1.61,7.62,22,30.43,127
1734,杏輝,化學生技醫療,1.97,3339984000.0,1695423350.253807,1.03,3544254611.2965765,2.09,17.21,5.71,14.14,19.85,29.55,41.49,35.97,31.65,1.14,0.93,1.31,1.7,14,0.77,15
1735,日勝化,化學工業,0.78,2318838000.0,2972869230.769231,0.43,2389375194.8109565,0.8,26.33,31.99,14.23,46.22,11.38,36.98,21.06,22.5,0.94,0.51,1.64,57.26,79,3.66,2
1737,臺鹽,食品工業,2.0,3285077000.0,1642538500.0,0.97,3149727315.0182576,1.92,18.9,7.37,15.7,23.07,30.14,44.29,36.28,31.7,1.14,0.95,1.4,5.47,93,1.83,64
1742,台蠟,化學工業,-1.08,115292000.0,0.0,0.0,66466311.37925256,0.0,29.28,46.51,11.23,57.74,0.0,0.0,0.0,15.6,0.0,0.0,0.0,10.7,106,1.85,15
1752,南光,化學生技醫療,2.41,2183273000.0,905922406.6390041,1.2,2106338395.437212,2.33,22.05,29.71,12.7,42.41,29.59,98.82,51.39,33.15,1.55,0.89,2.98,3.18,7,10.65,84
1760,寶齡富錦,化學生技醫療,2.22,2040077000.0,918953603.6036035,1.17,2191725946.4921727,2.39,52.22,65.67,23.9,89.57,57.12,214.07,124.8,59.6,2.09,0.96,3.59,5.1,9,0.81,1
1762,中化生,化學生技醫療,-4.4,852565000.0,0.0,0.0,1123332743.9416707,0.0,48.55,89.35,26.03,115.38,0.0,0.0,0.0,34.7,0.0,0.0,0.0,7.35,25,9.09,51
1773,勝一,化學工業,7.12,11492653000.0,1614136657.3033707,3.94,13251939461.914253,8.21,22.01,11.92,15.6,27.52,128.08,225.94,180.68,177.5,1.02,0.72,1.27,13.31,94,27.16,77
1776,展宇,化學工業,0.27,1096645000.0,4061648148.148148,0.14,1003994648.3596232,0.25,39.7,72.84,19.1,91.94,4.78,22.98,9.92,18.3,0.54,0.26,1.26,51.43,98,0.0,0
1727,中華化,化學生技醫療,0.04,1937304000.0,48432600000.0,0.02,2328133746.404884,0.05,298.42,2041.47,38.53,2080.0,1.93,104.0,14.92,85.4,0.17,0.02,1.22,43.63,128,97.99,162
1909,榮成,造紙工業,-0.39,45295774000.0,0.0,0.0,46769034361.11694,0.0,226.92,32.5,215.0,247.5,0.0,0.0,0.0,10.05,0.0,0.0,0.0,5.69,109,34.55,165
2002A,中鋼特,鋼鐵工業,0.0,0.0,0.0,0.0,0.0,0.0,0.0,0.0,0.0,0.0,0.0,0.0,0.0,38.25,0.0,0.0,0.0,0.8,32,1.12,21
2063,世鎧,鋼鐵工業,1.72,994859000.0,578406395.3488373,0.83,901068118.6616362,1.56,15.63,11.59,9.45,21.04,14.74,32.82,24.38,24.8,0.98,0.59,1.32,0.76,4,7.74,2
2064,晉椿,鋼鐵工業,-1.3,1601553000.0,0.0,0.0,1828490526.4569929,0.0,0.0,0.0,0.0,0.0,0.0,0.0,0.0,13.4,0.0,0.0,0.0,10.33,102,5.43,10
2065,世豐,鋼鐵工業,1.14,2055565000.0,1803127192.9824562,0.63,2107035551.0208702,1.17,21.95,36.3,10.34,46.64,12.1,54.57,25.69,34.8,0.74,0.35,1.57,0.0,0,1.63,2
2066,世德,電機機械,1.34,2575247000.0,1921826119.4029849,0.72,2651704619.7737784,1.38,22.82,38.95,10.57,49.52,14.59,68.34,31.49,61.9,0.51,0.24,1.1,2.96,29,2.73,10
2067,嘉鋼,電機機械,-2.8,1025197000.0,0.0,0.0,927131680.8372357,0.0,0.0,0.0,0.0,0.0,0.0,0.0,0.0,6.35,0.0,0.0,0.0,16.38,22,90.02,127
2069,運錩,鋼鐵工業,1.62,10193120000.0,6292049382.716049,0.8,9225914303.167896,1.47,24.89,120.98,6.21,127.19,9.13,186.97,36.58,18.9,1.94,0.48,9.89,23.33,102,9.42,183
2070,精湛,電機機械,2.3,654366000.0,284506956.5217391,1.3,813638536.5781721,2.86,21.36,30.87,13.91,44.78,39.78,128.07,61.08,65.7,0.93,0.61,1.95,188.92,98,13.54,109
2072,世紀風電,綠能環保,14.43,0.0,0.0,0.0,0.0,0.0,14.28,3.25,12.66,15.91,0.0,0.0,0.0,175.5,0.0,0.0,0.0,0.0,0,10.29,14
2073,雄順,鋼鐵工業,-0.39,567661000.0,0.0,0.0,611705460.297459,0.0,82.16,185.01,37.68,222.69,0.0,0.0,0.0,25.5,0.0,0.0,0.0,1.97,14,0.0,0
2101,南港,橡膠工業,1.01,8402501000.0,8319307920.792079,1.24,19746983192.90944,2.37,43.67,240.71,8.42,249.13,19.96,590.44,103.49,33.45,3.09,0.6,17.65,2.5,3,24.72,91
2102,泰豐,橡膠工業,6.29,262413000.0,41719077.901430845,2.21,181413335.11680087,4.35,2.95,0.48,2.74,3.22,11.92,14.01,12.83,18.25,0.7,0.65,0.77,18.29,56,4.02,8
2103,台橡,橡膠工業,0.54,36853803000.0,68247783333.33333,0.31,39095470023.02242,0.57,38.98,159.75,13.58,173.33,7.74,98.8,22.22,22.05,1.01,0.35,4.48,5.85,113,2.51,44
2104,國際中橡,橡膠工業,-4.27,15544371000.0,0.0,0.0,12646564993.62074,0.0,0.0,0.0,0.0,0.0,0.0,0.0,0.0,10.4,0.0,0.0,0.0,1.72,18,13.06,58
2105,正新,橡膠工業,1.5,91262756000.0,60841837333.333336,0.77,92525996068.26642,1.52,19.78,6.6,16.88,23.48,25.66,35.69,30.07,33.95,0.89,0.76,1.05,8.78,154,3.05,38
2106,建大,橡膠工業,0.13,33973366000.0,261333584615.3846,0.07,34127455522.581387,0.13,46.14,128.05,15.8,143.85,2.05,18.7,6.0,18.05,0.33,0.11,1.04,4.69,8,0.0,0
2107,厚生,橡膠工業,1.67,1476855000.0,884344311.3772455,0.75,1305906226.0931687,1.48,14.38,6.29,12.08,18.37,17.88,27.19,21.28,25.35,0.84,0.71,1.07,5.41,45,0.2,38
2108,南帝,橡膠工業,0.84,9722020000.0,11573833333.333334,0.5,11089573577.568815,0.96,28.23,18.52,18.43,36.95,17.69,35.47,27.1,29.25,0.93,0.6,1.21,27.46,21,4.54,77
2109,華豐,橡膠工業,1.16,4571076000.0,3940582758.62069,0.58,4302965689.704752,1.09,11.66,3.74,10.06,13.8,10.97,15.04,12.7,14.45,0.88,0.76,1.04,4.96,22,0.29,2
2114,鑫永銓,橡膠工業,5.78,1583164000.0,273903806.2283737,2.99,1717967163.010089,6.27,16.81,3.9,15.1,19.0,94.68,119.13,105.42,89.7,1.18,1.06,1.33,2.48,3,1.73,77
2115,六暉-KY,汽車工業,1.58,2976173000.0,1883653797.4683545,0.9,3196699090.366757,1.7,16.15,24.48,11.31,35.79,19.23,60.84,27.45,22.4,1.23,0.86,2.72,1.64,22,0.0,0
2201,裕隆,汽車工業,0.93,74182384000.0,79766004301.07527,0.44,70021535067.64772,0.88,16.98,25.86,8.43,34.29,7.42,30.18,14.94,28.15,0.53,0.26,1.07,2.63,3,26.38,151
2204,中華,汽車工業,5.47,31570356000.0,5771545886.654479,3.12,35494453301.512856,6.15,10.21,6.25,7.32,13.57,45.02,83.46,62.82,55.6,1.13,0.81,1.5,5.14,25,2.07,98
2206,三陽工業,汽車工業,5.78,62818867000.0,10868316089.965397,2.8,60600464142.40796,5.58,10.67,3.51,8.79,12.3,49.05,68.63,59.52,61.6,0.97,0.8,1.11,5.1,29,1.37,85
2061,風青,電器電纜,-0.97,1210025000.0,0.0,0.0,1283386511.023362,0.0,64.43,17.92,53.19,71.11,0.0,0.0,0.0,43.7,0.0,0.0,0.0,21.53,45,11.26,106
2002,中鋼,鋼鐵工業,-0.28,321244068000.0,0.0,0.0,308557406639.8655,0.0,131.02,146.88,69.62,216.5,0.0,0.0,0.0,18.65,0.0,0.0,0.0,1.49,112,6.77,60
2059,川湖,電子零組件業,103.23,16900584000.0,163717756.46614355,82.82,28937721818.514492,176.75,34.62,44.7,18.66,63.36,3298.16,11198.88,6119.95,6650.0,0.92,0.5,1.68,33.47,171,97.25,143
2049,上銀,電機機械,4.3,24106189000.0,5606090465.11628,2.42,27485184246.193386,4.9,48.33,57.08,32.14,89.22,157.49,437.18,236.82,324.5,0.73,0.49,1.35,28.5,183,6.03,114
2006,東和鋼鐵,鋼鐵工業,6.47,58516403000.0,9044266306.02782,3.26,55920569276.86373,6.18,10.95,3.17,9.72,12.89,60.07,79.66,67.69,68.7,0.99,0.87,1.16,17.34,112,15.02,170
2007,燁興,鋼鐵工業,-2.25,5443582000.0,0.0,0.0,3943168504.2144513,0.0,0.0,0.0,0.0,0.0,0.0,0.0,0.0,7.41,0.0,0.0,0.0,5.06,4,16.62,64
2008,高興昌,鋼鐵工業,0.69,1838397000.0,2664343478.26087,0.29,1462220577.0223558,0.55,64.45,94.81,12.69,107.5,6.98,59.13,35.45,30.85,1.15,0.23,1.92,58.75,74,20.77,177
2009,第一銅,鋼鐵工業,0.33,2899358000.0,8785933333.333332,0.19,3432834727.381848,0.39,94.07,133.7,40.41,174.11,15.76,67.9,36.69,40.05,0.92,0.39,1.7,2.37,17,44.26,171
2010,春源,鋼鐵工業,2.31,24455890000.0,10586965367.965368,1.19,25780843305.764618,2.44,11.03,6.45,8.81,15.26,21.5,37.23,26.92,24.65,1.09,0.87,1.51,0.99,4,13.92,63
2012,春雨,鋼鐵工業,0.2,8494670000.0,42473350000.0,0.09,7291767496.045274,0.17,33.53,66.74,17.01,83.75,2.89,14.24,5.7,14.3,0.4,0.2,1.0,13.79,70,0.0,0
2013,中鋼構,鋼鐵工業,3.19,21092061000.0,6611931347.962382,1.51,19199419249.880016,2.9,16.22,8.32,12.94,21.26,37.53,61.65,47.04,43.15,1.09,0.87,1.43,0.85,4,4.2,17
2014,中鴻,鋼鐵工業,-1.29,19913319000.0,0.0,0.0,16147736303.786528,0.0,0.0,0.0,0.0,0.0,0.0,0.0,0.0,17.85,0.0,0.0,0.0,4.08,106,14.92,63
2015,豐興,鋼鐵工業,3.88,29857638000.0,7695267525.773196,1.82,25532310547.517628,3.32,16.83,7.04,12.98,20.02,43.09,66.47,55.87,62.9,0.89,0.69,1.06,19.17,126,9.79,16
2017,官田鋼,鋼鐵工業,-0.55,2762431000.0,0.0,0.0,2611423811.760323,0.0,52.48,94.65,29.93,124.58,0.0,0.0,0.0,9.37,0.0,0.0,0.0,0.0,0,6.64,64
2020,美亞,鋼鐵工業,2.13,4732647000.0,2221900000.0,0.95,4539737543.989524,2.04,9.26,8.43,4.64,13.07,9.47,26.66,18.89,21.4,0.88,0.44,1.25,1.81,9,9.13,60
2022,聚亨,鋼鐵工業,-0.02,9138401000.0,0.0,0.0,13541552097.471617,0.0,108.46,122.39,55.94,178.33,0.0,0.0,0.0,7.79,0.0,0.0,0.0,1.33,4,17.5,64
2023,燁輝,鋼鐵工業,-1.85,68592648000.0,0.0,0.0,61423116123.83433,0.0,0.0,0.0,0.0,0.0,0.0,0.0,0.0,13.9,0.0,0.0,0.0,7.52,109,5.88,101
2024,志聯,鋼鐵工業,-0.06,998528000.0,0.0,0.0,959485998.9851235,0.0,259.38,554.91,88.42,643.33,0.0,0.0,0.0,14.2,0.0,0.0,0.0,7.03,59,9.66,109
2025,千興,鋼鐵工業,-0.17,849427000.0,0.0,0.0,1729843250.301467,0.0,43.34,77.38,18.25,95.63,0.0,0.0,0.0,14.35,0.0,0.0,0.0,0.0,0,0.68,8
2027,大成鋼,鋼鐵工業,2.89,100432504000.0,34751731487.889275,1.82,127597123409.88385,3.67,19.95,28.4,11.52,39.92,42.28,146.51,73.21,41.7,1.76,1.01,3.51,7.03,39,21.38,53
2028,威致,鋼鐵工業,0.28,8491960000.0,30328428571.42857,0.16,8665644115.24953,0.29,38.24,72.66,16.25,88.91,4.71,25.78,11.09,16.8,0.66,0.28,1.53,4.96,105,11.59,37
2029,盛餘,鋼鐵工業,0.74,13822378000.0,18678889189.18919,0.34,11436423276.30128,0.61,16.96,23.24,10.95,34.19,6.68,20.86,10.35,20.9,0.5,0.32,1.0,1.08,17,4.95,53
2030,彰源,鋼鐵工業,0.34,10238365000.0,30112838235.294117,0.19,10765522794.5853,0.36,33.43,51.16,10.94,62.1,3.94,22.36,12.03,18.55,0.65,0.21,1.21,5.77,105,1.69,2
2031,新光鋼,鋼鐵工業,3.29,17286364000.0,5254213981.7629175,1.72,15825791238.754929,3.01,14.24,32.76,5.79,38.55,17.43,116.04,42.87,38.45,1.11,0.45,3.02,0.0,0,9.26,63
2032,新鋼,鋼鐵工業,0.56,3043460000.0,5434749999.999999,0.3,3265994155.6865196,0.6,78.69,561.63,18.37,580.0,11.02,348.0,47.21,17.25,2.74,0.64,20.17,0.0,0,14.69,63
2033,佳大,鋼鐵工業,0.44,690733000.0,1569847727.2727273,0.23,716927843.3106757,0.46,89.88,157.34,43.29,200.63,19.91,92.29,41.34,15.65,2.64,1.27,5.9,69.4,150,24.79,106
2034,允強,鋼鐵工業,0.2,12892899000.0,64464495000.0,0.09,10697653277.753738,0.17,102.23,20.71,95.24,115.95,16.19,19.71,17.38,20.7,0.84,0.78,0.95,1.98,4,7.8,18
2035,唐榮,鋼鐵工業,-4.71,9598781000.0,0.0,0.0,9829546554.484407,0.0,0.0,0.0,0.0,0.0,0.0,0.0,0.0,27.35,0.0,0.0,0.0,0.91,161,2.25,2
2038,海光,鋼鐵工業,-0.56,9134021000.0,0.0,0.0,7286385420.140985,0.0,145.95,363.21,43.79,407.0,0.0,0.0,0.0,13.9,0.0,0.0,0.0,0.0,0,9.54,64
2207,和泰車,汽車工業,33.93,278122174000.0,8196939994.105512,18.34,295057750198.9051,36.0,16.52,6.46,13.36,19.82,480.96,713.52,594.64,468.5,1.27,1.03,1.52,12.64,102,6.34,158
1726,永記,化學工業,5.5,9902046000.0,1800372000.0,2.94,10066969436.30644,5.59,14.17,2.82,12.85,15.67,71.83,87.6,79.19,78.9,1.0,0.91,1.11,2.84,29,2.19,15
1524,耿鼎,汽車工業,1.95,2712548000.0,1391050256.4102564,0.89,2274902720.301619,1.64,11.88,14.8,7.7,22.5,12.63,36.9,19.48,29.55,0.66,0.43,1.25,18.17,178,15.37,134
1525,江申,汽車工業,3.21,1254025000.0,390661993.7694704,1.62,1312069598.1150014,3.36,18.16,30.8,14.08,44.88,47.31,150.8,61.02,65.5,0.93,0.72,2.3,0.65,4,14.19,84
1526,日馳,電機機械,-0.11,763306000.0,0.0,0.0,658604423.335606,0.0,0.0,0.0,0.0,0.0,0.0,0.0,0.0,14.55,0.0,0.0,0.0,1.88,14,2.56,8
1527,鑽全,電機機械,1.52,2910053000.0,1914508552.631579,0.66,2446433857.2910004,1.28,18.1,27.12,9.8,36.92,12.54,47.26,23.16,33.2,0.7,0.38,1.42,7.84,72,6.51,46
1528,恩德,電機機械,-0.35,2876650000.0,0.0,0.0,2998043959.078445,0.0,0.0,0.0,0.0,0.0,0.0,0.0,0.0,25.5,0.0,0.0,0.0,66.54,128,68.48,63
1529,樂事綠能,電機機械,1.01,853549000.0,845098019.8019801,0.62,915944253.5005794,1.08,445.35,2957.46,17.54,2975.0,18.94,3213.0,480.98,22.75,21.14,0.83,141.23,18.11,32,0.0,0
1530,亞崴,電機機械,-2.39,1972715000.0,0.0,0.0,1727167772.4685388,0.0,23.76,40.35,5.26,45.61,0.0,0.0,0.0,30.55,0.0,0.0,0.0,13.44,74,0.0,0
1531,高林股,電機機械,-0.12,1519930000.0,0.0,0.0,1335242567.5471447,0.0,62.91,157.09,19.91,177.0,0.0,0.0,0.0,12.95,0.0,0.0,0.0,21.65,164,9.21,21
1532,勤美,電機機械,0.99,15470842000.0,15627113131.313131,0.42,16814563301.401134,1.08,25.89,87.03,6.97,94.0,7.53,101.52,27.96,23.7,1.18,0.32,4.28,0.2,1,13.94,164
1533,車王電,汽車工業,0.57,4266318000.0,7484768421.052632,0.34,5574900501.385768,0.74,48.93,38.93,20.64,59.57,15.27,44.08,36.21,38.15,0.95,0.4,1.16,3.01,16,23.99,143
1535,中宇,電機機械,4.0,11721845000.0,2930461250.0,1.47,8962781210.821547,3.06,13.87,4.87,11.31,16.18,34.61,49.51,42.44,50.1,0.85,0.69,0.99,4.86,17,1.4,15
1536,和大,汽車工業,-2.75,4736402000.0,0.0,0.0,4752409276.6880245,0.0,1927.98,6554.12,45.88,6600.0,0.0,0.0,0.0,48.9,0.0,0.0,0.0,36.36,28,20.7,73
1537,廣隆,電機機械,7.95,6744803000.0,848402893.081761,4.04,6446450124.584412,7.6,14.4,6.43,10.9,17.33,82.84,131.71,109.46,126.5,0.87,0.65,1.04,11.6,162,3.57,63
1538,正峰,電機機械,-1.59,121225000.0,0.0,0.0,62471012.144814216,0.0,0.0,0.0,0.0,0.0,0.0,0.0,0.0,12.0,0.0,0.0,0.0,17.31,11,8.75,35
1539,巨庭,電機機械,0.21,1323001000.0,6300004761.904762,0.08,995252478.5972071,0.16,59.61,402.44,11.31,413.75,1.81,66.2,9.54,15.5,0.62,0.12,4.27,45.83,98,15.56,10
1540,喬福,電機機械,1.11,494539000.0,445530630.6306306,0.45,387395419.9733563,0.87,20.76,24.74,11.25,35.99,9.79,31.31,18.06,21.85,0.83,0.45,1.43,143.07,100,1.17,2
1541,錩泰,電機機械,2.31,3631236000.0,1571963636.3636363,0.79,2472862841.7726636,1.57,41.14,195.38,8.85,204.23,13.89,320.64,64.59,21.1,3.06,0.66,15.2,14.86,74,1.72,2
1558,伸興,電機機械,5.52,8215440000.0,1488304347.826087,2.66,7872967293.354025,5.29,17.28,7.81,13.07,20.88,69.14,110.46,91.43,91.0,1.0,0.76,1.21,16.26,94,5.21,16
1560,中砂,電機機械,9.28,8044403000.0,866853771.5517242,5.41,9912090137.505182,11.43,47.17,49.91,23.27,73.18,265.98,836.45,539.16,679.0,0.79,0.39,1.23,29.81,122,25.88,182
1563,巧新,汽車工業,1.38,7062178000.0,5117520289.855073,0.7,7065024365.11374,1.38,26.35,145.32,13.54,158.86,18.69,219.23,36.37,65.8,0.55,0.28,3.33,4.0,4,1.43,1
1565,精華,生技醫療業,9.02,4213443000.0,467122283.8137472,3.86,3411162059.9936385,7.3,13.33,11.33,9.48,20.81,69.2,151.91,97.29,93.5,1.04,0.74,1.62,27.32,156,2.49,50
1568,倉佑,汽車工業,1.36,1024194000.0,753083823.5294117,0.74,1074047067.0239174,1.43,18.79,28.94,8.22,37.16,11.75,53.14,26.87,43.25,0.62,0.27,1.23,22.87,29,6.9,78
1569,濱川,電腦及週邊設備業,-5.63,3317106000.0,0.0,0.0,3115597263.828499,0.0,151.87,46.94,131.67,178.61,0.0,0.0,0.0,48.75,0.0,0.0,0.0,198.74,177,31.36,126
1570,力肯,電機機械,0.58,541569000.0,933739655.1724138,0.26,461567269.32669216,0.49,36.67,147.49,8.76,156.25,4.29,76.56,17.97,42.2,0.43,0.1,1.81,11.44,2,48.72,109
1580,新麥,電機機械,12.54,4988857000.0,397835486.4433812,5.77,4604990826.355901,11.58,10.91,4.42,8.61,13.03,99.7,150.89,126.33,124.0,1.02,0.8,1.22,2.21,7,6.41,52
1522A,堤維西甲特,汽車工業,0.0,0.0,0.0,0.0,0.0,0.0,0.0,0.0,0.0,0.0,0.0,0.0,0.0,49.75,0.0,0.0,0.0,0.0,0,2.67,30
1582,信錦,電子工業,3.45,8857470000.0,2567382608.695652,1.63,8105514800.261255,3.16,16.7,33.45,10.0,43.45,31.6,137.3,52.79,89.1,0.59,0.35,1.54,0.85,93,3.86,2
1522,堤維西,汽車工業,1.72,23266762000.0,13527187209.302326,1.02,33833124583.607822,2.5,25.1,102.59,8.86,111.45,22.15,278.62,62.74,31.25,2.01,0.71,8.92,7.36,8,10.62,134
1519,華城,電機機械,14.26,24042291000.0,1685995161.2903225,7.34,25482171120.38286,15.11,49.02,67.74,21.53,89.27,325.32,1348.87,740.7,781.0,0.95,0.42,1.73,12.15,17,52.84,179
1463,強盛新,紡織纖維,0.14,1170751000.0,8362507142.857142,0.01,137131862.3692233,0.02,34.54,146.91,4.63,151.54,0.09,3.03,0.69,17.7,0.04,0.01,0.17,33.75,58,11.54,121
1464,得力,紡織纖維,0.34,12545008000.0,36897082352.94118,0.17,11786734782.606833,0.32,28.46,86.75,9.92,96.67,3.17,30.93,9.11,10.35,0.88,0.31,2.99,22.76,172,5.45,49
1465,偉全,紡織纖維,-0.33,363972000.0,0.0,0.0,378823323.5759409,0.0,34.93,64.14,15.33,79.47,0.0,0.0,0.0,12.35,0.0,0.0,0.0,3.99,113,3.0,50
1466,聚隆,紡織纖維,-1.07,2644622000.0,0.0,0.0,2243588947.477687,0.0,63.67,105.51,31.63,137.14,0.0,0.0,0.0,14.0,0.0,0.0,0.0,20.55,148,12.24,127
1467,南緯,紡織纖維,-0.46,5217867000.0,0.0,0.0,5034463990.483037,0.0,31.58,39.67,15.33,55.0,0.0,0.0,0.0,7.33,0.0,0.0,0.0,7.93,24,2.48,17
1468,昶和,紡織纖維,0.2,852022000.0,4260110000.0,0.06,495784440.4229948,0.12,47.15,122.77,12.23,135.0,1.47,16.2,5.66,11.95,0.47,0.12,1.36,5.15,14,1.04,38
1470,大統新創,紡織纖維,0.78,791565000.0,1014826923.076923,0.38,723629704.7296028,0.71,29.82,22.75,18.19,40.94,12.91,29.07,21.17,22.9,0.92,0.56,1.27,0.0,0,7.16,122
1471,首利,電子工業,0.03,195999000.0,6533300000.0,0.01,86394760.8199403,0.01,267.37,680.16,39.84,720.0,0.4,7.2,2.67,10.7,0.25,0.04,0.67,1.86,30,4.23,2
1473,台南,紡織纖維,0.57,7006641000.0,12292352631.578949,0.26,5439800510.900978,0.44,15.96,34.46,8.79,43.25,3.87,19.03,7.02,20.4,0.34,0.19,0.93,7.11,4,21.31,127
1474,弘裕,紡織纖維,0.34,2954273000.0,8689038235.294117,0.17,2769450757.541186,0.32,30.97,64.5,11.68,76.18,3.74,24.38,9.91,10.05,0.99,0.37,2.43,3.5,22,6.8,11
1475,業旺,紡織纖維,2.72,1501811000.0,552136397.0588235,1.33,1364603094.6728501,2.47,9.54,9.18,5.44,14.62,13.44,36.11,23.56,26.95,0.87,0.5,1.34,17.89,44,8.41,16
1476,儒鴻,紡織纖維,20.1,38111954000.0,1896117114.4278605,10.15,38148102933.69108,20.12,20.28,13.03,13.24,26.27,266.39,528.55,408.0,343.5,1.19,0.78,1.54,9.02,144,9.52,18
1477,聚陽,紡織纖維,14.65,34751748000.0,2372132969.2832766,7.34,33064483894.173088,13.94,18.9,13.98,13.1,27.08,182.61,377.5,263.4,219.5,1.2,0.83,1.72,21.67,32,35.44,163
1503,士電,電機機械,6.28,36565338000.0,5822506050.955414,3.79,42196597399.37405,7.25,33.57,38.46,19.54,58.0,141.66,420.5,243.37,224.5,1.08,0.63,1.87,16.22,28,10.57,140
1504,東元,電機機械,2.42,58304590000.0,24092805785.123966,1.29,63338086829.77579,2.63,25.64,31.72,16.32,48.04,42.92,126.35,67.44,71.8,0.94,0.6,1.76,0.0,0,123.78,126
1506,正道,電機機械,0.06,1082820000.0,18047000000.0,0.03,1159798351.820979,0.06,130.84,231.54,58.46,290.0,3.51,17.4,7.85,10.45,0.75,0.34,1.67,7.76,25,22.36,77
1512,瑞利,汽車工業,0.19,1126766000.0,5930347368.421053,0.1,1202881085.6011124,0.2,33.17,16.2,24.96,41.16,4.99,8.23,6.63,6.89,0.96,0.72,1.19,0.0,0,20.03,21
1513,中興電,電機機械,8.07,27235004000.0,3374845600.991326,4.08,28190167653.545925,8.35,23.8,50.35,14.53,64.88,121.33,541.75,198.71,168.5,1.18,0.72,3.22,27.99,28,5.86,74
1514,亞力,電機機械,3.32,10435225000.0,3143140060.240964,1.72,11559983378.430376,3.68,36.24,22.27,25.63,47.9,94.32,176.27,133.37,120.0,1.11,0.79,1.47,15.11,23,0.0,0
1515,力山,電機機械,0.97,5144303000.0,5303405154.639175,0.44,5796758344.593213,1.09,23.88,60.79,8.59,69.38,9.36,75.62,26.03,23.4,1.11,0.4,3.23,6.39,21,13.15,77
1516,川飛,其他,0.03,86650000.0,2888333333.3333335,0.02,90708654.01358175,0.03,217.81,1076.3,21.2,1097.5,0.64,32.92,6.53,20.55,0.32,0.03,1.6,5.89,23,19.3,162
1517,利奇,電機機械,-0.69,2050514000.0,0.0,0.0,1812135874.2099564,0.0,0.0,0.0,0.0,0.0,0.0,0.0,0.0,10.5,0.0,0.0,0.0,6.14,30,34.43,120
1521,大億,汽車工業,0.87,3577067000.0,4111571264.367816,0.49,4169774128.2652044,1.01,60.3,199.63,18.61,218.24,18.8,220.42,60.9,26.55,2.29,0.71,8.3,1.92,18,0.0,0
1584,精剛,其他,0.45,2604026000.0,5786724444.444445,0.19,2108191433.655173,0.36,61.43,224.42,7.85,232.27,2.83,83.62,22.11,19.65,1.13,0.14,4.26,26.73,65,11.58,73
1709,和益,化學生技醫療,1.23,9076666000.0,7379403252.03252,0.65,8723460705.721174,1.18,15.19,14.39,10.42,24.81,12.3,29.28,17.92,20.8,0.86,0.59,1.41,27.64,32,5.35,64
1710,東聯,化學工業,-1.01,22752814000.0,0.0,0.0,19898523341.672653,0.0,722.11,270.0,597.5,867.5,0.0,0.0,0.0,13.5,0.0,0.0,0.0,9.59,93,5.71,63
1711,永光,化學工業,-0.2,7633140000.0,0.0,0.0,7805965377.984385,0.0,87.94,187.61,32.39,220.0,0.0,0.0,0.0,43.15,0.0,0.0,0.0,48.69,95,33.74,86
1712,興農,化學工業,2.6,18555010000.0,7136542307.692307,1.39,19124754195.043728,2.68,17.12,4.53,15.22,19.75,40.79,52.93,45.88,39.75,1.15,1.03,1.33,13.61,147,6.79,121
1713,國化,化學工業,3.86,462367000.0,119784196.89119172,2.05,493623345.7604593,4.12,10.42,24.49,4.15,28.64,17.1,118.0,42.94,50.2,0.86,0.34,2.35,9.91,29,1.27,46
1714,和桐,化學工業,0.5,23123551000.0,46247102000.0,0.36,35495364611.606575,0.77,21.09,27.43,12.76,40.19,9.83,30.95,16.24,17.95,0.9,0.55,1.72,5.5,18,9.14,143
1717,長興,化學工業,1.41,40929375000.0,29027925531.914894,0.76,42719452548.43521,1.47,26.83,43.39,15.26,58.65,22.43,86.22,39.43,70.0,0.56,0.32,1.23,14.57,102,78.64,77
1718,中纖,化學工業,0.09,46499190000.0,516657666666.6667,0.04,45705809375.52945,0.09,183.12,344.71,26.29,371.0,2.37,33.39,16.48,9.21,1.79,0.26,3.63,12.61,31,15.56,170
1720,生達,化學生技醫療,5.19,6996447000.0,1348063005.7803466,2.58,7060073576.348707,5.24,12.74,5.58,10.45,16.03,54.76,84.0,66.74,62.6,1.07,0.87,1.34,11.32,39,12.17,170
1721,三晃,化學工業,-1.85,1749814000.0,0.0,0.0,1617890433.6366537,0.0,0.0,0.0,0.0,0.0,0.0,0.0,0.0,22.85,0.0,0.0,0.0,82.93,112,17.09,86
1722,台肥,化學工業,0.95,12159186000.0,12799143157.894737,0.53,12988555281.825476,1.01,31.64,37.31,16.06,53.37,16.22,53.9,31.96,48.65,0.66,0.33,1.11,2.02,7,2.6,11
1723,中碳,化學工業,2.65,5957830000.0,2248237735.8490567,1.4,5834247856.848132,2.6,21.12,20.07,16.22,36.29,42.17,94.35,54.92,88.4,0.62,0.48,1.07,1.83,8,2.89,17
1725,元禎,化學工業,1.52,8074797000.0,5312366447.368421,0.87,8910334683.357998,1.68,21.42,29.91,12.49,42.4,20.98,71.23,35.99,33.8,1.06,0.62,2.11,15.22,18,3.02,10
1583,程泰,電機機械,-4.78,3907346000.0,0.0,0.0,4172481117.801585,0.0,19.57,55.34,3.99,59.33,0.0,0.0,0.0,50.6,0.0,0.0,0.0,2.45,18,1.55,10
1708,東鹼,化學生技醫療,3.28,6180360000.0,1884256097.5609758,1.76,6796269949.939411,3.61,12.25,21.6,7.36,28.96,26.57,104.55,44.23,46.0,0.96,0.58,2.27,30.12,156,7.0,171
1707,葡萄王,生技醫療業,8.22,10614460000.0,1291296836.9829683,3.64,9727736691.579063,7.53,14.6,4.32,12.45,16.77,93.75,126.28,109.92,103.0,1.07,0.91,1.23,0.0,0,3.82,38
1586,和勤,電機機械,-0.36,2321202000.0,0.0,0.0,2323352483.608253,0.0,75.89,153.23,42.19,195.42,0.0,0.0,0.0,21.3,0.0,0.0,0.0,16.64,23,16.54,52
1587,吉茂,汽車工業,0.38,2594055000.0,6826460526.315789,0.21,3098132243.2244067,0.45,144.78,203.53,66.95,270.48,30.13,121.72,65.15,27.8,2.34,1.08,4.38,0.0,0,55.92,183
1590,亞德客-KY,電機機械,42.01,33793633000.0,804418781.2425613,26.82,42581225322.809364,52.93,24.34,19.19,17.71,36.9,937.39,1953.12,1288.2,1295.0,0.99,0.72,1.51,1.93,8,13.26,143
1597,直得,電機機械,0.92,1100199000.0,1195868478.2608695,0.62,1590164292.2391868,1.33,113.45,138.93,56.67,195.6,75.37,260.15,150.89,150.0,1.01,0.5,1.73,71.53,53,5.89,56
1599,宏佳騰,電機機械,-0.83,1853729000.0,0.0,0.0,1976970135.0436707,0.0,146.92,410.59,16.91,427.5,0.0,0.0,0.0,23.45,0.0,0.0,0.0,12.58,44,15.0,50
1603,華電,電器電纜,3.25,5327948000.0,1639368615.3846154,1.77,5582776455.814573,3.41,11.77,6.01,9.07,15.08,30.93,51.42,40.14,31.75,1.26,0.97,1.62,0.0,0,1.96,2
1604,聲寶,電器電纜,1.7,9211058000.0,5418269411.764706,0.86,8635353875.816515,1.59,13.7,3.31,11.84,15.15,18.83,24.09,21.78,23.2,0.94,0.81,1.04,1.75,18,0.58,1
1605,華新,電器電纜,0.75,172412266000.0,229883021333.33334,0.39,168029093452.95764,0.73,54.06,146.69,23.31,170.0,17.02,124.1,39.46,39.15,1.01,0.43,3.17,0.54,1,65.23,150
1608,華榮,電器電纜,5.5,11348843000.0,2063426000.0,3.16,12869729000.429214,6.24,14.36,23.68,5.66,29.34,35.32,183.08,89.63,34.55,2.59,1.02,5.3,8.26,25,55.21,142
1609,大亞,電器電纜,1.64,31235095000.0,19045789634.146343,0.91,35954755936.363556,1.89,21.73,21.62,13.92,35.54,26.31,67.17,41.08,37.75,1.09,0.7,1.78,9.87,32,12.87,80
1611,中電,電器電纜,0.02,1081359000.0,54067950000.0,0.01,967918924.7013059,0.02,81.68,391.13,22.2,413.33,0.44,8.27,1.63,13.05,0.12,0.03,0.63,14.71,32,3.04,60
1612,宏泰,電器電纜,2.77,7480411000.0,2700509386.2815886,1.39,7698018621.083055,2.85,14.29,7.89,11.26,19.15,32.09,54.58,40.71,37.85,1.08,0.85,1.44,2.19,8,6.73,140
1614,三洋電,電器電纜,0.97,5459864000.0,5628725773.195876,0.45,4834418837.163452,0.86,41.7,34.36,23.14,57.5,19.9,49.45,35.86,32.0,1.12,0.62,1.55,3.67,9,0.0,0
1615,大山,電器電纜,4.93,5816581000.0,1179833874.239351,2.37,5477237188.877202,4.64,13.07,11.02,9.01,20.03,41.81,92.94,60.66,44.75,1.36,0.93,2.08,6.18,66,5.23,59
1616,億泰,電器電纜,1.55,5247241000.0,3385316774.193548,0.75,5399649597.752075,1.6,14.92,20.68,6.88,27.56,11.01,44.1,23.86,22.2,1.07,0.5,1.99,3.11,23,16.13,2
1617,榮星,電器電纜,0.68,3309047000.0,4866245588.235293,0.41,4059293400.594078,0.83,106.9,426.36,16.14,442.5,13.4,367.28,88.73,16.35,5.43,0.82,22.46,0.0,0,1.8,4
1618,合機,電器電纜,4.21,5305333000.0,1260174109.263658,1.82,4127324124.4758167,3.28,12.51,18.23,8.37,26.6,27.45,87.25,41.02,42.05,0.98,0.65,2.07,6.47,22,8.41,51
1623,大東電,電器電纜,13.61,605208000.0,44467891.2564291,0.0,0.0,0.0,17.54,15.68,12.96,28.64,0.0,0.0,0.0,212.5,0.0,0.0,0.0,26.28,25,15.22,165
1626,艾美特-KY,電器電纜,-0.86,8062687000.0,0.0,0.0,6999376602.693372,0.0,0.0,0.0,0.0,0.0,0.0,0.0,0.0,10.0,0.0,0.0,0.0,9.75,116,13.6,30
1702,南僑,食品工業,1.11,23430771000.0,21108802702.7027,0.55,22660377924.759323,1.07,17.16,36.28,10.04,46.32,10.74,49.56,18.36,31.55,0.58,0.34,1.57,5.73,112,0.36,4
1460,宏遠,紡織纖維,-0.27,7646438000.0,0.0,0.0,6131833407.71213,0.0,0.0,0.0,0.0,0.0,0.0,0.0,0.0,7.29,0.0,0.0,0.0,5.71,21,2.52,14
2208,台船,航運業,-1.76,21069459000.0,0.0,0.0,15260992515.685417,0.0,0.0,0.0,0.0,0.0,0.0,0.0,0.0,17.7,0.0,0.0,0.0,8.24,71,60.66,88
2221,大甲,其他,2.31,1380803000.0,597750216.4502164,1.3,1525687939.5841775,2.55,14.31,10.11,10.36,20.47,26.42,52.2,36.48,43.25,0.84,0.61,1.21,2.42,29,8.93,15
2397,友通,電腦及週邊設備業,2.49,11147988000.0,4477103614.457831,1.44,13132642739.178415,2.93,22.83,24.54,13.46,38.0,39.44,111.34,66.89,60.9,1.1,0.65,1.83,23.44,24,28.73,72
2399,映泰,電子工業,0.15,1753395000.0,11689300000.0,0.08,1774984289.2157128,0.15,288.12,565.45,27.05,592.5,4.06,88.88,43.22,52.8,0.82,0.08,1.68,97.26,128,42.35,133
2401,凌陽,半導體業,-0.37,6278566000.0,0.0,0.0,7191786546.365121,0.0,52.76,21.81,42.39,64.2,0.0,0.0,0.0,30.75,0.0,0.0,0.0,7.72,18,33.86,67
2402,毅嘉,電子工業,2.47,10728500000.0,4343522267.206477,1.35,12347249374.311546,2.84,20.62,23.71,12.24,35.95,34.76,102.1,58.56,70.0,0.84,0.5,1.46,29.49,122,72.05,177
2404,漢唐,其他電子業,48.08,63949846000.0,1330071672.2129784,33.75,111882199634.85876,84.12,18.19,20.78,11.84,32.62,995.98,2743.99,1530.4,1245.0,1.23,0.8,2.2,31.67,183,119.25,74
2405,輔信,電子工業,-0.2,1728395000.0,0.0,0.0,1821632438.1596904,0.0,393.62,565.84,155.83,721.67,0.0,0.0,0.0,18.8,0.0,0.0,0.0,35.44,21,22.77,128
2406,國碩,光電業,-0.91,5758962000.0,0.0,0.0,14818419455.366207,0.0,0.0,0.0,0.0,0.0,0.0,0.0,0.0,35.2,0.0,0.0,0.0,24.38,15,141.07,179
2408,南亞科,半導體業,2.13,56774899000.0,26654882159.624416,4.29,409416631416.7377,15.36,74.65,105.05,24.53,129.58,376.78,1990.35,1146.55,425.0,2.7,0.89,4.68,9.72,21,214.74,154
2409,友達,光電業,0.9,280792168000.0,311991297777.7778,0.45,273282669875.08395,0.88,24.41,76.82,14.59,91.41,12.84,80.44,21.48,23.9,0.9,0.54,3.37,6.47,25,11.46,101
2412,中華電,通信網路業,4.99,237858930000.0,47667120240.48096,2.59,247671072113.99582,5.2,26.79,4.08,25.05,29.13,130.26,151.48,139.31,146.5,0.95,0.89,1.03,0.39,1,1.47,64
2413,環科,電子工業,0.4,3331719000.0,8329297500.0,0.21,3677823488.3540354,0.44,99.41,153.17,33.39,186.56,14.69,82.09,43.74,59.5,0.74,0.25,1.38,23.35,137,87.85,182
2414,精技,電子工業,3.17,28246381000.0,8910530283.911673,1.96,37210255243.48581,4.18,14.51,5.17,12.98,18.15,54.26,75.87,60.67,60.2,1.01,0.9,1.26,10.73,14,16.65,25
2415,錩新,電子工業,2.47,2329168000.0,942982995.951417,1.32,2604016065.0841327,2.76,30.52,119.63,13.7,133.33,37.81,367.99,84.24,29.85,2.82,1.27,12.33,28.94,101,16.59,176
2417,圓剛,電子工業,-0.19,3260578000.0,0.0,0.0,3899961096.774966,0.0,154.19,97.45,109.86,207.31,0.0,0.0,0.0,46.0,0.0,0.0,0.0,30.43,18,28.8,71
2395,研華,電腦及週邊設備業,12.25,70256994000.0,5735264816.32653,7.39,85772685621.111,14.96,31.23,18.36,23.36,41.72,349.47,624.13,467.18,480.0,0.97,0.73,1.3,3.4,29,4.57,73
2393,億光,電子工業,4.6,19630880000.0,4267582608.6956525,2.38,19923778011.980976,4.67,14.11,11.47,9.69,21.16,45.25,98.82,65.9,70.8,0.93,0.64,1.4,10.71,147,3.29,43
2375,凱美,電子工業,3.72,5504838000.0,1479795161.2903225,1.99,5895818961.422496,3.98,21.32,47.64,9.96,57.6,39.64,229.25,84.85,181.5,0.47,0.22,1.26,15.28,170,80.7,133
2376,技嘉,電子工業,18.19,324226515000.0,17824437328.20231,13.28,479126344982.502,26.88,18.68,23.26,11.85,35.11,318.53,943.76,502.14,348.0,1.44,0.92,2.71,3.26,23,10.07,109
2377,微星,電子工業,6.8,225924964000.0,33224259411.764706,3.17,220457311505.06223,6.64,19.53,16.59,10.97,27.56,72.84,183.0,129.69,136.5,0.95,0.53,1.34,5.29,142,5.17,50
2379,瑞昱,半導體業,28.77,123048742000.0,4276980952.3809524,16.37,131691290430.43297,30.79,18.79,13.65,14.76,28.41,454.46,874.74,578.5,678.0,0.85,0.67,1.29,3.57,24,6.36,32
2380,虹光,電子工業,0.72,2817681000.0,3913445833.3333335,0.4,3420717670.8501177,0.87,18.31,25.57,5.08,30.65,4.42,26.67,15.93,6.6,2.41,0.67,4.04,2.61,30,91.04,70
2382,廣達,電子工業,19.44,1989610196000.0,102346203497.94238,16.93,3674816018351.839,35.91,17.9,17.53,11.52,29.05,413.68,1043.19,642.92,362.5,1.77,1.14,2.88,18.2,23,8.22,133
2383,台光電,電子工業,41.66,91947570000.0,2207094815.1704273,32.31,154058204202.10004,69.8,37.15,104.68,14.73,119.41,1028.15,8334.82,2592.97,5120.0,0.51,0.2,1.63,35.56,182,82.59,179
2385,群光,電子工業,9.06,96067158000.0,10603439072.847681,4.27,91107674509.26628,8.59,12.72,8.23,9.97,18.2,85.64,156.34,109.25,116.5,0.94,0.74,1.34,0.0,0,0.0,0
2387,精元,電子工業,3.46,19232481000.0,5558520520.231214,1.55,17248386216.32727,3.1,8.55,9.65,5.61,15.26,17.39,47.31,26.51,39.25,0.68,0.44,1.21,7.83,169,0.58,2
2388,威盛,半導體業,0.12,10116361000.0,84303008333.33334,0.06,11260842455.451326,0.13,323.21,1634.74,30.26,1665.0,3.93,216.45,42.02,68.4,0.61,0.06,3.16,11.51,94,1.83,178
2390,云辰,其他電子業,-0.14,686088000.0,0.0,0.0,603441383.1932639,0.0,0.0,0.0,0.0,0.0,0.0,0.0,0.0,11.85,0.0,0.0,0.0,5.43,21,5.09,65
2392,正崴,電子工業,-6.62,97510511000.0,0.0,0.0,89342127222.9976,0.0,34.85,114.24,11.37,125.61,0.0,0.0,0.0,40.3,0.0,0.0,0.0,14.36,23,14.66,32
2374,佳能,電子工業,2.52,9311794000.0,3695156349.2063494,1.59,15691604099.510292,4.25,35.11,48.59,20.0,68.59,85.0,291.51,149.22,74.5,2.0,1.14,3.91,12.24,21,96.69,92
2419,仲琦,電子工業,-0.36,8742858000.0,0.0,0.0,8693682087.729212,0.0,0.0,0.0,0.0,0.0,0.0,0.0,0.0,28.95,0.0,0.0,0.0,25.24,31,9.87,136
2436,偉詮電,半導體業,3.0,3539175000.0,1179725000.0,1.81,4497615564.822387,3.81,38.33,51.5,19.08,70.58,72.69,268.91,146.04,67.3,2.17,1.08,4.0,4.46,100,18.09,84
2438,翔耀,光電業,-2.37,432276000.0,0.0,0.0,607307407.4537492,0.0,0.0,0.0,0.0,0.0,0.0,0.0,0.0,21.8,0.0,0.0,0.0,111.69,25,0.0,0
2439,美律,通信網路業,5.35,46021543000.0,8602157570.093458,2.58,52231130580.18532,6.07,15.73,8.7,10.92,19.62,66.28,119.09,95.49,89.5,1.07,0.74,1.33,13.73,18,6.67,35
2440,太空梭,電子工業,-0.24,3571225000.0,0.0,0.0,3953409627.544364,0.0,0.0,0.0,0.0,0.0,0.0,0.0,0.0,16.8,0.0,0.0,0.0,14.84,25,18.49,183
2441,超豐,半導體業,4.31,16714118000.0,3877985614.8491883,2.46,19526644672.676186,5.04,16.44,19.95,10.35,30.3,52.16,152.71,82.86,125.5,0.66,0.42,1.22,4.03,31,48.85,178
2444,兆勁,電子工業,-1.9,1104139000.0,0.0,0.0,920321163.8224562,0.0,116.36,32.92,104.58,137.5,0.0,0.0,0.0,13.0,0.0,0.0,0.0,44.98,168,10.09,95
2449,京元電子,半導體業,9.01,34125431000.0,3787506215.316315,5.54,46738581530.977,12.34,22.37,35.46,10.47,45.93,129.2,566.78,276.08,278.0,0.99,0.46,2.04,40.2,144,124.39,179
2450,神腦,通信網路業,1.72,32694590000.0,19008482558.139534,0.91,37931629750.26078,2.0,17.46,5.72,14.84,20.56,29.68,41.12,34.91,31.0,1.13,0.96,1.33,0.0,0,0.81,2
2451,創見,半導體業,12.98,14961901000.0,1152688828.9676425,26.4,75201888359.99374,65.24,21.51,32.33,9.44,41.77,615.87,2725.07,1403.24,312.5,4.49,1.97,8.72,4.72,1,110.73,150
2453,凌群,資訊服務業,3.13,7372784000.0,2355522044.7284346,1.59,7842373751.13689,3.33,18.97,9.25,15.88,25.13,52.88,83.68,63.16,56.7,1.11,0.93,1.48,13.25,29,11.73,87
2454,聯發科,半導體業,66.17,586383033000.0,8861765649.085688,33.24,597863531009.7222,67.47,24.18,56.73,17.21,73.94,1161.16,4988.73,1631.14,4560.0,0.36,0.25,1.09,8.7,3,22.31,92
2455,全新,通信網路業,2.96,3309773000.0,1118166554.054054,1.72,4252434273.427253,3.8,54.2,116.84,23.22,140.06,88.24,532.23,205.97,405.5,0.51,0.22,1.31,20.0,24,36.73,98
2434,統懋,電子工業,0.03,45756000.0,1525200000.0,0.02,45652262.65132395,0.03,318.63,1602.32,42.68,1645.0,1.28,49.35,9.56,38.0,0.25,0.03,1.3,2.54,22,22.33,154
2433,互盛電,其他電子業,3.05,2726747000.0,894015409.8360656,1.54,2740103149.493736,3.06,15.28,1.94,14.08,16.02,43.08,49.02,46.75,44.05,1.06,0.98,1.11,0.38,3,0.99,15
2420,新巨,電子工業,3.91,2162774000.0,553139130.4347826,2.02,2171134115.6901293,3.93,14.81,9.19,10.36,19.55,40.71,76.83,58.2,59.1,0.98,0.69,1.3,16.35,112,10.8,56
2421,建準,電子工業,7.94,18263701000.0,2300214231.738035,4.51,21932130673.064583,9.53,19.83,15.53,12.18,27.71,116.08,264.08,189.01,142.5,1.33,0.81,1.85,5.5,11,83.09,157
2423,固緯,其他電子業,2.91,2944348000.0,1011803436.4261168,1.67,3477128249.147593,3.44,17.59,11.58,12.24,23.82,42.11,81.94,60.51,77.7,0.78,0.54,1.05,0.8,143,34.4,72
2425,承啟,電子工業,-0.32,8375969000.0,0.0,0.0,14312103119.139015,0.0,110.87,341.73,17.02,358.75,0.0,0.0,0.0,39.5,0.0,0.0,0.0,35.09,112,0.65,2
2426,鼎元,光電業,-0.26,2342210000.0,0.0,0.0,2189275861.8129697,0.0,74.47,50.64,57.69,108.33,0.0,0.0,0.0,68.9,0.0,0.0,0.0,35.57,121,20.82,77
2427,三商電,資訊服務業,1.53,6543479000.0,4276783660.1307187,0.81,6634340387.705598,1.55,18.42,11.54,13.53,25.07,20.97,38.86,28.56,22.05,1.3,0.95,1.76,18.03,18,11.58,50
2428,興勤,電子工業,11.76,8064952000.0,685795238.0952381,6.6,8998907882.202183,13.12,14.43,19.17,9.01,28.18,118.21,369.72,189.27,280.0,0.68,0.42,1.32,2.19,4,54.34,128
2430,燦坤,電子工業,0.7,17810966000.0,25444237142.857143,0.34,17260981956.800392,0.68,21.79,26.52,14.94,41.46,10.16,28.19,14.82,18.4,0.81,0.55,1.53,1.83,25,3.05,77
2431,聯昌,電子工業,-2.1,377964000.0,0.0,0.0,225656797.85975477,0.0,0.0,0.0,0.0,0.0,0.0,0.0,0.0,10.9,0.0,0.0,0.0,64.75,141,28.32,99
2211,長榮鋼,鋼鐵工業,8.59,15356743000.0,1787746565.774156,4.03,14524630774.505545,8.12,14.21,9.13,11.17,20.3,90.7,164.84,115.41,95.9,1.2,0.95,1.72,1.71,1,37.5,162
2373,震旦行,其他電子業,3.86,10765016000.0,2788864248.7046633,1.86,10353296721.611523,3.71,14.46,2.46,13.45,15.91,49.9,59.03,53.63,57.9,0.93,0.86,1.02,3.63,17,2.96,15
2305,全友,電子工業,0.2,733136000.0,3665680000.0,0.15,1149057396.8933883,0.31,121.37,165.69,60.56,226.25,18.77,70.14,37.62,30.35,1.24,0.62,2.31,7.31,30,19.05,70
2308,台達電,電子工業,23.14,539937575000.0,23333516637.856525,14.17,745571804828.4323,31.95,42.14,72.87,20.69,93.56,661.05,2989.24,1346.52,2230.0,0.6,0.3,1.34,23.3,24,168.41,134
2312,金寶,其他電子業,1.05,162727375000.0,154978452380.95236,0.48,147833030623.22,0.95,24.58,28.91,14.82,43.73,14.08,41.54,23.35,34.75,0.67,0.41,1.2,83.56,163,14.42,128
2313,華通,電子工業,5.51,75158821000.0,13640439382.94011,2.92,84126026079.24072,6.17,20.82,43.26,9.39,52.65,57.94,324.85,128.47,249.0,0.52,0.23,1.3,26.12,24,56.9,182
2314,台揚,通信網路業,-4.32,1677413000.0,0.0,0.0,2349287418.5972834,0.0,0.0,0.0,0.0,0.0,0.0,0.0,0.0,15.95,0.0,0.0,0.0,4.87,144,237.3,150
2316,楠梓電,電子工業,13.37,3671873000.0,274635228.1226627,8.07,4782128824.541509,17.41,9.09,11.05,6.18,17.23,107.59,299.97,158.26,170.0,0.93,0.63,1.76,25.44,23,180.09,168
2317,鴻海,其他電子業,13.6,7891774675000.0,580277549632.3529,8.07,10400566891852.8,17.92,16.15,11.71,10.24,21.95,183.5,393.34,289.49,269.0,1.08,0.68,1.46,13.25,21,69.03,136
2321,東訊,通信網路業,-0.76,742234000.0,0.0,0.0,722560865.0100855,0.0,0.0,0.0,0.0,0.0,0.0,0.0,0.0,13.7,0.0,0.0,0.0,6.13,142,0.0,0
2323,中環,光電業,1.58,7170946000.0,4538573417.7215185,0.86,7925117143.067049,1.75,11.75,15.08,4.3,19.38,7.52,33.92,20.57,10.9,1.89,0.69,3.11,13.65,18,37.38,182
2324,仁寶,電子工業,1.38,755605341000.0,547540102173.9131,0.75,808133996542.5206,1.48,17.38,25.12,10.26,35.38,15.18,52.36,25.73,37.4,0.69,0.41,1.4,9.07,175,27.94,101
2327,國巨*,電子工業,26.9,130098665000.0,4836381598.513011,16.46,166152793842.46823,34.35,19.22,69.09,5.71,74.8,196.14,2569.38,660.3,950.0,0.7,0.21,2.7,14.04,29,14.7,50
2328,廣宇,電子工業,1.56,22112137000.0,14174446794.871794,0.67,18049376935.201565,1.27,23.93,48.69,14.27,62.96,18.12,79.96,30.4,52.0,0.58,0.35,1.54,2.14,18,58.57,71
2329,華泰,半導體業,2.45,19362141000.0,7902914693.87755,1.3,22059647624.547127,2.79,24.89,29.53,13.35,42.88,37.25,119.64,69.45,54.0,1.29,0.69,2.22,2.45,4,29.02,150
2303,聯電,電子工業,3.33,237238293000.0,71242730630.63063,1.77,255864250303.1279,3.59,14.64,26.99,9.69,36.68,34.79,131.68,52.55,141.0,0.37,0.25,0.93,1.76,4,3.33,176
2302,麗正,半導體業,0.49,835569000.0,1705242857.142857,0.28,977980894.996892,0.57,33.29,33.04,19.87,52.91,11.33,30.16,18.97,41.8,0.45,0.27,0.72,12.53,170,22.49,127
2227,裕日車,汽車工業,1.29,15328057000.0,11882214728.68217,0.53,12111003080.398499,1.02,28.51,45.09,9.32,54.41,9.51,55.5,29.08,50.5,0.58,0.19,1.1,3.66,3,9.89,44
2228,劍麟,汽車工業,5.24,4949851000.0,944628053.4351145,2.57,4790897303.270419,5.07,13.31,12.85,7.52,20.37,38.13,103.28,67.49,86.7,0.78,0.44,1.19,10.71,121,33.87,74
2231,為升,汽車工業,-1.64,3664324000.0,0.0,0.0,3322978486.1967707,0.0,47.96,53.18,21.16,74.34,0.0,0.0,0.0,95.0,0.0,0.0,0.0,0.0,0,100.41,86
2233,宇隆,汽車工業,6.69,3297200000.0,492855007.47384155,3.38,3178832454.064129,6.45,23.19,49.19,11.66,60.85,75.21,392.48,149.61,304.5,0.49,0.25,1.29,44.32,161,58.28,72
2235,謚源,電機機械,0.95,561922000.0,591496842.1052632,0.5,592412229.2963364,1.0,24.2,30.9,15.24,46.14,15.24,46.14,24.2,30.0,0.81,0.51,1.54,4.21,10,3.38,25
2236,百達-KY,汽車工業,-6.81,9249897000.0,0.0,0.0,10854875785.700817,0.0,186.01,909.93,10.07,920.0,0.0,0.0,0.0,134.0,0.0,0.0,0.0,71.56,176,25.0,179
2239,英利-KY,汽車工業,-7.87,19126801000.0,0.0,0.0,17698390001.168514,0.0,28.8,22.67,18.39,41.06,0.0,0.0,0.0,22.6,0.0,0.0,0.0,0.0,0,26.97,179
2243,宏旭-KY,汽車工業,1.22,1861642000.0,1525936065.5737705,0.71,2450667336.603247,1.61,32.21,58.07,8.39,66.46,13.51,107.0,51.86,44.95,1.15,0.3,2.38,61.18,32,26.32,78
2247,汎德永業,汽車工業,18.32,51898301000.0,2832876692.139738,7.2,38077440654.58138,13.44,13.04,3.71,11.28,14.99,151.6,201.47,175.2,238.0,0.74,0.64,0.85,2.02,3,20.21,37
2248,華勝-KY,汽車工業,5.34,1815934000.0,340062546.8164794,3.74,3074753915.94553,9.04,9.29,5.02,6.5,11.52,58.76,104.14,83.94,56.3,1.49,1.04,1.85,78.6,137,8.67,141
2250,IKKA-KY,汽車工業,3.99,3375733000.0,846048370.9273182,1.89,3098151247.140821,3.66,17.92,10.56,13.73,24.29,50.25,88.9,65.57,60.9,1.08,0.83,1.46,8.7,93,15.22,64
2301,光寶科,電子工業,6.65,164568691000.0,24747171578.94737,3.73,198417081942.59894,8.02,22.08,22.96,13.8,36.76,110.68,294.82,177.05,208.0,0.85,0.53,1.42,3.24,17,79.72,135
2330,台積電,半導體業,66.26,3752213811000.0,56628641880.47087,40.56,4821322327607.393,85.14,25.86,17.52,17.35,34.87,1477.18,2968.83,2202.05,2400.0,0.92,0.62,1.24,18.35,144,47.32,140
2331,精英,電子工業,1.4,19946465000.0,14247475000.0,0.73,23359964231.508373,1.64,25.54,37.82,13.38,51.2,21.94,83.97,41.88,21.0,1.99,1.04,4.0,1.9,18,39.2,182
2355,敬鵬,電子工業,1.6,15658335000.0,9786459375.0,0.84,16460536407.711973,1.68,18.27,30.76,8.88,39.64,14.92,66.6,30.69,57.1,0.54,0.26,1.17,8.04,21,28.19,73
2356,英業達,電子工業,2.41,699082867000.0,290075878423.2365,1.49,857009419536.499,2.95,21.74,17.37,15.96,33.33,47.08,98.32,64.15,66.6,0.96,0.71,1.48,8.26,25,8.31,135
2357,華碩,電子工業,59.99,716607808000.0,11945454375.729288,35.92,977599213618.1658,81.84,12.96,7.49,9.15,16.64,748.84,1361.82,1060.41,791.0,1.34,0.95,1.72,27.4,150,9.08,8
2359,所羅門,其他電子業,1.22,4193366000.0,3437185245.9016395,0.61,4175057679.14404,1.21,128.47,168.2,44.66,212.86,54.04,257.56,155.45,133.0,1.17,0.41,1.94,4.46,18,17.25,71
2360,致茂,其他電子業,27.68,26953569000.0,973756105.4913294,25.59,50765488232.801216,52.13,38.3,70.35,18.06,88.41,941.47,4608.81,1996.36,2325.0,0.86,0.4,1.98,47.91,142,134.18,162
2362,藍天,電子工業,2.05,20876604000.0,10183709268.292685,1.06,22367968547.049297,2.2,22.35,33.03,11.61,44.64,25.54,98.21,49.17,48.6,1.01,0.53,2.02,20.0,112,0.0,0
2363,矽統,半導體業,1.53,2664144000.0,1741270588.235294,1.15,5682971647.593012,3.26,48.94,79.3,20.83,100.13,67.91,326.42,159.55,59.0,2.7,1.15,5.53,42.06,126,31.8,95
2364,倫飛,電子工業,4.6,1527938000.0,332160434.78260875,2.3,1535388968.8915608,4.62,20.23,19.29,14.17,33.46,65.47,154.59,93.44,67.6,1.38,0.97,2.29,50.23,67,33.79,56
2365,昆盈,電子工業,0.33,939434000.0,2846769696.969697,0.18,1057827766.020426,0.37,99.57,124.44,42.81,167.25,15.84,61.88,36.84,33.1,1.11,0.48,1.87,91.14,31,39.2,72
2367,燿華,電子工業,0.68,16474586000.0,24227332352.941174,0.33,14953981990.524378,0.62,32.41,104.49,8.84,113.33,5.48,70.26,20.1,60.7,0.33,0.09,1.16,18.55,21,40.3,63
2368,金像電,電子工業,19.43,58066839000.0,2988514616.572311,13.6,95077202570.16118,31.81,31.04,65.5,12.35,77.85,392.85,2476.41,987.51,1345.0,0.73,0.29,1.84,27.25,182,126.48,165
2369,菱生,半導體業,-1.05,5403429000.0,0.0,0.0,7421808510.944994,0.0,0.0,0.0,0.0,0.0,0.0,0.0,0.0,34.75,0.0,0.0,0.0,7.24,18,55.56,183
2371,大同,電機機械,-5.2,49840830000.0,0.0,0.0,51399172957.03733,0.0,20.96,76.26,4.39,80.65,0.0,0.0,0.0,28.05,0.0,0.0,0.0,0.0,0,7.98,57
2354,鴻準,電子工業,2.31,157468970000.0,68168385281.38528,0.8,117766493446.85062,1.73,26.26,17.83,18.76,36.59,32.45,63.3,45.43,57.0,0.8,0.57,1.11,42.88,144,18.48,56
2353,宏碁,電子工業,1.26,271654739000.0,215598999206.3492,0.73,347860096545.819,1.61,21.42,18.18,14.7,32.88,23.67,52.94,34.49,38.9,0.89,0.61,1.36,0.0,0,0.0,0
2332,友訊,通信網路業,-0.91,13320681000.0,0.0,0.0,14290810960.105022,0.0,365.87,1014.21,25.79,1040.0,0.0,0.0,0.0,16.6,0.0,0.0,0.0,27.47,163,10.67,74
2337,旺宏,半導體業,-1.78,28063863000.0,0.0,0.0,56496520726.537964,0.0,0.0,0.0,0.0,0.0,0.0,0.0,0.0,166.5,0.0,0.0,0.0,11.21,45,85.62,149
2338,光罩,半導體業,-4.99,6212835000.0,0.0,0.0,5583274821.917018,0.0,25.7,17.7,15.44,33.14,0.0,0.0,0.0,52.8,0.0,0.0,0.0,12.67,24,43.89,72
2342,茂矽,半導體業,-0.48,2073952000.0,0.0,0.0,1856845060.4130986,0.0,366.68,1273.27,25.06,1298.33,0.0,0.0,0.0,48.05,0.0,0.0,0.0,7.0,172,73.7,128
2344,華邦電,半導體業,0.88,86008121000.0,97736501136.36363,0.89,186355192140.91992,1.91,103.44,132.99,29.32,162.31,56.0,310.01,197.57,197.0,1.0,0.28,1.57,5.69,4,305.43,179
2345,智邦,通信網路業,47.13,237761128000.0,5044793719.499257,30.16,383422407533.1957,76.0,33.68,34.06,20.26,54.32,1539.76,4128.32,2559.85,2520.0,1.02,0.61,1.64,37.38,179,53.75,182
2347,聯強,電子工業,5.09,404171231000.0,79404956974.45973,3.76,624600604194.655,7.87,13.77,7.97,10.63,18.6,83.66,146.38,108.35,93.0,1.17,0.9,1.57,4.47,2,0.0,0
2348,海悅,其他,6.85,7027149000.0,1025861167.8832117,2.38,5241021743.895747,5.11,13.25,13.36,7.84,21.2,40.06,108.33,67.71,74.6,0.91,0.54,1.45,65.32,42,0.0,0
2348A,海悅甲特,其他,0.0,0.0,0.0,0.0,0.0,0.0,0.0,0.0,0.0,0.0,0.0,0.0,0.0,37.6,0.0,0.0,0.0,5.06,158,0.0,0
2349,錸德,光電業,-0.36,7529703000.0,0.0,0.0,7273413993.200973,0.0,187.78,121.43,122.57,244.0,0.0,0.0,0.0,13.25,0.0,0.0,0.0,117.79,21,61.19,183
2351,順德,半導體業,1.67,10255043000.0,6140744311.377246,0.98,11855966125.648834,1.93,39.93,98.13,16.63,114.76,32.1,221.49,77.06,176.0,0.44,0.18,1.26,19.35,95,33.52,134
2352,佳世達,電子工業,0.63,208040050000.0,330222301587.3016,0.32,210736324146.03513,0.64,28.93,36.65,19.24,55.89,12.31,35.77,18.51,30.2,0.61,0.41,1.18,4.88,8,30.39,113
2457,飛宏,電子工業,-1.48,10144830000.0,0.0,0.0,8797759372.60496,0.0,71.84,45.1,42.4,87.5,0.0,0.0,0.0,29.0,0.0,0.0,0.0,0.39,1,46.94,133
1459,聯發,紡織纖維,0.81,1252518000.0,1546318518.5185184,0.31,889821534.748656,0.58,28.03,93.91,7.45,101.36,4.32,58.79,16.26,11.75,1.38,0.37,5.0,2.29,31,5.63,52
00783,富邦中証500,ETF,0.0,0.0,0.0,0.0,0.0,0.0,0.0,0.0,0.0,0.0,0.0,0.0,0.0,30.0,0.0,0.0,0.0,40.23,112,36.87,115
00830,國泰費城半導體,ETF,0.0,0.0,0.0,0.0,0.0,0.0,0.0,0.0,0.0,0.0,0.0,0.0,0.0,98.45,0.0,0.0,0.0,5.68,24,51.94,179
00775B,新光投等債15+,ETF,0.0,0.0,0.0,0.0,0.0,0.0,0.0,0.0,0.0,0.0,0.0,0.0,0.0,32.35,0.0,0.0,0.0,4.65,93,11.81,129
00737,國泰AI機器人,ETF,0.0,0.0,0.0,0.0,0.0,0.0,0.0,0.0,0.0,0.0,0.0,0.0,0.0,38.79,0.0,0.0,0.0,14.13,175,26.77,133
00738U,期元大道瓊白銀,ETF,0.0,0.0,0.0,0.0,0.0,0.0,0.0,0.0,0.0,0.0,0.0,0.0,0.0,56.2,0.0,0.0,0.0,16.06,128,71.22,179
00739,元大MSCI A股,ETF,0.0,0.0,0.0,0.0,0.0,0.0,0.0,0.0,0.0,0.0,0.0,0.0,0.0,29.25,0.0,0.0,0.0,30.45,112,27.87,115
00752,中信中國50,ETF,0.0,0.0,0.0,0.0,0.0,0.0,0.0,0.0,0.0,0.0,0.0,0.0,0.0,22.43,0.0,0.0,0.0,33.92,112,26.15,108
00753L,中信中國50正2,ETF,0.0,0.0,0.0,0.0,0.0,0.0,0.0,0.0,0.0,0.0,0.0,0.0,0.0,9.37,0.0,0.0,0.0,75.4,112,49.64,108
00757,統一FANG+,ETF,0.0,0.0,0.0,0.0,0.0,0.0,0.0,0.0,0.0,0.0,0.0,0.0,0.0,131.0,0.0,0.0,0.0,23.46,183,26.49,137
00762,元大全球AI,ETF,0.0,0.0,0.0,0.0,0.0,0.0,0.0,0.0,0.0,0.0,0.0,0.0,0.0,121.55,0.0,0.0,0.0,15.53,175,38.43,136
00763U,期街口道瓊銅,ETF,0.0,0.0,0.0,0.0,0.0,0.0,0.0,0.0,0.0,0.0,0.0,0.0,0.0,34.6,0.0,0.0,0.0,4.29,22,20.1,38
00770,國泰北美科技,ETF,0.0,0.0,0.0,0.0,0.0,0.0,0.0,0.0,0.0,0.0,0.0,0.0,0.0,69.05,0.0,0.0,0.0,13.11,183,34.61,136
00771,元大US高息特別股,ETF,0.0,0.0,0.0,0.0,0.0,0.0,0.0,0.0,0.0,0.0,0.0,0.0,0.0,15.78,0.0,0.0,0.0,6.02,122,8.3,133
00736,國泰新興市場,ETF,0.0,0.0,0.0,0.0,0.0,0.0,0.0,0.0,0.0,0.0,0.0,0.0,0.0,31.24,0.0,0.0,0.0,12.98,112,19.58,150
00850,元大臺灣ESG永續,ETF,0.0,0.0,0.0,0.0,0.0,0.0,0.0,0.0,0.0,0.0,0.0,0.0,0.0,91.05,0.0,0.0,0.0,10.06,24,29.28,137
00893,國泰智能電動車,ETF,0.0,0.0,0.0,0.0,0.0,0.0,0.0,0.0,0.0,0.0,0.0,0.0,0.0,47.54,0.0,0.0,0.0,20.32,183,52.16,136
00894,中信小資高價30,ETF,0.0,0.0,0.0,0.0,0.0,0.0,0.0,0.0,0.0,0.0,0.0,0.0,0.0,49.43,0.0,0.0,0.0,11.07,24,42.14,140
00895,富邦未來車,ETF,0.0,0.0,0.0,0.0,0.0,0.0,0.0,0.0,0.0,0.0,0.0,0.0,0.0,52.65,0.0,0.0,0.0,17.25,183,37.38,136
00896,中信綠能及電動車,ETF,0.0,0.0,0.0,0.0,0.0,0.0,0.0,0.0,0.0,0.0,0.0,0.0,0.0,27.6,0.0,0.0,0.0,3.6,24,27.95,135
00897,富邦基因免疫生技,ETF,0.0,0.0,0.0,0.0,0.0,0.0,0.0,0.0,0.0,0.0,0.0,0.0,0.0,9.89,0.0,0.0,0.0,10.01,42,37.94,165
00898,國泰基因免疫革命,ETF,0.0,0.0,0.0,0.0,0.0,0.0,0.0,0.0,0.0,0.0,0.0,0.0,0.0,8.44,0.0,0.0,0.0,10.38,42,31.15,172
00899,FT潔淨能源,ETF,0.0,0.0,0.0,0.0,0.0,0.0,0.0,0.0,0.0,0.0,0.0,0.0,0.0,26.88,0.0,0.0,0.0,1.65,28,48.53,143
00900,富邦特選高股息30,ETF,0.0,0.0,0.0,0.0,0.0,0.0,0.0,0.0,0.0,0.0,0.0,0.0,0.0,19.39,0.0,0.0,0.0,2.39,3,3.79,122
00901,永豐智能車供應鏈,ETF,0.0,0.0,0.0,0.0,0.0,0.0,0.0,0.0,0.0,0.0,0.0,0.0,0.0,46.81,0.0,0.0,0.0,11.71,24,44.15,137
00902,中信電池及儲能,ETF,0.0,0.0,0.0,0.0,0.0,0.0,0.0,0.0,0.0,0.0,0.0,0.0,0.0,16.0,0.0,0.0,0.0,16.58,112,87.01,150
00903,富邦元宇宙,ETF,0.0,0.0,0.0,0.0,0.0,0.0,0.0,0.0,0.0,0.0,0.0,0.0,0.0,21.96,0.0,0.0,0.0,12.91,183,34.15,136
00904,新光臺灣半導體30,ETF,0.0,0.0,0.0,0.0,0.0,0.0,0.0,0.0,0.0,0.0,0.0,0.0,0.0,42.39,0.0,0.0,0.0,9.12,24,31.42,177
00905,FT臺灣Smart,ETF,0.0,0.0,0.0,0.0,0.0,0.0,0.0,0.0,0.0,0.0,0.0,0.0,0.0,27.77,0.0,0.0,0.0,13.84,28,29.31,137
00907,永豐優息存股,ETF,0.0,0.0,0.0,0.0,0.0,0.0,0.0,0.0,0.0,0.0,0.0,0.0,0.0,16.39,0.0,0.0,0.0,1.26,4,4.31,128
00908,富邦入息REITs+,ETF,0.0,0.0,0.0,0.0,0.0,0.0,0.0,0.0,0.0,0.0,0.0,0.0,0.0,15.02,0.0,0.0,0.0,15.07,106,8.55,170
00909,國泰數位支付服務,ETF,0.0,0.0,0.0,0.0,0.0,0.0,0.0,0.0,0.0,0.0,0.0,0.0,0.0,50.9,0.0,0.0,0.0,37.18,171,74.53,122
00910,第一金太空衛星,ETF,0.0,0.0,0.0,0.0,0.0,0.0,0.0,0.0,0.0,0.0,0.0,0.0,0.0,68.4,0.0,0.0,0.0,64.03,168,58.78,115
00911,兆豐洲際半導體,ETF,0.0,0.0,0.0,0.0,0.0,0.0,0.0,0.0,0.0,0.0,0.0,0.0,0.0,66.75,0.0,0.0,0.0,5.43,24,43.39,179
00912,中信臺灣智慧50,ETF,0.0,0.0,0.0,0.0,0.0,0.0,0.0,0.0,0.0,0.0,0.0,0.0,0.0,34.13,0.0,0.0,0.0,10.67,24,18.44,177
00913,兆豐台灣晶圓製造,ETF,0.0,0.0,0.0,0.0,0.0,0.0,0.0,0.0,0.0,0.0,0.0,0.0,0.0,52.0,0.0,0.0,0.0,9.15,24,27.85,177
00915,凱基優選高股息30,ETF,0.0,0.0,0.0,0.0,0.0,0.0,0.0,0.0,0.0,0.0,0.0,0.0,0.0,31.36,0.0,0.0,0.0,0.57,1,0.31,100
00916,國泰全球品牌50,ETF,0.0,0.0,0.0,0.0,0.0,0.0,0.0,0.0,0.0,0.0,0.0,0.0,0.0,25.91,0.0,0.0,0.0,17.91,183,19.86,172
00917,中信特選金融,ETF,0.0,0.0,0.0,0.0,0.0,0.0,0.0,0.0,0.0,0.0,0.0,0.0,0.0,22.39,0.0,0.0,0.0,26.86,168,21.24,183
00918,大華優利高填息30,ETF,0.0,0.0,0.0,0.0,0.0,0.0,0.0,0.0,0.0,0.0,0.0,0.0,0.0,32.12,0.0,0.0,0.0,0.93,1,2.81,136
00919,群益台灣精選高息,ETF,0.0,0.0,0.0,0.0,0.0,0.0,0.0,0.0,0.0,0.0,0.0,0.0,0.0,29.97,0.0,0.0,0.0,2.58,3,0.0,0
00892,富邦台灣半導體,ETF,0.0,0.0,0.0,0.0,0.0,0.0,0.0,0.0,0.0,0.0,0.0,0.0,0.0,44.99,0.0,0.0,0.0,10.37,24,30.75,177
00891,中信關鍵半導體,ETF,0.0,0.0,0.0,0.0,0.0,0.0,0.0,0.0,0.0,0.0,0.0,0.0,0.0,36.62,0.0,0.0,0.0,8.73,24,21.14,177
00851,台新全球AI,ETF,0.0,0.0,0.0,0.0,0.0,0.0,0.0,0.0,0.0,0.0,0.0,0.0,0.0,73.85,0.0,0.0,0.0,15.35,183,24.27,140
00852L,國泰美國道瓊正2,ETF,0.0,0.0,0.0,0.0,0.0,0.0,0.0,0.0,0.0,0.0,0.0,0.0,0.0,33.89,0.0,0.0,0.0,29.77,171,33.93,179
00861,元大全球未來通訊,ETF,0.0,0.0,0.0,0.0,0.0,0.0,0.0,0.0,0.0,0.0,0.0,0.0,0.0,95.6,0.0,0.0,0.0,6.64,24,35.31,177
00865B,國泰US短期公債,ETF,0.0,0.0,0.0,0.0,0.0,0.0,0.0,0.0,0.0,0.0,0.0,0.0,0.0,48.06,0.0,0.0,0.0,2.95,169,8.61,183
00875,國泰網路資安,ETF,0.0,0.0,0.0,0.0,0.0,0.0,0.0,0.0,0.0,0.0,0.0,0.0,0.0,47.38,0.0,0.0,0.0,24.53,183,10.33,133
00876,元大全球5G,ETF,0.0,0.0,0.0,0.0,0.0,0.0,0.0,0.0,0.0,0.0,0.0,0.0,0.0,100.2,0.0,0.0,0.0,7.42,24,47.11,179
00878,國泰永續高股息,ETF,0.0,0.0,0.0,0.0,0.0,0.0,0.0,0.0,0.0,0.0,0.0,0.0,0.0,32.91,0.0,0.0,0.0,5.18,24,4.31,135
00881,國泰台灣科技龍頭,ETF,0.0,0.0,0.0,0.0,0.0,0.0,0.0,0.0,0.0,0.0,0.0,0.0,0.0,54.85,0.0,0.0,0.0,11.86,24,39.9,137
00882,中信中國高股息,ETF,0.0,0.0,0.0,0.0,0.0,0.0,0.0,0.0,0.0,0.0,0.0,0.0,0.0,15.97,0.0,0.0,0.0,28.36,112,20.72,150
00885,富邦越南,ETF,0.0,0.0,0.0,0.0,0.0,0.0,0.0,0.0,0.0,0.0,0.0,0.0,0.0,18.36,0.0,0.0,0.0,2.57,106,54.58,120
00920,富邦ESG綠色電力,ETF,0.0,0.0,0.0,0.0,0.0,0.0,0.0,0.0,0.0,0.0,0.0,0.0,0.0,26.37,0.0,0.0,0.0,2.31,28,51.91,147
00735,國泰臺韓科技,ETF,0.0,0.0,0.0,0.0,0.0,0.0,0.0,0.0,0.0,0.0,0.0,0.0,0.0,113.85,0.0,0.0,0.0,17.29,18,58.26,140
00733,富邦臺灣中小,ETF,0.0,0.0,0.0,0.0,0.0,0.0,0.0,0.0,0.0,0.0,0.0,0.0,0.0,74.55,0.0,0.0,0.0,1.33,3,25.65,122
00637L,元大滬深300正2,ETF,0.0,0.0,0.0,0.0,0.0,0.0,0.0,0.0,0.0,0.0,0.0,0.0,0.0,21.89,0.0,0.0,0.0,67.68,112,44.87,133
00638R,元大滬深300反1,ETF,0.0,0.0,0.0,0.0,0.0,0.0,0.0,0.0,0.0,0.0,0.0,0.0,0.0,6.43,0.0,0.0,0.0,6.58,93,0.38,3
00639,富邦深100,ETF,0.0,0.0,0.0,0.0,0.0,0.0,0.0,0.0,0.0,0.0,0.0,0.0,0.0,18.31,0.0,0.0,0.0,62.24,112,43.67,136
00640L,富邦日本正2,ETF,0.0,0.0,0.0,0.0,0.0,0.0,0.0,0.0,0.0,0.0,0.0,0.0,0.0,103.6,0.0,0.0,0.0,18.29,24,51.94,182
00641R,富邦日本反1,ETF,0.0,0.0,0.0,0.0,0.0,0.0,0.0,0.0,0.0,0.0,0.0,0.0,0.0,3.8,0.0,0.0,0.0,19.05,49,0.69,7
00642U,期元大S&P石油,ETF,0.0,0.0,0.0,0.0,0.0,0.0,0.0,0.0,0.0,0.0,0.0,0.0,0.0,25.83,0.0,0.0,0.0,7.69,18,4.07,7
00643,群益深証中小,ETF,0.0,0.0,0.0,0.0,0.0,0.0,0.0,0.0,0.0,0.0,0.0,0.0,0.0,19.86,0.0,0.0,0.0,40.31,112,40.71,115
00643K,群益深証中小+R,ETF,0.0,0.0,0.0,0.0,0.0,0.0,0.0,0.0,0.0,0.0,0.0,0.0,0.0,4.19,0.0,0.0,0.0,0.0,0,0.0,0
00645,富邦日本,ETF,0.0,0.0,0.0,0.0,0.0,0.0,0.0,0.0,0.0,0.0,0.0,0.0,0.0,56.25,0.0,0.0,0.0,8.75,24,24.46,182
00646,元大S&P500,ETF,0.0,0.0,0.0,0.0,0.0,0.0,0.0,0.0,0.0,0.0,0.0,0.0,0.0,74.9,0.0,0.0,0.0,13.17,169,22.13,179
00647L,元大S&P500正2,ETF,0.0,0.0,0.0,0.0,0.0,0.0,0.0,0.0,0.0,0.0,0.0,0.0,0.0,135.7,0.0,0.0,0.0,19.39,175,31.75,179
00648R,元大S&P500反1,ETF,0.0,0.0,0.0,0.0,0.0,0.0,0.0,0.0,0.0,0.0,0.0,0.0,0.0,3.95,0.0,0.0,0.0,4.85,52,1.03,7
00650L,復華香港正2,ETF,0.0,0.0,0.0,0.0,0.0,0.0,0.0,0.0,0.0,0.0,0.0,0.0,0.0,15.81,0.0,0.0,0.0,62.23,112,33.56,108
00651R,復華香港反1,ETF,0.0,0.0,0.0,0.0,0.0,0.0,0.0,0.0,0.0,0.0,0.0,0.0,0.0,5.42,0.0,0.0,0.0,6.72,50,2.24,3
00652,富邦印度,ETF,0.0,0.0,0.0,0.0,0.0,0.0,0.0,0.0,0.0,0.0,0.0,0.0,0.0,32.7,0.0,0.0,0.0,8.89,101,5.22,164
00653L,富邦印度正2,ETF,0.0,0.0,0.0,0.0,0.0,0.0,0.0,0.0,0.0,0.0,0.0,0.0,0.0,46.18,0.0,0.0,0.0,18.52,102,7.43,164
00654R,富邦印度反1,ETF,0.0,0.0,0.0,0.0,0.0,0.0,0.0,0.0,0.0,0.0,0.0,0.0,0.0,6.77,0.0,0.0,0.0,3.21,157,3.16,52
00655L,國泰中國A50正2,ETF,0.0,0.0,0.0,0.0,0.0,0.0,0.0,0.0,0.0,0.0,0.0,0.0,0.0,37.02,0.0,0.0,0.0,66.67,112,42.78,133
00656R,國泰中國A50反1,ETF,0.0,0.0,0.0,0.0,0.0,0.0,0.0,0.0,0.0,0.0,0.0,0.0,0.0,5.7,0.0,0.0,0.0,6.64,93,0.43,3
00657,國泰日經225,ETF,0.0,0.0,0.0,0.0,0.0,0.0,0.0,0.0,0.0,0.0,0.0,0.0,0.0,81.05,0.0,0.0,0.0,10.73,24,36.79,137
00657K,國泰日經225+U,ETF,0.0,0.0,0.0,0.0,0.0,0.0,0.0,0.0,0.0,0.0,0.0,0.0,0.0,25.9,0.0,0.0,0.0,10.07,24,31.08,140
00660,元大歐洲50,ETF,0.0,0.0,0.0,0.0,0.0,0.0,0.0,0.0,0.0,0.0,0.0,0.0,0.0,45.26,0.0,0.0,0.0,4.77,105,8.71,150
00661,元大日經225,ETF,0.0,0.0,0.0,0.0,0.0,0.0,0.0,0.0,0.0,0.0,0.0,0.0,0.0,89.8,0.0,0.0,0.0,10.34,24,37.18,137
00662,富邦NASDAQ,ETF,0.0,0.0,0.0,0.0,0.0,0.0,0.0,0.0,0.0,0.0,0.0,0.0,0.0,123.85,0.0,0.0,0.0,12.8,183,25.55,172
00663L,國泰臺灣加權正2,ETF,0.0,0.0,0.0,0.0,0.0,0.0,0.0,0.0,0.0,0.0,0.0,0.0,0.0,108.4,0.0,0.0,0.0,18.09,24,72.29,137
00636K,國泰中國A50+U,ETF,0.0,0.0,0.0,0.0,0.0,0.0,0.0,0.0,0.0,0.0,0.0,0.0,0.0,9.24,0.0,0.0,0.0,25.98,113,20.97,136
00664R,國泰臺灣加權反1,ETF,0.0,0.0,0.0,0.0,0.0,0.0,0.0,0.0,0.0,0.0,0.0,0.0,0.0,1.65,0.0,0.0,0.0,12.31,49,0.82,7
00636,國泰中國A50,ETF,0.0,0.0,0.0,0.0,0.0,0.0,0.0,0.0,0.0,0.0,0.0,0.0,0.0,29.0,0.0,0.0,0.0,36.39,112,26.05,150
00634R,富邦上証反1,ETF,0.0,0.0,0.0,0.0,0.0,0.0,0.0,0.0,0.0,0.0,0.0,0.0,0.0,3.03,0.0,0.0,0.0,6.45,91,0.0,0
00401A,主動摩根台灣鑫收,ETF,0.0,0.0,0.0,0.0,0.0,0.0,0.0,0.0,0.0,0.0,0.0,0.0,0.0,13.77,0.0,0.0,0.0,31.67,54,31.67,54
00402A,主動安聯美國科技,ETF,0.0,0.0,0.0,0.0,0.0,0.0,0.0,0.0,0.0,0.0,0.0,0.0,0.0,10.03,0.0,0.0,0.0,0.2,7,0.2,7
00403A,主動統一升級50,ETF,0.0,0.0,0.0,0.0,0.0,0.0,0.0,0.0,0.0,0.0,0.0,0.0,0.0,10.7,0.0,0.0,0.0,0.19,20,0.19,20
00404A,主動聯博動能50,ETF,0.0,0.0,0.0,0.0,0.0,0.0,0.0,0.0,0.0,0.0,0.0,0.0,0.0,10.09,0.0,0.0,0.0,1.31,7,1.31,7
00405A,主動富邦台灣龍耀,ETF,0.0,0.0,0.0,0.0,0.0,0.0,0.0,0.0,0.0,0.0,0.0,0.0,0.0,9.37,0.0,0.0,0.0,0.0,0,0.0,0
00406A,主動中信台灣收益,ETF,0.0,0.0,0.0,0.0,0.0,0.0,0.0,0.0,0.0,0.0,0.0,0.0,0.0,10.08,0.0,0.0,0.0,4.56,5,4.56,5
0050,元大台灣50,ETF,0.0,0.0,0.0,0.0,0.0,0.0,0.0,0.0,0.0,0.0,0.0,0.0,0.0,105.9,0.0,0.0,0.0,12.64,24,36.12,135
0051,元大中型100,ETF,0.0,0.0,0.0,0.0,0.0,0.0,0.0,0.0,0.0,0.0,0.0,0.0,0.0,143.4,0.0,0.0,0.0,3.16,24,25.61,150
0052,富邦科技,ETF,0.0,0.0,0.0,0.0,0.0,0.0,0.0,0.0,0.0,0.0,0.0,0.0,0.0,61.85,0.0,0.0,0.0,13.49,24,44.07,137
0053,元大電子,ETF,0.0,0.0,0.0,0.0,0.0,0.0,0.0,0.0,0.0,0.0,0.0,0.0,0.0,241.8,0.0,0.0,0.0,12.58,24,43.34,137
0055,元大MSCI金融,ETF,0.0,0.0,0.0,0.0,0.0,0.0,0.0,0.0,0.0,0.0,0.0,0.0,0.0,41.98,0.0,0.0,0.0,10.61,123,8.01,121
0056,元大高股息,ETF,0.0,0.0,0.0,0.0,0.0,0.0,0.0,0.0,0.0,0.0,0.0,0.0,0.0,51.55,0.0,0.0,0.0,4.56,24,9.1,128
0057,富邦摩台,ETF,0.0,0.0,0.0,0.0,0.0,0.0,0.0,0.0,0.0,0.0,0.0,0.0,0.0,314.05,0.0,0.0,0.0,11.81,24,36.44,137
0061,元大寶滬深,ETF,0.0,0.0,0.0,0.0,0.0,0.0,0.0,0.0,0.0,0.0,0.0,0.0,0.0,25.28,0.0,0.0,0.0,53.69,112,29.33,150
006203,元大MSCI台灣,ETF,0.0,0.0,0.0,0.0,0.0,0.0,0.0,0.0,0.0,0.0,0.0,0.0,0.0,191.9,0.0,0.0,0.0,12.22,24,35.1,137
006204,永豐臺灣加權,ETF,0.0,0.0,0.0,0.0,0.0,0.0,0.0,0.0,0.0,0.0,0.0,0.0,0.0,227.75,0.0,0.0,0.0,8.86,24,28.87,177
006205,富邦上証,ETF,0.0,0.0,0.0,0.0,0.0,0.0,0.0,0.0,0.0,0.0,0.0,0.0,0.0,41.1,0.0,0.0,0.0,32.73,112,28.6,150
006206,元大上證50,ETF,0.0,0.0,0.0,0.0,0.0,0.0,0.0,0.0,0.0,0.0,0.0,0.0,0.0,37.04,0.0,0.0,0.0,35.37,112,24.34,151
006207,復華滬深,ETF,0.0,0.0,0.0,0.0,0.0,0.0,0.0,0.0,0.0,0.0,0.0,0.0,0.0,33.8,0.0,0.0,0.0,35.86,112,31.46,150
006208,富邦台50,ETF,0.0,0.0,0.0,0.0,0.0,0.0,0.0,0.0,0.0,0.0,0.0,0.0,0.0,245.35,0.0,0.0,0.0,13.02,24,37.69,137
00625K,富邦上証+R,ETF,0.0,0.0,0.0,0.0,0.0,0.0,0.0,0.0,0.0,0.0,0.0,0.0,0.0,0.0,0.0,0.0,0.0,0.0,0,0.0,0
00631L,元大台灣50正2,ETF,0.0,0.0,0.0,0.0,0.0,0.0,0.0,0.0,0.0,0.0,0.0,0.0,0.0,37.31,0.0,0.0,0.0,18.89,24,73.01,137
00632R,元大台灣50反1,ETF,0.0,0.0,0.0,0.0,0.0,0.0,0.0,0.0,0.0,0.0,0.0,0.0,0.0,10.19,0.0,0.0,0.0,558.69,177,0.89,7
00633L,富邦上証正2,ETF,0.0,0.0,0.0,0.0,0.0,0.0,0.0,0.0,0.0,0.0,0.0,0.0,0.0,52.95,0.0,0.0,0.0,66.52,112,41.86,133
00635U,期元大S&P黃金,ETF,0.0,0.0,0.0,0.0,0.0,0.0,0.0,0.0,0.0,0.0,0.0,0.0,0.0,45.17,0.0,0.0,0.0,16.99,135,25.47,123
00665L,富邦恒生國企正2,ETF,0.0,0.0,0.0,0.0,0.0,0.0,0.0,0.0,0.0,0.0,0.0,0.0,0.0,8.99,0.0,0.0,0.0,67.45,112,27.08,108
00668,國泰美國道瓊,ETF,0.0,0.0,0.0,0.0,0.0,0.0,0.0,0.0,0.0,0.0,0.0,0.0,0.0,59.55,0.0,0.0,0.0,17.29,169,22.14,179
00701,國泰股利精選30,ETF,0.0,0.0,0.0,0.0,0.0,0.0,0.0,0.0,0.0,0.0,0.0,0.0,0.0,38.2,0.0,0.0,0.0,6.99,25,6.27,59
00702,國泰標普低波高息,ETF,0.0,0.0,0.0,0.0,0.0,0.0,0.0,0.0,0.0,0.0,0.0,0.0,0.0,24.53,0.0,0.0,0.0,14.87,168,6.58,183
00703,台新MSCI中國,ETF,0.0,0.0,0.0,0.0,0.0,0.0,0.0,0.0,0.0,0.0,0.0,0.0,0.0,19.12,0.0,0.0,0.0,41.36,112,26.02,108
00706L,期元大S&P日圓正2,ETF,0.0,0.0,0.0,0.0,0.0,0.0,0.0,0.0,0.0,0.0,0.0,0.0,0.0,18.99,0.0,0.0,0.0,21.29,91,249.21,128
00707R,期元大S&P日圓反1,ETF,0.0,0.0,0.0,0.0,0.0,0.0,0.0,0.0,0.0,0.0,0.0,0.0,0.0,0.0,0.0,0.0,0.0,0.0,0,11.31,161
00708L,期元大S&P黃金正2,ETF,0.0,0.0,0.0,0.0,0.0,0.0,0.0,0.0,0.0,0.0,0.0,0.0,0.0,81.25,0.0,0.0,0.0,35.77,135,55.37,123
00709,富邦歐洲,ETF,0.0,0.0,0.0,0.0,0.0,0.0,0.0,0.0,0.0,0.0,0.0,0.0,0.0,39.25,0.0,0.0,0.0,4.77,78,15.4,179
00710B,復華彭博非投等債,ETF,0.0,0.0,0.0,0.0,0.0,0.0,0.0,0.0,0.0,0.0,0.0,0.0,0.0,19.03,0.0,0.0,0.0,2.91,169,6.51,183
00711B,復華彭博新興債,ETF,0.0,0.0,0.0,0.0,0.0,0.0,0.0,0.0,0.0,0.0,0.0,0.0,0.0,16.22,0.0,0.0,0.0,4.94,93,13.89,162
00712,復華富時不動產,ETF,0.0,0.0,0.0,0.0,0.0,0.0,0.0,0.0,0.0,0.0,0.0,0.0,0.0,8.84,0.0,0.0,0.0,5.94,30,11.51,84
00713,元大台灣高息低波,ETF,0.0,0.0,0.0,0.0,0.0,0.0,0.0,0.0,0.0,0.0,0.0,0.0,0.0,60.75,0.0,0.0,0.0,0.25,1,0.29,2
00714,群益道瓊美國地產,ETF,0.0,0.0,0.0,0.0,0.0,0.0,0.0,0.0,0.0,0.0,0.0,0.0,0.0,21.79,0.0,0.0,0.0,16.79,164,6.47,129
00715L,期街口布蘭特正2,ETF,0.0,0.0,0.0,0.0,0.0,0.0,0.0,0.0,0.0,0.0,0.0,0.0,0.0,41.79,0.0,0.0,0.0,13.69,18,55.69,178
00717,富邦美國特別股,ETF,0.0,0.0,0.0,0.0,0.0,0.0,0.0,0.0,0.0,0.0,0.0,0.0,0.0,15.1,0.0,0.0,0.0,6.0,121,9.14,183
00728,第一金工業30,ETF,0.0,0.0,0.0,0.0,0.0,0.0,0.0,0.0,0.0,0.0,0.0,0.0,0.0,63.65,0.0,0.0,0.0,7.24,24,20.59,140
00730,富邦臺灣優質高息,ETF,0.0,0.0,0.0,0.0,0.0,0.0,0.0,0.0,0.0,0.0,0.0,0.0,0.0,28.72,0.0,0.0,0.0,4.53,121,18.79,77
00731,復華富時高息低波,ETF,0.0,0.0,0.0,0.0,0.0,0.0,0.0,0.0,0.0,0.0,0.0,0.0,0.0,89.1,0.0,0.0,0.0,6.13,24,3.54,128
00700,富邦恒生國企,ETF,0.0,0.0,0.0,0.0,0.0,0.0,0.0,0.0,0.0,0.0,0.0,0.0,0.0,16.64,0.0,0.0,0.0,39.48,112,16.33,108
00666R,富邦恒生國企反1,ETF,0.0,0.0,0.0,0.0,0.0,0.0,0.0,0.0,0.0,0.0,0.0,0.0,0.0,9.36,0.0,0.0,0.0,7.12,49,2.92,3
00668K,國泰美國道瓊+U,ETF,0.0,0.0,0.0,0.0,0.0,0.0,0.0,0.0,0.0,0.0,0.0,0.0,0.0,18.91,0.0,0.0,0.0,16.77,171,15.52,179
00669R,國泰美國道瓊反1,ETF,0.0,0.0,0.0,0.0,0.0,0.0,0.0,0.0,0.0,0.0,0.0,0.0,0.0,5.32,0.0,0.0,0.0,0.14,52,0.63,7
00670L,富邦NASDAQ正2,ETF,0.0,0.0,0.0,0.0,0.0,0.0,0.0,0.0,0.0,0.0,0.0,0.0,0.0,220.9,0.0,0.0,0.0,16.4,183,39.05,136
00671R,富邦NASDAQ反1,ETF,0.0,0.0,0.0,0.0,0.0,0.0,0.0,0.0,0.0,0.0,0.0,0.0,0.0,2.37,0.0,0.0,0.0,10.34,49,0.6,3
00673R,期元大S&P原油反1,ETF,0.0,0.0,0.0,0.0,0.0,0.0,0.0,0.0,0.0,0.0,0.0,0.0,0.0,14.03,0.0,0.0,0.0,10.86,86,367.04,183
00674R,期元大S&P黃金反1,ETF,0.0,0.0,0.0,0.0,0.0,0.0,0.0,0.0,0.0,0.0,0.0,0.0,0.0,28.45,0.0,0.0,0.0,1.03,10,4.34,45
00675L,富邦臺灣加權正2,ETF,0.0,0.0,0.0,0.0,0.0,0.0,0.0,0.0,0.0,0.0,0.0,0.0,0.0,329.0,0.0,0.0,0.0,18.42,24,72.77,137
00676R,富邦臺灣加權反1,ETF,0.0,0.0,0.0,0.0,0.0,0.0,0.0,0.0,0.0,0.0,0.0,0.0,0.0,5.62,0.0,0.0,0.0,12.27,49,1.22,7
00678,群益那斯達克生技,ETF,0.0,0.0,0.0,0.0,0.0,0.0,0.0,0.0,0.0,0.0,0.0,0.0,0.0,36.21,0.0,0.0,0.0,10.87,42,42.75,165
00680L,元大美債20正2,ETF,0.0,0.0,0.0,0.0,0.0,0.0,0.0,0.0,0.0,0.0,0.0,0.0,0.0,6.91,0.0,0.0,0.0,13.2,86,14.47,128
00681R,元大美債20反1,ETF,0.0,0.0,0.0,0.0,0.0,0.0,0.0,0.0,0.0,0.0,0.0,0.0,0.0,21.01,0.0,0.0,0.0,5.25,150,1.37,31
00682U,期元大美元指數,ETF,0.0,0.0,0.0,0.0,0.0,0.0,0.0,0.0,0.0,0.0,0.0,0.0,0.0,20.51,0.0,0.0,0.0,2.01,162,3.1,157
00683L,期元大美元指正2,ETF,0.0,0.0,0.0,0.0,0.0,0.0,0.0,0.0,0.0,0.0,0.0,0.0,0.0,21.47,0.0,0.0,0.0,4.22,179,5.6,162
00684R,期元大美元指反1,ETF,0.0,0.0,0.0,0.0,0.0,0.0,0.0,0.0,0.0,0.0,0.0,0.0,0.0,15.1,0.0,0.0,0.0,4.53,100,1.58,16
00685L,群益臺灣加權正2,ETF,0.0,0.0,0.0,0.0,0.0,0.0,0.0,0.0,0.0,0.0,0.0,0.0,0.0,297.4,0.0,0.0,0.0,18.56,24,72.7,137
00686R,群益臺灣加權反1,ETF,0.0,0.0,0.0,0.0,0.0,0.0,0.0,0.0,0.0,0.0,0.0,0.0,0.0,1.02,0.0,0.0,0.0,11.76,49,0.9,7
00687C,國泰20年美債+櫃U,上櫃ETF,0.0,0.0,0.0,0.0,0.0,0.0,0.0,0.0,0.0,0.0,0.0,0.0,0.0,9.36,0.0,0.0,0.0,7.79,53,8.67,128
00688L,國泰20年美債正2,ETF,0.0,0.0,0.0,0.0,0.0,0.0,0.0,0.0,0.0,0.0,0.0,0.0,0.0,6.89,0.0,0.0,0.0,13.4,86,14.51,128
00689R,國泰20年美債反1,ETF,0.0,0.0,0.0,0.0,0.0,0.0,0.0,0.0,0.0,0.0,0.0,0.0,0.0,21.96,0.0,0.0,0.0,5.51,150,1.84,79
00690,兆豐藍籌30,ETF,0.0,0.0,0.0,0.0,0.0,0.0,0.0,0.0,0.0,0.0,0.0,0.0,0.0,81.2,0.0,0.0,0.0,10.7,24,32.86,137
00692,富邦公司治理,ETF,0.0,0.0,0.0,0.0,0.0,0.0,0.0,0.0,0.0,0.0,0.0,0.0,0.0,91.65,0.0,0.0,0.0,11.33,24,33.99,137
00693U,期街口S&P黃豆,ETF,0.0,0.0,0.0,0.0,0.0,0.0,0.0,0.0,0.0,0.0,0.0,0.0,0.0,20.53,0.0,0.0,0.0,0.0,0,8.34,155
1457,宜進,紡織纖維,1.17,3066311000.0,2620778632.4786325,0.54,2492261207.7302294,0.95,16.07,34.17,5.95,40.12,5.65,38.11,15.27,14.45,1.06,0.39,2.64,0.45,3,0.0,0
00921,兆豐龍頭等權重,ETF,0.0,0.0,0.0,0.0,0.0,0.0,0.0,0.0,0.0,0.0,0.0,0.0,0.0,22.91,0.0,0.0,0.0,0.66,1,7.4,63
00923,群益台ESG低碳50,ETF,0.0,0.0,0.0,0.0,0.0,0.0,0.0,0.0,0.0,0.0,0.0,0.0,0.0,42.66,0.0,0.0,0.0,9.83,24,25.58,137
1216,統一,食品工業,3.46,671991806000.0,194217284971.09827,1.77,690970960762.1794,3.56,22.99,8.82,18.76,27.58,66.79,98.18,81.85,75.6,1.08,0.88,1.3,10.4,141,9.57,36
1217,愛之味,食品工業,0.42,5053488000.0,12032114285.714287,0.19,4877153118.167021,0.41,34.28,62.28,17.01,79.29,6.97,32.51,14.05,9.84,1.43,0.71,3.3,8.16,18,3.74,59
1218,泰山,食品工業,1.59,10013154000.0,6297581132.075471,0.82,10625174891.570108,1.69,17.71,63.6,11.07,74.67,18.71,126.19,29.94,17.9,1.67,1.05,7.05,0.0,0,0.0,0
1219,福壽,食品工業,0.45,14343570000.0,31874600000.0,0.23,14337436448.60491,0.45,29.97,34.07,18.89,52.96,8.5,23.83,13.48,12.55,1.07,0.68,1.9,0.79,9,3.1,11
1220,台榮,食品工業,0.08,3429604000.0,42870050000.0,0.04,3316298144.842654,0.08,63.16,594.23,10.77,605.0,0.86,48.4,5.05,11.7,0.43,0.07,4.14,27.04,177,4.8,16
1225,福懋油,食品工業,1.67,12252020000.0,7336538922.155689,0.89,12474942537.955147,1.7,33.75,77.21,16.66,93.87,28.32,159.58,57.37,32.0,1.79,0.88,4.99,95.32,88,20.55,2
1227,佳格,食品工業,1.32,28448173000.0,21551646212.121212,0.68,29114354912.628586,1.35,20.85,10.9,16.73,27.63,22.59,37.3,28.15,28.85,0.98,0.78,1.29,2.22,7,2.26,121
1229,聯華,食品工業,2.6,13281855000.0,5108405769.230769,1.05,12700042531.729004,2.49,20.29,12.39,14.73,27.12,36.68,67.53,50.52,41.9,1.21,0.88,1.61,6.55,21,13.51,119
1231,聯華食,食品工業,3.93,12960746000.0,3297899745.547074,2.02,13172782659.257994,3.99,29.29,23.41,19.25,42.66,76.81,170.21,116.87,87.4,1.34,0.88,1.95,26.42,177,12.41,52
1232,大統益,食品工業,8.25,21469837000.0,2602404484.848485,4.46,22978702834.056366,8.83,18.38,4.04,16.65,20.69,147.02,182.69,162.27,144.0,1.13,1.02,1.27,7.9,126,2.68,11
1233,天仁,食品工業,0.75,2174330000.0,2899106666.6666665,0.39,2194746931.7767854,0.76,36.07,14.02,29.58,43.6,22.48,33.14,27.41,27.9,0.98,0.81,1.19,1.47,21,3.35,170
1234,黑松,食品工業,2.0,9578941000.0,4789470500.0,0.91,8985488444.144983,1.88,17.64,5.49,15.59,21.08,29.31,39.63,33.17,35.0,0.95,0.84,1.13,2.73,3,2.31,11
1235,興泰,食品工業,0.16,176147000.0,1100918750.0,0.08,243904305.0671106,0.22,99.49,553.92,14.5,568.42,3.19,125.05,21.89,38.3,0.57,0.08,3.27,79.71,133,4.41,15
1236,宏亞,食品工業,-0.43,1881933000.0,0.0,0.0,1795533393.3058994,0.0,151.46,91.0,99.38,190.38,0.0,0.0,0.0,25.55,0.0,0.0,0.0,6.21,16,24.21,109
1240,茂生農經,農業科技業,5.02,2763166000.0,550431474.1035857,2.56,2799648800.327336,5.09,12.03,3.74,10.61,14.35,54.0,73.04,61.26,58.2,1.05,0.93,1.25,4.82,71,10.59,72
1256,鮮活果汁-KY,食品工業,11.18,3940213000.0,352434078.7119857,7.04,5940797407.504643,16.86,15.86,8.86,12.03,20.89,202.83,352.21,267.36,178.5,1.5,1.14,1.97,1.5,7,54.24,87
1264,德麥,食品工業,20.47,6763586000.0,330414557.88959455,10.92,6955071547.769829,21.05,14.92,4.19,12.83,17.02,270.07,358.27,314.04,270.0,1.16,1.0,1.33,1.58,24,1.41,28
1294,漢田生技,食品工業,4.67,752425000.0,161118843.6830835,2.83,963606916.585333,5.98,15.52,9.23,12.27,21.5,73.37,128.57,92.78,79.1,1.17,0.93,1.63,0.51,10,17.33,87
1295,生合,食品工業,5.32,794064000.0,149260150.37593985,3.39,1267394267.4530833,8.49,18.53,20.13,9.64,29.77,81.84,252.75,157.35,48.6,3.24,1.68,5.2,38.64,101,58.38,81
1215,卜蜂,食品工業,10.4,28114836000.0,2703349615.3846154,5.45,29658887103.548656,10.97,14.67,4.51,12.28,16.79,134.71,184.19,160.95,115.5,1.39,1.17,1.59,5.07,3,28.63,123
1301,台塑,塑膠工業,-1.57,177551951000.0,0.0,0.0,167978018639.16782,0.0,63.44,21.53,52.62,74.15,0.0,0.0,0.0,46.75,0.0,0.0,0.0,1.0,31,16.93,170
1213,大飲,食品工業,-0.86,293246000.0,0.0,0.0,334816175.7152336,0.0,1.35,0.83,1.06,1.89,0.0,0.0,0.0,8.5,0.0,0.0,0.0,119.58,183,0.77,1
1203,味王,食品工業,1.81,5788155000.0,3197875690.6077347,0.82,4865860592.383691,1.52,20.49,11.13,14.79,25.92,22.48,39.4,31.15,43.15,0.72,0.52,0.91,10.51,45,5.24,15
020025,統一亞洲半導體N,指數投資證券(ETN),0.0,0.0,0.0,0.0,0.0,0.0,0.0,0.0,0.0,0.0,0.0,0.0,0.0,43.27,0.0,0.0,0.0,11.48,24,0.0,0
020027,元大上櫃ESG成長N,指數投資證券(ETN),0.0,0.0,0.0,0.0,0.0,0.0,0.0,0.0,0.0,0.0,0.0,0.0,0.0,11.25,0.0,0.0,0.0,7.19,24,25.62,127
020028,元大特選電動車N,ETN,0.0,0.0,0.0,0.0,0.0,0.0,0.0,0.0,0.0,0.0,0.0,0.0,0.0,20.3,0.0,0.0,0.0,8.12,24,59.01,135
020029,元大ESG高股息N,ETN,0.0,0.0,0.0,0.0,0.0,0.0,0.0,0.0,0.0,0.0,0.0,0.0,0.0,18.45,0.0,0.0,0.0,3.59,3,4.98,94
020030,統一智慧電動車N,ETN,0.0,0.0,0.0,0.0,0.0,0.0,0.0,0.0,0.0,0.0,0.0,0.0,0.0,18.92,0.0,0.0,0.0,7.7,24,41.59,177
020031,統一IC設計臺灣N,ETN,0.0,0.0,0.0,0.0,0.0,0.0,0.0,0.0,0.0,0.0,0.0,0.0,0.0,10.73,0.0,0.0,0.0,2.95,2,12.39,94
020032,元大綠能N,ETN,0.0,0.0,0.0,0.0,0.0,0.0,0.0,0.0,0.0,0.0,0.0,0.0,0.0,0.0,0.0,0.0,0.0,8.07,28,49.07,134
020033,統一恒生科期N,指數投資證券(ETN),0.0,0.0,0.0,0.0,0.0,0.0,0.0,0.0,0.0,0.0,0.0,0.0,0.0,3.72,0.0,0.0,0.0,42.06,112,27.17,108
020034,元大IC設計N,ETN,0.0,0.0,0.0,0.0,0.0,0.0,0.0,0.0,0.0,0.0,0.0,0.0,0.0,14.59,0.0,0.0,0.0,3.15,3,5.58,25
020035,元大上櫃ESG高息N,指數投資證券(ETN),0.0,0.0,0.0,0.0,0.0,0.0,0.0,0.0,0.0,0.0,0.0,0.0,0.0,0.0,0.0,0.0,0.0,7.04,24,36.9,108
020036,元大金融配息N,ETN,0.0,0.0,0.0,0.0,0.0,0.0,0.0,0.0,0.0,0.0,0.0,0.0,0.0,9.77,0.0,0.0,0.0,9.87,25,0.0,0
020037,元大金融高股息N,ETN,0.0,0.0,0.0,0.0,0.0,0.0,0.0,0.0,0.0,0.0,0.0,0.0,0.0,10.81,0.0,0.0,0.0,12.71,182,0.0,0
020038,元大ESG配息N,ETN,0.0,0.0,0.0,0.0,0.0,0.0,0.0,0.0,0.0,0.0,0.0,0.0,0.0,14.26,0.0,0.0,0.0,3.53,3,5.23,92
020039,元大加權N,ETN,0.0,0.0,0.0,0.0,0.0,0.0,0.0,0.0,0.0,0.0,0.0,0.0,0.0,14.48,0.0,0.0,0.0,9.19,24,32.5,137
020040,元大上櫃ESG龍頭N,指數投資證券(ETN),0.0,0.0,0.0,0.0,0.0,0.0,0.0,0.0,0.0,0.0,0.0,0.0,0.0,12.07,0.0,0.0,0.0,6.95,24,0.0,0
020041,兆豐半導體氣候N,指數投資證券(ETN),0.0,0.0,0.0,0.0,0.0,0.0,0.0,0.0,0.0,0.0,0.0,0.0,0.0,19.7,0.0,0.0,0.0,0.0,0,0.0,0
1101,台泥,水泥工業,-1.61,152985677000.0,0.0,0.0,144000053923.3667,0.0,26.11,17.85,18.11,35.96,0.0,0.0,0.0,24.5,0.0,0.0,0.0,2.79,36,0.0,0
1101B,台泥乙特,水泥工業,0.0,0.0,0.0,0.0,0.0,0.0,0.0,0.0,0.0,0.0,0.0,0.0,0.0,45.35,0.0,0.0,0.0,0.1,11,0.31,15
1102,亞泥,水泥工業,3.0,71952957000.0,23984319000.0,1.38,65350330421.13719,2.72,13.0,5.56,10.15,15.71,27.61,42.73,35.35,35.6,0.99,0.78,1.2,13.83,105,2.1,17
1103,嘉泥,水泥工業,0.84,3024675000.0,3600803571.4285717,0.39,2721563884.3603764,0.76,94.33,609.17,15.83,625.0,12.03,475.0,71.69,13.7,5.23,0.88,34.67,2.46,18,1.37,15
1104,環泥,水泥工業,2.57,7898245000.0,3073247081.7120624,1.25,7514029883.340852,2.44,12.28,5.18,9.57,14.75,23.35,35.99,29.95,29.1,1.03,0.8,1.24,9.5,17,8.62,127
1108,幸福,水泥工業,2.17,4581368000.0,2111229493.0875576,0.95,3663707020.570871,1.74,10.13,8.39,6.32,14.71,11.0,25.6,17.63,13.85,1.27,0.79,1.85,1.19,17,4.36,63
1109,信大,水泥工業,1.03,4413154000.0,4284615533.980582,0.46,3880218965.996682,0.91,12.93,10.7,8.79,19.49,8.0,17.74,11.76,14.7,0.8,0.54,1.21,2.83,21,0.0,0
1110,東泥,水泥工業,0.35,2875841000.0,8216688571.428572,0.16,2429453015.1591454,0.3,48.45,71.47,27.73,99.2,8.32,29.76,14.53,15.75,0.92,0.53,1.89,16.98,45,0.0,0
1201,味全,食品工業,0.4,22021377000.0,55053442500.0,0.19,20894992893.18768,0.38,25.12,17.84,17.16,35.0,6.52,13.3,9.55,12.4,0.77,0.53,1.07,0.8,4,4.11,17
1210,大成,食品工業,4.32,102153533000.0,23646651157.407406,2.3,107415866628.3132,4.54,12.97,5.11,10.43,15.54,47.35,70.55,58.88,55.6,1.06,0.85,1.27,1.92,31,6.77,16
020020,元大台股領航N,ETN,0.0,0.0,0.0,0.0,0.0,0.0,0.0,0.0,0.0,0.0,0.0,0.0,0.0,28.9,0.0,0.0,0.0,12.39,24,32.57,135
1303,南亞,塑膠工業,0.57,261237063000.0,458310636842.1053,0.32,286748749032.7984,0.63,80.09,129.93,34.98,164.91,22.04,103.89,50.46,115.0,0.44,0.19,0.9,1.39,4,123.8,170
1305,華夏,塑膠工業,-1.58,9311305000.0,0.0,0.0,10557047924.467047,0.0,84.46,96.21,49.17,145.38,0.0,0.0,0.0,12.65,0.0,0.0,0.0,12.5,31,21.05,67
1416,廣豐,其他,0.8,357557000.0,446946250.0,0.49,460939263.399351,1.03,17.06,13.05,12.23,25.28,12.6,26.04,17.57,11.1,1.58,1.14,2.35,7.34,112,0.42,1
1417,嘉裕,紡織纖維,0.62,424832000.0,685212903.2258065,0.22,412922892.6474135,0.6,16.21,5.49,13.87,19.36,8.32,11.62,9.73,8.54,1.14,0.97,1.36,2.64,21,11.88,161
1418,東華,紡織纖維,-1.28,6372000.0,0.0,0.0,3151294.117647059,0.0,119.92,446.06,43.94,490.0,0.0,0.0,0.0,18.65,0.0,0.0,0.0,43.5,21,12.27,56
1419,新紡,紡織纖維,4.12,4714640000.0,1144330097.0873785,2.47,5804476453.469134,5.07,17.71,23.17,4.71,27.88,23.88,141.35,89.8,67.5,1.33,0.35,2.09,2.82,17,19.74,161
1423,利華,紡織纖維,4.36,82713000.0,18970871.559633028,2.6,90624470.51635265,4.78,39.37,97.08,8.73,105.81,41.73,505.77,188.21,44.8,4.2,0.93,11.29,13.33,17,3.52,155
1434,福懋,紡織纖維,0.51,27741651000.0,54395394117.64706,0.26,26166615025.881557,0.48,41.28,97.73,16.74,114.47,8.04,54.95,19.82,16.8,1.18,0.48,3.27,1.32,31,8.31,32
1436,華友聯,建材營造,5.4,3875730000.0,717727777.7777777,0.52,2487224155.9444294,3.47,8.34,17.88,3.79,21.67,13.15,75.19,28.92,45.9,0.63,0.29,1.64,36.49,28,7.46,25
1437,勤益控,其他,2.41,937678000.0,389078008.29875517,0.93,845220632.271577,2.17,12.86,12.45,8.86,21.31,19.23,46.24,27.91,29.55,0.94,0.65,1.56,1.28,1,7.26,183
1438,三地開發,建材營造,1.74,988580000.0,568149425.2873564,1.16,2711929263485.477,4773.27,12.45,10.26,7.1,17.36,33890.22,82863.97,59433.09,22.7,2618.2,1492.96,3650.4,59.66,45,8.64,16
1440,南紡,紡織纖維,-0.15,14484020000.0,0.0,0.0,12189465958.58766,0.0,10.39,3.78,8.74,12.52,0.0,0.0,0.0,13.25,0.0,0.0,0.0,5.37,31,11.45,149
1441,大東,紡織纖維,-0.45,1516894000.0,0.0,0.0,1288637898.6020098,0.0,49.04,195.53,4.47,200.0,0.0,0.0,0.0,9.12,0.0,0.0,0.0,36.43,23,0.0,0
1442,名軒,建材營造,3.04,3244173000.0,1067162171.0526316,0.78,1282069054.7681358,1.2,9.2,8.02,6.27,14.29,7.52,17.15,11.04,27.5,0.4,0.27,0.62,34.46,176,0.0,0
1444,力麗,紡織纖維,-0.78,7296992000.0,0.0,0.0,8364808274.697328,0.0,63.88,104.18,24.57,128.75,0.0,0.0,0.0,7.04,0.0,0.0,0.0,5.64,32,0.0,0
1445,大宇,紡織纖維,-0.87,759419000.0,0.0,0.0,621930169.448358,0.0,2.39,1.12,1.97,3.09,0.0,0.0,0.0,11.0,0.0,0.0,0.0,0.0,0,7.52,86
1446,宏和,紡織纖維,1.62,1147559000.0,708369753.0864197,0.47,423465390.4101697,0.6,6.41,15.86,2.42,18.28,1.45,10.97,3.85,16.7,0.23,0.09,0.66,5.07,172,2.4,2
1447,力鵬,紡織纖維,-0.97,28850751000.0,0.0,0.0,27908089249.075516,0.0,128.22,26.4,117.0,143.4,0.0,0.0,0.0,6.11,0.0,0.0,0.0,6.31,23,0.0,0
1449,佳和,紡織纖維,0.13,2420960000.0,18622769230.76923,0.1,3882346644.4897075,0.21,39.02,135.02,14.07,149.09,2.95,31.31,8.19,13.85,0.59,0.21,2.26,61.5,175,13.58,31
1451,年興,紡織纖維,1.76,6154960000.0,3497136363.6363635,0.89,6442844802.214555,1.84,22.92,63.09,7.58,70.67,13.95,130.03,42.18,16.85,2.5,0.83,7.72,1.44,169,0.0,0
1452,宏益,紡織纖維,-0.41,1412669000.0,0.0,0.0,1324292510.7340465,0.0,24.69,19.55,17.73,37.28,0.0,0.0,0.0,10.9,0.0,0.0,0.0,0.59,4,19.25,77
1454,台富,紡織纖維,-1.12,1557640000.0,0.0,0.0,1269552026.4730601,0.0,84.45,124.68,48.82,173.5,0.0,0.0,0.0,12.65,0.0,0.0,0.0,22.26,21,0.0,0
1455,集盛,紡織纖維,-0.98,6505126000.0,0.0,0.0,4868961894.34426,0.0,264.97,971.48,43.52,1015.0,0.0,0.0,0.0,9.96,0.0,0.0,0.0,0.0,0,4.68,85
1414,東和,紡織纖維,0.19,468559000.0,2466100000.0,0.1,438267972.09279364,0.18,106.91,125.72,48.45,174.17,8.72,31.35,19.24,17.25,1.12,0.51,1.82,15.11,182,1.57,108
1304,台聚,塑膠工業,-2.6,44923032000.0,0.0,0.0,41762399074.32147,0.0,0.0,0.0,0.0,0.0,0.0,0.0,0.0,12.75,0.0,0.0,0.0,15.08,31,25.26,169
1413,宏洲,紡織纖維,0.45,2159243000.0,4798317777.777778,0.21,1741276280.396594,0.36,24.71,11.67,21.11,32.78,7.6,11.8,8.9,9.43,0.94,0.81,1.25,6.36,177,0.42,2
1409,新纖,紡織纖維,1.19,40921487000.0,34387804201.68067,0.63,40676535400.38356,1.18,16.24,16.53,10.38,26.91,12.25,31.75,19.17,26.9,0.71,0.46,1.18,10.91,30,47.11,64
1307,三芳,塑膠工業,2.85,10823937000.0,3797872631.578947,1.48,11148836286.442589,2.94,11.74,9.57,8.3,17.87,24.4,52.54,34.5,37.4,0.92,0.65,1.4,53.55,143,5.56,17
1308,亞聚,塑膠工業,-1.76,5804421000.0,0.0,0.0,5472094266.135919,0.0,0.0,0.0,0.0,0.0,0.0,0.0,0.0,13.5,0.0,0.0,0.0,16.18,31,14.57,169
1309,台達化,塑膠工業,-1.07,14998545000.0,0.0,0.0,11821954441.024525,0.0,0.0,0.0,0.0,0.0,0.0,0.0,0.0,14.45,0.0,0.0,0.0,40.0,105,17.29,171
1310,台苯,塑膠工業,-1.37,9135110000.0,0.0,0.0,7572913883.364248,0.0,0.0,0.0,0.0,0.0,0.0,0.0,0.0,8.5,0.0,0.0,0.0,8.71,30,23.24,64
1312,國喬,塑膠工業,-3.97,21781269000.0,0.0,0.0,26958945090.445633,0.0,0.0,0.0,0.0,0.0,0.0,0.0,0.0,13.15,0.0,0.0,0.0,9.93,31,22.73,169
1312A,國喬特,塑膠工業,0.0,0.0,0.0,0.0,0.0,0.0,0.0,0.0,0.0,0.0,0.0,0.0,0.0,21.7,0.0,0.0,0.0,4.22,116,1.13,169
1313,聯成,塑膠工業,-1.17,61645893000.0,0.0,0.0,59728157751.24065,0.0,0.0,0.0,0.0,0.0,0.0,0.0,0.0,11.15,0.0,0.0,0.0,4.03,31,40.49,171
1314,中石化,塑膠工業,-0.78,20109851000.0,0.0,0.0,13688274001.968466,0.0,73.78,198.75,21.25,220.0,0.0,0.0,0.0,7.68,0.0,0.0,0.0,8.37,17,45.52,143
1315,達新,塑膠工業,1.55,2308500000.0,1489354838.7096775,0.63,1935675144.5904121,1.3,48.63,80.59,18.66,99.25,24.26,129.02,63.22,61.5,1.03,0.39,2.1,0.55,65,0.6,18
1316,上曜,建材營造,-0.52,4057430000.0,0.0,0.0,10075983732.738756,0.0,0.0,0.0,0.0,0.0,0.0,0.0,0.0,10.85,0.0,0.0,0.0,18.09,45,18.77,133
1319,東陽,汽車工業,6.43,25247616000.0,3926534370.139969,2.95,21373754039.53449,5.44,15.32,8.2,11.45,19.65,62.29,106.9,83.35,100.0,0.83,0.62,1.07,3.36,1,0.0,0
1321,大洋,塑膠工業,-1.25,3649201000.0,0.0,0.0,3443553858.67128,0.0,459.92,1855.31,32.19,1887.5,0.0,0.0,0.0,31.55,0.0,0.0,0.0,15.42,63,2.43,60
1323,永裕,塑膠工業,0.25,2033764000.0,8135056000.0,0.13,2048819376.2830536,0.25,48.99,189.94,7.06,197.0,1.76,49.25,12.25,19.65,0.62,0.09,2.51,0.49,2,1.01,2
1324,地球,塑膠工業,-0.82,738507000.0,0.0,0.0,672416590.690247,0.0,331.47,1140.8,29.2,1170.0,0.0,0.0,0.0,10.55,0.0,0.0,0.0,9.02,18,11.82,128
1325,恆大,塑膠工業,-0.7,293967000.0,0.0,0.0,219573934.37059563,0.0,220.89,269.98,67.24,337.22,0.0,0.0,0.0,26.05,0.0,0.0,0.0,4.33,9,1.56,161
1326,台化,塑膠工業,-0.99,292368349000.0,0.0,0.0,307912173529.144,0.0,158.16,473.78,19.55,493.33,0.0,0.0,0.0,52.1,0.0,0.0,0.0,1.55,3,42.4,150
1336,台翰,電子零組件業,0.72,2526028000.0,3508372222.2222223,0.33,2299531591.620313,0.66,14.06,34.02,8.14,42.16,5.37,27.83,9.28,15.05,0.62,0.36,1.85,37.86,98,9.59,17
1337,再生-KY,塑膠工業,-1.74,682900000.0,0.0,0.0,550135302.1897185,0.0,0.0,0.0,0.0,0.0,0.0,0.0,0.0,4.93,0.0,0.0,0.0,7.44,25,4.25,37
1338,廣華-KY,汽車工業,-2.24,5359361000.0,0.0,0.0,5083528260.948733,0.0,0.0,0.0,0.0,0.0,0.0,0.0,0.0,17.2,0.0,0.0,0.0,3.49,112,1.42,1
1339,昭輝,汽車工業,2.42,1708614000.0,706038842.9752066,1.15,1448289133.8620229,2.05,13.81,14.28,8.18,22.46,16.77,46.04,28.3,44.7,0.63,0.38,1.03,1.21,17,2.04,15
1340,勝悅-KY,塑膠工業,-2.61,180630000.0,0.0,0.0,34185146.07697215,0.0,0.0,0.0,0.0,0.0,0.0,0.0,0.0,5.75,0.0,0.0,0.0,21.74,21,28.46,100
1341,富林-KY,塑膠工業,3.71,2590239000.0,698177628.032345,1.99,2653632838.800795,3.8,14.3,5.23,11.51,16.74,43.74,63.61,54.36,62.3,0.87,0.7,1.02,0.0,0,0.45,10
1342,八貫,其他,5.61,2785153000.0,496462210.3386809,3.95,3532215714.0502043,7.11,15.22,8.32,11.43,19.75,81.27,140.42,108.19,116.5,0.93,0.7,1.21,5.78,18,2.68,80
1402,遠東新,紡織纖維,1.54,254998414000.0,165583385714.2857,0.79,260800527964.91895,1.58,18.33,10.7,13.66,24.36,21.58,38.49,28.96,28.55,1.01,0.76,1.35,10.64,106,1.8,17
1410,南染,紡織纖維,0.59,195601000.0,331527118.6440678,0.33,198582834.4496979,0.6,90.52,111.1,45.42,156.52,27.25,93.91,54.31,24.6,2.21,1.11,3.82,2.65,57,0.0,0
00922,國泰台灣領袖50,ETF,0.0,0.0,0.0,0.0,0.0,0.0,0.0,0.0,0.0,0.0,0.0,0.0,0.0,40.48,0.0,0.0,0.0,10.59,24,28.68,122
02001L,富邦蘋果正二N,ETN,0.0,0.0,0.0,0.0,0.0,0.0,0.0,0.0,0.0,0.0,0.0,0.0,0.0,173.6,0.0,0.0,0.0,30.97,24,149.21,135
020011,統一微波高息20N,ETN,0.0,0.0,0.0,0.0,0.0,0.0,0.0,0.0,0.0,0.0,0.0,0.0,0.0,0.0,0.0,0.0,0.0,4.77,22,0.0,0
00954,中信日本半導體,ETF,0.0,0.0,0.0,0.0,0.0,0.0,0.0,0.0,0.0,0.0,0.0,0.0,0.0,21.02,0.0,0.0,0.0,0.0,0,57.97,140
00956,中信日經高股息,ETF,0.0,0.0,0.0,0.0,0.0,0.0,0.0,0.0,0.0,0.0,0.0,0.0,0.0,12.31,0.0,0.0,0.0,2.32,14,23.15,182
00960,野村全球航運龍頭,ETF,0.0,0.0,0.0,0.0,0.0,0.0,0.0,0.0,0.0,0.0,0.0,0.0,0.0,17.81,0.0,0.0,0.0,26.42,5,3.2,95
00961,FT臺灣永續高息,ETF,0.0,0.0,0.0,0.0,0.0,0.0,0.0,0.0,0.0,0.0,0.0,0.0,0.0,12.76,0.0,0.0,0.0,0.9,6,6.57,136
00962,台新AI優息動能,ETF,0.0,0.0,0.0,0.0,0.0,0.0,0.0,0.0,0.0,0.0,0.0,0.0,0.0,14.7,0.0,0.0,0.0,2.2,77,24.25,137
00963,中信全球高股息,ETF,0.0,0.0,0.0,0.0,0.0,0.0,0.0,0.0,0.0,0.0,0.0,0.0,0.0,12.66,0.0,0.0,0.0,10.92,126,12.96,183
00964,中信亞太高股息,ETF,0.0,0.0,0.0,0.0,0.0,0.0,0.0,0.0,0.0,0.0,0.0,0.0,0.0,14.61,0.0,0.0,0.0,3.8,130,18.82,150
00965,元大航太防衛科技,ETF,0.0,0.0,0.0,0.0,0.0,0.0,0.0,0.0,0.0,0.0,0.0,0.0,0.0,25.57,0.0,0.0,0.0,23.64,181,22.93,140
00971,野村美國研發龍頭,ETF,0.0,0.0,0.0,0.0,0.0,0.0,0.0,0.0,0.0,0.0,0.0,0.0,0.0,16.84,0.0,0.0,0.0,2.54,40,27.15,170
00972,野村日本動能高息,ETF,0.0,0.0,0.0,0.0,0.0,0.0,0.0,0.0,0.0,0.0,0.0,0.0,0.0,19.39,0.0,0.0,0.0,11.48,70,24.12,182
009800,中信NASDAQ,ETF,0.0,0.0,0.0,0.0,0.0,0.0,0.0,0.0,0.0,0.0,0.0,0.0,0.0,13.37,0.0,0.0,0.0,2.4,7,25.17,170
009801,中信美國創新科技,ETF,0.0,0.0,0.0,0.0,0.0,0.0,0.0,0.0,0.0,0.0,0.0,0.0,0.0,12.56,0.0,0.0,0.0,2.3,170,27.97,136
009802,富邦旗艦50,ETF,0.0,0.0,0.0,0.0,0.0,0.0,0.0,0.0,0.0,0.0,0.0,0.0,0.0,19.89,0.0,0.0,0.0,8.98,175,18.26,135
009803,玉山市值動能50,ETF,0.0,0.0,0.0,0.0,0.0,0.0,0.0,0.0,0.0,0.0,0.0,0.0,0.0,21.55,0.0,0.0,0.0,19.15,183,30.33,136
009804,聯邦台精彩50,ETF,0.0,0.0,0.0,0.0,0.0,0.0,0.0,0.0,0.0,0.0,0.0,0.0,0.0,23.92,0.0,0.0,0.0,40.06,183,28.38,137
009805,新光美國電力基建,ETF,0.0,0.0,0.0,0.0,0.0,0.0,0.0,0.0,0.0,0.0,0.0,0.0,0.0,16.47,0.0,0.0,0.0,30.77,174,28.69,140
00953B,群益優選非投等債,ETF,0.0,0.0,0.0,0.0,0.0,0.0,0.0,0.0,0.0,0.0,0.0,0.0,0.0,9.61,0.0,0.0,0.0,4.61,166,7.14,169
009806,台新標普500,上櫃ETF,0.0,0.0,0.0,0.0,0.0,0.0,0.0,0.0,0.0,0.0,0.0,0.0,0.0,13.26,0.0,0.0,0.0,19.04,184,19.35,172
00952,凱基台灣AI50,ETF,0.0,0.0,0.0,0.0,0.0,0.0,0.0,0.0,0.0,0.0,0.0,0.0,0.0,18.22,0.0,0.0,0.0,4.12,92,27.84,140
00924,復華S&P500成長,ETF,0.0,0.0,0.0,0.0,0.0,0.0,0.0,0.0,0.0,0.0,0.0,0.0,0.0,32.61,0.0,0.0,0.0,14.85,183,25.35,172
00926,凱基全球菁英55,ETF,0.0,0.0,0.0,0.0,0.0,0.0,0.0,0.0,0.0,0.0,0.0,0.0,0.0,25.08,0.0,0.0,0.0,8.05,178,23.19,170
00927,群益半導體收益,ETF,0.0,0.0,0.0,0.0,0.0,0.0,0.0,0.0,0.0,0.0,0.0,0.0,0.0,39.91,0.0,0.0,0.0,7.63,24,27.52,137
00929,復華台灣科技優息,ETF,0.0,0.0,0.0,0.0,0.0,0.0,0.0,0.0,0.0,0.0,0.0,0.0,0.0,30.63,0.0,0.0,0.0,2.04,2,7.89,135
00930,永豐ESG低碳高息,ETF,0.0,0.0,0.0,0.0,0.0,0.0,0.0,0.0,0.0,0.0,0.0,0.0,0.0,24.83,0.0,0.0,0.0,2.03,3,4.47,133
00932,兆豐永續高息等權,ETF,0.0,0.0,0.0,0.0,0.0,0.0,0.0,0.0,0.0,0.0,0.0,0.0,0.0,17.44,0.0,0.0,0.0,2.06,24,6.5,98
00934,中信成長高股息,ETF,0.0,0.0,0.0,0.0,0.0,0.0,0.0,0.0,0.0,0.0,0.0,0.0,0.0,28.38,0.0,0.0,0.0,4.48,24,18.75,136
00935,野村臺灣新科技50,ETF,0.0,0.0,0.0,0.0,0.0,0.0,0.0,0.0,0.0,0.0,0.0,0.0,0.0,61.35,0.0,0.0,0.0,11.48,24,42.31,177
00936,台新永續高息中小,ETF,0.0,0.0,0.0,0.0,0.0,0.0,0.0,0.0,0.0,0.0,0.0,0.0,0.0,20.51,0.0,0.0,0.0,0.0,0,8.83,140
00938,凱基優選30,ETF,0.0,0.0,0.0,0.0,0.0,0.0,0.0,0.0,0.0,0.0,0.0,0.0,0.0,24.2,0.0,0.0,0.0,0.0,0,18.63,133
00939,統一台灣高息動能,ETF,0.0,0.0,0.0,0.0,0.0,0.0,0.0,0.0,0.0,0.0,0.0,0.0,0.0,21.47,0.0,0.0,0.0,1.76,3,5.58,137
00940,元大台灣價值高息,ETF,0.0,0.0,0.0,0.0,0.0,0.0,0.0,0.0,0.0,0.0,0.0,0.0,0.0,12.36,0.0,0.0,0.0,3.08,3,8.44,136
00941,中信上游半導體,ETF,0.0,0.0,0.0,0.0,0.0,0.0,0.0,0.0,0.0,0.0,0.0,0.0,0.0,28.55,0.0,0.0,0.0,5.02,24,34.5,179
00943,兆豐電子高息等權,ETF,0.0,0.0,0.0,0.0,0.0,0.0,0.0,0.0,0.0,0.0,0.0,0.0,0.0,21.68,0.0,0.0,0.0,2.26,18,11.98,133
00944,野村趨勢動能高息,ETF,0.0,0.0,0.0,0.0,0.0,0.0,0.0,0.0,0.0,0.0,0.0,0.0,0.0,21.5,0.0,0.0,0.0,3.86,18,4.23,179
00945B,凱基美國非投等債,ETF,0.0,0.0,0.0,0.0,0.0,0.0,0.0,0.0,0.0,0.0,0.0,0.0,0.0,14.44,0.0,0.0,0.0,2.99,169,6.93,168
00946,群益科技高息成長,ETF,0.0,0.0,0.0,0.0,0.0,0.0,0.0,0.0,0.0,0.0,0.0,0.0,0.0,14.8,0.0,0.0,0.0,1.96,2,20.27,137
00947,台新臺灣IC設計,ETF,0.0,0.0,0.0,0.0,0.0,0.0,0.0,0.0,0.0,0.0,0.0,0.0,0.0,39.52,0.0,0.0,0.0,2.98,3,35.63,179
00949,復華日本龍頭,ETF,0.0,0.0,0.0,0.0,0.0,0.0,0.0,0.0,0.0,0.0,0.0,0.0,0.0,20.46,0.0,0.0,0.0,6.45,16,20.19,182
00951,台新日本半導體,ETF,0.0,0.0,0.0,0.0,0.0,0.0,0.0,0.0,0.0,0.0,0.0,0.0,0.0,19.69,0.0,0.0,0.0,7.52,6,55.34,141
020012,富邦行動通訊N,ETN,0.0,0.0,0.0,0.0,0.0,0.0,0.0,0.0,0.0,0.0,0.0,0.0,0.0,25.2,0.0,0.0,0.0,5.29,179,0.0,0
009807,台新標普科技精選,上櫃ETF,0.0,0.0,0.0,0.0,0.0,0.0,0.0,0.0,0.0,0.0,0.0,0.0,0.0,17.06,0.0,0.0,0.0,34.33,156,31.83,137
009809,富邦淨零ESG50,ETF,0.0,0.0,0.0,0.0,0.0,0.0,0.0,0.0,0.0,0.0,0.0,0.0,0.0,17.4,0.0,0.0,0.0,32.93,182,32.93,182
00984D,主動聯博全球非投,ETF,0.0,0.0,0.0,0.0,0.0,0.0,0.0,0.0,0.0,0.0,0.0,0.0,0.0,10.1,0.0,0.0,0.0,1.5,85,1.5,85
00985A,主動野村台灣50,ETF,0.0,0.0,0.0,0.0,0.0,0.0,0.0,0.0,0.0,0.0,0.0,0.0,0.0,22.08,0.0,0.0,0.0,45.87,183,45.87,183
00985B,群益ESG投等債0-5,ETF,0.0,0.0,0.0,0.0,0.0,0.0,0.0,0.0,0.0,0.0,0.0,0.0,0.0,10.19,0.0,0.0,0.0,4.84,144,4.84,144
00985D,主動貝萊德優投等,上櫃ETF,0.0,0.0,0.0,0.0,0.0,0.0,0.0,0.0,0.0,0.0,0.0,0.0,0.0,10.18,0.0,0.0,0.0,2.49,77,2.49,77
00986A,主動台新龍頭成長,ETF,0.0,0.0,0.0,0.0,0.0,0.0,0.0,0.0,0.0,0.0,0.0,0.0,0.0,15.38,0.0,0.0,0.0,23.01,183,23.01,183
00986B,FT金融債10+,上櫃ETF,0.0,0.0,0.0,0.0,0.0,0.0,0.0,0.0,0.0,0.0,0.0,0.0,0.0,9.91,0.0,0.0,0.0,2.59,64,2.59,64
00986D,主動復華金融債息,上櫃ETF,0.0,0.0,0.0,0.0,0.0,0.0,0.0,0.0,0.0,0.0,0.0,0.0,0.0,14.83,0.0,0.0,0.0,0.0,0,0.0,0
00987A,主動台新優勢成長,ETF,0.0,0.0,0.0,0.0,0.0,0.0,0.0,0.0,0.0,0.0,0.0,0.0,0.0,17.27,0.0,0.0,0.0,81.06,153,81.06,153
00987B,野村10+澳洲公債,上櫃ETF,0.0,0.0,0.0,0.0,0.0,0.0,0.0,0.0,0.0,0.0,0.0,0.0,0.0,15.93,0.0,0.0,0.0,6.19,39,6.19,39
00988A,主動統一全球創新,ETF,0.0,0.0,0.0,0.0,0.0,0.0,0.0,0.0,0.0,0.0,0.0,0.0,0.0,22.68,0.0,0.0,0.0,76.64,180,76.64,180
00988B,玉山嚴選非投債,上櫃ETF,0.0,0.0,0.0,0.0,0.0,0.0,0.0,0.0,0.0,0.0,0.0,0.0,0.0,19.79,0.0,0.0,0.0,0.65,16,0.65,16
00989A,主動摩根美國科技,ETF,0.0,0.0,0.0,0.0,0.0,0.0,0.0,0.0,0.0,0.0,0.0,0.0,0.0,18.36,0.0,0.0,0.0,5.53,6,5.53,6
00989B,台新美國非投等債,上櫃ETF,0.0,0.0,0.0,0.0,0.0,0.0,0.0,0.0,0.0,0.0,0.0,0.0,0.0,10.09,0.0,0.0,0.0,1.41,77,1.41,77
00990A,主動元大AI新經濟,ETF,0.0,0.0,0.0,0.0,0.0,0.0,0.0,0.0,0.0,0.0,0.0,0.0,0.0,20.89,0.0,0.0,0.0,110.26,163,110.26,163
00991A,主動復華未來50,ETF,0.0,0.0,0.0,0.0,0.0,0.0,0.0,0.0,0.0,0.0,0.0,0.0,0.0,19.84,0.0,0.0,0.0,106.94,167,106.94,167
00992A,主動群益科技創新,ETF,0.0,0.0,0.0,0.0,0.0,0.0,0.0,0.0,0.0,0.0,0.0,0.0,0.0,18.51,0.0,0.0,0.0,82.27,147,82.27,147
00993A,主動安聯台灣,ETF,0.0,0.0,0.0,0.0,0.0,0.0,0.0,0.0,0.0,0.0,0.0,0.0,0.0,13.92,0.0,0.0,0.0,40.85,113,40.85,113
00994A,主動第一金台股優,ETF,0.0,0.0,0.0,0.0,0.0,0.0,0.0,0.0,0.0,0.0,0.0,0.0,0.0,18.23,0.0,0.0,0.0,87.77,140,87.77,140
00995A,主動中信台灣卓越,ETF,0.0,0.0,0.0,0.0,0.0,0.0,0.0,0.0,0.0,0.0,0.0,0.0,0.0,17.96,0.0,0.0,0.0,80.04,125,80.04,125
00996A,主動兆豐台灣豐收,ETF,0.0,0.0,0.0,0.0,0.0,0.0,0.0,0.0,0.0,0.0,0.0,0.0,0.0,15.39,0.0,0.0,0.0,50.86,68,50.86,68
00997A,主動群益美國增長,ETF,0.0,0.0,0.0,0.0,0.0,0.0,0.0,0.0,0.0,0.0,0.0,0.0,0.0,14.06,0.0,0.0,0.0,32.02,63,32.02,63
00998A,主動復華金融股息,上櫃ETF,0.0,0.0,0.0,0.0,0.0,0.0,0.0,0.0,0.0,0.0,0.0,0.0,0.0,17.26,0.0,0.0,0.0,7.74,61,7.74,61
00999A,主動野村臺灣高息,ETF,0.0,0.0,0.0,0.0,0.0,0.0,0.0,0.0,0.0,0.0,0.0,0.0,0.0,11.13,0.0,0.0,0.0,12.18,29,12.18,29
020000,富邦特選蘋果N,ETN,0.0,0.0,0.0,0.0,0.0,0.0,0.0,0.0,0.0,0.0,0.0,0.0,0.0,0.0,0.0,0.0,0.0,12.53,24,0.0,0
020001,富邦存股雙十N,指數投資證券(ETN),0.0,0.0,0.0,0.0,0.0,0.0,0.0,0.0,0.0,0.0,0.0,0.0,0.0,0.0,0.0,0.0,0.0,0.0,0,0.0,0
00984B,大華優利美A債15,上櫃ETF,0.0,0.0,0.0,0.0,0.0,0.0,0.0,0.0,0.0,0.0,0.0,0.0,0.0,16.42,0.0,0.0,0.0,12.68,163,14.49,164
009808,華南永昌優選50,ETF,0.0,0.0,0.0,0.0,0.0,0.0,0.0,0.0,0.0,0.0,0.0,0.0,0.0,31.48,0.0,0.0,0.0,33.51,168,31.49,137
00984A,主動安聯台灣高息,ETF,0.0,0.0,0.0,0.0,0.0,0.0,0.0,0.0,0.0,0.0,0.0,0.0,0.0,16.26,0.0,0.0,0.0,18.78,184,18.78,184
00983B,大華優利美公債20,上櫃ETF,0.0,0.0,0.0,0.0,0.0,0.0,0.0,0.0,0.0,0.0,0.0,0.0,0.0,15.63,0.0,0.0,0.0,9.77,163,13.25,164
00980A,主動野村臺灣優選,ETF,0.0,0.0,0.0,0.0,0.0,0.0,0.0,0.0,0.0,0.0,0.0,0.0,0.0,24.6,0.0,0.0,0.0,50.91,182,35.29,179
00980B,台新特選IG債10+,上櫃ETF,0.0,0.0,0.0,0.0,0.0,0.0,0.0,0.0,0.0,0.0,0.0,0.0,0.0,9.51,0.0,0.0,0.0,3.82,41,9.94,128
00980D,主動聯博投等入息,上櫃ETF,0.0,0.0,0.0,0.0,0.0,0.0,0.0,0.0,0.0,0.0,0.0,0.0,0.0,20.4,0.0,0.0,0.0,4.57,164,4.57,164
00980T,平衡凱基美國TOP,上櫃ETF,0.0,0.0,0.0,0.0,0.0,0.0,0.0,0.0,0.0,0.0,0.0,0.0,0.0,11.46,0.0,0.0,0.0,10.6,76,10.6,76
009810,玉山全球藍籌100,ETF,0.0,0.0,0.0,0.0,0.0,0.0,0.0,0.0,0.0,0.0,0.0,0.0,0.0,20.55,0.0,0.0,0.0,25.76,181,25.76,181
009811,統一美國50,ETF,0.0,0.0,0.0,0.0,0.0,0.0,0.0,0.0,0.0,0.0,0.0,0.0,0.0,12.95,0.0,0.0,0.0,16.23,168,16.23,168
009812,野村日本東證,ETF,0.0,0.0,0.0,0.0,0.0,0.0,0.0,0.0,0.0,0.0,0.0,0.0,0.0,12.32,0.0,0.0,0.0,24.72,146,24.72,146
009813,貝萊德標普卓越50,ETF,0.0,0.0,0.0,0.0,0.0,0.0,0.0,0.0,0.0,0.0,0.0,0.0,0.0,11.15,0.0,0.0,0.0,6.57,85,6.57,85
009814,富邦標普500,上櫃ETF,0.0,0.0,0.0,0.0,0.0,0.0,0.0,0.0,0.0,0.0,0.0,0.0,0.0,11.1,0.0,0.0,0.0,11.32,165,11.32,165
009815,大華美國MAG7+,上櫃ETF,0.0,0.0,0.0,0.0,0.0,0.0,0.0,0.0,0.0,0.0,0.0,0.0,0.0,11.36,0.0,0.0,0.0,15.55,128,15.55,128
009816,凱基台灣TOP50,ETF,0.0,0.0,0.0,0.0,0.0,0.0,0.0,0.0,0.0,0.0,0.0,0.0,0.0,15.51,0.0,0.0,0.0,53.26,120,53.26,120
009817,國泰日本不動產,ETF,0.0,0.0,0.0,0.0,0.0,0.0,0.0,0.0,0.0,0.0,0.0,0.0,0.0,8.71,0.0,0.0,0.0,2.11,5,2.11,5
009818,華南永昌NASDAQxT,ETF,0.0,0.0,0.0,0.0,0.0,0.0,0.0,0.0,0.0,0.0,0.0,0.0,0.0,20.03,0.0,0.0,0.0,37.15,72,37.15,72
009819,中信數據及電力,ETF,0.0,0.0,0.0,0.0,0.0,0.0,0.0,0.0,0.0,0.0,0.0,0.0,0.0,10.41,0.0,0.0,0.0,0.0,0,0.0,0
00981A,主動統一台股增長,ETF,0.0,0.0,0.0,0.0,0.0,0.0,0.0,0.0,0.0,0.0,0.0,0.0,0.0,30.82,0.0,0.0,0.0,61.27,184,53.55,179
00981B,第一金優選非投債,上櫃ETF,0.0,0.0,0.0,0.0,0.0,0.0,0.0,0.0,0.0,0.0,0.0,0.0,0.0,9.23,0.0,0.0,0.0,0.5,16,4.92,183
00981D,主動中信非投等債,上櫃ETF,0.0,0.0,0.0,0.0,0.0,0.0,0.0,0.0,0.0,0.0,0.0,0.0,0.0,10.34,0.0,0.0,0.0,6.6,78,6.6,78
00981T,平衡凱基雙核收息,ETF,0.0,0.0,0.0,0.0,0.0,0.0,0.0,0.0,0.0,0.0,0.0,0.0,0.0,12.2,0.0,0.0,0.0,15.52,154,15.52,154
009820,元大納斯達克精選,ETF,0.0,0.0,0.0,0.0,0.0,0.0,0.0,0.0,0.0,0.0,0.0,0.0,0.0,10.26,0.0,0.0,0.0,9.01,41,9.01,41
009822,華南永昌未來金融,上櫃ETF,0.0,0.0,0.0,0.0,0.0,0.0,0.0,0.0,0.0,0.0,0.0,0.0,0.0,9.71,0.0,0.0,0.0,0.0,0,0.0,0
00982A,主動群益台灣強棒,ETF,0.0,0.0,0.0,0.0,0.0,0.0,0.0,0.0,0.0,0.0,0.0,0.0,0.0,23.97,0.0,0.0,0.0,46.93,165,39.74,140
00982B,FT投資級債20+,上櫃ETF,0.0,0.0,0.0,0.0,0.0,0.0,0.0,0.0,0.0,0.0,0.0,0.0,0.0,9.86,0.0,0.0,0.0,1.09,183,10.8,134
00982D,主動富邦動態入息,ETF,0.0,0.0,0.0,0.0,0.0,0.0,0.0,0.0,0.0,0.0,0.0,0.0,0.0,9.94,0.0,0.0,0.0,2.29,133,2.29,133
00982T,平衡兆豐台美動能,ETF,0.0,0.0,0.0,0.0,0.0,0.0,0.0,0.0,0.0,0.0,0.0,0.0,0.0,15.63,0.0,0.0,0.0,57.5,159,57.5,159
00983A,主動中信ARK創新,ETF,0.0,0.0,0.0,0.0,0.0,0.0,0.0,0.0,0.0,0.0,0.0,0.0,0.0,11.94,0.0,0.0,0.0,33.07,113,33.07,113
00983D,主動富邦複合收益,ETF,0.0,0.0,0.0,0.0,0.0,0.0,0.0,0.0,0.0,0.0,0.0,0.0,0.0,10.1,0.0,0.0,0.0,3.18,93,3.18,93
2458,義隆,電子工業,8.54,12381283000.0,1449798946.1358316,4.34,12691395913.430504,8.75,15.52,8.07,10.62,18.69,92.92,163.54,135.8,153.0,0.89,0.61,1.07,2.81,3,9.2,94
3645,達邁,電子工業,1.54,2380724000.0,1545924675.3246753,0.8,2448950458.7933497,1.58,49.61,62.22,23.74,85.96,37.51,135.82,78.38,91.9,0.85,0.41,1.48,40.93,67,37.16,79
3646,艾恩特,電子零組件業,0.56,666283000.0,1189791071.4285712,0.3,706330000.2246035,0.59,33.05,134.07,17.18,151.25,10.14,89.24,19.5,23.2,0.84,0.44,3.85,4.65,30,1.55,87
3652,精聯,電子工業,1.34,2479109000.0,1850081343.283582,0.72,2841576730.4976554,1.54,34.01,64.84,17.97,82.81,27.67,127.53,52.38,36.9,1.42,0.75,3.46,53.43,66,21.28,32
3653,健策,電子工業,36.76,20056537000.0,545607644.1784549,21.63,23896434255.113346,43.8,72.02,119.89,31.53,151.42,1381.01,6632.2,3154.67,3785.0,0.83,0.36,1.75,47.89,147,104.68,172
3661,世芯-KY,半導體業,69.19,34151314000.0,493587425.9286024,19.52,15647945681.14042,31.7,43.86,54.44,24.34,78.78,771.58,2497.33,1390.24,4315.0,0.32,0.18,0.58,20.95,183,63.38,60
3632,研勤,通信網路業,-0.38,268980000.0,0.0,0.0,280096938.86874336,0.0,150.91,19.0,139.5,158.5,0.0,0.0,0.0,8.3,0.0,0.0,0.0,12.01,21,0.0,0
3664,安瑞-KY,通信網路業,-6.04,903104000.0,0.0,0.0,597906355.8639253,0.0,1209.94,2869.5,150.5,3020.0,0.0,0.0,0.0,6.14,0.0,0.0,0.0,3.62,18,13.73,81
3665,貿聯-KY,其他電子業,46.62,69203806000.0,1484423123.1231232,28.45,90295201001.4234,60.83,33.13,47.47,16.19,63.66,984.84,3872.44,2015.26,2120.0,0.95,0.46,1.83,107.69,170,119.32,157
3666,光耀,光電業,-3.46,494144000.0,0.0,0.0,378317791.4602147,0.0,0.0,0.0,0.0,0.0,0.0,0.0,0.0,25.8,0.0,0.0,0.0,21.16,9,14.69,178
3672,康聯訊,通信網路業,-2.28,245875000.0,0.0,0.0,195836119.19393715,0.0,0.0,0.0,0.0,0.0,0.0,0.0,0.0,11.7,0.0,0.0,0.0,12.18,133,3.59,25
3673,TPK-KY,光電業,2.72,62851973000.0,23107343014.70588,1.57,71480011552.04489,3.09,30.3,81.99,16.01,98.0,49.47,302.82,93.64,78.8,1.19,0.63,3.84,44.31,29,39.36,176
3675,德微,半導體業,2.66,2639156000.0,992163909.774436,1.44,2949521354.9834275,2.97,41.31,131.88,14.57,146.45,43.27,434.96,122.68,320.0,0.38,0.14,1.36,17.81,14,24.48,133
3663,鑫科,其他電子類,-0.08,5546540000.0,0.0,0.0,8493368861.779782,0.0,258.84,855.33,61.67,917.0,0.0,0.0,0.0,71.0,0.0,0.0,0.0,139.96,64,13.26,38
3631,晟楠,電子零組件業,-0.7,71805000.0,0.0,0.0,23131941.23854671,0.0,0.0,0.0,0.0,0.0,0.0,0.0,0.0,34.95,0.0,0.0,0.0,23.65,78,6.81,115
3630,新鉅科,光電業,1.8,2218172000.0,1232317777.7777777,1.03,2604274417.2222214,2.11,21.34,25.13,11.92,37.05,25.15,78.18,45.02,33.55,1.34,0.75,2.33,10.45,25,86.1,87
3592,瑞鼎,半導體業,18.23,22500591000.0,1234261711.4646187,9.57,22749709148.958485,18.43,13.26,7.8,10.01,17.81,184.48,328.24,244.4,270.5,0.9,0.68,1.21,0.47,3,0.54,15
3593,力銘,電子工業,-0.9,1092576000.0,0.0,0.0,643705674.2971928,0.0,0.0,0.0,0.0,0.0,0.0,0.0,0.0,15.8,0.0,0.0,0.0,55.76,24,6.46,172
3594,磐儀,電腦及週邊設備業,0.5,2048586000.0,4097172000.0,0.28,2627095476.2789,0.64,66.87,106.99,26.54,133.53,16.99,85.46,42.8,47.3,0.9,0.36,1.81,18.89,25,10.19,60
3596,智易,通信網路業,12.6,52775725000.0,4188549603.1746035,6.24,53848968976.08666,12.86,15.78,10.26,11.28,21.54,145.06,277.0,202.9,186.5,1.09,0.78,1.49,10.64,150,29.61,71
3597,映興,電子零組件業,0.34,865831000.0,2546561764.705882,0.17,920314419.8981168,0.36,61.0,135.55,17.58,153.13,6.33,55.13,21.96,27.25,0.81,0.23,2.02,115.32,170,35.1,57
3605,宏致,電子工業,4.35,10859165000.0,2496359770.1149426,2.39,11965091649.265686,4.79,116.14,757.76,13.49,771.25,64.62,3694.29,556.29,72.3,7.69,0.89,51.1,28.81,128,41.27,84
3607,谷崧,電子工業,0.02,2861541000.0,143077050000.0,0.01,2652351177.330822,0.02,162.53,749.17,25.83,775.0,0.52,15.5,3.25,16.65,0.2,0.03,0.93,34.46,91,4.78,10
3609,三一東林,電子零組件業,6.42,667338000.0,103946728.97196262,1.69,514452416.47645557,4.95,5.44,4.98,3.3,8.28,16.34,40.99,26.92,26.4,1.02,0.62,1.55,4.25,21,20.5,14
3611,鼎翰,電腦及週邊設備業,19.63,11503912000.0,586037289.8624555,10.02,11515522848.245592,19.65,12.52,5.93,9.18,15.11,180.39,296.91,246.06,193.5,1.27,0.93,1.53,4.2,15,8.84,165
3615,安可,光電業,0.82,946237000.0,1153947560.9756098,0.33,721786195.3050531,0.63,73.62,140.27,29.28,169.55,18.45,106.82,46.38,50.7,0.91,0.36,2.11,56.42,127,18.98,77
3617,碩天,其他電子業,14.48,11943958000.0,824858977.9005525,7.24,12343607507.67299,14.96,13.18,10.29,8.8,19.09,131.65,285.59,197.16,211.5,0.93,0.62,1.35,32.32,168,14.4,28
3622,洋華,光電業,6.09,1673510000.0,274796387.52052546,2.81,1820757589.6028595,6.63,11.75,10.48,8.55,19.03,56.69,126.17,77.92,55.2,1.41,1.03,2.29,0.0,0,38.78,154
3623,富晶通,光電業,-0.16,287229000.0,0.0,0.0,286234865.6014501,0.0,61.53,9.87,57.76,67.63,0.0,0.0,0.0,22.8,0.0,0.0,0.0,23.54,86,51.52,63
3624,光頡,電子零組件業,1.86,2636913000.0,1417695161.2903225,1.08,3188655393.89364,2.25,26.39,56.37,12.23,68.6,27.52,154.35,59.39,142.0,0.42,0.19,1.09,6.67,8,71.75,179
3625,西勝,電腦及週邊設備業,-0.6,399491000.0,0.0,0.0,405144078.5748475,0.0,0.0,0.0,0.0,0.0,0.0,0.0,0.0,15.7,0.0,0.0,0.0,75.1,170,164.37,129
3628,盈正,其他電子類,4.02,3385021000.0,842045024.875622,2.03,3652964919.2006035,4.34,22.45,21.35,14.57,35.92,63.23,155.89,97.44,70.3,1.39,0.9,2.22,6.49,15,125.11,140
3679,新至陞,電子工業,9.77,4556910000.0,466418628.45445246,4.47,3920723924.021796,8.41,12.3,9.97,8.19,18.16,68.88,152.73,103.43,112.0,0.92,0.62,1.36,13.26,44,5.51,37
3680,家登,半導體業,9.43,7056171000.0,748268398.7274655,5.75,8775388615.886711,11.73,44.2,42.55,23.56,66.11,276.36,775.47,518.41,500.0,1.04,0.55,1.55,42.15,112,4.73,9
3684,榮昌,通信網路業,3.5,1154111000.0,329746000.0,1.68,1250701742.1817238,3.79,21.26,28.5,12.68,41.18,48.06,156.07,80.59,60.3,1.34,0.8,2.59,1.03,23,30.16,142
3714,富采,光電業,-3.69,22182215000.0,0.0,0.0,21904570430.730007,0.0,0.0,0.0,0.0,0.0,0.0,0.0,0.0,64.3,0.0,0.0,0.0,6.85,126,17.83,94
3715,定穎投控,電子工業,2.7,19083311000.0,7067892962.962962,1.72,25402829498.443577,3.59,33.52,182.49,9.26,191.75,33.24,688.38,120.35,171.0,0.7,0.19,4.03,26.94,100,217.13,150
3716,中化控股,化學生技醫療,2.39,8598150000.0,3597552301.25523,1.2,8350060449.6948805,2.32,16.19,4.92,13.01,17.93,30.18,41.6,37.57,34.85,1.08,0.87,1.19,0.0,0,0.0,0
3717,聯嘉投控,汽車工業,0.46,2059036000.0,4476165217.391304,0.0,0.0,0.0,275.96,64.38,243.75,308.13,0.0,0.0,0.0,21.65,0.0,0.0,0.0,4.74,55,4.74,55
4102,永日,生技醫療業,-0.34,471219000.0,0.0,0.0,470975507.42798084,0.0,19.3,14.05,13.45,27.5,0.0,0.0,0.0,18.9,0.0,0.0,0.0,10.98,81,0.0,0
4104,佳醫,化學生技醫療,4.82,8784192000.0,1822446473.0290456,2.53,9385762017.344961,5.15,17.67,4.64,14.74,19.38,75.91,99.81,91.01,69.5,1.31,1.09,1.44,2.1,59,4.12,80
4105,東洋,生技醫療業,6.26,6425722000.0,1026473162.9392972,3.12,6738866207.343775,6.57,13.54,6.39,10.81,17.2,71.02,113.0,88.97,73.7,1.21,0.96,1.53,0.52,1,8.83,171
4106,雃博,化學生技醫療,1.19,2395767000.0,2013249579.8319328,0.6,2496544353.9012737,1.24,21.19,12.18,15.77,27.95,19.55,34.66,26.27,23.4,1.12,0.84,1.48,3.74,18,0.0,0
4107,邦特,生技醫療業,7.77,2104303000.0,270824066.92406696,4.16,2298589778.580262,8.49,16.47,6.11,13.78,19.89,116.99,168.87,139.84,116.0,1.21,1.01,1.46,9.51,59,11.69,148
4108,懷特,化學生技醫療,-0.28,139964000.0,0.0,0.0,140755383.50653183,0.0,0.0,0.0,0.0,0.0,0.0,0.0,0.0,12.05,0.0,0.0,0.0,3.76,21,19.31,85
4109,加捷生醫,生技醫療業,0.43,487910000.0,1134674418.6046512,0.24,506064731.01028013,0.45,100.91,535.01,4.99,540.0,2.25,243.0,45.41,12.1,3.75,0.19,20.08,70.34,30,8.06,65
4111,濟生,生技醫療業,2.81,1377520000.0,490220640.569395,1.49,1466645703.5914803,2.99,15.76,14.31,9.93,24.24,29.69,72.48,47.12,30.0,1.57,0.99,2.42,6.94,9,3.52,66
4113,聯上,建材營造,-0.43,954148000.0,0.0,0.0,62867001.0936429,0.0,46.6,190.14,5.24,195.38,0.0,0.0,0.0,16.7,0.0,0.0,0.0,11.45,31,26.76,92
4114,健喬,生技醫療業,1.71,6165947000.0,3605816959.0643277,0.93,6851115987.365272,1.9,21.44,7.8,17.85,25.65,33.92,48.73,40.74,30.65,1.33,1.11,1.59,0.72,9,7.53,51
4116,明基醫,生技醫療業,1.75,5192619000.0,2967210857.142857,0.94,5655070868.340526,1.91,20.71,11.6,15.47,27.07,29.55,51.7,39.55,37.8,1.05,0.78,1.37,4.29,9,22.8,77
4119,旭富,化學生技醫療,0.91,1270033000.0,1395640659.3406594,0.49,1195559925.448567,0.86,37.15,66.44,13.04,79.48,11.21,68.35,31.95,42.1,0.76,0.27,1.62,7.93,157,0.0,0
3591,艾笛森,電子工業,-0.34,2361396000.0,0.0,0.0,2301778828.5632567,0.0,76.69,288.2,16.8,305.0,0.0,0.0,0.0,22.65,0.0,0.0,0.0,3.23,17,0.53,182
3712,永崴投控,電腦及週邊設備業,-22.85,34127144000.0,0.0,0.0,26525681765.72232,0.0,13.18,13.31,8.44,21.75,0.0,0.0,0.0,17.85,0.0,0.0,0.0,48.22,162,13.03,37
3711,日月光投控,電子工業,9.37,639427808000.0,68242028601.92103,5.24,756847982495.7205,11.09,26.67,44.24,15.37,59.61,170.45,661.07,295.76,592.0,0.5,0.29,1.12,15.87,24,70.69,137
3686,達能,半導體業,-0.49,82608000.0,0.0,0.0,96819718.69565217,0.0,0.0,0.0,0.0,0.0,0.0,0.0,0.0,17.1,0.0,0.0,0.0,72.85,35,30.36,140
3689,湧德,電子零組件業,7.58,5975076000.0,788268601.5831134,5.15,7986100106.548334,10.13,15.87,12.17,9.98,22.15,101.1,224.38,160.72,117.5,1.37,0.86,1.91,45.83,183,13.79,57
3691,碩禾,光電業,-7.62,5193342000.0,0.0,0.0,14248383202.303114,0.0,0.0,0.0,0.0,0.0,0.0,0.0,0.0,157.0,0.0,0.0,0.0,14.29,18,52.17,64
3693,營邦,電腦及週邊設備業,15.5,7618167000.0,491494645.16129035,7.27,6221151873.544713,12.66,18.52,65.01,8.39,73.4,106.22,929.24,234.51,499.0,0.47,0.21,1.86,11.91,18,30.31,137
3694,海華,通信網路業,4.03,11255939000.0,2793036972.7047143,2.1,12665235019.267473,4.53,18.89,17.8,13.43,31.23,60.84,141.47,85.57,61.8,1.38,0.98,2.29,7.77,172,77.17,64
3701,大眾控,電子工業,-0.38,9777674000.0,0.0,0.0,7114585343.054403,0.0,322.15,1450.39,24.61,1475.0,0.0,0.0,0.0,47.85,0.0,0.0,0.0,2.33,10,49.0,74
3702,大聯大,電子工業,5.77,989365062000.0,171467081802.42636,3.94,1336946519532.5942,7.8,14.97,9.43,10.81,20.24,84.32,157.87,116.79,109.0,1.07,0.77,1.45,17.03,28,5.38,17
3703,欣陸,建材營造,1.79,29380981000.0,16413955865.921787,1.15,37411843024.09065,2.28,18.82,22.49,9.64,32.13,21.98,73.26,42.91,21.85,1.96,1.01,3.35,3.56,15,4.5,80
3704,合勤控,通信網路業,1.56,26511091000.0,16994289102.564102,0.8,25577775545.15473,1.51,27.11,40.78,13.06,53.84,19.72,81.3,40.94,46.7,0.88,0.42,1.74,6.67,172,42.13,85
3705,永信,化學生技醫療,3.31,8374052000.0,2529925075.528701,1.55,7641088343.424017,3.02,14.95,6.94,12.35,19.29,37.3,58.26,45.16,57.0,0.79,0.65,1.02,15.68,102,4.69,51
3706,神達,電子工業,5.36,103432967000.0,19297195335.820896,3.51,139939218788.97058,7.25,20.46,19.77,13.09,32.86,94.9,238.24,148.33,84.3,1.76,1.13,2.83,94.07,171,58.05,140
3707,漢磊,半導體業,-1.97,5701058000.0,0.0,0.0,6983198201.735904,0.0,0.0,0.0,0.0,0.0,0.0,0.0,0.0,79.7,0.0,0.0,0.0,9.98,24,108.04,93
3709,鑫聯大投控,電腦及週邊設備業,7.02,40845639000.0,5818467094.017095,4.0,48231257207.06005,8.29,16.18,24.48,7.39,31.87,61.26,264.2,134.16,75.0,1.79,0.82,3.52,50.77,134,63.8,115
3710,連展投控,電子零組件業,-1.48,7029628000.0,0.0,0.0,7308691148.335305,0.0,226.45,56.25,201.25,257.5,0.0,0.0,0.0,6.5,0.0,0.0,0.0,49.31,119,26.23,63
3588,通嘉,電子工業,0.51,1334330000.0,2616333333.3333335,0.31,1548325593.3611276,0.59,56.39,116.83,21.54,138.37,12.71,81.64,33.27,57.9,0.57,0.22,1.41,9.07,3,20.34,93
3447,展達,電子工業,1.59,3636320000.0,2286993710.691824,0.72,4093945516.3075275,1.79,31.11,43.36,20.56,63.92,36.8,114.42,55.69,39.0,1.43,0.94,2.93,208.17,149,69.2,81
3455,由田,光電業,2.66,1818370000.0,683597744.3609022,0.78,1104005687.3489802,1.61,33.19,160.28,13.88,174.16,22.35,280.4,53.44,237.0,0.23,0.09,1.18,47.3,143,19.26,86
3466,德晉,通信網路業,-1.28,126306000.0,0.0,0.0,701180466.1167637,0.0,0.0,0.0,0.0,0.0,0.0,0.0,0.0,33.55,0.0,0.0,0.0,0.0,0,19.1,79
3467,台灣精材,半導體業,0.58,561538000.0,968168965.5172415,0.37,795644317.6646155,0.82,65.82,72.06,41.91,113.97,34.37,93.46,53.97,64.0,0.84,0.54,1.46,3.44,21,19.66,10
3479,安勤,電腦及週邊設備業,6.46,8456230000.0,1309013931.8885448,3.37,9281178187.130535,7.09,14.71,8.04,12.21,20.25,86.57,143.57,104.31,126.0,0.83,0.69,1.14,0.0,0,16.92,119
3481,群創,光電業,0.03,223293940000.0,7443131333333.334,0.02,259987663691.32755,0.03,162.51,1242.36,7.64,1250.0,0.23,37.5,4.88,53.3,0.09,0.0,0.7,17.25,70,28.63,115
3483,力致,電腦及週邊設備業,3.75,9024891000.0,2406637600.0,1.75,9206256976.884441,3.83,19.86,17.49,11.21,28.7,42.93,109.92,76.08,90.6,0.84,0.47,1.21,17.78,4,11.25,84
3484,崧騰,電子零組件業,4.26,4654211000.0,1092537793.4272301,2.05,4402036118.251356,4.03,13.17,9.04,9.71,18.75,39.13,75.56,53.07,47.55,1.12,0.82,1.59,14.87,94,16.98,73
3485,敘豐,電子零組件業,5.89,54861000.0,9314261.460101869,0.0,0.0,0.0,58.53,29.0,45.76,74.76,0.0,0.0,0.0,316.0,0.0,0.0,0.0,14.71,42,35.32,178
3489,森寶,建材營造,-0.09,747131000.0,0.0,0.0,1177343976.3439584,0.0,343.84,157.23,299.44,456.67,0.0,0.0,0.0,23.0,0.0,0.0,0.0,45.23,45,1.28,80
3490,單井,光電業,0.05,267156000.0,5343120000.0,0.02,264567126.5337973,0.05,92.12,621.03,10.97,632.0,0.55,31.6,4.61,32.85,0.14,0.02,0.96,32.33,21,27.6,183
3491,昇達科,通信網路業,7.85,2363136000.0,301036433.1210191,6.6,3816475353.6185803,12.68,86.8,216.61,33.75,250.36,427.95,3174.56,1100.58,1570.0,0.7,0.27,2.02,25.35,77,86.35,182
3492,長盛,電子零組件業,1.77,867190000.0,489937853.1073446,0.85,779410620.475276,1.59,17.09,23.25,11.4,34.65,18.13,55.09,27.18,22.6,1.2,0.8,2.44,71.11,21,21.37,165
3494,誠研,電子工業,-1.84,914747000.0,0.0,0.0,1033957951.7336406,0.0,0.0,0.0,0.0,0.0,0.0,0.0,0.0,8.1,0.0,0.0,0.0,139.42,176,0.68,1
3498,陽程,其他電子類,0.48,1264390000.0,2634145833.3333335,0.37,2322322303.7350473,0.88,148.29,169.12,88.17,257.29,77.59,226.42,130.49,120.5,1.08,0.64,1.88,102.18,127,52.91,64
3499,環天科,通信網路業,-1.3,369441000.0,0.0,0.0,276307582.343658,0.0,776.74,315.0,625.0,940.0,0.0,0.0,0.0,14.5,0.0,0.0,0.0,23.2,113,9.09,65
3501,維熹,電子工業,2.99,5576047000.0,1864898662.2073576,1.37,4870150595.547543,2.61,12.32,16.43,8.01,24.44,20.91,63.79,32.15,43.2,0.74,0.48,1.48,4.97,11,5.46,10
3504,揚明光,光電業,-0.08,2687814000.0,0.0,0.0,2837745513.208906,0.0,134.69,31.13,118.63,149.76,0.0,0.0,0.0,89.4,0.0,0.0,0.0,7.73,8,39.16,98
3444,利機,電子通路業,2.14,1248999000.0,583644392.5233644,1.14,1325676949.569195,2.27,34.44,46.97,19.41,66.38,44.06,150.68,78.18,88.6,0.88,0.5,1.7,5.73,24,25.86,77
3443,創意,半導體業,28.13,32095619000.0,1140974724.4934235,22.05,60220602536.58175,52.78,64.87,139.25,33.13,172.38,1748.6,9098.22,3424.09,4920.0,0.7,0.36,1.85,9.09,1,112.62,179
3374,精材,半導體業,4.99,7099998000.0,1422845290.5811622,2.82,9051161080.953394,6.36,32.17,35.88,18.21,54.09,115.82,344.01,204.6,234.5,0.87,0.49,1.47,60.34,73,8.25,140
3376,新日興,電子工業,1.66,10913580000.0,6574445783.13253,0.75,9218383453.722134,1.4,63.59,324.32,24.21,348.53,33.89,487.94,89.03,200.0,0.45,0.17,2.44,0.0,0,43.09,74
3379,彬台,電機機械,2.12,1905887000.0,899003301.8867924,0.66,1531057921.154361,1.7,44.56,81.15,15.52,96.67,26.38,164.34,75.76,35.4,2.14,0.75,4.64,82.69,30,0.94,8
3380,明泰,通信網路業,-0.36,21928876000.0,0.0,0.0,23341810490.141087,0.0,111.97,300.84,33.6,334.44,0.0,0.0,0.0,34.35,0.0,0.0,0.0,11.37,169,13.29,136
3388,崇越電,電子零組件業,4.16,7300872000.0,1755017307.6923077,2.44,8624223126.667803,4.91,17.18,14.56,14.6,29.16,71.69,143.18,84.38,90.2,0.94,0.79,1.59,0.0,0,1.41,3
3390,旭軟,電子零組件業,-0.51,787157000.0,0.0,0.0,971493129.9531395,0.0,22.43,17.57,13.83,31.4,0.0,0.0,0.0,28.3,0.0,0.0,0.0,8.61,74,14.22,126
3402,漢科,其他電子類,7.5,5235312000.0,698041600.0,4.06,5862726544.33311,8.4,16.09,10.77,10.44,21.21,87.7,178.16,135.17,140.0,0.97,0.63,1.27,28.71,18,61.62,79
3406,玉晶光,光電業,32.84,23805806000.0,724902740.5602922,17.54,30647279755.68027,42.28,13.29,14.69,7.86,22.55,332.32,953.41,562.04,744.0,0.76,0.45,1.28,7.48,8,18.14,72
3413,京鼎,半導體業,21.44,20785570000.0,969476212.6865671,11.39,23181175995.955097,23.91,13.7,9.94,8.59,18.53,205.39,443.05,327.68,326.5,1.0,0.63,1.36,29.69,18,19.68,137
3416,融程電,電腦及週邊設備業,7.4,3558156000.0,480831891.8918919,4.27,4693626646.289197,9.76,22.29,13.72,16.67,30.39,162.7,296.61,217.54,173.5,1.25,0.94,1.71,6.0,175,45.0,85
3419,譁裕,通信網路業,-1.79,1783148000.0,0.0,0.0,1817823656.353505,0.0,0.0,0.0,0.0,0.0,0.0,0.0,0.0,14.25,0.0,0.0,0.0,10.41,22,11.36,100
3430,奇鈦科,化學工業,3.15,1678491000.0,532854285.71428573,1.83,2056655371.5560682,3.86,18.45,47.76,8.75,56.51,33.78,218.13,71.22,129.0,0.55,0.26,1.69,62.65,106,46.69,108
3432,台端,電子工業,-0.87,140540000.0,0.0,0.0,466108135.91363615,0.0,0.0,0.0,0.0,0.0,0.0,0.0,0.0,18.0,0.0,0.0,0.0,11.42,10,20.14,29
3434,哲固,光電業,0.54,690682000.0,1279040740.7407405,0.2,426723111.3963991,0.33,35.65,49.21,19.19,68.4,6.33,22.57,11.77,29.8,0.39,0.21,0.76,17.24,18,6.59,15
3437,榮創,光電業,-2.65,1654007000.0,0.0,0.0,1310169829.7361567,0.0,0.0,0.0,0.0,0.0,0.0,0.0,0.0,21.3,0.0,0.0,0.0,8.42,30,11.04,74
3438,類比科,半導體業,1.0,1012458000.0,1012458000.0,0.43,837909274.9727432,0.83,55.88,62.42,25.36,87.78,21.05,72.86,46.38,65.6,0.71,0.32,1.11,17.15,23,23.18,170
3441,聯一光,光電業,1.06,418045000.0,394382075.4716981,0.65,550268589.9955522,1.4,44.74,72.33,19.21,91.54,26.89,128.16,62.64,81.0,0.77,0.33,1.58,13.45,73,37.77,179
4120,友華,生技醫療業,-6.55,4544790000.0,0.0,0.0,4580338399.785562,0.0,56.57,159.51,21.16,180.67,0.0,0.0,0.0,45.4,0.0,0.0,0.0,25.03,16,16.16,11
3508,位速,其他電子類,-1.51,815255000.0,0.0,0.0,807165007.4602122,0.0,0.0,0.0,0.0,0.0,0.0,0.0,0.0,18.45,0.0,0.0,0.0,7.85,4,56.57,72
3545,敦泰,電子工業,-4.64,12323034000.0,0.0,0.0,10004315327.048428,0.0,30.52,27.45,19.46,46.91,0.0,0.0,0.0,56.1,0.0,0.0,0.0,2.02,3,15.68,95
3546,宇峻,文化創意業,2.06,1333509000.0,647334466.0194174,1.56,2031426023.1705804,3.14,23.14,23.43,13.63,37.06,42.8,116.37,72.65,86.6,0.84,0.49,1.34,5.23,16,13.98,17
3548,兆利,電子零組件業,2.24,9772727000.0,4362824553.571428,0.92,6879033003.7111635,1.58,111.52,2077.69,12.31,2090.0,19.45,3302.2,176.21,90.0,1.96,0.22,36.69,7.02,170,14.47,3
3550,聯穎,電子工業,-1.19,3529210000.0,0.0,0.0,4273408424.3239937,0.0,0.0,0.0,0.0,0.0,0.0,0.0,0.0,30.85,0.0,0.0,0.0,89.32,99,17.15,74
3552,同致,其他電子類,0.68,8535131000.0,12551663235.294117,0.31,8053304231.6055765,0.64,64.66,107.69,17.72,125.41,11.34,80.26,41.38,49.95,0.83,0.23,1.61,2.74,29,31.44,141
3555,博士旺,半導體業,1.19,249976000.0,210063865.54621848,2.13,4046709781.6852994,19.26,89.9,176.5,27.02,203.52,520.41,3919.8,1731.43,198.5,8.72,2.62,19.75,8.22,22,226.37,182
3556,禾瑞亞,半導體業,2.15,961949000.0,447418139.53488374,1.34,1119605795.2597075,2.5,46.37,99.66,14.89,114.55,37.22,286.38,115.93,74.0,1.57,0.5,3.87,0.37,2,6.67,74
3558,神準,通信網路業,5.2,15050049000.0,2894240192.307692,2.27,12372417339.748024,4.27,28.46,42.89,10.05,52.94,42.91,226.05,121.53,135.0,0.9,0.32,1.67,22.13,169,1.42,59
3563,牧德,光電業,15.79,3177380000.0,201227359.0880304,8.87,3398796870.9534135,16.89,72.95,170.41,26.44,196.85,446.57,3324.8,1232.11,705.0,1.75,0.63,4.72,7.77,177,10.38,74
3564,其陽,通信網路業,0.65,2484572000.0,3822418461.538461,0.35,2729109508.7134547,0.71,114.33,310.84,49.16,360.0,34.9,255.6,81.18,47.55,1.71,0.73,5.38,0.0,0,2.26,9
3567,逸昌,半導體業,1.06,282056000.0,266090566.03773585,0.5,275880746.23690385,1.04,18.61,20.94,10.43,31.37,10.85,32.62,19.35,27.8,0.7,0.39,1.17,2.98,23,1.27,23
3570,大塚,資訊服務業,13.95,2412857000.0,172964659.4982079,7.93,2484583413.5515594,14.36,13.36,10.08,11.22,21.3,161.12,305.87,191.88,179.0,1.07,0.9,1.71,13.64,175,6.47,16
3576,聯合再生,光電業,-0.76,3793481000.0,0.0,0.0,2042717346.5089898,0.0,43.53,12.62,37.38,50.0,0.0,0.0,0.0,19.0,0.0,0.0,0.0,29.36,16,26.83,183
3577,泓格,電腦及週邊設備業,2.36,1147441000.0,486203813.55932206,1.58,1494299868.5474606,3.07,38.38,41.16,23.96,65.12,73.56,199.92,117.82,118.0,1.0,0.62,1.69,47.94,105,75.83,35
3580,友威科,其他電子類,1.94,435272000.0,224367010.30927837,0.82,399535146.0633593,1.78,26.56,70.77,9.94,80.71,17.69,143.66,47.27,98.6,0.48,0.18,1.46,86.45,73,4.62,84
3581,博磊,半導體業,0.81,1472080000.0,1817382716.0493827,0.48,1888578545.9452069,1.04,422.59,2200.59,46.08,2246.67,47.92,2336.54,439.49,149.0,2.95,0.32,15.68,144.44,134,116.49,164
3583,辛耘,半導體業,13.82,11181723000.0,809097178.0028943,7.49,12427007330.96825,15.36,35.23,47.77,17.72,65.49,272.18,1005.93,541.07,817.0,0.66,0.33,1.23,48.6,113,34.12,100
3587,閎康,其他電子類,6.09,5497073000.0,902639244.6633826,3.34,6460764533.465472,7.16,27.75,47.11,13.38,60.49,95.8,433.11,198.66,285.5,0.7,0.34,1.52,7.82,18,32.83,127
3511,矽瑪,電子零組件業,-1.19,1766342000.0,0.0,0.0,1780850463.2541234,0.0,0.0,0.0,0.0,0.0,0.0,0.0,0.0,24.6,0.0,0.0,0.0,93.06,157,12.86,72
3543,州巧,電子工業,-2.24,3253705000.0,0.0,0.0,3135592619.492033,0.0,41.53,29.14,25.19,54.33,0.0,0.0,0.0,31.6,0.0,0.0,0.0,6.54,98,143.14,136
3541,西柏,其他電子類,-0.83,1067915000.0,0.0,0.0,979136796.7240671,0.0,0.0,0.0,0.0,0.0,0.0,0.0,0.0,21.7,0.0,0.0,0.0,19.13,24,18.08,37
3515,華擎,電子工業,15.28,46660001000.0,3053664986.910995,7.74,48724562743.043915,15.96,20.04,13.9,13.15,27.05,209.87,431.72,319.78,243.5,1.31,0.86,1.77,3.1,183,45.79,135
3516,亞帝歐,光電業,0.26,1043045000.0,4011711538.4615383,0.15,1288732541.6281319,0.32,94.62,116.7,47.92,164.62,15.33,52.68,30.28,26.65,1.14,0.58,1.98,22.63,128,5.56,59
3518,柏騰,其他電子業,-1.56,317765000.0,0.0,0.0,257183873.70140645,0.0,14.81,4.86,12.24,17.1,0.0,0.0,0.0,27.8,0.0,0.0,0.0,30.48,66,63.93,94
3520,華盈,電子零組件業,-0.09,1224116000.0,0.0,0.0,1334453284.09551,0.0,130.28,255.29,40.34,295.63,0.0,0.0,0.0,17.05,0.0,0.0,0.0,30.56,17,39.58,136
3523,迎輝,光電業,-1.45,106915000.0,0.0,0.0,77913115.5605317,0.0,0.0,0.0,0.0,0.0,0.0,0.0,0.0,16.0,0.0,0.0,0.0,62.5,81,5.63,98
3526,凡甲,電子零組件業,16.98,3869677000.0,227896171.96702,10.09,4744806892.572841,20.82,16.27,9.81,12.75,22.56,265.46,469.7,338.77,318.5,1.06,0.83,1.47,12.96,171,20.14,57
3527,聚積,半導體業,-1.83,1479934000.0,0.0,0.0,1324010051.5640402,0.0,704.8,1795.35,100.65,1896.0,0.0,0.0,0.0,68.3,0.0,0.0,0.0,1.5,28,25.73,11
3528,安馳,電子工業,2.3,8386277000.0,3646207391.304348,1.82,16482141593.070898,4.52,45.87,190.38,12.41,202.79,56.09,916.61,207.33,123.0,1.69,0.46,7.45,14.52,66,19.21,57
3529,力旺,半導體業,25.6,3895918000.0,152184296.875,13.75,4396915954.513678,28.89,106.44,112.16,59.72,171.88,1725.31,4965.61,3075.01,3200.0,0.96,0.54,1.55,28.86,144,8.7,15
3530,晶相光,半導體業,1.74,1759670000.0,1011304597.7011495,1.18,2612426948.2673116,2.58,34.07,9.41,29.61,39.02,76.39,100.67,87.9,65.0,1.35,1.18,1.55,3.23,3,24.7,182
3531,先益,光電業,0.3,1341667000.0,4472223333.333334,0.12,963233492.1948643,0.22,38.38,90.4,8.35,98.75,1.84,21.72,8.44,23.1,0.37,0.08,0.94,3.04,11,2.8,59
3532,台勝科,半導體業,1.57,12293039000.0,7829961146.496815,0.87,13809606120.85071,1.76,58.36,481.35,18.02,499.37,31.72,878.89,102.72,394.5,0.26,0.08,2.23,8.19,18,63.77,98
3533,嘉澤,電子工業,70.15,33055352000.0,471209579.47255874,41.08,39410086356.968636,83.64,22.88,27.82,12.74,40.56,1065.57,3392.44,1913.66,2295.0,0.83,0.46,1.48,16.47,170,24.36,93
3535,晶彩科,光電業,-1.06,383417000.0,0.0,0.0,2467253499.0469837,0.0,131.75,304.06,39.69,343.75,0.0,0.0,0.0,128.0,0.0,0.0,0.0,146.67,44,139.66,175
3537,堡達,電子零組件業,2.51,2863383000.0,1140790039.8406374,1.31,3057483303.3667545,2.68,19.63,29.12,9.69,38.81,25.97,104.01,52.6,75.8,0.69,0.34,1.37,24.24,21,17.72,150
3540,曜越,電腦及週邊設備業,0.74,5104074000.0,6897397297.2972975,0.33,4628354485.494668,0.67,128.55,263.85,34.07,297.92,22.83,199.61,86.13,26.35,3.27,0.87,7.58,2.47,18,20.86,88
4121,優盛,生技醫療業,-0.36,3836415000.0,0.0,0.0,3704790230.089403,0.0,0.0,0.0,0.0,0.0,0.0,0.0,0.0,13.6,0.0,0.0,0.0,1.56,9,0.0,0
4123,晟德,生技醫療業,12.36,1486819000.0,120292799.35275081,7.75,1811136031.772844,15.06,9.54,15.74,2.63,18.37,39.61,276.65,143.73,37.05,3.88,1.07,7.47,11.26,21,6.94,79
4126,太醫,生技醫療業,5.28,2430779000.0,460374810.60606056,2.54,2345743892.8890553,5.1,15.47,3.68,13.67,17.35,69.72,88.48,78.91,80.4,0.98,0.87,1.1,1.97,15,3.79,11
4706,大恭,化學工業,0.35,1092365000.0,3121042857.1428576,0.19,1272083879.837813,0.41,81.37,174.22,27.78,202.0,11.39,82.82,33.36,31.7,1.05,0.36,2.61,19.27,29,0.0,0
4707,磐亞,化學工業,0.89,1382798000.0,1553705617.977528,0.35,1121706181.292414,0.72,13.62,13.16,9.53,22.69,6.86,16.34,9.81,20.55,0.48,0.33,0.8,17.53,66,2.5,64
4711,永純,化學工業,0.15,721056000.0,4807040000.0,0.09,856250091.9275925,0.18,217.23,411.93,44.32,456.25,7.98,82.12,39.1,17.15,2.28,0.47,4.79,21.76,73,21.26,107
4714,永捷,化學工業,-0.54,1423308000.0,0.0,0.0,2778909622.031305,0.0,50.56,73.71,16.77,90.48,0.0,0.0,0.0,13.3,0.0,0.0,0.0,1.32,1,25.87,99
4716,大立,化學工業,-0.88,541346000.0,0.0,0.0,502216220.61241156,0.0,68.99,199.41,15.59,215.0,0.0,0.0,0.0,17.0,0.0,0.0,0.0,75.7,128,17.76,106
4720,德淵,化學工業,0.74,3617724000.0,4888816216.216216,0.4,3818905984.064134,0.78,18.07,38.41,10.28,48.69,8.02,37.98,14.09,23.85,0.59,0.34,1.59,20.82,31,3.46,17
4721,美琪瑪,化學工業,3.01,2547493000.0,846343189.3687708,1.73,2837044013.4263988,3.35,26.14,52.98,13.17,66.15,44.12,221.6,87.58,98.5,0.89,0.45,2.25,14.67,18,51.35,38
4722,國精化,化學工業,2.01,3818702000.0,1899851741.2935326,0.97,3567650739.92207,1.88,58.37,152.94,16.59,169.53,31.19,318.72,109.74,240.0,0.46,0.13,1.33,17.91,16,178.21,109
4726,永昕,生技醫療業,-2.17,662586000.0,0.0,0.0,1168024779.313735,0.0,0.0,0.0,0.0,0.0,0.0,0.0,0.0,24.6,0.0,0.0,0.0,11.67,9,3.76,14
4728,雙美,生技醫療業,13.32,1996037000.0,149852627.6276276,7.59,2240064786.6802964,14.95,27.46,20.07,19.59,39.66,292.87,592.92,410.59,375.0,1.09,0.78,1.58,6.94,3,13.64,52
4729,熒茂,光電業,0.17,1096405000.0,6449441176.470588,0.08,1009233792.1528195,0.16,313.18,1690.45,29.55,1720.0,4.73,275.2,50.11,21.9,2.29,0.22,12.57,102.59,126,44.74,73
4735,豪展,生技醫療業,2.43,899326000.0,370093004.1152263,1.38,1086502132.6070652,2.94,44.47,119.39,9.87,129.26,29.02,380.02,130.73,31.2,4.19,0.93,12.18,33.57,81,0.0,0
4736,泰博,化學生技醫療,15.12,4180025000.0,276456679.8941799,7.85,4260367913.2882614,15.41,12.62,12.14,6.63,18.77,102.17,289.25,194.46,126.0,1.54,0.81,2.3,0.87,1,13.44,67
4737,華廣,化學生技醫療,-2.72,1820339000.0,0.0,0.0,1640716426.5388005,0.0,618.09,60.91,579.09,640.0,0.0,0.0,0.0,55.8,0.0,0.0,0.0,5.41,128,5.81,81
4739,康普,化學工業,1.56,5867643000.0,3761309615.3846154,1.39,12803323769.709288,3.4,168.26,1195.95,27.38,1223.33,93.09,4159.32,572.1,116.0,4.93,0.8,35.86,10.54,16,63.71,176
4590,富田-創,電機機械,2.72,84263000.0,30979044.117647056,0.0,0.0,0.0,2924.8,9133.54,26.46,9160.0,0.0,0.0,0.0,76.8,0.0,0.0,0.0,27.52,64,0.47,8
4741,泓瀚,化學工業,0.29,482051000.0,1662244827.586207,0.17,541160715.144441,0.33,40.59,206.22,11.71,217.93,3.86,71.92,13.39,72.5,0.18,0.05,0.99,60.26,81,2.47,18
4588,玖鼎電力,電子工業,3.2,896078000.0,280024375.0,1.74,1005190444.7216899,3.59,21.1,20.88,13.82,34.7,49.61,124.57,75.74,58.1,1.3,0.85,2.14,6.72,23,0.94,3
4561,健椿,電機機械,0.66,945579000.0,1432695454.5454545,0.36,1013238527.0225358,0.71,31.99,76.82,11.93,88.75,8.47,63.01,22.71,42.0,0.54,0.2,1.5,56.5,78,6.04,63
4562,穎漢,電機機械,-1.28,747282000.0,0.0,0.0,610706797.2929155,0.0,0.0,0.0,0.0,0.0,0.0,0.0,0.0,35.45,0.0,0.0,0.0,55.34,63,0.0,0
4563,百德,電機機械,-2.67,2857967000.0,0.0,0.0,2311012957.5818577,0.0,27.32,34.51,14.7,49.21,0.0,0.0,0.0,42.5,0.0,0.0,0.0,144.4,112,8.07,8
4564,元翎,電機機械,-1.85,1136277000.0,0.0,0.0,740777308.722618,0.0,0.0,0.0,0.0,0.0,0.0,0.0,0.0,15.95,0.0,0.0,0.0,19.79,46,26.19,87
4566,時碩工業,電機機械,1.35,4950351000.0,3666926666.6666665,0.73,5336248854.928745,1.46,45.41,88.39,20.38,108.77,29.75,158.8,66.29,63.2,1.05,0.47,2.51,12.68,32,17.31,74
4568,科際精密,電機機械,2.01,1210528000.0,602252736.318408,0.99,1193013448.139394,1.98,22.23,21.14,13.27,34.41,26.27,68.13,44.02,40.45,1.09,0.65,1.68,6.36,21,1.46,9
4569,六方科-KY,汽車工業,4.13,1790506000.0,433536561.7433414,2.2,1955124010.4002838,4.51,30.96,38.76,14.66,53.42,66.12,240.92,139.65,174.0,0.8,0.38,1.38,196.53,133,53.02,63
4571,鈞興-KY,電機機械,9.61,3094943000.0,322054422.4765869,4.75,2974699368.9854054,9.24,20.02,21.25,13.02,34.27,120.3,316.65,184.98,179.5,1.03,0.67,1.76,46.07,183,20.65,65
4572,駐龍,電機機械,3.02,675919000.0,223814238.410596,1.63,702966336.5237726,3.14,31.88,36.39,20.4,56.79,64.06,178.32,100.1,146.0,0.69,0.44,1.22,7.89,15,8.9,79
4576,大銀微系統,電機機械,2.01,2671021000.0,1328866169.154229,1.36,3739359230.8145804,2.81,251.55,784.91,53.98,838.89,151.68,2357.28,706.86,206.5,3.42,0.73,11.42,96.61,133,5.28,71
4577,達航科技,其他電子類,-0.74,728121000.0,0.0,0.0,1030752698.8959162,0.0,0.0,0.0,0.0,0.0,0.0,0.0,0.0,89.2,0.0,0.0,0.0,60.48,182,200.25,178
4580,捷流閥業,電機機械,5.0,2288106000.0,457621200.0,2.5,2331994091.352992,5.1,12.64,7.63,8.94,16.57,45.59,84.51,64.45,81.7,0.79,0.56,1.03,0.0,0,22.12,91
4581,光隆精密-KY,汽車工業,4.73,1072763000.0,226799788.5835095,2.54,1124464701.521877,4.96,10.48,3.77,8.4,12.17,41.66,60.36,51.97,49.8,1.04,0.84,1.21,2.56,28,1.8,74
4582,聚恆-創,創新板股票,1.54,1215456000.0,789257142.8571428,1.08,2499385908.744419,3.17,16.58,3.41,14.58,17.99,46.22,57.03,52.56,25.75,2.04,1.79,2.21,11.27,15,2.42,128
4583,台灣精銳,電機機械,12.0,2985176000.0,248764666.66666666,6.97,3302317677.084841,13.27,54.54,54.34,21.26,75.6,282.12,1003.21,723.7,621.0,1.17,0.45,1.62,195.24,127,1.68,10
4584,君帆,電機機械,3.43,1326004000.0,386590087.4635568,1.38,1025230278.3024458,2.65,15.28,8.7,11.76,20.46,31.16,54.22,40.5,40.5,1.0,0.77,1.34,15.61,22,0.0,0
4585,達明,其他電子業,1.46,731904000.0,501304109.5890411,0.0,0.0,0.0,346.95,299.33,219.62,518.95,0.0,0.0,0.0,306.5,0.0,0.0,0.0,18.42,98,99.75,74
4560,強信-KY,電機機械,3.02,1718464000.0,569027814.5695364,1.67,1846337810.2552216,3.24,17.35,18.36,10.71,29.07,34.7,94.19,56.21,32.7,1.72,1.06,2.88,1.35,11,1.26,9
4743,合一,生技醫療業,-2.18,109851000.0,0.0,0.0,193314005.40609413,0.0,0.0,0.0,0.0,0.0,0.0,0.0,0.0,47.85,0.0,0.0,0.0,22.85,35,3.84,78
4745,合富-KY,生技醫療業,-3.17,3136317000.0,0.0,0.0,2627531845.277265,0.0,613.81,1976.93,53.07,2030.0,0.0,0.0,0.0,14.5,0.0,0.0,0.0,4.41,109,55.81,175
4906,正文,電子工業,-0.25,17213421000.0,0.0,0.0,11651679335.564129,0.0,27.49,30.34,14.9,45.24,0.0,0.0,0.0,42.9,0.0,0.0,0.0,18.65,29,13.51,182
4907,富宇,建材營造,1.24,3212506000.0,2590730645.16129,0.93,3626835766.786601,1.4,15.77,36.85,5.8,42.65,8.12,59.71,22.08,41.0,0.54,0.2,1.46,64.36,45,0.33,80
4908,前鼎,通信網路業,1.97,859504000.0,436296446.70050764,1.12,929410350.5985581,2.13,41.43,126.95,21.28,148.23,45.33,315.73,88.25,198.0,0.45,0.23,1.59,6.82,172,25.85,59
4909,新復興,通信網路業,-1.25,444305000.0,0.0,0.0,145122835.69703567,0.0,58.05,284.18,6.65,290.83,0.0,0.0,0.0,49.8,0.0,0.0,0.0,109.18,105,14.15,14
4911,德英,生技醫療業,2.22,310711000.0,139959909.9099099,0.56,153917736.32457444,1.1,28.08,29.57,15.0,44.57,16.5,49.03,30.88,31.35,0.99,0.53,1.56,3.89,17,1.49,78
4912,聯德控股-KY,電子工業,2.03,6305207000.0,3106013300.492611,1.15,7377003066.072122,2.38,20.59,43.14,11.29,54.43,26.87,129.54,49.01,88.8,0.55,0.3,1.46,1.54,177,9.07,172
4915,致伸,電子工業,5.71,59308761000.0,10386823292.469353,3.05,66158936689.64405,6.37,14.37,9.92,11.07,20.99,70.52,133.71,91.56,75.7,1.21,0.93,1.77,1.33,1,10.57,149
4916,事欣科,電子工業,1.77,3495648000.0,1974942372.881356,1.18,4938113478.676311,2.5,288.75,2349.24,13.26,2362.5,33.15,5906.25,721.87,99.0,7.29,0.33,59.66,23.93,35,65.63,63
4919,新唐,半導體業,-3.97,30608546000.0,0.0,0.0,29850947788.961994,0.0,282.11,1066.3,19.41,1085.71,0.0,0.0,0.0,183.0,0.0,0.0,0.0,3.94,10,1.35,11
4923,力士,半導體業,-5.26,878441000.0,0.0,0.0,1110284834.790829,0.0,76.02,15.08,63.73,78.81,0.0,0.0,0.0,47.8,0.0,0.0,0.0,1.2,30,10.16,2
4927,泰鼎-KY,電子工業,-8.63,11707243000.0,0.0,0.0,10712720451.511158,0.0,0.0,0.0,0.0,0.0,0.0,0.0,0.0,49.6,0.0,0.0,0.0,53.47,74,39.86,64
4930,燦星網,電器電纜,0.6,6237349000.0,10395581666.666668,0.26,5337563116.261696,0.51,13.77,26.8,7.78,34.58,3.97,17.64,7.02,17.55,0.4,0.23,1.01,4.28,113,5.48,79
4931,新盛力,電腦及週邊設備業,3.13,2333664000.0,745579552.715655,2.35,3770721580.0115294,5.06,41.66,69.31,17.76,87.07,89.87,440.57,210.8,250.5,0.84,0.36,1.76,139.13,172,102.93,178
4933,友輝,光電業,5.77,3062497000.0,530762045.06065863,2.78,2875193439.067935,5.42,11.41,6.13,8.48,14.61,45.96,79.19,61.82,67.2,0.92,0.68,1.18,24.24,91,3.47,35
4934,太極,光電業,-0.95,87174000.0,0.0,0.0,202159577.62981167,0.0,0.0,0.0,0.0,0.0,0.0,0.0,0.0,17.3,0.0,0.0,0.0,17.3,15,47.84,106
4935,茂林-KY,光電業,1.34,5517931000.0,4117858955.2238803,0.51,3918026729.4034247,0.95,17.84,21.56,9.35,30.91,8.88,29.36,16.94,41.7,0.41,0.21,0.7,19.62,128,28.07,81
4744,皇將,生技醫療業,2.5,1404494000.0,561797600.0,1.27,1415433160.9200914,2.52,32.8,99.26,12.41,111.67,31.27,281.41,82.67,24.75,3.34,1.26,11.37,4.62,16,61.15,85
4904,遠傳,通信網路業,3.82,108996963000.0,28533236387.434555,2.04,119760971998.92982,4.2,25.3,6.81,22.11,28.92,92.86,121.46,106.26,112.5,0.94,0.83,1.08,10.76,95,6.11,144
4746,台耀,化學生技醫療,3.68,4864147000.0,1321779076.0869565,1.72,4426345171.109841,3.35,46.0,232.79,13.95,246.74,46.73,826.58,154.11,51.3,3.0,0.91,16.11,16.41,30,3.04,58
4747,強生,生技醫療業,1.19,566185000.0,475785714.2857143,0.62,587446594.0173631,1.23,37.76,23.67,24.35,48.02,29.95,59.06,46.44,53.4,0.87,0.56,1.11,8.37,137,14.07,98
4749,新應材,半導體業,11.32,4226168000.0,373336395.7597173,6.39,4863121938.811093,13.03,81.37,61.73,43.12,104.85,561.85,1366.2,1060.23,937.0,1.13,0.6,1.46,32.27,141,42.7,122
4754,國碳科,化學工業,2.87,622838000.0,217016724.73867595,1.53,597465397.7295314,2.75,14.39,3.97,12.86,16.83,35.36,46.28,39.56,39.3,1.01,0.9,1.18,1.02,1,2.07,10
4755,三福化,化學工業,3.7,4835643000.0,1306930540.5405405,1.77,4621068164.879852,3.54,31.72,25.62,20.2,45.82,71.51,162.2,112.27,144.0,0.78,0.5,1.13,10.07,21,19.46,99
4760,勤凱,其他電子類,7.17,1827244000.0,254845746.16457462,5.04,2896716332.989056,11.37,26.53,49.82,12.25,62.07,139.28,705.74,301.66,390.0,0.77,0.36,1.81,22.66,112,98.9,170
4763,材料*-KY,化學工業,24.57,13615644000.0,554157264.9572649,10.31,9214901870.513554,16.63,9.27,9.56,5.4,14.96,89.8,248.78,154.08,44.8,3.44,2.0,5.55,18.02,78,0.0,0
4764,雙鍵,化學工業,1.21,2876719000.0,2377453719.0082645,0.73,3443425473.1705813,1.45,143.91,223.36,56.97,280.33,82.61,406.48,208.67,305.5,0.68,0.27,1.33,15.54,120,148.01,182
4766,南寶,化學工業,20.26,23192505000.0,1144743583.4155972,10.77,24865468185.133266,21.72,15.63,7.76,12.67,20.43,275.19,443.74,339.42,365.5,0.93,0.75,1.21,9.34,2,28.4,79
4767,誠泰科技,化學工業,1.25,1012731000.0,810184800.0,0.58,877594636.3316046,1.08,15.01,13.68,8.82,22.5,9.53,24.3,16.21,27.25,0.59,0.35,0.89,34.62,72,1.83,11
4768,晶呈科技,化學工業,0.39,1033185000.0,2649192307.6923075,0.38,2725188180.1039243,1.03,312.5,1346.52,32.97,1379.49,33.96,1420.87,321.88,383.0,0.84,0.09,3.71,12.79,18,175.12,183
4770,上品,化學工業,10.2,4769392000.0,467587450.9803922,5.05,4929810386.432291,10.54,16.91,17.03,9.25,26.28,97.49,276.99,178.24,214.0,0.83,0.46,1.29,11.72,17,37.8,84
4771,望隼,化學生技醫療,12.71,3422496000.0,269275845.79071593,7.87,4520472543.560574,16.79,16.73,17.98,13.31,31.29,223.47,525.36,280.85,187.0,1.5,1.2,2.81,3.38,1,1.08,74
4772,台特化,化學工業,4.21,1762870000.0,418733966.74584323,4.22,6366565327.953216,15.2,82.21,58.09,55.07,113.16,837.06,1720.03,1249.56,275.0,4.54,3.04,6.25,14.53,95,45.76,122
4806,桂田文創,文化創意業,-0.19,84386000.0,0.0,0.0,198452783.87237763,0.0,0.0,0.0,0.0,0.0,0.0,0.0,0.0,10.55,0.0,0.0,0.0,35.06,31,65.25,113
4807,日成-KY,貿易百貨,-0.24,2110985000.0,0.0,0.0,2650109752.369977,0.0,341.86,448.5,16.5,465.0,0.0,0.0,0.0,42.05,0.0,0.0,0.0,114.79,141,11.82,121
4903,聯光通,通信網路業,1.02,1463911000.0,1435206862.745098,0.47,1734523354.4464266,1.21,111.16,467.36,21.93,489.29,26.54,592.04,134.5,39.2,3.43,0.68,15.1,121.59,121,89.02,178
3373,熱映,其他電子類,-1.35,404178000.0,0.0,0.0,386725447.2595729,0.0,0.0,0.0,0.0,0.0,0.0,0.0,0.0,16.75,0.0,0.0,0.0,0.0,0,0.0,0
4557,永新-KY,汽車工業,-0.34,4059621000.0,0.0,0.0,3051511889.2265997,0.0,51.88,259.7,6.97,266.67,0.0,0.0,0.0,47.95,0.0,0.0,0.0,22.59,161,0.48,1
4167,松瑞藥,生技醫療業,1.72,1139892000.0,662727906.9767442,0.81,1103229449.7996674,1.66,28.82,68.61,10.78,79.39,17.89,131.79,47.84,19.85,2.41,0.9,6.64,4.8,14,0.0,0
4168,醣聯,生技醫療業,-2.16,33600000.0,0.0,0.0,20768646.464646462,0.0,0.0,0.0,0.0,0.0,0.0,0.0,0.0,25.1,0.0,0.0,0.0,15.86,21,7.22,2
4169,泰宗,化學生技醫療,0.32,0.0,0.0,0.0,0.0,0.0,493.49,98.43,453.13,551.56,0.0,0.0,0.0,152.5,0.0,0.0,0.0,11.27,114,258.86,157
4171,瑞基,農業科技業,-1.94,221826000.0,0.0,0.0,245240605.36152747,0.0,0.0,0.0,0.0,0.0,0.0,0.0,0.0,17.45,0.0,0.0,0.0,2.92,14,14.47,135
4173,久裕,生技醫療業,1.16,1518675000.0,1309202586.2068965,0.61,1632377393.8528223,1.25,17.6,7.02,14.73,21.75,18.41,27.19,22.0,18.2,1.21,1.01,1.49,3.92,28,8.8,100
4174,浩鼎,生技醫療業,-15.61,59036000.0,0.0,0.0,33909866.38442542,0.0,0.0,0.0,0.0,0.0,0.0,0.0,0.0,27.85,0.0,0.0,0.0,45.89,73,5.04,50
4175,杏一,生技醫療業,3.69,7998459000.0,2167604065.0406504,1.85,7972292893.036928,3.68,65.34,171.14,13.48,184.62,49.61,679.4,240.44,53.5,4.49,0.93,12.7,4.4,35,0.3,1
4178,永笙-KY,化學生技醫療,-0.92,0.0,0.0,0.0,0.0,0.0,0.0,0.0,0.0,0.0,0.0,0.0,0.0,17.5,0.0,0.0,0.0,0.0,0,12.99,50
4183,福永生技,生技醫療業,-0.33,508694000.0,0.0,0.0,334033529.6927336,0.0,31.99,59.88,15.66,75.54,0.0,0.0,0.0,13.8,0.0,0.0,0.0,10.79,15,1.44,7
4188,安克,生技醫療業,-0.88,37034000.0,0.0,0.0,23383088.811294977,0.0,0.0,0.0,0.0,0.0,0.0,0.0,0.0,10.4,0.0,0.0,0.0,4.52,21,1.19,81
4190,佐登-KY,化學生技醫療,-1.59,2247934000.0,0.0,0.0,2214506739.9429793,0.0,0.0,0.0,0.0,0.0,0.0,0.0,0.0,24.6,0.0,0.0,0.0,8.17,133,0.0,0
4192,杏國,生技醫療業,-1.3,27417000.0,0.0,0.0,26050993.992932864,0.0,3519.41,365.0,3340.0,3705.0,0.0,0.0,0.0,20.5,0.0,0.0,0.0,6.94,11,1.75,1
4195,基米-創,創新板股票,-0.54,0.0,0.0,0.0,0.0,0.0,0.0,0.0,0.0,0.0,0.0,0.0,0.0,15.7,0.0,0.0,0.0,20.21,30,55.56,88
4198,欣大健康,生技醫療業,-1.97,196995000.0,0.0,0.0,140398062.62413108,0.0,8.01,5.01,6.71,11.72,0.0,0.0,0.0,39.2,0.0,0.0,0.0,24.93,11,10.78,18
4205,中華食,食品工業,4.23,2048169000.0,484200709.2198581,2.08,2075763021.8537872,4.29,20.32,6.53,17.61,24.14,75.55,103.56,87.17,73.1,1.19,1.03,1.42,0.53,29,1.35,28
4166,友霖,生技醫療業,0.9,734964000.0,816626666.6666666,0.0,0.0,0.0,48.62,52.14,26.33,78.47,0.0,0.0,0.0,25.2,0.0,0.0,0.0,66.36,142,0.0,0
4207,環泰,食品工業,1.76,5176930000.0,2941437500.0,0.95,5394554309.553163,1.83,13.64,6.72,9.57,16.29,17.51,29.81,24.96,19.5,1.28,0.9,1.53,1.97,18,24.68,154
4164,承業醫,生技醫療業,0.98,4406696000.0,4496628571.428572,0.55,5363996906.534007,1.19,36.01,33.24,20.34,53.58,24.2,63.76,42.85,30.8,1.39,0.79,2.07,0.0,0,2.78,73
4163,鐿鈦,生技醫療業,5.13,2386847000.0,465272319.68810916,2.77,2556834043.113073,5.5,22.22,12.27,17.49,29.76,96.2,163.68,122.2,115.0,1.06,0.84,1.42,2.05,18,6.73,7
4127,天良,生技醫療業,-0.21,495225000.0,0.0,0.0,796222485.0759182,0.0,143.44,430.49,70.94,501.43,0.0,0.0,0.0,68.8,0.0,0.0,0.0,0.12,1,0.4,29
4128,中天,生技醫療業,-1.29,1884923000.0,0.0,0.0,2014688429.3452587,0.0,0.0,0.0,0.0,0.0,0.0,0.0,0.0,14.7,0.0,0.0,0.0,15.98,36,0.19,50
4129,聯合,生技醫療業,5.83,5570321000.0,955458147.5128645,3.17,6465248449.555506,6.77,20.24,10.71,15.75,26.46,106.63,179.13,137.0,90.0,1.52,1.18,1.99,14.72,11,24.17,140
4130,健亞,生技醫療業,0.11,494127000.0,4492063636.363636,0.05,439858381.3717547,0.1,162.24,296.83,71.17,368.0,7.12,36.8,16.22,25.5,0.64,0.28,1.44,0.0,0,19.19,182
4131,浩泰,生技醫療業,-0.77,221004000.0,0.0,0.0,303354277.8355003,0.0,0.0,0.0,0.0,0.0,0.0,0.0,0.0,0.0,0.0,0.0,0.0,18.94,22,16.57,179
4133,亞諾法,化學生技醫療,-0.02,352143000.0,0.0,0.0,342929693.42588764,0.0,211.12,945.2,21.47,966.67,0.0,0.0,0.0,20.6,0.0,0.0,0.0,5.56,14,2.33,53
4137,麗豐-KY,化學生技醫療,7.13,3840036000.0,538574474.053296,3.6,4103537438.550412,7.62,16.76,10.1,12.24,22.34,93.27,170.23,127.75,110.0,1.16,0.85,1.55,0.0,0,3.4,16
4138,曜亞,生技醫療業,4.0,1384713000.0,346178250.0,1.99,1388709909.0752707,4.01,15.17,6.31,12.51,18.82,50.17,75.47,60.83,51.8,1.17,0.97,1.46,3.69,4,0.52,17
4139,馬光-KY,生技醫療業,-1.55,1092563000.0,0.0,0.0,1083558413.9383376,0.0,70.05,74.47,50.53,125.0,0.0,0.0,0.0,24.3,0.0,0.0,0.0,19.93,109,4.5,50
4142,國光生,化學生技醫療,-0.57,1425470000.0,0.0,0.0,1509150237.6764784,0.0,0.0,0.0,0.0,0.0,0.0,0.0,0.0,17.45,0.0,0.0,0.0,7.86,36,27.51,151
4147,中裕,生技醫療業,-0.61,584770000.0,0.0,0.0,668655742.4438947,0.0,0.0,0.0,0.0,0.0,0.0,0.0,0.0,56.8,0.0,0.0,0.0,0.55,1,1.81,3
4148,全宇生技-KY,化學生技醫療,2.31,2922708000.0,1265241558.4415584,1.14,3371480074.5285416,2.66,23.39,21.42,14.03,35.45,37.32,94.3,62.23,30.3,2.05,1.23,3.11,11.04,151,2.21,53
4153,鈺緯,生技醫療業,1.53,856515000.0,559813725.4901961,0.84,876787069.4701103,1.57,25.93,22.02,19.32,41.34,30.33,64.9,40.71,29.8,1.37,1.02,2.18,37.24,93,2.32,35
4155,訊映,化學生技醫療,0.58,1624178000.0,2800306896.5517244,0.27,1409965160.9382625,0.5,68.19,174.55,17.95,192.5,8.98,96.25,34.1,15.0,2.27,0.6,6.42,5.48,30,0.0,0
4157,太景*-KY,生技醫療業,0.06,39059000.0,650983333.3333334,0.37,430279969.67047125,0.66,77.21,152.8,39.7,192.5,26.2,127.05,50.96,8.68,5.87,3.02,14.64,0.0,0,49.46,182
4160,訊聯基因,生技醫療業,0.81,583563000.0,720448148.1481481,0.46,644611085.1420268,0.89,55.32,88.23,23.17,111.4,20.62,99.15,49.24,40.05,1.23,0.51,2.48,64.61,31,20.2,42
4161,聿新科,生技醫療業,1.27,843016000.0,663792125.984252,0.69,996780899.1705059,1.5,19.0,11.41,13.87,25.28,20.8,37.92,28.5,23.0,1.24,0.9,1.65,11.83,112,4.4,4
4162,智擎,生技醫療業,2.69,2517404000.0,935837918.2156134,0.56,633571222.1787236,0.68,20.12,48.43,5.01,53.44,3.41,36.34,13.68,56.5,0.24,0.06,0.64,11.52,149,0.74,1
4558,寶緯,電機機械,-0.39,1558915000.0,0.0,0.0,1653669095.6936119,0.0,283.83,1997.71,22.29,2020.0,0.0,0.0,0.0,18.7,0.0,0.0,0.0,49.35,144,19.55,52
4303,信立,塑膠工業,11.14,980754000.0,88038958.70736086,5.57,1043261992.7808322,11.85,6.84,13.22,2.66,15.88,31.52,188.18,81.07,46.8,1.73,0.67,4.02,26.82,168,12.82,31
4305,世坤,塑膠工業,3.83,1088255000.0,284139686.6840731,1.8,1015379191.4605008,3.57,12.24,4.37,10.43,14.8,37.24,52.84,43.71,44.5,0.98,0.84,1.19,4.22,11,6.56,43
4529,淳紳,其他,-0.74,5459000.0,0.0,0.0,15317641.59941306,0.0,0.0,0.0,0.0,0.0,0.0,0.0,0.0,4.93,0.0,0.0,0.0,17.78,7,7.59,21
4532,瑞智,電機機械,2.05,20554212000.0,10026444878.04878,1.2,19910429356.89857,1.99,13.18,7.46,10.33,17.79,20.56,35.4,26.23,24.2,1.08,0.85,1.46,6.88,45,2.79,1
4533,協易機,電機機械,0.2,3938898000.0,19694490000.0,0.1,3865152759.759138,0.2,126.55,1696.44,16.06,1712.5,3.21,342.5,25.31,30.2,0.84,0.11,11.34,5.88,29,0.93,1
4534,慶騰,電機機械,0.0,801825000.0,0.0,0.0,952709404.9429051,0.0,1061.94,2934.13,70.87,3005.0,0.0,0.0,0.0,32.3,0.0,0.0,0.0,69.44,78,17.66,60
4535,至興,電機機械,1.3,2572197000.0,1978613076.9230769,0.64,2394866150.287647,1.21,16.15,15.41,12.11,27.52,14.65,33.3,19.54,27.2,0.72,0.54,1.22,12.52,93,1.61,32
4538,大詠城,電機機械,0.29,363369000.0,1252996551.724138,0.15,461627053.82075995,0.37,67.89,86.77,22.05,108.82,8.16,40.26,25.12,18.65,1.35,0.44,2.16,15.75,88,5.11,106
4540,全球傳動,電機機械,-0.66,2576441000.0,0.0,0.0,3492479655.440525,0.0,0.0,0.0,0.0,0.0,0.0,0.0,0.0,59.6,0.0,0.0,0.0,73.6,183,26.69,73
4541,晟田,其他,2.03,1593892000.0,785168472.906404,1.25,2072443968.0465472,2.64,689.92,3720.64,19.36,3740.0,51.11,9873.6,1821.39,48.0,37.95,1.06,205.7,21.24,182,32.03,80
4542,科嶠,電子零組件業,1.28,702589000.0,548897656.25,0.86,884133261.9728168,1.61,217.17,1132.84,27.16,1160.0,43.73,1867.6,349.64,354.0,0.99,0.12,5.28,60.99,122,36.33,183
4543,萬在,電機機械,0.53,783259000.0,1477847169.8113208,0.32,975447080.218388,0.66,39.66,105.55,11.12,116.67,7.34,77.0,26.18,36.9,0.71,0.2,2.09,5.99,18,5.72,172
4545,銘鈺,電子工業,0.18,2391456000.0,13285866666.666668,0.09,2248629761.6069922,0.17,97.27,412.88,11.62,424.5,1.98,72.17,16.54,35.85,0.46,0.06,2.01,42.2,129,2.89,106
4549,桓達,電機機械,3.34,1266495000.0,379190119.76047903,1.46,1086178938.9256022,2.86,31.07,28.53,21.47,50.0,61.4,143.0,88.87,106.0,0.84,0.58,1.35,0.0,0,32.75,9
4550,長佳,電機機械,1.34,907487000.0,677229104.4776119,0.64,926734110.6715009,1.37,10.88,11.13,7.83,18.96,10.73,25.98,14.91,24.8,0.6,0.43,1.05,0.64,9,1.17,52
4551,智伸科,汽車工業,6.04,7704684000.0,1275609933.7748344,3.56,9018618230.554502,7.07,19.7,19.47,9.6,29.07,67.87,205.52,139.31,183.5,0.76,0.37,1.12,24.35,87,60.75,60
4552,力達-KY,電機機械,2.07,3459013000.0,1671020772.94686,0.99,3267517626.4843516,1.96,12.45,12.05,7.82,19.87,15.33,38.95,24.39,21.45,1.14,0.71,1.82,2.49,21,9.87,52
4554,橙的,其他電子類,2.15,496777000.0,231059069.76744187,1.07,515072045.44882184,2.23,18.45,28.16,12.0,40.16,26.76,89.56,41.14,30.05,1.37,0.89,2.98,4.44,21,13.21,51
4555,氣立,電機機械,0.19,1588876000.0,8362505263.157895,0.1,1733147173.7852993,0.21,201.28,78.61,174.0,252.61,36.54,53.05,42.27,46.2,0.91,0.79,1.15,12.76,3,39.56,77
4556,旭然,其他,0.92,674327000.0,732964130.4347826,0.47,718548305.1565177,0.98,142.69,441.8,28.91,470.71,28.33,461.3,139.83,66.5,2.1,0.43,6.94,24.22,35,9.76,56
4528,江興鍛,電機機械,-0.32,1570974000.0,0.0,0.0,1511738962.8901343,0.0,463.32,2310.56,44.44,2355.0,0.0,0.0,0.0,15.9,0.0,0.0,0.0,4.23,60,18.98,79
4304,勝昱,塑膠工業,-1.16,342667000.0,0.0,0.0,347931799.5722986,0.0,0.0,0.0,0.0,0.0,0.0,0.0,0.0,23.5,0.0,0.0,0.0,132.52,65,195.24,147
4527,方土霖,電機機械,3.4,3024592000.0,889585882.3529412,1.87,3282617497.9371147,3.69,12.25,6.55,9.33,15.88,34.43,58.6,45.2,40.85,1.11,0.84,1.43,39.72,129,5.63,11
4523,永彰,電機機械,22.27,612079000.0,27484463.403682083,20.46,946188996.2228155,34.43,1.34,0.41,1.18,1.59,40.63,54.74,46.02,29.25,1.57,1.39,1.87,2.2,29,2.05,143
4306,炎洲,塑膠工業,0.27,13142952000.0,48677600000.0,0.15,15384791161.256771,0.32,27.13,47.44,10.16,57.6,3.25,18.43,8.68,15.95,0.54,0.2,1.16,10.98,24,3.21,63
4401,東隆興,紡織纖維,0.73,3932210000.0,5386589041.095891,0.35,3890275787.696488,0.72,34.76,135.57,13.87,149.44,9.99,107.6,25.03,14.05,1.78,0.71,7.66,2.79,94,4.11,100
4402,郡都開發,紡織纖維,-0.13,23142000.0,0.0,0.0,18999767.310409795,0.0,213.29,108.88,168.0,276.88,0.0,0.0,0.0,16.05,0.0,0.0,0.0,66.87,63,19.73,80
4406,新昕纖,紡織纖維,-1.08,492484000.0,0.0,0.0,239078382.71231228,0.0,0.0,0.0,0.0,0.0,0.0,0.0,0.0,10.0,0.0,0.0,0.0,4.98,16,5.86,67
4413,飛寶企業,紡織纖維,0.53,797445000.0,1504613207.5471697,0.21,805206683.7653705,0.54,82.33,301.61,16.72,318.33,9.03,171.9,44.46,16.6,2.68,0.54,10.36,3.54,18,10.5,39
4414,如興,紡織纖維,0.65,14392916000.0,22142947692.30769,0.32,14018151310.363487,0.63,15.55,44.37,2.88,47.25,1.81,29.77,9.8,8.42,1.16,0.21,3.54,24.36,29,287.72,84
4416,三圓,建材營造,-0.64,1096928000.0,0.0,0.0,4299530966.161073,0.0,546.02,979.62,12.88,992.5,0.0,0.0,0.0,10.3,0.0,0.0,0.0,8.9,78,1.43,2
4417,金洲,紡織纖維,6.13,3526922000.0,575354323.0016314,2.77,3191839333.1015363,5.55,9.46,4.21,7.52,11.73,41.74,65.1,52.51,46.6,1.13,0.9,1.4,8.25,179,19.33,149
4420,光明,紡織纖維,5.52,1018773000.0,184560326.08695653,2.68,980029794.008378,5.31,7.07,51.25,1.1,52.35,5.84,277.98,37.52,38.0,0.99,0.15,7.32,26.44,78,4.49,18
4426,利勤,紡織纖維,-2.93,875169000.0,0.0,0.0,884187772.2374892,0.0,0.0,0.0,0.0,0.0,0.0,0.0,0.0,7.97,0.0,0.0,0.0,0.0,0,4.67,79
4430,耀億,其他,-0.19,2072039000.0,0.0,0.0,2098396829.846458,0.0,0.0,0.0,0.0,0.0,0.0,0.0,0.0,17.6,0.0,0.0,0.0,17.01,141,0.25,10
4432,銘旺實,紡織纖維,0.88,1113575000.0,1265426136.3636363,0.34,949499707.4294968,0.75,14.53,27.93,4.84,32.77,3.63,24.58,10.9,16.4,0.66,0.22,1.5,5.53,77,10.53,3
4433,興采,紡織纖維,1.06,3437293000.0,3242729245.2830186,0.48,3156023885.6589985,0.97,144.89,484.9,16.77,501.67,16.27,486.62,140.54,20.45,6.87,0.8,23.8,0.0,0,5.71,8
4438,廣越,紡織纖維,3.06,19317257000.0,6312829084.96732,1.14,20347028217.261837,3.22,27.15,46.04,14.48,60.52,46.63,194.87,87.43,62.0,1.41,0.75,3.14,0.88,1,5.8,161
4439,冠星-KY,紡織纖維,7.73,6940476000.0,897862354.4631306,4.17,7554770792.48101,8.41,26.13,47.78,10.6,58.38,89.15,490.98,219.77,90.4,2.43,0.99,5.43,2.75,11,22.73,161
4440,宜新實業,紡織纖維,1.14,1056073000.0,926379824.5614036,0.63,1272443877.5212934,1.37,16.55,17.43,9.63,27.06,13.19,37.07,22.67,17.3,1.31,0.76,2.14,9.84,121,28.32,123
4441,振大環球,紡織纖維,14.72,4114059000.0,279487703.8043478,0.0,0.0,0.0,18.94,12.03,13.36,25.39,0.0,0.0,0.0,203.5,0.0,0.0,0.0,53.66,128,35.86,140
4442,竣邦-KY,紡織纖維,5.25,1675561000.0,319154476.1904762,3.28,1850804043.1730993,5.8,14.07,11.95,10.5,22.45,60.9,130.21,81.59,54.9,1.49,1.11,2.37,50.17,172,67.25,156
4502,健信,電機機械,-1.52,967569000.0,0.0,0.0,1089453558.5815444,0.0,79.42,107.53,35.8,143.33,0.0,0.0,0.0,15.85,0.0,0.0,0.0,0.0,0,8.67,57
4503,金雨,電機機械,1.37,678367000.0,495158394.1605839,0.69,830687211.6048616,1.68,86.55,153.03,16.97,170.0,28.51,285.6,145.41,37.8,3.85,0.75,7.56,10.51,18,12.22,58
4506,崇友,電機機械,6.52,6147778000.0,942910736.1963191,3.47,6389763819.352755,6.78,19.4,5.31,16.81,22.12,113.97,149.97,131.56,118.0,1.11,0.97,1.27,5.63,11,17.78,106
4510,高鋒,電機機械,-1.02,1581975000.0,0.0,0.0,2148517192.001337,0.0,40.12,43.69,15.83,59.52,0.0,0.0,0.0,45.5,0.0,0.0,0.0,239.26,78,13.11,63
4513,福裕,電機機械,-1.79,1018902000.0,0.0,0.0,1399319935.378579,0.0,58.32,59.3,37.22,96.52,0.0,0.0,0.0,17.3,0.0,0.0,0.0,109.0,66,11.72,94
4526,東台,電機機械,1.82,5453188000.0,2996257142.857143,0.9,4783214158.195372,1.6,45.95,48.12,17.58,65.7,28.13,105.12,73.52,38.05,1.93,0.74,2.76,70.7,94,56.34,63
3372,典範,半導體業,-1.22,1065971000.0,0.0,0.0,1409760707.0278232,0.0,0.0,0.0,0.0,0.0,0.0,0.0,0.0,19.9,0.0,0.0,0.0,6.43,1,57.69,150
3362,先進光,光電業,-1.07,4303139000.0,0.0,0.0,4397388555.949926,0.0,67.47,44.4,43.82,88.22,0.0,0.0,0.0,194.0,0.0,0.0,0.0,17.34,74,0.38,2
2762,世界健身-KY,運動休閒,3.75,10884710000.0,2902589333.3333335,1.98,11921524602.871847,4.11,27.27,22.03,14.94,36.97,61.4,151.95,112.07,87.1,1.29,0.7,1.74,20.22,135,5.69,126
2801,彰銀,金融保險,1.51,45006999000.0,29805959602.649006,0.83,51666342685.07807,1.73,13.94,3.12,12.33,15.45,21.33,26.73,24.11,22.8,1.06,0.94,1.17,4.4,25,12.43,182
2812,台中銀,金融保險,1.53,20382325000.0,13321781045.751635,0.87,24768315567.71423,1.86,13.38,4.27,11.43,15.7,21.26,29.2,24.88,19.75,1.26,1.08,1.48,8.13,31,13.03,51
2816,旺旺保,金融保險,4.66,11080464000.0,2377781974.248927,3.47,17485589308.17932,7.35,6.62,3.38,4.82,8.2,35.43,60.27,48.64,32.65,1.49,1.09,1.85,10.19,30,14.02,168
2820,華票,金融保險,1.34,2927811000.0,2184933582.089552,0.96,4999000028.191761,2.29,14.62,6.32,10.99,17.31,25.17,39.64,33.49,17.85,1.88,1.41,2.22,1.61,4,11.4,86
2832,台產,金融保險,3.91,7271628000.0,1859751406.6496162,2.66,10373217573.610708,5.58,10.33,8.27,8.34,16.61,46.54,92.68,57.62,54.5,1.06,0.85,1.7,6.68,71,70.36,164
2834,臺企銀,金融保險,1.26,35009065000.0,27784972222.22222,0.64,37357688788.12529,1.34,12.6,5.34,10.53,15.87,14.11,21.27,16.88,17.5,0.96,0.81,1.22,11.3,21,9.21,37
2836,高雄銀,金融保險,0.68,4981646000.0,7325949999.999999,0.35,5440418437.633833,0.74,21.49,13.06,15.74,28.8,11.65,21.31,15.9,12.25,1.3,0.95,1.74,12.77,23,6.78,25
2836A,高雄銀甲特,金融保險,0.0,0.0,0.0,0.0,0.0,0.0,0.0,0.0,0.0,0.0,0.0,0.0,0.0,24.6,0.0,0.0,0.0,1.4,156,5.31,179
2838,聯邦銀,金融保險,1.29,20088744000.0,15572669767.44186,0.75,25914866868.889503,1.66,14.47,4.58,12.56,17.14,20.85,28.45,24.03,22.05,1.09,0.95,1.29,7.91,25,17.39,129
2838A,聯邦銀甲特,金融保險,0.0,0.0,0.0,0.0,0.0,0.0,0.0,0.0,0.0,0.0,0.0,0.0,0.0,54.3,0.0,0.0,0.0,0.75,17,1.65,24
2845,遠東銀,金融保險,0.93,12771715000.0,13733026881.720428,0.51,14768925124.908157,1.08,13.98,4.83,11.63,16.46,12.56,17.78,15.1,12.95,1.17,0.97,1.37,10.83,21,8.49,63
2849,安泰銀,金融保險,0.79,5702683000.0,7218586075.949367,0.44,6725328330.396926,0.93,18.17,8.24,13.82,22.06,12.85,20.52,16.9,14.55,1.16,0.88,1.41,9.51,18,3.72,15
2850,新產,金融保險,12.28,21479434000.0,1749139576.5472314,8.05,29214754068.48451,16.7,10.02,3.25,8.18,11.43,136.61,190.88,167.28,138.5,1.21,0.99,1.38,12.23,182,14.76,106
2851,中再保,金融保險,3.66,22564473000.0,6165156557.3770485,2.24,31437408272.952892,5.1,9.17,7.41,6.3,13.71,32.13,69.92,46.79,39.75,1.18,0.81,1.76,6.13,74,3.9,169
2852,第一保,金融保險,2.92,7517297000.0,2574416780.821918,1.78,9350310917.272,3.63,8.96,2.7,7.57,10.27,27.48,37.28,32.51,27.85,1.17,0.99,1.34,4.48,171,2.98,11
2855,統一證,金融保險,3.0,12942411000.0,4314137000.0,3.7,51518035848.03362,11.94,11.31,13.31,6.65,19.96,79.4,238.32,135.0,52.6,2.57,1.51,4.53,10.14,7,13.71,171
2867,三商壽,金融保險,0.2,94802262000.0,474011310000.0,0.12,147397667353.99634,0.31,56.01,104.37,13.63,118.0,4.23,36.58,17.36,8.53,2.04,0.5,4.29,16.64,25,55.95,183
2880,華南金,金融保險,1.9,68970569000.0,36300299473.68421,1.07,85606327024.10753,2.36,16.81,6.75,14.3,21.05,33.75,49.68,39.68,37.45,1.06,0.9,1.33,10.72,45,18.08,183
2751,王座,觀光餐旅,4.57,1733655000.0,379355579.86870897,2.65,2335926664.6356764,6.16,14.9,7.22,10.9,18.12,67.14,111.62,91.81,52.2,1.76,1.29,2.14,0.45,17,0.0,0
2646,星宇航空,航運業,0.08,43455568000.0,543194600000.0,0.05,54753873682.51718,0.1,130.96,221.02,46.2,267.22,4.62,26.72,13.1,21.05,0.62,0.22,1.27,24.56,122,2.52,57
2645,長榮航太,航運業,5.46,18258462000.0,3344040659.340659,2.92,19917471911.13616,5.96,25.21,28.45,17.47,45.92,104.12,273.68,150.27,168.0,0.89,0.62,1.63,0.88,10,83.26,79
2881,富邦金,金融保險,8.37,378273064000.0,45193914456.39188,4.27,601619543778.2937,13.31,11.49,10.86,7.3,18.16,97.16,241.71,152.99,132.0,1.16,0.74,1.83,23.68,77,12.56,179
2881B,富邦金乙特,金融保險,0.0,0.0,0.0,0.0,0.0,0.0,0.0,0.0,0.0,0.0,0.0,0.0,0.0,62.6,0.0,0.0,0.0,0.84,119,0.32,14
2908,特力,貿易百貨,0.23,34350128000.0,149348382608.69565,0.12,35456636182.680695,0.24,68.78,131.0,29.38,160.38,7.05,38.49,16.51,21.2,0.78,0.33,1.82,1.2,24,2.75,52
2910,統領,貿易百貨,1.23,534053000.0,434189430.8943089,0.62,522833611.8349105,1.2,20.12,8.16,16.71,24.87,20.05,29.84,24.14,23.65,1.02,0.85,1.26,8.87,70,6.86,11
2911,麗嬰房,貿易百貨,2.15,2396308000.0,1114561860.4651163,0.8,1625903624.698795,1.46,2.26,1.3,1.44,2.74,2.1,4.0,3.3,7.95,0.42,0.26,0.5,63.06,112,20.96,2
2912,統一超,貿易百貨,10.78,349361674000.0,32408318552.875698,5.57,366056867747.8357,11.3,23.28,8.58,18.82,27.4,212.67,309.62,263.06,228.0,1.15,0.93,1.36,11.6,99,2.48,28
2913,農林,貿易百貨,-0.15,478252000.0,0.0,0.0,423809993.81735766,0.0,0.0,0.0,0.0,0.0,0.0,0.0,0.0,11.1,0.0,0.0,0.0,6.15,30,5.57,17
2915,潤泰全,貿易百貨,9.3,2699478000.0,290266451.6129032,3.05,1608944490.8867338,5.54,6.47,7.19,3.89,11.08,21.55,61.38,35.86,52.2,0.69,0.41,1.18,21.48,30,6.61,18
2923,鼎固-KY,建材營造,-3.62,3198488000.0,0.0,0.0,12578522120.887688,0.0,63.83,51.42,41.02,92.44,0.0,0.0,0.0,25.75,0.0,0.0,0.0,41.96,105,13.15,15
2926,誠品生活,文化創意業,0.54,6956487000.0,12882383333.333332,0.28,7369605933.45021,0.57,85.18,154.54,41.39,195.93,23.59,111.68,48.55,35.1,1.38,0.67,3.18,2.67,4,1.96,3
2929,淘帝-KY,貿易百貨,-1.68,1848650000.0,0.0,0.0,1599920724.2029583,0.0,55.27,69.03,35.26,104.29,0.0,0.0,0.0,5.78,0.0,0.0,0.0,67.36,170,5.62,44
3363,上詮,通信網路業,0.16,1868579000.0,11678618750.0,0.07,1603759279.483691,0.14,5590.87,5533.93,3437.5,8971.43,481.25,1256.0,782.72,707.0,1.11,0.68,1.78,62.87,128,71.92,182
2939,永邑-KY,貿易百貨,-3.68,313675000.0,0.0,0.0,265193618.92044255,0.0,0.0,0.0,0.0,0.0,0.0,0.0,0.0,22.0,0.0,0.0,0.0,46.73,98,0.0,0
2941,米斯特,居家生活類,2.36,936342000.0,396755084.7457627,1.19,924268019.3600509,2.33,18.93,15.86,10.88,26.74,25.35,62.3,44.1,34.2,1.29,0.74,1.82,5.59,32,0.0,0
2945,三商家購,貿易百貨,2.14,14731084000.0,6883684112.149532,1.24,17625730657.242767,2.56,20.04,7.91,17.15,25.06,43.9,64.15,51.29,43.4,1.18,1.01,1.48,0.9,23,3.22,16
2948,寶陞,居家生活類,2.17,2162553000.0,996568202.764977,1.07,2096605912.7237132,2.1,19.81,9.52,15.91,25.43,33.41,53.4,41.61,0.0,0.0,0.0,0.0,0.15,1,0.0,0
2949,欣新網,數位雲端類,3.99,5647538000.0,1415423057.6441102,2.11,6772374490.32615,4.78,20.45,12.51,14.44,26.95,69.02,128.82,97.75,65.2,1.5,1.06,1.98,3.63,162,2.69,3
3002,歐格,電子工業,0.35,693459000.0,1981311428.5714288,0.2,848532752.3471279,0.43,101.16,265.23,44.77,310.0,19.25,133.3,43.5,19.0,2.29,1.01,7.02,9.32,18,114.29,144
3003,健和興,電子工業,0.98,4364959000.0,4454039795.918367,0.61,5498946336.981041,1.23,27.56,54.87,11.86,66.73,14.59,82.08,33.9,67.4,0.5,0.22,1.22,25.61,91,7.86,98
2906,高林,貿易百貨,0.47,8788364000.0,18698646808.51064,0.24,8916919647.482784,0.48,31.35,13.28,25.0,38.28,12.0,18.37,15.05,12.95,1.16,0.93,1.42,12.53,18,2.89,15
2881A,富邦特,金融保險,0.0,0.0,0.0,0.0,0.0,0.0,0.0,0.0,0.0,0.0,0.0,0.0,0.0,63.9,0.0,0.0,0.0,1.59,31,0.16,1
2905,三商,貿易百貨,0.71,165658168000.0,233321363380.2817,0.4,125230574642.11671,0.54,29.37,41.09,7.61,48.7,4.11,26.3,15.86,15.3,1.04,0.27,1.72,29.45,59,35.18,175
2903,遠百,貿易百貨,1.56,34266429000.0,21965659615.384613,0.74,33893156944.976536,1.54,15.04,7.01,12.58,19.59,19.37,30.17,23.16,24.05,0.96,0.81,1.25,11.13,17,4.95,163
2881C,富邦金丙特,金融保險,0.0,0.0,0.0,0.0,0.0,0.0,0.0,0.0,0.0,0.0,0.0,0.0,0.0,51.2,0.0,0.0,0.0,0.19,2,4.04,80
2882,國泰金,金融保險,7.06,350182831000.0,49600967563.73938,3.11,338787157792.02795,6.83,11.77,9.35,7.27,16.62,49.65,113.51,80.42,109.5,0.73,0.45,1.04,21.91,182,4.31,183
2882A,國泰特,金融保險,0.0,0.0,0.0,0.0,0.0,0.0,0.0,0.0,0.0,0.0,0.0,0.0,0.0,62.0,0.0,0.0,0.0,0.33,2,0.16,9
2882B,國泰金乙特,金融保險,0.0,0.0,0.0,0.0,0.0,0.0,0.0,0.0,0.0,0.0,0.0,0.0,0.0,60.9,0.0,0.0,0.0,1.69,178,0.49,2
2883,凱基金,金融保險,1.74,69242451000.0,39794512068.965515,1.37,164533805198.25748,4.13,11.71,9.67,7.75,17.42,32.01,71.94,48.37,29.7,1.63,1.08,2.42,20.46,178,3.94,182
2883B,凱基金乙特,金融保險,0.0,0.0,0.0,0.0,0.0,0.0,0.0,0.0,0.0,0.0,0.0,0.0,0.0,8.21,0.0,0.0,0.0,5.4,147,0.9,182
2884,玉山金,金融保險,2.12,90758158000.0,42810451886.79245,1.22,111807168087.11205,2.61,17.35,7.8,13.95,21.75,36.41,56.77,45.27,35.2,1.29,1.03,1.61,6.1,31,11.18,29
2885,元大金,金融保險,2.74,125092925000.0,45654352189.78102,2.07,216932961147.19498,4.75,14.31,10.76,9.86,20.62,46.83,97.94,67.98,65.4,1.04,0.72,1.5,9.13,182,15.13,183
2886,兆豐金,金融保險,2.36,81638284000.0,34592493220.33898,1.31,97061491115.55093,2.81,17.45,5.19,15.19,20.38,42.68,57.27,49.02,44.5,1.1,0.96,1.29,8.79,42,5.52,51
2887,台新新光金,金融保險,1.91,135353846000.0,70865887958.11519,1.44,302619504795.0507,4.27,15.08,15.93,9.93,25.86,42.4,110.42,64.38,32.3,1.99,1.31,3.42,9.09,42,19.35,183
2887E,台新新光戊特一,金融保險,0.0,0.0,0.0,0.0,0.0,0.0,0.0,0.0,0.0,0.0,0.0,0.0,0.0,50.6,0.0,0.0,0.0,0.38,14,0.4,18
2887F,台新新光戊特二,金融保險,0.0,0.0,0.0,0.0,0.0,0.0,0.0,0.0,0.0,0.0,0.0,0.0,0.0,46.85,0.0,0.0,0.0,0.42,4,1.31,182
2887G,台新新光庚特一,金融保險,0.0,0.0,0.0,0.0,0.0,0.0,0.0,0.0,0.0,0.0,0.0,0.0,0.0,43.0,0.0,0.0,0.0,11.66,182,11.66,182
2887H,台新新光庚特二,金融保險,0.0,0.0,0.0,0.0,0.0,0.0,0.0,0.0,0.0,0.0,0.0,0.0,0.0,41.0,0.0,0.0,0.0,11.06,180,11.06,180
2887I,台新新光辛特,金融保險,0.0,0.0,0.0,0.0,0.0,0.0,0.0,0.0,0.0,0.0,0.0,0.0,0.0,9.44,0.0,0.0,0.0,4.67,138,4.67,138
2887Z1,台新新光己特,金融保險,0.0,0.0,0.0,0.0,0.0,0.0,0.0,0.0,0.0,0.0,0.0,0.0,0.0,18.0,0.0,0.0,0.0,0.0,0,2.5,178
2889,國票金,金融保險,0.63,8459319000.0,13427490476.190475,0.5,18002207353.789352,1.34,25.96,16.53,18.9,35.43,25.33,47.48,34.78,15.1,2.3,1.68,3.14,10.65,21,27.78,22
2890,永豐金,金融保險,1.97,73621169000.0,37371151776.64975,1.37,110763780008.54764,2.96,14.33,7.29,10.91,18.2,32.29,53.87,42.43,35.3,1.2,0.91,1.53,13.31,28,14.96,183
2891,中信金,金融保險,4.08,237902628000.0,58309467647.05882,2.09,294115534641.4201,5.04,12.22,7.56,9.5,17.06,47.88,85.98,61.61,70.8,0.87,0.68,1.21,9.66,23,9.48,182
2891B,中信金乙特,金融保險,0.0,0.0,0.0,0.0,0.0,0.0,0.0,0.0,0.0,0.0,0.0,0.0,0.0,64.3,0.0,0.0,0.0,1.83,25,1.26,25
2891C,中信金丙特,金融保險,0.0,0.0,0.0,0.0,0.0,0.0,0.0,0.0,0.0,0.0,0.0,0.0,0.0,62.7,0.0,0.0,0.0,0.0,0,0.0,0
2892,第一金,金融保險,1.87,76661762000.0,40995594652.40642,1.0,87730449123.56523,2.14,15.79,4.08,13.48,17.56,28.85,37.58,33.79,31.8,1.06,0.91,1.18,5.55,42,9.82,51
2897,王道銀行,金融保險,0.61,9927851000.0,16275165573.770493,0.37,12943136108.648598,0.8,12.45,7.97,9.28,17.25,7.42,13.8,9.96,10.5,0.95,0.71,1.31,6.25,25,0.64,2
2897B,王道銀乙特,金融保險,0.0,0.0,0.0,0.0,0.0,0.0,0.0,0.0,0.0,0.0,0.0,0.0,0.0,11.85,0.0,0.0,0.0,3.88,156,1.27,23
2901,欣欣,貿易百貨,0.38,130775000.0,344144736.84210527,0.19,135325942.33222362,0.39,66.11,20.38,54.76,75.14,21.36,29.3,25.78,23.8,1.08,0.9,1.23,5.73,147,4.23,11
2904,匯僑,其他,0.98,483900000.0,493775510.20408165,0.42,395720344.01346415,0.8,16.45,13.79,11.81,25.6,9.45,20.48,13.16,14.15,0.93,0.67,1.45,0.52,8,1.36,18
3004,豐達科,鋼鐵工業,5.85,3988571000.0,681807008.5470086,3.66,5181929268.741389,7.6,17.26,15.47,10.84,26.31,82.38,199.96,131.2,133.0,0.99,0.62,1.5,5.77,14,9.49,79
2642,宅配通,航運業,-1.04,3859459000.0,0.0,0.0,3184312892.3223166,0.0,53.99,52.26,29.3,81.56,0.0,0.0,0.0,21.5,0.0,0.0,0.0,20.56,134,18.92,84
2478,大毅,電子零組件業,3.45,5425300000.0,1572550724.637681,1.89,5961690375.702852,3.79,18.28,44.59,11.21,55.8,42.49,211.48,69.29,207.0,0.33,0.21,1.02,10.19,29,53.64,150
2480,敦陽科,資訊服務業,8.0,8422821000.0,1052852625.0,4.55,9368363342.610495,8.9,18.79,8.04,15.11,23.15,134.48,206.04,167.22,147.0,1.14,0.91,1.4,10.24,172,16.35,57
2481,強茂,半導體業,3.11,12976514000.0,4172512540.1929264,1.71,14448807265.47887,3.46,26.52,36.28,16.1,52.38,55.71,181.23,91.75,140.0,0.66,0.4,1.29,11.76,29,96.22,127
2482,連宇,其他電子業,-1.09,493731000.0,0.0,0.0,453725148.477475,0.0,34.75,32.93,14.33,47.26,0.0,0.0,0.0,16.85,0.0,0.0,0.0,12.39,16,21.88,84
2483,百容,電子工業,0.6,1759470000.0,2932450000.0,0.34,1968819100.455089,0.67,83.65,289.5,23.83,313.33,15.97,209.93,56.04,35.85,1.56,0.45,5.86,7.65,17,23.3,100
2484,希華,電子工業,0.66,2409420000.0,3650636363.6363635,0.32,2350523009.268002,0.64,34.87,81.68,17.37,99.05,11.12,63.39,22.31,70.4,0.32,0.16,0.9,2.82,21,12.03,133
2485,兆赫,通信網路業,-0.96,2424065000.0,0.0,0.0,4569272961.521713,0.0,1732.08,405.0,1512.5,1917.5,0.0,0.0,0.0,60.5,0.0,0.0,0.0,5.46,18,154.87,183
2486,一詮,光電業,0.22,5995655000.0,27252977272.727272,0.13,7243078546.556291,0.27,543.14,1311.2,113.8,1425.0,30.73,384.75,146.65,245.5,0.6,0.13,1.57,15.2,28,28.14,155
2488,漢平,其他電子業,4.56,3025797000.0,663551973.6842105,2.16,3040659271.498751,4.58,10.02,5.37,7.55,12.92,34.58,59.17,45.9,53.5,0.86,0.65,1.11,21.7,168,9.54,72
2489,瑞軒,光電業,1.23,24716288000.0,20094543089.430893,0.62,26645957901.359394,1.33,17.59,45.64,6.19,51.83,8.23,68.93,23.4,45.9,0.51,0.18,1.5,31.98,28,14.89,119
2491,吉祥全,光電業,1.42,177475000.0,124982394.36619718,0.69,167852237.62289038,1.34,28.27,51.76,5.74,57.5,7.69,77.05,37.88,35.8,1.06,0.21,2.15,5.23,21,105.74,177
2492,華新科,電子工業,4.74,36273718000.0,7652683122.362869,2.59,40463490632.02284,5.29,24.61,83.83,10.81,94.64,57.18,500.65,130.19,494.0,0.26,0.12,1.01,7.11,30,69.33,134
2493,揚博,電子工業,4.56,3731121000.0,818228289.4736843,2.4,3957365939.9926357,4.84,20.35,47.55,11.55,59.1,55.9,286.04,98.48,250.0,0.39,0.22,1.14,29.93,137,76.05,74
2477,美隆電,電子工業,1.68,2484147000.0,1478658928.5714285,0.71,2410045998.021235,1.63,18.22,36.04,12.06,48.1,19.66,78.4,29.7,21.85,1.36,0.9,3.59,75.63,134,33.33,72
2476,鉅祥,電子零組件業,4.36,7295984000.0,1673390825.6880732,2.72,9643180884.009377,5.76,21.52,19.84,11.83,31.67,68.14,182.42,123.96,119.5,1.04,0.57,1.53,8.84,18,58.78,86
2460,建通,電子工業,-2.99,3124587000.0,0.0,0.0,4779263379.903504,0.0,0.0,0.0,0.0,0.0,0.0,0.0,0.0,34.85,0.0,0.0,0.0,1.19,9,18.62,177
2461,光群雷,其他電子業,-0.61,5225852000.0,0.0,0.0,5453631132.333249,0.0,18.81,53.86,8.77,62.63,0.0,0.0,0.0,18.65,0.0,0.0,0.0,0.0,0,3.29,71
2462,良得電,電子工業,0.27,4119265000.0,15256537037.037037,0.13,3948707406.372884,0.26,51.17,358.46,12.25,370.71,3.18,96.38,13.3,25.15,0.53,0.13,3.83,0.55,18,26.39,95
2464,盟立,其他電子業,-0.83,6834567000.0,0.0,0.0,7360624554.067636,0.0,100.32,85.84,70.56,156.4,0.0,0.0,0.0,179.5,0.0,0.0,0.0,44.17,23,27.36,86
2465,麗臺,電子工業,0.42,5036165000.0,11990869047.619047,0.29,7427419944.511349,0.62,122.31,172.22,57.27,229.49,35.51,142.28,75.83,79.1,0.96,0.45,1.8,1.99,2,31.3,122
2466,冠西電,光電業,0.23,974812000.0,4238313043.4782605,0.07,699853879.2974231,0.17,83.47,246.49,27.68,274.17,4.71,46.61,14.19,47.85,0.3,0.1,0.97,2.85,183,11.34,24
2467,志聖,電子工業,5.49,5932149000.0,1080537158.4699454,4.42,10106035744.470217,9.35,48.76,88.93,22.81,111.74,213.27,1044.77,455.93,564.0,0.81,0.38,1.85,87.27,72,55.38,182
2468,華經,資訊服務業,1.25,2725131000.0,2180104800.0,0.58,2226360601.561943,1.02,39.43,66.57,17.81,84.38,18.17,86.07,40.22,37.75,1.07,0.48,2.28,5.64,179,6.49,2
2471,資通,資訊服務業,3.62,968338000.0,267496685.08287293,1.99,1109858076.7222629,4.15,17.14,11.06,12.69,23.75,52.66,98.56,71.15,53.3,1.33,0.99,1.85,7.16,29,2.32,17
2472,立隆電,電子工業,8.72,11200459000.0,1284456307.3394494,4.96,12744665878.515066,9.92,14.55,36.58,8.74,45.32,86.7,449.57,144.36,347.5,0.42,0.25,1.29,14.09,29,52.72,134
2474,可成,其他電子業,11.36,19119043000.0,1683014348.5915494,4.18,14166161867.847343,8.42,14.34,15.61,9.01,24.62,75.86,207.3,120.71,205.5,0.59,0.37,1.01,7.24,123,4.82,50
2643,捷迅,航運業,6.3,8198219000.0,1301304603.1746032,2.67,7413227938.208287,5.7,11.64,3.4,10.48,13.88,59.74,79.12,66.33,66.7,0.99,0.9,1.19,1.62,4,1.2,178
2497,怡利電,汽車工業,2.37,4561289000.0,1924594514.7679324,1.26,4929265181.202634,2.56,21.76,25.51,11.57,37.08,29.62,94.92,55.7,62.4,0.89,0.47,1.52,51.88,109,27.73,73
2596,綠意,建材營造,1.86,1379072000.0,741436559.1397849,1.29,1055148294.2667788,1.42,51.51,157.21,13.94,171.15,19.79,243.03,73.14,30.3,2.41,0.65,8.02,42.86,45,1.09,2
2597,潤弘,建材營造,11.1,29977603000.0,2700684954.954955,6.11,36751393541.049614,13.61,15.12,11.12,10.59,21.71,144.13,295.47,205.76,187.5,1.1,0.77,1.58,29.68,45,14.5,38
2603,長榮,航運業,31.68,386268472000.0,12192817929.292929,15.03,346167671830.4869,28.39,4.87,7.71,2.65,10.36,75.23,294.12,138.29,220.5,0.63,0.34,1.33,19.5,157,1.86,2
2605,新興,航運業,1.45,4393818000.0,3030219310.3448277,0.89,5552979128.5916395,1.83,18.93,38.43,7.17,45.6,13.12,83.45,34.65,31.8,1.09,0.41,2.62,6.24,16,35.41,171
2606,裕民,航運業,4.31,15370434000.0,3566225986.0788865,2.41,18898230843.68548,5.3,12.95,9.53,8.55,18.08,45.32,95.82,68.64,61.1,1.12,0.74,1.57,9.68,157,16.97,171
2607,榮運,航運業,3.77,17370304000.0,4607507692.307693,1.87,16541914634.613977,3.59,12.15,11.64,8.67,20.31,31.13,72.91,43.62,49.6,0.88,0.63,1.47,2.19,8,83.31,122
2608,嘉里大榮,航運業,1.98,12880973000.0,6505541919.191919,0.97,12721081107.551651,1.96,15.71,7.12,10.66,17.78,20.89,34.85,30.79,29.05,1.06,0.72,1.2,0.0,0,0.29,66
2609,陽明,航運業,4.9,167762203000.0,34237184285.714283,2.37,155538326191.3519,4.54,7.9,21.82,3.08,24.9,13.98,113.05,35.86,51.0,0.7,0.27,2.22,12.62,175,3.53,1
2610,華航,航運業,2.42,208753674000.0,86261848760.33058,1.37,232882644548.10474,2.7,10.72,10.32,7.11,17.43,19.2,47.06,28.95,21.2,1.37,0.91,2.22,17.43,175,4.44,28
2611,志信,航運業,0.51,675806000.0,1325109803.9215686,0.46,1154070620.6666195,0.87,25.38,76.89,6.27,83.16,5.45,72.35,22.08,13.9,1.59,0.39,5.21,3.12,3,2.24,2
2612,中航,航運業,5.46,4864523000.0,890938278.3882784,2.91,5107725620.106139,5.73,13.56,28.04,6.58,34.62,37.7,198.37,77.7,54.8,1.42,0.69,3.62,5.54,16,57.05,171
2613,中櫃,航運業,1.14,3351986000.0,2940338596.491228,0.59,3560928680.1542144,1.21,29.21,22.47,18.86,41.33,22.82,50.01,35.35,21.8,1.62,1.05,2.29,0.0,0,0.35,60
2615,萬海,航運業,11.21,142685313000.0,12728395450.490633,5.69,139422737145.2315,10.95,26.64,267.85,3.62,271.47,39.64,2972.6,291.69,81.5,3.58,0.49,36.47,20.65,102,1.48,2
2616,山隆,油電燃氣業,-6.25,8190423000.0,0.0,0.0,8686021516.612617,0.0,192.15,193.32,79.81,273.13,0.0,0.0,0.0,13.65,0.0,0.0,0.0,3.32,4,0.65,2
2617,台航,航運業,3.18,4257272000.0,1338764779.8742137,1.74,4760857108.534391,3.56,9.4,4.68,6.51,11.19,23.18,39.84,33.46,30.2,1.11,0.77,1.32,10.16,16,14.97,171
2618,長榮航,航運業,4.84,220126074000.0,45480593801.65289,2.75,246345493167.15088,5.42,7.79,3.42,6.24,9.66,33.82,52.36,42.23,39.75,1.06,0.85,1.32,31.22,175,5.61,17
2630,亞航,航運業,0.99,5484186000.0,5539581818.181818,0.39,4570293960.403019,0.83,55.29,49.51,40.38,89.89,33.52,74.61,45.89,38.7,1.19,0.87,1.93,0.64,3,95.17,79
2633,台灣高鐵,航運業,1.17,54550155000.0,46624064102.5641,0.61,56666832866.449295,1.22,22.94,7.71,18.65,26.36,22.75,32.16,27.99,26.15,1.07,0.87,1.23,2.84,21,1.58,1
2634,漢翔,航運業,0.78,35067533000.0,44958375641.02564,0.41,37708905794.34931,0.84,40.06,60.91,17.23,78.14,14.47,65.64,33.65,46.75,0.72,0.31,1.4,2.08,14,51.35,86
2636,台驊控股,航運業,7.74,21178369000.0,2736223385.01292,3.84,19805545060.981968,7.24,8.55,4.59,6.17,10.76,44.67,77.9,61.91,70.5,0.88,0.63,1.1,1.5,3,1.37,1
2637,慧洋-KY,航運業,5.27,16585078000.0,3147073624.2884254,3.02,20847962558.498177,6.62,11.63,11.97,6.32,18.29,41.84,121.08,77.01,78.4,0.98,0.53,1.54,17.22,151,17.57,171
2641,正德,航運業,2.0,2306951000.0,1153475500.0,1.04,2697377892.510929,2.34,10.51,6.43,7.23,13.66,16.92,31.96,24.59,18.8,1.31,0.9,1.7,5.28,16,10.51,87
2548,華固,建材營造,10.13,17869193000.0,1763987462.9812436,3.32,4888514133340.824,2771.29,26.31,78.04,7.78,85.82,21560.64,237832.11,72903.35,104.0,700.99,207.31,2286.85,1.88,3,7.34,25
2496,卓越,其他,6.13,866192000.0,141303752.03915173,3.06,912215403.2310296,6.46,11.24,4.58,9.86,14.44,63.7,93.28,72.63,65.0,1.12,0.98,1.44,10.4,182,0.55,8
2547,日勝生,建材營造,2.97,6103457000.0,2055036026.9360268,1.79,7166176370.443743,3.49,10.5,76.02,3.62,79.64,12.63,277.94,36.64,11.05,3.32,1.14,25.15,7.69,45,0.4,2
2545,皇翔,建材營造,2.14,6423225000.0,3001507009.345794,1.18,5087744524.294196,1.7,9.97,21.36,5.13,26.49,8.72,45.03,16.94,38.65,0.44,0.23,1.17,38.35,162,0.0,0
2498,宏達電,通信網路業,7.21,3004402000.0,416699306.518724,3.04,2571868667.4242206,6.17,17.12,32.57,5.44,38.01,33.56,234.52,105.64,44.1,2.4,0.76,5.32,12.92,106,92.01,79
2501,國建,建材營造,2.83,25701552000.0,9081820494.699646,2.01,34618581992.63799,3.81,12.21,13.82,5.61,19.43,21.37,74.03,46.5,25.75,1.81,0.83,2.87,1.83,45,24.16,92
2504,國產,建材營造,3.3,22511070000.0,6821536363.636364,1.59,21272357474.860573,3.12,11.77,8.61,9.04,17.65,28.2,55.07,36.73,36.25,1.01,0.78,1.52,17.23,137,2.21,2
2505,國揚,建材營造,2.37,2697064000.0,1138001687.7637131,1.94,7244958053.452766,6.37,23.78,34.95,7.45,42.4,47.46,270.09,151.46,18.55,8.16,2.56,14.56,10.02,45,6.38,10
2506,太設,建材營造,0.02,1131755000.0,56587750000.0,0.01,1549779371.994707,0.03,67.47,448.55,3.95,452.5,0.12,13.58,2.02,9.05,0.22,0.01,1.5,6.58,53,0.48,1
2509,全坤建,建材營造,-0.79,265950000.0,0.0,0.0,248813670.64226982,0.0,205.47,245.81,56.19,302.0,0.0,0.0,0.0,13.95,0.0,0.0,0.0,13.99,31,24.83,92
2511,太子,建材營造,0.33,8409668000.0,25483842424.242424,0.22,10862071710.75538,0.43,40.47,44.56,21.57,66.13,9.28,28.44,17.4,8.12,2.14,1.14,3.5,6.1,45,3.33,37
2514,龍邦,其他,1.85,21456939000.0,11598345405.405405,0.94,23272228360.695408,2.01,7.03,4.46,4.79,9.25,9.63,18.59,14.13,13.8,1.02,0.7,1.35,9.61,30,0.0,0
2515,中工,建材營造,0.4,20623506000.0,51558765000.0,0.28,27212765905.60724,0.53,28.48,26.42,18.21,44.63,9.65,23.65,15.1,13.1,1.15,0.74,1.81,2.53,45,66.35,147
2516,新建,建材營造,1.23,10516424000.0,8549938211.382114,0.49,8176263164.218151,0.96,18.57,34.53,10.21,44.74,9.8,42.95,17.82,13.45,1.32,0.73,3.19,17.15,169,0.0,0
2520,冠德,建材營造,2.73,22083667000.0,8089255311.355311,1.54,28447008978.94001,3.52,7.58,10.56,4.21,14.77,14.82,51.99,26.69,34.5,0.77,0.43,1.51,16.0,31,8.5,37
2524,京城,建材營造,1.7,5418439000.0,3187317058.8235297,0.38,1527406521.476308,0.48,20.17,68.78,4.79,73.57,2.3,35.31,9.68,37.25,0.26,0.06,0.95,143.73,63,15.57,93
2527,宏璟,建材營造,0.93,676610000.0,727537634.4086021,6.43,11031220204.851639,15.16,14.58,37.57,5.12,42.69,77.62,647.18,220.96,39.95,5.53,1.94,16.2,14.76,45,5.7,177
2528,皇普,建材營造,3.65,17483401000.0,4789972876.712329,0.2,1725013160.9495478,0.36,7.42,11.84,3.88,15.72,1.4,5.66,2.67,22.45,0.12,0.06,0.25,13.53,31,0.15,1
2530,華建,建材營造,2.03,7464765000.0,3677224137.931035,0.07,423967295.0619421,0.12,20.04,60.35,9.18,69.53,1.1,8.34,2.4,20.1,0.12,0.05,0.41,23.0,43,2.17,80
2534,宏盛,建材營造,2.07,5569958000.0,2690800966.183575,0.18,570330744.1409091,0.21,35.62,87.73,7.79,95.52,1.64,20.06,7.48,18.25,0.41,0.09,1.1,13.58,43,2.51,2
2535,達欣工,建材營造,6.5,20936358000.0,3220978153.8461537,4.23,27405542456.70582,8.51,11.12,4.65,8.65,13.3,73.61,113.18,94.67,96.6,0.98,0.76,1.17,4.78,44,12.52,137
2536,宏普,建材營造,3.19,11061836000.0,3467660188.0877743,1.78,13806852597.849428,3.98,23.52,48.3,5.8,54.1,23.08,215.32,93.62,21.4,4.37,1.08,10.06,6.85,43,2.19,11
2537,聯上發,建材營造,0.16,1134692000.0,7091825000.0,0.28,2561310100.7917566,0.36,24.88,62.41,8.92,71.33,3.21,25.68,8.96,11.4,0.79,0.28,2.25,20.74,31,0.83,1
2538,基泰,建材營造,0.35,351323000.0,1003780000.0000001,0.17,277238620.2076021,0.28,26.71,38.09,11.55,49.64,3.23,13.9,7.48,10.15,0.74,0.32,1.37,19.0,29,5.79,10
2539,櫻花建,建材營造,3.78,12047638000.0,3187205820.10582,3.31,16987052581.894976,5.33,22.11,41.4,9.84,51.24,52.45,273.11,117.83,38.9,3.03,1.35,7.02,13.82,58,12.16,60
2540,愛山林,建材營造,0.97,11788830000.0,12153432989.690722,0.29,6861633183.965512,0.56,39.94,81.02,15.98,97.0,8.95,54.32,22.37,53.8,0.42,0.17,1.01,22.53,30,11.93,94
2542,興富發,建材營造,2.11,25225332000.0,11955133649.2891,3.01,234411026595.69843,19.61,22.89,48.91,11.55,60.46,226.5,1185.62,448.79,45.05,9.96,5.03,26.32,26.49,31,16.44,93
2543,皇昌,建材營造,2.9,11600814000.0,4000280689.6551723,1.77,16080361890.317745,4.02,18.99,13.71,13.86,27.57,55.72,110.83,76.33,47.0,1.62,1.19,2.36,100.2,116,1.28,2
2546,根基,建材營造,9.73,20986780000.0,2156914696.8139772,4.85,24750682603.224594,11.48,10.61,5.86,8.3,14.16,95.28,162.56,121.82,94.8,1.29,1.01,1.71,6.88,31,16.62,91
3005,神基,電子工業,8.43,39125415000.0,4641211743.772243,4.29,40840097995.87583,8.8,15.78,9.75,11.49,21.24,101.11,186.91,138.84,101.5,1.37,1.0,1.84,6.81,15,28.4,79
3006,晶豪科,半導體業,0.87,13448840000.0,15458436781.609196,1.2,40841843251.86652,2.64,65.54,220.96,20.15,241.11,53.2,636.53,173.02,224.5,0.77,0.24,2.84,5.11,3,75.04,149
3176,基亞,生技醫療業,-0.78,1594260000.0,0.0,0.0,1048639465.80365,0.0,0.0,0.0,0.0,0.0,0.0,0.0,0.0,33.3,0.0,0.0,0.0,1.97,14,7.12,183
3188,鑫龍騰,建材營造,4.05,2525975000.0,623697530.8641976,4.02,22755310266.13953,36.48,12.18,19.86,3.72,23.58,135.71,860.2,444.19,24.45,18.17,5.55,35.18,66.62,45,8.01,165
3189,景碩,半導體業,3.51,38607846000.0,10999386324.786325,2.1,49651768766.313774,4.51,246.75,886.55,63.45,950.0,286.16,4284.5,1112.82,642.0,1.73,0.45,6.67,43.48,30,82.49,176
3191,雲嘉南,電子零組件業,0.51,174633000.0,342417647.0588235,0.25,166602074.20981842,0.49,43.08,93.86,26.37,120.23,12.92,58.91,21.11,19.05,1.11,0.68,3.09,14.29,8,32.53,176
3205,佰研,生技醫療業,-1.06,378949000.0,0.0,0.0,525097388.2801948,0.0,0.0,0.0,0.0,0.0,0.0,0.0,0.0,52.8,0.0,0.0,0.0,22.99,15,44.21,85
3206,志豐,電子零組件業,2.02,3236211000.0,1602084653.4653466,0.96,3008051158.797287,1.88,13.22,17.59,7.71,25.3,14.49,47.56,24.85,37.8,0.66,0.38,1.26,2.4,24,1.87,32
3207,耀勝,電子零組件業,-0.82,1826510000.0,0.0,0.0,2075115955.5319822,0.0,497.76,924.63,133.7,1058.33,0.0,0.0,0.0,67.0,0.0,0.0,0.0,12.76,32,0.68,1
3209,全科,電子工業,3.02,46097848000.0,15264188079.470198,2.1,62252887211.49409,4.08,13.93,12.9,9.77,22.67,39.86,92.49,56.84,60.6,0.94,0.66,1.53,18.98,114,0.79,16
3211,順達,電腦及週邊設備業,9.04,12836889000.0,1420009845.1327436,4.97,15978333024.931114,11.25,21.66,41.54,5.74,47.28,64.58,531.9,243.67,437.5,0.56,0.15,1.22,145.41,172,121.25,88
3213,茂訊,電腦及週邊設備業,7.4,2852455000.0,385466891.8918919,4.14,3308554121.7201934,8.58,12.7,12.36,8.31,20.67,71.3,177.35,108.96,135.0,0.81,0.53,1.31,2.63,3,29.35,85
3217,優群,電子零組件業,12.69,4088779000.0,322204806.93459415,5.94,4025369392.9087424,12.49,14.23,9.39,10.04,19.43,125.4,242.68,177.74,167.0,1.06,0.75,1.45,2.87,9,30.16,141
3218,大學光,生技醫療業,12.31,4192529000.0,340579122.6645004,6.49,4244248744.171265,12.46,15.15,10.2,10.03,20.23,124.97,252.07,188.74,133.0,1.42,0.94,1.9,3.82,21,12.05,37
3221,台嘉碩,通信網路業,0.07,2201258000.0,31446542857.142853,0.04,2361922455.7610264,0.08,311.97,1830.71,16.79,1847.5,1.34,147.8,24.96,59.8,0.42,0.02,2.47,5.69,30,36.89,126
3224,三顧,電子通路業,-1.54,1500335000.0,0.0,0.0,1602507059.376688,0.0,0.0,0.0,0.0,0.0,0.0,0.0,0.0,37.9,0.0,0.0,0.0,18.53,9,33.6,150
3226,龍鋒,電機機械,0.24,1641105000.0,6837937500.0,0.1,1089004791.2450614,0.16,30.82,180.09,6.79,186.88,1.09,29.9,4.93,48.9,0.1,0.02,0.61,7.77,23,7.89,149
3227,原相,半導體業,12.38,9123528000.0,736957027.4636511,6.4,9084642649.826818,12.33,19.39,16.48,13.86,30.34,170.89,374.09,239.04,215.5,1.11,0.79,1.74,63.02,101,16.86,109
3228,金麗科,半導體業,-2.03,306400000.0,0.0,0.0,318275893.5322561,0.0,0.0,0.0,0.0,0.0,0.0,0.0,0.0,193.0,0.0,0.0,0.0,2.72,2,0.58,24
3229,晟鈦,電子工業,-0.43,1001150000.0,0.0,0.0,1514628369.0625272,0.0,218.85,1008.36,79.64,1088.0,0.0,0.0,0.0,44.65,0.0,0.0,0.0,41.97,21,88.31,183
3169,亞信,半導體業,3.67,937780000.0,255525885.5585831,1.86,902045632.7341594,3.53,27.89,15.32,21.2,36.52,74.84,128.92,98.47,107.0,0.92,0.7,1.2,1.5,3,20.81,94
3230,錦明,光電業,-1.6,415534000.0,0.0,0.0,375883573.40984744,0.0,13.28,12.79,6.88,19.67,0.0,0.0,0.0,28.75,0.0,0.0,0.0,275.6,120,105.29,85
3168,眾福科,電子工業,2.61,3411575000.0,1307116858.2375479,1.39,3664417482.2317376,2.8,17.08,7.35,12.34,19.69,34.55,55.13,47.83,48.65,0.98,0.71,1.13,6.48,2,1.62,1
3167,大量,電機機械,8.13,4865952000.0,598518081.1808118,7.22,10377906525.896261,17.34,104.86,319.55,30.45,350.0,528.0,6069.0,1818.28,800.0,2.27,0.66,7.59,191.16,119,83.59,177
3114,好德,電子零組件業,2.23,3038288000.0,1362460986.5470853,1.13,3164503071.5567827,2.32,18.22,24.14,10.15,34.29,23.55,79.55,42.28,42.7,0.99,0.55,1.86,3.79,21,17.14,150
3115,富榮綱,電子零組件業,-0.46,4770000.0,0.0,0.0,8831011.122345805,0.0,0.0,0.0,0.0,0.0,0.0,0.0,0.0,0.0,0.0,0.0,0.0,14.85,35,2.63,2
3118,進階,生技醫療業,2.46,730311000.0,296874390.24390244,1.16,692431594.8143488,2.33,15.48,5.04,13.0,18.04,30.29,42.03,36.06,31.3,1.15,0.97,1.34,0.97,14,4.6,133
3122,笙泉,半導體業,-1.75,331361000.0,0.0,0.0,309800557.11064327,0.0,0.0,0.0,0.0,0.0,0.0,0.0,0.0,30.9,0.0,0.0,0.0,3.21,1,46.02,22
3128,昇銳,光電業,1.36,1127451000.0,829008088.2352941,0.62,950944242.3812898,1.15,23.43,32.43,10.56,42.99,12.14,49.44,26.94,23.9,1.13,0.51,2.07,11.82,39,34.4,21
3135,凌航,半導體業,6.28,4559917000.0,726101433.1210191,14.91,89669926626.96222,123.5,76.2,203.36,13.31,216.67,1643.78,26758.74,9410.09,193.0,48.76,8.52,138.65,10.03,147,91.47,172
3138,耀登,通信網路業,1.54,1696087000.0,1101355194.8051949,0.82,2032198759.491413,1.85,63.08,154.19,22.64,176.83,41.88,327.14,116.7,136.0,0.86,0.31,2.41,1.89,28,24.42,99
3147,大綜,資訊服務業,8.86,8382879000.0,946148871.3318285,7.92,13496347008.988806,14.26,17.99,27.67,11.52,39.19,164.28,558.85,256.53,350.0,0.73,0.47,1.6,31.89,74,20.21,57
3149,正達,光電業,-2.88,2236900000.0,0.0,0.0,2475675218.6840544,0.0,0.0,0.0,0.0,0.0,0.0,0.0,0.0,88.0,0.0,0.0,0.0,58.89,122,43.7,114
3152,璟德,通信網路業,9.42,1453293000.0,154277388.53503186,4.74,1380392554.4274552,8.95,21.79,29.89,10.82,40.71,96.84,364.35,194.98,214.5,0.91,0.45,1.7,0.0,0,27.85,60
3158,嘉實,資訊服務業,7.28,272213000.0,37391895.604395606,0.0,0.0,0.0,12.93,2.04,12.26,14.3,0.0,0.0,0.0,84.5,0.0,0.0,0.0,41.94,106,9.41,59
3162,精確,電機機械,1.7,7712670000.0,4536864705.882353,0.92,8354787586.195455,1.84,43.52,94.03,20.41,114.44,37.55,210.57,80.08,83.6,0.96,0.45,2.52,27.48,122,46.11,144
3163,波若威,通信網路業,6.22,2168399000.0,348617202.5723473,3.7,2732706256.3595624,7.84,60.32,189.51,18.69,208.2,146.53,1632.29,472.92,876.0,0.54,0.17,1.86,49.79,30,116.85,179
3164,景岳,化學生技醫療,0.66,409110000.0,619863636.3636364,0.3,372104673.48275286,0.6,45.03,87.11,25.67,112.78,15.4,67.67,27.02,16.4,1.65,0.94,4.13,0.63,15,6.48,35
3105,穩懋,半導體業,4.0,16253435000.0,4063358750.0,2.39,21817933765.548306,5.37,104.41,429.72,27.04,456.76,145.2,2452.8,560.69,493.0,1.14,0.29,4.98,16.77,30,118.64,182
3231,緯創,電子工業,9.02,2036922031000.0,225822841574.2794,7.42,4296146952582.976,19.02,18.34,10.84,12.39,23.23,235.66,441.83,348.85,158.0,2.21,1.49,2.8,16.9,161,31.09,113
3232,昱捷,電子通路業,0.29,909225000.0,3135258620.6896553,0.16,890549387.1407068,0.28,95.8,128.89,53.11,182.0,14.87,50.96,26.83,22.65,1.18,0.66,2.25,7.43,58,0.0,0
3308,聯德,電子零組件業,0.68,6815000.0,10022058.823529411,0.46,8845732.323232323,0.88,39.06,187.81,11.77,199.58,10.36,175.63,34.38,20.55,1.67,0.5,8.55,9.98,1,1.67,17
3310,佳穎,電子零組件業,3.55,2657456000.0,748579154.9295775,1.23,1354148065.3646872,1.81,25.46,33.77,16.17,49.94,29.27,90.39,46.09,65.7,0.7,0.45,1.38,6.75,18,11.42,18
3311,閎暉,通信網路業,1.62,2377310000.0,1467475308.6419752,0.77,2225046862.468281,1.52,37.26,47.91,19.68,67.59,29.91,102.74,56.64,39.95,1.42,0.75,2.57,3.31,21,17.48,44
3312,弘憶股,電子工業,1.74,20699880000.0,11896482758.62069,1.0,22595702308.849728,1.9,31.96,64.98,14.94,79.92,28.39,151.85,60.73,56.0,1.08,0.51,2.71,46.94,24,0.0,0
3317,尼克森,半導體業,1.8,2705899000.0,1503277222.222222,0.95,2851294400.3997436,1.9,20.56,32.35,13.19,45.54,25.06,86.53,39.07,77.4,0.5,0.32,1.12,0.0,0,33.64,133
3321,同泰,電子工業,-2.77,2164390000.0,0.0,0.0,2271918482.062617,0.0,0.0,0.0,0.0,0.0,0.0,0.0,0.0,22.25,0.0,0.0,0.0,24.57,42,280.17,171
3322,建舜電,電子零組件業,-0.96,2983337000.0,0.0,0.0,3159658045.348768,0.0,73.8,68.16,37.29,105.45,0.0,0.0,0.0,14.5,0.0,0.0,0.0,1.48,17,18.73,58
3323,加百裕,電腦及週邊設備業,-1.92,5105491000.0,0.0,0.0,4531780319.163854,0.0,0.0,0.0,0.0,0.0,0.0,0.0,0.0,35.55,0.0,0.0,0.0,65.82,170,75.16,87
3324,雙鴻,其他電子類,28.2,21817975000.0,773687056.7375886,22.43,40227404252.48513,51.99,37.26,46.79,18.7,65.49,972.21,3404.83,1937.39,1050.0,1.85,0.93,3.24,16.19,18,58.93,140
3325,旭品,電腦及週邊設備業,-1.64,1256726000.0,0.0,0.0,831038533.3310311,0.0,255.79,84.09,196.82,280.91,0.0,0.0,0.0,12.3,0.0,0.0,0.0,0.0,0,17.73,95
3332,幸康,電子零組件業,3.53,1602596000.0,453993201.1331445,2.0,1778900732.9242792,3.92,18.31,12.73,14.31,27.04,56.1,106.0,71.78,63.1,1.14,0.89,1.68,0.0,0,36.36,141
3338,泰碩,電子工業,1.81,3671826000.0,2028633149.1712706,0.88,3400821822.0253363,1.68,24.67,47.53,13.22,60.75,22.21,102.06,41.45,73.8,0.56,0.3,1.38,8.88,11,32.18,57
3339,泰谷,光電業,-2.02,793716000.0,0.0,0.0,976282423.0420464,0.0,134.63,105.27,85.64,190.91,0.0,0.0,0.0,49.5,0.0,0.0,0.0,9.36,1,8.45,8
3346,麗清,汽車工業,0.12,8707292000.0,72560766666.66667,0.05,7436464276.492163,0.1,68.45,283.79,9.34,293.13,0.93,29.31,6.84,24.75,0.28,0.04,1.18,5.59,24,0.8,1
3349,寶德,電腦及週邊設備業,-1.04,506986000.0,0.0,0.0,333906275.18183863,0.0,0.0,0.0,0.0,0.0,0.0,0.0,0.0,18.25,0.0,0.0,0.0,30.42,39,81.21,183
3354,律勝,電子零組件業,-0.84,96893000.0,0.0,0.0,124118615.05039632,0.0,0.0,0.0,0.0,0.0,0.0,0.0,0.0,27.6,0.0,0.0,0.0,42.06,126,38.15,171
3356,奇偶,光電業,6.21,1017729000.0,163885507.2463768,3.42,1089729074.654726,6.65,11.77,19.27,5.06,24.33,33.65,161.79,78.24,58.2,1.34,0.58,2.78,9.31,17,12.72,100
3357,臺慶科,電子零組件業,10.26,6493208000.0,632866276.803119,5.98,7708921746.971002,12.18,17.63,22.08,11.05,33.13,134.59,403.52,214.68,301.0,0.71,0.45,1.34,3.55,29,71.01,157
3360,尚立,電子通路業,-0.49,6823561000.0,0.0,0.0,11420895422.006699,0.0,0.0,0.0,0.0,0.0,0.0,0.0,0.0,15.3,0.0,0.0,0.0,20.36,98,16.94,59
3306,鼎天,通信網路業,1.95,1067643000.0,547509230.7692307,0.92,1165582165.3156164,2.13,20.3,22.54,11.35,33.89,24.18,72.19,43.25,47.5,0.91,0.51,1.52,17.81,23,69.88,129
3305,昇貿,其他電子業,3.16,10218236000.0,3233618987.341772,2.38,16351464424.03199,5.06,30.05,38.86,14.61,53.47,73.93,270.56,152.05,140.5,1.08,0.53,1.93,8.93,3,170.18,88
3234,光環,通信網路業,-1.4,673287000.0,0.0,0.0,673399833.5430449,0.0,0.0,0.0,0.0,0.0,0.0,0.0,0.0,122.5,0.0,0.0,0.0,25.85,175,34.33,170
3236,千如,電子零組件業,0.32,2009218000.0,6278806250.0,0.19,2483430690.7629757,0.4,158.1,403.22,80.53,483.75,32.21,193.5,63.24,65.8,0.96,0.49,2.94,7.62,172,76.95,170
3257,虹冠電,半導體業,3.43,1035739000.0,301964723.03207,1.03,706001203.6076268,2.34,21.25,19.23,13.26,32.49,31.03,76.03,49.72,55.1,0.9,0.56,1.38,19.9,128,27.11,133
3259,鑫創,半導體業,-2.36,283935000.0,0.0,0.0,275087731.1085699,0.0,0.0,0.0,0.0,0.0,0.0,0.0,0.0,16.65,0.0,0.0,0.0,41.61,17,7.43,149
3260,威剛,半導體業,23.14,50120672000.0,2165975453.759723,25.59,133073905164.86488,61.44,14.36,27.85,6.8,34.65,417.79,2128.9,881.99,417.0,2.12,1.0,5.11,2.7,3,132.18,149
3264,欣銓,半導體業,6.0,13781453000.0,2296908833.3333335,3.6,17378920888.627033,7.57,18.75,28.11,10.42,38.53,78.88,291.67,141.93,220.0,0.65,0.36,1.33,2.14,3,26.25,140
3265,台星科,半導體業,5.48,4581276000.0,835999270.0729927,3.24,5648553525.227789,6.76,20.24,22.58,11.28,33.86,76.25,228.89,136.84,172.0,0.8,0.44,1.33,13.04,4,17.8,178
3266,昇陽,建材營造,0.58,1779877000.0,3068753448.275862,0.32,1798350880.7146919,0.59,11.43,16.84,7.56,24.4,4.46,14.4,6.74,13.5,0.5,0.33,1.07,1.37,17,3.93,17
3268,海德威,半導體業,-1.33,927369000.0,0.0,0.0,974172582.3875138,0.0,74.84,45.38,45.0,90.38,0.0,0.0,0.0,21.6,0.0,0.0,0.0,4.44,9,3.42,59
3272,東碩,電腦及週邊設備業,-7.68,2947040000.0,0.0,0.0,2475240760.587528,0.0,0.0,0.0,0.0,0.0,0.0,0.0,0.0,16.8,0.0,0.0,0.0,20.84,128,0.75,2
3276,宇環,電子零組件業,0.21,504802000.0,2403819047.6190476,0.13,593634966.8601736,0.25,82.51,112.01,24.66,136.67,6.16,34.17,20.63,15.4,1.34,0.4,2.22,14.45,21,31.72,65
3284,太普高,其他,2.38,858605000.0,360758403.3613446,1.18,832951646.1800605,2.31,15.89,39.46,6.76,46.22,15.62,106.77,36.7,20.2,1.82,0.77,5.29,74.21,59,0.0,0
3285,微端,其他電子類,0.7,662942000.0,947060000.0000001,0.56,1059678506.9502368,1.12,37.3,70.89,20.25,91.14,22.68,102.08,41.78,46.0,0.91,0.49,2.22,15.49,18,25.59,100
3287,廣寰科,電腦及週邊設備業,1.5,907187000.0,604791333.3333334,0.77,1051293553.3233756,1.74,23.52,33.53,10.9,44.43,18.97,77.31,40.92,33.8,1.21,0.56,2.29,9.96,1,10.58,22
3288,點晶,電子零組件業,-0.64,77563000.0,0.0,0.0,77289303.04319535,0.0,813.03,185.0,742.5,927.5,0.0,0.0,0.0,22.35,0.0,0.0,0.0,34.87,8,6.95,141
3289,宜特,其他電子類,4.81,4777382000.0,993218711.0187111,2.29,4784524002.351487,4.82,23.7,30.98,12.78,43.76,61.6,210.92,114.21,169.5,0.67,0.36,1.24,45.02,128,26.29,84
3290,東浦,電子零組件業,2.21,2309567000.0,1045052941.1764706,1.65,3903788378.9843593,3.74,19.36,16.75,9.69,26.44,36.24,98.89,72.42,66.0,1.1,0.55,1.5,37.73,126,95.8,128
3293,鈊象,文化創意業,38.51,21791052000.0,565854375.4868865,22.03,25107627882.219658,44.37,23.25,23.7,13.19,36.89,585.24,1636.81,1031.73,772.0,1.34,0.76,2.12,27.0,25,0.0,0
3294,英濟,電子零組件業,-0.48,3657141000.0,0.0,0.0,3310348221.9707947,0.0,68.28,51.43,38.79,90.22,0.0,0.0,0.0,38.15,0.0,0.0,0.0,23.8,30,55.26,79
3296,勝德,電子工業,0.61,1601750000.0,2625819672.1311474,0.31,1593532951.1684349,0.61,178.1,950.27,16.4,966.67,10.0,589.67,108.64,24.65,4.41,0.41,23.92,39.67,178,35.25,60
3297,杭特,光電業,0.47,195991000.0,417002127.6595745,0.26,239527554.5749748,0.57,320.29,1261.2,58.8,1320.0,33.52,752.4,182.56,31.0,5.89,1.08,24.27,83.76,18,65.27,24
3303,岱稜,其他電子類,4.57,3015706000.0,659891903.7199124,2.46,3258481912.448529,4.94,13.09,12.74,9.46,22.2,46.73,109.67,64.67,59.7,1.08,0.78,1.84,71.43,144,4.28,84
3141,晶宏,半導體業,0.54,1635291000.0,3028316666.6666665,0.27,1745940715.8644354,0.58,80.58,104.57,41.38,145.95,24.0,84.65,46.74,71.3,0.66,0.34,1.19,5.13,16,12.5,31
3094,聯傑,電子工業,0.26,192361000.0,739850000.0,0.14,187308295.84076977,0.25,139.95,170.99,61.09,232.08,15.27,58.02,34.99,36.15,0.97,0.42,1.6,26.46,23,10.74,95
3025,星通,通信網路業,3.45,559413000.0,162148695.6521739,2.5,1124412505.7365878,6.93,19.86,25.17,11.88,37.05,82.33,256.76,137.6,70.2,1.96,1.17,3.66,22.37,113,25.65,182
3026,禾伸堂,電子工業,6.58,13298266000.0,2021013069.9088147,3.7,14910508236.152147,7.38,20.97,96.04,12.21,108.25,90.11,798.88,154.79,815.0,0.19,0.11,0.98,0.61,4,42.43,129
3027,盛達,通信網路業,-1.05,2214276000.0,0.0,0.0,1040632898.8497441,0.0,51.03,35.21,29.68,64.89,0.0,0.0,0.0,20.7,0.0,0.0,0.0,5.76,15,0.76,2
3028,增你強,電子工業,3.15,40725187000.0,12928630793.650793,2.69,76618014301.99028,5.93,16.79,14.0,11.33,25.33,67.19,150.21,99.55,74.8,1.33,0.9,2.01,0.28,18,22.24,150
3029,零壹,資訊服務業,6.54,24933295000.0,3812430428.134557,3.48,26685956972.562664,7.0,21.13,22.74,13.88,36.62,97.16,256.34,147.88,102.0,1.45,0.95,2.51,105.78,177,13.33,85
3030,德律,其他電子業,10.49,8268662000.0,788242326.0247855,6.79,10826877533.647478,13.74,21.25,28.69,10.78,39.47,148.12,542.32,291.97,330.5,0.88,0.45,1.64,1.45,16,69.29,74
3095,及成,通信網路業,-2.0,612881000.0,0.0,0.0,740681703.18629,0.0,28.56,51.85,12.56,64.41,0.0,0.0,0.0,38.6,0.0,0.0,0.0,97.11,39,3.74,2
3031,佰鴻,光電業,1.09,1133837000.0,1040217431.1926605,0.62,1313244760.1925864,1.26,18.77,18.01,12.95,30.96,16.32,39.01,23.65,28.25,0.84,0.58,1.38,19.91,122,17.03,128
3032,偉訓,電子工業,-7.94,10818284000.0,0.0,0.0,12448117195.616945,0.0,15.19,16.54,9.21,25.75,0.0,0.0,0.0,84.0,0.0,0.0,0.0,31.2,178,64.15,42
3033,威健,電子工業,1.81,109006122000.0,60224376795.58011,1.05,126560093441.92972,2.1,16.5,10.11,11.68,21.79,24.53,45.76,34.66,48.8,0.71,0.5,0.94,6.51,24,8.51,50
3034,聯詠,半導體業,26.87,101870569000.0,3791238146.6319313,12.95,93717699680.76553,24.72,14.81,8.24,12.54,20.78,309.99,513.68,366.15,500.0,0.73,0.62,1.03,1.13,2,5.8,17
3035,智原,半導體業,2.81,18137133000.0,6454495729.537367,0.84,8273550693.430434,1.28,56.4,77.75,38.47,116.22,49.24,148.76,72.19,201.0,0.36,0.24,0.74,9.97,29,5.01,16
3036,文曄,電子工業,11.6,1175163222000.0,101307174310.34483,9.89,2181552416755.5935,21.53,18.71,18.6,11.09,29.69,238.77,639.23,402.85,219.0,1.84,1.09,2.92,9.17,9,25.4,142
3037,欣興,電子工業,4.38,128735949000.0,29391769178.08219,2.63,163203949002.16534,5.55,70.88,192.2,21.2,213.4,117.66,1184.37,393.4,981.0,0.4,0.12,1.21,17.12,30,120.87,177
3024,憶聲,電子工業,0.27,2320313000.0,8593751851.85185,0.05,610378793.5339576,0.07,43.9,185.13,12.65,197.78,0.89,13.84,3.07,12.15,0.25,0.07,1.14,16.79,45,2.21,11
3023,信邦,電子工業,13.02,31359136000.0,2408535791.09063,7.03,33147484586.88867,13.76,18.47,13.07,12.69,25.76,174.61,354.46,254.12,313.0,0.81,0.56,1.13,16.95,36,9.87,63
3008,大立光,光電業,159.41,61150341000.0,383604171.6328963,81.08,68357929624.418655,178.2,14.8,21.07,9.27,30.34,1651.91,5406.59,2636.98,4860.0,0.54,0.34,1.11,22.61,24,6.57,113
3010,華立,電子工業,8.84,77983858000.0,8821703393.66516,5.04,90399636764.30707,10.25,13.46,8.0,9.17,17.17,93.99,175.99,138.01,129.5,1.07,0.73,1.36,16.17,29,21.47,183
3011,今皓,電子工業,-2.55,786448000.0,0.0,0.0,486542852.75722814,0.0,0.0,0.0,0.0,0.0,0.0,0.0,0.0,14.55,0.0,0.0,0.0,9.62,126,50.44,64
3013,晟銘電,電子工業,4.03,10402632000.0,2581298263.027295,2.5,12423176844.019041,4.81,41.02,65.2,21.49,86.69,103.37,416.98,197.32,110.5,1.79,0.94,3.77,78.84,147,11.11,175
3014,聯陽,半導體業,9.51,6951047000.0,730919768.6645637,4.7,6805713355.396597,9.31,13.91,7.1,10.97,18.07,102.13,168.23,129.52,150.0,0.86,0.68,1.12,3.95,17,3.68,11
3015,全漢,電子工業,1.86,13156678000.0,7073482795.698924,0.87,12427681070.36674,1.76,28.52,24.77,15.96,40.73,28.09,71.68,50.2,57.0,0.88,0.49,1.26,7.29,171,6.22,136
3016,嘉晶,半導體業,0.07,3837008000.0,54814399999.99999,0.04,4761859777.940922,0.09,1041.99,7230.54,29.46,7260.0,2.65,653.4,93.78,119.5,0.78,0.02,5.47,7.34,18,95.25,133
3017,奇鋐,電子工業,49.17,132329140000.0,2691257677.4455967,35.11,255406557966.73117,94.9,35.78,44.05,16.15,60.2,1532.64,5712.98,3395.51,2370.0,1.43,0.65,2.41,5.81,11,106.67,147
3018,隆銘綠能,其他電子業,-2.14,562789000.0,0.0,0.0,215048610.571623,0.0,0.0,0.0,0.0,0.0,0.0,0.0,0.0,11.55,0.0,0.0,0.0,124.83,151,5.72,8
3019,亞光,光電業,6.6,26484102000.0,4012742727.2727275,3.35,29920651296.331898,7.46,24.08,20.25,18.26,38.51,136.22,287.28,179.67,164.0,1.1,0.83,1.75,101.82,183,21.2,84
3021,鴻名,電子工業,0.32,3240411000.0,10126284375.0,0.15,3496479197.1459446,0.35,46.46,103.19,14.46,117.65,5.06,41.18,16.26,31.65,0.51,0.16,1.3,62.61,130,12.04,63
3022,威強電,電子工業,4.62,6419504000.0,1389503030.3030303,2.71,6997407169.302577,5.04,12.02,16.95,7.72,24.67,38.91,124.34,60.6,82.6,0.73,0.47,1.51,18.89,31,2.55,17
3038,全台,光電業,1.11,3064638000.0,2760935135.1351347,0.52,2788334586.278767,1.01,14.76,18.49,8.32,26.81,8.4,27.08,14.91,22.85,0.65,0.37,1.19,1.1,14,4.24,182
3040,遠見,其他,0.32,132227000.0,413209375.0,0.16,133837666.33744857,0.32,72.83,143.33,29.25,172.58,9.36,55.23,23.31,38.4,0.61,0.24,1.44,40.16,168,65.23,85
3058,立德,電子工業,-1.44,3179968000.0,0.0,0.0,3071136035.109078,0.0,0.0,0.0,0.0,0.0,0.0,0.0,0.0,9.27,0.0,0.0,0.0,0.0,0,47.12,64
3059,華晶科,光電業,1.24,8728393000.0,7039026612.903226,0.6,9229357268.25356,1.31,34.21,29.43,25.35,54.78,33.21,71.76,44.81,47.65,0.94,0.7,1.51,7.09,21,58.69,84
3060,銘異,電子工業,-0.4,3807613000.0,0.0,0.0,4201505844.957591,0.0,44.93,31.18,34.04,65.22,0.0,0.0,0.0,33.9,0.0,0.0,0.0,4.09,18,50.57,179
3062,建漢,通信網路業,0.7,4240911000.0,6058444285.714286,0.34,4421701125.571833,0.73,345.18,2940.32,9.68,2950.0,7.07,2153.5,251.98,25.15,10.02,0.28,85.63,50.38,143,21.99,136
3064,泰偉,文化創意業,-3.52,82696000.0,0.0,0.0,75617285.25539519,0.0,371.94,1166.14,123.86,1290.0,0.0,0.0,0.0,19.2,0.0,0.0,0.0,35.17,8,12.2,29
3066,李洲,光電業,-1.39,241414000.0,0.0,0.0,304897365.0264863,0.0,49.77,331.06,11.08,342.14,0.0,0.0,0.0,20.35,0.0,0.0,0.0,68.14,126,21.57,59
3071,協禧,電腦及週邊設備業,0.57,2306306000.0,4046150877.1929827,0.36,2975357969.9619813,0.74,34.07,38.81,19.79,58.6,14.64,43.36,25.21,32.6,0.77,0.45,1.33,4.92,18,49.46,77
3078,僑威,電子零組件業,6.07,10447611000.0,1721187973.6408565,1.94,5827951104.068982,3.39,12.18,9.25,8.73,17.98,29.59,60.95,41.28,55.5,0.74,0.53,1.1,2.79,21,12.47,58
3081,聯亞,通信網路業,4.66,2061242000.0,442326609.44206005,4.38,4373278481.920474,9.89,456.02,1193.76,146.24,1340.0,1446.31,13252.6,4510.0,2280.0,1.98,0.63,5.81,157.63,119,92.21,182
3083,網龍,文化創意業,0.43,380390000.0,884627906.9767442,0.22,481020459.1198282,0.54,620.04,3722.22,37.78,3760.0,20.4,2030.4,334.82,29.4,11.39,0.69,69.06,11.79,11,1.23,14
3086,華義*,文化創意業,-0.64,156507000.0,0.0,0.0,151458449.25573435,0.0,347.12,1100.66,66.01,1166.67,0.0,0.0,0.0,36.5,0.0,0.0,0.0,69.01,98,63.01,162
3088,艾訊,電腦及週邊設備業,4.68,6889683000.0,1472154487.1794872,3.13,9381445889.762796,6.37,16.08,14.17,11.45,25.62,72.94,163.2,102.45,136.5,0.75,0.53,1.2,10.29,172,1.43,35
3090,日電貿,電子工業,8.01,15451185000.0,1928986891.385768,4.74,18855932936.855633,9.78,18.71,46.22,12.43,58.65,121.57,573.6,183.01,275.0,0.67,0.44,2.09,13.08,170,36.07,178
3092,鴻碩,電子工業,-5.14,1651362000.0,0.0,0.0,1550824587.448487,0.0,0.0,0.0,0.0,0.0,0.0,0.0,0.0,29.3,0.0,0.0,0.0,6.55,137,1.88,17
3093,港建*,其他電子類,1.22,2019834000.0,1655601639.3442624,0.41,1042583703.1869227,0.63,25.65,61.62,14.24,75.86,8.97,47.79,16.16,64.0,0.25,0.14,0.75,13.77,8,7.07,57
3057,喬鼎,電腦及週邊設備業,-0.95,620855000.0,0.0,0.0,612262905.8859433,0.0,0.0,0.0,0.0,0.0,0.0,0.0,0.0,19.75,0.0,0.0,0.0,22.07,17,51.57,150
3055,蔚華科,電子通路業,-2.68,431835000.0,0.0,0.0,578939109.6504538,0.0,0.0,0.0,0.0,0.0,0.0,0.0,0.0,85.1,0.0,0.0,0.0,17.91,9,44.81,179
3056,富華新,建材營造,1.46,7242624000.0,4960701369.863014,0.11,574316208.946503,0.12,61.23,380.04,2.46,382.5,0.3,45.9,7.35,15.05,0.49,0.02,3.05,15.07,45,4.67,38
3041,揚智,半導體業,-3.45,1243147000.0,0.0,0.0,1819529261.5951886,0.0,0.0,0.0,0.0,0.0,0.0,0.0,0.0,26.4,0.0,0.0,0.0,66.6,183,27.91,95
3042,晶技,電子工業,5.28,13362235000.0,2530726325.7575755,2.71,13957679285.428726,5.52,17.81,34.37,12.1,46.47,66.79,256.51,98.31,229.0,0.43,0.29,1.12,1.68,128,9.68,98
3043,科風,其他電子業,-2.67,899132000.0,0.0,0.0,725733748.384259,0.0,53.46,86.99,23.21,110.2,0.0,0.0,0.0,23.85,0.0,0.0,0.0,45.98,171,17.99,65
3044,健鼎,電子零組件業,19.45,72704288000.0,3738009665.8097687,11.82,91619774477.62286,24.51,15.86,17.25,9.28,26.53,227.45,650.25,388.84,546.0,0.71,0.42,1.19,6.1,4,56.53,140
3045,台灣大,通信網路業,4.77,197871798000.0,41482557232.70441,2.41,204835180377.31036,4.94,24.16,6.22,21.93,28.15,108.33,139.06,119.38,120.5,0.99,0.9,1.15,10.23,98,1.28,2
3046,建碁,電子工業,4.01,7193415000.0,1793869077.3067334,2.29,8684786365.074736,4.84,13.6,10.52,9.45,19.97,45.74,96.65,65.82,57.0,1.15,0.8,1.7,3.12,77,4.86,178
3047,訊舟,通信網路業,-0.9,3860331000.0,0.0,0.0,2475734162.328388,0.0,92.65,164.72,17.78,182.5,0.0,0.0,0.0,15.4,0.0,0.0,0.0,84.33,24,24.47,73
3048,益登,電子工業,2.01,115983074000.0,57703021890.54727,1.22,140220177412.50818,2.43,62.84,147.35,16.71,164.06,40.61,398.67,152.69,71.1,2.15,0.57,5.61,38.52,18,71.98,81
3052,夆典,建材營造,1.1,3378991000.0,3071809999.9999995,0.65,3482067016.803042,1.13,11.3,4.5,9.33,13.83,10.54,15.63,12.76,10.85,1.18,0.97,1.44,7.22,43,1.79,24
3051,力特,電子工業,1.01,1914043000.0,1895092079.2079208,0.49,1767252925.3633616,0.93,17.38,19.03,10.87,29.9,10.11,27.81,16.17,26.6,0.61,0.38,1.05,3.9,177,2.26,2
3050,鈺德,電子工業,0.04,1233506000.0,30837650000.0,0.02,1238252920.4786437,0.04,73.83,342.68,19.82,362.5,0.79,14.5,2.95,12.8,0.23,0.06,1.13,30.88,21,7.81,183
3049,精金,電子工業,-0.64,1466127000.0,0.0,0.0,964521024.0747114,0.0,0.0,0.0,0.0,0.0,0.0,0.0,0.0,14.15,0.0,0.0,0.0,50.0,112,17.26,150
OtherElectronic,其他電子類指數,Index,0.0,0.0,0.0,0.0,0.0,0.0,0.0,0.0,0.0,0.0,0.0,0.0,0.0,293.72,0.0,0.0,0.0,11.2,147,59.35,136
OilGasElectricity,油電燃氣類指數,Index,0.0,0.0,0.0,0.0,0.0,0.0,0.0,0.0,0.0,0.0,0.0,0.0,0.0,77.31,0.0,0.0,0.0,1.87,3,32.52,157
IronSteel,鋼鐵類指數,Index,0.0,0.0,0.0,0.0,0.0,0.0,0.0,0.0,0.0,0.0,0.0,0.0,0.0,117.03,0.0,0.0,0.0,0.24,3,4.76,63
Optoelectronic,光電類指數,Index,0.0,0.0,0.0,0.0,0.0,0.0,0.0,0.0,0.0,0.0,0.0,0.0,0.0,68.99,0.0,0.0,0.0,8.85,28,10.48,113
Other,其他類指數,Index,0.0,0.0,0.0,0.0,0.0,0.0,0.0,0.0,0.0,0.0,0.0,0.0,0.0,279.32,0.0,0.0,0.0,3.85,45,1.4,17
PaperPulp,造紙類指數,Index,0.0,0.0,0.0,0.0,0.0,0.0,0.0,0.0,0.0,0.0,0.0,0.0,0.0,268.17,0.0,0.0,0.0,2.26,17,7.76,165
TAIEX,加權指數,大盤,0.0,0.0,0.0,0.0,0.0,0.0,0.0,0.0,0.0,0.0,0.0,0.0,0.0,45809.19,0.0,0.0,0.0,8.42,24,28.8,177
Rubber,橡膠類指數,Index,0.0,0.0,0.0,0.0,0.0,0.0,0.0,0.0,0.0,0.0,0.0,0.0,0.0,200.28,0.0,0.0,0.0,1.97,112,1.89,38
Semiconductor,半導體類指數,Index,0.0,0.0,0.0,0.0,0.0,0.0,0.0,0.0,0.0,0.0,0.0,0.0,0.0,1557.62,0.0,0.0,0.0,13.76,24,43.41,177
ShippingTransportation,航運業類指數,Index,0.0,0.0,0.0,0.0,0.0,0.0,0.0,0.0,0.0,0.0,0.0,0.0,0.0,187.42,0.0,0.0,0.0,8.99,175,0.86,1
Textiles,紡織纖維類指數,Index,0.0,0.0,0.0,0.0,0.0,0.0,0.0,0.0,0.0,0.0,0.0,0.0,0.0,494.09,0.0,0.0,0.0,5.63,28,3.41,18
InformationService,資訊服務類指數,Index,0.0,0.0,0.0,0.0,0.0,0.0,0.0,0.0,0.0,0.0,0.0,0.0,0.0,208.45,0.0,0.0,0.0,18.11,177,6.32,115
Tourism,觀光事業類指數,Index,0.0,0.0,0.0,0.0,0.0,0.0,0.0,0.0,0.0,0.0,0.0,0.0,0.0,103.78,0.0,0.0,0.0,0.04,1,0.57,11
Plastics,塑膠類指數,Index,0.0,0.0,0.0,0.0,0.0,0.0,0.0,0.0,0.0,0.0,0.0,0.0,0.0,228.77,0.0,0.0,0.0,1.4,31,54.63,170
GlassCeramic,玻璃陶瓷類指數,Index,0.0,0.0,0.0,0.0,0.0,0.0,0.0,0.0,0.0,0.0,0.0,0.0,0.0,159.58,0.0,0.0,0.0,2.82,161,108.11,176
BuildingMaterialConstruction,建材營造類指數,Index,0.0,0.0,0.0,0.0,0.0,0.0,0.0,0.0,0.0,0.0,0.0,0.0,0.0,478.71,0.0,0.0,0.0,15.0,45,0.99,16
FinancialInsurance,金融保險類指數,Index,0.0,0.0,0.0,0.0,0.0,0.0,0.0,0.0,0.0,0.0,0.0,0.0,0.0,3138.34,0.0,0.0,0.0,9.43,25,9.38,183
ElectronicProductsDistribution,電子通路類指數,Index,0.0,0.0,0.0,0.0,0.0,0.0,0.0,0.0,0.0,0.0,0.0,0.0,0.0,374.69,0.0,0.0,0.0,3.49,28,3.36,176
ElectronicPartsComponents,電子零組件類指數,Index,0.0,0.0,0.0,0.0,0.0,0.0,0.0,0.0,0.0,0.0,0.0,0.0,0.0,992.75,0.0,0.0,0.0,9.03,24,79.87,177
Electronic,電子類指數,Index,0.0,0.0,0.0,0.0,0.0,0.0,0.0,0.0,0.0,0.0,0.0,0.0,0.0,2958.46,0.0,0.0,0.0,10.95,24,40.25,140
ElectricMachinery,電機機械類指數,Index,0.0,0.0,0.0,0.0,0.0,0.0,0.0,0.0,0.0,0.0,0.0,0.0,0.0,549.7,0.0,0.0,0.0,4.08,17,21.32,140
ElectricalCable,電器電纜類指數,Index,0.0,0.0,0.0,0.0,0.0,0.0,0.0,0.0,0.0,0.0,0.0,0.0,0.0,111.13,0.0,0.0,0.0,0.35,1,29.08,150
ComputerPeripheralEquipment,電腦及週邊設備類指數,Index,0.0,0.0,0.0,0.0,0.0,0.0,0.0,0.0,0.0,0.0,0.0,0.0,0.0,402.18,0.0,0.0,0.0,5.5,3,21.38,136
CommunicationsInternet,通信網路類指數,Index,0.0,0.0,0.0,0.0,0.0,0.0,0.0,0.0,0.0,0.0,0.0,0.0,0.0,261.73,0.0,0.0,0.0,5.09,170,8.02,182
ChemicalBiotechnologyMedicalCare,化學生技醫療類指數,Index,0.0,0.0,0.0,0.0,0.0,0.0,0.0,0.0,0.0,0.0,0.0,0.0,0.0,151.68,0.0,0.0,0.0,6.64,30,23.98,84
Chemical,化學類指數,Index,0.0,0.0,0.0,0.0,0.0,0.0,0.0,0.0,0.0,0.0,0.0,0.0,0.0,196.95,0.0,0.0,0.0,4.94,102,9.22,77
Cement,水泥類指數,Index,0.0,0.0,0.0,0.0,0.0,0.0,0.0,0.0,0.0,0.0,0.0,0.0,0.0,124.25,0.0,0.0,0.0,3.86,17,0.0,0
BiotechnologyMedicalCare,生技醫療類指數,Index,0.0,0.0,0.0,0.0,0.0,0.0,0.0,0.0,0.0,0.0,0.0,0.0,0.0,81.49,0.0,0.0,0.0,9.22,30,32.78,84
Automobile,汽車類指數,Index,0.0,0.0,0.0,0.0,0.0,0.0,0.0,0.0,0.0,0.0,0.0,0.0,0.0,296.37,0.0,0.0,0.0,1.87,3,0.72,88
TPEx,櫃買指數,大盤,0.0,0.0,0.0,0.0,0.0,0.0,0.0,0.0,0.0,0.0,0.0,0.0,0.0,430.26,0.0,0.0,0.0,5.11,24,15.07,98
Food,食品類指數,Index,0.0,0.0,0.0,0.0,0.0,0.0,0.0,0.0,0.0,0.0,0.0,0.0,0.0,1942.66,0.0,0.0,0.0,6.02,36,5.99,35
TradingConsumersGoods,貿易百貨類指數,Index,0.0,0.0,0.0,0.0,0.0,0.0,0.0,0.0,0.0,0.0,0.0,0.0,0.0,240.52,0.0,0.0,0.0,8.07,100,1.01,18
