代號,名稱,產業別,前一年_EPS,前一年營收_e,轉換數據EPS_1,本年度累積營收換算EPS,推估本年度營收,推估本年度EPS,平均前2年本益比,前2年本益比最高最低差,前2年最低本益比,前2年最高本益比,用本年度推估EPS換算股價最低值,用本年度推估EPS換算股價最高值,用本年度推估EPS換算股價平均值,今日股價,報酬,風險,加成,前兩年往後6月最高漲幅_%,前兩年往後6月達最高花費天數,前一年往後6月最高漲幅_%,前一年往後6月達最高花費天數
3687,歐買尬,文化創意業,4.68,1807323000.0,386180128.20512825,2.15,2041413020.3285499,5.29,32.66,45.92,13.34,59.26,70.57,313.49,172.75,76.8,2.25,0.92,4.08,14.75,146,11.4,140
5450,寶聯通,電腦及週邊設備業,0.22,2421173000.0,11005331818.181818,0.1,2491365868.483182,0.23,32.79,59.15,11.11,70.26,2.56,16.16,7.54,13.3,0.57,0.19,1.22,3.62,16,1.97,1
3629,地心引力,光電業,-0.65,4873000.0,0.0,0.0,5345071875.0,0.0,0.0,0.0,0.0,0.0,0.0,0.0,0.0,0.0,0.0,0.0,0.0,17.11,76,95.23,41
5481,新華,電子零組件業,-0.65,97157000.0,0.0,0.0,89607092.47870143,0.0,0.0,0.0,0.0,0.0,0.0,0.0,0.0,18.7,0.0,0.0,0.0,118.73,133,6.35,111
6238,勝麗,其他電子類,0.0,0.0,0.0,0.0,0.0,0.0,0.0,0.0,0.0,0.0,0.0,0.0,0.0,0.0,0.0,0.0,0.0,0.0,0,0.0,0
00835B,第一金科技債10+,上櫃指數股票型基金(ETF),0.0,0.0,0.0,0.0,0.0,0.0,0.0,0.0,0.0,0.0,0.0,0.0,0.0,0.0,0.0,0.0,0.0,0.0,0,0.0,0
00837B,永豐15年金融債,上櫃指數股票型基金(ETF),0.0,0.0,0.0,0.0,0.0,0.0,0.0,0.0,0.0,0.0,0.0,0.0,0.0,0.0,0.0,0.0,0.0,0.0,0,0.0,0
00798B,國泰中企A級債7+,上櫃指數股票型基金(ETF),0.0,0.0,0.0,0.0,0.0,0.0,0.0,0.0,0.0,0.0,0.0,0.0,0.0,0.0,0.0,0.0,0.0,0.0,0,0.0,0
6497,亞獅康-KY,生技醫療業,0.0,0.0,0.0,0.0,0.0,0.0,0.0,0.0,0.0,0.0,0.0,0.0,0.0,0.0,0.0,0.0,0.0,0.0,0,0.0,0
5349,先豐,電子零組件業,0.0,0.0,0.0,0.0,0.0,0.0,0.0,0.0,0.0,0.0,0.0,0.0,0.0,0.0,0.0,0.0,0.0,0.0,0,0.0,0
01004T,土銀富邦R2,受益證券,0.0,0.0,0.0,0.0,0.0,0.0,0.0,0.0,0.0,0.0,0.0,0.0,0.0,10.45,0.0,0.0,0.0,0.08,1,0.0,0
01008T,駿馬R1,受益證券,0.0,0.0,0.0,0.0,0.0,0.0,0.0,0.0,0.0,0.0,0.0,0.0,0.0,0.0,0.0,0.0,0.0,0.0,0,0.0,0
01007T,兆豐國泰R2,受益證券,0.0,0.0,0.0,0.0,0.0,0.0,0.0,0.0,0.0,0.0,0.0,0.0,0.0,12.67,0.0,0.0,0.0,1.61,12,0.33,1
01005T,三鼎,受益證券,0.0,0.0,0.0,0.0,0.0,0.0,0.0,0.0,0.0,0.0,0.0,0.0,0.0,0.0,0.0,0.0,0.0,0.0,0,0.0,0
01009T,王道圓滿R1,受益證券,0.0,0.0,0.0,0.0,0.0,0.0,0.0,0.0,0.0,0.0,0.0,0.0,0.0,5.74,0.0,0.0,0.0,0.0,0,3.1,35
01003T,兆豐新光R1,受益證券,0.0,0.0,0.0,0.0,0.0,0.0,0.0,0.0,0.0,0.0,0.0,0.0,0.0,0.0,0.0,0.0,0.0,0.0,0,0.0,0
01002T,土銀國泰R1,受益證券,0.0,0.0,0.0,0.0,0.0,0.0,0.0,0.0,0.0,0.0,0.0,0.0,0.0,14.1,0.0,0.0,0.0,0.95,22,0.47,20
01001T,土銀富邦R1,受益證券,0.0,0.0,0.0,0.0,0.0,0.0,0.0,0.0,0.0,0.0,0.0,0.0,0.0,11.64,0.0,0.0,0.0,0.0,0,0.08,1
710533,鈊象元大9B購04,所有證券,0.0,0.0,0.0,0.0,0.0,0.0,0.0,0.0,0.0,0.0,0.0,0.0,0.0,0.0,0.0,0.0,0.0,0.0,0,0.0,0
709983,群聯日盛9B購01,所有證券,0.0,0.0,0.0,0.0,0.0,0.0,0.0,0.0,0.0,0.0,0.0,0.0,0.0,0.0,0.0,0.0,0.0,0.0,0,0.0,0
710569,中美晶富邦9B購04,所有證券,0.0,0.0,0.0,0.0,0.0,0.0,0.0,0.0,0.0,0.0,0.0,0.0,0.0,0.0,0.0,0.0,0.0,11.11,2,0.0,0
709985,大江富邦9B購02,所有證券,0.0,0.0,0.0,0.0,0.0,0.0,0.0,0.0,0.0,0.0,0.0,0.0,0.0,0.0,0.0,0.0,0.0,0.0,0,0.0,0
710534,鈺太元大9B購01,所有證券,0.0,0.0,0.0,0.0,0.0,0.0,0.0,0.0,0.0,0.0,0.0,0.0,0.0,0.0,0.0,0.0,0.0,0.0,0,0.0,0
710566,碩禾元大9B購01,所有證券,0.0,0.0,0.0,0.0,0.0,0.0,0.0,0.0,0.0,0.0,0.0,0.0,0.0,4.64,0.0,0.0,0.0,127.94,131,0.0,0
709972,旺矽元大9B購01,所有證券,0.0,0.0,0.0,0.0,0.0,0.0,0.0,0.0,0.0,0.0,0.0,0.0,0.0,0.0,0.0,0.0,0.0,0.0,0,0.0,0
710561,威剛元大9B購02,所有證券,0.0,0.0,0.0,0.0,0.0,0.0,0.0,0.0,0.0,0.0,0.0,0.0,0.0,0.0,0.0,0.0,0.0,0.0,0,0.0,0
710502,泰博元大9B購01,所有證券,0.0,0.0,0.0,0.0,0.0,0.0,0.0,0.0,0.0,0.0,0.0,0.0,0.0,0.0,0.0,0.0,0.0,17.0,8,0.0,0
710560,宏捷科元大9B購02,所有證券,0.0,0.0,0.0,0.0,0.0,0.0,0.0,0.0,0.0,0.0,0.0,0.0,0.0,0.0,0.0,0.0,0.0,0.0,0,0.0,0
73193P,神盾元大9B售04,所有證券,0.0,0.0,0.0,0.0,0.0,0.0,0.0,0.0,0.0,0.0,0.0,0.0,0.0,0.0,0.0,0.0,0.0,0.0,0,0.0,0
710505,泰博富邦9B購01,所有證券,0.0,0.0,0.0,0.0,0.0,0.0,0.0,0.0,0.0,0.0,0.0,0.0,0.0,0.0,0.0,0.0,0.0,0.0,0,0.0,0
710509,建榮凱基9B購01,所有證券,0.0,0.0,0.0,0.0,0.0,0.0,0.0,0.0,0.0,0.0,0.0,0.0,0.0,0.0,0.0,0.0,0.0,0.0,0,0.0,0
710510,群聯凱基9B購03,所有證券,0.0,0.0,0.0,0.0,0.0,0.0,0.0,0.0,0.0,0.0,0.0,0.0,0.0,0.0,0.0,0.0,0.0,0.0,0,0.0,0
710553,穩懋統一9B購03,所有證券,0.0,0.0,0.0,0.0,0.0,0.0,0.0,0.0,0.0,0.0,0.0,0.0,0.0,0.0,0.0,0.0,0.0,0.0,0,0.0,0
73107P,原相國票9B售02,所有證券,0.0,0.0,0.0,0.0,0.0,0.0,0.0,0.0,0.0,0.0,0.0,0.0,0.0,0.0,0.0,0.0,0.0,0.0,0,0.0,0
711145,環球晶國票9B購02,所有證券,0.0,0.0,0.0,0.0,0.0,0.0,0.0,0.0,0.0,0.0,0.0,0.0,0.0,0.0,0.0,0.0,0.0,0.0,0,0.0,0
709994,中美晶元大9B購01,所有證券,0.0,0.0,0.0,0.0,0.0,0.0,0.0,0.0,0.0,0.0,0.0,0.0,0.0,0.0,0.0,0.0,0.0,93.33,16,0.0,0
710499,網家國泰9B購01,所有證券,0.0,0.0,0.0,0.0,0.0,0.0,0.0,0.0,0.0,0.0,0.0,0.0,0.0,0.0,0.0,0.0,0.0,0.0,0,0.0,0
709966,金居群益9B購01,所有證券,0.0,0.0,0.0,0.0,0.0,0.0,0.0,0.0,0.0,0.0,0.0,0.0,0.0,0.0,0.0,0.0,0.0,0.0,0,0.0,0
710575,環球晶中信9B購01,所有證券,0.0,0.0,0.0,0.0,0.0,0.0,0.0,0.0,0.0,0.0,0.0,0.0,0.0,0.0,0.0,0.0,0.0,0.0,0,0.0,0
710516,宇峻永豐9B購01,所有證券,0.0,0.0,0.0,0.0,0.0,0.0,0.0,0.0,0.0,0.0,0.0,0.0,0.0,0.0,0.0,0.0,0.0,0.0,0,0.0,0
708785,信驊中信9B購01,所有證券,0.0,0.0,0.0,0.0,0.0,0.0,0.0,0.0,0.0,0.0,0.0,0.0,0.0,0.55,0.0,0.0,0.0,0.0,0,0.0,0
711127,頎邦元大9B購03,所有證券,0.0,0.0,0.0,0.0,0.0,0.0,0.0,0.0,0.0,0.0,0.0,0.0,0.0,0.0,0.0,0.0,0.0,0.0,0,0.0,0
711126,聯亞元大9B購05,所有證券,0.0,0.0,0.0,0.0,0.0,0.0,0.0,0.0,0.0,0.0,0.0,0.0,0.0,0.0,0.0,0.0,0.0,0.0,0,0.0,0
711131,胡連永豐9B購01,所有證券,0.0,0.0,0.0,0.0,0.0,0.0,0.0,0.0,0.0,0.0,0.0,0.0,0.0,0.0,0.0,0.0,0.0,0.0,0,0.0,0
711135,元太群益9B購01,所有證券,0.0,0.0,0.0,0.0,0.0,0.0,0.0,0.0,0.0,0.0,0.0,0.0,0.0,0.0,0.0,0.0,0.0,0.0,0,0.0,0
711134,中美晶群益9B購03,所有證券,0.0,0.0,0.0,0.0,0.0,0.0,0.0,0.0,0.0,0.0,0.0,0.0,0.0,0.0,0.0,0.0,0.0,0.0,0,0.0,0
711137,胡連群益9B購01,所有證券,0.0,0.0,0.0,0.0,0.0,0.0,0.0,0.0,0.0,0.0,0.0,0.0,0.0,0.0,0.0,0.0,0.0,0.0,0,0.0,0
709403,雙美國票9B購01,所有證券,0.0,0.0,0.0,0.0,0.0,0.0,0.0,0.0,0.0,0.0,0.0,0.0,0.0,0.84,0.0,0.0,0.0,0.0,0,0.0,0
711140,旺矽凱基9B購01,所有證券,0.0,0.0,0.0,0.0,0.0,0.0,0.0,0.0,0.0,0.0,0.0,0.0,0.0,0.0,0.0,0.0,0.0,5.56,2,0.0,0
711141,胡連凱基9B購01,所有證券,0.0,0.0,0.0,0.0,0.0,0.0,0.0,0.0,0.0,0.0,0.0,0.0,0.0,0.0,0.0,0.0,0.0,0.0,0,0.0,0
710590,鈺太凱基9B購01,所有證券,0.0,0.0,0.0,0.0,0.0,0.0,0.0,0.0,0.0,0.0,0.0,0.0,0.0,0.0,0.0,0.0,0.0,0.0,0,0.0,0
711132,僑威永豐9B購01,所有證券,0.0,0.0,0.0,0.0,0.0,0.0,0.0,0.0,0.0,0.0,0.0,0.0,0.0,0.0,0.0,0.0,0.0,0.0,0,0.0,0
711139,中美晶凱基9B購02,所有證券,0.0,0.0,0.0,0.0,0.0,0.0,0.0,0.0,0.0,0.0,0.0,0.0,0.0,0.0,0.0,0.0,0.0,0.0,0,0.0,0
711133,寶雅永豐9B購01,所有證券,0.0,0.0,0.0,0.0,0.0,0.0,0.0,0.0,0.0,0.0,0.0,0.0,0.0,0.0,0.0,0.0,0.0,0.0,0,0.0,0
8934,衡平,其他,0.0,0.0,0.0,0.0,0.0,0.0,0.0,0.0,0.0,0.0,0.0,0.0,0.0,0.0,0.0,0.0,0.0,0.0,0,0.0,0
5304,鼎創達,電腦及週邊設備業,0.0,0.0,0.0,0.0,0.0,0.0,0.0,0.0,0.0,0.0,0.0,0.0,0.0,0.0,0.0,0.0,0.0,0.0,0,0.0,0
00833B,第一金美債20+,上櫃指數股票型基金(ETF),0.0,0.0,0.0,0.0,0.0,0.0,0.0,0.0,0.0,0.0,0.0,0.0,0.0,0.0,0.0,0.0,0.0,0.0,0,0.0,0
00854B,富邦全球保險債,上櫃指數股票型基金(ETF),0.0,0.0,0.0,0.0,0.0,0.0,0.0,0.0,0.0,0.0,0.0,0.0,0.0,0.0,0.0,0.0,0.0,0.0,0,0.0,0
00855B,富邦全球能源債,上櫃指數股票型基金(ETF),0.0,0.0,0.0,0.0,0.0,0.0,0.0,0.0,0.0,0.0,0.0,0.0,0.0,0.0,0.0,0.0,0.0,0.0,0,0.0,0
6438,迅得,其他電子類,5.26,6375307000.0,1212035551.3307986,2.93,7556716397.046818,6.23,25.55,34.55,12.98,47.53,80.87,296.11,159.16,157.5,1.01,0.51,1.88,106.17,173,19.94,85
00873B,凱基新興債1-5,上櫃指數股票型基金(ETF),0.0,0.0,0.0,0.0,0.0,0.0,0.0,0.0,0.0,0.0,0.0,0.0,0.0,0.0,0.0,0.0,0.0,0.0,0,0.0,0
00874B,凱基BBB公司債15+,上櫃指數股票型基金(ETF),0.0,0.0,0.0,0.0,0.0,0.0,0.0,0.0,0.0,0.0,0.0,0.0,0.0,0.0,0.0,0.0,0.0,0.0,0,0.0,0
00871B,元大中國政金債,上櫃指數股票型基金(ETF),0.0,0.0,0.0,0.0,0.0,0.0,0.0,0.0,0.0,0.0,0.0,0.0,0.0,0.0,0.0,0.0,0.0,0.0,0,0.0,0
00868B,FT1-3年美公債,上櫃指數股票型基金(ETF),0.0,0.0,0.0,0.0,0.0,0.0,0.0,0.0,0.0,0.0,0.0,0.0,0.0,0.0,0.0,0.0,0.0,0.0,0,0.0,0
1456,怡華,紡織纖維,3.41,862187000.0,252840762.46334308,1.51,946750092.0804346,3.74,20.57,109.33,3.62,112.95,13.54,422.43,76.95,14.45,5.33,0.94,29.23,27.76,56,1.5,174
6165,浪凡,電子零組件業,4.02,3185601000.0,792438059.7014927,1.76,3429332620.71986,4.33,30.77,49.29,10.81,60.1,46.81,260.23,133.24,49.35,2.7,0.95,5.27,30.75,145,8.67,14
1453,大將,紡織纖維,0.03,1464000.0,48800000.0,0.01,1507129.2962356794,0.03,170.11,863.65,21.35,885.0,0.64,26.55,5.1,11.4,0.45,0.06,2.33,3.53,2,0.0,0
1443,立益,紡織纖維,1.14,987864000.0,866547368.4210527,0.44,901784301.5133129,1.04,23.68,26.23,14.97,41.2,15.57,42.85,24.63,27.0,0.91,0.58,1.59,12.16,77,5.05,34
3450,聯鈞,其他電子業,5.01,8617529000.0,1720065668.6626747,2.18,7733236808.059751,4.5,278.87,2435.82,30.85,2466.67,138.83,11100.02,1254.91,501.0,2.5,0.28,22.16,222.25,182,66.02,119
2614,東森,貿易百貨,2.05,5498233000.0,2682064878.048781,0.8,5173305926.818276,1.93,11.49,6.37,8.87,15.24,17.12,29.41,22.17,19.25,1.15,0.89,1.53,10.64,57,29.83,182
3669,圓展,光電業,1.13,2426628000.0,2147458407.079646,0.67,2951967005.8537846,1.37,32.86,66.82,13.28,80.1,18.19,109.74,45.01,40.8,1.1,0.45,2.69,10.6,30,4.34,62
2241,艾姆勒,電機機械,-0.7,741604000.0,0.0,0.0,1045277693.0617645,0.0,0.0,0.0,0.0,0.0,0.0,0.0,0.0,35.4,0.0,0.0,0.0,1.96,8,65.05,182
2429,銘旺科,電子零組件業,-1.41,469482000.0,0.0,0.0,520902618.25438046,0.0,0.0,0.0,0.0,0.0,0.0,0.0,0.0,44.7,0.0,0.0,0.0,124.69,28,138.55,97
2459,敦吉,電子通路業,5.17,4840007000.0,936171566.7311412,2.28,5138812700.420187,5.49,12.21,3.22,10.34,13.56,56.77,74.44,67.02,69.3,0.97,0.82,1.07,7.71,29,1.67,180
8499,鼎炫-KY,其他,10.13,2741866000.0,270667917.0779862,6.02,4963546355.429125,18.34,19.39,26.27,10.48,36.75,192.2,674.0,355.65,292.5,1.22,0.66,2.3,1.21,6,116.17,84
8354,冠好,塑膠工業,0.13,644280000.0,4956000000.0,0.07,669560317.0633947,0.14,26.49,127.01,8.7,135.71,1.22,19.0,3.71,16.7,0.22,0.07,1.14,15.06,85,10.06,181
3313,斐成,電子零組件業,-0.34,8779000.0,0.0,0.0,79544530.38674034,0.0,12.74,7.26,10.22,17.48,0.0,0.0,0.0,11.25,0.0,0.0,0.0,27.99,33,38.87,113
3219,倚強股份,半導體業,1.52,1628708000.0,1071518421.0526316,0.75,2483809806.1897364,2.32,89.93,184.76,33.1,217.86,76.79,505.44,208.64,76.1,2.74,1.01,6.64,95.15,29,97.3,97
5604,中連貨,航運業,0.85,159165000.0,187252941.1764706,0.36,164683803.4460753,0.88,30.47,37.98,14.4,52.38,12.67,46.09,26.82,31.45,0.85,0.4,1.47,5.01,22,2.67,162
6275,元山,其他電子類,2.81,4249900000.0,1512419928.8256228,1.2,4438947955.555684,2.93,15.08,11.1,10.77,21.87,31.56,64.08,44.19,50.1,0.88,0.63,1.28,0.0,0,23.67,183
6506,雙邦,化學工業,1.05,1861486000.0,1772843809.5238094,0.53,2026065403.2240915,1.14,27.86,69.81,15.19,85.0,17.32,96.9,31.77,20.3,1.57,0.85,4.77,13.67,110,1.19,27
3685,元創精密,光電業,-1.02,1141579000.0,0.0,0.0,1745109231.590641,0.0,0.0,0.0,0.0,0.0,0.0,0.0,0.0,28.75,0.0,0.0,0.0,6.33,34,279.67,138
020017,永豐富櫃200N,指數投資證券(ETN),0.0,0.0,0.0,0.0,0.0,0.0,0.0,0.0,0.0,0.0,0.0,0.0,0.0,0.0,0.0,0.0,0.0,0.0,0,0.0,0
5345,天揚,電子零組件業,-0.33,18681000.0,0.0,0.0,113771234.16506718,0.0,0.0,0.0,0.0,0.0,0.0,0.0,0.0,24.2,0.0,0.0,0.0,220.25,76,0.0,0
8489,三貝德,文化創意業,-0.76,1374206000.0,0.0,0.0,2188846896.1691427,0.0,0.0,0.0,0.0,0.0,0.0,0.0,0.0,23.7,0.0,0.0,0.0,32.85,180,5.23,7
00839B,凱基醫療保健債,上櫃指數股票型基金(ETF),0.0,0.0,0.0,0.0,0.0,0.0,0.0,0.0,0.0,0.0,0.0,0.0,0.0,0.0,0.0,0.0,0.0,0.0,0,0.0,0
00869B,FT10-25年公司債,上櫃指數股票型基金(ETF),0.0,0.0,0.0,0.0,0.0,0.0,0.0,0.0,0.0,0.0,0.0,0.0,0.0,0.0,0.0,0.0,0.0,0.0,0,0.0,0
00832B,新光美債20+,上櫃指數股票型基金(ETF),0.0,0.0,0.0,0.0,0.0,0.0,0.0,0.0,0.0,0.0,0.0,0.0,0.0,0.0,0.0,0.0,0.0,0.0,0,0.0,0
4152,台微體,生技醫療業,0.0,0.0,0.0,0.0,0.0,0.0,0.0,0.0,0.0,0.0,0.0,0.0,0.0,0.0,0.0,0.0,0.0,0.0,0,0.0,0
00880B,第一金電信債15+,上櫃指數股票型基金(ETF),0.0,0.0,0.0,0.0,0.0,0.0,0.0,0.0,0.0,0.0,0.0,0.0,0.0,0.0,0.0,0.0,0.0,0.0,0,0.0,0
00879B,第一金美債0-1,上櫃指數股票型基金(ETF),0.0,0.0,0.0,0.0,0.0,0.0,0.0,0.0,0.0,0.0,0.0,0.0,0.0,0.0,0.0,0.0,0.0,0.0,0,0.0,0
00872B,凱基美債1-3,上櫃指數股票型基金(ETF),0.0,0.0,0.0,0.0,0.0,0.0,0.0,0.0,0.0,0.0,0.0,0.0,0.0,0.0,0.0,0.0,0.0,0.0,0,0.0,0
2928,紅馬-KY,觀光事業,0.0,0.0,0.0,0.0,0.0,0.0,0.0,0.0,0.0,0.0,0.0,0.0,0.0,0.0,0.0,0.0,0.0,0.0,0,0.0,0
3144,新揚科,電子零組件業,0.0,0.0,0.0,0.0,0.0,0.0,0.0,0.0,0.0,0.0,0.0,0.0,0.0,0.0,0.0,0.0,0.0,0.0,0,0.0,0
4803,VHQ-KY,文化創意業,0.0,0.0,0.0,0.0,0.0,0.0,0.0,0.0,0.0,0.0,0.0,0.0,0.0,0.0,0.0,0.0,0.0,0.0,0,0.0,0
020021,統一恒生科技N,指數投資證券(ETN),0.0,0.0,0.0,0.0,0.0,0.0,0.0,0.0,0.0,0.0,0.0,0.0,0.0,0.0,0.0,0.0,0.0,0.0,0,0.0,0
8406,金可-KY,生技醫療業,0.0,0.0,0.0,0.0,0.0,0.0,0.0,0.0,0.0,0.0,0.0,0.0,0.0,0.0,0.0,0.0,0.0,0.0,0,0.0,0
020003,統一漲升股利150N,指數投資證券(ETN),0.0,0.0,0.0,0.0,0.0,0.0,0.0,0.0,0.0,0.0,0.0,0.0,0.0,0.0,0.0,0.0,0.0,0.0,0,0.0,0
020009,群益A50綠碳N,指數投資證券(ETN),0.0,0.0,0.0,0.0,0.0,0.0,0.0,0.0,0.0,0.0,0.0,0.0,0.0,0.0,0.0,0.0,0.0,0.0,0,0.0,0
4429,聚紡,紡織纖維,0.0,0.0,0.0,0.0,0.0,0.0,0.0,0.0,0.0,0.0,0.0,0.0,0.0,0.0,0.0,0.0,0.0,0.0,0,0.0,0
6431,光麗-KY,電子工業,-2.07,382162000.0,0.0,0.0,352821258.79801226,0.0,0.0,0.0,0.0,0.0,0.0,0.0,0.0,18.5,0.0,0.0,0.0,83.27,110,50.85,181
2495,普安,其他電子業,1.12,1184814000.0,1057869642.8571428,0.59,1476751921.6258318,1.4,23.06,37.63,9.1,46.73,12.74,65.42,32.28,49.5,0.65,0.26,1.32,32.15,141,25.16,175
2340,台亞,光電業,-2.87,4370938000.0,0.0,0.0,4230320885.396757,0.0,355.59,489.26,82.17,571.43,0.0,0.0,0.0,35.65,0.0,0.0,0.0,10.5,30,56.48,105
00838B,永豐7-10年中國債,上櫃指數股票型基金(ETF),0.0,0.0,0.0,0.0,0.0,0.0,0.0,0.0,0.0,0.0,0.0,0.0,0.0,0.0,0.0,0.0,0.0,0.0,0,0.0,0
5321,美而快,電子零組件業,-0.28,2921237000.0,0.0,0.0,2269707751.8964386,0.0,555.52,2448.73,37.94,2486.67,0.0,0.0,0.0,45.55,0.0,0.0,0.0,9.54,16,13.4,20
3512,皇龍,電子零組件業,2.56,1531395000.0,598201171.875,0.6,582613621.8289493,0.97,17.93,42.19,6.34,48.53,6.15,47.07,17.39,20.85,0.83,0.29,2.26,0.0,0,1.53,22
8080,永利聯合,電子零組件業,0.11,180322000.0,1639290909.090909,0.04,132927603.85718617,0.08,292.03,1341.15,108.85,1450.0,8.71,116.0,23.36,28.0,0.83,0.31,4.14,140.74,106,4.79,6
5209,新鼎,資訊服務業,16.17,5243355000.0,324264378.47866416,5.25,4544292220.426218,14.01,12.04,5.81,9.15,14.96,128.19,209.59,168.7,175.5,0.96,0.73,1.19,1.26,15,62.72,153
00889B,凱基ESG新興債15+,上櫃指數股票型基金(ETF),0.0,0.0,0.0,0.0,0.0,0.0,0.0,0.0,0.0,0.0,0.0,0.0,0.0,0.0,0.0,0.0,0.0,0.0,0,0.0,0
5102,富強,橡膠工業,0.0,0.0,0.0,0.0,0.0,0.0,0.0,0.0,0.0,0.0,0.0,0.0,0.0,0.0,0.0,0.0,0.0,0.0,0,0.0,0
00843B,台新中國政策債,上櫃指數股票型基金(ETF),0.0,0.0,0.0,0.0,0.0,0.0,0.0,0.0,0.0,0.0,0.0,0.0,0.0,0.0,0.0,0.0,0.0,0.0,0,0.0,0
00796B,中信中國債7-10,上櫃指數股票型基金(ETF),0.0,0.0,0.0,0.0,0.0,0.0,0.0,0.0,0.0,0.0,0.0,0.0,0.0,0.0,0.0,0.0,0.0,0.0,0,0.0,0
020010,永昌富櫃200N,指數投資證券(ETN),0.0,0.0,0.0,0.0,0.0,0.0,0.0,0.0,0.0,0.0,0.0,0.0,0.0,0.0,0.0,0.0,0.0,0.0,0,0.0,0
5820,日盛金,金融業,0.0,0.0,0.0,0.0,0.0,0.0,0.0,0.0,0.0,0.0,0.0,0.0,0.0,0.0,0.0,0.0,0.0,0.0,0,0.0,0
3642,駿熠電,其他電子類,0.0,0.0,0.0,0.0,0.0,0.0,0.0,0.0,0.0,0.0,0.0,0.0,0.0,0.0,0.0,0.0,0.0,0.0,0,0.0,0
00745B,富邦中政債0-1,上櫃指數股票型基金(ETF),0.0,0.0,0.0,0.0,0.0,0.0,0.0,0.0,0.0,0.0,0.0,0.0,0.0,0.0,0.0,0.0,0.0,0.0,0,0.0,0
02003L,永豐富櫃200正2N,指數投資證券(ETN),0.0,0.0,0.0,0.0,0.0,0.0,0.0,0.0,0.0,0.0,0.0,0.0,0.0,0.0,0.0,0.0,0.0,0.0,0,0.0,0
020013,元富亞洲高股息N,指數投資證券(ETN),0.0,0.0,0.0,0.0,0.0,0.0,0.0,0.0,0.0,0.0,0.0,0.0,0.0,0.0,0.0,0.0,0.0,0.0,0,0.0,0
00747B,FH中國政策債,上櫃指數股票型基金(ETF),0.0,0.0,0.0,0.0,0.0,0.0,0.0,0.0,0.0,0.0,0.0,0.0,0.0,0.0,0.0,0.0,0.0,0.0,0,0.0,0
020014,元大富櫃200N,指數投資證券(ETN),0.0,0.0,0.0,0.0,0.0,0.0,0.0,0.0,0.0,0.0,0.0,0.0,0.0,0.0,0.0,0.0,0.0,0.0,0,0.0,0
6247,淇譽電,其他電子類,0.0,0.0,0.0,0.0,0.0,0.0,0.0,0.0,0.0,0.0,0.0,0.0,0.0,0.0,0.0,0.0,0.0,0.0,0,0.0,0
00748B,凱基中國債3-10,上櫃指數股票型基金(ETF),0.0,0.0,0.0,0.0,0.0,0.0,0.0,0.0,0.0,0.0,0.0,0.0,0.0,0.0,0.0,0.0,0.0,0.0,0,0.0,0
6869,雲豹能源-創,創新板股票,-4.2,6926950000.0,0.0,0.0,7778495388.658368,0.0,33.74,84.41,10.17,94.58,0.0,0.0,0.0,83.9,0.0,0.0,0.0,167.21,47,4.22,15
6873,泓德能源-創,創新板股票,3.67,9040441000.0,2463335422.343324,1.42,7840813946.242739,3.18,22.76,28.15,11.11,39.26,35.33,124.85,72.37,93.0,0.78,0.38,1.34,80.18,47,9.79,13
6594,展匯科,半導體業,0.0,0.0,0.0,0.0,0.0,0.0,0.0,0.0,0.0,0.0,0.0,0.0,0.0,0.0,0.0,0.0,0.0,0.0,0,0.0,0
2432,倚天,通信網路業,1.9,3191297000.0,1679630000.0,1.32,4744368540.226246,2.82,16.17,7.29,12.92,20.21,36.43,56.99,45.59,28.5,1.6,1.28,2.0,1.16,12,0.17,26
00765B,群益中國政金債,上櫃指數股票型基金(ETF),0.0,0.0,0.0,0.0,0.0,0.0,0.0,0.0,0.0,0.0,0.0,0.0,0.0,0.0,0.0,0.0,0.0,0.0,0,0.0,0
1258,其祥-KY,食品工業,0.0,0.0,0.0,0.0,0.0,0.0,0.0,0.0,0.0,0.0,0.0,0.0,0.0,0.0,0.0,0.0,0.0,0.0,0,0.0,0
8077,洛碁,觀光事業,6.03,1080743000.0,179227694.85903814,2.69,1101854510.7640328,6.15,9.85,8.08,6.29,14.37,38.68,88.38,60.56,54.0,1.12,0.72,1.64,6.18,57,0.0,0
2726,雅茗-KY,觀光事業,-3.56,570200000.0,0.0,0.0,494023968.5658153,0.0,44.35,141.89,4.2,146.09,0.0,0.0,0.0,10.15,0.0,0.0,0.0,10.16,54,2.19,50
3522,御頂,觀光事業,-2.66,1143962000.0,0.0,0.0,1269785579.0988076,0.0,0.0,0.0,0.0,0.0,0.0,0.0,0.0,11.7,0.0,0.0,0.0,72.8,83,4.43,6
2724,富驛-KY,觀光事業,-0.21,159698000.0,0.0,0.0,182697858.65094957,0.0,9.05,9.78,4.97,14.75,0.0,0.0,0.0,12.3,0.0,0.0,0.0,21.85,57,0.0,0
2727,王品,觀光事業,16.01,23220546000.0,1450377638.97564,7.25,25464346485.24943,17.56,14.4,3.94,11.8,15.74,207.21,276.39,252.85,246.0,1.03,0.84,1.12,5.33,155,0.0,0
5701,劍湖山,觀光事業,-0.26,534902000.0,0.0,0.0,507888589.5860147,0.0,0.0,0.0,0.0,0.0,0.0,0.0,0.0,6.43,0.0,0.0,0.0,1.67,1,0.0,0
1259,安心,觀光事業,2.45,6045389000.0,2467505714.285714,1.02,6243896064.170222,2.53,37.83,61.2,13.33,74.53,33.72,188.56,95.7,58.6,1.63,0.58,3.22,0.55,9,13.45,161
2731,雄獅,觀光事業,17.49,29836786000.0,1705934019.4396799,7.68,33461080343.024345,19.61,10.58,8.9,6.99,15.89,137.07,311.6,207.49,173.5,1.2,0.79,1.8,9.15,43,7.35,165
2732,六角,觀光事業,1.08,4231906000.0,3918431481.481481,0.56,5757579011.7505,1.47,36.18,70.48,15.43,85.91,22.68,126.29,53.19,65.0,0.82,0.35,1.94,2.22,33,0.9,5
5703,亞都,觀光事業,0.53,448515000.0,846254716.981132,0.27,495909871.7973472,0.59,57.03,80.99,20.77,101.76,12.25,60.04,33.65,14.45,2.33,0.85,4.16,0.45,2,5.81,35
8462,柏文,觀光事業,8.49,5966497000.0,702767608.9517078,3.93,7195779896.054822,10.24,28.37,38.1,14.71,52.81,150.63,540.77,290.49,139.5,2.08,1.08,3.88,19.25,96,27.92,85
2734,易飛網,觀光事業,-1.41,1626979000.0,0.0,0.0,2117428878.9287436,0.0,35.59,63.99,14.87,78.86,0.0,0.0,0.0,15.5,0.0,0.0,0.0,1.15,2,5.57,7
1268,漢來美食,觀光事業,10.12,6246514000.0,617244466.4031621,4.95,7022065580.203516,11.38,16.23,6.31,12.13,18.44,138.04,209.85,184.66,170.5,1.08,0.81,1.23,2.08,27,7.54,97
2736,富野,觀光事業,-1.74,520517000.0,0.0,0.0,569593146.6827002,0.0,0.0,0.0,0.0,0.0,0.0,0.0,0.0,12.35,0.0,0.0,0.0,0.74,2,6.23,22
2729,瓦城,觀光事業,7.16,6114633000.0,853999022.3463687,3.1,6368332843.945377,7.46,22.42,8.25,18.71,26.96,139.58,201.12,167.26,158.5,1.06,0.88,1.27,5.4,40,1.18,13
8066,來思達,貿易百貨,-3.49,4567654000.0,0.0,0.0,3620531010.572845,0.0,604.76,1416.11,28.89,1445.0,0.0,0.0,0.0,16.05,0.0,0.0,0.0,0.48,2,8.51,1
2916,滿心,貿易百貨,3.96,1986414000.0,501619696.969697,1.78,1997268587.0877519,3.98,11.97,5.56,9.6,15.16,38.21,60.34,47.63,43.5,1.09,0.88,1.39,2.02,2,2.59,6
9943,好樂迪,觀光事業,5.4,2431559000.0,450288703.7037037,2.66,2256139827.1633296,5.01,16.41,7.16,13.44,20.6,67.33,103.21,82.21,57.4,1.43,1.17,1.8,0.44,2,2.99,26
8477,創業家,電子商務業,-0.92,442180000.0,0.0,0.0,320244745.12057555,0.0,0.0,0.0,0.0,0.0,0.0,0.0,0.0,19.4,0.0,0.0,0.0,20.67,35,2.31,90
9960,邁達康,貿易百貨,1.75,672255000.0,384145714.28571427,0.87,755487543.2604736,1.97,13.03,10.11,10.12,20.23,19.94,39.85,25.68,32.0,0.8,0.62,1.25,4.2,57,0.0,0
2705,六福,觀光事業,0.87,2277851000.0,2618219540.229885,0.35,2198892791.633598,0.84,71.33,123.98,16.85,140.83,14.15,118.3,59.91,15.7,3.82,0.9,7.54,2.48,16,1.33,1
2712,遠雄來,觀光事業,-0.39,533043000.0,0.0,0.0,542641137.2588066,0.0,122.93,21.45,106.88,128.33,0.0,0.0,0.0,15.15,0.0,0.0,0.0,0.65,15,0.0,0
2718,晶悅,觀光事業,16.94,2992167000.0,176633234.9468713,1.22,1067770565.2908657,6.05,8.29,47.15,1.24,48.39,7.5,292.76,50.14,47.4,1.06,0.16,6.18,40.33,70,21.3,160
8472,夠麻吉,電子商務業,-1.3,487533000.0,0.0,0.0,648371742.5122758,0.0,0.0,0.0,0.0,0.0,0.0,0.0,0.0,88.5,0.0,0.0,0.0,17.18,44,283.78,77
2947,振宇五金,貿易百貨,3.29,2297483000.0,698323100.3039514,1.4,2419409401.9469304,3.46,25.95,12.64,22.25,34.89,76.98,120.72,89.79,76.5,1.17,1.01,1.58,4.62,33,10.04,26
8044,網家,電子商務業,-4.62,36819770000.0,0.0,0.0,39167529942.530876,0.0,0.0,0.0,0.0,0.0,0.0,0.0,0.0,29.9,0.0,0.0,0.0,69.19,155,0.81,5
6195,詩肯,貿易百貨,0.99,2207685000.0,2229984848.4848485,0.49,2445534159.259203,1.1,20.74,14.91,13.13,28.04,14.44,30.84,22.82,26.6,0.86,0.54,1.16,0.0,0,2.13,15
2704,國賓,觀光事業,0.57,1361054000.0,2387814035.0877194,0.25,1374066671.633805,0.58,44.36,105.77,12.12,117.89,7.03,68.38,25.73,42.6,0.6,0.17,1.61,9.7,15,2.8,96
2702,華園,觀光事業,-0.35,1403236000.0,0.0,0.0,1434707058.4483757,0.0,44.57,50.88,23.33,74.21,0.0,0.0,0.0,13.3,0.0,0.0,0.0,3.32,27,3.42,21
3252,海灣,觀光事業,0.13,496920000.0,3822461538.4615383,0.06,510031565.467991,0.13,166.01,83.03,118.33,201.36,15.38,26.18,21.58,17.9,1.21,0.86,1.46,3.02,23,1.75,97
2719,燦星旅,觀光事業,-0.15,1982797000.0,0.0,0.0,1651447586.7778265,0.0,27.18,46.97,11.59,58.56,0.0,0.0,0.0,25.4,0.0,0.0,0.0,0.81,2,8.41,4
2722,夏都,觀光事業,-0.49,571971000.0,0.0,0.0,559328010.9299263,0.0,396.99,1669.86,55.14,1725.0,0.0,0.0,0.0,23.35,0.0,0.0,0.0,1.02,2,8.55,28
2723,美食-KY,觀光事業,-2.47,18376224000.0,0.0,0.0,15428662047.218966,0.0,29.3,29.44,17.23,46.67,0.0,0.0,0.0,63.9,0.0,0.0,0.0,5.59,174,0.0,0
2924,宏太-KY,貿易百貨,-1.17,59042000.0,0.0,0.0,101644278.44113612,0.0,0.0,0.0,0.0,0.0,0.0,0.0,0.0,18.95,0.0,0.0,0.0,0.0,0,0.33,91
2701,萬企,觀光事業,0.56,260225000.0,464687499.99999994,0.23,264342522.95738167,0.57,21.49,7.39,17.89,25.28,10.2,14.41,12.25,10.6,1.16,0.96,1.36,0.0,0,0.43,5
2706,第一店,觀光事業,0.64,376284000.0,587943750.0,0.26,383588798.6027463,0.65,22.28,9.7,17.76,27.46,11.54,17.85,14.48,12.35,1.17,0.93,1.45,0.0,0,1.47,96
2937,集雅社,貿易百貨,4.15,5120538000.0,1233864578.313253,1.87,5596918800.290864,4.54,11.49,4.64,9.28,13.92,42.13,63.2,52.17,48.0,1.09,0.88,1.32,6.52,140,0.0,0
2739,寒舍,觀光事業,2.36,5167860000.0,2189771186.440678,1.08,5274929077.360027,2.41,16.5,43.63,6.31,49.94,15.21,120.36,39.76,35.95,1.11,0.42,3.35,7.81,48,2.06,28
3171,新洲,貿易百貨,4.3,1843259000.0,428664883.7209303,2.56,3364621139.5344963,7.85,13.81,9.64,10.41,20.05,81.72,157.39,108.44,72.0,1.51,1.14,2.19,39.43,124,38.76,96
2707,晶華,觀光事業,11.42,6817181000.0,596951050.7880911,5.27,7063763876.507626,11.83,17.76,8.23,12.25,20.48,144.92,242.28,210.05,181.0,1.16,0.8,1.34,2.46,8,4.9,97
5301,寶得利,觀光事業,-1.36,238825000.0,0.0,0.0,215881700.65649092,0.0,0.0,0.0,0.0,0.0,0.0,0.0,0.0,6.81,0.0,0.0,0.0,2.26,12,119.67,160
2755,揚秦,觀光事業,7.02,2990934000.0,426058974.3589744,3.27,3615245097.104862,8.49,20.58,8.62,16.79,25.41,142.55,215.73,174.71,136.0,1.28,1.05,1.59,6.09,159,25.09,77
8433,弘帆,貿易百貨,3.18,3398355000.0,1068665094.3396226,1.42,3967072674.9917507,3.71,11.7,13.76,6.27,20.03,23.26,74.31,43.4,52.7,0.82,0.44,1.41,3.41,41,4.73,61
2754,亞洲藏壽司,觀光事業,2.36,5729128000.0,2427596610.169492,0.98,6102620615.109119,2.51,40.07,74.11,16.43,90.54,41.24,227.26,100.58,68.6,1.47,0.6,3.31,6.31,30,26.26,103
2753,八方雲集,觀光事業,12.85,8764223000.0,682040700.3891051,5.56,9170812995.193312,13.45,17.66,9.1,12.77,21.87,171.76,294.15,237.56,180.5,1.32,0.95,1.63,0.0,0,14.21,160
2752,豆府,觀光事業,15.04,4051634000.0,269390558.5106383,6.71,4435530397.442509,16.47,14.95,7.67,11.19,18.86,184.3,310.62,246.22,178.0,1.38,1.04,1.75,2.4,40,2.56,167
6728,上洋,貿易百貨,9.77,4548540000.0,465561924.2579325,4.71,5105239920.13549,10.97,12.61,5.81,10.53,16.34,115.51,179.25,138.36,112.5,1.23,1.03,1.59,0.0,0,13.51,25
2740,天蔥,觀光事業,-3.19,142213000.0,0.0,0.0,53076114.35277908,0.0,0.0,0.0,0.0,0.0,0.0,0.0,0.0,29.35,0.0,0.0,0.0,6.35,8,2.44,6
5905,南仁湖,貿易百貨,-0.63,1067250000.0,0.0,0.0,3754387172.5326777,0.0,0.0,0.0,0.0,0.0,0.0,0.0,0.0,8.34,0.0,0.0,0.0,106.22,84,8.04,74
5287,數字,電子商務業,13.94,2316918000.0,166206456.24103302,5.65,2311183151.8493986,13.91,14.08,6.32,10.39,16.71,144.52,232.44,195.92,149.5,1.31,0.97,1.55,0.5,13,3.41,83
8941,關中,貿易百貨,1.16,3009319000.0,2594240517.2413793,0.48,2991185899.652314,1.15,19.84,40.26,7.97,48.23,9.17,55.46,22.82,43.35,0.53,0.21,1.28,3.09,23,1.77,6
6763,綠界科技,電子商務業,4.21,1725309000.0,409812114.01425177,1.91,1939659056.9513783,4.73,30.64,229.21,10.3,239.51,48.72,1132.88,144.92,50.4,2.88,0.97,22.48,4.36,84,29.09,27
2748,雲品,觀光事業,2.17,2448032000.0,1128125345.62212,1.06,2493763956.7867236,2.21,19.15,9.18,13.61,22.79,30.08,50.37,42.33,40.05,1.06,0.75,1.26,0.99,2,4.42,11
8940,新天地,觀光事業,0.55,1601200000.0,2911272727.272727,0.34,1612334232.0681245,0.55,63.2,203.79,11.21,215.0,6.17,118.25,34.76,16.85,2.06,0.37,7.02,1.33,30,10.2,151
5904,寶雅,貿易百貨,29.63,25264824000.0,852677151.5356058,13.6,28113263975.756958,32.97,18.07,7.99,14.28,22.27,470.81,734.24,595.84,577.0,1.03,0.82,1.27,3.75,6,6.19,6
5278,尚凡,電子商務業,1.05,2602370000.0,2478447619.047619,0.44,3034769127.002369,1.22,43.48,412.05,17.28,429.33,21.08,523.78,53.05,23.3,2.28,0.9,22.48,35.86,174,57.29,61
3085,新零售,電子商務業,-0.56,56566000.0,0.0,0.0,59320754.4622633,0.0,0.0,0.0,0.0,0.0,0.0,0.0,0.0,12.85,0.0,0.0,0.0,81.08,167,0.0,0
5704,老爺知,觀光事業,0.39,310605000.0,796423076.9230769,0.18,364581795.33645,0.46,30.63,70.54,12.02,82.56,5.53,37.98,14.09,21.15,0.67,0.26,1.8,0.85,82,0.0,0
4804,大略-KY,觀光事業,-1.51,130783000.0,0.0,0.0,135749347.4982206,0.0,0.0,0.0,0.0,0.0,0.0,0.0,0.0,3.27,0.0,0.0,0.0,53.48,44,163.82,70
6741,91APP*-KY,電子商務業,4.41,1766188000.0,400496145.1247165,2.28,2299271637.0809917,5.74,20.26,14.96,13.52,28.48,77.6,163.48,116.32,64.4,1.81,1.2,2.54,2.27,28,8.72,67
2745,五福,觀光事業,10.01,8661695000.0,865304195.8041959,4.61,10003188535.289206,11.56,11.24,7.74,8.04,15.78,92.94,182.42,129.97,106.5,1.22,0.87,1.71,9.28,35,23.39,27
5364,力麗店,觀光事業,-0.77,337668000.0,0.0,0.0,207128945.5948553,0.0,0.0,0.0,0.0,0.0,0.0,0.0,0.0,8.86,0.0,0.0,0.0,170.99,85,0.0,0
5706,鳳凰,觀光事業,3.41,3142660000.0,921601173.0205278,1.23,2927152757.7367487,3.18,16.57,9.87,12.21,22.08,38.83,70.21,52.69,53.2,0.99,0.73,1.32,4.47,16,4.92,27
2756,聯發國際,觀光事業,3.93,1122844000.0,285710941.475827,1.77,1577529312.786976,5.52,31.69,43.78,15.21,58.99,83.96,325.62,174.93,59.0,2.96,1.42,5.52,38.13,33,21.9,43
5902,德記,貿易百貨,2.24,2297474000.0,1025658035.7142856,0.83,2014911691.4716759,1.96,19.94,7.18,15.83,23.01,31.03,45.1,39.08,35.45,1.1,0.88,1.27,28.91,68,2.14,102
2743,山富,觀光事業,4.72,6629870000.0,1404633474.5762713,2.04,7102470776.021008,5.06,15.43,27.12,9.09,36.21,46.0,183.22,78.08,69.9,1.12,0.66,2.62,4.59,35,10.92,39
5903,全家,貿易百貨,7.6,109171999000.0,14364736710.526316,3.27,119715070672.08195,8.33,18.54,16.27,10.96,27.23,91.3,226.83,154.41,189.0,0.82,0.48,1.2,0.52,6,3.43,61
8473,山林水,其他,2.55,4934180000.0,1934972549.019608,1.14,5917555128.728666,3.06,27.03,36.58,12.05,48.63,36.87,148.81,82.72,54.4,1.52,0.68,2.74,44.97,44,28.66,137
1432,大魯閣,貿易百貨,6.03,1324663000.0,219678772.8026534,1.71,889568026.0488087,4.05,40.59,82.69,2.74,85.43,11.1,345.99,164.38,17.2,9.56,0.65,20.12,21.53,173,9.12,169
3708,上緯投控,化學工業,35.56,6151654000.0,172993644.54443192,2.06,672848595.529311,3.89,44.23,107.22,2.78,110.0,10.81,427.9,172.07,119.5,1.44,0.09,3.58,2.0,30,78.7,78
1439,雋揚,紡織纖維,3.21,548585000.0,170898753.894081,2.08,1293978023.7738502,7.57,14.77,14.0,8.1,22.1,61.32,167.3,111.83,25.5,4.39,2.4,6.56,25.95,86,0.16,1
8341,日友,其他,4.48,4002425000.0,893398437.4999999,2.01,4494012934.273272,5.03,22.09,24.73,15.58,40.31,78.37,202.76,111.1,79.0,1.41,0.99,2.57,6.78,34,10.96,154
8422,可寧衛,其他,1.3,4921714000.0,3785933846.153846,0.49,3825844266.081244,1.01,19.73,23.77,13.84,37.61,13.98,37.99,19.93,28.1,0.71,0.5,1.35,1.04,15,29.2,153
6768,志強-KY,其他,6.78,20464647000.0,3018384513.2743363,2.92,19115353355.07761,6.33,15.98,16.65,10.95,27.6,69.31,174.71,101.13,95.5,1.06,0.73,1.83,57.46,173,15.42,125
6754,匯僑設計,其他,3.4,3632574000.0,1068404117.6470588,1.06,2909501435.308059,2.72,11.75,5.89,8.48,14.37,23.07,39.09,31.95,45.6,0.7,0.51,0.86,40.38,75,0.0,0
2424,隴華,電腦及週邊設備業,-1.34,212664000.0,0.0,0.0,138659083.9630758,0.0,0.0,0.0,0.0,0.0,0.0,0.0,0.0,12.75,0.0,0.0,0.0,176.77,132,20.22,18
8467,波力-KY,其他,10.04,2544953000.0,253481374.50199205,3.67,2328986679.6494436,9.19,18.39,24.06,10.73,34.79,98.61,319.72,169.04,129.5,1.31,0.76,2.47,85.5,183,11.24,96
5306,桂盟,其他,7.66,4729350000.0,617408616.1879896,3.51,4757838039.068763,7.71,16.03,19.75,9.58,29.33,73.86,226.13,123.6,85.0,1.45,0.87,2.66,12.2,90,1.34,28
2442,新美齊,電子工業,5.25,1316248000.0,250713904.76190478,52.85,17772432079.23383,70.89,19.28,32.24,3.47,35.71,245.99,2531.48,1366.45,19.9,68.67,12.36,127.21,14.8,57,17.19,91
8438,昶昕,其他,2.1,3770840000.0,1795638095.238095,1.35,5113078433.561581,2.85,21.83,37.91,11.38,49.29,32.43,140.48,62.23,83.7,0.74,0.39,1.68,33.42,79,5.06,95
3130,一零四,電子工業,14.7,2657992000.0,180815782.3129252,6.14,2821095263.498472,15.6,15.75,3.47,14.57,18.04,227.29,281.42,245.66,222.0,1.11,1.02,1.27,3.62,33,2.18,34
1472,三洋實業,紡織纖維,6.4,3601026000.0,562660312.5,2.74,3643832521.8607664,6.48,19.74,24.51,12.44,36.95,80.61,239.44,127.93,90.1,1.42,0.89,2.66,0.0,0,0.0,0
4536,拓凱,其他,14.92,9439769000.0,632692292.2252011,6.1,8355657485.609107,13.21,11.1,7.25,7.74,14.99,102.25,198.02,146.68,162.5,0.9,0.63,1.22,14.36,147,2.26,5
8464,億豐,其他,22.53,30041892000.0,1333417310.252996,9.41,29600783526.154034,22.2,18.31,11.78,12.5,24.28,277.5,539.02,406.5,328.5,1.24,0.84,1.64,42.98,135,14.83,70
3054,立萬利,電子工業,1.96,126498000.0,64539795.91836735,3.58,909449772.2984962,14.09,36.61,36.39,19.26,55.65,271.37,784.11,515.78,83.8,6.15,3.24,9.36,15.52,183,8.62,71
6806,森崴能源,其他,-57.89,27598134000.0,0.0,0.0,17774199175.234188,0.0,34.01,41.61,18.13,59.74,0.0,0.0,0.0,5.64,0.0,0.0,0.0,50.2,37,1.32,5
6807,峰源-KY,其他,4.69,4368245000.0,931395522.3880596,1.58,3160991163.777777,3.39,8.9,8.12,5.37,13.49,18.2,45.73,30.18,33.8,0.89,0.54,1.35,72.5,161,0.0,0
8454,富邦媒,貿易百貨,11.58,109217017000.0,9431521329.879103,4.67,108589622230.46722,11.51,22.09,18.82,14.86,33.68,171.04,387.66,254.26,353.0,0.72,0.48,1.1,0.0,0,1.36,1
2062,橋椿,其他,0.38,6372187000.0,16768913157.894737,0.17,6696366654.687484,0.4,22.38,88.64,8.03,96.67,3.21,38.67,8.95,19.25,0.46,0.17,2.01,45.31,110,4.23,77
9914,美利達,其他,4.01,26935538000.0,6717091770.573566,1.38,20960861536.330055,3.12,33.61,34.95,13.89,48.84,43.34,152.38,104.86,69.1,1.52,0.63,2.21,6.11,57,3.95,61
6581,鋼聯,其他,6.17,2095016000.0,339548784.4408428,4.0,2436400419.8877826,7.18,16.68,10.63,12.45,23.08,89.39,165.71,119.75,110.0,1.09,0.81,1.51,14.88,146,6.13,125
6670,復盛應用,其他,22.49,29763472000.0,1323409159.6265008,10.98,31261455153.66002,23.62,12.03,6.33,9.08,15.41,214.47,363.98,284.27,276.0,1.03,0.78,1.32,7.43,183,0.0,0
9934,成霖,其他,-0.29,17486056000.0,0.0,0.0,18037394447.237194,0.0,20.74,55.35,8.18,63.53,0.0,0.0,0.0,11.05,0.0,0.0,0.0,4.07,15,0.0,0
9924,福興,其他,3.17,7457017000.0,2352371293.3753943,1.13,6607987063.1395645,2.81,11.57,8.7,8.57,17.27,24.08,48.53,32.51,43.2,0.75,0.56,1.12,7.39,124,10.88,180
9911,櫻花,其他,6.26,10160374000.0,1623062939.2971246,2.9,10892785002.207806,6.71,14.35,4.78,12.81,17.59,85.96,118.03,96.27,84.6,1.14,1.02,1.4,9.94,56,4.59,48
1598,岱宇,生技醫療業,-3.35,6329286000.0,0.0,0.0,5332199807.627159,0.0,94.45,174.56,44.11,218.67,0.0,0.0,0.0,21.3,0.0,0.0,0.0,6.15,37,1.24,13
9910,豐泰,其他,5.1,83553386000.0,16383016862.7451,2.0,78790348286.41159,4.81,21.82,16.22,13.49,29.71,64.89,142.91,104.98,76.9,1.37,0.84,1.86,9.24,20,15.38,126
1736,喬山,生技醫療業,9.07,53154689000.0,5860494928.335171,4.19,59372823751.62098,10.13,24.03,39.05,12.25,51.3,124.09,519.67,243.45,110.5,2.2,1.12,4.7,108.56,183,24.91,119
9904,寶成,其他,4.1,253268990000.0,61772924390.243904,1.71,241882323519.22247,3.92,7.17,4.42,4.94,9.36,19.36,36.69,28.09,26.45,1.06,0.73,1.39,17.47,169,14.36,27
9935,慶豐富,其他,1.64,4981019000.0,3037206707.3170733,0.67,5016880582.931358,1.65,13.97,14.5,8.55,23.05,14.11,38.03,23.05,19.3,1.19,0.73,1.97,41.52,142,1.46,1
6641,基士德-KY,其他,0.45,1773564000.0,3941253333.333333,0.19,1824445719.4770381,0.46,64.46,204.41,12.59,217.0,5.79,99.82,29.65,18.75,1.58,0.31,5.32,0.0,0,4.5,20
8482,商億-KY,其他,2.3,3480536000.0,1513276521.7391305,1.0,3552900536.539122,2.35,19.56,29.72,12.23,41.95,28.74,98.58,45.97,0.0,0.0,0.0,0.0,6.66,114,5.88,26
6689,伊雲谷,電子工業,2.3,12667665000.0,5507680434.782609,0.92,11485435265.372663,2.09,36.47,17.87,28.45,46.32,59.46,96.81,76.23,73.5,1.04,0.81,1.32,26.26,41,9.34,4
8478,東哥遊艇,其他,13.25,4888412000.0,368936754.7169811,6.15,6949890128.661233,18.84,22.96,49.32,9.14,58.46,172.2,1101.39,432.47,162.5,2.66,1.06,6.78,13.37,27,58.78,29
9930,中聯資源,其他,4.96,14021406000.0,2826896370.967742,2.0,13200842904.404945,4.67,15.18,5.61,13.53,19.14,63.19,89.38,70.87,69.5,1.02,0.91,1.29,12.63,57,0.0,0
6671,三能-KY,其他,2.38,1985487000.0,834238235.2941177,0.93,1876832594.9195118,2.25,13.96,4.66,11.13,15.79,25.04,35.53,31.41,26.9,1.17,0.93,1.32,5.38,42,0.0,0
3557,嘉威,其他,0.13,4367859000.0,33598915384.615383,0.06,3367406336.7486134,0.1,295.68,3173.47,6.53,3180.0,0.65,318.0,29.57,24.15,1.22,0.03,13.17,1.15,36,0.2,20
9921,巨大,其他,1.84,60780700000.0,33032989130.43478,0.66,49330398785.87593,1.49,74.48,266.08,22.08,288.16,32.9,429.36,110.97,70.8,1.57,0.46,6.06,7.96,77,1.27,49
9955,佳龍,其他,0.54,1409673000.0,2610505555.5555553,0.3,2197742053.538942,0.84,51.97,27.03,39.08,66.11,32.83,55.53,43.66,28.4,1.54,1.16,1.96,18.87,77,10.03,180
9802,鈺齊-KY,其他,6.05,17333351000.0,2865016694.214876,2.46,17614686792.745415,6.15,17.83,21.72,12.24,33.96,75.28,208.85,109.63,79.0,1.39,0.95,2.64,3.53,6,16.23,28
4702,中美實,化學工業,0.89,79555000.0,89387640.4494382,0.34,58978187.100033686,0.66,32.2,129.71,6.4,136.11,4.22,89.83,21.25,10.15,2.09,0.42,8.85,1.49,33,0.0,0
5205,中茂,其他電子類,-1.43,24789000.0,0.0,0.0,32765280.554239698,0.0,0.0,0.0,0.0,0.0,0.0,0.0,0.0,22.75,0.0,0.0,0.0,0.0,0,0.0,0
8933,愛地雅,其他,-1.39,2377380000.0,0.0,0.0,1493839785.8780246,0.0,0.0,0.0,0.0,0.0,0.0,0.0,0.0,4.77,0.0,0.0,0.0,0.0,0,4.59,74
8924,大田,其他,5.63,4471774000.0,794276021.3143872,2.32,5671579932.00998,7.14,13.85,9.59,9.54,19.13,68.12,136.59,98.92,57.9,1.71,1.18,2.36,0.0,0,22.48,152
8928,鉅明,其他,1.41,3443852000.0,2442448226.9503546,0.52,2560174106.0974565,1.05,44.05,167.95,9.16,177.11,9.62,185.97,46.26,21.35,2.17,0.45,8.71,3.55,6,0.17,1
8440,綠電,其他,0.31,942226000.0,3039438709.677419,0.11,741669856.7940195,0.24,87.75,124.44,40.56,165.0,9.73,39.6,21.06,23.15,0.91,0.42,1.71,55.27,28,7.93,12
8087,華鎂鑫,光電業,-1.32,318083000.0,0.0,0.0,771109225.3682534,0.0,74.1,153.26,11.91,165.17,0.0,0.0,0.0,35.6,0.0,0.0,0.0,15.68,22,0.0,0
6690,安碁資訊,資訊服務業,10.22,2397800000.0,234618395.3033268,5.58,2800058302.722486,11.93,20.44,15.61,14.26,29.87,170.12,356.35,243.84,182.0,1.34,0.93,1.96,48.74,41,3.02,71
4609,唐鋒,電器電纜,-0.11,170353000.0,0.0,0.0,142188923.39684346,0.0,0.0,0.0,0.0,0.0,0.0,0.0,0.0,5.4,0.0,0.0,0.0,6.18,28,0.0,0
6123,上奇,電腦及週邊設備業,2.72,5094560000.0,1872999999.9999998,1.02,4619600529.531529,2.47,16.34,6.32,13.42,19.74,33.15,48.76,40.36,46.7,0.86,0.71,1.04,0.0,0,3.9,109
3551,世禾,其他電子類,8.36,2943952000.0,352147368.42105263,3.89,3469329562.527345,9.85,21.07,15.68,12.52,28.2,123.32,277.77,207.51,201.0,1.03,0.61,1.38,46.15,145,44.49,132
3178,公準,電機機械,-0.46,1278448000.0,0.0,0.0,1160453386.6175585,0.0,607.76,3129.21,20.79,3150.0,0.0,0.0,0.0,68.3,0.0,0.0,0.0,7.62,12,34.83,84
8390,金益鼎,其他,6.6,4649007000.0,704395000.0,3.71,6273776597.94319,8.91,14.63,10.71,10.27,20.98,91.51,186.93,130.34,125.0,1.04,0.73,1.5,50.53,37,40.41,175
3073,天方能源,半導體業,0.04,78469000.0,1961725000.0,0.04,328032859.52237606,0.17,188.81,722.31,17.69,740.0,3.01,125.8,32.1,22.4,1.43,0.13,5.62,208.54,47,6.17,13
3713,新晶投控,光電業,-1.13,281414000.0,0.0,0.0,421752922.12354916,0.0,0.0,0.0,0.0,0.0,0.0,0.0,0.0,16.45,0.0,0.0,0.0,64.98,28,33.01,104
8476,台境,其他,0.51,1133942000.0,2223415686.27451,0.25,1426870750.479359,0.64,52.24,263.84,11.16,275.0,7.14,176.0,33.43,15.75,2.12,0.45,11.17,8.78,33,3.73,5
4154,樂威科-KY,生技醫療業,-1.83,22250000.0,0.0,0.0,32454059.93472456,0.0,0.0,0.0,0.0,0.0,0.0,0.0,0.0,13.5,0.0,0.0,0.0,75.67,89,10.72,29
8420,明揚,其他,0.0,0.0,0.0,0.0,0.0,0.0,0.0,0.0,0.0,0.0,0.0,0.0,0.0,40.6,0.0,0.0,0.0,1.55,2,0.0,0
8171,天宇,通信網路業,-5.46,286330000.0,0.0,0.0,467102998.3082978,0.0,0.0,0.0,0.0,0.0,0.0,0.0,0.0,24.75,0.0,0.0,0.0,28.87,175,0.0,0
4530,宏易,電機機械,0.34,326341000.0,959826470.5882353,0.23,669816379.6016897,0.7,94.53,60.15,72.35,132.5,50.64,92.75,66.17,25.3,2.62,2.0,3.67,49.94,111,16.07,47
8938,明安,其他,6.19,15350061000.0,2479815993.5379643,2.77,14058019534.950693,5.67,17.49,45.08,7.47,52.55,42.35,297.96,99.15,53.1,1.87,0.8,5.61,1.05,2,6.99,183
1593,祺驊,生技醫療業,2.17,1236771000.0,569940552.9953917,0.99,1402395463.274593,2.46,23.36,37.8,12.59,50.39,30.97,123.96,57.46,32.05,1.79,0.97,3.87,3.66,118,3.84,92
8423,保綠-KY,其他,0.73,372162000.0,509810958.9041096,0.34,393063336.0296969,0.77,32.36,24.19,20.47,44.66,15.76,34.39,24.92,17.75,1.4,0.89,1.94,19.12,28,1.81,96
6804,明係,其他,-2.83,1356794000.0,0.0,0.0,1585643497.729367,0.0,28.77,22.07,18.28,40.35,0.0,0.0,0.0,16.35,0.0,0.0,0.0,0.0,0,3.55,7
6616,特昇-KY,其他,-0.6,1063387000.0,0.0,0.0,738585382.0085582,0.0,75.36,18.16,67.37,85.53,0.0,0.0,0.0,9.75,0.0,0.0,0.0,4.17,2,0.0,0
6811,宏碁資訊,資訊服務業,14.37,9465495000.0,658698329.8538623,8.44,11347692139.912277,17.23,17.95,13.73,12.71,26.44,218.99,455.56,309.31,238.5,1.3,0.92,1.91,23.16,41,14.1,84
6624,萬年清,其他,0.36,655700000.0,1821388888.888889,0.13,446822197.8015785,0.25,78.26,181.16,27.26,208.42,6.82,52.1,19.57,47.3,0.41,0.14,1.1,4.95,29,75.03,182
6629,泰金-KY,其他,6.46,1675172000.0,259314551.08359134,4.32,3104173060.3524485,11.97,14.15,16.37,7.01,23.38,83.91,279.86,169.43,119.0,1.42,0.71,2.35,29.24,93,72.22,154
6803,崑鼎,其他,18.44,9581973000.0,519629772.23427325,7.38,9936770207.552067,19.12,16.83,3.62,15.47,19.09,295.79,365.0,321.79,289.0,1.11,1.02,1.26,1.95,15,1.68,20
2640,大車隊,其他,9.01,3135467000.0,347998557.15871257,3.97,3285169864.8235736,9.44,15.33,8.2,13.44,21.64,126.87,204.28,144.74,163.0,0.89,0.78,1.25,3.35,43,1.49,43
8916A,光隆甲特,其他,0.0,0.0,0.0,0.0,0.0,0.0,0.0,0.0,0.0,0.0,0.0,0.0,0.0,0.0,0.0,0.0,0.0,0.0,0,0.0,0
3089,億杰,電子零組件業,0.0,0.0,0.0,0.0,0.0,0.0,0.0,0.0,0.0,0.0,0.0,0.0,0.0,0.0,0.0,0.0,0.0,0.0,0,0.0,0
4129A,聯合甲特,生技醫療業,0.0,0.0,0.0,0.0,0.0,0.0,0.0,0.0,0.0,0.0,0.0,0.0,0.0,0.0,0.0,0.0,0.0,0.0,0,0.0,0
4944,兆遠,光電業,0.0,0.0,0.0,0.0,0.0,0.0,0.0,0.0,0.0,0.0,0.0,0.0,0.0,0.0,0.0,0.0,0.0,0.0,0,0.0,0
5281,大峽谷-KY,光電業,0.0,0.0,0.0,0.0,0.0,0.0,0.0,0.0,0.0,0.0,0.0,0.0,0.0,0.0,0.0,0.0,0.0,0.0,0,0.0,0
00744B,國泰中國政金債5+,上櫃指數股票型基金(ETF),0.0,0.0,0.0,0.0,0.0,0.0,0.0,0.0,0.0,0.0,0.0,0.0,0.0,0.0,0.0,0.0,0.0,0.0,0,0.0,0
6404,通訊-KY,資訊服務業,0.0,0.0,0.0,0.0,0.0,0.0,0.0,0.0,0.0,0.0,0.0,0.0,0.0,0.0,0.0,0.0,0.0,0.0,0,0.0,0
020024,兆豐富櫃200N,指數投資證券(ETN),0.0,0.0,0.0,0.0,0.0,0.0,0.0,0.0,0.0,0.0,0.0,0.0,0.0,0.0,0.0,0.0,0.0,0.0,0,0.0,0
02002L,兆豐富櫃200正二N,指數投資證券(ETN),0.0,0.0,0.0,0.0,0.0,0.0,0.0,0.0,0.0,0.0,0.0,0.0,0.0,0.0,0.0,0.0,0.0,0.0,0,0.0,0
8418,捷必勝-KY,其他,0.0,0.0,0.0,0.0,0.0,0.0,0.0,0.0,0.0,0.0,0.0,0.0,0.0,0.0,0.0,0.0,0.0,0.0,0,0.0,0
4712,南璋,食品工業,-2.16,0.0,0.0,0.0,0.0,0.0,0.0,0.0,0.0,0.0,0.0,0.0,0.0,0.0,0.0,0.0,0.0,0.0,0,0.0,0
5383,金利,其他電子類,0.0,0.0,0.0,0.0,0.0,0.0,0.0,0.0,0.0,0.0,0.0,0.0,0.0,0.0,0.0,0.0,0.0,0.0,0,0.0,0
5432,新門,光電業,2.3,194274000.0,84466956.52173914,1.06,194955594.39101487,2.31,116.5,145.4,53.94,199.34,124.6,460.48,269.12,135.5,1.99,0.92,3.4,45.67,30,21.99,145
3465,進泰電子,電子零組件業,0.04,1723481000.0,43087025000.0,0.02,1483401448.2312052,0.03,150.6,1121.9,31.85,1153.75,0.96,34.61,4.52,32.0,0.14,0.03,1.08,10.94,23,0.0,0
6865,偉康科技,資訊服務業,1.53,459035000.0,300022875.8169935,0.37,242409265.4824772,0.81,35.02,187.34,14.42,201.76,11.68,163.43,28.37,28.95,0.98,0.4,5.65,22.61,36,0.0,0
4419,元勝,紡織纖維,-1.45,2678472000.0,0.0,0.0,2675335454.3008795,0.0,0.0,0.0,0.0,0.0,0.0,0.0,0.0,45.6,0.0,0.0,0.0,82.24,36,11.4,25
6198,瑞築,半導體業,-0.23,233000.0,0.0,0.0,324430.37974683545,0.0,108.01,22.5,92.86,115.36,0.0,0.0,0.0,20.65,0.0,0.0,0.0,0.94,2,0.0,0
8091,翔名,電子零組件業,5.91,2104250000.0,356049069.37394243,3.12,2830932954.3181667,7.95,21.43,26.11,12.96,39.07,103.03,310.61,170.41,241.0,0.71,0.43,1.29,37.05,30,14.15,95
020026,兆豐上櫃ESG電菁N,指數投資證券(ETN),0.0,0.0,0.0,0.0,0.0,0.0,0.0,0.0,0.0,0.0,0.0,0.0,0.0,6.37,0.0,0.0,0.0,0.0,0,0.0,0
00831B,新光美債1-3,上櫃指數股票型基金(ETF),0.0,0.0,0.0,0.0,0.0,0.0,0.0,0.0,0.0,0.0,0.0,0.0,0.0,41.42,0.0,0.0,0.0,1.27,42,0.0,0
6514,芮特-KY,通信網路業,0.0,0.0,0.0,0.0,0.0,0.0,17.21,1.95,16.34,18.29,0.0,0.0,0.0,50.8,0.0,0.0,0.0,1.13,35,0.0,0
00721B,元大中國債3-5,上櫃指數股票型基金(ETF),0.0,0.0,0.0,0.0,0.0,0.0,0.0,0.0,0.0,0.0,0.0,0.0,0.0,48.06,0.0,0.0,0.0,4.29,62,0.0,0
6757,台灣虎航-創,創新版股票,5.38,16712901000.0,3106487174.7211895,2.79,20041559656.106148,6.45,12.34,9.63,8.28,17.91,53.41,115.52,79.6,54.4,1.46,0.98,2.12,73.29,182,0.0,0
1716,永信,化學生技醫療,10.75,0.0,0.0,0.0,0.0,0.0,0.0,0.0,0.0,0.0,0.0,0.0,0.0,0.0,0.0,0.0,0.0,0.0,0,0.0,0
1606,歌林,電器電纜,0.0,0.0,0.0,0.0,0.0,0.0,0.0,0.0,0.0,0.0,0.0,0.0,0.0,0.0,0.0,0.0,0.0,0.0,0,0.0,0
1601,台光,電器電纜,0.0,0.0,0.0,0.0,0.0,0.0,0.0,0.0,0.0,0.0,0.0,0.0,0.0,0.0,0.0,0.0,0.0,0.0,0,0.0,0
1523,開億,電機機械,0.0,0.0,0.0,0.0,0.0,0.0,0.0,0.0,0.0,0.0,0.0,0.0,0.0,0.0,0.0,0.0,0.0,0.0,0,0.0,0
1311,福聚,塑膠工業,0.0,0.0,0.0,0.0,0.0,0.0,0.0,0.0,0.0,0.0,0.0,0.0,0.0,0.0,0.0,0.0,0.0,0.0,0,0.0,0
1230,聯成食,電器電纜,0.0,0.0,0.0,0.0,0.0,0.0,0.0,0.0,0.0,0.0,0.0,0.0,0.0,0.0,0.0,0.0,0.0,0.0,0,0.0,0
4733,上緯,化學工業,0.0,0.0,0.0,0.0,0.0,0.0,0.0,0.0,0.0,0.0,0.0,0.0,0.0,0.0,0.0,0.0,0.0,0.0,0,0.0,0
6119,大傳,電子工業,0.0,0.0,0.0,0.0,0.0,0.0,0.0,0.0,0.0,0.0,0.0,0.0,0.0,0.0,0.0,0.0,0.0,0.0,0,0.0,0
3214,元砷,電子工業,0.0,0.0,0.0,0.0,0.0,0.0,0.0,0.0,0.0,0.0,0.0,0.0,0.0,0.0,0.0,0.0,0.0,0.0,0,0.0,0
3020,奇普仕,電子工業,0.0,0.0,0.0,0.0,0.0,0.0,0.0,0.0,0.0,0.0,0.0,0.0,0.0,0.0,0.0,0.0,0.0,0.0,0,0.0,0
3598,奕力,半導體業,0.0,0.0,0.0,0.0,0.0,0.0,0.0,0.0,0.0,0.0,0.0,0.0,0.0,0.0,0.0,0.0,0.0,0.0,0,0.0,0
2336,致伸,電腦及週邊設備業,0.0,0.0,0.0,0.0,0.0,0.0,0.0,0.0,0.0,0.0,0.0,0.0,0.0,0.0,0.0,0.0,0.0,0.0,0,0.0,0
2403,友尚,電子通路業,0.0,0.0,0.0,0.0,0.0,0.0,0.0,0.0,0.0,0.0,0.0,0.0,0.0,0.0,0.0,0.0,0.0,0.0,0,0.0,0
3474,華亞科,半導體業,0.0,0.0,0.0,0.0,0.0,0.0,0.0,0.0,0.0,0.0,0.0,0.0,0.0,0.0,0.0,0.0,0.0,0.0,0,0.0,0
3599,旺能,光電業,0.0,0.0,0.0,0.0,0.0,0.0,0.0,0.0,0.0,0.0,0.0,0.0,0.0,0.0,0.0,0.0,0.0,0.0,0,0.0,0
6951,青新-創,創新版股票,5.39,842034000.0,156221521.33580706,2.38,1073883646.2462194,6.87,15.96,11.37,12.6,23.97,86.56,164.67,109.68,82.0,1.34,1.06,2.01,12.93,175,6.58,63
2396,精碟,光電業,0.0,0.0,0.0,0.0,0.0,0.0,0.0,0.0,0.0,0.0,0.0,0.0,0.0,0.0,0.0,0.0,0.0,0.0,0,0.0,0
00729R,第一金工業30反1,ETF,0.0,0.0,0.0,0.0,0.0,0.0,0.0,0.0,0.0,0.0,0.0,0.0,0.0,0.0,0.0,0.0,0.0,0.0,0,0.0,0
00866,新光Shiller CAPE,ETF,0.0,0.0,0.0,0.0,0.0,0.0,0.0,0.0,0.0,0.0,0.0,0.0,0.0,0.0,0.0,0.0,0.0,0.0,0,0.0,0
2854,寶來證,金融保險,0.0,0.0,0.0,0.0,0.0,0.0,0.0,0.0,0.0,0.0,0.0,0.0,0.0,0.0,0.0,0.0,0.0,0.0,0,0.0,0
2891A,中信特,金融保險,0.0,0.0,0.0,0.0,0.0,0.0,0.0,0.0,0.0,0.0,0.0,0.0,0.0,0.0,0.0,0.0,0.0,0.0,0,0.0,0
2446,全懋,半導體業,0.0,0.0,0.0,0.0,0.0,0.0,0.0,0.0,0.0,0.0,0.0,0.0,0.0,0.0,0.0,0.0,0.0,0.0,0,0.0,0
2447,鼎新,資訊服務業,0.0,0.0,0.0,0.0,0.0,0.0,0.0,0.0,0.0,0.0,0.0,0.0,0.0,0.0,0.0,0.0,0.0,0.0,0,0.0,0
2883A,開發特,金融保險,0.0,0.0,0.0,0.0,0.0,0.0,0.0,0.0,0.0,0.0,0.0,0.0,0.0,0.0,0.0,0.0,0.0,0.0,0,0.0,0
2452,乾坤,電子零組件業,0.0,0.0,0.0,0.0,0.0,0.0,0.0,0.0,0.0,0.0,0.0,0.0,0.0,0.0,0.0,0.0,0.0,0.0,0,0.0,0
6534,正瀚-創,創新版股票,4.52,1800744000.0,398394690.2654868,3.5,1872602069.556753,4.7,20.89,18.35,15.55,33.9,73.09,159.33,98.17,90.7,1.08,0.81,1.76,1.3,13,54.84,83
6423,億而得-創,創新版股票,0.58,235415000.0,405887931.0344828,0.28,235941361.09558412,0.58,109.76,273.29,69.36,342.65,40.23,198.74,63.66,90.2,0.71,0.45,2.2,0.97,30,5.04,28
9922,優美,其他,0.0,0.0,0.0,0.0,0.0,0.0,0.0,0.0,0.0,0.0,0.0,0.0,0.0,0.0,0.0,0.0,0.0,0.0,0,0.0,0
6902,GOGOLOOK-創,創新版股票,1.58,1032296000.0,653351898.7341772,0.77,1277976701.8548024,1.96,354.36,640.45,37.88,678.33,74.24,1329.53,694.54,143.0,4.86,0.52,9.3,19.59,9,4.11,5
3053,鼎營,電子工業,0.0,0.0,0.0,0.0,0.0,0.0,0.0,0.0,0.0,0.0,0.0,0.0,0.0,0.0,0.0,0.0,0.0,0.0,0,0.0,0
8078,華寶,通信網路業,0.0,0.0,0.0,0.0,0.0,0.0,0.0,0.0,0.0,0.0,0.0,0.0,0.0,0.0,0.0,0.0,0.0,0.0,0,0.0,0
2887C,新丙特,金融保險,0.0,0.0,0.0,0.0,0.0,0.0,0.0,0.0,0.0,0.0,0.0,0.0,0.0,0.0,0.0,0.0,0.0,0.0,0,0.0,0
6645,金萬林-創,創新版股票,-2.41,548227000.0,0.0,0.0,590651165.7269382,0.0,0.0,0.0,0.0,0.0,0.0,0.0,0.0,12.95,0.0,0.0,0.0,3.24,26,24.06,140
6854,錼創科技-KY創,創新版股票,-0.98,1357523000.0,0.0,0.0,895741479.4252877,0.0,240.71,258.04,162.5,420.54,0.0,0.0,0.0,140.0,0.0,0.0,0.0,115.94,139,42.75,22
00906,大華元宇宙科技50,ETF,0.0,0.0,0.0,0.0,0.0,0.0,0.0,0.0,0.0,0.0,0.0,0.0,0.0,0.0,0.0,0.0,0.0,0.0,0,0.0,0
8008,建興電,電腦及週邊設備業,0.0,0.0,0.0,0.0,0.0,0.0,0.0,0.0,0.0,0.0,0.0,0.0,0.0,0.0,0.0,0.0,0.0,0.0,0,0.0,0
6280,崇貿,電子工業,0.0,0.0,0.0,0.0,0.0,0.0,0.0,0.0,0.0,0.0,0.0,0.0,0.0,0.0,0.0,0.0,0.0,0.0,0,0.0,0
1107,建台,其他,0.0,0.0,0.0,0.0,0.0,0.0,0.0,0.0,0.0,0.0,0.0,0.0,0.0,0.0,0.0,0.0,0.0,0.0,0,0.0,0
2418,雅新,電子工業,0.0,0.0,0.0,0.0,0.0,0.0,0.0,0.0,0.0,0.0,0.0,0.0,0.0,0.0,0.0,0.0,0.0,0.0,0,0.0,0
3009,奇美電,光電業,0.0,0.0,0.0,0.0,0.0,0.0,0.0,0.0,0.0,0.0,0.0,0.0,0.0,0.0,0.0,0.0,0.0,0.0,0,0.0,0
020022,元大電動車N,ETN,0.0,0.0,0.0,0.0,0.0,0.0,0.0,0.0,0.0,0.0,0.0,0.0,0.0,0.0,0.0,0.0,0.0,0.0,0,0.0,0
2315,神達,電腦及週邊設備業,0.0,0.0,0.0,0.0,0.0,0.0,0.0,0.0,0.0,0.0,0.0,0.0,0.0,0.0,0.0,0.0,0.0,0.0,0,0.0,0
3638,F-IML,電子工業,0.0,0.0,0.0,0.0,0.0,0.0,0.0,0.0,0.0,0.0,0.0,0.0,0.0,0.0,0.0,0.0,0.0,0.0,0,0.0,0
2258,鴻華先進-創,創新版股票,-2.15,4269199000.0,0.0,0.0,2521255401.5398774,0.0,0.0,0.0,0.0,0.0,0.0,0.0,0.0,31.3,0.0,0.0,0.0,9.05,21,3.76,55
6286,立錡,半導體業,0.0,0.0,0.0,0.0,0.0,0.0,0.0,0.0,0.0,0.0,0.0,0.0,0.0,0.0,0.0,0.0,0.0,0.0,0,0.0,0
2254,巨鎧精密-創,創新版股票,-0.84,521879000.0,0.0,0.0,127003823.62957199,0.0,0.0,0.0,0.0,0.0,0.0,0.0,0.0,64.5,0.0,0.0,0.0,20.15,90,2.0,28
3271,其樂達,半導體業,0.0,0.0,0.0,0.0,0.0,0.0,0.0,0.0,0.0,0.0,0.0,0.0,0.0,0.0,0.0,0.0,0.0,0.0,0,0.0,0
6988,威力暘-創,創新版股票,-1.13,788074000.0,0.0,0.0,674185550.7508831,0.0,1202.03,2922.29,37.71,2960.0,0.0,0.0,0.0,14.35,0.0,0.0,0.0,17.93,105,4.86,75
3007,綠點,電子工業,0.0,0.0,0.0,0.0,0.0,0.0,0.0,0.0,0.0,0.0,0.0,0.0,0.0,0.0,0.0,0.0,0.0,0.0,0,0.0,0
1520,復盛,其他,0.0,0.0,0.0,0.0,0.0,0.0,0.0,0.0,0.0,0.0,0.0,0.0,0.0,0.0,0.0,0.0,0.0,0.0,0,0.0,0
3534,雷凌,電子工業,0.0,0.0,0.0,0.0,0.0,0.0,0.0,0.0,0.0,0.0,0.0,0.0,0.0,0.0,0.0,0.0,0.0,0.0,0,0.0,0
2411,飛瑞,其他電子業,0.0,0.0,0.0,0.0,0.0,0.0,0.0,0.0,0.0,0.0,0.0,0.0,0.0,0.0,0.0,0.0,0.0,0.0,0,0.0,0
2341,英群,電子工業,0.0,0.0,0.0,0.0,0.0,0.0,0.0,0.0,0.0,0.0,0.0,0.0,0.0,0.0,0.0,0.0,0.0,0.0,0,0.0,0
3614,誠致,電子工業,0.0,0.0,0.0,0.0,0.0,0.0,0.0,0.0,0.0,0.0,0.0,0.0,0.0,0.0,0.0,0.0,0.0,0.0,0,0.0,0
6969,成信實業*-創,創新版股票,-0.09,319390000.0,0.0,0.0,402816189.77771163,0.0,0.0,0.0,0.0,0.0,0.0,0.0,0.0,27.55,0.0,0.0,0.0,95.07,37,72.7,54
020002,元富新中國N,ETN,0.0,0.0,0.0,0.0,0.0,0.0,0.0,0.0,0.0,0.0,0.0,0.0,0.0,0.0,0.0,0.0,0.0,0.0,0,0.0,0
6702,興航,航運業,0.0,0.0,0.0,0.0,0.0,0.0,0.0,0.0,0.0,0.0,0.0,0.0,0.0,0.0,0.0,0.0,0.0,0.0,0,0.0,0
020004,兆豐電菁英30N,ETN,0.0,0.0,0.0,0.0,0.0,0.0,0.0,0.0,0.0,0.0,0.0,0.0,0.0,0.0,0.0,0.0,0.0,0.0,0,0.0,0
020005,永豐外資50N,ETN,0.0,0.0,0.0,0.0,0.0,0.0,0.0,0.0,0.0,0.0,0.0,0.0,0.0,0.0,0.0,0.0,0.0,0.0,0,0.0,0
020007,凱基臺灣500N,ETN,0.0,0.0,0.0,0.0,0.0,0.0,0.0,0.0,0.0,0.0,0.0,0.0,0.0,0.0,0.0,0.0,0.0,0.0,0,0.0,0
020008,元大特股高息N,ETN,0.0,0.0,0.0,0.0,0.0,0.0,0.0,0.0,0.0,0.0,0.0,0.0,0.0,0.0,0.0,0.0,0.0,0.0,0,0.0,0
8487,愛爾達-創,創新版股票,4.03,1038965000.0,257807692.3076923,2.08,1320700515.9355888,5.12,13.96,9.91,10.09,20.0,51.66,102.4,71.49,80.0,0.89,0.65,1.28,4.78,35,5.84,69
0081,恒香港,ETF,0.0,0.0,0.0,0.0,0.0,0.0,0.0,0.0,0.0,0.0,0.0,0.0,0.0,0.0,0.0,0.0,0.0,0.0,0,0.0,0
0080,恒中國,ETF,0.0,0.0,0.0,0.0,0.0,0.0,0.0,0.0,0.0,0.0,0.0,0.0,0.0,0.0,0.0,0.0,0.0,0.0,0,0.0,0
0060,新台灣,ETF,0.0,0.0,0.0,0.0,0.0,0.0,0.0,0.0,0.0,0.0,0.0,0.0,0.0,0.0,0.0,0.0,0.0,0.0,0,0.0,0
020006,永昌中小300N,ETN,0.0,0.0,0.0,0.0,0.0,0.0,0.0,0.0,0.0,0.0,0.0,0.0,0.0,0.0,0.0,0.0,0.0,0.0,0,0.0,0
2847,大眾銀,金融保險,0.0,0.0,0.0,0.0,0.0,0.0,0.0,0.0,0.0,0.0,0.0,0.0,0.0,0.0,0.0,0.0,0.0,0.0,0,0.0,0
911602,華豐泰,存託憑證,0.0,0.0,0.0,0.0,0.0,0.0,0.0,0.0,0.0,0.0,0.0,0.0,0.0,0.0,0.0,0.0,0.0,0.0,0,0.0,0
3367,英華達,其他電子業,0.0,0.0,0.0,0.0,0.0,0.0,0.0,0.0,0.0,0.0,0.0,0.0,0.0,0.0,0.0,0.0,0.0,0.0,0,0.0,0
910948,融達,存託憑證,0.0,0.0,0.0,0.0,0.0,0.0,0.0,0.0,0.0,0.0,0.0,0.0,0.0,0.0,0.0,0.0,0.0,0.0,0,0.0,0
911868,同方友友-DR,存託憑證,0.0,0.0,0.0,0.0,0.0,0.0,0.0,0.0,0.0,0.0,0.0,0.0,0.0,1.29,0.0,0.0,0.0,60.47,22,17.6,57
6004,元京證,金融保險,0.0,0.0,0.0,0.0,0.0,0.0,0.0,0.0,0.0,0.0,0.0,0.0,0.0,0.0,0.0,0.0,0.0,0.0,0,0.0,0
2494,廣業科,電子工業,0.0,0.0,0.0,0.0,0.0,0.0,0.0,0.0,0.0,0.0,0.0,0.0,0.0,0.0,0.0,0.0,0.0,0.0,0,0.0,0
912000,晨訊科-DR,存託憑證,0.0,1672600000.0,0.0,0.0,1293266697.2175567,0.0,0.0,0.0,0.0,0.0,0.0,0.0,0.0,2.89,0.0,0.0,0.0,39.29,21,10.55,133
3063,飛信,半導體業,0.0,0.0,0.0,0.0,0.0,0.0,0.0,0.0,0.0,0.0,0.0,0.0,0.0,0.0,0.0,0.0,0.0,0.0,0,0.0,0
9136,巨騰-DR,存託憑證,0.0,0.0,0.0,0.0,0.0,0.0,0.0,0.0,0.0,0.0,0.0,0.0,0.0,16.15,0.0,0.0,0.0,30.23,21,24.31,132
6771,平和環保-創,創新版股票,3.64,630138000.0,173114835.16483516,1.3,518747717.2053995,3.0,13.31,5.54,10.29,15.83,30.87,47.49,39.93,42.55,0.94,0.73,1.12,4.01,29,4.36,7
913889,大成糖,存託憑證,0.0,0.0,0.0,0.0,0.0,0.0,0.0,0.0,0.0,0.0,0.0,0.0,0.0,0.0,0.0,0.0,0.0,0.0,0,0.0,0
9157,陽光能源-DR,存託憑證,0.0,0.0,0.0,0.0,0.0,0.0,0.0,0.0,0.0,0.0,0.0,0.0,0.0,0.0,0.0,0.0,0.0,0.0,0,0.0,0
3573,穎台,電子工業,0.0,0.0,0.0,0.0,0.0,0.0,0.0,0.0,0.0,0.0,0.0,0.0,0.0,0.0,0.0,0.0,0.0,0.0,0,0.0,0
916665,爾必達,存託憑證,0.0,0.0,0.0,0.0,0.0,0.0,0.0,0.0,0.0,0.0,0.0,0.0,0.0,0.0,0.0,0.0,0.0,0.0,0,0.0,0
2361,鴻友,電子工業,0.0,0.0,0.0,0.0,0.0,0.0,0.0,0.0,0.0,0.0,0.0,0.0,0.0,0.0,0.0,0.0,0.0,0.0,0,0.0,0
6255,奈普,光電業,0.0,0.0,0.0,0.0,0.0,0.0,0.0,0.0,0.0,0.0,0.0,0.0,0.0,0.0,0.0,0.0,0.0,0.0,0,0.0,0
6794,向榮生技-創,創新版股票,-1.89,34051000.0,0.0,0.0,16356959.424083771,0.0,0.0,0.0,0.0,0.0,0.0,0.0,0.0,82.8,0.0,0.0,0.0,0.24,2,49.84,109
910861,神州-DR,存託憑證,0.0,0.0,0.0,0.0,0.0,0.0,0.0,0.0,0.0,0.0,0.0,0.0,0.0,4.97,0.0,0.0,0.0,5.49,177,7.46,106
9188,精熙-DR,存託憑證,0.0,0.0,0.0,0.0,0.0,0.0,0.0,0.0,0.0,0.0,0.0,0.0,0.0,0.0,0.0,0.0,0.0,0.0,0,0.0,0
2827,中聯,金融保險,0.0,0.0,0.0,0.0,0.0,0.0,0.0,0.0,0.0,0.0,0.0,0.0,0.0,0.0,0.0,0.0,0.0,0.0,0,0.0,0
9151,旺旺,存託憑證,0.0,0.0,0.0,0.0,0.0,0.0,0.0,0.0,0.0,0.0,0.0,0.0,0.0,0.0,0.0,0.0,0.0,0.0,0,0.0,0
3697,F-晨星,電子工業,0.0,0.0,0.0,0.0,0.0,0.0,0.0,0.0,0.0,0.0,0.0,0.0,0.0,0.0,0.0,0.0,0.0,0.0,0,0.0,0
911626,MSH-DR,存託憑證,0.0,0.0,0.0,0.0,0.0,0.0,0.0,0.0,0.0,0.0,0.0,0.0,0.0,0.0,0.0,0.0,0.0,0.0,0,0.0,0
3080,威力盟,電子工業,0.0,0.0,0.0,0.0,0.0,0.0,0.0,0.0,0.0,0.0,0.0,0.0,0.0,0.0,0.0,0.0,0.0,0.0,0,0.0,0
2526,大陸,建材營造,0.0,0.0,0.0,0.0,0.0,0.0,0.0,0.0,0.0,0.0,0.0,0.0,0.0,0.0,0.0,0.0,0.0,0.0,0,0.0,0
911606,超級,存託憑證,0.0,0.0,0.0,0.0,0.0,0.0,0.0,0.0,0.0,0.0,0.0,0.0,0.0,0.0,0.0,0.0,0.0,0.0,0,0.0,0
911608,明輝-DR,存託憑證,0.0,0.0,0.0,0.0,0.0,0.0,0.0,0.0,0.0,0.0,0.0,0.0,0.0,3.51,0.0,0.0,0.0,45.48,33,0.0,0
3702A,大聯大甲特,電子通路業,0.0,0.0,0.0,0.0,0.0,0.0,0.0,0.0,0.0,0.0,0.0,0.0,0.0,51.7,0.0,0.0,0.0,5.32,166,0.0,0
6924,榮惠-KY創,創新版股票,5.69,1708679000.0,300295079.08611596,2.75,1906658671.7754235,6.35,13.42,22.02,6.99,29.01,44.39,184.21,85.19,157.0,0.54,0.28,1.17,2.02,3,6.85,28
911609,揚子江,存託憑證,0.0,0.0,0.0,0.0,0.0,0.0,0.0,0.0,0.0,0.0,0.0,0.0,0.0,0.0,0.0,0.0,0.0,0.0,0,0.0,0
5280,F-敦泰,半導體業,0.0,0.0,0.0,0.0,0.0,0.0,0.0,0.0,0.0,0.0,0.0,0.0,0.0,0.0,0.0,0.0,0.0,0.0,0,0.0,0
9110,越南控-DR,存託憑證,0.0,0.0,0.0,0.0,0.0,0.0,0.0,0.0,0.0,0.0,0.0,0.0,0.0,3.95,0.0,0.0,0.0,16.77,154,3.23,32
911610,聯環,存託憑證,0.0,0.0,0.0,0.0,0.0,0.0,0.0,0.0,0.0,0.0,0.0,0.0,0.0,0.0,0.0,0.0,0.0,0.0,0,0.0,0
911201,僑威控,存託憑證,0.0,0.0,0.0,0.0,0.0,0.0,0.0,0.0,0.0,0.0,0.0,0.0,0.0,0.0,0.0,0.0,0.0,0.0,0,0.0,0
911611,中泰山-DR,存託憑證,0.0,0.0,0.0,0.0,0.0,0.0,0.0,0.0,0.0,0.0,0.0,0.0,0.0,0.0,0.0,0.0,0.0,0.0,0,0.0,0
911612,滬安,存託憑證,0.0,0.0,0.0,0.0,0.0,0.0,0.0,0.0,0.0,0.0,0.0,0.0,0.0,0.0,0.0,0.0,0.0,0.0,0,0.0,0
911616,杜康-DR,存託憑證,0.0,0.0,0.0,0.0,0.0,0.0,0.0,0.0,0.0,0.0,0.0,0.0,0.0,0.0,0.0,0.0,0.0,0.0,0,0.0,0
6012,金鼎證,金融保險,0.0,0.0,0.0,0.0,0.0,0.0,0.0,0.0,0.0,0.0,0.0,0.0,0.0,0.0,0.0,0.0,0.0,0.0,0,0.0,0
911619,耀傑-DR,存託憑證,0.0,0.0,0.0,0.0,0.0,0.0,0.0,0.0,0.0,0.0,0.0,0.0,0.0,0.0,0.0,0.0,0.0,0.0,0,0.0,0
911622,泰聚亨-DR,存託憑證,0.0,0.0,0.0,0.0,0.0,0.0,0.0,0.0,0.0,0.0,0.0,0.0,0.0,4.15,0.0,0.0,0.0,21.17,21,1.22,75
9915,億豐,其他,0.0,0.0,0.0,0.0,0.0,0.0,0.0,0.0,0.0,0.0,0.0,0.0,0.0,0.0,0.0,0.0,0.0,0.0,0,0.0,0
8199,廣鎵,電子工業,0.0,0.0,0.0,0.0,0.0,0.0,0.0,0.0,0.0,0.0,0.0,0.0,0.0,0.0,0.0,0.0,0.0,0.0,0,0.0,0
9801,力霸,貿易百貨,0.0,0.0,0.0,0.0,0.0,0.0,0.0,0.0,0.0,0.0,0.0,0.0,0.0,0.0,0.0,0.0,0.0,0.0,0,0.0,0
9104,萬宇科,存託憑證,0.0,0.0,0.0,0.0,0.0,0.0,0.0,0.0,0.0,0.0,0.0,0.0,0.0,0.0,0.0,0.0,0.0,0.0,0,0.0,0
2391,合勤,通信網路業,0.0,0.0,0.0,0.0,0.0,0.0,0.0,0.0,0.0,0.0,0.0,0.0,0.0,0.0,0.0,0.0,0.0,0.0,0,0.0,0
2833,台壽保,金融保險,3.35,0.0,0.0,0.0,0.0,0.0,0.0,0.0,0.0,0.0,0.0,0.0,0.0,0.0,0.0,0.0,0.0,0.0,0,0.0,0
3061,璨圓,光電業,0.0,0.0,0.0,0.0,0.0,0.0,0.0,0.0,0.0,0.0,0.0,0.0,0.0,0.0,0.0,0.0,0.0,0.0,0,0.0,0
2469,力信,電子零組件業,0.0,0.0,0.0,0.0,0.0,0.0,0.0,0.0,0.0,0.0,0.0,0.0,0.0,0.0,0.0,0.0,0.0,0.0,0,0.0,0
6949,沛爾生醫-創,創新版股票,-7.23,30919000.0,0.0,0.0,24050168.263473053,0.0,0.0,0.0,0.0,0.0,0.0,0.0,0.0,658.0,0.0,0.0,0.0,6.06,21,253.96,95
910322,康師傅-DR,存託憑證,0.0,0.0,0.0,0.0,0.0,0.0,0.0,0.0,0.0,0.0,0.0,0.0,0.0,24.95,0.0,0.0,0.0,26.01,132,1.84,4
9103,美德醫療-DR,存託憑證,0.0,0.0,0.0,0.0,0.0,0.0,0.0,0.0,0.0,0.0,0.0,0.0,0.0,5.85,0.0,0.0,0.0,20.77,33,0.0,0
9102,東亞科,存託憑證,0.0,0.0,0.0,0.0,0.0,0.0,0.0,0.0,0.0,0.0,0.0,0.0,0.0,0.0,0.0,0.0,0.0,0.0,0,0.0,0
2833A,台壽甲,金融保險,0.0,0.0,0.0,0.0,0.0,0.0,0.0,0.0,0.0,0.0,0.0,0.0,0.0,0.0,0.0,0.0,0.0,0.0,0,0.0,0
3584,介面,光電業,0.0,0.0,0.0,0.0,0.0,0.0,0.0,0.0,0.0,0.0,0.0,0.0,0.0,0.0,0.0,0.0,0.0,0.0,0,0.0,0
9101,福雷電,存託憑證,0.0,0.0,0.0,0.0,0.0,0.0,0.0,0.0,0.0,0.0,0.0,0.0,0.0,0.0,0.0,0.0,0.0,0.0,0,0.0,0
2463,研揚,電腦及週邊設備業,0.0,0.0,0.0,0.0,0.0,0.0,0.0,0.0,0.0,0.0,0.0,0.0,0.0,0.0,0.0,0.0,0.0,0.0,0,0.0,0
910069,新曄,存託憑證,0.0,0.0,0.0,0.0,0.0,0.0,0.0,0.0,0.0,0.0,0.0,0.0,0.0,0.0,0.0,0.0,0.0,0.0,0,0.0,0
2837,萬泰銀,金融保險,1.45,0.0,0.0,0.0,0.0,0.0,0.0,0.0,0.0,0.0,0.0,0.0,0.0,0.0,0.0,0.0,0.0,0.0,0,0.0,0
2807,竹商銀,金融保險,1.88,0.0,0.0,0.0,0.0,0.0,0.0,0.0,0.0,0.0,0.0,0.0,0.0,0.0,0.0,0.0,0.0,0.0,0,0.0,0
2473,思源,半導體業,0.0,0.0,0.0,0.0,0.0,0.0,0.0,0.0,0.0,0.0,0.0,0.0,0.0,0.0,0.0,0.0,0.0,0.0,0,0.0,0
910482,聖馬丁-DR,存託憑證,0.0,0.0,0.0,0.0,0.0,0.0,0.0,0.0,0.0,0.0,0.0,0.0,0.0,0.0,0.0,0.0,0.0,0.0,0,0.0,0
3142,遠茂,電子工業,0.0,0.0,0.0,0.0,0.0,0.0,0.0,0.0,0.0,0.0,0.0,0.0,0.0,0.0,0.0,0.0,0.0,0.0,0,0.0,0
910801,金衛-DR,存託憑證,0.0,0.0,0.0,0.0,0.0,0.0,0.0,0.0,0.0,0.0,0.0,0.0,0.0,0.0,0.0,0.0,0.0,0.0,0,0.0,0
2350,環電,電子工業,0.0,0.0,0.0,0.0,0.0,0.0,0.0,0.0,0.0,0.0,0.0,0.0,0.0,0.0,0.0,0.0,0.0,0.0,0,0.0,0
2381,華宇,電子工業,0.0,0.0,0.0,0.0,0.0,0.0,0.0,0.0,0.0,0.0,0.0,0.0,0.0,0.0,0.0,0.0,0.0,0.0,0,0.0,0
2831,中華銀,金融保險,0.0,0.0,0.0,0.0,0.0,0.0,0.0,0.0,0.0,0.0,0.0,0.0,0.0,0.0,0.0,0.0,0.0,0.0,0,0.0,0
2479,和立,電子工業,0.0,0.0,0.0,0.0,0.0,0.0,0.0,0.0,0.0,0.0,0.0,0.0,0.0,0.0,0.0,0.0,0.0,0.0,0,0.0,0
3150,鈺寶-創,創新版股票,-0.21,305785000.0,0.0,0.0,284727288.38842636,0.0,69.33,113.89,23.61,137.5,0.0,0.0,0.0,19.85,0.0,0.0,0.0,0.0,0,3.26,91
8162,微矽電子-創,創新版股票,1.56,1275748000.0,817787179.4871795,0.59,1238473413.6496663,1.51,30.8,48.9,16.34,65.24,24.67,98.51,46.5,70.7,0.66,0.35,1.39,9.77,156,22.29,105
910708,恒大健-DR,存託憑證,0.0,0.0,0.0,0.0,0.0,0.0,0.0,0.0,0.0,0.0,0.0,0.0,0.0,0.0,0.0,0.0,0.0,0.0,0,0.0,0
2384,勝華,光電業,-1.46,0.0,0.0,0.0,0.0,0.0,0.0,0.0,0.0,0.0,0.0,0.0,0.0,0.0,0.0,0.0,0.0,0.0,0,0.0,0
9106,新焦點-DR,存託憑證,0.0,0.0,0.0,0.0,0.0,0.0,0.0,0.0,0.0,0.0,0.0,0.0,0.0,0.0,0.0,0.0,0.0,0.0,0,0.0,0
910579,歐聖,存託憑證,0.0,0.0,0.0,0.0,0.0,0.0,0.0,0.0,0.0,0.0,0.0,0.0,0.0,0.0,0.0,0.0,0.0,0.0,0,0.0,0
5854,合庫,金融保險,1.59,0.0,0.0,0.0,0.0,0.0,0.0,0.0,0.0,0.0,0.0,0.0,0.0,0.0,0.0,0.0,0.0,0.0,0,0.0,0
9105,泰金寶-DR,存託憑證,0.0,132270623000.0,0.0,0.0,121031716836.0457,0.0,0.0,0.0,0.0,0.0,0.0,0.0,0.0,11.45,0.0,0.0,0.0,100.0,170,5.72,139
912398,友佳-DR,存託憑證,0.0,0.0,0.0,0.0,0.0,0.0,0.0,0.0,0.0,0.0,0.0,0.0,0.0,0.0,0.0,0.0,0.0,0.0,0,0.0,0
6457,紘康,半導體業,0.0,0.0,0.0,0.0,0.0,0.0,0.0,0.0,0.0,0.0,0.0,0.0,0.0,62.1,0.0,0.0,0.0,41.11,138,0.0,0
00969B,元大零息超長美債,上櫃指數股票型基金(ETF),0.0,0.0,0.0,0.0,0.0,0.0,0.0,0.0,0.0,0.0,0.0,0.0,0.0,8.3,0.0,0.0,0.0,0.0,0,14.72,140
00764B,群益25年美債,上櫃指數股票型基金(ETF),0.0,0.0,0.0,0.0,0.0,0.0,0.0,0.0,0.0,0.0,0.0,0.0,0.0,27.87,0.0,0.0,0.0,8.83,98,8.91,175
00847B,中信美國市政債,上櫃指數股票型基金(ETF),0.0,0.0,0.0,0.0,0.0,0.0,0.0,0.0,0.0,0.0,0.0,0.0,0.0,25.39,0.0,0.0,0.0,6.97,61,10.33,140
00741B,富邦全球非投等債,上櫃指數股票型基金(ETF),0.0,0.0,0.0,0.0,0.0,0.0,0.0,0.0,0.0,0.0,0.0,0.0,0.0,37.13,0.0,0.0,0.0,2.68,162,5.17,181
00697B,元大美債7-10,上櫃指數股票型基金(ETF),0.0,0.0,0.0,0.0,0.0,0.0,0.0,0.0,0.0,0.0,0.0,0.0,0.0,35.53,0.0,0.0,0.0,5.47,61,7.94,179
00846B,富邦歐洲銀行債,上櫃指數股票型基金(ETF),0.0,0.0,0.0,0.0,0.0,0.0,0.0,0.0,0.0,0.0,0.0,0.0,0.0,35.64,0.0,0.0,0.0,3.26,58,8.6,176
00746B,富邦A級公司債,上櫃指數股票型基金(ETF),0.0,0.0,0.0,0.0,0.0,0.0,0.0,0.0,0.0,0.0,0.0,0.0,0.0,35.56,0.0,0.0,0.0,5.25,105,9.47,176
00696B,富邦美債20年,上櫃指數股票型基金(ETF),0.0,0.0,0.0,0.0,0.0,0.0,0.0,0.0,0.0,0.0,0.0,0.0,0.0,28.95,0.0,0.0,0.0,8.51,98,9.52,175
00845B,富邦新興投等債,上櫃指數股票型基金(ETF),0.0,0.0,0.0,0.0,0.0,0.0,0.0,0.0,0.0,0.0,0.0,0.0,0.0,33.11,0.0,0.0,0.0,4.12,124,10.5,176
00749B,凱基新興債10+,上櫃指數股票型基金(ETF),0.0,0.0,0.0,0.0,0.0,0.0,0.0,0.0,0.0,0.0,0.0,0.0,0.0,31.79,0.0,0.0,0.0,5.15,105,12.96,175
00844B,新光15年IG金融債,上櫃指數股票型基金(ETF),0.0,0.0,0.0,0.0,0.0,0.0,0.0,0.0,0.0,0.0,0.0,0.0,0.0,31.58,0.0,0.0,0.0,4.54,98,11.26,175
00695B,富邦美債7-10,上櫃指數股票型基金(ETF),0.0,0.0,0.0,0.0,0.0,0.0,0.0,0.0,0.0,0.0,0.0,0.0,0.0,34.99,0.0,0.0,0.0,5.37,61,8.28,179
00842B,台新美元銀行債,上櫃指數股票型基金(ETF),0.0,0.0,0.0,0.0,0.0,0.0,0.0,0.0,0.0,0.0,0.0,0.0,0.0,30.42,0.0,0.0,0.0,5.04,98,0.0,0
00740B,富邦全球投等債,上櫃指數股票型基金(ETF),0.0,0.0,0.0,0.0,0.0,0.0,0.0,0.0,0.0,0.0,0.0,0.0,0.0,38.8,0.0,0.0,0.0,3.69,105,8.91,175
00841B,凱基AAA-AA公司債,上櫃指數股票型基金(ETF),0.0,0.0,0.0,0.0,0.0,0.0,0.0,0.0,0.0,0.0,0.0,0.0,0.0,29.05,0.0,0.0,0.0,6.54,105,9.91,140
00931B,統一美債20年,上櫃指數股票型基金(ETF),0.0,0.0,0.0,0.0,0.0,0.0,0.0,0.0,0.0,0.0,0.0,0.0,0.0,13.43,0.0,0.0,0.0,8.78,98,9.67,173
00933B,國泰10Y+金融債,上櫃指數股票型基金(ETF),0.0,0.0,0.0,0.0,0.0,0.0,0.0,0.0,0.0,0.0,0.0,0.0,0.0,16.01,0.0,0.0,0.0,4.79,98,9.72,175
00840B,凱基IG精選15+,上櫃指數股票型基金(ETF),0.0,0.0,0.0,0.0,0.0,0.0,0.0,0.0,0.0,0.0,0.0,0.0,0.0,30.16,0.0,0.0,0.0,6.14,105,9.72,175
00937B,群益ESG投等債20+,上櫃指數股票型基金(ETF),0.0,0.0,0.0,0.0,0.0,0.0,0.0,0.0,0.0,0.0,0.0,0.0,0.0,14.91,0.0,0.0,0.0,5.09,105,9.17,134
00694B,富邦美債1-3,上櫃指數股票型基金(ETF),0.0,0.0,0.0,0.0,0.0,0.0,0.0,0.0,0.0,0.0,0.0,0.0,0.0,41.54,0.0,0.0,0.0,2.42,181,6.25,179
00687B,國泰20年美債,上櫃指數股票型基金(ETF),0.0,0.0,0.0,0.0,0.0,0.0,0.0,0.0,0.0,0.0,0.0,0.0,0.0,27.87,0.0,0.0,0.0,8.55,98,9.24,175
00942B,台新美A公司債20+,上櫃指數股票型基金(ETF),0.0,0.0,0.0,0.0,0.0,0.0,0.0,0.0,0.0,0.0,0.0,0.0,0.0,14.4,0.0,0.0,0.0,4.66,105,9.45,140
00750B,凱基科技債10+,上櫃指數股票型基金(ETF),0.0,0.0,0.0,0.0,0.0,0.0,0.0,0.0,0.0,0.0,0.0,0.0,0.0,33.29,0.0,0.0,0.0,5.38,105,9.0,134
00725B,國泰投資級公司債,上櫃指數股票型基金(ETF),0.0,0.0,0.0,0.0,0.0,0.0,0.0,0.0,0.0,0.0,0.0,0.0,0.0,35.28,0.0,0.0,0.0,4.46,105,8.9,134
00834B,第一金金融債10+,上櫃指數股票型基金(ETF),0.0,0.0,0.0,0.0,0.0,0.0,0.0,0.0,0.0,0.0,0.0,0.0,0.0,34.19,0.0,0.0,0.0,5.43,98,10.53,175
00948B,中信優息投資級債,上櫃指數股票型基金(ETF),0.0,0.0,0.0,0.0,0.0,0.0,0.0,0.0,0.0,0.0,0.0,0.0,0.0,9.51,0.0,0.0,0.0,5.83,98,9.32,145
00928,中信上櫃ESG 30,上櫃指數股票型基金(ETF),0.0,0.0,0.0,0.0,0.0,0.0,0.0,0.0,0.0,0.0,0.0,0.0,0.0,38.01,0.0,0.0,0.0,11.08,36,33.48,126
00848B,中信新興亞洲債,上櫃指數股票型基金(ETF),0.0,0.0,0.0,0.0,0.0,0.0,0.0,0.0,0.0,0.0,0.0,0.0,0.0,34.2,0.0,0.0,0.0,3.99,105,9.65,176
00718B,富邦中國政策債,上櫃指數股票型基金(ETF),0.0,0.0,0.0,0.0,0.0,0.0,0.0,0.0,0.0,0.0,0.0,0.0,0.0,19.05,0.0,0.0,0.0,3.75,61,0.41,4
00890B,凱基ESG BBB債15+,上櫃指數股票型基金(ETF),0.0,0.0,0.0,0.0,0.0,0.0,0.0,0.0,0.0,0.0,0.0,0.0,0.0,32.56,0.0,0.0,0.0,5.25,105,9.18,140
00860B,群益1-5Y投資級債,上櫃指數股票型基金(ETF),0.0,0.0,0.0,0.0,0.0,0.0,0.0,0.0,0.0,0.0,0.0,0.0,0.0,37.77,0.0,0.0,0.0,3.39,61,5.8,173
00858,永豐美國500大,上櫃指數股票型基金(ETF),0.0,0.0,0.0,0.0,0.0,0.0,0.0,0.0,0.0,0.0,0.0,0.0,0.0,36.1,0.0,0.0,0.0,8.11,181,14.11,183
00726B,國泰新興投等債,上櫃指數股票型基金(ETF),0.0,0.0,0.0,0.0,0.0,0.0,0.0,0.0,0.0,0.0,0.0,0.0,0.0,32.84,0.0,0.0,0.0,3.81,105,9.44,140
00724B,群益投資級金融債,上櫃指數股票型基金(ETF),0.0,0.0,0.0,0.0,0.0,0.0,0.0,0.0,0.0,0.0,0.0,0.0,0.0,33.78,0.0,0.0,0.0,4.6,105,10.08,175
00862B,中信投資級公司債,上櫃指數股票型基金(ETF),0.0,0.0,0.0,0.0,0.0,0.0,0.0,0.0,0.0,0.0,0.0,0.0,0.0,32.05,0.0,0.0,0.0,4.7,100,9.17,175
00863B,中信全球電信債,上櫃指數股票型基金(ETF),0.0,0.0,0.0,0.0,0.0,0.0,0.0,0.0,0.0,0.0,0.0,0.0,0.0,32.41,0.0,0.0,0.0,4.82,98,8.3,176
00864B,中信美國公債0-1,上櫃指數股票型基金(ETF),0.0,0.0,0.0,0.0,0.0,0.0,0.0,0.0,0.0,0.0,0.0,0.0,0.0,45.76,0.0,0.0,0.0,3.47,181,4.71,162
00723B,群益投資級科技債,上櫃指數股票型基金(ETF),0.0,0.0,0.0,0.0,0.0,0.0,0.0,0.0,0.0,0.0,0.0,0.0,0.0,31.02,0.0,0.0,0.0,5.62,105,8.91,134
00867B,新光A-BBB電信債,上櫃指數股票型基金(ETF),0.0,0.0,0.0,0.0,0.0,0.0,0.0,0.0,0.0,0.0,0.0,0.0,0.0,31.3,0.0,0.0,0.0,5.54,105,9.87,140
00727B,國泰優選非投等債,上櫃指數股票型基金(ETF),0.0,0.0,0.0,0.0,0.0,0.0,0.0,0.0,0.0,0.0,0.0,0.0,0.0,39.39,0.0,0.0,0.0,3.4,181,5.73,180
00870B,元大15年EM主權債,上櫃指數股票型基金(ETF),0.0,0.0,0.0,0.0,0.0,0.0,0.0,0.0,0.0,0.0,0.0,0.0,0.0,28.43,0.0,0.0,0.0,6.11,105,12.22,175
00734B,台新JPM新興債,上櫃指數股票型基金(ETF),0.0,0.0,0.0,0.0,0.0,0.0,0.0,0.0,0.0,0.0,0.0,0.0,0.0,15.77,0.0,0.0,0.0,4.06,105,11.71,175
00877,復華中國5G,上櫃指數股票型基金(ETF),0.0,0.0,0.0,0.0,0.0,0.0,0.0,0.0,0.0,0.0,0.0,0.0,0.0,44.28,0.0,0.0,0.0,37.7,124,122.62,146
00722B,群益投資級電信債,上櫃指數股票型基金(ETF),0.0,0.0,0.0,0.0,0.0,0.0,0.0,0.0,0.0,0.0,0.0,0.0,0.0,36.16,0.0,0.0,0.0,5.62,105,8.96,134
00857B,永豐20年美公債,上櫃指數股票型基金(ETF),0.0,0.0,0.0,0.0,0.0,0.0,0.0,0.0,0.0,0.0,0.0,0.0,0.0,23.21,0.0,0.0,0.0,8.81,98,8.99,175
00720B,元大投資級公司債,上櫃指數股票型基金(ETF),0.0,0.0,0.0,0.0,0.0,0.0,0.0,0.0,0.0,0.0,0.0,0.0,0.0,33.18,0.0,0.0,0.0,5.66,105,9.85,139
00856B,永豐1-3年美公債,上櫃指數股票型基金(ETF),0.0,0.0,0.0,0.0,0.0,0.0,0.0,0.0,0.0,0.0,0.0,0.0,0.0,37.43,0.0,0.0,0.0,1.8,61,4.72,180
00883B,中信ESG投資級債,上櫃指數股票型基金(ETF),0.0,0.0,0.0,0.0,0.0,0.0,0.0,0.0,0.0,0.0,0.0,0.0,0.0,30.98,0.0,0.0,0.0,4.07,98,8.88,145
00884B,中信低碳新興債,上櫃指數股票型基金(ETF),0.0,0.0,0.0,0.0,0.0,0.0,0.0,0.0,0.0,0.0,0.0,0.0,0.0,29.73,0.0,0.0,0.0,6.41,105,12.9,175
00719B,元大美債1-3,上櫃指數股票型基金(ETF),0.0,0.0,0.0,0.0,0.0,0.0,0.0,0.0,0.0,0.0,0.0,0.0,0.0,30.88,0.0,0.0,0.0,1.73,40,5.39,179
00886,永豐美國科技,上櫃指數股票型基金(ETF),0.0,0.0,0.0,0.0,0.0,0.0,0.0,0.0,0.0,0.0,0.0,0.0,0.0,44.66,0.0,0.0,0.0,16.87,183,17.17,146
00853B,統一美債10年Aa-A,上櫃指數股票型基金(ETF),0.0,0.0,0.0,0.0,0.0,0.0,0.0,0.0,0.0,0.0,0.0,0.0,0.0,27.93,0.0,0.0,0.0,6.13,105,9.67,175
00849B,中信EM主權債0-5,上櫃指數股票型基金(ETF),0.0,0.0,0.0,0.0,0.0,0.0,0.0,0.0,0.0,0.0,0.0,0.0,0.0,37.17,0.0,0.0,0.0,2.25,181,5.97,179
00887,永豐中國科技50大,上櫃指數股票型基金(ETF),0.0,0.0,0.0,0.0,0.0,0.0,0.0,0.0,0.0,0.0,0.0,0.0,0.0,17.69,0.0,0.0,0.0,259.2,124,61.18,147
00888,永豐台灣ESG,上櫃指數股票型基金(ETF),0.0,0.0,0.0,0.0,0.0,0.0,0.0,0.0,0.0,0.0,0.0,0.0,0.0,34.46,0.0,0.0,0.0,15.19,36,33.14,138
00950B,凱基A級公司債,上櫃指數股票型基金(ETF),0.0,0.0,0.0,0.0,0.0,0.0,0.0,0.0,0.0,0.0,0.0,0.0,0.0,14.06,0.0,0.0,0.0,4.93,71,9.25,175
00955,中信日本商社,上櫃指數股票型基金(ETF),0.0,0.0,0.0,0.0,0.0,0.0,0.0,0.0,0.0,0.0,0.0,0.0,0.0,14.68,0.0,0.0,0.0,5.25,48,29.99,182
00836B,永豐10年A公司債,上櫃指數股票型基金(ETF),0.0,0.0,0.0,0.0,0.0,0.0,0.0,0.0,0.0,0.0,0.0,0.0,0.0,29.12,0.0,0.0,0.0,5.86,105,9.66,176
00958B,永豐ESG銀行債15+,上櫃指數股票型基金(ETF),0.0,0.0,0.0,0.0,0.0,0.0,0.0,0.0,0.0,0.0,0.0,0.0,0.0,9.28,0.0,0.0,0.0,0.7,1,10.52,175
00789B,復華公司債A3,上櫃指數股票型基金(ETF),0.0,0.0,0.0,0.0,0.0,0.0,0.0,0.0,0.0,0.0,0.0,0.0,0.0,48.62,0.0,0.0,0.0,6.37,105,9.44,134
00788B,元大10年IG電能債,上櫃指數股票型基金(ETF),0.0,0.0,0.0,0.0,0.0,0.0,0.0,0.0,0.0,0.0,0.0,0.0,0.0,30.0,0.0,0.0,0.0,5.9,105,10.35,139
00787B,元大10年IG醫療債,上櫃指數股票型基金(ETF),0.0,0.0,0.0,0.0,0.0,0.0,0.0,0.0,0.0,0.0,0.0,0.0,0.0,32.75,0.0,0.0,0.0,4.97,98,10.92,176
00957B,兆豐US優選投等債,上櫃指數股票型基金(ETF),0.0,0.0,0.0,0.0,0.0,0.0,0.0,0.0,0.0,0.0,0.0,0.0,0.0,13.53,0.0,0.0,0.0,1.13,8,9.08,134
00786B,元大10年IG銀行債,上櫃指數股票型基金(ETF),0.0,0.0,0.0,0.0,0.0,0.0,0.0,0.0,0.0,0.0,0.0,0.0,0.0,32.55,0.0,0.0,0.0,4.69,105,10.77,175
00785B,富邦金融投等債,上櫃指數股票型基金(ETF),0.0,0.0,0.0,0.0,0.0,0.0,0.0,0.0,0.0,0.0,0.0,0.0,0.0,34.99,0.0,0.0,0.0,4.81,98,10.35,176
00759B,復華製藥債,上櫃指數股票型基金(ETF),0.0,0.0,0.0,0.0,0.0,0.0,0.0,0.0,0.0,0.0,0.0,0.0,0.0,54.55,0.0,0.0,0.0,6.19,105,10.82,140
00784B,富邦中國投等債,上櫃指數股票型基金(ETF),0.0,0.0,0.0,0.0,0.0,0.0,0.0,0.0,0.0,0.0,0.0,0.0,0.0,39.32,0.0,0.0,0.0,2.62,61,0.0,0
00760B,復華新興企業債,上櫃指數股票型基金(ETF),0.0,0.0,0.0,0.0,0.0,0.0,0.0,0.0,0.0,0.0,0.0,0.0,0.0,53.6,0.0,0.0,0.0,4.73,105,11.96,161
00790B,復華次順位金融債,上櫃指數股票型基金(ETF),0.0,0.0,0.0,0.0,0.0,0.0,0.0,0.0,0.0,0.0,0.0,0.0,0.0,53.2,0.0,0.0,0.0,4.92,98,0.0,0
00782B,國泰A級公用債,上櫃指數股票型基金(ETF),0.0,0.0,0.0,0.0,0.0,0.0,0.0,0.0,0.0,0.0,0.0,0.0,0.0,30.48,0.0,0.0,0.0,5.98,105,9.64,134
006201,元大富櫃50,上櫃指數股票型基金(ETF),0.0,0.0,0.0,0.0,0.0,0.0,0.0,0.0,0.0,0.0,0.0,0.0,0.0,48.12,0.0,0.0,0.0,14.6,36,29.13,151
00761B,國泰A級公司債,上櫃指數股票型基金(ETF),0.0,0.0,0.0,0.0,0.0,0.0,0.0,0.0,0.0,0.0,0.0,0.0,0.0,34.49,0.0,0.0,0.0,5.9,105,9.78,140
00780B,國泰A級金融債,上櫃指數股票型基金(ETF),0.0,0.0,0.0,0.0,0.0,0.0,0.0,0.0,0.0,0.0,0.0,0.0,0.0,37.0,0.0,0.0,0.0,4.65,61,8.43,179
00779B,凱基美債25+,上櫃指數股票型基金(ETF),0.0,0.0,0.0,0.0,0.0,0.0,0.0,0.0,0.0,0.0,0.0,0.0,0.0,28.21,0.0,0.0,0.0,8.84,98,9.55,175
00778B,凱基金融債20+,上櫃指數股票型基金(ETF),0.0,0.0,0.0,0.0,0.0,0.0,0.0,0.0,0.0,0.0,0.0,0.0,0.0,34.53,0.0,0.0,0.0,5.43,98,10.68,176
00777B,凱基AAA至A公司債,上櫃指數股票型基金(ETF),0.0,0.0,0.0,0.0,0.0,0.0,0.0,0.0,0.0,0.0,0.0,0.0,0.0,32.76,0.0,0.0,0.0,5.91,105,9.28,140
00773B,中信優先金融債,上櫃指數股票型基金(ETF),0.0,0.0,0.0,0.0,0.0,0.0,0.0,0.0,0.0,0.0,0.0,0.0,0.0,35.85,0.0,0.0,0.0,5.35,98,10.44,175
00772B,中信高評級公司債,上櫃指數股票型基金(ETF),0.0,0.0,0.0,0.0,0.0,0.0,0.0,0.0,0.0,0.0,0.0,0.0,0.0,33.76,0.0,0.0,0.0,5.61,98,9.21,175
00768B,復華20年美債,上櫃指數股票型基金(ETF),0.0,0.0,0.0,0.0,0.0,0.0,0.0,0.0,0.0,0.0,0.0,0.0,0.0,49.81,0.0,0.0,0.0,9.82,98,8.58,140
00781B,國泰A級科技債,上櫃指數股票型基金(ETF),0.0,0.0,0.0,0.0,0.0,0.0,0.0,0.0,0.0,0.0,0.0,0.0,0.0,28.9,0.0,0.0,0.0,4.67,98,7.12,175
00758B,復華能源債,上櫃指數股票型基金(ETF),0.0,0.0,0.0,0.0,0.0,0.0,0.0,0.0,0.0,0.0,0.0,0.0,0.0,51.55,0.0,0.0,0.0,4.48,61,11.06,140
00859B,群益0-1年美債,上櫃指數股票型基金(ETF),0.0,0.0,0.0,0.0,0.0,0.0,0.0,0.0,0.0,0.0,0.0,0.0,0.0,40.99,0.0,0.0,0.0,1.46,181,4.64,180
00967B,元大優息美債,上櫃指數股票型基金(ETF),0.0,0.0,0.0,0.0,0.0,0.0,0.0,0.0,0.0,0.0,0.0,0.0,0.0,9.08,0.0,0.0,0.0,2.4,119,8.15,175
00966B,統一ESG投等債15+,上櫃指數股票型基金(ETF),0.0,0.0,0.0,0.0,0.0,0.0,0.0,0.0,0.0,0.0,0.0,0.0,0.0,14.0,0.0,0.0,0.0,2.83,78,9.62,145
00754B,群益AAA-AA公司債,上櫃指數股票型基金(ETF),0.0,0.0,0.0,0.0,0.0,0.0,0.0,0.0,0.0,0.0,0.0,0.0,0.0,33.54,0.0,0.0,0.0,6.56,105,9.69,145
00968B,元大優息投等債,上櫃指數股票型基金(ETF),0.0,0.0,0.0,0.0,0.0,0.0,0.0,0.0,0.0,0.0,0.0,0.0,0.0,9.29,0.0,0.0,0.0,0.0,0,8.81,139
00793B,群益AAA-A醫療債,上櫃指數股票型基金(ETF),0.0,0.0,0.0,0.0,0.0,0.0,0.0,0.0,0.0,0.0,0.0,0.0,0.0,30.95,0.0,0.0,0.0,6.0,105,9.63,175
00792B,群益A級公司債,上櫃指數股票型基金(ETF),0.0,0.0,0.0,0.0,0.0,0.0,0.0,0.0,0.0,0.0,0.0,0.0,0.0,32.07,0.0,0.0,0.0,5.94,105,9.34,175
00794B,群益7+中國政金債,上櫃指數股票型基金(ETF),0.0,0.0,0.0,0.0,0.0,0.0,0.0,0.0,0.0,0.0,0.0,0.0,0.0,39.82,0.0,0.0,0.0,5.66,61,1.5,77
00795B,中信美國公債20年,上櫃指數股票型基金(ETF),0.0,0.0,0.0,0.0,0.0,0.0,0.0,0.0,0.0,0.0,0.0,0.0,0.0,26.74,0.0,0.0,0.0,8.74,61,9.89,140
00756B,群益投等新興公債,上櫃指數股票型基金(ETF),0.0,0.0,0.0,0.0,0.0,0.0,0.0,0.0,0.0,0.0,0.0,0.0,0.0,31.48,0.0,0.0,0.0,5.95,105,13.51,161
00791B,復華信用債1-5,上櫃指數股票型基金(ETF),0.0,0.0,0.0,0.0,0.0,0.0,0.0,0.0,0.0,0.0,0.0,0.0,0.0,56.45,0.0,0.0,0.0,2.13,63,6.45,179
00799B,國泰A級醫療債,上櫃指數股票型基金(ETF),0.0,0.0,0.0,0.0,0.0,0.0,0.0,0.0,0.0,0.0,0.0,0.0,0.0,29.64,0.0,0.0,0.0,6.05,105,9.75,140
00679B,元大美債20年,上櫃指數股票型基金(ETF),0.0,0.0,0.0,0.0,0.0,0.0,0.0,0.0,0.0,0.0,0.0,0.0,0.0,26.55,0.0,0.0,0.0,8.97,61,10.07,140
00751B,元大AAA至A公司債,上櫃指數股票型基金(ETF),0.0,0.0,0.0,0.0,0.0,0.0,0.0,0.0,0.0,0.0,0.0,0.0,0.0,31.89,0.0,0.0,0.0,5.81,98,8.89,175
00959B,大華投等美債15Y+,上櫃指數股票型基金(ETF),0.0,0.0,0.0,0.0,0.0,0.0,0.0,0.0,0.0,0.0,0.0,0.0,0.0,9.38,0.0,0.0,0.0,1.89,21,9.66,140
00755B,群益投資級公用債,上櫃指數股票型基金(ETF),0.0,0.0,0.0,0.0,0.0,0.0,0.0,0.0,0.0,0.0,0.0,0.0,0.0,32.75,0.0,0.0,0.0,6.18,105,10.79,140
00970B,新光BBB投等債20+,上櫃指數股票型基金(ETF),0.0,0.0,0.0,0.0,0.0,0.0,0.0,0.0,0.0,0.0,0.0,0.0,0.0,9.43,0.0,0.0,0.0,3.12,77,9.29,145
020016,統一MSCI美科技N,ETN,0.0,0.0,0.0,0.0,0.0,0.0,0.0,0.0,0.0,0.0,0.0,0.0,0.0,0.0,0.0,0.0,0.0,0.0,0,0.0,0
020015,統一MSCI美低波N,ETN,0.0,0.0,0.0,0.0,0.0,0.0,0.0,0.0,0.0,0.0,0.0,0.0,0.0,0.0,0.0,0.0,0.0,0.0,0,0.0,0
3202,樺晟,電子零組件業,-0.8,2863876000.0,0.0,0.0,0.0,0.0,0.0,0.0,0.0,0.0,0.0,0.0,0.0,3.96,0.0,0.0,0.0,2.12,9,0.0,0
2437,旺詮,電子工業,0.0,0.0,0.0,0.0,0.0,0.0,0.0,0.0,0.0,0.0,0.0,0.0,0.0,0.0,0.0,0.0,0.0,0.0,0,0.0,0
5314,世紀*,半導體業,5.56,2765245000.0,497346223.0215828,4.42,7520947333.125178,15.12,39.54,99.29,11.88,111.17,179.63,1680.89,597.8,61.2,9.77,2.94,27.47,135.29,183,172.73,113
6240,松崗,其他,-1.15,53259000.0,0.0,0.0,53329448.41269842,0.0,38.16,72.27,12.73,85.0,0.0,0.0,0.0,18.4,0.0,0.0,0.0,28.04,44,19.9,32
5348,正能量智能,通信網路業,-1.49,274780000.0,0.0,0.0,314164395.5596293,0.0,1308.37,245.0,1230.0,1475.0,0.0,0.0,0.0,15.45,0.0,0.0,0.0,104.18,132,0.0,0
8383,千附,其他電子類,3.42,3254284000.0,951545029.2397661,1.84,4202056587.4592776,4.42,15.2,12.77,10.87,23.64,48.05,104.49,67.2,58.9,1.14,0.82,1.77,18.04,30,0.0,0
4950,金耘國際,其他,-0.06,936308000.0,0.0,0.0,1246800051.3051407,0.0,38.52,4.07,36.74,40.81,0.0,0.0,0.0,16.1,0.0,0.0,0.0,118.58,64,143.52,159
5443,均豪,光電業,2.59,4662722000.0,1800278764.4787645,1.11,5440205822.258292,3.02,50.35,61.12,30.6,91.72,92.41,276.99,152.05,115.0,1.32,0.8,2.41,169.1,124,50.65,109
6208,日揚,電子零組件業,2.52,3781837000.0,1500728968.2539682,0.91,3492198090.4511037,2.33,16.67,22.86,12.3,35.16,28.66,81.92,38.84,83.5,0.47,0.34,0.98,19.44,118,20.56,71
6187,萬潤,其他電子類,15.46,5648264000.0,365346959.8965071,6.3,5700645090.122252,15.6,42.0,88.37,13.8,102.17,215.28,1593.85,655.26,1120.0,0.59,0.19,1.42,130.08,124,28.59,20
3521,鴻翊,電腦及週邊設備業,-0.09,241478000.0,0.0,0.0,206061879.6187386,0.0,5.44,0.6,5.09,5.69,0.0,0.0,0.0,12.55,0.0,0.0,0.0,5.64,29,9.89,175
6829,千附精密,電機機械,3.95,1822694000.0,461441518.98734176,2.08,2346098584.3543296,5.08,28.18,51.19,17.92,69.11,91.03,351.08,143.14,202.0,0.71,0.45,1.74,28.9,133,14.57,90
00925,新光標普電動車,ETF,0.0,0.0,0.0,0.0,0.0,0.0,0.0,0.0,0.0,0.0,0.0,0.0,0.0,16.1,0.0,0.0,0.0,11.96,182,0.0,0
6287,元隆,半導體業,-2.31,540288000.0,0.0,0.0,0.0,0.0,0.0,0.0,0.0,0.0,0.0,0.0,0.0,8.89,0.0,0.0,0.0,41.9,57,0.45,8
020018,統一價值成長30N,ETN,0.0,0.0,0.0,0.0,0.0,0.0,0.0,0.0,0.0,0.0,0.0,0.0,0.0,24.94,0.0,0.0,0.0,6.65,173,0.0,0
020019,統一特選台灣5GN,ETN,0.0,0.0,0.0,0.0,0.0,0.0,0.0,0.0,0.0,0.0,0.0,0.0,0.0,21.59,0.0,0.0,0.0,0.0,0,0.0,0
4945,陞達科技,半導體業,0.87,477318000.0,548641379.3103448,0.0,0.0,0.0,27.47,17.48,17.06,34.54,0.0,0.0,0.0,76.1,0.0,0.0,0.0,0.0,0,14.12,11
8497,格威傳媒,其他,0.0,0.0,0.0,0.0,0.0,0.0,0.0,0.0,0.0,0.0,0.0,0.0,0.0,0.0,0.0,0.0,0.0,0.0,0,0.0,0
2888B,新光金乙特,金融保險,0.0,0.0,0.0,0.0,0.0,0.0,0.0,0.0,0.0,0.0,0.0,0.0,0.0,36.8,0.0,0.0,0.0,30.24,79,0.53,5
2888A,新光金甲特,金融保險,0.0,0.0,0.0,0.0,0.0,0.0,0.0,0.0,0.0,0.0,0.0,0.0,0.0,36.5,0.0,0.0,0.0,29.51,79,0.26,5
2897A,王道銀甲特,金融保險,0.0,0.0,0.0,0.0,0.0,0.0,0.0,0.0,0.0,0.0,0.0,0.0,0.0,10.3,0.0,0.0,0.0,2.84,37,0.0,0
6747,亨泰光,生技醫療業,1.91,713250000.0,373429319.37172776,0.0,0.0,0.0,37.26,69.74,17.93,87.67,0.0,0.0,0.0,199.0,0.0,0.0,0.0,0.85,33,13.71,154
02001S,策元大加權策略N,ETN,0.0,0.0,0.0,0.0,0.0,0.0,0.0,0.0,0.0,0.0,0.0,0.0,0.0,0.0,0.0,0.0,0.0,10.62,156,0.0,0
020023,元大櫃買半導體N,指數投資證券(ETN),0.0,0.0,0.0,0.0,0.0,0.0,0.0,0.0,0.0,0.0,0.0,0.0,0.0,7.2,0.0,0.0,0.0,14.26,36,49.02,179
6288,聯嘉,汽車工業,0.11,3643623000.0,33123845454.545456,0.0,0.0,0.0,75.82,76.24,40.61,116.85,0.0,0.0,0.0,20.95,0.0,0.0,0.0,5.31,170,11.58,50
1613,台一,電器電纜,2.13,0.0,0.0,0.0,0.0,0.0,0.0,0.0,0.0,0.0,0.0,0.0,0.0,0.0,0.0,0.0,0.0,0.0,0,0.0,0
02001B,統一美國政府債N,指數投資證券(ETN),0.0,0.0,0.0,0.0,0.0,0.0,0.0,0.0,0.0,0.0,0.0,0.0,0.0,8.75,0.0,0.0,0.0,6.52,105,0.0,0
3559,全智科,電子工業,0.0,0.0,0.0,0.0,0.0,0.0,0.0,0.0,0.0,0.0,0.0,0.0,0.0,0.0,0.0,0.0,0.0,0.0,0,0.0,0
3315,宣昶,電子工業,0.0,0.0,0.0,0.0,0.0,0.0,0.0,0.0,0.0,0.0,0.0,0.0,0.0,0.0,0.0,0.0,0.0,0.0,0,0.0,0
3036A,文曄甲特,電子工業,0.0,0.0,0.0,0.0,0.0,0.0,0.0,0.0,0.0,0.0,0.0,0.0,0.0,52.0,0.0,0.0,0.0,4.64,168,0.98,22
1729,必翔,生技醫療業,0.0,0.0,0.0,0.0,0.0,0.0,0.0,0.0,0.0,0.0,0.0,0.0,0.0,0.0,0.0,0.0,0.0,0.0,0,0.0,0
1715,萬洲,塑膠工業,0.0,0.0,0.0,0.0,0.0,0.0,0.0,0.0,0.0,0.0,0.0,0.0,0.0,0.0,0.0,0.0,0.0,0.0,0,0.0,0
2456,奇力新,電子工業,0.0,0.0,0.0,0.0,0.0,0.0,18.73,0.0,18.73,18.73,0.0,0.0,0.0,0.0,0.0,0.0,0.0,0.0,0,0.0,0
2448,晶電,電子工業,0.0,0.0,0.0,0.0,0.0,0.0,47.14,0.0,47.14,47.14,0.0,0.0,0.0,0.0,0.0,0.0,0.0,0.0,0,0.0,0
6172,互億,電子工業,0.0,0.0,0.0,0.0,0.0,0.0,51.75,0.0,51.75,51.75,0.0,0.0,0.0,0.0,0.0,0.0,0.0,0.0,0,0.0,0
3519,綠能,電子工業,0.0,0.0,0.0,0.0,0.0,0.0,0.0,0.0,0.0,0.0,0.0,0.0,0.0,0.0,0.0,0.0,0.0,0.0,0,0.0,0
6422,君耀-KY,電子工業,0.0,0.0,0.0,0.0,0.0,0.0,12.18,0.0,12.18,12.18,0.0,0.0,0.0,0.0,0.0,0.0,0.0,0.0,0,0.0,0
3536,誠創,電子工業,0.0,0.0,0.0,0.0,0.0,0.0,34.6,0.0,34.6,34.6,0.0,0.0,0.0,0.0,0.0,0.0,0.0,0.0,0,0.0,0
6289,華上,電子工業,0.0,0.0,0.0,0.0,0.0,0.0,0.0,0.0,0.0,0.0,0.0,0.0,0.0,0.0,0.0,0.0,0.0,0.0,0,0.0,0
3561,昇陽光電,電子工業,0.0,0.0,0.0,0.0,0.0,0.0,0.0,0.0,0.0,0.0,0.0,0.0,0.0,0.0,0.0,0.0,0.0,0.0,0,0.0,0
4984,科納-KY,電子工業,0.0,0.0,0.0,0.0,0.0,0.0,31.43,0.0,31.43,31.43,0.0,0.0,0.0,0.0,0.0,0.0,0.0,0.0,0,0.0,0
6145,勁永,電子工業,0.0,0.0,0.0,0.0,0.0,0.0,0.0,0.0,0.0,0.0,0.0,0.0,0.0,0.0,0.0,0.0,0.0,0.0,0,0.0,0
5259,奕智博,電子工業,0.0,0.0,0.0,0.0,0.0,0.0,0.0,0.0,0.0,0.0,0.0,0.0,0.0,0.0,0.0,0.0,0.0,0.0,0,0.0,0
6131,鈞泰,電子工業,0.0,0.0,0.0,0.0,0.0,0.0,14.0,0.0,14.0,14.0,0.0,0.0,0.0,0.0,0.0,0.0,0.0,0.0,0,0.0,0
2311,日月光,電子工業,0.0,0.0,0.0,0.0,0.0,0.0,13.01,0.0,13.01,13.01,0.0,0.0,0.0,0.0,0.0,0.0,0.0,0.0,0,0.0,0
2475,華映,電子工業,0.0,0.0,0.0,0.0,0.0,0.0,4.29,0.0,4.29,4.29,0.0,0.0,0.0,0.0,0.0,0.0,0.0,0.0,0,0.0,0
6251,定穎,電子工業,0.0,0.0,0.0,0.0,0.0,0.0,31.45,0.0,31.45,31.45,0.0,0.0,0.0,0.0,0.0,0.0,0.0,0.0,0,0.0,0
2325,矽品,電子工業,0.0,0.0,0.0,0.0,0.0,0.0,18.9,0.0,18.9,18.9,0.0,0.0,0.0,0.0,0.0,0.0,0.0,0.0,0,0.0,0
5305,敦南,電子工業,0.0,0.0,0.0,0.0,0.0,0.0,21.42,0.0,21.42,21.42,0.0,0.0,0.0,0.0,0.0,0.0,0.0,0.0,0,0.0,0
3454,晶睿,電子工業,-0.11,7641632000.0,0.0,0.0,6348482611.739699,0.0,44.75,63.18,17.63,80.81,0.0,0.0,0.0,99.4,0.0,0.0,0.0,8.6,42,1.84,26
2499,東貝,電子工業,0.0,0.0,0.0,0.0,0.0,0.0,0.0,0.0,0.0,0.0,0.0,0.0,0.0,0.0,0.0,0.0,0.0,0.0,0,0.0,0
3579,尚志,電子工業,0.0,0.0,0.0,0.0,0.0,0.0,0.0,0.0,0.0,0.0,0.0,0.0,0.0,0.0,0.0,0.0,0.0,0.0,0,0.0,0
3682,亞太電,電子工業,0.0,0.0,0.0,0.0,0.0,0.0,0.0,0.0,0.0,0.0,0.0,0.0,0.0,0.0,0.0,0.0,0.0,0.0,0,0.0,0
3383,新世紀,電子工業,0.0,0.0,0.0,0.0,0.0,0.0,0.0,0.0,0.0,0.0,0.0,0.0,0.0,0.0,0.0,0.0,0.0,0.0,0,0.0,0
3514,昱晶,電子工業,0.0,0.0,0.0,0.0,0.0,0.0,0.0,0.0,0.0,0.0,0.0,0.0,0.0,0.0,0.0,0.0,0.0,0.0,0,0.0,0
5264,鎧勝-KY,電子工業,0.0,0.0,0.0,0.0,0.0,0.0,14.07,0.0,14.07,14.07,0.0,0.0,0.0,0.0,0.0,0.0,0.0,0.0,0,0.0,0
3698,隆達,電子工業,0.0,0.0,0.0,0.0,0.0,0.0,0.0,0.0,0.0,0.0,0.0,0.0,0.0,0.0,0.0,0.0,0.0,0.0,0,0.0,0
4987,科誠,電腦及週邊設備業,6.37,1340690000.0,210469387.75510204,2.76,1459800888.429752,6.94,12.7,6.45,9.63,16.08,66.83,111.6,88.15,81.6,1.08,0.82,1.37,51.22,169,8.84,46
00705R,台新MSCI台灣反1,ETF,0.0,0.0,0.0,0.0,0.0,0.0,0.0,0.0,0.0,0.0,0.0,0.0,0.0,0.0,0.0,0.0,0.0,0.0,0,0.0,0
00667,元大韓國,ETF,0.0,0.0,0.0,0.0,0.0,0.0,0.0,0.0,0.0,0.0,0.0,0.0,0.0,0.0,0.0,0.0,0.0,0.0,0,0.0,0
00704L,台新MSCI台灣正2,ETF,0.0,0.0,0.0,0.0,0.0,0.0,0.0,0.0,0.0,0.0,0.0,0.0,0.0,0.0,0.0,0.0,0.0,0.0,0,0.0,0
02001R,富邦蘋果反一N,ETN,0.0,0.0,0.0,0.0,0.0,0.0,0.0,0.0,0.0,0.0,0.0,0.0,0.0,0.43,0.0,0.0,0.0,3.8,61,0.72,18
00699R,元大美債7-10反1,ETF,0.0,0.0,0.0,0.0,0.0,0.0,0.0,0.0,0.0,0.0,0.0,0.0,0.0,0.0,0.0,0.0,0.0,0.0,0,0.0,0
00716R,華頓S&P布蘭特反1,ETF,0.0,0.0,0.0,0.0,0.0,0.0,0.0,0.0,0.0,0.0,0.0,0.0,0.0,0.0,0.0,0.0,0.0,0.0,0,0.0,0
00698L,元大美債7-10正2,ETF,0.0,0.0,0.0,0.0,0.0,0.0,0.0,0.0,0.0,0.0,0.0,0.0,0.0,0.0,0.0,0.0,0.0,0.0,0,0.0,0
2809,京城銀,金融保險,3.41,6882140000.0,2018222873.900293,0.0,0.0,0.0,11.84,11.27,7.8,19.07,0.0,0.0,0.0,56.6,0.0,0.0,0.0,14.48,16,15.78,97
2601,益航,貿易百貨,-1.63,4304913000.0,0.0,0.0,2274066163.0404816,0.0,0.0,0.0,0.0,0.0,0.0,0.0,0.0,6.17,0.0,0.0,0.0,8.96,125,2.78,74
2856,元富證,金融保險,1.33,0.0,0.0,0.0,0.0,0.0,45.11,0.0,45.11,45.11,0.0,0.0,0.0,0.0,0.0,0.0,0.0,0.0,0,0.0,0
2823,中壽,金融保險,3.03,0.0,0.0,0.0,0.0,0.0,14.0,0.0,14.0,14.0,0.0,0.0,0.0,0.0,0.0,0.0,0.0,0.0,0,0.0,0
2888,新光金,金融保險,-0.71,-51181701000.0,0.0,0.0,0.0,0.0,21.99,38.94,7.79,46.73,0.0,0.0,0.0,11.8,0.0,0.0,0.0,45.47,98,0.84,1
1704,榮化,化學工業,0.0,0.0,0.0,0.0,0.0,0.0,10.17,0.0,10.17,10.17,0.0,0.0,0.0,0.0,0.0,0.0,0.0,0.0,0,0.0,0
4725,信昌化,化學工業,0.0,0.0,0.0,0.0,0.0,0.0,0.0,0.0,0.0,0.0,0.0,0.0,0.0,0.0,0.0,0.0,0.0,0.0,0,0.0,0
1724,台硝,化學工業,0.0,0.0,0.0,0.0,0.0,0.0,21.21,0.0,21.21,21.21,0.0,0.0,0.0,0.0,0.0,0.0,0.0,0.0,0,0.0,0
4144,康聯-KY,生技醫療業,0.0,0.0,0.0,0.0,0.0,0.0,10.1,0.0,10.1,10.1,0.0,0.0,0.0,0.0,0.0,0.0,0.0,0.0,0,0.0,0
1701,中化,生技醫療業,0.0,0.0,0.0,0.0,0.0,0.0,19.89,3.17,17.65,20.82,0.0,0.0,0.0,21.15,0.0,0.0,0.0,3.15,21,0.0,0
4141,龍燈-KY,生技醫療業,0.0,0.0,0.0,0.0,0.0,0.0,0.0,0.0,0.0,0.0,0.0,0.0,0.0,0.0,0.0,0.0,0.0,0.0,0,0.0,0
6452,康友-KY,生技醫療業,0.0,0.0,0.0,0.0,0.0,0.0,26.86,0.0,26.86,26.86,0.0,0.0,0.0,0.0,0.0,0.0,0.0,0.0,0,0.0,0
1589,永冠-KY,電機機械,-5.06,8035754000.0,0.0,0.0,8206521423.519579,0.0,14.37,0.0,14.37,14.37,0.0,0.0,0.0,5.54,0.0,0.0,0.0,3.9,30,2.86,4
1592,英瑞-KY,汽車工業,0.0,0.0,0.0,0.0,0.0,0.0,11.25,0.0,11.25,11.25,0.0,0.0,0.0,0.0,0.0,0.0,0.0,0.0,0,0.0,0
1469,理隆,紡織纖維,0.0,0.0,0.0,0.0,0.0,0.0,0.0,0.0,0.0,0.0,0.0,0.0,0.0,0.0,0.0,0.0,0.0,0.0,0,0.0,0
1507,永大,電機機械,0.0,0.0,0.0,0.0,0.0,0.0,16.25,0.0,16.25,16.25,0.0,0.0,0.0,0.0,0.0,0.0,0.0,0.0,0,0.0,0
3067,全域,其他電子類,-0.83,56255000.0,0.0,0.0,92236385.11614837,0.0,54.18,44.33,31.76,76.09,0.0,0.0,0.0,19.65,0.0,0.0,0.0,0.0,0,30.95,8
1595,川寶,電子零組件業,-1.95,725630000.0,0.0,0.0,585557563.9555082,0.0,133.5,298.75,30.0,328.75,0.0,0.0,0.0,76.0,0.0,0.0,0.0,111.53,138,28.24,88
3131,弘塑,其他電子類,45.48,5997783000.0,131877374.6701847,23.81,8215989488.121738,62.3,53.47,59.35,25.97,85.32,1617.93,5315.44,3331.39,3150.0,1.06,0.51,1.69,87.17,85,34.62,20
6163,華電網,通信網路業,0.75,5679673000.0,7572897333.333333,0.47,7671551409.913221,1.01,287.66,2712.55,12.45,2725.0,12.57,2752.25,290.54,53.7,5.41,0.23,51.25,18.53,111,125.06,181
6125,廣運,光電業,0.1,3263584000.0,32635840000.0,0.04,4443604687.379053,0.14,238.8,579.36,27.64,607.0,3.87,84.98,33.43,64.8,0.52,0.06,1.31,0.0,0,26.68,74
2230,泰茂,電機機械,-1.02,2030437000.0,0.0,0.0,2946487251.582573,0.0,48.72,151.69,14.98,166.67,0.0,0.0,0.0,28.25,0.0,0.0,0.0,11.73,8,8.94,20
5381,光譜,電子零組件業,0.72,2135776000.0,2966355555.555556,0.3,1863799187.4876955,0.63,51.26,103.98,17.85,121.83,11.25,76.75,32.29,30.95,1.04,0.36,2.48,8.78,37,40.93,68
6236,中湛,其他,0.08,37705000.0,471312500.0,0.03,25674990.611519918,0.05,1221.96,2932.22,217.78,3150.0,10.89,157.5,61.1,0.0,0.0,0.0,0.0,2.64,21,0.0,0
4905,台聯電,通信網路業,2.76,720894000.0,261193478.2608696,1.39,937448146.3765008,3.59,27.95,27.04,16.05,43.09,57.62,154.69,100.33,81.2,1.24,0.71,1.91,2.4,12,13.4,158
4924,欣厚-KY,電腦及週邊設備業,0.38,758252000.0,1995400000.0,0.19,819575590.8159918,0.41,112.62,384.49,14.51,399.0,5.95,163.59,46.18,12.75,3.62,0.47,12.83,63.17,21,0.0,0
7718,友鋮,鋼鐵工業,3.77,2206219000.0,585203978.7798408,1.78,2943249477.6758175,5.03,12.19,8.33,7.76,16.09,39.03,80.93,61.29,48.65,1.26,0.8,1.66,20.28,112,2.94,6
8932,智通*,其他,1.99,2249716000.0,1130510552.7638192,0.92,2659952031.256657,2.35,63.96,55.16,38.8,93.96,91.18,220.81,150.3,102.0,1.47,0.89,2.16,23.18,76,135.61,92
00677U,期富邦VIX,ETF,0.0,0.0,0.0,0.0,0.0,0.0,0.0,0.0,0.0,0.0,0.0,0.0,0.0,0.0,0.0,0.0,0.0,0.0,0,0.0,0
00672L,元大S&P原油正2,ETF,0.0,0.0,0.0,0.0,0.0,0.0,0.0,0.0,0.0,0.0,0.0,0.0,0.0,0.0,0.0,0.0,0.0,0.0,0,0.0,0
00659R,國泰日本反1,ETF,0.0,0.0,0.0,0.0,0.0,0.0,0.0,0.0,0.0,0.0,0.0,0.0,0.0,0.0,0.0,0.0,0.0,0.0,0,0.0,0
00732,國泰RMB短期報酬,ETF,0.0,0.0,0.0,0.0,0.0,0.0,0.0,0.0,0.0,0.0,0.0,0.0,0.0,0.0,0.0,0.0,0.0,0.0,0,0.0,0
00649,FH香港,ETF,0.0,0.0,0.0,0.0,0.0,0.0,0.0,0.0,0.0,0.0,0.0,0.0,0.0,0.0,0.0,0.0,0.0,0.0,0,0.0,0
1262,綠悅-KY,其他,0.0,0.0,0.0,0.0,0.0,0.0,7.85,0.0,7.85,7.85,0.0,0.0,0.0,0.0,0.0,0.0,0.0,0.0,0,0.0,0
2841,台開,建材營造,0.0,0.0,0.0,0.0,0.0,0.0,24.24,0.0,24.24,24.24,0.0,0.0,0.0,0.0,0.0,0.0,0.0,0.0,0,0.0,0
00742,新光內需收益,ETF,0.0,0.0,0.0,0.0,0.0,0.0,0.0,0.0,0.0,0.0,0.0,0.0,0.0,0.0,0.0,0.0,0.0,0.0,0,0.0,0
00743,國泰中國A150,ETF,0.0,0.0,0.0,0.0,0.0,0.0,0.0,0.0,0.0,0.0,0.0,0.0,0.0,0.0,0.0,0.0,0.0,0.0,0,0.0,0
00658L,國泰日本正2,ETF,0.0,0.0,0.0,0.0,0.0,0.0,0.0,0.0,0.0,0.0,0.0,0.0,0.0,0.0,0.0,0.0,0.0,0.0,0,0.0,0
00691R,兆豐藍籌30反1,ETF,0.0,0.0,0.0,0.0,0.0,0.0,0.0,0.0,0.0,0.0,0.0,0.0,0.0,0.0,0.0,0.0,0.0,0.0,0,0.0,0
1435,中福,其他,-0.41,5981000.0,0.0,0.0,5983000.334448161,0.0,89.33,0.0,89.33,89.33,0.0,0.0,0.0,12.85,0.0,0.0,0.0,0.0,0,3.92,25
2936,客思達-KY,貿易百貨,0.0,0.0,0.0,0.0,0.0,0.0,9.81,0.0,9.81,9.81,0.0,0.0,0.0,0.0,0.0,0.0,0.0,0.0,0,0.0,0
0059,富邦金融,ETF,0.0,0.0,0.0,0.0,0.0,0.0,0.0,0.0,0.0,0.0,0.0,0.0,0.0,0.0,0.0,0.0,0.0,0.0,0,0.0,0
0058,富邦發達,ETF,0.0,0.0,0.0,0.0,0.0,0.0,0.0,0.0,0.0,0.0,0.0,0.0,0.0,0.0,0.0,0.0,0.0,0.0,0,0.0,0
1902,台紙,造紙工業,0.0,0.0,0.0,0.0,0.0,0.0,0.0,0.0,0.0,0.0,0.0,0.0,0.0,0.0,0.0,0.0,0.0,0.0,0,0.0,0
008201,BP上證50,ETF,0.0,0.0,0.0,0.0,0.0,0.0,0.0,0.0,0.0,0.0,0.0,0.0,0.0,0.0,0.0,0.0,0.0,0.0,0,0.0,0
0054,元大台商50,ETF,0.0,0.0,0.0,0.0,0.0,0.0,0.0,0.0,0.0,0.0,0.0,0.0,0.0,0.0,0.0,0.0,0.0,0.0,0,0.0,0
2443,昶虹,其他,-0.42,0.0,0.0,0.0,0.0,0.0,0.0,0.0,0.0,0.0,0.0,0.0,0.0,0.0,0.0,0.0,0.0,0.0,0,0.0,0
8480,泰昇-KY,其他,0.0,0.0,0.0,0.0,0.0,0.0,17.51,0.0,17.51,17.51,0.0,0.0,0.0,0.0,0.0,0.0,0.0,0.0,0,0.0,0
2358,廷鑫,其他,0.0,0.0,0.0,0.0,0.0,0.0,0.0,0.0,0.0,0.0,0.0,0.0,0.0,0.0,0.0,0.0,0.0,0.0,0,0.0,0
00776,新光ICE美國權值,ETF,0.0,0.0,0.0,0.0,0.0,0.0,0.0,0.0,0.0,0.0,0.0,0.0,0.0,0.0,0.0,0.0,0.0,0.0,0,0.0,0
00774C,新光中政金綠債+R,ETF,0.0,0.0,0.0,0.0,0.0,0.0,0.0,0.0,0.0,0.0,0.0,0.0,0.0,0.0,0.0,0.0,0.0,0.0,0,0.0,0
3426,台興,電機機械,2.38,652942000.0,274345378.1512605,0.86,458294350.0321457,1.67,15.37,14.24,10.79,25.03,18.02,41.8,25.68,47.8,0.54,0.38,0.87,34.43,89,3.49,20
00774B,新光中國政金綠債,ETF,0.0,0.0,0.0,0.0,0.0,0.0,0.0,0.0,0.0,0.0,0.0,0.0,0.0,0.0,0.0,0.0,0.0,0.0,0,0.0,0
8427,基勝-KY,其他,0.0,0.0,0.0,0.0,0.0,0.0,33.48,0.0,33.48,33.48,0.0,0.0,0.0,0.0,0.0,0.0,0.0,0.0,0,0.0,0
00767,FH美國金融股,ETF,0.0,0.0,0.0,0.0,0.0,0.0,0.0,0.0,0.0,0.0,0.0,0.0,0.0,0.0,0.0,0.0,0.0,0.0,0,0.0,0
00766L,台新MSCI中國正2,ETF,0.0,0.0,0.0,0.0,0.0,0.0,0.0,0.0,0.0,0.0,0.0,0.0,0.0,0.0,0.0,0.0,0.0,0.0,0,0.0,0
5243,乙盛-KY,光電業,4.4,12177833000.0,2767689318.181818,1.82,11022626009.557978,3.98,19.44,17.64,11.22,28.86,44.66,114.86,77.37,112.5,0.69,0.4,1.02,26.77,173,72.92,168
6509,聚和,化學工業,2.87,4865391000.0,1695258188.15331,1.32,5159314737.548024,3.04,14.34,8.95,9.5,18.45,28.88,56.09,43.59,51.2,0.85,0.56,1.1,16.83,35,0.7,1
5276,達輝-KY,其他,1.13,919058000.0,813325663.7168143,0.62,1004083130.6274179,1.23,31.66,107.28,12.48,119.76,15.35,147.3,38.94,19.4,2.01,0.79,7.59,56.1,44,11.46,117
5234,達興材料,電子工業,7.37,4591955000.0,623060379.9185889,3.92,4963223156.6692,7.97,43.51,43.35,22.57,65.92,179.88,525.38,346.74,403.5,0.86,0.45,1.3,58.28,124,81.49,92
6474,華豫寧,電子通路業,3.5,947872000.0,270820571.4285714,0.0,0.0,0.0,10.91,2.8,10.06,12.86,0.0,0.0,0.0,38.2,0.0,0.0,0.0,35.82,41,20.89,41
5274,信驊,半導體業,103.92,8949538000.0,86119495.76597382,76.41,13803766702.99018,160.29,86.78,145.71,34.24,179.95,5488.33,28844.19,13910.09,17505.0,0.79,0.31,1.65,30.32,79,75.84,176
5236,凌陽創新,半導體業,8.65,1997623000.0,230939075.14450866,5.0,2310956199.863126,10.01,17.06,11.67,12.91,24.58,129.23,246.05,170.76,164.5,1.04,0.79,1.5,12.81,133,8.02,147
6482,弘煜科,文化創意業,2.51,516642000.0,205833466.13545817,0.73,319872984.8086268,1.55,19.45,21.12,10.82,31.94,16.77,49.51,30.14,29.3,1.03,0.57,1.69,1.96,22,0.9,1
6477,安集,電子工業,0.02,864073000.0,43203650000.0,0.01,1145051842.3373177,0.03,801.46,1910.23,72.27,1982.5,2.17,59.47,24.04,33.7,0.71,0.06,1.76,24.5,27,54.65,82
6505,台塑化,油電燃氣業,1.04,625336454000.0,601285051923.0769,0.46,636400420628.7538,1.06,54.54,77.11,17.11,94.22,18.14,99.87,57.82,55.3,1.05,0.33,1.81,0.15,15,52.3,168
6508,惠光,農業科技業,0.27,1401564000.0,5190977777.777778,0.16,1356938027.0057845,0.26,55.93,86.69,23.08,109.77,6.0,28.54,14.54,24.05,0.6,0.25,1.19,3.41,23,0.18,5
5272,笙科,半導體業,-1.33,347822000.0,0.0,0.0,291163084.13504726,0.0,198.08,51.56,166.25,217.81,0.0,0.0,0.0,22.35,0.0,0.0,0.0,5.77,35,10.69,35
6504,南六,其他,-1.09,6690185000.0,0.0,0.0,6387591641.778484,0.0,120.77,309.56,27.11,336.67,0.0,0.0,0.0,36.95,0.0,0.0,0.0,2.74,15,1.65,25
6499,益安,生技醫療業,-7.24,407417000.0,0.0,0.0,471895417.9653506,0.0,0.0,0.0,0.0,0.0,0.0,0.0,0.0,81.9,0.0,0.0,0.0,26.3,27,38.1,32
5258,虹堡,電子工業,4.24,7836415000.0,1848211084.9056604,1.75,8347229341.62751,4.52,15.35,13.17,9.21,22.38,41.63,101.16,69.38,50.3,1.38,0.83,2.01,9.09,110,30.34,71
5251,天鉞電,光電業,0.04,339335000.0,8483375000.0,0.02,269760263.7071432,0.03,729.64,2990.0,295.0,3285.0,8.85,98.55,21.89,31.15,0.7,0.28,3.16,3.3,30,19.41,15
6492,生華科,生技醫療業,-2.97,1074000.0,0.0,0.0,1030215.8273381295,0.0,0.0,0.0,0.0,0.0,0.0,0.0,0.0,44.5,0.0,0.0,0.0,45.5,43,54.26,138
6491,晶碩,生技醫療業,20.87,7034551000.0,337065213.2247245,11.57,8316346557.724414,24.67,15.09,8.75,12.44,21.19,306.89,522.76,372.35,324.5,1.15,0.95,1.61,1.53,27,5.76,151
6496,科懋,生技醫療業,-3.96,866250000.0,0.0,0.0,992172784.8687794,0.0,0.0,0.0,0.0,0.0,0.0,0.0,0.0,24.25,0.0,0.0,0.0,11.96,26,0.0,0
5263,智崴,文化創意業,-2.83,1389771000.0,0.0,0.0,1631261694.3290803,0.0,231.38,293.12,78.55,371.67,0.0,0.0,0.0,107.5,0.0,0.0,0.0,53.61,79,0.0,0
6488,環球晶,半導體業,15.3,60583311000.0,3959693529.4117646,6.12,55688368835.9406,14.06,23.65,51.8,10.82,62.62,152.13,880.44,332.56,811.0,0.41,0.19,1.09,12.1,33,80.03,138
5245,智晶,光電業,-4.89,790349000.0,0.0,0.0,643610277.3978382,0.0,0.0,0.0,0.0,0.0,0.0,0.0,0.0,27.85,0.0,0.0,0.0,19.77,90,43.01,54
5244,弘凱,電子工業,0.51,844698000.0,1656270588.235294,0.18,773542008.4321169,0.47,26.38,85.75,13.86,99.61,6.51,46.82,12.4,38.5,0.32,0.17,1.22,19.02,182,14.45,83
6498,久禾光,光電業,6.47,962397000.0,148747604.32766616,3.94,3020923636.731461,20.31,16.34,9.32,13.09,22.41,265.86,455.15,331.92,101.5,3.27,2.62,4.48,35.47,141,20.18,4
6486,互動,通信網路業,5.77,2435298000.0,422062045.06065863,3.53,2961521480.340012,7.02,14.44,5.23,11.98,17.21,84.1,120.81,101.35,83.2,1.22,1.01,1.45,3.5,33,2.9,22
6485,點序,半導體業,0.71,1448753000.0,2040497183.0985916,0.34,1325026328.6991062,0.65,338.02,718.08,108.59,826.67,70.58,537.34,219.71,112.0,1.96,0.63,4.8,4.21,15,46.01,133
6494,九齊,半導體業,-0.93,1176236000.0,0.0,0.0,1530751159.767673,0.0,49.71,480.05,12.45,492.5,0.0,0.0,0.0,56.5,0.0,0.0,0.0,1.55,9,4.83,148
5269,祥碩,半導體業,72.7,12907479000.0,177544415.40577716,31.54,16777981106.476711,94.5,32.11,45.6,14.61,60.21,1380.64,5689.84,3034.7,1525.0,1.99,0.91,3.73,18.55,14,1.51,6
6183,關貿,資訊服務業,3.9,2735238000.0,701343076.923077,1.77,2928292190.0613174,4.18,25.38,11.47,22.27,33.74,93.09,141.03,106.1,90.2,1.18,1.03,1.56,12.47,173,9.0,74
5299,杰力,半導體業,4.58,1515551000.0,330906331.87772924,1.92,1400754863.6581378,4.23,18.02,15.27,11.13,26.4,47.08,111.67,76.22,110.0,0.69,0.43,1.02,7.62,36,3.43,148
5284,jpp-KY,其他,12.06,3612748000.0,299564510.7794361,7.8,5396132155.029065,18.01,47.93,151.25,21.43,172.68,385.95,3109.97,863.28,406.5,2.12,0.95,7.65,35.06,145,87.83,183
5371,中光電,光電業,0.95,39194727000.0,41257607368.42105,0.4,43745283033.230804,1.06,58.35,102.96,22.37,125.33,23.71,132.85,61.85,73.5,0.84,0.32,1.81,0.0,0,125.09,90
5356,協益,電腦及週邊設備業,0.44,3440781000.0,7819956818.181818,0.17,3033585340.7431264,0.39,23.67,57.75,4.18,61.93,1.63,24.15,9.23,27.35,0.34,0.06,0.88,1.78,2,1.37,21
6441,廣錠,電腦及週邊設備業,-5.16,238504000.0,0.0,0.0,90550736.3612546,0.0,0.0,0.0,0.0,0.0,0.0,0.0,0.0,24.05,0.0,0.0,0.0,16.46,27,0.0,0
6442,光聖,通信網路業,23.48,10705105000.0,455924403.7478705,10.48,11306450969.829178,24.8,63.21,123.54,21.26,144.8,527.25,3591.04,1567.55,2055.0,0.76,0.26,1.75,159.19,43,185.87,174
5355,佳總,電子零組件業,-1.12,454197000.0,0.0,0.0,479167991.949204,0.0,0.0,0.0,0.0,0.0,0.0,0.0,0.0,6.7,0.0,0.0,0.0,18.33,29,30.48,74
5353,台林,通信網路業,1.38,1819058000.0,1318157971.0144928,0.57,1854224083.0815358,1.41,16.73,15.08,10.33,25.41,14.57,35.83,23.58,34.05,0.69,0.43,1.05,0.0,0,0.89,6
5351,鈺創,半導體業,-1.53,3643776000.0,0.0,0.0,17132658116.86983,0.0,87.07,19.07,76.7,95.77,0.0,0.0,0.0,86.2,0.0,0.0,0.0,6.8,19,74.22,160
5347,世界,半導體業,4.3,47964760000.0,11154595348.83721,1.93,51721454380.03502,4.64,24.39,25.4,17.74,43.14,82.31,200.17,113.19,161.5,0.7,0.51,1.24,0.0,0,20.39,110
5344,立衛,半導體業,-0.38,334902000.0,0.0,0.0,407754900.87753975,0.0,35.22,31.0,21.27,52.27,0.0,0.0,0.0,16.05,0.0,0.0,0.0,6.24,20,33.07,84
5340,建榮,電子零組件業,1.2,2256598000.0,1880498333.3333335,0.56,2648673270.076793,1.41,80.68,186.47,33.53,220.0,47.28,310.2,113.76,95.1,1.2,0.5,3.26,2.5,2,49.89,162
5386,青雲,電腦及週邊設備業,8.78,5565492000.0,633882915.7175399,18.82,30044687512.515274,47.4,25.36,52.42,8.21,60.63,389.15,2873.86,1202.21,511.0,2.35,0.76,5.62,46.13,85,5.44,42
6435,大中,半導體業,9.52,3323233000.0,349079096.6386555,4.49,3678227041.7625704,10.54,17.4,14.05,12.94,26.99,136.39,284.47,183.37,272.5,0.67,0.5,1.04,8.41,27,15.27,165
6426,統新,通信網路業,-0.78,477475000.0,0.0,0.0,737582467.4935842,0.0,503.44,113.46,441.35,554.81,0.0,0.0,0.0,229.5,0.0,0.0,0.0,69.84,183,12.13,180
5426,振發,電腦及週邊設備業,0.52,1797107000.0,3455975000.0,0.25,1836451453.7737305,0.53,144.44,840.85,16.65,857.5,8.82,454.48,76.55,29.95,2.56,0.29,15.17,0.79,2,26.04,18
5425,台半,半導體業,2.08,17898763000.0,8605174519.230768,0.88,17867708403.026962,2.08,32.18,35.48,18.96,54.44,39.44,113.24,66.94,101.0,0.66,0.39,1.12,3.75,2,40.19,138
5410,國眾,資訊服務業,2.35,4317858000.0,1837386382.9787233,1.42,5835835044.36175,3.18,16.06,11.32,11.66,22.98,37.08,73.08,51.08,40.05,1.28,0.93,1.82,3.26,8,35.14,120
6443,元晶,光電業,-6.24,1931581000.0,0.0,0.0,1098244490.1068783,0.0,49.71,34.97,31.44,66.41,0.0,0.0,0.0,39.9,0.0,0.0,0.0,16.01,30,11.48,74
5403,中菲,資訊服務業,8.56,3406899000.0,398002219.6261682,3.82,3189582518.2095537,8.01,14.62,8.28,10.72,19.0,85.87,152.19,117.11,92.1,1.27,0.93,1.65,2.83,2,3.28,92
5398,慕康生醫,其他,0.35,233856000.0,668160000.0,0.08,192604809.40254653,0.29,84.61,67.12,50.76,117.88,14.72,34.19,24.54,18.1,1.36,0.81,1.89,55.09,162,33.33,183
5392,能率,光電業,-0.28,8728682000.0,0.0,0.0,8783257401.357973,0.0,277.51,607.13,52.87,660.0,0.0,0.0,0.0,45.6,0.0,0.0,0.0,0.35,30,87.48,112
5388,中磊,電子工業,4.04,53084553000.0,13139740841.584158,2.76,78057056484.79915,5.94,15.9,12.15,11.18,23.33,66.41,138.58,94.44,89.6,1.05,0.74,1.55,2.94,27,14.75,57
6432,今展科,電子零組件業,0.48,1100859000.0,2293456250.0,0.27,1219617789.937728,0.53,53.34,198.48,14.02,212.5,7.43,112.62,28.27,67.3,0.42,0.11,1.67,5.67,42,27.5,145
6446,藥華藥,化學生技醫療,14.27,14884059000.0,1043031464.6110722,8.73,23969632051.301075,22.98,107.77,500.88,31.45,532.33,722.72,12232.94,2476.5,937.0,2.64,0.77,13.06,57.01,107,7.94,27
5328,華容,電子零組件業,0.39,881581000.0,2260464102.5641026,0.18,976892021.6205825,0.43,57.95,107.67,27.69,135.36,11.91,58.2,24.92,40.7,0.61,0.29,1.43,31.6,182,70.23,182
6469,大樹,生技醫療業,4.29,18801939000.0,4382736363.636364,1.81,19345020207.45708,4.41,28.51,26.9,18.46,45.36,81.41,200.04,125.73,75.7,1.66,1.08,2.64,0.0,0,5.47,61
6470,宇智,通信網路業,3.87,2036670000.0,526271317.82945734,0.82,975819284.9648725,1.85,16.94,26.41,10.44,36.85,19.31,68.17,31.33,50.4,0.62,0.38,1.35,5.59,20,0.0,0
5292,華懋,綠能環保,10.16,2797518000.0,275346259.8425197,3.87,2576480795.3864317,9.36,17.05,14.16,12.53,26.69,117.28,249.82,159.58,216.5,0.74,0.54,1.15,6.43,30,15.82,98
6465,威潤,通信網路業,0.93,232374000.0,249864516.12903225,0.59,472908409.2116182,1.89,42.57,48.74,17.07,65.81,32.26,124.38,80.46,54.9,1.47,0.59,2.27,28.05,33,45.33,181
5291,邑昇,電子零組件業,0.32,1077231000.0,3366346875.0,0.17,1410017540.7069674,0.42,120.32,202.51,49.1,251.61,20.62,105.68,50.53,67.8,0.75,0.3,1.56,1.2,36,12.19,180
5289,宜鼎,電腦及週邊設備業,21.83,13168865000.0,603246220.7970684,35.92,66107986911.09389,109.59,27.66,57.63,16.03,73.66,1756.73,8072.4,3030.98,1755.0,1.73,1.0,4.6,8.03,29,134.95,161
5288,豐祥-KY,電機機械,12.26,6818895000.0,556190456.7699836,6.26,7467549861.980189,13.43,10.93,6.85,7.61,14.46,102.2,194.2,146.73,166.5,0.88,0.61,1.17,8.84,124,2.45,28
5285,界霖,電子工業,1.54,5320040000.0,3454571428.5714283,0.69,5751960742.976095,1.67,28.24,32.29,15.0,47.29,25.05,78.97,47.16,91.8,0.51,0.27,0.86,3.0,110,21.56,151
6472,保瑞,生技醫療業,27.15,20100258000.0,740340994.4751382,9.64,16240452279.77904,21.94,21.14,20.34,15.39,35.73,337.66,783.92,463.79,371.5,1.25,0.91,2.11,21.66,42,1.32,35
5283,禾聯碩,電器電纜,6.03,6483577000.0,1075220066.3349917,2.36,6352927714.698222,5.91,13.17,10.08,8.76,18.84,51.77,111.34,77.83,52.5,1.48,0.99,2.12,0.0,0,0.24,1
6464,台數科,其他,4.2,4444855000.0,1058298809.5238094,1.74,4390778807.294244,4.15,13.95,7.96,11.23,19.19,46.6,79.64,57.89,78.0,0.74,0.6,1.02,0.12,14,1.24,32
6461,益得,生技醫療業,-2.52,111107000.0,0.0,0.0,161361090.9090909,0.0,0.0,0.0,0.0,0.0,0.0,0.0,0.0,16.2,0.0,0.0,0.0,17.58,70,22.22,11
5324,士開,建材營造,-0.05,1340608000.0,0.0,0.0,864422243.2352182,0.0,49.7,143.77,10.67,154.44,0.0,0.0,0.0,12.15,0.0,0.0,0.0,4.88,57,9.87,8
5315,光聯,光電業,1.89,2009859000.0,1063417460.3174604,0.88,1862868943.9240408,1.75,18.81,21.02,11.63,32.65,20.35,57.14,32.92,22.5,1.46,0.9,2.54,26.11,181,7.25,175
5312,寶島科,生技醫療業,6.41,4132651000.0,644719344.773791,2.93,4654106025.589748,7.22,15.04,8.9,12.38,21.28,89.38,153.64,108.6,95.6,1.14,0.93,1.61,7.14,183,3.47,4
5310,天剛,資訊服務業,0.52,992000.0,1907692.3076923075,0.13,519118.64406779665,0.27,50.97,339.97,12.89,352.86,3.48,95.27,13.76,23.8,0.58,0.15,4.0,39.03,65,0.0,0
6462,神盾,半導體業,-17.52,5125214000.0,0.0,0.0,8924638609.087011,0.0,0.0,0.0,0.0,0.0,0.0,0.0,0.0,116.0,0.0,0.0,0.0,19.37,42,62.01,145
6449,鈺邦,電子工業,7.38,4375999000.0,592953794.0379404,3.45,5502945524.05129,9.28,27.25,38.8,14.65,53.45,135.95,496.02,252.86,371.0,0.68,0.37,1.34,60.42,41,113.53,125
6451,訊芯-KY,半導體業,0.26,7574127000.0,29131257692.30769,0.1,6479247646.386472,0.22,482.32,1941.76,62.09,2003.85,13.66,440.85,106.11,666.0,0.16,0.02,0.66,52.49,22,38.55,70
5309,系統電,電子零組件業,0.27,3337464000.0,12360977777.777777,0.12,3497757741.881102,0.28,179.57,596.9,26.43,623.33,7.4,174.53,50.28,74.3,0.68,0.1,2.35,41.51,173,118.08,98
6456,GIS-KY,光電業,-0.8,67852571000.0,0.0,0.0,62505465462.772285,0.0,207.29,420.89,77.61,498.5,0.0,0.0,0.0,82.5,0.0,0.0,0.0,10.73,37,48.15,90
5302,太欣,半導體業,-0.11,18269000.0,0.0,0.0,37510359.36285937,0.0,0.0,0.0,0.0,0.0,0.0,0.0,0.0,10.7,0.0,0.0,0.0,8.68,1,47.46,69
5230,雷笛克光學,光電業,-1.34,1327863000.0,0.0,0.0,1298872579.056228,0.0,47.83,68.41,27.26,95.67,0.0,0.0,0.0,18.35,0.0,0.0,0.0,6.17,26,2.17,4
5213,亞昕,建材營造,3.14,17240512000.0,5490608917.197452,1.85,11201945130.558123,2.04,16.17,32.49,7.12,39.61,14.52,80.8,33.0,26.8,1.23,0.54,3.01,21.07,55,0.77,1
5227,立凱-KY,電子零組件業,0.18,402313000.0,2235072222.2222223,0.04,127821582.78543371,0.06,40.25,129.92,9.49,139.41,0.57,8.36,2.42,25.2,0.1,0.02,0.33,10.75,173,19.72,90
6573,虹揚-KY,半導體業,1.23,865246000.0,703452032.5203252,0.43,649766461.1659445,0.92,14.15,9.73,9.84,19.57,9.05,18.0,13.02,16.1,0.81,0.56,1.12,27.27,139,64.73,158
6574,霈方,生技醫療業,6.82,603419000.0,88477859.23753665,3.81,785834843.1995926,8.88,17.69,22.97,10.44,33.41,92.71,296.68,157.11,112.5,1.4,0.82,2.64,11.88,177,5.79,18
6576,逸達,生技醫療業,-5.7,432261000.0,0.0,0.0,343752390.18596554,0.0,0.0,0.0,0.0,0.0,0.0,0.0,0.0,77.2,0.0,0.0,0.0,2.68,2,32.3,162
4973,廣穎,半導體業,2.1,4298725000.0,2047011904.7619047,1.58,6961291099.8244295,3.4,26.69,75.4,7.69,83.09,26.15,282.51,90.75,171.5,0.53,0.15,1.65,1.61,15,50.56,165
6570,維田,電腦及週邊設備業,1.29,904252000.0,700970542.6356589,0.6,1042813433.6170224,1.49,32.07,29.1,18.0,47.1,26.82,70.18,47.78,58.4,0.82,0.46,1.2,32.73,78,18.22,96
6577,勁豐,電腦及週邊設備業,5.64,2033734000.0,360591134.75177306,2.5,2146053456.3603966,5.95,14.08,13.76,9.63,23.39,57.3,139.17,83.78,82.2,1.02,0.7,1.69,27.72,41,1.56,13
4971,IET-KY,半導體業,1.61,1057201000.0,656646583.8509316,0.84,1309751297.2420192,1.99,295.93,401.76,126.72,528.48,252.17,1051.68,588.91,670.0,0.88,0.38,1.57,62.88,175,124.39,183
6578,達邦蛋白,農業科技業,-0.96,296987000.0,0.0,0.0,362634007.8106257,0.0,163.66,138.88,94.12,233.0,0.0,0.0,0.0,17.0,0.0,0.0,0.0,11.56,33,44.76,77
4968,立積,電子工業,2.65,3747771000.0,1414253207.54717,1.34,3987426885.132146,2.82,228.37,840.62,37.16,877.78,104.79,2475.34,644.01,113.5,5.67,0.92,21.81,32.26,16,33.73,126
4967,十銓,電子工業,13.07,17964831000.0,1374508875.2869165,11.06,35725163308.28858,25.99,23.59,77.79,6.59,84.38,171.27,2193.04,613.03,279.0,2.2,0.61,7.86,37.69,9,101.08,158
4972,湯石照明,光電業,-1.84,937469000.0,0.0,0.0,955906820.3621032,0.0,37.99,26.17,28.45,54.62,0.0,0.0,0.0,16.95,0.0,0.0,0.0,1.61,41,1.81,118
6579,研揚,電子工業,5.62,8420480000.0,1498306049.822064,2.69,10201194213.303793,6.81,27.96,26.03,18.48,44.51,125.85,303.11,190.39,162.5,1.17,0.77,1.87,0.0,0,13.6,134
4974,亞泰,電子零組件業,5.15,3807147000.0,739251844.6601942,2.57,3457606681.045157,4.68,13.91,12.97,10.29,23.26,48.16,108.86,65.12,77.2,0.84,0.62,1.41,64.85,100,1.26,74
6568,宏觀,半導體業,4.02,1114929000.0,277345522.38805974,2.46,1331151014.959724,4.8,47.56,75.14,22.21,97.35,106.61,467.28,228.31,203.0,1.12,0.53,2.3,2.08,12,39.34,29
6552,易華電,電子工業,-14.35,1499491000.0,0.0,0.0,975825508.4974064,0.0,100.92,179.95,45.05,225.0,0.0,0.0,0.0,32.9,0.0,0.0,0.0,25.65,13,20.6,75
6556,勝品,光電業,6.78,1395819000.0,205873008.84955752,3.08,1499133674.497071,7.28,11.27,10.07,7.01,17.08,51.03,124.34,82.06,72.5,1.13,0.7,1.72,21.74,84,0.0,0
6558,興能高,其他電子業,-1.02,1090534000.0,0.0,0.0,958369116.2045926,0.0,2206.61,5579.29,150.71,5730.0,0.0,0.0,0.0,33.2,0.0,0.0,0.0,82.27,183,21.14,22
4977,眾達-KY,通信網路業,4.5,1117417000.0,248314888.8888889,1.32,765284227.6353817,3.08,88.15,432.46,17.54,450.0,54.02,1386.0,271.49,200.5,1.35,0.27,6.91,102.59,183,55.68,95
6569,醫揚,生技醫療業,2.87,1353898000.0,471741463.4146341,1.28,1395857787.654287,2.96,32.32,26.76,23.24,50.0,68.79,148.0,95.66,111.5,0.86,0.62,1.33,42.71,56,34.47,88
4976,佳凌,電子工業,-1.88,1036181000.0,0.0,0.0,1005906441.3448833,0.0,0.0,0.0,0.0,0.0,0.0,0.0,0.0,33.7,0.0,0.0,0.0,26.45,33,109.47,91
6560,欣普羅,光電業,-0.16,161431000.0,0.0,0.0,267467649.93583664,0.0,481.51,33.13,467.5,500.63,0.0,0.0,0.0,40.05,0.0,0.0,0.0,48.54,23,12.09,90
6561,是方,通信網路業,15.74,3936025000.0,250065120.7115629,6.57,4014221518.8278494,16.05,29.45,22.93,19.87,42.8,318.91,686.94,472.64,358.5,1.32,0.89,1.92,53.28,86,8.56,75
4966,譜瑞-KY,半導體業,34.66,16412645000.0,473532746.6820543,17.0,16243431638.37813,34.3,20.89,18.75,13.43,32.18,460.65,1103.77,716.53,736.0,0.97,0.63,1.5,11.9,14,53.74,105
4952,凌通,半導體業,1.02,2122460000.0,2080843137.254902,0.49,2333536021.7249007,1.12,28.41,36.79,15.15,51.94,16.97,58.17,31.82,49.4,0.64,0.34,1.18,10.23,7,7.28,104
6590,普鴻,資訊服務業,5.48,672156000.0,122656204.37956204,2.28,677461201.8104501,5.52,14.28,6.22,11.82,18.04,65.25,99.58,78.85,66.5,1.19,0.98,1.5,0.0,0,18.87,75
4951,精拓科,半導體業,5.98,539613000.0,90236287.62541805,2.43,558305124.744183,6.19,16.54,15.33,11.04,26.37,68.34,163.23,102.37,113.0,0.91,0.6,1.44,3.08,2,27.01,81
6591,動力-KY,電子工業,5.37,1730676000.0,322286033.51955307,1.66,1277763359.8314202,3.96,15.89,10.19,11.1,21.29,43.96,84.31,62.92,57.8,1.09,0.76,1.46,0.94,1,37.48,85
4949,有成精密,電子工業,1.91,2370766000.0,1241238743.4554975,1.05,3141635025.821553,2.53,27.94,48.2,7.33,55.53,18.54,140.49,70.68,93.9,0.75,0.2,1.5,10.09,28,10.91,12
6592A,和潤企業甲特,其他,0.0,0.0,0.0,0.0,0.0,0.0,0.0,0.0,0.0,0.0,0.0,0.0,0.0,97.5,0.0,0.0,0.0,0.71,26,0.0,0
6592B,和潤企業乙特,其他,0.0,0.0,0.0,0.0,0.0,0.0,0.0,0.0,0.0,0.0,0.0,0.0,0.0,97.6,0.0,0.0,0.0,0.94,183,1.02,111
6593,台灣銘板,資訊服務業,-2.06,428382000.0,0.0,0.0,388133665.4668332,0.0,88.02,117.8,46.3,164.1,0.0,0.0,0.0,35.45,0.0,0.0,0.0,6.73,2,20.25,22
4946,辣椒,文化創意業,3.13,342106000.0,109299041.53354633,1.09,256603787.9478231,2.35,675.06,1566.88,33.12,1600.0,77.83,3760.0,1586.4,109.5,14.49,0.71,34.34,12.36,21,3.37,4
6592,和潤企業,其他,4.73,23894153000.0,5051617970.4016905,1.92,22657386755.50545,4.49,16.53,10.0,12.11,22.11,54.37,99.27,74.2,65.0,1.14,0.84,1.53,9.55,37,2.4,4
6589,台康生技,生技醫療業,-2.52,985778000.0,0.0,0.0,1293611006.302913,0.0,0.0,0.0,0.0,0.0,0.0,0.0,0.0,44.35,0.0,0.0,0.0,21.37,27,29.18,162
4953,緯軟,資訊服務業,8.45,11343751000.0,1342455739.6449704,4.33,14691846185.816353,10.94,16.19,9.64,12.53,22.17,137.08,242.54,177.15,143.0,1.24,0.96,1.7,2.59,15,32.18,182
4956,光鋐,光電業,-0.8,1359151000.0,0.0,0.0,1500073773.1739535,0.0,0.0,0.0,0.0,0.0,0.0,0.0,0.0,42.85,0.0,0.0,0.0,116.27,140,12.4,7
4961,天鈺,電子工業,9.65,18325723000.0,1899038652.8497407,4.96,17277960713.492214,9.1,13.92,10.61,10.85,21.46,98.74,195.29,126.68,168.5,0.75,0.59,1.16,8.99,15,6.09,22
4960,誠美材,電子工業,-2.59,8612063000.0,0.0,0.0,7894976304.619827,0.0,0.0,0.0,0.0,0.0,0.0,0.0,0.0,32.6,0.0,0.0,0.0,19.13,37,14.34,75
6582,申豐,橡膠工業,-0.4,916756000.0,0.0,0.0,345374275.58044475,0.0,339.02,717.53,30.47,748.0,0.0,0.0,0.0,32.15,0.0,0.0,0.0,43.44,33,0.39,4
4958,臻鼎-KY,電子零組件業,6.87,178946617000.0,26047542503.63901,3.51,201507374678.21692,7.74,20.11,68.37,8.92,77.29,69.04,598.22,155.62,504.0,0.31,0.14,1.19,29.96,42,85.38,85
6584,南俊國際,電子零組件業,5.59,2355997000.0,421466368.51520574,3.96,3699945538.6044555,8.78,93.14,219.2,38.1,257.3,334.52,2259.09,817.73,650.0,1.26,0.51,3.48,15.37,34,178.32,181
6585,鼎基,其他,5.64,2856943000.0,506550177.30496454,2.65,2726382129.6726103,5.38,15.54,16.54,9.6,26.14,51.65,140.63,83.62,112.0,0.75,0.46,1.26,10.43,22,0.78,1
6588,東典光電,通信網路業,-1.76,169790000.0,0.0,0.0,381713495.19552726,0.0,0.0,0.0,0.0,0.0,0.0,0.0,0.0,109.0,0.0,0.0,0.0,40.65,183,46.95,181
5228,鈺鎧,電子零組件業,-0.21,518941000.0,0.0,0.0,802125435.7460176,0.0,61.85,33.46,45.4,78.86,0.0,0.0,0.0,69.4,0.0,0.0,0.0,2.91,43,0.0,0
6550,北極星藥業-KY,化學生技醫療,-5.1,42866000.0,0.0,0.0,97210303.36956522,0.0,0.0,0.0,0.0,0.0,0.0,0.0,0.0,13.4,0.0,0.0,0.0,4.16,26,6.99,6
5212,凌網,資訊服務業,4.75,1290950000.0,271778947.3684211,2.05,1431729736.1234946,5.27,14.42,12.37,9.55,21.92,50.33,115.52,76.01,46.15,1.65,1.09,2.5,0.0,0,22.63,165
5211,蒙恬,資訊服務業,-0.77,210612000.0,0.0,0.0,298289616.4109024,0.0,0.0,0.0,0.0,0.0,0.0,0.0,0.0,19.3,0.0,0.0,0.0,3.68,8,39.91,97
6526,達發,半導體業,17.32,20994770000.0,1212169168.591224,7.41,22020766962.807655,18.17,42.56,83.78,23.79,107.57,432.26,1954.55,773.4,669.0,1.16,0.65,2.92,14.08,13,14.62,36
5210,寶碩,資訊服務業,0.73,272289000.0,372998630.1369863,0.34,285268115.003638,0.76,45.09,49.68,28.1,77.78,21.36,59.11,34.27,29.9,1.15,0.71,1.98,1.16,2,17.27,5
6525,捷敏-KY,電子工業,5.87,5291971000.0,901528279.3867121,3.22,6011775537.7954035,6.67,14.57,11.25,10.83,22.08,72.24,147.27,97.17,121.0,0.8,0.6,1.22,18.88,140,29.43,138
6527,明達醫,生技醫療業,5.81,932292000.0,160463339.070568,2.17,837074515.4743366,5.22,16.86,11.06,11.52,22.58,60.13,117.87,88.0,71.3,1.23,0.84,1.65,9.87,114,8.79,4
6530,創威,通信網路業,1.95,324182000.0,166247179.4871795,1.1,382965883.7728523,2.3,39.17,45.14,23.32,68.46,53.64,157.46,90.09,109.5,0.82,0.49,1.44,76.29,124,42.31,85
6531,愛普*,半導體業,7.73,5290540000.0,684416558.8615782,5.43,10636136925.670013,15.54,51.81,104.98,19.86,124.84,308.62,1940.01,805.09,1010.0,0.8,0.31,1.92,11.2,29,45.06,176
5203,訊連,電子工業,3.63,2427908000.0,668845179.0633609,1.72,2416038259.228692,3.61,27.63,29.82,16.71,46.53,60.32,167.97,99.75,71.8,1.39,0.84,2.34,12.5,42,0.87,1
6532,瑞耘,半導體業,7.31,682690000.0,93391244.87004104,3.9,663990081.558278,7.11,16.75,15.57,7.91,23.48,56.24,166.94,119.1,96.7,1.23,0.58,1.73,35.64,35,22.15,32
5206,坤悅,建材營造,3.84,3769600000.0,981666666.6666667,2.21,4468754508.353735,4.55,16.49,69.72,4.31,74.03,19.61,336.84,75.03,23.6,3.18,0.83,14.27,42.86,57,4.92,6
6523,達爾膚,生技醫療業,7.78,1155609000.0,148535861.1825193,2.86,1005484360.6343523,6.77,14.13,5.47,11.91,17.38,80.63,117.66,95.66,98.8,0.97,0.82,1.19,0.0,0,0.0,0
5225,東科-KY,電子工業,10.26,11240635000.0,1095578460.0389864,4.35,10016705778.34472,9.14,9.92,10.22,6.47,16.69,59.14,152.55,90.69,74.9,1.21,0.79,2.04,37.18,84,30.61,74
6510,精測,半導體業,30.41,4865930000.0,160010851.69352186,17.59,5682678722.444727,35.51,94.49,176.78,30.64,207.42,1088.03,7365.48,3355.29,3300.0,1.02,0.33,2.23,98.7,183,129.44,117
5223,安力-KY,電腦及週邊設備業,-0.67,1919124000.0,0.0,0.0,1934730053.566485,0.0,279.84,86.51,236.82,323.33,0.0,0.0,0.0,26.35,0.0,0.0,0.0,0.52,8,3.16,5
6512,啟發電,其他電子類,-0.78,191934000.0,0.0,0.0,100533865.54604103,0.0,0.0,0.0,0.0,0.0,0.0,0.0,0.0,19.85,0.0,0.0,0.0,0.0,0,9.91,1
6515,穎崴,半導體業,46.93,7384564000.0,157352738.12060517,31.13,10606408971.742897,67.41,69.62,211.7,20.85,232.55,1405.5,15676.2,4692.83,8425.0,0.56,0.17,1.86,64.18,103,159.63,176
5215,科嘉-KY,電子工業,2.04,2592010000.0,1270593137.254902,1.05,3408925481.872432,2.68,15.13,15.19,8.69,23.88,23.29,64.0,40.54,48.4,0.84,0.48,1.32,5.17,33,3.31,158
5222,全訊,電子工業,2.63,995074000.0,378355133.07984793,0.95,777649922.52287,2.06,33.67,55.49,18.84,74.33,38.81,153.12,69.36,121.5,0.57,0.32,1.26,5.9,43,50.7,92
6516,勤崴國際,資訊服務業,1.52,526545000.0,346411184.2105263,0.99,670782418.3632764,1.94,51.35,37.08,30.72,67.8,59.6,131.53,99.62,60.2,1.65,0.99,2.18,1.8,42,0.0,0
5220,萬達光電,光電業,-0.65,688288000.0,0.0,0.0,841842223.6521635,0.0,63.39,80.95,27.3,108.25,0.0,0.0,0.0,23.0,0.0,0.0,0.0,2.23,21,14.47,75
6517,保勝光學,光電業,1.62,491220000.0,303222222.2222222,0.59,415715182.0060328,1.37,27.34,37.06,14.66,51.72,20.08,70.86,37.45,69.3,0.54,0.29,1.02,18.76,110,12.24,4
6533,晶心科,半導體業,-8.19,1432983000.0,0.0,0.0,1767996013.1476824,0.0,7806.98,3312.5,6025.0,9337.5,0.0,0.0,0.0,221.5,0.0,0.0,0.0,3.21,19,20.11,110
5202,力新,資訊服務業,-0.62,164862000.0,0.0,0.0,127043090.98284185,0.0,10.8,14.71,5.18,19.89,0.0,0.0,0.0,15.75,0.0,0.0,0.0,66.67,141,5.65,7
4994,傳奇,資訊服務業,1.96,1182743000.0,603440306.122449,1.03,1207574787.9242637,2.0,32.37,43.57,19.25,62.82,38.5,125.64,64.74,87.6,0.74,0.44,1.43,0.0,0,7.44,111
6541,泰福-KY,化學生技醫療,-6.21,381342000.0,0.0,0.0,1551881279.4459627,0.0,0.0,0.0,0.0,0.0,0.0,0.0,0.0,41.9,0.0,0.0,0.0,83.25,86,18.51,131
6542,隆中,文化創意業,0.02,861299000.0,43064950000.0,0.01,1055547897.1327577,0.02,451.72,2830.91,19.09,2850.0,0.38,57.0,9.03,47.3,0.19,0.01,1.21,23.81,183,2.06,19
4991,環宇-KY,半導體業,0.16,2159582000.0,13497387500.0,0.09,3124320973.665876,0.23,1585.19,4694.71,265.29,4960.0,61.02,1140.8,364.59,654.0,0.56,0.09,1.74,156.53,182,137.01,148
4989,榮科,電子零組件業,-3.48,2536276000.0,0.0,0.0,4353316889.58454,0.0,0.0,0.0,0.0,0.0,0.0,0.0,0.0,90.9,0.0,0.0,0.0,0.59,33,209.32,161
6547,高端疫苗,生技醫療業,-0.85,607793000.0,0.0,0.0,584588017.6290293,0.0,0.0,0.0,0.0,0.0,0.0,0.0,0.0,48.7,0.0,0.0,0.0,11.05,26,3.22,1
4979,華星光,通信網路業,5.43,4315580000.0,794766114.1804788,2.55,4855572663.483743,6.11,51.57,109.5,22.73,132.23,138.88,807.93,315.09,596.0,0.53,0.23,1.36,59.93,183,50.16,183
6548,長科*,半導體業,1.63,13288729000.0,8152594478.527608,0.94,15961793218.399252,1.96,23.17,45.41,14.41,59.82,28.24,117.25,45.41,89.7,0.51,0.31,1.31,2.51,111,48.6,160
6546,正基,通信網路業,2.73,2312100000.0,846923076.923077,1.09,2115827897.8719363,2.5,32.37,34.88,21.3,56.18,53.25,140.45,80.93,77.1,1.05,0.69,1.82,42.04,111,3.15,6
4995,晶達,光電業,2.24,1255787000.0,560619196.4285713,1.07,1390338668.075915,2.48,17.0,12.97,11.02,23.99,27.33,59.5,42.15,46.15,0.91,0.59,1.29,39.41,37,1.74,5
6538,倉和,電子零組件業,1.15,1483039000.0,1289599130.4347827,0.52,1154359220.6435907,0.9,22.96,127.37,8.63,136.0,7.77,122.4,20.66,123.0,0.17,0.06,1.0,10.74,27,0.91,1
5201,凱衛,資訊服務業,-0.05,301274000.0,0.0,0.0,258411750.48692653,0.0,32.95,84.2,14.87,99.07,0.0,0.0,0.0,29.2,0.0,0.0,0.0,1.22,84,31.45,119
5016,松和,鋼鐵工業,1.51,2055226000.0,1361076821.192053,0.62,2037590019.3770015,1.5,17.79,11.33,13.58,24.91,20.37,37.36,26.69,25.55,1.04,0.8,1.46,0.35,14,0.37,12
5015,華祺,鋼鐵工業,0.06,1529230000.0,25487166666.666668,0.02,1104363880.6042137,0.04,81.14,442.09,12.91,455.0,0.52,18.2,3.25,24.3,0.13,0.02,0.75,5.53,26,5.92,28
5014,建錩,鋼鐵工業,-2.36,14745203000.0,0.0,0.0,16502390533.954899,0.0,23.01,36.9,9.32,46.22,0.0,0.0,0.0,11.4,0.0,0.0,0.0,17.46,121,0.0,0
5013,強新,鋼鐵工業,1.45,7819837000.0,5392991034.4827585,0.62,7768552999.767907,1.44,18.8,7.71,15.99,23.7,23.03,34.13,27.07,0.0,0.0,0.0,0.0,0.86,42,15.88,119
5011,久陽,鋼鐵工業,-1.61,5105270000.0,0.0,0.0,4261096535.593885,0.0,16.82,16.03,12.09,28.12,0.0,0.0,0.0,18.7,0.0,0.0,0.0,8.45,71,0.0,0
5009,榮剛,鋼鐵工業,2.2,11632507000.0,5287503181.818181,0.92,11099974950.59486,2.1,12.55,11.77,7.95,19.72,16.7,41.41,26.35,37.25,0.71,0.45,1.11,3.27,15,0.6,7
5007,三星,鋼鐵工業,3.02,6183145000.0,2047399006.6225166,1.28,5866223570.143594,2.87,16.81,8.48,14.05,22.53,40.32,64.66,48.25,57.1,0.85,0.71,1.13,3.33,58,3.16,183
6535,順藥,生技醫療業,-2.06,40430000.0,0.0,0.0,28086327.433628317,0.0,0.0,0.0,0.0,0.0,0.0,0.0,0.0,115.0,0.0,0.0,0.0,104.22,145,84.39,103
4999,鑫禾,電子零組件業,-1.68,1927284000.0,0.0,0.0,1864060353.997968,0.0,89.8,193.79,23.4,217.19,0.0,0.0,0.0,21.65,0.0,0.0,0.0,4.38,139,18.8,67
5434,崇越,電子工業,21.8,66554106000.0,3052940642.2018347,10.41,78279520498.92036,25.64,15.9,9.61,10.97,20.58,281.27,527.67,407.69,458.5,0.89,0.61,1.15,18.44,159,31.02,151
5471,松翰,電子工業,0.72,2689883000.0,3735948611.111111,0.44,3207210003.419533,0.86,43.34,40.29,27.66,67.95,23.79,58.44,37.27,51.2,0.73,0.46,1.14,3.79,33,16.6,103
6213,聯茂,電子工業,4.16,32363618000.0,7779715865.384615,2.52,39595018266.206665,5.09,35.83,52.16,21.31,73.47,108.47,373.96,182.36,254.5,0.72,0.43,1.47,25.58,30,55.68,85
6214,精誠,資訊服務業,7.9,43098943000.0,5455562405.063291,3.8,53186091013.590096,9.75,18.2,11.33,12.79,24.12,124.7,235.17,177.43,144.5,1.23,0.86,1.63,14.86,183,17.83,126
6215,和椿,其他電子業,2.09,2411631000.0,1153890430.6220098,1.2,3876149586.1585803,3.36,56.2,60.9,28.53,89.43,95.86,300.48,188.84,118.0,1.6,0.81,2.55,24.56,112,44.91,69
6124,業強,電子零組件業,-0.98,1808813000.0,0.0,0.0,2011284286.2889545,0.0,0.0,0.0,0.0,0.0,0.0,0.0,0.0,33.5,0.0,0.0,0.0,18.63,138,28.97,40
6122,擎邦,電機機械,4.78,4104869000.0,858759205.0209205,1.92,3994639246.089361,4.65,10.48,6.05,8.27,14.32,38.46,66.59,48.72,48.6,1.0,0.79,1.37,3.75,68,6.21,46
6216,居易,通信網路業,0.61,760941000.0,1247444262.295082,0.2,530860719.1098883,0.43,40.87,390.79,10.04,400.83,4.32,172.36,17.57,23.6,0.74,0.18,7.3,31.44,147,0.0,0
6121,新普,電腦及週邊設備業,30.6,80560816000.0,2632706405.228758,15.27,85320954332.08722,32.41,12.53,4.68,10.08,14.76,326.69,478.37,406.17,422.5,0.96,0.77,1.13,5.67,21,13.74,61
6120,達運,電子工業,-0.19,17216314000.0,0.0,0.0,15630711805.325283,0.0,40.53,33.93,24.61,58.54,0.0,0.0,0.0,15.3,0.0,0.0,0.0,5.81,30,13.0,133
6126,信音,電子零組件業,0.72,3836487000.0,5328454166.666667,0.41,5450384036.369663,1.02,30.73,33.41,19.03,52.44,19.41,53.49,31.35,42.5,0.74,0.46,1.26,17.39,37,38.91,126
6118,建達,電子通路業,0.4,9901791000.0,24754477500.0,0.17,10549240495.70673,0.43,41.56,60.83,25.3,86.13,10.88,37.04,17.87,17.9,1.0,0.61,2.07,11.48,41,63.46,84
6127,九豪,電子零組件業,0.46,978519000.0,2127215217.3913043,0.2,956708379.5524384,0.45,147.96,339.11,32.56,371.67,14.65,167.25,66.58,75.6,0.88,0.19,2.21,39.69,33,61.52,138
6128,上福,電腦及週邊設備業,-9.56,5257403000.0,0.0,0.0,5058578538.865681,0.0,11.76,3.76,10.18,13.94,0.0,0.0,0.0,20.8,0.0,0.0,0.0,0.0,0,0.0,0
6204,艾華,電子零組件業,1.18,380189000.0,322194067.7966102,0.51,392355543.23307097,1.22,46.77,106.35,6.41,112.76,7.82,137.57,57.06,110.5,0.52,0.07,1.24,7.17,30,33.87,147
6205,詮欣,電子工業,2.0,1369150000.0,684575000.0,0.72,1124625605.7856843,1.64,28.2,39.49,14.8,54.29,24.27,89.04,46.24,82.1,0.56,0.3,1.08,8.18,29,0.0,0
6133,金橋,電子零組件業,0.73,1370459000.0,1877341095.890411,0.32,1545548681.9936855,0.82,44.33,81.44,18.56,100.0,15.22,82.0,36.35,24.15,1.51,0.63,3.4,72.73,145,40.77,76
6206,飛捷,電子工業,6.9,5108829000.0,740410000.0,3.44,5714333270.007688,7.72,15.88,17.18,11.81,28.99,91.17,223.8,122.56,141.5,0.87,0.64,1.58,1.5,30,23.79,41
6207,雷科,電子零組件業,0.9,1250009000.0,1388898888.8888888,0.35,971313469.1462015,0.7,43.68,226.12,16.74,242.86,11.72,170.0,30.58,144.5,0.21,0.08,1.18,27.98,30,73.2,83
6130,上亞科技,生技醫療業,-1.72,155618000.0,0.0,0.0,159416555.55555555,0.0,0.0,0.0,0.0,0.0,0.0,0.0,0.0,22.1,0.0,0.0,0.0,40.38,41,34.71,29
6209,今國光,光電業,0.93,3477742000.0,3739507526.88172,0.53,5444735842.657688,1.46,152.31,253.12,38.73,291.85,56.55,426.1,222.38,87.9,2.53,0.64,4.85,2.04,30,128.02,175
6210,慶生,電子零組件業,-3.1,306659000.0,0.0,0.0,469420455.7095339,0.0,0.0,0.0,0.0,0.0,0.0,0.0,0.0,21.05,0.0,0.0,0.0,9.94,82,16.9,138
6129,普誠,半導體業,-1.09,1113905000.0,0.0,0.0,1502593799.156515,0.0,0.0,0.0,0.0,0.0,0.0,0.0,0.0,16.4,0.0,0.0,0.0,3.68,40,71.16,90
6212,理銘,建材營造,3.95,3083792000.0,780706835.443038,0.55,536516130.34884864,0.69,7.95,10.62,4.19,14.81,2.89,10.22,5.49,28.2,0.19,0.1,0.36,47.48,71,2.15,5
6217,中探針,電子零組件業,-1.68,3644431000.0,0.0,0.0,4716966754.177693,0.0,0.0,0.0,0.0,0.0,0.0,0.0,0.0,254.0,0.0,0.0,0.0,25.17,30,105.69,137
6218,豪勉,通信網路業,-1.14,1375342000.0,0.0,0.0,1477792917.6007626,0.0,0.0,0.0,0.0,0.0,0.0,0.0,0.0,36.8,0.0,0.0,0.0,52.34,35,21.31,34
6117,迎廣,電腦及週邊設備業,3.77,3198480000.0,848403183.0238727,1.69,3685406678.217559,4.34,27.19,39.66,15.58,55.24,67.62,239.74,117.99,83.0,1.42,0.81,2.89,0.0,0,16.2,26
6108,競國,電子零組件業,-0.88,4214668000.0,0.0,0.0,4619176196.494789,0.0,33.33,64.93,7.75,72.68,0.0,0.0,0.0,19.6,0.0,0.0,0.0,0.0,0,10.14,70
6226,光鼎,光電業,-0.28,635376000.0,0.0,0.0,586139602.6637145,0.0,0.0,0.0,0.0,0.0,0.0,0.0,0.0,13.6,0.0,0.0,0.0,12.68,33,6.96,63
6227,茂綸,電子通路業,7.54,17398028000.0,2307430769.230769,3.77,22251788928.01975,9.64,14.47,10.11,10.81,20.92,104.21,201.67,139.44,128.0,1.09,0.81,1.58,1.95,14,10.03,64
6104,創惟,半導體業,5.62,4008734000.0,713297864.7686833,2.44,4051768328.7891026,5.68,40.54,72.15,14.34,86.49,81.45,491.26,230.27,103.0,2.24,0.79,4.77,80.53,183,0.64,27
6228,全譜,電腦及週邊設備業,-0.47,49315000.0,0.0,0.0,47110104.73508185,0.0,0.0,0.0,0.0,0.0,0.0,0.0,0.0,20.85,0.0,0.0,0.0,148.93,57,0.0,0
6229,研通,半導體業,0.05,2118373000.0,42367460000.0,0.03,3005300186.7458563,0.07,291.17,1229.34,30.66,1260.0,2.15,88.2,20.38,26.95,0.76,0.08,3.27,11.9,12,1.13,5
6230,尼得科超眾,電子工業,-2.44,8921839000.0,0.0,0.0,9993827413.35948,0.0,225.06,878.84,32.92,911.76,0.0,0.0,0.0,139.0,0.0,0.0,0.0,4.06,15,28.69,109
6103,合邦,半導體業,-0.56,84771000.0,0.0,0.0,101608493.43285157,0.0,448.14,3912.23,12.77,3925.0,0.0,0.0,0.0,39.2,0.0,0.0,0.0,0.0,0,10.33,6
6231,系微,資訊服務業,6.66,1682292000.0,252596396.3963964,3.01,1812798248.5646446,7.18,46.85,60.67,27.23,87.9,195.51,631.12,336.42,312.0,1.08,0.63,2.02,54.55,139,28.32,105
6233,旺玖,半導體業,-0.16,392833000.0,0.0,0.0,356274300.44698924,0.0,163.07,503.06,46.94,550.0,0.0,0.0,0.0,24.7,0.0,0.0,0.0,7.24,16,12.07,84
6234,高僑,光電業,0.04,469080000.0,11727000000.0,0.02,598954830.206728,0.05,129.51,1225.06,14.94,1240.0,0.75,62.0,6.48,47.35,0.14,0.02,1.31,13.5,30,51.01,60
6235,華孚,電子工業,2.9,6423856000.0,2215122758.62069,1.47,7047759219.844677,3.18,19.71,16.53,12.49,29.02,39.72,92.28,62.68,44.15,1.42,0.9,2.09,11.57,27,43.98,125
6225,天瀚,電子工業,-0.06,52315000.0,0.0,0.0,38058478.29559522,0.0,45.41,14.46,39.87,54.33,0.0,0.0,0.0,23.6,0.0,0.0,0.0,8.41,12,60.34,145
6109,亞元,通信網路業,-0.94,758747000.0,0.0,0.0,972036476.72208,0.0,138.14,30.5,115.5,146.0,0.0,0.0,0.0,11.5,0.0,0.0,0.0,4.18,125,37.07,134
6224,聚鼎,電子零組件業,0.66,2917892000.0,4421048484.848485,0.27,2726569534.7937994,0.62,35.67,114.88,16.91,131.79,10.48,81.71,22.12,84.2,0.26,0.12,0.97,48.71,131,2.21,140
6116,彩晶,電子工業,-0.75,11477038000.0,0.0,0.0,11721856718.554077,0.0,0.0,0.0,0.0,0.0,0.0,0.0,0.0,18.45,0.0,0.0,0.0,3.22,16,18.02,112
6115,鎰勝,電子零組件業,2.85,7433274000.0,2608166315.7894735,1.54,8230156238.702247,3.16,16.21,5.41,13.15,18.56,41.55,58.65,51.21,49.4,1.04,0.84,1.19,6.64,29,2.32,28
6219,富旺,建材營造,-0.8,2723162000.0,0.0,0.0,3993344528.257904,0.0,17.22,26.36,4.65,31.01,0.0,0.0,0.0,12.95,0.0,0.0,0.0,30.74,57,0.0,0
6114,久威,電子零組件業,2.66,897454000.0,337388721.80451125,0.98,702854710.6464237,2.08,27.57,77.61,7.05,84.66,14.66,176.09,57.36,30.4,1.89,0.48,5.79,62.95,92,8.95,4
6203,海韻電,電子零組件業,5.51,2765536000.0,501912159.70961887,1.79,2278494442.728544,4.54,20.38,44.18,9.65,53.83,43.81,244.39,92.51,71.1,1.3,0.62,3.44,1.15,1,20.53,174
6113,亞矽,電子通路業,-0.25,646000000.0,0.0,0.0,797688560.8319395,0.0,353.56,515.93,84.07,600.0,0.0,0.0,0.0,26.2,0.0,0.0,0.0,0.0,0,3.09,6
6220,岳豐,電子零組件業,0.81,8272013000.0,10212361728.395061,0.36,8226125300.993877,0.81,26.42,47.53,10.55,58.08,8.55,47.04,21.4,33.6,0.64,0.25,1.4,19.18,173,31.0,181
6112,邁達特,資訊服務業,1.82,21632169000.0,11885807142.857143,1.04,26393299441.9515,2.22,802.47,5690.5,19.5,5710.0,43.29,12676.2,1781.48,50.0,35.63,0.87,253.52,12.3,41,13.68,34
6221,晉泰,資訊服務業,2.77,5504900000.0,1987328519.8555956,0.86,3553618900.173968,1.79,16.39,21.04,7.49,28.53,13.41,51.07,29.33,24.7,1.19,0.54,2.07,1.86,43,2.14,7
6111,光聚晶電,文化創意業,-4.62,7140131000.0,0.0,0.0,16262725964.09539,0.0,741.84,1839.4,57.27,1896.67,0.0,0.0,0.0,44.0,0.0,0.0,0.0,6.27,22,0.0,0
6222,立軒,光電業,-0.4,2936000.0,0.0,0.0,2263784.511784512,0.0,0.0,0.0,0.0,0.0,0.0,0.0,0.0,20.4,0.0,0.0,0.0,21.38,51,0.0,0
6223,旺矽,半導體業,33.49,13033582000.0,389178321.88713044,17.51,18293407225.106247,47.01,58.56,150.55,20.25,170.8,951.95,8029.31,2752.91,5765.0,0.48,0.17,1.39,79.72,183,178.53,176
6101,寬魚國際,文化創意業,-0.19,1024378000.0,0.0,0.0,2608768048.505541,0.0,125.37,196.6,46.93,243.53,0.0,0.0,0.0,41.1,0.0,0.0,0.0,6.85,77,5.21,64
6202,盛群,電子工業,0.76,3073437000.0,4043996052.631579,0.33,3239641387.0883074,0.8,164.99,433.15,58.39,491.54,46.71,393.23,131.99,55.0,2.4,0.85,7.15,6.32,33,0.0,0
6136,富爾特,通信網路業,0.88,605803000.0,688412500.0,0.44,823754268.136564,1.2,26.63,16.33,22.88,39.21,27.46,47.05,31.96,25.85,1.24,1.06,1.82,4.97,30,1.67,6
6191,精成科,電子零組件業,6.54,32161694000.0,4917690214.067278,3.21,50718332754.019936,10.31,13.82,16.45,7.97,24.42,82.17,251.77,142.53,100.5,1.42,0.82,2.51,5.93,29,79.98,90
6192,巨路,其他電子業,10.07,7144455000.0,709479145.9781529,4.84,8136077254.944997,11.47,11.22,5.97,8.4,14.37,96.35,164.82,128.69,129.0,1.0,0.75,1.28,21.6,12,13.93,85
6194,育富,電子零組件業,2.19,1398436000.0,638555251.1415526,0.84,983258887.6798096,1.54,11.49,16.18,6.89,23.07,10.61,35.53,17.7,34.25,0.52,0.31,1.04,28.32,99,11.53,137
6171,大城地產,建材營造,3.82,1222473000.0,320019109.947644,0.38,2407291463.291827,7.52,8.38,20.83,3.19,24.02,23.99,180.63,63.01,24.25,2.6,0.99,7.45,33.18,57,2.54,36
6196,帆宣,其他電子業,15.43,51843750000.0,3359931950.7453012,7.73,58281870440.32548,17.35,19.2,20.91,12.02,32.93,208.55,571.34,333.06,504.0,0.66,0.41,1.13,14.19,30,57.47,97
6170,統振,通信網路業,4.5,3183535000.0,707452222.2222222,1.9,3196863459.6004624,4.52,15.88,19.82,9.73,29.55,43.98,133.57,71.76,53.2,1.35,0.83,2.51,5.73,13,13.05,74
6169,昱泉,文化創意業,-2.43,34318000.0,0.0,0.0,4837278.654935519,0.0,0.0,0.0,0.0,0.0,0.0,0.0,0.0,14.4,0.0,0.0,0.0,15.14,21,9.64,25
6197,佳必琪,電子工業,8.67,7512846000.0,866533564.0138408,4.9,9009814506.906425,10.4,19.99,20.3,11.8,32.1,122.72,333.84,207.9,325.0,0.64,0.38,1.03,15.25,21,21.14,90
6168,宏齊,電子工業,0.05,2056765000.0,41135300000.0,0.02,2228799701.0013766,0.05,516.94,1851.37,38.63,1890.0,1.93,94.5,25.85,26.05,0.99,0.07,3.63,3.96,139,53.44,89
6167,久正,光電業,-0.03,1173851000.0,0.0,0.0,1372869603.3333635,0.0,162.23,721.44,11.06,732.5,0.0,0.0,0.0,12.0,0.0,0.0,0.0,1.2,140,15.52,4
6190,萬泰科,通信網路業,2.2,8547190000.0,3885086363.6363635,1.09,9956502338.069977,2.56,21.86,38.51,12.32,50.83,31.54,130.12,55.96,81.3,0.69,0.39,1.6,15.36,13,23.84,74
6189,豐藝,電子通路業,2.86,29937615000.0,10467697552.447554,1.19,27974643169.519108,2.67,15.53,12.83,8.54,21.37,22.8,57.06,41.46,54.3,0.76,0.42,1.05,24.58,29,10.04,43
6182,合晶,半導體業,0.08,9636039000.0,120450487500.0,0.03,10547599160.52311,0.09,694.21,2477.0,58.0,2535.0,5.22,228.15,62.48,85.5,0.73,0.06,2.67,8.56,30,69.27,138
6184,大豐電,其他,2.58,2154296000.0,834998449.612403,1.11,2219875165.572451,2.66,15.19,6.64,13.21,19.85,35.14,52.8,40.4,47.0,0.86,0.75,1.12,0.54,12,4.08,70
6180,橘子,文化創意業,-1.53,8817865000.0,0.0,0.0,8128444400.992738,0.0,17.03,52.31,5.53,57.84,0.0,0.0,0.0,43.7,0.0,0.0,0.0,4.0,180,2.16,22
6179,亞通,其他,0.05,5085287000.0,101705740000.0,0.02,4700085878.0745325,0.05,137.03,492.94,15.06,508.0,0.75,25.4,6.85,23.75,0.29,0.03,1.07,17.05,30,33.71,109
6185,幃翔,電子零組件業,0.22,532272000.0,2419418181.818182,0.11,609782262.0270412,0.25,121.65,276.4,25.27,301.67,6.32,75.42,30.41,14.35,2.12,0.44,5.26,4.28,33,7.65,146
6186,新潤,建材營造,8.46,9642257000.0,1139746690.3073285,3.37,6959091213.100693,6.11,11.66,28.3,3.83,32.13,23.4,196.31,71.21,40.85,1.74,0.57,4.81,27.07,75,14.19,89
6177,達麗,建材營造,3.83,3745752000.0,978003133.1592689,11.83,37811587525.78706,38.66,11.16,10.11,5.6,15.71,216.5,607.35,431.56,45.45,9.5,4.76,13.36,22.17,48,8.17,104
6176,瑞儀,電子工業,9.41,49402266000.0,5249975132.837407,3.82,47177809470.11014,8.99,12.39,7.73,8.83,16.56,79.38,148.87,111.37,101.0,1.1,0.79,1.47,2.09,7,9.83,7
6175,立敦,電子零組件業,2.67,4125713000.0,1545210861.423221,1.26,4470962044.981602,2.89,16.06,31.14,8.79,39.93,25.4,115.4,46.41,96.6,0.48,0.26,1.19,11.57,182,56.2,144
6174,安碁,電子零組件業,0.65,602691000.0,927216923.076923,0.3,721123852.1973985,0.78,43.25,71.13,21.67,92.8,16.9,72.38,33.73,43.7,0.77,0.39,1.66,37.61,183,20.75,137
6188,廣明,電腦及週邊設備業,3.61,9625341000.0,2666299445.9833794,1.59,8498347310.129348,3.19,31.83,25.36,21.21,46.57,67.66,148.56,101.54,84.1,1.21,0.8,1.77,2.61,30,42.39,112
6173,信昌電,電子零組件業,3.25,4034265000.0,1241312307.6923077,1.41,4452762769.610006,3.59,20.65,53.35,10.19,63.54,36.58,228.11,74.13,223.5,0.33,0.16,1.02,17.72,42,83.33,168
6166,凌華,電腦及週邊設備業,2.35,12101599000.0,5149616595.74468,1.18,14648067295.192558,2.84,254.43,1223.29,23.38,1246.67,66.4,3540.54,722.59,133.0,5.43,0.5,26.62,9.06,30,4.78,61
6144,得利影,文化創意業,-0.36,172362000.0,0.0,0.0,157618481.56326818,0.0,0.0,0.0,0.0,0.0,0.0,0.0,0.0,14.6,0.0,0.0,0.0,373.08,132,4.99,132
6143,振曜,通信網路業,6.46,8607320000.0,1332402476.7801857,2.66,9735540798.091698,7.31,19.63,15.42,13.48,28.9,98.54,211.26,143.46,95.8,1.5,1.03,2.21,15.07,85,23.08,96
6142,友勁,電子工業,-0.26,1786173000.0,0.0,0.0,1758388761.0613601,0.0,0.0,0.0,0.0,0.0,0.0,0.0,0.0,8.71,0.0,0.0,0.0,37.46,145,20.93,92
6199,天品,其他,0.32,226939000.0,709184375.0,0.54,2156044025.607403,3.04,224.14,602.69,52.57,655.26,159.81,1991.99,681.39,90.1,7.56,1.77,22.11,270.05,182,28.35,95
6141,柏承,電子零組件業,-4.65,1834584000.0,0.0,0.0,1845303311.553706,0.0,0.0,0.0,0.0,0.0,0.0,0.0,0.0,38.5,0.0,0.0,0.0,7.44,33,28.7,71
6201,亞弘電,其他電子業,3.71,3442014000.0,927766576.819407,1.32,2846462044.7294164,3.07,12.79,4.6,10.9,15.5,33.46,47.58,39.27,49.0,0.8,0.68,0.97,1.88,33,7.45,57
6140,訊達,資訊服務業,-2.01,2476215000.0,0.0,0.0,1666161362.0957568,0.0,37.58,34.25,21.76,56.01,0.0,0.0,0.0,23.2,0.0,0.0,0.0,15.13,15,16.67,39
6139,亞翔,電子工業,30.49,70821098000.0,2322764775.336176,16.53,131056439788.55377,56.42,17.53,19.32,9.46,28.78,533.73,1623.77,989.02,808.0,1.22,0.66,2.01,28.19,29,77.78,154
6138,茂達,半導體業,13.04,7357134000.0,564197392.6380368,7.06,8424373841.018158,14.93,19.6,14.37,12.74,27.11,190.21,404.75,292.64,323.5,0.9,0.59,1.25,5.81,8,50.93,151
6596,寬宏藝術,文化創意業,18.83,3139203000.0,166712851.8321827,5.9,4849010821.446796,29.09,11.78,17.67,5.06,22.73,147.2,661.22,342.59,97.1,3.53,1.52,6.81,7.34,86,39.84,88
6146,耕興,其他電子類,10.78,4489524000.0,416467903.5250464,5.76,4814923558.870917,11.56,16.11,9.58,12.56,22.14,145.19,255.94,186.24,220.5,0.84,0.66,1.16,2.53,42,9.83,97
6147,頎邦,半導體業,3.73,21413608000.0,5740913672.922252,1.7,24082216871.36591,4.19,16.33,79.71,9.62,89.33,40.31,374.29,68.41,270.0,0.25,0.15,1.39,0.87,7,0.8,5
6148,驊宏資,資訊服務業,1.36,968037000.0,711791911.7647058,0.36,564003492.9113549,0.79,28.15,37.09,11.95,49.04,9.44,38.74,22.24,35.0,0.64,0.27,1.11,4.19,41,0.0,0
6164,華興,電子工業,0.07,754335000.0,10776214285.714285,0.04,649951307.5108625,0.06,95.18,661.32,16.18,677.5,0.97,40.65,5.71,13.1,0.44,0.07,3.1,9.49,30,0.84,1
6161,捷波,電腦及週邊設備業,2.71,1391277000.0,513386346.86346865,1.12,1633222108.1225035,3.18,16.25,12.96,11.37,24.33,36.16,77.37,51.67,53.8,0.96,0.67,1.44,0.0,0,35.01,109
6160,欣技,電腦及週邊設備業,-1.19,1229032000.0,0.0,0.0,1139534381.5816627,0.0,0.0,0.0,0.0,0.0,0.0,0.0,0.0,17.75,0.0,0.0,0.0,24.38,30,3.14,6
6158,禾昌,電子零組件業,0.11,1823143000.0,16574027272.727272,0.05,1717871314.7679794,0.1,34.42,170.8,15.56,186.36,1.56,18.64,3.44,18.15,0.19,0.09,1.03,14.01,140,4.65,74
6156,松上,電子零組件業,0.44,4962621000.0,11278684090.90909,0.21,5081440872.393848,0.45,19.5,37.91,9.65,47.56,4.34,21.4,8.78,19.35,0.45,0.22,1.11,65.23,145,7.6,42
6134,萬旭,電子零組件業,0.12,1862157000.0,15517975000.0,0.08,2773921001.559161,0.18,306.64,793.36,64.14,857.5,11.55,154.35,55.2,35.35,1.56,0.33,4.37,101.37,133,38.54,71
6155,鈞寶,電子零組件業,0.74,621894000.0,840397297.2972974,0.34,685891042.8832116,0.82,73.13,299.65,18.35,318.0,15.05,260.76,59.96,79.3,0.76,0.19,3.29,21.55,42,93.2,181
6154,順發,電子通路業,0.51,3894760000.0,7636784313.72549,0.22,4112514391.8391542,0.54,32.25,302.52,15.48,318.0,8.36,171.72,17.42,13.9,1.25,0.6,12.35,0.88,2,0.0,0
6153,嘉聯益,電子零組件業,-4.38,5515837000.0,0.0,0.0,4930258977.128044,0.0,0.0,0.0,0.0,0.0,0.0,0.0,0.0,18.5,0.0,0.0,0.0,20.8,33,47.35,139
6152,百一,電子工業,-1.47,1585496000.0,0.0,0.0,1766883939.3053439,0.0,163.16,52.0,145.5,197.5,0.0,0.0,0.0,15.8,0.0,0.0,0.0,79.55,99,19.84,61
6151,晉倫,其他電子類,1.16,1695815000.0,1461909482.7586207,0.53,1840269477.7221282,1.26,24.16,25.82,17.09,42.91,21.53,54.07,30.44,44.7,0.68,0.48,1.21,136.94,152,23.24,74
6150,撼訊,電腦及週邊設備業,2.62,7670408000.0,2927636641.221374,0.82,5882928011.270402,2.01,187.7,328.16,16.34,344.5,32.84,692.44,377.29,67.8,5.56,0.48,10.21,3.95,155,30.89,130
6425,易發,電機機械,-1.62,1408313000.0,0.0,0.0,1761615539.0751123,0.0,140.37,312.04,64.78,376.82,0.0,0.0,0.0,83.0,0.0,0.0,0.0,7.6,135,78.96,182
5515,建國,建材營造,4.48,7364521000.0,1643866294.642857,2.02,8204329238.639329,4.99,9.81,7.36,6.64,14.0,33.13,69.86,48.96,41.15,1.19,0.81,1.7,22.58,180,17.02,175
5514,三豐,建材營造,-0.14,684937000.0,0.0,0.0,672431048.7657437,0.0,77.85,121.34,40.66,162.0,0.0,0.0,0.0,13.75,0.0,0.0,0.0,8.0,55,0.0,0
6290,良維,電子零組件業,8.72,10099931000.0,1158248967.889908,3.78,10994275954.534088,9.49,18.57,33.26,9.56,42.82,90.72,406.36,176.27,350.5,0.5,0.26,1.16,12.26,40,102.55,154
6291,沛亨,半導體業,6.6,2053233000.0,311095909.0909091,3.61,3044451458.008698,9.79,28.23,70.35,8.97,79.32,87.82,776.54,276.41,606.0,0.46,0.14,1.28,3.19,9,143.79,95
5512,力麒,建材營造,0.17,6947963000.0,40870370588.23529,0.07,6597265646.451242,0.16,57.05,60.42,25.0,85.42,4.0,13.67,9.13,8.03,1.14,0.5,1.7,18.55,44,0.0,0
6292,迅德,電子零組件業,2.0,1000924000.0,500462000.0,0.96,1195896573.0845644,2.39,29.27,87.31,8.52,95.83,20.36,229.03,69.95,61.0,1.15,0.33,3.75,2.78,2,2.31,22
6294,智基,文化創意業,2.78,986608000.0,354894964.028777,1.03,839866665.7859051,2.37,20.04,29.4,10.27,39.67,24.34,94.02,47.49,28.05,1.69,0.87,3.35,5.37,63,10.31,74
5511,德昌,建材營造,10.63,10690300000.0,1005672624.6472248,4.93,13209703759.520523,13.14,8.03,3.95,5.89,9.84,77.39,129.3,105.49,73.7,1.43,1.05,1.75,1.99,28,13.68,165
5508,永信建,建材營造,3.06,2428176000.0,793521568.627451,1.98,2671533607.290534,3.37,12.72,15.44,6.23,21.67,21.0,73.03,42.87,55.9,0.77,0.38,1.31,51.6,55,3.85,6
5498,凱崴,電子零組件業,0.0,1359340000.0,0.0,0.0,2037594492.891181,0.0,546.41,78.33,509.17,587.5,0.0,0.0,0.0,61.8,0.0,0.0,0.0,8.63,42,227.25,173
5493,三聯,其他電子類,4.18,5359000000.0,1282057416.2679427,1.97,6245832215.742699,4.87,18.95,26.06,11.24,37.3,54.74,181.65,92.29,93.1,0.99,0.59,1.95,16.18,30,30.75,60
5490,同亨,電腦及週邊設備業,1.69,1522742000.0,901030769.2307693,0.93,1718057920.065534,1.91,27.67,57.81,15.33,73.14,29.28,139.7,52.86,29.15,1.81,1.0,4.79,21.22,30,30.29,99
6405,悅城,光電業,-1.27,927000.0,0.0,0.0,180092.0245398773,0.0,0.0,0.0,0.0,0.0,0.0,0.0,0.0,76.0,0.0,0.0,0.0,109.07,140,25.0,144
5489,彩富,其他電子類,2.0,1653712000.0,826856000.0,0.91,1892559553.2040405,2.29,33.12,57.17,16.19,73.36,37.08,167.99,75.83,40.45,1.87,0.92,4.15,21.16,33,8.68,26
5516,雙喜,建材營造,0.17,1938290000.0,11401705882.35294,0.1,2961612573.391531,0.26,51.11,73.52,7.73,81.25,2.01,21.12,13.29,10.8,1.23,0.19,1.96,0.0,0,1.59,1
5519,隆大,建材營造,4.96,6014678000.0,1212636693.548387,0.95,3962156420.5983133,3.27,8.39,8.57,4.52,13.09,14.78,42.8,27.42,32.7,0.84,0.45,1.31,23.93,57,0.97,1
5521,工信,建材營造,0.51,8867276000.0,17386815686.27451,0.25,10208569745.91803,0.59,126.62,652.12,15.38,667.5,9.07,393.82,74.7,10.15,7.36,0.89,38.8,3.5,57,24.39,182
6281,全國電,電子工業,3.7,18994144000.0,5133552432.432432,1.45,18646081001.766006,3.63,16.75,5.1,13.2,18.3,47.92,66.43,60.8,52.1,1.17,0.92,1.28,0.0,0,1.25,12
6282,康舒,電子工業,0.18,31582716000.0,175459533333.33334,0.09,37592232792.97534,0.21,1188.23,2880.8,99.2,2980.0,20.83,625.8,249.53,63.8,3.91,0.33,9.81,9.08,30,81.94,146
6283,淳安,其他電子業,-0.22,1845136000.0,0.0,0.0,1742268873.5238914,0.0,35.83,45.51,21.72,67.23,0.0,0.0,0.0,25.35,0.0,0.0,0.0,5.23,145,35.91,83
5531,鄉林,建材營造,-0.28,3568155000.0,0.0,0.0,296406736.24000174,0.0,66.2,131.37,34.23,165.6,0.0,0.0,0.0,8.05,0.0,0.0,0.0,6.55,2,4.75,63
5530,龍巖,其他,2.74,4023918000.0,1468583211.678832,1.22,4045493132.693382,2.75,16.73,11.74,13.31,25.05,36.6,68.89,46.02,51.6,0.89,0.71,1.34,21.85,19,5.19,39
6284,佳邦,電子零組件業,4.36,7575483000.0,1737496100.917431,1.68,7047801942.139731,4.06,15.23,31.56,8.7,40.26,35.32,163.46,61.82,111.0,0.56,0.32,1.47,19.72,36,25.92,151
6285,啟碁,通信網路業,6.4,110508716000.0,17266986875.0,2.88,115312658032.6583,6.68,20.27,34.28,12.77,47.05,85.3,314.29,135.41,292.0,0.46,0.29,1.08,5.26,16,8.79,82
5529,鉅陞,建材營造,2.02,78043000.0,38635148.51485149,35.99,4035585564.059653,104.45,10.8,6.69,7.19,13.88,751.0,1449.77,1127.57,22.7,49.67,33.08,63.87,24.26,41,1.14,11
5525,順天,建材營造,1.4,747859000.0,534185000.00000006,7.31,12809309486.718525,23.98,22.96,39.55,8.37,47.92,200.71,1149.12,550.59,22.8,24.15,8.8,50.4,24.49,55,1.84,21
5523,豐謙,建材營造,-0.08,5246000.0,0.0,0.0,5265543.3741351785,0.0,25.25,47.14,9.22,56.36,0.0,0.0,0.0,30.45,0.0,0.0,0.0,0.0,0,0.16,5
5522,遠雄,建材營造,7.45,28122985000.0,3774897315.4362416,2.56,194081033339.70816,51.41,18.74,28.22,7.32,35.54,376.32,1827.11,963.58,76.1,12.66,4.95,24.01,0.43,2,11.7,6
5520,力泰,建材營造,9.97,4226492000.0,423920962.888666,3.77,3941619546.667599,9.3,9.12,2.53,7.87,10.4,73.19,96.72,84.84,81.4,1.04,0.9,1.19,1.57,22,22.26,74
6409,旭隼,其他電子業,40.23,20524460000.0,510177976.6343525,14.84,18016303558.727905,35.31,31.18,40.93,17.59,58.52,621.1,2066.34,1101.13,928.0,1.19,0.67,2.23,40.65,111,7.19,4
6411,晶焱,半導體業,3.18,2456141000.0,772371383.6477987,1.41,2713263524.238499,3.51,22.45,23.56,12.83,36.39,45.03,127.73,78.81,99.0,0.8,0.45,1.29,7.54,37,34.85,147
5469,瀚宇博,電子工業,6.05,55369479000.0,9151980000.0,2.88,76510407281.84425,8.36,11.72,11.85,6.22,18.07,52.0,151.07,97.97,84.0,1.17,0.62,1.8,1.42,140,83.39,179
6418,詠昇,電子零組件業,0.73,770725000.0,1055787671.2328768,0.4,826553519.1972297,0.78,28.98,61.74,10.95,72.69,8.54,56.7,22.61,34.25,0.66,0.25,1.66,9.81,1,298.94,117
6419,京晨科,光電業,9.58,515303000.0,53789457.202505216,8.08,853383416.584064,15.87,13.32,25.69,6.29,31.98,99.82,507.52,211.43,140.0,1.51,0.71,3.63,20.56,2,2.78,14
5468,凱鈺,半導體業,-0.65,164049000.0,0.0,0.0,236949622.03036982,0.0,438.83,68.75,406.25,475.0,0.0,0.0,0.0,17.8,0.0,0.0,0.0,33.48,21,22.4,132
5465,富驊,電腦及週邊設備業,1.29,5633240000.0,4366852713.178294,0.39,3541698164.0361614,0.81,19.74,14.81,13.88,28.69,11.24,23.24,15.99,27.15,0.59,0.41,0.86,3.66,181,11.97,20
5464,霖宏,電子零組件業,-2.6,967415000.0,0.0,0.0,1182616774.4338171,0.0,26.9,44.96,11.64,56.6,0.0,0.0,0.0,67.6,0.0,0.0,0.0,7.38,14,0.17,4
5460,同協,電子零組件業,-0.17,234145000.0,0.0,0.0,257214670.61055362,0.0,121.06,237.16,46.59,283.75,0.0,0.0,0.0,15.05,0.0,0.0,0.0,58.74,99,29.64,77
5457,宣德,電子零組件業,2.77,24329570000.0,8783238267.148014,1.04,23400890449.326267,2.66,23.29,47.19,12.27,59.46,32.64,158.16,61.95,31.0,2.0,1.05,5.1,8.56,183,18.31,110
5455,昇益,建材營造,3.46,2170879000.0,627421676.300578,0.01,8088111.305507114,0.01,8.7,13.19,3.45,16.64,0.03,0.17,0.09,25.0,0.0,0.0,0.01,53.21,71,2.69,4
5452,佶優,其他電子類,0.33,4978088000.0,15085115151.51515,0.13,4330710740.82279,0.29,85.73,104.56,41.02,145.58,11.9,42.22,24.86,35.6,0.7,0.33,1.19,77.21,30,1.62,85
5439,高技,電子零組件業,13.74,9245672000.0,672901892.2852983,6.31,15478038101.087946,23.0,36.1,53.48,14.74,68.22,339.02,1569.06,830.36,364.5,2.28,0.93,4.3,30.81,182,91.77,179
5438,東友,電腦及週邊設備業,0.51,1315943000.0,2580280392.1568627,0.13,769831752.590548,0.3,71.64,339.58,14.59,354.17,4.38,106.25,21.49,19.8,1.09,0.22,5.37,134.81,154,45.54,112
5474,聰泰,電腦及週邊設備業,5.49,1444285000.0,263075591.98542804,1.9,1479528690.0560026,5.62,26.74,22.29,16.92,39.21,95.09,220.36,150.3,175.5,0.86,0.54,1.26,26.38,35,40.8,98
5475,德宏,電子零組件業,-0.16,829935000.0,0.0,0.0,1599394057.6495593,0.0,1269.7,232.6,1158.7,1391.3,0.0,0.0,0.0,280.5,0.0,0.0,0.0,35.23,34,260.41,181
6412,群電,電子工業,5.2,34938697000.0,6718980192.307693,2.37,31373620192.042747,4.67,15.04,10.19,10.19,20.38,47.59,95.17,70.23,97.9,0.72,0.49,0.97,3.12,2,0.0,0
5488,松普,電子零組件業,0.11,778399000.0,7076354545.454545,0.06,981759049.4148922,0.14,227.48,1095.49,24.51,1120.0,3.43,156.8,31.85,13.0,2.45,0.26,12.06,26.85,160,12.5,70
5487,通泰,半導體業,-0.53,168084000.0,0.0,0.0,143792953.28759146,0.0,0.0,0.0,0.0,0.0,0.0,0.0,0.0,27.65,0.0,0.0,0.0,37.38,107,0.3,20
6414,樺漢,電子工業,23.26,142336502000.0,6119368099.742046,13.46,161527102248.97382,26.4,15.34,9.09,10.87,19.96,286.97,526.94,405.04,384.0,1.05,0.75,1.37,6.89,34,7.95,84
6415,矽力*-KY,半導體業,6.41,18703888000.0,2917923244.929797,3.06,21818471235.497696,7.48,97.17,305.75,27.16,332.91,203.16,2490.17,726.86,582.0,1.25,0.35,4.28,20.56,124,0.52,6
5533,皇鼎,建材營造,0.56,1128405000.0,2015008928.5714283,0.28,1117333633.6017785,0.55,15.29,17.13,9.21,26.34,5.07,14.49,8.41,14.0,0.6,0.36,1.03,1.65,2,0.0,0
6416,瑞祺電通,通信網路業,4.3,4238496000.0,985696744.1860466,2.37,4320671267.970889,4.38,24.93,25.11,16.56,41.67,72.53,182.51,109.19,87.4,1.25,0.83,2.09,30.52,121,0.0,0
5484,慧友,光電業,-0.59,458727000.0,0.0,0.0,932952026.7181114,0.0,128.51,54.6,101.89,156.49,0.0,0.0,0.0,57.9,0.0,0.0,0.0,245.99,30,32.43,84
5483,中美晶,半導體業,6.71,77689163000.0,11578116691.505217,2.87,78809405250.59454,6.81,16.72,18.34,9.14,27.48,62.24,187.14,113.83,152.5,0.75,0.41,1.23,9.13,40,36.32,140
6417,韋僑,通信網路業,4.83,1577211000.0,326544720.4968944,2.32,1877284614.3964841,5.75,24.64,15.04,17.08,32.12,98.21,184.69,141.7,140.5,1.01,0.7,1.31,12.68,33,27.54,111
5478,智冠,文化創意業,7.93,6441132000.0,812248675.9142497,3.83,7509163127.8622675,9.24,16.37,16.1,11.41,27.51,105.43,254.19,151.25,104.0,1.45,1.01,2.44,2.38,22,6.34,117
5534,長虹,建材營造,6.0,9314448000.0,1552408000.0,2.35,7240691501.529431,4.66,12.63,14.38,9.68,24.06,45.11,112.12,58.86,77.4,0.76,0.58,1.45,19.43,57,1.87,36
6278,台表科,電子工業,9.39,49870351000.0,5311006496.27263,3.99,50628749588.816124,9.53,11.68,19.9,8.24,28.14,78.53,268.17,111.32,206.5,0.54,0.38,1.3,20.87,28,6.48,34
6245,立端,通信網路業,4.37,7302201000.0,1670984210.5263157,1.8,7045639423.918983,4.22,15.73,10.9,11.61,22.51,48.99,94.99,66.36,87.2,0.76,0.56,1.09,4.83,37,12.11,83
5907,大洋-KY,貿易百貨,-4.55,2793027000.0,0.0,0.0,2516212900.7335258,0.0,0.0,0.0,0.0,0.0,0.0,0.0,0.0,5.2,0.0,0.0,0.0,52.17,140,0.87,7
6246,臺龍,光電業,1.14,1619848000.0,1420919298.245614,0.39,1332360095.111469,0.94,24.45,24.04,13.07,37.11,12.29,34.88,22.98,16.1,1.43,0.76,2.17,98.01,141,41.96,81
5906,台南-KY,貿易百貨,1.0,1692931000.0,1692931000.0,0.42,1593519561.9750257,0.94,35.02,42.76,23.98,66.74,22.54,62.74,32.92,48.05,0.69,0.47,1.31,2.75,79,7.93,139
6248,沛波,鋼鐵工業,1.53,7839072000.0,5123576470.588235,0.52,5967159429.517501,1.16,10.94,13.18,5.43,18.61,6.3,21.59,12.69,18.95,0.67,0.33,1.14,8.87,114,0.39,7
5880,合庫金,金融保險,1.36,72176581000.0,53071015441.17647,0.54,74813264792.57219,1.41,19.73,6.46,16.21,22.67,22.86,31.96,27.82,23.45,1.19,0.97,1.36,6.67,57,9.56,62
5878,台名,金融業,2.86,878908000.0,307310489.5104895,1.32,884351072.9959606,2.88,17.77,8.8,13.32,22.12,38.36,63.71,51.17,39.5,1.3,0.97,1.61,1.37,63,1.43,77
5876,上海商銀,金融保險,3.06,54529641000.0,17820144117.64706,1.25,51747003170.97125,2.9,15.26,8.21,12.27,20.48,35.58,59.39,44.26,40.75,1.09,0.87,1.46,1.31,29,2.48,19
6257,矽格,半導體業,6.15,19395856000.0,3153797723.5772357,3.49,22600346943.98936,7.17,17.54,25.48,9.95,35.43,71.34,254.03,125.77,223.0,0.56,0.32,1.14,2.87,36,45.86,151
5871A,中租-KY甲特,其他,0.0,0.0,0.0,0.0,0.0,0.0,0.0,0.0,0.0,0.0,0.0,0.0,0.0,103.0,0.0,0.0,0.0,1.13,40,2.49,43
6005,群益證,金融保險,2.64,18678452000.0,7075171212.121212,1.94,39162088300.22386,5.54,11.28,5.19,8.53,13.72,47.26,76.01,62.49,45.05,1.39,1.05,1.69,6.04,19,9.42,124
5871,中租-KY,其他,11.24,97807317000.0,8701718594.30605,4.62,94816075792.62898,10.9,10.1,4.48,7.63,12.11,83.17,132.0,110.09,118.0,0.93,0.7,1.12,6.11,124,6.97,42
6015,宏遠證,金融業,0.76,1429585000.0,1881032894.7368422,0.83,8082652069.017697,4.3,61.09,274.87,7.63,282.5,32.81,1214.75,262.68,22.6,11.62,1.45,53.75,6.77,19,6.07,124
6244,茂迪,光電業,0.13,3097487000.0,23826823076.923077,0.06,3058526847.9967036,0.13,73.92,321.81,25.41,347.22,3.3,45.14,9.61,28.7,0.33,0.11,1.57,19.66,30,6.35,75
6237,驊訊,半導體業,-1.53,494260000.0,0.0,0.0,714062199.4836527,0.0,0.0,0.0,0.0,0.0,0.0,0.0,0.0,49.7,0.0,0.0,0.0,0.89,139,27.41,89
6028,公勝保經,金融業,8.27,0.0,0.0,0.0,0.0,0.0,11.23,2.87,9.97,12.84,0.0,0.0,0.0,79.8,0.0,0.0,0.0,88.72,125,5.88,34
6239,力成,半導體業,7.48,73223133000.0,9789188903.743315,4.51,98213940650.46562,10.03,18.36,36.17,8.95,45.12,89.77,452.55,184.12,338.0,0.54,0.27,1.34,9.24,40,51.67,146
6026,福邦證,金融業,1.72,1113064000.0,647130232.5581396,1.04,3586909185.030531,5.54,19.94,79.06,7.01,86.07,38.84,476.83,110.49,19.15,5.77,2.03,24.9,7.26,35,0.79,1
6024,群益期,金融保險,5.48,2946386000.0,537661678.8321167,1.85,2250058061.359764,4.18,10.35,4.81,7.71,12.52,32.23,52.33,43.27,60.4,0.72,0.53,0.87,0.65,6,1.18,7
6023,元大期,金融業,8.45,3633121000.0,429955147.9289941,4.24,4287904548.2718787,9.97,11.97,3.49,10.23,13.72,101.99,136.79,119.38,99.7,1.2,1.02,1.37,3.59,28,13.14,174
6021,美好證,金融業,3.75,2015939000.0,537583733.3333334,0.0,0.0,0.0,17.19,23.72,5.4,29.12,0.0,0.0,0.0,44.3,0.0,0.0,0.0,35.22,15,33.33,161
6020,大展證,金融業,0.38,271592000.0,714715789.4736842,0.9,2633150280484.8486,3684.19,42.81,71.59,14.5,86.09,53420.76,317171.92,157709.84,25.1,6283.26,2128.32,12636.33,3.42,34,1.33,97
6241,鑫永洋,通信網路業,-0.16,692989000.0,0.0,0.0,589511638.9201492,0.0,25.21,40.85,9.89,50.74,0.0,0.0,0.0,10.45,0.0,0.0,0.0,64.69,141,3.82,1
6242,立康,生技醫療業,2.64,587446000.0,222517424.24242422,1.04,554220112.7267964,2.49,15.99,4.42,14.11,18.53,35.13,46.14,39.82,38.35,1.04,0.92,1.2,1.95,13,1.28,1
6243,迅杰,半導體業,-0.51,651120000.0,0.0,0.0,342382704.3278306,0.0,116.25,327.87,25.77,353.64,0.0,0.0,0.0,32.5,0.0,0.0,0.0,0.0,0,0.0,0
6016,康和證,金融業,1.92,3881404000.0,2021564583.3333335,3.44,41062945779.58223,20.31,28.6,129.87,5.13,135.0,104.19,2741.85,580.85,36.0,16.13,2.89,76.16,3.98,33,16.74,124
6259,百徽,電子零組件業,0.71,459318000.0,646926760.5633804,0.41,609327340.9334346,0.94,32.24,30.95,17.94,48.89,16.86,45.96,30.31,27.3,1.11,0.62,1.68,3.1,26,5.2,62
5864,致和證,金融業,2.56,996266000.0,389166406.25,0.0,0.0,0.0,11.23,29.6,4.29,33.89,0.0,0.0,0.0,53.6,0.0,0.0,0.0,2.87,16,24.71,160
6261,久元,半導體業,4.24,4107857000.0,968834198.1132075,1.87,4469761090.826396,4.61,16.93,19.1,12.46,31.56,57.44,145.49,78.07,107.5,0.73,0.53,1.35,15.07,30,4.59,71
6272,驊陞,電子工業,3.42,688946000.0,201446198.83040935,0.0,0.0,0.0,13.35,10.09,9.84,19.93,0.0,0.0,0.0,37.7,0.0,0.0,0.0,49.73,40,15.08,88
5601,台聯櫃,航運業,0.42,93551000.0,222740476.1904762,0.18,94049649.594438,0.42,89.36,28.27,72.5,100.77,30.45,42.32,37.53,32.05,1.17,0.95,1.32,2.86,152,3.86,21
5548,安倉,建材營造,2.04,2476373000.0,1213908333.3333333,0.91,2749977598.088894,2.27,13.26,8.61,8.96,17.57,20.34,39.88,30.11,23.35,1.29,0.87,1.71,9.78,85,0.37,6
5547,久舜,建材營造,3.14,291501000.0,92834713.37579617,0.0,0.0,0.0,8.02,2.27,6.83,9.1,0.0,0.0,0.0,22.1,0.0,0.0,0.0,0.0,0,5.22,69
6274,台燿,電子零組件業,12.13,29179204000.0,2405540313.272877,9.44,51446409213.072075,21.39,33.79,110.95,12.24,123.19,261.81,2635.03,722.87,1610.0,0.45,0.16,1.64,7.27,100,133.42,176
5546,永固-KY,建材營造,-2.13,2087510000.0,0.0,0.0,858402346.5981517,0.0,171.78,18.82,160.0,178.82,0.0,0.0,0.0,17.1,0.0,0.0,0.0,0.0,0,0.16,43
6276,安鈦克,電腦及週邊設備業,0.93,1457611000.0,1567323655.9139783,0.26,880641268.5540513,0.56,43.09,23.72,32.12,55.84,17.99,31.27,24.13,27.95,0.86,0.64,1.12,0.0,0,5.85,4
5543,桓鼎-KY,建材營造,-2.51,3144157000.0,0.0,0.0,3390980004.2718053,0.0,0.0,0.0,0.0,0.0,0.0,0.0,0.0,30.0,0.0,0.0,0.0,5.12,1,48.99,183
6277,宏正,電子工業,3.08,4892149000.0,1588360064.9350648,1.4,5286873245.763881,3.33,18.23,10.75,14.17,24.92,47.19,82.98,60.71,77.1,0.79,0.61,1.08,0.0,0,0.0,0
5538,東明-KY,鋼鐵工業,3.02,12673987000.0,4196684437.0860925,1.36,13286712966.74907,3.17,15.1,23.41,8.94,32.35,28.34,102.55,47.86,35.15,1.36,0.81,2.92,22.98,121,3.92,26
5536,聖暉*,其他電子類,28.42,41109272000.0,1446490921.8859956,13.65,51420646632.71612,35.55,23.41,28.82,13.66,42.48,485.61,1510.16,832.08,1130.0,0.74,0.43,1.34,56.13,145,146.25,96
6271,同欣電,電子工業,7.64,11595081000.0,1517680759.1623037,3.13,11282813849.848837,7.43,17.71,28.42,10.23,38.65,76.01,287.17,131.57,236.5,0.56,0.32,1.21,5.26,41,18.72,151
5603,陸海,航運業,0.4,1398865000.0,3497162500.0,0.16,1284940240.926047,0.37,63.93,330.62,11.05,341.67,4.09,126.42,23.65,15.3,1.55,0.27,8.26,41.96,145,1.14,25
5607,遠雄港,航運業,2.78,4051816000.0,1457487769.7841728,1.41,5442412357.042032,3.73,20.61,12.65,14.68,27.33,54.76,101.94,76.89,53.3,1.44,1.03,1.91,11.27,43,27.25,68
6263,普萊德,通信網路業,8.32,1881342000.0,226122836.53846154,3.57,1917917983.937436,8.48,17.89,8.47,14.42,22.89,122.28,194.11,151.71,166.5,0.91,0.73,1.17,6.53,112,0.0,0
6264,富裔,建材營造,-0.5,117286000.0,0.0,0.0,126996207.97863463,0.0,164.84,36.6,154.0,190.6,0.0,0.0,0.0,6.08,0.0,0.0,0.0,10.6,42,0.74,1
6265,方土昶,電子通路業,0.68,771827000.0,1135039705.8823528,1.28,4726264558.922417,4.16,84.84,175.52,16.98,192.5,70.64,800.8,352.93,57.6,6.13,1.23,13.9,8.87,35,124.73,162
6279,胡連,電子零組件業,10.96,9789266000.0,893181204.379562,5.45,10042141013.541773,11.24,12.89,6.71,9.59,16.3,107.79,183.21,144.91,120.5,1.2,0.89,1.52,15.24,112,9.45,85
6266,泰詠,電子零組件業,2.04,3364052000.0,1649045098.0392156,0.8,3293126826.90954,2.0,14.1,6.26,11.07,17.33,22.14,34.66,28.21,28.05,1.01,0.79,1.24,0.7,13,1.61,4
6269,台郡,電子零組件業,-6.95,22414698000.0,0.0,0.0,22684950274.28524,0.0,31.55,46.35,12.99,59.34,0.0,0.0,0.0,68.1,0.0,0.0,0.0,9.2,16,29.85,83
6270,倍微,電子通路業,1.08,2772394000.0,2567031481.481481,0.47,2794286079.2454724,1.09,50.59,108.84,15.99,124.83,17.43,136.06,55.14,32.6,1.69,0.53,4.17,10.15,42,7.0,62
5609,中菲行,航運業,8.0,29430867000.0,3678858375.0,3.4,30002873285.898357,8.16,11.56,4.99,9.71,14.7,79.23,119.95,94.35,82.1,1.15,0.97,1.46,0.0,0,0.0,0
5608,四維航,航運業,-0.12,3208452000.0,0.0,0.0,3108707463.7767878,0.0,63.25,3.91,61.52,65.43,0.0,0.0,0.0,15.05,0.0,0.0,0.0,0.21,1,25.0,182
00400A,主動國泰動能高息,ETF,0.0,0.0,0.0,0.0,0.0,0.0,0.0,0.0,0.0,0.0,0.0,0.0,0.0,14.55,0.0,0.0,0.0,37.8,55,37.8,55
6598,ABC-KY,化學生技醫療,-1.97,445577000.0,0.0,0.0,795538189.2949971,0.0,0.0,0.0,0.0,0.0,0.0,0.0,0.0,24.5,0.0,0.0,0.0,67.58,16,12.09,117
8047,星雲,其他電子類,-0.78,461310000.0,0.0,0.0,404472445.02620447,0.0,0.0,0.0,0.0,0.0,0.0,0.0,0.0,50.5,0.0,0.0,0.0,54.52,168,316.3,182
8048,德勝,通信網路業,2.67,1020717000.0,382291011.23595506,1.24,1115826166.324748,2.92,20.36,16.48,12.13,28.61,35.42,83.54,59.45,63.0,0.94,0.56,1.33,9.24,16,63.37,172
8049,晶采,光電業,1.71,1288318000.0,753402339.1812866,0.72,1277602656.1419528,1.7,13.46,6.09,10.68,16.77,18.16,28.51,22.88,27.2,0.84,0.67,1.05,1.12,57,0.66,6
8050,廣積,電腦及週邊設備業,1.45,5402081000.0,3725573103.448276,0.61,4696425064.71089,1.26,28.5,47.74,12.36,60.1,15.57,75.73,35.91,57.2,0.63,0.27,1.32,5.18,30,1.81,6
8054,安國,半導體業,-3.18,2740237000.0,0.0,0.0,8095080255.922158,0.0,0.0,0.0,0.0,0.0,0.0,0.0,0.0,100.5,0.0,0.0,0.0,15.64,42,92.26,182
8059,凱碩,通信網路業,-2.39,6325467000.0,0.0,0.0,50039951873.81915,0.0,0.0,0.0,0.0,0.0,0.0,0.0,0.0,20.05,0.0,0.0,0.0,43.87,34,16.43,4
8064,東捷,光電業,1.35,2544969000.0,1885162222.222222,0.74,4098425349.739784,2.17,175.36,482.72,37.28,520.0,80.9,1128.4,380.54,166.0,2.29,0.49,6.8,105.46,140,19.58,133
8067,志旭,電子通路業,-0.59,110377000.0,0.0,0.0,77063585.95358148,0.0,0.0,0.0,0.0,0.0,0.0,0.0,0.0,13.2,0.0,0.0,0.0,33.73,33,21.31,130
8046,南電,電子零組件業,3.01,38926177000.0,12932284717.607975,1.86,53077187275.99706,4.1,202.47,699.07,27.18,726.25,111.44,2977.62,830.13,845.0,0.98,0.13,3.52,4.45,15,175.47,161
8068,全達,電子通路業,1.23,808320000.0,657170731.7073171,0.81,1278081191.7285876,1.94,19.41,40.33,8.0,48.33,15.52,93.76,37.66,20.0,1.88,0.78,4.69,11.06,36,18.18,85
8070,長華*,電子工業,1.02,19055037000.0,18681408823.52941,0.6,23375874642.12188,1.25,25.15,47.86,13.74,61.6,17.18,77.0,31.44,62.7,0.5,0.27,1.23,37.65,111,11.7,126
8071,能率網通,電子零組件業,-1.19,2000187000.0,0.0,0.0,2066678156.7325416,0.0,0.0,0.0,0.0,0.0,0.0,0.0,0.0,21.25,0.0,0.0,0.0,27.27,33,23.08,112
8072,陞泰,電子工業,1.11,1223670000.0,1102405405.4054053,0.56,1640263023.5335655,1.49,33.18,41.13,21.96,63.09,32.72,94.0,49.44,29.4,1.68,1.11,3.2,14.06,26,5.79,19
8074,鉅橡,電子零組件業,1.35,1293671000.0,958274814.8148148,0.66,1558847472.6747568,1.63,30.96,53.63,15.04,68.67,24.52,111.93,50.47,72.6,0.7,0.34,1.54,31.63,142,94.49,74
8076,伍豐,電腦及週邊設備業,0.15,1995767000.0,13305113333.333334,0.09,2656025475.5408473,0.2,64.96,180.27,14.73,195.0,2.95,39.0,12.99,28.2,0.46,0.1,1.38,23.56,112,4.55,84
8081,致新,半導體業,17.75,8617981000.0,485520056.3380282,7.27,8536183345.46312,17.58,13.2,6.72,10.05,16.77,176.68,294.82,232.02,280.5,0.83,0.63,1.05,3.62,6,3.66,14
8069,元太,光電業,9.13,36899502000.0,4041566484.118291,3.49,35333014877.56534,8.74,31.35,38.63,13.67,52.3,119.48,457.1,273.99,214.0,1.28,0.56,2.14,48.03,135,26.87,83
8045,達運光電,電子工業,0.65,1184313000.0,1822020000.0,0.44,1844634548.0381835,1.01,100.7,279.3,9.83,289.13,9.93,292.02,101.71,65.7,1.55,0.15,4.44,14.7,22,75.46,74
8011,台通,通信網路業,1.3,2097097000.0,1613151538.4615383,0.45,1873444327.5201397,1.16,25.84,111.33,6.94,118.27,8.05,137.19,29.97,18.9,1.59,0.43,7.26,39.14,43,9.67,147
8016,矽創,半導體業,14.65,18682856000.0,1275280273.0375426,7.31,23425951542.94799,18.37,14.11,8.9,10.51,19.41,193.07,356.56,259.14,303.5,0.85,0.64,1.17,5.99,9,6.48,109
8021,尖點,其他電子業,2.74,4267050000.0,1557317518.2481751,1.89,6751349243.471757,4.34,54.5,157.22,14.86,172.08,64.49,746.83,236.55,458.0,0.52,0.14,1.63,35.33,79,383.54,173
8024,佑華,半導體業,-2.56,158672000.0,0.0,0.0,142743738.3158641,0.0,0.0,0.0,0.0,0.0,0.0,0.0,0.0,12.45,0.0,0.0,0.0,4.33,33,2.4,5
8027,鈦昇,電機機械,-0.92,1560399000.0,0.0,0.0,2619992536.2940645,0.0,260.71,68.25,226.75,295.0,0.0,0.0,0.0,293.0,0.0,0.0,0.0,20.94,21,22.6,179
8028,昇陽半導體,半導體業,4.38,4462417000.0,1018816666.6666667,2.13,5405927418.695339,5.31,54.23,70.46,31.89,102.35,169.34,543.48,287.98,337.5,0.85,0.5,1.61,131.01,159,37.36,133
8032,光菱,電子通路業,2.2,3555596000.0,1616179999.9999998,1.23,4970771155.897769,3.08,26.76,58.18,15.21,73.39,46.85,226.04,82.42,45.25,1.82,1.04,5.0,203.59,160,16.4,57
8033,雷虎,其他,0.58,1429246000.0,2464217241.3793106,0.25,1531921400.7663374,0.62,244.14,855.95,97.8,953.75,60.64,591.33,151.36,134.5,1.13,0.45,4.4,0.39,1,217.03,97
8034,榮群,通信網路業,1.42,560477000.0,394702112.6760564,0.47,342183102.5058523,0.87,16.22,9.24,12.36,21.6,10.75,18.79,14.11,24.35,0.58,0.44,0.77,0.41,16,79.57,182
8038,長園科,電子零組件業,0.92,523534000.0,569058695.6521739,0.59,1397018421.242815,2.45,67.54,80.6,29.78,110.38,72.96,270.43,165.48,41.2,4.02,1.77,6.56,19.1,175,96.2,90
8039,台虹,電子工業,2.07,10469402000.0,5057682125.603865,0.84,11310206956.3695,2.24,35.42,64.7,14.22,78.92,31.85,176.78,79.35,140.5,0.56,0.23,1.26,40.35,83,73.53,179
8040,九暘,半導體業,-0.6,667594000.0,0.0,0.0,768782811.3765128,0.0,0.0,0.0,0.0,0.0,0.0,0.0,0.0,102.5,0.0,0.0,0.0,27.98,13,2.33,92
8042,金山電,電子零組件業,0.9,3693135000.0,4103483333.333333,0.46,4804448551.528367,1.17,86.41,195.35,28.4,223.75,33.23,261.79,101.1,145.5,0.69,0.23,1.8,55.95,183,100.0,181
8043,蜜望實,電子零組件業,1.68,5203246000.0,3097170238.095238,0.99,8453715609.836672,2.73,303.02,1996.63,13.37,2010.0,36.5,5487.3,827.23,159.5,5.19,0.23,34.4,105.65,78,264.02,183
7768,頌勝科技,電子工業,3.23,166994000.0,51700928.79256966,0.0,0.0,0.0,112.03,68.12,71.95,140.07,0.0,0.0,0.0,406.5,0.0,0.0,0.0,19.21,150,37.19,84
7769,鴻勁,半導體業,75.71,8807978000.0,116338370.09642056,0.0,0.0,0.0,72.8,52.06,51.01,103.07,0.0,0.0,0.0,7275.0,0.0,0.0,0.0,70.54,32,208.31,181
7770,君曜,半導體業,3.0,140772000.0,46924000.0,0.0,0.0,0.0,17.94,7.41,15.32,22.73,0.0,0.0,0.0,43.2,0.0,0.0,0.0,0.0,0,15.43,6
7772,耀穎,半導體業,1.86,36719000.0,19741397.849462364,0.0,0.0,0.0,151.33,103.75,88.44,192.19,0.0,0.0,0.0,184.5,0.0,0.0,0.0,30.23,1,30.23,1
7777,能率亞洲,其他,0.58,-35480000.0,0.0,0.0,0.0,0.0,55.25,43.66,41.03,84.69,0.0,0.0,0.0,39.75,0.0,0.0,0.0,0.0,0,177.5,112
7780,大研生醫*,食品工業,0.53,1098052000.0,2071796226.4150941,0.0,0.0,0.0,52.63,47.37,40.05,87.42,0.0,0.0,0.0,18.15,0.0,0.0,0.0,6.18,44,137.42,61
7782,光速火箭,居家生活類,2.13,242640000.0,113915492.95774649,0.0,0.0,0.0,11.96,6.58,9.65,16.23,0.0,0.0,0.0,25.1,0.0,0.0,0.0,0.0,0,16.69,32
7786,東方風能,綠能環保,11.11,3094023000.0,278489918.9918992,0.0,0.0,0.0,15.35,6.89,11.64,18.53,0.0,0.0,0.0,125.0,0.0,0.0,0.0,94.86,109,53.97,75
7788,松川精密,電子工業,3.63,2102773000.0,579276308.5399449,0.0,0.0,0.0,39.87,34.2,25.06,59.26,0.0,0.0,0.0,224.0,0.0,0.0,0.0,0.0,0,0.0,0
7791,皇家可口,食品工業,8.26,886148000.0,107281840.1937046,0.0,0.0,0.0,12.47,4.81,10.3,15.11,0.0,0.0,0.0,69.2,0.0,0.0,0.0,0.0,0,21.59,82
7792,安葆,其他電子類,8.72,332632000.0,38145871.559633024,0.0,0.0,0.0,37.23,11.47,31.53,43.0,0.0,0.0,0.0,280.5,0.0,0.0,0.0,21.7,175,24.72,111
7767,仁大資訊,資訊服務業,4.18,627804000.0,150192344.49760768,0.0,0.0,0.0,11.87,3.16,10.5,13.66,0.0,0.0,0.0,42.5,0.0,0.0,0.0,0.0,0,13.21,40
7740,熙特爾-創,綠能環保,4.97,1426350000.0,286991951.7102616,25.52,186355576691.22632,649.34,53.37,66.48,22.34,88.82,14506.26,57674.38,34657.71,172.5,200.91,84.09,334.34,113.24,141,32.03,74
7743,金利食安,食品工業,0.55,571926000.0,1039865454.5454545,0.28,1125413544.763357,1.08,21.67,26.22,14.29,40.51,15.43,43.75,23.4,0.0,0.0,0.0,0.0,25.24,12,9.89,1
7744,崴寶,電子零組件業,16.28,577003000.0,35442444.71744472,0.0,0.0,0.0,25.57,19.61,17.12,36.73,0.0,0.0,0.0,455.0,0.0,0.0,0.0,19.75,176,122.83,112
7747,昕奇雲端,數位雲端類,4.07,856913000.0,210543734.64373463,0.0,0.0,0.0,32.22,8.03,28.22,36.25,0.0,0.0,0.0,129.0,0.0,0.0,0.0,9.76,26,29.73,35
7749,意騰-KY,半導體業,11.64,1157049000.0,99402835.05154638,10.51,4811998030.707583,48.41,74.12,78.8,31.36,110.16,1518.14,5332.85,3588.21,465.0,7.72,3.26,11.47,11.02,10,11.02,10
7750,新代,電機機械,35.18,5251207000.0,149266827.74303582,0.0,0.0,0.0,44.23,67.36,29.12,96.48,0.0,0.0,0.0,2260.0,0.0,0.0,0.0,5.78,105,34.48,85
7765,中華資安,數位雲端,11.49,990636000.0,86217232.37597911,0.0,0.0,0.0,25.21,10.15,20.06,30.21,0.0,0.0,0.0,259.0,0.0,0.0,0.0,11.47,20,10.38,84
7751,竑騰,半導體業,20.44,1012449000.0,49532729.941291586,0.0,0.0,0.0,57.1,105.7,26.74,132.44,0.0,0.0,0.0,1545.0,0.0,0.0,0.0,65.76,88,68.57,182
7753,星亞,光電業,4.21,450953000.0,107114726.8408551,0.0,0.0,0.0,11.67,7.59,9.29,16.88,0.0,0.0,0.0,43.35,0.0,0.0,0.0,12.97,4,15.93,40
7757,金色三麥,觀光餐旅,8.98,785893000.0,87515924.27616926,0.0,0.0,0.0,12.58,3.52,11.59,15.11,0.0,0.0,0.0,110.5,0.0,0.0,0.0,0.0,0,9.27,12
7760,享溫馨,觀光餐旅,0.69,0.0,0.0,0.0,0.0,0.0,52.6,34.28,26.4,60.68,0.0,0.0,0.0,32.05,0.0,0.0,0.0,0.17,3,2.0,1
7794,宏碁智新,居家生活類,2.72,0.0,0.0,0.0,0.0,0.0,12.09,5.49,10.87,16.36,0.0,0.0,0.0,34.9,0.0,0.0,0.0,5.77,90,21.82,12
7795,長廣,電子工業,2.22,135531000.0,61049999.99999999,0.0,0.0,0.0,123.53,68.24,85.88,154.12,0.0,0.0,0.0,380.0,0.0,0.0,0.0,4.73,4,111.48,104
7827,漢康-KY創,創新板股票,-2.27,312223000.0,0.0,0.0,0.0,0.0,0.0,0.0,0.0,0.0,0.0,0.0,0.0,159.5,0.0,0.0,0.0,100.0,52,100.0,52
7828,創新服務,半導體業,6.31,0.0,0.0,0.0,0.0,0.0,201.35,94.41,156.8,251.21,0.0,0.0,0.0,1565.0,0.0,0.0,0.0,81.68,111,91.94,83
7823,奧義賽博-KY創,數位雲端,0.24,33073000.0,137804166.6666667,0.0,0.0,0.0,0.0,0.0,0.0,0.0,0.0,0.0,0.0,94.1,0.0,0.0,0.0,0.0,0,0.0,0
7842,天能綠電,綠能環保類,4.01,0.0,0.0,0.0,0.0,0.0,25.24,8.51,22.79,31.3,0.0,0.0,0.0,108.5,0.0,0.0,0.0,0.0,0,0.0,0
7822,倍利科,電子工業,14.04,0.0,0.0,0.0,0.0,0.0,96.78,68.19,62.17,130.36,0.0,0.0,0.0,1150.0,0.0,0.0,0.0,73.11,155,144.53,151
7799,禾榮科,化學生技醫療,-3.29,6328000.0,0.0,0.0,0.0,0.0,0.0,0.0,0.0,0.0,0.0,0.0,0.0,390.0,0.0,0.0,0.0,159.34,104,59.63,46
7803,雲象科技-創,創新板股票,-2.29,236749000.0,0.0,0.0,105861254.00571683,0.0,0.0,0.0,0.0,0.0,0.0,0.0,0.0,23.25,0.0,0.0,0.0,0.0,0,18.75,176
7805,威聯通,數位雲端類,56.3,1144386000.0,20326571.93605684,0.0,0.0,0.0,15.76,5.18,13.34,18.52,0.0,0.0,0.0,758.0,0.0,0.0,0.0,0.0,0,17.14,181
7810,捷創科技,半導體業,6.25,125775000.0,20124000.0,0.0,0.0,0.0,42.63,36.42,32.0,68.42,0.0,0.0,0.0,226.5,0.0,0.0,0.0,0.0,0,151.56,180
7811,民盛,運動休閒類,8.1,0.0,0.0,0.0,0.0,0.0,12.46,6.51,9.9,16.41,0.0,0.0,0.0,79.4,0.0,0.0,0.0,15.36,49,9.45,34
7818,溢泰實業,綠能環保,5.64,0.0,0.0,0.0,0.0,0.0,11.44,2.11,9.77,11.88,0.0,0.0,0.0,64.3,0.0,0.0,0.0,0.0,0,9.13,78
7819,精誠金融,資訊服務業,2.91,478498000.0,164432302.40549827,1.1,678611536.3883098,4.13,16.07,1.22,15.48,16.7,63.93,68.97,66.36,49.1,1.35,1.3,1.4,113.03,8,14.38,88
7820,立盈,綠能環保類,1.84,0.0,0.0,0.0,0.0,0.0,70.24,28.73,58.13,86.86,0.0,0.0,0.0,121.5,0.0,0.0,0.0,177.23,132,121.05,88
7821,神數,汽車工業,2.99,0.0,0.0,0.0,0.0,0.0,14.73,6.15,11.17,17.32,0.0,0.0,0.0,45.35,0.0,0.0,0.0,10.89,155,55.25,146
8083,瑞穎,電機機械,9.8,1403166000.0,143180204.08163264,5.21,1517688507.9830966,10.6,17.04,7.73,13.1,20.83,138.86,220.8,180.6,171.5,1.05,0.81,1.29,1.38,1,2.86,33
8084,巨虹,電子通路業,-1.82,602545000.0,0.0,0.0,501772388.3967512,0.0,35.73,33.91,21.67,55.58,0.0,0.0,0.0,49.65,0.0,0.0,0.0,12.25,28,43.6,138
8085,福華,其他電子類,-1.01,645835000.0,0.0,0.0,722527442.5288495,0.0,0.0,0.0,0.0,0.0,0.0,0.0,0.0,14.7,0.0,0.0,0.0,30.83,16,12.44,103
8488,吉源-KY,其他,-2.06,3107874000.0,0.0,0.0,4261756611.028887,0.0,0.0,0.0,0.0,0.0,0.0,0.0,0.0,9.87,0.0,0.0,0.0,5.59,114,0.0,0
8905,裕國,其他,0.62,2134718000.0,3443093548.387097,0.25,2159072543.789254,0.63,33.98,54.47,15.18,69.65,9.56,43.88,21.41,29.9,0.72,0.32,1.47,2.56,34,1.58,7
8906,花王,其他,-0.78,205067000.0,0.0,0.0,208589198.5405435,0.0,0.0,0.0,0.0,0.0,0.0,0.0,0.0,24.5,0.0,0.0,0.0,40.02,51,10.28,92
8908,欣雄,油電燃氣業,2.2,10642287000.0,4837403181.818181,0.87,9472119852.366997,1.96,22.91,12.43,17.96,30.39,35.2,59.56,44.9,42.45,1.06,0.83,1.4,0.73,1,8.0,179
8916,光隆,其他,2.5,8358964000.0,3343585600.0,0.83,7628210530.354115,2.28,16.3,8.62,12.08,20.7,27.54,47.2,37.16,45.15,0.82,0.61,1.05,5.96,28,0.97,53
8917,欣泰,油電燃氣業,2.22,3079267000.0,1387057207.2072072,0.98,3058393896.7724133,2.2,26.43,10.09,22.29,32.38,49.04,71.24,58.14,52.1,1.12,0.94,1.37,9.18,68,0.0,0
8921,沈氏,其他,-0.12,627607000.0,0.0,0.0,645116094.2659668,0.0,0.0,0.0,0.0,0.0,0.0,0.0,0.0,0.0,0.0,0.0,0.0,37.41,118,0.82,62
8923,時報,文化創意業,0.95,450369000.0,474072631.57894737,0.39,419365063.8815779,0.88,20.15,14.66,16.26,30.92,14.31,27.21,17.73,0.0,0.0,0.0,0.0,4.26,27,12.47,118
8926,台汽電,油電燃氣業,2.45,8036606000.0,3280247346.938775,6.41,42221964439.52971,12.87,24.08,26.27,13.9,40.17,178.89,516.99,309.97,69.6,4.45,2.57,7.43,3.62,2,13.7,138
8927,北基,油電燃氣業,0.36,10630044000.0,29527900000.0,0.19,13940098463.539686,0.47,78.86,194.46,31.13,225.59,14.63,106.03,37.06,20.0,1.85,0.73,5.3,27.2,42,4.25,27
8929,富堡,其他,-0.45,725631000.0,0.0,0.0,707023799.3707905,0.0,43.58,108.38,16.62,125.0,0.0,0.0,0.0,14.95,0.0,0.0,0.0,27.45,182,2.36,4
8930,青鋼,鋼鐵工業,2.4,1443214000.0,601339166.6666667,0.98,1339965038.9694192,2.23,12.1,4.87,9.25,14.12,20.63,31.49,26.99,28.5,0.95,0.72,1.1,1.87,33,0.0,0
8931,大汽電,油電燃氣業,1.87,2513205000.0,1343959893.0481284,0.77,2509080416.48536,1.87,21.52,11.59,17.03,28.62,31.85,53.52,40.24,43.1,0.93,0.74,1.24,5.09,26,1.12,6
8935,邦泰,其他,-0.77,520557000.0,0.0,0.0,517518795.668348,0.0,0.0,0.0,0.0,0.0,0.0,0.0,0.0,23.75,0.0,0.0,0.0,70.71,166,57.44,89
8936,國統,其他,4.08,6293893000.0,1542620833.3333333,1.9,7362786587.965055,4.77,16.66,18.65,11.38,30.03,54.28,143.24,79.47,62.8,1.27,0.86,2.28,16.67,43,21.15,160
8937,合騏*,其他,-0.72,66133000.0,0.0,0.0,525330265.8217176,0.0,460.68,1276.5,38.88,1315.38,0.0,0.0,0.0,25.55,0.0,0.0,0.0,574.62,168,34.83,113
8481,政伸,其他,3.26,1173670000.0,360021472.3926381,1.34,1125304433.0849283,3.13,17.81,19.57,12.26,31.83,38.37,99.63,55.74,41.35,1.35,0.93,2.41,6.5,7,1.64,1
8436,大江,生技醫療業,8.69,6872719000.0,790876754.890679,3.8,7483029561.920344,9.46,17.45,9.04,13.24,22.28,125.25,210.77,165.05,122.5,1.35,1.02,1.72,3.85,28,8.27,84
8437,大地-KY,其他,-1.3,221282000.0,0.0,0.0,172568714.47228953,0.0,60.82,57.16,35.42,92.58,0.0,0.0,0.0,10.95,0.0,0.0,0.0,36.59,41,0.93,1
8442,威宏-KY,其他,4.18,7983723000.0,1909981578.9473686,1.8,8460152485.588453,4.43,10.41,16.94,6.27,23.21,27.78,102.82,46.11,41.55,1.11,0.67,2.47,1.22,90,4.85,28
8443,阿瘦,貿易百貨,-1.46,1127548000.0,0.0,0.0,1073414463.4692634,0.0,32.52,2.43,30.81,33.24,0.0,0.0,0.0,11.4,0.0,0.0,0.0,1.23,35,0.41,5
8444,綠河-KY,其他,-10.06,3333213000.0,0.0,0.0,1609169952.1312683,0.0,0.0,0.0,0.0,0.0,0.0,0.0,0.0,4.9,0.0,0.0,0.0,0.0,0,0.0,0
8446,華研,文化創意業,10.31,1119230000.0,108557710.96023278,5.62,1261026397.2349055,11.62,9.67,4.62,7.79,12.41,90.52,144.2,112.31,86.4,1.3,1.05,1.67,23.81,161,4.73,70
8450,霹靂,文化創意業,-5.34,235916000.0,0.0,0.0,408255715.71011174,0.0,0.0,0.0,0.0,0.0,0.0,0.0,0.0,15.7,0.0,0.0,0.0,24.63,33,3.59,22
8455,大拓-KY,其他電子類,0.01,1156029000.0,115602900000.0,0.0,1230834938.0738041,0.01,780.83,1434.17,60.83,1495.0,0.61,14.95,7.81,33.35,0.23,0.02,0.45,4.65,77,21.25,117
8463,潤泰材,其他,1.86,7221483000.0,3882517741.9354835,0.77,7328282276.911802,1.89,19.45,20.58,9.91,30.49,18.73,57.63,36.75,22.4,1.64,0.84,2.57,20.67,57,14.2,181
8466,美吉吉-KY,其他,-0.97,3227731000.0,0.0,0.0,2365874587.836387,0.0,48.06,168.24,11.48,179.72,0.0,0.0,0.0,16.4,0.0,0.0,0.0,17.14,8,3.95,29
9933,中鼎,其他,1.79,93718619000.0,52356770391.061455,0.67,74612661273.16048,1.43,42.55,101.46,8.7,110.16,12.44,157.53,60.84,43.45,1.4,0.29,3.63,12.58,30,31.53,181
9937,全國,油電燃氣業,2.37,22695298000.0,9576075105.485231,0.98,21761871594.262848,2.27,25.61,6.85,22.17,29.02,50.33,65.88,58.15,55.7,1.04,0.9,1.18,1.35,15,9.87,47
9938,百和,其他,4.1,15697877000.0,3828750487.804878,1.76,15267908304.65065,3.99,14.84,16.86,9.77,26.63,38.98,106.25,59.21,45.55,1.3,0.86,2.33,30.9,182,8.24,139
9939,宏全,其他,9.09,29073649000.0,3198421232.1232123,3.65,28381468535.858208,8.87,15.21,6.0,12.09,18.09,107.24,160.46,134.95,127.5,1.06,0.84,1.26,4.52,26,7.31,19
9940,信義,其他,0.28,9513436000.0,33976557142.85714,0.2,16347281800.271095,0.48,27.95,62.41,10.45,72.86,5.02,34.97,13.42,19.5,0.69,0.26,1.79,7.35,57,0.54,4
9941,裕融,其他,7.87,39779550000.0,5054580686.149937,3.22,38622335370.48581,7.64,14.16,7.87,10.54,18.41,80.53,140.65,108.18,81.9,1.32,0.98,1.72,9.0,14,3.27,4
9941A,裕融甲特,其他,0.0,0.0,0.0,0.0,0.0,0.0,0.0,0.0,0.0,0.0,0.0,0.0,0.0,50.4,0.0,0.0,0.0,1.37,82,3.14,81
9942,茂順,其他,8.15,3977553000.0,488043312.88343555,3.79,4501452321.732522,9.22,12.9,4.89,10.0,14.89,92.2,137.29,118.98,120.5,0.99,0.77,1.14,2.75,30,2.6,53
9931,欣高,油電燃氣業,2.45,1551042000.0,633078367.3469387,1.12,1594388736.8407304,2.52,14.5,12.14,10.93,23.07,27.54,58.14,36.54,35.1,1.04,0.78,1.66,0.94,7,0.14,6
9945,潤泰新,其他,3.93,35602939000.0,9059272010.178116,2.18,52895588431.9045,5.84,8.44,6.92,5.01,11.93,29.26,69.67,49.29,25.15,1.96,1.16,2.77,16.94,57,10.79,29
9946,三發地產,建材營造,1.52,602169000.0,396163815.78947365,10.59,4974285746.644675,12.56,47.57,126.5,3.89,130.39,48.86,1637.7,597.44,17.15,34.84,2.85,95.49,9.62,2,4.77,1
9949,琉園,文化創意業,5.29,142500000.0,26937618.147448014,2.29,140652224.37446973,5.22,5.35,2.88,4.06,6.94,21.19,36.23,27.95,23.3,1.2,0.91,1.55,16.46,91,41.73,183
9950,萬國通,塑膠工業,-0.27,2109807000.0,0.0,0.0,2141799877.9316888,0.0,13.81,21.66,2.18,23.84,0.0,0.0,0.0,11.0,0.0,0.0,0.0,0.0,0,6.28,42
9951,皇田,電機機械,5.27,6333931000.0,1201884440.227704,2.28,6939039179.180214,5.77,12.35,5.37,10.09,15.46,58.22,89.2,71.25,52.9,1.35,1.1,1.69,3.55,27,13.01,88
9958,世紀鋼,鋼鐵工業,6.56,14571164000.0,2221214024.390244,3.42,16715432590.617704,7.53,27.07,39.87,12.88,52.75,96.99,397.21,203.83,121.0,1.68,0.8,3.28,28.52,12,17.79,28
9962,有益,鋼鐵工業,-0.16,1941014000.0,0.0,0.0,1411348164.580572,0.0,29.83,67.68,15.89,83.57,0.0,0.0,0.0,9.87,0.0,0.0,0.0,1.5,117,0.0,0
9944,新麗,其他,-0.16,2250752000.0,0.0,0.0,2458658147.9774575,0.0,194.13,343.47,58.53,402.0,0.0,0.0,0.0,16.95,0.0,0.0,0.0,3.93,57,2.07,29
9929,秋雨,其他,-0.07,653941000.0,0.0,0.0,677937254.1293256,0.0,42.56,2.22,41.85,44.07,0.0,0.0,0.0,11.35,0.0,0.0,0.0,3.31,58,3.45,1
9928,中視,其他,-1.4,846557000.0,0.0,0.0,964737349.002929,0.0,55.65,44.06,43.18,87.24,0.0,0.0,0.0,17.9,0.0,0.0,0.0,17.67,30,21.68,77
8942,森鉅,其他,1.83,3809373000.0,2081624590.1639342,0.59,1799191401.9814699,0.86,12.16,17.96,7.18,25.14,6.17,21.62,10.46,41.4,0.25,0.15,0.52,2.86,19,0.72,6
8996,高力,電機機械,9.08,5988938000.0,659574669.6035242,8.05,17017351347.652903,25.8,67.66,114.67,26.39,141.06,680.86,3639.35,1745.75,1125.0,1.55,0.61,3.23,7.91,9,173.55,154
9902,台火,其他,-0.47,342343000.0,0.0,0.0,327141935.2753222,0.0,123.61,430.44,18.31,448.75,0.0,0.0,0.0,14.2,0.0,0.0,0.0,34.35,57,1.48,1
9905,大華,其他,1.29,8095013000.0,6275203875.968992,0.62,9324280140.529493,1.49,15.08,3.67,13.1,16.77,19.52,24.99,22.47,20.65,1.09,0.95,1.21,1.02,16,1.09,28
9906,欣巴巴,建材營造,0.09,1332942000.0,14810466666.666668,0.11,2653896110.456444,0.18,82.79,493.27,8.95,502.22,1.61,90.4,14.9,42.6,0.35,0.04,2.12,138.66,70,2.53,13
9907,統一實,其他,1.36,46160570000.0,33941595588.23529,0.53,40679043043.274666,1.2,21.29,33.17,12.86,46.03,15.43,55.24,25.55,16.65,1.53,0.93,3.32,15.93,153,1.0,28
9908,大台北,油電燃氣業,1.72,3392932000.0,1972634883.7209303,0.77,3329528829.964467,1.69,17.15,7.25,13.58,20.83,22.95,35.2,28.99,29.45,0.98,0.78,1.2,1.24,42,1.78,26
9912,偉聯,電子工業,-1.12,495111000.0,0.0,0.0,494273096.8268359,0.0,0.0,0.0,0.0,0.0,0.0,0.0,0.0,12.55,0.0,0.0,0.0,3.25,34,3.29,75
9917,中保科,其他,6.77,19003491000.0,2807014918.759232,2.85,19220361634.29444,6.85,18.77,8.51,15.44,23.95,105.76,164.06,128.54,116.5,1.1,0.91,1.41,18.33,89,3.38,7
9918,欣天然,油電燃氣業,1.61,2060972000.0,1280106832.2981365,0.78,1932808603.2724588,1.51,21.86,18.37,17.06,35.43,25.76,53.5,33.01,44.95,0.73,0.57,1.19,4.1,16,6.84,43
9919,康那香,其他,-2.43,2744027000.0,0.0,0.0,2600481450.4163575,0.0,5.55,2.58,4.62,7.2,0.0,0.0,0.0,14.2,0.0,0.0,0.0,8.76,12,0.51,1
9925,新保,其他,2.37,8025348000.0,3386222784.8101263,1.25,8593074937.615505,2.54,17.59,2.54,16.31,18.85,41.43,47.88,44.68,40.45,1.1,1.02,1.18,1.54,6,1.7,48
9926,新海,油電燃氣業,2.68,2462571000.0,918869776.1194029,1.23,2455095766.5582147,2.67,19.47,3.74,17.93,21.67,47.87,57.86,51.98,49.15,1.06,0.97,1.18,0.73,16,1.35,26
9927,泰銘,其他,4.28,7937924000.0,1854655140.1869159,2.04,8718253678.678583,4.7,12.29,8.48,9.53,18.01,44.79,84.65,57.76,69.7,0.83,0.64,1.21,0.0,0,2.04,7
8435,鉅邁,其他,3.91,624566000.0,159735549.87212276,1.7,637917243.3126953,3.99,15.45,4.95,14.04,18.99,56.02,75.77,61.66,57.1,1.08,0.98,1.33,11.03,153,0.3,1
8432,東生華,生技醫療業,3.62,1340047000.0,370178729.28176796,1.69,1478420802.3220153,3.99,19.31,16.25,12.83,29.08,51.19,116.03,77.05,52.5,1.47,0.98,2.21,9.06,21,11.75,138
8431,匯鑽科,其他電子類,-3.9,1070130000.0,0.0,0.0,1000256071.8370416,0.0,98.41,132.76,30.65,163.41,0.0,0.0,0.0,54.3,0.0,0.0,0.0,18.57,105,17.85,76
8112A,至上甲特,電子工業,0.0,0.0,0.0,0.0,0.0,0.0,0.0,0.0,0.0,0.0,0.0,0.0,0.0,46.35,0.0,0.0,0.0,0.69,16,0.34,19
8114,振樺電,電子工業,18.5,18973096000.0,1025572756.7567568,6.17,11771475517.862354,11.48,19.8,34.25,8.05,42.3,92.41,485.6,227.26,229.0,0.99,0.4,2.12,142.65,183,0.0,0
8121,越峰,電子零組件業,-0.31,2993414000.0,0.0,0.0,3748224954.4225707,0.0,51.41,80.42,22.47,102.89,0.0,0.0,0.0,40.75,0.0,0.0,0.0,0.0,0,72.11,144
8131,福懋科,半導體業,1.35,9623157000.0,7128264444.444444,0.7,13007788729.84709,1.82,36.25,96.55,11.42,107.97,20.78,196.51,65.97,68.9,0.96,0.3,2.85,1.15,1,80.9,161
8147,正淩,電子零組件業,3.08,1564956000.0,508102597.40259737,1.61,2056310019.7362194,4.05,47.2,38.72,31.43,70.15,127.29,284.11,191.17,165.0,1.16,0.77,1.72,28.4,41,12.5,124
8150,南茂,半導體業,0.7,23509652000.0,33585217142.857143,0.35,29727806787.122566,0.89,57.19,206.35,10.92,217.27,9.72,193.37,50.9,96.8,0.53,0.1,2.0,4.1,16,65.92,162
8112,至上,電子通路業,5.02,219865076000.0,43797823904.38248,3.94,424126574689.6876,9.68,21.26,39.64,9.83,49.47,95.15,478.87,205.82,92.6,2.22,1.03,5.17,4.63,13,60.4,160
8163,達方,電子工業,0.51,25049470000.0,49116607843.13725,0.27,27472460296.618458,0.56,25.14,73.63,8.33,81.96,4.66,45.9,14.08,40.35,0.35,0.12,1.14,0.0,0,9.08,155
8176,智捷,通信網路業,0.39,401727000.0,1030069230.7692307,0.14,252897069.28196716,0.25,49.0,161.5,12.5,174.0,3.12,43.5,12.25,10.35,1.18,0.3,4.2,44.68,145,17.59,124
8182,加高,電子零組件業,0.44,2880401000.0,6546365909.090909,0.18,2879306630.2631125,0.44,52.7,781.61,10.06,791.67,4.43,348.33,23.19,44.9,0.52,0.1,7.76,7.45,86,0.0,0
8183,精星,其他電子類,2.39,7367798000.0,3082760669.4560666,1.09,7934413654.590194,2.57,12.03,9.27,8.13,17.4,20.89,44.72,30.92,32.8,0.94,0.64,1.36,8.94,142,29.38,148
8201,無敵,其他電子業,-0.35,457909000.0,0.0,0.0,526878735.23067904,0.0,0.0,0.0,0.0,0.0,0.0,0.0,0.0,13.85,0.0,0.0,0.0,7.71,54,68.58,82
8155,博智,電子零組件業,6.9,4795545000.0,695006521.7391304,3.72,6551285038.149348,9.43,36.05,45.41,20.94,66.35,197.46,625.68,339.93,371.0,0.92,0.53,1.69,6.83,7,33.7,175
8111,立碁,光電業,0.38,852145000.0,2242486842.105263,0.18,826350555.9184284,0.37,140.56,539.82,23.51,563.33,8.7,208.43,52.01,61.8,0.84,0.14,3.37,104.04,133,55.07,181
8110,華東,電子工業,2.47,7245046000.0,2933217004.0485826,1.13,8045582725.84797,2.74,52.38,91.39,16.94,108.33,46.42,296.82,143.52,56.5,2.54,0.82,5.25,22.97,19,225.1,161
8086,宏捷科,半導體業,3.36,3949612000.0,1175479761.904762,2.16,6067290611.046394,5.16,44.25,60.96,23.55,84.51,121.52,436.07,228.35,156.0,1.46,0.78,2.8,13.1,30,55.84,153
8088,品安,半導體業,1.7,1503537000.0,884433529.4117647,1.0,2678730956.7054687,3.03,109.94,407.9,13.21,421.11,40.03,1275.96,333.1,62.8,5.3,0.64,20.32,1.59,29,38.46,160
8089,康全電訊,通信網路業,-3.1,966852000.0,0.0,0.0,324373442.03672326,0.0,9.19,16.62,3.97,20.59,0.0,0.0,0.0,22.35,0.0,0.0,0.0,47.0,78,2.72,8
8092,建暐,其他電子類,0.0,342132000.0,0.0,0.0,410459018.0052331,0.0,248.53,46.43,225.71,272.14,0.0,0.0,0.0,16.3,0.0,0.0,0.0,29.66,35,3.5,11
8093,保銳,電子零組件業,-1.32,197523000.0,0.0,0.0,200109298.78989688,0.0,0.0,0.0,0.0,0.0,0.0,0.0,0.0,18.25,0.0,0.0,0.0,22.8,16,8.45,155
8096,擎亞,電子通路業,0.88,34409445000.0,39101642045.454544,0.45,29018161490.42059,0.74,44.75,106.45,9.88,116.33,7.31,86.08,33.11,128.5,0.26,0.06,0.67,50.2,83,28.95,158
8097,常珵,通信網路業,-1.13,268148000.0,0.0,0.0,206743897.07032585,0.0,138.6,84.54,107.83,192.37,0.0,0.0,0.0,57.6,0.0,0.0,0.0,35.51,135,13.22,53
8099,大世科,資訊服務業,2.64,4764597000.0,1804771590.9090908,1.22,6341307200.810641,3.51,33.22,31.97,20.17,52.14,70.8,183.01,116.59,70.2,1.66,1.01,2.61,48.78,30,6.37,105
8101,華冠,通信網路業,-3.26,393227000.0,0.0,0.0,373617851.476039,0.0,0.0,0.0,0.0,0.0,0.0,0.0,0.0,16.2,0.0,0.0,0.0,766.94,183,14.71,102
8102,傑霖科技,半導體業,2.25,66699000.0,29644000.0,0.0,0.0,0.0,25.1,40.48,12.85,53.33,0.0,0.0,0.0,75.7,0.0,0.0,0.0,4.35,7,26.78,21
8103,瀚荃,電子工業,3.96,3334507000.0,842047222.2222222,1.92,3971312370.6340504,4.72,18.87,22.74,9.37,32.11,44.23,151.56,89.08,101.0,0.88,0.44,1.5,65.71,37,71.73,148
8104,錸寶,光電業,-0.55,3621838000.0,0.0,0.0,2470473269.943871,0.0,1612.39,4320.0,180.0,4500.0,0.0,0.0,0.0,43.1,0.0,0.0,0.0,68.38,182,27.12,92
8105,凌巨,光電業,-0.3,8679610000.0,0.0,0.0,8589079619.308744,0.0,120.12,681.94,24.73,706.67,0.0,0.0,0.0,20.4,0.0,0.0,0.0,60.69,43,17.34,61
8107,大億金茂,電機機械,-0.27,962504000.0,0.0,0.0,691901633.4211518,0.0,86.4,210.24,8.51,218.75,0.0,0.0,0.0,12.55,0.0,0.0,0.0,76.96,149,3.24,81
8109,博大,電子零組件業,6.17,1675345000.0,271530794.16531605,3.7,2122629447.506226,7.82,15.23,9.73,11.18,20.91,87.43,163.52,119.13,120.0,0.99,0.73,1.36,0.0,0,37.36,97
8210,勤誠,電子工業,29.02,20900566000.0,720212474.1557547,16.5,32097965297.558853,44.57,26.61,34.95,11.7,46.65,521.47,2079.19,1185.92,1370.0,0.87,0.38,1.52,1.77,159,212.87,159
8213,志超,電子工業,2.28,17992158000.0,7891297368.421053,1.04,19885835517.438374,2.52,12.06,12.42,8.93,21.35,22.5,53.8,30.4,37.1,0.82,0.61,1.45,2.19,15,16.46,83
8349A,恒耀甲特,鋼鐵工業,0.0,0.0,0.0,0.0,0.0,0.0,0.0,0.0,0.0,0.0,0.0,0.0,0.0,47.1,0.0,0.0,0.0,9.13,169,0.0,0
8358,金居,電子零組件業,4.21,7752647000.0,1841483847.9809976,2.27,10758687203.572811,5.84,41.15,117.65,10.56,128.21,61.67,748.75,240.33,596.0,0.4,0.1,1.26,10.43,36,374.64,97
8367,建新國際,航運業,3.8,3216539000.0,846457631.5789474,1.6,3384435170.5404353,4.0,13.39,7.16,11.11,18.27,44.44,73.08,53.55,41.0,1.31,1.08,1.78,10.15,37,0.0,0
8374,羅昇,電機機械,-0.55,4702943000.0,0.0,0.0,5949466897.902581,0.0,292.36,1015.96,62.61,1078.57,0.0,0.0,0.0,98.3,0.0,0.0,0.0,137.12,91,14.49,82
8401,白紗科,其他,2.71,1544829000.0,570047601.4760147,1.15,1607025107.604508,2.82,11.02,4.82,8.52,13.34,24.03,37.62,31.09,23.05,1.35,1.04,1.63,1.05,15,8.01,125
8403,盛弘,生技醫療業,1.06,4335731000.0,4090312264.1509433,0.45,4528659227.727721,1.11,22.11,22.4,15.69,38.09,17.42,42.28,24.55,19.95,1.23,0.87,2.12,5.77,23,0.73,1
8349,恒耀,鋼鐵工業,2.02,11746755000.0,5815225247.524753,0.83,11136974130.902006,1.92,16.69,13.07,11.08,24.15,21.27,46.37,32.05,42.75,0.75,0.5,1.08,8.32,57,0.94,60
8404,百和興業-KY,其他,1.46,7460968000.0,5110252054.79452,0.64,7677884711.747193,1.5,32.11,78.39,11.61,90.0,17.42,135.0,48.16,17.45,2.76,1.0,7.74,74.56,139,33.97,140
8410,森田,電腦及週邊設備業,3.27,1129401000.0,345382568.80733943,1.33,899036447.4019899,2.6,11.43,10.73,6.16,16.89,16.02,43.91,29.73,35.2,0.84,0.46,1.25,27.06,72,5.82,1
8411,福貞-KY,其他,-0.69,9151695000.0,0.0,0.0,10903033919.019562,0.0,62.88,80.47,42.03,122.5,0.0,0.0,0.0,12.1,0.0,0.0,0.0,7.45,124,2.72,43
8415,大國鋼,鋼鐵工業,3.05,23061004000.0,7560984918.032787,1.43,25981121045.277718,3.44,13.58,7.05,10.36,17.41,35.64,59.89,46.72,35.15,1.33,1.01,1.7,0.0,0,5.38,55
8416,實威,資訊服務業,13.46,1712393000.0,127220876.67161961,6.49,1755637973.1601336,13.8,14.71,7.29,12.25,19.54,169.05,269.65,203.04,180.5,1.12,0.94,1.49,0.0,0,2.62,140
8421,旭源,其他,-0.39,1155501000.0,0.0,0.0,1281080800.3116553,0.0,613.0,177.5,500.0,677.5,0.0,0.0,0.0,13.05,0.0,0.0,0.0,17.27,106,9.78,27
8424,惠普,建材營造,5.8,1077627000.0,185797758.62068966,2.45,1070510471.2422544,5.76,14.8,5.06,12.39,17.45,71.37,100.51,85.23,72.9,1.17,0.98,1.38,1.79,6,2.7,7
8426,紅木-KY,其他,1.85,2774857000.0,1499922702.7027025,0.71,2769281528.673471,1.85,9.19,7.99,6.33,14.32,11.71,26.49,17.0,21.85,0.78,0.54,1.21,0.19,7,4.28,1
8429,金麗-KY,貿易百貨,0.12,150489000.0,1254075000.0,0.04,129435581.70182587,0.1,207.94,648.5,54.0,702.5,5.4,70.25,20.79,6.76,3.08,0.8,10.39,35.75,182,3.52,120
8409,商之器,生技醫療業,0.24,277797000.0,1157487500.0,0.12,285374378.90115917,0.25,92.86,351.65,14.06,365.71,3.52,91.43,23.21,19.35,1.2,0.18,4.73,5.34,26,0.0,0
8342,益張,其他,5.97,1662869000.0,278537520.93802345,2.5,1645143421.7374754,5.91,13.24,5.73,10.08,15.81,59.57,93.44,78.23,88.0,0.89,0.68,1.06,20.0,37,4.4,118
8215,明基材,光電業,-1.14,17976113000.0,0.0,0.0,18314688009.415993,0.0,213.19,1084.56,25.44,1110.0,0.0,0.0,0.0,29.65,0.0,0.0,0.0,6.06,42,2.66,112
8222,寶一,電機機械,0.55,929257000.0,1689558181.8181818,0.25,1009855772.2765348,0.6,48.21,58.41,25.3,83.71,15.18,50.23,28.92,36.85,0.78,0.41,1.36,4.05,28,9.94,85
8227,巨有科技,半導體業,2.05,1303125000.0,635670731.7073171,1.19,2790256767.769374,4.39,95.43,168.18,51.6,219.78,226.52,964.83,418.92,203.0,2.06,1.12,4.75,3.18,13,52.67,83
8234,新漢,電腦及週邊設備業,0.4,5778088000.0,14445220000.0,0.14,4536912862.92277,0.31,146.33,269.17,55.57,324.74,17.23,100.67,45.36,69.2,0.66,0.25,1.45,19.18,36,43.83,74
8240,華宏,光電業,2.18,7203456000.0,3304337614.678899,1.0,6436669577.398071,1.95,16.94,29.25,8.67,37.92,16.91,73.94,33.04,59.7,0.55,0.28,1.24,43.17,159,28.49,84
8249,菱光,電子工業,4.04,3641509000.0,901363613.8613862,1.98,3884898664.805741,4.31,19.31,33.31,13.51,46.82,58.23,201.79,83.24,53.3,1.56,1.09,3.79,145.82,145,26.63,81
8255,朋程,電機機械,6.33,8097224000.0,1279182306.4770932,2.6,7722658083.643962,6.04,20.76,22.38,12.62,35.0,76.22,211.4,125.42,175.0,0.72,0.44,1.21,12.68,13,22.89,95
8261,富鼎,半導體業,5.73,3105660000.0,542000000.0,2.39,3305448991.800196,6.1,19.88,20.75,12.64,33.39,77.1,203.68,121.28,171.0,0.71,0.45,1.19,19.85,156,32.3,144
8271,宇瞻,半導體業,6.7,10908622000.0,1628152537.3134327,9.0,36106292251.556145,22.18,21.54,41.81,7.97,49.78,176.77,1104.12,477.77,222.0,2.15,0.8,4.97,2.08,13,144.51,159
8272,全景軟體,資訊服務業,4.66,473954000.0,101706866.9527897,1.86,511674018.90413153,5.03,19.67,16.7,14.42,31.12,72.53,156.53,98.93,72.1,1.37,1.01,2.17,73.18,141,21.02,98
8277,商丞,半導體業,-0.38,252859000.0,0.0,0.0,129549435.42479737,0.0,0.0,0.0,0.0,0.0,0.0,0.0,0.0,10.95,0.0,0.0,0.0,35.0,21,71.0,161
8279,生展,生技醫療業,10.03,2123580000.0,211722831.50548357,3.87,1982295175.1055286,9.36,13.5,7.83,10.38,18.21,97.16,170.45,126.4,98.5,1.28,0.99,1.73,1.56,16,0.0,0
8284,三竹,資訊服務業,4.74,2937789000.0,619786708.8607595,2.06,3229710659.937469,5.21,13.53,5.81,10.79,16.6,56.22,86.49,70.5,63.1,1.12,0.89,1.37,5.95,183,2.9,26
8289,泰藝,電子零組件業,0.04,1725495000.0,43137375000.0,0.02,1734120293.7312062,0.04,449.27,1383.03,31.97,1415.0,1.28,56.6,17.97,67.4,0.27,0.02,0.84,0.95,30,8.47,110
8291,尚茂,電子零組件業,-1.51,2612000.0,0.0,0.0,7120713.846153846,0.0,0.0,0.0,0.0,0.0,0.0,0.0,0.0,71.0,0.0,0.0,0.0,0.0,0,385.44,67
8299,群聯,半導體業,41.96,68473723000.0,1631880910.3908484,56.81,211247627288.483,129.45,24.65,65.21,10.42,75.63,1348.87,9790.3,3191.18,2450.0,1.3,0.55,4.0,8.58,12,148.11,160
7738,東聯互動,數位雲端類,14.61,201472000.0,13790006.844626969,0.0,0.0,0.0,13.17,5.82,11.45,17.27,0.0,0.0,0.0,168.0,0.0,0.0,0.0,0.0,0,58.39,103
7736,虎山,汽車工業,5.09,1548758000.0,304274656.1886051,1.85,1531865246.313438,5.03,16.84,9.72,11.72,21.44,58.95,107.84,84.69,72.8,1.16,0.81,1.48,22.33,112,0.0,0
6770,力積電,半導體業,-1.86,45962445000.0,0.0,0.0,59710499458.967125,0.0,38.04,20.79,29.32,50.11,0.0,0.0,0.0,74.6,0.0,0.0,0.0,14.4,12,142.52,160
6776,展碁國際,電子工業,4.2,28833106000.0,6865025238.095238,2.42,37301223761.399956,5.43,13.23,8.84,10.6,19.44,57.56,105.56,71.81,61.2,1.17,0.94,1.72,0.0,0,7.13,28
6781,AES-KY,電子工業,38.2,15649550000.0,409674083.7696335,22.44,19823716204.88588,48.39,34.0,33.96,21.47,55.43,1038.93,2682.26,1645.41,1135.0,1.45,0.92,2.36,70.16,182,49.25,179
6767,台微醫,生技醫療業,-0.5,322308000.0,0.0,0.0,307407485.93294775,0.0,0.0,0.0,0.0,0.0,0.0,0.0,0.0,25.7,0.0,0.0,0.0,0.28,7,2.86,90
6782,視陽,生技醫療業,14.08,4126829000.0,293098650.5681818,6.61,5004764649.017597,17.08,19.91,30.54,12.33,42.87,210.6,732.22,340.14,200.5,1.7,1.05,3.65,5.18,33,8.55,71
6785,昱展新藥,生技醫療業,-1.2,1753000.0,0.0,0.0,3147845.1715881885,0.0,626.3,2954.17,20.83,2975.0,0.0,0.0,0.0,119.5,0.0,0.0,0.0,0.0,0,86.71,138
6788,華景電,半導體業,17.37,2543412000.0,146425561.31260794,7.7,2858033108.034588,19.52,20.12,21.45,9.8,31.25,191.3,610.0,392.84,430.5,0.91,0.44,1.42,112.1,85,34.65,85
6789,采鈺,半導體業,4.01,9100411000.0,2269429177.057357,1.71,9116234490.310526,4.02,85.59,227.9,30.38,258.28,122.13,1038.29,344.07,513.0,0.67,0.24,2.02,20.22,36,55.29,95
6790,永豐實,造紙工業,3.03,10716158000.0,3536685808.580858,1.27,10557889411.5863,2.99,13.68,4.84,11.68,16.52,34.92,49.39,40.91,39.75,1.03,0.88,1.24,7.65,27,3.07,36
6791,虎門科技,資訊服務業,4.16,785380000.0,188793269.23076922,1.97,897434074.8087277,4.75,27.23,20.38,19.12,39.5,90.82,187.62,129.32,113.0,1.14,0.8,1.66,96.47,155,49.27,85
6792,詠業,通信網路業,2.23,1315481000.0,589901793.7219731,1.15,1382940725.3915884,2.34,25.4,20.85,16.58,37.43,38.8,87.59,59.44,72.8,0.82,0.53,1.2,0.0,0,17.21,91
6761,穩得,電子零組件業,7.35,1989199000.0,270639319.72789115,2.88,1770674679.079736,6.54,19.24,23.2,10.23,33.43,66.9,218.63,125.83,219.0,0.57,0.31,1.0,14.63,30,72.08,90
6735,美達科技,其他電子類,0.33,328512000.0,995490909.090909,0.17,506852591.7927754,0.51,183.82,1102.02,19.23,1121.25,9.81,571.84,93.75,100.5,0.93,0.1,5.69,0.0,0,84.0,110
6739,竹陞科技,其他電子類,16.13,761022000.0,47180533.16800992,12.78,1495558137.1061597,31.7,59.98,83.94,26.45,110.39,838.46,3499.36,1901.46,1220.0,1.56,0.69,2.87,141.85,99,291.0,120
6742,澤米,光電業,-1.51,550879000.0,0.0,0.0,320193162.27099234,0.0,382.79,775.72,136.5,912.22,0.0,0.0,0.0,58.0,0.0,0.0,0.0,14.99,139,14.52,90
6743,安普新,其他電子業,0.71,5559377000.0,7830108450.704226,0.25,5414788493.072947,0.69,51.82,120.84,13.31,134.15,9.18,92.56,35.75,30.25,1.18,0.3,3.06,20.3,90,13.11,104
6762,達亞,生技醫療業,0.73,705600000.0,966575342.4657534,0.25,588111027.8666058,0.61,188.74,269.43,94.67,364.1,57.75,222.1,115.13,0.0,0.0,0.0,0.0,9.67,7,0.0,0
6751,智聯服務,資訊服務業,5.21,1831365000.0,351509596.92898273,2.46,1498996572.7338572,4.26,36.96,65.31,7.56,72.87,32.21,310.43,157.44,49.7,3.17,0.65,6.25,20.28,6,41.3,167
6752,叡揚,資訊服務業,7.58,2005986000.0,264641952.5065963,3.81,2102319037.7451,7.94,19.62,19.67,13.15,32.82,104.41,260.59,155.77,103.5,1.51,1.01,2.52,16.82,34,2.24,69
6753,龍德造船,航運業,5.97,5357790000.0,897452261.3065327,2.72,5678851810.56125,6.33,21.7,36.41,13.84,50.25,87.61,318.08,137.38,123.0,1.12,0.71,2.59,36.93,23,104.52,97
6756,威鋒電子,半導體業,1.11,1540487000.0,1387826126.126126,0.65,1693824929.989093,1.22,63.58,59.26,35.33,94.59,43.1,115.4,77.56,95.3,0.81,0.45,1.21,6.08,15,0.0,0
6830,汎銓,其他電子業,-0.7,2139984000.0,0.0,0.0,2634123136.345246,0.0,109.77,278.75,26.25,305.0,0.0,0.0,0.0,624.0,0.0,0.0,0.0,69.23,133,48.76,90
6831,邁科,電子工業,4.93,959783000.0,194682150.1014199,0.0,0.0,0.0,160.0,178.0,71.24,249.24,0.0,0.0,0.0,739.0,0.0,0.0,0.0,6.56,6,212.2,181
6834,天二科技,電子工業,0.51,1428164000.0,2800321568.627451,0.26,1703613835.429491,0.61,317.83,1352.96,32.04,1385.0,19.54,844.85,193.88,70.0,2.77,0.28,12.07,65.85,41,0.0,0
6835,圓裕,電子零組件業,0.97,2406345000.0,2480768041.2371135,0.39,2265908777.384721,0.91,25.76,294.11,8.2,302.31,7.46,275.1,23.44,38.55,0.61,0.19,7.14,1.12,1,20.96,19
6838,台新藥,化學生技醫療,-0.54,6269000.0,0.0,0.0,59665482.456140354,0.0,0.0,0.0,0.0,0.0,0.0,0.0,0.0,25.2,0.0,0.0,0.0,3.09,15,37.69,19
6840,東研信超,其他電子類,1.57,883542000.0,562765605.0955414,0.69,1014647023.4851296,1.8,149.61,374.23,37.53,411.76,67.55,741.17,269.3,69.5,3.87,0.97,10.66,22.37,33,76.1,97
6841,長佳智能,生技醫療業,0.89,362374000.0,407161797.752809,0.45,403305413.54380846,0.99,100.14,250.28,49.4,299.68,48.91,296.68,99.14,60.7,1.63,0.81,4.89,32.74,23,19.48,112
4943,康控-KY,電子零組件業,-1.9,1666646000.0,0.0,0.0,2306129235.9284034,0.0,0.0,0.0,0.0,0.0,0.0,0.0,0.0,8.9,0.0,0.0,0.0,9.51,57,79.1,167
6843,進典,電機機械,2.21,808039000.0,365628506.7873303,0.87,907915723.686107,2.48,21.33,13.4,14.42,27.82,35.76,68.99,52.89,41.8,1.27,0.86,1.65,0.0,0,26.1,97
6844,諾貝兒,生技醫療業,2.35,3445244000.0,1466061276.5957446,1.18,3403690676.0194426,2.32,35.92,27.64,24.35,51.99,56.49,120.62,83.34,64.5,1.29,0.88,1.87,0.0,0,4.0,8
6846,綠茵,食品工業,5.39,903935000.0,167705936.92022264,2.19,849910857.4278573,5.07,14.43,6.72,11.66,18.38,59.12,93.19,73.16,68.2,1.07,0.87,1.37,9.69,121,12.88,11
6823,濾能,半導體業,-8.03,631530000.0,0.0,0.0,737858958.3566928,0.0,0.0,0.0,0.0,0.0,0.0,0.0,0.0,70.2,0.0,0.0,0.0,23.35,126,105.28,152
6821,聯寶,電子零組件業,1.13,587770000.0,520150442.4778761,0.54,532230167.8819794,1.02,36.75,40.09,24.2,64.29,24.68,65.58,37.48,68.0,0.55,0.36,0.96,59.84,146,0.0,0
6796,晉弘,化學生技醫療,0.13,698679000.0,5374453846.153846,0.05,667870608.5328628,0.12,247.65,488.53,55.85,544.38,6.7,65.33,29.72,61.0,0.49,0.11,1.07,15.61,36,15.91,140
6799,來頡,半導體業,3.71,954586000.0,257300808.62533692,1.62,993041157.3632959,3.86,30.24,25.07,20.03,45.1,77.32,174.09,116.72,97.0,1.2,0.8,1.79,13.33,15,0.99,7
6805,富世達,電子工業,31.0,12078622000.0,389632967.7419355,17.26,20538371335.763023,52.71,53.61,54.85,20.98,75.83,1105.86,3997.0,2826.01,1950.0,1.45,0.57,2.05,58.96,182,142.03,181
6733,博晟生醫,生技醫療業,-0.69,219222000.0,0.0,0.0,235897967.87741205,0.0,0.0,0.0,0.0,0.0,0.0,0.0,0.0,26.55,0.0,0.0,0.0,7.11,27,58.06,102
6732,昇佳電子,半導體業,6.21,4524877000.0,728643639.2914654,2.51,4305058970.090895,5.91,22.5,19.68,13.89,33.57,82.09,198.4,132.99,163.5,0.81,0.5,1.21,11.19,9,46.99,102
6730,常廣,生技醫療業,2.14,120733000.0,56417289.719626166,0.0,0.0,0.0,17.64,4.43,16.29,20.72,0.0,0.0,0.0,36.0,0.0,0.0,0.0,3.58,27,26.13,117
6642,富致,電子零組件業,2.6,541366000.0,208217692.3076923,1.47,579235916.6928114,2.78,21.45,23.0,13.91,36.91,38.67,102.61,59.62,85.3,0.7,0.45,1.2,14.09,140,0.34,11
6643,M31,半導體業,1.69,1664726000.0,985044970.4142013,0.82,1946067065.6060982,1.98,1190.55,17362.77,62.23,17425.0,123.22,34501.5,2357.29,556.0,4.24,0.22,62.05,29.65,42,6.41,27
6649,台生材,生技醫療業,1.4,213984000.0,152845714.2857143,0.36,134781090.7417421,0.88,54.27,94.17,27.86,122.03,24.52,107.39,47.76,39.4,1.21,0.62,2.73,24.41,152,104.99,131
6651,全宇昕,半導體業,6.31,1527269000.0,242039461.17274168,3.37,1552493346.4568205,6.41,13.17,14.81,8.45,23.26,54.16,149.1,84.45,141.0,0.6,0.38,1.06,48.22,124,1.64,6
6654,天正國際,其他電子類,0.0,348044000.0,0.0,0.0,587385442.7266176,0.0,6363.86,9125.95,254.05,9380.0,0.0,0.0,0.0,171.0,0.0,0.0,0.0,1.98,30,12.44,154
6655,科定,其他,3.93,2573178000.0,654752671.7557251,1.88,3178333855.116691,4.85,30.13,14.35,24.29,38.64,117.81,187.4,146.11,126.0,1.16,0.94,1.49,18.11,89,1.6,22
6657,華安,生技醫療業,-2.93,7153000.0,0.0,0.0,10609697.632871818,0.0,0.0,0.0,0.0,0.0,0.0,0.0,0.0,38.7,0.0,0.0,0.0,12.81,182,0.0,0
6658,聯策,其他電子業,1.39,2060888000.0,1482653237.410072,0.73,2251169561.1640177,1.52,106.35,417.25,40.37,457.62,61.36,695.58,161.65,188.0,0.86,0.33,3.7,124.55,142,13.16,27
6661,威健生技,生技醫療業,0.06,373224000.0,6220400000.0,0.02,414102158.8176759,0.07,267.76,288.0,186.0,474.0,13.02,33.18,18.74,16.35,1.15,0.8,2.03,59.31,47,9.39,120
6662,樂斯科,生技醫療業,1.66,268039000.0,161469277.10843375,0.7,253418977.04321277,1.57,19.3,6.31,16.21,22.52,25.45,35.36,30.31,29.5,1.03,0.86,1.2,4.69,36,4.13,32
6664,群翊,電子零組件業,15.08,2524979000.0,167438925.72944298,6.9,2949205243.3373904,17.61,17.98,23.46,8.6,32.06,151.45,564.58,316.57,408.5,0.77,0.37,1.38,44.12,83,43.97,90
6666,羅麗芬-KY,化學生技醫療,2.42,1098789000.0,454045041.3223141,1.01,1113347559.3206532,2.45,24.71,23.83,16.47,40.3,40.35,98.74,60.54,42.35,1.43,0.95,2.33,4.89,118,51.23,82
6640,均華,半導體業,12.75,2608139000.0,204559921.56862745,7.23,4822048406.341161,23.57,63.47,116.56,21.48,138.04,506.28,3253.6,1496.09,1190.0,1.26,0.43,2.73,153.89,83,81.66,110
6603,富強鑫,電機機械,0.61,4972290000.0,8151295081.967214,0.25,5444309224.070153,0.67,64.55,152.15,26.6,178.75,17.82,119.76,43.25,23.5,1.84,0.76,5.1,38.14,85,42.59,180
6605,帝寶,汽車工業,13.97,19461033000.0,1393058911.9541874,5.92,18792261783.343086,13.49,11.24,8.57,7.61,16.18,102.66,218.27,151.6,146.0,1.04,0.7,1.5,24.26,57,9.8,22
6606,建德工業,電機機械,1.1,807055000.0,733686363.6363636,0.51,921950741.5976807,1.26,27.42,12.02,21.51,33.53,27.1,42.25,34.55,26.45,1.31,1.02,1.6,28.29,92,3.34,88
6609,瀧澤科,電機機械,-1.53,2070606000.0,0.0,0.0,1868381823.4372377,0.0,28.99,44.32,14.78,59.1,0.0,0.0,0.0,45.9,0.0,0.0,0.0,150.0,141,15.99,71
6612,奈米醫材,生技醫療業,1.15,1091495000.0,949126086.9565219,0.55,1219826055.3562112,1.29,61.45,58.02,36.15,94.17,46.63,121.48,79.27,72.5,1.09,0.64,1.68,27.44,26,5.69,4
6613,朋億*,其他電子類,13.37,9026692000.0,675145250.5609574,6.13,9603125332.44739,14.22,12.4,11.35,8.33,19.68,118.45,279.85,176.33,262.0,0.67,0.45,1.07,1.0,1,32.93,85
6614,資拓宏宇,數位雲端,2.08,1407674000.0,676766346.1538461,0.0,0.0,0.0,24.5,16.95,15.4,32.35,0.0,0.0,0.0,39.85,0.0,0.0,0.0,11.21,1,48.12,97
6615,慧智,生技醫療業,-0.43,386891000.0,0.0,0.0,372136772.15722376,0.0,96.98,251.54,34.71,286.25,0.0,0.0,0.0,34.5,0.0,0.0,0.0,33.55,43,5.41,112
6617,共信-KY,生技醫療業,-0.92,35690000.0,0.0,0.0,42381065.80570268,0.0,0.0,0.0,0.0,0.0,0.0,0.0,0.0,68.2,0.0,0.0,0.0,0.0,0,2.26,43
6620,漢達,生技醫療業,4.85,163380000.0,33686597.93814433,0.0,0.0,0.0,17.31,7.41,13.92,21.33,0.0,0.0,0.0,70.8,0.0,0.0,0.0,0.89,6,80.67,130
6625,必應,其他,8.88,4041795000.0,455157094.59459454,3.64,6751254564.933182,14.83,13.35,17.56,7.15,24.71,106.03,366.45,197.92,74.7,2.65,1.42,4.91,9.06,7,23.7,29
6637,醫影,生技醫療業,7.16,1068011000.0,149163547.48603353,2.59,1723285623.7692037,11.55,14.0,15.3,8.79,24.09,101.52,278.24,161.71,67.1,2.41,1.51,4.15,47.62,15,50.82,18
6667,信紘科,其他電子類,13.77,6088926000.0,442187799.56427014,5.84,7295115945.712269,16.5,21.83,14.2,15.53,29.73,256.24,490.54,360.21,268.5,1.34,0.95,1.83,34.65,141,52.79,85
6668,中揚光,光電業,-1.93,1122085000.0,0.0,0.0,1379563346.0828183,0.0,0.0,0.0,0.0,0.0,0.0,0.0,0.0,39.0,0.0,0.0,0.0,1.76,7,6.26,22
6669,緯穎,電子工業,275.06,889139530000.0,3232529375.409002,143.4,1486671638675.716,459.91,19.45,26.54,12.0,38.54,5518.92,17724.93,8944.79,5660.0,1.58,0.98,3.13,17.43,14,89.94,159
6703,軒郁,生技醫療業,10.31,3226692000.0,312967216.29485935,5.34,3733925306.73247,11.93,13.74,9.82,9.71,19.53,115.84,232.99,163.92,110.0,1.49,1.05,2.12,1.19,30,16.67,83
6706,惠特,光電業,-3.92,991895000.0,0.0,0.0,393173699.48883796,0.0,0.0,0.0,0.0,0.0,0.0,0.0,0.0,190.0,0.0,0.0,0.0,157.41,156,60.27,183
6708,天擎,半導體業,0.24,277169000.0,1154870833.3333335,0.08,245413099.477858,0.21,1044.57,1481.0,154.0,1635.0,32.34,343.35,219.36,41.5,5.29,0.78,8.27,14.19,154,8.52,41
6712,長聖,生技醫療業,4.97,1030998000.0,207444265.59356138,2.38,1132310498.279321,5.46,35.06,35.85,23.36,59.21,127.55,323.29,191.45,140.0,1.37,0.91,2.31,5.46,40,19.87,118
6715,嘉基,電子工業,1.8,1674401000.0,930222777.7777778,0.92,1801265484.862875,1.94,56.12,252.4,19.54,271.94,37.91,527.56,108.88,434.0,0.25,0.09,1.22,20.48,30,0.0,0
6698,旭暉應材,電子工業,-1.65,1142237000.0,0.0,0.0,1022056436.6213264,0.0,0.0,0.0,0.0,0.0,0.0,0.0,0.0,45.75,0.0,0.0,0.0,50.13,28,38.81,95
6719,力智,半導體業,6.58,4540355000.0,690023556.231003,2.47,4508946133.166387,6.53,78.5,108.49,23.97,132.46,156.52,864.96,512.63,238.5,2.15,0.66,3.63,4.86,15,4.63,109
6720,久昌,半導體業,4.19,445852000.0,106408591.88544151,1.47,316660675.8847901,2.98,30.49,41.66,18.41,60.07,54.86,179.01,90.86,148.5,0.61,0.37,1.21,44.68,48,10.1,6
6721,信實,其他,4.65,3597037000.0,773556344.0860214,2.03,3838923046.809031,4.96,13.27,4.12,11.75,15.87,58.28,78.72,65.8,59.8,1.1,0.97,1.32,14.18,166,4.67,99
6722,輝創,其他電子業,3.39,418495000.0,123449852.50737463,0.0,0.0,0.0,15.29,5.11,13.28,18.39,0.0,0.0,0.0,39.65,0.0,0.0,0.0,2.5,34,24.25,140
6725,矽科宏晟,其他電子類,12.98,667194000.0,51401694.915254235,0.0,0.0,0.0,20.65,18.41,13.1,31.51,0.0,0.0,0.0,300.0,0.0,0.0,0.0,21.94,26,94.37,82
6727,亞泰金屬,電子零組件業,6.8,1497054000.0,220155000.0,5.03,3410025426.4704676,15.49,26.57,69.88,8.8,78.68,136.31,1218.75,411.56,472.5,0.87,0.29,2.58,37.59,174,299.83,97
6716,應廣,半導體業,2.18,1094881000.0,502238990.82568806,1.56,1522718173.6229744,3.03,25.82,52.1,11.06,63.16,33.51,191.37,78.23,101.0,0.77,0.33,1.89,0.4,2,19.93,151
6697,東捷資訊,資訊服務業,3.04,1414873000.0,465418750.0,1.3,1325300366.2892363,2.85,16.43,7.79,13.29,21.08,37.88,60.08,46.83,42.8,1.09,0.89,1.4,6.91,146,0.0,0
6672,騰輝電子-KY,電子工業,4.85,4224417000.0,871013814.4329897,3.06,5290184075.851232,6.07,18.47,36.39,10.21,46.6,61.97,282.86,112.13,219.0,0.51,0.28,1.29,3.66,21,59.03,96
6674,鋐寶科技,通信網路業,-1.13,627271000.0,0.0,0.0,440855602.1194982,0.0,0.0,0.0,0.0,0.0,0.0,0.0,0.0,18.4,0.0,0.0,0.0,6.9,169,15.24,69
6679,鈺太,半導體業,6.81,1974965000.0,290009544.78707784,3.67,2065121817.3574007,7.12,37.47,34.87,21.84,56.71,155.5,403.78,266.77,281.0,0.95,0.55,1.44,7.15,16,3.63,22
6680,鑫創電子,電腦及週邊設備業,-0.29,552367000.0,0.0,0.0,681472312.679962,0.0,36.18,59.55,15.2,74.75,0.0,0.0,0.0,54.5,0.0,0.0,0.0,21.39,103,0.0,0
6683,雍智科技,半導體業,15.42,2130984000.0,138196108.94941634,7.75,2789879126.260917,20.19,35.81,152.12,14.22,166.34,287.1,3358.4,722.93,1610.0,0.45,0.18,2.09,32.24,27,44.34,180
6684,安格,半導體業,1.57,315309000.0,200833757.96178344,0.65,296299536.3321055,1.48,36.41,33.0,19.95,52.95,29.53,78.37,53.89,48.95,1.1,0.6,1.6,10.08,42,24.18,138
6691,洋基工程,其他電子業,25.51,21089903000.0,826730811.4464915,15.66,36356170548.14726,43.98,21.76,16.3,14.52,30.82,638.59,1355.46,957.11,642.0,1.49,0.99,2.11,12.21,33,23.74,176
6692,進能服,綠能環保類,0.23,1868331000.0,8123178260.869565,0.03,364978083.742189,0.04,40.38,128.76,13.2,141.96,0.53,5.68,1.62,25.75,0.06,0.02,0.22,99.0,47,1.33,1
6693,廣閎科,半導體業,-0.09,1376725000.0,0.0,0.0,2215053348.62209,0.0,44.35,104.38,16.52,120.9,0.0,0.0,0.0,158.0,0.0,0.0,0.0,18.74,124,37.65,160
6695,芯鼎,半導體業,-1.83,1152118000.0,0.0,0.0,1049964641.452012,0.0,0.0,0.0,0.0,0.0,0.0,0.0,0.0,52.8,0.0,0.0,0.0,20.82,20,32.77,95
6597,立誠,電子零組件業,2.54,632474000.0,249005511.81102362,1.09,902383032.0963734,3.62,27.1,75.49,14.28,89.77,51.69,324.97,98.1,78.1,1.26,0.66,4.16,16.84,156,14.68,13
6994,富威電力,綠能環保,6.34,3365121000.0,530776182.9652997,5.67,11277727137.997904,21.25,60.0,124.92,8.13,133.05,172.76,2827.31,1274.96,62.7,20.33,2.76,45.09,43.6,35,0.0,0
6996,力領科技,半導體業,12.16,2658119000.0,218595312.5,5.82,3044349643.463335,13.93,13.5,7.04,9.21,16.25,128.3,226.36,188.08,192.5,0.98,0.67,1.18,5.8,16,3.92,105
6997,博弘,數位雲端類,5.11,4391103000.0,859315655.5772994,2.41,5229654109.020159,6.09,22.07,43.17,13.82,56.99,84.16,347.07,134.4,76.6,1.75,1.1,4.53,13.59,156,2.75,25
6983,華洋精機,其他電子類,4.46,336305000.0,75404708.52017938,0.86,219233524.18257496,2.91,96.79,29.33,88.97,118.3,258.9,344.25,281.66,361.0,0.78,0.72,0.95,49.06,48,51.92,95
7547,碩網,數位雲端類,2.61,225145000.0,86262452.1072797,0.0,0.0,0.0,31.35,42.51,20.04,62.55,0.0,0.0,0.0,62.5,0.0,0.0,0.0,0.0,0,99.19,63
7556,意德士,半導體業,7.21,736765000.0,102186546.4632455,3.43,831223388.6366489,8.13,27.04,24.48,20.45,44.93,166.26,365.28,219.82,281.5,0.78,0.59,1.3,6.27,30,11.3,84
7402,邑錡,光電業,0.1,534763000.0,5347630000.0,0.04,417247698.5569318,0.08,267.1,1292.47,42.53,1335.0,3.4,106.8,21.37,98.6,0.22,0.03,1.08,6.76,20,103.47,95
6982,大井泵浦,電機機械,0.06,1606908000.0,26781800000.0,0.03,1784141122.843231,0.07,143.92,981.88,14.79,996.67,1.04,69.77,10.07,61.4,0.16,0.02,1.14,23.42,56,41.65,78
6953,家碩,半導體業,7.98,1234907000.0,154750250.6265664,3.67,1571766914.0913548,10.16,29.94,24.48,17.52,42.0,178.0,426.72,304.23,237.0,1.28,0.75,1.8,22.93,34,59.38,125
6955,邦睿生技-創,創新板股票,4.42,299178000.0,67687330.31674208,2.14,352663411.04864335,5.21,46.1,25.59,35.11,60.7,182.92,316.25,240.19,145.0,1.66,1.26,2.18,9.24,42,14.36,63
6957,裕慶-KY,其他,10.2,3808258000.0,373358627.4509804,5.49,4642070178.718559,12.43,15.47,13.47,10.46,23.93,130.02,297.45,192.35,191.5,1.0,0.68,1.55,0.0,0,28.74,155
6958,日盛台駿,其他,-2.4,10918289000.0,0.0,0.0,9740421621.863518,0.0,27.91,28.82,17.08,45.9,0.0,0.0,0.0,16.9,0.0,0.0,0.0,3.3,6,9.81,46
6958A,日盛台駿甲特,其他,0.0,0.0,0.0,0.0,0.0,0.0,0.0,0.0,0.0,0.0,0.0,0.0,0.0,18.3,0.0,0.0,0.0,0.0,0,0.0,0
6961,旅天下,觀光餐旅,4.23,248963000.0,58856501.18203309,0.0,0.0,0.0,15.13,9.97,11.85,21.82,0.0,0.0,0.0,62.2,0.0,0.0,0.0,6.09,16,2.0,110
6962,奕力-KY,半導體業,2.89,19108313000.0,6611873010.380623,1.08,17301139291.810474,2.62,14.22,18.74,8.64,27.38,22.64,71.74,37.25,36.05,1.03,0.63,1.99,15.57,80,1.58,5
6965,中傑-KY,運動休閒,3.52,22451409000.0,6378241193.181818,1.28,17908260059.2019,2.81,15.79,42.77,8.04,50.81,22.59,142.78,44.37,81.7,0.54,0.28,1.75,0.0,0,12.47,46
6967,汎瑋材料,電子零組件業,4.03,1382324000.0,343008436.72456574,1.91,1719050729.8178885,5.01,17.88,11.61,11.82,23.43,59.22,117.38,89.6,71.5,1.25,0.83,1.64,16.5,30,29.45,98
6968,萬達寵物,居家生活類,2.51,3188322000.0,1270247808.7649403,1.18,3662920525.2367916,2.88,26.65,20.71,17.24,37.95,49.65,109.3,76.74,43.45,1.77,1.14,2.52,14.91,22,6.56,41
6971,惠民實業,綠能環保類,2.42,988744000.0,408571900.8264463,0.0,0.0,0.0,15.52,19.62,11.63,31.25,0.0,0.0,0.0,27.2,0.0,0.0,0.0,0.77,7,30.31,98
7713,威力德生醫,生技醫療業,5.96,1092554000.0,183314429.53020135,2.68,1314101934.6529603,7.17,16.6,7.77,13.45,21.22,96.44,152.15,119.0,71.9,1.66,1.34,2.12,10.96,183,37.31,98
7714,創泓科技,數位雲端類,6.33,1817600000.0,287140600.31595576,2.75,1807231171.6566362,6.29,21.77,16.26,14.81,31.07,93.15,195.43,136.93,140.0,0.98,0.67,1.4,2.66,36,54.5,98
7715,裕山,綠能環保類,3.11,1363429000.0,438401607.7170418,0.86,699731235.0338352,1.6,8.56,6.65,6.43,13.08,10.29,20.93,13.7,27.8,0.49,0.37,0.75,9.47,7,0.69,5
7716,昱臺國際,航運業,2.23,614609000.0,275609417.0403587,0.0,0.0,0.0,10.96,11.84,8.63,20.47,0.0,0.0,0.0,25.4,0.0,0.0,0.0,0.0,0,0.0,0
7717,萊德光電-KY,通信網路業,6.12,168424000.0,27520261.437908497,0.0,0.0,0.0,161.98,374.68,25.77,400.45,0.0,0.0,0.0,604.0,0.0,0.0,0.0,550.7,144,550.7,144
7721,微程式,數位雲端,0.57,292165000.0,512570175.43859655,0.0,0.0,0.0,70.97,155.28,21.45,176.73,0.0,0.0,0.0,78.3,0.0,0.0,0.0,28.23,167,36.63,27
7722,LINEPAY,數位雲端,7.46,7771476000.0,1041752815.0134048,3.33,8927193795.821226,8.57,63.76,54.78,35.25,90.03,302.09,771.56,546.45,305.5,1.79,0.99,2.53,17.89,156,36.56,22
7723,築間,觀光餐旅,-6.59,4033872000.0,0.0,0.0,5998234373.991804,0.0,56.61,97.22,13.57,110.79,0.0,0.0,0.0,22.95,0.0,0.0,0.0,5.49,14,5.19,1
7712,博盛半導體,半導體業,5.42,1326237000.0,244693173.43173432,2.33,1345928869.1019351,5.5,22.64,28.03,12.04,40.07,66.22,220.38,124.54,150.0,0.83,0.44,1.47,125.35,36,25.0,95
7728,光焱科技,其他電子類,4.95,338524000.0,68388686.86868687,2.51,401900286.6681874,5.88,100.74,251.6,24.4,276.0,143.47,1622.88,592.37,757.0,0.78,0.19,2.14,10.34,139,97.06,182
7730,暉盛-創,創新板股票,1.74,174841000.0,100483333.33333333,0.0,0.0,0.0,73.26,82.79,37.33,120.12,0.0,0.0,0.0,185.0,0.0,0.0,0.0,21.67,44,46.88,124
7732,金興精密,汽車工業,1.73,1119185000.0,646927745.6647398,0.69,915889791.6536107,1.42,19.29,15.24,11.99,27.23,17.03,38.67,27.39,36.25,0.76,0.47,1.07,13.54,142,0.35,5
7734,印能科技,半導體業,35.67,2285909000.0,64084917.297448836,22.97,3679029991.488212,57.41,39.87,97.58,18.39,115.97,1055.77,6657.84,2289.12,3055.0,0.75,0.35,2.18,38.15,170,16.46,46
7711,永擎,電腦及週邊設備業,13.04,8581110000.0,658060582.822086,0.0,0.0,0.0,25.28,24.77,17.28,42.05,0.0,0.0,0.0,393.0,0.0,0.0,0.0,23.01,80,58.75,119
7584,樂意,文化創意業,-1.98,981776000.0,0.0,0.0,767684280.1917692,0.0,22.27,31.9,13.73,45.63,0.0,0.0,0.0,26.4,0.0,0.0,0.0,50.71,40,1.74,6
7610,聯友金屬-創,創新板股票,5.33,804389000.0,150917260.7879925,0.0,0.0,0.0,169.31,433.27,53.87,487.14,0.0,0.0,0.0,1750.0,0.0,0.0,0.0,9.49,35,113.68,82
7631,聚賢研發-創,其他電子業,6.56,851604000.0,129817682.92682928,6.12,2373377154.915058,18.28,23.88,19.53,12.69,32.22,231.97,588.98,436.46,126.5,3.45,1.83,4.66,7.48,28,54.59,74
7642,昶瑞機電,電機機械,3.35,619877000.0,185037910.44776118,1.25,833399759.8420848,4.5,20.88,21.11,12.05,33.16,54.22,149.22,93.97,76.6,1.23,0.71,1.95,4.43,9,57.89,68
7703,銳澤,其他電子類,8.72,2572226000.0,294980045.8715596,3.47,2793302655.435911,9.47,23.31,19.07,14.3,33.37,135.42,316.01,220.79,200.0,1.1,0.68,1.58,0.83,147,111.72,88
7704,明遠精密,半導體業,2.07,657463000.0,317614975.84541065,0.92,729440581.7900766,2.3,25.11,16.51,15.62,32.13,35.93,73.9,57.76,61.9,0.93,0.58,1.19,14.8,42,6.53,25
7705,三商餐飲,觀光餐旅,1.93,6491220000.0,3363326424.870466,0.8,6861160332.062853,2.04,22.39,19.26,13.61,32.87,27.76,67.05,45.68,32.5,1.41,0.85,2.06,13.73,145,2.24,39
7708,全家餐飲,觀光餐旅,6.46,2693523000.0,416954024.7678019,2.88,3041970221.9367037,7.3,16.41,5.15,13.4,18.55,97.82,135.42,119.82,92.3,1.3,1.06,1.47,12.39,159,9.73,160
7709,榮田,電機機械,2.51,982361000.0,391378884.4621514,1.35,1187466938.6662936,3.03,17.38,58.71,7.38,66.09,22.36,200.25,52.65,111.5,0.47,0.2,1.8,17.5,33,0.82,7
6952,大武山,其他,-1.2,1663305000.0,0.0,0.0,3529759972.750859,0.0,31.96,27.8,21.29,49.09,0.0,0.0,0.0,36.5,0.0,0.0,0.0,0.0,0,1.22,6
6881,潤德,其他,19.42,2443619000.0,125830020.59732233,8.54,2708744657.5815773,21.53,15.29,7.37,11.92,19.29,256.64,415.31,329.29,269.0,1.22,0.95,1.54,8.37,13,0.21,1
6884,海柏特,資訊服務業,2.06,238706000.0,115876699.02912621,0.0,0.0,0.0,17.96,6.44,16.39,22.83,0.0,0.0,0.0,34.7,0.0,0.0,0.0,0.0,0,0.0,0
6885,全福生技,化學生技醫療,-3.32,4460000.0,0.0,0.0,124239041.91616768,0.0,0.0,0.0,0.0,0.0,0.0,0.0,0.0,26.55,0.0,0.0,0.0,57.72,42,32.52,18
6887,寶綠特-KY,綠能環保,4.64,4751693000.0,1024071767.2413794,1.98,3686364146.5851035,3.6,10.65,9.47,6.12,15.59,22.03,56.12,38.34,34.95,1.1,0.63,1.61,11.87,42,0.82,26
6890,來億-KY,運動休閒,13.01,39806004000.0,3059646733.2820907,4.77,32561524391.16142,10.64,34.8,78.58,11.56,90.14,123.0,959.09,370.3,242.5,1.53,0.51,3.96,123.64,175,19.89,11
6894,衛司特,綠能環保類,10.99,1360634000.0,123806551.41037306,6.77,2125941287.305031,17.17,23.53,19.2,16.24,35.44,278.84,608.5,404.04,384.0,1.05,0.73,1.58,4.42,33,31.21,151
6895,宏碩系統,半導體業,3.61,819077000.0,226891135.73407203,1.0,810839151.4809505,3.57,73.26,96.85,37.96,134.81,135.52,481.27,261.55,169.5,1.54,0.8,2.84,112.59,42,147.64,95
6899,創為精密,光電業,3.59,1175122000.0,327332033.4261839,1.41,1151842737.225781,3.52,15.73,6.26,12.71,18.97,44.74,66.77,55.37,62.2,0.89,0.72,1.07,1.74,36,8.14,154
6901,鑽石投資,其他,-1.38,-1063116000.0,0.0,0.0,0.0,0.0,0.0,0.0,0.0,0.0,0.0,0.0,0.0,14.3,0.0,0.0,0.0,11.63,43,10.38,7
6903,巨漢,其他電子類,10.62,3177380000.0,299188323.9171375,10.99,12531115007.429457,41.88,19.73,35.06,9.44,44.5,395.35,1863.66,826.23,393.0,2.1,1.01,4.74,8.57,2,44.54,166
6904,伯鑫,其他,5.44,880215000.0,161804227.94117644,2.16,794010769.7549093,4.91,16.36,11.84,11.32,23.16,55.58,113.72,80.31,118.0,0.68,0.47,0.96,5.11,30,0.0,0
6906,現觀科,數位雲端,1.87,354906000.0,189789304.8128342,0.86,342481188.496372,1.8,39.98,28.37,26.94,55.31,48.49,99.56,71.97,101.0,0.71,0.48,0.99,21.47,139,3.62,4
6907,雅特力-KY,半導體業,2.09,139884000.0,66930143.54066986,0.0,0.0,0.0,50.67,59.41,19.68,79.09,0.0,0.0,0.0,169.0,0.0,0.0,0.0,244.9,127,244.9,127
6877,鏵友益,其他電子類,0.61,505472000.0,828642622.9508197,0.15,242579325.01845354,0.29,237.81,790.71,55.12,845.83,15.98,245.29,68.97,152.0,0.45,0.11,1.61,113.43,75,29.77,68
6875,國邑*,生技醫療業,-2.98,69673000.0,0.0,0.0,60003643.19673987,0.0,347.21,283.27,232.73,516.0,0.0,0.0,0.0,34.95,0.0,0.0,0.0,0.0,0,33.33,145
6855,數泓科,其他電子類,7.86,616484000.0,78433078.88040712,3.07,570417756.3000342,7.27,16.68,10.22,12.83,23.05,93.27,167.57,121.25,130.0,0.93,0.72,1.29,30.92,124,6.07,5
6856,鑫傳,文化創意業,2.62,774482000.0,295603816.7938931,1.03,758005035.6186206,2.56,18.08,12.53,13.35,25.88,34.18,66.25,46.27,0.0,0.0,0.0,0.0,10.43,105,0.0,0
6859,伯特光,光電業,2.87,926738000.0,322905226.4808362,0.92,586822901.2549249,1.82,90.43,310.16,30.47,340.63,55.46,619.95,164.59,132.0,1.25,0.42,4.7,66.15,182,11.3,7
6861,睿生光電,化學生技醫療,3.84,2281307000.0,594090364.5833334,2.14,3119477582.1483936,5.25,25.04,100.32,10.91,111.23,57.28,583.96,131.48,351.5,0.37,0.16,1.66,16.92,21,35.53,119
6862,三集瑞-KY,電子工業,8.28,2269658000.0,274113285.0241546,2.81,1664624297.2869399,6.07,18.54,26.13,10.67,36.8,64.77,223.38,112.51,204.5,0.55,0.32,1.09,0.0,0,53.45,145
6863,永道-KY,通信網路業,3.0,4049237000.0,1349745666.6666667,1.58,4205621689.5042043,3.12,26.27,95.76,12.96,108.72,40.44,339.21,81.98,104.0,0.79,0.39,3.26,38.13,124,0.0,0
6870,騰雲,數位雲端類,7.11,780362000.0,109755555.55555555,3.54,1118596698.5459871,10.19,43.63,51.96,24.36,76.32,248.23,777.7,444.61,285.5,1.56,0.87,2.72,73.63,173,49.1,106
6872,浩宇生醫,生技醫療業,-2.14,11027000.0,0.0,0.0,81394552.91970803,0.0,0.0,0.0,0.0,0.0,0.0,0.0,0.0,17.1,0.0,0.0,0.0,9.33,26,1.04,4
6874,倍力,資訊服務業,3.16,1341672000.0,424579746.835443,2.69,2331958481.1158147,5.49,21.94,14.45,15.65,30.1,85.92,165.25,120.48,82.6,1.46,1.04,2.0,14.49,33,9.89,36
6908,宏碁遊戲-創,創新板股票,1.44,0.0,0.0,0.0,0.0,0.0,26.91,11.47,21.93,33.4,0.0,0.0,0.0,40.45,0.0,0.0,0.0,2.64,23,33.98,138
6909,創控,半導體業,1.02,369381000.0,362138235.2941176,0.67,1149430053.128464,3.17,42.29,44.94,24.64,69.58,78.11,220.57,134.07,48.05,2.79,1.63,4.59,16.71,36,7.92,6
6928,攸泰科技,電腦及週邊設備業,-0.73,1987148000.0,0.0,0.0,1731788209.0069208,0.0,27.68,19.04,17.99,37.03,0.0,0.0,0.0,46.6,0.0,0.0,0.0,19.66,26,55.94,90
6929,佑全,生技醫療業,-1.63,3229077000.0,0.0,0.0,3204235965.1362567,0.0,341.53,321.19,196.67,517.86,0.0,0.0,0.0,25.5,0.0,0.0,0.0,0.0,0,0.0,0
6931,青松健康,化學生技醫療,1.39,1108355000.0,797377697.8417267,0.64,1289083371.4309704,1.62,70.7,84.53,20.62,105.15,33.4,170.34,114.53,41.3,2.77,0.81,4.12,6.4,41,20.71,182
6933,AMAX-KY,電子工業,5.05,6971809000.0,1380556237.6237624,2.31,7224264827.181242,5.23,45.46,75.96,22.05,98.01,115.32,512.59,237.75,167.5,1.42,0.69,3.06,4.47,15,77.62,63
6934,心誠鎂,化學生技醫療,-3.92,70823000.0,0.0,0.0,0.0,0.0,0.0,0.0,0.0,0.0,0.0,0.0,0.0,71.6,0.0,0.0,0.0,26.72,146,45.68,85
6936,永鴻生技,化學生技醫療,1.83,1174176000.0,641626229.5081967,1.16,2045938872.9949894,3.19,19.63,7.25,16.61,23.86,52.99,76.11,62.62,34.55,1.81,1.53,2.2,6.02,156,11.41,140
6937,天虹,半導體業,3.01,2637017000.0,876085382.0598007,1.28,2166405741.679957,2.47,54.97,85.09,26.87,111.96,66.37,276.54,135.78,281.5,0.48,0.24,0.98,92.76,159,55.47,133
6944,兆聯實業,綠能環保,32.15,13084153000.0,406972099.533437,20.24,45398108213.41766,111.55,24.35,14.12,17.77,31.89,1982.24,3557.33,2716.03,939.0,2.89,2.11,3.79,47.06,48,49.4,154
6925,意藍,數位雲端類,3.09,159228000.0,51530097.08737864,1.65,448884970.16016483,8.71,39.39,44.97,19.75,64.72,172.02,563.71,343.12,76.2,4.5,2.26,7.4,2.0,35,36.19,18
6910,德鴻,數位雲端類,2.0,65267000.0,32633500.0,0.0,0.0,0.0,15.18,3.89,13.16,17.05,0.0,0.0,0.0,30.0,0.0,0.0,0.0,10.77,42,104.93,91
6913,鴻呈,電子零組件業,4.4,2590078000.0,588654090.9090909,2.65,3241702417.0257206,5.51,30.93,42.3,19.58,61.88,107.89,340.96,170.43,134.0,1.27,0.81,2.54,50.0,183,52.94,92
6914,阜爾運通,其他,9.61,5625004000.0,585328199.7918835,4.18,6140063161.359576,10.49,17.62,7.26,14.31,21.57,150.11,226.27,184.86,143.5,1.29,1.05,1.58,8.18,2,16.54,158
6916,華凌,光電業,-1.43,2011922000.0,0.0,0.0,2065432049.814166,0.0,74.38,171.1,26.71,197.81,0.0,0.0,0.0,20.45,0.0,0.0,0.0,6.8,8,5.88,13
6918,愛派司,化學生技醫療,5.17,630947000.0,122040038.68471953,3.08,1703781932.5865273,13.96,17.91,12.85,14.37,27.22,200.61,379.99,250.09,74.2,3.37,2.7,5.12,38.64,154,27.36,5
6919,康霈*,化學生技醫療,-0.23,38037000.0,0.0,0.0,11113332.459875533,0.0,0.0,0.0,0.0,0.0,0.0,0.0,0.0,96.0,0.0,0.0,0.0,78.2,26,41.3,26
6921,嘉雨思-創,創新板股票,0.34,25431000.0,74797058.8235294,0.0,0.0,0.0,155.38,255.61,50.27,305.88,0.0,0.0,0.0,72.7,0.0,0.0,0.0,65.08,119,65.08,119
6922,宸曜,電腦及週邊設備業,7.05,1695512000.0,240498156.0283688,3.23,1888386455.488265,7.85,26.71,23.6,17.5,41.1,137.38,322.64,209.66,184.5,1.14,0.74,1.75,16.43,33,25.21,97
6923,中台,綠能環保,3.03,1166339000.0,384930363.03630364,1.38,1236812051.1717892,3.21,25.31,23.4,14.31,37.71,45.94,121.05,81.24,78.7,1.03,0.58,1.54,11.94,22,69.61,126
4942,嘉彰,光電業,3.05,6065551000.0,1988705245.9016395,1.18,5807013960.141161,2.92,11.46,7.73,8.42,16.15,24.59,47.16,33.47,38.2,0.88,0.64,1.23,2.8,30,6.41,151
1786,科妍,化學生技醫療,2.24,885510000.0,395316964.28571427,0.92,890851172.9877534,2.25,34.74,23.78,24.9,48.68,56.02,109.53,78.15,55.1,1.42,1.02,1.99,22.42,76,28.66,49
1788,杏昌,生技醫療業,8.27,4249659000.0,513864449.8186216,3.71,4566937662.598481,8.89,17.27,3.11,15.37,18.48,136.64,164.29,153.56,135.0,1.14,1.01,1.22,2.45,8,1.05,8
1789,神隆,化學生技醫療,0.17,3270288000.0,19236988235.294117,0.07,3042250106.3653865,0.16,68.61,106.99,38.72,145.71,6.2,23.31,10.98,20.1,0.55,0.31,1.16,1.9,26,16.14,120
1795,美時,化學生技醫療,18.13,19522511000.0,1076807004.9641478,13.16,31561099492.23629,29.31,14.84,12.01,9.22,21.23,270.24,622.25,435.05,198.5,2.19,1.36,3.13,8.38,26,34.25,175
1796,金穎生技,食品工業,0.71,670666000.0,944600000.0,0.28,636645203.9726559,0.67,75.04,105.59,24.15,129.74,16.18,86.93,50.28,36.4,1.38,0.44,2.39,5.22,27,40.87,90
1799,易威,生技醫療業,-0.59,598330000.0,0.0,0.0,955339129.147931,0.0,0.0,0.0,0.0,0.0,0.0,0.0,0.0,34.0,0.0,0.0,0.0,132.25,79,0.0,0
1802,台玻,玻璃陶瓷,-0.2,41862489000.0,0.0,0.0,43294543674.1964,0.0,157.22,505.38,70.0,575.38,0.0,0.0,0.0,67.6,0.0,0.0,0.0,11.64,173,138.22,74
1805,寶徠,建材營造,0.23,297871000.0,1295091304.347826,0.22,292025518.17056096,0.23,37.17,121.99,4.34,126.33,1.0,29.06,8.55,11.05,0.77,0.09,2.63,23.04,75,3.66,41
1785,光洋科,其他電子類,3.14,38281563000.0,12191580573.248407,2.0,62498172818.71607,5.13,27.31,44.36,14.56,58.92,74.69,302.26,140.12,136.5,1.03,0.55,2.21,57.7,30,9.4,109
1806,冠軍,玻璃陶瓷,0.29,3360491000.0,11587900000.0,0.1,2599413804.6401067,0.22,45.01,101.44,26.29,127.73,5.78,28.1,9.9,8.2,1.21,0.7,3.43,30.09,54,5.78,22
1809,中釉,玻璃陶瓷,0.19,2509135000.0,13205973684.210526,0.08,2459729444.1385493,0.19,127.04,273.98,39.7,313.68,7.54,59.6,24.14,59.6,0.41,0.13,1.0,9.24,35,31.04,74
1810,和成,玻璃陶瓷,0.05,4622865000.0,92457300000.0,0.02,4238687365.6833005,0.05,200.36,510.13,4.87,515.0,0.24,25.75,10.02,22.6,0.44,0.01,1.14,1.57,117,49.38,90
1813,寶利徠,生技醫療業,-1.03,299357000.0,0.0,0.0,288052079.0906636,0.0,140.48,186.76,34.91,221.67,0.0,0.0,0.0,12.15,0.0,0.0,0.0,4.62,35,2.25,6
1815,富喬,電子零組件業,1.64,5946334000.0,3625813414.6341467,0.86,7940005918.571946,2.19,106.31,217.05,51.03,268.08,111.76,587.1,232.83,102.0,2.28,1.1,5.76,9.32,183,135.46,161
1817,凱撒衛,玻璃陶瓷,3.61,2685268000.0,743841551.2465374,1.43,2503610040.1565943,3.37,10.12,2.28,9.22,11.5,31.07,38.76,34.12,39.6,0.86,0.78,0.98,11.29,168,0.0,0
1903,士紙,造紙工業,1.28,153500000.0,119921875.0,0.55,154004036.11985224,1.28,107.59,118.62,36.86,155.48,47.18,199.01,137.72,48.9,2.82,0.96,4.07,1.4,2,0.0,0
1904,正隆,造紙工業,0.74,43601661000.0,58921163513.51351,0.31,43788339883.40162,0.74,45.04,88.25,15.08,103.33,11.16,76.46,33.33,21.9,1.52,0.51,3.49,1.04,15,8.96,50
1905,華紙,造紙工業,-0.56,18948619000.0,0.0,0.0,17341559421.940006,0.0,212.08,36.25,195.0,231.25,0.0,0.0,0.0,13.05,0.0,0.0,0.0,1.36,29,6.43,140
1906,寶隆,造紙工業,0.01,2994442000.0,299444200000.0,0.01,3143245191.0942736,0.01,249.36,1371.47,18.53,1390.0,0.19,13.9,2.49,12.55,0.2,0.02,1.11,0.0,0,7.48,117
1907,永豐餘,造紙工業,1.19,74277975000.0,62418466386.55463,0.5,73745090999.43498,1.18,27.55,20.94,17.14,38.08,20.23,44.93,32.51,26.05,1.25,0.78,1.72,11.76,118,5.71,172
1909,榮成,造紙工業,-0.39,45295774000.0,0.0,0.0,46769034361.11694,0.0,226.92,32.5,215.0,247.5,0.0,0.0,0.0,9.74,0.0,0.0,0.0,5.69,121,33.92,176
1808,潤隆,建材營造,1.36,2508837000.0,1844733088.235294,6.34,222898334536.16968,120.83,10.89,19.27,2.65,21.92,320.2,2648.59,1316.43,31.6,41.66,10.13,83.82,25.23,106,26.31,151
1784,訊聯,生技醫療業,1.02,1218200000.0,1194313725.490196,0.48,1349401264.181772,1.13,69.86,65.71,37.82,103.53,42.74,116.99,78.94,67.2,1.17,0.64,1.74,85.63,43,50.14,151
1783,和康生,生技醫療業,2.97,788475000.0,265479797.97979796,1.3,907205220.6340896,3.42,21.07,17.66,12.63,30.29,43.19,103.59,72.05,40.0,1.8,1.08,2.59,12.25,27,10.62,119
1731,美吾華,生技醫療業,1.36,1565385000.0,1151018382.352941,0.75,1709054444.9390225,1.48,17.31,4.9,15.21,20.11,22.51,29.76,25.61,21.7,1.18,1.04,1.37,2.33,21,1.31,13
1732,毛寶,化學工業,0.7,678784000.0,969691428.5714287,0.3,715181848.6988156,0.74,251.51,1543.44,29.06,1572.5,21.5,1163.65,186.12,26.5,7.02,0.81,43.91,11.33,21,6.88,60
1733,五鼎,化學生技醫療,1.63,1972447000.0,1210090184.04908,0.67,1751229362.4329417,1.45,22.95,17.43,15.6,33.03,22.62,47.89,33.28,30.8,1.08,0.73,1.55,7.95,34,21.95,138
1734,杏輝,化學生技醫療,1.97,3339984000.0,1695423350.253807,0.85,3516147336.1861386,2.07,17.17,5.71,14.14,19.85,29.27,41.09,35.54,31.45,1.13,0.93,1.31,4.43,26,0.92,26
1735,日勝化,化學工業,0.78,2318838000.0,2972869230.769231,0.36,2359120380.7650976,0.79,26.22,31.99,14.23,46.22,11.24,36.51,20.72,25.25,0.82,0.45,1.45,58.59,91,1.19,13
1737,臺鹽,食品工業,2.0,3285077000.0,1642538500.0,0.82,3281652470.8792996,2.0,19.0,7.37,15.7,23.07,31.4,46.14,37.99,31.75,1.2,0.99,1.45,5.16,105,2.76,75
1742,台蠟,化學工業,-1.08,115292000.0,0.0,0.0,59816876.8251354,0.0,28.8,46.51,11.23,57.74,0.0,0.0,0.0,16.1,0.0,0.0,0.0,6.22,118,2.16,26
1752,南光,化學生技醫療,2.41,2183273000.0,905922406.6390041,1.0,2062774922.5235891,2.28,22.31,29.71,12.7,42.41,28.96,96.69,50.86,33.7,1.51,0.86,2.87,2.22,19,8.25,95
1760,寶齡富錦,化學生技醫療,2.22,2040077000.0,918953603.6036035,0.92,2226096108.527443,2.42,53.09,65.59,23.98,89.57,58.03,216.76,128.49,61.3,2.1,0.95,3.54,5.32,21,0.0,0
1762,中化生,化學生技醫療,-4.4,852565000.0,0.0,0.0,1257465087.0544393,0.0,48.1,89.35,26.03,115.38,0.0,0.0,0.0,42.3,0.0,0.0,0.0,10.93,37,4.71,62
1773,勝一,化學工業,7.12,11492653000.0,1614136657.3033707,3.94,13251939461.914253,8.21,22.02,11.92,15.6,27.52,128.08,225.94,180.78,175.0,1.03,0.73,1.29,14.73,106,1.98,88
1776,展宇,化學工業,0.27,1096645000.0,4061648148.148148,0.12,1003739611.885011,0.25,39.61,72.84,19.1,91.94,4.78,22.98,9.9,18.5,0.54,0.26,1.24,45.6,110,0.85,6
1777,生泰,生技醫療業,5.86,1311930000.0,223878839.59044367,2.54,1171867889.7114818,5.23,12.35,8.36,8.8,17.16,46.02,89.75,64.59,71.9,0.9,0.64,1.25,17.19,36,0.78,5
1781,合世,生技醫療業,-1.3,405453000.0,0.0,0.0,337016220.0974174,0.0,38.46,23.44,23.53,46.97,0.0,0.0,0.0,11.95,0.0,0.0,0.0,29.57,33,0.0,0
2002,中鋼,鋼鐵工業,-0.28,321244068000.0,0.0,0.0,304518916127.03754,0.0,130.68,146.88,69.62,216.5,0.0,0.0,0.0,19.3,0.0,0.0,0.0,1.06,124,5.67,71
2002A,中鋼特,鋼鐵工業,0.0,0.0,0.0,0.0,0.0,0.0,0.0,0.0,0.0,0.0,0.0,0.0,0.0,38.4,0.0,0.0,0.0,1.27,44,1.37,32
2006,東和鋼鐵,鋼鐵工業,6.47,58516403000.0,9044266306.02782,3.26,55920569276.86373,6.18,10.96,3.17,9.72,12.89,60.07,79.66,67.74,67.0,1.01,0.9,1.19,16.83,124,14.31,181
2007,燁興,鋼鐵工業,-2.25,5443582000.0,0.0,0.0,3736605560.6383014,0.0,0.0,0.0,0.0,0.0,0.0,0.0,0.0,7.75,0.0,0.0,0.0,6.41,16,13.67,75
2064,晉椿,鋼鐵工業,-1.3,1601553000.0,0.0,0.0,1790601790.5187123,0.0,0.0,0.0,0.0,0.0,0.0,0.0,0.0,14.65,0.0,0.0,0.0,9.6,114,11.92,21
2065,世豐,鋼鐵工業,1.14,2055565000.0,1803127192.9824562,0.63,2107035551.0208702,1.17,21.75,36.3,10.34,46.64,12.1,54.57,25.45,34.3,0.74,0.35,1.59,0.0,0,1.12,13
2066,世德,電機機械,1.34,2575247000.0,1921826119.4029849,0.59,2623146834.930712,1.36,22.35,37.99,10.57,48.56,14.38,66.04,30.4,59.0,0.52,0.24,1.12,10.86,7,0.13,1
2067,嘉鋼,電機機械,-2.8,1025197000.0,0.0,0.0,943397328.7111742,0.0,0.0,0.0,0.0,0.0,0.0,0.0,0.0,6.53,0.0,0.0,0.0,12.97,34,82.66,138
2069,運錩,鋼鐵工業,1.62,10193120000.0,6292049382.716049,0.8,9225914303.167896,1.47,25.11,120.98,6.21,127.19,9.13,186.97,36.91,20.35,1.81,0.45,9.19,22.96,114,4.35,183
2070,精湛,電機機械,2.3,654366000.0,284506956.5217391,1.3,813638536.5781721,2.86,21.06,32.13,12.65,44.78,36.18,128.07,60.23,64.4,0.94,0.56,1.99,224.02,110,5.99,120
2072,世紀風電,綠能環保,14.43,0.0,0.0,0.0,0.0,0.0,14.34,3.25,12.66,15.91,0.0,0.0,0.0,195.0,0.0,0.0,0.0,20.15,12,13.2,25
2073,雄順,鋼鐵工業,-0.39,567661000.0,0.0,0.0,509886516.6989305,0.0,82.08,185.01,37.68,222.69,0.0,0.0,0.0,26.0,0.0,0.0,0.0,1.63,26,10.0,8
2101,南港,橡膠工業,1.01,8402501000.0,8319307920.792079,1.24,19746983192.90944,2.37,48.06,267.23,8.42,275.65,19.96,653.29,113.91,31.9,3.57,0.63,20.48,0.0,0,13.85,102
2102,泰豐,橡膠工業,6.29,262413000.0,41719077.901430845,2.21,181413335.11680087,4.35,2.97,0.48,2.74,3.22,11.92,14.01,12.93,18.15,0.71,0.66,0.77,17.43,68,10.0,19
2103,台橡,橡膠工業,0.54,36853803000.0,68247783333.33333,0.31,39095470023.02242,0.57,38.93,159.75,13.58,173.33,7.74,98.8,22.19,21.7,1.02,0.36,4.55,4.75,125,1.94,55
2104,國際中橡,橡膠工業,-4.27,15544371000.0,0.0,0.0,13022911050.920889,0.0,0.0,0.0,0.0,0.0,0.0,0.0,0.0,10.9,0.0,0.0,0.0,1.14,30,17.29,69
2105,正新,橡膠工業,1.5,91262756000.0,60841837333.333336,0.64,92555445663.99994,1.52,19.78,6.6,16.88,23.48,25.66,35.69,30.06,34.1,0.88,0.75,1.05,0.56,166,0.42,4
2106,建大,橡膠工業,0.13,33973366000.0,261333584615.3846,0.06,34320870770.130745,0.13,44.9,128.05,15.8,143.85,2.05,18.7,5.84,18.05,0.32,0.11,1.04,0.0,0,2.75,5
2107,厚生,橡膠工業,1.67,1476855000.0,884344311.3772455,0.63,1263873439.8026836,1.43,14.32,6.01,12.08,18.09,17.27,25.87,20.48,26.0,0.79,0.66,1.0,6.81,57,0.58,6
2108,南帝,橡膠工業,0.84,9722020000.0,11573833333.333334,0.5,11089573577.568815,0.96,28.13,18.52,18.43,36.95,17.69,35.47,27.01,32.15,0.84,0.55,1.1,33.97,33,0.0,0
2109,華豐,橡膠工業,1.16,4571076000.0,3940582758.62069,0.47,4211179151.721073,1.07,11.64,3.74,10.06,13.8,10.76,14.77,12.46,14.55,0.86,0.74,1.02,3.08,34,0.29,1
2114,鑫永銓,橡膠工業,5.78,1583164000.0,273903806.2283737,2.48,1722246455.7124665,6.29,16.84,3.9,15.1,19.0,94.98,119.51,105.9,93.5,1.13,1.02,1.28,0.0,0,4.3,5
2115,六暉-KY,汽車工業,1.58,2976173000.0,1883653797.4683545,0.9,3196699090.366757,1.7,16.4,24.48,11.31,35.79,19.23,60.84,27.88,22.0,1.27,0.87,2.77,1.95,34,0.34,1
2201,裕隆,汽車工業,0.93,74182384000.0,79766004301.07527,0.37,69650344064.15851,0.87,16.75,25.86,8.43,34.29,7.33,29.83,14.57,28.7,0.51,0.26,1.04,1.14,2,21.94,162
2204,中華,汽車工業,5.47,31570356000.0,5771545886.654479,2.63,35898155163.18967,6.22,10.25,6.25,7.32,13.57,45.53,84.41,63.75,56.6,1.13,0.8,1.49,6.4,37,0.46,5
2206,三陽工業,汽車工業,5.78,62818867000.0,10868316089.965397,2.31,60965973995.04895,5.61,10.65,3.51,8.79,12.3,49.31,69.0,59.73,63.3,0.94,0.78,1.09,7.84,41,0.0,0
2207,和泰車,汽車工業,33.93,278122174000.0,8196939994.105512,14.95,289589189515.95996,35.33,16.53,6.46,13.36,19.82,472.01,700.24,584.0,495.0,1.18,0.95,1.41,14.63,114,5.43,169
2208,台船,航運業,-1.76,21069459000.0,0.0,0.0,30819444844.175144,0.0,0.0,0.0,0.0,0.0,0.0,0.0,0.0,18.35,0.0,0.0,0.0,7.02,83,82.04,99
2063,世鎧,鋼鐵工業,1.72,994859000.0,578406395.3488373,0.69,891366316.1458298,1.54,15.55,11.59,9.45,21.04,14.55,32.4,23.94,25.15,0.95,0.58,1.29,0.0,0,5.26,13
2059,川湖,電子零組件業,103.23,16900584000.0,163717756.46614355,82.82,28937721818.514492,176.75,34.23,44.7,18.66,63.36,3298.16,11198.88,6050.04,5620.0,1.08,0.59,1.99,44.34,183,95.91,154
2008,高興昌,鋼鐵工業,0.69,1838397000.0,2664343478.26087,0.23,1444183939.415538,0.54,64.06,94.88,12.62,107.5,6.81,58.05,34.59,30.3,1.14,0.22,1.92,58.75,86,18.25,183
2009,第一銅,鋼鐵工業,0.33,2899358000.0,8785933333.333332,0.15,3472234305.4741254,0.4,94.45,133.7,40.41,174.11,16.16,69.64,37.78,42.0,0.9,0.38,1.66,2.92,2,46.7,182
2010,春源,鋼鐵工業,2.31,24455890000.0,10586965367.965368,0.99,26027649925.58086,2.46,11.1,6.45,8.81,15.26,21.67,37.54,27.31,24.25,1.13,0.89,1.55,0.74,16,11.62,74
2012,春雨,鋼鐵工業,0.2,8494670000.0,42473350000.0,0.07,7335367064.780973,0.17,33.42,66.74,17.01,83.75,2.89,14.24,5.68,14.6,0.39,0.2,0.98,14.97,82,1.47,5
2013,中鋼構,鋼鐵工業,3.19,21092061000.0,6611931347.962382,1.26,19080172923.848816,2.89,16.33,8.32,12.94,21.26,37.4,61.44,47.19,43.35,1.09,0.86,1.42,2.96,16,3.48,28
2014,中鴻,鋼鐵工業,-1.29,19913319000.0,0.0,0.0,15302784192.436668,0.0,0.0,0.0,0.0,0.0,0.0,0.0,0.0,18.75,0.0,0.0,0.0,3.38,118,12.62,74
2015,豐興,鋼鐵工業,3.88,29857638000.0,7695267525.773196,1.82,25532310547.517628,3.32,16.86,7.04,12.98,20.02,43.09,66.47,55.96,62.0,0.9,0.7,1.07,20.0,138,9.79,27
2017,官田鋼,鋼鐵工業,-0.55,2762431000.0,0.0,0.0,2592773456.5760674,0.0,54.57,94.65,29.93,124.58,0.0,0.0,0.0,9.63,0.0,0.0,0.0,4.55,12,6.96,75
2020,美亞,鋼鐵工業,2.13,4732647000.0,2221900000.0,0.81,4593039870.536776,2.07,9.2,8.43,4.64,13.07,9.6,27.05,19.04,21.6,0.88,0.44,1.25,0.0,0,0.0,0
2022,聚亨,鋼鐵工業,-0.02,9138401000.0,0.0,0.0,13960254010.135923,0.0,106.91,122.39,55.94,178.33,0.0,0.0,0.0,8.02,0.0,0.0,0.0,0.0,0,14.77,75
2023,燁輝,鋼鐵工業,-1.85,68592648000.0,0.0,0.0,60366824234.963326,0.0,0.0,0.0,0.0,0.0,0.0,0.0,0.0,13.95,0.0,0.0,0.0,7.17,121,5.54,112
2024,志聯,鋼鐵工業,-0.06,998528000.0,0.0,0.0,933034063.7650887,0.0,261.48,554.91,88.42,643.33,0.0,0.0,0.0,14.0,0.0,0.0,0.0,0.0,0,11.88,120
2025,千興,鋼鐵工業,-0.17,849427000.0,0.0,0.0,1729843250.301467,0.0,35.73,65.5,18.25,83.75,0.0,0.0,0.0,13.4,0.0,0.0,0.0,17.09,12,0.33,4
2027,大成鋼,鋼鐵工業,2.89,100432504000.0,34751731487.889275,1.48,124532800078.67471,3.58,20.03,28.4,11.52,39.92,41.24,142.91,71.71,43.8,1.64,0.94,3.26,5.6,51,18.49,64
2028,威致,鋼鐵工業,0.28,8491960000.0,30328428571.42857,0.12,8250882642.172529,0.27,37.88,72.66,16.25,88.91,4.39,24.01,10.23,17.0,0.6,0.26,1.41,3.7,2,10.0,48
2029,盛餘,鋼鐵工業,0.74,13822378000.0,18678889189.18919,0.28,11210901020.131847,0.6,16.68,22.76,10.95,33.71,6.57,20.23,10.01,20.9,0.48,0.31,0.97,1.08,29,2.09,64
2030,彰源,鋼鐵工業,0.34,10238365000.0,30112838235.294117,0.15,10146413931.061823,0.34,33.51,51.16,10.94,62.1,3.72,21.11,11.39,18.5,0.62,0.2,1.14,5.77,117,0.0,0
2031,新光鋼,鋼鐵工業,3.29,17286364000.0,5254213981.7629175,1.43,14998218818.978695,2.85,14.26,32.76,5.79,38.55,16.5,109.87,40.64,43.35,0.94,0.38,2.53,15.61,12,5.9,74
2032,新鋼,鋼鐵工業,0.56,3043460000.0,5434749999.999999,0.25,3155470501.718108,0.58,86.7,574.96,18.37,593.33,10.65,344.13,50.29,18.3,2.75,0.58,18.8,4.09,2,8.61,74
2033,佳大,鋼鐵工業,0.35,690733000.0,1973522857.1428573,0.15,724931469.101172,0.37,91.98,157.34,43.29,200.63,16.02,74.23,34.03,15.6,2.18,1.03,4.76,71.57,162,24.08,117
2034,允強,鋼鐵工業,0.2,12892899000.0,64464495000.0,0.08,10485524657.533854,0.16,102.23,20.71,95.24,115.95,15.24,18.55,16.36,20.5,0.8,0.74,0.9,1.57,16,2.24,29
2035,唐榮,鋼鐵工業,-5.77,9598781000.0,0.0,0.0,9430230690.924568,0.0,0.0,0.0,0.0,0.0,0.0,0.0,0.0,27.95,0.0,0.0,0.0,0.91,173,1.44,13
2038,海光,鋼鐵工業,-0.56,9134021000.0,0.0,0.0,7252802685.518191,0.0,144.6,363.21,43.79,407.0,0.0,0.0,0.0,14.1,0.0,0.0,0.0,3.7,2,6.05,75
2049,上銀,電機機械,4.3,24106189000.0,5606090465.11628,2.42,27485184246.193386,4.9,47.85,57.08,32.14,89.22,157.49,437.18,234.45,345.0,0.68,0.46,1.27,14.19,155,0.66,125
2061,風青,電器電纜,-0.97,1210025000.0,0.0,0.0,1261384723.7091212,0.0,64.43,17.92,53.19,71.11,0.0,0.0,0.0,39.8,0.0,0.0,0.0,41.45,57,14.08,117
1730,花仙子,化學生技醫療,4.5,2407003000.0,534889555.5555556,1.92,2418710811.7303534,4.52,13.35,5.81,11.32,17.13,51.17,77.43,60.32,52.8,1.14,0.97,1.47,0.71,55,0.71,4
1727,中華化,化學生技醫療,0.04,1937304000.0,48432600000.0,0.02,2247924981.989037,0.05,298.79,2041.47,38.53,2080.0,1.93,104.0,14.94,93.0,0.16,0.02,1.12,47.64,140,90.73,173
1528,恩德,電機機械,-0.35,2876650000.0,0.0,0.0,3156661508.213064,0.0,0.0,0.0,0.0,0.0,0.0,0.0,0.0,27.8,0.0,0.0,0.0,75.2,140,65.27,74
1529,樂事綠能,電機機械,1.01,853549000.0,845098019.8019801,0.48,781329253.0661521,0.92,446.08,2957.46,17.54,2975.0,16.14,2737.0,410.4,23.05,17.8,0.7,118.74,22.71,44,4.26,7
1530,亞崴,電機機械,-2.39,1972715000.0,0.0,0.0,1827995725.1924345,0.0,23.54,40.35,5.26,45.61,0.0,0.0,0.0,32.05,0.0,0.0,0.0,11.18,86,1.4,5
1531,高林股,電機機械,-0.12,1519930000.0,0.0,0.0,1313489166.9065118,0.0,62.61,157.09,19.91,177.0,0.0,0.0,0.0,13.15,0.0,0.0,0.0,18.0,176,5.67,32
1532,勤美,電機機械,0.99,15470842000.0,15627113131.313131,0.35,16309016315.78178,1.04,25.78,87.03,6.97,94.0,7.25,97.76,26.81,22.4,1.2,0.32,4.36,0.77,2,8.88,175
1533,車王電,汽車工業,0.57,4266318000.0,7484768421.052632,0.28,5381254719.332345,0.72,50.25,38.93,20.64,59.57,14.86,42.89,36.18,39.9,0.91,0.37,1.07,1.48,28,31.96,154
1535,中宇,電機機械,4.0,11721845000.0,2930461250.0,1.47,8962781210.821547,3.06,13.91,4.87,11.31,16.18,34.61,49.51,42.55,51.1,0.83,0.68,0.97,4.42,29,4.88,26
1536,和大,汽車工業,-2.75,4736402000.0,0.0,0.0,4653603530.9400625,0.0,1864.96,6554.45,45.55,6600.0,0.0,0.0,0.0,50.5,0.0,0.0,0.0,32.28,40,20.1,84
1537,廣隆,電機機械,7.95,6744803000.0,848402893.081761,3.36,6291190021.677006,7.42,14.41,6.61,10.9,17.51,80.88,129.92,106.94,128.5,0.83,0.63,1.01,11.22,174,1.05,74
1538,正峰,電機機械,-1.59,121225000.0,0.0,0.0,66276981.860320814,0.0,0.0,0.0,0.0,0.0,0.0,0.0,0.0,12.0,0.0,0.0,0.0,50.35,23,3.17,1
1539,巨庭,電機機械,0.21,1323001000.0,6300004761.904762,0.08,995252478.5972071,0.16,53.34,402.44,11.31,413.75,1.81,66.2,8.53,16.35,0.52,0.11,4.05,47.06,110,12.74,21
1540,喬福,電機機械,1.11,494539000.0,445530630.6306306,0.34,364335469.9723497,0.82,20.58,24.83,11.16,35.99,9.15,29.51,16.87,22.6,0.75,0.4,1.31,145.45,112,0.16,7
1541,錩泰,電機機械,2.31,3631236000.0,1571963636.3636363,0.65,2599346994.603687,1.65,41.25,195.38,8.85,204.23,14.6,336.98,68.07,22.35,3.05,0.65,15.08,13.59,86,15.07,13
1558,伸興,電機機械,5.52,8215440000.0,1488304347.826087,2.11,7820087778.611886,5.25,17.34,7.81,13.07,20.88,68.62,109.62,91.03,91.8,0.99,0.75,1.19,16.83,106,8.7,27
1560,中砂,電機機械,9.28,8044403000.0,866853771.5517242,5.41,9912090137.505182,11.43,46.89,49.91,23.27,73.18,265.98,836.45,535.91,698.0,0.77,0.38,1.2,33.04,134,31.05,43
1563,巧新,汽車工業,1.38,7062178000.0,5117520289.855073,0.57,6832305428.462332,1.34,24.73,145.32,13.54,158.86,18.14,212.87,33.14,65.3,0.51,0.28,3.26,0.0,0,1.61,12
1565,精華,生技醫療業,9.02,4213443000.0,467122283.8137472,3.27,3393981656.967618,7.27,13.37,11.33,9.48,20.81,68.92,151.29,97.21,95.6,1.02,0.72,1.58,28.69,168,0.6,1
1568,倉佑,汽車工業,1.36,1024194000.0,753083823.5294117,0.62,1073225066.9561907,1.43,18.49,28.94,8.22,37.16,11.75,53.14,26.43,43.8,0.6,0.27,1.21,17.86,41,7.36,89
1569,濱川,電腦及週邊設備業,-5.63,3317106000.0,0.0,0.0,3077959625.429007,0.0,149.09,47.22,131.39,178.61,0.0,0.0,0.0,51.1,0.0,0.0,0.0,163.82,177,37.4,137
1570,力肯,電機機械,0.58,541569000.0,933739655.1724138,0.19,441199427.42541987,0.47,37.1,147.49,8.76,156.25,4.12,73.44,17.44,48.65,0.36,0.08,1.51,20.0,14,46.53,120
1580,新麥,電機機械,12.54,4988857000.0,397835486.4433812,4.86,4636811892.466419,11.66,10.95,4.42,8.61,13.03,100.39,151.93,127.68,127.0,1.01,0.79,1.2,3.18,19,4.55,63
1582,信錦,電子工業,3.45,8857470000.0,2567382608.695652,1.39,8140892456.084071,3.17,16.5,33.45,10.0,43.45,31.7,137.74,52.29,103.5,0.51,0.31,1.33,4.85,105,0.0,0
1583,程泰,電機機械,-4.78,3907346000.0,0.0,0.0,4343102744.1317,0.0,19.48,55.34,3.99,59.33,0.0,0.0,0.0,55.2,0.0,0.0,0.0,0.28,1,0.0,0
1584,精剛,其他,0.45,2604026000.0,5786724444.444445,0.16,2118290979.4832926,0.37,60.52,224.42,7.85,232.27,2.9,85.94,22.39,20.0,1.12,0.14,4.3,26.91,77,6.07,84
1527,鑽全,電機機械,1.52,2910053000.0,1914508552.631579,0.55,2433253367.8378158,1.27,17.77,27.12,9.8,36.92,12.45,46.89,22.57,33.4,0.68,0.37,1.4,10.94,84,3.56,57
1586,和勤,電機機械,-0.36,2321202000.0,0.0,0.0,2255414311.3734517,0.0,73.39,153.23,42.19,195.42,0.0,0.0,0.0,21.45,0.0,0.0,0.0,16.45,35,7.07,63
1526,日馳,電機機械,-0.11,763306000.0,0.0,0.0,653812305.0679511,0.0,0.0,0.0,0.0,0.0,0.0,0.0,0.0,15.25,0.0,0.0,0.0,0.0,0,0.0,0
1524,耿鼎,汽車工業,1.95,2712548000.0,1391050256.4102564,0.76,2161405491.580519,1.55,11.77,14.8,7.7,22.5,11.94,34.88,18.24,32.3,0.56,0.37,1.08,7.74,174,7.05,145
1467,南緯,紡織纖維,-0.46,5217867000.0,0.0,0.0,5119182974.738465,0.0,31.58,39.67,15.33,55.0,0.0,0.0,0.0,7.71,0.0,0.0,0.0,6.99,36,3.11,5
1468,昶和,紡織纖維,0.2,852022000.0,4260110000.0,0.05,489224381.8553858,0.11,46.07,122.77,12.23,135.0,1.35,14.85,5.07,12.05,0.42,0.11,1.23,5.15,26,2.8,5
1470,大統新創,紡織纖維,0.78,791565000.0,1014826923.076923,0.32,738562249.8689598,0.73,30.0,22.75,18.19,40.94,13.28,29.89,21.9,22.4,0.98,0.59,1.33,25.49,79,4.98,133
1471,首利,電子工業,0.03,195999000.0,6533300000.0,0.01,90932206.9892473,0.01,267.37,680.16,39.84,720.0,0.4,7.2,2.67,11.45,0.23,0.03,0.63,0.0,0,0.0,0
1473,台南,紡織纖維,0.57,7006641000.0,12292352631.578949,0.23,5268618958.286893,0.43,15.97,34.46,8.79,43.25,3.78,18.6,6.87,21.3,0.32,0.18,0.87,13.64,2,7.27,138
1474,弘裕,紡織纖維,0.34,2954273000.0,8689038235.294117,0.14,2715015943.5866795,0.31,30.81,64.5,11.68,76.18,3.62,23.62,9.55,10.55,0.91,0.34,2.24,6.86,34,3.89,22
1475,業旺,紡織纖維,2.72,1501811000.0,552136397.0588235,1.1,1326027038.2659128,2.4,9.56,9.18,5.44,14.62,13.06,35.09,22.95,25.95,0.88,0.5,1.35,27.19,56,1.6,27
1476,儒鴻,紡織纖維,20.1,38111954000.0,1896117114.4278605,10.15,38148102933.69108,20.12,20.4,13.03,13.24,26.27,266.39,528.55,410.51,355.5,1.15,0.75,1.49,16.12,156,12.29,29
1477,聚陽,紡織纖維,14.65,34751748000.0,2372132969.2832766,7.34,33064483894.173088,13.94,18.99,13.98,13.1,27.08,182.61,377.5,264.77,228.0,1.16,0.8,1.66,18.12,44,29.44,174
1503,士電,電機機械,6.28,36565338000.0,5822506050.955414,3.27,42640789156.47029,7.32,33.76,38.46,19.54,58.0,143.03,424.56,247.11,241.5,1.02,0.59,1.76,31.25,40,18.26,151
1504,東元,電機機械,2.42,58304590000.0,24092805785.123966,1.29,63338086829.77579,2.63,25.51,31.72,16.32,48.04,42.92,126.35,67.1,78.4,0.86,0.55,1.61,2.97,2,132.49,137
1506,正道,電機機械,0.06,1082820000.0,18047000000.0,0.03,1155292098.9636781,0.06,129.67,231.54,58.46,290.0,3.51,17.4,7.78,10.2,0.76,0.34,1.71,6.49,37,21.85,88
1512,瑞利,汽車工業,0.19,1126766000.0,5930347368.421053,0.09,1230289303.3902254,0.21,34.32,16.2,24.96,41.16,5.24,8.64,7.21,7.08,1.02,0.74,1.22,7.37,12,18.07,32
1513,中興電,電機機械,8.07,27235004000.0,3374845600.991326,3.37,28183917627.96938,8.35,24.21,50.35,14.53,64.88,121.33,541.75,202.11,170.5,1.19,0.71,3.18,42.73,40,11.0,85
1514,亞力,電機機械,3.32,10435225000.0,3143140060.240964,1.47,12903014148.86695,4.11,36.25,22.27,25.63,47.9,105.34,196.87,148.98,135.0,1.1,0.78,1.46,47.47,35,8.37,11
1515,力山,電機機械,0.97,5144303000.0,5303405154.639175,0.36,5850482622.944528,1.1,23.67,60.79,8.59,69.38,9.45,76.32,26.03,26.3,0.99,0.36,2.9,6.87,33,8.82,88
1516,川飛,其他,0.03,86650000.0,2888333333.3333335,0.01,96706263.25421956,0.03,188.95,1073.8,21.2,1095.0,0.64,32.85,5.67,21.0,0.27,0.03,1.56,9.35,35,0.0,0
1517,利奇,電機機械,-0.69,2050514000.0,0.0,0.0,1677607586.9092305,0.0,0.0,0.0,0.0,0.0,0.0,0.0,0.0,10.45,0.0,0.0,0.0,6.76,42,28.96,131
1519,華城,電機機械,14.26,24042291000.0,1685995161.2903225,6.46,26079448330.37988,15.47,49.22,67.74,21.53,89.27,333.07,1381.01,761.41,851.0,0.89,0.39,1.62,46.89,29,72.56,151
1521,大億,汽車工業,0.87,3577067000.0,4111571264.367816,0.41,4127061869.413244,1.0,60.56,199.63,18.61,218.24,18.61,218.24,60.56,27.7,2.19,0.67,7.88,0.0,0,5.73,11
1522,堤維西,汽車工業,1.72,23266762000.0,13527187209.302326,0.87,34091170453.260952,2.52,23.88,102.59,8.86,111.45,22.33,280.85,60.17,32.1,1.87,0.7,8.75,10.29,20,6.95,145
1522A,堤維西甲特,汽車工業,0.0,0.0,0.0,0.0,0.0,0.0,0.0,0.0,0.0,0.0,0.0,0.0,0.0,50.2,0.0,0.0,0.0,0.0,0,0.0,0
1525,江申,汽車工業,3.21,1254025000.0,390661993.7694704,1.31,1256256060.8587766,3.22,17.88,30.8,14.08,44.88,45.34,144.51,57.56,66.5,0.87,0.68,2.17,0.0,0,13.1,95
2211,長榮鋼,鋼鐵工業,8.59,15356743000.0,1787746565.774156,3.24,13715541908.946379,7.67,14.29,9.13,11.17,20.3,85.67,155.7,109.64,93.8,1.17,0.91,1.66,5.05,7,31.09,173
1587,吉茂,汽車工業,0.38,2594055000.0,6826460526.315789,0.18,3177354200.3040004,0.47,146.32,202.19,68.29,270.48,32.1,127.13,68.77,30.3,2.27,1.06,4.2,9.18,9,45.83,182
1591,駿吉-KY,電機機械,-2.74,134840000.0,0.0,0.0,482291591.41607153,0.0,0.0,0.0,0.0,0.0,0.0,0.0,0.0,41.0,0.0,0.0,0.0,4.65,13,16.41,118
1711,永光,化學工業,-0.2,7633140000.0,0.0,0.0,7700334692.262184,0.0,88.9,187.61,32.39,220.0,0.0,0.0,0.0,47.45,0.0,0.0,0.0,48.69,107,29.41,97
1712,興農,化學工業,2.6,18555010000.0,7136542307.692307,1.15,18823655266.461853,2.64,17.13,4.53,15.22,19.75,40.18,52.14,45.23,39.3,1.15,1.02,1.33,15.11,159,6.79,132
1713,國化,化學工業,3.86,462367000.0,119784196.89119172,2.05,493623345.7604593,4.12,10.62,24.49,4.15,28.64,17.1,118.0,43.73,49.55,0.88,0.35,2.38,17.31,41,5.08,57
1714,和桐,化學工業,0.5,23123551000.0,46247102000.0,0.28,33971155389.601307,0.73,20.95,27.43,12.76,40.19,9.31,29.34,15.29,11.5,1.33,0.81,2.55,8.09,30,8.16,154
1717,長興,化學工業,1.41,40929375000.0,29027925531.914894,0.63,41906723249.64959,1.44,26.43,43.39,15.26,58.65,21.97,84.46,38.06,77.4,0.49,0.28,1.09,13.45,114,79.69,88
1718,中纖,化學工業,0.09,46499190000.0,516657666666.6667,0.04,44839062968.59911,0.09,189.32,344.71,26.29,371.0,2.37,33.39,17.04,9.85,1.73,0.24,3.39,12.05,43,8.36,181
1720,生達,化學生技醫療,5.19,6996447000.0,1348063005.7803466,2.15,7149587767.91451,5.3,12.78,5.58,10.45,16.03,55.38,84.96,67.72,63.1,1.07,0.88,1.35,11.0,51,11.79,181
1721,三晃,化學工業,-1.85,1749814000.0,0.0,0.0,1586945682.83094,0.0,0.0,0.0,0.0,0.0,0.0,0.0,0.0,26.8,0.0,0.0,0.0,79.79,124,15.13,97
1722,台肥,化學工業,0.95,12159186000.0,12799143157.894737,0.45,13161965246.176765,1.03,31.22,37.31,16.06,53.37,16.54,54.97,32.16,48.25,0.67,0.34,1.14,1.24,19,5.54,22
1723,中碳,化學工業,2.65,5957830000.0,2248237735.8490567,1.12,5318571910.729109,2.37,20.89,18.66,16.22,34.88,38.44,82.67,49.5,85.3,0.58,0.45,0.97,0.91,7,0.33,28
1725,元禎,化學工業,1.52,8074797000.0,5312366447.368421,0.73,8794689748.885586,1.66,21.66,29.91,12.49,42.4,20.73,70.38,35.96,33.55,1.07,0.62,2.1,15.59,30,3.19,21
1726,永記,化學工業,5.5,9902046000.0,1800372000.0,2.48,10182414423.695318,5.66,14.2,2.82,12.85,15.67,72.73,88.69,80.37,79.1,1.02,0.92,1.12,0.85,41,3.13,26
1710,東聯,化學生技醫療,-1.01,22752814000.0,0.0,0.0,20547977383.445877,0.0,722.11,270.0,597.5,867.5,0.0,0.0,0.0,15.7,0.0,0.0,0.0,11.21,105,0.78,74
1590,亞德客-KY,電機機械,42.01,33793633000.0,804418781.2425613,26.82,42581225322.809364,52.93,24.34,19.19,17.71,36.9,937.39,1953.12,1288.14,1320.0,0.98,0.71,1.48,3.94,20,5.93,154
1709,和益,化學工業,1.23,9076666000.0,7379403252.03252,0.53,8548621121.153147,1.16,15.25,14.39,10.42,24.81,12.09,28.78,17.69,20.2,0.88,0.6,1.42,29.83,44,3.89,75
1597,直得,電機機械,0.92,1100199000.0,1195868478.2608695,0.51,1574060143.4137983,1.32,112.51,138.93,56.67,195.6,74.8,258.19,148.51,167.5,0.89,0.45,1.54,65.03,65,3.27,67
1599,宏佳騰,電機機械,-0.83,1853729000.0,0.0,0.0,2256161446.733788,0.0,149.29,410.59,16.91,427.5,0.0,0.0,0.0,24.15,0.0,0.0,0.0,11.53,56,14.8,61
1603,華電,電器電纜,3.25,5327948000.0,1639368615.3846154,1.49,5701149263.365266,3.48,11.81,6.21,9.07,15.28,31.56,53.17,41.1,32.9,1.25,0.96,1.62,8.67,9,12.13,13
1604,聲寶,電器電纜,1.7,9211058000.0,5418269411.764706,0.71,8702683600.41208,1.61,13.69,3.31,11.84,15.15,19.06,24.39,22.04,23.5,0.94,0.81,1.04,1.22,30,0.77,1
1605,華新,電器電纜,0.75,172412266000.0,229883021333.33334,0.31,163168260522.58414,0.71,54.22,146.69,23.31,170.0,16.55,120.7,38.49,39.55,0.97,0.42,3.05,2.75,2,61.74,161
1608,華榮,電器電纜,5.5,11348843000.0,2063426000.0,2.61,13009202091.51581,6.3,14.54,23.68,5.66,29.34,35.66,184.84,91.59,36.1,2.54,0.99,5.12,19.15,37,66.46,153
1609,大亞,電器電纜,1.64,31235095000.0,19045789634.146343,0.74,35511387241.37856,1.86,21.95,21.62,13.92,35.54,25.89,66.1,40.83,39.1,1.04,0.66,1.69,21.4,44,16.47,91
1611,中電,電器電纜,0.02,1081359000.0,54067950000.0,0.01,967918924.7013059,0.02,77.32,391.13,22.2,413.33,0.44,8.27,1.55,14.1,0.11,0.03,0.59,21.19,44,1.88,71
1612,宏泰,電器電纜,2.77,7480411000.0,2700509386.2815886,1.39,7698018621.083055,2.85,14.37,7.92,11.26,19.18,32.09,54.66,40.96,39.5,1.04,0.81,1.38,4.34,9,22.02,151
1614,三洋電,電器電纜,0.97,5459864000.0,5628725773.195876,0.45,4834418837.163452,0.86,41.93,34.36,23.14,57.5,19.9,49.45,36.06,32.95,1.09,0.6,1.5,5.07,21,1.01,7
1615,大山,電器電纜,4.93,5816581000.0,1179833874.239351,2.37,5477237188.877202,4.64,13.22,12.02,9.01,21.03,41.81,97.58,61.35,45.65,1.34,0.92,2.14,6.79,2,5.64,70
1616,億泰,電器電纜,1.55,5247241000.0,3385316774.193548,0.75,5399649597.752075,1.6,14.92,20.68,6.88,27.56,11.01,44.1,23.88,23.25,1.03,0.47,1.9,15.72,35,58.94,13
1617,榮星,電器電纜,0.68,3309047000.0,4866245588.235293,0.33,3966689055.2420187,0.82,117.57,473.03,16.14,489.17,13.23,401.12,96.41,16.7,5.77,0.79,24.02,31.32,7,3.33,7
1618,合機,電器電纜,4.21,5305333000.0,1260174109.263658,1.33,3292200242.401742,2.61,12.7,18.23,8.37,26.6,21.85,69.43,33.16,42.0,0.79,0.52,1.65,25.0,34,5.88,62
1623,大東電,電器電纜,13.61,605208000.0,44467891.2564291,0.0,0.0,0.0,17.55,15.68,12.96,28.64,0.0,0.0,0.0,229.0,0.0,0.0,0.0,16.63,37,21.68,176
1626,艾美特-KY,電器電纜,-0.86,8062687000.0,0.0,0.0,6868356894.04942,0.0,0.0,0.0,0.0,0.0,0.0,0.0,0.0,10.05,0.0,0.0,0.0,7.38,128,8.82,41
1702,南僑,食品工業,1.11,23430771000.0,21108802702.7027,0.46,22573404481.38799,1.07,16.7,36.28,10.04,46.32,10.74,49.56,17.87,31.4,0.57,0.34,1.58,5.0,124,0.0,0
1707,葡萄王,化學生技醫療,8.22,10614460000.0,1291296836.9829683,3.03,9655316638.621439,7.48,14.65,4.32,12.45,16.77,93.13,125.44,109.6,101.5,1.08,0.92,1.24,0.93,9,2.64,49
1708,東鹼,化學工業,3.28,6180360000.0,1884256097.5609758,1.48,6703992327.457332,3.56,12.44,21.6,7.36,28.96,26.2,103.1,44.28,49.1,0.9,0.53,2.1,33.08,168,2.59,182
2221,大甲,其他,2.31,1380803000.0,597750216.4502164,1.06,1500399811.038167,2.51,14.33,10.11,10.36,20.47,26.0,51.38,35.97,46.8,0.77,0.56,1.1,1.6,41,10.11,26
2227,裕日車,汽車工業,1.29,15328057000.0,11882214728.68217,0.44,11850366612.558897,1.0,28.17,45.09,9.32,54.41,9.32,54.41,28.17,49.95,0.56,0.19,1.09,1.43,15,8.55,55
2228,劍麟,汽車工業,5.24,4949851000.0,944628053.4351145,2.14,4742487870.816964,5.02,13.21,12.78,7.52,20.3,37.75,101.91,66.31,86.3,0.77,0.44,1.18,1.22,133,29.28,85
2399,映泰,電腦及週邊設備業,0.15,1753395000.0,11689300000.0,0.06,1640912840.3094459,0.14,307.12,565.45,27.05,592.5,3.79,82.95,43.0,48.75,0.88,0.08,1.7,97.26,140,36.75,144
2401,凌陽,半導體業,-0.37,6278566000.0,0.0,0.0,7003559010.549703,0.0,52.76,21.81,42.39,64.2,0.0,0.0,0.0,27.45,0.0,0.0,0.0,9.89,30,28.46,78
2402,毅嘉,電子工業,2.47,10728500000.0,4343522267.206477,1.35,12347249374.311546,2.84,20.43,23.71,12.24,35.95,34.76,102.1,58.02,66.3,0.88,0.52,1.54,33.24,134,60.57,82
2404,漢唐,其他電子業,48.08,63949846000.0,1330071672.2129784,26.82,110331972486.70392,82.95,18.07,20.78,11.84,32.62,982.13,2705.83,1498.49,1205.0,1.24,0.82,2.25,29.2,183,121.22,85
2405,輔信,電子工業,-0.2,1728395000.0,0.0,0.0,1811249144.4070318,0.0,386.68,565.84,155.83,721.67,0.0,0.0,0.0,20.5,0.0,0.0,0.0,34.13,33,16.33,139
2406,國碩,光電業,-0.91,5758962000.0,0.0,0.0,15329312105.662067,0.0,0.0,0.0,0.0,0.0,0.0,0.0,0.0,34.65,0.0,0.0,0.0,26.36,27,128.57,75
2408,南亞科,半導體業,2.13,56774899000.0,26654882159.624416,4.29,409416631416.7377,15.36,79.14,105.05,24.53,129.58,376.78,1990.35,1215.66,360.0,3.38,1.05,5.53,18.25,33,217.14,165
2409,友達,光電業,0.9,280792168000.0,311991297777.7778,0.37,272562031682.78394,0.87,23.08,76.82,14.59,91.41,12.69,79.53,20.08,27.1,0.74,0.47,2.93,12.86,37,7.63,112
2412,中華電,通信網路業,4.99,237858930000.0,47667120240.48096,2.18,247111914920.26605,5.18,26.77,3.28,25.05,28.33,129.76,146.75,138.65,141.0,0.98,0.92,1.04,0.79,9,6.15,75
2413,環科,電子工業,0.4,3331719000.0,8329297500.0,0.17,3506831039.7321253,0.42,97.91,153.17,33.39,186.56,14.02,78.36,41.12,51.1,0.8,0.27,1.53,23.35,149,58.11,175
2414,精技,電子工業,3.17,28246381000.0,8910530283.911673,1.5,34652415882.74734,3.89,14.51,5.17,12.98,18.15,50.49,70.6,56.43,52.8,1.07,0.96,1.34,12.65,26,13.43,36
2415,錩新,電子工業,1.81,2329168000.0,1286833149.1712706,0.97,2604016065.0841327,2.02,32.15,119.63,13.7,133.33,27.67,269.33,64.94,27.7,2.34,1.0,9.72,26.82,113,9.76,162
2417,圓剛,電子工業,-0.19,3260578000.0,0.0,0.0,3899961096.774966,0.0,149.08,97.45,109.86,207.31,0.0,0.0,0.0,48.8,0.0,0.0,0.0,19.96,30,25.45,82
2419,仲琦,通信網路業,-0.36,8742858000.0,0.0,0.0,8693682087.729212,0.0,0.0,0.0,0.0,0.0,0.0,0.0,0.0,30.45,0.0,0.0,0.0,23.05,43,10.34,147
2397,友通,電腦及週邊設備業,2.49,11147988000.0,4477103614.457831,1.44,13132642739.178415,2.93,22.89,24.54,13.46,38.0,39.44,111.34,67.05,64.1,1.05,0.62,1.74,9.83,36,30.55,83
2395,研華,電腦及週邊設備業,12.25,70256994000.0,5735264816.32653,7.39,85772685621.111,14.96,31.15,18.36,23.36,41.72,349.47,624.13,465.94,496.0,0.94,0.7,1.26,5.26,41,1.58,84
2376,技嘉,電子工業,18.19,324226515000.0,17824437328.20231,13.28,479126344982.502,26.88,18.95,23.37,11.85,35.22,318.53,946.71,509.27,369.0,1.38,0.86,2.57,0.0,0,8.35,120
2377,微星,電子工業,6.8,225924964000.0,33224259411.764706,2.69,231898746573.96185,6.98,19.62,16.59,10.97,27.56,76.57,192.37,136.96,141.5,0.97,0.54,1.36,1.61,154,7.77,61
2379,瑞昱,半導體業,28.77,123048742000.0,4276980952.3809524,16.37,131691290430.43297,30.79,18.84,13.65,14.76,28.41,454.46,874.74,580.08,643.0,0.9,0.71,1.36,11.09,36,7.14,43
2380,虹光,電子工業,0.72,2817681000.0,3913445833.3333335,0.33,3353597164.7985187,0.86,20.14,25.57,5.08,30.65,4.37,26.36,17.32,5.7,3.04,0.77,4.62,6.09,8,71.36,81
2382,廣達,電子工業,19.44,1989610196000.0,102346203497.94238,13.89,3635149138305.4736,35.52,17.98,17.53,11.52,29.05,409.19,1031.86,638.51,390.5,1.64,1.05,2.64,23.33,35,9.95,144
2383,台光電,電子工業,41.66,91947570000.0,2207094815.1704273,32.31,154058204202.10004,69.8,35.91,104.68,14.73,119.41,1028.15,8334.82,2506.35,4885.0,0.51,0.21,1.71,22.9,182,93.28,176
2385,群光,電子工業,9.06,96067158000.0,10603439072.847681,4.27,91107674509.26628,8.59,12.77,8.98,9.97,18.95,85.64,162.78,109.66,143.0,0.77,0.6,1.14,0.75,1,0.0,0
2387,精元,電子工業,3.46,19232481000.0,5558520520.231214,1.3,17331241529.56332,3.12,8.46,9.65,5.61,15.26,17.5,47.61,26.41,42.45,0.62,0.41,1.12,6.24,181,0.38,6
2388,威盛,半導體業,0.12,10116361000.0,84303008333.33334,0.05,10174976300.299961,0.12,319.33,1634.74,30.26,1665.0,3.63,199.8,38.32,68.9,0.56,0.05,2.9,20.6,106,1.37,7
2390,云辰,其他電子業,-0.14,686088000.0,0.0,0.0,566856353.4327319,0.0,0.0,0.0,0.0,0.0,0.0,0.0,0.0,12.1,0.0,0.0,0.0,6.99,33,0.44,1
2392,正崴,電子工業,-6.62,97510511000.0,0.0,0.0,86181973188.73839,0.0,34.42,114.24,11.37,125.61,0.0,0.0,0.0,40.7,0.0,0.0,0.0,29.31,35,7.21,43
2393,億光,光電業,4.6,19630880000.0,4267582608.6956525,2.38,19923778011.980976,4.67,14.14,11.47,9.69,21.16,45.25,98.82,66.04,66.0,1.0,0.69,1.5,17.37,159,4.8,54
2375,凱美,電子零組件業,3.72,5504838000.0,1479795161.2903225,1.65,5955886165.157133,4.02,20.91,40.65,9.96,50.61,40.04,203.45,84.06,156.0,0.54,0.26,1.3,16.9,182,72.53,144
2420,新巨,電子零組件業,3.91,2162774000.0,553139130.4347826,1.69,2216220264.421212,4.01,14.82,9.19,10.36,19.55,41.54,78.4,59.43,65.2,0.91,0.64,1.2,27.83,124,8.58,67
2438,翔耀,光電業,-2.37,432276000.0,0.0,0.0,630425869.4516971,0.0,0.0,0.0,0.0,0.0,0.0,0.0,0.0,24.15,0.0,0.0,0.0,177.2,37,9.97,1
2439,美律,通信網路業,5.35,46021543000.0,8602157570.093458,2.58,52231130580.18532,6.07,15.71,8.7,10.92,19.62,66.28,119.09,95.35,91.9,1.04,0.72,1.3,15.54,30,4.35,46
2440,太空梭,電子工業,-0.24,3571225000.0,0.0,0.0,3751115472.345879,0.0,0.0,0.0,0.0,0.0,0.0,0.0,0.0,18.45,0.0,0.0,0.0,19.81,37,1.06,1
2441,超豐,半導體業,4.31,16714118000.0,3877985614.8491883,2.01,19379702709.118015,5.0,16.3,19.95,10.35,30.3,51.75,151.5,81.48,131.5,0.62,0.39,1.15,3.03,43,40.22,158
2444,兆勁,通信網路業,-1.9,1104139000.0,0.0,0.0,943069815.2740088,0.0,116.36,32.92,104.58,137.5,0.0,0.0,0.0,13.5,0.0,0.0,0.0,47.17,180,9.13,106
2449,京元電子,半導體業,9.01,34125431000.0,3787506215.316315,4.54,46764820700.562614,12.35,22.09,35.46,10.47,45.93,129.3,567.24,272.8,309.5,0.88,0.42,1.83,56.39,156,130.61,176
2450,神腦,通信網路業,1.72,32694590000.0,19008482558.139534,0.77,38356145251.82237,2.02,17.4,5.72,14.84,20.56,29.98,41.53,35.14,30.9,1.14,0.97,1.34,0.63,12,0.97,7
2451,創見,半導體業,12.98,14961901000.0,1152688828.9676425,26.4,75201888359.99374,65.24,21.66,31.99,9.78,41.77,638.05,2725.07,1412.81,321.5,4.39,1.98,8.48,16.67,13,108.7,161
2453,凌群,資訊服務業,3.85,7372784000.0,1915008831.168831,1.67,7837130633.034595,4.09,19.03,9.25,15.88,25.13,64.95,102.78,77.85,60.5,1.29,1.07,1.7,7.52,41,8.5,98
2454,聯發科,半導體業,66.17,586383033000.0,8861765649.085688,27.89,594569928221.9196,67.09,23.52,56.73,17.21,73.94,1154.62,4960.63,1577.9,4300.0,0.37,0.27,1.15,21.95,15,23.29,103
2455,全新,通信網路業,2.96,3309773000.0,1118166554.054054,1.72,4252434273.427253,3.8,53.16,116.84,23.22,140.06,88.24,532.23,202.0,399.0,0.51,0.22,1.33,34.95,36,64.22,109
2457,飛宏,電子工業,-1.48,10144830000.0,0.0,0.0,8736817008.014343,0.0,72.03,45.1,42.4,87.5,0.0,0.0,0.0,30.15,0.0,0.0,0.0,0.39,2,43.36,144
2436,偉詮電,電子工業,3.0,3539175000.0,1179725000.0,1.81,4497615564.822387,3.81,38.67,49.96,20.62,70.58,78.56,268.91,147.34,71.4,2.06,1.1,3.77,5.11,112,26.85,95
2434,統懋,半導體業,0.03,45756000.0,1525200000.0,0.01,46600126.77388836,0.03,311.39,1602.32,42.68,1645.0,1.28,49.35,9.34,35.2,0.27,0.04,1.4,3.46,34,24.2,165
2421,建準,電子工業,7.94,18263701000.0,2300214231.738035,3.77,22125712752.720375,9.62,19.89,15.53,12.18,27.71,117.17,266.57,191.37,161.5,1.18,0.73,1.65,0.0,0,78.77,168
2423,固緯,其他電子業,2.91,2944348000.0,1011803436.4261168,1.39,3422634953.114806,3.38,17.49,11.58,12.24,23.82,41.37,80.51,59.11,76.1,0.78,0.54,1.06,4.76,155,34.7,83
2425,承啟,電子工業,-0.32,8375969000.0,0.0,0.0,13785613586.146746,0.0,108.77,341.73,17.02,358.75,0.0,0.0,0.0,35.45,0.0,0.0,0.0,25.8,124,1.18,6
2426,鼎元,光電業,-0.26,2342210000.0,0.0,0.0,2139029772.0403247,0.0,74.47,50.64,57.69,108.33,0.0,0.0,0.0,68.8,0.0,0.0,0.0,44.9,133,20.44,88
2427,三商電,資訊服務業,1.53,6543479000.0,4276783660.1307187,0.75,9018745650.422848,2.11,18.48,11.54,13.53,25.07,28.55,52.9,39.0,23.65,1.65,1.21,2.24,15.15,30,32.06,61
2428,興勤,電子工業,11.76,8064952000.0,685795238.0952381,5.34,8709797595.395403,12.7,14.28,17.58,9.01,26.59,114.43,337.69,181.39,283.0,0.64,0.4,1.19,11.64,16,50.37,139
2430,燦坤,電子工業,0.7,17810966000.0,25444237142.857143,0.28,17304927913.140453,0.68,21.51,26.52,14.94,41.46,10.16,28.19,14.63,18.9,0.77,0.54,1.49,0.14,2,1.4,88
2431,聯昌,電子工業,-2.1,377964000.0,0.0,0.0,222599479.95881328,0.0,0.0,0.0,0.0,0.0,0.0,0.0,0.0,11.05,0.0,0.0,0.0,59.52,153,24.46,110
2433,互盛電,其他電子業,3.05,2726747000.0,894015409.8360656,1.28,2716604198.174483,3.04,15.3,2.06,14.08,16.14,42.8,49.07,46.51,44.3,1.05,0.97,1.11,0.75,9,1.59,26
1466,聚隆,紡織纖維,-1.07,2644622000.0,0.0,0.0,2163146831.9476147,0.0,63.67,105.51,31.63,137.14,0.0,0.0,0.0,14.5,0.0,0.0,0.0,22.0,160,5.03,138
2374,佳能,光電業,2.52,9311794000.0,3695156349.2063494,1.32,16792666368.61806,4.54,35.21,48.59,20.0,68.59,90.8,311.4,159.86,79.7,2.01,1.14,3.91,1.15,1,108.98,103
2308,台達電,電子工業,23.14,539937575000.0,23333516637.856525,11.65,739353907909.4154,31.69,41.36,72.87,20.69,93.56,655.67,2964.92,1310.61,2300.0,0.57,0.29,1.29,25.43,36,170.1,145
2312,金寶,其他電子業,1.05,162727375000.0,154978452380.95236,0.4,147491744562.85754,0.95,24.5,28.91,14.82,43.73,14.08,41.54,23.27,39.3,0.59,0.36,1.06,97.06,175,13.06,139
2313,華通,電子工業,5.51,75158821000.0,13640439382.94011,2.43,83960387840.72343,6.16,20.41,43.26,9.39,52.65,57.84,324.32,125.74,259.0,0.49,0.22,1.25,28.09,36,49.59,139
2314,台揚,通信網路業,-4.32,1677413000.0,0.0,0.0,2483244236.3277593,0.0,0.0,0.0,0.0,0.0,0.0,0.0,0.0,15.8,0.0,0.0,0.0,11.81,156,218.75,161
2316,楠梓電,電子工業,13.37,3671873000.0,274635228.1226627,6.68,4719660145.782055,17.19,9.05,11.05,6.18,17.23,106.23,296.18,155.64,167.0,0.93,0.64,1.77,31.25,35,173.76,179
2317,鴻海,其他電子業,13.6,7891774675000.0,580277549632.3529,6.59,10271866561951.625,17.7,16.12,11.71,10.24,21.95,181.25,388.52,285.41,284.5,1.0,0.64,1.37,29.06,33,68.49,147
2321,東訊,通信網路業,-0.76,742234000.0,0.0,0.0,722344324.716675,0.0,0.0,0.0,0.0,0.0,0.0,0.0,0.0,13.8,0.0,0.0,0.0,6.46,154,0.0,0
2323,中環,光電業,1.58,7170946000.0,4538573417.7215185,0.72,7841434936.998865,1.73,12.1,15.08,4.3,19.38,7.44,33.53,20.94,11.9,1.76,0.63,2.82,9.69,30,22.68,160
2324,仁寶,電子工業,1.38,755605341000.0,547540102173.9131,0.62,787630962267.38,1.44,17.26,25.12,10.26,35.38,14.77,50.95,24.85,41.4,0.6,0.36,1.23,5.79,174,28.4,112
2327,國巨*,電子工業,26.9,130098665000.0,4836381598.513011,13.35,161119161637.98254,33.31,18.47,60.9,5.71,66.61,190.2,2218.78,615.24,769.0,0.8,0.25,2.89,19.82,41,10.0,61
2328,廣宇,電子工業,1.56,22112137000.0,14174446794.871794,0.55,17319048440.297646,1.22,23.43,48.69,14.27,62.96,17.41,76.81,28.59,56.0,0.51,0.31,1.37,0.0,0,60.83,82
2329,華泰,半導體業,2.45,19362141000.0,7902914693.87755,1.06,22552738325.425137,2.85,24.83,29.53,13.35,42.88,38.05,122.21,70.76,56.3,1.26,0.68,2.17,2.62,16,29.34,161
2330,台積電,半導體業,66.26,3752213811000.0,56628641880.47087,33.2,4808187038921.179,84.91,25.81,17.52,17.35,34.87,1473.19,2960.81,2191.17,2365.0,0.93,0.62,1.25,27.63,156,51.3,151
2305,全友,電腦及週邊設備業,0.2,733136000.0,3665680000.0,0.12,1090906445.2456446,0.3,121.73,165.69,60.56,226.25,18.17,67.88,36.52,22.5,1.62,0.81,3.02,11.02,42,11.61,81
2303,聯電,半導體業,3.33,237238293000.0,71242730630.63063,1.77,255864250303.1279,3.59,14.35,26.99,9.69,36.68,34.79,131.68,51.51,131.5,0.39,0.26,1.0,7.85,16,7.95,183
2231,為升,汽車工業,-1.64,3664324000.0,0.0,0.0,3421201642.2887864,0.0,47.93,53.18,21.16,74.34,0.0,0.0,0.0,100.5,0.0,0.0,0.0,7.72,6,95.36,97
2233,宇隆,汽車工業,6.69,3297200000.0,492855007.47384155,2.77,3147707905.197389,6.39,22.71,49.19,11.66,60.85,74.51,388.83,145.13,311.0,0.47,0.24,1.25,50.38,173,63.11,83
2235,謚源,電機機械,0.95,561922000.0,591496842.1052632,0.41,550451679.9680442,0.93,23.82,30.9,15.24,46.14,14.17,42.91,22.16,30.45,0.73,0.47,1.41,0.0,0,2.71,36
2236,百達-KY,汽車工業,-6.81,9249897000.0,0.0,0.0,10650546849.145325,0.0,183.59,909.93,10.07,920.0,0.0,0.0,0.0,140.0,0.0,0.0,0.0,67.94,182,16.32,106
2239,英利-KY,汽車工業,-7.87,19126801000.0,0.0,0.0,17800785144.692272,0.0,28.67,22.67,18.39,41.06,0.0,0.0,0.0,24.35,0.0,0.0,0.0,0.71,2,26.25,181
2243,宏旭-KY,汽車工業,1.22,1861642000.0,1525936065.5737705,0.66,2478949207.393854,1.62,32.78,58.07,8.39,66.46,13.59,107.67,53.11,28.05,1.89,0.48,3.84,55.2,44,31.65,89
2247,汎德永業,汽車工業,18.32,51898301000.0,2832876692.139738,5.8,37808976621.70774,13.35,13.03,3.53,11.28,14.81,150.59,197.71,173.98,231.5,0.75,0.65,0.85,2.33,15,20.62,48
2248,華勝-KY,汽車工業,5.34,1815934000.0,340062546.8164794,3.16,3242640189.86627,9.54,9.28,5.02,6.5,11.52,62.01,109.9,88.54,57.5,1.54,1.08,1.91,0.0,0,4.68,152
2250,IKKA-KY,汽車工業,3.99,3375733000.0,846048370.9273182,1.62,3142932842.7316656,3.71,17.96,10.56,13.73,24.29,50.94,90.12,66.62,64.5,1.03,0.79,1.4,0.0,0,11.28,75
2301,光寶科,電子工業,6.65,164568691000.0,24747171578.94737,3.03,195282510445.01068,7.89,21.86,22.96,13.8,36.76,108.88,290.04,172.51,230.0,0.75,0.47,1.26,4.21,29,83.96,146
2302,麗正,半導體業,0.49,835569000.0,1705242857.142857,0.23,968789121.4416931,0.57,33.12,30.94,19.87,50.81,11.33,28.96,18.88,33.8,0.56,0.34,0.86,9.55,182,20.66,138
2331,精英,電子工業,1.4,19946465000.0,14247475000.0,0.62,25157397926.824566,1.77,25.14,37.82,13.38,51.2,23.68,90.62,44.5,22.7,1.96,1.04,3.99,1.75,30,18.11,139
2332,友訊,通信網路業,-0.91,13320681000.0,0.0,0.0,14143748219.616808,0.0,355.37,1014.21,25.79,1040.0,0.0,0.0,0.0,16.3,0.0,0.0,0.0,29.97,175,5.52,85
2356,英業達,電子工業,2.41,699082867000.0,290075878423.2365,1.2,838347624632.6249,2.89,21.82,17.37,15.96,33.33,46.12,96.32,63.05,76.8,0.82,0.6,1.25,9.46,37,14.3,146
2357,華碩,電子工業,59.99,716607808000.0,11945454375.729288,30.14,1026485927971.9868,85.93,12.98,7.49,9.15,16.64,786.26,1429.88,1114.99,900.0,1.24,0.87,1.59,27.53,162,16.04,19
2359,所羅門,其他電子業,1.22,4193366000.0,3437185245.9016395,0.46,3678869955.8196073,1.07,128.13,168.2,44.66,212.86,47.79,227.76,137.1,142.0,0.97,0.34,1.6,7.01,30,19.78,82
2360,致茂,其他電子業,27.68,26953569000.0,973756105.4913294,25.59,50765488232.801216,52.13,37.69,70.35,18.06,88.41,941.47,4608.81,1964.55,2565.0,0.77,0.37,1.8,66.37,154,143.11,173
2362,藍天,電子工業,2.05,20876604000.0,10183709268.292685,0.83,22226109724.28123,2.18,22.35,33.03,11.61,44.64,25.31,97.32,48.73,46.95,1.04,0.54,2.07,14.83,124,0.61,1
2363,矽統,半導體業,1.53,2664144000.0,1741270588.235294,0.95,5843520607.374511,3.36,49.58,79.3,20.83,100.13,69.99,336.44,166.59,62.5,2.67,1.12,5.38,48.85,138,34.75,106
2364,倫飛,電子工業,4.6,1527938000.0,332160434.78260875,1.82,1526442500.6935706,4.6,20.29,19.29,14.17,33.46,65.18,153.92,93.35,76.1,1.23,0.86,2.02,48.34,79,48.8,67
2365,昆盈,電子工業,0.33,939434000.0,2846769696.969697,0.18,1057827766.020426,0.37,99.5,124.44,42.81,167.25,15.84,61.88,36.82,36.0,1.02,0.44,1.72,102.42,43,32.81,83
2367,燿華,電子工業,0.68,16474586000.0,24227332352.941174,0.26,14214216589.682308,0.59,33.06,104.49,8.84,113.33,5.22,66.86,19.51,63.1,0.31,0.08,1.06,15.33,33,28.63,74
2368,金像電,電子工業,19.43,58066839000.0,2988514616.572311,10.67,91895783277.6964,30.75,30.46,65.5,12.35,77.85,379.76,2393.89,936.77,1315.0,0.71,0.29,1.82,17.14,30,126.88,176
2369,菱生,半導體業,-1.05,5403429000.0,0.0,0.0,7405124216.336134,0.0,0.0,0.0,0.0,0.0,0.0,0.0,0.0,34.9,0.0,0.0,0.0,4.49,30,63.96,160
2371,大同,電機機械,-5.2,49840830000.0,0.0,0.0,53300225902.04731,0.0,21.34,76.26,4.39,80.65,0.0,0.0,0.0,30.3,0.0,0.0,0.0,11.46,12,2.36,75
2373,震旦行,其他電子業,3.86,10765016000.0,2788864248.7046633,1.57,10357986428.630415,3.71,14.47,2.46,13.45,15.91,49.9,59.03,53.67,58.3,0.92,0.86,1.01,3.63,29,1.95,26
2355,敬鵬,電子零組件業,1.6,15658335000.0,9786459375.0,0.69,16243179496.068678,1.66,18.03,30.76,8.88,39.64,14.74,65.8,29.93,55.4,0.54,0.27,1.19,11.88,33,21.67,84
2354,鴻準,其他電子業,2.31,157468970000.0,68168385281.38528,0.67,123946425028.00668,1.82,26.19,17.83,18.76,36.59,34.14,66.59,47.66,60.6,0.79,0.56,1.1,40.4,156,26.53,67
2337,旺宏,半導體業,-1.78,28063863000.0,0.0,0.0,51886342717.89461,0.0,0.0,0.0,0.0,0.0,0.0,0.0,0.0,150.0,0.0,0.0,0.0,13.77,57,84.35,160
2338,光罩,半導體業,-4.99,6212835000.0,0.0,0.0,5551081502.820994,0.0,25.44,17.7,15.44,33.14,0.0,0.0,0.0,51.4,0.0,0.0,0.0,17.25,36,48.36,83
2342,茂矽,半導體業,-0.48,2073952000.0,0.0,0.0,1827968708.9707038,0.0,366.68,1273.27,25.06,1298.33,0.0,0.0,0.0,41.4,0.0,0.0,0.0,10.25,183,69.09,139
2344,華邦電,半導體業,0.88,86008121000.0,97736501136.36363,0.69,174350198322.91406,1.78,104.94,132.99,29.32,162.31,52.19,288.91,186.79,162.0,1.15,0.32,1.78,12.76,16,265.75,165
2345,智邦,通信網路業,47.13,237761128000.0,5044793719.499257,24.49,386099179647.4367,76.53,33.5,34.06,20.26,54.32,1550.5,4157.11,2563.9,2490.0,1.03,0.62,1.67,39.2,182,56.89,152
2347,聯強,電子工業,5.09,404171231000.0,79404956974.45973,2.91,569814279118.9841,7.18,13.8,7.97,10.63,18.6,76.32,133.55,99.07,88.3,1.12,0.86,1.51,5.62,14,2.5,6
2348,海悅,其他,6.85,7027149000.0,1025861167.8832117,2.21,5512530604.64018,5.37,13.19,13.36,7.84,21.2,42.1,113.84,70.82,72.4,0.98,0.58,1.57,51.75,54,2.13,7
2348A,海悅甲特,其他,0.0,0.0,0.0,0.0,0.0,0.0,0.0,0.0,0.0,0.0,0.0,0.0,0.0,37.75,0.0,0.0,0.0,5.06,170,0.0,0
2349,錸德,光電業,-0.36,7529703000.0,0.0,0.0,7247032089.255817,0.0,187.78,121.43,122.57,244.0,0.0,0.0,0.0,14.0,0.0,0.0,0.0,118.03,33,23.73,67
2351,順德,半導體業,1.67,10255043000.0,6140744311.377246,0.8,11436897610.743696,1.86,39.33,98.13,16.63,114.76,30.93,213.45,73.16,200.5,0.36,0.15,1.06,14.83,107,34.28,145
2352,佳世達,電子工業,0.63,208040050000.0,330222301587.3016,0.32,210736324146.03513,0.64,28.59,36.65,19.24,55.89,12.31,35.77,18.3,31.1,0.59,0.4,1.15,0.89,20,31.6,124
2353,宏碁,電子工業,1.26,271654739000.0,215598999206.3492,0.61,343651378475.1827,1.59,21.4,18.18,14.7,32.88,23.37,52.28,34.03,38.4,0.89,0.61,1.36,0.2,1,1.25,4
2458,義隆,半導體業,8.54,12381283000.0,1449798946.1358316,4.34,12691395913.430504,8.75,15.54,8.07,10.62,18.69,92.92,163.54,135.97,158.5,0.86,0.59,1.03,3.46,15,5.41,105
1465,偉全,紡織纖維,-0.33,363972000.0,0.0,0.0,371386012.92965966,0.0,34.49,64.14,15.33,79.47,0.0,0.0,0.0,12.45,0.0,0.0,0.0,2.29,125,1.48,61
1463,強盛新,紡織纖維,0.14,1170751000.0,8362507142.857142,0.01,121515776.39420177,0.01,34.58,146.91,4.63,151.54,0.05,1.52,0.35,17.7,0.02,0.0,0.09,34.75,70,2.84,132
00783,富邦中証500,ETF,0.0,0.0,0.0,0.0,0.0,0.0,0.0,0.0,0.0,0.0,0.0,0.0,0.0,29.48,0.0,0.0,0.0,37.48,124,35.15,126
00830,國泰費城半導體,ETF,0.0,0.0,0.0,0.0,0.0,0.0,0.0,0.0,0.0,0.0,0.0,0.0,0.0,93.95,0.0,0.0,0.0,15.48,36,51.78,183
00752,中信中國50,ETF,0.0,0.0,0.0,0.0,0.0,0.0,0.0,0.0,0.0,0.0,0.0,0.0,0.0,23.01,0.0,0.0,0.0,31.39,124,24.87,119
00753L,中信中國50正2,ETF,0.0,0.0,0.0,0.0,0.0,0.0,0.0,0.0,0.0,0.0,0.0,0.0,0.0,9.75,0.0,0.0,0.0,68.5,124,50.87,119
00757,統一FANG+,ETF,0.0,0.0,0.0,0.0,0.0,0.0,0.0,0.0,0.0,0.0,0.0,0.0,0.0,131.7,0.0,0.0,0.0,24.03,183,25.29,148
00762,元大全球AI,ETF,0.0,0.0,0.0,0.0,0.0,0.0,0.0,0.0,0.0,0.0,0.0,0.0,0.0,117.55,0.0,0.0,0.0,20.28,183,38.64,147
00763U,期街口道瓊銅,ETF,0.0,0.0,0.0,0.0,0.0,0.0,0.0,0.0,0.0,0.0,0.0,0.0,0.0,34.37,0.0,0.0,0.0,2.15,1,17.98,49
00770,國泰北美科技,ETF,0.0,0.0,0.0,0.0,0.0,0.0,0.0,0.0,0.0,0.0,0.0,0.0,0.0,69.15,0.0,0.0,0.0,18.62,183,34.46,147
00771,元大US高息特別股,ETF,0.0,0.0,0.0,0.0,0.0,0.0,0.0,0.0,0.0,0.0,0.0,0.0,0.0,15.77,0.0,0.0,0.0,5.66,134,7.3,144
00775B,新光投等債15+,ETF,0.0,0.0,0.0,0.0,0.0,0.0,0.0,0.0,0.0,0.0,0.0,0.0,0.0,32.36,0.0,0.0,0.0,5.41,105,10.37,140
00850,元大臺灣ESG永續,ETF,0.0,0.0,0.0,0.0,0.0,0.0,0.0,0.0,0.0,0.0,0.0,0.0,0.0,89.7,0.0,0.0,0.0,16.07,36,32.28,148
00851,台新全球AI,ETF,0.0,0.0,0.0,0.0,0.0,0.0,0.0,0.0,0.0,0.0,0.0,0.0,0.0,71.7,0.0,0.0,0.0,21.6,183,24.38,151
00852L,國泰美國道瓊正2,ETF,0.0,0.0,0.0,0.0,0.0,0.0,0.0,0.0,0.0,0.0,0.0,0.0,0.0,33.79,0.0,0.0,0.0,27.74,183,29.94,161
00896,中信綠能及電動車,ETF,0.0,0.0,0.0,0.0,0.0,0.0,0.0,0.0,0.0,0.0,0.0,0.0,0.0,28.96,0.0,0.0,0.0,9.11,36,29.94,146
00897,富邦基因免疫生技,ETF,0.0,0.0,0.0,0.0,0.0,0.0,0.0,0.0,0.0,0.0,0.0,0.0,0.0,9.82,0.0,0.0,0.0,8.54,54,38.99,176
00898,國泰基因免疫革命,ETF,0.0,0.0,0.0,0.0,0.0,0.0,0.0,0.0,0.0,0.0,0.0,0.0,0.0,8.41,0.0,0.0,0.0,11.47,54,33.78,183
00899,FT潔淨能源,ETF,0.0,0.0,0.0,0.0,0.0,0.0,0.0,0.0,0.0,0.0,0.0,0.0,0.0,29.02,0.0,0.0,0.0,0.22,1,53.69,154
00900,富邦特選高股息30,ETF,0.0,0.0,0.0,0.0,0.0,0.0,0.0,0.0,0.0,0.0,0.0,0.0,0.0,19.78,0.0,0.0,0.0,4.9,15,5.15,133
00901,永豐智能車供應鏈,ETF,0.0,0.0,0.0,0.0,0.0,0.0,0.0,0.0,0.0,0.0,0.0,0.0,0.0,46.19,0.0,0.0,0.0,19.22,36,47.57,148
00902,中信電池及儲能,ETF,0.0,0.0,0.0,0.0,0.0,0.0,0.0,0.0,0.0,0.0,0.0,0.0,0.0,15.85,0.0,0.0,0.0,12.56,124,82.56,161
00903,富邦元宇宙,ETF,0.0,0.0,0.0,0.0,0.0,0.0,0.0,0.0,0.0,0.0,0.0,0.0,0.0,22.87,0.0,0.0,0.0,13.45,183,33.38,147
00904,新光臺灣半導體30,ETF,0.0,0.0,0.0,0.0,0.0,0.0,0.0,0.0,0.0,0.0,0.0,0.0,0.0,41.1,0.0,0.0,0.0,17.88,36,31.69,138
00905,FT臺灣Smart,ETF,0.0,0.0,0.0,0.0,0.0,0.0,0.0,0.0,0.0,0.0,0.0,0.0,0.0,27.18,0.0,0.0,0.0,20.17,40,31.9,148
00907,永豐優息存股,ETF,0.0,0.0,0.0,0.0,0.0,0.0,0.0,0.0,0.0,0.0,0.0,0.0,0.0,16.3,0.0,0.0,0.0,2.55,2,5.64,139
00908,富邦入息REITs+,ETF,0.0,0.0,0.0,0.0,0.0,0.0,0.0,0.0,0.0,0.0,0.0,0.0,0.0,14.59,0.0,0.0,0.0,11.42,118,8.72,181
00909,國泰數位支付服務,ETF,0.0,0.0,0.0,0.0,0.0,0.0,0.0,0.0,0.0,0.0,0.0,0.0,0.0,49.69,0.0,0.0,0.0,38.85,183,69.53,133
00910,第一金太空衛星,ETF,0.0,0.0,0.0,0.0,0.0,0.0,0.0,0.0,0.0,0.0,0.0,0.0,0.0,76.55,0.0,0.0,0.0,60.85,180,64.09,126
00911,兆豐洲際半導體,ETF,0.0,0.0,0.0,0.0,0.0,0.0,0.0,0.0,0.0,0.0,0.0,0.0,0.0,63.65,0.0,0.0,0.0,14.22,36,42.63,182
00912,中信臺灣智慧50,ETF,0.0,0.0,0.0,0.0,0.0,0.0,0.0,0.0,0.0,0.0,0.0,0.0,0.0,32.83,0.0,0.0,0.0,16.83,36,20.66,148
00913,兆豐台灣晶圓製造,ETF,0.0,0.0,0.0,0.0,0.0,0.0,0.0,0.0,0.0,0.0,0.0,0.0,0.0,49.23,0.0,0.0,0.0,16.1,36,29.39,176
00915,凱基優選高股息30,ETF,0.0,0.0,0.0,0.0,0.0,0.0,0.0,0.0,0.0,0.0,0.0,0.0,0.0,30.53,0.0,0.0,0.0,4.9,13,2.36,6
00916,國泰全球品牌50,ETF,0.0,0.0,0.0,0.0,0.0,0.0,0.0,0.0,0.0,0.0,0.0,0.0,0.0,30.0,0.0,0.0,0.0,17.27,183,18.15,183
00917,中信特選金融,ETF,0.0,0.0,0.0,0.0,0.0,0.0,0.0,0.0,0.0,0.0,0.0,0.0,0.0,21.92,0.0,0.0,0.0,25.3,180,17.3,183
00918,大華優利高填息30,ETF,0.0,0.0,0.0,0.0,0.0,0.0,0.0,0.0,0.0,0.0,0.0,0.0,0.0,30.94,0.0,0.0,0.0,3.4,13,4.64,147
00919,群益台灣精選高息,ETF,0.0,0.0,0.0,0.0,0.0,0.0,0.0,0.0,0.0,0.0,0.0,0.0,0.0,30.67,0.0,0.0,0.0,4.84,15,2.46,6
00920,富邦ESG綠色電力,ETF,0.0,0.0,0.0,0.0,0.0,0.0,0.0,0.0,0.0,0.0,0.0,0.0,0.0,26.9,0.0,0.0,0.0,0.58,1,54.29,158
00921,兆豐龍頭等權重,ETF,0.0,0.0,0.0,0.0,0.0,0.0,0.0,0.0,0.0,0.0,0.0,0.0,0.0,23.1,0.0,0.0,0.0,2.8,13,7.66,74
00922,國泰台灣領袖50,ETF,0.0,0.0,0.0,0.0,0.0,0.0,0.0,0.0,0.0,0.0,0.0,0.0,0.0,39.69,0.0,0.0,0.0,16.63,36,31.79,133
00895,富邦未來車,ETF,0.0,0.0,0.0,0.0,0.0,0.0,0.0,0.0,0.0,0.0,0.0,0.0,0.0,52.2,0.0,0.0,0.0,19.85,160,36.67,147
00894,中信小資高價30,ETF,0.0,0.0,0.0,0.0,0.0,0.0,0.0,0.0,0.0,0.0,0.0,0.0,0.0,48.99,0.0,0.0,0.0,19.82,36,47.26,151
00892,富邦台灣半導體,ETF,0.0,0.0,0.0,0.0,0.0,0.0,0.0,0.0,0.0,0.0,0.0,0.0,0.0,43.65,0.0,0.0,0.0,18.88,36,35.77,176
00861,元大全球未來通訊,ETF,0.0,0.0,0.0,0.0,0.0,0.0,0.0,0.0,0.0,0.0,0.0,0.0,0.0,93.05,0.0,0.0,0.0,13.0,36,33.24,183
00865B,國泰US短期公債,ETF,0.0,0.0,0.0,0.0,0.0,0.0,0.0,0.0,0.0,0.0,0.0,0.0,0.0,47.92,0.0,0.0,0.0,3.04,181,7.18,180
00875,國泰網路資安,ETF,0.0,0.0,0.0,0.0,0.0,0.0,0.0,0.0,0.0,0.0,0.0,0.0,0.0,49.62,0.0,0.0,0.0,21.06,183,7.87,144
00876,元大全球5G,ETF,0.0,0.0,0.0,0.0,0.0,0.0,0.0,0.0,0.0,0.0,0.0,0.0,0.0,93.75,0.0,0.0,0.0,13.36,36,45.57,183
00878,國泰永續高股息,ETF,0.0,0.0,0.0,0.0,0.0,0.0,0.0,0.0,0.0,0.0,0.0,0.0,0.0,32.32,0.0,0.0,0.0,7.34,36,6.51,146
00881,國泰台灣科技龍頭,ETF,0.0,0.0,0.0,0.0,0.0,0.0,0.0,0.0,0.0,0.0,0.0,0.0,0.0,54.1,0.0,0.0,0.0,20.38,36,44.14,148
00882,中信中國高股息,ETF,0.0,0.0,0.0,0.0,0.0,0.0,0.0,0.0,0.0,0.0,0.0,0.0,0.0,15.74,0.0,0.0,0.0,24.24,124,23.94,161
00885,富邦越南,ETF,0.0,0.0,0.0,0.0,0.0,0.0,0.0,0.0,0.0,0.0,0.0,0.0,0.0,18.65,0.0,0.0,0.0,0.57,118,46.55,131
00891,中信關鍵半導體,ETF,0.0,0.0,0.0,0.0,0.0,0.0,0.0,0.0,0.0,0.0,0.0,0.0,0.0,35.32,0.0,0.0,0.0,16.18,36,24.29,148
00893,國泰智能電動車,ETF,0.0,0.0,0.0,0.0,0.0,0.0,0.0,0.0,0.0,0.0,0.0,0.0,0.0,47.01,0.0,0.0,0.0,18.44,160,50.02,147
00739,元大MSCI A股,ETF,0.0,0.0,0.0,0.0,0.0,0.0,0.0,0.0,0.0,0.0,0.0,0.0,0.0,28.91,0.0,0.0,0.0,28.42,124,26.29,126
00738U,期元大道瓊白銀,ETF,0.0,0.0,0.0,0.0,0.0,0.0,0.0,0.0,0.0,0.0,0.0,0.0,0.0,58.55,0.0,0.0,0.0,13.82,140,66.77,181
00737,國泰AI機器人,ETF,0.0,0.0,0.0,0.0,0.0,0.0,0.0,0.0,0.0,0.0,0.0,0.0,0.0,40.21,0.0,0.0,0.0,12.48,183,25.63,144
00641R,富邦日本反1,ETF,0.0,0.0,0.0,0.0,0.0,0.0,0.0,0.0,0.0,0.0,0.0,0.0,0.0,3.84,0.0,0.0,0.0,21.46,61,0.17,8
00642U,期元大S&P石油,ETF,0.0,0.0,0.0,0.0,0.0,0.0,0.0,0.0,0.0,0.0,0.0,0.0,0.0,29.42,0.0,0.0,0.0,14.48,30,20.89,18
00643,群益深証中小,ETF,0.0,0.0,0.0,0.0,0.0,0.0,0.0,0.0,0.0,0.0,0.0,0.0,0.0,19.8,0.0,0.0,0.0,39.71,124,38.72,126
00643K,群益深証中小+R,ETF,0.0,0.0,0.0,0.0,0.0,0.0,0.0,0.0,0.0,0.0,0.0,0.0,0.0,0.0,0.0,0.0,0.0,0.0,0,0.0,0
00645,富邦日本,ETF,0.0,0.0,0.0,0.0,0.0,0.0,0.0,0.0,0.0,0.0,0.0,0.0,0.0,55.65,0.0,0.0,0.0,6.97,36,24.4,182
00646,元大S&P500,ETF,0.0,0.0,0.0,0.0,0.0,0.0,0.0,0.0,0.0,0.0,0.0,0.0,0.0,74.7,0.0,0.0,0.0,15.82,181,20.86,183
00647L,元大S&P500正2,ETF,0.0,0.0,0.0,0.0,0.0,0.0,0.0,0.0,0.0,0.0,0.0,0.0,0.0,135.8,0.0,0.0,0.0,24.48,183,31.53,146
00648R,元大S&P500反1,ETF,0.0,0.0,0.0,0.0,0.0,0.0,0.0,0.0,0.0,0.0,0.0,0.0,0.0,3.97,0.0,0.0,0.0,2.46,64,0.41,1
00650L,復華香港正2,ETF,0.0,0.0,0.0,0.0,0.0,0.0,0.0,0.0,0.0,0.0,0.0,0.0,0.0,16.45,0.0,0.0,0.0,54.23,124,34.74,119
00651R,復華香港反1,ETF,0.0,0.0,0.0,0.0,0.0,0.0,0.0,0.0,0.0,0.0,0.0,0.0,0.0,5.31,0.0,0.0,0.0,9.33,62,0.85,14
00652,富邦印度,ETF,0.0,0.0,0.0,0.0,0.0,0.0,0.0,0.0,0.0,0.0,0.0,0.0,0.0,31.65,0.0,0.0,0.0,14.69,113,4.78,175
00653L,富邦印度正2,ETF,0.0,0.0,0.0,0.0,0.0,0.0,0.0,0.0,0.0,0.0,0.0,0.0,0.0,44.1,0.0,0.0,0.0,31.22,114,8.01,175
00654R,富邦印度反1,ETF,0.0,0.0,0.0,0.0,0.0,0.0,0.0,0.0,0.0,0.0,0.0,0.0,0.0,6.95,0.0,0.0,0.0,0.0,0,2.35,63
00655L,國泰中國A50正2,ETF,0.0,0.0,0.0,0.0,0.0,0.0,0.0,0.0,0.0,0.0,0.0,0.0,0.0,36.6,0.0,0.0,0.0,58.58,124,41.21,144
00656R,國泰中國A50反1,ETF,0.0,0.0,0.0,0.0,0.0,0.0,0.0,0.0,0.0,0.0,0.0,0.0,0.0,5.74,0.0,0.0,0.0,9.13,105,0.57,5
00657,國泰日經225,ETF,0.0,0.0,0.0,0.0,0.0,0.0,0.0,0.0,0.0,0.0,0.0,0.0,0.0,77.85,0.0,0.0,0.0,9.61,36,39.23,148
00657K,國泰日經225+U,ETF,0.0,0.0,0.0,0.0,0.0,0.0,0.0,0.0,0.0,0.0,0.0,0.0,0.0,24.71,0.0,0.0,0.0,8.89,36,34.34,151
00660,元大歐洲50,ETF,0.0,0.0,0.0,0.0,0.0,0.0,0.0,0.0,0.0,0.0,0.0,0.0,0.0,44.41,0.0,0.0,0.0,2.19,117,6.02,161
00661,元大日經225,ETF,0.0,0.0,0.0,0.0,0.0,0.0,0.0,0.0,0.0,0.0,0.0,0.0,0.0,85.95,0.0,0.0,0.0,9.47,36,39.57,148
00662,富邦NASDAQ,ETF,0.0,0.0,0.0,0.0,0.0,0.0,0.0,0.0,0.0,0.0,0.0,0.0,0.0,122.05,0.0,0.0,0.0,15.36,183,24.04,183
00663L,國泰臺灣加權正2,ETF,0.0,0.0,0.0,0.0,0.0,0.0,0.0,0.0,0.0,0.0,0.0,0.0,0.0,106.65,0.0,0.0,0.0,29.57,36,67.54,142
00664R,國泰臺灣加權反1,ETF,0.0,0.0,0.0,0.0,0.0,0.0,0.0,0.0,0.0,0.0,0.0,0.0,0.0,1.67,0.0,0.0,0.0,7.19,61,0.0,0
00665L,富邦恒生國企正2,ETF,0.0,0.0,0.0,0.0,0.0,0.0,0.0,0.0,0.0,0.0,0.0,0.0,0.0,9.41,0.0,0.0,0.0,59.24,124,28.36,119
00666R,富邦恒生國企反1,ETF,0.0,0.0,0.0,0.0,0.0,0.0,0.0,0.0,0.0,0.0,0.0,0.0,0.0,9.15,0.0,0.0,0.0,9.73,61,1.28,14
00668,國泰美國道瓊,ETF,0.0,0.0,0.0,0.0,0.0,0.0,0.0,0.0,0.0,0.0,0.0,0.0,0.0,59.35,0.0,0.0,0.0,16.57,181,18.97,161
00640L,富邦日本正2,ETF,0.0,0.0,0.0,0.0,0.0,0.0,0.0,0.0,0.0,0.0,0.0,0.0,0.0,101.85,0.0,0.0,0.0,14.17,36,50.54,182
00668K,國泰美國道瓊+U,ETF,0.0,0.0,0.0,0.0,0.0,0.0,0.0,0.0,0.0,0.0,0.0,0.0,0.0,18.85,0.0,0.0,0.0,16.11,183,13.7,161
00639,富邦深100,ETF,0.0,0.0,0.0,0.0,0.0,0.0,0.0,0.0,0.0,0.0,0.0,0.0,0.0,18.29,0.0,0.0,0.0,59.07,124,41.52,147
00637L,元大滬深300正2,ETF,0.0,0.0,0.0,0.0,0.0,0.0,0.0,0.0,0.0,0.0,0.0,0.0,0.0,21.69,0.0,0.0,0.0,59.75,124,42.7,144
00401A,主動摩根台灣鑫收,ETF,0.0,0.0,0.0,0.0,0.0,0.0,0.0,0.0,0.0,0.0,0.0,0.0,0.0,13.68,0.0,0.0,0.0,31.67,54,31.67,54
00403A,主動統一升級50,ETF,0.0,0.0,0.0,0.0,0.0,0.0,0.0,0.0,0.0,0.0,0.0,0.0,0.0,10.41,0.0,0.0,0.0,0.19,20,0.19,20
0050,元大台灣50,ETF,0.0,0.0,0.0,0.0,0.0,0.0,0.0,0.0,0.0,0.0,0.0,0.0,0.0,104.15,0.0,0.0,0.0,20.36,36,3.85,5
0051,元大中型100,ETF,0.0,0.0,0.0,0.0,0.0,0.0,0.0,0.0,0.0,0.0,0.0,0.0,0.0,143.25,0.0,0.0,0.0,6.79,36,27.5,161
0052,富邦科技,ETF,0.0,0.0,0.0,0.0,0.0,0.0,0.0,0.0,0.0,0.0,0.0,0.0,0.0,61.0,0.0,0.0,0.0,22.08,36,48.16,148
0053,元大電子,ETF,0.0,0.0,0.0,0.0,0.0,0.0,0.0,0.0,0.0,0.0,0.0,0.0,0.0,239.3,0.0,0.0,0.0,19.74,36,47.19,148
0055,元大MSCI金融,ETF,0.0,0.0,0.0,0.0,0.0,0.0,0.0,0.0,0.0,0.0,0.0,0.0,0.0,39.14,0.0,0.0,0.0,13.21,135,10.46,132
0056,元大高股息,ETF,0.0,0.0,0.0,0.0,0.0,0.0,0.0,0.0,0.0,0.0,0.0,0.0,0.0,51.8,0.0,0.0,0.0,7.0,36,11.0,139
0057,富邦摩台,ETF,0.0,0.0,0.0,0.0,0.0,0.0,0.0,0.0,0.0,0.0,0.0,0.0,0.0,308.0,0.0,0.0,0.0,19.09,36,39.72,148
0061,元大寶滬深,ETF,0.0,0.0,0.0,0.0,0.0,0.0,0.0,0.0,0.0,0.0,0.0,0.0,0.0,25.0,0.0,0.0,0.0,51.31,124,27.58,161
006203,元大MSCI台灣,ETF,0.0,0.0,0.0,0.0,0.0,0.0,0.0,0.0,0.0,0.0,0.0,0.0,0.0,188.5,0.0,0.0,0.0,19.23,36,38.22,148
006204,永豐臺灣加權,ETF,0.0,0.0,0.0,0.0,0.0,0.0,0.0,0.0,0.0,0.0,0.0,0.0,0.0,225.5,0.0,0.0,0.0,14.18,36,30.85,152
006205,富邦上証,ETF,0.0,0.0,0.0,0.0,0.0,0.0,0.0,0.0,0.0,0.0,0.0,0.0,0.0,40.49,0.0,0.0,0.0,29.87,124,27.22,161
006206,元大上證50,ETF,0.0,0.0,0.0,0.0,0.0,0.0,0.0,0.0,0.0,0.0,0.0,0.0,0.0,36.35,0.0,0.0,0.0,32.59,124,22.66,162
006207,復華滬深,ETF,0.0,0.0,0.0,0.0,0.0,0.0,0.0,0.0,0.0,0.0,0.0,0.0,0.0,33.43,0.0,0.0,0.0,33.42,124,29.87,161
006208,富邦台50,ETF,0.0,0.0,0.0,0.0,0.0,0.0,0.0,0.0,0.0,0.0,0.0,0.0,0.0,241.05,0.0,0.0,0.0,20.41,36,41.94,148
00625K,富邦上証+R,ETF,0.0,0.0,0.0,0.0,0.0,0.0,0.0,0.0,0.0,0.0,0.0,0.0,0.0,0.0,0.0,0.0,0.0,0.0,0,0.0,0
00631L,元大台灣50正2,ETF,0.0,0.0,0.0,0.0,0.0,0.0,0.0,0.0,0.0,0.0,0.0,0.0,0.0,36.67,0.0,0.0,0.0,30.81,36,81.17,148
00632R,元大台灣50反1,ETF,0.0,0.0,0.0,0.0,0.0,0.0,0.0,0.0,0.0,0.0,0.0,0.0,0.0,10.37,0.0,0.0,0.0,6.5,61,0.0,0
00633L,富邦上証正2,ETF,0.0,0.0,0.0,0.0,0.0,0.0,0.0,0.0,0.0,0.0,0.0,0.0,0.0,52.55,0.0,0.0,0.0,58.69,124,40.05,144
00634R,富邦上証反1,ETF,0.0,0.0,0.0,0.0,0.0,0.0,0.0,0.0,0.0,0.0,0.0,0.0,0.0,3.05,0.0,0.0,0.0,9.03,103,0.79,5
00635U,期元大S&P黃金,ETF,0.0,0.0,0.0,0.0,0.0,0.0,0.0,0.0,0.0,0.0,0.0,0.0,0.0,46.43,0.0,0.0,0.0,15.89,147,27.33,134
00636,國泰中國A50,ETF,0.0,0.0,0.0,0.0,0.0,0.0,0.0,0.0,0.0,0.0,0.0,0.0,0.0,28.71,0.0,0.0,0.0,33.65,124,23.88,161
00636K,國泰中國A50+U,ETF,0.0,0.0,0.0,0.0,0.0,0.0,0.0,0.0,0.0,0.0,0.0,0.0,0.0,9.25,0.0,0.0,0.0,23.27,125,19.81,147
00638R,元大滬深300反1,ETF,0.0,0.0,0.0,0.0,0.0,0.0,0.0,0.0,0.0,0.0,0.0,0.0,0.0,6.5,0.0,0.0,0.0,8.94,105,0.38,5
00923,群益台ESG低碳50,ETF,0.0,0.0,0.0,0.0,0.0,0.0,0.0,0.0,0.0,0.0,0.0,0.0,0.0,42.01,0.0,0.0,0.0,16.25,36,29.04,148
00669R,國泰美國道瓊反1,ETF,0.0,0.0,0.0,0.0,0.0,0.0,0.0,0.0,0.0,0.0,0.0,0.0,0.0,5.34,0.0,0.0,0.0,0.97,64,0.47,18
00671R,富邦NASDAQ反1,ETF,0.0,0.0,0.0,0.0,0.0,0.0,0.0,0.0,0.0,0.0,0.0,0.0,0.0,2.39,0.0,0.0,0.0,4.79,61,0.9,8
00707R,期元大S&P日圓反1,ETF,0.0,0.0,0.0,0.0,0.0,0.0,0.0,0.0,0.0,0.0,0.0,0.0,0.0,32.2,0.0,0.0,0.0,4.44,27,0.0,0
00708L,期元大S&P黃金正2,ETF,0.0,0.0,0.0,0.0,0.0,0.0,0.0,0.0,0.0,0.0,0.0,0.0,0.0,86.35,0.0,0.0,0.0,32.61,147,59.59,134
00709,富邦歐洲,ETF,0.0,0.0,0.0,0.0,0.0,0.0,0.0,0.0,0.0,0.0,0.0,0.0,0.0,38.48,0.0,0.0,0.0,2.51,90,12.54,183
00710B,復華彭博非投等債,ETF,0.0,0.0,0.0,0.0,0.0,0.0,0.0,0.0,0.0,0.0,0.0,0.0,0.0,18.92,0.0,0.0,0.0,3.12,181,4.8,182
00711B,復華彭博新興債,ETF,0.0,0.0,0.0,0.0,0.0,0.0,0.0,0.0,0.0,0.0,0.0,0.0,0.0,16.09,0.0,0.0,0.0,5.64,105,12.74,173
00712,復華富時不動產,ETF,0.0,0.0,0.0,0.0,0.0,0.0,0.0,0.0,0.0,0.0,0.0,0.0,0.0,8.71,0.0,0.0,0.0,6.6,42,12.04,95
00713,元大台灣高息低波,ETF,0.0,0.0,0.0,0.0,0.0,0.0,0.0,0.0,0.0,0.0,0.0,0.0,0.0,59.65,0.0,0.0,0.0,2.86,13,1.76,13
00714,群益道瓊美國地產,ETF,0.0,0.0,0.0,0.0,0.0,0.0,0.0,0.0,0.0,0.0,0.0,0.0,0.0,21.44,0.0,0.0,0.0,17.09,176,5.86,140
00715L,期街口布蘭特正2,ETF,0.0,0.0,0.0,0.0,0.0,0.0,0.0,0.0,0.0,0.0,0.0,0.0,0.0,55.1,0.0,0.0,0.0,27.17,30,39.82,18
00717,富邦美國特別股,ETF,0.0,0.0,0.0,0.0,0.0,0.0,0.0,0.0,0.0,0.0,0.0,0.0,0.0,15.05,0.0,0.0,0.0,5.27,133,7.01,109
00728,第一金工業30,ETF,0.0,0.0,0.0,0.0,0.0,0.0,0.0,0.0,0.0,0.0,0.0,0.0,0.0,62.4,0.0,0.0,0.0,13.49,36,23.12,151
00730,富邦臺灣優質高息,ETF,0.0,0.0,0.0,0.0,0.0,0.0,0.0,0.0,0.0,0.0,0.0,0.0,0.0,29.41,0.0,0.0,0.0,8.1,133,17.65,88
00731,復華富時高息低波,ETF,0.0,0.0,0.0,0.0,0.0,0.0,0.0,0.0,0.0,0.0,0.0,0.0,0.0,84.15,0.0,0.0,0.0,9.63,36,6.1,139
00733,富邦臺灣中小,ETF,0.0,0.0,0.0,0.0,0.0,0.0,0.0,0.0,0.0,0.0,0.0,0.0,0.0,73.0,0.0,0.0,0.0,3.74,15,24.95,133
00735,國泰臺韓科技,ETF,0.0,0.0,0.0,0.0,0.0,0.0,0.0,0.0,0.0,0.0,0.0,0.0,0.0,110.5,0.0,0.0,0.0,24.36,30,61.57,151
00736,國泰新興市場,ETF,0.0,0.0,0.0,0.0,0.0,0.0,0.0,0.0,0.0,0.0,0.0,0.0,0.0,30.62,0.0,0.0,0.0,14.87,124,18.92,161
00706L,期元大S&P日圓正2,ETF,0.0,0.0,0.0,0.0,0.0,0.0,0.0,0.0,0.0,0.0,0.0,0.0,0.0,19.04,0.0,0.0,0.0,18.36,103,244.86,139
00670L,富邦NASDAQ正2,ETF,0.0,0.0,0.0,0.0,0.0,0.0,0.0,0.0,0.0,0.0,0.0,0.0,0.0,217.1,0.0,0.0,0.0,21.19,183,38.88,147
00703,台新MSCI中國,ETF,0.0,0.0,0.0,0.0,0.0,0.0,0.0,0.0,0.0,0.0,0.0,0.0,0.0,19.51,0.0,0.0,0.0,38.78,124,25.75,119
00701,國泰股利精選30,ETF,0.0,0.0,0.0,0.0,0.0,0.0,0.0,0.0,0.0,0.0,0.0,0.0,0.0,35.98,0.0,0.0,0.0,8.43,37,8.91,70
00673R,期元大S&P原油反1,ETF,0.0,0.0,0.0,0.0,0.0,0.0,0.0,0.0,0.0,0.0,0.0,0.0,0.0,12.3,0.0,0.0,0.0,4.29,98,287.47,139
00674R,期元大S&P黃金反1,ETF,0.0,0.0,0.0,0.0,0.0,0.0,0.0,0.0,0.0,0.0,0.0,0.0,0.0,27.81,0.0,0.0,0.0,2.07,22,2.53,56
00675L,富邦臺灣加權正2,ETF,0.0,0.0,0.0,0.0,0.0,0.0,0.0,0.0,0.0,0.0,0.0,0.0,0.0,322.75,0.0,0.0,0.0,29.91,36,81.08,148
00676R,富邦臺灣加權反1,ETF,0.0,0.0,0.0,0.0,0.0,0.0,0.0,0.0,0.0,0.0,0.0,0.0,0.0,5.69,0.0,0.0,0.0,6.93,61,0.0,0
00678,群益那斯達克生技,ETF,0.0,0.0,0.0,0.0,0.0,0.0,0.0,0.0,0.0,0.0,0.0,0.0,0.0,35.78,0.0,0.0,0.0,11.25,54,44.32,176
00680L,元大美債20正2,ETF,0.0,0.0,0.0,0.0,0.0,0.0,0.0,0.0,0.0,0.0,0.0,0.0,0.0,6.89,0.0,0.0,0.0,17.54,98,13.32,139
00681R,元大美債20反1,ETF,0.0,0.0,0.0,0.0,0.0,0.0,0.0,0.0,0.0,0.0,0.0,0.0,0.0,21.07,0.0,0.0,0.0,3.29,162,1.32,42
00682U,期元大美元指數,ETF,0.0,0.0,0.0,0.0,0.0,0.0,0.0,0.0,0.0,0.0,0.0,0.0,0.0,20.42,0.0,0.0,0.0,3.47,174,2.59,168
00683L,期元大美元指正2,ETF,0.0,0.0,0.0,0.0,0.0,0.0,0.0,0.0,0.0,0.0,0.0,0.0,0.0,21.36,0.0,0.0,0.0,6.89,170,4.27,173
00684R,期元大美元指反1,ETF,0.0,0.0,0.0,0.0,0.0,0.0,0.0,0.0,0.0,0.0,0.0,0.0,0.0,0.0,0.0,0.0,0.0,0.0,0,1.96,27
00685L,群益臺灣加權正2,ETF,0.0,0.0,0.0,0.0,0.0,0.0,0.0,0.0,0.0,0.0,0.0,0.0,0.0,291.55,0.0,0.0,0.0,30.01,36,80.84,148
00686R,群益臺灣加權反1,ETF,0.0,0.0,0.0,0.0,0.0,0.0,0.0,0.0,0.0,0.0,0.0,0.0,0.0,1.02,0.0,0.0,0.0,6.83,61,0.44,1
00687C,國泰20年美債+櫃U,上櫃ETF,0.0,0.0,0.0,0.0,0.0,0.0,0.0,0.0,0.0,0.0,0.0,0.0,0.0,9.36,0.0,0.0,0.0,7.79,53,8.19,139
00688L,國泰20年美債正2,ETF,0.0,0.0,0.0,0.0,0.0,0.0,0.0,0.0,0.0,0.0,0.0,0.0,0.0,6.87,0.0,0.0,0.0,17.37,98,13.2,139
00689R,國泰20年美債反1,ETF,0.0,0.0,0.0,0.0,0.0,0.0,0.0,0.0,0.0,0.0,0.0,0.0,0.0,21.99,0.0,0.0,0.0,3.46,162,1.66,90
00690,兆豐藍籌30,ETF,0.0,0.0,0.0,0.0,0.0,0.0,0.0,0.0,0.0,0.0,0.0,0.0,0.0,79.0,0.0,0.0,0.0,16.83,36,36.35,148
00692,富邦公司治理,ETF,0.0,0.0,0.0,0.0,0.0,0.0,0.0,0.0,0.0,0.0,0.0,0.0,0.0,90.4,0.0,0.0,0.0,17.35,36,37.99,148
00693U,期街口S&P黃豆,ETF,0.0,0.0,0.0,0.0,0.0,0.0,0.0,0.0,0.0,0.0,0.0,0.0,0.0,20.93,0.0,0.0,0.0,0.71,2,11.88,166
00700,富邦恒生國企,ETF,0.0,0.0,0.0,0.0,0.0,0.0,0.0,0.0,0.0,0.0,0.0,0.0,0.0,16.93,0.0,0.0,0.0,34.83,124,15.98,119
00702,國泰標普低波高息,ETF,0.0,0.0,0.0,0.0,0.0,0.0,0.0,0.0,0.0,0.0,0.0,0.0,0.0,23.72,0.0,0.0,0.0,13.12,180,5.67,179
00924,復華S&P500成長,ETF,0.0,0.0,0.0,0.0,0.0,0.0,0.0,0.0,0.0,0.0,0.0,0.0,0.0,32.6,0.0,0.0,0.0,18.89,183,24.24,183
00926,凱基全球菁英55,ETF,0.0,0.0,0.0,0.0,0.0,0.0,0.0,0.0,0.0,0.0,0.0,0.0,0.0,24.97,0.0,0.0,0.0,10.59,183,22.95,181
00927,群益半導體收益,ETF,0.0,0.0,0.0,0.0,0.0,0.0,0.0,0.0,0.0,0.0,0.0,0.0,0.0,39.13,0.0,0.0,0.0,13.94,36,30.7,148
1220,台榮,食品工業,0.08,3429604000.0,42870050000.0,0.03,3381299754.1890645,0.08,54.95,594.23,10.77,605.0,0.86,48.4,4.4,11.95,0.37,0.07,4.05,16.23,173,4.03,27
1225,福懋油,食品工業,1.67,12252020000.0,7336538922.155689,0.75,12464694834.048298,1.7,34.38,77.21,16.66,93.87,28.32,159.58,58.44,29.5,1.98,0.96,5.41,93.43,100,20.55,2
1227,佳格,食品工業,1.32,28448173000.0,21551646212.121212,0.58,28958680341.484035,1.34,20.95,10.9,16.73,27.63,22.42,37.02,28.07,28.85,0.97,0.78,1.28,4.93,19,1.95,132
1229,聯華,食品工業,2.6,13281855000.0,5108405769.230769,0.9,12807424481.673565,2.51,20.43,12.39,14.73,27.12,36.97,68.07,51.27,42.0,1.22,0.88,1.62,6.71,33,9.33,130
1231,聯華食,食品工業,3.93,12960746000.0,3297899745.547074,1.72,13287100803.19908,4.03,29.36,23.41,19.25,42.66,77.58,171.92,118.32,89.0,1.33,0.87,1.93,25.74,183,17.56,63
1232,大統益,食品工業,8.25,21469837000.0,2602404484.848485,3.76,22866654981.75962,8.79,18.42,3.64,17.05,20.69,149.87,181.87,161.94,149.5,1.08,1.0,1.22,8.28,138,0.62,5
1233,天仁,食品工業,0.75,2174330000.0,2899106666.6666665,0.33,2216425202.0247545,0.76,36.04,14.02,29.58,43.6,22.48,33.14,27.39,27.7,0.99,0.81,1.2,1.17,33,1.41,181
1234,黑松,食品工業,2.0,9578941000.0,4789470500.0,0.76,9365915780.633919,1.96,17.61,5.46,15.59,21.05,30.56,41.26,34.52,35.15,0.98,0.87,1.17,5.12,15,2.93,22
1235,興泰,食品工業,0.16,176147000.0,1100918750.0,0.08,275655171.1609111,0.25,97.48,553.92,14.5,568.42,3.62,142.1,24.37,38.7,0.63,0.09,3.67,79.32,145,11.46,26
1236,宏亞,食品工業,-0.43,1881933000.0,0.0,0.0,1794823944.4085946,0.0,148.14,91.0,99.38,190.38,0.0,0.0,0.0,25.5,0.0,0.0,0.0,6.21,28,24.77,120
1240,茂生農經,農業科技業,5.02,2763166000.0,550431474.1035857,2.12,2790722642.437781,5.07,12.02,3.74,10.61,14.35,53.79,72.75,60.94,57.3,1.06,0.94,1.27,4.82,83,10.4,83
1256,鮮活果汁-KY,食品工業,11.18,3940213000.0,352434078.7119857,7.04,5940797407.504643,16.86,15.9,8.86,12.03,20.89,202.83,352.21,268.0,181.0,1.48,1.12,1.95,1.75,19,51.67,98
1264,德麥,食品工業,20.47,6763586000.0,330414557.88959455,9.24,6956396362.557458,21.05,14.97,4.19,12.83,17.02,270.07,358.27,315.14,271.0,1.16,1.0,1.32,3.22,36,1.88,39
1294,漢田生技,食品工業,4.67,752425000.0,161118843.6830835,2.41,959535712.3623252,5.96,15.5,9.23,12.27,21.5,73.13,128.14,92.41,78.8,1.17,0.93,1.63,0.0,0,12.68,98
1295,生合,食品工業,5.32,794064000.0,149260150.37593985,2.85,1593041410.3941638,10.67,18.73,20.13,9.64,29.77,102.86,317.65,199.9,50.0,4.0,2.06,6.35,36.57,113,77.07,92
1301,台塑,塑膠工業,-1.57,177551951000.0,0.0,0.0,165975514744.28882,0.0,64.24,23.84,52.62,76.46,0.0,0.0,0.0,48.9,0.0,0.0,0.0,0.16,2,27.84,181
1303,南亞,塑膠工業,0.57,261237063000.0,458310636842.1053,0.26,275712889552.99207,0.6,80.4,129.93,34.98,164.91,20.99,98.95,48.24,104.5,0.46,0.2,0.95,0.0,0,135.07,181
1304,台聚,塑膠工業,-2.6,44923032000.0,0.0,0.0,41291685668.665726,0.0,0.0,0.0,0.0,0.0,0.0,0.0,0.0,13.4,0.0,0.0,0.0,13.96,43,27.87,180
1305,華夏,塑膠工業,-1.58,9311305000.0,0.0,0.0,10421146130.577154,0.0,87.59,96.21,49.17,145.38,0.0,0.0,0.0,13.2,0.0,0.0,0.0,8.62,43,20.48,78
1219,福壽,食品工業,0.45,14343570000.0,31874600000.0,0.19,14528994840.018793,0.46,29.88,34.07,18.89,52.96,8.69,24.36,13.75,13.0,1.06,0.67,1.87,1.86,21,1.33,5
1307,三芳,塑膠工業,2.85,10823937000.0,3797872631.578947,1.25,11033784060.955065,2.91,11.73,9.57,8.3,17.87,24.15,52.0,34.12,34.3,0.99,0.7,1.52,47.6,155,2.5,28
1218,泰山,食品工業,1.59,10013154000.0,6297581132.075471,0.69,10781455778.91044,1.71,18.62,66.43,11.07,77.5,18.93,132.52,31.84,19.35,1.65,0.98,6.85,2.65,2,6.16,11
1216,統一,食品工業,3.46,671991806000.0,194217284971.09827,1.47,691147405402.423,3.56,23.05,8.82,18.76,27.58,66.79,98.18,82.05,73.8,1.11,0.91,1.33,13.46,153,9.16,47
020030,統一智慧電動車N,ETN,0.0,0.0,0.0,0.0,0.0,0.0,0.0,0.0,0.0,0.0,0.0,0.0,0.0,18.32,0.0,0.0,0.0,13.6,36,44.04,183
020031,統一IC設計臺灣N,ETN,0.0,0.0,0.0,0.0,0.0,0.0,0.0,0.0,0.0,0.0,0.0,0.0,0.0,10.47,0.0,0.0,0.0,8.32,14,13.38,105
020032,元大綠能N,ETN,0.0,0.0,0.0,0.0,0.0,0.0,0.0,0.0,0.0,0.0,0.0,0.0,0.0,11.14,0.0,0.0,0.0,15.61,40,53.92,145
020033,統一恒生科期N,指數投資證券(ETN),0.0,0.0,0.0,0.0,0.0,0.0,0.0,0.0,0.0,0.0,0.0,0.0,0.0,0.0,0.0,0.0,0.0,36.94,124,25.99,119
020034,元大IC設計N,ETN,0.0,0.0,0.0,0.0,0.0,0.0,0.0,0.0,0.0,0.0,0.0,0.0,0.0,14.37,0.0,0.0,0.0,10.64,15,7.72,36
020035,元大上櫃ESG高息N,指數投資證券(ETN),0.0,0.0,0.0,0.0,0.0,0.0,0.0,0.0,0.0,0.0,0.0,0.0,0.0,14.43,0.0,0.0,0.0,9.28,36,0.0,0
020036,元大金融配息N,ETN,0.0,0.0,0.0,0.0,0.0,0.0,0.0,0.0,0.0,0.0,0.0,0.0,0.0,8.99,0.0,0.0,0.0,12.75,37,0.0,0
020037,元大金融高股息N,ETN,0.0,0.0,0.0,0.0,0.0,0.0,0.0,0.0,0.0,0.0,0.0,0.0,0.0,10.02,0.0,0.0,0.0,13.49,182,0.0,0
020038,元大ESG配息N,ETN,0.0,0.0,0.0,0.0,0.0,0.0,0.0,0.0,0.0,0.0,0.0,0.0,0.0,13.66,0.0,0.0,0.0,6.06,15,7.19,103
020039,元大加權N,ETN,0.0,0.0,0.0,0.0,0.0,0.0,0.0,0.0,0.0,0.0,0.0,0.0,0.0,14.31,0.0,0.0,0.0,14.44,36,35.09,148
020040,元大上櫃ESG龍頭N,指數投資證券(ETN),0.0,0.0,0.0,0.0,0.0,0.0,0.0,0.0,0.0,0.0,0.0,0.0,0.0,0.0,0.0,0.0,0.0,13.37,36,0.0,0
020041,兆豐半導體氣候N,指數投資證券(ETN),0.0,0.0,0.0,0.0,0.0,0.0,0.0,0.0,0.0,0.0,0.0,0.0,0.0,18.66,0.0,0.0,0.0,23.15,140,33.6,132
1101,台泥,水泥工業,-1.61,152985677000.0,0.0,0.0,142251537305.95587,0.0,26.18,17.85,18.11,35.96,0.0,0.0,0.0,24.4,0.0,0.0,0.0,6.88,48,0.18,1
1101B,台泥乙特,水泥工業,0.0,0.0,0.0,0.0,0.0,0.0,0.0,0.0,0.0,0.0,0.0,0.0,0.0,45.3,0.0,0.0,0.0,0.0,0,0.62,26
1102,亞泥,水泥工業,3.0,71952957000.0,23984319000.0,1.11,64123165678.74213,2.67,13.02,5.56,10.15,15.71,27.1,41.95,34.76,34.4,1.01,0.79,1.22,0.0,0,5.16,28
1103,嘉泥,水泥工業,0.84,3024675000.0,3600803571.4285717,0.33,2707057698.508065,0.75,102.86,609.17,15.83,625.0,11.87,468.75,77.14,13.6,5.67,0.87,34.47,1.63,30,1.0,1
1104,環泥,水泥工業,2.57,7898245000.0,3073247081.7120624,1.03,7411307327.462351,2.41,12.27,5.18,9.57,14.75,23.06,35.55,29.57,29.4,1.01,0.78,1.21,8.85,29,7.38,138
1108,幸福,水泥工業,2.17,4581368000.0,2111229493.0875576,0.79,3611247266.092312,1.71,10.22,8.39,6.32,14.71,10.81,25.15,17.48,13.8,1.27,0.78,1.82,0.89,29,2.98,74
1109,信大,水泥工業,1.03,4413154000.0,4284615533.980582,0.38,3904260622.440665,0.91,12.8,10.7,8.79,19.49,8.0,17.74,11.65,14.85,0.78,0.54,1.19,2.56,33,0.0,0
1110,東泥,水泥工業,0.35,2875841000.0,8216688571.428572,0.13,2400494516.29183,0.29,49.08,71.47,27.73,99.2,8.04,28.77,14.23,16.0,0.89,0.5,1.8,1.64,57,0.74,1
1201,味全,食品工業,0.4,22021377000.0,55053442500.0,0.15,20893407983.93748,0.38,25.15,17.84,17.16,35.0,6.52,13.3,9.56,12.45,0.77,0.52,1.07,0.27,16,3.46,28
1203,味王,食品工業,1.81,5788155000.0,3197875690.6077347,0.68,4803632170.632267,1.5,20.47,11.13,14.79,25.92,22.18,38.88,30.71,42.85,0.72,0.52,0.91,9.4,57,7.29,26
1210,大成,食品工業,4.32,102153533000.0,23646651157.407406,1.91,106446195220.46803,4.5,12.95,5.11,10.43,15.54,46.94,69.93,58.26,54.4,1.07,0.86,1.29,1.92,43,7.82,27
1213,大飲,食品工業,-0.86,293246000.0,0.0,0.0,334816175.7152336,0.0,1.35,0.83,1.06,1.89,0.0,0.0,0.0,8.43,0.0,0.0,0.0,85.93,69,0.0,0
1215,卜蜂,食品工業,10.4,28114836000.0,2703349615.3846154,4.53,29888233527.96926,11.06,14.7,4.51,12.28,16.79,135.82,185.7,162.56,119.0,1.37,1.14,1.56,6.05,15,29.2,134
1217,愛之味,食品工業,0.42,5053488000.0,12032114285.714287,0.16,5007813758.53591,0.42,34.39,62.28,17.01,79.29,7.14,33.3,14.44,9.92,1.46,0.72,3.36,9.96,30,2.78,70
020029,元大ESG高股息N,ETN,0.0,0.0,0.0,0.0,0.0,0.0,0.0,0.0,0.0,0.0,0.0,0.0,0.0,17.89,0.0,0.0,0.0,5.9,15,7.66,105
1308,亞聚,塑膠工業,-1.76,5804421000.0,0.0,0.0,5472094266.135919,0.0,0.0,0.0,0.0,0.0,0.0,0.0,0.0,13.85,0.0,0.0,0.0,12.29,43,23.83,180
1310,台苯,塑膠工業,-1.37,9135110000.0,0.0,0.0,7972818729.869874,0.0,0.0,0.0,0.0,0.0,0.0,0.0,0.0,8.95,0.0,0.0,0.0,11.24,42,24.16,75
1423,利華,紡織纖維,4.36,82713000.0,18970871.559633028,2.28,89725533.60120542,4.73,40.53,97.08,8.73,105.81,41.29,500.48,191.72,43.75,4.38,0.94,11.44,13.75,29,6.59,166
1434,福懋,紡織纖維,0.51,27741651000.0,54395394117.64706,0.22,25588817749.29944,0.47,41.9,97.73,16.74,114.47,7.87,53.8,19.69,16.6,1.19,0.47,3.24,1.77,43,6.6,43
1436,華友聯,建材營造,5.4,3875730000.0,717727777.7777777,0.52,2487224155.9444294,3.47,8.41,17.88,3.79,21.67,13.15,75.19,29.19,45.7,0.64,0.29,1.65,30.32,40,4.7,36
1437,勤益控,其他,2.41,937678000.0,389078008.29875517,0.93,845220632.271577,2.17,12.89,12.45,8.86,21.31,19.23,46.24,27.97,29.15,0.96,0.66,1.59,8.82,13,5.4,182
1438,三地開發,建材營造,1.74,988580000.0,568149425.2873564,1.16,2707347338755.1865,4765.2,12.98,10.26,7.1,17.36,33832.92,82723.87,61875.3,20.6,3003.66,1642.37,4015.72,53.23,57,4.21,27
1440,南紡,紡織纖維,-0.15,14484020000.0,0.0,0.0,12121621397.021156,0.0,10.45,3.78,8.74,12.52,0.0,0.0,0.0,14.25,0.0,0.0,0.0,2.19,43,8.96,160
1441,大東,紡織纖維,-0.45,1516894000.0,0.0,0.0,1258449784.1682127,0.0,49.04,195.53,4.47,200.0,0.0,0.0,0.0,9.5,0.0,0.0,0.0,36.94,35,2.79,1
1442,名軒,建材營造,3.04,3244173000.0,1067162171.0526316,0.59,1103560275.8999455,1.03,9.16,7.89,6.27,14.16,6.46,14.58,9.44,27.3,0.35,0.24,0.53,35.04,181,9.33,6
1444,力麗,紡織纖維,-0.78,7296992000.0,0.0,0.0,7476705938.0594,0.0,66.81,104.18,24.57,128.75,0.0,0.0,0.0,6.85,0.0,0.0,0.0,5.97,44,0.44,1
1445,大宇,紡織纖維,-0.87,759419000.0,0.0,0.0,613006542.149323,0.0,2.42,1.12,1.97,3.09,0.0,0.0,0.0,11.65,0.0,0.0,0.0,1.73,12,3.46,97
1446,宏和,紡織纖維,1.62,1147559000.0,708369753.0864197,0.36,355355140.86131537,0.5,6.55,17.58,2.42,20.0,1.21,10.0,3.27,16.6,0.2,0.07,0.6,2.03,2,0.94,1
1447,力鵬,紡織纖維,-0.97,28850751000.0,0.0,0.0,30834662358.474655,0.0,128.22,26.4,117.0,143.4,0.0,0.0,0.0,6.41,0.0,0.0,0.0,15.75,35,1.31,8
1449,佳和,紡織纖維,0.13,2420960000.0,18622769230.76923,0.09,3757759510.2754045,0.2,38.68,135.02,14.07,149.09,2.81,29.82,7.74,13.55,0.57,0.21,2.2,48.64,160,4.15,42
1451,年興,紡織纖維,1.76,6154960000.0,3497136363.6363635,0.74,6850641554.638579,1.96,23.0,63.09,7.58,70.67,14.86,138.51,45.08,16.8,2.68,0.88,8.24,4.69,181,0.52,1
1452,宏益,紡織纖維,-0.41,1412669000.0,0.0,0.0,1324292510.7340465,0.0,25.0,19.77,17.73,37.5,0.0,0.0,0.0,11.05,0.0,0.0,0.0,0.88,2,17.28,88
1454,台富,紡織纖維,-1.12,1557640000.0,0.0,0.0,1269552026.4730601,0.0,83.36,124.68,48.82,173.5,0.0,0.0,0.0,13.05,0.0,0.0,0.0,21.89,33,1.98,5
1455,集盛,紡織纖維,-0.98,6505126000.0,0.0,0.0,4631969442.728829,0.0,264.97,971.48,43.52,1015.0,0.0,0.0,0.0,9.1,0.0,0.0,0.0,0.67,2,0.11,96
1457,宜進,紡織纖維,1.17,3066311000.0,2620778632.4786325,0.44,2434520108.251184,0.93,15.97,34.17,5.95,40.12,5.53,37.31,14.85,15.5,0.96,0.36,2.41,1.82,2,0.56,5
1459,聯發,紡織纖維,0.81,1252518000.0,1546318518.5185184,0.26,843975010.1858208,0.55,29.55,93.91,7.45,101.36,4.1,55.75,16.25,11.75,1.38,0.35,4.74,1.36,43,6.55,63
1460,宏遠,紡織纖維,-0.27,7646438000.0,0.0,0.0,6002292704.113395,0.0,0.0,0.0,0.0,0.0,0.0,0.0,0.0,7.42,0.0,0.0,0.0,4.28,33,0.14,1
1419,新紡,紡織纖維,4.12,4714640000.0,1144330097.0873785,2.13,5997736112.760974,5.24,17.96,23.17,4.71,27.88,24.68,146.09,94.12,67.1,1.4,0.37,2.18,1.13,29,9.31,172
1309,台達化,塑膠工業,-1.07,14998545000.0,0.0,0.0,11807573873.122526,0.0,0.0,0.0,0.0,0.0,0.0,0.0,0.0,16.35,0.0,0.0,0.0,42.76,117,13.06,182
1418,東華,紡織纖維,-1.28,6372000.0,0.0,0.0,1828930.5392041442,0.0,118.73,446.06,43.94,490.0,0.0,0.0,0.0,18.65,0.0,0.0,0.0,38.87,33,8.81,67
1416,廣豐,其他,0.8,357557000.0,446946250.0,0.4,440916849.21156144,0.99,17.15,13.05,12.23,25.28,12.11,25.03,16.97,11.7,1.45,1.04,2.14,7.34,124,1.59,4
1312,國喬,塑膠工業,-3.97,21781269000.0,0.0,0.0,27562123321.589355,0.0,0.0,0.0,0.0,0.0,0.0,0.0,0.0,14.4,0.0,0.0,0.0,12.73,43,14.08,180
1312A,國喬特,塑膠工業,0.0,0.0,0.0,0.0,0.0,0.0,0.0,0.0,0.0,0.0,0.0,0.0,0.0,22.3,0.0,0.0,0.0,4.22,128,0.0,0
1313,聯成,塑膠工業,-1.17,61645893000.0,0.0,0.0,58796496710.459816,0.0,0.0,0.0,0.0,0.0,0.0,0.0,0.0,11.25,0.0,0.0,0.0,2.79,43,40.15,182
1314,中石化,塑膠工業,-0.78,20109851000.0,0.0,0.0,13428623745.566843,0.0,77.69,198.75,21.25,220.0,0.0,0.0,0.0,8.09,0.0,0.0,0.0,10.11,29,43.38,154
1315,達新,塑膠工業,1.55,2308500000.0,1489354838.7096775,0.47,1821106722.6532526,1.22,48.33,80.59,18.66,99.25,22.77,121.08,58.97,61.5,0.96,0.37,1.97,0.55,77,1.52,29
1316,上曜,建材營造,-0.52,4057430000.0,0.0,0.0,10034770877.46665,0.0,0.0,0.0,0.0,0.0,0.0,0.0,0.0,10.6,0.0,0.0,0.0,20.9,57,13.45,144
1319,東陽,汽車工業,6.43,25247616000.0,3926534370.139969,2.48,20688828099.17711,5.27,15.33,8.2,11.45,19.65,60.34,103.56,80.77,97.9,0.83,0.62,1.06,6.96,13,0.0,0
1321,大洋,塑膠工業,-1.25,3649201000.0,0.0,0.0,3312307069.958994,0.0,449.93,1855.31,32.19,1887.5,0.0,0.0,0.0,29.7,0.0,0.0,0.0,13.06,75,3.98,71
1323,永裕,塑膠工業,0.25,2033764000.0,8135056000.0,0.11,2034385153.1678007,0.25,48.97,189.94,7.06,197.0,1.76,49.25,12.24,20.15,0.61,0.09,2.44,0.48,1,0.5,1
1324,地球,塑膠工業,-0.82,738507000.0,0.0,0.0,656484203.5353019,0.0,324.15,1140.8,29.2,1170.0,0.0,0.0,0.0,10.7,0.0,0.0,0.0,9.43,30,7.89,139
1325,恆大,塑膠工業,-0.7,293967000.0,0.0,0.0,223382110.4407828,0.0,211.58,269.98,67.24,337.22,0.0,0.0,0.0,26.65,0.0,0.0,0.0,30.04,21,0.0,0
1326,台化,塑膠工業,-0.99,292368349000.0,0.0,0.0,302556025844.77344,0.0,149.62,473.78,19.55,493.33,0.0,0.0,0.0,52.8,0.0,0.0,0.0,2.34,15,49.58,161
1336,台翰,電子零組件業,0.72,2526028000.0,3508372222.2222223,0.27,2252377992.2007976,0.64,13.69,31.18,8.14,39.32,5.21,25.16,8.76,14.35,0.61,0.36,1.75,41.29,110,4.7,28
1337,再生-KY,塑膠工業,-1.74,682900000.0,0.0,0.0,539714592.0054388,0.0,0.0,0.0,0.0,0.0,0.0,0.0,0.0,5.06,0.0,0.0,0.0,6.59,37,0.51,1
1338,廣華-KY,汽車工業,-2.24,5359361000.0,0.0,0.0,4972190250.541308,0.0,0.0,0.0,0.0,0.0,0.0,0.0,0.0,17.45,0.0,0.0,0.0,0.0,0,0.0,0
1339,昭輝,汽車工業,2.42,1708614000.0,706038842.9752066,0.95,1369770692.7812164,1.94,13.8,14.28,8.18,22.46,15.87,43.57,26.77,43.5,0.62,0.36,1.0,0.0,0,0.0,0
1340,勝悅-KY,塑膠工業,-2.61,180630000.0,0.0,0.0,30519601.863401473,0.0,0.0,0.0,0.0,0.0,0.0,0.0,0.0,5.95,0.0,0.0,0.0,21.5,33,24.93,111
1341,富林-KY,塑膠工業,3.71,2590239000.0,698177628.032345,1.7,2607662575.048368,3.73,14.31,5.23,11.51,16.74,42.93,62.44,53.38,63.5,0.84,0.68,0.98,0.28,9,0.75,1
1342,八貫,其他,5.61,2785153000.0,496462210.3386809,3.95,3532215714.0502043,7.11,15.16,7.45,11.43,18.88,81.27,134.24,107.77,104.0,1.04,0.78,1.29,0.0,0,0.99,6
1402,遠東新,紡織纖維,1.54,254998414000.0,165583385714.2857,0.65,252913926885.43344,1.53,18.4,10.7,13.66,24.36,20.9,37.27,28.15,27.55,1.02,0.76,1.35,15.38,118,3.83,28
1409,新纖,紡織纖維,1.19,40921487000.0,34387804201.68067,0.5,38115510090.00139,1.11,16.32,16.53,10.38,26.91,11.52,29.87,18.12,26.15,0.69,0.44,1.14,10.24,42,41.83,75
1410,南染,紡織纖維,0.59,195601000.0,331527118.6440678,0.26,187186308.45325705,0.56,91.36,111.1,45.42,156.52,25.44,87.65,51.16,25.85,1.98,0.98,3.39,3.6,69,1.26,1
1413,宏洲,紡織纖維,0.45,2159243000.0,4798317777.777778,0.17,1728143479.1913233,0.36,24.79,11.67,21.11,32.78,7.6,11.8,8.92,9.5,0.94,0.8,1.24,4.15,2,0.83,1
1414,東和,紡織纖維,0.19,468559000.0,2466100000.0,0.1,438267972.09279364,0.18,107.22,125.72,48.45,174.17,8.72,31.35,19.3,16.9,1.14,0.52,1.86,20.37,43,0.52,1
1417,嘉裕,紡織纖維,0.62,424832000.0,685212903.2258065,0.19,418715797.720578,0.61,15.9,5.49,13.87,19.36,8.46,11.81,9.7,8.54,1.14,0.99,1.38,2.64,33,11.6,172
1464,得力,紡織纖維,0.34,12545008000.0,36897082352.94118,0.17,11786734782.606833,0.32,29.48,90.08,9.92,100.0,3.17,32.0,9.43,10.6,0.89,0.3,3.02,13.0,182,0.74,60
020028,元大特選電動車N,ETN,0.0,0.0,0.0,0.0,0.0,0.0,0.0,0.0,0.0,0.0,0.0,0.0,0.0,21.3,0.0,0.0,0.0,13.71,36,61.42,146
020025,統一亞洲半導體N,指數投資證券(ETN),0.0,0.0,0.0,0.0,0.0,0.0,0.0,0.0,0.0,0.0,0.0,0.0,0.0,39.99,0.0,0.0,0.0,17.77,36,77.89,151
00960,野村全球航運龍頭,ETF,0.0,0.0,0.0,0.0,0.0,0.0,0.0,0.0,0.0,0.0,0.0,0.0,0.0,17.56,0.0,0.0,0.0,26.42,5,5.44,106
00961,FT臺灣永續高息,ETF,0.0,0.0,0.0,0.0,0.0,0.0,0.0,0.0,0.0,0.0,0.0,0.0,0.0,13.11,0.0,0.0,0.0,0.9,6,7.61,147
00962,台新AI優息動能,ETF,0.0,0.0,0.0,0.0,0.0,0.0,0.0,0.0,0.0,0.0,0.0,0.0,0.0,15.57,0.0,0.0,0.0,2.2,77,26.84,148
00963,中信全球高股息,ETF,0.0,0.0,0.0,0.0,0.0,0.0,0.0,0.0,0.0,0.0,0.0,0.0,0.0,12.56,0.0,0.0,0.0,10.92,126,12.81,183
00964,中信亞太高股息,ETF,0.0,0.0,0.0,0.0,0.0,0.0,0.0,0.0,0.0,0.0,0.0,0.0,0.0,14.55,0.0,0.0,0.0,3.8,130,21.24,161
00965,元大航太防衛科技,ETF,0.0,0.0,0.0,0.0,0.0,0.0,0.0,0.0,0.0,0.0,0.0,0.0,0.0,24.8,0.0,0.0,0.0,23.64,181,27.73,151
00971,野村美國研發龍頭,ETF,0.0,0.0,0.0,0.0,0.0,0.0,0.0,0.0,0.0,0.0,0.0,0.0,0.0,17.0,0.0,0.0,0.0,2.54,40,26.22,181
00972,野村日本動能高息,ETF,0.0,0.0,0.0,0.0,0.0,0.0,0.0,0.0,0.0,0.0,0.0,0.0,0.0,19.24,0.0,0.0,0.0,11.48,70,17.81,182
009800,中信NASDAQ,ETF,0.0,0.0,0.0,0.0,0.0,0.0,0.0,0.0,0.0,0.0,0.0,0.0,0.0,13.17,0.0,0.0,0.0,2.4,7,23.78,181
009801,中信美國創新科技,ETF,0.0,0.0,0.0,0.0,0.0,0.0,0.0,0.0,0.0,0.0,0.0,0.0,0.0,12.56,0.0,0.0,0.0,2.3,170,27.69,147
009802,富邦旗艦50,ETF,0.0,0.0,0.0,0.0,0.0,0.0,0.0,0.0,0.0,0.0,0.0,0.0,0.0,20.1,0.0,0.0,0.0,8.98,175,19.77,146
009803,玉山市值動能50,ETF,0.0,0.0,0.0,0.0,0.0,0.0,0.0,0.0,0.0,0.0,0.0,0.0,0.0,21.93,0.0,0.0,0.0,19.15,183,33.5,147
009804,聯邦台精彩50,ETF,0.0,0.0,0.0,0.0,0.0,0.0,0.0,0.0,0.0,0.0,0.0,0.0,0.0,23.37,0.0,0.0,0.0,40.06,183,31.64,148
009805,新光美國電力基建,ETF,0.0,0.0,0.0,0.0,0.0,0.0,0.0,0.0,0.0,0.0,0.0,0.0,0.0,16.59,0.0,0.0,0.0,30.77,174,27.92,151
009806,台新標普500,上櫃ETF,0.0,0.0,0.0,0.0,0.0,0.0,0.0,0.0,0.0,0.0,0.0,0.0,0.0,13.23,0.0,0.0,0.0,19.04,184,18.76,183
009807,台新標普科技精選,上櫃ETF,0.0,0.0,0.0,0.0,0.0,0.0,0.0,0.0,0.0,0.0,0.0,0.0,0.0,17.03,0.0,0.0,0.0,34.33,156,31.96,148
009808,華南永昌優選50,ETF,0.0,0.0,0.0,0.0,0.0,0.0,0.0,0.0,0.0,0.0,0.0,0.0,0.0,30.72,0.0,0.0,0.0,33.51,168,34.5,148
00956,中信日經高股息,ETF,0.0,0.0,0.0,0.0,0.0,0.0,0.0,0.0,0.0,0.0,0.0,0.0,0.0,12.27,0.0,0.0,0.0,2.32,14,18.29,182
009809,富邦淨零ESG50,ETF,0.0,0.0,0.0,0.0,0.0,0.0,0.0,0.0,0.0,0.0,0.0,0.0,0.0,17.18,0.0,0.0,0.0,32.93,182,32.93,182
00953B,群益優選非投等債,ETF,0.0,0.0,0.0,0.0,0.0,0.0,0.0,0.0,0.0,0.0,0.0,0.0,0.0,9.54,0.0,0.0,0.0,4.61,166,5.97,180
00929,復華台灣科技優息,ETF,0.0,0.0,0.0,0.0,0.0,0.0,0.0,0.0,0.0,0.0,0.0,0.0,0.0,29.94,0.0,0.0,0.0,4.77,14,10.65,146
00930,永豐ESG低碳高息,ETF,0.0,0.0,0.0,0.0,0.0,0.0,0.0,0.0,0.0,0.0,0.0,0.0,0.0,25.01,0.0,0.0,0.0,5.26,15,6.59,144
00932,兆豐永續高息等權,ETF,0.0,0.0,0.0,0.0,0.0,0.0,0.0,0.0,0.0,0.0,0.0,0.0,0.0,17.95,0.0,0.0,0.0,3.85,36,6.5,109
00934,中信成長高股息,ETF,0.0,0.0,0.0,0.0,0.0,0.0,0.0,0.0,0.0,0.0,0.0,0.0,0.0,28.58,0.0,0.0,0.0,8.48,36,19.89,147
00935,野村臺灣新科技50,ETF,0.0,0.0,0.0,0.0,0.0,0.0,0.0,0.0,0.0,0.0,0.0,0.0,0.0,59.9,0.0,0.0,0.0,18.59,36,44.07,148
00936,台新永續高息中小,ETF,0.0,0.0,0.0,0.0,0.0,0.0,0.0,0.0,0.0,0.0,0.0,0.0,0.0,21.31,0.0,0.0,0.0,3.82,12,10.63,151
00938,凱基優選30,ETF,0.0,0.0,0.0,0.0,0.0,0.0,0.0,0.0,0.0,0.0,0.0,0.0,0.0,23.13,0.0,0.0,0.0,0.0,0,20.06,144
00939,統一台灣高息動能,ETF,0.0,0.0,0.0,0.0,0.0,0.0,0.0,0.0,0.0,0.0,0.0,0.0,0.0,20.89,0.0,0.0,0.0,3.36,15,6.97,148
00940,元大台灣價值高息,ETF,0.0,0.0,0.0,0.0,0.0,0.0,0.0,0.0,0.0,0.0,0.0,0.0,0.0,12.54,0.0,0.0,0.0,5.49,15,9.16,147
00941,中信上游半導體,ETF,0.0,0.0,0.0,0.0,0.0,0.0,0.0,0.0,0.0,0.0,0.0,0.0,0.0,26.05,0.0,0.0,0.0,8.3,36,36.36,182
00943,兆豐電子高息等權,ETF,0.0,0.0,0.0,0.0,0.0,0.0,0.0,0.0,0.0,0.0,0.0,0.0,0.0,22.09,0.0,0.0,0.0,4.48,30,12.81,144
00944,野村趨勢動能高息,ETF,0.0,0.0,0.0,0.0,0.0,0.0,0.0,0.0,0.0,0.0,0.0,0.0,0.0,21.01,0.0,0.0,0.0,4.98,30,5.14,109
00945B,凱基美國非投等債,ETF,0.0,0.0,0.0,0.0,0.0,0.0,0.0,0.0,0.0,0.0,0.0,0.0,0.0,14.41,0.0,0.0,0.0,3.19,181,5.92,179
00946,群益科技高息成長,ETF,0.0,0.0,0.0,0.0,0.0,0.0,0.0,0.0,0.0,0.0,0.0,0.0,0.0,15.27,0.0,0.0,0.0,5.83,14,21.79,148
00947,台新臺灣IC設計,ETF,0.0,0.0,0.0,0.0,0.0,0.0,0.0,0.0,0.0,0.0,0.0,0.0,0.0,37.77,0.0,0.0,0.0,7.19,8,36.45,158
00949,復華日本龍頭,ETF,0.0,0.0,0.0,0.0,0.0,0.0,0.0,0.0,0.0,0.0,0.0,0.0,0.0,20.73,0.0,0.0,0.0,6.45,16,17.56,161
00951,台新日本半導體,ETF,0.0,0.0,0.0,0.0,0.0,0.0,0.0,0.0,0.0,0.0,0.0,0.0,0.0,18.02,0.0,0.0,0.0,7.52,6,59.66,152
00952,凱基台灣AI50,ETF,0.0,0.0,0.0,0.0,0.0,0.0,0.0,0.0,0.0,0.0,0.0,0.0,0.0,19.23,0.0,0.0,0.0,4.12,92,29.91,151
00954,中信日本半導體,ETF,0.0,0.0,0.0,0.0,0.0,0.0,0.0,0.0,0.0,0.0,0.0,0.0,0.0,19.28,0.0,0.0,0.0,0.0,0,61.73,151
020027,元大上櫃ESG成長N,指數投資證券(ETN),0.0,0.0,0.0,0.0,0.0,0.0,0.0,0.0,0.0,0.0,0.0,0.0,0.0,10.76,0.0,0.0,0.0,14.29,36,0.0,0
00980A,主動野村臺灣優選,ETF,0.0,0.0,0.0,0.0,0.0,0.0,0.0,0.0,0.0,0.0,0.0,0.0,0.0,24.32,0.0,0.0,0.0,50.91,182,38.72,151
00980D,主動聯博投等入息,上櫃ETF,0.0,0.0,0.0,0.0,0.0,0.0,0.0,0.0,0.0,0.0,0.0,0.0,0.0,20.41,0.0,0.0,0.0,4.57,164,4.57,164
00986A,主動台新龍頭成長,ETF,0.0,0.0,0.0,0.0,0.0,0.0,0.0,0.0,0.0,0.0,0.0,0.0,0.0,15.19,0.0,0.0,0.0,23.01,183,23.01,183
00986B,FT金融債10+,上櫃ETF,0.0,0.0,0.0,0.0,0.0,0.0,0.0,0.0,0.0,0.0,0.0,0.0,0.0,9.89,0.0,0.0,0.0,2.59,64,2.59,64
00986D,主動復華金融債息,上櫃ETF,0.0,0.0,0.0,0.0,0.0,0.0,0.0,0.0,0.0,0.0,0.0,0.0,0.0,14.79,0.0,0.0,0.0,0.0,0,0.0,0
00987A,主動台新優勢成長,ETF,0.0,0.0,0.0,0.0,0.0,0.0,0.0,0.0,0.0,0.0,0.0,0.0,0.0,17.38,0.0,0.0,0.0,81.06,153,81.06,153
00987B,野村10+澳洲公債,上櫃ETF,0.0,0.0,0.0,0.0,0.0,0.0,0.0,0.0,0.0,0.0,0.0,0.0,0.0,15.91,0.0,0.0,0.0,6.19,39,6.19,39
00988A,主動統一全球創新,ETF,0.0,0.0,0.0,0.0,0.0,0.0,0.0,0.0,0.0,0.0,0.0,0.0,0.0,21.46,0.0,0.0,0.0,76.64,180,76.64,180
00988B,玉山嚴選非投債,上櫃ETF,0.0,0.0,0.0,0.0,0.0,0.0,0.0,0.0,0.0,0.0,0.0,0.0,0.0,19.83,0.0,0.0,0.0,0.65,16,0.65,16
00989A,主動摩根美國科技,ETF,0.0,0.0,0.0,0.0,0.0,0.0,0.0,0.0,0.0,0.0,0.0,0.0,0.0,18.13,0.0,0.0,0.0,5.53,6,5.53,6
00989B,台新美國非投等債,上櫃ETF,0.0,0.0,0.0,0.0,0.0,0.0,0.0,0.0,0.0,0.0,0.0,0.0,0.0,10.01,0.0,0.0,0.0,1.11,15,1.11,15
00990A,主動元大AI新經濟,ETF,0.0,0.0,0.0,0.0,0.0,0.0,0.0,0.0,0.0,0.0,0.0,0.0,0.0,20.25,0.0,0.0,0.0,110.26,163,110.26,163
00991A,主動復華未來50,ETF,0.0,0.0,0.0,0.0,0.0,0.0,0.0,0.0,0.0,0.0,0.0,0.0,0.0,19.22,0.0,0.0,0.0,106.94,167,106.94,167
00992A,主動群益科技創新,ETF,0.0,0.0,0.0,0.0,0.0,0.0,0.0,0.0,0.0,0.0,0.0,0.0,0.0,17.93,0.0,0.0,0.0,82.27,147,82.27,147
00993A,主動安聯台灣,ETF,0.0,0.0,0.0,0.0,0.0,0.0,0.0,0.0,0.0,0.0,0.0,0.0,0.0,13.41,0.0,0.0,0.0,40.85,113,40.85,113
00994A,主動第一金台股優,ETF,0.0,0.0,0.0,0.0,0.0,0.0,0.0,0.0,0.0,0.0,0.0,0.0,0.0,17.91,0.0,0.0,0.0,87.77,140,87.77,140
00995A,主動中信台灣卓越,ETF,0.0,0.0,0.0,0.0,0.0,0.0,0.0,0.0,0.0,0.0,0.0,0.0,0.0,17.62,0.0,0.0,0.0,80.04,125,80.04,125
00996A,主動兆豐台灣豐收,ETF,0.0,0.0,0.0,0.0,0.0,0.0,0.0,0.0,0.0,0.0,0.0,0.0,0.0,14.99,0.0,0.0,0.0,50.86,68,50.86,68
00997A,主動群益美國增長,ETF,0.0,0.0,0.0,0.0,0.0,0.0,0.0,0.0,0.0,0.0,0.0,0.0,0.0,13.46,0.0,0.0,0.0,31.64,50,31.64,50
00998A,主動復華金融股息,上櫃ETF,0.0,0.0,0.0,0.0,0.0,0.0,0.0,0.0,0.0,0.0,0.0,0.0,0.0,16.23,0.0,0.0,0.0,1.56,49,1.56,49
00999A,主動野村臺灣高息,ETF,0.0,0.0,0.0,0.0,0.0,0.0,0.0,0.0,0.0,0.0,0.0,0.0,0.0,11.19,0.0,0.0,0.0,12.18,29,12.18,29
020000,富邦特選蘋果N,ETN,0.0,0.0,0.0,0.0,0.0,0.0,0.0,0.0,0.0,0.0,0.0,0.0,0.0,32.98,0.0,0.0,0.0,19.11,36,0.0,0
020001,富邦存股雙十N,指數投資證券(ETN),0.0,0.0,0.0,0.0,0.0,0.0,0.0,0.0,0.0,0.0,0.0,0.0,0.0,0.0,0.0,0.0,0.0,0.0,0,0.0,0
020011,統一微波高息20N,ETN,0.0,0.0,0.0,0.0,0.0,0.0,0.0,0.0,0.0,0.0,0.0,0.0,0.0,0.0,0.0,0.0,0.0,8.74,34,0.0,0
020012,富邦行動通訊N,ETN,0.0,0.0,0.0,0.0,0.0,0.0,0.0,0.0,0.0,0.0,0.0,0.0,0.0,0.0,0.0,0.0,0.0,0.0,0,0.0,0
02001L,富邦蘋果正二N,ETN,0.0,0.0,0.0,0.0,0.0,0.0,0.0,0.0,0.0,0.0,0.0,0.0,0.0,166.45,0.0,0.0,0.0,44.81,36,156.83,146
020020,元大台股領航N,ETN,0.0,0.0,0.0,0.0,0.0,0.0,0.0,0.0,0.0,0.0,0.0,0.0,0.0,28.23,0.0,0.0,0.0,19.2,36,34.62,146
00985D,主動貝萊德優投等,上櫃ETF,0.0,0.0,0.0,0.0,0.0,0.0,0.0,0.0,0.0,0.0,0.0,0.0,0.0,10.2,0.0,0.0,0.0,1.69,11,1.69,11
00980B,台新特選IG債10+,上櫃ETF,0.0,0.0,0.0,0.0,0.0,0.0,0.0,0.0,0.0,0.0,0.0,0.0,0.0,9.5,0.0,0.0,0.0,3.82,41,8.35,139
00985B,群益ESG投等債0-5,ETF,0.0,0.0,0.0,0.0,0.0,0.0,0.0,0.0,0.0,0.0,0.0,0.0,0.0,10.13,0.0,0.0,0.0,4.84,144,4.84,144
00984D,主動聯博全球非投,ETF,0.0,0.0,0.0,0.0,0.0,0.0,0.0,0.0,0.0,0.0,0.0,0.0,0.0,10.01,0.0,0.0,0.0,1.5,85,1.5,85
00980T,平衡凱基美國TOP,上櫃ETF,0.0,0.0,0.0,0.0,0.0,0.0,0.0,0.0,0.0,0.0,0.0,0.0,0.0,11.66,0.0,0.0,0.0,10.6,76,10.6,76
009810,玉山全球藍籌100,ETF,0.0,0.0,0.0,0.0,0.0,0.0,0.0,0.0,0.0,0.0,0.0,0.0,0.0,20.76,0.0,0.0,0.0,25.76,181,25.76,181
009811,統一美國50,ETF,0.0,0.0,0.0,0.0,0.0,0.0,0.0,0.0,0.0,0.0,0.0,0.0,0.0,13.0,0.0,0.0,0.0,16.23,168,16.23,168
009812,野村日本東證,ETF,0.0,0.0,0.0,0.0,0.0,0.0,0.0,0.0,0.0,0.0,0.0,0.0,0.0,12.18,0.0,0.0,0.0,24.72,146,24.72,146
009813,貝萊德標普卓越50,ETF,0.0,0.0,0.0,0.0,0.0,0.0,0.0,0.0,0.0,0.0,0.0,0.0,0.0,11.31,0.0,0.0,0.0,6.57,85,6.57,85
009814,富邦標普500,上櫃ETF,0.0,0.0,0.0,0.0,0.0,0.0,0.0,0.0,0.0,0.0,0.0,0.0,0.0,11.06,0.0,0.0,0.0,11.32,165,11.32,165
009815,大華美國MAG7+,上櫃ETF,0.0,0.0,0.0,0.0,0.0,0.0,0.0,0.0,0.0,0.0,0.0,0.0,0.0,11.49,0.0,0.0,0.0,15.55,128,15.55,128
009816,凱基台灣TOP50,ETF,0.0,0.0,0.0,0.0,0.0,0.0,0.0,0.0,0.0,0.0,0.0,0.0,0.0,15.19,0.0,0.0,0.0,53.26,120,53.26,120
009817,國泰日本不動產,ETF,0.0,0.0,0.0,0.0,0.0,0.0,0.0,0.0,0.0,0.0,0.0,0.0,0.0,8.56,0.0,0.0,0.0,2.11,5,2.11,5
009818,華南永昌NASDAQxT,ETF,0.0,0.0,0.0,0.0,0.0,0.0,0.0,0.0,0.0,0.0,0.0,0.0,0.0,19.92,0.0,0.0,0.0,37.15,72,37.15,72
009819,中信數據及電力,ETF,0.0,0.0,0.0,0.0,0.0,0.0,0.0,0.0,0.0,0.0,0.0,0.0,0.0,10.75,0.0,0.0,0.0,0.0,0,0.0,0
00981A,主動統一台股增長,ETF,0.0,0.0,0.0,0.0,0.0,0.0,0.0,0.0,0.0,0.0,0.0,0.0,0.0,30.81,0.0,0.0,0.0,61.27,184,59.12,176
00981B,第一金優選非投債,上櫃ETF,0.0,0.0,0.0,0.0,0.0,0.0,0.0,0.0,0.0,0.0,0.0,0.0,0.0,9.15,0.0,0.0,0.0,0.5,16,3.32,183
00981D,主動中信非投等債,上櫃ETF,0.0,0.0,0.0,0.0,0.0,0.0,0.0,0.0,0.0,0.0,0.0,0.0,0.0,10.32,0.0,0.0,0.0,6.6,78,6.6,78
00981T,平衡凱基雙核收息,ETF,0.0,0.0,0.0,0.0,0.0,0.0,0.0,0.0,0.0,0.0,0.0,0.0,0.0,12.14,0.0,0.0,0.0,15.52,154,15.52,154
009820,元大納斯達克精選,ETF,0.0,0.0,0.0,0.0,0.0,0.0,0.0,0.0,0.0,0.0,0.0,0.0,0.0,10.45,0.0,0.0,0.0,9.01,41,9.01,41
00982A,主動群益台灣強棒,ETF,0.0,0.0,0.0,0.0,0.0,0.0,0.0,0.0,0.0,0.0,0.0,0.0,0.0,23.74,0.0,0.0,0.0,46.93,165,46.06,151
00982B,FT投資級債20+,上櫃ETF,0.0,0.0,0.0,0.0,0.0,0.0,0.0,0.0,0.0,0.0,0.0,0.0,0.0,9.89,0.0,0.0,0.0,1.09,183,9.48,145
00982D,主動富邦動態入息,ETF,0.0,0.0,0.0,0.0,0.0,0.0,0.0,0.0,0.0,0.0,0.0,0.0,0.0,9.94,0.0,0.0,0.0,2.29,133,2.29,133
00982T,平衡兆豐台美動能,ETF,0.0,0.0,0.0,0.0,0.0,0.0,0.0,0.0,0.0,0.0,0.0,0.0,0.0,15.47,0.0,0.0,0.0,57.5,159,57.5,159
00983A,主動中信ARK創新,ETF,0.0,0.0,0.0,0.0,0.0,0.0,0.0,0.0,0.0,0.0,0.0,0.0,0.0,11.89,0.0,0.0,0.0,33.07,113,33.07,113
00983B,大華優利美公債20,上櫃ETF,0.0,0.0,0.0,0.0,0.0,0.0,0.0,0.0,0.0,0.0,0.0,0.0,0.0,15.59,0.0,0.0,0.0,9.77,163,11.34,175
00983D,主動富邦複合收益,ETF,0.0,0.0,0.0,0.0,0.0,0.0,0.0,0.0,0.0,0.0,0.0,0.0,0.0,10.11,0.0,0.0,0.0,3.18,93,3.18,93
00984A,主動安聯台灣高息,ETF,0.0,0.0,0.0,0.0,0.0,0.0,0.0,0.0,0.0,0.0,0.0,0.0,0.0,16.33,0.0,0.0,0.0,18.78,184,18.78,184
00984B,大華優利美A債15,上櫃ETF,0.0,0.0,0.0,0.0,0.0,0.0,0.0,0.0,0.0,0.0,0.0,0.0,0.0,16.37,0.0,0.0,0.0,12.68,163,13.12,175
00985A,主動野村台灣50,ETF,0.0,0.0,0.0,0.0,0.0,0.0,0.0,0.0,0.0,0.0,0.0,0.0,0.0,22.0,0.0,0.0,0.0,45.87,183,45.87,183
3645,達邁,電子工業,1.54,2380724000.0,1545924675.3246753,0.65,2466911732.968302,1.6,49.62,62.22,23.74,85.96,37.98,137.54,79.39,102.5,0.77,0.37,1.34,42.45,79,37.16,90
3646,艾恩特,電子零組件業,0.56,666283000.0,1189791071.4285712,0.24,693243468.6277053,0.58,31.23,134.07,17.18,151.25,9.96,87.72,18.11,23.85,0.76,0.42,3.68,4.65,42,0.34,5
3652,精聯,電子工業,1.34,2479109000.0,1850081343.283582,0.59,2720222058.1530867,1.47,34.41,64.84,17.97,82.81,26.42,121.73,50.58,33.95,1.49,0.78,3.59,62.73,78,17.2,43
3653,健策,電子工業,36.76,20056537000.0,545607644.1784549,21.63,23896434255.113346,43.8,71.34,119.89,31.53,151.42,1381.01,6632.2,3124.81,3620.0,0.86,0.38,1.83,55.94,159,125.0,183
3661,世芯-KY,半導體業,69.19,34151314000.0,493587425.9286024,15.6,14511991293.420017,29.4,43.77,54.44,24.34,78.78,715.6,2316.13,1286.9,4285.0,0.3,0.17,0.54,0.68,40,55.14,71
3663,鑫科,其他電子類,-0.08,5546540000.0,0.0,0.0,9593201917.640152,0.0,249.07,855.33,61.67,917.0,0.0,0.0,0.0,78.5,0.0,0.0,0.0,129.97,76,27.36,49
3664,安瑞-KY,通信網路業,-6.04,903104000.0,0.0,0.0,573444783.6293607,0.0,1209.94,2869.5,150.5,3020.0,0.0,0.0,0.0,7.97,0.0,0.0,0.0,9.47,30,11.81,92
3665,貿聯-KY,電子工業,46.62,69203806000.0,1484423123.1231232,23.5,88854747362.53722,59.86,32.8,47.47,16.19,63.66,969.13,3810.69,1963.37,2200.0,0.89,0.44,1.73,155.34,182,161.28,168
3666,光耀,光電業,-3.46,494144000.0,0.0,0.0,320997028.40562713,0.0,0.0,0.0,0.0,0.0,0.0,0.0,0.0,26.75,0.0,0.0,0.0,15.74,21,16.19,183
3672,康聯訊,通信網路業,-2.28,245875000.0,0.0,0.0,181853189.933024,0.0,0.0,0.0,0.0,0.0,0.0,0.0,0.0,11.3,0.0,0.0,0.0,13.39,145,2.67,36
3673,TPK-KY,光電業,2.72,62851973000.0,23107343014.70588,1.3,74012486775.7884,3.2,30.95,81.99,16.01,98.0,51.23,313.6,99.03,86.0,1.15,0.6,3.65,44.5,41,40.36,181
3675,德微,半導體業,2.66,2639156000.0,992163909.774436,1.44,2949521354.9834275,2.97,40.39,131.88,14.57,146.45,43.27,434.96,119.97,384.0,0.31,0.11,1.13,21.83,26,21.92,144
3679,新至陞,電子工業,13.8,4556910000.0,330210869.5652174,5.27,3923383715.7515445,11.88,12.27,9.97,8.19,18.16,97.3,215.74,145.74,125.0,1.17,0.78,1.73,3.82,56,3.58,6
3632,研勤,通信網路業,-0.38,268980000.0,0.0,0.0,262324488.73091528,0.0,150.25,19.0,139.5,158.5,0.0,0.0,0.0,8.3,0.0,0.0,0.0,7.46,33,2.62,6
3631,晟楠,電子零組件業,-0.7,71805000.0,0.0,0.0,17159395.05867383,0.0,0.0,0.0,0.0,0.0,0.0,0.0,0.0,34.45,0.0,0.0,0.0,25.19,90,5.84,126
3630,新鉅科,光電業,1.8,2218172000.0,1232317777.7777777,1.03,2604274417.2222214,2.11,21.58,25.13,11.92,37.05,25.15,78.18,45.54,29.6,1.54,0.85,2.64,10.26,37,82.42,98
3592,瑞鼎,電子工業,18.23,22500591000.0,1234261711.4646187,7.72,22005691606.515743,17.83,13.27,7.8,10.01,17.81,178.48,317.55,236.67,271.5,0.87,0.66,1.17,1.42,15,6.19,7
3593,力銘,電子工業,-0.9,1092576000.0,0.0,0.0,655927195.72078,0.0,0.0,0.0,0.0,0.0,0.0,0.0,0.0,16.45,0.0,0.0,0.0,92.44,36,10.66,183
3594,磐儀,電腦及週邊設備業,0.5,2048586000.0,4097172000.0,0.21,2505635885.93772,0.61,66.42,106.99,26.54,133.53,16.19,81.45,40.52,47.5,0.85,0.34,1.71,13.23,37,9.4,71
3596,智易,通信網路業,12.6,52775725000.0,4188549603.1746035,6.24,53848968976.08666,12.86,15.77,10.26,11.28,21.54,145.06,277.0,202.79,190.5,1.06,0.76,1.45,11.31,162,26.65,82
3597,映興,電子零組件業,0.34,865831000.0,2546561764.705882,0.14,887251160.0082084,0.35,60.22,135.55,17.58,153.13,6.15,53.6,21.08,28.55,0.74,0.22,1.88,110.1,182,37.52,68
3605,宏致,電子工業,6.49,10859165000.0,1673214946.0708783,2.9,11844361531.439898,7.08,117.65,757.76,13.49,771.25,95.51,5460.45,832.94,75.0,11.11,1.27,72.81,29.89,140,52.78,95
3607,谷崧,電子工業,0.02,2861541000.0,143077050000.0,0.01,2660085177.8720846,0.02,165.35,749.17,25.83,775.0,0.52,15.5,3.31,17.55,0.19,0.03,0.88,30.05,103,8.87,21
3609,三一東林,電子零組件業,6.42,667338000.0,103946728.97196262,1.39,478186494.2304825,4.6,5.49,4.98,3.3,8.28,15.18,38.09,25.27,27.8,0.91,0.55,1.37,3.7,8,25.65,25
3611,鼎翰,電腦及週邊設備業,19.63,11503912000.0,586037289.8624555,8.16,11349970685.962715,19.37,12.56,5.93,9.18,15.11,177.82,292.68,243.28,190.5,1.28,0.93,1.54,4.43,27,12.83,176
3615,安可,光電業,0.82,946237000.0,1153947560.9756098,0.28,737757259.4540857,0.64,73.25,140.27,29.28,169.55,18.74,108.51,46.88,60.2,0.78,0.31,1.8,55.81,139,20.0,88
3617,碩天,其他電子業,14.48,11943958000.0,824858977.9005525,5.92,11946969407.269606,14.48,13.17,10.29,8.8,19.09,127.42,276.42,190.65,217.0,0.88,0.59,1.27,34.49,180,9.02,39
3622,洋華,光電業,6.09,1673510000.0,274796387.52052546,2.31,1860103469.8768206,6.77,11.83,10.48,8.55,19.03,57.88,128.83,80.1,59.1,1.36,0.98,2.18,43.27,12,34.69,165
3623,富晶通,光電業,-0.16,287229000.0,0.0,0.0,310692763.6214315,0.0,61.73,9.87,57.76,67.63,0.0,0.0,0.0,24.8,0.0,0.0,0.0,17.53,98,49.86,74
3624,光頡,電子零組件業,1.86,2636913000.0,1417695161.2903225,0.87,3133089762.2058835,2.21,25.96,46.71,12.23,58.94,27.03,130.26,57.37,108.0,0.53,0.25,1.21,11.28,20,63.92,172
3625,西勝,電腦及週邊設備業,-0.6,399491000.0,0.0,0.0,405144078.5748475,0.0,0.0,0.0,0.0,0.0,0.0,0.0,0.0,15.7,0.0,0.0,0.0,68.24,182,160.38,140
3628,盈正,其他電子類,4.02,3385021000.0,842045024.875622,1.68,3666189421.3142753,4.35,22.56,21.35,14.57,35.92,63.38,156.25,98.12,74.7,1.31,0.85,2.09,12.3,27,145.07,151
3680,家登,半導體業,9.43,7056171000.0,748268398.7274655,4.84,8895996801.262924,11.89,44.21,42.55,23.56,66.11,280.13,786.05,525.62,520.0,1.01,0.54,1.51,43.85,124,3.58,20
3684,榮昌,通信網路業,3.5,1154111000.0,329746000.0,1.35,1219241522.4287894,3.7,21.61,28.5,12.68,41.18,46.92,152.37,79.97,60.1,1.33,0.78,2.54,1.66,35,30.44,153
3686,達能,半導體業,-0.49,82608000.0,0.0,0.0,94724210.35642233,0.0,0.0,0.0,0.0,0.0,0.0,0.0,0.0,17.1,0.0,0.0,0.0,73.3,47,31.53,151
3715,定穎投控,電子工業,2.7,19083311000.0,7067892962.962962,1.37,24069793859.33865,3.41,31.23,182.49,9.26,191.75,31.58,653.87,106.51,170.0,0.63,0.19,3.85,30.3,112,208.51,161
3716,中化控股,化學生技醫療,2.39,8598150000.0,3597552301.25523,1.02,8374094352.422508,2.33,16.26,4.92,13.01,17.93,30.31,41.78,37.88,35.6,1.06,0.85,1.17,0.0,0,0.26,4
3717,聯嘉投控,汽車工業,0.46,2059036000.0,4476165217.391304,0.0,0.0,0.0,277.85,64.38,243.75,308.13,0.0,0.0,0.0,22.25,0.0,0.0,0.0,4.74,55,4.74,55
4102,永日,生技醫療業,-0.34,471219000.0,0.0,0.0,448182830.152856,0.0,19.35,14.05,13.45,27.5,0.0,0.0,0.0,18.0,0.0,0.0,0.0,14.82,93,0.2,1
4104,佳醫,化學生技醫療,4.82,8784192000.0,1822446473.0290456,2.14,9516676785.976982,5.22,17.72,4.64,14.74,19.38,76.94,101.16,92.48,71.5,1.29,1.08,1.41,2.67,71,3.15,91
4105,東洋,生技醫療業,6.26,6425722000.0,1026473162.9392972,3.12,6738866207.343775,6.57,13.61,6.39,10.81,17.2,71.02,113.0,89.42,75.5,1.18,0.94,1.5,0.0,0,11.99,182
4106,雃博,化學生技醫療,1.19,2395767000.0,2013249579.8319328,0.51,2567578251.969865,1.28,21.24,12.18,15.77,27.95,20.19,35.78,27.18,24.0,1.13,0.84,1.49,3.19,30,2.22,11
4107,邦特,生技醫療業,7.77,2104303000.0,270824066.92406696,3.43,2277357690.1497965,8.41,16.53,6.11,13.78,19.89,115.89,167.27,139.03,116.5,1.19,0.99,1.44,11.2,71,7.5,159
4108,懷特,化學生技醫療,-0.28,139964000.0,0.0,0.0,140755383.50653183,0.0,0.0,0.0,0.0,0.0,0.0,0.0,0.0,12.7,0.0,0.0,0.0,1.72,33,17.69,96
4109,加捷生醫,生技醫療業,0.43,487910000.0,1134674418.6046512,0.21,499030335.56001663,0.44,100.66,535.01,4.99,540.0,2.2,237.6,44.29,13.05,3.39,0.17,18.21,86.65,42,8.38,76
4111,濟生,生技醫療業,2.81,1377520000.0,490220640.569395,1.23,1485632751.8197598,3.03,15.94,14.31,9.93,24.24,30.09,73.45,48.3,30.15,1.6,1.0,2.44,5.84,21,12.65,77
4113,聯上,建材營造,-0.43,954148000.0,0.0,0.0,62783910.2006498,0.0,46.6,190.14,5.24,195.38,0.0,0.0,0.0,15.2,0.0,0.0,0.0,10.37,2,25.85,103
4114,健喬,生技醫療業,1.71,6165947000.0,3605816959.0643277,0.76,6827479260.16248,1.89,21.52,7.8,17.85,25.65,33.74,48.48,40.68,30.7,1.33,1.1,1.58,2.84,21,14.43,62
4116,明基醫,生技醫療業,1.75,5192619000.0,2967210857.142857,0.94,5655070868.340526,1.91,20.67,11.6,15.47,27.07,29.55,51.7,39.48,38.15,1.03,0.77,1.36,1.39,21,25.03,88
4119,旭富,化學生技醫療,0.91,1270033000.0,1395640659.3406594,0.44,1295525756.8947532,0.93,36.96,66.44,13.04,79.48,12.13,73.92,34.37,41.3,0.83,0.29,1.79,5.49,169,0.0,0
4120,友華,生技醫療業,-6.55,4544790000.0,0.0,0.0,4693042467.742427,0.0,60.01,159.51,21.16,180.67,0.0,0.0,0.0,45.75,0.0,0.0,0.0,29.2,28,18.8,22
4121,優盛,生技醫療業,-0.36,3836415000.0,0.0,0.0,3705287871.138837,0.0,0.0,0.0,0.0,0.0,0.0,0.0,0.0,14.2,0.0,0.0,0.0,0.44,6,2.41,11
3714,富采,電子工業,-3.69,22182215000.0,0.0,0.0,21480363409.549026,0.0,0.0,0.0,0.0,0.0,0.0,0.0,0.0,70.2,0.0,0.0,0.0,10.89,138,19.56,105
3712,永崴投控,電腦及週邊設備業,-22.85,34127144000.0,0.0,0.0,25557168361.56312,0.0,13.24,13.31,8.44,21.75,0.0,0.0,0.0,18.3,0.0,0.0,0.0,65.02,174,1.15,48
3689,湧德,電子零組件業,7.58,5975076000.0,788268601.5831134,4.3,8166406339.133517,10.36,15.86,12.17,9.98,22.15,103.39,229.47,164.34,141.5,1.16,0.73,1.62,37.24,110,25.54,68
3691,碩禾,光電業,-7.62,5193342000.0,0.0,0.0,14811658911.290888,0.0,0.0,0.0,0.0,0.0,0.0,0.0,0.0,160.0,0.0,0.0,0.0,16.92,30,46.49,75
3693,營邦,電腦及週邊設備業,15.5,7618167000.0,491494645.16129035,5.92,5766098601.037324,11.73,17.87,65.01,8.39,73.4,98.41,860.98,209.59,569.0,0.37,0.17,1.51,15.23,30,17.62,148
3694,海華,通信網路業,4.03,11255939000.0,2793036972.7047143,1.74,13320353049.525047,4.77,18.99,17.8,13.43,31.23,64.06,148.97,90.59,67.0,1.35,0.96,2.22,5.33,20,92.95,75
3701,大眾控,電子工業,-0.38,9777674000.0,0.0,0.0,7204974049.660113,0.0,317.57,1450.39,24.61,1475.0,0.0,0.0,0.0,56.0,0.0,0.0,0.0,0.0,0,44.31,85
3702,大聯大,電子工業,5.77,989365062000.0,171467081802.42636,3.13,1252863108221.3267,7.31,15.03,9.43,10.81,20.24,79.02,147.95,109.88,114.5,0.96,0.69,1.29,17.17,40,9.41,28
3703,欣陸,建材營造,1.79,29380981000.0,16413955865.921787,0.99,38906433474.47415,2.37,18.94,22.49,9.64,32.13,22.85,76.15,44.88,21.55,2.08,1.06,3.53,3.56,27,2.31,91
3704,合勤控,通信網路業,1.56,26511091000.0,16994289102.564102,0.66,24206672368.31579,1.42,26.78,40.78,13.06,53.84,18.55,76.45,38.03,47.7,0.8,0.39,1.6,5.79,163,36.22,96
3705,永信,化學生技醫療,3.31,8374052000.0,2529925075.528701,1.29,7553575500.306331,2.99,14.9,6.94,12.35,19.29,36.93,57.68,44.57,57.3,0.78,0.64,1.01,12.16,114,5.37,62
3706,神達,電子工業,5.36,103432967000.0,19297195335.820896,2.8,136703205052.9195,7.08,20.56,19.77,13.09,32.86,92.68,232.65,145.59,92.4,1.58,1.0,2.52,89.5,183,77.15,151
3707,漢磊,半導體業,-1.97,5701058000.0,0.0,0.0,6916473593.182108,0.0,0.0,0.0,0.0,0.0,0.0,0.0,0.0,76.5,0.0,0.0,0.0,12.37,36,100.0,104
3709,鑫聯大投控,電腦及週邊設備業,7.02,40845639000.0,5818467094.017095,3.4,49653836683.31876,8.53,16.42,23.85,8.02,31.87,68.41,271.85,140.05,84.3,1.66,0.81,3.22,62.66,146,58.44,126
3710,連展投控,電子零組件業,-1.48,7029628000.0,0.0,0.0,7121538470.130621,0.0,226.45,56.25,201.25,257.5,0.0,0.0,0.0,6.18,0.0,0.0,0.0,60.4,131,24.1,74
3711,日月光投控,半導體業,9.37,639427808000.0,68242028601.92103,4.32,744215878140.5286,10.91,26.23,44.24,15.37,59.61,167.69,650.35,286.16,577.0,0.5,0.29,1.13,23.25,36,77.42,148
3591,艾笛森,電子工業,-0.34,2361396000.0,0.0,0.0,2301778828.5632567,0.0,76.48,288.2,16.8,305.0,0.0,0.0,0.0,24.25,0.0,0.0,0.0,17.65,29,1.55,6
3588,通嘉,電子工業,0.51,1334330000.0,2616333333.3333335,0.25,1532797325.4846392,0.59,56.34,116.83,21.54,138.37,12.71,81.64,33.24,58.9,0.56,0.22,1.39,7.59,15,16.6,104
3455,由田,光電業,2.66,1818370000.0,683597744.3609022,0.56,937631954.5593768,1.37,31.69,160.28,13.88,174.16,19.02,238.6,43.42,220.0,0.2,0.09,1.08,35.05,155,22.27,97
3466,德晉,通信網路業,-1.28,126306000.0,0.0,0.0,476415687.1887545,0.0,0.0,0.0,0.0,0.0,0.0,0.0,0.0,33.05,0.0,0.0,0.0,19.64,9,19.81,90
3467,台灣精材,半導體業,0.58,561538000.0,968168965.5172415,0.3,802696975.0866894,0.83,65.1,72.06,41.91,113.97,34.79,94.6,54.03,66.5,0.81,0.52,1.42,0.0,0,35.62,21
3479,安勤,電腦及週邊設備業,6.46,8456230000.0,1309013931.8885448,2.78,9262210571.130423,7.08,14.68,8.04,12.21,20.25,86.45,143.37,103.97,129.0,0.81,0.67,1.11,6.58,8,20.51,130
3481,群創,光電業,0.03,223293940000.0,7443131333333.334,0.01,262758450805.42206,0.04,155.94,1242.36,7.64,1250.0,0.31,50.0,6.24,53.7,0.12,0.01,0.93,24.25,82,28.1,126
3483,力致,電腦及週邊設備業,3.75,9024891000.0,2406637600.0,1.42,9700300010.171595,4.03,19.83,17.49,11.21,28.7,45.18,115.66,79.91,98.0,0.82,0.46,1.18,21.87,16,7.66,95
3484,崧騰,電子零組件業,4.26,4654211000.0,1092537793.4272301,1.67,4315214699.455441,3.95,13.26,9.63,9.71,19.34,38.35,76.39,52.37,44.65,1.17,0.86,1.71,25.2,106,12.77,84
3485,敘豐,電子零組件業,5.89,54861000.0,9314261.460101869,0.0,0.0,0.0,57.67,29.0,45.76,74.76,0.0,0.0,0.0,350.0,0.0,0.0,0.0,15.43,54,0.0,0
3489,森寶,建材營造,-0.09,747131000.0,0.0,0.0,1216718842.044944,0.0,339.64,157.23,299.44,456.67,0.0,0.0,0.0,22.45,0.0,0.0,0.0,39.32,57,0.85,1
3490,單井,光電業,0.05,267156000.0,5343120000.0,0.02,265171679.03014666,0.05,92.14,621.03,10.97,632.0,0.55,31.6,4.61,36.7,0.13,0.01,0.86,28.81,33,24.17,146
3491,昇達科,通信網路業,7.85,2363136000.0,301036433.1210191,5.61,3834710031.0578694,12.74,85.35,216.61,33.75,250.36,429.98,3189.59,1087.4,1935.0,0.56,0.22,1.65,20.85,89,52.89,183
3492,長盛,電子零組件業,1.77,867190000.0,489937853.1073446,0.7,745538539.9411936,1.52,17.17,23.25,11.4,34.65,17.33,52.67,26.1,22.8,1.14,0.76,2.31,60.79,33,11.59,176
3494,誠研,電子工業,-1.84,914747000.0,0.0,0.0,1065589128.1915196,0.0,0.0,0.0,0.0,0.0,0.0,0.0,0.0,8.11,0.0,0.0,0.0,141.1,175,3.04,1
3498,陽程,其他電子類,0.48,1264390000.0,2634145833.3333335,0.31,2367985130.4112096,0.9,154.92,157.67,99.62,257.29,89.66,231.56,139.42,130.5,1.07,0.69,1.77,90.49,139,43.42,75
3499,環天科,通信網路業,-1.3,369441000.0,0.0,0.0,276922764.05832773,0.0,776.74,315.0,625.0,940.0,0.0,0.0,0.0,15.05,0.0,0.0,0.0,20.14,125,8.72,76
3501,維熹,電子工業,2.99,5576047000.0,1864898662.2073576,1.13,4809997108.242951,2.58,12.18,16.43,8.01,24.44,20.67,63.06,31.43,43.75,0.72,0.47,1.44,19.14,23,2.92,21
3504,揚明光,光電業,-0.08,2687814000.0,0.0,0.0,2784589407.578238,0.0,134.69,31.13,118.63,149.76,0.0,0.0,0.0,80.9,0.0,0.0,0.0,9.57,20,34.55,109
3447,展達,電子工業,1.59,3636320000.0,2286993710.691824,0.72,4093945516.3075275,1.79,31.19,43.36,20.56,63.92,36.8,114.42,55.83,41.0,1.36,0.9,2.79,206.28,161,64.47,92
3508,位速,其他電子類,-1.51,815255000.0,0.0,0.0,808201413.3215668,0.0,0.0,0.0,0.0,0.0,0.0,0.0,0.0,19.55,0.0,0.0,0.0,27.67,16,54.5,83
3443,創意,電子工業,28.13,32095619000.0,1140974724.4934235,22.05,60220602536.58175,52.78,63.9,139.25,33.13,172.38,1748.6,9098.22,3372.85,4410.0,0.76,0.4,2.06,6.33,13,91.53,176
3376,新日興,電子工業,1.66,10913580000.0,6574445783.13253,0.63,9244444024.24599,1.41,59.74,324.32,24.21,348.53,34.14,491.43,84.24,237.0,0.36,0.14,2.07,24.48,8,41.18,85
3379,彬台,電機機械,2.12,1905887000.0,899003301.8867924,0.62,1636764850.7765977,1.82,44.9,81.15,15.52,96.67,28.25,175.94,81.72,39.8,2.05,0.71,4.42,97.92,42,1.04,4
3380,明泰,通信網路業,-0.36,21928876000.0,0.0,0.0,23341810490.141087,0.0,110.26,300.84,33.6,334.44,0.0,0.0,0.0,37.5,0.0,0.0,0.0,8.71,181,15.4,147
3388,崇越電,電子零組件業,4.16,7300872000.0,1755017307.6923077,2.0,8552361336.718097,4.87,17.19,14.56,14.6,29.16,71.1,142.01,83.71,100.5,0.83,0.71,1.41,2.19,9,0.0,0
3390,旭軟,電子零組件業,-0.51,787157000.0,0.0,0.0,912741948.8731395,0.0,22.45,17.57,13.83,31.4,0.0,0.0,0.0,26.8,0.0,0.0,0.0,10.71,86,10.49,137
3402,漢科,其他電子類,7.5,5235312000.0,698041600.0,3.33,5801637446.767574,8.31,16.05,10.77,10.44,21.21,86.76,176.26,133.41,141.0,0.95,0.62,1.25,35.14,30,61.45,90
3406,玉晶光,光電業,32.84,23805806000.0,724902740.5602922,15.29,30595449713.434437,42.21,13.23,12.81,7.86,20.67,331.77,872.48,558.31,682.0,0.82,0.49,1.28,22.5,20,17.68,83
3413,京鼎,半導體業,21.44,20785570000.0,969476212.6865671,11.39,23181175995.955097,23.91,13.67,9.94,8.59,18.53,205.39,443.05,326.91,317.0,1.03,0.65,1.4,30.11,30,19.87,148
3416,融程電,電子工業,7.4,3558156000.0,480831891.8918919,3.5,4558348141.064496,9.48,22.28,13.72,16.67,30.39,158.03,288.1,211.21,181.0,1.17,0.87,1.59,1.92,1,45.52,96
3419,譁裕,通信網路業,-1.79,1783148000.0,0.0,0.0,1776342840.382409,0.0,0.0,0.0,0.0,0.0,0.0,0.0,0.0,14.2,0.0,0.0,0.0,16.14,34,10.53,111
3430,奇鈦科,化學工業,3.15,1678491000.0,532854285.71428573,1.57,2111360476.1192682,3.96,18.1,47.76,8.75,56.51,34.65,223.78,71.69,144.5,0.5,0.24,1.55,52.54,118,55.3,119
3432,台端,電子工業,-0.87,140540000.0,0.0,0.0,471884936.92994374,0.0,0.0,0.0,0.0,0.0,0.0,0.0,0.0,18.45,0.0,0.0,0.0,21.97,22,16.5,40
3434,哲固,光電業,0.54,690682000.0,1279040740.7407405,0.17,419055479.08880687,0.33,35.53,49.21,19.19,68.4,6.33,22.57,11.72,34.0,0.34,0.19,0.66,10.03,30,0.0,0
3437,榮創,光電業,-2.65,1654007000.0,0.0,0.0,1234872414.1935432,0.0,0.0,0.0,0.0,0.0,0.0,0.0,0.0,23.4,0.0,0.0,0.0,10.16,42,10.68,85
3438,類比科,半導體業,1.0,1012458000.0,1012458000.0,0.35,834065947.4692202,0.82,55.76,62.42,25.36,87.78,20.8,71.98,45.72,70.3,0.65,0.3,1.02,17.15,35,20.34,181
3441,聯一光,光電業,1.06,418045000.0,394382075.4716981,0.54,539710079.9002233,1.37,44.6,72.33,19.21,91.54,26.32,125.41,61.1,60.2,1.01,0.44,2.08,11.93,85,20.0,182
3444,利機,電子通路業,2.14,1248999000.0,583644392.5233644,0.95,1342363056.7528265,2.3,34.38,46.97,19.41,66.38,44.64,152.67,79.08,103.0,0.77,0.43,1.48,6.19,36,22.75,88
4123,晟德,生技醫療業,12.36,1486819000.0,120292799.35275081,6.59,1852240825.8675683,15.4,9.9,15.73,2.64,18.37,40.66,282.9,152.43,38.8,3.93,1.05,7.29,14.76,33,3.74,90
3511,矽瑪,電子零組件業,-1.19,1766342000.0,0.0,0.0,1780850463.2541234,0.0,0.0,0.0,0.0,0.0,0.0,0.0,0.0,25.5,0.0,0.0,0.0,88.2,169,6.65,83
3515,華擎,電子工業,15.28,46660001000.0,3053664986.910995,6.54,51072519566.7052,16.72,20.18,13.9,13.15,27.05,219.87,452.28,337.39,249.5,1.35,0.88,1.81,5.59,174,57.71,146
3546,宇峻,文化創意業,2.06,1333509000.0,647334466.0194174,1.35,2014335186.540536,3.11,23.04,23.43,13.63,37.06,42.39,115.26,71.67,82.3,0.87,0.52,1.4,5.7,28,16.22,28
3548,兆利,電子零組件業,2.24,9772727000.0,4362824553.571428,0.73,6465777881.009496,1.48,85.12,2077.69,12.31,2090.0,18.22,3093.2,125.97,104.5,1.21,0.17,29.6,10.05,182,11.62,14
3550,聯穎,電子工業,-1.19,3529210000.0,0.0,0.0,4168625297.234123,0.0,0.0,0.0,0.0,0.0,0.0,0.0,0.0,24.05,0.0,0.0,0.0,87.5,111,12.63,85
3552,同致,其他電子類,0.68,8535131000.0,12551663235.294117,0.26,7666924221.588046,0.61,63.82,107.69,17.72,125.41,10.81,76.5,38.93,54.0,0.72,0.2,1.42,0.0,0,25.2,152
3555,博士旺,半導體業,1.19,249976000.0,210063865.54621848,1.85,4467549042.40413,21.27,96.09,175.42,28.1,203.52,597.69,4328.87,2043.94,226.0,9.04,2.64,19.15,13.1,34,209.06,144
3556,禾瑞亞,半導體業,2.15,961949000.0,447418139.53488374,1.11,1097691171.0072017,2.45,46.99,99.66,14.89,114.55,36.48,280.65,115.14,75.0,1.54,0.49,3.74,1.51,14,0.0,0
3558,神準,通信網路業,5.2,15050049000.0,2894240192.307692,1.85,12124694658.07803,4.19,27.95,42.89,10.05,52.94,42.11,221.82,117.13,133.0,0.88,0.32,1.67,29.01,181,4.01,7
3563,牧德,光電業,15.79,3177380000.0,201227359.0880304,8.87,3398796870.9534135,16.89,73.39,170.41,26.44,196.85,446.57,3324.8,1239.5,786.0,1.58,0.57,4.23,14.68,8,15.58,85
3564,其陽,通信網路業,0.65,2484572000.0,3822418461.538461,0.35,2729109508.7134547,0.71,117.43,340.84,49.16,390.0,34.9,276.9,83.37,52.2,1.6,0.67,5.3,0.0,0,9.71,20
3567,逸昌,半導體業,1.06,282056000.0,266090566.03773585,0.42,275430590.05555946,1.04,18.39,20.94,10.43,31.37,10.85,32.62,19.12,28.35,0.67,0.38,1.15,3.35,35,1.6,5
3570,大塚,資訊服務業,13.95,2412857000.0,172964659.4982079,6.68,2433800839.164707,14.07,13.38,10.08,11.22,21.3,157.87,299.69,188.21,191.5,0.98,0.82,1.56,4.02,183,0.0,0
3576,聯合再生,光電業,-0.76,3793481000.0,0.0,0.0,1718646065.3910496,0.0,43.37,5.59,40.48,46.07,0.0,0.0,0.0,17.15,0.0,0.0,0.0,23.08,28,3.7,71
3577,泓格,電腦及週邊設備業,2.36,1147441000.0,486203813.55932206,1.31,1560399870.1369653,3.21,38.65,41.16,23.96,65.12,76.91,209.04,124.07,138.0,0.9,0.56,1.51,43.7,117,82.84,46
3580,友威科,其他電子類,1.94,435272000.0,224367010.30927837,0.66,406456817.4540336,1.81,25.93,70.77,9.94,80.71,17.99,146.09,46.94,100.5,0.47,0.18,1.45,105.19,85,4.62,95
3581,博磊,半導體業,0.81,1472080000.0,1817382716.0493827,0.41,1965294413.9699621,1.08,422.43,2200.59,46.08,2246.67,49.77,2426.4,456.22,173.5,2.63,0.29,13.99,150.34,146,134.8,175
3583,辛耘,半導體業,13.82,11181723000.0,809097178.0028943,6.29,12656657159.9475,15.64,34.99,47.77,17.72,65.49,277.14,1024.26,547.18,868.0,0.63,0.32,1.18,54.74,125,49.13,111
3587,閎康,其他電子類,6.09,5497073000.0,902639244.6633826,2.73,6357509796.7484865,7.04,27.58,47.11,13.38,60.49,94.2,425.85,194.14,303.5,0.64,0.31,1.4,9.21,30,49.15,138
3545,敦泰,電子工業,-4.64,12323034000.0,0.0,0.0,9905939783.982653,0.0,30.78,27.76,19.46,47.22,0.0,0.0,0.0,55.9,0.0,0.0,0.0,2.46,2,13.61,106
3543,州巧,光電業,-2.24,3253705000.0,0.0,0.0,3099197883.4829187,0.0,40.74,29.14,25.19,54.33,0.0,0.0,0.0,34.95,0.0,0.0,0.0,3.38,110,148.0,147
3516,亞帝歐,光電業,0.26,1043045000.0,4011711538.4615383,0.13,1274442475.241681,0.32,94.49,116.7,47.92,164.62,15.33,52.68,30.24,23.55,1.28,0.65,2.24,10.37,140,6.27,5
3518,柏騰,其他電子業,-1.56,317765000.0,0.0,0.0,266047178.87586266,0.0,15.52,2.56,14.54,17.1,0.0,0.0,0.0,31.85,0.0,0.0,0.0,35.42,78,53.37,105
3520,華盈,電子零組件業,-0.09,1224116000.0,0.0,0.0,1343044141.9862933,0.0,129.52,255.29,40.34,295.63,0.0,0.0,0.0,17.05,0.0,0.0,0.0,22.51,29,42.09,147
3523,迎輝,光電業,-1.45,106915000.0,0.0,0.0,78446992.97641498,0.0,0.0,0.0,0.0,0.0,0.0,0.0,0.0,20.95,0.0,0.0,0.0,58.11,93,3.96,109
3526,凡甲,電子零組件業,16.98,3869677000.0,227896171.96702,8.49,4748826065.960935,20.84,16.27,9.81,12.75,22.56,265.71,470.15,339.15,384.0,0.88,0.69,1.22,15.42,183,17.22,68
3527,聚積,半導體業,-1.83,1479934000.0,0.0,0.0,1254450299.5405784,0.0,731.94,1795.35,100.65,1896.0,0.0,0.0,0.0,61.3,0.0,0.0,0.0,2.82,40,23.39,22
3528,安馳,電子工業,2.3,8386277000.0,3646207391.304348,1.54,17021395687.743446,4.67,45.7,190.38,12.41,202.79,57.95,947.03,213.44,138.0,1.55,0.42,6.86,15.34,78,14.69,68
3529,力旺,半導體業,25.6,3895918000.0,152184296.875,13.75,4396915954.513678,28.89,106.47,112.16,59.72,171.88,1725.31,4965.61,3076.06,3435.0,0.9,0.5,1.45,46.96,156,13.38,26
3530,晶相光,半導體業,1.74,1759670000.0,1011304597.7011495,1.18,2612426948.2673116,2.58,34.43,7.41,31.61,39.02,81.55,100.67,88.82,65.0,1.37,1.25,1.55,9.27,15,21.13,183
3531,先益,光電業,0.3,1341667000.0,4472223333.333334,0.11,979387331.6032703,0.22,36.94,90.4,8.35,98.75,1.84,21.72,8.13,23.65,0.34,0.08,0.92,1.8,23,2.58,70
3532,台勝科,半導體業,1.57,12293039000.0,7829961146.496815,0.71,13523733735.271698,1.73,52.98,425.65,18.02,443.67,31.17,767.55,91.65,290.0,0.32,0.11,2.65,6.32,30,71.57,109
3533,嘉澤,電子工業,70.15,33055352000.0,471209579.47255874,34.63,40112899171.64489,85.13,22.82,27.82,12.74,40.56,1084.56,3452.87,1942.85,2365.0,0.82,0.46,1.46,26.33,182,26.2,104
3535,晶彩科,光電業,-1.06,383417000.0,0.0,0.0,2079543265.6926749,0.0,126.85,304.06,39.69,343.75,0.0,0.0,0.0,130.5,0.0,0.0,0.0,191.76,56,149.25,179
3537,堡達,電子零組件業,2.51,2863383000.0,1140790039.8406374,1.11,3075080891.139765,2.7,19.44,29.12,9.69,38.81,26.16,104.79,52.48,83.6,0.63,0.31,1.25,32.53,33,8.69,161
3540,曜越,電腦及週邊設備業,0.74,5104074000.0,6897397297.2972975,0.28,4736289930.8496,0.69,127.39,263.85,34.07,297.92,23.51,205.56,87.9,27.0,3.26,0.87,7.61,0.0,0,18.67,99
3541,西柏,其他電子類,-0.83,1067915000.0,0.0,0.0,997454272.244571,0.0,0.0,0.0,0.0,0.0,0.0,0.0,0.0,22.6,0.0,0.0,0.0,10.32,36,11.11,48
4126,太醫,生技醫療業,5.28,2430779000.0,460374810.60606056,2.08,2337652582.4520707,5.08,15.47,3.68,13.67,17.35,69.44,88.14,78.58,80.4,0.98,0.86,1.1,1.19,27,4.47,22
4127,天良,生技醫療業,-0.21,495225000.0,0.0,0.0,796222485.0759182,0.0,134.84,430.49,70.94,501.43,0.0,0.0,0.0,68.9,0.0,0.0,0.0,1.28,2,5.42,7
4128,中天,生技醫療業,-1.29,1884923000.0,0.0,0.0,2014688429.3452587,0.0,0.0,0.0,0.0,0.0,0.0,0.0,0.0,15.15,0.0,0.0,0.0,11.93,48,23.59,8
4707,磐亞,化學工業,0.89,1382798000.0,1553705617.977528,0.29,1087580346.9985077,0.7,13.52,13.16,9.53,22.69,6.67,15.88,9.47,20.0,0.47,0.33,0.79,19.16,78,0.0,0
4711,永純,化學工業,0.15,721056000.0,4807040000.0,0.07,873021310.1131982,0.18,222.37,411.93,44.32,456.25,7.98,82.12,40.03,18.2,2.2,0.44,4.51,23.21,85,18.12,118
4714,永捷,化學工業,-0.54,1423308000.0,0.0,0.0,2826758056.024862,0.0,50.36,73.71,16.77,90.48,0.0,0.0,0.0,13.75,0.0,0.0,0.0,7.73,13,30.42,110
4716,大立,化學工業,-0.88,541346000.0,0.0,0.0,515072152.28542703,0.0,69.01,199.41,15.59,215.0,0.0,0.0,0.0,16.8,0.0,0.0,0.0,90.83,140,12.23,117
4720,德淵,化學工業,0.74,3617724000.0,4888816216.216216,0.33,3754339925.8274846,0.77,17.73,38.41,10.28,48.69,7.92,37.49,13.65,27.3,0.5,0.29,1.37,33.07,43,1.23,5
4721,美琪瑪,化學工業,3.01,2547493000.0,846343189.3687708,1.38,2905857135.3408055,3.43,26.63,52.98,13.17,66.15,45.17,226.89,91.35,88.5,1.03,0.51,2.56,15.28,30,45.47,49
4722,國精化,化學工業,2.01,3818702000.0,1899851741.2935326,0.97,3567650739.92207,1.88,56.66,152.94,16.59,169.53,31.19,318.72,106.53,277.0,0.38,0.11,1.15,26.49,28,236.73,120
4726,永昕,生技醫療業,-2.17,662586000.0,0.0,0.0,1441904641.7055578,0.0,0.0,0.0,0.0,0.0,0.0,0.0,0.0,27.35,0.0,0.0,0.0,21.01,21,6.04,6
4728,雙美,生技醫療業,13.32,1996037000.0,149852627.6276276,6.31,2198363372.4232907,14.67,27.42,20.07,19.59,39.66,287.39,581.81,402.25,379.0,1.06,0.76,1.54,11.95,15,13.49,63
4729,熒茂,光電業,0.23,1096405000.0,4766978260.869565,0.09,1007649654.9582448,0.21,312.16,1690.45,29.55,1720.0,6.21,361.2,65.55,24.3,2.7,0.26,14.86,94.75,138,41.32,84
4735,豪展,生技醫療業,2.43,899326000.0,370093004.1152263,1.38,1086502132.6070652,2.94,45.82,119.39,9.87,129.26,29.02,380.02,134.7,32.65,4.13,0.89,11.64,34.7,93,3.36,7
4736,泰博,化學生技醫療,15.12,4180025000.0,276456679.8941799,6.69,4412337772.420474,15.96,12.74,12.14,6.63,18.77,105.81,299.57,203.37,126.0,1.61,0.84,2.38,4.22,13,3.24,78
4737,華廣,化學生技醫療,-2.72,1820339000.0,0.0,0.0,1654444389.5907524,0.0,619.25,60.91,579.09,640.0,0.0,0.0,0.0,55.0,0.0,0.0,0.0,4.8,140,1.27,1
4739,康普,化學工業,1.56,5867643000.0,3761309615.3846154,1.08,12466370880.293362,3.31,183.74,1195.95,27.38,1223.33,90.63,4049.22,608.18,118.0,5.15,0.77,34.32,11.72,28,45.62,113
4741,泓瀚,化學工業,0.29,482051000.0,1662244827.586207,0.13,524422120.50022066,0.32,38.66,206.22,11.71,217.93,3.75,69.74,12.37,62.9,0.2,0.06,1.11,57.04,93,0.0,0
4743,合一,生技醫療業,-2.18,109851000.0,0.0,0.0,193314005.40609413,0.0,0.0,0.0,0.0,0.0,0.0,0.0,0.0,50.4,0.0,0.0,0.0,21.64,47,36.76,89
4744,皇將,生技醫療業,2.5,1404494000.0,561797600.0,1.16,1389135522.8350394,2.47,32.84,99.26,12.41,111.67,30.65,275.82,81.1,35.05,2.31,0.87,7.87,8.77,28,58.24,96
4706,大恭,化學工業,0.35,1092365000.0,3121042857.1428576,0.16,1256518802.6673043,0.4,81.04,174.22,27.78,202.0,11.11,80.8,32.41,0.0,0.0,0.0,0.0,19.67,41,7.64,70
4745,合富-KY,生技醫療業,-3.17,3136317000.0,0.0,0.0,2599946940.8656445,0.0,586.98,1976.93,53.07,2030.0,0.0,0.0,0.0,15.2,0.0,0.0,0.0,3.97,121,53.3,183
4590,富田-創,電機機械,2.72,84263000.0,30979044.117647056,0.0,0.0,0.0,3174.99,9133.54,26.46,9160.0,0.0,0.0,0.0,74.9,0.0,0.0,0.0,27.52,64,0.0,0
4564,元翎,電機機械,-1.85,1136277000.0,0.0,0.0,759585396.7432859,0.0,0.0,0.0,0.0,0.0,0.0,0.0,0.0,16.0,0.0,0.0,0.0,15.61,58,28.48,98
4566,時碩工業,電機機械,1.35,4950351000.0,3666926666.6666665,0.61,5314975753.216644,1.45,44.65,88.85,19.92,108.77,28.88,157.72,64.74,68.2,0.95,0.42,2.31,53.64,44,15.48,85
4568,科際精密,電機機械,2.01,1210528000.0,602252736.318408,0.83,1200726933.0397334,1.99,22.29,21.14,13.27,34.41,26.41,68.48,44.36,41.9,1.06,0.63,1.63,8.94,33,2.75,20
4569,六方科-KY,汽車工業,4.13,1790506000.0,433536561.7433414,1.81,1935655142.218237,4.46,30.76,38.76,14.66,53.42,65.38,238.25,137.19,169.5,0.81,0.39,1.41,179.91,145,45.27,74
4571,鈞興-KY,電機機械,9.61,3094943000.0,322054422.4765869,3.95,2913198357.3050184,9.05,20.06,21.25,13.02,34.27,117.83,310.14,181.57,195.0,0.93,0.6,1.59,39.26,118,32.79,76
4572,駐龍,電機機械,3.02,675919000.0,223814238.410596,1.29,676624377.9337742,3.02,31.41,36.39,20.4,56.79,61.61,171.51,94.84,146.5,0.65,0.42,1.17,8.25,27,7.58,90
4576,大銀微系統,電機機械,2.01,2671021000.0,1328866169.154229,1.36,3739359230.8145804,2.81,254.26,784.91,53.98,838.89,151.68,2357.28,714.47,220.5,3.24,0.69,10.69,97.64,145,2.78,82
4577,達航科技,其他電子類,-0.74,728121000.0,0.0,0.0,1049343822.2506585,0.0,0.0,0.0,0.0,0.0,0.0,0.0,0.0,97.6,0.0,0.0,0.0,31.4,166,183.95,174
4580,捷流閥業,電機機械,5.0,2288106000.0,457621200.0,2.07,2332106711.437299,5.1,12.63,7.63,8.94,16.57,45.59,84.51,64.41,82.5,0.78,0.55,1.02,5.24,12,19.55,102
4581,光隆精密-KY,汽車工業,4.73,1072763000.0,226799788.5835095,2.13,1117675498.3181846,4.93,10.46,3.77,8.4,12.17,41.41,60.0,51.58,0.0,0.0,0.0,0.0,0.79,40,2.17,85
4582,聚恆-創,創新板股票,1.54,1215456000.0,789257142.8571428,0.76,2445580572.153479,3.1,16.36,2.79,14.58,17.37,45.2,53.85,50.7,25.5,1.99,1.77,2.11,9.68,27,2.17,139
4583,台灣精銳,電機機械,12.0,2985176000.0,248764666.66666666,5.83,3325209304.8699603,13.37,54.04,55.52,20.08,75.6,268.47,1010.77,722.51,675.0,1.07,0.4,1.5,206.03,139,7.27,6
4584,君帆,電機機械,3.43,1326004000.0,386590087.4635568,1.38,1025230278.3024458,2.65,15.35,8.7,11.76,20.46,31.16,54.22,40.69,42.15,0.97,0.74,1.29,6.86,34,0.0,0
4585,達明,其他電子業,1.46,731904000.0,501304109.5890411,0.0,0.0,0.0,351.57,299.33,219.62,518.95,0.0,0.0,0.0,346.0,0.0,0.0,0.0,18.42,98,108.06,85
4588,玖鼎電力,其他電子業,3.2,896078000.0,280024375.0,1.39,966157431.8605496,3.45,21.28,20.88,13.82,34.7,47.68,119.72,73.43,60.2,1.22,0.79,1.99,35.54,35,0.64,1
4563,百德,電機機械,-2.67,2857967000.0,0.0,0.0,2407904239.3088446,0.0,27.24,34.51,14.7,49.21,0.0,0.0,0.0,49.15,0.0,0.0,0.0,133.51,124,5.19,19
4746,台耀,化學生技醫療,3.68,4864147000.0,1321779076.0869565,1.72,4426345171.109841,3.35,49.2,232.79,13.95,246.74,46.73,826.58,164.81,53.2,3.1,0.88,15.54,15.82,42,0.0,0
4747,強生,生技醫療業,1.19,566185000.0,475785714.2857143,0.51,574721398.6810701,1.21,37.98,22.79,25.23,48.02,30.53,58.1,45.96,55.7,0.83,0.55,1.04,11.53,149,19.94,109
4909,新復興,通信網路業,-1.25,444305000.0,0.0,0.0,145122835.69703567,0.0,57.75,284.18,6.65,290.83,0.0,0.0,0.0,50.0,0.0,0.0,0.0,127.11,117,11.75,25
4911,德英,生技醫療業,2.22,310711000.0,139959909.9099099,0.56,153917736.32457444,1.1,28.44,29.57,15.0,44.57,16.5,49.03,31.29,32.0,0.98,0.52,1.53,3.89,29,0.0,0
4912,聯德控股-KY,電子工業,2.03,6305207000.0,3106013300.492611,0.95,7217779916.837304,2.32,20.34,43.14,11.29,54.43,26.19,126.28,47.18,92.7,0.51,0.28,1.36,5.69,12,10.39,183
4915,致伸,電子工業,5.71,59308761000.0,10386823292.469353,2.53,66022447385.39724,6.36,14.46,9.92,11.07,20.99,70.41,133.5,91.94,77.4,1.19,0.91,1.72,3.64,13,12.67,160
4916,事欣科,電子工業,1.77,3495648000.0,1974942372.881356,0.95,4598871362.776324,2.33,289.43,2349.24,13.26,2362.5,30.9,5504.62,674.38,120.0,5.62,0.26,45.87,24.96,47,57.13,74
4919,新唐,半導體業,-3.97,30608546000.0,0.0,0.0,29574331094.7544,0.0,275.78,1066.3,19.41,1085.71,0.0,0.0,0.0,178.0,0.0,0.0,0.0,6.02,22,6.59,7
4923,力士,半導體業,-5.26,878441000.0,0.0,0.0,1121820011.0935023,0.0,76.35,15.08,63.73,78.81,0.0,0.0,0.0,45.7,0.0,0.0,0.0,0.22,42,44.63,13
4927,泰鼎-KY,電子工業,-8.63,11707243000.0,0.0,0.0,10438128524.265503,0.0,0.0,0.0,0.0,0.0,0.0,0.0,0.0,51.8,0.0,0.0,0.0,46.32,86,35.54,75
4930,燦星網,電器電纜,0.6,6237349000.0,10395581666.666668,0.21,5135018463.3433695,0.49,13.7,26.8,7.78,34.58,3.81,16.94,6.71,18.0,0.37,0.21,0.94,4.59,125,4.57,90
4931,新盛力,電腦及週邊設備業,3.13,2333664000.0,745579552.715655,2.35,3770721580.0115294,5.06,40.88,64.27,17.76,82.03,89.87,415.07,206.87,242.5,0.85,0.37,1.71,135.43,182,107.93,182
4933,友輝,光電業,5.77,3062497000.0,530762045.06065863,2.34,2901872378.520727,5.47,11.37,6.13,8.48,14.61,46.39,79.92,62.21,73.9,0.84,0.63,1.08,22.27,103,0.0,0
4934,太極,光電業,-0.95,87174000.0,0.0,0.0,179530417.82131714,0.0,0.0,0.0,0.0,0.0,0.0,0.0,0.0,16.55,0.0,0.0,0.0,17.3,27,50.44,117
4935,茂林-KY,光電業,1.34,5517931000.0,4117858955.2238803,0.43,3973153138.6270084,0.96,17.63,21.56,9.35,30.91,8.98,29.67,16.93,41.1,0.41,0.22,0.72,23.5,140,23.13,92
4938,和碩,電子工業,5.39,1119686756000.0,207734092022.26346,2.08,1010566855045.9872,4.86,14.65,11.8,10.84,22.64,52.68,110.03,71.18,96.9,0.73,0.54,1.14,8.11,15,1.53,5
4939,亞電,電子零組件業,-0.43,1421150000.0,0.0,0.0,1389158973.634333,0.0,85.76,131.52,37.65,169.17,0.0,0.0,0.0,59.7,0.0,0.0,0.0,7.96,106,96.98,181
4908,前鼎,通信網路業,1.97,859504000.0,436296446.70050764,0.92,885780090.7125651,2.03,40.47,126.95,21.28,148.23,43.2,300.91,82.15,226.5,0.36,0.19,1.33,10.53,132,29.95,70
4907,富宇,建材營造,1.24,3212506000.0,2590730645.16129,0.93,3626835766.786601,1.4,15.99,36.85,5.8,42.65,8.12,59.71,22.39,39.0,0.57,0.21,1.53,60.59,57,0.0,0
4906,正文,通信網路業,-0.25,17213421000.0,0.0,0.0,11072445635.034779,0.0,27.43,30.34,14.9,45.24,0.0,0.0,0.0,47.95,0.0,0.0,0.0,21.16,41,4.37,162
4749,新應材,半導體業,11.32,4226168000.0,373336395.7597173,5.25,4908090400.515083,13.15,81.52,61.73,43.12,104.85,567.03,1378.78,1072.01,1015.0,1.06,0.56,1.36,28.18,153,46.76,133
4754,國碳科,化學工業,2.87,622838000.0,217016724.73867595,1.23,566617904.0806738,2.61,14.42,4.69,12.86,17.55,33.56,45.81,37.64,38.25,0.98,0.88,1.2,0.0,0,3.58,21
4755,三福化,化學工業,3.7,4835643000.0,1306930540.5405405,1.77,4621068164.879852,3.54,31.6,25.62,20.2,45.82,71.51,162.2,111.86,147.5,0.76,0.48,1.1,8.9,33,20.55,110
4760,勤凱,其他電子類,7.17,1827244000.0,254845746.16457462,5.04,2896716332.989056,11.37,26.27,49.82,12.25,62.07,139.28,705.74,298.71,411.0,0.73,0.34,1.72,14.6,124,89.05,181
4763,材料*-KY,化學工業,24.57,13615644000.0,554157264.9572649,8.6,8991094132.117542,16.22,9.29,9.56,5.4,14.96,87.59,242.65,150.74,43.55,3.46,2.01,5.57,18.59,90,0.0,0
4764,雙鍵,化學工業,1.21,2876719000.0,2377453719.0082645,0.6,3327546070.4671264,1.4,143.89,223.36,56.97,280.33,79.76,392.46,201.44,282.0,0.71,0.28,1.39,8.61,132,79.29,145
4766,南寶,化學工業,20.26,23192505000.0,1144743583.4155972,8.84,24620706122.56135,21.51,15.63,7.76,12.67,20.43,272.53,439.45,336.16,366.5,0.92,0.74,1.2,12.85,14,28.59,90
4767,誠泰科技,化學工業,1.25,1012731000.0,810184800.0,0.49,865532513.3531286,1.07,14.87,13.68,8.82,22.5,9.44,24.08,15.91,27.5,0.58,0.34,0.88,0.0,0,3.09,22
4768,晶呈科技,化學工業,0.39,1033185000.0,2649192307.6923075,0.34,2917250967.2800994,1.1,309.21,1346.52,32.97,1379.49,36.27,1517.44,340.13,440.0,0.77,0.08,3.45,15.5,30,155.5,137
4770,上品,化學工業,10.2,4769392000.0,467587450.9803922,4.3,5293534947.6728735,11.32,16.88,17.03,9.25,26.28,104.71,297.49,191.05,237.5,0.8,0.44,1.25,13.19,29,34.03,95
4771,望隼,化學生技醫療,12.71,3422496000.0,269275845.79071593,7.87,4520472543.560574,16.79,16.95,17.98,13.31,31.29,223.47,525.36,284.63,196.0,1.45,1.14,2.68,0.49,13,1.28,5
4772,台特化,化學工業,4.21,1762870000.0,418733966.74584323,3.48,6446185015.04282,15.39,82.64,55.68,57.48,113.16,884.62,1741.53,1271.76,297.5,4.27,2.97,5.85,17.26,107,45.76,133
4806,桂田文創,文化創意業,-0.19,84386000.0,0.0,0.0,140886018.88055065,0.0,0.0,0.0,0.0,0.0,0.0,0.0,0.0,10.35,0.0,0.0,0.0,33.33,43,59.63,124
4807,日成-KY,貿易百貨,-0.24,2110985000.0,0.0,0.0,2556697036.0729556,0.0,366.28,448.5,16.5,465.0,0.0,0.0,0.0,38.5,0.0,0.0,0.0,112.28,153,12.5,132
4903,聯光通,通信網路業,1.02,1463911000.0,1435206862.745098,0.4,1715750384.0789988,1.2,113.55,467.36,21.93,489.29,26.32,587.15,136.26,44.1,3.09,0.6,13.31,111.67,133,72.49,183
4904,遠傳,通信網路業,3.82,108996963000.0,28533236387.434555,1.71,118974642151.80049,4.17,25.29,6.81,22.11,28.92,92.2,120.6,105.48,101.5,1.04,0.91,1.19,11.28,107,11.31,155
3374,精材,半導體業,4.99,7099998000.0,1422845290.5811622,2.33,8845773444.167675,6.22,31.91,35.88,18.21,54.09,113.27,336.44,198.5,246.5,0.81,0.46,1.36,117.12,85,11.7,151
4562,穎漢,電機機械,-1.28,747282000.0,0.0,0.0,657628975.4068114,0.0,0.0,0.0,0.0,0.0,0.0,0.0,0.0,40.55,0.0,0.0,0.0,87.79,75,8.77,5
4560,強信-KY,電機機械,3.02,1718464000.0,569027814.5695364,1.37,1800163967.0788949,3.16,17.6,18.36,10.71,29.07,33.84,91.86,55.62,32.8,1.7,1.03,2.8,1.35,23,0.0,0
4169,泰宗,生技醫療業,0.32,0.0,0.0,0.0,0.0,0.0,497.72,98.43,453.13,551.56,0.0,0.0,0.0,154.0,0.0,0.0,0.0,8.74,126,244.25,168
4171,瑞基,農業科技業,-1.94,221826000.0,0.0,0.0,250087836.18989173,0.0,0.0,0.0,0.0,0.0,0.0,0.0,0.0,18.0,0.0,0.0,0.0,15.24,26,9.5,146
4173,久裕,生技醫療業,1.16,1518675000.0,1309202586.2068965,0.52,1672163382.9039495,1.28,17.63,7.02,14.73,21.75,18.85,27.84,22.57,18.55,1.22,1.02,1.5,4.88,40,3.47,111
4174,浩鼎,生技醫療業,-15.61,59036000.0,0.0,0.0,35279131.96267133,0.0,0.0,0.0,0.0,0.0,0.0,0.0,0.0,29.15,0.0,0.0,0.0,53.56,85,3.36,61
4175,杏一,生技醫療業,3.69,7998459000.0,2167604065.0406504,1.55,8048737745.751483,3.71,66.79,171.14,13.48,184.62,50.01,684.94,247.8,54.1,4.58,0.92,12.66,2.98,47,0.3,7
4178,永笙-KY,化學生技醫療,-0.92,0.0,0.0,0.0,0.0,0.0,0.0,0.0,0.0,0.0,0.0,0.0,0.0,18.85,0.0,0.0,0.0,0.0,0,13.66,61
4183,福永生技,生技醫療業,-0.33,508694000.0,0.0,0.0,329199717.9919748,0.0,31.67,59.88,15.66,75.54,0.0,0.0,0.0,13.8,0.0,0.0,0.0,26.65,27,9.02,18
4188,安克,生技醫療業,-0.88,37034000.0,0.0,0.0,21948759.053486094,0.0,0.0,0.0,0.0,0.0,0.0,0.0,0.0,10.9,0.0,0.0,0.0,4.71,33,29.69,6
4190,佐登-KY,化學生技醫療,-1.59,2247934000.0,0.0,0.0,2201306748.6108193,0.0,0.0,0.0,0.0,0.0,0.0,0.0,0.0,27.25,0.0,0.0,0.0,20.68,145,1.91,11
4192,杏國,生技醫療業,-1.3,27417000.0,0.0,0.0,27221490.739025746,0.0,3519.41,365.0,3340.0,3705.0,0.0,0.0,0.0,20.7,0.0,0.0,0.0,1.4,23,0.0,0
4195,基米-創,創新板股票,-0.54,0.0,0.0,0.0,0.0,0.0,0.0,0.0,0.0,0.0,0.0,0.0,0.0,16.85,0.0,0.0,0.0,18.64,42,55.14,99
4198,欣大健康,生技醫療業,-1.97,196995000.0,0.0,0.0,147551482.36873356,0.0,8.07,5.01,6.71,11.72,0.0,0.0,0.0,37.75,0.0,0.0,0.0,17.82,23,17.82,29
4205,中華食,食品工業,4.23,2048169000.0,484200709.2198581,1.75,2113278362.0134366,4.36,20.41,6.58,17.61,24.19,76.78,105.47,88.99,73.3,1.21,1.05,1.44,0.0,0,5.38,39
4207,環泰,食品工業,1.76,5176930000.0,2941437500.0,0.79,5379568439.955268,1.83,13.72,6.72,9.57,16.29,17.51,29.81,25.1,19.55,1.28,0.9,1.52,0.0,0,22.36,165
4303,信立,塑膠工業,11.14,980754000.0,88038958.70736086,4.42,1059801056.5443368,12.04,6.71,13.22,2.66,15.88,32.03,191.2,80.75,48.3,1.67,0.66,3.96,27.69,180,14.12,42
4304,勝昱,塑膠工業,-1.16,342667000.0,0.0,0.0,350361990.06179136,0.0,0.0,0.0,0.0,0.0,0.0,0.0,0.0,26.35,0.0,0.0,0.0,144.04,77,0.0,0
4305,世坤,塑膠工業,3.83,1088255000.0,284139686.6840731,1.49,1046325011.0738064,3.68,12.27,4.37,10.43,14.8,38.38,54.46,45.17,43.7,1.03,0.88,1.25,2.23,23,8.33,54
4168,醣聯,生技醫療業,-2.16,33600000.0,0.0,0.0,42903860.33247548,0.0,0.0,0.0,0.0,0.0,0.0,0.0,0.0,26.1,0.0,0.0,0.0,12.3,33,10.13,13
4166,友霖,生技醫療業,0.9,734964000.0,816626666.6666666,0.0,0.0,0.0,49.27,52.14,26.33,78.47,0.0,0.0,0.0,23.65,0.0,0.0,0.0,70.71,154,16.77,7
4129,聯合,生技醫療業,5.83,5570321000.0,955458147.5128645,2.65,6428188248.935567,6.73,20.29,10.71,15.75,26.46,106.0,178.08,136.56,90.3,1.51,1.17,1.97,16.62,23,21.3,151
4130,健亞,生技醫療業,0.11,494127000.0,4492063636.363636,0.04,427807678.8562536,0.1,161.03,296.83,71.17,368.0,7.12,36.8,16.1,26.3,0.61,0.27,1.4,1.85,12,16.82,158
4131,浩泰,生技醫療業,-0.77,221004000.0,0.0,0.0,269870837.9902755,0.0,0.0,0.0,0.0,0.0,0.0,0.0,0.0,34.0,0.0,0.0,0.0,19.5,34,10.0,183
4133,亞諾法,化學生技醫療,-0.02,352143000.0,0.0,0.0,340729844.79087144,0.0,198.86,945.2,21.47,966.67,0.0,0.0,0.0,21.35,0.0,0.0,0.0,5.72,26,0.0,0
4137,麗豐-KY,化學生技醫療,7.13,3840036000.0,538574474.053296,3.07,4289132534.3926454,7.96,16.83,10.1,12.24,22.34,97.43,177.83,133.99,115.5,1.16,0.84,1.54,0.6,6,2.53,27
4138,曜亞,生技醫療業,4.0,1384713000.0,346178250.0,1.68,1396136750.5485172,4.03,15.21,6.31,12.51,18.82,50.42,75.84,61.31,52.3,1.17,0.96,1.45,6.64,16,0.0,0
4139,馬光-KY,生技醫療業,-1.55,1092563000.0,0.0,0.0,1068620053.3303205,0.0,70.05,74.47,50.53,125.0,0.0,0.0,0.0,22.35,0.0,0.0,0.0,19.33,121,3.2,61
4142,國光生,化學生技醫療,-0.57,1425470000.0,0.0,0.0,1484899050.3705666,0.0,0.0,0.0,0.0,0.0,0.0,0.0,0.0,17.85,0.0,0.0,0.0,6.12,48,23.14,162
4147,中裕,生技醫療業,-0.61,584770000.0,0.0,0.0,640346640.1668686,0.0,0.0,0.0,0.0,0.0,0.0,0.0,0.0,55.4,0.0,0.0,0.0,1.88,13,17.3,14
4148,全宇生技-KY,化學生技醫療,2.31,2922708000.0,1265241558.4415584,0.92,3330058904.510211,2.63,23.55,21.42,14.03,35.45,36.9,93.23,61.94,32.5,1.91,1.14,2.87,10.6,163,0.0,0
4153,鈺緯,生技醫療業,1.53,856515000.0,559813725.4901961,0.84,876787069.4701103,1.57,26.09,21.89,19.45,41.34,30.54,64.9,40.95,31.45,1.3,0.97,2.06,37.24,105,1.87,1
4155,訊映,化學生技醫療,0.58,1624178000.0,2800306896.5517244,0.22,1376726154.9190326,0.49,70.91,174.55,17.95,192.5,8.8,94.32,34.75,15.45,2.25,0.57,6.1,3.06,42,0.0,0
4157,太景*-KY,生技醫療業,0.06,39059000.0,650983333.3333334,0.37,430279969.67047125,0.66,75.81,152.8,39.7,192.5,26.2,127.05,50.04,9.12,5.49,2.87,13.93,0.97,6,21.37,183
4160,訊聯基因,生技醫療業,0.81,583563000.0,720448148.1481481,0.39,651276485.1687516,0.9,55.13,88.23,23.17,111.4,20.85,100.26,49.61,40.7,1.22,0.51,2.46,50.26,43,16.67,53
4161,聿新科,生技醫療業,1.27,843016000.0,663792125.984252,0.69,996780899.1705059,1.5,19.0,11.41,13.87,25.28,20.8,37.92,28.5,23.25,1.23,0.89,1.63,12.84,124,4.23,15
4162,智擎,生技醫療業,2.69,2517404000.0,935837918.2156134,0.56,633571222.1787236,0.68,20.56,48.43,5.01,53.44,3.41,36.34,13.98,55.5,0.25,0.06,0.65,14.64,161,0.0,0
4163,鐿鈦,生技醫療業,5.13,2386847000.0,465272319.68810916,2.29,2552163818.6676025,5.49,22.15,12.27,17.49,29.76,96.02,163.38,121.61,124.0,0.98,0.77,1.32,1.63,30,10.45,18
4164,承業醫,化學生技醫療,0.98,4406696000.0,4496628571.428572,0.43,4917450010.901211,1.09,35.95,33.24,20.34,53.58,22.17,58.4,39.19,30.05,1.3,0.74,1.94,7.21,12,8.73,84
4167,松瑞藥,生技醫療業,1.72,1139892000.0,662727906.9767442,0.68,1161887695.7904558,1.75,29.47,68.61,10.78,79.39,18.86,138.93,51.57,20.65,2.5,0.91,6.73,13.91,26,0.0,0
4561,健椿,電機機械,0.66,945579000.0,1432695454.5454545,0.36,1013238527.0225358,0.71,31.25,76.82,11.93,88.75,8.47,63.01,22.19,47.7,0.47,0.18,1.32,58.29,90,3.88,74
4306,炎洲,塑膠工業,0.27,13142952000.0,48677600000.0,0.12,14800158919.794853,0.3,26.75,47.44,10.16,57.6,3.05,17.28,8.02,14.95,0.54,0.2,1.16,14.9,36,0.0,0
4402,郡都開發,紡織纖維,-0.13,23142000.0,0.0,0.0,19580713.93239901,0.0,213.29,108.88,168.0,276.88,0.0,0.0,0.0,13.35,0.0,0.0,0.0,49.93,75,11.03,91
4533,協易機,電機機械,0.2,3938898000.0,19694490000.0,0.08,3760721388.9411716,0.19,105.08,1696.44,16.06,1712.5,3.05,325.38,19.97,31.0,0.64,0.1,10.5,0.0,0,9.63,5
4534,慶騰,電機機械,0.0,801825000.0,0.0,0.0,928936359.8220125,0.0,1124.83,2934.13,70.87,3005.0,0.0,0.0,0.0,33.15,0.0,0.0,0.0,89.44,90,14.72,71
4535,至興,電機機械,1.3,2572197000.0,1978613076.9230769,0.52,2341485538.6126,1.18,15.96,15.41,12.11,27.52,14.29,32.47,18.83,27.2,0.69,0.53,1.19,6.81,105,1.92,4
4538,大詠城,電機機械,0.29,363369000.0,1252996551.724138,0.12,464389960.8394367,0.37,67.32,86.77,22.05,108.82,8.16,40.26,24.91,18.5,1.35,0.44,2.18,17.43,100,3.35,117
4540,全球傳動,電機機械,-0.66,2576441000.0,0.0,0.0,3559866583.7279425,0.0,0.0,0.0,0.0,0.0,0.0,0.0,0.0,69.6,0.0,0.0,0.0,42.43,71,19.52,84
4541,晟田,其他,2.03,1593892000.0,785168472.906404,1.01,2162133520.283689,2.75,702.18,3720.64,19.36,3740.0,53.24,10285.0,1930.99,47.25,40.87,1.13,217.67,15.03,181,43.53,91
4542,科嶠,電子零組件業,1.28,702589000.0,548897656.25,0.66,834120191.1671388,1.52,211.06,1132.84,27.16,1160.0,41.28,1763.2,320.81,286.0,1.12,0.14,6.17,55.91,134,19.9,95
4543,萬在,電機機械,0.53,783259000.0,1477847169.8113208,0.27,1023352152.2339256,0.69,39.43,105.55,11.12,116.67,7.67,80.5,27.21,41.85,0.65,0.18,1.92,0.0,0,5.91,183
4545,銘鈺,電子工業,0.18,2391456000.0,13285866666.666668,0.07,2319271181.236007,0.17,96.2,412.88,11.62,424.5,1.98,72.17,16.35,40.1,0.41,0.05,1.8,78.48,141,0.0,0
4549,桓達,電機機械,3.34,1266495000.0,379190119.76047903,1.17,1054148859.3505261,2.78,31.11,28.53,21.47,50.0,59.69,139.0,86.5,120.5,0.72,0.5,1.15,3.02,12,28.27,20
4550,長佳,電機機械,1.34,907487000.0,677229104.4776119,0.58,934375907.7853107,1.38,10.84,11.13,7.83,18.96,10.81,26.16,14.95,25.0,0.6,0.43,1.05,2.04,2,2.18,8
4551,智伸科,汽車工業,6.04,7704684000.0,1275609933.7748344,2.96,8882014199.977491,6.96,19.73,19.47,9.6,29.07,66.82,202.33,137.32,141.5,0.97,0.47,1.43,30.0,99,81.05,71
4552,力達-KY,電機機械,2.07,3459013000.0,1671020772.94686,0.8,3220547455.701092,1.93,12.38,12.05,7.82,19.87,15.09,38.35,23.89,20.55,1.16,0.73,1.87,0.0,0,3.3,63
4554,橙的,其他電子類,2.15,496777000.0,231059069.76744187,0.89,516018813.2427587,2.23,18.33,28.16,12.0,40.16,26.76,89.56,40.88,30.4,1.34,0.88,2.95,8.76,33,22.11,5
4555,氣立,電機機械,0.19,1588876000.0,8362505263.157895,0.1,1733147173.7852993,0.21,200.64,78.61,174.0,252.61,36.54,53.05,42.13,52.8,0.8,0.69,1.0,16.16,15,31.95,88
4556,旭然,其他,0.92,674327000.0,732964130.4347826,0.39,725409795.936652,0.99,145.75,441.8,28.91,470.71,28.62,466.0,144.29,43.7,3.3,0.65,10.66,25.9,47,8.87,67
4557,永新-KY,汽車工業,-0.34,4059621000.0,0.0,0.0,3008253461.675354,0.0,51.24,259.7,6.97,266.67,0.0,0.0,0.0,45.7,0.0,0.0,0.0,21.07,173,1.36,7
4558,寶緯,電機機械,-0.39,1558915000.0,0.0,0.0,1562470668.591968,0.0,242.0,1997.71,22.29,2020.0,0.0,0.0,0.0,19.6,0.0,0.0,0.0,45.56,156,23.88,63
4532,瑞智,電機機械,2.05,20554212000.0,10026444878.04878,1.0,19252026939.080822,1.92,13.22,7.46,10.33,17.79,19.83,34.16,25.38,24.55,1.03,0.81,1.39,14.16,57,0.72,4
4401,東隆興,紡織纖維,0.73,3932210000.0,5386589041.095891,0.28,3708268455.1695704,0.69,36.62,137.8,13.87,151.67,9.57,104.65,25.27,13.95,1.81,0.69,7.5,3.18,106,4.11,4
4528,江興鍛,電機機械,-0.32,1570974000.0,0.0,0.0,1511738962.8901343,0.0,453.19,2310.56,44.44,2355.0,0.0,0.0,0.0,15.8,0.0,0.0,0.0,4.76,72,12.9,90
4406,新昕纖,紡織纖維,-1.08,492484000.0,0.0,0.0,239078382.71231228,0.0,0.0,0.0,0.0,0.0,0.0,0.0,0.0,9.82,0.0,0.0,0.0,9.43,28,3.21,78
4413,飛寶企業,紡織纖維,0.53,797445000.0,1504613207.5471697,0.19,886262997.7195731,0.59,82.47,300.48,17.85,318.33,10.53,187.81,48.66,16.75,2.91,0.63,11.21,3.54,2,8.11,50
4414,如興,紡織纖維,0.65,14392916000.0,22142947692.30769,0.26,13572026945.376764,0.61,15.55,44.37,2.88,47.25,1.76,28.82,9.49,8.5,1.12,0.21,3.39,25.16,41,303.43,95
4416,三圓,建材營造,-0.64,1096928000.0,0.0,0.0,4398201521.2438135,0.0,552.32,979.06,13.44,992.5,0.0,0.0,0.0,11.5,0.0,0.0,0.0,10.82,90,0.78,4
4417,金洲,紡織纖維,6.13,3526922000.0,575354323.0016314,2.22,3143141372.9745483,5.46,9.51,4.21,7.52,11.73,41.06,64.05,51.95,46.2,1.12,0.89,1.39,6.72,125,22.55,160
4420,光明,紡織纖維,5.52,1018773000.0,184560326.08695653,2.68,980029794.008378,5.31,6.41,51.25,1.1,52.35,5.84,277.98,34.03,38.75,0.88,0.15,7.17,20.38,90,0.0,0
4426,利勤,紡織纖維,-2.93,875169000.0,0.0,0.0,899943700.2424206,0.0,0.0,0.0,0.0,0.0,0.0,0.0,0.0,8.49,0.0,0.0,0.0,2.37,8,1.82,90
4430,耀億,其他,-0.19,2072039000.0,0.0,0.0,2100406799.7615156,0.0,0.0,0.0,0.0,0.0,0.0,0.0,0.0,17.7,0.0,0.0,0.0,18.35,153,0.0,0
4432,銘旺實,紡織纖維,0.88,1113575000.0,1265426136.3636363,0.29,1020693682.4547209,0.81,14.63,27.87,4.9,32.77,3.97,26.54,11.85,16.5,0.72,0.24,1.61,4.2,89,8.53,14
4433,興采,紡織纖維,1.06,3437293000.0,3242729245.2830186,0.44,3451897550.879903,1.06,152.76,484.9,16.77,501.67,17.78,531.77,161.93,20.85,7.77,0.85,25.5,1.52,8,0.0,0
4438,廣越,紡織纖維,3.06,19317257000.0,6312829084.96732,0.88,21421918985.874954,3.39,27.18,46.04,14.48,60.52,49.09,205.16,92.15,61.9,1.49,0.79,3.31,0.0,0,2.91,4
4439,冠星-KY,紡織纖維,7.73,6940476000.0,897862354.4631306,3.29,7439745443.328071,8.29,26.17,47.76,10.62,58.38,88.04,483.97,216.92,90.0,2.41,0.98,5.38,3.23,23,23.43,172
4440,宜新實業,紡織纖維,1.14,1056073000.0,926379824.5614036,0.55,1338576571.9413226,1.44,16.76,17.43,9.63,27.06,13.87,38.97,24.13,18.25,1.32,0.76,2.14,8.14,133,27.95,134
4441,振大環球,紡織纖維,14.72,4114059000.0,279487703.8043478,0.0,0.0,0.0,19.14,11.92,13.47,25.39,0.0,0.0,0.0,211.5,0.0,0.0,0.0,57.99,140,32.81,151
4442,竣邦-KY,紡織纖維,5.25,1675561000.0,319154476.1904762,2.67,1737938924.3517864,5.45,14.15,11.95,10.5,22.45,57.22,122.35,77.09,50.7,1.52,1.13,2.41,53.53,181,53.76,167
4502,健信,電機機械,-1.52,967569000.0,0.0,0.0,1066778627.2708039,0.0,78.59,107.53,35.8,143.33,0.0,0.0,0.0,15.95,0.0,0.0,0.0,21.44,12,8.99,68
4503,金雨,電機機械,1.37,678367000.0,495158394.1605839,0.55,838863322.2370958,1.69,90.04,152.39,17.61,170.0,29.76,287.3,152.17,39.1,3.89,0.76,7.35,10.51,30,13.91,69
4506,崇友,電機機械,6.52,6147778000.0,942910736.1963191,2.88,6433907705.867775,6.82,19.47,5.31,16.81,22.12,114.64,150.86,132.78,117.5,1.13,0.98,1.28,2.27,23,17.26,117
4510,高鋒,電機機械,-1.02,1581975000.0,0.0,0.0,2215952528.308705,0.0,39.54,43.74,15.78,59.52,0.0,0.0,0.0,49.4,0.0,0.0,0.0,235.15,90,14.52,74
4513,福裕,電機機械,-1.79,1018902000.0,0.0,0.0,1405681276.9353585,0.0,57.21,59.3,37.22,96.52,0.0,0.0,0.0,15.25,0.0,0.0,0.0,89.0,78,8.86,105
4523,永彰,電機機械,22.27,612079000.0,27484463.403682083,16.74,925202631.301565,33.66,1.34,0.41,1.18,1.59,39.72,53.52,45.19,30.1,1.5,1.32,1.78,0.0,0,16.03,154
4526,東台,電機機械,1.82,5453188000.0,2996257142.857143,0.69,4250727101.4737043,1.42,46.4,48.12,17.58,65.7,24.96,93.29,65.89,42.15,1.56,0.59,2.21,67.85,106,57.25,74
4527,方土霖,電機機械,3.4,3024592000.0,889585882.3529412,1.58,3153323019.3016047,3.54,12.26,6.55,9.33,15.88,33.03,56.22,43.42,41.95,1.04,0.79,1.34,44.97,141,2.74,22
4529,淳紳,其他,-0.74,5459000.0,0.0,0.0,15317641.59941306,0.0,0.0,0.0,0.0,0.0,0.0,0.0,0.0,4.83,0.0,0.0,0.0,13.25,19,9.82,32
3373,熱映,其他電子類,-1.35,404178000.0,0.0,0.0,391120871.1800868,0.0,0.0,0.0,0.0,0.0,0.0,0.0,0.0,16.9,0.0,0.0,0.0,18.09,12,0.44,1
3363,上詮,通信網路業,0.16,1868579000.0,11678618750.0,0.05,1656305961.3773496,0.14,5590.87,5533.93,3437.5,8971.43,481.25,1256.0,782.72,908.0,0.86,0.53,1.38,70.07,140,73.08,181
2762,世界健身-KY,運動休閒,3.75,10884710000.0,2902589333.3333335,1.64,11974488495.230429,4.13,27.46,22.03,14.94,36.97,61.7,152.69,113.43,85.7,1.32,0.72,1.78,10.78,147,5.43,137
2801,彰銀,金融保險,1.51,45006999000.0,29805959602.649006,0.68,50792231991.000206,1.7,13.95,3.12,12.33,15.45,20.96,26.26,23.71,21.45,1.11,0.98,1.22,4.97,37,11.96,41
2812,台中銀,金融保險,1.53,20382325000.0,13321781045.751635,0.73,24504151786.798267,1.84,13.39,4.27,11.43,15.7,21.03,28.89,24.63,19.3,1.28,1.09,1.5,7.55,43,14.94,62
2816,旺旺保,金融保險,4.66,11080464000.0,2377781974.248927,2.86,17456416021.17529,7.34,6.62,3.38,4.82,8.2,35.38,60.19,48.58,34.25,1.42,1.03,1.76,12.52,42,14.89,179
2820,華票,金融保險,1.34,2927811000.0,2184933582.089552,0.77,4880273898.1347275,2.23,14.7,6.32,10.99,17.31,24.51,38.6,32.78,17.2,1.91,1.42,2.24,2.61,16,11.4,97
2832,台產,金融保險,3.91,7271628000.0,1859751406.6496162,2.15,9813865059.08805,5.28,10.3,8.27,8.34,16.61,44.04,87.7,54.41,54.8,0.99,0.8,1.6,7.62,83,60.12,175
2834,臺企銀,金融保險,1.26,35009065000.0,27784972222.22222,0.53,36317649792.4306,1.31,12.61,5.34,10.53,15.87,13.79,20.79,16.52,16.9,0.98,0.82,1.23,13.27,33,11.41,48
2836A,高雄銀甲特,金融保險,0.0,0.0,0.0,0.0,0.0,0.0,0.0,0.0,0.0,0.0,0.0,0.0,0.0,24.5,0.0,0.0,0.0,3.32,168,4.89,179
2838,聯邦銀,金融保險,1.29,20088744000.0,15572669767.44186,0.6,24677847338.580776,1.58,14.46,4.58,12.56,17.14,19.84,27.08,22.84,21.55,1.06,0.92,1.26,8.6,37,19.12,140
2838A,聯邦銀甲特,金融保險,0.0,0.0,0.0,0.0,0.0,0.0,0.0,0.0,0.0,0.0,0.0,0.0,0.0,54.2,0.0,0.0,0.0,0.75,29,1.83,35
2845,遠東銀,金融保險,0.93,12771715000.0,13733026881.720428,0.42,14615042464.54607,1.06,13.97,4.83,11.63,16.46,12.33,17.45,14.81,12.4,1.19,0.99,1.41,11.9,33,9.77,74
2849,安泰銀,金融保險,0.79,5702683000.0,7218586075.949367,0.37,6752441847.378245,0.94,18.13,8.24,13.82,22.06,12.99,20.74,17.04,14.2,1.2,0.91,1.46,9.12,30,3.33,26
2850,新產,金融保險,12.28,21479434000.0,1749139576.5472314,6.59,28752693470.027424,16.44,9.99,3.25,8.18,11.43,134.48,187.91,164.3,146.0,1.13,0.92,1.29,9.6,19,16.43,117
2851,中再保,金融保險,3.66,22564473000.0,6165156557.3770485,1.74,27590823214.50226,4.48,9.2,7.41,6.3,13.71,28.22,61.42,41.2,36.9,1.12,0.76,1.66,0.89,2,6.39,180
2852,第一保,金融保險,2.92,7517297000.0,2574416780.821918,1.47,9401312295.346766,3.65,8.96,2.7,7.57,10.27,27.63,37.49,32.7,27.85,1.17,0.99,1.35,1.99,183,5.77,22
2855,統一證,金融保險,3.0,12942411000.0,4314137000.0,2.68,47110701456.16406,10.92,11.28,13.31,6.65,19.96,72.62,217.96,123.17,59.1,2.08,1.23,3.69,8.77,19,12.95,182
2867,三商壽,金融保險,0.2,94802262000.0,474011310000.0,0.1,85302020129.98875,0.18,55.93,104.37,13.63,118.0,2.45,21.24,10.07,8.08,1.25,0.3,2.63,18.42,37,41.3,144
2880,華南金,金融保險,1.9,68970569000.0,36300299473.68421,0.87,81557291381.8448,2.25,16.79,6.75,14.3,21.05,32.18,47.36,37.77,34.8,1.09,0.92,1.36,15.21,57,16.89,183
2836,高雄銀,金融保險,0.68,4981646000.0,7325949999.999999,0.29,5388778164.770393,0.74,21.62,13.06,15.74,28.8,11.65,21.31,16.0,12.05,1.33,0.97,1.77,13.73,35,6.78,36
2751,王座,觀光餐旅,4.57,1733655000.0,379355579.86870897,2.2,2350664306.3685346,6.2,14.97,7.12,11.0,18.12,68.2,112.34,92.79,53.1,1.75,1.28,2.12,0.91,29,23.39,96
2881,富邦金,金融保險,8.37,378273064000.0,45193914456.39188,3.6,450414205005.29877,9.97,11.44,9.08,7.3,16.38,72.78,163.31,114.08,118.0,0.97,0.62,1.38,27.03,89,8.96,183
2881A,富邦特,金融保險,0.0,0.0,0.0,0.0,0.0,0.0,0.0,0.0,0.0,0.0,0.0,0.0,0.0,63.4,0.0,0.0,0.0,1.43,43,0.31,12
2881B,富邦金乙特,金融保險,0.0,0.0,0.0,0.0,0.0,0.0,0.0,0.0,0.0,0.0,0.0,0.0,0.0,62.6,0.0,0.0,0.0,1.01,131,0.32,25
2881C,富邦金丙特,金融保險,0.0,0.0,0.0,0.0,0.0,0.0,0.0,0.0,0.0,0.0,0.0,0.0,0.0,50.8,0.0,0.0,0.0,0.0,0,4.04,91
2910,統領,貿易百貨,1.23,534053000.0,434189430.8943089,0.51,519771301.9491492,1.2,20.2,8.16,16.71,24.87,20.05,29.84,24.24,22.05,1.1,0.91,1.35,6.9,82,7.11,22
2911,麗嬰房,貿易百貨,2.15,2396308000.0,1114561860.4651163,0.66,1591293660.0078092,1.43,2.28,1.3,1.44,2.74,2.06,3.92,3.25,8.8,0.37,0.23,0.45,58.93,124,19.35,13
2912,統一超,貿易百貨,10.78,349361674000.0,32408318552.875698,4.6,365691724082.6918,11.28,23.36,8.58,18.82,27.4,212.29,309.07,263.5,232.0,1.14,0.92,1.33,12.22,111,4.68,39
2913,農林,貿易百貨,-0.15,478252000.0,0.0,0.0,431175242.66701066,0.0,0.0,0.0,0.0,0.0,0.0,0.0,0.0,11.25,0.0,0.0,0.0,10.69,42,2.22,28
2915,潤泰全,貿易百貨,9.3,2699478000.0,290266451.6129032,2.45,1521198033.010885,5.24,6.48,7.19,3.89,11.08,20.38,58.06,33.95,49.0,0.69,0.42,1.18,19.36,42,13.7,29
2923,鼎固-KY,建材營造,-3.62,3198488000.0,0.0,0.0,13837850549.883617,0.0,63.72,51.42,41.02,92.44,0.0,0.0,0.0,25.0,0.0,0.0,0.0,33.39,117,17.32,26
2926,誠品生活,文化創意業,0.54,6956487000.0,12882383333.333332,0.23,7332647874.206102,0.57,85.58,154.54,41.39,195.93,23.59,111.68,48.78,34.75,1.4,0.68,3.21,2.67,16,0.53,6
2929,淘帝-KY,貿易百貨,-1.68,1848650000.0,0.0,0.0,1562446227.0091174,0.0,55.27,69.03,35.26,104.29,0.0,0.0,0.0,6.09,0.0,0.0,0.0,72.41,182,3.78,55
3372,典範,半導體業,-1.22,1065971000.0,0.0,0.0,1452391292.9716394,0.0,0.0,0.0,0.0,0.0,0.0,0.0,0.0,21.2,0.0,0.0,0.0,0.0,0,57.69,161
2939,永邑-KY,貿易百貨,-3.68,313675000.0,0.0,0.0,252979081.28472948,0.0,0.0,0.0,0.0,0.0,0.0,0.0,0.0,22.0,0.0,0.0,0.0,43.51,110,0.16,6
2941,米斯特,居家生活類,2.36,936342000.0,396755084.7457627,0.99,933506708.2383356,2.35,19.11,15.86,10.88,26.74,25.57,62.84,44.91,29.85,1.5,0.86,2.11,15.12,44,33.46,106
2945,三商家購,貿易百貨,2.14,14731084000.0,6883684112.149532,0.99,16972779334.626282,2.47,20.13,8.24,17.15,25.39,42.36,62.71,49.71,42.0,1.18,1.01,1.49,0.44,1,2.82,27
2948,寶陞,居家生活類,2.17,2162553000.0,996568202.764977,0.88,2106800778.1191874,2.11,19.82,9.52,15.91,25.43,33.57,53.66,41.83,0.0,0.0,0.0,0.0,1.4,7,9.31,91
2949,欣新網,數位雲端類,3.99,5647538000.0,1415423057.6441102,1.7,6691683037.081227,4.73,20.44,12.51,14.44,26.95,68.3,127.47,96.68,65.0,1.49,1.05,1.96,5.71,174,0.0,0
3002,歐格,電子工業,0.35,693459000.0,1981311428.5714288,0.16,811451361.9498695,0.41,101.23,265.23,44.77,310.0,18.36,127.1,41.5,19.85,2.09,0.92,6.4,6.25,30,111.19,155
3003,健和興,電子工業,0.98,4364959000.0,4454039795.918367,0.49,5273340464.787217,1.18,26.96,50.42,11.86,62.28,13.99,73.49,31.82,62.9,0.51,0.22,1.17,22.48,103,2.81,109
3004,豐達科,鋼鐵工業,5.85,3988571000.0,681807008.5470086,3.66,5181929268.741389,7.6,17.14,15.47,10.84,26.31,82.38,199.96,130.27,130.0,1.0,0.63,1.54,4.27,26,0.0,0
2908,特力,貿易百貨,0.23,34350128000.0,149348382608.69565,0.1,35938758130.72692,0.24,68.67,131.0,29.38,160.38,7.05,38.49,16.48,21.6,0.76,0.33,1.78,3.57,7,0.72,8
2906,高林,貿易百貨,0.47,8788364000.0,18698646808.51064,0.21,8982792964.116379,0.48,31.44,13.28,25.0,38.28,12.0,18.37,15.09,12.7,1.19,0.94,1.45,11.19,30,0.63,1
2904,匯僑,其他,0.98,483900000.0,493775510.20408165,0.35,393394914.6318199,0.8,16.44,13.79,11.81,25.6,9.45,20.48,13.15,14.25,0.92,0.66,1.44,3.17,2,1.36,29
2882,國泰金,金融保險,7.06,350182831000.0,49600967563.73938,2.61,323175199059.9973,6.52,11.72,8.45,7.27,15.72,47.4,102.49,76.39,100.0,0.76,0.47,1.02,23.54,135,4.39,8
2882A,國泰特,金融保險,0.0,0.0,0.0,0.0,0.0,0.0,0.0,0.0,0.0,0.0,0.0,0.0,0.0,61.2,0.0,0.0,0.0,1.48,14,0.65,20
2882B,國泰金乙特,金融保險,0.0,0.0,0.0,0.0,0.0,0.0,0.0,0.0,0.0,0.0,0.0,0.0,0.0,60.5,0.0,0.0,0.0,1.18,177,0.66,13
2883,凱基金,金融保險,1.74,69242451000.0,39794512068.965515,1.08,76426260357.7976,1.92,11.65,9.67,7.75,17.42,14.88,33.45,22.37,27.6,0.81,0.54,1.21,27.66,183,1.44,1
2883B,凱基金乙特,金融保險,0.0,0.0,0.0,0.0,0.0,0.0,0.0,0.0,0.0,0.0,0.0,0.0,0.0,8.18,0.0,0.0,0.0,7.1,159,0.38,68
2884,玉山金,金融保險,2.12,90758158000.0,42810451886.79245,1.0,111506055732.07425,2.6,17.42,7.8,13.95,21.75,36.27,56.55,45.29,33.35,1.36,1.09,1.7,6.47,43,15.74,40
2885,元大金,金融保險,2.74,125092925000.0,45654352189.78102,1.61,190896505692.17163,4.18,14.22,10.76,9.86,20.62,41.21,86.19,59.45,65.3,0.91,0.63,1.32,11.34,183,17.42,183
2886,兆豐金,金融保險,2.36,81638284000.0,34592493220.33898,1.06,96458578882.09491,2.79,17.43,5.19,15.19,20.38,42.38,56.86,48.63,41.95,1.16,1.01,1.36,10.6,54,8.31,62
2887,台新新光金,金融保險,1.91,135353846000.0,70865887958.11519,1.23,303968033922.6251,4.29,15.12,15.93,9.93,25.86,42.6,110.94,64.85,28.6,2.27,1.49,3.88,10.87,54,18.21,132
2887E,台新新光戊特一,金融保險,0.0,0.0,0.0,0.0,0.0,0.0,0.0,0.0,0.0,0.0,0.0,0.0,0.0,50.7,0.0,0.0,0.0,0.38,6,0.0,0
2887F,台新新光戊特二,金融保險,0.0,0.0,0.0,0.0,0.0,0.0,0.0,0.0,0.0,0.0,0.0,0.0,0.0,46.85,0.0,0.0,0.0,1.27,16,0.54,175
2887G,台新新光庚特一,金融保險,0.0,0.0,0.0,0.0,0.0,0.0,0.0,0.0,0.0,0.0,0.0,0.0,0.0,42.95,0.0,0.0,0.0,11.66,182,11.66,182
2887H,台新新光庚特二,金融保險,0.0,0.0,0.0,0.0,0.0,0.0,0.0,0.0,0.0,0.0,0.0,0.0,0.0,40.9,0.0,0.0,0.0,11.06,180,11.06,180
2887I,台新新光辛特,金融保險,0.0,0.0,0.0,0.0,0.0,0.0,0.0,0.0,0.0,0.0,0.0,0.0,0.0,9.41,0.0,0.0,0.0,4.67,138,4.67,138
2887Z1,台新新光己特,金融保險,0.0,0.0,0.0,0.0,0.0,0.0,0.0,0.0,0.0,0.0,0.0,0.0,0.0,17.25,0.0,0.0,0.0,0.6,1,1.56,159
2889,國票金,金融保險,0.63,8459319000.0,13427490476.190475,0.38,17239920353.780376,1.28,26.05,16.53,18.9,35.43,24.19,45.35,33.35,15.05,2.22,1.61,3.01,13.95,33,36.9,33
2890,永豐金,金融保險,1.97,73621169000.0,37371151776.64975,1.1,106231587451.84837,2.84,14.29,7.29,10.91,18.2,30.98,51.69,40.59,32.7,1.24,0.95,1.58,18.22,40,18.28,180
2891,中信金,金融保險,4.08,237902628000.0,58309467647.05882,1.76,278543566010.38367,4.78,12.15,7.49,9.5,16.99,45.41,81.21,58.1,66.6,0.87,0.68,1.22,12.53,35,9.1,32
2891B,中信金乙特,金融保險,0.0,0.0,0.0,0.0,0.0,0.0,0.0,0.0,0.0,0.0,0.0,0.0,0.0,64.4,0.0,0.0,0.0,1.83,37,0.0,0
2891C,中信金丙特,金融保險,0.0,0.0,0.0,0.0,0.0,0.0,0.0,0.0,0.0,0.0,0.0,0.0,0.0,62.7,0.0,0.0,0.0,0.0,0,1.51,36
2892,第一金,金融保險,1.87,76661762000.0,40995594652.40642,0.82,85893044047.68704,2.1,15.8,4.08,13.48,17.56,28.31,36.88,33.18,29.3,1.13,0.97,1.26,7.47,54,13.05,62
2897,王道銀行,金融保險,0.61,9927851000.0,16275165573.770493,0.3,12759543030.265211,0.78,12.4,7.97,9.28,17.25,7.24,13.46,9.67,10.3,0.94,0.7,1.31,4.74,37,0.53,13
2897B,王道銀乙特,金融保險,0.0,0.0,0.0,0.0,0.0,0.0,0.0,0.0,0.0,0.0,0.0,0.0,0.0,11.8,0.0,0.0,0.0,3.88,156,0.42,34
2901,欣欣,貿易百貨,0.38,130775000.0,344144736.84210527,0.16,136899727.30355495,0.4,66.16,20.38,54.76,75.14,21.9,30.06,26.46,23.35,1.13,0.94,1.29,3.81,159,7.11,22
2903,遠百,貿易百貨,1.56,34266429000.0,21965659615.384613,0.62,33762926371.707478,1.54,15.09,7.01,12.58,19.59,19.37,30.17,23.24,23.5,0.99,0.82,1.28,10.78,29,6.78,174
2905,三商,貿易百貨,0.71,165658168000.0,233321363380.2817,0.31,131306164894.74324,0.56,29.51,41.09,7.61,48.7,4.26,27.27,16.53,14.2,1.16,0.3,1.92,15.93,71,31.91,182
2646,星宇航空,航運業,0.08,43455568000.0,543194600000.0,0.04,53523054916.779594,0.1,129.23,221.02,46.2,267.22,4.62,26.72,12.92,20.5,0.63,0.23,1.3,46.22,134,5.18,68
2645,長榮航太,航運業,5.46,18258462000.0,3344040659.340659,2.41,19859087286.452553,5.94,25.13,28.45,17.47,45.92,103.77,272.76,149.29,169.5,0.88,0.61,1.61,5.05,22,79.2,90
2480,敦陽科,電子工業,8.0,8422821000.0,1052852625.0,3.86,9294791570.050884,8.83,18.77,8.04,15.11,23.15,133.42,204.41,165.73,161.5,1.03,0.83,1.27,8.66,183,13.08,68
2481,強茂,半導體業,3.11,12976514000.0,4172512540.1929264,1.4,14385236241.815447,3.45,26.24,36.28,16.1,52.38,55.55,180.71,90.52,165.0,0.55,0.34,1.1,16.26,41,96.61,138
2482,連宇,其他電子業,-1.09,493731000.0,0.0,0.0,453725148.477475,0.0,34.29,32.93,14.33,47.26,0.0,0.0,0.0,17.3,0.0,0.0,0.0,7.71,28,19.89,95
2483,百容,電子工業,0.6,1759470000.0,2932450000.0,0.34,1968819100.455089,0.67,83.86,289.5,23.83,313.33,15.97,209.93,56.19,30.45,1.85,0.52,6.89,7.65,29,16.35,111
2484,希華,電子工業,0.66,2409420000.0,3650636363.6363635,0.27,2315362134.951569,0.63,33.97,58.4,17.37,75.77,10.94,47.74,21.4,52.8,0.41,0.21,0.9,3.96,33,7.71,144
2485,兆赫,通信網路業,-0.96,2424065000.0,0.0,0.0,5077043699.297963,0.0,1785.88,272.5,1645.0,1917.5,0.0,0.0,0.0,67.5,0.0,0.0,0.0,6.22,30,100.42,176
2486,一詮,光電業,0.22,5995655000.0,27252977272.727272,0.13,7243078546.556291,0.27,537.45,1311.2,113.8,1425.0,30.73,384.75,145.11,279.5,0.52,0.11,1.38,39.81,40,31.44,166
2488,漢平,其他電子業,4.56,3025797000.0,663551973.6842105,1.73,2894102073.4834313,4.36,10.01,5.37,7.55,12.92,32.92,56.33,43.62,53.5,0.82,0.62,1.05,22.34,180,8.47,83
2489,瑞軒,光電業,1.23,24716288000.0,20094543089.430893,0.5,26574768977.42878,1.32,17.47,45.64,6.19,51.83,8.17,68.42,23.06,48.4,0.48,0.17,1.41,31.98,40,15.71,130
2491,吉祥全,光電業,1.42,177475000.0,124982394.36619718,0.57,164111566.76530784,1.31,29.6,51.76,5.74,57.5,7.52,75.32,38.78,34.7,1.12,0.22,2.17,3.21,33,98.57,182
2492,華新科,電子工業,4.74,36273718000.0,7652683122.362869,2.11,40074789730.260315,5.24,23.76,76.55,10.81,87.36,56.64,457.77,124.5,416.0,0.3,0.14,1.1,13.78,42,72.28,145
2493,揚博,電子工業,4.56,3731121000.0,818228289.4736843,1.94,3822496441.8781934,4.67,19.9,30.53,11.55,42.08,53.94,196.51,92.94,178.0,0.52,0.3,1.1,28.96,149,71.14,85
2496,卓越,其他,6.13,866192000.0,141303752.03915173,2.56,917952924.9502879,6.5,11.27,4.58,9.86,14.44,64.09,93.86,73.27,65.3,1.12,0.98,1.44,6.95,182,0.0,0
2478,大毅,電子零組件業,3.45,5425300000.0,1572550724.637681,1.54,5887051968.853538,3.74,17.86,29.22,11.21,40.43,41.93,151.21,66.81,150.0,0.45,0.28,1.01,8.55,41,48.25,161
2477,美隆電,電子工業,1.68,2484147000.0,1478658928.5714285,0.62,2596234492.5793247,1.76,18.52,36.04,12.06,48.1,21.23,84.66,32.6,23.35,1.4,0.91,3.63,72.85,146,33.99,83
2460,建通,電子工業,-2.99,3124587000.0,0.0,0.0,4665782022.76883,0.0,0.0,0.0,0.0,0.0,0.0,0.0,0.0,32.15,0.0,0.0,0.0,7.51,6,13.13,68
2461,光群雷,其他電子業,-0.61,5225852000.0,0.0,0.0,5405538565.714772,0.0,19.87,55.98,8.77,64.75,0.0,0.0,0.0,19.5,0.0,0.0,0.0,4.44,2,0.0,0
2462,良得電,電子工業,0.27,4119265000.0,15256537037.037037,0.11,3893009657.3096976,0.26,45.53,344.18,12.25,356.43,3.18,92.67,11.84,24.95,0.47,0.13,3.71,4.15,30,27.01,106
2464,盟立,其他電子業,-0.83,6834567000.0,0.0,0.0,7075864042.269019,0.0,99.59,90.29,66.11,156.4,0.0,0.0,0.0,165.0,0.0,0.0,0.0,43.29,35,26.11,97
2465,麗臺,電子工業,0.42,5036165000.0,11990869047.619047,0.23,6788337372.181231,0.57,129.5,172.22,57.27,229.49,32.64,130.81,73.81,83.3,0.89,0.39,1.57,2.35,1,28.96,133
2466,冠西電,光電業,0.23,974812000.0,4238313043.4782605,0.06,709281369.4396528,0.17,84.6,246.49,27.68,274.17,4.71,46.61,14.38,44.6,0.32,0.11,1.05,0.13,20,8.43,35
2467,志聖,電子工業,5.49,5932149000.0,1080537158.4699454,3.48,10040399161.824898,9.29,48.23,88.93,22.81,111.74,211.9,1038.06,448.02,580.0,0.77,0.37,1.79,93.8,84,45.55,97
2468,華經,資訊服務業,1.25,2725131000.0,2180104800.0,0.49,2263990855.9007654,1.04,39.29,66.57,17.81,84.38,18.52,87.76,40.86,40.9,1.0,0.45,2.15,2.03,42,11.71,13
2471,資通,資訊服務業,3.62,968338000.0,267496685.08287293,1.69,1130396163.57665,4.23,17.17,11.06,12.69,23.75,53.68,100.46,72.61,53.6,1.35,1.0,1.87,8.67,41,1.74,7
2472,立隆電,電子工業,8.72,11200459000.0,1284456307.3394494,4.02,12383275793.336449,9.64,14.14,36.58,8.74,45.32,84.25,436.88,136.34,363.5,0.38,0.23,1.2,19.92,41,50.52,145
2474,可成,其他電子業,11.36,19119043000.0,1683014348.5915494,3.64,15150471046.432812,9.0,14.22,15.61,9.01,24.62,81.09,221.58,127.97,230.5,0.56,0.35,0.96,10.14,135,2.59,61
2476,鉅祥,電子工業,4.36,7295984000.0,1673390825.6880732,2.72,9643180884.009377,5.76,21.46,19.84,11.83,31.67,68.14,182.42,123.62,120.0,1.03,0.57,1.52,27.45,30,56.46,97
3005,神基,電子工業,8.43,39125415000.0,4641211743.772243,3.5,39994249683.70699,8.62,15.83,9.75,11.49,21.24,99.04,183.09,136.5,109.0,1.25,0.91,1.68,10.57,27,35.25,90
2497,怡利電,汽車工業,2.37,4561289000.0,1924594514.7679324,1.26,4929265181.202634,2.56,21.76,25.51,11.57,37.08,29.62,94.92,55.72,62.6,0.89,0.47,1.52,51.36,121,19.95,84
2498,宏達電,電子工業,7.21,3004402000.0,416699306.518724,3.04,2571868667.4242206,6.17,17.02,32.57,5.44,38.01,33.56,234.52,105.01,45.9,2.29,0.73,5.11,20.51,118,96.31,90
2603,長榮,航運業,31.68,386268472000.0,12192817929.292929,12.19,322268463846.61334,26.43,4.86,7.71,2.65,10.36,70.04,273.81,128.52,232.0,0.55,0.3,1.18,10.14,169,3.57,13
2605,新興,航運業,1.45,4393818000.0,3030219310.3448277,0.75,5655363858.261957,1.87,19.11,38.43,7.17,45.6,13.41,85.27,35.74,32.1,1.11,0.42,2.66,0.78,28,36.88,182
2606,裕民,航運業,4.31,15370434000.0,3566225986.0788865,1.96,18337846932.59299,5.14,12.98,9.53,8.55,18.08,43.95,92.93,66.74,70.8,0.94,0.62,1.31,2.51,2,24.06,182
2607,榮運,航運業,3.77,17370304000.0,4607507692.307693,1.49,15407125570.659464,3.34,12.18,11.64,8.67,20.31,28.96,67.84,40.67,49.4,0.82,0.59,1.37,1.98,1,75.96,133
2608,嘉里大榮,航運業,1.98,12880973000.0,6505541919.191919,0.81,12840107724.503916,1.97,15.68,7.12,10.66,17.78,21.0,35.03,30.88,30.1,1.03,0.7,1.16,1.9,2,0.14,1
2609,陽明,航運業,4.9,167762203000.0,34237184285.714283,1.93,147409236285.61337,4.31,8.02,24.1,3.08,27.18,13.27,117.15,34.56,54.5,0.63,0.24,2.15,4.1,1,2.56,12
2610,華航,航運業,2.42,208753674000.0,86261848760.33058,1.12,226578130409.89624,2.63,10.84,10.32,7.11,17.43,18.7,45.84,28.51,19.95,1.43,0.94,2.3,20.22,181,2.27,5
2611,志信,航運業,0.51,675806000.0,1325109803.9215686,0.41,1250424194.119817,0.94,25.35,76.89,6.27,83.16,5.89,78.17,23.83,14.15,1.68,0.42,5.52,1.32,15,0.99,13
2612,中航,航運業,5.46,4864523000.0,890938278.3882784,2.4,5039964495.857684,5.66,13.9,28.73,6.58,35.31,37.24,199.85,78.68,57.4,1.37,0.65,3.48,1.92,2,68.97,182
2613,中櫃,航運業,1.14,3351986000.0,2940338596.491228,0.49,3575071256.9640126,1.22,29.51,24.26,18.86,43.12,23.01,52.61,36.01,22.4,1.61,1.03,2.35,14.36,6,1.22,6
2615,萬海,航運業,11.21,142685313000.0,12728395450.490633,4.61,133007886204.84782,10.45,30.34,281.09,3.62,284.71,37.83,2975.22,317.01,86.1,3.68,0.44,34.56,22.16,114,2.4,6
2616,山隆,油電燃氣業,-6.25,8190423000.0,0.0,0.0,8391807443.897944,0.0,185.98,193.32,79.81,273.13,0.0,0.0,0.0,13.85,0.0,0.0,0.0,0.0,0,0.98,7
2617,台航,航運業,3.18,4257272000.0,1338764779.8742137,1.4,4583846309.439134,3.42,9.39,4.68,6.51,11.19,22.26,38.27,32.11,29.6,1.08,0.75,1.29,4.7,28,15.97,182
2618,長榮航,航運業,4.84,220126074000.0,45480593801.65289,2.26,241954841733.19635,5.32,7.82,3.42,6.24,9.66,33.2,51.39,41.59,37.7,1.1,0.88,1.36,26.23,182,3.63,28
2630,亞航,航運業,0.99,5484186000.0,5539581818.181818,0.33,4738555386.211994,0.86,55.98,52.35,40.38,92.73,34.73,79.75,48.15,41.75,1.15,0.83,1.91,0.74,1,107.71,90
2633,台灣高鐵,航運業,1.17,54550155000.0,46624064102.5641,0.51,56708097336.139206,1.22,22.94,7.71,18.65,26.36,22.75,32.16,27.99,25.5,1.1,0.89,1.26,3.19,33,5.07,12
2634,漢翔,航運業,0.78,35067533000.0,44958375641.02564,0.34,36902837301.95734,0.82,39.52,60.91,17.23,78.14,14.13,64.07,32.4,46.55,0.7,0.3,1.38,1.49,2,53.6,97
2636,台驊控股,航運業,7.74,21178369000.0,2736223385.01292,3.07,19065826520.85442,6.97,8.54,4.59,6.17,10.76,43.0,75.0,59.53,70.7,0.84,0.61,1.06,2.27,1,0.0,0
2637,慧洋-KY,航運業,5.27,16585078000.0,3147073624.2884254,3.02,20847962558.498177,6.62,11.63,11.97,6.32,18.29,41.84,121.08,77.02,80.6,0.96,0.52,1.5,6.44,163,16.64,182
2641,正德,航運業,2.0,2306951000.0,1153475500.0,0.88,2786259676.781618,2.42,10.59,7.03,7.23,14.26,17.5,34.51,25.63,19.55,1.31,0.9,1.77,1.48,2,13.57,98
2642,宅配通,航運業,-1.04,3859459000.0,0.0,0.0,3227942396.483606,0.0,53.17,52.26,29.3,81.56,0.0,0.0,0.0,20.8,0.0,0.0,0.0,18.36,146,20.49,95
2643,捷迅,航運業,6.3,8198219000.0,1301304603.1746032,2.17,7161674454.982391,5.5,11.65,3.4,10.48,13.88,57.64,76.34,64.08,66.6,0.96,0.87,1.15,0.92,16,0.0,0
2597,潤弘,建材營造,11.1,29977603000.0,2700684954.954955,5.03,36900750133.79278,13.66,15.11,11.12,10.59,21.71,144.66,296.56,206.44,184.5,1.12,0.78,1.61,33.98,57,6.32,49
2596,綠意,建材營造,1.86,1379072000.0,741436559.1397849,0.84,767572416.2965631,1.04,51.92,157.21,13.94,171.15,14.5,178.0,54.0,29.6,1.82,0.49,6.01,40.68,57,0.93,5
2547,日勝生,建材營造,2.97,6103457000.0,2055036026.9360268,1.43,6642268833.649669,3.23,8.68,71.38,3.62,75.0,11.69,242.25,28.03,10.5,2.67,1.11,23.07,7.21,57,0.0,0
2501,國建,建材營造,2.83,25701552000.0,9081820494.699646,1.91,35338431980.42102,3.89,12.34,13.82,5.61,19.43,21.82,75.58,47.98,24.1,1.99,0.91,3.14,4.78,2,24.48,103
2504,國產,建材營造,3.3,22511070000.0,6821536363.636364,1.31,21302289198.437054,3.12,11.84,8.61,9.04,17.65,28.2,55.07,36.95,36.3,1.02,0.78,1.52,23.88,149,4.48,6
2505,國揚,建材營造,2.37,2697064000.0,1138001687.7637131,1.89,7766533203.119665,6.82,24.21,34.95,7.45,42.4,50.81,289.17,165.09,17.95,9.2,2.83,16.11,7.47,57,3.63,21
2506,太設,建材營造,0.02,1131755000.0,56587750000.0,0.01,1387182545.8487446,0.02,67.47,448.55,3.95,452.5,0.08,9.05,1.35,8.98,0.15,0.01,1.01,2.78,65,2.42,5
2509,全坤建,建材營造,-0.79,265950000.0,0.0,0.0,248813670.64226982,0.0,205.47,245.81,56.19,302.0,0.0,0.0,0.0,13.1,0.0,0.0,0.0,13.04,43,22.26,103
2511,太子,建材營造,0.33,8409668000.0,25483842424.242424,0.22,10862071710.75538,0.43,40.66,44.56,21.57,66.13,9.28,28.44,17.48,8.03,2.18,1.16,3.54,8.3,57,2.67,48
2514,龍邦,其他,1.85,21456939000.0,11598345405.405405,0.79,23881504238.155888,2.06,7.01,4.46,4.79,9.25,9.87,19.06,14.43,13.75,1.05,0.72,1.39,14.78,42,0.86,1
2515,中工,建材營造,0.4,20623506000.0,51558765000.0,0.24,26425572102.719566,0.51,28.67,26.42,18.21,44.63,9.29,22.76,14.62,13.15,1.11,0.71,1.73,1.79,2,53.78,158
2516,新建,建材營造,1.23,10516424000.0,8549938211.382114,0.39,7782804585.928402,0.91,18.64,34.53,10.21,44.74,9.29,40.71,16.96,12.65,1.34,0.73,3.22,20.69,181,1.09,1
2520,冠德,建材營造,2.73,22083667000.0,8089255311.355311,1.25,27463668691.92267,3.4,7.56,9.32,4.21,13.53,14.31,46.0,25.69,32.1,0.8,0.45,1.43,9.52,43,0.0,0
2524,京城,建材營造,1.7,5418439000.0,3187317058.8235297,0.3,1263755797.7198808,0.4,19.78,68.78,4.79,73.57,1.92,29.43,7.91,36.25,0.22,0.05,0.81,136.11,75,4.24,104
2527,宏璟,建材營造,0.93,676610000.0,727537634.4086021,6.4,12103813532.121725,16.64,14.73,37.57,5.12,42.69,85.2,710.36,245.18,36.35,6.74,2.34,19.54,8.09,57,1.73,27
2528,皇普,建材營造,3.65,17483401000.0,4789972876.712329,0.03,230766492.74709043,0.05,7.38,11.84,3.88,15.72,0.19,0.79,0.37,23.35,0.02,0.01,0.03,9.11,43,0.43,1
2530,華建,建材營造,2.03,7464765000.0,3677224137.931035,0.07,1366139404.6545408,0.37,20.7,60.35,9.18,69.53,3.4,25.73,7.66,19.6,0.39,0.17,1.31,22.74,55,9.87,7
2534,宏盛,建材營造,2.07,5569958000.0,2690800966.183575,0.13,513778697.2516991,0.19,36.21,87.73,7.79,95.52,1.48,18.15,6.88,18.4,0.37,0.08,0.99,9.45,55,4.74,13
2535,達欣工,建材營造,6.5,20936358000.0,3220978153.8461537,3.59,28896447426.703285,8.97,11.15,4.65,8.65,13.3,77.59,119.3,99.97,83.4,1.2,0.93,1.43,9.63,56,7.19,148
2536,宏普,建材營造,3.19,11061836000.0,3467660188.0877743,0.61,5772743220.995232,1.66,23.96,48.3,5.8,54.1,9.63,89.81,39.77,20.6,1.93,0.47,4.36,5.79,55,2.0,5
2537,聯上發,建材營造,0.16,1134692000.0,7091825000.0,0.27,2560151335.821942,0.36,24.72,62.41,8.92,71.33,3.21,25.68,8.9,10.15,0.88,0.32,2.53,29.51,43,1.6,1
2538,基泰,建材營造,0.35,351323000.0,1003780000.0000001,0.14,261835890.2681643,0.26,26.67,38.09,11.55,49.64,3.0,12.91,6.93,10.1,0.69,0.3,1.28,17.75,41,4.98,21
2539,櫻花建,建材營造,3.78,12047638000.0,3187205820.10582,2.38,13234095826.347017,4.15,22.4,41.4,9.84,51.24,40.84,212.65,92.98,37.35,2.49,1.09,5.69,11.53,70,14.19,71
2540,愛山林,建材營造,0.97,11788830000.0,12153432989.690722,0.25,8425150385.529581,0.69,39.23,81.02,15.98,97.0,11.03,66.93,27.07,53.0,0.51,0.21,1.26,19.89,42,17.15,105
2542,興富發,建材營造,2.11,25225332000.0,11955133649.2891,2.62,215566836665.1998,18.03,23.33,48.91,11.55,60.46,208.25,1090.09,420.66,43.0,9.78,4.84,25.35,41.57,43,16.29,104
2543,皇昌,建材營造,2.9,11600814000.0,4000280689.6551723,1.77,16080361890.317745,4.02,18.99,13.71,13.86,27.57,55.72,110.83,76.35,49.3,1.55,1.13,2.25,107.87,128,5.54,4
2545,皇翔,建材營造,2.14,6423225000.0,3001507009.345794,1.09,8177183970.242078,2.72,9.79,20.78,5.13,25.91,13.95,70.48,26.64,38.35,0.69,0.36,1.84,28.04,174,2.17,4
2546,根基,建材營造,9.73,20986780000.0,2156914696.8139772,3.85,24371884845.44466,11.3,10.65,5.86,8.3,14.16,93.79,160.01,120.32,87.9,1.37,1.07,1.82,5.43,43,15.33,102
2548,華固,建材營造,10.13,17869193000.0,1763987462.9812436,3.14,5497742474509.775,3116.66,26.49,78.04,7.78,85.82,24247.61,267471.76,82547.37,103.5,797.56,234.28,2584.27,18.81,15,5.88,36
3006,晶豪科,電子工業,0.87,13448840000.0,15458436781.609196,1.2,40841843251.86652,2.64,67.17,220.96,20.15,241.11,53.2,636.53,177.33,222.5,0.8,0.24,2.86,15.51,15,70.49,160
3176,基亞,生技醫療業,-0.78,1594260000.0,0.0,0.0,1010120459.0554138,0.0,0.0,0.0,0.0,0.0,0.0,0.0,0.0,32.05,0.0,0.0,0.0,6.75,7,1.13,13
3188,鑫龍騰,建材營造,4.05,2525975000.0,623697530.8641976,3.37,22636789337.75286,36.29,12.29,19.86,3.72,23.58,135.0,855.72,445.85,23.8,18.73,5.67,35.95,74.76,57,3.09,176
3189,景碩,半導體業,3.51,38607846000.0,10999386324.786325,1.72,49287580148.90492,4.48,253.55,886.55,63.45,950.0,284.26,4256.0,1135.92,712.0,1.6,0.4,5.98,41.94,42,93.35,183
3191,雲嘉南,電子零組件業,0.51,174633000.0,342417647.0588235,0.2,166800749.46834615,0.49,40.65,93.86,26.37,120.23,12.92,58.91,19.92,20.0,1.0,0.65,2.95,2.33,20,32.63,183
3205,佰研,生技醫療業,-1.06,378949000.0,0.0,0.0,455326223.6804855,0.0,0.0,0.0,0.0,0.0,0.0,0.0,0.0,57.1,0.0,0.0,0.0,22.99,27,40.88,96
3206,志豐,電子零組件業,2.02,3236211000.0,1602084653.4653466,0.77,2844611698.616773,1.78,13.03,17.59,7.71,25.3,13.72,45.03,23.19,38.7,0.6,0.35,1.16,3.43,36,0.66,43
3207,耀勝,電子零組件業,-0.82,1826510000.0,0.0,0.0,2154160763.925172,0.0,485.03,924.63,133.7,1058.33,0.0,0.0,0.0,69.7,0.0,0.0,0.0,18.91,44,4.7,1
3209,全科,電子工業,3.02,46097848000.0,15264188079.470198,1.79,62494370296.77418,4.09,13.87,12.9,9.77,22.67,39.96,92.72,56.75,73.5,0.77,0.54,1.26,19.64,126,0.91,7
3211,順達,電腦及週邊設備業,9.04,12836889000.0,1420009845.1327436,4.97,15978333024.931114,11.25,21.29,41.54,5.74,47.28,64.58,531.9,239.46,423.0,0.57,0.15,1.26,144.6,182,101.49,99
3213,茂訊,電腦及週邊設備業,7.4,2852455000.0,385466891.8918919,4.14,3308554121.7201934,8.58,12.59,12.36,8.31,20.67,71.3,177.35,108.03,139.0,0.78,0.51,1.28,2.63,15,30.65,96
3217,優群,電子零組件業,12.69,4088779000.0,322204806.93459415,4.99,4181408616.6660833,12.98,14.28,9.39,10.04,19.43,130.32,252.2,185.42,187.5,0.99,0.7,1.35,12.19,21,29.34,152
3218,大學光,生技醫療業,12.31,4192529000.0,340579122.6645004,5.4,4201463070.2134166,12.34,15.26,10.2,10.03,20.23,123.77,249.64,188.31,135.0,1.39,0.92,1.85,2.17,33,5.56,48
3221,台嘉碩,通信網路業,0.07,2201258000.0,31446542857.142853,0.03,2328970591.645548,0.07,310.41,1830.71,16.79,1847.5,1.18,129.33,21.73,57.1,0.38,0.02,2.26,6.94,42,32.19,137
3224,三顧,電子通路業,-1.54,1500335000.0,0.0,0.0,1576010193.1271303,0.0,0.0,0.0,0.0,0.0,0.0,0.0,0.0,38.5,0.0,0.0,0.0,8.31,21,33.96,161
3226,龍鋒,電機機械,0.24,1641105000.0,6837937500.0,0.08,1021032750.5921208,0.15,30.48,180.09,6.79,186.88,1.02,28.03,4.57,48.5,0.09,0.02,0.58,8.93,35,2.71,160
3227,原相,半導體業,12.38,9123528000.0,736957027.4636511,6.4,9084642649.826818,12.33,19.42,16.48,13.86,30.34,170.89,374.09,239.51,225.0,1.06,0.76,1.66,71.65,113,12.5,120
3228,金麗科,半導體業,-2.03,306400000.0,0.0,0.0,318275893.5322561,0.0,0.0,0.0,0.0,0.0,0.0,0.0,0.0,180.5,0.0,0.0,0.0,2.99,1,0.0,0
3229,晟鈦,電子工業,-0.43,1001150000.0,0.0,0.0,1497865109.975715,0.0,193.42,1008.36,79.64,1088.0,0.0,0.0,0.0,44.35,0.0,0.0,0.0,66.35,33,26.67,182
3230,錦明,光電業,-1.6,415534000.0,0.0,0.0,361952261.5283824,0.0,13.28,12.79,6.88,19.67,0.0,0.0,0.0,30.55,0.0,0.0,0.0,270.09,132,94.98,96
3231,緯創,電子工業,9.02,2036922031000.0,225822841574.2794,6.13,4815501252226.416,21.32,18.42,10.84,12.39,23.23,264.15,495.26,392.63,171.0,2.3,1.54,2.9,11.16,173,35.65,124
3169,亞信,半導體業,3.67,937780000.0,255525885.5585831,1.86,902045632.7341594,3.53,27.97,15.86,21.2,37.06,74.84,130.82,98.75,111.5,0.89,0.67,1.17,1.85,8,17.55,105
3168,眾福科,光電業,2.61,3411575000.0,1307116858.2375479,1.39,3664417482.2317376,2.8,17.08,7.35,12.34,19.69,34.55,55.13,47.83,48.0,1.0,0.72,1.15,5.97,14,2.24,12
3115,富榮綱,電子零組件業,-0.46,4770000.0,0.0,0.0,7438897.421832145,0.0,0.0,0.0,0.0,0.0,0.0,0.0,0.0,9.78,0.0,0.0,0.0,14.85,47,3.35,1
3118,進階,生技醫療業,2.46,730311000.0,296874390.24390244,1.0,697513180.7968534,2.35,15.54,5.34,13.05,18.39,30.67,43.22,36.53,34.1,1.07,0.9,1.27,0.81,2,0.29,1
3122,笙泉,半導體業,-1.75,331361000.0,0.0,0.0,304895030.5399116,0.0,0.0,0.0,0.0,0.0,0.0,0.0,0.0,30.4,0.0,0.0,0.0,23.73,13,36.79,33
3128,昇銳,光電業,1.36,1127451000.0,829008088.2352941,0.53,967173586.0375935,1.17,23.68,32.43,10.56,42.99,12.36,50.3,27.7,25.0,1.11,0.49,2.01,5.25,51,33.69,32
3135,凌航,半導體業,6.28,4559917000.0,726101433.1210191,0.0,0.0,0.0,78.35,203.36,13.31,216.67,0.0,0.0,0.0,227.5,0.0,0.0,0.0,11.44,159,109.66,183
3138,耀登,通信網路業,1.54,1696087000.0,1101355194.8051949,0.69,2078179120.5785217,1.89,62.29,154.19,22.64,176.83,42.79,334.21,117.73,159.5,0.74,0.27,2.1,1.51,40,18.76,110
3141,晶宏,半導體業,0.54,1635291000.0,3028316666.6666665,0.27,1745940715.8644354,0.58,80.59,104.57,41.38,145.95,24.0,84.65,46.74,74.3,0.63,0.32,1.14,0.0,0,0.0,0
3149,正達,光電業,-2.88,2236900000.0,0.0,0.0,2564273894.1993704,0.0,0.0,0.0,0.0,0.0,0.0,0.0,0.0,90.8,0.0,0.0,0.0,93.28,134,41.72,125
3152,璟德,通信網路業,9.42,1453293000.0,154277388.53503186,3.86,1322184407.4926,8.57,22.04,29.89,10.82,40.71,92.73,348.88,188.89,179.0,1.06,0.52,1.95,1.19,12,24.44,71
3158,嘉實,資訊服務業,7.28,272213000.0,37391895.604395606,0.0,0.0,0.0,12.95,2.04,12.26,14.3,0.0,0.0,0.0,84.7,0.0,0.0,0.0,40.89,118,16.25,70
3162,精確,電機機械,1.7,7712670000.0,4536864705.882353,0.75,8147838586.438531,1.8,43.43,94.03,20.41,114.44,36.74,205.99,78.18,83.2,0.94,0.44,2.48,37.16,134,45.8,155
3163,波若威,通信網路業,6.22,2168399000.0,348617202.5723473,3.09,2716529922.8782253,7.79,59.08,191.8,16.4,208.2,127.76,1621.88,460.2,1020.0,0.45,0.13,1.59,67.45,42,101.23,183
3164,景岳,化學生技醫療,0.66,409110000.0,619863636.3636364,0.26,368233428.25300795,0.59,45.09,87.11,25.67,112.78,15.15,66.54,26.6,16.5,1.61,0.92,4.03,0.2,6,4.91,46
3167,大量,電機機械,8.13,4865952000.0,598518081.1808118,7.22,10377906525.896261,17.34,107.09,319.55,30.45,350.0,528.0,6069.0,1856.93,950.0,1.95,0.56,6.39,186.69,131,126.5,77
3114,好德,電子零組件業,2.23,3038288000.0,1362460986.5470853,0.92,3174328964.8955207,2.33,18.21,24.14,10.15,34.29,23.65,79.9,42.42,44.65,0.95,0.53,1.79,3.26,33,18.44,161
3234,光環,通信網路業,-1.4,673287000.0,0.0,0.0,658975952.7085207,0.0,0.0,0.0,0.0,0.0,0.0,0.0,0.0,125.0,0.0,0.0,0.0,21.77,182,39.91,181
3310,佳穎,電子零組件業,3.55,2657456000.0,748579154.9295775,0.99,1175049272.8518584,1.57,25.21,33.77,16.17,49.94,25.39,78.41,39.57,72.2,0.55,0.35,1.09,1.44,30,8.72,29
3311,閎暉,通信網路業,1.62,2377310000.0,1467475308.6419752,0.62,2136998745.7728581,1.46,37.22,47.91,19.68,67.59,28.73,98.68,54.34,39.75,1.37,0.72,2.48,0.87,33,15.82,55
3312,弘憶股,電子工業,1.74,20699880000.0,11896482758.62069,0.83,22250477511.269848,1.87,31.91,64.98,14.94,79.92,27.94,149.45,59.67,67.5,0.88,0.41,2.21,60.24,36,1.35,5
3317,尼克森,半導體業,1.8,2705899000.0,1503277222.222222,0.81,2962201019.320554,1.97,20.22,32.35,13.19,45.54,25.98,89.71,39.83,81.1,0.49,0.32,1.11,5.55,12,36.02,144
3321,同泰,電子工業,-2.77,2164390000.0,0.0,0.0,2124069531.1246161,0.0,0.0,0.0,0.0,0.0,0.0,0.0,0.0,19.1,0.0,0.0,0.0,20.14,54,262.78,182
3322,建舜電,電子零組件業,-0.96,2983337000.0,0.0,0.0,3286450633.9992304,0.0,72.15,68.16,37.29,105.45,0.0,0.0,0.0,14.25,0.0,0.0,0.0,4.57,29,27.31,69
3323,加百裕,電腦及週邊設備業,-1.92,5105491000.0,0.0,0.0,4461974785.111286,0.0,0.0,0.0,0.0,0.0,0.0,0.0,0.0,37.8,0.0,0.0,0.0,61.13,182,77.36,98
3324,雙鴻,其他電子類,28.2,21817975000.0,773687056.7375886,18.37,39802190159.622665,51.44,37.58,46.79,18.7,65.49,961.93,3368.81,1932.88,1110.0,1.74,0.87,3.03,10.29,30,80.1,151
3325,旭品,電腦及週邊設備業,-1.64,1256726000.0,0.0,0.0,930731687.5448372,0.0,261.26,112.27,196.82,309.09,0.0,0.0,0.0,13.65,0.0,0.0,0.0,0.0,0,12.81,106
3332,幸康,電子零組件業,3.53,1602596000.0,453993201.1331445,1.7,1865976291.5014732,4.11,18.31,12.73,14.31,27.04,58.81,111.13,75.25,68.0,1.11,0.86,1.63,4.07,2,81.09,152
3338,泰碩,電子工業,1.81,3671826000.0,2028633149.1712706,0.72,3326758995.93506,1.64,24.31,47.53,13.22,60.75,21.68,99.63,39.87,78.6,0.51,0.28,1.27,7.85,23,23.88,68
3339,泰谷,光電業,-2.02,793716000.0,0.0,0.0,1129438598.4345284,0.0,134.01,105.27,85.64,190.91,0.0,0.0,0.0,48.85,0.0,0.0,0.0,19.53,13,0.0,0
3346,麗清,汽車工業,0.12,8707292000.0,72560766666.66667,0.04,7227106657.8538885,0.1,67.66,283.79,9.34,293.13,0.93,29.31,6.77,26.7,0.25,0.03,1.1,9.41,36,0.56,1
3349,寶德,電腦及週邊設備業,-1.04,506986000.0,0.0,0.0,267558903.26715615,0.0,0.0,0.0,0.0,0.0,0.0,0.0,0.0,18.0,0.0,0.0,0.0,31.51,51,47.37,183
3354,律勝,電子零組件業,-0.84,96893000.0,0.0,0.0,116664358.3675718,0.0,0.0,0.0,0.0,0.0,0.0,0.0,0.0,30.3,0.0,0.0,0.0,38.78,138,35.24,182
3356,奇偶,光電業,6.21,1017729000.0,163885507.2463768,2.95,1110333712.1158123,6.78,11.9,19.27,5.06,24.33,34.31,164.96,80.67,60.4,1.34,0.57,2.73,0.82,29,9.88,111
3357,臺慶科,電子零組件業,10.26,6493208000.0,632866276.803119,4.85,7470401728.485903,11.8,17.53,19.4,11.05,30.45,130.39,359.31,206.85,296.0,0.7,0.44,1.21,14.06,41,61.58,168
3360,尚立,電子通路業,-0.49,6823561000.0,0.0,0.0,10700015089.852497,0.0,0.0,0.0,0.0,0.0,0.0,0.0,0.0,14.55,0.0,0.0,0.0,13.79,110,14.57,70
3362,先進光,光電業,-1.07,4303139000.0,0.0,0.0,4541418369.039809,0.0,67.33,44.4,43.82,88.22,0.0,0.0,0.0,148.0,0.0,0.0,0.0,20.0,86,11.37,7
3308,聯德,電子零組件業,0.68,6815000.0,10022058.823529411,0.41,9306359.255566632,0.93,36.18,187.81,11.77,199.58,10.95,185.61,33.65,21.7,1.55,0.5,8.55,8.25,13,2.45,5
3232,昱捷,電子通路業,0.29,909225000.0,3135258620.6896553,0.13,890809320.7324986,0.28,95.15,128.89,53.11,182.0,14.87,50.96,26.64,23.6,1.13,0.63,2.16,5.52,70,1.06,4
3305,昇貿,電子工業,3.16,10218236000.0,3233618987.341772,1.96,16124176608.524889,4.99,29.96,38.86,14.61,53.47,72.9,266.82,149.51,156.0,0.96,0.47,1.71,10.11,15,135.11,99
3236,千如,電子零組件業,0.32,2009218000.0,6278806250.0,0.16,2578585691.8132763,0.41,158.57,403.22,80.53,483.75,33.02,198.34,65.01,53.9,1.21,0.61,3.68,11.01,182,72.64,181
3257,虹冠電,半導體業,3.43,1035739000.0,301964723.03207,0.83,741170080.0297431,2.45,21.23,19.23,13.26,32.49,32.49,79.6,52.01,60.6,0.86,0.54,1.31,17.6,140,26.09,144
3259,鑫創,半導體業,-2.36,283935000.0,0.0,0.0,269529013.24911416,0.0,0.0,0.0,0.0,0.0,0.0,0.0,0.0,17.05,0.0,0.0,0.0,44.44,29,6.0,160
3260,威剛,半導體業,23.14,50120672000.0,2165975453.759723,19.61,127453522004.95076,58.84,14.43,27.85,6.8,34.65,400.11,2038.81,849.17,421.5,2.01,0.95,4.84,1.79,15,136.39,160
3264,欣銓,半導體業,6.0,13781453000.0,2296908833.3333335,3.6,17378920888.627033,7.57,18.46,28.11,10.42,38.53,78.88,291.67,139.74,228.5,0.61,0.35,1.28,2.0,15,32.55,151
3265,台星科,半導體業,5.48,4581276000.0,835999270.0729927,3.24,5648553525.227789,6.76,20.07,22.58,11.28,33.86,76.25,228.89,135.69,180.0,0.75,0.42,1.27,16.26,16,9.18,39
3266,昇陽,建材營造,0.58,1779877000.0,3068753448.275862,0.26,1743322446.0062757,0.57,11.29,16.84,7.56,24.4,4.31,13.91,6.44,13.0,0.5,0.33,1.07,0.0,0,4.97,28
3268,海德威,半導體業,-1.33,927369000.0,0.0,0.0,975805747.3805833,0.0,74.1,45.38,45.0,90.38,0.0,0.0,0.0,20.3,0.0,0.0,0.0,6.53,2,0.0,0
3272,東碩,電腦及週邊設備業,-7.68,2947040000.0,0.0,0.0,2588600154.1910014,0.0,0.0,0.0,0.0,0.0,0.0,0.0,0.0,17.05,0.0,0.0,0.0,17.29,140,0.0,0
3276,宇環,電子零組件業,0.21,504802000.0,2403819047.6190476,0.1,549725102.2450043,0.23,81.71,112.01,24.66,136.67,5.67,31.43,18.79,14.8,1.27,0.38,2.12,10.92,33,32.21,76
3284,太普高,其他,2.38,858605000.0,360758403.3613446,0.99,826506514.3306653,2.29,16.24,39.46,6.76,46.22,15.48,105.84,37.19,19.55,1.9,0.79,5.41,85.46,71,0.0,0
3285,微端,其他電子類,0.7,662942000.0,947060000.0000001,0.41,896728084.1823131,0.95,37.11,70.89,20.25,91.14,19.24,86.58,35.26,31.7,1.11,0.61,2.73,22.72,30,28.37,111
3287,廣寰科,電腦及週邊設備業,1.5,907187000.0,604791333.3333334,0.77,1051293553.3233756,1.74,23.8,33.53,10.9,44.43,18.97,77.31,41.4,36.75,1.13,0.52,2.1,10.76,13,1.37,33
3288,點晶,電子零組件業,-0.64,77563000.0,0.0,0.0,78840307.18603468,0.0,813.03,185.0,742.5,927.5,0.0,0.0,0.0,23.45,0.0,0.0,0.0,33.33,20,8.23,5
3289,宜特,其他電子類,4.81,4777382000.0,993218711.0187111,1.9,4783668172.014543,4.82,23.55,30.98,12.78,43.76,61.6,210.92,113.49,182.5,0.62,0.34,1.16,46.64,140,26.29,95
3290,東浦,電子零組件業,2.21,2309567000.0,1045052941.1764706,1.34,3786521079.2433457,3.62,19.5,16.75,9.69,26.44,35.08,95.71,70.58,50.2,1.41,0.7,1.91,39.86,138,85.53,139
3293,鈊象,文化創意業,38.51,21791052000.0,565854375.4868865,22.03,25107627882.219658,44.37,23.29,23.7,13.19,36.89,585.24,1636.81,1033.47,790.0,1.31,0.74,2.07,42.65,37,3.11,11
3294,英濟,電子零組件業,-0.48,3657141000.0,0.0,0.0,3345535521.26574,0.0,68.28,51.43,38.79,90.22,0.0,0.0,0.0,38.3,0.0,0.0,0.0,18.27,42,58.82,90
3296,勝德,電子工業,0.61,1601750000.0,2625819672.1311474,0.24,1507697395.7276535,0.57,178.06,950.27,16.4,966.67,9.35,551.0,101.5,21.8,4.66,0.43,25.28,37.55,30,29.5,71
3297,杭特,光電業,0.47,195991000.0,417002127.6595745,0.21,245928054.70807803,0.59,335.42,1261.2,58.8,1320.0,34.69,778.8,197.9,33.2,5.96,1.04,23.46,66.39,30,83.2,35
3303,岱稜,其他電子類,4.57,3015706000.0,659891903.7199124,2.01,3180539256.135704,4.82,13.12,12.74,9.46,22.2,45.6,107.0,63.26,52.0,1.22,0.88,2.06,65.52,156,2.91,95
3306,鼎天,通信網路業,1.95,1067643000.0,547509230.7692307,0.71,1122081201.0380538,2.05,20.42,22.54,11.35,33.89,23.27,69.47,41.87,49.0,0.85,0.47,1.42,9.73,35,63.61,140
3105,穩懋,半導體業,5.53,16253435000.0,2939138336.347197,3.3,21817933765.548306,7.42,104.24,429.72,27.04,456.76,200.64,3389.16,773.43,483.5,1.6,0.41,7.01,30.22,42,77.65,180
3147,大綜,資訊服務業,8.86,8382879000.0,946148871.3318285,4.72,8665940340.808043,9.16,17.68,20.34,11.52,31.86,105.52,291.84,161.96,284.5,0.57,0.37,1.03,34.54,86,17.44,68
3095,及成,通信網路業,-2.0,612881000.0,0.0,0.0,739498515.3673918,0.0,28.67,51.85,12.56,64.41,0.0,0.0,0.0,42.1,0.0,0.0,0.0,118.42,51,4.03,13
3025,星通,電子工業,3.45,559413000.0,162148695.6521739,2.15,1098318199.9932268,6.77,19.89,25.17,11.88,37.05,80.43,250.83,134.67,70.6,1.91,1.14,3.55,19.57,125,6.08,183
3026,禾伸堂,電子工業,6.58,13298266000.0,2021013069.9088147,3.7,14910508236.152147,7.38,19.98,74.39,12.21,86.6,90.11,639.11,147.47,626.0,0.24,0.14,1.02,1.12,16,39.44,140
3027,盛達,通信網路業,-1.05,2214276000.0,0.0,0.0,914693901.8967569,0.0,50.49,35.21,29.68,64.89,0.0,0.0,0.0,22.7,0.0,0.0,0.0,7.61,27,0.0,0
3028,增你強,電子工業,3.15,40725187000.0,12928630793.650793,2.19,75380424868.38843,5.83,16.86,14.0,11.33,25.33,66.05,147.67,98.28,78.7,1.25,0.84,1.88,0.42,2,20.09,161
3029,零壹,資訊服務業,6.54,24933295000.0,3812430428.134557,3.48,26685956972.562664,7.0,21.16,22.74,13.88,36.62,97.16,256.34,148.09,107.5,1.38,0.9,2.38,79.05,183,10.39,96
3030,德律,其他電子業,10.49,8268662000.0,788242326.0247855,6.79,10826877533.647478,13.74,21.34,28.69,10.78,39.47,148.12,542.32,293.17,366.0,0.8,0.4,1.48,1.4,8,64.12,85
3031,佰鴻,電子工業,1.09,1133837000.0,1040217431.1926605,0.5,1277188572.296759,1.23,18.72,18.01,12.95,30.96,15.93,38.08,23.02,31.0,0.74,0.51,1.23,15.32,134,16.4,139
3032,偉訓,電子工業,-7.94,10818284000.0,0.0,0.0,12499028373.314634,0.0,15.12,16.54,9.21,25.75,0.0,0.0,0.0,87.6,0.0,0.0,0.0,24.66,181,72.19,53
3033,威健,電子工業,1.81,109006122000.0,60224376795.58011,0.86,123995709739.87825,2.06,16.53,10.11,11.68,21.79,24.06,44.89,34.05,51.8,0.66,0.46,0.87,4.97,36,6.91,61
3034,聯詠,半導體業,26.87,101870569000.0,3791238146.6319313,12.95,93717699680.76553,24.72,14.75,8.24,12.54,20.78,309.99,513.68,364.65,492.0,0.74,0.63,1.04,3.97,14,10.39,28
3035,智原,半導體業,2.81,18137133000.0,6454495729.537367,0.84,8273550693.430434,1.28,55.8,77.75,38.47,116.22,49.24,148.76,71.43,192.0,0.37,0.26,0.77,20.3,41,5.9,27
3036,文曄,電子工業,11.6,1175163222000.0,101307174310.34483,7.94,2047767695571.314,20.21,18.86,18.6,11.09,29.69,224.13,600.03,381.24,281.0,1.36,0.8,2.14,6.84,21,26.4,153
3037,欣興,電子工業,4.38,128735949000.0,29391769178.08219,2.15,161682133223.29193,5.5,69.32,192.2,21.2,213.4,116.6,1173.7,381.26,933.0,0.41,0.12,1.26,16.17,42,108.74,183
3038,全台,光電業,1.11,3064638000.0,2760935135.1351347,0.44,2777437723.1913896,1.01,14.56,18.49,8.32,26.81,8.4,27.08,14.71,24.1,0.61,0.35,1.12,0.92,2,1.08,1
3024,憶聲,電子工業,0.27,2320313000.0,8593751851.85185,0.04,577650877.3295038,0.07,42.74,185.13,12.65,197.78,0.89,13.84,2.99,13.15,0.23,0.07,1.05,11.95,57,1.03,5
3023,信邦,電子零組件業,13.02,31359136000.0,2408535791.09063,7.03,33147484586.88867,13.76,18.42,13.07,12.69,25.76,174.61,354.46,253.45,329.0,0.77,0.53,1.08,17.15,48,11.83,74
3008,大立光,光電業,159.41,61150341000.0,383604171.6328963,69.11,65938410098.4454,171.89,14.64,15.6,9.27,24.87,1593.42,4274.9,2517.27,3680.0,0.68,0.43,1.16,37.34,36,8.41,124
3010,華立,電子工業,8.84,77983858000.0,8821703393.66516,4.13,88543076695.93799,10.04,13.47,8.0,9.17,17.17,92.07,172.39,135.27,139.0,0.97,0.66,1.24,23.11,41,3.3,183
3011,今皓,電子工業,-2.55,786448000.0,0.0,0.0,489643716.8250918,0.0,0.0,0.0,0.0,0.0,0.0,0.0,0.0,14.8,0.0,0.0,0.0,11.28,138,35.04,75
3013,晟銘電,電子工業,4.03,10402632000.0,2581298263.027295,2.11,12836931676.183777,4.97,41.54,65.2,21.49,86.69,106.81,430.85,206.44,122.0,1.69,0.88,3.53,84.5,159,34.63,158
3014,聯陽,半導體業,9.51,6951047000.0,730919768.6645637,3.88,6902498720.411663,9.44,13.93,7.1,10.97,18.07,103.56,170.58,131.51,152.0,0.87,0.68,1.12,7.6,29,4.83,22
3015,全漢,電子工業,1.86,13156678000.0,7073482795.698924,0.71,12558581520.128727,1.78,28.38,24.77,15.96,40.73,28.41,72.5,50.52,68.9,0.73,0.41,1.05,10.41,183,0.0,0
3016,嘉晶,半導體業,0.07,3837008000.0,54814399999.99999,0.03,4655994944.884978,0.08,1039.61,7230.54,29.46,7260.0,2.36,580.8,83.17,108.0,0.77,0.02,5.38,17.73,30,95.56,144
3017,奇鋐,電子工業,49.17,132329140000.0,2691257677.4455967,29.21,266237647505.64954,98.93,35.85,44.05,16.15,60.2,1597.72,5955.59,3546.35,2600.0,1.36,0.61,2.29,11.68,23,129.29,158
3018,隆銘綠能,其他電子業,-2.14,562789000.0,0.0,0.0,209332916.67974007,0.0,0.0,0.0,0.0,0.0,0.0,0.0,0.0,11.75,0.0,0.0,0.0,116.93,163,0.7,5
3019,亞光,光電業,6.6,26484102000.0,4012742727.2727275,3.35,29920651296.331898,7.46,24.09,20.25,18.26,38.51,136.22,287.28,179.69,152.5,1.18,0.89,1.88,95.39,112,24.28,95
3021,鴻名,電子工業,0.32,3240411000.0,10126284375.0,0.13,3634648759.6492834,0.36,45.99,103.19,14.46,117.65,5.21,42.35,16.56,32.4,0.51,0.16,1.31,58.61,142,14.94,74
3022,威強電,電子工業,4.62,6419504000.0,1389503030.3030303,2.07,6171667677.556449,4.44,11.82,14.29,7.72,22.01,34.28,97.72,52.49,77.4,0.68,0.44,1.26,13.66,43,0.0,0
3041,揚智,半導體業,-3.45,1243147000.0,0.0,0.0,1714847625.891496,0.0,0.0,0.0,0.0,0.0,0.0,0.0,0.0,24.65,0.0,0.0,0.0,46.62,183,23.45,106
3058,立德,電子零組件業,-1.44,3179968000.0,0.0,0.0,3043723758.146622,0.0,0.0,0.0,0.0,0.0,0.0,0.0,0.0,9.91,0.0,0.0,0.0,5.34,12,40.82,75
3059,華晶科,光電業,1.24,8728393000.0,7039026612.903226,0.49,9313553146.247124,1.32,34.12,29.43,25.35,54.78,33.46,72.31,45.04,48.9,0.92,0.68,1.48,1.89,33,58.49,95
3060,銘異,電子工業,-0.4,3807613000.0,0.0,0.0,4084658177.1642017,0.0,44.93,31.18,34.04,65.22,0.0,0.0,0.0,30.8,0.0,0.0,0.0,6.84,30,31.81,160
3062,建漢,通信網路業,0.7,4240911000.0,6058444285.714286,0.3,4776733846.835701,0.79,345.18,2940.32,9.68,2950.0,7.65,2330.5,272.69,28.55,9.55,0.27,81.63,59.72,155,28.38,147
3064,泰偉,文化創意業,-3.52,82696000.0,0.0,0.0,78252804.90729123,0.0,364.26,1170.0,120.0,1290.0,0.0,0.0,0.0,18.6,0.0,0.0,0.0,37.05,20,11.26,40
3066,李洲,光電業,-1.39,241414000.0,0.0,0.0,304897365.0264863,0.0,43.23,331.06,11.08,342.14,0.0,0.0,0.0,21.6,0.0,0.0,0.0,61.03,138,18.47,70
3071,協禧,電腦及週邊設備業,0.57,2306306000.0,4046150877.1929827,0.3,2930288623.9064455,0.72,33.91,38.81,19.79,58.6,14.25,42.19,24.42,33.75,0.72,0.42,1.25,6.26,30,45.89,88
3040,遠見,其他,0.32,132227000.0,413209375.0,0.14,138414980.9151235,0.33,72.25,143.33,29.25,172.58,9.65,56.95,23.84,38.4,0.62,0.25,1.48,41.5,180,66.15,96
3081,聯亞,通信網路業,4.66,2061242000.0,442326609.44206005,4.38,4373278481.920474,9.89,459.97,1193.76,146.24,1340.0,1446.31,13252.6,4549.07,2655.0,1.71,0.54,4.99,178.39,131,115.71,183
3083,網龍,文化創意業,0.43,380390000.0,884627906.9767442,0.18,492423677.29634935,0.56,620.73,3722.22,37.78,3760.0,21.16,2105.6,347.61,28.5,12.2,0.74,73.88,10.73,23,0.0,0
3086,華義*,文化創意業,-0.64,156507000.0,0.0,0.0,136795152.21284217,0.0,340.24,1105.27,61.4,1166.67,0.0,0.0,0.0,36.8,0.0,0.0,0.0,100.69,110,71.05,173
3088,艾訊,電腦及週邊設備業,4.68,6889683000.0,1472154487.1794872,2.55,9199426913.109995,6.25,15.93,14.08,11.45,25.53,71.56,159.56,99.57,138.5,0.72,0.52,1.15,3.77,169,2.97,7
3090,日電貿,電子工業,5.47,15451185000.0,2824713893.9670935,3.23,18855932936.855633,6.68,18.24,36.84,12.43,49.27,83.03,329.12,121.86,221.0,0.55,0.38,1.49,13.25,182,28.1,145
3092,鴻碩,電子工業,-5.14,1651362000.0,0.0,0.0,1485619398.0448735,0.0,0.0,0.0,0.0,0.0,0.0,0.0,0.0,30.15,0.0,0.0,0.0,8.24,149,0.0,0
3093,港建*,其他電子類,1.22,2019834000.0,1655601639.3442624,0.34,1045608928.2591431,0.63,24.86,59.32,14.24,73.56,8.97,46.34,15.66,64.0,0.24,0.14,0.72,13.77,20,4.83,68
3094,聯傑,半導體業,0.26,192361000.0,739850000.0,0.14,187308295.84076977,0.25,139.17,170.99,61.09,232.08,15.27,58.02,34.79,31.85,1.09,0.48,1.82,28.27,35,10.52,106
3057,喬鼎,電腦及週邊設備業,-0.95,620855000.0,0.0,0.0,644122507.7604604,0.0,0.0,0.0,0.0,0.0,0.0,0.0,0.0,21.9,0.0,0.0,0.0,17.61,29,40.25,161
3078,僑威,電子零組件業,6.07,10447611000.0,1721187973.6408565,1.64,6009075682.937194,3.49,12.17,9.25,8.73,17.98,30.47,62.75,42.47,57.5,0.74,0.53,1.09,1.18,2,18.61,69
3056,富華新,建材營造,1.46,7242624000.0,4960701369.863014,0.09,494761594.90836227,0.1,61.0,380.04,2.46,382.5,0.25,38.25,6.1,14.3,0.43,0.02,2.67,15.57,57,3.91,49
3042,晶技,電子工業,5.28,13362235000.0,2530726325.7575755,2.23,13795301886.663916,5.45,17.45,29.41,12.1,41.51,65.94,226.23,95.12,212.0,0.45,0.31,1.07,4.31,140,2.55,5
3043,科風,其他電子業,-2.67,899132000.0,0.0,0.0,694071779.5397179,0.0,53.46,86.99,23.21,110.2,0.0,0.0,0.0,22.35,0.0,0.0,0.0,46.22,183,8.25,76
3044,健鼎,電子工業,19.45,72704288000.0,3738009665.8097687,9.5,88592944844.81384,23.7,15.75,16.43,9.28,25.71,219.94,609.33,373.38,498.0,0.75,0.44,1.22,4.39,16,60.88,151
3045,台灣大,通信網路業,4.77,197871798000.0,41482557232.70441,2.01,204686093277.99387,4.93,24.19,6.22,21.93,28.15,108.11,138.78,119.26,116.0,1.03,0.93,1.2,10.75,110,3.95,13
3046,建碁,電子工業,4.01,7193415000.0,1793869077.3067334,2.29,8684786365.074736,4.84,13.68,10.52,9.45,19.97,45.74,96.65,66.2,60.3,1.1,0.76,1.6,5.59,89,19.19,7
3047,訊舟,通信網路業,-0.9,3860331000.0,0.0,0.0,2323198908.820819,0.0,92.65,164.72,17.78,182.5,0.0,0.0,0.0,16.15,0.0,0.0,0.0,92.74,36,16.79,84
3048,益登,電子通路業,2.01,115983074000.0,57703021890.54727,0.98,132054105975.26497,2.29,65.19,147.35,16.71,164.06,38.27,375.7,149.28,66.3,2.25,0.58,5.67,51.52,30,67.68,92
3055,蔚華科,電子通路業,-2.68,431835000.0,0.0,0.0,916282193.9355205,0.0,0.0,0.0,0.0,0.0,0.0,0.0,0.0,99.5,0.0,0.0,0.0,21.5,21,25.38,34
3052,夆典,建材營造,1.1,3378991000.0,3071809999.9999995,0.55,4015622303.205458,1.31,11.31,4.5,9.33,13.83,12.22,18.12,14.82,10.95,1.35,1.12,1.65,6.02,55,11.76,35
3051,力特,光電業,1.01,1914043000.0,1895092079.2079208,0.49,1767252925.3633616,0.93,17.29,19.03,10.87,29.9,10.11,27.81,16.08,28.5,0.56,0.35,0.98,1.06,8,0.0,0
3050,鈺德,光電業,0.04,1233506000.0,30837650000.0,0.02,1251494742.606958,0.04,72.91,342.68,19.82,362.5,0.79,14.5,2.92,13.45,0.22,0.06,1.08,28.74,33,6.32,69
3049,精金,電子工業,-0.64,1466127000.0,0.0,0.0,1082276998.8244898,0.0,0.0,0.0,0.0,0.0,0.0,0.0,0.0,15.9,0.0,0.0,0.0,53.94,124,8.67,161
OtherElectronic,其他電子類指數,Index,0.0,0.0,0.0,0.0,0.0,0.0,0.0,0.0,0.0,0.0,0.0,0.0,0.0,309.55,0.0,0.0,0.0,23.67,159,60.19,147
OilGasElectricity,油電燃氣類指數,Index,0.0,0.0,0.0,0.0,0.0,0.0,0.0,0.0,0.0,0.0,0.0,0.0,0.0,79.66,0.0,0.0,0.0,0.28,15,40.55,168
Optoelectronic,光電類指數,Index,0.0,0.0,0.0,0.0,0.0,0.0,0.0,0.0,0.0,0.0,0.0,0.0,0.0,66.19,0.0,0.0,0.0,15.87,40,11.56,124
IronSteel,鋼鐵類指數,Index,0.0,0.0,0.0,0.0,0.0,0.0,0.0,0.0,0.0,0.0,0.0,0.0,0.0,120.05,0.0,0.0,0.0,2.16,15,4.01,74
Other,其他類指數,Index,0.0,0.0,0.0,0.0,0.0,0.0,0.0,0.0,0.0,0.0,0.0,0.0,0.0,277.62,0.0,0.0,0.0,5.44,57,2.01,28
PaperPulp,造紙類指數,Index,0.0,0.0,0.0,0.0,0.0,0.0,0.0,0.0,0.0,0.0,0.0,0.0,0.0,259.7,0.0,0.0,0.0,2.18,29,4.15,176
TAIEX,加權指數,大盤,0.0,0.0,0.0,0.0,0.0,0.0,0.0,0.0,0.0,0.0,0.0,0.0,0.0,45070.94,0.0,0.0,0.0,13.52,36,30.73,151
Rubber,橡膠類指數,Index,0.0,0.0,0.0,0.0,0.0,0.0,0.0,0.0,0.0,0.0,0.0,0.0,0.0,201.63,0.0,0.0,0.0,0.0,0,0.09,1
Semiconductor,半導體類指數,Index,0.0,0.0,0.0,0.0,0.0,0.0,0.0,0.0,0.0,0.0,0.0,0.0,0.0,1521.49,0.0,0.0,0.0,22.53,36,45.84,151
ShippingTransportation,航運業類指數,Index,0.0,0.0,0.0,0.0,0.0,0.0,0.0,0.0,0.0,0.0,0.0,0.0,0.0,191.74,0.0,0.0,0.0,4.24,169,1.45,6
Textiles,紡織纖維類指數,Index,0.0,0.0,0.0,0.0,0.0,0.0,0.0,0.0,0.0,0.0,0.0,0.0,0.0,495.16,0.0,0.0,0.0,7.73,40,2.96,29
InformationService,資訊服務類指數,Index,0.0,0.0,0.0,0.0,0.0,0.0,0.0,0.0,0.0,0.0,0.0,0.0,0.0,216.7,0.0,0.0,0.0,9.92,183,5.61,126
Tourism,觀光事業類指數,Index,0.0,0.0,0.0,0.0,0.0,0.0,0.0,0.0,0.0,0.0,0.0,0.0,0.0,103.92,0.0,0.0,0.0,1.18,2,0.0,0
Plastics,塑膠類指數,Index,0.0,0.0,0.0,0.0,0.0,0.0,0.0,0.0,0.0,0.0,0.0,0.0,0.0,220.37,0.0,0.0,0.0,0.46,2,62.57,181
GlassCeramic,玻璃陶瓷類指數,Index,0.0,0.0,0.0,0.0,0.0,0.0,0.0,0.0,0.0,0.0,0.0,0.0,0.0,160.12,0.0,0.0,0.0,8.26,173,106.63,74
BuildingMaterialConstruction,建材營造類指數,Index,0.0,0.0,0.0,0.0,0.0,0.0,0.0,0.0,0.0,0.0,0.0,0.0,0.0,465.53,0.0,0.0,0.0,15.02,57,1.64,5
FinancialInsurance,金融保險類指數,Index,0.0,0.0,0.0,0.0,0.0,0.0,0.0,0.0,0.0,0.0,0.0,0.0,0.0,2930.55,0.0,0.0,0.0,11.8,37,8.43,183
ElectronicProductsDistribution,電子通路類指數,Index,0.0,0.0,0.0,0.0,0.0,0.0,0.0,0.0,0.0,0.0,0.0,0.0,0.0,409.76,0.0,0.0,0.0,4.48,40,3.61,161
ElectronicPartsComponents,電子零組件類指數,Index,0.0,0.0,0.0,0.0,0.0,0.0,0.0,0.0,0.0,0.0,0.0,0.0,0.0,952.2,0.0,0.0,0.0,11.97,36,79.07,183
Electronic,電子類指數,Index,0.0,0.0,0.0,0.0,0.0,0.0,0.0,0.0,0.0,0.0,0.0,0.0,0.0,2917.66,0.0,0.0,0.0,18.05,36,43.38,151
ElectricMachinery,電機機械類指數,Index,0.0,0.0,0.0,0.0,0.0,0.0,0.0,0.0,0.0,0.0,0.0,0.0,0.0,572.23,0.0,0.0,0.0,13.36,29,23.88,151
ElectricalCable,電器電纜類指數,Index,0.0,0.0,0.0,0.0,0.0,0.0,0.0,0.0,0.0,0.0,0.0,0.0,0.0,113.57,0.0,0.0,0.0,5.17,9,31.35,161
ComputerPeripheralEquipment,電腦及週邊設備類指數,Index,0.0,0.0,0.0,0.0,0.0,0.0,0.0,0.0,0.0,0.0,0.0,0.0,0.0,439.75,0.0,0.0,0.0,7.09,15,24.48,147
CommunicationsInternet,通信網路類指數,Index,0.0,0.0,0.0,0.0,0.0,0.0,0.0,0.0,0.0,0.0,0.0,0.0,0.0,257.33,0.0,0.0,0.0,6.45,182,12.09,152
ChemicalBiotechnologyMedicalCare,化學生技醫療類指數,Index,0.0,0.0,0.0,0.0,0.0,0.0,0.0,0.0,0.0,0.0,0.0,0.0,0.0,150.77,0.0,0.0,0.0,7.12,42,21.79,95
Chemical,化學類指數,Index,0.0,0.0,0.0,0.0,0.0,0.0,0.0,0.0,0.0,0.0,0.0,0.0,0.0,201.07,0.0,0.0,0.0,5.64,114,6.56,88
Cement,水泥類指數,Index,0.0,0.0,0.0,0.0,0.0,0.0,0.0,0.0,0.0,0.0,0.0,0.0,0.0,122.63,0.0,0.0,0.0,6.2,29,0.78,6
BiotechnologyMedicalCare,生技醫療類指數,Index,0.0,0.0,0.0,0.0,0.0,0.0,0.0,0.0,0.0,0.0,0.0,0.0,0.0,79.87,0.0,0.0,0.0,9.55,42,30.9,95
Automobile,汽車類指數,Index,0.0,0.0,0.0,0.0,0.0,0.0,0.0,0.0,0.0,0.0,0.0,0.0,0.0,301.35,0.0,0.0,0.0,2.59,15,0.0,0
TPEx,櫃買指數,大盤,0.0,0.0,0.0,0.0,0.0,0.0,0.0,0.0,0.0,0.0,0.0,0.0,0.0,431.07,0.0,0.0,0.0,8.45,36,17.08,109
Food,食品類指數,Index,0.0,0.0,0.0,0.0,0.0,0.0,0.0,0.0,0.0,0.0,0.0,0.0,0.0,1925.06,0.0,0.0,0.0,7.88,48,5.51,46
TradingConsumersGoods,貿易百貨類指數,Index,0.0,0.0,0.0,0.0,0.0,0.0,0.0,0.0,0.0,0.0,0.0,0.0,0.0,239.63,0.0,0.0,0.0,7.56,112,3.16,29
