代號,名稱,產業別,前一年_EPS,前一年營收_e,轉換數據EPS_1,本年度累積營收換算EPS,推估本年度營收,推估本年度EPS,平均前2年本益比,前2年本益比最高最低差,前2年最低本益比,前2年最高本益比,用本年度推估EPS換算股價最低值,用本年度推估EPS換算股價最高值,用本年度推估EPS換算股價平均值,今日股價,報酬,風險,加成,前兩年往後6月最高漲幅_%,前兩年往後6月達最高花費天數,前一年往後6月最高漲幅_%,前一年往後6月達最高花費天數
1902,台紙,造紙工業,0.0,0.0,0.0,0.0,0.0,0.0,0.0,0.0,0.0,0.0,0.0,0.0,0.0,0.0,0.0,0.0,0.0,0.0,0,0.0,0
3687,歐買尬,文化創意業,4.68,1807323000.0,386180128.20512825,1.73,2050753742.242516,5.31,34.64,48.56,13.34,61.9,70.84,328.69,183.93,65.2,2.82,1.09,5.04,33.16,180,8.83,174
3629,地心引力,光電業,-0.65,4873000.0,0.0,0.0,4288240000.0,0.0,0.0,0.0,0.0,0.0,0.0,0.0,0.0,16.6,0.0,0.0,0.0,26.33,12,0.0,0
5450,寶聯通,電腦及週邊設備業,0.22,2421173000.0,11005331818.181818,0.08,2449971244.535979,0.22,34.61,201.39,11.11,212.5,2.44,46.75,7.62,13.1,0.58,0.19,3.57,7.94,20,0.0,0
5481,新華,電子零組件業,-0.65,97157000.0,0.0,0.0,88046273.88475837,0.0,0.0,0.0,0.0,0.0,0.0,0.0,0.0,20.75,0.0,0.0,0.0,118.73,167,0.0,0
6238,勝麗,其他電子類,0.0,0.0,0.0,0.0,0.0,0.0,0.0,0.0,0.0,0.0,0.0,0.0,0.0,0.0,0.0,0.0,0.0,0.0,0,0.0,0
00835B,第一金科技債10+,上櫃指數股票型基金(ETF),0.0,0.0,0.0,0.0,0.0,0.0,0.0,0.0,0.0,0.0,0.0,0.0,0.0,0.0,0.0,0.0,0.0,0.0,0,0.0,0
00837B,永豐15年金融債,上櫃指數股票型基金(ETF),0.0,0.0,0.0,0.0,0.0,0.0,0.0,0.0,0.0,0.0,0.0,0.0,0.0,0.0,0.0,0.0,0.0,0.0,0,0.0,0
00798B,國泰中企A級債7+,上櫃指數股票型基金(ETF),0.0,0.0,0.0,0.0,0.0,0.0,0.0,0.0,0.0,0.0,0.0,0.0,0.0,0.0,0.0,0.0,0.0,0.0,0,0.0,0
6497,亞獅康-KY,生技醫療業,0.0,0.0,0.0,0.0,0.0,0.0,0.0,0.0,0.0,0.0,0.0,0.0,0.0,0.0,0.0,0.0,0.0,0.0,0,0.0,0
5349,先豐,電子零組件業,0.0,0.0,0.0,0.0,0.0,0.0,0.0,0.0,0.0,0.0,0.0,0.0,0.0,0.0,0.0,0.0,0.0,0.0,0,0.0,0
01009T,王道圓滿R1,受益證券,0.0,0.0,0.0,0.0,0.0,0.0,0.0,0.0,0.0,0.0,0.0,0.0,0.0,5.73,0.0,0.0,0.0,0.37,29,6.71,69
01002T,土銀國泰R1,受益證券,0.0,0.0,0.0,0.0,0.0,0.0,0.0,0.0,0.0,0.0,0.0,0.0,0.0,14.23,0.0,0.0,0.0,0.0,0,0.0,0
01003T,兆豐新光R1,受益證券,0.0,0.0,0.0,0.0,0.0,0.0,0.0,0.0,0.0,0.0,0.0,0.0,0.0,0.0,0.0,0.0,0.0,0.0,0,0.0,0
01008T,駿馬R1,受益證券,0.0,0.0,0.0,0.0,0.0,0.0,0.0,0.0,0.0,0.0,0.0,0.0,0.0,0.0,0.0,0.0,0.0,0.0,0,0.0,0
01001T,土銀富邦R1,受益證券,0.0,0.0,0.0,0.0,0.0,0.0,0.0,0.0,0.0,0.0,0.0,0.0,0.0,12.0,0.0,0.0,0.0,3.42,20,0.61,12
01007T,兆豐國泰R2,受益證券,0.0,0.0,0.0,0.0,0.0,0.0,0.0,0.0,0.0,0.0,0.0,0.0,0.0,13.26,0.0,0.0,0.0,2.1,46,0.66,5
01004T,土銀富邦R2,受益證券,0.0,0.0,0.0,0.0,0.0,0.0,0.0,0.0,0.0,0.0,0.0,0.0,0.0,10.9,0.0,0.0,0.0,0.0,0,2.49,4
01005T,三鼎,受益證券,0.0,0.0,0.0,0.0,0.0,0.0,0.0,0.0,0.0,0.0,0.0,0.0,0.0,0.0,0.0,0.0,0.0,0.0,0,0.0,0
710560,宏捷科元大9B購02,所有證券,0.0,0.0,0.0,0.0,0.0,0.0,0.0,0.0,0.0,0.0,0.0,0.0,0.0,0.0,0.0,0.0,0.0,0.0,0,0.0,0
73193P,神盾元大9B售04,所有證券,0.0,0.0,0.0,0.0,0.0,0.0,0.0,0.0,0.0,0.0,0.0,0.0,0.0,0.0,0.0,0.0,0.0,0.0,0,0.0,0
710561,威剛元大9B購02,所有證券,0.0,0.0,0.0,0.0,0.0,0.0,0.0,0.0,0.0,0.0,0.0,0.0,0.0,0.0,0.0,0.0,0.0,0.0,0,0.0,0
710533,鈊象元大9B購04,所有證券,0.0,0.0,0.0,0.0,0.0,0.0,0.0,0.0,0.0,0.0,0.0,0.0,0.0,0.0,0.0,0.0,0.0,0.0,0,0.0,0
710553,穩懋統一9B購03,所有證券,0.0,0.0,0.0,0.0,0.0,0.0,0.0,0.0,0.0,0.0,0.0,0.0,0.0,0.0,0.0,0.0,0.0,0.0,0,0.0,0
710534,鈺太元大9B購01,所有證券,0.0,0.0,0.0,0.0,0.0,0.0,0.0,0.0,0.0,0.0,0.0,0.0,0.0,0.0,0.0,0.0,0.0,0.0,0,0.0,0
710590,鈺太凱基9B購01,所有證券,0.0,0.0,0.0,0.0,0.0,0.0,0.0,0.0,0.0,0.0,0.0,0.0,0.0,0.0,0.0,0.0,0.0,0.0,0,0.0,0
710569,中美晶富邦9B購04,所有證券,0.0,0.0,0.0,0.0,0.0,0.0,0.0,0.0,0.0,0.0,0.0,0.0,0.0,0.0,0.0,0.0,0.0,66.67,32,0.0,0
711145,環球晶國票9B購02,所有證券,0.0,0.0,0.0,0.0,0.0,0.0,0.0,0.0,0.0,0.0,0.0,0.0,0.0,0.0,0.0,0.0,0.0,0.0,0,0.0,0
710575,環球晶中信9B購01,所有證券,0.0,0.0,0.0,0.0,0.0,0.0,0.0,0.0,0.0,0.0,0.0,0.0,0.0,4.24,0.0,0.0,0.0,0.0,0,0.0,0
711126,聯亞元大9B購05,所有證券,0.0,0.0,0.0,0.0,0.0,0.0,0.0,0.0,0.0,0.0,0.0,0.0,0.0,0.0,0.0,0.0,0.0,0.0,0,0.0,0
711127,頎邦元大9B購03,所有證券,0.0,0.0,0.0,0.0,0.0,0.0,0.0,0.0,0.0,0.0,0.0,0.0,0.0,0.0,0.0,0.0,0.0,0.0,0,0.0,0
711141,胡連凱基9B購01,所有證券,0.0,0.0,0.0,0.0,0.0,0.0,0.0,0.0,0.0,0.0,0.0,0.0,0.0,0.0,0.0,0.0,0.0,0.0,0,0.0,0
711131,胡連永豐9B購01,所有證券,0.0,0.0,0.0,0.0,0.0,0.0,0.0,0.0,0.0,0.0,0.0,0.0,0.0,0.0,0.0,0.0,0.0,0.0,0,0.0,0
711132,僑威永豐9B購01,所有證券,0.0,0.0,0.0,0.0,0.0,0.0,0.0,0.0,0.0,0.0,0.0,0.0,0.0,0.0,0.0,0.0,0.0,0.0,0,0.0,0
711133,寶雅永豐9B購01,所有證券,0.0,0.0,0.0,0.0,0.0,0.0,0.0,0.0,0.0,0.0,0.0,0.0,0.0,0.0,0.0,0.0,0.0,0.0,0,0.0,0
711134,中美晶群益9B購03,所有證券,0.0,0.0,0.0,0.0,0.0,0.0,0.0,0.0,0.0,0.0,0.0,0.0,0.0,0.0,0.0,0.0,0.0,0.0,0,0.0,0
711135,元太群益9B購01,所有證券,0.0,0.0,0.0,0.0,0.0,0.0,0.0,0.0,0.0,0.0,0.0,0.0,0.0,0.0,0.0,0.0,0.0,0.0,0,0.0,0
711140,旺矽凱基9B購01,所有證券,0.0,0.0,0.0,0.0,0.0,0.0,0.0,0.0,0.0,0.0,0.0,0.0,0.0,0.0,0.0,0.0,0.0,0.0,0,0.0,0
711137,胡連群益9B購01,所有證券,0.0,0.0,0.0,0.0,0.0,0.0,0.0,0.0,0.0,0.0,0.0,0.0,0.0,0.0,0.0,0.0,0.0,0.0,0,0.0,0
710566,碩禾元大9B購01,所有證券,0.0,0.0,0.0,0.0,0.0,0.0,0.0,0.0,0.0,0.0,0.0,0.0,0.0,4.64,0.0,0.0,0.0,187.04,165,0.0,0
710516,宇峻永豐9B購01,所有證券,0.0,0.0,0.0,0.0,0.0,0.0,0.0,0.0,0.0,0.0,0.0,0.0,0.0,0.0,0.0,0.0,0.0,29.9,20,0.0,0
711139,中美晶凱基9B購02,所有證券,0.0,0.0,0.0,0.0,0.0,0.0,0.0,0.0,0.0,0.0,0.0,0.0,0.0,0.0,0.0,0.0,0.0,0.0,0,0.0,0
710509,建榮凱基9B購01,所有證券,0.0,0.0,0.0,0.0,0.0,0.0,0.0,0.0,0.0,0.0,0.0,0.0,0.0,0.0,0.0,0.0,0.0,0.0,0,0.0,0
710505,泰博富邦9B購01,所有證券,0.0,0.0,0.0,0.0,0.0,0.0,0.0,0.0,0.0,0.0,0.0,0.0,0.0,0.0,0.0,0.0,0.0,5.41,1,0.0,0
710502,泰博元大9B購01,所有證券,0.0,0.0,0.0,0.0,0.0,0.0,0.0,0.0,0.0,0.0,0.0,0.0,0.0,0.0,0.0,0.0,0.0,0.0,0,0.0,0
73107P,原相國票9B售02,所有證券,0.0,0.0,0.0,0.0,0.0,0.0,0.0,0.0,0.0,0.0,0.0,0.0,0.0,0.0,0.0,0.0,0.0,0.0,0,0.0,0
708785,信驊中信9B購01,所有證券,0.0,0.0,0.0,0.0,0.0,0.0,0.0,0.0,0.0,0.0,0.0,0.0,0.0,0.0,0.0,0.0,0.0,0.0,0,0.0,0
710499,網家國泰9B購01,所有證券,0.0,0.0,0.0,0.0,0.0,0.0,0.0,0.0,0.0,0.0,0.0,0.0,0.0,0.0,0.0,0.0,0.0,0.0,0,0.0,0
710510,群聯凱基9B購03,所有證券,0.0,0.0,0.0,0.0,0.0,0.0,0.0,0.0,0.0,0.0,0.0,0.0,0.0,0.0,0.0,0.0,0.0,0.0,0,0.0,0
709994,中美晶元大9B購01,所有證券,0.0,0.0,0.0,0.0,0.0,0.0,0.0,0.0,0.0,0.0,0.0,0.0,0.0,0.0,0.0,0.0,0.0,24.75,6,0.0,0
709985,大江富邦9B購02,所有證券,0.0,0.0,0.0,0.0,0.0,0.0,0.0,0.0,0.0,0.0,0.0,0.0,0.0,0.0,0.0,0.0,0.0,0.0,0,0.0,0
709983,群聯日盛9B購01,所有證券,0.0,0.0,0.0,0.0,0.0,0.0,0.0,0.0,0.0,0.0,0.0,0.0,0.0,0.01,0.0,0.0,0.0,0.0,0,0.0,0
709403,雙美國票9B購01,所有證券,0.0,0.0,0.0,0.0,0.0,0.0,0.0,0.0,0.0,0.0,0.0,0.0,0.0,0.0,0.0,0.0,0.0,0.0,0,0.0,0
709972,旺矽元大9B購01,所有證券,0.0,0.0,0.0,0.0,0.0,0.0,0.0,0.0,0.0,0.0,0.0,0.0,0.0,0.0,0.0,0.0,0.0,3233.33,110,0.0,0
709966,金居群益9B購01,所有證券,0.0,0.0,0.0,0.0,0.0,0.0,0.0,0.0,0.0,0.0,0.0,0.0,0.0,0.0,0.0,0.0,0.0,500.0,4,0.0,0
8934,衡平,其他,0.0,0.0,0.0,0.0,0.0,0.0,0.0,0.0,0.0,0.0,0.0,0.0,0.0,0.0,0.0,0.0,0.0,0.0,0,0.0,0
5304,鼎創達,電腦及週邊設備業,0.0,0.0,0.0,0.0,0.0,0.0,0.0,0.0,0.0,0.0,0.0,0.0,0.0,0.0,0.0,0.0,0.0,0.0,0,0.0,0
00833B,第一金美債20+,上櫃指數股票型基金(ETF),0.0,0.0,0.0,0.0,0.0,0.0,0.0,0.0,0.0,0.0,0.0,0.0,0.0,0.0,0.0,0.0,0.0,0.0,0,0.0,0
00855B,富邦全球能源債,上櫃指數股票型基金(ETF),0.0,0.0,0.0,0.0,0.0,0.0,0.0,0.0,0.0,0.0,0.0,0.0,0.0,0.0,0.0,0.0,0.0,0.0,0,0.0,0
00854B,富邦全球保險債,上櫃指數股票型基金(ETF),0.0,0.0,0.0,0.0,0.0,0.0,0.0,0.0,0.0,0.0,0.0,0.0,0.0,0.0,0.0,0.0,0.0,0.0,0,0.0,0
6438,迅得,其他電子類,5.26,6375307000.0,1212035551.3307986,1.92,7484363370.466087,6.18,24.71,34.55,12.98,47.53,80.22,293.74,152.7,176.0,0.87,0.46,1.67,79.76,172,28.48,119
00873B,凱基新興債1-5,上櫃指數股票型基金(ETF),0.0,0.0,0.0,0.0,0.0,0.0,0.0,0.0,0.0,0.0,0.0,0.0,0.0,0.0,0.0,0.0,0.0,0.0,0,0.0,0
00874B,凱基BBB公司債15+,上櫃指數股票型基金(ETF),0.0,0.0,0.0,0.0,0.0,0.0,0.0,0.0,0.0,0.0,0.0,0.0,0.0,0.0,0.0,0.0,0.0,0.0,0,0.0,0
00871B,元大中國政金債,上櫃指數股票型基金(ETF),0.0,0.0,0.0,0.0,0.0,0.0,0.0,0.0,0.0,0.0,0.0,0.0,0.0,0.0,0.0,0.0,0.0,0.0,0,0.0,0
00868B,FT1-3年美公債,上櫃指數股票型基金(ETF),0.0,0.0,0.0,0.0,0.0,0.0,0.0,0.0,0.0,0.0,0.0,0.0,0.0,0.0,0.0,0.0,0.0,0.0,0,0.0,0
2614,東森,貿易百貨,2.05,5498233000.0,2682064878.048781,0.65,5273540429.334544,1.97,11.68,5.24,10.0,15.24,19.7,30.02,23.01,20.2,1.14,0.98,1.49,12.59,91,35.63,137
6165,浪凡,電子工業,4.02,3185601000.0,792438059.7014927,1.42,3453488379.150366,4.36,34.75,159.61,10.81,170.42,47.13,743.03,151.49,53.1,2.85,0.89,13.99,27.46,179,14.42,48
3450,聯鈞,其他電子業,5.01,8617529000.0,1720065668.6626747,1.67,6924150434.079002,4.03,327.26,2435.82,30.85,2466.67,124.33,9940.68,1318.86,302.0,4.37,0.41,32.92,297.94,174,43.44,153
2241,艾姆勒,電機機械,-0.7,741604000.0,0.0,0.0,1001743316.7858787,0.0,0.0,0.0,0.0,0.0,0.0,0.0,0.0,29.8,0.0,0.0,0.0,18.21,14,49.8,179
2459,敦吉,電子通路業,5.17,4840007000.0,936171566.7311412,1.81,5284265032.27697,5.64,12.2,3.17,10.34,13.51,58.32,76.2,68.8,66.7,1.03,0.87,1.14,6.68,63,9.95,35
3669,圓展,光電業,1.13,2426628000.0,2147458407.079646,0.46,3184654525.2046685,1.48,32.56,66.82,13.28,80.1,19.65,118.55,48.18,39.2,1.23,0.5,3.02,26.04,64,0.0,0
2429,銘旺科,電子零組件業,-1.41,469482000.0,0.0,0.0,521063425.3222525,0.0,0.0,0.0,0.0,0.0,0.0,0.0,0.0,52.1,0.0,0.0,0.0,135.14,62,176.56,131
8499,鼎炫-KY,其他,10.13,2741866000.0,270667917.0779862,4.79,4870954872.574246,18.0,18.48,26.27,10.48,36.75,188.64,661.5,332.63,256.5,1.3,0.74,2.58,10.53,25,122.03,118
1456,怡華,紡織纖維,3.41,862187000.0,252840762.46334308,1.26,925837375.7772133,3.66,32.51,448.14,3.86,452.0,14.13,1654.32,118.97,13.7,8.68,1.03,120.75,10.69,90,10.37,4
1453,大將,紡織纖維,0.03,1464000.0,48800000.0,0.01,1512098.5626283367,0.03,161.0,863.65,21.35,885.0,0.64,26.55,4.83,11.8,0.41,0.05,2.25,20.96,4,9.69,3
1443,立益,紡織纖維,1.14,987864000.0,866547368.4210527,0.35,891567939.4975948,1.03,23.53,26.23,14.97,41.2,15.42,42.44,24.24,21.2,1.14,0.73,2.0,10.42,111,12.17,68
8354,冠好,塑膠工業,0.13,644280000.0,4956000000.0,0.05,674913187.1066183,0.14,22.42,127.01,8.7,135.71,1.22,19.0,3.14,15.85,0.2,0.08,1.2,26.91,119,3.54,166
5604,中連貨,航運業,0.85,159165000.0,187252941.1764706,0.29,164415386.55829236,0.88,31.17,37.98,14.4,52.38,12.67,46.09,27.43,32.65,0.84,0.39,1.41,10.0,56,0.0,0
3219,倚強股份,半導體業,1.52,1628708000.0,1071518421.0526316,0.54,2666556052.941944,2.49,92.56,180.08,37.78,217.86,94.07,542.47,230.48,67.0,3.44,1.4,8.1,92.45,63,179.34,131
3685,元創精密,光電業,-1.02,1141579000.0,0.0,0.0,1682212512.572915,0.0,0.0,0.0,0.0,0.0,0.0,0.0,0.0,31.7,0.0,0.0,0.0,12.0,68,266.0,172
8489,三貝德,文化創意業,-0.76,1374206000.0,0.0,0.0,2193913401.7697067,0.0,0.0,0.0,0.0,0.0,0.0,0.0,0.0,26.35,0.0,0.0,0.0,23.99,106,44.48,41
020017,永豐富櫃200N,指數投資證券(ETN),0.0,0.0,0.0,0.0,0.0,0.0,0.0,0.0,0.0,0.0,0.0,0.0,0.0,0.0,0.0,0.0,0.0,0.0,0,0.0,0
5345,天揚,電子零組件業,-0.33,18681000.0,0.0,0.0,85391815.68036185,0.0,0.0,0.0,0.0,0.0,0.0,0.0,0.0,21.9,0.0,0.0,0.0,227.0,110,16.39,129
6506,雙邦,化學工業,1.05,1861486000.0,1772843809.5238094,0.42,2037235918.2894719,1.15,51.22,1704.81,15.19,1720.0,17.47,1978.0,58.9,17.3,3.4,1.01,114.34,25.07,144,14.48,61
6275,元山,其他電子類,2.81,4249900000.0,1512419928.8256228,0.97,4814657913.539333,3.18,14.94,11.1,10.77,21.87,34.25,69.55,47.5,52.3,0.91,0.65,1.33,9.58,26,9.55,111
3313,斐成,電子零組件業,-0.34,8779000.0,0.0,0.0,97707487.03170028,0.0,71.53,2234.78,10.22,2245.0,0.0,0.0,0.0,12.05,0.0,0.0,0.0,30.81,67,40.86,147
00839B,凱基醫療保健債,上櫃指數股票型基金(ETF),0.0,0.0,0.0,0.0,0.0,0.0,0.0,0.0,0.0,0.0,0.0,0.0,0.0,0.0,0.0,0.0,0.0,0.0,0,0.0,0
00869B,FT10-25年公司債,上櫃指數股票型基金(ETF),0.0,0.0,0.0,0.0,0.0,0.0,0.0,0.0,0.0,0.0,0.0,0.0,0.0,0.0,0.0,0.0,0.0,0.0,0,0.0,0
00832B,新光美債20+,上櫃指數股票型基金(ETF),0.0,0.0,0.0,0.0,0.0,0.0,0.0,0.0,0.0,0.0,0.0,0.0,0.0,0.0,0.0,0.0,0.0,0.0,0,0.0,0
4152,台微體,生技醫療業,0.0,0.0,0.0,0.0,0.0,0.0,0.0,0.0,0.0,0.0,0.0,0.0,0.0,0.0,0.0,0.0,0.0,0.0,0,0.0,0
00872B,凱基美債1-3,上櫃指數股票型基金(ETF),0.0,0.0,0.0,0.0,0.0,0.0,0.0,0.0,0.0,0.0,0.0,0.0,0.0,0.0,0.0,0.0,0.0,0.0,0,0.0,0
00879B,第一金美債0-1,上櫃指數股票型基金(ETF),0.0,0.0,0.0,0.0,0.0,0.0,0.0,0.0,0.0,0.0,0.0,0.0,0.0,0.0,0.0,0.0,0.0,0.0,0,0.0,0
00880B,第一金電信債15+,上櫃指數股票型基金(ETF),0.0,0.0,0.0,0.0,0.0,0.0,0.0,0.0,0.0,0.0,0.0,0.0,0.0,0.0,0.0,0.0,0.0,0.0,0,0.0,0
2928,紅馬-KY,觀光事業,0.0,0.0,0.0,0.0,0.0,0.0,0.0,0.0,0.0,0.0,0.0,0.0,0.0,0.0,0.0,0.0,0.0,0.0,0,0.0,0
3144,新揚科,電子零組件業,0.0,0.0,0.0,0.0,0.0,0.0,0.0,0.0,0.0,0.0,0.0,0.0,0.0,0.0,0.0,0.0,0.0,0.0,0,0.0,0
4803,VHQ-KY,文化創意業,0.0,0.0,0.0,0.0,0.0,0.0,0.0,0.0,0.0,0.0,0.0,0.0,0.0,0.0,0.0,0.0,0.0,0.0,0,0.0,0
020021,統一恒生科技N,指數投資證券(ETN),0.0,0.0,0.0,0.0,0.0,0.0,0.0,0.0,0.0,0.0,0.0,0.0,0.0,0.0,0.0,0.0,0.0,0.0,0,0.0,0
8406,金可-KY,生技醫療業,0.0,0.0,0.0,0.0,0.0,0.0,0.0,0.0,0.0,0.0,0.0,0.0,0.0,0.0,0.0,0.0,0.0,0.0,0,0.0,0
020009,群益A50綠碳N,指數投資證券(ETN),0.0,0.0,0.0,0.0,0.0,0.0,0.0,0.0,0.0,0.0,0.0,0.0,0.0,0.0,0.0,0.0,0.0,0.0,0,0.0,0
020003,統一漲升股利150N,指數投資證券(ETN),0.0,0.0,0.0,0.0,0.0,0.0,0.0,0.0,0.0,0.0,0.0,0.0,0.0,0.0,0.0,0.0,0.0,0.0,0,0.0,0
4429,聚紡,紡織纖維,0.0,0.0,0.0,0.0,0.0,0.0,0.0,0.0,0.0,0.0,0.0,0.0,0.0,0.0,0.0,0.0,0.0,0.0,0,0.0,0
2495,普安,其他電子業,1.12,1184814000.0,1057869642.8571428,0.46,1441147476.4111016,1.36,22.35,30.9,9.1,40.0,12.38,54.4,30.39,40.2,0.76,0.31,1.35,84.2,175,4.05,171
6431,光麗-KY,電子工業,-2.07,382162000.0,0.0,0.0,321402670.1964906,0.0,0.0,0.0,0.0,0.0,0.0,0.0,0.0,19.5,0.0,0.0,0.0,78.99,144,4.35,7
2340,台亞,光電業,-2.87,4370938000.0,0.0,0.0,4183454520.064684,0.0,303.78,517.07,54.36,571.43,0.0,0.0,0.0,38.05,0.0,0.0,0.0,13.77,64,47.13,139
00838B,永豐7-10年中國債,上櫃指數股票型基金(ETF),0.0,0.0,0.0,0.0,0.0,0.0,0.0,0.0,0.0,0.0,0.0,0.0,0.0,0.0,0.0,0.0,0.0,0.0,0,0.0,0
8080,永利聯合,電子零組件業,0.11,180322000.0,1639290909.090909,0.04,149939580.90726385,0.09,179.96,278.11,62.96,341.07,5.67,30.7,16.2,28.3,0.57,0.2,1.08,106.35,140,0.47,24
3512,皇龍,電子零組件業,2.56,1531395000.0,598201171.875,0.57,559390514.2596455,0.94,17.84,42.19,6.34,48.53,5.96,45.62,16.77,21.35,0.79,0.28,2.14,0.0,0,0.0,0
5321,美而快,電子零組件業,-0.28,2921237000.0,0.0,0.0,2268282493.0809984,0.0,625.54,2448.73,37.94,2486.67,0.0,0.0,0.0,22.9,0.0,0.0,0.0,4.78,50,0.0,0
5209,新鼎,資訊服務業,16.17,5243355000.0,324264378.47866416,4.37,4733992923.317447,14.6,12.31,6.37,9.54,15.91,139.28,232.29,179.78,163.0,1.1,0.85,1.43,1.51,6,25.45,182
00889B,凱基ESG新興債15+,上櫃指數股票型基金(ETF),0.0,0.0,0.0,0.0,0.0,0.0,0.0,0.0,0.0,0.0,0.0,0.0,0.0,0.0,0.0,0.0,0.0,0.0,0,0.0,0
5102,富強,橡膠工業,0.0,0.0,0.0,0.0,0.0,0.0,0.0,0.0,0.0,0.0,0.0,0.0,0.0,0.0,0.0,0.0,0.0,0.0,0,0.0,0
00843B,台新中國政策債,上櫃指數股票型基金(ETF),0.0,0.0,0.0,0.0,0.0,0.0,0.0,0.0,0.0,0.0,0.0,0.0,0.0,0.0,0.0,0.0,0.0,0.0,0,0.0,0
00796B,中信中國債7-10,上櫃指數股票型基金(ETF),0.0,0.0,0.0,0.0,0.0,0.0,0.0,0.0,0.0,0.0,0.0,0.0,0.0,0.0,0.0,0.0,0.0,0.0,0,0.0,0
020010,永昌富櫃200N,指數投資證券(ETN),0.0,0.0,0.0,0.0,0.0,0.0,0.0,0.0,0.0,0.0,0.0,0.0,0.0,0.0,0.0,0.0,0.0,0.0,0,0.0,0
5820,日盛金,金融業,0.0,0.0,0.0,0.0,0.0,0.0,0.0,0.0,0.0,0.0,0.0,0.0,0.0,0.0,0.0,0.0,0.0,0.0,0,0.0,0
3642,駿熠電,其他電子類,0.0,0.0,0.0,0.0,0.0,0.0,0.0,0.0,0.0,0.0,0.0,0.0,0.0,0.0,0.0,0.0,0.0,0.0,0,0.0,0
00745B,富邦中政債0-1,上櫃指數股票型基金(ETF),0.0,0.0,0.0,0.0,0.0,0.0,0.0,0.0,0.0,0.0,0.0,0.0,0.0,0.0,0.0,0.0,0.0,0.0,0,0.0,0
02003L,永豐富櫃200正2N,指數投資證券(ETN),0.0,0.0,0.0,0.0,0.0,0.0,0.0,0.0,0.0,0.0,0.0,0.0,0.0,0.0,0.0,0.0,0.0,0.0,0,0.0,0
020013,元富亞洲高股息N,指數投資證券(ETN),0.0,0.0,0.0,0.0,0.0,0.0,0.0,0.0,0.0,0.0,0.0,0.0,0.0,0.0,0.0,0.0,0.0,0.0,0,0.0,0
00747B,FH中國政策債,上櫃指數股票型基金(ETF),0.0,0.0,0.0,0.0,0.0,0.0,0.0,0.0,0.0,0.0,0.0,0.0,0.0,0.0,0.0,0.0,0.0,0.0,0,0.0,0
020014,元大富櫃200N,指數投資證券(ETN),0.0,0.0,0.0,0.0,0.0,0.0,0.0,0.0,0.0,0.0,0.0,0.0,0.0,0.0,0.0,0.0,0.0,0.0,0,0.0,0
6247,淇譽電,其他電子類,0.0,0.0,0.0,0.0,0.0,0.0,0.0,0.0,0.0,0.0,0.0,0.0,0.0,0.0,0.0,0.0,0.0,0.0,0,0.0,0
00748B,凱基中國債3-10,上櫃指數股票型基金(ETF),0.0,0.0,0.0,0.0,0.0,0.0,0.0,0.0,0.0,0.0,0.0,0.0,0.0,0.0,0.0,0.0,0.0,0.0,0,0.0,0
6869,雲豹能源-創,創新板股票,-4.2,6926950000.0,0.0,0.0,12596598043.633162,0.0,32.88,84.41,10.17,94.58,0.0,0.0,0.0,84.0,0.0,0.0,0.0,118.54,81,8.59,17
6873,泓德能源-創,創新板股票,3.67,9040441000.0,2463335422.343324,1.24,8240995297.672264,3.35,22.49,28.15,11.11,39.26,37.22,131.52,75.33,89.2,0.84,0.42,1.47,59.73,81,27.91,47
6594,展匯科,半導體業,0.0,0.0,0.0,0.0,0.0,0.0,0.0,0.0,0.0,0.0,0.0,0.0,0.0,0.0,0.0,0.0,0.0,0.0,0,0.0,0
2432,倚天,通信網路業,1.9,3191297000.0,1679630000.0,0.81,4007362809.4172497,2.39,16.46,8.71,12.92,21.63,30.88,51.7,39.34,27.65,1.42,1.12,1.87,4.56,5,1.14,17
00765B,群益中國政金債,上櫃指數股票型基金(ETF),0.0,0.0,0.0,0.0,0.0,0.0,0.0,0.0,0.0,0.0,0.0,0.0,0.0,0.0,0.0,0.0,0.0,0.0,0,0.0,0
1258,其祥-KY,食品工業,0.0,0.0,0.0,0.0,0.0,0.0,0.0,0.0,0.0,0.0,0.0,0.0,0.0,0.0,0.0,0.0,0.0,0.0,0,0.0,0
6728,上洋,貿易百貨,9.77,4548540000.0,465561924.2579325,3.46,5455919743.380227,11.72,12.72,5.81,10.53,16.34,123.41,191.5,149.1,116.5,1.28,1.06,1.64,2.51,8,17.76,59
2743,山富,觀光事業,4.72,6629870000.0,1404633474.5762713,1.64,7143039145.589386,5.09,14.6,15.54,9.09,24.63,46.27,125.37,74.3,71.2,1.04,0.65,1.76,10.9,15,50.77,21
2745,五福,觀光事業,10.01,8661695000.0,865304195.8041959,3.67,10094991425.525751,11.67,11.34,9.24,8.04,17.28,93.83,201.66,132.37,102.5,1.29,0.92,1.97,5.95,15,49.27,61
1268,漢來美食,觀光事業,10.12,6246514000.0,617244466.4031621,4.12,6877670105.863879,11.14,16.44,9.29,12.13,21.42,135.13,238.62,183.14,155.0,1.18,0.87,1.54,9.55,61,11.19,131
2754,亞洲藏壽司,觀光事業,2.36,5729128000.0,2427596610.169492,0.8,6129660018.847157,2.52,40.19,69.9,20.64,90.54,52.01,228.16,101.27,68.8,1.47,0.76,3.32,8.96,64,28.68,137
2753,八方雲集,觀光事業,12.85,8764223000.0,682040700.3891051,4.45,9101500471.39897,13.34,17.99,8.05,13.82,21.87,184.36,291.75,240.03,177.5,1.35,1.04,1.64,4.11,6,8.95,151
2752,豆府,觀光事業,15.04,4051634000.0,269390558.5106383,5.43,4398319768.45975,16.33,15.35,8.16,12.33,20.49,201.35,334.6,250.7,185.5,1.35,1.09,1.8,2.21,25,2.52,12
5278,尚凡,電子商務業,1.05,2602370000.0,2478447619.047619,0.35,3024126822.3791995,1.22,43.37,412.05,17.28,429.33,21.08,523.78,52.91,23.65,2.24,0.89,22.15,24.69,173,57.02,95
2734,易飛網,觀光事業,-1.41,1626979000.0,0.0,0.0,2157226617.319331,0.0,38.55,63.99,14.87,78.86,0.0,0.0,0.0,16.45,0.0,0.0,0.0,0.0,0,43.75,14
6741,91APP*-KY,電子商務業,4.41,1766188000.0,400496145.1247165,1.85,2292215761.086697,5.72,20.79,14.96,13.52,28.48,77.33,162.91,118.91,65.5,1.82,1.18,2.49,12.98,62,4.86,101
2739,寒舍,觀光事業,2.36,5167860000.0,2189771186.440678,0.9,5236827918.357868,2.39,16.56,43.63,6.31,49.94,15.08,119.36,39.59,34.5,1.15,0.44,3.46,6.01,4,1.76,24
1259,安心,觀光事業,2.45,6045389000.0,2467505714.285714,0.82,6263400883.0374565,2.54,37.31,61.2,13.33,74.53,33.86,189.31,94.77,57.6,1.65,0.59,3.29,1.08,12,6.27,164
2748,雲品,觀光事業,2.17,2448032000.0,1128125345.62212,0.91,2481170233.132201,2.2,19.39,14.49,13.61,28.1,29.94,61.82,42.67,39.65,1.08,0.76,1.56,1.59,14,4.55,14
8044,網家,電子商務業,-4.62,36819770000.0,0.0,0.0,38847933928.56328,0.0,0.0,0.0,0.0,0.0,0.0,0.0,0.0,22.65,0.0,0.0,0.0,45.58,181,2.64,19
2736,富野,觀光事業,-1.74,520517000.0,0.0,0.0,560628058.8030868,0.0,0.0,0.0,0.0,0.0,0.0,0.0,0.0,12.85,0.0,0.0,0.0,0.0,0,11.31,4
8477,創業家,電子商務業,-0.92,442180000.0,0.0,0.0,248589018.483771,0.0,0.0,0.0,0.0,0.0,0.0,0.0,0.0,13.55,0.0,0.0,0.0,17.07,69,12.96,5
2731,雄獅,觀光事業,17.49,29836786000.0,1705934019.4396799,6.08,33648828128.04608,19.72,10.57,8.9,6.99,15.89,137.84,313.35,208.47,159.0,1.31,0.87,1.97,9.03,14,24.46,41
8462,柏文,觀光事業,8.49,5966497000.0,702767608.9517078,3.1,7193992558.250286,10.24,30.53,66.31,16.31,82.62,167.01,846.03,312.68,149.0,2.1,1.12,5.68,22.84,130,22.38,119
2701,萬企,觀光事業,0.56,260225000.0,464687499.99999994,0.19,272922565.682679,0.59,21.83,6.92,18.93,25.85,11.17,15.25,12.88,10.6,1.22,1.05,1.44,5.79,27,5.22,24
2702,華園,觀光事業,-0.35,1403236000.0,0.0,0.0,1436273844.6947799,0.0,46.19,103.23,23.33,126.56,0.0,0.0,0.0,15.3,0.0,0.0,0.0,0.49,14,4.44,6
5364,力麗店,觀光事業,-0.77,337668000.0,0.0,0.0,234896470.25848645,0.0,0.0,0.0,0.0,0.0,0.0,0.0,0.0,9.99,0.0,0.0,0.0,162.84,119,5.87,4
2704,國賓,觀光事業,0.57,1361054000.0,2387814035.0877194,0.21,1358313015.718587,0.57,44.49,105.77,12.12,117.89,6.91,67.2,25.36,41.7,0.61,0.17,1.61,16.97,7,4.91,17
2705,六福,觀光事業,0.87,2277851000.0,2618219540.229885,0.28,2239282992.6790333,0.86,75.11,122.32,18.51,140.83,15.92,121.11,64.59,16.65,3.88,0.96,7.27,2.3,1,8.19,25
8077,洛碁,觀光事業,6.03,1080743000.0,179227694.85903814,2.2,1104720681.1106381,6.16,10.43,25.34,6.87,32.21,42.32,198.41,64.28,0.0,0.0,0.0,0.0,4.0,4,24.05,25
2706,第一店,觀光事業,0.64,376284000.0,587943750.0,0.21,381473435.8838351,0.65,22.71,9.71,18.85,28.56,12.25,18.56,14.76,12.4,1.19,0.99,1.5,8.36,26,5.58,24
2707,晶華,觀光事業,11.42,6817181000.0,596951050.7880911,4.41,7105910856.950095,11.9,18.15,7.22,14.74,21.96,175.41,261.32,215.97,168.5,1.28,1.04,1.55,7.37,14,2.52,131
2712,遠雄來,觀光事業,-0.39,533043000.0,0.0,0.0,541684840.4578048,0.0,116.71,65.31,65.32,130.63,0.0,0.0,0.0,17.85,0.0,0.0,0.0,0.0,0,19.53,61
2718,晶悅,觀光事業,16.94,2992167000.0,176633234.9468713,1.01,19781880078.789894,111.99,8.99,47.15,1.24,48.39,138.87,5419.2,1007.28,43.7,23.05,3.18,124.01,11.02,4,25.54,104
8066,來思達,貿易百貨,-3.49,4567654000.0,0.0,0.0,3529263850.4309053,0.0,538.88,1416.11,28.89,1445.0,0.0,0.0,0.0,17.85,0.0,0.0,0.0,6.83,36,2.22,3
8472,夠麻吉,電子商務業,-1.3,487533000.0,0.0,0.0,718438119.4307264,0.0,0.0,0.0,0.0,0.0,0.0,0.0,0.0,67.5,0.0,0.0,0.0,11.5,5,291.54,111
2719,燦星旅,觀光事業,-0.15,1982797000.0,0.0,0.0,1705554136.0945733,0.0,25.73,37.02,11.59,48.61,0.0,0.0,0.0,27.0,0.0,0.0,0.0,0.0,0,47.89,14
2722,夏都,觀光事業,-0.49,571971000.0,0.0,0.0,555710376.6580254,0.0,367.19,1669.86,55.14,1725.0,0.0,0.0,0.0,23.3,0.0,0.0,0.0,6.12,27,9.79,4
8433,弘帆,貿易百貨,3.18,3398355000.0,1068665094.3396226,1.18,3862220035.3904305,3.61,11.26,13.76,6.27,20.03,22.63,72.31,40.66,54.9,0.74,0.41,1.32,1.98,12,0.0,0
2723,美食-KY,觀光事業,-2.47,18376224000.0,0.0,0.0,15404750530.22051,0.0,28.95,29.44,17.23,46.67,0.0,0.0,0.0,63.5,0.0,0.0,0.0,3.04,158,2.48,17
5301,寶得利,觀光事業,-1.36,238825000.0,0.0,0.0,238231584.5325603,0.0,0.0,0.0,0.0,0.0,0.0,0.0,0.0,0.0,0.0,0.0,0.0,3.03,4,30.67,179
2724,富驛-KY,觀光事業,-0.21,159698000.0,0.0,0.0,163229470.15787446,0.0,9.05,9.78,4.97,14.75,0.0,0.0,0.0,15.8,0.0,0.0,0.0,2.19,91,3.37,10
2756,聯發國際,觀光事業,3.93,1122844000.0,285710941.475827,1.45,1781225139.607837,6.23,31.91,42.77,16.22,58.99,101.05,367.51,198.77,68.1,2.92,1.48,5.4,42.69,67,28.64,77
2726,雅茗-KY,觀光事業,-3.56,570200000.0,0.0,0.0,526422194.80678314,0.0,50.39,152.32,4.2,156.52,0.0,0.0,0.0,10.7,0.0,0.0,0.0,51.26,15,13.43,6
2755,揚秦,觀光事業,7.02,2990934000.0,426058974.3589744,2.61,3634351237.1462574,8.53,20.63,8.62,16.79,25.41,143.22,216.75,175.96,135.0,1.3,1.06,1.61,1.94,55,36.14,111
2727,王品,觀光事業,16.01,23220546000.0,1450377638.97564,5.92,25290706613.857952,17.44,14.42,3.94,11.8,15.74,205.79,274.51,251.52,226.5,1.11,0.91,1.21,2.29,1,14.29,25
5287,數字,電子商務業,13.94,2316918000.0,166206456.24103302,4.49,2337279102.097766,14.06,14.34,5.62,11.09,16.71,155.93,234.94,201.63,154.5,1.31,1.01,1.52,0.74,4,3.41,117
3252,海灣,觀光事業,0.13,496920000.0,3822461538.4615383,0.05,524272757.26146877,0.14,340.45,2111.92,148.08,2260.0,20.73,316.4,47.66,19.25,2.48,1.08,16.44,0.67,4,3.31,131
2729,瓦城,觀光事業,7.16,6114633000.0,853999022.3463687,2.52,6247155090.534423,7.32,22.18,7.03,18.71,25.74,136.96,188.42,162.34,165.5,0.98,0.83,1.14,2.74,74,8.1,47
2732,六角,觀光事業,1.08,4231906000.0,3918431481.481481,0.45,5800374380.031907,1.48,34.98,70.48,15.43,85.91,22.84,127.15,51.77,65.4,0.79,0.35,1.94,0.0,0,0.0,0
5701,劍湖山,觀光事業,-0.26,534902000.0,0.0,0.0,517507751.05747175,0.0,0.0,0.0,0.0,0.0,0.0,0.0,0.0,3.41,0.0,0.0,0.0,0.63,5,1.49,6
5703,亞都,觀光事業,0.53,448515000.0,846254716.981132,0.23,498356305.4705652,0.59,57.95,76.67,25.09,101.76,14.8,60.04,34.19,0.0,0.0,0.0,0.0,0.0,0,7.41,4
2740,天蔥,觀光事業,-3.19,142213000.0,0.0,0.0,52297885.475719616,0.0,0.0,0.0,0.0,0.0,0.0,0.0,0.0,41.15,0.0,0.0,0.0,2.93,42,22.33,25
8940,新天地,觀光事業,0.55,1601200000.0,2911272727.272727,0.27,1623082582.1331306,0.56,62.62,203.79,11.21,215.0,6.28,120.4,35.07,17.5,2.0,0.36,6.88,3.99,4,0.87,3
2947,振宇五金,貿易百貨,3.29,2297483000.0,698323100.3039514,1.13,2406318988.9682026,3.45,26.35,15.42,22.25,37.67,76.76,129.96,90.89,78.1,1.16,0.98,1.66,9.82,67,22.64,60
3085,新零售,電子商務業,-0.56,56566000.0,0.0,0.0,47884939.92815695,0.0,0.0,0.0,0.0,0.0,0.0,0.0,0.0,11.55,0.0,0.0,0.0,49.18,160,26.01,53
4804,大略-KY,觀光事業,-1.51,130783000.0,0.0,0.0,136230599.8654662,0.0,0.0,0.0,0.0,0.0,0.0,0.0,0.0,3.27,0.0,0.0,0.0,67.4,78,166.5,104
2916,滿心,貿易百貨,3.96,1986414000.0,501619696.969697,1.43,1919869808.440768,3.83,12.07,5.56,9.6,15.16,36.77,58.06,46.22,45.4,1.02,0.81,1.28,5.6,28,4.75,24
6763,綠界科技,電子商務業,4.21,1725309000.0,409812114.01425177,1.54,1950175495.0949073,4.76,31.2,228.55,10.96,239.51,52.17,1140.07,148.49,47.9,3.1,1.09,23.8,26.14,18,19.75,61
9943,好樂迪,觀光事業,5.4,2431559000.0,450288703.7037037,1.87,2225267783.1459327,4.94,16.4,7.16,13.44,20.6,66.39,101.76,81.01,55.4,1.46,1.2,1.84,1.89,7,2.86,60
2937,集雅社,貿易百貨,4.15,5120538000.0,1233864578.313253,1.51,5506190685.758862,4.46,11.53,4.64,9.28,13.92,41.39,62.08,51.44,43.75,1.18,0.95,1.42,4.7,174,7.95,4
8941,關中,貿易百貨,1.16,3009319000.0,2594240517.2413793,0.38,3052332922.2659826,1.18,18.01,31.86,7.97,39.83,9.4,47.0,21.25,44.2,0.48,0.21,1.06,0.38,57,12.08,17
3522,御頂,觀光事業,-2.66,1143962000.0,0.0,0.0,1285721320.1675482,0.0,0.0,0.0,0.0,0.0,0.0,0.0,0.0,12.6,0.0,0.0,0.0,77.84,117,0.0,0
5905,南仁湖,貿易百貨,-0.63,1067250000.0,0.0,0.0,2516023492.9418483,0.0,0.0,0.0,0.0,0.0,0.0,0.0,0.0,7.95,0.0,0.0,0.0,102.86,118,2.53,4
5904,寶雅,貿易百貨,29.63,25264824000.0,852677151.5356058,10.97,27803666868.31511,32.61,18.18,7.99,14.28,22.27,465.67,726.22,592.84,575.0,1.03,0.81,1.26,12.06,40,8.84,40
5903,全家,貿易百貨,7.6,109171999000.0,14364736710.526316,2.61,119883004651.8408,8.35,18.48,15.53,10.96,26.49,91.52,221.19,154.3,189.5,0.81,0.48,1.17,3.41,25,0.96,4
3171,新洲,貿易百貨,4.3,1843259000.0,428664883.7209303,1.89,3149707165.572592,7.35,13.88,9.64,10.41,20.05,76.51,147.37,102.01,69.1,1.48,1.11,2.13,36.26,158,46.65,130
6195,詩肯,貿易百貨,0.99,2207685000.0,2229984848.4848485,0.42,2511761341.018279,1.13,20.95,12.59,15.45,28.04,17.46,31.69,23.67,23.7,1.0,0.74,1.34,2.74,34,4.9,12
5704,老爺知,觀光事業,0.39,310605000.0,796423076.9230769,0.18,438688936.06319714,0.55,27.96,70.54,12.02,82.56,6.61,45.41,15.38,21.7,0.71,0.3,2.09,1.41,1,12.55,126
5902,德記,貿易百貨,2.24,2297474000.0,1025658035.7142856,0.66,2048432125.4989567,2.0,20.01,6.34,16.67,23.01,33.34,46.02,40.03,37.75,1.06,0.88,1.22,29.48,102,10.59,10
9960,邁達康,貿易百貨,1.75,672255000.0,384145714.28571427,0.68,705846935.2984746,1.84,12.69,9.48,10.12,19.6,18.62,36.06,23.34,34.3,0.68,0.54,1.05,5.55,91,1.8,14
5706,鳳凰,觀光事業,3.41,3142660000.0,921601173.0205278,0.93,3100011928.8061676,3.36,17.03,20.58,12.21,32.79,41.03,110.17,57.23,50.9,1.12,0.81,2.16,2.13,14,8.08,21
2924,宏太-KY,貿易百貨,-1.17,59042000.0,0.0,0.0,124765013.61552028,0.0,0.0,0.0,0.0,0.0,0.0,0.0,0.0,0.0,0.0,0.0,0.0,0.0,0,0.0,0
9924,福興,其他,3.17,7457017000.0,2352371293.3753943,0.87,6346144498.26831,2.7,11.31,8.7,8.57,17.27,23.14,46.63,30.55,43.95,0.7,0.53,1.06,11.43,5,11.18,173
2424,隴華,電腦及週邊設備業,-1.34,212664000.0,0.0,0.0,119350004.34135751,0.0,0.0,0.0,0.0,0.0,0.0,0.0,0.0,21.6,0.0,0.0,0.0,196.3,166,18.17,17
6807,峰源-KY,其他,4.69,4368245000.0,931395522.3880596,1.26,3151904262.489313,3.38,8.93,8.12,5.37,13.49,18.15,45.6,30.2,36.9,0.82,0.49,1.24,77.58,165,18.17,18
1736,喬山,化學生技醫療,9.07,53154689000.0,5860494928.335171,3.5,59929016726.095245,10.23,24.68,39.05,12.25,51.3,125.32,524.8,252.52,122.0,2.07,1.03,4.3,89.92,158,4.57,153
8473,山林水,其他,2.55,4934180000.0,1934972549.019608,0.97,5918954275.389148,3.06,30.6,167.72,14.08,181.8,43.08,556.31,93.63,35.9,2.61,1.2,15.5,25.19,78,37.58,171
9921,巨大,其他,1.84,60780700000.0,33032989130.43478,0.49,46724985182.07384,1.41,67.27,266.08,22.08,288.16,31.13,406.31,94.85,67.4,1.41,0.46,6.03,12.96,111,4.71,11
9914,美利達,其他,4.01,26935538000.0,6717091770.573566,1.06,20383498088.805656,3.03,36.31,34.73,14.11,48.84,42.75,147.99,110.03,57.9,1.9,0.74,2.56,8.86,91,0.75,12
9911,櫻花,其他,6.26,10160374000.0,1623062939.2971246,2.37,10910495525.45081,6.72,14.53,6.18,13.11,19.29,88.1,129.63,97.62,83.2,1.17,1.06,1.56,7.99,90,1.37,4
9910,豐泰,其他,5.1,83553386000.0,16383016862.7451,1.58,78894249218.84154,4.82,22.53,19.38,13.75,33.13,66.28,159.69,108.59,70.1,1.55,0.95,2.28,4.05,1,21.08,160
1598,岱宇,化學生技醫療,-3.35,6329286000.0,0.0,0.0,5339358894.185466,0.0,104.33,177.89,44.11,222.0,0.0,0.0,0.0,20.8,0.0,0.0,0.0,6.9,14,5.83,47
2062,橋椿,其他,0.38,6372187000.0,16768913157.894737,0.13,6435454454.793515,0.38,18.73,50.18,8.03,58.21,3.05,22.12,7.12,20.85,0.34,0.15,1.06,39.5,144,0.0,0
6689,伊雲谷,其他電子業,2.3,12667665000.0,5507680434.782609,0.73,11547764842.609735,2.1,36.69,16.93,29.39,46.32,61.72,97.27,77.06,68.6,1.12,0.9,1.42,20.19,75,2.01,12
8467,波力-KY,其他,10.04,2544953000.0,253481374.50199205,2.75,2084698309.89963,8.22,18.74,24.06,10.73,34.79,88.2,285.97,154.01,146.5,1.05,0.6,1.95,57.75,146,18.56,130
9802,鈺齊-KY,其他,6.05,17333351000.0,2865016694.214876,1.89,17232564777.2808,6.01,18.05,21.72,12.24,33.96,73.56,204.1,108.49,77.5,1.4,0.95,2.63,9.09,40,17.29,62
5306,桂盟,其他,7.66,4729350000.0,617408616.1879896,2.71,4672648699.034517,7.57,16.74,19.75,9.58,29.33,72.52,222.03,126.75,80.8,1.57,0.9,2.75,11.42,124,11.63,10
6806,森崴能源,其他,-57.89,27598134000.0,0.0,0.0,11849906099.48016,0.0,34.62,41.61,18.13,59.74,0.0,0.0,0.0,22.65,0.0,0.0,0.0,37.83,71,7.22,18
3130,一零四,資訊服務業,14.7,2657992000.0,180815782.3129252,4.79,2798277749.4781,15.48,15.89,3.47,14.57,18.04,225.54,279.26,245.93,221.0,1.11,1.02,1.26,5.42,7,5.25,13
8454,富邦媒,貿易百貨,11.58,109217017000.0,9431521329.879103,3.79,108121037004.56007,11.46,22.49,14.42,14.86,29.28,170.3,335.55,257.74,170.5,1.51,1.0,1.97,0.57,33,0.0,0
2442,新美齊,電腦及週邊設備業,5.25,1316248000.0,250713904.76190478,52.15,18801250318.402916,74.99,19.84,32.17,3.54,35.71,265.46,2677.89,1487.5,18.25,81.51,14.55,146.73,19.07,91,20.0,125
8438,昶昕,其他,2.1,3770840000.0,1795638095.238095,0.86,4968966604.939063,2.77,21.36,34.56,11.38,45.94,31.52,127.25,59.17,88.3,0.67,0.36,1.44,55.91,113,11.89,14
8464,億豐,其他,22.53,30041892000.0,1333417310.252996,7.44,29920448882.770596,22.44,18.47,11.78,12.5,24.28,280.5,544.84,414.56,351.0,1.18,0.8,1.55,39.3,169,26.94,104
8341,日友,其他,4.48,4002425000.0,893398437.4999999,1.6,4410509299.634896,4.94,23.11,24.73,15.58,40.31,76.97,199.13,114.14,74.7,1.53,1.03,2.67,1.46,68,7.66,173
3557,嘉威,其他,0.13,4367859000.0,33598915384.615383,0.06,3285370092.7904315,0.1,248.71,3173.47,6.53,3180.0,0.65,318.0,24.87,30.35,0.82,0.02,10.48,2.17,33,8.42,11
9904,寶成,其他,4.1,253268990000.0,61772924390.243904,1.35,236793957595.08185,3.83,7.26,5.7,4.94,10.64,18.92,40.75,27.79,25.75,1.08,0.73,1.58,7.89,14,7.52,61
9930,中聯資源,其他,4.96,14021406000.0,2826896370.967742,1.6,13414208608.587894,4.75,15.32,5.94,13.53,19.47,64.27,92.48,72.78,69.8,1.04,0.92,1.32,11.09,91,11.52,20
1472,三洋實業,紡織纖維,6.4,3601026000.0,562660312.5,2.2,3738409017.119945,6.64,20.03,24.51,12.44,36.95,82.6,245.35,132.98,89.3,1.49,0.92,2.75,0.0,0,7.0,14
3054,立萬利,半導體業,1.96,126498000.0,64539795.91836735,2.25,648450467.1217855,10.05,45.12,334.91,19.26,354.17,193.56,3559.41,453.47,66.0,6.87,2.93,53.93,9.88,119,0.8,105
4536,拓凱,其他,14.92,9439769000.0,632692292.2252011,4.74,8525204899.770667,13.47,11.16,7.25,7.74,14.99,104.26,201.92,150.39,149.5,1.01,0.7,1.35,18.46,181,10.9,39
9955,佳龍,其他,0.54,1409673000.0,2610505555.5555553,0.25,2434592862.117972,0.93,58.65,12.68,53.43,66.11,49.69,61.48,54.54,28.9,1.89,1.72,2.13,18.68,111,2.38,4
8482,商億-KY,其他,2.3,3480536000.0,1513276521.7391305,0.82,3456962097.054859,2.28,19.49,29.72,12.23,41.95,27.88,95.65,44.45,49.45,0.9,0.56,1.93,13.32,148,0.0,0
6670,復盛應用,其他,22.49,29763472000.0,1323409159.6265008,8.89,29959066537.512184,22.64,12.16,7.22,9.08,16.3,205.57,369.03,275.28,251.0,1.1,0.82,1.47,19.89,11,7.33,20
1439,雋揚,紡織纖維,3.21,548585000.0,170898753.894081,2.05,1313729443.25555,7.69,15.07,13.89,8.21,22.1,63.13,169.95,115.92,26.55,4.37,2.38,6.4,17.63,120,2.25,21
8422,可寧衛,其他,1.3,4921714000.0,3785933846.153846,0.39,3705818989.295813,0.98,19.61,23.77,13.84,37.61,13.56,36.86,19.22,27.75,0.69,0.49,1.33,0.52,4,34.7,173
6768,志強-KY,其他,6.78,20464647000.0,3018384513.2743363,2.22,18424749143.651512,6.1,16.33,20.27,10.95,31.22,66.79,190.44,99.62,78.1,1.28,0.86,2.44,50.35,183,10.27,159
9935,慶豐富,其他,1.64,4981019000.0,3037206707.3170733,0.53,4918037636.37808,1.62,14.62,35.62,8.55,44.17,13.85,71.56,23.68,18.25,1.3,0.76,3.92,37.4,176,3.43,21
1432,大魯閣,貿易百貨,6.03,1324663000.0,219678772.8026534,1.41,912173323.2832348,4.15,45.25,82.69,2.74,85.43,11.37,354.53,187.8,16.85,11.15,0.67,21.04,6.79,158,11.18,17
6671,三能-KY,其他,2.38,1985487000.0,834238235.2941177,0.7,1809236752.600608,2.17,14.1,4.66,11.13,15.79,24.15,34.26,30.59,29.5,1.04,0.82,1.16,11.89,76,0.24,76
6754,匯僑設計,其他,3.4,3632574000.0,1068404117.6470588,0.82,2905906365.5730057,2.72,11.76,7.28,8.48,15.76,23.07,42.87,31.99,46.0,0.7,0.5,0.93,41.05,109,7.99,26
3708,上緯投控,化學工業,35.56,6151654000.0,172993644.54443192,1.43,598350459.5063652,3.46,44.72,106.98,3.02,110.0,10.45,380.6,154.74,116.5,1.33,0.09,3.27,4.64,4,93.61,112
8478,東哥遊艇,其他,13.25,4888412000.0,368936754.7169811,4.9,9000170361.360538,24.39,23.29,49.18,9.28,58.46,226.34,1425.84,567.96,168.5,3.37,1.34,8.46,6.95,61,63.76,63
6581,鋼聯,其他,6.17,2095016000.0,339548784.4408428,2.09,2281995187.4905825,6.72,16.85,10.63,12.45,23.08,83.66,155.1,113.21,107.5,1.05,0.78,1.44,23.75,180,7.66,159
6641,基士德-KY,其他,0.45,1773564000.0,3941253333.333333,0.14,1663428858.8889647,0.42,63.8,204.41,12.59,217.0,5.29,91.14,26.8,18.15,1.48,0.29,5.02,0.0,0,2.73,10
9934,成霖,其他,-0.29,17486056000.0,0.0,0.0,18036421037.923306,0.0,20.26,55.35,8.18,63.53,0.0,0.0,0.0,9.27,0.0,0.0,0.0,8.49,49,2.7,5
5205,中茂,其他電子類,-1.43,24789000.0,0.0,0.0,37157731.80873181,0.0,0.0,0.0,0.0,0.0,0.0,0.0,0.0,22.15,0.0,0.0,0.0,70.29,88,0.54,34
6811,宏碁資訊,資訊服務業,14.37,9465495000.0,658698329.8538623,6.22,11135800066.764635,16.91,18.31,13.73,12.71,26.44,214.93,447.1,309.71,194.0,1.6,1.11,2.3,27.13,75,7.35,118
8928,鉅明,其他,1.41,3443852000.0,2442448226.9503546,0.44,2686976795.08375,1.1,44.62,167.95,9.16,177.11,10.08,194.82,49.08,21.9,2.24,0.46,8.9,17.2,40,2.99,14
3551,世禾,其他電子類,8.36,2943952000.0,352147368.42105263,3.11,3515579016.5175624,9.98,20.75,15.68,12.52,28.2,124.95,281.44,207.06,195.0,1.06,0.64,1.44,44.08,179,74.76,166
8924,大田,其他,5.63,4471774000.0,794276021.3143872,1.81,5632376114.173577,7.09,14.18,9.94,9.54,19.48,67.64,138.11,100.54,68.7,1.46,0.98,2.01,5.84,8,11.58,182
3713,新晶投控,光電業,-1.13,281414000.0,0.0,0.0,414917268.6535445,0.0,0.0,0.0,0.0,0.0,0.0,0.0,0.0,14.85,0.0,0.0,0.0,51.44,62,51.65,138
8440,綠電,其他,0.31,942226000.0,3039438709.677419,0.08,682123068.2946537,0.22,87.56,134.05,30.95,165.0,6.81,36.3,19.26,21.35,0.9,0.32,1.7,49.57,62,1.29,17
6804,明係,其他,-2.83,1356794000.0,0.0,0.0,1540051362.370651,0.0,27.83,27.23,13.12,40.35,0.0,0.0,0.0,15.4,0.0,0.0,0.0,4.0,26,2.86,3
3178,公準,電機機械,-0.46,1278448000.0,0.0,0.0,1138180871.945999,0.0,571.7,3129.21,20.79,3150.0,0.0,0.0,0.0,72.3,0.0,0.0,0.0,0.41,1,29.41,118
6803,崑鼎,其他,18.44,9581973000.0,519629772.23427325,6.0,9986886634.55055,19.22,17.0,3.56,15.62,19.18,300.22,368.64,326.69,288.5,1.13,1.04,1.28,2.27,11,5.59,54
4530,宏易,電機機械,0.34,326341000.0,959826470.5882353,0.17,650841709.3093808,0.68,83.25,16.47,73.09,89.56,49.7,60.9,56.61,24.85,2.28,2.0,2.45,77.76,145,1.96,81
6690,安碁資訊,資訊服務業,10.22,2397800000.0,234618395.3033268,3.79,2855359692.3492684,12.17,20.62,15.61,14.26,29.87,173.54,363.52,250.9,166.5,1.51,1.04,2.18,51.71,75,1.07,7
4609,唐鋒,電器電纜,-0.11,170353000.0,0.0,0.0,103441633.74392302,0.0,0.0,0.0,0.0,0.0,0.0,0.0,0.0,4.84,0.0,0.0,0.0,13.84,62,15.17,76
4702,中美實,化學工業,0.89,79555000.0,89387640.4494382,0.29,58336256.72559569,0.65,32.65,125.14,10.97,136.11,7.13,88.47,21.22,9.73,2.18,0.73,9.09,5.84,25,14.49,24
8423,保綠-KY,其他,0.73,372162000.0,509810958.9041096,0.26,395214792.7236288,0.78,32.62,21.34,23.32,44.66,18.19,34.83,25.44,17.95,1.42,1.01,1.94,16.7,62,7.38,130
6624,萬年清,其他,0.36,655700000.0,1821388888.888889,0.11,450937999.8769744,0.25,74.69,181.16,27.26,208.42,6.82,52.1,18.67,49.9,0.37,0.14,1.04,0.0,0,9.5,7
8938,明安,其他,6.19,15350061000.0,2479815993.5379643,2.33,14371869083.67371,5.8,20.3,150.93,7.47,158.4,43.33,918.72,117.76,58.9,2.0,0.74,15.6,14.08,36,3.01,12
8171,天宇,通信網路業,-5.46,286330000.0,0.0,0.0,385631568.90999293,0.0,0.0,0.0,0.0,0.0,0.0,0.0,0.0,22.95,0.0,0.0,0.0,2.45,68,0.0,0
6629,泰金-KY,其他,6.46,1675172000.0,259314551.08359134,3.3,2898111743.872866,11.18,14.09,16.37,7.01,23.38,78.37,261.39,157.49,117.5,1.34,0.67,2.22,62.41,127,30.1,182
8087,華鎂鑫,光電業,-1.32,318083000.0,0.0,0.0,531727216.69605577,0.0,68.43,153.26,11.91,165.17,0.0,0.0,0.0,33.85,0.0,0.0,0.0,2.81,5,7.86,34
6123,上奇,電腦及週邊設備業,2.72,5094560000.0,1872999999.9999998,0.82,4581203288.528614,2.45,16.5,7.24,13.42,20.66,32.88,50.62,40.43,43.85,0.92,0.75,1.15,11.22,19,5.07,143
1593,祺驊,生技醫療業,2.17,1236771000.0,569940552.9953917,0.77,1385869055.7881937,2.43,24.73,37.8,12.59,50.39,30.59,122.45,60.09,31.3,1.92,0.98,3.91,5.07,6,9.15,13
4154,樂威科-KY,生技醫療業,-1.83,22250000.0,0.0,0.0,30814434.44006753,0.0,0.0,0.0,0.0,0.0,0.0,0.0,0.0,13.0,0.0,0.0,0.0,76.34,123,1.72,63
6616,特昇-KY,其他,-0.6,1063387000.0,0.0,0.0,751284773.659037,0.0,77.45,21.31,67.37,88.68,0.0,0.0,0.0,9.89,0.0,0.0,0.0,10.13,27,0.0,0
2640,大車隊,其他,9.01,3135467000.0,347998557.15871257,3.17,3248849587.121685,9.34,15.28,8.2,13.44,21.64,125.53,202.12,142.72,178.5,0.8,0.7,1.13,0.0,0,4.12,18
8420,明揚,其他,0.0,0.0,0.0,0.0,0.0,0.0,0.0,0.0,0.0,0.0,0.0,0.0,0.0,40.6,0.0,0.0,0.0,14.5,36,0.0,0
3073,天方能源,半導體業,0.04,78469000.0,1961725000.0,0.04,410294430.62863475,0.21,188.81,722.31,17.69,740.0,3.71,155.4,39.65,23.0,1.72,0.16,6.76,230.87,81,31.79,47
8390,金益鼎,其他,6.6,4649007000.0,704395000.0,2.87,6317145762.609631,8.97,14.43,11.09,9.89,20.98,88.71,188.19,129.4,85.4,1.52,1.04,2.2,51.86,71,10.4,152
8933,愛地雅,其他,-1.39,2377380000.0,0.0,0.0,1404453823.4075768,0.0,0.0,0.0,0.0,0.0,0.0,0.0,0.0,6.01,0.0,0.0,0.0,0.0,0,2.17,108
8476,台境,其他,0.51,1133942000.0,2223415686.27451,0.21,1808885620.9848263,0.81,51.11,263.84,11.16,275.0,9.04,222.75,41.4,17.45,2.37,0.52,12.77,12.98,67,11.56,39
8916A,光隆甲特,其他,0.0,0.0,0.0,0.0,0.0,0.0,0.0,0.0,0.0,0.0,0.0,0.0,0.0,0.0,0.0,0.0,0.0,0.0,0,0.0,0
3089,億杰,電子零組件業,0.0,0.0,0.0,0.0,0.0,0.0,0.0,0.0,0.0,0.0,0.0,0.0,0.0,0.0,0.0,0.0,0.0,0.0,0,0.0,0
4129A,聯合甲特,生技醫療業,0.0,0.0,0.0,0.0,0.0,0.0,0.0,0.0,0.0,0.0,0.0,0.0,0.0,0.0,0.0,0.0,0.0,0.0,0,0.0,0
4944,兆遠,光電業,0.0,0.0,0.0,0.0,0.0,0.0,0.0,0.0,0.0,0.0,0.0,0.0,0.0,0.0,0.0,0.0,0.0,0.0,0,0.0,0
5281,大峽谷-KY,光電業,0.0,0.0,0.0,0.0,0.0,0.0,0.0,0.0,0.0,0.0,0.0,0.0,0.0,0.0,0.0,0.0,0.0,0.0,0,0.0,0
00744B,國泰中國政金債5+,上櫃指數股票型基金(ETF),0.0,0.0,0.0,0.0,0.0,0.0,0.0,0.0,0.0,0.0,0.0,0.0,0.0,0.0,0.0,0.0,0.0,0.0,0,0.0,0
6404,通訊-KY,資訊服務業,0.0,0.0,0.0,0.0,0.0,0.0,0.0,0.0,0.0,0.0,0.0,0.0,0.0,0.0,0.0,0.0,0.0,0.0,0,0.0,0
020024,兆豐富櫃200N,指數投資證券(ETN),0.0,0.0,0.0,0.0,0.0,0.0,0.0,0.0,0.0,0.0,0.0,0.0,0.0,0.0,0.0,0.0,0.0,0.0,0,0.0,0
02002L,兆豐富櫃200正二N,指數投資證券(ETN),0.0,0.0,0.0,0.0,0.0,0.0,0.0,0.0,0.0,0.0,0.0,0.0,0.0,0.0,0.0,0.0,0.0,0.0,0,0.0,0
8418,捷必勝-KY,其他,0.0,0.0,0.0,0.0,0.0,0.0,0.0,0.0,0.0,0.0,0.0,0.0,0.0,0.0,0.0,0.0,0.0,0.0,0,0.0,0
4712,南璋,食品工業,-2.16,0.0,0.0,0.0,0.0,0.0,0.0,0.0,0.0,0.0,0.0,0.0,0.0,0.0,0.0,0.0,0.0,0.0,0,0.0,0
5383,金利,其他電子類,0.0,0.0,0.0,0.0,0.0,0.0,0.0,0.0,0.0,0.0,0.0,0.0,0.0,41.5,0.0,0.0,0.0,4.09,7,0.0,0
8091,翔名,電子零組件業,5.91,2104250000.0,356049069.37394243,2.35,2826024308.3736196,7.94,20.59,19.64,12.96,32.6,102.9,258.84,163.49,192.0,0.85,0.54,1.35,39.84,64,11.52,129
5432,新門,光電業,2.3,194274000.0,84466956.52173914,0.71,222463594.1506794,2.63,119.65,142.82,56.52,199.34,148.65,524.26,314.69,139.5,2.26,1.07,3.76,116.43,64,7.3,179
6865,偉康科技,資訊服務業,1.53,459035000.0,300022875.8169935,0.31,227639073.79805753,0.76,29.95,37.36,14.42,51.78,10.96,39.35,22.77,36.5,0.62,0.3,1.08,25.98,70,0.0,0
3465,進泰電子,電子零組件業,0.04,1723481000.0,43087025000.0,0.01,1290207939.6687522,0.03,141.67,1121.9,31.85,1153.75,0.96,34.61,4.25,32.5,0.13,0.03,1.06,3.3,57,2.75,34
6198,瑞築,半導體業,-0.23,233000.0,0.0,0.0,359719.298245614,0.0,97.04,91.31,24.05,115.36,0.0,0.0,0.0,21.95,0.0,0.0,0.0,3.19,4,1.74,19
4419,元勝,紡織纖維,-1.45,2678472000.0,0.0,0.0,2692238662.7720695,0.0,0.0,0.0,0.0,0.0,0.0,0.0,0.0,46.9,0.0,0.0,0.0,78.93,70,10.21,59
020026,兆豐上櫃ESG電菁N,指數投資證券(ETN),0.0,0.0,0.0,0.0,0.0,0.0,0.0,0.0,0.0,0.0,0.0,0.0,0.0,6.37,0.0,0.0,0.0,0.0,0,0.0,0
00831B,新光美債1-3,上櫃指數股票型基金(ETF),0.0,0.0,0.0,0.0,0.0,0.0,0.0,0.0,0.0,0.0,0.0,0.0,0.0,41.42,0.0,0.0,0.0,0.9,76,0.0,0
6514,芮特-KY,通信網路業,0.0,0.0,0.0,0.0,0.0,0.0,17.44,2.55,16.34,18.89,0.0,0.0,0.0,50.8,0.0,0.0,0.0,2.1,69,0.0,0
00721B,元大中國債3-5,上櫃指數股票型基金(ETF),0.0,0.0,0.0,0.0,0.0,0.0,0.0,0.0,0.0,0.0,0.0,0.0,0.0,48.06,0.0,0.0,0.0,4.94,96,0.0,0
6757,台灣虎航-創,創新版股票,5.38,16712901000.0,3106487174.7211895,2.26,19800438805.53737,6.37,12.36,9.52,8.39,17.91,53.44,114.09,78.73,49.65,1.59,1.08,2.3,99.73,69,25.73,7
1606,歌林,電器電纜,0.0,0.0,0.0,0.0,0.0,0.0,0.0,0.0,0.0,0.0,0.0,0.0,0.0,0.0,0.0,0.0,0.0,0.0,0,0.0,0
1311,福聚,塑膠工業,0.0,0.0,0.0,0.0,0.0,0.0,0.0,0.0,0.0,0.0,0.0,0.0,0.0,0.0,0.0,0.0,0.0,0.0,0,0.0,0
1523,開億,電機機械,0.0,0.0,0.0,0.0,0.0,0.0,0.0,0.0,0.0,0.0,0.0,0.0,0.0,0.0,0.0,0.0,0.0,0.0,0,0.0,0
4733,上緯,化學工業,0.0,0.0,0.0,0.0,0.0,0.0,0.0,0.0,0.0,0.0,0.0,0.0,0.0,0.0,0.0,0.0,0.0,0.0,0,0.0,0
1601,台光,電器電纜,0.0,0.0,0.0,0.0,0.0,0.0,0.0,0.0,0.0,0.0,0.0,0.0,0.0,0.0,0.0,0.0,0.0,0.0,0,0.0,0
1716,永信,化學生技醫療,10.75,0.0,0.0,0.0,0.0,0.0,0.0,0.0,0.0,0.0,0.0,0.0,0.0,0.0,0.0,0.0,0.0,0.0,0,0.0,0
1230,聯成食,電器電纜,0.0,0.0,0.0,0.0,0.0,0.0,0.0,0.0,0.0,0.0,0.0,0.0,0.0,0.0,0.0,0.0,0.0,0.0,0,0.0,0
6854,錼創科技-KY創,創新版股票,-0.98,1357523000.0,0.0,0.0,853980180.3888991,0.0,240.71,258.04,162.5,420.54,0.0,0.0,0.0,155.5,0.0,0.0,0.0,101.68,173,34.01,56
911611,中泰山-DR,存託憑證,0.0,0.0,0.0,0.0,0.0,0.0,0.0,0.0,0.0,0.0,0.0,0.0,0.0,0.0,0.0,0.0,0.0,0.0,0,0.0,0
3534,雷凌,電子工業,0.0,0.0,0.0,0.0,0.0,0.0,0.0,0.0,0.0,0.0,0.0,0.0,0.0,0.0,0.0,0.0,0.0,0.0,0,0.0,0
00767,FH美國金融股,ETF,0.0,0.0,0.0,0.0,0.0,0.0,0.0,0.0,0.0,0.0,0.0,0.0,0.0,0.0,0.0,0.0,0.0,0.0,0,0.0,0
2446,全懋,電子工業,0.0,0.0,0.0,0.0,0.0,0.0,0.0,0.0,0.0,0.0,0.0,0.0,0.0,0.0,0.0,0.0,0.0,0.0,0,0.0,0
00766L,台新MSCI中國正2,ETF,0.0,0.0,0.0,0.0,0.0,0.0,0.0,0.0,0.0,0.0,0.0,0.0,0.0,0.0,0.0,0.0,0.0,0.0,0,0.0,0
911610,聯環,存託憑證,0.0,0.0,0.0,0.0,0.0,0.0,0.0,0.0,0.0,0.0,0.0,0.0,0.0,0.0,0.0,0.0,0.0,0.0,0,0.0,0
2847,大眾銀,金融保險,0.0,0.0,0.0,0.0,0.0,0.0,0.0,0.0,0.0,0.0,0.0,0.0,0.0,0.0,0.0,0.0,0.0,0.0,0,0.0,0
2447,鼎新,電子工業,0.0,0.0,0.0,0.0,0.0,0.0,0.0,0.0,0.0,0.0,0.0,0.0,0.0,0.0,0.0,0.0,0.0,0.0,0,0.0,0
911609,揚子江,存託憑證,0.0,0.0,0.0,0.0,0.0,0.0,0.0,0.0,0.0,0.0,0.0,0.0,0.0,0.0,0.0,0.0,0.0,0.0,0,0.0,0
2418,雅新,電子工業,0.0,0.0,0.0,0.0,0.0,0.0,0.0,0.0,0.0,0.0,0.0,0.0,0.0,0.0,0.0,0.0,0.0,0.0,0,0.0,0
2494,廣業科,電子工業,0.0,0.0,0.0,0.0,0.0,0.0,0.0,0.0,0.0,0.0,0.0,0.0,0.0,0.0,0.0,0.0,0.0,0.0,0,0.0,0
3702A,大聯大甲特,電子通路業,0.0,0.0,0.0,0.0,0.0,0.0,0.0,0.0,0.0,0.0,0.0,0.0,0.0,51.7,0.0,0.0,0.0,5.17,169,0.0,0
3271,其樂達,電子工業,0.0,0.0,0.0,0.0,0.0,0.0,0.0,0.0,0.0,0.0,0.0,0.0,0.0,0.0,0.0,0.0,0.0,0.0,0,0.0,0
5854,合庫,金融保險,1.59,0.0,0.0,0.0,0.0,0.0,0.0,0.0,0.0,0.0,0.0,0.0,0.0,0.0,0.0,0.0,0.0,0.0,0,0.0,0
911608,明輝-DR,存託憑證,0.0,0.0,0.0,0.0,0.0,0.0,0.0,0.0,0.0,0.0,0.0,0.0,0.0,2.75,0.0,0.0,0.0,42.27,67,6.0,14
3697,F-晨星,電子工業,0.0,0.0,0.0,0.0,0.0,0.0,0.0,0.0,0.0,0.0,0.0,0.0,0.0,0.0,0.0,0.0,0.0,0.0,0,0.0,0
911606,超級,存託憑證,0.0,0.0,0.0,0.0,0.0,0.0,0.0,0.0,0.0,0.0,0.0,0.0,0.0,0.0,0.0,0.0,0.0,0.0,0,0.0,0
3061,璨圓,光電業,0.0,0.0,0.0,0.0,0.0,0.0,0.0,0.0,0.0,0.0,0.0,0.0,0.0,0.0,0.0,0.0,0.0,0.0,0,0.0,0
2854,寶來證,金融保險,0.0,0.0,0.0,0.0,0.0,0.0,0.0,0.0,0.0,0.0,0.0,0.0,0.0,0.0,0.0,0.0,0.0,0.0,0,0.0,0
911612,滬安,存託憑證,0.0,0.0,0.0,0.0,0.0,0.0,0.0,0.0,0.0,0.0,0.0,0.0,0.0,0.0,0.0,0.0,0.0,0.0,0,0.0,0
6280,崇貿,電子工業,0.0,0.0,0.0,0.0,0.0,0.0,0.0,0.0,0.0,0.0,0.0,0.0,0.0,0.0,0.0,0.0,0.0,0.0,0,0.0,0
2526,大陸,建材營造,0.0,0.0,0.0,0.0,0.0,0.0,0.0,0.0,0.0,0.0,0.0,0.0,0.0,0.0,0.0,0.0,0.0,0.0,0,0.0,0
912398,友佳-DR,存託憑證,0.0,0.0,0.0,0.0,0.0,0.0,0.0,0.0,0.0,0.0,0.0,0.0,0.0,0.0,0.0,0.0,0.0,0.0,0,0.0,0
8487,愛爾達-創,創新版股票,4.03,1038965000.0,257807692.3076923,1.74,1427238731.4471314,5.54,13.98,9.91,10.09,20.0,55.9,110.8,77.46,77.1,1.0,0.73,1.44,6.83,22,3.25,7
9136,巨騰-DR,存託憑證,0.0,0.0,0.0,0.0,0.0,0.0,0.0,0.0,0.0,0.0,0.0,0.0,0.0,0.0,0.0,0.0,0.0,33.55,55,8.86,166
2837,萬泰銀,金融保險,1.45,0.0,0.0,0.0,0.0,0.0,0.0,0.0,0.0,0.0,0.0,0.0,0.0,0.0,0.0,0.0,0.0,0.0,0,0.0,0
020022,元大電動車N,ETN,0.0,0.0,0.0,0.0,0.0,0.0,0.0,0.0,0.0,0.0,0.0,0.0,0.0,0.0,0.0,0.0,0.0,0.0,0,0.0,0
913889,大成糖,存託憑證,0.0,0.0,0.0,0.0,0.0,0.0,0.0,0.0,0.0,0.0,0.0,0.0,0.0,0.0,0.0,0.0,0.0,0.0,0,0.0,0
00776,新光ICE美國權值,ETF,0.0,0.0,0.0,0.0,0.0,0.0,0.0,0.0,0.0,0.0,0.0,0.0,0.0,0.0,0.0,0.0,0.0,0.0,0,0.0,0
9151,旺旺,存託憑證,0.0,0.0,0.0,0.0,0.0,0.0,0.0,0.0,0.0,0.0,0.0,0.0,0.0,0.0,0.0,0.0,0.0,0.0,0,0.0,0
916665,爾必達,存託憑證,0.0,0.0,0.0,0.0,0.0,0.0,0.0,0.0,0.0,0.0,0.0,0.0,0.0,0.0,0.0,0.0,0.0,0.0,0,0.0,0
020008,元大特股高息N,ETN,0.0,0.0,0.0,0.0,0.0,0.0,0.0,0.0,0.0,0.0,0.0,0.0,0.0,0.0,0.0,0.0,0.0,0.0,0,0.0,0
020007,凱基臺灣500N,ETN,0.0,0.0,0.0,0.0,0.0,0.0,0.0,0.0,0.0,0.0,0.0,0.0,0.0,0.0,0.0,0.0,0.0,0.0,0,0.0,0
020006,永昌中小300N,ETN,0.0,0.0,0.0,0.0,0.0,0.0,0.0,0.0,0.0,0.0,0.0,0.0,0.0,0.0,0.0,0.0,0.0,0.0,0,0.0,0
020005,永豐外資50N,ETN,0.0,0.0,0.0,0.0,0.0,0.0,0.0,0.0,0.0,0.0,0.0,0.0,0.0,0.0,0.0,0.0,0.0,0.0,0,0.0,0
020004,兆豐電菁英30N,ETN,0.0,0.0,0.0,0.0,0.0,0.0,0.0,0.0,0.0,0.0,0.0,0.0,0.0,0.0,0.0,0.0,0.0,0.0,0,0.0,0
9157,陽光能源-DR,存託憑證,0.0,0.0,0.0,0.0,0.0,0.0,0.0,0.0,0.0,0.0,0.0,0.0,0.0,0.0,0.0,0.0,0.0,0.0,0,0.0,0
3053,鼎營,電子工業,0.0,0.0,0.0,0.0,0.0,0.0,0.0,0.0,0.0,0.0,0.0,0.0,0.0,0.0,0.0,0.0,0.0,0.0,0,0.0,0
2258,鴻華先進-創,創新版股票,-2.15,4269199000.0,0.0,0.0,2087139691.9907253,0.0,0.0,0.0,0.0,0.0,0.0,0.0,0.0,28.45,0.0,0.0,0.0,15.74,55,15.08,25
2336,致伸,電子工業,0.0,0.0,0.0,0.0,0.0,0.0,0.0,0.0,0.0,0.0,0.0,0.0,0.0,0.0,0.0,0.0,0.0,0.0,0,0.0,0
3063,飛信,半導體業,0.0,0.0,0.0,0.0,0.0,0.0,0.0,0.0,0.0,0.0,0.0,0.0,0.0,0.0,0.0,0.0,0.0,0.0,0,0.0,0
911616,杜康-DR,存託憑證,0.0,0.0,0.0,0.0,0.0,0.0,0.0,0.0,0.0,0.0,0.0,0.0,0.0,0.0,0.0,0.0,0.0,0.0,0,0.0,0
00774B,新光中國政金綠債,ETF,0.0,0.0,0.0,0.0,0.0,0.0,0.0,0.0,0.0,0.0,0.0,0.0,0.0,0.0,0.0,0.0,0.0,0.0,0,0.0,0
3150,鈺寶-創,創新版股票,-0.21,305785000.0,0.0,0.0,279522099.5151551,0.0,69.33,113.89,23.61,137.5,0.0,0.0,0.0,19.1,0.0,0.0,0.0,25.05,28,19.55,13
8008,建興電,電子工業,0.0,0.0,0.0,0.0,0.0,0.0,0.0,0.0,0.0,0.0,0.0,0.0,0.0,0.0,0.0,0.0,0.0,0.0,0,0.0,0
1107,建台,其他,0.0,0.0,0.0,0.0,0.0,0.0,0.0,0.0,0.0,0.0,0.0,0.0,0.0,0.0,0.0,0.0,0.0,0.0,0,0.0,0
911622,泰聚亨-DR,存託憑證,0.0,0.0,0.0,0.0,0.0,0.0,0.0,0.0,0.0,0.0,0.0,0.0,0.0,3.63,0.0,0.0,0.0,22.35,55,0.96,25
911626,MSH-DR,存託憑證,0.0,0.0,0.0,0.0,0.0,0.0,0.0,0.0,0.0,0.0,0.0,0.0,0.0,0.0,0.0,0.0,0.0,0.0,0,0.0,0
911868,同方友友-DR,存託憑證,0.0,0.0,0.0,0.0,0.0,0.0,0.0,0.0,0.0,0.0,0.0,0.0,0.0,1.25,0.0,0.0,0.0,73.95,56,13.95,91
9103,美德醫療-DR,存託憑證,0.0,0.0,0.0,0.0,0.0,0.0,0.0,0.0,0.0,0.0,0.0,0.0,0.0,4.69,0.0,0.0,0.0,21.67,67,20.43,27
00774C,新光中政金綠債+R,ETF,0.0,0.0,0.0,0.0,0.0,0.0,0.0,0.0,0.0,0.0,0.0,0.0,0.0,0.0,0.0,0.0,0.0,0.0,0,0.0,0
912000,晨訊科-DR,存託憑證,0.0,1672600000.0,0.0,0.0,1272832763.607202,0.0,0.0,0.0,0.0,0.0,0.0,0.0,0.0,2.49,0.0,0.0,0.0,79.31,55,5.92,167
911619,耀傑-DR,存託憑證,0.0,0.0,0.0,0.0,0.0,0.0,0.0,0.0,0.0,0.0,0.0,0.0,0.0,0.0,0.0,0.0,0.0,0.0,0,0.0,0
3214,元砷,電子工業,0.0,0.0,0.0,0.0,0.0,0.0,0.0,0.0,0.0,0.0,0.0,0.0,0.0,0.0,0.0,0.0,0.0,0.0,0,0.0,0
2452,乾坤,電子工業,0.0,0.0,0.0,0.0,0.0,0.0,0.0,0.0,0.0,0.0,0.0,0.0,0.0,0.0,0.0,0.0,0.0,0.0,0,0.0,0
2473,思源,電子工業,0.0,0.0,0.0,0.0,0.0,0.0,0.0,0.0,0.0,0.0,0.0,0.0,0.0,0.0,0.0,0.0,0.0,0.0,0,0.0,0
2883A,開發特,金融保險,0.0,0.0,0.0,0.0,0.0,0.0,0.0,0.0,0.0,0.0,0.0,0.0,0.0,0.0,0.0,0.0,0.0,0.0,0,0.0,0
1520,復盛,其他,0.0,0.0,0.0,0.0,0.0,0.0,0.0,0.0,0.0,0.0,0.0,0.0,0.0,0.0,0.0,0.0,0.0,0.0,0,0.0,0
910801,金衛-DR,存託憑證,0.0,0.0,0.0,0.0,0.0,0.0,0.0,0.0,0.0,0.0,0.0,0.0,0.0,0.0,0.0,0.0,0.0,0.0,0,0.0,0
2469,力信,電子零組件業,0.0,0.0,0.0,0.0,0.0,0.0,0.0,0.0,0.0,0.0,0.0,0.0,0.0,0.0,0.0,0.0,0.0,0.0,0,0.0,0
910708,恒大健-DR,存託憑證,0.0,0.0,0.0,0.0,0.0,0.0,0.0,0.0,0.0,0.0,0.0,0.0,0.0,0.0,0.0,0.0,0.0,0.0,0,0.0,0
3614,誠致,電子工業,0.0,0.0,0.0,0.0,0.0,0.0,0.0,0.0,0.0,0.0,0.0,0.0,0.0,0.0,0.0,0.0,0.0,0.0,0,0.0,0
9106,新焦點-DR,存託憑證,0.0,0.0,0.0,0.0,0.0,0.0,0.0,0.0,0.0,0.0,0.0,0.0,0.0,0.0,0.0,0.0,0.0,0.0,0,0.0,0
6119,大傳,電子工業,0.0,0.0,0.0,0.0,0.0,0.0,0.0,0.0,0.0,0.0,0.0,0.0,0.0,0.0,0.0,0.0,0.0,0.0,0,0.0,0
3584,介面,光電業,0.0,0.0,0.0,0.0,0.0,0.0,0.0,0.0,0.0,0.0,0.0,0.0,0.0,0.0,0.0,0.0,0.0,0.0,0,0.0,0
3599,旺能,電子工業,0.0,0.0,0.0,0.0,0.0,0.0,0.0,0.0,0.0,0.0,0.0,0.0,0.0,0.0,0.0,0.0,0.0,0.0,0,0.0,0
3598,奕力,電子工業,0.0,0.0,0.0,0.0,0.0,0.0,0.0,0.0,0.0,0.0,0.0,0.0,0.0,0.0,0.0,0.0,0.0,0.0,0,0.0,0
910579,歐聖,存託憑證,0.0,0.0,0.0,0.0,0.0,0.0,0.0,0.0,0.0,0.0,0.0,0.0,0.0,0.0,0.0,0.0,0.0,0.0,0,0.0,0
910069,新曄,存託憑證,0.0,0.0,0.0,0.0,0.0,0.0,0.0,0.0,0.0,0.0,0.0,0.0,0.0,0.0,0.0,0.0,0.0,0.0,0,0.0,0
9105,泰金寶-DR,存託憑證,0.0,132270623000.0,0.0,0.0,116963305661.04185,0.0,0.0,0.0,0.0,0.0,0.0,0.0,0.0,5.86,0.0,0.0,0.0,105.08,67,10.99,12
9101,福雷電,存託憑證,0.0,0.0,0.0,0.0,0.0,0.0,0.0,0.0,0.0,0.0,0.0,0.0,0.0,0.0,0.0,0.0,0.0,0.0,0,0.0,0
910482,聖馬丁-DR,存託憑證,0.0,0.0,0.0,0.0,0.0,0.0,0.0,0.0,0.0,0.0,0.0,0.0,0.0,0.0,0.0,0.0,0.0,0.0,0,0.0,0
9102,東亞科,存託憑證,0.0,0.0,0.0,0.0,0.0,0.0,0.0,0.0,0.0,0.0,0.0,0.0,0.0,0.0,0.0,0.0,0.0,0.0,0,0.0,0
2463,研揚,電腦及週邊設備業,0.0,0.0,0.0,0.0,0.0,0.0,0.0,0.0,0.0,0.0,0.0,0.0,0.0,0.0,0.0,0.0,0.0,0.0,0,0.0,0
9104,萬宇科,存託憑證,0.0,0.0,0.0,0.0,0.0,0.0,0.0,0.0,0.0,0.0,0.0,0.0,0.0,0.0,0.0,0.0,0.0,0.0,0,0.0,0
910322,康師傅-DR,存託憑證,0.0,0.0,0.0,0.0,0.0,0.0,0.0,0.0,0.0,0.0,0.0,0.0,0.0,24.5,0.0,0.0,0.0,37.09,166,0.0,0
3573,穎台,電子工業,0.0,0.0,0.0,0.0,0.0,0.0,0.0,0.0,0.0,0.0,0.0,0.0,0.0,0.0,0.0,0.0,0.0,0.0,0,0.0,0
2391,合勤,電子工業,0.0,0.0,0.0,0.0,0.0,0.0,0.0,0.0,0.0,0.0,0.0,0.0,0.0,0.0,0.0,0.0,0.0,0.0,0,0.0,0
910861,神州-DR,存託憑證,0.0,0.0,0.0,0.0,0.0,0.0,0.0,0.0,0.0,0.0,0.0,0.0,0.0,4.04,0.0,0.0,0.0,14.87,55,22.87,140
6949,沛爾生醫-創,創新版股票,-7.23,30919000.0,0.0,0.0,19823077.714873906,0.0,0.0,0.0,0.0,0.0,0.0,0.0,0.0,771.0,0.0,0.0,0.0,8.92,1,272.73,129
020002,元富新中國N,ETN,0.0,0.0,0.0,0.0,0.0,0.0,0.0,0.0,0.0,0.0,0.0,0.0,0.0,0.0,0.0,0.0,0.0,0.0,0,0.0,0
6286,立錡,半導體業,0.0,0.0,0.0,0.0,0.0,0.0,0.0,0.0,0.0,0.0,0.0,0.0,0.0,0.0,0.0,0.0,0.0,0.0,0,0.0,0
911602,華豐泰,存託憑證,0.0,0.0,0.0,0.0,0.0,0.0,0.0,0.0,0.0,0.0,0.0,0.0,0.0,0.0,0.0,0.0,0.0,0.0,0,0.0,0
6004,元京證,金融保險,0.0,0.0,0.0,0.0,0.0,0.0,0.0,0.0,0.0,0.0,0.0,0.0,0.0,0.0,0.0,0.0,0.0,0.0,0,0.0,0
6012,金鼎證,金融保險,0.0,0.0,0.0,0.0,0.0,0.0,0.0,0.0,0.0,0.0,0.0,0.0,0.0,0.0,0.0,0.0,0.0,0.0,0,0.0,0
00743,國泰中國A150,ETF,0.0,0.0,0.0,0.0,0.0,0.0,0.0,0.0,0.0,0.0,0.0,0.0,0.0,0.0,0.0,0.0,0.0,0.0,0,0.0,0
00742,新光內需收益,ETF,0.0,0.0,0.0,0.0,0.0,0.0,0.0,0.0,0.0,0.0,0.0,0.0,0.0,0.0,0.0,0.0,0.0,0.0,0,0.0,0
3142,遠茂,電子工業,0.0,0.0,0.0,0.0,0.0,0.0,0.0,0.0,0.0,0.0,0.0,0.0,0.0,0.0,0.0,0.0,0.0,0.0,0,0.0,0
6951,青新-創,創新版股票,5.39,842034000.0,156221521.33580706,1.88,1061751567.8737313,6.8,16.07,11.37,12.6,23.97,85.68,163.0,109.24,81.1,1.35,1.06,2.01,9.35,18,11.8,97
911201,僑威控,存託憑證,0.0,0.0,0.0,0.0,0.0,0.0,0.0,0.0,0.0,0.0,0.0,0.0,0.0,0.0,0.0,0.0,0.0,0.0,0,0.0,0
6423,億而得-創,創新版股票,0.58,235415000.0,405887931.0344828,0.17,205270557.15299302,0.51,100.6,147.02,69.36,216.38,35.37,110.35,51.31,109.5,0.47,0.32,1.01,0.85,1,30.95,24
3080,威力盟,光電業,0.0,0.0,0.0,0.0,0.0,0.0,0.0,0.0,0.0,0.0,0.0,0.0,0.0,0.0,0.0,0.0,0.0,0.0,0,0.0,0
3009,奇美電,電子工業,0.0,0.0,0.0,0.0,0.0,0.0,0.0,0.0,0.0,0.0,0.0,0.0,0.0,0.0,0.0,0.0,0.0,0.0,0,0.0,0
2315,神達,電腦及週邊設備業,0.0,0.0,0.0,0.0,0.0,0.0,0.0,0.0,0.0,0.0,0.0,0.0,0.0,0.0,0.0,0.0,0.0,0.0,0,0.0,0
9110,越南控-DR,存託憑證,0.0,0.0,0.0,0.0,0.0,0.0,0.0,0.0,0.0,0.0,0.0,0.0,0.0,2.85,0.0,0.0,0.0,0.41,60,4.2,12
6771,平和環保-創,創新版股票,3.64,630138000.0,173114835.16483516,1.03,504363494.7569884,2.91,13.33,5.54,10.29,15.83,29.94,46.07,38.78,44.4,0.87,0.67,1.04,0.37,1,9.35,12
2479,和立,電子工業,0.0,0.0,0.0,0.0,0.0,0.0,0.0,0.0,0.0,0.0,0.0,0.0,0.0,0.0,0.0,0.0,0.0,0.0,0,0.0,0
910948,融達,存託憑證,0.0,0.0,0.0,0.0,0.0,0.0,0.0,0.0,0.0,0.0,0.0,0.0,0.0,0.0,0.0,0.0,0.0,0.0,0,0.0,0
3559,全智科,半導體業,0.0,0.0,0.0,0.0,0.0,0.0,0.0,0.0,0.0,0.0,0.0,0.0,0.0,0.0,0.0,0.0,0.0,0.0,0,0.0,0
00732,國泰RMB短期報酬,ETF,0.0,0.0,0.0,0.0,0.0,0.0,0.0,0.0,0.0,0.0,0.0,0.0,0.0,0.0,0.0,0.0,0.0,0.0,0,0.0,0
00729R,第一金工業30反1,ETF,0.0,0.0,0.0,0.0,0.0,0.0,0.0,0.0,0.0,0.0,0.0,0.0,0.0,0.0,0.0,0.0,0.0,0.0,0,0.0,0
3638,F-IML,電子工業,0.0,0.0,0.0,0.0,0.0,0.0,0.0,0.0,0.0,0.0,0.0,0.0,0.0,0.0,0.0,0.0,0.0,0.0,0,0.0,0
3007,綠點,電子工業,0.0,0.0,0.0,0.0,0.0,0.0,0.0,0.0,0.0,0.0,0.0,0.0,0.0,0.0,0.0,0.0,0.0,0.0,0,0.0,0
2341,英群,電子工業,0.0,0.0,0.0,0.0,0.0,0.0,0.0,0.0,0.0,0.0,0.0,0.0,0.0,0.0,0.0,0.0,0.0,0.0,0,0.0,0
6794,向榮生技-創,創新版股票,-1.89,34051000.0,0.0,0.0,17952917.47389609,0.0,0.0,0.0,0.0,0.0,0.0,0.0,0.0,81.5,0.0,0.0,0.0,0.23,25,45.48,143
8078,華寶,電子工業,0.0,0.0,0.0,0.0,0.0,0.0,0.0,0.0,0.0,0.0,0.0,0.0,0.0,0.0,0.0,0.0,0.0,0.0,0,0.0,0
2361,鴻友,電腦及週邊設備業,0.0,0.0,0.0,0.0,0.0,0.0,0.0,0.0,0.0,0.0,0.0,0.0,0.0,0.0,0.0,0.0,0.0,0.0,0,0.0,0
9922,優美,其他,0.0,0.0,0.0,0.0,0.0,0.0,0.0,0.0,0.0,0.0,0.0,0.0,0.0,0.0,0.0,0.0,0.0,0.0,0,0.0,0
9915,億豐,其他,0.0,0.0,0.0,0.0,0.0,0.0,0.0,0.0,0.0,0.0,0.0,0.0,0.0,0.0,0.0,0.0,0.0,0.0,0,0.0,0
2833A,台壽甲,金融保險,0.0,0.0,0.0,0.0,0.0,0.0,0.0,0.0,0.0,0.0,0.0,0.0,0.0,0.0,0.0,0.0,0.0,0.0,0,0.0,0
2891A,中信特,金融保險,0.0,0.0,0.0,0.0,0.0,0.0,0.0,0.0,0.0,0.0,0.0,0.0,0.0,0.0,0.0,0.0,0.0,0.0,0,0.0,0
8199,廣鎵,光電業,0.0,0.0,0.0,0.0,0.0,0.0,0.0,0.0,0.0,0.0,0.0,0.0,0.0,0.0,0.0,0.0,0.0,0.0,0,0.0,0
6902,GOGOLOOK-創,創新版股票,1.58,1032296000.0,653351898.7341772,0.62,1284841674.1044655,1.97,424.88,973.39,48.49,1021.88,95.53,2013.1,837.01,102.5,8.17,0.93,19.64,10.83,43,5.58,13
0081,恒香港,ETF,0.0,0.0,0.0,0.0,0.0,0.0,0.0,0.0,0.0,0.0,0.0,0.0,0.0,0.0,0.0,0.0,0.0,0.0,0,0.0,0
2411,飛瑞,其他電子業,0.0,0.0,0.0,0.0,0.0,0.0,0.0,0.0,0.0,0.0,0.0,0.0,0.0,0.0,0.0,0.0,0.0,0.0,0,0.0,0
0080,恒中國,ETF,0.0,0.0,0.0,0.0,0.0,0.0,0.0,0.0,0.0,0.0,0.0,0.0,0.0,0.0,0.0,0.0,0.0,0.0,0,0.0,0
2887C,新丙特,金融保險,0.0,0.0,0.0,0.0,0.0,0.0,0.0,0.0,0.0,0.0,0.0,0.0,0.0,0.0,0.0,0.0,0.0,0.0,0,0.0,0
2396,精碟,電子工業,0.0,0.0,0.0,0.0,0.0,0.0,0.0,0.0,0.0,0.0,0.0,0.0,0.0,0.0,0.0,0.0,0.0,0.0,0,0.0,0
2833,台壽保,金融保險,3.35,0.0,0.0,0.0,0.0,0.0,0.0,0.0,0.0,0.0,0.0,0.0,0.0,0.0,0.0,0.0,0.0,0.0,0,0.0,0
8162,微矽電子-創,創新版股票,1.56,1275748000.0,817787179.4871795,0.47,1225865735.988327,1.5,29.94,48.9,16.34,65.24,24.51,97.86,44.92,50.7,0.89,0.48,1.93,0.5,49,36.35,139
2350,環電,電子工業,0.0,0.0,0.0,0.0,0.0,0.0,0.0,0.0,0.0,0.0,0.0,0.0,0.0,0.0,0.0,0.0,0.0,0.0,0,0.0,0
6924,榮惠-KY創,創新版股票,5.69,1708679000.0,300295079.08611596,2.06,1745944176.0469608,5.81,12.78,11.88,6.99,18.87,40.61,109.63,74.25,88.9,0.84,0.46,1.23,2.02,3,4.7,62
2254,巨鎧精密-創,創新版股票,-0.84,521879000.0,0.0,0.0,107291195.40876177,0.0,0.0,0.0,0.0,0.0,0.0,0.0,0.0,71.5,0.0,0.0,0.0,6.55,124,8.69,62
3367,英華達,其他電子業,0.0,0.0,0.0,0.0,0.0,0.0,0.0,0.0,0.0,0.0,0.0,0.0,0.0,0.0,0.0,0.0,0.0,0.0,0,0.0,0
6255,奈普,電子工業,0.0,0.0,0.0,0.0,0.0,0.0,0.0,0.0,0.0,0.0,0.0,0.0,0.0,0.0,0.0,0.0,0.0,0.0,0,0.0,0
2807,竹商銀,金融保險,1.88,0.0,0.0,0.0,0.0,0.0,0.0,0.0,0.0,0.0,0.0,0.0,0.0,0.0,0.0,0.0,0.0,0.0,0,0.0,0
2827,中聯,金融保險,0.0,0.0,0.0,0.0,0.0,0.0,0.0,0.0,0.0,0.0,0.0,0.0,0.0,0.0,0.0,0.0,0.0,0.0,0,0.0,0
2831,中華銀,金融保險,0.0,0.0,0.0,0.0,0.0,0.0,0.0,0.0,0.0,0.0,0.0,0.0,0.0,0.0,0.0,0.0,0.0,0.0,0,0.0,0
2381,華宇,電腦及週邊設備業,0.0,0.0,0.0,0.0,0.0,0.0,0.0,0.0,0.0,0.0,0.0,0.0,0.0,0.0,0.0,0.0,0.0,0.0,0,0.0,0
00866,新光Shiller CAPE,ETF,0.0,0.0,0.0,0.0,0.0,0.0,0.0,0.0,0.0,0.0,0.0,0.0,0.0,0.0,0.0,0.0,0.0,0.0,0,0.0,0
0060,新台灣,ETF,0.0,0.0,0.0,0.0,0.0,0.0,0.0,0.0,0.0,0.0,0.0,0.0,0.0,0.0,0.0,0.0,0.0,0.0,0,0.0,0
6645,金萬林-創,創新版股票,-2.41,548227000.0,0.0,0.0,622824859.303203,0.0,0.0,0.0,0.0,0.0,0.0,0.0,0.0,12.9,0.0,0.0,0.0,0.25,4,18.2,174
3020,奇普仕,電子工業,0.0,0.0,0.0,0.0,0.0,0.0,0.0,0.0,0.0,0.0,0.0,0.0,0.0,0.0,0.0,0.0,0.0,0.0,0,0.0,0
6988,威力暘-創,創新版股票,-1.13,788074000.0,0.0,0.0,644577959.1044012,0.0,1202.03,2922.29,37.71,2960.0,0.0,0.0,0.0,13.6,0.0,0.0,0.0,17.93,105,1.5,13
5280,F-敦泰,電子工業,0.0,0.0,0.0,0.0,0.0,0.0,0.0,0.0,0.0,0.0,0.0,0.0,0.0,0.0,0.0,0.0,0.0,0.0,0,0.0,0
9188,精熙-DR,存託憑證,0.0,0.0,0.0,0.0,0.0,0.0,0.0,0.0,0.0,0.0,0.0,0.0,0.0,0.0,0.0,0.0,0.0,0.0,0,0.0,0
2384,勝華,光電業,-1.46,0.0,0.0,0.0,0.0,0.0,0.0,0.0,0.0,0.0,0.0,0.0,0.0,0.0,0.0,0.0,0.0,0.0,0,0.0,0
6702,興航,航運業,0.0,0.0,0.0,0.0,0.0,0.0,0.0,0.0,0.0,0.0,0.0,0.0,0.0,0.0,0.0,0.0,0.0,0.0,0,0.0,0
2403,友尚,電子工業,0.0,0.0,0.0,0.0,0.0,0.0,0.0,0.0,0.0,0.0,0.0,0.0,0.0,0.0,0.0,0.0,0.0,0.0,0,0.0,0
6534,正瀚-創,創新版股票,4.52,1800744000.0,398394690.2654868,2.57,1863222986.6971056,4.68,20.8,18.35,15.55,33.9,72.77,158.65,97.35,92.5,1.05,0.79,1.72,9.7,12,56.45,117
9801,力霸,貿易百貨,0.0,0.0,0.0,0.0,0.0,0.0,0.0,0.0,0.0,0.0,0.0,0.0,0.0,0.0,0.0,0.0,0.0,0.0,0,0.0,0
6969,成信實業*-創,創新版股票,-0.09,319390000.0,0.0,0.0,442523755.21533126,0.0,0.0,0.0,0.0,0.0,0.0,0.0,0.0,28.5,0.0,0.0,0.0,95.07,37,71.85,88
3474,華亞科,半導體業,0.0,0.0,0.0,0.0,0.0,0.0,0.0,0.0,0.0,0.0,0.0,0.0,0.0,0.0,0.0,0.0,0.0,0.0,0,0.0,0
00906,大華元宇宙科技50,ETF,0.0,0.0,0.0,0.0,0.0,0.0,0.0,0.0,0.0,0.0,0.0,0.0,0.0,0.0,0.0,0.0,0.0,0.0,0,0.0,0
6457,紘康,半導體業,0.0,0.0,0.0,0.0,0.0,0.0,0.0,0.0,0.0,0.0,0.0,0.0,0.0,62.1,0.0,0.0,0.0,46.91,172,0.0,0
00719B,元大美債1-3,上櫃指數股票型基金(ETF),0.0,0.0,0.0,0.0,0.0,0.0,0.0,0.0,0.0,0.0,0.0,0.0,0.0,30.99,0.0,0.0,0.0,1.83,74,0.0,0
00860B,群益1-5Y投資級債,上櫃指數股票型基金(ETF),0.0,0.0,0.0,0.0,0.0,0.0,0.0,0.0,0.0,0.0,0.0,0.0,0.0,38.24,0.0,0.0,0.0,2.49,95,0.0,0
00966B,統一ESG投等債15+,上櫃指數股票型基金(ETF),0.0,0.0,0.0,0.0,0.0,0.0,0.0,0.0,0.0,0.0,0.0,0.0,0.0,13.89,0.0,0.0,0.0,2.83,78,5.12,179
00746B,富邦A級公司債,上櫃指數股票型基金(ETF),0.0,0.0,0.0,0.0,0.0,0.0,0.0,0.0,0.0,0.0,0.0,0.0,0.0,35.39,0.0,0.0,0.0,8.01,139,4.75,168
00862B,中信投資級公司債,上櫃指數股票型基金(ETF),0.0,0.0,0.0,0.0,0.0,0.0,0.0,0.0,0.0,0.0,0.0,0.0,0.0,31.55,0.0,0.0,0.0,8.21,134,5.81,174
00968B,元大優息投等債,上櫃指數股票型基金(ETF),0.0,0.0,0.0,0.0,0.0,0.0,0.0,0.0,0.0,0.0,0.0,0.0,0.0,9.25,0.0,0.0,0.0,0.0,0,4.28,173
00967B,元大優息美債,上櫃指數股票型基金(ETF),0.0,0.0,0.0,0.0,0.0,0.0,0.0,0.0,0.0,0.0,0.0,0.0,0.0,9.13,0.0,0.0,0.0,2.4,119,0.97,173
00750B,凱基科技債10+,上櫃指數股票型基金(ETF),0.0,0.0,0.0,0.0,0.0,0.0,0.0,0.0,0.0,0.0,0.0,0.0,0.0,32.84,0.0,0.0,0.0,9.11,139,5.26,168
00749B,凱基新興債10+,上櫃指數股票型基金(ETF),0.0,0.0,0.0,0.0,0.0,0.0,0.0,0.0,0.0,0.0,0.0,0.0,0.0,31.71,0.0,0.0,0.0,8.54,139,7.49,168
00718B,富邦中國政策債,上櫃指數股票型基金(ETF),0.0,0.0,0.0,0.0,0.0,0.0,0.0,0.0,0.0,0.0,0.0,0.0,0.0,19.05,0.0,0.0,0.0,3.7,95,0.0,0
00859B,群益0-1年美債,上櫃指數股票型基金(ETF),0.0,0.0,0.0,0.0,0.0,0.0,0.0,0.0,0.0,0.0,0.0,0.0,0.0,41.12,0.0,0.0,0.0,1.15,89,0.0,0
00970B,新光BBB投等債20+,上櫃指數股票型基金(ETF),0.0,0.0,0.0,0.0,0.0,0.0,0.0,0.0,0.0,0.0,0.0,0.0,0.0,9.33,0.0,0.0,0.0,3.12,77,4.66,179
00858,永豐美國500大,上櫃指數股票型基金(ETF),0.0,0.0,0.0,0.0,0.0,0.0,0.0,0.0,0.0,0.0,0.0,0.0,0.0,34.16,0.0,0.0,0.0,11.52,76,14.09,181
00751B,元大AAA至A公司債,上櫃指數股票型基金(ETF),0.0,0.0,0.0,0.0,0.0,0.0,0.0,0.0,0.0,0.0,0.0,0.0,0.0,31.64,0.0,0.0,0.0,8.91,132,4.3,174
00857B,永豐20年美公債,上櫃指數股票型基金(ETF),0.0,0.0,0.0,0.0,0.0,0.0,0.0,0.0,0.0,0.0,0.0,0.0,0.0,23.2,0.0,0.0,0.0,12.88,132,1.6,174
00856B,永豐1-3年美公債,上櫃指數股票型基金(ETF),0.0,0.0,0.0,0.0,0.0,0.0,0.0,0.0,0.0,0.0,0.0,0.0,0.0,37.61,0.0,0.0,0.0,1.88,95,0.0,0
00697B,元大美債7-10,上櫃指數股票型基金(ETF),0.0,0.0,0.0,0.0,0.0,0.0,0.0,0.0,0.0,0.0,0.0,0.0,0.0,35.75,0.0,0.0,0.0,7.38,95,0.34,174
00788B,元大10年IG電能債,上櫃指數股票型基金(ETF),0.0,0.0,0.0,0.0,0.0,0.0,0.0,0.0,0.0,0.0,0.0,0.0,0.0,29.75,0.0,0.0,0.0,9.14,139,5.12,173
00853B,統一美債10年Aa-A,上櫃指數股票型基金(ETF),0.0,0.0,0.0,0.0,0.0,0.0,0.0,0.0,0.0,0.0,0.0,0.0,0.0,27.68,0.0,0.0,0.0,9.19,139,4.56,174
00969B,元大零息超長美債,上櫃指數股票型基金(ETF),0.0,0.0,0.0,0.0,0.0,0.0,0.0,0.0,0.0,0.0,0.0,0.0,0.0,8.29,0.0,0.0,0.0,0.0,0,4.8,174
00863B,中信全球電信債,上櫃指數股票型基金(ETF),0.0,0.0,0.0,0.0,0.0,0.0,0.0,0.0,0.0,0.0,0.0,0.0,0.0,32.03,0.0,0.0,0.0,8.32,132,3.76,174
00883B,中信ESG投資級債,上櫃指數股票型基金(ETF),0.0,0.0,0.0,0.0,0.0,0.0,0.0,0.0,0.0,0.0,0.0,0.0,0.0,30.88,0.0,0.0,0.0,7.57,132,4.8,179
00741B,富邦全球非投等債,上櫃指數股票型基金(ETF),0.0,0.0,0.0,0.0,0.0,0.0,0.0,0.0,0.0,0.0,0.0,0.0,0.0,37.48,0.0,0.0,0.0,2.53,88,0.0,0
00942B,台新美A公司債20+,上櫃指數股票型基金(ETF),0.0,0.0,0.0,0.0,0.0,0.0,0.0,0.0,0.0,0.0,0.0,0.0,0.0,14.28,0.0,0.0,0.0,8.47,139,4.51,174
00723B,群益投資級科技債,上櫃指數股票型基金(ETF),0.0,0.0,0.0,0.0,0.0,0.0,0.0,0.0,0.0,0.0,0.0,0.0,0.0,30.55,0.0,0.0,0.0,9.19,139,5.22,168
00724B,群益投資級金融債,上櫃指數股票型基金(ETF),0.0,0.0,0.0,0.0,0.0,0.0,0.0,0.0,0.0,0.0,0.0,0.0,0.0,33.5,0.0,0.0,0.0,8.3,139,5.99,168
00725B,國泰投資級公司債,上櫃指數股票型基金(ETF),0.0,0.0,0.0,0.0,0.0,0.0,0.0,0.0,0.0,0.0,0.0,0.0,0.0,34.79,0.0,0.0,0.0,7.55,139,5.89,168
00722B,群益投資級電信債,上櫃指數股票型基金(ETF),0.0,0.0,0.0,0.0,0.0,0.0,0.0,0.0,0.0,0.0,0.0,0.0,0.0,35.76,0.0,0.0,0.0,9.11,139,5.0,168
00884B,中信低碳新興債,上櫃指數股票型基金(ETF),0.0,0.0,0.0,0.0,0.0,0.0,0.0,0.0,0.0,0.0,0.0,0.0,0.0,29.69,0.0,0.0,0.0,9.55,139,6.95,174
00886,永豐美國科技,上櫃指數股票型基金(ETF),0.0,0.0,0.0,0.0,0.0,0.0,0.0,0.0,0.0,0.0,0.0,0.0,0.0,39.34,0.0,0.0,0.0,16.56,70,18.8,180
00726B,國泰新興投等債,上櫃指數股票型基金(ETF),0.0,0.0,0.0,0.0,0.0,0.0,0.0,0.0,0.0,0.0,0.0,0.0,0.0,32.9,0.0,0.0,0.0,6.1,139,5.34,174
00948B,中信優息投資級債,上櫃指數股票型基金(ETF),0.0,0.0,0.0,0.0,0.0,0.0,0.0,0.0,0.0,0.0,0.0,0.0,0.0,9.42,0.0,0.0,0.0,5.83,98,5.53,179
00877,復華中國5G,上櫃指數股票型基金(ETF),0.0,0.0,0.0,0.0,0.0,0.0,0.0,0.0,0.0,0.0,0.0,0.0,0.0,34.65,0.0,0.0,0.0,34.94,158,126.65,180
00937B,群益ESG投等債20+,上櫃指數股票型基金(ETF),0.0,0.0,0.0,0.0,0.0,0.0,0.0,0.0,0.0,0.0,0.0,0.0,0.0,14.76,0.0,0.0,0.0,7.52,139,5.21,168
00887,永豐中國科技50大,上櫃指數股票型基金(ETF),0.0,0.0,0.0,0.0,0.0,0.0,0.0,0.0,0.0,0.0,0.0,0.0,0.0,14.58,0.0,0.0,0.0,246.7,158,55.26,181
00727B,國泰優選非投等債,上櫃指數股票型基金(ETF),0.0,0.0,0.0,0.0,0.0,0.0,0.0,0.0,0.0,0.0,0.0,0.0,0.0,39.34,0.0,0.0,0.0,2.55,74,1.58,168
00888,永豐台灣ESG,上櫃指數股票型基金(ETF),0.0,0.0,0.0,0.0,0.0,0.0,0.0,0.0,0.0,0.0,0.0,0.0,0.0,26.71,0.0,0.0,0.0,23.01,70,38.21,172
00950B,凱基A級公司債,上櫃指數股票型基金(ETF),0.0,0.0,0.0,0.0,0.0,0.0,0.0,0.0,0.0,0.0,0.0,0.0,0.0,14.1,0.0,0.0,0.0,4.93,71,2.85,174
00890B,凱基ESG BBB債15+,上櫃指數股票型基金(ETF),0.0,0.0,0.0,0.0,0.0,0.0,0.0,0.0,0.0,0.0,0.0,0.0,0.0,32.17,0.0,0.0,0.0,7.43,139,5.49,174
00933B,國泰10Y+金融債,上櫃指數股票型基金(ETF),0.0,0.0,0.0,0.0,0.0,0.0,0.0,0.0,0.0,0.0,0.0,0.0,0.0,15.97,0.0,0.0,0.0,8.04,132,4.39,174
00870B,元大15年EM主權債,上櫃指數股票型基金(ETF),0.0,0.0,0.0,0.0,0.0,0.0,0.0,0.0,0.0,0.0,0.0,0.0,0.0,28.31,0.0,0.0,0.0,9.62,139,7.53,173
00955,中信日本商社,上櫃指數股票型基金(ETF),0.0,0.0,0.0,0.0,0.0,0.0,0.0,0.0,0.0,0.0,0.0,0.0,0.0,15.14,0.0,0.0,0.0,5.25,48,22.82,178
00734B,台新JPM新興債,上櫃指數股票型基金(ETF),0.0,0.0,0.0,0.0,0.0,0.0,0.0,0.0,0.0,0.0,0.0,0.0,0.0,15.8,0.0,0.0,0.0,5.94,139,6.29,174
00867B,新光A-BBB電信債,上櫃指數股票型基金(ETF),0.0,0.0,0.0,0.0,0.0,0.0,0.0,0.0,0.0,0.0,0.0,0.0,0.0,31.28,0.0,0.0,0.0,8.27,139,4.2,174
00957B,兆豐US優選投等債,上櫃指數股票型基金(ETF),0.0,0.0,0.0,0.0,0.0,0.0,0.0,0.0,0.0,0.0,0.0,0.0,0.0,13.43,0.0,0.0,0.0,1.13,8,4.15,168
00958B,永豐ESG銀行債15+,上櫃指數股票型基金(ETF),0.0,0.0,0.0,0.0,0.0,0.0,0.0,0.0,0.0,0.0,0.0,0.0,0.0,9.24,0.0,0.0,0.0,0.7,1,6.26,173
00959B,大華投等美債15Y+,上櫃指數股票型基金(ETF),0.0,0.0,0.0,0.0,0.0,0.0,0.0,0.0,0.0,0.0,0.0,0.0,0.0,9.37,0.0,0.0,0.0,1.89,21,4.66,174
00931B,統一美債20年,上櫃指數股票型基金(ETF),0.0,0.0,0.0,0.0,0.0,0.0,0.0,0.0,0.0,0.0,0.0,0.0,0.0,13.44,0.0,0.0,0.0,12.98,132,2.26,168
00740B,富邦全球投等債,上櫃指數股票型基金(ETF),0.0,0.0,0.0,0.0,0.0,0.0,0.0,0.0,0.0,0.0,0.0,0.0,0.0,38.45,0.0,0.0,0.0,6.66,139,5.12,174
00864B,中信美國公債0-1,上櫃指數股票型基金(ETF),0.0,0.0,0.0,0.0,0.0,0.0,0.0,0.0,0.0,0.0,0.0,0.0,0.0,46.51,0.0,0.0,0.0,2.1,81,0.0,0
00720B,元大投資級公司債,上櫃指數股票型基金(ETF),0.0,0.0,0.0,0.0,0.0,0.0,0.0,0.0,0.0,0.0,0.0,0.0,0.0,32.73,0.0,0.0,0.0,9.0,139,6.42,173
006201,元大富櫃50,上櫃指數股票型基金(ETF),0.0,0.0,0.0,0.0,0.0,0.0,0.0,0.0,0.0,0.0,0.0,0.0,0.0,42.41,0.0,0.0,0.0,18.14,70,32.15,180
00928,中信上櫃ESG 30,上櫃指數股票型基金(ETF),0.0,0.0,0.0,0.0,0.0,0.0,0.0,0.0,0.0,0.0,0.0,0.0,0.0,31.37,0.0,0.0,0.0,13.24,70,35.4,160
00789B,復華公司債A3,上櫃指數股票型基金(ETF),0.0,0.0,0.0,0.0,0.0,0.0,0.0,0.0,0.0,0.0,0.0,0.0,0.0,48.06,0.0,0.0,0.0,9.5,139,5.06,168
00754B,群益AAA-AA公司債,上櫃指數股票型基金(ETF),0.0,0.0,0.0,0.0,0.0,0.0,0.0,0.0,0.0,0.0,0.0,0.0,0.0,33.69,0.0,0.0,0.0,8.49,139,3.84,179
00696B,富邦美債20年,上櫃指數股票型基金(ETF),0.0,0.0,0.0,0.0,0.0,0.0,0.0,0.0,0.0,0.0,0.0,0.0,0.0,28.92,0.0,0.0,0.0,12.76,132,2.2,168
00844B,新光15年IG金融債,上櫃指數股票型基金(ETF),0.0,0.0,0.0,0.0,0.0,0.0,0.0,0.0,0.0,0.0,0.0,0.0,0.0,31.65,0.0,0.0,0.0,7.81,132,5.78,174
00791B,復華信用債1-5,上櫃指數股票型基金(ETF),0.0,0.0,0.0,0.0,0.0,0.0,0.0,0.0,0.0,0.0,0.0,0.0,0.0,56.7,0.0,0.0,0.0,3.22,97,0.27,168
00792B,群益A級公司債,上櫃指數股票型基金(ETF),0.0,0.0,0.0,0.0,0.0,0.0,0.0,0.0,0.0,0.0,0.0,0.0,0.0,31.66,0.0,0.0,0.0,9.42,139,4.93,174
00768B,復華20年美債,上櫃指數股票型基金(ETF),0.0,0.0,0.0,0.0,0.0,0.0,0.0,0.0,0.0,0.0,0.0,0.0,0.0,50.65,0.0,0.0,0.0,14.18,132,1.51,174
00842B,台新美元銀行債,上櫃指數股票型基金(ETF),0.0,0.0,0.0,0.0,0.0,0.0,0.0,0.0,0.0,0.0,0.0,0.0,0.0,30.3,0.0,0.0,0.0,8.49,132,5.27,167
00793B,群益AAA-A醫療債,上櫃指數股票型基金(ETF),0.0,0.0,0.0,0.0,0.0,0.0,0.0,0.0,0.0,0.0,0.0,0.0,0.0,30.67,0.0,0.0,0.0,9.25,139,4.16,174
00841B,凱基AAA-AA公司債,上櫃指數股票型基金(ETF),0.0,0.0,0.0,0.0,0.0,0.0,0.0,0.0,0.0,0.0,0.0,0.0,0.0,29.21,0.0,0.0,0.0,8.91,139,4.21,174
00840B,凱基IG精選15+,上櫃指數股票型基金(ETF),0.0,0.0,0.0,0.0,0.0,0.0,0.0,0.0,0.0,0.0,0.0,0.0,0.0,29.97,0.0,0.0,0.0,8.51,139,4.92,174
00786B,元大10年IG銀行債,上櫃指數股票型基金(ETF),0.0,0.0,0.0,0.0,0.0,0.0,0.0,0.0,0.0,0.0,0.0,0.0,0.0,32.75,0.0,0.0,0.0,6.74,139,3.96,174
00772B,中信高評級公司債,上櫃指數股票型基金(ETF),0.0,0.0,0.0,0.0,0.0,0.0,0.0,0.0,0.0,0.0,0.0,0.0,0.0,33.66,0.0,0.0,0.0,8.15,132,4.3,174
00773B,中信優先金融債,上櫃指數股票型基金(ETF),0.0,0.0,0.0,0.0,0.0,0.0,0.0,0.0,0.0,0.0,0.0,0.0,0.0,35.73,0.0,0.0,0.0,8.63,132,5.25,174
00785B,富邦金融投等債,上櫃指數股票型基金(ETF),0.0,0.0,0.0,0.0,0.0,0.0,0.0,0.0,0.0,0.0,0.0,0.0,0.0,34.75,0.0,0.0,0.0,8.61,132,5.61,168
00836B,永豐10年A公司債,上櫃指數股票型基金(ETF),0.0,0.0,0.0,0.0,0.0,0.0,0.0,0.0,0.0,0.0,0.0,0.0,0.0,28.79,0.0,0.0,0.0,9.29,139,4.71,174
00679B,元大美債20年,上櫃指數股票型基金(ETF),0.0,0.0,0.0,0.0,0.0,0.0,0.0,0.0,0.0,0.0,0.0,0.0,0.0,26.82,0.0,0.0,0.0,11.92,95,1.6,174
00834B,第一金金融債10+,上櫃指數股票型基金(ETF),0.0,0.0,0.0,0.0,0.0,0.0,0.0,0.0,0.0,0.0,0.0,0.0,0.0,33.92,0.0,0.0,0.0,8.69,132,6.03,173
00687B,國泰20年美債,上櫃指數股票型基金(ETF),0.0,0.0,0.0,0.0,0.0,0.0,0.0,0.0,0.0,0.0,0.0,0.0,0.0,27.86,0.0,0.0,0.0,12.86,132,1.64,174
00784B,富邦中國投等債,上櫃指數股票型基金(ETF),0.0,0.0,0.0,0.0,0.0,0.0,0.0,0.0,0.0,0.0,0.0,0.0,0.0,39.32,0.0,0.0,0.0,3.21,95,0.0,0
00799B,國泰A級醫療債,上櫃指數股票型基金(ETF),0.0,0.0,0.0,0.0,0.0,0.0,0.0,0.0,0.0,0.0,0.0,0.0,0.0,29.83,0.0,0.0,0.0,7.49,139,2.26,174
00795B,中信美國公債20年,上櫃指數股票型基金(ETF),0.0,0.0,0.0,0.0,0.0,0.0,0.0,0.0,0.0,0.0,0.0,0.0,0.0,27.07,0.0,0.0,0.0,11.56,95,1.11,174
00777B,凱基AAA至A公司債,上櫃指數股票型基金(ETF),0.0,0.0,0.0,0.0,0.0,0.0,0.0,0.0,0.0,0.0,0.0,0.0,0.0,32.59,0.0,0.0,0.0,9.33,139,4.43,174
00782B,國泰A級公用債,上櫃指數股票型基金(ETF),0.0,0.0,0.0,0.0,0.0,0.0,0.0,0.0,0.0,0.0,0.0,0.0,0.0,30.25,0.0,0.0,0.0,9.29,139,4.56,168
00778B,凱基金融債20+,上櫃指數股票型基金(ETF),0.0,0.0,0.0,0.0,0.0,0.0,0.0,0.0,0.0,0.0,0.0,0.0,0.0,34.27,0.0,0.0,0.0,9.92,132,5.98,174
00794B,群益7+中國政金債,上櫃指數股票型基金(ETF),0.0,0.0,0.0,0.0,0.0,0.0,0.0,0.0,0.0,0.0,0.0,0.0,0.0,39.82,0.0,0.0,0.0,4.23,95,0.0,0
00779B,凱基美債25+,上櫃指數股票型基金(ETF),0.0,0.0,0.0,0.0,0.0,0.0,0.0,0.0,0.0,0.0,0.0,0.0,0.0,28.24,0.0,0.0,0.0,13.48,132,1.83,174
00780B,國泰A級金融債,上櫃指數股票型基金(ETF),0.0,0.0,0.0,0.0,0.0,0.0,0.0,0.0,0.0,0.0,0.0,0.0,0.0,37.53,0.0,0.0,0.0,5.53,95,2.41,174
00845B,富邦新興投等債,上櫃指數股票型基金(ETF),0.0,0.0,0.0,0.0,0.0,0.0,0.0,0.0,0.0,0.0,0.0,0.0,0.0,33.64,0.0,0.0,0.0,5.35,158,4.18,174
00846B,富邦歐洲銀行債,上櫃指數股票型基金(ETF),0.0,0.0,0.0,0.0,0.0,0.0,0.0,0.0,0.0,0.0,0.0,0.0,0.0,36.13,0.0,0.0,0.0,4.65,92,2.17,174
00781B,國泰A級科技債,上櫃指數股票型基金(ETF),0.0,0.0,0.0,0.0,0.0,0.0,0.0,0.0,0.0,0.0,0.0,0.0,0.0,28.57,0.0,0.0,0.0,8.25,132,2.48,179
00847B,中信美國市政債,上櫃指數股票型基金(ETF),0.0,0.0,0.0,0.0,0.0,0.0,0.0,0.0,0.0,0.0,0.0,0.0,0.0,25.78,0.0,0.0,0.0,9.08,95,2.43,174
00787B,元大10年IG醫療債,上櫃指數股票型基金(ETF),0.0,0.0,0.0,0.0,0.0,0.0,0.0,0.0,0.0,0.0,0.0,0.0,0.0,32.44,0.0,0.0,0.0,7.89,132,3.6,174
00848B,中信新興亞洲債,上櫃指數股票型基金(ETF),0.0,0.0,0.0,0.0,0.0,0.0,0.0,0.0,0.0,0.0,0.0,0.0,0.0,34.26,0.0,0.0,0.0,6.9,139,4.52,168
00764B,群益25年美債,上櫃指數股票型基金(ETF),0.0,0.0,0.0,0.0,0.0,0.0,0.0,0.0,0.0,0.0,0.0,0.0,0.0,27.85,0.0,0.0,0.0,13.27,132,1.39,174
00756B,群益投等新興公債,上櫃指數股票型基金(ETF),0.0,0.0,0.0,0.0,0.0,0.0,0.0,0.0,0.0,0.0,0.0,0.0,0.0,31.79,0.0,0.0,0.0,7.32,139,7.21,173
00758B,復華能源債,上櫃指數股票型基金(ETF),0.0,0.0,0.0,0.0,0.0,0.0,0.0,0.0,0.0,0.0,0.0,0.0,0.0,51.55,0.0,0.0,0.0,6.57,95,6.97,174
00849B,中信EM主權債0-5,上櫃指數股票型基金(ETF),0.0,0.0,0.0,0.0,0.0,0.0,0.0,0.0,0.0,0.0,0.0,0.0,0.0,37.22,0.0,0.0,0.0,2.42,92,0.0,0
00759B,復華製藥債,上櫃指數股票型基金(ETF),0.0,0.0,0.0,0.0,0.0,0.0,0.0,0.0,0.0,0.0,0.0,0.0,0.0,54.45,0.0,0.0,0.0,8.46,139,5.03,174
00755B,群益投資級公用債,上櫃指數股票型基金(ETF),0.0,0.0,0.0,0.0,0.0,0.0,0.0,0.0,0.0,0.0,0.0,0.0,0.0,32.85,0.0,0.0,0.0,8.34,139,4.71,174
00695B,富邦美債7-10,上櫃指數股票型基金(ETF),0.0,0.0,0.0,0.0,0.0,0.0,0.0,0.0,0.0,0.0,0.0,0.0,0.0,35.2,0.0,0.0,0.0,7.12,95,1.09,168
00761B,國泰A級公司債,上櫃指數股票型基金(ETF),0.0,0.0,0.0,0.0,0.0,0.0,0.0,0.0,0.0,0.0,0.0,0.0,0.0,34.6,0.0,0.0,0.0,7.47,139,3.72,174
00694B,富邦美債1-3,上櫃指數股票型基金(ETF),0.0,0.0,0.0,0.0,0.0,0.0,0.0,0.0,0.0,0.0,0.0,0.0,0.0,41.7,0.0,0.0,0.0,2.57,95,0.0,0
00790B,復華次順位金融債,上櫃指數股票型基金(ETF),0.0,0.0,0.0,0.0,0.0,0.0,0.0,0.0,0.0,0.0,0.0,0.0,0.0,53.2,0.0,0.0,0.0,7.81,132,0.0,0
00760B,復華新興企業債,上櫃指數股票型基金(ETF),0.0,0.0,0.0,0.0,0.0,0.0,0.0,0.0,0.0,0.0,0.0,0.0,0.0,54.2,0.0,0.0,0.0,6.57,139,5.62,173
020015,統一MSCI美低波N,ETN,0.0,0.0,0.0,0.0,0.0,0.0,0.0,0.0,0.0,0.0,0.0,0.0,0.0,0.0,0.0,0.0,0.0,0.0,0,0.0,0
020016,統一MSCI美科技N,ETN,0.0,0.0,0.0,0.0,0.0,0.0,0.0,0.0,0.0,0.0,0.0,0.0,0.0,0.0,0.0,0.0,0.0,0.0,0,0.0,0
3202,樺晟,電子零組件業,-0.8,2863876000.0,0.0,0.0,0.0,0.0,0.0,0.0,0.0,0.0,0.0,0.0,0.0,3.96,0.0,0.0,0.0,54.94,32,0.0,0
2437,旺詮,電子工業,0.0,0.0,0.0,0.0,0.0,0.0,0.0,0.0,0.0,0.0,0.0,0.0,0.0,0.0,0.0,0.0,0.0,0.0,0,0.0,0
3315,宣昶,電子通路業,0.0,0.0,0.0,0.0,0.0,0.0,0.0,0.0,0.0,0.0,0.0,0.0,0.0,0.0,0.0,0.0,0.0,0.0,0,0.0,0
8383,千附,其他電子類,3.42,3254284000.0,951545029.2397661,1.46,4132466160.0545278,4.34,15.48,15.98,10.87,26.85,47.18,116.53,67.2,62.9,1.07,0.75,1.85,23.5,64,0.0,0
5443,均豪,光電業,2.59,4662722000.0,1800278764.4787645,0.88,5351143459.730707,2.97,49.86,61.12,30.6,91.72,90.88,272.41,148.09,129.5,1.14,0.7,2.1,177.78,158,65.01,143
6829,千附精密,電機機械,3.95,1822694000.0,461441518.98734176,1.71,2348290885.7172723,5.09,26.95,48.28,17.92,66.2,91.21,336.96,137.19,245.5,0.56,0.37,1.37,28.9,167,7.35,14
6240,松崗,其他,-1.15,53259000.0,0.0,0.0,51064808.98876405,0.0,38.16,72.27,12.73,85.0,0.0,0.0,0.0,19.1,0.0,0.0,0.0,33.64,78,22.05,66
6208,日揚,電子零組件業,2.52,3781837000.0,1500728968.2539682,0.72,3407243054.4267406,2.27,16.33,22.86,12.3,35.16,27.92,79.81,37.07,80.0,0.46,0.35,1.0,15.2,152,24.17,105
5314,世紀*,半導體業,5.56,2765245000.0,497346223.0215828,3.43,7838090424.099464,15.76,41.76,129.05,12.66,141.71,199.52,2233.35,658.19,71.6,9.19,2.79,31.19,0.0,0,123.6,147
4950,金耘國際,其他,-0.06,936308000.0,0.0,0.0,1339609133.5283446,0.0,0.0,0.0,0.0,0.0,0.0,0.0,0.0,17.95,0.0,0.0,0.0,118.58,64,0.0,0
6187,萬潤,其他電子類,15.46,5648264000.0,365346959.8965071,4.62,5314500396.753249,14.55,42.31,133.26,13.8,147.06,200.79,2139.72,615.6,1210.0,0.51,0.17,1.77,125.31,158,54.65,54
3521,鴻翊,電腦及週邊設備業,-0.09,241478000.0,0.0,0.0,218705534.1955979,0.0,0.0,0.0,0.0,0.0,0.0,0.0,0.0,13.9,0.0,0.0,0.0,0.72,1,20.94,25
5348,正能量智能,通信網路業,-1.49,274780000.0,0.0,0.0,299139185.6472859,0.0,1202.77,1609.09,65.91,1675.0,0.0,0.0,0.0,0.0,0.0,0.0,0.0,85.17,166,0.0,0
00925,新光標普電動車,ETF,0.0,0.0,0.0,0.0,0.0,0.0,0.0,0.0,0.0,0.0,0.0,0.0,0.0,16.1,0.0,0.0,0.0,11.85,76,6.14,20
6287,元隆,半導體業,-2.31,540288000.0,0.0,0.0,0.0,0.0,0.0,0.0,0.0,0.0,0.0,0.0,0.0,8.89,0.0,0.0,0.0,38.08,91,8.56,10
020018,統一價值成長30N,ETN,0.0,0.0,0.0,0.0,0.0,0.0,0.0,0.0,0.0,0.0,0.0,0.0,0.0,24.94,0.0,0.0,0.0,10.54,91,6.98,14
020019,統一特選台灣5GN,ETN,0.0,0.0,0.0,0.0,0.0,0.0,0.0,0.0,0.0,0.0,0.0,0.0,0.0,21.59,0.0,0.0,0.0,0.0,0,0.0,0
4945,陞達科技,半導體業,0.87,477318000.0,548641379.3103448,0.0,0.0,0.0,28.12,30.06,17.06,47.12,0.0,0.0,0.0,76.1,0.0,0.0,0.0,20.34,27,18.69,45
8497,格威傳媒,其他,0.0,0.0,0.0,0.0,0.0,0.0,0.0,0.0,0.0,0.0,0.0,0.0,0.0,0.0,0.0,0.0,0.0,0.0,0,0.0,0
2888B,新光金乙特,金融保險,0.0,0.0,0.0,0.0,0.0,0.0,0.0,0.0,0.0,0.0,0.0,0.0,0.0,36.8,0.0,0.0,0.0,42.78,113,0.0,0
2888A,新光金甲特,金融保險,0.0,0.0,0.0,0.0,0.0,0.0,0.0,0.0,0.0,0.0,0.0,0.0,0.0,36.5,0.0,0.0,0.0,44.91,113,0.0,0
2897A,王道銀甲特,金融保險,0.0,0.0,0.0,0.0,0.0,0.0,0.0,0.0,0.0,0.0,0.0,0.0,0.0,10.3,0.0,0.0,0.0,4.83,71,0.0,0
6747,亨泰光,生技醫療業,1.91,713250000.0,373429319.37172776,0.0,0.0,0.0,36.31,69.74,17.93,87.67,0.0,0.0,0.0,199.0,0.0,0.0,0.0,2.5,5,41.79,173
02001S,策元大加權策略N,ETN,0.0,0.0,0.0,0.0,0.0,0.0,0.0,0.0,0.0,0.0,0.0,0.0,0.0,0.0,0.0,0.0,0.0,0.0,0,0.0,0
020023,元大櫃買半導體N,指數投資證券(ETN),0.0,0.0,0.0,0.0,0.0,0.0,0.0,0.0,0.0,0.0,0.0,0.0,0.0,7.2,0.0,0.0,0.0,18.69,70,48.9,182
6288,聯嘉,汽車工業,0.11,3643623000.0,33123845454.545456,0.0,0.0,0.0,88.98,604.39,40.61,645.0,0.0,0.0,0.0,20.95,0.0,0.0,0.0,1.1,4,15.12,84
1613,台一,電器電纜,2.13,0.0,0.0,0.0,0.0,0.0,0.0,0.0,0.0,0.0,0.0,0.0,0.0,0.0,0.0,0.0,0.0,0.0,0,0.0,0
02001B,統一美國政府債N,指數投資證券(ETN),0.0,0.0,0.0,0.0,0.0,0.0,0.0,0.0,0.0,0.0,0.0,0.0,0.0,8.75,0.0,0.0,0.0,9.34,139,3.41,180
3036A,文曄甲特,電子通路業,0.0,0.0,0.0,0.0,0.0,0.0,0.0,0.0,0.0,0.0,0.0,0.0,0.0,52.0,0.0,0.0,0.0,3.29,141,1.38,56
2856,元富證,金融保險,1.33,0.0,0.0,0.0,0.0,0.0,45.11,0.0,45.11,45.11,0.0,0.0,0.0,0.0,0.0,0.0,0.0,0.0,0,0.0,0
2823,中壽,金融保險,3.03,0.0,0.0,0.0,0.0,0.0,14.0,0.0,14.0,14.0,0.0,0.0,0.0,0.0,0.0,0.0,0.0,0.0,0,0.0,0
2809,京城銀,金融保險,3.41,6882140000.0,2018222873.900293,0.0,0.0,0.0,11.65,11.27,7.8,19.07,0.0,0.0,0.0,56.6,0.0,0.0,0.0,17.24,50,18.64,131
2888,新光金,金融保險,-0.71,-51181701000.0,0.0,0.0,0.0,0.0,22.21,38.94,7.79,46.73,0.0,0.0,0.0,11.8,0.0,0.0,0.0,55.89,132,2.97,26
1469,理隆,紡織纖維,0.0,0.0,0.0,0.0,0.0,0.0,0.0,0.0,0.0,0.0,0.0,0.0,0.0,0.0,0.0,0.0,0.0,0.0,0,0.0,0
1729,必翔,化學生技醫療,0.0,0.0,0.0,0.0,0.0,0.0,0.0,0.0,0.0,0.0,0.0,0.0,0.0,0.0,0.0,0.0,0.0,0.0,0,0.0,0
3536,誠創,半導體業,0.0,0.0,0.0,0.0,0.0,0.0,34.6,0.0,34.6,34.6,0.0,0.0,0.0,0.0,0.0,0.0,0.0,0.0,0,0.0,0
2311,日月光,半導體業,0.0,0.0,0.0,0.0,0.0,0.0,13.01,0.0,13.01,13.01,0.0,0.0,0.0,0.0,0.0,0.0,0.0,0.0,0,0.0,0
5305,敦南,半導體業,0.0,0.0,0.0,0.0,0.0,0.0,21.42,0.0,21.42,21.42,0.0,0.0,0.0,0.0,0.0,0.0,0.0,0.0,0,0.0,0
3579,尚志,半導體業,0.0,0.0,0.0,0.0,0.0,0.0,0.0,0.0,0.0,0.0,0.0,0.0,0.0,0.0,0.0,0.0,0.0,0.0,0,0.0,0
3519,綠能,半導體業,0.0,0.0,0.0,0.0,0.0,0.0,0.0,0.0,0.0,0.0,0.0,0.0,0.0,0.0,0.0,0.0,0.0,0.0,0,0.0,0
2325,矽品,半導體業,0.0,0.0,0.0,0.0,0.0,0.0,18.9,0.0,18.9,18.9,0.0,0.0,0.0,0.0,0.0,0.0,0.0,0.0,0,0.0,0
6145,勁永,電子通路業,0.0,0.0,0.0,0.0,0.0,0.0,0.0,0.0,0.0,0.0,0.0,0.0,0.0,0.0,0.0,0.0,0.0,0.0,0,0.0,0
6131,鈞泰,電子工業,0.0,0.0,0.0,0.0,0.0,0.0,14.0,0.0,14.0,14.0,0.0,0.0,0.0,0.0,0.0,0.0,0.0,0.0,0,0.0,0
1701,中化,生技醫療業,0.0,0.0,0.0,0.0,0.0,0.0,20.02,3.17,17.65,20.82,0.0,0.0,0.0,21.15,0.0,0.0,0.0,3.62,55,0.0,0
1704,榮化,化學工業,0.0,0.0,0.0,0.0,0.0,0.0,10.17,0.0,10.17,10.17,0.0,0.0,0.0,0.0,0.0,0.0,0.0,0.0,0,0.0,0
4984,科納-KY,電子工業,0.0,0.0,0.0,0.0,0.0,0.0,31.43,0.0,31.43,31.43,0.0,0.0,0.0,0.0,0.0,0.0,0.0,0.0,0,0.0,0
6251,定穎,電子工業,0.0,0.0,0.0,0.0,0.0,0.0,31.45,0.0,31.45,31.45,0.0,0.0,0.0,0.0,0.0,0.0,0.0,0.0,0,0.0,0
3454,晶睿,電子工業,-0.11,7641632000.0,0.0,0.0,6348482611.739699,0.0,44.17,63.18,17.63,80.81,0.0,0.0,0.0,99.4,0.0,0.0,0.0,13.06,76,0.0,0
6172,互億,電子工業,0.0,0.0,0.0,0.0,0.0,0.0,51.75,0.0,51.75,51.75,0.0,0.0,0.0,0.0,0.0,0.0,0.0,0.0,0,0.0,0
2475,華映,電子工業,0.0,0.0,0.0,0.0,0.0,0.0,4.29,0.0,4.29,4.29,0.0,0.0,0.0,0.0,0.0,0.0,0.0,0.0,0,0.0,0
3383,新世紀,電子工業,0.0,0.0,0.0,0.0,0.0,0.0,0.0,0.0,0.0,0.0,0.0,0.0,0.0,0.0,0.0,0.0,0.0,0.0,0,0.0,0
5259,奕智博,電子工業,0.0,0.0,0.0,0.0,0.0,0.0,0.0,0.0,0.0,0.0,0.0,0.0,0.0,0.0,0.0,0.0,0.0,0.0,0,0.0,0
2456,奇力新,電子工業,0.0,0.0,0.0,0.0,0.0,0.0,18.73,0.0,18.73,18.73,0.0,0.0,0.0,0.0,0.0,0.0,0.0,0.0,0,0.0,0
3514,昱晶,電子工業,0.0,0.0,0.0,0.0,0.0,0.0,0.0,0.0,0.0,0.0,0.0,0.0,0.0,0.0,0.0,0.0,0.0,0.0,0,0.0,0
4144,康聯-KY,生技醫療業,0.0,0.0,0.0,0.0,0.0,0.0,10.1,0.0,10.1,10.1,0.0,0.0,0.0,0.0,0.0,0.0,0.0,0.0,0,0.0,0
8480,泰昇-KY,其他,0.0,0.0,0.0,0.0,0.0,0.0,17.51,0.0,17.51,17.51,0.0,0.0,0.0,0.0,0.0,0.0,0.0,0.0,0,0.0,0
3561,昇陽光電,電子工業,0.0,0.0,0.0,0.0,0.0,0.0,0.0,0.0,0.0,0.0,0.0,0.0,0.0,0.0,0.0,0.0,0.0,0.0,0,0.0,0
1724,台硝,化學工業,0.0,0.0,0.0,0.0,0.0,0.0,21.21,0.0,21.21,21.21,0.0,0.0,0.0,0.0,0.0,0.0,0.0,0.0,0,0.0,0
2443,昶虹,其他,-0.42,0.0,0.0,0.0,0.0,0.0,0.0,0.0,0.0,0.0,0.0,0.0,0.0,0.0,0.0,0.0,0.0,0.0,0,0.0,0
6422,君耀-KY,電子工業,0.0,0.0,0.0,0.0,0.0,0.0,12.18,0.0,12.18,12.18,0.0,0.0,0.0,0.0,0.0,0.0,0.0,0.0,0,0.0,0
5264,鎧勝-KY,電子工業,0.0,0.0,0.0,0.0,0.0,0.0,14.07,0.0,14.07,14.07,0.0,0.0,0.0,0.0,0.0,0.0,0.0,0.0,0,0.0,0
3698,隆達,電子工業,0.0,0.0,0.0,0.0,0.0,0.0,0.0,0.0,0.0,0.0,0.0,0.0,0.0,0.0,0.0,0.0,0.0,0.0,0,0.0,0
2358,廷鑫,其他,0.0,0.0,0.0,0.0,0.0,0.0,0.0,0.0,0.0,0.0,0.0,0.0,0.0,0.0,0.0,0.0,0.0,0.0,0,0.0,0
6452,康友-KY,生技醫療業,0.0,0.0,0.0,0.0,0.0,0.0,26.86,0.0,26.86,26.86,0.0,0.0,0.0,0.0,0.0,0.0,0.0,0.0,0,0.0,0
2448,晶電,電子工業,0.0,0.0,0.0,0.0,0.0,0.0,47.14,0.0,47.14,47.14,0.0,0.0,0.0,0.0,0.0,0.0,0.0,0.0,0,0.0,0
6289,華上,電子工業,0.0,0.0,0.0,0.0,0.0,0.0,0.0,0.0,0.0,0.0,0.0,0.0,0.0,0.0,0.0,0.0,0.0,0.0,0,0.0,0
1592,英瑞-KY,汽車工業,0.0,0.0,0.0,0.0,0.0,0.0,11.25,0.0,11.25,11.25,0.0,0.0,0.0,0.0,0.0,0.0,0.0,0.0,0,0.0,0
8427,基勝-KY,其他,0.0,0.0,0.0,0.0,0.0,0.0,33.48,0.0,33.48,33.48,0.0,0.0,0.0,0.0,0.0,0.0,0.0,0.0,0,0.0,0
4725,信昌化,化學工業,0.0,0.0,0.0,0.0,0.0,0.0,0.0,0.0,0.0,0.0,0.0,0.0,0.0,0.0,0.0,0.0,0.0,0.0,0,0.0,0
4141,龍燈-KY,生技醫療業,0.0,0.0,0.0,0.0,0.0,0.0,0.0,0.0,0.0,0.0,0.0,0.0,0.0,0.0,0.0,0.0,0.0,0.0,0,0.0,0
2499,東貝,電子工業,0.0,0.0,0.0,0.0,0.0,0.0,0.0,0.0,0.0,0.0,0.0,0.0,0.0,0.0,0.0,0.0,0.0,0.0,0,0.0,0
3682,亞太電,電子工業,0.0,0.0,0.0,0.0,0.0,0.0,0.0,0.0,0.0,0.0,0.0,0.0,0.0,0.0,0.0,0.0,0.0,0.0,0,0.0,0
1262,綠悅-KY,其他,0.0,0.0,0.0,0.0,0.0,0.0,7.85,0.0,7.85,7.85,0.0,0.0,0.0,0.0,0.0,0.0,0.0,0.0,0,0.0,0
1589,永冠-KY,電機機械,-5.06,8035754000.0,0.0,0.0,7899032091.915985,0.0,0.0,0.0,0.0,0.0,0.0,0.0,0.0,5.54,0.0,0.0,0.0,0.0,0,0.17,12
1507,永大,電機機械,0.0,0.0,0.0,0.0,0.0,0.0,16.25,0.0,16.25,16.25,0.0,0.0,0.0,0.0,0.0,0.0,0.0,0.0,0,0.0,0
0058,富邦發達,ETF,0.0,0.0,0.0,0.0,0.0,0.0,0.0,0.0,0.0,0.0,0.0,0.0,0.0,0.0,0.0,0.0,0.0,0.0,0,0.0,0
00677U,期富邦VIX,ETF,0.0,0.0,0.0,0.0,0.0,0.0,0.0,0.0,0.0,0.0,0.0,0.0,0.0,0.0,0.0,0.0,0.0,0.0,0,0.0,0
0059,富邦金融,ETF,0.0,0.0,0.0,0.0,0.0,0.0,0.0,0.0,0.0,0.0,0.0,0.0,0.0,0.0,0.0,0.0,0.0,0.0,0,0.0,0
00649,FH香港,ETF,0.0,0.0,0.0,0.0,0.0,0.0,0.0,0.0,0.0,0.0,0.0,0.0,0.0,0.0,0.0,0.0,0.0,0.0,0,0.0,0
00672L,元大S&P原油正2,ETF,0.0,0.0,0.0,0.0,0.0,0.0,0.0,0.0,0.0,0.0,0.0,0.0,0.0,0.0,0.0,0.0,0.0,0.0,0,0.0,0
008201,BP上證50,ETF,0.0,0.0,0.0,0.0,0.0,0.0,0.0,0.0,0.0,0.0,0.0,0.0,0.0,0.0,0.0,0.0,0.0,0.0,0,0.0,0
0054,元大台商50,ETF,0.0,0.0,0.0,0.0,0.0,0.0,0.0,0.0,0.0,0.0,0.0,0.0,0.0,0.0,0.0,0.0,0.0,0.0,0,0.0,0
00667,元大韓國,ETF,0.0,0.0,0.0,0.0,0.0,0.0,0.0,0.0,0.0,0.0,0.0,0.0,0.0,0.0,0.0,0.0,0.0,0.0,0,0.0,0
00705R,台新MSCI台灣反1,ETF,0.0,0.0,0.0,0.0,0.0,0.0,0.0,0.0,0.0,0.0,0.0,0.0,0.0,0.0,0.0,0.0,0.0,0.0,0,0.0,0
00659R,國泰日本反1,ETF,0.0,0.0,0.0,0.0,0.0,0.0,0.0,0.0,0.0,0.0,0.0,0.0,0.0,0.0,0.0,0.0,0.0,0.0,0,0.0,0
00658L,國泰日本正2,ETF,0.0,0.0,0.0,0.0,0.0,0.0,0.0,0.0,0.0,0.0,0.0,0.0,0.0,0.0,0.0,0.0,0.0,0.0,0,0.0,0
00716R,華頓S&P布蘭特反1,ETF,0.0,0.0,0.0,0.0,0.0,0.0,0.0,0.0,0.0,0.0,0.0,0.0,0.0,0.0,0.0,0.0,0.0,0.0,0,0.0,0
00691R,兆豐藍籌30反1,ETF,0.0,0.0,0.0,0.0,0.0,0.0,0.0,0.0,0.0,0.0,0.0,0.0,0.0,0.0,0.0,0.0,0.0,0.0,0,0.0,0
00699R,元大美債7-10反1,ETF,0.0,0.0,0.0,0.0,0.0,0.0,0.0,0.0,0.0,0.0,0.0,0.0,0.0,0.0,0.0,0.0,0.0,0.0,0,0.0,0
00698L,元大美債7-10正2,ETF,0.0,0.0,0.0,0.0,0.0,0.0,0.0,0.0,0.0,0.0,0.0,0.0,0.0,0.0,0.0,0.0,0.0,0.0,0,0.0,0
00704L,台新MSCI台灣正2,ETF,0.0,0.0,0.0,0.0,0.0,0.0,0.0,0.0,0.0,0.0,0.0,0.0,0.0,0.0,0.0,0.0,0.0,0.0,0,0.0,0
2936,客思達-KY,貿易百貨,0.0,0.0,0.0,0.0,0.0,0.0,9.81,0.0,9.81,9.81,0.0,0.0,0.0,0.0,0.0,0.0,0.0,0.0,0,0.0,0
2841,台開,建材營造,0.0,0.0,0.0,0.0,0.0,0.0,24.24,0.0,24.24,24.24,0.0,0.0,0.0,0.0,0.0,0.0,0.0,0.0,0,0.0,0
1715,萬洲,塑膠工業,0.0,0.0,0.0,0.0,0.0,0.0,0.0,0.0,0.0,0.0,0.0,0.0,0.0,0.0,0.0,0.0,0.0,0.0,0,0.0,0
1435,中福,其他,-0.41,5981000.0,0.0,0.0,5984001.003512293,0.0,0.0,0.0,0.0,0.0,0.0,0.0,0.0,12.85,0.0,0.0,0.0,0.0,0,0.7,14
6294,智基,文化創意業,2.78,986608000.0,354894964.028777,0.8,840880411.7269472,2.37,20.14,27.65,12.02,39.67,28.49,94.02,47.74,33.85,1.41,0.84,2.78,1.27,5,2.87,108
6272,驊陞,電子工業,3.42,688946000.0,201446198.83040935,0.0,0.0,0.0,13.47,10.09,9.84,19.93,0.0,0.0,0.0,32.05,0.0,0.0,0.0,333.08,74,37.33,122
6271,同欣電,半導體業,7.64,11595081000.0,1517680759.1623037,2.45,11171420638.068466,7.36,17.49,19.02,10.23,29.25,75.29,215.28,128.76,173.0,0.74,0.44,1.24,8.84,75,17.84,182
6285,啟碁,電子工業,6.4,110508716000.0,17266986875.0,2.22,112061066998.85854,6.49,19.11,29.41,12.77,42.18,82.88,273.75,124.01,216.0,0.57,0.38,1.27,11.48,50,2.35,12
6284,佳邦,電子零組件業,4.36,7575483000.0,1737496100.917431,1.32,7127811719.170209,4.1,14.52,11.69,8.7,20.39,35.67,83.6,59.54,75.4,0.79,0.47,1.11,17.92,70,25.5,179
6274,台燿,電子零組件業,12.13,29179204000.0,2405540313.272877,5.53,46289128940.03387,19.24,30.2,73.91,12.24,86.15,235.5,1657.53,581.07,1010.0,0.58,0.23,1.64,0.0,0,170.53,182
6278,台表科,光電業,9.39,49870351000.0,5311006496.27263,3.14,50316098358.19914,9.47,11.04,10.94,8.24,19.18,78.03,181.63,104.53,168.0,0.62,0.46,1.08,13.93,62,11.65,68
6263,普萊德,通信網路業,8.32,1881342000.0,226122836.53846154,2.74,1861009851.9849203,8.23,17.85,8.47,14.42,22.89,118.68,188.38,146.93,139.0,1.06,0.85,1.36,25.42,146,3.92,7
6277,宏正,電腦及週邊設備業,3.08,4892149000.0,1588360064.9350648,1.12,5235663789.750716,3.3,18.01,9.5,14.17,23.67,46.76,78.11,59.44,69.2,0.86,0.68,1.13,5.33,33,2.2,7
6292,迅德,電子零組件業,2.0,1000924000.0,500462000.0,0.76,1176005315.6428995,2.35,28.63,87.31,8.52,95.83,20.02,225.2,67.28,45.1,1.49,0.44,4.99,14.95,25,1.71,24
6291,沛亨,半導體業,6.6,2053233000.0,311095909.0909091,2.83,3080785744.455863,9.9,25.54,67.7,8.97,76.67,88.8,759.03,252.87,422.0,0.6,0.21,1.8,6.6,43,151.53,129
6266,泰詠,電子零組件業,2.04,3364052000.0,1649045098.0392156,0.63,3362011445.709982,2.04,14.2,6.41,11.07,17.48,22.58,35.66,28.98,27.85,1.04,0.81,1.28,5.06,26,5.64,38
6265,方土昶,電子通路業,0.68,771827000.0,1135039705.8823528,0.84,3949075174.4907856,3.48,90.54,169.1,23.4,192.5,81.43,669.9,315.07,39.8,7.92,2.05,16.83,35.24,69,36.64,167
6269,台郡,電子工業,-6.95,22414698000.0,0.0,0.0,23142552831.88745,0.0,29.63,46.35,12.99,59.34,0.0,0.0,0.0,65.8,0.0,0.0,0.0,6.65,11,33.92,117
6264,富裔,建材營造,-0.5,117286000.0,0.0,0.0,52718225.227918096,0.0,164.84,36.6,154.0,190.6,0.0,0.0,0.0,6.09,0.0,0.0,0.0,0.0,0,2.22,12
6290,良維,電子零組件業,8.72,10099931000.0,1158248967.889908,2.99,11140845204.553057,9.62,17.56,26.75,9.56,36.31,91.97,349.3,168.96,285.5,0.59,0.32,1.22,15.59,74,133.54,182
6279,胡連,電子零組件業,10.96,9789266000.0,893181204.379562,3.47,9279465547.510149,10.39,13.07,7.35,9.59,16.94,99.64,176.01,135.81,107.5,1.26,0.93,1.64,21.54,146,0.0,0
6281,全國電,電子通路業,3.7,18994144000.0,5133552432.432432,1.12,18464818406.97324,3.6,16.93,4.79,13.51,18.3,48.64,65.88,60.96,50.0,1.22,0.97,1.32,0.59,14,0.54,6
6276,安鈦克,電腦及週邊設備業,0.93,1457611000.0,1567323655.9139783,0.23,961922953.6841207,0.61,44.04,29.93,29.63,59.56,18.07,36.33,26.86,31.5,0.85,0.57,1.15,19.96,22,38.22,38
6282,康舒,電子工業,0.18,31582716000.0,175459533333.33334,0.07,36479792882.30198,0.21,1341.07,2742.78,237.22,2980.0,49.82,625.8,281.62,47.35,5.95,1.05,13.22,0.62,64,76.79,180
6283,淳安,其他電子業,-0.22,1845136000.0,0.0,0.0,1632311111.1959932,0.0,35.83,45.51,21.72,67.23,0.0,0.0,0.0,21.6,0.0,0.0,0.0,1.39,8,30.58,117
6270,倍微,電子通路業,1.08,2772394000.0,2567031481.481481,0.36,2686211855.53807,1.05,52.59,108.84,15.99,124.83,16.79,131.07,55.22,26.35,2.1,0.64,4.97,61.77,76,0.21,96
00400A,主動國泰動能高息,ETF,0.0,0.0,0.0,0.0,0.0,0.0,0.0,0.0,0.0,0.0,0.0,0.0,0.0,12.92,0.0,0.0,0.0,18.53,21,18.53,21
6405,悅城,電子工業,-1.27,927000.0,0.0,0.0,253060.34482758623,0.0,0.0,0.0,0.0,0.0,0.0,0.0,0.0,50.9,0.0,0.0,0.0,114.5,174,20.92,178
6535,順藥,生技醫療業,-2.06,40430000.0,0.0,0.0,28468744.608572844,0.0,0.0,0.0,0.0,0.0,0.0,0.0,0.0,152.0,0.0,0.0,0.0,124.35,179,91.59,137
6538,倉和,電子零組件業,1.15,1483039000.0,1289599130.4347827,0.32,1106251932.1418612,0.86,18.53,58.07,8.63,66.7,7.42,57.36,15.94,75.4,0.21,0.1,0.76,18.58,61,9.95,35
6533,晶心科,電子工業,-8.19,1432983000.0,0.0,0.0,1769490376.1826608,0.0,7806.98,3312.5,6025.0,9337.5,0.0,0.0,0.0,228.5,0.0,0.0,0.0,13.19,53,11.47,144
6541,泰福-KY,生技醫療業,-6.21,381342000.0,0.0,0.0,1158201100.2561507,0.0,0.0,0.0,0.0,0.0,0.0,0.0,0.0,39.6,0.0,0.0,0.0,63.34,120,7.58,165
6542,隆中,文化創意業,0.02,861299000.0,43064950000.0,0.01,1073025791.338987,0.02,370.29,2830.91,19.09,2850.0,0.38,57.0,7.41,49.0,0.15,0.01,1.16,0.71,7,5.31,4
6546,正基,通信網路業,2.73,2312100000.0,846923076.923077,0.86,2110145592.3995025,2.49,32.63,34.88,21.3,56.18,53.04,139.89,81.24,62.7,1.3,0.85,2.23,89.2,145,0.31,12
6547,高端疫苗,生技醫療業,-0.85,607793000.0,0.0,0.0,591376508.0793833,0.0,0.0,0.0,0.0,0.0,0.0,0.0,0.0,49.35,0.0,0.0,0.0,7.65,60,3.14,17
6548,長科*,半導體業,1.63,13288729000.0,8152594478.527608,0.6,15266314170.001621,1.87,22.5,23.07,14.41,37.48,26.95,70.09,42.08,51.6,0.82,0.52,1.36,9.7,28,14.81,182
6531,愛普*,電子工業,7.73,5290540000.0,684416558.8615782,4.26,10761838599.23358,15.72,47.98,88.81,19.86,108.67,312.2,1708.29,754.28,840.0,0.9,0.37,2.03,7.63,63,67.01,182
6512,啟發電,其他電子類,-0.78,191934000.0,0.0,0.0,123396596.51592468,0.0,0.0,0.0,0.0,0.0,0.0,0.0,0.0,19.05,0.0,0.0,0.0,55.66,33,9.13,35
6515,穎崴,半導體業,46.93,7384564000.0,157352738.12060517,24.84,10485007590.404095,66.63,62.67,211.7,20.85,232.55,1389.24,15494.81,4175.81,10385.0,0.4,0.13,1.49,70.24,137,199.54,180
6516,勤崴國際,資訊服務業,1.52,526545000.0,346411184.2105263,0.72,721386652.1241478,2.08,52.94,34.02,33.78,67.8,70.26,141.02,110.11,60.8,1.81,1.16,2.32,5.88,76,20.2,14
6517,保勝光學,光電業,1.62,491220000.0,303222222.2222222,0.49,419218529.2622041,1.38,26.18,35.1,14.66,49.76,20.23,68.67,36.13,57.7,0.63,0.35,1.19,20.55,144,28.57,27
6532,瑞耘,半導體業,7.31,682690000.0,93391244.87004104,2.34,566859967.3717115,6.07,16.92,15.57,7.91,23.48,48.01,142.52,102.68,96.4,1.07,0.5,1.48,34.16,69,16.28,66
6523,達爾膚,生技醫療業,7.78,1155609000.0,148535861.1825193,2.45,996667800.9799994,6.71,14.24,7.39,11.91,19.3,79.92,129.5,95.56,100.0,0.96,0.8,1.3,8.57,29,4.06,14
6525,捷敏-KY,電子工業,5.87,5291971000.0,901528279.3867121,2.01,5862978646.737651,6.5,14.41,7.02,10.83,17.85,70.4,116.02,93.68,92.4,1.01,0.76,1.26,16.25,174,32.01,172
6526,達發,半導體業,17.32,20994770000.0,1212169168.591224,5.73,21503395763.14639,17.74,45.68,95.22,23.79,119.01,422.03,2111.24,810.35,551.0,1.47,0.77,3.83,17.39,47,13.73,70
6527,明達醫,生技醫療業,5.81,932292000.0,160463339.070568,1.79,873117371.0727981,5.44,17.21,11.03,11.55,22.58,62.83,122.84,93.64,67.0,1.4,0.94,1.83,19.41,148,15.95,38
6530,創威,通信網路業,1.95,324182000.0,166247179.4871795,0.72,377226745.54690015,2.27,38.24,45.14,23.32,68.46,52.94,155.4,86.8,118.5,0.73,0.45,1.31,69.31,158,35.45,119
6510,精測,半導體業,30.41,4865930000.0,160010851.69352186,10.93,5306348767.333928,33.16,98.99,176.78,30.64,207.42,1016.02,6878.05,3282.37,3440.0,0.95,0.3,2.0,25.48,181,150.65,151
6550,北極星藥業-KY,化學生技醫療,-5.1,42866000.0,0.0,0.0,118343838.31840111,0.0,0.0,0.0,0.0,0.0,0.0,0.0,0.0,17.5,0.0,0.0,0.0,6.98,60,19.92,12
6552,易華電,半導體業,-14.35,1499491000.0,0.0,0.0,971461195.5744896,0.0,112.6,521.62,45.05,566.67,0.0,0.0,0.0,32.2,0.0,0.0,0.0,27.68,47,10.24,109
6576,逸達,生技醫療業,-5.7,432261000.0,0.0,0.0,325059032.59129465,0.0,0.0,0.0,0.0,0.0,0.0,0.0,0.0,80.0,0.0,0.0,0.0,3.75,36,24.34,129
6577,勁豐,電腦及週邊設備業,5.64,2033734000.0,360591134.75177306,2.05,2173998628.558184,6.03,14.3,13.76,9.63,23.39,58.07,141.04,86.23,78.9,1.09,0.74,1.79,34.81,75,0.0,0
6578,達邦蛋白,農業科技業,-0.96,296987000.0,0.0,0.0,387141213.6522219,0.0,163.66,138.88,94.12,233.0,0.0,0.0,0.0,15.35,0.0,0.0,0.0,15.7,67,48.98,111
6579,研揚,電子工業,5.62,8420480000.0,1498306049.822064,2.19,10528525049.489965,7.03,27.77,26.03,18.48,44.51,129.91,312.91,195.2,121.5,1.61,1.07,2.58,23.95,33,10.08,168
6574,霈方,生技醫療業,6.82,603419000.0,88477859.23753665,2.99,791201634.4780097,8.94,18.28,22.97,10.44,33.41,93.33,298.69,163.45,101.5,1.61,0.92,2.94,8.09,181,87.5,52
6584,南俊國際,電子零組件業,5.59,2355997000.0,421466368.51520574,2.63,3927688761.267606,9.32,120.48,1381.13,38.1,1419.23,355.09,13227.22,1122.92,678.0,1.66,0.52,19.51,38.79,68,121.57,181
6585,鼎基,其他,5.64,2856943000.0,506550177.30496454,2.01,2524100828.3029666,4.98,15.97,26.84,9.6,36.44,47.81,181.47,79.54,84.3,0.94,0.57,2.15,18.21,14,1.92,21
6588,東典光電,通信網路業,-1.76,169790000.0,0.0,0.0,371294659.8011231,0.0,0.0,0.0,0.0,0.0,0.0,0.0,0.0,140.5,0.0,0.0,0.0,5.22,175,5.06,68
6589,台康生技,化學生技醫療,-2.52,985778000.0,0.0,0.0,1434773805.2974675,0.0,0.0,0.0,0.0,0.0,0.0,0.0,0.0,45.15,0.0,0.0,0.0,20.32,61,17.98,165
6582,申豐,橡膠工業,-0.4,916756000.0,0.0,0.0,307066740.5702816,0.0,339.02,717.53,30.47,748.0,0.0,0.0,0.0,30.85,0.0,0.0,0.0,44.29,67,0.0,0
6573,虹揚-KY,電子工業,1.23,865246000.0,703452032.5203252,0.34,638687960.3119006,0.91,14.89,9.73,9.84,19.57,8.95,17.81,13.55,12.7,1.07,0.7,1.4,41.63,173,42.11,181
6556,勝品,光電業,6.78,1395819000.0,205873008.84955752,2.36,1424968171.5123496,6.92,11.43,10.07,7.01,17.08,48.51,118.19,79.11,70.0,1.13,0.69,1.69,57.5,118,10.46,34
6558,興能高,其他電子業,-1.02,1090534000.0,0.0,0.0,919882358.5179716,0.0,2225.22,5579.29,150.71,5730.0,0.0,0.0,0.0,28.85,0.0,0.0,0.0,14.86,57,4.18,56
6560,欣普羅,光電業,-0.16,161431000.0,0.0,0.0,282608495.8457413,0.0,0.0,0.0,0.0,0.0,0.0,0.0,0.0,37.8,0.0,0.0,0.0,87.7,57,43.21,24
6568,宏觀,半導體業,4.02,1114929000.0,277345522.38805974,1.71,1404400743.3487256,5.06,49.45,77.79,22.21,100.0,112.38,506.0,250.22,240.0,1.04,0.47,2.11,6.52,46,46.27,63
6569,醫揚,生技醫療業,2.87,1353898000.0,471741463.4146341,1.07,1429742555.590138,3.03,32.06,28.55,21.45,50.0,64.99,151.5,97.15,100.5,0.97,0.65,1.51,62.05,90,21.54,122
6570,維田,電腦及週邊設備業,1.29,904252000.0,700970542.6356589,0.47,1057821174.5840282,1.51,31.41,29.1,18.0,47.1,27.18,71.12,47.43,39.0,1.22,0.7,1.82,31.29,112,14.25,130
6561,是方,通信網路業,15.74,3936025000.0,250065120.7115629,5.17,4051218580.4995217,16.2,29.81,22.93,19.87,42.8,321.89,693.36,482.87,340.5,1.42,0.95,2.04,50.91,120,7.92,109
6509,聚和,化學工業,2.87,4865391000.0,1695258188.15331,1.02,5107520399.819224,3.01,14.38,8.95,9.5,18.45,28.6,55.53,43.28,39.9,1.08,0.72,1.39,20.16,69,11.11,13
6426,統新,電子工業,-0.78,477475000.0,0.0,0.0,706950222.0438343,0.0,0.0,0.0,0.0,0.0,0.0,0.0,0.0,223.5,0.0,0.0,0.0,22.49,166,18.31,119
6432,今展科,電子零組件業,0.48,1100859000.0,2293456250.0,0.17,1192327890.2797096,0.52,50.46,198.48,14.02,212.5,7.29,110.5,26.24,38.85,0.68,0.19,2.84,7.8,76,42.19,179
6435,大中,半導體業,9.52,3323233000.0,349079096.6386555,3.6,3655895430.6565695,10.47,17.33,11.85,12.94,24.79,135.48,259.55,181.44,193.0,0.94,0.7,1.34,18.3,28,23.5,172
6441,廣錠,電腦及週邊設備業,-5.16,238504000.0,0.0,0.0,89472074.10694475,0.0,0.0,0.0,0.0,0.0,0.0,0.0,0.0,29.4,0.0,0.0,0.0,15.04,61,17.44,33
6442,光聖,通信網路業,23.48,10705105000.0,455924403.7478705,8.54,12019502914.340616,26.36,61.85,123.54,21.26,144.8,560.41,3816.93,1630.46,2110.0,0.77,0.27,1.81,240.44,77,166.22,124
6443,元晶,光電業,-6.24,1931581000.0,0.0,0.0,1051631837.3376981,0.0,48.0,40.44,25.97,66.41,0.0,0.0,0.0,35.35,0.0,0.0,0.0,18.55,64,11.67,19
6446,藥華藥,化學生技醫療,14.27,14884059000.0,1043031464.6110722,6.75,23668764752.688656,22.69,117.63,500.88,31.45,532.33,713.6,12078.57,2668.94,661.0,4.04,1.08,18.27,145.08,141,6.13,61
6425,易發,電機機械,-1.62,1408313000.0,0.0,0.0,1744691846.428623,0.0,154.22,362.04,64.78,426.82,0.0,0.0,0.0,83.3,0.0,0.0,0.0,3.41,11,41.17,158
6419,京晨科,光電業,9.58,515303000.0,53789457.202505216,5.72,680807657.8820698,12.66,14.51,67.36,6.29,73.65,79.63,932.41,183.65,149.0,1.23,0.53,6.26,145.39,36,0.0,0
6409,旭隼,其他電子業,40.23,20524460000.0,510177976.6343525,11.38,18057378337.624535,35.39,32.15,40.93,17.59,58.52,622.51,2071.02,1137.74,772.0,1.47,0.81,2.68,63.45,145,0.0,0
6411,晶焱,半導體業,3.18,2456141000.0,772371383.6477987,1.12,2689187930.115934,3.48,22.16,16.11,12.83,28.94,44.65,100.71,77.11,77.4,1.0,0.58,1.3,6.47,71,34.85,181
6412,群電,電子工業,5.2,34938697000.0,6718980192.307693,1.57,31522106169.16117,4.69,15.02,10.08,10.19,20.27,47.79,95.07,70.45,81.0,0.87,0.59,1.17,0.0,0,16.97,27
6414,樺漢,電子工業,23.26,142336502000.0,6119368099.742046,8.54,151273278845.30222,24.72,15.45,9.09,10.87,19.96,268.71,493.41,381.88,322.0,1.19,0.83,1.53,6.89,68,19.85,118
6415,矽力*-KY,半導體業,6.41,18703888000.0,2917923244.929797,2.37,21264225705.567303,7.29,106.44,305.75,27.16,332.91,198.0,2426.91,775.95,427.0,1.82,0.46,5.68,30.75,158,1.46,5
6416,瑞祺電通,通信網路業,4.3,4238496000.0,985696744.1860466,1.69,4288867322.832584,4.35,25.41,25.11,16.56,41.67,72.04,181.26,110.55,81.0,1.36,0.89,2.24,40.69,155,6.92,33
6417,韋僑,通信網路業,4.83,1577211000.0,326544720.4968944,1.79,1859649193.5135026,5.69,24.72,15.04,17.08,32.12,97.19,182.76,140.68,116.5,1.21,0.83,1.57,17.65,67,28.85,145
6418,詠昇,電子零組件業,0.73,770725000.0,1055787671.2328768,0.24,812389166.0161816,0.77,27.03,61.74,10.95,72.69,8.43,55.97,20.81,34.2,0.61,0.25,1.64,12.94,35,324.72,151
6508,惠光,農業科技業,0.27,1401564000.0,5190977777.777778,0.1,1543089541.957805,0.3,52.12,86.3,23.08,109.38,6.92,32.81,15.64,25.85,0.61,0.27,1.27,4.54,57,7.01,13
6449,鈺邦,電子零組件業,7.38,4375999000.0,592953794.0379404,2.66,5495953041.668854,9.27,26.67,24.67,14.65,39.32,135.81,364.5,247.2,161.5,1.53,0.84,2.26,56.5,75,118.81,159
6485,點序,半導體業,0.71,1448753000.0,2040497183.0985916,0.24,1355797288.8436284,0.66,298.96,574.94,39.35,614.29,25.97,405.43,197.31,87.6,2.25,0.3,4.63,4.42,27,56.36,167
6486,互動,通信網路業,5.77,2435298000.0,422062045.06065863,2.94,3215993092.015039,7.62,14.39,5.23,11.98,17.21,91.29,131.14,109.65,84.7,1.29,1.08,1.55,8.65,67,3.16,56
6488,環球晶,半導體業,15.3,60583311000.0,3959693529.4117646,4.92,56000289285.66312,14.14,21.73,34.39,10.82,45.21,152.99,639.27,307.33,580.0,0.53,0.26,1.1,15.37,67,72.84,172
6491,晶碩,化學生技醫療,20.87,7034551000.0,337065213.2247245,7.45,7978508627.7712965,23.67,15.45,12.62,12.44,25.06,294.45,593.17,365.81,279.5,1.31,1.05,2.12,0.0,0,2.3,12
6482,弘煜科,文化創意業,2.51,516642000.0,205833466.13545817,0.62,333016576.397629,1.62,20.02,21.12,10.82,31.94,17.53,51.74,32.44,29.55,1.1,0.59,1.75,11.75,29,32.91,5
6261,久元,半導體業,4.24,4107857000.0,968834198.1132075,1.52,4573785762.535601,4.72,16.41,10.02,12.46,22.48,58.81,106.11,77.45,91.5,0.85,0.64,1.16,9.95,64,2.9,105
6494,九齊,半導體業,-0.93,1176236000.0,0.0,0.0,1519290861.370999,0.0,19.37,26.94,12.45,39.39,0.0,0.0,0.0,53.2,0.0,0.0,0.0,7.85,27,1.46,18
6496,科懋,生技醫療業,-3.96,866250000.0,0.0,0.0,980901113.0771741,0.0,0.0,0.0,0.0,0.0,0.0,0.0,0.0,25.3,0.0,0.0,0.0,31.06,60,12.27,133
6498,久禾光,光電業,6.47,962397000.0,148747604.32766616,3.02,4985587338.733126,33.52,16.43,9.32,13.09,22.41,438.78,751.18,550.82,88.4,6.23,4.96,8.5,42.86,175,39.51,38
6499,益安,生技醫療業,-7.24,407417000.0,0.0,0.0,486300353.9953532,0.0,0.0,0.0,0.0,0.0,0.0,0.0,0.0,83.7,0.0,0.0,0.0,25.41,61,187.13,66
6504,南六,其他,-1.09,6690185000.0,0.0,0.0,6320459250.1218815,0.0,114.01,309.56,27.11,336.67,0.0,0.0,0.0,39.45,0.0,0.0,0.0,6.52,12,8.27,59
6505,台塑化,油電燃氣業,1.04,625336454000.0,601285051923.0769,0.36,596300174862.7551,0.99,54.99,77.11,17.11,94.22,16.94,93.28,54.44,56.4,0.97,0.3,1.65,0.14,1,29.71,174
6477,安集,電子工業,0.02,864073000.0,43203650000.0,0.01,1172881649.1871707,0.03,656.03,1952.42,30.08,1982.5,0.9,59.47,19.68,33.4,0.59,0.03,1.78,26.68,61,50.83,116
6474,華豫寧,電子通路業,3.5,947872000.0,270820571.4285714,0.0,0.0,0.0,10.58,1.0,10.06,11.06,0.0,0.0,0.0,37.5,0.0,0.0,0.0,33.33,75,41.27,75
6451,訊芯-KY,半導體業,0.26,7574127000.0,29131257692.30769,0.08,6262512317.38506,0.21,424.1,1908.19,41.81,1950.0,8.78,409.5,89.06,431.0,0.21,0.02,0.95,56.37,56,19.38,104
6456,GIS-KY,光電業,-0.8,67852571000.0,0.0,0.0,67311544748.70869,0.0,207.29,420.89,77.61,498.5,0.0,0.0,0.0,76.2,0.0,0.0,0.0,18.8,71,45.77,124
6461,益得,生技醫療業,-2.52,111107000.0,0.0,0.0,161838575.45617175,0.0,0.0,0.0,0.0,0.0,0.0,0.0,0.0,17.9,0.0,0.0,0.0,17.8,104,19.57,45
6462,神盾,半導體業,-17.52,5125214000.0,0.0,0.0,9583290500.567078,0.0,0.0,0.0,0.0,0.0,0.0,0.0,0.0,122.0,0.0,0.0,0.0,23.27,76,59.04,179
6464,台數科,其他,4.2,4444855000.0,1058298809.5238094,1.37,4261871304.8142734,4.03,13.75,7.13,11.23,18.36,45.26,73.99,55.41,76.1,0.73,0.59,0.97,0.35,4,1.88,66
6469,大樹,生技醫療業,4.29,18801939000.0,4382736363.636364,1.46,19535783823.297718,4.46,29.88,29.02,19.23,48.25,85.77,215.2,133.25,77.1,1.73,1.11,2.79,2.84,8,1.83,6
6470,宇智,通信網路業,3.87,2036670000.0,526271317.82945734,0.69,1008399458.2139213,1.92,16.89,26.41,10.44,36.85,20.04,70.75,32.43,47.9,0.68,0.42,1.48,7.66,54,16.16,13
6472,保瑞,化學生技醫療,27.15,20100258000.0,740340994.4751382,7.64,16670107558.323463,22.52,21.19,20.34,15.39,35.73,346.58,804.64,477.19,408.0,1.17,0.85,1.97,26.99,76,17.39,69
6465,威潤,通信網路業,0.93,232374000.0,249864516.12903225,0.48,486090604.90491533,1.95,53.08,26.51,39.3,65.81,76.63,128.33,103.51,45.2,2.29,1.7,2.84,19.02,67,28.04,33
6492,生華科,生技醫療業,-2.97,1074000.0,0.0,0.0,1028982.0359281438,0.0,0.0,0.0,0.0,0.0,0.0,0.0,0.0,49.9,0.0,0.0,0.0,49.34,77,55.19,172
6134,萬旭,電子零組件業,0.12,1862157000.0,15517975000.0,0.05,2718912288.3689094,0.18,324.49,793.36,64.14,857.5,11.55,154.35,58.41,30.2,1.93,0.38,5.11,116.75,167,31.48,105
6257,矽格,電子工業,6.15,19395856000.0,3153797723.5772357,2.25,21861005551.873734,6.93,16.7,20.36,9.95,30.31,68.95,210.05,115.71,180.0,0.64,0.38,1.17,6.33,70,44.14,182
5324,士開,建材營造,-0.05,1340608000.0,0.0,0.0,889704267.115019,0.0,49.7,143.77,10.67,154.44,0.0,0.0,0.0,10.65,0.0,0.0,0.0,0.0,0,36.02,21
5328,華容,電子零組件業,0.39,881581000.0,2260464102.5641026,0.14,970351992.7546349,0.43,55.88,107.67,27.69,135.36,11.91,58.2,24.03,24.55,0.98,0.49,2.37,33.69,67,54.55,174
5340,建榮,電子零組件業,1.2,2256598000.0,1880498333.3333335,0.44,2700355917.4336677,1.44,87.94,381.09,33.53,414.62,48.28,597.05,126.63,115.0,1.1,0.42,5.19,14.93,36,81.25,108
5344,立衛,半導體業,-0.38,334902000.0,0.0,0.0,418551377.35598487,0.0,36.05,31.0,21.27,52.27,0.0,0.0,0.0,16.9,0.0,0.0,0.0,13.3,54,25.74,118
5347,世界,半導體業,4.3,47964760000.0,11154595348.83721,1.57,51532142654.99866,4.62,23.48,20.26,17.74,38.0,81.96,175.56,108.46,145.5,0.75,0.56,1.21,51.22,60,16.37,144
5351,鈺創,半導體業,-1.53,3643776000.0,0.0,0.0,14264389843.389416,0.0,0.0,0.0,0.0,0.0,0.0,0.0,0.0,69.8,0.0,0.0,0.0,11.72,53,39.61,160
5353,台林,通信網路業,1.38,1819058000.0,1318157971.0144928,0.46,1796101440.584734,1.36,16.54,10.83,10.33,21.16,14.05,28.78,22.49,26.25,0.86,0.54,1.1,27.48,32,6.62,24
5355,佳總,電子零組件業,-1.12,454197000.0,0.0,0.0,483628361.3779732,0.0,0.0,0.0,0.0,0.0,0.0,0.0,0.0,6.72,0.0,0.0,0.0,26.79,63,38.14,108
5356,協益,電腦及週邊設備業,0.44,3440781000.0,7819956818.181818,0.13,2943751460.0081606,0.38,20.59,57.75,4.18,61.93,1.59,23.53,7.82,26.85,0.29,0.06,0.88,12.0,26,2.06,55
5371,中光電,光電業,0.95,39194727000.0,41257607368.42105,0.33,43291799651.33443,1.05,53.86,93.96,22.37,116.33,23.49,122.15,56.55,66.1,0.86,0.36,1.85,32.17,25,108.6,124
5381,光譜,電子零組件業,0.72,2135776000.0,2966355555.555556,0.21,1716594898.4725666,0.58,65.99,708.15,17.85,726.0,10.35,421.08,38.28,23.5,1.63,0.44,17.92,6.25,71,68.8,102
5386,青雲,電腦及週邊設備業,8.78,5565492000.0,633882915.7175399,14.82,30610202741.164154,48.29,25.63,43.83,12.81,56.64,618.59,2735.15,1237.74,379.0,3.27,1.63,7.22,65.19,119,15.81,20
5388,中磊,通信網路業,4.04,53084553000.0,13139740841.584158,1.74,72836436610.80869,5.54,15.53,10.37,11.18,21.55,61.94,119.39,86.04,76.5,1.12,0.81,1.56,0.0,0,10.5,91
5392,能率,光電業,-0.28,8728682000.0,0.0,0.0,8751455603.776245,0.0,258.31,607.13,52.87,660.0,0.0,0.0,0.0,40.15,0.0,0.0,0.0,55.96,20,84.52,146
5398,慕康生醫,其他,0.35,233856000.0,668160000.0,0.06,229707294.11764705,0.34,88.13,61.31,56.57,117.88,19.23,40.08,29.96,20.2,1.48,0.95,1.98,21.33,43,22.49,59
5403,中菲,資訊服務業,8.56,3406899000.0,398002219.6261682,3.11,3200675100.932512,8.04,14.83,8.28,10.72,19.0,86.19,152.76,119.21,93.8,1.27,0.92,1.63,1.92,4,3.15,21
5315,光聯,光電業,1.89,2009859000.0,1063417460.3174604,0.59,1890088076.3443263,1.78,19.47,20.91,11.74,32.65,20.9,58.12,34.65,22.3,1.55,0.94,2.61,18.21,173,12.02,20
5312,寶島科,生技醫療業,6.41,4132651000.0,644719344.773791,2.36,4641096590.031775,7.2,14.99,8.9,12.38,21.28,89.14,153.22,107.95,97.2,1.11,0.92,1.58,4.78,18,20.94,21
5310,天剛,資訊服務業,0.52,992000.0,1907692.3076923075,0.07,478028.98550724634,0.25,100.56,4177.11,12.89,4190.0,3.22,1047.5,25.14,22.1,1.14,0.15,47.4,34.07,99,19.31,12
5269,祥碩,半導體業,72.7,12907479000.0,177544415.40577716,26.14,19046051934.441948,107.27,33.79,48.75,14.61,63.36,1567.21,6796.63,3625.04,1365.0,2.66,1.15,4.98,19.44,48,13.48,40
5272,笙科,半導體業,-1.33,347822000.0,0.0,0.0,279557303.14031744,0.0,198.08,51.56,166.25,217.81,0.0,0.0,0.0,24.45,0.0,0.0,0.0,10.39,69,8.12,69
5274,信驊,半導體業,103.92,8949538000.0,86119495.76597382,46.67,12836544563.92606,149.06,84.61,125.07,34.24,159.31,5103.81,23746.75,12611.88,16475.0,0.77,0.31,1.44,70.29,113,80.63,160
5276,達輝-KY,其他,1.13,919058000.0,813325663.7168143,0.41,939287762.1600366,1.15,32.81,107.28,12.48,119.76,14.35,137.72,37.73,18.4,2.05,0.78,7.48,75.34,78,22.82,32
5283,禾聯碩,電器電纜,6.03,6483577000.0,1075220066.3349917,1.64,6280054587.008096,5.84,13.55,9.73,9.11,18.84,53.2,110.03,79.11,52.5,1.51,1.01,2.1,0.0,0,3.06,24
5284,jpp-KY,其他,12.06,3612748000.0,299564510.7794361,5.1,5410017105.026026,18.06,47.56,157.61,15.07,172.68,272.16,3118.6,858.92,343.0,2.5,0.79,9.09,9.71,179,119.66,182
5285,界霖,半導體業,1.54,5320040000.0,3454571428.5714283,0.52,5472957567.8198595,1.58,27.87,24.93,15.0,39.93,23.7,63.09,44.03,55.0,0.8,0.43,1.15,8.76,144,16.92,160
5410,國眾,資訊服務業,2.35,4317858000.0,1837386382.9787233,1.1,5227275945.151935,2.84,16.28,10.3,12.68,22.98,36.01,65.26,46.23,32.8,1.41,1.1,1.99,12.28,42,29.64,154
5288,豐祥-KY,電機機械,15.78,6818895000.0,432122623.5741445,6.34,7228005746.931336,16.73,10.92,6.85,7.61,14.46,127.32,241.92,182.68,166.0,1.1,0.77,1.46,19.08,158,0.0,0
5289,宜鼎,電腦及週邊設備業,21.83,13168865000.0,603246220.7970684,24.86,59133783634.925064,98.03,27.17,45.43,16.03,61.46,1571.42,6024.92,2663.17,1245.0,2.14,1.26,4.84,18.54,32,87.42,178
5291,邑昇,電子零組件業,0.32,1077231000.0,3366346875.0,0.12,1300145835.4749336,0.39,118.13,202.51,49.1,251.61,19.15,98.13,46.07,62.5,0.74,0.31,1.57,10.95,32,6.4,31
5292,華懋,綠能環保,10.16,2797518000.0,275346259.8425197,3.32,2706760456.88501,9.83,16.74,14.16,12.53,26.69,123.17,262.36,164.6,240.0,0.69,0.51,1.09,28.17,64,18.62,132
5299,杰力,半導體業,4.58,1515551000.0,330906331.87772924,1.49,1371632553.6123626,4.15,17.83,14.17,11.13,25.3,46.19,105.0,73.98,88.9,0.83,0.52,1.18,18.23,70,2.13,182
5302,太欣,半導體業,-0.11,18269000.0,0.0,0.0,43778340.01082837,0.0,0.0,0.0,0.0,0.0,0.0,0.0,0.0,11.1,0.0,0.0,0.0,49.76,35,38.35,103
5309,系統電,電子零組件業,0.27,3337464000.0,12360977777.777777,0.1,3473995681.0251255,0.28,165.41,599.22,24.11,623.33,6.75,174.53,46.31,60.0,0.77,0.11,2.91,27.3,111,100.27,132
5425,台半,半導體業,2.08,17898763000.0,8605174519.230768,0.69,17734492438.312412,2.06,31.64,24.93,18.96,43.89,39.06,90.41,65.17,62.8,1.04,0.62,1.44,11.53,36,41.1,172
5489,彩富,其他電子類,2.0,1653712000.0,826856000.0,0.71,1909229294.6256402,2.31,35.06,57.17,16.19,73.36,37.4,169.46,80.99,40.85,1.98,0.92,4.15,23.07,67,0.17,5
5490,同亨,電腦及週邊設備業,1.69,1522742000.0,901030769.2307693,0.62,1620514962.149823,1.8,28.55,57.81,15.33,73.14,27.59,131.65,51.4,27.35,1.88,1.01,4.81,32.08,64,25.34,133
5493,三聯,其他電子類,4.18,5359000000.0,1282057416.2679427,1.58,6317955235.697175,4.93,18.6,26.06,11.24,37.3,55.41,183.89,91.69,89.0,1.03,0.62,2.07,1.82,64,36.61,94
5498,凱崴,電子零組件業,0.0,1359340000.0,0.0,0.0,2019732371.9823701,0.0,224.17,24.17,205.83,230.0,0.0,0.0,0.0,73.9,0.0,0.0,0.0,42.91,25,204.86,111
5508,永信建,建材營造,3.06,2428176000.0,793521568.627451,1.36,2292413859.1451035,2.89,12.39,14.7,6.23,20.93,18.0,60.49,35.82,48.05,0.75,0.37,1.26,36.81,89,9.02,3
5511,德昌,建材營造,10.63,10690300000.0,1005672624.6472248,4.12,13697041291.02921,13.62,8.14,3.26,6.58,9.84,89.62,134.02,110.85,70.6,1.57,1.27,1.9,0.0,0,7.06,62
5512,力麒,建材營造,0.17,6947963000.0,40870370588.23529,0.06,7024400110.647973,0.17,56.28,60.42,25.0,85.42,4.25,14.52,9.57,7.35,1.3,0.58,1.98,2.44,78,6.68,6
5514,三豐,建材營造,-0.14,684937000.0,0.0,0.0,670754196.272701,0.0,82.77,138.63,40.66,179.29,0.0,0.0,0.0,15.7,0.0,0.0,0.0,0.0,0,2.11,3
5515,建國,建材營造,4.48,7364521000.0,1643866294.642857,1.63,8273346936.93542,5.03,10.17,11.4,7.63,19.03,38.38,95.72,51.14,40.7,1.26,0.94,2.35,0.0,0,3.8,10
5516,雙喜,建材營造,0.17,1938290000.0,11401705882.35294,0.09,3321300232.464393,0.29,76.36,10.0,71.25,81.25,20.66,23.56,22.14,11.75,1.88,1.76,2.01,0.2,1,1.79,6
5519,隆大,建材營造,4.96,6014678000.0,1212636693.548387,0.86,3899143493.9037614,3.22,8.58,10.25,4.52,14.77,14.55,47.56,27.61,32.55,0.85,0.45,1.46,16.54,91,1.39,24
5520,力泰,建材營造,9.97,4226492000.0,423920962.888666,3.03,3950575382.5819325,9.32,9.24,3.24,7.87,11.11,73.35,103.55,86.1,0.0,0.0,0.0,0.0,7.96,8,26.35,108
5521,工信,建材營造,0.51,8867276000.0,17386815686.27451,0.18,9729968632.588964,0.56,132.55,645.67,21.83,667.5,12.22,373.8,74.23,11.35,6.54,1.08,32.93,0.0,0,11.46,115
5522,遠雄,建材營造,7.45,28122985000.0,3774897315.4362416,2.5,193228836521.34814,51.19,19.35,26.56,8.98,35.54,459.69,1819.29,990.73,68.8,14.4,6.68,26.44,22.33,33,20.83,40
5523,豐謙,建材營造,-0.08,5246000.0,0.0,0.0,5266886.529528866,0.0,23.69,47.87,8.49,56.36,0.0,0.0,0.0,30.4,0.0,0.0,0.0,9.48,4,0.0,0
5525,順天,建材營造,1.4,747859000.0,534185000.00000006,6.19,13191852883.97298,24.7,23.19,38.32,9.6,47.92,237.12,1183.62,572.74,23.0,24.9,10.31,51.46,14.52,89,2.16,18
5529,鉅陞,建材營造,2.02,78043000.0,38635148.51485149,31.43,4319193948.721455,111.79,12.35,3.01,10.87,13.88,1215.16,1551.65,1380.5,21.9,63.04,55.49,70.85,18.33,75,0.0,0
5530,龍巖,其他,2.74,4023918000.0,1468583211.678832,0.95,3827234580.533139,2.61,16.6,11.74,13.31,25.05,34.74,65.38,43.33,44.05,0.98,0.79,1.48,29.32,53,0.0,0
5531,鄉林,建材營造,-0.28,3568155000.0,0.0,0.0,242837307.70923302,0.0,53.62,47.19,34.23,81.42,0.0,0.0,0.0,8.29,0.0,0.0,0.0,6.32,1,3.7,10
5533,皇鼎,建材營造,0.56,1128405000.0,2015008928.5714283,0.23,1214350042.1293035,0.6,14.65,18.2,8.14,26.34,4.88,15.8,8.79,14.3,0.61,0.34,1.1,1.82,4,4.21,4
5534,長虹,建材營造,6.0,9314448000.0,1552408000.0,2.22,7100710167.540221,4.57,12.89,14.38,9.68,24.06,44.24,109.95,58.91,77.8,0.76,0.57,1.41,14.34,91,3.78,14
5488,松普,電子零組件業,0.11,778399000.0,7076354545.454545,0.04,881544260.7891154,0.12,224.19,1095.49,24.51,1120.0,2.94,134.4,26.9,9.89,2.72,0.3,13.59,36.02,179,22.95,104
5487,通泰,半導體業,-0.53,168084000.0,0.0,0.0,139001456.242782,0.0,0.0,0.0,0.0,0.0,0.0,0.0,0.0,29.4,0.0,0.0,0.0,37.6,141,10.23,32
5484,慧友,電子工業,-0.59,458727000.0,0.0,0.0,1118508948.3745282,0.0,0.0,0.0,0.0,0.0,0.0,0.0,0.0,39.0,0.0,0.0,0.0,359.3,64,32.11,118
5434,崇越,電子工業,21.8,66554106000.0,3052940642.2018347,8.19,78499082036.30547,25.71,15.82,9.0,10.97,19.97,282.04,513.43,406.8,406.0,1.0,0.69,1.26,27.82,179,37.07,182
5438,東友,電腦及週邊設備業,0.51,1315943000.0,2580280392.1568627,0.1,841775880.5952863,0.33,69.11,339.58,14.59,354.17,4.81,116.88,22.81,19.0,1.2,0.25,6.15,125.81,180,44.5,146
5439,高技,電子零組件業,13.74,9245672000.0,672901892.2852983,4.89,17090652746.622353,25.4,35.77,53.48,14.74,68.22,374.4,1732.79,908.57,382.5,2.38,0.98,4.53,4.63,74,128.9,182
5452,佶優,其他電子類,0.33,4978088000.0,15085115151.51515,0.1,4084804220.7899675,0.27,82.74,104.56,41.02,145.58,11.08,39.31,22.34,31.45,0.71,0.35,1.25,86.8,64,2.84,7
5455,昇益,建材營造,3.46,2170879000.0,627421676.300578,0.01,40023503.01557079,0.06,9.11,23.56,3.45,27.01,0.21,1.62,0.55,25.25,0.02,0.01,0.06,35.58,105,9.23,10
5457,宣德,電子零組件業,2.77,24329570000.0,8783238267.148014,0.82,23528132585.60622,2.68,23.55,48.6,12.27,60.87,32.88,163.13,63.1,36.35,1.74,0.9,4.49,2.1,7,23.1,144
5460,同協,電子零組件業,-0.17,234145000.0,0.0,0.0,267655049.28924406,0.0,121.06,237.16,46.59,283.75,0.0,0.0,0.0,15.0,0.0,0.0,0.0,62.72,133,27.37,111
5426,振發,電腦及週邊設備業,0.52,1797107000.0,3455975000.0,0.19,1746174699.037364,0.51,163.62,840.85,16.65,857.5,8.49,437.32,83.45,17.7,4.71,0.48,24.71,33.75,32,19.75,52
5464,霖宏,電子零組件業,-2.6,967415000.0,0.0,0.0,1129775341.0072343,0.0,26.42,44.96,11.64,56.6,0.0,0.0,0.0,33.0,0.0,0.0,0.0,9.58,48,28.76,21
5468,凱鈺,半導體業,-0.65,164049000.0,0.0,0.0,247388505.25885835,0.0,438.83,68.75,406.25,475.0,0.0,0.0,0.0,18.0,0.0,0.0,0.0,79.04,55,23.76,166
5469,瀚宇博,電子工業,6.05,55369479000.0,9151980000.0,2.29,82990561796.9242,9.07,11.57,11.85,6.22,18.07,56.42,163.89,104.93,82.3,1.27,0.69,1.99,9.65,27,121.99,143
5471,松翰,半導體業,0.72,2689883000.0,3735948611.111111,0.27,3098757884.1846566,0.83,42.62,40.29,27.66,67.95,22.96,56.4,35.37,42.0,0.84,0.55,1.34,7.66,67,19.11,137
5474,聰泰,電腦及週邊設備業,5.49,1444285000.0,263075591.98542804,1.51,1541298220.412519,5.86,26.36,21.16,16.92,38.08,99.15,223.15,154.49,154.0,1.0,0.64,1.45,65.46,69,44.67,132
5475,德宏,電子零組件業,-0.16,829935000.0,0.0,0.0,1528637901.5559456,0.0,0.0,0.0,0.0,0.0,0.0,0.0,0.0,358.0,0.0,0.0,0.0,70.81,68,507.08,153
5478,智冠,文化創意業,7.93,6441132000.0,812248675.9142497,3.14,7597351445.458593,9.35,17.06,15.74,12.23,27.97,114.35,261.52,159.49,97.0,1.64,1.18,2.7,5.15,7,12.15,11
5483,中美晶,半導體業,6.71,77689163000.0,11578116691.505217,2.29,79149955357.53046,6.84,16.23,18.34,9.14,27.48,62.52,187.96,110.99,134.0,0.83,0.47,1.4,18.88,74,18.55,174
5465,富驊,電腦及週邊設備業,1.29,5633240000.0,4366852713.178294,0.32,3810503494.210457,0.87,19.71,14.81,13.88,28.69,12.08,24.96,17.15,25.0,0.69,0.48,1.0,5.95,21,30.22,54
5263,智崴,文化創意業,-2.83,1389771000.0,0.0,0.0,1492030939.398557,0.0,231.38,293.12,78.55,371.67,0.0,0.0,0.0,93.1,0.0,0.0,0.0,58.43,113,9.85,14
5258,虹堡,電腦及週邊設備業,4.24,7836415000.0,1848211084.9056604,1.36,8047754067.690998,4.35,15.35,13.17,9.21,22.38,40.06,97.35,66.76,47.65,1.4,0.84,2.04,9.09,144,13.66,105
4958,臻鼎-KY,電子零組件業,6.87,178946617000.0,26047542503.63901,2.31,192477246279.27762,7.39,17.55,57.38,8.92,66.3,65.92,489.96,129.67,421.0,0.31,0.16,1.16,33.91,76,97.29,119
4960,誠美材,光電業,-2.59,8612063000.0,0.0,0.0,7833796425.432048,0.0,0.0,0.0,0.0,0.0,0.0,0.0,0.0,39.0,0.0,0.0,0.0,33.96,71,17.44,109
4961,天鈺,半導體業,9.65,18325723000.0,1899038652.8497407,3.1,16861671520.089739,8.88,13.65,6.68,10.85,17.53,96.35,155.67,121.24,152.5,0.8,0.63,1.02,14.0,49,4.78,13
4966,譜瑞-KY,半導體業,34.66,16412645000.0,473532746.6820543,11.56,16267043540.696243,34.35,21.09,18.75,13.43,32.18,461.32,1105.38,724.36,575.0,1.26,0.8,1.92,16.12,48,59.12,139
4967,十銓,半導體業,13.07,17964831000.0,1374508875.2869165,9.59,36354830794.563934,26.45,23.99,76.44,7.94,84.38,210.01,2231.85,634.44,281.0,2.26,0.75,7.94,91.44,43,83.4,178
4968,立積,半導體業,2.65,3747771000.0,1414253207.54717,0.88,4056997773.6909223,2.87,239.44,839.81,37.97,877.78,108.97,2519.23,687.18,116.0,5.92,0.94,21.72,34.06,50,18.51,160
4971,IET-KY,半導體業,1.61,1057201000.0,656646583.8509316,0.67,1306364891.2386622,1.99,363.78,271.21,257.27,528.48,511.97,1051.68,723.93,791.0,0.92,0.65,1.33,42.68,159,92.94,119
4972,湯石照明,光電業,-1.84,937469000.0,0.0,0.0,902589852.1853119,0.0,39.9,26.17,28.45,54.62,0.0,0.0,0.0,16.5,0.0,0.0,0.0,1.43,75,0.0,0
4973,廣穎,半導體業,2.1,4298725000.0,2047011904.7619047,1.21,6537878906.63942,3.19,26.08,75.4,7.69,83.09,24.53,265.06,83.2,83.1,1.0,0.3,3.19,34.58,27,52.36,182
4974,亞泰,電子零組件業,5.15,3807147000.0,739251844.6601942,1.61,3157787939.7351236,4.27,13.68,12.97,10.29,23.26,43.94,99.32,58.42,71.9,0.81,0.61,1.38,65.75,134,0.1,13
4976,佳凌,光電業,-1.88,1036181000.0,0.0,0.0,995036693.2657351,0.0,0.0,0.0,0.0,0.0,0.0,0.0,0.0,29.0,0.0,0.0,0.0,43.88,67,101.05,125
4977,眾達-KY,通信網路業,4.5,1117417000.0,248314888.8888889,1.09,800541966.9069281,3.22,87.25,433.76,16.24,450.0,52.29,1449.0,280.94,217.5,1.29,0.24,6.66,73.31,165,33.23,129
4979,華星光,通信網路業,5.43,4315580000.0,794766114.1804788,2.03,4911280712.694281,6.18,47.58,107.66,22.73,130.39,140.47,805.81,294.02,609.0,0.48,0.23,1.32,33.9,165,49.35,143
4956,光鋐,電子工業,-0.8,1359151000.0,0.0,0.0,1479230625.3160934,0.0,0.0,0.0,0.0,0.0,0.0,0.0,0.0,47.25,0.0,0.0,0.0,129.44,174,16.23,41
4953,緯軟,資訊服務業,8.45,11343751000.0,1342455739.6449704,3.41,14589574361.037071,10.87,16.34,9.61,12.56,22.17,136.53,240.99,177.63,119.0,1.49,1.15,2.03,1.81,6,29.5,164
4927,泰鼎-KY,電子零組件業,-8.63,11707243000.0,0.0,0.0,10360708370.428896,0.0,0.0,0.0,0.0,0.0,0.0,0.0,0.0,52.2,0.0,0.0,0.0,42.48,120,30.36,109
4930,燦星網,電器電纜,0.6,6237349000.0,10395581666.666668,0.17,4773711196.406152,0.46,13.21,26.8,7.78,34.58,3.58,15.91,6.08,18.2,0.33,0.2,0.87,3.45,11,0.0,0
4931,新盛力,電腦及週邊設備業,3.13,2333664000.0,745579552.715655,1.39,3086293509.7105355,4.14,38.86,64.27,17.76,82.03,73.53,339.6,160.9,159.0,1.01,0.46,2.14,15.17,141,87.71,118
4933,友輝,光電業,5.77,3062497000.0,530762045.06065863,1.89,2909267918.454838,5.48,11.3,7.56,8.48,16.04,46.47,87.9,61.95,73.6,0.84,0.63,1.19,31.63,137,5.34,20
4934,太極,光電業,-0.95,87174000.0,0.0,0.0,178885574.14448667,0.0,0.0,0.0,0.0,0.0,0.0,0.0,0.0,15.9,0.0,0.0,0.0,15.23,61,66.5,151
4935,茂林-KY,光電業,1.34,5517931000.0,4117858955.2238803,0.35,4079961558.539502,0.99,17.1,20.46,9.35,29.81,9.26,29.51,16.93,37.5,0.45,0.25,0.79,21.34,174,11.82,126
4938,和碩,電子工業,5.39,1119686756000.0,207734092022.26346,1.66,1027462532736.4736,4.95,14.59,9.19,10.84,20.03,53.66,99.15,72.24,82.3,0.88,0.65,1.2,24.48,49,7.23,12
4987,科誠,電腦及週邊設備業,6.37,1340690000.0,210469387.75510204,2.17,1452337211.266939,6.9,12.75,6.45,9.63,16.08,66.45,110.95,88.0,81.5,1.08,0.82,1.36,0.0,0,17.92,80
4939,亞電,電子零組件業,-0.43,1421150000.0,0.0,0.0,1345523988.328117,0.0,83.03,131.52,37.65,169.17,0.0,0.0,0.0,43.9,0.0,0.0,0.0,12.18,140,32.84,145
4942,嘉彰,電子工業,3.05,6065551000.0,1988705245.9016395,0.95,5877398246.413996,2.96,11.34,7.73,8.42,16.15,24.92,47.8,33.57,37.9,0.89,0.66,1.26,4.82,64,5.87,182
4943,康控-KY,電子工業,-1.9,1666646000.0,0.0,0.0,2273485530.4083905,0.0,0.0,0.0,0.0,0.0,0.0,0.0,0.0,9.55,0.0,0.0,0.0,14.54,91,0.0,0
4946,辣椒,文化創意業,3.13,342106000.0,109299041.53354633,0.89,270150431.9940428,2.47,814.86,1566.24,33.76,1600.0,83.39,3952.0,2012.7,112.0,17.97,0.74,35.29,17.28,55,35.26,20
4949,有成精密,光電業,1.91,2370766000.0,1241238743.4554975,0.79,3063497876.975575,2.47,25.11,48.2,7.33,55.53,18.11,137.16,62.03,105.5,0.59,0.17,1.3,0.0,0,7.57,24
4951,精拓科,半導體業,5.98,539613000.0,90236287.62541805,1.93,562619855.8126748,6.23,16.65,15.33,11.04,26.37,68.78,164.29,103.76,119.0,0.87,0.58,1.38,27.87,36,36.54,115
4952,凌通,半導體業,1.02,2122460000.0,2080843137.254902,0.35,2331142014.6533833,1.12,27.77,36.79,15.15,51.94,16.97,58.17,31.11,46.55,0.67,0.36,1.25,48.21,27,8.04,138
4989,榮科,電子工業,-3.48,2536276000.0,0.0,0.0,4833048921.0058775,0.0,0.0,0.0,0.0,0.0,0.0,0.0,0.0,113.0,0.0,0.0,0.0,3.23,20,170.38,180
4991,環宇-KY,半導體業,0.16,2159582000.0,13497387500.0,0.07,3016842617.1116676,0.22,1552.23,4455.24,371.43,4826.67,81.71,1061.87,341.49,676.0,0.51,0.12,1.57,152.4,183,91.9,182
5222,全訊,半導體業,2.63,995074000.0,378355133.07984793,0.71,672548562.7963806,1.78,31.69,39.66,18.84,58.5,33.54,104.13,56.41,131.5,0.43,0.26,0.79,0.29,77,49.31,126
5223,安力-KY,電腦及週邊設備業,-0.67,1919124000.0,0.0,0.0,2034652693.5550935,0.0,279.84,86.51,236.82,323.33,0.0,0.0,0.0,25.15,0.0,0.0,0.0,2.53,42,24.84,39
5225,東科-KY,其他電子業,10.26,11240635000.0,1095578460.0389864,2.77,9462659470.379408,8.64,10.24,10.22,6.47,16.69,55.9,144.2,88.46,76.6,1.15,0.73,1.88,40.79,118,10.95,108
5227,立凱-KY,電子零組件業,0.18,402313000.0,2235072222.2222223,0.03,140209198.29891515,0.06,34.19,129.92,9.49,139.41,0.57,8.36,2.05,21.9,0.09,0.03,0.38,20.63,27,11.84,124
5228,鈺鎧,電子零組件業,-0.21,518941000.0,0.0,0.0,795555107.8349881,0.0,0.0,0.0,0.0,0.0,0.0,0.0,0.0,34.0,0.0,0.0,0.0,2.22,77,30.62,172
5230,雷笛克光學,光電業,-1.34,1327863000.0,0.0,0.0,1308269956.9912,0.0,56.25,509.88,27.26,537.14,0.0,0.0,0.0,17.25,0.0,0.0,0.0,16.49,29,18.66,26
5234,達興材料,光電業,7.37,4591955000.0,623060379.9185889,2.59,5004660879.126928,8.03,42.33,43.35,22.57,65.92,181.24,529.34,339.89,444.5,0.76,0.41,1.19,70.3,158,151.62,126
5220,萬達光電,光電業,-0.65,688288000.0,0.0,0.0,822123686.9426287,0.0,60.85,80.95,27.3,108.25,0.0,0.0,0.0,20.2,0.0,0.0,0.0,1.85,55,18.68,109
5236,凌陽創新,半導體業,8.65,1997623000.0,230939075.14450866,3.32,2243019713.3773265,9.71,17.11,11.67,12.91,24.58,125.36,238.67,166.16,163.5,1.02,0.77,1.46,36.36,167,9.27,181
5243,乙盛-KY,光電業,4.4,12177833000.0,2767689318.181818,1.44,11021350230.724392,3.98,19.12,17.64,11.22,28.86,44.66,114.86,76.1,105.5,0.72,0.42,1.09,27.91,62,89.75,180
5244,弘凱,光電業,0.51,844698000.0,1656270588.235294,0.14,776784852.1227432,0.47,25.28,85.75,13.86,99.61,6.51,46.82,11.88,42.45,0.28,0.15,1.1,13.54,64,14.19,117
5245,智晶,光電業,-4.89,790349000.0,0.0,0.0,636180772.1511095,0.0,0.0,0.0,0.0,0.0,0.0,0.0,0.0,24.3,0.0,0.0,0.0,24.81,124,55.53,88
5251,天鉞電,光電業,0.04,339335000.0,8483375000.0,0.01,246167612.66660118,0.03,534.74,771.67,295.0,1066.67,8.85,32.0,16.04,28.5,0.56,0.31,1.12,19.14,28,23.03,49
5536,聖暉*,其他電子類,28.42,41109272000.0,1446490921.8859956,10.82,52603210917.56178,36.37,22.68,28.94,13.54,42.48,492.45,1545.0,824.73,825.0,1.0,0.6,1.87,77.07,179,143.81,130
5215,科嘉-KY,電腦及週邊設備業,2.04,2592010000.0,1270593137.254902,0.76,3126345858.1954656,2.46,14.99,15.19,8.69,23.88,21.38,58.74,36.88,37.4,0.99,0.57,1.57,9.8,67,3.03,19
5213,亞昕,建材營造,3.14,17240512000.0,5490608917.197452,1.47,10091856463.284994,1.84,16.23,32.49,7.12,39.61,13.1,72.88,29.87,25.9,1.15,0.51,2.81,10.64,89,2.43,4
4994,傳奇,資訊服務業,1.96,1182743000.0,603440306.122449,0.69,1223451059.2549033,2.03,31.24,34.37,19.25,53.62,39.08,108.85,63.42,95.9,0.66,0.41,1.14,12.3,5,10.36,4
4995,晶達,光電業,2.24,1255787000.0,560619196.4285713,0.88,1453495755.9098046,2.59,16.94,12.97,11.02,23.99,28.54,62.13,43.88,42.45,1.03,0.67,1.46,53.13,71,5.21,10
4999,鑫禾,電子工業,-1.68,1927284000.0,0.0,0.0,1935808963.3108127,0.0,95.62,653.6,23.4,677.0,0.0,0.0,0.0,21.7,0.0,0.0,0.0,10.13,173,13.58,101
5007,三星,鋼鐵工業,3.02,6183145000.0,2047399006.6225166,1.02,5764007456.708985,2.82,16.67,8.48,14.05,22.53,39.62,63.53,47.02,57.8,0.81,0.69,1.1,3.51,92,2.47,60
5009,榮剛,鋼鐵工業,2.2,11632507000.0,5287503181.818181,0.72,10970923410.84362,2.07,12.34,11.77,7.95,19.72,16.46,40.82,25.54,32.2,0.79,0.51,1.27,0.0,0,3.8,13
5011,久陽,鋼鐵工業,-1.61,5105270000.0,0.0,0.0,4317257795.277585,0.0,17.69,16.03,12.09,28.12,0.0,0.0,0.0,14.75,0.0,0.0,0.0,6.48,105,2.02,12
5013,強新,鋼鐵工業,1.45,7819837000.0,5392991034.4827585,0.47,7487937315.874468,1.39,18.71,7.71,15.99,23.7,22.23,32.94,26.0,28.8,0.9,0.77,1.14,0.86,76,16.73,153
5014,建錩,鋼鐵工業,-2.36,14745203000.0,0.0,0.0,16641759797.110317,0.0,24.22,98.89,9.32,108.21,0.0,0.0,0.0,9.81,0.0,0.0,0.0,45.96,155,2.23,18
5015,華祺,鋼鐵工業,0.06,1529230000.0,25487166666.666668,0.02,1067476448.1851296,0.04,74.66,442.09,12.91,455.0,0.52,18.2,2.99,23.7,0.13,0.02,0.77,7.86,60,1.24,62
5201,凱衛,資訊服務業,-0.05,301274000.0,0.0,0.0,279824823.9835829,0.0,32.15,86.41,12.66,99.07,0.0,0.0,0.0,30.5,0.0,0.0,0.0,1.42,6,12.75,4
5202,力新,資訊服務業,-0.62,164862000.0,0.0,0.0,121077556.5031983,0.0,10.75,14.71,5.18,19.89,0.0,0.0,0.0,13.0,0.0,0.0,0.0,63.75,175,1.14,6
5203,訊連,資訊服務業,3.63,2427908000.0,668845179.0633609,1.19,2576777774.7039256,3.85,28.14,29.82,16.71,46.53,64.33,179.14,108.34,65.4,1.66,0.98,2.74,24.58,76,12.98,33
5206,坤悅,建材營造,3.84,3769600000.0,981666666.6666667,1.72,5482539930.001323,5.58,18.1,68.41,5.62,74.03,31.36,413.09,101.0,23.2,4.35,1.35,17.81,46.91,91,2.92,40
5210,寶碩,資訊服務業,0.73,272289000.0,372998630.1369863,0.29,282072520.0851834,0.76,46.91,48.6,29.18,77.78,22.18,59.11,35.65,22.75,1.57,0.97,2.6,13.5,27,14.02,39
5211,蒙恬,資訊服務業,-0.77,210612000.0,0.0,0.0,307736071.382661,0.0,0.0,0.0,0.0,0.0,0.0,0.0,0.0,20.6,0.0,0.0,0.0,16.54,42,36.94,131
5212,凌網,資訊服務業,4.75,1290950000.0,271778947.3684211,1.75,1413090510.0940795,5.2,14.77,12.04,9.88,21.92,51.38,113.98,76.82,47.4,1.62,1.08,2.4,2.84,33,0.0,0
5016,松和,鋼鐵工業,1.51,2055226000.0,1361076821.192053,0.48,1998358736.7465615,1.47,18.24,17.01,13.58,30.59,19.96,44.97,26.81,26.0,1.03,0.77,1.73,0.35,4,0.37,17
5538,東明-KY,鋼鐵工業,3.02,12673987000.0,4196684437.0860925,1.05,13065884989.264072,3.11,16.24,35.91,9.61,45.52,29.89,141.57,50.52,31.0,1.63,0.96,4.57,30.26,155,4.61,60
5543,桓鼎-KY,建材營造,-2.51,3144157000.0,0.0,0.0,3420155024.787783,0.0,0.0,0.0,0.0,0.0,0.0,0.0,0.0,29.75,0.0,0.0,0.0,4.89,12,68.38,181
5546,永固-KY,建材營造,-2.13,2087510000.0,0.0,0.0,851418383.330274,0.0,171.78,18.82,160.0,178.82,0.0,0.0,0.0,16.5,0.0,0.0,0.0,5.28,18,2.35,25
6191,精成科,電子工業,6.54,32161694000.0,4917690214.067278,2.56,58964855235.139175,11.99,13.62,16.45,7.97,24.42,95.56,292.8,163.32,98.4,1.66,0.97,2.98,5.64,63,138.21,124
6192,巨路,其他電子業,10.07,7144455000.0,709479145.9781529,3.61,7754031689.683303,10.93,11.2,6.04,8.4,14.44,91.81,157.83,122.37,115.5,1.06,0.79,1.37,19.91,46,19.15,119
6194,育富,電子零組件業,2.19,1398436000.0,638555251.1415526,0.58,1064145291.3779074,1.67,11.1,8.48,6.89,15.37,11.51,25.67,18.53,32.65,0.57,0.35,0.79,44.13,133,12.96,171
6196,帆宣,其他電子業,15.43,51843750000.0,3359931950.7453012,5.76,53995691490.834076,16.07,18.46,14.84,12.02,26.86,193.16,431.64,296.72,378.0,0.78,0.51,1.14,12.74,64,68.1,131
6197,佳必琪,電子工業,8.67,7512846000.0,866533564.0138408,3.03,8968672465.990969,10.35,19.95,19.34,11.8,31.14,122.13,322.3,206.53,208.0,0.99,0.59,1.55,38.87,55,40.47,124
6199,天品,其他,0.32,226939000.0,709184375.0,0.45,2405795420.460156,3.39,221.52,595.04,60.22,655.26,204.15,2221.33,750.94,89.0,8.44,2.29,24.96,144.44,175,11.66,24
6201,亞弘電,其他電子業,3.71,3442014000.0,927766576.819407,1.05,2815211039.599222,3.03,12.73,4.6,10.9,15.5,33.03,46.96,38.57,50.5,0.76,0.65,0.93,6.54,67,6.37,91
6202,盛群,半導體業,0.76,3073437000.0,4043996052.631579,0.26,3225993771.0284214,0.8,202.4,433.15,58.39,491.54,46.71,393.23,161.92,54.2,2.99,0.86,7.26,7.94,67,12.8,20
6203,海韻電,電子零組件業,5.51,2765536000.0,501912159.70961887,1.43,2368952311.6791663,4.72,20.26,44.18,9.65,53.83,45.55,254.08,95.63,64.5,1.48,0.71,3.94,4.64,35,22.43,21
6204,艾華,電子零組件業,1.18,380189000.0,322194067.7966102,0.38,387659428.7694059,1.2,42.85,60.43,6.41,66.84,7.69,80.21,51.42,71.5,0.72,0.11,1.12,21.12,29,38.33,181
6205,詮欣,電子工業,2.0,1369150000.0,684575000.0,0.57,1134514278.970214,1.66,28.04,37.26,14.8,52.06,24.57,86.42,46.55,86.5,0.54,0.28,1.0,11.31,63,1.93,12
6206,飛捷,電子工業,6.9,5108829000.0,740410000.0,2.58,5311796757.842619,7.17,15.99,17.18,11.81,28.99,84.68,207.86,114.63,108.0,1.06,0.78,1.92,21.18,32,22.71,75
6190,萬泰科,通信網路業,2.2,8547190000.0,3885086363.6363635,0.83,9459669229.58059,2.43,21.02,21.7,12.32,34.02,29.94,82.67,51.07,69.8,0.73,0.43,1.18,14.62,47,36.46,108
6189,豐藝,電子通路業,2.86,29937615000.0,10467697552.447554,0.94,27912024859.32626,2.67,15.51,14.02,8.54,22.56,22.8,60.24,41.41,47.95,0.86,0.48,1.26,24.44,63,11.73,77
6188,廣明,電腦及週邊設備業,3.61,9625341000.0,2666299445.9833794,1.13,8745844817.42129,3.28,31.8,25.36,21.21,46.57,69.57,152.75,104.29,83.4,1.25,0.83,1.83,42.7,32,59.9,146
6166,凌華,電腦及週邊設備業,2.35,12101599000.0,5149616595.74468,0.88,13490928775.187494,2.62,257.48,1223.29,23.38,1246.67,61.26,3266.28,674.6,75.0,8.99,0.82,43.55,36.72,26,1.62,17
6167,久正,光電業,-0.03,1173851000.0,0.0,0.0,1532211118.0887969,0.0,152.86,721.44,11.06,732.5,0.0,0.0,0.0,12.2,0.0,0.0,0.0,11.9,32,29.03,38
6168,宏齊,光電業,0.05,2056765000.0,41135300000.0,0.02,2218653281.910298,0.05,489.75,1851.37,38.63,1890.0,1.93,94.5,24.49,25.1,0.98,0.08,3.76,7.53,26,42.73,123
6169,昱泉,文化創意業,-2.43,34318000.0,0.0,0.0,5934556.280464942,0.0,0.0,0.0,0.0,0.0,0.0,0.0,0.0,16.7,0.0,0.0,0.0,21.08,55,39.22,19
6170,統振,通信網路業,4.5,3183535000.0,707452222.2222222,1.54,3211496069.206868,4.54,16.28,19.82,9.73,29.55,44.17,134.16,73.91,52.1,1.42,0.85,2.58,13.62,47,5.5,108
6171,大城地產,建材營造,3.82,1222473000.0,320019109.947644,0.11,696063352.7802225,2.18,8.92,20.83,3.19,24.02,6.95,52.36,19.45,25.5,0.76,0.27,2.05,31.54,91,3.12,70
6173,信昌電,電子零組件業,3.25,4034265000.0,1241312307.6923077,1.07,4339456183.947874,3.5,19.11,21.17,10.19,31.36,35.66,109.76,66.89,85.7,0.78,0.42,1.28,29.6,76,80.17,178
6174,安碁,電子零組件業,0.65,602691000.0,927216923.076923,0.23,695271613.5424238,0.75,43.29,71.13,21.67,92.8,16.25,69.6,32.47,31.05,1.05,0.52,2.24,7.76,67,21.97,171
6175,立敦,電子零組件業,2.67,4125713000.0,1545210861.423221,0.96,4383742656.357081,2.84,15.38,15.91,8.79,24.7,24.96,70.15,43.69,62.4,0.7,0.4,1.12,18.09,85,55.75,178
6176,瑞儀,光電業,9.41,49402266000.0,5249975132.837407,3.12,47649964485.61214,9.08,12.56,7.73,8.83,16.56,80.18,150.36,114.06,99.7,1.14,0.8,1.51,5.78,41,9.46,41
6177,達麗,建材營造,3.83,3745752000.0,978003133.1592689,11.29,41311359623.06367,42.24,11.42,8.32,7.39,15.71,312.15,663.59,482.47,45.5,10.6,6.86,14.58,14.0,82,9.39,138
6179,亞通,其他,0.05,5085287000.0,101705740000.0,0.02,4192557515.10998,0.04,119.75,492.94,15.06,508.0,0.6,20.32,4.79,23.9,0.2,0.03,0.85,12.4,64,47.83,143
6180,橘子,文化創意業,-1.53,8817865000.0,0.0,0.0,8284479918.88837,0.0,17.4,52.31,5.53,57.84,0.0,0.0,0.0,39.3,0.0,0.0,0.0,12.18,12,5.65,6
6182,合晶,半導體業,0.08,9636039000.0,120450487500.0,0.03,10726940487.80312,0.09,584.03,2498.05,36.95,2535.0,3.33,228.15,52.56,40.1,1.31,0.08,5.69,6.76,64,76.79,172
6183,關貿,資訊服務業,3.9,2735238000.0,701343076.923077,1.46,2899473797.664749,4.13,25.4,10.99,22.75,33.74,93.96,139.35,104.92,92.2,1.14,1.02,1.51,8.67,183,11.92,108
6184,大豐電,其他,2.58,2154296000.0,834998449.612403,0.88,2203948918.959108,2.64,15.0,5.76,13.21,18.97,34.87,50.08,39.59,46.8,0.85,0.75,1.07,1.45,46,4.66,104
6185,幃翔,電子零組件業,0.22,532272000.0,2419418181.818182,0.08,603204521.6599438,0.25,107.86,276.4,25.27,301.67,6.32,75.42,26.96,14.25,1.89,0.44,5.29,0.89,67,4.96,7
6186,新潤,建材營造,8.46,9642257000.0,1139746690.3073285,2.93,13224172708.748293,11.6,12.76,29.44,3.83,33.27,44.43,385.93,148.05,40.0,3.7,1.11,9.65,37.58,109,8.42,123
6207,雷科,電子零組件業,0.9,1250009000.0,1388898888.8888888,0.26,891752925.8355412,0.64,38.29,63.49,16.74,80.23,10.71,51.35,24.5,64.5,0.38,0.17,0.8,30.11,64,59.36,117
6209,今國光,光電業,0.93,3477742000.0,3739507526.88172,0.42,5357059024.279888,1.43,174.76,238.59,53.26,291.85,76.16,417.35,249.91,62.3,4.01,1.22,6.7,39.36,27,81.1,182
6229,研通,半導體業,0.05,2118373000.0,42367460000.0,0.02,2900585829.2862306,0.07,282.35,1229.34,30.66,1260.0,2.15,88.2,19.76,25.7,0.77,0.08,3.43,28.68,46,0.0,0
6230,尼得科超眾,電子工業,-2.44,8921839000.0,0.0,0.0,9994439091.164118,0.0,213.85,878.84,32.92,911.76,0.0,0.0,0.0,159.0,0.0,0.0,0.0,10.18,20,18.75,143
6231,系微,資訊服務業,6.66,1682292000.0,252596396.3963964,2.52,1792211243.228597,7.1,47.04,60.67,27.23,87.9,193.33,624.09,334.01,309.5,1.08,0.62,2.02,145.36,173,11.11,139
6233,旺玖,半導體業,-0.16,392833000.0,0.0,0.0,355638416.64035726,0.0,188.32,868.06,46.94,915.0,0.0,0.0,0.0,28.25,0.0,0.0,0.0,5.19,50,6.81,118
6234,高僑,光電業,0.04,469080000.0,11727000000.0,0.01,636532364.3452833,0.05,77.74,1041.06,14.94,1056.0,0.75,52.8,3.89,52.8,0.07,0.01,1.0,19.0,64,47.37,94
6235,華孚,電子工業,2.9,6423856000.0,2215122758.62069,1.0,7738748673.088226,3.49,19.99,16.53,12.49,29.02,43.59,101.28,69.75,43.2,1.61,1.01,2.34,2.38,61,53.82,159
6236,中湛,其他,0.08,37705000.0,471312500.0,0.02,24774512.80657243,0.05,1189.55,2932.22,217.78,3150.0,10.89,157.5,59.48,0.0,0.0,0.0,0.0,0.0,0,0.0,0
6237,驊訊,半導體業,-1.53,494260000.0,0.0,0.0,615884335.6027119,0.0,0.0,0.0,0.0,0.0,0.0,0.0,0.0,39.6,0.0,0.0,0.0,16.99,26,39.26,123
6228,全譜,電腦及週邊設備業,-0.47,49315000.0,0.0,0.0,43564905.301250115,0.0,0.0,0.0,0.0,0.0,0.0,0.0,0.0,23.75,0.0,0.0,0.0,237.64,91,0.0,0
6239,力成,半導體業,7.48,73223133000.0,9789188903.743315,2.92,99361467271.04282,10.15,17.4,28.53,8.95,37.48,90.84,380.42,176.6,203.0,0.87,0.45,1.87,17.89,74,66.97,180
6241,易通展,通信網路業,-0.16,692989000.0,0.0,0.0,579855211.3649122,0.0,30.45,193.68,9.89,203.57,0.0,0.0,0.0,10.15,0.0,0.0,0.0,67.62,175,3.79,21
6242,立康,生技醫療業,2.64,587446000.0,222517424.24242422,0.79,551568331.03485,2.48,16.04,6.02,12.51,18.53,31.02,45.95,39.77,38.45,1.03,0.81,1.2,0.0,0,4.62,33
6243,迅杰,半導體業,-0.51,651120000.0,0.0,0.0,365212142.70123875,0.0,111.43,327.87,25.77,353.64,0.0,0.0,0.0,33.55,0.0,0.0,0.0,16.5,29,10.38,10
6244,茂迪,光電業,0.13,3097487000.0,23826823076.923077,0.04,2906028977.87769,0.12,61.45,213.88,25.41,239.29,3.05,28.71,7.37,27.4,0.27,0.11,1.05,32.19,64,15.75,20
6245,立端,通信網路業,4.37,7302201000.0,1670984210.5263157,1.38,6520426449.043488,3.9,15.38,9.18,11.61,20.79,45.28,81.08,59.99,80.1,0.75,0.57,1.01,7.11,32,2.75,117
6246,臺龍,光電業,1.14,1619848000.0,1420919298.245614,0.3,1300399649.3674104,0.92,26.17,24.04,13.07,37.11,12.02,34.14,24.08,16.4,1.47,0.73,2.08,112.1,175,41.96,115
6248,沛波,鋼鐵工業,1.53,7839072000.0,5123576470.588235,0.42,6155348198.056238,1.2,10.69,13.18,5.43,18.61,6.52,22.33,12.83,19.55,0.66,0.33,1.14,2.26,8,0.0,0
6227,茂綸,電子通路業,7.54,17398028000.0,2307430769.230769,2.64,23214713526.573547,10.06,14.59,10.11,10.81,20.92,108.75,210.46,146.8,91.3,1.61,1.19,2.31,42.99,32,18.18,11
6226,光鼎,光電業,-0.28,635376000.0,0.0,0.0,549490271.231456,0.0,0.0,0.0,0.0,0.0,0.0,0.0,0.0,12.55,0.0,0.0,0.0,19.4,67,5.35,97
6210,慶生,電子零組件業,-3.1,306659000.0,0.0,0.0,501382411.59380347,0.0,0.0,0.0,0.0,0.0,0.0,0.0,0.0,20.45,0.0,0.0,0.0,7.97,116,14.01,172
6212,理銘,建材營造,3.95,3083792000.0,780706835.443038,0.43,438059358.8562996,0.56,7.9,10.62,4.19,14.81,2.35,8.29,4.42,28.6,0.15,0.08,0.29,37.35,105,3.48,11
6213,聯茂,電子工業,4.16,32363618000.0,7779715865.384615,1.58,39787899612.2454,5.11,35.1,50.08,21.31,71.39,108.89,364.8,179.35,270.0,0.66,0.4,1.35,25.58,64,110.12,119
6214,精誠,資訊服務業,7.9,43098943000.0,5455562405.063291,3.03,52672392545.01584,9.65,18.43,10.81,13.31,24.12,128.44,232.76,177.86,120.0,1.48,1.07,1.94,12.55,48,11.98,160
6215,和椿,其他電子業,2.09,2411631000.0,1153890430.6220098,0.92,3712943831.5185194,3.22,56.42,60.9,28.53,89.43,91.87,287.96,181.66,111.0,1.64,0.83,2.59,62.41,146,62.68,103
6216,居易,通信網路業,0.61,760941000.0,1247444262.295082,0.16,560647318.2093884,0.45,23.01,34.03,10.04,44.07,4.52,19.83,10.35,24.3,0.43,0.19,0.82,48.32,181,0.59,12
6218,豪勉,通信網路業,-1.14,1375342000.0,0.0,0.0,1353400307.9579108,0.0,59.63,1.14,59.09,60.23,0.0,0.0,0.0,41.15,0.0,0.0,0.0,43.85,69,4.72,68
6219,富旺,建材營造,-0.8,2723162000.0,0.0,0.0,3929367087.265614,0.0,17.54,26.36,4.65,31.01,0.0,0.0,0.0,13.05,0.0,0.0,0.0,30.74,91,0.69,3
6220,岳豐,電子零組件業,0.81,8272013000.0,10212361728.395061,0.28,7966333735.106957,0.78,25.19,47.53,10.55,58.08,8.23,45.3,19.65,29.55,0.66,0.28,1.53,15.92,176,1.81,12
6221,晉泰,資訊服務業,2.77,5504900000.0,1987328519.8555956,0.72,3635293403.6076603,1.83,17.25,21.55,7.49,29.04,13.71,53.14,31.56,26.0,1.21,0.53,2.04,5.42,77,3.15,12
6222,立軒,光電業,-0.4,2936000.0,0.0,0.0,2103507.987220447,0.0,0.0,0.0,0.0,0.0,0.0,0.0,0.0,21.75,0.0,0.0,0.0,16.36,85,15.23,21
6223,旺矽,半導體業,33.49,13033582000.0,389178321.88713044,13.69,17893137171.94363,45.98,52.08,134.87,20.25,155.12,931.09,7132.42,2394.65,4925.0,0.49,0.19,1.45,101.17,174,210.65,182
6224,聚鼎,電子工業,0.66,2917892000.0,4421048484.848485,0.21,2712197938.178926,0.61,32.45,92.49,16.91,109.4,10.32,66.73,19.79,73.3,0.27,0.14,0.91,50.65,165,18.93,174
6225,天瀚,光電業,-0.06,52315000.0,0.0,0.0,49184467.59129802,0.0,45.62,16.58,39.87,56.45,0.0,0.0,0.0,20.45,0.0,0.0,0.0,7.76,46,66.67,179
6217,中探針,電子零組件業,-1.68,3644431000.0,0.0,0.0,4787268634.574148,0.0,0.0,0.0,0.0,0.0,0.0,0.0,0.0,278.0,0.0,0.0,0.0,21.72,64,108.29,171
6259,百徽,電子零組件業,0.71,459318000.0,646926760.5633804,0.32,628679502.6438135,0.97,31.63,30.95,17.94,48.89,17.4,47.42,30.68,21.0,1.46,0.83,2.26,1.75,60,9.83,25
6164,華興,光電業,0.07,754335000.0,10776214285.714285,0.02,630646992.5220581,0.06,70.79,175.25,16.18,191.43,0.97,11.49,4.25,12.3,0.35,0.08,0.93,16.11,64,7.05,12
6005,群益證,金融保險,2.64,18678452000.0,7075171212.121212,1.28,31452400859.342396,4.45,11.38,5.07,9.11,14.18,40.54,63.1,50.65,28.05,1.81,1.45,2.25,4.46,4,4.24,10
6015,宏遠證,金融業,0.76,1429585000.0,1881032894.7368422,0.54,5020577897.503963,2.67,61.47,273.49,9.01,282.5,24.06,754.28,164.13,14.2,11.56,1.69,53.12,1.5,4,10.73,158
6016,康和證,金融業,1.92,3881404000.0,2021564583.3333335,1.44,21140603999.347256,10.46,28.67,128.69,6.31,135.0,66.0,1412.1,299.88,19.45,15.42,3.39,72.6,4.94,67,14.77,158
6020,大展證,金融業,0.38,271592000.0,714715789.4736842,0.29,2889555972.8143344,4.04,41.81,71.59,14.5,86.09,58.58,347.8,168.93,19.25,8.78,3.04,18.07,2.88,68,0.79,7
6021,美好證,金融業,3.75,2015939000.0,537583733.3333334,0.0,0.0,0.0,18.28,47.78,7.65,55.43,0.0,0.0,0.0,33.05,0.0,0.0,0.0,50.92,49,23.91,182
6023,元大期,金融業,8.45,3633121000.0,429955147.9289941,3.48,4703506472.508359,10.94,12.05,3.56,10.23,13.79,111.92,150.86,131.78,99.5,1.32,1.12,1.52,15.64,26,7.02,182
6024,群益期,金融保險,5.48,2946386000.0,537661678.8321167,1.56,2734079783.880363,5.09,10.46,4.83,7.71,12.54,39.24,63.83,53.25,56.2,0.95,0.7,1.14,9.4,11,5.87,41
6026,福邦證,金融業,1.72,1113064000.0,647130232.5581396,0.62,1551194405.3834147,2.4,19.96,79.06,7.01,86.07,16.82,206.57,47.91,15.35,3.12,1.1,13.46,0.92,4,3.24,35
6028,公勝保經,金融業,8.27,0.0,0.0,0.0,0.0,0.0,10.56,1.51,9.97,11.48,0.0,0.0,0.0,79.9,0.0,0.0,0.0,88.72,159,1.25,6
6101,寬魚國際,文化創意業,-0.19,1024378000.0,0.0,0.0,4446556150.257482,0.0,126.85,196.6,46.93,243.53,0.0,0.0,0.0,40.45,0.0,0.0,0.0,2.82,111,10.55,98
6103,合邦,半導體業,-0.56,84771000.0,0.0,0.0,102888053.60773264,0.0,574.7,3912.23,12.77,3925.0,0.0,0.0,0.0,39.7,0.0,0.0,0.0,0.0,0,12.54,40
6104,創惟,半導體業,5.62,4008734000.0,713297864.7686833,1.93,4149648327.9036813,5.82,42.66,76.22,14.34,90.56,83.46,527.06,248.31,98.7,2.52,0.85,5.34,65.12,174,27.11,14
6108,競國,電子工業,-0.88,4214668000.0,0.0,0.0,4230139437.7706065,0.0,33.67,64.93,7.75,72.68,0.0,0.0,0.0,19.1,0.0,0.0,0.0,7.06,26,7.14,104
6109,亞元,通信網路業,-0.94,758747000.0,0.0,0.0,993672628.1428279,0.0,130.62,97.0,50.0,147.0,0.0,0.0,0.0,11.8,0.0,0.0,0.0,6.79,159,37.75,168
6111,光聚晶電,文化創意業,-4.62,7140131000.0,0.0,0.0,15896209302.988811,0.0,741.84,1839.4,57.27,1896.67,0.0,0.0,0.0,45.05,0.0,0.0,0.0,6.27,56,13.81,6
6112,邁達特,資訊服務業,1.82,21632169000.0,11885807142.857143,0.67,26646481089.711533,2.24,803.97,5690.6,19.4,5710.0,43.46,12790.4,1800.89,45.7,39.41,0.95,279.88,18.75,75,18.95,68
6113,亞矽,電子通路業,-0.25,646000000.0,0.0,0.0,796384140.8529028,0.0,313.14,515.93,84.07,600.0,0.0,0.0,0.0,22.5,0.0,0.0,0.0,0.0,0,2.84,4
5907,大洋-KY,貿易百貨,-4.55,2793027000.0,0.0,0.0,2391638254.1317906,0.0,0.0,0.0,0.0,0.0,0.0,0.0,0.0,5.38,0.0,0.0,0.0,46.29,174,0.0,0
5906,台南-KY,貿易百貨,1.0,1692931000.0,1692931000.0,0.34,1533199153.0572212,0.91,33.16,32.81,18.82,51.63,17.13,46.98,30.18,49.95,0.6,0.34,0.94,15.56,14,12.96,173
5547,久舜,建材營造,3.14,291501000.0,92834713.37579617,0.0,0.0,0.0,7.85,2.14,6.83,8.97,0.0,0.0,0.0,21.9,0.0,0.0,0.0,0.0,0,6.75,13
5548,安倉,建材營造,2.04,2476373000.0,1213908333.3333333,0.75,2760861687.5109034,2.27,13.56,10.29,8.96,19.25,20.34,43.7,30.79,23.65,1.3,0.86,1.85,1.1,4,0.74,6
5601,台聯櫃,航運業,0.42,93551000.0,222740476.1904762,0.14,94025234.18681994,0.42,89.1,28.27,72.5,100.77,30.45,42.32,37.42,36.0,1.04,0.85,1.18,3.16,180,3.86,55
5603,陸海,航運業,0.4,1398865000.0,3497162500.0,0.13,1305908998.3556867,0.37,61.89,330.62,11.05,341.67,4.09,126.42,22.9,16.5,1.39,0.25,7.66,48.15,179,0.22,19
5607,遠雄港,航運業,2.78,4051816000.0,1457487769.7841728,1.11,5433676897.083435,3.73,20.98,12.36,14.97,27.33,55.84,101.94,78.25,46.5,1.68,1.2,2.19,3.49,77,49.09,102
5608,四維航,航運業,-0.12,3208452000.0,0.0,0.0,3092686140.4970474,0.0,0.0,0.0,0.0,0.0,0.0,0.0,0.0,15.2,0.0,0.0,0.0,22.84,35,15.84,109
5609,中菲行,航運業,8.0,29430867000.0,3678858375.0,2.63,29231725580.651497,7.95,11.76,4.96,9.74,14.7,77.43,116.86,93.48,78.0,1.2,0.99,1.5,6.99,11,11.6,32
6114,久威,電子零組件業,2.66,897454000.0,337388721.80451125,0.74,679644969.9541354,2.01,27.03,77.61,7.05,84.66,14.17,170.17,54.33,30.2,1.8,0.47,5.63,97.1,126,29.34,24
5864,致和證,金融業,2.56,996266000.0,389166406.25,0.0,0.0,0.0,11.26,29.57,4.32,33.89,0.0,0.0,0.0,28.5,0.0,0.0,0.0,1.06,8,25.78,180
5871,中租-KY,其他,11.24,97807317000.0,8701718594.30605,3.71,95013032133.0746,10.92,10.14,4.56,7.63,12.19,83.32,133.11,110.78,115.5,0.96,0.72,1.15,1.47,4,12.02,76
5871A,中租-KY甲特,其他,0.0,0.0,0.0,0.0,0.0,0.0,0.0,0.0,0.0,0.0,0.0,0.0,0.0,102.0,0.0,0.0,0.0,1.03,74,2.49,77
5876,上海商銀,金融保險,3.06,54529641000.0,17820144117.64706,1.01,52014546061.124115,2.92,15.4,8.14,12.34,20.48,36.03,59.8,44.96,39.05,1.15,0.92,1.53,1.81,20,1.5,25
5878,台名,金融業,2.86,878908000.0,307310489.5104895,1.01,897087166.656265,2.92,18.18,8.73,14.27,23.0,41.67,67.16,53.1,40.8,1.3,1.02,1.65,3.31,33,6.38,31
5880,合庫金,金融保險,1.36,72176581000.0,53071015441.17647,0.43,73006626394.4093,1.38,20.02,6.41,16.58,22.99,22.88,31.73,27.63,22.95,1.2,1.0,1.38,2.84,91,7.55,96
6115,鎰勝,電子工業,2.85,7433274000.0,2608166315.7894735,0.98,7885661674.067681,3.02,16.26,6.78,13.15,19.93,39.71,60.19,49.1,47.75,1.03,0.83,1.26,9.59,63,3.72,62
6116,彩晶,光電業,-0.75,11477038000.0,0.0,0.0,11700798634.43917,0.0,0.0,0.0,0.0,0.0,0.0,0.0,0.0,8.14,0.0,0.0,0.0,0.98,20,17.52,146
6141,柏承,電子零組件業,-4.65,1834584000.0,0.0,0.0,1756524919.6486526,0.0,0.0,0.0,0.0,0.0,0.0,0.0,0.0,32.5,0.0,0.0,0.0,9.09,5,59.65,105
6142,友勁,通信網路業,-0.26,1786173000.0,0.0,0.0,1883217884.8432553,0.0,0.0,0.0,0.0,0.0,0.0,0.0,0.0,8.85,0.0,0.0,0.0,41.01,179,24.3,126
6143,振曜,通信網路業,6.46,8607320000.0,1332402476.7801857,2.11,9711430739.649,7.29,20.14,15.99,13.48,29.47,98.27,214.84,146.83,87.1,1.69,1.13,2.47,34.33,119,35.11,130
6144,得利影,文化創意業,-0.36,172362000.0,0.0,0.0,155555995.88590235,0.0,0.0,0.0,0.0,0.0,0.0,0.0,0.0,15.35,0.0,0.0,0.0,494.2,166,3.09,7
6146,耕興,其他電子類,10.78,4489524000.0,416467903.5250464,3.77,4717445220.6358595,11.33,15.96,8.33,12.56,20.89,142.3,236.68,180.81,221.0,0.82,0.64,1.07,1.24,4,9.51,131
6147,頎邦,半導體業,3.73,21413608000.0,5740913672.922252,1.31,23443474667.106762,4.08,13.53,38.04,9.62,47.66,39.25,194.45,55.18,163.0,0.34,0.24,1.19,2.85,20,4.69,13
6148,驊宏資,資訊服務業,1.36,968037000.0,711791911.7647058,0.31,638763800.8439714,0.9,27.82,37.09,11.95,49.04,10.76,44.14,25.04,31.05,0.81,0.35,1.42,1.63,75,2.55,6
6150,撼訊,電腦及週邊設備業,2.62,7670408000.0,2927636641.221374,0.74,6994384210.501461,2.39,226.59,324.2,20.3,344.5,48.52,823.36,541.54,55.1,9.83,0.88,14.94,10.46,32,49.92,164
6151,晉倫,其他電子類,1.16,1695815000.0,1461909482.7586207,0.39,1745017117.0715067,1.19,23.65,25.85,17.06,42.91,20.3,51.06,28.14,35.65,0.79,0.57,1.43,133.52,174,7.86,108
6152,百一,通信網路業,-1.47,1585496000.0,0.0,0.0,1416133869.3403234,0.0,163.16,52.0,145.5,197.5,0.0,0.0,0.0,13.5,0.0,0.0,0.0,96.52,133,6.44,95
6153,嘉聯益,電子工業,-4.38,5515837000.0,0.0,0.0,4993366027.666303,0.0,0.0,0.0,0.0,0.0,0.0,0.0,0.0,17.95,0.0,0.0,0.0,29.37,67,41.7,173
6154,順發,電子通路業,0.51,3894760000.0,7636784313.72549,0.18,4162859635.258928,0.55,32.45,298.56,19.44,318.0,10.69,174.9,17.84,13.2,1.35,0.81,13.25,0.29,36,8.51,33
6155,鈞寶,電子工業,0.74,621894000.0,840397297.2972974,0.26,676810492.8517163,0.81,69.19,299.65,18.35,318.0,14.86,257.58,56.04,46.05,1.22,0.32,5.59,24.06,76,45.87,178
6156,松上,電子零組件業,0.44,4962621000.0,11278684090.90909,0.16,4934012515.143619,0.44,18.75,37.91,9.65,47.56,4.25,20.93,8.25,20.05,0.41,0.21,1.04,80.45,179,14.26,76
6158,禾昌,電子零組件業,0.11,1823143000.0,16574027272.727272,0.03,1719687634.9632719,0.1,33.68,170.8,15.56,186.36,1.56,18.64,3.37,19.25,0.18,0.08,0.97,20.27,174,9.21,21
6160,欣技,電腦及週邊設備業,-1.19,1229032000.0,0.0,0.0,1097047764.9940763,0.0,0.0,0.0,0.0,0.0,0.0,0.0,0.0,15.7,0.0,0.0,0.0,64.86,64,14.12,40
6161,捷波,電腦及週邊設備業,2.71,1391277000.0,513386346.86346865,0.86,1629056677.2960577,3.17,16.36,13.76,11.37,25.13,36.04,79.66,51.85,41.45,1.25,0.87,1.92,53.22,33,29.53,143
6163,華電網,通信網路業,0.75,5679673000.0,7572897333.333333,0.43,8231851343.195699,1.09,352.91,2712.55,12.45,2725.0,13.57,2970.25,384.67,55.8,6.89,0.24,53.23,41.95,145,17.74,160
6140,訊達,資訊服務業,-2.01,2476215000.0,0.0,0.0,1702068359.1668475,0.0,44.42,250.06,21.76,271.82,0.0,0.0,0.0,19.05,0.0,0.0,0.0,29.77,49,6.52,19
6139,亞翔,其他電子業,30.49,70821098000.0,2322764775.336176,12.85,134312065104.27518,57.82,17.24,19.32,9.46,28.78,546.98,1664.06,996.82,670.0,1.49,0.82,2.48,0.0,0,96.11,182
6117,迎廣,電子工業,3.77,3198480000.0,848403183.0238727,1.33,3771431336.2679186,4.45,29.08,73.64,15.58,89.22,69.33,397.03,129.4,88.1,1.47,0.79,4.51,90.45,32,30.85,60
6118,建達,電子通路業,0.4,9901791000.0,24754477500.0,0.14,11274947693.376217,0.46,43.25,76.44,25.3,101.74,11.64,46.8,19.89,17.85,1.11,0.65,2.62,16.09,75,48.69,118
6120,達運,光電業,-0.19,17216314000.0,0.0,0.0,16328942832.46366,0.0,40.43,75.39,24.61,100.0,0.0,0.0,0.0,12.8,0.0,0.0,0.0,0.0,0,9.57,167
6121,新普,電腦及週邊設備業,30.6,80560816000.0,2632706405.228758,10.0,86054036656.21034,32.69,12.58,4.68,10.08,14.76,329.52,482.5,411.23,357.5,1.15,0.92,1.35,0.23,55,15.97,95
6122,擎邦,電機機械,4.78,4104869000.0,858759205.0209205,1.58,4125145967.815842,4.8,10.51,6.05,8.27,14.32,39.7,68.74,50.46,49.1,1.03,0.81,1.4,4.84,5,9.62,80
6124,業強,電子零組件業,-0.98,1808813000.0,0.0,0.0,2131544350.4598773,0.0,0.0,0.0,0.0,0.0,0.0,0.0,0.0,30.25,0.0,0.0,0.0,13.9,172,34.68,74
6125,廣運,光電業,0.1,3263584000.0,32635840000.0,0.03,4270526521.898388,0.13,203.55,554.88,26.66,581.54,3.47,75.6,26.46,55.8,0.47,0.06,1.35,48.78,32,35.99,108
6127,九豪,電子零組件業,0.46,978519000.0,2127215217.3913043,0.16,977769841.4837053,0.46,140.46,339.55,32.12,371.67,14.78,170.97,64.61,44.1,1.47,0.34,3.88,42.16,67,79.72,172
6128,上福,電子工業,-9.56,5257403000.0,0.0,0.0,5195380363.638458,0.0,11.76,3.76,10.18,13.94,0.0,0.0,0.0,20.45,0.0,0.0,0.0,7.56,33,0.0,0
6129,普誠,半導體業,-1.09,1113905000.0,0.0,0.0,1549763987.6529622,0.0,73.75,1.21,73.03,74.24,0.0,0.0,0.0,16.85,0.0,0.0,0.0,10.2,27,50.82,124
6130,上亞科技,生技醫療業,-1.72,155618000.0,0.0,0.0,151204080.4319287,0.0,0.0,0.0,0.0,0.0,0.0,0.0,0.0,24.4,0.0,0.0,0.0,53.09,75,38.81,63
6133,金橋,電子工業,0.73,1370459000.0,1877341095.890411,0.25,1593828427.914545,0.85,47.53,136.44,18.56,155.0,15.78,131.75,40.4,22.0,1.84,0.72,5.99,94.16,179,34.22,110
6136,富爾特,通信網路業,0.88,605803000.0,688412500.0,0.36,835939036.4889565,1.21,26.4,16.33,22.88,39.21,27.68,47.44,31.94,25.4,1.26,1.09,1.87,6.58,64,1.43,12
6138,茂達,半導體業,13.04,7357134000.0,564197392.6380368,4.63,8419937633.967544,14.92,19.83,17.26,12.74,30.0,190.08,447.6,295.81,235.5,1.26,0.81,1.9,8.09,26,56.35,153
6126,信音,電子零組件業,0.72,3836487000.0,5328454166.666667,0.32,5381893527.2884035,1.01,29.77,28.72,19.03,47.75,19.22,48.23,30.06,31.1,0.97,0.62,1.55,28.06,71,32.85,160
6830,汎銓,其他電子業,-0.7,2139984000.0,0.0,0.0,2650945443.9464965,0.0,103.43,281.65,23.35,305.0,0.0,0.0,0.0,850.0,0.0,0.0,0.0,53.85,167,44.58,124
6591,動力-KY,電子工業,5.37,1730676000.0,322286033.51955307,1.38,1443127032.0530813,4.48,16.14,10.19,11.1,21.29,49.73,95.38,72.32,57.0,1.27,0.87,1.67,18.56,32,110.47,119
8048,德勝,通信網路業,2.67,1020717000.0,382291011.23595506,0.92,1051239528.5191705,2.75,19.89,16.48,12.13,28.61,33.36,78.68,54.71,61.5,0.89,0.54,1.28,22.94,50,13.76,154
8049,晶采,光電業,1.71,1288318000.0,753402339.1812866,0.55,1236461004.8872576,1.64,13.33,6.09,10.68,16.77,17.52,27.5,21.86,25.25,0.87,0.69,1.09,0.87,91,3.11,19
8050,廣積,電腦及週邊設備業,1.45,5402081000.0,3725573103.448276,0.45,4449840570.68013,1.19,27.16,27.28,12.36,39.64,14.71,47.17,32.32,41.55,0.78,0.35,1.14,7.84,64,2.26,12
8054,安國,半導體業,-3.18,2740237000.0,0.0,0.0,9100256364.264505,0.0,0.0,0.0,0.0,0.0,0.0,0.0,0.0,106.0,0.0,0.0,0.0,22.4,76,92.72,179
8059,凱碩,通信網路業,-2.39,6325467000.0,0.0,0.0,74686481827.9818,0.0,618.93,58.75,596.25,655.0,0.0,0.0,0.0,20.6,0.0,0.0,0.0,52.06,68,55.83,38
8064,東捷,光電業,1.35,2544969000.0,1885162222.222222,0.64,4252163140.2847543,2.26,174.36,489.53,30.47,520.0,68.86,1175.2,394.05,104.0,3.79,0.66,11.3,117.66,174,20.37,167
8067,志旭,電子通路業,-0.59,110377000.0,0.0,0.0,73727510.35695526,0.0,0.0,0.0,0.0,0.0,0.0,0.0,0.0,12.9,0.0,0.0,0.0,33.33,67,22.15,164
8068,全達,電子通路業,1.23,808320000.0,657170731.7073171,0.65,1395541307.1281476,2.12,20.23,40.33,8.0,48.33,16.96,102.46,42.89,23.6,1.82,0.72,4.34,11.54,70,5.88,119
8047,星雲,其他電子類,-0.78,461310000.0,0.0,0.0,398751837.3274768,0.0,0.0,0.0,0.0,0.0,0.0,0.0,0.0,55.9,0.0,0.0,0.0,35.0,183,226.85,173
8069,元太,光電業,9.13,36899502000.0,4041566484.118291,2.77,36221976330.616196,8.96,31.93,38.63,13.67,52.3,122.48,468.61,286.1,137.5,2.08,0.89,3.41,47.69,169,16.77,117
8070,長華*,電子通路業,1.02,19055037000.0,18681408823.52941,0.39,22915916599.342434,1.23,23.82,34.74,13.74,48.48,16.9,59.63,29.3,47.95,0.61,0.35,1.24,55.28,145,11.42,27
8071,能率網通,電子零組件業,-1.15,2000187000.0,0.0,0.0,2009043482.5892918,0.0,0.0,0.0,0.0,0.0,0.0,0.0,0.0,16.4,0.0,0.0,0.0,84.72,67,11.83,146
8072,陞泰,電子工業,1.11,1223670000.0,1102405405.4054053,0.44,1780178253.6821659,1.61,33.45,41.13,21.96,63.09,35.36,101.57,53.86,27.45,1.96,1.29,3.7,24.2,60,10.42,53
8074,鉅橡,電子零組件業,1.35,1293671000.0,958274814.8148148,0.51,1537891169.7621582,1.6,29.67,51.63,15.04,66.67,24.06,106.67,47.48,80.3,0.59,0.3,1.33,23.04,176,89.73,108
8076,伍豐,電腦及週邊設備業,0.15,1995767000.0,13305113333.333334,0.07,2588568460.854599,0.19,68.83,185.27,14.73,200.0,2.8,38.0,13.08,22.35,0.59,0.13,1.7,30.43,146,5.14,118
8081,致新,半導體業,17.75,8617981000.0,485520056.3380282,5.73,8621265247.851053,17.76,13.24,7.31,10.05,17.36,178.49,308.31,235.1,251.5,0.93,0.71,1.23,7.2,26,7.83,48
8046,南電,電子零組件業,3.01,38926177000.0,12932284717.607975,1.17,52790713760.501205,4.08,194.29,705.97,20.28,726.25,82.74,2963.1,792.69,1005.0,0.79,0.08,2.95,13.42,27,192.25,180
8045,達運光電,電子工業,0.65,1184313000.0,1822020000.0,0.31,1699061370.438643,0.93,100.56,279.3,9.83,289.13,9.14,268.89,93.53,73.3,1.28,0.12,3.67,13.48,56,43.32,108
8011,台通,通信網路業,1.3,2097097000.0,1613151538.4615383,0.39,1891475280.5351243,1.17,31.96,288.69,6.94,295.63,8.12,345.89,37.39,19.35,1.93,0.42,17.88,40.41,77,17.41,181
8016,矽創,半導體業,14.65,18682856000.0,1275280273.0375426,5.66,22848766536.378178,17.92,14.0,7.24,10.51,17.75,188.34,318.08,250.93,230.0,1.09,0.82,1.38,2.54,43,7.73,143
8021,尖點,其他電子業,2.74,4267050000.0,1557317518.2481751,1.16,6365504920.835695,4.09,49.64,157.22,14.86,172.08,60.78,703.81,203.05,402.5,0.5,0.15,1.75,37.39,113,346.89,179
8024,佑華,半導體業,-2.56,158672000.0,0.0,0.0,122766258.8312326,0.0,0.0,0.0,0.0,0.0,0.0,0.0,0.0,12.7,0.0,0.0,0.0,13.61,67,7.94,39
8027,鈦昇,電機機械,-0.92,1560399000.0,0.0,0.0,2578497538.511826,0.0,263.96,74.5,226.75,301.25,0.0,0.0,0.0,193.5,0.0,0.0,0.0,50.37,55,25.73,140
8028,昇陽半導體,半導體業,4.38,4462417000.0,1018816666.6666667,1.67,5295628403.361918,5.2,52.67,73.51,28.84,102.35,149.97,532.22,273.88,245.0,1.12,0.61,2.17,155.94,159,40.98,167
8033,雷虎,其他,0.58,1429246000.0,2464217241.3793106,0.2,1534311689.6414864,0.62,268.98,920.95,97.8,1018.75,60.64,631.62,166.77,144.0,1.16,0.42,4.39,11.64,15,194.21,131
8034,榮群,通信網路業,1.42,560477000.0,394702112.6760564,0.32,376941538.89320135,0.96,16.16,9.24,12.36,21.6,11.87,20.74,15.52,23.9,0.65,0.5,0.87,3.07,27,60.49,129
8038,長園科,電子零組件業,0.92,523534000.0,569058695.6521739,0.48,1977378808.4605694,3.47,74.7,68.59,41.79,110.38,145.01,383.02,259.2,42.25,6.13,3.43,9.07,1.64,64,190.4,124
8039,台虹,電子工業,2.07,10469402000.0,5057682125.603865,0.65,11627818450.00101,2.3,33.28,64.7,14.22,78.92,32.71,181.52,76.54,136.5,0.56,0.24,1.33,40.08,117,55.13,182
8040,九暘,半導體業,-0.6,667594000.0,0.0,0.0,750017809.9249692,0.0,0.0,0.0,0.0,0.0,0.0,0.0,0.0,67.7,0.0,0.0,0.0,39.92,47,12.2,20
8042,金山電,電子零組件業,0.9,3693135000.0,4103483333.333333,0.36,4775793375.027244,1.16,86.73,180.56,43.19,223.75,50.1,259.55,100.6,58.6,1.72,0.85,4.43,4.19,77,53.78,178
8043,蜜望實,電子零組件業,1.68,5203246000.0,3097170238.095238,0.82,8972527562.547462,2.9,306.77,1996.63,13.37,2010.0,38.77,5829.0,889.64,85.4,10.42,0.45,68.26,108.59,112,107.66,178
8032,光菱,電子通路業,2.2,3555596000.0,1616179999.9999998,0.96,4928088176.644149,3.05,27.13,58.18,15.21,73.39,46.39,223.84,82.74,41.5,1.99,1.12,5.39,167.59,179,8.97,11
7757,金色三麥,觀光餐旅,8.98,785893000.0,87515924.27616926,0.0,0.0,0.0,12.65,3.5,11.61,15.11,0.0,0.0,0.0,106.0,0.0,0.0,0.0,0.0,0,9.63,46
7760,享溫馨,觀光餐旅,0.69,0.0,0.0,0.0,0.0,0.0,59.8,1.36,59.32,60.68,0.0,0.0,0.0,35.05,0.0,0.0,0.0,0.17,3,0.4,4
7765,中華資安,數位雲端,11.49,990636000.0,86217232.37597911,0.0,0.0,0.0,25.7,9.82,20.39,30.21,0.0,0.0,0.0,226.5,0.0,0.0,0.0,11.47,20,11.78,118
7767,仁大資訊,資訊服務業,4.18,627804000.0,150192344.49760768,0.0,0.0,0.0,12.0,3.16,10.5,13.66,0.0,0.0,0.0,44.75,0.0,0.0,0.0,0.0,0,17.86,74
7769,鴻勁,半導體業,75.71,8807978000.0,116338370.09642056,0.0,0.0,0.0,68.22,45.0,51.01,96.01,0.0,0.0,0.0,4945.0,0.0,0.0,0.0,70.54,32,202.05,182
7770,君曜,半導體業,3.0,140772000.0,46924000.0,0.0,0.0,0.0,17.48,7.35,15.32,22.67,0.0,0.0,0.0,47.8,0.0,0.0,0.0,0.0,0,21.54,40
7777,能率亞洲,其他,0.58,-35480000.0,0.0,0.0,0.0,0.0,55.11,43.66,41.03,84.69,0.0,0.0,0.0,27.55,0.0,0.0,0.0,0.0,0,191.01,146
7780,大研生醫*,食品工業,0.53,1098052000.0,2071796226.4150941,0.0,0.0,0.0,54.23,47.37,40.05,87.42,0.0,0.0,0.0,18.5,0.0,0.0,0.0,6.18,44,156.29,95
7753,星亞,光電業,4.21,450953000.0,107114726.8408551,0.0,0.0,0.0,11.87,7.59,9.29,16.88,0.0,0.0,0.0,43.75,0.0,0.0,0.0,12.97,4,53.71,74
7751,竑騰,半導體業,20.44,1012449000.0,49532729.941291586,0.0,0.0,0.0,53.09,105.7,26.74,132.44,0.0,0.0,0.0,2420.0,0.0,0.0,0.0,65.76,88,101.69,146
7728,光焱科技,其他電子類,4.95,338524000.0,68388686.86868687,2.22,434369706.9108512,6.35,96.92,251.6,24.4,276.0,154.94,1752.6,615.44,693.0,0.89,0.22,2.53,5.09,173,29.39,154
7730,暉盛-創,創新板股票,1.74,174841000.0,100483333.33333333,0.0,0.0,0.0,66.47,82.79,37.33,120.12,0.0,0.0,0.0,162.0,0.0,0.0,0.0,8.96,78,46.11,158
7732,金興精密,汽車工業,1.73,1119185000.0,646927745.6647398,0.58,965267164.5584244,1.49,19.2,15.24,11.99,27.23,17.87,40.57,28.6,36.75,0.78,0.49,1.1,26.29,176,3.11,39
7734,印能科技,半導體業,35.67,2285909000.0,64084917.297448836,16.83,3696392146.555201,57.68,35.01,94.0,18.39,112.39,1060.74,6482.66,2019.19,3405.0,0.59,0.31,1.9,14.97,134,33.49,80
7736,虎山,汽車工業,5.09,1548758000.0,304274656.1886051,1.57,1743156875.2297738,5.73,16.95,9.72,11.72,21.44,67.16,122.85,97.14,76.9,1.26,0.87,1.6,18.87,146,0.92,24
7738,東聯互動,數位雲端類,14.61,201472000.0,13790006.844626969,0.0,0.0,0.0,13.37,5.82,11.45,17.27,0.0,0.0,0.0,179.5,0.0,0.0,0.0,0.0,0,75.86,137
7740,熙特爾-創,綠能環保,4.97,1426350000.0,286991951.7102616,0.0,0.0,0.0,57.12,54.02,34.8,88.82,0.0,0.0,0.0,190.0,0.0,0.0,0.0,113.24,141,24.14,108
7743,金利食安,食品工業,0.55,571926000.0,1039865454.5454545,0.2,1910137150.369735,1.84,19.94,21.5,14.29,35.79,26.29,65.85,36.68,19.9,1.84,1.32,3.31,12.07,46,6.04,5
7744,崴寶,電子零組件業,16.28,577003000.0,35442444.71744472,0.0,0.0,0.0,24.09,16.54,17.12,33.66,0.0,0.0,0.0,512.0,0.0,0.0,0.0,19.75,176,132.93,146
7747,昕奇雲端,數位雲端類,4.07,856913000.0,210543734.64373463,0.0,0.0,0.0,32.27,8.03,28.22,36.25,0.0,0.0,0.0,132.5,0.0,0.0,0.0,1.24,35,25.84,69
7749,意騰-KY,半導體業,11.64,1157049000.0,99402835.05154638,0.0,0.0,0.0,77.88,78.8,31.36,110.16,0.0,0.0,0.0,426.0,0.0,0.0,0.0,11.02,10,11.02,10
7750,新代,電機機械,35.18,5251207000.0,149266827.74303582,0.0,0.0,0.0,40.21,51.8,29.12,80.92,0.0,0.0,0.0,2575.0,0.0,0.0,0.0,5.78,105,82.65,119
7782,光速火箭,居家生活類,2.13,242640000.0,113915492.95774649,0.0,0.0,0.0,11.32,4.81,9.65,14.46,0.0,0.0,0.0,26.5,0.0,0.0,0.0,0.0,0,16.55,66
7820,立盈,綠能環保類,1.84,0.0,0.0,0.0,0.0,0.0,81.22,3.15,79.71,82.86,0.0,0.0,0.0,139.5,0.0,0.0,0.0,177.23,132,218.58,122
7821,神數,汽車工業,2.99,0.0,0.0,0.0,0.0,0.0,15.84,2.86,14.46,17.32,0.0,0.0,0.0,47.7,0.0,0.0,0.0,10.89,155,51.46,180
7822,倍利科,半導體業,14.04,0.0,0.0,0.0,0.0,0.0,109.64,42.15,88.21,130.36,0.0,0.0,0.0,1295.0,0.0,0.0,0.0,73.11,155,122.66,182
7823,奧義賽博-KY創,創新板股票,0.24,33073000.0,137804166.6666667,0.0,0.0,0.0,0.0,0.0,0.0,0.0,0.0,0.0,0.0,82.6,0.0,0.0,0.0,0.0,0,0.0,0
7828,創新服務,半導體業,6.31,0.0,0.0,0.0,0.0,0.0,209.46,57.97,193.24,251.21,0.0,0.0,0.0,1230.0,0.0,0.0,0.0,81.68,111,81.68,111
7786,東方風能,綠能環保,11.11,3094023000.0,278489918.9918992,0.0,0.0,0.0,15.99,5.83,12.7,18.53,0.0,0.0,0.0,139.5,0.0,0.0,0.0,94.86,109,44.06,109
7788,松川精密,電子工業,3.63,2102773000.0,579276308.5399449,0.0,0.0,0.0,37.56,26.12,25.06,51.18,0.0,0.0,0.0,166.5,0.0,0.0,0.0,0.0,0,0.0,0
7791,皇家可口,食品工業,8.26,886148000.0,107281840.1937046,0.0,0.0,0.0,12.2,3.41,10.3,13.71,0.0,0.0,0.0,64.8,0.0,0.0,0.0,0.0,0,25.0,116
7792,安葆,其他電子類,8.72,332632000.0,38145871.559633024,0.0,0.0,0.0,37.71,11.47,31.53,43.0,0.0,0.0,0.0,355.5,0.0,0.0,0.0,21.7,175,37.04,145
7794,宏碁智新,居家生活類,2.72,0.0,0.0,0.0,0.0,0.0,13.47,4.01,12.35,16.36,0.0,0.0,0.0,33.9,0.0,0.0,0.0,5.77,90,19.91,46
7795,長廣,電子工業,2.22,135531000.0,61049999.99999999,0.0,0.0,0.0,119.11,54.96,85.88,140.84,0.0,0.0,0.0,403.0,0.0,0.0,0.0,4.73,4,95.45,138
7799,禾榮科,化學生技醫療,-3.29,6328000.0,0.0,0.0,0.0,0.0,0.0,0.0,0.0,0.0,0.0,0.0,0.0,371.0,0.0,0.0,0.0,159.34,104,140.25,80
7805,威聯通,數位雲端類,56.3,1144386000.0,20326571.93605684,0.0,0.0,0.0,15.36,5.16,13.34,18.5,0.0,0.0,0.0,688.0,0.0,0.0,0.0,0.0,0,22.37,129
7810,捷創科技,半導體業,6.25,125775000.0,20124000.0,0.0,0.0,0.0,44.25,36.42,32.0,68.42,0.0,0.0,0.0,218.0,0.0,0.0,0.0,0.0,0,82.67,115
7811,民盛,運動休閒類,8.1,0.0,0.0,0.0,0.0,0.0,10.82,1.11,10.31,11.42,0.0,0.0,0.0,84.4,0.0,0.0,0.0,15.36,49,14.02,68
8083,瑞穎,電機機械,9.8,1403166000.0,143180204.08163264,3.31,1741890107.181265,12.17,17.29,8.47,13.1,21.57,159.43,262.51,210.43,176.0,1.2,0.91,1.49,3.83,11,6.58,67
8084,巨虹,電子通路業,-1.82,602545000.0,0.0,0.0,492749036.1474392,0.0,36.42,33.91,21.67,55.58,0.0,0.0,0.0,44.15,0.0,0.0,0.0,35.02,62,33.93,172
8085,福華,其他電子類,-1.01,645835000.0,0.0,0.0,742978350.8034953,0.0,0.0,0.0,0.0,0.0,0.0,0.0,0.0,12.55,0.0,0.0,0.0,47.66,50,5.75,11
8086,宏捷科,半導體業,3.36,3949612000.0,1175479761.904762,1.4,6322707405.968726,5.38,47.84,312.16,23.55,335.71,126.7,1806.12,257.37,144.0,1.79,0.88,12.54,5.17,64,56.67,143
8488,吉源-KY,其他,-2.06,3107874000.0,0.0,0.0,4085533799.7121854,0.0,0.0,0.0,0.0,0.0,0.0,0.0,0.0,10.3,0.0,0.0,0.0,5.59,148,2.99,26
8905,裕國,其他,0.62,2134718000.0,3443093548.387097,0.2,2069292432.9462876,0.6,31.94,57.15,12.5,69.65,7.5,41.79,19.16,40.75,0.47,0.18,1.03,2.88,5,6.56,3
8906,花王,其他,-0.78,205067000.0,0.0,0.0,220847145.58366022,0.0,0.0,0.0,0.0,0.0,0.0,0.0,0.0,24.0,0.0,0.0,0.0,159.29,85,34.31,126
8908,欣雄,油電燃氣業,2.2,10642287000.0,4837403181.818181,0.68,9215500595.389042,1.91,23.47,12.68,18.09,30.77,34.55,58.77,44.83,39.45,1.14,0.88,1.49,1.26,25,3.93,70
8916,光隆,其他,2.5,8358964000.0,3343585600.0,0.65,8193702303.75274,2.45,16.06,8.62,12.08,20.7,29.6,50.72,39.34,47.35,0.83,0.63,1.07,7.02,62,0.96,19
8917,欣泰,油電燃氣業,2.22,3079267000.0,1387057207.2072072,0.78,3059321138.5844784,2.21,26.55,9.24,23.14,32.38,51.14,71.56,58.67,52.3,1.12,0.98,1.37,10.1,102,7.02,12
8921,沈氏,其他,-0.12,627607000.0,0.0,0.0,638665234.0619009,0.0,0.0,0.0,0.0,0.0,0.0,0.0,0.0,0.0,0.0,0.0,0.0,76.18,152,0.0,0
8923,時報,文化創意業,0.95,450369000.0,474072631.57894737,0.31,386627930.1461351,0.82,19.76,6.58,16.26,22.84,13.33,18.73,16.2,0.0,0.0,0.0,0.0,4.0,61,15.94,152
8926,台汽電,油電燃氣業,2.45,8036606000.0,3280247346.938775,4.34,39062546685.98423,11.91,25.03,23.35,16.82,40.17,200.33,478.42,298.09,44.4,6.71,4.51,10.78,2.75,36,18.68,172
8927,北基,油電燃氣業,0.36,10630044000.0,29527900000.0,0.14,13377707244.540384,0.45,87.22,194.46,31.13,225.59,14.01,101.52,39.25,19.85,1.98,0.71,5.11,21.36,76,9.47,61
8929,富堡,其他,-0.45,725631000.0,0.0,0.0,691548781.0435346,0.0,46.23,108.38,16.62,125.0,0.0,0.0,0.0,15.1,0.0,0.0,0.0,36.82,34,5.93,21
8930,青鋼,鋼鐵工業,2.4,1443214000.0,601339166.6666667,0.78,1372138438.673501,2.28,12.06,4.87,9.25,14.12,21.09,32.19,27.49,30.0,0.92,0.7,1.07,4.2,6,8.14,18
8931,大汽電,油電燃氣業,1.87,2513205000.0,1343959893.0481284,0.6,2403509493.4741235,1.79,21.44,10.65,17.03,27.68,30.48,49.55,38.38,41.45,0.93,0.74,1.2,1.32,60,20.18,24
8932,智通*,其他,1.99,2249716000.0,1130510552.7638192,0.7,2601165065.7789373,2.3,65.74,70.6,38.8,109.4,89.24,251.62,151.2,89.5,1.69,1.0,2.81,52.79,110,137.93,126
8935,邦泰,其他,-0.77,520557000.0,0.0,0.0,528873016.6789824,0.0,0.0,0.0,0.0,0.0,0.0,0.0,0.0,18.15,0.0,0.0,0.0,67.9,180,113.94,123
8936,國統,其他,4.08,6293893000.0,1542620833.3333333,1.54,7485920653.159081,4.85,17.47,18.79,12.11,30.9,58.73,149.86,84.74,50.1,1.69,1.17,2.99,3.37,6,5.34,11
8937,合騏*,其他,-0.72,66133000.0,0.0,0.0,423089952.206279,0.0,428.25,1286.86,28.52,1315.38,0.0,0.0,0.0,37.5,0.0,0.0,0.0,363.55,183,26.32,147
8481,政伸,其他,3.26,1173670000.0,360021472.3926381,1.06,1115055661.4614024,3.1,18.6,19.57,12.26,31.83,38.01,98.67,57.67,40.9,1.41,0.93,2.41,7.53,41,5.02,12
8436,大江,生技醫療業,8.69,6872719000.0,790876754.890679,3.03,7398958324.606916,9.36,17.79,9.04,13.24,22.28,123.93,208.54,166.52,118.5,1.41,1.05,1.76,12.5,62,0.0,0
8437,大地-KY,其他,-1.3,221282000.0,0.0,0.0,166476347.63143966,0.0,60.77,57.16,35.42,92.58,0.0,0.0,0.0,12.5,0.0,0.0,0.0,30.23,75,0.0,0
8442,威宏-KY,其他,4.18,7983723000.0,1909981578.9473686,1.42,8391288773.749587,4.39,10.06,7.79,6.27,14.06,27.53,61.72,44.15,50.0,0.88,0.55,1.23,0.4,6,4.62,13
8443,阿瘦,貿易百貨,-1.46,1127548000.0,0.0,0.0,1060061913.7235495,0.0,34.66,18.19,30.81,49.0,0.0,0.0,0.0,11.85,0.0,0.0,0.0,0.82,27,2.95,39
8444,綠河-KY,其他,-10.06,3333213000.0,0.0,0.0,1648842015.341187,0.0,0.0,0.0,0.0,0.0,0.0,0.0,0.0,6.25,0.0,0.0,0.0,23.5,70,13.85,13
8446,華研,文化創意業,10.31,1119230000.0,108557710.96023278,2.78,979347736.1699908,9.02,9.75,5.09,7.79,12.88,70.27,116.18,87.99,84.4,1.04,0.83,1.38,23.5,147,8.11,7
8450,霹靂,文化創意業,-5.34,235916000.0,0.0,0.0,442868124.979844,0.0,0.0,0.0,0.0,0.0,0.0,0.0,0.0,16.5,0.0,0.0,0.0,21.03,67,3.88,4
8455,大拓-KY,其他電子類,0.01,1156029000.0,115602900000.0,0.0,1281022675.4008157,0.01,1062.17,232.5,997.5,1230.0,9.98,12.3,10.62,23.7,0.45,0.42,0.52,84.43,111,23.46,151
8463,潤泰材,其他,1.86,7221483000.0,3882517741.9354835,0.61,7246420521.615741,1.87,20.44,27.76,11.92,39.68,22.29,74.2,38.22,22.25,1.72,1.0,3.33,15.18,91,4.72,105
8466,美吉吉-KY,其他,-0.97,3227731000.0,0.0,0.0,2395871135.3512783,0.0,48.06,168.24,11.48,179.72,0.0,0.0,0.0,15.85,0.0,0.0,0.0,14.71,42,0.0,0
9933,中鼎,其他,1.79,93718619000.0,52356770391.061455,0.55,75449247166.0767,1.44,43.04,99.47,10.69,110.16,15.39,158.63,61.97,36.75,1.69,0.42,4.32,4.4,64,23.76,129
9937,全國,油電燃氣業,2.37,22695298000.0,9576075105.485231,0.76,21104579269.802917,2.2,25.81,5.2,23.82,29.02,52.4,63.84,56.78,56.4,1.01,0.93,1.13,0.89,14,9.52,81
9938,百和,其他,4.1,15697877000.0,3828750487.804878,1.41,15322654837.50088,4.0,15.62,25.15,9.77,34.92,39.08,139.68,62.47,44.15,1.41,0.89,3.16,28.14,175,4.32,173
9939,宏全,其他,9.09,29073649000.0,3198421232.1232123,2.78,27185097306.098934,8.5,15.43,8.32,12.09,20.41,102.76,173.48,131.17,111.5,1.18,0.92,1.56,8.0,8,3.86,53
9940,信義,其他,0.28,9513436000.0,33976557142.85714,0.17,17525604451.214535,0.52,25.78,62.41,10.45,72.86,5.43,37.89,13.4,20.0,0.67,0.27,1.89,6.55,91,1.96,10
9941,裕融,其他,7.87,39779550000.0,5054580686.149937,2.56,38806120835.52041,7.68,14.42,7.55,10.86,18.41,83.4,141.39,110.72,77.1,1.44,1.08,1.83,10.1,48,5.94,19
9941A,裕融甲特,其他,0.0,0.0,0.0,0.0,0.0,0.0,0.0,0.0,0.0,0.0,0.0,0.0,0.0,50.7,0.0,0.0,0.0,1.57,116,3.55,115
9942,茂順,其他,8.15,3977553000.0,488043312.88343555,2.95,4492244346.5142355,9.2,12.74,4.46,10.0,14.46,92.0,133.03,117.18,116.5,1.01,0.79,1.14,0.77,7,2.59,19
9931,欣高,油電燃氣業,2.45,1551042000.0,633078367.3469387,0.9,1625457523.4109135,2.57,14.94,15.39,10.93,26.32,28.09,67.64,38.4,34.85,1.1,0.81,1.94,1.2,4,3.0,40
9945,潤泰新,其他,3.93,35602939000.0,9059272010.178116,1.74,52060392594.10319,5.75,8.67,11.07,5.01,16.08,28.81,92.46,49.86,23.6,2.11,1.22,3.92,24.97,91,0.0,0
9946,三發地產,建材營造,1.52,602169000.0,396163815.78947365,9.96,4707751114.753384,11.88,53.16,135.28,10.46,145.74,124.26,1731.39,631.53,15.9,39.72,7.82,108.89,30.05,36,12.44,35
9949,琉園,文化創意業,5.29,142500000.0,26937618.147448014,1.87,134115615.50364473,4.98,5.59,2.58,4.36,6.94,21.71,34.56,27.83,24.9,1.12,0.87,1.39,15.24,125,20.73,151
9950,萬國通,塑膠工業,-0.27,2109807000.0,0.0,0.0,2159944813.3457675,0.0,12.95,21.66,2.18,23.84,0.0,0.0,0.0,10.6,0.0,0.0,0.0,11.8,34,0.79,76
9951,皇田,電機機械,5.27,6333931000.0,1201884440.227704,1.86,7082880219.788335,5.89,12.44,5.37,10.09,15.46,59.43,91.06,73.3,53.6,1.37,1.11,1.7,1.96,61,21.46,122
9958,世紀鋼,鋼鐵工業,6.56,14571164000.0,2221214024.390244,2.62,16073444610.051842,7.24,28.57,38.03,15.12,53.15,109.47,384.81,206.84,101.0,2.05,1.08,3.81,58.7,46,39.6,62
9962,有益,鋼鐵工業,-0.16,1941014000.0,0.0,0.0,1218151721.7786772,0.0,29.1,70.32,13.25,83.57,0.0,0.0,0.0,9.81,0.0,0.0,0.0,2.07,19,3.42,20
9944,新麗,其他,-0.16,2250752000.0,0.0,0.0,2514939406.44979,0.0,181.65,387.97,14.03,402.0,0.0,0.0,0.0,16.4,0.0,0.0,0.0,13.6,91,2.96,27
9929,秋雨,其他,-0.07,653941000.0,0.0,0.0,631616614.8850094,0.0,0.0,0.0,0.0,0.0,0.0,0.0,0.0,11.2,0.0,0.0,0.0,10.65,92,6.27,13
9928,中視,其他,-1.4,846557000.0,0.0,0.0,988963321.1924673,0.0,57.19,44.06,43.18,87.24,0.0,0.0,0.0,17.55,0.0,0.0,0.0,47.95,64,18.99,111
8942,森鉅,其他,1.83,3809373000.0,2081624590.1639342,0.33,1472646306.4361386,0.71,11.36,17.96,7.18,25.14,5.1,17.85,8.07,42.5,0.19,0.12,0.42,3.28,53,1.17,6
8996,高力,電機機械,9.08,5988938000.0,659574669.6035242,6.61,19224491729.81751,29.15,66.52,114.67,26.39,141.06,769.27,4111.9,1939.11,1250.0,1.55,0.62,3.29,20.8,25,184.28,182
9902,台火,其他,-0.47,342343000.0,0.0,0.0,325024776.9988632,0.0,117.68,430.44,18.31,448.75,0.0,0.0,0.0,14.65,0.0,0.0,0.0,45.21,91,56.45,26
9905,大華,其他,1.29,8095013000.0,6275203875.968992,0.49,9257163526.320522,1.48,15.12,3.76,13.1,16.86,19.39,24.95,22.38,21.35,1.05,0.91,1.17,2.49,50,1.73,21
9906,欣巴巴,建材營造,0.09,1332942000.0,14810466666.666668,0.1,2434135320.694277,0.16,78.15,493.27,8.95,502.22,1.43,80.36,12.5,38.25,0.33,0.04,2.1,132.88,104,1.43,3
9907,統一實,其他,1.36,46160570000.0,33941595588.23529,0.42,41719455423.01266,1.23,22.69,33.17,12.86,46.03,15.82,56.62,27.91,17.55,1.59,0.9,3.23,14.05,158,16.02,7
9908,大台北,油電燃氣業,1.72,3392932000.0,1972634883.7209303,0.62,3322102665.5148606,1.68,17.03,7.25,13.58,20.83,22.81,34.99,28.61,29.6,0.97,0.77,1.18,0.92,76,2.11,60
9912,偉聯,電子工業,-1.12,495111000.0,0.0,0.0,522468929.6222243,0.0,0.0,0.0,0.0,0.0,0.0,0.0,0.0,12.75,0.0,0.0,0.0,20.8,19,6.36,109
9917,中保科,其他,6.77,19003491000.0,2807014918.759232,2.28,19142601119.880516,6.82,19.02,8.51,15.44,23.95,105.3,163.34,129.73,113.0,1.15,0.93,1.45,16.02,123,5.6,41
9918,欣天然,油電燃氣業,1.61,2060972000.0,1280106832.2981365,0.63,1896102161.4473708,1.48,21.53,18.37,17.06,35.43,25.25,52.44,31.87,43.25,0.74,0.58,1.21,3.85,50,8.34,77
9919,康那香,其他,-2.43,2744027000.0,0.0,0.0,2523437220.8834434,0.0,5.73,2.58,4.62,7.2,0.0,0.0,0.0,14.25,0.0,0.0,0.0,10.5,46,25.15,27
9925,新保,其他,2.37,8025348000.0,3386222784.8101263,0.85,8776961468.913683,2.59,17.61,2.54,16.31,18.85,42.24,48.82,45.6,40.3,1.13,1.05,1.21,3.14,40,2.07,82
9926,新海,油電燃氣業,2.68,2462571000.0,918869776.1194029,1.0,2462568325.0892334,2.68,19.63,3.34,18.33,21.67,49.12,58.08,52.61,49.4,1.06,0.99,1.18,1.64,15,3.54,60
9927,泰銘,其他,4.28,7937924000.0,1854655140.1869159,1.6,8541436035.470964,4.61,12.19,8.48,9.53,18.01,43.93,83.03,56.21,68.3,0.82,0.64,1.22,11.7,5,0.0,0
8435,鉅邁,其他,3.91,624566000.0,159735549.87212276,1.37,628286706.5896823,3.93,15.5,4.95,14.04,18.99,55.18,74.63,60.92,55.6,1.1,0.99,1.34,8.98,172,3.06,24
8431,匯鑽科,其他電子類,-3.9,1070130000.0,0.0,0.0,1050505122.2821845,0.0,100.0,132.76,30.65,163.41,0.0,0.0,0.0,63.0,0.0,0.0,0.0,23.42,139,0.0,0
8112A,至上甲特,電子工業,0.0,0.0,0.0,0.0,0.0,0.0,0.0,0.0,0.0,0.0,0.0,0.0,0.0,46.3,0.0,0.0,0.0,1.4,50,1.38,53
8114,振樺電,電子工業,18.5,18973096000.0,1025572756.7567568,4.5,11196007567.484947,10.92,20.17,34.25,8.05,42.3,87.91,461.92,220.29,184.0,1.2,0.48,2.51,83.13,174,22.12,19
8121,越峰,電子零組件業,-0.31,2993414000.0,0.0,0.0,3656535983.67073,0.0,51.41,80.42,22.47,102.89,0.0,0.0,0.0,28.5,0.0,0.0,0.0,51.99,34,78.39,178
8131,福懋科,半導體業,1.35,9623157000.0,7128264444.444444,0.56,12885012374.656885,1.81,35.84,96.55,11.42,107.97,20.67,195.43,64.88,60.8,1.07,0.34,3.21,8.61,33,47.56,179
8147,正淩,電子零組件業,3.08,1564956000.0,508102597.40259737,1.2,2129293250.1637213,4.19,46.45,38.72,31.43,70.15,131.69,293.93,194.63,166.0,1.17,0.79,1.77,55.07,75,23.98,158
8150,南茂,半導體業,0.7,23509652000.0,33585217142.857143,0.27,29382051156.10467,0.87,53.55,206.35,10.92,217.27,9.5,189.02,46.59,69.8,0.67,0.14,2.71,0.0,0,34.09,179
8112,至上,電子通路業,5.02,219865076000.0,43797823904.38248,3.14,451398801193.9175,10.31,21.62,37.51,11.96,49.47,123.31,510.04,222.95,81.7,2.73,1.51,6.24,3.43,5,35.53,178
8163,達方,電子工業,0.51,25049470000.0,49116607843.13725,0.16,26981949036.025604,0.55,22.3,48.92,8.33,57.25,4.58,31.49,12.26,26.65,0.46,0.17,1.18,12.54,5,1.69,12
8176,智捷,通信網路業,0.39,401727000.0,1030069230.7692307,0.11,222718990.347347,0.22,50.65,166.88,12.5,179.38,2.75,39.46,11.14,10.3,1.08,0.27,3.83,42.16,179,8.09,158
8182,加高,電子零組件業,0.44,2880401000.0,6546365909.090909,0.14,2781045184.423132,0.42,24.76,90.17,10.06,100.23,4.23,42.1,10.4,37.0,0.28,0.11,1.14,12.52,120,0.49,12
8183,精星,其他電子類,2.39,7367798000.0,3082760669.4560666,0.85,7836601952.833823,2.54,11.93,9.27,8.13,17.4,20.65,44.2,30.29,33.25,0.91,0.62,1.33,7.32,176,17.15,182
8201,無敵,其他電子業,-0.35,457909000.0,0.0,0.0,532861383.1648388,0.0,0.0,0.0,0.0,0.0,0.0,0.0,0.0,12.8,0.0,0.0,0.0,9.76,88,57.44,116
8155,博智,電子零組件業,6.9,4795545000.0,695006521.7391304,2.94,6650215048.719783,9.57,35.33,39.6,20.94,60.54,200.4,579.37,338.13,416.0,0.81,0.48,1.39,12.19,41,43.51,159
8110,華東,電子工業,2.47,7245046000.0,2933217004.0485826,0.92,7980498234.991476,2.72,55.81,90.02,18.31,108.33,49.8,294.66,151.8,44.85,3.38,1.11,6.57,21.66,53,104.44,171
8088,品安,半導體業,1.7,1503537000.0,884433529.4117647,0.89,2950737676.246826,3.34,109.72,407.9,13.21,421.11,44.12,1406.51,366.45,50.3,7.29,0.88,27.96,2.06,4,60.88,171
8089,康全電訊,通信網路業,-3.1,966852000.0,0.0,0.0,249723248.7403312,0.0,9.19,16.62,3.97,20.59,0.0,0.0,0.0,20.05,0.0,0.0,0.0,88.22,112,0.0,0
8092,建暐,其他電子類,0.0,342132000.0,0.0,0.0,408081951.50915384,0.0,871.67,46.66,856.67,903.33,0.0,0.0,0.0,15.8,0.0,0.0,0.0,28.68,69,5.24,6
8093,保銳,電子零組件業,-1.32,197523000.0,0.0,0.0,253354256.93102497,0.0,0.0,0.0,0.0,0.0,0.0,0.0,0.0,19.2,0.0,0.0,0.0,98.71,50,33.22,12
8096,擎亞,電子通路業,0.88,34409445000.0,39101642045.454544,0.34,26400870164.644188,0.68,42.66,106.45,9.88,116.33,6.72,79.1,29.01,89.2,0.33,0.08,0.89,76.47,117,2.66,180
8097,常珵,通信網路業,-1.13,268148000.0,0.0,0.0,220074431.90623277,0.0,138.6,84.54,107.83,192.37,0.0,0.0,0.0,50.9,0.0,0.0,0.0,26.27,169,10.12,87
8099,大世科,資訊服務業,2.64,4764597000.0,1804771590.9090908,1.02,6551299073.535751,3.63,33.64,29.22,22.92,52.14,83.2,189.27,122.11,64.2,1.9,1.3,2.95,78.36,64,15.16,139
8111,立碁,光電業,0.38,852145000.0,2242486842.105263,0.12,843412326.4890862,0.38,132.71,539.82,23.51,563.33,8.93,214.07,50.43,69.4,0.73,0.13,3.08,101.05,167,36.51,182
8101,華冠,通信網路業,-3.26,393227000.0,0.0,0.0,394439682.5490265,0.0,0.0,0.0,0.0,0.0,0.0,0.0,0.0,12.4,0.0,0.0,0.0,2.7,4,0.0,0
8102,傑霖科技,半導體業,2.25,66699000.0,29644000.0,0.0,0.0,0.0,20.3,23.33,12.85,36.18,0.0,0.0,0.0,68.4,0.0,0.0,0.0,13.08,25,33.25,55
8103,瀚荃,電子工業,3.96,3334507000.0,842047222.2222222,1.48,3947094368.331132,4.69,18.36,22.74,9.37,32.11,43.95,150.6,86.12,125.0,0.69,0.35,1.2,82.73,71,73.18,182
8104,錸寶,光電業,-0.55,3621838000.0,0.0,0.0,2368101673.6813354,0.0,1612.39,4320.0,180.0,4500.0,0.0,0.0,0.0,33.25,0.0,0.0,0.0,75.99,64,20.32,126
8105,凌巨,光電業,-0.3,8679610000.0,0.0,0.0,8666572590.930014,0.0,72.03,109.68,22.59,132.27,0.0,0.0,0.0,13.3,0.0,0.0,0.0,79.23,77,9.4,95
8107,大億金茂,電機機械,-0.53,962504000.0,0.0,0.0,752431667.206041,0.0,86.4,210.24,8.51,218.75,0.0,0.0,0.0,12.8,0.0,0.0,0.0,110.65,183,0.0,0
8109,博大,電子零組件業,6.17,1675345000.0,271530794.16531605,2.38,2172487045.3789725,8.0,14.87,9.73,11.18,20.91,89.44,167.28,118.93,118.0,1.01,0.76,1.42,4.45,15,34.25,131
8210,勤誠,電子工業,29.02,20900566000.0,720212474.1557547,13.63,35602880060.07717,49.43,25.83,34.41,11.7,46.11,578.33,2279.22,1276.69,1130.0,1.13,0.51,2.02,20.49,25,257.23,182
8213,志超,電子工業,2.28,17992158000.0,7891297368.421053,0.81,20264614893.0097,2.57,11.61,8.27,8.93,17.2,22.95,44.2,29.83,36.25,0.82,0.63,1.22,1.89,6,21.85,117
8349A,恒耀甲特,鋼鐵工業,0.0,0.0,0.0,0.0,0.0,0.0,0.0,0.0,0.0,0.0,0.0,0.0,0.0,0.0,0.0,0.0,0.0,12.1,151,1.32,32
8358,金居,電子零組件業,4.21,7752647000.0,1841483847.9809976,1.78,10823598311.367712,5.88,37.58,85.4,10.56,95.96,62.09,564.24,220.97,388.5,0.57,0.16,1.45,14.29,70,434.15,131
8367,建新國際,航運業,3.8,3216539000.0,846457631.5789474,1.27,3298122171.449931,3.9,13.61,7.16,11.11,18.27,43.33,71.25,53.1,42.2,1.26,1.03,1.69,12.46,71,1.64,17
8374,羅昇,電機機械,-0.55,4702943000.0,0.0,0.0,5593516808.690688,0.0,292.36,1015.96,62.61,1078.57,0.0,0.0,0.0,84.3,0.0,0.0,0.0,400.0,125,23.95,116
8401,白紗科,其他,2.71,1544829000.0,570047601.4760147,0.91,1595333367.3384645,2.8,11.21,6.16,9.2,15.36,25.76,43.01,31.4,24.45,1.28,1.05,1.76,5.05,27,2.47,159
8403,盛弘,生技醫療業,1.06,4335731000.0,4090312264.1509433,0.36,4483883255.386717,1.1,22.8,22.4,15.69,38.09,17.26,41.9,25.08,21.5,1.17,0.8,1.95,3.35,57,2.5,7
8349,恒耀,鋼鐵工業,2.02,11746755000.0,5815225247.524753,0.65,10923942302.48295,1.88,16.62,14.2,11.08,25.28,20.83,47.53,31.24,45.2,0.69,0.46,1.05,6.09,8,0.19,12
8404,百和興業-KY,其他,1.46,7460968000.0,5110252054.79452,0.51,7696750557.949163,1.51,33.37,78.39,11.61,90.0,17.53,135.9,50.38,16.8,3.0,1.04,8.09,70.32,173,31.15,174
8410,森田,電腦及週邊設備業,3.27,1129401000.0,345382568.80733943,0.87,956719067.4887722,2.77,11.42,10.73,6.16,16.89,17.06,46.79,31.62,36.9,0.86,0.46,1.27,28.47,106,0.0,0
8411,福貞-KY,其他,-0.69,9151695000.0,0.0,0.0,10754434234.598257,0.0,56.91,52.97,42.03,95.0,0.0,0.0,0.0,12.25,0.0,0.0,0.0,12.64,158,1.9,7
8415,大國鋼,鋼鐵工業,3.05,23061004000.0,7560984918.032787,1.1,25598925314.70069,3.39,13.65,6.43,10.98,17.41,37.22,59.02,46.27,33.7,1.37,1.1,1.75,3.97,29,6.77,89
8416,實威,資訊服務業,13.46,1712393000.0,127220876.67161961,5.35,1715350492.1618013,13.48,14.83,7.23,12.31,19.54,165.94,263.4,199.85,169.0,1.18,0.98,1.56,30.32,34,2.62,3
8421,旭源,其他,-0.39,1155501000.0,0.0,0.0,1227843983.404562,0.0,613.0,177.5,500.0,677.5,0.0,0.0,0.0,13.6,0.0,0.0,0.0,22.1,140,24.69,61
8424,惠普,建材營造,5.8,1077627000.0,185797758.62068966,1.95,1066803197.2096356,5.74,15.02,4.66,12.79,17.45,73.41,100.16,86.22,74.4,1.16,0.99,1.35,2.5,40,7.63,41
8426,紅木-KY,其他,1.85,2774857000.0,1499922702.7027025,0.58,2713152201.881584,1.81,9.07,7.99,6.33,14.32,11.46,25.92,16.42,23.85,0.69,0.48,1.09,4.82,11,3.17,6
8429,金麗-KY,貿易百貨,0.12,150489000.0,1254075000.0,0.03,123904192.42902207,0.1,219.86,648.25,54.25,702.5,5.43,70.25,21.99,6.58,3.34,0.83,10.68,20.3,159,3.66,14
8409,商之器,生技醫療業,0.24,277797000.0,1157487500.0,0.1,287144969.8164776,0.25,99.81,351.65,14.06,365.71,3.52,91.43,24.95,20.15,1.24,0.17,4.54,11.54,60,15.23,158
8342,益張,其他,5.97,1662869000.0,278537520.93802345,1.97,1616404065.7645967,5.8,13.13,5.74,10.08,15.82,58.46,91.76,76.15,0.0,0.0,0.0,0.0,30.77,71,6.74,152
8215,明基材,光電業,-1.14,17976113000.0,0.0,0.0,17499124852.363613,0.0,203.02,1084.56,25.44,1110.0,0.0,0.0,0.0,25.85,0.0,0.0,0.0,1.16,76,7.55,18
8222,寶一,電機機械,0.55,929257000.0,1689558181.8181818,0.19,968153267.7763387,0.57,47.15,58.41,25.3,83.71,14.42,47.71,26.88,35.1,0.77,0.41,1.36,2.57,15,8.09,4
8227,巨有科技,半導體業,2.05,1303125000.0,635670731.7073171,0.76,2384213824.6396966,3.75,94.1,168.18,51.6,219.78,193.5,824.18,352.89,153.0,2.31,1.26,5.39,8.61,28,37.93,117
8234,新漢,電腦及週邊設備業,0.4,5778088000.0,14445220000.0,0.11,4243582503.3185186,0.29,148.27,282.3,42.44,324.74,12.31,94.17,43.0,66.9,0.64,0.18,1.41,23.38,70,47.84,108
8240,華宏,光電業,2.18,7203456000.0,3304337614.678899,0.66,6231372963.505319,1.89,16.04,25.64,8.67,34.31,16.39,64.85,30.32,66.5,0.46,0.25,0.98,32.88,174,29.64,118
8249,菱光,電子工業,4.04,3641509000.0,901363613.8613862,1.54,3623244225.5477567,4.02,19.3,33.31,13.51,46.82,54.31,188.22,77.59,49.45,1.57,1.1,3.81,151.71,179,38.21,115
8255,朋程,電機機械,6.33,8097224000.0,1279182306.4770932,2.07,7886915097.5640955,6.17,20.57,15.45,12.62,28.07,77.87,173.19,126.89,136.0,0.93,0.57,1.27,22.87,47,17.69,129
8261,富鼎,半導體業,5.73,3105660000.0,542000000.0,1.87,3315857170.4764075,6.12,19.93,16.7,12.64,29.34,77.36,179.56,121.98,118.5,1.03,0.65,1.52,7.89,64,43.53,178
8271,宇瞻,半導體業,6.7,10908622000.0,1628152537.3134327,4.85,32072693792.925663,19.7,21.77,41.81,7.97,49.78,157.01,980.67,428.93,220.0,1.95,0.71,4.46,4.95,5,147.58,178
8272,全景軟體,資訊服務業,4.66,473954000.0,101706866.9527897,1.53,498214922.8196743,4.9,19.98,16.16,14.96,31.12,73.3,152.49,97.9,70.0,1.4,1.05,2.18,81.71,175,16.85,132
8277,商丞,半導體業,-0.38,252859000.0,0.0,0.0,136410944.96401054,0.0,0.0,0.0,0.0,0.0,0.0,0.0,0.0,7.98,0.0,0.0,0.0,59.49,55,58.56,158
8279,生展,生技醫療業,10.03,2123580000.0,211722831.50548357,2.76,1936811003.2638268,9.15,13.76,7.83,10.38,18.21,94.98,166.62,125.88,99.1,1.27,0.96,1.68,7.62,50,17.84,11
8284,三竹,資訊服務業,4.74,2937789000.0,619786708.8607595,1.64,3188602219.121786,5.14,13.54,5.81,10.79,16.6,55.46,85.32,69.61,64.0,1.09,0.87,1.33,5.79,68,7.46,10
8289,泰藝,電子零組件業,0.04,1725495000.0,43137375000.0,0.01,1767797092.3140242,0.04,420.31,1390.97,24.03,1415.0,0.96,56.6,16.81,45.35,0.37,0.02,1.25,7.36,19,10.62,144
8291,尚茂,電子零組件業,-1.51,2612000.0,0.0,0.0,5949555.555555555,0.0,0.0,0.0,0.0,0.0,0.0,0.0,0.0,22.05,0.0,0.0,0.0,0.0,0,375.29,101
8299,群聯,半導體業,41.96,68473723000.0,1631880910.3908484,30.44,185277561827.2005,113.54,24.46,65.21,10.42,75.63,1183.09,8587.03,2777.44,1900.0,1.46,0.62,4.52,3.28,6,144.22,181
8432,東生華,生技醫療業,3.62,1340047000.0,370178729.28176796,1.06,1350366754.3080263,3.65,20.06,23.78,13.8,37.58,50.37,137.17,73.24,50.1,1.46,1.01,2.74,15.37,55,12.42,172
6590,普鴻,資訊服務業,5.48,672156000.0,122656204.37956204,1.79,648939355.9644167,5.29,14.36,6.22,11.82,18.04,62.53,95.43,75.95,70.3,1.08,0.89,1.36,0.44,14,12.66,109
7723,築間,觀光餐旅,-6.59,4033872000.0,0.0,0.0,7181955981.828398,0.0,56.61,97.22,13.57,110.79,0.0,0.0,0.0,30.05,0.0,0.0,0.0,1.12,1,0.0,0
6756,威鋒電子,半導體業,1.11,1540487000.0,1387826126.126126,0.4,1642280018.9930499,1.18,63.3,49.86,35.33,85.19,41.69,100.52,74.7,84.6,0.88,0.49,1.19,8.83,49,16.24,21
6761,穩得,電子零組件業,7.35,1989199000.0,270639319.72789115,2.22,1716807029.1743262,6.34,18.99,20.05,10.23,30.28,64.86,191.98,120.38,218.0,0.55,0.3,0.88,19.05,64,72.61,124
6762,達亞,生技醫療業,0.73,705600000.0,966575342.4657534,0.19,582627728.911895,0.6,186.22,269.43,94.67,364.1,56.8,218.46,111.73,143.5,0.78,0.4,1.52,21.66,41,0.0,0
6767,台微醫,生技醫療業,-0.5,322308000.0,0.0,0.0,294123105.3722302,0.0,0.0,0.0,0.0,0.0,0.0,0.0,0.0,27.8,0.0,0.0,0.0,0.8,7,10.82,20
6753,龍德造船,航運業,5.97,5357790000.0,897452261.3065327,2.18,5294197065.785225,5.9,21.73,36.41,13.84,50.25,81.66,296.48,128.18,136.0,0.94,0.6,2.18,42.86,57,99.51,131
6770,力積電,電子工業,-1.86,45962445000.0,0.0,0.0,56098381587.31672,0.0,29.32,0.0,29.32,29.32,0.0,0.0,0.0,51.9,0.0,0.0,0.0,17.8,46,131.93,181
6776,展碁國際,電子工業,4.2,28833106000.0,6865025238.095238,1.53,34633462739.86983,5.04,13.12,8.84,10.6,19.44,53.42,97.98,66.13,56.7,1.17,0.94,1.73,3.65,26,15.14,62
6781,AES-KY,電子工業,38.2,15649550000.0,409674083.7696335,14.81,20530849351.198536,50.12,33.95,33.96,21.47,55.43,1076.08,2778.15,1701.44,1105.0,1.54,0.97,2.51,6.24,13,59.78,98
6782,視陽,化學生技醫療,14.08,4126829000.0,293098650.5681818,5.34,5410619323.625086,18.46,21.19,40.18,12.33,52.51,227.61,969.33,391.16,226.5,1.73,1.0,4.28,17.1,67,26.59,105
6752,叡揚,資訊服務業,7.58,2005986000.0,264641952.5065963,2.58,2131600347.152064,8.05,19.93,19.05,13.77,32.82,110.85,264.2,160.43,105.0,1.53,1.06,2.52,4.47,68,8.04,7
6722,輝創,其他電子業,3.39,418495000.0,123449852.50737463,0.0,0.0,0.0,15.42,5.11,13.28,18.39,0.0,0.0,0.0,39.9,0.0,0.0,0.0,0.49,11,26.01,174
6725,矽科宏晟,其他電子類,12.98,667194000.0,51401694.915254235,0.0,0.0,0.0,18.89,18.41,13.1,31.51,0.0,0.0,0.0,354.0,0.0,0.0,0.0,23.49,60,92.74,116
6727,亞泰金屬,電子零組件業,6.8,1497054000.0,220155000.0,4.3,3731976984.4341273,16.95,23.85,59.36,8.8,68.16,149.16,1155.31,404.27,382.0,1.06,0.39,3.02,40.13,137,283.55,131
6730,常廣,生技醫療業,2.14,120733000.0,56417289.719626166,0.0,0.0,0.0,17.21,2.07,16.29,18.36,0.0,0.0,0.0,38.5,0.0,0.0,0.0,0.24,1,13.57,151
6732,昇佳電子,半導體業,6.21,4524877000.0,728643639.2914654,2.02,4286654802.5803366,5.88,22.21,19.68,13.89,33.57,81.67,197.39,130.62,151.0,0.87,0.54,1.31,7.66,43,41.32,136
6733,博晟生醫,生技醫療業,-0.69,219222000.0,0.0,0.0,253577952.93142492,0.0,0.0,0.0,0.0,0.0,0.0,0.0,0.0,29.15,0.0,0.0,0.0,10.6,61,71.03,136
6751,智聯服務,資訊服務業,5.21,1831365000.0,351509596.92898273,1.71,1545720359.103735,4.4,38.09,65.31,7.56,72.87,33.26,320.63,167.58,51.8,3.24,0.64,6.19,17.17,40,0.71,13
6739,竹陞科技,其他電子類,16.13,761022000.0,47180533.16800992,7.89,1480899830.2775064,31.39,59.2,83.94,26.45,110.39,830.27,3465.14,1858.36,1420.0,1.31,0.58,2.44,150.28,133,277.69,154
6742,澤米,光電業,-1.51,550879000.0,0.0,0.0,332909609.0613117,0.0,369.31,775.72,136.5,912.22,0.0,0.0,0.0,39.1,0.0,0.0,0.0,2.5,173,17.33,124
6743,安普新,其他電子業,0.71,5559377000.0,7830108450.704226,0.2,5216142118.280659,0.67,52.66,120.84,13.31,134.15,8.92,89.88,35.28,29.7,1.19,0.3,3.03,16.56,124,5.75,138
6735,美達科技,其他電子類,0.33,328512000.0,995490909.090909,0.13,492144294.42559594,0.49,175.81,1102.02,19.23,1121.25,9.42,549.41,86.15,121.5,0.71,0.08,4.52,5.86,33,88.45,144
6721,信實,其他,4.65,3597037000.0,773556344.0860214,1.63,3856423062.939126,4.99,13.43,4.14,11.75,15.89,58.63,79.29,67.0,57.7,1.16,1.02,1.37,6.5,179,12.14,133
6821,聯寶,電子零組件業,1.13,587770000.0,520150442.4778761,0.32,519751633.09291106,1.0,35.43,40.34,22.96,63.3,22.96,63.3,35.43,52.8,0.67,0.43,1.2,50.44,180,29.38,7
6823,濾能,半導體業,-8.03,631530000.0,0.0,0.0,687552288.4803258,0.0,0.0,0.0,0.0,0.0,0.0,0.0,0.0,96.8,0.0,0.0,0.0,7.79,160,73.42,181
6831,邁科,電子工業,4.93,959783000.0,194682150.1014199,0.0,0.0,0.0,163.7,178.0,71.24,249.24,0.0,0.0,0.0,474.5,0.0,0.0,0.0,19.07,27,144.3,129
6834,天二科技,電子工業,0.51,1428164000.0,2800321568.627451,0.19,1649417383.0204685,0.59,330.73,1352.96,32.04,1385.0,18.9,817.15,195.13,37.6,5.19,0.5,21.73,110.86,75,11.0,19
6785,昱展新藥,生技醫療業,-1.2,1753000.0,0.0,0.0,0.0,0.0,581.16,2954.17,20.83,2975.0,0.0,0.0,0.0,146.5,0.0,0.0,0.0,9.74,25,128.68,172
6788,華景電,半導體業,17.37,2543412000.0,146425561.31260794,6.12,2940748884.9746523,20.08,19.86,21.45,9.8,31.25,196.78,627.5,398.69,442.0,0.9,0.45,1.42,119.12,119,55.23,119
6789,采鈺,半導體業,4.01,9100411000.0,2269429177.057357,1.37,9134303589.094816,4.02,89.32,227.9,30.38,258.28,122.13,1038.29,359.05,576.0,0.62,0.21,1.8,37.43,70,56.8,129
6790,永豐實,造紙工業,3.03,10716158000.0,3536685808.580858,1.0,10301012009.524078,2.91,13.7,4.84,11.68,16.52,33.99,48.07,39.87,39.6,1.01,0.86,1.21,4.71,5,6.08,70
6791,虎門科技,資訊服務業,4.16,785380000.0,188793269.23076922,1.6,907592208.534286,4.81,26.98,20.38,19.12,39.5,91.97,189.99,129.77,124.0,1.05,0.74,1.53,82.55,179,31.33,119
6792,詠業,通信網路業,2.23,1315481000.0,589901793.7219731,0.72,1364715769.1613226,2.31,24.99,20.85,16.58,37.43,38.3,86.46,57.72,57.6,1.0,0.66,1.5,5.32,34,26.7,125
6796,晉弘,生技醫療業,0.13,698679000.0,5374453846.153846,0.04,632955874.5777348,0.12,231.88,507.04,37.34,544.38,4.48,65.33,27.83,69.5,0.4,0.06,0.94,25.16,70,20.33,174
6799,來頡,半導體業,5.11,954586000.0,186807436.39921722,1.73,980570545.4874287,5.25,30.25,25.07,20.03,45.1,105.16,236.78,158.83,88.0,1.8,1.2,2.69,8.03,49,20.4,13
6805,富世達,電子工業,31.0,12078622000.0,389632967.7419355,13.79,20902152739.355213,53.65,54.43,64.17,20.98,85.15,1125.58,4568.3,2919.9,2070.0,1.41,0.54,2.21,16.47,158,203.76,182
6720,久昌,半導體業,4.19,445852000.0,106408591.88544151,1.12,305479206.81635004,2.87,28.83,26.83,18.41,45.24,52.84,129.84,82.73,160.0,0.52,0.33,0.81,50.63,82,0.0,0
6719,力智,電子工業,9.35,4540355000.0,485599465.2406417,2.72,4685838328.349221,9.65,83.17,113.97,23.97,137.94,231.31,1331.12,802.55,170.0,4.72,1.36,7.83,14.78,26,17.21,143
6625,必應,其他,8.88,4041795000.0,455157094.59459454,2.87,7666310287.474318,16.84,13.67,16.4,8.31,24.71,139.94,416.12,230.13,73.2,3.14,1.91,5.68,0.0,0,47.59,63
6637,醫影,生技醫療業,7.16,1068011000.0,149163547.48603353,2.29,2025652209.4419072,13.58,14.23,15.3,8.79,24.09,119.37,327.14,193.18,72.3,2.67,1.65,4.52,47.03,49,42.67,52
6640,均華,半導體業,12.75,2608139000.0,204559921.56862745,5.59,4510345404.949898,22.05,62.0,116.56,21.48,138.04,473.63,3043.78,1367.01,1460.0,0.94,0.32,2.08,168.35,117,107.94,144
6642,富致,電子零組件業,2.6,541366000.0,208217692.3076923,0.91,552928857.5425155,2.66,21.35,18.11,13.91,32.02,37.0,85.17,56.8,57.2,0.99,0.65,1.49,15.65,174,6.97,10
6649,台生材,生技醫療業,1.4,213984000.0,152845714.2857143,0.28,118546516.54305807,0.78,53.94,94.17,27.86,122.03,21.73,95.18,42.07,40.45,1.04,0.54,2.35,22.68,145,109.66,165
6651,全宇昕,半導體業,6.31,1527269000.0,242039461.17274168,2.08,1480934981.0555038,6.12,12.82,9.81,8.45,18.26,51.71,111.75,78.45,107.0,0.73,0.48,1.04,55.39,158,7.97,12
6654,天正國際,其他電子類,0.0,348044000.0,0.0,0.0,518832088.1479098,0.0,8996.76,880.0,8500.0,9380.0,0.0,0.0,0.0,89.9,0.0,0.0,0.0,0.98,64,26.47,34
6655,科定,其他,3.93,2573178000.0,654752671.7557251,1.45,3134733964.669028,4.79,30.28,14.35,24.29,38.64,116.35,185.09,145.05,137.0,1.06,0.85,1.35,28.21,123,1.99,24
6657,華安,化學生技醫療,-2.93,7153000.0,0.0,0.0,9910830.667402096,0.0,0.0,0.0,0.0,0.0,0.0,0.0,0.0,42.05,0.0,0.0,0.0,5.01,49,24.75,20
6643,M31,半導體業,1.69,1664726000.0,985044970.4142013,0.65,1893485144.2821984,1.92,151.42,308.18,62.23,370.41,119.48,711.19,290.72,548.0,0.53,0.22,1.3,21.58,76,5.61,12
6620,漢達,生技醫療業,4.85,163380000.0,33686597.93814433,0.0,0.0,0.0,17.89,7.41,13.92,21.33,0.0,0.0,0.0,75.1,0.0,0.0,0.0,14.23,11,100.67,164
6617,共信-KY,生技醫療業,-0.92,35690000.0,0.0,0.0,43727008.156923674,0.0,0.0,0.0,0.0,0.0,0.0,0.0,0.0,74.9,0.0,0.0,0.0,5.52,6,17.5,21
6592,和潤企業,其他,4.73,23894153000.0,5051617970.4016905,1.53,22527490474.98119,4.46,16.93,9.15,12.96,22.11,57.8,98.61,75.49,61.2,1.23,0.94,1.61,2.09,4,4.31,6
6592A,和潤企業甲特,其他,0.0,0.0,0.0,0.0,0.0,0.0,0.0,0.0,0.0,0.0,0.0,0.0,0.0,97.3,0.0,0.0,0.0,2.04,60,2.39,171
6592B,和潤企業乙特,其他,0.0,0.0,0.0,0.0,0.0,0.0,0.0,0.0,0.0,0.0,0.0,0.0,0.0,97.5,0.0,0.0,0.0,1.27,61,1.54,145
6593,台灣銘板,資訊服務業,-2.06,428382000.0,0.0,0.0,348676954.0722833,0.0,86.25,117.8,46.3,164.1,0.0,0.0,0.0,35.9,0.0,0.0,0.0,0.0,0,82.2,56
6596,寬宏藝術,文化創意業,18.83,3139203000.0,166712851.8321827,4.28,3598338767.9595146,21.58,12.09,17.67,5.06,22.73,109.19,490.51,260.96,100.0,2.61,1.09,4.91,4.89,5,99.33,122
6597,立誠,電子零組件業,2.54,632474000.0,249005511.81102362,0.9,1021073349.6893557,4.1,22.48,19.03,14.28,33.31,58.55,136.57,92.16,62.4,1.48,0.94,2.19,22.11,169,0.0,0
6598,ABC-KY,化學生技醫療,-1.97,445577000.0,0.0,0.0,844635634.2638495,0.0,0.0,0.0,0.0,0.0,0.0,0.0,0.0,21.45,0.0,0.0,0.0,70.13,50,21.28,151
6605,帝寶,汽車工業,13.97,19461033000.0,1393058911.9541874,4.69,18695377506.62607,13.42,11.41,8.57,7.61,16.18,102.13,217.14,153.14,124.5,1.23,0.82,1.74,39.44,91,6.52,56
6606,建德工業,電機機械,1.1,807055000.0,733686363.6363636,0.36,900384759.2456434,1.23,27.67,12.02,21.51,33.53,26.46,41.24,34.03,24.1,1.41,1.1,1.71,31.12,126,4.78,122
6609,瀧澤科,電機機械,-1.53,2070606000.0,0.0,0.0,1721951021.8465123,0.0,28.69,44.32,14.78,59.1,0.0,0.0,0.0,39.4,0.0,0.0,0.0,235.68,175,2.26,13
6612,奈米醫材,生技醫療業,1.15,1091495000.0,949126086.9565219,0.43,1207016597.9985538,1.27,60.23,58.02,36.15,94.17,45.91,119.6,76.49,68.0,1.12,0.68,1.76,31.72,60,15.04,38
6613,朋億*,其他電子類,13.37,9026692000.0,675145250.5609574,5.07,9244598669.505758,13.69,12.13,10.33,8.33,18.66,114.04,255.46,166.07,228.0,0.73,0.5,1.12,1.71,5,26.14,119
6614,資拓宏宇,數位雲端,2.08,1407674000.0,676766346.1538461,0.0,0.0,0.0,26.13,11.32,21.03,32.35,0.0,0.0,0.0,41.7,0.0,0.0,0.0,11.21,1,25.93,131
6615,慧智,生技醫療業,-0.43,386891000.0,0.0,0.0,377351132.7972728,0.0,95.38,251.54,34.71,286.25,0.0,0.0,0.0,33.45,0.0,0.0,0.0,66.46,77,0.14,146
6603,富強鑫,電機機械,0.61,4972290000.0,8151295081.967214,0.2,5409816299.5562725,0.66,69.5,152.15,26.6,178.75,17.56,117.98,45.87,25.3,1.81,0.69,4.66,33.33,119,18.86,181
6658,聯策,其他電子業,1.39,2060888000.0,1482653237.410072,0.57,2522779728.9634466,1.7,104.38,417.25,40.37,457.62,68.63,777.95,177.45,149.5,1.19,0.46,5.2,160.98,176,45.65,61
6691,洋基工程,其他電子業,25.51,21089903000.0,826730811.4464915,12.2,36710999223.2493,44.41,21.5,16.3,14.52,30.82,644.83,1368.72,954.75,631.0,1.51,1.02,2.17,19.27,67,22.1,123
6692,進能服,綠能環保類,0.23,1868331000.0,8123178260.869565,0.02,303051349.35313106,0.04,40.25,128.76,13.2,141.96,0.53,5.68,1.61,32.35,0.05,0.02,0.18,98.34,81,7.11,4
6693,廣閎科,半導體業,-0.09,1376725000.0,0.0,0.0,2128898236.3264146,0.0,40.62,49.73,16.52,66.25,0.0,0.0,0.0,139.5,0.0,0.0,0.0,26.02,158,15.58,166
6695,芯鼎,半導體業,-1.83,1152118000.0,0.0,0.0,1102109996.6594307,0.0,0.0,0.0,0.0,0.0,0.0,0.0,0.0,46.5,0.0,0.0,0.0,47.77,54,23.44,129
6697,東捷資訊,資訊服務業,3.04,1414873000.0,465418750.0,1.09,1327286893.63888,2.85,16.66,7.79,13.29,21.08,37.88,60.08,47.49,41.6,1.14,0.91,1.44,8.83,21,31.74,119
6698,旭暉應材,其他電子業,-1.65,1142237000.0,0.0,0.0,1128409195.7257757,0.0,0.0,0.0,0.0,0.0,0.0,0.0,0.0,30.85,0.0,0.0,0.0,69.46,62,36.9,129
6703,軒郁,生技醫療業,10.31,3226692000.0,312967216.29485935,3.25,3676421123.2441607,11.75,14.16,10.89,9.71,20.6,114.09,242.05,166.38,111.5,1.49,1.02,2.17,2.72,7,5.26,117
6706,惠特,光電業,-3.92,991895000.0,0.0,0.0,362493860.0123765,0.0,0.0,0.0,0.0,0.0,0.0,0.0,0.0,151.5,0.0,0.0,0.0,248.97,158,23.2,151
6708,天擎,半導體業,0.24,277169000.0,1154870833.3333335,0.06,253863108.09543127,0.22,1136.26,1481.0,154.0,1635.0,33.88,359.7,249.98,40.2,6.22,0.84,8.95,17.07,54,21.11,75
6712,長聖,生技醫療業,4.97,1030998000.0,207444265.59356138,1.54,1058901628.1243048,5.1,35.26,35.85,23.36,59.21,119.14,301.97,179.83,128.5,1.4,0.93,2.35,2.16,74,14.37,152
6715,嘉基,電子工業,1.83,1674401000.0,914973224.0437158,0.75,1899688194.237527,2.08,45.78,240.74,19.54,260.28,40.64,541.38,95.21,400.5,0.24,0.1,1.35,25.0,64,6.2,12
6716,應廣,半導體業,2.18,1094881000.0,502238990.82568806,0.94,1539324775.200838,3.06,26.24,52.1,11.06,63.16,33.84,193.27,80.28,82.2,0.98,0.41,2.35,22.22,20,8.44,7
6684,安格,半導體業,1.57,315309000.0,200833757.96178344,0.52,304572547.33793104,1.52,36.58,33.0,19.95,52.95,30.32,80.48,55.6,47.95,1.16,0.63,1.68,10.72,76,56.11,172
6683,雍智科技,半導體業,15.42,2130984000.0,138196108.94941634,6.18,2849615429.13061,20.62,31.21,123.59,14.22,137.81,293.22,2841.64,643.64,2125.0,0.3,0.14,1.34,50.34,61,50.83,119
6661,威健生技,生技醫療業,0.06,373224000.0,6220400000.0,0.02,402076401.5477369,0.06,267.01,288.0,186.0,474.0,11.16,28.44,16.02,18.0,0.89,0.62,1.58,63.16,81,0.0,0
6662,樂斯科,生技醫療業,1.66,268039000.0,161469277.10843375,0.56,256059097.28896257,1.59,19.39,6.31,16.21,22.52,25.77,35.81,30.82,31.0,0.99,0.83,1.16,14.86,70,6.97,66
6664,群翊,電子零組件業,15.08,2524979000.0,167438925.72944298,5.48,2999748417.197151,17.92,17.27,22.24,8.6,30.84,154.11,552.65,309.52,464.5,0.67,0.33,1.19,82.93,117,58.29,124
6666,羅麗芬-KY,化學生技醫療,2.42,1098789000.0,454045041.3223141,0.76,1078605123.9282267,2.38,25.57,23.83,16.47,40.3,39.2,95.91,60.85,40.15,1.52,0.98,2.39,5.56,4,42.82,116
6667,信紘科,其他電子類,13.77,6088926000.0,442187799.56427014,4.76,7686443283.999717,17.38,22.07,14.2,15.53,29.73,269.91,516.71,383.59,266.0,1.44,1.01,1.94,50.31,175,49.01,119
6668,中揚光,光電業,-1.93,1122085000.0,0.0,0.0,1420430799.5679436,0.0,0.0,0.0,0.0,0.0,0.0,0.0,0.0,34.0,0.0,0.0,0.0,9.93,1,39.52,56
6669,緯穎,電子工業,275.06,889139530000.0,3232529375.409002,117.8,1586446359494.9485,490.78,20.22,26.54,12.0,38.54,5889.36,18914.66,9923.25,4675.0,2.12,1.26,4.05,30.33,48,111.38,182
6672,騰輝電子-KY,電子工業,4.85,4224417000.0,871013814.4329897,1.87,5036820348.655523,5.78,17.22,34.94,10.21,45.15,59.01,260.97,99.51,219.0,0.45,0.27,1.19,0.12,20,70.03,130
6674,鋐寶科技,通信網路業,-1.13,627271000.0,0.0,0.0,401529314.3248364,0.0,0.0,0.0,0.0,0.0,0.0,0.0,0.0,18.65,0.0,0.0,0.0,25.58,34,30.39,103
6679,鈺太,半導體業,6.81,1974965000.0,290009544.78707784,2.4,1999513602.395028,6.89,37.92,34.87,21.84,56.71,150.48,390.73,261.3,286.0,0.91,0.53,1.37,23.89,25,2.93,56
6680,鑫創電子,電腦及週邊設備業,-0.29,552367000.0,0.0,0.0,667341179.3583386,0.0,35.64,59.55,15.2,74.75,0.0,0.0,0.0,52.7,0.0,0.0,0.0,14.64,137,7.2,19
6835,圓裕,電子工業,0.97,2406345000.0,2480768041.2371135,0.3,2259342960.22398,0.91,14.99,33.14,8.2,41.34,7.46,37.62,13.64,37.95,0.36,0.2,0.99,13.92,11,18.92,53
6838,台新藥,化學生技醫療,-0.54,6269000.0,0.0,0.0,513414213.8047138,0.0,0.0,0.0,0.0,0.0,0.0,0.0,0.0,27.9,0.0,0.0,0.0,5.98,49,57.48,53
6967,汎瑋材料,電子零組件業,4.03,1382324000.0,343008436.72456574,1.54,1777753949.3086097,5.18,17.93,11.61,11.82,23.43,61.23,121.37,92.88,76.5,1.21,0.8,1.59,16.67,64,39.59,132
6968,萬達寵物,居家生活類,2.51,3188322000.0,1270247808.7649403,0.95,3672132596.045222,2.89,27.19,20.29,17.66,37.95,51.04,109.68,78.59,43.55,1.8,1.17,2.52,21.92,56,15.56,75
6971,惠民實業,綠能環保類,2.42,988744000.0,408571900.8264463,0.0,0.0,0.0,16.13,19.25,12.0,31.25,0.0,0.0,0.0,29.05,0.0,0.0,0.0,0.0,0,29.64,132
6965,中傑-KY,運動休閒,3.52,22451409000.0,6378241193.181818,1.01,17114289413.20472,2.68,13.62,18.11,8.04,26.15,21.55,70.08,36.5,87.0,0.42,0.25,0.81,0.0,0,0.0,0
6994,富威電力,綠能環保,6.34,3365121000.0,530776182.9652997,5.3,12476182689.448025,23.51,64.06,123.13,9.92,133.05,233.22,3128.01,1506.08,63.9,23.57,3.65,48.95,32.31,69,8.98,18
6996,力領科技,半導體業,12.16,2658119000.0,218595312.5,4.51,3054030543.655953,13.97,13.41,7.04,9.21,16.25,128.66,227.01,187.36,173.5,1.08,0.74,1.31,10.87,50,0.0,0
6982,大井泵浦,電機機械,0.06,1606908000.0,26781800000.0,0.02,1786730520.7431633,0.07,125.85,981.88,14.79,996.67,1.04,69.77,8.81,53.0,0.17,0.02,1.32,24.36,28,56.28,112
6997,博弘,數位雲端類,5.11,4391103000.0,859315655.5772994,1.77,4811404550.183094,5.6,20.7,9.73,15.46,25.19,86.58,141.06,115.92,79.0,1.47,1.1,1.79,12.85,180,0.0,0
6962,奕力-KY,半導體業,2.89,19108313000.0,6611873010.380623,0.83,17004801875.568457,2.57,13.49,18.74,8.64,27.38,22.2,70.37,34.66,34.0,1.02,0.65,2.07,15.57,80,25.0,12
6944,兆聯實業,綠能環保,32.15,13084153000.0,406972099.533437,16.52,71750696945.0066,176.3,24.0,14.12,17.77,31.89,3132.85,5622.21,4230.84,903.0,4.69,3.47,6.23,29.87,82,54.14,116
6952,大武山,其他,-1.2,1663305000.0,0.0,0.0,3927307984.8981595,0.0,30.37,26.27,21.29,47.56,0.0,0.0,0.0,36.95,0.0,0.0,0.0,0.38,4,5.13,10
6953,家碩,半導體業,7.98,1234907000.0,154750250.6265664,2.93,1620784155.4773898,10.47,29.87,24.48,17.52,42.0,183.43,439.74,312.75,277.5,1.13,0.66,1.58,6.17,68,49.12,159
6955,邦睿生技-創,創新板股票,4.42,299178000.0,67687330.31674208,1.71,363502871.2927398,5.37,46.77,22.56,38.14,60.7,204.81,325.96,251.18,166.5,1.51,1.23,1.96,6.52,76,47.26,97
6957,裕慶-KY,其他,10.2,3808258000.0,373358627.4509804,4.51,4442771877.936095,11.9,15.45,13.47,10.46,23.93,124.47,284.77,183.87,160.5,1.15,0.78,1.77,0.0,0,8.89,182
6958,日盛台駿,其他,-2.4,10918289000.0,0.0,0.0,9796394084.40299,0.0,27.91,28.82,17.08,45.9,0.0,0.0,0.0,19.9,0.0,0.0,0.0,13.66,40,5.03,80
6958A,日盛台駿甲特,其他,0.0,0.0,0.0,0.0,0.0,0.0,0.0,0.0,0.0,0.0,0.0,0.0,0.0,18.4,0.0,0.0,0.0,0.0,0,0.0,0
6961,旅天下,觀光餐旅,4.23,248963000.0,58856501.18203309,0.0,0.0,0.0,13.47,2.38,11.85,14.23,0.0,0.0,0.0,58.3,0.0,0.0,0.0,18.4,50,15.09,144
7402,邑錡,光電業,0.1,534763000.0,5347630000.0,0.02,408415224.3449005,0.08,240.62,1292.47,42.53,1335.0,3.4,106.8,19.25,119.5,0.16,0.03,0.89,10.43,4,86.36,129
7703,銳澤,其他電子類,8.72,2572226000.0,294980045.8715596,2.6,2684404164.5054145,9.1,23.11,19.07,14.3,33.37,130.13,303.67,210.34,208.5,1.01,0.62,1.46,0.0,0,113.28,122
7704,明遠精密,半導體業,2.07,657463000.0,317614975.84541065,0.73,750221844.8416002,2.36,24.87,16.51,15.62,32.13,36.86,75.83,58.69,65.1,0.9,0.57,1.16,10.82,76,13.85,18
7705,三商餐飲,觀光餐旅,1.93,6491220000.0,3363326424.870466,0.65,6919122598.817452,2.06,22.93,18.54,14.33,32.87,29.52,67.71,47.24,32.9,1.44,0.9,2.06,18.33,179,0.0,0
7708,全家餐飲,觀光餐旅,6.46,2693523000.0,416954024.7678019,2.31,3023599583.503994,7.25,16.6,4.37,14.18,18.55,102.8,134.49,120.37,91.7,1.31,1.12,1.47,6.76,183,8.65,133
7709,榮田,電機機械,2.51,982361000.0,391378884.4621514,0.96,1074387641.2768729,2.75,14.95,24.76,7.38,32.14,20.29,88.38,41.12,69.2,0.59,0.29,1.28,19.09,67,0.46,14
7711,永擎,電子工業,13.04,8581110000.0,658060582.822086,0.0,0.0,0.0,22.77,21.29,17.28,38.57,0.0,0.0,0.0,407.0,0.0,0.0,0.0,23.01,80,93.49,153
7712,博盛半導體,半導體業,5.42,1326237000.0,244693173.43173432,1.79,1340312851.679684,5.48,22.24,28.03,12.04,40.07,65.98,219.58,121.86,113.0,1.08,0.58,1.94,191.03,70,16.36,129
7713,威力德生醫,生技醫療業,4.64,1092554000.0,235464224.13793105,1.59,1262527390.091393,5.36,16.79,7.77,13.45,21.22,72.09,113.74,90.01,67.9,1.33,1.06,1.68,0.0,0,42.83,132
7714,創泓科技,數位雲端類,6.33,1817600000.0,287140600.31595576,2.25,1851043718.4177604,6.45,22.0,16.26,14.81,31.07,95.52,200.4,141.91,128.0,1.11,0.75,1.57,8.42,70,16.67,132
7715,裕山,綠能環保類,3.11,1363429000.0,438401607.7170418,0.62,578458405.1954904,1.32,8.36,4.04,6.43,10.47,8.49,13.82,11.03,28.0,0.39,0.3,0.49,1.33,1,1.7,17
7716,昱臺國際,航運業,2.23,614609000.0,275609417.0403587,0.0,0.0,0.0,9.78,3.25,8.63,11.88,0.0,0.0,0.0,25.1,0.0,0.0,0.0,22.46,11,15.98,55
7717,萊德光電-KY,通信網路業,6.12,168424000.0,27520261.437908497,0.0,0.0,0.0,173.7,374.68,25.77,400.45,0.0,0.0,0.0,695.0,0.0,0.0,0.0,550.7,144,550.7,144
7718,友鋮,鋼鐵工業,3.77,2206219000.0,585203978.7798408,1.48,3213692754.1395116,5.49,12.19,8.33,7.76,16.09,42.6,88.33,66.94,47.0,1.42,0.91,1.88,15.68,146,1.18,19
7721,微程式,數位雲端,0.57,292165000.0,512570175.43859655,0.0,0.0,0.0,62.31,155.28,21.45,176.73,0.0,0.0,0.0,78.1,0.0,0.0,0.0,6.45,179,34.78,61
7722,LINEPAY,數位雲端,7.46,7771476000.0,1041752815.0134048,2.7,8991998060.833937,8.63,65.7,52.36,37.67,90.03,325.09,776.96,567.01,281.5,2.01,1.15,2.76,17.22,175,25.54,56
7642,昶瑞機電,電機機械,3.35,619877000.0,185037910.44776118,0.98,1125701194.1122355,6.08,20.05,14.12,12.05,26.17,73.26,159.11,121.9,63.4,1.92,1.16,2.51,0.95,43,37.82,102
7631,聚賢研發-創,電子工業,6.56,851604000.0,129817682.92682928,5.08,2740084054.946664,21.11,24.4,19.53,12.69,32.22,267.89,680.16,514.98,125.0,4.12,2.14,5.44,0.0,0,47.09,108
7547,碩網,數位雲端類,2.61,225145000.0,86262452.1072797,0.0,0.0,0.0,31.97,42.51,20.04,62.55,0.0,0.0,0.0,69.0,0.0,0.0,0.0,0.0,0,139.8,97
7556,意德士,半導體業,7.21,736765000.0,102186546.4632455,2.74,831108690.7754824,8.13,26.65,24.48,20.45,44.93,166.26,365.28,216.68,305.5,0.71,0.54,1.2,3.97,7,33.66,14
7584,樂意,文化創意業,-1.98,981776000.0,0.0,0.0,741213415.7716339,0.0,22.27,31.9,13.73,45.63,0.0,0.0,0.0,32.6,0.0,0.0,0.0,70.99,74,11.73,5
7610,聯友金屬-創,創新板股票,5.33,804389000.0,150917260.7879925,0.0,0.0,0.0,179.9,424.77,62.37,487.14,0.0,0.0,0.0,640.0,0.0,0.0,0.0,0.0,0,114.29,116
6937,天虹,電子工業,3.01,2637017000.0,876085382.0598007,1.1,2058936309.3588994,2.35,52.32,84.92,26.87,111.79,63.14,262.71,122.94,331.0,0.37,0.19,0.79,64.0,175,45.75,167
6936,永鴻生技,化學生技醫療,1.83,1174176000.0,641626229.5081967,0.76,2620073096.129165,4.08,19.79,7.25,16.61,23.86,67.77,97.35,80.74,34.3,2.35,1.98,2.84,5.23,146,10.53,6
6870,騰雲,數位雲端類,7.11,780362000.0,109755555.55555555,2.76,1055663843.0446969,9.62,44.01,51.96,24.36,76.32,234.34,734.2,423.34,178.5,2.37,1.31,4.11,85.33,76,31.65,140
6872,浩宇生醫,生技醫療業,-2.14,11027000.0,0.0,0.0,89134524.13498504,0.0,0.0,0.0,0.0,0.0,0.0,0.0,0.0,19.0,0.0,0.0,0.0,2.31,60,0.0,0
6874,倍力,資訊服務業,3.16,1341672000.0,424579746.835443,2.46,2375153375.740318,5.59,22.13,14.45,15.65,30.1,87.48,168.26,123.69,88.2,1.4,0.99,1.91,15.57,67,10.81,70
6875,國邑*,生技醫療業,-2.98,69673000.0,0.0,0.0,60003643.19673987,0.0,403.51,805.84,232.73,1038.57,0.0,0.0,0.0,37.0,0.0,0.0,0.0,12.79,18,20.63,179
6877,鏵友益,其他電子類,0.61,505472000.0,828642622.9508197,0.09,205953338.21743956,0.25,237.15,790.71,55.12,845.83,13.78,211.46,59.29,169.0,0.35,0.08,1.25,157.23,109,23.64,102
6881,潤德,其他,19.42,2443619000.0,125830020.59732233,6.83,2727520856.7915807,21.68,15.46,7.37,11.92,19.29,258.43,418.21,335.22,263.0,1.27,0.98,1.59,12.76,7,5.6,12
6884,海柏特,資訊服務業,2.06,238706000.0,115876699.02912621,0.0,0.0,0.0,18.0,6.44,16.39,22.83,0.0,0.0,0.0,34.55,0.0,0.0,0.0,9.59,99,0.0,0
6885,全福生技,化學生技醫療,-3.32,4460000.0,0.0,0.0,130312481.20300752,0.0,0.0,0.0,0.0,0.0,0.0,0.0,0.0,22.95,0.0,0.0,0.0,54.0,76,69.67,52
6887,寶綠特-KY,綠能環保,4.64,4751693000.0,1024071767.2413794,1.69,3616570194.750115,3.53,10.46,7.53,6.12,13.65,21.6,48.18,36.94,37.95,0.97,0.57,1.27,11.87,42,0.0,0
6890,來億-KY,運動休閒,13.01,39806004000.0,3059646733.2820907,3.39,31305268292.835495,10.23,35.79,78.58,11.56,90.14,118.26,922.13,366.16,156.5,2.34,0.76,5.89,123.64,175,3.85,45
6863,永道-KY,電子工業,3.0,4049237000.0,1349745666.6666667,1.2,3848203892.2159038,2.85,23.23,22.46,12.96,35.42,36.94,100.95,66.22,101.5,0.65,0.36,0.99,107.9,158,1.63,12
6862,三集瑞-KY,電子零組件業,8.28,2269658000.0,274113285.0241546,2.29,1848466961.054727,6.74,17.89,18.37,10.67,29.04,71.92,195.73,120.58,170.0,0.71,0.42,1.15,0.0,0,62.31,179
6840,東研信超,其他電子類,1.57,883542000.0,562765605.0955414,0.54,1026459471.693617,1.82,159.27,374.23,37.53,411.76,68.3,749.4,289.87,68.1,4.26,1.0,11.0,26.82,67,70.73,131
6841,長佳智能,生技醫療業,0.89,362374000.0,407161797.752809,0.28,395404131.3824054,0.97,103.51,250.28,49.4,299.68,47.92,290.69,100.41,58.8,1.71,0.81,4.94,40.02,57,15.0,146
6843,進典,電機機械,2.21,808039000.0,365628506.7873303,0.7,913061379.5364875,2.5,21.1,14.54,13.28,27.82,33.2,69.55,52.74,46.15,1.14,0.72,1.51,7.65,19,24.67,131
6844,諾貝兒,生技醫療業,2.35,3445244000.0,1466061276.5957446,0.78,3382866765.0285907,2.31,36.5,26.71,25.28,51.99,58.4,120.1,84.32,64.2,1.31,0.91,1.87,11.08,28,1.36,18
6846,綠茵,食品工業,5.39,903935000.0,167705936.92022264,1.81,839409784.4542143,5.01,14.49,6.72,11.66,18.38,58.42,92.08,72.62,69.0,1.05,0.85,1.33,5.9,155,13.66,45
6855,數泓科,其他電子類,7.86,616484000.0,78433078.88040712,2.42,541909737.2952833,6.91,16.81,10.22,12.83,23.05,88.66,159.28,116.13,103.5,1.12,0.86,1.54,38.31,158,0.0,0
6856,鑫傳,文化創意業,2.62,774482000.0,295603816.7938931,0.82,753750766.1344045,2.55,18.02,12.53,13.35,25.88,34.04,65.99,45.95,0.0,0.0,0.0,0.0,9.26,139,7.13,32
6859,伯特光,光電業,2.87,926738000.0,322905226.4808362,0.74,592266098.5302036,1.83,89.9,310.16,30.47,340.63,55.76,623.35,164.52,125.0,1.32,0.45,4.99,45.12,181,17.99,17
6861,睿生光電,化學生技醫療,3.84,2281307000.0,594090364.5833334,1.7,3102305452.1963196,5.22,21.74,74.73,10.91,85.64,56.95,447.04,113.49,328.0,0.35,0.17,1.36,19.38,55,40.44,153
6894,衛司特,綠能環保類,10.99,1360634000.0,123806551.41037306,5.22,2023583283.8381698,16.34,23.6,19.2,16.24,35.44,265.36,579.09,385.59,335.5,1.15,0.79,1.73,2.52,25,33.73,164
6895,宏碩系統,半導體業,3.61,819077000.0,226891135.73407203,0.88,930338039.2243103,4.1,73.16,98.25,36.56,134.81,149.9,552.72,299.96,171.5,1.75,0.87,3.22,189.02,76,188.56,129
6921,嘉雨思-創,創新板股票,0.34,25431000.0,74797058.8235294,0.0,0.0,0.0,130.84,255.61,50.27,305.88,0.0,0.0,0.0,91.5,0.0,0.0,0.0,65.08,119,65.08,119
6922,宸曜,電腦及週邊設備業,7.05,1695512000.0,240498156.0283688,2.48,1820758640.004322,7.57,26.75,23.6,17.5,41.1,132.48,311.13,202.52,176.5,1.15,0.75,1.76,72.02,67,27.68,131
6923,中台,綠能環保,3.03,1166339000.0,384930363.03630364,1.07,1170578149.885614,3.04,25.26,23.4,14.31,37.71,43.5,114.64,76.79,85.5,0.9,0.51,1.34,5.63,56,68.24,160
6925,意藍,數位雲端類,3.09,159228000.0,51530097.08737864,1.32,752557388.1405361,14.6,41.35,43.37,21.35,64.72,311.71,944.91,603.68,66.4,9.09,4.69,14.23,6.25,69,171.17,52
6928,攸泰科技,電腦及週邊設備業,-0.73,1987148000.0,0.0,0.0,1764561426.9349563,0.0,27.42,19.04,17.99,37.03,0.0,0.0,0.0,46.7,0.0,0.0,0.0,2.38,6,58.02,124
6929,佑全,生技醫療業,-1.63,3229077000.0,0.0,0.0,3204331748.217167,0.0,358.56,324.08,193.78,517.86,0.0,0.0,0.0,26.3,0.0,0.0,0.0,0.0,0,5.32,32
6931,青松健康,化學生技醫療,1.39,1108355000.0,797377697.8417267,0.51,1299819923.1534336,1.63,74.46,71.48,33.67,105.15,54.88,171.39,121.38,46.8,2.59,1.17,3.66,4.35,7,2.37,182
6933,AMAX-KY,電子工業,5.05,6971809000.0,1380556237.6237624,1.83,6674646573.791842,4.83,46.78,75.96,22.05,98.01,106.5,473.39,225.96,164.5,1.37,0.65,2.88,6.41,27,50.92,97
6934,心誠鎂,化學生技醫療,-3.92,70823000.0,0.0,0.0,0.0,0.0,0.0,0.0,0.0,0.0,0.0,0.0,0.0,83.7,0.0,0.0,0.0,26.72,146,22.42,119
6919,康霈*,生技醫療業,-0.23,38037000.0,0.0,0.0,0.0,0.0,0.0,0.0,0.0,0.0,0.0,0.0,0.0,104.0,0.0,0.0,0.0,92.75,60,93.07,60
6918,愛派司,生技醫療業,5.17,630947000.0,122040038.68471953,2.39,2896460390.7879395,23.73,18.28,12.42,14.8,27.22,351.2,645.93,433.69,73.7,5.88,4.77,8.76,36.3,183,25.58,39
6899,創為精密,光電業,3.59,1175122000.0,327332033.4261839,1.13,1194689431.7449636,3.65,15.65,6.26,12.71,18.97,46.39,69.24,57.13,53.4,1.07,0.87,1.3,1.42,70,8.19,172
6901,鑽石投資,其他,-1.38,-1063116000.0,0.0,0.0,0.0,0.0,0.0,0.0,0.0,0.0,0.0,0.0,0.0,13.65,0.0,0.0,0.0,12.73,77,5.31,12
6903,巨漢,其他電子類,10.62,3177380000.0,299188323.9171375,8.66,12508521206.836033,41.81,19.21,35.06,9.44,44.5,394.69,1860.54,803.11,412.5,1.95,0.96,4.51,7.42,6,39.17,171
6904,伯鑫,其他,5.44,880215000.0,161804227.94117644,1.76,781851813.0614152,4.83,16.33,11.84,11.32,23.16,54.68,111.86,78.87,116.5,0.68,0.47,0.96,2.95,12,0.0,0
6906,現觀科,數位雲端,1.87,354906000.0,189789304.8128342,0.62,336612081.158261,1.77,40.03,28.37,26.94,55.31,47.68,97.9,70.84,61.8,1.15,0.77,1.58,46.13,173,1.02,12
6907,雅特力-KY,半導體業,2.09,139884000.0,66930143.54066986,0.0,0.0,0.0,49.94,59.41,19.68,79.09,0.0,0.0,0.0,118.5,0.0,0.0,0.0,235.71,50,235.71,50
6908,宏碁遊戲-創,創新板股票,1.44,0.0,0.0,0.0,0.0,0.0,27.76,7.25,26.15,33.4,0.0,0.0,0.0,40.2,0.0,0.0,0.0,1.49,32,33.98,172
6909,創控,半導體業,1.02,369381000.0,362138235.2941176,0.57,1400299915.559616,3.87,40.07,44.94,24.64,69.58,95.36,269.27,155.05,61.6,2.52,1.55,4.37,17.9,70,2.34,40
6910,德鴻,數位雲端類,2.0,65267000.0,32633500.0,0.0,0.0,0.0,15.11,3.76,13.16,16.92,0.0,0.0,0.0,29.9,0.0,0.0,0.0,6.47,76,94.7,125
6913,鴻呈,電子零組件業,4.4,2590078000.0,588654090.9090909,1.64,3168136761.302685,5.38,31.05,42.3,19.58,61.88,105.34,332.91,167.07,132.0,1.27,0.8,2.52,63.54,48,34.48,126
6914,阜爾運通,其他,9.61,5625004000.0,585328199.7918835,3.36,6172720596.607284,10.55,17.92,11.31,14.51,25.82,153.08,272.4,189.06,145.0,1.3,1.06,1.88,10.33,5,13.19,172
6916,華凌,光電業,-1.43,2011922000.0,0.0,0.0,2035823241.759405,0.0,70.78,176.52,21.29,197.81,0.0,0.0,0.0,18.75,0.0,0.0,0.0,13.7,42,15.44,4
4138,曜亞,生技醫療業,4.0,1384713000.0,346178250.0,1.34,1365828046.5361128,3.95,15.36,6.41,12.51,18.92,49.41,74.73,60.69,56.0,1.08,0.88,1.33,0.0,0,0.0,0
4923,力士,半導體業,-5.26,878441000.0,0.0,0.0,1156334447.6133652,0.0,94.04,186.77,63.73,250.5,0.0,0.0,0.0,33.3,0.0,0.0,0.0,3.83,4,20.52,47
1781,合世,生技醫療業,-1.3,405453000.0,0.0,0.0,329740136.12565446,0.0,38.46,23.44,23.53,46.97,0.0,0.0,0.0,10.8,0.0,0.0,0.0,43.27,67,10.71,32
1783,和康生,化學生技醫療,2.97,788475000.0,265479797.97979796,1.07,905892706.473282,3.41,21.7,17.42,12.87,30.29,43.89,103.29,73.99,38.9,1.9,1.13,2.66,17.21,61,10.62,153
1784,訊聯,生技醫療業,1.02,1218200000.0,1194313725.490196,0.39,1341211986.7625568,1.12,68.37,65.71,37.82,103.53,42.36,115.95,76.58,75.5,1.01,0.56,1.54,142.86,77,38.74,182
1785,光洋科,其他電子類,3.14,38281563000.0,12191580573.248407,1.54,64323573544.14168,5.28,26.55,40.85,14.56,55.41,76.88,292.56,140.19,165.5,0.85,0.46,1.77,68.46,64,16.36,143
1786,科妍,化學生技醫療,2.24,885510000.0,395316964.28571427,0.76,891759026.6477494,2.26,35.01,23.78,24.9,48.68,56.27,110.02,79.12,57.5,1.38,0.98,1.91,28.77,110,26.67,83
1788,杏昌,生技醫療業,8.27,4249659000.0,513864449.8186216,2.99,4620083408.930616,8.99,17.37,2.13,16.35,18.48,146.99,166.14,156.18,136.0,1.15,1.08,1.22,4.27,42,1.05,42
1789,神隆,化學生技醫療,0.17,3270288000.0,19236988235.294117,0.06,2929548520.9476686,0.15,64.65,94.52,38.72,133.24,5.81,19.99,9.7,20.3,0.48,0.29,0.98,2.79,60,6.33,154
1795,美時,化學生技醫療,18.13,19522511000.0,1076807004.9641478,10.3,34948068248.13837,32.46,15.14,12.01,9.22,21.23,299.28,689.13,491.45,221.0,2.22,1.35,3.12,0.0,0,34.73,172
1799,易威,生技醫療業,-0.59,598330000.0,0.0,0.0,827455898.1633024,0.0,0.0,0.0,0.0,0.0,0.0,0.0,0.0,37.65,0.0,0.0,0.0,225.75,113,8.9,6
1802,台玻,玻璃陶瓷,-0.2,41862489000.0,0.0,0.0,42950252070.57323,0.0,207.02,1650.0,70.0,1720.0,0.0,0.0,0.0,67.0,0.0,0.0,0.0,18.08,46,160.63,108
1805,寶徠,建材營造,0.23,297871000.0,1295091304.347826,0.22,300105895.8419131,0.23,34.59,121.99,4.34,126.33,1.0,29.06,7.96,10.85,0.73,0.09,2.68,15.17,109,0.66,4
1806,冠軍,玻璃陶瓷,0.29,3360491000.0,11587900000.0,0.07,2484692264.625365,0.21,46.56,101.44,26.29,127.73,5.52,26.82,9.78,8.6,1.14,0.64,3.12,23.25,88,4.39,56
1808,潤隆,建材營造,1.36,2508837000.0,1844733088.235294,5.12,242972943433.2643,131.71,10.45,19.27,2.65,21.92,349.03,2887.08,1376.06,28.7,47.95,12.16,100.6,15.02,140,15.68,182
1809,中釉,玻璃陶瓷,0.19,2509135000.0,13205973684.210526,0.06,2524601119.339237,0.19,127.88,286.41,39.7,326.11,7.54,61.96,24.3,25.7,0.95,0.29,2.41,13.32,21,33.43,108
1810,和成,玻璃陶瓷,0.05,4622865000.0,92457300000.0,0.02,4214528601.6860814,0.05,213.27,464.35,50.65,515.0,2.53,25.75,10.66,17.4,0.61,0.15,1.48,5.9,21,32.6,124
1813,寶利徠,生技醫療業,-1.03,299357000.0,0.0,0.0,285438316.0777766,0.0,123.87,186.76,34.91,221.67,0.0,0.0,0.0,12.3,0.0,0.0,0.0,6.7,69,6.71,40
1815,富喬,電子零組件業,1.64,5946334000.0,3625813414.6341467,0.66,7638169270.16493,2.11,110.74,216.59,51.49,268.08,108.64,565.65,233.66,108.5,2.15,1.0,5.21,61.6,36,170.12,108
1817,凱撒衛,玻璃陶瓷,3.61,2685268000.0,743841551.2465374,1.13,2473102932.302265,3.32,10.18,2.73,9.26,11.99,30.74,39.81,33.8,38.6,0.88,0.8,1.03,10.88,137,1.32,4
1903,士紙,造紙工業,1.28,153500000.0,119921875.0,0.44,150353205.61845958,1.25,120.39,170.62,37.56,208.18,46.95,260.23,150.49,49.45,3.04,0.95,5.26,0.73,1,45.35,21
1796,金穎生技,食品工業,0.71,670666000.0,944600000.0,0.23,650119553.519273,0.69,68.77,111.53,18.21,129.74,12.56,89.52,47.45,38.0,1.25,0.33,2.36,20.69,61,38.91,124
1777,生泰,生技醫療業,5.86,1311930000.0,223878839.59044367,1.6,1146043426.5780294,5.12,12.46,8.36,8.8,17.16,45.06,87.86,63.78,70.9,0.9,0.64,1.24,24.7,70,0.0,0
1776,展宇,化學生技醫療,0.27,1096645000.0,4061648148.148148,0.09,978613747.5536058,0.24,39.12,72.84,19.1,91.94,4.58,22.07,9.39,16.5,0.57,0.28,1.34,51.0,144,3.37,13
1727,中華化,化學工業,0.04,1937304000.0,48432600000.0,0.01,2269975065.9393773,0.05,269.19,2041.47,38.53,2080.0,1.93,104.0,13.46,81.5,0.17,0.02,1.28,40.3,174,79.27,118
1730,花仙子,化學工業,4.5,2407003000.0,534889555.5555556,1.56,2377106106.060857,4.44,13.61,5.46,11.67,17.13,51.81,76.06,60.44,52.5,1.15,0.99,1.45,0.35,89,5.7,19
1731,美吾華,化學生技醫療,1.36,1565385000.0,1151018382.352941,0.52,1704139852.7773328,1.48,17.5,4.85,15.54,20.39,23.0,30.18,25.9,21.65,1.2,1.06,1.39,1.74,55,4.5,47
1732,毛寶,化學工業,0.7,678784000.0,969691428.5714287,0.23,707400287.7676535,0.73,307.38,1535.76,36.74,1572.5,26.82,1147.92,224.39,25.8,8.7,1.04,44.49,13.54,55,27.17,31
1733,五鼎,化學生技醫療,1.63,1972447000.0,1210090184.04908,0.55,1792401179.0725513,1.48,23.67,16.23,16.8,33.03,24.86,48.88,35.03,28.55,1.23,0.87,1.71,4.8,68,21.16,172
1734,杏輝,化學生技醫療,1.97,3339984000.0,1695423350.253807,0.68,3497321976.0278935,2.06,17.09,5.71,14.14,19.85,29.13,40.89,35.2,31.5,1.12,0.92,1.3,4.57,60,5.34,19
1735,日勝化,化學工業,0.78,2318838000.0,2972869230.769231,0.27,2203825146.0492997,0.74,25.66,31.99,14.23,46.22,10.53,34.2,18.99,27.2,0.7,0.39,1.26,62.72,125,9.01,25
1737,臺鹽,食品工業,2.0,3285077000.0,1642538500.0,0.65,3258928360.537936,1.98,19.36,7.51,15.7,23.21,31.09,45.96,38.34,31.85,1.2,0.98,1.44,4.09,139,5.35,109
1742,台蠟,化學工業,-1.08,115292000.0,0.0,0.0,54624863.502532095,0.0,28.39,46.51,11.23,57.74,0.0,0.0,0.0,15.9,0.0,0.0,0.0,8.26,152,3.38,26
1752,南光,化學生技醫療,2.41,2183273000.0,905922406.6390041,0.78,1984185089.7602594,2.19,23.08,29.71,12.7,42.41,27.81,92.88,50.55,33.5,1.51,0.83,2.77,25.56,19,9.44,129
1760,寶齡富錦,化學生技醫療,2.22,2040077000.0,918953603.6036035,0.76,2235316733.7028227,2.43,56.35,81.37,26.85,108.22,65.25,262.97,136.92,68.2,2.01,0.96,3.86,5.75,55,18.75,31
1762,中化生,化學生技醫療,-4.4,852565000.0,0.0,0.0,1196913809.2351184,0.0,46.21,101.93,13.45,115.38,0.0,0.0,0.0,28.25,0.0,0.0,0.0,15.12,71,2.56,96
1773,勝一,化學工業,7.12,11492653000.0,1614136657.3033707,2.48,12422221605.014742,7.7,22.07,11.92,15.6,27.52,120.12,211.9,169.94,167.0,1.02,0.72,1.27,7.65,140,16.17,122
1904,正隆,造紙工業,0.74,43601661000.0,58921163513.51351,0.24,42179828088.66429,0.72,45.99,82.05,21.28,103.33,15.32,74.4,33.11,17.6,1.88,0.87,4.23,0.0,0,6.2,10
1726,永記,化學生技醫療,5.5,9902046000.0,1800372000.0,1.95,9874935147.249014,5.48,14.31,2.62,13.07,15.69,71.62,85.98,78.4,75.6,1.04,0.95,1.14,5.44,18,5.46,60
1905,華紙,造紙工業,-0.56,18948619000.0,0.0,0.0,17197259798.557438,0.0,212.08,36.25,195.0,231.25,0.0,0.0,0.0,13.0,0.0,0.0,0.0,0.0,0,7.49,14
1907,永豐餘,造紙工業,1.19,74277975000.0,62418466386.55463,0.39,72100700980.42932,1.16,27.9,18.25,19.83,38.08,23.0,44.17,32.36,23.6,1.37,0.97,1.87,5.72,152,4.63,10
2059,川湖,電子工業,103.23,16900584000.0,163717756.46614355,43.81,23877958377.51591,145.85,33.7,44.7,18.66,63.36,2721.56,9241.06,4915.59,3910.0,1.26,0.7,2.36,14.58,64,123.37,182
2061,風青,電器電纜,-0.97,1210025000.0,0.0,0.0,1254287832.9401267,0.0,64.43,17.92,53.19,71.11,0.0,0.0,0.0,19.35,0.0,0.0,0.0,27.06,91,5.74,151
2063,世鎧,鋼鐵工業,1.72,994859000.0,578406395.3488373,0.54,840953098.6805362,1.45,15.3,11.59,9.45,21.04,13.7,30.51,22.18,25.9,0.86,0.53,1.18,0.0,0,0.94,6
2064,晉椿,鋼鐵工業,-1.3,1601553000.0,0.0,0.0,1738722862.657566,0.0,0.0,0.0,0.0,0.0,0.0,0.0,0.0,11.6,0.0,0.0,0.0,9.97,148,7.38,55
2065,世豐,鋼鐵工業,1.14,2055565000.0,1803127192.9824562,0.42,2029094008.6247535,1.13,21.05,36.3,10.34,46.64,11.68,52.7,23.78,29.05,0.82,0.4,1.81,2.36,32,1.89,12
2066,世德,電機機械,1.34,2575247000.0,1921826119.4029849,0.47,2581681405.3430715,1.34,20.99,31.65,10.57,42.22,14.16,56.57,28.13,46.5,0.6,0.3,1.22,2.78,41,3.04,21
2067,嘉鋼,電機機械,-2.8,1025197000.0,0.0,0.0,988743210.8379676,0.0,0.0,0.0,0.0,0.0,0.0,0.0,0.0,7.23,0.0,0.0,0.0,7.14,68,21.78,172
2069,運錩,鋼鐵工業,1.62,10193120000.0,6292049382.716049,0.51,8900117306.64685,1.41,25.96,120.98,6.21,127.19,8.76,179.34,36.6,18.8,1.95,0.47,9.54,22.96,148,4.26,12
2070,精湛,電機機械,2.3,654366000.0,284506956.5217391,0.88,832650820.6041238,2.93,19.91,20.47,11.66,32.13,34.16,94.14,58.34,59.0,0.99,0.58,1.6,249.92,144,0.0,0
2049,上銀,電機機械,4.3,24106189000.0,5606090465.11628,1.53,26232358136.427128,4.68,45.84,40.37,32.14,72.51,150.42,339.35,214.51,312.5,0.69,0.48,1.09,9.37,166,8.0,11
2073,雄順,鋼鐵工業,-0.39,567661000.0,0.0,0.0,448735284.37855893,0.0,81.54,185.01,37.68,222.69,0.0,0.0,0.0,0.0,0.0,0.0,0.0,5.0,5,0.0,0
2101,南港,橡膠工業,1.01,8402501000.0,8319307920.792079,0.74,18751173511.913822,2.25,64.93,372.21,8.42,380.63,18.94,856.42,146.09,33.45,4.37,0.57,25.6,8.4,33,7.64,136
2102,泰豐,橡膠工業,6.29,262413000.0,41719077.901430845,1.5,174891655.36867687,4.19,3.11,0.23,2.99,3.22,12.53,13.49,13.02,18.8,0.69,0.67,0.72,20.35,102,18.92,53
2103,台橡,橡膠工業,0.54,36853803000.0,68247783333.33333,0.19,35683255378.145584,0.52,38.86,159.75,13.58,173.33,7.06,90.13,20.21,19.65,1.03,0.36,4.59,2.63,159,3.16,10
2104,國際中橡,橡膠工業,-4.27,15544371000.0,0.0,0.0,12992677358.563381,0.0,0.0,0.0,0.0,0.0,0.0,0.0,0.0,10.7,0.0,0.0,0.0,1.4,13,16.74,103
2105,正新,橡膠工業,1.5,91262756000.0,60841837333.333336,0.5,90567158965.44057,1.49,19.91,8.76,16.88,25.64,25.15,38.2,29.66,31.2,0.95,0.81,1.22,31.77,32,5.84,19
2106,建大,橡膠工業,0.13,33973366000.0,261333584615.3846,0.04,33588055136.522987,0.13,40.52,128.05,15.8,143.85,2.05,18.7,5.27,17.25,0.31,0.12,1.08,4.89,14,5.88,7
2107,厚生,橡膠工業,1.67,1476855000.0,884344311.3772455,0.51,1213848093.8709412,1.37,14.18,3.94,12.08,16.02,16.55,21.95,19.42,26.25,0.74,0.63,0.84,3.1,91,2.9,25
2108,南帝,橡膠工業,0.84,9722020000.0,11573833333.333334,0.3,10162936008.478159,0.88,27.8,18.02,18.43,36.45,16.22,32.08,24.47,26.7,0.92,0.61,1.2,35.55,67,2.01,14
2109,華豐,橡膠工業,1.16,4571076000.0,3940582758.62069,0.37,4049790431.3117175,1.03,11.59,3.74,10.06,13.8,10.36,14.21,11.94,14.4,0.83,0.72,0.99,20.29,29,5.73,10
2114,鑫永銓,橡膠工業,5.78,1583164000.0,273903806.2283737,1.97,1732393668.42366,6.32,16.95,3.9,15.1,19.0,95.43,120.08,107.12,88.5,1.21,1.08,1.36,4.69,26,6.17,39
2072,世紀風電,綠能環保,14.43,0.0,0.0,0.0,0.0,0.0,15.15,1.63,14.28,15.91,0.0,0.0,0.0,185.0,0.0,0.0,0.0,16.22,46,29.72,59
2038,海光,鋼鐵工業,-0.56,9134021000.0,0.0,0.0,7124746753.986762,0.0,140.34,363.21,43.79,407.0,0.0,0.0,0.0,14.1,0.0,0.0,0.0,7.97,19,7.35,12
2035,唐榮,鋼鐵工業,-4.71,9598781000.0,0.0,0.0,9455241598.584726,0.0,0.0,0.0,0.0,0.0,0.0,0.0,0.0,28.3,0.0,0.0,0.0,0.46,19,1.59,7
2034,允強,鋼鐵工業,0.2,12892899000.0,64464495000.0,0.06,9907710261.870142,0.15,102.33,20.71,95.24,115.95,14.29,17.39,15.35,21.3,0.72,0.67,0.82,3.15,18,8.71,12
1909,榮成,造紙工業,-0.39,45295774000.0,0.0,0.0,45140974323.12253,0.0,226.92,32.5,215.0,247.5,0.0,0.0,0.0,9.05,0.0,0.0,0.0,0.0,0,16.47,84
2002,中鋼,鋼鐵工業,-0.28,321244068000.0,0.0,0.0,298184660668.7318,0.0,131.04,158.56,69.62,228.18,0.0,0.0,0.0,18.75,0.0,0.0,0.0,1.2,18,5.8,4
2002A,中鋼特,鋼鐵工業,0.0,0.0,0.0,0.0,0.0,0.0,0.0,0.0,0.0,0.0,0.0,0.0,0.0,38.8,0.0,0.0,0.0,1.62,78,2.27,66
2006,東和鋼鐵,鋼鐵工業,6.47,58516403000.0,9044266306.02782,2.06,54360843672.327385,6.01,11.01,3.17,9.72,12.89,58.42,77.47,66.16,65.2,1.01,0.9,1.19,11.54,158,2.59,19
2007,燁興,鋼鐵工業,-2.25,5443582000.0,0.0,0.0,3610208452.6012354,0.0,0.0,0.0,0.0,0.0,0.0,0.0,0.0,7.46,0.0,0.0,0.0,10.21,18,6.9,109
2008,高興昌,鋼鐵工業,0.69,1838397000.0,2664343478.26087,0.18,1446880402.4829075,0.54,62.83,97.04,10.46,107.5,5.65,58.05,33.93,27.5,1.23,0.21,2.11,66.11,120,9.13,160
2009,第一銅,鋼鐵工業,0.33,2899358000.0,8785933333.333332,0.12,3533796006.2968664,0.4,95.7,133.7,40.41,174.11,16.16,69.64,38.28,37.5,1.02,0.43,1.86,25.24,20,30.0,160
2010,春源,鋼鐵工業,2.31,24455890000.0,10586965367.965368,0.79,26426952748.834965,2.5,11.38,8.04,8.81,16.85,22.02,42.12,28.46,24.75,1.15,0.89,1.7,0.0,0,21.43,108
2012,春雨,鋼鐵工業,0.2,8494670000.0,42473350000.0,0.06,7058401244.445988,0.17,32.73,66.74,17.01,83.75,2.89,14.24,5.56,14.7,0.38,0.2,0.97,14.26,116,0.47,19
2013,中鋼構,鋼鐵工業,3.19,21092061000.0,6611931347.962382,0.98,19056425922.01136,2.88,16.74,9.03,13.13,22.16,37.81,63.82,48.2,42.75,1.13,0.88,1.49,0.0,0,1.35,12
2014,中鴻,鋼鐵工業,-1.29,19913319000.0,0.0,0.0,14559572396.822765,0.0,0.0,0.0,0.0,0.0,0.0,0.0,0.0,17.6,0.0,0.0,0.0,0.0,0,2.73,108
2015,豐興,鋼鐵工業,3.88,29857638000.0,7695267525.773196,1.16,24674692795.21594,3.21,16.94,7.04,12.98,20.02,41.67,64.26,54.37,60.9,0.89,0.68,1.06,22.21,172,14.31,61
2017,官田鋼,鋼鐵工業,-0.55,2762431000.0,0.0,0.0,2504177546.554967,0.0,59.44,100.07,29.93,130.0,0.0,0.0,0.0,8.62,0.0,0.0,0.0,2.3,11,4.93,12
2020,美亞,鋼鐵工業,2.13,4732647000.0,2221900000.0,0.63,4535955477.145127,2.04,9.02,8.43,4.64,13.07,9.47,26.66,18.41,22.15,0.83,0.43,1.2,4.64,13,2.44,24
2022,聚亨,鋼鐵工業,-0.02,9138401000.0,0.0,0.0,13825071524.914387,0.0,101.98,128.95,49.38,178.33,0.0,0.0,0.0,8.12,0.0,0.0,0.0,4.49,19,12.85,109
2023,燁輝,鋼鐵工業,-1.85,68592648000.0,0.0,0.0,59458345527.484955,0.0,0.0,0.0,0.0,0.0,0.0,0.0,0.0,14.0,0.0,0.0,0.0,5.79,155,2.53,146
2024,志聯,鋼鐵工業,-0.06,998528000.0,0.0,0.0,913879322.1521946,0.0,268.93,554.91,88.42,643.33,0.0,0.0,0.0,14.1,0.0,0.0,0.0,8.24,34,13.53,154
2025,千興,鋼鐵工業,-0.17,849427000.0,0.0,0.0,1266529146.9534051,0.0,19.47,9.43,13.4,22.83,0.0,0.0,0.0,11.05,0.0,0.0,0.0,23.98,46,24.63,6
2027,大成鋼,鋼鐵工業,2.89,100432504000.0,34751731487.889275,1.12,120727597645.50952,3.47,20.27,27.16,12.76,39.92,44.28,138.52,70.33,37.7,1.87,1.17,3.67,6.52,18,0.0,0
2028,威致,鋼鐵工業,0.28,8491960000.0,30328428571.42857,0.1,8988012553.158022,0.3,36.41,72.66,16.25,88.91,4.88,26.67,10.92,17.5,0.62,0.28,1.52,8.07,18,2.67,82
2029,盛餘,鋼鐵工業,0.74,13822378000.0,18678889189.18919,0.21,10530849323.933704,0.56,15.8,17.43,10.95,28.38,6.13,15.89,8.85,20.2,0.44,0.3,0.79,0.0,0,2.67,12
2030,彰源,鋼鐵工業,0.34,10238365000.0,30112838235.294117,0.12,9895436981.174503,0.33,34.56,94.89,10.94,105.83,3.61,34.92,11.4,15.95,0.71,0.23,2.19,1.31,18,3.25,10
2031,新光鋼,鋼鐵工業,3.29,17286364000.0,5254213981.7629175,1.1,14875059478.479969,2.83,14.35,32.76,5.79,38.55,16.39,109.1,40.61,40.65,1.0,0.4,2.68,14.1,46,1.82,108
2032,新鋼,鋼鐵工業,0.56,3043460000.0,5434749999.999999,0.19,3083165190.1469193,0.57,109.87,590.2,26.47,616.67,15.09,351.5,62.63,16.0,3.91,0.94,21.97,4.23,18,9.21,10
2033,佳大,鋼鐵工業,0.35,690733000.0,1973522857.1428573,0.12,712795840.9870712,0.36,98.95,166.14,43.86,210.0,15.79,75.6,35.62,15.5,2.3,1.02,4.88,60.66,174,20.0,151
1906,寶隆,造紙工業,0.01,2994442000.0,299444200000.0,0.0,3396740603.9842873,0.01,224.34,1371.47,18.53,1390.0,0.19,13.9,2.24,11.25,0.2,0.02,1.24,5.33,18,5.81,151
1725,元禎,化學生技醫療,1.52,8074797000.0,5312366447.368421,0.53,8042833056.868036,1.51,22.55,31.43,12.49,43.92,18.86,66.32,34.05,31.0,1.1,0.61,2.14,23.93,28,11.33,25
1524,耿鼎,汽車工業,1.95,2712548000.0,1391050256.4102564,0.6,2044407616.3739944,1.47,11.49,9.76,7.7,17.46,11.32,25.67,16.89,28.15,0.6,0.4,0.91,4.38,32,0.0,0
1525,江申,汽車工業,3.21,1254025000.0,390661993.7694704,1.04,1243142383.319508,3.18,17.06,9.33,12.76,22.09,40.58,70.25,54.24,63.3,0.86,0.64,1.11,10.61,28,13.28,129
1526,日馳,電機機械,-0.11,763306000.0,0.0,0.0,669736076.2852141,0.0,44.92,0.92,44.54,45.46,0.0,0.0,0.0,16.35,0.0,0.0,0.0,2.06,8,21.35,10
1527,鑽全,電機機械,1.52,2910053000.0,1914508552.631579,0.43,2337827977.27141,1.22,16.7,17.12,9.8,26.92,11.96,32.84,20.38,32.5,0.63,0.37,1.01,15.47,118,4.81,91
1528,恩德,電機機械,-0.35,2876650000.0,0.0,0.0,3224763657.054194,0.0,0.0,0.0,0.0,0.0,0.0,0.0,0.0,28.8,0.0,0.0,0.0,78.05,174,63.4,108
1529,樂事綠能,電機機械,1.01,853549000.0,845098019.8019801,0.44,999168949.2764397,1.18,449.05,2953.51,21.49,2975.0,25.36,3510.5,529.88,21.7,24.42,1.17,161.77,16.03,78,21.43,21
1530,亞崴,電機機械,-2.39,1972715000.0,0.0,0.0,1585322756.2267447,0.0,22.87,40.35,5.26,45.61,0.0,0.0,0.0,26.45,0.0,0.0,0.0,12.56,120,6.53,39
1531,高林股,電機機械,-0.12,1519930000.0,0.0,0.0,1276825366.8099935,0.0,63.97,157.09,19.91,177.0,0.0,0.0,0.0,12.95,0.0,0.0,0.0,15.56,18,3.45,14
1532,勤美,電機機械,0.99,15470842000.0,15627113131.313131,0.28,16306795792.007036,1.04,25.58,87.03,6.97,94.0,7.25,97.76,26.61,20.85,1.28,0.35,4.69,6.32,1,1.1,158
1533,車王電,汽車工業,0.57,4266318000.0,7484768421.052632,0.22,4985474414.858874,0.67,54.2,9.23,50.34,59.57,33.73,39.91,36.31,32.5,1.12,1.04,1.23,1.24,26,5.38,131
1535,中宇,電機機械,4.0,11721845000.0,2930461250.0,1.06,9769387563.57786,3.33,14.06,5.78,11.31,17.09,37.66,56.91,46.82,50.9,0.92,0.74,1.12,0.0,0,3.76,60
1522A,堤維西甲特,汽車工業,0.0,0.0,0.0,0.0,0.0,0.0,0.0,0.0,0.0,0.0,0.0,0.0,0.0,50.5,0.0,0.0,0.0,0.0,0,0.0,0
1536,和大,汽車工業,-2.72,4736402000.0,0.0,0.0,4532906363.123048,0.0,1677.63,6555.81,44.19,6600.0,0.0,0.0,0.0,51.5,0.0,0.0,0.0,36.86,74,10.45,118
1538,正峰,電機機械,-1.59,121225000.0,0.0,0.0,54385987.2645895,0.0,0.0,0.0,0.0,0.0,0.0,0.0,0.0,13.35,0.0,0.0,0.0,33.44,57,1.21,17
1539,巨庭,電機機械,0.21,1323001000.0,6300004761.904762,0.05,929711615.9174476,0.15,32.51,74.89,11.31,86.2,1.7,12.93,4.88,16.15,0.3,0.11,0.8,40.85,144,5.58,55
1540,喬福,電機機械,1.11,494539000.0,445530630.6306306,0.26,361109031.5821401,0.81,20.09,24.94,11.05,35.99,8.95,29.15,16.27,20.95,0.78,0.43,1.39,137.86,146,0.0,0
1541,錩泰,電機機械,2.31,3631236000.0,1571963636.3636363,0.52,2783277762.9543257,1.77,41.76,193.97,10.26,204.23,18.16,361.49,73.92,23.95,3.09,0.76,15.09,8.12,120,29.28,47
1558,伸興,電機機械,5.52,8215440000.0,1488304347.826087,1.64,7509682236.278427,5.05,17.63,13.83,13.07,26.9,66.0,135.84,89.02,92.2,0.97,0.72,1.47,19.07,140,5.21,61
1560,中砂,電機機械,9.28,8044403000.0,866853771.5517242,3.49,10143289880.560215,11.7,45.55,45.5,23.27,68.77,272.26,804.61,532.98,540.0,0.99,0.5,1.49,49.8,168,43.48,77
1563,巧新,汽車工業,1.38,7062178000.0,5117520289.855073,0.46,6687598704.9941025,1.31,20.35,17.61,13.54,31.15,17.74,40.81,26.65,41.45,0.64,0.43,0.98,0.0,0,2.62,11
1565,精華,生技醫療業,9.02,4213443000.0,467122283.8137472,2.62,3365639869.946088,7.21,13.54,11.33,9.48,20.81,68.35,150.04,97.62,103.5,0.94,0.66,1.45,16.53,167,0.29,12
1568,倉佑,汽車工業,1.36,1024194000.0,753083823.5294117,0.47,1008006639.2510958,1.34,17.71,21.37,8.22,29.59,11.01,39.65,23.73,28.5,0.83,0.39,1.39,17.86,75,7.25,14
1569,濱川,電腦及週邊設備業,-5.63,3317106000.0,0.0,0.0,3109446044.2389455,0.0,145.17,47.22,131.39,178.61,0.0,0.0,0.0,57.8,0.0,0.0,0.0,74.58,173,41.07,171
1570,力肯,電機機械,0.58,541569000.0,933739655.1724138,0.14,388949287.0350914,0.42,36.66,147.49,8.76,156.25,3.68,65.62,15.4,37.65,0.41,0.1,1.74,40.98,48,48.4,154
1537,廣隆,電機機械,7.95,6744803000.0,848402893.081761,2.68,6330586930.478377,7.46,14.47,8.04,10.9,18.94,81.31,141.29,107.94,123.0,0.88,0.66,1.15,13.41,144,1.04,14
1522,堤維西,汽車工業,1.72,23266762000.0,13527187209.302326,0.7,33743823671.108772,2.49,20.7,40.95,8.86,49.81,22.06,124.03,51.54,30.95,1.67,0.71,4.01,41.01,54,1.83,179
1521,大億,汽車工業,0.87,3577067000.0,4111571264.367816,0.32,4100116125.524241,1.0,61.82,199.63,18.61,218.24,18.61,218.24,61.82,24.85,2.49,0.75,8.78,9.31,28,2.97,45
1519,華城,電機機械,14.26,24042291000.0,1685995161.2903225,5.13,26213326475.5548,15.55,49.68,68.44,21.53,89.97,334.79,1399.03,772.49,888.0,0.87,0.38,1.58,26.56,63,57.49,182
1463,強盛新,紡織纖維,0.14,1170751000.0,8362507142.857142,0.01,99659715.55509055,0.01,33.07,146.91,4.63,151.54,0.05,1.52,0.33,18.9,0.02,0.0,0.08,44.5,104,0.0,0
1464,得力,紡織纖維,0.34,12545008000.0,36897082352.94118,0.11,11152927644.401373,0.3,32.91,97.0,9.92,106.92,2.98,32.08,9.87,10.0,0.99,0.3,3.21,24.72,179,0.0,0
1465,偉全,紡織纖維,-0.33,363972000.0,0.0,0.0,388803902.2426682,0.0,33.43,64.14,15.33,79.47,0.0,0.0,0.0,12.1,0.0,0.0,0.0,0.32,4,0.71,4
1466,聚隆,紡織纖維,-1.07,2644622000.0,0.0,0.0,2158806311.5377364,0.0,63.67,105.51,31.63,137.14,0.0,0.0,0.0,16.3,0.0,0.0,0.0,7.25,174,28.33,172
1467,南緯,紡織纖維,-0.46,5217867000.0,0.0,0.0,4835477582.699276,0.0,31.58,39.67,15.33,55.0,0.0,0.0,0.0,7.12,0.0,0.0,0.0,0.0,0,0.0,0
1468,昶和,紡織纖維,0.2,852022000.0,4260110000.0,0.04,496488895.66793853,0.12,43.41,122.77,12.23,135.0,1.47,16.2,5.21,12.05,0.43,0.12,1.34,13.75,60,8.09,39
1470,大統新創,紡織纖維,0.78,791565000.0,1014826923.076923,0.27,762820820.5666934,0.75,30.52,22.75,18.19,40.94,13.64,30.7,22.89,0.0,0.0,0.0,0.0,31.62,113,3.21,3
1471,首利,電子工業,0.03,195999000.0,6533300000.0,0.01,90365155.06102943,0.01,264.71,680.16,39.84,720.0,0.4,7.2,2.65,11.3,0.23,0.04,0.64,11.22,27,9.0,14
1473,台南,紡織纖維,0.57,7006641000.0,12292352631.578949,0.2,5164236484.149172,0.42,15.69,34.46,8.79,43.25,3.69,18.16,6.59,21.25,0.31,0.17,0.85,62.72,36,5.7,172
1474,弘裕,紡織纖維,0.34,2954273000.0,8689038235.294117,0.11,2699088480.186116,0.31,30.5,64.5,11.68,76.18,3.62,23.62,9.45,10.0,0.94,0.36,2.36,5.34,68,6.18,10
1475,業旺,紡織纖維,2.72,1501811000.0,552136397.0588235,0.88,1301083148.4495263,2.36,9.68,9.18,5.44,14.62,12.84,34.5,22.85,27.85,0.82,0.46,1.24,31.1,90,8.81,12
1476,儒鴻,紡織纖維,20.1,38111954000.0,1896117114.4278605,6.81,38482026057.71722,20.3,20.74,13.03,13.24,26.27,268.77,533.28,420.97,334.5,1.26,0.8,1.59,14.95,146,14.9,12
1477,聚陽,紡織纖維,14.65,34751748000.0,2372132969.2832766,5.1,31262556758.7238,13.18,19.31,13.98,13.1,27.08,172.66,356.91,254.53,211.5,1.2,0.82,1.69,18.27,78,3.69,139
1503,士電,電機機械,6.28,36565338000.0,5822506050.955414,2.68,41554148083.708954,7.14,34.78,46.09,19.54,65.63,139.52,468.6,248.32,189.5,1.31,0.74,2.47,7.03,74,28.53,119
1504,東元,電機機械,2.42,58304590000.0,24092805785.123966,0.82,62264269676.73576,2.58,24.94,31.72,16.32,48.04,42.11,123.94,64.33,62.4,1.03,0.67,1.99,4.06,36,135.24,171
1506,正道,電機機械,0.06,1082820000.0,18047000000.0,0.02,1168930815.9970157,0.06,125.03,233.28,56.72,290.0,3.4,17.4,7.5,10.8,0.69,0.31,1.61,6.8,71,22.36,122
1512,瑞利,汽車工業,0.19,1126766000.0,5930347368.421053,0.07,1278325047.627852,0.22,101.2,216.95,38.05,255.0,8.37,56.1,22.27,7.48,2.98,1.12,7.5,0.49,6,39.97,17
1513,中興電,電機機械,8.07,27235004000.0,3374845600.991326,2.68,28023379912.48084,8.3,25.64,50.35,14.53,64.88,120.6,538.5,212.8,148.5,1.43,0.81,3.63,29.75,74,26.57,119
1514,亞力,電機機械,3.32,10435225000.0,3143140060.240964,1.2,12566140443.030787,4.0,36.28,23.07,25.63,48.7,102.52,194.8,145.11,110.0,1.32,0.93,1.77,6.67,69,15.35,45
1515,力山,電機機械,0.97,5144303000.0,5303405154.639175,0.3,6378667439.469413,1.2,23.24,60.79,8.59,69.38,10.31,83.26,27.89,21.9,1.27,0.47,3.8,3.54,6,4.72,21
1516,川飛,其他,0.03,86650000.0,2888333333.3333335,0.01,77902687.15684281,0.03,103.11,488.8,21.2,510.0,0.64,15.3,3.09,21.45,0.14,0.03,0.71,38.48,26,43.23,31
1517,利奇,電機機械,-0.69,2050514000.0,0.0,0.0,1663495158.1855915,0.0,0.0,0.0,0.0,0.0,0.0,0.0,0.0,10.4,0.0,0.0,0.0,11.35,76,27.23,165
1580,新麥,電機機械,12.54,4988857000.0,397835486.4433812,3.81,4680863751.898147,11.77,11.1,4.59,8.61,13.2,101.34,155.36,130.65,123.0,1.06,0.82,1.26,3.85,53,1.01,97
1582,信錦,電子工業,3.45,8857470000.0,2567382608.695652,1.09,7986398653.905689,3.11,15.45,21.3,10.0,31.3,31.1,97.34,48.06,88.6,0.54,0.35,1.1,26.06,139,0.0,0
1583,程泰,電機機械,-4.78,3907346000.0,0.0,0.0,4056983712.26999,0.0,19.15,55.34,3.99,59.33,0.0,0.0,0.0,46.6,0.0,0.0,0.0,1.08,4,0.0,0
1708,東鹼,化學生技醫療,3.28,6180360000.0,1884256097.5609758,1.11,6213933370.416072,3.3,13.12,21.6,7.36,28.96,24.29,95.57,43.29,41.8,1.04,0.58,2.29,33.91,112,11.67,19
1709,和益,化學工業,1.23,9076666000.0,7379403252.03252,0.42,8370211428.646237,1.13,15.55,14.39,10.42,24.81,11.77,28.04,17.57,18.65,0.94,0.63,1.5,36.15,78,5.95,109
1710,東聯,化學工業,-1.01,22752814000.0,0.0,0.0,19213518613.965286,0.0,707.69,808.83,58.67,867.5,0.0,0.0,0.0,13.0,0.0,0.0,0.0,7.1,139,2.91,5
1711,永光,化學工業,-0.2,7633140000.0,0.0,0.0,7747375163.146066,0.0,91.84,187.61,32.39,220.0,0.0,0.0,0.0,56.5,0.0,0.0,0.0,39.9,141,29.41,131
1712,興農,化學工業,2.6,18555010000.0,7136542307.692307,0.88,18414447266.80629,2.58,17.14,4.53,15.22,19.75,39.27,50.96,44.21,42.2,1.05,0.93,1.21,15.46,82,10.07,166
1713,國化,化學工業,3.86,462367000.0,119784196.89119172,1.32,466034784.7901887,3.89,11.17,24.49,4.15,28.64,16.14,111.41,43.47,46.3,0.94,0.35,2.41,27.08,75,3.52,91
1714,和桐,化學工業,0.5,23123551000.0,46247102000.0,0.22,32471979894.52598,0.7,20.85,27.91,12.28,40.19,8.6,28.13,14.6,9.4,1.55,0.91,2.99,16.83,64,2.59,3
1717,長興,化學工業,1.41,40929375000.0,29027925531.914894,0.48,40747656821.549835,1.4,24.73,43.39,15.26,58.65,21.36,82.11,34.62,78.9,0.44,0.27,1.04,9.72,148,76.92,122
1718,中纖,化學工業,0.09,46499190000.0,516657666666.6667,0.03,43864468182.14318,0.08,215.45,298.22,72.78,371.0,5.82,29.68,17.24,6.55,2.63,0.89,4.53,14.34,77,8.24,111
1720,生達,化學生技醫療,5.19,6996447000.0,1348063005.7803466,1.64,7115744739.357514,5.28,12.9,5.58,10.45,16.03,55.18,84.64,68.12,61.0,1.12,0.9,1.39,24.53,85,1.02,7
1721,三晃,化學工業,-1.85,1749814000.0,0.0,0.0,1524135609.9862177,0.0,0.0,0.0,0.0,0.0,0.0,0.0,0.0,24.2,0.0,0.0,0.0,81.66,158,15.42,25
1722,台肥,化學工業,0.95,12159186000.0,12799143157.894737,0.36,13158673918.630802,1.03,29.76,37.31,16.06,53.37,16.54,54.97,30.65,50.7,0.6,0.33,1.08,0.0,0,3.91,3
1723,中碳,化學工業,2.65,5957830000.0,2248237735.8490567,0.79,4621504533.956933,2.06,20.18,17.25,16.22,33.47,33.41,68.95,41.56,78.3,0.53,0.43,0.88,2.67,19,5.56,18
2115,六暉-KY,汽車工業,1.58,2976173000.0,1883653797.4683545,0.56,2957504925.3578887,1.57,17.22,24.48,11.31,35.79,17.76,56.19,27.03,21.2,1.28,0.84,2.65,5.75,68,4.24,18
1707,葡萄王,生技醫療業,8.22,10614460000.0,1291296836.9829683,2.41,9575420765.067713,7.42,14.82,3.79,12.98,16.77,96.31,124.43,109.94,112.5,0.98,0.86,1.11,3.18,11,1.09,7
1702,南僑,食品工業,1.11,23430771000.0,21108802702.7027,0.37,22544820356.170746,1.07,15.34,23.04,10.04,33.08,10.74,35.4,16.41,35.1,0.47,0.31,1.01,8.32,18,3.37,7
1584,精剛,其他,0.45,2604026000.0,5786724444.444445,0.13,2102303387.4254155,0.36,57.33,224.42,7.85,232.27,2.83,83.62,20.64,19.6,1.05,0.14,4.27,22.41,111,0.0,0
1586,和勤,電機機械,-0.36,2321202000.0,0.0,0.0,2266474144.4678836,0.0,66.19,63.99,42.19,106.18,0.0,0.0,0.0,21.7,0.0,0.0,0.0,11.76,69,7.83,97
1587,吉茂,汽車工業,0.38,2594055000.0,6826460526.315789,0.15,3431552059.759676,0.5,153.19,193.9,76.58,270.48,38.29,135.24,76.6,31.7,2.42,1.21,4.27,32.06,19,44.03,139
1590,亞德客-KY,電機機械,42.01,33793633000.0,804418781.2425613,16.57,41419507416.319695,51.49,24.29,17.77,17.71,35.48,911.89,1826.87,1250.46,1455.0,0.86,0.63,1.26,8.07,18,4.97,33
1591,駿吉-KY,電機機械,-2.74,134840000.0,0.0,0.0,429263162.90035766,0.0,0.0,0.0,0.0,0.0,0.0,0.0,0.0,64.9,0.0,0.0,0.0,23.43,13,51.71,152
1595,川寶,電子零組件業,-1.95,725630000.0,0.0,0.0,594747202.4006724,0.0,115.25,298.75,30.0,328.75,0.0,0.0,0.0,72.8,0.0,0.0,0.0,123.2,172,16.83,122
1597,直得,電機機械,0.92,1100199000.0,1195868478.2608695,0.38,1491578811.922333,1.25,107.62,123.76,56.67,180.43,70.84,225.54,134.52,143.5,0.94,0.49,1.57,72.29,99,7.82,17
1599,宏佳騰,電機機械,-0.83,1853729000.0,0.0,0.0,2317360833.8818007,0.0,155.25,410.59,16.91,427.5,0.0,0.0,0.0,25.15,0.0,0.0,0.0,13.47,90,15.6,95
1603,華電,電器電纜,3.25,5327948000.0,1639368615.3846154,1.14,5544119888.10518,3.38,11.95,6.21,9.07,15.28,30.66,51.65,40.4,31.9,1.27,0.96,1.62,12.76,43,21.99,47
1604,聲寶,電器電纜,1.7,9211058000.0,5418269411.764706,0.56,8516105911.16296,1.57,13.7,3.31,11.84,15.15,18.59,23.79,21.51,22.9,0.94,0.81,1.04,2.57,14,7.63,19
1605,華新,電器電纜,0.75,172412266000.0,229883021333.33334,0.25,166645203470.50433,0.72,54.64,146.69,23.31,170.0,16.78,122.4,39.34,30.15,1.3,0.56,4.06,5.28,18,52.0,160
1608,華榮,電器電纜,5.5,11348843000.0,2063426000.0,2.11,13202146164.978998,6.4,15.13,23.68,5.66,29.34,36.22,187.78,96.81,32.7,2.96,1.11,5.74,18.33,71,32.67,158
1609,大亞,電器電纜,1.64,31235095000.0,19045789634.146343,0.58,35292718910.0474,1.85,22.39,21.62,13.92,35.54,25.75,65.75,41.42,32.2,1.29,0.8,2.04,4.8,78,17.09,125
1611,中電,電器電纜,0.02,1081359000.0,54067950000.0,0.01,949174788.8289332,0.02,62.08,391.13,22.2,413.33,0.44,8.27,1.24,11.95,0.1,0.04,0.69,24.71,78,6.14,24
1612,宏泰,電器電纜,2.77,7480411000.0,2700509386.2815886,0.9,8154640299.619193,3.02,14.68,8.46,11.26,19.72,34.01,59.55,44.33,35.65,1.24,0.95,1.67,9.65,19,22.74,182
1614,三洋電,電器電纜,0.97,5459864000.0,5628725773.195876,0.29,4768029170.145694,0.85,42.71,26.38,31.12,57.5,26.45,48.88,36.3,31.85,1.14,0.83,1.53,18.22,7,3.22,24
1615,大山,電器電纜,4.93,5816581000.0,1179833874.239351,1.54,5007471709.832063,4.24,13.73,13.12,9.28,22.4,39.35,94.98,58.21,45.7,1.27,0.86,2.08,26.89,36,2.84,104
1616,億泰,電器電纜,1.55,5247241000.0,3385316774.193548,0.48,5461275917.51571,1.61,15.1,20.68,6.88,27.56,11.08,44.37,24.31,22.15,1.1,0.5,2.0,14.29,5,77.03,47
1617,榮星,電器電纜,0.68,3309047000.0,4866245588.235293,0.25,3928923782.4146795,0.81,147.46,467.92,21.25,489.17,17.21,396.23,119.44,15.0,7.96,1.15,26.42,20.53,41,2.01,13
1618,合機,電器電纜,4.21,5305333000.0,1260174109.263658,1.19,4161540274.369192,3.3,13.38,18.14,8.46,26.6,27.92,87.78,44.16,38.5,1.15,0.73,2.28,22.31,68,26.09,96
1623,大東電,電器電纜,13.61,605208000.0,44467891.2564291,0.0,0.0,0.0,17.13,15.68,12.96,28.64,0.0,0.0,0.0,239.0,0.0,0.0,0.0,22.12,45,30.03,126
1626,艾美特-KY,電器電纜,-0.86,8062687000.0,0.0,0.0,6716232634.366183,0.0,95.15,0.58,94.71,95.29,0.0,0.0,0.0,11.35,0.0,0.0,0.0,8.39,162,6.15,75
2201,裕隆,汽車工業,0.93,74182384000.0,79766004301.07527,0.29,68023735297.69108,0.85,16.01,24.41,8.43,32.84,7.17,27.91,13.61,27.0,0.5,0.27,1.03,8.23,6,1.87,5
2204,中華,汽車工業,5.47,31570356000.0,5771545886.654479,2.15,37609370418.974625,6.52,10.41,7.13,7.32,14.45,47.73,94.21,67.9,54.1,1.26,0.88,1.74,0.68,4,4.9,13
2206,三陽工業,汽車工業,5.78,62818867000.0,10868316089.965397,1.83,62034359111.86384,5.71,10.63,3.51,8.79,12.3,50.19,70.23,60.67,55.5,1.09,0.9,1.27,0.0,0,2.58,19
2393,億光,光電業,4.6,19630880000.0,4267582608.6956525,1.56,19744176730.5532,4.63,14.29,11.47,9.69,21.16,44.86,97.97,66.18,71.1,0.93,0.63,1.38,34.07,183,8.54,19
2395,研華,電子工業,12.25,70256994000.0,5735264816.32653,4.6,81577401110.94518,14.22,30.85,18.36,23.36,41.72,332.18,593.26,438.63,359.5,1.22,0.92,1.65,6.29,75,4.42,118
2397,友通,電子工業,2.49,11147988000.0,4477103614.457831,0.9,12523528646.704548,2.8,22.93,24.54,13.46,38.0,37.69,106.4,64.21,56.5,1.14,0.67,1.88,37.33,70,32.64,117
2399,映泰,電子工業,0.15,1753395000.0,11689300000.0,0.05,1529174985.9987986,0.13,375.46,411.5,181.0,592.5,23.53,77.03,48.81,42.45,1.15,0.55,1.81,112.81,174,36.03,178
2401,凌陽,半導體業,-0.37,6278566000.0,0.0,0.0,6956440083.764706,0.0,52.76,21.81,42.39,64.2,0.0,0.0,0.0,24.1,0.0,0.0,0.0,34.09,64,18.88,112
2402,毅嘉,電子工業,2.47,10728500000.0,4343522267.206477,0.86,12390998600.100044,2.85,19.79,19.47,12.24,31.71,34.88,90.37,56.4,70.2,0.8,0.5,1.29,37.61,168,62.48,116
2392,正崴,電子零組件業,-6.62,97510511000.0,0.0,0.0,79236219874.61613,0.0,33.1,115.95,9.66,125.61,0.0,0.0,0.0,37.0,0.0,0.0,0.0,92.72,69,19.61,77
2404,漢唐,電子工業,48.08,63949846000.0,1330071672.2129784,20.73,105764579597.24242,79.52,17.74,20.78,11.84,32.62,941.52,2593.94,1410.49,950.0,1.48,0.99,2.73,1.02,1,180.5,119
2405,輔信,電子工業,-0.2,1728395000.0,0.0,0.0,1732153940.4693646,0.0,369.95,574.17,147.5,721.67,0.0,0.0,0.0,14.95,0.0,0.0,0.0,55.43,67,18.75,173
2406,國碩,光電業,-0.91,5758962000.0,0.0,0.0,15756887384.809362,0.0,0.0,0.0,0.0,0.0,0.0,0.0,0.0,30.55,0.0,0.0,0.0,31.13,61,112.05,109
2408,南亞科,半導體業,2.13,56774899000.0,26654882159.624416,2.29,369318029255.37494,13.86,106.17,36.39,93.19,129.58,1291.61,1795.98,1471.56,215.5,6.83,5.99,8.33,11.86,67,277.28,181
2409,友達,光電業,0.9,280792168000.0,311991297777.7778,0.3,273605258805.68607,0.88,19.71,12.91,14.59,27.5,12.84,24.2,17.34,17.2,1.01,0.75,1.41,10.34,71,7.22,146
2412,中華電,通信網路業,4.99,237858930000.0,47667120240.48096,1.75,245027015140.35855,5.14,26.72,3.2,25.05,28.25,128.76,145.2,137.35,136.0,1.01,0.95,1.07,3.23,29,7.39,109
2390,云辰,電子工業,-0.14,686088000.0,0.0,0.0,556931101.1701026,0.0,0.0,0.0,0.0,0.0,0.0,0.0,0.0,9.78,0.0,0.0,0.0,8.99,67,11.93,17
2371,大同,電機機械,-5.2,49840830000.0,0.0,0.0,54807067926.39887,0.0,22.85,76.26,4.39,80.65,0.0,0.0,0.0,30.2,0.0,0.0,0.0,1.83,6,6.65,10
2373,震旦行,其他電子業,3.86,10765016000.0,2788864248.7046633,1.23,10301606024.89279,3.69,14.49,2.46,13.45,15.91,49.63,58.71,53.48,57.1,0.94,0.87,1.03,4.62,63,2.12,60
2374,佳能,光電業,2.52,9311794000.0,3695156349.2063494,1.03,17332586698.405643,4.69,35.55,48.59,20.0,68.59,93.8,321.69,166.71,78.4,2.13,1.2,4.1,51.23,20,129.37,137
2375,凱美,電子工業,3.72,5504838000.0,1479795161.2903225,1.29,6099246644.473773,4.12,20.26,19.9,9.96,29.86,41.04,123.02,83.47,85.0,0.98,0.48,1.45,17.69,76,81.66,178
2376,技嘉,電子工業,18.19,324226515000.0,17824437328.20231,7.59,526626479295.6612,29.55,20.0,31.05,11.85,42.9,350.17,1267.7,591.01,273.0,2.16,1.28,4.64,15.08,27,31.99,154
2377,微星,電子工業,6.8,225924964000.0,33224259411.764706,2.2,249796625405.56293,7.52,19.95,15.06,12.5,27.56,94.0,207.25,149.99,97.7,1.54,0.96,2.12,25.79,25,5.17,95
2379,瑞昱,半導體業,28.77,123048742000.0,4276980952.3809524,10.46,126027414447.9612,29.47,19.16,15.04,14.76,29.8,434.98,878.21,564.53,537.0,1.05,0.81,1.64,13.7,70,15.84,77
2380,虹光,電子工業,0.72,2817681000.0,3913445833.3333335,0.25,3500264367.592886,0.89,26.73,5.65,25.0,30.65,22.25,27.28,23.79,5.62,4.23,3.96,4.85,9.34,42,75.77,115
2382,廣達,電子工業,19.44,1989610196000.0,102346203497.94238,10.57,3448543242111.0986,33.69,18.37,17.53,11.52,29.05,388.11,978.69,618.82,312.5,1.98,1.24,3.13,30.65,69,23.31,178
2383,台光電,電子工業,41.66,91947570000.0,2207094815.1704273,18.93,136710896678.33182,61.94,31.55,100.97,14.73,115.7,912.38,7166.46,1954.07,4545.0,0.43,0.2,1.58,20.76,69,122.59,182
2385,群光,電子工業,9.06,96067158000.0,10603439072.847681,2.9,93585107271.8876,8.83,12.93,10.13,9.97,20.1,88.04,177.48,114.17,123.5,0.92,0.71,1.44,1.21,4,5.94,19
2387,精元,電子工業,3.46,19232481000.0,5558520520.231214,1.06,17296009388.066837,3.11,8.21,7.72,5.61,13.33,17.45,41.46,25.53,40.5,0.63,0.43,1.02,2.4,6,0.38,12
2388,威盛,半導體業,0.12,10116361000.0,84303008333.33334,0.04,8755619230.358107,0.1,300.56,1634.74,30.26,1665.0,3.03,166.5,30.06,78.6,0.38,0.04,2.12,10.2,140,0.27,10
2413,環科,電子工業,0.4,3331719000.0,8329297500.0,0.14,3416950362.7062974,0.41,93.13,158.29,28.27,186.56,11.59,76.49,38.18,43.55,0.88,0.27,1.76,21.1,183,22.11,159
2414,精技,電子工業,3.17,28246381000.0,8910530283.911673,1.17,34976254839.57809,3.93,14.58,5.17,12.98,18.15,51.01,71.33,57.32,45.7,1.25,1.12,1.56,16.21,60,22.22,70
2433,互盛電,其他電子業,3.05,2726747000.0,894015409.8360656,1.02,2715693880.3743854,3.04,15.37,1.4,14.74,16.14,44.81,49.07,46.71,45.35,1.03,0.99,1.08,1.13,14,1.79,60
2434,統懋,半導體業,0.03,45756000.0,1525200000.0,0.01,47043479.17241379,0.03,262.18,1482.32,42.68,1525.0,1.28,45.75,7.87,29.6,0.27,0.04,1.55,6.02,68,1.35,182
2436,偉詮電,半導體業,3.0,3539175000.0,1179725000.0,1.14,4474011932.836653,3.79,39.77,49.9,20.68,70.58,78.38,267.5,150.74,72.7,2.07,1.08,3.68,10.41,146,33.26,129
2438,翔耀,光電業,-2.37,432276000.0,0.0,0.0,757106837.6963351,0.0,0.0,0.0,0.0,0.0,0.0,0.0,0.0,22.5,0.0,0.0,0.0,288.34,71,11.45,4
2439,美律,通信網路業,5.35,46021543000.0,8602157570.093458,1.77,54993878990.8787,6.39,15.64,8.7,10.92,19.62,69.78,125.37,99.96,86.0,1.16,0.81,1.46,19.34,64,10.96,27
4924,欣厚-KY,電腦及週邊設備業,0.38,758252000.0,1995400000.0,0.16,850828234.0475968,0.43,128.25,373.34,25.66,399.0,11.03,171.57,55.15,10.35,5.33,1.07,16.58,64.5,55,0.0,0
2440,太空梭,電子零組件業,-0.24,3571225000.0,0.0,0.0,3663878522.573116,0.0,0.0,0.0,0.0,0.0,0.0,0.0,0.0,18.25,0.0,0.0,0.0,24.76,15,1.37,19
2441,超豐,半導體業,4.31,16714118000.0,3877985614.8491883,1.58,19508892124.435688,5.03,15.89,15.25,10.35,25.6,52.06,128.77,79.93,84.0,0.95,0.62,1.53,5.21,77,30.49,180
2444,兆勁,通信網路業,-1.9,1104139000.0,0.0,0.0,941690181.3347743,0.0,116.36,32.92,104.58,137.5,0.0,0.0,0.0,13.35,0.0,0.0,0.0,49.33,77,3.23,12
2449,京元電子,半導體業,9.01,34125431000.0,3787506215.316315,3.55,47006205534.769005,12.41,20.93,26.56,10.47,37.03,129.93,459.54,259.75,302.5,0.86,0.43,1.52,43.31,173,148.57,182
2450,神腦,通信網路業,1.72,32694590000.0,19008482558.139534,0.61,37784664946.52478,1.99,17.22,4.8,14.84,19.64,29.53,39.08,34.27,29.6,1.16,1.0,1.32,2.55,46,2.19,12
2451,創見,半導體業,12.98,14961901000.0,1152688828.9676425,14.48,64394799500.77729,55.86,22.02,28.08,13.69,41.77,764.72,2333.27,1230.3,252.5,4.87,3.03,9.24,41.04,47,37.44,167
2369,菱生,電子工業,-1.05,5403429000.0,0.0,0.0,7504719412.991874,0.0,0.0,0.0,0.0,0.0,0.0,0.0,0.0,29.55,0.0,0.0,0.0,10.07,27,53.02,179
2431,聯昌,電子零組件業,-2.1,377964000.0,0.0,0.0,230226736.89749962,0.0,0.0,0.0,0.0,0.0,0.0,0.0,0.0,10.8,0.0,0.0,0.0,57.14,179,21.34,144
2430,燦坤,電子通路業,0.7,17810966000.0,25444237142.857143,0.22,17261895039.345974,0.68,20.55,18.39,14.94,33.33,10.16,22.66,13.97,19.95,0.7,0.51,1.14,0.0,0,0.74,5
2415,錩新,電子工業,1.81,2329168000.0,1286833149.1712706,0.65,2690921524.5124083,2.09,36.38,118.87,14.7,133.57,30.72,279.16,76.03,26.6,2.86,1.15,10.49,16.61,147,14.19,109
2417,圓剛,電子工業,-0.19,3260578000.0,0.0,0.0,4022485767.6801987,0.0,543.52,3719.14,105.86,3825.0,0.0,0.0,0.0,47.15,0.0,0.0,0.0,59.07,64,22.9,116
2419,仲琦,通信網路業,-0.36,8742858000.0,0.0,0.0,9649252650.603489,0.0,0.0,0.0,0.0,0.0,0.0,0.0,0.0,30.25,0.0,0.0,0.0,27.51,77,21.91,181
2420,新巨,電子工業,3.91,2162774000.0,553139130.4347826,1.32,2198732266.629464,3.98,14.85,9.19,10.36,19.55,41.23,77.81,59.09,54.7,1.08,0.75,1.42,43.38,158,9.17,101
2421,建準,電子工業,7.94,18263701000.0,2300214231.738035,2.96,22456354349.58913,9.76,20.09,15.53,12.18,27.71,118.88,270.45,196.03,145.0,1.35,0.82,1.87,6.67,32,67.59,182
2423,固緯,其他電子業,2.91,2944348000.0,1011803436.4261168,1.12,3499380967.209601,3.46,17.13,10.37,12.24,22.61,42.35,78.23,59.25,57.5,1.03,0.74,1.36,0.64,5,39.32,117
2425,承啟,電子工業,-0.32,8375969000.0,0.0,0.0,13115994961.498737,0.0,102.21,341.73,17.02,358.75,0.0,0.0,0.0,30.3,0.0,0.0,0.0,37.08,158,6.6,12
2426,鼎元,光電業,-0.26,2342210000.0,0.0,0.0,2145793614.75932,0.0,74.47,50.64,57.69,108.33,0.0,0.0,0.0,57.3,0.0,0.0,0.0,49.43,167,17.85,122
2427,三商電,資訊服務業,1.53,6543479000.0,4276783660.1307187,0.64,9097347411.201582,2.13,18.72,11.54,13.53,25.07,28.82,53.4,39.88,21.1,1.89,1.37,2.53,23.82,64,31.79,95
2428,興勤,電子工業,11.76,8064952000.0,685795238.0952381,4.08,8461661942.856114,12.34,14.02,9.06,9.01,18.07,111.18,222.98,173.05,174.0,0.99,0.64,1.28,19.11,50,58.53,173
1460,宏遠,紡織纖維,-0.27,7646438000.0,0.0,0.0,6091062124.097295,0.0,0.0,0.0,0.0,0.0,0.0,0.0,0.0,6.98,0.0,0.0,0.0,7.17,67,7.83,24
2368,金像電,電子工業,19.43,58066839000.0,2988514616.572311,8.23,91870044675.39511,30.74,28.4,62.35,12.35,74.7,379.64,2296.28,872.94,1390.0,0.63,0.27,1.65,16.54,64,141.05,119
2302,麗正,半導體業,0.49,835569000.0,1705242857.142857,0.17,941451824.438116,0.55,32.75,30.94,19.87,50.81,10.93,27.95,18.01,18.7,0.96,0.58,1.49,13.79,21,14.81,172
2303,聯電,半導體業,3.33,237238293000.0,71242730630.63063,1.13,248027458958.9806,3.48,13.49,14.12,9.69,23.81,33.72,82.86,46.93,77.3,0.61,0.44,1.07,14.71,50,8.54,19
2305,全友,電子工業,0.2,733136000.0,3665680000.0,0.09,1025102615.9763663,0.28,131.48,677.03,64.64,741.67,18.1,207.67,36.81,15.7,2.34,1.15,13.23,15.51,76,14.16,115
2308,台達電,電子工業,23.14,539937575000.0,23333516637.856525,9.13,729602570604.76,31.27,38.5,72.87,20.69,93.56,646.98,2925.62,1203.81,2165.0,0.56,0.3,1.35,40.23,70,203.67,179
2312,金寶,其他電子業,1.05,162727375000.0,154978452380.95236,0.32,145309401591.9409,0.94,24.25,28.91,14.82,43.73,13.93,41.11,22.79,27.65,0.82,0.5,1.49,88.7,71,18.41,173
2313,華通,電子工業,5.51,75158821000.0,13640439382.94011,1.96,87040099940.85934,6.38,19.02,42.52,9.39,51.91,59.91,331.19,121.33,244.5,0.5,0.25,1.35,15.92,70,58.8,173
2301,光寶科,電腦及週邊設備業,6.65,164568691000.0,24747171578.94737,2.36,192691333883.5139,7.79,21.09,20.11,13.8,33.91,107.5,264.16,164.29,166.0,0.99,0.65,1.59,22.1,25,94.03,180
2314,台揚,電子工業,-4.32,1677413000.0,0.0,0.0,2289460804.9601994,0.0,0.0,0.0,0.0,0.0,0.0,0.0,0.0,14.1,0.0,0.0,0.0,11.84,50,119.73,173
2316,楠梓電,電子工業,13.37,3671873000.0,274635228.1226627,5.12,4368807960.708021,15.91,8.99,11.05,6.18,17.23,98.32,274.13,143.02,112.5,1.27,0.87,2.44,25.96,69,188.61,119
2317,鴻海,其他電子業,13.6,7891774675000.0,580277549632.3529,5.16,10281136159779.742,17.72,15.99,10.52,10.24,20.76,181.45,367.87,283.27,219.5,1.29,0.83,1.68,47.08,67,77.63,181
2321,東訊,通信網路業,-0.76,742234000.0,0.0,0.0,702329261.0444936,0.0,0.0,0.0,0.0,0.0,0.0,0.0,0.0,13.2,0.0,0.0,0.0,1.15,4,41.55,129
2323,中環,光電業,1.58,7170946000.0,4538573417.7215185,0.59,8040875007.591347,1.77,12.96,12.96,6.42,19.38,11.36,34.3,22.94,10.15,2.26,1.12,3.38,4.81,64,17.82,160
2324,仁寶,電子工業,1.38,755605341000.0,547540102173.9131,0.49,767415912723.5281,1.4,17.02,13.65,10.26,23.91,14.36,33.47,23.83,29.0,0.82,0.5,1.15,14.98,20,30.0,146
2207,和泰車,汽車工業,33.93,278122174000.0,8196939994.105512,11.27,271170906852.7828,33.08,16.57,5.78,14.04,19.82,464.44,655.65,548.23,476.5,1.15,0.97,1.38,15.0,148,4.84,4
2208,台船,航運業,-1.76,21069459000.0,0.0,0.0,27739180927.344334,0.0,0.0,0.0,0.0,0.0,0.0,0.0,0.0,19.8,0.0,0.0,0.0,5.25,117,72.94,133
2211,長榮鋼,鋼鐵工業,8.59,15356743000.0,1787746565.774156,2.52,13565984493.335236,7.59,14.54,9.04,11.26,20.3,85.46,154.08,110.35,97.5,1.13,0.88,1.58,5.76,14,35.17,173
2221,大甲,其他,2.31,1380803000.0,597750216.4502164,0.82,1470242083.4012344,2.46,14.37,10.38,10.36,20.74,25.49,51.02,35.36,36.65,0.96,0.7,1.39,0.0,0,14.88,60
2227,裕日車,汽車工業,1.29,15328057000.0,11882214728.68217,0.34,10968840386.192533,0.92,27.2,39.62,9.32,48.94,8.57,45.02,25.02,53.5,0.47,0.16,0.84,10.45,14,0.0,0
2228,劍麟,汽車工業,5.24,4949851000.0,944628053.4351145,1.71,4787939958.308309,5.07,12.9,10.15,7.52,17.67,38.13,89.59,65.42,87.2,0.75,0.44,1.03,27.97,33,28.62,119
2230,泰茂,電機機械,-1.02,2030437000.0,0.0,0.0,2821767139.1609674,0.0,48.61,151.69,14.98,166.67,0.0,0.0,0.0,27.0,0.0,0.0,0.0,5.85,42,19.63,54
2231,為升,汽車工業,-1.64,3664324000.0,0.0,0.0,3317993752.2710614,0.0,47.45,53.18,21.16,74.34,0.0,0.0,0.0,120.5,0.0,0.0,0.0,25.11,40,65.17,131
2233,宇隆,汽車工業,6.69,3297200000.0,492855007.47384155,2.17,3047168701.051124,6.18,20.83,33.12,11.66,44.78,72.06,276.74,128.71,300.0,0.43,0.24,0.92,34.73,124,53.74,117
2235,謚源,電機機械,0.95,561922000.0,591496842.1052632,0.31,538630810.7270463,0.91,22.67,21.6,15.24,36.84,13.87,33.52,20.63,32.5,0.63,0.43,1.03,26.08,29,3.3,14
2236,百達-KY,汽車工業,-6.81,9249897000.0,0.0,0.0,10940030121.394373,0.0,175.6,909.93,10.07,920.0,0.0,0.0,0.0,132.0,0.0,0.0,0.0,75.34,169,18.44,140
2239,英利-KY,汽車工業,-7.87,19126801000.0,0.0,0.0,17786622699.937836,0.0,28.78,24.25,18.39,42.64,0.0,0.0,0.0,21.8,0.0,0.0,0.0,2.21,7,19.02,143
2243,宏旭-KY,汽車工業,1.22,1861642000.0,1525936065.5737705,0.6,2518108344.079455,1.65,35.31,53.67,12.79,66.46,21.1,109.66,58.26,27.25,2.14,0.77,4.02,123.93,78,15.99,123
2247,汎德永業,汽車工業,18.32,51898301000.0,2832876692.139738,4.53,38103655956.4584,13.45,13.1,3.61,11.28,14.89,151.72,200.27,176.22,212.5,0.83,0.71,0.94,0.0,0,21.04,82
2248,華勝-KY,汽車工業,5.34,1815934000.0,340062546.8164794,2.48,3356870317.962156,9.87,9.23,5.02,6.5,11.52,64.16,113.7,91.15,56.5,1.61,1.14,2.01,0.0,0,0.0,0
2250,IKKA-KY,汽車工業,3.99,3375733000.0,846048370.9273182,1.29,3157445295.3490667,3.73,18.19,12.2,13.73,25.93,51.21,96.72,67.86,63.0,1.08,0.81,1.54,36.32,25,3.86,109
2327,國巨*,電子工業,26.9,130098665000.0,4836381598.513011,10.45,161782608448.36377,33.45,16.89,24.45,5.71,30.16,191.0,1008.85,564.84,317.0,1.78,0.6,3.18,28.64,75,18.53,95
2328,廣宇,電子工業,1.56,22112137000.0,14174446794.871794,0.42,17017412271.091732,1.2,21.78,17.71,14.05,31.76,16.86,38.11,26.14,49.55,0.53,0.34,0.77,21.27,34,65.11,116
2352,佳世達,電腦及週邊設備業,0.63,208040050000.0,330222301587.3016,0.21,213962065577.0692,0.65,27.72,16.87,19.24,36.11,12.51,23.47,18.02,23.9,0.75,0.52,0.98,0.0,0,32.83,158
2353,宏碁,電子工業,1.26,271654739000.0,215598999206.3492,0.47,319039896805.9698,1.48,21.58,16.58,14.7,31.28,21.76,46.29,31.94,27.6,1.16,0.79,1.68,31.02,25,6.9,38
2354,鴻準,其他電子業,2.31,157468970000.0,68168385281.38528,0.57,136574524442.09142,2.0,25.84,17.83,18.76,36.59,37.52,73.18,51.67,51.8,1.0,0.72,1.41,34.27,183,25.91,101
2355,敬鵬,電子工業,1.6,15658335000.0,9786459375.0,0.55,16545737057.40448,1.69,17.18,25.5,8.88,34.38,15.01,58.1,29.03,51.2,0.57,0.29,1.13,23.08,67,26.2,118
2356,英業達,電子工業,2.41,699082867000.0,290075878423.2365,0.91,806896829185.4663,2.78,22.22,17.37,15.96,33.33,44.37,92.66,61.76,45.9,1.35,0.97,2.02,12.38,12,14.03,180
2357,華碩,電子工業,59.99,716607808000.0,11945454375.729288,23.28,1021387507900.4927,85.5,13.26,13.0,9.15,22.15,782.32,1893.82,1133.35,581.0,1.95,1.35,3.26,40.35,173,26.27,53
2359,所羅門,其他電子業,1.22,4193366000.0,3437185245.9016395,0.35,3405022469.2032924,0.99,125.65,183.37,29.49,212.86,29.2,210.73,124.39,119.0,1.05,0.25,1.77,83.67,32,22.88,116
2360,致茂,其他電子業,27.68,26953569000.0,973756105.4913294,15.92,45655979832.22359,46.89,35.14,63.64,18.06,81.7,846.83,3830.91,1647.5,2120.0,0.78,0.4,1.81,69.5,173,154.74,182
2362,藍天,電子工業,2.05,20876604000.0,10183709268.292685,0.64,21943709764.552303,2.15,22.57,33.03,11.61,44.64,24.96,95.98,48.52,38.5,1.26,0.65,2.49,58.95,158,1.22,26
2363,矽統,半導體業,1.53,2664144000.0,1741270588.235294,0.75,6121882165.385793,3.52,51.74,79.3,20.83,100.13,73.32,352.46,182.11,52.0,3.5,1.41,6.78,44.75,172,26.78,140
2364,倫飛,電子工業,4.6,1527938000.0,332160434.78260875,1.29,1339679529.9169252,4.03,20.6,19.29,14.17,33.46,57.11,134.84,83.01,63.0,1.32,0.91,2.14,54.17,113,53.05,101
2365,昆盈,電子工業,0.33,939434000.0,2846769696.969697,0.12,1018966858.3266399,0.36,97.85,124.44,42.81,167.25,15.41,60.21,35.23,35.9,0.98,0.43,1.68,248.44,77,27.46,117
2367,燿華,電子工業,0.68,16474586000.0,24227332352.941174,0.21,14596853244.55822,0.6,34.25,104.49,8.84,113.33,5.3,68.0,20.55,57.7,0.36,0.09,1.18,61.6,67,35.99,108
2351,順德,電子工業,1.67,10255043000.0,6140744311.377246,0.6,11053819469.219381,1.8,36.15,83.37,16.63,100.0,29.93,180.0,65.06,154.0,0.42,0.19,1.17,54.17,141,29.86,179
2349,錸德,電子工業,-0.36,7529703000.0,0.0,0.0,7180131415.028225,0.0,187.78,121.43,122.57,244.0,0.0,0.0,0.0,12.45,0.0,0.0,0.0,159.77,67,10.91,101
2329,華泰,半導體業,2.45,19362141000.0,7902914693.87755,0.83,23258295385.358368,2.94,24.53,29.53,13.35,42.88,39.25,126.07,72.11,54.9,1.31,0.71,2.3,0.0,0,63.24,160
2330,台積電,半導體業,66.26,3752213811000.0,56628641880.47087,25.94,4933167058447.96,87.11,25.46,16.84,17.35,34.19,1511.36,2978.29,2217.58,2135.0,1.04,0.71,1.39,40.54,169,58.42,180
2331,精英,電子工業,1.4,19946465000.0,14247475000.0,0.49,25991927616.359062,1.82,24.22,27.69,13.38,41.07,24.35,74.75,44.08,20.55,2.15,1.18,3.64,23.4,32,38.73,173
2332,友訊,通信網路業,-0.91,13320681000.0,0.0,0.0,13771040263.15059,0.0,323.58,1021.21,18.79,1040.0,0.0,0.0,0.0,13.85,0.0,0.0,0.0,11.39,172,9.91,27
2337,旺宏,半導體業,-1.78,28063863000.0,0.0,0.0,46226969975.46882,0.0,0.0,0.0,0.0,0.0,0.0,0.0,0.0,154.0,0.0,0.0,0.0,11.42,91,92.5,180
2338,光罩,半導體業,-4.99,6212835000.0,0.0,0.0,5493344801.700648,0.0,25.57,28.57,15.44,44.01,0.0,0.0,0.0,47.0,0.0,0.0,0.0,23.3,70,39.67,117
2342,茂矽,半導體業,-0.48,2073952000.0,0.0,0.0,1785468274.6804914,0.0,366.68,1273.27,25.06,1298.33,0.0,0.0,0.0,33.6,0.0,0.0,0.0,12.76,168,56.65,173
2344,華邦電,半導體業,0.88,86008121000.0,97736501136.36363,0.49,156662997381.11383,1.6,111.79,92.05,70.26,162.31,112.42,259.7,178.87,89.8,1.99,1.25,2.89,4.05,50,246.08,181
2345,智邦,通信網路業,47.13,237761128000.0,5044793719.499257,19.06,392279302805.80804,77.76,32.57,28.44,20.26,48.7,1575.42,3786.91,2532.68,2280.0,1.11,0.69,1.66,27.08,176,80.35,132
2347,聯強,電子工業,5.09,404171231000.0,79404956974.45973,2.18,528672231643.4276,6.66,13.96,8.45,10.63,19.08,70.8,127.07,92.99,82.5,1.13,0.86,1.54,8.83,26,2.64,40
2348,海悅,其他,6.85,7027149000.0,1025861167.8832117,2.08,7123876865.691521,6.94,13.15,13.36,7.84,21.2,54.41,147.13,91.24,71.1,1.28,0.77,2.07,88.52,88,8.5,19
2348A,海悅甲特,其他,0.0,0.0,0.0,0.0,0.0,0.0,0.0,0.0,0.0,0.0,0.0,0.0,0.0,38.1,0.0,0.0,0.0,5.09,140,3.08,73
2453,凌群,資訊服務業,3.13,7372784000.0,2355522044.7284346,1.09,7893935564.488569,3.35,19.25,9.25,15.88,25.13,53.2,84.19,64.48,53.5,1.21,0.99,1.57,19.02,75,0.79,132
1459,聯發,紡織纖維,0.81,1252518000.0,1546318518.5185184,0.2,772215576.2831379,0.5,35.89,160.68,14.32,175.0,7.16,87.5,17.95,11.7,1.53,0.61,7.48,0.0,0,3.81,12
00783,富邦中証500,ETF,0.0,0.0,0.0,0.0,0.0,0.0,0.0,0.0,0.0,0.0,0.0,0.0,0.0,29.15,0.0,0.0,0.0,33.26,158,32.76,160
00830,國泰費城半導體,ETF,0.0,0.0,0.0,0.0,0.0,0.0,0.0,0.0,0.0,0.0,0.0,0.0,0.0,72.15,0.0,0.0,0.0,29.03,70,67.72,181
00752,中信中國50,ETF,0.0,0.0,0.0,0.0,0.0,0.0,0.0,0.0,0.0,0.0,0.0,0.0,0.0,23.73,0.0,0.0,0.0,35.45,158,22.01,153
00753L,中信中國50正2,ETF,0.0,0.0,0.0,0.0,0.0,0.0,0.0,0.0,0.0,0.0,0.0,0.0,0.0,10.33,0.0,0.0,0.0,74.75,158,52.27,153
00757,統一FANG+,ETF,0.0,0.0,0.0,0.0,0.0,0.0,0.0,0.0,0.0,0.0,0.0,0.0,0.0,120.8,0.0,0.0,0.0,25.1,70,32.65,182
00762,元大全球AI,ETF,0.0,0.0,0.0,0.0,0.0,0.0,0.0,0.0,0.0,0.0,0.0,0.0,0.0,99.9,0.0,0.0,0.0,17.46,75,49.62,181
00763U,期街口道瓊銅,ETF,0.0,0.0,0.0,0.0,0.0,0.0,0.0,0.0,0.0,0.0,0.0,0.0,0.0,31.84,0.0,0.0,0.0,12.33,18,21.21,83
00770,國泰北美科技,ETF,0.0,0.0,0.0,0.0,0.0,0.0,0.0,0.0,0.0,0.0,0.0,0.0,0.0,58.95,0.0,0.0,0.0,20.76,70,42.68,181
00771,元大US高息特別股,ETF,0.0,0.0,0.0,0.0,0.0,0.0,0.0,0.0,0.0,0.0,0.0,0.0,0.0,16.0,0.0,0.0,0.0,6.26,168,0.12,178
00775B,新光投等債15+,ETF,0.0,0.0,0.0,0.0,0.0,0.0,0.0,0.0,0.0,0.0,0.0,0.0,0.0,32.25,0.0,0.0,0.0,7.88,139,4.99,174
00850,元大臺灣ESG永續,ETF,0.0,0.0,0.0,0.0,0.0,0.0,0.0,0.0,0.0,0.0,0.0,0.0,0.0,76.2,0.0,0.0,0.0,22.9,70,36.14,182
00851,台新全球AI,ETF,0.0,0.0,0.0,0.0,0.0,0.0,0.0,0.0,0.0,0.0,0.0,0.0,0.0,60.4,0.0,0.0,0.0,21.41,75,29.72,182
00895,富邦未來車,ETF,0.0,0.0,0.0,0.0,0.0,0.0,0.0,0.0,0.0,0.0,0.0,0.0,0.0,45.66,0.0,0.0,0.0,28.43,70,47.39,181
00896,中信綠能及電動車,ETF,0.0,0.0,0.0,0.0,0.0,0.0,0.0,0.0,0.0,0.0,0.0,0.0,0.0,24.85,0.0,0.0,0.0,12.87,70,34.63,180
00897,富邦基因免疫生技,ETF,0.0,0.0,0.0,0.0,0.0,0.0,0.0,0.0,0.0,0.0,0.0,0.0,0.0,9.56,0.0,0.0,0.0,11.81,88,17.72,179
00898,國泰基因免疫革命,ETF,0.0,0.0,0.0,0.0,0.0,0.0,0.0,0.0,0.0,0.0,0.0,0.0,0.0,7.88,0.0,0.0,0.0,14.06,88,16.3,172
00899,FT潔淨能源,ETF,0.0,0.0,0.0,0.0,0.0,0.0,0.0,0.0,0.0,0.0,0.0,0.0,0.0,25.62,0.0,0.0,0.0,14.02,33,54.62,167
00900,富邦特選高股息30,ETF,0.0,0.0,0.0,0.0,0.0,0.0,0.0,0.0,0.0,0.0,0.0,0.0,0.0,15.4,0.0,0.0,0.0,8.55,49,8.92,167
00901,永豐智能車供應鏈,ETF,0.0,0.0,0.0,0.0,0.0,0.0,0.0,0.0,0.0,0.0,0.0,0.0,0.0,37.67,0.0,0.0,0.0,30.06,70,54.16,182
00902,中信電池及儲能,ETF,0.0,0.0,0.0,0.0,0.0,0.0,0.0,0.0,0.0,0.0,0.0,0.0,0.0,16.94,0.0,0.0,0.0,11.1,158,73.44,181
00903,富邦元宇宙,ETF,0.0,0.0,0.0,0.0,0.0,0.0,0.0,0.0,0.0,0.0,0.0,0.0,0.0,18.72,0.0,0.0,0.0,20.4,75,40.24,181
00904,新光臺灣半導體30,ETF,0.0,0.0,0.0,0.0,0.0,0.0,0.0,0.0,0.0,0.0,0.0,0.0,0.0,34.94,0.0,0.0,0.0,26.74,70,36.7,172
00905,FT臺灣Smart,ETF,0.0,0.0,0.0,0.0,0.0,0.0,0.0,0.0,0.0,0.0,0.0,0.0,0.0,23.06,0.0,0.0,0.0,27.35,74,39.29,182
00894,中信小資高價30,ETF,0.0,0.0,0.0,0.0,0.0,0.0,0.0,0.0,0.0,0.0,0.0,0.0,0.0,44.12,0.0,0.0,0.0,26.54,70,54.2,182
00907,永豐優息存股,ETF,0.0,0.0,0.0,0.0,0.0,0.0,0.0,0.0,0.0,0.0,0.0,0.0,0.0,14.4,0.0,0.0,0.0,10.97,36,8.33,173
00909,國泰數位支付服務,ETF,0.0,0.0,0.0,0.0,0.0,0.0,0.0,0.0,0.0,0.0,0.0,0.0,0.0,41.43,0.0,0.0,0.0,29.07,180,94.62,167
00910,第一金太空衛星,ETF,0.0,0.0,0.0,0.0,0.0,0.0,0.0,0.0,0.0,0.0,0.0,0.0,0.0,64.35,0.0,0.0,0.0,45.31,169,74.48,160
00911,兆豐洲際半導體,ETF,0.0,0.0,0.0,0.0,0.0,0.0,0.0,0.0,0.0,0.0,0.0,0.0,0.0,48.3,0.0,0.0,0.0,27.27,70,56.31,181
00912,中信臺灣智慧50,ETF,0.0,0.0,0.0,0.0,0.0,0.0,0.0,0.0,0.0,0.0,0.0,0.0,0.0,28.64,0.0,0.0,0.0,24.32,70,26.02,182
00913,兆豐台灣晶圓製造,ETF,0.0,0.0,0.0,0.0,0.0,0.0,0.0,0.0,0.0,0.0,0.0,0.0,0.0,38.68,0.0,0.0,0.0,25.8,70,30.68,182
00915,凱基優選高股息30,ETF,0.0,0.0,0.0,0.0,0.0,0.0,0.0,0.0,0.0,0.0,0.0,0.0,0.0,24.82,0.0,0.0,0.0,9.19,47,5.04,19
00916,國泰全球品牌50,ETF,0.0,0.0,0.0,0.0,0.0,0.0,0.0,0.0,0.0,0.0,0.0,0.0,0.0,26.98,0.0,0.0,0.0,12.64,181,18.67,182
00917,中信特選金融,ETF,0.0,0.0,0.0,0.0,0.0,0.0,0.0,0.0,0.0,0.0,0.0,0.0,0.0,21.62,0.0,0.0,0.0,19.3,169,13.31,151
00918,大華優利高填息30,ETF,0.0,0.0,0.0,0.0,0.0,0.0,0.0,0.0,0.0,0.0,0.0,0.0,0.0,23.34,0.0,0.0,0.0,10.16,47,8.74,181
00919,群益台灣精選高息,ETF,0.0,0.0,0.0,0.0,0.0,0.0,0.0,0.0,0.0,0.0,0.0,0.0,0.0,23.65,0.0,0.0,0.0,10.22,49,6.89,14
00920,富邦ESG綠色電力,ETF,0.0,0.0,0.0,0.0,0.0,0.0,0.0,0.0,0.0,0.0,0.0,0.0,0.0,26.08,0.0,0.0,0.0,11.21,35,53.56,181
00908,富邦入息REITs+,ETF,0.0,0.0,0.0,0.0,0.0,0.0,0.0,0.0,0.0,0.0,0.0,0.0,0.0,14.05,0.0,0.0,0.0,16.31,152,4.75,174
00893,國泰智能電動車,ETF,0.0,0.0,0.0,0.0,0.0,0.0,0.0,0.0,0.0,0.0,0.0,0.0,0.0,40.93,0.0,0.0,0.0,22.9,70,64.32,181
00892,富邦台灣半導體,ETF,0.0,0.0,0.0,0.0,0.0,0.0,0.0,0.0,0.0,0.0,0.0,0.0,0.0,38.19,0.0,0.0,0.0,27.1,70,39.49,182
00891,中信關鍵半導體,ETF,0.0,0.0,0.0,0.0,0.0,0.0,0.0,0.0,0.0,0.0,0.0,0.0,0.0,30.95,0.0,0.0,0.0,21.97,70,23.75,182
00861,元大全球未來通訊,ETF,0.0,0.0,0.0,0.0,0.0,0.0,0.0,0.0,0.0,0.0,0.0,0.0,0.0,75.2,0.0,0.0,0.0,20.58,70,33.34,181
00865B,國泰US短期公債,ETF,0.0,0.0,0.0,0.0,0.0,0.0,0.0,0.0,0.0,0.0,0.0,0.0,0.0,48.06,0.0,0.0,0.0,2.27,90,0.0,0
00875,國泰網路資安,ETF,0.0,0.0,0.0,0.0,0.0,0.0,0.0,0.0,0.0,0.0,0.0,0.0,0.0,40.18,0.0,0.0,0.0,8.89,166,12.68,178
00876,元大全球5G,ETF,0.0,0.0,0.0,0.0,0.0,0.0,0.0,0.0,0.0,0.0,0.0,0.0,0.0,74.9,0.0,0.0,0.0,19.83,70,49.88,182
00878,國泰永續高股息,ETF,0.0,0.0,0.0,0.0,0.0,0.0,0.0,0.0,0.0,0.0,0.0,0.0,0.0,25.39,0.0,0.0,0.0,10.62,70,5.99,180
00881,國泰台灣科技龍頭,ETF,0.0,0.0,0.0,0.0,0.0,0.0,0.0,0.0,0.0,0.0,0.0,0.0,0.0,46.79,0.0,0.0,0.0,31.36,70,52.14,182
00882,中信中國高股息,ETF,0.0,0.0,0.0,0.0,0.0,0.0,0.0,0.0,0.0,0.0,0.0,0.0,0.0,15.77,0.0,0.0,0.0,37.5,158,17.48,178
00885,富邦越南,ETF,0.0,0.0,0.0,0.0,0.0,0.0,0.0,0.0,0.0,0.0,0.0,0.0,0.0,18.77,0.0,0.0,0.0,4.65,152,55.25,165
00852L,國泰美國道瓊正2,ETF,0.0,0.0,0.0,0.0,0.0,0.0,0.0,0.0,0.0,0.0,0.0,0.0,0.0,30.33,0.0,0.0,0.0,22.15,169,30.31,181
00739,元大MSCI A股,ETF,0.0,0.0,0.0,0.0,0.0,0.0,0.0,0.0,0.0,0.0,0.0,0.0,0.0,28.42,0.0,0.0,0.0,25.53,158,24.74,160
00738U,期元大道瓊白銀,ETF,0.0,0.0,0.0,0.0,0.0,0.0,0.0,0.0,0.0,0.0,0.0,0.0,0.0,58.3,0.0,0.0,0.0,26.43,174,58.27,168
00737,國泰AI機器人,ETF,0.0,0.0,0.0,0.0,0.0,0.0,0.0,0.0,0.0,0.0,0.0,0.0,0.0,34.85,0.0,0.0,0.0,6.86,76,29.65,178
00642U,期元大S&P石油,ETF,0.0,0.0,0.0,0.0,0.0,0.0,0.0,0.0,0.0,0.0,0.0,0.0,0.0,33.15,0.0,0.0,0.0,5.82,64,27.16,52
00643,群益深証中小,ETF,0.0,0.0,0.0,0.0,0.0,0.0,0.0,0.0,0.0,0.0,0.0,0.0,0.0,19.71,0.0,0.0,0.0,38.07,158,37.24,160
00643K,群益深証中小+R,ETF,0.0,0.0,0.0,0.0,0.0,0.0,0.0,0.0,0.0,0.0,0.0,0.0,0.0,0.0,0.0,0.0,0.0,0.0,0,36.79,146
00645,富邦日本,ETF,0.0,0.0,0.0,0.0,0.0,0.0,0.0,0.0,0.0,0.0,0.0,0.0,0.0,52.25,0.0,0.0,0.0,7.28,70,24.86,182
00646,元大S&P500,ETF,0.0,0.0,0.0,0.0,0.0,0.0,0.0,0.0,0.0,0.0,0.0,0.0,0.0,70.95,0.0,0.0,0.0,15.23,166,19.82,181
00647L,元大S&P500正2,ETF,0.0,0.0,0.0,0.0,0.0,0.0,0.0,0.0,0.0,0.0,0.0,0.0,0.0,122.65,0.0,0.0,0.0,27.35,166,43.02,180
00648R,元大S&P500反1,ETF,0.0,0.0,0.0,0.0,0.0,0.0,0.0,0.0,0.0,0.0,0.0,0.0,0.0,4.21,0.0,0.0,0.0,0.0,0,0.0,0
00650L,復華香港正2,ETF,0.0,0.0,0.0,0.0,0.0,0.0,0.0,0.0,0.0,0.0,0.0,0.0,0.0,17.33,0.0,0.0,0.0,58.66,158,42.84,153
00651R,復華香港反1,ETF,0.0,0.0,0.0,0.0,0.0,0.0,0.0,0.0,0.0,0.0,0.0,0.0,0.0,5.25,0.0,0.0,0.0,6.12,96,0.0,0
00652,富邦印度,ETF,0.0,0.0,0.0,0.0,0.0,0.0,0.0,0.0,0.0,0.0,0.0,0.0,0.0,32.72,0.0,0.0,0.0,11.81,147,0.0,0
00653L,富邦印度正2,ETF,0.0,0.0,0.0,0.0,0.0,0.0,0.0,0.0,0.0,0.0,0.0,0.0,0.0,45.84,0.0,0.0,0.0,23.06,148,6.3,173
00641R,富邦日本反1,ETF,0.0,0.0,0.0,0.0,0.0,0.0,0.0,0.0,0.0,0.0,0.0,0.0,0.0,4.09,0.0,0.0,0.0,20.52,95,0.0,0
00654R,富邦印度反1,ETF,0.0,0.0,0.0,0.0,0.0,0.0,0.0,0.0,0.0,0.0,0.0,0.0,0.0,6.87,0.0,0.0,0.0,3.67,11,1.69,7
00656R,國泰中國A50反1,ETF,0.0,0.0,0.0,0.0,0.0,0.0,0.0,0.0,0.0,0.0,0.0,0.0,0.0,5.87,0.0,0.0,0.0,9.91,139,0.0,0
00657,國泰日經225,ETF,0.0,0.0,0.0,0.0,0.0,0.0,0.0,0.0,0.0,0.0,0.0,0.0,0.0,69.5,0.0,0.0,0.0,10.17,70,40.44,182
00657K,國泰日經225+U,ETF,0.0,0.0,0.0,0.0,0.0,0.0,0.0,0.0,0.0,0.0,0.0,0.0,0.0,22.01,0.0,0.0,0.0,0.0,0,43.23,182
00660,元大歐洲50,ETF,0.0,0.0,0.0,0.0,0.0,0.0,0.0,0.0,0.0,0.0,0.0,0.0,0.0,42.1,0.0,0.0,0.0,4.26,151,8.13,181
00661,元大日經225,ETF,0.0,0.0,0.0,0.0,0.0,0.0,0.0,0.0,0.0,0.0,0.0,0.0,0.0,76.3,0.0,0.0,0.0,9.6,70,41.15,182
00662,富邦NASDAQ,ETF,0.0,0.0,0.0,0.0,0.0,0.0,0.0,0.0,0.0,0.0,0.0,0.0,0.0,110.45,0.0,0.0,0.0,18.85,70,28.69,181
00663L,國泰臺灣加權正2,ETF,0.0,0.0,0.0,0.0,0.0,0.0,0.0,0.0,0.0,0.0,0.0,0.0,0.0,82.0,0.0,0.0,0.0,44.49,70,11.22,14
00664R,國泰臺灣加權反1,ETF,0.0,0.0,0.0,0.0,0.0,0.0,0.0,0.0,0.0,0.0,0.0,0.0,0.0,1.94,0.0,0.0,0.0,0.9,95,1.79,4
00665L,富邦恒生國企正2,ETF,0.0,0.0,0.0,0.0,0.0,0.0,0.0,0.0,0.0,0.0,0.0,0.0,0.0,9.87,0.0,0.0,0.0,64.54,158,33.58,153
00666R,富邦恒生國企反1,ETF,0.0,0.0,0.0,0.0,0.0,0.0,0.0,0.0,0.0,0.0,0.0,0.0,0.0,9.05,0.0,0.0,0.0,6.83,95,0.1,3
00668,國泰美國道瓊,ETF,0.0,0.0,0.0,0.0,0.0,0.0,0.0,0.0,0.0,0.0,0.0,0.0,0.0,56.15,0.0,0.0,0.0,12.19,169,13.78,178
00655L,國泰中國A50正2,ETF,0.0,0.0,0.0,0.0,0.0,0.0,0.0,0.0,0.0,0.0,0.0,0.0,0.0,35.93,0.0,0.0,0.0,54.3,158,44.44,178
00640L,富邦日本正2,ETF,0.0,0.0,0.0,0.0,0.0,0.0,0.0,0.0,0.0,0.0,0.0,0.0,0.0,90.85,0.0,0.0,0.0,14.97,70,51.56,182
00639,富邦深100,ETF,0.0,0.0,0.0,0.0,0.0,0.0,0.0,0.0,0.0,0.0,0.0,0.0,0.0,17.22,0.0,0.0,0.0,55.6,158,39.3,181
00638R,元大滬深300反1,ETF,0.0,0.0,0.0,0.0,0.0,0.0,0.0,0.0,0.0,0.0,0.0,0.0,0.0,6.66,0.0,0.0,0.0,9.51,139,0.0,0
00401A,主動摩根台灣鑫收,ETF,0.0,0.0,0.0,0.0,0.0,0.0,0.0,0.0,0.0,0.0,0.0,0.0,0.0,12.03,0.0,0.0,0.0,13.38,20,13.38,20
0050,元大台灣50,ETF,0.0,0.0,0.0,0.0,0.0,0.0,0.0,0.0,0.0,0.0,0.0,0.0,0.0,90.5,0.0,0.0,0.0,29.84,70,8.73,39
0051,元大中型100,ETF,0.0,0.0,0.0,0.0,0.0,0.0,0.0,0.0,0.0,0.0,0.0,0.0,0.0,126.75,0.0,0.0,0.0,9.56,70,30.74,182
0052,富邦科技,ETF,0.0,0.0,0.0,0.0,0.0,0.0,0.0,0.0,0.0,0.0,0.0,0.0,0.0,52.65,0.0,0.0,0.0,33.36,70,55.75,182
0053,元大電子,ETF,0.0,0.0,0.0,0.0,0.0,0.0,0.0,0.0,0.0,0.0,0.0,0.0,0.0,209.25,0.0,0.0,0.0,30.84,70,55.62,182
0055,元大MSCI金融,ETF,0.0,0.0,0.0,0.0,0.0,0.0,0.0,0.0,0.0,0.0,0.0,0.0,0.0,33.25,0.0,0.0,0.0,16.7,169,15.08,166
0056,元大高股息,ETF,0.0,0.0,0.0,0.0,0.0,0.0,0.0,0.0,0.0,0.0,0.0,0.0,0.0,40.9,0.0,0.0,0.0,11.21,70,15.66,173
0057,富邦摩台,ETF,0.0,0.0,0.0,0.0,0.0,0.0,0.0,0.0,0.0,0.0,0.0,0.0,0.0,270.5,0.0,0.0,0.0,28.38,70,46.38,182
0061,元大寶滬深,ETF,0.0,0.0,0.0,0.0,0.0,0.0,0.0,0.0,0.0,0.0,0.0,0.0,0.0,24.4,0.0,0.0,0.0,49.18,158,25.28,178
006203,元大MSCI台灣,ETF,0.0,0.0,0.0,0.0,0.0,0.0,0.0,0.0,0.0,0.0,0.0,0.0,0.0,164.95,0.0,0.0,0.0,28.53,70,45.16,182
006204,永豐臺灣加權,ETF,0.0,0.0,0.0,0.0,0.0,0.0,0.0,0.0,0.0,0.0,0.0,0.0,0.0,196.5,0.0,0.0,0.0,21.0,70,36.54,182
006205,富邦上証,ETF,0.0,0.0,0.0,0.0,0.0,0.0,0.0,0.0,0.0,0.0,0.0,0.0,0.0,40.79,0.0,0.0,0.0,27.96,158,23.75,181
006206,元大上證50,ETF,0.0,0.0,0.0,0.0,0.0,0.0,0.0,0.0,0.0,0.0,0.0,0.0,0.0,37.22,0.0,0.0,0.0,29.7,158,18.78,178
006207,復華滬深,ETF,0.0,0.0,0.0,0.0,0.0,0.0,0.0,0.0,0.0,0.0,0.0,0.0,0.0,32.85,0.0,0.0,0.0,31.07,158,27.8,181
006208,富邦台50,ETF,0.0,0.0,0.0,0.0,0.0,0.0,0.0,0.0,0.0,0.0,0.0,0.0,0.0,209.75,0.0,0.0,0.0,29.95,70,48.82,182
00625K,富邦上証+R,ETF,0.0,0.0,0.0,0.0,0.0,0.0,0.0,0.0,0.0,0.0,0.0,0.0,0.0,0.0,0.0,0.0,0.0,0.0,0,0.0,0
00631L,元大台灣50正2,ETF,0.0,0.0,0.0,0.0,0.0,0.0,0.0,0.0,0.0,0.0,0.0,0.0,0.0,28.61,0.0,0.0,0.0,45.99,70,97.44,182
00632R,元大台灣50反1,ETF,0.0,0.0,0.0,0.0,0.0,0.0,0.0,0.0,0.0,0.0,0.0,0.0,0.0,11.98,0.0,0.0,0.0,0.51,95,1.82,4
00633L,富邦上証正2,ETF,0.0,0.0,0.0,0.0,0.0,0.0,0.0,0.0,0.0,0.0,0.0,0.0,0.0,51.55,0.0,0.0,0.0,54.44,158,41.78,178
00634R,富邦上証反1,ETF,0.0,0.0,0.0,0.0,0.0,0.0,0.0,0.0,0.0,0.0,0.0,0.0,0.0,3.11,0.0,0.0,0.0,10.0,137,0.0,0
00635U,期元大S&P黃金,ETF,0.0,0.0,0.0,0.0,0.0,0.0,0.0,0.0,0.0,0.0,0.0,0.0,0.0,47.82,0.0,0.0,0.0,16.44,181,30.54,168
00636,國泰中國A50,ETF,0.0,0.0,0.0,0.0,0.0,0.0,0.0,0.0,0.0,0.0,0.0,0.0,0.0,28.32,0.0,0.0,0.0,31.64,158,21.22,178
00636K,國泰中國A50+U,ETF,0.0,0.0,0.0,0.0,0.0,0.0,0.0,0.0,0.0,0.0,0.0,0.0,0.0,8.98,0.0,0.0,0.0,0.0,0,25.32,181
00637L,元大滬深300正2,ETF,0.0,0.0,0.0,0.0,0.0,0.0,0.0,0.0,0.0,0.0,0.0,0.0,0.0,21.28,0.0,0.0,0.0,55.57,158,42.9,178
00668K,國泰美國道瓊+U,ETF,0.0,0.0,0.0,0.0,0.0,0.0,0.0,0.0,0.0,0.0,0.0,0.0,0.0,17.84,0.0,0.0,0.0,0.0,0,17.4,180
00669R,國泰美國道瓊反1,ETF,0.0,0.0,0.0,0.0,0.0,0.0,0.0,0.0,0.0,0.0,0.0,0.0,0.0,5.66,0.0,0.0,0.0,0.0,0,0.0,0
00670L,富邦NASDAQ正2,ETF,0.0,0.0,0.0,0.0,0.0,0.0,0.0,0.0,0.0,0.0,0.0,0.0,0.0,177.65,0.0,0.0,0.0,36.3,70,63.23,181
00671R,富邦NASDAQ反1,ETF,0.0,0.0,0.0,0.0,0.0,0.0,0.0,0.0,0.0,0.0,0.0,0.0,0.0,2.67,0.0,0.0,0.0,0.0,0,0.28,3
00707R,期元大S&P日圓反1,ETF,0.0,0.0,0.0,0.0,0.0,0.0,0.0,0.0,0.0,0.0,0.0,0.0,0.0,32.18,0.0,0.0,0.0,4.44,61,7.06,178
00708L,期元大S&P黃金正2,ETF,0.0,0.0,0.0,0.0,0.0,0.0,0.0,0.0,0.0,0.0,0.0,0.0,0.0,92.1,0.0,0.0,0.0,33.95,181,67.41,168
00709,富邦歐洲,ETF,0.0,0.0,0.0,0.0,0.0,0.0,0.0,0.0,0.0,0.0,0.0,0.0,0.0,37.45,0.0,0.0,0.0,7.05,124,8.75,178
00710B,復華彭博非投等債,ETF,0.0,0.0,0.0,0.0,0.0,0.0,0.0,0.0,0.0,0.0,0.0,0.0,0.0,18.98,0.0,0.0,0.0,2.52,88,0.0,0
00711B,復華彭博新興債,ETF,0.0,0.0,0.0,0.0,0.0,0.0,0.0,0.0,0.0,0.0,0.0,0.0,0.0,16.09,0.0,0.0,0.0,9.01,139,7.18,174
00712,復華富時不動產,ETF,0.0,0.0,0.0,0.0,0.0,0.0,0.0,0.0,0.0,0.0,0.0,0.0,0.0,9.06,0.0,0.0,0.0,8.05,76,6.09,129
00713,元大台灣高息低波,ETF,0.0,0.0,0.0,0.0,0.0,0.0,0.0,0.0,0.0,0.0,0.0,0.0,0.0,52.85,0.0,0.0,0.0,5.32,47,3.25,14
00714,群益道瓊美國地產,ETF,0.0,0.0,0.0,0.0,0.0,0.0,0.0,0.0,0.0,0.0,0.0,0.0,0.0,21.2,0.0,0.0,0.0,21.23,145,0.89,174
00715L,期街口布蘭特正2,ETF,0.0,0.0,0.0,0.0,0.0,0.0,0.0,0.0,0.0,0.0,0.0,0.0,0.0,74.15,0.0,0.0,0.0,8.69,64,44.73,52
00717,富邦美國特別股,ETF,0.0,0.0,0.0,0.0,0.0,0.0,0.0,0.0,0.0,0.0,0.0,0.0,0.0,15.03,0.0,0.0,0.0,6.81,167,1.98,143
00728,第一金工業30,ETF,0.0,0.0,0.0,0.0,0.0,0.0,0.0,0.0,0.0,0.0,0.0,0.0,0.0,54.0,0.0,0.0,0.0,17.31,70,28.82,182
00730,富邦臺灣優質高息,ETF,0.0,0.0,0.0,0.0,0.0,0.0,0.0,0.0,0.0,0.0,0.0,0.0,0.0,25.33,0.0,0.0,0.0,8.45,167,18.79,122
00731,復華富時高息低波,ETF,0.0,0.0,0.0,0.0,0.0,0.0,0.0,0.0,0.0,0.0,0.0,0.0,0.0,72.55,0.0,0.0,0.0,8.68,70,6.01,173
00733,富邦臺灣中小,ETF,0.0,0.0,0.0,0.0,0.0,0.0,0.0,0.0,0.0,0.0,0.0,0.0,0.0,64.4,0.0,0.0,0.0,4.54,49,27.19,167
00735,國泰臺韓科技,ETF,0.0,0.0,0.0,0.0,0.0,0.0,0.0,0.0,0.0,0.0,0.0,0.0,0.0,84.9,0.0,0.0,0.0,32.26,64,69.49,181
00736,國泰新興市場,ETF,0.0,0.0,0.0,0.0,0.0,0.0,0.0,0.0,0.0,0.0,0.0,0.0,0.0,29.67,0.0,0.0,0.0,14.5,158,19.19,178
00706L,期元大S&P日圓正2,ETF,0.0,0.0,0.0,0.0,0.0,0.0,0.0,0.0,0.0,0.0,0.0,0.0,0.0,19.05,0.0,0.0,0.0,16.85,137,246.48,173
00921,兆豐龍頭等權重,ETF,0.0,0.0,0.0,0.0,0.0,0.0,0.0,0.0,0.0,0.0,0.0,0.0,0.0,20.36,0.0,0.0,0.0,2.69,47,11.98,108
00703,台新MSCI中國,ETF,0.0,0.0,0.0,0.0,0.0,0.0,0.0,0.0,0.0,0.0,0.0,0.0,0.0,20.2,0.0,0.0,0.0,41.73,158,23.0,153
00701,國泰股利精選30,ETF,0.0,0.0,0.0,0.0,0.0,0.0,0.0,0.0,0.0,0.0,0.0,0.0,0.0,30.09,0.0,0.0,0.0,10.69,71,10.65,104
00673R,期元大S&P原油反1,ETF,0.0,0.0,0.0,0.0,0.0,0.0,0.0,0.0,0.0,0.0,0.0,0.0,0.0,11.25,0.0,0.0,0.0,11.61,132,259.54,173
00674R,期元大S&P黃金反1,ETF,0.0,0.0,0.0,0.0,0.0,0.0,0.0,0.0,0.0,0.0,0.0,0.0,0.0,27.18,0.0,0.0,0.0,0.74,56,3.33,13
00675L,富邦臺灣加權正2,ETF,0.0,0.0,0.0,0.0,0.0,0.0,0.0,0.0,0.0,0.0,0.0,0.0,0.0,248.2,0.0,0.0,0.0,44.69,70,97.14,182
00676R,富邦臺灣加權反1,ETF,0.0,0.0,0.0,0.0,0.0,0.0,0.0,0.0,0.0,0.0,0.0,0.0,0.0,6.61,0.0,0.0,0.0,1.23,95,1.44,4
00678,群益那斯達克生技,ETF,0.0,0.0,0.0,0.0,0.0,0.0,0.0,0.0,0.0,0.0,0.0,0.0,0.0,34.67,0.0,0.0,0.0,15.96,88,20.98,182
00680L,元大美債20正2,ETF,0.0,0.0,0.0,0.0,0.0,0.0,0.0,0.0,0.0,0.0,0.0,0.0,0.0,6.9,0.0,0.0,0.0,26.82,132,5.75,173
00681R,元大美債20反1,ETF,0.0,0.0,0.0,0.0,0.0,0.0,0.0,0.0,0.0,0.0,0.0,0.0,0.0,21.16,0.0,0.0,0.0,0.0,0,4.74,20
00682U,期元大美元指數,ETF,0.0,0.0,0.0,0.0,0.0,0.0,0.0,0.0,0.0,0.0,0.0,0.0,0.0,20.15,0.0,0.0,0.0,0.47,57,1.38,11
00683L,期元大美元指正2,ETF,0.0,0.0,0.0,0.0,0.0,0.0,0.0,0.0,0.0,0.0,0.0,0.0,0.0,21.18,0.0,0.0,0.0,0.9,57,2.79,11
00684R,期元大美元指反1,ETF,0.0,0.0,0.0,0.0,0.0,0.0,0.0,0.0,0.0,0.0,0.0,0.0,0.0,15.3,0.0,0.0,0.0,4.39,146,2.35,61
00685L,群益臺灣加權正2,ETF,0.0,0.0,0.0,0.0,0.0,0.0,0.0,0.0,0.0,0.0,0.0,0.0,0.0,224.15,0.0,0.0,0.0,44.84,70,96.73,182
00686R,群益臺灣加權反1,ETF,0.0,0.0,0.0,0.0,0.0,0.0,0.0,0.0,0.0,0.0,0.0,0.0,0.0,1.19,0.0,0.0,0.0,1.14,95,1.26,5
00687C,國泰20年美債+櫃U,上櫃ETF,0.0,0.0,0.0,0.0,0.0,0.0,0.0,0.0,0.0,0.0,0.0,0.0,0.0,9.29,0.0,0.0,0.0,7.79,53,6.07,173
00688L,國泰20年美債正2,ETF,0.0,0.0,0.0,0.0,0.0,0.0,0.0,0.0,0.0,0.0,0.0,0.0,0.0,6.87,0.0,0.0,0.0,26.99,132,5.91,173
00689R,國泰20年美債反1,ETF,0.0,0.0,0.0,0.0,0.0,0.0,0.0,0.0,0.0,0.0,0.0,0.0,0.0,22.12,0.0,0.0,0.0,0.0,0,4.04,20
00690,兆豐藍籌30,ETF,0.0,0.0,0.0,0.0,0.0,0.0,0.0,0.0,0.0,0.0,0.0,0.0,0.0,67.1,0.0,0.0,0.0,21.63,70,41.81,182
00692,富邦公司治理,ETF,0.0,0.0,0.0,0.0,0.0,0.0,0.0,0.0,0.0,0.0,0.0,0.0,0.0,79.1,0.0,0.0,0.0,26.16,70,43.9,182
00693U,期街口S&P黃豆,ETF,0.0,0.0,0.0,0.0,0.0,0.0,0.0,0.0,0.0,0.0,0.0,0.0,0.0,22.41,0.0,0.0,0.0,6.0,5,5.01,182
00700,富邦恒生國企,ETF,0.0,0.0,0.0,0.0,0.0,0.0,0.0,0.0,0.0,0.0,0.0,0.0,0.0,17.45,0.0,0.0,0.0,37.33,158,15.43,153
00702,國泰標普低波高息,ETF,0.0,0.0,0.0,0.0,0.0,0.0,0.0,0.0,0.0,0.0,0.0,0.0,0.0,23.68,0.0,0.0,0.0,14.29,168,0.0,0
00922,國泰台灣領袖50,ETF,0.0,0.0,0.0,0.0,0.0,0.0,0.0,0.0,0.0,0.0,0.0,0.0,0.0,33.82,0.0,0.0,0.0,25.2,70,37.89,167
00923,群益台ESG低碳50,ETF,0.0,0.0,0.0,0.0,0.0,0.0,0.0,0.0,0.0,0.0,0.0,0.0,0.0,35.4,0.0,0.0,0.0,25.82,70,33.85,182
00924,復華S&P500成長,ETF,0.0,0.0,0.0,0.0,0.0,0.0,0.0,0.0,0.0,0.0,0.0,0.0,0.0,30.45,0.0,0.0,0.0,19.16,70,28.01,181
1217,愛之味,食品工業,0.42,5053488000.0,12032114285.714287,0.12,4930330593.810578,0.41,34.8,62.28,17.01,79.29,6.97,32.51,14.27,9.9,1.44,0.7,3.28,7.72,64,3.56,4
1218,泰山,食品工業,1.59,10013154000.0,6297581132.075471,0.55,10813642618.776592,1.72,20.72,67.6,11.07,78.67,19.04,135.31,35.64,18.95,1.88,1.0,7.14,4.89,29,8.89,3
1219,福壽,食品工業,0.45,14343570000.0,31874600000.0,0.16,14532088070.587818,0.46,29.55,34.07,18.89,52.96,8.69,24.36,13.59,13.5,1.01,0.64,1.8,0.0,0,9.97,3
1220,台榮,食品工業,0.08,3429604000.0,42870050000.0,0.02,3307040779.6907153,0.08,32.59,149.86,10.77,160.63,0.86,12.85,2.61,12.5,0.21,0.07,1.03,0.0,0,6.83,3
1225,福懋油,食品工業,1.67,12252020000.0,7336538922.155689,0.6,12259287197.637228,1.67,35.97,77.21,16.66,93.87,27.82,156.76,60.07,32.0,1.88,0.87,4.9,191.87,134,20.55,2
1227,佳格,食品工業,1.32,28448173000.0,21551646212.121212,0.49,29333542176.852913,1.36,21.3,13.12,16.73,29.85,22.75,40.6,28.97,28.95,1.0,0.79,1.4,13.38,53,8.57,7
1229,聯華,食品工業,2.6,13281855000.0,5108405769.230769,0.78,14491582975.22439,2.84,20.92,11.05,16.07,27.12,45.64,77.02,59.43,41.3,1.44,1.11,1.86,7.83,67,13.26,164
1231,聯華食,食品工業,3.93,12960746000.0,3297899745.547074,1.41,13330501667.700413,4.04,29.57,20.35,22.31,42.66,90.13,172.35,119.47,86.8,1.38,1.04,1.99,23.72,89,14.07,97
1232,大統益,食品工業,8.25,21469837000.0,2602404484.848485,3.03,23048122260.239414,8.86,18.58,3.37,17.32,20.69,153.46,183.31,164.66,148.5,1.11,1.03,1.23,7.9,172,7.84,27
1233,天仁,食品工業,0.75,2174330000.0,2899106666.6666665,0.27,2213263015.891323,0.76,35.84,14.02,29.58,43.6,22.48,33.14,27.24,28.75,0.95,0.78,1.15,1.92,67,0.0,0
1234,黑松,食品工業,2.0,9578941000.0,4789470500.0,0.62,9679262157.72472,2.02,17.53,3.89,15.59,19.48,31.49,39.35,35.41,35.25,1.0,0.89,1.12,7.11,49,6.41,14
1216,統一,食品工業,3.46,671991806000.0,194217284971.09827,1.17,692154944535.3195,3.56,23.25,7.49,20.09,27.58,71.52,98.18,82.77,69.3,1.19,1.03,1.42,18.16,175,11.4,81
1235,興泰,食品工業,0.16,176147000.0,1100918750.0,0.07,343956149.35146075,0.31,91.29,553.92,14.5,568.42,4.5,176.21,28.3,42.2,0.67,0.11,4.18,97.1,179,8.0,19
1240,茂生農經,農業科技業,5.02,2763166000.0,550431474.1035857,1.69,2725006529.7144976,4.95,11.99,3.74,10.61,14.35,52.52,71.03,59.37,59.6,1.0,0.88,1.19,8.86,117,14.04,117
1256,鮮活果汁-KY,食品工業,11.18,3940213000.0,352434078.7119857,4.4,6300576038.699693,17.88,16.01,8.86,12.03,20.89,215.1,373.51,286.25,161.5,1.77,1.33,2.31,2.31,20,48.57,132
1264,德麥,食品工業,20.47,6763586000.0,330414557.88959455,7.33,6825480649.229615,20.66,15.14,3.71,13.31,17.02,274.98,351.63,312.89,273.5,1.14,1.01,1.29,7.0,70,5.7,73
1294,漢田生技,食品工業,4.67,752425000.0,161118843.6830835,1.93,1010013396.5908552,6.27,15.45,9.23,12.27,21.5,76.93,134.8,96.9,79.6,1.22,0.97,1.69,15.38,34,2.21,132
1295,生合,食品工業,5.32,794064000.0,149260150.37593985,2.15,2660817049.213153,17.83,19.56,19.37,10.4,29.77,185.43,530.8,348.8,55.0,6.34,3.37,9.65,32.61,147,134.23,126
1236,宏亞,食品工業,-0.43,1881933000.0,0.0,0.0,1788211889.6484902,0.0,140.94,91.0,99.38,190.38,0.0,0.0,0.0,25.75,0.0,0.0,0.0,7.55,62,28.87,154
1215,卜蜂,食品工業,10.4,28114836000.0,2703349615.3846154,3.67,30566045079.09226,11.31,14.7,3.92,12.87,16.79,145.56,189.89,166.3,138.5,1.2,1.05,1.37,8.06,49,44.55,168
1213,大飲,食品工業,-0.86,293246000.0,0.0,0.0,346477023.33373505,0.0,1.35,0.83,1.06,1.89,0.0,0.0,0.0,9.03,0.0,0.0,0.0,85.93,103,12.99,14
1210,大成,食品工業,4.32,102153533000.0,23646651157.407406,1.53,106417017282.07938,4.5,12.92,5.11,10.43,15.54,46.94,69.93,58.13,53.4,1.09,0.88,1.31,1.74,18,10.89,61
020027,元大上櫃ESG成長N,指數投資證券(ETN),0.0,0.0,0.0,0.0,0.0,0.0,0.0,0.0,0.0,0.0,0.0,0.0,0.0,9.38,0.0,0.0,0.0,17.56,70,26.4,172
020028,元大特選電動車N,ETN,0.0,0.0,0.0,0.0,0.0,0.0,0.0,0.0,0.0,0.0,0.0,0.0,0.0,17.97,0.0,0.0,0.0,18.64,70,67.88,180
020029,元大ESG高股息N,ETN,0.0,0.0,0.0,0.0,0.0,0.0,0.0,0.0,0.0,0.0,0.0,0.0,0.0,12.3,0.0,0.0,0.0,16.69,49,10.73,139
020030,統一智慧電動車N,ETN,0.0,0.0,0.0,0.0,0.0,0.0,0.0,0.0,0.0,0.0,0.0,0.0,0.0,16.13,0.0,0.0,0.0,21.67,70,50.35,182
020031,統一IC設計臺灣N,ETN,0.0,0.0,0.0,0.0,0.0,0.0,0.0,0.0,0.0,0.0,0.0,0.0,0.0,8.75,0.0,0.0,0.0,11.97,48,18.17,139
020032,元大綠能N,ETN,0.0,0.0,0.0,0.0,0.0,0.0,0.0,0.0,0.0,0.0,0.0,0.0,0.0,0.0,0.0,0.0,0.0,14.1,74,60.36,179
020033,統一恒生科期N,指數投資證券(ETN),0.0,0.0,0.0,0.0,0.0,0.0,0.0,0.0,0.0,0.0,0.0,0.0,0.0,3.83,0.0,0.0,0.0,36.53,158,25.69,153
020034,元大IC設計N,ETN,0.0,0.0,0.0,0.0,0.0,0.0,0.0,0.0,0.0,0.0,0.0,0.0,0.0,11.87,0.0,0.0,0.0,16.16,49,11.5,70
020035,元大上櫃ESG高息N,指數投資證券(ETN),0.0,0.0,0.0,0.0,0.0,0.0,0.0,0.0,0.0,0.0,0.0,0.0,0.0,0.0,0.0,0.0,0.0,9.57,70,0.0,0
020036,元大金融配息N,ETN,0.0,0.0,0.0,0.0,0.0,0.0,0.0,0.0,0.0,0.0,0.0,0.0,0.0,0.0,0.0,0.0,0.0,16.75,71,0.0,0
020037,元大金融高股息N,ETN,0.0,0.0,0.0,0.0,0.0,0.0,0.0,0.0,0.0,0.0,0.0,0.0,0.0,8.55,0.0,0.0,0.0,17.66,169,16.47,173
020038,元大ESG配息N,ETN,0.0,0.0,0.0,0.0,0.0,0.0,0.0,0.0,0.0,0.0,0.0,0.0,0.0,9.48,0.0,0.0,0.0,16.76,49,11.03,137
020039,元大加權N,ETN,0.0,0.0,0.0,0.0,0.0,0.0,0.0,0.0,0.0,0.0,0.0,0.0,0.0,12.44,0.0,0.0,0.0,21.42,70,41.26,182
020040,元大上櫃ESG龍頭N,指數投資證券(ETN),0.0,0.0,0.0,0.0,0.0,0.0,0.0,0.0,0.0,0.0,0.0,0.0,0.0,9.47,0.0,0.0,0.0,15.16,70,38.41,182
020041,兆豐半導體氣候N,指數投資證券(ETN),0.0,0.0,0.0,0.0,0.0,0.0,0.0,0.0,0.0,0.0,0.0,0.0,0.0,18.26,0.0,0.0,0.0,0.0,0,0.0,0
1101,台泥,水泥工業,-1.61,152985677000.0,0.0,0.0,140999355081.90308,0.0,26.49,17.85,18.11,35.96,0.0,0.0,0.0,24.5,0.0,0.0,0.0,8.2,82,4.17,10
1101B,台泥乙特,水泥工業,0.0,0.0,0.0,0.0,0.0,0.0,0.0,0.0,0.0,0.0,0.0,0.0,0.0,45.4,0.0,0.0,0.0,0.0,0,0.94,60
1102,亞泥,水泥工業,3.0,71952957000.0,23984319000.0,0.88,63815779612.73602,2.66,13.14,5.56,10.15,15.71,27.0,41.79,34.95,35.05,1.0,0.77,1.19,9.02,151,1.9,5
1103,嘉泥,水泥工業,0.84,3024675000.0,3600803571.4285717,0.27,2810501870.2749944,0.78,126.79,617.44,15.89,633.33,12.39,494.0,98.89,13.45,7.35,0.92,36.73,0.8,29,6.6,19
1104,環泥,水泥工業,2.57,7898245000.0,3073247081.7120624,0.83,7469087680.287807,2.43,12.27,5.18,9.57,14.75,23.26,35.84,29.82,28.35,1.05,0.82,1.26,4.38,63,15.72,172
1108,幸福,水泥工業,2.17,4581368000.0,2111229493.0875576,0.64,3613522489.2500715,1.71,10.54,8.39,6.32,14.71,10.81,25.15,18.03,14.55,1.24,0.74,1.73,0.0,0,6.87,108
1109,信大,水泥工業,1.03,4413154000.0,4284615533.980582,0.3,4043517575.6063623,0.94,12.43,8.03,8.79,16.82,8.26,15.81,11.68,15.45,0.76,0.53,1.02,0.0,0,3.83,5
1110,東泥,水泥工業,0.35,2875841000.0,8216688571.428572,0.1,2352484428.3222494,0.29,50.91,71.47,27.73,99.2,8.04,28.77,14.76,15.4,0.96,0.52,1.87,19.23,91,8.55,20
1201,味全,食品工業,0.4,22021377000.0,55053442500.0,0.12,20794654447.32066,0.38,25.31,18.69,17.16,35.85,6.52,13.62,9.62,12.5,0.77,0.52,1.09,1.58,11,3.87,4
1203,味王,食品工業,1.81,5788155000.0,3197875690.6077347,0.55,4738785144.587676,1.48,20.49,13.54,14.79,28.33,21.89,41.93,30.33,43.6,0.7,0.5,0.96,9.4,91,8.53,3
1301,台塑,塑膠工業,-1.57,177551951000.0,0.0,0.0,157026999854.07132,0.0,66.86,31.16,52.62,83.78,0.0,0.0,0.0,51.5,0.0,0.0,0.0,0.29,4,22.56,89
1303,南亞,塑膠工業,0.57,261237063000.0,458310636842.1053,0.2,266258968516.2323,0.58,80.27,119.37,41.33,160.7,23.97,93.21,46.55,89.6,0.52,0.27,1.04,0.52,4,49.92,108
1304,台聚,塑膠工業,-2.6,44923032000.0,0.0,0.0,38989138902.2458,0.0,0.0,0.0,0.0,0.0,0.0,0.0,0.0,14.35,0.0,0.0,0.0,8.67,77,9.66,112
1305,華夏,塑膠工業,-1.58,9311305000.0,0.0,0.0,9662622219.775465,0.0,93.03,115.21,30.17,145.38,0.0,0.0,0.0,14.85,0.0,0.0,0.0,3.56,77,13.45,112
1416,廣豐,其他,0.8,357557000.0,446946250.0,0.32,438344595.8079017,0.98,17.56,15.61,12.23,27.84,11.99,27.28,17.21,11.4,1.51,1.05,2.39,4.8,4,0.0,0
1417,嘉裕,紡織纖維,0.62,424832000.0,685212903.2258065,0.15,415951029.0018693,0.61,14.49,0.94,13.87,14.81,8.46,9.03,8.84,8.85,1.0,0.96,1.02,0.0,0,5.56,117
1418,東華,紡織纖維,-1.28,6372000.0,0.0,0.0,1086786.355475763,0.0,114.54,447.23,42.77,490.0,0.0,0.0,0.0,19.2,0.0,0.0,0.0,32.46,67,15.96,101
1419,新紡,紡織纖維,4.12,4714640000.0,1144330097.0873785,1.78,5893578229.410578,5.15,18.65,14.71,13.17,27.88,67.83,143.58,96.07,64.4,1.49,1.05,2.23,0.0,0,90.44,24
1423,利華,紡織纖維,4.36,82713000.0,18970871.559633028,2.06,96334778.67629506,5.08,43.67,97.08,8.73,105.81,44.35,537.51,221.84,41.6,5.33,1.07,12.92,44.44,63,17.99,165
1434,福懋,紡織纖維,0.51,27741651000.0,54395394117.64706,0.17,25391407041.563164,0.47,44.31,97.73,16.74,114.47,7.87,53.8,20.82,15.9,1.31,0.49,3.38,5.03,18,5.39,5
1436,華友聯,建材營造,5.4,3875730000.0,717727777.7777777,0.29,1864101536.493195,2.6,8.64,17.88,3.79,21.67,9.85,56.34,22.46,49.95,0.45,0.2,1.13,36.49,74,2.02,3
1437,勤益控,其他,2.41,937678000.0,389078008.29875517,0.62,840130610.7057308,2.16,12.97,12.45,8.86,21.31,19.14,46.03,28.01,29.65,0.94,0.65,1.55,17.56,47,2.46,24
1438,三地開發,建材營造,1.74,988580000.0,568149425.2873564,1.14,2658180866224.0664,4678.67,16.11,4.63,12.73,17.36,59559.47,81221.71,75379.04,22.15,3403.12,2688.92,3666.89,68.74,91,2.29,7
1440,南紡,紡織纖維,-0.15,14484020000.0,0.0,0.0,12120978411.155622,0.0,10.67,7.01,8.74,15.75,0.0,0.0,0.0,12.65,0.0,0.0,0.0,0.0,0,10.98,14
1441,大東,紡織纖維,-0.45,1516894000.0,0.0,0.0,1188567436.8670683,0.0,49.04,195.53,4.47,200.0,0.0,0.0,0.0,10.05,0.0,0.0,0.0,36.94,69,5.14,24
1442,名軒,建材營造,3.04,3244173000.0,1067162171.0526316,0.52,1171646730.9786823,1.1,9.12,6.87,6.27,13.14,6.9,14.45,10.03,26.2,0.38,0.26,0.55,31.91,140,11.11,40
1444,力麗,紡織纖維,-0.78,7296992000.0,0.0,0.0,7371156962.9968195,0.0,72.64,104.18,24.57,128.75,0.0,0.0,0.0,6.11,0.0,0.0,0.0,5.21,78,1.99,6
1445,大宇,紡織纖維,-0.87,759419000.0,0.0,0.0,703773354.9570452,0.0,2.48,1.16,1.97,3.13,0.0,0.0,0.0,12.7,0.0,0.0,0.0,0.0,0,15.85,131
1446,宏和,紡織纖維,1.62,1147559000.0,708369753.0864197,0.27,504973413.3928053,0.71,7.64,62.33,2.42,64.75,1.72,45.97,5.43,15.8,0.34,0.11,2.91,38.06,36,3.73,10
1447,力鵬,紡織纖維,-0.97,28850751000.0,0.0,0.0,29268693513.013107,0.0,128.22,26.4,117.0,143.4,0.0,0.0,0.0,4.99,0.0,0.0,0.0,32.25,69,2.69,12
1449,佳和,紡織纖維,0.13,2420960000.0,18622769230.76923,0.07,3633537683.0942307,0.2,36.36,135.02,14.07,149.09,2.81,29.82,7.27,12.95,0.56,0.22,2.3,28.85,180,3.93,14
1451,年興,紡織纖維,1.76,6154960000.0,3497136363.6363635,0.59,7135205972.323805,2.04,23.4,63.09,7.58,70.67,15.46,144.17,47.73,16.65,2.87,0.93,8.66,1.2,4,10.72,7
1452,宏益,紡織纖維,-0.41,1412669000.0,0.0,0.0,1195222686.9387884,0.0,25.98,27.14,17.73,44.87,0.0,0.0,0.0,11.4,0.0,0.0,0.0,0.86,4,13.1,122
1454,台富,紡織纖維,-1.12,1557640000.0,0.0,0.0,1194618894.1288607,0.0,80.58,127.91,45.59,173.5,0.0,0.0,0.0,14.2,0.0,0.0,0.0,28.75,67,20.64,21
1455,集盛,紡織纖維,-0.98,6505126000.0,0.0,0.0,4231314693.246187,0.0,264.97,971.48,43.52,1015.0,0.0,0.0,0.0,8.15,0.0,0.0,0.0,4.15,14,0.0,0
1414,東和,紡織纖維,0.19,468559000.0,2466100000.0,0.06,413855069.0661088,0.17,108.13,116.67,57.5,174.17,9.78,29.61,18.38,16.65,1.1,0.59,1.78,26.29,77,0.51,17
020025,統一亞洲半導體N,指數投資證券(ETN),0.0,0.0,0.0,0.0,0.0,0.0,0.0,0.0,0.0,0.0,0.0,0.0,0.0,29.5,0.0,0.0,0.0,23.42,70,86.08,182
1413,宏洲,紡織纖維,0.45,2159243000.0,4798317777.777778,0.12,1609423223.3415394,0.34,25.12,11.67,21.11,32.78,7.18,11.15,8.54,9.53,0.9,0.75,1.17,0.0,0,1.26,35
1409,新纖,紡織纖維,1.19,40921487000.0,34387804201.68067,0.38,35316384842.95288,1.03,16.99,26.32,10.38,36.7,10.69,37.8,17.5,16.8,1.04,0.64,2.25,6.4,76,38.52,109
1307,三芳,塑膠工業,2.85,10823937000.0,3797872631.578947,0.99,10860995681.079025,2.86,11.84,9.57,8.3,17.87,23.74,51.11,33.85,31.7,1.07,0.75,1.61,49.92,183,0.37,12
1308,亞聚,塑膠工業,-1.76,5804421000.0,0.0,0.0,4991158310.287196,0.0,94.45,4.5,92.0,96.5,0.0,0.0,0.0,15.05,0.0,0.0,0.0,4.15,77,7.45,174
1309,台達化,塑膠工業,-1.07,14998545000.0,0.0,0.0,11342953199.90382,0.0,0.0,0.0,0.0,0.0,0.0,0.0,0.0,20.8,0.0,0.0,0.0,40.91,151,2.06,3
1310,台苯,塑膠工業,-1.37,9135110000.0,0.0,0.0,7549564482.316062,0.0,0.0,0.0,0.0,0.0,0.0,0.0,0.0,9.5,0.0,0.0,0.0,8.71,76,9.44,109
1312,國喬,塑膠工業,-3.97,21781269000.0,0.0,0.0,30136549403.412216,0.0,0.0,0.0,0.0,0.0,0.0,0.0,0.0,12.3,0.0,0.0,0.0,14.81,77,8.09,10
1312A,國喬特,塑膠工業,0.0,0.0,0.0,0.0,0.0,0.0,0.0,0.0,0.0,0.0,0.0,0.0,0.0,0.0,0.0,0.0,0.0,1.02,162,0.0,0
1313,聯成,塑膠工業,-1.17,61645893000.0,0.0,0.0,57135184784.20335,0.0,0.0,0.0,0.0,0.0,0.0,0.0,0.0,11.1,0.0,0.0,0.0,0.0,0,31.7,108
1314,中石化,塑膠工業,-0.78,20109851000.0,0.0,0.0,12519802130.059898,0.0,85.52,198.75,21.25,220.0,0.0,0.0,0.0,7.42,0.0,0.0,0.0,0.0,0,6.49,130
1315,達新,塑膠工業,1.55,2308500000.0,1489354838.7096775,0.38,1787839160.5265403,1.2,47.33,80.59,18.66,99.25,22.39,119.1,56.8,62.3,0.91,0.36,1.91,1.82,111,2.13,33
1316,上曜,建材營造,-0.52,4057430000.0,0.0,0.0,10452907740.150002,0.0,0.0,0.0,0.0,0.0,0.0,0.0,0.0,11.0,0.0,0.0,0.0,2.47,91,6.23,3
1319,東陽,汽車工業,6.43,25247616000.0,3926534370.139969,1.97,20444613677.984093,5.21,15.6,12.57,11.45,24.02,59.65,125.14,81.27,74.8,1.09,0.8,1.67,3.27,18,2.64,19
1321,大洋,塑膠工業,-1.25,3649201000.0,0.0,0.0,3141836044.4765863,0.0,419.11,1855.31,32.19,1887.5,0.0,0.0,0.0,30.4,0.0,0.0,0.0,9.15,109,6.76,105
1323,永裕,塑膠工業,0.25,2033764000.0,8135056000.0,0.09,2008397225.6214013,0.25,48.53,189.94,7.06,197.0,1.76,49.25,12.13,20.3,0.6,0.09,2.43,0.32,18,1.19,33
1324,地球,塑膠工業,-0.82,738507000.0,0.0,0.0,682120080.0920978,0.0,301.59,1142.45,27.55,1170.0,0.0,0.0,0.0,10.55,0.0,0.0,0.0,0.0,0,6.49,173
1325,恆大,塑膠工業,-0.7,293967000.0,0.0,0.0,214928104.90709952,0.0,189.99,269.98,67.24,337.22,0.0,0.0,0.0,26.2,0.0,0.0,0.0,29.8,55,47.95,32
1326,台化,塑膠工業,-0.99,292368349000.0,0.0,0.0,285503439620.82794,0.0,123.66,473.78,19.55,493.33,0.0,0.0,0.0,52.3,0.0,0.0,0.0,2.69,18,24.0,112
1336,台翰,電子零組件業,0.72,2526028000.0,3508372222.2222223,0.21,2239303245.5817165,0.64,12.8,12.99,8.14,21.13,5.21,13.52,8.19,13.9,0.59,0.37,0.97,44.16,144,0.23,10
1337,再生-KY,塑膠工業,-1.74,682900000.0,0.0,0.0,556238039.910801,0.0,0.0,0.0,0.0,0.0,0.0,0.0,0.0,5.02,0.0,0.0,0.0,3.98,71,16.04,10
1338,廣華-KY,汽車工業,-2.24,5359361000.0,0.0,0.0,4736072254.291564,0.0,0.0,0.0,0.0,0.0,0.0,0.0,0.0,16.35,0.0,0.0,0.0,2.23,29,5.28,34
1339,昭輝,汽車工業,2.42,1708614000.0,706038842.9752066,0.75,1330841120.9714189,1.88,13.79,14.28,8.18,22.46,15.38,42.22,25.92,41.0,0.63,0.38,1.03,2.36,6,2.45,19
1340,勝悅-KY,塑膠工業,-2.61,180630000.0,0.0,0.0,29456559.843107544,0.0,0.0,0.0,0.0,0.0,0.0,0.0,0.0,5.77,0.0,0.0,0.0,20.9,67,19.06,145
1341,富林-KY,塑膠工業,3.71,2590239000.0,698177628.032345,1.32,2501495210.875211,3.58,14.3,5.01,11.51,16.52,41.21,59.14,51.19,61.2,0.84,0.67,0.97,8.64,43,9.03,26
1342,八貫,其他,5.61,2785153000.0,496462210.3386809,2.56,3352321860.267031,6.75,15.12,7.45,11.43,18.88,77.15,127.44,102.07,92.0,1.11,0.84,1.39,1.24,4,1.82,11
1402,遠東新,紡織纖維,1.54,254998414000.0,165583385714.2857,0.51,244202930817.27408,1.47,18.65,10.7,13.66,24.36,20.08,35.81,27.41,25.75,1.06,0.78,1.39,17.47,152,5.06,3
1410,南染,紡織纖維,0.59,195601000.0,331527118.6440678,0.19,177558728.7649268,0.54,95.25,112.89,46.69,159.58,25.21,86.17,51.43,27.55,1.87,0.92,3.13,2.11,103,17.79,35
1457,宜進,紡織纖維,1.17,3066311000.0,2620778632.4786325,0.33,2274057079.6422505,0.87,15.69,34.17,5.95,40.12,5.18,34.9,13.65,14.45,0.94,0.36,2.42,0.0,0,3.75,10
020020,元大台股領航N,ETN,0.0,0.0,0.0,0.0,0.0,0.0,0.0,0.0,0.0,0.0,0.0,0.0,0.0,22.5,0.0,0.0,0.0,31.72,70,41.17,180
02001L,富邦蘋果正二N,ETN,0.0,0.0,0.0,0.0,0.0,0.0,0.0,0.0,0.0,0.0,0.0,0.0,0.0,105.35,0.0,0.0,0.0,64.63,70,194.9,180
00956,中信日經高股息,ETF,0.0,0.0,0.0,0.0,0.0,0.0,0.0,0.0,0.0,0.0,0.0,0.0,0.0,11.84,0.0,0.0,0.0,2.32,14,11.73,129
00960,野村全球航運龍頭,ETF,0.0,0.0,0.0,0.0,0.0,0.0,0.0,0.0,0.0,0.0,0.0,0.0,0.0,17.16,0.0,0.0,0.0,26.42,5,10.41,140
00961,FT臺灣永續高息,ETF,0.0,0.0,0.0,0.0,0.0,0.0,0.0,0.0,0.0,0.0,0.0,0.0,0.0,10.24,0.0,0.0,0.0,0.9,6,8.55,181
00962,台新AI優息動能,ETF,0.0,0.0,0.0,0.0,0.0,0.0,0.0,0.0,0.0,0.0,0.0,0.0,0.0,12.28,0.0,0.0,0.0,2.2,77,32.83,182
00963,中信全球高股息,ETF,0.0,0.0,0.0,0.0,0.0,0.0,0.0,0.0,0.0,0.0,0.0,0.0,0.0,12.51,0.0,0.0,0.0,10.92,126,5.47,115
00964,中信亞太高股息,ETF,0.0,0.0,0.0,0.0,0.0,0.0,0.0,0.0,0.0,0.0,0.0,0.0,0.0,13.86,0.0,0.0,0.0,3.8,130,18.16,178
00965,元大航太防衛科技,ETF,0.0,0.0,0.0,0.0,0.0,0.0,0.0,0.0,0.0,0.0,0.0,0.0,0.0,25.64,0.0,0.0,0.0,23.64,181,38.16,182
00954,中信日本半導體,ETF,0.0,0.0,0.0,0.0,0.0,0.0,0.0,0.0,0.0,0.0,0.0,0.0,0.0,16.46,0.0,0.0,0.0,0.0,0,71.35,182
00971,野村美國研發龍頭,ETF,0.0,0.0,0.0,0.0,0.0,0.0,0.0,0.0,0.0,0.0,0.0,0.0,0.0,16.07,0.0,0.0,0.0,2.54,40,31.27,181
00972,野村日本動能高息,ETF,0.0,0.0,0.0,0.0,0.0,0.0,0.0,0.0,0.0,0.0,0.0,0.0,0.0,18.4,0.0,0.0,0.0,11.48,70,10.3,129
009800,中信NASDAQ,ETF,0.0,0.0,0.0,0.0,0.0,0.0,0.0,0.0,0.0,0.0,0.0,0.0,0.0,11.94,0.0,0.0,0.0,2.4,7,28.39,181
009801,中信美國創新科技,ETF,0.0,0.0,0.0,0.0,0.0,0.0,0.0,0.0,0.0,0.0,0.0,0.0,0.0,11.52,0.0,0.0,0.0,2.3,170,36.77,181
009802,富邦旗艦50,ETF,0.0,0.0,0.0,0.0,0.0,0.0,0.0,0.0,0.0,0.0,0.0,0.0,0.0,15.85,0.0,0.0,0.0,8.98,175,23.85,180
009803,玉山市值動能50,ETF,0.0,0.0,0.0,0.0,0.0,0.0,0.0,0.0,0.0,0.0,0.0,0.0,0.0,19.16,0.0,0.0,0.0,19.15,183,42.32,181
009804,聯邦台精彩50,ETF,0.0,0.0,0.0,0.0,0.0,0.0,0.0,0.0,0.0,0.0,0.0,0.0,0.0,19.49,0.0,0.0,0.0,40.06,183,37.63,182
009805,新光美國電力基建,ETF,0.0,0.0,0.0,0.0,0.0,0.0,0.0,0.0,0.0,0.0,0.0,0.0,0.0,16.42,0.0,0.0,0.0,30.77,174,30.77,174
00953B,群益優選非投等債,ETF,0.0,0.0,0.0,0.0,0.0,0.0,0.0,0.0,0.0,0.0,0.0,0.0,0.0,9.67,0.0,0.0,0.0,4.61,166,0.0,0
00952,凱基台灣AI50,ETF,0.0,0.0,0.0,0.0,0.0,0.0,0.0,0.0,0.0,0.0,0.0,0.0,0.0,16.05,0.0,0.0,0.0,4.12,92,37.46,182
00951,台新日本半導體,ETF,0.0,0.0,0.0,0.0,0.0,0.0,0.0,0.0,0.0,0.0,0.0,0.0,0.0,15.46,0.0,0.0,0.0,7.52,6,69.83,182
00926,凱基全球菁英55,ETF,0.0,0.0,0.0,0.0,0.0,0.0,0.0,0.0,0.0,0.0,0.0,0.0,0.0,24.4,0.0,0.0,0.0,17.98,70,21.99,181
00927,群益半導體收益,ETF,0.0,0.0,0.0,0.0,0.0,0.0,0.0,0.0,0.0,0.0,0.0,0.0,0.0,29.83,0.0,0.0,0.0,20.58,70,34.29,182
00929,復華台灣科技優息,ETF,0.0,0.0,0.0,0.0,0.0,0.0,0.0,0.0,0.0,0.0,0.0,0.0,0.0,22.24,0.0,0.0,0.0,7.33,48,11.23,180
00930,永豐ESG低碳高息,ETF,0.0,0.0,0.0,0.0,0.0,0.0,0.0,0.0,0.0,0.0,0.0,0.0,0.0,19.36,0.0,0.0,0.0,7.56,49,7.24,178
00932,兆豐永續高息等權,ETF,0.0,0.0,0.0,0.0,0.0,0.0,0.0,0.0,0.0,0.0,0.0,0.0,0.0,15.81,0.0,0.0,0.0,2.8,70,6.13,143
00934,中信成長高股息,ETF,0.0,0.0,0.0,0.0,0.0,0.0,0.0,0.0,0.0,0.0,0.0,0.0,0.0,23.41,0.0,0.0,0.0,11.3,70,27.56,181
00935,野村臺灣新科技50,ETF,0.0,0.0,0.0,0.0,0.0,0.0,0.0,0.0,0.0,0.0,0.0,0.0,0.0,50.0,0.0,0.0,0.0,28.65,70,51.06,182
00936,台新永續高息中小,ETF,0.0,0.0,0.0,0.0,0.0,0.0,0.0,0.0,0.0,0.0,0.0,0.0,0.0,18.94,0.0,0.0,0.0,7.41,46,14.02,181
00938,凱基優選30,ETF,0.0,0.0,0.0,0.0,0.0,0.0,0.0,0.0,0.0,0.0,0.0,0.0,0.0,20.26,0.0,0.0,0.0,0.0,0,24.56,178
00939,統一台灣高息動能,ETF,0.0,0.0,0.0,0.0,0.0,0.0,0.0,0.0,0.0,0.0,0.0,0.0,0.0,16.84,0.0,0.0,0.0,5.61,49,9.05,182
00940,元大台灣價值高息,ETF,0.0,0.0,0.0,0.0,0.0,0.0,0.0,0.0,0.0,0.0,0.0,0.0,0.0,10.34,0.0,0.0,0.0,8.35,49,11.78,181
00941,中信上游半導體,ETF,0.0,0.0,0.0,0.0,0.0,0.0,0.0,0.0,0.0,0.0,0.0,0.0,0.0,23.66,0.0,0.0,0.0,11.18,70,36.05,182
00943,兆豐電子高息等權,ETF,0.0,0.0,0.0,0.0,0.0,0.0,0.0,0.0,0.0,0.0,0.0,0.0,0.0,17.41,0.0,0.0,0.0,5.73,46,14.76,178
00944,野村趨勢動能高息,ETF,0.0,0.0,0.0,0.0,0.0,0.0,0.0,0.0,0.0,0.0,0.0,0.0,0.0,17.15,0.0,0.0,0.0,4.91,57,5.07,143
00945B,凱基美國非投等債,ETF,0.0,0.0,0.0,0.0,0.0,0.0,0.0,0.0,0.0,0.0,0.0,0.0,0.0,14.48,0.0,0.0,0.0,3.34,92,0.0,0
00946,群益科技高息成長,ETF,0.0,0.0,0.0,0.0,0.0,0.0,0.0,0.0,0.0,0.0,0.0,0.0,0.0,11.66,0.0,0.0,0.0,9.0,41,22.63,182
00947,台新臺灣IC設計,ETF,0.0,0.0,0.0,0.0,0.0,0.0,0.0,0.0,0.0,0.0,0.0,0.0,0.0,31.09,0.0,0.0,0.0,7.19,8,37.35,180
00949,復華日本龍頭,ETF,0.0,0.0,0.0,0.0,0.0,0.0,0.0,0.0,0.0,0.0,0.0,0.0,0.0,19.14,0.0,0.0,0.0,6.45,16,12.93,178
009806,台新標普500,上櫃ETF,0.0,0.0,0.0,0.0,0.0,0.0,0.0,0.0,0.0,0.0,0.0,0.0,0.0,12.51,0.0,0.0,0.0,19.04,184,19.04,184
009807,台新標普科技精選,上櫃ETF,0.0,0.0,0.0,0.0,0.0,0.0,0.0,0.0,0.0,0.0,0.0,0.0,0.0,14.2,0.0,0.0,0.0,34.33,156,34.33,156
009808,華南永昌優選50,ETF,0.0,0.0,0.0,0.0,0.0,0.0,0.0,0.0,0.0,0.0,0.0,0.0,0.0,26.46,0.0,0.0,0.0,33.51,168,33.51,168
009809,富邦淨零ESG50,ETF,0.0,0.0,0.0,0.0,0.0,0.0,0.0,0.0,0.0,0.0,0.0,0.0,0.0,14.3,0.0,0.0,0.0,32.93,182,32.93,182
00985A,主動野村台灣50,ETF,0.0,0.0,0.0,0.0,0.0,0.0,0.0,0.0,0.0,0.0,0.0,0.0,0.0,19.92,0.0,0.0,0.0,45.87,183,45.87,183
00985B,群益ESG投等債0-5,ETF,0.0,0.0,0.0,0.0,0.0,0.0,0.0,0.0,0.0,0.0,0.0,0.0,0.0,10.25,0.0,0.0,0.0,4.84,144,4.84,144
00985D,主動貝萊德優投等,上櫃ETF,0.0,0.0,0.0,0.0,0.0,0.0,0.0,0.0,0.0,0.0,0.0,0.0,0.0,10.11,0.0,0.0,0.0,1.69,11,1.69,11
00986A,主動台新龍頭成長,ETF,0.0,0.0,0.0,0.0,0.0,0.0,0.0,0.0,0.0,0.0,0.0,0.0,0.0,13.52,0.0,0.0,0.0,23.01,183,23.01,183
00986B,FT金融債10+,上櫃ETF,0.0,0.0,0.0,0.0,0.0,0.0,0.0,0.0,0.0,0.0,0.0,0.0,0.0,9.94,0.0,0.0,0.0,2.59,64,2.59,64
00986D,主動復華金融債息,上櫃ETF,0.0,0.0,0.0,0.0,0.0,0.0,0.0,0.0,0.0,0.0,0.0,0.0,0.0,14.84,0.0,0.0,0.0,0.0,0,0.0,0
00987A,主動台新優勢成長,ETF,0.0,0.0,0.0,0.0,0.0,0.0,0.0,0.0,0.0,0.0,0.0,0.0,0.0,16.46,0.0,0.0,0.0,64.11,121,64.11,121
00987B,野村10+澳洲公債,上櫃ETF,0.0,0.0,0.0,0.0,0.0,0.0,0.0,0.0,0.0,0.0,0.0,0.0,0.0,15.76,0.0,0.0,0.0,6.19,39,6.19,39
00988A,主動統一全球創新,ETF,0.0,0.0,0.0,0.0,0.0,0.0,0.0,0.0,0.0,0.0,0.0,0.0,0.0,17.04,0.0,0.0,0.0,67.22,176,67.22,176
00988B,玉山嚴選非投債,上櫃ETF,0.0,0.0,0.0,0.0,0.0,0.0,0.0,0.0,0.0,0.0,0.0,0.0,0.0,19.9,0.0,0.0,0.0,0.65,16,0.65,16
00989A,主動摩根美國科技,ETF,0.0,0.0,0.0,0.0,0.0,0.0,0.0,0.0,0.0,0.0,0.0,0.0,0.0,15.72,0.0,0.0,0.0,5.53,6,5.53,6
00989B,台新美國非投等債,上櫃ETF,0.0,0.0,0.0,0.0,0.0,0.0,0.0,0.0,0.0,0.0,0.0,0.0,0.0,10.01,0.0,0.0,0.0,1.11,15,1.11,15
00990A,主動元大AI新經濟,ETF,0.0,0.0,0.0,0.0,0.0,0.0,0.0,0.0,0.0,0.0,0.0,0.0,0.0,15.88,0.0,0.0,0.0,58.17,129,58.17,129
00991A,主動復華未來50,ETF,0.0,0.0,0.0,0.0,0.0,0.0,0.0,0.0,0.0,0.0,0.0,0.0,0.0,16.8,0.0,0.0,0.0,73.91,133,73.91,133
00992A,主動群益科技創新,ETF,0.0,0.0,0.0,0.0,0.0,0.0,0.0,0.0,0.0,0.0,0.0,0.0,0.0,17.38,0.0,0.0,0.0,67.44,121,67.44,121
00993A,主動安聯台灣,ETF,0.0,0.0,0.0,0.0,0.0,0.0,0.0,0.0,0.0,0.0,0.0,0.0,0.0,12.77,0.0,0.0,0.0,29.12,86,29.12,86
00994A,主動第一金台股優,ETF,0.0,0.0,0.0,0.0,0.0,0.0,0.0,0.0,0.0,0.0,0.0,0.0,0.0,16.82,0.0,0.0,0.0,67.2,113,67.2,113
00995A,主動中信台灣卓越,ETF,0.0,0.0,0.0,0.0,0.0,0.0,0.0,0.0,0.0,0.0,0.0,0.0,0.0,16.11,0.0,0.0,0.0,58.41,98,58.41,98
00996A,主動兆豐台灣豐收,ETF,0.0,0.0,0.0,0.0,0.0,0.0,0.0,0.0,0.0,0.0,0.0,0.0,0.0,13.22,0.0,0.0,0.0,26.87,36,26.87,36
00997A,主動群益美國增長,ETF,0.0,0.0,0.0,0.0,0.0,0.0,0.0,0.0,0.0,0.0,0.0,0.0,0.0,11.15,0.0,0.0,0.0,5.45,13,5.45,13
00998A,主動復華金融股息,上櫃ETF,0.0,0.0,0.0,0.0,0.0,0.0,0.0,0.0,0.0,0.0,0.0,0.0,0.0,15.42,0.0,0.0,0.0,0.62,6,0.62,6
020000,富邦特選蘋果N,ETN,0.0,0.0,0.0,0.0,0.0,0.0,0.0,0.0,0.0,0.0,0.0,0.0,0.0,0.0,0.0,0.0,0.0,26.74,70,73.64,180
020001,富邦存股雙十N,指數投資證券(ETN),0.0,0.0,0.0,0.0,0.0,0.0,0.0,0.0,0.0,0.0,0.0,0.0,0.0,20.82,0.0,0.0,0.0,15.52,50,0.0,0
020011,統一微波高息20N,ETN,0.0,0.0,0.0,0.0,0.0,0.0,0.0,0.0,0.0,0.0,0.0,0.0,0.0,0.0,0.0,0.0,0.0,13.82,68,0.0,0
020012,富邦行動通訊N,ETN,0.0,0.0,0.0,0.0,0.0,0.0,0.0,0.0,0.0,0.0,0.0,0.0,0.0,0.0,0.0,0.0,0.0,0.0,0,29.43,131
00984D,主動聯博全球非投,ETF,0.0,0.0,0.0,0.0,0.0,0.0,0.0,0.0,0.0,0.0,0.0,0.0,0.0,10.16,0.0,0.0,0.0,1.5,85,1.5,85
02001R,富邦蘋果反一N,ETN,0.0,0.0,0.0,0.0,0.0,0.0,0.0,0.0,0.0,0.0,0.0,0.0,0.0,0.55,0.0,0.0,0.0,0.0,0,1.32,3
00984B,大華優利美A債15,上櫃ETF,0.0,0.0,0.0,0.0,0.0,0.0,0.0,0.0,0.0,0.0,0.0,0.0,0.0,16.35,0.0,0.0,0.0,12.68,163,12.68,163
00983D,主動富邦複合收益,ETF,0.0,0.0,0.0,0.0,0.0,0.0,0.0,0.0,0.0,0.0,0.0,0.0,0.0,10.14,0.0,0.0,0.0,3.18,93,3.18,93
00980A,主動野村臺灣優選,ETF,0.0,0.0,0.0,0.0,0.0,0.0,0.0,0.0,0.0,0.0,0.0,0.0,0.0,21.8,0.0,0.0,0.0,50.91,182,50.91,182
00980B,台新特選IG債10+,上櫃ETF,0.0,0.0,0.0,0.0,0.0,0.0,0.0,0.0,0.0,0.0,0.0,0.0,0.0,9.43,0.0,0.0,0.0,3.82,41,4.06,173
00980D,主動聯博投等入息,上櫃ETF,0.0,0.0,0.0,0.0,0.0,0.0,0.0,0.0,0.0,0.0,0.0,0.0,0.0,20.39,0.0,0.0,0.0,4.57,164,4.57,164
00980T,平衡凱基美國TOP,上櫃ETF,0.0,0.0,0.0,0.0,0.0,0.0,0.0,0.0,0.0,0.0,0.0,0.0,0.0,11.23,0.0,0.0,0.0,10.6,76,10.6,76
009810,玉山全球藍籌100,ETF,0.0,0.0,0.0,0.0,0.0,0.0,0.0,0.0,0.0,0.0,0.0,0.0,0.0,19.76,0.0,0.0,0.0,25.76,181,25.76,181
009811,統一美國50,ETF,0.0,0.0,0.0,0.0,0.0,0.0,0.0,0.0,0.0,0.0,0.0,0.0,0.0,12.21,0.0,0.0,0.0,16.23,168,16.23,168
009812,野村日本東證,ETF,0.0,0.0,0.0,0.0,0.0,0.0,0.0,0.0,0.0,0.0,0.0,0.0,0.0,11.53,0.0,0.0,0.0,24.72,146,24.72,146
009813,貝萊德標普卓越50,ETF,0.0,0.0,0.0,0.0,0.0,0.0,0.0,0.0,0.0,0.0,0.0,0.0,0.0,10.85,0.0,0.0,0.0,6.57,85,6.57,85
009814,富邦標普500,上櫃ETF,0.0,0.0,0.0,0.0,0.0,0.0,0.0,0.0,0.0,0.0,0.0,0.0,0.0,10.5,0.0,0.0,0.0,5.41,130,5.41,130
009815,大華美國MAG7+,上櫃ETF,0.0,0.0,0.0,0.0,0.0,0.0,0.0,0.0,0.0,0.0,0.0,0.0,0.0,10.62,0.0,0.0,0.0,4.63,92,4.63,92
009816,凱基台灣TOP50,ETF,0.0,0.0,0.0,0.0,0.0,0.0,0.0,0.0,0.0,0.0,0.0,0.0,0.0,13.05,0.0,0.0,0.0,28.24,83,28.24,83
009817,國泰日本不動產,ETF,0.0,0.0,0.0,0.0,0.0,0.0,0.0,0.0,0.0,0.0,0.0,0.0,0.0,9.24,0.0,0.0,0.0,2.11,5,2.11,5
009818,華南永昌NASDAQxT,ETF,0.0,0.0,0.0,0.0,0.0,0.0,0.0,0.0,0.0,0.0,0.0,0.0,0.0,17.45,0.0,0.0,0.0,17.77,36,17.77,36
009819,中信數據及電力,ETF,0.0,0.0,0.0,0.0,0.0,0.0,0.0,0.0,0.0,0.0,0.0,0.0,0.0,9.94,0.0,0.0,0.0,0.0,0,0.0,0
00981A,主動統一台股增長,ETF,0.0,0.0,0.0,0.0,0.0,0.0,0.0,0.0,0.0,0.0,0.0,0.0,0.0,28.28,0.0,0.0,0.0,61.27,184,61.27,184
00981B,第一金優選非投債,上櫃ETF,0.0,0.0,0.0,0.0,0.0,0.0,0.0,0.0,0.0,0.0,0.0,0.0,0.0,9.22,0.0,0.0,0.0,0.5,16,0.0,0
00981D,主動中信非投等債,上櫃ETF,0.0,0.0,0.0,0.0,0.0,0.0,0.0,0.0,0.0,0.0,0.0,0.0,0.0,10.37,0.0,0.0,0.0,6.6,78,6.6,78
00981T,平衡凱基雙核收息,ETF,0.0,0.0,0.0,0.0,0.0,0.0,0.0,0.0,0.0,0.0,0.0,0.0,0.0,11.6,0.0,0.0,0.0,15.52,154,15.52,154
009820,元大納斯達克精選,ETF,0.0,0.0,0.0,0.0,0.0,0.0,0.0,0.0,0.0,0.0,0.0,0.0,0.0,9.85,0.0,0.0,0.0,0.0,0,0.0,0
00982A,主動群益台灣強棒,ETF,0.0,0.0,0.0,0.0,0.0,0.0,0.0,0.0,0.0,0.0,0.0,0.0,0.0,21.06,0.0,0.0,0.0,46.93,165,46.93,165
00982B,FT投資級債20+,上櫃ETF,0.0,0.0,0.0,0.0,0.0,0.0,0.0,0.0,0.0,0.0,0.0,0.0,0.0,9.8,0.0,0.0,0.0,1.09,183,5.18,179
00982D,主動富邦動態入息,ETF,0.0,0.0,0.0,0.0,0.0,0.0,0.0,0.0,0.0,0.0,0.0,0.0,0.0,9.97,0.0,0.0,0.0,2.29,133,2.29,133
00982T,平衡兆豐台美動能,ETF,0.0,0.0,0.0,0.0,0.0,0.0,0.0,0.0,0.0,0.0,0.0,0.0,0.0,13.12,0.0,0.0,0.0,33.07,123,33.07,123
00983A,主動中信ARK創新,ETF,0.0,0.0,0.0,0.0,0.0,0.0,0.0,0.0,0.0,0.0,0.0,0.0,0.0,11.04,0.0,0.0,0.0,33.07,113,33.07,113
00983B,大華優利美公債20,上櫃ETF,0.0,0.0,0.0,0.0,0.0,0.0,0.0,0.0,0.0,0.0,0.0,0.0,0.0,15.69,0.0,0.0,0.0,9.77,163,9.77,163
00984A,主動安聯台灣高息,ETF,0.0,0.0,0.0,0.0,0.0,0.0,0.0,0.0,0.0,0.0,0.0,0.0,0.0,14.17,0.0,0.0,0.0,18.78,184,18.78,184
2454,聯發科,電子工業,66.17,586383033000.0,8861765649.085688,22.62,602684608993.5652,68.01,21.54,22.42,17.21,39.63,1170.45,2695.24,1464.89,2610.0,0.56,0.45,1.03,50.0,49,18.08,137
3615,安可,光電業,0.82,946237000.0,1153947560.9756098,0.23,759079224.2338371,0.66,72.43,141.82,27.73,169.55,18.3,111.9,47.81,31.85,1.5,0.57,3.51,60.8,173,15.77,122
3617,碩天,其他電子業,14.48,11943958000.0,824858977.9005525,4.67,11909584920.246025,14.44,13.21,10.29,8.8,19.09,127.07,275.66,190.8,186.5,1.02,0.68,1.48,26.49,144,0.69,73
3622,洋華,光電業,6.09,1673510000.0,274796387.52052546,1.81,1825951323.2355106,6.64,12.04,10.48,8.55,19.03,56.77,126.36,79.94,55.7,1.44,1.02,2.27,45.25,46,12.48,115
3623,富晶通,光電業,-0.16,287229000.0,0.0,0.0,341977309.2064702,0.0,0.0,0.0,0.0,0.0,0.0,0.0,0.0,23.0,0.0,0.0,0.0,7.8,132,54.96,108
3624,光頡,電子零組件業,1.86,2636913000.0,1417695161.2903225,0.68,3116738131.372474,2.2,25.11,29.76,12.23,41.99,26.91,92.38,55.25,50.8,1.09,0.53,1.82,25.29,54,52.61,178
3625,西勝,電腦及週邊設備業,-0.6,399491000.0,0.0,0.0,458503067.2661441,0.0,0.0,0.0,0.0,0.0,0.0,0.0,0.0,16.55,0.0,0.0,0.0,12.17,68,133.11,174
3628,盈正,其他電子類,4.02,3385021000.0,842045024.875622,1.35,3628532451.71137,4.31,22.98,21.35,14.57,35.92,62.8,154.82,99.05,67.9,1.46,0.92,2.28,8.02,61,135.72,179
3630,新鉅科,光電業,1.8,2218172000.0,1232317777.7777777,0.68,2847612579.362955,2.31,22.79,22.51,14.54,37.05,33.59,85.59,52.64,27.35,1.92,1.23,3.13,13.85,71,101.46,132
3611,鼎翰,電腦及週邊設備業,19.63,11503912000.0,586037289.8624555,6.42,11328300264.222778,19.33,12.69,5.71,9.4,15.11,181.7,292.08,245.26,188.5,1.3,0.96,1.55,3.29,61,6.91,40
3631,晟楠,電子零組件業,-0.7,71805000.0,0.0,0.0,14257220.362239297,0.0,0.0,0.0,0.0,0.0,0.0,0.0,0.0,38.3,0.0,0.0,0.0,10.82,124,1.21,19
3645,達邁,電子工業,1.54,2380724000.0,1545924675.3246753,0.5,2385800906.3813224,1.54,49.13,62.22,23.74,85.96,36.56,132.38,75.67,104.0,0.73,0.35,1.27,32.59,113,43.55,124
3646,艾恩特,電子零組件業,0.56,666283000.0,1189791071.4285712,0.18,670194504.2274079,0.56,26.54,29.49,17.18,46.67,9.62,26.14,14.86,23.3,0.64,0.41,1.12,1.78,4,0.51,3
3652,精聯,電子工業,1.34,2479109000.0,1850081343.283582,0.45,2573324944.636415,1.39,35.81,64.84,17.97,82.81,24.98,115.11,49.78,30.5,1.63,0.82,3.77,80.5,112,10.35,77
3653,健策,電子工業,36.76,20056537000.0,545607644.1784549,13.15,22474468140.331524,41.19,68.86,119.89,31.53,151.42,1298.72,6236.99,2836.46,5380.0,0.53,0.24,1.16,64.16,173,149.25,131
3661,世芯-KY,半導體業,69.19,34151314000.0,493587425.9286024,11.28,12701217750.566517,25.73,43.21,46.07,24.34,70.41,626.27,1811.65,1111.84,4135.0,0.27,0.15,0.44,0.0,0,87.17,105
3632,研勤,通信網路業,-0.38,268980000.0,0.0,0.0,272302659.4409357,0.0,143.26,39.41,119.09,158.5,0.0,0.0,0.0,8.78,0.0,0.0,0.0,19.62,67,0.4,14
3609,三一東林,電子零組件業,6.42,667338000.0,103946728.97196262,1.18,454245298.51891387,4.37,5.79,4.79,3.49,8.28,15.25,36.18,25.29,22.4,1.13,0.68,1.62,23.17,42,24.76,59
3607,谷崧,電子零組件業,0.02,2861541000.0,143077050000.0,0.01,2695394908.139511,0.02,161.84,749.17,25.83,775.0,0.52,15.5,3.24,14.55,0.22,0.04,1.07,40.41,137,2.3,10
3576,聯合再生,光電業,-0.76,3793481000.0,0.0,0.0,1477615403.6683311,0.0,0.0,0.0,0.0,0.0,0.0,0.0,0.0,16.0,0.0,0.0,0.0,27.2,62,2.95,19
3577,泓格,電腦及週邊設備業,2.36,1147441000.0,486203813.55932206,0.99,1432442985.9567103,2.95,39.53,45.81,23.96,69.77,70.68,205.82,116.6,87.3,1.34,0.81,2.36,30.73,151,96.83,80
3580,友威科,其他電子類,1.94,435272000.0,224367010.30927837,0.45,334996829.82576275,1.49,23.64,34.39,9.94,44.33,14.81,66.05,35.23,85.9,0.41,0.17,0.77,143.54,119,0.0,0
3581,博磊,半導體業,0.81,1472080000.0,1817382716.0493827,0.34,1927211960.2445838,1.06,416.86,2200.59,46.08,2246.67,48.84,2381.47,441.87,179.5,2.46,0.27,13.27,151.21,180,81.03,171
3583,辛耘,半導體業,13.82,11181723000.0,809097178.0028943,5.07,12722804857.855913,15.72,33.95,46.9,17.72,64.62,278.56,1015.83,533.62,792.0,0.67,0.35,1.28,45.82,159,55.09,145
3587,閎康,其他電子類,6.09,5497073000.0,902639244.6633826,2.13,6258838453.243914,6.93,26.52,47.11,13.38,60.49,92.72,419.2,183.78,331.5,0.55,0.28,1.26,0.51,64,37.42,172
3588,通嘉,半導體業,0.51,1334330000.0,2616333333.3333335,0.2,1531834368.0954878,0.59,56.74,159.68,21.54,181.22,12.71,106.92,33.47,61.2,0.55,0.21,1.75,6.98,49,11.73,138
3591,艾笛森,光電業,-0.34,2361396000.0,0.0,0.0,2229301395.4588103,0.0,75.43,288.2,16.8,305.0,0.0,0.0,0.0,23.35,0.0,0.0,0.0,34.17,63,6.08,12
3592,瑞鼎,半導體業,18.23,22500591000.0,1234261711.4646187,5.85,21063400747.26284,17.07,13.34,13.2,10.01,23.21,170.87,396.19,227.78,235.0,0.97,0.73,1.69,6.59,5,11.31,41
3593,力銘,電子工業,-0.9,1092576000.0,0.0,0.0,715293079.2696109,0.0,0.0,0.0,0.0,0.0,0.0,0.0,0.0,19.85,0.0,0.0,0.0,94.17,70,0.0,0
3594,磐儀,電腦及週邊設備業,0.5,2048586000.0,4097172000.0,0.17,2383869230.756774,0.58,63.73,106.99,26.54,133.53,15.39,77.45,36.97,52.1,0.71,0.3,1.49,25.0,71,2.29,10
3596,智易,通信網路業,12.6,52775725000.0,4188549603.1746035,4.06,53665259541.81874,12.81,15.75,10.26,11.28,21.54,144.5,275.93,201.8,159.0,1.27,0.91,1.74,0.58,4,9.91,116
3597,映興,電子零組件業,0.34,865831000.0,2546561764.705882,0.11,838689753.8011327,0.33,58.22,135.55,17.58,153.13,5.8,50.53,19.21,24.4,0.79,0.24,2.07,54.41,179,16.98,102
3605,宏致,電子工業,4.35,10859165000.0,2496359770.1149426,1.5,11620877273.7245,4.66,123.35,757.76,13.49,771.25,62.86,3594.02,574.82,87.1,6.6,0.72,41.26,49.76,174,66.0,129
3663,鑫科,其他電子類,-0.08,5546540000.0,0.0,0.0,10813703854.187754,0.0,212.7,430.47,61.67,492.14,0.0,0.0,0.0,66.4,0.0,0.0,0.0,143.93,110,23.4,83
3570,大塚,資訊服務業,13.95,2412857000.0,172964659.4982079,5.08,2306745595.346374,13.34,13.46,10.08,11.22,21.3,149.67,284.14,179.52,163.0,1.1,0.92,1.74,12.46,33,14.26,6
3664,安瑞-KY,通信網路業,-6.04,903104000.0,0.0,0.0,568245161.7455858,0.0,1209.94,2869.5,150.5,3020.0,0.0,0.0,0.0,4.88,0.0,0.0,0.0,0.0,0,8.06,10
3665,貿聯-KY,電子工業,46.62,69203806000.0,1484423123.1231232,18.52,90882878945.70511,61.22,31.22,44.41,15.79,60.2,966.66,3685.44,1911.53,2770.0,0.69,0.35,1.33,119.03,173,147.46,180
3705,永信,化學生技醫療,3.31,8374052000.0,2529925075.528701,1.01,7385759576.50348,2.92,14.76,4.63,12.35,16.98,36.06,49.58,43.09,55.6,0.78,0.65,0.89,26.67,148,4.72,6
3706,神達,電子工業,5.36,103432967000.0,19297195335.820896,2.2,136786705946.08392,7.09,21.07,19.77,13.09,32.86,92.81,232.98,149.37,81.4,1.84,1.14,2.86,10.99,20,87.15,117
3707,漢磊,半導體業,-1.97,5701058000.0,0.0,0.0,6772768966.558694,0.0,331.86,32.5,320.0,352.5,0.0,0.0,0.0,66.2,0.0,0.0,0.0,0.0,0,93.09,138
3709,鑫聯大投控,電腦及週邊設備業,7.02,40845639000.0,5818467094.017095,2.63,51389839719.107895,8.83,17.03,23.02,8.85,31.87,78.15,281.41,150.42,82.5,1.82,0.95,3.41,62.32,180,33.4,160
3710,連展投控,電子零組件業,-1.48,7029628000.0,0.0,0.0,6992777146.114755,0.0,226.45,56.25,201.25,257.5,0.0,0.0,0.0,6.99,0.0,0.0,0.0,57.28,165,12.57,108
3711,日月光投控,半導體業,9.37,639427808000.0,68242028601.92103,3.41,739508530957.9285,10.84,24.55,38.02,15.37,53.39,166.61,578.75,266.17,478.0,0.56,0.35,1.21,33.91,70,78.06,182
3712,永崴投控,電子工業,-22.85,34127144000.0,0.0,0.0,19240363656.542183,0.0,13.49,13.31,8.44,21.75,0.0,0.0,0.0,19.85,0.0,0.0,0.0,51.41,71,6.43,21
3704,合勤控,電子工業,1.56,26511091000.0,16994289102.564102,0.49,21509796994.665028,1.27,25.85,41.68,12.16,53.84,15.44,68.38,32.83,34.95,0.94,0.44,1.96,3.39,20,31.0,130
3714,富采,光電業,-3.69,22182215000.0,0.0,0.0,21034965217.21012,0.0,0.0,0.0,0.0,0.0,0.0,0.0,0.0,74.1,0.0,0.0,0.0,12.04,26,8.26,139
3715,定穎投控,電子工業,2.7,19083311000.0,7067892962.962962,1.08,23818844533.400116,3.37,24.39,67.82,9.26,77.08,31.21,259.76,82.2,174.0,0.47,0.18,1.49,20.34,146,163.28,119
3716,中化控股,化學生技醫療,2.39,8598150000.0,3597552301.25523,0.83,8447875336.465259,2.35,16.42,4.31,13.62,17.93,32.01,42.14,38.59,31.7,1.22,1.01,1.33,0.0,0,10.78,31
3717,聯嘉投控,汽車工業,0.46,2059036000.0,4476165217.391304,0.0,0.0,0.0,271.63,54.38,243.75,298.13,0.0,0.0,0.0,19.5,0.0,0.0,0.0,4.74,55,4.74,55
4102,永日,生技醫療業,-0.34,471219000.0,0.0,0.0,463619443.09855723,0.0,19.56,14.05,13.45,27.5,0.0,0.0,0.0,18.25,0.0,0.0,0.0,10.98,127,3.12,27
4104,佳醫,化學生技醫療,4.82,8784192000.0,1822446473.0290456,1.71,9385363176.197153,5.15,17.89,4.28,15.19,19.47,78.23,100.27,92.13,71.4,1.29,1.1,1.4,0.0,0,2.3,6
4105,東洋,生技醫療業,6.26,6425722000.0,1026473162.9392972,2.11,6702323340.390427,6.53,13.87,6.39,10.81,17.2,70.59,112.32,90.54,74.2,1.22,0.95,1.51,1.42,11,6.22,167
3703,欣陸,建材營造,1.79,29380981000.0,16413955865.921787,0.86,41871903527.44551,2.55,19.34,20.6,11.53,32.13,29.4,81.93,49.32,20.75,2.38,1.42,3.95,0.0,0,3.43,7
3702,大聯大,電子通路業,5.77,989365062000.0,171467081802.42636,2.39,1219801925478.0334,7.11,15.19,10.72,10.81,21.53,76.86,153.08,108.03,101.0,1.07,0.76,1.52,12.6,74,8.77,62
3666,光耀,光電業,-3.46,494144000.0,0.0,0.0,283839567.3589073,0.0,0.0,0.0,0.0,0.0,0.0,0.0,0.0,26.4,0.0,0.0,0.0,4.53,55,0.0,0
3672,康聯訊,通信網路業,-2.28,245875000.0,0.0,0.0,151312383.223929,0.0,0.0,0.0,0.0,0.0,0.0,0.0,0.0,11.95,0.0,0.0,0.0,16.91,7,0.0,0
3673,TPK-KY,光電業,2.72,62851973000.0,23107343014.70588,1.01,76529682512.29147,3.31,33.32,81.99,16.01,98.0,52.99,324.38,110.28,60.4,1.83,0.88,5.37,41.1,75,32.48,118
3675,德微,半導體業,2.66,2639156000.0,992163909.774436,0.91,2816141865.0506616,2.84,37.06,74.57,14.57,89.14,41.38,253.16,105.26,217.0,0.49,0.19,1.17,31.17,60,10.56,178
3679,新至陞,電子工業,9.77,4556910000.0,466418628.45445246,2.97,3809623988.2779183,8.17,12.17,9.97,8.19,18.16,66.91,148.37,99.39,120.0,0.83,0.56,1.24,0.0,0,4.71,40
3680,家登,半導體業,9.43,7056171000.0,748268398.7274655,3.66,8420252920.467464,11.25,43.61,42.55,23.56,66.11,265.05,743.74,490.6,537.0,0.91,0.49,1.38,47.01,158,6.18,10
3684,榮昌,通信網路業,3.5,1154111000.0,329746000.0,1.05,1238599722.7235413,3.76,22.78,28.58,12.68,41.26,47.68,155.14,85.65,58.1,1.47,0.82,2.67,10.09,20,18.12,168
3686,達能,半導體業,-0.49,82608000.0,0.0,0.0,110312700.17504376,0.0,0.0,0.0,0.0,0.0,0.0,0.0,0.0,17.2,0.0,0.0,0.0,71.06,81,32.71,180
3689,湧德,電子零組件業,7.58,5975076000.0,788268601.5831134,3.3,8038017953.547206,10.2,15.77,12.17,9.98,22.15,101.8,225.93,160.87,134.0,1.2,0.76,1.69,58.69,144,36.36,102
3691,碩禾,光電業,-7.62,5193342000.0,0.0,0.0,15185805128.643581,0.0,0.0,0.0,0.0,0.0,0.0,0.0,0.0,118.0,0.0,0.0,0.0,14.24,8,51.7,109
3693,營邦,電腦及週邊設備業,15.5,7618167000.0,491494645.16129035,4.45,5223243945.700922,10.63,15.51,38.58,8.39,46.97,89.19,499.29,164.87,668.0,0.25,0.13,0.75,36.58,64,21.37,182
3694,海華,通信網路業,4.03,11255939000.0,2793036972.7047143,1.42,14031471813.00567,5.02,19.27,17.8,13.43,31.23,67.42,156.77,96.71,60.6,1.6,1.11,2.59,26.7,25,123.18,109
3701,大眾控,電子工業,-0.38,9777674000.0,0.0,0.0,7311747961.794132,0.0,303.13,1450.39,24.61,1475.0,0.0,0.0,0.0,65.8,0.0,0.0,0.0,3.87,12,53.75,119
3567,逸昌,半導體業,1.06,282056000.0,266090566.03773585,0.33,264861766.94421676,1.0,17.54,18.53,10.43,28.96,10.43,28.96,17.54,28.05,0.63,0.37,1.03,4.09,69,1.21,33
3564,其陽,通信網路業,0.65,2484572000.0,3822418461.538461,0.22,2714088793.7265916,0.71,124.01,382.51,49.16,431.67,34.9,306.49,88.05,40.3,2.18,0.87,7.61,108.53,33,36.67,54
3563,牧德,電子工業,15.79,3177380000.0,201227359.0880304,5.43,3451621822.889004,17.15,74.59,170.41,26.44,196.85,453.45,3375.98,1279.2,873.0,1.47,0.52,3.87,0.0,0,50.29,119
3430,奇鈦科,化學工業,3.15,1678491000.0,532854285.71428573,1.27,2165627404.5628204,4.06,16.33,29.98,8.75,38.73,35.52,157.24,66.31,122.0,0.54,0.29,1.29,82.03,152,64.66,153
3432,台端,電子工業,-0.87,140540000.0,0.0,0.0,650571319.8699845,0.0,0.0,0.0,0.0,0.0,0.0,0.0,0.0,19.4,0.0,0.0,0.0,67.71,56,23.57,74
3434,哲固,光電業,0.54,690682000.0,1279040740.7407405,0.15,432676834.1701117,0.34,35.2,49.21,19.19,68.4,6.52,23.26,11.97,29.0,0.41,0.22,0.8,19.3,64,0.0,0
3437,榮創,光電業,-2.65,1654007000.0,0.0,0.0,1222170550.4061413,0.0,0.0,0.0,0.0,0.0,0.0,0.0,0.0,26.55,0.0,0.0,0.0,14.23,76,3.64,12
3438,類比科,半導體業,1.0,1012458000.0,1012458000.0,0.27,824780158.7337062,0.81,55.32,53.71,25.36,79.07,20.54,64.05,44.81,54.9,0.82,0.37,1.17,8.24,69,2.36,14
3441,聯一光,光電業,1.06,418045000.0,394382075.4716981,0.39,518163126.3784915,1.31,45.3,72.33,19.21,91.54,25.17,119.92,59.34,33.5,1.77,0.75,3.58,9.58,119,6.73,124
3443,創意,半導體業,28.13,32095619000.0,1140974724.4934235,14.19,53444669906.64224,46.84,59.3,118.31,33.13,151.44,1551.81,7093.45,2777.55,4260.0,0.65,0.36,1.67,22.18,47,54.38,172
3444,利機,電子通路業,2.14,1248999000.0,583644392.5233644,0.76,1375417882.9789608,2.36,34.1,35.22,19.41,54.63,45.81,128.93,80.49,85.3,0.94,0.54,1.51,1.69,70,18.77,122
3426,台興,電機機械,2.38,652942000.0,274345378.1512605,0.66,428733925.18614,1.56,15.06,9.79,10.79,20.58,16.83,32.1,23.49,47.65,0.49,0.35,0.67,27.23,123,0.0,0
3447,展達,通信網路業,1.59,3636320000.0,2286993710.691824,0.46,3959791376.3792796,1.73,31.66,43.36,20.56,63.92,35.57,110.58,54.78,37.4,1.46,0.95,2.96,170.82,183,60.94,126
3455,由田,光電業,2.66,1818370000.0,683597744.3609022,0.38,764507964.2452291,1.12,25.75,77.13,13.88,91.01,15.55,101.93,28.85,243.0,0.12,0.06,0.42,60.34,110,13.06,131
3466,德晉,通信網路業,-1.28,126306000.0,0.0,0.0,109799136.54713845,0.0,0.0,0.0,0.0,0.0,0.0,0.0,0.0,38.85,0.0,0.0,0.0,115.43,43,19.53,124
3467,台灣精材,半導體業,0.58,561538000.0,968168965.5172415,0.23,808609885.722112,0.84,61.81,69.99,41.91,111.9,35.2,94.0,51.92,61.3,0.85,0.57,1.53,11.0,27,47.72,55
3479,安勤,電腦及週邊設備業,6.46,8456230000.0,1309013931.8885448,2.19,9263236567.49258,7.08,14.6,6.32,12.21,18.53,86.45,131.19,103.37,90.7,1.14,0.95,1.45,1.25,42,18.33,164
3481,群創,光電業,0.03,223293940000.0,7443131333333.334,0.01,266133029027.61566,0.04,111.12,924.03,7.64,931.67,0.31,37.27,4.44,23.95,0.19,0.01,1.56,21.98,116,10.71,160
3483,力致,電腦及週邊設備業,3.75,9024891000.0,2406637600.0,1.11,9801743901.79954,4.07,19.59,15.93,11.21,27.14,45.62,110.46,79.75,92.8,0.86,0.49,1.19,40.18,50,18.14,129
3419,譁裕,電子工業,-1.79,1783148000.0,0.0,0.0,1775390736.7463565,0.0,0.0,0.0,0.0,0.0,0.0,0.0,0.0,15.1,0.0,0.0,0.0,21.75,68,1.01,12
3416,融程電,電腦及週邊設備業,7.4,3558156000.0,480831891.8918919,2.69,4322243351.499633,8.99,22.2,13.72,16.67,30.39,149.86,273.21,199.56,157.5,1.27,0.95,1.73,10.8,35,46.04,130
3346,麗清,汽車工業,0.12,8707292000.0,72560766666.66667,0.03,7181408492.01302,0.1,63.5,283.79,9.34,293.13,0.93,29.31,6.35,17.15,0.37,0.05,1.71,7.34,70,0.0,0
3349,寶德,電腦及週邊設備業,-1.04,506986000.0,0.0,0.0,289026687.0150793,0.0,0.0,0.0,0.0,0.0,0.0,0.0,0.0,25.7,0.0,0.0,0.0,39.11,85,19.77,178
3354,律勝,電子零組件業,-0.84,96893000.0,0.0,0.0,108606112.33512104,0.0,0.0,0.0,0.0,0.0,0.0,0.0,0.0,26.35,0.0,0.0,0.0,40.55,172,16.96,109
3356,奇偶,光電業,6.21,1017729000.0,163885507.2463768,2.3,1080777284.987938,6.59,12.31,19.27,5.06,24.33,33.35,160.33,81.15,54.0,1.5,0.62,2.97,39.63,33,0.0,0
3357,臺慶科,電子零組件業,10.26,6493208000.0,632866276.803119,3.74,7463265902.890604,11.79,17.45,15.54,11.05,26.59,130.28,313.5,205.73,165.0,1.25,0.79,1.9,21.16,75,67.18,174
3360,尚立,電子通路業,-0.49,6823561000.0,0.0,0.0,12354571826.181501,0.0,0.0,0.0,0.0,0.0,0.0,0.0,0.0,13.3,0.0,0.0,0.0,32.0,144,14.11,104
3362,先進光,光電業,-1.07,4303139000.0,0.0,0.0,4656513888.4959345,0.0,66.98,44.4,43.82,88.22,0.0,0.0,0.0,108.0,0.0,0.0,0.0,44.42,120,6.37,41
3363,上詮,通信網路業,0.16,1868579000.0,11678618750.0,0.04,1846909776.6391153,0.16,5298.89,8052.2,919.23,8971.43,147.08,1435.43,847.82,769.0,1.1,0.19,1.87,100.0,174,106.28,144
3372,典範,半導體業,-1.22,1065971000.0,0.0,0.0,1463408732.7234256,0.0,0.0,0.0,0.0,0.0,0.0,0.0,0.0,18.5,0.0,0.0,0.0,50.85,33,47.35,167
3373,熱映,其他電子類,-1.35,404178000.0,0.0,0.0,363230135.9626791,0.0,0.0,0.0,0.0,0.0,0.0,0.0,0.0,16.9,0.0,0.0,0.0,21.89,46,14.19,17
3374,精材,半導體業,4.99,7099998000.0,1422845290.5811622,1.82,8825177335.660004,6.2,30.63,29.16,18.21,47.37,112.9,293.69,189.92,200.5,0.95,0.56,1.46,139.48,119,14.71,56
3376,新日興,電子工業,1.66,10913580000.0,6574445783.13253,0.49,9094109324.20732,1.38,48.79,113.21,24.21,137.42,33.41,189.64,67.33,204.0,0.33,0.16,0.93,59.0,42,36.43,119
3379,彬台,電機機械,2.12,1905887000.0,899003301.8867924,0.6,1850695862.8258703,2.06,46.13,81.15,15.52,96.67,31.97,199.14,95.03,38.8,2.45,0.82,5.13,231.01,76,20.42,33
3380,明泰,通信網路業,-0.36,21928876000.0,0.0,0.0,26092860526.100174,0.0,104.83,302.11,32.33,334.44,0.0,0.0,0.0,33.6,0.0,0.0,0.0,14.22,77,24.91,181
3388,崇越電,電子零組件業,4.16,7300872000.0,1755017307.6923077,1.51,8227212335.455037,4.69,17.04,14.44,14.6,29.04,68.47,136.2,79.9,114.5,0.7,0.6,1.19,2.81,13,0.31,19
3390,旭軟,電子零組件業,-0.51,787157000.0,0.0,0.0,851919961.565528,0.0,22.62,17.67,13.83,31.5,0.0,0.0,0.0,25.35,0.0,0.0,0.0,36.26,120,1.5,171
3402,漢科,其他電子類,7.5,5235312000.0,698041600.0,2.61,5679667339.370316,8.14,15.96,10.77,10.44,21.21,84.98,172.65,129.92,129.0,1.01,0.66,1.34,17.12,64,70.47,124
3406,玉晶光,光電業,32.84,23805806000.0,724902740.5602922,12.1,30837423575.355007,42.54,13.14,11.54,7.86,19.4,334.36,825.28,558.85,509.0,1.1,0.66,1.62,54.29,54,22.35,117
3413,京鼎,半導體業,21.44,20785570000.0,969476212.6865671,7.43,23194805271.52268,23.93,13.57,9.61,8.59,18.2,205.56,435.53,324.61,309.5,1.05,0.66,1.41,36.6,64,33.21,182
3484,崧騰,電子零組件業,4.26,4654211000.0,1092537793.4272301,1.34,4431457356.799836,4.06,13.87,23.77,9.71,33.48,39.42,135.93,56.3,44.7,1.26,0.88,3.04,32.16,140,13.8,118
3489,森寶,建材營造,-0.09,747131000.0,0.0,0.0,1155692546.822592,0.0,323.19,215.0,241.67,456.67,0.0,0.0,0.0,22.1,0.0,0.0,0.0,40.51,91,4.37,17
3490,單井,光電業,0.05,267156000.0,5343120000.0,0.01,231597351.52022445,0.04,78.13,607.03,10.97,618.0,0.44,24.72,3.13,30.5,0.1,0.01,0.81,50.49,67,10.55,180
3531,先益,光電業,0.3,1341667000.0,4472223333.333334,0.08,983150857.8698419,0.22,32.03,70.15,8.35,78.5,1.84,17.27,7.05,22.65,0.31,0.08,0.76,5.95,57,1.02,10
3532,台勝科,半導體業,1.57,12293039000.0,7829961146.496815,0.57,13399138619.18431,1.71,39.52,104.76,18.02,122.78,30.81,209.95,67.58,189.0,0.36,0.16,1.11,6.94,64,54.09,143
3533,嘉澤,電子工業,70.15,33055352000.0,471209579.47255874,27.43,40681667537.95509,86.33,22.4,25.83,12.74,38.57,1099.84,3329.75,1934.13,2615.0,0.74,0.42,1.27,24.82,176,29.55,138
3535,晶彩科,光電業,-1.06,383417000.0,0.0,0.0,2668223871.929884,0.0,110.26,169.1,39.69,208.79,0.0,0.0,0.0,128.5,0.0,0.0,0.0,254.68,90,145.26,144
3537,堡達,電子零組件業,2.51,2863383000.0,1140790039.8406374,0.86,3208317361.542556,2.81,19.0,29.12,9.69,38.81,27.23,109.06,53.38,42.85,1.25,0.64,2.55,84.29,67,25.3,180
3540,曜越,電腦及週邊設備業,0.74,5104074000.0,6897397297.2972975,0.24,5053813031.572248,0.73,124.4,268.49,29.43,297.92,21.48,217.48,90.81,27.85,3.26,0.77,7.81,27.68,33,38.25,133
3541,西柏,其他電子類,-0.83,1067915000.0,0.0,0.0,1074316176.3397431,0.0,0.0,0.0,0.0,0.0,0.0,0.0,0.0,23.45,0.0,0.0,0.0,30.66,70,14.29,82
3543,州巧,光電業,-2.24,3253705000.0,0.0,0.0,3134199169.590886,0.0,38.62,29.14,25.19,54.33,0.0,0.0,0.0,41.2,0.0,0.0,0.0,1.87,144,162.43,181
3545,敦泰,半導體業,-4.64,12323034000.0,0.0,0.0,9735173910.241983,0.0,31.65,32.46,19.46,51.92,0.0,0.0,0.0,50.1,0.0,0.0,0.0,9.07,26,10.92,140
3546,宇峻,文化創意業,2.06,1333509000.0,647334466.0194174,1.14,2067205197.7686715,3.19,22.58,23.43,13.63,37.06,43.48,118.22,72.04,70.9,1.02,0.61,1.67,15.1,62,26.21,6
3548,兆利,電子零組件業,2.24,9772727000.0,4362824553.571428,0.56,6362836676.095388,1.46,21.47,39.71,12.31,52.02,17.97,75.95,31.35,101.0,0.31,0.18,0.75,0.0,0,7.6,48
3550,聯穎,電子工業,-1.19,3529210000.0,0.0,0.0,4089838001.044153,0.0,0.0,0.0,0.0,0.0,0.0,0.0,0.0,21.3,0.0,0.0,0.0,98.31,145,22.05,119
3552,同致,其他電子類,0.68,8535131000.0,12551663235.294117,0.2,7395557290.516584,0.59,60.7,107.69,17.72,125.41,10.45,73.99,35.81,54.8,0.65,0.19,1.35,7.69,28,7.18,182
3555,博士旺,半導體業,1.19,249976000.0,210063865.54621848,1.52,4119447857.3200994,19.61,132.35,169.51,34.01,203.52,666.94,3991.03,2595.43,248.0,10.47,2.69,16.09,11.53,68,182.5,178
3556,禾瑞亞,半導體業,2.15,961949000.0,447418139.53488374,0.87,1150041871.2239301,2.57,49.24,99.66,14.89,114.55,38.27,294.39,126.56,50.4,2.51,0.76,5.84,4.87,48,0.91,6
3558,神準,通信網路業,5.2,15050049000.0,2894240192.307692,1.49,12330966405.05934,4.26,26.36,42.18,10.05,52.23,42.81,222.5,112.28,107.5,1.04,0.4,2.07,8.86,50,12.75,12
3530,晶相光,電子工業,1.74,1759670000.0,1011304597.7011495,0.75,2797074829.3240495,2.77,34.8,7.41,31.61,39.02,87.56,108.09,96.41,64.6,1.49,1.36,1.67,19.66,49,16.67,143
4106,雃博,化學生技醫療,1.19,2395767000.0,2013249579.8319328,0.4,2506841934.095124,1.25,21.36,12.18,15.77,27.95,19.71,34.94,26.7,22.3,1.2,0.88,1.57,3.74,64,2.19,21
3528,安馳,電子通路業,2.3,8386277000.0,3646207391.304348,1.24,17483938261.05266,4.8,45.42,190.38,12.41,202.79,59.57,973.39,218.02,79.9,2.73,0.75,12.18,16.29,112,10.0,102
3491,昇達科,通信網路業,7.85,2363136000.0,301036433.1210191,4.45,3720356117.8571887,12.36,77.92,216.61,33.75,250.36,417.15,3094.45,963.12,1550.0,0.62,0.27,2.0,78.09,123,23.88,160
3492,長盛,電子零組件業,1.77,867190000.0,489937853.1073446,0.55,755280488.5134633,1.54,17.64,23.25,11.4,34.65,17.56,53.36,27.17,22.55,1.2,0.78,2.37,81.41,67,28.94,24
3494,誠研,電子工業,-1.84,914747000.0,0.0,0.0,1126731250.1711707,0.0,0.0,0.0,0.0,0.0,0.0,0.0,0.0,7.75,0.0,0.0,0.0,64.31,85,4.3,24
3498,陽程,其他電子類,0.48,1264390000.0,2634145833.3333335,0.18,2052775067.3774924,0.78,163.35,39.17,143.54,182.71,111.96,142.51,127.42,87.7,1.45,1.28,1.62,130.84,173,48.59,109
3499,環天科,通信網路業,-1.3,369441000.0,0.0,0.0,272344343.6997471,0.0,776.74,315.0,625.0,940.0,0.0,0.0,0.0,15.5,0.0,0.0,0.0,36.86,159,4.18,110
3501,維熹,電子工業,2.99,5576047000.0,1864898662.2073576,0.9,4883187480.685113,2.62,11.81,8.37,8.01,16.38,20.99,42.92,30.95,46.85,0.66,0.45,0.92,29.94,57,2.57,55
3504,揚明光,光電業,-0.08,2687814000.0,0.0,0.0,2794295612.566132,0.0,134.69,31.13,118.63,149.76,0.0,0.0,0.0,63.3,0.0,0.0,0.0,16.55,54,38.39,143
3508,位速,其他電子類,-1.51,815255000.0,0.0,0.0,851891354.1440475,0.0,0.0,0.0,0.0,0.0,0.0,0.0,0.0,22.85,0.0,0.0,0.0,32.38,50,40.05,117
3511,矽瑪,電子零組件業,-1.19,1766342000.0,0.0,0.0,1741947228.930378,0.0,0.0,0.0,0.0,0.0,0.0,0.0,0.0,22.85,0.0,0.0,0.0,43.35,159,2.75,12
3515,華擎,電子工業,15.28,46660001000.0,3053664986.910995,5.64,61288385378.59632,20.07,20.67,13.9,13.15,27.05,263.92,542.89,414.85,235.5,1.76,1.12,2.31,8.02,32,88.02,180
3516,亞帝歐,光電業,0.26,1043045000.0,4011711538.4615383,0.1,1263168332.8614738,0.31,94.3,116.7,47.92,164.62,14.86,51.03,29.23,20.4,1.43,0.73,2.5,30.42,174,0.0,0
3518,柏騰,其他電子業,-1.56,317765000.0,0.0,0.0,286435118.1397113,0.0,0.0,0.0,0.0,0.0,0.0,0.0,0.0,32.8,0.0,0.0,0.0,50.0,112,39.66,139
3520,華盈,電子零組件業,-0.09,1224116000.0,0.0,0.0,1385839344.6396384,0.0,131.36,282.16,40.34,322.5,0.0,0.0,0.0,14.7,0.0,0.0,0.0,49.42,63,33.45,181
3523,迎輝,光電業,-1.45,106915000.0,0.0,0.0,51870424.68581143,0.0,0.0,0.0,0.0,0.0,0.0,0.0,0.0,12.7,0.0,0.0,0.0,47.36,127,8.16,10
3526,凡甲,電子零組件業,16.98,3869677000.0,227896171.96702,6.57,4581343141.577423,20.1,16.1,7.28,12.75,20.03,256.28,402.6,323.56,330.0,0.98,0.78,1.22,25.93,176,6.84,102
3527,聚積,半導體業,-1.83,1479934000.0,0.0,0.0,1272046419.93313,0.0,795.58,1821.35,100.65,1922.0,0.0,0.0,0.0,57.8,0.0,0.0,0.0,1.8,27,17.99,56
3529,力旺,半導體業,25.6,3895918000.0,152184296.875,7.71,4403792872.851214,28.94,104.97,112.16,59.72,171.88,1728.3,4974.21,3037.72,3895.0,0.78,0.44,1.28,46.98,174,2.16,3
4107,邦特,生技醫療業,7.77,2104303000.0,270824066.92406696,2.72,2287744776.0241046,8.45,16.72,6.11,13.78,19.89,116.44,168.07,141.31,115.5,1.22,1.01,1.46,18.03,105,0.79,10
4108,懷特,化學生技醫療,-0.28,139964000.0,0.0,0.0,135534620.21876335,0.0,0.0,0.0,0.0,0.0,0.0,0.0,0.0,12.25,0.0,0.0,0.0,3.24,67,29.59,130
4583,台灣精銳,電機機械,12.0,2985176000.0,248764666.66666666,4.45,3154214576.0620117,12.68,51.89,56.25,19.35,75.6,245.36,958.61,658.02,764.0,0.86,0.32,1.25,231.49,173,25.18,40
4584,君帆,電機機械,3.43,1326004000.0,386590087.4635568,0.93,1013564784.2918328,2.62,15.62,9.93,11.81,21.74,30.94,56.96,40.93,41.0,1.0,0.75,1.39,7.01,68,8.07,24
4585,達明,其他電子業,1.46,731904000.0,501304109.5890411,0.0,0.0,0.0,367.71,299.33,219.62,518.95,0.0,0.0,0.0,312.5,0.0,0.0,0.0,18.42,98,166.67,119
4588,玖鼎電力,其他電子業,3.2,896078000.0,280024375.0,1.35,1173044625.8526046,4.19,21.8,20.88,13.82,34.7,57.91,145.39,91.33,59.5,1.53,0.97,2.44,7.17,69,8.5,3
4590,富田-創,創新板股票,2.72,84263000.0,30979044.117647056,0.0,0.0,0.0,4579.55,9133.54,26.46,9160.0,0.0,0.0,0.0,74.3,0.0,0.0,0.0,27.52,64,38.24,20
4581,光隆精密-KY,汽車工業,4.73,1072763000.0,226799788.5835095,1.63,1104636719.3922622,4.87,10.43,3.77,8.4,12.17,40.91,59.27,50.79,49.5,1.03,0.83,1.2,3.88,11,10.58,12
4706,大恭,化學工業,0.35,1092365000.0,3121042857.1428576,0.13,1218609071.4191618,0.39,85.09,383.65,27.78,411.43,10.83,160.46,33.19,32.7,1.01,0.33,4.91,34.71,75,3.61,3
4707,磐亞,化學工業,0.89,1382798000.0,1553705617.977528,0.25,1192469208.8670323,0.77,13.38,8.95,9.53,18.48,7.34,14.23,10.3,15.2,0.68,0.48,0.94,21.71,112,3.76,10
4711,永純,化學工業,0.15,721056000.0,4807040000.0,0.05,774984013.9229596,0.16,235.28,399.75,56.5,456.25,9.04,73.0,37.64,15.8,2.38,0.57,4.62,21.76,119,25.0,152
4714,永捷,化學工業,-0.54,1423308000.0,0.0,0.0,2835987392.329639,0.0,51.47,149.3,16.77,166.07,0.0,0.0,0.0,14.8,0.0,0.0,0.0,1.29,26,33.64,144
4716,大立,化學工業,-0.88,541346000.0,0.0,0.0,511327648.296279,0.0,69.25,199.41,15.59,215.0,0.0,0.0,0.0,14.85,0.0,0.0,0.0,81.75,174,7.51,151
4720,德淵,化學工業,0.74,3617724000.0,4888816216.216216,0.26,3624572612.862325,0.74,16.58,28.03,10.28,38.31,7.61,28.35,12.27,26.4,0.46,0.29,1.07,43.39,77,4.18,10
4721,美琪瑪,化學工業,3.01,2547493000.0,846343189.3687708,1.07,3600792400.300695,4.25,28.05,52.98,13.17,66.15,55.97,281.14,119.21,83.5,1.43,0.67,3.37,17.81,64,68.35,83
4722,國精化,化學工業,2.01,3818702000.0,1899851741.2935326,0.62,3461448026.844391,1.82,50.15,128.34,16.59,144.93,30.19,263.77,91.27,185.0,0.49,0.16,1.43,31.35,62,290.0,154
4580,捷流閥業,電機機械,5.0,2288106000.0,457621200.0,1.67,2343262551.943942,5.12,12.52,7.63,8.94,16.57,45.77,84.84,64.11,79.6,0.81,0.58,1.07,14.27,46,12.2,136
4577,達航科技,其他電子類,-0.74,728121000.0,0.0,0.0,1025190625.1886929,0.0,0.0,0.0,0.0,0.0,0.0,0.0,0.0,165.0,0.0,0.0,0.0,47.29,176,100.99,108
4576,大銀微系統,電機機械,2.01,2671021000.0,1328866169.154229,0.85,3678109313.6066523,2.77,286.28,1871.02,53.98,1925.0,149.52,5332.25,793.01,222.0,3.57,0.67,24.02,107.42,179,18.99,12
4549,桓達,電機機械,3.34,1266495000.0,379190119.76047903,0.94,1089528949.0399067,2.87,30.72,30.47,19.53,50.0,56.05,143.5,88.16,99.5,0.89,0.56,1.44,113.91,46,24.59,54
4550,長佳,電機機械,1.34,907487000.0,677229104.4776119,0.52,1015529535.4525944,1.5,10.63,11.13,7.83,18.96,11.74,28.44,15.94,24.15,0.66,0.49,1.18,5.91,27,1.03,7
4551,智伸科,汽車工業,6.04,7704684000.0,1275609933.7748344,2.36,8822615492.27439,6.92,19.76,19.47,9.6,29.07,66.43,201.16,136.72,134.0,1.02,0.5,1.5,43.0,133,85.75,105
4552,力達-KY,電機機械,2.07,3459013000.0,1671020772.94686,0.61,3207908347.7775903,1.92,12.24,12.05,7.82,19.87,15.01,38.15,23.51,20.0,1.18,0.75,1.91,1.15,4,22.2,24
4554,橙的,其他電子類,2.15,496777000.0,231059069.76744187,0.65,488903754.88382465,2.12,18.2,28.16,12.0,40.16,25.44,85.14,38.58,29.9,1.29,0.85,2.85,12.48,67,67.8,19
4555,氣立,電機機械,0.19,1588876000.0,8362505263.157895,0.07,1694144391.8285706,0.2,189.8,31.25,174.0,205.25,34.8,41.05,37.96,40.35,0.94,0.86,1.02,2.99,11,38.04,122
4556,旭然,其他,0.92,674327000.0,732964130.4347826,0.31,764750363.5920105,1.04,159.87,441.8,28.91,470.71,30.07,489.54,166.26,35.8,4.64,0.84,13.67,9.51,81,2.84,3
4557,永新-KY,汽車工業,-0.34,4059621000.0,0.0,0.0,3044380080.6528225,0.0,49.19,259.7,6.97,266.67,0.0,0.0,0.0,49.95,0.0,0.0,0.0,17.7,176,3.23,19
4558,寶緯,電機機械,-0.39,1558915000.0,0.0,0.0,1206556994.7455587,0.0,202.8,3592.71,22.29,3615.0,0.0,0.0,0.0,19.3,0.0,0.0,0.0,25.24,181,15.97,97
4560,強信-KY,電機機械,3.02,1718464000.0,569027814.5695364,1.07,1757767661.9058597,3.09,18.56,24.67,10.71,35.38,33.09,109.32,57.36,36.3,1.58,0.91,3.01,1.74,25,25.76,32
4561,健椿,電機機械,0.66,945579000.0,1432695454.5454545,0.2,937543965.015637,0.65,28.11,60.13,11.93,72.06,7.75,46.84,18.27,38.1,0.48,0.2,1.23,142.63,124,3.34,17
4562,穎漢,電機機械,-1.28,747282000.0,0.0,0.0,623053892.4192172,0.0,0.0,0.0,0.0,0.0,0.0,0.0,0.0,35.85,0.0,0.0,0.0,332.43,109,13.35,39
4563,百德,電機機械,-2.67,2857967000.0,0.0,0.0,2214285772.9386272,0.0,26.96,34.51,14.7,49.21,0.0,0.0,0.0,50.6,0.0,0.0,0.0,173.49,158,0.13,13
4564,元翎,電機機械,-1.85,1136277000.0,0.0,0.0,760800454.3988074,0.0,0.0,0.0,0.0,0.0,0.0,0.0,0.0,18.2,0.0,0.0,0.0,24.56,92,12.47,132
4566,時碩工業,電機機械,1.35,4950351000.0,3666926666.6666665,0.48,5340543604.804252,1.46,41.85,94.59,14.18,108.77,20.7,158.8,61.1,67.2,0.91,0.31,2.36,122.22,78,7.62,119
4568,科際精密,電機機械,2.01,1210528000.0,602252736.318408,0.65,1152695138.7727506,1.91,22.78,37.11,13.27,50.38,25.35,96.23,43.51,0.0,0.0,0.0,0.0,9.96,67,6.95,54
4569,六方科-KY,汽車工業,4.13,1790506000.0,433536561.7433414,1.47,1969691064.7060246,4.54,30.06,38.76,14.66,53.42,66.56,242.53,136.47,184.0,0.74,0.36,1.32,0.0,0,50.35,108
4571,鈞興-KY,電機機械,9.61,3094943000.0,322054422.4765869,3.21,2818726755.274414,8.75,19.87,21.25,13.02,34.27,113.92,299.86,173.9,178.5,0.97,0.64,1.68,100.43,152,33.22,110
4572,駐龍,電機機械,3.02,675919000.0,223814238.410596,1.05,693220881.9113431,3.1,29.79,29.27,20.4,49.67,63.24,153.98,92.34,144.5,0.64,0.44,1.07,5.47,61,8.88,17
4726,永昕,生技醫療業,-2.17,662586000.0,0.0,0.0,1253176073.583045,0.0,0.0,0.0,0.0,0.0,0.0,0.0,0.0,29.25,0.0,0.0,0.0,41.85,55,18.5,40
4728,雙美,生技醫療業,13.32,1996037000.0,149852627.6276276,4.96,2111789937.4874668,14.09,27.06,20.34,19.32,39.66,272.22,558.81,381.33,0.0,0.0,0.0,0.0,50.33,49,0.0,0
4729,熒茂,光電業,0.17,1096405000.0,6449441176.470588,0.05,956564159.4031851,0.15,308.56,1690.45,29.55,1720.0,4.43,258.0,46.28,19.7,2.35,0.22,13.1,99.15,172,24.31,118
4770,上品,化學工業,10.2,4769392000.0,467587450.9803922,3.26,4929244921.636704,10.54,16.65,16.19,9.25,25.44,97.49,268.14,175.45,221.5,0.79,0.44,1.21,4.25,63,28.63,129
4771,望隼,化學生技醫療,12.71,3422496000.0,269275845.79071593,4.9,4367020506.313873,16.22,17.71,19.21,13.31,32.52,215.89,527.47,287.22,188.5,1.52,1.15,2.8,0.0,0,4.39,20
4772,台特化,化學工業,4.21,1762870000.0,418733966.74584323,2.8,6739734231.339997,16.1,83.85,55.68,57.48,113.16,925.43,1821.88,1350.06,308.0,4.38,3.0,5.92,10.06,141,90.06,167
4806,桂田文創,文化創意業,-0.19,84386000.0,0.0,0.0,157034295.07419804,0.0,0.0,0.0,0.0,0.0,0.0,0.0,0.0,10.3,0.0,0.0,0.0,22.83,77,72.22,158
4807,日成-KY,貿易百貨,-0.24,2110985000.0,0.0,0.0,2455353370.814667,0.0,447.02,52.5,412.5,465.0,0.0,0.0,0.0,20.75,0.0,0.0,0.0,82.32,183,0.54,3
4903,聯光通,通信網路業,1.02,1463911000.0,1435206862.745098,0.31,1635612688.7596028,1.14,118.86,467.36,21.93,489.29,25.0,557.79,135.5,45.25,2.99,0.55,12.33,223.81,167,27.26,105
4904,遠傳,通信網路業,3.82,108996963000.0,28533236387.434555,1.37,118408229100.80804,4.15,25.38,6.81,22.11,28.92,91.76,120.02,105.33,94.5,1.11,0.97,1.27,15.25,141,9.36,174
4905,台聯電,通信網路業,2.76,720894000.0,261193478.2608696,1.07,934178559.5491674,3.58,27.8,27.04,16.05,43.09,57.46,154.26,99.52,78.1,1.27,0.74,1.98,16.51,8,4.3,98
4906,正文,通信網路業,-0.25,17213421000.0,0.0,0.0,10629617535.217266,0.0,27.09,30.34,14.9,45.24,0.0,0.0,0.0,34.3,0.0,0.0,0.0,37.95,75,0.0,0
4907,富宇,建材營造,1.24,3212506000.0,2590730645.16129,0.39,1751410312.6628764,0.68,16.5,36.85,5.8,42.65,3.94,29.0,11.22,37.85,0.3,0.1,0.77,55.15,91,5.46,21
4908,前鼎,通信網路業,1.97,859504000.0,436296446.70050764,0.75,882041385.4700828,2.02,36.0,86.8,21.28,108.08,42.99,218.32,72.72,214.0,0.34,0.2,1.02,16.78,166,27.02,104
4909,新復興,通信網路業,-1.25,444305000.0,0.0,0.0,106863256.773007,0.0,59.25,284.18,6.65,290.83,0.0,0.0,0.0,54.8,0.0,0.0,0.0,134.17,151,0.0,0
4911,德英,生技醫療業,2.22,310711000.0,139959909.9099099,0.39,163601242.7711938,1.17,29.72,31.08,15.0,46.08,17.55,53.91,34.77,34.55,1.01,0.51,1.56,2.67,63,0.89,14
4912,聯德控股-KY,電子工業,2.03,6305207000.0,3106013300.492611,0.75,6991901824.901426,2.25,19.22,37.67,11.29,48.96,25.4,110.16,43.25,81.7,0.53,0.31,1.35,5.43,20,1.19,12
4915,致伸,電子工業,5.71,59308761000.0,10386823292.469353,2.0,65703596509.269485,6.33,14.66,9.92,11.07,20.99,70.07,132.87,92.78,73.3,1.27,0.96,1.81,20.51,47,9.84,180
4916,事欣科,電子工業,1.77,3495648000.0,1974942372.881356,0.74,4438503984.656128,2.25,291.85,2334.21,28.29,2362.5,63.65,5315.62,656.66,61.6,10.66,1.03,86.29,13.79,81,56.95,108
4919,新唐,半導體業,-3.97,30608546000.0,0.0,0.0,29229806566.10188,0.0,256.24,1066.3,19.41,1085.71,0.0,0.0,0.0,147.5,0.0,0.0,0.0,0.38,56,10.47,41
4768,晶呈科技,化學工業,0.39,1033185000.0,2649192307.6923075,0.27,2895407265.4304276,1.09,284.21,1346.52,32.97,1379.49,35.94,1503.64,309.79,497.0,0.62,0.07,3.03,4.08,4,126.27,171
4767,誠泰科技,化學工業,1.25,1012731000.0,810184800.0,0.39,868676143.3170383,1.07,14.4,13.68,8.82,22.5,9.44,24.08,15.41,26.7,0.58,0.35,0.9,38.87,118,2.84,3
4766,南寶,化學工業,20.26,23192505000.0,1144743583.4155972,6.85,24082636237.335537,21.04,15.62,7.76,12.67,20.43,266.58,429.85,328.56,358.5,0.92,0.74,1.2,10.06,18,25.46,124
4735,豪展,生技醫療業,2.43,899326000.0,370093004.1152263,0.86,1077744535.8045304,2.91,49.59,117.06,12.2,129.26,35.5,376.15,144.3,30.0,4.81,1.18,12.54,34.7,127,19.01,41
4736,泰博,化學生技醫療,15.12,4180025000.0,276456679.8941799,5.36,4553960090.298564,16.47,13.14,10.9,7.87,18.77,129.62,309.14,216.47,125.0,1.73,1.04,2.47,10.9,47,8.18,31
4737,華廣,化學生技醫療,-2.72,1820339000.0,0.0,0.0,1651364796.2289667,0.0,627.62,143.91,579.09,723.0,0.0,0.0,0.0,62.1,0.0,0.0,0.0,5.86,5,38.89,35
4739,康普,化學工業,1.56,5867643000.0,3761309615.3846154,0.8,12826510116.9537,3.41,225.85,1195.95,27.38,1223.33,93.37,4171.56,770.15,84.8,9.08,1.1,49.19,13.62,62,61.01,147
4741,泓瀚,化學工業,0.29,482051000.0,1662244827.586207,0.1,509931343.99034935,0.31,32.36,200.36,11.71,212.07,3.63,65.74,10.03,52.6,0.19,0.07,1.25,48.28,127,1.65,34
4743,合一,生技醫療業,-2.18,109851000.0,0.0,0.0,202000862.51880214,0.0,0.0,0.0,0.0,0.0,0.0,0.0,0.0,53.2,0.0,0.0,0.0,15.58,81,28.48,123
4744,皇將,生技醫療業,2.5,1404494000.0,561797600.0,1.07,1432069790.5123904,2.55,34.33,99.26,12.41,111.67,31.65,284.76,87.54,33.05,2.65,0.96,8.62,5.04,62,65.72,130
4745,合富-KY,生技醫療業,-3.17,3136317000.0,0.0,0.0,2547427957.0132575,0.0,510.64,1997.36,32.64,2030.0,0.0,0.0,0.0,19.55,0.0,0.0,0.0,5.74,155,0.0,0
4746,台耀,化學生技醫療,3.68,4864147000.0,1321779076.0869565,1.2,4596808813.949316,3.48,58.52,232.79,13.95,246.74,48.55,858.66,203.63,54.1,3.76,0.9,15.87,11.82,76,17.84,34
4747,強生,生技醫療業,1.19,566185000.0,475785714.2857143,0.41,576075051.2487367,1.21,38.3,17.81,30.21,48.02,36.55,58.1,46.34,55.0,0.84,0.66,1.06,1.19,1,5.48,143
4749,新應材,半導體業,11.32,4226168000.0,373336395.7597173,4.3,5285982790.476888,14.16,80.99,61.73,43.12,104.85,610.58,1484.68,1146.85,1005.0,1.14,0.61,1.48,29.34,183,103.28,167
4754,國碳科,化學工業,2.87,622838000.0,217016724.73867595,0.94,524652004.53286326,2.42,14.62,7.67,12.86,20.53,31.12,49.68,35.38,37.05,0.95,0.84,1.34,15.64,14,3.83,6
4755,三福化,化學工業,3.7,4835643000.0,1306930540.5405405,1.19,4754494712.928378,3.64,31.17,25.62,20.2,45.82,73.53,166.78,113.46,149.0,0.76,0.49,1.12,8.13,67,28.16,144
4760,勤凱,其他電子類,7.17,1827244000.0,254845746.16457462,3.23,2843872605.2627597,11.16,25.54,26.05,12.25,38.3,136.71,427.43,285.02,241.0,1.18,0.57,1.77,38.6,26,86.6,118
4763,材料*-KY,化學工業,24.57,13615644000.0,554157264.9572649,7.01,9261397207.129213,16.71,9.49,9.56,5.4,14.96,90.23,249.98,158.51,42.3,3.75,2.13,5.91,19.88,124,16.77,34
4764,雙鍵,化學工業,1.21,2876719000.0,2377453719.0082645,0.46,3283837083.94634,1.38,139.88,154.51,56.97,211.48,78.62,291.84,193.03,258.0,0.75,0.3,1.13,39.8,166,89.41,179
3339,泰谷,光電業,-2.02,793716000.0,0.0,0.0,1222976965.7671576,0.0,132.33,105.27,85.64,190.91,0.0,0.0,0.0,54.8,0.0,0.0,0.0,32.64,47,18.27,34
4545,銘鈺,電子零組件業,0.18,2391456000.0,13285866666.666668,0.06,2183051989.935314,0.16,92.3,412.88,11.62,424.5,1.86,67.92,14.77,30.2,0.49,0.06,2.25,132.44,175,23.9,6
4153,鈺緯,生技醫療業,1.53,856515000.0,559813725.4901961,0.57,939040991.3536077,1.68,26.63,21.6,19.74,41.34,33.16,69.45,44.73,30.6,1.46,1.08,2.27,36.9,139,3.57,35
4155,訊映,化學生技醫療,0.58,1624178000.0,2800306896.5517244,0.17,1353620561.339888,0.48,103.54,1340.31,22.19,1362.5,10.65,654.0,49.7,13.0,3.82,0.82,50.31,0.0,0,0.0,0
4157,太景*-KY,生技醫療業,0.06,39059000.0,650983333.3333334,0.36,640466396.7086835,0.98,69.74,152.8,39.7,192.5,38.91,188.65,68.35,10.0,6.83,3.89,18.87,3.3,18,0.0,0
4160,訊聯基因,生技醫療業,0.81,583563000.0,720448148.1481481,0.32,657100234.0954127,0.91,54.08,88.23,23.17,111.4,21.08,101.37,49.22,43.7,1.13,0.48,2.32,167.82,77,4.2,87
4161,聿新科,生技醫療業,1.27,843016000.0,663792125.984252,0.45,912513892.0547012,1.37,18.99,11.41,13.87,25.28,19.0,34.63,26.02,23.5,1.11,0.81,1.47,6.03,158,0.0,0
4162,智擎,生技醫療業,2.69,2517404000.0,935837918.2156134,0.5,582098375.05969,0.62,22.04,48.43,5.01,53.44,3.11,33.13,13.67,54.9,0.25,0.06,0.6,10.64,183,3.12,20
4163,鐿鈦,生技醫療業,5.13,2386847000.0,465272319.68810916,1.78,2473393537.228921,5.32,21.93,11.35,16.67,28.02,88.68,149.07,116.66,99.0,1.18,0.9,1.51,5.51,64,3.74,52
4164,承業醫,化學生技醫療,0.98,4406696000.0,4496628571.428572,0.36,4842018107.756733,1.08,35.85,33.24,20.34,53.58,21.97,57.87,38.71,29.05,1.33,0.76,1.99,0.0,0,20.65,118
4148,全宇生技-KY,生技醫療業,2.31,2922708000.0,1265241558.4415584,0.64,2975336509.25755,2.35,24.03,19.33,16.12,35.45,37.88,83.31,56.46,36.8,1.53,1.03,2.26,1.54,181,2.24,24
4167,松瑞藥,生技醫療業,1.72,1139892000.0,662727906.9767442,0.53,1251527693.580365,1.89,35.07,244.78,10.78,255.56,20.37,483.01,66.29,18.95,3.5,1.07,25.49,21.58,60,10.83,31
4168,醣聯,生技醫療業,-2.16,33600000.0,0.0,0.0,40328821.47024504,0.0,0.0,0.0,0.0,0.0,0.0,0.0,0.0,24.0,0.0,0.0,0.0,22.73,67,64.59,47
4169,泰宗,化學生技醫療,0.32,0.0,0.0,0.0,0.0,0.0,507.08,98.43,453.13,551.56,0.0,0.0,0.0,161.5,0.0,0.0,0.0,12.68,160,224.66,178
4171,瑞基,農業科技業,-1.94,221826000.0,0.0,0.0,254895986.909576,0.0,0.0,0.0,0.0,0.0,0.0,0.0,0.0,19.2,0.0,0.0,0.0,15.24,60,31.71,32
4173,久裕,生技醫療業,1.16,1518675000.0,1309202586.2068965,0.43,1653225741.8505008,1.26,17.79,7.02,14.73,21.75,18.56,27.4,22.41,18.95,1.18,0.98,1.45,2.97,74,12.42,145
4174,浩鼎,生技醫療業,-15.61,59036000.0,0.0,0.0,34270000.89686099,0.0,0.0,0.0,0.0,0.0,0.0,0.0,0.0,31.85,0.0,0.0,0.0,46.13,119,0.0,0
4175,杏一,生技醫療業,3.69,7998459000.0,2167604065.0406504,1.25,7994557312.682927,3.69,71.4,171.14,13.48,184.62,49.74,681.25,263.48,54.4,4.84,0.91,12.52,0.0,0,3.2,27
4178,永笙-KY,化學生技醫療,-0.92,0.0,0.0,0.0,0.0,0.0,0.0,0.0,0.0,0.0,0.0,0.0,0.0,19.1,0.0,0.0,0.0,0.0,0,2.87,95
4166,友霖,生技醫療業,0.9,734964000.0,816626666.6666666,0.0,0.0,0.0,52.23,52.14,26.33,78.47,0.0,0.0,0.0,25.8,0.0,0.0,0.0,42.39,181,26.93,41
4147,中裕,生技醫療業,-0.61,584770000.0,0.0,0.0,627830462.7175575,0.0,0.0,0.0,0.0,0.0,0.0,0.0,0.0,49.45,0.0,0.0,0.0,8.24,47,17.01,48
4142,國光生,生技醫療業,-0.57,1425470000.0,0.0,0.0,1257393908.2509043,0.0,0.0,0.0,0.0,0.0,0.0,0.0,0.0,17.7,0.0,0.0,0.0,6.88,82,3.57,174
4109,加捷生醫,生技醫療業,0.43,487910000.0,1134674418.6046512,0.17,484558430.5959527,0.43,100.09,535.01,4.99,540.0,2.15,232.2,43.04,11.65,3.69,0.18,19.93,45.01,76,4.02,110
4111,濟生,生技醫療業,2.81,1377520000.0,490220640.569395,0.97,1490486963.1883729,3.04,16.54,14.75,10.45,25.2,31.77,76.61,50.29,29.45,1.71,1.08,2.6,24.52,20,9.55,111
4113,聯上,建材營造,-0.43,954148000.0,0.0,0.0,66172279.9188926,0.0,46.6,190.14,5.24,195.38,0.0,0.0,0.0,14.55,0.0,0.0,0.0,32.45,36,9.45,137
4114,健喬,生技醫療業,1.71,6165947000.0,3605816959.0643277,0.6,6783579151.824233,1.88,21.79,7.8,17.85,25.65,33.56,48.22,40.96,30.8,1.33,1.09,1.57,7.47,55,20.77,96
4116,明基醫,生技醫療業,1.75,5192619000.0,2967210857.142857,0.61,5686684189.610011,1.92,20.51,11.6,15.47,27.07,29.7,51.97,39.37,39.95,0.99,0.74,1.3,4.11,55,24.88,122
4119,旭富,化學生技醫療,0.91,1270033000.0,1395640659.3406594,0.38,1528518775.9000735,1.1,36.26,66.44,13.04,79.48,14.34,87.43,39.88,47.8,0.83,0.3,1.83,5.74,15,0.0,0
4120,友華,生技醫療業,-6.55,4544790000.0,0.0,0.0,4671380824.220382,0.0,64.44,159.51,21.16,180.67,0.0,0.0,0.0,48.0,0.0,0.0,0.0,27.68,62,22.47,56
4121,優盛,生技醫療業,-0.36,3836415000.0,0.0,0.0,3762951438.326064,0.0,0.0,0.0,0.0,0.0,0.0,0.0,0.0,14.7,0.0,0.0,0.0,2.83,28,12.58,45
4123,晟德,生技醫療業,12.36,1486819000.0,120292799.35275081,5.12,1836701039.7823453,15.27,11.49,15.22,3.15,18.37,48.1,280.51,175.47,39.0,4.5,1.23,7.19,33.56,67,14.6,124
4126,太醫,生技醫療業,5.28,2430779000.0,460374810.60606056,1.68,2289457799.470907,4.97,15.46,3.68,13.67,17.35,67.94,86.23,76.83,79.5,0.97,0.85,1.08,2.31,61,3.68,56
4127,天良,生技醫療業,-0.21,495225000.0,0.0,0.0,843610575.4295956,0.0,116.67,107.7,70.94,178.64,0.0,0.0,0.0,38.35,0.0,0.0,0.0,15.67,25,9.38,10
4128,中天,生技醫療業,-1.29,1884923000.0,0.0,0.0,2052344080.1999524,0.0,0.0,0.0,0.0,0.0,0.0,0.0,0.0,15.5,0.0,0.0,0.0,10.07,82,20.72,42
4129,聯合,生技醫療業,5.83,5570321000.0,955458147.5128645,2.09,6488674454.698477,6.79,20.5,10.0,16.46,26.46,111.76,179.66,139.18,98.4,1.41,1.14,1.83,13.0,57,41.66,165
4130,健亞,生技醫療業,0.11,494127000.0,4492063636.363636,0.03,428304637.31557524,0.1,155.52,296.83,71.17,368.0,7.12,36.8,15.55,27.45,0.57,0.26,1.34,1.43,46,15.29,153
4131,浩泰,生技醫療業,-0.77,221004000.0,0.0,0.0,266585408.8342932,0.0,0.0,0.0,0.0,0.0,0.0,0.0,0.0,35.35,0.0,0.0,0.0,16.39,68,7.01,39
4133,亞諾法,化學生技醫療,-0.02,352143000.0,0.0,0.0,341960351.85902077,0.0,164.67,945.2,21.47,966.67,0.0,0.0,0.0,21.6,0.0,0.0,0.0,11.08,60,17.5,32
4137,麗豐-KY,化學生技醫療,7.13,3840036000.0,538574474.053296,2.42,4369948606.941841,8.11,17.03,10.1,12.24,22.34,99.27,181.18,138.07,106.5,1.3,0.93,1.7,0.0,0,5.65,61
4139,馬光-KY,生技醫療業,-1.55,1092563000.0,0.0,0.0,1063939814.4951572,0.0,70.05,74.47,50.53,125.0,0.0,0.0,0.0,23.75,0.0,0.0,0.0,17.57,155,2.92,3
4183,福永生技,生技醫療業,-0.33,508694000.0,0.0,0.0,315551315.4064987,0.0,30.65,59.88,15.66,75.54,0.0,0.0,0.0,14.35,0.0,0.0,0.0,32.18,61,0.0,0
4188,安克,生技醫療業,-0.88,37034000.0,0.0,0.0,19300694.425421175,0.0,0.0,0.0,0.0,0.0,0.0,0.0,0.0,11.8,0.0,0.0,0.0,6.06,67,40.74,40
4440,宜新實業,紡織纖維,1.14,1056073000.0,926379824.5614036,0.44,1319055884.3137255,1.42,17.61,28.73,9.63,38.36,13.67,54.47,25.0,17.9,1.4,0.76,3.04,9.2,167,14.43,168
4441,振大環球,紡織纖維,14.72,4114059000.0,279487703.8043478,0.0,0.0,0.0,19.91,11.92,13.47,25.39,0.0,0.0,0.0,186.5,0.0,0.0,0.0,63.64,174,35.88,173
4442,竣邦-KY,紡織纖維,5.25,1675561000.0,319154476.1904762,2.0,1735282747.2629745,5.44,14.48,11.93,10.52,22.45,57.23,122.13,78.76,55.3,1.42,1.03,2.21,48.41,176,35.68,173
4502,健信,電機機械,-1.52,967569000.0,0.0,0.0,1043374100.1576831,0.0,80.95,182.53,35.8,218.33,0.0,0.0,0.0,15.85,0.0,0.0,0.0,10.28,46,13.25,102
4503,金雨,電機機械,1.37,678367000.0,495158394.1605839,0.41,808949620.1285504,1.63,105.02,143.94,26.06,170.0,42.48,277.1,171.18,44.4,3.86,0.96,6.24,19.41,64,17.44,103
4506,崇友,電機機械,6.52,6147778000.0,942910736.1963191,2.33,6439033261.686774,6.83,19.74,7.37,17.29,24.66,118.09,168.43,134.83,117.0,1.15,1.01,1.44,14.09,14,22.12,151
4510,高鋒,電機機械,-1.02,1581975000.0,0.0,0.0,2190492154.2122397,0.0,37.76,43.89,15.63,59.52,0.0,0.0,0.0,47.0,0.0,0.0,0.0,217.82,124,5.75,108
4513,福裕,電機機械,-1.79,1018902000.0,0.0,0.0,1467771479.1320438,0.0,52.99,70.48,26.04,96.52,0.0,0.0,0.0,15.2,0.0,0.0,0.0,109.51,112,0.41,10
4523,永彰,電機機械,22.27,612079000.0,27484463.403682083,14.43,1013664252.9317219,36.88,1.36,0.35,1.24,1.59,45.73,58.64,50.12,30.6,1.64,1.49,1.92,17.54,5,25.4,45
4526,東台,電機機械,1.82,5453188000.0,2996257142.857143,0.55,4105800027.162908,1.37,54.42,98.17,17.58,115.75,24.08,158.58,74.56,36.75,2.03,0.66,4.32,73.65,140,58.5,108
4527,方土霖,電機機械,3.4,3024592000.0,889585882.3529412,1.3,3048055933.609175,3.43,12.3,6.55,9.33,15.88,32.0,54.47,42.18,42.75,0.99,0.75,1.27,44.65,175,3.97,24
4528,江興鍛,電機機械,-0.32,1570974000.0,0.0,0.0,1542756194.1236374,0.0,421.6,2322.8,32.2,2355.0,0.0,0.0,0.0,16.2,0.0,0.0,0.0,4.41,106,6.6,124
4529,淳紳,其他,-0.74,5459000.0,0.0,0.0,4830947.110141767,0.0,0.0,0.0,0.0,0.0,0.0,0.0,0.0,5.2,0.0,0.0,0.0,14.52,11,4.68,66
4532,瑞智,電機機械,2.05,20554212000.0,10026444878.04878,0.77,18700729169.057747,1.87,13.43,8.94,10.33,19.27,19.32,36.03,25.11,22.9,1.1,0.84,1.57,16.88,91,5.88,18
4533,協易機,電機機械,0.2,3938898000.0,19694490000.0,0.06,3667272262.0114,0.19,47.45,153.94,16.06,170.0,3.05,32.3,9.01,31.1,0.29,0.1,1.04,33.85,32,0.7,14
4534,慶騰,電機機械,0.0,801825000.0,0.0,0.0,903097521.0664408,0.0,1246.81,2934.13,70.87,3005.0,0.0,0.0,0.0,24.45,0.0,0.0,0.0,178.54,124,0.48,10
4535,至興,電機機械,1.3,2572197000.0,1978613076.9230769,0.41,2285901661.584583,1.16,15.39,9.89,12.11,22.0,14.05,25.52,17.85,27.65,0.65,0.51,0.92,9.67,139,3.75,38
4538,大詠城,電機機械,0.29,363369000.0,1252996551.724138,0.1,512545913.4504263,0.41,65.22,90.52,18.3,108.82,7.5,44.62,26.74,18.3,1.46,0.41,2.44,18.0,134,0.54,17
4540,全球傳動,電機機械,-0.66,2576441000.0,0.0,0.0,3591025005.635944,0.0,0.0,0.0,0.0,0.0,0.0,0.0,0.0,68.5,0.0,0.0,0.0,51.75,105,19.95,118
4541,晟田,其他,2.03,1593892000.0,785168472.906404,0.8,2126996007.669654,2.71,749.94,3720.64,19.36,3740.0,52.47,10135.4,2032.33,46.35,43.85,1.13,218.67,8.45,173,29.12,125
4542,科嶠,電子零組件業,1.28,702589000.0,548897656.25,0.49,867147153.9636121,1.58,197.54,1132.84,27.16,1160.0,42.91,1832.8,312.12,199.0,1.57,0.22,9.21,67.16,168,7.94,129
4543,萬在,電機機械,0.53,783259000.0,1477847169.8113208,0.22,1073982746.011586,0.73,37.96,105.55,11.12,116.67,8.12,85.17,27.71,38.5,0.72,0.21,2.21,53.62,26,0.0,0
4439,冠星-KY,紡織纖維,7.73,6940476000.0,897862354.4631306,2.53,7189092967.278112,8.01,26.24,48.3,10.08,58.38,80.74,467.62,210.17,98.1,2.14,0.82,4.77,1.36,57,15.74,144
4438,廣越,紡織纖維,3.06,19317257000.0,6312829084.96732,0.64,19942330810.96509,3.16,27.23,45.24,15.28,60.52,48.28,191.24,86.06,55.7,1.55,0.87,3.43,7.8,29,4.15,14
4432,銘旺實,紡織纖維,0.88,1113575000.0,1265426136.3636363,0.25,988425854.8763587,0.78,14.8,25.69,7.08,32.77,5.52,25.56,11.54,14.3,0.81,0.39,1.79,3.33,123,2.4,10
4190,佐登-KY,化學生技醫療,-1.59,2247934000.0,0.0,0.0,2166055787.0305314,0.0,0.0,0.0,0.0,0.0,0.0,0.0,0.0,25.15,0.0,0.0,0.0,8.38,179,1.63,11
4192,杏國,生技醫療業,-1.3,27417000.0,0.0,0.0,28596889.86366331,0.0,3519.41,365.0,3340.0,3705.0,0.0,0.0,0.0,19.6,0.0,0.0,0.0,1.58,1,1.17,41
4198,欣大健康,生技醫療業,-1.97,196995000.0,0.0,0.0,151939386.2626846,0.0,8.39,5.01,6.71,11.72,0.0,0.0,0.0,37.0,0.0,0.0,0.0,3.78,7,39.84,63
4205,中華食,食品工業,4.23,2048169000.0,484200709.2198581,1.41,2099590416.2646294,4.34,20.74,6.96,17.75,24.71,77.04,107.24,90.03,74.5,1.21,1.03,1.44,0.0,0,6.99,73
4207,環泰,食品工業,1.76,5176930000.0,2941437500.0,0.62,5257826930.271445,1.79,14.0,6.38,9.91,16.29,17.74,29.16,25.06,17.5,1.43,1.01,1.67,2.87,8,25.16,153
4303,信立,塑膠工業,11.14,980754000.0,88038958.70736086,3.32,1018482669.6189998,11.57,6.42,12.48,2.66,15.14,30.78,175.17,74.23,53.9,1.38,0.57,3.25,9.86,1,8.35,20
4304,勝昱,塑膠工業,-1.16,342667000.0,0.0,0.0,355736832.3082726,0.0,0.0,0.0,0.0,0.0,0.0,0.0,0.0,29.7,0.0,0.0,0.0,174.23,111,109.3,182
4305,世坤,塑膠工業,3.83,1088255000.0,284139686.6840731,1.12,1017598044.5398633,3.58,12.36,4.37,10.43,14.8,37.34,52.98,44.27,43.75,1.01,0.85,1.21,15.61,57,9.67,88
4306,炎洲,塑膠工業,0.27,13142952000.0,48677600000.0,0.09,14423333413.33541,0.3,25.39,47.44,10.16,57.6,3.05,17.28,7.62,13.2,0.58,0.23,1.31,7.82,70,1.83,24
4401,東隆興,紡織纖維,0.73,3932210000.0,5386589041.095891,0.21,3632599947.793753,0.67,41.59,137.8,13.87,151.67,9.29,101.62,27.87,14.4,1.94,0.65,7.06,3.76,140,2.01,38
4402,郡都開發,紡織纖維,-0.13,23142000.0,0.0,0.0,19567000.813669648,0.0,213.29,108.88,168.0,276.88,0.0,0.0,0.0,14.25,0.0,0.0,0.0,62.7,109,7.26,125
4406,新昕纖,紡織纖維,-1.08,492484000.0,0.0,0.0,322466463.06007224,0.0,0.0,0.0,0.0,0.0,0.0,0.0,0.0,10.1,0.0,0.0,0.0,7.41,62,5.97,112
4413,飛寶企業,紡織纖維,0.53,797445000.0,1504613207.5471697,0.15,1038440557.187017,0.69,82.8,298.63,19.7,318.33,13.59,219.65,57.13,19.05,3.0,0.71,11.53,6.74,36,29.03,84
4414,如興,紡織纖維,0.65,14392916000.0,22142947692.30769,0.21,13371095792.304296,0.6,15.55,44.37,2.88,47.25,1.73,28.35,9.33,10.1,0.92,0.17,2.81,8.08,75,263.76,129
4416,三圓,建材營造,-0.64,1096928000.0,0.0,0.0,4481573045.582018,0.0,570.42,765.83,226.67,992.5,0.0,0.0,0.0,12.85,0.0,0.0,0.0,1.9,6,5.78,6
4417,金洲,紡織纖維,6.13,3526922000.0,575354323.0016314,1.71,3028217281.2376194,5.26,9.7,4.07,7.66,11.73,40.29,61.7,51.02,47.15,1.08,0.85,1.31,5.22,159,20.31,126
4420,光明,紡織纖維,5.52,1018773000.0,184560326.08695653,1.75,981503516.7420249,5.32,4.39,9.97,1.1,11.07,5.85,58.89,23.36,40.85,0.57,0.14,1.44,43.76,124,9.85,17
4426,利勤,紡織纖維,-2.93,875169000.0,0.0,0.0,851636990.1991351,0.0,0.0,0.0,0.0,0.0,0.0,0.0,0.0,8.34,0.0,0.0,0.0,0.58,4,3.8,6
4430,耀億,其他,-0.19,2072039000.0,0.0,0.0,2050148773.9088418,0.0,0.0,0.0,0.0,0.0,0.0,0.0,0.0,18.3,0.0,0.0,0.0,6.25,70,17.52,25
4433,興采,紡織纖維,1.06,3437293000.0,3242729245.2830186,0.39,3550123453.0583644,1.09,172.55,484.9,16.77,501.67,18.28,546.82,188.07,20.0,9.4,0.91,27.34,2.21,42,4.78,53
3338,泰碩,電子零組件業,1.81,3671826000.0,2028633149.1712706,0.56,3297988016.9529667,1.63,22.98,34.22,13.22,47.44,21.55,77.33,37.46,74.2,0.5,0.29,1.04,25.17,28,36.9,102
3332,幸康,電子零組件業,3.53,1602596000.0,453993201.1331445,1.31,1830151678.026276,4.03,18.22,12.73,14.31,27.04,57.67,108.97,73.43,62.6,1.17,0.92,1.74,3.23,36,76.23,108
2751,王座,觀光餐旅,4.57,1733655000.0,379355579.86870897,1.78,2359214970.3414965,6.22,15.19,6.63,11.49,18.12,71.47,112.71,94.49,55.0,1.72,1.3,2.05,0.0,0,11.19,130
2762,世界健身-KY,運動休閒,3.75,10884710000.0,2902589333.3333335,1.3,11961403400.072569,4.12,28.14,17.83,19.14,36.97,78.86,152.32,115.95,73.0,1.59,1.08,2.09,12.59,181,3.52,171
2801,彰銀,金融保險,1.51,45006999000.0,29805959602.649006,0.54,51289820417.703766,1.72,14.05,3.17,12.33,15.5,21.21,26.66,24.16,21.15,1.14,1.0,1.26,4.4,71,13.19,75
2812,台中銀,金融保險,1.53,20382325000.0,13321781045.751635,0.54,22343394564.969727,1.68,13.42,4.27,11.43,15.7,19.2,26.38,22.55,19.85,1.14,0.97,1.33,12.08,77,19.25,96
2816,旺旺保,金融保險,4.66,11080464000.0,2377781974.248927,2.05,15240890551.055603,6.41,6.62,3.38,4.82,8.2,30.9,52.56,42.41,30.35,1.4,1.02,1.73,5.52,76,0.0,0
2820,華票,金融保險,1.34,2927811000.0,2184933582.089552,0.6,5081362382.015579,2.33,14.96,4.92,12.39,17.31,28.87,40.33,34.86,16.8,2.07,1.72,2.4,1.61,50,14.0,131
2832,台產,金融保險,3.91,7271628000.0,1859751406.6496162,1.67,9348105438.999628,5.03,10.24,8.27,8.34,16.61,41.95,83.55,51.53,52.3,0.99,0.8,1.6,3.06,117,2.6,151
2834,臺企銀,金融保險,1.26,35009065000.0,27784972222.22222,0.41,36118898625.5893,1.3,12.68,5.34,10.53,15.87,13.69,20.63,16.48,16.35,1.01,0.84,1.26,12.28,67,17.73,82
2836,高雄銀,金融保險,0.68,4981646000.0,7325949999.999999,0.23,5376382899.248736,0.73,21.98,11.59,17.21,28.8,12.56,21.02,16.04,11.85,1.35,1.06,1.77,12.77,69,7.23,70
2836A,高雄銀甲特,金融保險,0.0,0.0,0.0,0.0,0.0,0.0,0.0,0.0,0.0,0.0,0.0,0.0,0.0,24.7,0.0,0.0,0.0,3.1,67,3.56,159
2838,聯邦銀,金融保險,1.29,20088744000.0,15572669767.44186,0.45,22748626994.391483,1.46,14.43,4.58,12.56,17.14,18.34,25.02,21.06,20.0,1.05,0.92,1.25,10.71,71,21.62,174
2637,慧洋-KY,航運業,5.27,16585078000.0,3147073624.2884254,1.92,20210528431.431488,6.42,11.69,11.97,6.32,18.29,40.57,117.42,75.06,71.7,1.05,0.57,1.64,16.52,152,3.88,14
2641,正德,航運業,2.0,2306951000.0,1153475500.0,0.71,2877269546.6386323,2.49,10.84,5.85,8.41,14.26,20.94,35.51,26.99,17.15,1.57,1.22,2.07,17.11,36,6.6,132
2642,宅配通,航運業,-1.04,3859459000.0,0.0,0.0,3233783778.1662927,0.0,51.04,52.26,29.3,81.56,0.0,0.0,0.0,21.8,0.0,0.0,0.0,20.4,180,15.5,129
2643,捷迅,航運業,6.3,8198219000.0,1301304603.1746032,1.7,7280834364.171325,5.6,11.67,3.7,10.48,14.18,58.69,79.41,65.35,66.9,0.98,0.88,1.19,1.7,1,3.05,14
2645,長榮航太,航運業,5.46,18258462000.0,3344040659.340659,1.9,19717608769.56063,5.9,24.89,28.45,17.47,45.92,103.07,270.93,146.86,153.0,0.96,0.67,1.77,4.04,15,92.86,124
2646,星宇航空,航運業,0.08,43455568000.0,543194600000.0,0.03,52784860686.00762,0.1,122.57,221.02,46.2,267.22,4.62,26.72,12.26,20.25,0.61,0.23,1.32,48.95,168,7.32,102
2838A,聯邦銀甲特,金融保險,0.0,0.0,0.0,0.0,0.0,0.0,0.0,0.0,0.0,0.0,0.0,0.0,0.0,54.8,0.0,0.0,0.0,0.56,63,2.96,69
2636,台驊控股,航運業,7.74,21178369000.0,2736223385.01292,2.38,18094310551.60256,6.61,8.56,4.74,6.17,10.91,40.78,72.12,56.6,67.1,0.84,0.61,1.07,15.69,25,17.36,14
2845,遠東銀,金融保險,0.93,12771715000.0,13733026881.720428,0.33,14117396967.495184,1.03,14.0,4.83,11.63,16.46,11.98,16.95,14.42,12.25,1.18,0.98,1.38,12.62,67,9.34,108
2850,新產,金融保險,12.28,21479434000.0,1749139576.5472314,4.99,27177451202.821865,15.54,9.95,3.25,8.18,11.43,127.12,177.62,154.64,133.0,1.16,0.96,1.34,7.36,53,12.62,151
2892,第一金,金融保險,1.87,76661762000.0,40995594652.40642,0.64,82767167672.80664,2.02,15.89,4.08,13.48,17.56,27.23,35.47,32.1,28.85,1.11,0.94,1.23,7.86,88,21.78,96
2897,王道銀行,金融保險,0.61,9927851000.0,16275165573.770493,0.24,12735204321.959482,0.78,12.22,7.97,9.28,17.25,7.24,13.46,9.53,10.1,0.94,0.72,1.33,9.95,71,2.11,11
2897B,王道銀乙特,金融保險,0.0,0.0,0.0,0.0,0.0,0.0,0.0,0.0,0.0,0.0,0.0,0.0,0.0,11.9,0.0,0.0,0.0,3.88,156,1.27,24
2901,欣欣,貿易百貨,0.38,130775000.0,344144736.84210527,0.13,140119845.06071624,0.41,66.43,16.73,58.41,75.14,23.95,30.81,27.24,24.0,1.14,1.0,1.28,1.78,4,10.46,25
2903,遠百,貿易百貨,1.56,34266429000.0,21965659615.384613,0.5,33608528865.81317,1.53,15.28,7.03,12.58,19.61,19.25,30.0,23.38,22.2,1.05,0.87,1.35,3.93,8,3.81,7
2904,匯僑,其他,0.98,483900000.0,493775510.20408165,0.27,393175335.0671344,0.8,16.47,11.74,11.81,23.55,9.45,18.84,13.17,16.25,0.81,0.58,1.16,7.12,36,2.76,63
2905,三商,貿易百貨,0.71,165658168000.0,233321363380.2817,0.2,105778346490.57967,0.45,30.32,41.09,7.61,48.7,3.42,21.92,13.65,13.7,1.0,0.25,1.6,44.52,105,9.52,178
2906,高林,貿易百貨,0.47,8788364000.0,18698646808.51064,0.17,8935464838.741112,0.48,31.88,15.35,25.0,40.35,12.0,19.37,15.3,12.4,1.23,0.97,1.56,8.6,64,1.57,4
2908,特力,貿易百貨,0.23,34350128000.0,149348382608.69565,0.08,35943903964.71,0.24,67.63,131.0,29.38,160.38,7.05,38.49,16.23,20.65,0.79,0.34,1.86,4.57,41,1.2,21
2910,統領,貿易百貨,1.23,534053000.0,434189430.8943089,0.41,511126330.6883831,1.18,20.53,8.64,16.71,25.35,19.72,29.91,24.22,21.6,1.12,0.91,1.38,7.88,116,3.67,56
2891C,中信金丙特,金融保險,0.0,0.0,0.0,0.0,0.0,0.0,0.0,0.0,0.0,0.0,0.0,0.0,0.0,62.2,0.0,0.0,0.0,0.0,0,1.34,70
2912,統一超,貿易百貨,10.78,349361674000.0,32408318552.875698,3.67,365509349379.5253,11.28,23.66,7.97,19.43,27.4,219.17,309.07,266.89,224.0,1.19,0.98,1.38,11.19,145,2.87,73
2915,潤泰全,貿易百貨,9.3,2699478000.0,290266451.6129032,1.91,1408473126.43771,4.85,6.58,7.19,3.89,11.08,18.87,53.74,31.93,44.65,0.72,0.42,1.2,28.93,76,5.64,63
2923,鼎固-KY,建材營造,-3.62,3198488000.0,0.0,0.0,14993065086.932535,0.0,64.26,51.42,41.02,92.44,0.0,0.0,0.0,21.5,0.0,0.0,0.0,56.5,151,27.53,60
2926,誠品生活,文化創意業,0.54,6956487000.0,12882383333.333332,0.19,7222458313.116359,0.56,86.96,154.54,41.39,195.93,23.18,109.72,48.7,37.6,1.3,0.62,2.92,4.94,50,6.57,7
2929,淘帝-KY,貿易百貨,-1.68,1848650000.0,0.0,0.0,1519523130.0218692,0.0,55.27,69.03,35.26,104.29,0.0,0.0,0.0,5.57,0.0,0.0,0.0,45.83,174,3.62,11
2939,永邑-KY,貿易百貨,-3.68,313675000.0,0.0,0.0,239806076.23107544,0.0,0.0,0.0,0.0,0.0,0.0,0.0,0.0,25.1,0.0,0.0,0.0,39.07,144,13.84,10
2941,米斯特,居家生活類,2.36,936342000.0,396755084.7457627,0.82,953092870.694353,2.4,19.71,13.91,12.83,26.74,30.79,64.18,47.3,30.5,1.55,1.01,2.1,0.96,78,0.0,0
2913,農林,貿易百貨,-0.15,478252000.0,0.0,0.0,436251510.506827,0.0,0.0,0.0,0.0,0.0,0.0,0.0,0.0,11.25,0.0,0.0,0.0,0.0,0,3.64,3
2891B,中信金乙特,金融保險,0.0,0.0,0.0,0.0,0.0,0.0,0.0,0.0,0.0,0.0,0.0,0.0,0.0,64.6,0.0,0.0,0.0,2.0,71,1.42,70
2891,中信金,金融保險,4.08,237902628000.0,58309467647.05882,1.42,254519875655.34518,4.36,12.07,5.69,9.5,15.19,41.42,66.23,52.61,52.3,1.01,0.79,1.27,19.79,69,11.68,66
2890,永豐金,金融保險,1.97,73621169000.0,37371151776.64975,0.85,99389400405.26624,2.66,14.18,7.29,10.91,18.2,29.02,48.41,37.73,30.95,1.22,0.94,1.56,23.02,74,22.45,166
2851,中再保,金融保險,3.66,22564473000.0,6165156557.3770485,1.14,20925478480.17258,3.39,9.29,6.51,7.2,13.71,24.41,46.48,31.5,30.15,1.04,0.81,1.54,8.41,5,0.0,0
2852,第一保,金融保險,2.92,7517297000.0,2574416780.821918,1.16,9162993660.603264,3.56,8.98,2.7,7.57,10.27,26.95,36.56,31.96,26.1,1.22,1.03,1.4,10.11,14,0.0,0
2855,統一證,金融保險,3.0,12942411000.0,4314137000.0,1.65,33248200479.795116,7.71,11.23,13.31,6.65,19.96,51.27,153.89,86.62,35.6,2.43,1.44,4.32,8.96,53,5.94,158
2867,三商壽,金融保險,0.2,94802262000.0,474011310000.0,0.06,57084230567.97993,0.12,56.81,104.37,13.63,118.0,1.64,14.16,6.82,7.71,0.88,0.21,1.84,46.66,71,33.88,178
2880,華南金,金融保險,1.9,68970569000.0,36300299473.68421,0.67,77088264371.36931,2.12,16.75,6.14,14.91,21.05,31.61,44.63,35.51,32.05,1.11,0.99,1.39,17.36,91,11.17,96
2881,富邦金,金融保險,8.37,378273064000.0,45193914456.39188,2.41,277891182300.6845,6.15,11.53,9.2,7.3,16.5,44.9,101.48,70.93,90.0,0.79,0.5,1.13,36.23,123,8.71,181
2881A,富邦特,金融保險,0.0,0.0,0.0,0.0,0.0,0.0,0.0,0.0,0.0,0.0,0.0,0.0,0.0,64.4,0.0,0.0,0.0,2.57,77,0.78,46
2881B,富邦金乙特,金融保險,0.0,0.0,0.0,0.0,0.0,0.0,0.0,0.0,0.0,0.0,0.0,0.0,0.0,62.6,0.0,0.0,0.0,1.69,165,0.16,59
2881C,富邦金丙特,金融保險,0.0,0.0,0.0,0.0,0.0,0.0,0.0,0.0,0.0,0.0,0.0,0.0,0.0,51.4,0.0,0.0,0.0,0.0,0,4.24,125
2882,國泰金,金融保險,7.06,350182831000.0,49600967563.73938,1.99,259142999017.48288,5.22,11.86,10.76,7.27,18.03,37.95,94.12,61.92,77.2,0.8,0.49,1.22,38.77,169,17.55,42
2882A,國泰特,金融保險,0.0,0.0,0.0,0.0,0.0,0.0,0.0,0.0,0.0,0.0,0.0,0.0,0.0,62.3,0.0,0.0,0.0,1.82,48,0.81,54
2882B,國泰金乙特,金融保險,0.0,0.0,0.0,0.0,0.0,0.0,0.0,0.0,0.0,0.0,0.0,0.0,0.0,60.9,0.0,0.0,0.0,0.68,8,0.0,0
2883,凱基金,金融保險,1.74,69242451000.0,39794512068.965515,0.74,54520260349.18193,1.37,11.59,9.67,7.75,17.42,10.62,23.87,15.88,21.5,0.74,0.49,1.11,29.56,169,8.21,24
2883B,凱基金乙特,金融保險,0.0,0.0,0.0,0.0,0.0,0.0,0.0,0.0,0.0,0.0,0.0,0.0,0.0,8.23,0.0,0.0,0.0,1.45,183,0.26,102
2884,玉山金,金融保險,2.12,90758158000.0,42810451886.79245,0.77,106045128888.2615,2.48,17.7,7.06,14.69,21.75,36.43,53.94,43.9,31.85,1.38,1.14,1.69,10.93,77,26.07,74
2885,元大金,金融保險,2.74,125092925000.0,45654352189.78102,1.23,173414403218.75046,3.8,13.97,9.23,9.86,19.09,37.47,72.54,53.09,52.2,1.02,0.72,1.39,12.56,53,12.12,143
2886,兆豐金,金融保險,2.36,81638284000.0,34592493220.33898,0.8,88921566688.95447,2.57,17.45,5.19,15.19,20.38,39.04,52.38,44.86,39.1,1.15,1.0,1.34,8.39,88,14.36,96
2887,台新新光金,金融保險,1.91,135353846000.0,70865887958.11519,0.99,300741196674.84735,4.24,15.18,15.93,9.93,25.86,42.1,109.65,64.37,23.8,2.7,1.77,4.61,13.02,88,20.36,166
2887E,台新新光戊特一,金融保險,0.0,0.0,0.0,0.0,0.0,0.0,0.0,0.0,0.0,0.0,0.0,0.0,0.0,51.5,0.0,0.0,0.0,0.38,40,0.0,0
2887F,台新新光戊特二,金融保險,0.0,0.0,0.0,0.0,0.0,0.0,0.0,0.0,0.0,0.0,0.0,0.0,0.0,47.6,0.0,0.0,0.0,1.92,20,0.0,0
2887G,台新新光庚特一,金融保險,0.0,0.0,0.0,0.0,0.0,0.0,0.0,0.0,0.0,0.0,0.0,0.0,0.0,42.35,0.0,0.0,0.0,11.66,182,11.66,182
2887H,台新新光庚特二,金融保險,0.0,0.0,0.0,0.0,0.0,0.0,0.0,0.0,0.0,0.0,0.0,0.0,0.0,40.85,0.0,0.0,0.0,11.06,180,11.06,180
2887I,台新新光辛特,金融保險,0.0,0.0,0.0,0.0,0.0,0.0,0.0,0.0,0.0,0.0,0.0,0.0,0.0,9.42,0.0,0.0,0.0,4.67,138,4.67,138
2887Z1,台新新光己特,金融保險,0.0,0.0,0.0,0.0,0.0,0.0,0.0,0.0,0.0,0.0,0.0,0.0,0.0,17.6,0.0,0.0,0.0,0.9,26,2.85,159
2889,國票金,金融保險,0.63,8459319000.0,13427490476.190475,0.27,12351050040.82115,0.92,26.32,16.17,19.26,35.43,17.72,32.6,24.22,14.5,1.67,1.22,2.25,16.67,67,41.98,67
2849,安泰銀,金融保險,0.79,5702683000.0,7218586075.949367,0.29,6620017463.074404,0.92,18.16,11.63,13.82,25.45,12.71,23.41,16.7,13.65,1.22,0.93,1.72,10.28,64,6.46,24
2634,漢翔,航運業,0.78,35067533000.0,44958375641.02564,0.27,36360908755.79901,0.81,37.64,60.91,17.23,78.14,13.96,63.29,30.48,46.95,0.65,0.3,1.35,0.0,0,41.47,131
2633,台灣高鐵,航運業,1.17,54550155000.0,46624064102.5641,0.4,56396970743.60273,1.21,22.96,7.71,18.65,26.36,22.57,31.9,27.79,26.5,1.05,0.85,1.2,2.33,67,6.62,46
2630,亞航,航運業,0.99,5484186000.0,5539581818.181818,0.27,4859589228.464769,0.88,58.98,119.62,40.38,160.0,35.53,140.8,51.9,46.95,1.11,0.76,3.0,1.16,13,89.82,124
2474,可成,電子工業,11.36,19119043000.0,1683014348.5915494,3.07,15862763142.407238,9.43,13.92,10.03,9.01,19.04,84.96,179.55,131.28,209.0,0.63,0.41,0.86,11.64,169,1.13,12
2476,鉅祥,電子工業,4.36,7295984000.0,1673390825.6880732,1.73,9498050089.094463,5.68,21.17,19.84,11.83,31.67,67.19,179.89,120.25,117.0,1.03,0.57,1.54,56.84,64,59.21,131
2477,美隆電,其他電子業,1.68,2484147000.0,1478658928.5714285,0.49,2475206676.363802,1.67,20.48,77.94,12.06,90.0,20.14,150.3,34.21,20.95,1.63,0.96,7.17,81.9,180,17.75,117
2478,大毅,電子工業,3.45,5425300000.0,1572550724.637681,1.2,5840786385.877327,3.71,17.3,11.18,11.21,22.39,41.59,83.07,64.2,68.4,0.94,0.61,1.21,24.39,75,35.17,178
2480,敦陽科,資訊服務業,8.0,8422821000.0,1052852625.0,3.13,9343293293.592052,8.87,18.74,8.04,15.11,23.15,134.03,205.34,166.25,143.0,1.16,0.94,1.44,3.94,167,21.0,102
2481,強茂,半導體業,3.11,12976514000.0,4172512540.1929264,1.09,14464506494.388206,3.47,25.41,22.16,16.1,38.26,55.87,132.76,88.17,101.0,0.87,0.55,1.31,19.18,75,120.81,172
2482,連宇,其他電子業,-1.09,493731000.0,0.0,0.0,508723306.7136226,0.0,32.5,35.38,11.88,47.26,0.0,0.0,0.0,16.85,0.0,0.0,0.0,50.68,62,7.84,129
2483,百容,電子工業,0.6,1759470000.0,2932450000.0,0.22,1947285252.2821822,0.66,85.16,289.5,23.83,313.33,15.73,206.8,56.2,22.4,2.51,0.7,9.23,17.06,63,18.26,145
2484,希華,電子工業,0.66,2409420000.0,3650636363.6363635,0.2,2286729918.217823,0.63,31.97,58.4,17.37,75.77,10.94,47.74,20.14,39.55,0.51,0.28,1.21,1.86,26,13.37,178
2485,兆赫,通信網路業,-0.96,2424065000.0,0.0,0.0,5923115721.71603,0.0,0.0,0.0,0.0,0.0,0.0,0.0,0.0,58.7,0.0,0.0,0.0,10.72,64,28.51,181
2486,一詮,光電業,0.22,5995655000.0,27252977272.727272,0.08,7053247428.997235,0.26,502.65,1346.43,78.57,1425.0,20.43,370.5,130.69,270.5,0.48,0.08,1.37,101.4,74,8.78,154
2488,漢平,其他電子業,4.56,3025797000.0,663551973.6842105,1.27,2644291944.9374413,3.99,9.95,5.37,7.55,12.92,30.12,51.55,39.7,51.8,0.77,0.58,1.0,11.55,134,5.6,117
2489,瑞軒,光電業,1.23,24716288000.0,20094543089.430893,0.38,26102967596.79795,1.3,16.84,35.75,6.19,41.94,8.05,54.52,21.89,42.1,0.52,0.19,1.3,72.19,74,13.68,164
2472,立隆電,電子零組件業,8.72,11200459000.0,1284456307.3394494,3.08,12255315580.445002,9.54,13.19,12.79,8.74,21.53,83.38,205.4,125.86,176.5,0.71,0.47,1.16,20.71,75,56.46,179
2471,資通,電子工業,3.62,968338000.0,267496685.08287293,1.41,1152994471.5300193,4.31,17.27,11.06,12.69,23.75,54.69,102.36,74.42,52.6,1.41,1.04,1.95,8.1,75,0.0,0
2455,全新,通信網路業,2.96,3309773000.0,1118166554.054054,1.14,4059071345.2888646,3.63,49.04,99.92,23.22,123.14,84.29,447.0,178.03,347.5,0.51,0.24,1.29,31.31,70,68.0,143
2457,飛宏,電子工業,-1.48,10144830000.0,0.0,0.0,8622096863.671598,0.0,72.57,45.1,42.4,87.5,0.0,0.0,0.0,23.95,0.0,0.0,0.0,0.0,0,24.62,178
2458,義隆,半導體業,8.54,12381283000.0,1449798946.1358316,2.86,12535509369.31255,8.65,15.62,11.36,10.62,21.98,91.86,190.13,135.15,136.5,0.99,0.67,1.39,5.14,27,5.34,27
2460,建通,電子工業,-2.99,3124587000.0,0.0,0.0,4596646287.796536,0.0,0.0,0.0,0.0,0.0,0.0,0.0,0.0,35.8,0.0,0.0,0.0,16.8,40,8.0,102
2461,光群雷,其他電子業,-0.61,5225852000.0,0.0,0.0,5409930658.854503,0.0,22.5,55.98,8.77,64.75,0.0,0.0,0.0,16.85,0.0,0.0,0.0,0.19,36,9.94,27
2462,良得電,電子工業,0.27,4119265000.0,15256537037.037037,0.08,3932204596.7435026,0.26,30.72,73.86,12.25,86.11,3.18,22.39,7.99,21.1,0.38,0.15,1.06,10.3,64,19.18,140
2464,盟立,其他電子業,-0.83,6834567000.0,0.0,0.0,6785449346.475753,0.0,96.74,104.21,52.19,156.4,0.0,0.0,0.0,113.5,0.0,0.0,0.0,96.65,69,23.27,131
2465,麗臺,電子工業,0.42,5036165000.0,11990869047.619047,0.16,5524750607.073185,0.46,154.28,61.53,128.21,189.74,58.98,87.28,70.97,74.0,0.96,0.8,1.18,10.89,32,61.01,167
2466,冠西電,光電業,0.23,974812000.0,4238313043.4782605,0.04,709161421.819028,0.17,87.54,246.49,27.68,274.17,4.71,46.61,14.88,57.7,0.26,0.08,0.81,3.13,19,4.86,21
2467,志聖,電子工業,5.49,5932149000.0,1080537158.4699454,2.65,9752793346.13054,9.03,45.9,88.93,22.81,111.74,205.97,1009.01,414.49,609.0,0.68,0.34,1.66,90.84,118,49.65,131
2468,華經,資訊服務業,1.25,2725131000.0,2180104800.0,0.41,2262734735.0570874,1.04,39.08,66.57,17.81,84.38,18.52,87.76,40.64,33.5,1.21,0.55,2.62,4.7,27,4.8,3
2491,吉祥全,光電業,1.42,177475000.0,124982394.36619718,0.44,160352514.33251432,1.28,33.54,50.37,10.17,60.54,13.02,77.49,42.93,15.2,2.82,0.86,5.1,17.71,20,40.0,111
2492,華新科,電子工業,4.74,36273718000.0,7652683122.362869,1.63,39510853493.459435,5.16,22.3,27.74,10.81,38.55,55.78,198.92,115.04,131.5,0.87,0.42,1.51,13.78,76,74.02,179
2540,愛山林,建材營造,0.97,11788830000.0,12153432989.690722,0.2,8662553537.397463,0.71,36.71,70.34,15.98,86.32,11.35,61.29,26.06,54.1,0.48,0.21,1.13,55.94,76,0.95,139
2542,興富發,建材營造,2.11,25225332000.0,11955133649.2891,2.02,174402235775.5213,14.59,24.57,48.91,11.55,60.46,168.51,882.11,358.49,40.15,8.93,4.2,21.97,41.42,77,10.52,138
2543,皇昌,建材營造,2.9,11600814000.0,4000280689.6551723,1.05,14102503783.555887,3.53,19.29,13.91,13.86,27.77,48.93,98.03,68.09,46.7,1.46,1.05,2.1,79.93,162,19.14,38
2545,皇翔,建材營造,2.14,6423225000.0,3001507009.345794,0.74,6951503249.675862,2.32,9.5,23.84,5.13,28.97,11.9,67.21,22.05,37.5,0.59,0.32,1.79,15.55,109,6.21,38
2546,根基,建材營造,9.73,20986780000.0,2156914696.8139772,2.96,24191297913.0349,11.22,10.84,7.31,8.3,15.61,93.13,175.14,121.6,84.5,1.44,1.1,2.07,20.75,4,16.62,136
2547,日勝生,建材營造,2.97,6103457000.0,2055036026.9360268,1.26,6937585302.215219,3.38,4.04,1.69,3.62,5.31,12.24,17.95,13.64,10.35,1.32,1.18,1.73,2.87,1,10.65,11
2548,華固,建材營造,10.13,17869193000.0,1763987462.9812436,2.6,5588001609874.206,3167.82,26.92,75.99,9.83,85.82,31139.67,271862.31,85271.51,126.0,676.76,247.14,2157.64,13.81,49,11.63,24
2596,綠意,建材營造,1.86,1379072000.0,741436559.1397849,0.72,910600469.0808827,1.23,53.41,157.21,13.94,171.15,17.15,210.51,65.69,28.75,2.28,0.6,7.32,39.1,91,17.88,24
2597,潤弘,建材營造,11.1,29977603000.0,2700684954.954955,4.02,37431709185.42602,13.86,15.2,11.12,10.59,21.71,146.78,300.9,210.72,157.0,1.34,0.93,1.92,31.44,91,10.89,83
2601,益航,貿易百貨,-1.63,4304913000.0,0.0,0.0,2439593041.541353,0.0,0.0,0.0,0.0,0.0,0.0,0.0,0.0,5.01,0.0,0.0,0.0,18.46,159,10.76,14
2603,長榮,航運業,31.68,386268472000.0,12192817929.292929,9.62,305773532733.4006,25.08,4.94,10.22,2.65,12.87,66.46,322.78,123.93,202.0,0.61,0.33,1.6,22.87,25,24.05,14
2605,新興,航運業,1.45,4393818000.0,3030219310.3448277,0.61,6137233728.551779,2.03,19.64,38.43,7.17,45.6,14.56,92.57,39.87,34.7,1.15,0.42,2.67,28.99,28,4.92,167
2606,裕民,航運業,4.31,15370434000.0,3566225986.0788865,1.48,17554519287.800716,4.92,13.11,9.53,8.55,18.08,42.07,88.95,64.5,60.6,1.06,0.69,1.47,12.89,8,6.96,17
2607,榮運,航運業,3.77,17370304000.0,4607507692.307693,1.18,14912293095.003666,3.24,12.34,11.56,8.75,20.31,28.35,65.8,39.98,47.45,0.84,0.6,1.39,0.15,1,94.11,167
2608,嘉里大榮,航運業,1.98,12880973000.0,6505541919.191919,0.65,12905632204.227596,1.98,15.54,7.12,10.66,17.78,21.11,35.2,30.77,30.25,1.02,0.7,1.16,6.91,32,3.75,7
2609,陽明,航運業,4.9,167762203000.0,34237184285.714283,1.52,138722324502.65848,4.05,8.68,41.15,3.08,44.23,12.47,179.13,35.14,49.15,0.71,0.25,3.64,63.16,35,22.57,20
2610,華航,航運業,2.42,208753674000.0,86261848760.33058,0.88,222397814759.74664,2.58,11.3,11.8,7.36,19.16,18.99,49.43,29.16,17.9,1.63,1.06,2.76,15.12,61,7.51,4
2611,志信,航運業,0.51,675806000.0,1325109803.9215686,0.32,1193358715.9099529,0.9,25.1,76.89,6.27,83.16,5.64,74.84,22.59,13.3,1.7,0.42,5.63,16.67,49,4.88,12
2612,中航,航運業,5.46,4864523000.0,890938278.3882784,1.91,4976483070.77943,5.59,14.99,28.73,6.58,35.31,36.78,197.38,83.79,54.1,1.55,0.68,3.65,11.23,26,41.07,181
2613,中櫃,航運業,1.14,3351986000.0,2940338596.491228,0.39,3579940004.386676,1.22,30.16,23.56,19.56,43.12,23.86,52.61,36.79,22.4,1.64,1.07,2.35,107.51,40,16.04,14
2615,萬海,航運業,11.21,142685313000.0,12728395450.490633,3.59,126720369128.14441,9.96,37.72,281.09,3.62,284.71,36.06,2835.71,375.64,74.6,5.04,0.48,38.01,117.61,148,52.23,20
2616,山隆,油電燃氣業,-6.25,8190423000.0,0.0,0.0,8099416568.979014,0.0,167.7,217.09,56.04,273.13,0.0,0.0,0.0,14.2,0.0,0.0,0.0,0.37,4,2.88,11
2617,台航,航運業,3.18,4257272000.0,1338764779.8742137,1.11,4568096937.797597,3.41,9.37,4.68,6.51,11.19,22.2,38.16,31.94,29.35,1.09,0.76,1.3,10.32,62,7.95,14
2618,長榮航,航運業,4.84,220126074000.0,45480593801.65289,1.78,237087990859.3336,5.21,7.92,3.42,6.24,9.66,32.51,50.33,41.28,33.5,1.23,0.97,1.5,5.14,56,12.18,11
2539,櫻花建,建材營造,3.78,12047638000.0,3187205820.10582,1.73,10087733321.642605,3.17,23.4,41.4,9.84,51.24,31.19,162.43,74.18,41.0,1.81,0.76,3.96,12.28,104,10.54,105
2538,基泰,建材營造,0.35,351323000.0,1003780000.0000001,0.12,238479004.6289349,0.24,26.27,38.09,11.55,49.64,2.77,11.91,6.31,9.76,0.65,0.28,1.22,39.2,75,5.7,21
2536,宏普,建材營造,3.19,11061836000.0,3467660188.0877743,0.6,8659977715.531301,2.5,25.7,50.99,6.76,57.75,16.9,144.38,64.26,21.55,2.98,0.78,6.7,3.78,1,2.46,3
2493,揚博,電子工業,4.56,3731121000.0,818228289.4736843,1.58,3874251242.028687,4.73,18.98,23.43,11.55,34.98,54.63,165.46,89.77,123.0,0.73,0.44,1.35,22.61,183,93.48,119
2496,卓越,其他,6.13,866192000.0,141303752.03915173,2.04,918797305.0477431,6.5,11.38,4.58,9.86,14.44,64.09,93.86,73.96,64.6,1.14,0.99,1.45,10.84,74,0.26,6
2497,怡利電,汽車工業,2.37,4561289000.0,1924594514.7679324,0.77,4444448726.195963,2.31,21.88,25.51,11.57,37.08,26.73,85.65,50.55,55.1,0.92,0.49,1.55,53.45,155,7.91,118
2498,宏達電,通信網路業,7.21,3004402000.0,416699306.518724,2.27,2570522751.2735877,6.17,16.74,32.57,5.44,38.01,33.56,234.52,103.29,40.15,2.57,0.84,5.84,21.92,152,90.54,124
2501,國建,建材營造,2.83,25701552000.0,9081820494.699646,1.78,35871828016.99622,3.95,12.86,13.78,7.88,21.66,31.13,85.56,50.81,23.15,2.19,1.34,3.7,3.58,1,18.38,137
2504,國產,建材營造,3.3,22511070000.0,6821536363.636364,1.04,21599599685.945957,3.17,12.1,8.61,9.04,17.65,28.66,55.95,38.37,35.25,1.09,0.81,1.59,11.81,183,13.8,40
2505,國揚,建材營造,2.37,2697064000.0,1138001687.7637131,1.89,7785178391.715845,6.84,25.72,34.93,7.47,42.4,51.09,290.02,175.91,17.7,9.94,2.89,16.39,0.8,1,4.16,6
2506,太設,建材營造,0.02,1131755000.0,56587750000.0,0.01,1114926923.0078502,0.02,60.3,448.55,3.95,452.5,0.08,9.05,1.21,8.89,0.14,0.01,1.02,0.37,1,4.33,24
2509,全坤建,建材營造,-0.79,265950000.0,0.0,0.0,246659072.44857854,0.0,205.47,245.81,56.19,302.0,0.0,0.0,0.0,13.5,0.0,0.0,0.0,4.6,77,21.43,137
2511,太子,建材營造,0.33,8409668000.0,25483842424.242424,0.17,12471569271.655045,0.49,41.35,42.07,24.06,66.13,11.79,32.4,20.26,7.99,2.54,1.48,4.06,6.15,1,5.76,4
2514,龍邦,其他,1.85,21456939000.0,11598345405.405405,0.64,24338936785.160812,2.1,6.96,4.46,4.79,9.25,10.06,19.42,14.62,13.3,1.1,0.76,1.46,44.09,76,4.05,7
2515,中工,建材營造,0.4,20623506000.0,51558765000.0,0.19,25542762466.743813,0.5,29.2,26.42,18.21,44.63,9.1,22.32,14.6,13.05,1.12,0.7,1.71,0.0,0,38.29,182
2516,新建,建材營造,1.23,10516424000.0,8549938211.382114,0.33,8282490690.974264,0.97,18.92,34.5,10.24,44.74,9.93,43.4,18.35,13.65,1.34,0.73,3.18,7.75,85,5.36,3
2520,冠德,建材營造,2.73,22083667000.0,8089255311.355311,0.92,25206169385.23103,3.12,7.52,10.13,4.21,14.34,13.14,44.74,23.47,29.45,0.8,0.45,1.52,11.17,77,9.6,14
2524,京城,建材營造,1.7,5418439000.0,3187317058.8235297,0.25,1158043957.5644555,0.36,19.22,68.78,4.79,73.57,1.72,26.49,6.92,36.75,0.19,0.05,0.72,146.82,109,9.96,3
2527,宏璟,建材營造,0.93,676610000.0,727537634.4086021,6.36,13473209126.677399,18.52,14.81,37.57,5.12,42.69,94.82,790.62,274.31,34.05,8.06,2.78,23.22,2.42,1,3.69,12
2528,皇普,建材營造,3.65,17483401000.0,4789972876.712329,0.02,239603939.0423482,0.05,8.78,81.9,3.88,85.78,0.19,4.29,0.44,22.5,0.02,0.01,0.19,5.17,4,3.36,10
2530,華建,建材營造,2.03,7464765000.0,3677224137.931035,0.07,1388174933.149839,0.38,23.37,80.2,9.8,90.0,3.72,34.2,8.88,20.85,0.43,0.18,1.64,11.93,89,3.19,3
2534,宏盛,建材營造,2.07,5569958000.0,2690800966.183575,0.12,641961655.8052545,0.24,37.73,87.73,7.79,95.52,1.87,22.92,9.06,19.05,0.48,0.1,1.2,3.26,89,7.07,19
2535,達欣工,建材營造,6.5,20936358000.0,3220978153.8461537,2.97,34076553377.957527,10.58,11.3,5.22,8.65,13.87,91.52,146.74,119.55,72.1,1.66,1.27,2.04,6.56,4,13.1,182
2537,聯上發,建材營造,0.16,1134692000.0,7091825000.0,0.26,2522719758.9156003,0.36,24.17,62.41,8.92,71.33,3.21,25.68,8.7,10.2,0.85,0.31,2.52,44.76,77,14.59,24
2945,三商家購,貿易百貨,2.14,14731084000.0,6883684112.149532,0.75,16098594665.321394,2.34,20.52,13.48,17.15,30.63,40.13,71.67,48.03,41.15,1.17,0.98,1.74,3.49,6,3.08,61
2911,麗嬰房,貿易百貨,2.15,2396308000.0,1114561860.4651163,0.55,1632881577.3120964,1.47,2.38,0.46,2.28,2.74,3.35,4.03,3.5,5.1,0.69,0.66,0.79,66.67,158,20.5,47
2948,寶陞,居家生活類,2.17,2162553000.0,996568202.764977,0.69,2118626912.0642517,2.13,19.82,10.15,15.28,25.43,32.55,54.17,42.21,38.0,1.11,0.86,1.43,1.65,6,11.8,125
3152,璟德,通信網路業,9.42,1453293000.0,154277388.53503186,3.04,1285569148.325413,8.33,23.28,43.34,10.82,54.16,90.13,451.15,193.93,171.0,1.13,0.53,2.64,2.72,15,15.23,105
3158,嘉實,資訊服務業,7.28,272213000.0,37391895.604395606,0.0,0.0,0.0,12.99,2.04,12.26,14.3,0.0,0.0,0.0,89.3,0.0,0.0,0.0,44.57,152,3.31,11
3162,精確,電機機械,1.7,7712670000.0,4536864705.882353,0.6,8275884748.35261,1.82,42.75,94.03,20.41,114.44,37.15,208.28,77.81,73.2,1.06,0.51,2.85,14.42,168,33.2,118
3163,波若威,通信網路業,6.22,2168399000.0,348617202.5723473,2.52,2763676222.132213,7.93,53.26,192.19,16.01,208.2,126.96,1651.03,422.35,1145.0,0.37,0.11,1.44,68.25,76,61.59,129
3164,景岳,化學生技醫療,0.66,409110000.0,619863636.3636364,0.19,362727284.30485356,0.59,45.62,87.11,25.67,112.78,15.15,66.54,26.92,17.7,1.52,0.86,3.76,6.47,20,5.69,80
3167,大量,電機機械,8.13,4865952000.0,598518081.1808118,4.19,10238211476.997906,17.11,116.84,372.68,30.45,403.13,521.0,6897.55,1999.18,861.0,2.32,0.61,8.01,160.47,165,216.34,111
3168,眾福科,光電業,2.61,3411575000.0,1307116858.2375479,0.92,3641336922.560009,2.79,17.12,7.35,12.34,19.69,34.43,54.94,47.75,43.8,1.09,0.79,1.25,7.5,48,2.11,24
3169,亞信,半導體業,3.67,937780000.0,255525885.5585831,1.2,876143321.4631585,3.43,27.98,15.86,21.2,37.06,72.72,127.12,95.98,103.0,0.93,0.71,1.23,16.53,42,12.73,139
3176,基亞,生技醫療業,-0.78,1594260000.0,0.0,0.0,937159574.9367211,0.0,0.0,0.0,0.0,0.0,0.0,0.0,0.0,32.95,0.0,0.0,0.0,19.31,41,9.85,17
3188,鑫龍騰,建材營造,4.05,2525975000.0,623697530.8641976,2.91,22228592227.29143,35.64,12.68,17.43,6.15,23.58,219.19,840.39,452.09,25.75,17.56,8.51,32.64,69.68,91,8.25,32
3189,景碩,半導體業,3.51,38607846000.0,10999386324.786325,1.34,49385259486.31699,4.49,280.14,890.55,63.45,954.0,284.89,4283.46,1257.82,528.0,2.38,0.54,8.11,38.66,76,98.68,168
3191,雲嘉南,電子零組件業,0.51,174633000.0,342417647.0588235,0.16,165550066.24556273,0.48,34.75,16.63,26.37,43.0,12.66,20.64,16.68,14.0,1.19,0.9,1.47,0.68,25,31.1,164
3205,佰研,生技醫療業,-1.06,378949000.0,0.0,0.0,412291641.0227589,0.0,0.0,0.0,0.0,0.0,0.0,0.0,0.0,56.2,0.0,0.0,0.0,19.74,61,144.98,130
3206,志豐,電子零組件業,2.02,3236211000.0,1602084653.4653466,0.59,2806097491.334034,1.75,12.4,12.59,7.71,20.3,13.49,35.52,21.71,34.4,0.63,0.39,1.03,4.81,70,2.39,25
3207,耀勝,電子零組件業,-0.82,1826510000.0,0.0,0.0,2341041292.5694957,0.0,444.64,976.62,81.71,1058.33,0.0,0.0,0.0,62.3,0.0,0.0,0.0,4.81,78,0.0,0
3209,全科,電子工業,3.02,46097848000.0,15264188079.470198,1.33,57348418112.841255,3.76,13.53,8.34,9.77,18.11,36.74,68.09,50.87,52.2,0.97,0.7,1.3,23.42,160,1.71,41
3211,順達,電腦及週邊設備業,9.04,12836889000.0,1420009845.1327436,3.41,17872401012.303547,12.59,20.04,40.94,5.74,46.68,72.27,587.7,252.29,360.5,0.7,0.2,1.63,16.62,89,121.86,133
3149,正達,電子工業,-2.88,2236900000.0,0.0,0.0,2809656146.210653,0.0,0.0,0.0,0.0,0.0,0.0,0.0,0.0,47.3,0.0,0.0,0.0,97.0,168,48.55,159
3090,日電貿,電子工業,5.47,15451185000.0,2824713893.9670935,2.01,18657756568.571346,6.61,17.3,12.57,12.43,25.0,82.16,165.25,114.38,96.3,1.19,0.85,1.72,15.32,22,48.94,179
3092,鴻碩,電子工業,-5.14,1651362000.0,0.0,0.0,1508622853.2904146,0.0,0.0,0.0,0.0,0.0,0.0,0.0,0.0,32.0,0.0,0.0,0.0,3.48,183,10.2,13
3093,港建*,其他電子類,1.22,2019834000.0,1655601639.3442624,0.22,900245803.3790457,0.54,22.68,47.73,14.24,61.97,7.69,33.46,12.25,58.5,0.21,0.13,0.57,14.33,54,23.06,102
3094,聯傑,半導體業,0.26,192361000.0,739850000.0,0.08,167686881.1439167,0.23,136.04,181.26,50.82,232.08,11.69,53.38,31.29,26.2,1.19,0.45,2.04,28.69,69,18.75,19
3095,及成,通信網路業,-2.0,612881000.0,0.0,0.0,713429252.7013057,0.0,28.58,51.85,12.56,64.41,0.0,0.0,0.0,41.2,0.0,0.0,0.0,69.89,85,7.13,10
3105,穩懋,半導體業,4.0,16253435000.0,4063358750.0,1.53,20984180468.93503,5.16,103.28,429.72,27.04,456.76,139.53,2356.88,532.92,536.0,0.99,0.26,4.4,26.13,76,21.47,182
3114,好德,電子零組件業,2.23,3038288000.0,1362460986.5470853,0.72,3281288311.217822,2.41,18.43,23.73,10.56,34.29,25.45,82.64,44.42,25.8,1.72,0.99,3.2,7.12,67,14.85,164
3115,富榮綱,電子零組件業,-0.46,4770000.0,0.0,0.0,5157251.782775644,0.0,0.0,0.0,0.0,0.0,0.0,0.0,0.0,10.0,0.0,0.0,0.0,15.42,81,0.0,0
3118,進階,生技醫療業,2.46,730311000.0,296874390.24390244,0.8,695934978.645217,2.34,15.68,5.34,13.05,18.39,30.54,43.03,36.69,33.6,1.09,0.91,1.28,13.44,36,8.46,7
3122,笙泉,半導體業,-1.75,331361000.0,0.0,0.0,298399234.46272993,0.0,0.0,0.0,0.0,0.0,0.0,0.0,0.0,32.7,0.0,0.0,0.0,44.72,47,31.17,67
3128,昇銳,光電業,1.36,1127451000.0,829008088.2352941,0.44,975123690.6019685,1.18,24.52,32.43,10.56,42.99,12.46,50.73,28.93,23.8,1.22,0.52,2.13,11.26,85,89.79,66
3131,弘塑,其他電子類,45.48,5997783000.0,131877374.6701847,19.74,9019200184.341928,68.39,52.84,59.35,25.97,85.32,1776.09,5835.03,3613.45,2950.0,1.22,0.6,1.98,90.54,119,88.17,54
3135,凌航,半導體業,6.28,4559917000.0,726101433.1210191,0.0,0.0,0.0,86.64,201.77,14.9,216.67,0.0,0.0,0.0,141.5,0.0,0.0,0.0,16.08,172,51.8,179
3138,耀登,通信網路業,1.54,1696087000.0,1101355194.8051949,0.54,2109051470.2217305,1.91,58.76,154.19,22.64,176.83,43.24,337.75,112.23,152.0,0.74,0.28,2.22,8.56,19,25.15,144
3141,晶宏,半導體業,0.54,1635291000.0,3028316666.6666665,0.16,1662590906.8536975,0.55,80.79,104.57,41.38,145.95,22.76,80.27,44.44,47.85,0.93,0.48,1.68,23.38,34,7.94,34
3147,大綜,資訊服務業,8.86,8382879000.0,946148871.3318285,3.57,7549980140.158803,7.98,17.39,18.55,11.52,30.07,91.93,239.96,138.8,172.0,0.81,0.53,1.4,12.42,120,0.0,0
3213,茂訊,電腦及週邊設備業,7.4,2852455000.0,385466891.8918919,2.39,2851883085.706266,7.4,12.34,12.36,8.31,20.67,61.49,152.96,91.32,104.5,0.87,0.59,1.46,13.59,49,28.08,130
3217,優群,電子零組件業,12.69,4088779000.0,322204806.93459415,4.0,4373633488.520925,13.57,14.45,9.87,10.04,19.91,136.24,270.18,196.06,166.5,1.18,0.82,1.62,13.25,55,29.55,159
3218,大學光,生技醫療業,12.31,4192529000.0,340579122.6645004,4.28,4130602753.5137405,12.13,15.7,10.94,10.03,20.97,121.66,254.37,190.38,136.0,1.4,0.89,1.87,4.69,18,20.05,82
3290,東浦,電子零組件業,2.21,2309567000.0,1045052941.1764706,1.06,3754583507.8078527,3.59,19.86,14.56,11.88,26.44,42.65,94.92,71.28,46.65,1.53,0.91,2.03,54.17,172,77.51,173
3293,鈊象,文化創意業,38.51,21791052000.0,565854375.4868865,14.52,25326134912.029526,44.76,23.4,23.7,13.19,36.89,590.38,1651.2,1047.42,748.0,1.4,0.79,2.21,50.5,71,5.54,45
3294,英濟,電子零組件業,-0.48,3657141000.0,0.0,0.0,3363475911.1094,0.0,68.28,51.43,38.79,90.22,0.0,0.0,0.0,30.5,0.0,0.0,0.0,18.91,76,105.22,124
3296,勝德,電子工業,0.61,1601750000.0,2625819672.1311474,0.18,1450685115.7201037,0.55,182.87,950.27,16.4,966.67,9.02,531.67,100.58,19.5,5.16,0.46,27.27,26.93,64,20.47,105
3297,杭特,光電業,0.47,195991000.0,417002127.6595745,0.16,232120932.8134901,0.56,382.57,1252.34,67.66,1320.0,37.89,739.2,214.24,32.05,6.68,1.18,23.06,99.5,64,96.94,69
3303,岱稜,其他電子類,4.57,3015706000.0,659891903.7199124,1.54,3078790250.723993,4.67,13.3,12.74,9.46,22.2,44.18,103.67,62.11,49.0,1.27,0.9,2.12,100.58,134,5.34,14
3305,昇貿,其他電子業,3.16,10218236000.0,3233618987.341772,1.51,16052721505.831648,4.96,29.56,38.86,14.61,53.47,72.47,265.21,146.61,108.5,1.35,0.67,2.44,26.08,49,162.8,133
3306,鼎天,通信網路業,1.95,1067643000.0,547509230.7692307,0.56,1233853839.4582603,2.25,20.83,22.54,11.35,33.89,25.54,76.25,46.88,46.4,1.01,0.55,1.64,24.41,69,57.08,174
3308,聯德,電子工業,0.68,6815000.0,10022058.823529411,0.36,9975539.495114006,1.0,28.04,48.49,4.21,52.7,4.21,52.7,28.04,20.65,1.36,0.2,2.55,18.41,29,6.8,39
3310,佳穎,電子零組件業,3.55,2657456000.0,748579154.9295775,0.74,962987074.8742366,1.29,24.58,20.23,16.17,36.4,20.86,46.96,31.7,69.9,0.45,0.3,0.67,1.89,5,4.15,7
3311,閎暉,通信網路業,1.62,2377310000.0,1467475308.6419752,0.49,2055070179.167767,1.4,37.26,47.82,19.77,67.59,27.68,94.63,52.16,30.65,1.7,0.9,3.09,5.14,29,4.73,89
3312,弘憶股,電子工業,1.74,20699880000.0,11896482758.62069,0.63,21476897248.390694,1.81,31.64,64.98,14.94,79.92,27.04,144.66,57.27,40.8,1.4,0.66,3.55,132.26,70,2.04,14
3317,尼克森,半導體業,1.8,2705899000.0,1503277222.222222,0.63,2952212010.6278167,1.96,19.02,21.33,13.19,34.52,25.85,67.66,37.28,55.7,0.67,0.46,1.21,10.87,46,37.32,178
3321,同泰,電子工業,-2.77,2164390000.0,0.0,0.0,2040001424.0820887,0.0,0.0,0.0,0.0,0.0,0.0,0.0,0.0,16.0,0.0,0.0,0.0,44.44,88,157.48,164
3322,建舜電,電子零組件業,-0.96,2983337000.0,0.0,0.0,3150104579.4701686,0.0,67.19,68.16,37.29,105.45,0.0,0.0,0.0,13.5,0.0,0.0,0.0,8.97,27,22.39,103
3323,加百裕,電腦及週邊設備業,-1.92,5105491000.0,0.0,0.0,4335761413.953301,0.0,0.0,0.0,0.0,0.0,0.0,0.0,0.0,33.65,0.0,0.0,0.0,32.12,64,77.36,132
3324,雙鴻,其他電子類,28.2,21817975000.0,773687056.7375886,14.7,42968165165.52099,55.54,38.82,46.79,18.7,65.49,1038.6,3637.31,2155.85,1140.0,1.89,0.91,3.19,16.32,27,106.05,182
3325,旭品,電腦及週邊設備業,-1.64,1256726000.0,0.0,0.0,1069356983.9333922,0.0,271.28,124.09,196.82,320.91,0.0,0.0,0.0,13.0,0.0,0.0,0.0,9.46,32,18.34,18
3289,宜特,其他電子類,4.81,4777382000.0,993218711.0187111,1.53,4831936361.108524,4.86,22.89,30.98,12.78,43.76,62.11,212.67,111.27,199.0,0.56,0.31,1.07,36.46,174,31.22,129
3088,艾訊,電腦及週邊設備業,4.68,6889683000.0,1472154487.1794872,1.99,8718085807.86025,5.92,15.36,10.79,11.45,22.24,67.78,131.66,90.95,108.0,0.84,0.63,1.22,34.29,33,0.0,0
3288,點晶,電子零組件業,-0.64,77563000.0,0.0,0.0,70037293.39594564,0.0,754.28,732.86,194.64,927.5,0.0,0.0,0.0,15.45,0.0,0.0,0.0,26.62,54,15.9,32
3285,微端,其他電子類,0.7,662942000.0,947060000.0000001,0.33,969711789.8929945,1.02,36.83,70.89,20.25,91.14,20.66,92.96,37.57,28.5,1.32,0.72,3.26,31.42,64,17.5,145
3221,台嘉碩,通信網路業,0.07,2201258000.0,31446542857.142853,0.02,2282641733.4197774,0.07,302.93,1830.71,16.79,1847.5,1.18,129.33,21.2,42.85,0.49,0.03,3.02,18.57,76,26.84,171
3224,三顧,電子通路業,-1.54,1500335000.0,0.0,0.0,1614706821.7670429,0.0,0.0,0.0,0.0,0.0,0.0,0.0,0.0,50.6,0.0,0.0,0.0,21.24,32,21.98,115
3226,龍鋒,電機機械,0.24,1641105000.0,6837937500.0,0.07,1108838409.2971437,0.16,26.85,180.09,6.79,186.88,1.09,29.9,4.3,0.0,0.0,0.0,0.0,8.73,69,0.0,0
3227,原相,半導體業,12.38,9123528000.0,736957027.4636511,4.07,8728389575.221167,11.84,19.58,16.48,13.86,30.34,164.1,359.23,231.83,207.5,1.12,0.79,1.73,76.04,147,17.66,154
3228,金麗科,半導體業,-2.03,306400000.0,0.0,0.0,316385660.681864,0.0,0.0,0.0,0.0,0.0,0.0,0.0,0.0,198.0,0.0,0.0,0.0,42.73,32,22.47,20
3229,晟鈦,電子工業,-0.43,1001150000.0,0.0,0.0,1477402113.7848647,0.0,122.54,120.0,79.64,199.64,0.0,0.0,0.0,40.05,0.0,0.0,0.0,132.57,67,34.62,25
3230,錦明,光電業,-1.6,415534000.0,0.0,0.0,338967722.43058896,0.0,13.28,12.79,6.88,19.67,0.0,0.0,0.0,35.5,0.0,0.0,0.0,376.23,166,64.18,130
3231,緯創,電子工業,9.02,2036922031000.0,225822841574.2794,4.88,4962602306671.822,21.98,18.84,16.36,12.39,28.75,272.33,631.93,414.04,137.0,3.02,1.99,4.61,3.93,26,47.87,158
3232,昱捷,電子通路業,0.29,909225000.0,3135258620.6896553,0.1,837355986.5504546,0.27,94.57,128.89,53.11,182.0,14.34,49.14,25.53,21.4,1.19,0.67,2.3,0.0,0,1.99,7
3234,光環,通信網路業,-1.4,673287000.0,0.0,0.0,638185838.9952422,0.0,0.0,0.0,0.0,0.0,0.0,0.0,0.0,113.5,0.0,0.0,0.0,9.68,160,21.36,181
3236,千如,電子零組件業,0.32,2009218000.0,6278806250.0,0.12,2514541818.558755,0.4,160.2,427.78,55.97,483.75,22.39,193.5,64.08,29.75,2.15,0.75,6.5,14.64,76,59.63,180
3257,虹冠電,半導體業,3.43,1035739000.0,301964723.03207,0.67,843203104.3039781,2.79,21.2,19.23,13.26,32.49,37.0,90.65,59.16,53.3,1.11,0.69,1.7,18.74,174,66.6,178
3259,鑫創,半導體業,-2.36,283935000.0,0.0,0.0,254966324.8558332,0.0,0.0,0.0,0.0,0.0,0.0,0.0,0.0,17.0,0.0,0.0,0.0,43.66,63,0.0,0
3260,威剛,半導體業,23.14,50120672000.0,2165975453.759723,14.74,125118031557.86066,57.77,14.68,27.85,6.8,34.65,392.84,2001.73,848.31,436.0,1.95,0.9,4.59,18.81,6,139.21,178
3264,欣銓,半導體業,6.0,13781453000.0,2296908833.3333335,2.3,17064126528.897984,7.43,17.34,24.64,10.42,35.06,77.42,260.5,128.84,195.0,0.66,0.4,1.34,4.22,49,25.34,182
3265,台星科,半導體業,5.48,4581276000.0,835999270.0729927,2.08,5500202743.317912,6.58,19.41,21.2,11.28,32.48,74.22,213.72,127.69,168.0,0.76,0.44,1.27,7.92,50,14.62,73
3266,昇陽,建材營造,0.58,1779877000.0,3068753448.275862,0.21,1562514086.3052378,0.51,10.81,16.84,7.56,24.4,3.86,12.44,5.51,13.5,0.41,0.29,0.92,12.88,32,1.25,4
3268,海德威,半導體業,-1.33,927369000.0,0.0,0.0,1001573937.7246523,0.0,72.09,45.38,45.0,90.38,0.0,0.0,0.0,17.2,0.0,0.0,0.0,28.29,36,0.22,4
3272,東碩,電腦及週邊設備業,-7.68,2947040000.0,0.0,0.0,2576411214.0031114,0.0,0.0,0.0,0.0,0.0,0.0,0.0,0.0,17.9,0.0,0.0,0.0,17.29,174,12.15,25
3276,宇環,電子零組件業,0.21,504802000.0,2403819047.6190476,0.07,510043878.64298856,0.21,78.97,112.56,24.11,136.67,5.06,28.7,16.58,14.85,1.12,0.34,1.93,3.59,6,38.43,110
3284,太普高,其他,2.38,858605000.0,360758403.3613446,0.82,860515318.9662516,2.39,17.56,39.42,6.8,46.22,16.25,110.47,41.96,15.7,2.67,1.04,7.04,96.86,105,1.36,10
3287,廣寰科,電腦及週邊設備業,1.5,907187000.0,604791333.3333334,0.52,1103984030.8881507,1.83,25.12,42.35,12.11,54.46,22.16,99.66,45.97,28.05,1.64,0.79,3.55,5.79,47,0.0,0
3086,華義*,文化創意業,-0.64,156507000.0,0.0,0.0,135444559.08213598,0.0,318.78,1113.6,53.07,1166.67,0.0,0.0,0.0,38.6,0.0,0.0,0.0,133.06,144,53.7,180
3083,網龍,文化創意業,0.43,380390000.0,884627906.9767442,0.16,513005518.3256173,0.58,671.68,5062.22,37.78,5100.0,21.91,2958.0,389.58,27.25,14.3,0.8,108.55,15.29,57,13.65,6
3019,亞光,電子工業,6.6,26484102000.0,4012742727.2727275,2.07,29149343195.026295,7.26,24.08,20.25,18.26,38.51,132.57,279.58,174.79,138.5,1.26,0.96,2.02,101.69,146,27.04,129
3021,鴻名,電子工業,0.32,3240411000.0,10126284375.0,0.1,3677549353.469656,0.36,44.68,103.19,14.46,117.65,5.21,42.35,16.08,17.2,0.93,0.3,2.46,66.09,176,8.7,108
3022,威強電,電子工業,4.62,6419504000.0,1389503030.3030303,1.61,6169081004.605876,4.44,11.35,8.4,7.72,16.12,34.28,71.57,50.4,69.0,0.73,0.5,1.04,24.3,77,3.45,12
3023,信邦,電子工業,13.02,31359136000.0,2408535791.09063,4.55,31586386292.104183,13.11,18.25,12.22,12.69,24.91,166.37,326.57,239.32,283.5,0.84,0.59,1.15,22.56,82,11.58,108
3024,憶聲,光電業,0.27,2320313000.0,8593751851.85185,0.04,559325336.895737,0.07,37.6,71.58,12.65,84.23,0.89,5.9,2.63,12.7,0.21,0.07,0.46,17.07,91,1.61,19
3025,星通,通信網路業,3.45,559413000.0,162148695.6521739,1.91,1113984562.2718053,6.87,20.0,25.17,11.88,37.05,81.62,254.53,137.4,60.1,2.29,1.36,4.24,24.18,159,3.82,12
3026,禾伸堂,電子工業,6.58,13298266000.0,2021013069.9088147,2.35,14296645244.60108,7.07,18.15,26.54,12.21,38.75,86.32,273.96,128.31,212.5,0.6,0.41,1.29,3.1,50,42.26,174
3027,盛達,通信網路業,-1.05,2214276000.0,0.0,0.0,1157694926.2661536,0.0,50.27,43.22,29.68,72.9,0.0,0.0,0.0,18.6,0.0,0.0,0.0,0.33,5,21.48,14
3028,增你強,電子工業,3.15,40725187000.0,12928630793.650793,1.65,72919556060.74059,5.64,16.92,13.97,11.33,25.3,63.9,142.69,95.45,68.3,1.4,0.94,2.09,1.94,4,10.44,179
3029,零壹,資訊服務業,6.54,24933295000.0,3812430428.134557,2.24,25149691877.750336,6.6,21.24,22.36,14.26,36.62,94.12,241.69,140.16,102.0,1.37,0.92,2.37,53.85,68,3.57,12
3030,德律,其他電子業,10.49,8268662000.0,788242326.0247855,4.02,10609585164.330555,13.46,21.1,26.97,10.78,37.75,145.1,508.12,283.96,342.5,0.83,0.42,1.48,76.28,32,92.83,119
3031,佰鴻,光電業,1.09,1133837000.0,1040217431.1926605,0.38,1260164024.5893433,1.21,18.36,18.01,12.95,30.96,15.67,37.46,22.21,31.55,0.7,0.5,1.19,26.73,168,17.03,173
3032,偉訓,電子工業,-7.94,10818284000.0,0.0,0.0,13265864396.89568,0.0,14.97,16.54,9.21,25.75,0.0,0.0,0.0,64.0,0.0,0.0,0.0,2.89,6,78.89,87
3018,隆銘綠能,電子工業,-2.14,562789000.0,0.0,0.0,185307944.94517097,0.0,0.0,0.0,0.0,0.0,0.0,0.0,0.0,10.7,0.0,0.0,0.0,115.88,127,0.0,0
3017,奇鋐,電腦及週邊設備業,49.17,132329140000.0,2691257677.4455967,23.4,278133270987.68915,103.35,35.85,44.05,16.15,60.2,1669.1,6221.67,3704.84,2835.0,1.31,0.59,2.19,23.63,27,181.07,182
2949,欣新網,數位雲端類,3.99,5647538000.0,1415423057.6441102,1.34,6589544490.126652,4.66,20.48,11.96,14.99,26.95,69.85,125.59,95.43,55.2,1.73,1.27,2.28,0.49,1,0.0,0
3002,歐格,電子工業,0.35,693459000.0,1981311428.5714288,0.12,836546249.3774924,0.42,102.37,265.23,44.77,310.0,18.8,130.2,43.0,18.05,2.38,1.04,7.21,15.65,64,83.82,171
3003,健和興,電子工業,0.98,4364959000.0,4454039795.918367,0.38,5250928107.231891,1.18,25.05,44.81,11.86,56.67,13.99,66.87,29.55,54.7,0.54,0.26,1.22,29.74,137,4.32,12
3004,豐達科,鋼鐵工業,5.85,3988571000.0,681807008.5470086,2.36,5035749107.516102,7.39,16.84,12.93,10.84,23.77,80.11,175.66,124.48,116.5,1.07,0.69,1.51,4.89,12,65.47,25
3005,神基,電子工業,8.43,39125415000.0,4641211743.772243,2.73,39369481228.388405,8.48,16.06,9.75,11.49,21.24,97.44,180.12,136.21,97.6,1.4,1.0,1.85,16.74,61,52.07,124
3006,晶豪科,半導體業,0.87,13448840000.0,15458436781.609196,0.61,32155236670.309677,2.08,73.98,220.96,20.15,241.11,41.91,501.51,153.88,169.5,0.91,0.25,2.96,16.93,49,86.63,181
3008,大立光,光電業,159.41,61150341000.0,383604171.6328963,55.13,63987195864.712006,166.81,14.36,11.34,9.27,20.61,1546.33,3437.95,2396.21,2515.0,0.95,0.61,1.37,47.47,70,13.8,158
3010,華立,電子工業,8.84,77983858000.0,8821703393.66516,3.22,88743320179.21169,10.06,13.45,8.0,9.17,17.17,92.25,172.73,135.26,132.5,1.02,0.7,1.3,19.31,75,13.21,27
3011,今皓,電子工業,-2.55,786448000.0,0.0,0.0,497452963.0293226,0.0,0.0,0.0,0.0,0.0,0.0,0.0,0.0,14.05,0.0,0.0,0.0,15.56,172,22.94,109
3013,晟銘電,電子工業,4.03,10402632000.0,2581298263.027295,1.59,12350128324.823563,4.78,43.11,65.2,21.49,86.69,102.72,414.38,206.07,104.5,1.97,0.98,3.97,117.04,173,50.33,53
3014,聯陽,半導體業,9.51,6951047000.0,730919768.6645637,3.02,6975220019.115491,9.54,13.99,7.1,10.97,18.07,104.65,172.39,133.49,124.0,1.08,0.84,1.39,9.2,63,7.63,56
3015,全漢,電子工業,1.86,13156678000.0,7073482795.698924,0.56,12886615750.632246,1.82,28.02,24.77,15.96,40.73,29.05,74.13,50.99,49.6,1.03,0.59,1.49,9.58,47,21.12,24
3016,嘉晶,半導體業,0.07,3837008000.0,54814399999.99999,0.03,4536676284.520801,0.08,1021.33,7230.54,29.46,7260.0,2.36,580.8,81.71,89.7,0.91,0.03,6.47,16.97,64,80.38,178
3033,威健,電子工業,1.81,109006122000.0,60224376795.58011,0.67,123562591391.43658,2.05,16.61,10.11,11.68,21.79,23.94,44.67,34.06,35.75,0.95,0.67,1.25,11.23,70,9.49,95
3034,聯詠,半導體業,26.87,101870569000.0,3791238146.6319313,8.04,87060878867.03143,22.96,14.55,4.24,12.54,16.78,287.92,385.27,334.14,409.0,0.82,0.7,0.94,3.9,5,6.21,62
3050,鈺德,電子工業,0.04,1233506000.0,30837650000.0,0.01,1243945769.0654078,0.04,64.94,342.68,19.82,362.5,0.79,14.5,2.6,12.25,0.21,0.06,1.18,21.1,67,3.62,12
3051,力特,光電業,1.01,1914043000.0,1895092079.2079208,0.29,1570375327.1207764,0.83,17.2,25.05,10.87,35.92,9.02,29.81,14.28,28.35,0.5,0.32,1.05,0.0,0,0.0,0
3052,夆典,建材營造,1.1,3378991000.0,3071809999.9999995,0.39,3837973082.898696,1.25,11.42,4.5,9.33,13.83,11.66,17.29,14.27,10.65,1.34,1.09,1.62,1.44,89,24.45,69
3055,蔚華科,電子工業,-2.68,431835000.0,0.0,0.0,630245675.6756756,0.0,0.0,0.0,0.0,0.0,0.0,0.0,0.0,78.3,0.0,0.0,0.0,35.77,55,31.04,68
3056,富華新,建材營造,1.46,7242624000.0,4960701369.863014,0.08,415656456.36096644,0.08,60.99,380.04,2.46,382.5,0.2,30.6,4.88,13.9,0.35,0.01,2.2,14.91,91,0.92,4
3057,喬鼎,電子工業,-0.95,620855000.0,0.0,0.0,607392464.0337412,0.0,0.0,0.0,0.0,0.0,0.0,0.0,0.0,20.15,0.0,0.0,0.0,50.0,63,62.94,158
3058,立德,電子工業,-1.44,3179968000.0,0.0,0.0,2987478988.9796042,0.0,77.07,2.78,75.74,78.52,0.0,0.0,0.0,8.58,0.0,0.0,0.0,2.36,46,20.52,109
3059,華晶科,電子工業,1.24,8728393000.0,7039026612.903226,0.38,9124359047.524067,1.3,33.96,29.43,25.35,54.78,32.96,71.21,44.15,40.3,1.1,0.82,1.77,14.14,25,73.08,129
3060,銘異,電子工業,-0.4,3807613000.0,0.0,0.0,4045177988.430555,0.0,44.93,31.18,34.04,65.22,0.0,0.0,0.0,28.05,0.0,0.0,0.0,26.88,26,6.21,158
3062,建漢,通信網路業,0.7,4240911000.0,6058444285.714286,0.25,4838351764.408476,0.8,355.13,2940.32,9.68,2950.0,7.74,2360.0,284.11,24.9,11.41,0.31,94.78,75.52,137,31.25,181
3064,泰偉,文化創意業,-3.52,82696000.0,0.0,0.0,74135711.03030303,0.0,349.1,1207.0,83.0,1290.0,0.0,0.0,0.0,20.75,0.0,0.0,0.0,164.87,54,40.11,74
3066,李洲,光電業,-1.39,241414000.0,0.0,0.0,282612199.23156744,0.0,24.45,28.8,11.08,39.88,0.0,0.0,0.0,18.9,0.0,0.0,0.0,64.51,172,2.2,104
3067,全域,其他電子類,-0.83,56255000.0,0.0,0.0,100057540.87803786,0.0,50.46,48.01,28.08,76.09,0.0,0.0,0.0,18.0,0.0,0.0,0.0,10.85,18,18.52,42
3071,協禧,電腦及週邊設備業,0.57,2306306000.0,4046150877.1929827,0.23,2903659744.6244416,0.72,33.18,38.81,19.79,58.6,14.25,42.19,23.89,30.35,0.79,0.47,1.39,20.23,64,36.82,122
3078,僑威,電子零組件業,6.07,10447611000.0,1721187973.6408565,1.29,6110918768.834707,3.55,12.18,9.25,8.73,17.98,30.99,63.83,43.25,55.5,0.78,0.56,1.15,0.91,27,28.67,103
3081,聯亞,通信網路業,4.66,2061242000.0,442326609.44206005,2.57,4304045571.12582,9.73,470.27,1193.76,146.24,1340.0,1422.92,13038.2,4575.76,2640.0,1.73,0.54,4.94,182.53,165,80.22,129
3049,精金,電子工業,-0.64,1466127000.0,0.0,0.0,1253590507.1842115,0.0,0.0,0.0,0.0,0.0,0.0,0.0,0.0,12.2,0.0,0.0,0.0,53.02,158,1.43,12
3048,益登,電子通路業,2.01,115983074000.0,57703021890.54727,0.75,129400509997.24782,2.24,103.43,1165.56,16.94,1182.5,37.95,2648.8,231.69,38.15,6.07,0.99,69.43,122.46,64,87.8,126
3035,智原,半導體業,2.81,18137133000.0,6454495729.537367,0.55,7531953909.774554,1.17,53.74,29.82,38.47,68.29,45.01,79.9,62.88,168.0,0.37,0.27,0.48,24.26,75,4.7,12
3036,文曄,電子工業,11.6,1175163222000.0,101307174310.34483,5.85,2029808030837.6934,20.04,19.32,29.9,11.09,40.99,222.24,821.44,387.16,204.0,1.9,1.09,4.03,0.0,0,25.0,181
3037,欣興,電子工業,4.38,128735949000.0,29391769178.08219,1.68,160952974537.47012,5.48,63.78,192.2,21.2,213.4,116.18,1169.43,349.53,883.0,0.4,0.13,1.32,21.07,76,75.48,180
3038,全台,光電業,1.11,3064638000.0,2760935135.1351347,0.35,2755308406.4615903,1.0,13.93,12.99,8.32,21.31,8.32,21.31,13.93,22.9,0.61,0.36,0.93,3.44,27,0.0,0
3040,遠見,其他,0.32,132227000.0,413209375.0,0.11,140289001.53898382,0.34,69.53,143.85,28.73,172.58,9.77,58.68,23.64,42.85,0.55,0.23,1.37,62.96,141,64.32,130
3041,揚智,半導體業,-3.45,1243147000.0,0.0,0.0,1771746831.7958417,0.0,0.0,0.0,0.0,0.0,0.0,0.0,0.0,23.5,0.0,0.0,0.0,3.21,46,18.62,140
3042,晶技,電子工業,5.28,13362235000.0,2530726325.7575755,1.72,13869045196.524622,5.48,16.67,19.35,12.1,31.45,66.31,172.35,91.38,153.0,0.6,0.43,1.13,8.04,174,11.05,39
3043,科風,其他電子業,-2.67,899132000.0,0.0,0.0,612506756.7765567,0.0,53.46,86.99,23.21,110.2,0.0,0.0,0.0,20.5,0.0,0.0,0.0,23.15,62,4.48,19
3047,訊舟,電子工業,-0.9,3860331000.0,0.0,0.0,2234477687.5619392,0.0,92.65,164.72,17.78,182.5,0.0,0.0,0.0,14.65,0.0,0.0,0.0,215.99,70,7.01,118
3046,建碁,電子工業,4.01,7193415000.0,1793869077.3067334,1.45,8273990670.547279,4.61,14.0,11.43,9.45,20.88,43.56,96.26,64.54,48.5,1.33,0.9,1.98,7.48,123,13.18,41
3045,台灣大,通信網路業,4.77,197871798000.0,41482557232.70441,1.64,205455831830.0388,4.95,24.32,6.22,21.93,28.15,108.55,139.34,120.37,111.5,1.08,0.97,1.25,13.94,144,4.41,47
3044,健鼎,電子零組件業,19.45,72704288000.0,3738009665.8097687,7.31,87163222606.0327,23.32,15.38,15.66,9.28,24.94,216.41,581.6,358.7,448.5,0.8,0.48,1.3,19.0,7,81.65,182
IronSteel,鋼鐵類指數,Index,0.0,0.0,0.0,0.0,0.0,0.0,0.0,0.0,0.0,0.0,0.0,0.0,0.0,114.29,0.0,0.0,0.0,1.7,18,1.31,12
OtherElectronic,其他電子類指數,Index,0.0,0.0,0.0,0.0,0.0,0.0,0.0,0.0,0.0,0.0,0.0,0.0,0.0,256.3,0.0,0.0,0.0,38.3,70,67.52,181
OilGasElectricity,油電燃氣類指數,Index,0.0,0.0,0.0,0.0,0.0,0.0,0.0,0.0,0.0,0.0,0.0,0.0,0.0,78.37,0.0,0.0,0.0,0.04,1,24.37,174
Optoelectronic,光電類指數,Index,0.0,0.0,0.0,0.0,0.0,0.0,0.0,0.0,0.0,0.0,0.0,0.0,0.0,48.27,0.0,0.0,0.0,21.68,74,12.17,158
Other,其他類指數,Index,0.0,0.0,0.0,0.0,0.0,0.0,0.0,0.0,0.0,0.0,0.0,0.0,0.0,266.88,0.0,0.0,0.0,3.94,91,3.04,19
PaperPulp,造紙類指數,Index,0.0,0.0,0.0,0.0,0.0,0.0,0.0,0.0,0.0,0.0,0.0,0.0,0.0,238.3,0.0,0.0,0.0,0.0,0,6.92,21
TAIEX,加權指數,大盤,0.0,0.0,0.0,0.0,0.0,0.0,0.0,0.0,0.0,0.0,0.0,0.0,0.0,38926.63,0.0,0.0,0.0,20.61,70,36.11,180
Rubber,橡膠類指數,Index,0.0,0.0,0.0,0.0,0.0,0.0,0.0,0.0,0.0,0.0,0.0,0.0,0.0,189.38,0.0,0.0,0.0,16.24,33,4.5,19
Semiconductor,半導體類指數,Index,0.0,0.0,0.0,0.0,0.0,0.0,0.0,0.0,0.0,0.0,0.0,0.0,0.0,1301.84,0.0,0.0,0.0,34.73,70,51.31,181
ShippingTransportation,航運業類指數,Index,0.0,0.0,0.0,0.0,0.0,0.0,0.0,0.0,0.0,0.0,0.0,0.0,0.0,173.59,0.0,0.0,0.0,23.96,35,18.25,20
Textiles,紡織纖維類指數,Index,0.0,0.0,0.0,0.0,0.0,0.0,0.0,0.0,0.0,0.0,0.0,0.0,0.0,453.59,0.0,0.0,0.0,8.68,74,3.99,12
Tourism,觀光事業類指數,Index,0.0,0.0,0.0,0.0,0.0,0.0,0.0,0.0,0.0,0.0,0.0,0.0,0.0,100.41,0.0,0.0,0.0,2.45,14,4.74,21
InformationService,資訊服務類指數,Index,0.0,0.0,0.0,0.0,0.0,0.0,0.0,0.0,0.0,0.0,0.0,0.0,0.0,196.12,0.0,0.0,0.0,9.96,75,3.42,160
Plastics,塑膠類指數,Index,0.0,0.0,0.0,0.0,0.0,0.0,0.0,0.0,0.0,0.0,0.0,0.0,0.0,205.65,0.0,0.0,0.0,0.5,4,24.71,108
GlassCeramic,玻璃陶瓷類指數,Index,0.0,0.0,0.0,0.0,0.0,0.0,0.0,0.0,0.0,0.0,0.0,0.0,0.0,153.63,0.0,0.0,0.0,12.53,46,118.06,108
BuildingMaterialConstruction,建材營造類指數,Index,0.0,0.0,0.0,0.0,0.0,0.0,0.0,0.0,0.0,0.0,0.0,0.0,0.0,452.01,0.0,0.0,0.0,14.96,91,2.21,3
FinancialInsurance,金融保險類指數,Index,0.0,0.0,0.0,0.0,0.0,0.0,0.0,0.0,0.0,0.0,0.0,0.0,0.0,2478.15,0.0,0.0,0.0,15.78,71,10.84,174
ElectronicProductsDistribution,電子通路類指數,Index,0.0,0.0,0.0,0.0,0.0,0.0,0.0,0.0,0.0,0.0,0.0,0.0,0.0,334.73,0.0,0.0,0.0,1.79,5,5.05,46
ElectronicPartsComponents,電子零組件類指數,Index,0.0,0.0,0.0,0.0,0.0,0.0,0.0,0.0,0.0,0.0,0.0,0.0,0.0,848.61,0.0,0.0,0.0,17.95,70,100.81,179
Electronic,電子類指數,Index,0.0,0.0,0.0,0.0,0.0,0.0,0.0,0.0,0.0,0.0,0.0,0.0,0.0,2497.52,0.0,0.0,0.0,28.31,70,50.62,180
ElectricMachinery,電機機械類指數,Index,0.0,0.0,0.0,0.0,0.0,0.0,0.0,0.0,0.0,0.0,0.0,0.0,0.0,554.86,0.0,0.0,0.0,4.74,63,26.52,182
ElectricalCable,電器電纜類指數,Index,0.0,0.0,0.0,0.0,0.0,0.0,0.0,0.0,0.0,0.0,0.0,0.0,0.0,94.9,0.0,0.0,0.0,3.97,18,28.35,160
ComputerPeripheralEquipment,電腦及週邊設備類指數,Index,0.0,0.0,0.0,0.0,0.0,0.0,0.0,0.0,0.0,0.0,0.0,0.0,0.0,356.76,0.0,0.0,0.0,14.97,49,36.97,181
CommunicationsInternet,通信網路類指數,Index,0.0,0.0,0.0,0.0,0.0,0.0,0.0,0.0,0.0,0.0,0.0,0.0,0.0,239.36,0.0,0.0,0.0,8.44,145,14.88,133
ChemicalBiotechnologyMedicalCare,化學生技醫療類指數,Index,0.0,0.0,0.0,0.0,0.0,0.0,0.0,0.0,0.0,0.0,0.0,0.0,0.0,140.78,0.0,0.0,0.0,10.92,76,29.37,129
Chemical,化學類指數,Index,0.0,0.0,0.0,0.0,0.0,0.0,0.0,0.0,0.0,0.0,0.0,0.0,0.0,190.73,0.0,0.0,0.0,4.04,148,10.12,122
Cement,水泥類指數,Index,0.0,0.0,0.0,0.0,0.0,0.0,0.0,0.0,0.0,0.0,0.0,0.0,0.0,123.45,0.0,0.0,0.0,4.81,63,2.79,10
BiotechnologyMedicalCare,生技醫療類指數,Index,0.0,0.0,0.0,0.0,0.0,0.0,0.0,0.0,0.0,0.0,0.0,0.0,0.0,73.93,0.0,0.0,0.0,17.7,76,41.2,129
Automobile,汽車類指數,Index,0.0,0.0,0.0,0.0,0.0,0.0,0.0,0.0,0.0,0.0,0.0,0.0,0.0,279.83,0.0,0.0,0.0,2.21,49,2.29,12
TPEx,櫃買指數,大盤,0.0,0.0,0.0,0.0,0.0,0.0,0.0,0.0,0.0,0.0,0.0,0.0,0.0,384.58,0.0,0.0,0.0,12.45,70,18.83,143
Food,食品類指數,Index,0.0,0.0,0.0,0.0,0.0,0.0,0.0,0.0,0.0,0.0,0.0,0.0,0.0,1870.19,0.0,0.0,0.0,11.96,82,6.58,80
TradingConsumersGoods,貿易百貨類指數,Index,0.0,0.0,0.0,0.0,0.0,0.0,0.0,0.0,0.0,0.0,0.0,0.0,0.0,228.76,0.0,0.0,0.0,8.19,146,0.01,63
