代號,名稱,產業別,前一年_EPS,前一年營收_e,轉換數據EPS_1,本年度累積營收換算EPS,推估本年度營收,推估本年度EPS,平均前2年本益比,前2年本益比最高最低差,前2年最低本益比,前2年最高本益比,用本年度推估EPS換算股價最低值,用本年度推估EPS換算股價最高值,用本年度推估EPS換算股價平均值,今日股價,報酬,風險,加成,前兩年往後6月最高漲幅_%,前兩年往後6月達最高花費天數,前一年往後6月最高漲幅_%,前一年往後6月達最高花費天數
5450,寶聯通,電腦及週邊設備業,0.22,2421173000.0,11005331818.181818,0.12,2564775763.5954576,0.23,33.25,69.42,11.11,80.53,2.56,18.52,7.65,14.2,0.54,0.18,1.3,5.93,4,1.01,10
5481,新華,電子零組件業,-0.65,97157000.0,0.0,0.0,89528919.95925815,0.0,0.0,0.0,0.0,0.0,0.0,0.0,0.0,22.8,0.0,0.0,0.0,140.07,179,6.35,111
3629,地心引力,光電業,-0.65,4873000.0,0.0,0.0,1780554689.1891892,0.0,0.0,0.0,0.0,0.0,0.0,0.0,0.0,15.3,0.0,0.0,0.0,14.66,64,0.0,0
3687,歐買尬,文化創意業,4.68,1807323000.0,386180128.20512825,2.58,2049130953.789708,5.31,32.07,45.39,13.34,58.73,70.84,311.86,170.27,78.0,2.18,0.91,4.0,12.16,134,14.86,128
6238,勝麗,其他電子類,0.0,0.0,0.0,0.0,0.0,0.0,0.0,0.0,0.0,0.0,0.0,0.0,0.0,0.0,0.0,0.0,0.0,0.0,0,0.0,0
00835B,第一金科技債10+,上櫃指數股票型基金(ETF),0.0,0.0,0.0,0.0,0.0,0.0,0.0,0.0,0.0,0.0,0.0,0.0,0.0,0.0,0.0,0.0,0.0,0.0,0,0.0,0
00837B,永豐15年金融債,上櫃指數股票型基金(ETF),0.0,0.0,0.0,0.0,0.0,0.0,0.0,0.0,0.0,0.0,0.0,0.0,0.0,0.0,0.0,0.0,0.0,0.0,0,0.0,0
00798B,國泰中企A級債7+,上櫃指數股票型基金(ETF),0.0,0.0,0.0,0.0,0.0,0.0,0.0,0.0,0.0,0.0,0.0,0.0,0.0,0.0,0.0,0.0,0.0,0.0,0,0.0,0
6497,亞獅康-KY,生技醫療業,0.0,0.0,0.0,0.0,0.0,0.0,0.0,0.0,0.0,0.0,0.0,0.0,0.0,0.0,0.0,0.0,0.0,0.0,0,0.0,0
5349,先豐,電子零組件業,0.0,0.0,0.0,0.0,0.0,0.0,0.0,0.0,0.0,0.0,0.0,0.0,0.0,0.0,0.0,0.0,0.0,0.0,0,0.0,0
01008T,駿馬R1,受益證券,0.0,0.0,0.0,0.0,0.0,0.0,0.0,0.0,0.0,0.0,0.0,0.0,0.0,0.0,0.0,0.0,0.0,0.0,0,0.0,0
01007T,兆豐國泰R2,受益證券,0.0,0.0,0.0,0.0,0.0,0.0,0.0,0.0,0.0,0.0,0.0,0.0,0.0,12.62,0.0,0.0,0.0,0.0,0,0.0,0
01009T,王道圓滿R1,受益證券,0.0,0.0,0.0,0.0,0.0,0.0,0.0,0.0,0.0,0.0,0.0,0.0,0.0,5.72,0.0,0.0,0.0,0.38,29,3.24,23
01004T,土銀富邦R2,受益證券,0.0,0.0,0.0,0.0,0.0,0.0,0.0,0.0,0.0,0.0,0.0,0.0,0.0,10.44,0.0,0.0,0.0,0.0,0,0.17,1
01002T,土銀國泰R1,受益證券,0.0,0.0,0.0,0.0,0.0,0.0,0.0,0.0,0.0,0.0,0.0,0.0,0.0,14.0,0.0,0.0,0.0,0.71,10,0.6,8
01001T,土銀富邦R1,受益證券,0.0,0.0,0.0,0.0,0.0,0.0,0.0,0.0,0.0,0.0,0.0,0.0,0.0,11.65,0.0,0.0,0.0,0.0,0,0.0,0
01005T,三鼎,受益證券,0.0,0.0,0.0,0.0,0.0,0.0,0.0,0.0,0.0,0.0,0.0,0.0,0.0,0.0,0.0,0.0,0.0,0.0,0,0.0,0
01003T,兆豐新光R1,受益證券,0.0,0.0,0.0,0.0,0.0,0.0,0.0,0.0,0.0,0.0,0.0,0.0,0.0,14.79,0.0,0.0,0.0,3.79,2,3.79,2
710566,碩禾元大9B購01,所有證券,0.0,0.0,0.0,0.0,0.0,0.0,0.0,0.0,0.0,0.0,0.0,0.0,0.0,4.64,0.0,0.0,0.0,115.28,119,0.0,0
710561,威剛元大9B購02,所有證券,0.0,0.0,0.0,0.0,0.0,0.0,0.0,0.0,0.0,0.0,0.0,0.0,0.0,0.0,0.0,0.0,0.0,0.0,0,0.0,0
710516,宇峻永豐9B購01,所有證券,0.0,0.0,0.0,0.0,0.0,0.0,0.0,0.0,0.0,0.0,0.0,0.0,0.0,0.0,0.0,0.0,0.0,0.0,0,0.0,0
710575,環球晶中信9B購01,所有證券,0.0,0.0,0.0,0.0,0.0,0.0,0.0,0.0,0.0,0.0,0.0,0.0,0.0,0.0,0.0,0.0,0.0,0.0,0,0.0,0
710590,鈺太凱基9B購01,所有證券,0.0,0.0,0.0,0.0,0.0,0.0,0.0,0.0,0.0,0.0,0.0,0.0,0.0,0.0,0.0,0.0,0.0,0.0,0,0.0,0
711126,聯亞元大9B購05,所有證券,0.0,0.0,0.0,0.0,0.0,0.0,0.0,0.0,0.0,0.0,0.0,0.0,0.0,0.0,0.0,0.0,0.0,0.0,0,0.0,0
711127,頎邦元大9B購03,所有證券,0.0,0.0,0.0,0.0,0.0,0.0,0.0,0.0,0.0,0.0,0.0,0.0,0.0,0.0,0.0,0.0,0.0,0.0,0,0.0,0
711131,胡連永豐9B購01,所有證券,0.0,0.0,0.0,0.0,0.0,0.0,0.0,0.0,0.0,0.0,0.0,0.0,0.0,0.0,0.0,0.0,0.0,0.0,0,0.0,0
711132,僑威永豐9B購01,所有證券,0.0,0.0,0.0,0.0,0.0,0.0,0.0,0.0,0.0,0.0,0.0,0.0,0.0,0.0,0.0,0.0,0.0,0.0,0,0.0,0
710569,中美晶富邦9B購04,所有證券,0.0,0.0,0.0,0.0,0.0,0.0,0.0,0.0,0.0,0.0,0.0,0.0,0.0,0.0,0.0,0.0,0.0,12.5,29,0.0,0
710560,宏捷科元大9B購02,所有證券,0.0,0.0,0.0,0.0,0.0,0.0,0.0,0.0,0.0,0.0,0.0,0.0,0.0,0.0,0.0,0.0,0.0,0.0,0,0.0,0
710502,泰博元大9B購01,所有證券,0.0,0.0,0.0,0.0,0.0,0.0,0.0,0.0,0.0,0.0,0.0,0.0,0.0,0.0,0.0,0.0,0.0,21.59,15,0.0,0
710534,鈺太元大9B購01,所有證券,0.0,0.0,0.0,0.0,0.0,0.0,0.0,0.0,0.0,0.0,0.0,0.0,0.0,0.0,0.0,0.0,0.0,0.0,0,0.0,0
710533,鈊象元大9B購04,所有證券,0.0,0.0,0.0,0.0,0.0,0.0,0.0,0.0,0.0,0.0,0.0,0.0,0.0,0.0,0.0,0.0,0.0,0.0,0,0.0,0
710510,群聯凱基9B購03,所有證券,0.0,0.0,0.0,0.0,0.0,0.0,0.0,0.0,0.0,0.0,0.0,0.0,0.0,0.0,0.0,0.0,0.0,0.0,0,0.0,0
710509,建榮凱基9B購01,所有證券,0.0,0.0,0.0,0.0,0.0,0.0,0.0,0.0,0.0,0.0,0.0,0.0,0.0,0.0,0.0,0.0,0.0,0.0,0,0.0,0
710505,泰博富邦9B購01,所有證券,0.0,0.0,0.0,0.0,0.0,0.0,0.0,0.0,0.0,0.0,0.0,0.0,0.0,0.0,0.0,0.0,0.0,0.0,0,0.0,0
711133,寶雅永豐9B購01,所有證券,0.0,0.0,0.0,0.0,0.0,0.0,0.0,0.0,0.0,0.0,0.0,0.0,0.0,0.0,0.0,0.0,0.0,0.0,0,0.0,0
710499,網家國泰9B購01,所有證券,0.0,0.0,0.0,0.0,0.0,0.0,0.0,0.0,0.0,0.0,0.0,0.0,0.0,0.0,0.0,0.0,0.0,0.0,0,0.0,0
709994,中美晶元大9B購01,所有證券,0.0,0.0,0.0,0.0,0.0,0.0,0.0,0.0,0.0,0.0,0.0,0.0,0.0,0.0,0.0,0.0,0.0,14.47,4,0.0,0
709985,大江富邦9B購02,所有證券,0.0,0.0,0.0,0.0,0.0,0.0,0.0,0.0,0.0,0.0,0.0,0.0,0.0,0.0,0.0,0.0,0.0,0.0,0,0.0,0
709983,群聯日盛9B購01,所有證券,0.0,0.0,0.0,0.0,0.0,0.0,0.0,0.0,0.0,0.0,0.0,0.0,0.0,1.29,0.0,0.0,0.0,0.0,0,0.0,0
709972,旺矽元大9B購01,所有證券,0.0,0.0,0.0,0.0,0.0,0.0,0.0,0.0,0.0,0.0,0.0,0.0,0.0,2.35,0.0,0.0,0.0,412.82,64,0.0,0
709966,金居群益9B購01,所有證券,0.0,0.0,0.0,0.0,0.0,0.0,0.0,0.0,0.0,0.0,0.0,0.0,0.0,0.0,0.0,0.0,0.0,0.0,0,0.0,0
709403,雙美國票9B購01,所有證券,0.0,0.0,0.0,0.0,0.0,0.0,0.0,0.0,0.0,0.0,0.0,0.0,0.0,0.65,0.0,0.0,0.0,0.0,0,0.0,0
708785,信驊中信9B購01,所有證券,0.0,0.0,0.0,0.0,0.0,0.0,0.0,0.0,0.0,0.0,0.0,0.0,0.0,0.0,0.0,0.0,0.0,0.0,0,0.0,0
710553,穩懋統一9B購03,所有證券,0.0,0.0,0.0,0.0,0.0,0.0,0.0,0.0,0.0,0.0,0.0,0.0,0.0,0.0,0.0,0.0,0.0,0.0,0,0.0,0
711134,中美晶群益9B購03,所有證券,0.0,0.0,0.0,0.0,0.0,0.0,0.0,0.0,0.0,0.0,0.0,0.0,0.0,0.0,0.0,0.0,0.0,24.56,9,0.0,0
711137,胡連群益9B購01,所有證券,0.0,0.0,0.0,0.0,0.0,0.0,0.0,0.0,0.0,0.0,0.0,0.0,0.0,0.0,0.0,0.0,0.0,0.0,0,0.0,0
711139,中美晶凱基9B購02,所有證券,0.0,0.0,0.0,0.0,0.0,0.0,0.0,0.0,0.0,0.0,0.0,0.0,0.0,0.0,0.0,0.0,0.0,0.0,0,0.0,0
711140,旺矽凱基9B購01,所有證券,0.0,0.0,0.0,0.0,0.0,0.0,0.0,0.0,0.0,0.0,0.0,0.0,0.0,0.0,0.0,0.0,0.0,0.0,0,0.0,0
711141,胡連凱基9B購01,所有證券,0.0,0.0,0.0,0.0,0.0,0.0,0.0,0.0,0.0,0.0,0.0,0.0,0.0,0.0,0.0,0.0,0.0,9.3,10,0.0,0
711145,環球晶國票9B購02,所有證券,0.0,0.0,0.0,0.0,0.0,0.0,0.0,0.0,0.0,0.0,0.0,0.0,0.0,0.0,0.0,0.0,0.0,0.0,0,0.0,0
73107P,原相國票9B售02,所有證券,0.0,0.0,0.0,0.0,0.0,0.0,0.0,0.0,0.0,0.0,0.0,0.0,0.0,0.0,0.0,0.0,0.0,0.0,0,0.0,0
73193P,神盾元大9B售04,所有證券,0.0,0.0,0.0,0.0,0.0,0.0,0.0,0.0,0.0,0.0,0.0,0.0,0.0,0.0,0.0,0.0,0.0,0.0,0,0.0,0
711135,元太群益9B購01,所有證券,0.0,0.0,0.0,0.0,0.0,0.0,0.0,0.0,0.0,0.0,0.0,0.0,0.0,0.0,0.0,0.0,0.0,0.0,0,0.0,0
8934,衡平,其他,0.0,0.0,0.0,0.0,0.0,0.0,0.0,0.0,0.0,0.0,0.0,0.0,0.0,0.0,0.0,0.0,0.0,0.0,0,0.0,0
5304,鼎創達,電腦及週邊設備業,0.0,0.0,0.0,0.0,0.0,0.0,0.0,0.0,0.0,0.0,0.0,0.0,0.0,0.0,0.0,0.0,0.0,0.0,0,0.0,0
00833B,第一金美債20+,上櫃指數股票型基金(ETF),0.0,0.0,0.0,0.0,0.0,0.0,0.0,0.0,0.0,0.0,0.0,0.0,0.0,0.0,0.0,0.0,0.0,0.0,0,0.0,0
00854B,富邦全球保險債,上櫃指數股票型基金(ETF),0.0,0.0,0.0,0.0,0.0,0.0,0.0,0.0,0.0,0.0,0.0,0.0,0.0,0.0,0.0,0.0,0.0,0.0,0,0.0,0
00855B,富邦全球能源債,上櫃指數股票型基金(ETF),0.0,0.0,0.0,0.0,0.0,0.0,0.0,0.0,0.0,0.0,0.0,0.0,0.0,0.0,0.0,0.0,0.0,0.0,0,0.0,0
6438,迅得,其他電子類,5.26,6375307000.0,1212035551.3307986,2.93,7556716397.046818,6.23,25.74,34.55,12.98,47.53,80.87,296.11,160.35,151.0,1.06,0.54,1.96,103.48,161,21.35,73
00874B,凱基BBB公司債15+,上櫃指數股票型基金(ETF),0.0,0.0,0.0,0.0,0.0,0.0,0.0,0.0,0.0,0.0,0.0,0.0,0.0,0.0,0.0,0.0,0.0,0.0,0,0.0,0
00873B,凱基新興債1-5,上櫃指數股票型基金(ETF),0.0,0.0,0.0,0.0,0.0,0.0,0.0,0.0,0.0,0.0,0.0,0.0,0.0,0.0,0.0,0.0,0.0,0.0,0,0.0,0
00871B,元大中國政金債,上櫃指數股票型基金(ETF),0.0,0.0,0.0,0.0,0.0,0.0,0.0,0.0,0.0,0.0,0.0,0.0,0.0,0.0,0.0,0.0,0.0,0.0,0,0.0,0
00868B,FT1-3年美公債,上櫃指數股票型基金(ETF),0.0,0.0,0.0,0.0,0.0,0.0,0.0,0.0,0.0,0.0,0.0,0.0,0.0,0.0,0.0,0.0,0.0,0.0,0,0.0,0
2459,敦吉,電子通路業,5.17,4840007000.0,936171566.7311412,2.76,5297717552.801705,5.66,12.21,3.22,10.34,13.56,58.52,76.75,69.13,64.7,1.07,0.9,1.19,6.39,17,2.93,168
6165,浪凡,電子零組件業,4.02,3185601000.0,792438059.7014927,2.11,3434964755.596917,4.33,30.23,49.29,10.81,60.1,46.81,260.23,130.88,48.8,2.68,0.96,5.33,26.34,133,4.5,2
2429,銘旺科,電子零組件業,-1.41,469482000.0,0.0,0.0,527308156.8121973,0.0,0.0,0.0,0.0,0.0,0.0,0.0,0.0,38.6,0.0,0.0,0.0,85.71,16,101.87,85
3450,聯鈞,其他電子業,5.01,8617529000.0,1720065668.6626747,2.74,8421371458.588207,4.9,259.38,2435.82,30.85,2466.67,151.17,12086.68,1270.94,514.0,2.47,0.29,23.51,181.12,170,34.15,107
8499,鼎炫-KY,其他,10.13,2741866000.0,270667917.0779862,7.25,4984556982.539871,18.42,19.66,26.27,10.48,36.75,193.04,676.94,362.08,303.5,1.19,0.64,2.23,0.4,11,176.04,182
2241,艾姆勒,電機機械,-0.7,741604000.0,0.0,0.0,1045277693.0617645,0.0,0.0,0.0,0.0,0.0,0.0,0.0,0.0,46.05,0.0,0.0,0.0,0.0,0,66.06,170
3669,圓展,光電業,1.13,2426628000.0,2147458407.079646,0.67,2951967005.8537846,1.37,32.87,66.82,13.28,80.1,18.19,109.74,45.03,35.4,1.27,0.51,3.1,14.58,18,4.34,50
1443,立益,紡織纖維,1.14,987864000.0,866547368.4210527,0.53,912052595.2443074,1.05,23.78,26.23,14.97,41.2,15.72,43.26,24.97,27.7,0.9,0.57,1.56,11.46,65,6.09,22
2614,東森,貿易百貨,2.05,5498233000.0,2682064878.048781,0.96,5184412816.8462925,1.93,11.43,6.37,8.87,15.24,17.12,29.41,22.06,18.85,1.17,0.91,1.56,13.74,45,38.21,178
1453,大將,紡織纖維,0.03,1464000.0,48800000.0,0.02,1501844.8979591837,0.03,171.5,863.65,21.35,885.0,0.64,26.55,5.14,11.9,0.43,0.05,2.23,1.08,1,0.71,80
1456,怡華,紡織纖維,3.41,862187000.0,252840762.46334308,1.63,804060058.1733645,3.18,18.78,109.33,3.62,112.95,11.51,359.18,59.71,15.15,3.94,0.76,23.71,20.05,44,8.0,162
3313,斐成,電子零組件業,-0.34,8779000.0,0.0,0.0,145753211.18012422,0.0,12.7,7.26,10.22,17.48,0.0,0.0,0.0,11.65,0.0,0.0,0.0,27.68,21,34.59,101
5604,中連貨,航運業,0.85,159165000.0,187252941.1764706,0.44,164612132.14827937,0.88,30.23,37.98,14.4,52.38,12.67,46.09,26.6,31.2,0.85,0.41,1.48,5.26,10,1.18,150
020017,永豐富櫃200N,指數投資證券(ETN),0.0,0.0,0.0,0.0,0.0,0.0,0.0,0.0,0.0,0.0,0.0,0.0,0.0,0.0,0.0,0.0,0.0,0.0,0,0.0,0
3219,倚強股份,半導體業,1.52,1628708000.0,1071518421.0526316,0.98,2427900616.6999974,2.27,88.83,184.76,33.1,217.86,75.14,494.54,201.65,73.1,2.76,1.03,6.77,35.64,17,94.15,85
6275,元山,其他電子類,2.81,4249900000.0,1512419928.8256228,1.44,4410249838.316621,2.92,15.12,11.1,10.77,21.87,31.45,63.86,44.15,47.15,0.94,0.67,1.35,0.33,3,29.22,174
8489,三貝德,文化創意業,-0.76,1374206000.0,0.0,0.0,2173689005.1106277,0.0,0.0,0.0,0.0,0.0,0.0,0.0,0.0,22.35,0.0,0.0,0.0,24.9,168,0.0,0
6506,雙邦,化學工業,1.05,1861486000.0,1772843809.5238094,0.63,2022471103.7017844,1.14,26.87,67.99,15.19,83.18,17.32,94.83,30.63,18.85,1.62,0.92,5.03,17.45,98,1.49,15
3685,元創精密,光電業,-1.02,1141579000.0,0.0,0.0,1663191875.2129457,0.0,0.0,0.0,0.0,0.0,0.0,0.0,0.0,30.9,0.0,0.0,0.0,10.24,22,284.45,126
5345,天揚,電子零組件業,-0.33,18681000.0,0.0,0.0,113771234.16506718,0.0,0.0,0.0,0.0,0.0,0.0,0.0,0.0,31.5,0.0,0.0,0.0,0.0,0,12.88,83
8354,冠好,塑膠工業,0.13,644280000.0,4956000000.0,0.07,669560317.0633947,0.14,27.2,127.01,8.7,135.71,1.22,19.0,3.81,16.45,0.23,0.07,1.16,19.0,73,11.88,169
00839B,凱基醫療保健債,上櫃指數股票型基金(ETF),0.0,0.0,0.0,0.0,0.0,0.0,0.0,0.0,0.0,0.0,0.0,0.0,0.0,0.0,0.0,0.0,0.0,0.0,0,0.0,0
00869B,FT10-25年公司債,上櫃指數股票型基金(ETF),0.0,0.0,0.0,0.0,0.0,0.0,0.0,0.0,0.0,0.0,0.0,0.0,0.0,0.0,0.0,0.0,0.0,0.0,0,0.0,0
00832B,新光美債20+,上櫃指數股票型基金(ETF),0.0,0.0,0.0,0.0,0.0,0.0,0.0,0.0,0.0,0.0,0.0,0.0,0.0,0.0,0.0,0.0,0.0,0.0,0,0.0,0
4152,台微體,生技醫療業,0.0,0.0,0.0,0.0,0.0,0.0,0.0,0.0,0.0,0.0,0.0,0.0,0.0,0.0,0.0,0.0,0.0,0.0,0,0.0,0
00879B,第一金美債0-1,上櫃指數股票型基金(ETF),0.0,0.0,0.0,0.0,0.0,0.0,0.0,0.0,0.0,0.0,0.0,0.0,0.0,0.0,0.0,0.0,0.0,0.0,0,0.0,0
00872B,凱基美債1-3,上櫃指數股票型基金(ETF),0.0,0.0,0.0,0.0,0.0,0.0,0.0,0.0,0.0,0.0,0.0,0.0,0.0,0.0,0.0,0.0,0.0,0.0,0,0.0,0
00880B,第一金電信債15+,上櫃指數股票型基金(ETF),0.0,0.0,0.0,0.0,0.0,0.0,0.0,0.0,0.0,0.0,0.0,0.0,0.0,0.0,0.0,0.0,0.0,0.0,0,0.0,0
2928,紅馬-KY,觀光事業,0.0,0.0,0.0,0.0,0.0,0.0,0.0,0.0,0.0,0.0,0.0,0.0,0.0,0.0,0.0,0.0,0.0,0.0,0,0.0,0
3144,新揚科,電子零組件業,0.0,0.0,0.0,0.0,0.0,0.0,0.0,0.0,0.0,0.0,0.0,0.0,0.0,0.0,0.0,0.0,0.0,0.0,0,0.0,0
4803,VHQ-KY,文化創意業,0.0,0.0,0.0,0.0,0.0,0.0,0.0,0.0,0.0,0.0,0.0,0.0,0.0,0.0,0.0,0.0,0.0,0.0,0,0.0,0
020021,統一恒生科技N,指數投資證券(ETN),0.0,0.0,0.0,0.0,0.0,0.0,0.0,0.0,0.0,0.0,0.0,0.0,0.0,0.0,0.0,0.0,0.0,0.0,0,0.0,0
8406,金可-KY,生技醫療業,0.0,0.0,0.0,0.0,0.0,0.0,0.0,0.0,0.0,0.0,0.0,0.0,0.0,0.0,0.0,0.0,0.0,0.0,0,0.0,0
020009,群益A50綠碳N,指數投資證券(ETN),0.0,0.0,0.0,0.0,0.0,0.0,0.0,0.0,0.0,0.0,0.0,0.0,0.0,0.0,0.0,0.0,0.0,0.0,0,0.0,0
020003,統一漲升股利150N,指數投資證券(ETN),0.0,0.0,0.0,0.0,0.0,0.0,0.0,0.0,0.0,0.0,0.0,0.0,0.0,0.0,0.0,0.0,0.0,0.0,0,0.0,0
4429,聚紡,紡織纖維,0.0,0.0,0.0,0.0,0.0,0.0,0.0,0.0,0.0,0.0,0.0,0.0,0.0,0.0,0.0,0.0,0.0,0.0,0,0.0,0
2340,台亞,光電業,-2.87,4370938000.0,0.0,0.0,4230320885.396757,0.0,374.97,489.26,82.17,571.43,0.0,0.0,0.0,38.5,0.0,0.0,0.0,8.6,18,59.6,93
6431,光麗-KY,電子工業,-2.07,382162000.0,0.0,0.0,342958491.2738766,0.0,0.0,0.0,0.0,0.0,0.0,0.0,0.0,19.35,0.0,0.0,0.0,92.47,98,77.78,177
2495,普安,其他電子業,1.12,1184814000.0,1057869642.8571428,0.73,1572275290.5327713,1.49,23.36,38.51,9.1,47.61,13.56,70.94,34.81,53.8,0.65,0.25,1.32,38.48,129,28.67,178
00838B,永豐7-10年中國債,上櫃指數股票型基金(ETF),0.0,0.0,0.0,0.0,0.0,0.0,0.0,0.0,0.0,0.0,0.0,0.0,0.0,0.0,0.0,0.0,0.0,0.0,0,0.0,0
3512,皇龍,電子零組件業,2.56,1531395000.0,598201171.875,0.64,621005379.3354996,1.04,17.96,42.19,6.34,48.53,6.59,50.47,18.68,20.85,0.9,0.32,2.42,0.69,14,1.53,10
8080,永利聯合,電子零組件業,0.11,180322000.0,1639290909.090909,0.04,124241545.71142103,0.08,335.74,1341.15,108.85,1450.0,8.71,116.0,26.86,27.95,0.96,0.31,4.15,160.06,179,3.94,7
5321,美而快,電子零組件業,-0.28,2921237000.0,0.0,0.0,2287810203.8485827,0.0,512.07,2448.73,37.94,2486.67,0.0,0.0,0.0,40.15,0.0,0.0,0.0,6.12,4,17.03,8
5209,新鼎,資訊服務業,16.17,5243355000.0,324264378.47866416,6.15,4360753814.706222,13.45,11.96,5.81,9.15,14.96,123.07,201.21,160.89,173.5,0.93,0.71,1.16,0.5,3,60.61,141
00889B,凱基ESG新興債15+,上櫃指數股票型基金(ETF),0.0,0.0,0.0,0.0,0.0,0.0,0.0,0.0,0.0,0.0,0.0,0.0,0.0,0.0,0.0,0.0,0.0,0.0,0,0.0,0
5102,富強,橡膠工業,0.0,0.0,0.0,0.0,0.0,0.0,0.0,0.0,0.0,0.0,0.0,0.0,0.0,0.0,0.0,0.0,0.0,0.0,0,0.0,0
00843B,台新中國政策債,上櫃指數股票型基金(ETF),0.0,0.0,0.0,0.0,0.0,0.0,0.0,0.0,0.0,0.0,0.0,0.0,0.0,0.0,0.0,0.0,0.0,0.0,0,0.0,0
00796B,中信中國債7-10,上櫃指數股票型基金(ETF),0.0,0.0,0.0,0.0,0.0,0.0,0.0,0.0,0.0,0.0,0.0,0.0,0.0,0.0,0.0,0.0,0.0,0.0,0,0.0,0
020010,永昌富櫃200N,指數投資證券(ETN),0.0,0.0,0.0,0.0,0.0,0.0,0.0,0.0,0.0,0.0,0.0,0.0,0.0,0.0,0.0,0.0,0.0,0.0,0,0.0,0
5820,日盛金,金融業,0.0,0.0,0.0,0.0,0.0,0.0,0.0,0.0,0.0,0.0,0.0,0.0,0.0,0.0,0.0,0.0,0.0,0.0,0,0.0,0
3642,駿熠電,其他電子類,0.0,0.0,0.0,0.0,0.0,0.0,0.0,0.0,0.0,0.0,0.0,0.0,0.0,0.0,0.0,0.0,0.0,0.0,0,0.0,0
00745B,富邦中政債0-1,上櫃指數股票型基金(ETF),0.0,0.0,0.0,0.0,0.0,0.0,0.0,0.0,0.0,0.0,0.0,0.0,0.0,0.0,0.0,0.0,0.0,0.0,0,0.0,0
02003L,永豐富櫃200正2N,指數投資證券(ETN),0.0,0.0,0.0,0.0,0.0,0.0,0.0,0.0,0.0,0.0,0.0,0.0,0.0,0.0,0.0,0.0,0.0,0.0,0,0.0,0
020013,元富亞洲高股息N,指數投資證券(ETN),0.0,0.0,0.0,0.0,0.0,0.0,0.0,0.0,0.0,0.0,0.0,0.0,0.0,0.0,0.0,0.0,0.0,0.0,0,0.0,0
00747B,FH中國政策債,上櫃指數股票型基金(ETF),0.0,0.0,0.0,0.0,0.0,0.0,0.0,0.0,0.0,0.0,0.0,0.0,0.0,0.0,0.0,0.0,0.0,0.0,0,0.0,0
020014,元大富櫃200N,指數投資證券(ETN),0.0,0.0,0.0,0.0,0.0,0.0,0.0,0.0,0.0,0.0,0.0,0.0,0.0,0.0,0.0,0.0,0.0,0.0,0,0.0,0
6247,淇譽電,其他電子類,0.0,0.0,0.0,0.0,0.0,0.0,0.0,0.0,0.0,0.0,0.0,0.0,0.0,0.0,0.0,0.0,0.0,0.0,0,0.0,0
00748B,凱基中國債3-10,上櫃指數股票型基金(ETF),0.0,0.0,0.0,0.0,0.0,0.0,0.0,0.0,0.0,0.0,0.0,0.0,0.0,0.0,0.0,0.0,0.0,0.0,0,0.0,0
6869,雲豹能源-創,創新板股票,-4.2,6926950000.0,0.0,0.0,7202178527.846516,0.0,34.02,84.41,10.17,94.58,0.0,0.0,0.0,77.7,0.0,0.0,0.0,128.37,35,1.76,3
6873,泓德能源-創,創新板股票,3.67,9040441000.0,2463335422.343324,1.58,7616644954.787184,3.09,22.82,28.15,11.11,39.26,34.33,121.31,70.52,77.6,0.91,0.44,1.56,66.48,35,4.36,1
6594,展匯科,半導體業,0.0,0.0,0.0,0.0,0.0,0.0,0.0,0.0,0.0,0.0,0.0,0.0,0.0,0.0,0.0,0.0,0.0,0.0,0,0.0,0
2432,倚天,通信網路業,1.9,3191297000.0,1679630000.0,1.32,4744368540.226246,2.82,16.1,7.29,12.92,20.21,36.43,56.99,45.39,28.0,1.62,1.3,2.04,0.0,0,1.37,14
00765B,群益中國政金債,上櫃指數股票型基金(ETF),0.0,0.0,0.0,0.0,0.0,0.0,0.0,0.0,0.0,0.0,0.0,0.0,0.0,0.0,0.0,0.0,0.0,0.0,0,0.0,0
1258,其祥-KY,食品工業,0.0,0.0,0.0,0.0,0.0,0.0,0.0,0.0,0.0,0.0,0.0,0.0,0.0,0.0,0.0,0.0,0.0,0.0,0,0.0,0
8472,夠麻吉,電子商務業,-1.3,487533000.0,0.0,0.0,599738600.4087449,0.0,0.0,0.0,0.0,0.0,0.0,0.0,0.0,86.6,0.0,0.0,0.0,14.55,32,276.33,65
2719,燦星旅,觀光事業,-0.15,1982797000.0,0.0,0.0,1618332150.1936848,0.0,27.81,46.97,11.59,58.56,0.0,0.0,0.0,25.7,0.0,0.0,0.0,0.0,0,3.44,15
2702,華園,觀光事業,-0.35,1403236000.0,0.0,0.0,1445178902.9271228,0.0,45.15,50.88,23.33,74.21,0.0,0.0,0.0,13.05,0.0,0.0,0.0,4.65,15,7.09,9
2701,萬企,觀光事業,0.56,260225000.0,464687499.99999994,0.28,260575737.25922105,0.56,21.39,7.39,17.89,25.28,10.02,14.16,11.98,10.55,1.14,0.95,1.34,2.29,18,0.0,0
2722,夏都,觀光事業,-0.49,571971000.0,0.0,0.0,555598850.4174652,0.0,407.04,1669.86,55.14,1725.0,0.0,0.0,0.0,23.15,0.0,0.0,0.0,0.0,0,8.36,16
8433,弘帆,貿易百貨,3.18,3398355000.0,1068665094.3396226,1.69,4005288645.9202924,3.75,11.86,13.76,6.27,20.03,23.51,75.11,44.46,53.3,0.83,0.44,1.41,5.66,29,6.29,49
2704,國賓,觀光事業,0.57,1361054000.0,2387814035.0877194,0.3,1367592857.4376616,0.57,44.51,105.77,12.12,117.89,6.91,67.2,25.37,46.1,0.55,0.15,1.46,5.87,3,3.97,84
2723,美食-KY,觀光事業,-2.47,18376224000.0,0.0,0.0,15757286774.783047,0.0,29.4,29.44,17.23,46.67,0.0,0.0,0.0,67.0,0.0,0.0,0.0,9.6,183,0.0,0
6728,上洋,貿易百貨,9.77,4548540000.0,465561924.2579325,5.54,4818980327.351822,10.35,12.58,5.81,10.53,16.34,108.99,169.12,130.25,111.0,1.17,0.98,1.52,1.88,21,14.55,13
2726,雅茗-KY,觀光事業,-3.56,570200000.0,0.0,0.0,507369077.67530847,0.0,41.48,141.89,4.2,146.09,0.0,0.0,0.0,9.81,0.0,0.0,0.0,9.8,42,7.78,38
2748,雲品,觀光事業,2.17,2448032000.0,1128125345.62212,1.23,2512915822.3936286,2.23,19.12,9.18,13.61,22.79,30.35,50.82,42.63,40.75,1.05,0.74,1.25,1.14,4,1.38,50
2745,五福,觀光事業,10.01,8661695000.0,865304195.8041959,5.66,10111632415.08944,11.69,11.23,7.74,8.04,15.78,93.99,184.47,131.31,108.0,1.22,0.87,1.71,1.57,23,23.39,15
2705,六福,觀光事業,0.87,2277851000.0,2618219540.229885,0.41,2188223455.679964,0.84,70.22,123.98,16.85,140.83,14.15,118.3,58.99,16.35,3.61,0.87,7.24,1.72,4,0.27,10
2706,第一店,觀光事業,0.64,376284000.0,587943750.0,0.31,382820085.91800153,0.65,22.14,9.1,17.76,26.86,11.54,17.46,14.39,12.4,1.16,0.93,1.41,0.96,4,1.84,84
2743,山富,觀光事業,4.72,6629870000.0,1404633474.5762713,2.42,7095742838.634555,5.05,15.8,27.12,9.09,36.21,45.9,182.86,79.77,69.9,1.14,0.66,2.62,2.57,23,14.29,27
2740,天蔥,觀光事業,-3.19,142213000.0,0.0,0.0,53696112.916006334,0.0,0.0,0.0,0.0,0.0,0.0,0.0,0.0,26.1,0.0,0.0,0.0,0.0,0,1.86,1
2739,寒舍,觀光事業,2.36,5167860000.0,2189771186.440678,1.27,5233336255.351203,2.39,16.47,43.63,6.31,49.94,15.08,119.36,39.36,36.4,1.08,0.41,3.28,7.64,36,3.56,16
2729,瓦城,觀光事業,7.16,6114633000.0,853999022.3463687,3.81,6447167935.669734,7.55,22.5,8.66,18.71,27.37,141.26,206.64,169.84,160.5,1.06,0.88,1.29,4.72,28,0.23,1
2718,晶悅,觀光事業,16.94,2992167000.0,176633234.9468713,1.39,567364437.6082106,3.21,8.08,47.15,1.24,48.39,3.98,155.33,25.93,50.6,0.51,0.08,3.07,36.36,58,18.04,148
4804,大略-KY,觀光事業,-1.51,130783000.0,0.0,0.0,141774850.71475768,0.0,0.0,0.0,0.0,0.0,0.0,0.0,0.0,3.27,0.0,0.0,0.0,62.62,32,162.5,58
2732,六角,觀光事業,1.08,4231906000.0,3918431481.481481,0.67,5668647335.141725,1.45,36.4,70.48,15.43,85.91,22.37,124.57,52.78,64.9,0.81,0.34,1.92,2.22,21,0.7,1
2727,王品,觀光事業,16.01,23220546000.0,1450377638.97564,8.88,25683614209.02743,17.71,14.4,3.94,11.8,15.74,208.98,278.76,254.95,244.0,1.04,0.86,1.14,3.35,143,2.02,10
2707,晶華,觀光事業,11.42,6817181000.0,596951050.7880911,6.26,7048657380.429582,11.81,17.65,8.23,12.25,20.48,144.67,241.87,208.44,180.0,1.16,0.8,1.34,1.11,1,5.17,85
8477,創業家,電子商務業,-0.92,442180000.0,0.0,0.0,320279589.9483032,0.0,0.0,0.0,0.0,0.0,0.0,0.0,0.0,16.8,0.0,0.0,0.0,19.67,23,5.14,78
2736,富野,觀光事業,-1.74,520517000.0,0.0,0.0,572024943.4934614,0.0,0.0,0.0,0.0,0.0,0.0,0.0,0.0,11.95,0.0,0.0,0.0,0.38,1,8.48,10
2734,易飛網,觀光事業,-1.41,1626979000.0,0.0,0.0,2049386396.0932064,0.0,34.72,63.99,14.87,78.86,0.0,0.0,0.0,15.6,0.0,0.0,0.0,0.9,1,1.8,15
3522,御頂,觀光事業,-2.66,1143962000.0,0.0,0.0,1246090455.5940866,0.0,0.0,0.0,0.0,0.0,0.0,0.0,0.0,11.85,0.0,0.0,0.0,80.47,71,15.43,183
2712,遠雄來,觀光事業,-0.39,533043000.0,0.0,0.0,545248356.4835355,0.0,122.25,21.45,106.88,128.33,0.0,0.0,0.0,15.25,0.0,0.0,0.0,1.48,3,14.75,15
2731,雄獅,觀光事業,17.49,29836786000.0,1705934019.4396799,9.34,33331782625.555126,19.54,10.58,8.9,6.99,15.89,136.58,310.49,206.76,152.5,1.36,0.9,2.04,8.44,31,11.62,153
2724,富驛-KY,觀光事業,-0.21,159698000.0,0.0,0.0,211470034.0811783,0.0,9.05,9.78,4.97,14.75,0.0,0.0,0.0,12.35,0.0,0.0,0.0,14.78,45,4.47,21
5287,數字,電子商務業,13.94,2316918000.0,166206456.24103302,6.87,2298455603.213835,13.83,14.0,6.32,10.39,16.71,143.69,231.1,193.66,147.5,1.31,0.97,1.57,0.5,1,3.41,71
5904,寶雅,貿易百貨,29.63,25264824000.0,852677151.5356058,16.46,28443353413.724804,33.36,18.05,7.23,14.28,21.51,476.38,717.57,602.03,618.0,0.97,0.77,1.16,4.02,91,1.59,24
9943,好樂迪,觀光事業,5.4,2431559000.0,450288703.7037037,2.66,2256139827.1633296,5.01,16.42,7.16,13.44,20.6,67.33,103.21,82.24,57.7,1.43,1.17,1.79,0.67,3,3.39,14
3252,海灣,觀光事業,0.13,496920000.0,3822461538.4615383,0.07,507152901.4252053,0.13,160.4,84.03,117.33,201.36,15.25,26.18,20.85,17.85,1.17,0.85,1.47,1.84,11,1.5,85
5905,南仁湖,貿易百貨,-0.63,1067250000.0,0.0,0.0,4078651178.840355,0.0,0.0,0.0,0.0,0.0,0.0,0.0,0.0,8.9,0.0,0.0,0.0,66.22,72,12.56,62
8044,網家,電子商務業,-4.62,36819770000.0,0.0,0.0,39273223522.579414,0.0,0.0,0.0,0.0,0.0,0.0,0.0,0.0,28.35,0.0,0.0,0.0,74.67,143,1.7,1
6763,綠界科技,電子商務業,4.21,1725309000.0,409812114.01425177,2.3,1945522473.0855746,4.75,30.46,229.21,10.3,239.51,48.92,1137.67,144.68,47.45,3.05,1.03,23.98,8.99,72,27.63,15
2947,振宇五金,貿易百貨,3.29,2297483000.0,698323100.3039514,1.7,2440674181.504536,3.5,25.85,12.64,22.25,34.89,77.88,122.12,90.48,77.0,1.18,1.01,1.59,6.42,21,0.0,0
2916,滿心,貿易百貨,3.96,1986414000.0,501619696.969697,2.08,1989971195.9341638,3.97,11.94,5.56,9.6,15.16,38.11,60.19,47.4,41.95,1.13,0.91,1.43,0.36,18,0.79,1
8066,來思達,貿易百貨,-3.49,4567654000.0,0.0,0.0,3839818705.136231,0.0,627.44,1416.11,28.89,1445.0,0.0,0.0,0.0,15.35,0.0,0.0,0.0,0.0,0,6.57,106
8940,新天地,觀光事業,0.55,1601200000.0,2911272727.272727,0.34,1612334232.0681245,0.55,63.32,203.79,11.21,215.0,6.17,118.25,34.82,16.6,2.1,0.37,7.12,2.9,18,5.11,139
2756,聯發國際,觀光事業,3.93,1122844000.0,285710941.475827,2.14,1496998081.693321,5.24,31.6,44.12,14.87,58.99,77.92,309.11,165.59,59.6,2.78,1.31,5.19,39.88,21,13.27,31
3171,新洲,貿易百貨,4.3,1843259000.0,428664883.7209303,3.17,3451809590.930299,8.05,13.79,9.64,10.41,20.05,83.8,161.4,111.01,71.6,1.55,1.17,2.25,38.51,112,36.79,84
8941,關中,貿易百貨,1.16,3009319000.0,2594240517.2413793,0.59,2906695658.5562396,1.12,20.42,40.26,7.97,48.23,8.93,54.02,22.87,42.9,0.53,0.21,1.26,3.49,11,0.7,13
8077,洛碁,觀光事業,6.03,1080743000.0,179227694.85903814,3.19,1093334481.3278155,6.1,9.76,8.08,6.29,14.37,38.37,87.66,59.53,50.9,1.17,0.75,1.72,9.05,45,8.02,142
5364,力麗店,觀光事業,-0.77,337668000.0,0.0,0.0,187648012.35030156,0.0,0.0,0.0,0.0,0.0,0.0,0.0,0.0,8.71,0.0,0.0,0.0,171.75,73,0.0,0
9960,邁達康,貿易百貨,1.75,672255000.0,384145714.28571427,1.01,777757700.3613342,2.02,13.13,10.11,10.12,20.23,20.44,40.86,26.51,32.0,0.83,0.64,1.28,4.39,45,1.01,57
3085,新零售,電子商務業,-0.56,56566000.0,0.0,0.0,66318684.64368339,0.0,0.0,0.0,0.0,0.0,0.0,0.0,0.0,12.15,0.0,0.0,0.0,0.0,0,36.68,7
5278,尚凡,電子商務業,1.05,2602370000.0,2478447619.047619,0.54,3026928920.376007,1.22,43.46,412.05,17.28,429.33,21.08,523.78,53.02,24.55,2.16,0.86,21.34,21.05,162,59.18,49
2924,宏太-KY,貿易百貨,-1.17,59042000.0,0.0,0.0,95356685.1163193,0.0,0.0,0.0,0.0,0.0,0.0,0.0,0.0,0.0,0.0,0.0,0.0,85.2,57,0.0,0
5301,寶得利,觀光事業,-1.36,238825000.0,0.0,0.0,204535320.41497827,0.0,0.0,0.0,0.0,0.0,0.0,0.0,0.0,6.95,0.0,0.0,0.0,0.0,0,136.33,148
2937,集雅社,貿易百貨,4.15,5120538000.0,1233864578.313253,2.27,5665071912.313295,4.59,11.49,4.64,9.28,13.92,42.6,63.89,52.72,49.95,1.06,0.85,1.28,11.01,183,5.75,36
2755,揚秦,觀光事業,7.02,2990934000.0,426058974.3589744,3.98,3585443656.1414227,8.42,20.57,8.62,16.79,25.41,141.37,213.95,173.2,136.5,1.27,1.04,1.57,8.9,183,22.38,65
1268,漢來美食,觀光事業,10.12,6246514000.0,617244466.4031621,5.92,7006529234.836589,11.35,16.17,6.31,12.13,18.44,137.68,209.29,183.55,169.0,1.09,0.81,1.24,1.18,15,8.25,85
2754,亞洲藏壽司,觀光事業,2.36,5729128000.0,2427596610.169492,1.2,6018670523.863875,2.48,39.92,74.28,16.26,90.54,40.32,224.54,99.01,67.3,1.47,0.6,3.34,6.31,18,27.54,91
6195,詩肯,貿易百貨,0.99,2207685000.0,2229984848.4848485,0.58,2469745959.0730677,1.11,20.65,14.91,13.13,28.04,14.57,31.12,22.93,27.45,0.84,0.53,1.13,0.12,4,1.96,3
5903,全家,貿易百貨,7.6,109171999000.0,14364736710.526316,3.97,119271021737.00832,8.3,18.57,16.27,10.96,27.23,90.97,226.01,154.17,189.0,0.82,0.48,1.2,1.31,4,3.18,49
5902,德記,貿易百貨,2.24,2297474000.0,1025658035.7142856,1.01,2024265561.859775,1.97,19.9,7.18,15.83,23.01,31.19,45.33,39.21,34.85,1.13,0.89,1.3,26.12,56,5.29,90
8462,柏文,觀光事業,8.49,5966497000.0,702767608.9517078,4.77,7190066425.155895,10.23,27.82,37.24,14.71,51.95,150.48,531.45,284.55,144.5,1.97,1.04,3.68,18.75,84,29.89,73
6741,91APP*-KY,電子商務業,4.41,1766188000.0,400496145.1247165,2.74,2304041306.07718,5.75,20.09,14.96,13.52,28.48,77.74,163.76,115.5,60.6,1.91,1.28,2.7,1.64,16,6.5,55
1259,安心,觀光事業,2.45,6045389000.0,2467505714.285714,1.24,6239747523.6742525,2.53,37.98,61.2,13.33,74.53,33.72,188.56,96.08,57.8,1.66,0.58,3.26,0.0,0,0.0,0
2752,豆府,觀光事業,15.04,4051634000.0,269390558.5106383,8.15,4473478889.295878,16.61,14.85,7.67,11.19,18.86,185.87,313.26,246.58,180.0,1.37,1.03,1.74,0.36,28,2.32,155
5706,鳳凰,觀光事業,3.41,3142660000.0,921601173.0205278,1.53,2955469833.8154335,3.21,16.47,9.87,12.21,22.08,39.19,70.88,52.88,53.5,0.99,0.73,1.32,1.15,4,6.67,15
5704,老爺知,觀光事業,0.39,310605000.0,796423076.9230769,0.18,320422631.10133666,0.4,31.39,70.54,12.02,82.56,4.81,33.02,12.56,21.25,0.59,0.23,1.55,3.16,70,8.42,80
2753,八方雲集,觀光事業,12.85,8764223000.0,682040700.3891051,6.74,9295187593.306633,13.63,17.58,9.1,12.77,21.87,174.06,298.09,239.6,187.0,1.28,0.93,1.59,0.61,2,23.65,148
5701,劍湖山,觀光事業,-0.26,534902000.0,0.0,0.0,511358245.99220747,0.0,0.0,0.0,0.0,0.0,0.0,0.0,0.0,5.98,0.0,0.0,0.0,2.57,4,1.98,6
5703,亞都,觀光事業,0.53,448515000.0,846254716.981132,0.32,482799562.8037882,0.57,56.73,80.99,20.77,101.76,11.84,58.0,32.34,13.8,2.34,0.86,4.2,0.22,1,4.85,23
9955,佳龍,其他,0.54,1409673000.0,2610505555.5555553,0.35,2023305749.6674364,0.78,50.35,29.14,36.97,66.11,28.84,51.57,39.27,27.3,1.44,1.06,1.89,22.43,65,3.75,168
1736,喬山,生技醫療業,9.07,53154689000.0,5860494928.335171,4.88,58583476603.47484,10.0,23.89,39.05,12.25,51.3,122.5,513.0,238.92,118.0,2.02,1.04,4.35,124.45,179,22.0,107
5306,桂盟,其他,7.66,4729350000.0,617408616.1879896,4.24,4819459865.181357,7.81,15.82,19.75,9.58,29.33,74.82,229.07,123.58,86.6,1.43,0.86,2.65,12.59,78,6.87,16
1472,三洋實業,紡織纖維,6.4,3601026000.0,562660312.5,3.37,3822835476.3638234,6.79,19.69,24.51,12.44,36.95,84.47,250.89,133.67,91.0,1.47,0.93,2.76,2.09,3,4.78,20
1432,大魯閣,貿易百貨,6.03,1324663000.0,219678772.8026534,2.01,877141823.4647415,3.99,38.99,82.69,2.74,85.43,10.93,340.87,155.58,17.4,8.94,0.63,19.59,21.19,161,7.8,175
9935,慶豐富,其他,1.64,4981019000.0,3037206707.3170733,0.82,5141471716.980975,1.69,13.84,14.5,8.55,23.05,14.45,38.95,23.4,19.4,1.21,0.74,2.01,36.61,130,0.21,1
9930,中聯資源,其他,4.96,14021406000.0,2826896370.967742,2.42,13208144536.163609,4.67,15.14,5.61,13.53,19.14,63.19,89.38,70.7,69.9,1.01,0.9,1.28,11.77,45,0.13,1
9934,成霖,其他,-0.29,17486056000.0,0.0,0.0,18075419267.19283,0.0,20.89,55.35,8.18,63.53,0.0,0.0,0.0,10.4,0.0,0.0,0.0,4.34,3,4.39,83
6670,復盛應用,其他,22.49,29763472000.0,1323409159.6265008,13.16,32356636590.773094,24.45,12.02,6.03,9.08,15.11,222.01,369.44,293.88,300.5,0.98,0.74,1.23,12.82,171,3.85,16
1439,雋揚,紡織纖維,3.21,548585000.0,170898753.894081,2.15,1187582247.9247797,6.95,14.68,14.08,8.02,22.1,55.74,153.6,102.0,25.0,4.08,2.23,6.14,16.05,74,1.49,14
3557,嘉威,其他,0.13,4367859000.0,33598915384.615383,0.07,3649287592.5124674,0.11,300.0,3173.47,6.53,3180.0,0.72,349.8,33.0,26.25,1.26,0.03,13.33,9.9,176,3.46,8
8438,昶昕,其他,2.1,3770840000.0,1795638095.238095,1.35,5113078433.561581,2.85,21.9,37.91,11.38,49.29,32.43,140.48,62.41,88.2,0.71,0.37,1.59,38.9,67,11.2,83
6581,鋼聯,其他,6.17,2095016000.0,339548784.4408428,4.0,2436400419.8877826,7.18,16.63,10.63,12.45,23.08,89.39,165.71,119.42,107.5,1.11,0.83,1.54,19.9,134,3.69,113
6671,三能-KY,其他,2.38,1985487000.0,834238235.2941177,1.09,1803927181.3130763,2.16,13.91,4.66,11.13,15.79,24.04,34.11,30.04,26.5,1.13,0.91,1.29,5.49,30,2.4,30
8422,可寧衛,其他,1.3,4921714000.0,3785933846.153846,0.82,5480841511.61694,1.45,19.81,23.77,13.84,37.61,20.07,54.53,28.72,28.45,1.01,0.71,1.92,1.04,3,39.28,141
1598,岱宇,生技醫療業,-3.35,6329286000.0,0.0,0.0,5467051913.532939,0.0,89.52,174.56,44.11,218.67,0.0,0.0,0.0,20.45,0.0,0.0,0.0,5.98,25,2.08,1
3708,上緯投控,化學工業,35.56,6151654000.0,172993644.54443192,2.82,768361260.5015745,4.44,44.03,107.22,2.78,110.0,12.34,488.4,195.49,114.5,1.71,0.11,4.27,10.87,18,96.17,66
8341,日友,其他,4.48,4002425000.0,893398437.4999999,2.44,4634428485.089712,5.19,21.78,24.73,15.58,40.31,80.86,209.21,113.03,79.8,1.42,1.01,2.62,5.16,22,13.86,142
6641,基士德-KY,其他,0.45,1773564000.0,3941253333.333333,0.23,1868146008.9578285,0.47,64.66,204.41,12.59,217.0,5.92,101.99,30.39,18.4,1.65,0.32,5.54,2.8,25,3.34,8
8454,富邦媒,貿易百貨,11.58,109217017000.0,9431521329.879103,5.63,109422243405.63165,11.6,22.22,28.03,14.86,42.89,172.38,497.52,257.73,315.0,0.82,0.55,1.58,0.11,1,2.33,41
8482,商億-KY,其他,2.3,3480536000.0,1513276521.7391305,1.21,3692740626.397904,2.44,19.58,29.72,12.23,41.95,29.84,102.36,47.79,48.75,0.98,0.61,2.1,0.0,0,7.33,14
9911,櫻花,其他,6.26,10160374000.0,1623062939.2971246,3.43,10915319129.234102,6.73,14.31,4.78,12.81,17.59,86.21,118.38,96.31,82.9,1.16,1.04,1.43,13.93,44,3.02,36
8473,山林水,其他,2.55,4934180000.0,1934972549.019608,1.32,5790066539.522118,2.99,26.78,36.58,12.05,48.63,36.03,145.4,80.08,50.3,1.59,0.72,2.89,40.84,32,32.04,125
9910,豐泰,其他,5.1,83553386000.0,16383016862.7451,2.41,80943504667.43272,4.94,21.67,16.22,13.49,29.71,66.64,146.77,107.07,72.8,1.47,0.92,2.02,2.16,8,10.66,114
2442,新美齊,電子工業,5.25,1316248000.0,250713904.76190478,53.42,15198786793.682325,60.62,19.12,32.24,3.47,35.71,210.35,2164.74,1158.97,19.95,58.09,10.54,108.51,23.67,45,17.19,79
6807,峰源-KY,其他,4.69,4368245000.0,931395522.3880596,1.89,3210938631.6684313,3.45,8.9,8.12,5.37,13.49,18.53,46.54,30.71,33.45,0.92,0.55,1.39,65.13,149,3.4,14
9914,美利達,其他,4.01,26935538000.0,6717091770.573566,1.72,22482276591.057854,3.35,32.79,34.95,13.89,48.84,46.53,163.61,109.85,73.0,1.5,0.64,2.24,6.78,45,12.32,49
3054,立萬利,電子工業,1.96,126498000.0,64539795.91836735,4.48,945319714.2192467,14.65,35.75,36.39,19.26,55.65,282.16,815.27,523.74,67.8,7.72,4.16,12.02,17.21,172,15.82,183
6689,伊雲谷,其他電子業,2.3,12667665000.0,5507680434.782609,1.11,11664113446.52713,2.12,36.36,17.87,28.45,46.32,60.31,98.2,77.09,68.1,1.13,0.89,1.44,18.48,29,2.86,16
9904,寶成,其他,4.1,253268990000.0,61772924390.243904,2.07,243814844773.29483,3.95,7.16,4.42,4.94,9.36,19.51,36.97,28.28,26.45,1.07,0.74,1.4,21.1,175,11.45,15
8478,東哥遊艇,其他,13.25,4888412000.0,368936754.7169811,6.15,4906620964.090847,13.3,22.83,49.32,9.14,58.46,121.56,777.52,303.63,152.0,2.0,0.8,5.12,10.36,15,53.09,17
4536,拓凱,其他,14.92,9439769000.0,632692292.2252011,7.37,8757411224.231312,13.84,11.1,7.25,7.74,14.99,107.12,207.46,153.67,165.0,0.93,0.65,1.26,14.36,135,5.41,112
2062,橋椿,其他,0.38,6372187000.0,16768913157.894737,0.21,6779780027.461398,0.4,23.66,88.64,8.03,96.67,3.21,38.67,9.47,19.2,0.49,0.17,2.01,48.93,98,5.73,65
6806,森崴能源,其他,-57.89,27598134000.0,0.0,0.0,18514443239.833706,0.0,33.82,41.61,18.13,59.74,0.0,0.0,0.0,3.6,0.0,0.0,0.0,32.85,25,4.29,27
9802,鈺齊-KY,其他,6.05,17333351000.0,2865016694.214876,3.02,16796632886.93287,5.86,17.75,21.72,12.24,33.96,71.73,199.01,104.0,77.6,1.34,0.92,2.56,0.4,1,3.57,16
8467,波力-KY,其他,10.04,2544953000.0,253481374.50199205,4.4,2213949626.863101,8.73,18.32,24.06,10.73,34.79,93.67,303.72,159.95,126.0,1.27,0.74,2.41,71.31,177,14.45,84
6754,匯僑設計,其他,3.4,3632574000.0,1068404117.6470588,1.3,2912831983.0637736,2.73,11.75,5.89,8.48,14.37,23.15,39.23,32.07,45.5,0.7,0.51,0.86,37.56,63,0.96,10
8464,億豐,其他,22.53,30041892000.0,1333417310.252996,11.35,29834587266.977398,22.37,18.26,11.78,12.5,24.28,279.62,543.14,408.42,349.5,1.17,0.8,1.55,38.92,123,19.78,58
6768,志強-KY,其他,6.78,20464647000.0,3018384513.2743363,3.53,19271252097.030895,6.38,15.91,16.65,10.95,27.6,69.86,176.09,101.5,86.1,1.18,0.81,2.05,67.21,161,8.81,113
9921,巨大,其他,1.84,60780700000.0,33032989130.43478,0.82,51719304309.68583,1.57,77.52,266.08,22.08,288.16,34.67,452.41,121.7,75.2,1.62,0.46,6.02,13.49,65,10.65,37
9924,福興,其他,3.17,7457017000.0,2352371293.3753943,1.39,6642568251.21943,2.82,11.65,8.7,8.57,17.27,24.17,48.7,32.86,40.45,0.81,0.6,1.2,15.53,112,17.71,181
3130,一零四,電子工業,14.7,2657992000.0,180815782.3129252,7.56,2842033734.931545,15.72,15.71,3.47,14.57,18.04,229.04,283.59,246.94,224.0,1.1,1.02,1.27,3.62,21,1.74,22
2424,隴華,電腦及週邊設備業,-1.34,212664000.0,0.0,0.0,132292239.82243621,0.0,0.0,0.0,0.0,0.0,0.0,0.0,0.0,10.65,0.0,0.0,0.0,182.83,120,10.7,6
3178,公準,電機機械,-0.46,1278448000.0,0.0,0.0,1201163839.0016432,0.0,619.19,3129.21,20.79,3150.0,0.0,0.0,0.0,63.4,0.0,0.0,0.0,0.0,0,40.28,72
8933,愛地雅,其他,-1.39,2377380000.0,0.0,0.0,1667353440.6618226,0.0,0.0,0.0,0.0,0.0,0.0,0.0,0.0,4.79,0.0,0.0,0.0,0.99,24,8.95,62
3713,新晶投控,光電業,-1.13,281414000.0,0.0,0.0,444178502.9848684,0.0,0.0,0.0,0.0,0.0,0.0,0.0,0.0,15.85,0.0,0.0,0.0,65.78,16,35.96,92
2640,大車隊,其他,9.01,3135467000.0,347998557.15871257,4.77,3300244239.0406117,9.48,15.34,8.2,13.44,21.64,127.41,205.15,145.42,154.5,0.94,0.82,1.33,8.3,182,1.49,31
6811,宏碁資訊,資訊服務業,14.37,9465495000.0,658698329.8538623,8.44,11347692139.912277,17.23,17.85,13.73,12.71,26.44,218.99,455.56,307.63,230.5,1.33,0.95,1.98,22.26,29,8.68,72
3073,天方能源,半導體業,0.04,78469000.0,1961725000.0,0.05,286131934.9625542,0.15,188.81,722.31,17.69,740.0,2.65,111.0,28.32,20.65,1.37,0.13,5.38,204.76,35,0.35,1
6629,泰金-KY,其他,6.46,1675172000.0,259314551.08359134,5.06,3115642498.4232135,12.01,14.17,16.37,7.01,23.38,84.19,280.79,170.18,114.5,1.49,0.74,2.45,43.87,81,75.14,142
8928,鉅明,其他,1.41,3443852000.0,2442448226.9503546,0.59,2551695661.2758937,1.04,43.92,167.95,9.16,177.11,9.53,184.19,45.68,21.1,2.16,0.45,8.73,0.14,1,1.72,50
6624,萬年清,其他,0.36,655700000.0,1821388888.888889,0.16,478167095.93351156,0.26,79.2,181.16,27.26,208.42,7.09,54.19,20.59,0.0,0.0,0.0,0.0,3.38,17,103.37,177
8087,華鎂鑫,光電業,-1.32,318083000.0,0.0,0.0,768156828.4606175,0.0,76.0,153.26,11.91,165.17,0.0,0.0,0.0,33.55,0.0,0.0,0.0,13.51,10,0.0,0
8938,明安,其他,6.19,15350061000.0,2479815993.5379643,3.18,14060177169.104502,5.67,16.99,43.8,7.47,51.27,42.35,290.7,96.32,53.1,1.81,0.8,5.47,1.56,56,10.34,171
8924,大田,其他,5.63,4471774000.0,794276021.3143872,2.73,5472509860.017975,6.89,13.74,9.47,9.54,19.01,65.73,130.98,94.66,55.9,1.69,1.18,2.34,0.22,23,25.12,140
4154,樂威科-KY,生技醫療業,-1.83,22250000.0,0.0,0.0,34319011.815252416,0.0,0.0,0.0,0.0,0.0,0.0,0.0,0.0,12.8,0.0,0.0,0.0,54.52,77,11.32,17
8420,明揚,其他,0.0,0.0,0.0,0.0,0.0,0.0,0.0,0.0,0.0,0.0,0.0,0.0,0.0,40.6,0.0,0.0,0.0,1.47,30,0.0,0
8423,保綠-KY,其他,0.73,372162000.0,509810958.9041096,0.4,398476738.40518427,0.78,32.25,24.19,20.47,44.66,15.97,34.83,25.16,17.75,1.42,0.9,1.96,17.77,16,1.81,84
6616,特昇-KY,其他,-0.6,1063387000.0,0.0,0.0,802144976.3123299,0.0,74.55,12.89,67.37,80.26,0.0,0.0,0.0,9.69,0.0,0.0,0.0,0.66,4,0.48,79
3551,世禾,其他電子類,8.36,2943952000.0,352147368.42105263,4.72,3487946480.9673967,9.9,21.14,15.68,12.52,28.2,123.95,279.18,209.3,199.5,1.05,0.62,1.4,43.4,133,49.32,181
4530,宏易,電機機械,0.34,326341000.0,959826470.5882353,0.25,581589661.90214,0.61,98.3,60.15,72.35,132.5,44.13,80.82,59.96,25.0,2.4,1.77,3.23,53.99,99,14.54,35
8171,天宇,通信網路業,-5.46,286330000.0,0.0,0.0,432377058.9636688,0.0,0.0,0.0,0.0,0.0,0.0,0.0,0.0,21.55,0.0,0.0,0.0,23.36,163,7.07,7
5205,中茂,其他電子類,-1.43,24789000.0,0.0,0.0,37218980.438931294,0.0,0.0,0.0,0.0,0.0,0.0,0.0,0.0,25.4,0.0,0.0,0.0,74.82,42,0.0,0
8476,台境,其他,0.51,1133942000.0,2223415686.27451,0.28,1199318779.6711662,0.54,52.71,263.84,11.16,275.0,6.03,148.5,28.46,19.8,1.44,0.3,7.5,6.98,21,0.0,0
4609,唐鋒,電器電纜,-0.11,170353000.0,0.0,0.0,149749477.62400523,0.0,0.0,0.0,0.0,0.0,0.0,0.0,0.0,5.54,0.0,0.0,0.0,3.71,16,0.0,0
4702,中美實,化學工業,0.89,79555000.0,89387640.4494382,0.37,62174155.660817616,0.7,32.03,129.71,6.4,136.11,4.48,95.28,22.42,10.1,2.22,0.44,9.43,3.03,21,1.35,6
6803,崑鼎,其他,18.44,9581973000.0,519629772.23427325,8.99,9791076239.203596,18.84,16.78,3.62,15.47,19.09,291.45,359.66,316.14,286.0,1.11,1.02,1.26,1.29,3,1.17,8
6690,安碁資訊,資訊服務業,10.22,2397800000.0,234618395.3033268,5.58,2800058302.722486,11.93,20.39,15.61,14.26,29.87,170.12,356.35,243.21,178.0,1.37,0.96,2.0,51.28,29,3.59,59
8440,綠電,其他,0.31,942226000.0,3039438709.677419,0.14,800967167.2134221,0.26,87.53,124.44,40.56,165.0,10.55,42.9,22.76,22.25,1.02,0.47,1.93,50.86,16,0.0,0
6123,上奇,電腦及週邊設備業,2.72,5094560000.0,1872999999.9999998,1.2,4641230280.609076,2.48,16.3,5.1,13.42,18.52,33.28,45.93,40.43,43.2,0.94,0.77,1.06,2.03,3,9.37,97
6804,明係,其他,-2.83,1356794000.0,0.0,0.0,1570392505.0345745,0.0,29.09,22.07,18.28,40.35,0.0,0.0,0.0,16.2,0.0,0.0,0.0,1.14,2,2.51,2
8390,金益鼎,其他,6.6,4649007000.0,704395000.0,4.49,6117742037.98019,8.69,14.68,10.71,10.27,20.98,89.25,182.32,127.54,113.0,1.13,0.79,1.61,41.35,25,54.85,183
1593,祺驊,生技醫療業,2.17,1236771000.0,569940552.9953917,1.17,1397193901.7948744,2.45,22.93,37.8,12.59,50.39,30.85,123.46,56.18,30.25,1.86,1.02,4.08,7.34,106,13.46,80
8916A,光隆甲特,其他,0.0,0.0,0.0,0.0,0.0,0.0,0.0,0.0,0.0,0.0,0.0,0.0,0.0,0.0,0.0,0.0,0.0,0.0,0,0.0,0
3089,億杰,電子零組件業,0.0,0.0,0.0,0.0,0.0,0.0,0.0,0.0,0.0,0.0,0.0,0.0,0.0,0.0,0.0,0.0,0.0,0.0,0,0.0,0
4129A,聯合甲特,生技醫療業,0.0,0.0,0.0,0.0,0.0,0.0,0.0,0.0,0.0,0.0,0.0,0.0,0.0,0.0,0.0,0.0,0.0,0.0,0,0.0,0
5281,大峽谷-KY,光電業,0.0,0.0,0.0,0.0,0.0,0.0,0.0,0.0,0.0,0.0,0.0,0.0,0.0,0.0,0.0,0.0,0.0,0.0,0,0.0,0
4944,兆遠,光電業,0.0,0.0,0.0,0.0,0.0,0.0,0.0,0.0,0.0,0.0,0.0,0.0,0.0,0.0,0.0,0.0,0.0,0.0,0,0.0,0
00744B,國泰中國政金債5+,上櫃指數股票型基金(ETF),0.0,0.0,0.0,0.0,0.0,0.0,0.0,0.0,0.0,0.0,0.0,0.0,0.0,0.0,0.0,0.0,0.0,0.0,0,0.0,0
6404,通訊-KY,資訊服務業,0.0,0.0,0.0,0.0,0.0,0.0,0.0,0.0,0.0,0.0,0.0,0.0,0.0,0.0,0.0,0.0,0.0,0.0,0,0.0,0
020024,兆豐富櫃200N,指數投資證券(ETN),0.0,0.0,0.0,0.0,0.0,0.0,0.0,0.0,0.0,0.0,0.0,0.0,0.0,0.0,0.0,0.0,0.0,0.0,0,0.0,0
02002L,兆豐富櫃200正二N,指數投資證券(ETN),0.0,0.0,0.0,0.0,0.0,0.0,0.0,0.0,0.0,0.0,0.0,0.0,0.0,0.0,0.0,0.0,0.0,0.0,0,0.0,0
8418,捷必勝-KY,其他,0.0,0.0,0.0,0.0,0.0,0.0,0.0,0.0,0.0,0.0,0.0,0.0,0.0,0.0,0.0,0.0,0.0,0.0,0,0.0,0
4712,南璋,食品工業,-2.16,0.0,0.0,0.0,0.0,0.0,0.0,0.0,0.0,0.0,0.0,0.0,0.0,0.0,0.0,0.0,0.0,0.0,0,0.0,0
5383,金利,其他電子類,0.0,0.0,0.0,0.0,0.0,0.0,0.0,0.0,0.0,0.0,0.0,0.0,0.0,0.0,0.0,0.0,0.0,0.0,0,0.0,0
8091,翔名,電子零組件業,5.91,2104250000.0,356049069.37394243,3.96,2997949505.467744,8.42,21.68,26.11,12.96,39.07,109.12,328.97,182.56,260.5,0.7,0.42,1.26,13.53,18,13.62,83
3465,進泰電子,電子零組件業,0.04,1723481000.0,43087025000.0,0.02,1820402298.0453174,0.04,152.54,1121.9,31.85,1153.75,1.27,46.15,6.1,33.0,0.18,0.04,1.4,10.6,11,4.0,3
5432,新門,光電業,2.3,194274000.0,84466956.52173914,1.06,194955594.39101487,2.31,115.08,147.06,52.28,199.34,120.77,460.48,265.84,141.0,1.89,0.86,3.27,29.76,18,34.4,183
6198,瑞築,半導體業,-0.23,233000.0,0.0,0.0,272217.8217821782,0.0,107.25,21.6,92.86,114.46,0.0,0.0,0.0,21.0,0.0,0.0,0.0,3.39,46,1.83,31
4419,元勝,紡織纖維,-1.45,2678472000.0,0.0,0.0,2699447896.497147,0.0,0.0,0.0,0.0,0.0,0.0,0.0,0.0,45.9,0.0,0.0,0.0,22.76,24,10.68,13
6865,偉康科技,資訊服務業,1.53,459035000.0,300022875.8169935,0.42,241538959.95883888,0.81,37.11,187.34,14.42,201.76,11.68,163.43,30.06,25.75,1.17,0.45,6.35,22.7,175,0.0,0
020026,兆豐上櫃ESG電菁N,指數投資證券(ETN),0.0,0.0,0.0,0.0,0.0,0.0,0.0,0.0,0.0,0.0,0.0,0.0,0.0,6.37,0.0,0.0,0.0,0.0,0,0.0,0
00831B,新光美債1-3,上櫃指數股票型基金(ETF),0.0,0.0,0.0,0.0,0.0,0.0,0.0,0.0,0.0,0.0,0.0,0.0,0.0,41.42,0.0,0.0,0.0,1.0,30,0.0,0
6514,芮特-KY,通信網路業,0.0,0.0,0.0,0.0,0.0,0.0,17.14,1.95,16.34,18.29,0.0,0.0,0.0,50.8,0.0,0.0,0.0,1.13,23,0.0,0
00721B,元大中國債3-5,上櫃指數股票型基金(ETF),0.0,0.0,0.0,0.0,0.0,0.0,0.0,0.0,0.0,0.0,0.0,0.0,0.0,48.06,0.0,0.0,0.0,4.31,50,0.0,0
6757,台灣虎航-創,創新版股票,5.38,16712901000.0,3106487174.7211895,3.28,20086174856.36776,6.47,12.32,9.63,8.28,17.91,53.57,115.88,79.72,59.1,1.35,0.91,1.96,72.41,170,1.61,34
1606,歌林,電器電纜,0.0,0.0,0.0,0.0,0.0,0.0,0.0,0.0,0.0,0.0,0.0,0.0,0.0,0.0,0.0,0.0,0.0,0.0,0,0.0,0
1523,開億,電機機械,0.0,0.0,0.0,0.0,0.0,0.0,0.0,0.0,0.0,0.0,0.0,0.0,0.0,0.0,0.0,0.0,0.0,0.0,0,0.0,0
1230,聯成食,電器電纜,0.0,0.0,0.0,0.0,0.0,0.0,0.0,0.0,0.0,0.0,0.0,0.0,0.0,0.0,0.0,0.0,0.0,0.0,0,0.0,0
1716,永信,化學生技醫療,10.75,0.0,0.0,0.0,0.0,0.0,0.0,0.0,0.0,0.0,0.0,0.0,0.0,0.0,0.0,0.0,0.0,0.0,0,0.0,0
1311,福聚,塑膠工業,0.0,0.0,0.0,0.0,0.0,0.0,0.0,0.0,0.0,0.0,0.0,0.0,0.0,0.0,0.0,0.0,0.0,0.0,0,0.0,0
1601,台光,電器電纜,0.0,0.0,0.0,0.0,0.0,0.0,0.0,0.0,0.0,0.0,0.0,0.0,0.0,0.0,0.0,0.0,0.0,0.0,0,0.0,0
4733,上緯,化學生技醫療,0.0,0.0,0.0,0.0,0.0,0.0,0.0,0.0,0.0,0.0,0.0,0.0,0.0,0.0,0.0,0.0,0.0,0.0,0,0.0,0
6988,威力暘-創,創新版股票,-1.13,788074000.0,0.0,0.0,695520272.1321626,0.0,1202.03,2922.29,37.71,2960.0,0.0,0.0,0.0,13.9,0.0,0.0,0.0,17.93,105,6.59,63
3061,璨圓,光電業,0.0,0.0,0.0,0.0,0.0,0.0,0.0,0.0,0.0,0.0,0.0,0.0,0.0,0.0,0.0,0.0,0.0,0.0,0,0.0,0
6255,奈普,光電業,0.0,0.0,0.0,0.0,0.0,0.0,0.0,0.0,0.0,0.0,0.0,0.0,0.0,0.0,0.0,0.0,0.0,0.0,0,0.0,0
3614,誠致,半導體業,0.0,0.0,0.0,0.0,0.0,0.0,0.0,0.0,0.0,0.0,0.0,0.0,0.0,0.0,0.0,0.0,0.0,0.0,0,0.0,0
911610,聯環,存託憑證,0.0,0.0,0.0,0.0,0.0,0.0,0.0,0.0,0.0,0.0,0.0,0.0,0.0,0.0,0.0,0.0,0.0,0.0,0,0.0,0
3063,飛信,半導體業,0.0,0.0,0.0,0.0,0.0,0.0,0.0,0.0,0.0,0.0,0.0,0.0,0.0,0.0,0.0,0.0,0.0,0.0,0,0.0,0
911609,揚子江,存託憑證,0.0,0.0,0.0,0.0,0.0,0.0,0.0,0.0,0.0,0.0,0.0,0.0,0.0,0.0,0.0,0.0,0.0,0.0,0,0.0,0
2494,廣業科,電子工業,0.0,0.0,0.0,0.0,0.0,0.0,0.0,0.0,0.0,0.0,0.0,0.0,0.0,0.0,0.0,0.0,0.0,0.0,0,0.0,0
911608,明輝-DR,存託憑證,0.0,0.0,0.0,0.0,0.0,0.0,0.0,0.0,0.0,0.0,0.0,0.0,0.0,2.85,0.0,0.0,0.0,23.21,21,2.69,8
0080,恒中國,ETF,0.0,0.0,0.0,0.0,0.0,0.0,0.0,0.0,0.0,0.0,0.0,0.0,0.0,0.0,0.0,0.0,0.0,0.0,0,0.0,0
911606,超級,存託憑證,0.0,0.0,0.0,0.0,0.0,0.0,0.0,0.0,0.0,0.0,0.0,0.0,0.0,0.0,0.0,0.0,0.0,0.0,0,0.0,0
2403,友尚,電子通路業,0.0,0.0,0.0,0.0,0.0,0.0,0.0,0.0,0.0,0.0,0.0,0.0,0.0,0.0,0.0,0.0,0.0,0.0,0,0.0,0
1520,復盛,其他,0.0,0.0,0.0,0.0,0.0,0.0,0.0,0.0,0.0,0.0,0.0,0.0,0.0,0.0,0.0,0.0,0.0,0.0,0,0.0,0
3599,旺能,電子工業,0.0,0.0,0.0,0.0,0.0,0.0,0.0,0.0,0.0,0.0,0.0,0.0,0.0,0.0,0.0,0.0,0.0,0.0,0,0.0,0
3598,奕力,電子工業,0.0,0.0,0.0,0.0,0.0,0.0,0.0,0.0,0.0,0.0,0.0,0.0,0.0,0.0,0.0,0.0,0.0,0.0,0,0.0,0
912000,晨訊科-DR,存託憑證,0.0,1672600000.0,0.0,0.0,1333614860.7531536,0.0,0.0,0.0,0.0,0.0,0.0,0.0,0.0,2.82,0.0,0.0,0.0,27.17,9,16.92,121
3367,英華達,電子工業,0.0,0.0,0.0,0.0,0.0,0.0,0.0,0.0,0.0,0.0,0.0,0.0,0.0,0.0,0.0,0.0,0.0,0.0,0,0.0,0
911868,同方友友-DR,存託憑證,0.0,0.0,0.0,0.0,0.0,0.0,0.0,0.0,0.0,0.0,0.0,0.0,0.0,1.27,0.0,0.0,0.0,38.93,10,18.55,45
911626,MSH-DR,存託憑證,0.0,0.0,0.0,0.0,0.0,0.0,0.0,0.0,0.0,0.0,0.0,0.0,0.0,0.0,0.0,0.0,0.0,0.0,0,0.0,0
6924,榮惠-KY創,創新版股票,5.69,1708679000.0,300295079.08611596,3.22,1886364134.811144,6.28,13.53,22.02,6.99,29.01,43.9,182.18,84.97,114.0,0.75,0.39,1.6,2.02,3,7.29,16
910322,康師傅-DR,存託憑證,0.0,0.0,0.0,0.0,0.0,0.0,0.0,0.0,0.0,0.0,0.0,0.0,0.0,21.3,0.0,0.0,0.0,26.97,120,11.06,160
6280,崇貿,電子工業,0.0,0.0,0.0,0.0,0.0,0.0,0.0,0.0,0.0,0.0,0.0,0.0,0.0,0.0,0.0,0.0,0.0,0.0,0,0.0,0
911622,泰聚亨-DR,存託憑證,0.0,0.0,0.0,0.0,0.0,0.0,0.0,0.0,0.0,0.0,0.0,0.0,0.0,3.76,0.0,0.0,0.0,12.64,9,4.0,63
2381,華宇,電子工業,0.0,0.0,0.0,0.0,0.0,0.0,0.0,0.0,0.0,0.0,0.0,0.0,0.0,0.0,0.0,0.0,0.0,0.0,0,0.0,0
2361,鴻友,電子工業,0.0,0.0,0.0,0.0,0.0,0.0,0.0,0.0,0.0,0.0,0.0,0.0,0.0,0.0,0.0,0.0,0.0,0.0,0,0.0,0
3053,鼎營,電子工業,0.0,0.0,0.0,0.0,0.0,0.0,0.0,0.0,0.0,0.0,0.0,0.0,0.0,0.0,0.0,0.0,0.0,0.0,0,0.0,0
911619,耀傑-DR,存託憑證,0.0,0.0,0.0,0.0,0.0,0.0,0.0,0.0,0.0,0.0,0.0,0.0,0.0,0.0,0.0,0.0,0.0,0.0,0,0.0,0
911616,杜康-DR,存託憑證,0.0,0.0,0.0,0.0,0.0,0.0,0.0,0.0,0.0,0.0,0.0,0.0,0.0,1.07,0.0,0.0,0.0,25.88,2,25.88,2
911612,滬安,存託憑證,0.0,0.0,0.0,0.0,0.0,0.0,0.0,0.0,0.0,0.0,0.0,0.0,0.0,0.0,0.0,0.0,0.0,0.0,0,0.0,0
2526,大陸,建材營造,0.0,0.0,0.0,0.0,0.0,0.0,0.0,0.0,0.0,0.0,0.0,0.0,0.0,0.0,0.0,0.0,0.0,0.0,0,0.0,0
911611,中泰山-DR,存託憑證,0.0,0.0,0.0,0.0,0.0,0.0,0.0,0.0,0.0,0.0,0.0,0.0,0.0,0.0,0.0,0.0,0.0,0.0,0,0.0,0
9104,萬宇科,存託憑證,0.0,0.0,0.0,0.0,0.0,0.0,0.0,0.0,0.0,0.0,0.0,0.0,0.0,0.0,0.0,0.0,0.0,0.0,0,0.0,0
3697,F-晨星,電子工業,0.0,0.0,0.0,0.0,0.0,0.0,0.0,0.0,0.0,0.0,0.0,0.0,0.0,0.0,0.0,0.0,0.0,0.0,0,0.0,0
911602,華豐泰,存託憑證,0.0,0.0,0.0,0.0,0.0,0.0,0.0,0.0,0.0,0.0,0.0,0.0,0.0,0.0,0.0,0.0,0.0,0.0,0,0.0,0
0081,恒香港,ETF,0.0,0.0,0.0,0.0,0.0,0.0,0.0,0.0,0.0,0.0,0.0,0.0,0.0,0.0,0.0,0.0,0.0,0.0,0,0.0,0
3638,F-IML,電子工業,0.0,0.0,0.0,0.0,0.0,0.0,0.0,0.0,0.0,0.0,0.0,0.0,0.0,0.0,0.0,0.0,0.0,0.0,0,0.0,0
2463,研揚,電子工業,0.0,0.0,0.0,0.0,0.0,0.0,0.0,0.0,0.0,0.0,0.0,0.0,0.0,0.0,0.0,0.0,0.0,0.0,0,0.0,0
8008,建興電,電腦及週邊設備業,0.0,0.0,0.0,0.0,0.0,0.0,0.0,0.0,0.0,0.0,0.0,0.0,0.0,0.0,0.0,0.0,0.0,0.0,0,0.0,0
2396,精碟,光電業,0.0,0.0,0.0,0.0,0.0,0.0,0.0,0.0,0.0,0.0,0.0,0.0,0.0,0.0,0.0,0.0,0.0,0.0,0,0.0,0
2479,和立,電子工業,0.0,0.0,0.0,0.0,0.0,0.0,0.0,0.0,0.0,0.0,0.0,0.0,0.0,0.0,0.0,0.0,0.0,0.0,0,0.0,0
910861,神州-DR,存託憑證,0.0,0.0,0.0,0.0,0.0,0.0,0.0,0.0,0.0,0.0,0.0,0.0,0.0,4.58,0.0,0.0,0.0,7.94,178,1.6,94
910801,金衛-DR,存託憑證,0.0,0.0,0.0,0.0,0.0,0.0,0.0,0.0,0.0,0.0,0.0,0.0,0.0,4.17,0.0,0.0,0.0,0.0,0,0.0,0
020022,元大電動車N,ETN,0.0,0.0,0.0,0.0,0.0,0.0,0.0,0.0,0.0,0.0,0.0,0.0,0.0,0.0,0.0,0.0,0.0,0.0,0,0.0,0
2473,思源,電子工業,0.0,0.0,0.0,0.0,0.0,0.0,0.0,0.0,0.0,0.0,0.0,0.0,0.0,0.0,0.0,0.0,0.0,0.0,0,0.0,0
910708,恒大健-DR,存託憑證,0.0,0.0,0.0,0.0,0.0,0.0,0.0,0.0,0.0,0.0,0.0,0.0,0.0,620.0,0.0,0.0,0.0,79.71,2,79.71,2
2469,力信,電子零組件業,0.0,0.0,0.0,0.0,0.0,0.0,0.0,0.0,0.0,0.0,0.0,0.0,0.0,0.0,0.0,0.0,0.0,0.0,0,0.0,0
3271,其樂達,電子工業,0.0,0.0,0.0,0.0,0.0,0.0,0.0,0.0,0.0,0.0,0.0,0.0,0.0,0.0,0.0,0.0,0.0,0.0,0,0.0,0
6794,向榮生技-創,創新版股票,-1.89,34051000.0,0.0,0.0,17845243.47202938,0.0,0.0,0.0,0.0,0.0,0.0,0.0,0.0,78.8,0.0,0.0,0.0,1.47,15,49.84,97
9106,新焦點-DR,存託憑證,0.0,0.0,0.0,0.0,0.0,0.0,0.0,0.0,0.0,0.0,0.0,0.0,0.0,0.0,0.0,0.0,0.0,0.0,0,0.0,0
910482,聖馬丁-DR,存託憑證,0.0,0.0,0.0,0.0,0.0,0.0,0.0,0.0,0.0,0.0,0.0,0.0,0.0,0.53,0.0,0.0,0.0,0.0,0,0.0,0
910579,歐聖,存託憑證,0.0,0.0,0.0,0.0,0.0,0.0,0.0,0.0,0.0,0.0,0.0,0.0,0.0,0.0,0.0,0.0,0.0,0.0,0,0.0,0
00866,新光Shiller CAPE,ETF,0.0,0.0,0.0,0.0,0.0,0.0,0.0,0.0,0.0,0.0,0.0,0.0,0.0,0.0,0.0,0.0,0.0,0.0,0,0.0,0
020002,元富新中國N,ETN,0.0,0.0,0.0,0.0,0.0,0.0,0.0,0.0,0.0,0.0,0.0,0.0,0.0,0.0,0.0,0.0,0.0,0.0,0,0.0,0
020004,兆豐電菁英30N,ETN,0.0,0.0,0.0,0.0,0.0,0.0,0.0,0.0,0.0,0.0,0.0,0.0,0.0,0.0,0.0,0.0,0.0,0.0,0,0.0,0
020005,永豐外資50N,ETN,0.0,0.0,0.0,0.0,0.0,0.0,0.0,0.0,0.0,0.0,0.0,0.0,0.0,0.0,0.0,0.0,0.0,0.0,0,0.0,0
020006,永昌中小300N,ETN,0.0,0.0,0.0,0.0,0.0,0.0,0.0,0.0,0.0,0.0,0.0,0.0,0.0,0.0,0.0,0.0,0.0,0.0,0,0.0,0
020007,凱基臺灣500N,ETN,0.0,0.0,0.0,0.0,0.0,0.0,0.0,0.0,0.0,0.0,0.0,0.0,0.0,0.0,0.0,0.0,0.0,0.0,0,0.0,0
020008,元大特股高息N,ETN,0.0,0.0,0.0,0.0,0.0,0.0,0.0,0.0,0.0,0.0,0.0,0.0,0.0,0.0,0.0,0.0,0.0,0.0,0,0.0,0
911201,僑威控,存託憑證,0.0,0.0,0.0,0.0,0.0,0.0,0.0,0.0,0.0,0.0,0.0,0.0,0.0,0.0,0.0,0.0,0.0,0.0,0,0.0,0
3080,威力盟,光電業,0.0,0.0,0.0,0.0,0.0,0.0,0.0,0.0,0.0,0.0,0.0,0.0,0.0,0.0,0.0,0.0,0.0,0.0,0,0.0,0
910948,融達,存託憑證,0.0,0.0,0.0,0.0,0.0,0.0,0.0,0.0,0.0,0.0,0.0,0.0,0.0,0.0,0.0,0.0,0.0,0.0,0,0.0,0
6771,平和環保-創,創新版股票,3.64,630138000.0,173114835.16483516,1.59,530713384.87956727,3.07,13.31,5.54,10.29,15.83,31.59,48.6,40.86,41.75,0.98,0.76,1.16,4.32,17,1.18,8
9110,越南控-DR,存託憑證,0.0,0.0,0.0,0.0,0.0,0.0,0.0,0.0,0.0,0.0,0.0,0.0,0.0,3.5,0.0,0.0,0.0,4.78,142,4.92,20
2384,勝華,光電業,-1.46,0.0,0.0,0.0,0.0,0.0,0.0,0.0,0.0,0.0,0.0,0.0,0.0,0.0,0.0,0.0,0.0,0.0,0,0.0,0
1107,建台,其他,0.0,0.0,0.0,0.0,0.0,0.0,0.0,0.0,0.0,0.0,0.0,0.0,0.0,0.0,0.0,0.0,0.0,0.0,0,0.0,0
2391,合勤,通信網路業,0.0,0.0,0.0,0.0,0.0,0.0,0.0,0.0,0.0,0.0,0.0,0.0,0.0,0.0,0.0,0.0,0.0,0.0,0,0.0,0
6119,大傳,電子通路業,0.0,0.0,0.0,0.0,0.0,0.0,0.0,0.0,0.0,0.0,0.0,0.0,0.0,0.0,0.0,0.0,0.0,0.0,0,0.0,0
6902,GOGOLOOK-創,創新版股票,1.58,1032296000.0,653351898.7341772,0.92,1284514079.4694896,1.97,341.19,640.45,37.88,678.33,74.62,1336.31,672.15,129.5,5.19,0.58,10.32,0.0,0,4.17,22
2350,環電,電子工業,0.0,0.0,0.0,0.0,0.0,0.0,0.0,0.0,0.0,0.0,0.0,0.0,0.0,0.0,0.0,0.0,0.0,0.0,0,0.0,0
912398,友佳-DR,存託憑證,0.0,0.0,0.0,0.0,0.0,0.0,0.0,0.0,0.0,0.0,0.0,0.0,0.0,7.2,0.0,0.0,0.0,0.0,0,0.0,0
9136,巨騰-DR,存託憑證,0.0,0.0,0.0,0.0,0.0,0.0,0.0,0.0,0.0,0.0,0.0,0.0,0.0,16.65,0.0,0.0,0.0,25.0,9,21.73,120
2452,乾坤,電子零組件業,0.0,0.0,0.0,0.0,0.0,0.0,0.0,0.0,0.0,0.0,0.0,0.0,0.0,0.0,0.0,0.0,0.0,0.0,0,0.0,0
2883A,開發特,金融保險,0.0,0.0,0.0,0.0,0.0,0.0,0.0,0.0,0.0,0.0,0.0,0.0,0.0,0.0,0.0,0.0,0.0,0.0,0,0.0,0
5854,合庫,金融保險,1.59,0.0,0.0,0.0,0.0,0.0,0.0,0.0,0.0,0.0,0.0,0.0,0.0,0.0,0.0,0.0,0.0,0.0,0,0.0,0
3009,奇美電,電子工業,0.0,0.0,0.0,0.0,0.0,0.0,0.0,0.0,0.0,0.0,0.0,0.0,0.0,0.0,0.0,0.0,0.0,0.0,0,0.0,0
3214,元砷,電子工業,0.0,0.0,0.0,0.0,0.0,0.0,0.0,0.0,0.0,0.0,0.0,0.0,0.0,0.0,0.0,0.0,0.0,0.0,0,0.0,0
2854,寶來證,金融保險,0.0,0.0,0.0,0.0,0.0,0.0,0.0,0.0,0.0,0.0,0.0,0.0,0.0,0.0,0.0,0.0,0.0,0.0,0,0.0,0
00906,大華元宇宙科技50,ETF,0.0,0.0,0.0,0.0,0.0,0.0,0.0,0.0,0.0,0.0,0.0,0.0,0.0,0.0,0.0,0.0,0.0,0.0,0,0.0,0
6645,金萬林-創,創新版股票,-2.41,548227000.0,0.0,0.0,618835586.6981512,0.0,0.0,0.0,0.0,0.0,0.0,0.0,0.0,15.0,0.0,0.0,0.0,3.95,14,32.16,128
8162,微矽電子-創,創新版股票,1.56,1275748000.0,817787179.4871795,0.73,1236039570.0629172,1.51,31.13,48.9,16.34,65.24,24.67,98.51,47.01,72.3,0.65,0.34,1.36,8.07,176,22.29,93
6854,錼創科技-KY創,創新版股票,-0.98,1357523000.0,0.0,0.0,943812996.2819712,0.0,240.71,258.04,162.5,420.54,0.0,0.0,0.0,130.0,0.0,0.0,0.0,130.14,127,41.73,10
2847,大眾銀,金融保險,0.0,0.0,0.0,0.0,0.0,0.0,0.0,0.0,0.0,0.0,0.0,0.0,0.0,0.0,0.0,0.0,0.0,0.0,0,0.0,0
0060,新台灣,ETF,0.0,0.0,0.0,0.0,0.0,0.0,0.0,0.0,0.0,0.0,0.0,0.0,0.0,0.0,0.0,0.0,0.0,0.0,0,0.0,0
3474,華亞科,電子工業,0.0,0.0,0.0,0.0,0.0,0.0,0.0,0.0,0.0,0.0,0.0,0.0,0.0,0.0,0.0,0.0,0.0,0.0,0,0.0,0
2837,萬泰銀,金融保險,1.45,0.0,0.0,0.0,0.0,0.0,0.0,0.0,0.0,0.0,0.0,0.0,0.0,0.0,0.0,0.0,0.0,0.0,0,0.0,0
6286,立錡,電子工業,0.0,0.0,0.0,0.0,0.0,0.0,0.0,0.0,0.0,0.0,0.0,0.0,0.0,0.0,0.0,0.0,0.0,0.0,0,0.0,0
2833A,台壽甲,金融保險,0.0,0.0,0.0,0.0,0.0,0.0,0.0,0.0,0.0,0.0,0.0,0.0,0.0,0.0,0.0,0.0,0.0,0.0,0,0.0,0
3584,介面,電子工業,0.0,0.0,0.0,0.0,0.0,0.0,0.0,0.0,0.0,0.0,0.0,0.0,0.0,0.0,0.0,0.0,0.0,0.0,0,0.0,0
9101,福雷電,存託憑證,0.0,0.0,0.0,0.0,0.0,0.0,0.0,0.0,0.0,0.0,0.0,0.0,0.0,0.0,0.0,0.0,0.0,0.0,0,0.0,0
8487,愛爾達-創,創新版股票,4.03,1038965000.0,257807692.3076923,2.43,1265854818.8874767,4.91,13.94,9.91,10.09,20.0,49.54,98.2,68.46,79.3,0.86,0.62,1.24,4.91,23,4.62,57
6012,金鼎證,金融保險,0.0,0.0,0.0,0.0,0.0,0.0,0.0,0.0,0.0,0.0,0.0,0.0,0.0,0.0,0.0,0.0,0.0,0.0,0,0.0,0
3702A,大聯大甲特,電子通路業,0.0,0.0,0.0,0.0,0.0,0.0,0.0,0.0,0.0,0.0,0.0,0.0,0.0,51.7,0.0,0.0,0.0,5.4,183,0.0,0
6423,億而得-創,創新版股票,0.58,235415000.0,405887931.0344828,0.31,239409344.27820462,0.59,112.31,273.29,69.36,342.65,40.92,202.16,66.26,80.7,0.82,0.51,2.51,5.56,18,5.6,16
2446,全懋,半導體業,0.0,0.0,0.0,0.0,0.0,0.0,0.0,0.0,0.0,0.0,0.0,0.0,0.0,0.0,0.0,0.0,0.0,0.0,0,0.0,0
2891A,中信特,金融保險,0.0,0.0,0.0,0.0,0.0,0.0,0.0,0.0,0.0,0.0,0.0,0.0,0.0,0.0,0.0,0.0,0.0,0.0,0,0.0,0
2447,鼎新,資訊服務業,0.0,0.0,0.0,0.0,0.0,0.0,0.0,0.0,0.0,0.0,0.0,0.0,0.0,0.0,0.0,0.0,0.0,0.0,0,0.0,0
8199,廣鎵,電子工業,0.0,0.0,0.0,0.0,0.0,0.0,0.0,0.0,0.0,0.0,0.0,0.0,0.0,0.0,0.0,0.0,0.0,0.0,0,0.0,0
3150,鈺寶-創,創新版股票,-0.21,305785000.0,0.0,0.0,285878384.43088317,0.0,69.33,113.89,23.61,137.5,0.0,0.0,0.0,18.3,0.0,0.0,0.0,11.11,4,3.71,79
6004,元京證,金融保險,0.0,0.0,0.0,0.0,0.0,0.0,0.0,0.0,0.0,0.0,0.0,0.0,0.0,0.0,0.0,0.0,0.0,0.0,0,0.0,0
3007,綠點,電子工業,0.0,0.0,0.0,0.0,0.0,0.0,0.0,0.0,0.0,0.0,0.0,0.0,0.0,0.0,0.0,0.0,0.0,0.0,0,0.0,0
910069,新曄,存託憑證,0.0,0.0,0.0,0.0,0.0,0.0,0.0,0.0,0.0,0.0,0.0,0.0,0.0,0.0,0.0,0.0,0.0,0.0,0,0.0,0
5280,F-敦泰,電子工業,0.0,0.0,0.0,0.0,0.0,0.0,0.0,0.0,0.0,0.0,0.0,0.0,0.0,0.0,0.0,0.0,0.0,0.0,0,0.0,0
2887C,新丙特,金融保險,0.0,0.0,0.0,0.0,0.0,0.0,0.0,0.0,0.0,0.0,0.0,0.0,0.0,0.0,0.0,0.0,0.0,0.0,0,0.0,0
2831,中華銀,金融保險,0.0,0.0,0.0,0.0,0.0,0.0,0.0,0.0,0.0,0.0,0.0,0.0,0.0,0.0,0.0,0.0,0.0,0.0,0,0.0,0
2833,台壽保,金融保險,3.35,0.0,0.0,0.0,0.0,0.0,0.0,0.0,0.0,0.0,0.0,0.0,0.0,0.0,0.0,0.0,0.0,0.0,0,0.0,0
3534,雷凌,電子工業,0.0,0.0,0.0,0.0,0.0,0.0,0.0,0.0,0.0,0.0,0.0,0.0,0.0,0.0,0.0,0.0,0.0,0.0,0,0.0,0
6534,正瀚-創,創新版股票,4.52,1800744000.0,398394690.2654868,3.5,1872602069.556753,4.7,20.9,18.35,15.55,33.9,73.09,159.33,98.23,93.8,1.05,0.78,1.7,1.66,1,56.66,71
9915,億豐,其他,0.0,0.0,0.0,0.0,0.0,0.0,0.0,0.0,0.0,0.0,0.0,0.0,0.0,0.0,0.0,0.0,0.0,0.0,0,0.0,0
3573,穎台,電子工業,0.0,0.0,0.0,0.0,0.0,0.0,0.0,0.0,0.0,0.0,0.0,0.0,0.0,0.0,0.0,0.0,0.0,0.0,0,0.0,0
9801,力霸,貿易百貨,0.0,0.0,0.0,0.0,0.0,0.0,0.0,0.0,0.0,0.0,0.0,0.0,0.0,0.0,0.0,0.0,0.0,0.0,0,0.0,0
9188,精熙-DR,存託憑證,0.0,0.0,0.0,0.0,0.0,0.0,0.0,0.0,0.0,0.0,0.0,0.0,0.0,5.27,0.0,0.0,0.0,0.0,0,0.0,0
2341,英群,電子工業,0.0,0.0,0.0,0.0,0.0,0.0,0.0,0.0,0.0,0.0,0.0,0.0,0.0,0.0,0.0,0.0,0.0,0.0,0,0.0,0
916665,爾必達,存託憑證,0.0,0.0,0.0,0.0,0.0,0.0,0.0,0.0,0.0,0.0,0.0,0.0,0.0,0.0,0.0,0.0,0.0,0.0,0,0.0,0
9157,陽光能源-DR,存託憑證,0.0,0.0,0.0,0.0,0.0,0.0,0.0,0.0,0.0,0.0,0.0,0.0,0.0,1.39,0.0,0.0,0.0,26.36,2,26.36,2
00729R,第一金工業30反1,ETF,0.0,0.0,0.0,0.0,0.0,0.0,0.0,0.0,0.0,0.0,0.0,0.0,0.0,0.0,0.0,0.0,0.0,0.0,0,0.0,0
9151,旺旺,存託憑證,0.0,0.0,0.0,0.0,0.0,0.0,0.0,0.0,0.0,0.0,0.0,0.0,0.0,0.0,0.0,0.0,0.0,0.0,0,0.0,0
913889,大成糖,存託憑證,0.0,0.0,0.0,0.0,0.0,0.0,0.0,0.0,0.0,0.0,0.0,0.0,0.0,0.0,0.0,0.0,0.0,0.0,0,0.0,0
9103,美德醫療-DR,存託憑證,0.0,0.0,0.0,0.0,0.0,0.0,0.0,0.0,0.0,0.0,0.0,0.0,0.0,5.33,0.0,0.0,0.0,3.3,21,1.31,1
8078,華寶,電子工業,0.0,0.0,0.0,0.0,0.0,0.0,0.0,0.0,0.0,0.0,0.0,0.0,0.0,0.0,0.0,0.0,0.0,0.0,0,0.0,0
6702,興航,航運業,0.0,0.0,0.0,0.0,0.0,0.0,0.0,0.0,0.0,0.0,0.0,0.0,0.0,0.0,0.0,0.0,0.0,0.0,0,0.0,0
2336,致伸,電腦及週邊設備業,0.0,0.0,0.0,0.0,0.0,0.0,0.0,0.0,0.0,0.0,0.0,0.0,0.0,0.0,0.0,0.0,0.0,0.0,0,0.0,0
9922,優美,其他,0.0,0.0,0.0,0.0,0.0,0.0,0.0,0.0,0.0,0.0,0.0,0.0,0.0,0.0,0.0,0.0,0.0,0.0,0,0.0,0
6949,沛爾生醫-創,創新版股票,-7.23,30919000.0,0.0,0.0,25711307.198612314,0.0,0.0,0.0,0.0,0.0,0.0,0.0,0.0,895.0,0.0,0.0,0.0,12.9,9,252.69,83
2827,中聯,金融保險,0.0,0.0,0.0,0.0,0.0,0.0,0.0,0.0,0.0,0.0,0.0,0.0,0.0,0.0,0.0,0.0,0.0,0.0,0,0.0,0
2254,巨鎧精密-創,創新版股票,-0.84,521879000.0,0.0,0.0,117399702.61017188,0.0,0.0,0.0,0.0,0.0,0.0,0.0,0.0,61.9,0.0,0.0,0.0,20.6,78,2.0,16
6969,成信實業*-創,創新版股票,-0.09,319390000.0,0.0,0.0,391780065.89435005,0.0,0.0,0.0,0.0,0.0,0.0,0.0,0.0,26.6,0.0,0.0,0.0,95.07,37,66.93,42
3020,奇普仕,電子工業,0.0,0.0,0.0,0.0,0.0,0.0,0.0,0.0,0.0,0.0,0.0,0.0,0.0,0.0,0.0,0.0,0.0,0.0,0,0.0,0
9102,東亞科,存託憑證,0.0,0.0,0.0,0.0,0.0,0.0,0.0,0.0,0.0,0.0,0.0,0.0,0.0,0.0,0.0,0.0,0.0,0.0,0,0.0,0
2258,鴻華先進-創,創新版股票,-2.15,4269199000.0,0.0,0.0,3023126503.9432025,0.0,0.0,0.0,0.0,0.0,0.0,0.0,0.0,31.85,0.0,0.0,0.0,11.23,9,7.67,43
3142,遠茂,電子工業,0.0,0.0,0.0,0.0,0.0,0.0,0.0,0.0,0.0,0.0,0.0,0.0,0.0,0.0,0.0,0.0,0.0,0.0,0,0.0,0
2807,竹商銀,金融保險,1.88,0.0,0.0,0.0,0.0,0.0,0.0,0.0,0.0,0.0,0.0,0.0,0.0,0.0,0.0,0.0,0.0,0.0,0,0.0,0
9105,泰金寶-DR,存託憑證,0.0,132270623000.0,0.0,0.0,122051925713.60797,0.0,0.0,0.0,0.0,0.0,0.0,0.0,0.0,9.5,0.0,0.0,0.0,47.39,183,8.48,127
2411,飛瑞,電子工業,0.0,0.0,0.0,0.0,0.0,0.0,0.0,0.0,0.0,0.0,0.0,0.0,0.0,0.0,0.0,0.0,0.0,0.0,0,0.0,0
6951,青新-創,創新版股票,5.39,842034000.0,156221521.33580706,2.87,1055038676.1119694,6.75,15.93,11.37,12.6,23.97,85.05,161.8,107.54,78.6,1.37,1.08,2.06,21.55,172,6.73,51
2315,神達,電子工業,0.0,0.0,0.0,0.0,0.0,0.0,0.0,0.0,0.0,0.0,0.0,0.0,0.0,0.0,0.0,0.0,0.0,0.0,0,0.0,0
2418,雅新,電子工業,0.0,0.0,0.0,0.0,0.0,0.0,0.0,0.0,0.0,0.0,0.0,0.0,0.0,0.0,0.0,0.0,0.0,0.0,0,0.0,0
6457,紘康,半導體業,0.0,0.0,0.0,0.0,0.0,0.0,0.0,0.0,0.0,0.0,0.0,0.0,0.0,62.1,0.0,0.0,0.0,40.0,126,0.0,0
00847B,中信美國市政債,上櫃指數股票型基金(ETF),0.0,0.0,0.0,0.0,0.0,0.0,0.0,0.0,0.0,0.0,0.0,0.0,0.0,25.61,0.0,0.0,0.0,5.83,49,11.72,128
00719B,元大美債1-3,上櫃指數股票型基金(ETF),0.0,0.0,0.0,0.0,0.0,0.0,0.0,0.0,0.0,0.0,0.0,0.0,0.0,30.94,0.0,0.0,0.0,1.48,28,7.61,183
00844B,新光15年IG金融債,上櫃指數股票型基金(ETF),0.0,0.0,0.0,0.0,0.0,0.0,0.0,0.0,0.0,0.0,0.0,0.0,0.0,31.82,0.0,0.0,0.0,4.7,86,13.14,163
00846B,富邦歐洲銀行債,上櫃指數股票型基金(ETF),0.0,0.0,0.0,0.0,0.0,0.0,0.0,0.0,0.0,0.0,0.0,0.0,0.0,35.9,0.0,0.0,0.0,3.52,46,10.6,164
00845B,富邦新興投等債,上櫃指數股票型基金(ETF),0.0,0.0,0.0,0.0,0.0,0.0,0.0,0.0,0.0,0.0,0.0,0.0,0.0,33.24,0.0,0.0,0.0,3.47,112,11.77,183
00718B,富邦中國政策債,上櫃指數股票型基金(ETF),0.0,0.0,0.0,0.0,0.0,0.0,0.0,0.0,0.0,0.0,0.0,0.0,0.0,19.05,0.0,0.0,0.0,3.65,49,0.0,0
00842B,台新美元銀行債,上櫃指數股票型基金(ETF),0.0,0.0,0.0,0.0,0.0,0.0,0.0,0.0,0.0,0.0,0.0,0.0,0.0,30.78,0.0,0.0,0.0,4.95,86,10.81,121
00768B,復華20年美債,上櫃指數股票型基金(ETF),0.0,0.0,0.0,0.0,0.0,0.0,0.0,0.0,0.0,0.0,0.0,0.0,0.0,50.3,0.0,0.0,0.0,7.66,86,11.18,128
00841B,凱基AAA-AA公司債,上櫃指數股票型基金(ETF),0.0,0.0,0.0,0.0,0.0,0.0,0.0,0.0,0.0,0.0,0.0,0.0,0.0,29.12,0.0,0.0,0.0,5.38,93,12.04,128
00799B,國泰A級醫療債,上櫃指數股票型基金(ETF),0.0,0.0,0.0,0.0,0.0,0.0,0.0,0.0,0.0,0.0,0.0,0.0,0.0,29.81,0.0,0.0,0.0,5.28,93,11.63,128
00720B,元大投資級公司債,上櫃指數股票型基金(ETF),0.0,0.0,0.0,0.0,0.0,0.0,0.0,0.0,0.0,0.0,0.0,0.0,0.0,33.39,0.0,0.0,0.0,4.74,93,11.34,127
00785B,富邦金融投等債,上櫃指數股票型基金(ETF),0.0,0.0,0.0,0.0,0.0,0.0,0.0,0.0,0.0,0.0,0.0,0.0,0.0,35.2,0.0,0.0,0.0,4.64,86,12.48,164
00750B,凱基科技債10+,上櫃指數股票型基金(ETF),0.0,0.0,0.0,0.0,0.0,0.0,0.0,0.0,0.0,0.0,0.0,0.0,0.0,33.32,0.0,0.0,0.0,4.47,93,10.35,122
00751B,元大AAA至A公司債,上櫃指數股票型基金(ETF),0.0,0.0,0.0,0.0,0.0,0.0,0.0,0.0,0.0,0.0,0.0,0.0,0.0,32.08,0.0,0.0,0.0,4.58,86,10.75,163
00754B,群益AAA-AA公司債,上櫃指數股票型基金(ETF),0.0,0.0,0.0,0.0,0.0,0.0,0.0,0.0,0.0,0.0,0.0,0.0,0.0,33.57,0.0,0.0,0.0,5.44,93,11.77,133
00755B,群益投資級公用債,上櫃指數股票型基金(ETF),0.0,0.0,0.0,0.0,0.0,0.0,0.0,0.0,0.0,0.0,0.0,0.0,0.0,32.93,0.0,0.0,0.0,5.24,93,12.55,128
00756B,群益投等新興公債,上櫃指數股票型基金(ETF),0.0,0.0,0.0,0.0,0.0,0.0,0.0,0.0,0.0,0.0,0.0,0.0,0.0,31.8,0.0,0.0,0.0,5.25,93,14.99,149
00784B,富邦中國投等債,上櫃指數股票型基金(ETF),0.0,0.0,0.0,0.0,0.0,0.0,0.0,0.0,0.0,0.0,0.0,0.0,0.0,39.32,0.0,0.0,0.0,2.46,49,0.0,0
00758B,復華能源債,上櫃指數股票型基金(ETF),0.0,0.0,0.0,0.0,0.0,0.0,0.0,0.0,0.0,0.0,0.0,0.0,0.0,51.8,0.0,0.0,0.0,3.51,49,12.14,128
00759B,復華製藥債,上櫃指數股票型基金(ETF),0.0,0.0,0.0,0.0,0.0,0.0,0.0,0.0,0.0,0.0,0.0,0.0,0.0,54.95,0.0,0.0,0.0,5.18,93,12.9,128
00760B,復華新興企業債,上櫃指數股票型基金(ETF),0.0,0.0,0.0,0.0,0.0,0.0,0.0,0.0,0.0,0.0,0.0,0.0,0.0,53.9,0.0,0.0,0.0,4.35,93,13.03,149
00761B,國泰A級公司債,上櫃指數股票型基金(ETF),0.0,0.0,0.0,0.0,0.0,0.0,0.0,0.0,0.0,0.0,0.0,0.0,0.0,34.68,0.0,0.0,0.0,5.02,93,11.77,128
00764B,群益25年美債,上櫃指數股票型基金(ETF),0.0,0.0,0.0,0.0,0.0,0.0,0.0,0.0,0.0,0.0,0.0,0.0,0.0,27.81,0.0,0.0,0.0,6.77,86,12.82,163
00782B,國泰A級公用債,上櫃指數股票型基金(ETF),0.0,0.0,0.0,0.0,0.0,0.0,0.0,0.0,0.0,0.0,0.0,0.0,0.0,30.68,0.0,0.0,0.0,5.24,93,11.52,122
00781B,國泰A級科技債,上櫃指數股票型基金(ETF),0.0,0.0,0.0,0.0,0.0,0.0,0.0,0.0,0.0,0.0,0.0,0.0,0.0,28.35,0.0,0.0,0.0,3.82,86,10.84,163
00780B,國泰A級金融債,上櫃指數股票型基金(ETF),0.0,0.0,0.0,0.0,0.0,0.0,0.0,0.0,0.0,0.0,0.0,0.0,0.0,37.2,0.0,0.0,0.0,4.32,49,10.25,167
00779B,凱基美債25+,上櫃指數股票型基金(ETF),0.0,0.0,0.0,0.0,0.0,0.0,0.0,0.0,0.0,0.0,0.0,0.0,0.0,28.14,0.0,0.0,0.0,6.66,86,13.15,163
00778B,凱基金融債20+,上櫃指數股票型基金(ETF),0.0,0.0,0.0,0.0,0.0,0.0,0.0,0.0,0.0,0.0,0.0,0.0,0.0,34.67,0.0,0.0,0.0,5.49,86,13.29,164
00777B,凱基AAA至A公司債,上櫃指數股票型基金(ETF),0.0,0.0,0.0,0.0,0.0,0.0,0.0,0.0,0.0,0.0,0.0,0.0,0.0,32.72,0.0,0.0,0.0,4.91,93,11.69,128
00773B,中信優先金融債,上櫃指數股票型基金(ETF),0.0,0.0,0.0,0.0,0.0,0.0,0.0,0.0,0.0,0.0,0.0,0.0,0.0,35.98,0.0,0.0,0.0,5.18,86,13.14,163
00749B,凱基新興債10+,上櫃指數股票型基金(ETF),0.0,0.0,0.0,0.0,0.0,0.0,0.0,0.0,0.0,0.0,0.0,0.0,0.0,31.98,0.0,0.0,0.0,4.66,93,13.53,183
00840B,凱基IG精選15+,上櫃指數股票型基金(ETF),0.0,0.0,0.0,0.0,0.0,0.0,0.0,0.0,0.0,0.0,0.0,0.0,0.0,30.14,0.0,0.0,0.0,5.19,93,11.93,163
00746B,富邦A級公司債,上櫃指數股票型基金(ETF),0.0,0.0,0.0,0.0,0.0,0.0,0.0,0.0,0.0,0.0,0.0,0.0,0.0,35.75,0.0,0.0,0.0,4.63,93,11.51,164
00740B,富邦全球投等債,上櫃指數股票型基金(ETF),0.0,0.0,0.0,0.0,0.0,0.0,0.0,0.0,0.0,0.0,0.0,0.0,0.0,38.74,0.0,0.0,0.0,3.21,93,10.89,163
00836B,永豐10年A公司債,上櫃指數股票型基金(ETF),0.0,0.0,0.0,0.0,0.0,0.0,0.0,0.0,0.0,0.0,0.0,0.0,0.0,29.21,0.0,0.0,0.0,4.85,93,11.5,164
00722B,群益投資級電信債,上櫃指數股票型基金(ETF),0.0,0.0,0.0,0.0,0.0,0.0,0.0,0.0,0.0,0.0,0.0,0.0,0.0,36.23,0.0,0.0,0.0,4.54,93,10.95,122
00834B,第一金金融債10+,上櫃指數股票型基金(ETF),0.0,0.0,0.0,0.0,0.0,0.0,0.0,0.0,0.0,0.0,0.0,0.0,0.0,34.44,0.0,0.0,0.0,5.31,86,12.64,163
00723B,群益投資級科技債,上櫃指數股票型基金(ETF),0.0,0.0,0.0,0.0,0.0,0.0,0.0,0.0,0.0,0.0,0.0,0.0,0.0,31.01,0.0,0.0,0.0,4.61,93,10.57,122
00724B,群益投資級金融債,上櫃指數股票型基金(ETF),0.0,0.0,0.0,0.0,0.0,0.0,0.0,0.0,0.0,0.0,0.0,0.0,0.0,34.02,0.0,0.0,0.0,4.75,93,12.13,163
00725B,國泰投資級公司債,上櫃指數股票型基金(ETF),0.0,0.0,0.0,0.0,0.0,0.0,0.0,0.0,0.0,0.0,0.0,0.0,0.0,35.45,0.0,0.0,0.0,3.94,93,10.25,122
00726B,國泰新興投等債,上櫃指數股票型基金(ETF),0.0,0.0,0.0,0.0,0.0,0.0,0.0,0.0,0.0,0.0,0.0,0.0,0.0,32.94,0.0,0.0,0.0,3.27,93,10.82,183
00727B,國泰優選非投等債,上櫃指數股票型基金(ETF),0.0,0.0,0.0,0.0,0.0,0.0,0.0,0.0,0.0,0.0,0.0,0.0,0.0,39.59,0.0,0.0,0.0,3.27,169,7.78,183
00795B,中信美國公債20年,上櫃指數股票型基金(ETF),0.0,0.0,0.0,0.0,0.0,0.0,0.0,0.0,0.0,0.0,0.0,0.0,0.0,26.98,0.0,0.0,0.0,6.76,49,12.34,128
00794B,群益7+中國政金債,上櫃指數股票型基金(ETF),0.0,0.0,0.0,0.0,0.0,0.0,0.0,0.0,0.0,0.0,0.0,0.0,0.0,39.82,0.0,0.0,0.0,5.28,49,2.76,65
00793B,群益AAA-A醫療債,上櫃指數股票型基金(ETF),0.0,0.0,0.0,0.0,0.0,0.0,0.0,0.0,0.0,0.0,0.0,0.0,0.0,30.8,0.0,0.0,0.0,5.09,93,12.92,163
00792B,群益A級公司債,上櫃指數股票型基金(ETF),0.0,0.0,0.0,0.0,0.0,0.0,0.0,0.0,0.0,0.0,0.0,0.0,0.0,31.75,0.0,0.0,0.0,5.21,93,12.89,163
00791B,復華信用債1-5,上櫃指數股票型基金(ETF),0.0,0.0,0.0,0.0,0.0,0.0,0.0,0.0,0.0,0.0,0.0,0.0,0.0,56.7,0.0,0.0,0.0,1.95,51,9.15,183
00734B,台新JPM新興債,上櫃指數股票型基金(ETF),0.0,0.0,0.0,0.0,0.0,0.0,0.0,0.0,0.0,0.0,0.0,0.0,0.0,15.88,0.0,0.0,0.0,3.4,93,12.81,163
00790B,復華次順位金融債,上櫃指數股票型基金(ETF),0.0,0.0,0.0,0.0,0.0,0.0,0.0,0.0,0.0,0.0,0.0,0.0,0.0,53.2,0.0,0.0,0.0,4.92,86,0.0,0
00789B,復華公司債A3,上櫃指數股票型基金(ETF),0.0,0.0,0.0,0.0,0.0,0.0,0.0,0.0,0.0,0.0,0.0,0.0,0.0,48.73,0.0,0.0,0.0,5.37,93,11.27,122
00788B,元大10年IG電能債,上櫃指數股票型基金(ETF),0.0,0.0,0.0,0.0,0.0,0.0,0.0,0.0,0.0,0.0,0.0,0.0,0.0,30.24,0.0,0.0,0.0,5.02,93,11.84,127
00787B,元大10年IG醫療債,上櫃指數股票型基金(ETF),0.0,0.0,0.0,0.0,0.0,0.0,0.0,0.0,0.0,0.0,0.0,0.0,0.0,33.02,0.0,0.0,0.0,3.93,86,12.87,164
00786B,元大10年IG銀行債,上櫃指數股票型基金(ETF),0.0,0.0,0.0,0.0,0.0,0.0,0.0,0.0,0.0,0.0,0.0,0.0,0.0,32.87,0.0,0.0,0.0,4.47,93,12.55,163
00741B,富邦全球非投等債,上櫃指數股票型基金(ETF),0.0,0.0,0.0,0.0,0.0,0.0,0.0,0.0,0.0,0.0,0.0,0.0,0.0,37.12,0.0,0.0,0.0,2.42,150,7.17,169
00848B,中信新興亞洲債,上櫃指數股票型基金(ETF),0.0,0.0,0.0,0.0,0.0,0.0,0.0,0.0,0.0,0.0,0.0,0.0,0.0,34.3,0.0,0.0,0.0,3.29,93,10.59,164
00772B,中信高評級公司債,上櫃指數股票型基金(ETF),0.0,0.0,0.0,0.0,0.0,0.0,0.0,0.0,0.0,0.0,0.0,0.0,0.0,33.76,0.0,0.0,0.0,4.62,86,11.49,163
00886,永豐美國科技,上櫃指數股票型基金(ETF),0.0,0.0,0.0,0.0,0.0,0.0,0.0,0.0,0.0,0.0,0.0,0.0,0.0,44.76,0.0,0.0,0.0,11.87,175,16.78,134
00942B,台新美A公司債20+,上櫃指數股票型基金(ETF),0.0,0.0,0.0,0.0,0.0,0.0,0.0,0.0,0.0,0.0,0.0,0.0,0.0,14.39,0.0,0.0,0.0,3.73,93,11.85,128
00696B,富邦美債20年,上櫃指數股票型基金(ETF),0.0,0.0,0.0,0.0,0.0,0.0,0.0,0.0,0.0,0.0,0.0,0.0,0.0,29.23,0.0,0.0,0.0,6.6,86,12.12,163
00959B,大華投等美債15Y+,上櫃指數股票型基金(ETF),0.0,0.0,0.0,0.0,0.0,0.0,0.0,0.0,0.0,0.0,0.0,0.0,0.0,9.44,0.0,0.0,0.0,1.89,21,10.92,128
00948B,中信優息投資級債,上櫃指數股票型基金(ETF),0.0,0.0,0.0,0.0,0.0,0.0,0.0,0.0,0.0,0.0,0.0,0.0,0.0,9.52,0.0,0.0,0.0,4.78,93,10.93,133
00857B,永豐20年美公債,上櫃指數股票型基金(ETF),0.0,0.0,0.0,0.0,0.0,0.0,0.0,0.0,0.0,0.0,0.0,0.0,0.0,23.44,0.0,0.0,0.0,6.82,86,11.55,163
00970B,新光BBB投等債20+,上櫃指數股票型基金(ETF),0.0,0.0,0.0,0.0,0.0,0.0,0.0,0.0,0.0,0.0,0.0,0.0,0.0,9.42,0.0,0.0,0.0,3.12,77,10.41,133
00862B,中信投資級公司債,上櫃指數股票型基金(ETF),0.0,0.0,0.0,0.0,0.0,0.0,0.0,0.0,0.0,0.0,0.0,0.0,0.0,31.77,0.0,0.0,0.0,4.02,88,12.11,163
00966B,統一ESG投等債15+,上櫃指數股票型基金(ETF),0.0,0.0,0.0,0.0,0.0,0.0,0.0,0.0,0.0,0.0,0.0,0.0,0.0,14.04,0.0,0.0,0.0,2.83,78,10.72,133
00695B,富邦美債7-10,上櫃指數股票型基金(ETF),0.0,0.0,0.0,0.0,0.0,0.0,0.0,0.0,0.0,0.0,0.0,0.0,0.0,35.16,0.0,0.0,0.0,4.33,49,10.44,167
00858,永豐美國500大,上櫃指數股票型基金(ETF),0.0,0.0,0.0,0.0,0.0,0.0,0.0,0.0,0.0,0.0,0.0,0.0,0.0,36.15,0.0,0.0,0.0,5.5,175,15.26,178
00687B,國泰20年美債,上櫃指數股票型基金(ETF),0.0,0.0,0.0,0.0,0.0,0.0,0.0,0.0,0.0,0.0,0.0,0.0,0.0,27.9,0.0,0.0,0.0,6.53,86,13.14,163
00950B,凱基A級公司債,上櫃指數股票型基金(ETF),0.0,0.0,0.0,0.0,0.0,0.0,0.0,0.0,0.0,0.0,0.0,0.0,0.0,14.12,0.0,0.0,0.0,4.93,71,11.09,163
00967B,元大優息美債,上櫃指數股票型基金(ETF),0.0,0.0,0.0,0.0,0.0,0.0,0.0,0.0,0.0,0.0,0.0,0.0,0.0,9.17,0.0,0.0,0.0,2.4,119,10.3,163
00969B,元大零息超長美債,上櫃指數股票型基金(ETF),0.0,0.0,0.0,0.0,0.0,0.0,0.0,0.0,0.0,0.0,0.0,0.0,0.0,8.45,0.0,0.0,0.0,0.0,0,17.74,128
00859B,群益0-1年美債,上櫃指數股票型基金(ETF),0.0,0.0,0.0,0.0,0.0,0.0,0.0,0.0,0.0,0.0,0.0,0.0,0.0,40.44,0.0,0.0,0.0,1.39,169,6.94,168
00860B,群益1-5Y投資級債,上櫃指數股票型基金(ETF),0.0,0.0,0.0,0.0,0.0,0.0,0.0,0.0,0.0,0.0,0.0,0.0,0.0,37.89,0.0,0.0,0.0,3.15,49,7.73,183
00697B,元大美債7-10,上櫃指數股票型基金(ETF),0.0,0.0,0.0,0.0,0.0,0.0,0.0,0.0,0.0,0.0,0.0,0.0,0.0,35.71,0.0,0.0,0.0,4.63,49,10.19,167
00955,中信日本商社,上櫃指數股票型基金(ETF),0.0,0.0,0.0,0.0,0.0,0.0,0.0,0.0,0.0,0.0,0.0,0.0,0.0,14.36,0.0,0.0,0.0,5.25,48,39.67,181
00958B,永豐ESG銀行債15+,上櫃指數股票型基金(ETF),0.0,0.0,0.0,0.0,0.0,0.0,0.0,0.0,0.0,0.0,0.0,0.0,0.0,9.37,0.0,0.0,0.0,0.7,1,12.47,163
00957B,兆豐US優選投等債,上櫃指數股票型基金(ETF),0.0,0.0,0.0,0.0,0.0,0.0,0.0,0.0,0.0,0.0,0.0,0.0,0.0,13.55,0.0,0.0,0.0,1.13,8,11.07,122
00864B,中信美國公債0-1,上櫃指數股票型基金(ETF),0.0,0.0,0.0,0.0,0.0,0.0,0.0,0.0,0.0,0.0,0.0,0.0,0.0,45.82,0.0,0.0,0.0,3.29,169,6.68,183
00853B,統一美債10年Aa-A,上櫃指數股票型基金(ETF),0.0,0.0,0.0,0.0,0.0,0.0,0.0,0.0,0.0,0.0,0.0,0.0,0.0,27.72,0.0,0.0,0.0,5.21,93,12.58,163
00887,永豐中國科技50大,上櫃指數股票型基金(ETF),0.0,0.0,0.0,0.0,0.0,0.0,0.0,0.0,0.0,0.0,0.0,0.0,0.0,18.26,0.0,0.0,0.0,265.29,112,65.09,135
00888,永豐台灣ESG,上櫃指數股票型基金(ETF),0.0,0.0,0.0,0.0,0.0,0.0,0.0,0.0,0.0,0.0,0.0,0.0,0.0,35.64,0.0,0.0,0.0,9.27,24,28.59,126
00890B,凱基ESG BBB債15+,上櫃指數股票型基金(ETF),0.0,0.0,0.0,0.0,0.0,0.0,0.0,0.0,0.0,0.0,0.0,0.0,0.0,32.5,0.0,0.0,0.0,4.55,93,10.88,128
00863B,中信全球電信債,上櫃指數股票型基金(ETF),0.0,0.0,0.0,0.0,0.0,0.0,0.0,0.0,0.0,0.0,0.0,0.0,0.0,32.13,0.0,0.0,0.0,4.01,86,11.98,164
00884B,中信低碳新興債,上櫃指數股票型基金(ETF),0.0,0.0,0.0,0.0,0.0,0.0,0.0,0.0,0.0,0.0,0.0,0.0,0.0,29.94,0.0,0.0,0.0,5.9,93,13.23,163
00849B,中信EM主權債0-5,上櫃指數股票型基金(ETF),0.0,0.0,0.0,0.0,0.0,0.0,0.0,0.0,0.0,0.0,0.0,0.0,0.0,37.25,0.0,0.0,0.0,2.01,169,7.81,183
00883B,中信ESG投資級債,上櫃指數股票型基金(ETF),0.0,0.0,0.0,0.0,0.0,0.0,0.0,0.0,0.0,0.0,0.0,0.0,0.0,30.98,0.0,0.0,0.0,3.69,86,10.63,133
00856B,永豐1-3年美公債,上櫃指數股票型基金(ETF),0.0,0.0,0.0,0.0,0.0,0.0,0.0,0.0,0.0,0.0,0.0,0.0,0.0,37.58,0.0,0.0,0.0,1.54,49,6.9,183
00928,中信上櫃ESG 30,上櫃指數股票型基金(ETF),0.0,0.0,0.0,0.0,0.0,0.0,0.0,0.0,0.0,0.0,0.0,0.0,0.0,38.13,0.0,0.0,0.0,6.0,24,31.12,178
00679B,元大美債20年,上櫃指數股票型基金(ETF),0.0,0.0,0.0,0.0,0.0,0.0,0.0,0.0,0.0,0.0,0.0,0.0,0.0,26.81,0.0,0.0,0.0,6.98,49,12.69,128
00877,復華中國5G,上櫃指數股票型基金(ETF),0.0,0.0,0.0,0.0,0.0,0.0,0.0,0.0,0.0,0.0,0.0,0.0,0.0,46.19,0.0,0.0,0.0,27.73,112,119.53,175
00933B,國泰10Y+金融債,上櫃指數股票型基金(ETF),0.0,0.0,0.0,0.0,0.0,0.0,0.0,0.0,0.0,0.0,0.0,0.0,0.0,16.06,0.0,0.0,0.0,4.42,86,12.17,163
00870B,元大15年EM主權債,上櫃指數股票型基金(ETF),0.0,0.0,0.0,0.0,0.0,0.0,0.0,0.0,0.0,0.0,0.0,0.0,0.0,28.72,0.0,0.0,0.0,5.2,93,13.38,163
006201,元大富櫃50,上櫃指數股票型基金(ETF),0.0,0.0,0.0,0.0,0.0,0.0,0.0,0.0,0.0,0.0,0.0,0.0,0.0,48.23,0.0,0.0,0.0,9.02,24,24.78,139
00694B,富邦美債1-3,上櫃指數股票型基金(ETF),0.0,0.0,0.0,0.0,0.0,0.0,0.0,0.0,0.0,0.0,0.0,0.0,0.0,41.62,0.0,0.0,0.0,2.17,169,8.51,183
00937B,群益ESG投等債20+,上櫃指數股票型基金(ETF),0.0,0.0,0.0,0.0,0.0,0.0,0.0,0.0,0.0,0.0,0.0,0.0,0.0,14.91,0.0,0.0,0.0,4.37,93,11.15,122
00867B,新光A-BBB電信債,上櫃指數股票型基金(ETF),0.0,0.0,0.0,0.0,0.0,0.0,0.0,0.0,0.0,0.0,0.0,0.0,0.0,0.0,0.0,0.0,0.0,4.51,93,11.88,128
00931B,統一美債20年,上櫃指數股票型基金(ETF),0.0,0.0,0.0,0.0,0.0,0.0,0.0,0.0,0.0,0.0,0.0,0.0,0.0,13.56,0.0,0.0,0.0,6.69,86,12.21,161
00968B,元大優息投等債,上櫃指數股票型基金(ETF),0.0,0.0,0.0,0.0,0.0,0.0,0.0,0.0,0.0,0.0,0.0,0.0,0.0,9.35,0.0,0.0,0.0,0.0,0,10.2,127
020015,統一MSCI美低波N,ETN,0.0,0.0,0.0,0.0,0.0,0.0,0.0,0.0,0.0,0.0,0.0,0.0,0.0,0.0,0.0,0.0,0.0,0.0,0,0.0,0
020016,統一MSCI美科技N,ETN,0.0,0.0,0.0,0.0,0.0,0.0,0.0,0.0,0.0,0.0,0.0,0.0,0.0,0.0,0.0,0.0,0.0,0.0,0,0.0,0
3202,樺晟,電子零組件業,-0.8,2863876000.0,0.0,0.0,0.0,0.0,0.0,0.0,0.0,0.0,0.0,0.0,0.0,3.96,0.0,0.0,0.0,0.26,10,0.0,0
2437,旺詮,電子工業,0.0,0.0,0.0,0.0,0.0,0.0,0.0,0.0,0.0,0.0,0.0,0.0,0.0,0.0,0.0,0.0,0.0,0.0,0,0.0,0
6208,日揚,電子零組件業,2.52,3781837000.0,1500728968.2539682,1.15,3627169483.4740105,2.42,16.73,22.86,12.3,35.16,29.77,85.09,40.48,91.8,0.44,0.32,0.93,22.0,106,26.41,59
6829,千附精密,電機機械,3.95,1822694000.0,461441518.98734176,2.47,2369357615.218942,5.13,28.5,51.19,17.92,69.11,91.93,354.53,146.19,201.5,0.73,0.46,1.76,26.58,121,14.11,78
8383,千附,其他電子類,3.42,3254284000.0,951545029.2397661,2.25,4293660057.4705977,4.51,15.15,12.77,10.87,23.64,49.02,106.62,68.3,60.1,1.14,0.82,1.77,15.56,18,1.23,7
6240,松崗,其他,-1.15,53259000.0,0.0,0.0,52237027.93485636,0.0,38.16,72.27,12.73,85.0,0.0,0.0,0.0,18.5,0.0,0.0,0.0,23.14,32,16.1,20
6187,萬潤,其他電子類,15.46,5648264000.0,365346959.8965071,8.29,6140969150.538066,16.81,42.05,88.37,13.8,102.17,231.98,1717.48,706.93,1155.0,0.61,0.2,1.49,104.52,112,15.4,8
5443,均豪,光電業,2.59,4662722000.0,1800278764.4787645,1.26,4850959252.318354,2.69,50.35,61.12,30.6,91.72,82.31,246.73,135.43,104.5,1.3,0.79,2.36,157.9,112,35.67,97
4950,金耘國際,其他,-0.06,936308000.0,0.0,0.0,1247126313.7923195,0.0,38.27,4.07,36.74,40.81,0.0,0.0,0.0,16.05,0.0,0.0,0.0,118.58,64,150.48,147
3521,鴻翊,電腦及週邊設備業,-0.09,241478000.0,0.0,0.0,204239422.79396984,0.0,5.43,0.6,5.09,5.69,0.0,0.0,0.0,12.6,0.0,0.0,0.0,16.3,172,36.02,178
5314,世紀*,半導體業,5.56,2765245000.0,497346223.0215828,5.45,7441582239.533411,14.96,39.24,100.2,10.97,111.17,164.11,1663.1,587.07,56.8,10.34,2.89,29.28,144.5,183,191.2,101
5348,正能量智能,通信網路業,-1.49,274780000.0,0.0,0.0,331230311.78439313,0.0,1309.49,245.0,1230.0,1475.0,0.0,0.0,0.0,0.0,0.0,0.0,0.0,108.95,120,0.25,3
00925,新光標普電動車,ETF,0.0,0.0,0.0,0.0,0.0,0.0,0.0,0.0,0.0,0.0,0.0,0.0,0.0,16.1,0.0,0.0,0.0,22.16,176,0.0,0
6287,元隆,半導體業,-2.31,540288000.0,0.0,0.0,0.0,0.0,0.0,0.0,0.0,0.0,0.0,0.0,0.0,8.89,0.0,0.0,0.0,40.23,45,0.0,0
020018,統一價值成長30N,ETN,0.0,0.0,0.0,0.0,0.0,0.0,0.0,0.0,0.0,0.0,0.0,0.0,0.0,24.94,0.0,0.0,0.0,6.14,161,0.0,0
020019,統一特選台灣5GN,ETN,0.0,0.0,0.0,0.0,0.0,0.0,0.0,0.0,0.0,0.0,0.0,0.0,0.0,21.59,0.0,0.0,0.0,0.0,0,0.0,0
4945,陞達科技,半導體業,0.87,477318000.0,548641379.3103448,0.0,0.0,0.0,27.37,17.48,17.06,34.54,0.0,0.0,0.0,76.1,0.0,0.0,0.0,11.17,21,2.3,1
8497,格威傳媒,其他,0.0,0.0,0.0,0.0,0.0,0.0,0.0,0.0,0.0,0.0,0.0,0.0,0.0,0.0,0.0,0.0,0.0,0.0,0,0.0,0
2897A,王道銀甲特,金融保險,0.0,0.0,0.0,0.0,0.0,0.0,0.0,0.0,0.0,0.0,0.0,0.0,0.0,10.3,0.0,0.0,0.0,3.83,25,0.0,0
2888B,新光金乙特,金融保險,0.0,0.0,0.0,0.0,0.0,0.0,0.0,0.0,0.0,0.0,0.0,0.0,0.0,36.8,0.0,0.0,0.0,28.71,67,1.47,14
2888A,新光金甲特,金融保險,0.0,0.0,0.0,0.0,0.0,0.0,0.0,0.0,0.0,0.0,0.0,0.0,0.0,36.5,0.0,0.0,0.0,28.64,67,0.4,8
6747,亨泰光,生技醫療業,1.91,713250000.0,373429319.37172776,0.0,0.0,0.0,37.57,69.74,17.93,87.67,0.0,0.0,0.0,199.0,0.0,0.0,0.0,2.29,21,3.11,142
02001S,策元大加權策略N,ETN,0.0,0.0,0.0,0.0,0.0,0.0,0.0,0.0,0.0,0.0,0.0,0.0,0.0,0.0,0.0,0.0,0.0,6.11,144,0.0,0
020023,元大櫃買半導體N,指數投資證券(ETN),0.0,0.0,0.0,0.0,0.0,0.0,0.0,0.0,0.0,0.0,0.0,0.0,0.0,7.2,0.0,0.0,0.0,7.31,24,42.59,167
6288,聯嘉,汽車工業,0.11,3643623000.0,33123845454.545456,0.0,0.0,0.0,74.88,76.24,40.61,116.85,0.0,0.0,0.0,20.95,0.0,0.0,0.0,4.8,158,17.41,38
1613,台一,電器電纜,2.13,0.0,0.0,0.0,0.0,0.0,0.0,0.0,0.0,0.0,0.0,0.0,0.0,0.0,0.0,0.0,0.0,0.0,0,0.0,0
02001B,統一美國政府債N,指數投資證券(ETN),0.0,0.0,0.0,0.0,0.0,0.0,0.0,0.0,0.0,0.0,0.0,0.0,0.0,8.75,0.0,0.0,0.0,0.0,0,4.99,164
3559,全智科,電子工業,0.0,0.0,0.0,0.0,0.0,0.0,0.0,0.0,0.0,0.0,0.0,0.0,0.0,0.0,0.0,0.0,0.0,0.0,0,0.0,0
3315,宣昶,電子工業,0.0,0.0,0.0,0.0,0.0,0.0,0.0,0.0,0.0,0.0,0.0,0.0,0.0,26.85,0.0,0.0,0.0,0.0,0,0.0,0
3036A,文曄甲特,電子通路業,0.0,0.0,0.0,0.0,0.0,0.0,0.0,0.0,0.0,0.0,0.0,0.0,0.0,52.0,0.0,0.0,0.0,5.07,183,0.78,10
1729,必翔,生技醫療業,0.0,0.0,0.0,0.0,0.0,0.0,0.0,0.0,0.0,0.0,0.0,0.0,0.0,0.0,0.0,0.0,0.0,0.0,0,0.0,0
1715,萬洲,塑膠工業,0.0,0.0,0.0,0.0,0.0,0.0,0.0,0.0,0.0,0.0,0.0,0.0,0.0,10.5,0.0,0.0,0.0,0.0,0,0.0,0
3519,綠能,電子工業,0.0,0.0,0.0,0.0,0.0,0.0,0.0,0.0,0.0,0.0,0.0,0.0,0.0,17.8,0.0,0.0,0.0,0.0,0,0.0,0
6172,互億,電子工業,0.0,0.0,0.0,0.0,0.0,0.0,51.75,0.0,51.75,51.75,0.0,0.0,0.0,10.35,0.0,0.0,0.0,4.44,2,4.44,2
3454,晶睿,電子工業,-0.11,7641632000.0,0.0,0.0,6348482611.739699,0.0,44.67,63.18,17.63,80.81,0.0,0.0,0.0,97.3,0.0,0.0,0.0,7.83,30,3.27,14
3514,昱晶,電子工業,0.0,0.0,0.0,0.0,0.0,0.0,0.0,0.0,0.0,0.0,0.0,0.0,0.0,16.5,0.0,0.0,0.0,0.0,0,0.0,0
3536,誠創,電子工業,0.0,0.0,0.0,0.0,0.0,0.0,34.6,0.0,34.6,34.6,0.0,0.0,0.0,21.45,0.0,0.0,0.0,4.13,2,4.13,2
6422,君耀-KY,電子工業,0.0,0.0,0.0,0.0,0.0,0.0,12.18,0.0,12.18,12.18,0.0,0.0,0.0,65.9,0.0,0.0,0.0,4.27,2,4.27,2
3698,隆達,電子工業,0.0,0.0,0.0,0.0,0.0,0.0,0.0,0.0,0.0,0.0,0.0,0.0,0.0,27.65,0.0,0.0,0.0,48.66,2,48.66,2
6289,華上,電子工業,0.0,0.0,0.0,0.0,0.0,0.0,0.0,0.0,0.0,0.0,0.0,0.0,0.0,2.13,0.0,0.0,0.0,0.0,0,0.0,0
2448,晶電,電子工業,0.0,0.0,0.0,0.0,0.0,0.0,47.14,0.0,47.14,47.14,0.0,0.0,0.0,48.55,0.0,0.0,0.0,20.62,2,20.62,2
5305,敦南,電子工業,0.0,0.0,0.0,0.0,0.0,0.0,21.42,0.0,21.42,21.42,0.0,0.0,0.0,42.2,0.0,0.0,0.0,17.22,2,17.22,2
3682,亞太電,電子工業,0.0,0.0,0.0,0.0,0.0,0.0,0.0,0.0,0.0,0.0,0.0,0.0,0.0,9.54,0.0,0.0,0.0,0.0,0,0.0,0
2456,奇力新,電子工業,0.0,0.0,0.0,0.0,0.0,0.0,18.73,0.0,18.73,18.73,0.0,0.0,0.0,93.1,0.0,0.0,0.0,8.51,2,8.51,2
4984,科納-KY,電子工業,0.0,0.0,0.0,0.0,0.0,0.0,31.43,0.0,31.43,31.43,0.0,0.0,0.0,39.6,0.0,0.0,0.0,20.73,2,20.73,2
6131,鈞泰,電子工業,0.0,0.0,0.0,0.0,0.0,0.0,14.0,0.0,14.0,14.0,0.0,0.0,0.0,18.9,0.0,0.0,0.0,10.2,2,10.2,2
2311,日月光,電子工業,0.0,0.0,0.0,0.0,0.0,0.0,13.01,0.0,13.01,13.01,0.0,0.0,0.0,38.0,0.0,0.0,0.0,3.4,2,3.4,2
6251,定穎,電子工業,0.0,0.0,0.0,0.0,0.0,0.0,31.45,0.0,31.45,31.45,0.0,0.0,0.0,11.95,0.0,0.0,0.0,0.0,0,0.0,0
2325,矽品,電子工業,0.0,0.0,0.0,0.0,0.0,0.0,18.9,0.0,18.9,18.9,0.0,0.0,0.0,49.9,0.0,0.0,0.0,4.72,2,4.72,2
3383,新世紀,電子工業,0.0,0.0,0.0,0.0,0.0,0.0,0.0,0.0,0.0,0.0,0.0,0.0,0.0,3.52,0.0,0.0,0.0,24.38,2,24.38,2
5259,奕智博,電子工業,0.0,0.0,0.0,0.0,0.0,0.0,0.0,0.0,0.0,0.0,0.0,0.0,0.0,11.3,0.0,0.0,0.0,176.96,2,176.96,2
3579,尚志,電子工業,0.0,0.0,0.0,0.0,0.0,0.0,0.0,0.0,0.0,0.0,0.0,0.0,0.0,15.95,0.0,0.0,0.0,5.28,2,5.28,2
2475,華映,電子工業,0.0,0.0,0.0,0.0,0.0,0.0,4.29,0.0,4.29,4.29,0.0,0.0,0.0,2.49,0.0,0.0,0.0,11.16,2,11.16,2
2499,東貝,電子工業,0.0,0.0,0.0,0.0,0.0,0.0,0.0,0.0,0.0,0.0,0.0,0.0,0.0,11.7,0.0,0.0,0.0,0.0,0,0.0,0
5264,鎧勝-KY,電子工業,0.0,0.0,0.0,0.0,0.0,0.0,14.07,0.0,14.07,14.07,0.0,0.0,0.0,101.0,0.0,0.0,0.0,0.0,0,0.0,0
3561,昇陽光電,電子工業,0.0,0.0,0.0,0.0,0.0,0.0,0.0,0.0,0.0,0.0,0.0,0.0,0.0,13.5,0.0,0.0,0.0,0.0,0,0.0,0
6145,勁永,電子工業,0.0,0.0,0.0,0.0,0.0,0.0,0.0,0.0,0.0,0.0,0.0,0.0,0.0,12.25,0.0,0.0,0.0,0.0,0,0.0,0
4987,科誠,電腦及週邊設備業,6.37,1340690000.0,210469387.75510204,2.76,1459800888.429752,6.94,12.68,6.45,9.63,16.08,66.83,111.6,88.0,81.6,1.08,0.82,1.37,47.85,157,6.29,34
02001R,富邦蘋果反一N,ETN,0.0,0.0,0.0,0.0,0.0,0.0,0.0,0.0,0.0,0.0,0.0,0.0,0.0,0.43,0.0,0.0,0.0,9.33,49,1.46,6
2856,元富證,金融保險,1.33,0.0,0.0,0.0,0.0,0.0,45.11,0.0,45.11,45.11,0.0,0.0,0.0,8.57,0.0,0.0,0.0,0.0,0,0.0,0
2601,益航,貿易百貨,-1.63,4304913000.0,0.0,0.0,2178937432.5463934,0.0,0.0,0.0,0.0,0.0,0.0,0.0,0.0,5.9,0.0,0.0,0.0,14.78,113,4.83,62
2888,新光金,金融保險,-0.71,-51181701000.0,0.0,0.0,0.0,0.0,21.53,38.94,7.79,46.73,0.0,0.0,0.0,10.6,0.0,0.0,0.0,43.31,86,0.85,1
2809,京城銀,金融保險,3.41,6882140000.0,2018222873.900293,0.0,0.0,0.0,11.84,11.27,7.8,19.07,0.0,0.0,0.0,37.35,0.0,0.0,0.0,7.09,4,10.56,85
2823,中壽,金融保險,3.03,0.0,0.0,0.0,0.0,0.0,14.0,0.0,14.0,14.0,0.0,0.0,0.0,29.55,0.0,0.0,0.0,0.0,0,0.0,0
4141,龍燈-KY,生技醫療業,0.0,0.0,0.0,0.0,0.0,0.0,0.0,0.0,0.0,0.0,0.0,0.0,0.0,28.0,0.0,0.0,0.0,1.08,2,1.08,2
1701,中化,生技醫療業,0.0,0.0,0.0,0.0,0.0,0.0,19.76,3.17,17.65,20.82,0.0,0.0,0.0,18.75,0.0,0.0,0.0,1.33,9,3.59,2
4144,康聯-KY,生技醫療業,0.0,0.0,0.0,0.0,0.0,0.0,10.1,0.0,10.1,10.1,0.0,0.0,0.0,34.05,0.0,0.0,0.0,0.0,0,0.0,0
6452,康友-KY,生技醫療業,0.0,0.0,0.0,0.0,0.0,0.0,26.86,0.0,26.86,26.86,0.0,0.0,0.0,394.0,0.0,0.0,0.0,0.0,0,0.0,0
1469,理隆,紡織纖維,0.0,0.0,0.0,0.0,0.0,0.0,0.0,0.0,0.0,0.0,0.0,0.0,0.0,0.0,0.0,0.0,0.0,0.0,0,0.0,0
1592,英瑞-KY,汽車工業,0.0,0.0,0.0,0.0,0.0,0.0,11.25,0.0,11.25,11.25,0.0,0.0,0.0,33.2,0.0,0.0,0.0,0.0,0,0.0,0
1507,永大,電機機械,0.0,0.0,0.0,0.0,0.0,0.0,16.25,0.0,16.25,16.25,0.0,0.0,0.0,48.9,0.0,0.0,0.0,0.0,0,0.0,0
1589,永冠-KY,電機機械,-5.06,8035754000.0,0.0,0.0,8378097842.797824,0.0,14.37,0.0,14.37,14.37,0.0,0.0,0.0,67.4,0.0,0.0,0.0,4.6,18,0.78,1
1595,川寶,電子零組件業,-1.95,725630000.0,0.0,0.0,702010306.6961961,0.0,140.41,298.75,30.0,328.75,0.0,0.0,0.0,75.9,0.0,0.0,0.0,109.01,126,32.91,76
4905,台聯電,通信網路業,2.76,720894000.0,261193478.2608696,1.68,890815373.214975,3.41,27.89,27.04,16.05,43.09,54.73,146.94,95.09,71.7,1.33,0.76,2.05,0.0,0,10.16,146
3131,弘塑,其他電子類,45.48,5997783000.0,131877374.6701847,28.05,7884497263.627922,59.79,53.57,59.35,25.97,85.32,1552.75,5101.28,3202.95,3245.0,0.99,0.48,1.57,71.95,73,14.75,8
6163,華電網,通信網路業,0.75,5679673000.0,7572897333.333333,0.52,7734576580.227716,1.02,254.42,2712.55,12.45,2725.0,12.7,2779.5,259.51,50.7,5.12,0.25,54.82,21.76,99,127.7,181
3067,全域,其他電子類,-0.83,56255000.0,0.0,0.0,77462507.62081784,0.0,55.52,44.33,31.76,76.09,0.0,0.0,0.0,0.0,0.0,0.0,0.0,2.54,32,0.0,0
7718,友鋮,鋼鐵工業,3.77,2206219000.0,585203978.7798408,2.17,2758182605.486247,4.71,12.16,8.33,7.76,16.09,36.55,75.78,57.29,47.9,1.2,0.76,1.58,18.63,100,0.2,10
6236,中湛,其他,0.08,37705000.0,471312500.0,0.03,26895231.334258966,0.06,1247.96,2932.22,217.78,3150.0,13.07,189.0,74.88,0.0,0.0,0.0,0.0,3.7,9,0.0,0
5381,光譜,電子零組件業,0.72,2135776000.0,2966355555.555556,0.34,1958400173.1093905,0.66,50.26,103.98,17.85,121.83,11.78,80.41,33.17,27.6,1.2,0.43,2.91,4.88,25,51.5,56
2230,泰茂,電機機械,-1.02,2030437000.0,0.0,0.0,2946487251.582573,0.0,48.84,151.69,14.98,166.67,0.0,0.0,0.0,26.55,0.0,0.0,0.0,5.39,14,6.67,8
8932,智通*,其他,1.99,2249716000.0,1130510552.7638192,1.09,2603179539.038033,2.3,63.52,55.16,38.8,93.96,89.24,216.11,146.09,100.0,1.46,0.89,2.16,17.11,64,91.67,80
4924,欣厚-KY,電腦及週邊設備業,0.38,758252000.0,1995400000.0,0.23,904820690.2857382,0.45,108.4,384.49,14.51,399.0,6.53,179.55,48.78,11.55,4.22,0.57,15.55,11.38,9,0.0,0
6125,廣運,光電業,0.1,3263584000.0,32635840000.0,0.06,4662654160.333054,0.14,247.81,579.36,27.64,607.0,3.87,84.98,34.69,60.7,0.57,0.06,1.4,1.36,31,26.68,62
00776,新光ICE美國權值,ETF,0.0,0.0,0.0,0.0,0.0,0.0,0.0,0.0,0.0,0.0,0.0,0.0,0.0,0.0,0.0,0.0,0.0,0.0,0,0.0,0
00774C,新光中政金綠債+R,ETF,0.0,0.0,0.0,0.0,0.0,0.0,0.0,0.0,0.0,0.0,0.0,0.0,0.0,0.0,0.0,0.0,0.0,0.0,0,0.0,0
00767,FH美國金融股,ETF,0.0,0.0,0.0,0.0,0.0,0.0,0.0,0.0,0.0,0.0,0.0,0.0,0.0,0.0,0.0,0.0,0.0,0.0,0,0.0,0
00774B,新光中國政金綠債,ETF,0.0,0.0,0.0,0.0,0.0,0.0,0.0,0.0,0.0,0.0,0.0,0.0,0.0,0.0,0.0,0.0,0.0,0.0,0,0.0,0
00766L,台新MSCI中國正2,ETF,0.0,0.0,0.0,0.0,0.0,0.0,0.0,0.0,0.0,0.0,0.0,0.0,0.0,0.0,0.0,0.0,0.0,0.0,0,0.0,0
3426,台興,電機機械,2.38,652942000.0,274345378.1512605,1.1,499271567.2463431,1.82,15.36,14.24,10.79,25.03,19.64,45.55,27.95,47.8,0.58,0.41,0.95,33.18,77,7.6,8
2841,台開,建材營造,0.0,0.0,0.0,0.0,0.0,0.0,24.24,0.0,24.24,24.24,0.0,0.0,0.0,9.94,0.0,0.0,0.0,0.0,0,0.0,0
1902,台紙,造紙工業,0.0,0.0,0.0,0.0,0.0,0.0,0.0,0.0,0.0,0.0,0.0,0.0,0.0,17.65,0.0,0.0,0.0,0.0,0,0.0,0
00742,新光內需收益,ETF,0.0,0.0,0.0,0.0,0.0,0.0,0.0,0.0,0.0,0.0,0.0,0.0,0.0,0.0,0.0,0.0,0.0,0.0,0,0.0,0
00732,國泰RMB短期報酬,ETF,0.0,0.0,0.0,0.0,0.0,0.0,0.0,0.0,0.0,0.0,0.0,0.0,0.0,0.0,0.0,0.0,0.0,0.0,0,0.0,0
00743,國泰中國A150,ETF,0.0,0.0,0.0,0.0,0.0,0.0,0.0,0.0,0.0,0.0,0.0,0.0,0.0,0.0,0.0,0.0,0.0,0.0,0,0.0,0
2443,昶虹,其他,-0.42,0.0,0.0,0.0,0.0,0.0,0.0,0.0,0.0,0.0,0.0,0.0,0.0,6.37,0.0,0.0,0.0,0.0,0,0.0,0
8427,基勝-KY,其他,0.0,0.0,0.0,0.0,0.0,0.0,33.48,0.0,33.48,33.48,0.0,0.0,0.0,44.2,0.0,0.0,0.0,0.0,0,0.0,0
1262,綠悅-KY,其他,0.0,0.0,0.0,0.0,0.0,0.0,7.85,0.0,7.85,7.85,0.0,0.0,0.0,62.2,0.0,0.0,0.0,0.0,0,0.0,0
1435,中福,其他,-0.41,5981000.0,0.0,0.0,5983000.334448161,0.0,89.33,0.0,89.33,89.33,0.0,0.0,0.0,5.36,0.0,0.0,0.0,8.59,63,2.87,13
8480,泰昇-KY,其他,0.0,0.0,0.0,0.0,0.0,0.0,17.51,0.0,17.51,17.51,0.0,0.0,0.0,128.0,0.0,0.0,0.0,1.99,2,1.99,2
2358,廷鑫,其他,0.0,0.0,0.0,0.0,0.0,0.0,0.0,0.0,0.0,0.0,0.0,0.0,0.0,24.9,0.0,0.0,0.0,17.73,2,17.73,2
2936,客思達-KY,貿易百貨,0.0,0.0,0.0,0.0,0.0,0.0,9.81,0.0,9.81,9.81,0.0,0.0,0.0,30.5,0.0,0.0,0.0,0.0,0,0.0,0
1591,駿吉-KY,電機機械,-2.74,134840000.0,0.0,0.0,473849151.0591905,0.0,0.0,0.0,0.0,0.0,0.0,0.0,0.0,31.15,0.0,0.0,0.0,8.76,1,12.02,106
4725,信昌化,化學生技醫療,0.0,0.0,0.0,0.0,0.0,0.0,0.0,0.0,0.0,0.0,0.0,0.0,0.0,29.15,0.0,0.0,0.0,49.87,2,49.87,2
1724,台硝,化學生技醫療,0.0,0.0,0.0,0.0,0.0,0.0,21.21,0.0,21.21,21.21,0.0,0.0,0.0,14.0,0.0,0.0,0.0,0.0,0,0.0,0
1704,榮化,化學生技醫療,0.0,0.0,0.0,0.0,0.0,0.0,10.17,0.0,10.17,10.17,0.0,0.0,0.0,47.0,0.0,0.0,0.0,11.9,2,11.9,2
6474,華豫寧,電子通路業,3.5,947872000.0,270820571.4285714,0.0,0.0,0.0,11.01,2.8,10.06,12.86,0.0,0.0,0.0,38.1,0.0,0.0,0.0,35.36,29,16.46,29
6469,大樹,生技醫療業,4.29,18801939000.0,4382736363.636364,2.19,19343263850.387486,4.41,28.13,26.9,18.46,45.36,81.41,200.04,124.06,74.6,1.66,1.09,2.68,0.0,0,7.54,49
5468,凱鈺,半導體業,-0.65,164049000.0,0.0,0.0,234523877.18386024,0.0,438.83,68.75,406.25,475.0,0.0,0.0,0.0,27.3,0.0,0.0,0.0,38.43,9,34.87,174
5484,慧友,電子工業,-0.59,458727000.0,0.0,0.0,973694381.4315711,0.0,130.6,54.6,101.89,156.49,0.0,0.0,0.0,47.4,0.0,0.0,0.0,94.26,18,41.1,72
6486,互動,通信網路業,5.77,2435298000.0,422062045.06065863,3.53,2961521480.340012,7.02,14.45,5.23,11.98,17.21,84.1,120.81,101.4,82.2,1.23,1.02,1.47,4.36,21,5.31,183
5469,瀚宇博,電子工業,6.05,55369479000.0,9151980000.0,3.49,72291010388.34338,7.9,11.77,11.85,6.22,18.07,49.14,142.75,93.02,86.6,1.07,0.57,1.65,3.24,128,82.49,167
6470,宇智,通信網路業,3.87,2036670000.0,526271317.82945734,1.02,1016234558.443928,1.93,16.97,26.41,10.44,36.85,20.15,71.12,32.75,49.6,0.66,0.41,1.43,7.09,175,0.19,1
5471,松翰,半導體業,0.72,2689883000.0,3735948611.111111,0.44,3207210003.419533,0.86,43.6,40.29,27.66,67.95,23.79,58.44,37.5,62.6,0.6,0.38,0.93,4.78,21,19.8,91
5474,聰泰,電腦及週邊設備業,5.49,1444285000.0,263075591.98542804,2.38,1450878673.0927515,5.52,26.85,22.29,16.92,39.21,93.4,216.44,148.19,181.0,0.82,0.52,1.2,38.72,23,24.93,86
6472,保瑞,化學生技醫療,27.15,20100258000.0,740340994.4751382,12.5,17981599491.729866,24.29,21.2,20.34,15.39,35.73,373.82,867.88,514.85,412.5,1.25,0.91,2.1,23.7,30,5.37,23
5483,中美晶,半導體業,6.71,77689163000.0,11578116691.505217,3.45,79342702671.3372,6.85,16.86,18.34,9.14,27.48,62.61,188.24,115.5,182.5,0.63,0.34,1.03,9.65,28,37.89,128
6485,點序,半導體業,0.71,1448753000.0,2040497183.0985916,0.34,1325026328.6991062,0.65,350.64,718.08,108.59,826.67,70.58,537.34,227.92,89.1,2.56,0.79,6.03,2.77,3,51.14,121
6482,弘煜科,文化創意業,2.51,516642000.0,205833466.13545817,0.89,333409261.3998663,1.62,19.25,21.12,10.82,31.94,17.53,51.74,31.19,29.95,1.04,0.59,1.73,8.11,10,4.01,41
5475,德宏,電子零組件業,-0.16,829935000.0,0.0,0.0,1759046039.8291976,0.0,1197.56,393.47,997.83,1391.3,0.0,0.0,0.0,229.5,0.0,0.0,0.0,40.0,22,228.85,175
6477,安集,電子工業,0.02,864073000.0,43203650000.0,0.01,1083616383.9725912,0.03,815.68,1910.23,72.27,1982.5,2.17,59.47,24.47,32.55,0.75,0.07,1.83,26.34,15,50.33,70
5478,智冠,文化創意業,7.93,6441132000.0,812248675.9142497,4.52,7415554485.866945,9.13,16.16,16.1,11.41,27.51,104.17,251.17,147.57,105.0,1.41,0.99,2.39,5.24,10,4.81,105
5206,坤悅,建材營造,3.84,3769600000.0,981666666.6666667,2.31,2431399252.4334106,2.48,15.78,69.72,4.31,74.03,10.69,183.59,39.14,23.6,1.66,0.45,7.78,41.09,45,0.0,0
6491,晶碩,生技醫療業,20.87,7034551000.0,337065213.2247245,11.57,8316346557.724414,24.67,15.02,8.75,12.44,21.19,306.89,522.76,370.57,311.5,1.19,0.99,1.68,4.53,15,15.37,139
6509,聚和,化學工業,2.87,4865391000.0,1695258188.15331,1.56,5065002750.673687,2.99,14.32,8.95,9.5,18.45,28.4,55.17,42.82,47.3,0.91,0.6,1.17,9.8,23,11.37,175
6510,精測,半導體業,30.41,4865930000.0,160010851.69352186,17.59,5682678722.444727,35.51,93.14,176.78,30.64,207.42,1088.03,7365.48,3307.23,3540.0,0.93,0.31,2.08,94.69,171,167.31,182
6512,啟發電,其他電子類,-0.78,191934000.0,0.0,0.0,98391734.31484614,0.0,0.0,0.0,0.0,0.0,0.0,0.0,0.0,19.5,0.0,0.0,0.0,4.39,9,6.28,143
5263,智崴,文化創意業,-2.83,1389771000.0,0.0,0.0,1727093662.9925992,0.0,231.38,293.12,78.55,371.67,0.0,0.0,0.0,103.0,0.0,0.0,0.0,25.08,67,1.65,16
6515,穎崴,半導體業,46.93,7384564000.0,157352738.12060517,37.95,11311032236.695011,71.88,71.65,211.7,20.85,232.55,1498.7,16715.69,5150.09,9450.0,0.54,0.16,1.77,43.43,91,129.15,164
5439,高技,電子零組件業,13.74,9245672000.0,672901892.2852983,7.79,15310076596.995598,22.75,36.13,53.48,14.74,68.22,335.34,1552.0,822.0,323.5,2.54,1.04,4.8,24.75,183,80.63,167
5438,東友,電腦及週邊設備業,0.51,1315943000.0,2580280392.1568627,0.15,732594451.4073325,0.28,73.95,339.58,14.59,354.17,4.09,99.17,20.71,18.95,1.09,0.22,5.23,141.48,142,50.25,100
5434,崇越,電子通路業,21.8,66554106000.0,3052940642.2018347,12.56,78391317928.1682,25.68,15.93,9.61,10.97,20.58,281.71,528.49,409.0,478.0,0.86,0.59,1.11,15.01,147,26.5,139
6516,勤崴國際,資訊服務業,1.52,526545000.0,346411184.2105263,0.99,670782418.3632764,1.94,50.81,37.08,30.72,67.8,59.6,131.53,98.57,56.9,1.73,1.05,2.31,1.02,30,0.39,1
6517,保勝光學,光電業,1.62,491220000.0,303222222.2222222,0.69,396712745.0634562,1.31,27.86,44.0,14.66,58.66,19.2,76.84,36.5,78.6,0.46,0.24,0.98,18.6,98,3.33,1
6523,達爾膚,生技醫療業,7.78,1155609000.0,148535861.1825193,3.23,1000305760.8694475,6.73,14.12,4.59,11.91,16.5,80.15,111.04,95.03,97.9,0.97,0.82,1.13,0.0,0,0.0,0
6508,惠光,農業科技業,0.27,1401564000.0,5190977777.777778,0.16,1356938027.0057845,0.26,57.16,86.69,23.08,109.77,6.0,28.54,14.86,23.75,0.63,0.25,1.2,3.25,11,0.0,0
6488,環球晶,半導體業,15.3,60583311000.0,3959693529.4117646,7.34,56150554920.240074,14.18,24.32,57.04,10.82,67.86,153.43,962.25,344.86,1100.0,0.31,0.14,0.87,11.89,21,81.24,126
5465,富驊,電腦及週邊設備業,1.29,5633240000.0,4366852713.178294,0.45,3460822176.122726,0.79,19.8,14.81,13.88,28.69,10.97,22.67,15.64,26.1,0.6,0.42,0.87,14.3,169,10.57,8
6492,生華科,生技醫療業,-2.97,1074000.0,0.0,0.0,1031040.0,0.0,0.0,0.0,0.0,0.0,0.0,0.0,0.0,44.45,0.0,0.0,0.0,37.16,31,52.44,126
6494,九齊,半導體業,-0.93,1176236000.0,0.0,0.0,1617099260.6049104,0.0,61.75,560.88,12.45,573.33,0.0,0.0,0.0,67.4,0.0,0.0,0.0,0.0,0,3.0,136
5464,霖宏,電子零組件業,-2.6,967415000.0,0.0,0.0,1215638053.761851,0.0,27.31,44.96,11.64,56.6,0.0,0.0,0.0,73.4,0.0,0.0,0.0,0.29,2,0.5,1
5460,同協,電子零組件業,-0.17,234145000.0,0.0,0.0,258544957.44892216,0.0,121.06,237.16,46.59,283.75,0.0,0.0,0.0,16.4,0.0,0.0,0.0,58.74,87,24.74,65
5457,宣德,電子零組件業,2.77,24329570000.0,8783238267.148014,1.24,23680326170.740612,2.7,23.74,57.55,12.27,69.82,33.13,188.51,64.1,36.75,1.74,0.9,5.13,7.46,171,25.18,98
6496,科懋,生技醫療業,-3.96,866250000.0,0.0,0.0,992172784.8687794,0.0,0.0,0.0,0.0,0.0,0.0,0.0,0.0,24.5,0.0,0.0,0.0,15.14,14,18.9,87
5455,昇益,建材營造,3.46,2170879000.0,627421676.300578,0.01,8155458.626921701,0.01,8.65,13.19,3.45,16.64,0.03,0.17,0.09,27.4,0.0,0.0,0.01,56.38,59,0.0,0
5452,佶優,其他電子類,0.33,4978088000.0,15085115151.51515,0.16,4482818376.188624,0.3,86.74,104.56,41.02,145.58,12.31,43.67,26.02,33.3,0.78,0.37,1.31,80.92,18,7.41,73
6498,久禾光,光電業,6.47,962397000.0,148747604.32766616,4.82,2395822865.9375663,16.11,16.31,9.32,13.09,22.41,210.88,361.03,262.74,110.5,2.38,1.91,3.27,45.12,183,12.5,49
6499,益安,生技醫療業,-7.24,407417000.0,0.0,0.0,455796271.22751516,0.0,0.0,0.0,0.0,0.0,0.0,0.0,0.0,73.2,0.0,0.0,0.0,24.68,15,7.81,20
6504,南六,其他,-1.09,6690185000.0,0.0,0.0,6503676735.521974,0.0,123.05,309.56,27.11,336.67,0.0,0.0,0.0,36.2,0.0,0.0,0.0,0.81,3,3.02,13
6505,台塑化,油電燃氣業,1.04,625336454000.0,601285051923.0769,0.56,658940001869.3257,1.1,54.31,77.11,17.11,94.22,18.82,103.64,59.74,52.6,1.14,0.36,1.97,1.99,3,47.89,156
5487,通泰,半導體業,-0.53,168084000.0,0.0,0.0,147442711.89597115,0.0,0.0,0.0,0.0,0.0,0.0,0.0,0.0,28.65,0.0,0.0,0.0,25.07,95,3.94,8
5498,凱崴,電子零組件業,0.0,1359340000.0,0.0,0.0,2124732749.0171175,0.0,544.17,107.5,480.0,587.5,0.0,0.0,0.0,66.4,0.0,0.0,0.0,10.75,30,300.95,182
5488,松普,電子零組件業,0.11,778399000.0,7076354545.454545,0.07,974661193.858657,0.14,227.85,1095.49,24.51,1120.0,3.43,156.8,31.9,12.6,2.53,0.27,12.44,26.85,148,15.74,58
6432,今展科,電子零組件業,0.48,1100859000.0,2293456250.0,0.27,1219617789.937728,0.53,54.51,198.48,14.02,212.5,7.43,112.62,28.89,79.0,0.37,0.09,1.43,3.04,30,37.34,133
5533,皇鼎,建材營造,0.56,1128405000.0,2015008928.5714283,0.35,1269355973.8436244,0.63,15.46,17.13,9.21,26.34,5.8,16.59,9.74,14.1,0.69,0.41,1.18,1.45,45,0.0,0
5531,鄉林,建材營造,-0.28,3568155000.0,0.0,0.0,390761497.8430701,0.0,70.9,135.77,34.23,170.0,0.0,0.0,0.0,8.33,0.0,0.0,0.0,8.52,45,6.73,51
5530,龍巖,其他,2.74,4023918000.0,1468583211.678832,1.43,3619135737.9779425,2.46,16.79,11.74,13.31,25.05,32.74,61.62,41.3,49.85,0.83,0.66,1.24,23.54,7,3.18,27
6435,大中,半導體業,9.52,3323233000.0,349079096.6386555,5.4,3737645224.1103067,10.71,17.47,14.05,12.94,26.99,138.59,289.06,187.07,289.0,0.65,0.48,1.0,4.5,15,21.39,174
5534,長虹,建材營造,6.0,9314448000.0,1552408000.0,2.67,8074158271.08939,5.2,12.6,14.38,9.68,24.06,50.34,125.11,65.5,85.2,0.77,0.59,1.47,24.47,45,2.95,24
5525,順天,建材營造,1.4,747859000.0,534185000.00000006,7.9,10876730387.115555,20.36,22.84,39.55,8.37,47.92,170.41,975.65,465.0,22.5,20.67,7.57,43.36,28.69,43,0.61,9
5523,豐謙,建材營造,-0.08,5246000.0,0.0,0.0,5262328.145842597,0.0,25.77,47.14,9.22,56.36,0.0,0.0,0.0,30.45,0.0,0.0,0.0,3.84,98,0.0,0
6441,廣錠,電腦及週邊設備業,-5.16,238504000.0,0.0,0.0,90550736.3612546,0.0,0.0,0.0,0.0,0.0,0.0,0.0,0.0,22.85,0.0,0.0,0.0,21.11,15,0.0,0
6442,光聖,通信網路業,23.48,10705105000.0,455924403.7478705,14.26,13080238383.759924,28.69,63.31,123.54,21.26,144.8,609.95,4154.31,1816.34,1835.0,0.99,0.33,2.26,102.91,179,191.93,181
5522,遠雄,建材營造,7.45,28122985000.0,3774897315.4362416,2.73,178765769395.85535,47.36,18.51,28.22,7.32,35.54,346.68,1683.17,876.44,75.0,11.69,4.62,22.44,4.36,29,2.57,183
5529,鉅陞,建材營造,2.02,78043000.0,38635148.51485149,36.09,3504932719.9446073,90.72,10.42,6.69,7.19,13.88,652.28,1259.19,945.5,22.45,42.12,29.05,56.09,23.68,29,0.0,0
5536,聖暉*,其他電子類,28.42,41109272000.0,1446490921.8859956,16.77,51625045111.609634,35.69,23.64,28.82,13.66,42.48,487.53,1516.11,843.84,1190.0,0.71,0.41,1.27,51.57,133,151.6,84
5538,東明-KY,鋼鐵工業,3.02,12673987000.0,4196684437.0860925,1.64,13618975280.140825,3.25,14.82,23.41,8.94,32.35,29.06,105.14,48.15,32.05,1.5,0.91,3.28,23.17,109,3.92,14
5543,桓鼎-KY,建材營造,-2.51,3144157000.0,0.0,0.0,3305651471.5461893,0.0,0.0,0.0,0.0,0.0,0.0,0.0,0.0,29.75,0.0,0.0,0.0,14.9,15,50.13,175
5609,中菲行,航運業,8.0,29430867000.0,3678858375.0,4.28,31744435634.882015,8.63,11.51,3.91,9.71,13.62,83.8,117.54,99.37,77.4,1.28,1.08,1.52,5.05,29,10.23,84
5608,四維航,航運業,-0.12,3208452000.0,0.0,0.0,3195762624.5600595,0.0,63.79,4.13,61.52,65.65,0.0,0.0,0.0,15.1,0.0,0.0,0.0,5.2,16,28.09,170
6426,統新,通信網路業,-0.78,477475000.0,0.0,0.0,751368307.6665317,0.0,471.48,182.69,372.12,554.81,0.0,0.0,0.0,195.0,0.0,0.0,0.0,56.79,172,44.2,181
5607,遠雄港,航運業,2.78,4051816000.0,1457487769.7841728,1.72,5475993438.618048,3.76,20.5,12.65,14.68,27.33,55.2,102.76,77.1,51.8,1.49,1.07,1.98,9.31,31,26.34,56
5243,乙盛-KY,光電業,4.4,12177833000.0,2767689318.181818,2.19,11153406606.255575,4.03,19.49,17.64,11.22,28.86,45.22,116.31,78.55,108.0,0.73,0.42,1.08,13.75,161,53.24,156
5603,陸海,航運業,0.4,1398865000.0,3497162500.0,0.2,1308312538.1571245,0.37,64.49,330.62,11.05,341.67,4.09,126.42,23.86,15.15,1.57,0.27,8.34,33.6,133,2.08,13
5601,台聯櫃,航運業,0.42,93551000.0,222740476.1904762,0.21,94526098.18025197,0.42,89.33,28.27,72.5,100.77,30.45,42.32,37.52,32.8,1.14,0.93,1.29,4.0,140,0.0,0
5548,安倉,建材營造,2.04,2476373000.0,1213908333.3333333,1.13,2732584760.5135202,2.25,13.18,8.61,8.96,17.57,20.16,39.53,29.66,23.8,1.25,0.85,1.66,9.19,73,0.0,0
5547,久舜,建材營造,3.14,291501000.0,92834713.37579617,0.0,0.0,0.0,8.11,2.27,6.83,9.1,0.0,0.0,0.0,22.0,0.0,0.0,0.0,10.0,58,6.94,57
5546,永固-KY,建材營造,-2.13,2087510000.0,0.0,0.0,925485031.8262368,0.0,171.78,18.82,160.0,178.82,0.0,0.0,0.0,17.0,0.0,0.0,0.0,0.0,0,1.16,31
5521,工信,建材營造,0.51,8867276000.0,17386815686.27451,0.31,10412860594.838518,0.6,124.53,652.12,15.38,667.5,9.23,400.5,74.72,10.7,6.98,0.86,37.43,4.31,45,86.97,182
6443,元晶,光電業,-6.24,1931581000.0,0.0,0.0,1107167752.8674083,0.0,50.18,34.97,31.44,66.41,0.0,0.0,0.0,40.55,0.0,0.0,0.0,20.52,18,55.52,182
5520,力泰,建材營造,9.97,4226492000.0,423920962.888666,4.65,3997644513.354929,9.43,9.09,2.53,7.87,10.4,74.21,98.07,85.72,82.3,1.04,0.9,1.19,0.36,10,21.66,62
5508,永信建,建材營造,3.06,2428176000.0,793521568.627451,1.98,2671533607.290534,3.37,12.87,17.45,6.23,23.68,21.0,79.8,43.36,61.1,0.71,0.34,1.31,49.39,43,0.75,1
5251,天鉞電,光電業,0.04,339335000.0,8483375000.0,0.02,287301283.5862488,0.03,805.22,2990.0,295.0,3285.0,8.85,98.55,24.16,30.65,0.79,0.29,3.22,6.68,18,6.1,3
6461,益得,生技醫療業,-2.52,111107000.0,0.0,0.0,117312963.77529815,0.0,0.0,0.0,0.0,0.0,0.0,0.0,0.0,15.3,0.0,0.0,0.0,15.05,58,3.77,50
6462,神盾,半導體業,-17.52,5125214000.0,0.0,0.0,9442995609.636137,0.0,0.0,0.0,0.0,0.0,0.0,0.0,0.0,112.5,0.0,0.0,0.0,16.38,30,23.23,133
5258,虹堡,電子工業,4.24,7836415000.0,1848211084.9056604,2.16,8700592392.146896,4.71,15.34,13.17,9.21,22.38,43.38,105.41,72.24,50.4,1.43,0.86,2.09,2.99,98,34.97,59
6464,台數科,其他,4.2,4444855000.0,1058298809.5238094,2.08,4408066923.351219,4.17,14.02,7.96,11.23,19.19,46.83,80.02,58.47,78.0,0.75,0.6,1.03,1.18,2,0.87,20
6465,威潤,通信網路業,0.93,232374000.0,249864516.12903225,0.67,487628849.30033636,1.95,40.13,48.74,17.07,65.81,33.29,128.33,78.25,70.4,1.11,0.47,1.82,13.21,21,155.28,182
5426,振發,電腦及週邊設備業,0.52,1797107000.0,3455975000.0,0.29,1848519562.096096,0.53,140.84,840.85,16.65,857.5,8.82,454.48,74.65,37.3,2.0,0.24,12.18,11.7,147,15.9,6
5493,三聯,其他電子類,4.18,5359000000.0,1282057416.2679427,2.38,6264581753.511814,4.89,19.04,26.06,11.24,37.3,54.96,182.4,93.1,90.0,1.03,0.61,2.03,8.74,18,37.21,48
5490,同亨,電腦及週邊設備業,1.69,1522742000.0,901030769.2307693,0.93,1718057920.065534,1.91,27.42,57.81,15.33,73.14,29.28,139.7,52.38,29.3,1.79,1.0,4.77,1.52,18,33.64,87
5489,彩富,其他電子類,2.0,1653712000.0,826856000.0,1.12,1896355963.6528244,2.29,32.52,57.17,16.19,73.36,37.08,167.99,74.46,42.4,1.76,0.87,3.96,13.54,21,18.18,14
6456,GIS-KY,電子工業,-0.8,67852571000.0,0.0,0.0,57039904610.171425,0.0,207.29,420.89,77.61,498.5,0.0,0.0,0.0,77.3,0.0,0.0,0.0,6.85,25,63.07,78
5245,智晶,光電業,-4.89,790349000.0,0.0,0.0,679024020.9389604,0.0,0.0,0.0,0.0,0.0,0.0,0.0,0.0,26.55,0.0,0.0,0.0,17.73,78,58.08,42
6446,藥華藥,化學生技醫療,14.27,14884059000.0,1043031464.6110722,11.09,25187522843.487526,24.15,103.38,500.88,31.45,532.33,759.52,12855.77,2496.6,1010.0,2.47,0.75,12.73,50.56,95,8.35,15
5519,隆大,建材營造,4.96,6014678000.0,1212636693.548387,1.1,4328231418.961459,3.57,8.32,8.57,4.52,13.09,16.14,46.73,29.71,34.75,0.85,0.46,1.34,23.17,45,5.27,164
6449,鈺邦,電子工業,7.38,4375999000.0,592953794.0379404,4.19,5387596871.764885,9.09,27.69,45.56,14.65,60.21,133.17,547.31,251.71,445.0,0.57,0.3,1.23,28.33,29,101.83,113
5516,雙喜,建材營造,0.17,1938290000.0,11401705882.35294,0.12,3081121877.166386,0.27,44.75,73.52,7.73,81.25,2.09,21.94,12.08,10.75,1.12,0.19,2.04,4.46,3,6.25,70
5244,弘凱,光電業,0.51,844698000.0,1656270588.235294,0.23,800777212.6994579,0.48,26.5,85.75,13.86,99.61,6.65,47.81,12.72,37.8,0.34,0.18,1.26,18.9,170,11.31,71
6451,訊芯-KY,半導體業,0.26,7574127000.0,29131257692.30769,0.12,6700345508.613596,0.23,490.93,1941.76,62.09,2003.85,14.28,460.89,112.91,543.0,0.21,0.03,0.85,21.59,10,17.33,178
5515,建國,建材營造,4.48,7364521000.0,1643866294.642857,2.42,8329639885.057978,5.07,9.73,7.36,6.64,14.0,33.66,70.98,49.31,43.05,1.15,0.78,1.65,17.28,168,31.24,183
5514,三豐,建材營造,-0.14,684937000.0,0.0,0.0,675189859.012442,0.0,76.43,121.34,40.66,162.0,0.0,0.0,0.0,14.05,0.0,0.0,0.0,14.35,43,0.0,0
5512,力麒,建材營造,0.17,6947963000.0,40870370588.23529,0.08,6625898546.332816,0.16,57.47,60.42,25.0,85.42,4.0,13.67,9.2,7.95,1.16,0.5,1.72,20.99,32,4.25,79
5511,德昌,建材營造,10.63,10690300000.0,1005672624.6472248,5.96,13014491290.81008,12.94,7.99,3.95,5.89,9.84,76.22,127.33,103.38,76.5,1.35,1.0,1.66,1.27,16,8.48,153
5425,台半,半導體業,2.08,17898763000.0,8605174519.230768,1.08,18237869573.19768,2.12,32.35,35.48,18.96,54.44,40.2,115.41,68.59,108.0,0.64,0.37,1.07,0.0,0,35.68,126
6526,達發,半導體業,17.32,20994770000.0,1212169168.591224,9.1,22315157403.853493,18.41,41.65,83.78,23.79,107.57,437.97,1980.36,766.86,666.0,1.15,0.66,2.97,0.62,1,10.27,24
6570,維田,電腦及週邊設備業,1.29,904252000.0,700970542.6356589,0.77,1072397324.3736767,1.53,32.28,29.1,18.0,47.1,27.54,72.06,49.38,53.9,0.92,0.51,1.34,36.7,66,19.1,84
4943,康控-KY,電子零組件業,-1.9,1666646000.0,0.0,0.0,2355529313.245853,0.0,0.0,0.0,0.0,0.0,0.0,0.0,0.0,9.0,0.0,0.0,0.0,12.25,45,81.82,155
6573,虹揚-KY,半導體業,1.23,865246000.0,703452032.5203252,0.54,671183962.6654046,0.95,14.0,9.73,9.84,19.57,9.35,18.59,13.3,14.75,0.9,0.63,1.26,26.83,127,82.67,146
6574,霈方,生技醫療業,6.82,603419000.0,88477859.23753665,4.6,794801731.5384566,8.98,17.48,22.97,10.44,33.41,93.75,300.02,156.98,108.5,1.45,0.86,2.77,16.3,176,11.67,6
6569,醫揚,生技醫療業,2.87,1353898000.0,471741463.4146341,1.64,1499388617.494749,3.18,32.39,26.76,23.24,50.0,73.9,159.0,102.99,114.0,0.9,0.65,1.39,33.5,44,33.9,76
5312,寶島科,生技醫療業,6.41,4132651000.0,644719344.773791,3.52,4686494248.026702,7.27,15.07,8.9,12.38,21.28,90.0,154.71,109.58,97.5,1.12,0.92,1.59,5.14,171,0.0,0
4942,嘉彰,電子工業,3.05,6065551000.0,1988705245.9016395,1.4,5804239871.437775,2.92,11.5,7.73,8.42,16.15,24.59,47.16,33.58,37.8,0.89,0.65,1.25,2.8,18,7.65,139
5310,天剛,資訊服務業,0.52,992000.0,1907692.3076923075,0.13,519118.64406779665,0.27,55.35,367.82,12.89,380.71,3.48,102.79,14.94,0.0,0.0,0.0,0.0,44.95,53,0.33,29
5309,系統電,電子零組件業,0.27,3337464000.0,12360977777.777777,0.15,3553312957.33148,0.29,184.27,596.28,27.05,623.33,7.84,180.77,53.44,67.8,0.79,0.12,2.67,38.74,161,116.5,86
6577,勁豐,電腦及週邊設備業,5.64,2033734000.0,360591134.75177306,2.96,2125240804.1842961,5.89,14.01,13.76,9.63,23.39,56.72,137.77,82.52,77.2,1.07,0.73,1.78,15.19,29,1.0,1
6576,逸達,生技醫療業,-5.7,432261000.0,0.0,0.0,577816941.160455,0.0,0.0,0.0,0.0,0.0,0.0,0.0,0.0,78.8,0.0,0.0,0.0,0.0,0,31.48,150
5315,光聯,光電業,1.89,2009859000.0,1063417460.3174604,0.88,1862868943.9240408,1.75,18.6,21.02,11.63,32.65,20.35,57.14,32.55,23.05,1.41,0.88,2.48,27.11,169,8.64,163
6568,宏觀,半導體業,4.02,1114929000.0,277345522.38805974,2.46,1331151014.959724,4.8,46.82,75.14,22.21,97.35,106.61,467.28,224.72,174.5,1.29,0.61,2.68,0.0,0,27.83,17
5274,信驊,半導體業,103.92,8949538000.0,86119495.76597382,76.41,13803766702.99018,160.29,87.07,145.71,34.24,179.95,5488.33,28844.19,13956.73,18485.0,0.76,0.3,1.56,16.12,67,59.02,164
6558,興能高,電子工業,-1.02,1090534000.0,0.0,0.0,949032069.3277458,0.0,2196.93,5579.29,150.71,5730.0,0.0,0.0,0.0,30.5,0.0,0.0,0.0,81.19,171,16.94,10
5344,立衛,半導體業,-0.38,334902000.0,0.0,0.0,397864898.28096753,0.0,34.89,31.0,21.27,52.27,0.0,0.0,0.0,15.6,0.0,0.0,0.0,10.05,8,33.59,72
5340,建榮,電子零組件業,1.2,2256598000.0,1880498333.3333335,0.68,2679251458.1657376,1.42,78.57,178.97,33.53,212.5,47.61,301.75,111.56,87.8,1.27,0.54,3.44,0.51,1,60.0,175
6560,欣普羅,光電業,-0.16,161431000.0,0.0,0.0,267467649.93583664,0.0,477.45,38.13,462.5,500.63,0.0,0.0,0.0,37.05,0.0,0.0,0.0,45.7,11,13.15,78
6561,是方,通信網路業,15.74,3936025000.0,250065120.7115629,7.9,3782059937.926016,15.12,29.32,22.93,19.87,42.8,300.43,647.14,443.31,339.0,1.31,0.89,1.91,51.55,74,8.05,63
5328,華容,電子零組件業,0.39,881581000.0,2260464102.5641026,0.22,995078644.8970395,0.44,58.99,107.67,27.69,135.36,12.18,59.56,25.96,51.4,0.51,0.24,1.16,30.24,170,73.54,170
5276,達輝-KY,其他,1.13,919058000.0,813325663.7168143,0.62,1004083130.6274179,1.23,31.28,107.28,12.48,119.76,15.35,147.3,38.47,18.5,2.08,0.83,7.96,61.01,32,11.11,105
5324,士開,建材營造,-0.05,1340608000.0,0.0,0.0,891042312.7150763,0.0,49.7,143.77,10.67,154.44,0.0,0.0,0.0,12.1,0.0,0.0,0.0,8.27,45,5.56,10
6578,達邦蛋白,農業科技業,-0.96,296987000.0,0.0,0.0,362634007.8106257,0.0,163.66,138.88,94.12,233.0,0.0,0.0,0.0,16.55,0.0,0.0,0.0,14.49,21,42.34,65
5283,禾聯碩,電器電纜,6.03,6483577000.0,1075220066.3349917,2.94,6347251939.083738,5.9,13.04,10.09,8.75,18.84,51.62,111.16,76.94,52.9,1.45,0.98,2.1,0.0,0,0.0,0
6588,東典光電,通信網路業,-1.76,169790000.0,0.0,0.0,390182974.98128945,0.0,0.0,0.0,0.0,0.0,0.0,0.0,0.0,108.0,0.0,0.0,0.0,60.31,172,87.25,181
4935,茂林-KY,電子工業,1.34,5517931000.0,4117858955.2238803,0.51,3918026729.4034247,0.95,17.86,21.56,9.35,30.91,8.88,29.36,16.97,40.4,0.42,0.22,0.73,19.62,128,29.37,80
6589,台康生技,化學生技醫療,-2.52,985778000.0,0.0,0.0,1331164309.0015142,0.0,0.0,0.0,0.0,0.0,0.0,0.0,0.0,45.45,0.0,0.0,0.0,14.24,15,34.48,150
5289,宜鼎,電腦及週邊設備業,21.83,13168865000.0,603246220.7970684,48.46,72124638512.61745,119.56,27.67,57.63,16.03,73.66,1916.55,8806.79,3308.51,1855.0,1.78,1.03,4.75,5.61,17,134.95,149
6590,普鴻,資訊服務業,5.48,672156000.0,122656204.37956204,2.85,697856711.6841851,5.69,14.28,6.22,11.82,18.04,67.26,102.65,81.23,66.6,1.22,1.01,1.54,3.98,24,16.46,63
6591,動力-KY,電子工業,5.37,1730676000.0,322286033.51955307,1.86,1157201385.7093499,3.59,15.81,10.19,11.1,21.29,39.85,76.43,56.75,55.0,1.03,0.72,1.39,0.65,17,43.57,73
5285,界霖,半導體業,1.54,5320040000.0,3454571428.5714283,0.84,5843984399.708198,1.69,28.4,32.29,15.0,47.29,25.35,79.92,48.0,90.0,0.53,0.28,0.89,3.3,98,11.29,139
6592,和潤企業,其他,4.73,23894153000.0,5051617970.4016905,2.31,22749087263.588028,4.5,16.42,10.0,12.11,22.11,54.5,99.5,73.88,65.3,1.13,0.83,1.52,5.7,25,2.72,62
4934,太極,電子工業,-0.95,87174000.0,0.0,0.0,202159577.62981167,0.0,0.0,0.0,0.0,0.0,0.0,0.0,0.0,17.4,0.0,0.0,0.0,17.3,15,49.78,105
5288,豐祥-KY,電機機械,12.26,6818895000.0,556190456.7699836,7.72,7998398111.418222,14.38,10.97,8.27,7.61,15.88,109.43,228.35,157.69,191.0,0.83,0.57,1.2,13.87,112,9.33,16
6592A,和潤企業甲特,其他,0.0,0.0,0.0,0.0,0.0,0.0,0.0,0.0,0.0,0.0,0.0,0.0,0.0,98.0,0.0,0.0,0.0,0.81,14,2.18,125
6585,鼎基,其他,5.64,2856943000.0,506550177.30496454,3.21,2926240184.049285,5.78,15.61,18.67,9.6,28.27,55.49,163.4,90.25,136.5,0.66,0.41,1.2,5.9,10,0.42,1
5291,邑昇,電子零組件業,0.32,1077231000.0,3366346875.0,0.2,1376380514.3239448,0.41,119.97,202.51,49.1,251.61,20.13,103.16,49.19,64.4,0.76,0.31,1.6,2.25,24,18.85,168
6579,研揚,電子工業,5.62,8420480000.0,1498306049.822064,3.34,10583368050.55286,7.06,28.0,26.03,18.48,44.51,130.47,314.24,197.69,163.0,1.21,0.8,1.93,4.99,29,15.45,122
5302,太欣,半導體業,-0.11,18269000.0,0.0,0.0,37605196.34164331,0.0,0.0,0.0,0.0,0.0,0.0,0.0,0.0,12.5,0.0,0.0,0.0,13.73,21,52.27,57
5284,jpp-KY,其他,12.06,3612748000.0,299564510.7794361,7.8,5396132155.029065,18.01,47.92,151.25,21.43,172.68,385.95,3109.97,863.0,392.0,2.2,0.98,7.93,38.28,172,52.83,171
5299,杰力,半導體業,4.58,1515551000.0,330906331.87772924,2.33,1424469287.1954348,4.3,18.07,15.27,11.13,26.4,47.86,113.52,77.7,107.0,0.73,0.45,1.06,3.0,24,8.53,136
4939,亞電,電子零組件業,-0.43,1421150000.0,0.0,0.0,1444176280.7136025,0.0,86.68,131.52,37.65,169.17,0.0,0.0,0.0,64.8,0.0,0.0,0.0,13.23,94,96.0,169
4938,和碩,電腦及週邊設備業,5.39,1119686756000.0,207734092022.26346,2.54,1047586267231.4996,5.04,14.68,11.8,10.84,22.64,54.63,114.11,74.01,83.0,0.89,0.66,1.37,3.0,3,6.06,49
6582,申豐,橡膠工業,-0.4,916756000.0,0.0,0.0,386595747.656255,0.0,339.02,717.53,30.47,748.0,0.0,0.0,0.0,31.55,0.0,0.0,0.0,36.25,21,1.08,120
5292,華懋,綠能環保,10.16,2797518000.0,275346259.8425197,4.69,2752812604.1639047,10.0,17.1,14.16,12.53,26.69,125.3,266.9,171.01,226.0,0.76,0.55,1.18,4.3,18,16.22,86
6584,南俊國際,電子零組件業,5.59,2355997000.0,421466368.51520574,3.96,3699945538.6044555,8.78,91.11,219.2,38.1,257.3,334.52,2259.09,799.95,613.0,1.3,0.55,3.69,12.81,22,133.43,169
5347,世界,半導體業,4.3,47964760000.0,11154595348.83721,2.31,52565973727.46824,4.71,24.64,25.4,17.74,43.14,83.56,203.19,116.04,166.5,0.7,0.5,1.22,27.93,14,13.22,98
5272,笙科,半導體業,-1.33,347822000.0,0.0,0.0,291163084.13504726,0.0,198.08,51.56,166.25,217.81,0.0,0.0,0.0,21.1,0.0,0.0,0.0,13.64,23,13.94,23
6531,愛普*,電子工業,7.73,5290540000.0,684416558.8615782,6.53,10527138213.433044,15.38,52.77,104.98,19.86,124.84,305.45,1920.04,811.64,933.0,0.87,0.33,2.06,13.4,17,39.45,164
6532,瑞耘,半導體業,7.31,682690000.0,93391244.87004104,3.9,663990081.558278,7.11,16.68,15.57,7.91,23.48,56.24,166.94,118.6,88.1,1.35,0.64,1.89,29.34,23,26.69,20
4960,誠美材,光電業,-2.59,8612063000.0,0.0,0.0,7908383026.79327,0.0,0.0,0.0,0.0,0.0,0.0,0.0,0.0,29.35,0.0,0.0,0.0,25.89,25,10.58,63
5398,慕康生醫,其他,0.35,233856000.0,668160000.0,0.09,171798459.9117692,0.26,83.58,67.12,50.76,117.88,13.2,30.65,21.73,18.2,1.19,0.73,1.68,30.15,150,42.56,176
5269,祥碩,半導體業,72.7,12907479000.0,177544415.40577716,36.59,15469713655.397243,87.13,31.58,45.6,14.61,60.21,1272.97,5246.1,2751.4,1425.0,1.93,0.89,3.68,7.01,2,4.17,24
6533,晶心科,半導體業,-8.19,1432983000.0,0.0,0.0,1724973721.6078777,0.0,7806.98,3312.5,6025.0,9337.5,0.0,0.0,0.0,201.5,0.0,0.0,0.0,2.48,7,19.67,98
4958,臻鼎-KY,電子零組件業,6.87,178946617000.0,26047542503.63901,3.51,201507374678.21692,7.74,21.13,81.21,8.92,90.13,69.04,697.61,163.53,639.0,0.26,0.11,1.09,26.75,30,100.72,73
4956,光鋐,電子工業,-0.8,1359151000.0,0.0,0.0,1470891650.2941618,0.0,0.0,0.0,0.0,0.0,0.0,0.0,0.0,38.6,0.0,0.0,0.0,93.99,128,0.0,0
5392,能率,光電業,-0.28,8728682000.0,0.0,0.0,8829025710.716337,0.0,284.12,607.13,52.87,660.0,0.0,0.0,0.0,44.85,0.0,0.0,0.0,18.99,18,80.8,100
5388,中磊,電子工業,4.04,53084553000.0,13139740841.584158,2.76,78057056484.79915,5.94,16.03,12.15,11.18,23.33,66.41,138.58,95.21,85.3,1.12,0.78,1.62,7.46,15,14.51,45
6530,創威,通信網路業,1.95,324182000.0,166247179.4871795,1.1,382965883.7728523,2.3,39.37,45.14,23.32,68.46,53.64,157.46,90.54,95.4,0.95,0.56,1.65,75.56,112,33.65,73
6525,捷敏-KY,電子工業,5.87,5291971000.0,901528279.3867121,3.22,6011775537.7954035,6.67,14.65,11.25,10.83,22.08,72.24,147.27,97.74,130.0,0.75,0.56,1.13,18.7,128,28.27,126
5410,國眾,資訊服務業,2.35,4317858000.0,1837386382.9787233,1.84,6663696200.277707,3.63,15.99,11.32,11.66,22.98,42.33,83.42,58.06,44.8,1.3,0.94,1.86,0.38,18,40.64,108
5403,中菲,資訊服務業,8.56,3406899000.0,398002219.6261682,4.56,3271282896.277019,8.22,14.57,8.28,10.72,19.0,88.12,156.18,119.74,94.9,1.26,0.93,1.65,1.67,23,2.86,80
4973,廣穎,半導體業,2.1,4298725000.0,2047011904.7619047,1.98,7647101874.337546,3.74,26.84,75.4,7.69,83.09,28.76,310.76,100.38,191.5,0.52,0.15,1.62,2.38,3,57.96,153
4972,湯石照明,光電業,-1.84,937469000.0,0.0,0.0,955906820.3621032,0.0,37.34,26.17,28.45,54.62,0.0,0.0,0.0,16.85,0.0,0.0,0.0,2.34,29,4.23,106
4971,IET-KY,半導體業,1.61,1057201000.0,656646583.8509316,0.95,1273946116.288816,1.94,273.94,426.71,101.77,528.48,197.43,1025.25,531.44,526.0,1.01,0.38,1.95,67.5,163,169.51,182
4968,立積,電子工業,2.65,3747771000.0,1414253207.54717,1.34,3987426885.132146,2.82,225.03,842.64,35.14,877.78,99.09,2475.34,634.59,108.0,5.88,0.92,22.92,5.35,4,37.04,114
6527,明達醫,生技醫療業,5.81,932292000.0,160463339.070568,2.72,847424321.9532139,5.28,16.74,11.06,11.52,22.58,60.83,119.22,88.4,71.2,1.24,0.85,1.67,8.47,102,2.66,7
4967,十銓,電子工業,13.07,17964831000.0,1374508875.2869165,12.92,36060200946.03538,26.23,23.38,77.79,6.59,84.38,172.86,2213.29,613.36,275.0,2.23,0.63,8.05,0.0,0,103.55,146
4966,譜瑞-KY,半導體業,34.66,16412645000.0,473532746.6820543,17.0,16243431638.37813,34.3,20.76,18.75,13.43,32.18,460.65,1103.77,712.17,675.0,1.06,0.68,1.64,6.95,2,48.97,93
4961,天鈺,電子工業,9.65,18325723000.0,1899038652.8497407,4.96,17277960713.492214,9.1,14.0,10.61,10.85,21.46,98.74,195.29,127.42,172.5,0.74,0.57,1.13,1.06,3,5.59,10
6535,順藥,生技醫療業,-2.06,40430000.0,0.0,0.0,27973806.90270753,0.0,0.0,0.0,0.0,0.0,0.0,0.0,0.0,104.0,0.0,0.0,0.0,86.06,133,97.52,91
6547,高端疫苗,生技醫療業,-0.85,607793000.0,0.0,0.0,559753753.5782354,0.0,0.0,0.0,0.0,0.0,0.0,0.0,0.0,45.5,0.0,0.0,0.0,4.84,14,0.66,1
4946,辣椒,文化創意業,3.13,342106000.0,109299041.53354633,1.38,277876641.8438951,2.54,642.09,1566.88,33.12,1600.0,84.12,4064.0,1630.92,110.5,14.76,0.76,36.78,18.51,9,7.8,17
6548,長科*,半導體業,1.63,13288729000.0,8152594478.527608,0.94,15961793218.399252,1.96,23.64,45.41,14.41,59.82,28.24,117.25,46.33,89.1,0.52,0.32,1.32,2.88,99,48.14,148
6550,北極星藥業-KY,化學生技醫療,-5.1,42866000.0,0.0,0.0,107215727.5298736,0.0,0.0,0.0,0.0,0.0,0.0,0.0,0.0,13.2,0.0,0.0,0.0,6.37,14,9.92,66
6552,易華電,半導體業,-14.35,1499491000.0,0.0,0.0,1016438178.6606913,0.0,101.18,179.95,45.05,225.0,0.0,0.0,0.0,29.7,0.0,0.0,0.0,1.28,1,16.63,63
5356,協益,電腦及週邊設備業,0.44,3440781000.0,7819956818.181818,0.21,3274501675.643315,0.42,24.65,57.75,4.18,61.93,1.76,26.01,10.35,28.05,0.37,0.06,0.93,0.51,3,1.54,9
5355,佳總,電子零組件業,-1.12,454197000.0,0.0,0.0,514704697.1772117,0.0,0.0,0.0,0.0,0.0,0.0,0.0,0.0,6.94,0.0,0.0,0.0,18.83,17,37.14,62
5353,台林,通信網路業,1.38,1819058000.0,1318157971.0144928,0.72,1950917920.6978533,1.48,16.82,15.12,10.33,25.45,15.29,37.67,24.9,31.6,0.79,0.48,1.19,9.66,168,0.0,0
5351,鈺創,半導體業,-1.53,3643776000.0,0.0,0.0,17132658116.86983,0.0,88.15,19.07,76.7,95.77,0.0,0.0,0.0,92.0,0.0,0.0,0.0,1.52,7,64.88,148
6556,勝品,光電業,6.78,1395819000.0,205873008.84955752,3.74,1546863525.5152426,7.51,11.21,10.07,7.01,17.08,52.65,128.27,84.19,72.6,1.16,0.73,1.77,9.57,72,0.0,0
6546,正基,通信網路業,2.73,2312100000.0,846923076.923077,1.33,2148355416.2009025,2.54,32.24,34.88,21.3,56.18,54.1,142.7,81.89,74.4,1.1,0.73,1.92,40.77,99,0.56,1
5386,青雲,電腦及週邊設備業,8.78,5565492000.0,633882915.7175399,22.65,29778797416.36397,46.98,25.12,52.42,8.21,60.63,385.71,2848.4,1179.98,500.0,2.36,0.77,5.7,57.04,73,6.16,174
6538,倉和,電子零組件業,1.15,1483039000.0,1289599130.4347827,0.52,1154359220.6435907,0.9,24.35,127.37,8.63,136.0,7.77,122.4,21.92,104.5,0.21,0.07,1.17,11.67,15,0.63,1
4953,緯軟,資訊服務業,8.45,11343751000.0,1342455739.6449704,5.19,14686069119.465559,10.94,16.17,9.64,12.53,22.17,137.08,242.54,176.86,133.0,1.33,1.03,1.82,2.95,175,34.85,170
4952,凌通,電子工業,1.02,2122460000.0,2080843137.254902,0.62,2376216672.053531,1.14,28.58,37.55,15.15,52.7,17.27,60.08,32.58,57.4,0.57,0.3,1.05,0.0,0,7.53,92
4951,精拓科,半導體業,5.98,539613000.0,90236287.62541805,2.94,554725279.5894911,6.15,16.39,14.48,11.04,25.52,67.9,156.95,100.8,97.0,1.04,0.7,1.62,0.0,0,31.4,69
6541,泰福-KY,化學生技醫療,-6.21,381342000.0,0.0,0.0,1489458056.5003753,0.0,0.0,0.0,0.0,0.0,0.0,0.0,0.0,40.45,0.0,0.0,0.0,84.16,74,29.56,119
5371,中光電,光電業,0.95,39194727000.0,41257607368.42105,0.48,43373522168.90828,1.05,59.71,102.96,22.37,125.33,23.49,131.6,62.69,68.9,0.91,0.34,1.91,0.0,0,129.02,78
6542,隆中,文化創意業,0.02,861299000.0,43064950000.0,0.01,1057253133.3745078,0.02,472.96,2830.91,19.09,2850.0,0.38,57.0,9.46,48.0,0.2,0.01,1.19,17.04,171,5.88,7
4949,有成精密,電子工業,1.91,2370766000.0,1241238743.4554975,1.29,3110145272.7802057,2.51,28.66,48.2,7.33,55.53,18.4,139.38,71.95,86.6,0.83,0.21,1.61,13.78,16,0.0,0
5234,達興材料,光電業,7.37,4591955000.0,623060379.9185889,3.92,4963223156.6692,7.97,43.8,43.35,22.57,65.92,179.88,525.38,349.1,382.5,0.91,0.47,1.37,63.29,112,64.35,80
6217,中探針,電子零組件業,-1.68,3644431000.0,0.0,0.0,4845404298.694129,0.0,0.0,0.0,0.0,0.0,0.0,0.0,0.0,233.5,0.0,0.0,0.0,20.13,18,117.29,125
6153,嘉聯益,電子零組件業,-4.38,5515837000.0,0.0,0.0,5128470737.634157,0.0,0.0,0.0,0.0,0.0,0.0,0.0,0.0,24.4,0.0,0.0,0.0,22.54,21,54.88,127
6218,豪勉,通信網路業,-1.14,1375342000.0,0.0,0.0,1368721306.3672347,0.0,0.0,0.0,0.0,0.0,0.0,0.0,0.0,34.7,0.0,0.0,0.0,50.2,23,5.21,22
6219,富旺,建材營造,-0.8,2723162000.0,0.0,0.0,4009715250.3764677,0.0,17.11,26.36,4.65,31.01,0.0,0.0,0.0,13.15,0.0,0.0,0.0,35.2,45,0.4,1
6220,岳豐,電子零組件業,0.81,8272013000.0,10212361728.395061,0.45,8902437121.891716,0.87,26.89,47.53,10.55,58.08,9.18,50.53,23.4,35.8,0.65,0.26,1.41,19.18,161,37.5,181
6154,順發,電子通路業,0.51,3894760000.0,7636784313.72549,0.26,4111336967.1454864,0.54,32.16,302.52,15.48,318.0,8.36,171.72,17.36,13.8,1.26,0.61,12.44,0.0,0,3.78,86
6152,百一,電子工業,-1.47,1585496000.0,0.0,0.0,1908863913.3247755,0.0,163.16,52.0,145.5,197.5,0.0,0.0,0.0,14.55,0.0,0.0,0.0,58.0,87,24.13,49
6222,立軒,光電業,-0.4,2936000.0,0.0,0.0,1920596.5965965965,0.0,0.0,0.0,0.0,0.0,0.0,0.0,0.0,20.55,0.0,0.0,0.0,28.23,39,0.67,1
6223,旺矽,半導體業,33.49,13033582000.0,389178321.88713044,22.41,18746926859.62096,48.17,60.63,152.41,20.25,172.66,975.44,8317.03,2920.71,6420.0,0.45,0.15,1.3,76.25,183,161.25,176
4999,鑫禾,電子零組件業,-1.68,1927284000.0,0.0,0.0,1808548829.7654812,0.0,91.24,193.79,23.4,217.19,0.0,0.0,0.0,20.7,0.0,0.0,0.0,2.78,127,19.28,55
6224,聚鼎,電子工業,0.66,2917892000.0,4421048484.848485,0.32,2731797558.5077653,0.62,36.56,114.88,16.91,131.79,10.48,81.71,22.67,78.6,0.29,0.13,1.04,49.26,119,9.11,128
6221,晉泰,資訊服務業,2.77,5504900000.0,1987328519.8555956,1.01,3651857722.332929,1.84,16.14,21.04,7.49,28.53,13.78,52.5,29.69,24.5,1.21,0.56,2.14,3.3,31,2.44,122
6216,居易,電子工業,0.61,760941000.0,1247444262.295082,0.24,541179851.067071,0.43,46.67,390.79,10.04,400.83,4.32,172.36,20.07,22.95,0.87,0.19,7.51,13.46,135,1.88,49
5215,科嘉-KY,電腦及週邊設備業,2.04,2592010000.0,1270593137.254902,1.26,3405958002.0943737,2.68,15.15,15.19,8.69,23.88,23.29,64.0,40.61,44.4,0.91,0.52,1.44,6.81,21,8.41,146
6161,捷波,電腦及週邊設備業,2.71,1391277000.0,513386346.86346865,1.43,1772451392.8783948,3.45,16.18,11.87,11.37,23.24,39.23,80.18,55.81,52.4,1.07,0.75,1.53,3.4,1,40.98,97
6210,慶生,電子零組件業,-3.1,306659000.0,0.0,0.0,446079483.03156996,0.0,0.0,0.0,0.0,0.0,0.0,0.0,0.0,20.65,0.0,0.0,0.0,11.29,70,17.23,126
6212,理銘,建材營造,3.95,3083792000.0,780706835.443038,0.72,665093956.053569,0.85,8.02,10.62,4.19,14.81,3.56,12.59,6.81,29.1,0.23,0.12,0.43,48.44,59,1.04,14
6160,欣技,電腦及週邊設備業,-1.19,1229032000.0,0.0,0.0,1036953550.7415651,0.0,0.0,0.0,0.0,0.0,0.0,0.0,0.0,16.8,0.0,0.0,0.0,20.93,18,5.2,97
6213,聯茂,電子工業,4.16,32363618000.0,7779715865.384615,2.52,39595018266.206665,5.09,36.0,52.16,21.31,73.47,108.47,373.96,183.26,267.5,0.69,0.41,1.4,17.39,18,57.11,73
6158,禾昌,電子零組件業,0.11,1823143000.0,16574027272.727272,0.05,1717871314.7679794,0.1,34.64,170.8,15.56,186.36,1.56,18.64,3.46,17.5,0.2,0.09,1.07,15.51,128,6.91,62
6156,松上,電子零組件業,0.44,4962621000.0,11278684090.90909,0.26,5332836455.173445,0.47,19.59,37.91,9.65,47.56,4.54,22.35,9.21,23.35,0.39,0.19,0.96,59.01,133,5.73,30
6214,精誠,資訊服務業,7.9,43098943000.0,5455562405.063291,4.62,54673539312.495766,10.02,18.14,11.33,12.79,24.12,128.16,241.68,181.74,141.0,1.29,0.91,1.71,29.13,175,15.81,114
6155,鈞寶,電子零組件業,0.74,621894000.0,840397297.2972974,0.42,717695529.3618373,0.85,75.29,299.65,18.35,318.0,15.6,270.3,63.99,89.6,0.71,0.17,3.02,11.11,30,100.44,174
6215,和椿,其他電子業,2.09,2411631000.0,1153890430.6220098,1.46,3768330502.0845594,3.27,55.85,60.9,28.53,89.43,93.29,292.44,182.64,106.0,1.72,0.88,2.76,23.67,183,54.19,57
6151,晉倫,其他電子類,1.16,1695815000.0,1461909482.7586207,0.65,1851219515.632297,1.27,24.25,25.82,17.09,42.91,21.7,54.5,30.8,40.65,0.76,0.53,1.34,130.91,140,25.9,62
6209,今國光,電子工業,0.93,3477742000.0,3739507526.88172,0.64,5522698186.466954,1.48,146.54,253.12,38.73,291.85,57.32,431.94,216.87,95.7,2.27,0.6,4.51,0.78,18,157.59,178
6150,撼訊,電腦及週邊設備業,2.62,7670408000.0,2927636641.221374,0.94,5435657318.259805,1.86,177.95,329.2,15.3,344.5,28.46,640.77,330.98,63.5,5.21,0.45,10.09,9.2,143,35.47,118
6225,天瀚,光電業,-0.06,52315000.0,0.0,0.0,42836391.03270856,0.0,45.49,14.46,39.87,54.33,0.0,0.0,0.0,23.75,0.0,0.0,0.0,0.0,0,66.67,133
6235,華孚,電腦及週邊設備業,2.9,6423856000.0,2215122758.62069,1.47,7047759219.844677,3.18,19.64,16.53,12.49,29.02,39.72,92.28,62.45,40.75,1.53,0.97,2.26,6.9,15,50.2,113
6141,柏承,電子零組件業,-4.65,1834584000.0,0.0,0.0,1929585385.70334,0.0,0.0,0.0,0.0,0.0,0.0,0.0,0.0,35.1,0.0,0.0,0.0,10.06,21,10.86,59
6237,驊訊,半導體業,-1.53,494260000.0,0.0,0.0,705281052.5776318,0.0,0.0,0.0,0.0,0.0,0.0,0.0,0.0,45.8,0.0,0.0,0.0,4.03,127,29.35,77
6140,訊達,資訊服務業,-2.01,2476215000.0,0.0,0.0,1775906016.277956,0.0,37.3,34.25,21.76,56.01,0.0,0.0,0.0,21.2,0.0,0.0,0.0,9.14,3,7.81,27
5222,全訊,半導體業,2.63,995074000.0,378355133.07984793,1.11,789696610.4242717,2.09,34.23,55.49,18.84,74.33,39.38,155.35,71.54,114.0,0.63,0.35,1.36,5.25,31,44.0,80
6139,亞翔,電子工業,30.49,70821098000.0,2322764775.336176,20.22,133238790599.87805,57.36,17.64,19.32,9.46,28.78,542.63,1650.82,1011.99,806.0,1.26,0.67,2.05,17.44,17,127.43,182
6239,力成,電子工業,7.48,73223133000.0,9789188903.743315,4.51,98213940650.46562,10.03,18.73,36.17,8.95,45.12,89.77,452.55,187.86,345.0,0.54,0.26,1.31,6.63,28,37.88,134
6138,茂達,半導體業,13.04,7357134000.0,564197392.6380368,7.06,8424373841.018158,14.93,19.56,14.37,12.74,27.11,190.21,404.75,292.0,326.0,0.9,0.58,1.24,4.89,126,49.54,139
6234,高僑,光電業,0.04,469080000.0,11727000000.0,0.02,604520073.2957312,0.05,140.14,1225.06,14.94,1240.0,0.75,62.0,7.01,43.65,0.16,0.02,1.42,14.48,18,52.38,48
5220,萬達光電,光電業,-0.65,688288000.0,0.0,0.0,841266913.6380606,0.0,64.2,80.95,27.3,108.25,0.0,0.0,0.0,21.25,0.0,0.0,0.0,1.1,9,12.19,63
6233,旺玖,半導體業,-0.16,392833000.0,0.0,0.0,368150575.9972761,0.0,155.61,503.06,46.94,550.0,0.0,0.0,0.0,24.15,0.0,0.0,0.0,2.94,4,5.81,72
6226,光鼎,光電業,-0.28,635376000.0,0.0,0.0,591932032.8426081,0.0,0.0,0.0,0.0,0.0,0.0,0.0,0.0,12.4,0.0,0.0,0.0,8.6,21,14.98,182
6227,茂綸,電子通路業,7.54,17398028000.0,2307430769.230769,4.81,21861163496.79232,9.47,14.42,10.11,10.81,20.92,102.37,198.11,136.57,124.0,1.1,0.83,1.6,10.55,2,10.37,52
6228,全譜,電腦及週邊設備業,-0.47,49315000.0,0.0,0.0,48623331.35790763,0.0,0.0,0.0,0.0,0.0,0.0,0.0,0.0,20.6,0.0,0.0,0.0,71.88,45,5.01,3
6229,研通,半導體業,0.05,2118373000.0,42367460000.0,0.03,3117628697.331731,0.07,294.65,1229.34,30.66,1260.0,2.15,88.2,20.63,26.45,0.78,0.08,3.33,0.0,0,5.16,93
6147,頎邦,半導體業,3.73,21413608000.0,5740913672.922252,2.07,24328392164.74289,4.24,17.25,79.71,9.62,89.33,40.79,378.76,73.14,229.5,0.32,0.18,1.65,0.15,3,4.71,139
6146,耕興,其他電子類,10.78,4489524000.0,416467903.5250464,5.76,4814923558.870917,11.56,16.14,9.58,12.56,22.14,145.19,255.94,186.56,193.5,0.96,0.75,1.32,7.52,30,12.09,85
6144,得利影,文化創意業,-0.36,172362000.0,0.0,0.0,157635375.92704883,0.0,0.0,0.0,0.0,0.0,0.0,0.0,0.0,14.5,0.0,0.0,0.0,262.83,120,14.96,120
6230,尼得科超眾,電子工業,-2.44,8921839000.0,0.0,0.0,10142208667.452183,0.0,228.66,878.84,32.92,911.76,0.0,0.0,0.0,135.0,0.0,0.0,0.0,3.25,3,20.97,97
6143,振曜,通信網路業,6.46,8607320000.0,1332402476.7801857,3.17,9408853644.262468,7.06,19.46,15.68,13.22,28.9,93.33,204.03,137.36,89.4,1.54,1.04,2.28,13.41,73,30.47,84
6142,友勁,電子工業,-0.26,1786173000.0,0.0,0.0,1768975057.966926,0.0,0.0,0.0,0.0,0.0,0.0,0.0,0.0,9.39,0.0,0.0,0.0,37.6,133,20.02,80
6231,系微,資訊服務業,6.66,1682292000.0,252596396.3963964,3.55,1824396437.7199004,7.22,46.48,60.67,27.23,87.9,196.6,634.64,335.59,269.5,1.25,0.73,2.35,40.83,127,10.69,93
6148,驊宏資,資訊服務業,1.36,968037000.0,711791911.7647058,0.41,602519881.2736104,0.85,28.31,37.09,11.95,49.04,10.16,41.68,24.06,33.95,0.71,0.3,1.23,7.8,29,0.0,0
6241,鑫永洋,通信網路業,-0.16,692989000.0,0.0,0.0,632168186.1816719,0.0,26.07,47.11,9.89,57.0,0.0,0.0,0.0,13.6,0.0,0.0,0.0,66.43,129,6.67,121
6164,華興,光電業,0.07,754335000.0,10776214285.714285,0.04,649951307.5108625,0.06,105.03,663.82,16.18,680.0,0.97,40.8,6.3,13.6,0.46,0.07,3.0,5.81,18,17.18,183
5015,華祺,鋼鐵工業,0.06,1529230000.0,25487166666.666668,0.02,1104363880.6042137,0.04,81.98,442.09,12.91,455.0,0.52,18.2,3.28,24.0,0.14,0.02,0.76,5.07,14,5.92,16
6182,合晶,半導體業,0.08,9636039000.0,120450487500.0,0.04,10589284393.302954,0.09,743.99,2792.0,58.0,2850.0,5.22,256.5,66.96,114.0,0.59,0.05,2.25,10.71,18,69.67,126
6192,巨路,其他電子業,10.07,7144455000.0,709479145.9781529,5.58,7787105276.816012,10.98,11.21,5.97,8.4,14.37,92.23,157.78,123.11,116.5,1.06,0.79,1.35,0.0,0,16.36,73
5014,建錩,鋼鐵工業,-2.36,14745203000.0,0.0,0.0,16561451589.96269,0.0,23.01,36.9,9.32,46.22,0.0,0.0,0.0,11.15,0.0,0.0,0.0,18.86,109,0.0,0
6180,橘子,文化創意業,-1.53,8817865000.0,0.0,0.0,8253950577.647343,0.0,16.9,52.31,5.53,57.84,0.0,0.0,0.0,50.4,0.0,0.0,0.0,4.86,168,1.34,10
5210,寶碩,資訊服務業,0.73,272289000.0,372998630.1369863,0.41,308003735.49746495,0.83,44.61,49.68,28.1,77.78,23.32,64.56,37.02,29.65,1.25,0.79,2.18,0.0,0,3.15,10
6194,育富,電子零組件業,2.19,1398436000.0,638555251.1415526,0.84,983258887.6798096,1.54,11.65,16.18,6.89,23.07,10.61,35.53,17.94,32.45,0.55,0.33,1.09,28.64,87,15.77,125
6177,達麗,建材營造,3.83,3745752000.0,978003133.1592689,12.28,34064448996.192867,34.83,11.06,10.11,5.6,15.71,195.05,547.18,385.17,48.25,7.98,4.04,11.34,24.87,36,7.85,92
6176,瑞儀,電子工業,9.41,49402266000.0,5249975132.837407,4.52,46585643951.96646,8.87,12.3,7.73,8.83,16.56,78.32,146.89,109.08,88.2,1.24,0.89,1.67,1.39,1,0.0,0
6196,帆宣,其他電子業,15.43,51843750000.0,3359931950.7453012,9.81,62489133230.48559,18.6,19.5,24.48,12.02,36.5,223.57,678.9,362.63,541.0,0.67,0.41,1.25,7.93,18,55.24,85
6179,亞通,其他,0.05,5085287000.0,101705740000.0,0.03,5418859450.851984,0.05,138.59,492.94,15.06,508.0,0.75,25.4,6.93,25.65,0.27,0.03,0.99,14.96,18,27.05,97
5016,松和,鋼鐵工業,1.51,2055226000.0,1361076821.192053,0.78,2095640798.4217553,1.54,17.69,11.33,13.58,24.91,20.91,38.36,27.24,25.15,1.08,0.83,1.53,0.53,2,0.0,0
6183,關貿,資訊服務業,3.9,2735238000.0,701343076.923077,2.1,2962994026.115227,4.22,25.36,11.86,21.88,33.74,92.33,142.38,107.03,89.7,1.19,1.03,1.59,13.74,183,8.06,62
6191,精成科,電子零組件業,6.54,32161694000.0,4917690214.067278,3.88,45834401779.118904,9.32,13.89,16.45,7.97,24.42,74.28,227.59,129.45,100.0,1.29,0.74,2.28,9.87,17,79.75,78
6190,萬泰科,通信網路業,2.2,8547190000.0,3885086363.6363635,1.34,10156189663.227303,2.61,22.15,38.51,12.32,50.83,32.16,132.67,57.81,78.3,0.74,0.41,1.69,3.87,1,21.48,62
5203,訊連,電子工業,3.63,2427908000.0,668845179.0633609,1.72,2416038259.228692,3.61,27.45,29.82,16.71,46.53,60.32,167.97,99.09,68.5,1.45,0.88,2.45,4.17,30,0.93,8
6189,豐藝,電子通路業,2.86,29937615000.0,10467697552.447554,1.43,28541301504.969635,2.73,15.6,12.98,8.54,21.52,23.31,58.75,42.58,54.4,0.78,0.43,1.08,23.2,17,6.52,31
6188,廣明,電腦及週邊設備業,3.61,9625341000.0,2666299445.9833794,1.59,8498347310.129348,3.19,31.8,25.36,21.21,46.57,67.66,148.56,101.44,79.4,1.28,0.85,1.87,11.85,18,48.91,100
5202,力新,資訊服務業,-0.62,164862000.0,0.0,0.0,128607150.72968078,0.0,10.84,14.71,5.18,19.89,0.0,0.0,0.0,15.95,0.0,0.0,0.0,54.85,129,0.0,0
6186,新潤,建材營造,8.46,9642257000.0,1139746690.3073285,3.37,6959091213.100693,6.11,11.32,28.3,3.83,32.13,23.4,196.31,69.15,41.85,1.65,0.56,4.69,23.0,63,17.22,77
6185,幃翔,電子零組件業,0.22,532272000.0,2419418181.818182,0.13,632762549.433746,0.26,125.9,276.4,25.27,301.67,6.57,78.43,32.73,14.2,2.3,0.46,5.52,2.71,21,14.66,134
6184,大豐電,其他,2.58,2154296000.0,834998449.612403,1.32,2207575401.892218,2.64,15.26,6.64,13.21,19.85,34.87,52.4,40.27,47.0,0.86,0.74,1.11,0.0,0,4.66,58
5201,凱衛,資訊服務業,-0.05,301274000.0,0.0,0.0,264683668.2424569,0.0,33.19,84.2,14.87,99.07,0.0,0.0,0.0,27.9,0.0,0.0,0.0,5.05,72,25.88,107
6197,佳必琪,電子工業,8.67,7512846000.0,866533564.0138408,4.9,9009814506.906425,10.4,20.08,21.66,11.8,33.46,122.72,347.98,208.78,333.0,0.63,0.37,1.04,1.55,9,28.93,78
6175,立敦,電子零組件業,2.67,4125713000.0,1545210861.423221,1.57,4590403539.588288,2.97,16.4,31.51,8.79,40.3,26.11,119.69,48.69,107.5,0.45,0.24,1.11,7.01,170,55.52,132
5013,強新,鋼鐵工業,1.45,7819837000.0,5392991034.4827585,0.75,7957784125.9554,1.48,18.83,7.71,15.99,23.7,23.67,35.08,27.86,27.6,1.01,0.86,1.27,2.02,30,20.68,107
6205,詮欣,電子工業,2.0,1369150000.0,684575000.0,0.91,1153465008.0285072,1.68,28.23,39.49,14.8,54.29,24.86,91.21,47.43,81.2,0.58,0.31,1.12,7.46,17,4.69,1
5011,久陽,鋼鐵工業,-1.61,5105270000.0,0.0,0.0,4286723073.154938,0.0,16.48,16.03,12.09,28.12,0.0,0.0,0.0,20.6,0.0,0.0,0.0,10.97,59,1.11,48
5212,凌網,資訊服務業,4.75,1290950000.0,271778947.3684211,2.33,1435515006.7791674,5.28,14.32,12.37,9.55,21.92,50.42,115.74,75.62,47.3,1.6,1.07,2.45,8.11,109,23.73,153
6206,飛捷,電子工業,6.9,5108829000.0,740410000.0,4.3,5987200722.210986,8.09,15.86,17.18,11.81,28.99,95.54,234.53,128.28,132.0,0.97,0.72,1.78,9.38,18,19.07,29
6166,凌華,電子工業,2.35,12101599000.0,5149616595.74468,1.46,15625136408.942095,3.03,252.91,1223.29,23.38,1246.67,70.84,3777.41,766.32,142.5,5.38,0.5,26.51,6.31,18,12.68,49
5009,榮剛,鋼鐵工業,2.2,11632507000.0,5287503181.818181,1.12,11243936961.012438,2.13,12.63,11.77,7.95,19.72,16.93,42.0,26.89,35.0,0.77,0.48,1.2,4.88,3,0.25,2
6207,雷科,電子零組件業,0.9,1250009000.0,1388898888.8888888,0.43,1054590926.9196726,0.76,46.67,243.58,16.74,260.32,12.72,197.84,35.47,164.0,0.22,0.08,1.21,17.01,18,79.43,71
5213,亞昕,建材營造,3.14,17240512000.0,5490608917.197452,2.0,11921737267.802977,2.17,16.16,32.49,7.12,39.61,15.45,85.95,35.07,23.35,1.5,0.66,3.68,25.15,43,1.77,8
5007,三星,鋼鐵工業,3.02,6183145000.0,2047399006.6225166,1.53,5975381753.38335,2.92,16.85,8.48,14.05,22.53,41.03,65.79,49.21,56.3,0.87,0.73,1.17,3.87,46,5.28,182
6204,艾華,電子零組件業,1.18,380189000.0,322194067.7966102,0.63,395754546.2598826,1.23,48.37,108.39,6.41,114.8,7.88,141.2,59.49,106.5,0.56,0.07,1.33,13.26,18,38.33,135
6167,久正,光電業,-0.03,1173851000.0,0.0,0.0,1337563927.0292368,0.0,165.18,721.44,11.06,732.5,0.0,0.0,0.0,12.0,0.0,0.0,0.0,3.05,128,4.35,1
6174,安碁,電子零組件業,0.65,602691000.0,927216923.076923,0.37,726717909.7838702,0.78,43.55,71.13,21.67,92.8,16.9,72.38,33.97,52.9,0.64,0.32,1.37,35.75,171,20.15,125
6173,信昌電,電子零組件業,3.25,4034265000.0,1241312307.6923077,1.78,4567833535.191839,3.68,21.49,71.31,10.19,81.5,37.5,299.92,79.07,300.5,0.26,0.12,1.0,15.6,30,85.29,156
6199,天品,其他,0.32,226939000.0,709184375.0,0.64,2107819476.481356,2.97,223.31,604.32,50.94,655.26,151.29,1946.12,663.23,92.2,7.19,1.64,21.11,334.55,177,25.88,83
6171,大城地產,建材營造,3.82,1222473000.0,320019109.947644,0.38,2407291463.291827,7.52,8.21,20.83,3.19,24.02,23.99,180.63,61.71,24.5,2.52,0.98,7.37,35.96,45,3.7,24
5211,蒙恬,資訊服務業,-0.77,210612000.0,0.0,0.0,294696071.56240004,0.0,0.0,0.0,0.0,0.0,0.0,0.0,0.0,19.0,0.0,0.0,0.0,1.65,25,41.76,85
6201,亞弘電,其他電子業,3.71,3442014000.0,927766576.819407,1.62,2865412325.8343153,3.09,12.81,4.6,10.9,15.5,33.68,47.9,39.57,48.25,0.82,0.7,0.99,2.68,21,4.44,45
6202,盛群,半導體業,0.76,3073437000.0,4043996052.631579,0.41,3246610669.3944354,0.8,153.99,433.15,58.39,491.54,46.71,393.23,123.19,65.4,1.88,0.71,6.01,6.5,21,0.0,0
6170,統振,通信網路業,4.5,3183535000.0,707452222.2222222,2.26,3172913545.7448006,4.48,15.74,19.82,9.73,29.55,43.59,132.38,70.52,52.1,1.35,0.84,2.54,2.7,1,9.59,62
6169,昱泉,文化創意業,-2.43,34318000.0,0.0,0.0,4385882.754140954,0.0,0.0,0.0,0.0,0.0,0.0,0.0,0.0,15.0,0.0,0.0,0.0,15.14,9,4.28,13
6203,海韻電,電子零組件業,5.51,2765536000.0,501912159.70961887,2.09,2153554166.7036796,4.29,20.4,44.18,9.65,53.83,41.4,230.93,87.5,67.3,1.3,0.62,3.43,2.09,18,14.49,162
6168,宏齊,電子工業,0.05,2056765000.0,41135300000.0,0.03,2209752260.816846,0.05,523.16,1851.37,38.63,1890.0,1.93,94.5,26.16,27.9,0.94,0.07,3.39,2.89,127,51.54,77
5236,凌陽創新,半導體業,8.65,1997623000.0,230939075.14450866,5.0,2310956199.863126,10.01,16.98,11.67,12.91,24.58,129.23,246.05,169.96,162.0,1.05,0.8,1.52,16.71,121,8.02,135
6242,立康,生技醫療業,2.64,587446000.0,222517424.24242422,1.3,568623048.6250691,2.56,15.97,4.42,14.11,18.53,36.12,47.44,40.88,36.7,1.11,0.98,1.29,0.38,1,3.62,34
6243,迅杰,電子工業,-0.51,651120000.0,0.0,0.0,330255968.0167185,0.0,117.77,327.87,25.77,353.64,0.0,0.0,0.0,31.75,0.0,0.0,0.0,0.0,0,4.23,1
6020,大展證,金融業,0.38,271592000.0,714715789.4736842,1.33,11420576651.07247,15.98,42.86,71.59,14.5,86.09,231.71,1375.72,684.85,22.75,30.1,10.19,60.47,3.42,22,0.79,85
6016,康和證,金融業,1.92,3881404000.0,2021564583.3333335,3.44,41062945779.58223,20.31,28.53,129.87,5.13,135.0,104.19,2741.85,579.43,28.75,20.15,3.62,95.37,3.03,21,17.24,112
6405,悅城,光電業,-1.27,927000.0,0.0,0.0,447161.4100185529,0.0,0.0,0.0,0.0,0.0,0.0,0.0,0.0,65.0,0.0,0.0,0.0,99.4,128,27.53,132
6015,宏遠證,金融業,0.76,1429585000.0,1881032894.7368422,1.09,7590864475.743025,4.04,60.93,274.87,7.63,282.5,30.83,1141.3,246.14,18.2,13.52,1.69,62.71,4.69,7,5.58,112
6294,智基,文化創意業,2.78,986608000.0,354894964.028777,1.28,846869382.3611901,2.39,19.99,29.4,10.27,39.67,24.55,94.81,47.79,28.85,1.66,0.85,3.29,6.93,51,20.55,62
6409,旭隼,其他電子業,40.23,20524460000.0,510177976.6343525,18.46,18468301797.645527,36.2,30.94,40.93,17.59,58.52,636.76,2118.42,1119.86,930.0,1.2,0.68,2.28,34.66,99,0.0,0
6411,晶焱,半導體業,3.18,2456141000.0,772371383.6477987,1.71,2742733821.522141,3.55,22.57,23.56,12.83,36.39,45.55,129.18,80.11,97.2,0.82,0.47,1.33,6.47,25,46.8,135
6412,群電,電子工業,5.2,34938697000.0,6718980192.307693,2.37,31373620192.042747,4.67,15.05,10.19,10.19,20.38,47.59,95.17,70.3,92.5,0.76,0.51,1.03,4.71,3,0.81,20
4979,華星光,通信網路業,5.43,4315580000.0,794766114.1804788,3.08,4915374897.07321,6.18,52.48,109.5,22.73,132.23,140.47,817.18,324.31,546.0,0.59,0.26,1.5,53.05,171,36.03,176
4977,眾達-KY,電子工業,4.5,1117417000.0,248314888.8888889,1.65,801851662.6917417,3.23,88.06,432.46,17.54,450.0,56.65,1453.5,284.44,179.0,1.59,0.32,8.12,87.26,171,56.38,178
6292,迅德,電子零組件業,2.0,1000924000.0,500462000.0,1.18,1275332431.0379128,2.55,29.48,87.31,8.52,95.83,21.73,244.37,75.16,66.0,1.14,0.33,3.7,0.0,0,2.12,10
6021,美好證,金融業,3.75,2015939000.0,537583733.3333334,5.63,58801584778.76174,109.38,16.95,23.72,5.4,29.12,590.65,3185.15,1853.45,41.35,44.82,14.28,77.03,27.39,3,35.27,149
6291,沛亨,半導體業,6.6,2053233000.0,311095909.0909091,4.31,2912376592.6845207,9.36,28.99,70.35,8.97,79.32,83.96,742.44,271.3,515.0,0.53,0.16,1.44,0.0,0,144.37,83
6283,淳安,其他電子業,-0.22,1845136000.0,0.0,0.0,1775474087.8104017,0.0,35.83,45.51,21.72,67.23,0.0,0.0,0.0,24.05,0.0,0.0,0.0,9.34,133,46.3,71
6284,佳邦,電子零組件業,4.36,7575483000.0,1737496100.917431,2.03,6976661013.188771,4.02,15.53,31.56,8.7,40.26,34.97,161.85,62.43,107.5,0.58,0.33,1.51,15.12,24,21.96,139
6285,啟碁,通信網路業,6.4,110508716000.0,17266986875.0,3.59,120669546114.79524,6.99,20.61,34.28,12.77,47.05,89.26,328.88,144.08,270.5,0.53,0.33,1.22,6.25,4,6.56,70
6103,合邦,半導體業,-0.56,84771000.0,0.0,0.0,101608493.43285157,0.0,393.23,3912.23,12.77,3925.0,0.0,0.0,0.0,0.0,0.0,0.0,0.0,34.78,183,3.46,30
6101,寬魚國際,文化創意業,-0.19,1024378000.0,0.0,0.0,2747126750.388236,0.0,124.11,196.6,46.93,243.53,0.0,0.0,0.0,40.5,0.0,0.0,0.0,5.02,65,5.61,52
5225,東科-KY,電子工業,10.26,11240635000.0,1095578460.0389864,4.35,10016705778.34472,9.14,9.85,10.22,6.47,16.69,59.14,152.55,89.99,73.3,1.23,0.81,2.08,47.93,72,37.87,62
6028,公勝保經,金融業,8.27,0.0,0.0,0.0,0.0,0.0,11.39,2.87,9.97,12.84,0.0,0.0,0.0,79.7,0.0,0.0,0.0,64.97,113,6.58,22
6026,福邦證,金融業,1.72,1113064000.0,647130232.5581396,1.34,2473904966.2909255,3.82,19.93,79.06,7.01,86.07,26.78,328.79,76.14,17.0,4.48,1.58,19.34,6.21,23,10.18,148
6024,群益期,金融保險,5.48,2946386000.0,537661678.8321167,1.4,1430137574.552833,2.66,10.32,4.67,7.71,12.38,20.51,32.93,27.45,62.3,0.44,0.33,0.53,0.0,0,2.19,181
6290,良維,電子零組件業,8.72,10099931000.0,1158248967.889908,4.59,10989871940.734295,9.49,18.88,33.26,9.56,42.82,90.72,406.36,179.17,304.0,0.59,0.3,1.34,3.32,28,100.51,142
6023,元大期,金融業,8.45,3633121000.0,429955147.9289941,5.28,4600201662.229895,10.7,11.95,3.49,10.23,13.72,109.46,146.8,127.86,100.5,1.27,1.09,1.46,4.5,16,17.88,162
6414,樺漢,電子工業,23.26,142336502000.0,6119368099.742046,13.46,161527102248.97382,26.4,15.33,9.09,10.87,19.96,286.97,526.94,404.77,370.5,1.09,0.77,1.42,3.87,22,8.31,72
6282,康舒,電子零組件業,0.18,31582716000.0,175459533333.33334,0.1,37942901249.48787,0.22,1143.38,2880.8,99.2,2980.0,21.82,655.6,251.54,57.4,4.38,0.38,11.42,6.2,18,72.56,134
6415,矽力*-KY,半導體業,6.41,18703888000.0,2917923244.929797,3.72,22263629588.057003,7.63,93.71,305.12,27.16,332.28,207.23,2535.3,715.02,572.0,1.25,0.36,4.43,6.1,112,0.0,0
5876,上海商銀,金融保險,3.06,54529641000.0,17820144117.64706,1.49,52580045305.497826,2.95,15.24,8.21,12.27,20.48,36.2,60.42,44.95,42.8,1.05,0.85,1.41,1.98,17,1.06,7
5871A,中租-KY甲特,其他,0.0,0.0,0.0,0.0,0.0,0.0,0.0,0.0,0.0,0.0,0.0,0.0,0.0,102.5,0.0,0.0,0.0,1.13,28,2.49,31
5871,中租-KY,其他,11.24,97807317000.0,8701718594.30605,5.58,95524419674.82062,10.98,10.1,4.48,7.63,12.11,83.78,132.97,110.88,115.0,0.96,0.73,1.16,2.48,112,7.41,30
4976,佳凌,光電業,-1.88,1036181000.0,0.0,0.0,1003112508.5485826,0.0,0.0,0.0,0.0,0.0,0.0,0.0,0.0,41.7,0.0,0.0,0.0,23.71,21,104.63,79
4974,亞泰,電子零組件業,5.15,3807147000.0,739251844.6601942,2.57,3457606681.045157,4.68,13.99,12.97,10.29,23.26,48.16,108.86,65.47,72.1,0.91,0.67,1.51,64.4,88,10.84,62
5878,台名,金融業,2.86,878908000.0,307310489.5104895,1.53,893254938.5417502,2.91,17.63,8.88,13.24,22.12,38.53,64.37,51.31,39.2,1.31,0.98,1.64,1.48,51,1.91,65
5864,致和證,金融業,2.56,996266000.0,389166406.25,0.0,0.0,0.0,11.18,29.6,4.29,33.89,0.0,0.0,0.0,48.5,0.0,0.0,0.0,0.87,4,21.93,148
6425,易發,電機機械,-1.62,1408313000.0,0.0,0.0,1812280864.0960226,0.0,133.57,267.95,64.78,332.73,0.0,0.0,0.0,77.8,0.0,0.0,0.0,26.01,177,96.93,183
5880,合庫金,金融保險,1.36,72176581000.0,53071015441.17647,0.66,76429546972.79083,1.44,19.67,6.46,16.21,22.67,23.34,32.64,28.32,24.75,1.14,0.94,1.32,4.62,45,6.04,50
5230,雷笛克光學,光電業,-1.34,1327863000.0,0.0,0.0,1323774776.8336809,0.0,46.6,68.41,27.26,95.67,0.0,0.0,0.0,21.35,0.0,0.0,0.0,13.29,14,0.0,0
6005,群益證,金融保險,2.64,18678452000.0,7075171212.121212,2.47,40749246054.4681,5.76,11.26,5.19,8.53,13.72,49.13,79.03,64.88,39.45,1.64,1.25,2.0,4.73,7,22.25,112
5907,大洋-KY,貿易百貨,-4.55,2793027000.0,0.0,0.0,2570149419.438242,0.0,0.0,0.0,0.0,0.0,0.0,0.0,0.0,5.09,0.0,0.0,0.0,58.37,128,0.0,0
5227,立凱-KY,電子零組件業,0.18,402313000.0,2235072222.2222223,0.04,112806689.08528443,0.05,40.25,129.92,9.49,139.41,0.47,6.97,2.01,41.0,0.05,0.01,0.17,11.03,161,29.52,78
6416,瑞祺電通,通信網路業,4.3,4238496000.0,985696744.1860466,2.37,4320671267.970889,4.38,24.72,25.11,16.56,41.67,72.53,182.51,108.28,83.8,1.29,0.87,2.18,28.46,109,0.11,1
5906,台南-KY,貿易百貨,1.0,1692931000.0,1692931000.0,0.5,1626897555.8163347,0.96,35.6,42.76,23.98,66.74,23.02,64.07,34.18,0.0,0.0,0.0,0.0,1.66,67,7.72,127
6417,韋僑,通信網路業,4.83,1577211000.0,326544720.4968944,2.83,1886494153.6242142,5.78,24.59,15.04,17.08,32.12,98.72,185.65,142.12,128.5,1.11,0.77,1.44,7.62,21,25.56,99
6418,詠昇,電子零組件業,0.73,770725000.0,1055787671.2328768,0.4,826553519.1972297,0.78,29.66,61.74,10.95,72.69,8.54,56.7,23.13,31.7,0.73,0.27,1.79,5.47,18,350.0,105
6419,京晨科,光電業,9.58,515303000.0,53789457.202505216,10.73,1015705655.3210824,18.88,13.05,25.69,6.29,31.98,118.76,603.78,246.43,138.5,1.78,0.86,4.36,18.09,31,29.63,181
5228,鈺鎧,電子零組件業,-0.21,518941000.0,0.0,0.0,802125435.7460176,0.0,67.52,41.19,45.4,86.59,0.0,0.0,0.0,73.1,0.0,0.0,0.0,2.0,31,30.62,126
4989,榮科,電子工業,-3.48,2536276000.0,0.0,0.0,4160679657.2701635,0.0,0.0,0.0,0.0,0.0,0.0,0.0,0.0,80.6,0.0,0.0,0.0,1.79,21,243.45,149
6257,矽格,電子工業,6.15,19395856000.0,3153797723.5772357,3.49,22600346943.98936,7.17,17.79,25.48,9.95,35.43,71.34,254.03,127.52,214.0,0.6,0.33,1.19,2.24,24,43.48,139
6124,業強,電子零組件業,-0.98,1808813000.0,0.0,0.0,1858886182.6804714,0.0,0.0,0.0,0.0,0.0,0.0,0.0,0.0,29.8,0.0,0.0,0.0,21.4,126,28.02,28
6122,擎邦,電機機械,4.78,4104869000.0,858759205.0209205,2.22,3903493091.213258,4.55,10.47,6.05,8.27,14.32,37.63,65.16,47.65,46.9,1.02,0.8,1.39,6.11,56,7.05,34
6121,新普,電腦及週邊設備業,30.6,80560816000.0,2632706405.228758,15.27,85320954332.08722,32.41,12.53,4.68,10.08,14.76,326.69,478.37,406.12,407.5,1.0,0.8,1.17,4.78,9,7.53,49
6259,百徽,電子零組件業,0.71,459318000.0,646926760.5633804,0.5,615956915.5751908,0.95,32.48,30.95,17.94,48.89,17.04,46.45,30.86,32.6,0.95,0.52,1.42,1.3,14,3.41,50
6261,久元,半導體業,4.24,4107857000.0,968834198.1132075,2.23,4436435607.9703865,4.58,17.03,19.1,12.46,31.56,57.07,144.54,78.02,94.4,0.83,0.6,1.53,14.13,18,10.42,177
6120,達運,電子工業,-0.19,17216314000.0,0.0,0.0,15604365938.665081,0.0,40.7,33.93,24.61,58.54,0.0,0.0,0.0,14.7,0.0,0.0,0.0,1.23,18,29.44,177
6263,普萊德,通信網路業,8.32,1881342000.0,226122836.53846154,4.27,1930537579.9590151,8.54,17.86,8.47,14.42,22.89,123.15,195.48,152.56,163.5,0.93,0.75,1.2,3.88,100,4.44,36
6264,富裔,建材營造,-0.5,117286000.0,0.0,0.0,173520899.96177578,0.0,164.84,36.6,154.0,190.6,0.0,0.0,0.0,5.98,0.0,0.0,0.0,13.61,30,4.41,20
6265,方土昶,電子通路業,0.68,771827000.0,1135039705.8823528,1.75,5428447386.965752,4.78,82.81,175.52,16.98,192.5,81.16,920.15,395.81,57.2,6.92,1.42,16.09,6.23,23,129.92,150
6266,泰詠,電子零組件業,2.04,3364052000.0,1649045098.0392156,0.98,3264566193.468836,1.98,14.07,6.26,11.07,17.33,21.92,34.31,27.85,25.55,1.09,0.86,1.34,0.28,1,1.63,1
6269,台郡,電子工業,-6.95,22414698000.0,0.0,0.0,22684950274.28524,0.0,32.27,46.35,12.99,59.34,0.0,0.0,0.0,79.9,0.0,0.0,0.0,9.95,4,32.11,71
6126,信音,電子零組件業,0.72,3836487000.0,5328454166.666667,0.51,5550659930.102412,1.04,31.12,33.41,19.03,52.44,19.79,54.54,32.36,40.4,0.8,0.49,1.35,19.79,25,41.69,114
6127,九豪,電子零組件業,0.46,978519000.0,2127215217.3913043,0.24,969998818.8948842,0.46,150.79,339.11,32.56,371.67,14.98,170.97,69.36,80.6,0.86,0.19,2.12,34.51,21,65.06,182
6244,茂迪,光電業,0.13,3097487000.0,23826823076.923077,0.07,3203949228.590544,0.13,78.37,329.03,25.41,354.44,3.3,46.08,10.19,29.15,0.35,0.11,1.58,25.95,18,21.41,182
6136,富爾特,電子工業,0.88,605803000.0,688412500.0,0.51,742909022.7548457,1.08,26.71,16.33,22.88,39.21,24.71,42.35,28.85,25.25,1.14,0.98,1.68,5.19,18,0.83,16
6245,立端,通信網路業,4.37,7302201000.0,1670984210.5263157,2.11,7208919391.233948,4.31,15.81,10.9,11.61,22.51,50.04,97.02,68.16,81.7,0.83,0.61,1.19,3.13,25,18.94,71
4995,晶達,光電業,2.24,1255787000.0,560619196.4285713,1.28,1384711877.2723355,2.47,17.02,12.97,11.02,23.99,27.22,59.26,42.04,45.0,0.93,0.6,1.32,55.92,25,1.61,9
6134,萬旭,電子零組件業,0.12,1862157000.0,15517975000.0,0.08,2773921001.559161,0.18,299.75,793.36,64.14,857.5,11.55,154.35,53.96,35.5,1.52,0.33,4.35,91.3,121,39.22,59
6133,金橋,電子零組件業,0.73,1370459000.0,1877341095.890411,0.38,1528081050.9794135,0.81,43.84,81.44,18.56,100.0,15.03,81.0,35.51,23.3,1.52,0.65,3.48,69.97,133,64.21,182
6246,臺龍,光電業,1.14,1619848000.0,1420919298.245614,0.47,1343975033.493848,0.95,24.09,24.04,13.07,37.11,12.42,35.25,22.88,15.3,1.5,0.81,2.3,96.05,129,49.26,69
6130,上亞科技,生技醫療業,-1.72,155618000.0,0.0,0.0,159416555.55555555,0.0,0.0,0.0,0.0,0.0,0.0,0.0,0.0,24.25,0.0,0.0,0.0,43.08,29,29.81,177
4994,傳奇,電子工業,1.96,1182743000.0,603440306.122449,1.03,1207574787.9242637,2.0,32.73,43.57,19.25,62.82,38.5,125.64,65.45,92.9,0.7,0.41,1.35,0.78,9,7.33,99
6129,普誠,半導體業,-1.09,1113905000.0,0.0,0.0,1502593799.156515,0.0,0.0,0.0,0.0,0.0,0.0,0.0,0.0,16.1,0.0,0.0,0.0,6.79,28,70.37,78
6248,沛波,鋼鐵工業,1.53,7839072000.0,5123576470.588235,0.62,5913373694.189358,1.15,11.02,13.18,5.43,18.61,6.24,21.4,12.68,18.3,0.69,0.34,1.17,11.2,102,0.99,2
6128,上福,電腦及週邊設備業,-9.56,5257403000.0,0.0,0.0,5050681663.693739,0.0,11.76,3.76,10.18,13.94,0.0,0.0,0.0,21.2,0.0,0.0,0.0,0.26,18,0.16,1
6281,全國電,電子通路業,3.7,18994144000.0,5133552432.432432,1.8,18383274266.352123,3.58,16.69,5.1,13.2,18.3,47.26,65.51,59.77,51.5,1.16,0.92,1.27,0.36,9,0.0,0
6270,倍微,電子通路業,1.08,2772394000.0,2567031481.481481,0.57,2795932228.160096,1.09,49.5,108.84,15.99,124.83,17.43,136.06,53.96,35.0,1.54,0.5,3.89,18.51,30,5.33,50
6277,宏正,電腦及週邊設備業,3.08,4892149000.0,1588360064.9350648,1.66,5295565902.991539,3.33,18.27,10.75,14.17,24.92,47.19,82.98,60.85,72.8,0.84,0.65,1.14,0.6,11,4.01,174
6278,台表科,光電業,9.39,49870351000.0,5311006496.27263,4.81,50705758849.57234,9.55,11.87,19.9,8.24,28.14,78.69,268.74,113.35,204.5,0.55,0.38,1.31,13.93,16,4.55,22
4991,環宇-KY,半導體業,0.16,2159582000.0,13497387500.0,0.1,3152809407.017849,0.23,1495.09,4740.99,219.01,4960.0,50.37,1140.8,343.87,560.0,0.61,0.09,2.04,118.5,172,87.89,182
6112,邁達特,電子工業,1.82,21632169000.0,11885807142.857143,1.04,26393299441.9515,2.22,800.76,5690.5,19.5,5710.0,43.29,12676.2,1777.68,45.3,39.24,0.96,279.83,11.76,29,15.01,22
6113,亞矽,電子通路業,-0.25,646000000.0,0.0,0.0,846029815.4439666,0.0,369.38,515.93,84.07,600.0,0.0,0.0,0.0,28.7,0.0,0.0,0.0,0.0,0,0.95,1
6279,胡連,電子零組件業,10.96,9789266000.0,893181204.379562,5.45,10042141013.541773,11.24,12.85,6.66,9.59,16.25,107.79,182.65,144.38,118.0,1.22,0.91,1.55,13.17,100,13.16,73
6109,亞元,通信網路業,-0.94,758747000.0,0.0,0.0,950583765.9569541,0.0,137.74,30.5,115.5,146.0,0.0,0.0,0.0,11.05,0.0,0.0,0.0,7.55,113,41.78,122
6108,競國,電子零組件業,-0.88,4214668000.0,0.0,0.0,4743314388.641526,0.0,33.43,64.93,7.75,72.68,0.0,0.0,0.0,19.3,0.0,0.0,0.0,0.97,21,11.7,58
6104,創惟,半導體業,5.62,4008734000.0,713297864.7686833,2.95,4055824439.1794715,5.69,40.0,72.15,14.34,86.49,81.59,492.13,227.61,100.5,2.26,0.81,4.9,73.21,172,3.63,15
6111,光聚晶電,文化創意業,-4.62,7140131000.0,0.0,0.0,17311691193.16236,0.0,741.84,1839.4,57.27,1896.67,0.0,0.0,0.0,44.05,0.0,0.0,0.0,5.68,10,4.54,100
6114,久威,電子零組件業,2.66,897454000.0,337388721.80451125,1.2,720105601.8932964,2.13,27.74,77.61,7.05,84.66,15.02,180.33,59.08,29.6,2.0,0.51,6.09,50.55,80,0.0,0
6276,安鈦克,電腦及週邊設備業,0.93,1457611000.0,1567323655.9139783,0.3,850767955.278992,0.54,42.61,21.07,32.12,53.19,17.34,28.72,23.01,25.3,0.91,0.69,1.14,0.0,0,16.28,8
6118,建達,電子通路業,0.4,9901791000.0,24754477500.0,0.2,10234543112.607107,0.41,41.2,60.83,25.3,86.13,10.37,35.31,16.89,17.5,0.97,0.59,2.02,7.01,29,67.21,72
6271,同欣電,電子工業,7.64,11595081000.0,1517680759.1623037,3.82,11480085041.32269,7.56,17.83,28.42,10.23,38.65,77.34,292.19,134.79,225.0,0.6,0.34,1.3,4.23,29,24.4,139
6117,迎廣,電腦及週邊設備業,3.77,3198480000.0,848403183.0238727,2.01,3551580797.048895,4.19,26.68,35.17,15.58,50.75,65.28,212.64,111.77,75.5,1.48,0.86,2.82,2.26,30,10.66,14
6272,驊陞,電子工業,3.42,688946000.0,201446198.83040935,0.0,0.0,0.0,13.42,10.09,9.84,19.93,0.0,0.0,0.0,32.2,0.0,0.0,0.0,40.75,28,19.54,76
6116,彩晶,電子工業,-0.75,11477038000.0,0.0,0.0,11469043902.01253,0.0,0.0,0.0,0.0,0.0,0.0,0.0,0.0,18.25,0.0,0.0,0.0,3.43,4,20.03,100
6115,鎰勝,電子零組件業,2.85,7433274000.0,2608166315.7894735,1.54,8230156238.702247,3.16,16.21,5.41,13.15,18.56,41.55,58.65,51.21,48.65,1.05,0.85,1.21,2.95,17,2.12,16
6274,台燿,電子零組件業,12.13,29179204000.0,2405540313.272877,9.44,51446409213.072075,21.39,35.12,110.95,12.24,123.19,261.81,2635.03,751.16,1670.0,0.45,0.16,1.58,10.15,88,105.57,178
5223,安力-KY,電腦及週邊設備業,-0.67,1919124000.0,0.0,0.0,1934730053.566485,0.0,279.84,86.51,236.82,323.33,0.0,0.0,0.0,25.9,0.0,0.0,0.0,0.39,4,4.64,182
6831,邁科,電腦及週邊設備業,4.93,959783000.0,194682150.1014199,0.0,0.0,0.0,159.33,178.0,71.24,249.24,0.0,0.0,0.0,740.0,0.0,0.0,0.0,0.72,18,168.63,169
6593,台灣銘板,資訊服務業,-2.06,428382000.0,0.0,0.0,416962237.6480228,0.0,88.62,117.8,46.3,164.1,0.0,0.0,0.0,35.0,0.0,0.0,0.0,0.47,3,19.69,10
8046,南電,電子零組件業,3.01,38926177000.0,12932284717.607975,1.86,53077187275.99706,4.1,204.51,699.07,27.18,726.25,111.44,2977.62,838.48,885.0,0.95,0.13,3.36,2.05,3,170.37,149
8047,星雲,其他電子類,-0.78,461310000.0,0.0,0.0,399295911.3196013,0.0,0.0,0.0,0.0,0.0,0.0,0.0,0.0,49.5,0.0,0.0,0.0,73.9,156,317.84,170
8048,德勝,通信網路業,2.67,1020717000.0,382291011.23595506,1.57,1209463698.9046373,3.16,20.53,16.48,12.13,28.61,38.33,90.41,64.86,65.1,1.0,0.59,1.39,10.53,4,62.79,160
8049,晶采,光電業,1.71,1288318000.0,753402339.1812866,0.87,1297553346.3702714,1.72,13.51,6.09,10.68,16.77,18.37,28.84,23.24,27.6,0.84,0.67,1.04,2.92,45,0.0,0
8050,廣積,電腦及週邊設備業,1.45,5402081000.0,3725573103.448276,0.76,4857948050.370401,1.3,29.0,47.74,12.36,60.1,16.07,78.13,37.7,54.9,0.69,0.29,1.42,3.0,18,1.17,16
8054,安國,半導體業,-3.18,2740237000.0,0.0,0.0,8887061853.708347,0.0,0.0,0.0,0.0,0.0,0.0,0.0,0.0,99.6,0.0,0.0,0.0,11.21,30,48.08,170
8059,凱碩,通信網路業,-2.39,6325467000.0,0.0,0.0,23709866492.14652,0.0,0.0,0.0,0.0,0.0,0.0,0.0,0.0,17.35,0.0,0.0,0.0,21.89,22,3.85,15
8064,東捷,光電業,1.35,2544969000.0,1885162222.222222,0.82,3740108136.1028786,1.98,175.27,482.72,37.28,520.0,73.81,1029.6,347.03,154.0,2.25,0.48,6.69,90.16,128,13.37,121
8067,志旭,電子通路業,-0.59,110377000.0,0.0,0.0,79246225.63232824,0.0,0.0,0.0,0.0,0.0,0.0,0.0,0.0,12.55,0.0,0.0,0.0,37.8,21,23.86,118
8069,元太,光電業,9.13,36899502000.0,4041566484.118291,4.3,35680851030.956825,8.83,31.11,38.63,13.67,52.3,120.71,461.81,274.66,198.5,1.38,0.61,2.33,29.67,123,25.12,71
8070,長華*,電子工業,1.02,19055037000.0,18681408823.52941,0.6,23375874642.12188,1.25,25.68,47.86,13.74,61.6,17.18,77.0,32.1,54.6,0.59,0.31,1.41,34.96,99,11.57,114
8071,能率網通,電子零組件業,-1.19,2000187000.0,0.0,0.0,2187610492.8633566,0.0,0.0,0.0,0.0,0.0,0.0,0.0,0.0,30.2,0.0,0.0,0.0,41.49,21,15.88,100
8072,陞泰,電子工業,1.11,1223670000.0,1102405405.4054053,0.67,1634629718.881008,1.48,33.15,41.13,21.96,63.09,32.5,93.37,49.07,28.9,1.7,1.12,3.23,8.96,14,6.0,7
8074,鉅橡,電子零組件業,1.35,1293671000.0,958274814.8148148,0.8,1564483700.7371008,1.63,31.3,53.63,15.04,68.67,24.52,111.93,51.02,74.9,0.68,0.33,1.49,36.06,130,111.94,182
8076,伍豐,電腦及週邊設備業,0.15,1995767000.0,13305113333.333334,0.11,2683809875.1514874,0.2,63.81,180.27,14.73,195.0,2.95,39.0,12.76,25.55,0.5,0.12,1.53,22.55,100,6.77,72
8068,全達,電子通路業,1.23,808320000.0,657170731.7073171,0.97,1243572382.8076909,1.89,19.04,40.33,8.0,48.33,15.12,91.34,35.98,19.15,1.88,0.79,4.77,9.66,24,19.08,73
8045,達運光電,電子工業,0.65,1184313000.0,1822020000.0,0.5,1750809584.2578812,0.96,100.44,279.3,9.83,289.13,9.44,277.56,96.43,61.2,1.58,0.15,4.54,7.74,10,77.57,62
8011,台通,通信網路業,1.3,2097097000.0,1613151538.4615383,0.54,1797533194.974811,1.11,24.89,111.33,6.94,118.27,7.7,131.28,27.63,18.15,1.52,0.42,7.23,31.13,31,21.71,135
8016,矽創,半導體業,14.65,18682856000.0,1275280273.0375426,8.99,23888232072.808144,18.73,14.14,8.9,10.51,19.41,196.85,363.55,264.81,295.5,0.9,0.67,1.23,0.35,1,12.75,97
8021,尖點,其他電子業,2.74,4267050000.0,1557317518.2481751,1.89,6751349243.471757,4.34,56.2,157.22,14.86,172.08,64.49,746.83,243.93,542.0,0.45,0.12,1.38,26.28,67,391.9,181
8024,佑華,半導體業,-2.56,158672000.0,0.0,0.0,154871473.05389223,0.0,0.0,0.0,0.0,0.0,0.0,0.0,0.0,12.25,0.0,0.0,0.0,2.36,21,3.1,50
8027,鈦昇,電機機械,-0.92,1560399000.0,0.0,0.0,2619992536.2940645,0.0,260.71,68.25,226.75,295.0,0.0,0.0,0.0,247.0,0.0,0.0,0.0,16.46,9,34.57,183
8028,昇陽半導體,半導體業,4.38,4462417000.0,1018816666.6666667,2.6,5577835895.892019,5.47,54.71,70.46,31.89,102.35,174.44,559.85,299.27,311.5,0.96,0.56,1.8,75.9,147,26.69,121
8032,光菱,電子通路業,2.2,3555596000.0,1616179999.9999998,1.51,5031451558.720423,3.11,26.64,58.18,15.21,73.39,47.3,228.24,82.84,47.9,1.73,0.99,4.76,206.21,148,19.43,45
8033,雷虎,其他,0.58,1429246000.0,2464217241.3793106,0.29,1487578520.115354,0.6,234.02,799.7,97.8,897.5,58.68,538.5,140.41,127.5,1.1,0.46,4.22,4.36,10,199.36,85
8034,榮群,通信網路業,1.42,560477000.0,394702112.6760564,0.47,342183102.5058523,0.87,16.23,9.24,12.36,21.6,10.75,18.79,14.12,23.4,0.6,0.46,0.8,2.7,4,50.26,170
8038,長園科,電子零組件業,0.92,523534000.0,569058695.6521739,0.75,1198064339.4814134,2.11,65.44,80.75,29.63,110.38,62.52,232.9,138.07,40.2,3.43,1.56,5.79,16.67,163,57.96,78
8039,台虹,電子工業,2.07,10469402000.0,5057682125.603865,1.02,11164235394.241116,2.21,36.04,64.7,14.22,78.92,31.43,174.41,79.64,146.0,0.55,0.22,1.19,24.06,71,125.74,178
8040,九暘,半導體業,-0.6,667594000.0,0.0,0.0,817118527.3789281,0.0,0.0,0.0,0.0,0.0,0.0,0.0,0.0,93.5,0.0,0.0,0.0,9.8,1,4.6,80
8042,金山電,電子零組件業,0.9,3693135000.0,4103483333.333333,0.56,4824948616.9652,1.18,86.26,195.35,28.4,223.75,33.51,264.02,101.79,195.5,0.52,0.17,1.35,57.02,171,97.02,169
8043,蜜望實,電子零組件業,1.68,5203246000.0,3097170238.095238,1.19,8428138450.688707,2.72,302.76,1996.63,13.37,2010.0,36.37,5467.2,823.51,220.0,3.74,0.17,24.85,106.9,66,293.53,175
8081,致新,半導體業,17.75,8617981000.0,485520056.3380282,8.81,8500252309.93554,17.51,13.19,6.65,10.05,16.7,175.98,292.42,230.97,293.5,0.79,0.6,1.0,1.79,7,0.84,2
7767,仁大資訊,資訊服務業,4.18,627804000.0,150192344.49760768,0.0,0.0,0.0,11.86,3.16,10.5,13.66,0.0,0.0,0.0,42.6,0.0,0.0,0.0,0.0,0,11.86,28
7768,頌勝科技,半導體業,3.23,166994000.0,51700928.79256966,0.0,0.0,0.0,115.34,68.12,71.95,140.07,0.0,0.0,0.0,370.0,0.0,0.0,0.0,19.21,150,29.04,72
7769,鴻勁,半導體業,75.71,8807978000.0,116338370.09642056,0.0,0.0,0.0,73.77,52.06,51.01,103.07,0.0,0.0,0.0,7330.0,0.0,0.0,0.0,70.54,32,171.37,183
7770,君曜,半導體業,3.0,140772000.0,46924000.0,0.0,0.0,0.0,18.08,7.41,15.32,22.73,0.0,0.0,0.0,41.85,0.0,0.0,0.0,0.0,0,3.01,6
7772,耀穎,半導體業,1.86,36719000.0,19741397.849462364,0.0,0.0,0.0,151.99,103.75,88.44,192.19,0.0,0.0,0.0,141.5,0.0,0.0,0.0,30.23,1,30.23,1
7765,中華資安,數位雲端,11.49,990636000.0,86217232.37597911,0.0,0.0,0.0,25.09,10.15,20.06,30.21,0.0,0.0,0.0,250.0,0.0,0.0,0.0,11.47,20,10.38,72
7777,能率亞洲,其他,0.58,-35480000.0,0.0,0.0,0.0,0.0,55.73,43.66,41.03,84.69,0.0,0.0,0.0,43.95,0.0,0.0,0.0,0.0,0,150.65,100
7780,大研生醫*,食品工業,0.53,1098052000.0,2071796226.4150941,0.0,0.0,0.0,52.27,47.37,40.05,87.42,0.0,0.0,0.0,19.3,0.0,0.0,0.0,6.18,44,125.0,49
7782,光速火箭,居家生活類,2.13,242640000.0,113915492.95774649,0.0,0.0,0.0,12.15,7.49,9.65,17.14,0.0,0.0,0.0,28.45,0.0,0.0,0.0,0.0,0,14.16,20
7786,東方風能,綠能環保,11.11,3094023000.0,278489918.9918992,0.0,0.0,0.0,15.2,6.89,11.64,18.53,0.0,0.0,0.0,129.0,0.0,0.0,0.0,94.86,109,26.25,63
7788,松川精密,電子工業,3.63,2102773000.0,579276308.5399449,0.0,0.0,0.0,41.31,47.69,25.06,72.75,0.0,0.0,0.0,275.0,0.0,0.0,0.0,0.0,0,6.17,91
7738,東聯互動,數位雲端類,14.61,201472000.0,13790006.844626969,0.0,0.0,0.0,13.12,5.82,11.45,17.27,0.0,0.0,0.0,171.0,0.0,0.0,0.0,0.25,2,38.59,91
7740,熙特爾-創,創新板股票,4.97,1426350000.0,286991951.7102616,30.26,79180202283.31958,275.9,52.21,66.48,22.34,88.82,6163.61,24505.44,14403.65,163.0,88.37,37.81,150.34,113.24,141,32.03,62
7743,金利食安,食品工業,0.55,571926000.0,1039865454.5454545,0.35,1038435146.3133698,1.0,22.18,26.22,14.29,40.51,14.29,40.51,22.18,19.6,1.13,0.73,2.07,0.0,0,1.99,3
7744,崴寶,電子零組件業,16.28,577003000.0,35442444.71744472,0.0,0.0,0.0,25.75,19.61,17.12,36.73,0.0,0.0,0.0,487.0,0.0,0.0,0.0,19.75,176,109.51,100
7747,昕奇雲端,數位雲端類,4.07,856913000.0,210543734.64373463,4.2,5930882823.653776,28.17,32.19,8.03,28.22,36.25,794.96,1021.16,906.79,127.5,7.11,6.23,8.01,13.59,14,28.24,23
7749,意騰-KY,半導體業,11.64,1157049000.0,99402835.05154638,10.51,4811998030.707583,48.41,73.0,78.8,31.36,110.16,1518.14,5332.85,3533.92,485.5,7.28,3.13,10.98,11.02,10,16.34,6
7750,新代,電機機械,35.18,5251207000.0,149266827.74303582,0.0,0.0,0.0,44.69,67.36,29.12,96.48,0.0,0.0,0.0,2220.0,0.0,0.0,0.0,5.78,105,27.81,73
7751,竑騰,半導體業,20.44,1012449000.0,49532729.941291586,0.0,0.0,0.0,57.31,105.7,26.74,132.44,0.0,0.0,0.0,1455.0,0.0,0.0,0.0,93.97,84,56.47,175
7753,星亞,光電業,4.21,450953000.0,107114726.8408551,0.0,0.0,0.0,11.61,7.59,9.29,16.88,0.0,0.0,0.0,41.6,0.0,0.0,0.0,12.97,4,13.62,28
7757,金色三麥,觀光餐旅,8.98,785893000.0,87515924.27616926,0.0,0.0,0.0,12.56,3.52,11.59,15.11,0.0,0.0,0.0,101.0,0.0,0.0,0.0,0.0,0,0.0,0
7760,享溫馨,觀光餐旅,0.69,0.0,0.0,0.0,0.0,0.0,52.97,34.28,26.4,60.68,0.0,0.0,0.0,32.6,0.0,0.0,0.0,0.17,3,1.65,3
7791,皇家可口,食品工業,8.26,886148000.0,107281840.1937046,0.0,0.0,0.0,12.54,4.81,10.3,15.11,0.0,0.0,0.0,62.5,0.0,0.0,0.0,0.0,0,22.75,70
7794,宏碁智新,居家生活類,2.72,0.0,0.0,0.0,0.0,0.0,12.11,5.49,10.87,16.36,0.0,0.0,0.0,31.6,0.0,0.0,0.0,5.77,90,0.0,0
7823,奧義賽博-KY創,創新板股票,0.24,33073000.0,137804166.6666667,0.0,0.0,0.0,0.0,0.0,0.0,0.0,0.0,0.0,0.0,82.0,0.0,0.0,0.0,0.0,0,0.0,0
7827,漢康-KY創,創新板股票,-2.27,312223000.0,0.0,0.0,0.0,0.0,0.0,0.0,0.0,0.0,0.0,0.0,0.0,166.5,0.0,0.0,0.0,100.0,52,100.0,52
7828,創新服務,半導體業,6.31,0.0,0.0,0.0,0.0,0.0,214.89,150.89,156.8,307.69,0.0,0.0,0.0,2070.0,0.0,0.0,0.0,81.68,111,71.53,71
7822,倍利科,電子工業,14.04,0.0,0.0,0.0,0.0,0.0,94.72,68.19,62.17,130.36,0.0,0.0,0.0,1155.0,0.0,0.0,0.0,73.11,155,99.37,139
7842,天能綠電,綠能環保類,4.01,0.0,0.0,0.0,0.0,0.0,24.79,8.51,22.79,31.3,0.0,0.0,0.0,100.5,0.0,0.0,0.0,0.0,0,4.15,1
7821,神數,汽車工業,2.99,0.0,0.0,0.0,0.0,0.0,14.75,6.15,11.17,17.32,0.0,0.0,0.0,44.15,0.0,0.0,0.0,10.89,155,58.62,134
7820,立盈,綠能環保類,1.84,0.0,0.0,0.0,0.0,0.0,67.36,30.88,55.98,86.86,0.0,0.0,0.0,117.5,0.0,0.0,0.0,177.23,132,70.27,76
7795,長廣,電子工業,2.22,135531000.0,61049999.99999999,0.0,0.0,0.0,124.44,68.24,85.88,154.12,0.0,0.0,0.0,400.0,0.0,0.0,0.0,4.73,4,103.95,92
7799,禾榮科,化學生技醫療,-3.29,6328000.0,0.0,0.0,0.0,0.0,0.0,0.0,0.0,0.0,0.0,0.0,0.0,357.0,0.0,0.0,0.0,159.34,104,52.54,34
7803,雲象科技-創,創新板股票,-2.29,236749000.0,0.0,0.0,105861254.00571683,0.0,0.0,0.0,0.0,0.0,0.0,0.0,0.0,23.0,0.0,0.0,0.0,0.0,0,18.01,164
7805,威聯通,數位雲端類,56.3,1144386000.0,20326571.93605684,0.0,0.0,0.0,15.8,5.18,13.34,18.52,0.0,0.0,0.0,683.0,0.0,0.0,0.0,0.0,0,17.14,169
7810,捷創科技,半導體業,6.25,125775000.0,20124000.0,0.0,0.0,0.0,41.97,36.42,32.0,68.42,0.0,0.0,0.0,205.5,0.0,0.0,0.0,0.0,0,136.47,168
7811,民盛,運動休閒類,8.1,0.0,0.0,0.0,0.0,0.0,12.96,6.51,9.9,16.41,0.0,0.0,0.0,79.0,0.0,0.0,0.0,15.36,49,9.85,22
7818,溢泰實業,綠能環保,5.64,0.0,0.0,0.0,0.0,0.0,11.29,2.11,9.77,11.88,0.0,0.0,0.0,61.7,0.0,0.0,0.0,0.0,0,14.09,66
7819,精誠金融,資訊服務業,2.91,478498000.0,164432302.40549827,1.25,589775270.0232675,3.59,15.93,1.33,15.37,16.7,55.18,59.95,57.19,45.2,1.27,1.22,1.33,113.03,8,27.4,76
7792,安葆,其他電子類,8.72,332632000.0,38145871.559633024,0.0,0.0,0.0,36.85,11.47,31.53,43.0,0.0,0.0,0.0,255.5,0.0,0.0,0.0,21.7,175,19.35,99
7736,虎山,汽車工業,5.09,1548758000.0,304274656.1886051,2.35,1603146339.3784857,5.27,16.81,9.72,11.72,21.44,61.76,112.99,88.59,73.7,1.2,0.84,1.53,33.76,100,0.48,7
8084,巨虹,電子通路業,-1.82,602545000.0,0.0,0.0,513829542.3287161,0.0,35.51,33.91,21.67,55.58,0.0,0.0,0.0,45.6,0.0,0.0,0.0,5.05,16,79.86,181
8488,吉源-KY,其他,-2.06,3107874000.0,0.0,0.0,4437335178.306771,0.0,0.0,0.0,0.0,0.0,0.0,0.0,0.0,10.3,0.0,0.0,0.0,5.26,102,2.16,86
8905,裕國,其他,0.62,2134718000.0,3443093548.387097,0.32,2264969130.539188,0.66,34.57,54.47,15.18,69.65,10.02,45.97,22.81,29.85,0.76,0.34,1.54,3.72,22,2.9,105
8906,花王,其他,-0.78,205067000.0,0.0,0.0,195505944.0547915,0.0,0.0,0.0,0.0,0.0,0.0,0.0,0.0,31.3,0.0,0.0,0.0,10.5,39,3.16,80
8908,欣雄,油電燃氣業,2.2,10642287000.0,4837403181.818181,1.06,9709061640.119884,2.01,22.75,12.43,17.96,30.39,36.1,61.08,45.74,42.15,1.09,0.86,1.45,0.0,0,7.62,167
8916,光隆,其他,2.5,8358964000.0,3343585600.0,1.1,7869089558.990338,2.35,16.37,8.62,12.08,20.7,28.39,48.64,38.47,44.55,0.86,0.64,1.09,4.75,16,1.97,41
8917,欣泰,油電燃氣業,2.22,3079267000.0,1387057207.2072072,1.15,2986830768.199479,2.15,26.37,10.09,22.29,32.38,47.92,69.62,56.7,52.5,1.08,0.91,1.33,8.64,56,3.3,57
8921,沈氏,其他,-0.12,627607000.0,0.0,0.0,653151599.6588624,0.0,0.0,0.0,0.0,0.0,0.0,0.0,0.0,18.35,0.0,0.0,0.0,36.74,106,2.22,50
8923,時報,文化創意業,0.95,450369000.0,474072631.57894737,0.45,421194763.330363,0.89,20.34,14.66,16.26,30.92,14.47,27.52,18.1,19.35,0.94,0.75,1.42,3.74,15,10.81,106
8926,台汽電,油電燃氣業,2.45,8036606000.0,3280247346.938775,8.63,46992875934.30842,14.33,23.77,25.73,13.9,39.63,199.19,567.9,340.67,79.4,4.29,2.51,7.15,0.42,39,8.42,126
8927,北基,油電燃氣業,0.36,10630044000.0,29527900000.0,0.24,14954431792.604734,0.51,76.25,194.46,31.13,225.59,15.88,115.05,38.89,20.2,1.93,0.79,5.7,25.94,30,6.57,15
8929,富堡,其他,-0.45,725631000.0,0.0,0.0,718288488.483693,0.0,41.83,100.88,16.62,117.5,0.0,0.0,0.0,13.9,0.0,0.0,0.0,39.92,170,0.0,0
8930,青鋼,鋼鐵工業,2.4,1443214000.0,601339166.6666667,1.18,1334359461.2579775,2.22,12.12,4.87,9.25,14.12,20.54,31.35,26.9,27.55,0.98,0.75,1.14,3.1,21,0.61,1
8931,大汽電,油電燃氣業,1.87,2513205000.0,1343959893.0481284,0.94,2580863532.2205997,1.92,21.56,11.59,17.03,28.62,32.7,54.95,41.39,41.8,0.99,0.78,1.31,5.92,14,2.65,87
8935,邦泰,其他,-0.77,520557000.0,0.0,0.0,510203959.9280967,0.0,0.0,0.0,0.0,0.0,0.0,0.0,0.0,22.05,0.0,0.0,0.0,69.5,154,51.98,77
8936,國統,其他,4.08,6293893000.0,1542620833.3333333,2.23,7306330701.674497,4.74,16.46,18.65,11.38,30.03,53.94,142.34,78.04,55.1,1.42,0.98,2.58,11.28,31,29.29,148
8481,政伸,其他,3.26,1173670000.0,360021472.3926381,1.61,1152794909.9603887,3.2,17.55,19.11,12.26,31.37,39.23,100.38,56.15,42.15,1.33,0.93,2.38,0.0,0,2.01,14
8435,鉅邁,其他,3.91,624566000.0,159735549.87212276,2.05,651409075.6030054,4.08,15.45,4.95,14.04,18.99,57.28,77.48,63.02,53.9,1.17,1.06,1.44,11.19,141,1.52,13
8436,大江,生技醫療業,8.69,6872719000.0,790876754.890679,4.44,7267386662.919997,9.19,17.33,9.04,13.24,22.28,121.68,204.75,159.23,117.0,1.36,1.04,1.75,2.53,16,10.44,72
8437,大地-KY,其他,-1.3,221282000.0,0.0,0.0,176356263.85445344,0.0,60.82,57.16,35.42,92.58,0.0,0.0,0.0,10.55,0.0,0.0,0.0,41.11,29,0.0,0
8442,威宏-KY,其他,4.18,7983723000.0,1909981578.9473686,2.19,8558766570.980875,4.48,10.59,16.94,6.27,23.21,28.09,103.98,47.46,40.25,1.18,0.7,2.58,2.06,78,7.72,16
8443,阿瘦,貿易百貨,-1.46,1127548000.0,0.0,0.0,1058182149.9490405,0.0,32.47,2.43,30.81,33.24,0.0,0.0,0.0,11.4,0.0,0.0,0.0,1.23,23,0.41,1
8444,綠河-KY,其他,-10.06,3333213000.0,0.0,0.0,1591553283.1836696,0.0,0.0,0.0,0.0,0.0,0.0,0.0,0.0,4.71,0.0,0.0,0.0,8.55,24,0.0,0
8446,華研,文化創意業,10.31,1119230000.0,108557710.96023278,5.62,1261026397.2349055,11.62,9.65,4.62,7.79,12.41,90.52,144.2,112.15,88.2,1.27,1.03,1.63,23.22,149,8.22,58
8450,霹靂,文化創意業,-5.34,235916000.0,0.0,0.0,383114440.65787524,0.0,0.0,0.0,0.0,0.0,0.0,0.0,0.0,15.9,0.0,0.0,0.0,24.1,21,7.73,10
8455,大拓-KY,其他電子類,0.01,1156029000.0,115602900000.0,0.01,1243376512.6103733,0.01,677.41,1441.67,53.33,1495.0,0.53,14.95,6.77,31.05,0.22,0.02,0.48,17.19,65,27.53,105
8463,潤泰材,其他,1.86,7221483000.0,3882517741.9354835,0.92,7195838222.647017,1.85,19.21,20.58,9.91,30.49,18.33,56.41,35.53,22.1,1.61,0.83,2.55,16.55,45,20.17,174
8466,美吉吉-KY,其他,-0.97,3227731000.0,0.0,0.0,2430865243.0793347,0.0,48.06,168.24,11.48,179.72,0.0,0.0,0.0,15.9,0.0,0.0,0.0,2.05,94,8.83,17
8937,合騏*,其他,-0.72,66133000.0,0.0,0.0,588598728.4296137,0.0,471.05,1276.5,38.88,1315.38,0.0,0.0,0.0,29.25,0.0,0.0,0.0,579.04,156,14.65,101
9933,中鼎,其他,1.79,93718619000.0,52356770391.061455,0.8,76920727969.01425,1.47,42.31,101.46,8.7,110.16,12.79,161.94,62.19,43.05,1.44,0.3,3.76,9.31,18,32.52,169
9937,全國,油電燃氣業,2.37,22695298000.0,9576075105.485231,1.21,22596297356.560207,2.36,25.55,6.89,22.13,29.02,52.23,68.49,60.31,55.3,1.09,0.94,1.24,2.11,3,8.29,35
9938,百和,其他,4.1,15697877000.0,3828750487.804878,2.07,15429341174.625801,4.03,14.65,16.86,9.77,26.63,39.37,107.32,59.06,44.4,1.33,0.89,2.42,25.26,170,12.48,127
9939,宏全,其他,9.09,29073649000.0,3198421232.1232123,4.55,29066162251.038853,9.09,15.18,6.0,12.09,18.09,109.9,164.44,137.94,134.0,1.03,0.82,1.23,7.1,14,1.89,7
9940,信義,其他,0.28,9513436000.0,33976557142.85714,0.23,15804957782.741163,0.47,28.57,62.41,10.45,72.86,4.91,34.24,13.43,20.0,0.67,0.25,1.71,14.19,45,1.52,28
9941,裕融,其他,7.87,39779550000.0,5054580686.149937,3.88,38851507790.04264,7.69,14.09,7.87,10.54,18.41,81.05,141.57,108.33,81.4,1.33,1.0,1.74,0.93,2,6.37,70
9941A,裕融甲特,其他,0.0,0.0,0.0,0.0,0.0,0.0,0.0,0.0,0.0,0.0,0.0,0.0,0.0,50.4,0.0,0.0,0.0,0.98,70,2.94,69
9942,茂順,其他,8.15,3977553000.0,488043312.88343555,4.57,4484795954.2834425,9.19,12.96,4.89,10.0,14.89,91.9,136.84,119.07,118.5,1.0,0.78,1.15,2.34,18,3.95,41
9931,欣高,油電燃氣業,2.45,1551042000.0,633078367.3469387,1.32,1617275219.9598193,2.55,14.38,12.05,10.93,22.98,27.87,58.6,36.67,35.05,1.05,0.8,1.67,0.0,0,0.42,1
9945,潤泰新,其他,3.93,35602939000.0,9059272010.178116,2.75,54450698712.680084,6.01,8.41,6.92,5.01,11.93,30.11,71.7,50.56,27.1,1.87,1.11,2.65,17.73,45,5.2,17
9946,三發地產,建材營造,1.52,602169000.0,396163815.78947365,10.86,4854971622.938131,12.25,45.86,112.69,3.89,116.58,47.65,1428.1,561.76,20.5,27.4,2.32,69.66,7.39,39,0.71,1
9949,琉園,文化創意業,5.29,142500000.0,26937618.147448014,2.75,144848169.37412384,5.38,5.29,2.88,4.06,6.94,21.84,37.34,28.48,24.0,1.19,0.91,1.56,15.24,79,50.0,183
9950,萬國通,塑膠工業,-0.27,2109807000.0,0.0,0.0,2066913656.4510198,0.0,14.09,21.66,2.18,23.84,0.0,0.0,0.0,10.85,0.0,0.0,0.0,1.81,15,6.72,30
9951,皇田,電機機械,5.27,6333931000.0,1201884440.227704,2.71,6865400662.809965,5.71,12.32,5.37,10.09,15.46,57.61,88.28,70.34,53.6,1.31,1.07,1.65,2.67,15,16.12,76
9958,世紀鋼,鋼鐵工業,6.56,14571164000.0,2221214024.390244,4.19,17061964667.59023,7.68,26.58,39.87,12.88,52.75,98.92,405.12,204.1,116.5,1.75,0.85,3.48,0.0,0,5.38,16
9962,有益,鋼鐵工業,-0.16,1941014000.0,0.0,0.0,1411348164.580572,0.0,30.05,67.68,15.89,83.57,0.0,0.0,0.0,9.85,0.0,0.0,0.0,2.11,105,0.81,17
9944,新麗,其他,-0.16,2250752000.0,0.0,0.0,2451466680.3559866,0.0,198.12,343.47,58.53,402.0,0.0,0.0,0.0,17.55,0.0,0.0,0.0,6.01,45,1.47,17
9929,秋雨,其他,-0.07,653941000.0,0.0,0.0,675797446.8524189,0.0,43.14,5.37,41.48,46.85,0.0,0.0,0.0,12.35,0.0,0.0,0.0,5.21,46,0.0,0
9928,中視,其他,-1.4,846557000.0,0.0,0.0,930922243.7367295,0.0,54.85,44.06,43.18,87.24,0.0,0.0,0.0,19.05,0.0,0.0,0.0,15.0,18,32.69,183
8942,森鉅,其他,1.83,3809373000.0,2081624590.1639342,0.59,1799191401.9814699,0.86,12.4,17.96,7.18,25.14,6.17,21.62,10.67,41.6,0.26,0.15,0.52,3.0,7,0.53,1
8996,高力,電機機械,9.08,5988938000.0,659574669.6035242,9.0,15338265982.72067,23.25,67.94,114.67,26.39,141.06,613.57,3279.64,1579.6,1515.0,1.04,0.4,2.16,0.0,0,143.38,142
9902,台火,其他,-0.47,342343000.0,0.0,0.0,241280281.85659832,0.0,125.46,430.44,18.31,448.75,0.0,0.0,0.0,13.75,0.0,0.0,0.0,43.07,45,7.36,10
9905,大華,其他,1.29,8095013000.0,6275203875.968992,0.76,9395385221.597502,1.5,15.07,3.67,13.1,16.77,19.65,25.16,22.6,21.05,1.07,0.93,1.2,0.82,4,1.31,16
9906,欣巴巴,建材營造,0.09,1332942000.0,14810466666.666668,0.12,2628187746.797796,0.18,82.65,493.27,8.95,502.22,1.61,90.4,14.88,47.6,0.31,0.03,1.9,152.0,58,4.66,1
9907,統一實,其他,1.36,46160570000.0,33941595588.23529,0.63,39931953534.616104,1.18,20.86,33.17,12.86,46.03,15.17,54.32,24.61,16.65,1.48,0.91,3.26,11.76,141,5.76,16
9908,大台北,油電燃氣業,1.72,3392932000.0,1972634883.7209303,0.91,3327338984.697048,1.69,17.19,7.25,13.58,20.83,22.95,35.2,29.05,29.65,0.98,0.77,1.19,1.39,30,0.64,14
9912,偉聯,電子工業,-1.12,495111000.0,0.0,0.0,486169689.5079814,0.0,0.0,0.0,0.0,0.0,0.0,0.0,0.0,12.6,0.0,0.0,0.0,6.72,22,4.15,63
9917,中保科,其他,6.77,19003491000.0,2807014918.759232,3.42,19228976482.010815,6.85,18.7,8.51,15.44,23.95,105.76,164.06,128.13,117.5,1.09,0.9,1.4,17.86,77,0.0,0
9918,欣天然,油電燃氣業,1.61,2060972000.0,1280106832.2981365,0.93,1983036509.7414398,1.55,21.96,18.37,17.06,35.43,26.44,54.92,34.04,43.5,0.78,0.61,1.26,4.35,4,4.98,31
9919,康那香,其他,-2.43,2744027000.0,0.0,0.0,2616627965.406864,0.0,5.47,2.58,4.62,7.2,0.0,0.0,0.0,14.15,0.0,0.0,0.0,0.0,0,1.97,16
9925,新保,其他,2.37,8025348000.0,3386222784.8101263,1.25,8593074937.615505,2.54,17.58,2.54,16.31,18.85,41.43,47.88,44.66,40.7,1.1,1.02,1.18,1.19,4,1.09,36
9926,新海,油電燃氣業,2.68,2462571000.0,918869776.1194029,1.46,2457609853.410795,2.67,19.42,3.78,17.89,21.67,47.77,57.86,51.85,49.2,1.05,0.97,1.18,0.0,0,1.15,14
9927,泰銘,其他,4.28,7937924000.0,1854655140.1869159,2.49,8854889275.447157,4.77,12.33,8.48,9.53,18.01,45.46,85.91,58.81,69.4,0.85,0.66,1.24,1.15,4,0.72,171
8083,瑞穎,電機機械,9.8,1403166000.0,143180204.08163264,5.21,1517688507.9830966,10.6,16.98,6.99,13.1,20.09,138.86,212.95,179.95,171.0,1.05,0.81,1.25,0.85,14,1.89,21
8432,東生華,生技醫療業,3.62,1340047000.0,370178729.28176796,1.69,1478420802.3220153,3.99,19.1,16.25,12.83,29.08,51.19,116.03,76.22,50.3,1.52,1.02,2.31,10.09,9,20.86,182
8429,金麗-KY,貿易百貨,0.12,150489000.0,1254075000.0,0.05,132761760.15742713,0.11,204.57,648.5,54.0,702.5,5.94,77.28,22.5,6.67,3.37,0.89,11.59,39.8,170,5.57,108
8112,至上,電子通路業,5.02,219865076000.0,43797823904.38248,5.17,475509817991.73016,10.86,21.14,39.64,9.83,49.47,106.75,537.24,229.56,96.8,2.37,1.1,5.55,0.94,1,60.4,148
8112A,至上甲特,電子工業,0.0,0.0,0.0,0.0,0.0,0.0,0.0,0.0,0.0,0.0,0.0,0.0,0.0,46.9,0.0,0.0,0.0,0.23,4,0.11,7
8114,振樺電,電子工業,18.5,18973096000.0,1025572756.7567568,7.61,12361456261.97361,12.05,19.61,34.25,8.05,42.3,97.0,509.72,236.29,209.0,1.13,0.46,2.44,121.22,178,1.02,9
8121,越峰,電子零組件業,-0.31,2993414000.0,0.0,0.0,3610278760.033241,0.0,51.41,80.42,22.47,102.89,0.0,0.0,0.0,49.65,0.0,0.0,0.0,4.22,4,65.86,132
8131,福懋科,半導體業,1.35,9623157000.0,7128264444.444444,0.85,13229955464.511398,1.86,36.38,96.55,11.42,107.97,21.24,200.82,67.66,75.2,0.9,0.28,2.67,1.68,3,84.01,175
8147,正淩,電子零組件業,3.08,1564956000.0,508102597.40259737,1.9,1934739168.7667246,3.81,47.21,38.72,31.43,70.15,119.75,267.27,179.87,147.0,1.22,0.81,1.82,27.38,29,16.27,112
8150,南茂,半導體業,0.7,23509652000.0,33585217142.857143,0.42,29356672202.59489,0.87,58.16,206.35,10.92,217.27,9.5,189.02,50.6,94.9,0.53,0.1,1.99,2.47,4,66.49,150
8155,博智,電子零組件業,6.9,4795545000.0,695006521.7391304,4.46,6493105312.675648,9.34,36.11,45.41,20.94,66.35,195.58,619.71,337.31,412.0,0.82,0.47,1.5,2.69,128,50.2,175
8163,達方,電子工業,0.51,25049470000.0,49116607843.13725,0.27,27472460296.618458,0.56,26.3,79.91,8.33,88.24,4.66,49.41,14.73,44.45,0.33,0.1,1.11,4.39,9,6.02,143
8176,智捷,通信網路業,0.39,401727000.0,1030069230.7692307,0.18,283477737.9415323,0.28,49.4,161.5,12.5,174.0,3.5,48.72,13.83,10.1,1.37,0.35,4.82,41.18,133,17.59,112
8182,加高,電子零組件業,0.44,2880401000.0,6546365909.090909,0.21,2880044649.087525,0.44,66.55,939.94,10.06,950.0,4.43,418.0,29.28,51.4,0.57,0.09,8.13,2.0,74,0.0,0
8183,精星,其他電子類,2.39,7367798000.0,3082760669.4560666,1.31,8199243666.63271,2.66,12.06,9.27,8.13,17.4,21.63,46.28,32.08,32.75,0.98,0.66,1.41,8.31,130,36.13,136
8111,立碁,光電業,0.38,852145000.0,2242486842.105263,0.18,826350555.9184284,0.37,142.6,539.82,23.51,563.33,8.7,208.43,52.76,54.5,0.97,0.16,3.82,104.48,121,38.7,169
8110,華東,電子工業,2.47,7245046000.0,2933217004.0485826,1.35,8144126276.894984,2.78,51.13,91.39,16.94,108.33,47.09,301.16,142.13,58.4,2.43,0.81,5.16,14.32,7,333.59,181
8085,福華,其他電子類,-1.01,645835000.0,0.0,0.0,688846757.2678922,0.0,0.0,0.0,0.0,0.0,0.0,0.0,0.0,13.05,0.0,0.0,0.0,4.95,4,9.5,91
8086,宏捷科,半導體業,3.36,3949612000.0,1175479761.904762,2.16,6067290611.046394,5.16,44.01,60.96,23.55,84.51,121.52,436.07,227.08,162.5,1.4,0.75,2.68,3.64,18,53.26,141
8088,品安,半導體業,1.7,1503537000.0,884433529.4117647,1.17,2633921202.875153,2.98,109.79,407.9,13.21,421.11,39.37,1254.91,327.18,64.8,5.05,0.61,19.37,2.76,17,39.63,148
8089,康全電訊,通信網路業,-3.1,966852000.0,0.0,0.0,335650783.5268727,0.0,9.19,16.62,3.97,20.59,0.0,0.0,0.0,21.85,0.0,0.0,0.0,35.48,66,0.0,0
8092,建暐,其他電子類,0.0,342132000.0,0.0,0.0,370316104.1874377,0.0,237.14,63.57,208.57,272.14,0.0,0.0,0.0,14.6,0.0,0.0,0.0,28.68,23,0.0,0
8093,保銳,電子零組件業,-1.32,197523000.0,0.0,0.0,238351870.99701247,0.0,0.0,0.0,0.0,0.0,0.0,0.0,0.0,19.05,0.0,0.0,0.0,13.7,4,15.7,143
8096,擎亞,電子通路業,0.88,34409445000.0,39101642045.454544,0.56,33065915146.566166,0.85,45.32,106.45,9.88,116.33,8.4,98.88,38.52,150.0,0.26,0.06,0.66,33.65,71,21.24,146
8097,常珵,通信網路業,-1.13,268148000.0,0.0,0.0,215525256.2806239,0.0,138.6,84.54,107.83,192.37,0.0,0.0,0.0,58.7,0.0,0.0,0.0,48.29,179,15.33,41
8099,大世科,資訊服務業,2.64,4764597000.0,1804771590.9090908,1.42,6123297998.395934,3.39,32.96,31.97,20.17,52.14,68.38,176.75,111.74,60.2,1.86,1.14,2.94,24.62,18,8.41,93
8101,華冠,通信網路業,-3.26,393227000.0,0.0,0.0,366913790.09277576,0.0,0.0,0.0,0.0,0.0,0.0,0.0,0.0,14.2,0.0,0.0,0.0,808.45,171,22.04,90
8102,傑霖科技,半導體業,2.25,66699000.0,29644000.0,0.0,0.0,0.0,26.73,40.48,12.85,53.33,0.0,0.0,0.0,69.8,0.0,0.0,0.0,0.0,0,29.23,9
8103,瀚荃,電子工業,3.96,3334507000.0,842047222.2222222,2.33,3990281789.833726,4.74,18.96,22.74,9.37,32.11,44.41,152.2,89.87,94.6,0.95,0.47,1.61,33.62,25,104.56,178
8104,錸寶,光電業,-0.55,3621838000.0,0.0,0.0,2457693850.7052746,0.0,1612.39,4320.0,180.0,4500.0,0.0,0.0,0.0,42.35,0.0,0.0,0.0,68.86,170,18.58,80
8105,凌巨,光電業,-0.3,8679610000.0,0.0,0.0,8540878867.656977,0.0,143.91,721.1,27.23,748.33,0.0,0.0,0.0,21.4,0.0,0.0,0.0,52.79,31,17.81,49
8107,大億金茂,電機機械,-0.53,962504000.0,0.0,0.0,686867377.8279479,0.0,86.4,210.24,8.51,218.75,0.0,0.0,0.0,12.05,0.0,0.0,0.0,51.86,137,6.38,69
8109,博大,電子零組件業,6.17,1675345000.0,271530794.16531605,3.7,2122629447.506226,7.82,15.35,9.73,11.18,20.91,87.43,163.52,120.0,118.5,1.01,0.74,1.38,0.0,0,36.36,85
8201,無敵,其他電子業,-0.35,457909000.0,0.0,0.0,530800270.3686591,0.0,0.0,0.0,0.0,0.0,0.0,0.0,0.0,13.7,0.0,0.0,0.0,6.58,42,71.62,70
8431,匯鑽科,其他電子類,-3.9,1070130000.0,0.0,0.0,980014365.1364478,0.0,97.71,132.76,30.65,163.41,0.0,0.0,0.0,58.8,0.0,0.0,0.0,20.07,93,61.07,181
8210,勤誠,電腦及週邊設備業,29.02,20900566000.0,720212474.1557547,20.0,31446716424.807495,43.66,26.87,34.95,11.7,46.65,510.82,2036.74,1173.27,1345.0,0.87,0.38,1.51,1.93,147,153.86,147
8349,恒耀,鋼鐵工業,2.02,11746755000.0,5815225247.524753,0.99,11288229154.572857,1.94,16.75,13.07,11.08,24.15,21.5,46.85,32.5,41.5,0.78,0.52,1.13,12.18,45,0.94,48
8349A,恒耀甲特,鋼鐵工業,0.0,0.0,0.0,0.0,0.0,0.0,0.0,0.0,0.0,0.0,0.0,0.0,0.0,0.0,0.0,0.0,0.0,9.35,176,0.0,0
8358,金居,電子零組件業,4.21,7752647000.0,1841483847.9809976,2.78,10795200963.26217,5.86,42.5,117.65,10.56,128.21,61.88,751.31,249.05,640.0,0.39,0.1,1.17,8.36,24,386.06,176
8367,建新國際,航運業,3.8,3216539000.0,846457631.5789474,1.91,3309463723.5829372,3.91,13.31,7.16,11.11,18.27,43.44,71.44,52.04,40.4,1.29,1.08,1.77,8.38,25,1.16,16
8374,羅昇,電機機械,-0.55,4702943000.0,0.0,0.0,5949466897.902581,0.0,292.36,1015.96,62.61,1078.57,0.0,0.0,0.0,90.2,0.0,0.0,0.0,97.6,79,20.92,70
8401,白紗科,其他,2.71,1544829000.0,570047601.4760147,1.38,1602683025.7505758,2.81,10.96,4.88,8.46,13.34,23.77,37.49,30.8,22.95,1.34,1.04,1.63,2.99,183,5.26,113
8403,盛弘,生技醫療業,1.06,4335731000.0,4090312264.1509433,0.54,4564488377.191745,1.12,21.89,22.4,15.69,38.09,17.57,42.66,24.52,19.45,1.26,0.9,2.19,3.51,11,1.48,30
8409,商之器,生技醫療業,0.24,277797000.0,1157487500.0,0.12,285374378.90115917,0.25,90.52,351.65,14.06,365.71,3.52,91.43,22.63,19.1,1.18,0.18,4.79,4.45,14,6.51,112
8410,森田,電腦及週邊設備業,3.27,1129401000.0,345382568.80733943,1.33,899036447.4019899,2.6,11.44,10.73,6.16,16.89,16.02,43.91,29.74,32.9,0.9,0.49,1.33,10.12,60,4.14,49
8411,福貞-KY,其他,-0.69,9151695000.0,0.0,0.0,10797022239.107092,0.0,66.75,80.47,42.03,122.5,0.0,0.0,0.0,12.25,0.0,0.0,0.0,8.21,112,1.15,31
8415,大國鋼,鋼鐵工業,3.05,23061004000.0,7560984918.032787,1.74,26291178210.221848,3.48,13.55,7.05,10.36,17.41,36.05,60.59,47.15,35.35,1.33,1.02,1.71,0.28,39,6.77,43
8416,實威,資訊服務業,13.46,1712393000.0,127220876.67161961,7.44,1780761555.9540718,14.0,14.64,5.64,12.25,17.89,171.5,250.46,204.92,172.0,1.19,1.0,1.46,0.0,0,11.25,176
8421,旭源,其他,-0.39,1155501000.0,0.0,0.0,1277015132.1159546,0.0,613.0,177.5,500.0,677.5,0.0,0.0,0.0,13.5,0.0,0.0,0.0,22.1,94,7.45,15
8424,惠普,建材營造,5.8,1077627000.0,185797758.62068966,2.97,1072081309.9255458,5.77,14.72,5.02,11.76,16.78,67.86,96.82,84.94,68.9,1.23,0.98,1.41,1.43,45,2.75,167
8426,紅木-KY,其他,1.85,2774857000.0,1499922702.7027025,0.82,2729625886.6462383,1.82,9.21,7.99,6.33,14.32,11.52,26.06,16.76,20.4,0.82,0.56,1.28,0.0,0,7.44,24
8404,百和興業-KY,其他,1.46,7460968000.0,5110252054.79452,0.76,7703805110.725043,1.51,31.77,78.39,11.61,90.0,17.53,135.9,47.97,16.75,2.86,1.05,8.11,66.67,127,40.0,128
8342,益張,其他,5.97,1662869000.0,278537520.93802345,3.0,1691448311.642656,6.07,13.27,5.73,10.08,15.81,61.19,95.97,80.57,0.0,0.0,0.0,0.0,15.91,25,0.0,0
8213,志超,電子工業,2.28,17992158000.0,7891297368.421053,1.26,19976635761.641327,2.53,12.2,12.42,8.93,21.35,22.59,54.02,30.86,36.5,0.85,0.62,1.48,1.15,3,19.48,71
8215,明基材,光電業,-1.14,17976113000.0,0.0,0.0,18314688009.415993,0.0,216.38,1084.56,25.44,1110.0,0.0,0.0,0.0,32.05,0.0,0.0,0.0,6.54,30,5.03,100
8222,寶一,電機機械,0.55,929257000.0,1689558181.8181818,0.3,957541799.8218158,0.57,48.54,58.41,25.3,83.71,14.42,47.71,27.67,35.55,0.78,0.41,1.34,1.81,16,3.53,73
8227,巨有科技,半導體業,2.05,1303125000.0,635670731.7073171,1.48,2676768621.330694,4.21,95.49,168.18,51.6,219.78,217.24,925.27,402.0,182.5,2.2,1.19,5.07,0.19,1,36.05,71
8234,新漢,電腦及週邊設備業,0.4,5778088000.0,14445220000.0,0.18,4729896482.383174,0.33,144.31,269.17,55.57,324.74,18.34,107.16,47.62,63.8,0.75,0.29,1.68,21.35,24,45.26,62
8240,華宏,光電業,2.18,7203456000.0,3304337614.678899,1.0,6436669577.398071,1.95,17.19,29.25,8.67,37.92,16.91,73.94,33.51,56.3,0.6,0.3,1.31,43.36,147,38.56,72
8249,菱光,電子工業,4.04,3641509000.0,901363613.8613862,2.26,3771489776.3566294,4.18,19.32,33.31,13.51,46.82,56.47,195.71,80.75,53.0,1.52,1.07,3.69,150.0,133,30.22,69
8255,朋程,電機機械,6.33,8097224000.0,1279182306.4770932,3.08,7627826079.740537,5.96,20.84,22.38,12.62,35.0,75.22,208.6,124.24,177.5,0.7,0.42,1.18,1.99,1,28.57,83
8261,富鼎,半導體業,5.73,3105660000.0,542000000.0,2.94,3273599661.862792,6.04,19.93,20.84,12.64,33.48,76.35,202.22,120.38,195.5,0.62,0.39,1.03,14.45,144,25.89,132
8271,宇瞻,半導體業,6.7,10908622000.0,1628152537.3134327,9.0,36106292251.556145,22.18,21.43,41.81,7.97,49.78,176.77,1104.12,475.37,208.5,2.28,0.85,5.3,0.58,1,123.13,147
8272,全景軟體,資訊服務業,4.66,473954000.0,101706866.9527897,2.2,504056870.56999797,4.96,19.57,16.7,14.42,31.12,71.52,154.36,97.07,71.5,1.36,1.0,2.16,72.8,129,16.42,86
8277,商丞,半導體業,-0.38,252859000.0,0.0,0.0,132323639.51542789,0.0,0.0,0.0,0.0,0.0,0.0,0.0,0.0,10.35,0.0,0.0,0.0,29.45,9,74.26,149
8279,生展,生技醫療業,10.03,2123580000.0,211722831.50548357,4.73,1965537601.320242,9.28,13.42,7.83,10.38,18.21,96.33,168.99,124.52,97.9,1.27,0.98,1.73,4.17,4,3.01,134
8284,三竹,資訊服務業,4.74,2937789000.0,619786708.8607595,2.49,3223327067.7082705,5.2,13.54,5.81,10.79,16.6,56.11,86.32,70.39,63.8,1.1,0.88,1.35,5.59,175,0.42,14
8289,泰藝,電子零組件業,0.04,1725495000.0,43137375000.0,0.02,1733310039.3216774,0.04,453.54,1383.03,31.97,1415.0,1.28,56.6,18.14,68.7,0.26,0.02,0.82,0.47,18,8.21,98
8291,尚茂,電子零組件業,-1.51,2612000.0,0.0,0.0,6894572.438162545,0.0,0.0,0.0,0.0,0.0,0.0,0.0,0.0,43.1,0.0,0.0,0.0,0.0,0,485.48,55
8299,群聯,半導體業,41.96,68473723000.0,1631880910.3908484,56.81,211247627288.483,129.45,24.65,65.21,10.42,75.63,1348.87,9790.3,3191.45,2330.0,1.37,0.58,4.2,0.0,0,150.0,148
7734,印能科技,半導體業,35.67,2285909000.0,64084917.297448836,27.49,3884178628.237536,60.61,40.86,97.58,18.39,115.97,1114.62,7028.94,2476.53,3350.0,0.74,0.33,2.1,19.94,158,25.78,34
7732,金興精密,汽車工業,1.73,1119185000.0,646927745.6647398,0.81,910613949.9637227,1.41,19.32,15.24,11.99,27.23,16.91,38.39,27.25,0.0,0.0,0.0,0.0,22.31,130,0.0,0
6762,達亞,生技醫療業,0.73,705600000.0,966575342.4657534,0.33,624565992.751335,0.65,189.25,269.43,94.67,364.1,61.54,236.67,123.01,0.0,0.0,0.0,0.0,0.34,1,0.0,0
6767,台微醫,生技醫療業,-0.5,322308000.0,0.0,0.0,310731065.40138495,0.0,0.0,0.0,0.0,0.0,0.0,0.0,0.0,24.8,0.0,0.0,0.0,0.0,0,6.93,78
6770,力積電,半導體業,-1.86,45962445000.0,0.0,0.0,59710499458.967125,0.0,38.22,20.79,29.32,50.11,0.0,0.0,0.0,70.2,0.0,0.0,0.0,0.0,0,143.33,148
6776,展碁國際,電子工業,4.2,28833106000.0,6865025238.095238,2.42,37301223761.399956,5.43,13.26,8.84,10.6,19.44,57.56,105.56,72.01,58.9,1.22,0.98,1.79,0.63,16,8.07,16
6761,穩得,電子零組件業,7.35,1989199000.0,270639319.72789115,3.52,1792540843.617347,6.62,19.29,23.2,10.23,33.43,67.72,221.31,127.69,190.0,0.67,0.36,1.16,11.9,18,77.12,78
6781,AES-KY,電子工業,38.2,15649550000.0,409674083.7696335,22.44,19823716204.88588,48.39,33.99,33.96,21.47,55.43,1038.93,2682.26,1644.81,1175.0,1.4,0.88,2.28,74.96,170,56.41,167
6782,視陽,化學生技醫療,14.08,4126829000.0,293098650.5681818,8.13,5016259596.682182,17.11,19.51,30.54,12.33,42.87,210.97,733.51,333.82,190.5,1.75,1.11,3.85,9.07,21,13.86,59
6785,昱展新藥,生技醫療業,-1.2,1753000.0,0.0,0.0,3147845.1715881885,0.0,640.97,2954.17,20.83,2975.0,0.0,0.0,0.0,119.5,0.0,0.0,0.0,6.67,14,111.62,175
6788,華景電,半導體業,17.37,2543412000.0,146425561.31260794,9.54,2914588846.2523055,19.9,20.17,21.45,9.8,31.25,195.02,621.88,401.47,435.0,0.92,0.45,1.43,73.76,73,40.77,182
6789,采鈺,半導體業,4.01,9100411000.0,2269429177.057357,2.07,9338550547.135702,4.11,83.95,227.9,30.38,258.28,124.86,1061.53,345.03,494.0,0.7,0.25,2.15,11.79,24,53.44,83
6756,威鋒電子,電子工業,1.11,1540487000.0,1387826126.126126,0.65,1693824929.989093,1.22,63.56,59.26,35.33,94.59,43.1,115.4,77.54,99.0,0.78,0.44,1.17,0.48,3,3.5,8
6730,常廣,生技醫療業,2.14,120733000.0,56417289.719626166,0.0,0.0,0.0,17.77,4.54,16.29,20.83,0.0,0.0,0.0,38.95,0.0,0.0,0.0,2.66,15,21.99,105
6732,昇佳電子,半導體業,6.21,4524877000.0,728643639.2914654,2.94,4063993384.6437683,5.58,22.55,19.68,13.89,33.57,77.51,187.32,125.83,156.0,0.81,0.5,1.2,0.0,0,45.33,90
6733,博晟生醫,生技醫療業,-0.69,219222000.0,0.0,0.0,235897967.87741205,0.0,0.0,0.0,0.0,0.0,0.0,0.0,0.0,25.1,0.0,0.0,0.0,10.45,15,60.39,90
6735,美達科技,其他電子類,0.33,328512000.0,995490909.090909,0.21,546171101.7770598,0.55,185.46,1102.02,19.23,1121.25,10.58,616.69,102.0,89.7,1.14,0.12,6.88,6.87,18,85.33,98
6739,竹陞科技,其他電子類,16.13,761022000.0,47180533.16800992,12.78,1495558137.1061597,31.7,59.99,83.94,26.45,110.39,838.46,3499.36,1901.73,1105.0,1.72,0.76,3.17,137.97,87,265.93,108
6742,澤米,光電業,-1.51,550879000.0,0.0,0.0,310665725.3029078,0.0,386.82,775.72,136.5,912.22,0.0,0.0,0.0,67.5,0.0,0.0,0.0,14.99,127,17.33,78
6743,安普新,其他電子業,0.71,5559377000.0,7830108450.704226,0.3,5257852184.337084,0.67,51.53,120.84,13.31,134.15,8.92,89.88,34.52,29.0,1.19,0.31,3.1,25.62,78,13.47,92
6751,智聯服務,資訊服務業,5.21,1831365000.0,351509596.92898273,2.46,1498996572.7338572,4.26,36.51,65.31,7.56,72.87,32.21,310.43,155.53,48.35,3.22,0.67,6.42,8.05,22,46.07,155
6752,叡揚,資訊服務業,7.58,2005986000.0,264641952.5065963,3.81,2102319037.7451,7.94,19.52,19.67,13.15,32.82,104.41,260.59,155.0,102.0,1.52,1.02,2.55,34.07,177,4.25,57
6753,龍德造船,航運業,5.97,5357790000.0,897452261.3065327,3.3,5848583281.173384,6.52,21.66,36.41,13.84,50.25,90.24,327.63,141.25,119.0,1.19,0.76,2.75,29.41,11,105.97,85
6790,永豐實,造紙工業,3.03,10716158000.0,3536685808.580858,1.53,10532189035.67818,2.98,13.69,4.84,11.68,16.52,34.81,49.23,40.78,40.1,1.02,0.87,1.23,5.43,15,2.71,24
6792,詠業,通信網路業,2.23,1315481000.0,589901793.7219731,1.15,1382940725.3915884,2.34,25.53,20.85,16.58,37.43,38.8,87.59,59.75,66.5,0.9,0.58,1.32,0.37,3,25.09,79
6821,聯寶,電子零組件業,1.13,587770000.0,520150442.4778761,0.54,532230167.8819794,1.02,37.23,40.09,24.2,64.29,24.68,65.58,37.97,61.5,0.62,0.4,1.07,58.16,134,6.51,59
6823,濾能,半導體業,-8.03,631530000.0,0.0,0.0,736352196.7856092,0.0,0.0,0.0,0.0,0.0,0.0,0.0,0.0,66.5,0.0,0.0,0.0,25.47,114,123.75,140
6830,汎銓,其他電子業,-0.7,2139984000.0,0.0,0.0,2619816433.8035,0.0,111.77,278.75,26.25,305.0,0.0,0.0,0.0,513.0,0.0,0.0,0.0,56.58,121,45.75,78
4933,友輝,光電業,5.77,3062497000.0,530762045.06065863,2.78,2875193439.067935,5.42,11.41,6.13,8.48,14.61,45.96,79.19,61.83,68.0,0.91,0.68,1.16,24.24,91,1.97,34
6834,天二科技,電子工業,0.51,1428164000.0,2800321568.627451,0.32,1797313414.7800086,0.64,314.52,1352.96,32.04,1385.0,20.51,886.4,201.29,92.4,2.18,0.22,9.59,14.25,29,2.56,30
6835,圓裕,電子工業,0.97,2406345000.0,2480768041.2371135,0.47,2208850023.357435,0.89,30.15,294.11,8.2,302.31,7.3,269.06,26.83,36.2,0.74,0.2,7.43,0.0,0,14.5,7
6838,台新藥,化學生技醫療,-0.54,6269000.0,0.0,0.0,59665482.456140354,0.0,0.0,0.0,0.0,0.0,0.0,0.0,0.0,24.95,0.0,0.0,0.0,4.61,3,13.59,7
6840,東研信超,其他電子類,1.57,883542000.0,562765605.0955414,0.85,1018060233.7331357,1.81,146.88,374.23,37.53,411.76,67.93,745.29,265.85,65.3,4.07,1.04,11.41,11.41,21,48.62,85
6841,長佳智能,生技醫療業,0.89,362374000.0,407161797.752809,0.45,403305413.54380846,0.99,99.21,250.28,49.4,299.68,48.91,296.68,98.22,60.6,1.62,0.81,4.9,12.68,11,24.89,100
6796,晉弘,化學生技醫療,0.13,698679000.0,5374453846.153846,0.06,664868382.3038446,0.12,251.82,487.92,56.46,544.38,6.78,65.33,30.22,59.8,0.51,0.11,1.09,19.76,24,20.0,176
6799,來頡,半導體業,3.71,954586000.0,257300808.62533692,1.95,991174979.8926587,3.85,30.18,25.07,20.03,45.1,77.12,173.64,116.19,90.9,1.28,0.85,1.91,2.87,3,0.0,0
6805,富世達,電子工業,31.0,12078622000.0,389632967.7419355,20.29,19830108255.869923,50.89,53.31,54.85,20.98,75.83,1067.67,3858.99,2712.84,1715.0,1.58,0.62,2.25,34.85,177,101.13,178
6791,虎門科技,資訊服務業,4.16,785380000.0,188793269.23076922,2.28,887494882.5864108,4.7,27.23,20.38,19.12,39.5,89.86,185.65,127.97,103.5,1.24,0.87,1.79,102.77,172,44.34,73
6843,進典,電機機械,2.21,808039000.0,365628506.7873303,1.01,884599311.0026159,2.42,21.36,13.4,14.42,27.82,34.9,67.32,51.7,39.9,1.3,0.87,1.69,0.0,0,22.14,85
6727,亞泰金屬,電子零組件業,6.8,1497054000.0,220155000.0,5.92,3181491737.795196,14.45,27.13,69.88,8.8,78.68,127.16,1136.93,392.04,408.5,0.96,0.31,2.78,44.09,162,260.09,85
6640,均華,半導體業,12.75,2608139000.0,204559921.56862745,7.94,4001269469.0840335,19.56,63.63,116.56,21.48,138.04,420.15,2700.06,1244.54,1085.0,1.15,0.39,2.49,102.29,71,38.8,98
6642,富致,電子零組件業,2.6,541366000.0,208217692.3076923,1.47,579235916.6928114,2.78,21.51,23.0,13.91,36.91,38.67,102.61,59.81,85.9,0.7,0.45,1.19,6.58,128,0.0,0
6643,M31,半導體業,1.69,1664726000.0,985044970.4142013,0.95,1839687891.428894,1.87,1460.09,17362.77,62.23,17425.0,116.37,32584.75,2730.36,482.5,5.66,0.24,67.53,11.83,30,7.03,15
6637,醫影,生技醫療業,7.16,1068011000.0,149163547.48603353,2.9,604832306.8890772,4.05,13.93,15.3,8.79,24.09,35.6,97.56,56.4,63.3,0.89,0.56,1.54,50.52,3,12.8,6
6649,台生材,生技醫療業,1.4,213984000.0,152845714.2857143,0.44,142645361.65135425,0.93,54.5,94.17,27.86,122.03,25.91,113.49,50.69,37.45,1.35,0.69,3.03,25.89,140,107.16,119
6651,全宇昕,半導體業,6.31,1527269000.0,242039461.17274168,3.37,1552493346.4568205,6.41,13.29,14.81,8.45,23.26,54.16,149.1,85.19,142.5,0.6,0.38,1.05,45.54,112,1.76,1
6654,天正國際,其他電子類,0.0,348044000.0,0.0,0.0,613330688.125716,0.0,5663.11,9125.95,254.05,9380.0,0.0,0.0,0.0,227.5,0.0,0.0,0.0,4.89,18,29.8,142
6655,科定,其他,3.93,2573178000.0,654752671.7557251,2.29,3178807689.6432834,4.85,30.04,14.35,24.29,38.64,117.81,187.4,145.71,122.5,1.19,0.96,1.53,22.45,77,4.1,10
6657,華安,化學生技醫療,-2.93,7153000.0,0.0,0.0,9358023.712737126,0.0,0.0,0.0,0.0,0.0,0.0,0.0,0.0,36.5,0.0,0.0,0.0,15.69,170,2.5,10
6658,聯策,其他電子業,1.39,2060888000.0,1482653237.410072,0.93,2192368195.856816,1.48,106.52,417.25,40.37,457.62,59.75,677.28,157.65,190.0,0.83,0.31,3.56,107.77,130,5.99,15
6661,威健生技,生技醫療業,0.06,373224000.0,6220400000.0,0.03,430232083.7624033,0.07,267.76,288.0,186.0,474.0,13.02,33.18,18.74,16.2,1.16,0.8,2.05,62.09,35,16.5,108
6662,樂斯科,生技醫療業,1.66,268039000.0,161469277.10843375,0.82,247171468.88969603,1.53,19.26,6.31,16.21,22.52,24.8,34.46,29.46,30.35,0.97,0.82,1.14,8.65,24,4.59,20
6625,必應,其他,8.88,4041795000.0,455157094.59459454,5.33,6185680522.817773,13.59,13.25,17.56,7.15,24.71,97.17,335.81,180.1,79.0,2.28,1.23,4.25,4.89,23,14.81,17
6596,寬宏藝術,文化創意業,18.83,3139203000.0,166712851.8321827,7.72,5225552442.6158695,31.34,11.69,17.67,5.06,22.73,158.58,712.36,366.41,94.3,3.89,1.68,7.55,9.31,74,21.36,76
6597,立誠,電子零組件業,2.54,632474000.0,249005511.81102362,1.29,829122506.0419577,3.33,28.64,75.49,14.28,89.77,47.55,298.93,95.35,66.9,1.43,0.71,4.47,23.12,144,2.85,1
6598,ABC-KY,化學生技醫療,-1.97,445577000.0,0.0,0.0,825963817.543396,0.0,0.0,0.0,0.0,0.0,0.0,0.0,0.0,24.4,0.0,0.0,0.0,46.09,4,17.66,105
6603,富強鑫,電機機械,0.61,4972290000.0,8151295081.967214,0.3,5008006293.146615,0.61,63.0,152.15,26.6,178.75,16.23,109.04,38.43,22.0,1.75,0.74,4.96,31.43,73,66.97,182
6605,帝寶,汽車工業,13.97,19461033000.0,1393058911.9541874,7.07,18615744139.767536,13.36,11.2,8.57,7.61,16.18,101.67,216.16,149.6,142.5,1.05,0.71,1.52,17.85,45,3.98,10
6606,建德工業,電機機械,1.1,807055000.0,733686363.6363636,0.62,952482685.0188403,1.3,27.35,12.02,21.51,33.53,27.96,43.59,35.56,25.05,1.42,1.12,1.74,28.52,80,5.84,76
6609,瀧澤科,電機機械,-1.53,2070606000.0,0.0,0.0,1794400194.6629274,0.0,29.01,44.32,14.78,59.1,0.0,0.0,0.0,41.2,0.0,0.0,0.0,171.07,129,17.02,59
6612,奈米醫材,生技醫療業,1.15,1091495000.0,949126086.9565219,0.68,1271265390.3970265,1.34,61.84,58.02,36.15,94.17,48.44,126.19,82.86,72.7,1.14,0.67,1.74,26.52,14,0.0,0
6613,朋億*,其他電子類,13.37,9026692000.0,675145250.5609574,7.73,10507000895.169994,15.56,12.55,16.97,8.33,25.3,129.61,393.67,195.24,354.5,0.55,0.37,1.11,2.85,142,35.37,73
6614,資拓宏宇,數位雲端,2.08,1407674000.0,676766346.1538461,0.0,0.0,0.0,24.0,16.95,15.4,32.35,0.0,0.0,0.0,41.4,0.0,0.0,0.0,11.21,1,53.12,85
6615,慧智,生技醫療業,-0.43,386891000.0,0.0,0.0,373526458.27514756,0.0,97.38,251.54,34.71,286.25,0.0,0.0,0.0,34.6,0.0,0.0,0.0,37.33,31,4.16,100
6617,共信-KY,生技醫療業,-0.92,35690000.0,0.0,0.0,45222557.58683729,0.0,0.0,0.0,0.0,0.0,0.0,0.0,0.0,68.3,0.0,0.0,0.0,0.0,0,13.23,31
6620,漢達,生技醫療業,4.85,163380000.0,33686597.93814433,0.0,0.0,0.0,17.17,7.41,13.92,21.33,0.0,0.0,0.0,74.4,0.0,0.0,0.0,0.91,23,77.69,118
6664,群翊,電子零組件業,15.08,2524979000.0,167438925.72944298,8.25,2909953055.6213474,17.38,18.13,23.46,8.6,32.06,149.47,557.2,315.11,375.5,0.84,0.4,1.48,47.84,71,54.77,177
6725,矽科宏晟,其他電子類,12.98,667194000.0,51401694.915254235,0.0,0.0,0.0,20.95,18.41,13.1,31.51,0.0,0.0,0.0,334.0,0.0,0.0,0.0,11.14,14,68.29,70
6666,羅麗芬-KY,生技醫療業,2.42,1098789000.0,454045041.3223141,1.36,1189218288.5459275,2.62,24.49,23.83,16.47,40.3,43.15,105.59,64.17,42.8,1.5,1.01,2.47,4.56,106,47.26,70
6697,東捷資訊,資訊服務業,3.04,1414873000.0,465418750.0,1.5,1345862818.8819613,2.89,16.37,7.79,13.29,21.08,38.41,60.92,47.29,41.75,1.13,0.92,1.46,7.47,134,27.09,73
6698,旭暉應材,其他電子業,-1.65,1142237000.0,0.0,0.0,970190338.6220101,0.0,0.0,0.0,0.0,0.0,0.0,0.0,0.0,38.35,0.0,0.0,0.0,54.64,16,42.29,83
6703,軒郁,生技醫療業,10.31,3226692000.0,312967216.29485935,5.34,3733925306.73247,11.93,13.61,9.82,9.71,19.53,115.84,232.99,162.41,108.5,1.5,1.07,2.15,2.23,18,16.67,71
6706,惠特,光電業,-3.92,991895000.0,0.0,0.0,437008312.417529,0.0,0.0,0.0,0.0,0.0,0.0,0.0,0.0,167.0,0.0,0.0,0.0,82.78,144,70.49,174
6695,芯鼎,電子工業,-1.83,1152118000.0,0.0,0.0,1015148598.2190312,0.0,0.0,0.0,0.0,0.0,0.0,0.0,0.0,54.5,0.0,0.0,0.0,8.9,8,28.01,83
6708,天擎,半導體業,0.24,277169000.0,1154870833.3333335,0.11,250041507.54407483,0.22,1044.57,1481.0,154.0,1635.0,33.88,359.7,229.81,39.2,5.86,0.86,9.18,13.19,142,10.22,29
6712,長聖,生技醫療業,4.97,1030998000.0,207444265.59356138,2.38,1132310498.279321,5.46,34.99,35.85,23.36,59.21,127.55,323.29,191.05,138.0,1.38,0.92,2.34,8.42,28,20.26,106
6715,嘉基,電子工業,1.8,1674401000.0,930222777.7777778,1.04,1706366241.1925085,1.83,58.79,252.4,19.54,271.94,35.76,497.65,107.58,475.0,0.23,0.08,1.05,7.53,18,1.25,16
6716,應廣,半導體業,2.18,1094881000.0,502238990.82568806,1.56,1522718173.6229744,3.03,25.7,52.1,11.06,63.16,33.51,191.37,77.88,100.5,0.77,0.33,1.9,4.22,3,17.95,139
6719,力智,半導體業,6.58,4540355000.0,690023556.231003,3.0,4431720176.192802,6.42,77.02,108.49,23.97,132.46,153.89,850.39,494.44,237.0,2.09,0.65,3.59,1.17,3,7.79,97
6720,久昌,半導體業,4.19,445852000.0,106408591.88544151,1.82,332167768.9584469,3.12,31.0,41.66,18.41,60.07,57.44,187.42,96.72,142.5,0.68,0.4,1.32,44.24,36,3.21,7
6721,信實,其他,4.65,3597037000.0,773556344.0860214,2.44,3853952338.37559,4.98,13.22,4.12,11.75,15.87,58.52,79.03,65.84,58.8,1.12,1.0,1.34,13.52,154,4.32,87
6722,輝創,其他電子業,3.39,418495000.0,123449852.50737463,0.0,0.0,0.0,15.32,5.11,13.28,18.39,0.0,0.0,0.0,37.8,0.0,0.0,0.0,5.13,22,25.0,128
6693,廣閎科,半導體業,-0.09,1376725000.0,0.0,0.0,2330035371.4003816,0.0,46.11,129.38,16.52,145.9,0.0,0.0,0.0,195.5,0.0,0.0,0.0,22.35,112,44.82,175
6692,進能服,綠能環保類,0.23,1868331000.0,8123178260.869565,0.04,478564603.9465184,0.06,40.38,128.76,13.2,141.96,0.79,8.52,2.42,26.95,0.09,0.03,0.32,99.33,35,5.26,10
6667,信紘科,其他電子類,13.77,6088926000.0,442187799.56427014,7.07,7217370599.8310795,16.32,21.77,14.2,15.53,29.73,253.45,485.19,355.31,277.0,1.28,0.91,1.75,33.89,129,37.76,73
6668,中揚光,光電業,-1.93,1122085000.0,0.0,0.0,1355692509.0603583,0.0,0.0,0.0,0.0,0.0,0.0,0.0,0.0,46.15,0.0,0.0,0.0,1.44,4,1.55,10
6669,緯穎,電子工業,275.06,889139530000.0,3232529375.409002,169.4,1397630063073.9663,432.36,19.19,26.54,12.0,38.54,5188.32,16663.15,8298.32,5080.0,1.63,1.02,3.28,11.47,2,85.1,147
6672,騰輝電子-KY,電子工業,4.85,4224417000.0,871013814.4329897,3.06,5290184075.851232,6.07,18.91,36.39,10.21,46.6,61.97,282.86,114.76,226.5,0.51,0.27,1.25,2.16,9,60.11,84
6674,鋐寶科技,通信網路業,-1.13,627271000.0,0.0,0.0,447472088.06680745,0.0,0.0,0.0,0.0,0.0,0.0,0.0,0.0,18.0,0.0,0.0,0.0,14.41,157,12.66,57
6679,鈺太,半導體業,6.81,1974965000.0,290009544.78707784,3.67,2065121817.3574007,7.12,37.24,34.87,21.84,56.71,155.5,403.78,265.14,271.5,0.98,0.57,1.49,4.74,4,8.04,10
6680,鑫創電子,電腦及週邊設備業,-0.29,552367000.0,0.0,0.0,681472312.679962,0.0,36.35,59.55,15.2,74.75,0.0,0.0,0.0,53.5,0.0,0.0,0.0,16.9,91,0.0,0
6683,雍智科技,半導體業,15.42,2130984000.0,138196108.94941634,9.22,2718236904.5114264,19.67,36.79,152.12,14.22,166.34,279.71,3271.91,723.56,1640.0,0.44,0.17,2.0,18.35,15,34.47,168
6684,安格,半導體業,1.57,315309000.0,200833757.96178344,0.85,320923784.2247925,1.6,36.41,33.0,19.95,52.95,31.92,84.72,58.26,50.1,1.16,0.64,1.69,8.2,30,17.15,126
6691,洋基工程,其他電子業,25.51,21089903000.0,826730811.4464915,20.3,36816194762.043976,44.53,21.83,16.3,14.52,30.82,646.58,1372.41,971.99,703.0,1.38,0.92,1.95,7.69,21,46.74,181
6844,諾貝兒,生技醫療業,2.35,3445244000.0,1466061276.5957446,1.18,3403690676.0194426,2.32,35.68,27.64,24.35,51.99,56.49,120.62,82.78,65.9,1.26,0.86,1.83,1.47,143,0.99,3
6846,綠茵,食品工業,5.39,903935000.0,167705936.92022264,2.58,827505427.7419642,4.93,14.42,6.72,11.66,18.38,57.48,90.61,71.1,67.3,1.06,0.85,1.35,6.03,109,0.61,1
6982,大井泵浦,電機機械,0.06,1606908000.0,26781800000.0,0.04,1851863821.871087,0.07,143.92,981.88,14.79,996.67,1.04,69.77,10.07,58.3,0.17,0.02,1.2,11.7,44,26.97,66
6983,華洋精機,其他電子類,4.46,336305000.0,75404708.52017938,1.11,259446119.03815764,3.44,92.54,33.71,84.59,118.3,290.99,406.95,318.35,337.5,0.94,0.86,1.21,51.4,36,46.98,83
6994,富威電力,綠能環保,6.34,3365121000.0,530776182.9652997,6.05,10209692263.627707,19.24,58.81,124.92,8.13,133.05,156.42,2559.88,1131.56,54.7,20.69,2.86,46.8,27.31,23,0.0,0
6996,力領科技,半導體業,12.16,2658119000.0,218595312.5,7.19,3236067291.0703235,14.8,13.54,7.04,9.21,16.25,136.31,240.5,200.34,193.0,1.04,0.71,1.25,1.01,4,11.58,93
7402,邑錡,光電業,0.1,534763000.0,5347630000.0,0.04,417247698.5569318,0.08,270.22,1292.47,42.53,1335.0,3.4,106.8,21.62,91.2,0.24,0.04,1.17,5.74,8,98.79,83
6997,博弘,數位雲端類,5.11,4391103000.0,859315655.5772994,3.04,5479049282.599028,6.38,22.81,43.53,13.82,57.35,88.17,365.89,145.56,75.0,1.94,1.18,4.88,15.6,144,5.66,13
6952,大武山,其他,-1.2,1663305000.0,0.0,0.0,3110937504.1742234,0.0,32.34,27.8,21.29,49.09,0.0,0.0,0.0,36.0,0.0,0.0,0.0,8.02,42,3.46,127
6953,家碩,半導體業,7.98,1234907000.0,154750250.6265664,4.36,1449841822.2769177,9.37,29.92,24.48,17.52,42.0,164.16,393.54,280.31,231.5,1.21,0.71,1.7,26.01,22,59.38,113
6955,邦睿生技-創,創新板股票,4.42,299178000.0,67687330.31674208,2.58,349853009.6584406,5.17,45.83,28.5,32.2,60.7,166.47,313.82,236.94,133.0,1.78,1.25,2.36,12.46,30,12.86,51
6957,裕慶-KY,其他,10.2,3808258000.0,373358627.4509804,6.33,4638339683.610119,12.42,15.52,13.47,10.46,23.93,129.91,297.21,192.73,191.0,1.01,0.68,1.56,0.0,0,44.05,143
6958,日盛台駿,其他,-2.4,10918289000.0,0.0,0.0,9875478419.845268,0.0,27.91,28.82,17.08,45.9,0.0,0.0,0.0,17.0,0.0,0.0,0.0,2.44,1,3.85,34
6958A,日盛台駿甲特,其他,0.0,0.0,0.0,0.0,0.0,0.0,0.0,0.0,0.0,0.0,0.0,0.0,0.0,18.3,0.0,0.0,0.0,0.0,0,0.0,0
6961,旅天下,觀光餐旅,4.23,248963000.0,58856501.18203309,0.0,0.0,0.0,15.57,9.97,11.85,21.82,0.0,0.0,0.0,56.6,0.0,0.0,0.0,3.5,4,4.21,98
6962,奕力-KY,半導體業,2.89,19108313000.0,6611873010.380623,1.33,17992922904.118153,2.72,14.44,18.74,8.64,27.38,23.5,74.47,39.27,38.55,1.02,0.61,1.93,15.57,80,1.87,8
6965,中傑-KY,運動休閒,3.52,22451409000.0,6378241193.181818,1.61,19192313382.363773,3.01,16.69,42.89,8.04,50.93,24.2,153.3,50.23,81.1,0.62,0.3,1.89,0.0,0,9.45,34
6967,汎瑋材料,電子零組件業,4.03,1382324000.0,343008436.72456574,2.35,1744291689.700167,5.09,17.85,11.61,11.82,23.43,60.16,119.26,90.85,71.1,1.28,0.85,1.68,12.78,18,50.39,182
6968,萬達寵物,居家生活類,2.51,3188322000.0,1270247808.7649403,1.42,3679743354.883152,2.9,26.48,20.73,17.22,37.95,49.94,110.06,76.8,43.6,1.76,1.15,2.52,14.5,10,9.4,29
6971,惠民實業,綠能環保類,2.42,988744000.0,408571900.8264463,0.0,0.0,0.0,15.36,19.62,11.63,31.25,0.0,0.0,0.0,27.3,0.0,0.0,0.0,0.0,0,5.01,86
7547,碩網,數位雲端類,2.61,225145000.0,86262452.1072797,2.11,1580008163.942011,18.32,31.08,42.51,20.04,62.55,367.13,1145.92,569.32,58.2,9.78,6.31,19.69,114.05,121,77.97,51
7711,永擎,電子工業,13.04,8581110000.0,658060582.822086,0.0,0.0,0.0,25.69,24.77,17.28,42.05,0.0,0.0,0.0,360.5,0.0,0.0,0.0,23.01,80,54.62,107
7712,博盛半導體,半導體業,5.42,1326237000.0,244693173.43173432,2.89,1348943835.6541467,5.51,22.74,28.03,12.04,40.07,66.34,220.79,125.29,168.0,0.75,0.39,1.31,82.82,24,25.98,83
7713,威力德生醫,生技醫療業,4.64,1092554000.0,235464224.13793105,2.56,1314661885.173166,5.58,16.55,7.77,13.45,21.22,75.05,118.41,92.33,72.0,1.28,1.04,1.64,0.0,0,34.82,86
7714,創泓科技,數位雲端類,6.33,1817600000.0,287140600.31595576,3.27,1861879263.188854,6.48,21.71,16.26,14.81,31.07,95.97,201.33,140.66,127.5,1.1,0.75,1.58,2.32,24,73.06,86
7715,裕山,綠能環保類,3.11,1363429000.0,438401607.7170418,1.1,774559454.1149977,1.77,8.64,6.65,6.43,13.08,11.38,23.15,15.3,30.0,0.51,0.38,0.77,0.77,9,0.0,0
7716,昱臺國際,航運業,2.23,614609000.0,275609417.0403587,0.0,0.0,0.0,11.43,11.84,8.63,20.47,0.0,0.0,0.0,26.0,0.0,0.0,0.0,5.36,23,10.43,9
7717,萊德光電-KY,通信網路業,6.12,168424000.0,27520261.437908497,0.0,0.0,0.0,158.37,374.68,25.77,400.45,0.0,0.0,0.0,546.0,0.0,0.0,0.0,550.7,144,550.7,144
7721,微程式,數位雲端,0.57,292165000.0,512570175.43859655,0.63,2554798694.571969,4.98,73.29,155.28,21.45,176.73,106.82,880.12,365.0,77.1,4.73,1.39,11.42,22.0,155,26.8,15
7723,築間,觀光餐旅,-6.59,4033872000.0,0.0,0.0,5239293741.964733,0.0,56.61,97.22,13.57,110.79,0.0,0.0,0.0,24.5,0.0,0.0,0.0,11.11,2,0.21,10
7728,光焱科技,其他電子類,4.95,338524000.0,68388686.86868687,3.01,405053067.39841986,5.92,101.57,251.6,24.4,276.0,144.45,1633.92,601.3,707.0,0.85,0.2,2.31,14.29,127,74.64,178
7730,暉盛-創,創新板股票,1.74,174841000.0,100483333.33333333,0.0,0.0,0.0,74.29,82.79,37.33,120.12,0.0,0.0,0.0,170.5,0.0,0.0,0.0,30.36,32,40.3,112
7722,LINEPAY,數位雲端,7.46,7771476000.0,1041752815.0134048,4.05,8958598432.913881,8.6,63.4,54.78,35.25,90.03,303.15,774.26,545.23,319.0,1.71,0.95,2.43,21.52,144,22.71,10
7709,榮田,電機機械,2.51,982361000.0,391378884.4621514,1.58,1225920970.8988447,3.13,18.37,58.71,7.38,66.09,23.1,206.86,57.5,113.5,0.51,0.2,1.82,21.97,21,1.18,1
7708,全家餐飲,觀光餐旅,6.46,2693523000.0,416954024.7678019,3.5,3041041109.9370074,7.29,16.36,5.15,13.4,18.55,97.69,135.23,119.23,94.0,1.27,1.04,1.44,9.38,147,6.84,148
7584,樂意,文化創意業,-1.98,981776000.0,0.0,0.0,843558934.1594528,0.0,22.27,31.9,13.73,45.63,0.0,0.0,0.0,27.1,0.0,0.0,0.0,41.76,28,0.87,1
7610,聯友金屬-創,創新板股票,5.33,804389000.0,150917260.7879925,0.0,0.0,0.0,166.78,433.27,53.87,487.14,0.0,0.0,0.0,2105.0,0.0,0.0,0.0,9.83,23,116.43,70
7631,聚賢研發-創,其他電子業,6.56,851604000.0,129817682.92682928,7.49,2307042336.3591037,17.77,23.72,19.53,12.69,32.22,225.5,572.55,421.44,129.5,3.25,1.74,4.42,7.48,16,32.89,62
7642,昶瑞機電,電機機械,3.35,619877000.0,185037910.44776118,1.66,777676106.7013476,4.2,21.22,21.11,12.05,33.16,50.61,139.27,89.11,72.8,1.22,0.7,1.91,2.45,9,1.57,56
7703,銳澤,其他電子類,8.72,2572226000.0,294980045.8715596,4.25,2720311345.454883,9.22,23.36,19.07,14.3,33.37,131.85,307.67,215.36,205.5,1.05,0.64,1.5,5.2,135,101.39,76
7704,明遠精密,半導體業,2.07,657463000.0,317614975.84541065,1.15,717300304.5534707,2.26,25.14,16.51,15.62,32.13,35.3,72.61,56.81,58.1,0.98,0.61,1.25,15.32,30,3.07,13
7705,三商餐飲,觀光餐旅,1.93,6491220000.0,3363326424.870466,0.98,6797001641.499905,2.02,22.22,19.26,13.61,32.87,27.49,66.4,44.88,31.7,1.42,0.87,2.09,14.25,133,5.8,27
7556,意德士,半導體業,7.21,736765000.0,102186546.4632455,4.15,835938648.044035,8.18,27.16,24.48,20.45,44.93,167.28,367.53,222.16,278.0,0.8,0.6,1.32,5.49,18,14.97,72
6877,鏵友益,其他電子類,0.61,505472000.0,828642622.9508197,0.15,242579325.01845354,0.29,237.81,790.71,55.12,845.83,15.98,245.29,68.97,126.0,0.55,0.13,1.95,109.06,175,15.78,56
6881,潤德,其他,19.42,2443619000.0,125830020.59732233,9.82,2574293411.7537227,20.46,15.22,7.37,11.92,19.29,243.88,394.67,311.38,268.5,1.16,0.91,1.47,2.13,1,1.29,85
6884,海柏特,資訊服務業,2.06,238706000.0,115876699.02912621,0.0,0.0,0.0,17.99,6.44,16.39,22.83,0.0,0.0,0.0,33.35,0.0,0.0,0.0,6.08,53,0.0,0
6885,全福生技,化學生技醫療,-3.32,4460000.0,0.0,0.0,18679449.120122418,0.0,0.0,0.0,0.0,0.0,0.0,0.0,0.0,22.4,0.0,0.0,0.0,6.75,30,22.88,6
6875,國邑*,生技醫療業,-2.98,69673000.0,0.0,0.0,13189156.108484697,0.0,337.78,260.6,232.73,493.33,0.0,0.0,0.0,36.3,0.0,0.0,0.0,5.56,10,43.23,133
6890,來億-KY,運動休閒,13.01,39806004000.0,3059646733.2820907,5.95,33830608732.209423,11.06,34.65,78.58,11.56,90.14,127.85,996.95,383.2,228.0,1.68,0.56,4.37,59.81,170,0.15,1
6894,衛司特,綠能環保類,10.99,1360634000.0,123806551.41037306,8.33,2204246103.7176676,17.8,23.5,19.2,16.24,35.44,289.07,630.83,418.38,350.5,1.19,0.82,1.8,5.36,21,0.0,0
6895,宏碩系統,半導體業,3.61,819077000.0,226891135.73407203,1.19,764369206.248139,3.37,73.04,96.85,37.96,134.81,127.93,454.31,246.15,160.0,1.54,0.8,2.84,82.8,30,142.35,83
6899,創為精密,光電業,3.59,1175122000.0,327332033.4261839,1.7,1150961107.0215724,3.52,15.76,6.26,12.71,18.97,44.74,66.77,55.46,61.1,0.91,0.73,1.09,2.38,24,7.33,142
6901,鑽石投資,其他,-1.38,-1063116000.0,0.0,0.0,0.0,0.0,0.0,0.0,0.0,0.0,0.0,0.0,0.0,16.15,0.0,0.0,0.0,12.04,31,1.93,71
6903,巨漢,其他電子類,10.62,3177380000.0,299188323.9171375,13.22,12126163512.320808,40.53,19.83,35.06,9.44,44.5,382.6,1803.58,803.72,384.5,2.09,1.0,4.69,4.89,9,85.42,183
6887,寶綠特-KY,綠能環保,4.64,4751693000.0,1024071767.2413794,2.37,3839258120.4240837,3.75,10.75,9.47,6.12,15.59,22.95,58.46,40.32,34.8,1.16,0.66,1.68,11.87,42,2.01,14
6874,倍力,資訊服務業,3.16,1341672000.0,424579746.835443,3.06,2262035622.838008,5.33,21.87,14.45,15.65,30.1,83.41,160.43,116.59,84.9,1.37,0.98,1.89,15.57,21,7.86,24
6872,浩宇生醫,生技醫療業,-2.14,11027000.0,0.0,0.0,52245439.441692926,0.0,0.0,0.0,0.0,0.0,0.0,0.0,0.0,17.35,0.0,0.0,0.0,5.61,14,0.0,0
6855,數泓科,其他電子類,7.86,616484000.0,78433078.88040712,3.87,549958970.1383746,7.01,16.7,10.22,12.83,23.05,89.94,161.58,117.07,122.0,0.96,0.74,1.32,21.2,112,2.9,49
6856,鑫傳,文化創意業,2.62,774482000.0,295603816.7938931,1.23,754162872.3156989,2.55,18.07,12.53,13.35,25.88,34.04,65.99,46.07,46.1,1.0,0.74,1.43,9.92,93,8.73,140
6859,伯特光,光電業,2.87,926738000.0,322905226.4808362,1.08,552372110.7297827,1.71,90.67,310.16,30.47,340.63,52.1,582.48,155.05,139.0,1.12,0.37,4.19,72.11,170,0.0,0
6861,睿生光電,化學生技醫療,3.84,2281307000.0,594090364.5833334,2.59,3218695958.492216,5.42,25.69,100.32,10.91,111.23,59.13,602.87,139.22,337.5,0.41,0.18,1.79,14.71,9,46.64,107
6862,三集瑞-KY,電子工業,8.28,2269658000.0,274113285.0241546,3.28,1634189643.2893116,5.96,18.8,26.13,10.67,36.8,63.59,219.33,112.08,206.5,0.54,0.31,1.06,0.0,0,51.8,133
6863,永道-KY,通信網路業,3.0,4049237000.0,1349745666.6666667,1.9,4508560795.895801,3.34,27.24,95.76,12.96,108.72,43.29,363.12,90.97,96.7,0.94,0.45,3.76,26.57,112,8.14,16
6870,騰雲,數位雲端類,7.11,780362000.0,109755555.55555555,4.35,1135884556.6909025,10.35,43.59,51.96,24.36,76.32,252.13,789.91,451.2,282.0,1.6,0.89,2.8,74.37,177,25.95,94
6904,伯鑫,其他,5.44,880215000.0,161804227.94117644,2.72,826572369.6368016,5.11,16.42,11.84,11.32,23.16,57.85,118.35,83.91,123.0,0.68,0.47,0.96,0.0,0,1.14,2
6906,現觀科,數位雲端,1.87,354906000.0,189789304.8128342,0.86,342481188.496372,1.8,39.99,28.37,26.94,55.31,48.49,99.56,71.98,89.9,0.8,0.54,1.11,29.41,127,4.25,14
6907,雅特力-KY,半導體業,2.09,139884000.0,66930143.54066986,0.0,0.0,0.0,50.98,59.41,19.68,79.09,0.0,0.0,0.0,132.0,0.0,0.0,0.0,244.9,127,244.9,127
6908,宏碁遊戲-創,創新板股票,1.44,0.0,0.0,0.0,0.0,0.0,27.14,11.47,21.93,33.4,0.0,0.0,0.0,39.0,0.0,0.0,0.0,0.54,11,15.38,126
6928,攸泰科技,電子工業,-0.73,1987148000.0,0.0,0.0,1765249822.746804,0.0,28.0,19.04,17.99,37.03,0.0,0.0,0.0,47.7,0.0,0.0,0.0,24.52,14,65.87,78
6929,佑全,生技醫療業,-1.63,3229077000.0,0.0,0.0,3207584184.129911,0.0,329.51,306.9,196.67,503.57,0.0,0.0,0.0,24.5,0.0,0.0,0.0,0.0,0,3.11,164
6931,青松健康,化學生技醫療,1.39,1108355000.0,797377697.8417267,0.78,1285616495.3275385,1.61,69.54,84.53,20.62,105.15,33.2,169.29,111.96,40.8,2.74,0.81,4.15,5.37,29,26.25,174
6933,AMAX-KY,電子工業,5.05,6971809000.0,1380556237.6237624,2.73,7701254124.983797,5.58,45.0,75.96,22.05,98.01,123.04,546.9,251.09,155.0,1.62,0.79,3.53,4.47,3,81.55,51
6934,心誠鎂,化學生技醫療,-3.92,70823000.0,0.0,0.0,0.0,0.0,0.0,0.0,0.0,0.0,0.0,0.0,0.0,68.3,0.0,0.0,0.0,26.72,146,51.8,73
6936,永鴻生技,化學生技醫療,1.83,1174176000.0,641626229.5081967,1.16,2045938872.9949894,3.19,19.58,7.25,16.61,23.86,52.99,76.11,62.45,33.6,1.86,1.58,2.27,8.09,144,10.67,128
6937,天虹,半導體業,3.01,2637017000.0,876085382.0598007,1.49,2270579898.882048,2.59,55.62,85.09,26.87,111.96,69.59,289.98,144.06,271.0,0.53,0.26,1.07,108.72,175,42.2,121
6944,兆聯實業,綠能環保,32.15,13084153000.0,406972099.533437,24.35,37025513640.156,90.98,24.43,14.12,17.77,31.89,1616.71,2901.35,2222.92,1025.0,2.17,1.58,2.83,37.61,36,65.92,183
6945,圓祥生技,生技醫療業,-5.23,0.0,0.0,0.0,0.0,0.0,0.0,0.0,0.0,0.0,0.0,0.0,0.0,98.5,0.0,0.0,0.0,3.45,21,249.44,177
6925,意藍,數位雲端類,3.09,159228000.0,51530097.08737864,1.98,349659606.9857697,6.79,38.92,44.97,19.75,64.72,134.1,439.45,264.25,62.8,4.21,2.14,7.0,5.91,23,42.58,6
6592B,和潤企業乙特,其他,0.0,0.0,0.0,0.0,0.0,0.0,0.0,0.0,0.0,0.0,0.0,0.0,0.0,97.7,0.0,0.0,0.0,1.05,172,1.13,99
6909,創控,半導體業,1.02,369381000.0,362138235.2941176,0.79,998098010.4135082,2.76,42.72,44.94,24.64,69.58,68.01,192.04,117.9,46.3,2.55,1.47,4.15,14.11,24,8.39,52
6910,德鴻,數位雲端類,2.0,65267000.0,32633500.0,0.0,0.0,0.0,15.25,3.89,13.16,17.05,0.0,0.0,0.0,28.0,0.0,0.0,0.0,9.15,30,71.9,79
6913,鴻呈,電子零組件業,4.4,2590078000.0,588654090.9090909,2.65,3241702417.0257206,5.51,30.84,42.3,19.58,61.88,107.89,340.96,169.95,126.0,1.35,0.86,2.71,27.35,172,44.44,80
6914,阜爾運通,其他,9.61,5625004000.0,585328199.7918835,5.04,6117587550.016032,10.45,17.56,7.26,14.31,21.57,149.54,225.41,183.54,142.0,1.29,1.05,1.59,0.0,0,8.39,146
6916,華凌,光電業,-1.43,2011922000.0,0.0,0.0,2190569812.496865,0.0,75.42,171.1,26.71,197.81,0.0,0.0,0.0,21.95,0.0,0.0,0.0,1.22,16,0.9,1
6918,愛派司,化學生技醫療,5.17,630947000.0,122040038.68471953,3.73,1426193518.7469583,11.69,17.8,12.89,14.33,27.22,167.52,318.2,208.13,73.7,2.82,2.27,4.32,40.88,142,0.0,0
6919,康霈*,化學生技醫療,-0.23,38037000.0,0.0,0.0,11113332.459875533,0.0,0.0,0.0,0.0,0.0,0.0,0.0,0.0,99.1,0.0,0.0,0.0,53.24,14,24.09,14
6921,嘉雨思-創,創新板股票,0.34,25431000.0,74797058.8235294,0.0,0.0,0.0,158.98,255.61,50.27,305.88,0.0,0.0,0.0,70.0,0.0,0.0,0.0,65.08,119,65.08,119
6922,宸曜,電腦及週邊設備業,7.05,1695512000.0,240498156.0283688,4.15,2075257963.0172536,8.63,26.61,23.6,17.5,41.1,151.02,354.69,229.65,187.0,1.23,0.81,1.9,24.78,21,24.52,85
6923,中台,綠能環保,3.03,1166339000.0,384930363.03630364,1.68,1264140950.922442,3.28,25.32,23.4,14.31,37.71,46.94,123.69,83.03,77.0,1.08,0.61,1.61,10.29,10,70.53,114
4931,新盛力,電腦及週邊設備業,3.13,2333664000.0,745579552.715655,2.35,3770721580.0115294,5.06,41.74,69.31,17.76,87.07,89.87,440.57,211.19,253.0,0.83,0.36,1.74,139.13,172,105.48,177
00400A,主動國泰動能高息,ETF,0.0,0.0,0.0,0.0,0.0,0.0,0.0,0.0,0.0,0.0,0.0,0.0,0.0,14.87,0.0,0.0,0.0,37.8,55,37.8,55
4927,泰鼎-KY,電子零組件業,-8.63,11707243000.0,0.0,0.0,10712720451.511158,0.0,0.0,0.0,0.0,0.0,0.0,0.0,0.0,50.0,0.0,0.0,0.0,53.47,74,39.86,63
1742,台蠟,化學工業,-1.08,115292000.0,0.0,0.0,66466311.37925256,0.0,29.28,46.51,11.23,57.74,0.0,0.0,0.0,15.5,0.0,0.0,0.0,10.7,106,2.16,14
1752,南光,化學生技醫療,2.41,2183273000.0,905922406.6390041,1.2,2106338395.437212,2.33,22.04,29.71,12.7,42.41,29.59,98.82,51.36,33.0,1.56,0.9,2.99,3.18,7,10.5,83
1760,寶齡富錦,化學生技醫療,2.22,2040077000.0,918953603.6036035,1.17,2191725946.4921727,2.39,52.16,65.67,23.9,89.57,57.12,214.07,124.66,59.9,2.08,0.95,3.57,5.1,9,0.0,0
1762,中化生,化學生技醫療,-4.4,852565000.0,0.0,0.0,1123332743.9416707,0.0,48.55,89.35,26.03,115.38,0.0,0.0,0.0,35.3,0.0,0.0,0.0,7.35,25,9.69,50
1773,勝一,化學工業,7.12,11492653000.0,1614136657.3033707,3.94,13251939461.914253,8.21,22.01,11.92,15.6,27.52,128.08,225.94,180.72,174.5,1.04,0.73,1.29,13.31,94,27.16,76
1776,展宇,化學工業,0.27,1096645000.0,4061648148.148148,0.14,1003994648.3596232,0.25,39.69,72.84,19.1,91.94,4.78,22.98,9.92,18.75,0.53,0.25,1.23,51.43,98,0.0,0
1777,生泰,生技醫療業,5.86,1311930000.0,223878839.59044367,2.54,1171867889.7114818,5.23,12.32,8.36,8.8,17.16,46.02,89.75,64.43,72.4,0.89,0.64,1.24,16.54,24,1.39,15
1781,合世,生技醫療業,-1.3,405453000.0,0.0,0.0,378714813.5411512,0.0,38.46,23.44,23.53,46.97,0.0,0.0,0.0,11.95,0.0,0.0,0.0,22.47,21,0.67,7
1783,和康生,化學生技醫療,2.97,788475000.0,265479797.97979796,1.58,875792532.9146369,3.3,20.85,17.66,12.63,30.29,41.68,99.96,68.81,38.55,1.78,1.08,2.59,11.38,15,6.09,107
1784,訊聯,生技醫療業,1.02,1218200000.0,1194313725.490196,0.58,1357375590.269516,1.14,70.13,65.71,37.82,103.53,43.11,118.02,79.95,67.3,1.19,0.64,1.75,76.5,31,57.54,181
1785,光洋科,其他電子類,3.14,38281563000.0,12191580573.248407,2.49,64605538806.70786,5.3,27.39,44.36,14.56,58.92,77.17,312.28,145.19,143.5,1.01,0.54,2.18,35.19,18,5.89,178
1786,科妍,化學生技醫療,2.24,885510000.0,395316964.28571427,1.1,891511725.2674954,2.26,34.64,23.78,24.9,48.68,56.27,110.02,78.28,53.9,1.45,1.04,2.04,8.33,64,34.28,37
1788,杏昌,生技醫療業,8.27,4249659000.0,513864449.8186216,4.38,4545964476.919263,8.85,17.23,3.51,14.97,18.48,132.48,163.55,152.53,131.0,1.16,1.01,1.25,1.45,28,0.0,0
1789,神隆,化學生技醫療,0.17,3270288000.0,19236988235.294117,0.08,2914869090.7148104,0.15,70.0,112.71,38.72,151.43,5.81,22.71,10.5,21.2,0.5,0.27,1.07,1.2,14,18.88,108
1795,美時,化學生技醫療,18.13,19522511000.0,1076807004.9641478,15.32,32544283064.471237,30.22,14.76,12.01,9.22,21.23,278.63,641.57,445.9,193.5,2.3,1.44,3.32,10.45,14,44.65,163
1796,金穎生技,食品工業,0.71,670666000.0,944600000.0,0.33,632675509.8553901,0.67,76.86,105.59,24.15,129.74,16.18,86.93,51.5,33.75,1.53,0.48,2.58,10.1,15,46.28,78
1737,臺鹽,食品工業,2.0,3285077000.0,1642538500.0,0.97,3149727315.0182576,1.92,18.89,7.37,15.7,23.07,30.14,44.29,36.27,31.75,1.14,0.95,1.39,5.47,93,1.67,63
1799,易威,生技醫療業,-0.59,598330000.0,0.0,0.0,958759404.3405582,0.0,0.0,0.0,0.0,0.0,0.0,0.0,0.0,31.2,0.0,0.0,0.0,112.04,67,0.53,1
1735,日勝化,化學工業,0.78,2318838000.0,2972869230.769231,0.43,2389375194.8109565,0.8,26.33,31.99,14.23,46.22,11.38,36.98,21.07,22.65,0.93,0.5,1.63,57.26,79,1.49,1
1720,生達,化學生技醫療,5.19,6996447000.0,1348063005.7803466,2.58,7060073576.348707,5.24,12.73,5.58,10.45,16.03,54.76,84.0,66.73,62.7,1.06,0.87,1.34,11.32,39,11.79,169
1721,三晃,化學工業,-1.85,1749814000.0,0.0,0.0,1617890433.6366537,0.0,0.0,0.0,0.0,0.0,0.0,0.0,0.0,23.5,0.0,0.0,0.0,82.93,112,17.6,85
1722,台肥,化學工業,0.95,12159186000.0,12799143157.894737,0.53,12988555281.825476,1.01,31.67,37.31,16.06,53.37,16.22,53.9,31.99,48.85,0.65,0.33,1.1,2.02,7,1.28,10
1723,中碳,化學工業,2.65,5957830000.0,2248237735.8490567,1.4,5834247856.848132,2.6,21.15,20.07,16.22,36.29,42.17,94.35,54.99,87.1,0.63,0.48,1.08,1.83,8,3.01,16
1725,元禎,化學工業,1.52,8074797000.0,5312366447.368421,0.87,8910334683.357998,1.68,21.42,29.91,12.49,42.4,20.98,71.23,35.99,34.05,1.06,0.62,2.09,15.22,18,2.68,9
1726,永記,化學工業,5.5,9902046000.0,1800372000.0,2.94,10066969436.30644,5.59,14.16,2.82,12.85,15.67,71.83,87.6,79.18,78.7,1.01,0.91,1.11,2.84,29,1.8,14
1727,中華化,化學工業,0.04,1937304000.0,48432600000.0,0.02,2328133746.404884,0.05,298.33,2041.47,38.53,2080.0,1.93,104.0,14.92,93.9,0.16,0.02,1.11,43.63,128,98.88,161
1730,花仙子,化學工業,4.5,2407003000.0,534889555.5555556,2.29,2430695738.736031,4.54,13.26,5.81,11.32,17.13,51.39,77.77,60.21,53.0,1.14,0.97,1.47,0.89,43,1.43,15
1731,美吾華,化學生技醫療,1.36,1565385000.0,1151018382.352941,0.75,1709054444.9390225,1.48,17.24,4.9,15.21,20.11,22.51,29.76,25.52,21.8,1.17,1.03,1.37,2.53,9,1.09,1
1732,毛寶,化學工業,0.7,678784000.0,969691428.5714287,0.36,716314726.6567415,0.74,230.66,1543.44,29.06,1572.5,21.5,1163.65,170.69,26.25,6.5,0.82,44.33,0.32,9,14.36,48
1733,五鼎,化學生技醫療,1.63,1972447000.0,1210090184.04908,0.79,1729204952.9679334,1.43,22.73,17.43,15.6,33.03,22.31,47.23,32.51,29.25,1.11,0.76,1.61,7.62,22,29.53,126
1734,杏輝,化學生技醫療,1.97,3339984000.0,1695423350.253807,1.03,3544254611.2965765,2.09,17.21,5.71,14.14,19.85,29.55,41.49,35.98,31.85,1.13,0.93,1.3,1.7,14,0.92,14
1718,中纖,化學生技醫療,0.09,46499190000.0,516657666666.6667,0.04,45705809375.52945,0.09,182.29,344.71,26.29,371.0,2.37,33.39,16.41,9.79,1.68,0.24,3.41,12.61,31,16.12,169
1802,台玻,玻璃陶瓷,-0.2,41862489000.0,0.0,0.0,44259260430.17075,0.0,183.15,505.38,70.0,575.38,0.0,0.0,0.0,69.3,0.0,0.0,0.0,4.2,161,144.79,175
1806,冠軍,玻璃陶瓷,0.29,3360491000.0,11587900000.0,0.12,2633460221.7740173,0.23,44.45,101.44,26.29,127.73,6.05,29.38,10.22,8.17,1.25,0.74,3.6,30.09,42,7.69,10
2027,大成鋼,鋼鐵工業,2.89,100432504000.0,34751731487.889275,1.82,127597123409.88385,3.67,19.93,28.4,11.52,39.92,42.28,146.51,73.15,41.7,1.75,1.01,3.51,7.03,39,23.32,52
2028,威致,鋼鐵工業,0.28,8491960000.0,30328428571.42857,0.16,8665644115.24953,0.29,38.26,72.66,16.25,88.91,4.71,25.78,11.09,16.6,0.67,0.28,1.55,4.96,105,12.57,36
2029,盛餘,鋼鐵工業,0.74,13822378000.0,18678889189.18919,0.34,11436423276.30128,0.61,17.0,23.24,10.95,34.19,6.68,20.86,10.37,20.95,0.49,0.32,1.0,1.08,17,5.17,52
2030,彰源,鋼鐵工業,0.34,10238365000.0,30112838235.294117,0.19,10765522794.5853,0.36,33.41,51.16,10.94,62.1,3.94,22.36,12.03,18.45,0.65,0.21,1.21,5.77,105,1.01,1
2031,新光鋼,鋼鐵工業,3.29,17286364000.0,5254213981.7629175,1.72,15825791238.754929,3.01,14.23,32.76,5.79,38.55,17.43,116.04,42.83,39.1,1.1,0.45,2.97,0.0,0,8.33,62
2032,新鋼,鋼鐵工業,0.56,3043460000.0,5434749999.999999,0.3,3265994155.6865196,0.6,78.57,561.63,18.37,580.0,11.02,348.0,47.14,17.3,2.72,0.64,20.12,0.0,0,15.09,62
2033,佳大,鋼鐵工業,0.35,690733000.0,1973522857.1428573,0.18,716927843.3106757,0.36,89.79,157.34,43.29,200.63,15.58,72.23,32.32,15.65,2.07,1.0,4.62,69.4,150,26.96,105
2034,允強,鋼鐵工業,0.2,12892899000.0,64464495000.0,0.09,10697653277.753738,0.17,102.23,20.71,95.24,115.95,16.19,19.71,17.38,20.9,0.83,0.77,0.94,1.98,4,8.57,17
2035,唐榮,鋼鐵工業,-4.71,9598781000.0,0.0,0.0,9829546554.484407,0.0,0.0,0.0,0.0,0.0,0.0,0.0,0.0,27.9,0.0,0.0,0.0,0.91,161,2.91,1
2038,海光,鋼鐵工業,-0.56,9134021000.0,0.0,0.0,7286385420.140985,0.0,145.95,363.21,43.79,407.0,0.0,0.0,0.0,13.85,0.0,0.0,0.0,0.0,0,11.0,63
2049,上銀,電機機械,4.3,24106189000.0,5606090465.11628,2.42,27485184246.193386,4.9,48.38,57.08,32.14,89.22,157.49,437.18,237.05,324.0,0.73,0.49,1.35,28.5,183,7.53,113
2059,川湖,電子工業,103.23,16900584000.0,163717756.46614355,82.82,28937721818.514492,176.75,34.67,44.7,18.66,63.36,3298.16,11198.88,6128.56,6620.0,0.93,0.5,1.69,33.47,171,102.35,142
2061,風青,電器電纜,-0.97,1210025000.0,0.0,0.0,1283386511.023362,0.0,64.43,17.92,53.19,71.11,0.0,0.0,0.0,48.05,0.0,0.0,0.0,21.53,45,9.46,105
2063,世鎧,鋼鐵工業,1.72,994859000.0,578406395.3488373,0.83,901068118.6616362,1.56,15.63,11.59,9.45,21.04,14.74,32.82,24.39,24.7,0.99,0.6,1.33,0.76,4,0.47,1
2064,晉椿,鋼鐵工業,-1.3,1601553000.0,0.0,0.0,1828490526.4569929,0.0,0.0,0.0,0.0,0.0,0.0,0.0,0.0,0.0,0.0,0.0,0.0,10.33,102,4.3,9
2065,世豐,鋼鐵工業,1.14,2055565000.0,1803127192.9824562,0.63,2107035551.0208702,1.17,21.97,36.3,10.34,46.64,12.1,54.57,25.7,34.7,0.74,0.35,1.57,0.0,0,1.12,1
2066,世德,電機機械,1.34,2575247000.0,1921826119.4029849,0.72,2651704619.7737784,1.38,22.88,39.91,10.57,50.48,14.59,69.66,31.57,63.1,0.5,0.23,1.1,2.96,29,1.54,9
2067,嘉鋼,電機機械,-2.8,1025197000.0,0.0,0.0,927131680.8372357,0.0,0.0,0.0,0.0,0.0,0.0,0.0,0.0,6.52,0.0,0.0,0.0,16.38,22,90.02,126
2069,運錩,鋼鐵工業,1.62,10193120000.0,6292049382.716049,0.8,9225914303.167896,1.47,24.85,120.98,6.21,127.19,9.13,186.97,36.53,19.0,1.92,0.48,9.84,23.33,102,9.39,183
2070,精湛,電機機械,2.3,654366000.0,284506956.5217391,1.3,813638536.5781721,2.86,21.39,30.87,13.91,44.78,39.78,128.07,61.17,67.6,0.9,0.59,1.89,188.92,98,11.07,108
2072,世紀風電,綠能環保,14.43,0.0,0.0,0.0,0.0,0.0,14.27,3.25,12.66,15.91,0.0,0.0,0.0,175.0,0.0,0.0,0.0,0.0,0,10.45,13
2073,雄順,鋼鐵工業,-0.39,567661000.0,0.0,0.0,611705460.297459,0.0,82.16,185.01,37.68,222.69,0.0,0.0,0.0,25.5,0.0,0.0,0.0,1.97,14,0.34,3
2025,千興,鋼鐵工業,-0.17,849427000.0,0.0,0.0,1729843250.301467,0.0,44.03,77.38,18.25,95.63,0.0,0.0,0.0,14.15,0.0,0.0,0.0,0.0,0,0.34,7
1805,寶徠,建材營造,0.23,297871000.0,1295091304.347826,0.22,292025518.17056096,0.23,38.04,121.99,4.34,126.33,1.0,29.06,8.75,10.3,0.85,0.1,2.82,19.12,63,10.12,29
2024,志聯,鋼鐵工業,-0.06,998528000.0,0.0,0.0,959485998.9851235,0.0,259.09,554.91,88.42,643.33,0.0,0.0,0.0,14.15,0.0,0.0,0.0,7.03,59,12.21,108
2022,聚亨,鋼鐵工業,-0.02,9138401000.0,0.0,0.0,13541552097.471617,0.0,108.46,122.39,55.94,178.33,0.0,0.0,0.0,7.77,0.0,0.0,0.0,1.33,4,18.24,63
1808,潤隆,建材營造,1.36,2508837000.0,1844733088.235294,7.29,252499968184.81952,136.88,10.99,19.27,2.65,21.92,362.73,3000.41,1504.98,32.4,46.45,11.2,92.61,16.52,94,30.66,139
1809,中釉,玻璃陶瓷,0.19,2509135000.0,13205973684.210526,0.09,2470997566.1293163,0.19,127.17,273.98,39.7,313.68,7.54,59.6,24.16,51.7,0.47,0.15,1.15,9.46,23,37.62,62
1810,和成,玻璃陶瓷,0.05,4622865000.0,92457300000.0,0.02,4251708720.2557974,0.05,194.62,510.13,4.87,515.0,0.24,25.75,9.73,20.2,0.48,0.01,1.27,3.47,105,52.2,78
1813,寶利徠,生技醫療業,-1.03,299357000.0,0.0,0.0,284559745.1500591,0.0,147.83,186.76,34.91,221.67,0.0,0.0,0.0,11.85,0.0,0.0,0.0,4.88,23,1.94,10
1815,富喬,電子零組件業,1.64,5946334000.0,3625813414.6341467,1.05,8104049430.213559,2.24,104.82,221.87,46.21,268.08,103.51,600.5,234.79,95.0,2.47,1.09,6.32,12.96,171,141.62,149
1817,凱撒衛,玻璃陶瓷,3.61,2685268000.0,743841551.2465374,1.75,2563024344.8393993,3.45,10.11,2.28,9.22,11.5,31.81,39.68,34.87,40.45,0.86,0.79,0.98,13.57,175,0.59,10
1903,士紙,造紙工業,1.28,153500000.0,119921875.0,0.65,152013439.3648225,1.27,103.98,111.04,36.82,147.86,46.76,187.78,132.06,47.85,2.76,0.98,3.92,0.0,0,7.6,128
1904,正隆,造紙工業,0.74,43601661000.0,58921163513.51351,0.38,44644496441.772606,0.76,44.71,88.25,15.08,103.33,11.46,78.53,33.98,23.0,1.48,0.5,3.41,0.34,3,8.65,38
1905,華紙,造紙工業,-0.56,18948619000.0,0.0,0.0,17681767405.10181,0.0,212.08,36.25,195.0,231.25,0.0,0.0,0.0,15.55,0.0,0.0,0.0,2.29,17,10.42,128
1906,寶隆,造紙工業,0.01,2994442000.0,299444200000.0,0.01,3143245191.0942736,0.01,255.79,1371.47,18.53,1390.0,0.19,13.9,2.56,11.35,0.23,0.02,1.22,0.63,16,8.33,105
1907,永豐餘,造紙工業,1.19,74277975000.0,62418466386.55463,0.61,74727961455.95032,1.2,27.47,20.94,17.14,38.08,20.57,45.7,32.96,27.5,1.2,0.75,1.66,11.2,106,14.43,160
1909,榮成,造紙工業,-0.39,45295774000.0,0.0,0.0,46769034361.11694,0.0,226.92,32.5,215.0,247.5,0.0,0.0,0.0,10.05,0.0,0.0,0.0,5.69,109,30.56,164
2002,中鋼,鋼鐵工業,-0.28,321244068000.0,0.0,0.0,308557406639.8655,0.0,131.02,146.88,69.62,216.5,0.0,0.0,0.0,18.75,0.0,0.0,0.0,1.49,112,7.33,59
2002A,中鋼特,鋼鐵工業,0.0,0.0,0.0,0.0,0.0,0.0,0.0,0.0,0.0,0.0,0.0,0.0,0.0,38.3,0.0,0.0,0.0,0.8,32,1.12,20
2006,東和鋼鐵,鋼鐵工業,6.47,58516403000.0,9044266306.02782,3.26,55920569276.86373,6.18,10.95,3.17,9.72,12.89,60.07,79.66,67.69,69.6,0.97,0.86,1.14,17.34,112,16.11,169
2007,燁興,鋼鐵工業,-2.25,5443582000.0,0.0,0.0,3943168504.2144513,0.0,0.0,0.0,0.0,0.0,0.0,0.0,0.0,7.45,0.0,0.0,0.0,5.06,4,16.93,63
2008,高興昌,鋼鐵工業,0.69,1838397000.0,2664343478.26087,0.29,1462220577.0223558,0.55,64.4,94.81,12.69,107.5,6.98,59.13,35.42,30.5,1.16,0.23,1.94,58.75,74,20.77,176
2009,第一銅,鋼鐵工業,0.33,2899358000.0,8785933333.333332,0.19,3432834727.381848,0.39,94.02,133.7,40.41,174.11,15.76,67.9,36.67,40.05,0.92,0.39,1.7,2.37,17,46.25,170
2010,春源,鋼鐵工業,2.31,24455890000.0,10586965367.965368,1.19,25780843305.764618,2.44,11.03,6.45,8.81,15.26,21.5,37.23,26.92,24.8,1.09,0.87,1.5,0.99,4,15.1,62
2012,春雨,鋼鐵工業,0.2,8494670000.0,42473350000.0,0.09,7291767496.045274,0.17,33.53,66.74,17.01,83.75,2.89,14.24,5.7,14.35,0.4,0.2,0.99,13.79,70,0.0,0
2013,中鋼構,鋼鐵工業,3.19,21092061000.0,6611931347.962382,1.51,19199419249.880016,2.9,16.21,8.32,12.94,21.26,37.53,61.65,47.02,43.2,1.09,0.87,1.43,0.85,4,4.57,16
2014,中鴻,鋼鐵工業,-1.29,19913319000.0,0.0,0.0,16147736303.786528,0.0,0.0,0.0,0.0,0.0,0.0,0.0,0.0,17.65,0.0,0.0,0.0,4.08,106,16.9,62
2015,豐興,鋼鐵工業,3.88,29857638000.0,7695267525.773196,1.82,25532310547.517628,3.32,16.83,7.04,12.98,20.02,43.09,66.47,55.86,62.2,0.9,0.69,1.07,19.17,126,9.79,15
2017,官田鋼,鋼鐵工業,-0.55,2762431000.0,0.0,0.0,2611423811.760323,0.0,52.48,94.65,29.93,124.58,0.0,0.0,0.0,9.27,0.0,0.0,0.0,0.0,0,7.72,63
2020,美亞,鋼鐵工業,2.13,4732647000.0,2221900000.0,0.95,4539737543.989524,2.04,9.26,8.43,4.64,13.07,9.47,26.66,18.9,21.8,0.87,0.43,1.22,1.81,9,8.9,59
2023,燁輝,鋼鐵工業,-1.85,68592648000.0,0.0,0.0,61423116123.83433,0.0,0.0,0.0,0.0,0.0,0.0,0.0,0.0,14.0,0.0,0.0,0.0,7.52,109,5.88,100
1717,長興,化學生技醫療,1.41,40929375000.0,29027925531.914894,0.76,42719452548.43521,1.47,26.87,43.39,15.26,58.65,22.43,86.22,39.5,71.1,0.56,0.32,1.21,14.57,102,81.46,76
1503,士電,電機機械,6.28,36565338000.0,5822506050.955414,3.79,42196597399.37405,7.25,33.57,38.46,19.54,58.0,141.66,420.5,243.39,236.5,1.03,0.6,1.78,16.22,28,10.27,139
1504,東元,電機機械,2.42,58304590000.0,24092805785.123966,1.29,63338086829.77579,2.63,25.65,31.72,16.32,48.04,42.92,126.35,67.46,68.7,0.98,0.62,1.84,0.0,0,124.62,125
1506,正道,電機機械,0.06,1082820000.0,18047000000.0,0.03,1159798351.820979,0.06,130.88,231.54,58.46,290.0,3.51,17.4,7.85,10.45,0.75,0.34,1.67,7.76,25,22.36,76
1512,瑞利,汽車工業,0.19,1126766000.0,5930347368.421053,0.1,1202881085.6011124,0.2,33.05,16.2,24.96,41.16,4.99,8.23,6.61,7.16,0.92,0.7,1.15,0.0,0,20.33,20
1513,中興電,電機機械,8.07,27235004000.0,3374845600.991326,4.08,28190167653.545925,8.35,23.79,50.35,14.53,64.88,121.33,541.75,198.66,172.0,1.16,0.71,3.15,27.99,28,4.57,73
1514,亞力,電機機械,3.32,10435225000.0,3143140060.240964,1.72,11559983378.430376,3.68,36.24,22.27,25.63,47.9,94.32,176.27,133.36,120.5,1.11,0.78,1.46,15.11,23,0.43,1
1515,力山,電機機械,0.97,5144303000.0,5303405154.639175,0.44,5796758344.593213,1.09,23.89,60.79,8.59,69.38,9.36,75.62,26.04,25.7,1.01,0.36,2.94,6.39,21,14.34,76
1516,川飛,其他,0.03,86650000.0,2888333333.3333335,0.02,90708654.01358175,0.03,221.08,1076.3,21.2,1097.5,0.64,32.92,6.63,20.45,0.32,0.03,1.61,5.89,23,20.82,183
1517,利奇,電機機械,-0.69,2050514000.0,0.0,0.0,1812135874.2099564,0.0,0.0,0.0,0.0,0.0,0.0,0.0,0.0,10.6,0.0,0.0,0.0,6.14,30,33.18,119
1519,華城,電機機械,14.26,24042291000.0,1685995161.2903225,7.34,25482171120.38286,15.11,49.03,67.74,21.53,89.27,325.32,1348.87,740.89,803.0,0.92,0.41,1.68,12.15,17,46.46,178
1521,大億,汽車工業,0.87,3577067000.0,4111571264.367816,0.49,4169774128.2652044,1.01,60.25,199.63,18.61,218.24,18.8,220.42,60.85,26.55,2.29,0.71,8.3,1.92,18,0.0,0
1522,堤維西,汽車工業,1.72,23266762000.0,13527187209.302326,1.02,33833124583.607822,2.5,25.25,102.59,8.86,111.45,22.15,278.62,63.13,31.45,2.01,0.7,8.86,7.36,8,10.62,133
1522A,堤維西甲特,汽車工業,0.0,0.0,0.0,0.0,0.0,0.0,0.0,0.0,0.0,0.0,0.0,0.0,0.0,49.75,0.0,0.0,0.0,0.0,0,2.25,29
1524,耿鼎,汽車工業,1.95,2712548000.0,1391050256.4102564,0.89,2274902720.301619,1.64,11.89,14.8,7.7,22.5,12.63,36.9,19.5,29.35,0.66,0.43,1.26,18.17,178,15.57,133
1525,江申,汽車工業,3.21,1254025000.0,390661993.7694704,1.62,1312069598.1150014,3.36,18.21,30.8,14.08,44.88,47.31,150.8,61.18,65.7,0.93,0.72,2.3,0.65,4,14.19,83
1526,日馳,電機機械,-0.11,763306000.0,0.0,0.0,658604423.335606,0.0,0.0,0.0,0.0,0.0,0.0,0.0,0.0,14.5,0.0,0.0,0.0,1.88,14,1.01,7
1527,鑽全,電機機械,1.52,2910053000.0,1914508552.631579,0.66,2446433857.2910004,1.28,18.13,27.12,9.8,36.92,12.54,47.26,23.21,33.4,0.69,0.38,1.41,7.84,72,5.51,45
1528,恩德,電機機械,-0.35,2876650000.0,0.0,0.0,2998043959.078445,0.0,0.0,0.0,0.0,0.0,0.0,0.0,0.0,25.35,0.0,0.0,0.0,66.54,128,67.83,62
1529,樂事綠能,電機機械,1.01,853549000.0,845098019.8019801,0.62,915944253.5005794,1.08,444.4,2957.46,17.54,2975.0,18.94,3213.0,479.95,22.9,20.96,0.83,140.31,18.11,32,0.0,0
1530,亞崴,電機機械,-2.39,1972715000.0,0.0,0.0,1727167772.4685388,0.0,23.77,40.35,5.26,45.61,0.0,0.0,0.0,30.55,0.0,0.0,0.0,13.44,74,0.0,0
1531,高林股,電機機械,-0.12,1519930000.0,0.0,0.0,1335242567.5471447,0.0,62.91,157.09,19.91,177.0,0.0,0.0,0.0,12.95,0.0,0.0,0.0,21.65,164,8.75,20
1532,勤美,電機機械,0.99,15470842000.0,15627113131.313131,0.42,16814563301.401134,1.08,25.88,87.03,6.97,94.0,7.53,101.52,27.95,24.05,1.16,0.31,4.22,0.2,1,13.25,163
1533,車王電,汽車工業,0.57,4266318000.0,7484768421.052632,0.34,5574900501.385768,0.74,48.75,38.93,20.64,59.57,15.27,44.08,36.07,37.85,0.95,0.4,1.16,3.01,16,25.47,142
1535,中宇,電機機械,4.0,11721845000.0,2930461250.0,1.47,8962781210.821547,3.06,13.87,4.87,11.31,16.18,34.61,49.51,42.43,50.0,0.85,0.69,0.99,4.86,17,0.52,14
1477,聚陽,紡織纖維,14.65,34751748000.0,2372132969.2832766,7.34,33064483894.173088,13.94,18.89,13.98,13.1,27.08,182.61,377.5,263.31,217.0,1.21,0.84,1.74,21.67,32,32.1,162
1536,和大,汽車工業,-2.75,4736402000.0,0.0,0.0,4752409276.6880245,0.0,1927.98,6554.12,45.88,6600.0,0.0,0.0,0.0,48.75,0.0,0.0,0.0,36.36,28,20.9,72
1476,儒鴻,紡織纖維,20.1,38111954000.0,1896117114.4278605,10.15,38148102933.69108,20.12,20.27,13.03,13.24,26.27,266.39,528.55,407.81,323.5,1.26,0.82,1.63,9.02,144,9.65,17
1474,弘裕,紡織纖維,0.34,2954273000.0,8689038235.294117,0.17,2769450757.541186,0.32,30.99,64.5,11.68,76.18,3.74,24.38,9.92,10.2,0.97,0.37,2.39,3.5,22,5.12,10
1444,力麗,紡織纖維,-0.78,7296992000.0,0.0,0.0,8364808274.697328,0.0,63.88,104.18,24.57,128.75,0.0,0.0,0.0,7.07,0.0,0.0,0.0,5.64,32,0.0,0
1445,大宇,紡織纖維,-0.87,759419000.0,0.0,0.0,621930169.448358,0.0,2.39,1.12,1.97,3.09,0.0,0.0,0.0,11.05,0.0,0.0,0.0,0.0,0,7.52,85
1446,宏和,紡織纖維,1.62,1147559000.0,708369753.0864197,0.47,423465390.4101697,0.6,6.42,15.86,2.42,18.28,1.45,10.97,3.85,16.75,0.23,0.09,0.65,5.07,172,0.99,1
1447,力鵬,紡織纖維,-0.97,28850751000.0,0.0,0.0,27908089249.075516,0.0,128.22,26.4,117.0,143.4,0.0,0.0,0.0,6.1,0.0,0.0,0.0,6.31,23,0.0,0
1449,佳和,紡織纖維,0.13,2420960000.0,18622769230.76923,0.1,3882346644.4897075,0.21,39.02,135.02,14.07,149.09,2.95,31.31,8.19,14.15,0.58,0.21,2.21,61.5,175,14.05,30
1451,年興,紡織纖維,1.76,6154960000.0,3497136363.6363635,0.89,6442844802.214555,1.84,22.91,63.09,7.58,70.67,13.95,130.03,42.16,16.8,2.51,0.83,7.74,1.44,169,0.53,10
1452,宏益,紡織纖維,-0.41,1412669000.0,0.0,0.0,1324292510.7340465,0.0,24.69,19.55,17.73,37.28,0.0,0.0,0.0,11.15,0.0,0.0,0.0,0.59,4,18.26,76
1454,台富,紡織纖維,-1.12,1557640000.0,0.0,0.0,1269552026.4730601,0.0,84.45,124.68,48.82,173.5,0.0,0.0,0.0,12.8,0.0,0.0,0.0,22.26,21,0.0,0
1455,集盛,紡織纖維,-0.98,6505126000.0,0.0,0.0,4868961894.34426,0.0,264.97,971.48,43.52,1015.0,0.0,0.0,0.0,9.82,0.0,0.0,0.0,0.0,0,4.91,84
1457,宜進,紡織纖維,1.17,3066311000.0,2620778632.4786325,0.54,2492261207.7302294,0.95,16.07,34.17,5.95,40.12,5.65,38.11,15.27,14.4,1.06,0.39,2.65,0.45,3,1.15,9
1459,聯發,紡織纖維,0.81,1252518000.0,1546318518.5185184,0.31,889821534.748656,0.58,27.98,93.91,7.45,101.36,4.32,58.79,16.23,11.85,1.37,0.36,4.96,2.29,31,2.95,51
1460,宏遠,紡織纖維,-0.27,7646438000.0,0.0,0.0,6131833407.71213,0.0,0.0,0.0,0.0,0.0,0.0,0.0,0.0,7.26,0.0,0.0,0.0,5.71,21,3.91,13
1463,強盛新,紡織纖維,0.14,1170751000.0,8362507142.857142,0.01,137131862.3692233,0.02,34.54,146.91,4.63,151.54,0.09,3.03,0.69,17.6,0.04,0.01,0.17,33.75,58,10.69,120
1464,得力,紡織纖維,0.34,12545008000.0,36897082352.94118,0.17,11786734782.606833,0.32,28.46,86.75,9.92,96.67,3.17,30.93,9.11,10.3,0.88,0.31,3.0,22.76,172,6.27,48
1465,偉全,紡織纖維,-0.33,363972000.0,0.0,0.0,378823323.5759409,0.0,34.93,64.14,15.33,79.47,0.0,0.0,0.0,12.45,0.0,0.0,0.0,3.99,113,2.61,49
1466,聚隆,紡織纖維,-1.07,2644622000.0,0.0,0.0,2243588947.477687,0.0,63.67,105.51,31.63,137.14,0.0,0.0,0.0,14.0,0.0,0.0,0.0,20.55,148,13.25,126
1467,南緯,紡織纖維,-0.46,5217867000.0,0.0,0.0,5034463990.483037,0.0,31.58,39.67,15.33,55.0,0.0,0.0,0.0,7.3,0.0,0.0,0.0,7.93,24,1.72,16
1468,昶和,紡織纖維,0.2,852022000.0,4260110000.0,0.06,495784440.4229948,0.12,47.28,122.77,12.23,135.0,1.47,16.2,5.67,12.0,0.47,0.12,1.35,5.15,14,1.39,37
1470,大統新創,紡織纖維,0.78,791565000.0,1014826923.076923,0.38,723629704.7296028,0.71,29.82,22.75,18.19,40.94,12.91,29.07,21.17,22.85,0.93,0.56,1.27,0.0,0,6.91,121
1471,首利,電子工業,0.03,195999000.0,6533300000.0,0.01,86394760.8199403,0.01,267.37,680.16,39.84,720.0,0.4,7.2,2.67,11.6,0.23,0.03,0.62,1.86,30,5.71,1
1473,台南,紡織纖維,0.57,7006641000.0,12292352631.578949,0.26,5439800510.900978,0.44,15.96,34.46,8.79,43.25,3.87,19.03,7.02,20.55,0.34,0.19,0.93,7.11,4,21.76,126
1475,業旺,紡織纖維,2.72,1501811000.0,552136397.0588235,1.33,1364603094.6728501,2.47,9.54,9.18,5.44,14.62,13.44,36.11,23.57,27.3,0.86,0.49,1.32,17.89,44,9.08,15
1537,廣隆,電機機械,7.95,6744803000.0,848402893.081761,4.04,6446450124.584412,7.6,14.41,6.43,10.9,17.33,82.84,131.71,109.49,127.5,0.86,0.65,1.03,11.6,162,3.57,62
1538,正峰,電機機械,-1.59,121225000.0,0.0,0.0,62471012.144814216,0.0,0.0,0.0,0.0,0.0,0.0,0.0,0.0,11.8,0.0,0.0,0.0,17.31,11,7.92,34
1539,巨庭,電機機械,0.21,1323001000.0,6300004761.904762,0.08,995252478.5972071,0.16,60.39,402.44,11.31,413.75,1.81,66.2,9.66,15.75,0.61,0.11,4.2,45.83,98,15.24,9
1614,三洋電,電器電纜,0.97,5459864000.0,5628725773.195876,0.45,4834418837.163452,0.86,41.67,34.36,23.14,57.5,19.9,49.45,35.83,31.9,1.12,0.62,1.55,3.67,9,0.0,0
1615,大山,電器電纜,4.93,5816581000.0,1179833874.239351,2.37,5477237188.877202,4.64,13.07,11.02,9.01,20.03,41.81,92.94,60.63,44.9,1.35,0.93,2.07,6.18,66,3.63,58
1616,億泰,電器電纜,1.55,5247241000.0,3385316774.193548,0.75,5399649597.752075,1.6,14.92,20.68,6.88,27.56,11.01,44.1,23.88,22.55,1.06,0.49,1.96,3.11,23,5.58,1
1617,榮星,電器電纜,0.68,3309047000.0,4866245588.235293,0.41,4059293400.594078,0.83,106.58,426.36,16.14,442.5,13.4,367.28,88.46,16.4,5.39,0.82,22.4,0.0,0,0.29,3
1618,合機,電器電纜,4.21,5305333000.0,1260174109.263658,1.82,4127324124.4758167,3.28,12.5,18.23,8.37,26.6,27.45,87.25,41.0,41.9,0.98,0.66,2.08,6.47,22,7.63,50
1623,大東電,電器電纜,13.61,605208000.0,44467891.2564291,0.0,0.0,0.0,17.53,15.68,12.96,28.64,0.0,0.0,0.0,214.5,0.0,0.0,0.0,26.28,25,15.78,164
1626,艾美特-KY,電器電纜,-0.86,8062687000.0,0.0,0.0,6999376602.693372,0.0,0.0,0.0,0.0,0.0,0.0,0.0,0.0,10.15,0.0,0.0,0.0,9.75,116,13.6,29
1702,南僑,食品工業,1.11,23430771000.0,21108802702.7027,0.55,22660377924.759323,1.07,17.22,36.28,10.04,46.32,10.74,49.56,18.42,31.45,0.59,0.34,1.58,5.73,112,0.48,3
1707,葡萄王,化學生技醫療,8.22,10614460000.0,1291296836.9829683,3.64,9727736691.579063,7.53,14.59,4.32,12.45,16.77,93.75,126.28,109.89,99.7,1.1,0.94,1.27,0.0,0,4.21,37
1708,東鹼,化學工業,3.28,6180360000.0,1884256097.5609758,1.76,6796269949.939411,3.61,12.25,21.6,7.36,28.96,26.57,104.55,44.24,45.75,0.97,0.58,2.29,30.12,156,5.98,170
1709,和益,化學工業,1.23,9076666000.0,7379403252.03252,0.65,8723460705.721174,1.18,15.18,14.39,10.42,24.81,12.3,29.28,17.92,20.95,0.86,0.59,1.4,27.64,32,5.06,63
1710,東聯,化學工業,-1.01,22752814000.0,0.0,0.0,19898523341.672653,0.0,722.11,270.0,597.5,867.5,0.0,0.0,0.0,13.65,0.0,0.0,0.0,9.59,93,5.28,62
1711,永光,化學工業,-0.2,7633140000.0,0.0,0.0,7805965377.984385,0.0,87.94,187.61,32.39,220.0,0.0,0.0,0.0,44.45,0.0,0.0,0.0,48.69,95,34.15,85
1712,興農,化學工業,2.6,18555010000.0,7136542307.692307,1.39,19124754195.043728,2.68,17.12,4.53,15.22,19.75,40.79,52.93,45.88,39.65,1.16,1.03,1.33,13.61,147,6.04,120
1713,國化,化學工業,3.86,462367000.0,119784196.89119172,2.05,493623345.7604593,4.12,10.42,24.49,4.15,28.64,17.1,118.0,42.95,49.85,0.86,0.34,2.37,9.91,29,1.27,45
1714,和桐,化學工業,0.5,23123551000.0,46247102000.0,0.36,35495364611.606575,0.77,21.11,27.43,12.76,40.19,9.83,30.95,16.26,19.25,0.84,0.51,1.61,5.5,18,8.72,142
1612,宏泰,電器電纜,2.77,7480411000.0,2700509386.2815886,1.39,7698018621.083055,2.85,14.28,7.89,11.26,19.15,32.09,54.58,40.7,38.05,1.07,0.84,1.43,2.19,8,4.93,139
1611,中電,電器電纜,0.02,1081359000.0,54067950000.0,0.01,967918924.7013059,0.02,82.19,391.13,22.2,413.33,0.44,8.27,1.64,13.3,0.12,0.03,0.62,14.71,32,2.26,59
1609,大亞,電器電纜,1.64,31235095000.0,19045789634.146343,0.91,35954755936.363556,1.89,21.72,21.62,13.92,35.54,26.31,67.17,41.05,38.1,1.08,0.69,1.76,9.87,32,14.19,79
1608,華榮,電器電纜,5.5,11348843000.0,2063426000.0,3.16,12869729000.429214,6.24,14.35,23.68,5.66,29.34,35.32,183.08,89.52,34.75,2.58,1.02,5.27,8.26,25,56.73,141
1540,喬福,電機機械,1.11,494539000.0,445530630.6306306,0.45,387395419.9733563,0.87,20.76,24.74,11.25,35.99,9.79,31.31,18.06,22.05,0.82,0.44,1.42,143.07,100,1.52,1
1541,錩泰,電機機械,2.31,3631236000.0,1571963636.3636363,0.79,2472862841.7726636,1.57,41.07,195.38,8.85,204.23,13.89,320.64,64.49,22.5,2.87,0.62,14.25,14.86,74,1.41,1
1558,伸興,電機機械,5.52,8215440000.0,1488304347.826087,2.66,7872967293.354025,5.29,17.28,7.81,13.07,20.88,69.14,110.46,91.41,91.0,1.0,0.76,1.21,16.26,94,5.21,15
1560,中砂,電機機械,9.28,8044403000.0,866853771.5517242,5.41,9912090137.505182,11.43,47.21,49.91,23.27,73.18,265.98,836.45,539.64,687.0,0.79,0.39,1.22,29.81,122,23.2,181
1563,巧新,汽車工業,1.38,7062178000.0,5117520289.855073,0.7,7065024365.11374,1.38,26.59,145.32,13.54,158.86,18.69,219.23,36.69,61.6,0.6,0.3,3.56,4.0,4,0.0,0
1565,精華,生技醫療業,9.02,4213443000.0,467122283.8137472,3.86,3411162059.9936385,7.3,13.33,11.33,9.48,20.81,69.2,151.91,97.29,94.2,1.03,0.73,1.61,27.32,156,2.49,49
1568,倉佑,汽車工業,1.36,1024194000.0,753083823.5294117,0.74,1074047067.0239174,1.43,18.81,28.94,8.22,37.16,11.75,53.14,26.9,41.9,0.64,0.28,1.27,22.87,29,6.9,77
1569,濱川,電腦及週邊設備業,-5.63,3317106000.0,0.0,0.0,3115597263.828499,0.0,151.87,46.94,131.67,178.61,0.0,0.0,0.0,48.55,0.0,0.0,0.0,198.74,177,26.99,125
1570,力肯,電機機械,0.58,541569000.0,933739655.1724138,0.26,461567269.32669216,0.49,36.82,147.49,8.76,156.25,4.29,76.56,18.04,42.7,0.42,0.1,1.79,11.44,2,48.72,108
1580,新麥,電機機械,12.54,4988857000.0,397835486.4433812,5.77,4604990826.355901,11.58,10.91,4.42,8.61,13.03,99.7,150.89,126.3,124.0,1.02,0.8,1.22,2.21,7,6.41,51
1582,信錦,電子工業,3.45,8857470000.0,2567382608.695652,1.63,8105514800.261255,3.16,16.74,33.45,10.0,43.45,31.6,137.3,52.89,91.5,0.58,0.35,1.5,0.85,93,5.21,1
2101,南港,橡膠工業,1.01,8402501000.0,8319307920.792079,1.24,19746983192.90944,2.37,43.58,240.71,8.42,249.13,19.96,590.44,103.29,33.3,3.1,0.6,17.73,2.5,3,22.31,90
1583,程泰,電機機械,-4.78,3907346000.0,0.0,0.0,4172481117.801585,0.0,19.57,55.34,3.99,59.33,0.0,0.0,0.0,50.6,0.0,0.0,0.0,2.45,18,2.07,9
1586,和勤,電機機械,-0.36,2321202000.0,0.0,0.0,2323352483.608253,0.0,76.31,153.23,42.19,195.42,0.0,0.0,0.0,21.4,0.0,0.0,0.0,16.64,23,16.54,51
1587,吉茂,汽車工業,0.38,2594055000.0,6826460526.315789,0.21,3098132243.2244067,0.45,144.35,203.53,66.95,270.48,30.13,121.72,64.96,28.05,2.32,1.07,4.34,0.0,0,63.49,183
1590,亞德客-KY,電機機械,42.01,33793633000.0,804418781.2425613,26.82,42581225322.809364,52.93,24.35,19.19,17.71,36.9,937.39,1953.12,1288.69,1320.0,0.98,0.71,1.48,1.93,8,12.61,142
1597,直得,電機機械,0.92,1100199000.0,1195868478.2608695,0.62,1590164292.2391868,1.33,113.48,138.93,56.67,195.6,75.37,260.15,150.92,147.0,1.03,0.51,1.77,71.53,53,6.63,55
1599,宏佳騰,電機機械,-0.83,1853729000.0,0.0,0.0,1976970135.0436707,0.0,146.92,410.59,16.91,427.5,0.0,0.0,0.0,23.35,0.0,0.0,0.0,12.58,44,15.2,49
1603,華電,電器電纜,3.25,5327948000.0,1639368615.3846154,1.77,5582776455.814573,3.41,11.77,6.01,9.07,15.08,30.93,51.42,40.14,31.75,1.26,0.97,1.62,0.0,0,1.84,1
1604,聲寶,電器電纜,1.7,9211058000.0,5418269411.764706,0.86,8635353875.816515,1.59,13.7,3.31,11.84,15.15,18.83,24.09,21.78,23.2,0.94,0.81,1.04,1.75,18,0.0,0
1605,華新,電器電纜,0.75,172412266000.0,229883021333.33334,0.39,168029093452.95764,0.73,54.0,146.69,23.31,170.0,17.02,124.1,39.42,38.7,1.02,0.44,3.21,0.54,1,68.87,149
1584,精剛,其他,0.45,2604026000.0,5786724444.444445,0.19,2108191433.655173,0.36,61.46,224.42,7.85,232.27,2.83,83.62,22.12,19.65,1.13,0.14,4.26,26.73,65,13.85,72
2102,泰豐,橡膠工業,6.29,262413000.0,41719077.901430845,2.21,181413335.11680087,4.35,2.95,0.48,2.74,3.22,11.92,14.01,12.82,18.35,0.7,0.65,0.76,18.29,56,2.33,7
2104,國際中橡,橡膠工業,-4.27,15544371000.0,0.0,0.0,12646564993.62074,0.0,0.0,0.0,0.0,0.0,0.0,0.0,0.0,10.2,0.0,0.0,0.0,1.72,18,14.09,57
2387,精元,電子工業,3.46,19232481000.0,5558520520.231214,1.55,17248386216.32727,3.1,8.56,9.65,5.61,15.26,17.39,47.31,26.55,39.4,0.67,0.44,1.2,7.83,169,0.38,1
2388,威盛,半導體業,0.12,10116361000.0,84303008333.33334,0.06,11260842455.451326,0.13,323.41,1634.74,30.26,1665.0,3.93,216.45,42.04,75.2,0.56,0.05,2.88,11.51,94,1.68,177
2390,云辰,其他電子業,-0.14,686088000.0,0.0,0.0,603441383.1932639,0.0,0.0,0.0,0.0,0.0,0.0,0.0,0.0,12.3,0.0,0.0,0.0,5.43,21,1.79,64
2392,正崴,電子工業,-6.62,97510511000.0,0.0,0.0,89342127222.9976,0.0,34.85,114.24,11.37,125.61,0.0,0.0,0.0,40.05,0.0,0.0,0.0,14.36,23,16.19,31
2393,億光,光電業,4.6,19630880000.0,4267582608.6956525,2.38,19923778011.980976,4.67,14.12,11.47,9.69,21.16,45.25,98.82,65.92,71.5,0.92,0.63,1.38,10.71,147,5.79,42
2395,研華,電子工業,12.25,70256994000.0,5735264816.32653,7.39,85772685621.111,14.96,31.24,18.36,23.36,41.72,349.47,624.13,467.38,488.5,0.96,0.72,1.28,3.4,29,5.19,72
2397,友通,電子工業,2.49,11147988000.0,4477103614.457831,1.44,13132642739.178415,2.93,22.84,24.54,13.46,38.0,39.44,111.34,66.92,61.5,1.09,0.64,1.81,23.44,24,29.33,71
2399,映泰,電子工業,0.15,1753395000.0,11689300000.0,0.08,1774984289.2157128,0.15,285.65,565.45,27.05,592.5,4.06,88.88,42.85,51.9,0.83,0.08,1.71,97.26,128,43.13,132
2401,凌陽,半導體業,-0.37,6278566000.0,0.0,0.0,7191786546.365121,0.0,52.76,21.81,42.39,64.2,0.0,0.0,0.0,31.5,0.0,0.0,0.0,7.72,18,33.51,66
2402,毅嘉,電子工業,2.47,10728500000.0,4343522267.206477,1.35,12347249374.311546,2.84,20.65,24.12,12.24,36.36,34.76,103.26,58.65,70.9,0.83,0.49,1.46,29.49,122,69.66,176
2404,漢唐,其他電子業,48.08,63949846000.0,1330071672.2129784,33.75,111882199634.85876,84.12,18.2,20.78,11.84,32.62,995.98,2743.99,1531.36,1280.0,1.2,0.78,2.14,31.67,183,113.91,73
2405,輔信,電子工業,-0.2,1728395000.0,0.0,0.0,1821632438.1596904,0.0,393.62,565.84,155.83,721.67,0.0,0.0,0.0,19.4,0.0,0.0,0.0,35.44,21,23.53,127
2406,國碩,光電業,-0.91,5758962000.0,0.0,0.0,14818419455.366207,0.0,0.0,0.0,0.0,0.0,0.0,0.0,0.0,36.2,0.0,0.0,0.0,24.38,15,140.0,178
2385,群光,電子零組件業,9.06,96067158000.0,10603439072.847681,4.27,91107674509.26628,8.59,12.72,8.23,9.97,18.2,85.64,156.34,109.25,115.0,0.95,0.74,1.36,0.0,0,1.79,94
2383,台光電,電子工業,41.66,91947570000.0,2207094815.1704273,32.31,154058204202.10004,69.8,37.3,104.68,14.73,119.41,1028.15,8334.82,2603.81,5200.0,0.5,0.2,1.6,35.56,182,85.12,178
2365,昆盈,電子工業,0.33,939434000.0,2846769696.969697,0.18,1057827766.020426,0.37,99.54,124.44,42.81,167.25,15.84,61.88,36.83,33.65,1.09,0.47,1.84,91.14,31,40.17,71
2367,燿華,電子工業,0.68,16474586000.0,24227332352.941174,0.33,14953981990.524378,0.62,32.41,104.49,8.84,113.33,5.48,70.26,20.1,62.5,0.32,0.09,1.12,18.55,21,40.3,62
2368,金像電,電子工業,19.43,58066839000.0,2988514616.572311,13.6,95077202570.16118,31.81,31.11,65.5,12.35,77.85,392.85,2476.41,989.52,1370.0,0.72,0.29,1.81,27.25,182,135.32,164
2369,菱生,半導體業,-1.05,5403429000.0,0.0,0.0,7421808510.944994,0.0,0.0,0.0,0.0,0.0,0.0,0.0,0.0,34.5,0.0,0.0,0.0,7.24,18,56.07,182
2371,大同,電機機械,-5.2,49840830000.0,0.0,0.0,51399172957.03733,0.0,20.96,76.26,4.39,80.65,0.0,0.0,0.0,28.0,0.0,0.0,0.0,0.0,0,7.98,57
2373,震旦行,其他電子業,3.86,10765016000.0,2788864248.7046633,1.86,10353296721.611523,3.71,14.46,2.46,13.45,15.91,49.9,59.03,53.64,57.9,0.93,0.86,1.02,3.63,17,2.96,14
2374,佳能,光電業,2.52,9311794000.0,3695156349.2063494,1.59,15691604099.510292,4.25,35.09,48.59,20.0,68.59,85.0,291.51,149.15,76.3,1.95,1.11,3.82,12.24,21,98.88,91
2375,凱美,電子工業,3.72,5504838000.0,1479795161.2903225,1.99,5895818961.422496,3.98,21.4,50.68,9.96,60.64,39.64,241.35,85.17,199.5,0.43,0.2,1.21,15.28,170,79.13,132
2376,技嘉,電子工業,18.19,324226515000.0,17824437328.20231,13.28,479126344982.502,26.88,18.68,23.26,11.85,35.11,318.53,943.76,502.0,347.5,1.44,0.92,2.72,3.26,23,10.07,108
2377,微星,電子工業,6.8,225924964000.0,33224259411.764706,3.17,220457311505.06223,6.64,19.52,16.59,10.97,27.56,72.84,183.0,129.62,137.0,0.95,0.53,1.34,5.29,142,6.27,49
2379,瑞昱,半導體業,28.77,123048742000.0,4276980952.3809524,16.37,131691290430.43297,30.79,18.81,13.65,14.76,28.41,454.46,874.74,579.01,745.0,0.78,0.61,1.17,3.57,24,5.03,31
2380,虹光,電子工業,0.72,2817681000.0,3913445833.3333335,0.4,3420717670.8501177,0.87,18.31,25.57,5.08,30.65,4.42,26.67,15.93,6.6,2.41,0.67,4.04,2.61,30,91.04,69
2382,廣達,電子工業,19.44,1989610196000.0,102346203497.94238,16.93,3674816018351.839,35.91,17.91,17.53,11.52,29.05,413.68,1043.19,642.99,374.0,1.72,1.11,2.79,18.2,23,9.36,132
2364,倫飛,電腦及週邊設備業,4.6,1527938000.0,332160434.78260875,2.3,1535388968.8915608,4.62,20.22,19.29,14.17,33.46,65.47,154.59,93.42,67.6,1.38,0.97,2.29,50.23,67,34.55,55
2408,南亞科,半導體業,2.13,56774899000.0,26654882159.624416,4.29,409416631416.7377,15.36,74.16,105.05,24.53,129.58,376.78,1990.35,1139.08,437.0,2.61,0.86,4.55,9.72,21,209.48,153
2409,友達,光電業,0.9,280792168000.0,311991297777.7778,0.45,273282669875.08395,0.88,24.63,76.82,14.59,91.41,12.84,80.44,21.67,26.25,0.83,0.49,3.06,6.47,25,11.46,100
2430,燦坤,電子工業,0.7,17810966000.0,25444237142.857143,0.34,17260981956.800392,0.68,21.83,26.52,14.94,41.46,10.16,28.19,14.84,18.4,0.81,0.55,1.53,1.83,25,3.48,76
2431,聯昌,電子工業,-2.1,377964000.0,0.0,0.0,225656797.85975477,0.0,0.0,0.0,0.0,0.0,0.0,0.0,0.0,11.95,0.0,0.0,0.0,64.75,141,28.89,98
2433,互盛電,其他電子業,3.05,2726747000.0,894015409.8360656,1.54,2740103149.493736,3.06,15.28,1.94,14.08,16.02,43.08,49.02,46.74,44.35,1.05,0.97,1.11,0.38,3,1.39,14
2434,統懋,半導體業,0.03,45756000.0,1525200000.0,0.02,45652262.65132395,0.03,318.63,1602.32,42.68,1645.0,1.28,49.35,9.56,36.5,0.26,0.04,1.35,2.54,22,22.33,153
4930,燦星網,電器電纜,0.6,6237349000.0,10395581666.666668,0.26,5337563116.261696,0.51,13.77,26.8,7.78,34.58,3.97,17.64,7.02,17.55,0.4,0.23,1.01,4.28,113,5.48,78
2436,偉詮電,半導體業,3.0,3539175000.0,1179725000.0,1.81,4497615564.822387,3.81,38.29,51.5,19.08,70.58,72.69,268.91,145.9,70.3,2.08,1.03,3.83,4.46,100,18.55,83
2438,翔耀,光電業,-2.37,432276000.0,0.0,0.0,607307407.4537492,0.0,0.0,0.0,0.0,0.0,0.0,0.0,0.0,21.8,0.0,0.0,0.0,111.69,25,1.01,7
2439,美律,通信網路業,5.35,46021543000.0,8602157570.093458,2.58,52231130580.18532,6.07,15.74,8.7,10.92,19.62,66.28,119.09,95.53,92.8,1.03,0.71,1.28,13.73,18,6.67,34
2440,太空梭,電子工業,-0.24,3571225000.0,0.0,0.0,3953409627.544364,0.0,0.0,0.0,0.0,0.0,0.0,0.0,0.0,16.95,0.0,0.0,0.0,14.84,25,13.77,182
2441,超豐,半導體業,4.31,16714118000.0,3877985614.8491883,2.46,19526644672.676186,5.04,16.46,19.95,10.35,30.3,52.16,152.71,82.97,126.5,0.66,0.41,1.21,4.03,31,53.11,183
2444,兆勁,通信網路業,-1.9,1104139000.0,0.0,0.0,920321163.8224562,0.0,116.36,32.92,104.58,137.5,0.0,0.0,0.0,13.7,0.0,0.0,0.0,44.98,168,10.57,94
2428,興勤,電子零組件業,11.76,8064952000.0,685795238.0952381,6.6,8998907882.202183,13.12,14.45,19.17,9.01,28.18,118.21,369.72,189.61,299.0,0.63,0.4,1.24,2.19,4,53.18,127
2427,三商電,資訊服務業,1.53,6543479000.0,4276783660.1307187,0.81,6634340387.705598,1.55,18.42,11.54,13.53,25.07,20.97,38.86,28.56,22.75,1.26,0.92,1.71,18.03,18,13.52,49
2412,中華電,通信網路業,4.99,237858930000.0,47667120240.48096,2.59,247671072113.99582,5.2,26.8,4.08,25.05,29.13,130.26,151.48,139.34,145.5,0.96,0.9,1.04,0.39,1,1.1,63
2413,環科,電子工業,0.4,3331719000.0,8329297500.0,0.21,3677823488.3540354,0.44,99.26,153.17,33.39,186.56,14.69,82.09,43.67,57.7,0.76,0.25,1.42,23.35,137,87.32,181
2414,精技,電子工業,3.17,28246381000.0,8910530283.911673,1.96,37210255243.48581,4.18,14.52,5.17,12.98,18.15,54.26,75.87,60.7,60.7,1.0,0.89,1.25,10.73,14,16.36,24
2415,錩新,電子工業,1.81,2329168000.0,1286833149.1712706,0.97,2604016065.0841327,2.02,30.49,119.63,13.7,133.33,27.67,269.33,61.6,30.2,2.04,0.92,8.92,28.94,101,11.55,175
2417,圓剛,電子工業,-0.19,3260578000.0,0.0,0.0,3899961096.774966,0.0,154.6,97.45,109.86,207.31,0.0,0.0,0.0,47.0,0.0,0.0,0.0,30.43,18,28.46,70
2419,仲琦,通信網路業,-0.36,8742858000.0,0.0,0.0,8693682087.729212,0.0,0.0,0.0,0.0,0.0,0.0,0.0,0.0,29.65,0.0,0.0,0.0,25.24,31,11.99,135
2420,新巨,電子工業,3.91,2162774000.0,553139130.4347826,2.02,2171134115.6901293,3.93,14.81,9.19,10.36,19.55,40.71,76.83,58.21,60.8,0.96,0.67,1.26,16.35,112,10.59,55
2421,建準,電子工業,7.94,18263701000.0,2300214231.738035,4.51,21932130673.064583,9.53,19.83,15.53,12.18,27.71,116.08,264.08,188.96,144.5,1.31,0.8,1.83,5.5,11,84.88,156
2423,固緯,其他電子業,2.91,2944348000.0,1011803436.4261168,1.67,3477128249.147593,3.44,17.6,11.58,12.24,23.82,42.11,81.94,60.54,76.4,0.79,0.55,1.07,0.8,143,34.09,71
2425,承啟,電子工業,-0.32,8375969000.0,0.0,0.0,14312103119.139015,0.0,110.87,341.73,17.02,358.75,0.0,0.0,0.0,41.25,0.0,0.0,0.0,35.09,112,0.13,1
2426,鼎元,光電業,-0.26,2342210000.0,0.0,0.0,2189275861.8129697,0.0,74.47,50.64,57.69,108.33,0.0,0.0,0.0,74.4,0.0,0.0,0.0,35.57,121,22.36,76
2363,矽統,電子工業,1.53,2664144000.0,1741270588.235294,1.15,5682971647.593012,3.26,48.91,79.3,20.83,100.13,67.91,326.42,159.44,59.0,2.7,1.15,5.53,42.06,126,29.51,94
2250,IKKA-KY,汽車工業,3.99,3375733000.0,846048370.9273182,1.89,3098151247.140821,3.66,17.92,10.56,13.73,24.29,50.25,88.9,65.58,61.4,1.07,0.82,1.45,8.7,93,15.59,63
2301,光寶科,電子工業,6.65,164568691000.0,24747171578.94737,3.73,198417081942.59894,8.02,22.09,22.96,13.8,36.76,110.68,294.82,177.19,210.0,0.84,0.53,1.4,3.24,17,81.4,134
2302,麗正,半導體業,0.49,835569000.0,1705242857.142857,0.28,977980894.996892,0.57,33.34,37.09,19.87,56.96,11.33,32.47,19.0,45.0,0.42,0.25,0.72,12.53,170,25.16,126
2303,聯電,半導體業,3.33,237238293000.0,71242730630.63063,1.77,255864250303.1279,3.59,14.68,26.99,9.69,36.68,34.79,131.68,52.7,140.0,0.38,0.25,0.94,1.76,4,6.11,183
2305,全友,電子工業,0.2,733136000.0,3665680000.0,0.15,1149057396.8933883,0.31,121.35,165.69,60.56,226.25,18.77,70.14,37.62,30.6,1.23,0.61,2.29,7.31,30,19.05,69
2308,台達電,電子工業,23.14,539937575000.0,23333516637.856525,14.17,745571804828.4323,31.95,42.22,72.87,20.69,93.56,661.05,2989.24,1348.97,2155.0,0.63,0.31,1.39,23.3,24,172.15,133
2312,金寶,其他電子業,1.05,162727375000.0,154978452380.95236,0.48,147833030623.22,0.95,24.6,28.91,14.82,43.73,14.08,41.54,23.37,34.85,0.67,0.4,1.19,83.56,163,14.98,127
2313,華通,電子工業,5.51,75158821000.0,13640439382.94011,2.92,84126026079.24072,6.17,20.87,43.26,9.39,52.65,57.94,324.85,128.8,264.0,0.49,0.22,1.23,26.12,24,65.62,183
2314,台揚,通信網路業,-4.32,1677413000.0,0.0,0.0,2349287418.5972834,0.0,0.0,0.0,0.0,0.0,0.0,0.0,0.0,15.8,0.0,0.0,0.0,4.87,144,242.28,149
2316,楠梓電,電子工業,13.37,3671873000.0,274635228.1226627,8.07,4782128824.541509,17.41,9.1,11.05,6.18,17.23,107.59,299.97,158.37,187.0,0.85,0.58,1.6,25.44,23,178.8,167
2248,華勝-KY,汽車工業,5.34,1815934000.0,340062546.8164794,3.74,3074753915.94553,9.04,9.29,5.02,6.5,11.52,58.76,104.14,83.95,56.3,1.49,1.04,1.85,78.6,137,6.2,140
2105,正新,橡膠工業,1.5,91262756000.0,60841837333.333336,0.77,92525996068.26642,1.52,19.78,6.6,16.88,23.48,25.66,35.69,30.06,29.7,1.01,0.86,1.2,8.78,154,2.93,37
2106,建大,橡膠工業,0.13,33973366000.0,261333584615.3846,0.07,34127455522.581387,0.13,46.26,128.05,15.8,143.85,2.05,18.7,6.01,17.75,0.34,0.12,1.05,4.69,8,1.32,37
2107,厚生,橡膠工業,1.67,1476855000.0,884344311.3772455,0.75,1305906226.0931687,1.48,14.39,6.29,12.08,18.37,17.88,27.19,21.29,25.2,0.84,0.71,1.08,5.41,45,0.6,37
2108,南帝,橡膠工業,0.84,9722020000.0,11573833333.333334,0.5,11089573577.568815,0.96,28.24,18.52,18.43,36.95,17.69,35.47,27.11,29.2,0.93,0.61,1.21,27.46,21,5.63,76
2109,華豐,橡膠工業,1.16,4571076000.0,3940582758.62069,0.58,4302965689.704752,1.09,11.66,3.74,10.06,13.8,10.97,15.04,12.71,14.6,0.87,0.75,1.03,4.96,22,0.29,1
2114,鑫永銓,橡膠工業,5.78,1583164000.0,273903806.2283737,2.99,1717967163.010089,6.27,16.81,3.9,15.1,19.0,94.68,119.13,105.4,89.4,1.18,1.06,1.33,2.48,3,2.51,76
2115,六暉-KY,汽車工業,1.58,2976173000.0,1883653797.4683545,0.9,3196699090.366757,1.7,16.15,24.48,11.31,35.79,19.23,60.84,27.45,20.9,1.31,0.92,2.91,1.64,22,1.09,14
2201,裕隆,汽車工業,0.93,74182384000.0,79766004301.07527,0.44,70021535067.64772,0.88,17.01,25.86,8.43,34.29,7.42,30.18,14.97,28.15,0.53,0.26,1.07,2.63,3,24.93,150
2204,中華,汽車工業,5.47,31570356000.0,5771545886.654479,3.12,35494453301.512856,6.15,10.21,6.25,7.32,13.57,45.02,83.46,62.82,56.2,1.12,0.8,1.49,5.14,25,0.16,97
2206,三陽工業,汽車工業,5.78,62818867000.0,10868316089.965397,2.8,60600464142.40796,5.58,10.67,3.51,8.79,12.3,49.05,68.63,59.53,61.9,0.96,0.79,1.11,5.1,29,0.45,84
2207,和泰車,汽車工業,33.93,278122174000.0,8196939994.105512,18.34,295057750198.9051,36.0,16.51,6.46,13.36,19.82,480.96,713.52,594.42,461.5,1.29,1.04,1.55,12.64,102,7.44,157
2208,台船,航運業,-1.76,21069459000.0,0.0,0.0,15260992515.685417,0.0,0.0,0.0,0.0,0.0,0.0,0.0,0.0,17.85,0.0,0.0,0.0,8.24,71,58.49,87
2211,長榮鋼,鋼鐵工業,8.59,15356743000.0,1787746565.774156,4.03,14524630774.505545,8.12,14.21,9.13,11.17,20.3,90.7,164.84,115.37,94.1,1.23,0.96,1.75,1.71,1,37.5,161
2221,大甲,其他,2.31,1380803000.0,597750216.4502164,1.3,1525687939.5841775,2.55,14.32,10.11,10.36,20.47,26.42,52.2,36.51,45.9,0.8,0.58,1.14,2.42,29,8.16,14
2227,裕日車,汽車工業,1.29,15328057000.0,11882214728.68217,0.53,12111003080.398499,1.02,28.56,45.09,9.32,54.41,9.51,55.5,29.13,49.7,0.59,0.19,1.12,3.66,3,10.68,43
2228,劍麟,汽車工業,5.24,4949851000.0,944628053.4351145,2.57,4790897303.270419,5.07,13.33,13.14,7.52,20.66,38.13,104.75,67.56,88.2,0.77,0.43,1.19,10.71,121,33.16,73
2231,為升,汽車工業,-1.64,3664324000.0,0.0,0.0,3322978486.1967707,0.0,47.96,53.18,21.16,74.34,0.0,0.0,0.0,92.9,0.0,0.0,0.0,0.0,0,98.52,85
2233,宇隆,汽車工業,6.69,3297200000.0,492855007.47384155,3.38,3178832454.064129,6.45,23.25,49.19,11.66,60.85,75.21,392.48,149.94,303.0,0.49,0.25,1.3,44.32,161,56.89,71
2235,謚源,電機機械,0.95,561922000.0,591496842.1052632,0.5,592412229.2963364,1.0,24.23,30.9,15.24,46.14,15.24,46.14,24.23,30.0,0.81,0.51,1.54,4.21,10,0.0,0
2236,百達-KY,汽車工業,-6.81,9249897000.0,0.0,0.0,10854875785.700817,0.0,186.01,909.93,10.07,920.0,0.0,0.0,0.0,134.0,0.0,0.0,0.0,71.56,176,22.63,178
2239,英利-KY,汽車工業,-7.87,19126801000.0,0.0,0.0,17698390001.168514,0.0,28.8,22.67,18.39,41.06,0.0,0.0,0.0,22.75,0.0,0.0,0.0,0.0,0,25.53,178
2243,宏旭-KY,汽車工業,1.22,1861642000.0,1525936065.5737705,0.71,2450667336.603247,1.61,32.16,58.07,8.39,66.46,13.51,107.0,51.77,47.0,1.1,0.29,2.28,61.18,32,30.0,77
2247,汎德永業,汽車工業,18.32,51898301000.0,2832876692.139738,7.2,38077440654.58138,13.44,13.04,3.71,11.28,14.99,151.6,201.47,175.25,237.5,0.74,0.64,0.85,2.02,3,20.42,36
2317,鴻海,其他電子業,13.6,7891774675000.0,580277549632.3529,8.07,10400566891852.8,17.92,16.16,11.71,10.24,21.95,183.5,393.34,289.61,272.0,1.06,0.67,1.45,13.25,21,69.03,135
2321,東訊,通信網路業,-0.76,742234000.0,0.0,0.0,722560865.0100855,0.0,0.0,0.0,0.0,0.0,0.0,0.0,0.0,13.5,0.0,0.0,0.0,6.13,142,0.0,0
2347,聯強,電子通路業,5.09,404171231000.0,79404956974.45973,3.76,624600604194.655,7.87,13.77,7.97,10.63,18.6,83.66,146.38,108.39,92.4,1.17,0.91,1.58,4.47,2,0.83,1
2348,海悅,其他,6.85,7027149000.0,1025861167.8832117,2.38,5241021743.895747,5.11,13.26,13.36,7.84,21.2,40.06,108.33,67.76,77.6,0.87,0.52,1.4,65.32,42,0.0,0
2348A,海悅甲特,其他,0.0,0.0,0.0,0.0,0.0,0.0,0.0,0.0,0.0,0.0,0.0,0.0,0.0,37.55,0.0,0.0,0.0,5.06,158,2.36,27
2349,錸德,光電業,-0.36,7529703000.0,0.0,0.0,7273413993.200973,0.0,187.78,121.43,122.57,244.0,0.0,0.0,0.0,13.65,0.0,0.0,0.0,117.79,21,60.4,182
2351,順德,半導體業,1.67,10255043000.0,6140744311.377246,0.98,11855966125.648834,1.93,40.01,98.13,16.63,114.76,32.1,221.49,77.21,180.0,0.43,0.18,1.23,19.35,95,21.38,133
2352,佳世達,電子工業,0.63,208040050000.0,330222301587.3016,0.32,210736324146.03513,0.64,28.97,36.65,19.24,55.89,12.31,35.77,18.54,30.8,0.6,0.4,1.16,4.88,8,32.09,112
2353,宏碁,電子工業,1.26,271654739000.0,215598999206.3492,0.73,347860096545.819,1.61,21.43,18.18,14.7,32.88,23.67,52.94,34.5,35.0,0.99,0.68,1.51,0.0,0,0.0,0
2354,鴻準,其他電子業,2.31,157468970000.0,68168385281.38528,0.8,117766493446.85062,1.73,26.26,17.83,18.76,36.59,32.45,63.3,45.43,57.5,0.79,0.56,1.1,42.88,144,19.97,55
2355,敬鵬,電子工業,1.6,15658335000.0,9786459375.0,0.84,16460536407.711973,1.68,18.3,30.76,8.88,39.64,14.92,66.6,30.74,58.0,0.53,0.26,1.15,8.04,21,29.0,72
2356,英業達,電子工業,2.41,699082867000.0,290075878423.2365,1.49,857009419536.499,2.95,21.75,17.37,15.96,33.33,47.08,98.32,64.17,67.5,0.95,0.7,1.46,8.26,25,11.1,134
2357,華碩,電子工業,59.99,716607808000.0,11945454375.729288,35.92,977599213618.1658,81.84,12.96,7.49,9.15,16.64,748.84,1361.82,1060.65,803.0,1.32,0.93,1.7,27.4,150,6.43,7
2359,所羅門,其他電子業,1.22,4193366000.0,3437185245.9016395,0.61,4175057679.14404,1.21,128.29,168.2,44.66,212.86,54.04,257.56,155.23,132.0,1.18,0.41,1.95,4.46,18,18.09,70
2360,致茂,其他電子業,27.68,26953569000.0,973756105.4913294,25.59,50765488232.801216,52.13,38.36,70.35,18.06,88.41,941.47,4608.81,1999.78,2230.0,0.9,0.42,2.07,47.91,142,132.21,161
2362,藍天,電子工業,2.05,20876604000.0,10183709268.292685,1.06,22367968547.049297,2.2,22.35,33.03,11.61,44.64,25.54,98.21,49.16,48.05,1.02,0.53,2.04,20.0,112,0.0,0
2345,智邦,電子工業,47.13,237761128000.0,5044793719.499257,30.16,383422407533.1957,76.0,33.71,34.06,20.26,54.32,1539.76,4128.32,2561.96,2495.0,1.03,0.62,1.65,37.38,179,61.55,181
2344,華邦電,電子工業,0.88,86008121000.0,97736501136.36363,0.89,186355192140.91992,1.91,103.27,132.99,29.32,162.31,56.0,310.01,197.24,199.0,0.99,0.28,1.56,5.69,4,297.87,178
2323,中環,光電業,1.58,7170946000.0,4538573417.7215185,0.86,7925117143.067049,1.75,11.73,15.08,4.3,19.38,7.52,33.92,20.52,11.25,1.82,0.67,3.02,13.65,18,37.38,181
2324,仁寶,電子工業,1.38,755605341000.0,547540102173.9131,0.75,808133996542.5206,1.48,17.41,25.12,10.26,35.38,15.18,52.36,25.76,37.3,0.69,0.41,1.4,9.07,175,27.72,100
2327,國巨*,電子工業,26.9,130098665000.0,4836381598.513011,16.46,166152793842.46823,34.35,19.34,71.77,5.71,77.48,196.14,2661.44,664.47,984.0,0.68,0.2,2.7,14.04,29,15.55,49
2328,廣宇,電子工業,1.56,22112137000.0,14174446794.871794,0.67,18049376935.201565,1.27,24.0,48.69,14.27,62.96,18.12,79.96,30.47,52.6,0.58,0.34,1.52,2.14,18,59.18,70
2329,華泰,半導體業,2.45,19362141000.0,7902914693.87755,1.3,22059647624.547127,2.79,24.89,29.53,13.35,42.88,37.25,119.64,69.45,54.3,1.28,0.69,2.2,2.45,4,27.78,149
2330,台積電,半導體業,66.26,3752213811000.0,56628641880.47087,40.56,4821322327607.393,85.14,25.88,17.52,17.35,34.87,1477.18,2968.83,2203.13,2385.0,0.92,0.62,1.24,18.35,144,44.5,139
2103,台橡,橡膠工業,0.54,36853803000.0,68247783333.33333,0.31,39095470023.02242,0.57,38.97,159.75,13.58,173.33,7.74,98.8,22.21,21.2,1.05,0.37,4.66,5.85,113,2.22,43
2331,精英,電腦及週邊設備業,1.4,19946465000.0,14247475000.0,0.73,23359964231.508373,1.64,25.58,37.82,13.38,51.2,21.94,83.97,41.95,22.25,1.89,0.99,3.77,1.9,18,41.08,181
2332,友訊,通信網路業,-0.91,13320681000.0,0.0,0.0,14290810960.105022,0.0,365.87,1014.21,25.79,1040.0,0.0,0.0,0.0,18.25,0.0,0.0,0.0,27.47,163,10.33,73
2337,旺宏,半導體業,-1.78,28063863000.0,0.0,0.0,56496520726.537964,0.0,0.0,0.0,0.0,0.0,0.0,0.0,0.0,161.5,0.0,0.0,0.0,11.21,45,83.94,148
2338,光罩,半導體業,-4.99,6212835000.0,0.0,0.0,5583274821.917018,0.0,25.7,17.7,15.44,33.14,0.0,0.0,0.0,52.2,0.0,0.0,0.0,12.67,24,44.13,71
2342,茂矽,半導體業,-0.48,2073952000.0,0.0,0.0,1856845060.4130986,0.0,366.68,1273.27,25.06,1298.33,0.0,0.0,0.0,50.2,0.0,0.0,0.0,7.0,172,74.49,127
1442,名軒,建材營造,3.04,3244173000.0,1067162171.0526316,0.78,1282069054.7681358,1.2,9.21,8.02,6.27,14.29,7.52,17.15,11.06,27.9,0.4,0.27,0.61,34.46,176,0.27,10
1441,大東,紡織纖維,-0.45,1516894000.0,0.0,0.0,1288637898.6020098,0.0,49.04,195.53,4.47,200.0,0.0,0.0,0.0,9.13,0.0,0.0,0.0,36.43,23,0.0,0
1440,南紡,紡織纖維,-0.15,14484020000.0,0.0,0.0,12189465958.58766,0.0,10.39,3.78,8.74,12.52,0.0,0.0,0.0,13.5,0.0,0.0,0.0,5.37,31,11.45,148
00762,元大全球AI,ETF,0.0,0.0,0.0,0.0,0.0,0.0,0.0,0.0,0.0,0.0,0.0,0.0,0.0,120.75,0.0,0.0,0.0,15.53,175,37.58,135
00763U,期街口道瓊銅,ETF,0.0,0.0,0.0,0.0,0.0,0.0,0.0,0.0,0.0,0.0,0.0,0.0,0.0,34.9,0.0,0.0,0.0,4.29,22,19.84,37
00770,國泰北美科技,ETF,0.0,0.0,0.0,0.0,0.0,0.0,0.0,0.0,0.0,0.0,0.0,0.0,0.0,68.0,0.0,0.0,0.0,13.11,183,33.7,135
00771,元大US高息特別股,ETF,0.0,0.0,0.0,0.0,0.0,0.0,0.0,0.0,0.0,0.0,0.0,0.0,0.0,15.79,0.0,0.0,0.0,6.02,122,8.52,132
00775B,新光投等債15+,ETF,0.0,0.0,0.0,0.0,0.0,0.0,0.0,0.0,0.0,0.0,0.0,0.0,0.0,32.4,0.0,0.0,0.0,4.65,93,0.0,0
00783,富邦中証500,ETF,0.0,0.0,0.0,0.0,0.0,0.0,0.0,0.0,0.0,0.0,0.0,0.0,0.0,30.2,0.0,0.0,0.0,40.23,112,37.09,114
00757,統一FANG+,ETF,0.0,0.0,0.0,0.0,0.0,0.0,0.0,0.0,0.0,0.0,0.0,0.0,0.0,129.35,0.0,0.0,0.0,23.46,183,26.04,136
00728,第一金工業30,ETF,0.0,0.0,0.0,0.0,0.0,0.0,0.0,0.0,0.0,0.0,0.0,0.0,0.0,63.65,0.0,0.0,0.0,7.24,24,19.84,139
00730,富邦臺灣優質高息,ETF,0.0,0.0,0.0,0.0,0.0,0.0,0.0,0.0,0.0,0.0,0.0,0.0,0.0,28.85,0.0,0.0,0.0,4.53,121,18.85,76
00731,復華富時高息低波,ETF,0.0,0.0,0.0,0.0,0.0,0.0,0.0,0.0,0.0,0.0,0.0,0.0,0.0,90.35,0.0,0.0,0.0,6.13,24,3.7,127
00733,富邦臺灣中小,ETF,0.0,0.0,0.0,0.0,0.0,0.0,0.0,0.0,0.0,0.0,0.0,0.0,0.0,75.95,0.0,0.0,0.0,1.33,3,25.46,121
00735,國泰臺韓科技,ETF,0.0,0.0,0.0,0.0,0.0,0.0,0.0,0.0,0.0,0.0,0.0,0.0,0.0,115.05,0.0,0.0,0.0,17.29,18,57.49,139
00736,國泰新興市場,ETF,0.0,0.0,0.0,0.0,0.0,0.0,0.0,0.0,0.0,0.0,0.0,0.0,0.0,31.27,0.0,0.0,0.0,12.98,112,18.81,149
00737,國泰AI機器人,ETF,0.0,0.0,0.0,0.0,0.0,0.0,0.0,0.0,0.0,0.0,0.0,0.0,0.0,38.53,0.0,0.0,0.0,14.13,175,26.13,132
00738U,期元大道瓊白銀,ETF,0.0,0.0,0.0,0.0,0.0,0.0,0.0,0.0,0.0,0.0,0.0,0.0,0.0,56.3,0.0,0.0,0.0,16.06,128,77.22,183
00739,元大MSCI A股,ETF,0.0,0.0,0.0,0.0,0.0,0.0,0.0,0.0,0.0,0.0,0.0,0.0,0.0,29.18,0.0,0.0,0.0,30.45,112,27.81,114
00752,中信中國50,ETF,0.0,0.0,0.0,0.0,0.0,0.0,0.0,0.0,0.0,0.0,0.0,0.0,0.0,22.3,0.0,0.0,0.0,33.92,112,25.92,107
00753L,中信中國50正2,ETF,0.0,0.0,0.0,0.0,0.0,0.0,0.0,0.0,0.0,0.0,0.0,0.0,0.0,9.24,0.0,0.0,0.0,75.4,112,49.34,107
00875,國泰網路資安,ETF,0.0,0.0,0.0,0.0,0.0,0.0,0.0,0.0,0.0,0.0,0.0,0.0,0.0,47.06,0.0,0.0,0.0,24.53,183,9.67,132
00876,元大全球5G,ETF,0.0,0.0,0.0,0.0,0.0,0.0,0.0,0.0,0.0,0.0,0.0,0.0,0.0,99.35,0.0,0.0,0.0,7.42,24,45.82,178
00878,國泰永續高股息,ETF,0.0,0.0,0.0,0.0,0.0,0.0,0.0,0.0,0.0,0.0,0.0,0.0,0.0,33.27,0.0,0.0,0.0,5.18,24,4.26,134
00881,國泰台灣科技龍頭,ETF,0.0,0.0,0.0,0.0,0.0,0.0,0.0,0.0,0.0,0.0,0.0,0.0,0.0,54.95,0.0,0.0,0.0,11.86,24,39.59,136
00882,中信中國高股息,ETF,0.0,0.0,0.0,0.0,0.0,0.0,0.0,0.0,0.0,0.0,0.0,0.0,0.0,15.82,0.0,0.0,0.0,28.36,112,20.26,149
00885,富邦越南,ETF,0.0,0.0,0.0,0.0,0.0,0.0,0.0,0.0,0.0,0.0,0.0,0.0,0.0,18.28,0.0,0.0,0.0,2.57,106,51.98,119
00891,中信關鍵半導體,ETF,0.0,0.0,0.0,0.0,0.0,0.0,0.0,0.0,0.0,0.0,0.0,0.0,0.0,36.65,0.0,0.0,0.0,8.73,24,20.11,176
00892,富邦台灣半導體,ETF,0.0,0.0,0.0,0.0,0.0,0.0,0.0,0.0,0.0,0.0,0.0,0.0,0.0,45.06,0.0,0.0,0.0,10.37,24,29.97,176
00893,國泰智能電動車,ETF,0.0,0.0,0.0,0.0,0.0,0.0,0.0,0.0,0.0,0.0,0.0,0.0,0.0,46.63,0.0,0.0,0.0,20.32,183,50.35,135
00894,中信小資高價30,ETF,0.0,0.0,0.0,0.0,0.0,0.0,0.0,0.0,0.0,0.0,0.0,0.0,0.0,49.39,0.0,0.0,0.0,11.07,24,41.4,139
00895,富邦未來車,ETF,0.0,0.0,0.0,0.0,0.0,0.0,0.0,0.0,0.0,0.0,0.0,0.0,0.0,52.15,0.0,0.0,0.0,17.25,183,36.58,135
00896,中信綠能及電動車,ETF,0.0,0.0,0.0,0.0,0.0,0.0,0.0,0.0,0.0,0.0,0.0,0.0,0.0,27.59,0.0,0.0,0.0,3.6,24,31.46,134
00897,富邦基因免疫生技,ETF,0.0,0.0,0.0,0.0,0.0,0.0,0.0,0.0,0.0,0.0,0.0,0.0,0.0,9.91,0.0,0.0,0.0,10.01,42,39.42,164
00898,國泰基因免疫革命,ETF,0.0,0.0,0.0,0.0,0.0,0.0,0.0,0.0,0.0,0.0,0.0,0.0,0.0,8.39,0.0,0.0,0.0,10.38,42,33.11,171
00899,FT潔淨能源,ETF,0.0,0.0,0.0,0.0,0.0,0.0,0.0,0.0,0.0,0.0,0.0,0.0,0.0,26.56,0.0,0.0,0.0,1.65,28,48.64,142
00900,富邦特選高股息30,ETF,0.0,0.0,0.0,0.0,0.0,0.0,0.0,0.0,0.0,0.0,0.0,0.0,0.0,19.47,0.0,0.0,0.0,2.39,3,4.67,121
00901,永豐智能車供應鏈,ETF,0.0,0.0,0.0,0.0,0.0,0.0,0.0,0.0,0.0,0.0,0.0,0.0,0.0,46.8,0.0,0.0,0.0,11.71,24,43.34,136
00902,中信電池及儲能,ETF,0.0,0.0,0.0,0.0,0.0,0.0,0.0,0.0,0.0,0.0,0.0,0.0,0.0,15.89,0.0,0.0,0.0,16.58,112,86.5,149
00865B,國泰US短期公債,ETF,0.0,0.0,0.0,0.0,0.0,0.0,0.0,0.0,0.0,0.0,0.0,0.0,0.0,48.02,0.0,0.0,0.0,2.95,169,9.11,183
008201,BP上證50,ETF,0.0,0.0,0.0,0.0,0.0,0.0,0.0,0.0,0.0,0.0,0.0,0.0,0.0,100.0,0.0,0.0,0.0,3.9,2,3.9,2
00830,國泰費城半導體,ETF,0.0,0.0,0.0,0.0,0.0,0.0,0.0,0.0,0.0,0.0,0.0,0.0,0.0,95.6,0.0,0.0,0.0,5.68,24,49.69,178
00850,元大臺灣ESG永續,ETF,0.0,0.0,0.0,0.0,0.0,0.0,0.0,0.0,0.0,0.0,0.0,0.0,0.0,91.4,0.0,0.0,0.0,10.06,24,29.31,136
00851,台新全球AI,ETF,0.0,0.0,0.0,0.0,0.0,0.0,0.0,0.0,0.0,0.0,0.0,0.0,0.0,73.25,0.0,0.0,0.0,15.35,183,22.84,139
00852L,國泰美國道瓊正2,ETF,0.0,0.0,0.0,0.0,0.0,0.0,0.0,0.0,0.0,0.0,0.0,0.0,0.0,34.34,0.0,0.0,0.0,29.77,171,33.53,178
00861,元大全球未來通訊,ETF,0.0,0.0,0.0,0.0,0.0,0.0,0.0,0.0,0.0,0.0,0.0,0.0,0.0,94.5,0.0,0.0,0.0,6.64,24,34.82,176
00717,富邦美國特別股,ETF,0.0,0.0,0.0,0.0,0.0,0.0,0.0,0.0,0.0,0.0,0.0,0.0,0.0,15.05,0.0,0.0,0.0,6.0,121,9.53,183
00716R,華頓S&P布蘭特反1,ETF,0.0,0.0,0.0,0.0,0.0,0.0,0.0,0.0,0.0,0.0,0.0,0.0,0.0,19.42,0.0,0.0,0.0,0.0,0,0.0,0
00715L,期街口布蘭特正2,ETF,0.0,0.0,0.0,0.0,0.0,0.0,0.0,0.0,0.0,0.0,0.0,0.0,0.0,37.89,0.0,0.0,0.0,13.69,18,59.02,177
00635U,期元大S&P黃金,ETF,0.0,0.0,0.0,0.0,0.0,0.0,0.0,0.0,0.0,0.0,0.0,0.0,0.0,45.18,0.0,0.0,0.0,16.99,135,26.65,122
00636,國泰中國A50,ETF,0.0,0.0,0.0,0.0,0.0,0.0,0.0,0.0,0.0,0.0,0.0,0.0,0.0,28.76,0.0,0.0,0.0,36.39,112,26.05,149
00636K,國泰中國A50+U,ETF,0.0,0.0,0.0,0.0,0.0,0.0,0.0,0.0,0.0,0.0,0.0,0.0,0.0,9.15,0.0,0.0,0.0,25.98,113,20.47,135
00637L,元大滬深300正2,ETF,0.0,0.0,0.0,0.0,0.0,0.0,0.0,0.0,0.0,0.0,0.0,0.0,0.0,21.49,0.0,0.0,0.0,67.68,112,44.67,132
00638R,元大滬深300反1,ETF,0.0,0.0,0.0,0.0,0.0,0.0,0.0,0.0,0.0,0.0,0.0,0.0,0.0,6.53,0.0,0.0,0.0,6.58,93,0.77,2
00639,富邦深100,ETF,0.0,0.0,0.0,0.0,0.0,0.0,0.0,0.0,0.0,0.0,0.0,0.0,0.0,18.31,0.0,0.0,0.0,62.24,112,43.67,135
00640L,富邦日本正2,ETF,0.0,0.0,0.0,0.0,0.0,0.0,0.0,0.0,0.0,0.0,0.0,0.0,0.0,104.75,0.0,0.0,0.0,18.29,24,51.21,181
00641R,富邦日本反1,ETF,0.0,0.0,0.0,0.0,0.0,0.0,0.0,0.0,0.0,0.0,0.0,0.0,0.0,3.77,0.0,0.0,0.0,19.05,49,1.05,6
00642U,期元大S&P石油,ETF,0.0,0.0,0.0,0.0,0.0,0.0,0.0,0.0,0.0,0.0,0.0,0.0,0.0,24.34,0.0,0.0,0.0,7.69,18,5.69,6
00643,群益深証中小,ETF,0.0,0.0,0.0,0.0,0.0,0.0,0.0,0.0,0.0,0.0,0.0,0.0,0.0,20.06,0.0,0.0,0.0,40.31,112,40.94,114
00643K,群益深証中小+R,ETF,0.0,0.0,0.0,0.0,0.0,0.0,0.0,0.0,0.0,0.0,0.0,0.0,0.0,0.0,0.0,0.0,0.0,0.0,0,0.0,0
00645,富邦日本,ETF,0.0,0.0,0.0,0.0,0.0,0.0,0.0,0.0,0.0,0.0,0.0,0.0,0.0,56.6,0.0,0.0,0.0,8.75,24,24.33,181
00646,元大S&P500,ETF,0.0,0.0,0.0,0.0,0.0,0.0,0.0,0.0,0.0,0.0,0.0,0.0,0.0,74.65,0.0,0.0,0.0,13.17,169,21.91,178
00647L,元大S&P500正2,ETF,0.0,0.0,0.0,0.0,0.0,0.0,0.0,0.0,0.0,0.0,0.0,0.0,0.0,135.35,0.0,0.0,0.0,19.39,175,31.02,178
00648R,元大S&P500反1,ETF,0.0,0.0,0.0,0.0,0.0,0.0,0.0,0.0,0.0,0.0,0.0,0.0,0.0,3.98,0.0,0.0,0.0,4.85,52,1.23,6
00649,FH香港,ETF,0.0,0.0,0.0,0.0,0.0,0.0,0.0,0.0,0.0,0.0,0.0,0.0,0.0,20.83,0.0,0.0,0.0,2.97,2,2.97,2
00650L,復華香港正2,ETF,0.0,0.0,0.0,0.0,0.0,0.0,0.0,0.0,0.0,0.0,0.0,0.0,0.0,15.64,0.0,0.0,0.0,62.23,112,33.11,107
00651R,復華香港反1,ETF,0.0,0.0,0.0,0.0,0.0,0.0,0.0,0.0,0.0,0.0,0.0,0.0,0.0,5.45,0.0,0.0,0.0,6.72,50,2.77,2
00652,富邦印度,ETF,0.0,0.0,0.0,0.0,0.0,0.0,0.0,0.0,0.0,0.0,0.0,0.0,0.0,32.96,0.0,0.0,0.0,8.89,101,5.78,163
00653L,富邦印度正2,ETF,0.0,0.0,0.0,0.0,0.0,0.0,0.0,0.0,0.0,0.0,0.0,0.0,0.0,46.42,0.0,0.0,0.0,18.52,102,7.62,163
00654R,富邦印度反1,ETF,0.0,0.0,0.0,0.0,0.0,0.0,0.0,0.0,0.0,0.0,0.0,0.0,0.0,6.74,0.0,0.0,0.0,3.21,157,3.49,51
00655L,國泰中國A50正2,ETF,0.0,0.0,0.0,0.0,0.0,0.0,0.0,0.0,0.0,0.0,0.0,0.0,0.0,36.25,0.0,0.0,0.0,66.67,112,42.44,132
00656R,國泰中國A50反1,ETF,0.0,0.0,0.0,0.0,0.0,0.0,0.0,0.0,0.0,0.0,0.0,0.0,0.0,5.78,0.0,0.0,0.0,6.64,93,0.72,2
00657,國泰日經225,ETF,0.0,0.0,0.0,0.0,0.0,0.0,0.0,0.0,0.0,0.0,0.0,0.0,0.0,81.45,0.0,0.0,0.0,10.73,24,36.21,136
00657K,國泰日經225+U,ETF,0.0,0.0,0.0,0.0,0.0,0.0,0.0,0.0,0.0,0.0,0.0,0.0,0.0,25.95,0.0,0.0,0.0,10.07,24,29.81,139
00634R,富邦上証反1,ETF,0.0,0.0,0.0,0.0,0.0,0.0,0.0,0.0,0.0,0.0,0.0,0.0,0.0,3.05,0.0,0.0,0.0,6.45,91,0.53,2
00658L,國泰日本正2,ETF,0.0,0.0,0.0,0.0,0.0,0.0,0.0,0.0,0.0,0.0,0.0,0.0,0.0,37.96,0.0,0.0,0.0,29.78,2,29.78,2
00633L,富邦上証正2,ETF,0.0,0.0,0.0,0.0,0.0,0.0,0.0,0.0,0.0,0.0,0.0,0.0,0.0,51.95,0.0,0.0,0.0,66.52,112,41.66,132
00631L,元大台灣50正2,ETF,0.0,0.0,0.0,0.0,0.0,0.0,0.0,0.0,0.0,0.0,0.0,0.0,0.0,37.51,0.0,0.0,0.0,18.89,24,71.96,136
00401A,主動摩根台灣鑫收,ETF,0.0,0.0,0.0,0.0,0.0,0.0,0.0,0.0,0.0,0.0,0.0,0.0,0.0,13.82,0.0,0.0,0.0,31.67,54,31.67,54
00402A,主動安聯美國科技,ETF,0.0,0.0,0.0,0.0,0.0,0.0,0.0,0.0,0.0,0.0,0.0,0.0,0.0,9.97,0.0,0.0,0.0,0.2,7,0.2,7
00403A,主動統一升級50,ETF,0.0,0.0,0.0,0.0,0.0,0.0,0.0,0.0,0.0,0.0,0.0,0.0,0.0,10.75,0.0,0.0,0.0,0.19,20,0.19,20
00404A,主動聯博動能50,ETF,0.0,0.0,0.0,0.0,0.0,0.0,0.0,0.0,0.0,0.0,0.0,0.0,0.0,10.09,0.0,0.0,0.0,1.31,7,1.31,7
00405A,主動富邦台灣龍耀,ETF,0.0,0.0,0.0,0.0,0.0,0.0,0.0,0.0,0.0,0.0,0.0,0.0,0.0,9.39,0.0,0.0,0.0,0.0,0,0.0,0
00406A,主動中信台灣收益,ETF,0.0,0.0,0.0,0.0,0.0,0.0,0.0,0.0,0.0,0.0,0.0,0.0,0.0,10.13,0.0,0.0,0.0,5.08,6,5.08,6
0050,元大台灣50,ETF,0.0,0.0,0.0,0.0,0.0,0.0,0.0,0.0,0.0,0.0,0.0,0.0,0.0,106.0,0.0,0.0,0.0,12.64,24,36.12,135
0051,元大中型100,ETF,0.0,0.0,0.0,0.0,0.0,0.0,0.0,0.0,0.0,0.0,0.0,0.0,0.0,144.3,0.0,0.0,0.0,3.16,24,24.93,149
0052,富邦科技,ETF,0.0,0.0,0.0,0.0,0.0,0.0,0.0,0.0,0.0,0.0,0.0,0.0,0.0,62.15,0.0,0.0,0.0,13.49,24,42.97,136
0053,元大電子,ETF,0.0,0.0,0.0,0.0,0.0,0.0,0.0,0.0,0.0,0.0,0.0,0.0,0.0,242.0,0.0,0.0,0.0,12.58,24,42.41,136
0054,元大台商50,ETF,0.0,0.0,0.0,0.0,0.0,0.0,0.0,0.0,0.0,0.0,0.0,0.0,0.0,23.5,0.0,0.0,0.0,0.0,0,0.0,0
0055,元大MSCI金融,ETF,0.0,0.0,0.0,0.0,0.0,0.0,0.0,0.0,0.0,0.0,0.0,0.0,0.0,42.66,0.0,0.0,0.0,10.61,123,10.73,183
0056,元大高股息,ETF,0.0,0.0,0.0,0.0,0.0,0.0,0.0,0.0,0.0,0.0,0.0,0.0,0.0,51.95,0.0,0.0,0.0,4.56,24,8.95,127
0057,富邦摩台,ETF,0.0,0.0,0.0,0.0,0.0,0.0,0.0,0.0,0.0,0.0,0.0,0.0,0.0,313.65,0.0,0.0,0.0,11.81,24,35.27,136
0058,富邦發達,ETF,0.0,0.0,0.0,0.0,0.0,0.0,0.0,0.0,0.0,0.0,0.0,0.0,0.0,0.0,0.0,0.0,0.0,0.0,0,0.0,0
0059,富邦金融,ETF,0.0,0.0,0.0,0.0,0.0,0.0,0.0,0.0,0.0,0.0,0.0,0.0,0.0,40.47,0.0,0.0,0.0,5.69,2,5.69,2
0061,元大寶滬深,ETF,0.0,0.0,0.0,0.0,0.0,0.0,0.0,0.0,0.0,0.0,0.0,0.0,0.0,25.28,0.0,0.0,0.0,53.69,112,29.18,149
006203,元大MSCI台灣,ETF,0.0,0.0,0.0,0.0,0.0,0.0,0.0,0.0,0.0,0.0,0.0,0.0,0.0,191.25,0.0,0.0,0.0,12.22,24,34.72,136
006204,永豐臺灣加權,ETF,0.0,0.0,0.0,0.0,0.0,0.0,0.0,0.0,0.0,0.0,0.0,0.0,0.0,228.8,0.0,0.0,0.0,8.86,24,28.53,176
006205,富邦上証,ETF,0.0,0.0,0.0,0.0,0.0,0.0,0.0,0.0,0.0,0.0,0.0,0.0,0.0,41.07,0.0,0.0,0.0,32.73,112,28.9,149
006206,元大上證50,ETF,0.0,0.0,0.0,0.0,0.0,0.0,0.0,0.0,0.0,0.0,0.0,0.0,0.0,37.0,0.0,0.0,0.0,35.37,112,24.64,150
006207,復華滬深,ETF,0.0,0.0,0.0,0.0,0.0,0.0,0.0,0.0,0.0,0.0,0.0,0.0,0.0,33.82,0.0,0.0,0.0,35.86,112,31.63,149
006208,富邦台50,ETF,0.0,0.0,0.0,0.0,0.0,0.0,0.0,0.0,0.0,0.0,0.0,0.0,0.0,246.3,0.0,0.0,0.0,13.02,24,37.13,136
00625K,富邦上証+R,ETF,0.0,0.0,0.0,0.0,0.0,0.0,0.0,0.0,0.0,0.0,0.0,0.0,0.0,0.0,0.0,0.0,0.0,0.0,0,0.0,0
00632R,元大台灣50反1,ETF,0.0,0.0,0.0,0.0,0.0,0.0,0.0,0.0,0.0,0.0,0.0,0.0,0.0,10.16,0.0,0.0,0.0,558.69,177,1.11,6
00659R,國泰日本反1,ETF,0.0,0.0,0.0,0.0,0.0,0.0,0.0,0.0,0.0,0.0,0.0,0.0,0.0,12.81,0.0,0.0,0.0,0.0,0,0.0,0
00660,元大歐洲50,ETF,0.0,0.0,0.0,0.0,0.0,0.0,0.0,0.0,0.0,0.0,0.0,0.0,0.0,46.09,0.0,0.0,0.0,4.77,105,8.29,149
00661,元大日經225,ETF,0.0,0.0,0.0,0.0,0.0,0.0,0.0,0.0,0.0,0.0,0.0,0.0,0.0,90.0,0.0,0.0,0.0,10.34,24,36.68,136
00690,兆豐藍籌30,ETF,0.0,0.0,0.0,0.0,0.0,0.0,0.0,0.0,0.0,0.0,0.0,0.0,0.0,81.05,0.0,0.0,0.0,10.7,24,32.34,136
00691R,兆豐藍籌30反1,ETF,0.0,0.0,0.0,0.0,0.0,0.0,0.0,0.0,0.0,0.0,0.0,0.0,0.0,17.95,0.0,0.0,0.0,0.0,0,0.0,0
00692,富邦公司治理,ETF,0.0,0.0,0.0,0.0,0.0,0.0,0.0,0.0,0.0,0.0,0.0,0.0,0.0,91.65,0.0,0.0,0.0,11.33,24,33.46,136
00693U,期街口S&P黃豆,ETF,0.0,0.0,0.0,0.0,0.0,0.0,0.0,0.0,0.0,0.0,0.0,0.0,0.0,21.06,0.0,0.0,0.0,0.0,0,8.18,154
00698L,元大美債7-10正2,ETF,0.0,0.0,0.0,0.0,0.0,0.0,0.0,0.0,0.0,0.0,0.0,0.0,0.0,0.0,0.0,0.0,0.0,0.0,0,0.0,0
00699R,元大美債7-10反1,ETF,0.0,0.0,0.0,0.0,0.0,0.0,0.0,0.0,0.0,0.0,0.0,0.0,0.0,0.0,0.0,0.0,0.0,0.0,0,0.0,0
00700,富邦恒生國企,ETF,0.0,0.0,0.0,0.0,0.0,0.0,0.0,0.0,0.0,0.0,0.0,0.0,0.0,16.47,0.0,0.0,0.0,39.48,112,16.05,107
00701,國泰股利精選30,ETF,0.0,0.0,0.0,0.0,0.0,0.0,0.0,0.0,0.0,0.0,0.0,0.0,0.0,38.72,0.0,0.0,0.0,6.99,25,6.43,58
00702,國泰標普低波高息,ETF,0.0,0.0,0.0,0.0,0.0,0.0,0.0,0.0,0.0,0.0,0.0,0.0,0.0,24.54,0.0,0.0,0.0,14.87,168,6.82,182
00703,台新MSCI中國,ETF,0.0,0.0,0.0,0.0,0.0,0.0,0.0,0.0,0.0,0.0,0.0,0.0,0.0,18.97,0.0,0.0,0.0,41.36,112,25.68,107
00704L,台新MSCI台灣正2,ETF,0.0,0.0,0.0,0.0,0.0,0.0,0.0,0.0,0.0,0.0,0.0,0.0,0.0,19.88,0.0,0.0,0.0,0.0,0,0.0,0
00705R,台新MSCI台灣反1,ETF,0.0,0.0,0.0,0.0,0.0,0.0,0.0,0.0,0.0,0.0,0.0,0.0,0.0,19.53,0.0,0.0,0.0,0.77,2,0.77,2
00706L,期元大S&P日圓正2,ETF,0.0,0.0,0.0,0.0,0.0,0.0,0.0,0.0,0.0,0.0,0.0,0.0,0.0,18.94,0.0,0.0,0.0,21.29,91,251.99,127
00707R,期元大S&P日圓反1,ETF,0.0,0.0,0.0,0.0,0.0,0.0,0.0,0.0,0.0,0.0,0.0,0.0,0.0,32.2,0.0,0.0,0.0,0.0,0,0.0,0
00708L,期元大S&P黃金正2,ETF,0.0,0.0,0.0,0.0,0.0,0.0,0.0,0.0,0.0,0.0,0.0,0.0,0.0,81.15,0.0,0.0,0.0,35.77,135,58.25,122
00709,富邦歐洲,ETF,0.0,0.0,0.0,0.0,0.0,0.0,0.0,0.0,0.0,0.0,0.0,0.0,0.0,39.67,0.0,0.0,0.0,4.77,78,15.92,183
00710B,復華彭博非投等債,ETF,0.0,0.0,0.0,0.0,0.0,0.0,0.0,0.0,0.0,0.0,0.0,0.0,0.0,18.75,0.0,0.0,0.0,2.91,169,6.81,182
00711B,復華彭博新興債,ETF,0.0,0.0,0.0,0.0,0.0,0.0,0.0,0.0,0.0,0.0,0.0,0.0,0.0,16.05,0.0,0.0,0.0,4.94,93,13.97,161
00712,復華富時不動產,ETF,0.0,0.0,0.0,0.0,0.0,0.0,0.0,0.0,0.0,0.0,0.0,0.0,0.0,8.69,0.0,0.0,0.0,5.94,30,11.77,83
00713,元大台灣高息低波,ETF,0.0,0.0,0.0,0.0,0.0,0.0,0.0,0.0,0.0,0.0,0.0,0.0,0.0,61.05,0.0,0.0,0.0,0.25,1,0.29,1
00714,群益道瓊美國地產,ETF,0.0,0.0,0.0,0.0,0.0,0.0,0.0,0.0,0.0,0.0,0.0,0.0,0.0,21.93,0.0,0.0,0.0,16.79,164,6.97,128
00689R,國泰20年美債反1,ETF,0.0,0.0,0.0,0.0,0.0,0.0,0.0,0.0,0.0,0.0,0.0,0.0,0.0,21.79,0.0,0.0,0.0,5.51,150,1.47,78
00688L,國泰20年美債正2,ETF,0.0,0.0,0.0,0.0,0.0,0.0,0.0,0.0,0.0,0.0,0.0,0.0,0.0,6.99,0.0,0.0,0.0,13.4,86,15.52,127
00687C,國泰20年美債+櫃U,上櫃ETF,0.0,0.0,0.0,0.0,0.0,0.0,0.0,0.0,0.0,0.0,0.0,0.0,0.0,9.42,0.0,0.0,0.0,7.79,53,9.15,127
00662,富邦NASDAQ,ETF,0.0,0.0,0.0,0.0,0.0,0.0,0.0,0.0,0.0,0.0,0.0,0.0,0.0,122.4,0.0,0.0,0.0,12.8,183,24.86,171
00663L,國泰臺灣加權正2,ETF,0.0,0.0,0.0,0.0,0.0,0.0,0.0,0.0,0.0,0.0,0.0,0.0,0.0,109.05,0.0,0.0,0.0,18.09,24,71.46,136
00664R,國泰臺灣加權反1,ETF,0.0,0.0,0.0,0.0,0.0,0.0,0.0,0.0,0.0,0.0,0.0,0.0,0.0,1.64,0.0,0.0,0.0,12.31,49,1.38,6
00665L,富邦恒生國企正2,ETF,0.0,0.0,0.0,0.0,0.0,0.0,0.0,0.0,0.0,0.0,0.0,0.0,0.0,8.81,0.0,0.0,0.0,67.45,112,26.58,107
00666R,富邦恒生國企反1,ETF,0.0,0.0,0.0,0.0,0.0,0.0,0.0,0.0,0.0,0.0,0.0,0.0,0.0,9.48,0.0,0.0,0.0,7.12,49,3.26,2
00667,元大韓國,ETF,0.0,0.0,0.0,0.0,0.0,0.0,0.0,0.0,0.0,0.0,0.0,0.0,0.0,24.0,0.0,0.0,0.0,5.96,2,5.96,2
00668,國泰美國道瓊,ETF,0.0,0.0,0.0,0.0,0.0,0.0,0.0,0.0,0.0,0.0,0.0,0.0,0.0,60.05,0.0,0.0,0.0,17.29,169,22.06,178
00668K,國泰美國道瓊+U,ETF,0.0,0.0,0.0,0.0,0.0,0.0,0.0,0.0,0.0,0.0,0.0,0.0,0.0,18.92,0.0,0.0,0.0,16.77,171,14.63,178
00669R,國泰美國道瓊反1,ETF,0.0,0.0,0.0,0.0,0.0,0.0,0.0,0.0,0.0,0.0,0.0,0.0,0.0,5.27,0.0,0.0,0.0,0.14,52,1.11,6
00670L,富邦NASDAQ正2,ETF,0.0,0.0,0.0,0.0,0.0,0.0,0.0,0.0,0.0,0.0,0.0,0.0,0.0,216.1,0.0,0.0,0.0,16.4,183,37.42,135
00671R,富邦NASDAQ反1,ETF,0.0,0.0,0.0,0.0,0.0,0.0,0.0,0.0,0.0,0.0,0.0,0.0,0.0,2.39,0.0,0.0,0.0,10.34,49,0.91,2
00672L,元大S&P原油正2,ETF,0.0,0.0,0.0,0.0,0.0,0.0,0.0,0.0,0.0,0.0,0.0,0.0,0.0,18.19,0.0,0.0,0.0,24.76,2,24.76,2
00903,富邦元宇宙,ETF,0.0,0.0,0.0,0.0,0.0,0.0,0.0,0.0,0.0,0.0,0.0,0.0,0.0,21.73,0.0,0.0,0.0,12.91,183,32.24,135
00673R,期元大S&P原油反1,ETF,0.0,0.0,0.0,0.0,0.0,0.0,0.0,0.0,0.0,0.0,0.0,0.0,0.0,14.85,0.0,0.0,0.0,10.86,86,364.14,183
00675L,富邦臺灣加權正2,ETF,0.0,0.0,0.0,0.0,0.0,0.0,0.0,0.0,0.0,0.0,0.0,0.0,0.0,330.0,0.0,0.0,0.0,18.42,24,72.03,136
00676R,富邦臺灣加權反1,ETF,0.0,0.0,0.0,0.0,0.0,0.0,0.0,0.0,0.0,0.0,0.0,0.0,0.0,5.61,0.0,0.0,0.0,12.27,49,1.46,6
00677U,期富邦VIX,ETF,0.0,0.0,0.0,0.0,0.0,0.0,0.0,0.0,0.0,0.0,0.0,0.0,0.0,5.34,0.0,0.0,0.0,0.0,0,0.0,0
00678,群益那斯達克生技,ETF,0.0,0.0,0.0,0.0,0.0,0.0,0.0,0.0,0.0,0.0,0.0,0.0,0.0,36.2,0.0,0.0,0.0,10.87,42,43.85,164
00680L,元大美債20正2,ETF,0.0,0.0,0.0,0.0,0.0,0.0,0.0,0.0,0.0,0.0,0.0,0.0,0.0,7.02,0.0,0.0,0.0,13.2,86,15.47,127
00681R,元大美債20反1,ETF,0.0,0.0,0.0,0.0,0.0,0.0,0.0,0.0,0.0,0.0,0.0,0.0,0.0,20.91,0.0,0.0,0.0,5.25,150,0.85,30
00682U,期元大美元指數,ETF,0.0,0.0,0.0,0.0,0.0,0.0,0.0,0.0,0.0,0.0,0.0,0.0,0.0,20.41,0.0,0.0,0.0,2.01,162,3.31,156
00683L,期元大美元指正2,ETF,0.0,0.0,0.0,0.0,0.0,0.0,0.0,0.0,0.0,0.0,0.0,0.0,0.0,21.3,0.0,0.0,0.0,4.22,179,5.76,161
00684R,期元大美元指反1,ETF,0.0,0.0,0.0,0.0,0.0,0.0,0.0,0.0,0.0,0.0,0.0,0.0,0.0,15.19,0.0,0.0,0.0,4.53,100,1.51,15
00685L,群益臺灣加權正2,ETF,0.0,0.0,0.0,0.0,0.0,0.0,0.0,0.0,0.0,0.0,0.0,0.0,0.0,299.0,0.0,0.0,0.0,18.56,24,71.99,136
00686R,群益臺灣加權反1,ETF,0.0,0.0,0.0,0.0,0.0,0.0,0.0,0.0,0.0,0.0,0.0,0.0,0.0,1.01,0.0,0.0,0.0,11.76,49,1.36,6
00674R,期元大S&P黃金反1,ETF,0.0,0.0,0.0,0.0,0.0,0.0,0.0,0.0,0.0,0.0,0.0,0.0,0.0,28.46,0.0,0.0,0.0,1.03,10,3.36,44
00904,新光臺灣半導體30,ETF,0.0,0.0,0.0,0.0,0.0,0.0,0.0,0.0,0.0,0.0,0.0,0.0,0.0,42.5,0.0,0.0,0.0,9.12,24,30.2,176
00905,FT臺灣Smart,ETF,0.0,0.0,0.0,0.0,0.0,0.0,0.0,0.0,0.0,0.0,0.0,0.0,0.0,27.89,0.0,0.0,0.0,13.84,28,28.73,136
00907,永豐優息存股,ETF,0.0,0.0,0.0,0.0,0.0,0.0,0.0,0.0,0.0,0.0,0.0,0.0,0.0,16.46,0.0,0.0,0.0,1.26,4,4.24,127
020040,元大上櫃ESG龍頭N,指數投資證券(ETN),0.0,0.0,0.0,0.0,0.0,0.0,0.0,0.0,0.0,0.0,0.0,0.0,0.0,0.0,0.0,0.0,0.0,6.95,24,37.34,148
020041,兆豐半導體氣候N,指數投資證券(ETN),0.0,0.0,0.0,0.0,0.0,0.0,0.0,0.0,0.0,0.0,0.0,0.0,0.0,19.7,0.0,0.0,0.0,0.0,0,0.0,0
1101,台泥,水泥工業,-1.61,152985677000.0,0.0,0.0,144000053923.3667,0.0,26.11,17.85,18.11,35.96,0.0,0.0,0.0,24.55,0.0,0.0,0.0,2.79,36,0.0,0
1101B,台泥乙特,水泥工業,0.0,0.0,0.0,0.0,0.0,0.0,0.0,0.0,0.0,0.0,0.0,0.0,0.0,45.35,0.0,0.0,0.0,0.1,11,0.0,0
1102,亞泥,水泥工業,3.0,71952957000.0,23984319000.0,1.38,65350330421.13719,2.72,12.99,5.56,10.15,15.71,27.61,42.73,35.34,35.55,0.99,0.78,1.2,13.83,105,2.34,16
1103,嘉泥,水泥工業,0.84,3024675000.0,3600803571.4285717,0.39,2721563884.3603764,0.76,94.17,609.17,15.83,625.0,12.03,475.0,71.57,13.8,5.19,0.87,34.42,2.46,18,1.03,14
1104,環泥,水泥工業,2.57,7898245000.0,3073247081.7120624,1.25,7514029883.340852,2.44,12.27,5.18,9.57,14.75,23.35,35.99,29.95,29.1,1.03,0.8,1.24,9.5,17,8.62,126
1108,幸福,水泥工業,2.17,4581368000.0,2111229493.0875576,0.95,3663707020.570871,1.74,10.12,8.39,6.32,14.71,11.0,25.6,17.62,13.9,1.27,0.79,1.84,1.19,17,4.71,62
1109,信大,水泥工業,1.03,4413154000.0,4284615533.980582,0.46,3880218965.996682,0.91,12.94,10.7,8.79,19.49,8.0,17.74,11.77,14.65,0.8,0.55,1.21,2.83,21,0.0,0
1110,東泥,水泥工業,0.35,2875841000.0,8216688571.428572,0.16,2429453015.1591454,0.3,48.45,71.47,27.73,99.2,8.32,29.76,14.53,15.75,0.92,0.53,1.89,16.98,45,0.0,0
1201,味全,食品工業,0.4,22021377000.0,55053442500.0,0.19,20894992893.18768,0.38,25.14,17.84,17.16,35.0,6.52,13.3,9.55,12.45,0.77,0.52,1.07,0.8,4,3.46,16
1203,味王,食品工業,1.81,5788155000.0,3197875690.6077347,0.82,4865860592.383691,1.52,20.5,11.13,14.79,25.92,22.48,39.4,31.16,43.15,0.72,0.52,0.91,10.51,45,4.97,14
1210,大成,食品工業,4.32,102153533000.0,23646651157.407406,2.3,107415866628.3132,4.54,12.97,5.11,10.43,15.54,47.35,70.55,58.88,55.1,1.07,0.86,1.28,1.92,31,7.64,15
1213,大飲,食品工業,-0.86,293246000.0,0.0,0.0,334816175.7152336,0.0,1.35,0.83,1.06,1.89,0.0,0.0,0.0,8.5,0.0,0.0,0.0,119.58,183,0.0,0
1215,卜蜂,食品工業,10.4,28114836000.0,2703349615.3846154,5.45,29658887103.548656,10.97,14.67,4.51,12.28,16.79,134.71,184.19,160.91,116.5,1.38,1.16,1.58,5.07,3,28.07,122
1216,統一,食品工業,3.46,671991806000.0,194217284971.09827,1.77,690970960762.1794,3.56,22.99,8.82,18.76,27.58,66.79,98.18,81.83,76.0,1.08,0.88,1.29,10.4,141,10.27,35
1217,愛之味,食品工業,0.42,5053488000.0,12032114285.714287,0.19,4877153118.167021,0.41,34.25,62.28,17.01,79.29,6.97,32.51,14.04,9.89,1.42,0.7,3.29,8.16,18,3.26,58
1218,泰山,食品工業,1.59,10013154000.0,6297581132.075471,0.82,10625174891.570108,1.69,17.7,63.6,11.07,74.67,18.71,126.19,29.92,17.95,1.67,1.04,7.03,0.0,0,0.0,0
1219,福壽,食品工業,0.45,14343570000.0,31874600000.0,0.23,14337436448.60491,0.45,29.96,34.07,18.89,52.96,8.5,23.83,13.48,12.6,1.07,0.67,1.89,0.79,9,2.4,10
1220,台榮,食品工業,0.08,3429604000.0,42870050000.0,0.04,3316298144.842654,0.08,64.23,594.23,10.77,605.0,0.86,48.4,5.14,11.7,0.44,0.07,4.14,27.04,177,4.03,15
1225,福懋油,食品工業,1.67,12252020000.0,7336538922.155689,0.89,12474942537.955147,1.7,33.71,77.21,16.66,93.87,28.32,159.58,57.31,33.0,1.74,0.86,4.84,95.32,88,20.55,2
1227,佳格,食品工業,1.32,28448173000.0,21551646212.121212,0.68,29114354912.628586,1.35,20.85,10.9,16.73,27.63,22.59,37.3,28.14,28.85,0.98,0.78,1.29,2.22,7,2.26,120
1229,聯華,食品工業,2.6,13281855000.0,5108405769.230769,1.05,12700042531.729004,2.49,20.28,12.39,14.73,27.12,36.68,67.53,50.5,41.95,1.2,0.87,1.61,6.55,21,13.64,118
1231,聯華食,食品工業,3.93,12960746000.0,3297899745.547074,2.02,13172782659.257994,3.99,29.27,23.41,19.25,42.66,76.81,170.21,116.8,87.0,1.34,0.88,1.96,26.42,177,12.82,51
1232,大統益,食品工業,8.25,21469837000.0,2602404484.848485,4.46,22978702834.056366,8.83,18.37,4.1,16.59,20.69,146.49,182.69,162.23,143.5,1.13,1.02,1.27,7.9,126,1.32,10
020039,元大加權N,ETN,0.0,0.0,0.0,0.0,0.0,0.0,0.0,0.0,0.0,0.0,0.0,0.0,0.0,14.36,0.0,0.0,0.0,9.19,24,31.72,136
1233,天仁,食品工業,0.75,2174330000.0,2899106666.6666665,0.39,2194746931.7767854,0.76,36.07,14.02,29.58,43.6,22.48,33.14,27.41,27.95,0.98,0.8,1.19,1.47,21,3.19,169
020038,元大ESG配息N,ETN,0.0,0.0,0.0,0.0,0.0,0.0,0.0,0.0,0.0,0.0,0.0,0.0,0.0,14.2,0.0,0.0,0.0,3.53,3,4.27,91
020036,元大金融配息N,ETN,0.0,0.0,0.0,0.0,0.0,0.0,0.0,0.0,0.0,0.0,0.0,0.0,0.0,9.88,0.0,0.0,0.0,9.87,25,0.0,0
00991A,主動復華未來50,ETF,0.0,0.0,0.0,0.0,0.0,0.0,0.0,0.0,0.0,0.0,0.0,0.0,0.0,20.02,0.0,0.0,0.0,107.25,181,107.25,181
00992A,主動群益科技創新,ETF,0.0,0.0,0.0,0.0,0.0,0.0,0.0,0.0,0.0,0.0,0.0,0.0,0.0,18.65,0.0,0.0,0.0,82.27,147,82.27,147
00993A,主動安聯台灣,ETF,0.0,0.0,0.0,0.0,0.0,0.0,0.0,0.0,0.0,0.0,0.0,0.0,0.0,13.99,0.0,0.0,0.0,41.46,134,41.46,134
00994A,主動第一金台股優,ETF,0.0,0.0,0.0,0.0,0.0,0.0,0.0,0.0,0.0,0.0,0.0,0.0,0.0,18.3,0.0,0.0,0.0,87.77,140,87.77,140
00995A,主動中信台灣卓越,ETF,0.0,0.0,0.0,0.0,0.0,0.0,0.0,0.0,0.0,0.0,0.0,0.0,0.0,18.03,0.0,0.0,0.0,80.04,125,80.04,125
00996A,主動兆豐台灣豐收,ETF,0.0,0.0,0.0,0.0,0.0,0.0,0.0,0.0,0.0,0.0,0.0,0.0,0.0,15.59,0.0,0.0,0.0,50.86,68,50.86,68
00997A,主動群益美國增長,ETF,0.0,0.0,0.0,0.0,0.0,0.0,0.0,0.0,0.0,0.0,0.0,0.0,0.0,14.0,0.0,0.0,0.0,32.02,63,32.02,63
00998A,主動復華金融股息,上櫃ETF,0.0,0.0,0.0,0.0,0.0,0.0,0.0,0.0,0.0,0.0,0.0,0.0,0.0,16.88,0.0,0.0,0.0,7.74,61,7.74,61
00999A,主動野村臺灣高息,ETF,0.0,0.0,0.0,0.0,0.0,0.0,0.0,0.0,0.0,0.0,0.0,0.0,0.0,11.19,0.0,0.0,0.0,12.18,29,12.18,29
020000,富邦特選蘋果N,ETN,0.0,0.0,0.0,0.0,0.0,0.0,0.0,0.0,0.0,0.0,0.0,0.0,0.0,34.14,0.0,0.0,0.0,12.53,24,0.0,0
020001,富邦存股雙十N,指數投資證券(ETN),0.0,0.0,0.0,0.0,0.0,0.0,0.0,0.0,0.0,0.0,0.0,0.0,0.0,0.0,0.0,0.0,0.0,0.0,0,0.0,0
020011,統一微波高息20N,ETN,0.0,0.0,0.0,0.0,0.0,0.0,0.0,0.0,0.0,0.0,0.0,0.0,0.0,0.0,0.0,0.0,0.0,4.77,22,0.0,0
020012,富邦行動通訊N,ETN,0.0,0.0,0.0,0.0,0.0,0.0,0.0,0.0,0.0,0.0,0.0,0.0,0.0,0.0,0.0,0.0,0.0,5.29,179,25.46,177
02001L,富邦蘋果正二N,ETN,0.0,0.0,0.0,0.0,0.0,0.0,0.0,0.0,0.0,0.0,0.0,0.0,0.0,177.35,0.0,0.0,0.0,30.97,24,147.33,134
020020,元大台股領航N,ETN,0.0,0.0,0.0,0.0,0.0,0.0,0.0,0.0,0.0,0.0,0.0,0.0,0.0,0.0,0.0,0.0,0.0,12.39,24,32.01,134
020025,統一亞洲半導體N,指數投資證券(ETN),0.0,0.0,0.0,0.0,0.0,0.0,0.0,0.0,0.0,0.0,0.0,0.0,0.0,43.66,0.0,0.0,0.0,11.48,24,71.57,139
020027,元大上櫃ESG成長N,指數投資證券(ETN),0.0,0.0,0.0,0.0,0.0,0.0,0.0,0.0,0.0,0.0,0.0,0.0,0.0,11.02,0.0,0.0,0.0,7.19,24,25.1,126
020028,元大特選電動車N,ETN,0.0,0.0,0.0,0.0,0.0,0.0,0.0,0.0,0.0,0.0,0.0,0.0,0.0,0.0,0.0,0.0,0.0,8.12,24,0.0,0
020029,元大ESG高股息N,ETN,0.0,0.0,0.0,0.0,0.0,0.0,0.0,0.0,0.0,0.0,0.0,0.0,0.0,0.0,0.0,0.0,0.0,3.59,3,3.97,93
020030,統一智慧電動車N,ETN,0.0,0.0,0.0,0.0,0.0,0.0,0.0,0.0,0.0,0.0,0.0,0.0,0.0,18.95,0.0,0.0,0.0,7.7,24,40.68,176
020031,統一IC設計臺灣N,ETN,0.0,0.0,0.0,0.0,0.0,0.0,0.0,0.0,0.0,0.0,0.0,0.0,0.0,10.84,0.0,0.0,0.0,2.95,2,10.65,93
020032,元大綠能N,ETN,0.0,0.0,0.0,0.0,0.0,0.0,0.0,0.0,0.0,0.0,0.0,0.0,0.0,10.69,0.0,0.0,0.0,8.07,28,0.0,0
020033,統一恒生科期N,指數投資證券(ETN),0.0,0.0,0.0,0.0,0.0,0.0,0.0,0.0,0.0,0.0,0.0,0.0,0.0,3.71,0.0,0.0,0.0,42.06,112,25.4,107
020034,元大IC設計N,ETN,0.0,0.0,0.0,0.0,0.0,0.0,0.0,0.0,0.0,0.0,0.0,0.0,0.0,14.72,0.0,0.0,0.0,3.15,3,4.06,24
020035,元大上櫃ESG高息N,指數投資證券(ETN),0.0,0.0,0.0,0.0,0.0,0.0,0.0,0.0,0.0,0.0,0.0,0.0,0.0,0.0,0.0,0.0,0.0,7.04,24,0.0,0
020037,元大金融高股息N,ETN,0.0,0.0,0.0,0.0,0.0,0.0,0.0,0.0,0.0,0.0,0.0,0.0,0.0,11.05,0.0,0.0,0.0,12.71,182,14.48,183
1234,黑松,食品工業,2.0,9578941000.0,4789470500.0,0.91,8985488444.144983,1.88,17.65,5.49,15.59,21.08,29.31,39.63,33.18,35.0,0.95,0.84,1.13,2.73,3,2.18,10
1235,興泰,食品工業,0.16,176147000.0,1100918750.0,0.08,243904305.0671106,0.22,99.49,553.92,14.5,568.42,3.19,125.05,21.89,37.0,0.59,0.09,3.38,79.71,133,4.72,14
1236,宏亞,食品工業,-0.43,1881933000.0,0.0,0.0,1795533393.3058994,0.0,151.46,91.0,99.38,190.38,0.0,0.0,0.0,25.7,0.0,0.0,0.0,6.21,16,23.37,108
1326,台化,塑膠工業,-0.99,292368349000.0,0.0,0.0,307912173529.144,0.0,158.98,473.78,19.55,493.33,0.0,0.0,0.0,53.7,0.0,0.0,0.0,1.55,3,48.95,149
1336,台翰,電子零組件業,0.72,2526028000.0,3508372222.2222223,0.33,2299531591.620313,0.66,14.12,34.02,8.14,42.16,5.37,27.83,9.32,15.0,0.62,0.36,1.86,37.86,98,9.87,16
1337,再生-KY,塑膠工業,-1.74,682900000.0,0.0,0.0,550135302.1897185,0.0,0.0,0.0,0.0,0.0,0.0,0.0,0.0,4.93,0.0,0.0,0.0,7.44,25,3.11,36
1338,廣華-KY,汽車工業,-2.24,5359361000.0,0.0,0.0,5083528260.948733,0.0,0.0,0.0,0.0,0.0,0.0,0.0,0.0,17.2,0.0,0.0,0.0,3.49,112,0.0,0
1339,昭輝,汽車工業,2.42,1708614000.0,706038842.9752066,1.15,1448289133.8620229,2.05,13.8,14.28,8.18,22.46,16.77,46.04,28.29,43.45,0.65,0.39,1.06,1.21,17,0.2,14
1340,勝悅-KY,塑膠工業,-2.61,180630000.0,0.0,0.0,34185146.07697215,0.0,0.0,0.0,0.0,0.0,0.0,0.0,0.0,5.78,0.0,0.0,0.0,21.74,21,28.46,99
1341,富林-KY,塑膠工業,3.71,2590239000.0,698177628.032345,1.99,2653632838.800795,3.8,14.31,5.23,11.51,16.74,43.74,63.61,54.36,62.2,0.87,0.7,1.02,0.0,0,0.45,9
1342,八貫,其他,5.61,2785153000.0,496462210.3386809,3.95,3532215714.0502043,7.11,15.23,8.32,11.43,19.75,81.27,140.42,108.25,116.5,0.93,0.7,1.21,5.78,18,2.45,79
1402,遠東新,紡織纖維,1.54,254998414000.0,165583385714.2857,0.79,260800527964.91895,1.58,18.33,10.7,13.66,24.36,21.58,38.49,28.95,28.8,1.01,0.75,1.34,10.64,106,1.65,16
1409,新纖,紡織纖維,1.19,40921487000.0,34387804201.68067,0.63,40676535400.38356,1.18,16.25,16.53,10.38,26.91,12.25,31.75,19.18,27.95,0.69,0.44,1.14,10.91,30,45.31,63
1410,南染,紡織纖維,0.59,195601000.0,331527118.6440678,0.33,198582834.4496979,0.6,90.43,111.1,45.42,156.52,27.25,93.91,54.26,24.75,2.19,1.1,3.79,2.65,57,0.92,2
1413,宏洲,紡織纖維,0.45,2159243000.0,4798317777.777778,0.21,1741276280.396594,0.36,24.7,11.67,21.11,32.78,7.6,11.8,8.89,9.4,0.95,0.81,1.26,6.36,177,0.42,1
1414,東和,紡織纖維,0.19,468559000.0,2466100000.0,0.1,438267972.09279364,0.18,106.81,125.72,48.45,174.17,8.72,31.35,19.23,17.4,1.11,0.5,1.8,15.11,182,0.52,107
1416,廣豐,其他,0.8,357557000.0,446946250.0,0.49,460939263.399351,1.03,17.05,13.05,12.23,25.28,12.6,26.04,17.56,11.15,1.57,1.13,2.34,7.34,112,0.0,0
1417,嘉裕,紡織纖維,0.62,424832000.0,685212903.2258065,0.22,412922892.6474135,0.6,16.25,5.49,13.87,19.36,8.32,11.62,9.75,8.54,1.14,0.97,1.36,2.64,21,12.72,160
1418,東華,紡織纖維,-1.28,6372000.0,0.0,0.0,3151294.117647059,0.0,119.92,446.06,43.94,490.0,0.0,0.0,0.0,18.5,0.0,0.0,0.0,43.5,21,13.04,55
1419,新紡,紡織纖維,4.12,4714640000.0,1144330097.0873785,2.47,5804476453.469134,5.07,17.69,23.17,4.71,27.88,23.88,141.35,89.67,66.8,1.34,0.36,2.12,2.82,17,22.52,160
1423,利華,紡織纖維,4.36,82713000.0,18970871.559633028,2.6,90624470.51635265,4.78,39.32,97.08,8.73,105.81,41.73,505.77,187.94,44.9,4.19,0.93,11.26,13.33,17,5.59,154
1434,福懋,紡織纖維,0.51,27741651000.0,54395394117.64706,0.26,26166615025.881557,0.48,41.26,97.73,16.74,114.47,8.04,54.95,19.8,16.85,1.18,0.48,3.26,1.32,31,9.0,31
1436,華友聯,建材營造,5.4,3875730000.0,717727777.7777777,0.52,2487224155.9444294,3.47,8.34,17.88,3.79,21.67,13.15,75.19,28.94,46.75,0.62,0.28,1.61,36.49,28,6.99,24
1437,勤益控,其他,2.41,937678000.0,389078008.29875517,0.93,845220632.271577,2.17,12.86,12.45,8.86,21.31,19.23,46.24,27.9,29.55,0.94,0.65,1.56,1.28,1,7.74,183
1438,三地開發,建材營造,1.74,988580000.0,568149425.2873564,1.16,2711929263485.477,4773.27,12.39,10.26,7.1,17.36,33890.22,82863.97,59123.46,22.55,2621.88,1502.89,3674.68,59.66,45,9.08,15
1325,恆大,塑膠工業,-0.7,293967000.0,0.0,0.0,219573934.37059563,0.0,220.89,269.98,67.24,337.22,0.0,0.0,0.0,26.2,0.0,0.0,0.0,4.33,9,3.0,160
1324,地球,塑膠工業,-0.82,738507000.0,0.0,0.0,672416590.690247,0.0,331.47,1140.8,29.2,1170.0,0.0,0.0,0.0,10.5,0.0,0.0,0.0,9.02,18,11.31,127
1323,永裕,塑膠工業,0.25,2033764000.0,8135056000.0,0.13,2048819376.2830536,0.25,48.96,189.94,7.06,197.0,1.76,49.25,12.24,19.8,0.62,0.09,2.49,0.49,2,1.52,1
1321,大洋,塑膠工業,-1.25,3649201000.0,0.0,0.0,3443553858.67128,0.0,459.92,1855.31,32.19,1887.5,0.0,0.0,0.0,31.75,0.0,0.0,0.0,15.42,63,2.43,59
1240,茂生農經,農業科技業,5.02,2763166000.0,550431474.1035857,2.56,2799648800.327336,5.09,12.04,3.74,10.61,14.35,54.0,73.04,61.26,58.3,1.05,0.93,1.25,4.82,71,11.53,71
1256,鮮活果汁-KY,食品工業,11.18,3940213000.0,352434078.7119857,7.04,5940797407.504643,16.86,15.85,8.86,12.03,20.89,202.83,352.21,267.28,178.5,1.5,1.14,1.97,1.5,7,52.94,86
1264,德麥,食品工業,20.47,6763586000.0,330414557.88959455,10.92,6955071547.769829,21.05,14.92,4.19,12.83,17.02,270.07,358.27,313.97,273.5,1.15,0.99,1.31,1.58,24,1.41,27
1294,漢田生技,食品工業,4.67,752425000.0,161118843.6830835,2.83,963606916.585333,5.98,15.52,9.23,12.27,21.5,73.37,128.57,92.8,80.0,1.16,0.92,1.61,0.51,10,22.05,86
1295,生合,食品工業,5.32,794064000.0,149260150.37593985,3.39,1267394267.4530833,8.49,18.51,20.13,9.64,29.77,81.84,252.75,157.12,50.5,3.11,1.62,5.0,38.64,101,59.18,80
1301,台塑,塑膠工業,-1.57,177551951000.0,0.0,0.0,167978018639.16782,0.0,63.44,21.53,52.62,74.15,0.0,0.0,0.0,47.95,0.0,0.0,0.0,1.0,31,21.81,169
00990A,主動元大AI新經濟,ETF,0.0,0.0,0.0,0.0,0.0,0.0,0.0,0.0,0.0,0.0,0.0,0.0,0.0,20.72,0.0,0.0,0.0,110.26,163,110.26,163
1303,南亞,塑膠工業,0.57,261237063000.0,458310636842.1053,0.32,286748749032.7984,0.63,80.02,129.93,34.98,164.91,22.04,103.89,50.41,126.5,0.4,0.17,0.82,1.39,4,135.89,169
1305,華夏,塑膠工業,-1.58,9311305000.0,0.0,0.0,10557047924.467047,0.0,84.46,96.21,49.17,145.38,0.0,0.0,0.0,12.8,0.0,0.0,0.0,12.5,31,23.41,66
1307,三芳,塑膠工業,2.85,10823937000.0,3797872631.578947,1.48,11148836286.442589,2.94,11.74,9.57,8.3,17.87,24.4,52.54,34.51,36.1,0.96,0.68,1.46,53.55,143,4.01,16
1308,亞聚,塑膠工業,-1.76,5804421000.0,0.0,0.0,5472094266.135919,0.0,0.0,0.0,0.0,0.0,0.0,0.0,0.0,13.7,0.0,0.0,0.0,16.18,31,18.78,168
1309,台達化,塑膠工業,-1.07,14998545000.0,0.0,0.0,11821954441.024525,0.0,0.0,0.0,0.0,0.0,0.0,0.0,0.0,14.5,0.0,0.0,0.0,40.0,105,19.52,170
1310,台苯,塑膠工業,-1.37,9135110000.0,0.0,0.0,7572913883.364248,0.0,0.0,0.0,0.0,0.0,0.0,0.0,0.0,8.71,0.0,0.0,0.0,8.71,30,24.47,63
1312,國喬,塑膠工業,-3.97,21781269000.0,0.0,0.0,26958945090.445633,0.0,0.0,0.0,0.0,0.0,0.0,0.0,0.0,13.25,0.0,0.0,0.0,9.93,31,26.17,168
1312A,國喬特,塑膠工業,0.0,0.0,0.0,0.0,0.0,0.0,0.0,0.0,0.0,0.0,0.0,0.0,0.0,21.7,0.0,0.0,0.0,4.22,116,2.75,168
1313,聯成,塑膠工業,-1.17,61645893000.0,0.0,0.0,59728157751.24065,0.0,0.0,0.0,0.0,0.0,0.0,0.0,0.0,11.2,0.0,0.0,0.0,4.03,31,43.84,170
1314,中石化,塑膠工業,-0.78,20109851000.0,0.0,0.0,13688274001.968466,0.0,73.78,198.75,21.25,220.0,0.0,0.0,0.0,7.62,0.0,0.0,0.0,8.37,17,48.18,142
1315,達新,塑膠工業,1.55,2308500000.0,1489354838.7096775,0.63,1935675144.5904121,1.3,48.61,80.59,18.66,99.25,24.26,129.02,63.19,61.7,1.02,0.39,2.09,0.55,65,0.6,17
1316,上曜,建材營造,-0.52,4057430000.0,0.0,0.0,10075983732.738756,0.0,0.0,0.0,0.0,0.0,0.0,0.0,0.0,11.1,0.0,0.0,0.0,18.09,45,17.5,132
1319,東陽,汽車工業,6.43,25247616000.0,3926534370.139969,2.95,21373754039.53449,5.44,15.33,8.2,11.45,19.65,62.29,106.9,83.39,102.5,0.81,0.61,1.04,3.36,1,0.0,0
1304,台聚,塑膠工業,-2.6,44923032000.0,0.0,0.0,41762399074.32147,0.0,0.0,0.0,0.0,0.0,0.0,0.0,0.0,12.95,0.0,0.0,0.0,15.08,31,25.9,168
00989B,台新美國非投等債,上櫃ETF,0.0,0.0,0.0,0.0,0.0,0.0,0.0,0.0,0.0,0.0,0.0,0.0,0.0,10.11,0.0,0.0,0.0,1.61,78,1.61,78
00988B,玉山嚴選非投債,上櫃ETF,0.0,0.0,0.0,0.0,0.0,0.0,0.0,0.0,0.0,0.0,0.0,0.0,0.0,19.8,0.0,0.0,0.0,0.65,16,0.65,16
00939,統一台灣高息動能,ETF,0.0,0.0,0.0,0.0,0.0,0.0,0.0,0.0,0.0,0.0,0.0,0.0,0.0,21.72,0.0,0.0,0.0,1.76,3,5.27,136
00940,元大台灣價值高息,ETF,0.0,0.0,0.0,0.0,0.0,0.0,0.0,0.0,0.0,0.0,0.0,0.0,0.0,12.53,0.0,0.0,0.0,3.08,3,8.08,135
00941,中信上游半導體,ETF,0.0,0.0,0.0,0.0,0.0,0.0,0.0,0.0,0.0,0.0,0.0,0.0,0.0,28.13,0.0,0.0,0.0,5.02,24,32.65,178
00943,兆豐電子高息等權,ETF,0.0,0.0,0.0,0.0,0.0,0.0,0.0,0.0,0.0,0.0,0.0,0.0,0.0,21.95,0.0,0.0,0.0,2.26,18,11.65,132
00944,野村趨勢動能高息,ETF,0.0,0.0,0.0,0.0,0.0,0.0,0.0,0.0,0.0,0.0,0.0,0.0,0.0,21.63,0.0,0.0,0.0,3.86,18,4.08,178
00945B,凱基美國非投等債,ETF,0.0,0.0,0.0,0.0,0.0,0.0,0.0,0.0,0.0,0.0,0.0,0.0,0.0,14.45,0.0,0.0,0.0,2.99,169,7.97,167
00946,群益科技高息成長,ETF,0.0,0.0,0.0,0.0,0.0,0.0,0.0,0.0,0.0,0.0,0.0,0.0,0.0,15.12,0.0,0.0,0.0,1.96,2,19.86,136
00947,台新臺灣IC設計,ETF,0.0,0.0,0.0,0.0,0.0,0.0,0.0,0.0,0.0,0.0,0.0,0.0,0.0,39.7,0.0,0.0,0.0,2.98,3,34.61,178
00949,復華日本龍頭,ETF,0.0,0.0,0.0,0.0,0.0,0.0,0.0,0.0,0.0,0.0,0.0,0.0,0.0,20.53,0.0,0.0,0.0,6.45,16,20.97,181
00951,台新日本半導體,ETF,0.0,0.0,0.0,0.0,0.0,0.0,0.0,0.0,0.0,0.0,0.0,0.0,0.0,19.86,0.0,0.0,0.0,7.52,6,51.82,140
00952,凱基台灣AI50,ETF,0.0,0.0,0.0,0.0,0.0,0.0,0.0,0.0,0.0,0.0,0.0,0.0,0.0,18.38,0.0,0.0,0.0,4.12,92,28.12,139
00953B,群益優選非投等債,ETF,0.0,0.0,0.0,0.0,0.0,0.0,0.0,0.0,0.0,0.0,0.0,0.0,0.0,9.61,0.0,0.0,0.0,4.61,166,7.25,168
00954,中信日本半導體,ETF,0.0,0.0,0.0,0.0,0.0,0.0,0.0,0.0,0.0,0.0,0.0,0.0,0.0,21.2,0.0,0.0,0.0,0.0,0,54.19,139
00956,中信日經高股息,ETF,0.0,0.0,0.0,0.0,0.0,0.0,0.0,0.0,0.0,0.0,0.0,0.0,0.0,12.34,0.0,0.0,0.0,2.32,14,24.35,181
00960,野村全球航運龍頭,ETF,0.0,0.0,0.0,0.0,0.0,0.0,0.0,0.0,0.0,0.0,0.0,0.0,0.0,17.55,0.0,0.0,0.0,26.42,5,4.46,94
00961,FT臺灣永續高息,ETF,0.0,0.0,0.0,0.0,0.0,0.0,0.0,0.0,0.0,0.0,0.0,0.0,0.0,12.82,0.0,0.0,0.0,0.9,6,6.0,135
00962,台新AI優息動能,ETF,0.0,0.0,0.0,0.0,0.0,0.0,0.0,0.0,0.0,0.0,0.0,0.0,0.0,14.82,0.0,0.0,0.0,2.2,77,23.85,136
00963,中信全球高股息,ETF,0.0,0.0,0.0,0.0,0.0,0.0,0.0,0.0,0.0,0.0,0.0,0.0,0.0,12.64,0.0,0.0,0.0,10.92,126,13.41,182
00938,凱基優選30,ETF,0.0,0.0,0.0,0.0,0.0,0.0,0.0,0.0,0.0,0.0,0.0,0.0,0.0,24.47,0.0,0.0,0.0,0.0,0,18.54,132
00964,中信亞太高股息,ETF,0.0,0.0,0.0,0.0,0.0,0.0,0.0,0.0,0.0,0.0,0.0,0.0,0.0,14.61,0.0,0.0,0.0,3.8,130,18.94,149
00935,野村臺灣新科技50,ETF,0.0,0.0,0.0,0.0,0.0,0.0,0.0,0.0,0.0,0.0,0.0,0.0,0.0,61.35,0.0,0.0,0.0,11.48,24,41.7,176
00908,富邦入息REITs+,ETF,0.0,0.0,0.0,0.0,0.0,0.0,0.0,0.0,0.0,0.0,0.0,0.0,0.0,15.03,0.0,0.0,0.0,15.07,106,8.72,169
00909,國泰數位支付服務,ETF,0.0,0.0,0.0,0.0,0.0,0.0,0.0,0.0,0.0,0.0,0.0,0.0,0.0,51.1,0.0,0.0,0.0,37.18,171,72.6,121
00910,第一金太空衛星,ETF,0.0,0.0,0.0,0.0,0.0,0.0,0.0,0.0,0.0,0.0,0.0,0.0,0.0,67.15,0.0,0.0,0.0,64.03,168,54.76,114
00911,兆豐洲際半導體,ETF,0.0,0.0,0.0,0.0,0.0,0.0,0.0,0.0,0.0,0.0,0.0,0.0,0.0,64.95,0.0,0.0,0.0,5.43,24,41.16,178
00912,中信臺灣智慧50,ETF,0.0,0.0,0.0,0.0,0.0,0.0,0.0,0.0,0.0,0.0,0.0,0.0,0.0,34.13,0.0,0.0,0.0,10.67,24,18.18,176
00913,兆豐台灣晶圓製造,ETF,0.0,0.0,0.0,0.0,0.0,0.0,0.0,0.0,0.0,0.0,0.0,0.0,0.0,52.05,0.0,0.0,0.0,9.15,24,27.18,176
00915,凱基優選高股息30,ETF,0.0,0.0,0.0,0.0,0.0,0.0,0.0,0.0,0.0,0.0,0.0,0.0,0.0,31.72,0.0,0.0,0.0,0.57,1,1.6,99
00916,國泰全球品牌50,ETF,0.0,0.0,0.0,0.0,0.0,0.0,0.0,0.0,0.0,0.0,0.0,0.0,0.0,25.82,0.0,0.0,0.0,17.91,183,21.03,171
00917,中信特選金融,ETF,0.0,0.0,0.0,0.0,0.0,0.0,0.0,0.0,0.0,0.0,0.0,0.0,0.0,22.67,0.0,0.0,0.0,26.86,168,21.31,183
00918,大華優利高填息30,ETF,0.0,0.0,0.0,0.0,0.0,0.0,0.0,0.0,0.0,0.0,0.0,0.0,0.0,32.66,0.0,0.0,0.0,0.93,1,2.4,135
00919,群益台灣精選高息,ETF,0.0,0.0,0.0,0.0,0.0,0.0,0.0,0.0,0.0,0.0,0.0,0.0,0.0,30.35,0.0,0.0,0.0,2.58,3,2.49,181
00920,富邦ESG綠色電力,ETF,0.0,0.0,0.0,0.0,0.0,0.0,0.0,0.0,0.0,0.0,0.0,0.0,0.0,26.26,0.0,0.0,0.0,2.31,28,52.28,146
00921,兆豐龍頭等權重,ETF,0.0,0.0,0.0,0.0,0.0,0.0,0.0,0.0,0.0,0.0,0.0,0.0,0.0,23.02,0.0,0.0,0.0,0.66,1,8.17,62
00922,國泰台灣領袖50,ETF,0.0,0.0,0.0,0.0,0.0,0.0,0.0,0.0,0.0,0.0,0.0,0.0,0.0,40.61,0.0,0.0,0.0,10.59,24,28.12,121
00923,群益台ESG低碳50,ETF,0.0,0.0,0.0,0.0,0.0,0.0,0.0,0.0,0.0,0.0,0.0,0.0,0.0,42.67,0.0,0.0,0.0,9.83,24,24.98,136
00924,復華S&P500成長,ETF,0.0,0.0,0.0,0.0,0.0,0.0,0.0,0.0,0.0,0.0,0.0,0.0,0.0,32.43,0.0,0.0,0.0,14.85,183,25.09,171
00926,凱基全球菁英55,ETF,0.0,0.0,0.0,0.0,0.0,0.0,0.0,0.0,0.0,0.0,0.0,0.0,0.0,24.9,0.0,0.0,0.0,8.05,178,23.62,169
00927,群益半導體收益,ETF,0.0,0.0,0.0,0.0,0.0,0.0,0.0,0.0,0.0,0.0,0.0,0.0,0.0,40.12,0.0,0.0,0.0,7.63,24,26.92,136
00929,復華台灣科技優息,ETF,0.0,0.0,0.0,0.0,0.0,0.0,0.0,0.0,0.0,0.0,0.0,0.0,0.0,30.57,0.0,0.0,0.0,2.04,2,7.58,134
00930,永豐ESG低碳高息,ETF,0.0,0.0,0.0,0.0,0.0,0.0,0.0,0.0,0.0,0.0,0.0,0.0,0.0,25.05,0.0,0.0,0.0,2.03,3,4.53,132
00932,兆豐永續高息等權,ETF,0.0,0.0,0.0,0.0,0.0,0.0,0.0,0.0,0.0,0.0,0.0,0.0,0.0,17.54,0.0,0.0,0.0,2.06,24,5.97,97
00934,中信成長高股息,ETF,0.0,0.0,0.0,0.0,0.0,0.0,0.0,0.0,0.0,0.0,0.0,0.0,0.0,28.54,0.0,0.0,0.0,4.48,24,18.42,135
00936,台新永續高息中小,ETF,0.0,0.0,0.0,0.0,0.0,0.0,0.0,0.0,0.0,0.0,0.0,0.0,0.0,20.49,0.0,0.0,0.0,0.0,0,8.83,139
00965,元大航太防衛科技,ETF,0.0,0.0,0.0,0.0,0.0,0.0,0.0,0.0,0.0,0.0,0.0,0.0,0.0,25.76,0.0,0.0,0.0,23.64,181,22.93,139
00981B,第一金優選非投債,上櫃ETF,0.0,0.0,0.0,0.0,0.0,0.0,0.0,0.0,0.0,0.0,0.0,0.0,0.0,9.24,0.0,0.0,0.0,0.5,16,5.73,183
00981D,主動中信非投等債,上櫃ETF,0.0,0.0,0.0,0.0,0.0,0.0,0.0,0.0,0.0,0.0,0.0,0.0,0.0,10.33,0.0,0.0,0.0,6.6,78,6.6,78
00981T,平衡凱基雙核收息,ETF,0.0,0.0,0.0,0.0,0.0,0.0,0.0,0.0,0.0,0.0,0.0,0.0,0.0,12.2,0.0,0.0,0.0,15.52,154,15.52,154
009820,元大納斯達克精選,ETF,0.0,0.0,0.0,0.0,0.0,0.0,0.0,0.0,0.0,0.0,0.0,0.0,0.0,10.15,0.0,0.0,0.0,9.01,41,9.01,41
009821,野村稀土關鍵資源,ETF,0.0,0.0,0.0,0.0,0.0,0.0,0.0,0.0,0.0,0.0,0.0,0.0,0.0,15.28,0.0,0.0,0.0,0.0,0,0.0,0
009822,華南永昌未來金融,上櫃ETF,0.0,0.0,0.0,0.0,0.0,0.0,0.0,0.0,0.0,0.0,0.0,0.0,0.0,9.88,0.0,0.0,0.0,0.0,0,0.0,0
00982A,主動群益台灣強棒,ETF,0.0,0.0,0.0,0.0,0.0,0.0,0.0,0.0,0.0,0.0,0.0,0.0,0.0,24.14,0.0,0.0,0.0,46.93,165,38.82,139
00982B,FT投資級債20+,上櫃ETF,0.0,0.0,0.0,0.0,0.0,0.0,0.0,0.0,0.0,0.0,0.0,0.0,0.0,9.88,0.0,0.0,0.0,1.09,183,11.16,133
00982D,主動富邦動態入息,ETF,0.0,0.0,0.0,0.0,0.0,0.0,0.0,0.0,0.0,0.0,0.0,0.0,0.0,9.94,0.0,0.0,0.0,2.29,133,2.29,133
00982T,平衡兆豐台美動能,ETF,0.0,0.0,0.0,0.0,0.0,0.0,0.0,0.0,0.0,0.0,0.0,0.0,0.0,15.61,0.0,0.0,0.0,57.5,159,57.5,159
00983A,主動中信ARK創新,ETF,0.0,0.0,0.0,0.0,0.0,0.0,0.0,0.0,0.0,0.0,0.0,0.0,0.0,11.88,0.0,0.0,0.0,33.07,113,33.07,113
00983B,大華優利美公債20,上櫃ETF,0.0,0.0,0.0,0.0,0.0,0.0,0.0,0.0,0.0,0.0,0.0,0.0,0.0,15.74,0.0,0.0,0.0,9.77,163,13.95,163
00983D,主動富邦複合收益,ETF,0.0,0.0,0.0,0.0,0.0,0.0,0.0,0.0,0.0,0.0,0.0,0.0,0.0,10.1,0.0,0.0,0.0,3.18,93,3.18,93
00984A,主動安聯台灣高息,ETF,0.0,0.0,0.0,0.0,0.0,0.0,0.0,0.0,0.0,0.0,0.0,0.0,0.0,16.56,0.0,0.0,0.0,18.78,184,18.78,184
00984B,大華優利美A債15,上櫃ETF,0.0,0.0,0.0,0.0,0.0,0.0,0.0,0.0,0.0,0.0,0.0,0.0,0.0,16.45,0.0,0.0,0.0,12.68,163,14.95,163
00984D,主動聯博全球非投,ETF,0.0,0.0,0.0,0.0,0.0,0.0,0.0,0.0,0.0,0.0,0.0,0.0,0.0,10.09,0.0,0.0,0.0,1.5,85,1.5,85
00985A,主動野村台灣50,ETF,0.0,0.0,0.0,0.0,0.0,0.0,0.0,0.0,0.0,0.0,0.0,0.0,0.0,22.18,0.0,0.0,0.0,45.87,183,45.87,183
00985B,群益ESG投等債0-5,ETF,0.0,0.0,0.0,0.0,0.0,0.0,0.0,0.0,0.0,0.0,0.0,0.0,0.0,10.18,0.0,0.0,0.0,4.84,144,4.84,144
00985D,主動貝萊德優投等,上櫃ETF,0.0,0.0,0.0,0.0,0.0,0.0,0.0,0.0,0.0,0.0,0.0,0.0,0.0,10.19,0.0,0.0,0.0,2.49,77,2.49,77
00986A,主動台新龍頭成長,ETF,0.0,0.0,0.0,0.0,0.0,0.0,0.0,0.0,0.0,0.0,0.0,0.0,0.0,15.2,0.0,0.0,0.0,23.01,183,23.01,183
00986B,FT金融債10+,上櫃ETF,0.0,0.0,0.0,0.0,0.0,0.0,0.0,0.0,0.0,0.0,0.0,0.0,0.0,9.91,0.0,0.0,0.0,2.59,64,2.59,64
00986D,主動復華金融債息,上櫃ETF,0.0,0.0,0.0,0.0,0.0,0.0,0.0,0.0,0.0,0.0,0.0,0.0,0.0,14.78,0.0,0.0,0.0,0.0,0,0.0,0
00987A,主動台新優勢成長,ETF,0.0,0.0,0.0,0.0,0.0,0.0,0.0,0.0,0.0,0.0,0.0,0.0,0.0,17.36,0.0,0.0,0.0,81.06,153,81.06,153
00987B,野村10+澳洲公債,上櫃ETF,0.0,0.0,0.0,0.0,0.0,0.0,0.0,0.0,0.0,0.0,0.0,0.0,0.0,16.01,0.0,0.0,0.0,6.19,39,6.19,39
00988A,主動統一全球創新,ETF,0.0,0.0,0.0,0.0,0.0,0.0,0.0,0.0,0.0,0.0,0.0,0.0,0.0,22.52,0.0,0.0,0.0,76.64,180,76.64,180
00981A,主動統一台股增長,ETF,0.0,0.0,0.0,0.0,0.0,0.0,0.0,0.0,0.0,0.0,0.0,0.0,0.0,30.88,0.0,0.0,0.0,61.27,184,52.98,178
009819,中信數據及電力,ETF,0.0,0.0,0.0,0.0,0.0,0.0,0.0,0.0,0.0,0.0,0.0,0.0,0.0,10.32,0.0,0.0,0.0,0.0,0,0.0,0
009818,華南永昌NASDAQxT,ETF,0.0,0.0,0.0,0.0,0.0,0.0,0.0,0.0,0.0,0.0,0.0,0.0,0.0,19.78,0.0,0.0,0.0,37.15,72,37.15,72
009817,國泰日本不動產,ETF,0.0,0.0,0.0,0.0,0.0,0.0,0.0,0.0,0.0,0.0,0.0,0.0,0.0,8.7,0.0,0.0,0.0,2.11,5,2.11,5
00971,野村美國研發龍頭,ETF,0.0,0.0,0.0,0.0,0.0,0.0,0.0,0.0,0.0,0.0,0.0,0.0,0.0,16.77,0.0,0.0,0.0,2.54,40,26.69,169
00972,野村日本動能高息,ETF,0.0,0.0,0.0,0.0,0.0,0.0,0.0,0.0,0.0,0.0,0.0,0.0,0.0,19.38,0.0,0.0,0.0,11.48,70,25.14,181
009800,中信NASDAQ,ETF,0.0,0.0,0.0,0.0,0.0,0.0,0.0,0.0,0.0,0.0,0.0,0.0,0.0,13.22,0.0,0.0,0.0,2.4,7,24.61,169
009801,中信美國創新科技,ETF,0.0,0.0,0.0,0.0,0.0,0.0,0.0,0.0,0.0,0.0,0.0,0.0,0.0,12.43,0.0,0.0,0.0,2.3,170,27.54,135
009802,富邦旗艦50,ETF,0.0,0.0,0.0,0.0,0.0,0.0,0.0,0.0,0.0,0.0,0.0,0.0,0.0,19.77,0.0,0.0,0.0,8.98,175,18.01,134
009803,玉山市值動能50,ETF,0.0,0.0,0.0,0.0,0.0,0.0,0.0,0.0,0.0,0.0,0.0,0.0,0.0,21.69,0.0,0.0,0.0,19.15,183,29.94,135
009804,聯邦台精彩50,ETF,0.0,0.0,0.0,0.0,0.0,0.0,0.0,0.0,0.0,0.0,0.0,0.0,0.0,24.0,0.0,0.0,0.0,40.06,183,27.93,136
009805,新光美國電力基建,ETF,0.0,0.0,0.0,0.0,0.0,0.0,0.0,0.0,0.0,0.0,0.0,0.0,0.0,16.45,0.0,0.0,0.0,30.77,174,28.3,139
009806,台新標普500,上櫃ETF,0.0,0.0,0.0,0.0,0.0,0.0,0.0,0.0,0.0,0.0,0.0,0.0,0.0,13.2,0.0,0.0,0.0,19.04,184,19.35,171
00989A,主動摩根美國科技,ETF,0.0,0.0,0.0,0.0,0.0,0.0,0.0,0.0,0.0,0.0,0.0,0.0,0.0,18.02,0.0,0.0,0.0,5.53,6,5.53,6
009807,台新標普科技精選,上櫃ETF,0.0,0.0,0.0,0.0,0.0,0.0,0.0,0.0,0.0,0.0,0.0,0.0,0.0,16.71,0.0,0.0,0.0,34.33,156,30.68,136
009809,富邦淨零ESG50,ETF,0.0,0.0,0.0,0.0,0.0,0.0,0.0,0.0,0.0,0.0,0.0,0.0,0.0,17.38,0.0,0.0,0.0,32.93,182,32.93,182
00980A,主動野村臺灣優選,ETF,0.0,0.0,0.0,0.0,0.0,0.0,0.0,0.0,0.0,0.0,0.0,0.0,0.0,24.69,0.0,0.0,0.0,50.91,182,34.8,178
00980B,台新特選IG債10+,上櫃ETF,0.0,0.0,0.0,0.0,0.0,0.0,0.0,0.0,0.0,0.0,0.0,0.0,0.0,9.53,0.0,0.0,0.0,3.82,41,10.19,127
00980D,主動聯博投等入息,上櫃ETF,0.0,0.0,0.0,0.0,0.0,0.0,0.0,0.0,0.0,0.0,0.0,0.0,0.0,20.41,0.0,0.0,0.0,4.57,164,4.57,164
00980T,平衡凱基美國TOP,上櫃ETF,0.0,0.0,0.0,0.0,0.0,0.0,0.0,0.0,0.0,0.0,0.0,0.0,0.0,11.43,0.0,0.0,0.0,10.6,76,10.6,76
009810,玉山全球藍籌100,ETF,0.0,0.0,0.0,0.0,0.0,0.0,0.0,0.0,0.0,0.0,0.0,0.0,0.0,20.5,0.0,0.0,0.0,25.76,181,25.76,181
009811,統一美國50,ETF,0.0,0.0,0.0,0.0,0.0,0.0,0.0,0.0,0.0,0.0,0.0,0.0,0.0,12.91,0.0,0.0,0.0,16.23,168,16.23,168
009812,野村日本東證,ETF,0.0,0.0,0.0,0.0,0.0,0.0,0.0,0.0,0.0,0.0,0.0,0.0,0.0,12.38,0.0,0.0,0.0,24.72,146,24.72,146
009813,貝萊德標普卓越50,ETF,0.0,0.0,0.0,0.0,0.0,0.0,0.0,0.0,0.0,0.0,0.0,0.0,0.0,11.13,0.0,0.0,0.0,6.57,85,6.57,85
009814,富邦標普500,上櫃ETF,0.0,0.0,0.0,0.0,0.0,0.0,0.0,0.0,0.0,0.0,0.0,0.0,0.0,11.06,0.0,0.0,0.0,11.32,165,11.32,165
009815,大華美國MAG7+,上櫃ETF,0.0,0.0,0.0,0.0,0.0,0.0,0.0,0.0,0.0,0.0,0.0,0.0,0.0,11.26,0.0,0.0,0.0,15.55,128,15.55,128
009816,凱基台灣TOP50,ETF,0.0,0.0,0.0,0.0,0.0,0.0,0.0,0.0,0.0,0.0,0.0,0.0,0.0,15.55,0.0,0.0,0.0,53.26,120,53.26,120
009808,華南永昌優選50,ETF,0.0,0.0,0.0,0.0,0.0,0.0,0.0,0.0,0.0,0.0,0.0,0.0,0.0,31.53,0.0,0.0,0.0,33.51,168,30.89,136
2449,京元電子,半導體業,9.01,34125431000.0,3787506215.316315,5.54,46738581530.977,12.34,22.4,35.46,10.47,45.93,129.2,566.78,276.48,280.5,0.99,0.46,2.02,40.2,144,123.3,178
2450,神腦,通信網路業,1.72,32694590000.0,19008482558.139534,0.91,37931629750.26078,2.0,17.46,5.72,14.84,20.56,29.68,41.12,34.92,29.05,1.2,1.02,1.42,0.0,0,0.81,1
3622,洋華,電子工業,6.09,1673510000.0,274796387.52052546,2.81,1820757589.6028595,6.63,11.75,10.48,8.55,19.03,56.69,126.17,77.89,55.6,1.4,1.02,2.27,0.0,0,38.26,153
3623,富晶通,光電業,-0.16,287229000.0,0.0,0.0,286234865.6014501,0.0,61.49,9.87,57.76,67.63,0.0,0.0,0.0,22.9,0.0,0.0,0.0,23.54,86,49.05,62
3624,光頡,電子零組件業,1.86,2636913000.0,1417695161.2903225,1.08,3188655393.89364,2.25,26.49,58.3,12.23,70.53,27.52,158.69,59.59,146.0,0.41,0.19,1.09,6.67,8,74.84,183
3625,西勝,電腦及週邊設備業,-0.6,399491000.0,0.0,0.0,405144078.5748475,0.0,0.0,0.0,0.0,0.0,0.0,0.0,0.0,15.7,0.0,0.0,0.0,75.1,170,167.44,128
3628,盈正,其他電子類,4.02,3385021000.0,842045024.875622,2.03,3652964919.2006035,4.34,22.44,21.35,14.57,35.92,63.23,155.89,97.39,71.5,1.36,0.88,2.18,6.49,15,121.6,139
3630,新鉅科,光電業,1.8,2218172000.0,1232317777.7777777,1.03,2604274417.2222214,2.11,21.31,25.13,11.92,37.05,25.15,78.18,44.97,35.3,1.27,0.71,2.21,10.45,25,87.78,86
3631,晟楠,電子零組件業,-0.7,71805000.0,0.0,0.0,23131941.23854671,0.0,0.0,0.0,0.0,0.0,0.0,0.0,0.0,34.15,0.0,0.0,0.0,23.65,78,7.41,114
3632,研勤,通信網路業,-0.38,268980000.0,0.0,0.0,280096938.86874336,0.0,150.91,19.0,139.5,158.5,0.0,0.0,0.0,8.2,0.0,0.0,0.0,12.01,21,0.0,0
3645,達邁,電子工業,1.54,2380724000.0,1545924675.3246753,0.8,2448950458.7933497,1.58,49.61,62.22,23.74,85.96,37.51,135.82,78.38,92.5,0.85,0.41,1.47,40.93,67,34.17,78
3646,艾恩特,電子零組件業,0.56,666283000.0,1189791071.4285712,0.3,706330000.2246035,0.59,33.28,134.07,17.18,151.25,10.14,89.24,19.63,23.45,0.84,0.43,3.81,4.65,30,1.55,86
3652,精聯,電子工業,1.34,2479109000.0,1850081343.283582,0.72,2841576730.4976554,1.54,34.0,64.84,17.97,82.81,27.67,127.53,52.36,37.25,1.41,0.74,3.42,53.43,66,20.4,31
3653,健策,電子工業,36.76,20056537000.0,545607644.1784549,21.63,23896434255.113346,43.8,72.1,119.89,31.53,151.42,1381.01,6632.2,3158.12,3990.0,0.79,0.35,1.66,47.89,147,98.7,171
3661,世芯-KY,半導體業,69.19,34151314000.0,493587425.9286024,19.52,15647945681.14042,31.7,43.9,54.44,24.34,78.78,771.58,2497.33,1391.5,4320.0,0.32,0.18,0.58,20.95,183,52.93,59
3663,鑫科,其他電子類,-0.08,5546540000.0,0.0,0.0,8493368861.779782,0.0,260.01,855.33,61.67,917.0,0.0,0.0,0.0,78.1,0.0,0.0,0.0,139.96,64,9.4,37
3664,安瑞-KY,通信網路業,-6.04,903104000.0,0.0,0.0,597906355.8639253,0.0,1209.94,2869.5,150.5,3020.0,0.0,0.0,0.0,6.14,0.0,0.0,0.0,3.62,18,13.73,80
3665,貿聯-KY,其他電子業,46.62,69203806000.0,1484423123.1231232,28.45,90295201001.4234,60.83,33.15,47.47,16.19,63.66,984.84,3872.44,2016.39,2090.0,0.96,0.47,1.85,107.69,170,115.11,156
3666,光耀,光電業,-3.46,494144000.0,0.0,0.0,378317791.4602147,0.0,0.0,0.0,0.0,0.0,0.0,0.0,0.0,25.8,0.0,0.0,0.0,21.16,9,13.89,177
3617,碩天,電子工業,14.48,11943958000.0,824858977.9005525,7.24,12343607507.67299,14.96,13.18,10.29,8.8,19.09,131.65,285.59,197.22,211.5,0.93,0.62,1.35,32.32,168,11.54,27
3615,安可,光電業,0.82,946237000.0,1153947560.9756098,0.33,721786195.3050531,0.63,73.55,140.27,29.28,169.55,18.45,106.82,46.34,53.6,0.86,0.34,1.99,56.42,127,19.74,76
3581,博磊,半導體業,0.81,1472080000.0,1817382716.0493827,0.48,1888578545.9452069,1.04,421.88,2200.59,46.08,2246.67,47.92,2336.54,438.75,163.5,2.68,0.29,14.29,144.44,134,119.45,163
3583,辛耘,半導體業,13.82,11181723000.0,809097178.0028943,7.49,12427007330.96825,15.36,35.27,47.77,17.72,65.49,272.18,1005.93,541.72,827.0,0.66,0.33,1.22,48.6,113,29.24,99
3587,閎康,其他電子類,6.09,5497073000.0,902639244.6633826,3.34,6460764533.465472,7.16,27.77,47.11,13.38,60.49,95.8,433.11,198.82,289.5,0.69,0.33,1.5,7.82,18,30.45,126
3588,通嘉,半導體業,0.51,1334330000.0,2616333333.3333335,0.31,1548325593.3611276,0.59,56.47,116.83,21.54,138.37,12.71,81.64,33.32,57.8,0.58,0.22,1.41,9.07,3,19.07,92
3591,艾笛森,光電業,-0.34,2361396000.0,0.0,0.0,2301778828.5632567,0.0,76.69,288.2,16.8,305.0,0.0,0.0,0.0,23.15,0.0,0.0,0.0,3.23,17,1.6,181
3592,瑞鼎,半導體業,18.23,22500591000.0,1234261711.4646187,9.57,22749709148.958485,18.43,13.27,7.8,10.01,17.81,184.48,328.24,244.55,276.0,0.89,0.67,1.19,0.47,3,2.36,14
3593,力銘,電子工業,-0.9,1092576000.0,0.0,0.0,643705674.2971928,0.0,0.0,0.0,0.0,0.0,0.0,0.0,0.0,16.1,0.0,0.0,0.0,55.76,24,7.82,171
3594,磐儀,電腦及週邊設備業,0.5,2048586000.0,4097172000.0,0.28,2627095476.2789,0.64,66.89,106.99,26.54,133.53,16.99,85.46,42.81,47.4,0.9,0.36,1.8,18.89,25,9.53,59
3596,智易,通信網路業,12.6,52775725000.0,4188549603.1746035,6.24,53848968976.08666,12.86,15.78,10.26,11.28,21.54,145.06,277.0,202.89,193.5,1.05,0.75,1.43,10.64,150,29.27,70
3597,映興,電子零組件業,0.34,865831000.0,2546561764.705882,0.17,920314419.8981168,0.36,61.11,135.55,17.58,153.13,6.33,55.13,22.0,26.8,0.82,0.24,2.06,115.32,170,33.79,56
3605,宏致,電子工業,4.35,10859165000.0,2496359770.1149426,2.39,11965091649.265686,4.79,115.93,757.76,13.49,771.25,64.62,3694.29,555.29,77.1,7.2,0.84,47.92,28.81,128,42.49,83
3607,谷崧,電子工業,0.02,2861541000.0,143077050000.0,0.01,2652351177.330822,0.02,162.14,749.17,25.83,775.0,0.52,15.5,3.24,17.1,0.19,0.03,0.91,34.46,91,6.23,9
3609,三一東林,電子零組件業,6.42,667338000.0,103946728.97196262,1.69,514452416.47645557,4.95,5.43,4.98,3.3,8.28,16.34,40.99,26.89,27.1,0.99,0.6,1.51,4.25,21,17.69,13
3611,鼎翰,電腦及週邊設備業,19.63,11503912000.0,586037289.8624555,10.02,11515522848.245592,19.65,12.52,5.93,9.18,15.11,180.39,296.91,245.94,193.0,1.27,0.93,1.54,4.2,15,9.39,164
3580,友威科,其他電子類,1.94,435272000.0,224367010.30927837,0.82,399535146.0633593,1.78,26.65,70.77,9.94,80.71,17.69,143.66,47.44,101.5,0.47,0.17,1.42,86.45,73,1.4,83
3672,康聯訊,通信網路業,-2.28,245875000.0,0.0,0.0,195836119.19393715,0.0,0.0,0.0,0.0,0.0,0.0,0.0,0.0,12.25,0.0,0.0,0.0,12.18,133,2.37,24
3709,鑫聯大投控,電腦及週邊設備業,7.02,40845639000.0,5818467094.017095,4.0,48231257207.06005,8.29,16.17,24.48,7.39,31.87,61.26,264.2,134.02,74.6,1.8,0.82,3.54,50.77,134,62.74,114
3710,連展投控,電子零組件業,-1.48,7029628000.0,0.0,0.0,7308691148.335305,0.0,226.45,56.25,201.25,257.5,0.0,0.0,0.0,6.5,0.0,0.0,0.0,49.31,119,26.23,62
3711,日月光投控,半導體業,9.37,639427808000.0,68242028601.92103,5.24,756847982495.7205,11.09,26.73,44.24,15.37,59.61,170.45,661.07,296.41,595.0,0.5,0.29,1.11,15.87,24,67.23,136
3712,永崴投控,電子工業,-22.85,34127144000.0,0.0,0.0,26525681765.72232,0.0,13.18,13.31,8.44,21.75,0.0,0.0,0.0,17.9,0.0,0.0,0.0,48.22,162,12.31,36
3714,富采,光電業,-3.69,22182215000.0,0.0,0.0,21904570430.730007,0.0,0.0,0.0,0.0,0.0,0.0,0.0,0.0,65.9,0.0,0.0,0.0,6.85,126,17.83,93
3715,定穎投控,電子工業,2.7,19083311000.0,7067892962.962962,1.72,25402829498.443577,3.59,33.83,182.49,9.26,191.75,33.24,688.38,121.44,176.0,0.69,0.19,3.91,26.94,100,219.07,149
3716,中化控股,化學生技醫療,2.39,8598150000.0,3597552301.25523,1.2,8350060449.6948805,2.32,16.18,4.92,13.01,17.93,30.18,41.6,37.55,34.7,1.08,0.87,1.2,0.0,0,0.0,0
3717,聯嘉投控,汽車工業,0.46,2059036000.0,4476165217.391304,0.0,0.0,0.0,276.04,64.38,243.75,308.13,0.0,0.0,0.0,22.45,0.0,0.0,0.0,4.74,55,4.74,55
4102,永日,生技醫療業,-0.34,471219000.0,0.0,0.0,470975507.42798084,0.0,19.3,14.05,13.45,27.5,0.0,0.0,0.0,18.95,0.0,0.0,0.0,10.98,81,0.21,1
4104,佳醫,化學生技醫療,4.82,8784192000.0,1822446473.0290456,2.53,9385762017.344961,5.15,17.67,4.64,14.74,19.38,75.91,99.81,90.99,69.5,1.31,1.09,1.44,2.1,59,4.49,79
4105,東洋,生技醫療業,6.26,6425722000.0,1026473162.9392972,3.12,6738866207.343775,6.57,13.54,6.39,10.81,17.2,71.02,113.0,88.94,73.7,1.21,0.96,1.53,0.52,1,9.4,170
4106,雃博,化學生技醫療,1.19,2395767000.0,2013249579.8319328,0.6,2496544353.9012737,1.24,21.18,12.18,15.77,27.95,19.55,34.66,26.26,23.4,1.12,0.84,1.48,3.74,18,1.33,29
4107,邦特,生技醫療業,7.77,2104303000.0,270824066.92406696,4.16,2298589778.580262,8.49,16.47,6.11,13.78,19.89,116.99,168.87,139.81,116.5,1.2,1.0,1.45,9.51,59,11.21,147
4108,懷特,化學生技醫療,-0.28,139964000.0,0.0,0.0,140755383.50653183,0.0,0.0,0.0,0.0,0.0,0.0,0.0,0.0,12.0,0.0,0.0,0.0,3.76,21,18.9,84
4109,加捷生醫,生技醫療業,0.43,487910000.0,1134674418.6046512,0.24,506064731.01028013,0.45,100.73,535.01,4.99,540.0,2.25,243.0,45.33,12.15,3.73,0.19,20.0,70.34,30,8.71,64
3707,漢磊,半導體業,-1.97,5701058000.0,0.0,0.0,6983198201.735904,0.0,0.0,0.0,0.0,0.0,0.0,0.0,0.0,80.5,0.0,0.0,0.0,9.98,24,109.28,92
3706,神達,電腦及週邊設備業,5.36,103432967000.0,19297195335.820896,3.51,139939218788.97058,7.25,20.45,19.77,13.09,32.86,94.9,238.24,148.27,86.3,1.72,1.1,2.76,94.07,171,60.42,139
3705,永信,生技醫療業,3.31,8374052000.0,2529925075.528701,1.55,7641088343.424017,3.02,14.96,6.94,12.35,19.29,37.3,58.26,45.19,57.2,0.79,0.65,1.02,15.68,102,4.69,50
3673,TPK-KY,光電業,2.72,62851973000.0,23107343014.70588,1.57,71480011552.04489,3.09,30.29,81.99,16.01,98.0,49.47,302.82,93.6,86.6,1.08,0.57,3.5,44.31,29,38.69,175
3675,德微,半導體業,2.66,2639156000.0,992163909.774436,1.44,2949521354.9834275,2.97,41.46,131.88,14.57,146.45,43.27,434.96,123.15,335.0,0.37,0.13,1.3,17.81,14,22.34,132
3679,新至陞,電子工業,9.77,4556910000.0,466418628.45445246,4.47,3920723924.021796,8.41,12.3,9.97,8.19,18.16,68.88,152.73,103.45,112.0,0.92,0.62,1.36,13.26,44,5.1,36
3680,家登,半導體業,9.43,7056171000.0,748268398.7274655,5.75,8775388615.886711,11.73,44.21,42.55,23.56,66.11,276.36,775.47,518.62,517.0,1.0,0.53,1.5,42.15,112,3.86,8
3684,榮昌,通信網路業,3.5,1154111000.0,329746000.0,1.68,1250701742.1817238,3.79,21.25,28.5,12.68,41.18,48.06,156.07,80.56,59.2,1.36,0.81,2.64,1.03,23,30.16,141
3686,達能,半導體業,-0.49,82608000.0,0.0,0.0,96819718.69565217,0.0,0.0,0.0,0.0,0.0,0.0,0.0,0.0,17.4,0.0,0.0,0.0,72.85,35,32.73,139
3689,湧德,電子零組件業,7.58,5975076000.0,788268601.5831134,5.15,7986100106.548334,10.13,15.87,12.17,9.98,22.15,101.1,224.38,160.72,118.5,1.36,0.85,1.89,45.83,183,14.36,56
3691,碩禾,光電業,-7.62,5193342000.0,0.0,0.0,14248383202.303114,0.0,0.0,0.0,0.0,0.0,0.0,0.0,0.0,157.0,0.0,0.0,0.0,14.29,18,51.0,63
3693,營邦,電腦及週邊設備業,15.5,7618167000.0,491494645.16129035,7.27,6221151873.544713,12.66,18.6,65.01,8.39,73.4,106.22,929.24,235.53,496.5,0.47,0.21,1.87,11.91,18,24.75,136
3694,海華,通信網路業,4.03,11255939000.0,2793036972.7047143,2.1,12665235019.267473,4.53,18.88,17.8,13.43,31.23,60.84,141.47,85.53,61.9,1.38,0.98,2.29,7.77,172,78.08,63
3701,大眾控,電子工業,-0.38,9777674000.0,0.0,0.0,7114585343.054403,0.0,322.15,1450.39,24.61,1475.0,0.0,0.0,0.0,47.45,0.0,0.0,0.0,2.33,10,45.62,73
3702,大聯大,電子工業,5.77,989365062000.0,171467081802.42636,3.94,1336946519532.5942,7.8,14.97,9.43,10.81,20.24,84.32,157.87,116.76,107.0,1.09,0.79,1.48,17.03,28,5.53,16
3703,欣陸,建材營造,1.79,29380981000.0,16413955865.921787,1.15,37411843024.09065,2.28,18.8,22.49,9.64,32.13,21.98,73.26,42.87,21.9,1.96,1.0,3.35,3.56,15,5.17,79
3704,合勤控,通信網路業,1.56,26511091000.0,16994289102.564102,0.8,25577775545.15473,1.51,27.15,40.78,13.06,53.84,19.72,81.3,40.99,49.35,0.83,0.4,1.65,6.67,172,41.62,84
3577,泓格,電腦及週邊設備業,2.36,1147441000.0,486203813.55932206,1.58,1494299868.5474606,3.07,38.38,41.16,23.96,65.12,73.56,199.92,117.82,119.0,0.99,0.62,1.68,47.94,105,79.73,34
3576,聯合再生,電子工業,-0.76,3793481000.0,0.0,0.0,2042717346.5089898,0.0,43.61,12.62,37.38,50.0,0.0,0.0,0.0,19.15,0.0,0.0,0.0,29.36,16,27.97,182
3432,台端,電子零組件業,-0.87,140540000.0,0.0,0.0,466108135.91363615,0.0,0.0,0.0,0.0,0.0,0.0,0.0,0.0,18.4,0.0,0.0,0.0,11.42,10,19.31,28
3434,哲固,光電業,0.54,690682000.0,1279040740.7407405,0.2,426723111.3963991,0.33,35.65,49.21,19.19,68.4,6.33,22.57,11.77,30.1,0.39,0.21,0.75,17.24,18,1.52,14
3437,榮創,光電業,-2.65,1654007000.0,0.0,0.0,1310169829.7361567,0.0,0.0,0.0,0.0,0.0,0.0,0.0,0.0,21.45,0.0,0.0,0.0,8.42,30,11.76,73
3438,類比科,半導體業,1.0,1012458000.0,1012458000.0,0.43,837909274.9727432,0.83,55.92,62.42,25.36,87.78,21.05,72.86,46.42,70.8,0.66,0.3,1.03,17.15,23,22.52,169
3441,聯一光,光電業,1.06,418045000.0,394382075.4716981,0.65,550268589.9955522,1.4,44.81,72.33,19.21,91.54,26.89,128.16,62.73,89.1,0.7,0.3,1.44,13.45,73,35.71,178
3443,創意,半導體業,28.13,32095619000.0,1140974724.4934235,22.05,60220602536.58175,52.78,65.06,139.25,33.13,172.38,1748.6,9098.22,3433.6,5075.0,0.68,0.34,1.79,9.09,1,109.68,178
3444,利機,電子通路業,2.14,1248999000.0,583644392.5233644,1.14,1325676949.569195,2.27,34.48,46.97,19.41,66.38,44.06,150.68,78.26,91.8,0.85,0.48,1.64,5.73,24,25.63,76
3447,展達,通信網路業,1.59,3636320000.0,2286993710.691824,0.72,4093945516.3075275,1.79,31.1,43.36,20.56,63.92,36.8,114.42,55.68,40.15,1.39,0.92,2.85,208.17,149,69.2,80
3455,由田,光電業,2.66,1818370000.0,683597744.3609022,0.78,1104005687.3489802,1.61,33.39,160.28,13.88,174.16,22.35,280.4,53.75,228.0,0.24,0.1,1.23,47.3,143,13.9,85
3466,德晉,通信網路業,-1.28,126306000.0,0.0,0.0,701180466.1167637,0.0,0.0,0.0,0.0,0.0,0.0,0.0,0.0,33.85,0.0,0.0,0.0,0.0,0,20.81,78
3467,台灣精材,半導體業,0.58,561538000.0,968168965.5172415,0.37,795644317.6646155,0.82,65.91,72.06,41.91,113.97,34.37,93.46,54.05,63.8,0.85,0.54,1.46,3.44,21,14.84,9
3479,安勤,電腦及週邊設備業,6.46,8456230000.0,1309013931.8885448,3.37,9281178187.130535,7.09,14.72,8.04,12.21,20.25,86.57,143.57,104.38,133.5,0.78,0.65,1.08,0.0,0,17.97,118
3481,群創,光電業,0.03,223293940000.0,7443131333333.334,0.02,259987663691.32755,0.03,163.71,1242.36,7.64,1250.0,0.23,37.5,4.91,58.6,0.08,0.0,0.64,17.25,70,29.17,114
3483,力致,電腦及週邊設備業,3.75,9024891000.0,2406637600.0,1.75,9206256976.884441,3.83,19.87,17.49,11.21,28.7,42.93,109.92,76.11,91.3,0.83,0.47,1.2,17.78,4,11.72,83
3484,崧騰,電子零組件業,4.26,4654211000.0,1092537793.4272301,2.05,4402036118.251356,4.03,13.17,9.04,9.71,18.75,39.13,75.56,53.07,51.8,1.02,0.76,1.46,14.87,94,17.22,72
3485,敘豐,電子零組件業,5.89,54861000.0,9314261.460101869,0.0,0.0,0.0,58.54,29.0,45.76,74.76,0.0,0.0,0.0,305.0,0.0,0.0,0.0,14.71,42,36.54,177
3489,森寶,建材營造,-0.09,747131000.0,0.0,0.0,1177343976.3439584,0.0,343.84,157.23,299.44,456.67,0.0,0.0,0.0,22.95,0.0,0.0,0.0,45.23,45,1.07,79
3490,單井,光電業,0.05,267156000.0,5343120000.0,0.02,264567126.5337973,0.05,91.84,621.03,10.97,632.0,0.55,31.6,4.59,33.3,0.14,0.02,0.95,32.33,21,27.91,182
3430,奇鈦科,化學工業,3.15,1678491000.0,532854285.71428573,1.83,2056655371.5560682,3.86,18.49,47.76,8.75,56.51,33.78,218.13,71.38,134.5,0.53,0.25,1.62,62.65,106,49.09,107
3419,譁裕,通信網路業,-1.79,1783148000.0,0.0,0.0,1817823656.353505,0.0,0.0,0.0,0.0,0.0,0.0,0.0,0.0,14.3,0.0,0.0,0.0,10.41,22,11.36,99
3349,寶德,電腦及週邊設備業,-1.04,506986000.0,0.0,0.0,333906275.18183863,0.0,0.0,0.0,0.0,0.0,0.0,0.0,0.0,18.2,0.0,0.0,0.0,30.42,39,80.0,183
3354,律勝,電子零組件業,-0.84,96893000.0,0.0,0.0,124118615.05039632,0.0,0.0,0.0,0.0,0.0,0.0,0.0,0.0,28.2,0.0,0.0,0.0,42.06,126,37.73,170
3356,奇偶,光電業,6.21,1017729000.0,163885507.2463768,3.42,1089729074.654726,6.65,11.75,19.27,5.06,24.33,33.65,161.79,78.16,59.9,1.3,0.56,2.7,9.31,17,11.0,99
3357,臺慶科,電子零組件業,10.26,6493208000.0,632866276.803119,5.98,7708921746.971002,12.18,17.66,22.08,11.05,33.13,134.59,403.52,215.06,316.5,0.68,0.43,1.27,3.55,29,69.95,156
3360,尚立,電子通路業,-0.49,6823561000.0,0.0,0.0,11420895422.006699,0.0,0.0,0.0,0.0,0.0,0.0,0.0,0.0,16.6,0.0,0.0,0.0,20.36,98,16.94,58
3362,先進光,光電業,-1.07,4303139000.0,0.0,0.0,4397388555.949926,0.0,67.47,44.4,43.82,88.22,0.0,0.0,0.0,207.5,0.0,0.0,0.0,17.34,74,1.15,1
3363,上詮,通信網路業,0.16,1868579000.0,11678618750.0,0.07,1603759279.483691,0.14,5590.87,5533.93,3437.5,8971.43,481.25,1256.0,782.72,685.0,1.14,0.7,1.83,62.87,128,69.18,181
3372,典範,半導體業,-1.22,1065971000.0,0.0,0.0,1409760707.0278232,0.0,0.0,0.0,0.0,0.0,0.0,0.0,0.0,19.9,0.0,0.0,0.0,6.43,1,57.69,149
3373,熱映,其他電子類,-1.35,404178000.0,0.0,0.0,386725447.2595729,0.0,0.0,0.0,0.0,0.0,0.0,0.0,0.0,16.8,0.0,0.0,0.0,0.0,0,0.96,1
3374,精材,半導體業,4.99,7099998000.0,1422845290.5811622,2.82,9051161080.953394,6.36,32.2,35.88,18.21,54.09,115.82,344.01,204.8,244.5,0.84,0.47,1.41,60.34,73,9.38,139
3376,新日興,電子工業,1.66,10913580000.0,6574445783.13253,0.75,9218383453.722134,1.4,64.06,324.32,24.21,348.53,33.89,487.94,89.68,197.5,0.45,0.17,2.47,0.0,0,44.66,73
3380,明泰,通信網路業,-0.36,21928876000.0,0.0,0.0,23341810490.141087,0.0,111.97,300.84,33.6,334.44,0.0,0.0,0.0,35.4,0.0,0.0,0.0,11.37,169,15.99,135
3388,崇越電,電子零組件業,4.16,7300872000.0,1755017307.6923077,2.44,8624223126.667803,4.91,17.19,14.56,14.6,29.16,71.69,143.18,84.41,89.3,0.95,0.8,1.6,0.0,0,0.93,2
3390,旭軟,電子零組件業,-0.51,787157000.0,0.0,0.0,971493129.9531395,0.0,22.43,17.57,13.83,31.4,0.0,0.0,0.0,28.3,0.0,0.0,0.0,8.61,74,14.49,125
3402,漢科,其他電子類,7.5,5235312000.0,698041600.0,4.06,5862726544.33311,8.4,16.1,10.77,10.44,21.21,87.7,178.16,135.22,139.5,0.97,0.63,1.28,28.71,18,61.8,78
3406,玉晶光,光電業,32.84,23805806000.0,724902740.5602922,17.54,30647279755.68027,42.28,13.31,14.69,7.86,22.55,332.32,953.41,562.79,722.0,0.78,0.46,1.32,7.48,8,15.62,71
3413,京鼎,半導體業,21.44,20785570000.0,969476212.6865671,11.39,23181175995.955097,23.91,13.71,9.94,8.59,18.53,205.39,443.05,327.84,319.5,1.03,0.64,1.39,29.69,18,20.65,136
3416,融程電,電子工業,7.4,3558156000.0,480831891.8918919,4.27,4693626646.289197,9.76,22.29,13.72,16.67,30.39,162.7,296.61,217.58,174.5,1.25,0.93,1.7,6.0,175,47.1,84
3491,昇達科,通信網路業,7.85,2363136000.0,301036433.1210191,6.6,3816475353.6185803,12.68,86.97,216.61,33.75,250.36,427.95,3174.56,1102.74,1550.0,0.71,0.28,2.05,25.35,77,89.73,181
3492,長盛,電子零組件業,1.77,867190000.0,489937853.1073446,0.85,779410620.475276,1.59,17.09,23.25,11.4,34.65,18.13,55.09,27.17,22.8,1.19,0.8,2.42,71.11,21,22.41,164
3494,誠研,電子工業,-1.84,914747000.0,0.0,0.0,1033957951.7336406,0.0,0.0,0.0,0.0,0.0,0.0,0.0,0.0,8.08,0.0,0.0,0.0,139.42,176,0.0,0
3533,嘉澤,電子零組件業,70.15,33055352000.0,471209579.47255874,41.08,39410086356.968636,83.64,22.9,27.82,12.74,40.56,1065.57,3392.44,1915.29,2300.0,0.83,0.46,1.47,16.47,170,22.14,92
3535,晶彩科,光電業,-1.06,383417000.0,0.0,0.0,2467253499.0469837,0.0,132.51,304.06,39.69,343.75,0.0,0.0,0.0,134.5,0.0,0.0,0.0,146.67,44,134.49,174
3537,堡達,電子零組件業,2.51,2863383000.0,1140790039.8406374,1.31,3057483303.3667545,2.68,19.65,29.12,9.69,38.81,25.97,104.01,52.66,81.5,0.65,0.32,1.28,24.24,21,17.98,149
3540,曜越,電腦及週邊設備業,0.74,5104074000.0,6897397297.2972975,0.33,4628354485.494668,0.67,128.39,263.85,34.07,297.92,22.83,199.61,86.02,25.95,3.31,0.88,7.69,2.47,18,19.21,87
3541,西柏,其他電子類,-0.83,1067915000.0,0.0,0.0,979136796.7240671,0.0,0.0,0.0,0.0,0.0,0.0,0.0,0.0,21.75,0.0,0.0,0.0,19.13,24,17.22,36
3543,州巧,光電業,-2.24,3253705000.0,0.0,0.0,3135592619.492033,0.0,41.53,29.14,25.19,54.33,0.0,0.0,0.0,31.15,0.0,0.0,0.0,6.54,98,144.94,135
3545,敦泰,半導體業,-4.64,12323034000.0,0.0,0.0,10004315327.048428,0.0,30.52,27.45,19.46,46.91,0.0,0.0,0.0,56.9,0.0,0.0,0.0,2.02,3,15.3,94
3546,宇峻,文化創意業,2.06,1333509000.0,647334466.0194174,1.56,2031426023.1705804,3.14,23.14,23.43,13.63,37.06,42.8,116.37,72.66,86.1,0.84,0.5,1.35,5.23,16,5.14,16
3548,兆利,電子零組件業,2.24,9772727000.0,4362824553.571428,0.92,6879033003.7111635,1.58,114.99,2077.69,12.31,2090.0,19.45,3302.2,181.69,89.9,2.02,0.22,36.73,7.02,170,13.98,2
3550,聯穎,電子工業,-1.19,3529210000.0,0.0,0.0,4273408424.3239937,0.0,0.0,0.0,0.0,0.0,0.0,0.0,0.0,33.9,0.0,0.0,0.0,89.32,99,15.05,73
3552,同致,其他電子類,0.68,8535131000.0,12551663235.294117,0.31,8053304231.6055765,0.64,64.7,107.69,17.72,125.41,11.34,80.26,41.41,50.3,0.82,0.23,1.6,2.74,29,29.44,140
3555,博士旺,半導體業,1.19,249976000.0,210063865.54621848,2.13,4046709781.6852994,19.26,89.1,176.5,27.02,203.52,520.41,3919.8,1715.99,195.5,8.78,2.66,20.05,8.22,22,226.21,183
3556,禾瑞亞,半導體業,2.15,961949000.0,447418139.53488374,1.34,1119605795.2597075,2.5,46.33,99.66,14.89,114.55,37.22,286.38,115.82,76.4,1.52,0.49,3.75,0.37,2,6.67,73
3558,神準,通信網路業,5.2,15050049000.0,2894240192.307692,2.27,12372417339.748024,4.27,28.5,42.89,10.05,52.94,42.91,226.05,121.71,135.0,0.9,0.32,1.67,22.13,169,2.87,58
3563,牧德,光電業,15.79,3177380000.0,201227359.0880304,8.87,3398796870.9534135,16.89,72.89,170.41,26.44,196.85,446.57,3324.8,1231.13,702.0,1.75,0.64,4.74,7.77,177,8.14,73
3564,其陽,通信網路業,0.65,2484572000.0,3822418461.538461,0.35,2729109508.7134547,0.71,114.42,310.84,49.16,360.0,34.9,255.6,81.24,47.6,1.71,0.73,5.37,0.0,0,3.29,8
3567,逸昌,半導體業,1.06,282056000.0,266090566.03773585,0.5,275880746.23690385,1.04,18.63,20.94,10.43,31.37,10.85,32.62,19.37,27.7,0.7,0.39,1.18,2.98,23,0.18,22
3570,大塚,資訊服務業,13.95,2412857000.0,172964659.4982079,7.93,2484583413.5515594,14.36,13.36,10.08,11.22,21.3,161.12,305.87,191.88,181.0,1.06,0.89,1.69,13.64,175,2.15,15
3532,台勝科,電子工業,1.57,12293039000.0,7829961146.496815,0.87,13809606120.85071,1.76,59.27,482.61,18.02,500.63,31.72,881.11,104.32,395.5,0.26,0.08,2.23,8.19,18,63.77,97
3531,先益,光電業,0.3,1341667000.0,4472223333.333334,0.12,963233492.1948643,0.22,38.51,90.4,8.35,98.75,1.84,21.72,8.47,0.0,0.0,0.0,0.0,3.04,11,2.36,58
3498,陽程,其他電子類,0.48,1264390000.0,2634145833.3333335,0.37,2322322303.7350473,0.88,147.4,169.12,88.17,257.29,77.59,226.42,129.72,119.0,1.09,0.65,1.9,102.18,127,51.71,63
3499,環天科,通信網路業,-1.3,369441000.0,0.0,0.0,276307582.343658,0.0,776.74,315.0,625.0,940.0,0.0,0.0,0.0,14.5,0.0,0.0,0.0,23.2,113,14.78,183
3501,維熹,電子工業,2.99,5576047000.0,1864898662.2073576,1.37,4870150595.547543,2.61,12.34,16.43,8.01,24.44,20.91,63.79,32.22,42.75,0.75,0.49,1.49,4.97,11,5.64,9
3504,揚明光,光電業,-0.08,2687814000.0,0.0,0.0,2837745513.208906,0.0,134.69,31.13,118.63,149.76,0.0,0.0,0.0,86.5,0.0,0.0,0.0,7.73,8,39.16,97
3508,位速,其他電子類,-1.51,815255000.0,0.0,0.0,807165007.4602122,0.0,0.0,0.0,0.0,0.0,0.0,0.0,0.0,19.3,0.0,0.0,0.0,7.85,4,54.5,71
3511,矽瑪,電子零組件業,-1.19,1766342000.0,0.0,0.0,1780850463.2541234,0.0,0.0,0.0,0.0,0.0,0.0,0.0,0.0,24.65,0.0,0.0,0.0,93.06,157,9.15,71
3515,華擎,電子工業,15.28,46660001000.0,3053664986.910995,7.74,48724562743.043915,15.96,20.03,13.9,13.15,27.05,209.87,431.72,319.63,247.0,1.29,0.85,1.75,3.1,183,44.85,134
4111,濟生,生技醫療業,2.81,1377520000.0,490220640.569395,1.49,1466645703.5914803,2.99,15.75,14.31,9.93,24.24,29.69,72.48,47.08,30.05,1.57,0.99,2.41,6.94,9,6.45,65
3516,亞帝歐,光電業,0.26,1043045000.0,4011711538.4615383,0.15,1288732541.6281319,0.32,94.63,116.7,47.92,164.62,15.33,52.68,30.28,28.0,1.08,0.55,1.88,22.63,128,7.18,58
3518,柏騰,電子工業,-1.56,317765000.0,0.0,0.0,257183873.70140645,0.0,14.73,4.86,12.24,17.1,0.0,0.0,0.0,28.3,0.0,0.0,0.0,30.48,66,64.47,93
3520,華盈,電子零組件業,-0.09,1224116000.0,0.0,0.0,1334453284.09551,0.0,130.28,255.29,40.34,295.63,0.0,0.0,0.0,17.0,0.0,0.0,0.0,30.56,17,41.07,135
3523,迎輝,光電業,-1.45,106915000.0,0.0,0.0,77913115.5605317,0.0,0.0,0.0,0.0,0.0,0.0,0.0,0.0,15.9,0.0,0.0,0.0,62.5,81,5.91,97
3526,凡甲,電子零組件業,16.98,3869677000.0,227896171.96702,10.09,4744806892.572841,20.82,16.28,9.81,12.75,22.56,265.46,469.7,338.85,315.5,1.07,0.84,1.49,12.96,171,18.53,56
3527,聚積,半導體業,-1.83,1479934000.0,0.0,0.0,1324010051.5640402,0.0,704.8,1795.35,100.65,1896.0,0.0,0.0,0.0,69.4,0.0,0.0,0.0,1.5,28,24.66,10
3528,安馳,電子工業,2.3,8386277000.0,3646207391.304348,1.82,16482141593.070898,4.52,45.86,190.38,12.41,202.79,56.09,916.61,207.27,122.5,1.69,0.46,7.48,14.52,66,20.1,56
3529,力旺,半導體業,25.6,3895918000.0,152184296.875,13.75,4396915954.513678,28.89,106.46,112.16,59.72,171.88,1725.31,4965.61,3075.52,3155.0,0.97,0.55,1.57,28.86,144,9.65,14
3530,晶相光,半導體業,1.74,1759670000.0,1011304597.7011495,1.18,2612426948.2673116,2.58,34.08,9.41,29.61,39.02,76.39,100.67,87.94,71.5,1.23,1.07,1.41,3.23,3,24.49,181
3346,麗清,汽車工業,0.12,8707292000.0,72560766666.66667,0.05,7436464276.492163,0.1,68.45,283.79,9.34,293.13,0.93,29.31,6.84,24.5,0.28,0.04,1.2,5.59,24,0.0,0
4113,聯上,建材營造,-0.43,954148000.0,0.0,0.0,62867001.0936429,0.0,46.6,190.14,5.24,195.38,0.0,0.0,0.0,17.3,0.0,0.0,0.0,11.45,31,27.07,91
4585,達明,電子工業,1.46,731904000.0,501304109.5890411,0.0,0.0,0.0,346.28,299.33,219.62,518.95,0.0,0.0,0.0,306.0,0.0,0.0,0.0,18.42,98,93.7,73
4588,玖鼎電力,其他電子業,3.2,896078000.0,280024375.0,1.74,1005190444.7216899,3.59,21.09,20.88,13.82,34.7,49.61,124.57,75.7,58.4,1.3,0.85,2.13,6.72,23,0.81,2
4590,富田-創,創新板股票,2.72,84263000.0,30979044.117647056,0.0,0.0,0.0,2892.28,9133.54,26.46,9160.0,0.0,0.0,0.0,78.0,0.0,0.0,0.0,27.52,64,0.47,7
4706,大恭,化學工業,0.35,1092365000.0,3121042857.1428576,0.19,1272083879.837813,0.41,81.35,174.22,27.78,202.0,11.39,82.82,33.35,31.8,1.05,0.36,2.6,19.27,29,0.0,0
4707,磐亞,化學工業,0.89,1382798000.0,1553705617.977528,0.35,1121706181.292414,0.72,13.64,14.77,9.53,24.3,6.86,17.5,9.82,22.6,0.43,0.3,0.77,17.53,66,2.5,63
4711,永純,化學工業,0.15,721056000.0,4807040000.0,0.09,856250091.9275925,0.18,216.8,411.93,44.32,456.25,7.98,82.12,39.02,17.35,2.25,0.46,4.73,21.76,73,20.86,106
4714,永捷,化學工業,-0.54,1423308000.0,0.0,0.0,2778909622.031305,0.0,50.56,73.71,16.77,90.48,0.0,0.0,0.0,13.15,0.0,0.0,0.0,1.32,1,26.98,98
4716,大立,化學工業,-0.88,541346000.0,0.0,0.0,502216220.61241156,0.0,68.99,199.41,15.59,215.0,0.0,0.0,0.0,17.2,0.0,0.0,0.0,75.7,128,16.23,105
4720,德淵,化學工業,0.74,3617724000.0,4888816216.216216,0.4,3818905984.064134,0.78,18.11,38.41,10.28,48.69,8.02,37.98,14.13,24.35,0.58,0.33,1.56,20.82,31,1.23,16
4721,美琪瑪,化學工業,3.01,2547493000.0,846343189.3687708,1.73,2837044013.4263988,3.35,26.14,52.98,13.17,66.15,44.12,221.6,87.57,98.1,0.89,0.45,2.26,14.67,18,49.58,37
4722,國精化,化學工業,2.01,3818702000.0,1899851741.2935326,0.97,3567650739.92207,1.88,58.57,152.94,16.59,169.53,31.19,318.72,110.12,264.0,0.42,0.12,1.21,17.91,16,189.86,108
4726,永昕,生技醫療業,-2.17,662586000.0,0.0,0.0,1168024779.313735,0.0,0.0,0.0,0.0,0.0,0.0,0.0,0.0,24.9,0.0,0.0,0.0,11.67,9,4.43,13
4728,雙美,生技醫療業,13.32,1996037000.0,149852627.6276276,7.59,2240064786.6802964,14.95,27.47,20.07,19.59,39.66,292.87,592.92,410.61,375.5,1.09,0.78,1.58,6.94,3,13.64,51
4729,熒茂,光電業,0.17,1096405000.0,6449441176.470588,0.08,1009233792.1528195,0.16,312.98,1690.45,29.55,1720.0,4.73,275.2,50.08,22.8,2.2,0.21,12.07,102.59,126,44.35,72
4735,豪展,生技醫療業,2.43,899326000.0,370093004.1152263,1.38,1086502132.6070652,2.94,44.4,119.39,9.87,129.26,29.02,380.02,130.52,30.95,4.22,0.94,12.28,33.57,81,0.0,0
4584,君帆,電機機械,3.43,1326004000.0,386590087.4635568,1.38,1025230278.3024458,2.65,15.28,8.7,11.76,20.46,31.16,54.22,40.49,40.75,0.99,0.76,1.33,15.61,22,1.75,28
4582,聚恆-創,綠能環保,1.54,1215456000.0,789257142.8571428,1.08,2499385908.744419,3.17,16.59,3.41,14.58,17.99,46.22,57.03,52.61,26.0,2.02,1.78,2.19,11.27,15,2.91,127
4554,橙的,其他電子類,2.15,496777000.0,231059069.76744187,1.07,515072045.44882184,2.23,18.46,28.16,12.0,40.16,26.76,89.56,41.16,29.8,1.38,0.9,3.01,4.44,21,7.9,50
4555,氣立,電機機械,0.19,1588876000.0,8362505263.157895,0.1,1733147173.7852993,0.21,201.33,78.61,174.0,252.61,36.54,53.05,42.28,46.9,0.9,0.78,1.13,12.76,3,39.56,76
4556,旭然,其他,0.92,674327000.0,732964130.4347826,0.47,718548305.1565177,0.98,142.52,441.8,28.91,470.71,28.33,461.3,139.67,73.1,1.91,0.39,6.31,24.22,35,11.34,55
4557,永新-KY,汽車工業,-0.34,4059621000.0,0.0,0.0,3051511889.2265997,0.0,51.88,259.7,6.97,266.67,0.0,0.0,0.0,49.35,0.0,0.0,0.0,22.59,161,0.0,0
4558,寶緯,電機機械,-0.39,1558915000.0,0.0,0.0,1653669095.6936119,0.0,288.93,1997.71,22.29,2020.0,0.0,0.0,0.0,18.5,0.0,0.0,0.0,49.35,144,16.43,51
4560,強信-KY,電機機械,3.02,1718464000.0,569027814.5695364,1.67,1846337810.2552216,3.24,17.34,18.36,10.71,29.07,34.7,94.19,56.18,33.05,1.7,1.05,2.85,1.35,11,1.9,8
4561,健椿,電機機械,0.66,945579000.0,1432695454.5454545,0.36,1013238527.0225358,0.71,32.06,76.82,11.93,88.75,8.47,63.01,22.76,41.85,0.54,0.2,1.51,56.5,78,6.71,62
4562,穎漢,電機機械,-1.28,747282000.0,0.0,0.0,610706797.2929155,0.0,0.0,0.0,0.0,0.0,0.0,0.0,0.0,35.7,0.0,0.0,0.0,55.34,63,0.68,9
4563,百德,電機機械,-2.67,2857967000.0,0.0,0.0,2311012957.5818577,0.0,27.32,34.51,14.7,49.21,0.0,0.0,0.0,42.35,0.0,0.0,0.0,144.4,112,8.56,7
4564,元翎,電機機械,-1.85,1136277000.0,0.0,0.0,740777308.722618,0.0,0.0,0.0,0.0,0.0,0.0,0.0,0.0,16.0,0.0,0.0,0.0,19.79,46,24.71,86
4566,時碩工業,電機機械,1.35,4950351000.0,3666926666.6666665,0.73,5336248854.928745,1.46,45.46,88.39,20.38,108.77,29.75,158.8,66.37,63.2,1.05,0.47,2.51,12.68,32,16.08,73
4568,科際精密,電機機械,2.01,1210528000.0,602252736.318408,0.99,1193013448.139394,1.98,22.25,21.14,13.27,34.41,26.27,68.13,44.05,41.85,1.05,0.63,1.63,6.36,21,1.15,8
4569,六方科-KY,汽車工業,4.13,1790506000.0,433536561.7433414,2.2,1955124010.4002838,4.51,30.98,38.76,14.66,53.42,66.12,240.92,139.71,182.5,0.77,0.36,1.32,196.53,133,49.31,62
4571,鈞興-KY,電機機械,9.61,3094943000.0,322054422.4765869,4.75,2974699368.9854054,9.24,20.02,21.25,13.02,34.27,120.3,316.65,184.98,179.0,1.03,0.67,1.77,46.07,183,18.55,64
4572,駐龍,電機機械,3.02,675919000.0,223814238.410596,1.63,702966336.5237726,3.14,31.92,36.39,20.4,56.79,64.06,178.32,100.24,144.5,0.69,0.44,1.23,7.89,15,7.58,78
4576,大銀微系統,電機機械,2.01,2671021000.0,1328866169.154229,1.36,3739359230.8145804,2.81,251.17,784.91,53.98,838.89,151.68,2357.28,705.78,201.0,3.51,0.75,11.73,96.61,133,7.02,70
4577,達航科技,其他電子類,-0.74,728121000.0,0.0,0.0,1030752698.8959162,0.0,0.0,0.0,0.0,0.0,0.0,0.0,0.0,86.8,0.0,0.0,0.0,60.48,182,200.99,177
4580,捷流閥業,電機機械,5.0,2288106000.0,457621200.0,2.5,2331994091.352992,5.1,12.64,7.63,8.94,16.57,45.59,84.51,64.46,82.0,0.79,0.56,1.03,0.0,0,21.82,90
4581,光隆精密-KY,汽車工業,4.73,1072763000.0,226799788.5835095,2.54,1124464701.521877,4.96,10.48,3.77,8.4,12.17,41.66,60.36,51.99,49.9,1.04,0.83,1.21,2.56,28,1.8,73
4583,台灣精銳,電機機械,12.0,2985176000.0,248764666.66666666,6.97,3302317677.084841,13.27,54.54,54.34,21.26,75.6,282.12,1003.21,723.71,628.0,1.15,0.45,1.6,195.24,127,2.29,9
4736,泰博,化學生技醫療,15.12,4180025000.0,276456679.8941799,7.85,4260367913.2882614,15.41,12.61,12.14,6.63,18.77,102.17,289.25,194.28,126.0,1.54,0.81,2.3,0.87,1,13.89,66
4737,華廣,化學生技醫療,-2.72,1820339000.0,0.0,0.0,1640716426.5388005,0.0,618.09,60.91,579.09,640.0,0.0,0.0,0.0,56.2,0.0,0.0,0.0,5.41,128,5.53,80
4772,台特化,化學工業,4.21,1762870000.0,418733966.74584323,4.22,6366565327.953216,15.2,82.15,58.09,55.07,113.16,837.06,1720.03,1248.69,281.0,4.44,2.98,6.12,14.53,95,49.57,121
4806,桂田文創,文化創意業,-0.19,84386000.0,0.0,0.0,198452783.87237763,0.0,0.0,0.0,0.0,0.0,0.0,0.0,0.0,10.35,0.0,0.0,0.0,35.06,31,71.08,112
4807,日成-KY,貿易百貨,-0.24,2110985000.0,0.0,0.0,2650109752.369977,0.0,338.67,448.5,16.5,465.0,0.0,0.0,0.0,40.0,0.0,0.0,0.0,114.79,141,11.48,120
4903,聯光通,通信網路業,1.02,1463911000.0,1435206862.745098,0.47,1734523354.4464266,1.21,110.95,467.36,21.93,489.29,26.54,592.04,134.25,38.8,3.46,0.68,15.26,121.59,121,89.02,177
4904,遠傳,通信網路業,3.82,108996963000.0,28533236387.434555,2.04,119760971998.92982,4.2,25.31,6.81,22.11,28.92,92.86,121.46,106.28,109.5,0.97,0.85,1.11,10.76,95,5.52,143
4906,正文,通信網路業,-0.25,17213421000.0,0.0,0.0,11651679335.564129,0.0,27.49,30.34,14.9,45.24,0.0,0.0,0.0,43.65,0.0,0.0,0.0,18.65,29,13.73,181
4907,富宇,建材營造,1.24,3212506000.0,2590730645.16129,0.93,3626835766.786601,1.4,15.76,36.85,5.8,42.65,8.12,59.71,22.06,41.55,0.53,0.2,1.44,64.36,45,0.45,79
4908,前鼎,通信網路業,1.97,859504000.0,436296446.70050764,1.12,929410350.5985581,2.13,41.55,126.95,21.28,148.23,45.33,315.73,88.5,193.0,0.46,0.23,1.64,6.82,172,24.06,58
4909,新復興,通信網路業,-1.25,444305000.0,0.0,0.0,145122835.69703567,0.0,58.05,284.18,6.65,290.83,0.0,0.0,0.0,50.3,0.0,0.0,0.0,109.18,105,13.8,13
4911,德英,生技醫療業,2.22,310711000.0,139959909.9099099,0.56,153917736.32457444,1.1,28.05,29.57,15.0,44.57,16.5,49.03,30.86,31.4,0.98,0.53,1.56,3.89,17,3.8,77
4912,聯德控股-KY,電子工業,2.03,6305207000.0,3106013300.492611,1.15,7377003066.072122,2.38,20.63,43.14,11.29,54.43,26.87,129.54,49.1,88.8,0.55,0.3,1.46,1.54,177,9.33,171
4915,致伸,電子工業,5.71,59308761000.0,10386823292.469353,3.05,66158936689.64405,6.37,14.37,9.92,11.07,20.99,70.52,133.71,91.56,76.0,1.2,0.93,1.76,1.33,1,12.53,148
4916,事欣科,電子工業,1.77,3495648000.0,1974942372.881356,1.18,4938113478.676311,2.5,287.97,2349.24,13.26,2362.5,33.15,5906.25,719.94,98.7,7.29,0.34,59.84,23.93,35,60.98,62
4919,新唐,半導體業,-3.97,30608546000.0,0.0,0.0,29850947788.961994,0.0,282.11,1066.3,19.41,1085.71,0.0,0.0,0.0,187.5,0.0,0.0,0.0,3.94,10,1.62,10
4923,力士,半導體業,-5.26,878441000.0,0.0,0.0,1110284834.790829,0.0,76.02,15.08,63.73,78.81,0.0,0.0,0.0,52.5,0.0,0.0,0.0,1.2,30,0.26,1
4771,望隼,生技醫療業,12.71,3422496000.0,269275845.79071593,7.87,4520472543.560574,16.79,16.72,17.98,13.31,31.29,223.47,525.36,280.77,186.5,1.51,1.2,2.82,3.38,1,0.53,73
4770,上品,化學工業,10.2,4769392000.0,467587450.9803922,5.05,4929810386.432291,10.54,16.92,17.03,9.25,26.28,97.49,276.99,178.33,213.5,0.84,0.46,1.3,11.72,17,36.03,83
4739,康普,化學工業,1.56,5867643000.0,3761309615.3846154,1.39,12803323769.709288,3.4,168.0,1195.95,27.38,1223.33,93.09,4159.32,571.19,123.0,4.64,0.76,33.82,10.54,16,64.25,175
4741,泓瀚,化學工業,0.29,482051000.0,1662244827.586207,0.17,541160715.144441,0.33,40.8,206.22,11.71,217.93,3.86,71.92,13.46,71.7,0.19,0.05,1.0,60.26,81,4.46,17
4743,合一,生技醫療業,-2.18,109851000.0,0.0,0.0,193314005.40609413,0.0,0.0,0.0,0.0,0.0,0.0,0.0,0.0,47.55,0.0,0.0,0.0,22.85,35,9.18,77
4744,皇將,生技醫療業,2.5,1404494000.0,561797600.0,1.27,1415433160.9200914,2.52,32.76,99.26,12.41,111.67,31.27,281.41,82.57,27.2,3.04,1.15,10.35,4.62,16,62.27,84
4745,合富-KY,生技醫療業,-3.17,3136317000.0,0.0,0.0,2627531845.277265,0.0,613.81,1976.93,53.07,2030.0,0.0,0.0,0.0,14.6,0.0,0.0,0.0,4.41,109,60.0,174
4746,台耀,化學生技醫療,3.68,4864147000.0,1321779076.0869565,1.72,4426345171.109841,3.35,45.94,232.79,13.95,246.74,46.73,826.58,153.89,52.2,2.95,0.9,15.83,16.41,30,5.02,57
4747,強生,生技醫療業,1.19,566185000.0,475785714.2857143,0.62,587446594.0173631,1.23,37.73,23.67,24.35,48.02,29.95,59.06,46.41,53.7,0.86,0.56,1.1,8.37,137,15.27,97
4749,新應材,半導體業,11.32,4226168000.0,373336395.7597173,6.39,4863121938.811093,13.03,81.35,61.73,43.12,104.85,561.85,1366.2,1059.96,940.0,1.13,0.6,1.45,32.27,141,39.28,121
4754,國碳科,化學工業,2.87,622838000.0,217016724.73867595,1.53,597465397.7295314,2.75,14.39,3.97,12.86,16.83,35.36,46.28,39.56,39.35,1.01,0.9,1.18,1.02,1,0.72,9
4755,三福化,化學工業,3.7,4835643000.0,1306930540.5405405,1.77,4621068164.879852,3.54,31.73,25.62,20.2,45.82,71.51,162.2,112.34,147.0,0.76,0.49,1.1,10.07,21,18.92,98
4760,勤凱,其他電子類,7.17,1827244000.0,254845746.16457462,5.04,2896716332.989056,11.37,26.58,49.82,12.25,62.07,139.28,705.74,302.18,368.0,0.82,0.38,1.92,22.66,112,98.5,169
4763,材料*-KY,化學工業,24.57,13615644000.0,554157264.9572649,10.31,9214901870.513554,16.63,9.26,9.56,5.4,14.96,89.8,248.78,154.06,44.55,3.46,2.02,5.58,18.02,78,0.0,0
4764,雙鍵,化學工業,1.21,2876719000.0,2377453719.0082645,0.73,3443425473.1705813,1.45,144.0,223.36,56.97,280.33,82.61,406.48,208.8,316.0,0.66,0.26,1.29,15.54,120,150.86,181
4766,南寶,化學工業,20.26,23192505000.0,1144743583.4155972,10.77,24865468185.133266,21.72,15.63,7.76,12.67,20.43,275.19,443.74,339.52,368.0,0.92,0.75,1.21,9.34,2,31.09,78
4767,誠泰科技,化學工業,1.25,1012731000.0,810184800.0,0.58,877594636.3316046,1.08,15.02,13.68,8.82,22.5,9.53,24.3,16.22,27.55,0.59,0.35,0.88,34.62,72,3.25,10
4768,晶呈科技,化學工業,0.39,1033185000.0,2649192307.6923075,0.38,2725188180.1039243,1.03,312.5,1346.52,32.97,1379.49,33.96,1420.87,321.88,381.5,0.84,0.09,3.72,12.79,18,186.7,183
4552,力達-KY,電機機械,2.07,3459013000.0,1671020772.94686,0.99,3267517626.4843516,1.96,12.45,12.05,7.82,19.87,15.33,38.95,24.4,21.3,1.15,0.72,1.83,2.49,21,9.15,51
4551,智伸科,汽車工業,6.04,7704684000.0,1275609933.7748344,3.56,9018618230.554502,7.07,19.73,20.61,9.6,30.21,67.87,213.58,139.46,201.5,0.69,0.34,1.06,24.35,87,46.38,59
4550,長佳,電機機械,1.34,907487000.0,677229104.4776119,0.64,926734110.6715009,1.37,10.89,11.13,7.83,18.96,10.73,25.98,14.92,24.8,0.6,0.43,1.05,0.64,9,1.97,51
4157,太景*-KY,生技醫療業,0.06,39059000.0,650983333.3333334,0.37,430279969.67047125,0.66,77.34,152.8,39.7,192.5,26.2,127.05,51.04,8.72,5.85,3.0,14.57,0.0,0,50.92,181
4160,訊聯基因,生技醫療業,0.81,583563000.0,720448148.1481481,0.46,644611085.1420268,0.89,55.37,88.23,23.17,111.4,20.62,99.15,49.28,41.1,1.2,0.5,2.41,64.61,31,20.93,41
4161,聿新科,生技醫療業,1.27,843016000.0,663792125.984252,0.69,996780899.1705059,1.5,19.0,11.41,13.87,25.28,20.8,37.92,28.5,23.1,1.23,0.9,1.64,11.83,112,3.23,3
4162,智擎,生技醫療業,2.69,2517404000.0,935837918.2156134,0.56,633571222.1787236,0.68,20.12,48.43,5.01,53.44,3.41,36.34,13.68,56.7,0.24,0.06,0.64,11.52,149,0.0,0
4163,鐿鈦,生技醫療業,5.13,2386847000.0,465272319.68810916,2.77,2556834043.113073,5.5,22.22,12.27,17.49,29.76,96.2,163.68,122.24,115.0,1.06,0.84,1.42,2.05,18,7.77,6
4164,承業醫,化學生技醫療,0.98,4406696000.0,4496628571.428572,0.55,5363996906.534007,1.19,35.99,33.24,20.34,53.58,24.2,63.76,42.83,30.7,1.4,0.79,2.08,0.0,0,1.57,72
4166,友霖,生技醫療業,0.9,734964000.0,816626666.6666666,0.0,0.0,0.0,48.53,52.14,26.33,78.47,0.0,0.0,0.0,24.9,0.0,0.0,0.0,66.36,142,0.0,0
4167,松瑞藥,生技醫療業,1.72,1139892000.0,662727906.9767442,0.81,1103229449.7996674,1.66,28.81,68.61,10.78,79.39,17.89,131.79,47.83,19.85,2.41,0.9,6.64,4.8,14,0.0,0
4168,醣聯,生技醫療業,-2.16,33600000.0,0.0,0.0,20768646.464646462,0.0,0.0,0.0,0.0,0.0,0.0,0.0,0.0,25.4,0.0,0.0,0.0,15.86,21,6.28,1
4169,泰宗,化學生技醫療,0.32,0.0,0.0,0.0,0.0,0.0,493.13,98.43,453.13,551.56,0.0,0.0,0.0,153.0,0.0,0.0,0.0,11.27,114,248.57,156
4171,瑞基,農業科技業,-1.94,221826000.0,0.0,0.0,245240605.36152747,0.0,0.0,0.0,0.0,0.0,0.0,0.0,0.0,17.4,0.0,0.0,0.0,2.92,14,16.48,134
4173,久裕,生技醫療業,1.16,1518675000.0,1309202586.2068965,0.61,1632377393.8528223,1.25,17.6,7.02,14.73,21.75,18.41,27.19,22.0,18.15,1.21,1.01,1.5,3.92,28,8.57,99
4174,浩鼎,生技醫療業,-15.61,59036000.0,0.0,0.0,33909866.38442542,0.0,0.0,0.0,0.0,0.0,0.0,0.0,0.0,28.05,0.0,0.0,0.0,45.89,73,6.79,49
4175,杏一,生技醫療業,3.69,7998459000.0,2167604065.0406504,1.85,7972292893.036928,3.68,65.24,171.14,13.48,184.62,49.61,679.4,240.08,53.5,4.49,0.93,12.7,4.4,35,0.0,0
4178,永笙-KY,化學生技醫療,-0.92,0.0,0.0,0.0,0.0,0.0,0.0,0.0,0.0,0.0,0.0,0.0,0.0,17.5,0.0,0.0,0.0,0.0,0,14.34,49
4183,福永生技,生技醫療業,-0.33,508694000.0,0.0,0.0,334033529.6927336,0.0,31.99,59.88,15.66,75.54,0.0,0.0,0.0,14.0,0.0,0.0,0.0,10.79,15,4.7,6
4188,安克,生技醫療業,-0.88,37034000.0,0.0,0.0,23383088.811294977,0.0,0.0,0.0,0.0,0.0,0.0,0.0,0.0,10.45,0.0,0.0,0.0,4.52,21,3.04,80
4190,佐登-KY,化學生技醫療,-1.59,2247934000.0,0.0,0.0,2214506739.9429793,0.0,0.0,0.0,0.0,0.0,0.0,0.0,0.0,24.6,0.0,0.0,0.0,8.17,133,1.79,27
4155,訊映,生技醫療業,0.58,1624178000.0,2800306896.5517244,0.27,1409965160.9382625,0.5,68.08,174.55,17.95,192.5,8.98,96.25,34.04,15.3,2.22,0.59,6.29,5.48,30,0.0,0
4192,杏國,生技醫療業,-1.3,27417000.0,0.0,0.0,26050993.992932864,0.0,3519.41,365.0,3340.0,3705.0,0.0,0.0,0.0,20.55,0.0,0.0,0.0,6.94,11,0.0,0
4153,鈺緯,生技醫療業,1.53,856515000.0,559813725.4901961,0.84,876787069.4701103,1.57,25.92,22.02,19.32,41.34,30.33,64.9,40.69,30.0,1.36,1.01,2.16,37.24,93,3.85,34
4116,明基醫,生技醫療業,1.75,5192619000.0,2967210857.142857,0.94,5655070868.340526,1.91,20.71,11.6,15.47,27.07,29.55,51.7,39.56,37.7,1.05,0.78,1.37,4.29,9,22.66,76
4119,旭富,化學生技醫療,0.91,1270033000.0,1395640659.3406594,0.49,1195559925.448567,0.86,37.18,66.44,13.04,79.48,11.21,68.35,31.98,43.35,0.74,0.26,1.58,7.93,157,0.0,0
4120,友華,生技醫療業,-6.55,4544790000.0,0.0,0.0,4580338399.785562,0.0,56.57,159.51,21.16,180.67,0.0,0.0,0.0,45.4,0.0,0.0,0.0,25.03,16,12.52,10
4121,優盛,生技醫療業,-0.36,3836415000.0,0.0,0.0,3704790230.089403,0.0,0.0,0.0,0.0,0.0,0.0,0.0,0.0,13.55,0.0,0.0,0.0,1.56,9,0.0,0
4123,晟德,生技醫療業,12.36,1486819000.0,120292799.35275081,7.75,1811136031.772844,15.06,9.5,15.74,2.63,18.37,39.61,276.65,143.01,37.15,3.85,1.07,7.45,11.26,21,8.19,78
4126,太醫,生技醫療業,5.28,2430779000.0,460374810.60606056,2.54,2345743892.8890553,5.1,15.47,3.68,13.67,17.35,69.72,88.48,78.92,80.6,0.98,0.87,1.1,1.97,15,4.13,10
4127,天良,生技醫療業,-0.21,495225000.0,0.0,0.0,796222485.0759182,0.0,144.64,437.63,70.94,508.57,0.0,0.0,0.0,71.2,0.0,0.0,0.0,0.12,1,0.54,28
4128,中天,生技醫療業,-1.29,1884923000.0,0.0,0.0,2014688429.3452587,0.0,0.0,0.0,0.0,0.0,0.0,0.0,0.0,14.75,0.0,0.0,0.0,15.98,36,4.59,49
4129,聯合,生技醫療業,5.83,5570321000.0,955458147.5128645,3.17,6465248449.555506,6.77,20.23,10.71,15.75,26.46,106.63,179.13,136.98,90.9,1.51,1.17,1.97,14.72,11,26.57,139
4130,健亞,生技醫療業,0.11,494127000.0,4492063636.363636,0.05,439858381.3717547,0.1,162.24,296.83,71.17,368.0,7.12,36.8,16.22,26.1,0.62,0.27,1.41,0.0,0,19.53,183
4131,浩泰,生技醫療業,-0.77,221004000.0,0.0,0.0,303354277.8355003,0.0,0.0,0.0,0.0,0.0,0.0,0.0,0.0,37.9,0.0,0.0,0.0,18.94,22,15.92,178
4133,亞諾法,化學生技醫療,-0.02,352143000.0,0.0,0.0,342929693.42588764,0.0,212.4,945.2,21.47,966.67,0.0,0.0,0.0,20.7,0.0,0.0,0.0,5.56,14,3.07,52
4137,麗豐-KY,化學生技醫療,7.13,3840036000.0,538574474.053296,3.6,4103537438.550412,7.62,16.76,10.1,12.24,22.34,93.27,170.23,127.7,109.5,1.17,0.85,1.55,0.0,0,4.29,15
4138,曜亞,生技醫療業,4.0,1384713000.0,346178250.0,1.99,1388709909.0752707,4.01,15.17,6.31,12.51,18.82,50.17,75.47,60.82,51.8,1.17,0.97,1.46,3.69,4,3.49,16
4139,馬光-KY,生技醫療業,-1.55,1092563000.0,0.0,0.0,1083558413.9383376,0.0,70.05,74.47,50.53,125.0,0.0,0.0,0.0,24.25,0.0,0.0,0.0,19.93,109,5.45,49
4142,國光生,化學生技醫療,-0.57,1425470000.0,0.0,0.0,1509150237.6764784,0.0,0.0,0.0,0.0,0.0,0.0,0.0,0.0,17.5,0.0,0.0,0.0,7.86,36,27.89,150
4147,中裕,生技醫療業,-0.61,584770000.0,0.0,0.0,668655742.4438947,0.0,0.0,0.0,0.0,0.0,0.0,0.0,0.0,57.2,0.0,0.0,0.0,0.55,1,3.13,2
4148,全宇生技-KY,化學生技醫療,2.31,2922708000.0,1265241558.4415584,1.14,3371480074.5285416,2.66,23.37,21.42,14.03,35.45,37.32,94.3,62.18,31.15,2.0,1.2,3.03,11.04,151,1.31,52
4195,基米-創,創新板股票,-0.54,0.0,0.0,0.0,0.0,0.0,0.0,0.0,0.0,0.0,0.0,0.0,0.0,15.65,0.0,0.0,0.0,20.21,30,55.98,87
4506,崇友,電機機械,6.52,6147778000.0,942910736.1963191,3.47,6389763819.352755,6.78,19.4,5.31,16.81,22.12,113.97,149.97,131.53,118.0,1.11,0.97,1.27,5.63,11,17.78,105
4510,高鋒,電機機械,-1.02,1581975000.0,0.0,0.0,2148517192.001337,0.0,40.12,43.69,15.83,59.52,0.0,0.0,0.0,44.8,0.0,0.0,0.0,239.26,78,11.52,62
4513,福裕,電機機械,-1.79,1018902000.0,0.0,0.0,1399319935.378579,0.0,58.32,59.3,37.22,96.52,0.0,0.0,0.0,17.4,0.0,0.0,0.0,109.0,66,13.35,93
4523,永彰,電機機械,22.27,612079000.0,27484463.403682083,20.46,946188996.2228155,34.43,1.34,0.41,1.18,1.59,40.63,54.74,45.99,29.4,1.56,1.38,1.86,2.2,29,2.05,142
4526,東台,電機機械,1.82,5453188000.0,2996257142.857143,0.9,4783214158.195372,1.6,45.89,48.12,17.58,65.7,28.13,105.12,73.42,38.7,1.9,0.73,2.72,70.7,94,56.34,62
4527,方土霖,電機機械,3.4,3024592000.0,889585882.3529412,1.87,3282617497.9371147,3.69,12.25,6.55,9.33,15.88,34.43,58.6,45.2,41.35,1.09,0.83,1.42,39.72,129,5.26,10
4528,江興鍛,電機機械,-0.32,1570974000.0,0.0,0.0,1511738962.8901343,0.0,463.32,2310.56,44.44,2355.0,0.0,0.0,0.0,15.95,0.0,0.0,0.0,4.23,60,18.31,78
4529,淳紳,其他,-0.74,5459000.0,0.0,0.0,15317641.59941306,0.0,0.0,0.0,0.0,0.0,0.0,0.0,0.0,4.83,0.0,0.0,0.0,17.78,7,11.26,20
4532,瑞智,電機機械,2.05,20554212000.0,10026444878.04878,1.2,19910429356.89857,1.99,13.18,7.46,10.33,17.79,20.56,35.4,26.23,24.15,1.09,0.85,1.47,6.88,45,0.0,0
4533,協易機,電機機械,0.2,3938898000.0,19694490000.0,0.1,3865152759.759138,0.2,129.36,1696.44,16.06,1712.5,3.21,342.5,25.87,29.9,0.87,0.11,11.45,5.88,29,0.0,0
4534,慶騰,電機機械,0.0,801825000.0,0.0,0.0,952709404.9429051,0.0,1053.67,2934.13,70.87,3005.0,0.0,0.0,0.0,33.65,0.0,0.0,0.0,69.44,78,17.66,59
4535,至興,電機機械,1.3,2572197000.0,1978613076.9230769,0.64,2394866150.287647,1.21,16.17,15.41,12.11,27.52,14.65,33.3,19.57,27.2,0.72,0.54,1.22,12.52,93,0.0,0
4538,大詠城,電機機械,0.29,363369000.0,1252996551.724138,0.15,461627053.82075995,0.37,67.89,86.77,22.05,108.82,8.16,40.26,25.12,18.75,1.34,0.44,2.15,15.75,88,5.11,105
4540,全球傳動,電機機械,-0.66,2576441000.0,0.0,0.0,3492479655.440525,0.0,0.0,0.0,0.0,0.0,0.0,0.0,0.0,59.3,0.0,0.0,0.0,73.6,183,26.05,72
4541,晟田,其他,2.03,1593892000.0,785168472.906404,1.25,2072443968.0465472,2.64,688.21,3720.64,19.36,3740.0,51.11,9873.6,1816.88,51.0,35.63,1.0,193.6,21.24,182,31.36,79
4542,科嶠,電子零組件業,1.28,702589000.0,548897656.25,0.86,884133261.9728168,1.61,217.52,1132.84,27.16,1160.0,43.73,1867.6,350.21,378.0,0.93,0.12,4.94,60.99,122,35.91,183
4543,萬在,電機機械,0.53,783259000.0,1477847169.8113208,0.32,975447080.218388,0.66,39.66,105.55,11.12,116.67,7.34,77.0,26.17,36.55,0.72,0.2,2.11,5.99,18,6.1,171
4545,銘鈺,電子工業,0.18,2391456000.0,13285866666.666668,0.09,2248629761.6069922,0.17,97.27,412.88,11.62,424.5,1.98,72.17,16.54,37.1,0.45,0.05,1.95,42.2,129,3.27,183
4549,桓達,電機機械,3.34,1266495000.0,379190119.76047903,1.46,1086178938.9256022,2.86,31.08,28.53,21.47,50.0,61.4,143.0,88.9,106.0,0.84,0.58,1.35,0.0,0,21.12,8
4503,金雨,電機機械,1.37,678367000.0,495158394.1605839,0.69,830687211.6048616,1.68,86.08,153.03,16.97,170.0,28.51,285.6,144.62,38.25,3.78,0.75,7.47,10.51,18,12.85,57
4502,健信,電機機械,-1.52,967569000.0,0.0,0.0,1089453558.5815444,0.0,79.42,107.53,35.8,143.33,0.0,0.0,0.0,15.75,0.0,0.0,0.0,0.0,0,12.57,56
4442,竣邦-KY,紡織纖維,5.25,1675561000.0,319154476.1904762,3.28,1850804043.1730993,5.8,14.06,11.95,10.5,22.45,60.9,130.21,81.57,56.0,1.46,1.09,2.33,50.17,172,67.06,155
4441,振大環球,紡織纖維,14.72,4114059000.0,279487703.8043478,0.0,0.0,0.0,18.92,12.03,13.36,25.39,0.0,0.0,0.0,202.0,0.0,0.0,0.0,53.66,128,35.55,139
4198,欣大健康,生技醫療業,-1.97,196995000.0,0.0,0.0,140398062.62413108,0.0,8.01,5.01,6.71,11.72,0.0,0.0,0.0,38.2,0.0,0.0,0.0,24.93,11,10.21,17
4205,中華食,食品工業,4.23,2048169000.0,484200709.2198581,2.08,2075763021.8537872,4.29,20.31,6.53,17.61,24.14,75.55,103.56,87.15,72.9,1.2,1.04,1.42,0.53,29,1.87,27
4207,環泰,食品工業,1.76,5176930000.0,2941437500.0,0.95,5394554309.553163,1.83,13.63,6.72,9.57,16.29,17.51,29.81,24.95,19.4,1.29,0.9,1.54,1.97,18,24.68,153
4303,信立,塑膠工業,11.14,980754000.0,88038958.70736086,5.57,1043261992.7808322,11.85,6.86,13.22,2.66,15.88,31.52,188.18,81.27,47.05,1.73,0.67,4.0,26.82,168,11.82,30
4304,勝昱,塑膠工業,-1.16,342667000.0,0.0,0.0,347931799.5722986,0.0,0.0,0.0,0.0,0.0,0.0,0.0,0.0,23.8,0.0,0.0,0.0,132.52,65,199.52,146
4305,世坤,塑膠工業,3.83,1088255000.0,284139686.6840731,1.8,1015379191.4605008,3.57,12.24,4.37,10.43,14.8,37.24,52.84,43.7,43.9,1.0,0.85,1.2,4.22,11,5.98,42
4306,炎洲,塑膠工業,0.27,13142952000.0,48677600000.0,0.15,15384791161.256771,0.32,27.17,47.44,10.16,57.6,3.25,18.43,8.69,15.95,0.54,0.2,1.16,10.98,24,2.88,62
4401,東隆興,紡織纖維,0.73,3932210000.0,5386589041.095891,0.35,3890275787.696488,0.72,34.73,135.57,13.87,149.44,9.99,107.6,25.0,14.15,1.77,0.71,7.6,2.79,94,5.03,99
4402,郡都開發,紡織纖維,-0.13,23142000.0,0.0,0.0,18999767.310409795,0.0,213.29,108.88,168.0,276.88,0.0,0.0,0.0,16.5,0.0,0.0,0.0,66.87,63,19.41,79
4406,新昕纖,紡織纖維,-1.08,492484000.0,0.0,0.0,239078382.71231228,0.0,0.0,0.0,0.0,0.0,0.0,0.0,0.0,0.0,0.0,0.0,0.0,4.98,16,3.73,66
4114,健喬,生技醫療業,1.71,6165947000.0,3605816959.0643277,0.93,6851115987.365272,1.9,21.44,7.8,17.85,25.65,33.92,48.73,40.73,30.8,1.32,1.1,1.58,0.72,9,7.24,50
4413,飛寶企業,紡織纖維,0.53,797445000.0,1504613207.5471697,0.21,805206683.7653705,0.54,82.03,301.61,16.72,318.33,9.03,171.9,44.3,16.6,2.67,0.54,10.36,3.54,18,9.29,38
4416,三圓,建材營造,-0.64,1096928000.0,0.0,0.0,4299530966.161073,0.0,543.8,980.84,11.66,992.5,0.0,0.0,0.0,9.33,0.0,0.0,0.0,8.9,78,1.43,1
4417,金洲,紡織纖維,6.13,3526922000.0,575354323.0016314,2.77,3191839333.1015363,5.55,9.46,4.21,7.52,11.73,41.74,65.1,52.5,46.5,1.13,0.9,1.4,8.25,179,18.83,148
4420,光明,紡織纖維,5.52,1018773000.0,184560326.08695653,2.68,980029794.008378,5.31,7.15,51.25,1.1,52.35,5.84,277.98,37.96,38.0,1.0,0.15,7.32,26.44,78,5.08,17
4426,利勤,紡織纖維,-2.93,875169000.0,0.0,0.0,884187772.2374892,0.0,0.0,0.0,0.0,0.0,0.0,0.0,0.0,8.01,0.0,0.0,0.0,0.0,0,4.19,78
4430,耀億,其他,-0.19,2072039000.0,0.0,0.0,2098396829.846458,0.0,0.0,0.0,0.0,0.0,0.0,0.0,0.0,17.6,0.0,0.0,0.0,17.01,141,0.25,9
4432,銘旺實,紡織纖維,0.88,1113575000.0,1265426136.3636363,0.34,949499707.4294968,0.75,14.51,27.93,4.84,32.77,3.63,24.58,10.88,16.5,0.66,0.22,1.49,5.53,77,9.95,2
4433,興采,紡織纖維,1.06,3437293000.0,3242729245.2830186,0.48,3156023885.6589985,0.97,144.6,484.9,16.77,501.67,16.27,486.62,140.26,20.35,6.89,0.8,23.91,0.0,0,4.23,7
4438,廣越,紡織纖維,3.06,19317257000.0,6312829084.96732,1.14,20347028217.261837,3.22,27.13,46.04,14.48,60.52,46.63,194.87,87.36,61.9,1.41,0.75,3.15,0.88,1,2.69,160
4439,冠星-KY,紡織纖維,7.73,6940476000.0,897862354.4631306,4.17,7554770792.48101,8.41,26.1,47.78,10.6,58.38,89.15,490.98,219.5,90.4,2.43,0.99,5.43,2.75,11,22.45,160
4440,宜新實業,紡織纖維,1.14,1056073000.0,926379824.5614036,0.63,1272443877.5212934,1.37,16.53,17.43,9.63,27.06,13.19,37.07,22.65,17.1,1.32,0.77,2.17,9.84,121,27.22,122
4414,如興,紡織纖維,0.65,14392916000.0,22142947692.30769,0.32,14018151310.363487,0.63,15.55,44.37,2.88,47.25,1.81,29.77,9.8,8.37,1.17,0.22,3.56,24.36,29,286.57,83
3339,泰谷,光電業,-2.02,793716000.0,0.0,0.0,976282423.0420464,0.0,134.63,105.27,85.64,190.91,0.0,0.0,0.0,48.4,0.0,0.0,0.0,9.36,1,7.44,7
3379,彬台,電機機械,2.12,1905887000.0,899003301.8867924,0.66,1531057921.154361,1.7,44.52,81.15,15.52,96.67,26.38,164.34,75.68,35.5,2.13,0.74,4.63,82.69,30,0.94,7
3338,泰碩,電子工業,1.81,3671826000.0,2028633149.1712706,0.88,3400821822.0253363,1.68,24.73,47.53,13.22,60.75,22.21,102.06,41.54,74.0,0.56,0.3,1.38,8.88,11,31.93,56
2751,王座,觀光餐旅,4.57,1733655000.0,379355579.86870897,2.65,2335926664.6356764,6.16,14.9,7.22,10.9,18.12,67.14,111.62,91.76,52.0,1.76,1.29,2.15,0.45,17,19.53,84
2762,世界健身-KY,運動休閒,3.75,10884710000.0,2902589333.3333335,1.98,11921524602.871847,4.11,27.24,22.03,14.94,36.97,61.4,151.95,111.97,85.2,1.31,0.72,1.78,20.22,135,7.29,125
2801,彰銀,金融保險,1.51,45006999000.0,29805959602.649006,0.83,51666342685.07807,1.73,13.94,3.12,12.33,15.45,21.33,26.73,24.11,22.95,1.05,0.93,1.16,4.4,25,12.13,181
2812,台中銀,金融保險,1.53,20382325000.0,13321781045.751635,0.87,24768315567.71423,1.86,13.38,4.27,11.43,15.7,21.26,29.2,24.88,19.85,1.25,1.07,1.47,8.13,31,11.45,50
2816,旺旺保,金融保險,4.66,11080464000.0,2377781974.248927,3.47,17485589308.17932,7.35,6.62,3.38,4.82,8.2,35.43,60.27,48.62,33.6,1.45,1.05,1.79,10.19,30,18.97,167
2820,華票,金融保險,1.34,2927811000.0,2184933582.089552,0.96,4999000028.191761,2.29,14.62,6.32,10.99,17.31,25.17,39.64,33.47,17.85,1.88,1.41,2.22,1.61,4,10.68,85
2832,台產,金融保險,3.91,7271628000.0,1859751406.6496162,2.66,10373217573.610708,5.58,10.33,8.27,8.34,16.61,46.54,92.68,57.63,56.9,1.01,0.82,1.63,6.68,71,71.16,163
2834,臺企銀,金融保險,1.26,35009065000.0,27784972222.22222,0.64,37357688788.12529,1.34,12.6,5.34,10.53,15.87,14.11,21.27,16.88,17.65,0.96,0.8,1.21,11.3,21,8.5,36
2618,長榮航,航運業,4.84,220126074000.0,45480593801.65289,2.75,246345493167.15088,5.42,7.79,3.42,6.24,9.66,33.82,52.36,42.23,42.55,0.99,0.79,1.23,31.22,175,5.47,16
2630,亞航,航運業,0.99,5484186000.0,5539581818.181818,0.39,4570293960.403019,0.83,55.26,49.51,40.38,89.89,33.52,74.61,45.86,39.2,1.17,0.86,1.9,0.64,3,92.33,78
2633,台灣高鐵,航運業,1.17,54550155000.0,46624064102.5641,0.61,56666832866.449295,1.22,22.94,7.71,18.65,26.36,22.75,32.16,27.98,26.15,1.07,0.87,1.23,2.84,21,0.0,0
2634,漢翔,航運業,0.78,35067533000.0,44958375641.02564,0.41,37708905794.34931,0.84,40.1,60.91,17.23,78.14,14.47,65.64,33.69,47.2,0.71,0.31,1.39,2.08,14,51.52,85
2636,台驊控股,航運業,7.74,21178369000.0,2736223385.01292,3.84,19805545060.981968,7.24,8.55,4.59,6.17,10.76,44.67,77.9,61.93,70.5,0.88,0.63,1.1,1.5,3,0.0,0
2637,慧洋-KY,航運業,5.27,16585078000.0,3147073624.2884254,3.02,20847962558.498177,6.62,11.63,11.97,6.32,18.29,41.84,121.08,77.0,77.4,0.99,0.54,1.56,17.22,151,22.26,170
2641,正德,航運業,2.0,2306951000.0,1153475500.0,1.04,2697377892.510929,2.34,10.5,6.43,7.23,13.66,16.92,31.96,24.57,18.85,1.3,0.9,1.7,5.28,16,12.44,86
2642,宅配通,航運業,-1.04,3859459000.0,0.0,0.0,3184312892.3223166,0.0,53.99,52.26,29.3,81.56,0.0,0.0,0.0,21.1,0.0,0.0,0.0,20.56,134,18.7,83
2643,捷迅,航運業,6.3,8198219000.0,1301304603.1746032,2.67,7413227938.208287,5.7,11.64,3.4,10.48,13.88,59.74,79.12,66.34,66.8,0.99,0.89,1.18,1.62,4,0.53,177
2645,長榮航太,航運業,5.46,18258462000.0,3344040659.340659,2.92,19917471911.13616,5.96,25.21,28.45,17.47,45.92,104.12,273.68,150.27,168.0,0.89,0.62,1.63,0.88,10,84.09,78
2646,星宇航空,航運業,0.08,43455568000.0,543194600000.0,0.05,54753873682.51718,0.1,131.22,221.02,46.2,267.22,4.62,26.72,13.12,21.2,0.62,0.22,1.26,24.56,122,1.54,56
2617,台航,航運業,3.18,4257272000.0,1338764779.8742137,1.74,4760857108.534391,3.56,9.4,4.68,6.51,11.19,23.18,39.84,33.45,30.15,1.11,0.77,1.32,10.16,16,15.17,170
2836,高雄銀,金融保險,0.68,4981646000.0,7325949999.999999,0.35,5440418437.633833,0.74,21.48,13.06,15.74,28.8,11.65,21.31,15.89,12.3,1.29,0.95,1.73,12.77,23,6.33,24
2838,聯邦銀,金融保險,1.29,20088744000.0,15572669767.44186,0.75,25914866868.889503,1.66,14.48,4.58,12.56,17.14,20.85,28.45,24.03,22.45,1.07,0.93,1.27,7.91,25,17.05,128
2890,永豐金,金融保險,1.97,73621169000.0,37371151776.64975,1.37,110763780008.54764,2.96,14.34,7.29,10.91,18.2,32.29,53.87,42.45,36.35,1.17,0.89,1.48,13.31,28,17.72,183
2891,中信金,金融保險,4.08,237902628000.0,58309467647.05882,2.09,294115534641.4201,5.04,12.23,7.61,9.5,17.11,47.88,86.23,61.66,71.0,0.87,0.67,1.21,9.66,23,14.91,183
2891B,中信金乙特,金融保險,0.0,0.0,0.0,0.0,0.0,0.0,0.0,0.0,0.0,0.0,0.0,0.0,0.0,64.3,0.0,0.0,0.0,1.83,25,1.26,24
2891C,中信金丙特,金融保險,0.0,0.0,0.0,0.0,0.0,0.0,0.0,0.0,0.0,0.0,0.0,0.0,0.0,62.7,0.0,0.0,0.0,0.0,0,1.34,24
2892,第一金,金融保險,1.87,76661762000.0,40995594652.40642,1.0,87730449123.56523,2.14,15.79,4.08,13.48,17.56,28.85,37.58,33.8,32.5,1.04,0.89,1.16,5.55,42,8.47,50
2897,王道銀行,金融保險,0.61,9927851000.0,16275165573.770493,0.37,12943136108.648598,0.8,12.46,7.97,9.28,17.25,7.42,13.8,9.97,10.55,0.95,0.7,1.31,6.25,25,0.11,1
2897B,王道銀乙特,金融保險,0.0,0.0,0.0,0.0,0.0,0.0,0.0,0.0,0.0,0.0,0.0,0.0,0.0,11.85,0.0,0.0,0.0,3.88,156,0.42,22
2901,欣欣,貿易百貨,0.38,130775000.0,344144736.84210527,0.19,135325942.33222362,0.39,66.09,20.38,54.76,75.14,21.36,29.3,25.78,24.3,1.06,0.88,1.21,5.73,147,4.23,10
2903,遠百,貿易百貨,1.56,34266429000.0,21965659615.384613,0.74,33893156944.976536,1.54,15.04,7.01,12.58,19.59,19.37,30.17,23.16,24.15,0.96,0.8,1.25,11.13,17,4.5,162
2904,匯僑,其他,0.98,483900000.0,493775510.20408165,0.42,395720344.01346415,0.8,16.47,13.79,11.81,25.6,9.45,20.48,13.17,14.05,0.94,0.67,1.46,0.52,8,1.36,17
2905,三商,貿易百貨,0.71,165658168000.0,233321363380.2817,0.4,125230574642.11671,0.54,29.35,41.09,7.61,48.7,4.11,26.3,15.85,15.4,1.03,0.27,1.71,29.45,59,35.18,174
2908,特力,貿易百貨,0.23,34350128000.0,149348382608.69565,0.12,35456636182.680695,0.24,68.74,131.0,29.38,160.38,7.05,38.49,16.5,20.8,0.79,0.34,1.85,1.2,24,2.75,51
2910,統領,貿易百貨,1.23,534053000.0,434189430.8943089,0.62,522833611.8349105,1.2,20.11,8.16,16.71,24.87,20.05,29.84,24.14,22.55,1.07,0.89,1.32,8.87,70,5.12,10
2911,麗嬰房,貿易百貨,2.15,2396308000.0,1114561860.4651163,0.8,1625903624.698795,1.46,2.26,1.3,1.44,2.74,2.1,4.0,3.29,8.08,0.41,0.26,0.5,63.06,112,9.97,1
2912,統一超,貿易百貨,10.78,349361674000.0,32408318552.875698,5.57,366056867747.8357,11.3,23.27,8.58,18.82,27.4,212.67,309.62,263.0,229.0,1.15,0.93,1.35,11.6,99,2.68,27
2913,農林,貿易百貨,-0.15,478252000.0,0.0,0.0,423809993.81735766,0.0,0.0,0.0,0.0,0.0,0.0,0.0,0.0,11.15,0.0,0.0,0.0,6.15,30,6.98,16
2915,潤泰全,貿易百貨,9.3,2699478000.0,290266451.6129032,3.05,1608944490.8867338,5.54,6.47,7.19,3.89,11.08,21.55,61.38,35.86,52.4,0.68,0.41,1.17,21.48,30,6.8,17
2923,鼎固-KY,建材營造,-3.62,3198488000.0,0.0,0.0,12578522120.887688,0.0,63.83,51.42,41.02,92.44,0.0,0.0,0.0,25.5,0.0,0.0,0.0,41.96,105,11.75,14
2926,誠品生活,文化創意業,0.54,6956487000.0,12882383333.333332,0.28,7369605933.45021,0.57,85.12,154.54,41.39,195.93,23.59,111.68,48.52,35.4,1.37,0.67,3.15,2.67,4,1.85,2
2929,淘帝-KY,貿易百貨,-1.68,1848650000.0,0.0,0.0,1599920724.2029583,0.0,55.27,69.03,35.26,104.29,0.0,0.0,0.0,5.8,0.0,0.0,0.0,67.36,170,5.73,43
2889,國票金,金融保險,0.63,8459319000.0,13427490476.190475,0.5,18002207353.789352,1.34,25.95,16.53,18.9,35.43,25.33,47.48,34.77,15.2,2.29,1.67,3.12,10.65,21,28.73,21
2836A,高雄銀甲特,金融保險,0.0,0.0,0.0,0.0,0.0,0.0,0.0,0.0,0.0,0.0,0.0,0.0,0.0,24.6,0.0,0.0,0.0,1.4,156,5.53,183
2887Z1,台新新光己特,金融保險,0.0,0.0,0.0,0.0,0.0,0.0,0.0,0.0,0.0,0.0,0.0,0.0,0.0,18.05,0.0,0.0,0.0,0.0,0,2.81,183
2887H,台新新光庚特二,金融保險,0.0,0.0,0.0,0.0,0.0,0.0,0.0,0.0,0.0,0.0,0.0,0.0,0.0,41.1,0.0,0.0,0.0,11.06,180,11.06,180
2838A,聯邦銀甲特,金融保險,0.0,0.0,0.0,0.0,0.0,0.0,0.0,0.0,0.0,0.0,0.0,0.0,0.0,54.4,0.0,0.0,0.0,0.75,17,1.65,23
2845,遠東銀,金融保險,0.93,12771715000.0,13733026881.720428,0.51,14768925124.908157,1.08,13.98,4.83,11.63,16.46,12.56,17.78,15.1,13.3,1.14,0.94,1.34,10.83,21,7.25,62
2849,安泰銀,金融保險,0.79,5702683000.0,7218586075.949367,0.44,6725328330.396926,0.93,18.16,8.24,13.82,22.06,12.85,20.52,16.89,14.55,1.16,0.88,1.41,9.51,18,4.1,14
2850,新產,金融保險,12.28,21479434000.0,1749139576.5472314,8.05,29214754068.48451,16.7,10.02,3.25,8.18,11.43,136.61,190.88,167.28,141.5,1.18,0.97,1.35,12.23,182,15.17,183
2851,中再保,金融保險,3.66,22564473000.0,6165156557.3770485,2.24,31437408272.952892,5.1,9.17,7.41,6.3,13.71,32.13,69.92,46.77,40.55,1.15,0.79,1.72,6.13,74,2.5,168
2852,第一保,金融保險,2.92,7517297000.0,2574416780.821918,1.78,9350310917.272,3.63,8.96,2.7,7.57,10.27,27.48,37.28,32.51,26.55,1.22,1.04,1.4,4.48,171,0.69,10
2855,統一證,金融保險,3.0,12942411000.0,4314137000.0,3.7,51518035848.03362,11.94,11.31,13.31,6.65,19.96,79.4,238.32,135.0,51.6,2.62,1.54,4.62,10.14,7,12.95,170
2867,三商壽,金融保險,0.2,94802262000.0,474011310000.0,0.12,147397667353.99634,0.31,56.04,104.37,13.63,118.0,4.23,36.58,17.37,8.62,2.02,0.49,4.24,16.64,25,57.82,183
2880,華南金,金融保險,1.9,68970569000.0,36300299473.68421,1.07,85606327024.10753,2.36,16.82,6.75,14.3,21.05,33.75,49.68,39.69,38.1,1.04,0.89,1.3,10.72,45,19.77,183
2881,富邦金,金融保險,8.37,378273064000.0,45193914456.39188,4.27,601619543778.2937,13.31,11.51,11.34,7.3,18.64,97.16,248.1,153.19,135.5,1.13,0.72,1.83,23.68,77,13.4,183
2881A,富邦特,金融保險,0.0,0.0,0.0,0.0,0.0,0.0,0.0,0.0,0.0,0.0,0.0,0.0,0.0,63.9,0.0,0.0,0.0,1.59,31,0.0,0
2881B,富邦金乙特,金融保險,0.0,0.0,0.0,0.0,0.0,0.0,0.0,0.0,0.0,0.0,0.0,0.0,0.0,62.6,0.0,0.0,0.0,0.84,119,0.16,13
2881C,富邦金丙特,金融保險,0.0,0.0,0.0,0.0,0.0,0.0,0.0,0.0,0.0,0.0,0.0,0.0,0.0,51.4,0.0,0.0,0.0,0.19,2,3.84,79
2882,國泰金,金融保險,7.06,350182831000.0,49600967563.73938,3.11,338787157792.02795,6.83,11.79,9.95,7.27,17.22,49.65,117.61,80.5,113.5,0.71,0.44,1.04,21.91,182,11.42,183
2882A,國泰特,金融保險,0.0,0.0,0.0,0.0,0.0,0.0,0.0,0.0,0.0,0.0,0.0,0.0,0.0,62.0,0.0,0.0,0.0,0.33,2,0.16,8
2882B,國泰金乙特,金融保險,0.0,0.0,0.0,0.0,0.0,0.0,0.0,0.0,0.0,0.0,0.0,0.0,0.0,60.9,0.0,0.0,0.0,1.69,178,0.33,1
2883,凱基金,金融保險,1.74,69242451000.0,39794512068.965515,1.37,164533805198.25748,4.13,11.72,9.67,7.75,17.42,32.01,71.94,48.41,30.2,1.6,1.06,2.38,20.46,178,6.73,183
2883B,凱基金乙特,金融保險,0.0,0.0,0.0,0.0,0.0,0.0,0.0,0.0,0.0,0.0,0.0,0.0,0.0,8.24,0.0,0.0,0.0,5.4,147,1.03,181
2884,玉山金,金融保險,2.12,90758158000.0,42810451886.79245,1.22,111807168087.11205,2.61,17.34,7.8,13.95,21.75,36.41,56.77,45.27,35.5,1.28,1.03,1.6,6.1,31,11.01,28
2885,元大金,金融保險,2.74,125092925000.0,45654352189.78102,2.07,216932961147.19498,4.75,14.32,10.76,9.86,20.62,46.83,97.94,68.04,66.7,1.02,0.7,1.47,9.13,182,16.59,183
2886,兆豐金,金融保險,2.36,81638284000.0,34592493220.33898,1.31,97061491115.55093,2.81,17.45,5.19,15.19,20.38,42.68,57.27,49.03,45.1,1.09,0.95,1.27,8.79,42,5.91,50
2887,台新新光金,金融保險,1.91,135353846000.0,70865887958.11519,1.44,302619504795.0507,4.27,15.08,15.93,9.93,25.86,42.4,110.42,64.39,32.6,1.98,1.3,3.39,9.09,42,27.25,183
2887E,台新新光戊特一,金融保險,0.0,0.0,0.0,0.0,0.0,0.0,0.0,0.0,0.0,0.0,0.0,0.0,0.0,50.6,0.0,0.0,0.0,0.38,14,0.4,17
2887F,台新新光戊特二,金融保險,0.0,0.0,0.0,0.0,0.0,0.0,0.0,0.0,0.0,0.0,0.0,0.0,0.0,47.05,0.0,0.0,0.0,0.42,4,1.42,183
2887G,台新新光庚特一,金融保險,0.0,0.0,0.0,0.0,0.0,0.0,0.0,0.0,0.0,0.0,0.0,0.0,0.0,43.15,0.0,0.0,0.0,11.66,182,11.66,182
2887I,台新新光辛特,金融保險,0.0,0.0,0.0,0.0,0.0,0.0,0.0,0.0,0.0,0.0,0.0,0.0,0.0,9.46,0.0,0.0,0.0,4.67,138,4.67,138
2616,山隆,油電燃氣業,-6.25,8190423000.0,0.0,0.0,8686021516.612617,0.0,192.15,193.32,79.81,273.13,0.0,0.0,0.0,13.75,0.0,0.0,0.0,3.32,4,0.32,1
2615,萬海,航運業,11.21,142685313000.0,12728395450.490633,5.69,139422737145.2315,10.95,26.6,267.85,3.62,271.47,39.64,2972.6,291.26,80.4,3.62,0.49,36.97,20.65,102,1.48,1
2468,華經,資訊服務業,1.25,2725131000.0,2180104800.0,0.58,2226360601.561943,1.02,39.41,66.57,17.81,84.38,18.17,86.07,40.2,38.3,1.05,0.47,2.25,5.64,179,1.44,1
2471,資通,資訊服務業,3.62,968338000.0,267496685.08287293,1.99,1109858076.7222629,4.15,17.14,11.06,12.69,23.75,52.66,98.56,71.12,54.2,1.31,0.97,1.82,7.16,29,1.77,16
2472,立隆電,電子工業,8.72,11200459000.0,1284456307.3394494,4.96,12744665878.515066,9.92,14.61,36.58,8.74,45.32,86.7,449.57,144.92,365.5,0.4,0.24,1.23,14.09,29,51.52,133
2474,可成,其他電子業,11.36,19119043000.0,1683014348.5915494,4.18,14166161867.847343,8.42,14.35,15.61,9.01,24.62,75.86,207.3,120.8,205.5,0.59,0.37,1.01,7.24,123,2.59,49
2476,鉅祥,電子工業,4.36,7295984000.0,1673390825.6880732,2.72,9643180884.009377,5.76,21.53,19.84,11.83,31.67,68.14,182.42,124.04,122.5,1.01,0.56,1.49,8.84,18,60.08,85
2477,美隆電,其他電子業,1.68,2484147000.0,1478658928.5714285,0.71,2410045998.021235,1.63,18.21,36.04,12.06,48.1,19.66,78.4,29.69,22.1,1.34,0.89,3.55,75.63,134,33.66,71
2478,大毅,電子工業,3.45,5425300000.0,1572550724.637681,1.89,5961690375.702852,3.79,18.37,50.11,11.21,61.32,42.49,232.4,69.62,227.5,0.31,0.19,1.02,10.19,29,53.11,149
2480,敦陽科,資訊服務業,8.0,8422821000.0,1052852625.0,4.55,9368363342.610495,8.9,18.79,8.04,15.11,23.15,134.48,206.04,167.19,147.5,1.13,0.91,1.4,10.24,172,15.97,56
2481,強茂,半導體業,3.11,12976514000.0,4172512540.1929264,1.71,14448807265.47887,3.46,26.56,36.28,16.1,52.38,55.71,181.23,91.89,145.5,0.63,0.38,1.25,11.76,29,89.08,126
2482,連宇,其他電子業,-1.09,493731000.0,0.0,0.0,453725148.477475,0.0,34.75,32.93,14.33,47.26,0.0,0.0,0.0,17.4,0.0,0.0,0.0,12.39,16,22.22,83
2483,百容,電子工業,0.6,1759470000.0,2932450000.0,0.34,1968819100.455089,0.67,83.56,289.5,23.83,313.33,15.97,209.93,55.98,36.05,1.55,0.44,5.82,7.65,17,22.95,99
2484,希華,電子工業,0.66,2409420000.0,3650636363.6363635,0.32,2350523009.268002,0.64,34.99,81.68,17.37,99.05,11.12,63.39,22.39,69.5,0.32,0.16,0.91,2.82,21,13.64,132
2485,兆赫,通信網路業,-0.96,2424065000.0,0.0,0.0,4569272961.521713,0.0,1725.8,405.0,1512.5,1917.5,0.0,0.0,0.0,63.0,0.0,0.0,0.0,5.46,18,165.02,183
2467,志聖,電子零組件業,5.49,5932149000.0,1080537158.4699454,4.42,10106035744.470217,9.35,48.82,88.93,22.81,111.74,213.27,1044.77,456.48,585.0,0.78,0.36,1.79,87.27,72,56.87,181
2466,冠西電,光電業,0.23,974812000.0,4238313043.4782605,0.07,699853879.2974231,0.17,83.35,246.49,27.68,274.17,4.71,46.61,14.17,49.3,0.29,0.1,0.95,2.85,183,10.8,23
2451,創見,半導體業,12.98,14961901000.0,1152688828.9676425,26.4,75201888359.99374,65.24,21.49,32.33,9.44,41.77,615.87,2725.07,1401.71,311.0,4.51,1.98,8.76,4.72,1,110.73,149
2453,凌群,資訊服務業,3.13,7372784000.0,2355522044.7284346,1.59,7842373751.13689,3.33,18.97,9.25,15.88,25.13,52.88,83.68,63.16,56.9,1.11,0.93,1.47,13.25,29,11.34,86
2454,聯發科,半導體業,66.17,586383033000.0,8861765649.085688,33.24,597863531009.7222,67.47,24.27,56.73,17.21,73.94,1161.16,4988.73,1637.64,4460.0,0.37,0.26,1.12,8.7,3,20.39,91
2455,全新,通信網路業,2.96,3309773000.0,1118166554.054054,1.72,4252434273.427253,3.8,54.37,116.84,23.22,140.06,88.24,532.23,206.6,428.0,0.48,0.21,1.24,20.0,24,37.86,97
2457,飛宏,電子工業,-1.48,10144830000.0,0.0,0.0,8797759372.60496,0.0,71.84,45.1,42.4,87.5,0.0,0.0,0.0,29.0,0.0,0.0,0.0,0.39,1,47.27,132
2458,義隆,半導體業,8.54,12381283000.0,1449798946.1358316,4.34,12691395913.430504,8.75,15.52,8.07,10.62,18.69,92.92,163.54,135.83,156.5,0.87,0.59,1.04,2.81,3,6.64,93
2460,建通,電子工業,-2.99,3124587000.0,0.0,0.0,4779263379.903504,0.0,0.0,0.0,0.0,0.0,0.0,0.0,0.0,35.5,0.0,0.0,0.0,1.19,9,18.62,176
2461,光群雷,其他電子業,-0.61,5225852000.0,0.0,0.0,5453631132.333249,0.0,18.81,53.86,8.77,62.63,0.0,0.0,0.0,18.55,0.0,0.0,0.0,0.0,0,2.99,70
2462,良得電,電子工業,0.27,4119265000.0,15256537037.037037,0.13,3948707406.372884,0.26,51.89,358.46,12.25,370.71,3.18,96.38,13.49,25.15,0.54,0.13,3.83,0.55,18,27.63,94
2464,盟立,其他電子業,-0.83,6834567000.0,0.0,0.0,7360624554.067636,0.0,100.32,85.84,70.56,156.4,0.0,0.0,0.0,166.0,0.0,0.0,0.0,44.17,23,27.57,85
2465,麗臺,電子工業,0.42,5036165000.0,11990869047.619047,0.29,7427419944.511349,0.62,121.44,172.22,57.27,229.49,35.51,142.28,75.29,81.8,0.92,0.43,1.74,1.99,2,32.17,121
2486,一詮,光電業,0.22,5995655000.0,27252977272.727272,0.13,7243078546.556291,0.27,543.02,1311.2,113.8,1425.0,30.73,384.75,146.62,251.5,0.58,0.12,1.53,15.2,28,27.98,154
2488,漢平,其他電子業,4.56,3025797000.0,663551973.6842105,2.16,3040659271.498751,4.58,10.03,5.37,7.55,12.92,34.58,59.17,45.92,54.0,0.85,0.64,1.1,21.7,168,9.54,71
2535,達欣工,建材營造,6.5,20936358000.0,3220978153.8461537,4.23,27405542456.70582,8.51,11.13,4.65,8.65,13.3,73.61,113.18,94.67,96.7,0.98,0.76,1.17,4.78,44,12.52,136
2536,宏普,建材營造,3.19,11061836000.0,3467660188.0877743,1.78,13806852597.849428,3.98,23.49,48.3,5.8,54.1,23.08,215.32,93.48,21.4,4.37,1.08,10.06,6.85,43,2.36,10
2537,聯上發,建材營造,0.16,1134692000.0,7091825000.0,0.28,2561310100.7917566,0.36,24.9,62.41,8.92,71.33,3.21,25.68,8.97,12.0,0.75,0.27,2.14,20.74,31,0.0,0
2538,基泰,建材營造,0.35,351323000.0,1003780000.0000001,0.17,277238620.2076021,0.28,26.71,38.09,11.55,49.64,3.23,13.9,7.48,10.15,0.74,0.32,1.37,19.0,29,5.79,9
2539,櫻花建,建材營造,3.78,12047638000.0,3187205820.10582,3.31,16987052581.894976,5.33,22.09,41.4,9.84,51.24,52.45,273.11,117.74,39.4,2.99,1.33,6.93,13.82,58,11.25,59
2540,愛山林,建材營造,0.97,11788830000.0,12153432989.690722,0.29,6861633183.965512,0.56,40.05,81.02,15.98,97.0,8.95,54.32,22.43,54.8,0.41,0.16,0.99,22.53,30,11.78,93
2542,興富發,建材營造,2.11,25225332000.0,11955133649.2891,3.01,234411026595.69843,19.61,22.87,48.91,11.55,60.46,226.5,1185.62,448.43,45.45,9.87,4.98,26.09,26.49,31,15.72,92
2543,皇昌,建材營造,2.9,11600814000.0,4000280689.6551723,1.77,16080361890.317745,4.02,18.99,13.71,13.86,27.57,55.72,110.83,76.33,46.45,1.64,1.2,2.39,100.2,116,1.52,1
2545,皇翔,建材營造,2.14,6423225000.0,3001507009.345794,1.18,5087744524.294196,1.7,10.0,21.36,5.13,26.49,8.72,45.03,17.0,38.8,0.44,0.22,1.16,38.35,162,0.0,0
2546,根基,建材營造,9.73,20986780000.0,2156914696.8139772,4.85,24750682603.224594,11.48,10.61,5.86,8.3,14.16,95.28,162.56,121.81,94.5,1.29,1.01,1.72,6.88,31,16.33,90
2547,日勝生,建材營造,2.97,6103457000.0,2055036026.9360268,1.79,7166176370.443743,3.49,10.76,76.38,3.62,80.0,12.63,279.2,37.54,11.2,3.35,1.13,24.93,7.69,45,0.4,1
2548,華固,建材營造,10.13,17869193000.0,1763987462.9812436,3.32,4888514133340.824,2771.29,26.27,78.04,7.78,85.82,21560.64,237832.11,72801.56,108.0,674.09,199.64,2202.15,1.88,3,5.41,24
2596,綠意,建材營造,1.86,1379072000.0,741436559.1397849,1.29,1055148294.2667788,1.42,51.44,157.21,13.94,171.15,19.79,243.03,73.04,30.65,2.38,0.65,7.93,42.86,45,0.68,1
2597,潤弘,建材營造,11.1,29977603000.0,2700684954.954955,6.11,36751393541.049614,13.61,15.12,11.12,10.59,21.71,144.13,295.47,205.79,183.5,1.12,0.79,1.61,29.68,45,15.18,37
2603,長榮,航運業,31.68,386268472000.0,12192817929.292929,15.03,346167671830.4869,28.39,4.88,7.71,2.65,10.36,75.23,294.12,138.51,194.0,0.71,0.39,1.52,19.5,157,0.61,1
2605,新興,航運業,1.45,4393818000.0,3030219310.3448277,0.89,5552979128.5916395,1.83,18.93,38.43,7.17,45.6,13.12,83.45,34.64,32.45,1.07,0.4,2.57,6.24,16,36.88,170
2606,裕民,航運業,4.31,15370434000.0,3566225986.0788865,2.41,18898230843.68548,5.3,12.95,9.53,8.55,18.08,45.32,95.82,68.63,62.2,1.1,0.73,1.54,9.68,157,19.38,170
2607,榮運,航運業,3.77,17370304000.0,4607507692.307693,1.87,16541914634.613977,3.59,12.15,11.64,8.67,20.31,31.13,72.91,43.61,50.0,0.87,0.62,1.46,2.19,8,78.08,121
2608,嘉里大榮,航運業,1.98,12880973000.0,6505541919.191919,0.97,12721081107.551651,1.96,15.71,7.12,10.66,17.78,20.89,34.85,30.79,29.05,1.06,0.72,1.2,0.0,0,0.57,65
2609,陽明,航運業,4.9,167762203000.0,34237184285.714283,2.37,155538326191.3519,4.54,7.92,21.82,3.08,24.9,13.98,113.05,35.94,51.6,0.7,0.27,2.19,12.62,175,0.0,0
2610,華航,航運業,2.42,208753674000.0,86261848760.33058,1.37,232882644548.10474,2.7,10.72,10.32,7.11,17.43,19.2,47.06,28.94,21.85,1.32,0.88,2.15,17.43,175,4.44,27
2611,志信,航運業,0.51,675806000.0,1325109803.9215686,0.46,1154070620.6666195,0.87,25.33,76.89,6.27,83.16,5.45,72.35,22.04,14.05,1.57,0.39,5.15,3.12,3,1.49,1
2612,中航,航運業,5.46,4864523000.0,890938278.3882784,2.91,5107725620.106139,5.73,13.55,28.04,6.58,34.62,37.7,198.37,77.65,54.4,1.43,0.69,3.65,5.54,16,58.05,170
2613,中櫃,航運業,1.14,3351986000.0,2940338596.491228,0.59,3560928680.1542144,1.21,29.19,22.47,18.86,41.33,22.82,50.01,35.32,21.85,1.62,1.04,2.29,0.0,0,0.17,59
2534,宏盛,建材營造,2.07,5569958000.0,2690800966.183575,0.18,570330744.1409091,0.21,35.58,87.73,7.79,95.52,1.64,20.06,7.47,18.45,0.4,0.09,1.09,13.58,43,0.95,1
2530,華建,建材營造,2.03,7464765000.0,3677224137.931035,0.07,423967295.0619421,0.12,20.02,60.35,9.18,69.53,1.1,8.34,2.4,20.45,0.12,0.05,0.41,23.0,43,1.69,79
2528,皇普,建材營造,3.65,17483401000.0,4789972876.712329,0.2,1725013160.9495478,0.36,7.42,11.84,3.88,15.72,1.4,5.66,2.67,22.25,0.12,0.06,0.25,13.53,31,0.0,0
2527,宏璟,建材營造,0.93,676610000.0,727537634.4086021,6.43,11031220204.851639,15.16,14.56,37.57,5.12,42.69,77.62,647.18,220.75,38.9,5.67,2.0,16.64,14.76,45,6.27,176
2489,瑞軒,光電業,1.23,24716288000.0,20094543089.430893,0.62,26645957901.359394,1.33,17.65,45.64,6.19,51.83,8.23,68.93,23.47,48.6,0.48,0.17,1.42,31.98,28,15.3,118
2491,吉祥全,光電業,1.42,177475000.0,124982394.36619718,0.69,167852237.62289038,1.34,28.2,51.76,5.74,57.5,7.69,77.05,37.78,39.35,0.96,0.2,1.96,5.23,21,124.17,183
2492,華新科,電子工業,4.74,36273718000.0,7652683122.362869,2.59,40463490632.02284,5.29,24.77,93.02,10.81,103.83,57.18,549.26,131.05,542.0,0.24,0.11,1.01,7.11,30,61.4,133
2493,揚博,電子工業,4.56,3731121000.0,818228289.4736843,2.4,3957365939.9926357,4.84,20.43,47.55,11.55,59.1,55.9,286.04,98.86,249.0,0.4,0.22,1.15,29.93,137,75.51,73
2496,卓越,其他,6.13,866192000.0,141303752.03915173,3.06,912215403.2310296,6.46,11.24,4.58,9.86,14.44,63.7,93.28,72.61,64.5,1.13,0.99,1.45,10.4,182,0.28,7
2939,永邑-KY,貿易百貨,-3.68,313675000.0,0.0,0.0,265193618.92044255,0.0,0.0,0.0,0.0,0.0,0.0,0.0,0.0,21.6,0.0,0.0,0.0,46.73,98,0.0,0
2497,怡利電,汽車工業,2.37,4561289000.0,1924594514.7679324,1.26,4929265181.202634,2.56,21.77,25.51,11.57,37.08,29.62,94.92,55.72,61.4,0.91,0.48,1.55,51.88,109,25.32,72
2498,宏達電,電子工業,7.21,3004402000.0,416699306.518724,3.04,2571868667.4242206,6.17,17.14,32.57,5.44,38.01,33.56,234.52,105.77,47.5,2.23,0.71,4.94,12.92,106,89.57,78
2501,國建,建材營造,2.83,25701552000.0,9081820494.699646,2.01,34618581992.63799,3.81,12.19,13.82,5.61,19.43,21.37,74.03,46.46,27.0,1.72,0.79,2.74,1.83,45,21.97,91
2504,國產,建材營造,3.3,22511070000.0,6821536363.636364,1.59,21272357474.860573,3.12,11.77,8.61,9.04,17.65,28.2,55.07,36.72,33.8,1.09,0.83,1.63,17.23,137,1.98,1
2505,國揚,建材營造,2.37,2697064000.0,1138001687.7637131,1.94,7244958053.452766,6.37,23.75,34.95,7.45,42.4,47.46,270.09,151.27,18.8,8.05,2.52,14.37,10.02,45,3.36,9
2506,太設,建材營造,0.02,1131755000.0,56587750000.0,0.01,1549779371.994707,0.03,67.47,448.55,3.95,452.5,0.12,13.58,2.02,9.03,0.22,0.01,1.5,6.58,53,0.0,0
2509,全坤建,建材營造,-0.79,265950000.0,0.0,0.0,248813670.64226982,0.0,205.47,245.81,56.19,302.0,0.0,0.0,0.0,14.0,0.0,0.0,0.0,13.99,31,23.96,91
2511,太子,建材營造,0.33,8409668000.0,25483842424.242424,0.22,10862071710.75538,0.43,40.43,44.56,21.57,66.13,9.28,28.44,17.38,8.19,2.12,1.13,3.47,6.1,45,3.56,36
2514,龍邦,其他,1.85,21456939000.0,11598345405.405405,0.94,23272228360.695408,2.01,7.03,4.46,4.79,9.25,9.63,18.59,14.13,13.7,1.03,0.7,1.36,9.61,30,0.0,0
2515,中工,建材營造,0.4,20623506000.0,51558765000.0,0.28,27212765905.60724,0.53,28.48,26.42,18.21,44.63,9.65,23.65,15.09,13.3,1.13,0.73,1.78,2.53,45,64.76,146
2516,新建,建材營造,1.23,10516424000.0,8549938211.382114,0.49,8176263164.218151,0.96,18.55,34.53,10.21,44.74,9.8,42.95,17.81,13.5,1.32,0.73,3.18,17.15,169,0.0,0
2520,冠德,建材營造,2.73,22083667000.0,8089255311.355311,1.54,28447008978.94001,3.52,7.6,10.79,4.21,15.0,14.82,52.8,26.74,36.15,0.74,0.41,1.46,16.0,31,8.28,36
2524,京城,建材營造,1.7,5418439000.0,3187317058.8235297,0.38,1527406521.476308,0.48,20.27,68.78,4.79,73.57,2.3,35.31,9.73,38.95,0.25,0.06,0.91,143.73,63,14.41,92
2906,高林,貿易百貨,0.47,8788364000.0,18698646808.51064,0.24,8916919647.482784,0.48,31.35,13.28,25.0,38.28,12.0,18.37,15.05,12.9,1.17,0.93,1.42,12.53,18,3.23,14
3152,璟德,通信網路業,9.42,1453293000.0,154277388.53503186,4.74,1380392554.4274552,8.95,21.78,29.89,10.82,40.71,96.84,364.35,194.97,200.5,0.97,0.48,1.82,0.0,0,28.51,183
3158,嘉實,資訊服務業,7.28,272213000.0,37391895.604395606,0.0,0.0,0.0,12.93,2.04,12.26,14.3,0.0,0.0,0.0,83.9,0.0,0.0,0.0,41.94,106,10.28,58
3162,精確,電機機械,1.7,7712670000.0,4536864705.882353,0.92,8354787586.195455,1.84,43.63,94.03,20.41,114.44,37.55,210.57,80.29,84.8,0.95,0.44,2.48,27.48,122,46.42,143
3163,波若威,通信網路業,6.22,2168399000.0,348617202.5723473,3.7,2732706256.3595624,7.84,60.41,189.51,18.69,208.2,146.53,1632.29,473.64,903.0,0.52,0.16,1.81,49.79,30,114.52,178
3164,景岳,化學生技醫療,0.66,409110000.0,619863636.3636364,0.3,372104673.48275286,0.6,45.0,87.11,25.67,112.78,15.4,67.67,27.0,16.4,1.65,0.94,4.13,0.63,15,5.96,34
3167,大量,電機機械,8.13,4865952000.0,598518081.1808118,7.22,10377906525.896261,17.34,104.81,319.55,30.45,350.0,528.0,6069.0,1817.35,807.0,2.25,0.65,7.52,191.16,119,86.43,176
3168,眾福科,光電業,2.61,3411575000.0,1307116858.2375479,1.39,3664417482.2317376,2.8,17.09,7.35,12.34,19.69,34.55,55.13,47.84,47.55,1.01,0.73,1.16,6.48,2,0.0,0
3169,亞信,半導體業,3.67,937780000.0,255525885.5585831,1.86,902045632.7341594,3.53,27.9,15.32,21.2,36.52,74.84,128.92,98.49,107.5,0.92,0.7,1.2,1.5,3,20.81,93
3176,基亞,生技醫療業,-0.78,1594260000.0,0.0,0.0,1048639465.80365,0.0,0.0,0.0,0.0,0.0,0.0,0.0,0.0,33.4,0.0,0.0,0.0,1.97,14,6.41,182
3188,鑫龍騰,建材營造,4.05,2525975000.0,623697530.8641976,4.02,22755310266.13953,36.48,12.16,19.86,3.72,23.58,135.71,860.2,443.59,25.1,17.67,5.41,34.27,66.62,45,7.82,164
3189,景碩,半導體業,3.51,38607846000.0,10999386324.786325,2.1,49651768766.313774,4.51,246.65,886.55,63.45,950.0,286.16,4284.5,1112.38,706.0,1.58,0.41,6.07,43.48,30,87.43,175
3191,雲嘉南,電子零組件業,0.51,174633000.0,342417647.0588235,0.25,166602074.20981842,0.49,43.38,93.86,26.37,120.23,12.92,58.91,21.25,18.7,1.14,0.69,3.15,14.29,8,41.76,175
3205,佰研,生技醫療業,-1.06,378949000.0,0.0,0.0,525097388.2801948,0.0,0.0,0.0,0.0,0.0,0.0,0.0,0.0,52.8,0.0,0.0,0.0,22.99,15,49.51,84
3206,志豐,電子零組件業,2.02,3236211000.0,1602084653.4653466,0.96,3008051158.797287,1.88,13.24,17.59,7.71,25.3,14.49,47.56,24.89,38.0,0.66,0.38,1.25,2.4,24,1.6,31
3207,耀勝,電子零組件業,-0.82,1826510000.0,0.0,0.0,2075115955.5319822,0.0,497.76,924.63,133.7,1058.33,0.0,0.0,0.0,67.8,0.0,0.0,0.0,12.76,32,0.0,0
3209,全科,電子工業,3.02,46097848000.0,15264188079.470198,2.1,62252887211.49409,4.08,13.94,12.9,9.77,22.67,39.86,92.49,56.86,60.3,0.94,0.66,1.53,18.98,114,1.32,15
3211,順達,電腦及週邊設備業,9.04,12836889000.0,1420009845.1327436,4.97,15978333024.931114,11.25,21.7,41.54,5.74,47.28,64.58,531.9,244.17,428.0,0.57,0.15,1.24,145.41,172,120.05,87
3213,茂訊,電腦及週邊設備業,7.4,2852455000.0,385466891.8918919,4.14,3308554121.7201934,8.58,12.71,12.36,8.31,20.67,71.3,177.35,109.07,134.0,0.81,0.53,1.32,2.63,3,28.71,84
3149,正達,光電業,-2.88,2236900000.0,0.0,0.0,2475675218.6840544,0.0,0.0,0.0,0.0,0.0,0.0,0.0,0.0,93.7,0.0,0.0,0.0,58.89,122,43.93,113
3088,艾訊,電腦及週邊設備業,4.68,6889683000.0,1472154487.1794872,3.13,9381445889.762796,6.37,16.1,14.17,11.45,25.62,72.94,163.2,102.57,141.0,0.73,0.52,1.16,10.29,172,1.66,34
3090,日電貿,電子工業,5.47,15451185000.0,2824713893.9670935,3.23,18855932936.855633,6.68,18.8,50.59,12.43,63.02,83.03,420.97,125.61,302.5,0.42,0.27,1.39,13.08,170,35.72,177
3092,鴻碩,電子工業,-5.14,1651362000.0,0.0,0.0,1550824587.448487,0.0,0.0,0.0,0.0,0.0,0.0,0.0,0.0,32.2,0.0,0.0,0.0,6.55,137,1.6,16
3093,港建*,其他電子類,1.22,2019834000.0,1655601639.3442624,0.41,1042583703.1869227,0.63,25.75,61.62,14.24,75.86,8.97,47.79,16.22,64.4,0.25,0.14,0.74,13.77,8,9.6,56
3094,聯傑,半導體業,0.26,192361000.0,739850000.0,0.14,187308295.84076977,0.25,139.97,170.99,61.09,232.08,15.27,58.02,34.99,39.0,0.9,0.39,1.49,26.46,23,7.74,94
3095,及成,通信網路業,-2.0,612881000.0,0.0,0.0,740681703.18629,0.0,28.56,51.85,12.56,64.41,0.0,0.0,0.0,39.0,0.0,0.0,0.0,97.11,39,3.0,1
3105,穩懋,半導體業,4.0,16253435000.0,4063358750.0,2.39,21817933765.548306,5.37,104.4,429.72,27.04,456.76,145.2,2452.8,560.63,519.0,1.08,0.28,4.73,16.77,30,117.6,181
3114,好德,電子零組件業,2.23,3038288000.0,1362460986.5470853,1.13,3164503071.5567827,2.32,18.22,24.14,10.15,34.29,23.55,79.55,42.27,43.45,0.97,0.54,1.83,3.79,21,16.38,149
2941,米斯特,居家生活類,2.36,936342000.0,396755084.7457627,1.19,924268019.3600509,2.33,18.91,15.86,10.88,26.74,25.35,62.3,44.07,35.4,1.24,0.72,1.76,5.59,32,0.0,0
3118,進階,生技醫療業,2.46,730311000.0,296874390.24390244,1.16,692431594.8143488,2.33,15.47,5.04,13.0,18.04,30.29,42.03,36.05,31.25,1.15,0.97,1.34,0.97,14,0.0,0
3122,笙泉,半導體業,-1.75,331361000.0,0.0,0.0,309800557.11064327,0.0,0.0,0.0,0.0,0.0,0.0,0.0,0.0,30.6,0.0,0.0,0.0,3.21,1,48.53,21
3128,昇銳,光電業,1.36,1127451000.0,829008088.2352941,0.62,950944242.3812898,1.15,23.43,32.43,10.56,42.99,12.14,49.44,26.94,24.15,1.12,0.5,2.05,11.82,39,30.39,20
3135,凌航,半導體業,6.28,4559917000.0,726101433.1210191,14.91,89669926626.96222,123.5,75.9,203.36,13.31,216.67,1643.78,26758.74,9373.11,192.5,48.69,8.54,139.01,10.03,147,90.11,171
3138,耀登,通信網路業,1.54,1696087000.0,1101355194.8051949,0.82,2032198759.491413,1.85,63.13,154.19,22.64,176.83,41.88,327.14,116.8,135.5,0.86,0.31,2.41,1.89,28,24.85,183
3141,晶宏,半導體業,0.54,1635291000.0,3028316666.6666665,0.27,1745940715.8644354,0.58,80.55,104.57,41.38,145.95,24.0,84.65,46.72,71.6,0.65,0.34,1.18,5.13,16,12.5,30
3147,大綜,資訊服務業,8.86,8382879000.0,946148871.3318285,7.92,13496347008.988806,14.26,18.03,27.67,11.52,39.19,164.28,558.85,257.09,330.0,0.78,0.5,1.69,31.89,74,9.31,56
3217,優群,電子零組件業,12.69,4088779000.0,322204806.93459415,5.94,4025369392.9087424,12.49,14.23,9.39,10.04,19.43,125.4,242.68,177.72,169.5,1.05,0.74,1.43,2.87,9,30.16,140
3218,大學光,生技醫療業,12.31,4192529000.0,340579122.6645004,6.49,4244248744.171265,12.46,15.14,10.2,10.03,20.23,124.97,252.07,188.65,134.0,1.41,0.93,1.88,3.82,21,11.2,36
3293,鈊象,文化創意業,38.51,21791052000.0,565854375.4868865,22.03,25107627882.219658,44.37,23.24,23.7,13.19,36.89,585.24,1636.81,1031.36,775.0,1.33,0.76,2.11,27.0,25,0.0,0
3294,英濟,電子零組件業,-0.48,3657141000.0,0.0,0.0,3310348221.9707947,0.0,68.28,51.43,38.79,90.22,0.0,0.0,0.0,39.9,0.0,0.0,0.0,23.8,30,53.65,78
3296,勝德,電子工業,0.61,1601750000.0,2625819672.1311474,0.31,1593532951.1684349,0.61,178.18,950.27,16.4,966.67,10.0,589.67,108.69,27.1,4.01,0.37,21.76,39.67,178,35.6,59
3297,杭特,光電業,0.47,195991000.0,417002127.6595745,0.26,239527554.5749748,0.57,319.44,1261.2,58.8,1320.0,33.52,752.4,182.08,31.6,5.76,1.06,23.81,83.76,18,50.37,23
3303,岱稜,其他電子類,4.57,3015706000.0,659891903.7199124,2.46,3258481912.448529,4.94,13.09,12.74,9.46,22.2,46.73,109.67,64.68,60.3,1.07,0.77,1.82,71.43,144,3.12,83
3305,昇貿,其他電子業,3.16,10218236000.0,3233618987.341772,2.38,16351464424.03199,5.06,30.07,38.86,14.61,53.47,73.93,270.56,152.16,142.5,1.07,0.52,1.9,8.93,3,166.44,87
3306,鼎天,通信網路業,1.95,1067643000.0,547509230.7692307,0.92,1165582165.3156164,2.13,20.31,22.54,11.35,33.89,24.18,72.19,43.26,48.0,0.9,0.5,1.5,17.81,23,70.09,128
3308,聯德,電子工業,0.68,6815000.0,10022058.823529411,0.46,8845732.323232323,0.88,39.45,187.81,11.77,199.58,10.36,175.63,34.72,20.9,1.66,0.5,8.4,9.98,1,1.39,16
3310,佳穎,電子零組件業,3.55,2657456000.0,748579154.9295775,1.23,1354148065.3646872,1.81,25.5,33.77,16.17,49.94,29.27,90.39,46.15,65.8,0.7,0.44,1.37,6.75,18,11.58,183
3311,閎暉,通信網路業,1.62,2377310000.0,1467475308.6419752,0.77,2225046862.468281,1.52,37.24,47.91,19.68,67.59,29.91,102.74,56.6,39.4,1.44,0.76,2.61,3.31,21,10.22,43
3312,弘憶股,電子工業,1.74,20699880000.0,11896482758.62069,1.0,22595702308.849728,1.9,31.97,64.98,14.94,79.92,28.39,151.85,60.75,61.6,0.99,0.46,2.47,46.94,24,0.3,10
3317,尼克森,半導體業,1.8,2705899000.0,1503277222.222222,0.95,2851294400.3997436,1.9,20.61,32.35,13.19,45.54,25.06,86.53,39.16,80.3,0.49,0.31,1.08,0.0,0,28.41,132
3321,同泰,電子工業,-2.77,2164390000.0,0.0,0.0,2271918482.062617,0.0,0.0,0.0,0.0,0.0,0.0,0.0,0.0,23.7,0.0,0.0,0.0,24.57,42,277.05,170
3322,建舜電,電子零組件業,-0.96,2983337000.0,0.0,0.0,3159658045.348768,0.0,73.8,68.16,37.29,105.45,0.0,0.0,0.0,14.7,0.0,0.0,0.0,1.48,17,18.73,57
3323,加百裕,電腦及週邊設備業,-1.92,5105491000.0,0.0,0.0,4531780319.163854,0.0,0.0,0.0,0.0,0.0,0.0,0.0,0.0,35.3,0.0,0.0,0.0,65.82,170,76.25,86
3324,雙鴻,其他電子類,28.2,21817975000.0,773687056.7375886,22.43,40227404252.48513,51.99,37.25,46.79,18.7,65.49,972.21,3404.83,1936.65,1050.0,1.84,0.93,3.24,16.19,18,62.22,139
3325,旭品,電腦及週邊設備業,-1.64,1256726000.0,0.0,0.0,831038533.3310311,0.0,255.79,84.09,196.82,280.91,0.0,0.0,0.0,12.5,0.0,0.0,0.0,0.0,0,18.42,94
3332,幸康,電子零組件業,3.53,1602596000.0,453993201.1331445,2.0,1778900732.9242792,3.92,18.31,12.73,14.31,27.04,56.1,106.0,71.76,64.0,1.12,0.88,1.66,0.0,0,37.78,140
3290,東浦,電子零組件業,2.21,2309567000.0,1045052941.1764706,1.65,3903788378.9843593,3.74,19.35,16.75,9.69,26.44,36.24,98.89,72.38,65.8,1.1,0.55,1.5,37.73,126,95.8,127
3289,宜特,其他電子類,4.81,4777382000.0,993218711.0187111,2.29,4784524002.351487,4.82,23.72,30.98,12.78,43.76,61.6,210.92,114.32,169.5,0.67,0.36,1.24,45.02,128,23.39,83
3288,點晶,電子零組件業,-0.64,77563000.0,0.0,0.0,77289303.04319535,0.0,813.03,185.0,742.5,927.5,0.0,0.0,0.0,21.8,0.0,0.0,0.0,34.87,8,9.67,140
3287,廣寰科,電腦及週邊設備業,1.5,907187000.0,604791333.3333334,0.77,1051293553.3233756,1.74,23.49,33.53,10.9,44.43,18.97,77.31,40.87,34.3,1.19,0.55,2.25,9.96,1,0.54,21
3221,台嘉碩,通信網路業,0.07,2201258000.0,31446542857.142853,0.04,2361922455.7610264,0.08,311.75,1830.71,16.79,1847.5,1.34,147.8,24.94,59.3,0.42,0.02,2.49,5.69,30,34.68,125
3224,三顧,電子通路業,-1.54,1500335000.0,0.0,0.0,1602507059.376688,0.0,0.0,0.0,0.0,0.0,0.0,0.0,0.0,37.95,0.0,0.0,0.0,18.53,9,35.41,149
3226,龍鋒,電機機械,0.24,1641105000.0,6837937500.0,0.1,1089004791.2450614,0.16,30.82,180.09,6.79,186.88,1.09,29.9,4.93,49.2,0.1,0.02,0.61,7.77,23,6.84,148
3227,原相,半導體業,12.38,9123528000.0,736957027.4636511,6.4,9084642649.826818,12.33,19.39,16.48,13.86,30.34,170.89,374.09,239.05,217.5,1.1,0.79,1.72,63.02,101,16.06,108
3228,金麗科,半導體業,-2.03,306400000.0,0.0,0.0,318275893.5322561,0.0,0.0,0.0,0.0,0.0,0.0,0.0,0.0,181.5,0.0,0.0,0.0,2.72,2,1.47,23
3229,晟鈦,電子工業,-0.43,1001150000.0,0.0,0.0,1514628369.0625272,0.0,222.4,1008.36,79.64,1088.0,0.0,0.0,0.0,44.15,0.0,0.0,0.0,41.97,21,95.29,182
3230,錦明,光電業,-1.6,415534000.0,0.0,0.0,375883573.40984744,0.0,13.28,12.79,6.88,19.67,0.0,0.0,0.0,29.4,0.0,0.0,0.0,275.6,120,98.8,84
3231,緯創,電子工業,9.02,2036922031000.0,225822841574.2794,7.42,4296146952582.976,19.02,18.34,10.84,12.39,23.23,235.66,441.83,348.77,162.5,2.15,1.45,2.72,16.9,161,32.2,112
3232,昱捷,電子通路業,0.29,909225000.0,3135258620.6896553,0.16,890549387.1407068,0.28,95.81,128.89,53.11,182.0,14.87,50.96,26.83,23.05,1.16,0.65,2.21,7.43,58,0.18,2
3234,光環,通信網路業,-1.4,673287000.0,0.0,0.0,673399833.5430449,0.0,0.0,0.0,0.0,0.0,0.0,0.0,0.0,132.0,0.0,0.0,0.0,25.85,175,27.09,169
3086,華義*,文化創意業,-0.64,156507000.0,0.0,0.0,151458449.25573435,0.0,347.12,1100.66,66.01,1166.67,0.0,0.0,0.0,35.95,0.0,0.0,0.0,69.01,98,61.49,161
3236,千如,電子零組件業,0.32,2009218000.0,6278806250.0,0.19,2483430690.7629757,0.4,158.11,403.22,80.53,483.75,32.21,193.5,63.24,67.1,0.94,0.48,2.88,7.62,172,76.4,169
3257,虹冠電,半導體業,3.43,1035739000.0,301964723.03207,1.03,706001203.6076268,2.34,21.24,19.23,13.26,32.49,31.03,76.03,49.71,55.6,0.89,0.56,1.37,19.9,128,28.15,132
3259,鑫創,半導體業,-2.36,283935000.0,0.0,0.0,275087731.1085699,0.0,0.0,0.0,0.0,0.0,0.0,0.0,0.0,16.65,0.0,0.0,0.0,41.61,17,9.4,148
3260,威剛,半導體業,23.14,50120672000.0,2165975453.759723,25.59,133073905164.86488,61.44,14.34,27.85,6.8,34.65,417.79,2128.9,881.22,416.0,2.12,1.0,5.12,2.7,3,133.9,148
3264,欣銓,半導體業,6.0,13781453000.0,2296908833.3333335,3.6,17378920888.627033,7.57,18.78,28.11,10.42,38.53,78.88,291.67,142.15,211.5,0.67,0.37,1.38,2.14,3,27.04,139
3265,台星科,半導體業,5.48,4581276000.0,835999270.0729927,3.24,5648553525.227789,6.76,20.26,22.58,11.28,33.86,76.25,228.89,136.98,172.5,0.79,0.44,1.33,13.04,4,15.74,177
3266,昇陽,建材營造,0.58,1779877000.0,3068753448.275862,0.32,1798350880.7146919,0.59,11.45,16.84,7.56,24.4,4.46,14.4,6.75,13.55,0.5,0.33,1.06,1.37,17,2.92,16
3268,海德威,半導體業,-1.33,927369000.0,0.0,0.0,974172582.3875138,0.0,74.84,45.38,45.0,90.38,0.0,0.0,0.0,21.65,0.0,0.0,0.0,4.44,9,3.15,58
3272,東碩,電腦及週邊設備業,-7.68,2947040000.0,0.0,0.0,2475240760.587528,0.0,0.0,0.0,0.0,0.0,0.0,0.0,0.0,16.8,0.0,0.0,0.0,20.84,128,0.19,1
3276,宇環,電子零組件業,0.21,504802000.0,2403819047.6190476,0.13,593634966.8601736,0.25,82.5,112.01,24.66,136.67,6.16,34.17,20.62,15.3,1.35,0.4,2.23,14.45,21,32.21,64
3284,太普高,其他,2.38,858605000.0,360758403.3613446,1.18,832951646.1800605,2.31,15.88,39.46,6.76,46.22,15.62,106.77,36.68,22.2,1.65,0.7,4.81,74.21,59,0.0,0
3285,微端,其他電子類,0.7,662942000.0,947060000.0000001,0.56,1059678506.9502368,1.12,37.33,70.89,20.25,91.14,22.68,102.08,41.8,46.7,0.9,0.49,2.19,15.49,18,26.09,99
3115,富榮綱,電子零組件業,-0.46,4770000.0,0.0,0.0,8831011.122345805,0.0,0.0,0.0,0.0,0.0,0.0,0.0,0.0,0.0,0.0,0.0,0.0,14.85,35,1.87,1
3081,聯亞,通信網路業,4.66,2061242000.0,442326609.44206005,4.38,4373278481.920474,9.89,455.43,1193.76,146.24,1340.0,1446.31,13252.6,4504.25,2245.0,2.01,0.64,5.9,157.63,119,99.03,181
3018,隆銘綠能,其他電子業,-2.14,562789000.0,0.0,0.0,215048610.571623,0.0,0.0,0.0,0.0,0.0,0.0,0.0,0.0,11.45,0.0,0.0,0.0,124.83,151,6.78,7
3019,亞光,光電業,6.6,26484102000.0,4012742727.2727275,3.35,29920651296.331898,7.46,24.08,20.25,18.26,38.51,136.22,287.28,179.66,158.5,1.13,0.86,1.81,101.82,183,22.94,83
3021,鴻名,電子工業,0.32,3240411000.0,10126284375.0,0.15,3496479197.1459446,0.35,46.47,103.19,14.46,117.65,5.06,41.18,16.27,31.2,0.52,0.16,1.32,62.61,130,13.96,62
3022,威強電,電子工業,4.62,6419504000.0,1389503030.3030303,2.71,6997407169.302577,5.04,12.05,16.95,7.72,24.67,38.91,124.34,60.72,83.7,0.73,0.46,1.49,18.89,31,3.08,16
3023,信邦,電子工業,13.02,31359136000.0,2408535791.09063,7.03,33147484586.88867,13.76,18.48,13.07,12.69,25.76,174.61,354.46,254.29,313.0,0.81,0.56,1.13,16.95,36,11.09,62
3024,憶聲,光電業,0.27,2320313000.0,8593751851.85185,0.05,610378793.5339576,0.07,44.1,185.13,12.65,197.78,0.89,13.84,3.09,12.5,0.25,0.07,1.11,16.79,45,1.46,10
3083,網龍,文化創意業,0.43,380390000.0,884627906.9767442,0.22,481020459.1198282,0.54,618.68,3722.22,37.78,3760.0,20.4,2030.4,334.09,29.85,11.19,0.68,68.02,11.79,11,0.54,13
3025,星通,通信網路業,3.45,559413000.0,162148695.6521739,2.5,1124412505.7365878,6.93,19.85,25.17,11.88,37.05,82.33,256.76,137.56,70.5,1.95,1.17,3.64,22.37,113,26.15,181
3026,禾伸堂,電子工業,6.58,13298266000.0,2021013069.9088147,3.7,14910508236.152147,7.38,21.17,103.25,12.21,115.46,90.11,852.09,156.22,896.0,0.17,0.1,0.95,0.61,4,41.59,128
3027,盛達,通信網路業,-1.05,2214276000.0,0.0,0.0,1040632898.8497441,0.0,51.03,35.21,29.68,64.89,0.0,0.0,0.0,21.05,0.0,0.0,0.0,5.76,15,1.23,1
3028,增你強,電子工業,3.15,40725187000.0,12928630793.650793,2.69,76618014301.99028,5.93,16.78,14.0,11.33,25.33,67.19,150.21,99.53,74.3,1.34,0.9,2.02,0.28,18,21.33,149
3029,零壹,資訊服務業,6.54,24933295000.0,3812430428.134557,3.48,26685956972.562664,7.0,21.11,22.74,13.88,36.62,97.16,256.34,147.79,102.0,1.45,0.95,2.51,105.78,177,13.33,84
3030,德律,其他電子業,10.49,8268662000.0,788242326.0247855,6.79,10826877533.647478,13.74,21.26,28.69,10.78,39.47,148.12,542.32,292.18,332.5,0.88,0.45,1.63,1.45,16,62.26,73
3031,佰鴻,光電業,1.09,1133837000.0,1040217431.1926605,0.62,1313244760.1925864,1.26,18.79,18.01,12.95,30.96,16.32,39.01,23.67,28.3,0.84,0.58,1.38,19.91,122,18.63,127
3017,奇鋐,電腦及週邊設備業,49.17,132329140000.0,2691257677.4455967,35.11,255406557966.73117,94.9,35.79,44.05,16.15,60.2,1532.64,5712.98,3396.11,2365.0,1.44,0.65,2.42,5.81,11,104.76,146
3016,嘉晶,半導體業,0.07,3837008000.0,54814399999.99999,0.04,4761859777.940922,0.09,1040.47,7230.54,29.46,7260.0,2.65,653.4,93.64,122.5,0.76,0.02,5.33,7.34,18,94.02,132
2945,三商家購,貿易百貨,2.14,14731084000.0,6883684112.149532,1.24,17625730657.242767,2.56,20.03,7.91,17.15,25.06,43.9,64.15,51.29,43.15,1.19,1.02,1.49,0.9,23,2.82,15
2948,寶陞,居家生活類,2.17,2162553000.0,996568202.764977,1.07,2096605912.7237132,2.1,19.81,9.52,15.91,25.43,33.41,53.4,41.6,36.7,1.13,0.91,1.46,0.15,1,0.0,0
2949,欣新網,數位雲端類,3.99,5647538000.0,1415423057.6441102,2.11,6772374490.32615,4.78,20.45,12.51,14.44,26.95,69.02,128.82,97.74,67.0,1.46,1.03,1.92,3.63,162,0.0,0
3002,歐格,電子工業,0.35,693459000.0,1981311428.5714288,0.2,848532752.3471279,0.43,101.09,265.23,44.77,310.0,19.25,133.3,43.47,20.9,2.08,0.92,6.38,9.32,18,112.73,143
3003,健和興,電子工業,0.98,4364959000.0,4454039795.918367,0.61,5498946336.981041,1.23,27.64,54.87,11.86,66.73,14.59,82.08,34.0,67.0,0.51,0.22,1.23,25.61,91,5.78,97
3004,豐達科,鋼鐵工業,5.85,3988571000.0,681807008.5470086,3.66,5181929268.741389,7.6,17.28,15.47,10.84,26.31,82.38,199.96,131.33,134.0,0.98,0.61,1.49,5.77,14,9.49,78
3005,神基,電子工業,8.43,39125415000.0,4641211743.772243,4.29,40840097995.87583,8.8,15.77,9.75,11.49,21.24,101.11,186.91,138.78,102.5,1.35,0.99,1.82,6.81,15,29.41,78
3006,晶豪科,半導體業,0.87,13448840000.0,15458436781.609196,1.2,40841843251.86652,2.64,65.32,220.96,20.15,241.11,53.2,636.53,172.45,225.0,0.77,0.24,2.83,5.11,3,74.73,148
3008,大立光,光電業,159.41,61150341000.0,383604171.6328963,81.08,68357929624.418655,178.2,14.83,22.84,9.27,32.11,1651.91,5722.0,2643.31,5145.0,0.51,0.32,1.11,22.61,24,5.67,112
3010,華立,電子工業,8.84,77983858000.0,8821703393.66516,5.04,90399636764.30707,10.25,13.47,8.0,9.17,17.17,93.99,175.99,138.02,129.5,1.07,0.73,1.36,16.17,29,21.23,182
3011,今皓,電子工業,-2.55,786448000.0,0.0,0.0,486542852.75722814,0.0,0.0,0.0,0.0,0.0,0.0,0.0,0.0,14.85,0.0,0.0,0.0,9.62,126,48.48,63
3013,晟銘電,電子工業,4.03,10402632000.0,2581298263.027295,2.5,12423176844.019041,4.81,40.99,65.2,21.49,86.69,103.37,416.98,197.16,113.0,1.74,0.91,3.69,78.84,147,13.82,174
3014,聯陽,半導體業,9.51,6951047000.0,730919768.6645637,4.7,6805713355.396597,9.31,13.92,7.1,10.97,18.07,102.13,168.23,129.57,151.5,0.86,0.67,1.11,3.95,17,2.92,10
3015,全漢,電子工業,1.86,13156678000.0,7073482795.698924,0.87,12427681070.36674,1.76,28.53,24.77,15.96,40.73,28.09,71.68,50.21,60.7,0.83,0.46,1.18,7.29,171,6.96,135
3032,偉訓,電子工業,-7.94,10818284000.0,0.0,0.0,12448117195.616945,0.0,15.19,16.54,9.21,25.75,0.0,0.0,0.0,84.6,0.0,0.0,0.0,31.2,178,66.9,41
3033,威健,電子工業,1.81,109006122000.0,60224376795.58011,1.05,126560093441.92972,2.1,16.51,10.11,11.68,21.79,24.53,45.76,34.66,48.9,0.71,0.5,0.94,6.51,24,8.18,49
3050,鈺德,光電業,0.04,1233506000.0,30837650000.0,0.02,1238252920.4786437,0.04,73.83,342.68,19.82,362.5,0.79,14.5,2.95,12.95,0.23,0.06,1.12,30.88,21,7.81,182
3051,力特,光電業,1.01,1914043000.0,1895092079.2079208,0.49,1767252925.3633616,0.93,17.4,19.03,10.87,29.9,10.11,27.81,16.18,27.15,0.6,0.37,1.02,3.9,177,1.12,1
3052,夆典,建材營造,1.1,3378991000.0,3071809999.9999995,0.65,3482067016.803042,1.13,11.3,4.5,9.33,13.83,10.54,15.63,12.76,10.85,1.18,0.97,1.44,7.22,43,3.26,23
3055,蔚華科,電子工業,-2.68,431835000.0,0.0,0.0,578939109.6504538,0.0,0.0,0.0,0.0,0.0,0.0,0.0,0.0,86.8,0.0,0.0,0.0,17.91,9,41.96,178
3056,富華新,建材營造,1.46,7242624000.0,4960701369.863014,0.11,574316208.946503,0.12,61.23,380.04,2.46,382.5,0.3,45.9,7.35,15.2,0.48,0.02,3.02,15.07,45,4.22,37
3057,喬鼎,電子工業,-0.95,620855000.0,0.0,0.0,612262905.8859433,0.0,0.0,0.0,0.0,0.0,0.0,0.0,0.0,20.4,0.0,0.0,0.0,22.07,17,51.57,149
3058,立德,電子工業,-1.44,3179968000.0,0.0,0.0,3071136035.109078,0.0,0.0,0.0,0.0,0.0,0.0,0.0,0.0,9.48,0.0,0.0,0.0,0.0,0,43.01,63
3059,華晶科,光電業,1.24,8728393000.0,7039026612.903226,0.6,9229357268.25356,1.31,34.22,29.43,25.35,54.78,33.21,71.76,44.83,50.5,0.89,0.66,1.42,7.09,21,58.29,83
3060,銘異,電子工業,-0.4,3807613000.0,0.0,0.0,4201505844.957591,0.0,44.93,31.18,34.04,65.22,0.0,0.0,0.0,37.25,0.0,0.0,0.0,4.09,18,50.57,178
3062,建漢,通信網路業,0.7,4240911000.0,6058444285.714286,0.34,4421701125.571833,0.73,345.18,2940.32,9.68,2950.0,7.07,2153.5,251.98,25.65,9.82,0.28,83.96,50.38,143,21.99,135
3064,泰偉,文化創意業,-3.52,82696000.0,0.0,0.0,75617285.25539519,0.0,371.94,1166.14,123.86,1290.0,0.0,0.0,0.0,19.2,0.0,0.0,0.0,35.17,8,10.7,28
3066,李洲,光電業,-1.39,241414000.0,0.0,0.0,304897365.0264863,0.0,50.69,331.06,11.08,342.14,0.0,0.0,0.0,20.7,0.0,0.0,0.0,68.14,126,18.85,58
3071,協禧,電腦及週邊設備業,0.57,2306306000.0,4046150877.1929827,0.36,2975357969.9619813,0.74,34.1,38.81,19.79,58.6,14.64,43.36,25.23,33.45,0.75,0.44,1.3,4.92,18,50.68,76
3078,僑威,電子零組件業,6.07,10447611000.0,1721187973.6408565,1.94,5827951104.068982,3.39,12.17,9.25,8.73,17.98,29.59,60.95,41.27,55.1,0.75,0.54,1.11,2.79,21,15.18,57
3049,精金,電子工業,-0.64,1466127000.0,0.0,0.0,964521024.0747114,0.0,0.0,0.0,0.0,0.0,0.0,0.0,0.0,14.9,0.0,0.0,0.0,50.0,112,27.13,183
3048,益登,電子工業,2.01,115983074000.0,57703021890.54727,1.22,140220177412.50818,2.43,62.68,147.35,16.71,164.06,40.61,398.67,152.32,72.6,2.1,0.56,5.49,38.52,18,75.19,80
3034,聯詠,半導體業,26.87,101870569000.0,3791238146.6319313,12.95,93717699680.76553,24.72,14.82,8.57,12.54,21.11,309.99,521.84,366.47,515.0,0.71,0.6,1.01,1.13,2,5.6,16
3035,智原,半導體業,2.81,18137133000.0,6454495729.537367,0.84,8273550693.430434,1.28,56.5,77.75,38.47,116.22,49.24,148.76,72.32,202.0,0.36,0.24,0.74,9.97,29,6.8,15
3036,文曄,電子工業,11.6,1175163222000.0,101307174310.34483,9.89,2181552416755.5935,21.53,18.71,18.6,11.09,29.69,238.77,639.23,402.72,224.0,1.8,1.07,2.85,9.17,9,19.25,141
3037,欣興,電子工業,4.38,128735949000.0,29391769178.08219,2.63,163203949002.16534,5.55,71.04,192.2,21.2,213.4,117.66,1184.37,394.25,988.0,0.4,0.12,1.2,17.12,30,124.14,176
3038,全台,光電業,1.11,3064638000.0,2760935135.1351347,0.52,2788334586.278767,1.01,14.78,18.49,8.32,26.81,8.4,27.08,14.93,23.05,0.65,0.36,1.17,1.1,14,4.94,181
3040,遠見,其他,0.32,132227000.0,413209375.0,0.16,133837666.33744857,0.32,72.83,143.33,29.25,172.58,9.36,55.23,23.31,38.25,0.61,0.24,1.44,40.16,168,65.59,84
3041,揚智,半導體業,-3.45,1243147000.0,0.0,0.0,1819529261.5951886,0.0,0.0,0.0,0.0,0.0,0.0,0.0,0.0,29.0,0.0,0.0,0.0,66.6,183,25.89,94
3042,晶技,電子工業,5.28,13362235000.0,2530726325.7575755,2.71,13957679285.428726,5.52,17.86,34.37,12.1,46.47,66.79,256.51,98.59,224.0,0.44,0.3,1.15,1.68,128,11.29,97
3047,訊舟,電子工業,-0.9,3860331000.0,0.0,0.0,2475734162.328388,0.0,92.65,164.72,17.78,182.5,0.0,0.0,0.0,16.9,0.0,0.0,0.0,84.33,24,26.13,72
3046,建碁,電腦及週邊設備業,4.01,7193415000.0,1793869077.3067334,2.29,8684786365.074736,4.84,13.6,10.52,9.45,19.97,45.74,96.65,65.82,57.0,1.15,0.8,1.7,3.12,77,6.73,177
3045,台灣大,電子工業,4.77,197871798000.0,41482557232.70441,2.41,204835180377.31036,4.94,24.16,6.22,21.93,28.15,108.33,139.06,119.37,119.0,1.0,0.91,1.17,10.23,98,1.72,1
3044,健鼎,電子零組件業,19.45,72704288000.0,3738009665.8097687,11.82,91619774477.62286,24.51,15.89,18.47,9.28,27.75,227.45,680.15,389.44,571.0,0.68,0.4,1.19,6.1,4,53.08,139
3043,科風,電子工業,-2.67,899132000.0,0.0,0.0,725733748.384259,0.0,53.46,86.99,23.21,110.2,0.0,0.0,0.0,24.0,0.0,0.0,0.0,45.98,171,18.24,64
OtherElectronic,其他電子類指數,Index,0.0,0.0,0.0,0.0,0.0,0.0,0.0,0.0,0.0,0.0,0.0,0.0,0.0,293.98,0.0,0.0,0.0,11.2,147,58.78,135
OilGasElectricity,油電燃氣類指數,Index,0.0,0.0,0.0,0.0,0.0,0.0,0.0,0.0,0.0,0.0,0.0,0.0,0.0,77.44,0.0,0.0,0.0,1.87,3,36.62,156
Optoelectronic,光電類指數,Index,0.0,0.0,0.0,0.0,0.0,0.0,0.0,0.0,0.0,0.0,0.0,0.0,0.0,72.62,0.0,0.0,0.0,8.85,28,10.22,112
Other,其他類指數,Index,0.0,0.0,0.0,0.0,0.0,0.0,0.0,0.0,0.0,0.0,0.0,0.0,0.0,279.39,0.0,0.0,0.0,3.85,45,2.06,16
IronSteel,鋼鐵類指數,Index,0.0,0.0,0.0,0.0,0.0,0.0,0.0,0.0,0.0,0.0,0.0,0.0,0.0,117.36,0.0,0.0,0.0,0.24,3,5.42,62
PaperPulp,造紙類指數,Index,0.0,0.0,0.0,0.0,0.0,0.0,0.0,0.0,0.0,0.0,0.0,0.0,0.0,273.62,0.0,0.0,0.0,2.26,17,8.51,164
Textiles,紡織纖維類指數,Index,0.0,0.0,0.0,0.0,0.0,0.0,0.0,0.0,0.0,0.0,0.0,0.0,0.0,491.45,0.0,0.0,0.0,5.63,28,3.16,17
Rubber,橡膠類指數,Index,0.0,0.0,0.0,0.0,0.0,0.0,0.0,0.0,0.0,0.0,0.0,0.0,0.0,186.88,0.0,0.0,0.0,1.97,112,2.11,37
Semiconductor,半導體類指數,Index,0.0,0.0,0.0,0.0,0.0,0.0,0.0,0.0,0.0,0.0,0.0,0.0,0.0,1550.0,0.0,0.0,0.0,13.76,24,40.85,176
ShippingTransportation,航運業類指數,Index,0.0,0.0,0.0,0.0,0.0,0.0,0.0,0.0,0.0,0.0,0.0,0.0,0.0,183.62,0.0,0.0,0.0,8.99,175,0.0,0
TAIEX,加權指數,大盤,0.0,0.0,0.0,0.0,0.0,0.0,0.0,0.0,0.0,0.0,0.0,0.0,0.0,45877.39,0.0,0.0,0.0,8.42,24,27.86,176
Tourism,觀光事業類指數,Index,0.0,0.0,0.0,0.0,0.0,0.0,0.0,0.0,0.0,0.0,0.0,0.0,0.0,104.09,0.0,0.0,0.0,0.04,1,0.4,10
InformationService,資訊服務類指數,Index,0.0,0.0,0.0,0.0,0.0,0.0,0.0,0.0,0.0,0.0,0.0,0.0,0.0,208.52,0.0,0.0,0.0,18.11,177,5.47,114
Plastics,塑膠類指數,Index,0.0,0.0,0.0,0.0,0.0,0.0,0.0,0.0,0.0,0.0,0.0,0.0,0.0,243.63,0.0,0.0,0.0,1.4,31,60.93,169
GlassCeramic,玻璃陶瓷類指數,Index,0.0,0.0,0.0,0.0,0.0,0.0,0.0,0.0,0.0,0.0,0.0,0.0,0.0,162.27,0.0,0.0,0.0,2.82,161,109.58,175
BiotechnologyMedicalCare,生技醫療類指數,Index,0.0,0.0,0.0,0.0,0.0,0.0,0.0,0.0,0.0,0.0,0.0,0.0,0.0,82.97,0.0,0.0,0.0,9.22,30,30.39,83
FinancialInsurance,金融保險類指數,Index,0.0,0.0,0.0,0.0,0.0,0.0,0.0,0.0,0.0,0.0,0.0,0.0,0.0,3193.94,0.0,0.0,0.0,9.43,25,12.09,183
ElectronicProductsDistribution,電子通路類指數,Index,0.0,0.0,0.0,0.0,0.0,0.0,0.0,0.0,0.0,0.0,0.0,0.0,0.0,376.23,0.0,0.0,0.0,3.49,28,2.14,175
ElectronicPartsComponents,電子零組件類指數,Index,0.0,0.0,0.0,0.0,0.0,0.0,0.0,0.0,0.0,0.0,0.0,0.0,0.0,997.17,0.0,0.0,0.0,9.03,24,81.34,176
Electronic,電子類指數,Index,0.0,0.0,0.0,0.0,0.0,0.0,0.0,0.0,0.0,0.0,0.0,0.0,0.0,2955.76,0.0,0.0,0.0,10.95,24,38.72,139
ElectricMachinery,電機機械類指數,Index,0.0,0.0,0.0,0.0,0.0,0.0,0.0,0.0,0.0,0.0,0.0,0.0,0.0,557.01,0.0,0.0,0.0,4.08,17,20.55,139
ElectricalCable,電器電纜類指數,Index,0.0,0.0,0.0,0.0,0.0,0.0,0.0,0.0,0.0,0.0,0.0,0.0,0.0,110.7,0.0,0.0,0.0,0.35,1,29.79,149
ComputerPeripheralEquipment,電腦及週邊設備類指數,Index,0.0,0.0,0.0,0.0,0.0,0.0,0.0,0.0,0.0,0.0,0.0,0.0,0.0,408.73,0.0,0.0,0.0,5.5,3,21.98,135
CommunicationsInternet,通信網路類指數,Index,0.0,0.0,0.0,0.0,0.0,0.0,0.0,0.0,0.0,0.0,0.0,0.0,0.0,260.14,0.0,0.0,0.0,5.09,170,8.76,181
ChemicalBiotechnologyMedicalCare,化學生技醫療類指數,Index,0.0,0.0,0.0,0.0,0.0,0.0,0.0,0.0,0.0,0.0,0.0,0.0,0.0,154.36,0.0,0.0,0.0,6.64,30,22.59,83
Chemical,化學類指數,Index,0.0,0.0,0.0,0.0,0.0,0.0,0.0,0.0,0.0,0.0,0.0,0.0,0.0,200.24,0.0,0.0,0.0,4.94,102,9.41,76
Cement,水泥類指數,Index,0.0,0.0,0.0,0.0,0.0,0.0,0.0,0.0,0.0,0.0,0.0,0.0,0.0,124.34,0.0,0.0,0.0,3.86,17,0.0,0
BuildingMaterialConstruction,建材營造類指數,Index,0.0,0.0,0.0,0.0,0.0,0.0,0.0,0.0,0.0,0.0,0.0,0.0,0.0,481.65,0.0,0.0,0.0,15.0,45,0.92,15
Automobile,汽車類指數,Index,0.0,0.0,0.0,0.0,0.0,0.0,0.0,0.0,0.0,0.0,0.0,0.0,0.0,296.22,0.0,0.0,0.0,1.87,3,0.64,87
TPEx,櫃買指數,大盤,0.0,0.0,0.0,0.0,0.0,0.0,0.0,0.0,0.0,0.0,0.0,0.0,0.0,433.34,0.0,0.0,0.0,5.11,24,15.1,97
Food,食品類指數,Index,0.0,0.0,0.0,0.0,0.0,0.0,0.0,0.0,0.0,0.0,0.0,0.0,0.0,1948.54,0.0,0.0,0.0,6.02,36,6.37,34
TradingConsumersGoods,貿易百貨類指數,Index,0.0,0.0,0.0,0.0,0.0,0.0,0.0,0.0,0.0,0.0,0.0,0.0,0.0,241.19,0.0,0.0,0.0,8.07,100,1.14,17
