代號,名稱,產業別,前一年_EPS,前一年營收_e,轉換數據EPS_1,本年度累積營收換算EPS,推估本年度營收,推估本年度EPS,平均前2年本益比,前2年本益比最高最低差,前2年最低本益比,前2年最高本益比,用本年度推估EPS換算股價最低值,用本年度推估EPS換算股價最高值,用本年度推估EPS換算股價平均值,今日股價,報酬,風險,加成,前兩年往後6月最高漲幅_%,前兩年往後6月達最高花費天數,前一年往後6月最高漲幅_%,前一年往後6月達最高花費天數
5450,寶聯通,電腦及週邊設備業,0.22,2421173000.0,11005331818.181818,0.14,2617305738.1492567,0.24,34.11,71.26,11.11,82.37,2.67,19.77,8.19,15.5,0.53,0.17,1.28,0.0,0,8.57,166
5481,新華,電子零組件業,-0.65,97157000.0,0.0,0.0,88559190.99496906,0.0,0.0,0.0,0.0,0.0,0.0,0.0,0.0,20.85,0.0,0.0,0.0,128.19,175,6.35,111
3629,地心引力,光電業,-0.65,4873000.0,0.0,0.0,2087751243.2432432,0.0,0.0,0.0,0.0,0.0,0.0,0.0,0.0,14.05,0.0,0.0,0.0,26.35,35,0.0,0
3687,歐買尬,文化創意業,4.68,1807323000.0,386180128.20512825,3.03,2054871587.7828898,5.32,30.48,40.79,13.34,54.13,70.97,287.97,162.18,73.0,2.22,0.97,3.94,25.76,105,7.87,99
6238,勝麗,其他電子類,0.0,0.0,0.0,0.0,0.0,0.0,0.0,0.0,0.0,0.0,0.0,0.0,0.0,0.0,0.0,0.0,0.0,0.0,0,0.0,0
00835B,第一金科技債10+,上櫃指數股票型基金(ETF),0.0,0.0,0.0,0.0,0.0,0.0,0.0,0.0,0.0,0.0,0.0,0.0,0.0,0.0,0.0,0.0,0.0,0.0,0,0.0,0
00837B,永豐15年金融債,上櫃指數股票型基金(ETF),0.0,0.0,0.0,0.0,0.0,0.0,0.0,0.0,0.0,0.0,0.0,0.0,0.0,0.0,0.0,0.0,0.0,0.0,0,0.0,0
00798B,國泰中企A級債7+,上櫃指數股票型基金(ETF),0.0,0.0,0.0,0.0,0.0,0.0,0.0,0.0,0.0,0.0,0.0,0.0,0.0,0.0,0.0,0.0,0.0,0.0,0,0.0,0
6497,亞獅康-KY,生技醫療業,0.0,0.0,0.0,0.0,0.0,0.0,0.0,0.0,0.0,0.0,0.0,0.0,0.0,0.0,0.0,0.0,0.0,0.0,0,0.0,0
5349,先豐,電子零組件業,0.0,0.0,0.0,0.0,0.0,0.0,0.0,0.0,0.0,0.0,0.0,0.0,0.0,0.0,0.0,0.0,0.0,0.0,0,0.0,0
01005T,三鼎,受益證券,0.0,0.0,0.0,0.0,0.0,0.0,0.0,0.0,0.0,0.0,0.0,0.0,0.0,0.0,0.0,0.0,0.0,0.0,0,0.0,0
01004T,土銀富邦R2,受益證券,0.0,0.0,0.0,0.0,0.0,0.0,0.0,0.0,0.0,0.0,0.0,0.0,0.0,10.3,0.0,0.0,0.0,0.0,0,0.0,0
01009T,王道圓滿R1,受益證券,0.0,0.0,0.0,0.0,0.0,0.0,0.0,0.0,0.0,0.0,0.0,0.0,0.0,5.7,0.0,0.0,0.0,0.0,0,1.54,50
01003T,兆豐新光R1,受益證券,0.0,0.0,0.0,0.0,0.0,0.0,0.0,0.0,0.0,0.0,0.0,0.0,0.0,14.79,0.0,0.0,0.0,3.79,2,3.79,2
01001T,土銀富邦R1,受益證券,0.0,0.0,0.0,0.0,0.0,0.0,0.0,0.0,0.0,0.0,0.0,0.0,0.0,11.44,0.0,0.0,0.0,1.99,42,0.0,0
01002T,土銀國泰R1,受益證券,0.0,0.0,0.0,0.0,0.0,0.0,0.0,0.0,0.0,0.0,0.0,0.0,0.0,13.7,0.0,0.0,0.0,0.36,1,0.0,0
01007T,兆豐國泰R2,受益證券,0.0,0.0,0.0,0.0,0.0,0.0,0.0,0.0,0.0,0.0,0.0,0.0,0.0,12.3,0.0,0.0,0.0,0.3,1,0.0,0
01008T,駿馬R1,受益證券,0.0,0.0,0.0,0.0,0.0,0.0,0.0,0.0,0.0,0.0,0.0,0.0,0.0,0.0,0.0,0.0,0.0,0.0,0,0.0,0
710553,穩懋統一9B購03,所有證券,0.0,0.0,0.0,0.0,0.0,0.0,0.0,0.0,0.0,0.0,0.0,0.0,0.0,0.85,0.0,0.0,0.0,0.0,0,0.0,0
711140,旺矽凱基9B購01,所有證券,0.0,0.0,0.0,0.0,0.0,0.0,0.0,0.0,0.0,0.0,0.0,0.0,0.0,0.0,0.0,0.0,0.0,0.0,0,0.0,0
710560,宏捷科元大9B購02,所有證券,0.0,0.0,0.0,0.0,0.0,0.0,0.0,0.0,0.0,0.0,0.0,0.0,0.0,0.86,0.0,0.0,0.0,0.0,0,0.0,0
711139,中美晶凱基9B購02,所有證券,0.0,0.0,0.0,0.0,0.0,0.0,0.0,0.0,0.0,0.0,0.0,0.0,0.0,1.64,0.0,0.0,0.0,0.0,0,0.0,0
711137,胡連群益9B購01,所有證券,0.0,0.0,0.0,0.0,0.0,0.0,0.0,0.0,0.0,0.0,0.0,0.0,0.0,1.44,0.0,0.0,0.0,0.0,0,0.0,0
711135,元太群益9B購01,所有證券,0.0,0.0,0.0,0.0,0.0,0.0,0.0,0.0,0.0,0.0,0.0,0.0,0.0,0.0,0.0,0.0,0.0,0.0,0,0.0,0
711127,頎邦元大9B購03,所有證券,0.0,0.0,0.0,0.0,0.0,0.0,0.0,0.0,0.0,0.0,0.0,0.0,0.0,0.0,0.0,0.0,0.0,0.0,0,0.0,0
711134,中美晶群益9B購03,所有證券,0.0,0.0,0.0,0.0,0.0,0.0,0.0,0.0,0.0,0.0,0.0,0.0,0.0,0.0,0.0,0.0,0.0,0.0,0,0.0,0
710561,威剛元大9B購02,所有證券,0.0,0.0,0.0,0.0,0.0,0.0,0.0,0.0,0.0,0.0,0.0,0.0,0.0,0.87,0.0,0.0,0.0,0.0,0,0.0,0
710566,碩禾元大9B購01,所有證券,0.0,0.0,0.0,0.0,0.0,0.0,0.0,0.0,0.0,0.0,0.0,0.0,0.0,1.68,0.0,0.0,0.0,203.47,184,0.0,0
710569,中美晶富邦9B購04,所有證券,0.0,0.0,0.0,0.0,0.0,0.0,0.0,0.0,0.0,0.0,0.0,0.0,0.0,1.1,0.0,0.0,0.0,0.0,0,0.0,0
710575,環球晶中信9B購01,所有證券,0.0,0.0,0.0,0.0,0.0,0.0,0.0,0.0,0.0,0.0,0.0,0.0,0.0,0.0,0.0,0.0,0.0,0.0,0,0.0,0
710534,鈺太元大9B購01,所有證券,0.0,0.0,0.0,0.0,0.0,0.0,0.0,0.0,0.0,0.0,0.0,0.0,0.0,1.64,0.0,0.0,0.0,19.51,4,19.51,4
711126,聯亞元大9B購05,所有證券,0.0,0.0,0.0,0.0,0.0,0.0,0.0,0.0,0.0,0.0,0.0,0.0,0.0,0.0,0.0,0.0,0.0,0.0,0,0.0,0
711131,胡連永豐9B購01,所有證券,0.0,0.0,0.0,0.0,0.0,0.0,0.0,0.0,0.0,0.0,0.0,0.0,0.0,1.4,0.0,0.0,0.0,0.0,0,0.0,0
711133,寶雅永豐9B購01,所有證券,0.0,0.0,0.0,0.0,0.0,0.0,0.0,0.0,0.0,0.0,0.0,0.0,0.0,0.0,0.0,0.0,0.0,0.0,0,0.0,0
710590,鈺太凱基9B購01,所有證券,0.0,0.0,0.0,0.0,0.0,0.0,0.0,0.0,0.0,0.0,0.0,0.0,0.0,1.75,0.0,0.0,0.0,95.69,12,95.69,12
710510,群聯凱基9B購03,所有證券,0.0,0.0,0.0,0.0,0.0,0.0,0.0,0.0,0.0,0.0,0.0,0.0,0.0,0.81,0.0,0.0,0.0,0.0,0,0.0,0
710516,宇峻永豐9B購01,所有證券,0.0,0.0,0.0,0.0,0.0,0.0,0.0,0.0,0.0,0.0,0.0,0.0,0.0,0.0,0.0,0.0,0.0,0.0,0,0.0,0
708785,信驊中信9B購01,所有證券,0.0,0.0,0.0,0.0,0.0,0.0,0.0,0.0,0.0,0.0,0.0,0.0,0.0,0.29,0.0,0.0,0.0,0.0,0,0.0,0
709403,雙美國票9B購01,所有證券,0.0,0.0,0.0,0.0,0.0,0.0,0.0,0.0,0.0,0.0,0.0,0.0,0.0,0.4,0.0,0.0,0.0,0.0,0,0.0,0
709966,金居群益9B購01,所有證券,0.0,0.0,0.0,0.0,0.0,0.0,0.0,0.0,0.0,0.0,0.0,0.0,0.0,0.57,0.0,0.0,0.0,0.0,0,0.0,0
709972,旺矽元大9B購01,所有證券,0.0,0.0,0.0,0.0,0.0,0.0,0.0,0.0,0.0,0.0,0.0,0.0,0.0,1.81,0.0,0.0,0.0,0.0,0,0.0,0
709983,群聯日盛9B購01,所有證券,0.0,0.0,0.0,0.0,0.0,0.0,0.0,0.0,0.0,0.0,0.0,0.0,0.0,0.65,0.0,0.0,0.0,14.73,5,14.73,5
710533,鈊象元大9B購04,所有證券,0.0,0.0,0.0,0.0,0.0,0.0,0.0,0.0,0.0,0.0,0.0,0.0,0.0,0.58,0.0,0.0,0.0,0.0,0,0.0,0
73193P,神盾元大9B售04,所有證券,0.0,0.0,0.0,0.0,0.0,0.0,0.0,0.0,0.0,0.0,0.0,0.0,0.0,0.0,0.0,0.0,0.0,0.0,0,0.0,0
73107P,原相國票9B售02,所有證券,0.0,0.0,0.0,0.0,0.0,0.0,0.0,0.0,0.0,0.0,0.0,0.0,0.0,0.0,0.0,0.0,0.0,0.0,0,0.0,0
711145,環球晶國票9B購02,所有證券,0.0,0.0,0.0,0.0,0.0,0.0,0.0,0.0,0.0,0.0,0.0,0.0,0.0,0.0,0.0,0.0,0.0,0.0,0,0.0,0
711141,胡連凱基9B購01,所有證券,0.0,0.0,0.0,0.0,0.0,0.0,0.0,0.0,0.0,0.0,0.0,0.0,0.0,1.74,0.0,0.0,0.0,0.0,0,0.0,0
709985,大江富邦9B購02,所有證券,0.0,0.0,0.0,0.0,0.0,0.0,0.0,0.0,0.0,0.0,0.0,0.0,0.0,1.25,0.0,0.0,0.0,0.0,0,0.0,0
711132,僑威永豐9B購01,所有證券,0.0,0.0,0.0,0.0,0.0,0.0,0.0,0.0,0.0,0.0,0.0,0.0,0.0,0.7,0.0,0.0,0.0,0.0,0,0.0,0
710499,網家國泰9B購01,所有證券,0.0,0.0,0.0,0.0,0.0,0.0,0.0,0.0,0.0,0.0,0.0,0.0,0.0,1.12,0.0,0.0,0.0,0.0,0,0.0,0
710502,泰博元大9B購01,所有證券,0.0,0.0,0.0,0.0,0.0,0.0,0.0,0.0,0.0,0.0,0.0,0.0,0.0,1.37,0.0,0.0,0.0,0.0,0,5.7,1
710505,泰博富邦9B購01,所有證券,0.0,0.0,0.0,0.0,0.0,0.0,0.0,0.0,0.0,0.0,0.0,0.0,0.0,1.6,0.0,0.0,0.0,0.0,0,0.0,0
709994,中美晶元大9B購01,所有證券,0.0,0.0,0.0,0.0,0.0,0.0,0.0,0.0,0.0,0.0,0.0,0.0,0.0,0.72,0.0,0.0,0.0,0.0,0,0.0,0
710509,建榮凱基9B購01,所有證券,0.0,0.0,0.0,0.0,0.0,0.0,0.0,0.0,0.0,0.0,0.0,0.0,0.0,1.8,0.0,0.0,0.0,0.0,0,0.0,0
8934,衡平,其他,0.0,0.0,0.0,0.0,0.0,0.0,0.0,0.0,0.0,0.0,0.0,0.0,0.0,0.0,0.0,0.0,0.0,0.0,0,0.0,0
5304,鼎創達,電腦及週邊設備業,0.0,0.0,0.0,0.0,0.0,0.0,0.0,0.0,0.0,0.0,0.0,0.0,0.0,0.0,0.0,0.0,0.0,0.0,0,0.0,0
00833B,第一金美債20+,上櫃指數股票型基金(ETF),0.0,0.0,0.0,0.0,0.0,0.0,0.0,0.0,0.0,0.0,0.0,0.0,0.0,0.0,0.0,0.0,0.0,0.0,0,0.0,0
00854B,富邦全球保險債,上櫃指數股票型基金(ETF),0.0,0.0,0.0,0.0,0.0,0.0,0.0,0.0,0.0,0.0,0.0,0.0,0.0,0.0,0.0,0.0,0.0,0.0,0,0.0,0
00855B,富邦全球能源債,上櫃指數股票型基金(ETF),0.0,0.0,0.0,0.0,0.0,0.0,0.0,0.0,0.0,0.0,0.0,0.0,0.0,0.0,0.0,0.0,0.0,0.0,0,0.0,0
6438,迅得,其他電子類,5.26,6375307000.0,1212035551.3307986,3.42,7322816559.470971,6.04,26.28,36.21,11.32,47.53,68.37,287.08,158.73,154.5,1.03,0.44,1.86,80.0,132,33.87,44
00873B,凱基新興債1-5,上櫃指數股票型基金(ETF),0.0,0.0,0.0,0.0,0.0,0.0,0.0,0.0,0.0,0.0,0.0,0.0,0.0,0.0,0.0,0.0,0.0,0.0,0,0.0,0
00874B,凱基BBB公司債15+,上櫃指數股票型基金(ETF),0.0,0.0,0.0,0.0,0.0,0.0,0.0,0.0,0.0,0.0,0.0,0.0,0.0,0.0,0.0,0.0,0.0,0.0,0,0.0,0
00871B,元大中國政金債,上櫃指數股票型基金(ETF),0.0,0.0,0.0,0.0,0.0,0.0,0.0,0.0,0.0,0.0,0.0,0.0,0.0,0.0,0.0,0.0,0.0,0.0,0,0.0,0
6426,統新,通信網路業,-0.78,477475000.0,0.0,0.0,781724626.1603646,0.0,425.11,483.48,71.33,554.81,0.0,0.0,0.0,171.0,0.0,0.0,0.0,59.56,143,40.42,152
00868B,FT1-3年美公債,上櫃指數股票型基金(ETF),0.0,0.0,0.0,0.0,0.0,0.0,0.0,0.0,0.0,0.0,0.0,0.0,0.0,0.0,0.0,0.0,0.0,0.0,0,0.0,0
3092,鴻碩,電子零組件業,-5.14,1651362000.0,0.0,0.0,1556417082.631826,0.0,2535.0,0.0,2535.0,2535.0,0.0,0.0,0.0,25.4,0.0,0.0,0.0,6.89,108,67.9,181
2241,艾姆勒,電機機械,-0.7,741604000.0,0.0,0.0,1115335527.6675386,0.0,0.0,0.0,0.0,0.0,0.0,0.0,0.0,38.95,0.0,0.0,0.0,3.01,1,64.72,141
3669,圓展,光電業,1.13,2426628000.0,2147458407.079646,0.79,2871345667.82823,1.34,32.99,71.17,8.93,80.1,11.97,107.33,44.21,35.3,1.25,0.34,3.04,0.58,1,27.66,181
1456,怡華,紡織纖維,3.41,862187000.0,252840762.46334308,1.85,679233405.2237233,2.69,13.52,109.33,3.62,112.95,9.74,303.84,36.38,13.95,2.61,0.7,21.78,25.82,15,12.5,133
1453,大將,紡織纖維,0.03,1464000.0,48800000.0,0.02,1499790.454016298,0.03,176.71,863.65,21.35,885.0,0.64,26.55,5.3,11.3,0.47,0.06,2.35,1.69,15,7.98,51
6165,浪凡,電子工業,4.02,3185601000.0,792438059.7014927,2.53,3486713726.686796,4.4,28.82,49.42,10.68,60.1,46.99,264.44,126.79,50.9,2.49,0.92,5.2,34.93,104,11.38,47
2459,敦吉,電子通路業,5.17,4840007000.0,936171566.7311412,3.24,5373444956.856092,5.74,12.17,3.44,10.12,13.56,58.09,77.83,69.88,67.2,1.04,0.86,1.16,2.21,16,15.48,183
2614,東森,貿易百貨,2.05,5498233000.0,2682064878.048781,1.13,5249256834.302113,1.96,11.31,8.78,8.82,17.6,17.29,34.5,22.18,18.5,1.2,0.93,1.86,5.92,16,51.6,156
2429,銘旺科,電子零組件業,-1.41,469482000.0,0.0,0.0,507394393.703675,0.0,0.0,0.0,0.0,0.0,0.0,0.0,0.0,47.25,0.0,0.0,0.0,6.3,16,135.94,56
8499,鼎炫-KY,其他,10.13,2741866000.0,270667917.0779862,8.56,5109219417.221142,18.88,20.39,29.26,7.49,36.75,141.41,693.84,385.03,292.0,1.32,0.48,2.38,2.9,42,54.86,161
3450,聯鈞,其他電子業,5.01,8617529000.0,1720065668.6626747,3.4,9289700612.163235,5.4,174.85,2448.14,18.53,2466.67,100.06,13320.02,944.18,480.0,1.97,0.21,27.75,125.98,184,43.78,78
1443,立益,紡織纖維,1.14,987864000.0,866547368.4210527,0.63,911283965.5085788,1.05,24.01,33.53,7.67,41.2,8.05,43.26,25.21,27.0,0.93,0.3,1.6,12.7,36,1.12,2
3685,元創精密,光電業,-1.02,1141579000.0,0.0,0.0,1634721540.4604907,0.0,0.0,0.0,0.0,0.0,0.0,0.0,0.0,39.6,0.0,0.0,0.0,4.39,69,303.08,97
8489,三貝德,文化創意業,-0.76,1374206000.0,0.0,0.0,2199086056.3640904,0.0,0.0,0.0,0.0,0.0,0.0,0.0,0.0,24.15,0.0,0.0,0.0,32.9,168,3.4,93
5345,天揚,電子零組件業,-0.33,18681000.0,0.0,0.0,124004145.40059346,0.0,0.0,0.0,0.0,0.0,0.0,0.0,0.0,20.4,0.0,0.0,0.0,52.26,35,26.64,54
8354,冠好,塑膠工業,0.13,644280000.0,4956000000.0,0.08,669653736.8007452,0.14,29.07,127.01,8.7,135.71,1.22,19.0,4.07,16.35,0.25,0.07,1.16,14.71,44,12.62,140
020017,永豐富櫃200N,指數投資證券(ETN),0.0,0.0,0.0,0.0,0.0,0.0,0.0,0.0,0.0,0.0,0.0,0.0,0.0,0.0,0.0,0.0,0.0,0.0,0,0.0,0
5604,中連貨,航運業,0.85,159165000.0,187252941.1764706,0.51,164461126.83307502,0.88,29.42,37.5,14.4,51.9,12.67,45.67,25.89,30.7,0.84,0.41,1.49,2.95,36,3.77,121
3313,斐成,電子零組件業,-0.34,8779000.0,0.0,0.0,189986564.10256413,0.0,12.54,5.65,10.22,15.87,0.0,0.0,0.0,12.0,0.0,0.0,0.0,4.09,2,43.96,72
3219,倚強股份,半導體業,1.52,1628708000.0,1071518421.0526316,1.2,2348653462.7933917,2.19,84.16,184.76,33.1,217.86,72.49,477.11,184.31,72.3,2.55,1.0,6.6,4.99,119,122.56,56
6275,元山,其他電子類,2.81,4249900000.0,1512419928.8256228,1.66,4346729747.701451,2.87,15.26,11.1,10.77,21.87,30.91,62.77,43.8,47.2,0.93,0.65,1.33,0.0,0,27.5,159
6506,雙邦,化學工業,1.05,1861486000.0,1772843809.5238094,0.72,2065898672.792856,1.17,24.08,65.72,15.19,80.91,17.77,94.66,28.18,18.2,1.55,0.98,5.2,19.1,69,0.62,2
00839B,凱基醫療保健債,上櫃指數股票型基金(ETF),0.0,0.0,0.0,0.0,0.0,0.0,0.0,0.0,0.0,0.0,0.0,0.0,0.0,0.0,0.0,0.0,0.0,0.0,0,0.0,0
00869B,FT10-25年公司債,上櫃指數股票型基金(ETF),0.0,0.0,0.0,0.0,0.0,0.0,0.0,0.0,0.0,0.0,0.0,0.0,0.0,0.0,0.0,0.0,0.0,0.0,0,0.0,0
00832B,新光美債20+,上櫃指數股票型基金(ETF),0.0,0.0,0.0,0.0,0.0,0.0,0.0,0.0,0.0,0.0,0.0,0.0,0.0,0.0,0.0,0.0,0.0,0.0,0,0.0,0
4152,台微體,生技醫療業,0.0,0.0,0.0,0.0,0.0,0.0,0.0,0.0,0.0,0.0,0.0,0.0,0.0,0.0,0.0,0.0,0.0,0.0,0,0.0,0
00872B,凱基美債1-3,上櫃指數股票型基金(ETF),0.0,0.0,0.0,0.0,0.0,0.0,0.0,0.0,0.0,0.0,0.0,0.0,0.0,0.0,0.0,0.0,0.0,0.0,0,0.0,0
00879B,第一金美債0-1,上櫃指數股票型基金(ETF),0.0,0.0,0.0,0.0,0.0,0.0,0.0,0.0,0.0,0.0,0.0,0.0,0.0,0.0,0.0,0.0,0.0,0.0,0,0.0,0
00880B,第一金電信債15+,上櫃指數股票型基金(ETF),0.0,0.0,0.0,0.0,0.0,0.0,0.0,0.0,0.0,0.0,0.0,0.0,0.0,0.0,0.0,0.0,0.0,0.0,0,0.0,0
2928,紅馬-KY,觀光事業,0.0,0.0,0.0,0.0,0.0,0.0,0.0,0.0,0.0,0.0,0.0,0.0,0.0,0.0,0.0,0.0,0.0,0.0,0,0.0,0
3144,新揚科,電子零組件業,0.0,0.0,0.0,0.0,0.0,0.0,0.0,0.0,0.0,0.0,0.0,0.0,0.0,0.0,0.0,0.0,0.0,0.0,0,0.0,0
4803,VHQ-KY,文化創意業,0.0,0.0,0.0,0.0,0.0,0.0,0.0,0.0,0.0,0.0,0.0,0.0,0.0,0.0,0.0,0.0,0.0,0.0,0,0.0,0
020021,統一恒生科技N,指數投資證券(ETN),0.0,0.0,0.0,0.0,0.0,0.0,0.0,0.0,0.0,0.0,0.0,0.0,0.0,0.0,0.0,0.0,0.0,0.0,0,0.0,0
8406,金可-KY,生技醫療業,0.0,0.0,0.0,0.0,0.0,0.0,0.0,0.0,0.0,0.0,0.0,0.0,0.0,0.0,0.0,0.0,0.0,0.0,0,0.0,0
020003,統一漲升股利150N,指數投資證券(ETN),0.0,0.0,0.0,0.0,0.0,0.0,0.0,0.0,0.0,0.0,0.0,0.0,0.0,0.0,0.0,0.0,0.0,0.0,0,0.0,0
020009,群益A50綠碳N,指數投資證券(ETN),0.0,0.0,0.0,0.0,0.0,0.0,0.0,0.0,0.0,0.0,0.0,0.0,0.0,0.0,0.0,0.0,0.0,0.0,0,0.0,0
4429,聚紡,紡織纖維,0.0,0.0,0.0,0.0,0.0,0.0,0.0,0.0,0.0,0.0,0.0,0.0,0.0,0.0,0.0,0.0,0.0,0.0,0,0.0,0
6431,光麗-KY,光電業,-2.07,382162000.0,0.0,0.0,359402250.0229043,0.0,0.0,0.0,0.0,0.0,0.0,0.0,0.0,18.0,0.0,0.0,0.0,48.87,69,101.94,148
2495,普安,其他電子業,1.12,1184814000.0,1057869642.8571428,0.85,1584810380.4882832,1.5,23.88,38.51,9.1,47.61,13.65,71.41,35.82,42.6,0.84,0.32,1.68,11.73,100,46.7,175
2340,台亞,光電業,-2.87,4370938000.0,0.0,0.0,4373123399.552467,0.0,447.65,544.88,26.55,571.43,0.0,0.0,0.0,34.9,0.0,0.0,0.0,2.36,1,59.2,64
00838B,永豐7-10年中國債,上櫃指數股票型基金(ETF),0.0,0.0,0.0,0.0,0.0,0.0,0.0,0.0,0.0,0.0,0.0,0.0,0.0,0.0,0.0,0.0,0.0,0.0,0,0.0,0
8080,永利聯合,電子零組件業,0.11,180322000.0,1639290909.090909,0.05,117711038.61062424,0.07,421.44,1341.15,108.85,1450.0,7.62,101.5,29.5,27.35,1.08,0.28,3.71,153.78,150,59.17,183
5209,新鼎,資訊服務業,16.17,5243355000.0,324264378.47866416,7.24,4255227503.5015264,13.12,11.76,6.06,8.67,14.73,113.75,193.26,154.23,157.0,0.98,0.72,1.23,2.4,45,59.23,112
5321,美而快,電子零組件業,-0.28,2921237000.0,0.0,0.0,2253146956.9198217,0.0,363.64,2302.06,37.94,2340.0,0.0,0.0,0.0,57.6,0.0,0.0,0.0,2.75,55,2.73,70
3512,皇龍,電子零組件業,2.56,1531395000.0,598201171.875,0.67,622054015.326443,1.04,18.16,42.19,6.34,48.53,6.59,50.47,18.89,19.7,0.96,0.33,2.56,1.45,1,0.0,0
00889B,凱基ESG新興債15+,上櫃指數股票型基金(ETF),0.0,0.0,0.0,0.0,0.0,0.0,0.0,0.0,0.0,0.0,0.0,0.0,0.0,0.0,0.0,0.0,0.0,0.0,0,0.0,0
5102,富強,橡膠工業,0.0,0.0,0.0,0.0,0.0,0.0,0.0,0.0,0.0,0.0,0.0,0.0,0.0,0.0,0.0,0.0,0.0,0.0,0,0.0,0
00843B,台新中國政策債,上櫃指數股票型基金(ETF),0.0,0.0,0.0,0.0,0.0,0.0,0.0,0.0,0.0,0.0,0.0,0.0,0.0,0.0,0.0,0.0,0.0,0.0,0,0.0,0
00796B,中信中國債7-10,上櫃指數股票型基金(ETF),0.0,0.0,0.0,0.0,0.0,0.0,0.0,0.0,0.0,0.0,0.0,0.0,0.0,0.0,0.0,0.0,0.0,0.0,0,0.0,0
3652,精聯,電腦及週邊設備業,1.34,2479109000.0,1850081343.283582,0.86,2770858480.5358763,1.5,32.17,64.84,17.97,82.81,26.96,124.22,48.25,30.8,1.57,0.88,4.03,10.04,37,0.76,2
020010,永昌富櫃200N,指數投資證券(ETN),0.0,0.0,0.0,0.0,0.0,0.0,0.0,0.0,0.0,0.0,0.0,0.0,0.0,0.0,0.0,0.0,0.0,0.0,0,0.0,0
5820,日盛金,金融業,0.0,0.0,0.0,0.0,0.0,0.0,0.0,0.0,0.0,0.0,0.0,0.0,0.0,0.0,0.0,0.0,0.0,0.0,0,0.0,0
3642,駿熠電,其他電子類,0.0,0.0,0.0,0.0,0.0,0.0,0.0,0.0,0.0,0.0,0.0,0.0,0.0,0.0,0.0,0.0,0.0,0.0,0,0.0,0
00745B,富邦中政債0-1,上櫃指數股票型基金(ETF),0.0,0.0,0.0,0.0,0.0,0.0,0.0,0.0,0.0,0.0,0.0,0.0,0.0,0.0,0.0,0.0,0.0,0.0,0,0.0,0
020013,元富亞洲高股息N,指數投資證券(ETN),0.0,0.0,0.0,0.0,0.0,0.0,0.0,0.0,0.0,0.0,0.0,0.0,0.0,0.0,0.0,0.0,0.0,0.0,0,0.0,0
02003L,永豐富櫃200正2N,指數投資證券(ETN),0.0,0.0,0.0,0.0,0.0,0.0,0.0,0.0,0.0,0.0,0.0,0.0,0.0,0.0,0.0,0.0,0.0,0.0,0,0.0,0
00747B,FH中國政策債,上櫃指數股票型基金(ETF),0.0,0.0,0.0,0.0,0.0,0.0,0.0,0.0,0.0,0.0,0.0,0.0,0.0,0.0,0.0,0.0,0.0,0.0,0,0.0,0
020014,元大富櫃200N,指數投資證券(ETN),0.0,0.0,0.0,0.0,0.0,0.0,0.0,0.0,0.0,0.0,0.0,0.0,0.0,0.0,0.0,0.0,0.0,0.0,0,0.0,0
6247,淇譽電,其他電子類,0.0,0.0,0.0,0.0,0.0,0.0,0.0,0.0,0.0,0.0,0.0,0.0,0.0,0.0,0.0,0.0,0.0,0.0,0,0.0,0
00748B,凱基中國債3-10,上櫃指數股票型基金(ETF),0.0,0.0,0.0,0.0,0.0,0.0,0.0,0.0,0.0,0.0,0.0,0.0,0.0,0.0,0.0,0.0,0.0,0.0,0,0.0,0
6869,雲豹能源-創,創新板股票,-4.2,6926950000.0,0.0,0.0,7701181793.293124,0.0,34.36,84.41,10.17,94.58,0.0,0.0,0.0,69.9,0.0,0.0,0.0,26.44,6,0.33,1
6873,泓德能源-創,創新板股票,3.67,9040441000.0,2463335422.343324,1.95,8253034652.856342,3.35,22.78,28.15,11.11,39.26,37.22,131.52,76.33,86.8,0.88,0.43,1.52,11.72,6,2.81,9
6594,展匯科,半導體業,0.0,0.0,0.0,0.0,0.0,0.0,0.0,0.0,0.0,0.0,0.0,0.0,0.0,0.0,0.0,0.0,0.0,0.0,0,0.0,0
2432,倚天,通信網路業,1.9,3191297000.0,1679630000.0,1.58,4711673346.129067,2.81,15.92,7.29,12.92,20.21,36.31,56.79,44.73,28.55,1.57,1.27,1.99,0.67,1,0.18,93
00765B,群益中國政金債,上櫃指數股票型基金(ETF),0.0,0.0,0.0,0.0,0.0,0.0,0.0,0.0,0.0,0.0,0.0,0.0,0.0,0.0,0.0,0.0,0.0,0.0,0,0.0,0
1258,其祥-KY,食品工業,0.0,0.0,0.0,0.0,0.0,0.0,0.0,0.0,0.0,0.0,0.0,0.0,0.0,0.0,0.0,0.0,0.0,0.0,0,0.0,0
8433,弘帆,貿易百貨,3.18,3398355000.0,1068665094.3396226,2.04,3925648038.638507,3.67,12.24,13.76,6.27,20.03,23.01,73.51,44.93,55.5,0.81,0.41,1.32,0.0,0,11.27,20
2727,王品,觀光事業,16.01,23220546000.0,1450377638.97564,10.29,25866004800.461147,17.83,14.4,3.94,11.8,15.74,210.39,280.64,256.75,215.0,1.19,0.98,1.31,12.53,114,0.0,0
3522,御頂,觀光事業,-2.66,1143962000.0,0.0,0.0,1231612872.3788273,0.0,0.0,0.0,0.0,0.0,0.0,0.0,0.0,13.15,0.0,0.0,0.0,81.01,42,42.8,167
2724,富驛-KY,觀光事業,-0.21,159698000.0,0.0,0.0,209721565.1312531,0.0,9.05,9.78,4.97,14.75,0.0,0.0,0.0,10.65,0.0,0.0,0.0,7.03,16,0.0,0
2726,雅茗-KY,觀光事業,-3.56,570200000.0,0.0,0.0,527208230.1325625,0.0,31.49,141.89,4.2,146.09,0.0,0.0,0.0,9.08,0.0,0.0,0.0,6.33,13,4.47,9
2719,燦星旅,觀光事業,-0.15,1982797000.0,0.0,0.0,1572116054.1501536,0.0,29.15,46.97,11.59,58.56,0.0,0.0,0.0,26.1,0.0,0.0,0.0,0.17,2,0.12,1
2723,美食-KY,觀光事業,-2.47,18376224000.0,0.0,0.0,15993132555.262552,0.0,29.75,31.52,15.15,46.67,0.0,0.0,0.0,65.3,0.0,0.0,0.0,16.59,154,1.7,5
2722,夏都,觀光事業,-0.49,571971000.0,0.0,0.0,551928818.3563051,0.0,440.19,1669.86,55.14,1725.0,0.0,0.0,0.0,22.45,0.0,0.0,0.0,0.38,1,1.82,96
2729,瓦城,觀光事業,7.16,6114633000.0,853999022.3463687,4.43,6504959111.808852,7.62,22.65,8.74,18.71,27.45,142.57,209.17,172.62,157.0,1.1,0.91,1.33,0.0,0,1.45,12
2947,振宇五金,貿易百貨,3.29,2297483000.0,698323100.3039514,1.99,2439902703.8247914,3.49,25.5,11.58,22.25,33.83,77.65,118.07,89.0,68.6,1.3,1.13,1.72,0.0,0,0.0,0
2718,晶悅,觀光事業,16.94,2992167000.0,176633234.9468713,1.48,432223505.4518522,2.45,7.45,47.15,1.24,48.39,3.04,118.56,18.24,48.15,0.38,0.06,2.46,8.43,29,21.3,119
8472,夠麻吉,電子商務業,-1.3,487533000.0,0.0,0.0,574459192.6798947,0.0,0.0,0.0,0.0,0.0,0.0,0.0,0.0,79.0,0.0,0.0,0.0,11.23,3,157.56,36
2712,遠雄來,觀光事業,-0.39,533043000.0,0.0,0.0,557059259.3201894,0.0,118.75,18.33,106.88,125.21,0.0,0.0,0.0,15.0,0.0,0.0,0.0,1.52,1,3.65,41
2707,晶華,觀光事業,11.42,6817181000.0,596951050.7880911,7.2,7134859440.40464,11.95,17.43,10.93,9.55,20.48,114.12,244.74,208.24,179.5,1.16,0.64,1.36,1.43,1,4.63,56
6195,詩肯,貿易百貨,0.99,2207685000.0,2229984848.4848485,0.67,2494701856.461206,1.12,20.46,14.91,13.13,28.04,14.71,31.4,22.92,26.4,0.87,0.56,1.19,1.1,10,0.0,0
9943,好樂迪,觀光事業,5.4,2431559000.0,450288703.7037037,3.07,2273965019.253453,5.05,17.0,270.77,13.44,284.21,67.87,1435.26,85.84,53.1,1.62,1.28,27.03,1.34,73,0.14,2
5278,尚凡,電子商務業,1.05,2602370000.0,2478447619.047619,0.66,3050523845.007739,1.23,43.6,412.05,17.28,429.33,21.25,528.08,53.63,24.75,2.17,0.86,21.34,28.29,133,6.06,20
2732,六角,觀光事業,1.08,4231906000.0,3918431481.481481,0.78,5636607217.73314,1.44,37.08,70.48,15.43,85.91,22.22,123.71,53.4,65.0,0.82,0.34,1.9,0.0,0,2.73,84
2756,聯發國際,觀光事業,3.93,1122844000.0,285710941.475827,2.53,1437215002.9726188,5.03,31.46,44.12,14.87,58.99,74.8,296.72,158.26,59.7,2.65,1.25,4.97,0.0,0,7.56,2
2755,揚秦,觀光事業,7.02,2990934000.0,426058974.3589744,4.68,3578510409.597752,8.4,20.55,8.62,16.79,25.41,141.04,213.44,172.63,105.5,1.64,1.34,2.02,9.46,154,21.07,36
4804,大略-KY,觀光事業,-1.51,130783000.0,0.0,0.0,143288025.80893156,0.0,0.0,0.0,0.0,0.0,0.0,0.0,0.0,3.27,0.0,0.0,0.0,9.28,3,59.09,29
9960,邁達康,貿易百貨,1.75,672255000.0,384145714.28571427,1.12,750434058.5093943,1.95,13.38,10.11,10.12,20.23,19.73,39.45,26.08,33.6,0.78,0.59,1.17,2.7,16,2.66,28
2916,滿心,貿易百貨,3.96,1986414000.0,501619696.969697,2.36,1974008701.6668887,3.94,11.89,5.56,9.6,15.16,37.82,59.73,46.86,40.1,1.17,0.94,1.49,0.0,0,8.23,119
2754,亞洲藏壽司,觀光事業,2.36,5729128000.0,2427596610.169492,1.42,6080991816.121968,2.5,39.79,74.28,16.26,90.54,40.65,226.35,99.48,68.8,1.45,0.59,3.29,1.44,2,14.86,62
2753,八方雲集,觀光事業,12.85,8764223000.0,682040700.3891051,7.87,9353325577.00164,13.71,17.38,9.1,12.77,21.87,175.08,299.84,238.27,178.5,1.33,0.98,1.68,0.92,92,10.71,119
2924,宏太-KY,貿易百貨,-1.17,59042000.0,0.0,0.0,89846809.95508982,0.0,0.0,0.0,0.0,0.0,0.0,0.0,0.0,0.0,0.0,0.0,0.0,68.36,28,7.39,50
2752,豆府,觀光事業,15.04,4051634000.0,269390558.5106383,9.5,4494000506.080495,16.68,14.57,7.26,11.19,18.45,186.65,307.75,243.1,0.0,0.0,0.0,0.0,0.0,0,7.56,126
2937,集雅社,貿易百貨,4.15,5120538000.0,1233864578.313253,2.65,5732339134.247666,4.65,11.44,4.64,9.28,13.92,43.15,64.73,53.22,48.0,1.11,0.9,1.35,12.43,183,3.37,7
2748,雲品,觀光事業,2.17,2448032000.0,1128125345.62212,1.39,2515308874.4992824,2.23,19.67,317.22,13.61,330.83,30.35,737.75,43.87,40.3,1.09,0.75,18.31,0.0,0,2.91,21
2745,五福,觀光事業,10.01,8661695000.0,865304195.8041959,6.57,9972252646.060505,11.52,11.2,7.74,8.04,15.78,92.62,181.79,129.06,103.5,1.25,0.89,1.76,0.0,0,1.12,1
2743,山富,觀光事業,4.72,6629870000.0,1404633474.5762713,2.8,6903084547.818034,4.91,16.65,27.12,9.09,36.21,44.63,177.79,81.74,61.8,1.32,0.72,2.88,0.0,0,2.4,21
2739,寒舍,觀光事業,2.36,5167860000.0,2189771186.440678,1.48,5325551268.765861,2.43,16.46,43.63,6.31,49.94,15.33,121.35,39.99,35.2,1.14,0.44,3.45,3.92,7,0.0,0
2736,富野,觀光事業,-1.74,520517000.0,0.0,0.0,575909928.0708354,0.0,0.0,0.0,0.0,0.0,0.0,0.0,0.0,11.85,0.0,0.0,0.0,0.0,0,2.45,112
3171,新洲,貿易百貨,4.3,1843259000.0,428664883.7209303,3.76,3449349413.6868615,8.05,13.68,9.64,10.41,20.05,83.8,161.4,110.16,64.8,1.7,1.29,2.49,56.93,83,48.72,55
2734,易飛網,觀光事業,-1.41,1626979000.0,0.0,0.0,2043100703.0630524,0.0,32.08,63.99,14.87,78.86,0.0,0.0,0.0,15.65,0.0,0.0,0.0,0.58,1,0.0,0
2731,雄獅,觀光事業,17.49,29836786000.0,1705934019.4396799,10.96,32741054163.589634,19.19,10.59,8.9,6.99,15.89,134.14,304.93,203.17,146.5,1.39,0.92,2.08,0.3,2,14.78,124
2740,天蔥,觀光事業,-3.19,142213000.0,0.0,0.0,53336028.21045344,0.0,0.0,0.0,0.0,0.0,0.0,0.0,0.0,34.3,0.0,0.0,0.0,30.87,181,1.66,8
8477,創業家,電子商務業,-0.92,442180000.0,0.0,0.0,352958781.3474312,0.0,0.0,0.0,0.0,0.0,0.0,0.0,0.0,15.8,0.0,0.0,0.0,0.0,0,6.83,49
2706,第一店,觀光事業,0.64,376284000.0,587943750.0,0.36,382146512.01411897,0.65,21.9,41.37,17.76,59.13,11.54,38.43,14.24,12.75,1.12,0.91,3.01,0.64,1,4.53,55
5703,亞都,觀光事業,0.53,448515000.0,846254716.981132,0.37,506349649.1523949,0.6,56.26,80.99,20.77,101.76,12.46,61.06,33.76,14.0,2.41,0.89,4.36,0.0,0,0.3,7
5704,老爺知,觀光事業,0.39,310605000.0,796423076.9230769,0.18,283050139.2191959,0.36,33.46,70.54,12.02,82.56,4.33,29.72,12.05,21.8,0.55,0.2,1.36,6.52,41,3.86,51
5706,鳳凰,觀光事業,3.41,3142660000.0,921601173.0205278,1.82,2970361308.172982,3.22,16.51,163.9,12.21,176.11,39.32,567.07,53.15,46.95,1.13,0.84,12.08,0.84,1,1.91,21
8077,洛碁,觀光事業,6.03,1080743000.0,179227694.85903814,3.69,1107909849.2000744,6.18,9.53,8.08,6.29,14.37,38.87,88.81,58.87,45.5,1.29,0.85,1.95,0.0,0,0.0,0
5902,德記,貿易百貨,2.24,2297474000.0,1025658035.7142856,1.21,2067556759.6283464,2.02,19.75,7.59,15.42,23.01,31.15,46.48,39.89,34.15,1.17,0.91,1.36,7.24,27,4.6,61
8066,來思達,貿易百貨,-3.49,4567654000.0,0.0,0.0,4023437028.176485,0.0,707.81,1416.11,28.89,1445.0,0.0,0.0,0.0,14.8,0.0,0.0,0.0,0.0,0,3.65,77
5903,全家,貿易百貨,7.6,109171999000.0,14364736710.526316,4.64,118282017433.98393,8.23,18.59,16.27,10.96,27.23,90.2,224.1,152.99,188.0,0.81,0.48,1.19,1.31,114,1.69,20
5904,寶雅,貿易百貨,29.63,25264824000.0,852677151.5356058,19.1,28291128476.859596,33.18,18.07,9.15,14.28,23.43,473.81,777.41,599.66,623.0,0.96,0.76,1.25,5.63,62,0.82,1
8940,新天地,觀光事業,0.55,1601200000.0,2911272727.272727,0.37,1613455073.8665967,0.55,64.12,203.79,11.21,215.0,6.17,118.25,35.27,16.25,2.17,0.38,7.28,0.0,0,8.8,170
5905,南仁湖,貿易百貨,-0.63,1067250000.0,0.0,0.0,3993836053.4470415,0.0,0.0,0.0,0.0,0.0,0.0,0.0,0.0,9.09,0.0,0.0,0.0,56.78,43,13.62,33
1268,漢來美食,觀光事業,10.12,6246514000.0,617244466.4031621,6.85,7094471648.629461,11.49,16.02,6.14,12.13,18.27,139.37,209.92,184.1,170.0,1.08,0.82,1.23,0.29,1,8.25,56
1259,安心,觀光事業,2.45,6045389000.0,2467505714.285714,1.46,6237352021.939641,2.53,38.56,61.2,13.33,74.53,33.72,188.56,97.56,59.1,1.65,0.57,3.19,0.28,27,0.0,0
8044,網家,電子商務業,-4.62,36819770000.0,0.0,0.0,39733792456.92769,0.0,0.0,0.0,0.0,0.0,0.0,0.0,0.0,27.05,0.0,0.0,0.0,76.49,114,6.45,93
8941,關中,貿易百貨,1.16,3009319000.0,2594240517.2413793,0.7,3051527875.0817027,1.18,21.83,40.26,7.97,48.23,9.4,56.91,25.76,43.6,0.59,0.22,1.31,17.3,42,1.71,2
3252,海灣,觀光事業,0.13,496920000.0,3822461538.4615383,0.08,505813981.934134,0.13,144.73,82.51,115.67,198.18,15.04,25.76,18.81,17.3,1.09,0.87,1.49,0.0,0,1.5,56
8462,柏文,觀光事業,8.49,5966497000.0,702767608.9517078,5.63,7186475941.560333,10.23,26.38,35.62,14.6,50.22,149.36,513.75,269.83,160.0,1.69,0.93,3.21,24.45,55,20.21,44
5701,劍湖山,觀光事業,-0.26,534902000.0,0.0,0.0,499590453.20812947,0.0,0.0,0.0,0.0,0.0,0.0,0.0,0.0,4.4,0.0,0.0,0.0,0.7,1,3.47,23
5364,力麗店,觀光事業,-0.77,337668000.0,0.0,0.0,167078656.5516837,0.0,0.0,0.0,0.0,0.0,0.0,0.0,0.0,8.92,0.0,0.0,0.0,147.94,44,2.53,9
2705,六福,觀光事業,0.87,2277851000.0,2618219540.229885,0.48,2238503315.296396,0.85,67.92,123.98,16.85,140.83,14.32,119.71,57.73,16.3,3.54,0.88,7.34,0.76,2,1.16,62
6763,綠界科技,電子商務業,4.21,1725309000.0,409812114.01425177,2.7,1949615326.3913398,4.76,30.17,229.22,10.29,239.51,48.98,1140.07,143.61,43.4,3.31,1.13,26.27,13.92,43,3.98,113
3085,新零售,電子商務業,-0.56,56566000.0,0.0,0.0,68069524.20706448,0.0,0.0,0.0,0.0,0.0,0.0,0.0,0.0,12.1,0.0,0.0,0.0,77.48,126,2.61,5
6741,91APP*-KY,電子商務業,4.41,1766188000.0,400496145.1247165,3.24,2309443683.882588,5.77,19.6,14.96,13.52,28.48,78.01,164.33,113.1,58.5,1.93,1.33,2.81,2.73,1,7.93,26
2704,國賓,觀光事業,0.57,1361054000.0,2387814035.0877194,0.35,1393542324.524988,0.58,45.31,105.77,12.12,117.89,7.03,68.38,26.28,45.7,0.58,0.15,1.5,1.68,2,7.5,55
6728,上洋,貿易百貨,9.77,4548540000.0,465561924.2579325,6.49,4949463448.4895735,10.63,12.52,5.81,10.53,16.34,111.93,173.69,133.08,110.0,1.21,1.02,1.58,2.29,114,2.16,20
5287,數字,電子商務業,13.94,2316918000.0,166206456.24103302,8.01,2286099140.6888,13.75,13.81,6.32,10.39,16.71,142.86,229.76,189.86,149.5,1.27,0.96,1.54,0.0,0,3.12,42
2702,華園,觀光事業,-0.35,1403236000.0,0.0,0.0,1477836526.1331918,0.0,46.88,72.7,1.51,74.21,0.0,0.0,0.0,13.15,0.0,0.0,0.0,0.26,1,1.54,12
5301,寶得利,觀光事業,-1.36,238825000.0,0.0,0.0,200169305.59779903,0.0,0.0,0.0,0.0,0.0,0.0,0.0,0.0,6.13,0.0,0.0,0.0,3.88,16,0.0,0
2701,萬企,觀光事業,0.56,260225000.0,464687499.99999994,0.32,259317013.99004212,0.56,21.2,33.41,17.89,51.3,10.02,28.73,11.87,10.8,1.1,0.93,2.66,0.38,1,1.33,9
6641,基士德-KY,其他,0.45,1773564000.0,3941253333.333333,0.28,1933790985.2702608,0.49,65.47,207.05,9.95,217.0,4.88,106.33,32.08,18.0,1.78,0.27,5.91,0.0,0,23.64,183
8422,可寧衛,其他,1.3,4921714000.0,3785933846.153846,0.99,5722857999.786787,1.51,19.94,23.77,13.84,37.61,20.9,56.79,30.1,27.0,1.11,0.77,2.1,4.66,45,32.28,112
8473,山林水,其他,2.55,4934180000.0,1934972549.019608,1.52,5795136127.952776,2.99,25.93,36.58,12.05,48.63,36.03,145.4,77.54,46.7,1.66,0.77,3.11,17.56,3,29.64,96
8464,億豐,其他,22.53,30041892000.0,1333417310.252996,13.39,30348169883.71506,22.76,18.14,11.78,12.5,24.28,284.5,552.61,412.82,358.5,1.15,0.79,1.54,40.82,94,23.64,29
6581,鋼聯,其他,6.17,2095016000.0,339548784.4408428,4.58,2527514926.639639,7.44,16.45,10.32,12.45,22.77,92.63,169.41,122.37,108.0,1.13,0.86,1.57,11.26,105,7.14,84
8341,日友,其他,4.48,4002425000.0,893398437.4999999,2.84,4581383650.9482975,5.13,20.85,23.95,15.58,39.53,79.93,202.79,106.94,77.1,1.39,1.04,2.63,0.0,0,29.24,182
8467,波力-KY,其他,10.04,2544953000.0,253481374.50199205,4.98,2072913412.7654548,8.18,18.02,24.06,10.73,34.79,87.77,284.58,147.38,106.5,1.38,0.82,2.67,72.32,156,23.75,55
3054,立萬利,半導體業,1.96,126498000.0,64539795.91836735,5.4,732128979.5647117,11.34,34.32,82.6,17.4,100.0,197.32,1134.0,389.17,59.5,6.54,3.32,19.06,22.96,161,40.95,175
3130,一零四,電子工業,14.7,2657992000.0,180815782.3129252,9.02,2846079730.6751895,15.74,15.59,3.8,13.53,17.33,212.96,272.77,245.46,203.5,1.21,1.05,1.34,0.86,1,4.48,27
8454,富邦媒,貿易百貨,11.58,109217017000.0,9431521329.879103,6.67,110444885074.52132,11.71,22.24,28.35,14.86,43.21,174.01,505.99,260.47,267.5,0.97,0.65,1.89,1.45,16,10.42,12
1472,三洋實業,紡織纖維,6.4,3601026000.0,562660312.5,3.97,3857874993.4333997,6.86,19.61,24.51,12.44,36.95,85.34,253.48,134.53,89.6,1.5,0.95,2.83,7.8,183,2.38,30
8438,昶昕,其他,2.1,3770840000.0,1795638095.238095,1.6,5143506050.394652,2.86,22.14,37.91,11.38,49.29,32.55,140.97,63.31,85.1,0.74,0.38,1.66,30.05,38,88.5,184
6670,復盛應用,其他,22.49,29763472000.0,1323409159.6265008,14.99,32325186365.2158,24.43,11.93,5.75,9.08,14.83,221.82,362.3,291.55,263.0,1.11,0.84,1.38,16.15,178,5.47,19
6806,森崴能源,其他,-57.89,27598134000.0,0.0,0.0,18514443239.833706,0.0,32.54,39.01,18.13,57.14,0.0,0.0,0.0,3.51,0.0,0.0,0.0,1.15,6,0.0,0
8478,東哥遊艇,其他,13.25,4888412000.0,368936754.7169811,8.02,5452394586.431854,14.78,22.56,49.54,8.92,58.46,131.84,864.04,333.36,155.5,2.14,0.85,5.56,0.0,0,9.46,63
5306,桂盟,其他,7.66,4729350000.0,617408616.1879896,5.05,5000903876.529307,8.1,15.24,19.75,9.58,29.33,77.6,237.57,123.43,99.2,1.24,0.78,2.39,14.59,49,7.72,29
9934,成霖,其他,-0.29,17486056000.0,0.0,0.0,18682164169.873642,0.0,21.39,55.35,8.18,63.53,0.0,0.0,0.0,10.8,0.0,0.0,0.0,10.11,16,9.86,54
4536,拓凱,其他,14.92,9439769000.0,632692292.2252011,8.78,8983626522.488157,14.2,11.11,7.25,7.74,14.99,109.91,212.86,157.78,163.5,0.97,0.67,1.3,23.2,106,9.86,83
6807,峰源-KY,其他,4.69,4368245000.0,931395522.3880596,2.23,3400393061.877518,3.65,8.87,8.12,5.37,13.49,19.6,49.24,32.39,33.45,0.97,0.59,1.47,62.35,120,1.97,2
9930,中聯資源,其他,4.96,14021406000.0,2826896370.967742,2.8,13180297640.263966,4.66,15.0,5.8,13.34,19.14,62.16,89.19,69.9,63.6,1.1,0.98,1.4,9.1,16,3.47,22
9924,福興,其他,3.17,7457017000.0,2352371293.3753943,1.66,6724153537.123036,2.86,11.88,8.7,8.57,17.27,24.51,49.39,33.97,40.7,0.83,0.6,1.21,15.97,83,20.92,152
2442,新美齊,電腦及週邊設備業,5.25,1316248000.0,250713904.76190478,53.61,15055853579.248444,60.05,18.82,32.24,3.47,35.71,208.37,2144.39,1130.41,19.5,57.97,10.69,109.97,11.3,16,17.65,50
9910,豐泰,其他,5.1,83553386000.0,16383016862.7451,2.82,80846623430.45015,4.93,21.21,17.54,13.49,31.03,66.51,152.98,104.55,67.8,1.54,0.98,2.26,9.03,66,12.5,85
2424,隴華,電腦及週邊設備業,-1.34,212664000.0,0.0,0.0,158964042.03787947,0.0,0.0,0.0,0.0,0.0,0.0,0.0,0.0,9.23,0.0,0.0,0.0,173.62,91,20.3,33
3708,上緯投控,化學工業,35.56,6151654000.0,172993644.54443192,3.74,879280044.4120244,5.08,43.96,107.53,2.47,110.0,12.55,558.8,223.32,101.5,2.2,0.12,5.51,0.0,0,53.25,37
6671,三能-KY,其他,2.38,1985487000.0,834238235.2941177,1.25,1764838938.1539345,2.12,13.74,5.17,10.62,15.79,22.51,33.47,29.14,23.95,1.22,0.94,1.4,1.8,1,1.31,1
9802,鈺齊-KY,其他,6.05,17333351000.0,2865016694.214876,3.73,17324317097.499065,6.05,17.58,21.72,12.24,33.96,74.05,205.46,106.38,75.9,1.4,0.98,2.71,8.7,83,9.0,141
9904,寶成,其他,4.1,253268990000.0,61772924390.243904,2.37,243970234662.36505,3.95,7.14,4.42,4.94,9.36,19.51,36.97,28.21,24.6,1.15,0.79,1.5,27.62,146,13.38,180
9914,美利達,其他,4.01,26935538000.0,6717091770.573566,2.08,22939952793.11752,3.42,30.89,34.95,13.89,48.84,47.5,167.03,105.64,84.2,1.25,0.56,1.98,8.39,16,21.66,20
9921,巨大,其他,1.84,60780700000.0,33032989130.43478,0.99,54257992850.716446,1.64,85.17,273.5,14.66,288.16,24.04,472.58,139.68,88.0,1.59,0.27,5.37,13.75,36,14.35,8
6754,匯僑設計,其他,3.4,3632574000.0,1068404117.6470588,1.56,2920447474.5639815,2.73,11.72,5.89,8.48,14.37,23.15,39.23,31.99,42.45,0.75,0.55,0.92,41.49,34,0.17,1
6768,志強-KY,其他,6.78,20464647000.0,3018384513.2743363,4.02,19521747887.95769,6.47,15.65,16.65,10.95,27.6,70.85,178.57,101.26,71.0,1.43,1.0,2.52,84.21,132,21.67,84
2062,橋椿,其他,0.38,6372187000.0,16768913157.894737,0.24,6987879717.742261,0.42,26.67,88.64,8.03,96.67,3.37,40.6,11.2,19.25,0.58,0.18,2.11,46.58,69,7.48,36
9955,佳龍,其他,0.54,1409673000.0,2610505555.5555553,0.4,1855006741.7067714,0.71,47.59,31.6,34.51,66.11,24.5,46.94,33.79,25.05,1.35,0.98,1.87,9.31,36,43.29,182
6689,伊雲谷,其他電子業,2.3,12667665000.0,5507680434.782609,1.3,11873738171.676182,2.16,35.99,18.67,27.65,46.32,59.72,100.05,77.73,63.2,1.23,0.94,1.58,0.8,170,2.07,1
8482,商億-KY,其他,2.3,3480536000.0,1513276521.7391305,1.4,3613069348.610514,2.39,19.63,33.45,8.5,41.95,20.32,100.26,46.92,48.5,0.97,0.42,2.07,55.81,184,12.67,20
1598,岱宇,化學生技醫療,-3.35,6329286000.0,0.0,0.0,5634937192.208838,0.0,70.47,173.09,40.91,214.0,0.0,0.0,0.0,20.3,0.0,0.0,0.0,0.0,0,12.73,97
9935,慶豐富,其他,1.64,4981019000.0,3037206707.3170733,0.98,5244154537.673218,1.73,13.47,14.5,8.55,23.05,14.79,39.88,23.3,18.75,1.24,0.79,2.13,31.54,101,4.87,30
1736,喬山,化學生技醫療,9.07,53154689000.0,5860494928.335171,5.77,58898918816.870384,10.05,24.21,298.34,12.25,310.59,123.11,3121.43,243.31,129.0,1.89,0.95,24.2,73.78,150,11.59,78
1439,雋揚,紡織纖維,3.21,548585000.0,170898753.894081,2.28,878865553.8531778,5.14,14.43,14.47,7.63,22.1,39.22,113.59,74.18,26.45,2.8,1.48,4.29,19.45,45,2.32,156
3557,嘉威,其他,0.13,4367859000.0,33598915384.615383,0.08,3867323391.8958015,0.12,313.1,3173.47,6.53,3180.0,0.78,381.6,37.57,26.55,1.42,0.03,14.37,1.91,147,4.02,1
1432,大魯閣,貿易百貨,6.03,1324663000.0,219678772.8026534,2.31,866504673.125136,3.94,35.37,82.69,2.74,85.43,10.8,336.59,139.35,15.25,9.14,0.71,22.07,18.51,132,10.03,146
9911,櫻花,其他,6.26,10160374000.0,1623062939.2971246,3.97,10905420704.042706,6.72,14.19,4.78,12.81,17.59,86.08,118.2,95.37,84.2,1.13,1.02,1.4,11.33,15,4.47,7
4530,宏易,電機機械,0.34,326341000.0,959826470.5882353,0.26,470265321.70443743,0.49,105.27,73.65,72.35,146.0,35.45,71.54,51.58,26.4,1.95,1.34,2.71,79.06,163,147.97,167
4702,中美實,化學工業,0.89,79555000.0,89387640.4494382,0.43,61814855.81612746,0.69,31.86,129.71,6.4,136.11,4.42,93.92,21.99,9.73,2.26,0.45,9.65,0.0,0,0.0,0
5205,中茂,其他電子類,-1.43,24789000.0,0.0,0.0,36352501.77683014,0.0,0.0,0.0,0.0,0.0,0.0,0.0,0.0,21.45,0.0,0.0,0.0,36.0,13,9.49,19
4609,唐鋒,電器電纜,-0.11,170353000.0,0.0,0.0,167353050.75879216,0.0,0.0,0.0,0.0,0.0,0.0,0.0,0.0,5.28,0.0,0.0,0.0,0.74,50,7.25,1
4154,樂威科-KY,生技醫療業,-1.83,22250000.0,0.0,0.0,36133135.851230145,0.0,0.0,0.0,0.0,0.0,0.0,0.0,0.0,11.95,0.0,0.0,0.0,44.83,48,0.0,0
3178,公準,電機機械,-0.46,1278448000.0,0.0,0.0,1269386491.1563115,0.0,656.34,3129.21,20.79,3150.0,0.0,0.0,0.0,70.7,0.0,0.0,0.0,0.0,0,41.33,43
1593,祺驊,生技醫療業,2.17,1236771000.0,569940552.9953917,1.37,1382400937.5714867,2.43,21.86,37.8,12.59,50.39,30.59,122.45,53.12,30.4,1.75,1.01,4.03,7.72,77,13.26,51
8423,保綠-KY,其他,0.73,372162000.0,509810958.9041096,0.48,410895654.36716855,0.81,31.96,24.19,20.47,44.66,16.58,36.17,25.89,17.7,1.46,0.94,2.04,6.08,48,3.42,55
3073,天方能源,半導體業,0.04,78469000.0,1961725000.0,0.05,245251589.1591298,0.13,188.81,722.31,17.69,740.0,2.3,96.2,24.55,22.05,1.11,0.1,4.36,45.83,6,0.0,0
6629,泰金-KY,其他,6.46,1675172000.0,259314551.08359134,5.83,3162329147.6822953,12.19,14.15,16.37,7.01,23.38,85.45,285.0,172.47,105.5,1.63,0.81,2.7,30.9,52,89.49,113
6624,萬年清,其他,0.36,655700000.0,1821388888.888889,0.16,466389227.7049297,0.26,81.57,181.16,27.26,208.42,7.09,54.19,21.21,44.45,0.48,0.16,1.22,3.93,17,111.68,148
8476,台境,其他,0.51,1133942000.0,2223415686.27451,0.36,1300818361.102279,0.59,54.57,263.84,11.16,275.0,6.58,162.25,32.2,23.7,1.36,0.28,6.85,1.82,24,21.92,183
6616,特昇-KY,其他,-0.6,1063387000.0,0.0,0.0,808765156.569763,0.0,71.71,10.26,67.37,77.63,0.0,0.0,0.0,9.05,0.0,0.0,0.0,0.0,0,10.71,176
8171,天宇,通信網路業,-5.46,286330000.0,0.0,0.0,489375736.48262703,0.0,0.0,0.0,0.0,0.0,0.0,0.0,0.0,20.5,0.0,0.0,0.0,18.01,134,4.33,37
6690,安碁資訊,資訊服務業,10.22,2397800000.0,234618395.3033268,6.6,2762131156.4860497,11.77,20.14,15.61,14.26,29.87,167.84,351.57,237.03,164.0,1.45,1.02,2.14,0.0,0,8.7,30
3551,世禾,其他電子類,8.36,2943952000.0,352147368.42105263,5.56,3519688541.387859,9.99,21.33,15.68,12.52,28.2,125.07,281.72,213.13,213.0,1.0,0.59,1.32,45.45,104,36.25,152
8924,大田,其他,5.63,4471774000.0,794276021.3143872,3.07,5078141163.5451565,6.39,13.44,9.2,9.54,18.74,60.96,119.75,85.85,56.4,1.52,1.08,2.12,0.11,1,39.52,111
8390,金益鼎,其他,6.6,4649007000.0,704395000.0,5.28,6197248474.485656,8.8,14.69,10.71,10.27,20.98,90.38,184.62,129.25,102.5,1.26,0.88,1.8,2.21,111,62.74,181
2640,大車隊,其他,9.01,3135467000.0,347998557.15871257,5.61,3341868772.163372,9.6,15.33,8.2,13.44,21.64,129.02,207.74,147.14,157.0,0.94,0.82,1.32,8.68,168,7.09,168
8087,華鎂鑫,光電業,-1.32,318083000.0,0.0,0.0,758026595.2686185,0.0,82.41,153.26,11.91,165.17,0.0,0.0,0.0,29.15,0.0,0.0,0.0,1.65,2,0.0,0
8933,愛地雅,其他,-1.39,2377380000.0,0.0,0.0,1751372983.4318013,0.0,0.0,0.0,0.0,0.0,0.0,0.0,0.0,4.81,0.0,0.0,0.0,0.0,0,17.28,33
6803,崑鼎,其他,18.44,9581973000.0,519629772.23427325,10.66,9724454048.552443,18.71,16.64,3.41,14.65,18.06,274.1,337.9,311.36,272.0,1.14,1.01,1.24,0.51,45,6.17,183
6804,明係,其他,-2.83,1356794000.0,0.0,0.0,1401932853.3785274,0.0,30.37,22.07,18.28,40.35,0.0,0.0,0.0,16.45,0.0,0.0,0.0,4.55,15,7.08,7
6811,宏碁資訊,資訊服務業,14.37,9465495000.0,658698329.8538623,10.73,11052808013.630766,16.78,17.51,13.73,12.71,26.44,213.27,443.66,293.83,228.5,1.29,0.93,1.94,0.0,0,9.13,43
8420,明揚,其他,0.0,0.0,0.0,0.0,0.0,0.0,0.0,0.0,0.0,0.0,0.0,0.0,0.0,40.6,0.0,0.0,0.0,1.13,1,0.0,0
8938,明安,其他,6.19,15350061000.0,2479815993.5379643,3.62,14479564546.795773,5.84,15.56,43.8,7.47,51.27,43.62,299.42,90.87,55.2,1.65,0.79,5.42,0.35,27,17.09,184
6123,上奇,電腦及週邊設備業,2.72,5094560000.0,1872999999.9999998,1.4,4647335665.512944,2.48,16.18,4.61,13.42,18.03,33.28,44.71,40.12,42.4,0.95,0.78,1.05,0.3,1,8.11,68
3713,新晶投控,光電業,-1.13,281414000.0,0.0,0.0,500032654.3414895,0.0,0.0,0.0,0.0,0.0,0.0,0.0,0.0,14.75,0.0,0.0,0.0,18.83,6,28.97,63
8928,鉅明,其他,1.41,3443852000.0,2442448226.9503546,0.7,2777356513.637895,1.14,43.71,167.95,9.16,177.11,10.44,201.91,49.83,23.25,2.14,0.45,8.68,0.29,16,2.42,21
8440,綠電,其他,0.31,942226000.0,3039438709.677419,0.17,837228058.7963676,0.28,86.68,126.48,38.52,165.0,10.79,46.2,24.27,20.75,1.17,0.52,2.23,14.63,6,1.84,20
8916A,光隆甲特,其他,0.0,0.0,0.0,0.0,0.0,0.0,0.0,0.0,0.0,0.0,0.0,0.0,0.0,0.0,0.0,0.0,0.0,0.0,0,0.0,0
3089,億杰,電子零組件業,0.0,0.0,0.0,0.0,0.0,0.0,0.0,0.0,0.0,0.0,0.0,0.0,0.0,0.0,0.0,0.0,0.0,0.0,0,0.0,0
4129A,聯合甲特,生技醫療業,0.0,0.0,0.0,0.0,0.0,0.0,0.0,0.0,0.0,0.0,0.0,0.0,0.0,0.0,0.0,0.0,0.0,0.0,0,0.0,0
4944,兆遠,光電業,0.0,0.0,0.0,0.0,0.0,0.0,0.0,0.0,0.0,0.0,0.0,0.0,0.0,0.0,0.0,0.0,0.0,0.0,0,0.0,0
5281,大峽谷-KY,光電業,0.0,0.0,0.0,0.0,0.0,0.0,0.0,0.0,0.0,0.0,0.0,0.0,0.0,0.0,0.0,0.0,0.0,0.0,0,0.0,0
00744B,國泰中國政金債5+,上櫃指數股票型基金(ETF),0.0,0.0,0.0,0.0,0.0,0.0,0.0,0.0,0.0,0.0,0.0,0.0,0.0,0.0,0.0,0.0,0.0,0.0,0,0.0,0
6404,通訊-KY,資訊服務業,0.0,0.0,0.0,0.0,0.0,0.0,0.0,0.0,0.0,0.0,0.0,0.0,0.0,0.0,0.0,0.0,0.0,0.0,0,0.0,0
020024,兆豐富櫃200N,指數投資證券(ETN),0.0,0.0,0.0,0.0,0.0,0.0,0.0,0.0,0.0,0.0,0.0,0.0,0.0,0.0,0.0,0.0,0.0,0.0,0,0.0,0
02002L,兆豐富櫃200正二N,指數投資證券(ETN),0.0,0.0,0.0,0.0,0.0,0.0,0.0,0.0,0.0,0.0,0.0,0.0,0.0,0.0,0.0,0.0,0.0,0.0,0,0.0,0
6472,保瑞,生技醫療業,27.15,20100258000.0,740340994.4751382,15.6,19358285029.741737,26.15,21.26,20.34,15.39,35.73,402.45,934.34,555.89,415.5,1.34,0.97,2.25,1.92,1,2.55,2
4736,泰博,生技醫療業,15.12,4180025000.0,276456679.8941799,9.15,4261350318.1832104,15.41,12.25,12.14,6.63,18.77,102.17,289.25,188.71,130.0,1.45,0.79,2.22,2.41,2,14.8,37
6446,藥華藥,生技醫療業,14.27,14884059000.0,1043031464.6110722,13.33,25756575340.67035,24.69,89.18,500.88,31.45,532.33,776.5,13143.23,2201.95,1260.0,1.75,0.62,10.43,21.32,66,10.75,184
8418,捷必勝-KY,其他,0.0,0.0,0.0,0.0,0.0,0.0,0.0,0.0,0.0,0.0,0.0,0.0,0.0,0.0,0.0,0.0,0.0,0.0,0,0.0,0
4712,南璋,食品工業,-2.16,0.0,0.0,0.0,0.0,0.0,0.0,0.0,0.0,0.0,0.0,0.0,0.0,0.0,0.0,0.0,0.0,0.0,0,0.0,0
5383,金利,其他電子類,0.0,0.0,0.0,0.0,0.0,0.0,0.0,0.0,0.0,0.0,0.0,0.0,0.0,0.0,0.0,0.0,0.0,0.0,0,0.0,0
6865,偉康科技,資訊服務業,1.53,459035000.0,300022875.8169935,0.53,241349060.63184035,0.8,41.98,187.34,14.42,201.76,11.54,161.41,33.58,25.4,1.32,0.45,6.35,19.28,175,14.18,26
6198,瑞築,半導體業,-0.23,233000.0,0.0,0.0,265203.2520325203,0.0,106.18,21.6,92.86,114.46,0.0,0.0,0.0,0.0,0.0,0.0,0.0,3.22,17,4.55,2
8091,翔名,電子零組件業,5.91,2104250000.0,356049069.37394243,4.85,3094662485.0547733,8.69,22.28,29.18,12.96,42.14,112.62,366.2,193.63,288.0,0.67,0.39,1.27,7.72,69,27.23,184
5432,新門,光電業,2.3,194274000.0,84466956.52173914,1.3,200704885.30159834,2.38,110.53,142.46,52.28,194.74,124.43,463.48,263.07,128.5,2.05,0.97,3.61,0.0,0,59.48,173
4419,元勝,紡織纖維,-1.45,2678472000.0,0.0,0.0,2702171801.9816,0.0,0.0,0.0,0.0,0.0,0.0,0.0,0.0,46.4,0.0,0.0,0.0,0.0,0,14.53,168
3465,進泰電子,電子零組件業,0.04,1723481000.0,43087025000.0,0.02,1847828446.6570456,0.04,158.77,1121.9,31.85,1153.75,1.27,46.15,6.35,31.15,0.2,0.04,1.48,1.17,13,6.51,23
020026,兆豐上櫃ESG電菁N,指數投資證券(ETN),0.0,0.0,0.0,0.0,0.0,0.0,0.0,0.0,0.0,0.0,0.0,0.0,0.0,0.0,0.0,0.0,0.0,0.0,0,0.0,0
00831B,新光美債1-3,上櫃指數股票型基金(ETF),0.0,0.0,0.0,0.0,0.0,0.0,0.0,0.0,0.0,0.0,0.0,0.0,0.0,41.42,0.0,0.0,0.0,0.05,1,0.0,0
6514,芮特-KY,通信網路業,0.0,0.0,0.0,0.0,0.0,0.0,16.76,1.95,16.34,18.29,0.0,0.0,0.0,50.8,0.0,0.0,0.0,0.0,0,0.0,0
00721B,元大中國債3-5,上櫃指數股票型基金(ETF),0.0,0.0,0.0,0.0,0.0,0.0,0.0,0.0,0.0,0.0,0.0,0.0,0.0,48.06,0.0,0.0,0.0,3.12,21,0.0,0
6757,台灣虎航-創,創新版股票,5.38,16712901000.0,3106487174.7211895,3.8,20237295442.441895,6.51,12.23,9.63,8.28,17.91,53.9,116.59,79.6,57.9,1.37,0.93,2.01,43.6,182,1.84,5
4733,上緯,化學生技醫療,0.0,0.0,0.0,0.0,0.0,0.0,0.0,0.0,0.0,0.0,0.0,0.0,0.0,0.0,0.0,0.0,0.0,0.0,0,0.0,0
1716,永信,化學生技醫療,10.75,0.0,0.0,0.0,0.0,0.0,0.0,0.0,0.0,0.0,0.0,0.0,0.0,0.0,0.0,0.0,0.0,0.0,0,0.0,0
1523,開億,電機機械,0.0,0.0,0.0,0.0,0.0,0.0,0.0,0.0,0.0,0.0,0.0,0.0,0.0,0.0,0.0,0.0,0.0,0.0,0,0.0,0
1606,歌林,電器電纜,0.0,0.0,0.0,0.0,0.0,0.0,0.0,0.0,0.0,0.0,0.0,0.0,0.0,0.0,0.0,0.0,0.0,0.0,0,0.0,0
1601,台光,電器電纜,0.0,0.0,0.0,0.0,0.0,0.0,0.0,0.0,0.0,0.0,0.0,0.0,0.0,0.0,0.0,0.0,0.0,0.0,0,0.0,0
1230,聯成食,電器電纜,0.0,0.0,0.0,0.0,0.0,0.0,0.0,0.0,0.0,0.0,0.0,0.0,0.0,0.0,0.0,0.0,0.0,0.0,0,0.0,0
1311,福聚,塑膠工業,0.0,0.0,0.0,0.0,0.0,0.0,0.0,0.0,0.0,0.0,0.0,0.0,0.0,0.0,0.0,0.0,0.0,0.0,0,0.0,0
910482,聖馬丁-DR,存託憑證,0.0,0.0,0.0,0.0,0.0,0.0,0.0,0.0,0.0,0.0,0.0,0.0,0.0,0.53,0.0,0.0,0.0,0.0,0,0.0,0
2411,飛瑞,電子工業,0.0,0.0,0.0,0.0,0.0,0.0,0.0,0.0,0.0,0.0,0.0,0.0,0.0,0.0,0.0,0.0,0.0,0.0,0,0.0,0
3702A,大聯大甲特,電子通路業,0.0,0.0,0.0,0.0,0.0,0.0,0.0,0.0,0.0,0.0,0.0,0.0,0.0,51.7,0.0,0.0,0.0,5.19,154,0.0,0
910708,恒大健-DR,存託憑證,0.0,0.0,0.0,0.0,0.0,0.0,0.0,0.0,0.0,0.0,0.0,0.0,0.0,620.0,0.0,0.0,0.0,149.86,8,149.86,8
2446,全懋,半導體業,0.0,0.0,0.0,0.0,0.0,0.0,0.0,0.0,0.0,0.0,0.0,0.0,0.0,0.0,0.0,0.0,0.0,0.0,0,0.0,0
2447,鼎新,資訊服務業,0.0,0.0,0.0,0.0,0.0,0.0,0.0,0.0,0.0,0.0,0.0,0.0,0.0,0.0,0.0,0.0,0.0,0.0,0,0.0,0
2403,友尚,電子通路業,0.0,0.0,0.0,0.0,0.0,0.0,0.0,0.0,0.0,0.0,0.0,0.0,0.0,0.0,0.0,0.0,0.0,0.0,0,0.0,0
2452,乾坤,電子工業,0.0,0.0,0.0,0.0,0.0,0.0,0.0,0.0,0.0,0.0,0.0,0.0,0.0,0.0,0.0,0.0,0.0,0.0,0,0.0,0
6902,GOGOLOOK-創,創新版股票,1.58,1032296000.0,653351898.7341772,1.09,1302222889.613256,1.99,310.0,640.45,37.88,678.33,75.38,1349.88,616.89,131.0,4.71,0.58,10.3,11.67,97,0.48,44
2463,研揚,電腦及週邊設備業,0.0,0.0,0.0,0.0,0.0,0.0,0.0,0.0,0.0,0.0,0.0,0.0,0.0,0.0,0.0,0.0,0.0,0.0,0,0.0,0
2469,力信,電子工業,0.0,0.0,0.0,0.0,0.0,0.0,0.0,0.0,0.0,0.0,0.0,0.0,0.0,0.0,0.0,0.0,0.0,0.0,0,0.0,0
6854,錼創科技-KY創,創新版股票,-0.98,1357523000.0,0.0,0.0,899993326.0750362,0.0,240.71,258.04,162.5,420.54,0.0,0.0,0.0,108.0,0.0,0.0,0.0,198.93,176,8.28,48
3697,F-晨星,電子工業,0.0,0.0,0.0,0.0,0.0,0.0,0.0,0.0,0.0,0.0,0.0,0.0,0.0,0.0,0.0,0.0,0.0,0.0,0,0.0,0
9106,新焦點-DR,存託憑證,0.0,0.0,0.0,0.0,0.0,0.0,0.0,0.0,0.0,0.0,0.0,0.0,0.0,0.0,0.0,0.0,0.0,0.0,0,0.0,0
3638,F-IML,電子工業,0.0,0.0,0.0,0.0,0.0,0.0,0.0,0.0,0.0,0.0,0.0,0.0,0.0,0.0,0.0,0.0,0.0,0.0,0,0.0,0
9104,萬宇科,存託憑證,0.0,0.0,0.0,0.0,0.0,0.0,0.0,0.0,0.0,0.0,0.0,0.0,0.0,0.0,0.0,0.0,0.0,0.0,0,0.0,0
910322,康師傅-DR,存託憑證,0.0,0.0,0.0,0.0,0.0,0.0,0.0,0.0,0.0,0.0,0.0,0.0,0.0,23.2,0.0,0.0,0.0,26.97,91,17.86,160
9103,美德醫療-DR,存託憑證,0.0,0.0,0.0,0.0,0.0,0.0,0.0,0.0,0.0,0.0,0.0,0.0,0.0,5.07,0.0,0.0,0.0,0.0,0,1.41,19
9102,東亞科,存託憑證,0.0,0.0,0.0,0.0,0.0,0.0,0.0,0.0,0.0,0.0,0.0,0.0,0.0,0.0,0.0,0.0,0.0,0.0,0,0.0,0
2418,雅新,電子工業,0.0,0.0,0.0,0.0,0.0,0.0,0.0,0.0,0.0,0.0,0.0,0.0,0.0,0.0,0.0,0.0,0.0,0.0,0,0.0,0
020002,元富新中國N,ETN,0.0,0.0,0.0,0.0,0.0,0.0,0.0,0.0,0.0,0.0,0.0,0.0,0.0,0.0,0.0,0.0,0.0,0.0,0,0.0,0
9105,泰金寶-DR,存託憑證,0.0,132270623000.0,0.0,0.0,130035323731.32968,0.0,0.0,0.0,0.0,0.0,0.0,0.0,0.0,8.8,0.0,0.0,0.0,45.27,171,11.2,98
9101,福雷電,存託憑證,0.0,0.0,0.0,0.0,0.0,0.0,0.0,0.0,0.0,0.0,0.0,0.0,0.0,0.0,0.0,0.0,0.0,0.0,0,0.0,0
910579,歐聖,存託憑證,0.0,0.0,0.0,0.0,0.0,0.0,0.0,0.0,0.0,0.0,0.0,0.0,0.0,0.0,0.0,0.0,0.0,0.0,0,0.0,0
020004,兆豐電菁英30N,ETN,0.0,0.0,0.0,0.0,0.0,0.0,0.0,0.0,0.0,0.0,0.0,0.0,0.0,0.0,0.0,0.0,0.0,0.0,0,0.0,0
6119,大傳,電子工業,0.0,0.0,0.0,0.0,0.0,0.0,0.0,0.0,0.0,0.0,0.0,0.0,0.0,0.0,0.0,0.0,0.0,0.0,0,0.0,0
020005,永豐外資50N,ETN,0.0,0.0,0.0,0.0,0.0,0.0,0.0,0.0,0.0,0.0,0.0,0.0,0.0,0.0,0.0,0.0,0.0,0.0,0,0.0,0
020006,永昌中小300N,ETN,0.0,0.0,0.0,0.0,0.0,0.0,0.0,0.0,0.0,0.0,0.0,0.0,0.0,0.0,0.0,0.0,0.0,0.0,0,0.0,0
020007,凱基臺灣500N,ETN,0.0,0.0,0.0,0.0,0.0,0.0,0.0,0.0,0.0,0.0,0.0,0.0,0.0,0.0,0.0,0.0,0.0,0.0,0,0.0,0
020008,元大特股高息N,ETN,0.0,0.0,0.0,0.0,0.0,0.0,0.0,0.0,0.0,0.0,0.0,0.0,0.0,0.0,0.0,0.0,0.0,0.0,0,0.0,0
2396,精碟,電子工業,0.0,0.0,0.0,0.0,0.0,0.0,0.0,0.0,0.0,0.0,0.0,0.0,0.0,0.0,0.0,0.0,0.0,0.0,0,0.0,0
910069,新曄,存託憑證,0.0,0.0,0.0,0.0,0.0,0.0,0.0,0.0,0.0,0.0,0.0,0.0,0.0,0.0,0.0,0.0,0.0,0.0,0,0.0,0
2341,英群,電子工業,0.0,0.0,0.0,0.0,0.0,0.0,0.0,0.0,0.0,0.0,0.0,0.0,0.0,0.0,0.0,0.0,0.0,0.0,0,0.0,0
911608,明輝-DR,存託憑證,0.0,0.0,0.0,0.0,0.0,0.0,0.0,0.0,0.0,0.0,0.0,0.0,0.0,2.7,0.0,0.0,0.0,0.0,0,2.04,5
911609,揚子江,存託憑證,0.0,0.0,0.0,0.0,0.0,0.0,0.0,0.0,0.0,0.0,0.0,0.0,0.0,0.0,0.0,0.0,0.0,0.0,0,0.0,0
911610,聯環,存託憑證,0.0,0.0,0.0,0.0,0.0,0.0,0.0,0.0,0.0,0.0,0.0,0.0,0.0,0.0,0.0,0.0,0.0,0.0,0,0.0,0
911611,中泰山-DR,存託憑證,0.0,0.0,0.0,0.0,0.0,0.0,0.0,0.0,0.0,0.0,0.0,0.0,0.0,0.0,0.0,0.0,0.0,0.0,0,0.0,0
911612,滬安,存託憑證,0.0,0.0,0.0,0.0,0.0,0.0,0.0,0.0,0.0,0.0,0.0,0.0,0.0,0.0,0.0,0.0,0.0,0.0,0,0.0,0
911616,杜康-DR,存託憑證,0.0,0.0,0.0,0.0,0.0,0.0,0.0,0.0,0.0,0.0,0.0,0.0,0.0,1.07,0.0,0.0,0.0,41.18,8,41.18,8
911619,耀傑-DR,存託憑證,0.0,0.0,0.0,0.0,0.0,0.0,0.0,0.0,0.0,0.0,0.0,0.0,0.0,0.0,0.0,0.0,0.0,8.64,8,8.64,8
911622,泰聚亨-DR,存託憑證,0.0,0.0,0.0,0.0,0.0,0.0,0.0,0.0,0.0,0.0,0.0,0.0,0.0,3.77,0.0,0.0,0.0,3.33,84,0.0,0
911626,MSH-DR,存託憑證,0.0,0.0,0.0,0.0,0.0,0.0,0.0,0.0,0.0,0.0,0.0,0.0,0.0,0.0,0.0,0.0,0.0,0.0,0,0.0,0
911868,同方友友-DR,存託憑證,0.0,0.0,0.0,0.0,0.0,0.0,0.0,0.0,0.0,0.0,0.0,0.0,0.0,1.19,0.0,0.0,0.0,0.0,0,11.36,16
912000,晨訊科-DR,存託憑證,0.0,1672600000.0,0.0,0.0,1455523158.9615073,0.0,0.0,0.0,0.0,0.0,0.0,0.0,0.0,2.7,0.0,0.0,0.0,0.0,0,19.69,92
912398,友佳-DR,存託憑證,0.0,0.0,0.0,0.0,0.0,0.0,0.0,0.0,0.0,0.0,0.0,0.0,0.0,7.2,0.0,0.0,0.0,0.0,0,0.0,0
9136,巨騰-DR,存託憑證,0.0,0.0,0.0,0.0,0.0,0.0,0.0,0.0,0.0,0.0,0.0,0.0,0.0,12.45,0.0,0.0,0.0,0.76,1,45.23,184
911606,超級,存託憑證,0.0,0.0,0.0,0.0,0.0,0.0,0.0,0.0,0.0,0.0,0.0,0.0,0.0,0.0,0.0,0.0,0.0,0.0,0,0.0,0
913889,大成糖,存託憑證,0.0,0.0,0.0,0.0,0.0,0.0,0.0,0.0,0.0,0.0,0.0,0.0,0.0,0.0,0.0,0.0,0.0,0.0,0,0.0,0
9157,陽光能源-DR,存託憑證,0.0,0.0,0.0,0.0,0.0,0.0,0.0,0.0,0.0,0.0,0.0,0.0,0.0,1.39,0.0,0.0,0.0,26.36,2,26.36,2
6012,金鼎證,金融保險,0.0,0.0,0.0,0.0,0.0,0.0,0.0,0.0,0.0,0.0,0.0,0.0,0.0,0.0,0.0,0.0,0.0,0.0,0,0.0,0
916665,爾必達,存託憑證,0.0,0.0,0.0,0.0,0.0,0.0,0.0,0.0,0.0,0.0,0.0,0.0,0.0,0.0,0.0,0.0,0.0,0.0,0,0.0,0
9188,精熙-DR,存託憑證,0.0,0.0,0.0,0.0,0.0,0.0,0.0,0.0,0.0,0.0,0.0,0.0,0.0,5.27,0.0,0.0,0.0,0.0,0,0.0,0
9801,力霸,貿易百貨,0.0,0.0,0.0,0.0,0.0,0.0,0.0,0.0,0.0,0.0,0.0,0.0,0.0,0.0,0.0,0.0,0.0,0.0,0,0.0,0
6004,元京證,金融保險,0.0,0.0,0.0,0.0,0.0,0.0,0.0,0.0,0.0,0.0,0.0,0.0,0.0,0.0,0.0,0.0,0.0,0.0,0,0.0,0
5854,合庫,金融保險,1.59,0.0,0.0,0.0,0.0,0.0,0.0,0.0,0.0,0.0,0.0,0.0,0.0,0.0,0.0,0.0,0.0,0.0,0,0.0,0
9915,億豐,其他,0.0,0.0,0.0,0.0,0.0,0.0,0.0,0.0,0.0,0.0,0.0,0.0,0.0,0.0,0.0,0.0,0.0,0.0,0,0.0,0
9922,優美,其他,0.0,0.0,0.0,0.0,0.0,0.0,0.0,0.0,0.0,0.0,0.0,0.0,0.0,0.0,0.0,0.0,0.0,0.0,0,0.0,0
5280,F-敦泰,電子工業,0.0,0.0,0.0,0.0,0.0,0.0,0.0,0.0,0.0,0.0,0.0,0.0,0.0,0.0,0.0,0.0,0.0,0.0,0,0.0,0
0060,新台灣,ETF,0.0,0.0,0.0,0.0,0.0,0.0,0.0,0.0,0.0,0.0,0.0,0.0,0.0,0.0,0.0,0.0,0.0,0.0,0,0.0,0
1520,復盛,其他,0.0,0.0,0.0,0.0,0.0,0.0,0.0,0.0,0.0,0.0,0.0,0.0,0.0,0.0,0.0,0.0,0.0,0.0,0,0.0,0
9151,旺旺,存託憑證,0.0,0.0,0.0,0.0,0.0,0.0,0.0,0.0,0.0,0.0,0.0,0.0,0.0,0.0,0.0,0.0,0.0,0.0,0,0.0,0
911602,華豐泰,存託憑證,0.0,0.0,0.0,0.0,0.0,0.0,0.0,0.0,0.0,0.0,0.0,0.0,0.0,0.0,0.0,0.0,0.0,0.0,0,0.0,0
911201,僑威控,存託憑證,0.0,0.0,0.0,0.0,0.0,0.0,0.0,0.0,0.0,0.0,0.0,0.0,0.0,0.0,0.0,0.0,0.0,0.0,0,0.0,0
9110,越南控-DR,存託憑證,0.0,0.0,0.0,0.0,0.0,0.0,0.0,0.0,0.0,0.0,0.0,0.0,0.0,3.14,0.0,0.0,0.0,3.91,113,0.0,0
2391,合勤,電子工業,0.0,0.0,0.0,0.0,0.0,0.0,0.0,0.0,0.0,0.0,0.0,0.0,0.0,0.0,0.0,0.0,0.0,0.0,0,0.0,0
2384,勝華,電子工業,-1.46,0.0,0.0,0.0,0.0,0.0,0.0,0.0,0.0,0.0,0.0,0.0,0.0,0.0,0.0,0.0,0.0,0.0,0,0.0,0
2381,華宇,電腦及週邊設備業,0.0,0.0,0.0,0.0,0.0,0.0,0.0,0.0,0.0,0.0,0.0,0.0,0.0,0.0,0.0,0.0,0.0,0.0,0,0.0,0
6924,榮惠-KY創,創新版股票,5.69,1708679000.0,300295079.08611596,3.77,1879055408.8553169,6.26,13.77,22.02,6.99,29.01,43.76,181.6,86.21,116.0,0.74,0.38,1.57,2.02,3,0.0,0
8008,建興電,電腦及週邊設備業,0.0,0.0,0.0,0.0,0.0,0.0,0.0,0.0,0.0,0.0,0.0,0.0,0.0,0.0,0.0,0.0,0.0,0.0,0,0.0,0
910801,金衛-DR,存託憑證,0.0,0.0,0.0,0.0,0.0,0.0,0.0,0.0,0.0,0.0,0.0,0.0,0.0,4.17,0.0,0.0,0.0,0.0,0,0.0,0
2361,鴻友,電腦及週邊設備業,0.0,0.0,0.0,0.0,0.0,0.0,0.0,0.0,0.0,0.0,0.0,0.0,0.0,0.0,0.0,0.0,0.0,0.0,0,0.0,0
2350,環電,電子工業,0.0,0.0,0.0,0.0,0.0,0.0,0.0,0.0,0.0,0.0,0.0,0.0,0.0,0.0,0.0,0.0,0.0,0.0,0,0.0,0
6949,沛爾生醫-創,創新版股票,-7.23,30919000.0,0.0,0.0,28032697.458279844,0.0,0.0,0.0,0.0,0.0,0.0,0.0,0.0,1105.0,0.0,0.0,0.0,0.0,0,207.5,54
1107,建台,其他,0.0,0.0,0.0,0.0,0.0,0.0,0.0,0.0,0.0,0.0,0.0,0.0,0.0,0.0,0.0,0.0,0.0,0.0,0,0.0,0
6951,青新-創,創新版股票,5.39,842034000.0,156221521.33580706,3.36,1051094293.8687962,6.73,15.62,11.47,12.5,23.97,84.12,161.32,105.15,73.3,1.43,1.15,2.2,44.65,143,4.11,182
2336,致伸,電腦及週邊設備業,0.0,0.0,0.0,0.0,0.0,0.0,0.0,0.0,0.0,0.0,0.0,0.0,0.0,0.0,0.0,0.0,0.0,0.0,0,0.0,0
6969,成信實業*-創,創新版股票,-0.09,319390000.0,0.0,0.0,378123929.6884906,0.0,0.0,0.0,0.0,0.0,0.0,0.0,0.0,25.7,0.0,0.0,0.0,95.07,37,22.38,13
2315,神達,電腦及週邊設備業,0.0,0.0,0.0,0.0,0.0,0.0,0.0,0.0,0.0,0.0,0.0,0.0,0.0,0.0,0.0,0.0,0.0,0.0,0,0.0,0
6988,威力暘-創,創新版股票,-1.13,788074000.0,0.0,0.0,706036697.7922117,0.0,1202.03,2922.29,37.71,2960.0,0.0,0.0,0.0,0.0,0.0,0.0,0.0,0.0,0,0.0,0
2258,鴻華先進-創,創新版股票,0.0,0.0,0.0,0.0,0.0,0.0,0.0,0.0,0.0,0.0,0.0,0.0,0.0,0.0,0.0,0.0,0.0,0.0,0,0.0,0
2254,巨鎧精密-創,創新版股票,0.0,0.0,0.0,0.0,0.0,0.0,0.0,0.0,0.0,0.0,0.0,0.0,0.0,0.0,0.0,0.0,0.0,0.0,0,0.0,0
910861,神州-DR,存託憑證,0.0,0.0,0.0,0.0,0.0,0.0,0.0,0.0,0.0,0.0,0.0,0.0,0.0,4.11,0.0,0.0,0.0,14.95,149,7.82,65
910948,融達,存託憑證,0.0,0.0,0.0,0.0,0.0,0.0,0.0,0.0,0.0,0.0,0.0,0.0,0.0,0.0,0.0,0.0,0.0,0.0,0,0.0,0
020022,元大電動車N,ETN,0.0,0.0,0.0,0.0,0.0,0.0,0.0,0.0,0.0,0.0,0.0,0.0,0.0,0.0,0.0,0.0,0.0,0.0,0,0.0,0
3061,璨圓,電子工業,0.0,0.0,0.0,0.0,0.0,0.0,0.0,0.0,0.0,0.0,0.0,0.0,0.0,0.0,0.0,0.0,0.0,0.0,0,0.0,0
8078,華寶,通信網路業,0.0,0.0,0.0,0.0,0.0,0.0,0.0,0.0,0.0,0.0,0.0,0.0,0.0,0.0,0.0,0.0,0.0,0.0,0,0.0,0
2891A,中信特,金融保險,0.0,0.0,0.0,0.0,0.0,0.0,0.0,0.0,0.0,0.0,0.0,0.0,0.0,0.0,0.0,0.0,0.0,0.0,0,0.0,0
6645,金萬林-創,創新版股票,-2.41,548227000.0,0.0,0.0,645890247.1522288,0.0,0.0,0.0,0.0,0.0,0.0,0.0,0.0,14.3,0.0,0.0,0.0,2.78,10,49.01,99
2883A,開發特,金融保險,0.0,0.0,0.0,0.0,0.0,0.0,0.0,0.0,0.0,0.0,0.0,0.0,0.0,0.0,0.0,0.0,0.0,0.0,0,0.0,0
2854,寶來證,金融保險,0.0,0.0,0.0,0.0,0.0,0.0,0.0,0.0,0.0,0.0,0.0,0.0,0.0,0.0,0.0,0.0,0.0,0.0,0,0.0,0
2847,大眾銀,金融保險,0.0,0.0,0.0,0.0,0.0,0.0,0.0,0.0,0.0,0.0,0.0,0.0,0.0,0.0,0.0,0.0,0.0,0.0,0,0.0,0
2837,萬泰銀,金融保險,1.45,0.0,0.0,0.0,0.0,0.0,0.0,0.0,0.0,0.0,0.0,0.0,0.0,0.0,0.0,0.0,0.0,0.0,0,0.0,0
2833A,台壽甲,金融保險,0.0,0.0,0.0,0.0,0.0,0.0,0.0,0.0,0.0,0.0,0.0,0.0,0.0,0.0,0.0,0.0,0.0,0.0,0,0.0,0
2833,台壽保,金融保險,3.35,0.0,0.0,0.0,0.0,0.0,0.0,0.0,0.0,0.0,0.0,0.0,0.0,0.0,0.0,0.0,0.0,0.0,0,0.0,0
2831,中華銀,金融保險,0.0,0.0,0.0,0.0,0.0,0.0,0.0,0.0,0.0,0.0,0.0,0.0,0.0,0.0,0.0,0.0,0.0,0.0,0,0.0,0
6286,立錡,半導體業,0.0,0.0,0.0,0.0,0.0,0.0,0.0,0.0,0.0,0.0,0.0,0.0,0.0,0.0,0.0,0.0,0.0,0.0,0,0.0,0
2827,中聯,金融保險,0.0,0.0,0.0,0.0,0.0,0.0,0.0,0.0,0.0,0.0,0.0,0.0,0.0,0.0,0.0,0.0,0.0,0.0,0,0.0,0
6280,崇貿,電子工業,0.0,0.0,0.0,0.0,0.0,0.0,0.0,0.0,0.0,0.0,0.0,0.0,0.0,0.0,0.0,0.0,0.0,0.0,0,0.0,0
6255,奈普,電子工業,0.0,0.0,0.0,0.0,0.0,0.0,0.0,0.0,0.0,0.0,0.0,0.0,0.0,0.0,0.0,0.0,0.0,0.0,0,0.0,0
8199,廣鎵,電子工業,0.0,0.0,0.0,0.0,0.0,0.0,0.0,0.0,0.0,0.0,0.0,0.0,0.0,0.0,0.0,0.0,0.0,0.0,0,0.0,0
3367,英華達,其他電子業,0.0,0.0,0.0,0.0,0.0,0.0,0.0,0.0,0.0,0.0,0.0,0.0,0.0,0.0,0.0,0.0,0.0,0.0,0,0.0,0
8487,愛爾達-創,創新版股票,4.03,1038965000.0,257807692.3076923,3.56,1538734837.4183588,5.97,13.84,9.91,10.09,20.0,60.24,119.4,82.64,76.9,1.07,0.78,1.55,1.56,1,3.16,28
8162,微矽電子-創,創新版股票,1.56,1275748000.0,817787179.4871795,0.87,1238077978.689547,1.51,32.24,48.9,16.34,65.24,24.67,98.51,48.68,70.5,0.69,0.35,1.4,9.74,174,29.29,64
2807,竹商銀,金融保險,1.88,0.0,0.0,0.0,0.0,0.0,0.0,0.0,0.0,0.0,0.0,0.0,0.0,0.0,0.0,0.0,0.0,0.0,0,0.0,0
3271,其樂達,電子工業,0.0,0.0,0.0,0.0,0.0,0.0,0.0,0.0,0.0,0.0,0.0,0.0,0.0,0.0,0.0,0.0,0.0,0.0,0,0.0,0
3007,綠點,電子工業,0.0,0.0,0.0,0.0,0.0,0.0,0.0,0.0,0.0,0.0,0.0,0.0,0.0,0.0,0.0,0.0,0.0,0.0,0,0.0,0
3150,鈺寶-創,創新版股票,-0.21,305785000.0,0.0,0.0,299985461.9952558,0.0,69.33,113.89,23.61,137.5,0.0,0.0,0.0,17.55,0.0,0.0,0.0,5.52,2,9.95,50
3142,遠茂,電子工業,0.0,0.0,0.0,0.0,0.0,0.0,0.0,0.0,0.0,0.0,0.0,0.0,0.0,0.0,0.0,0.0,0.0,0.0,0,0.0,0
3080,威力盟,電子工業,0.0,0.0,0.0,0.0,0.0,0.0,0.0,0.0,0.0,0.0,0.0,0.0,0.0,0.0,0.0,0.0,0.0,0.0,0,0.0,0
00866,新光Shiller CAPE,ETF,0.0,0.0,0.0,0.0,0.0,0.0,0.0,0.0,0.0,0.0,0.0,0.0,0.0,0.0,0.0,0.0,0.0,0.0,0,0.0,0
0081,恒香港,ETF,0.0,0.0,0.0,0.0,0.0,0.0,0.0,0.0,0.0,0.0,0.0,0.0,0.0,0.0,0.0,0.0,0.0,0.0,0,0.0,0
0080,恒中國,ETF,0.0,0.0,0.0,0.0,0.0,0.0,0.0,0.0,0.0,0.0,0.0,0.0,0.0,0.0,0.0,0.0,0.0,0.0,0,0.0,0
6423,億而得-創,創新版股票,0.58,235415000.0,405887931.0344828,0.32,244892215.11869055,0.6,118.38,273.29,69.36,342.65,41.62,205.59,71.03,72.3,0.98,0.58,2.84,10.82,174,0.0,0
3063,飛信,電子工業,0.0,0.0,0.0,0.0,0.0,0.0,0.0,0.0,0.0,0.0,0.0,0.0,0.0,0.0,0.0,0.0,0.0,0.0,0,0.0,0
3214,元砷,電子工業,0.0,0.0,0.0,0.0,0.0,0.0,0.0,0.0,0.0,0.0,0.0,0.0,0.0,0.0,0.0,0.0,0.0,0.0,0,0.0,0
3053,鼎營,電子工業,0.0,0.0,0.0,0.0,0.0,0.0,0.0,0.0,0.0,0.0,0.0,0.0,0.0,0.0,0.0,0.0,0.0,0.0,0,0.0,0
6534,正瀚-創,創新版股票,4.52,1800744000.0,398394690.2654868,3.72,1894362853.6271114,4.75,20.98,18.35,15.55,33.9,73.86,161.02,99.63,93.7,1.06,0.79,1.72,3.97,176,54.24,42
3020,奇普仕,電子通路業,0.0,0.0,0.0,0.0,0.0,0.0,0.0,0.0,0.0,0.0,0.0,0.0,0.0,0.0,0.0,0.0,0.0,0.0,0,0.0,0
3009,奇美電,電子工業,0.0,0.0,0.0,0.0,0.0,0.0,0.0,0.0,0.0,0.0,0.0,0.0,0.0,0.0,0.0,0.0,0.0,0.0,0,0.0,0
00906,大華元宇宙科技50,ETF,0.0,0.0,0.0,0.0,0.0,0.0,0.0,0.0,0.0,0.0,0.0,0.0,0.0,0.0,0.0,0.0,0.0,0.0,0,0.0,0
3474,華亞科,半導體業,0.0,0.0,0.0,0.0,0.0,0.0,0.0,0.0,0.0,0.0,0.0,0.0,0.0,0.0,0.0,0.0,0.0,0.0,0,0.0,0
2887C,新丙特,金融保險,0.0,0.0,0.0,0.0,0.0,0.0,0.0,0.0,0.0,0.0,0.0,0.0,0.0,0.0,0.0,0.0,0.0,0.0,0,0.0,0
6771,平和環保-創,創新版股票,3.64,630138000.0,173114835.16483516,1.87,533160945.7218352,3.08,13.27,5.54,10.29,15.83,31.69,48.76,40.86,38.7,1.06,0.82,1.26,0.58,1,0.72,5
2473,思源,半導體業,0.0,0.0,0.0,0.0,0.0,0.0,0.0,0.0,0.0,0.0,0.0,0.0,0.0,0.0,0.0,0.0,0.0,0.0,0,0.0,0
00729R,第一金工業30反1,ETF,0.0,0.0,0.0,0.0,0.0,0.0,0.0,0.0,0.0,0.0,0.0,0.0,0.0,19.75,0.0,0.0,0.0,0.0,0,0.0,0
2479,和立,電子工業,0.0,0.0,0.0,0.0,0.0,0.0,0.0,0.0,0.0,0.0,0.0,0.0,0.0,0.0,0.0,0.0,0.0,0.0,0,0.0,0
3614,誠致,電子工業,0.0,0.0,0.0,0.0,0.0,0.0,0.0,0.0,0.0,0.0,0.0,0.0,0.0,0.0,0.0,0.0,0.0,0.0,0,0.0,0
3573,穎台,電子工業,0.0,0.0,0.0,0.0,0.0,0.0,0.0,0.0,0.0,0.0,0.0,0.0,0.0,0.0,0.0,0.0,0.0,0.0,0,0.0,0
6794,向榮生技-創,創新版股票,-1.89,34051000.0,0.0,0.0,17986723.12451663,0.0,0.0,0.0,0.0,0.0,0.0,0.0,0.0,78.3,0.0,0.0,0.0,3.63,38,53.47,68
3534,雷凌,電子工業,0.0,0.0,0.0,0.0,0.0,0.0,0.0,0.0,0.0,0.0,0.0,0.0,0.0,0.0,0.0,0.0,0.0,0.0,0,0.0,0
3584,介面,光電業,0.0,0.0,0.0,0.0,0.0,0.0,0.0,0.0,0.0,0.0,0.0,0.0,0.0,0.0,0.0,0.0,0.0,0.0,0,0.0,0
3598,奕力,半導體業,0.0,0.0,0.0,0.0,0.0,0.0,0.0,0.0,0.0,0.0,0.0,0.0,0.0,0.0,0.0,0.0,0.0,0.0,0,0.0,0
2494,廣業科,通信網路業,0.0,0.0,0.0,0.0,0.0,0.0,0.0,0.0,0.0,0.0,0.0,0.0,0.0,0.0,0.0,0.0,0.0,0.0,0,0.0,0
2526,大陸,建材營造,0.0,0.0,0.0,0.0,0.0,0.0,0.0,0.0,0.0,0.0,0.0,0.0,0.0,0.0,0.0,0.0,0.0,0.0,0,0.0,0
3599,旺能,電子工業,0.0,0.0,0.0,0.0,0.0,0.0,0.0,0.0,0.0,0.0,0.0,0.0,0.0,0.0,0.0,0.0,0.0,0.0,0,0.0,0
6702,興航,航運業,0.0,0.0,0.0,0.0,0.0,0.0,0.0,0.0,0.0,0.0,0.0,0.0,0.0,0.0,0.0,0.0,0.0,0.0,0,0.0,0
6457,紘康,半導體業,0.0,0.0,0.0,0.0,0.0,0.0,0.0,0.0,0.0,0.0,0.0,0.0,0.0,62.1,0.0,0.0,0.0,19.8,97,0.0,0
00857B,永豐20年美公債,上櫃指數股票型基金(ETF),0.0,0.0,0.0,0.0,0.0,0.0,0.0,0.0,0.0,0.0,0.0,0.0,0.0,23.18,0.0,0.0,0.0,7.52,57,13.69,134
00886,永豐美國科技,上櫃指數股票型基金(ETF),0.0,0.0,0.0,0.0,0.0,0.0,0.0,0.0,0.0,0.0,0.0,0.0,0.0,45.56,0.0,0.0,0.0,6.88,146,13.53,105
00679B,元大美債20年,上櫃指數股票型基金(ETF),0.0,0.0,0.0,0.0,0.0,0.0,0.0,0.0,0.0,0.0,0.0,0.0,0.0,26.82,0.0,0.0,0.0,6.8,20,13.14,99
00846B,富邦歐洲銀行債,上櫃指數股票型基金(ETF),0.0,0.0,0.0,0.0,0.0,0.0,0.0,0.0,0.0,0.0,0.0,0.0,0.0,36.34,0.0,0.0,0.0,1.74,17,11.31,183
00856B,永豐1-3年美公債,上櫃指數股票型基金(ETF),0.0,0.0,0.0,0.0,0.0,0.0,0.0,0.0,0.0,0.0,0.0,0.0,0.0,38.03,0.0,0.0,0.0,1.36,20,8.8,155
00887,永豐中國科技50大,上櫃指數股票型基金(ETF),0.0,0.0,0.0,0.0,0.0,0.0,0.0,0.0,0.0,0.0,0.0,0.0,0.0,18.11,0.0,0.0,0.0,284.46,83,67.52,180
00791B,復華信用債1-5,上櫃指數股票型基金(ETF),0.0,0.0,0.0,0.0,0.0,0.0,0.0,0.0,0.0,0.0,0.0,0.0,0.0,57.75,0.0,0.0,0.0,2.0,181,9.83,182
00724B,群益投資級金融債,上櫃指數股票型基金(ETF),0.0,0.0,0.0,0.0,0.0,0.0,0.0,0.0,0.0,0.0,0.0,0.0,0.0,33.58,0.0,0.0,0.0,2.69,64,13.87,183
00888,永豐台灣ESG,上櫃指數股票型基金(ETF),0.0,0.0,0.0,0.0,0.0,0.0,0.0,0.0,0.0,0.0,0.0,0.0,0.0,37.16,0.0,0.0,0.0,0.0,0,35.13,184
00790B,復華次順位金融債,上櫃指數股票型基金(ETF),0.0,0.0,0.0,0.0,0.0,0.0,0.0,0.0,0.0,0.0,0.0,0.0,0.0,53.2,0.0,0.0,0.0,3.26,57,0.0,0
00890B,凱基ESG BBB債15+,上櫃指數股票型基金(ETF),0.0,0.0,0.0,0.0,0.0,0.0,0.0,0.0,0.0,0.0,0.0,0.0,0.0,32.22,0.0,0.0,0.0,3.18,64,11.62,99
00789B,復華公司債A3,上櫃指數股票型基金(ETF),0.0,0.0,0.0,0.0,0.0,0.0,0.0,0.0,0.0,0.0,0.0,0.0,0.0,48.28,0.0,0.0,0.0,4.19,64,11.69,93
00847B,中信美國市政債,上櫃指數股票型基金(ETF),0.0,0.0,0.0,0.0,0.0,0.0,0.0,0.0,0.0,0.0,0.0,0.0,0.0,25.8,0.0,0.0,0.0,5.01,20,12.24,99
00687B,國泰20年美債,上櫃指數股票型基金(ETF),0.0,0.0,0.0,0.0,0.0,0.0,0.0,0.0,0.0,0.0,0.0,0.0,0.0,27.89,0.0,0.0,0.0,7.61,57,13.8,134
00853B,統一美債10年Aa-A,上櫃指數股票型基金(ETF),0.0,0.0,0.0,0.0,0.0,0.0,0.0,0.0,0.0,0.0,0.0,0.0,0.0,27.6,0.0,0.0,0.0,5.35,64,12.85,134
00788B,元大10年IG電能債,上櫃指數股票型基金(ETF),0.0,0.0,0.0,0.0,0.0,0.0,0.0,0.0,0.0,0.0,0.0,0.0,0.0,30.29,0.0,0.0,0.0,5.64,64,12.09,183
00848B,中信新興亞洲債,上櫃指數股票型基金(ETF),0.0,0.0,0.0,0.0,0.0,0.0,0.0,0.0,0.0,0.0,0.0,0.0,0.0,34.22,0.0,0.0,0.0,3.35,64,12.26,181
00722B,群益投資級電信債,上櫃指數股票型基金(ETF),0.0,0.0,0.0,0.0,0.0,0.0,0.0,0.0,0.0,0.0,0.0,0.0,0.0,35.32,0.0,0.0,0.0,3.47,64,12.35,93
00758B,復華能源債,上櫃指數股票型基金(ETF),0.0,0.0,0.0,0.0,0.0,0.0,0.0,0.0,0.0,0.0,0.0,0.0,0.0,51.65,0.0,0.0,0.0,3.23,20,13.32,183
00792B,群益A級公司債,上櫃指數股票型基金(ETF),0.0,0.0,0.0,0.0,0.0,0.0,0.0,0.0,0.0,0.0,0.0,0.0,0.0,31.65,0.0,0.0,0.0,5.39,64,13.16,134
00793B,群益AAA-A醫療債,上櫃指數股票型基金(ETF),0.0,0.0,0.0,0.0,0.0,0.0,0.0,0.0,0.0,0.0,0.0,0.0,0.0,30.69,0.0,0.0,0.0,5.56,64,13.24,134
00841B,凱基AAA-AA公司債,上櫃指數股票型基金(ETF),0.0,0.0,0.0,0.0,0.0,0.0,0.0,0.0,0.0,0.0,0.0,0.0,0.0,28.74,0.0,0.0,0.0,4.47,64,12.33,99
00883B,中信ESG投資級債,上櫃指數股票型基金(ETF),0.0,0.0,0.0,0.0,0.0,0.0,0.0,0.0,0.0,0.0,0.0,0.0,0.0,30.98,0.0,0.0,0.0,3.26,57,11.73,104
00840B,凱基IG精選15+,上櫃指數股票型基金(ETF),0.0,0.0,0.0,0.0,0.0,0.0,0.0,0.0,0.0,0.0,0.0,0.0,0.0,29.85,0.0,0.0,0.0,4.22,64,12.57,134
00864B,中信美國公債0-1,上櫃指數股票型基金(ETF),0.0,0.0,0.0,0.0,0.0,0.0,0.0,0.0,0.0,0.0,0.0,0.0,0.0,46.86,0.0,0.0,0.0,3.98,181,7.18,181
00862B,中信投資級公司債,上櫃指數股票型基金(ETF),0.0,0.0,0.0,0.0,0.0,0.0,0.0,0.0,0.0,0.0,0.0,0.0,0.0,31.59,0.0,0.0,0.0,4.05,59,12.41,134
00726B,國泰新興投等債,上櫃指數股票型基金(ETF),0.0,0.0,0.0,0.0,0.0,0.0,0.0,0.0,0.0,0.0,0.0,0.0,0.0,33.36,0.0,0.0,0.0,2.97,64,10.49,181
00727B,國泰優選非投等債,上櫃指數股票型基金(ETF),0.0,0.0,0.0,0.0,0.0,0.0,0.0,0.0,0.0,0.0,0.0,0.0,0.0,39.55,0.0,0.0,0.0,3.91,184,10.4,181
00842B,台新美元銀行債,上櫃指數股票型基金(ETF),0.0,0.0,0.0,0.0,0.0,0.0,0.0,0.0,0.0,0.0,0.0,0.0,0.0,30.1,0.0,0.0,0.0,4.7,57,13.54,181
006201,元大富櫃50,上櫃指數股票型基金(ETF),0.0,0.0,0.0,0.0,0.0,0.0,0.0,0.0,0.0,0.0,0.0,0.0,0.0,44.56,0.0,0.0,0.0,1.58,99,35.14,184
00867B,新光A-BBB電信債,上櫃指數股票型基金(ETF),0.0,0.0,0.0,0.0,0.0,0.0,0.0,0.0,0.0,0.0,0.0,0.0,0.0,30.88,0.0,0.0,0.0,3.37,64,12.15,99
00836B,永豐10年A公司債,上櫃指數股票型基金(ETF),0.0,0.0,0.0,0.0,0.0,0.0,0.0,0.0,0.0,0.0,0.0,0.0,0.0,28.69,0.0,0.0,0.0,4.75,64,13.01,135
00834B,第一金金融債10+,上櫃指數股票型基金(ETF),0.0,0.0,0.0,0.0,0.0,0.0,0.0,0.0,0.0,0.0,0.0,0.0,0.0,34.28,0.0,0.0,0.0,3.27,57,13.31,183
00863B,中信全球電信債,上櫃指數股票型基金(ETF),0.0,0.0,0.0,0.0,0.0,0.0,0.0,0.0,0.0,0.0,0.0,0.0,0.0,31.83,0.0,0.0,0.0,3.95,57,11.87,135
00870B,元大15年EM主權債,上櫃指數股票型基金(ETF),0.0,0.0,0.0,0.0,0.0,0.0,0.0,0.0,0.0,0.0,0.0,0.0,0.0,28.58,0.0,0.0,0.0,4.54,64,12.22,134
00799B,國泰A級醫療債,上櫃指數股票型基金(ETF),0.0,0.0,0.0,0.0,0.0,0.0,0.0,0.0,0.0,0.0,0.0,0.0,0.0,29.73,0.0,0.0,0.0,4.12,64,11.87,99
00720B,元大投資級公司債,上櫃指數股票型基金(ETF),0.0,0.0,0.0,0.0,0.0,0.0,0.0,0.0,0.0,0.0,0.0,0.0,0.0,33.26,0.0,0.0,0.0,5.01,64,11.66,98
00859B,群益0-1年美債,上櫃指數股票型基金(ETF),0.0,0.0,0.0,0.0,0.0,0.0,0.0,0.0,0.0,0.0,0.0,0.0,0.0,41.35,0.0,0.0,0.0,2.11,181,7.02,139
00877,復華中國5G,上櫃指數股票型基金(ETF),0.0,0.0,0.0,0.0,0.0,0.0,0.0,0.0,0.0,0.0,0.0,0.0,0.0,42.77,0.0,0.0,0.0,22.87,83,103.35,184
00844B,新光15年IG金融債,上櫃指數股票型基金(ETF),0.0,0.0,0.0,0.0,0.0,0.0,0.0,0.0,0.0,0.0,0.0,0.0,0.0,31.73,0.0,0.0,0.0,3.04,57,0.0,0
00795B,中信美國公債20年,上櫃指數股票型基金(ETF),0.0,0.0,0.0,0.0,0.0,0.0,0.0,0.0,0.0,0.0,0.0,0.0,0.0,27.01,0.0,0.0,0.0,6.62,20,13.01,99
00794B,群益7+中國政金債,上櫃指數股票型基金(ETF),0.0,0.0,0.0,0.0,0.0,0.0,0.0,0.0,0.0,0.0,0.0,0.0,0.0,39.82,0.0,0.0,0.0,3.66,182,2.66,36
00723B,群益投資級科技債,上櫃指數股票型基金(ETF),0.0,0.0,0.0,0.0,0.0,0.0,0.0,0.0,0.0,0.0,0.0,0.0,0.0,30.18,0.0,0.0,0.0,3.17,64,12.59,93
00858,永豐美國500大,上櫃指數股票型基金(ETF),0.0,0.0,0.0,0.0,0.0,0.0,0.0,0.0,0.0,0.0,0.0,0.0,0.0,37.19,0.0,0.0,0.0,1.02,146,13.9,181
00845B,富邦新興投等債,上櫃指數股票型基金(ETF),0.0,0.0,0.0,0.0,0.0,0.0,0.0,0.0,0.0,0.0,0.0,0.0,0.0,33.7,0.0,0.0,0.0,1.85,83,11.85,177
00860B,群益1-5Y投資級債,上櫃指數股票型基金(ETF),0.0,0.0,0.0,0.0,0.0,0.0,0.0,0.0,0.0,0.0,0.0,0.0,0.0,38.7,0.0,0.0,0.0,1.47,20,8.38,182
00884B,中信低碳新興債,上櫃指數股票型基金(ETF),0.0,0.0,0.0,0.0,0.0,0.0,0.0,0.0,0.0,0.0,0.0,0.0,0.0,29.45,0.0,0.0,0.0,4.86,64,14.84,134
00959B,大華投等美債15Y+,上櫃指數股票型基金(ETF),0.0,0.0,0.0,0.0,0.0,0.0,0.0,0.0,0.0,0.0,0.0,0.0,0.0,9.39,0.0,0.0,0.0,1.89,21,11.43,99
00694B,富邦美債1-3,上櫃指數股票型基金(ETF),0.0,0.0,0.0,0.0,0.0,0.0,0.0,0.0,0.0,0.0,0.0,0.0,0.0,42.18,0.0,0.0,0.0,2.68,181,9.71,177
00969B,元大零息超長美債,上櫃指數股票型基金(ETF),0.0,0.0,0.0,0.0,0.0,0.0,0.0,0.0,0.0,0.0,0.0,0.0,0.0,8.32,0.0,0.0,0.0,0.0,0,19.31,99
00937B,群益ESG投等債20+,上櫃指數股票型基金(ETF),0.0,0.0,0.0,0.0,0.0,0.0,0.0,0.0,0.0,0.0,0.0,0.0,0.0,14.79,0.0,0.0,0.0,3.46,64,11.88,93
00777B,凱基AAA至A公司債,上櫃指數股票型基金(ETF),0.0,0.0,0.0,0.0,0.0,0.0,0.0,0.0,0.0,0.0,0.0,0.0,0.0,32.4,0.0,0.0,0.0,5.0,64,12.47,99
00750B,凱基科技債10+,上櫃指數股票型基金(ETF),0.0,0.0,0.0,0.0,0.0,0.0,0.0,0.0,0.0,0.0,0.0,0.0,0.0,32.73,0.0,0.0,0.0,4.3,64,12.25,93
00968B,元大優息投等債,上櫃指數股票型基金(ETF),0.0,0.0,0.0,0.0,0.0,0.0,0.0,0.0,0.0,0.0,0.0,0.0,0.0,9.29,0.0,0.0,0.0,0.0,0,10.84,98
00787B,元大10年IG醫療債,上櫃指數股票型基金(ETF),0.0,0.0,0.0,0.0,0.0,0.0,0.0,0.0,0.0,0.0,0.0,0.0,0.0,32.57,0.0,0.0,0.0,4.58,57,14.47,135
00773B,中信優先金融債,上櫃指數股票型基金(ETF),0.0,0.0,0.0,0.0,0.0,0.0,0.0,0.0,0.0,0.0,0.0,0.0,0.0,35.86,0.0,0.0,0.0,4.12,57,13.17,134
00942B,台新美A公司債20+,上櫃指數股票型基金(ETF),0.0,0.0,0.0,0.0,0.0,0.0,0.0,0.0,0.0,0.0,0.0,0.0,0.0,14.22,0.0,0.0,0.0,4.13,64,12.53,99
00967B,元大優息美債,上櫃指數股票型基金(ETF),0.0,0.0,0.0,0.0,0.0,0.0,0.0,0.0,0.0,0.0,0.0,0.0,0.0,9.19,0.0,0.0,0.0,2.4,119,11.61,134
00966B,統一ESG投等債15+,上櫃指數股票型基金(ETF),0.0,0.0,0.0,0.0,0.0,0.0,0.0,0.0,0.0,0.0,0.0,0.0,0.0,13.91,0.0,0.0,0.0,2.83,78,12.01,104
00772B,中信高評級公司債,上櫃指數股票型基金(ETF),0.0,0.0,0.0,0.0,0.0,0.0,0.0,0.0,0.0,0.0,0.0,0.0,0.0,33.57,0.0,0.0,0.0,4.16,57,12.17,134
00948B,中信優息投資級債,上櫃指數股票型基金(ETF),0.0,0.0,0.0,0.0,0.0,0.0,0.0,0.0,0.0,0.0,0.0,0.0,0.0,9.43,0.0,0.0,0.0,3.24,64,11.57,104
00749B,凱基新興債10+,上櫃指數股票型基金(ETF),0.0,0.0,0.0,0.0,0.0,0.0,0.0,0.0,0.0,0.0,0.0,0.0,0.0,31.66,0.0,0.0,0.0,3.92,64,14.73,159
00768B,復華20年美債,上櫃指數股票型基金(ETF),0.0,0.0,0.0,0.0,0.0,0.0,0.0,0.0,0.0,0.0,0.0,0.0,0.0,50.3,0.0,0.0,0.0,7.57,57,11.69,99
00950B,凱基A級公司債,上櫃指數股票型基金(ETF),0.0,0.0,0.0,0.0,0.0,0.0,0.0,0.0,0.0,0.0,0.0,0.0,0.0,14.1,0.0,0.0,0.0,4.37,64,11.68,134
00764B,群益25年美債,上櫃指數股票型基金(ETF),0.0,0.0,0.0,0.0,0.0,0.0,0.0,0.0,0.0,0.0,0.0,0.0,0.0,27.85,0.0,0.0,0.0,7.55,57,13.56,134
00696B,富邦美債20年,上櫃指數股票型基金(ETF),0.0,0.0,0.0,0.0,0.0,0.0,0.0,0.0,0.0,0.0,0.0,0.0,0.0,28.93,0.0,0.0,0.0,7.43,57,13.85,134
00755B,群益投資級公用債,上櫃指數股票型基金(ETF),0.0,0.0,0.0,0.0,0.0,0.0,0.0,0.0,0.0,0.0,0.0,0.0,0.0,33.01,0.0,0.0,0.0,4.52,64,12.33,99
00756B,群益投等新興公債,上櫃指數股票型基金(ETF),0.0,0.0,0.0,0.0,0.0,0.0,0.0,0.0,0.0,0.0,0.0,0.0,0.0,31.84,0.0,0.0,0.0,2.98,64,13.59,120
00955,中信日本商社,上櫃指數股票型基金(ETF),0.0,0.0,0.0,0.0,0.0,0.0,0.0,0.0,0.0,0.0,0.0,0.0,0.0,14.53,0.0,0.0,0.0,5.25,48,55.57,184
00761B,國泰A級公司債,上櫃指數股票型基金(ETF),0.0,0.0,0.0,0.0,0.0,0.0,0.0,0.0,0.0,0.0,0.0,0.0,0.0,34.5,0.0,0.0,0.0,3.74,64,11.87,99
00760B,復華新興企業債,上櫃指數股票型基金(ETF),0.0,0.0,0.0,0.0,0.0,0.0,0.0,0.0,0.0,0.0,0.0,0.0,0.0,54.25,0.0,0.0,0.0,2.4,64,12.12,120
00957B,兆豐US優選投等債,上櫃指數股票型基金(ETF),0.0,0.0,0.0,0.0,0.0,0.0,0.0,0.0,0.0,0.0,0.0,0.0,0.0,13.41,0.0,0.0,0.0,1.13,8,11.95,93
00697B,元大美債7-10,上櫃指數股票型基金(ETF),0.0,0.0,0.0,0.0,0.0,0.0,0.0,0.0,0.0,0.0,0.0,0.0,0.0,35.94,0.0,0.0,0.0,3.8,20,11.37,138
00958B,永豐ESG銀行債15+,上櫃指數股票型基金(ETF),0.0,0.0,0.0,0.0,0.0,0.0,0.0,0.0,0.0,0.0,0.0,0.0,0.0,9.33,0.0,0.0,0.0,0.7,1,13.56,183
00759B,復華製藥債,上櫃指數股票型基金(ETF),0.0,0.0,0.0,0.0,0.0,0.0,0.0,0.0,0.0,0.0,0.0,0.0,0.0,54.8,0.0,0.0,0.0,4.28,64,13.08,99
00754B,群益AAA-AA公司債,上櫃指數股票型基金(ETF),0.0,0.0,0.0,0.0,0.0,0.0,0.0,0.0,0.0,0.0,0.0,0.0,0.0,33.08,0.0,0.0,0.0,4.17,64,12.12,104
00970B,新光BBB投等債20+,上櫃指數股票型基金(ETF),0.0,0.0,0.0,0.0,0.0,0.0,0.0,0.0,0.0,0.0,0.0,0.0,0.0,9.35,0.0,0.0,0.0,3.12,77,11.82,104
00751B,元大AAA至A公司債,上櫃指數股票型基金(ETF),0.0,0.0,0.0,0.0,0.0,0.0,0.0,0.0,0.0,0.0,0.0,0.0,0.0,31.38,0.0,0.0,0.0,5.0,57,12.6,134
00933B,國泰10Y+金融債,上櫃指數股票型基金(ETF),0.0,0.0,0.0,0.0,0.0,0.0,0.0,0.0,0.0,0.0,0.0,0.0,0.0,16.0,0.0,0.0,0.0,3.68,57,12.45,183
00719B,元大美債1-3,上櫃指數股票型基金(ETF),0.0,0.0,0.0,0.0,0.0,0.0,0.0,0.0,0.0,0.0,0.0,0.0,0.0,31.6,0.0,0.0,0.0,2.38,181,8.12,177
00786B,元大10年IG銀行債,上櫃指數股票型基金(ETF),0.0,0.0,0.0,0.0,0.0,0.0,0.0,0.0,0.0,0.0,0.0,0.0,0.0,32.93,0.0,0.0,0.0,2.57,64,13.38,183
00718B,富邦中國政策債,上櫃指數股票型基金(ETF),0.0,0.0,0.0,0.0,0.0,0.0,0.0,0.0,0.0,0.0,0.0,0.0,0.0,19.05,0.0,0.0,0.0,1.91,20,0.0,0
00785B,富邦金融投等債,上櫃指數股票型基金(ETF),0.0,0.0,0.0,0.0,0.0,0.0,0.0,0.0,0.0,0.0,0.0,0.0,0.0,34.88,0.0,0.0,0.0,4.1,57,13.96,183
00734B,台新JPM新興債,上櫃指數股票型基金(ETF),0.0,0.0,0.0,0.0,0.0,0.0,0.0,0.0,0.0,0.0,0.0,0.0,0.0,0.0,0.0,0.0,0.0,3.01,64,13.45,134
00784B,富邦中國投等債,上櫃指數股票型基金(ETF),0.0,0.0,0.0,0.0,0.0,0.0,0.0,0.0,0.0,0.0,0.0,0.0,0.0,39.32,0.0,0.0,0.0,1.64,181,0.0,0
00781B,國泰A級科技債,上櫃指數股票型基金(ETF),0.0,0.0,0.0,0.0,0.0,0.0,0.0,0.0,0.0,0.0,0.0,0.0,0.0,28.03,0.0,0.0,0.0,4.01,57,11.54,134
00780B,國泰A級金融債,上櫃指數股票型基金(ETF),0.0,0.0,0.0,0.0,0.0,0.0,0.0,0.0,0.0,0.0,0.0,0.0,0.0,37.63,0.0,0.0,0.0,2.35,20,10.33,182
00725B,國泰投資級公司債,上櫃指數股票型基金(ETF),0.0,0.0,0.0,0.0,0.0,0.0,0.0,0.0,0.0,0.0,0.0,0.0,0.0,34.86,0.0,0.0,0.0,4.02,64,12.4,93
00695B,富邦美債7-10,上櫃指數股票型基金(ETF),0.0,0.0,0.0,0.0,0.0,0.0,0.0,0.0,0.0,0.0,0.0,0.0,0.0,35.37,0.0,0.0,0.0,3.61,20,11.73,176
00782B,國泰A級公用債,上櫃指數股票型基金(ETF),0.0,0.0,0.0,0.0,0.0,0.0,0.0,0.0,0.0,0.0,0.0,0.0,0.0,30.3,0.0,0.0,0.0,5.75,64,13.03,93
00740B,富邦全球投等債,上櫃指數股票型基金(ETF),0.0,0.0,0.0,0.0,0.0,0.0,0.0,0.0,0.0,0.0,0.0,0.0,0.0,38.5,0.0,0.0,0.0,3.04,64,11.68,183
00746B,富邦A級公司債,上櫃指數股票型基金(ETF),0.0,0.0,0.0,0.0,0.0,0.0,0.0,0.0,0.0,0.0,0.0,0.0,0.0,35.37,0.0,0.0,0.0,4.32,64,12.92,183
00778B,凱基金融債20+,上櫃指數股票型基金(ETF),0.0,0.0,0.0,0.0,0.0,0.0,0.0,0.0,0.0,0.0,0.0,0.0,0.0,34.28,0.0,0.0,0.0,5.09,57,13.47,135
00931B,統一美債20年,上櫃指數股票型基金(ETF),0.0,0.0,0.0,0.0,0.0,0.0,0.0,0.0,0.0,0.0,0.0,0.0,0.0,13.58,0.0,0.0,0.0,6.69,57,12.75,132
00779B,凱基美債25+,上櫃指數股票型基金(ETF),0.0,0.0,0.0,0.0,0.0,0.0,0.0,0.0,0.0,0.0,0.0,0.0,0.0,28.2,0.0,0.0,0.0,7.71,57,14.02,134
00849B,中信EM主權債0-5,上櫃指數股票型基金(ETF),0.0,0.0,0.0,0.0,0.0,0.0,0.0,0.0,0.0,0.0,0.0,0.0,0.0,37.68,0.0,0.0,0.0,2.28,182,9.57,181
00928,中信上櫃ESG 30,上櫃指數股票型基金(ETF),0.0,0.0,0.0,0.0,0.0,0.0,0.0,0.0,0.0,0.0,0.0,0.0,0.0,31.52,0.0,0.0,0.0,0.0,0,41.21,184
00741B,富邦全球非投等債,上櫃指數股票型基金(ETF),0.0,0.0,0.0,0.0,0.0,0.0,0.0,0.0,0.0,0.0,0.0,0.0,0.0,37.7,0.0,0.0,0.0,2.11,184,8.81,181
020016,統一MSCI美科技N,ETN,0.0,0.0,0.0,0.0,0.0,0.0,0.0,0.0,0.0,0.0,0.0,0.0,0.0,0.0,0.0,0.0,0.0,0.0,0,0.0,0
020015,統一MSCI美低波N,ETN,0.0,0.0,0.0,0.0,0.0,0.0,0.0,0.0,0.0,0.0,0.0,0.0,0.0,0.0,0.0,0.0,0.0,0.0,0,0.0,0
3202,樺晟,電子零組件業,-0.8,2863876000.0,0.0,0.0,0.0,0.0,0.0,0.0,0.0,0.0,0.0,0.0,0.0,3.96,0.0,0.0,0.0,1.73,1,0.0,0
2437,旺詮,電子工業,0.0,0.0,0.0,0.0,0.0,0.0,0.0,0.0,0.0,0.0,0.0,0.0,0.0,0.0,0.0,0.0,0.0,0.0,0,0.0,0
5348,正能量智能,通信網路業,-1.49,274780000.0,0.0,0.0,314744105.4307777,0.0,1351.11,190.0,1285.0,1475.0,0.0,0.0,0.0,15.55,0.0,0.0,0.0,107.34,91,0.0,0
5314,世紀*,半導體業,5.56,2765245000.0,497346223.0215828,6.62,7435527934.214665,14.95,38.8,100.43,10.74,111.17,160.56,1661.99,580.09,64.2,9.04,2.5,25.89,325.87,184,111.45,72
5443,均豪,光電業,2.59,4662722000.0,1800278764.4787645,1.51,4724012525.7806635,2.62,49.59,61.12,30.6,91.72,80.17,240.31,129.93,108.5,1.2,0.74,2.21,64.89,83,32.27,68
6240,松崗,其他,-1.15,53259000.0,0.0,0.0,51999485.05880085,0.0,38.16,72.27,12.73,85.0,0.0,0.0,0.0,18.55,0.0,0.0,0.0,16.23,3,15.0,20
3521,鴻翊,電腦及週邊設備業,-0.09,241478000.0,0.0,0.0,25017873.167177085,0.0,5.42,0.77,5.09,5.86,0.0,0.0,0.0,12.6,0.0,0.0,0.0,5.16,143,25.88,149
4950,金耘國際,其他,-0.06,936308000.0,0.0,0.0,1274571236.3433163,0.0,38.02,4.07,36.74,40.81,0.0,0.0,0.0,16.0,0.0,0.0,0.0,118.58,64,177.72,118
6187,萬潤,其他電子類,15.46,5648264000.0,365346959.8965071,11.06,6860663964.100279,18.78,41.35,77.46,13.8,91.26,259.16,1713.86,776.62,1075.0,0.72,0.24,1.59,108.85,83,1.47,5
6829,千附精密,電機機械,3.95,1822694000.0,461441518.98734176,2.94,2460925330.244805,5.33,29.37,51.19,17.92,69.11,95.51,368.36,156.55,231.5,0.68,0.41,1.59,14.23,92,28.05,49
8383,千附,其他電子類,3.42,3254284000.0,951545029.2397661,2.95,4949626225.853715,5.2,14.96,13.27,10.87,24.14,56.52,125.53,77.81,87.1,0.89,0.65,1.44,0.85,90,11.68,43
6208,日揚,電子零組件業,2.52,3781837000.0,1500728968.2539682,1.39,3770681000.080734,2.51,16.95,22.86,12.3,35.16,30.87,88.25,42.54,88.3,0.48,0.35,1.0,35.05,77,24.31,30
00925,新光標普電動車,ETF,0.0,0.0,0.0,0.0,0.0,0.0,0.0,0.0,0.0,0.0,0.0,0.0,0.0,16.1,0.0,0.0,0.0,8.07,164,0.0,0
6287,元隆,半導體業,-2.31,540288000.0,0.0,0.0,0.0,0.0,0.0,0.0,0.0,0.0,0.0,0.0,0.0,8.89,0.0,0.0,0.0,18.48,16,0.0,0
6589,台康生技,生技醫療業,-2.52,985778000.0,0.0,0.0,1393017969.9372315,0.0,0.0,0.0,0.0,0.0,0.0,0.0,0.0,46.25,0.0,0.0,0.0,1.73,1,28.77,121
020018,統一價值成長30N,ETN,0.0,0.0,0.0,0.0,0.0,0.0,0.0,0.0,0.0,0.0,0.0,0.0,0.0,24.94,0.0,0.0,0.0,3.0,132,0.0,0
020019,統一特選台灣5GN,ETN,0.0,0.0,0.0,0.0,0.0,0.0,0.0,0.0,0.0,0.0,0.0,0.0,0.0,21.59,0.0,0.0,0.0,0.0,0,0.0,0
4945,陞達科技,半導體業,0.87,477318000.0,548641379.3103448,0.0,0.0,0.0,27.09,17.36,17.06,34.42,0.0,0.0,0.0,76.1,0.0,0.0,0.0,0.49,1,2.9,13
8497,格威傳媒,其他,0.0,0.0,0.0,0.0,0.0,0.0,0.0,0.0,0.0,0.0,0.0,0.0,0.0,47.85,0.0,0.0,0.0,0.0,0,0.0,0
2888A,新光金甲特,金融保險,0.0,0.0,0.0,0.0,0.0,0.0,0.0,0.0,0.0,0.0,0.0,0.0,0.0,36.5,0.0,0.0,0.0,22.49,38,0.0,0
2897A,王道銀甲特,金融保險,0.0,0.0,0.0,0.0,0.0,0.0,0.0,0.0,0.0,0.0,0.0,0.0,0.0,10.3,0.0,0.0,0.0,0.0,0,0.0,0
2888B,新光金乙特,金融保險,0.0,0.0,0.0,0.0,0.0,0.0,0.0,0.0,0.0,0.0,0.0,0.0,0.0,36.8,0.0,0.0,0.0,21.99,38,0.0,0
6747,亨泰光,生技醫療業,1.91,713250000.0,373429319.37172776,0.0,0.0,0.0,38.58,69.74,17.93,87.67,0.0,0.0,0.0,199.0,0.0,0.0,0.0,0.56,1,3.11,113
02001S,策元大加權策略N,ETN,0.0,0.0,0.0,0.0,0.0,0.0,0.0,0.0,0.0,0.0,0.0,0.0,0.0,0.0,0.0,0.0,0.0,0.0,0,19.74,119
020023,元大櫃買半導體N,指數投資證券(ETN),0.0,0.0,0.0,0.0,0.0,0.0,0.0,0.0,0.0,0.0,0.0,0.0,0.0,7.2,0.0,0.0,0.0,0.0,0,36.2,138
6288,聯嘉,汽車工業,0.11,3643623000.0,33123845454.545456,0.0,0.0,0.0,71.79,70.87,40.61,111.48,0.0,0.0,0.0,24.25,0.0,0.0,0.0,8.99,129,21.03,9
1613,台一,電器電纜,2.13,0.0,0.0,0.0,0.0,0.0,0.0,0.0,0.0,0.0,0.0,0.0,0.0,0.0,0.0,0.0,0.0,0.0,0,0.0,0
02001B,統一美國政府債N,指數投資證券(ETN),0.0,0.0,0.0,0.0,0.0,0.0,0.0,0.0,0.0,0.0,0.0,0.0,0.0,8.75,0.0,0.0,0.0,0.0,0,4.87,135
3315,宣昶,電子工業,0.0,0.0,0.0,0.0,0.0,0.0,0.0,0.0,0.0,0.0,0.0,0.0,0.0,26.85,0.0,0.0,0.0,0.0,0,0.0,0
3559,全智科,電子工業,0.0,0.0,0.0,0.0,0.0,0.0,0.0,0.0,0.0,0.0,0.0,0.0,0.0,0.0,0.0,0.0,0.0,0.0,0,0.0,0
1729,必翔,生技醫療業,0.0,0.0,0.0,0.0,0.0,0.0,0.0,0.0,0.0,0.0,0.0,0.0,0.0,0.0,0.0,0.0,0.0,0.0,0,0.0,0
1715,萬洲,塑膠工業,0.0,0.0,0.0,0.0,0.0,0.0,0.0,0.0,0.0,0.0,0.0,0.0,0.0,10.5,0.0,0.0,0.0,0.0,0,0.0,0
4987,科誠,電腦及週邊設備業,6.37,1340690000.0,210469387.75510204,2.76,1459800888.429752,6.94,12.6,6.45,9.63,16.08,66.83,111.6,87.46,81.6,1.07,0.82,1.37,43.08,128,4.74,5
02001R,富邦蘋果反一N,ETN,0.0,0.0,0.0,0.0,0.0,0.0,0.0,0.0,0.0,0.0,0.0,0.0,0.0,0.43,0.0,0.0,0.0,23.31,20,0.0,0
2601,益航,貿易百貨,-1.63,4304913000.0,0.0,0.0,2166742026.717221,0.0,34.68,0.0,34.68,34.68,0.0,0.0,0.0,6.96,0.0,0.0,0.0,15.21,84,8.08,33
1469,理隆,紡織纖維,0.0,0.0,0.0,0.0,0.0,0.0,0.0,0.0,0.0,0.0,0.0,0.0,0.0,0.0,0.0,0.0,0.0,0.0,0,0.0,0
1595,川寶,電子零組件業,-1.95,725630000.0,0.0,0.0,738674408.5513607,0.0,168.09,298.75,30.0,328.75,0.0,0.0,0.0,63.2,0.0,0.0,0.0,96.27,97,10.86,167
6163,華電網,通信網路業,0.75,5679673000.0,7572897333.333333,0.59,7865455093.545081,1.04,153.15,2712.55,12.45,2725.0,12.95,2834.0,159.27,44.55,3.58,0.29,63.61,16.87,70,218.86,182
7718,友鋮,鋼鐵工業,3.77,2206219000.0,585203978.7798408,2.55,2718714956.4096127,4.65,12.11,8.33,7.76,16.09,36.08,74.82,56.3,47.35,1.19,0.76,1.58,12.66,71,9.78,40
4905,台聯電,通信網路業,2.76,720894000.0,261193478.2608696,1.98,932576406.1998824,3.57,27.8,27.08,16.01,43.09,57.16,153.83,99.25,69.8,1.42,0.82,2.2,0.0,0,11.94,117
6236,中湛,其他,0.08,37705000.0,471312500.0,0.04,28789344.87344833,0.06,1293.81,2932.22,217.78,3150.0,13.07,189.0,77.63,0.0,0.0,0.0,0.0,2.02,27,0.0,0
8932,智通*,其他,1.99,2249716000.0,1130510552.7638192,1.31,2520680087.3919516,2.23,62.25,55.16,38.8,93.96,86.52,209.53,138.82,129.5,1.07,0.67,1.62,7.88,35,65.98,51
4924,欣厚-KY,電腦及週邊設備業,0.38,758252000.0,1995400000.0,0.24,788260402.1729591,0.4,99.84,384.76,14.24,399.0,5.7,159.6,39.94,10.25,3.9,0.56,15.57,1.65,1,9.82,28
2230,泰茂,電機機械,-1.02,2030437000.0,0.0,0.0,2790111204.5363154,0.0,49.26,151.69,14.98,166.67,0.0,0.0,0.0,22.35,0.0,0.0,0.0,8.41,80,5.91,62
3067,全域,其他電子類,-0.83,56255000.0,0.0,0.0,71363485.7142857,0.0,61.42,44.33,31.76,76.09,0.0,0.0,0.0,0.0,0.0,0.0,0.0,10.0,3,2.4,145
6125,廣運,光電業,0.1,3263584000.0,32635840000.0,0.07,4536711962.232439,0.14,271.32,579.36,27.64,607.0,3.87,84.98,37.99,54.8,0.69,0.07,1.55,12.9,2,31.87,33
5381,光譜,電子零組件業,0.72,2135776000.0,2966355555.555556,0.38,2008448235.8134801,0.68,47.18,103.61,17.85,121.46,12.14,82.59,32.08,25.4,1.26,0.48,3.25,0.0,0,59.06,27
3131,弘塑,其他電子類,45.48,5997783000.0,131877374.6701847,32.84,7725774694.78969,58.58,53.81,59.35,25.97,85.32,1521.32,4998.05,3151.95,3255.0,0.97,0.47,1.54,53.26,44,11.18,182
00776,新光ICE美國權值,ETF,0.0,0.0,0.0,0.0,0.0,0.0,0.0,0.0,0.0,0.0,0.0,0.0,0.0,0.0,0.0,0.0,0.0,0.0,0,0.0,0
00743,國泰中國A150,ETF,0.0,0.0,0.0,0.0,0.0,0.0,0.0,0.0,0.0,0.0,0.0,0.0,0.0,0.0,0.0,0.0,0.0,0.0,0,0.0,0
00742,新光內需收益,ETF,0.0,0.0,0.0,0.0,0.0,0.0,0.0,0.0,0.0,0.0,0.0,0.0,0.0,0.0,0.0,0.0,0.0,0.0,0,0.0,0
00774C,新光中政金綠債+R,ETF,0.0,0.0,0.0,0.0,0.0,0.0,0.0,0.0,0.0,0.0,0.0,0.0,0.0,0.0,0.0,0.0,0.0,0.0,0,0.0,0
00774B,新光中國政金綠債,ETF,0.0,0.0,0.0,0.0,0.0,0.0,0.0,0.0,0.0,0.0,0.0,0.0,0.0,0.0,0.0,0.0,0.0,0.0,0,0.0,0
3426,台興,電機機械,2.38,652942000.0,274345378.1512605,1.1,499271567.2463431,1.82,15.3,14.24,10.79,25.03,19.64,45.55,27.84,47.8,0.58,0.41,0.95,27.23,48,0.0,0
00767,FH美國金融股,ETF,0.0,0.0,0.0,0.0,0.0,0.0,0.0,0.0,0.0,0.0,0.0,0.0,0.0,0.0,0.0,0.0,0.0,0.0,0,0.0,0
00766L,台新MSCI中國正2,ETF,0.0,0.0,0.0,0.0,0.0,0.0,0.0,0.0,0.0,0.0,0.0,0.0,0.0,0.0,0.0,0.0,0.0,0.0,0,0.0,0
00732,國泰RMB短期報酬,ETF,0.0,0.0,0.0,0.0,0.0,0.0,0.0,0.0,0.0,0.0,0.0,0.0,0.0,40.03,0.0,0.0,0.0,0.0,0,0.0,0
4984,科納-KY,通信網路業,0.0,0.0,0.0,0.0,0.0,0.0,31.43,0.0,31.43,31.43,0.0,0.0,0.0,39.6,0.0,0.0,0.0,54.57,8,54.57,8
3682,亞太電,通信網路業,0.0,0.0,0.0,0.0,0.0,0.0,0.0,0.0,0.0,0.0,0.0,0.0,0.0,9.54,0.0,0.0,0.0,0.0,0,0.0,0
3454,晶睿,光電業,-0.11,7641632000.0,0.0,0.0,6348482611.739699,0.0,44.61,63.18,17.63,80.81,0.0,0.0,0.0,97.3,0.0,0.0,0.0,1.34,1,2.86,8
2475,華映,光電業,0.0,0.0,0.0,0.0,0.0,0.0,4.29,0.0,4.29,4.29,0.0,0.0,0.0,2.49,0.0,0.0,0.0,11.16,2,11.16,2
1591,駿吉-KY,電機機械,-2.74,134840000.0,0.0,0.0,442021926.30384165,0.0,0.0,0.0,0.0,0.0,0.0,0.0,0.0,31.15,0.0,0.0,0.0,0.0,0,18.56,77
6131,鈞泰,光電業,0.0,0.0,0.0,0.0,0.0,0.0,14.0,0.0,14.0,14.0,0.0,0.0,0.0,18.9,0.0,0.0,0.0,10.2,2,10.2,2
3561,昇陽光電,光電業,0.0,0.0,0.0,0.0,0.0,0.0,0.0,0.0,0.0,0.0,0.0,0.0,0.0,13.5,0.0,0.0,0.0,0.0,0,0.0,0
2499,東貝,光電業,0.0,0.0,0.0,0.0,0.0,0.0,0.0,0.0,0.0,0.0,0.0,0.0,0.0,11.7,0.0,0.0,0.0,0.0,0,0.0,0
3698,隆達,光電業,0.0,0.0,0.0,0.0,0.0,0.0,0.0,0.0,0.0,0.0,0.0,0.0,0.0,27.65,0.0,0.0,0.0,48.66,2,48.66,2
3383,新世紀,光電業,0.0,0.0,0.0,0.0,0.0,0.0,0.0,0.0,0.0,0.0,0.0,0.0,0.0,3.52,0.0,0.0,0.0,24.38,2,24.38,2
5259,奕智博,光電業,0.0,0.0,0.0,0.0,0.0,0.0,0.0,0.0,0.0,0.0,0.0,0.0,0.0,11.3,0.0,0.0,0.0,176.96,2,176.96,2
2448,晶電,光電業,0.0,0.0,0.0,0.0,0.0,0.0,47.14,0.0,47.14,47.14,0.0,0.0,0.0,48.55,0.0,0.0,0.0,20.62,2,20.62,2
3514,昱晶,光電業,0.0,0.0,0.0,0.0,0.0,0.0,0.0,0.0,0.0,0.0,0.0,0.0,0.0,16.5,0.0,0.0,0.0,0.0,0,0.0,0
6289,華上,光電業,0.0,0.0,0.0,0.0,0.0,0.0,0.0,0.0,0.0,0.0,0.0,0.0,0.0,2.13,0.0,0.0,0.0,0.0,0,0.0,0
1592,英瑞-KY,汽車工業,0.0,0.0,0.0,0.0,0.0,0.0,11.25,0.0,11.25,11.25,0.0,0.0,0.0,33.2,0.0,0.0,0.0,0.0,0,0.0,0
00691R,兆豐藍籌30反1,ETF,0.0,0.0,0.0,0.0,0.0,0.0,0.0,0.0,0.0,0.0,0.0,0.0,0.0,17.95,0.0,0.0,0.0,0.0,0,0.0,0
00698L,元大美債7-10正2,ETF,0.0,0.0,0.0,0.0,0.0,0.0,0.0,0.0,0.0,0.0,0.0,0.0,0.0,0.0,0.0,0.0,0.0,0.0,0,0.0,0
00699R,元大美債7-10反1,ETF,0.0,0.0,0.0,0.0,0.0,0.0,0.0,0.0,0.0,0.0,0.0,0.0,0.0,0.0,0.0,0.0,0.0,0.0,0,0.0,0
00704L,台新MSCI台灣正2,ETF,0.0,0.0,0.0,0.0,0.0,0.0,0.0,0.0,0.0,0.0,0.0,0.0,0.0,19.88,0.0,0.0,0.0,3.95,8,3.95,8
00705R,台新MSCI台灣反1,ETF,0.0,0.0,0.0,0.0,0.0,0.0,0.0,0.0,0.0,0.0,0.0,0.0,0.0,19.53,0.0,0.0,0.0,0.77,2,0.77,2
00716R,華頓S&P布蘭特反1,ETF,0.0,0.0,0.0,0.0,0.0,0.0,0.0,0.0,0.0,0.0,0.0,0.0,0.0,19.42,0.0,0.0,0.0,0.0,0,0.0,0
4725,信昌化,化學工業,0.0,0.0,0.0,0.0,0.0,0.0,0.0,0.0,0.0,0.0,0.0,0.0,0.0,29.15,0.0,0.0,0.0,56.3,8,56.3,8
5305,敦南,半導體業,0.0,0.0,0.0,0.0,0.0,0.0,21.42,0.0,21.42,21.42,0.0,0.0,0.0,42.2,0.0,0.0,0.0,17.22,2,17.22,2
3536,誠創,半導體業,0.0,0.0,0.0,0.0,0.0,0.0,34.6,0.0,34.6,34.6,0.0,0.0,0.0,21.45,0.0,0.0,0.0,4.13,2,4.13,2
2325,矽品,半導體業,0.0,0.0,0.0,0.0,0.0,0.0,18.9,0.0,18.9,18.9,0.0,0.0,0.0,49.9,0.0,0.0,0.0,4.72,2,4.72,2
2311,日月光,半導體業,0.0,0.0,0.0,0.0,0.0,0.0,13.01,0.0,13.01,13.01,0.0,0.0,0.0,38.0,0.0,0.0,0.0,3.4,2,3.4,2
3579,尚志,半導體業,0.0,0.0,0.0,0.0,0.0,0.0,0.0,0.0,0.0,0.0,0.0,0.0,0.0,15.95,0.0,0.0,0.0,5.28,2,5.28,2
3519,綠能,半導體業,0.0,0.0,0.0,0.0,0.0,0.0,0.0,0.0,0.0,0.0,0.0,0.0,0.0,17.8,0.0,0.0,0.0,0.0,0,0.0,0
1704,榮化,化學工業,0.0,0.0,0.0,0.0,0.0,0.0,10.17,0.0,10.17,10.17,0.0,0.0,0.0,47.0,0.0,0.0,0.0,11.9,2,11.9,2
1724,台硝,化學工業,0.0,0.0,0.0,0.0,0.0,0.0,21.21,0.0,21.21,21.21,0.0,0.0,0.0,14.0,0.0,0.0,0.0,0.0,0,0.0,0
6172,互億,電腦及週邊設備業,0.0,0.0,0.0,0.0,0.0,0.0,51.75,0.0,51.75,51.75,0.0,0.0,0.0,10.35,0.0,0.0,0.0,14.03,8,14.03,8
5264,鎧勝-KY,電腦及週邊設備業,0.0,0.0,0.0,0.0,0.0,0.0,14.07,0.0,14.07,14.07,0.0,0.0,0.0,101.0,0.0,0.0,0.0,0.0,0,0.0,0
8427,基勝-KY,其他,0.0,0.0,0.0,0.0,0.0,0.0,33.48,0.0,33.48,33.48,0.0,0.0,0.0,44.2,0.0,0.0,0.0,0.0,0,0.0,0
1262,綠悅-KY,其他,0.0,0.0,0.0,0.0,0.0,0.0,7.85,0.0,7.85,7.85,0.0,0.0,0.0,62.2,0.0,0.0,0.0,0.0,0,0.0,0
2856,元富證,金融保險,1.33,0.0,0.0,0.0,0.0,0.0,45.11,0.0,45.11,45.11,0.0,0.0,0.0,8.57,0.0,0.0,0.0,24.72,8,24.72,8
6145,勁永,電子通路業,0.0,0.0,0.0,0.0,0.0,0.0,0.0,0.0,0.0,0.0,0.0,0.0,0.0,12.25,0.0,0.0,0.0,0.0,0,0.0,0
2888,新光金,金融保險,-0.71,-51181701000.0,0.0,0.0,0.0,0.0,19.92,38.97,7.76,46.73,0.0,0.0,0.0,10.6,0.0,0.0,0.0,17.9,57,26.44,8
2823,中壽,金融保險,3.03,0.0,0.0,0.0,0.0,0.0,14.0,0.0,14.0,14.0,0.0,0.0,0.0,29.55,0.0,0.0,0.0,8.67,8,8.67,8
2809,京城銀,金融保險,3.41,6882140000.0,2018222873.900293,0.0,0.0,0.0,11.87,11.27,7.8,19.07,0.0,0.0,0.0,37.35,0.0,0.0,0.0,0.16,1,5.88,56
3036A,文曄甲特,電子通路業,0.0,0.0,0.0,0.0,0.0,0.0,0.0,0.0,0.0,0.0,0.0,0.0,0.0,52.0,0.0,0.0,0.0,6.03,184,2.78,184
1507,永大,電機機械,0.0,0.0,0.0,0.0,0.0,0.0,16.25,0.0,16.25,16.25,0.0,0.0,0.0,48.9,0.0,0.0,0.0,0.0,0,0.0,0
1589,永冠-KY,電機機械,-5.06,8035754000.0,0.0,0.0,8248894878.127698,0.0,14.37,0.0,14.37,14.37,0.0,0.0,0.0,67.4,0.0,0.0,0.0,0.88,1,0.0,0
6452,康友-KY,生技醫療業,0.0,0.0,0.0,0.0,0.0,0.0,26.86,0.0,26.86,26.86,0.0,0.0,0.0,394.0,0.0,0.0,0.0,0.0,0,0.0,0
4144,康聯-KY,生技醫療業,0.0,0.0,0.0,0.0,0.0,0.0,10.1,0.0,10.1,10.1,0.0,0.0,0.0,34.05,0.0,0.0,0.0,11.97,8,11.97,8
4141,龍燈-KY,生技醫療業,0.0,0.0,0.0,0.0,0.0,0.0,0.0,0.0,0.0,0.0,0.0,0.0,0.0,28.0,0.0,0.0,0.0,1.08,2,1.08,2
1701,中化,生技醫療業,0.0,0.0,0.0,0.0,0.0,0.0,19.01,6.37,14.13,20.5,0.0,0.0,0.0,18.75,0.0,0.0,0.0,1.35,2,13.81,8
6422,君耀-KY,電子零組件業,0.0,0.0,0.0,0.0,0.0,0.0,12.18,0.0,12.18,12.18,0.0,0.0,0.0,65.9,0.0,0.0,0.0,14.56,8,14.56,8
2456,奇力新,電子零組件業,0.0,0.0,0.0,0.0,0.0,0.0,18.73,0.0,18.73,18.73,0.0,0.0,0.0,93.1,0.0,0.0,0.0,28.79,8,28.79,8
6251,定穎,電子零組件業,0.0,0.0,0.0,0.0,0.0,0.0,30.16,20.58,10.87,31.45,0.0,0.0,0.0,11.95,0.0,0.0,0.0,0.0,0,0.0,0
2358,廷鑫,其他,0.0,0.0,0.0,0.0,0.0,0.0,13.48,0.0,13.48,13.48,0.0,0.0,0.0,24.9,0.0,0.0,0.0,17.73,2,17.73,2
8480,泰昇-KY,其他,0.0,0.0,0.0,0.0,0.0,0.0,17.14,5.88,11.63,17.51,0.0,0.0,0.0,128.0,0.0,0.0,0.0,13.55,8,13.55,8
2443,昶虹,其他,-0.42,0.0,0.0,0.0,0.0,0.0,0.0,0.0,0.0,0.0,0.0,0.0,0.0,6.37,0.0,0.0,0.0,0.0,0,0.0,0
00659R,國泰日本反1,ETF,0.0,0.0,0.0,0.0,0.0,0.0,0.0,0.0,0.0,0.0,0.0,0.0,0.0,12.81,0.0,0.0,0.0,0.0,0,0.0,0
00658L,國泰日本正2,ETF,0.0,0.0,0.0,0.0,0.0,0.0,0.0,0.0,0.0,0.0,0.0,0.0,0.0,37.96,0.0,0.0,0.0,29.78,2,29.78,2
008201,BP上證50,ETF,0.0,0.0,0.0,0.0,0.0,0.0,0.0,0.0,0.0,0.0,0.0,0.0,0.0,100.0,0.0,0.0,0.0,5.92,8,5.92,8
0058,富邦發達,ETF,0.0,0.0,0.0,0.0,0.0,0.0,0.0,0.0,0.0,0.0,0.0,0.0,0.0,0.0,0.0,0.0,0.0,0.0,0,0.0,0
00667,元大韓國,ETF,0.0,0.0,0.0,0.0,0.0,0.0,0.0,0.0,0.0,0.0,0.0,0.0,0.0,24.0,0.0,0.0,0.0,6.4,8,6.4,8
0054,元大台商50,ETF,0.0,0.0,0.0,0.0,0.0,0.0,0.0,0.0,0.0,0.0,0.0,0.0,0.0,23.5,0.0,0.0,0.0,0.0,0,0.0,0
00649,FH香港,ETF,0.0,0.0,0.0,0.0,0.0,0.0,0.0,0.0,0.0,0.0,0.0,0.0,0.0,20.83,0.0,0.0,0.0,10.08,8,10.08,8
00677U,期富邦VIX,ETF,0.0,0.0,0.0,0.0,0.0,0.0,0.0,0.0,0.0,0.0,0.0,0.0,0.0,5.34,0.0,0.0,0.0,0.0,0,0.0,0
0059,富邦金融,ETF,0.0,0.0,0.0,0.0,0.0,0.0,0.0,0.0,0.0,0.0,0.0,0.0,0.0,40.47,0.0,0.0,0.0,12.12,8,12.12,8
2936,客思達-KY,貿易百貨,0.0,0.0,0.0,0.0,0.0,0.0,9.74,1.18,8.63,9.81,0.0,0.0,0.0,30.5,0.0,0.0,0.0,0.0,0,0.0,0
00672L,元大S&P原油正2,ETF,0.0,0.0,0.0,0.0,0.0,0.0,0.0,0.0,0.0,0.0,0.0,0.0,0.0,18.19,0.0,0.0,0.0,93.14,8,93.14,8
1902,台紙,造紙工業,0.0,0.0,0.0,0.0,0.0,0.0,0.0,0.0,0.0,0.0,0.0,0.0,0.0,17.65,0.0,0.0,0.0,0.0,0,0.0,0
2841,台開,建材營造,0.0,0.0,0.0,0.0,0.0,0.0,24.24,0.0,24.24,24.24,0.0,0.0,0.0,9.94,0.0,0.0,0.0,0.0,0,0.0,0
6223,旺矽,半導體業,33.49,13033582000.0,389178321.88713044,27.12,19175294435.755943,49.27,66.02,176.24,20.25,196.49,997.72,9681.06,3252.58,6220.0,0.52,0.16,1.56,60.94,176,112.5,147
6527,明達醫,生技醫療業,5.81,932292000.0,160463339.070568,3.14,836030462.9807384,5.21,16.41,11.06,11.52,22.58,60.02,117.64,85.5,71.0,1.2,0.85,1.66,4.24,73,2.9,50
6525,捷敏-KY,半導體業,5.87,5291971000.0,901528279.3867121,3.85,6063045463.446238,6.73,15.15,25.58,10.83,36.41,72.89,245.04,101.98,191.5,0.53,0.38,1.28,11.63,99,26.76,97
6226,光鼎,光電業,-0.28,635376000.0,0.0,0.0,613499911.6829442,0.0,251.0,0.0,251.0,251.0,0.0,0.0,0.0,25.05,0.0,0.0,0.0,1.79,2,40.12,184
6230,尼得科超眾,電子工業,-2.44,8921839000.0,0.0,0.0,9909416649.157206,0.0,239.76,878.84,32.92,911.76,0.0,0.0,0.0,118.0,0.0,0.0,0.0,0.0,0,21.89,68
6526,達發,半導體業,17.32,20994770000.0,1212169168.591224,10.92,22582444059.349346,18.63,39.03,68.11,23.79,91.9,443.21,1712.1,727.13,619.0,1.17,0.72,2.77,6.36,154,3.59,54
6229,研通,半導體業,0.05,2118373000.0,42367460000.0,0.04,3110099771.7739806,0.07,305.26,1229.34,30.66,1260.0,2.15,88.2,21.37,25.25,0.85,0.09,3.49,3.16,1,7.72,64
6228,全譜,電腦及週邊設備業,-0.47,49315000.0,0.0,0.0,46641403.67185684,0.0,0.0,0.0,0.0,0.0,0.0,0.0,0.0,18.7,0.0,0.0,0.0,74.65,16,1.57,1
6224,聚鼎,電子工業,0.66,2917892000.0,4421048484.848485,0.38,2807583690.9553022,0.64,38.52,115.99,15.8,131.79,10.11,84.35,24.65,63.0,0.39,0.16,1.34,37.07,90,13.49,99
6225,天瀚,電子工業,-0.06,52315000.0,0.0,0.0,68061965.67998058,0.0,46.0,14.46,39.87,54.33,0.0,0.0,0.0,25.55,0.0,0.0,0.0,0.86,30,58.33,104
6222,立軒,光電業,-0.4,2936000.0,0.0,0.0,1878055.8659217877,0.0,0.0,0.0,0.0,0.0,0.0,0.0,0.0,20.45,0.0,0.0,0.0,13.73,10,3.64,34
6227,茂綸,電子通路業,7.54,17398028000.0,2307430769.230769,5.67,22978274818.71266,9.96,14.26,10.11,10.81,20.92,107.67,208.36,142.0,113.0,1.26,0.95,1.84,11.19,162,15.59,23
4968,立積,半導體業,2.65,3747771000.0,1414253207.54717,1.58,3943253852.965007,2.79,217.35,842.64,35.14,877.78,98.04,2449.01,606.42,104.0,5.83,0.94,23.55,0.42,1,38.75,85
6469,大樹,生技醫療業,4.29,18801939000.0,4382736363.636364,2.54,19126730194.39908,4.36,27.26,22.34,18.46,40.8,80.49,177.89,118.85,78.5,1.51,1.03,2.27,4.02,1,15.09,20
6523,達爾膚,生技醫療業,7.78,1155609000.0,148535861.1825193,3.82,1011403726.091375,6.81,14.09,4.27,11.91,16.18,81.11,110.19,95.93,92.4,1.04,0.88,1.19,2.82,2,1.16,2
4966,譜瑞-KY,半導體業,34.66,16412645000.0,473532746.6820543,20.53,16580354046.849596,35.01,20.3,17.67,13.43,31.1,470.18,1088.81,710.68,631.0,1.13,0.75,1.73,0.0,0,46.69,64
8404,百和興業-KY,其他,1.46,7460968000.0,5110252054.79452,0.88,7824578718.540133,1.53,30.95,79.34,10.66,90.0,16.31,137.7,47.36,17.05,2.78,0.96,8.08,82.77,98,33.33,99
8409,商之器,生技醫療業,0.24,277797000.0,1157487500.0,0.13,289372281.184422,0.25,85.52,351.65,14.06,365.71,3.52,91.43,21.38,19.25,1.11,0.18,4.75,15.79,181,12.67,83
4961,天鈺,電子工業,9.65,18325723000.0,1899038652.8497407,5.94,18003253942.32745,9.48,14.17,16.35,5.11,21.46,48.44,203.44,134.35,168.0,0.8,0.29,1.21,7.02,99,1.6,1
6241,鑫永洋,通信網路業,-0.16,692989000.0,0.0,0.0,639031284.842975,0.0,28.83,65.31,9.89,75.2,0.0,0.0,0.0,17.7,0.0,0.0,0.0,58.05,100,11.16,180
8403,盛弘,生技醫療業,1.06,4335731000.0,4090312264.1509433,0.65,4613006083.89214,1.13,21.18,21.16,15.69,36.85,17.73,41.64,23.94,19.5,1.23,0.91,2.14,0.92,1,0.73,1
6242,立康,生技醫療業,2.64,587446000.0,222517424.24242422,1.52,563971897.4818816,2.53,15.89,4.42,14.11,18.53,35.7,46.88,40.2,0.0,0.0,0.0,0.0,0.0,0,1.66,5
6243,迅杰,半導體業,-0.51,651120000.0,0.0,0.0,323853297.71873397,0.0,122.52,329.44,24.2,353.64,0.0,0.0,0.0,47.95,0.0,0.0,0.0,0.0,0,3.6,166
6244,茂迪,光電業,0.13,3097487000.0,23826823076.923077,0.08,3409057980.354815,0.14,87.7,329.03,25.41,354.44,3.56,49.62,12.28,26.5,0.46,0.13,1.87,0.0,0,33.9,182
6245,立端,通信網路業,4.37,7302201000.0,1670984210.5263157,2.54,7374822995.983615,4.41,16.0,10.9,11.61,22.51,51.2,99.27,70.58,80.6,0.88,0.64,1.23,3.5,170,17.08,42
6510,精測,半導體業,30.41,4865930000.0,160010851.69352186,21.17,5848087262.009966,36.55,88.47,171.27,30.64,201.91,1119.89,7379.81,3233.72,2680.0,1.21,0.42,2.75,94.69,142,173.5,182
6512,啟發電,其他電子類,-0.78,191934000.0,0.0,0.0,96872844.6774274,0.0,0.0,0.0,0.0,0.0,0.0,0.0,0.0,20.05,0.0,0.0,0.0,5.36,3,8.81,114
6239,力成,電子工業,7.48,73223133000.0,9789188903.743315,5.28,96759376265.11954,9.88,19.6,37.43,7.69,45.12,75.98,445.79,193.63,316.5,0.61,0.24,1.41,0.0,0,89.89,184
6231,系微,資訊服務業,6.66,1682292000.0,252596396.3963964,4.36,1849240300.661225,7.32,45.24,58.65,27.23,85.88,199.32,628.64,331.13,248.5,1.33,0.8,2.53,24.35,98,24.46,64
6233,旺玖,半導體業,-0.16,392833000.0,0.0,0.0,381321447.3642361,0.0,131.35,460.92,46.94,507.86,0.0,0.0,0.0,24.35,0.0,0.0,0.0,1.57,1,24.69,168
6517,保勝光學,光電業,1.62,491220000.0,303222222.2222222,0.86,415725293.03957886,1.37,29.21,44.0,14.66,58.66,20.08,80.36,40.02,71.0,0.56,0.28,1.13,14.73,69,18.81,183
6516,勤崴國際,資訊服務業,1.52,526545000.0,346411184.2105263,1.14,688639943.8740383,1.99,49.38,37.08,30.72,67.8,61.13,134.92,98.26,57.8,1.7,1.06,2.33,0.51,1,0.43,1
4967,十銓,電子工業,13.07,17964831000.0,1374508875.2869165,15.11,33678064868.107468,24.5,22.94,78.63,5.75,84.38,140.88,2067.31,562.12,225.5,2.49,0.62,9.17,1.03,1,190.46,176
6234,高僑,光電業,0.04,469080000.0,11727000000.0,0.03,556202853.8801887,0.05,168.24,1225.06,14.94,1240.0,0.75,62.0,8.41,40.0,0.21,0.02,1.55,1.01,160,39.71,19
6235,華孚,電子工業,2.9,6423856000.0,2215122758.62069,1.72,6908562139.286427,3.12,19.42,16.53,12.49,29.02,38.97,90.54,60.59,42.35,1.43,0.92,2.14,0.0,0,55.06,84
6515,穎崴,半導體業,46.93,7384564000.0,157352738.12060517,47.23,12837388798.089714,81.58,75.58,211.7,20.85,232.55,1700.94,18971.43,6166.11,6735.0,0.92,0.25,2.82,41.58,62,219.91,184
6237,驊訊,半導體業,-1.53,494260000.0,0.0,0.0,680185969.8422759,0.0,0.0,0.0,0.0,0.0,0.0,0.0,0.0,38.45,0.0,0.0,0.0,12.05,184,30.51,48
8401,白紗科,其他,2.71,1544829000.0,570047601.4760147,1.62,1608216310.5837178,2.82,10.81,4.88,8.46,13.34,23.86,37.62,30.48,22.95,1.33,1.04,1.64,12.43,170,7.44,183
6215,和椿,電子工業,2.09,2411631000.0,1153890430.6220098,1.7,3665313553.0547295,3.18,54.86,80.19,9.24,89.43,29.38,284.39,174.46,106.0,1.65,0.28,2.68,78.22,175,63.19,28
6220,岳豐,電子零組件業,0.81,8272013000.0,10212361728.395061,0.55,9466582687.387743,0.93,27.98,47.53,10.55,58.08,9.81,54.01,26.02,35.1,0.74,0.28,1.54,21.68,132,39.28,152
6196,帆宣,其他電子業,15.43,51843750000.0,3359931950.7453012,12.07,68304420582.89841,20.33,20.29,25.56,12.02,37.58,244.37,764.0,412.4,590.0,0.7,0.41,1.29,0.0,0,50.86,183
6197,佳必琪,電子工業,8.67,7512846000.0,866533564.0138408,5.93,9291696038.892664,10.72,20.23,24.64,11.8,36.44,126.5,390.64,216.83,325.5,0.67,0.39,1.2,8.05,99,30.32,49
8905,裕國,其他,0.62,2134718000.0,3443093548.387097,0.37,2301826522.056137,0.67,36.11,54.47,15.18,69.65,10.17,46.67,24.19,0.0,0.0,0.0,0.0,4.79,168,7.02,184
4974,亞泰,電子零組件業,5.15,3807147000.0,739251844.6601942,3.04,3582703594.152883,4.85,14.15,12.97,10.29,23.26,49.91,112.81,68.63,69.5,0.99,0.72,1.62,79.33,174,21.03,33
4973,廣穎,半導體業,2.1,4298725000.0,2047011904.7619047,2.41,8225394398.218698,4.02,27.32,75.4,7.69,83.09,30.91,334.02,109.84,151.0,0.73,0.2,2.21,1.57,1,119.46,184
6199,天品,其他,0.32,226939000.0,709184375.0,0.74,1936996183.4613206,2.73,222.98,604.32,50.94,655.26,139.07,1788.86,608.73,104.0,5.85,1.34,17.2,401.8,175,14.22,54
6533,晶心科,電子工業,-8.19,1432983000.0,0.0,0.0,2217924141.8115125,0.0,7631.03,9272.01,65.49,9337.5,0.0,0.0,0.0,228.0,0.0,0.0,0.0,0.36,175,14.81,69
8906,花王,其他,-0.78,205067000.0,0.0,0.0,198854903.89331698,0.0,0.0,0.0,0.0,0.0,0.0,0.0,0.0,27.0,0.0,0.0,0.0,5.97,10,16.5,168
6194,育富,電子零組件業,2.19,1398436000.0,638555251.1415526,0.92,942030449.4554527,1.48,12.01,16.18,6.89,23.07,10.2,34.14,17.77,31.4,0.57,0.32,1.09,30.82,58,9.08,96
6192,巨路,電子工業,10.07,7144455000.0,709479145.9781529,6.51,7863357702.204234,11.08,11.14,5.31,8.35,13.66,92.52,151.35,123.44,120.5,1.02,0.77,1.26,1.67,45,28.59,184
6541,泰福-KY,生技醫療業,-6.21,381342000.0,0.0,0.0,1465243261.123688,0.0,0.0,0.0,0.0,0.0,0.0,0.0,0.0,40.3,0.0,0.0,0.0,8.14,45,22.51,90
6188,廣明,電腦及週邊設備業,3.61,9625341000.0,2666299445.9833794,1.87,8627855781.873344,3.24,31.74,25.36,21.21,46.57,68.72,150.89,102.85,73.7,1.4,0.93,2.05,4.61,162,48.57,71
8916,光隆,其他,2.5,8358964000.0,3343585600.0,1.33,8000680205.158094,2.39,16.53,8.62,12.08,20.7,28.87,49.47,39.5,42.65,0.93,0.68,1.16,0.32,2,3.81,12
8908,欣雄,油電燃氣業,2.2,10642287000.0,4837403181.818181,1.26,10028355292.473413,2.07,22.33,12.43,17.96,30.39,37.18,62.91,46.21,39.4,1.17,0.94,1.6,1.3,45,4.99,138
6189,豐藝,電子工業,2.86,29937615000.0,10467697552.447554,1.66,28892114610.14689,2.76,15.65,12.98,8.54,21.52,23.57,59.4,43.19,49.05,0.88,0.48,1.21,0.0,0,1.27,2
6201,亞弘電,其他電子業,3.71,3442014000.0,927766576.819407,1.93,2933245066.5059085,3.16,12.84,4.6,10.9,15.5,34.44,48.98,40.56,49.0,0.83,0.7,1.0,0.15,1,1.6,16
6191,精成科,電子工業,6.54,32161694000.0,4917690214.067278,4.59,43874020695.833275,8.92,14.09,19.34,5.08,24.42,45.31,217.83,125.67,93.5,1.34,0.48,2.33,3.83,174,63.5,49
6538,倉和,電子零組件業,1.15,1483039000.0,1289599130.4347827,0.62,1253841949.8346639,0.97,29.01,147.37,8.63,156.0,8.37,151.32,28.14,148.0,0.19,0.06,1.02,2.24,1,1.33,1
6535,順藥,生技醫療業,-2.06,40430000.0,0.0,0.0,33588854.78699038,0.0,0.0,0.0,0.0,0.0,0.0,0.0,0.0,96.0,0.0,0.0,0.0,86.96,104,132.85,62
6190,萬泰科,通信網路業,2.2,8547190000.0,3885086363.6363635,1.59,10282739743.440855,2.65,22.84,38.51,12.32,50.83,32.65,134.7,60.52,75.2,0.8,0.43,1.79,0.0,0,37.57,33
6202,盛群,半導體業,0.76,3073437000.0,4043996052.631579,0.5,3359852047.5016127,0.83,122.13,473.0,10.08,483.08,8.37,400.96,101.37,64.1,1.58,0.13,6.26,0.0,0,4.23,64
6530,創威,通信網路業,1.95,324182000.0,166247179.4871795,1.29,377961702.6220654,2.27,39.56,45.14,23.32,68.46,52.94,155.4,89.8,74.5,1.21,0.71,2.09,63.48,83,22.9,44
6214,精誠,資訊服務業,7.9,43098943000.0,5455562405.063291,5.85,58146319661.23215,10.66,17.96,11.33,12.79,24.12,136.34,257.12,191.42,140.0,1.37,0.97,1.84,22.39,146,22.07,85
4946,辣椒,文化創意業,3.13,342106000.0,109299041.53354633,1.57,278031102.8153693,2.54,576.61,1566.88,33.12,1600.0,84.12,4064.0,1464.58,98.1,14.93,0.86,41.43,6.91,76,0.0,0
6509,聚和,化學工業,2.87,4865391000.0,1695258188.15331,1.81,5092810147.274191,3.0,14.24,8.34,9.5,17.84,28.5,53.52,42.73,50.3,0.85,0.57,1.06,0.78,105,12.42,146
6216,居易,通信網路業,0.61,760941000.0,1247444262.295082,0.28,548778848.6845808,0.44,60.62,390.79,10.04,400.83,4.42,176.37,26.67,22.6,1.18,0.2,7.8,11.79,106,1.56,20
6213,聯茂,電子零組件業,4.16,32363618000.0,7779715865.384615,3.06,40843834292.66729,5.25,37.0,85.03,11.79,96.82,61.9,508.3,194.27,325.0,0.6,0.19,1.56,3.17,1,55.15,44
6217,中探針,電子零組件業,-1.68,3644431000.0,0.0,0.0,4906335180.575533,0.0,0.0,0.0,0.0,0.0,0.0,0.0,0.0,218.0,0.0,0.0,0.0,1.85,1,96.6,96
6218,豪勉,通信網路業,-1.14,1375342000.0,0.0,0.0,1409206205.57053,0.0,0.0,0.0,0.0,0.0,0.0,0.0,0.0,37.25,0.0,0.0,0.0,12.12,100,30.9,167
8488,吉源-KY,其他,-2.06,3107874000.0,0.0,0.0,4409575559.827719,0.0,19.64,0.0,19.64,19.64,0.0,0.0,0.0,10.25,0.0,0.0,0.0,5.92,73,0.0,0
6219,富旺,建材營造,-0.8,2723162000.0,0.0,0.0,4056012390.347439,0.0,16.78,26.36,4.65,31.01,0.0,0.0,0.0,12.7,0.0,0.0,0.0,13.85,16,2.85,51
4971,IET-KY,半導體業,1.61,1057201000.0,656646583.8509316,1.06,1237594054.067865,1.88,234.59,450.29,78.19,528.48,147.0,993.54,441.02,416.5,1.06,0.35,2.39,69.19,134,96.84,170
6221,晉泰,資訊服務業,2.77,5504900000.0,1987328519.8555956,1.19,3738856670.158401,1.88,15.4,21.04,7.49,28.53,14.08,53.64,28.96,21.7,1.33,0.65,2.47,0.46,2,15.22,93
6212,理銘,建材營造,3.95,3083792000.0,780706835.443038,0.86,767886637.9848125,0.98,8.16,10.62,4.19,14.81,4.11,14.51,8.0,29.55,0.27,0.14,0.49,45.22,30,0.0,0
6532,瑞耘,半導體業,7.31,682690000.0,93391244.87004104,4.56,681613775.309366,7.3,16.38,15.15,7.91,23.06,57.74,168.34,119.6,73.9,1.62,0.78,2.28,9.79,98,2.46,1
6531,愛普*,電子工業,7.73,5290540000.0,684416558.8615782,7.71,10141033850.055187,14.82,55.27,104.98,19.86,124.84,294.33,1850.13,819.04,909.0,0.9,0.32,2.04,0.0,0,49.07,184
6203,海韻電,電子零組件業,5.51,2765536000.0,501912159.70961887,2.37,2085408344.437512,4.15,20.52,44.18,9.65,53.83,40.05,223.39,85.15,65.0,1.31,0.62,3.44,0.0,0,17.12,133
6204,艾華,電子零組件業,1.18,380189000.0,322194067.7966102,0.75,398573101.3011714,1.24,52.67,121.14,6.41,127.55,7.95,158.16,65.31,84.1,0.78,0.09,1.88,5.68,16,40.98,183
6205,詮欣,電子工業,2.0,1369150000.0,684575000.0,1.11,1237697342.4925654,1.81,27.98,39.49,14.8,54.29,26.79,98.26,50.64,66.8,0.76,0.4,1.47,5.23,160,60.05,182
6206,飛捷,電腦及週邊設備業,6.9,5108829000.0,740410000.0,5.12,6057404191.028988,8.18,15.75,17.18,11.81,28.99,96.61,237.14,128.84,125.0,1.03,0.77,1.9,0.0,0,0.0,0
6207,雷科,電子零組件業,0.9,1250009000.0,1388898888.8888888,0.49,1072620600.2607754,0.77,54.62,245.96,16.74,262.7,12.89,202.28,42.06,140.5,0.3,0.09,1.44,8.74,84,57.21,42
4972,湯石照明,光電業,-1.84,937469000.0,0.0,0.0,968721032.5783112,0.0,34.99,26.17,28.45,54.62,0.0,0.0,0.0,16.85,0.0,0.0,0.0,0.0,0,10.06,77
6209,今國光,光電業,0.93,3477742000.0,3739507526.88172,0.76,5594449930.963912,1.5,134.9,253.12,38.73,291.85,58.1,437.78,202.35,76.9,2.63,0.76,5.69,0.66,1,177.71,167
6210,慶生,電子零組件業,-3.1,306659000.0,0.0,0.0,477153028.46876043,0.0,0.0,0.0,0.0,0.0,0.0,0.0,0.0,19.9,0.0,0.0,0.0,8.18,41,28.36,181
6246,臺龍,光電業,1.14,1619848000.0,1420919298.245614,0.54,1315134549.4085093,0.93,23.4,24.04,13.07,37.11,12.16,34.51,21.76,14.7,1.48,0.83,2.35,88.61,100,54.37,40
6259,百徽,電子零組件業,0.71,459318000.0,646926760.5633804,0.62,647663311.7200131,1.0,33.61,34.01,17.94,51.95,17.94,51.95,33.61,36.85,0.91,0.49,1.41,0.44,2,14.94,163
6482,弘煜科,文化創意業,2.51,516642000.0,205833466.13545817,1.08,353104727.18520725,1.72,18.66,21.12,10.82,31.94,18.61,54.94,32.1,28.0,1.15,0.66,1.96,5.27,45,3.67,12
6425,易發,電機機械,-1.62,1408313000.0,0.0,0.0,1805981092.3756943,0.0,114.29,245.22,64.78,310.0,0.0,0.0,0.0,65.0,0.0,0.0,0.0,32.5,148,124.34,161
8429,金麗-KY,貿易百貨,0.12,150489000.0,1254075000.0,0.06,137220048.05063695,0.11,196.98,648.5,54.0,702.5,5.94,77.28,21.67,6.26,3.46,0.95,12.35,36.41,141,9.92,79
6477,安集,電子工業,0.02,864073000.0,43203650000.0,0.01,1023042781.7184784,0.02,875.41,1940.45,42.05,1982.5,0.84,39.65,17.51,41.0,0.43,0.02,0.97,0.69,1,59.79,41
6474,華豫寧,電子通路業,3.5,947872000.0,270820571.4285714,0.0,0.0,0.0,11.19,2.81,10.06,12.87,0.0,0.0,0.0,37.85,0.0,0.0,0.0,0.0,0,0.0,0
8450,霹靂,文化創意業,-5.34,235916000.0,0.0,0.0,344750605.5405386,0.0,0.0,0.0,0.0,0.0,0.0,0.0,0.0,15.25,0.0,0.0,0.0,1.69,2,5.26,34
8446,華研,文化創意業,10.31,1119230000.0,108557710.96023278,6.46,1229069317.8060312,11.32,9.6,4.62,7.79,12.41,88.18,140.48,108.67,87.0,1.25,1.01,1.61,18.72,120,9.7,29
8455,大拓-KY,其他電子類,0.01,1156029000.0,115602900000.0,0.01,1229096184.466576,0.01,518.77,1447.87,47.13,1495.0,0.47,14.95,5.19,27.0,0.19,0.02,0.55,16.58,36,26.93,76
6432,今展科,電子零組件業,0.48,1100859000.0,2293456250.0,0.31,1231234655.0241416,0.54,57.78,198.48,14.02,212.5,7.57,114.75,31.2,73.0,0.43,0.1,1.57,0.67,1,42.72,104
4952,凌通,半導體業,1.02,2122460000.0,2080843137.254902,0.75,2491505590.69548,1.2,29.11,43.1,11.4,54.5,13.68,65.4,34.93,52.2,0.67,0.26,1.25,0.3,1,17.63,63
8424,惠普,建材營造,5.8,1077627000.0,185797758.62068966,3.46,1072860350.54636,5.77,14.53,5.09,11.69,16.78,67.45,96.82,83.85,68.7,1.22,0.98,1.41,1.28,16,2.32,163
8426,紅木-KY,其他,1.85,2774857000.0,1499922702.7027025,0.93,2633206058.1392035,1.76,9.26,7.99,6.33,14.32,11.14,25.2,16.3,20.0,0.82,0.56,1.26,0.4,1,1.25,26
6488,環球晶,半導體業,15.3,60583311000.0,3959693529.4117646,8.76,56681962887.93921,14.31,26.73,82.64,10.82,93.46,154.83,1337.41,382.48,1370.0,0.28,0.11,0.98,0.0,0,67.75,97
6415,矽力*-KY,電子工業,6.41,18703888000.0,2917923244.929797,4.43,22763601890.011932,7.8,84.24,286.76,27.16,313.92,211.85,2448.58,657.11,473.0,1.39,0.45,5.18,17.51,83,0.72,2
6486,互動,通信網路業,5.77,2435298000.0,422062045.06065863,4.3,3094652384.838849,7.33,14.45,5.23,11.98,17.21,87.81,126.15,105.95,78.6,1.35,1.12,1.6,0.0,0,17.86,159
6416,瑞祺電通,通信網路業,4.3,4238496000.0,985696744.1860466,3.05,4693687785.836138,4.76,24.08,25.11,16.56,41.67,78.83,198.35,114.63,94.9,1.21,0.83,2.09,9.43,80,4.69,167
6417,韋僑,通信網路業,4.83,1577211000.0,326544720.4968944,3.34,1902805413.238263,5.83,24.4,15.04,17.08,32.12,99.58,187.26,142.24,123.5,1.15,0.81,1.52,0.45,132,16.12,184
6418,詠昇,電子零組件業,0.73,770725000.0,1055787671.2328768,0.49,869839115.0094914,0.82,31.42,61.74,10.95,72.69,8.98,59.61,25.76,31.85,0.81,0.28,1.87,0.88,1,323.53,76
6419,京晨科,光電業,9.58,515303000.0,53789457.202505216,13.43,1143640880.7249799,21.26,12.45,25.69,6.29,31.98,133.73,679.89,264.74,143.5,1.84,0.93,4.74,6.79,2,53.53,163
6485,點序,半導體業,0.71,1448753000.0,2040497183.0985916,0.38,1328363831.736077,0.65,377.74,718.08,108.59,826.67,70.58,537.34,245.53,69.1,3.55,1.02,7.78,0.0,0,121.37,182
4956,光鋐,光電業,-0.8,1359151000.0,0.0,0.0,1452674215.434358,0.0,16.01,0.0,16.01,16.01,0.0,0.0,0.0,32.55,0.0,0.0,0.0,52.7,99,1.24,1
4953,緯軟,資訊服務業,8.45,11343751000.0,1342455739.6449704,6.1,14809664816.398441,11.03,16.05,9.64,12.53,22.17,138.21,244.54,177.06,125.5,1.41,1.1,1.95,4.49,146,40.8,181
8463,潤泰材,其他,1.86,7221483000.0,3882517741.9354835,1.05,7027782892.843972,1.81,18.54,20.58,9.91,30.49,17.94,55.19,33.56,21.6,1.55,0.83,2.56,6.89,16,21.74,145
6435,大中,半導體業,9.52,3323233000.0,349079096.6386555,6.32,3779147926.9263053,10.83,17.86,26.02,12.94,38.96,140.14,421.94,193.43,308.5,0.63,0.45,1.37,0.0,0,28.02,145
8432,東生華,生技醫療業,3.62,1340047000.0,370178729.28176796,1.95,1471207063.6274083,3.97,18.51,15.86,12.83,28.69,50.94,113.9,73.49,50.7,1.45,1.0,2.25,5.38,13,20.49,153
6449,鈺邦,電子零組件業,7.38,4375999000.0,592953794.0379404,4.97,5388753905.044758,9.09,28.15,46.11,14.1,60.21,128.17,547.31,255.87,278.0,0.92,0.46,1.97,0.0,0,105.58,84
6451,訊芯-KY,半導體業,0.26,7574127000.0,29131257692.30769,0.15,7170597084.153694,0.25,516.15,1941.76,62.09,2003.85,15.52,500.96,129.04,477.0,0.27,0.03,1.05,8.84,146,18.12,149
4949,有成精密,電子工業,1.91,2370766000.0,1241238743.4554975,1.56,3233972917.3477454,2.61,30.46,48.2,7.33,55.53,19.13,144.93,79.5,76.7,1.04,0.25,1.89,1.54,1,0.0,0
6456,GIS-KY,光電業,-0.8,67852571000.0,0.0,0.0,53549115642.78181,0.0,206.49,492.09,6.41,498.5,0.0,0.0,0.0,69.7,0.0,0.0,0.0,0.0,0,57.77,49
8437,大地-KY,其他,-1.3,221282000.0,0.0,0.0,183549329.41506565,0.0,60.82,57.16,35.42,92.58,0.0,0.0,0.0,9.99,0.0,0.0,0.0,0.0,0,3.1,15
8436,大江,生技醫療業,8.69,6872719000.0,790876754.890679,5.2,7022204769.148503,8.88,16.98,8.48,12.7,21.18,112.78,188.08,150.8,115.5,1.31,0.98,1.63,1.99,2,5.77,43
6461,益得,生技醫療業,-2.52,111107000.0,0.0,0.0,42792936.07359793,0.0,0.0,0.0,0.0,0.0,0.0,0.0,0.0,15.55,0.0,0.0,0.0,8.45,29,14.8,183
6462,神盾,半導體業,-17.52,5125214000.0,0.0,0.0,8485386264.709493,0.0,0.0,0.0,0.0,0.0,0.0,0.0,0.0,101.5,0.0,0.0,0.0,6.9,1,28.81,104
6464,台數科,其他,4.2,4444855000.0,1058298809.5238094,2.42,4405199523.51328,4.16,14.17,8.58,10.76,19.34,44.76,80.45,58.95,78.4,0.75,0.57,1.03,0.35,1,0.37,5
6465,威潤,通信網路業,0.93,232374000.0,249864516.12903225,0.82,448678585.66351384,1.8,36.52,48.74,17.07,65.81,30.73,118.46,65.74,56.4,1.17,0.54,2.1,1.98,15,161.51,180
8435,鉅邁,其他,3.91,624566000.0,159735549.87212276,2.44,657618300.4495465,4.12,15.4,4.95,14.04,18.99,57.84,78.24,63.45,53.1,1.19,1.09,1.47,11.82,112,0.46,5
8431,匯鑽科,其他電子類,-3.9,1070130000.0,0.0,0.0,961763801.8180509,0.0,95.21,132.76,30.65,163.41,0.0,0.0,0.0,48.05,0.0,0.0,0.0,14.48,64,95.29,176
8444,綠河-KY,其他,-10.06,3333213000.0,0.0,0.0,1517037087.0474885,0.0,0.0,0.0,0.0,0.0,0.0,0.0,0.0,5.75,0.0,0.0,0.0,0.76,2,9.46,44
6441,廣錠,電腦及週邊設備業,-5.16,238504000.0,0.0,0.0,95213389.07718688,0.0,0.0,0.0,0.0,0.0,0.0,0.0,0.0,21.8,0.0,0.0,0.0,0.77,93,1.03,29
6442,光聖,通信網路業,23.48,10705105000.0,455924403.7478705,16.61,12717298489.41265,27.89,61.67,129.07,15.73,144.8,438.71,4038.47,1720.07,1350.0,1.27,0.32,2.99,27.24,167,213.05,180
4951,精拓科,半導體業,5.98,539613000.0,90236287.62541805,3.45,549326539.3797094,6.09,15.99,13.72,11.04,24.76,67.23,150.79,97.4,82.7,1.18,0.81,1.82,0.0,0,29.97,40
6443,元晶,光電業,-6.24,1931581000.0,0.0,0.0,1147638323.7330718,0.0,52.62,202.94,31.44,234.38,0.0,0.0,0.0,29.85,0.0,0.0,0.0,0.0,0,152.9,182
8443,阿瘦,貿易百貨,-1.46,1127548000.0,0.0,0.0,1035923098.8469381,0.0,32.2,2.3,30.81,33.11,0.0,0.0,0.0,11.4,0.0,0.0,0.0,0.82,2,1.24,49
8442,威宏-KY,其他,4.18,7983723000.0,1909981578.9473686,2.64,8852796124.278683,4.64,11.12,19.57,6.27,25.84,29.09,119.9,51.6,45.6,1.13,0.64,2.63,11.71,49,5.65,49
6414,樺漢,電腦及週邊設備業,23.26,142336502000.0,6119368099.742046,16.35,169832064771.35437,27.75,15.26,9.09,10.87,19.96,301.64,553.89,423.35,400.0,1.06,0.75,1.38,0.0,0,6.71,43
6491,晶碩,化學生技醫療,20.87,7034551000.0,337065213.2247245,13.72,8471970018.752402,25.13,14.89,7.62,12.44,20.06,312.62,504.11,374.3,359.5,1.04,0.87,1.4,1.45,1,17.51,110
4960,誠美材,電子工業,-2.59,8612063000.0,0.0,0.0,8047281225.765872,0.0,12.5,0.0,12.5,12.5,0.0,0.0,0.0,23.2,0.0,0.0,0.0,2.63,1,9.39,34
6504,南六,其他,-1.09,6690185000.0,0.0,0.0,6612456052.971759,0.0,131.55,350.16,27.11,377.27,0.0,0.0,0.0,36.3,0.0,0.0,0.0,1.71,16,1.5,2
6499,益安,生技醫療業,-7.24,407417000.0,0.0,0.0,442988678.36272144,0.0,0.0,0.0,0.0,0.0,0.0,0.0,0.0,68.5,0.0,0.0,0.0,1.34,100,9.32,91
6272,驊陞,電子零組件業,3.42,688946000.0,201446198.83040935,0.0,0.0,0.0,13.33,10.09,9.84,19.93,0.0,0.0,0.0,28.7,0.0,0.0,0.0,0.36,177,33.05,47
6498,久禾光,光電業,6.47,962397000.0,148747604.32766616,5.56,2042860746.8804333,13.73,16.17,9.59,12.82,22.41,176.02,307.69,221.95,85.0,2.61,2.07,3.62,61.05,155,15.49,20
6274,台燿,電子零組件業,12.13,29179204000.0,2405540313.272877,11.48,52863624957.50817,21.98,38.56,125.04,12.24,137.28,269.04,3017.41,847.63,1295.0,0.65,0.21,2.33,11.48,59,93.08,166
9962,有益,鋼鐵工業,-0.16,1941014000.0,0.0,0.0,1557498594.2472157,0.0,30.76,67.68,15.89,83.57,0.0,0.0,0.0,9.89,0.0,0.0,0.0,4.95,76,0.41,2
6276,安鈦克,電腦及週邊設備業,0.93,1457611000.0,1567323655.9139783,0.33,819448312.3027257,0.52,41.34,17.88,32.12,50.0,16.7,26.0,21.5,21.7,0.99,0.77,1.2,1.44,1,2.35,21
8411,福貞-KY,其他,-0.69,9151695000.0,0.0,0.0,10647717421.960958,0.0,75.58,119.79,7.21,127.0,0.0,0.0,0.0,12.7,0.0,0.0,0.0,3.06,83,2.33,2
6277,宏正,電子工業,3.08,4892149000.0,1588360064.9350648,1.96,5465142118.053228,3.44,18.32,10.75,14.17,24.92,48.74,85.72,63.04,74.2,0.85,0.66,1.16,0.0,0,8.53,145
8415,大國鋼,鋼鐵工業,3.05,23061004000.0,7560984918.032787,2.09,27036136829.558933,3.58,13.49,7.05,10.36,17.41,37.09,62.33,48.31,36.1,1.34,1.03,1.73,2.59,10,6.46,14
6278,台表科,光電業,9.39,49870351000.0,5311006496.27263,5.63,51224478271.16307,9.64,12.23,21.34,6.8,28.14,65.55,271.27,117.9,177.5,0.66,0.37,1.53,0.0,0,5.21,27
6279,胡連,電子零組件業,10.96,9789266000.0,893181204.379562,6.54,10523308368.655224,11.78,12.71,6.66,9.59,16.25,112.97,191.42,149.76,119.5,1.25,0.95,1.6,12.5,71,14.89,44
6271,同欣電,電子工業,7.64,11595081000.0,1517680759.1623037,4.53,11671708225.400814,7.69,18.16,32.43,10.23,42.66,78.67,328.06,139.64,224.0,0.62,0.35,1.46,0.0,0,26.85,160
6270,倍微,電子通路業,1.08,2772394000.0,2567031481.481481,0.73,2939870827.795531,1.15,46.38,108.84,15.99,124.83,18.39,143.55,53.33,33.2,1.61,0.55,4.32,9.99,1,25.3,181
8481,政伸,其他,3.26,1173670000.0,360021472.3926381,1.91,1190633392.376433,3.31,16.84,18.1,10.99,29.09,36.38,96.29,55.74,44.35,1.26,0.82,2.17,1.96,84,0.43,6
6248,沛波,鋼鐵工業,1.53,7839072000.0,5123576470.588235,0.73,6065014738.723862,1.18,11.25,13.18,5.43,18.61,6.41,21.96,13.27,17.95,0.74,0.36,1.22,9.4,73,5.1,40
6508,惠光,農業科技業,0.27,1401564000.0,5190977777.777778,0.19,1328946904.2097619,0.26,60.53,95.1,23.08,118.18,6.0,30.73,15.74,25.8,0.61,0.23,1.19,0.63,1,1.12,20
8410,森田,電腦及週邊設備業,3.27,1129401000.0,345382568.80733943,1.56,890674106.5829988,2.58,11.41,10.73,6.16,16.89,15.89,43.58,29.43,32.75,0.9,0.49,1.33,15.19,31,9.52,20
6257,矽格,半導體業,6.15,19395856000.0,3153797723.5772357,4.11,22727179732.953686,7.21,18.54,31.94,8.87,40.81,63.95,294.24,133.69,238.0,0.56,0.27,1.24,0.0,0,73.39,184
6470,宇智,通信網路業,3.87,2036670000.0,526271317.82945734,1.25,1063908388.1997524,2.02,17.07,26.41,10.44,36.85,21.09,74.44,34.47,47.9,0.72,0.44,1.55,10.14,146,5.06,20
6263,普萊德,通信網路業,8.32,1881342000.0,226122836.53846154,5.04,1935057344.2856588,8.56,17.76,8.47,14.42,22.89,123.44,195.94,152.05,158.0,0.96,0.78,1.24,7.14,71,4.08,7
6264,富裔,建材營造,-0.5,117286000.0,0.0,0.0,151784330.2583026,0.0,164.84,36.6,154.0,190.6,0.0,0.0,0.0,5.99,0.0,0.0,0.0,9.87,1,2.82,50
6265,方土昶,電子通路業,0.68,771827000.0,1135039705.8823528,2.3,6097052962.828074,5.37,78.38,175.52,16.98,192.5,91.18,1033.72,420.9,51.7,8.14,1.76,19.99,2.58,1,435.79,184
6266,泰詠,電子零組件業,2.04,3364052000.0,1649045098.0392156,1.12,3283769897.8653116,1.99,14.0,5.45,11.07,16.52,22.03,32.87,27.85,26.0,1.07,0.85,1.26,9.46,146,3.97,47
6269,台郡,電子工業,-6.95,22414698000.0,0.0,0.0,22617203714.570103,0.0,34.6,49.46,9.88,59.34,0.0,0.0,0.0,61.1,0.0,0.0,0.0,0.53,2,6.72,42
6505,台塑化,油電燃氣業,1.04,625336454000.0,601285051923.0769,0.66,670802644358.3427,1.12,54.07,77.11,17.11,94.22,19.16,105.53,60.56,80.0,0.76,0.24,1.32,3.59,2,54.61,127
6261,久元,半導體業,4.24,4107857000.0,968834198.1132075,2.63,4571132380.777389,4.72,17.19,19.1,12.46,31.56,58.81,148.96,81.12,90.9,0.89,0.65,1.64,0.0,0,19.87,177
6281,全國電,電子工業,3.7,18994144000.0,5133552432.432432,2.15,18454911516.895233,3.59,16.56,5.1,13.2,18.3,47.39,65.7,59.43,51.6,1.15,0.92,1.27,0.36,2,0.0,0
6291,沛亨,半導體業,6.6,2053233000.0,311095909.0909091,5.09,2945319889.8149266,9.47,30.9,70.35,8.97,79.32,84.95,751.16,292.63,412.5,0.71,0.21,1.82,0.0,0,141.3,166
6292,迅德,電子零組件業,2.0,1000924000.0,500462000.0,1.37,1264524627.11307,2.53,30.13,87.31,8.52,95.83,21.56,242.45,76.23,53.0,1.44,0.41,4.57,1.52,1,0.0,0
6294,智基,文化創意業,2.78,986608000.0,354894964.028777,1.53,854257589.9450017,2.41,19.96,29.4,10.27,39.67,24.75,95.6,48.1,27.6,1.74,0.9,3.46,5.88,22,18.68,33
6290,良維,電子零組件業,8.72,10099931000.0,1158248967.889908,5.32,10820157919.951159,9.34,19.58,33.26,9.56,42.82,89.29,399.94,182.85,257.5,0.71,0.35,1.55,0.0,0,90.87,113
6405,悅城,光電業,-1.27,927000.0,0.0,0.0,413035.17587939696,0.0,20.78,0.0,20.78,20.78,0.0,0.0,0.0,48.4,0.0,0.0,0.0,88.4,99,27.82,180
8466,美吉吉-KY,其他,-0.97,3227731000.0,0.0,0.0,2462170891.9590693,0.0,48.03,168.24,11.48,179.72,0.0,0.0,0.0,17.75,0.0,0.0,0.0,10.03,65,3.45,21
6409,旭隼,其他電子業,40.23,20524460000.0,510177976.6343525,22.27,18950022694.381626,37.14,30.35,40.93,17.59,58.52,653.29,2173.43,1127.29,1020.0,1.11,0.64,2.13,27.76,70,1.59,5
6411,晶焱,半導體業,3.18,2456141000.0,772371383.6477987,2.02,2735766876.9093957,3.54,22.88,24.55,12.83,37.38,45.42,132.33,81.0,86.2,0.94,0.53,1.54,0.0,0,45.74,106
6412,群電,電子工業,5.2,34938697000.0,6718980192.307693,2.83,31867786668.784653,4.74,15.09,11.31,9.07,20.38,42.99,96.6,71.51,83.5,0.86,0.51,1.16,2.86,70,4.0,5
6492,生華科,生技醫療業,-2.97,1074000.0,0.0,0.0,1029863.01369863,0.0,0.0,0.0,0.0,0.0,0.0,0.0,0.0,44.3,0.0,0.0,0.0,8.74,2,49.78,97
6282,康舒,電子工業,0.18,31582716000.0,175459533333.33334,0.12,38330540574.773186,0.22,1045.54,2956.2,23.8,2980.0,5.24,655.6,230.02,53.0,4.34,0.1,12.37,0.13,1,119.42,183
6283,淳安,其他電子業,-0.22,1845136000.0,0.0,0.0,1768690630.3015711,0.0,35.83,45.51,21.72,67.23,0.0,0.0,0.0,21.85,0.0,0.0,0.0,10.65,104,53.4,42
6284,佳邦,電子零組件業,4.36,7575483000.0,1737496100.917431,2.41,7129351670.189543,4.1,16.18,31.56,8.7,40.26,35.67,165.07,66.35,88.8,0.75,0.4,1.86,0.2,1,32.91,183
6285,啟碁,通信網路業,6.4,110508716000.0,17266986875.0,4.51,131612320242.18065,7.62,21.35,34.28,12.77,47.05,97.31,358.52,162.68,257.0,0.63,0.38,1.4,1.01,2,13.04,41
8416,實威,資訊服務業,13.46,1712393000.0,127220876.67161961,8.73,1811833024.2948182,14.24,14.46,4.77,12.07,16.84,171.88,239.8,205.89,169.0,1.22,1.02,1.42,2.92,184,0.0,0
6496,科懋,生技醫療業,-3.96,866250000.0,0.0,0.0,987355202.167479,0.0,0.0,0.0,0.0,0.0,0.0,0.0,0.0,25.0,0.0,0.0,0.0,0.59,1,22.02,58
4958,臻鼎-KY,電子零組件業,6.87,178946617000.0,26047542503.63901,4.16,206442785420.91763,7.93,23.67,82.19,8.92,91.11,70.74,722.5,187.7,578.0,0.32,0.12,1.25,3.36,1,75.45,44
8421,旭源,其他,-0.39,1155501000.0,0.0,0.0,1333054776.7016668,0.0,613.0,177.5,500.0,677.5,0.0,0.0,0.0,16.5,0.0,0.0,0.0,5.5,65,0.0,0
6494,九齊,半導體業,-0.93,1176236000.0,0.0,0.0,1629958741.727197,0.0,94.44,564.22,12.45,576.67,0.0,0.0,0.0,56.8,0.0,0.0,0.0,0.15,1,20.44,107
6186,新潤,建材營造,8.46,9642257000.0,1139746690.3073285,3.39,6109747738.857741,5.36,10.38,28.3,3.83,32.13,20.53,172.22,55.64,43.45,1.28,0.47,3.96,13.36,34,15.31,48
6184,大豐電,其他,2.58,2154296000.0,834998449.612403,1.54,2191820061.891045,2.62,15.37,7.64,12.21,19.85,31.99,52.01,40.28,42.95,0.94,0.74,1.21,1.69,16,9.57,29
5371,中光電,光電業,0.95,39194727000.0,41257607368.42105,0.57,41772471593.70657,1.01,64.4,147.63,22.37,170.0,22.59,171.7,65.05,89.6,0.73,0.25,1.92,9.09,168,128.22,49
9925,新保,其他,2.37,8025348000.0,3386222784.8101263,1.46,8548655618.264223,2.52,17.56,3.54,15.31,18.85,38.58,47.5,44.26,41.4,1.07,0.93,1.15,0.0,0,1.33,7
5386,青雲,電腦及週邊設備業,8.78,5565492000.0,633882915.7175399,25.13,29817988452.125706,47.04,24.49,53.76,6.87,60.63,323.16,2852.04,1151.88,383.0,3.01,0.84,7.45,53.16,44,21.09,170
5388,中磊,通信網路業,4.04,53084553000.0,13139740841.584158,3.31,79915808848.44377,6.08,16.32,12.15,11.18,23.33,67.97,141.85,99.24,86.6,1.15,0.78,1.64,6.28,163,18.31,16
9926,新海,油電燃氣業,2.68,2462571000.0,918869776.1194029,1.68,2453022864.832838,2.67,19.29,3.78,17.89,21.67,47.77,57.86,51.51,50.1,1.03,0.95,1.15,3.55,38,0.0,0
5392,能率,光電業,-0.28,8728682000.0,0.0,0.0,8926349974.054808,0.0,307.0,607.13,52.87,660.0,0.0,0.0,0.0,44.55,0.0,0.0,0.0,5.53,162,90.23,71
5398,慕康生醫,其他,0.35,233856000.0,668160000.0,0.12,157338823.0184582,0.24,81.07,73.49,44.39,117.88,10.65,28.29,19.46,14.85,1.31,0.72,1.91,41.14,121,41.57,147
5403,中菲,資訊服務業,8.56,3406899000.0,398002219.6261682,5.29,3350774786.735774,8.42,14.46,8.28,10.72,19.0,90.26,159.98,121.73,95.7,1.27,0.94,1.67,0.82,176,3.28,51
5410,國眾,資訊服務業,2.35,4317858000.0,1837386382.9787233,2.02,6445240759.976704,3.51,15.81,11.32,11.66,22.98,40.93,80.66,55.49,37.6,1.48,1.09,2.15,0.0,0,38.68,79
5425,台半,半導體業,2.08,17898763000.0,8605174519.230768,1.28,18431248743.79208,2.14,33.28,48.33,18.96,67.29,40.57,144.0,71.22,102.0,0.7,0.4,1.41,0.0,0,39.55,181
5426,振發,電腦及週邊設備業,0.52,1797107000.0,3455975000.0,0.34,1925148726.6032083,0.56,130.99,840.85,16.65,857.5,9.32,480.2,73.35,28.05,2.61,0.33,17.12,2.28,118,8.18,26
9919,康那香,其他,-2.43,2744027000.0,0.0,0.0,2613226182.2783394,0.0,6.17,87.77,4.62,92.39,0.0,0.0,0.0,14.1,0.0,0.0,0.0,0.0,0,2.59,19
5434,崇越,電子工業,21.8,66554106000.0,3052940642.2018347,15.02,79875240200.80923,26.16,16.07,14.32,10.97,25.29,286.98,661.59,420.3,596.0,0.71,0.48,1.11,11.97,118,21.85,110
4999,鑫禾,電子工業,-1.68,1927284000.0,0.0,0.0,1741272648.3270617,0.0,95.71,202.64,14.55,217.19,0.0,0.0,0.0,19.75,0.0,0.0,0.0,7.73,98,20.24,26
5007,三星,鋼鐵工業,3.02,6183145000.0,2047399006.6225166,1.81,6207412133.694292,3.03,16.96,8.48,14.05,22.53,42.57,68.27,51.37,56.4,0.91,0.75,1.21,3.51,17,4.27,168
9931,欣高,油電燃氣業,2.45,1551042000.0,633078367.3469387,1.57,1679039086.5352154,2.65,14.05,11.13,10.93,22.06,28.96,58.46,37.22,33.95,1.1,0.85,1.72,0.56,1,0.0,0
5011,久陽,鋼鐵工業,-1.61,5105270000.0,0.0,0.0,4136131823.934628,0.0,15.19,14.79,12.09,26.88,0.0,0.0,0.0,21.2,0.0,0.0,0.0,5.2,30,7.03,19
5324,士開,建材營造,-0.05,1340608000.0,0.0,0.0,1113356850.9678164,0.0,49.7,143.77,10.67,154.44,0.0,0.0,0.0,12.2,0.0,0.0,0.0,3.44,16,0.43,99
9929,秋雨,其他,-0.07,653941000.0,0.0,0.0,683309941.2509847,0.0,42.59,6.85,40.19,47.04,0.0,0.0,0.0,11.35,0.0,0.0,0.0,7.19,17,4.24,7
5328,華容,電子零組件業,0.39,881581000.0,2260464102.5641026,0.27,1051034754.6621735,0.46,63.5,155.42,27.69,183.11,12.74,84.23,29.21,67.0,0.44,0.19,1.26,1.61,141,118.46,184
5340,建榮,電子零組件業,1.2,2256598000.0,1880498333.3333335,0.81,2703747351.895489,1.44,73.04,155.76,33.53,189.29,48.28,272.58,105.18,77.7,1.35,0.62,3.51,0.38,1,81.08,184
5344,立衛,半導體業,-0.38,334902000.0,0.0,0.0,387381606.43435067,0.0,33.71,30.95,21.27,52.22,0.0,0.0,0.0,15.8,0.0,0.0,0.0,0.0,0,21.28,43
5347,世界,半導體業,4.3,47964760000.0,11154595348.83721,2.84,54407068493.48535,4.88,25.33,35.27,17.74,53.01,86.57,258.69,123.62,187.5,0.66,0.46,1.38,5.44,34,50.97,184
5009,榮剛,鋼鐵工業,2.2,11632507000.0,5287503181.818181,1.33,11507478206.677519,2.18,12.79,11.77,7.95,19.72,17.33,42.99,27.89,34.95,0.8,0.5,1.23,2.79,2,11.98,43
9927,泰銘,其他,4.28,7937924000.0,1854655140.1869159,2.98,9269477355.408445,5.0,12.43,8.8,9.21,18.01,46.05,90.05,62.16,70.4,0.88,0.65,1.28,1.41,48,4.73,183
5351,鈺創,半導體業,-1.53,3643776000.0,0.0,0.0,18772979120.031742,0.0,90.92,31.03,76.7,107.73,0.0,0.0,0.0,97.7,0.0,0.0,0.0,0.0,0,146.77,184
5353,台林,通信網路業,1.38,1819058000.0,1318157971.0144928,0.84,1925159096.9818428,1.46,17.05,15.12,10.33,25.45,15.08,37.16,24.89,28.6,0.87,0.53,1.3,16.0,139,9.5,183
5355,佳總,電子零組件業,-1.12,454197000.0,0.0,0.0,543710313.9169159,0.0,0.0,0.0,0.0,0.0,0.0,0.0,0.0,6.26,0.0,0.0,0.0,1.1,2,45.81,33
5356,協益,電腦及週邊設備業,0.44,3440781000.0,7819956818.181818,0.26,3501367795.5960135,0.45,27.07,57.75,4.18,61.93,1.88,27.87,12.18,25.2,0.48,0.07,1.11,0.4,69,1.18,44
9928,中視,其他,-1.4,846557000.0,0.0,0.0,992129706.2715677,0.0,51.85,42.16,43.18,85.34,0.0,0.0,0.0,18.4,0.0,0.0,0.0,7.61,2,25.15,155
5438,東友,電腦及週邊設備業,0.51,1315943000.0,2580280392.1568627,0.19,748764068.5849227,0.29,79.67,339.58,14.59,354.17,4.23,102.71,23.1,18.85,1.23,0.22,5.45,132.24,113,60.21,71
4995,晶達,光電業,2.24,1255787000.0,560619196.4285713,1.53,1431128753.8876119,2.55,17.0,12.97,11.02,23.99,28.1,61.17,43.35,46.0,0.94,0.61,1.33,0.0,0,0.8,1
5487,通泰,半導體業,-0.53,168084000.0,0.0,0.0,153234740.17001677,0.0,0.0,0.0,0.0,0.0,0.0,0.0,0.0,28.4,0.0,0.0,0.0,14.17,66,1.11,9
5488,松普,電子零組件業,0.11,778399000.0,7076354545.454545,0.08,1021150479.1981827,0.14,232.62,1095.49,24.51,1120.0,3.43,156.8,32.57,16.4,1.99,0.21,9.56,23.95,119,25.0,29
5489,彩富,其他電子類,2.0,1653712000.0,826856000.0,1.33,1895858075.164492,2.29,30.94,56.54,16.19,72.73,37.08,166.55,70.85,48.6,1.46,0.76,3.43,0.0,0,1.5,1
5490,同亨,電腦及週邊設備業,1.69,1522742000.0,901030769.2307693,1.13,1797056998.0853493,1.99,26.9,57.81,15.33,73.14,30.51,145.55,53.54,30.45,1.76,1.0,4.78,0.0,0,27.1,58
4994,傳奇,電子工業,1.96,1182743000.0,603440306.122449,1.18,1210593029.3916008,2.01,33.74,43.57,19.25,62.82,38.69,126.27,67.83,91.7,0.74,0.42,1.38,9.3,65,9.42,182
5493,三聯,其他電子類,4.18,5359000000.0,1282057416.2679427,2.84,6285017862.2961645,4.9,19.21,26.06,11.24,37.3,55.08,182.77,94.12,83.8,1.12,0.66,2.18,0.0,0,22.31,160
5498,凱崴,電子零組件業,0.0,1359340000.0,0.0,0.0,2176082407.2105236,0.0,526.88,137.5,450.0,587.5,0.0,0.0,0.0,54.0,0.0,0.0,0.0,2.72,1,396.45,184
5508,永信建,建材營造,3.06,2428176000.0,793521568.627451,2.61,3262942144.839778,4.11,13.19,17.68,6.23,23.91,25.61,98.27,54.19,56.5,0.96,0.45,1.74,28.54,14,1.42,62
5484,慧友,電子工業,-0.59,458727000.0,0.0,0.0,1070294828.0415498,0.0,128.74,54.6,101.89,156.49,0.0,0.0,0.0,46.55,0.0,0.0,0.0,26.89,35,49.51,43
5511,德昌,建材營造,10.63,10690300000.0,1005672624.6472248,7.05,12678001056.13345,12.61,7.9,4.57,5.27,9.84,66.45,124.08,99.61,66.4,1.5,1.0,1.87,7.44,17,17.39,183
5512,力麒,建材營造,0.17,6947963000.0,40870370588.23529,0.1,6730078879.598545,0.16,58.75,60.42,25.0,85.42,4.0,13.67,9.4,8.01,1.17,0.5,1.71,15.29,3,3.53,50
5514,三豐,建材營造,-0.14,684937000.0,0.0,0.0,676468214.3340639,0.0,72.44,121.34,40.66,162.0,0.0,0.0,0.0,13.7,0.0,0.0,0.0,8.72,14,0.0,0
5515,建國,建材營造,4.48,7364521000.0,1643866294.642857,2.85,8446268813.008401,5.14,9.49,7.36,6.64,14.0,34.13,71.96,48.79,41.9,1.16,0.81,1.72,19.75,139,61.46,177
5516,雙喜,建材營造,0.17,1938290000.0,11401705882.35294,0.15,2999314374.918601,0.26,35.21,73.67,7.58,81.25,1.97,21.12,9.15,10.55,0.87,0.19,2.0,2.56,3,23.16,181
5519,隆大,建材營造,4.96,6014678000.0,1212636693.548387,1.23,4476026816.594126,3.69,8.17,8.57,4.52,13.09,16.68,48.3,30.13,28.45,1.06,0.59,1.7,14.12,16,19.54,163
5520,力泰,建材營造,9.97,4226492000.0,423920962.888666,5.45,4036844138.350109,9.52,9.01,2.43,7.87,10.3,74.92,98.06,85.75,82.2,1.04,0.91,1.19,3.58,30,24.27,33
5521,工信,建材營造,0.51,8867276000.0,17386815686.27451,0.36,10158134096.955526,0.58,119.65,652.12,15.38,667.5,8.92,387.15,69.39,10.35,6.7,0.86,37.41,5.98,16,143.11,182
5439,高技,電子零組件業,13.74,9245672000.0,672901892.2852983,9.43,14418258709.74943,21.43,36.24,53.48,14.74,68.22,315.88,1461.95,776.57,289.0,2.69,1.09,5.06,22.44,157,61.12,138
9917,中保科,其他,6.77,19003491000.0,2807014918.759232,4.01,19267312083.453716,6.86,18.44,8.51,15.44,23.95,105.92,164.3,126.48,108.0,1.17,0.98,1.52,13.36,48,3.11,21
9918,欣天然,油電燃氣業,1.61,2060972000.0,1280106832.2981365,1.05,1993653489.8798997,1.56,22.23,18.37,17.06,35.43,26.61,55.27,34.68,44.0,0.79,0.6,1.26,0.72,41,0.0,0
5452,佶優,其他電子類,0.33,4978088000.0,15085115151.51515,0.19,4588496982.8445215,0.3,88.13,104.56,41.02,145.58,12.31,43.67,26.44,28.85,0.92,0.43,1.51,14.86,94,44.31,184
5455,昇益,建材營造,3.46,2170879000.0,627421676.300578,0.01,8350364.686939337,0.01,8.54,13.19,3.45,16.64,0.03,0.17,0.09,27.65,0.0,0.0,0.01,39.11,30,0.0,0
5457,宣德,電子零組件業,2.77,24329570000.0,8783238267.148014,1.44,23859724650.08748,2.72,24.73,57.55,12.27,69.82,33.37,189.91,67.25,31.4,2.14,1.06,6.05,12.41,142,25.18,69
5460,同協,電子零組件業,-0.17,234145000.0,0.0,0.0,256647129.6943169,0.0,121.06,237.16,46.59,283.75,0.0,0.0,0.0,17.25,0.0,0.0,0.0,44.59,58,31.52,36
5464,霖宏,電子零組件業,-2.6,967415000.0,0.0,0.0,1229930966.7131517,0.0,28.76,44.96,11.64,56.6,0.0,0.0,0.0,85.4,0.0,0.0,0.0,3.91,44,10.22,114
5483,中美晶,半導體業,6.71,77689163000.0,11578116691.505217,4.12,80001831472.34877,6.91,17.45,30.35,9.14,39.49,63.16,272.88,120.61,259.0,0.47,0.24,1.05,1.1,2,31.13,99
5465,富驊,電腦及週邊設備業,1.29,5633240000.0,4366852713.178294,0.54,3628859081.607713,0.83,19.92,14.81,13.88,28.69,11.52,23.81,16.53,23.6,0.7,0.49,1.01,25.21,140,16.45,28
5469,瀚宇博,電子工業,6.05,55369479000.0,9151980000.0,4.13,70848237376.00702,7.74,11.91,12.76,5.31,18.07,41.1,139.86,92.17,73.2,1.26,0.56,1.91,6.31,99,78.69,138
5471,松翰,半導體業,0.72,2689883000.0,3735948611.111111,0.52,3310274936.1733093,0.89,44.53,60.7,8.99,69.69,8.0,62.02,39.63,60.1,0.66,0.13,1.03,0.97,1,32.85,62
5474,聰泰,電腦及週邊設備業,5.49,1444285000.0,263075591.98542804,3.01,1493071835.4060874,5.68,26.83,22.29,16.92,39.21,96.11,222.71,152.42,151.5,1.01,0.63,1.47,10.47,174,32.81,57
5475,德宏,電子零組件業,-0.16,829935000.0,0.0,0.0,1821049644.905023,0.0,1104.8,628.26,763.04,1391.3,0.0,0.0,0.0,175.5,0.0,0.0,0.0,2.58,55,193.95,166
5478,智冠,文化創意業,7.93,6441132000.0,812248675.9142497,5.19,7301211785.019904,8.99,15.57,14.18,11.41,25.59,102.58,230.05,139.98,100.5,1.39,1.02,2.29,1.8,114,7.39,76
5468,凱鈺,半導體業,-0.65,164049000.0,0.0,0.0,233824982.90211686,0.0,438.83,68.75,406.25,475.0,0.0,0.0,0.0,25.75,0.0,0.0,0.0,0.0,0,35.65,145
5013,強新,鋼鐵工業,1.45,7819837000.0,5392991034.4827585,0.89,8172211536.306575,1.52,18.9,7.71,15.99,23.7,24.3,36.02,28.73,25.65,1.12,0.95,1.4,0.14,1,12.24,78
9933,中鼎,其他,1.79,93718619000.0,52356770391.061455,0.94,77097058904.4232,1.47,41.83,101.46,8.7,110.16,12.79,161.94,61.49,40.8,1.51,0.31,3.97,4.28,7,34.8,140
5315,光聯,光電業,1.89,2009859000.0,1063417460.3174604,1.02,1859981508.08004,1.75,18.02,21.34,11.31,32.65,19.79,57.14,31.54,19.85,1.59,1.0,2.88,32.33,140,16.71,134
5234,達興材料,光電業,7.37,4591955000.0,623060379.9185889,4.65,5052079151.88794,8.11,44.64,51.36,14.56,65.92,118.08,534.61,362.07,364.0,0.99,0.32,1.47,74.32,83,74.08,51
5236,凌陽創新,半導體業,8.65,1997623000.0,230939075.14450866,5.83,2302488132.2217145,9.97,16.87,11.67,12.91,24.58,128.71,245.06,168.21,152.5,1.1,0.84,1.61,17.39,92,14.57,106
9951,皇田,電機機械,5.27,6333931000.0,1201884440.227704,3.17,6736039473.937528,5.6,12.24,5.37,10.09,15.46,56.5,86.58,68.56,53.5,1.28,1.06,1.62,0.0,0,9.31,47
9944,新麗,其他,-0.16,2250752000.0,0.0,0.0,2482013674.7626185,0.0,207.27,397.97,4.03,402.0,0.0,0.0,0.0,17.95,0.0,0.0,0.0,3.25,16,0.88,16
5243,乙盛-KY,光電業,4.4,12177833000.0,2767689318.181818,2.61,11794786419.689924,4.26,19.49,17.64,11.22,28.86,47.8,122.94,83.03,96.0,0.86,0.5,1.28,11.56,132,44.63,127
5244,弘凱,光電業,0.51,844698000.0,1656270588.235294,0.27,811645663.9620597,0.49,26.82,91.55,8.06,99.61,3.95,48.81,13.14,33.1,0.4,0.12,1.47,19.91,141,7.07,42
5245,智晶,光電業,-4.89,790349000.0,0.0,0.0,684925790.2158134,0.0,0.0,0.0,0.0,0.0,0.0,0.0,0.0,25.35,0.0,0.0,0.0,14.48,49,3.21,13
5203,訊連,資訊服務業,3.63,2427908000.0,668845179.0633609,1.98,2384155460.9058194,3.56,26.93,29.82,16.71,46.53,59.49,165.65,95.87,67.4,1.42,0.88,2.46,1.35,1,7.21,54
5251,天鉞電,光電業,0.04,339335000.0,8483375000.0,0.02,310548334.2696753,0.04,967.91,3155.0,295.0,3450.0,11.8,138.0,38.72,27.8,1.39,0.42,4.96,0.0,0,3.17,35
5258,虹堡,電子工業,4.24,7836415000.0,1848211084.9056604,2.64,8830929522.345142,4.78,15.3,13.17,9.21,22.38,44.02,106.98,73.15,54.0,1.35,0.82,1.98,7.39,69,21.43,30
5230,雷笛克光學,光電業,-1.34,1327863000.0,0.0,0.0,1359791597.6191168,0.0,42.21,57.96,27.26,85.22,0.0,0.0,0.0,19.3,0.0,0.0,0.0,1.18,92,7.18,33
9949,琉園,文化創意業,5.29,142500000.0,26937618.147448014,3.23,149337112.53166083,5.54,5.23,2.88,4.06,6.94,22.49,38.45,29.0,24.95,1.16,0.9,1.54,22.67,50,59.31,168
5210,寶碩,資訊服務業,0.73,272289000.0,372998630.1369863,0.47,293336747.0624423,0.79,43.61,49.68,28.1,77.78,22.2,61.45,34.45,31.45,1.1,0.71,1.95,14.09,66,3.57,20
5211,蒙恬,資訊服務業,-0.77,210612000.0,0.0,0.0,292532018.70630354,0.0,0.0,0.0,0.0,0.0,0.0,0.0,0.0,21.05,0.0,0.0,0.0,0.0,0,43.33,56
5212,凌網,資訊服務業,4.75,1290950000.0,271778947.3684211,2.68,1419617884.2689939,5.22,14.11,12.4,9.52,21.92,49.69,114.42,73.64,0.0,0.0,0.0,0.0,5.83,80,25.37,182
5213,亞昕,建材營造,3.14,17240512000.0,5490608917.197452,2.09,11844543549.154032,2.16,16.12,32.49,7.12,39.61,15.38,85.56,34.82,22.5,1.55,0.68,3.8,17.38,14,0.53,1
9950,萬國通,塑膠工業,-0.27,2109807000.0,0.0,0.0,1926352856.268568,0.0,15.01,21.66,2.18,23.84,0.0,0.0,0.0,10.7,0.0,0.0,0.0,7.41,156,0.79,1
5215,科嘉-KY,電子工業,2.04,2592010000.0,1270593137.254902,1.43,3293752592.525814,2.59,15.19,15.19,8.69,23.88,22.51,61.85,39.35,40.45,0.97,0.56,1.53,3.73,45,9.73,117
5228,鈺鎧,電子零組件業,-0.21,518941000.0,0.0,0.0,785894264.4871322,0.0,68.49,41.19,45.4,86.59,0.0,0.0,0.0,48.35,0.0,0.0,0.0,2.45,2,70.09,183
9946,三發地產,建材營造,1.52,602169000.0,396163815.78947365,10.87,4827240073.6951275,12.18,41.39,112.69,3.89,116.58,47.38,1419.94,504.11,18.3,27.55,2.59,77.59,3.99,10,3.52,23
5222,全訊,半導體業,2.63,995074000.0,378355133.07984793,1.32,810628730.664331,2.14,35.81,55.49,18.84,74.33,40.32,159.07,76.63,121.5,0.63,0.33,1.31,3.33,2,37.29,51
9945,潤泰新,其他,3.93,35602939000.0,9059272010.178116,3.26,52979322119.06454,5.85,8.36,6.92,5.01,11.93,29.31,69.79,48.88,26.85,1.82,1.09,2.6,13.55,16,9.61,50
5223,安力-KY,電腦及週邊設備業,-0.67,1919124000.0,0.0,0.0,1958215693.4165823,0.0,279.84,86.51,236.82,323.33,0.0,0.0,0.0,24.55,0.0,0.0,0.0,0.27,1,15.3,176
5225,東科-KY,其他電子業,10.26,11240635000.0,1095578460.0389864,5.21,10439015065.147358,9.53,9.6,13.85,2.84,16.69,27.07,159.06,91.46,72.1,1.27,0.38,2.21,13.03,43,32.69,33
5227,立凱-KY,電子零組件業,0.18,402313000.0,2235072222.2222223,0.04,109739877.8666009,0.05,40.25,129.92,9.49,139.41,0.47,6.97,2.01,31.25,0.06,0.02,0.22,27.66,163,25.23,49
5220,萬達光電,光電業,-0.65,688288000.0,0.0,0.0,885708624.173388,0.0,66.85,80.95,27.3,108.25,0.0,0.0,0.0,21.05,0.0,0.0,0.0,0.56,7,16.84,34
5202,力新,資訊服務業,-0.62,164862000.0,0.0,0.0,124739145.943794,0.0,10.84,14.71,5.18,19.89,0.0,0.0,0.0,13.85,0.0,0.0,0.0,28.94,100,3.47,35
5201,凱衛,資訊服務業,-0.05,301274000.0,0.0,0.0,259991706.4926657,0.0,33.97,84.2,14.87,99.07,0.0,0.0,0.0,27.15,0.0,0.0,0.0,4.66,170,33.75,78
5288,豐祥-KY,電機機械,12.26,6818895000.0,556190456.7699836,9.26,8442928565.453432,15.18,11.06,8.36,7.61,15.97,115.52,242.42,167.83,187.5,0.9,0.62,1.29,9.86,83,15.94,183
5289,宜鼎,電腦及週邊設備業,21.83,13168865000.0,603246220.7970684,62.06,77424160449.6691,128.35,27.61,57.63,16.03,73.66,2057.45,9454.26,3543.15,1395.0,2.54,1.47,6.78,0.0,0,197.17,184
5015,華祺,鋼鐵工業,0.06,1529230000.0,25487166666.666668,0.03,1126027847.2825563,0.04,84.67,442.09,12.91,455.0,0.52,18.2,3.39,21.15,0.16,0.02,0.86,0.22,1,0.15,14
5291,邑昇,電子零組件業,0.32,1077231000.0,3366346875.0,0.24,1395746399.878622,0.41,118.04,202.51,49.1,251.61,20.13,103.16,48.4,54.7,0.88,0.37,1.89,0.0,0,71.19,182
5292,華懋,綠能環保,10.16,2797518000.0,275346259.8425197,5.69,2718125515.8594885,9.87,17.19,14.16,12.53,26.69,123.67,263.43,169.64,174.5,0.97,0.71,1.51,3.12,83,30.56,184
5299,杰力,半導體業,4.58,1515551000.0,330906331.87772924,2.71,1428238065.2910376,4.32,18.31,18.17,11.13,29.3,48.08,126.58,79.12,105.5,0.75,0.46,1.2,0.0,0,8.97,107
9937,全國,油電燃氣業,2.37,22695298000.0,9576075105.485231,1.42,23031249933.344433,2.41,25.39,9.45,19.57,29.02,47.16,69.94,61.18,55.2,1.11,0.85,1.27,1.36,2,1.04,6
9938,百和,其他,4.1,15697877000.0,3828750487.804878,2.4,15837400273.697563,4.14,14.17,16.86,9.77,26.63,40.45,110.25,58.66,46.6,1.26,0.87,2.37,37.97,141,13.11,98
5309,系統電,電子零組件業,0.27,3337464000.0,12360977777.777777,0.17,3542408018.1907806,0.29,195.75,596.27,27.06,623.33,7.85,180.77,56.77,58.0,0.98,0.14,3.12,14.55,132,100.54,57
5310,天剛,資訊服務業,0.52,992000.0,1907692.3076923075,0.17,566857.1428571428,0.3,64.49,367.82,12.89,380.71,3.87,114.21,19.35,25.25,0.77,0.15,4.52,20.84,24,0.0,0
5312,寶島科,生技醫療業,6.41,4132651000.0,644719344.773791,4.09,4663808275.393291,7.23,15.14,8.9,12.38,21.28,89.51,153.85,109.43,90.0,1.22,0.99,1.71,13.18,142,0.0,0
5014,建錩,鋼鐵工業,-2.36,14745203000.0,0.0,0.0,16768764748.286507,0.0,22.99,36.9,9.32,46.22,0.0,0.0,0.0,11.15,0.0,0.0,0.0,18.51,80,4.46,183
5302,太欣,半導體業,-0.11,18269000.0,0.0,0.0,32923187.42751102,0.0,0.0,0.0,0.0,0.0,0.0,0.0,0.0,11.9,0.0,0.0,0.0,1.48,1,78.93,180
5285,界霖,電子工業,1.54,5320040000.0,3454571428.5714283,0.99,5877407958.324709,1.7,28.97,37.38,15.0,52.38,25.5,89.05,49.25,92.3,0.53,0.28,0.96,8.43,69,21.02,110
5263,智崴,文化創意業,-2.83,1389771000.0,0.0,0.0,1855407677.545879,0.0,231.38,293.12,78.55,371.67,0.0,0.0,0.0,99.4,0.0,0.0,0.0,12.85,38,35.57,183
9942,茂順,其他,8.15,3977553000.0,488043312.88343555,5.43,4563994011.7964325,9.35,13.1,5.29,10.0,15.29,93.5,142.96,122.44,125.5,0.98,0.75,1.14,2.37,16,2.16,12
5269,祥碩,半導體業,72.7,12907479000.0,177544415.40577716,41.48,14537337142.37102,81.88,30.11,33.51,14.61,48.12,1196.27,3940.07,2465.12,1515.0,1.63,0.79,2.6,9.79,154,0.52,22
5016,松和,鋼鐵工業,1.51,2055226000.0,1361076821.192053,0.93,2147663386.5120096,1.58,17.36,10.98,13.58,24.56,21.46,38.8,27.42,24.1,1.14,0.89,1.61,0.72,58,4.49,177
5272,笙科,半導體業,-1.33,347822000.0,0.0,0.0,291913238.9963542,0.0,198.08,51.56,166.25,217.81,0.0,0.0,0.0,19.7,0.0,0.0,0.0,2.59,1,1.99,48
5274,信驊,半導體業,103.92,8949538000.0,86119495.76597382,91.62,13987257240.692461,162.42,86.41,145.71,34.24,179.95,5561.26,29227.48,14034.06,13905.0,1.01,0.4,2.1,14.87,38,80.14,183
5276,達輝-KY,其他,1.13,919058000.0,813325663.7168143,0.72,1016859499.0356163,1.25,30.46,107.28,12.48,119.76,15.6,149.7,38.08,19.25,1.98,0.81,7.78,28.64,3,20.27,76
9941A,裕融甲特,其他,0.0,0.0,0.0,0.0,0.0,0.0,0.0,0.0,0.0,0.0,0.0,0.0,0.0,50.8,0.0,0.0,0.0,1.17,41,0.77,40
9941,裕融,其他,7.87,39779550000.0,5054580686.149937,4.53,38754479752.17604,7.67,13.88,7.87,10.54,18.41,80.84,141.2,106.49,84.2,1.26,0.96,1.68,0.98,15,6.37,41
9940,信義,其他,0.28,9513436000.0,33976557142.85714,0.26,15470598698.270456,0.46,30.11,62.41,10.45,72.86,4.81,33.52,13.85,20.3,0.68,0.24,1.65,7.67,16,0.0,0
9939,宏全,其他,9.09,29073649000.0,3198421232.1232123,5.47,29608430699.362034,9.26,15.03,7.48,10.35,17.83,95.84,165.11,139.13,125.5,1.11,0.76,1.32,5.23,3,1.0,7
5283,禾聯碩,電器電纜,6.03,6483577000.0,1075220066.3349917,3.6,6401928199.897395,5.95,12.73,10.09,8.75,18.84,52.06,112.1,75.74,53.4,1.42,0.97,2.1,4.33,38,4.31,19
5284,jpp-KY,其他,12.06,3612748000.0,299564510.7794361,9.12,5295379997.754036,17.68,47.86,157.54,15.14,172.68,267.68,3052.98,846.1,299.5,2.83,0.89,10.19,35.88,184,62.81,142
5522,遠雄,建材營造,7.45,28122985000.0,3774897315.4362416,3.26,203728976297.35858,53.97,17.89,28.8,6.74,35.54,363.76,1918.09,965.6,69.4,13.91,5.24,27.64,0.0,0,29.21,160
5523,豐謙,建材營造,-0.08,5246000.0,0.0,0.0,5280051.928216876,0.0,27.58,47.11,9.25,56.36,0.0,0.0,0.0,30.4,0.0,0.0,0.0,3.67,69,2.01,160
5525,順天,建材營造,1.4,747859000.0,534185000.00000006,10.28,12821800271.620579,24.0,22.6,39.55,8.37,47.92,200.88,1150.08,542.3,22.15,24.48,9.07,51.92,12.41,14,0.0,0
5529,鉅陞,建材營造,2.02,78043000.0,38635148.51485149,38.1,3328218757.214046,86.14,9.72,6.74,7.14,13.88,615.04,1195.62,837.67,22.05,37.99,27.89,54.22,0.0,0,2.2,168
6139,亞翔,其他電子業,30.49,70821098000.0,2322764775.336176,23.88,128202498450.37105,55.19,17.97,19.32,9.46,28.78,522.1,1588.37,991.52,868.0,1.14,0.6,1.83,0.0,0,89.44,182
6140,訊達,資訊服務業,-2.01,2476215000.0,0.0,0.0,1775991504.3433826,0.0,36.38,34.25,21.76,56.01,0.0,0.0,0.0,18.5,0.0,0.0,0.0,0.0,0,1.23,5
6141,柏承,電子工業,-4.65,1834584000.0,0.0,0.0,2009863664.8946974,0.0,9.34,0.0,9.34,9.34,0.0,0.0,0.0,43.75,0.0,0.0,0.0,1.16,1,18.88,30
6142,友勁,通信網路業,-0.26,1786173000.0,0.0,0.0,1811328906.561799,0.0,6.65,0.0,6.65,6.65,0.0,0.0,0.0,10.05,0.0,0.0,0.0,20.8,104,18.62,51
8935,邦泰,其他,-0.77,520557000.0,0.0,0.0,474396434.97661006,0.0,0.0,0.0,0.0,0.0,0.0,0.0,0.0,20.35,0.0,0.0,0.0,25.79,125,100.0,48
6143,振曜,通信網路業,6.46,8607320000.0,1332402476.7801857,3.84,9683724776.262705,7.27,19.06,15.72,13.18,28.9,95.82,210.1,138.57,103.5,1.34,0.93,2.03,29.34,44,32.75,55
6146,耕興,其他電子類,10.78,4489524000.0,416467903.5250464,6.76,4849956072.565907,11.65,16.19,9.58,12.56,22.14,146.32,257.93,188.56,190.5,0.99,0.77,1.35,1.04,1,17.28,56
6147,頎邦,半導體業,3.73,21413608000.0,5740913672.922252,2.47,24751148044.70056,4.31,19.36,79.71,9.62,89.33,41.46,385.01,83.46,198.0,0.42,0.21,1.94,0.0,0,10.09,110
6148,驊宏資,資訊服務業,1.36,968037000.0,711791911.7647058,0.49,637210459.5760196,0.9,28.73,37.09,11.95,49.04,10.76,44.14,25.85,30.75,0.84,0.35,1.44,0.0,0,20.61,36
6150,撼訊,電腦及週邊設備業,2.62,7670408000.0,2927636641.221374,1.09,5424335728.899785,1.85,158.64,329.65,14.85,344.5,27.47,637.33,293.49,60.4,4.86,0.45,10.55,5.51,114,30.7,89
6151,晉倫,其他電子類,1.16,1695815000.0,1461909482.7586207,0.76,1867597701.5846276,1.28,24.42,25.82,17.09,42.91,21.88,54.92,31.26,37.7,0.83,0.58,1.46,74.21,111,18.64,33
8931,大汽電,油電燃氣業,1.87,2513205000.0,1343959893.0481284,1.11,2602179945.285108,1.94,21.57,11.65,17.03,28.68,33.04,55.64,41.85,42.35,0.99,0.78,1.31,0.75,1,3.04,58
8930,青鋼,鋼鐵工業,2.4,1443214000.0,601339166.6666667,1.39,1358451102.8854706,2.26,12.17,4.87,9.25,14.12,20.9,31.91,27.51,31.85,0.86,0.66,1.0,1.74,80,5.69,159
6144,得利影,文化創意業,-0.36,172362000.0,0.0,0.0,158253535.60314846,0.0,0.0,0.0,0.0,0.0,0.0,0.0,0.0,13.85,0.0,0.0,0.0,120.43,91,20.4,91
8929,富堡,其他,-0.45,725631000.0,0.0,0.0,720329082.389698,0.0,36.27,92.24,16.62,108.86,0.0,0.0,0.0,14.4,0.0,0.0,0.0,46.35,141,10.17,35
6138,茂達,半導體業,13.04,7357134000.0,564197392.6380368,8.29,8386172552.851584,14.86,19.63,19.54,12.74,32.28,189.32,479.68,291.73,327.0,0.89,0.58,1.47,10.28,97,33.97,110
6136,富爾特,通信網路業,0.88,605803000.0,688412500.0,0.6,735330370.8995254,1.07,26.85,24.33,14.88,39.21,15.92,41.95,28.73,24.35,1.18,0.65,1.72,1.07,49,10.09,163
6124,業強,電子零組件業,-0.98,1808813000.0,0.0,0.0,1758388185.648277,0.0,0.0,0.0,0.0,0.0,0.0,0.0,0.0,27.75,0.0,0.0,0.0,29.77,97,0.0,0
4979,華星光,通信網路業,5.43,4315580000.0,794766114.1804788,3.65,4999979089.314164,6.29,54.39,109.5,22.73,132.23,142.97,831.73,342.14,392.0,0.87,0.36,2.12,67.45,142,66.67,170
6126,信音,電子零組件業,0.72,3836487000.0,5328454166.666667,0.62,5636172841.016272,1.06,31.85,33.41,19.03,52.44,20.17,55.59,33.76,32.45,1.04,0.62,1.71,0.51,14,68.12,184
6127,九豪,電子零組件業,0.46,978519000.0,2127215217.3913043,0.28,987855947.8377389,0.46,159.72,339.11,32.56,371.67,14.98,170.97,73.47,66.7,1.1,0.22,2.56,0.0,0,94.9,182
6128,上福,電子工業,-9.56,5257403000.0,0.0,0.0,5100656612.796666,0.0,11.77,4.25,9.69,13.94,0.0,0.0,0.0,20.6,0.0,0.0,0.0,0.41,1,1.5,2
4977,眾達-KY,電子工業,4.5,1117417000.0,248314888.8888889,1.99,849505217.8222098,3.42,87.85,432.46,17.54,450.0,59.99,1539.0,300.46,144.0,2.09,0.42,10.69,91.61,176,63.33,149
6129,普誠,半導體業,-1.09,1113905000.0,0.0,0.0,1505589032.8296337,0.0,0.0,0.0,0.0,0.0,0.0,0.0,0.0,16.65,0.0,0.0,0.0,0.38,1,83.08,49
6130,上亞科技,生技醫療業,-1.72,155618000.0,0.0,0.0,171361755.41785657,0.0,0.0,0.0,0.0,0.0,0.0,0.0,0.0,27.35,0.0,0.0,0.0,0.0,0,14.82,148
6133,金橋,電子工業,0.73,1370459000.0,1877341095.890411,0.45,1535721028.3222294,0.82,42.06,74.98,18.56,93.54,15.22,76.7,34.49,22.7,1.52,0.67,3.38,21.46,104,61.7,183
8937,合騏*,其他,-0.72,66133000.0,0.0,0.0,588154806.9858543,0.0,505.02,1276.5,38.88,1315.38,0.0,0.0,0.0,25.25,0.0,0.0,0.0,356.38,175,22.45,72
8936,國統,其他,4.08,6293893000.0,1542620833.3333333,2.58,7348692089.274628,4.76,15.9,18.65,11.38,30.03,54.17,142.94,75.69,54.8,1.38,0.99,2.61,3.46,2,34.82,119
6134,萬旭,電子零組件業,0.12,1862157000.0,15517975000.0,0.09,2736201551.5696054,0.18,284.62,793.36,64.14,857.5,11.55,154.35,51.23,28.15,1.82,0.41,5.48,89.25,92,78.16,184
6152,百一,通信網路業,-1.47,1585496000.0,0.0,0.0,1923663494.1900027,0.0,161.17,157.46,40.04,197.5,0.0,0.0,0.0,12.65,0.0,0.0,0.0,11.9,58,64.53,184
6153,嘉聯益,電子工業,-4.38,5515837000.0,0.0,0.0,5372097774.142226,0.0,0.0,0.0,0.0,0.0,0.0,0.0,0.0,18.2,0.0,0.0,0.0,1.24,1,19.78,98
6170,統振,通信網路業,4.5,3183535000.0,707452222.2222222,2.62,3164230484.143948,4.47,15.38,19.82,9.73,29.55,43.49,132.09,68.73,47.2,1.46,0.92,2.8,0.0,0,10.27,33
6171,大城地產,建材營造,3.82,1222473000.0,320019109.947644,0.43,186599189.22350955,0.58,7.69,20.83,3.19,24.02,1.85,13.93,4.46,23.6,0.19,0.08,0.59,16.97,16,0.0,0
4976,佳凌,電子工業,-1.88,1036181000.0,0.0,0.0,1009181743.1692929,0.0,0.0,0.0,0.0,0.0,0.0,0.0,0.0,35.3,0.0,0.0,0.0,0.0,0,118.63,50
8921,沈氏,其他,-0.12,627607000.0,0.0,0.0,659592186.8762573,0.0,0.0,0.0,0.0,0.0,0.0,0.0,0.0,0.0,0.0,0.0,0.0,39.8,77,2.79,21
6173,信昌電,電子零組件業,3.25,4034265000.0,1241312307.6923077,2.19,4674467979.954506,3.77,23.73,83.78,10.19,93.97,38.42,354.27,89.45,215.5,0.42,0.18,1.64,1.4,1,105.64,182
6174,安碁,電子零組件業,0.65,602691000.0,927216923.076923,0.44,732503315.1732455,0.79,44.34,71.13,21.67,92.8,17.12,73.31,35.03,59.8,0.59,0.29,1.23,33.93,142,18.38,96
6169,昱泉,文化創意業,-2.43,34318000.0,0.0,0.0,3935121.92559339,0.0,0.0,0.0,0.0,0.0,0.0,0.0,0.0,14.55,0.0,0.0,0.0,0.0,0,0.0,0
6175,立敦,電子零組件業,2.67,4125713000.0,1545210861.423221,1.88,4771555289.087326,3.09,17.28,34.68,8.79,43.47,27.16,134.32,53.38,110.0,0.49,0.25,1.22,6.02,141,64.65,182
8917,欣泰,油電燃氣業,2.22,3079267000.0,1387057207.2072072,1.32,2964460930.8986917,2.14,26.26,10.09,22.29,32.38,47.7,69.29,56.19,53.0,1.06,0.9,1.31,9.02,175,5.03,28
6176,瑞儀,電子工業,9.41,49402266000.0,5249975132.837407,5.23,45907011379.795746,8.74,12.11,7.92,8.64,16.56,75.51,144.73,105.88,88.6,1.2,0.85,1.63,15.28,104,1.41,70
6177,達麗,建材營造,3.83,3745752000.0,978003133.1592689,14.84,36324237217.77442,37.14,10.77,10.44,5.27,15.71,195.73,583.47,400.1,48.0,8.34,4.08,12.16,8.43,7,18.17,176
6179,亞通,其他,0.05,5085287000.0,101705740000.0,0.04,6563020677.905057,0.06,144.2,492.94,15.06,508.0,0.9,30.48,8.65,27.0,0.32,0.03,1.13,2.8,92,32.22,68
6180,橘子,文化創意業,-1.53,8817865000.0,0.0,0.0,8379700720.266548,0.0,16.54,52.31,5.53,57.84,0.0,0.0,0.0,45.6,0.0,0.0,0.0,15.86,139,0.0,0
6182,合晶,半導體業,0.08,9636039000.0,120450487500.0,0.05,10653072815.25266,0.09,944.29,4679.5,58.0,4737.5,5.22,426.38,84.99,166.0,0.51,0.03,2.57,0.12,1,88.21,183
6183,關貿,資訊服務業,3.9,2735238000.0,701343076.923077,2.45,2959497415.26673,4.22,25.31,15.42,18.32,33.74,77.31,142.38,106.82,91.1,1.17,0.85,1.56,22.03,184,6.91,33
6168,宏齊,電子工業,0.05,2056765000.0,41135300000.0,0.03,2207338450.8972125,0.05,545.84,1877.86,12.14,1890.0,0.61,94.5,27.29,26.75,1.02,0.02,3.53,0.81,98,46.57,48
8923,時報,文化創意業,0.95,450369000.0,474072631.57894737,0.57,442503620.42857397,0.93,20.85,14.66,16.26,30.92,15.12,28.76,19.39,18.65,1.04,0.81,1.54,3.35,176,15.05,77
6154,順發,電子通路業,0.51,3894760000.0,7636784313.72549,0.31,4070424282.0135884,0.53,32.03,302.52,15.48,318.0,8.2,168.54,16.98,13.7,1.24,0.6,12.3,0.6,2,4.5,57
6155,鈞寶,電子工業,0.74,621894000.0,840397297.2972974,0.51,745972283.5549289,0.89,80.56,301.39,16.61,318.0,14.78,283.02,71.69,66.8,1.07,0.22,4.24,4.1,1,164.49,183
5206,坤悅,建材營造,3.84,3769600000.0,981666666.6666667,2.34,2352408154.673438,2.4,13.66,69.89,4.14,74.03,9.94,177.67,32.79,20.75,1.58,0.48,8.56,18.01,16,3.96,50
6158,禾昌,電子零組件業,0.11,1823143000.0,16574027272.727272,0.06,1782723891.7027826,0.11,35.36,170.8,15.56,186.36,1.71,20.5,3.89,18.75,0.21,0.09,1.09,12.0,99,5.32,33
6160,欣技,電腦及週邊設備業,-1.19,1229032000.0,0.0,0.0,982383019.3970047,0.0,0.0,0.0,0.0,0.0,0.0,0.0,0.0,15.75,0.0,0.0,0.0,0.0,0,11.78,68
6161,捷波,電腦及週邊設備業,2.71,1391277000.0,513386346.86346865,1.73,1806335867.724775,3.52,15.99,11.32,11.37,22.69,40.02,79.87,56.28,51.7,1.09,0.77,1.54,0.0,0,37.53,68
6164,華興,光電業,0.07,754335000.0,10776214285.714285,0.04,684451576.1047758,0.06,130.35,853.82,16.18,870.0,0.97,52.2,7.82,13.65,0.57,0.07,3.82,0.62,1,31.68,154
8927,北基,油電燃氣業,0.36,10630044000.0,29527900000.0,0.29,15565421242.91578,0.53,68.92,194.46,31.13,225.59,16.5,119.56,36.53,21.05,1.74,0.78,5.68,5.94,1,0.91,7
8926,台汽電,油電燃氣業,2.45,8036606000.0,3280247346.938775,10.68,54027711593.890915,16.47,22.93,25.73,13.9,39.63,228.93,652.71,377.62,67.0,5.64,3.42,9.74,3.79,10,12.94,97
6166,凌華,電子工業,2.35,12101599000.0,5149616595.74468,1.75,15558369044.502094,3.02,250.24,1223.29,23.38,1246.67,70.61,3764.94,755.71,128.0,5.9,0.55,29.41,3.73,174,7.18,20
6167,久正,光電業,-0.03,1173851000.0,0.0,0.0,1304241401.916102,0.0,174.83,721.44,11.06,732.5,0.0,0.0,0.0,11.45,0.0,0.0,0.0,8.33,99,6.67,20
6185,幃翔,電子零組件業,0.22,532272000.0,2419418181.818182,0.16,660627375.9447713,0.27,137.34,276.4,25.27,301.67,6.82,81.45,37.08,14.2,2.61,0.48,5.74,1.22,108,15.03,105
6122,擎邦,電機機械,4.78,4104869000.0,858759205.0209205,2.79,4075573957.4909787,4.75,10.48,6.05,8.27,14.32,39.28,68.02,49.8,51.9,0.96,0.76,1.31,5.37,27,3.15,182
4991,環宇-KY,半導體業,0.16,2159582000.0,13497387500.0,0.13,3188215816.1334496,0.24,1319.22,4794.71,165.29,4960.0,39.67,1190.4,316.61,400.0,0.79,0.1,2.98,250.5,184,43.83,180
9908,大台北,油電燃氣業,1.72,3392932000.0,1972634883.7209303,1.05,3363284741.676556,1.7,17.31,7.25,13.58,20.83,23.09,35.41,29.42,29.15,1.01,0.79,1.21,0.31,1,0.97,13
9907,統一實,其他,1.36,46160570000.0,33941595588.23529,0.74,40402185612.76126,1.19,19.51,34.82,11.21,46.03,13.34,54.78,23.22,15.3,1.52,0.87,3.58,11.76,112,6.61,117
5864,致和證,金融業,2.56,996266000.0,389166406.25,0.0,0.0,0.0,11.08,29.6,4.29,33.89,0.0,0.0,0.0,36.05,0.0,0.0,0.0,0.0,0,60.78,184
5871,中租-KY,其他,11.24,97807317000.0,8701718594.30605,6.5,95731116984.386,11.0,10.07,6.16,7.63,13.79,83.93,151.69,110.75,120.5,0.92,0.7,1.26,0.92,83,0.38,1
5876,上海商銀,金融保險,3.06,54529641000.0,17820144117.64706,1.78,52505539977.70326,2.95,15.18,8.21,12.27,20.48,36.2,60.42,44.78,44.95,1.0,0.81,1.34,0.0,0,0.0,0
5878,台名,金融業,2.86,878908000.0,307310489.5104895,1.73,891617291.9637607,2.9,17.28,9.04,13.08,22.12,37.93,64.15,50.11,38.85,1.29,0.98,1.65,1.69,22,1.91,36
5880,合庫金,金融保險,1.36,72176581000.0,53071015441.17647,0.78,73908650606.57233,1.39,19.49,6.46,16.21,22.67,22.53,31.51,27.1,25.5,1.06,0.88,1.24,2.26,16,2.53,21
9906,欣巴巴,建材營造,0.09,1332942000.0,14810466666.666668,0.13,2505206383.9463425,0.17,82.62,493.27,8.95,502.22,1.52,85.38,14.04,41.6,0.34,0.04,2.05,57.86,29,6.97,51
9905,大華,其他,1.29,8095013000.0,6275203875.968992,0.93,9791381174.27646,1.56,15.02,3.67,13.1,16.77,20.44,26.16,23.44,20.75,1.13,0.99,1.26,1.06,1,0.47,23
5871A,中租-KY甲特,其他,0.0,0.0,0.0,0.0,0.0,0.0,0.0,0.0,0.0,0.0,0.0,0.0,0.0,102.5,0.0,0.0,0.0,0.61,174,0.49,2
5530,龍巖,其他,2.74,4023918000.0,1468583211.678832,1.62,3627249630.297234,2.47,16.84,11.74,13.31,25.05,32.88,61.87,41.59,48.5,0.86,0.68,1.28,1.99,2,0.64,1
5531,鄉林,建材營造,-0.28,3568155000.0,0.0,0.0,457661202.0285739,0.0,80.07,135.77,34.23,170.0,0.0,0.0,0.0,7.9,0.0,0.0,0.0,7.56,16,12.78,22
5533,皇鼎,建材營造,0.56,1128405000.0,2015008928.5714283,0.41,1161512523.1243,0.58,15.89,22.81,3.53,26.34,2.05,15.28,9.22,13.8,0.67,0.15,1.11,4.7,16,3.35,8
5534,長虹,建材營造,6.0,9314448000.0,1552408000.0,3.15,8890746910.369041,5.73,12.45,14.72,9.34,24.06,53.52,137.86,71.34,81.7,0.87,0.66,1.69,15.69,16,3.82,161
5536,聖暉*,其他電子類,28.42,41109272000.0,1446490921.8859956,20.07,51579079600.47141,35.66,24.4,28.82,13.66,42.48,487.12,1514.84,870.01,1265.0,0.69,0.39,1.2,57.97,184,96.61,55
5538,東明-KY,鋼鐵工業,3.02,12673987000.0,4196684437.0860925,1.93,13872251320.689348,3.31,14.04,25.98,6.37,32.35,21.08,107.08,46.49,34.7,1.34,0.61,3.09,28.57,80,10.08,183
5543,桓鼎-KY,建材營造,-2.51,3144157000.0,0.0,0.0,3290130285.0168357,0.0,0.0,0.0,0.0,0.0,0.0,0.0,0.0,28.8,0.0,0.0,0.0,3.3,1,82.22,177
5546,永固-KY,建材營造,-2.13,2087510000.0,0.0,0.0,976237091.2935038,0.0,166.8,161.41,17.41,178.82,0.0,0.0,0.0,16.75,0.0,0.0,0.0,6.63,3,1.16,2
5547,久舜,建材營造,3.14,291501000.0,92834713.37579617,0.0,0.0,0.0,8.26,2.68,6.83,9.51,0.0,0.0,0.0,20.2,0.0,0.0,0.0,9.48,29,11.07,183
5548,安倉,建材營造,2.04,2476373000.0,1213908333.3333333,1.3,2710421854.579602,2.23,12.99,8.61,8.96,17.57,19.98,39.18,28.96,23.85,1.21,0.84,1.64,14.45,44,1.56,5
5601,台聯櫃,航運業,0.42,93551000.0,222740476.1904762,0.25,94757776.00663412,0.43,89.41,28.27,72.5,100.77,31.18,43.33,38.44,32.1,1.2,0.97,1.35,0.0,0,1.45,121
5603,陸海,航運業,0.4,1398865000.0,3497162500.0,0.24,1344404142.424129,0.38,66.26,330.62,11.05,341.67,4.2,129.83,25.18,14.4,1.75,0.29,9.02,29.28,104,5.58,22
9912,偉聯,電子工業,-1.12,495111000.0,0.0,0.0,503989512.50793475,0.0,24.65,0.0,24.65,24.65,0.0,0.0,0.0,12.7,0.0,0.0,0.0,0.0,0,5.02,34
5607,遠雄港,航運業,2.78,4051816000.0,1457487769.7841728,2.05,5487827569.902373,3.77,20.16,12.65,14.68,27.33,55.34,103.03,76.0,50.9,1.49,1.09,2.02,1.97,2,18.57,27
5608,四維航,航運業,-0.12,3208452000.0,0.0,0.0,3288269464.394337,0.0,62.2,59.68,5.97,65.65,0.0,0.0,0.0,14.3,0.0,0.0,0.0,0.0,0,35.62,141
5609,中菲行,航運業,8.0,29430867000.0,3678858375.0,5.22,32944074964.03851,8.95,11.37,3.99,9.63,13.62,86.19,121.9,101.78,78.2,1.3,1.1,1.56,0.0,0,6.36,55
9902,台火,其他,-0.47,342343000.0,0.0,0.0,255453680.84567857,0.0,131.11,438.57,10.18,448.75,0.0,0.0,0.0,13.9,0.0,0.0,0.0,15.48,16,2.57,152
5906,台南-KY,貿易百貨,1.0,1692931000.0,1692931000.0,0.57,1654557653.8555756,0.98,36.57,56.96,9.78,66.74,9.58,65.41,35.84,37.95,0.94,0.25,1.72,0.0,0,12.73,98
6112,邁達特,資訊服務業,1.82,21632169000.0,11885807142.857143,1.22,25467977920.89206,2.14,802.73,5694.94,15.06,5710.0,32.23,12219.4,1717.85,42.25,40.66,0.76,289.22,0.0,0,3.75,12
6113,亞矽,電子通路業,-0.25,646000000.0,0.0,0.0,922518423.1850898,0.0,433.38,515.93,84.07,600.0,0.0,0.0,0.0,24.6,0.0,0.0,0.0,1.82,1,8.97,41
9958,世紀鋼,鋼鐵工業,6.56,14571164000.0,2221214024.390244,5.15,18027266818.22219,8.12,25.33,29.88,12.88,42.76,104.59,347.21,205.65,118.5,1.74,0.88,2.93,0.0,0,1.5,26
6114,久威,電子零組件業,2.66,897454000.0,337388721.80451125,1.39,738629632.2222885,2.19,27.44,73.19,7.05,80.24,15.44,175.73,60.1,29.05,2.07,0.53,6.05,50.55,51,4.56,21
8996,高力,電機機械,9.08,5988938000.0,659574669.6035242,10.1,14023794300.389585,21.26,68.84,114.67,26.39,141.06,561.05,2998.94,1463.54,1125.0,1.3,0.5,2.67,7.37,71,188.0,181
6115,鎰勝,電子工業,2.85,7433274000.0,2608166315.7894735,1.81,8284374898.132738,3.18,16.17,5.41,13.15,18.56,41.82,59.02,51.43,45.7,1.13,0.92,1.29,0.92,16,0.4,2
6111,光聚晶電,文化創意業,-4.62,7140131000.0,0.0,0.0,17210293932.2456,0.0,741.84,1839.4,57.27,1896.67,0.0,0.0,0.0,41.4,0.0,0.0,0.0,1.64,2,6.85,71
6116,彩晶,光電業,-0.75,11477038000.0,0.0,0.0,11717217486.624647,0.0,7.56,0.0,7.56,7.56,0.0,0.0,0.0,16.1,0.0,0.0,0.0,0.72,1,71.58,176
6117,迎廣,電子工業,3.77,3198480000.0,848403183.0238727,2.28,3446879225.6499553,4.06,25.44,36.05,14.7,50.75,59.68,206.04,103.27,67.9,1.52,0.88,3.03,3.44,1,2.97,27
6118,建達,電子通路業,0.4,9901791000.0,24754477500.0,0.23,10231324960.401577,0.41,39.92,60.83,25.3,86.13,10.37,35.31,16.37,16.95,0.97,0.61,2.08,0.0,0,64.52,43
8942,森鉅,其他,1.83,3809373000.0,2081624590.1639342,0.68,1857400637.5380073,0.89,13.03,17.96,7.18,25.14,6.39,22.37,11.6,39.85,0.29,0.16,0.56,1.5,17,3.11,19
6120,達運,光電業,-0.24,17216314000.0,0.0,0.0,16499695542.013405,0.0,41.22,33.93,24.61,58.54,0.0,0.0,0.0,14.2,0.0,0.0,0.0,1.27,1,31.28,148
6109,亞元,通信網路業,-0.94,758747000.0,0.0,0.0,915092086.2569522,0.0,133.12,30.5,115.5,146.0,0.0,0.0,0.0,12.2,0.0,0.0,0.0,2.4,84,36.41,93
6108,競國,電子零組件業,-0.88,4214668000.0,0.0,0.0,4927566353.370012,0.0,33.74,64.93,7.75,72.68,0.0,0.0,0.0,17.45,0.0,0.0,0.0,2.26,28,12.5,29
5907,大洋-KY,貿易百貨,-4.55,2793027000.0,0.0,0.0,2641288686.8907056,0.0,0.0,0.0,0.0,0.0,0.0,0.0,0.0,4.93,0.0,0.0,0.0,44.03,99,0.79,6
4989,榮科,電子零組件業,-3.48,2536276000.0,0.0,0.0,4196518981.074163,0.0,7.56,0.0,7.56,7.56,0.0,0.0,0.0,78.2,0.0,0.0,0.0,0.0,0,309.23,183
6005,群益證,金融保險,2.64,18678452000.0,7075171212.121212,2.99,40165711804.96119,5.68,11.17,6.49,7.23,13.72,41.07,77.93,63.47,34.65,1.83,1.19,2.25,21.61,176,35.92,184
6015,宏遠證,金融業,0.76,1429585000.0,1881032894.7368422,1.39,6945254648.178607,3.69,61.0,274.87,7.63,282.5,28.15,1042.42,225.08,17.3,13.01,1.63,60.26,0.0,0,24.07,184
6016,康和證,金融業,1.92,3881404000.0,2021564583.3333335,3.57,24204506177.85969,11.97,28.55,129.87,5.13,135.0,61.41,1615.95,341.75,25.45,13.43,2.41,63.5,0.0,0,34.03,184
6020,大展證,金融業,0.38,271592000.0,714715789.4736842,1.39,4429987630.307096,6.2,43.25,71.59,14.5,86.09,89.9,533.76,268.14,21.75,12.33,4.13,24.54,0.77,44,4.76,176
6021,美好證,金融業,3.75,2015939000.0,537583733.3333334,6.02,16997500388.582108,31.62,16.09,23.72,5.4,29.12,170.75,920.77,508.64,39.05,13.03,4.37,23.58,7.38,71,40.68,184
6023,元大期,金融業,8.45,3633121000.0,429955147.9289941,6.44,4882664118.262712,11.36,11.9,3.49,10.23,13.72,116.21,155.86,135.18,106.0,1.28,1.1,1.47,0.0,0,17.47,168
6024,群益期,金融保險,5.48,2946386000.0,537661678.8321167,2.37,2111092231.7612805,3.93,10.27,7.9,7.71,15.61,30.3,61.35,40.37,65.2,0.62,0.46,0.94,5.8,146,5.14,177
6026,福邦證,金融業,1.72,1113064000.0,647130232.5581396,1.72,3043823832.6780386,4.7,19.96,79.06,7.01,86.07,32.95,404.53,93.82,14.7,6.38,2.24,27.52,0.69,2,31.08,184
6028,公勝保經,金融業,8.27,0.0,0.0,0.0,0.0,0.0,11.64,2.87,9.97,12.84,0.0,0.0,0.0,0.0,0.0,0.0,0.0,50.47,84,0.0,0
6101,寬魚國際,文化創意業,-0.19,1024378000.0,0.0,0.0,1863679263.0996628,0.0,121.87,196.6,46.93,243.53,0.0,0.0,0.0,39.1,0.0,0.0,0.0,9.22,36,8.24,23
6103,合邦,半導體業,-0.56,84771000.0,0.0,0.0,93618337.84518966,0.0,212.05,3882.23,12.77,3895.0,0.0,0.0,0.0,30.2,0.0,0.0,0.0,0.0,0,0.0,0
6104,創惟,半導體業,5.62,4008734000.0,713297864.7686833,3.45,4081004469.1436906,5.72,38.56,72.15,14.34,86.49,82.02,494.72,220.55,97.2,2.27,0.84,5.09,70.75,143,2.11,1
6121,新普,電腦及週邊設備業,30.6,80560816000.0,2632706405.228758,17.95,85964409313.32057,32.65,12.53,5.66,10.08,15.74,329.11,513.91,409.21,386.5,1.06,0.85,1.33,5.48,141,9.67,20
6156,松上,電子零組件業,0.44,4962621000.0,11278684090.90909,0.31,5635414380.693972,0.5,19.85,37.91,9.65,47.56,4.82,23.78,9.93,26.3,0.38,0.18,0.9,49.81,104,5.91,1
6609,瀧澤科,電機機械,-1.53,2070606000.0,0.0,0.0,1894228711.6505253,0.0,29.01,44.32,14.78,59.1,0.0,0.0,0.0,42.35,0.0,0.0,0.0,140.4,100,27.98,30
6952,大武山,其他,-1.2,1663305000.0,0.0,0.0,2914176160.162243,0.0,32.58,27.8,21.29,49.09,0.0,0.0,0.0,35.8,0.0,0.0,0.0,11.64,13,2.39,98
6953,家碩,半導體業,7.98,1234907000.0,154750250.6265664,5.32,1470981564.853708,9.51,29.73,24.48,17.52,42.0,166.62,399.42,282.73,228.0,1.24,0.73,1.75,0.0,0,67.68,182
6955,邦睿生技-創,創新板股票,4.42,299178000.0,67687330.31674208,3.07,355618102.7216907,5.25,44.99,33.94,26.76,60.7,140.49,318.68,236.2,113.0,2.09,1.24,2.82,4.89,1,0.0,0
6957,裕慶-KY,其他,10.2,3808258000.0,373358627.4509804,7.46,4700927025.755126,12.59,15.72,13.47,10.46,23.93,131.69,301.28,197.96,249.5,0.79,0.53,1.21,31.11,49,34.13,114
6958,日盛台駿,其他,-2.4,10918289000.0,0.0,0.0,9868009008.50767,0.0,27.91,28.82,17.08,45.9,0.0,0.0,0.0,17.95,0.0,0.0,0.0,0.0,0,0.66,5
6958A,日盛台駿甲特,其他,0.0,0.0,0.0,0.0,0.0,0.0,0.0,0.0,0.0,0.0,0.0,0.0,0.0,18.4,0.0,0.0,0.0,0.0,0,0.0,0
6961,旅天下,觀光餐旅,4.23,248963000.0,58856501.18203309,0.0,0.0,0.0,16.15,9.97,11.85,21.82,0.0,0.0,0.0,53.4,0.0,0.0,0.0,0.0,0,14.29,69
6962,奕力-KY,半導體業,2.89,19108313000.0,6611873010.380623,1.56,18139914426.781116,2.74,15.01,18.79,8.64,27.43,23.67,75.16,41.12,34.3,1.2,0.69,2.19,15.57,80,0.94,1
6965,中傑-KY,運動休閒,3.52,22451409000.0,6378241193.181818,1.89,19796587777.919186,3.1,18.66,42.89,8.04,50.93,24.92,157.88,57.83,79.3,0.73,0.31,1.99,0.0,0,9.45,5
6936,永鴻生技,化學生技醫療,1.83,1174176000.0,641626229.5081967,1.35,1856946998.6037328,2.89,19.42,7.25,16.61,23.86,48.0,68.96,56.14,32.7,1.72,1.47,2.11,9.0,115,11.7,99
6937,天虹,半導體業,3.01,2637017000.0,876085382.0598007,1.92,2539007180.9154086,2.9,56.91,85.09,26.87,111.96,77.92,324.68,165.03,288.5,0.57,0.27,1.13,28.8,146,37.5,92
6944,兆聯實業,綠能環保,32.15,13084153000.0,406972099.533437,29.0,31148887853.842285,76.54,24.71,14.12,17.77,31.89,1360.12,2440.86,1891.38,1035.0,1.83,1.31,2.36,7.27,7,73.29,182
6945,圓祥生技,生技醫療業,-5.23,0.0,0.0,0.0,0.0,0.0,0.0,0.0,0.0,0.0,0.0,0.0,0.0,107.0,0.0,0.0,0.0,3.39,80,244.95,148
6967,汎瑋材料,電子零組件業,4.03,1382324000.0,343008436.72456574,2.82,1775333767.9379513,5.18,17.79,11.61,11.82,23.43,61.23,121.37,92.15,79.6,1.16,0.77,1.52,4.72,72,56.6,155
6968,萬達寵物,居家生活類,2.51,3188322000.0,1270247808.7649403,1.67,3681153554.372691,2.9,26.11,20.82,17.13,37.95,49.68,110.06,75.73,43.1,1.76,1.15,2.55,0.0,0,0.0,0
6996,力領科技,半導體業,12.16,2658119000.0,218595312.5,8.45,3329723396.5014257,15.23,13.61,7.04,9.21,16.25,140.27,247.49,207.25,180.5,1.15,0.78,1.37,6.31,115,21.98,182
6997,博弘,數位雲端類,5.11,4391103000.0,859315655.5772994,3.61,5614425022.257876,6.53,24.36,43.53,13.82,57.35,90.24,374.5,159.07,73.0,2.18,1.24,5.13,10.51,115,4.81,9
6994,富威電力,綠能環保,6.34,3365121000.0,530776182.9652997,6.39,9511806061.863588,17.92,55.98,126.57,6.48,133.05,116.12,2384.26,1003.11,40.6,24.71,2.86,58.73,5.24,3,11.22,5
6971,惠民實業,綠能環保類,2.42,988744000.0,408571900.8264463,0.0,0.0,0.0,15.07,19.62,11.63,31.25,0.0,0.0,0.0,27.2,0.0,0.0,0.0,18.1,43,4.9,57
6982,大井泵浦,電機機械,0.06,1606908000.0,26781800000.0,0.04,1886352201.92799,0.07,143.92,981.88,14.79,996.67,1.04,69.77,10.07,50.8,0.2,0.02,1.37,7.64,15,26.35,37
6983,華洋精機,其他電子類,4.46,336305000.0,75404708.52017938,1.61,324053033.9569076,4.3,91.22,33.71,84.59,118.3,363.74,508.69,392.25,354.0,1.11,1.03,1.44,5.86,7,76.47,168
6986,和迅,生技醫療業,2.42,291492000.0,120451239.6694215,1.66,318056847.11063635,2.64,17.32,2.01,16.64,18.65,43.93,49.24,45.73,46.0,0.99,0.96,1.07,7.28,87,0.0,0
6934,心誠鎂,生技醫療業,-3.92,70823000.0,0.0,0.0,0.0,0.0,0.0,0.0,0.0,0.0,0.0,0.0,0.0,81.0,0.0,0.0,0.0,25.84,125,137.2,183
6933,AMAX-KY,電腦及週邊設備業,5.05,6971809000.0,1380556237.6237624,3.76,7978728476.701933,5.78,43.78,75.96,22.05,98.01,127.45,566.5,253.08,161.5,1.57,0.79,3.51,1.98,1,51.38,22
8038,長園科,電子零組件業,0.92,523534000.0,569058695.6521739,0.8,1009045442.2230358,1.77,61.24,81.87,28.51,110.38,50.46,195.37,108.4,39.35,2.75,1.28,4.96,17.87,134,68.94,49
6885,全福生技,生技醫療業,-3.32,4460000.0,0.0,0.0,20491468.695143357,0.0,0.0,0.0,0.0,0.0,0.0,0.0,0.0,21.65,0.0,0.0,0.0,4.92,1,11.92,48
6887,寶綠特-KY,綠能環保,4.64,4751693000.0,1024071767.2413794,3.16,4673583215.121858,4.56,11.01,10.63,6.12,16.75,27.91,76.38,50.19,37.55,1.34,0.74,2.03,11.87,42,0.51,1
6890,來億-KY,運動休閒,13.01,39806004000.0,3059646733.2820907,6.93,34425310937.381485,11.25,33.53,78.58,11.56,90.14,130.05,1014.08,377.26,172.5,2.19,0.75,5.88,71.01,184,4.27,1
6894,衛司特,綠能環保類,10.99,1360634000.0,123806551.41037306,9.99,2160809564.059904,17.45,23.44,19.2,16.24,35.44,283.39,618.43,409.09,348.0,1.18,0.81,1.78,0.0,0,32.79,181
6895,宏碩系統,半導體業,3.61,819077000.0,226891135.73407203,1.37,703936323.8346492,3.1,70.66,96.85,37.96,134.81,117.68,417.91,219.04,129.0,1.7,0.91,3.24,9.96,1,79.21,54
6899,創為精密,光電業,3.59,1175122000.0,327332033.4261839,2.03,1181705151.9264894,3.61,15.77,6.26,12.71,18.97,45.88,68.48,56.94,52.2,1.09,0.88,1.31,3.45,64,15.35,113
6901,鑽石投資,其他,-1.38,-1063116000.0,0.0,0.0,0.0,0.0,0.0,0.0,0.0,0.0,0.0,0.0,0.0,19.1,0.0,0.0,0.0,3.28,2,4.71,42
6903,巨漢,其他電子類,10.62,3177380000.0,299188323.9171375,15.61,11350412542.65735,37.94,20.24,35.06,9.44,44.5,358.15,1688.33,767.99,395.0,1.94,0.91,4.27,0.29,1,156.5,182
6904,伯鑫,其他,5.44,880215000.0,161804227.94117644,3.29,900883478.5921688,5.57,16.62,11.84,11.32,23.16,63.05,129.0,92.55,0.0,0.0,0.0,0.0,0.62,2,7.5,77
8033,雷虎,其他,0.58,1429246000.0,2464217241.3793106,0.39,1534845048.4029691,0.62,208.84,789.7,97.8,887.5,60.64,550.25,129.48,243.0,0.53,0.25,2.26,5.19,7,195.6,56
6906,現觀科,數位雲端,1.87,354906000.0,189789304.8128342,1.0,345571133.26908904,1.82,39.88,28.37,26.94,55.31,49.03,100.66,72.58,71.4,1.02,0.69,1.41,30.26,98,1.98,47
6907,雅特力-KY,半導體業,2.09,139884000.0,66930143.54066986,0.0,0.0,0.0,53.77,73.32,19.68,93.0,0.0,0.0,0.0,239.0,0.0,0.0,0.0,387.76,168,387.76,168
6908,宏碁遊戲-創,創新板股票,1.44,0.0,0.0,0.0,0.0,0.0,27.27,11.47,21.93,33.4,0.0,0.0,0.0,36.05,0.0,0.0,0.0,0.14,1,28.49,97
8034,榮群,通信網路業,1.42,560477000.0,394702112.6760564,0.51,331733747.9473821,0.84,16.24,9.24,12.36,21.6,10.38,18.14,13.65,19.85,0.69,0.52,0.91,5.99,91,62.92,141
6884,海柏特,資訊服務業,2.06,238706000.0,115876699.02912621,0.0,0.0,0.0,17.94,6.44,16.39,22.83,0.0,0.0,0.0,0.0,0.0,0.0,0.0,0.0,0,0.0,0
8045,達運光電,電子工業,0.65,1184313000.0,1822020000.0,0.56,1675321165.151016,0.92,99.67,279.3,9.83,289.13,9.04,266.0,91.7,60.5,1.52,0.15,4.4,2.56,2,95.88,33
6870,騰雲,數位雲端類,7.11,780362000.0,109755555.55555555,5.18,1146577268.3812404,10.45,43.01,51.96,24.36,76.32,254.56,797.54,449.48,330.0,1.36,0.77,2.42,26.09,148,30.15,161
8043,蜜望實,電子零組件業,1.68,5203246000.0,3097170238.095238,1.39,8318224405.395189,2.69,304.73,1996.63,13.37,2010.0,35.97,5406.9,819.72,153.0,5.36,0.24,35.34,96.91,37,274.3,183
6872,浩宇生醫,生技醫療業,-2.14,11027000.0,0.0,0.0,41030869.69646151,0.0,0.0,0.0,0.0,0.0,0.0,0.0,0.0,16.3,0.0,0.0,0.0,3.33,6,7.8,40
8042,金山電,電子零組件業,0.9,3693135000.0,4103483333.333333,0.67,4932346444.843605,1.2,86.35,195.35,28.4,223.75,34.08,268.5,103.61,143.5,0.72,0.24,1.87,56.38,142,140.68,183
8040,九暘,半導體業,-0.6,667594000.0,0.0,0.0,829072668.0181285,0.0,0.0,0.0,0.0,0.0,0.0,0.0,0.0,82.5,0.0,0.0,0.0,1.06,73,1.66,51
6874,倍力,資訊服務業,3.16,1341672000.0,424579746.835443,3.4,2019563734.8520303,4.76,21.62,14.1,15.65,29.75,74.49,141.61,102.91,83.5,1.23,0.89,1.7,0.0,0,1.94,20
6875,國邑*,生技醫療業,-2.98,69673000.0,0.0,0.0,13189156.108484697,0.0,304.97,214.6,232.73,447.33,0.0,0.0,0.0,35.55,0.0,0.0,0.0,7.24,80,52.19,104
8039,台虹,電子零組件業,2.07,10469402000.0,5057682125.603865,1.19,10948603911.354767,2.16,37.78,71.41,12.77,84.18,27.58,181.83,81.61,199.5,0.41,0.14,0.91,16.51,42,110.15,149
6877,鏵友益,其他電子類,0.61,505472000.0,828642622.9508197,0.17,232284488.12973085,0.28,237.81,790.71,55.12,845.83,15.43,236.83,66.59,136.5,0.49,0.11,1.74,77.45,146,26.55,27
6881,潤德,其他,19.42,2443619000.0,125830020.59732233,11.1,2473332672.4023285,19.66,14.92,9.23,10.06,19.29,197.78,379.24,293.28,209.0,1.4,0.95,1.81,0.42,148,4.89,56
8028,昇陽半導體,電子工業,4.38,4462417000.0,1018816666.6666667,3.07,5633926790.669804,5.53,55.24,72.0,30.35,102.35,167.84,566.0,305.46,350.0,0.87,0.48,1.62,27.51,118,52.99,173
6921,嘉雨思-創,電子工業,0.34,25431000.0,74797058.8235294,0.0,0.0,0.0,165.45,255.61,50.27,305.88,0.0,0.0,0.0,67.8,0.0,0.0,0.0,65.08,119,65.08,119
6922,宸曜,電腦及週邊設備業,7.05,1695512000.0,240498156.0283688,5.07,2122605441.4114132,8.83,26.18,23.6,17.5,41.1,154.52,362.91,231.19,171.5,1.35,0.9,2.12,18.57,162,22.49,56
8011,台通,電子工業,1.3,2097097000.0,1613151538.4615383,0.63,1735227588.1324513,1.08,21.55,111.33,6.94,118.27,7.5,127.73,23.28,16.85,1.38,0.45,7.58,2.84,2,22.3,106
6923,中台,綠能環保,3.03,1166339000.0,384930363.03630364,2.03,1315200495.0246704,3.42,25.3,23.4,14.31,37.71,48.94,128.97,86.53,78.9,1.1,0.62,1.63,0.47,41,43.02,85
6925,意藍,數位雲端類,3.09,159228000.0,51530097.08737864,2.33,299914690.5592757,5.82,37.69,44.97,19.75,64.72,114.94,376.67,219.38,57.2,3.84,2.01,6.59,0.0,0,3.87,19
6928,攸泰科技,電子工業,-0.73,1987148000.0,0.0,0.0,1637363014.4223278,0.0,28.99,19.04,17.99,37.03,0.0,0.0,0.0,51.5,0.0,0.0,0.0,0.37,1,67.69,49
6929,佑全,生技醫療業,-1.63,3229077000.0,0.0,0.0,3190736720.7408643,0.0,285.75,296.19,196.67,492.86,0.0,0.0,0.0,23.2,0.0,0.0,0.0,0.44,3,3.72,135
6931,青松健康,化學生技醫療,1.39,1108355000.0,797377697.8417267,0.92,1290272282.720458,1.62,66.85,84.81,20.34,105.15,32.95,170.34,108.3,39.6,2.73,0.83,4.3,0.0,0,33.66,145
6919,康霈*,生技醫療業,-0.23,38037000.0,0.0,0.0,11113332.459875533,0.0,0.0,0.0,0.0,0.0,0.0,0.0,0.0,113.5,0.0,0.0,0.0,0.29,1,92.88,49
6909,創控,半導體業,1.02,369381000.0,362138235.2941176,0.85,810270987.8482198,2.24,44.46,51.16,24.64,75.8,55.19,169.79,99.58,46.9,2.12,1.18,3.62,0.0,0,23.25,182
6910,德鴻,數位雲端類,2.0,65267000.0,32633500.0,0.0,0.0,0.0,15.28,3.89,13.16,17.05,0.0,0.0,0.0,25.8,0.0,0.0,0.0,2.87,1,37.14,50
8027,鈦昇,電機機械,-0.92,1560399000.0,0.0,0.0,2593335270.5271683,0.0,260.71,68.25,226.75,295.0,0.0,0.0,0.0,239.0,0.0,0.0,0.0,1.65,1,32.01,170
8024,佑華,半導體業,-2.56,158672000.0,0.0,0.0,171752681.40801713,0.0,0.0,0.0,0.0,0.0,0.0,0.0,0.0,17.1,0.0,0.0,0.0,0.0,0,11.57,21
6913,鴻呈,電子零組件業,4.4,2590078000.0,588654090.9090909,3.17,3365433233.462488,5.72,30.61,42.3,19.58,61.88,112.0,353.95,175.09,127.0,1.38,0.88,2.79,14.29,143,30.0,51
8021,尖點,電子工業,2.74,4267050000.0,1557317518.2481751,2.33,6970448827.128396,4.48,60.08,161.46,10.62,172.08,47.58,770.92,269.15,505.0,0.53,0.09,1.53,9.14,38,328.71,183
6914,阜爾運通,其他,9.61,5625004000.0,585328199.7918835,5.93,6137638649.833537,10.49,17.45,7.26,14.31,21.57,150.11,226.27,183.03,146.5,1.25,1.02,1.54,3.02,1,7.27,117
8016,矽創,電子工業,14.65,18682856000.0,1275280273.0375426,10.56,23853169404.04739,18.7,14.3,18.43,4.37,22.8,81.72,426.36,267.34,295.0,0.91,0.28,1.45,0.79,2,10.84,68
6916,華凌,光電業,-1.43,2011922000.0,0.0,0.0,2256029012.4730616,0.0,78.83,171.1,26.71,197.81,0.0,0.0,0.0,20.3,0.0,0.0,0.0,0.0,0,4.93,154
6918,愛派司,化學生技醫療,5.17,630947000.0,122040038.68471953,4.38,1215508665.8206491,9.96,17.56,13.01,14.21,27.22,141.53,271.11,174.87,72.8,2.4,1.94,3.72,7.28,113,2.5,12
8032,光菱,電子通路業,2.2,3555596000.0,1616179999.9999998,1.76,5018045987.608006,3.1,26.34,58.77,14.62,73.39,45.32,227.51,81.66,39.0,2.09,1.16,5.83,203.07,119,23.08,16
8046,南電,電子工業,3.01,38926177000.0,12932284717.607975,2.22,53879248418.27078,4.17,212.65,706.31,19.94,726.25,83.15,3028.46,886.76,1275.0,0.7,0.07,2.38,6.54,1,68.79,120
7757,金色三麥,觀光餐旅,8.98,785893000.0,87515924.27616926,0.0,0.0,0.0,12.43,4.2,10.91,15.11,0.0,0.0,0.0,92.9,0.0,0.0,0.0,0.46,2,6.21,69
7760,享溫馨,觀光餐旅,0.69,0.0,0.0,0.0,0.0,0.0,54.78,35.8,26.4,62.2,0.0,0.0,0.0,34.05,0.0,0.0,0.0,0.17,3,0.6,2
7753,星亞,光電業,4.21,450953000.0,107114726.8408551,4.59,2755380672.5388474,25.72,11.5,7.59,9.29,16.88,238.94,434.15,295.75,40.8,7.25,5.86,10.64,12.97,4,0.15,1
7767,仁大資訊,資訊服務業,4.18,627804000.0,150192344.49760768,0.0,0.0,0.0,11.81,3.16,10.5,13.66,0.0,0.0,0.0,46.0,0.0,0.0,0.0,0.0,0,0.0,0
7768,頌勝科技,半導體業,3.23,166994000.0,51700928.79256966,0.0,0.0,0.0,114.55,68.12,71.95,140.07,0.0,0.0,0.0,321.5,0.0,0.0,0.0,19.21,150,35.8,184
7769,鴻勁,半導體業,75.71,8807978000.0,116338370.09642056,0.0,0.0,0.0,75.05,52.06,51.01,103.07,0.0,0.0,0.0,6695.0,0.0,0.0,0.0,70.54,32,154.87,184
7827,漢康-KY創,化學生技醫療,-2.27,312223000.0,0.0,0.0,0.0,0.0,0.0,0.0,0.0,0.0,0.0,0.0,0.0,169.5,0.0,0.0,0.0,100.0,52,81.6,180
7770,君曜,半導體業,3.0,140772000.0,46924000.0,0.0,0.0,0.0,18.38,7.41,15.32,22.73,0.0,0.0,0.0,41.75,0.0,0.0,0.0,0.0,0,1.08,50
7765,中華資安,數位雲端,11.49,990636000.0,86217232.37597911,16.64,8028098789.466549,93.11,24.62,10.51,19.7,30.21,1834.27,2812.85,2292.37,226.0,10.14,8.12,12.45,11.47,20,6.69,43
7751,竑騰,半導體業,20.44,1012449000.0,49532729.941291586,31.08,10559412811.240355,213.18,57.61,105.7,26.74,132.44,5700.43,28233.56,12281.24,1240.0,9.9,4.6,22.77,41.71,55,105.88,182
7734,印能科技,半導體業,35.67,2285909000.0,64084917.297448836,31.08,3549571877.703063,55.39,43.0,97.58,18.39,115.97,1018.62,6423.58,2381.54,3160.0,0.75,0.32,2.03,30.88,129,15.51,5
7736,虎山,汽車工業,5.09,1548758000.0,304274656.1886051,2.75,1527607205.9728703,5.02,16.74,9.72,11.72,21.44,58.83,107.63,84.01,70.8,1.19,0.83,1.52,20.57,71,6.12,7
7738,東聯互動,數位雲端類,14.61,201472000.0,13790006.844626969,0.0,0.0,0.0,13.02,5.82,11.45,17.27,0.0,0.0,0.0,168.0,0.0,0.0,0.0,6.79,111,11.35,62
7740,熙特爾-創,創新板股票,4.97,1426350000.0,286991951.7102616,34.22,68258698617.21513,237.84,49.46,69.0,19.82,88.82,4713.99,21124.95,11763.08,158.5,74.22,29.74,133.28,113.24,141,15.63,33
7743,金利食安,食品工業,0.55,571926000.0,1039865454.5454545,0.4,976381645.3447195,0.94,23.47,28.57,14.29,42.86,13.43,40.29,22.06,21.0,1.05,0.64,1.92,1.9,13,4.37,51
7744,崴寶,電子零組件業,16.28,577003000.0,35442444.71744472,0.0,0.0,0.0,25.93,19.61,17.12,36.73,0.0,0.0,0.0,453.0,0.0,0.0,0.0,19.75,176,116.57,71
7747,昕奇雲端,數位雲端類,4.07,856913000.0,210543734.64373463,4.85,3498931486.3496585,16.62,32.09,8.17,28.08,36.25,466.69,602.48,533.38,115.5,4.62,4.04,5.22,2.31,1,4.35,65
7828,創新服務,半導體業,6.31,0.0,0.0,0.0,0.0,0.0,244.9,187.13,156.8,343.93,0.0,0.0,0.0,2160.0,0.0,0.0,0.0,81.68,111,55.41,184
7749,意騰-KY,半導體業,11.64,1157049000.0,99402835.05154638,12.14,3992760347.9527316,40.17,70.13,79.1,31.06,110.16,1247.68,4425.13,2816.98,387.0,7.28,3.22,11.43,11.02,10,26.01,40
7750,新代,電機機械,35.18,5251207000.0,149266827.74303582,0.0,0.0,0.0,45.51,67.36,29.12,96.48,0.0,0.0,0.0,1955.0,0.0,0.0,0.0,42.82,77,48.33,44
7772,耀穎,半導體業,1.86,36719000.0,19741397.849462364,0.0,0.0,0.0,144.21,103.75,88.44,192.19,0.0,0.0,0.0,104.0,0.0,0.0,0.0,30.23,1,11.2,173
7799,禾榮科,生技醫療業,-3.29,6328000.0,0.0,0.0,0.0,0.0,0.0,0.0,0.0,0.0,0.0,0.0,0.0,437.0,0.0,0.0,0.0,159.34,104,9.08,5
7823,奧義賽博-KY創,創新板股票,0.24,33073000.0,137804166.6666667,0.0,0.0,0.0,0.0,0.0,0.0,0.0,0.0,0.0,0.0,84.9,0.0,0.0,0.0,0.0,0,0.0,0
7803,雲象科技-創,創新板股票,-2.29,236749000.0,0.0,0.0,90663362.33655515,0.0,0.0,0.0,0.0,0.0,0.0,0.0,0.0,22.6,0.0,0.0,0.0,0.0,0,22.78,135
7805,威聯通,數位雲端類,56.3,1144386000.0,20326571.93605684,0.0,0.0,0.0,15.72,5.18,13.34,18.52,0.0,0.0,0.0,623.0,0.0,0.0,0.0,0.0,0,13.73,140
7810,捷創科技,半導體業,6.25,125775000.0,20124000.0,0.0,0.0,0.0,40.67,37.06,31.36,68.42,0.0,0.0,0.0,198.0,0.0,0.0,0.0,0.0,0,221.9,170
7822,倍利科,電子工業,14.04,0.0,0.0,0.0,0.0,0.0,92.39,68.19,62.17,130.36,0.0,0.0,0.0,963.0,0.0,0.0,0.0,73.11,155,91.87,168
7818,溢泰實業,綠能環保,5.64,0.0,0.0,0.0,0.0,0.0,11.51,2.71,9.77,12.48,0.0,0.0,0.0,69.7,0.0,0.0,0.0,0.0,0,23.04,37
7819,精誠金融,資訊服務業,2.91,478498000.0,164432302.40549827,1.49,469543972.6230798,2.86,14.59,4.03,12.67,16.7,36.24,47.76,41.73,37.65,1.11,0.96,1.27,113.03,8,43.2,47
7820,立盈,綠能環保類,1.84,0.0,0.0,0.0,0.0,0.0,63.45,33.75,53.11,86.86,0.0,0.0,0.0,115.0,0.0,0.0,0.0,177.23,132,41.97,47
7821,神數,汽車工業,2.99,0.0,0.0,0.0,0.0,0.0,14.52,6.15,11.17,17.32,0.0,0.0,0.0,41.6,0.0,0.0,0.0,10.89,155,40.82,105
7811,民盛,運動休閒類,8.1,0.0,0.0,0.0,0.0,0.0,13.62,6.51,9.9,16.41,0.0,0.0,0.0,72.0,0.0,0.0,0.0,15.36,49,1.4,22
7777,能率亞洲,其他,0.58,-35480000.0,0.0,0.0,0.0,0.0,56.96,43.66,41.03,84.69,0.0,0.0,0.0,41.8,0.0,0.0,0.0,0.0,0,158.14,71
7780,大研生醫*,食品工業,0.53,1098052000.0,2071796226.4150941,0.61,7898428493.16379,3.81,51.37,47.37,40.05,87.42,152.59,333.07,195.7,17.9,10.93,8.52,18.61,6.18,44,21.51,20
7782,光速火箭,居家生活類,2.13,242640000.0,113915492.95774649,0.0,0.0,0.0,12.6,7.49,9.65,17.14,0.0,0.0,0.0,27.35,0.0,0.0,0.0,0.0,0,5.04,19
7786,東方風能,綠能環保,11.11,3094023000.0,278489918.9918992,0.0,0.0,0.0,14.92,6.89,11.64,18.53,0.0,0.0,0.0,131.0,0.0,0.0,0.0,94.86,109,13.67,34
7788,松川精密,電子工業,3.63,2102773000.0,579276308.5399449,0.0,0.0,0.0,44.37,52.19,25.06,77.25,0.0,0.0,0.0,261.0,0.0,0.0,0.0,0.0,0,16.37,62
7791,皇家可口,食品工業,8.26,886148000.0,107281840.1937046,0.0,0.0,0.0,12.66,4.81,10.3,15.11,0.0,0.0,0.0,63.5,0.0,0.0,0.0,0.0,0,12.64,41
7792,安葆,其他電子類,8.72,332632000.0,38145871.559633024,0.0,0.0,0.0,36.03,14.18,28.82,43.0,0.0,0.0,0.0,226.5,0.0,0.0,0.0,21.7,175,52.01,184
7794,宏碁智新,居家生活類,2.72,0.0,0.0,0.0,0.0,0.0,11.94,5.49,10.87,16.36,0.0,0.0,0.0,29.85,0.0,0.0,0.0,5.77,90,0.0,0
7795,長廣,電子工業,2.22,135531000.0,61049999.99999999,0.0,0.0,0.0,135.43,152.83,85.88,238.71,0.0,0.0,0.0,563.0,0.0,0.0,0.0,4.73,4,98.64,184
7732,金興精密,汽車工業,1.73,1119185000.0,646927745.6647398,0.94,903603647.7160171,1.4,19.4,15.24,11.99,27.23,16.79,38.12,27.16,35.65,0.76,0.47,1.07,12.4,101,0.0,0
7730,暉盛-創,電子工業,1.74,174841000.0,100483333.33333333,0.0,0.0,0.0,76.71,82.79,37.33,120.12,0.0,0.0,0.0,180.0,0.0,0.0,0.0,8.55,3,5.22,83
7547,碩網,數位雲端類,2.61,225145000.0,86262452.1072797,2.63,870763697.4603337,10.09,30.44,42.51,20.04,62.55,202.2,631.13,307.13,54.8,5.6,3.69,11.52,18.71,92,40.0,22
7556,意德士,半導體業,7.21,736765000.0,102186546.4632455,4.84,830835977.7666293,8.13,27.39,24.48,20.45,44.93,166.26,365.28,222.7,232.5,0.96,0.72,1.57,29.46,168,13.61,43
7584,樂意,文化創意業,-1.98,981776000.0,0.0,0.0,868377141.4000763,0.0,22.27,31.9,13.73,45.63,0.0,0.0,0.0,28.45,0.0,0.0,0.0,0.0,0,0.33,1
7610,聯友金屬-創,創新板股票,5.33,804389000.0,150917260.7879925,20.7,21890384525.32583,145.05,164.99,433.27,53.87,487.14,7813.84,70659.66,23932.46,2600.0,9.2,3.01,27.18,4.3,2,157.89,183
7402,邑錡,光電業,0.1,534763000.0,5347630000.0,0.05,421359898.5325107,0.08,280.08,1292.47,42.53,1335.0,3.4,106.8,22.41,127.5,0.18,0.03,0.84,1.83,1,103.98,54
7631,聚賢研發-創,創新板股票,6.56,851604000.0,129817682.92682928,8.86,2331754907.634536,17.96,23.55,19.53,12.69,32.22,227.91,578.67,422.98,144.5,2.93,1.58,4.0,1.45,1,28.39,33
7715,裕山,綠能環保類,3.11,1363429000.0,438401607.7170418,1.18,715033995.5897515,1.63,8.96,9.28,6.43,15.71,10.48,25.61,14.61,36.35,0.4,0.29,0.7,0.0,0,0.25,5
7716,昱臺國際,航運業,2.23,614609000.0,275609417.0403587,0.0,0.0,0.0,12.34,12.31,8.63,20.94,0.0,0.0,0.0,24.0,0.0,0.0,0.0,0.3,1,0.0,0
7717,萊德光電-KY,通信網路業,6.12,168424000.0,27520261.437908497,0.0,0.0,0.0,148.9,374.68,25.77,400.45,0.0,0.0,0.0,485.0,0.0,0.0,0.0,550.7,144,550.7,144
7839,達人網,數位雲端類,2.56,101880000.0,39796875.0,2.61,361475938.6084584,9.08,17.1,3.82,15.84,19.66,143.83,178.51,155.31,44.5,3.49,3.23,4.01,0.0,0,2.14,1
7721,微程式,數位雲端,0.57,292165000.0,512570175.43859655,0.75,1282688751.2886302,2.5,77.39,155.28,21.45,176.73,53.62,441.82,193.48,65.6,2.95,0.82,6.74,31.01,126,3.23,9
7722,LINEPAY,數位雲端,7.46,7771476000.0,1041752815.0134048,4.75,8945738735.948513,8.59,62.46,54.78,35.25,90.03,302.8,773.36,536.49,313.5,1.71,0.97,2.47,18.1,115,7.0,20
7714,創泓科技,數位雲端類,6.33,1817600000.0,287140600.31595576,4.28,2132605414.7968042,7.43,21.75,16.26,14.81,31.07,110.04,230.85,161.59,201.5,0.8,0.55,1.15,1.79,7,88.66,170
7728,光焱科技,其他電子類,4.95,338524000.0,68388686.86868687,3.79,445698497.52582026,6.52,102.94,251.6,24.4,276.0,159.09,1799.52,671.16,688.0,0.98,0.23,2.62,25.0,98,168.57,180
7723,築間,觀光餐旅,-6.59,4033872000.0,0.0,0.0,4881774201.994583,0.0,56.61,97.22,13.57,110.79,0.0,0.0,0.0,20.95,0.0,0.0,0.0,2.24,3,0.0,0
7713,威力德生醫,生技醫療業,4.64,1092554000.0,235464224.13793105,3.04,1305551024.5629172,5.54,16.44,7.77,13.45,21.22,74.51,117.56,91.07,70.7,1.29,1.05,1.66,15.28,143,28.06,57
7712,博盛半導體,半導體業,5.42,1326237000.0,244693173.43173432,3.54,1433757838.526746,5.86,23.35,28.03,12.04,40.07,70.55,234.81,136.81,160.5,0.85,0.44,1.46,6.06,7,38.53,54
7642,昶瑞機電,電機機械,3.35,619877000.0,185037910.44776118,2.01,693226104.1282208,3.75,21.97,24.4,12.05,36.45,45.19,136.69,82.38,84.2,0.98,0.54,1.62,6.97,183,34.38,27
7703,銳澤,其他電子類,8.72,2572226000.0,294980045.8715596,5.21,2800599895.3640637,9.49,23.47,19.07,14.3,33.37,135.71,316.68,222.72,196.0,1.14,0.69,1.62,4.6,106,88.89,47
7704,明遠精密,半導體業,2.07,657463000.0,317614975.84541065,1.35,725309029.6305851,2.28,25.22,16.51,15.62,32.13,35.61,73.26,57.5,55.4,1.04,0.64,1.32,1.19,1,0.0,0
7705,三商餐飲,觀光餐旅,1.93,6491220000.0,3363326424.870466,1.15,6779845519.581071,2.02,21.81,19.26,13.61,32.87,27.49,66.4,44.06,31.25,1.41,0.88,2.12,10.44,104,0.0,0
7708,全家餐飲,觀光餐旅,6.46,2693523000.0,416954024.7678019,4.1,3037512354.310626,7.29,16.23,5.15,13.4,18.55,97.69,135.23,118.33,93.4,1.27,1.05,1.45,9.87,118,3.57,119
7709,榮田,電機機械,2.51,982361000.0,391378884.4621514,1.71,1061227496.149796,2.71,19.7,58.71,7.38,66.09,20.0,179.1,53.38,71.2,0.75,0.28,2.52,0.0,0,0.5,56
7711,永擎,電子工業,13.04,8581110000.0,658060582.822086,0.0,0.0,0.0,26.14,24.77,17.28,42.05,0.0,0.0,0.0,314.0,0.0,0.0,0.0,23.01,80,41.91,78
7842,天能綠電,綠能環保類,4.01,0.0,0.0,0.0,0.0,0.0,23.7,10.08,21.22,31.3,0.0,0.0,0.0,0.0,0.0,0.0,0.0,0.0,0,3.45,15
6863,永道-KY,電子工業,3.0,4049237000.0,1349745666.6666667,2.32,4849541561.766251,3.59,29.43,95.76,12.96,108.72,46.53,390.3,105.65,105.0,1.01,0.44,3.72,26.3,83,2.24,7
6666,羅麗芬-KY,生技醫療業,2.42,1098789000.0,454045041.3223141,1.73,1232443244.6519158,2.71,23.94,23.83,16.47,40.3,44.63,109.21,64.86,44.95,1.44,0.99,2.43,3.58,77,31.84,41
8255,朋程,電機機械,6.33,8097224000.0,1279182306.4770932,3.65,7761304183.928938,6.07,21.05,25.01,12.62,37.63,76.6,228.41,127.75,164.5,0.78,0.47,1.39,0.0,0,30.77,54
6667,信紘科,其他電子類,16.97,6088926000.0,358805303.4767237,10.54,6958280271.105286,19.39,21.52,13.51,15.53,29.04,301.13,563.09,417.31,257.5,1.62,1.17,2.19,19.2,100,18.74,44
6668,中揚光,光電業,-1.93,1122085000.0,0.0,0.0,1335150882.2892656,0.0,0.0,0.0,0.0,0.0,0.0,0.0,0.0,36.0,0.0,0.0,0.0,1.67,1,8.92,51
6669,緯穎,電子工業,275.06,889139530000.0,3232529375.409002,203.85,1349483294470.5894,417.47,18.42,19.97,12.0,31.97,5009.64,13346.52,7688.42,5115.0,1.5,0.98,2.61,12.6,175,88.42,118
8249,菱光,電子零組件業,4.04,3641509000.0,901363613.8613862,2.64,3815240781.0769105,4.23,19.28,33.31,13.51,46.82,57.15,198.05,81.55,46.65,1.75,1.23,4.25,145.0,104,23.7,40
8234,新漢,電腦及週邊設備業,0.4,5778088000.0,14445220000.0,0.23,5169104072.768482,0.36,136.39,269.17,55.57,324.74,20.01,116.91,49.1,67.2,0.73,0.3,1.74,6.02,170,49.55,33
6672,騰輝電子-KY,電子工業,4.85,4224417000.0,871013814.4329897,3.72,5540192294.290879,6.36,20.39,48.32,8.64,56.96,54.95,362.27,129.69,267.5,0.48,0.21,1.35,5.21,182,62.53,55
8227,巨有科技,半導體業,2.05,1303125000.0,635670731.7073171,1.73,2642259343.6938095,4.16,95.99,168.18,51.6,219.78,214.66,914.28,399.33,163.0,2.45,1.32,5.61,0.0,0,18.69,42
8222,寶一,電機機械,0.55,929257000.0,1689558181.8181818,0.34,940568522.4670956,0.56,49.73,58.41,25.3,83.71,14.17,46.88,27.85,40.2,0.69,0.35,1.17,1.3,1,29.07,44
8215,明基材,電子工業,-1.14,17976113000.0,0.0,0.0,18588821134.28377,0.0,226.05,1099.74,10.26,1110.0,0.0,0.0,0.0,27.15,0.0,0.0,0.0,1.01,1,9.39,71
8240,華宏,光電業,2.18,7203456000.0,3304337614.678899,1.16,6464953861.318702,1.96,17.7,29.25,8.67,37.92,16.99,74.32,34.69,46.3,0.75,0.37,1.61,50.93,118,52.98,182
6674,鋐寶科技,通信網路業,-1.13,627271000.0,0.0,0.0,421607046.2130605,0.0,51.18,0.0,51.18,51.18,0.0,0.0,0.0,16.9,0.0,0.0,0.0,19.59,128,8.62,28
6662,樂斯科,生技醫療業,1.66,268039000.0,161469277.10843375,0.96,251792685.79967025,1.56,19.11,6.31,16.21,22.52,25.29,35.13,29.81,30.5,0.98,0.83,1.15,0.13,1,0.0,0
6642,富致,電子零組件業,2.6,541366000.0,208217692.3076923,1.78,610238694.066348,2.93,21.59,23.0,13.91,36.91,40.76,108.15,63.24,80.6,0.78,0.51,1.34,9.97,99,3.48,16
6643,M31,半導體業,1.69,1664726000.0,985044970.4142013,1.08,1748123779.1427863,1.77,2103.04,17362.77,62.23,17425.0,110.15,30842.25,3722.39,412.0,9.03,0.27,74.86,4.27,1,2.53,1
6649,台生材,生技醫療業,1.4,213984000.0,152845714.2857143,0.52,153411156.65817353,1.0,54.99,94.17,27.86,122.03,27.86,122.03,54.99,39.3,1.4,0.71,3.11,21.17,111,114.27,90
8261,富鼎,電子工業,5.73,3105660000.0,542000000.0,3.49,3321479628.680373,6.13,20.69,48.94,11.33,60.27,69.45,369.46,126.85,278.5,0.46,0.25,1.33,12.76,115,34.64,103
6664,群翊,電子零組件業,15.08,2524979000.0,167438925.72944298,9.74,2925236141.5775003,17.47,18.45,23.46,8.6,32.06,150.24,560.09,322.35,390.0,0.83,0.39,1.44,13.58,42,37.61,148
6654,天正國際,其他電子類,0.0,348044000.0,0.0,0.0,686587988.1196721,0.0,4526.93,9125.95,254.05,9380.0,0.0,0.0,0.0,181.0,0.0,0.0,0.0,0.2,1,29.14,184
6655,科定,其他,3.93,2573178000.0,654752671.7557251,2.7,3192243529.2361608,4.88,29.77,24.49,14.15,38.64,69.05,188.56,145.28,118.5,1.23,0.58,1.59,17.65,48,0.0,0
6657,華安,化學生技醫療,-2.93,7153000.0,0.0,0.0,8051506.835181843,0.0,0.0,0.0,0.0,0.0,0.0,0.0,0.0,35.95,0.0,0.0,0.0,6.12,141,4.62,1
6658,聯策,其他電子業,1.39,2060888000.0,1482653237.410072,1.04,2265324291.2964125,1.53,106.97,417.25,40.37,457.62,61.77,700.16,163.67,175.0,0.94,0.35,4.0,38.96,101,4.91,20
6661,威健生技,生技醫療業,0.06,373224000.0,6220400000.0,0.04,420871077.0423375,0.07,267.76,288.0,186.0,474.0,13.02,33.18,18.74,18.45,1.02,0.71,1.8,24.62,6,12.02,79
6651,全宇昕,半導體業,6.31,1527269000.0,242039461.17274168,4.0,1589974729.0794497,6.57,13.7,16.51,8.45,24.96,55.52,163.99,90.01,132.0,0.68,0.42,1.24,50.4,83,5.12,184
8213,志超,電子零組件業,2.28,17992158000.0,7891297368.421053,1.48,20343133233.15955,2.58,12.52,15.24,6.11,21.35,15.76,55.08,32.29,34.1,0.95,0.46,1.62,1.83,70,20.26,42
6695,芯鼎,半導體業,-1.83,1152118000.0,0.0,0.0,1002883466.0375497,0.0,0.0,0.0,0.0,0.0,0.0,0.0,0.0,56.3,0.0,0.0,0.0,4.21,1,22.08,54
8155,博智,電子零組件業,6.9,4795545000.0,695006521.7391304,5.24,6467689269.131815,9.31,36.31,45.41,20.94,66.35,194.95,617.72,338.01,327.5,1.03,0.6,1.89,5.9,99,48.22,180
8150,南茂,電子工業,0.7,23509652000.0,33585217142.857143,0.49,29768565158.39884,0.89,61.2,210.71,6.56,217.27,5.84,193.37,54.46,122.5,0.44,0.05,1.58,0.0,0,153.08,184
6697,東捷資訊,資訊服務業,3.04,1414873000.0,465418750.0,1.72,1347564657.2047179,2.9,16.17,7.79,13.29,21.08,38.54,61.13,46.89,41.15,1.14,0.94,1.49,4.12,105,28.79,44
6698,旭暉應材,其他電子業,-1.65,1142237000.0,0.0,0.0,923817174.3988597,0.0,196.58,0.0,196.58,196.58,0.0,0.0,0.0,38.4,0.0,0.0,0.0,4.56,65,16.76,54
8131,福懋科,電子工業,1.35,9623157000.0,7128264444.444444,1.0,13534108978.02845,1.9,36.81,97.28,10.69,107.97,20.31,205.14,69.93,76.6,0.91,0.27,2.68,0.13,1,148.21,184
8121,越峰,電子零組件業,-0.31,2993414000.0,0.0,0.0,3660083783.7209873,0.0,51.41,80.42,22.47,102.89,0.0,0.0,0.0,39.45,0.0,0.0,0.0,9.72,41,77.92,103
6703,軒郁,生技醫療業,10.31,3226692000.0,312967216.29485935,6.35,3723032251.736839,11.9,13.29,8.77,9.71,18.48,115.55,219.91,158.12,105.0,1.51,1.1,2.09,1.26,15,13.82,42
8114,振樺電,電腦及週邊設備業,18.5,18973096000.0,1025572756.7567568,9.55,13615237106.304983,13.28,18.89,34.25,8.05,42.3,106.9,561.74,250.8,194.0,1.29,0.55,2.9,100.27,175,7.59,33
8147,正淩,電子零組件業,3.08,1564956000.0,508102597.40259737,2.23,1913254443.2758138,3.77,47.23,38.72,31.43,70.15,118.49,264.47,178.05,140.5,1.27,0.84,1.88,0.0,0,15.71,83
6693,廣閎科,半導體業,-0.09,1376725000.0,0.0,0.0,2407521089.0705495,0.0,53.1,189.82,16.52,206.34,0.0,0.0,0.0,212.0,0.0,0.0,0.0,22.35,83,65.06,182
6692,進能服,綠能環保類,0.23,1868331000.0,8123178260.869565,0.05,538664486.9229373,0.07,40.38,128.76,13.2,141.96,0.92,9.94,2.83,24.85,0.11,0.04,0.4,30.14,6,0.56,2
6679,鈺太,半導體業,6.81,1974965000.0,290009544.78707784,4.28,2079722974.6750643,7.17,36.61,34.87,21.84,56.71,156.59,406.61,262.48,239.0,1.1,0.66,1.7,0.53,1,2.75,22
6680,鑫創電子,電腦及週邊設備業,-0.29,552367000.0,0.0,0.0,666177198.0675379,0.0,36.88,59.55,15.2,74.75,0.0,0.0,0.0,57.6,0.0,0.0,0.0,14.77,62,5.53,6
6683,雍智科技,半導體業,15.42,2130984000.0,138196108.94941634,10.9,2708185605.1196694,19.6,39.43,152.12,14.22,166.34,278.71,3260.26,772.87,1350.0,0.57,0.21,2.42,23.86,184,34.86,139
6684,安格,半導體業,1.57,315309000.0,200833757.96178344,0.94,313064435.892984,1.56,36.41,33.0,19.95,52.95,31.12,82.6,56.8,51.4,1.11,0.61,1.61,3.15,1,26.01,97
8210,勤誠,電腦及週邊設備業,29.02,20900566000.0,720212474.1557547,24.49,32897193857.5322,45.68,27.31,34.95,11.7,46.65,534.46,2130.97,1247.47,1175.0,1.06,0.45,1.81,0.32,118,100.37,118
8201,無敵,電子工業,-0.35,457909000.0,0.0,0.0,496104714.5588961,0.0,7.41,0.0,7.41,7.41,0.0,0.0,0.0,12.65,0.0,0.0,0.0,9.16,13,77.21,41
8183,精星,其他電子類,2.39,7367798000.0,3082760669.4560666,1.56,8648434593.712582,2.81,12.16,9.27,8.13,17.4,22.85,48.89,34.16,32.05,1.07,0.71,1.53,11.01,101,42.77,107
8182,加高,電子零組件業,0.44,2880401000.0,6546365909.090909,0.25,2903318574.9770904,0.44,99.16,973.27,10.06,983.33,4.43,432.67,43.63,47.05,0.93,0.09,9.2,2.41,45,8.32,183
8176,智捷,通信網路業,0.39,401727000.0,1030069230.7692307,0.21,292902616.02212787,0.28,50.1,161.5,12.5,174.0,3.5,48.72,14.03,10.2,1.38,0.34,4.78,32.47,104,21.53,83
8163,達方,電腦及週邊設備業,0.51,25049470000.0,49116607843.13725,0.32,27125755747.637695,0.55,28.98,80.49,8.33,88.82,4.58,48.85,15.94,35.35,0.45,0.13,1.38,0.0,0,12.96,114
6691,洋基工程,其他電子業,25.51,21089903000.0,826730811.4464915,25.67,38329650442.48514,46.36,22.02,20.14,10.68,30.82,495.12,1428.82,1020.85,754.0,1.35,0.66,1.89,8.37,176,34.54,152
8271,宇瞻,半導體業,6.7,10908622000.0,1628152537.3134327,10.79,35511903220.53766,21.81,21.19,41.81,7.97,49.78,173.83,1085.7,462.14,187.5,2.46,0.93,5.79,0.0,0,153.36,180
6640,均華,半導體業,12.75,2608139000.0,204559921.56862745,9.61,3665113385.486956,17.92,62.96,116.56,21.48,138.04,384.92,2473.68,1128.27,1030.0,1.1,0.37,2.4,61.83,42,14.79,181
6576,逸達,生技醫療業,-5.7,432261000.0,0.0,0.0,503085966.7582904,0.0,0.0,0.0,0.0,0.0,0.0,0.0,0.0,81.6,0.0,0.0,0.0,0.72,1,23.12,121
6577,勁豐,電腦及週邊設備業,5.64,2033734000.0,360591134.75177306,3.46,2126606178.7105072,5.9,13.7,13.76,9.63,23.39,56.82,138.0,80.83,77.5,1.04,0.73,1.78,0.0,0,0.0,0
6578,達邦蛋白,農業科技業,-0.96,296987000.0,0.0,0.0,368629178.16111547,0.0,163.66,138.88,94.12,233.0,0.0,0.0,0.0,16.45,0.0,0.0,0.0,1.38,1,29.7,36
6579,研揚,電子工業,5.62,8420480000.0,1498306049.822064,4.07,10865857910.496279,7.25,28.11,26.03,18.48,44.51,133.98,322.7,203.82,159.5,1.28,0.84,2.02,0.0,0,15.45,93
8374,羅昇,電機機械,-0.55,4702943000.0,0.0,0.0,5961180513.712769,0.0,291.55,1054.46,24.11,1078.57,0.0,0.0,0.0,82.8,0.0,0.0,0.0,47.64,50,29.79,41
8367,建新國際,航運業,3.8,3216539000.0,846457631.5789474,2.25,3345996671.3741946,3.95,13.06,11.07,7.03,18.1,27.77,71.5,51.58,40.5,1.27,0.69,1.77,0.0,0,1.87,12
6574,霈方,生技醫療業,6.82,603419000.0,88477859.23753665,5.47,826589247.1376315,9.34,16.9,22.97,10.44,33.41,97.51,312.05,157.84,134.0,1.18,0.73,2.33,11.64,147,17.77,50
6584,南俊國際,電子零組件業,5.59,2355997000.0,421466368.51520574,4.64,3637850527.1412406,8.63,84.62,213.02,38.1,251.12,328.8,2167.17,730.28,643.0,1.14,0.51,3.37,0.0,0,122.97,140
6585,鼎基,其他,5.64,2856943000.0,506550177.30496454,3.85,3172241128.4949374,6.26,15.69,21.11,9.6,30.71,60.1,192.24,98.19,127.0,0.77,0.47,1.51,12.84,48,11.5,43
6588,東典光電,通信網路業,-1.76,169790000.0,0.0,0.0,358626619.2445377,0.0,0.0,0.0,0.0,0.0,0.0,0.0,0.0,78.4,0.0,0.0,0.0,54.14,143,81.03,183
6590,普鴻,資訊服務業,5.48,672156000.0,122656204.37956204,3.49,724472793.682838,5.91,14.29,6.22,11.82,18.04,69.86,106.62,84.45,67.7,1.25,1.03,1.57,0.0,0,10.22,34
6591,動力-KY,電子工業,5.37,1730676000.0,322286033.51955307,2.06,1124138085.9444628,3.49,15.58,13.85,7.44,21.29,25.97,74.3,54.37,45.35,1.2,0.57,1.64,2.54,141,56.3,44
6582,申豐,橡膠工業,-0.4,916756000.0,0.0,0.0,406351911.4021095,0.0,337.68,743.99,4.01,748.0,0.0,0.0,0.0,32.8,0.0,0.0,0.0,4.43,73,10.81,91
6573,虹揚-KY,電子工業,1.23,865246000.0,703452032.5203252,0.63,700028934.5220424,1.0,14.39,11.5,9.84,21.34,9.84,21.34,14.39,22.05,0.65,0.45,0.97,4.6,98,102.97,117
6546,正基,通信網路業,2.73,2312100000.0,846923076.923077,1.56,2168696569.9270444,2.56,31.89,34.88,21.3,56.18,54.53,143.82,81.63,64.2,1.27,0.85,2.24,28.18,70,4.6,42
6547,高端疫苗,生技醫療業,-0.85,607793000.0,0.0,0.0,538396654.9445004,0.0,0.0,0.0,0.0,0.0,0.0,0.0,0.0,47.7,0.0,0.0,0.0,1.18,1,5.6,20
6548,長科*,半導體業,1.63,13288729000.0,8152594478.527608,1.13,16300892016.855669,2.0,24.8,45.41,14.41,59.82,28.82,119.64,49.6,77.5,0.64,0.37,1.54,3.13,70,56.29,180
6550,北極星藥業-KY,化學生技醫療,-5.1,42866000.0,0.0,0.0,91752822.76009265,0.0,0.0,0.0,0.0,0.0,0.0,0.0,0.0,12.8,0.0,0.0,0.0,0.56,1,15.51,37
6552,易華電,半導體業,-14.35,1499491000.0,0.0,0.0,1031238262.2648311,0.0,100.78,213.7,11.3,225.0,0.0,0.0,0.0,27.4,0.0,0.0,0.0,0.0,0,25.1,34
6556,勝品,光電業,6.78,1395819000.0,205873008.84955752,4.24,1527699835.6856923,7.42,11.0,8.39,7.01,15.4,52.01,114.27,81.6,65.2,1.25,0.8,1.75,25.37,43,15.95,23
6558,興能高,其他電子業,-1.02,1090534000.0,0.0,0.0,1003425000.6094493,0.0,2146.13,5579.29,150.71,5730.0,0.0,0.0,0.0,28.95,0.0,0.0,0.0,99.61,184,12.22,33
6560,欣普羅,光電業,-0.16,161431000.0,0.0,0.0,265234635.26913598,0.0,477.79,62.5,441.25,503.75,0.0,0.0,0.0,35.4,0.0,0.0,0.0,0.48,1,28.02,49
6561,是方,通信網路業,15.74,3936025000.0,250065120.7115629,9.35,3858150352.7496266,15.43,28.93,22.93,19.87,42.8,306.59,660.4,446.39,323.5,1.38,0.95,2.04,27.19,45,15.42,34
6568,宏觀,半導體業,4.02,1114929000.0,277345522.38805974,2.84,1317684388.4749725,4.75,44.62,66.53,22.21,88.74,105.5,421.52,211.96,151.0,1.4,0.7,2.79,7.58,184,11.74,180
6569,醫揚,生技醫療業,2.87,1353898000.0,471741463.4146341,1.98,1513419746.7579372,3.21,32.4,26.76,23.24,50.0,74.6,160.5,103.99,100.5,1.03,0.74,1.6,2.67,15,39.82,47
6570,維田,電腦及週邊設備業,1.29,904252000.0,700970542.6356589,0.91,1079493782.6412551,1.54,32.74,29.1,18.0,47.1,27.72,72.53,50.42,49.7,1.01,0.56,1.46,8.15,37,26.19,55
6706,惠特,光電業,-3.92,991895000.0,0.0,0.0,468560361.31988364,0.0,9.4,0.0,9.4,9.4,0.0,0.0,0.0,122.0,0.0,0.0,0.0,54.03,115,120.91,168
6592,和潤企業,其他,4.73,23894153000.0,5051617970.4016905,2.67,22702446816.79986,4.49,16.06,7.7,11.93,19.63,53.57,88.14,72.11,61.9,1.16,0.87,1.42,0.0,0,9.95,33
6592B,和潤企業乙特,其他,0.0,0.0,0.0,0.0,0.0,0.0,0.0,0.0,0.0,0.0,0.0,0.0,0.0,95.1,0.0,0.0,0.0,2.31,176,3.32,167
8299,群聯,半導體業,41.96,68473723000.0,1631880910.3908484,72.04,222075696594.86102,136.09,24.68,65.21,10.42,75.63,1418.06,10292.49,3358.25,1980.0,1.7,0.72,5.2,0.0,0,275.0,184
8291,尚茂,電子零組件業,-1.51,2612000.0,0.0,0.0,6591507.064364207,0.0,0.0,0.0,0.0,0.0,0.0,0.0,0.0,27.35,0.0,0.0,0.0,0.0,0,284.62,26
6617,共信-KY,生技醫療業,-0.92,35690000.0,0.0,0.0,47370704.09233998,0.0,0.0,0.0,0.0,0.0,0.0,0.0,0.0,115.5,0.0,0.0,0.0,4.41,3,10.78,2
8289,泰藝,電子零組件業,0.04,1725495000.0,43137375000.0,0.03,1802423212.2191257,0.04,467.09,1383.03,31.97,1415.0,1.28,56.6,18.68,52.4,0.36,0.02,1.08,0.32,1,32.91,183
6620,漢達,生技醫療業,4.85,163380000.0,33686597.93814433,0.0,0.0,0.0,17.71,9.83,13.92,23.75,0.0,0.0,0.0,89.4,0.0,0.0,0.0,0.0,0,81.54,89
6625,必應,其他,8.88,4041795000.0,455157094.59459454,5.9,5429195294.366506,11.93,13.02,17.56,7.15,24.71,85.3,294.79,155.38,78.6,1.98,1.09,3.75,2.36,1,0.0,0
8279,生展,生技醫療業,10.03,2123580000.0,211722831.50548357,5.56,2003627123.626561,9.46,13.15,8.55,9.66,18.21,91.38,172.27,124.4,88.2,1.41,1.04,1.95,0.93,1,26.85,105
8277,商丞,半導體業,-0.38,252859000.0,0.0,0.0,102794053.85386717,0.0,0.0,0.0,0.0,0.0,0.0,0.0,0.0,8.41,0.0,0.0,0.0,6.64,73,62.07,120
8272,全景軟體,資訊服務業,4.66,473954000.0,101706866.9527897,2.72,485578378.03937274,4.77,19.33,17.18,13.94,31.12,66.49,148.44,92.21,66.9,1.38,0.99,2.22,34.2,100,16.56,57
6637,醫影,生技醫療業,7.16,1068011000.0,149163547.48603353,4.5,870355067.0015998,5.83,13.48,14.15,8.79,22.94,51.25,133.74,78.58,65.2,1.21,0.79,2.05,0.83,1,21.0,26
8284,三竹,資訊服務業,4.74,2937789000.0,619786708.8607595,2.97,3271436883.1065598,5.28,13.54,5.81,10.79,16.6,56.97,87.65,71.51,62.4,1.15,0.91,1.4,4.17,146,0.0,0
6615,慧智,生技醫療業,-0.43,386891000.0,0.0,0.0,374055072.43159187,0.0,98.61,251.54,34.71,286.25,0.0,0.0,0.0,34.85,0.0,0.0,0.0,11.8,2,9.36,71
6614,資拓宏宇,數位雲端,2.08,1407674000.0,676766346.1538461,0.0,0.0,0.0,22.97,16.95,15.4,32.35,0.0,0.0,0.0,39.05,0.0,0.0,0.0,11.21,1,40.87,56
8358,金居,電子零組件業,4.21,7752647000.0,1841483847.9809976,3.31,10844461528.70804,5.89,45.59,123.8,10.56,134.36,62.2,791.38,268.51,439.0,0.61,0.14,1.8,0.0,0,290.31,170
6593,台灣銘板,資訊服務業,-2.06,428382000.0,0.0,0.0,417592869.69784755,0.0,90.78,117.8,46.3,164.1,0.0,0.0,0.0,34.1,0.0,0.0,0.0,0.0,0,0.0,0
8349A,恒耀甲特,鋼鐵工業,0.0,0.0,0.0,0.0,0.0,0.0,0.0,0.0,0.0,0.0,0.0,0.0,0.0,45.15,0.0,0.0,0.0,11.53,184,0.64,9
8349,恒耀,鋼鐵工業,2.02,11746755000.0,5815225247.524753,1.18,11603171209.985655,2.0,16.88,13.07,11.08,24.15,22.16,48.3,33.76,39.9,0.85,0.56,1.21,3.14,16,2.1,19
6596,寬宏藝術,文化創意業,18.83,3139203000.0,166712851.8321827,8.58,4451007449.365916,26.7,11.49,17.67,5.06,22.73,135.1,606.89,306.8,89.3,3.44,1.51,6.8,31.25,170,22.6,47
6597,立誠,電子零組件業,2.54,632474000.0,249005511.81102362,1.49,774847789.7306803,3.11,31.82,75.49,14.28,89.77,44.41,279.18,98.96,66.7,1.48,0.67,4.19,18.67,115,5.22,21
6598,ABC-KY,化學生技醫療,-1.97,445577000.0,0.0,0.0,824419975.5345222,0.0,0.0,0.0,0.0,0.0,0.0,0.0,0.0,25.2,0.0,0.0,0.0,22.91,3,23.0,183
6603,富強鑫,電機機械,0.61,4972290000.0,8151295081.967214,0.34,5139824656.025324,0.63,58.25,147.98,26.6,174.58,16.76,109.99,36.7,25.3,1.45,0.66,4.35,14.71,44,119.49,180
6605,帝寶,汽車工業,13.97,19461033000.0,1393058911.9541874,8.22,18837348098.371754,13.52,11.01,8.57,7.61,16.18,102.89,218.75,148.85,131.0,1.14,0.79,1.67,3.79,16,1.65,1
6606,建德工業,電機機械,1.1,807055000.0,733686363.6363636,0.76,968459740.8349725,1.32,27.16,12.02,21.51,33.53,28.39,44.26,35.85,26.0,1.38,1.09,1.7,32.84,51,7.79,47
8342,益張,其他,5.97,1662869000.0,278537520.93802345,3.56,1699181208.4145067,6.1,13.33,5.73,10.08,15.81,61.49,96.44,81.31,91.3,0.89,0.67,1.06,5.71,66,11.93,153
6612,奈米醫材,生技醫療業,1.15,1091495000.0,949126086.9565219,0.8,1292079939.062237,1.36,62.45,58.02,36.15,94.17,49.16,128.07,84.93,72.0,1.18,0.68,1.78,2.73,59,1.72,9
6613,朋億*,其他電子類,13.37,9026692000.0,675145250.5609574,10.68,12083016897.028292,17.9,13.07,19.08,8.33,27.41,149.11,490.64,233.92,365.0,0.64,0.41,1.34,13.31,184,20.0,44
6592A,和潤企業甲特,其他,0.0,0.0,0.0,0.0,0.0,0.0,0.0,0.0,0.0,0.0,0.0,0.0,0.0,95.3,0.0,0.0,0.0,1.05,184,3.46,96
8112A,至上甲特,電子通路業,0.0,0.0,0.0,0.0,0.0,0.0,0.0,0.0,0.0,0.0,0.0,0.0,0.0,45.0,0.0,0.0,0.0,5.75,174,6.11,167
8072,陞泰,電子通路業,1.11,1223670000.0,1102405405.4054053,0.79,1632946712.5927353,1.48,33.04,41.13,21.96,63.09,32.5,93.37,48.9,28.2,1.73,1.15,3.31,2.01,16,3.12,35
8071,能率網通,電子零組件業,-1.19,2000187000.0,0.0,0.0,2229677277.976561,0.0,0.0,0.0,0.0,0.0,0.0,0.0,0.0,27.0,0.0,0.0,0.0,10.86,42,23.44,71
8070,長華*,電子通路業,1.02,19055037000.0,18681408823.52941,0.71,23661300084.16513,1.27,26.92,49.4,12.2,61.6,15.49,78.23,34.19,51.2,0.67,0.3,1.53,50.22,70,19.9,85
6821,聯寶,電子零組件業,1.13,587770000.0,520150442.4778761,0.63,541488066.2111864,1.04,38.2,40.09,24.2,64.29,25.17,66.86,39.73,48.1,0.83,0.52,1.39,57.54,105,8.74,30
6823,濾能,半導體業,-8.03,631530000.0,0.0,0.0,734676352.9911973,0.0,0.0,0.0,0.0,0.0,0.0,0.0,0.0,68.3,0.0,0.0,0.0,20.39,85,129.15,160
8074,鉅橡,電子零組件業,1.35,1293671000.0,958274814.8148148,0.95,1568655460.1278794,1.64,32.07,53.63,15.04,68.67,24.67,112.62,52.59,60.0,0.88,0.41,1.88,28.64,101,131.54,182
8086,宏捷科,半導體業,3.36,3949612000.0,1175479761.904762,2.5,5806924602.473787,4.94,43.08,60.96,23.55,84.51,116.34,417.48,212.79,127.0,1.68,0.92,3.29,0.0,0,40.35,112
6796,晉弘,化學生技醫療,0.13,698679000.0,5374453846.153846,0.07,670347616.5557036,0.12,265.13,487.92,56.46,544.38,6.78,65.33,31.82,59.0,0.54,0.11,1.11,0.3,1,31.41,160
8085,福華,其他電子類,-1.01,645835000.0,0.0,0.0,664194516.1422305,0.0,0.0,0.0,0.0,0.0,0.0,0.0,0.0,11.3,0.0,0.0,0.0,0.0,0,21.64,62
6799,來頡,半導體業,3.71,954586000.0,257300808.62533692,2.27,994712665.8725665,3.87,30.13,25.07,20.03,45.1,77.52,174.54,116.59,89.8,1.3,0.86,1.94,0.0,0,2.28,64
8084,巨虹,電子通路業,-1.82,602545000.0,0.0,0.0,508674285.16295135,0.0,34.51,30.61,21.67,52.28,0.0,0.0,0.0,46.0,0.0,0.0,0.0,2.97,1,87.02,170
8083,瑞穎,電機機械,9.8,1403166000.0,143180204.08163264,6.27,1471549433.9845843,10.28,16.81,6.35,13.1,19.45,134.67,199.95,172.85,157.5,1.1,0.86,1.27,2.37,16,8.97,184
6805,富世達,電子工業,31.0,12078622000.0,389632967.7419355,23.38,19225513735.38392,49.34,52.15,54.85,20.98,75.83,1035.15,3741.45,2573.11,1415.0,1.82,0.73,2.64,51.87,148,92.08,167
8081,致新,電子工業,17.75,8617981000.0,485520056.3380282,10.34,8601900282.885893,17.72,13.23,11.87,7.57,19.44,134.14,344.48,234.48,254.0,0.92,0.53,1.36,0.18,1,10.21,29
8076,伍豐,電腦及週邊設備業,0.15,1995767000.0,13305113333.333334,0.12,2620960763.3497095,0.2,58.23,177.77,14.73,192.5,2.95,38.5,11.65,24.05,0.48,0.12,1.6,5.49,71,4.15,43
6830,汎銓,其他電子業,-0.7,2139984000.0,0.0,0.0,2579084107.0291724,0.0,118.28,278.75,26.25,305.0,0.0,0.0,0.0,395.5,0.0,0.0,0.0,57.14,92,48.24,180
6831,邁科,電腦及週邊設備業,4.93,959783000.0,194682150.1014199,0.0,0.0,0.0,160.03,178.0,71.24,249.24,0.0,0.0,0.0,680.0,0.0,0.0,0.0,16.45,178,76.37,173
8049,晶采,光電業,1.71,1288318000.0,753402339.1812866,1.03,1327707459.0332763,1.76,13.65,6.09,10.68,16.77,18.8,29.52,24.02,26.4,0.91,0.71,1.12,4.65,16,1.1,8
6855,數泓科,其他電子類,7.86,616484000.0,78433078.88040712,4.69,570424351.4234248,7.27,16.71,10.22,12.83,23.05,93.27,167.57,121.48,118.5,1.03,0.79,1.41,31.92,83,7.58,20
6856,鑫傳,文化創意業,2.62,774482000.0,295603816.7938931,1.41,756806990.4925117,2.56,18.01,12.53,13.35,25.88,34.18,66.25,46.11,43.15,1.07,0.79,1.54,9.42,64,12.13,111
8047,星雲,其他電子類,-0.78,461310000.0,0.0,0.0,509464204.1779025,0.0,0.0,0.0,0.0,0.0,0.0,0.0,0.0,43.25,0.0,0.0,0.0,68.2,127,344.44,161
6859,伯特光,光電業,2.87,926738000.0,322905226.4808362,1.21,557952442.1121598,1.73,91.56,310.16,30.47,340.63,52.71,589.29,158.4,105.5,1.5,0.5,5.59,71.65,182,2.41,1
6861,睿生光電,化學生技醫療,3.84,2281307000.0,594090364.5833334,2.97,3116398028.6279936,5.25,27.08,100.32,10.91,111.23,57.28,583.96,142.16,250.0,0.57,0.23,2.34,1.56,1,30.96,78
6862,三集瑞-KY,電子工業,8.28,2269658000.0,274113285.0241546,3.9,1707523920.987863,6.23,19.41,26.54,10.67,37.21,66.47,231.82,120.94,165.5,0.73,0.4,1.4,0.0,0,59.25,104
8048,德勝,通信網路業,2.67,1020717000.0,382291011.23595506,1.9,1320628078.8820906,3.45,20.93,16.48,12.13,28.61,41.85,98.7,72.2,59.1,1.22,0.71,1.67,0.46,1,78.42,131
6846,綠茵,食品工業,5.39,903935000.0,167705936.92022264,2.97,842590210.9632471,5.02,14.36,6.72,11.66,18.38,58.53,92.27,72.07,63.4,1.14,0.92,1.46,6.31,80,2.5,119
6844,諾貝兒,生技醫療業,2.35,3445244000.0,1466061276.5957446,1.37,3400427311.0608706,2.32,35.18,28.41,23.58,51.99,54.71,120.62,81.62,62.0,1.32,0.88,1.95,11.29,114,1.94,12
6843,進典,電機機械,2.21,808039000.0,365628506.7873303,1.22,846406004.9556066,2.31,21.51,13.4,14.42,27.82,33.31,64.26,49.69,39.1,1.27,0.85,1.64,0.95,2,10.7,56
8069,元太,光電業,9.13,36899502000.0,4041566484.118291,5.3,35863187958.43466,8.87,30.34,38.63,13.67,52.3,121.25,463.9,269.07,184.0,1.46,0.66,2.52,17.28,94,22.02,42
8068,全達,電子通路業,1.23,808320000.0,657170731.7073171,1.2,1362797695.1906261,2.07,17.91,38.67,8.0,46.67,16.56,96.61,37.07,19.35,1.92,0.86,4.99,3.0,1,44.14,168
6834,天二科技,電子工業,0.51,1428164000.0,2800321568.627451,0.4,1885452246.6108065,0.67,309.45,1352.96,32.04,1385.0,21.47,927.95,207.33,107.0,1.94,0.2,8.67,0.0,0,14.81,184
6835,圓裕,電子工業,0.97,2406345000.0,2480768041.2371135,0.55,2239917117.502088,0.9,40.73,294.11,8.2,302.31,7.38,272.08,36.65,32.65,1.12,0.23,8.33,4.72,101,8.15,47
6838,台新藥,化學生技醫療,-0.54,6269000.0,0.0,0.0,60458760.17170586,0.0,0.0,0.0,0.0,0.0,0.0,0.0,0.0,24.0,0.0,0.0,0.0,0.0,0,2.58,1
8067,志旭,電子通路業,-0.59,110377000.0,0.0,0.0,85171034.12279554,0.0,0.0,0.0,0.0,0.0,0.0,0.0,0.0,13.15,0.0,0.0,0.0,2.3,1,34.73,89
8064,東捷,光電業,1.35,2544969000.0,1885162222.222222,0.93,3626355214.5206413,1.92,175.06,482.72,37.28,520.0,71.58,998.4,336.11,127.5,2.64,0.56,7.83,24.35,99,41.12,183
8059,凱碩,通信網路業,-2.39,6325467000.0,0.0,0.0,21346764792.518555,0.0,0.0,0.0,0.0,0.0,0.0,0.0,0.0,16.6,0.0,0.0,0.0,32.94,161,0.0,0
8054,安國,半導體業,-3.18,2740237000.0,0.0,0.0,7132807051.918306,0.0,0.0,0.0,0.0,0.0,0.0,0.0,0.0,95.9,0.0,0.0,0.0,9.91,1,28.33,141
8050,廣積,電腦及週邊設備業,1.45,5402081000.0,3725573103.448276,1.02,5775967680.027079,1.55,30.17,48.74,12.36,61.1,19.16,94.7,46.76,61.1,0.77,0.31,1.55,0.0,0,1.39,1
6840,東研信超,其他電子類,1.57,883542000.0,562765605.0955414,1.03,1021924583.2266581,1.82,140.84,374.23,37.53,411.76,68.3,749.4,256.33,62.1,4.13,1.1,12.07,2.07,1,46.14,56
6841,長佳智能,生技醫療業,0.89,362374000.0,407161797.752809,0.52,400739551.03187734,0.98,97.27,250.28,49.4,299.68,48.41,293.69,95.32,61.5,1.55,0.79,4.78,2.37,7,29.98,71
6542,隆中,文化創意業,0.02,861299000.0,43064950000.0,0.01,1050440080.9024768,0.02,526.97,2830.91,19.09,2850.0,0.38,57.0,10.54,44.15,0.24,0.01,1.29,32.6,142,1.08,8
6792,詠業,通信網路業,2.23,1315481000.0,589901793.7219731,1.36,1389487336.240928,2.36,25.82,21.3,16.13,37.43,38.07,88.33,60.93,56.9,1.07,0.67,1.55,0.13,1,32.56,50
6725,矽科宏晟,其他電子類,12.98,667194000.0,51401694.915254235,0.0,0.0,0.0,21.95,18.41,13.1,31.51,0.0,0.0,0.0,320.0,0.0,0.0,0.0,0.0,0,52.65,41
6727,亞泰金屬,電子零組件業,6.8,1497054000.0,220155000.0,6.56,2706484784.91835,12.29,28.75,69.88,8.8,78.68,108.15,966.98,353.33,408.0,0.87,0.27,2.37,34.76,133,227.08,56
8103,瀚荃,電子工業,3.96,3334507000.0,842047222.2222222,2.78,4105599208.4150968,4.88,19.03,23.25,8.86,32.11,43.24,156.7,92.87,83.4,1.11,0.52,1.88,5.27,36,126.7,176
6730,常廣,生技醫療業,2.14,120733000.0,56417289.719626166,0.0,0.0,0.0,18.09,4.54,16.29,20.83,0.0,0.0,0.0,0.0,0.0,0.0,0.0,0.0,0,13.7,76
8102,傑霖科技,半導體業,2.25,66699000.0,29644000.0,0.0,0.0,0.0,29.58,40.48,12.85,53.33,0.0,0.0,0.0,75.9,0.0,0.0,0.0,1.34,177,12.21,42
6732,昇佳電子,半導體業,6.21,4524877000.0,728643639.2914654,3.38,4035021476.2462516,5.54,22.84,19.86,13.89,33.75,76.95,186.98,126.52,214.0,0.59,0.36,0.87,1.71,1,37.17,61
6733,博晟生醫,生技醫療業,-0.69,219222000.0,0.0,0.0,250747989.2415903,0.0,0.0,0.0,0.0,0.0,0.0,0.0,0.0,25.05,0.0,0.0,0.0,4.01,101,66.67,61
6735,美達科技,其他電子類,0.33,328512000.0,995490909.090909,0.24,514464543.2396322,0.52,190.21,1102.02,19.23,1121.25,10.0,583.05,98.91,73.6,1.34,0.14,7.92,0.24,1,100.9,69
6739,竹陞科技,其他電子類,16.13,761022000.0,47180533.16800992,15.52,1501641754.8189914,31.83,59.96,83.94,26.45,110.39,841.9,3513.71,1908.37,1215.0,1.57,0.69,2.89,75.89,58,136.73,79
8101,華冠,電子工業,-3.26,393227000.0,0.0,0.0,380309283.814414,0.0,6.74,0.0,6.74,6.74,0.0,0.0,0.0,13.4,0.0,0.0,0.0,829.39,142,32.64,61
6742,澤米,光電業,-1.51,550879000.0,0.0,0.0,314736358.96293914,0.0,399.53,775.72,136.5,912.22,0.0,0.0,0.0,51.0,0.0,0.0,0.0,15.96,98,13.27,49
6743,安普新,其他電子業,0.71,5559377000.0,7830108450.704226,0.37,5560091688.200856,0.71,50.95,120.84,13.31,134.15,9.45,95.25,36.17,30.3,1.19,0.31,3.14,6.92,49,6.55,63
6722,輝創,電子工業,3.39,418495000.0,123449852.50737463,0.0,0.0,0.0,15.14,5.11,13.28,18.39,0.0,0.0,0.0,34.45,0.0,0.0,0.0,1.7,1,19.05,99
6721,信實,其他,4.65,3597037000.0,773556344.0860214,2.81,3781028689.108989,4.89,13.05,4.7,11.17,15.87,54.62,77.6,63.83,53.3,1.2,1.02,1.46,12.9,181,2.11,58
8112,至上,電子通路業,5.02,219865076000.0,43797823904.38248,6.58,513631581007.44775,11.73,20.85,42.51,6.96,49.47,81.64,580.28,244.52,85.8,2.85,0.95,6.76,0.0,0,99.76,175
6708,天擎,半導體業,0.24,277169000.0,1154870833.3333335,0.13,259401992.6096914,0.22,1044.57,1481.0,154.0,1635.0,33.88,359.7,229.81,38.75,5.93,0.87,9.28,15.63,163,0.0,0
8111,立碁,光電業,0.38,852145000.0,2242486842.105263,0.21,832914823.5298975,0.37,147.97,539.82,23.51,563.33,8.7,208.43,54.75,49.5,1.11,0.18,4.21,120.12,162,58.28,161
8110,華東,電子工業,2.47,7245046000.0,2933217004.0485826,1.58,8182737183.130867,2.79,47.31,82.82,16.94,99.76,47.26,278.33,131.99,47.8,2.76,0.99,5.82,2.95,1,527.13,182
6712,長聖,生技醫療業,4.97,1030998000.0,207444265.59356138,2.84,1142125218.8095002,5.51,35.0,35.85,23.36,59.21,128.71,326.25,192.84,154.5,1.25,0.83,2.11,0.73,2,23.43,77
6715,嘉基,電子工業,1.8,1674401000.0,930222777.7777778,1.18,1681827685.7197795,1.81,65.93,252.4,19.54,271.94,35.37,492.21,119.34,411.0,0.29,0.09,1.2,1.8,1,3.54,1
8109,博大,電子零組件業,6.17,1675345000.0,271530794.16531605,4.41,2146781694.3843606,7.91,15.74,14.29,11.18,25.47,88.43,201.47,124.49,136.5,0.91,0.65,1.48,0.54,171,36.2,56
8107,大億金茂,電機機械,-0.53,962504000.0,0.0,0.0,671028610.6784873,0.0,86.4,210.24,8.51,218.75,0.0,0.0,0.0,12.05,0.0,0.0,0.0,36.04,108,8.7,40
6716,應廣,半導體業,2.18,1094881000.0,502238990.82568806,1.86,1556394756.7499707,3.1,25.4,52.1,11.06,63.16,34.29,195.8,78.75,89.1,0.88,0.38,2.2,0.0,0,30.89,110
8105,凌巨,電子工業,-0.3,8679610000.0,0.0,0.0,8447581706.477554,0.0,202.03,826.92,11.41,838.33,0.0,0.0,0.0,17.65,0.0,0.0,0.0,10.43,2,10.7,175
6719,力智,半導體業,6.58,4540355000.0,690023556.231003,3.54,4423541105.676493,6.41,73.26,106.07,23.97,130.04,153.65,833.56,469.59,244.0,1.92,0.63,3.42,1.37,1,3.87,68
8104,錸寶,電子工業,-0.55,3621838000.0,0.0,0.0,2289192293.4658647,0.0,1605.94,4461.94,38.06,4500.0,0.0,0.0,0.0,37.1,0.0,0.0,0.0,16.8,141,12.92,51
6720,久昌,半導體業,4.19,445852000.0,106408591.88544151,2.1,335910948.5182563,3.16,32.01,41.66,18.41,60.07,58.18,189.82,101.14,140.0,0.72,0.42,1.36,6.73,7,3.28,49
6776,展碁國際,電子工業,4.2,28833106000.0,6865025238.095238,2.92,38234068207.43717,5.57,13.31,10.14,9.3,19.44,51.8,108.28,74.16,55.4,1.34,0.94,1.95,0.0,0,0.0,0
8089,康全電訊,通信網路業,-3.1,966852000.0,0.0,0.0,336241355.5633252,0.0,9.19,16.62,3.97,20.59,0.0,0.0,0.0,19.3,0.0,0.0,0.0,17.6,37,7.65,30
8088,品安,半導體業,1.7,1503537000.0,884433529.4117647,1.31,2442228052.2411013,2.76,110.43,407.9,13.21,421.11,36.46,1162.26,304.8,50.3,6.06,0.72,23.11,0.4,1,120.2,184
6781,AES-KY,電子工業,38.2,15649550000.0,409674083.7696335,26.55,19797040265.132187,48.32,34.05,33.96,21.47,55.43,1037.43,2678.38,1645.07,1045.0,1.57,0.99,2.56,101.83,176,46.34,138
6782,視陽,化學生技醫療,14.08,4126829000.0,293098650.5681818,9.67,5153363917.680281,17.58,18.32,28.57,12.33,40.9,216.76,719.02,322.1,199.0,1.62,1.09,3.61,0.0,0,23.24,30
6785,昱展新藥,生技醫療業,-1.2,1753000.0,0.0,0.0,3497605.746209098,0.0,689.96,2954.17,20.83,2975.0,0.0,0.0,0.0,115.0,0.0,0.0,0.0,7.84,31,106.69,170
6788,華景電,半導體業,17.37,2543412000.0,146425561.31260794,11.38,2878381941.955725,19.66,20.04,20.33,9.8,30.13,192.67,592.36,393.9,384.0,1.03,0.5,1.54,32.15,44,49.16,174
6789,采鈺,半導體業,4.01,9100411000.0,2269429177.057357,2.45,9501997610.852781,4.19,78.27,209.28,30.38,239.66,127.29,1004.18,327.96,526.0,0.62,0.24,1.91,0.0,0,39.22,54
6790,永豐實,造紙工業,3.03,10716158000.0,3536685808.580858,1.77,10484582835.132206,2.96,13.68,4.84,11.68,16.52,34.57,48.9,40.48,38.95,1.04,0.89,1.26,0.0,0,0.0,0
6791,虎門科技,資訊服務業,4.16,785380000.0,188793269.23076922,2.65,883218718.5673089,4.68,27.28,20.38,19.12,39.5,89.48,184.86,127.69,104.5,1.22,0.86,1.77,75.0,176,52.24,44
8092,建暐,其他電子類,0.0,342132000.0,0.0,0.0,362251206.3383539,0.0,220.96,82.14,190.0,272.14,0.0,0.0,0.0,13.95,0.0,0.0,0.0,1.05,1,0.0,0
8093,保銳,電子零組件業,-1.32,197523000.0,0.0,0.0,266150250.54099545,0.0,0.0,0.0,0.0,0.0,0.0,0.0,0.0,19.5,0.0,0.0,0.0,0.41,69,27.22,180
6751,智聯服務,資訊服務業,5.21,1831365000.0,351509596.92898273,2.82,1458442516.8677359,4.15,35.38,65.31,7.56,72.87,31.37,302.41,146.81,40.85,3.59,0.77,7.4,0.54,1,49.43,126
6752,叡揚,資訊服務業,7.58,2005986000.0,264641952.5065963,4.49,2104528300.287011,7.95,19.26,19.77,13.05,32.82,103.75,260.92,153.08,99.9,1.53,1.04,2.61,22.67,148,10.0,28
6753,龍德造船,航運業,5.97,5357790000.0,897452261.3065327,3.88,6010029192.700709,6.7,21.55,36.41,13.84,50.25,92.73,336.68,144.41,146.0,0.99,0.64,2.31,8.99,43,113.09,56
6756,威鋒電子,半導體業,1.11,1540487000.0,1387826126.126126,0.78,1773266794.5546255,1.28,63.52,73.37,21.22,94.59,27.16,121.08,81.3,96.0,0.85,0.28,1.26,0.25,1,1.77,1
8099,大世科,資訊服務業,2.64,4764597000.0,1804771590.9090908,1.77,6525469185.143552,3.62,31.91,26.15,19.79,45.94,71.64,166.3,115.52,58.3,1.98,1.23,2.85,0.47,1,19.52,64
6761,穩得,電子零組件業,7.35,1989199000.0,270639319.72789115,4.17,1822564063.5156066,6.73,19.24,23.2,10.23,33.43,68.85,224.98,129.46,167.5,0.77,0.41,1.34,7.44,45,94.16,49
6762,達亞,生技醫療業,0.73,705600000.0,966575342.4657534,0.41,659574803.5989424,0.68,190.57,269.43,94.67,364.1,64.38,247.59,129.59,170.0,0.76,0.38,1.46,0.0,0,0.0,0
8097,常珵,通信網路業,-1.13,268148000.0,0.0,0.0,230089694.6113327,0.0,138.6,84.54,107.83,192.37,0.0,0.0,0.0,54.4,0.0,0.0,0.0,42.96,150,18.21,12
6767,台微醫,生技醫療業,-0.5,322308000.0,0.0,0.0,308762584.51053727,0.0,0.0,0.0,0.0,0.0,0.0,0.0,0.0,25.45,0.0,0.0,0.0,7.21,175,14.69,49
8096,擎亞,電子通路業,0.88,34409445000.0,39101642045.454544,0.79,43483716062.27298,1.11,47.15,106.45,9.88,116.33,10.97,129.13,52.34,142.0,0.37,0.08,0.91,44.49,42,37.87,117
6770,力積電,半導體業,-1.86,45962445000.0,0.0,0.0,62355086928.989456,0.0,39.35,37.34,12.77,50.11,0.0,0.0,0.0,76.5,0.0,0.0,0.0,0.0,0,247.08,184
00400A,主動國泰動能高息,ETF,0.0,0.0,0.0,0.0,0.0,0.0,0.0,0.0,0.0,0.0,0.0,0.0,0.0,13.99,0.0,0.0,0.0,42.84,74,42.84,74
4155,訊映,化學生技醫療,0.58,1624178000.0,2800306896.5517244,0.33,1492237100.6923776,0.53,60.2,174.55,17.95,192.5,9.51,102.02,31.9,16.15,1.98,0.59,6.32,1.89,1,1.85,34
4943,康控-KY,電子工業,-1.9,1666646000.0,0.0,0.0,2346454791.704256,0.0,0.0,0.0,0.0,0.0,0.0,0.0,0.0,8.69,0.0,0.0,0.0,8.98,16,80.54,126
1780,立弘,食品工業,1.35,847486000.0,627767407.4074074,0.9,977223136.8647069,1.56,22.65,5.14,20.45,25.59,31.9,39.92,35.34,22.7,1.56,1.41,1.76,1.66,1,39.74,184
1781,合世,生技醫療業,-1.3,405453000.0,0.0,0.0,396510947.94782865,0.0,38.46,23.44,23.53,46.97,0.0,0.0,0.0,12.1,0.0,0.0,0.0,0.0,0,0.69,6
1783,和康生,化學生技醫療,2.97,788475000.0,265479797.97979796,1.9,873184788.2367396,3.29,20.27,20.82,12.62,33.44,41.52,110.02,66.69,40.8,1.63,1.02,2.7,16.87,177,8.62,78
1784,訊聯,生技醫療業,1.02,1218200000.0,1194313725.490196,0.67,1346629188.9111507,1.13,69.92,65.71,37.82,103.53,42.74,116.99,79.02,63.8,1.24,0.67,1.83,14.13,2,70.86,181
1785,光洋科,其他電子類,3.14,38281563000.0,12191580573.248407,2.87,64708921161.92077,5.31,27.32,44.36,14.56,58.92,77.31,312.87,145.05,114.0,1.27,0.68,2.74,1.85,1,30.6,161
1786,科妍,化學生技醫療,2.24,885510000.0,395316964.28571427,1.29,891864979.7109227,2.26,34.12,23.78,24.9,48.68,56.27,110.02,77.11,52.4,1.47,1.07,2.1,15.68,35,20.59,8
1788,杏昌,生技醫療業,8.27,4249659000.0,513864449.8186216,5.15,4524759488.539109,8.81,17.15,3.63,14.85,18.48,130.83,162.81,151.06,129.5,1.17,1.01,1.26,0.36,10,0.0,0
1789,神隆,化學生技醫療,0.17,3270288000.0,19236988235.294117,0.09,2943844911.484536,0.15,73.52,112.71,38.72,151.43,5.81,22.71,11.03,20.65,0.53,0.28,1.1,0.0,0,58.61,184
1795,美時,化學生技醫療,18.13,19522511000.0,1076807004.9641478,18.48,35502735470.84609,32.97,14.5,15.22,9.22,24.44,303.98,805.79,477.93,198.0,2.41,1.54,4.07,1.75,136,55.53,184
1796,金穎生技,食品工業,0.71,670666000.0,944600000.0,0.41,660803669.6174729,0.7,81.73,105.59,24.15,129.74,16.9,90.82,57.21,32.35,1.77,0.52,2.81,0.0,0,47.61,49
1799,易威,生技醫療業,-0.59,598330000.0,0.0,0.0,964749739.0147442,0.0,0.0,0.0,0.0,0.0,0.0,0.0,0.0,34.1,0.0,0.0,0.0,31.23,38,11.13,78
1802,台玻,玻璃陶瓷,-0.2,41862489000.0,0.0,0.0,45490448204.91706,0.0,251.07,583.55,5.68,589.23,0.0,0.0,0.0,61.7,0.0,0.0,0.0,11.94,132,140.92,184
1805,寶徠,建材營造,0.23,297871000.0,1295091304.347826,0.23,292026777.37227505,0.23,39.94,121.99,4.34,126.33,1.0,29.06,9.19,10.15,0.91,0.1,2.86,24.94,34,0.0,0
1806,冠軍,玻璃陶瓷,0.29,3360491000.0,11587900000.0,0.14,2639254529.3992047,0.23,42.3,123.45,4.28,127.73,0.98,29.38,9.73,8.4,1.16,0.12,3.5,15.16,13,7.07,33
1808,潤隆,建材營造,1.36,2508837000.0,1844733088.235294,8.95,305781627875.0332,165.76,11.28,19.27,2.65,21.92,439.26,3633.46,1869.91,32.1,58.25,13.68,113.19,11.67,65,26.51,110
1809,中釉,玻璃陶瓷,0.19,2509135000.0,13205973684.210526,0.11,2491509852.840975,0.19,125.76,273.98,39.7,313.68,7.54,59.6,23.89,43.6,0.55,0.17,1.37,0.19,1,45.83,184
1810,和成,玻璃陶瓷,0.05,4622865000.0,92457300000.0,0.03,4223604458.587356,0.05,179.3,511.46,3.54,515.0,0.18,25.75,8.97,28.9,0.31,0.01,0.89,6.01,76,63.51,49
1813,寶利徠,生技醫療業,-1.03,299357000.0,0.0,0.0,280710937.11481154,0.0,177.59,186.76,34.91,221.67,0.0,0.0,0.0,11.9,0.0,0.0,0.0,0.47,2,0.67,20
1815,富喬,電子零組件業,1.64,5946334000.0,3625813414.6341467,1.24,8190158920.133361,2.26,101.68,222.75,45.33,268.08,102.45,605.86,229.8,89.1,2.58,1.15,6.8,17.76,142,122.02,166
1817,凱撒衛,玻璃陶瓷,3.61,2685268000.0,743841551.2465374,2.06,2595526646.5907316,3.49,10.06,2.32,9.18,11.5,32.04,40.14,35.11,38.6,0.91,0.83,1.04,12.86,146,3.1,50
1903,士紙,造紙工業,1.28,153500000.0,119921875.0,0.75,151825448.40706894,1.27,95.19,109.23,36.01,145.24,45.73,184.45,120.9,48.55,2.49,0.94,3.8,1.5,1,10.46,99
1777,生泰,生技醫療業,5.86,1311930000.0,223878839.59044367,3.1,1239993034.197627,5.54,12.2,8.19,8.8,16.99,48.75,94.12,67.58,72.0,0.94,0.68,1.31,2.97,2,1.91,2
1904,正隆,造紙工業,0.74,43601661000.0,58921163513.51351,0.44,44342162746.75364,0.75,43.93,93.68,9.65,103.33,7.24,77.5,32.95,22.4,1.47,0.32,3.46,0.36,2,4.14,9
1776,展宇,化學生技醫療,0.27,1096645000.0,4061648148.148148,0.15,1014468479.6910417,0.25,40.03,82.07,9.87,91.94,2.47,22.98,10.01,18.5,0.54,0.13,1.24,47.63,69,2.88,89
1773,勝一,化學生技醫療,7.12,11492653000.0,1614136657.3033707,4.72,13346184564.144045,8.27,22.0,11.92,15.6,27.52,129.01,227.59,181.98,181.5,1.0,0.71,1.25,19.61,65,30.5,175
1726,永記,化學生技醫療,5.5,9902046000.0,1800372000.0,3.36,9981334864.45173,5.54,14.08,2.82,12.85,15.67,71.19,86.81,77.98,79.5,0.98,0.9,1.09,0.0,0,0.92,142
1727,中華化,化學工業,0.04,1937304000.0,48432600000.0,0.03,2325022552.854819,0.05,296.63,2058.99,21.01,2080.0,1.05,104.0,14.83,91.0,0.16,0.01,1.14,18.16,99,104.32,175
1730,花仙子,化學工業,4.5,2407003000.0,534889555.5555556,2.69,2459549817.073214,4.6,13.03,6.09,11.04,17.13,50.78,78.8,59.92,51.6,1.16,0.98,1.53,0.71,14,0.92,19
1731,美吾華,化學生技醫療,1.36,1565385000.0,1151018382.352941,0.87,1694469337.9284296,1.47,17.06,3.97,14.68,18.65,21.58,27.42,25.08,20.7,1.21,1.04,1.32,0.0,0,1.61,112
1732,毛寶,化學工業,0.7,678784000.0,969691428.5714287,0.43,720956210.4931672,0.74,166.91,1441.17,28.83,1470.0,21.33,1087.8,123.51,26.5,4.66,0.8,41.05,16.41,177,14.58,19
1733,五鼎,化學生技醫療,1.63,1972447000.0,1210090184.04908,0.94,1803945926.6356208,1.49,22.08,19.27,12.2,31.47,18.18,46.89,32.89,31.65,1.04,0.57,1.48,1.18,1,37.36,97
1734,杏輝,化學生技醫療,1.97,3339984000.0,1695423350.253807,1.19,3533267316.791698,2.08,17.95,296.97,14.14,311.11,29.41,647.11,37.34,32.5,1.15,0.9,19.91,0.79,16,3.66,47
1735,日勝化,化學工業,0.78,2318838000.0,2972869230.769231,0.49,2424771320.1744723,0.82,26.6,31.99,14.23,46.22,11.67,37.9,21.81,21.3,1.02,0.55,1.78,53.83,50,24.36,160
1737,臺鹽,食品工業,2.0,3285077000.0,1642538500.0,1.12,3121239947.31943,1.9,18.6,7.34,15.7,23.04,29.83,43.78,35.34,32.0,1.1,0.93,1.37,5.47,64,2.14,34
1742,台蠟,化學工業,-1.08,115292000.0,0.0,0.0,68928763.35,0.0,30.98,46.51,11.23,57.74,0.0,0.0,0.0,16.25,0.0,0.0,0.0,11.97,77,4.35,174
1752,南光,化學生技醫療,2.41,2183273000.0,905922406.6390041,1.37,2060762493.2511458,2.27,21.32,29.71,12.7,42.41,28.83,96.27,48.4,31.9,1.52,0.9,3.02,1.04,1,14.12,54
1760,寶齡富錦,化學生技醫療,2.22,2040077000.0,918953603.6036035,1.32,2163587238.146612,2.35,49.61,63.93,23.9,87.83,56.16,206.4,116.59,61.5,1.9,0.91,3.36,3.8,1,1.52,1
1762,中化生,化學生技醫療,-4.4,852565000.0,0.0,0.0,960996562.2670578,0.0,49.76,104.55,10.83,115.38,0.0,0.0,0.0,37.05,0.0,0.0,0.0,1.35,1,8.5,21
1905,華紙,造紙工業,-0.56,18948619000.0,0.0,0.0,17840052257.994686,0.0,210.19,170.77,60.48,231.25,0.0,0.0,0.0,14.8,0.0,0.0,0.0,0.69,2,17.78,99
1907,永豐餘,造紙工業,1.19,74277975000.0,62418466386.55463,0.71,75932900291.17293,1.22,27.27,26.56,11.52,38.08,14.05,46.46,33.27,28.4,1.17,0.49,1.64,9.02,77,21.44,131
2059,川湖,電子工業,103.23,16900584000.0,163717756.46614355,109.96,32696147321.033413,199.71,36.02,60.03,16.26,76.29,3247.28,15235.88,7193.73,8655.0,0.83,0.38,1.76,23.64,142,97.25,113
2061,風青,電器電纜,-0.97,1210025000.0,0.0,0.0,1322598155.1086433,0.0,64.43,17.92,53.19,71.11,0.0,0.0,0.0,63.0,0.0,0.0,0.0,13.76,16,13.45,76
2063,世鎧,鋼鐵工業,1.72,994859000.0,578406395.3488373,0.95,919978309.3037533,1.59,15.88,11.59,9.45,21.04,15.03,33.45,25.25,24.15,1.05,0.62,1.39,0.0,0,0.0,0
2064,晉椿,鋼鐵工業,-1.3,1601553000.0,0.0,0.0,1835717330.8298054,0.0,0.0,0.0,0.0,0.0,0.0,0.0,0.0,13.25,0.0,0.0,0.0,8.52,73,0.0,0
2065,世豐,鋼鐵工業,1.14,2055565000.0,1803127192.9824562,0.73,2131287068.6254976,1.18,22.51,36.3,10.34,46.64,12.2,55.04,26.56,32.2,0.82,0.38,1.71,0.0,0,0.27,1
2066,世德,電機機械,1.34,2575247000.0,1921826119.4029849,0.85,2722709065.3568964,1.42,24.44,47.83,10.57,58.4,15.01,82.93,34.7,66.9,0.52,0.22,1.24,0.0,0,2.35,20
2067,嘉鋼,電機機械,-2.8,1025197000.0,0.0,0.0,922012520.5238132,0.0,0.0,0.0,0.0,0.0,0.0,0.0,0.0,6.65,0.0,0.0,0.0,4.58,2,82.38,97
2069,運錩,鋼鐵工業,1.62,10193120000.0,6292049382.716049,0.94,9507381413.468323,1.51,24.21,120.98,6.21,127.19,9.38,192.06,36.56,18.6,1.97,0.5,10.33,26.79,73,37.19,183
2070,精湛,電機機械,2.3,654366000.0,284506956.5217391,1.54,822009612.5126829,2.89,22.1,30.87,13.91,44.78,40.2,129.41,63.88,56.4,1.13,0.71,2.29,112.84,69,22.24,79
2072,世紀風電,綠能環保,14.43,0.0,0.0,0.0,0.0,0.0,13.66,5.12,10.79,15.91,0.0,0.0,0.0,144.5,0.0,0.0,0.0,2.33,43,0.62,1
2073,雄順,鋼鐵工業,-0.39,567661000.0,0.0,0.0,695021359.321366,0.0,82.39,185.01,37.68,222.69,0.0,0.0,0.0,25.75,0.0,0.0,0.0,0.49,1,0.52,9
2101,南港,橡膠工業,1.01,8402501000.0,8319307920.792079,1.65,22236768950.89359,2.67,31.67,226.8,8.42,235.22,22.48,628.04,84.56,34.55,2.45,0.65,18.18,0.93,34,19.35,61
2102,泰豐,橡膠工業,6.29,262413000.0,41719077.901430845,2.66,187230641.1044914,4.49,2.93,0.48,2.74,3.22,12.3,14.46,13.14,19.0,0.69,0.65,0.76,8.26,27,9.77,21
2103,台橡,橡膠工業,0.54,36853803000.0,68247783333.33333,0.36,40652004071.94161,0.6,39.14,166.6,6.73,173.33,4.04,104.0,23.48,24.55,0.96,0.16,4.24,9.03,84,9.2,14
2104,國際中橡,橡膠工業,-4.27,15544371000.0,0.0,0.0,12749282921.476933,0.0,6.45,0.0,6.45,6.45,0.0,0.0,0.0,11.1,0.0,0.0,0.0,1.72,1,20.67,28
2105,正新,橡膠工業,1.5,91262756000.0,60841837333.333336,0.91,94248561371.12111,1.55,19.75,6.6,16.88,23.48,26.16,36.39,30.61,33.55,0.91,0.78,1.08,15.05,125,6.84,8
2106,建大,橡膠工業,0.13,33973366000.0,261333584615.3846,0.08,34645637525.70748,0.13,49.68,128.05,15.8,143.85,2.05,18.7,6.46,18.3,0.35,0.11,1.02,0.15,1,6.96,8
2107,厚生,橡膠工業,1.67,1476855000.0,884344311.3772455,0.98,1510191773.3783982,1.71,14.54,8.25,10.12,18.37,17.31,31.41,24.86,26.05,0.95,0.66,1.21,4.82,16,0.81,183
2108,南帝,橡膠工業,0.84,9722020000.0,11573833333.333334,0.59,11323138302.600735,0.98,28.29,32.24,4.71,36.95,4.62,36.21,27.73,28.55,0.97,0.16,1.27,0.0,0,9.5,47
2109,華豐,橡膠工業,1.16,4571076000.0,3940582758.62069,0.67,4284574978.055861,1.09,11.71,3.74,10.06,13.8,10.97,15.04,12.77,14.75,0.87,0.74,1.02,6.76,44,1.83,54
2114,鑫永銓,橡膠工業,5.78,1583164000.0,273903806.2283737,3.51,1713738623.4573953,6.26,16.74,9.2,9.8,19.0,61.35,118.94,104.82,89.3,1.17,0.69,1.33,0.0,0,5.51,47
2115,六暉-KY,汽車工業,1.58,2976173000.0,1883653797.4683545,1.06,3290222631.229838,1.75,15.33,22.95,10.1,33.05,17.68,57.84,26.82,21.85,1.23,0.81,2.65,3.66,111,0.18,37
2049,上銀,電機機械,4.3,24106189000.0,5606090465.11628,2.87,28080813013.369812,5.01,49.73,72.36,16.86,89.22,84.47,446.99,249.14,332.0,0.75,0.25,1.35,51.61,168,10.92,84
1906,寶隆,造紙工業,0.01,2994442000.0,299444200000.0,0.01,3161826278.2016063,0.01,276.32,1377.74,12.26,1390.0,0.12,13.9,2.76,11.15,0.25,0.01,1.25,0.95,73,10.98,76
2038,海光,鋼鐵工業,-0.56,9134021000.0,0.0,0.0,7298340030.472653,0.0,150.04,396.57,10.43,407.0,0.0,0.0,0.0,13.05,0.0,0.0,0.0,3.36,2,8.12,34
2034,允強,鋼鐵工業,0.2,12892899000.0,64464495000.0,0.11,11312057441.939482,0.18,101.35,106.65,9.3,115.95,1.67,20.87,18.24,20.25,0.9,0.08,1.03,1.39,2,10.49,34
1909,榮成,造紙工業,-0.39,45295774000.0,0.0,0.0,49121813511.00232,0.0,223.22,235.05,12.45,247.5,0.0,0.0,0.0,10.4,0.0,0.0,0.0,4.95,80,30.86,135
2002,中鋼,鋼鐵工業,-0.28,321244068000.0,0.0,0.0,314177929466.5529,0.0,131.72,208.47,8.03,216.5,0.0,0.0,0.0,18.8,0.0,0.0,0.0,3.03,83,9.04,30
2002A,中鋼特,鋼鐵工業,0.0,0.0,0.0,0.0,0.0,0.0,0.0,0.0,0.0,0.0,0.0,0.0,0.0,38.55,0.0,0.0,0.0,0.92,3,0.0,0
2006,東和鋼鐵,鋼鐵工業,6.47,58516403000.0,9044266306.02782,3.86,57022299008.88527,6.3,10.93,5.09,7.8,12.89,49.14,81.21,68.86,72.4,0.95,0.68,1.12,14.37,83,12.56,140
2007,燁興,鋼鐵工業,-2.25,5443582000.0,0.0,0.0,3956931918.398835,0.0,0.0,0.0,0.0,0.0,0.0,0.0,0.0,7.21,0.0,0.0,0.0,0.86,1,27.92,34
2008,高興昌,鋼鐵工業,0.69,1838397000.0,2664343478.26087,0.35,1525942614.718938,0.57,65.67,94.4,13.1,107.5,7.47,61.27,37.43,31.0,1.21,0.24,1.98,54.4,45,23.25,147
2009,第一銅,鋼鐵工業,0.33,2899358000.0,8785933333.333332,0.22,3419061475.88434,0.39,92.84,136.05,38.06,174.11,14.84,67.9,36.21,38.25,0.95,0.39,1.78,0.41,73,64.6,166
2010,春源,鋼鐵工業,2.31,24455890000.0,10586965367.965368,1.4,25562305925.14517,2.41,10.82,5.26,8.81,14.07,21.23,33.91,26.08,21.25,1.23,1.0,1.6,1.86,83,19.14,33
2012,春雨,鋼鐵工業,0.2,8494670000.0,42473350000.0,0.1,7248330374.911019,0.17,33.78,74.13,9.62,83.75,1.64,14.24,5.74,15.95,0.36,0.1,0.89,10.6,41,2.12,14
2013,中鋼構,鋼鐵工業,3.19,21092061000.0,6611931347.962382,1.74,18775562856.380028,2.84,15.91,9.76,12.59,22.35,35.76,63.47,45.19,41.0,1.1,0.87,1.55,0.54,1,2.98,173
2014,中鴻,鋼鐵工業,-1.29,19913319000.0,0.0,0.0,17384738500.290863,0.0,9.19,0.0,9.19,9.19,0.0,0.0,0.0,17.6,0.0,0.0,0.0,5.03,77,24.19,175
2015,豐興,鋼鐵工業,3.88,29857638000.0,7695267525.773196,2.15,25737695479.84728,3.34,16.68,9.64,10.38,20.02,34.67,66.87,55.7,64.3,0.87,0.54,1.04,11.2,97,4.24,9
2017,官田鋼,鋼鐵工業,-0.55,2762431000.0,0.0,0.0,2694664696.316957,0.0,45.03,113.58,9.75,123.33,0.0,0.0,0.0,9.17,0.0,0.0,0.0,1.72,2,10.3,34
2020,美亞,鋼鐵工業,2.13,4732647000.0,2221900000.0,1.09,4583607226.382218,2.06,9.47,8.43,4.64,13.07,9.56,26.92,19.51,21.5,0.91,0.44,1.25,2.38,13,7.53,30
2022,聚亨,鋼鐵工業,-0.02,9138401000.0,0.0,0.0,13194679918.574427,0.0,113.46,160.35,17.98,178.33,0.0,0.0,0.0,7.91,0.0,0.0,0.0,1.38,1,22.4,34
2023,燁輝,鋼鐵工業,-1.85,68592648000.0,0.0,0.0,62167640579.90658,0.0,7.35,0.0,7.35,7.35,0.0,0.0,0.0,13.65,0.0,0.0,0.0,7.17,80,2.86,71
2024,志聯,鋼鐵工業,-0.06,998528000.0,0.0,0.0,988623167.929145,0.0,252.71,629.04,14.29,643.33,0.0,0.0,0.0,14.05,0.0,0.0,0.0,5.59,30,8.12,79
2025,千興,鋼鐵工業,-0.17,849427000.0,0.0,0.0,1687811033.7234478,0.0,61.81,92.86,2.77,95.63,0.0,0.0,0.0,11.7,0.0,0.0,0.0,7.0,2,20.09,184
2027,大成鋼,鋼鐵工業,2.89,100432504000.0,34751731487.889275,2.16,129990782586.11592,3.74,19.69,33.6,6.32,39.92,23.64,149.3,73.62,41.0,1.8,0.58,3.64,4.9,10,24.23,23
2028,威致,鋼鐵工業,0.28,8491960000.0,30328428571.42857,0.18,8786107850.571968,0.29,39.21,82.33,6.58,88.91,1.91,25.78,11.37,15.7,0.72,0.12,1.64,6.38,76,9.04,182
2029,盛餘,鋼鐵工業,0.74,13822378000.0,18678889189.18919,0.4,11810184358.999407,0.63,17.73,26.16,8.03,34.19,5.06,21.54,11.17,20.65,0.54,0.25,1.04,0.75,77,6.78,23
2030,彰源,鋼鐵工業,0.34,10238365000.0,30112838235.294117,0.23,11110570096.699194,0.37,33.14,56.25,5.85,62.1,2.16,22.98,12.26,17.9,0.68,0.12,1.28,12.57,76,21.94,183
2031,新光鋼,鋼鐵工業,3.29,17286364000.0,5254213981.7629175,2.02,16186173649.38818,3.08,14.15,32.76,5.79,38.55,17.83,118.73,43.57,40.45,1.08,0.44,2.94,1.32,2,12.97,33
2032,新鋼,鋼鐵工業,0.56,3043460000.0,5434749999.999999,0.36,3285987766.465157,0.6,55.37,521.63,18.37,540.0,11.02,324.0,33.22,16.35,2.03,0.67,19.82,6.54,76,22.86,183
2033,佳大,鋼鐵工業,0.35,690733000.0,1973522857.1428573,0.21,680930583.2062098,0.35,83.69,154.21,43.29,197.5,15.15,69.12,29.29,15.0,1.95,1.01,4.61,70.48,121,41.75,76
2035,唐榮,鋼鐵工業,-4.71,9598781000.0,0.0,0.0,9854954142.341173,0.0,0.0,0.0,0.0,0.0,0.0,0.0,0.0,27.1,0.0,0.0,0.0,4.24,132,0.49,1
1725,元禎,化學生技醫療,1.52,8074797000.0,5312366447.368421,0.98,8481942088.580343,1.6,20.68,25.99,12.49,38.48,19.98,61.57,33.09,29.95,1.1,0.67,2.06,0.0,0,6.53,174
1723,中碳,化學生技醫療,2.65,5957830000.0,2248237735.8490567,1.7,6113615896.092269,2.72,21.8,20.07,16.22,36.29,44.12,98.71,59.3,89.7,0.66,0.49,1.1,0.49,77,5.89,2
1519,華城,電機機械,14.26,24042291000.0,1685995161.2903225,8.36,24211075143.098167,14.36,47.7,62.64,21.53,84.17,309.17,1208.68,684.92,691.0,0.99,0.45,1.75,2.35,3,58.98,184
1521,大億,汽車工業,0.87,3577067000.0,4111571264.367816,0.56,4119666590.788121,1.0,59.54,199.63,18.61,218.24,18.61,218.24,59.54,25.8,2.31,0.72,8.46,2.45,49,4.29,184
1522,堤維西,汽車工業,1.72,23266762000.0,13527187209.302326,1.19,34551999752.52766,2.55,28.49,102.59,8.86,111.45,22.59,284.2,72.65,29.4,2.47,0.77,9.67,0.98,1,13.3,184
1522A,堤維西甲特,汽車工業,0.0,0.0,0.0,0.0,0.0,0.0,0.0,0.0,0.0,0.0,0.0,0.0,0.0,48.6,0.0,0.0,0.0,5.65,184,0.0,0
1524,耿鼎,汽車工業,1.95,2712548000.0,1391050256.4102564,1.02,2343731242.6428394,1.68,12.22,25.8,7.7,33.5,12.94,56.28,20.53,27.4,0.75,0.47,2.05,27.08,149,16.38,104
1525,江申,汽車工業,3.21,1254025000.0,390661993.7694704,1.94,1352432779.6626308,3.46,18.97,30.8,14.08,44.88,48.72,155.28,65.63,66.9,0.98,0.73,2.32,0.14,1,17.41,54
1526,日馳,電機機械,-0.11,763306000.0,0.0,0.0,644837321.8749864,0.0,9.72,0.0,9.72,9.72,0.0,0.0,0.0,15.7,0.0,0.0,0.0,0.63,1,4.8,12
1527,鑽全,電機機械,1.52,2910053000.0,1914508552.631579,0.79,2516182336.675659,1.31,19.03,27.78,9.8,37.58,12.84,49.23,24.93,34.15,0.73,0.38,1.44,7.96,43,4.95,16
1528,恩德,電機機械,-0.35,2876650000.0,0.0,0.0,3071654098.5748067,0.0,8.77,0.0,8.77,8.77,0.0,0.0,0.0,21.6,0.0,0.0,0.0,54.77,99,131.43,184
1529,樂事綠能,電機機械,1.01,853549000.0,845098019.8019801,0.67,914321504.1532732,1.08,442.93,2957.46,17.54,2975.0,18.94,3213.0,478.36,20.55,23.28,0.92,156.35,3.27,3,4.34,33
1530,亞崴,電機機械,-2.39,1972715000.0,0.0,0.0,1707756429.3211732,0.0,24.33,40.35,5.26,45.61,0.0,0.0,0.0,30.05,0.0,0.0,0.0,13.44,45,5.8,184
1531,高林股,電機機械,-0.12,1519930000.0,0.0,0.0,1445749189.3833387,0.0,63.66,164.65,12.35,177.0,0.0,0.0,0.0,13.1,0.0,0.0,0.0,15.69,135,0.8,184
1532,勤美,電機機械,0.99,15470842000.0,15627113131.313131,0.51,17087884316.95138,1.09,26.25,87.03,6.97,94.0,7.6,102.46,28.61,23.55,1.21,0.32,4.35,0.98,2,6.42,134
1533,車王電,汽車工業,0.57,4266318000.0,7484768421.052632,0.41,5576896431.575602,0.75,45.76,44.31,20.64,64.95,15.48,48.71,34.32,34.0,1.01,0.46,1.43,1.73,1,24.41,113
1535,中宇,電機機械,4.0,11721845000.0,2930461250.0,1.74,8779821802.713507,3.0,13.75,4.27,11.31,15.58,33.93,46.74,41.25,50.2,0.82,0.68,0.93,0.86,2,0.52,33
1536,和大,汽車工業,-2.75,4736402000.0,0.0,0.0,4773983303.991172,0.0,2134.33,6548.24,51.76,6600.0,0.0,0.0,0.0,52.8,0.0,0.0,0.0,0.0,0,33.03,43
1537,廣隆,電機機械,7.95,6744803000.0,848402893.081761,4.71,6599158632.484626,7.78,14.39,6.43,10.9,17.33,84.8,134.83,111.92,126.5,0.88,0.67,1.07,11.22,133,3.94,33
1538,正峰,電機機械,-1.59,121225000.0,0.0,0.0,70354218.93375148,0.0,0.0,0.0,0.0,0.0,0.0,0.0,0.0,10.25,0.0,0.0,0.0,53.2,177,1.6,5
1539,巨庭,電機機械,0.21,1323001000.0,6300004761.904762,0.1,1016801243.4169037,0.16,77.57,415.0,8.75,423.75,1.4,67.8,12.41,16.95,0.73,0.08,4.0,45.23,69,2.31,2
1540,喬福,電機機械,1.11,494539000.0,445530630.6306306,0.52,358636336.8926922,0.8,21.5,140.75,11.25,152.0,9.0,121.6,17.2,22.45,0.77,0.4,5.42,53.93,71,1.79,5
1541,錩泰,電機機械,2.31,3631236000.0,1571963636.3636363,0.91,2387418693.9364424,1.52,40.8,195.38,8.85,204.23,13.45,310.43,62.02,22.5,2.76,0.6,13.8,12.34,45,5.1,21
1558,伸興,電機機械,5.52,8215440000.0,1488304347.826087,3.18,8016492339.463588,5.39,17.14,10.4,13.07,23.47,70.45,126.5,92.37,94.6,0.98,0.74,1.34,15.69,65,1.95,174
1560,中砂,電機機械,9.28,8044403000.0,866853771.5517242,6.37,9825166615.436258,11.33,47.95,53.73,22.11,75.84,250.51,859.27,543.25,728.0,0.75,0.34,1.18,11.46,93,23.54,174
1563,巧新,汽車工業,1.38,7062178000.0,5117520289.855073,0.84,7287898695.922651,1.42,31.7,147.82,13.54,161.36,19.23,229.13,45.01,65.1,0.69,0.3,3.52,0.7,1,4.95,14
1565,精華,生技醫療業,9.02,4213443000.0,467122283.8137472,4.5,3424380532.4580746,7.33,13.21,11.33,9.48,20.81,69.49,152.54,96.83,95.8,1.01,0.73,1.59,30.43,127,3.13,20
1517,利奇,電機機械,-0.69,2050514000.0,0.0,0.0,1892337930.7911673,0.0,10.2,0.0,10.2,10.2,0.0,0.0,0.0,12.1,0.0,0.0,0.0,2.83,1,41.79,90
1568,倉佑,汽車工業,1.36,1024194000.0,753083823.5294117,0.88,1093037423.8694296,1.45,19.6,28.94,8.22,37.16,11.92,53.88,28.42,31.75,0.9,0.38,1.7,0.0,0,11.23,184
1516,川飛,其他,0.03,86650000.0,2888333333.3333335,0.02,97143136.90397693,0.03,291.53,1085.83,11.67,1097.5,0.35,32.92,8.75,17.4,0.5,0.02,1.89,0.82,1,64.95,166
1514,亞力,電機機械,3.32,10435225000.0,3143140060.240964,2.1,12003345665.008541,3.82,35.79,31.33,15.98,47.31,61.04,180.72,136.73,106.5,1.28,0.57,1.7,0.0,0,11.48,110
1457,宜進,紡織纖維,1.17,3066311000.0,2620778632.4786325,0.63,2554035338.530877,0.97,16.35,36.25,3.87,40.12,3.75,38.92,15.86,14.4,1.1,0.26,2.7,0.47,1,0.86,6
1459,聯發,紡織纖維,0.81,1252518000.0,1546318518.5185184,0.36,916874092.1857358,0.59,23.5,95.83,5.53,101.36,3.26,59.8,13.87,11.7,1.19,0.28,5.11,0.9,2,4.72,22
1460,宏遠,紡織纖維,-0.27,7646438000.0,0.0,0.0,6279524086.81812,0.0,0.0,0.0,0.0,0.0,0.0,0.0,0.0,7.06,0.0,0.0,0.0,1.1,2,3.67,183
1463,強盛新,紡織纖維,0.14,1170751000.0,8362507142.857142,0.02,152741349.41080436,0.02,34.3,146.91,4.63,151.54,0.09,3.03,0.69,17.7,0.04,0.01,0.17,16.16,29,11.54,91
1464,得力,紡織纖維,0.34,12545008000.0,36897082352.94118,0.19,11898191242.325668,0.32,25.6,82.08,9.92,92.0,3.17,29.44,8.19,10.75,0.76,0.29,2.74,30.88,143,5.04,19
1465,偉全,紡織纖維,-0.33,363972000.0,0.0,0.0,370606631.7369211,0.0,36.37,64.14,15.33,79.47,0.0,0.0,0.0,13.1,0.0,0.0,0.0,1.95,84,3.38,20
1466,聚隆,紡織纖維,-1.07,2644622000.0,0.0,0.0,2200772645.5635757,0.0,63.14,128.73,8.41,137.14,0.0,0.0,0.0,18.7,0.0,0.0,0.0,21.51,119,24.5,97
1467,南緯,紡織纖維,-0.46,5217867000.0,0.0,0.0,5234623125.989074,0.0,31.58,39.67,15.33,55.0,0.0,0.0,0.0,8.95,0.0,0.0,0.0,0.43,2,1.86,177
1468,昶和,紡織纖維,0.2,852022000.0,4260110000.0,0.08,519678947.79664344,0.12,50.36,122.77,12.23,135.0,1.47,16.2,6.04,12.65,0.48,0.12,1.28,0.99,1,2.1,8
1470,大統新創,紡織纖維,0.78,791565000.0,1014826923.076923,0.45,744714913.2780824,0.73,29.22,22.75,18.19,40.94,13.28,29.89,21.33,23.0,0.93,0.58,1.3,23.97,38,10.74,92
1471,首利,電子工業,0.03,195999000.0,6533300000.0,0.01,90274099.46612884,0.01,267.37,680.16,39.84,720.0,0.4,7.2,2.67,10.05,0.27,0.04,0.72,0.61,1,6.47,19
1473,台南,紡織纖維,0.57,7006641000.0,12292352631.578949,0.31,5636564735.962901,0.46,16.01,34.46,8.79,43.25,4.04,19.9,7.37,20.2,0.36,0.2,0.99,1.42,99,21.54,97
1474,弘裕,紡織纖維,0.34,2954273000.0,8689038235.294117,0.19,2770366564.9367127,0.32,31.36,64.5,11.68,76.18,3.74,24.38,10.04,10.6,0.95,0.35,2.3,0.69,92,3.6,12
1475,業旺,紡織纖維,2.72,1501811000.0,552136397.0588235,1.56,1392169244.5521626,2.52,9.5,26.27,5.44,31.71,13.71,79.91,23.95,27.3,0.88,0.5,2.93,8.53,15,4.71,14
1476,儒鴻,紡織纖維,20.1,38111954000.0,1896117114.4278605,12.13,38945592477.46568,20.54,19.88,12.89,13.24,26.13,271.95,536.71,408.32,339.0,1.2,0.8,1.58,6.81,115,14.58,124
1477,聚陽,紡織纖維,14.65,34751748000.0,2372132969.2832766,8.54,33315360756.49112,14.04,18.55,13.98,13.1,27.08,183.92,380.2,260.39,219.5,1.19,0.84,1.73,2.64,3,35.4,183
1503,士電,電機機械,6.28,36565338000.0,5822506050.955414,4.33,40736023315.5432,7.0,32.63,40.05,16.71,56.76,116.97,397.32,228.4,204.0,1.12,0.57,1.95,0.0,0,10.27,110
1504,東元,電機機械,2.42,58304590000.0,24092805785.123966,1.51,62570507912.11774,2.6,26.04,33.76,14.28,48.04,37.13,124.9,67.71,69.9,0.97,0.53,1.79,7.86,163,151.31,96
1506,正道,電機機械,0.06,1082820000.0,18047000000.0,0.04,1181654169.4769702,0.07,134.21,234.41,55.59,290.0,3.89,20.3,9.39,10.95,0.86,0.36,1.85,0.0,0,25.54,47
1512,瑞利,汽車工業,0.19,1126766000.0,5930347368.421053,0.11,1176916216.5505865,0.2,31.14,16.31,24.85,41.16,4.97,8.23,6.23,6.79,0.92,0.73,1.21,0.6,2,6.69,2
1513,中興電,電機機械,8.07,27235004000.0,3374845600.991326,4.92,28405197489.69894,8.42,22.34,50.67,12.28,62.95,103.4,530.04,188.08,167.0,1.13,0.62,3.17,0.0,0,4.57,44
1515,力山,電機機械,0.97,5144303000.0,5303405154.639175,0.52,5744643047.006179,1.08,25.15,60.79,8.59,69.38,9.28,74.93,27.17,44.85,0.61,0.21,1.67,1.33,2,14.54,47
1569,濱川,電腦及週邊設備業,-5.63,3317106000.0,0.0,0.0,3114442963.572363,0.0,160.56,32.5,143.89,176.39,0.0,0.0,0.0,46.3,0.0,0.0,0.0,124.88,148,33.14,96
1570,力肯,電機機械,0.58,541569000.0,933739655.1724138,0.32,475560344.59218276,0.51,35.1,131.75,8.76,140.51,4.47,71.66,17.9,38.9,0.46,0.11,1.84,15.95,38,47.77,79
1580,新麥,電機機械,12.54,4988857000.0,397835486.4433812,6.76,4677180035.004305,11.76,10.78,3.86,8.61,12.47,101.25,146.65,126.83,116.5,1.09,0.87,1.26,5.76,44,5.65,22
1708,東鹼,化學工業,3.28,6180360000.0,1884256097.5609758,2.04,6737044716.527982,3.58,11.78,21.6,7.36,28.96,26.35,103.68,42.16,55.9,0.75,0.47,1.85,26.92,127,8.37,141
1709,和益,化學工業,1.23,9076666000.0,7379403252.03252,0.79,9452176314.113115,1.28,14.99,14.39,10.42,24.81,13.34,31.76,19.19,27.2,0.71,0.49,1.17,15.43,3,6.86,34
1710,東聯,化學工業,-1.01,22752814000.0,0.0,0.0,19730097374.913754,0.0,707.82,802.83,64.67,867.5,0.0,0.0,0.0,17.5,0.0,0.0,0.0,7.71,64,14.47,183
1711,永光,化學工業,-0.2,7633140000.0,0.0,0.0,7935775636.694931,0.0,84.38,192.5,27.5,220.0,0.0,0.0,0.0,43.9,0.0,0.0,0.0,39.9,66,53.8,182
1712,興農,化學工業,2.6,18555010000.0,7136542307.692307,1.63,19152046464.317684,2.68,17.05,7.07,12.68,19.75,33.98,52.93,45.71,39.55,1.16,0.86,1.34,9.34,118,11.0,183
1713,國化,化學工業,3.86,462367000.0,119784196.89119172,2.28,486123515.571748,4.06,9.74,24.49,4.15,28.64,16.85,116.28,39.56,48.2,0.82,0.35,2.41,0.0,0,4.88,16
1714,和桐,化學工業,0.5,23123551000.0,46247102000.0,0.43,36143225068.40776,0.78,21.74,27.43,12.76,40.19,9.95,31.35,16.96,16.2,1.05,0.61,1.94,3.47,16,20.0,183
1717,長興,化學工業,1.41,40929375000.0,29027925531.914894,0.89,43373030158.80679,1.49,28.03,46.67,11.98,58.65,17.85,87.39,41.77,70.8,0.59,0.25,1.23,11.11,73,174.13,184
1718,中纖,化學工業,0.09,46499190000.0,516657666666.6667,0.05,45952119759.63528,0.09,169.38,344.71,26.29,371.0,2.37,33.39,15.24,14.65,1.04,0.16,2.28,3.48,2,19.22,183
1720,生達,化學生技醫療,5.19,6996447000.0,1348063005.7803466,3.03,7140745357.676818,5.3,12.6,5.58,10.45,16.03,55.38,84.96,66.78,64.5,1.04,0.86,1.32,6.35,10,13.56,140
1721,三晃,化學工業,-1.85,1749814000.0,0.0,0.0,1652713408.508148,0.0,0.0,0.0,0.0,0.0,0.0,0.0,0.0,23.05,0.0,0.0,0.0,58.13,83,73.84,184
1722,台肥,化學工業,0.95,12159186000.0,12799143157.894737,0.59,12723445383.443056,0.99,32.85,37.31,16.06,53.37,15.9,52.84,32.52,47.8,0.68,0.33,1.11,0.93,16,2.26,2
1707,葡萄王,生技醫療業,8.22,10614460000.0,1291296836.9829683,4.28,9745104280.779274,7.55,14.43,4.82,11.34,16.16,85.62,122.01,108.92,92.5,1.18,0.93,1.32,5.7,140,10.57,8
1702,南僑,食品工業,1.11,23430771000.0,21108802702.7027,0.64,22844773069.064743,1.08,18.54,36.97,10.04,47.01,10.84,50.77,20.02,33.65,0.59,0.32,1.51,5.91,83,1.47,1
1626,艾美特-KY,電器電纜,-0.86,8062687000.0,0.0,0.0,7231419047.644403,0.0,16.5,0.0,16.5,16.5,0.0,0.0,0.0,10.35,0.0,0.0,0.0,10.09,87,0.0,0
1582,信錦,電子工業,3.45,8857470000.0,2567382608.695652,1.87,8093748895.995892,3.15,17.26,43.15,10.0,53.15,31.5,167.42,54.37,76.6,0.71,0.41,2.19,2.15,64,3.3,19
1583,程泰,電機機械,-4.78,3907346000.0,0.0,0.0,4038758624.7610526,0.0,19.82,55.34,3.99,59.33,0.0,0.0,0.0,50.2,0.0,0.0,0.0,0.86,16,0.56,2
1584,精剛,其他,0.45,2604026000.0,5786724444.444445,0.22,2161257316.2654476,0.37,64.12,224.42,7.85,232.27,2.9,85.94,23.72,20.05,1.18,0.14,4.29,29.58,36,21.26,43
1586,和勤,電機機械,-0.36,2321202000.0,0.0,0.0,2398944108.6086855,0.0,81.36,153.23,42.19,195.42,0.0,0.0,0.0,18.0,0.0,0.0,0.0,3.55,7,16.92,177
1587,吉茂,汽車工業,0.38,2594055000.0,6826460526.315789,0.24,2979185087.2458386,0.44,139.65,254.06,16.42,270.48,7.22,119.01,61.45,26.15,2.35,0.28,4.55,3.09,1,103.58,159
1590,亞德客-KY,電機機械,42.01,33793633000.0,804418781.2425613,31.69,43450276762.98879,54.01,24.39,19.19,17.71,36.9,956.52,1992.97,1317.56,1350.0,0.98,0.71,1.48,3.89,83,17.24,184
1597,直得,電機機械,0.92,1100199000.0,1195868478.2608695,0.73,1591339511.132652,1.33,115.51,175.47,20.13,195.6,26.77,260.15,153.63,138.5,1.11,0.19,1.88,21.46,170,13.91,26
2201,裕隆,汽車工業,0.93,74182384000.0,79766004301.07527,0.51,69752998993.56168,0.87,17.64,26.77,7.7,34.47,6.7,29.99,15.35,28.9,0.53,0.23,1.04,0.0,0,31.36,121
1599,宏佳騰,電機機械,-0.83,1853729000.0,0.0,0.0,1986552266.6930687,0.0,139.02,410.59,16.91,427.5,0.0,0.0,0.0,23.45,0.0,0.0,0.0,8.81,15,3.73,20
1604,聲寶,電器電纜,1.7,9211058000.0,5418269411.764706,1.01,8797521319.200752,1.62,13.7,8.52,6.63,15.15,10.74,24.54,22.2,23.6,0.94,0.46,1.04,0.7,92,1.0,20
1605,華新,電器電纜,0.75,172412266000.0,229883021333.33334,0.46,174807622677.1701,0.76,53.57,161.88,8.12,170.0,6.17,129.2,40.71,34.75,1.17,0.18,3.72,1.26,1,126.02,183
1608,華榮,電器電纜,5.5,11348843000.0,2063426000.0,3.69,12868957596.51894,6.24,13.84,23.68,5.66,29.34,35.32,183.08,86.38,33.25,2.6,1.06,5.51,0.49,1,52.56,112
1609,大亞,電器電纜,1.64,31235095000.0,19045789634.146343,1.08,36319935826.19835,1.91,21.01,21.86,13.68,35.54,26.13,67.88,40.12,38.6,1.04,0.68,1.76,2.97,3,21.64,50
1611,中電,電器電纜,0.02,1081359000.0,54067950000.0,0.01,966513764.8670906,0.02,93.67,391.82,21.51,413.33,0.43,8.27,1.87,12.65,0.15,0.03,0.65,10.57,3,12.45,182
1612,宏泰,電器電纜,2.77,7480411000.0,2700509386.2815886,1.66,7505607321.532637,2.78,13.98,15.5,2.91,18.41,8.09,51.18,38.86,31.7,1.23,0.26,1.61,0.26,1,15.24,110
1614,三洋電,電器電纜,0.97,5459864000.0,5628725773.195876,0.54,4902150862.909169,0.87,41.02,34.36,23.14,57.5,20.13,50.02,35.69,31.35,1.14,0.64,1.6,0.0,0,2.37,5
1615,大山,電器電纜,4.93,5816581000.0,1179833874.239351,2.91,5760261339.835139,4.88,12.64,10.54,9.01,19.55,43.97,95.4,61.68,47.35,1.3,0.93,2.01,6.03,37,4.62,29
1616,億泰,電器電纜,1.55,5247241000.0,3385316774.193548,0.92,5628177395.105066,1.66,14.83,20.68,6.88,27.56,11.42,45.75,24.62,20.65,1.19,0.55,2.22,0.8,1,26.9,37
1617,榮星,電器電纜,0.68,3309047000.0,4866245588.235293,0.48,4139557368.037827,0.85,76.13,412.38,13.45,425.83,11.43,361.96,64.71,23.9,2.71,0.48,15.14,0.99,1,7.69,184
1618,合機,電器電纜,4.21,5305333000.0,1260174109.263658,2.08,4004118093.5730996,3.18,11.82,16.78,8.33,25.11,26.49,79.85,37.59,38.2,0.98,0.69,2.09,0.0,0,4.71,21
1623,大東電,電器電纜,13.61,605208000.0,44467891.2564291,0.0,0.0,0.0,17.6,15.68,12.96,28.64,0.0,0.0,0.0,229.5,0.0,0.0,0.0,1.4,1,34.27,163
1603,華電,電器電纜,3.25,5327948000.0,1639368615.3846154,2.06,5579112021.055495,3.4,11.68,10.45,9.07,19.52,30.84,66.37,39.7,29.4,1.35,1.05,2.26,1.01,1,6.33,30
1455,集盛,紡織纖維,-0.98,6505126000.0,0.0,0.0,4960794922.904553,0.0,263.56,1003.41,11.59,1015.0,0.0,0.0,0.0,9.33,0.0,0.0,0.0,0.73,1,5.5,55
2204,中華,汽車工業,5.47,31570356000.0,5771545886.654479,3.64,35220982630.129265,6.1,10.1,5.95,7.32,13.27,44.65,80.95,61.59,57.9,1.06,0.77,1.4,0.0,0,11.11,68
2207,和泰車,汽車工業,33.93,278122174000.0,8196939994.105512,21.88,310005395842.4258,37.82,16.5,7.01,13.36,20.37,505.28,770.39,623.99,493.0,1.27,1.02,1.56,10.89,73,12.91,128
2395,研華,電腦及週邊設備業,12.25,70256994000.0,5735264816.32653,9.15,90963024792.75491,15.86,31.5,19.0,23.36,42.36,370.49,671.83,499.66,530.0,0.94,0.7,1.27,0.0,0,5.04,43
2397,友通,電子工業,2.49,11147988000.0,4477103614.457831,1.73,13294903730.00831,2.97,22.53,27.19,10.81,38.0,32.11,112.86,66.91,58.3,1.15,0.55,1.94,0.0,0,29.33,42
2399,映泰,電子工業,0.15,1753395000.0,11689300000.0,0.09,1742444875.8242078,0.15,244.09,582.88,9.62,592.5,1.44,88.88,36.61,40.65,0.9,0.04,2.19,80.75,99,50.83,170
2401,凌陽,半導體業,-0.37,6278566000.0,0.0,0.0,7379480415.495952,0.0,51.91,48.39,15.81,64.2,0.0,0.0,0.0,30.0,0.0,0.0,0.0,0.0,0,40.5,37
2402,毅嘉,電子工業,2.47,10728500000.0,4343522267.206477,1.61,12456937159.449427,2.87,21.15,24.32,12.24,36.56,35.13,104.93,60.71,63.3,0.96,0.55,1.66,9.24,93,56.41,147
2404,漢唐,其他電子業,48.08,63949846000.0,1330071672.2129784,40.33,109048778720.60919,81.99,18.59,20.78,11.84,32.62,970.76,2674.51,1523.79,1250.0,1.22,0.78,2.14,54.61,175,69.66,44
2405,輔信,電子工業,-0.2,1728395000.0,0.0,0.0,1864180573.7794256,0.0,413.39,697.27,24.4,721.67,0.0,0.0,0.0,17.2,0.0,0.0,0.0,0.8,1,29.55,98
2406,國碩,光電業,-0.91,5758962000.0,0.0,0.0,13823268577.299541,0.0,0.0,0.0,0.0,0.0,0.0,0.0,0.0,33.95,0.0,0.0,0.0,0.0,0,185.9,183
2408,南亞科,半導體業,2.13,56774899000.0,26654882159.624416,5.39,409441344713.4083,15.36,66.36,121.88,7.7,129.58,118.27,1990.35,1019.26,439.0,2.32,0.27,4.53,0.0,0,503.86,184
2409,友達,光電業,0.9,280792168000.0,311991297777.7778,0.53,279403719321.0121,0.9,29.07,99.2,2.99,102.19,2.69,91.97,26.17,27.65,0.95,0.1,3.33,1.59,1,38.59,175
2412,中華電,通信網路業,4.99,237858930000.0,47667120240.48096,3.03,250082494090.4835,5.25,26.87,3.87,25.26,29.13,132.62,152.93,141.05,136.0,1.04,0.98,1.12,6.28,72,5.75,34
2413,環科,電子工業,0.4,3331719000.0,8329297500.0,0.25,3781191092.6035585,0.45,102.11,153.17,33.39,186.56,15.03,83.95,45.95,44.0,1.04,0.34,1.91,21.34,108,168.06,183
2414,精技,電子工業,3.17,28246381000.0,8910530283.911673,2.53,39879579906.551254,4.48,14.5,8.15,10.15,18.3,45.47,81.98,64.97,61.8,1.05,0.74,1.33,0.74,2,1.64,1
2415,錩新,電子工業,1.81,2329168000.0,1286833149.1712706,1.13,2595018181.660331,2.02,25.74,113.92,13.7,127.62,27.67,257.79,52.0,34.75,1.5,0.8,7.42,30.64,72,20.61,184
2393,億光,電子工業,4.6,19630880000.0,4267582608.6956525,2.81,20176801845.67325,4.73,13.96,11.47,9.69,21.16,45.83,100.09,66.01,69.5,0.95,0.66,1.44,8.51,176,6.5,13
2392,正崴,電子零組件業,-6.62,97510511000.0,0.0,0.0,83413847211.58025,0.0,36.07,114.24,11.37,125.61,0.0,0.0,0.0,36.5,0.0,0.0,0.0,4.03,132,10.31,2
2374,佳能,光電業,2.52,9311794000.0,3695156349.2063494,1.88,14762330314.834854,4.0,34.91,60.01,8.58,68.59,34.32,274.36,139.63,72.0,1.94,0.48,3.81,30.54,162,95.97,62
2375,凱美,電子工業,3.72,5504838000.0,1479795161.2903225,2.35,5984742637.328332,4.04,22.83,63.21,7.46,70.67,30.14,285.51,92.25,164.5,0.56,0.18,1.74,12.01,141,82.37,184
2376,技嘉,電子工業,18.19,324226515000.0,17824437328.20231,15.68,488361789060.7121,27.4,17.86,28.59,4.91,33.5,134.53,917.9,489.35,337.0,1.45,0.4,2.72,0.99,115,9.49,79
2377,微星,電子工業,6.8,225924964000.0,33224259411.764706,3.7,218096759420.18436,6.56,19.28,21.48,6.08,27.56,39.88,180.79,126.49,145.0,0.87,0.28,1.25,7.73,176,6.27,20
2379,瑞昱,半導體業,28.77,123048742000.0,4276980952.3809524,19.24,133946656141.07846,31.32,18.82,20.77,11.63,32.4,364.25,1014.77,589.46,712.0,0.83,0.51,1.43,1.61,168,0.69,2
2380,虹光,電子工業,0.72,2817681000.0,3913445833.3333335,0.46,3287953993.726274,0.84,18.53,25.57,5.08,30.65,4.27,25.75,15.56,19.6,0.79,0.22,1.31,3.03,1,87.36,40
2382,廣達,電子工業,19.44,1989610196000.0,102346203497.94238,20.7,3735662851628.7124,36.5,17.53,18.73,8.74,27.47,319.01,1002.66,640.02,352.0,1.82,0.91,2.85,1.71,115,13.58,103
2383,台光電,電子工業,41.66,91947570000.0,2207094815.1704273,40.35,161817933269.2857,73.32,41.0,119.03,12.86,131.89,942.9,9670.17,3005.89,4990.0,0.6,0.19,1.94,32.77,164,72.43,174
2385,群光,電子工業,9.06,96067158000.0,10603439072.847681,5.01,91061652639.3154,8.59,12.54,7.18,9.35,16.53,80.32,141.99,107.73,105.5,1.02,0.76,1.35,0.0,0,8.78,65
2387,精元,電子工業,3.46,19232481000.0,5558520520.231214,1.8,17037739673.639452,3.07,8.8,9.65,5.61,15.26,17.22,46.85,27.0,38.75,0.7,0.44,1.21,9.85,140,1.9,5
2388,威盛,半導體業,0.12,10116361000.0,84303008333.33334,0.08,11633178299.551975,0.14,335.59,1653.17,11.83,1665.0,1.66,233.1,46.98,72.6,0.65,0.02,3.21,13.31,65,2.62,148
2390,云辰,其他電子業,-0.14,686088000.0,0.0,0.0,627768687.176518,0.0,0.0,0.0,0.0,0.0,0.0,0.0,0.0,12.1,0.0,0.0,0.0,2.56,1,10.73,35
2373,震旦行,電子工業,3.86,10765016000.0,2788864248.7046633,2.18,10480444947.083725,3.76,14.42,1.76,13.45,15.21,50.57,57.19,54.22,54.1,1.0,0.93,1.06,0.14,1,2.1,2
2417,圓剛,電腦及週邊設備業,-0.19,3260578000.0,0.0,0.0,3818376673.7540393,0.0,165.5,97.45,109.86,207.31,0.0,0.0,0.0,42.15,0.0,0.0,0.0,3.65,41,27.61,41
2434,統懋,半導體業,0.03,45756000.0,1525200000.0,0.02,52579068.689202785,0.03,342.85,1602.32,42.68,1645.0,1.28,49.35,10.29,90.8,0.11,0.01,0.54,0.3,7,26.12,124
2436,偉詮電,半導體業,3.0,3539175000.0,1179725000.0,2.13,4448539039.733357,3.77,37.38,53.35,17.23,70.58,64.96,266.09,140.94,61.2,2.3,1.06,4.35,10.23,71,20.92,54
2438,翔耀,光電業,-2.37,432276000.0,0.0,0.0,584745614.6486232,0.0,0.0,0.0,0.0,0.0,0.0,0.0,0.0,19.55,0.0,0.0,0.0,9.63,10,8.86,29
2439,美律,通信網路業,5.35,46021543000.0,8602157570.093458,2.98,51309541409.57307,5.96,15.72,8.63,10.92,19.55,65.08,116.52,93.67,85.8,1.09,0.76,1.36,0.0,0,3.9,5
2440,太空梭,電子工業,-0.24,3571225000.0,0.0,0.0,4145193684.746781,0.0,23.53,0.0,23.53,23.53,0.0,0.0,0.0,16.6,0.0,0.0,0.0,0.83,1,28.46,184
2441,超豐,半導體業,4.31,16714118000.0,3877985614.8491883,2.94,19928516372.268047,5.14,16.95,22.67,8.38,31.05,43.07,159.6,87.14,139.0,0.63,0.31,1.15,1.57,2,70.57,184
2444,兆勁,通信網路業,-1.9,1104139000.0,0.0,0.0,892191452.9977279,0.0,114.84,118.3,19.2,137.5,0.0,0.0,0.0,12.1,0.0,0.0,0.0,29.14,139,10.96,184
2449,京元電子,半導體業,9.01,34125431000.0,3787506215.316315,6.49,46297318694.59927,12.22,23.13,38.4,9.23,47.63,112.79,582.04,282.69,318.0,0.89,0.35,1.83,8.14,115,149.77,184
2450,神腦,通信網路業,1.72,32694590000.0,19008482558.139534,1.06,37950348591.39024,2.0,17.6,6.78,13.78,20.56,27.56,41.12,35.2,28.8,1.22,0.96,1.43,0.4,1,1.68,8
2451,創見,半導體業,12.98,14961901000.0,1152688828.9676425,30.8,74734933320.64012,64.84,21.04,34.04,7.73,41.77,501.21,2708.37,1364.38,247.5,5.51,2.03,10.94,1.96,49,181.42,176
2453,凌群,資訊服務業,3.13,7372784000.0,2355522044.7284346,1.86,7836051569.870015,3.33,18.72,13.95,11.18,25.13,37.23,83.68,62.34,52.8,1.18,0.71,1.58,0.0,0,15.37,57
2454,聯發科,半導體業,66.17,586383033000.0,8861765649.085688,39.79,598667046497.6561,67.56,25.84,62.68,11.26,73.94,760.73,4995.39,1745.7,3700.0,0.47,0.21,1.35,10.78,175,8.87,62
2433,互盛電,電子工業,3.05,2726747000.0,894015409.8360656,1.79,2747787351.8925543,3.07,15.21,2.67,13.32,15.99,40.89,49.09,46.69,42.0,1.11,0.97,1.17,0.98,16,0.1,19
2419,仲琦,通信網路業,-0.36,8742858000.0,0.0,0.0,8691967917.994343,0.0,42.78,0.0,42.78,42.78,0.0,0.0,0.0,27.2,0.0,0.0,0.0,20.94,2,49.11,183
2420,新巨,電子工業,3.91,2162774000.0,553139130.4347826,2.4,2203867954.2934785,3.98,14.71,9.21,10.34,19.55,41.15,77.81,58.56,59.3,0.99,0.69,1.31,17.91,83,8.18,26
2421,建準,電子工業,7.94,18263701000.0,2300214231.738035,5.32,21892076897.774452,9.52,19.65,15.53,12.18,27.71,115.95,263.8,187.05,135.0,1.39,0.86,1.95,4.33,92,77.1,127
2423,固緯,其他電子業,2.91,2944348000.0,1011803436.4261168,2.0,3515979475.647909,3.47,17.9,11.58,12.24,23.82,42.47,82.66,62.12,82.7,0.75,0.51,1.0,4.88,114,31.64,166
2425,承啟,電子工業,-0.32,8375969000.0,0.0,0.0,16928899558.159586,0.0,117.57,341.73,17.02,358.75,0.0,0.0,0.0,43.35,0.0,0.0,0.0,38.38,83,7.4,29
2426,鼎元,光電業,-0.26,2342210000.0,0.0,0.0,2276503130.445493,0.0,74.2,98.68,9.65,108.33,0.0,0.0,0.0,61.8,0.0,0.0,0.0,37.7,92,24.76,47
2427,三商電,資訊服務業,1.53,6543479000.0,4276783660.1307187,0.93,6513343574.923879,1.52,18.26,10.59,12.35,22.94,18.77,34.87,27.76,24.85,1.12,0.76,1.4,0.94,2,12.54,20
2428,興勤,電子工業,11.76,8064952000.0,685795238.0952381,8.02,9396328489.335312,13.7,14.85,22.22,9.01,31.23,123.44,427.85,203.48,289.0,0.7,0.43,1.48,0.0,0,52.04,98
2430,燦坤,電子工業,0.7,17810966000.0,25444237142.857143,0.4,17254041413.950626,0.68,22.57,32.75,8.71,41.46,5.92,28.19,15.34,18.0,0.85,0.33,1.57,0.0,0,3.69,47
2431,聯昌,電子工業,-2.1,377964000.0,0.0,0.0,221192888.4600048,0.0,0.0,0.0,0.0,0.0,0.0,0.0,0.0,10.9,0.0,0.0,0.0,40.07,112,35.51,69
2371,大同,電機機械,-5.2,49840830000.0,0.0,0.0,52497651218.47045,0.0,19.65,76.26,4.39,80.65,0.0,0.0,0.0,27.1,0.0,0.0,0.0,0.0,0,16.4,34
2369,菱生,電子工業,-1.05,5403429000.0,0.0,0.0,7414829431.051932,0.0,8.7,0.0,8.7,8.7,0.0,0.0,0.0,39.85,0.0,0.0,0.0,1.75,1,92.81,184
2302,麗正,電子工業,0.49,835569000.0,1705242857.142857,0.34,1012342640.2412184,0.59,34.44,50.26,19.87,70.13,11.72,41.38,20.32,44.7,0.45,0.26,0.93,12.23,141,32.57,97
2303,聯電,半導體業,3.33,237238293000.0,71242730630.63063,2.09,260805715113.38126,3.66,15.79,35.21,9.64,44.85,35.28,164.15,57.79,160.0,0.36,0.22,1.03,5.66,34,34.64,184
2305,全友,電子工業,0.2,733136000.0,3665680000.0,0.2,1240580147.8883035,0.34,123.03,165.69,60.56,226.25,20.59,76.93,41.83,34.4,1.22,0.6,2.24,2.8,1,53.62,183
2308,台達電,電子工業,23.14,539937575000.0,23333516637.856525,16.98,759601628190.3762,32.55,43.83,72.87,20.69,93.56,673.46,3045.38,1426.54,1905.0,0.75,0.35,1.6,5.33,167,125.0,184
2312,金寶,其他電子業,1.05,162727375000.0,154978452380.95236,0.57,156098761465.11832,1.01,24.71,58.51,14.82,73.33,14.97,74.06,24.96,33.6,0.74,0.45,2.2,27.13,134,84.15,184
2313,華通,電子工業,5.51,75158821000.0,13640439382.94011,3.43,85065342572.9673,6.24,21.68,43.26,9.39,52.65,58.59,328.54,135.29,235.5,0.57,0.25,1.4,1.06,1,127.93,184
2314,台揚,通信網路業,-4.32,1677413000.0,0.0,0.0,2307558330.6421366,0.0,0.0,0.0,0.0,0.0,0.0,0.0,0.0,13.35,0.0,0.0,0.0,25.43,168,186.52,120
2316,楠梓電,電子工業,13.37,3671873000.0,274635228.1226627,9.24,4770784279.382619,17.37,9.25,11.05,6.18,17.23,107.35,299.29,160.66,177.0,0.91,0.61,1.69,1.63,83,98.36,138
2317,鴻海,其他電子業,13.6,7891774675000.0,580277549632.3529,9.49,10612175791646.123,18.29,16.06,11.71,10.24,21.95,187.29,401.47,293.71,242.5,1.21,0.77,1.66,3.29,118,61.23,106
2321,東訊,通信網路業,-0.76,742234000.0,0.0,0.0,728276776.3314493,0.0,84.29,0.0,84.29,84.29,0.0,0.0,0.0,15.55,0.0,0.0,0.0,8.13,113,41.55,54
2323,中環,光電業,1.58,7170946000.0,4538573417.7215185,1.0,8152913235.232101,1.8,10.85,43.23,4.3,47.53,7.74,85.55,19.53,10.95,1.78,0.71,7.81,5.0,35,45.73,175
2324,仁寶,電子工業,1.38,755605341000.0,547540102173.9131,0.92,861153431496.121,1.57,17.7,27.42,7.96,35.38,12.5,55.55,27.8,35.95,0.77,0.35,1.55,12.03,146,25.95,71
2327,國巨*,電子工業,26.9,130098665000.0,4836381598.513011,19.64,168348046873.95792,34.81,21.7,84.05,5.71,89.76,198.77,3124.55,755.52,776.0,0.97,0.26,4.03,0.0,0,9.56,20
2328,廣宇,電子工業,1.56,22112137000.0,14174446794.871794,0.81,18617225017.63945,1.31,25.29,48.69,14.27,62.96,18.69,82.48,33.14,49.35,0.67,0.38,1.67,10.74,162,54.61,41
2301,光寶科,電腦及週邊設備業,6.65,164568691000.0,24747171578.94737,4.49,202492844025.18127,8.18,22.68,24.6,12.16,36.76,99.47,300.7,185.53,218.0,0.85,0.46,1.38,0.0,0,66.67,105
2208,台船,航運業,-1.76,21069459000.0,0.0,0.0,16042523847.935928,0.0,0.0,0.0,0.0,0.0,0.0,0.0,0.0,20.75,0.0,0.0,0.0,10.12,42,76.58,58
2211,長榮鋼,鋼鐵工業,8.59,15356743000.0,1787746565.774156,4.94,15550722063.286291,8.7,14.04,9.13,11.17,20.3,97.18,176.61,122.15,95.2,1.28,1.02,1.86,0.0,0,47.56,132
2221,大甲,其他,2.31,1380803000.0,597750216.4502164,1.55,1571040086.6466122,2.63,14.33,14.49,10.36,24.85,27.25,65.36,37.68,58.4,0.65,0.47,1.12,0.0,0,14.0,181
2227,裕日車,汽車工業,1.29,15328057000.0,11882214728.68217,0.64,12509108822.018959,1.05,29.47,45.09,9.32,54.41,9.79,57.13,30.94,50.3,0.62,0.19,1.14,1.89,13,5.78,14
2228,劍麟,汽車工業,5.24,4949851000.0,944628053.4351145,3.0,4828028306.169645,5.11,13.65,13.32,7.52,20.84,38.43,106.49,69.73,80.7,0.86,0.48,1.32,14.81,92,46.3,44
2231,為升,汽車工業,-1.64,3664324000.0,0.0,0.0,3281481868.3099256,0.0,48.26,53.18,21.16,74.34,0.0,0.0,0.0,118.0,0.0,0.0,0.0,0.0,0,111.93,56
2233,宇隆,汽車工業,6.69,3297200000.0,492855007.47384155,3.96,3227698092.2085814,6.55,24.25,49.91,10.94,60.85,71.66,398.57,158.81,229.5,0.69,0.31,1.74,106.2,168,46.58,42
2235,謚源,電機機械,0.95,561922000.0,591496842.1052632,0.56,572911590.5008149,0.97,25.28,30.9,15.24,46.14,14.78,44.76,24.52,27.8,0.88,0.53,1.61,4.32,50,1.32,7
2236,百達-KY,汽車工業,-6.81,9249897000.0,0.0,0.0,11407135944.60861,0.0,193.18,909.93,10.07,920.0,0.0,0.0,0.0,161.0,0.0,0.0,0.0,38.37,147,23.71,170
2239,英利-KY,汽車工業,-7.87,19126801000.0,0.0,0.0,17382039862.742462,0.0,29.35,26.05,15.01,41.06,0.0,0.0,0.0,20.15,0.0,0.0,0.0,0.0,0,32.19,149
2243,宏旭-KY,汽車工業,1.22,1861642000.0,1525936065.5737705,0.86,2030273029.7602317,1.33,31.39,58.07,8.39,66.46,11.16,88.39,41.74,53.0,0.79,0.21,1.67,10.0,3,39.29,48
2247,汎德永業,汽車工業,18.32,51898301000.0,2832876692.139738,8.65,39472449468.6043,13.93,13.08,4.09,11.28,15.37,157.13,214.1,182.26,225.5,0.81,0.7,0.95,0.67,149,7.08,7
2248,華勝-KY,汽車工業,5.34,1815934000.0,340062546.8164794,4.65,3186665515.676986,9.37,9.31,5.02,6.5,11.52,60.9,107.94,87.26,65.4,1.33,0.93,1.65,71.07,108,8.21,111
2250,IKKA-KY,汽車工業,3.99,3375733000.0,846048370.9273182,2.2,3118836389.2443395,3.69,17.9,10.56,13.73,24.29,50.66,89.63,66.04,64.3,1.03,0.79,1.39,45.27,164,22.86,34
2329,華泰,半導體業,2.45,19362141000.0,7902914693.87755,1.53,21733081271.18854,2.75,25.05,34.0,8.88,42.88,24.42,117.92,68.9,48.95,1.41,0.5,2.41,0.0,0,63.54,184
2354,鴻準,其他電子業,2.31,157468970000.0,68168385281.38528,1.02,126663990082.0464,1.86,26.4,19.07,17.52,36.59,32.59,68.06,49.11,56.4,0.87,0.58,1.21,40.0,115,19.97,26
2355,敬鵬,電子工業,1.6,15658335000.0,9786459375.0,0.98,16445205853.419905,1.68,18.82,30.76,8.88,39.64,14.92,66.6,31.61,46.6,0.68,0.32,1.43,0.91,1,28.39,43
2356,英業達,電子工業,2.41,699082867000.0,290075878423.2365,1.84,898519881591.2379,3.1,21.43,19.14,13.33,32.47,41.32,100.66,66.42,60.7,1.09,0.68,1.66,0.53,1,11.88,105
2357,華碩,電子工業,59.99,716607808000.0,11945454375.729288,44.86,1002243878013.7217,83.9,12.8,11.32,5.32,16.64,446.35,1396.1,1074.03,715.0,1.5,0.62,1.95,29.08,175,12.44,103
2359,所羅門,其他電子業,1.22,4193366000.0,3437185245.9016395,0.78,4430029054.53442,1.29,129.44,194.93,17.93,212.86,23.13,274.59,166.97,147.0,1.14,0.16,1.87,5.0,162,25.19,41
2360,致茂,其他電子業,27.68,26953569000.0,973756105.4913294,29.82,50136499468.76463,51.49,39.6,70.35,18.06,88.41,929.91,4552.23,2038.91,1990.0,1.02,0.47,2.29,33.33,113,129.47,182
2362,藍天,電子工業,2.05,20876604000.0,10183709268.292685,1.28,23067136522.138275,2.27,22.27,35.18,9.46,44.64,21.47,101.33,50.55,42.4,1.19,0.51,2.39,21.09,83,5.97,21
2363,矽統,半導體業,1.53,2664144000.0,1741270588.235294,1.42,5455574784.152073,3.13,47.25,79.3,20.83,100.13,65.2,313.41,147.89,63.0,2.35,1.03,4.97,45.75,97,20.61,65
2364,倫飛,電子工業,4.6,1527938000.0,332160434.78260875,2.85,1653918561.754316,4.98,20.02,19.29,14.17,33.46,70.57,166.63,99.68,70.8,1.41,1.0,2.35,46.16,38,23.43,26
2365,昆盈,電子工業,0.33,939434000.0,2846769696.969697,0.21,1009277814.614251,0.35,98.8,218.44,42.81,261.25,14.98,91.44,34.58,31.7,1.09,0.47,2.88,13.01,2,48.82,42
2367,燿華,電子工業,0.68,16474586000.0,24227332352.941174,0.38,15072306581.548769,0.62,30.32,104.49,8.84,113.33,5.48,70.26,18.8,48.4,0.39,0.11,1.45,4.47,44,43.52,183
2368,金像電,電子工業,19.43,58066839000.0,2988514616.572311,16.36,96399719571.27805,32.26,32.27,65.5,12.35,77.85,398.41,2511.44,1041.15,1005.0,1.04,0.4,2.5,9.4,164,119.53,163
2353,宏碁,電腦及週邊設備業,1.26,271654739000.0,215598999206.3492,0.86,331973193913.3879,1.54,21.36,24.83,8.05,32.88,12.4,50.64,32.89,30.75,1.07,0.4,1.65,0.0,0,8.44,51
2352,佳世達,電腦及週邊設備業,0.63,208040050000.0,330222301587.3016,0.37,210125920977.6613,0.64,29.95,48.96,8.14,57.1,5.21,36.54,19.17,31.35,0.61,0.17,1.17,0.38,2,30.87,83
2330,台積電,半導體業,66.26,3752213811000.0,56628641880.47087,48.38,5011261031216.269,88.49,25.96,17.52,17.35,34.87,1535.3,3085.65,2297.15,2470.0,0.93,0.62,1.25,7.11,175,53.98,184
2331,精英,電子工業,1.4,19946465000.0,14247475000.0,0.89,23653344594.974403,1.66,26.68,37.82,13.38,51.2,22.21,84.99,44.29,20.4,2.17,1.09,4.17,0.0,0,57.34,183
2332,友訊,通信網路業,-0.91,13320681000.0,0.0,0.0,14519366908.01606,0.0,401.73,1014.21,25.79,1040.0,0.0,0.0,0.0,22.5,0.0,0.0,0.0,40.62,162,5.22,44
2337,旺宏,半導體業,-1.78,28063863000.0,0.0,0.0,61301609535.57391,0.0,5.21,0.0,5.21,5.21,0.0,0.0,0.0,136.5,0.0,0.0,0.0,7.99,16,230.86,184
2338,光罩,半導體業,-4.99,6212835000.0,0.0,0.0,5666683016.112928,0.0,26.48,17.7,15.44,33.14,0.0,0.0,0.0,48.0,0.0,0.0,0.0,0.0,0,34.01,42
2206,三陽工業,汽車工業,5.78,62818867000.0,10868316089.965397,3.26,59630704756.24822,5.49,10.71,3.51,8.79,12.3,48.26,67.53,58.8,64.2,0.92,0.75,1.05,0.0,0,5.87,55
2342,茂矽,半導體業,-0.48,2073952000.0,0.0,0.0,1898740206.8417728,0.0,365.26,1278.42,19.91,1298.33,0.0,0.0,0.0,47.0,0.0,0.0,0.0,8.13,143,79.81,98
2344,華邦電,半導體業,0.88,86008121000.0,97736501136.36363,1.1,195796809188.24182,2.0,99.76,155.41,6.9,162.31,13.8,324.62,199.52,172.0,1.16,0.08,1.89,0.0,0,514.73,176
2345,智邦,通信網路業,47.13,237761128000.0,5044793719.499257,38.0,383373523611.84863,75.99,34.19,34.06,20.26,54.32,1539.56,4127.78,2598.41,2320.0,1.12,0.66,1.78,42.83,164,64.5,176
2347,聯強,電子工業,5.09,404171231000.0,79404956974.45973,4.72,671760878168.8882,8.46,13.73,9.59,7.1,16.69,60.07,141.2,116.13,87.3,1.33,0.69,1.62,3.52,127,1.77,7
2348,海悅,其他,6.85,7027149000.0,1025861167.8832117,3.84,7472787698.394498,7.28,13.4,13.36,7.84,21.2,57.08,154.34,97.53,79.9,1.22,0.71,1.93,19.39,13,17.68,63
2348A,海悅甲特,其他,0.0,0.0,0.0,0.0,0.0,0.0,0.0,0.0,0.0,0.0,0.0,0.0,0.0,37.7,0.0,0.0,0.0,7.4,174,4.1,84
2349,錸德,光電業,-0.36,7529703000.0,0.0,0.0,7115953763.816472,0.0,187.78,121.43,122.57,244.0,0.0,0.0,0.0,11.9,0.0,0.0,0.0,12.12,36,51.63,182
2351,順德,半導體業,1.67,10255043000.0,6140744311.377246,1.18,12272788586.380468,2.0,42.19,98.13,16.63,114.76,33.26,229.52,84.39,191.5,0.44,0.17,1.2,22.88,66,27.08,104
1454,台富,紡織纖維,-1.12,1557640000.0,0.0,0.0,1244041741.8400607,0.0,87.93,122.62,50.88,173.5,0.0,0.0,0.0,13.0,0.0,0.0,0.0,11.83,43,1.01,1
1452,宏益,紡織纖維,-0.41,1412669000.0,0.0,0.0,1361144471.156403,0.0,23.65,25.75,10.99,36.74,0.0,0.0,0.0,11.85,0.0,0.0,0.0,1.48,41,23.91,47
00783,富邦中証500,ETF,0.0,0.0,0.0,0.0,0.0,0.0,0.0,0.0,0.0,0.0,0.0,0.0,0.0,29.16,0.0,0.0,0.0,48.32,83,49.76,184
00830,國泰費城半導體,ETF,0.0,0.0,0.0,0.0,0.0,0.0,0.0,0.0,0.0,0.0,0.0,0.0,0.0,89.05,0.0,0.0,0.0,0.0,0,49.13,184
00775B,台新投等債15+,ETF,0.0,0.0,0.0,0.0,0.0,0.0,0.0,0.0,0.0,0.0,0.0,0.0,0.0,32.3,0.0,0.0,0.0,3.82,64,12.65,99
00771,元大US高息特別股,ETF,0.0,0.0,0.0,0.0,0.0,0.0,0.0,0.0,0.0,0.0,0.0,0.0,0.0,15.9,0.0,0.0,0.0,3.99,93,7.87,184
00736,國泰新興市場,ETF,0.0,0.0,0.0,0.0,0.0,0.0,0.0,0.0,0.0,0.0,0.0,0.0,0.0,31.59,0.0,0.0,0.0,8.12,83,23.2,184
00737,國泰AI機器人,ETF,0.0,0.0,0.0,0.0,0.0,0.0,0.0,0.0,0.0,0.0,0.0,0.0,0.0,38.74,0.0,0.0,0.0,7.9,146,22.6,181
00738U,期元大道瓊白銀,ETF,0.0,0.0,0.0,0.0,0.0,0.0,0.0,0.0,0.0,0.0,0.0,0.0,0.0,45.92,0.0,0.0,0.0,10.74,99,134.4,184
00739,元大MSCI A股,ETF,0.0,0.0,0.0,0.0,0.0,0.0,0.0,0.0,0.0,0.0,0.0,0.0,0.0,28.79,0.0,0.0,0.0,30.95,83,29.18,180
00752,中信中國50,ETF,0.0,0.0,0.0,0.0,0.0,0.0,0.0,0.0,0.0,0.0,0.0,0.0,0.0,23.65,0.0,0.0,0.0,34.28,83,23.13,78
00753L,中信中國50正2,ETF,0.0,0.0,0.0,0.0,0.0,0.0,0.0,0.0,0.0,0.0,0.0,0.0,0.0,9.71,0.0,0.0,0.0,80.1,83,42.55,78
00757,統一FANG+,ETF,0.0,0.0,0.0,0.0,0.0,0.0,0.0,0.0,0.0,0.0,0.0,0.0,0.0,135.35,0.0,0.0,0.0,16.17,154,20.7,107
00762,元大全球AI,ETF,0.0,0.0,0.0,0.0,0.0,0.0,0.0,0.0,0.0,0.0,0.0,0.0,0.0,113.0,0.0,0.0,0.0,10.01,146,28.6,106
00763U,期街口道瓊銅,ETF,0.0,0.0,0.0,0.0,0.0,0.0,0.0,0.0,0.0,0.0,0.0,0.0,0.0,34.1,0.0,0.0,0.0,0.61,76,9.48,182
00770,國泰北美科技,ETF,0.0,0.0,0.0,0.0,0.0,0.0,0.0,0.0,0.0,0.0,0.0,0.0,0.0,68.25,0.0,0.0,0.0,8.01,154,27.42,182
00735,國泰臺韓科技,ETF,0.0,0.0,0.0,0.0,0.0,0.0,0.0,0.0,0.0,0.0,0.0,0.0,0.0,101.3,0.0,0.0,0.0,0.0,0,69.94,184
00892,富邦台灣半導體,ETF,0.0,0.0,0.0,0.0,0.0,0.0,0.0,0.0,0.0,0.0,0.0,0.0,0.0,40.42,0.0,0.0,0.0,0.0,0,36.21,184
00893,國泰智能電動車,ETF,0.0,0.0,0.0,0.0,0.0,0.0,0.0,0.0,0.0,0.0,0.0,0.0,0.0,45.91,0.0,0.0,0.0,9.64,163,39.23,184
00894,中信小資高價30,ETF,0.0,0.0,0.0,0.0,0.0,0.0,0.0,0.0,0.0,0.0,0.0,0.0,0.0,46.73,0.0,0.0,0.0,0.0,0,43.2,184
00895,富邦未來車,ETF,0.0,0.0,0.0,0.0,0.0,0.0,0.0,0.0,0.0,0.0,0.0,0.0,0.0,51.35,0.0,0.0,0.0,8.23,163,31.7,184
00896,中信綠能及電動車,ETF,0.0,0.0,0.0,0.0,0.0,0.0,0.0,0.0,0.0,0.0,0.0,0.0,0.0,27.41,0.0,0.0,0.0,0.0,0,28.83,184
00897,富邦基因免疫生技,ETF,0.0,0.0,0.0,0.0,0.0,0.0,0.0,0.0,0.0,0.0,0.0,0.0,0.0,11.24,0.0,0.0,0.0,4.46,13,46.25,183
00898,國泰基因免疫革命,ETF,0.0,0.0,0.0,0.0,0.0,0.0,0.0,0.0,0.0,0.0,0.0,0.0,0.0,9.46,0.0,0.0,0.0,5.35,13,35.7,183
00899,FT潔淨能源,ETF,0.0,0.0,0.0,0.0,0.0,0.0,0.0,0.0,0.0,0.0,0.0,0.0,0.0,25.16,0.0,0.0,0.0,0.53,1,48.12,182
00900,富邦特選高股息30,ETF,0.0,0.0,0.0,0.0,0.0,0.0,0.0,0.0,0.0,0.0,0.0,0.0,0.0,18.88,0.0,0.0,0.0,0.0,0,10.98,183
00901,永豐智能車供應鏈,ETF,0.0,0.0,0.0,0.0,0.0,0.0,0.0,0.0,0.0,0.0,0.0,0.0,0.0,45.3,0.0,0.0,0.0,0.0,0,33.56,107
00902,中信電池及儲能,ETF,0.0,0.0,0.0,0.0,0.0,0.0,0.0,0.0,0.0,0.0,0.0,0.0,0.0,12.79,0.0,0.0,0.0,17.69,83,73.18,120
00903,富邦元宇宙,ETF,0.0,0.0,0.0,0.0,0.0,0.0,0.0,0.0,0.0,0.0,0.0,0.0,0.0,21.45,0.0,0.0,0.0,9.64,175,24.51,106
00904,台新臺灣半導體30,ETF,0.0,0.0,0.0,0.0,0.0,0.0,0.0,0.0,0.0,0.0,0.0,0.0,0.0,41.0,0.0,0.0,0.0,0.0,0,41.79,182
00905,FT臺灣Smart,ETF,0.0,0.0,0.0,0.0,0.0,0.0,0.0,0.0,0.0,0.0,0.0,0.0,0.0,26.36,0.0,0.0,0.0,0.42,97,34.0,184
00907,永豐優息存股,ETF,0.0,0.0,0.0,0.0,0.0,0.0,0.0,0.0,0.0,0.0,0.0,0.0,0.0,16.49,0.0,0.0,0.0,0.42,2,4.93,98
00908,富邦入息REITs+,ETF,0.0,0.0,0.0,0.0,0.0,0.0,0.0,0.0,0.0,0.0,0.0,0.0,0.0,15.41,0.0,0.0,0.0,8.49,77,15.4,184
00909,國泰數位支付服務,ETF,0.0,0.0,0.0,0.0,0.0,0.0,0.0,0.0,0.0,0.0,0.0,0.0,0.0,45.88,0.0,0.0,0.0,27.52,142,50.47,92
00910,第一金太空衛星,ETF,0.0,0.0,0.0,0.0,0.0,0.0,0.0,0.0,0.0,0.0,0.0,0.0,0.0,57.0,0.0,0.0,0.0,50.25,174,66.46,184
00911,兆豐洲際半導體,ETF,0.0,0.0,0.0,0.0,0.0,0.0,0.0,0.0,0.0,0.0,0.0,0.0,0.0,57.1,0.0,0.0,0.0,0.0,0,47.5,184
00912,中信臺灣智慧50,ETF,0.0,0.0,0.0,0.0,0.0,0.0,0.0,0.0,0.0,0.0,0.0,0.0,0.0,33.1,0.0,0.0,0.0,0.44,92,23.89,184
00913,兆豐台灣晶圓製造,ETF,0.0,0.0,0.0,0.0,0.0,0.0,0.0,0.0,0.0,0.0,0.0,0.0,0.0,52.35,0.0,0.0,0.0,0.0,0,40.54,184
00915,凱基優選高股息30,ETF,0.0,0.0,0.0,0.0,0.0,0.0,0.0,0.0,0.0,0.0,0.0,0.0,0.0,31.76,0.0,0.0,0.0,0.29,2,3.7,184
00916,國泰全球品牌50,ETF,0.0,0.0,0.0,0.0,0.0,0.0,0.0,0.0,0.0,0.0,0.0,0.0,0.0,26.77,0.0,0.0,0.0,12.37,162,19.07,181
00917,中信特選金融,ETF,0.0,0.0,0.0,0.0,0.0,0.0,0.0,0.0,0.0,0.0,0.0,0.0,0.0,24.0,0.0,0.0,0.0,18.35,139,46.68,184
00918,大華優利高填息30,ETF,0.0,0.0,0.0,0.0,0.0,0.0,0.0,0.0,0.0,0.0,0.0,0.0,0.0,31.77,0.0,0.0,0.0,0.0,0,6.24,184
00891,中信關鍵半導體,ETF,0.0,0.0,0.0,0.0,0.0,0.0,0.0,0.0,0.0,0.0,0.0,0.0,0.0,36.01,0.0,0.0,0.0,0.0,0,26.21,184
00850,元大臺灣ESG永續,ETF,0.0,0.0,0.0,0.0,0.0,0.0,0.0,0.0,0.0,0.0,0.0,0.0,0.0,89.8,0.0,0.0,0.0,0.0,0,30.81,184
00851,台新全球AI,ETF,0.0,0.0,0.0,0.0,0.0,0.0,0.0,0.0,0.0,0.0,0.0,0.0,0.0,72.15,0.0,0.0,0.0,7.47,154,20.26,176
00852L,國泰美國道瓊正2,ETF,0.0,0.0,0.0,0.0,0.0,0.0,0.0,0.0,0.0,0.0,0.0,0.0,0.0,35.36,0.0,0.0,0.0,19.8,142,29.05,181
00861,元大全球未來通訊,ETF,0.0,0.0,0.0,0.0,0.0,0.0,0.0,0.0,0.0,0.0,0.0,0.0,0.0,88.7,0.0,0.0,0.0,0.0,0,39.28,184
00865B,國泰US短期公債,ETF,0.0,0.0,0.0,0.0,0.0,0.0,0.0,0.0,0.0,0.0,0.0,0.0,0.0,49.06,0.0,0.0,0.0,3.7,181,9.97,177
00875,國泰網路資安,ETF,0.0,0.0,0.0,0.0,0.0,0.0,0.0,0.0,0.0,0.0,0.0,0.0,0.0,53.45,0.0,0.0,0.0,18.97,154,11.72,103
00876,元大全球5G,ETF,0.0,0.0,0.0,0.0,0.0,0.0,0.0,0.0,0.0,0.0,0.0,0.0,0.0,93.8,0.0,0.0,0.0,0.0,0,53.91,184
00878,國泰永續高股息,ETF,0.0,0.0,0.0,0.0,0.0,0.0,0.0,0.0,0.0,0.0,0.0,0.0,0.0,32.95,0.0,0.0,0.0,0.0,0,6.84,184
00881,國泰台灣科技龍頭,ETF,0.0,0.0,0.0,0.0,0.0,0.0,0.0,0.0,0.0,0.0,0.0,0.0,0.0,53.05,0.0,0.0,0.0,0.0,0,43.02,184
00882,中信中國高股息,ETF,0.0,0.0,0.0,0.0,0.0,0.0,0.0,0.0,0.0,0.0,0.0,0.0,0.0,14.84,0.0,0.0,0.0,32.89,83,20.9,120
00885,富邦越南,ETF,0.0,0.0,0.0,0.0,0.0,0.0,0.0,0.0,0.0,0.0,0.0,0.0,0.0,18.03,0.0,0.0,0.0,2.74,77,42.15,181
00733,富邦臺灣中小,ETF,0.0,0.0,0.0,0.0,0.0,0.0,0.0,0.0,0.0,0.0,0.0,0.0,0.0,69.95,0.0,0.0,0.0,0.0,0,30.14,184
00731,復華富時高息低波,ETF,0.0,0.0,0.0,0.0,0.0,0.0,0.0,0.0,0.0,0.0,0.0,0.0,0.0,88.6,0.0,0.0,0.0,0.13,1,5.17,184
00636,國泰中國A50,ETF,0.0,0.0,0.0,0.0,0.0,0.0,0.0,0.0,0.0,0.0,0.0,0.0,0.0,28.67,0.0,0.0,0.0,34.74,83,26.97,174
00636K,國泰中國A50+U,ETF,0.0,0.0,0.0,0.0,0.0,0.0,0.0,0.0,0.0,0.0,0.0,0.0,0.0,8.97,0.0,0.0,0.0,25.39,84,18.61,175
00637L,元大滬深300正2,ETF,0.0,0.0,0.0,0.0,0.0,0.0,0.0,0.0,0.0,0.0,0.0,0.0,0.0,20.9,0.0,0.0,0.0,64.99,83,38.4,174
00638R,元大滬深300反1,ETF,0.0,0.0,0.0,0.0,0.0,0.0,0.0,0.0,0.0,0.0,0.0,0.0,0.0,6.62,0.0,0.0,0.0,7.02,64,0.53,16
00639,富邦深100,ETF,0.0,0.0,0.0,0.0,0.0,0.0,0.0,0.0,0.0,0.0,0.0,0.0,0.0,17.71,0.0,0.0,0.0,67.32,83,42.37,180
00640L,富邦日本正2,ETF,0.0,0.0,0.0,0.0,0.0,0.0,0.0,0.0,0.0,0.0,0.0,0.0,0.0,106.25,0.0,0.0,0.0,0.31,1,68.14,184
00641R,富邦日本反1,ETF,0.0,0.0,0.0,0.0,0.0,0.0,0.0,0.0,0.0,0.0,0.0,0.0,0.0,3.76,0.0,0.0,0.0,28.45,20,0.36,6
00642U,期元大S&P石油,ETF,0.0,0.0,0.0,0.0,0.0,0.0,0.0,0.0,0.0,0.0,0.0,0.0,0.0,25.86,0.0,0.0,0.0,3.05,184,6.69,15
00643,群益深証中小,ETF,0.0,0.0,0.0,0.0,0.0,0.0,0.0,0.0,0.0,0.0,0.0,0.0,0.0,19.95,0.0,0.0,0.0,42.75,83,47.0,184
00643K,群益深証中小+R,ETF,0.0,0.0,0.0,0.0,0.0,0.0,0.0,0.0,0.0,0.0,0.0,0.0,0.0,4.15,0.0,0.0,0.0,0.0,0,0.0,0
00645,富邦日本,ETF,0.0,0.0,0.0,0.0,0.0,0.0,0.0,0.0,0.0,0.0,0.0,0.0,0.0,57.05,0.0,0.0,0.0,0.17,1,31.5,183
00646,元大S&P500,ETF,0.0,0.0,0.0,0.0,0.0,0.0,0.0,0.0,0.0,0.0,0.0,0.0,0.0,76.85,0.0,0.0,0.0,7.65,163,20.92,181
00647L,元大S&P500正2,ETF,0.0,0.0,0.0,0.0,0.0,0.0,0.0,0.0,0.0,0.0,0.0,0.0,0.0,137.6,0.0,0.0,0.0,10.78,146,25.79,181
00648R,元大S&P500反1,ETF,0.0,0.0,0.0,0.0,0.0,0.0,0.0,0.0,0.0,0.0,0.0,0.0,0.0,3.98,0.0,0.0,0.0,8.55,23,0.0,0
00650L,復華香港正2,ETF,0.0,0.0,0.0,0.0,0.0,0.0,0.0,0.0,0.0,0.0,0.0,0.0,0.0,16.97,0.0,0.0,0.0,63.67,83,27.35,78
00651R,復華香港反1,ETF,0.0,0.0,0.0,0.0,0.0,0.0,0.0,0.0,0.0,0.0,0.0,0.0,0.0,5.27,0.0,0.0,0.0,6.36,21,0.18,16
00652,富邦印度,ETF,0.0,0.0,0.0,0.0,0.0,0.0,0.0,0.0,0.0,0.0,0.0,0.0,0.0,33.22,0.0,0.0,0.0,2.58,72,5.13,134
00653L,富邦印度正2,ETF,0.0,0.0,0.0,0.0,0.0,0.0,0.0,0.0,0.0,0.0,0.0,0.0,0.0,46.9,0.0,0.0,0.0,8.56,73,6.48,134
00654R,富邦印度反1,ETF,0.0,0.0,0.0,0.0,0.0,0.0,0.0,0.0,0.0,0.0,0.0,0.0,0.0,6.76,0.0,0.0,0.0,9.58,182,4.32,22
00655L,國泰中國A50正2,ETF,0.0,0.0,0.0,0.0,0.0,0.0,0.0,0.0,0.0,0.0,0.0,0.0,0.0,35.11,0.0,0.0,0.0,64.37,83,34.18,174
00656R,國泰中國A50反1,ETF,0.0,0.0,0.0,0.0,0.0,0.0,0.0,0.0,0.0,0.0,0.0,0.0,0.0,5.86,0.0,0.0,0.0,7.37,64,0.6,16
00657,國泰日經225,ETF,0.0,0.0,0.0,0.0,0.0,0.0,0.0,0.0,0.0,0.0,0.0,0.0,0.0,78.4,0.0,0.0,0.0,0.0,0,37.45,182
00657K,國泰日經225+U,ETF,0.0,0.0,0.0,0.0,0.0,0.0,0.0,0.0,0.0,0.0,0.0,0.0,0.0,24.51,0.0,0.0,0.0,0.0,0,27.2,182
00660,元大歐洲50,ETF,0.0,0.0,0.0,0.0,0.0,0.0,0.0,0.0,0.0,0.0,0.0,0.0,0.0,46.1,0.0,0.0,0.0,2.16,76,12.52,184
00661,元大日經225,ETF,0.0,0.0,0.0,0.0,0.0,0.0,0.0,0.0,0.0,0.0,0.0,0.0,0.0,86.75,0.0,0.0,0.0,0.0,0,37.91,182
00635U,期元大S&P黃金,ETF,0.0,0.0,0.0,0.0,0.0,0.0,0.0,0.0,0.0,0.0,0.0,0.0,0.0,41.97,0.0,0.0,0.0,12.4,106,36.04,182
00662,富邦NASDAQ,ETF,0.0,0.0,0.0,0.0,0.0,0.0,0.0,0.0,0.0,0.0,0.0,0.0,0.0,122.25,0.0,0.0,0.0,7.62,154,21.26,181
00634R,富邦上証反1,ETF,0.0,0.0,0.0,0.0,0.0,0.0,0.0,0.0,0.0,0.0,0.0,0.0,0.0,3.1,0.0,0.0,0.0,7.38,62,0.0,0
00632R,元大台灣50反1,ETF,0.0,0.0,0.0,0.0,0.0,0.0,0.0,0.0,0.0,0.0,0.0,0.0,0.0,10.14,0.0,0.0,0.0,619.08,183,0.0,0
00401A,主動摩根台灣鑫收,ETF,0.0,0.0,0.0,0.0,0.0,0.0,0.0,0.0,0.0,0.0,0.0,0.0,0.0,13.32,0.0,0.0,0.0,34.02,73,34.02,73
00402A,主動安聯美國科技,ETF,0.0,0.0,0.0,0.0,0.0,0.0,0.0,0.0,0.0,0.0,0.0,0.0,0.0,9.87,0.0,0.0,0.0,0.4,22,0.4,22
00403A,主動統一升級50,ETF,0.0,0.0,0.0,0.0,0.0,0.0,0.0,0.0,0.0,0.0,0.0,0.0,0.0,10.28,0.0,0.0,0.0,5.37,41,5.37,41
00404A,主動聯博動能50,ETF,0.0,0.0,0.0,0.0,0.0,0.0,0.0,0.0,0.0,0.0,0.0,0.0,0.0,9.79,0.0,0.0,0.0,5.62,13,5.62,13
00405A,主動富邦台灣龍耀,ETF,0.0,0.0,0.0,0.0,0.0,0.0,0.0,0.0,0.0,0.0,0.0,0.0,0.0,8.44,0.0,0.0,0.0,3.27,13,3.27,13
00406A,主動中信台灣收益,ETF,0.0,0.0,0.0,0.0,0.0,0.0,0.0,0.0,0.0,0.0,0.0,0.0,0.0,9.64,0.0,0.0,0.0,9.96,11,9.96,11
00407A,主動凱基台灣,ETF,0.0,0.0,0.0,0.0,0.0,0.0,0.0,0.0,0.0,0.0,0.0,0.0,0.0,9.22,0.0,0.0,0.0,1.42,9,1.42,9
00408A,主動第一金優股息,ETF,0.0,0.0,0.0,0.0,0.0,0.0,0.0,0.0,0.0,0.0,0.0,0.0,0.0,10.08,0.0,0.0,0.0,0.0,0,0.0,0
0050,元大台灣50,ETF,0.0,0.0,0.0,0.0,0.0,0.0,0.0,0.0,0.0,0.0,0.0,0.0,0.0,106.4,0.0,0.0,0.0,3.84,175,42.86,184
0051,元大中型100,ETF,0.0,0.0,0.0,0.0,0.0,0.0,0.0,0.0,0.0,0.0,0.0,0.0,0.0,142.8,0.0,0.0,0.0,0.0,0,31.81,184
0052,富邦科技,ETF,0.0,0.0,0.0,0.0,0.0,0.0,0.0,0.0,0.0,0.0,0.0,0.0,0.0,62.2,0.0,0.0,0.0,3.8,175,32.69,107
0053,元大電子,ETF,0.0,0.0,0.0,0.0,0.0,0.0,0.0,0.0,0.0,0.0,0.0,0.0,0.0,238.0,0.0,0.0,0.0,0.37,175,46.07,184
0055,元大MSCI金融,ETF,0.0,0.0,0.0,0.0,0.0,0.0,0.0,0.0,0.0,0.0,0.0,0.0,0.0,42.29,0.0,0.0,0.0,2.19,94,8.82,159
0056,元大高股息,ETF,0.0,0.0,0.0,0.0,0.0,0.0,0.0,0.0,0.0,0.0,0.0,0.0,0.0,52.65,0.0,0.0,0.0,0.0,0,7.84,184
0057,富邦摩台,ETF,0.0,0.0,0.0,0.0,0.0,0.0,0.0,0.0,0.0,0.0,0.0,0.0,0.0,315.15,0.0,0.0,0.0,2.93,175,41.22,184
0061,元大寶滬深,ETF,0.0,0.0,0.0,0.0,0.0,0.0,0.0,0.0,0.0,0.0,0.0,0.0,0.0,25.04,0.0,0.0,0.0,54.85,83,32.22,181
006203,元大MSCI台灣,ETF,0.0,0.0,0.0,0.0,0.0,0.0,0.0,0.0,0.0,0.0,0.0,0.0,0.0,193.15,0.0,0.0,0.0,3.57,175,41.4,184
006204,永豐臺灣加權,ETF,0.0,0.0,0.0,0.0,0.0,0.0,0.0,0.0,0.0,0.0,0.0,0.0,0.0,229.05,0.0,0.0,0.0,0.0,0,35.2,184
006205,富邦上証,ETF,0.0,0.0,0.0,0.0,0.0,0.0,0.0,0.0,0.0,0.0,0.0,0.0,0.0,41.0,0.0,0.0,0.0,31.09,83,32.6,181
006206,元大上證50,ETF,0.0,0.0,0.0,0.0,0.0,0.0,0.0,0.0,0.0,0.0,0.0,0.0,0.0,38.12,0.0,0.0,0.0,33.52,83,29.58,180
006207,復華滬深,ETF,0.0,0.0,0.0,0.0,0.0,0.0,0.0,0.0,0.0,0.0,0.0,0.0,0.0,33.43,0.0,0.0,0.0,36.9,83,34.38,180
006208,富邦台50,ETF,0.0,0.0,0.0,0.0,0.0,0.0,0.0,0.0,0.0,0.0,0.0,0.0,0.0,242.5,0.0,0.0,0.0,2.65,175,40.1,184
00625K,富邦上証+R,ETF,0.0,0.0,0.0,0.0,0.0,0.0,0.0,0.0,0.0,0.0,0.0,0.0,0.0,0.0,0.0,0.0,0.0,0.0,0,0.0,0
00631L,元大台灣50正2,ETF,0.0,0.0,0.0,0.0,0.0,0.0,0.0,0.0,0.0,0.0,0.0,0.0,0.0,37.19,0.0,0.0,0.0,0.0,0,85.28,184
00633L,富邦上証正2,ETF,0.0,0.0,0.0,0.0,0.0,0.0,0.0,0.0,0.0,0.0,0.0,0.0,0.0,50.35,0.0,0.0,0.0,64.03,83,34.0,174
00663L,國泰臺灣加權正2,ETF,0.0,0.0,0.0,0.0,0.0,0.0,0.0,0.0,0.0,0.0,0.0,0.0,0.0,106.75,0.0,0.0,0.0,0.0,0,84.36,184
00664R,國泰臺灣加權反1,ETF,0.0,0.0,0.0,0.0,0.0,0.0,0.0,0.0,0.0,0.0,0.0,0.0,0.0,1.64,0.0,0.0,0.0,20.81,20,0.0,0
00665L,富邦恒生國企正2,ETF,0.0,0.0,0.0,0.0,0.0,0.0,0.0,0.0,0.0,0.0,0.0,0.0,0.0,9.38,0.0,0.0,0.0,66.72,83,22.0,78
00700,富邦恒生國企,ETF,0.0,0.0,0.0,0.0,0.0,0.0,0.0,0.0,0.0,0.0,0.0,0.0,0.0,17.36,0.0,0.0,0.0,37.75,83,13.52,78
00701,國泰股利精選30,ETF,0.0,0.0,0.0,0.0,0.0,0.0,0.0,0.0,0.0,0.0,0.0,0.0,0.0,39.14,0.0,0.0,0.0,0.24,2,3.04,29
00702,國泰標普低波高息,ETF,0.0,0.0,0.0,0.0,0.0,0.0,0.0,0.0,0.0,0.0,0.0,0.0,0.0,24.75,0.0,0.0,0.0,13.74,139,11.45,184
00703,台新MSCI中國,ETF,0.0,0.0,0.0,0.0,0.0,0.0,0.0,0.0,0.0,0.0,0.0,0.0,0.0,19.8,0.0,0.0,0.0,42.64,83,22.42,78
00706L,期元大S&P日圓正2,ETF,0.0,0.0,0.0,0.0,0.0,0.0,0.0,0.0,0.0,0.0,0.0,0.0,0.0,18.45,0.0,0.0,0.0,24.37,62,276.53,98
00707R,期元大S&P日圓反1,ETF,0.0,0.0,0.0,0.0,0.0,0.0,0.0,0.0,0.0,0.0,0.0,0.0,0.0,0.0,0.0,0.0,0.0,1.11,176,9.25,182
00708L,期元大S&P黃金正2,ETF,0.0,0.0,0.0,0.0,0.0,0.0,0.0,0.0,0.0,0.0,0.0,0.0,0.0,69.65,0.0,0.0,0.0,25.29,106,80.77,182
00709,富邦歐洲,ETF,0.0,0.0,0.0,0.0,0.0,0.0,0.0,0.0,0.0,0.0,0.0,0.0,0.0,40.39,0.0,0.0,0.0,1.24,49,22.29,181
00710B,復華彭博非投等債,ETF,0.0,0.0,0.0,0.0,0.0,0.0,0.0,0.0,0.0,0.0,0.0,0.0,0.0,19.18,0.0,0.0,0.0,2.29,140,8.18,153
00711B,復華彭博新興債,ETF,0.0,0.0,0.0,0.0,0.0,0.0,0.0,0.0,0.0,0.0,0.0,0.0,0.0,16.03,0.0,0.0,0.0,4.31,64,14.52,132
00712,復華富時不動產,ETF,0.0,0.0,0.0,0.0,0.0,0.0,0.0,0.0,0.0,0.0,0.0,0.0,0.0,9.02,0.0,0.0,0.0,2.17,1,15.41,184
00713,元大台灣高息低波,ETF,0.0,0.0,0.0,0.0,0.0,0.0,0.0,0.0,0.0,0.0,0.0,0.0,0.0,60.9,0.0,0.0,0.0,0.17,2,1.56,56
00714,群益道瓊美國地產,ETF,0.0,0.0,0.0,0.0,0.0,0.0,0.0,0.0,0.0,0.0,0.0,0.0,0.0,22.19,0.0,0.0,0.0,10.14,135,9.61,184
00715L,期街口布蘭特正2,ETF,0.0,0.0,0.0,0.0,0.0,0.0,0.0,0.0,0.0,0.0,0.0,0.0,0.0,43.3,0.0,0.0,0.0,1.59,2,97.61,182
00717,富邦美國特別股,ETF,0.0,0.0,0.0,0.0,0.0,0.0,0.0,0.0,0.0,0.0,0.0,0.0,0.0,14.86,0.0,0.0,0.0,4.35,92,11.02,184
00728,第一金工業30,ETF,0.0,0.0,0.0,0.0,0.0,0.0,0.0,0.0,0.0,0.0,0.0,0.0,0.0,64.4,0.0,0.0,0.0,0.0,0,30.64,184
00730,富邦臺灣優質高息,ETF,0.0,0.0,0.0,0.0,0.0,0.0,0.0,0.0,0.0,0.0,0.0,0.0,0.0,28.27,0.0,0.0,0.0,1.05,92,14.36,47
00666R,富邦恒生國企反1,ETF,0.0,0.0,0.0,0.0,0.0,0.0,0.0,0.0,0.0,0.0,0.0,0.0,0.0,9.17,0.0,0.0,0.0,7.86,20,1.34,153
00668,國泰美國道瓊,ETF,0.0,0.0,0.0,0.0,0.0,0.0,0.0,0.0,0.0,0.0,0.0,0.0,0.0,62.0,0.0,0.0,0.0,11.54,140,21.52,181
00668K,國泰美國道瓊+U,ETF,0.0,0.0,0.0,0.0,0.0,0.0,0.0,0.0,0.0,0.0,0.0,0.0,0.0,19.25,0.0,0.0,0.0,11.83,142,12.63,181
00669R,國泰美國道瓊反1,ETF,0.0,0.0,0.0,0.0,0.0,0.0,0.0,0.0,0.0,0.0,0.0,0.0,0.0,5.27,0.0,0.0,0.0,3.71,23,1.16,19
00670L,富邦NASDAQ正2,ETF,0.0,0.0,0.0,0.0,0.0,0.0,0.0,0.0,0.0,0.0,0.0,0.0,0.0,204.8,0.0,0.0,0.0,9.19,154,26.71,106
00671R,富邦NASDAQ反1,ETF,0.0,0.0,0.0,0.0,0.0,0.0,0.0,0.0,0.0,0.0,0.0,0.0,0.0,2.44,0.0,0.0,0.0,14.29,20,0.32,1
00673R,期元大S&P原油反1,ETF,0.0,0.0,0.0,0.0,0.0,0.0,0.0,0.0,0.0,0.0,0.0,0.0,0.0,13.85,0.0,0.0,0.0,16.64,57,351.46,156
00674R,期元大S&P黃金反1,ETF,0.0,0.0,0.0,0.0,0.0,0.0,0.0,0.0,0.0,0.0,0.0,0.0,0.0,30.54,0.0,0.0,0.0,2.52,10,1.85,15
00675L,富邦臺灣加權正2,ETF,0.0,0.0,0.0,0.0,0.0,0.0,0.0,0.0,0.0,0.0,0.0,0.0,0.0,323.05,0.0,0.0,0.0,0.0,0,84.77,184
00676R,富邦臺灣加權反1,ETF,0.0,0.0,0.0,0.0,0.0,0.0,0.0,0.0,0.0,0.0,0.0,0.0,0.0,5.61,0.0,0.0,0.0,20.49,20,0.0,0
00678,群益那斯達克生技,ETF,0.0,0.0,0.0,0.0,0.0,0.0,0.0,0.0,0.0,0.0,0.0,0.0,0.0,40.62,0.0,0.0,0.0,2.59,13,44.44,176
00919,群益台灣精選高息,ETF,0.0,0.0,0.0,0.0,0.0,0.0,0.0,0.0,0.0,0.0,0.0,0.0,0.0,29.55,0.0,0.0,0.0,0.0,0,8.53,184
00680L,元大美債20正2,ETF,0.0,0.0,0.0,0.0,0.0,0.0,0.0,0.0,0.0,0.0,0.0,0.0,0.0,6.76,0.0,0.0,0.0,15.79,57,17.19,98
00682U,期元大美元指數,ETF,0.0,0.0,0.0,0.0,0.0,0.0,0.0,0.0,0.0,0.0,0.0,0.0,0.0,20.53,0.0,0.0,0.0,5.96,181,2.64,127
00683L,期元大美元指正2,ETF,0.0,0.0,0.0,0.0,0.0,0.0,0.0,0.0,0.0,0.0,0.0,0.0,0.0,21.79,0.0,0.0,0.0,12.19,181,4.98,132
00684R,期元大美元指反1,ETF,0.0,0.0,0.0,0.0,0.0,0.0,0.0,0.0,0.0,0.0,0.0,0.0,0.0,0.0,0.0,0.0,0.0,3.38,71,1.65,63
00685L,群益臺灣加權正2,ETF,0.0,0.0,0.0,0.0,0.0,0.0,0.0,0.0,0.0,0.0,0.0,0.0,0.0,12.17,0.0,0.0,0.0,0.0,0,84.81,184
00686R,群益臺灣加權反1,ETF,0.0,0.0,0.0,0.0,0.0,0.0,0.0,0.0,0.0,0.0,0.0,0.0,0.0,1.01,0.0,0.0,0.0,20.91,20,0.0,0
00687C,國泰20年美債+櫃U,上櫃ETF,0.0,0.0,0.0,0.0,0.0,0.0,0.0,0.0,0.0,0.0,0.0,0.0,0.0,9.25,0.0,0.0,0.0,7.79,53,9.4,98
00688L,國泰20年美債正2,ETF,0.0,0.0,0.0,0.0,0.0,0.0,0.0,0.0,0.0,0.0,0.0,0.0,0.0,6.73,0.0,0.0,0.0,15.75,57,17.41,98
00689R,國泰20年美債反1,ETF,0.0,0.0,0.0,0.0,0.0,0.0,0.0,0.0,0.0,0.0,0.0,0.0,0.0,22.43,0.0,0.0,0.0,10.17,181,1.14,49
00690,兆豐藍籌30,ETF,0.0,0.0,0.0,0.0,0.0,0.0,0.0,0.0,0.0,0.0,0.0,0.0,0.0,77.35,0.0,0.0,0.0,0.0,0,33.67,184
00692,富邦公司治理,ETF,0.0,0.0,0.0,0.0,0.0,0.0,0.0,0.0,0.0,0.0,0.0,0.0,0.0,90.5,0.0,0.0,0.0,0.98,175,37.12,184
00693U,期街口S&P黃豆,ETF,0.0,0.0,0.0,0.0,0.0,0.0,0.0,0.0,0.0,0.0,0.0,0.0,0.0,21.97,0.0,0.0,0.0,3.6,10,13.14,125
00681R,元大美債20反1,ETF,0.0,0.0,0.0,0.0,0.0,0.0,0.0,0.0,0.0,0.0,0.0,0.0,0.0,21.39,0.0,0.0,0.0,10.28,181,0.42,1
00920,富邦ESG綠色電力,ETF,0.0,0.0,0.0,0.0,0.0,0.0,0.0,0.0,0.0,0.0,0.0,0.0,0.0,24.88,0.0,0.0,0.0,2.93,73,47.12,184
00921,兆豐龍頭等權重,ETF,0.0,0.0,0.0,0.0,0.0,0.0,0.0,0.0,0.0,0.0,0.0,0.0,0.0,23.54,0.0,0.0,0.0,0.05,1,8.75,184
00922,國泰台灣領袖50,ETF,0.0,0.0,0.0,0.0,0.0,0.0,0.0,0.0,0.0,0.0,0.0,0.0,0.0,40.4,0.0,0.0,0.0,0.0,0,29.37,184
1203,味王,食品工業,1.81,5788155000.0,3197875690.6077347,0.95,4970349329.491551,1.55,20.5,11.37,14.79,26.16,22.92,40.55,31.77,45.0,0.71,0.51,0.9,7.25,16,1.24,2
1210,大成,食品工業,4.32,102153533000.0,23646651157.407406,2.68,108375712421.86865,4.58,13.07,12.99,10.43,23.42,47.77,107.26,59.84,58.7,1.02,0.81,1.83,0.17,2,1.76,1
1213,大飲,食品工業,-0.86,293246000.0,0.0,0.0,330888183.9351142,0.0,1.35,0.83,1.06,1.89,0.0,0.0,0.0,0.0,0.0,0.0,0.0,63.16,162,0.38,1
1215,卜蜂,食品工業,10.4,28114836000.0,2703349615.3846154,6.34,29782574665.278748,11.02,14.6,4.88,11.91,16.79,131.25,185.03,160.88,112.5,1.43,1.17,1.64,0.49,3,24.4,184
1216,統一,食品工業,3.46,671991806000.0,194217284971.09827,2.07,692673637833.3989,3.57,22.8,8.82,18.76,27.58,66.97,98.46,81.4,79.0,1.03,0.85,1.25,6.24,112,1.75,6
1217,愛之味,食品工業,0.42,5053488000.0,12032114285.714287,0.22,4885536503.295001,0.41,33.91,62.28,17.01,79.29,6.97,32.51,13.9,10.05,1.38,0.69,3.23,1.59,2,2.3,29
1218,泰山,食品工業,1.59,10013154000.0,6297581132.075471,0.93,10367857684.20469,1.65,15.08,61.28,10.39,71.67,17.14,118.26,24.88,16.7,1.49,1.03,7.08,1.17,132,3.44,85
1219,福壽,食品工業,0.45,14343570000.0,31874600000.0,0.26,14345830504.528269,0.45,30.2,34.07,18.89,52.96,8.5,23.83,13.59,12.4,1.1,0.69,1.92,0.0,0,0.0,0
1220,台榮,食品工業,0.08,3429604000.0,42870050000.0,0.04,3364065323.112651,0.08,86.46,594.23,10.77,605.0,0.86,48.4,6.92,11.3,0.61,0.08,4.28,26.21,148,1.87,2
1225,福懋油,食品工業,1.67,12252020000.0,7336538922.155689,1.03,12482496772.641617,1.7,31.28,78.43,15.44,93.87,26.25,159.58,53.18,27.15,1.96,0.97,5.88,41.34,59,8.03,20
1227,佳格,食品工業,1.32,28448173000.0,21551646212.121212,0.78,28980115740.222874,1.34,20.57,9.06,16.73,25.79,22.42,34.56,27.56,30.25,0.91,0.74,1.14,1.24,1,3.82,91
1229,聯華,食品工業,2.6,13281855000.0,5108405769.230769,1.25,10955627634.643915,2.14,19.87,12.32,14.73,27.05,31.52,57.89,42.51,41.45,1.03,0.76,1.4,0.14,2,4.89,89
1231,聯華食,食品工業,3.93,12960746000.0,3297899745.547074,2.33,13261287436.259466,4.02,28.99,23.41,19.25,42.66,77.38,171.49,116.52,91.9,1.27,0.84,1.87,23.93,171,7.69,22
1232,大統益,食品工業,8.25,21469837000.0,2602404484.848485,5.18,23235222258.80297,8.93,18.22,4.45,16.24,20.69,145.02,184.76,162.74,162.0,1.0,0.9,1.14,6.44,97,0.66,7
1233,天仁,食品工業,0.75,2174330000.0,2899106666.6666665,0.46,2246709331.132454,0.77,36.26,38.48,29.58,68.06,22.78,52.41,27.92,28.55,0.98,0.8,1.84,0.15,7,5.55,140
1234,黑松,食品工業,2.0,9578941000.0,4789470500.0,1.06,8997843717.705877,1.88,17.7,5.49,15.59,21.08,29.31,39.63,33.27,33.75,0.99,0.87,1.17,0.58,2,0.25,2
1235,興泰,食品工業,0.16,176147000.0,1100918750.0,0.1,231411705.12643707,0.21,105.83,553.92,14.5,568.42,3.04,119.37,22.22,37.05,0.6,0.08,3.22,60.59,104,2.74,83
1236,宏亞,食品工業,-0.43,1881933000.0,0.0,0.0,1826020066.1868412,0.0,162.09,182.04,8.34,190.38,0.0,0.0,0.0,23.15,0.0,0.0,0.0,1.39,1,27.97,79
1240,茂生農經,農業科技業,5.02,2763166000.0,550431474.1035857,3.06,2884930741.4576783,5.24,12.08,3.74,10.61,14.35,55.6,75.19,63.28,55.5,1.14,1.0,1.35,6.4,42,3.46,42
1256,鮮活果汁-KY,食品工業,11.18,3940213000.0,352434078.7119857,8.67,5951879354.14588,16.89,15.78,8.86,12.03,20.89,203.19,352.83,266.54,189.0,1.41,1.08,1.87,0.0,0,56.9,57
1264,德麥,食品工業,20.47,6763586000.0,330414557.88959455,12.56,7014498381.311439,21.23,14.75,4.33,12.47,16.8,264.74,356.66,313.22,259.0,1.21,1.02,1.38,3.57,45,0.48,5
1201,味全,食品工業,0.4,22021377000.0,55053442500.0,0.22,21206389886.537052,0.39,25.02,17.72,17.16,34.88,6.69,13.6,9.76,12.7,0.77,0.53,1.07,0.81,1,0.31,1
1110,東泥,水泥工業,0.35,2875841000.0,8216688571.428572,0.18,2471539181.41858,0.3,46.9,71.47,27.73,99.2,8.32,29.76,14.07,16.1,0.87,0.52,1.85,10.22,16,0.0,0
1108,幸福,水泥工業,2.17,4581368000.0,2111229493.0875576,1.08,3626037232.2846317,1.72,9.88,10.97,6.26,17.23,10.77,29.64,17.0,12.65,1.34,0.85,2.34,0.3,1,4.71,33
020011,統一微波高息20N,ETN,0.0,0.0,0.0,0.0,0.0,0.0,0.0,0.0,0.0,0.0,0.0,0.0,0.0,0.0,0.0,0.0,0.0,0.0,0,0.0,0
020012,富邦行動通訊N,ETN,0.0,0.0,0.0,0.0,0.0,0.0,0.0,0.0,0.0,0.0,0.0,0.0,0.0,22.69,0.0,0.0,0.0,0.0,0,0.0,0
02001L,富邦蘋果正二N,ETN,0.0,0.0,0.0,0.0,0.0,0.0,0.0,0.0,0.0,0.0,0.0,0.0,0.0,154.15,0.0,0.0,0.0,0.0,0,130.58,184
020020,元大台股領航N,ETN,0.0,0.0,0.0,0.0,0.0,0.0,0.0,0.0,0.0,0.0,0.0,0.0,0.0,26.08,0.0,0.0,0.0,4.28,175,32.67,184
020025,統一亞洲半導體N,指數投資證券(ETN),0.0,0.0,0.0,0.0,0.0,0.0,0.0,0.0,0.0,0.0,0.0,0.0,0.0,38.79,0.0,0.0,0.0,0.0,0,85.41,184
020027,元大上櫃ESG成長N,指數投資證券(ETN),0.0,0.0,0.0,0.0,0.0,0.0,0.0,0.0,0.0,0.0,0.0,0.0,0.0,0.0,0.0,0.0,0.0,1.09,45,43.4,184
020028,元大特選電動車N,ETN,0.0,0.0,0.0,0.0,0.0,0.0,0.0,0.0,0.0,0.0,0.0,0.0,0.0,18.74,0.0,0.0,0.0,0.0,0,50.43,184
020029,元大ESG高股息N,ETN,0.0,0.0,0.0,0.0,0.0,0.0,0.0,0.0,0.0,0.0,0.0,0.0,0.0,0.0,0.0,0.0,0.0,2.62,175,5.75,184
020030,統一智慧電動車N,ETN,0.0,0.0,0.0,0.0,0.0,0.0,0.0,0.0,0.0,0.0,0.0,0.0,0.0,18.13,0.0,0.0,0.0,0.0,0,38.91,184
020031,統一IC設計臺灣N,ETN,0.0,0.0,0.0,0.0,0.0,0.0,0.0,0.0,0.0,0.0,0.0,0.0,0.0,9.45,0.0,0.0,0.0,0.0,0,0.0,0
020032,元大綠能N,ETN,0.0,0.0,0.0,0.0,0.0,0.0,0.0,0.0,0.0,0.0,0.0,0.0,0.0,0.0,0.0,0.0,0.0,0.0,0,48.09,184
020033,統一恒生科期N,指數投資證券(ETN),0.0,0.0,0.0,0.0,0.0,0.0,0.0,0.0,0.0,0.0,0.0,0.0,0.0,3.89,0.0,0.0,0.0,46.62,83,21.75,78
020034,元大IC設計N,ETN,0.0,0.0,0.0,0.0,0.0,0.0,0.0,0.0,0.0,0.0,0.0,0.0,0.0,13.24,0.0,0.0,0.0,0.0,0,2.41,184
020035,元大上櫃ESG高息N,指數投資證券(ETN),0.0,0.0,0.0,0.0,0.0,0.0,0.0,0.0,0.0,0.0,0.0,0.0,0.0,0.0,0.0,0.0,0.0,0.0,0,55.16,184
020036,元大金融配息N,ETN,0.0,0.0,0.0,0.0,0.0,0.0,0.0,0.0,0.0,0.0,0.0,0.0,0.0,0.0,0.0,0.0,0.0,0.44,98,7.06,174
020037,元大金融高股息N,ETN,0.0,0.0,0.0,0.0,0.0,0.0,0.0,0.0,0.0,0.0,0.0,0.0,0.0,10.93,0.0,0.0,0.0,3.71,153,12.43,159
020038,元大ESG配息N,ETN,0.0,0.0,0.0,0.0,0.0,0.0,0.0,0.0,0.0,0.0,0.0,0.0,0.0,0.0,0.0,0.0,0.0,0.76,73,1.9,62
020039,元大加權N,ETN,0.0,0.0,0.0,0.0,0.0,0.0,0.0,0.0,0.0,0.0,0.0,0.0,0.0,14.6,0.0,0.0,0.0,0.28,175,37.92,184
020040,元大上櫃ESG龍頭N,指數投資證券(ETN),0.0,0.0,0.0,0.0,0.0,0.0,0.0,0.0,0.0,0.0,0.0,0.0,0.0,0.0,0.0,0.0,0.0,0.0,0,65.42,184
020041,兆豐半導體氣候N,指數投資證券(ETN),0.0,0.0,0.0,0.0,0.0,0.0,0.0,0.0,0.0,0.0,0.0,0.0,0.0,0.0,0.0,0.0,0.0,0.0,0,0.0,0
1101,台泥,水泥工業,-1.61,152985677000.0,0.0,0.0,150808593520.39426,0.0,25.77,21.6,14.36,35.96,0.0,0.0,0.0,23.95,0.0,0.0,0.0,2.34,7,8.7,183
1101B,台泥乙特,水泥工業,0.0,0.0,0.0,0.0,0.0,0.0,0.0,0.0,0.0,0.0,0.0,0.0,0.0,43.7,0.0,0.0,0.0,0.64,182,0.32,5
1102,亞泥,水泥工業,3.0,71952957000.0,23984319000.0,1.62,66062323099.55413,2.75,12.9,5.56,10.15,15.71,27.91,43.2,35.47,33.0,1.07,0.85,1.31,6.58,76,2.38,7
1103,嘉泥,水泥工業,0.84,3024675000.0,3600803571.4285717,0.45,2732082559.784003,0.76,68.45,604.17,15.83,620.0,12.03,471.2,52.02,13.65,3.81,0.88,34.52,0.27,1,3.17,7
1104,環泥,水泥工業,2.57,7898245000.0,3073247081.7120624,1.41,7364503202.819054,2.4,12.24,5.18,9.57,14.75,22.97,35.4,29.38,26.95,1.09,0.85,1.31,2.59,16,19.96,97
1109,信大,水泥工業,1.03,4413154000.0,4284615533.980582,0.53,3830458555.636747,0.89,13.27,10.7,8.79,19.49,7.82,17.35,11.81,13.9,0.85,0.56,1.25,0.25,1,0.0,0
1294,漢田生技,食品工業,4.67,752425000.0,161118843.6830835,3.35,950470376.1039132,5.9,15.46,9.95,11.55,21.5,68.15,126.85,91.22,57.5,1.59,1.19,2.21,3.18,16,24.29,57
1295,生合,食品工業,5.32,794064000.0,149260150.37593985,4.14,1210667130.137629,8.11,18.01,20.13,9.64,29.77,78.18,241.43,146.07,50.4,2.9,1.55,4.79,30.71,72,28.4,51
1410,南染,紡織纖維,0.59,195601000.0,331527118.6440678,0.37,189866441.64948785,0.57,88.04,126.3,30.22,156.52,17.23,89.22,50.18,27.0,1.86,0.64,3.3,3.47,28,1.55,54
1413,宏洲,紡織纖維,0.45,2159243000.0,4798317777.777778,0.24,1786875055.6456077,0.37,24.44,23.79,8.99,32.78,3.33,12.13,9.04,9.47,0.95,0.35,1.28,12.5,148,0.43,30
1414,東和,紡織纖維,0.19,468559000.0,2466100000.0,0.11,438049202.4062679,0.18,105.83,147.01,27.16,174.17,4.89,31.35,19.05,18.55,1.03,0.26,1.69,1.17,153,10.58,184
1416,廣豐,其他,0.8,357557000.0,446946250.0,0.6,481467397.4541521,1.08,16.84,13.05,12.23,25.28,13.21,27.3,18.19,11.1,1.64,1.19,2.46,12.55,83,2.98,159
1417,嘉裕,紡織纖維,0.62,424832000.0,685212903.2258065,0.26,390616736.0008298,0.57,29.38,1086.13,13.87,1100.0,7.91,627.0,16.75,8.88,1.89,0.89,70.61,0.43,2,12.58,131
1418,東華,紡織纖維,-1.28,6372000.0,0.0,0.0,4762056.869980465,0.0,123.16,446.06,43.94,490.0,0.0,0.0,0.0,18.5,0.0,0.0,0.0,0.25,2,19.9,26
1419,新紡,紡織纖維,4.12,4714640000.0,1144330097.0873785,2.75,5778616416.426833,5.05,16.97,23.17,4.71,27.88,23.79,140.79,85.7,66.7,1.28,0.36,2.11,3.26,72,21.11,131
1423,利華,紡織纖維,4.36,82713000.0,18970871.559633028,2.75,89881551.83828121,4.74,35.43,94.29,8.73,103.02,41.38,488.31,167.94,37.0,4.54,1.12,13.2,2.72,76,6.02,125
1434,福懋,紡織纖維,0.51,27741651000.0,54395394117.64706,0.3,26313761353.01784,0.48,39.49,97.73,16.74,114.47,8.04,54.95,18.95,19.45,0.97,0.41,2.83,1.32,2,2.73,2
1435,中福,其他,-0.41,5981000.0,0.0,0.0,5982714.244769275,0.0,82.71,39.73,49.6,89.33,0.0,0.0,0.0,25.4,0.0,0.0,0.0,0.0,0,0.0,0
1436,華友聯,建材營造,5.4,3875730000.0,717727777.7777777,0.86,1349839431.9104958,1.88,8.02,17.72,3.79,21.51,7.13,40.44,15.07,46.0,0.33,0.16,0.88,0.0,0,0.87,2
1437,勤益控,其他,2.41,937678000.0,389078008.29875517,1.23,956150803.7352529,2.46,12.79,12.45,8.86,21.31,21.8,52.42,31.47,30.7,1.03,0.71,1.71,0.13,1,5.94,154
1438,三地開發,建材營造,1.74,988580000.0,568149425.2873564,1.17,2716502984232.365,4781.32,12.07,59.98,7.1,67.08,33947.37,320730.95,57693.3,21.4,2695.95,1586.33,14987.43,30.14,16,0.0,0
1440,南紡,紡織纖維,-0.15,14484020000.0,0.0,0.0,12270578981.661158,0.0,10.21,4.1,8.74,12.84,0.0,0.0,0.0,13.4,0.0,0.0,0.0,5.67,2,12.74,119
1441,大東,紡織纖維,-0.45,1516894000.0,0.0,0.0,1226184991.1070502,0.0,49.04,195.53,4.47,200.0,0.0,0.0,0.0,9.2,0.0,0.0,0.0,14.29,34,0.42,9
1442,名軒,建材營造,3.04,3244173000.0,1067162171.0526316,1.02,1530506362.0393357,1.43,9.36,11.6,6.27,17.87,8.97,25.55,13.38,29.4,0.46,0.31,0.87,26.52,147,0.96,8
1444,力麗,紡織纖維,-0.78,7296992000.0,0.0,0.0,8461048306.096329,0.0,52.33,116.65,12.1,128.75,0.0,0.0,0.0,8.2,0.0,0.0,0.0,4.36,3,5.86,36
1445,大宇,紡織纖維,-0.87,759419000.0,0.0,0.0,618267340.1922388,0.0,2.37,0.64,1.97,2.61,0.0,0.0,0.0,11.75,0.0,0.0,0.0,7.67,71,16.25,56
1446,宏和,紡織纖維,1.62,1147559000.0,708369753.0864197,0.48,433758935.6901615,0.61,6.1,15.39,2.42,17.81,1.48,10.86,3.72,14.4,0.26,0.1,0.75,8.61,143,1.76,1
1447,力鵬,紡織纖維,-0.97,28850751000.0,0.0,0.0,29817883770.035007,0.0,125.25,113.25,30.15,143.4,0.0,0.0,0.0,8.62,0.0,0.0,0.0,7.5,2,0.17,1
1449,佳和,紡織纖維,0.13,2420960000.0,18622769230.76923,0.12,3623528794.0193005,0.19,40.0,140.6,8.49,149.09,1.61,28.33,7.6,13.55,0.56,0.12,2.09,52.22,146,1.47,1
1451,年興,紡織纖維,1.76,6154960000.0,3497136363.6363635,1.07,6477104514.874644,1.85,22.72,63.09,7.58,70.67,14.02,130.74,42.02,17.25,2.44,0.81,7.58,6.0,140,1.6,16
1409,新纖,紡織纖維,1.19,40921487000.0,34387804201.68067,0.73,41400838563.829956,1.2,16.02,19.34,7.57,26.91,9.08,32.29,19.22,26.0,0.74,0.35,1.24,1.95,1,44.13,34
1402,遠東新,紡織纖維,1.54,254998414000.0,165583385714.2857,0.93,264228650781.11456,1.6,18.07,10.38,13.66,24.04,21.86,38.46,28.91,27.8,1.04,0.79,1.38,4.0,77,2.45,7
1342,八貫,其他,5.61,2785153000.0,496462210.3386809,4.57,3578421164.8098474,7.21,15.39,8.32,11.43,19.75,82.41,142.4,110.97,116.5,0.95,0.71,1.22,0.0,0,15.47,183
1301,台塑,塑膠工業,-1.57,177551951000.0,0.0,0.0,168610789579.37445,0.0,60.69,64.99,9.16,74.15,0.0,0.0,0.0,65.6,0.0,0.0,0.0,6.29,2,23.87,140
1303,南亞,塑膠工業,0.57,261237063000.0,458310636842.1053,0.38,294405145926.90546,0.64,80.92,156.62,8.29,164.91,5.31,105.54,51.79,221.0,0.23,0.02,0.48,3.68,2,165.95,184
1304,台聚,塑膠工業,-2.6,44923032000.0,0.0,0.0,40547331120.42188,0.0,6.1,0.0,6.1,6.1,0.0,0.0,0.0,14.0,0.0,0.0,0.0,5.09,2,24.62,139
1305,華夏,塑膠工業,-1.58,9311305000.0,0.0,0.0,9617305611.92636,0.0,71.14,136.81,8.57,145.38,0.0,0.0,0.0,13.15,0.0,0.0,0.0,3.0,2,21.05,37
1307,三芳,塑膠工業,2.85,10823937000.0,3797872631.578947,1.7,11257262026.412127,2.96,12.54,389.7,8.3,398.0,24.57,1178.08,37.13,32.7,1.14,0.75,36.03,54.55,114,7.13,12
1308,亞聚,塑膠工業,-1.76,5804421000.0,0.0,0.0,5663431634.268925,0.0,6.15,0.0,6.15,6.15,0.0,0.0,0.0,15.05,0.0,0.0,0.0,9.54,2,25.97,139
1309,台達化,塑膠工業,-1.07,14998545000.0,0.0,0.0,11229654692.629389,0.0,6.74,0.0,6.74,6.74,0.0,0.0,0.0,15.15,0.0,0.0,0.0,12.14,76,19.52,141
1310,台苯,塑膠工業,-1.37,9135110000.0,0.0,0.0,7479491032.538288,0.0,0.0,0.0,0.0,0.0,0.0,0.0,0.0,10.7,0.0,0.0,0.0,2.5,1,25.25,34
1312,國喬,塑膠工業,-3.97,21781269000.0,0.0,0.0,26425770271.79551,0.0,4.93,0.0,4.93,4.93,0.0,0.0,0.0,13.45,0.0,0.0,0.0,2.99,2,45.04,183
1312A,國喬特,塑膠工業,0.0,0.0,0.0,0.0,0.0,0.0,0.0,0.0,0.0,0.0,0.0,0.0,0.0,21.7,0.0,0.0,0.0,4.44,87,0.0,0
1313,聯成,塑膠工業,-1.17,61645893000.0,0.0,0.0,60196197752.61509,0.0,12.14,0.0,12.14,12.14,0.0,0.0,0.0,12.85,0.0,0.0,0.0,4.88,2,25.41,141
1314,中石化,塑膠工業,-0.78,20109851000.0,0.0,0.0,13745924609.33883,0.0,59.18,202.99,16.01,219.0,0.0,0.0,0.0,9.06,0.0,0.0,0.0,3.79,1,45.52,113
020001,富邦存股雙十N,指數投資證券(ETN),0.0,0.0,0.0,0.0,0.0,0.0,0.0,0.0,0.0,0.0,0.0,0.0,0.0,0.0,0.0,0.0,0.0,0.0,0,29.16,183
1315,達新,塑膠工業,1.55,2308500000.0,1489354838.7096775,0.77,1944570850.3997,1.31,49.77,119.76,18.66,138.42,24.44,181.33,65.19,64.8,1.01,0.38,2.8,1.39,36,1.36,12
1319,東陽,汽車工業,6.43,25247616000.0,3926534370.139969,3.41,21900958205.163723,5.58,15.21,19.59,11.45,31.04,63.89,173.2,84.89,75.6,1.12,0.85,2.29,16.75,136,12.0,184
1321,大洋,塑膠工業,-1.25,3649201000.0,0.0,0.0,3453472230.6501117,0.0,491.83,1855.31,32.19,1887.5,0.0,0.0,0.0,32.25,0.0,0.0,0.0,18.52,34,6.16,30
1323,永裕,塑膠工業,0.25,2033764000.0,8135056000.0,0.15,2070534725.0469193,0.25,49.03,189.94,7.06,197.0,1.76,49.25,12.26,20.2,0.61,0.09,2.44,0.67,2,0.76,6
1324,地球,塑膠工業,-0.82,738507000.0,0.0,0.0,657845176.2487735,0.0,356.32,1140.8,29.2,1170.0,0.0,0.0,0.0,10.4,0.0,0.0,0.0,0.0,0,11.31,98
1325,恆大,塑膠工業,-0.7,293967000.0,0.0,0.0,222430746.0491158,0.0,252.85,315.66,21.56,337.22,0.0,0.0,0.0,25.85,0.0,0.0,0.0,27.42,178,14.36,131
1326,台化,塑膠工業,-0.99,292368349000.0,0.0,0.0,310442055080.3742,0.0,189.01,478.49,14.84,493.33,0.0,0.0,0.0,68.9,0.0,0.0,0.0,5.79,2,55.12,120
1336,台翰,電子零組件業,0.72,2526028000.0,3508372222.2222223,0.41,2438263859.0479875,0.69,15.2,35.37,8.14,43.51,5.62,30.02,10.49,15.4,0.68,0.36,1.95,25.39,69,2.17,21
1337,再生-KY,塑膠工業,-1.74,682900000.0,0.0,0.0,548554851.9243556,0.0,0.0,0.0,0.0,0.0,0.0,0.0,0.0,5.05,0.0,0.0,0.0,0.89,1,2.55,7
1338,廣華-KY,汽車工業,-2.24,5359361000.0,0.0,0.0,5098974284.861,0.0,12.56,0.0,12.56,12.56,0.0,0.0,0.0,16.55,0.0,0.0,0.0,2.56,83,5.57,14
1339,昭輝,汽車工業,2.42,1708614000.0,706038842.9752066,1.33,1472287046.7686605,2.09,13.85,14.28,8.18,22.46,17.1,46.94,28.95,44.25,0.65,0.39,1.06,0.0,0,3.2,8
1340,勝悅-KY,塑膠工業,-2.61,180630000.0,0.0,0.0,35677213.15532239,0.0,0.0,0.0,0.0,0.0,0.0,0.0,0.0,5.33,0.0,0.0,0.0,0.88,1,37.04,70
1341,富林-KY,塑膠工業,3.71,2590239000.0,698177628.032345,2.26,2655663385.921502,3.8,14.28,5.23,11.51,16.74,43.74,63.61,54.25,59.2,0.92,0.74,1.07,4.52,77,0.0,0
1316,上曜,建材營造,-0.52,4057430000.0,0.0,0.0,9746838699.246593,0.0,0.0,0.0,0.0,0.0,0.0,0.0,0.0,10.35,0.0,0.0,0.0,8.81,16,13.84,103
2455,全新,通信網路業,2.96,3309773000.0,1118166554.054054,2.01,4227936375.428807,3.78,56.69,120.45,19.61,140.06,74.13,529.43,214.28,313.0,0.68,0.24,1.69,0.0,0,26.77,184
020000,富邦特選蘋果N,ETN,0.0,0.0,0.0,0.0,0.0,0.0,0.0,0.0,0.0,0.0,0.0,0.0,0.0,0.0,0.0,0.0,0.0,0.0,0,51.09,183
00998A,主動復華金融股息,上櫃ETF,0.0,0.0,0.0,0.0,0.0,0.0,0.0,0.0,0.0,0.0,0.0,0.0,0.0,17.63,0.0,0.0,0.0,9.98,92,9.98,92
00953B,群益優選非投等債,ETF,0.0,0.0,0.0,0.0,0.0,0.0,0.0,0.0,0.0,0.0,0.0,0.0,0.0,9.75,0.0,0.0,0.0,4.61,166,7.81,181
00954,中信日本半導體,ETF,0.0,0.0,0.0,0.0,0.0,0.0,0.0,0.0,0.0,0.0,0.0,0.0,0.0,20.88,0.0,0.0,0.0,0.0,0,53.84,184
00956,中信日經高股息,ETF,0.0,0.0,0.0,0.0,0.0,0.0,0.0,0.0,0.0,0.0,0.0,0.0,0.0,12.48,0.0,0.0,0.0,2.32,14,36.59,183
00960,野村全球航運龍頭,ETF,0.0,0.0,0.0,0.0,0.0,0.0,0.0,0.0,0.0,0.0,0.0,0.0,0.0,17.88,0.0,0.0,0.0,26.42,5,14.03,183
00961,FT臺灣永續高息,ETF,0.0,0.0,0.0,0.0,0.0,0.0,0.0,0.0,0.0,0.0,0.0,0.0,0.0,12.52,0.0,0.0,0.0,0.9,6,10.83,184
00962,台新AI優息動能,ETF,0.0,0.0,0.0,0.0,0.0,0.0,0.0,0.0,0.0,0.0,0.0,0.0,0.0,14.62,0.0,0.0,0.0,2.2,77,20.99,107
00963,中信全球高股息,ETF,0.0,0.0,0.0,0.0,0.0,0.0,0.0,0.0,0.0,0.0,0.0,0.0,0.0,12.94,0.0,0.0,0.0,10.92,126,18.52,184
00964,中信亞太高股息,ETF,0.0,0.0,0.0,0.0,0.0,0.0,0.0,0.0,0.0,0.0,0.0,0.0,0.0,14.05,0.0,0.0,0.0,3.8,130,19.67,184
00965,元大航太防衛科技,ETF,0.0,0.0,0.0,0.0,0.0,0.0,0.0,0.0,0.0,0.0,0.0,0.0,0.0,25.1,0.0,0.0,0.0,23.64,181,34.89,183
00971,野村美國研發龍頭,ETF,0.0,0.0,0.0,0.0,0.0,0.0,0.0,0.0,0.0,0.0,0.0,0.0,0.0,17.39,0.0,0.0,0.0,2.54,40,21.69,140
00972,野村日本動能高息,ETF,0.0,0.0,0.0,0.0,0.0,0.0,0.0,0.0,0.0,0.0,0.0,0.0,0.0,20.42,0.0,0.0,0.0,11.48,70,32.16,184
009800,中信NASDAQ,ETF,0.0,0.0,0.0,0.0,0.0,0.0,0.0,0.0,0.0,0.0,0.0,0.0,0.0,13.22,0.0,0.0,0.0,2.4,7,21.2,181
009801,中信美國創新科技,ETF,0.0,0.0,0.0,0.0,0.0,0.0,0.0,0.0,0.0,0.0,0.0,0.0,0.0,12.61,0.0,0.0,0.0,2.3,170,20.61,106
009802,富邦旗艦50,ETF,0.0,0.0,0.0,0.0,0.0,0.0,0.0,0.0,0.0,0.0,0.0,0.0,0.0,18.73,0.0,0.0,0.0,8.98,175,20.44,184
009803,玉山市值動能50,ETF,0.0,0.0,0.0,0.0,0.0,0.0,0.0,0.0,0.0,0.0,0.0,0.0,0.0,21.3,0.0,0.0,0.0,19.15,183,32.52,184
009804,聯邦台精彩50,ETF,0.0,0.0,0.0,0.0,0.0,0.0,0.0,0.0,0.0,0.0,0.0,0.0,0.0,22.06,0.0,0.0,0.0,40.06,183,33.45,184
00952,凱基台灣AI50,ETF,0.0,0.0,0.0,0.0,0.0,0.0,0.0,0.0,0.0,0.0,0.0,0.0,0.0,18.36,0.0,0.0,0.0,4.12,92,29.7,184
009805,台新美國電力基建,ETF,0.0,0.0,0.0,0.0,0.0,0.0,0.0,0.0,0.0,0.0,0.0,0.0,0.0,16.5,0.0,0.0,0.0,30.77,174,23.89,184
00951,台新日本半導體,ETF,0.0,0.0,0.0,0.0,0.0,0.0,0.0,0.0,0.0,0.0,0.0,0.0,0.0,19.54,0.0,0.0,0.0,7.52,6,51.33,184
00949,復華日本龍頭,ETF,0.0,0.0,0.0,0.0,0.0,0.0,0.0,0.0,0.0,0.0,0.0,0.0,0.0,20.67,0.0,0.0,0.0,0.82,1,31.12,183
00923,群益台ESG低碳50,ETF,0.0,0.0,0.0,0.0,0.0,0.0,0.0,0.0,0.0,0.0,0.0,0.0,0.0,41.81,0.0,0.0,0.0,0.0,0,28.19,184
00924,復華S&P500成長,ETF,0.0,0.0,0.0,0.0,0.0,0.0,0.0,0.0,0.0,0.0,0.0,0.0,0.0,33.25,0.0,0.0,0.0,9.95,162,21.34,181
00926,凱基全球菁英55,ETF,0.0,0.0,0.0,0.0,0.0,0.0,0.0,0.0,0.0,0.0,0.0,0.0,0.0,25.76,0.0,0.0,0.0,3.85,149,20.8,140
00927,群益半導體收益,ETF,0.0,0.0,0.0,0.0,0.0,0.0,0.0,0.0,0.0,0.0,0.0,0.0,0.0,38.7,0.0,0.0,0.0,0.0,0,42.21,184
00929,復華台灣科技優息,ETF,0.0,0.0,0.0,0.0,0.0,0.0,0.0,0.0,0.0,0.0,0.0,0.0,0.0,29.9,0.0,0.0,0.0,0.0,0,10.22,182
00930,永豐ESG低碳高息,ETF,0.0,0.0,0.0,0.0,0.0,0.0,0.0,0.0,0.0,0.0,0.0,0.0,0.0,24.39,0.0,0.0,0.0,0.0,0,5.42,184
00932,兆豐永續高息等權,ETF,0.0,0.0,0.0,0.0,0.0,0.0,0.0,0.0,0.0,0.0,0.0,0.0,0.0,17.64,0.0,0.0,0.0,0.22,1,6.65,184
00934,中信成長高股息,ETF,0.0,0.0,0.0,0.0,0.0,0.0,0.0,0.0,0.0,0.0,0.0,0.0,0.0,27.31,0.0,0.0,0.0,0.0,0,21.51,184
00935,野村臺灣新科技50,ETF,0.0,0.0,0.0,0.0,0.0,0.0,0.0,0.0,0.0,0.0,0.0,0.0,0.0,57.95,0.0,0.0,0.0,0.0,0,47.48,184
00936,台新永續高息中小,ETF,0.0,0.0,0.0,0.0,0.0,0.0,0.0,0.0,0.0,0.0,0.0,0.0,0.0,20.43,0.0,0.0,0.0,0.0,0,18.21,182
00938,凱基優選30,ETF,0.0,0.0,0.0,0.0,0.0,0.0,0.0,0.0,0.0,0.0,0.0,0.0,0.0,24.65,0.0,0.0,0.0,0.0,0,23.21,184
00939,統一台灣高息動能,ETF,0.0,0.0,0.0,0.0,0.0,0.0,0.0,0.0,0.0,0.0,0.0,0.0,0.0,21.47,0.0,0.0,0.0,0.0,0,11.89,184
00940,元大台灣價值高息,ETF,0.0,0.0,0.0,0.0,0.0,0.0,0.0,0.0,0.0,0.0,0.0,0.0,0.0,12.28,0.0,0.0,0.0,0.0,0,7.24,106
00941,中信上游半導體,ETF,0.0,0.0,0.0,0.0,0.0,0.0,0.0,0.0,0.0,0.0,0.0,0.0,0.0,27.73,0.0,0.0,0.0,0.0,0,45.84,184
00943,兆豐電子高息等權,ETF,0.0,0.0,0.0,0.0,0.0,0.0,0.0,0.0,0.0,0.0,0.0,0.0,0.0,21.95,0.0,0.0,0.0,0.0,0,9.09,103
00944,野村趨勢動能高息,ETF,0.0,0.0,0.0,0.0,0.0,0.0,0.0,0.0,0.0,0.0,0.0,0.0,0.0,21.46,0.0,0.0,0.0,0.0,0,8.61,182
00945B,凱基美國非投等債,ETF,0.0,0.0,0.0,0.0,0.0,0.0,0.0,0.0,0.0,0.0,0.0,0.0,0.0,14.6,0.0,0.0,0.0,2.22,184,9.37,181
00946,群益科技高息成長,ETF,0.0,0.0,0.0,0.0,0.0,0.0,0.0,0.0,0.0,0.0,0.0,0.0,0.0,14.78,0.0,0.0,0.0,0.0,0,14.81,107
00947,台新臺灣IC設計,ETF,0.0,0.0,0.0,0.0,0.0,0.0,0.0,0.0,0.0,0.0,0.0,0.0,0.0,35.22,0.0,0.0,0.0,0.0,0,60.59,184
009806,台新標普500,上櫃ETF,0.0,0.0,0.0,0.0,0.0,0.0,0.0,0.0,0.0,0.0,0.0,0.0,0.0,13.61,0.0,0.0,0.0,19.04,184,18.84,181
009807,台新標普科技精選,上櫃ETF,0.0,0.0,0.0,0.0,0.0,0.0,0.0,0.0,0.0,0.0,0.0,0.0,0.0,16.75,0.0,0.0,0.0,34.33,156,23.03,107
009808,華南永昌優選50,ETF,0.0,0.0,0.0,0.0,0.0,0.0,0.0,0.0,0.0,0.0,0.0,0.0,0.0,31.13,0.0,0.0,0.0,33.51,168,31.44,184
00983D,主動富邦複合收益,ETF,0.0,0.0,0.0,0.0,0.0,0.0,0.0,0.0,0.0,0.0,0.0,0.0,0.0,10.13,0.0,0.0,0.0,3.18,93,3.18,93
00984A,主動安聯台灣高息,ETF,0.0,0.0,0.0,0.0,0.0,0.0,0.0,0.0,0.0,0.0,0.0,0.0,0.0,15.62,0.0,0.0,0.0,18.78,184,20.22,184
00984B,大華優利美A債15,上櫃ETF,0.0,0.0,0.0,0.0,0.0,0.0,0.0,0.0,0.0,0.0,0.0,0.0,0.0,16.31,0.0,0.0,0.0,12.68,163,14.8,134
00984D,主動聯博全球非投,ETF,0.0,0.0,0.0,0.0,0.0,0.0,0.0,0.0,0.0,0.0,0.0,0.0,0.0,10.2,0.0,0.0,0.0,1.9,162,1.9,162
00985A,主動野村台灣50,ETF,0.0,0.0,0.0,0.0,0.0,0.0,0.0,0.0,0.0,0.0,0.0,0.0,0.0,21.6,0.0,0.0,0.0,45.87,183,45.87,183
00985B,群益ESG投等債0-5,ETF,0.0,0.0,0.0,0.0,0.0,0.0,0.0,0.0,0.0,0.0,0.0,0.0,0.0,10.33,0.0,0.0,0.0,4.84,144,4.84,144
00985D,主動貝萊德優投等,上櫃ETF,0.0,0.0,0.0,0.0,0.0,0.0,0.0,0.0,0.0,0.0,0.0,0.0,0.0,10.22,0.0,0.0,0.0,3.18,92,3.18,92
00986A,主動台新龍頭成長,ETF,0.0,0.0,0.0,0.0,0.0,0.0,0.0,0.0,0.0,0.0,0.0,0.0,0.0,14.96,0.0,0.0,0.0,23.01,183,23.01,183
00986B,FT金融債10+,上櫃ETF,0.0,0.0,0.0,0.0,0.0,0.0,0.0,0.0,0.0,0.0,0.0,0.0,0.0,9.84,0.0,0.0,0.0,2.59,64,2.59,64
00986D,主動復華金融債息,上櫃ETF,0.0,0.0,0.0,0.0,0.0,0.0,0.0,0.0,0.0,0.0,0.0,0.0,0.0,14.82,0.0,0.0,0.0,0.4,76,0.4,76
00987A,主動台新優勢成長,ETF,0.0,0.0,0.0,0.0,0.0,0.0,0.0,0.0,0.0,0.0,0.0,0.0,0.0,15.24,0.0,0.0,0.0,81.06,153,81.06,153
00987B,野村10+澳洲公債,上櫃ETF,0.0,0.0,0.0,0.0,0.0,0.0,0.0,0.0,0.0,0.0,0.0,0.0,0.0,16.06,0.0,0.0,0.0,6.19,39,6.19,39
00988A,主動統一全球創新,ETF,0.0,0.0,0.0,0.0,0.0,0.0,0.0,0.0,0.0,0.0,0.0,0.0,0.0,18.21,0.0,0.0,0.0,76.64,180,76.64,180
00988B,玉山嚴選非投債,上櫃ETF,0.0,0.0,0.0,0.0,0.0,0.0,0.0,0.0,0.0,0.0,0.0,0.0,0.0,20.01,0.0,0.0,0.0,0.85,111,0.85,111
00989A,主動摩根美國科技,ETF,0.0,0.0,0.0,0.0,0.0,0.0,0.0,0.0,0.0,0.0,0.0,0.0,0.0,17.7,0.0,0.0,0.0,5.53,6,5.53,6
00989B,台新美國非投等債,上櫃ETF,0.0,0.0,0.0,0.0,0.0,0.0,0.0,0.0,0.0,0.0,0.0,0.0,0.0,10.21,0.0,0.0,0.0,3.52,105,3.52,105
00990A,主動元大AI新經濟,ETF,0.0,0.0,0.0,0.0,0.0,0.0,0.0,0.0,0.0,0.0,0.0,0.0,0.0,17.19,0.0,0.0,0.0,116.43,182,116.43,182
00990B,國泰收益非投等債,上櫃ETF,0.0,0.0,0.0,0.0,0.0,0.0,0.0,0.0,0.0,0.0,0.0,0.0,0.0,10.01,0.0,0.0,0.0,0.1,7,0.1,7
00991A,主動復華未來50,ETF,0.0,0.0,0.0,0.0,0.0,0.0,0.0,0.0,0.0,0.0,0.0,0.0,0.0,18.53,0.0,0.0,0.0,114.08,182,114.08,182
00992A,主動群益科技創新,ETF,0.0,0.0,0.0,0.0,0.0,0.0,0.0,0.0,0.0,0.0,0.0,0.0,0.0,16.75,0.0,0.0,0.0,87.09,174,87.09,174
00993A,主動安聯台灣,ETF,0.0,0.0,0.0,0.0,0.0,0.0,0.0,0.0,0.0,0.0,0.0,0.0,0.0,13.0,0.0,0.0,0.0,48.03,139,48.03,139
00994A,主動第一金台股優,ETF,0.0,0.0,0.0,0.0,0.0,0.0,0.0,0.0,0.0,0.0,0.0,0.0,0.0,16.58,0.0,0.0,0.0,87.77,140,87.77,140
00995A,主動中信台灣卓越,ETF,0.0,0.0,0.0,0.0,0.0,0.0,0.0,0.0,0.0,0.0,0.0,0.0,0.0,16.77,0.0,0.0,0.0,84.56,151,84.56,151
00996A,主動兆豐台灣豐收,ETF,0.0,0.0,0.0,0.0,0.0,0.0,0.0,0.0,0.0,0.0,0.0,0.0,0.0,14.42,0.0,0.0,0.0,56.62,89,56.62,89
00997A,主動群益美國增長,ETF,0.0,0.0,0.0,0.0,0.0,0.0,0.0,0.0,0.0,0.0,0.0,0.0,0.0,11.89,0.0,0.0,0.0,38.4,69,38.4,69
00983B,大華優利美公債20,上櫃ETF,0.0,0.0,0.0,0.0,0.0,0.0,0.0,0.0,0.0,0.0,0.0,0.0,0.0,15.67,0.0,0.0,0.0,9.77,163,14.66,134
00983A,主動中信ARK創新,ETF,0.0,0.0,0.0,0.0,0.0,0.0,0.0,0.0,0.0,0.0,0.0,0.0,0.0,12.18,0.0,0.0,0.0,33.07,113,25.47,85
00982T,平衡兆豐台美動能,ETF,0.0,0.0,0.0,0.0,0.0,0.0,0.0,0.0,0.0,0.0,0.0,0.0,0.0,15.25,0.0,0.0,0.0,59.68,178,59.68,178
00982D,主動富邦動態入息,ETF,0.0,0.0,0.0,0.0,0.0,0.0,0.0,0.0,0.0,0.0,0.0,0.0,0.0,9.92,0.0,0.0,0.0,2.29,133,2.29,133
009809,富邦淨零ESG50,ETF,0.0,0.0,0.0,0.0,0.0,0.0,0.0,0.0,0.0,0.0,0.0,0.0,0.0,18.04,0.0,0.0,0.0,32.93,182,32.93,182
00980A,主動野村臺灣優選,ETF,0.0,0.0,0.0,0.0,0.0,0.0,0.0,0.0,0.0,0.0,0.0,0.0,0.0,23.1,0.0,0.0,0.0,50.91,182,34.68,184
00980B,台新特選IG債10+,上櫃ETF,0.0,0.0,0.0,0.0,0.0,0.0,0.0,0.0,0.0,0.0,0.0,0.0,0.0,9.45,0.0,0.0,0.0,3.82,41,11.07,98
00980D,主動聯博投等入息,上櫃ETF,0.0,0.0,0.0,0.0,0.0,0.0,0.0,0.0,0.0,0.0,0.0,0.0,0.0,20.47,0.0,0.0,0.0,4.57,164,4.57,164
00980T,平衡凱基美國TOP,上櫃ETF,0.0,0.0,0.0,0.0,0.0,0.0,0.0,0.0,0.0,0.0,0.0,0.0,0.0,11.87,0.0,0.0,0.0,10.6,76,10.6,76
009810,玉山全球藍籌100,ETF,0.0,0.0,0.0,0.0,0.0,0.0,0.0,0.0,0.0,0.0,0.0,0.0,0.0,21.07,0.0,0.0,0.0,25.76,181,25.76,181
009811,統一美國50,ETF,0.0,0.0,0.0,0.0,0.0,0.0,0.0,0.0,0.0,0.0,0.0,0.0,0.0,13.32,0.0,0.0,0.0,16.23,168,16.23,168
009812,野村日本東證,ETF,0.0,0.0,0.0,0.0,0.0,0.0,0.0,0.0,0.0,0.0,0.0,0.0,0.0,12.56,0.0,0.0,0.0,24.72,146,24.72,146
009813,貝萊德標普卓越50,ETF,0.0,0.0,0.0,0.0,0.0,0.0,0.0,0.0,0.0,0.0,0.0,0.0,0.0,11.35,0.0,0.0,0.0,6.57,85,6.57,85
009814,富邦標普500,上櫃ETF,0.0,0.0,0.0,0.0,0.0,0.0,0.0,0.0,0.0,0.0,0.0,0.0,0.0,11.3,0.0,0.0,0.0,11.32,165,11.32,165
009815,大華美國MAG7+,上櫃ETF,0.0,0.0,0.0,0.0,0.0,0.0,0.0,0.0,0.0,0.0,0.0,0.0,0.0,11.57,0.0,0.0,0.0,15.55,128,15.55,128
009816,凱基台灣TOP50,ETF,0.0,0.0,0.0,0.0,0.0,0.0,0.0,0.0,0.0,0.0,0.0,0.0,0.0,15.29,0.0,0.0,0.0,57.45,139,57.45,139
00999A,主動野村臺灣高息,ETF,0.0,0.0,0.0,0.0,0.0,0.0,0.0,0.0,0.0,0.0,0.0,0.0,0.0,10.54,0.0,0.0,0.0,12.28,48,12.28,48
009817,國泰日本不動產,ETF,0.0,0.0,0.0,0.0,0.0,0.0,0.0,0.0,0.0,0.0,0.0,0.0,0.0,9.06,0.0,0.0,0.0,2.11,5,2.11,5
009819,中信數據及電力,ETF,0.0,0.0,0.0,0.0,0.0,0.0,0.0,0.0,0.0,0.0,0.0,0.0,0.0,10.07,0.0,0.0,0.0,0.0,0,0.0,0
00981A,主動統一台股增長,ETF,0.0,0.0,0.0,0.0,0.0,0.0,0.0,0.0,0.0,0.0,0.0,0.0,0.0,28.95,0.0,0.0,0.0,61.27,184,49.0,174
00981B,第一金優選非投債,上櫃ETF,0.0,0.0,0.0,0.0,0.0,0.0,0.0,0.0,0.0,0.0,0.0,0.0,0.0,9.35,0.0,0.0,0.0,0.5,16,6.39,181
00981D,主動中信非投等債,上櫃ETF,0.0,0.0,0.0,0.0,0.0,0.0,0.0,0.0,0.0,0.0,0.0,0.0,0.0,10.47,0.0,0.0,0.0,6.6,78,6.6,78
00981T,平衡凱基雙核收息,ETF,0.0,0.0,0.0,0.0,0.0,0.0,0.0,0.0,0.0,0.0,0.0,0.0,0.0,12.16,0.0,0.0,0.0,15.52,154,15.52,154
009820,元大納斯達克精選,ETF,0.0,0.0,0.0,0.0,0.0,0.0,0.0,0.0,0.0,0.0,0.0,0.0,0.0,10.11,0.0,0.0,0.0,9.01,41,9.01,41
009821,野村稀土關鍵資源,ETF,0.0,0.0,0.0,0.0,0.0,0.0,0.0,0.0,0.0,0.0,0.0,0.0,0.0,13.13,0.0,0.0,0.0,12.63,5,12.63,5
009822,華南永昌未來金融,上櫃ETF,0.0,0.0,0.0,0.0,0.0,0.0,0.0,0.0,0.0,0.0,0.0,0.0,0.0,9.85,0.0,0.0,0.0,0.91,19,0.91,19
009823,群益S&P500,上櫃ETF,0.0,0.0,0.0,0.0,0.0,0.0,0.0,0.0,0.0,0.0,0.0,0.0,0.0,10.43,0.0,0.0,0.0,3.06,21,3.06,21
009824,群益美國科技巨頭,ETF,0.0,0.0,0.0,0.0,0.0,0.0,0.0,0.0,0.0,0.0,0.0,0.0,0.0,10.28,0.0,0.0,0.0,1.67,20,1.67,20
00982A,主動群益台灣強棒,ETF,0.0,0.0,0.0,0.0,0.0,0.0,0.0,0.0,0.0,0.0,0.0,0.0,0.0,23.57,0.0,0.0,0.0,46.93,165,35.58,184
00982B,FT投資級債20+,上櫃ETF,0.0,0.0,0.0,0.0,0.0,0.0,0.0,0.0,0.0,0.0,0.0,0.0,0.0,9.8,0.0,0.0,0.0,1.09,183,11.89,104
009818,華南永昌NASDAQxT,ETF,0.0,0.0,0.0,0.0,0.0,0.0,0.0,0.0,0.0,0.0,0.0,0.0,0.0,20.29,0.0,0.0,0.0,37.15,72,37.15,72
2457,飛宏,電子零組件業,-1.48,10144830000.0,0.0,0.0,8936120814.016533,0.0,71.48,45.1,42.4,87.5,0.0,0.0,0.0,26.75,0.0,0.0,0.0,0.73,1,58.05,103
3645,達邁,電子工業,1.54,2380724000.0,1545924675.3246753,0.94,2448354909.2128134,1.58,49.4,66.16,19.8,85.96,31.28,135.82,78.05,75.4,1.04,0.41,1.8,48.55,182,35.99,49
3646,艾恩特,電子零組件業,0.56,666283000.0,1189791071.4285712,0.37,730583139.4072696,0.61,38.19,134.07,17.18,151.25,10.48,92.26,23.3,23.15,1.01,0.45,3.99,0.64,1,1.72,57
3653,健策,電子工業,36.76,20056537000.0,545607644.1784549,26.48,25016813239.953945,45.85,73.22,121.11,30.31,151.42,1389.71,6942.61,3357.22,3395.0,0.99,0.41,2.04,27.02,118,106.06,142
3661,世芯-KY,半導體業,69.19,34151314000.0,493587425.9286024,26.76,18696935157.27947,37.88,44.2,54.44,24.34,78.78,922.0,2984.19,1674.43,3770.0,0.44,0.24,0.79,14.55,156,19.58,30
3663,鑫科,其他電子類,-0.08,5546540000.0,0.0,0.0,8206154192.961897,0.0,290.72,855.33,61.67,917.0,0.0,0.0,0.0,76.0,0.0,0.0,0.0,80.85,35,4.75,183
3664,安瑞-KY,通信網路業,-6.04,903104000.0,0.0,0.0,444402016.19163936,0.0,1209.94,2869.5,150.5,3020.0,0.0,0.0,0.0,6.58,0.0,0.0,0.0,5.96,176,16.58,51
3665,貿聯-KY,其他電子業,46.62,69203806000.0,1484423123.1231232,34.19,93486503100.86975,62.98,33.65,47.47,16.19,63.66,1019.65,4009.31,2119.32,1955.0,1.08,0.52,2.05,77.16,141,90.48,127
3666,光耀,光電業,-3.46,494144000.0,0.0,0.0,410813396.26390135,0.0,0.0,0.0,0.0,0.0,0.0,0.0,0.0,25.25,0.0,0.0,0.0,0.0,0,16.43,168
3672,康聯訊,通信網路業,-2.28,245875000.0,0.0,0.0,200428656.34088916,0.0,0.0,0.0,0.0,0.0,0.0,0.0,0.0,14.0,0.0,0.0,0.0,18.78,104,1.76,5
3673,TPK-KY,光電業,2.72,62851973000.0,23107343014.70588,1.84,70824948075.5926,3.07,27.85,84.0,14.0,98.0,42.98,300.86,85.49,71.6,1.19,0.6,4.2,0.0,0,40.06,182
3675,德微,半導體業,2.66,2639156000.0,992163909.774436,1.72,3019052545.102712,3.04,44.88,145.0,14.57,159.57,44.29,485.09,136.43,317.0,0.43,0.14,1.53,0.0,0,22.34,103
3679,新至陞,電子工業,9.77,4556910000.0,466418628.45445246,5.23,4008743970.8129907,8.59,12.36,9.97,8.19,18.16,70.35,155.99,106.21,110.5,0.96,0.64,1.41,7.55,15,5.93,7
3680,家登,半導體業,9.43,7056171000.0,748268398.7274655,6.75,8905713896.759764,11.9,44.04,42.55,23.56,66.11,280.36,786.71,524.06,516.0,1.02,0.54,1.52,16.67,83,34.59,174
3684,榮昌,通信網路業,3.5,1154111000.0,329746000.0,2.04,1203661178.4084916,3.65,20.16,27.57,12.68,40.25,46.28,146.91,73.59,50.6,1.45,0.91,2.9,0.1,1,37.96,163
3631,晟楠,電子零組件業,-0.7,71805000.0,0.0,0.0,27419948.42267456,0.0,0.0,0.0,0.0,0.0,0.0,0.0,0.0,32.85,0.0,0.0,0.0,25.5,49,27.19,85
3593,力銘,電子工業,-0.9,1092576000.0,0.0,0.0,614660816.825459,0.0,0.0,0.0,0.0,0.0,0.0,0.0,0.0,16.95,0.0,0.0,0.0,6.67,3,85.26,173
3594,磐儀,電腦及週邊設備業,0.5,2048586000.0,4097172000.0,0.34,2681883889.6418977,0.65,68.57,106.99,26.54,133.53,17.25,86.79,44.57,52.1,0.86,0.33,1.67,5.24,174,11.82,30
3596,智易,通信網路業,12.6,52775725000.0,4188549603.1746035,7.37,54002600601.18432,12.89,15.83,10.26,11.28,21.54,145.4,277.65,204.0,189.0,1.08,0.77,1.47,23.15,176,29.95,41
3597,映興,電子零組件業,0.34,865831000.0,2546561764.705882,0.21,958058603.1930649,0.38,63.08,135.55,17.58,153.13,6.68,58.19,23.97,26.5,0.9,0.25,2.2,92.59,141,40.61,27
3605,宏致,電子工業,4.35,10859165000.0,2496359770.1149426,2.84,12257448411.030863,4.91,111.98,760.58,10.67,771.25,52.39,3786.84,549.84,84.9,6.48,0.62,44.6,26.05,99,36.59,54
3607,谷崧,電子工業,0.02,2861541000.0,143077050000.0,0.01,2739240984.82521,0.02,155.11,749.17,25.83,775.0,0.52,15.5,3.1,15.8,0.2,0.03,0.98,6.25,62,6.71,34
3609,三一東林,電子零組件業,6.42,667338000.0,103946728.97196262,2.11,511938689.2266936,4.93,5.3,4.98,3.3,8.28,16.27,40.82,26.15,27.7,0.94,0.59,1.47,0.0,0,8.79,93
3611,鼎翰,電腦及週邊設備業,19.63,11503912000.0,586037289.8624555,11.78,11512077292.716545,19.64,12.42,5.93,9.18,15.11,180.3,296.76,243.97,197.0,1.24,0.92,1.51,7.14,71,11.08,135
3615,安可,光電業,0.82,946237000.0,1153947560.9756098,0.37,690665561.8081902,0.6,74.34,140.27,29.28,169.55,17.57,101.73,44.6,45.65,0.98,0.38,2.23,31.59,98,22.37,47
3617,碩天,其他電子業,14.48,11943958000.0,824858977.9005525,8.73,12729596179.9147,15.43,13.2,10.29,8.8,19.09,135.78,294.56,203.7,213.5,0.95,0.64,1.38,42.93,163,1.51,1
3622,洋華,光電業,6.09,1673510000.0,274796387.52052546,3.35,1724317823.7511232,6.27,11.45,7.6,8.55,16.15,53.61,101.26,71.78,55.2,1.3,0.97,1.83,5.22,72,31.53,124
3623,富晶通,光電業,-0.16,287229000.0,0.0,0.0,261821081.04082754,0.0,61.97,9.87,57.76,67.63,0.0,0.0,0.0,22.85,0.0,0.0,0.0,5.12,57,77.22,181
3624,光頡,電子零組件業,1.86,2636913000.0,1417695161.2903225,1.31,3222605291.495754,2.27,28.12,73.04,12.23,85.27,27.76,193.56,63.84,108.5,0.59,0.26,1.78,0.0,0,111.2,182
3625,西勝,電腦及週邊設備業,-0.6,399491000.0,0.0,0.0,419133136.71734554,0.0,0.0,0.0,0.0,0.0,0.0,0.0,0.0,18.0,0.0,0.0,0.0,53.76,141,129.24,99
3628,盈正,其他電子類,4.02,3385021000.0,842045024.875622,2.47,3768736112.193972,4.48,22.08,21.35,14.57,35.92,65.27,160.92,98.9,69.0,1.43,0.95,2.33,2.92,134,134.95,110
3630,新鉅科,光電業,1.8,2218172000.0,1232317777.7777777,1.18,2526969392.586461,2.05,20.71,25.13,11.92,37.05,24.44,75.95,42.45,26.85,1.58,0.91,2.83,0.0,0,87.78,57
3632,研勤,通信網路業,-0.38,268980000.0,0.0,0.0,291518357.60548085,0.0,149.0,18.0,139.5,157.5,0.0,0.0,0.0,8.29,0.0,0.0,0.0,0.0,0,5.47,2
3592,瑞鼎,電子工業,18.23,22500591000.0,1234261711.4646187,11.37,23295383663.21279,18.87,13.24,9.19,8.62,17.81,162.66,336.07,249.86,246.0,1.02,0.66,1.37,0.0,0,1.83,7
3686,達能,電子工業,-0.49,82608000.0,0.0,0.0,98067647.11390541,0.0,0.0,0.0,0.0,0.0,0.0,0.0,0.0,16.1,0.0,0.0,0.0,14.14,6,42.21,110
3715,定穎投控,電子零組件業,2.7,19083311000.0,7067892962.962962,2.05,25749039706.31826,3.64,40.27,191.26,9.26,200.52,33.71,729.89,146.59,137.0,1.07,0.25,5.33,23.55,71,133.06,180
3716,中化控股,化學生技醫療,2.39,8598150000.0,3597552301.25523,1.39,8320780603.391197,2.31,16.02,4.92,13.01,17.93,30.05,41.42,37.01,34.5,1.07,0.87,1.2,0.0,0,1.29,2
3717,聯嘉投控,汽車工業,0.46,2059036000.0,4476165217.391304,0.0,0.0,0.0,286.61,123.13,243.75,366.88,0.0,0.0,0.0,24.1,0.0,0.0,0.0,4.74,55,4.74,55
4102,永日,生技醫療業,-0.34,471219000.0,0.0,0.0,507103233.19461644,0.0,19.1,14.05,13.45,27.5,0.0,0.0,0.0,20.45,0.0,0.0,0.0,12.64,52,1.98,92
4104,佳醫,化學生技醫療,4.82,8784192000.0,1822446473.0290456,3.02,9508431946.051653,5.22,17.54,4.57,14.6,19.17,76.21,100.07,91.53,72.0,1.27,1.06,1.39,2.67,30,5.74,50
4105,東洋,生技醫療業,6.26,6425722000.0,1026473162.9392972,3.72,6838735138.570816,6.66,13.35,6.39,10.81,17.2,71.99,114.55,88.92,78.7,1.13,0.91,1.46,0.0,0,13.79,141
4106,雃博,化學生技醫療,1.19,2395767000.0,2013249579.8319328,0.73,2579210521.073166,1.28,21.04,12.18,15.77,27.95,20.19,35.78,26.94,25.3,1.06,0.8,1.41,0.0,0,0.66,184
4107,邦特,生技醫療業,7.77,2104303000.0,270824066.92406696,4.89,2307781414.198782,8.52,16.28,6.11,13.78,19.89,117.41,169.46,138.74,119.0,1.17,0.99,1.42,6.67,30,10.73,118
4108,懷特,化學生技醫療,-0.28,139964000.0,0.0,0.0,146390247.3165244,0.0,0.0,0.0,0.0,0.0,0.0,0.0,0.0,12.0,0.0,0.0,0.0,0.0,0,32.06,55
4109,加捷生醫,生技醫療業,0.43,487910000.0,1134674418.6046512,0.29,526919479.819437,0.46,101.65,535.01,4.99,540.0,2.3,248.4,46.76,12.1,3.86,0.19,20.53,2.92,1,19.47,35
4111,濟生,生技醫療業,2.81,1377520000.0,490220640.569395,1.74,1451608057.2398736,2.96,15.2,14.37,9.87,24.24,29.22,71.75,44.99,30.05,1.5,0.97,2.39,2.12,177,7.29,36
4113,聯上,建材營造,-0.43,954148000.0,0.0,0.0,232590583.00643414,0.0,46.6,190.14,5.24,195.38,0.0,0.0,0.0,14.95,0.0,0.0,0.0,3.73,2,27.38,62
4114,健喬,生技醫療業,1.71,6165947000.0,3605816959.0643277,1.14,7044617683.764782,1.95,21.24,7.8,17.85,25.65,34.81,50.02,41.42,33.25,1.25,1.05,1.5,4.26,16,15.27,21
4116,明基醫,生技醫療業,1.75,5192619000.0,2967210857.142857,1.1,5629904476.169272,1.9,20.81,11.6,15.47,27.07,29.39,51.43,39.55,38.6,1.02,0.76,1.33,0.0,0,29.57,47
4119,旭富,化學生技醫療,0.91,1270033000.0,1395640659.3406594,0.57,1255205191.611043,0.9,38.04,128.51,13.04,141.55,11.74,127.4,34.24,47.0,0.73,0.25,2.71,5.72,128,1.12,1
4120,友華,生技醫療業,-6.55,4544790000.0,0.0,0.0,4731243705.658869,0.0,41.95,145.51,21.16,166.67,0.0,0.0,0.0,48.05,0.0,0.0,0.0,6.99,149,5.47,54
4121,優盛,生技醫療業,-0.36,3836415000.0,0.0,0.0,3735256903.933684,0.0,0.0,0.0,0.0,0.0,0.0,0.0,0.0,13.4,0.0,0.0,0.0,0.9,2,11.43,118
4123,晟德,生技醫療業,12.36,1486819000.0,120292799.35275081,8.71,1774997680.4308329,14.76,8.7,15.75,2.62,18.37,38.67,271.14,128.48,38.0,3.38,1.02,7.14,0.89,2,14.36,184
3714,富采,電子工業,-3.69,22182215000.0,0.0,0.0,22514265774.047184,0.0,13.33,0.0,13.33,13.33,0.0,0.0,0.0,57.7,0.0,0.0,0.0,6.73,97,17.83,64
3689,湧德,電子零組件業,7.58,5975076000.0,788268601.5831134,6.12,8284190138.393937,10.51,15.82,12.17,9.98,22.15,104.89,232.8,166.3,114.5,1.45,0.92,2.03,24.41,154,35.25,170
3691,碩禾,光電業,-7.62,5193342000.0,0.0,0.0,13158052348.967417,0.0,0.0,0.0,0.0,0.0,0.0,0.0,0.0,130.5,0.0,0.0,0.0,0.0,0,64.75,184
3693,營邦,電腦及週邊設備業,15.5,7618167000.0,491494645.16129035,9.63,7157122935.071118,14.56,20.29,65.01,8.39,73.4,122.16,1068.7,295.43,480.5,0.61,0.25,2.22,4.42,49,21.37,107
3694,海華,通信網路業,4.03,11255939000.0,2793036972.7047143,2.46,12338117194.662416,4.42,18.59,21.78,9.45,31.23,41.77,138.04,82.15,64.4,1.28,0.65,2.14,32.28,171,73.33,34
3701,大眾控,電子工業,-0.38,9777674000.0,0.0,0.0,7520681314.38578,0.0,336.13,1450.39,24.61,1475.0,0.0,0.0,0.0,41.2,0.0,0.0,0.0,2.64,114,77.64,183
3702,大聯大,電子工業,5.77,989365062000.0,171467081802.42636,5.06,1473551789329.3113,8.59,14.76,11.28,8.38,19.66,71.98,168.88,126.76,113.5,1.12,0.63,1.49,0.0,0,0.14,1
3703,欣陸,建材營造,1.79,29380981000.0,16413955865.921787,1.31,35890207173.58112,2.19,18.46,22.93,9.2,32.13,20.15,70.36,40.42,20.75,1.95,0.97,3.39,4.99,16,4.27,50
3704,合勤控,通信網路業,1.56,26511091000.0,16994289102.564102,1.01,27514875102.69156,1.62,28.05,44.72,9.12,53.84,14.77,87.22,45.45,46.65,0.97,0.32,1.87,8.15,143,48.58,55
3705,永信,化學生技醫療,3.31,8374052000.0,2529925075.528701,1.78,7477945469.615425,2.96,15.09,6.94,12.35,19.29,36.56,57.1,44.67,55.5,0.8,0.66,1.03,20.81,73,5.03,21
3706,神達,電子工業,5.36,103432967000.0,19297195335.820896,4.32,146909479069.33295,7.61,20.14,30.06,2.8,32.86,21.31,250.06,153.25,89.9,1.7,0.24,2.78,83.21,142,58.99,110
3707,漢磊,半導體業,-1.97,5701058000.0,0.0,0.0,7047935442.313629,0.0,0.0,0.0,0.0,0.0,0.0,0.0,0.0,75.5,0.0,0.0,0.0,0.15,38,91.24,63
3709,鑫聯大投控,電腦及週邊設備業,7.02,40845639000.0,5818467094.017095,5.31,52275117312.376854,8.98,15.4,24.5,7.37,31.87,66.18,286.19,138.28,78.0,1.77,0.85,3.67,48.48,105,67.5,176
3710,連展投控,電子零組件業,-1.48,7029628000.0,0.0,0.0,7471366259.844819,0.0,226.45,56.25,201.25,257.5,0.0,0.0,0.0,5.63,0.0,0.0,0.0,30.12,90,27.32,33
3711,日月光投控,半導體業,9.37,639427808000.0,68242028601.92103,6.21,769894912646.7722,11.28,28.18,61.38,6.12,67.5,69.03,761.4,317.9,682.0,0.47,0.1,1.12,1.96,1,100.99,184
3712,永崴投控,電子工業,-22.85,34127144000.0,0.0,0.0,20970098441.85418,0.0,12.79,11.92,8.44,20.36,0.0,0.0,0.0,17.05,0.0,0.0,0.0,20.0,133,3.32,7
3591,艾笛森,電子工業,-0.34,2361396000.0,0.0,0.0,2413740871.3031263,0.0,76.94,288.2,16.8,305.0,0.0,0.0,0.0,23.35,0.0,0.0,0.0,1.69,1,19.77,184
3455,由田,光電業,2.66,1818370000.0,683597744.3609022,0.9,1124305215.260858,1.64,37.91,160.28,13.88,174.16,22.76,285.62,62.18,218.0,0.29,0.1,1.31,17.0,114,21.05,183
3466,德晉,通信網路業,-1.28,126306000.0,0.0,0.0,641335241.871319,0.0,0.0,0.0,0.0,0.0,0.0,0.0,0.0,31.0,0.0,0.0,0.0,0.0,0,20.38,49
3467,台灣精材,半導體業,0.58,561538000.0,968168965.5172415,0.44,777610942.2698399,0.8,67.3,72.06,41.91,113.97,33.53,91.18,53.84,53.3,1.01,0.63,1.71,1.6,16,1.84,1
3479,安勤,電腦及週邊設備業,6.46,8456230000.0,1309013931.8885448,4.05,9505194157.675459,7.26,14.9,9.51,12.21,21.72,88.64,157.69,108.16,146.0,0.74,0.61,1.08,10.1,55,22.65,89
3481,群創,光電業,0.03,223293940000.0,7443131333333.334,0.02,260246471422.54678,0.03,188.0,1247.0,3.0,1250.0,0.09,37.5,5.64,57.3,0.1,0.0,0.65,9.9,41,137.5,184
3483,力致,電腦及週邊設備業,3.75,9024891000.0,2406637600.0,2.03,8894857118.618841,3.7,19.89,17.49,11.21,28.7,41.48,106.19,73.6,81.6,0.9,0.51,1.3,2.67,1,15.09,54
3484,崧騰,電子零組件業,4.26,4654211000.0,1092537793.4272301,2.44,4496939257.450578,4.12,12.95,8.71,9.71,18.42,40.01,75.89,53.37,51.1,1.04,0.78,1.49,20.04,65,24.04,43
3485,敘豐,電子零組件業,5.89,54861000.0,9314261.460101869,0.0,0.0,0.0,57.67,29.0,45.76,74.76,0.0,0.0,0.0,261.0,0.0,0.0,0.0,11.92,13,109.63,184
3489,森寶,建材營造,-0.09,747131000.0,0.0,0.0,1184286681.2168524,0.0,391.59,112.23,344.44,456.67,0.0,0.0,0.0,19.6,0.0,0.0,0.0,27.64,16,17.86,156
3490,單井,光電業,0.05,267156000.0,5343120000.0,0.03,263436681.70033488,0.05,92.22,621.03,10.97,632.0,0.55,31.6,4.61,29.8,0.15,0.02,1.06,3.18,1,32.08,153
3491,昇達科,通信網路業,7.85,2363136000.0,301036433.1210191,7.45,3881883148.3104296,12.9,89.3,216.61,33.75,250.36,435.38,3229.64,1151.99,1310.0,0.88,0.33,2.47,39.18,176,162.48,184
3492,長盛,電子零組件業,1.77,867190000.0,489937853.1073446,1.03,828579167.8024366,1.69,16.65,22.95,11.4,34.35,19.27,58.05,28.13,22.65,1.24,0.85,2.56,14.5,3,26.79,135
3494,誠研,電子工業,-1.84,914747000.0,0.0,0.0,1023538609.6136179,0.0,0.0,0.0,0.0,0.0,0.0,0.0,0.0,7.77,0.0,0.0,0.0,150.64,177,10.89,26
3498,陽程,其他電子類,0.48,1264390000.0,2634145833.3333335,0.49,2202639033.766716,0.84,135.09,171.03,86.26,257.29,72.46,216.12,113.47,129.5,0.88,0.56,1.67,47.32,98,41.49,34
3499,環天科,通信網路業,-1.3,369441000.0,0.0,0.0,295749455.9941379,0.0,776.74,315.0,625.0,940.0,0.0,0.0,0.0,14.65,0.0,0.0,0.0,20.68,84,54.15,167
3501,維熹,電子工業,2.99,5576047000.0,1864898662.2073576,1.63,5003788666.800781,2.68,12.63,16.43,8.01,24.44,21.47,65.5,33.86,40.65,0.83,0.53,1.61,0.13,1,2.23,5
3504,揚明光,光電業,-0.08,2687814000.0,0.0,0.0,2804154071.6050014,0.0,134.36,59.62,90.14,149.76,0.0,0.0,0.0,69.6,0.0,0.0,0.0,8.88,163,34.4,68
3447,展達,電子工業,1.59,3636320000.0,2286993710.691824,0.83,4122087947.194295,1.8,30.79,43.36,20.56,63.92,37.01,115.06,55.42,32.5,1.71,1.14,3.54,197.18,120,70.25,51
3508,位速,其他電子類,-1.51,815255000.0,0.0,0.0,827252305.1742622,0.0,0.0,0.0,0.0,0.0,0.0,0.0,0.0,16.95,0.0,0.0,0.0,0.34,1,21.92,42
3443,創意,電子工業,28.13,32095619000.0,1140974724.4934235,26.37,61009812557.58283,53.47,67.86,139.25,33.13,172.38,1771.46,9217.16,3628.3,4185.0,0.87,0.42,2.2,0.0,0,103.24,184
3376,新日興,電子工業,1.66,10913580000.0,6574445783.13253,0.89,9385758775.511644,1.43,73.77,335.15,13.38,348.53,19.13,498.4,105.49,194.5,0.54,0.1,2.56,3.05,3,27.23,44
3379,彬台,電機機械,2.12,1905887000.0,899003301.8867924,0.73,1450347653.0378826,1.61,43.59,81.15,15.52,96.67,24.99,155.64,70.18,32.85,2.14,0.76,4.74,14.72,184,10.64,26
3380,明泰,通信網路業,-0.36,21928876000.0,0.0,0.0,23305297172.48138,0.0,117.28,302.06,32.38,334.44,0.0,0.0,0.0,32.2,0.0,0.0,0.0,9.79,140,24.96,182
3388,崇越電,電子零組件業,4.16,7300872000.0,1755017307.6923077,2.86,8633222637.358913,4.92,17.11,14.56,14.6,29.16,71.83,143.47,84.2,79.5,1.06,0.9,1.8,1.5,73,2.76,16
3390,旭軟,電子零組件業,-0.51,787157000.0,0.0,0.0,991069227.2474883,0.0,22.42,17.57,13.83,31.4,0.0,0.0,0.0,26.1,0.0,0.0,0.0,8.45,45,24.88,166
3402,漢科,其他電子類,7.5,5235312000.0,698041600.0,4.86,5997846100.8904085,8.59,16.16,11.12,10.44,21.56,89.68,185.2,138.8,156.5,0.89,0.57,1.18,0.0,0,52.71,49
3406,玉晶光,光電業,32.84,23805806000.0,724902740.5602922,19.94,29815408474.898922,41.13,13.36,15.59,7.86,23.45,323.28,964.5,549.57,557.0,0.99,0.58,1.73,0.0,0,12.79,180
3413,京鼎,半導體業,21.44,20785570000.0,969476212.6865671,13.92,24063705048.616413,24.82,13.76,11.7,8.59,20.29,213.2,503.6,341.57,382.0,0.89,0.56,1.32,3.46,72,21.24,107
3416,融程電,電子工業,7.4,3558156000.0,480831891.8918919,5.13,4645801281.20402,9.66,22.36,15.21,15.18,30.39,146.64,293.57,216.01,172.0,1.26,0.85,1.71,29.5,174,37.63,55
3419,譁裕,通信網路業,-1.79,1783148000.0,0.0,0.0,1764086790.8834426,0.0,0.0,0.0,0.0,0.0,0.0,0.0,0.0,12.55,0.0,0.0,0.0,3.68,3,12.64,70
3430,奇鈦科,化學工業,3.15,1678491000.0,532854285.71428573,2.16,2128353237.3329356,3.99,19.58,47.76,8.75,56.51,34.91,225.47,78.11,139.0,0.56,0.25,1.62,59.86,77,80.98,180
3432,台端,電子工業,-0.87,140540000.0,0.0,0.0,412355273.7875125,0.0,12.69,0.0,12.69,12.69,0.0,0.0,0.0,17.75,0.0,0.0,0.0,0.0,0,2.94,184
3434,哲固,光電業,0.54,690682000.0,1279040740.7407405,0.26,483485986.594818,0.38,35.98,49.21,19.19,68.4,7.29,25.99,13.67,29.95,0.46,0.24,0.87,1.29,50,3.97,41
3437,榮創,光電業,-2.65,1654007000.0,0.0,0.0,1344696812.304283,0.0,29.93,0.0,29.93,29.93,0.0,0.0,0.0,19.2,0.0,0.0,0.0,3.17,1,18.75,44
3438,類比科,半導體業,1.0,1012458000.0,1012458000.0,0.51,854331524.6496944,0.84,55.96,62.42,25.36,87.78,21.3,73.74,47.01,58.2,0.81,0.37,1.27,0.12,16,21.47,173
3441,聯一光,光電業,1.06,418045000.0,394382075.4716981,0.75,569535881.6257182,1.44,45.45,72.33,19.21,91.54,27.66,131.82,65.45,69.7,0.94,0.4,1.89,2.95,163,40.62,149
3444,利機,電子通路業,2.14,1248999000.0,583644392.5233644,1.34,1344533314.2295213,2.3,34.46,46.97,19.41,66.38,44.64,152.67,79.26,82.7,0.96,0.54,1.85,0.0,0,50.85,183
3511,矽瑪,電子零組件業,-1.19,1766342000.0,0.0,0.0,1829243732.1558146,0.0,0.0,0.0,0.0,0.0,0.0,0.0,0.0,22.0,0.0,0.0,0.0,70.4,128,14.81,42
3515,華擎,電子工業,15.28,46660001000.0,3053664986.910995,8.95,50733676926.568665,16.61,19.53,19.51,7.54,27.05,125.24,449.3,324.46,207.5,1.56,0.6,2.17,9.42,175,28.82,105
3548,兆利,電子零組件業,2.24,9772727000.0,4362824553.571428,1.1,7288814542.106345,1.67,180.91,2077.69,12.31,2090.0,20.56,3490.3,302.13,80.1,3.77,0.26,43.57,15.09,141,13.45,43
3550,聯穎,電子工業,-1.19,3529210000.0,0.0,0.0,4351857522.190568,0.0,42.57,0.0,42.57,42.57,0.0,0.0,0.0,24.7,0.0,0.0,0.0,77.81,70,18.57,168
3552,同致,其他電子類,0.68,8535131000.0,12551663235.294117,0.37,8172908061.471172,0.65,67.1,107.69,17.72,125.41,11.52,81.52,43.61,46.0,0.95,0.25,1.77,0.0,0,29.22,111
3555,博士旺,半導體業,1.19,249976000.0,210063865.54621848,2.37,2476320856.3510575,11.79,76.66,181.69,21.83,203.52,257.38,2399.5,903.87,152.0,5.95,1.69,15.79,1.04,44,144.13,154
3556,禾瑞亞,半導體業,2.15,961949000.0,447418139.53488374,1.58,1173360491.634585,2.62,44.61,99.66,14.89,114.55,39.01,300.12,116.89,68.5,1.71,0.57,4.38,0.0,0,7.82,44
3558,神準,通信網路業,5.2,15050049000.0,2894240192.307692,2.72,12850307732.489044,4.44,29.96,43.26,10.05,53.31,44.62,236.7,133.01,137.0,0.97,0.33,1.73,32.75,140,9.15,29
3563,牧德,光電業,15.79,3177380000.0,201227359.0880304,10.63,3441522958.3333545,17.1,71.51,186.35,10.5,196.85,179.55,3366.14,1222.83,701.0,1.74,0.26,4.8,13.51,148,24.12,44
3564,其陽,通信網路業,0.65,2484572000.0,3822418461.538461,0.43,2816543892.759046,0.74,106.76,300.84,49.16,350.0,36.38,259.0,79.0,50.2,1.57,0.72,5.16,11.7,2,1.11,1
3567,逸昌,半導體業,1.06,282056000.0,266090566.03773585,0.59,284931396.50074875,1.07,19.33,23.83,10.43,34.26,11.16,36.66,20.69,28.05,0.74,0.4,1.31,0.0,0,14.71,184
3570,大塚,資訊服務業,13.95,2412857000.0,172964659.4982079,9.42,2566662803.313085,14.84,13.3,10.08,11.22,21.3,166.5,316.09,197.39,166.0,1.19,1.0,1.9,13.29,146,8.93,27
3576,聯合再生,光電業,-0.76,3793481000.0,0.0,0.0,2162074700.8459973,0.0,42.35,12.62,37.38,50.0,0.0,0.0,0.0,17.7,0.0,0.0,0.0,0.0,0,62.52,183
3577,泓格,電腦及週邊設備業,2.36,1147441000.0,486203813.55932206,1.92,1577297664.0647166,3.24,37.51,38.25,23.96,62.21,77.63,201.56,121.54,138.5,0.88,0.56,1.46,41.81,76,14.67,5
3580,友威科,其他電子類,1.94,435272000.0,224367010.30927837,1.01,403808209.5959596,1.8,27.87,70.77,9.94,80.71,17.89,145.28,50.17,91.8,0.55,0.19,1.58,49.57,44,6.58,175
3581,博磊,半導體業,0.81,1472080000.0,1817382716.0493827,0.58,2018750162.7109373,1.11,421.68,2200.59,46.08,2246.67,51.15,2493.8,468.07,123.5,3.79,0.41,20.19,54.63,105,114.99,166
3583,辛耘,半導體業,17.48,11181723000.0,639686670.4805492,11.09,12175061192.475487,19.03,35.74,52.36,13.13,65.49,249.86,1246.27,680.19,830.0,0.82,0.3,1.5,22.37,84,25.07,70
3587,閎康,其他電子類,6.09,5497073000.0,902639244.6633826,3.95,6401893053.7701,7.09,28.21,47.11,13.38,60.49,94.86,428.87,200.01,272.5,0.73,0.35,1.57,7.12,42,14.4,97
3588,通嘉,半導體業,0.51,1334330000.0,2616333333.3333335,0.36,1599875489.1044672,0.61,56.94,123.94,14.43,138.37,8.8,84.41,34.74,59.8,0.58,0.15,1.41,0.22,1,27.73,63
3546,宇峻,文化創意業,2.06,1333509000.0,647334466.0194174,1.78,2017448760.4105966,3.12,23.35,23.43,13.63,37.06,42.53,115.63,72.84,72.8,1.0,0.58,1.59,0.67,1,2.93,7
3545,敦泰,電子工業,-4.64,12323034000.0,0.0,0.0,10316829564.851196,0.0,29.67,42.78,4.08,46.86,0.0,0.0,0.0,52.0,0.0,0.0,0.0,0.66,155,6.21,65
3543,州巧,電子工業,-2.24,3253705000.0,0.0,0.0,3191641663.1968355,0.0,45.0,29.14,25.19,54.33,0.0,0.0,0.0,30.95,0.0,0.0,0.0,8.19,69,91.51,106
3516,亞帝歐,光電業,0.26,1043045000.0,4011711538.4615383,0.17,1281167615.99042,0.32,95.18,116.7,47.92,164.62,15.33,52.68,30.46,25.7,1.19,0.6,2.05,13.31,99,8.91,170
3518,柏騰,其他電子業,-1.56,317765000.0,0.0,0.0,246060804.02023673,0.0,14.75,15.44,12.24,27.68,0.0,0.0,0.0,28.4,0.0,0.0,0.0,39.32,37,56.25,64
3520,華盈,電子零組件業,-0.09,1224116000.0,0.0,0.0,1275858470.0823438,0.0,132.04,255.29,40.34,295.63,0.0,0.0,0.0,16.15,0.0,0.0,0.0,2.01,1,42.6,106
3523,迎輝,光電業,-1.45,106915000.0,0.0,0.0,91835224.40241195,0.0,0.0,0.0,0.0,0.0,0.0,0.0,0.0,15.4,0.0,0.0,0.0,71.05,52,5.91,68
3526,凡甲,電子零組件業,16.98,3869677000.0,227896171.96702,11.89,4784391551.204026,20.99,16.25,9.81,12.75,22.56,267.62,473.53,341.14,312.5,1.09,0.86,1.52,26.13,142,10.17,27
3527,聚積,半導體業,-1.83,1479934000.0,0.0,0.0,1385692841.796936,0.0,613.47,1793.35,100.65,1894.0,0.0,0.0,0.0,58.9,0.0,0.0,0.0,0.0,0,2.73,61
3528,安馳,電子工業,2.3,8386277000.0,3646207391.304348,2.12,15921902361.64002,4.37,45.97,191.51,11.28,202.79,49.29,886.19,200.89,89.0,2.26,0.55,9.96,12.8,37,11.65,27
4126,太醫,生技醫療業,5.28,2430779000.0,460374810.60606056,2.99,2412362469.297652,5.24,15.49,3.68,13.67,17.35,71.63,90.91,81.19,78.2,1.04,0.92,1.16,10.16,167,1.21,21
3529,力旺,半導體業,25.6,3895918000.0,152184296.875,14.92,4478755830.208921,29.43,105.57,112.16,59.72,171.88,1757.56,5058.43,3107.0,2530.0,1.23,0.69,2.0,27.45,115,12.24,50
3530,晶相光,電子工業,1.74,1759670000.0,1011304597.7011495,1.34,2551193640.62196,2.52,33.71,26.14,12.88,39.02,32.46,98.33,84.95,61.0,1.39,0.53,1.61,2.37,1,37.15,175
3531,先益,光電業,0.3,1341667000.0,4472223333.333334,0.14,964224196.72385,0.22,42.49,90.4,8.35,98.75,1.84,21.72,9.35,23.15,0.4,0.08,0.94,0.0,0,3.7,29
3532,台勝科,半導體業,1.57,12293039000.0,7829961146.496815,1.03,14005662825.66735,1.79,78.66,644.01,18.02,662.03,32.26,1185.03,140.79,471.0,0.3,0.07,2.52,0.0,0,77.55,182
3533,嘉澤,電子工業,70.15,33055352000.0,471209579.47255874,47.65,39319098906.7661,83.44,22.94,27.82,12.74,40.56,1063.03,3384.33,1913.98,2020.0,0.95,0.53,1.68,25.94,141,19.16,63
3535,晶彩科,光電業,-1.06,383417000.0,0.0,0.0,2100559337.5447876,0.0,141.82,325.18,18.57,343.75,0.0,0.0,0.0,97.1,0.0,0.0,0.0,4.23,15,54.91,145
3537,堡達,電子零組件業,2.51,2863383000.0,1140790039.8406374,1.56,3138471392.8006516,2.75,20.06,29.12,9.69,38.81,26.65,106.73,55.17,62.1,0.89,0.43,1.72,2.47,16,17.95,183
3540,曜越,電腦及週邊設備業,0.74,5104074000.0,6897397297.2972975,0.39,4623166979.084548,0.67,131.84,263.85,34.07,297.92,22.83,199.61,88.33,21.55,4.1,1.06,9.26,1.31,1,22.17,58
3541,西柏,其他電子類,-0.83,1067915000.0,0.0,0.0,997724583.8740349,0.0,0.0,0.0,0.0,0.0,0.0,0.0,0.0,21.9,0.0,0.0,0.0,0.9,1,23.55,7
3374,精材,半導體業,4.99,7099998000.0,1422845290.5811622,3.36,9362946506.680042,6.58,33.25,60.0,18.21,78.21,119.82,514.62,218.76,395.0,0.55,0.3,1.3,28.28,44,22.67,180
4127,天良,生技醫療業,-0.21,495225000.0,0.0,0.0,782289340.7154269,0.0,170.82,521.92,70.94,592.86,0.0,0.0,0.0,83.0,0.0,0.0,0.0,17.45,160,0.0,0
4129,聯合,生技醫療業,5.83,5570321000.0,955458147.5128645,3.73,6473631829.459344,6.78,20.02,9.64,15.75,25.39,106.79,172.14,135.74,92.6,1.47,1.15,1.86,0.99,49,23.0,110
4714,永捷,化學工業,-0.54,1423308000.0,0.0,0.0,2567273827.01522,0.0,51.27,73.71,16.77,90.48,0.0,0.0,0.0,11.25,0.0,0.0,0.0,3.26,16,11.89,69
4716,大立,化學工業,-0.88,541346000.0,0.0,0.0,507072620.3381795,0.0,68.37,199.41,15.59,215.0,0.0,0.0,0.0,20.2,0.0,0.0,0.0,51.99,99,19.33,76
4720,德淵,化學工業,0.74,3617724000.0,4888816216.216216,0.47,3908970459.079876,0.8,19.03,38.41,10.28,48.69,8.22,38.95,15.22,21.9,0.69,0.38,1.78,7.08,2,27.7,175
4721,美琪瑪,化學工業,3.01,2547493000.0,846343189.3687708,2.03,2687548995.6555314,3.18,24.5,49.68,13.17,62.85,41.88,199.86,77.9,76.7,1.02,0.55,2.61,1.87,1,24.0,8
4722,國精化,化學工業,2.01,3818702000.0,1899851741.2935326,1.16,3729012350.062197,1.96,64.1,170.99,10.37,181.36,20.33,355.47,125.64,253.0,0.5,0.08,1.41,0.0,0,209.97,79
4726,永昕,生技醫療業,-2.17,662586000.0,0.0,0.0,934197885.7112294,0.0,0.0,0.0,0.0,0.0,0.0,0.0,0.0,25.7,0.0,0.0,0.0,4.82,7,2.59,49
4728,雙美,生技醫療業,13.32,1996037000.0,149852627.6276276,9.09,2337352216.337822,15.6,27.55,20.07,19.59,39.66,305.6,618.7,429.73,380.0,1.13,0.8,1.63,0.0,0,13.35,22
4729,熒茂,光電業,0.17,1096405000.0,6449441176.470588,0.09,1020344279.2350372,0.16,316.46,1690.45,29.55,1720.0,4.73,275.2,50.63,20.1,2.52,0.24,13.69,63.95,97,22.05,43
4735,豪展,生技醫療業,2.43,899326000.0,370093004.1152263,1.6,1026780783.924767,2.77,40.2,119.49,9.77,129.26,27.06,358.05,111.34,30.9,3.6,0.88,11.59,12.28,52,1.29,8
4737,華廣,化學生技醫療,-2.72,1820339000.0,0.0,0.0,1649255794.058542,0.0,575.04,574.16,48.57,622.73,0.0,0.0,0.0,56.6,0.0,0.0,0.0,5.26,99,5.81,51
4739,康普,化學工業,1.56,5867643000.0,3761309615.3846154,1.64,12762540519.818615,3.39,119.8,1151.29,25.38,1176.67,86.04,3988.91,406.13,90.4,4.49,0.95,44.13,1.15,1,38.83,146
4741,泓瀚,化學工業,0.29,482051000.0,1662244827.586207,0.2,554768963.1404825,0.33,44.59,206.22,11.71,217.93,3.86,71.92,14.72,49.5,0.3,0.08,1.45,61.92,52,2.9,40
4743,合一,生技醫療業,-2.18,109851000.0,0.0,0.0,186190285.63971147,0.0,0.0,0.0,0.0,0.0,0.0,0.0,0.0,50.3,0.0,0.0,0.0,15.94,6,28.27,48
4744,皇將,生技醫療業,2.5,1404494000.0,561797600.0,1.41,1161790722.6472647,2.07,32.61,99.26,12.41,111.67,25.69,231.16,67.51,31.9,2.12,0.81,7.25,1.67,55,60.41,55
4745,合富-KY,生技醫療業,-3.17,3136317000.0,0.0,0.0,2841368224.413796,0.0,713.29,1970.0,60.0,2030.0,0.0,0.0,0.0,14.25,0.0,0.0,0.0,6.88,80,59.35,159
4746,台耀,化學生技醫療,3.68,4864147000.0,1321779076.0869565,2.04,4491301932.581554,3.4,36.15,232.79,13.95,246.74,47.43,838.92,122.89,53.0,2.32,0.89,15.83,3.65,1,3.49,28
4711,永純,化學工業,0.15,721056000.0,4807040000.0,0.1,874972964.6658009,0.18,202.25,411.93,44.32,456.25,7.98,82.12,36.41,16.6,2.19,0.48,4.95,23.95,44,22.9,77
4707,磐亞,化學工業,0.89,1382798000.0,1553705617.977528,0.45,1221661264.5368428,0.79,14.37,38.86,9.53,48.39,7.53,38.23,11.35,45.0,0.25,0.17,0.85,1.48,37,7.36,163
4566,時碩工業,電機機械,1.35,4950351000.0,3666926666.6666665,0.88,5568388097.17365,1.52,47.47,94.03,14.74,108.77,22.4,165.33,72.15,65.9,1.09,0.34,2.51,7.18,3,19.21,44
4568,科際精密,電機機械,2.01,1210528000.0,602252736.318408,1.18,1224438578.570266,2.03,22.0,20.61,13.27,33.88,26.94,68.78,44.65,39.75,1.12,0.68,1.73,0.0,0,0.11,7
4569,六方科-KY,汽車工業,4.13,1790506000.0,433536561.7433414,2.58,1959483596.8753583,4.52,31.66,38.76,14.66,53.42,66.26,241.46,143.12,167.5,0.85,0.4,1.44,190.78,104,51.41,33
4571,鈞興-KY,電機機械,9.61,3094943000.0,322054422.4765869,5.47,3010046567.645911,9.35,19.92,21.28,12.99,34.27,121.46,320.42,186.28,160.0,1.16,0.76,2.0,97.48,168,25.85,35
4572,駐龍,電機機械,3.02,675919000.0,223814238.410596,1.91,714577084.4610384,3.19,33.25,37.34,20.4,57.74,65.08,184.19,106.08,148.5,0.71,0.44,1.24,4.46,42,7.58,49
4576,大銀微系統,電機機械,2.01,2671021000.0,1328866169.154229,1.62,3824124449.926255,2.88,243.98,807.18,31.71,838.89,91.32,2416.0,702.67,211.0,3.33,0.43,11.45,98.63,162,16.14,41
4577,達航科技,其他電子類,-0.74,728121000.0,0.0,0.0,1071286676.3407617,0.0,0.0,0.0,0.0,0.0,0.0,0.0,0.0,76.9,0.0,0.0,0.0,65.11,153,212.41,166
4580,捷流閥業,電機機械,5.0,2288106000.0,457621200.0,2.97,2307316482.101578,5.04,12.66,7.63,8.94,16.57,45.06,83.51,63.81,81.7,0.78,0.55,1.02,0.0,0,19.26,61
4581,光隆精密-KY,汽車工業,4.73,1072763000.0,226799788.5835095,3.03,1152915283.2598176,5.08,10.53,5.48,8.4,13.88,42.67,70.51,53.51,50.8,1.05,0.84,1.39,0.16,2,2.35,44
4582,聚恆-創,創新板股票,1.54,1215456000.0,789257142.8571428,1.4,2819212601.429902,3.57,16.85,3.6,14.58,18.18,52.05,64.9,60.17,28.0,2.15,1.86,2.32,3.42,16,10.61,173
4583,台灣精銳,電機機械,12.0,2985176000.0,248764666.66666666,8.08,3370829246.8941956,13.55,55.82,57.89,17.71,75.6,239.97,1024.38,756.38,603.0,1.25,0.4,1.7,229.93,163,1.31,43
4584,君帆,電機機械,3.43,1326004000.0,386590087.4635568,1.64,1051037993.2944318,2.72,15.06,8.59,11.76,20.35,31.99,55.35,40.96,40.6,1.01,0.79,1.36,1.2,1,2.55,15
4585,達明,其他電子業,1.46,731904000.0,501304109.5890411,0.0,0.0,0.0,334.88,299.33,219.62,518.95,0.0,0.0,0.0,324.0,0.0,0.0,0.0,18.42,98,107.25,44
4588,玖鼎電力,其他電子業,3.2,896078000.0,280024375.0,2.11,1075415439.9123297,3.84,20.43,17.33,13.82,31.15,53.07,119.62,78.44,54.2,1.45,0.98,2.21,0.0,0,5.28,110
4590,富田-創,創新板股票,2.72,84263000.0,30979044.117647056,0.0,0.0,0.0,2367.73,9133.54,26.46,9160.0,0.0,0.0,0.0,92.0,0.0,0.0,0.0,27.52,64,5.24,167
4706,大恭,化學工業,0.35,1092365000.0,3121042857.1428576,0.22,1265991336.5780141,0.41,82.35,174.22,27.78,202.0,11.39,82.82,33.76,0.0,0.0,0.0,0.0,0.0,0,0.0,0
4747,強生,生技醫療業,1.19,566185000.0,475785714.2857143,0.72,586199024.2092333,1.23,37.02,25.61,22.41,48.02,27.56,59.06,45.53,48.45,0.94,0.57,1.22,8.06,108,26.02,68
4754,國碳科,化學工業,2.87,622838000.0,217016724.73867595,1.84,623878517.285126,2.87,14.27,3.44,12.86,16.3,36.91,46.78,40.96,36.9,1.11,1.0,1.27,3.82,181,2.66,139
4912,聯德控股-KY,電子工業,2.03,6305207000.0,3106013300.492611,1.35,7656168338.962453,2.46,21.21,43.14,11.29,54.43,27.77,133.9,52.17,87.5,0.6,0.32,1.53,44.49,176,36.71,173
4915,致伸,電子工業,5.71,59308761000.0,10386823292.469353,3.66,67564058254.265495,6.5,14.19,6.85,11.07,17.92,71.96,116.48,92.22,66.9,1.38,1.08,1.74,8.73,77,20.62,119
4916,事欣科,電子工業,1.77,3495648000.0,1974942372.881356,1.44,5135542790.300807,2.6,286.6,2349.24,13.26,2362.5,34.48,6142.5,745.15,110.5,6.74,0.31,55.59,20.74,6,70.76,33
4919,新唐,半導體業,-3.97,30608546000.0,0.0,0.0,30009876604.905975,0.0,302.05,1067.08,18.63,1085.71,0.0,0.0,0.0,156.5,0.0,0.0,0.0,0.0,0,1.97,1
4923,力士,半導體業,-5.26,878441000.0,0.0,0.0,1118966109.6830301,0.0,73.7,15.08,63.73,78.81,0.0,0.0,0.0,53.6,0.0,0.0,0.0,0.22,1,7.21,184
4927,泰鼎-KY,電子工業,-8.63,11707243000.0,0.0,0.0,11004482302.519201,0.0,10.64,0.0,10.64,10.64,0.0,0.0,0.0,39.3,0.0,0.0,0.0,9.14,45,63.0,184
4930,燦星網,電器電纜,0.6,6237349000.0,10395581666.666668,0.3,5440704328.617017,0.52,13.99,29.62,4.96,34.58,2.58,17.98,7.27,17.0,0.43,0.15,1.06,8.1,84,3.22,49
4931,新盛力,電腦及週邊設備業,3.13,2333664000.0,745579552.715655,2.88,4022247802.943781,5.39,43.82,69.31,17.76,87.07,95.73,469.31,236.21,221.0,1.07,0.43,2.12,145.93,163,92.58,159
4933,友輝,光電業,5.77,3062497000.0,530762045.06065863,3.17,2808603915.5056353,5.29,11.47,6.13,8.48,14.61,44.86,77.29,60.67,59.7,1.02,0.75,1.29,5.31,62,0.65,5
4934,太極,光電業,-0.95,87174000.0,0.0,0.0,207472332.75323623,0.0,0.0,0.0,0.0,0.0,0.0,0.0,0.0,16.3,0.0,0.0,0.0,0.43,2,65.7,76
4935,茂林-KY,光電業,1.34,5517931000.0,4117858955.2238803,0.61,4038540196.975626,0.98,18.33,24.47,6.44,30.91,6.31,30.29,17.96,36.15,0.5,0.17,0.84,22.31,99,33.07,51
4938,和碩,電子工業,5.39,1119686756000.0,207734092022.26346,2.98,1078266347307.3948,5.19,14.69,12.7,9.94,22.64,51.59,117.5,76.25,83.2,0.92,0.62,1.41,0.47,1,1.73,20
4939,亞電,電子零組件業,-0.43,1421150000.0,0.0,0.0,1522215136.2802367,0.0,89.84,131.52,37.65,169.17,0.0,0.0,0.0,66.8,0.0,0.0,0.0,4.72,65,107.73,183
4942,嘉彰,光電業,3.05,6065551000.0,1988705245.9016395,1.63,5744407869.289486,2.89,11.59,8.89,7.26,16.15,20.98,46.67,33.5,37.6,0.89,0.56,1.24,0.0,0,7.79,110
4911,德英,生技醫療業,2.22,310711000.0,139959909.9099099,0.64,150634036.69173095,1.08,26.98,28.41,15.0,43.41,16.2,46.88,29.14,34.7,0.84,0.47,1.35,0.33,93,3.8,48
4749,新應材,半導體業,11.32,4226168000.0,373336395.7597173,7.6,4923460573.528664,13.19,80.79,61.73,43.12,104.85,568.75,1382.97,1065.62,860.0,1.24,0.66,1.61,27.35,112,57.0,174
4909,新復興,通信網路業,-1.25,444305000.0,0.0,0.0,159221542.71550718,0.0,58.48,284.18,6.65,290.83,0.0,0.0,0.0,41.15,0.0,0.0,0.0,59.35,76,0.56,2
4907,富宇,建材營造,1.24,3212506000.0,2590730645.16129,0.94,3414448482.5272713,1.32,15.12,36.85,5.8,42.65,7.66,56.3,19.95,40.35,0.49,0.19,1.4,32.96,16,21.0,161
4755,三福化,化學工業,3.7,4835643000.0,1306930540.5405405,2.13,4758994300.816804,3.64,31.98,25.62,20.2,45.82,73.53,166.78,116.41,135.5,0.86,0.54,1.23,1.06,1,16.81,69
4760,勤凱,其他電子類,7.17,1827244000.0,254845746.16457462,6.02,2914719049.0653014,11.44,26.99,49.82,12.25,62.07,140.14,710.08,308.79,275.5,1.12,0.51,2.58,12.95,83,68.94,140
4763,材料*-KY,化學工業,24.57,13615644000.0,554157264.9572649,12.14,9571039105.096006,17.27,9.17,9.56,5.4,14.96,93.26,258.36,158.35,47.45,3.34,1.97,5.44,11.88,49,0.85,5
4764,雙鍵,化學工業,1.21,2876719000.0,2377453719.0082645,0.85,3453955327.921992,1.45,145.2,238.02,42.31,280.33,61.35,406.48,210.54,328.5,0.64,0.19,1.24,9.6,91,224.79,183
4766,南寶,化學工業,20.26,23192505000.0,1144743583.4155972,12.6,25046095941.060204,21.88,15.6,8.61,11.82,20.43,258.62,447.01,341.39,339.0,1.01,0.76,1.32,1.96,16,41.45,49
4767,誠泰科技,化學工業,1.25,1012731000.0,810184800.0,0.67,879165893.0311425,1.09,15.45,13.62,8.88,22.5,9.68,24.52,16.84,27.4,0.61,0.35,0.89,36.16,43,0.31,14
4768,晶呈科技,化學工業,0.39,1033185000.0,2649192307.6923075,0.42,2667002355.0381727,1.01,322.85,1346.52,32.97,1379.49,33.3,1393.28,326.08,330.5,0.99,0.1,4.22,3.13,69,283.55,182
4770,上品,化學工業,10.2,4769392000.0,467587450.9803922,6.05,4840685589.875226,10.35,16.97,17.03,9.25,26.28,95.74,272.0,175.67,226.5,0.78,0.42,1.2,0.0,0,22.69,54
4771,望隼,化學生技醫療,12.71,3422496000.0,269275845.79071593,9.34,4516010306.872198,16.77,16.12,14.3,13.31,27.61,223.21,463.02,270.35,203.0,1.33,1.1,2.28,0.0,0,5.92,44
4772,台特化,化學工業,4.21,1762870000.0,418733966.74584323,4.93,6395482000.228329,15.27,81.04,59.23,53.93,113.16,823.51,1727.95,1237.44,264.5,4.68,3.11,6.53,47.01,184,67.86,180
4806,桂田文創,文化創意業,-0.19,84386000.0,0.0,0.0,183917844.7245202,0.0,0.0,0.0,0.0,0.0,0.0,0.0,0.0,9.98,0.0,0.0,0.0,1.96,2,86.07,83
4807,日成-KY,貿易百貨,-0.24,2110985000.0,0.0,0.0,2666047633.840383,0.0,286.04,456.44,8.56,465.0,0.0,0.0,0.0,42.8,0.0,0.0,0.0,72.86,112,14.81,173
4903,聯光通,通信網路業,1.02,1463911000.0,1435206862.745098,0.64,1677015438.8729115,1.17,104.57,467.36,21.93,489.29,25.66,572.47,122.34,38.5,3.18,0.67,14.87,104.13,92,83.49,160
4904,遠傳,通信網路業,3.82,108996963000.0,28533236387.434555,2.38,120650883822.13252,4.23,25.26,6.81,22.11,28.92,93.53,122.33,106.87,101.0,1.06,0.93,1.21,16.4,66,15.76,114
4906,正文,通信網路業,-0.25,17213421000.0,0.0,0.0,12164385666.867222,0.0,27.61,30.34,14.9,45.24,0.0,0.0,0.0,37.75,0.0,0.0,0.0,0.0,0,24.05,152
4908,前鼎,通信網路業,1.97,859504000.0,436296446.70050764,1.33,954305890.5739684,2.19,43.67,126.95,21.28,148.23,46.6,324.62,95.63,151.5,0.63,0.31,2.14,14.08,143,23.26,29
4564,元翎,電機機械,-1.85,1136277000.0,0.0,0.0,741284557.0897483,0.0,18.4,0.0,18.4,18.4,0.0,0.0,0.0,20.0,0.0,0.0,0.0,15.61,17,40.86,57
4563,百德,電機機械,-2.67,2857967000.0,0.0,0.0,2470683454.301722,0.0,27.51,34.51,14.7,49.21,0.0,0.0,0.0,41.6,0.0,0.0,0.0,109.27,83,5.44,16
4562,穎漢,電機機械,-1.28,747282000.0,0.0,0.0,607412298.7114458,0.0,0.0,0.0,0.0,0.0,0.0,0.0,0.0,33.3,0.0,0.0,0.0,32.01,34,6.11,2
4171,瑞基,農業科技業,-1.94,221826000.0,0.0,0.0,250337464.5263324,0.0,0.0,0.0,0.0,0.0,0.0,0.0,0.0,16.75,0.0,0.0,0.0,5.13,44,31.19,105
4173,久裕,生技醫療業,1.16,1518675000.0,1309202586.2068965,0.72,1592205704.9903996,1.22,17.47,7.02,14.73,21.75,17.97,26.54,21.32,17.95,1.19,1.0,1.48,0.45,1,8.8,70
4174,浩鼎,生技醫療業,-15.61,59036000.0,0.0,0.0,47529553.88213817,0.0,0.0,0.0,0.0,0.0,0.0,0.0,0.0,28.65,0.0,0.0,0.0,43.13,44,9.94,20
4175,杏一,生技醫療業,3.69,7998459000.0,2167604065.0406504,2.21,8106517271.800356,3.74,61.07,171.14,13.48,184.62,50.42,690.48,228.39,50.6,4.51,1.0,13.65,5.41,6,1.43,2
4178,永笙-KY,化學生技醫療,-0.92,0.0,0.0,0.0,0.0,0.0,0.0,0.0,0.0,0.0,0.0,0.0,0.0,18.5,0.0,0.0,0.0,0.0,0,31.33,183
4183,福永生技,生技醫療業,-0.33,508694000.0,0.0,0.0,357689265.31676316,0.0,32.9,59.88,15.66,75.54,0.0,0.0,0.0,0.0,0.0,0.0,0.0,0.0,0,5.87,16
4188,安克,生技醫療業,-0.88,37034000.0,0.0,0.0,23313846.7486819,0.0,0.0,0.0,0.0,0.0,0.0,0.0,0.0,10.35,0.0,0.0,0.0,0.0,0,9.71,51
4190,佐登-KY,化學生技醫療,-1.59,2247934000.0,0.0,0.0,2191959123.5175247,0.0,16.77,0.0,16.77,16.77,0.0,0.0,0.0,25.65,0.0,0.0,0.0,13.35,104,0.0,0
4192,杏國,生技醫療業,-1.3,27417000.0,0.0,0.0,25429722.987939946,0.0,3519.41,365.0,3340.0,3705.0,0.0,0.0,0.0,19.9,0.0,0.0,0.0,4.03,7,2.17,69
4195,基米-創,創新板股票,-0.54,0.0,0.0,0.0,0.0,0.0,0.0,0.0,0.0,0.0,0.0,0.0,0.0,16.9,0.0,0.0,0.0,2.73,1,52.66,58
4198,欣大健康,生技醫療業,-1.97,196995000.0,0.0,0.0,157117180.30110648,0.0,7.67,4.14,6.71,10.85,0.0,0.0,0.0,40.1,0.0,0.0,0.0,1.03,2,2.41,2
4205,中華食,食品工業,4.23,2048169000.0,484200709.2198581,2.42,2061673152.4033751,4.26,20.06,6.53,17.61,24.14,75.02,102.84,85.45,74.7,1.14,1.0,1.38,0.0,0,1.03,5
4207,環泰,食品工業,1.76,5176930000.0,2941437500.0,1.11,5428838477.684153,1.85,13.42,6.72,9.57,16.29,17.7,30.14,24.83,19.95,1.24,0.89,1.51,0.0,0,24.29,124
4303,信立,塑膠工業,11.14,980754000.0,88038958.70736086,6.59,1014811700.3396434,11.53,7.23,13.22,2.66,15.88,30.67,183.1,83.38,44.3,1.88,0.69,4.13,25.11,139,0.68,1
4304,勝昱,塑膠工業,-1.16,342667000.0,0.0,0.0,353470126.20809203,0.0,0.0,0.0,0.0,0.0,0.0,0.0,0.0,20.0,0.0,0.0,0.0,29.76,36,241.06,166
4305,世坤,塑膠工業,3.83,1088255000.0,284139686.6840731,2.05,989963616.1981053,3.48,12.14,4.37,10.43,14.8,36.3,51.5,42.26,0.0,0.0,0.0,0.0,5.02,80,4.84,13
4169,泰宗,生技醫療業,0.32,0.0,0.0,0.0,0.0,0.0,554.64,418.75,453.13,871.88,0.0,0.0,0.0,266.0,0.0,0.0,0.0,10.48,85,231.35,127
4306,炎洲,塑膠工業,0.27,13142952000.0,48677600000.0,0.17,15440288255.024605,0.32,28.3,47.44,10.16,57.6,3.25,18.43,9.06,15.2,0.6,0.21,1.21,2.51,16,2.22,33
4167,松瑞藥,生技醫療業,1.72,1139892000.0,662727906.9767442,0.96,1108624997.5018182,1.67,26.73,59.83,10.78,70.61,18.0,117.92,44.64,21.55,2.07,0.84,5.47,0.65,1,8.58,184
4130,健亞,生技醫療業,0.11,494127000.0,4492063636.363636,0.06,440459762.4189627,0.1,166.1,296.83,71.17,368.0,7.12,36.8,16.61,27.4,0.61,0.26,1.34,4.55,184,93.68,181
4131,浩泰,生技醫療業,-0.77,221004000.0,0.0,0.0,321613884.0220297,0.0,0.0,0.0,0.0,0.0,0.0,0.0,0.0,32.5,0.0,0.0,0.0,5.37,156,26.89,168
4133,亞諾法,化學生技醫療,-0.02,352143000.0,0.0,0.0,340938328.28450847,0.0,246.13,945.2,21.47,966.67,0.0,0.0,0.0,20.35,0.0,0.0,0.0,2.26,2,6.74,23
4137,麗豐-KY,化學生技醫療,7.13,3840036000.0,538574474.053296,4.25,4185512465.348713,7.77,16.56,11.25,11.09,22.34,86.17,173.58,128.67,96.7,1.33,0.89,1.8,1.66,2,10.73,41
4138,曜亞,生技醫療業,4.0,1384713000.0,346178250.0,2.33,1403409239.083487,4.05,15.03,6.31,12.51,18.82,50.67,76.22,60.85,50.9,1.2,1.0,1.5,0.0,0,4.35,44
4139,馬光-KY,生技醫療業,-1.55,1092563000.0,0.0,0.0,1082701944.5816886,0.0,70.05,74.47,50.53,125.0,0.0,0.0,0.0,34.55,0.0,0.0,0.0,19.73,80,4.32,20
4142,國光生,化學生技醫療,-0.57,1425470000.0,0.0,0.0,1073587169.5098078,0.0,253.57,0.0,253.57,253.57,0.0,0.0,0.0,17.35,0.0,0.0,0.0,2.79,7,25.29,121
4147,中裕,生技醫療業,-0.61,584770000.0,0.0,0.0,641077268.3876659,0.0,0.0,0.0,0.0,0.0,0.0,0.0,0.0,66.0,0.0,0.0,0.0,13.55,176,1.98,1
4148,全宇生技-KY,化學生技醫療,2.31,2922708000.0,1265241558.4415584,1.41,3453708117.2475348,2.73,22.94,21.79,13.66,35.45,37.29,96.78,62.62,30.25,2.07,1.23,3.2,17.53,122,0.0,0
4153,鈺緯,生技醫療業,1.53,856515000.0,559813725.4901961,1.01,918549942.4375355,1.64,25.19,19.26,19.32,38.58,31.68,63.27,41.31,31.3,1.32,1.01,2.02,11.62,64,1.82,5
4157,太景*-KY,生技醫療業,0.06,39059000.0,650983333.3333334,0.37,378959229.80546,0.58,81.38,152.8,39.7,192.5,23.03,111.65,47.2,8.9,5.3,2.59,12.54,4.14,77,88.18,176
4160,訊聯基因,生技醫療業,0.81,583563000.0,720448148.1481481,0.53,635320473.6811852,0.88,55.21,88.23,23.17,111.4,20.39,98.03,48.58,40.65,1.2,0.5,2.41,12.69,2,21.18,12
4161,聿新科,生技醫療業,1.27,843016000.0,663792125.984252,0.81,969263969.6050979,1.46,18.97,11.41,13.87,25.28,20.25,36.91,27.7,22.75,1.22,0.89,1.62,7.39,83,5.73,34
4162,智擎,生技醫療業,2.69,2517404000.0,935837918.2156134,0.78,823336877.5114491,0.88,18.83,47.58,5.01,52.59,4.41,46.28,16.57,66.4,0.25,0.07,0.7,9.79,120,5.7,20
4163,鐿鈦,生技醫療業,5.13,2386847000.0,465272319.68810916,3.25,2558829864.4833245,5.5,22.54,12.27,17.49,29.76,96.2,163.68,123.95,127.5,0.97,0.75,1.28,1.68,44,2.37,41
4164,承業醫,化學生技醫療,0.98,4406696000.0,4496628571.428572,0.63,4817520403.328615,1.07,36.1,35.14,18.44,53.58,19.73,57.33,38.62,27.6,1.4,0.71,2.08,1.12,1,14.0,43
4166,友霖,生技醫療業,0.9,734964000.0,816626666.6666666,1.09,6013939504.206084,7.36,47.07,52.14,26.33,78.47,193.79,577.54,346.42,26.15,13.25,7.41,22.09,63.69,113,0.0,0
4168,醣聯,生技醫療業,-2.16,33600000.0,0.0,0.0,20735832.184758127,0.0,0.0,0.0,0.0,0.0,0.0,0.0,0.0,23.95,0.0,0.0,0.0,2.66,1,15.67,61
4401,東隆興,紡織纖維,0.73,3932210000.0,5386589041.095891,0.41,3910883702.7886777,0.73,29.57,123.91,13.87,137.78,10.13,100.58,21.58,15.0,1.44,0.68,6.71,11.29,65,11.99,70
4402,郡都開發,紡織纖維,-0.13,23142000.0,0.0,0.0,18843975.25492862,0.0,213.29,108.88,168.0,276.88,0.0,0.0,0.0,16.35,0.0,0.0,0.0,45.98,34,15.36,50
4406,新昕纖,紡織纖維,-1.08,492484000.0,0.0,0.0,219514052.9018263,0.0,0.0,0.0,0.0,0.0,0.0,0.0,0.0,9.83,0.0,0.0,0.0,3.23,83,9.34,166
4535,至興,電機機械,1.3,2572197000.0,1978613076.9230769,0.74,2420192778.530422,1.22,16.72,16.65,12.11,28.76,14.77,35.09,20.4,28.0,0.73,0.53,1.25,7.43,64,4.98,2
4538,大詠城,電機機械,0.29,363369000.0,1252996551.724138,0.18,422538971.4024712,0.34,69.69,86.77,22.05,108.82,7.5,37.0,23.7,18.55,1.28,0.4,1.99,18.0,59,1.93,76
4540,全球傳動,電機機械,-0.66,2576441000.0,0.0,0.0,3470340736.569868,0.0,12.18,0.0,12.18,12.18,0.0,0.0,0.0,56.5,0.0,0.0,0.0,69.04,167,33.15,43
4541,晟田,其他,2.03,1593892000.0,785168472.906404,1.5,2137735153.0058374,2.72,657.46,3720.64,19.36,3740.0,52.66,10172.8,1788.28,71.3,25.08,0.74,142.68,26.91,167,60.35,50
4542,科嶠,電子零組件業,1.28,702589000.0,548897656.25,1.1,963970632.906012,1.76,239.23,1132.84,27.16,1160.0,47.8,2041.6,421.04,363.5,1.16,0.13,5.62,46.64,93,75.29,177
4543,萬在,電機機械,0.53,783259000.0,1477847169.8113208,0.38,962518646.2887768,0.65,40.33,105.55,11.12,116.67,7.23,75.84,26.21,33.85,0.77,0.21,2.24,2.14,1,19.13,184
4545,銘鈺,電子工業,0.18,2391456000.0,13285866666.666668,0.1,2277730254.851605,0.17,100.16,412.88,11.62,424.5,1.98,72.17,17.03,35.15,0.48,0.06,2.05,40.57,100,33.07,156
4549,桓達,電機機械,3.34,1266495000.0,379190119.76047903,1.75,1117613488.8369346,2.95,31.22,28.53,21.47,50.0,63.34,147.5,92.09,98.3,0.94,0.64,1.5,49.5,167,15.02,44
4550,長佳,電機機械,1.34,907487000.0,677229104.4776119,0.74,879400725.2860087,1.3,11.02,11.13,7.83,18.96,10.18,24.65,14.33,25.0,0.57,0.41,0.99,0.29,1,8.08,184
4551,智伸科,汽車工業,6.04,7704684000.0,1275609933.7748344,4.15,9153763729.070278,7.18,20.12,32.68,9.6,42.28,68.93,303.57,144.49,198.0,0.73,0.35,1.53,36.19,58,48.28,30
4552,力達-KY,電機機械,2.07,3459013000.0,1671020772.94686,1.14,3211699349.7236514,1.92,12.62,12.05,7.82,19.87,15.01,38.15,24.23,19.55,1.24,0.77,1.95,0.36,2,9.39,22
4554,橙的,其他電子類,2.15,496777000.0,231059069.76744187,1.31,548854125.7930591,2.38,18.81,28.16,12.0,40.16,28.56,95.58,44.76,31.75,1.41,0.9,3.01,3.18,45,6.59,21
4555,氣立,電機機械,0.19,1588876000.0,8362505263.157895,0.12,1769097225.9866579,0.21,201.15,236.35,16.26,252.61,3.41,53.05,42.24,49.9,0.85,0.07,1.06,0.0,0,47.89,47
4556,旭然,其他,0.92,674327000.0,732964130.4347826,0.55,726105105.9468914,0.99,134.91,441.8,28.91,470.71,28.62,466.0,133.56,116.5,1.15,0.25,4.0,21.36,6,24.12,184
4557,永新-KY,汽車工業,-0.34,4059621000.0,0.0,0.0,3181936027.7139325,0.0,53.88,259.7,6.97,266.67,0.0,0.0,0.0,51.0,0.0,0.0,0.0,33.79,132,0.94,2
4558,寶緯,電機機械,-0.39,1558915000.0,0.0,0.0,1708685479.1755004,0.0,401.47,1997.71,22.29,2020.0,0.0,0.0,0.0,17.55,0.0,0.0,0.0,51.82,115,11.3,22
4560,強信-KY,電機機械,3.02,1718464000.0,569027814.5695364,1.97,1906933452.681391,3.35,16.61,18.1,10.71,28.81,35.88,96.51,55.64,34.05,1.63,1.05,2.83,0.41,2,0.0,0
4561,健椿,電機機械,0.66,945579000.0,1432695454.5454545,0.43,1060284764.6101876,0.74,33.98,76.82,11.93,88.75,8.83,65.68,25.14,39.0,0.64,0.23,1.68,47.6,49,15.16,33
4534,慶騰,電機機械,0.0,801825000.0,0.0,0.0,1034168078.617529,0.0,921.42,2934.13,70.87,3005.0,0.0,0.0,0.0,42.35,0.0,0.0,0.0,8.54,49,31.95,30
4533,協易機,電機機械,0.2,3938898000.0,19694490000.0,0.12,3877720943.6082997,0.2,186.04,1696.44,16.06,1712.5,3.21,342.5,37.21,27.8,1.34,0.12,12.32,0.0,0,28.33,184
4532,瑞智,電機機械,2.05,20554212000.0,10026444878.04878,1.4,20629387365.780552,2.06,13.08,7.46,10.33,17.79,21.28,36.65,26.95,25.4,1.06,0.84,1.44,12.54,16,6.6,43
4413,飛寶企業,紡織纖維,0.53,797445000.0,1504613207.5471697,0.23,779767020.0938536,0.52,82.09,302.95,15.38,318.33,8.0,165.53,42.69,14.4,2.96,0.56,11.5,1.9,80,5.26,9
4414,如興,紡織纖維,0.65,14392916000.0,22142947692.30769,0.38,14570025452.129137,0.66,15.55,44.37,2.88,47.25,1.9,31.18,10.27,8.6,1.19,0.22,3.63,0.0,0,27.59,54
4416,三圓,建材營造,-0.64,1096928000.0,0.0,0.0,4092886269.0327783,0.0,529.01,980.84,11.66,992.5,0.0,0.0,0.0,10.5,0.0,0.0,0.0,7.04,49,0.0,0
4417,金洲,紡織纖維,6.13,3526922000.0,575354323.0016314,3.22,3248901955.3954763,5.65,9.31,4.09,7.52,11.61,42.49,65.6,52.6,43.9,1.2,0.97,1.49,8.81,150,32.56,119
4420,光明,紡織纖維,5.52,1018773000.0,184560326.08695653,3.1,957812230.0637684,5.19,8.89,51.25,1.1,52.35,5.71,271.7,46.12,36.0,1.28,0.16,7.55,18.35,49,0.36,1
4426,利勤,紡織纖維,-2.93,875169000.0,0.0,0.0,886095489.6615949,0.0,0.0,0.0,0.0,0.0,0.0,0.0,0.0,8.47,0.0,0.0,0.0,0.0,0,10.89,49
4430,耀億,其他,-0.19,2072039000.0,0.0,0.0,2133502199.737136,0.0,0.0,0.0,0.0,0.0,0.0,0.0,0.0,17.0,0.0,0.0,0.0,14.16,112,1.53,27
4432,銘旺實,紡織纖維,0.88,1113575000.0,1265426136.3636363,0.42,920493480.2122225,0.73,14.27,28.22,4.55,32.77,3.32,23.92,10.42,16.45,0.63,0.2,1.45,5.98,48,9.7,19
4433,興采,紡織纖維,1.06,3437293000.0,3242729245.2830186,0.53,3110580804.0140076,0.96,122.07,474.9,16.77,491.67,16.1,472.0,117.19,19.7,5.95,0.82,23.96,1.72,16,0.0,0
4438,廣越,紡織纖維,3.06,19317257000.0,6312829084.96732,1.46,20423282767.823597,3.24,27.05,46.04,14.48,60.52,46.92,196.08,87.64,61.8,1.42,0.76,3.17,0.0,0,7.29,131
4128,中天,生技醫療業,-1.29,1884923000.0,0.0,0.0,2027374310.130915,0.0,0.0,0.0,0.0,0.0,0.0,0.0,0.0,15.85,0.0,0.0,0.0,15.55,7,10.78,20
4439,冠星-KY,紡織纖維,7.73,6940476000.0,897862354.4631306,5.13,7774345373.155187,8.66,26.05,47.78,10.6,58.38,91.8,505.57,225.6,100.5,2.24,0.91,5.03,4.23,168,10.88,131
4441,振大環球,紡織纖維,14.72,4114059000.0,279487703.8043478,16.01,24770695727.395206,88.63,18.37,12.77,12.62,25.39,1118.51,2250.32,1628.22,180.5,9.02,6.2,12.47,38.08,99,11.72,110
4442,竣邦-KY,紡織纖維,5.25,1675561000.0,319154476.1904762,3.8,1900296422.495915,5.95,13.81,11.95,10.5,22.45,62.48,133.58,82.16,49.0,1.68,1.28,2.73,76.06,181,54.43,126
4502,健信,電機機械,-1.52,967569000.0,0.0,0.0,1120855498.9889278,0.0,81.92,107.53,35.8,143.33,0.0,0.0,0.0,15.7,0.0,0.0,0.0,6.95,37,1.35,27
4503,金雨,電機機械,1.37,678367000.0,495158394.1605839,0.78,742158086.142162,1.5,78.36,153.14,16.86,170.0,25.29,255.0,117.54,38.7,3.04,0.65,6.59,0.0,0,20.48,28
4506,崇友,電機機械,6.52,6147778000.0,942910736.1963191,4.0,6453446512.377636,6.84,19.23,5.31,16.81,22.12,114.98,151.3,131.57,122.0,1.08,0.94,1.24,0.0,0,16.23,76
4510,高鋒,電機機械,-1.02,1581975000.0,0.0,0.0,2052905992.2650402,0.0,41.76,33.73,25.79,59.52,0.0,0.0,0.0,41.15,0.0,0.0,0.0,81.01,49,21.32,33
4513,福裕,電機機械,-1.79,1018902000.0,0.0,0.0,2412104803.81517,0.0,63.59,53.71,42.81,96.52,0.0,0.0,0.0,21.6,0.0,0.0,0.0,67.12,37,22.57,64
4523,永彰,電機機械,22.27,612079000.0,27484463.403682083,22.6,917659851.7608616,33.39,1.32,0.54,1.05,1.59,35.06,53.09,43.94,25.1,1.75,1.4,2.12,0.0,0,11.17,113
4526,東台,電機機械,1.82,5453188000.0,2996257142.857143,1.06,5017092811.399343,1.67,44.74,50.5,15.2,65.7,25.38,109.72,74.71,35.25,2.12,0.72,3.11,39.83,65,37.56,33
4527,方土霖,電機機械,3.4,3024592000.0,889585882.3529412,2.14,3130151827.8540606,3.52,12.19,6.55,9.33,15.88,32.84,55.9,42.9,39.55,1.08,0.83,1.41,39.13,100,1.03,1
4528,江興鍛,電機機械,-0.32,1570974000.0,0.0,0.0,1496006081.9088264,0.0,496.96,2310.56,44.44,2355.0,0.0,0.0,0.0,15.95,0.0,0.0,0.0,3.7,31,0.0,0
4529,淳紳,其他,-0.74,5459000.0,0.0,0.0,17478784.925890885,0.0,0.0,0.0,0.0,0.0,0.0,0.0,0.0,4.33,0.0,0.0,0.0,0.0,0,2.26,1
4440,宜新實業,紡織纖維,1.14,1056073000.0,926379824.5614036,0.69,1211441452.6767304,1.31,15.85,16.6,9.63,26.23,12.62,34.36,20.76,17.75,1.17,0.71,1.94,5.08,92,35.37,93
3373,熱映,其他電子類,-1.35,404178000.0,0.0,0.0,412355353.25663024,0.0,0.0,0.0,0.0,0.0,0.0,0.0,0.0,16.65,0.0,0.0,0.0,19.38,181,5.1,19
3363,上詮,通信網路業,0.16,1868579000.0,11678618750.0,0.08,1598913515.3391228,0.14,5590.87,5533.93,3437.5,8971.43,481.25,1256.0,782.72,555.0,1.41,0.87,2.26,92.04,184,55.08,168
2762,世界健身-KY,運動休閒,3.75,10884710000.0,2902589333.3333335,2.32,11911260480.993185,4.1,26.72,22.03,14.94,36.97,61.25,151.58,109.53,86.1,1.27,0.71,1.76,26.44,106,13.87,96
2801,彰銀,金融保險,1.51,45006999000.0,29805959602.649006,0.99,51262515320.08718,1.72,13.93,8.24,12.33,20.57,21.21,35.38,23.96,23.95,1.0,0.89,1.48,0.53,16,2.67,159
2812,台中銀,金融保險,1.53,20382325000.0,13321781045.751635,1.02,24618641292.502956,1.85,13.37,4.27,11.43,15.7,21.15,29.04,24.74,20.25,1.22,1.04,1.43,0.76,2,7.67,21
2816,旺旺保,金融保險,4.66,11080464000.0,2377781974.248927,4.03,17092075869.347252,7.19,6.62,4.02,4.82,8.84,34.66,63.56,47.57,34.7,1.37,1.0,1.83,1.5,1,16.67,138
2820,華票,金融保險,1.34,2927811000.0,2184933582.089552,1.13,4511267296.427428,2.06,14.39,5.96,10.95,16.91,22.56,34.83,29.64,16.65,1.78,1.35,2.09,2.33,146,11.04,56
2832,台產,金融保險,3.91,7271628000.0,1859751406.6496162,3.17,10406877524.786287,5.6,10.42,8.27,8.34,16.61,46.7,93.02,58.38,57.2,1.02,0.82,1.63,6.12,42,77.27,134
2834,臺企銀,金融保險,1.26,35009065000.0,27784972222.22222,0.76,36457580584.15409,1.31,12.54,5.17,10.53,15.7,13.79,20.57,16.42,18.15,0.9,0.76,1.13,2.98,16,0.91,7
2836,高雄銀,金融保險,0.68,4981646000.0,7325949999.999999,0.42,5488402464.741333,0.75,21.05,12.63,15.74,28.37,11.8,21.28,15.79,12.7,1.24,0.93,1.68,0.38,2,1.61,159
2836A,高雄銀甲特,金融保險,0.0,0.0,0.0,0.0,0.0,0.0,0.0,0.0,0.0,0.0,0.0,0.0,0.0,24.15,0.0,0.0,0.0,0.0,0,8.39,155
2838,聯邦銀,金融保險,1.29,20088744000.0,15572669767.44186,0.87,24810752418.23595,1.59,14.53,5.08,12.44,17.52,19.78,27.86,23.1,20.9,1.11,0.95,1.33,0.0,0,10.35,99
2838A,聯邦銀甲特,金融保險,0.0,0.0,0.0,0.0,0.0,0.0,0.0,0.0,0.0,0.0,0.0,0.0,0.0,52.0,0.0,0.0,0.0,4.09,164,1.49,112
2845,遠東銀,金融保險,0.93,12771715000.0,13733026881.720428,0.6,14857089982.796825,1.08,13.98,4.83,11.63,16.46,12.56,17.78,15.1,13.55,1.11,0.93,1.31,0.0,0,4.85,33
2849,安泰銀,金融保險,0.79,5702683000.0,7218586075.949367,0.53,6847902897.425681,0.95,18.26,9.74,12.32,22.06,11.7,20.96,17.35,14.9,1.16,0.79,1.41,1.65,1,1.1,2
2850,新產,金融保險,12.28,21479434000.0,1749139576.5472314,9.47,29225248255.53744,16.71,10.06,4.58,6.85,11.43,114.46,191.0,168.17,147.5,1.14,0.78,1.29,14.44,155,26.17,154
2851,中再保,金融保險,3.66,22564473000.0,6165156557.3770485,2.5,29303172955.251213,4.75,9.13,7.41,6.3,13.71,29.92,65.12,43.37,36.9,1.18,0.81,1.76,2.21,45,19.0,183
2852,第一保,金融保險,2.92,7517297000.0,2574416780.821918,2.1,9360430000.025553,3.64,8.93,2.7,7.57,10.27,27.55,37.38,32.52,26.9,1.21,1.02,1.39,4.27,142,11.64,140
2855,統一證,金融保險,3.0,12942411000.0,4314137000.0,4.45,48804272073.9443,11.31,11.34,13.31,6.65,19.96,75.21,225.75,128.27,46.35,2.77,1.62,4.87,0.0,0,48.41,184
2751,王座,觀光餐旅,4.57,1733655000.0,379355579.86870897,3.11,2287420108.9039154,6.03,14.74,7.22,10.9,18.12,65.73,109.26,88.89,53.2,1.67,1.24,2.05,0.0,0,20.28,55
2867,三商壽,金融保險,0.2,94802262000.0,474011310000.0,0.14,202103806162.8802,0.43,56.45,104.37,13.63,118.0,5.86,50.74,24.27,8.91,2.72,0.66,5.69,0.85,1,59.84,163
2645,長榮航太,航運業,5.46,18258462000.0,3344040659.340659,3.46,20027028224.628723,5.99,25.66,28.45,17.47,45.92,104.65,275.06,153.71,231.5,0.66,0.45,1.19,0.97,184,100.5,49
2646,星宇航空,航運業,0.08,43455568000.0,543194600000.0,0.06,55701254069.77356,0.1,136.24,221.02,46.2,267.22,4.62,26.72,13.62,21.55,0.63,0.21,1.24,12.7,93,1.54,27
2880,華南金,金融保險,1.9,68970569000.0,36300299473.68421,1.28,85316057443.09622,2.35,16.9,6.75,14.3,21.05,33.61,49.47,39.71,39.4,1.01,0.85,1.26,3.46,16,16.11,184
2881A,富邦特,金融保險,0.0,0.0,0.0,0.0,0.0,0.0,0.0,0.0,0.0,0.0,0.0,0.0,0.0,62.0,0.0,0.0,0.0,0.47,2,1.27,113
2906,高林,貿易百貨,0.47,8788364000.0,18698646808.51064,0.28,8961982223.283792,0.48,31.14,10.92,25.0,35.92,12.0,17.24,14.95,14.0,1.07,0.86,1.23,0.93,1,3.37,9
2908,特力,貿易百貨,0.23,34350128000.0,149348382608.69565,0.14,35341164960.60264,0.24,69.06,146.16,14.22,160.38,3.41,38.49,16.58,21.9,0.76,0.16,1.76,0.72,45,4.05,22
2910,統領,貿易百貨,1.23,534053000.0,434189430.8943089,0.75,545488997.6768264,1.26,19.96,35.24,16.71,51.95,21.05,65.46,25.15,24.3,1.03,0.87,2.69,9.68,41,0.46,84
2911,麗嬰房,貿易百貨,2.15,2396308000.0,1114561860.4651163,0.92,1673724758.0343986,1.5,2.18,1.3,1.44,2.74,2.16,4.11,3.28,7.5,0.44,0.29,0.55,46.18,83,11.9,170
2912,統一超,貿易百貨,10.78,349361674000.0,32408318552.875698,6.52,366824618826.941,11.32,23.06,13.93,18.82,32.75,213.04,370.73,261.02,245.5,1.06,0.87,1.51,8.02,70,1.52,7
2913,農林,貿易百貨,-0.15,478252000.0,0.0,0.0,417466058.78958625,0.0,0.0,0.0,0.0,0.0,0.0,0.0,0.0,11.5,0.0,0.0,0.0,0.22,1,2.01,1
2915,潤泰全,貿易百貨,9.3,2699478000.0,290266451.6129032,3.87,1787121324.6273608,6.16,6.46,7.19,3.89,11.08,23.96,68.25,39.78,52.8,0.75,0.45,1.29,1.23,1,5.64,159
2923,鼎固-KY,建材營造,-3.62,3198488000.0,0.0,0.0,12584752833.66275,0.0,63.51,68.01,24.43,92.44,0.0,0.0,0.0,35.85,0.0,0.0,0.0,34.75,76,0.0,0
2926,誠品生活,文化創意業,0.54,6956487000.0,12882383333.333332,0.33,7298278555.810835,0.57,83.97,154.54,41.39,195.93,23.59,111.68,47.87,32.0,1.5,0.74,3.49,0.0,0,0.11,1
3372,典範,半導體業,-1.22,1065971000.0,0.0,0.0,1373863520.248309,0.0,0.0,0.0,0.0,0.0,0.0,0.0,0.0,17.85,0.0,0.0,0.0,2.41,1,78.2,166
2939,永邑-KY,貿易百貨,-3.68,313675000.0,0.0,0.0,271350957.03900903,0.0,0.0,0.0,0.0,0.0,0.0,0.0,0.0,18.8,0.0,0.0,0.0,52.65,69,3.04,6
2941,米斯特,居家生活類,2.36,936342000.0,396755084.7457627,1.37,915271232.5650294,2.31,18.39,15.86,10.88,26.74,25.13,61.77,42.48,33.95,1.25,0.74,1.82,0.0,0,33.46,65
2945,三商家購,貿易百貨,2.14,14731084000.0,6883684112.149532,1.48,18043353242.081173,2.62,19.78,7.71,17.15,24.86,44.93,65.13,51.81,41.15,1.26,1.09,1.58,1.03,16,1.8,184
2948,寶陞,居家生活類,2.17,2162553000.0,996568202.764977,1.26,2152644834.122263,2.16,19.79,9.52,15.91,25.43,34.37,54.93,42.75,0.0,0.0,0.0,0.0,2.04,3,14.56,50
2949,欣新網,數位雲端類,3.99,5647538000.0,1415423057.6441102,2.57,6883998842.065639,4.86,20.57,12.51,14.44,26.95,70.18,130.98,99.97,70.7,1.41,0.99,1.85,5.05,133,1.07,28
3002,歐格,電子工業,0.35,693459000.0,1981311428.5714288,0.23,846705471.3285455,0.43,101.23,265.23,44.77,310.0,19.25,133.3,43.53,19.3,2.26,1.0,6.91,0.3,1,115.07,114
3003,健和興,電子工業,0.98,4364959000.0,4454039795.918367,0.75,5574097316.147573,1.25,29.37,57.64,11.86,69.5,14.82,86.88,36.71,66.0,0.56,0.22,1.32,24.03,62,9.15,68
2905,三商,貿易百貨,0.71,165658168000.0,233321363380.2817,0.47,150928057271.29602,0.65,29.04,41.09,7.61,48.7,4.95,31.66,18.87,15.5,1.22,0.32,2.04,13.75,30,38.46,145
2881,富邦金,金融保險,8.37,378273064000.0,45193914456.39188,4.76,534300512935.7003,11.82,11.6,13.44,5.61,19.05,66.31,225.17,137.16,125.0,1.1,0.53,1.8,2.51,48,16.35,159
2904,匯僑,其他,0.98,483900000.0,493775510.20408165,0.49,393935162.40721035,0.8,16.51,13.99,11.81,25.8,9.45,20.64,13.2,13.9,0.95,0.68,1.48,0.0,0,0.57,21
2901,欣欣,貿易百貨,0.38,130775000.0,344144736.84210527,0.23,134879866.05426756,0.39,66.44,237.74,54.76,292.5,21.36,114.08,25.91,24.1,1.08,0.89,4.73,1.78,118,3.25,1
2881B,富邦金乙特,金融保險,0.0,0.0,0.0,0.0,0.0,0.0,0.0,0.0,0.0,0.0,0.0,0.0,0.0,60.7,0.0,0.0,0.0,2.02,183,1.3,103
2881C,富邦金丙特,金融保險,0.0,0.0,0.0,0.0,0.0,0.0,0.0,0.0,0.0,0.0,0.0,0.0,0.0,50.9,0.0,0.0,0.0,0.38,168,4.04,50
2882,國泰金,金融保險,7.06,350182831000.0,49600967563.73938,3.76,414194391332.1261,8.35,11.9,12.02,5.51,17.53,46.01,146.38,99.38,97.3,1.02,0.47,1.5,7.19,153,21.89,181
2882A,國泰特,金融保險,0.0,0.0,0.0,0.0,0.0,0.0,0.0,0.0,0.0,0.0,0.0,0.0,0.0,60.1,0.0,0.0,0.0,1.83,93,0.66,42
2882B,國泰金乙特,金融保險,0.0,0.0,0.0,0.0,0.0,0.0,0.0,0.0,0.0,0.0,0.0,0.0,0.0,58.6,0.0,0.0,0.0,3.98,149,0.0,0
2883,凱基金,金融保險,1.74,69242451000.0,39794512068.965515,1.71,126296954734.42421,3.17,11.88,9.67,7.75,17.42,24.57,55.22,37.67,30.55,1.23,0.8,1.81,11.28,149,15.26,159
2883B,凱基金乙特,金融保險,0.0,0.0,0.0,0.0,0.0,0.0,0.0,0.0,0.0,0.0,0.0,0.0,0.0,7.97,0.0,0.0,0.0,8.11,118,5.76,159
2884,玉山金,金融保險,2.12,90758158000.0,42810451886.79245,1.44,112094321184.06831,2.62,17.14,7.8,13.95,21.75,36.55,56.98,44.9,34.9,1.29,1.05,1.63,1.5,2,0.0,0
2885,元大金,金融保險,2.74,125092925000.0,45654352189.78102,2.5,222455537440.46786,4.87,14.58,12.84,9.16,22.0,44.61,107.14,71.0,66.7,1.06,0.67,1.61,8.48,175,29.17,183
2886,兆豐金,金融保險,2.36,81638284000.0,34592493220.33898,1.54,94267622965.67523,2.73,17.51,5.19,15.19,20.38,41.47,55.64,47.79,46.6,1.03,0.89,1.19,3.46,13,1.9,21
2887,台新新光金,金融保險,1.91,135353846000.0,70865887958.11519,1.69,314261359847.8764,4.43,15.01,15.93,9.93,25.86,43.99,114.56,66.5,36.15,1.84,1.22,3.17,2.0,13,20.05,184
2887E,台新新光戊特一,金融保險,0.0,0.0,0.0,0.0,0.0,0.0,0.0,0.0,0.0,0.0,0.0,0.0,0.0,48.65,0.0,0.0,0.0,1.18,167,2.24,168
2887F,台新新光戊特二,金融保險,0.0,0.0,0.0,0.0,0.0,0.0,0.0,0.0,0.0,0.0,0.0,0.0,0.0,45.8,0.0,0.0,0.0,2.61,178,7.85,167
2887G,台新新光庚特一,金融保險,0.0,0.0,0.0,0.0,0.0,0.0,0.0,0.0,0.0,0.0,0.0,0.0,0.0,42.7,0.0,0.0,0.0,11.66,182,11.66,182
2887H,台新新光庚特二,金融保險,0.0,0.0,0.0,0.0,0.0,0.0,0.0,0.0,0.0,0.0,0.0,0.0,0.0,40.8,0.0,0.0,0.0,11.06,180,11.06,180
2887I,台新新光辛特,金融保險,0.0,0.0,0.0,0.0,0.0,0.0,0.0,0.0,0.0,0.0,0.0,0.0,0.0,9.45,0.0,0.0,0.0,4.67,138,4.67,138
2887Z1,台新新光己特,金融保險,0.0,0.0,0.0,0.0,0.0,0.0,0.0,0.0,0.0,0.0,0.0,0.0,0.0,18.2,0.0,0.0,0.0,0.93,31,9.21,159
2889,國票金,金融保險,0.63,8459319000.0,13427490476.190475,0.62,17776338968.804417,1.32,25.61,19.61,15.82,35.43,20.88,46.77,33.81,15.85,2.13,1.32,2.95,2.9,48,6.48,141
2890,永豐金,金融保險,1.97,73621169000.0,37371151776.64975,1.63,110821144701.13753,2.97,14.51,9.14,10.91,20.05,32.4,59.55,43.1,39.85,1.08,0.81,1.49,0.19,35,14.23,159
2891,中信金,金融保險,4.08,237902628000.0,58309467647.05882,2.43,268630278409.36087,4.61,12.41,8.06,9.39,17.45,43.29,80.44,57.19,63.0,0.91,0.69,1.28,6.83,153,18.14,170
2891B,中信金乙特,金融保險,0.0,0.0,0.0,0.0,0.0,0.0,0.0,0.0,0.0,0.0,0.0,0.0,0.0,62.3,0.0,0.0,0.0,5.03,174,2.4,106
2891C,中信金丙特,金融保險,0.0,0.0,0.0,0.0,0.0,0.0,0.0,0.0,0.0,0.0,0.0,0.0,0.0,61.4,0.0,0.0,0.0,1.93,181,2.03,63
2892,第一金,金融保險,1.87,76661762000.0,40995594652.40642,1.17,86547333287.91629,2.11,15.79,4.08,13.48,17.56,28.44,37.05,33.32,33.95,0.98,0.84,1.09,1.72,13,3.19,21
2897,王道銀行,金融保險,0.61,9927851000.0,16275165573.770493,0.44,12644487099.500488,0.78,12.6,7.97,9.28,17.25,7.24,13.46,9.83,10.55,0.93,0.69,1.28,0.92,2,1.1,161
2897B,王道銀乙特,金融保險,0.0,0.0,0.0,0.0,0.0,0.0,0.0,0.0,0.0,0.0,0.0,0.0,0.0,11.95,0.0,0.0,0.0,3.88,156,0.84,15
2903,遠百,貿易百貨,1.56,34266429000.0,21965659615.384613,0.84,33835208199.292267,1.54,14.86,13.57,12.58,26.15,19.37,40.27,22.88,22.4,1.02,0.86,1.8,0.8,2,14.29,133
2643,捷迅,航運業,6.3,8198219000.0,1301304603.1746032,3.2,7536548773.193226,5.79,11.61,3.23,10.48,13.71,60.68,79.38,67.21,59.5,1.13,1.02,1.33,1.27,1,6.6,148
2642,宅配通,航運業,-1.04,3859459000.0,0.0,0.0,3165781895.644426,0.0,56.81,52.26,29.3,81.56,0.0,0.0,0.0,20.75,0.0,0.0,0.0,22.01,105,23.75,54
2641,正德,航運業,2.0,2306951000.0,1153475500.0,1.2,2656354209.6645246,2.3,10.29,6.43,7.23,13.66,16.63,31.42,23.66,17.5,1.35,0.95,1.8,0.49,76,18.95,57
2477,美隆電,電子工業,1.68,2484147000.0,1478658928.5714285,0.88,2345422367.299081,1.59,17.25,36.04,12.06,48.1,19.18,76.48,27.43,21.5,1.28,0.89,3.56,29.49,105,28.61,42
2478,大毅,電子工業,3.45,5425300000.0,1572550724.637681,2.29,6165705645.6823845,3.92,19.81,56.65,8.58,65.23,33.63,255.7,77.66,158.0,0.49,0.21,1.62,0.0,0,70.64,181
2480,敦陽科,資訊服務業,8.0,8422821000.0,1052852625.0,5.47,9415735718.78772,8.94,18.88,8.98,14.17,23.15,126.68,206.96,168.8,161.5,1.05,0.78,1.28,24.68,175,9.01,27
2481,強茂,半導體業,3.11,12976514000.0,4172512540.1929264,2.04,14751581939.754742,3.54,27.87,58.41,13.81,72.22,48.89,255.66,98.66,167.0,0.59,0.29,1.53,0.0,0,112.49,97
2482,連宇,其他電子業,-1.09,493731000.0,0.0,0.0,463416355.27475756,0.0,36.22,33.71,13.55,47.26,0.0,0.0,0.0,19.2,0.0,0.0,0.0,2.0,1,21.88,54
2483,百容,電子工業,0.6,1759470000.0,2932450000.0,0.41,2024176341.4384954,0.69,83.75,300.39,12.94,313.33,8.93,216.2,57.79,48.3,1.2,0.18,4.48,1.32,1,25.8,70
2484,希華,電子工業,0.66,2409420000.0,3650636363.6363635,0.38,2354245053.8125606,0.64,38.28,118.31,11.96,130.27,7.65,83.37,24.5,89.6,0.27,0.09,0.93,0.93,1,27.36,183
2485,兆赫,通信網路業,-0.96,2424065000.0,0.0,0.0,4546397264.803296,0.0,1555.48,735.0,1182.5,1917.5,0.0,0.0,0.0,47.3,0.0,0.0,0.0,2.82,1,222.03,183
2486,一詮,光電業,0.22,5995655000.0,27252977272.727272,0.15,7369848498.31887,0.27,558.04,1399.76,25.24,1425.0,6.81,384.75,150.67,261.5,0.58,0.03,1.47,0.0,0,33.68,125
2488,漢平,其他電子業,4.56,3025797000.0,663551973.6842105,2.69,3208605621.0919566,4.84,10.08,6.4,7.55,13.95,36.54,67.52,48.79,49.5,0.99,0.74,1.36,25.21,139,8.47,42
2489,瑞軒,光電業,1.23,24716288000.0,20094543089.430893,0.75,27220904768.347076,1.35,17.77,45.64,6.19,51.83,8.36,69.97,23.99,35.2,0.68,0.24,1.99,2.18,1,28.62,174
2491,吉祥全,光電業,1.42,177475000.0,124982394.36619718,0.81,170920121.0601719,1.37,24.5,50.69,5.74,56.43,7.86,77.31,33.56,34.1,0.98,0.23,2.27,0.0,0,149.26,155
2492,華新科,電子工業,4.74,36273718000.0,7652683122.362869,3.11,41242852256.99838,5.39,27.64,110.28,7.92,118.2,42.69,637.1,148.95,341.5,0.44,0.13,1.87,0.79,1,67.27,104
2493,揚博,電子工業,4.56,3731121000.0,818228289.4736843,2.89,4095687172.3097615,5.01,22.34,65.16,11.55,76.71,57.87,384.32,111.95,234.5,0.48,0.25,1.64,33.92,108,80.1,44
2476,鉅祥,電子零組件業,4.36,7295984000.0,1673390825.6880732,3.26,9875483973.573633,5.9,21.61,19.84,11.83,31.67,69.8,186.85,127.51,131.5,0.97,0.53,1.42,0.91,1,63.88,56
2474,可成,電子工業,11.36,19119043000.0,1683014348.5915494,4.66,13281663438.913918,7.89,14.63,15.61,9.01,24.62,71.09,194.25,115.47,189.0,0.61,0.38,1.03,8.43,94,3.08,20
2458,義隆,半導體業,8.54,12381283000.0,1449798946.1358316,5.07,12770853725.389181,8.81,15.58,12.24,8.57,20.81,75.5,183.34,137.26,175.5,0.78,0.43,1.04,4.3,142,11.43,64
2460,建通,電子工業,-2.99,3124587000.0,0.0,0.0,4806463249.001651,0.0,18.79,0.0,18.79,18.79,0.0,0.0,0.0,32.15,0.0,0.0,0.0,0.81,1,38.07,173
2461,光群雷,其他電子業,-0.61,5225852000.0,0.0,0.0,5442477397.614431,0.0,15.38,52.23,8.77,61.0,0.0,0.0,0.0,16.9,0.0,0.0,0.0,0.0,0,9.35,181
2462,良得電,電子工業,0.27,4119265000.0,15256537037.037037,0.15,3946068443.890722,0.26,66.23,358.46,12.25,370.71,3.18,96.38,17.22,21.35,0.81,0.15,4.51,0.0,0,11.3,65
2464,盟立,其他電子業,-0.83,6834567000.0,0.0,0.0,7696845669.878712,0.0,101.34,142.42,13.98,156.4,0.0,0.0,0.0,157.5,0.0,0.0,0.0,2.89,1,39.13,56
2465,麗臺,電子工業,0.42,5036165000.0,11990869047.619047,0.37,8874160640.690058,0.74,106.8,223.11,6.38,229.49,4.72,169.82,79.03,80.8,0.98,0.06,2.1,0.0,0,26.71,92
2466,冠西電,光電業,0.23,974812000.0,4238313043.4782605,0.1,821719938.8394912,0.19,86.13,246.49,27.68,274.17,5.26,52.09,16.37,121.0,0.14,0.04,0.43,132.84,176,0.0,0
2467,志聖,電子工業,5.49,5932149000.0,1080537158.4699454,5.23,10299729133.42513,9.53,49.93,101.82,9.92,111.74,94.54,1064.88,475.82,620.0,0.77,0.15,1.72,20.48,43,88.85,173
2468,華經,資訊服務業,1.25,2725131000.0,2180104800.0,0.72,2438883894.3679757,1.12,39.69,66.57,17.81,84.38,19.95,94.51,44.45,36.85,1.21,0.54,2.56,5.35,163,0.16,37
2471,資通,資訊服務業,3.62,968338000.0,267496685.08287293,2.32,1087712174.655024,4.07,17.05,13.32,10.43,23.75,42.45,96.66,69.4,53.0,1.31,0.8,1.82,0.0,0,1.62,1
2472,立隆電,電子工業,8.72,11200459000.0,1284456307.3394494,5.95,13105090570.407263,10.2,15.78,43.69,8.74,52.43,89.15,534.79,160.99,320.0,0.5,0.28,1.67,0.0,0,57.55,183
2548,華固,建材營造,10.13,17869193000.0,1763987462.9812436,3.45,53489694000.29786,30.32,25.87,78.16,7.66,85.82,232.25,2602.06,784.29,103.0,7.61,2.25,25.26,8.97,14,5.22,161
2596,綠意,建材營造,1.86,1379072000.0,741436559.1397849,1.55,1238693220.4186163,1.67,50.29,157.21,13.94,171.15,23.28,285.82,83.99,31.9,2.63,0.73,8.96,17.58,16,11.9,166
2597,潤弘,建材營造,11.1,29977603000.0,2700684954.954955,7.26,35672812804.50091,13.21,15.05,11.12,10.59,21.71,139.89,286.79,198.83,164.5,1.21,0.85,1.74,19.75,16,9.94,8
2603,長榮,航運業,31.68,386268472000.0,12192817929.292929,18.24,366182667094.5453,30.03,4.85,7.86,2.5,10.36,75.08,311.11,145.69,200.0,0.73,0.38,1.56,39.36,128,0.5,1
2605,新興,航運業,1.45,4393818000.0,3030219310.3448277,1.05,5697707932.342636,1.88,18.46,38.43,7.17,45.6,13.48,85.73,34.71,31.25,1.11,0.43,2.74,10.85,73,46.74,141
2606,裕民,航運業,4.31,15370434000.0,3566225986.0788865,2.89,19194462218.40668,5.38,12.82,9.53,8.55,18.08,46.0,97.27,69.0,63.6,1.08,0.72,1.53,16.35,128,34.88,141
2607,榮運,航運業,3.77,17370304000.0,4607507692.307693,2.27,17274647668.96515,3.75,12.1,15.3,8.67,23.97,32.51,89.89,45.38,47.3,0.96,0.69,1.9,3.39,29,70.65,92
2608,嘉里大榮,航運業,1.98,12880973000.0,6505541919.191919,1.13,12619978379.917212,1.94,15.85,7.12,10.66,17.78,20.68,34.49,30.76,29.35,1.05,0.7,1.18,1.72,104,3.39,36
2609,陽明,航運業,4.9,167762203000.0,34237184285.714283,2.86,161809956372.6638,4.73,7.58,18.77,2.2,20.97,10.41,99.19,35.84,50.2,0.71,0.21,1.98,33.01,146,0.0,0
2610,華航,航運業,2.42,208753674000.0,86261848760.33058,1.62,237850441200.18945,2.76,10.37,9.44,7.11,16.55,19.62,45.68,28.63,20.9,1.37,0.94,2.19,15.91,146,3.32,55
2611,志信,航運業,0.51,675806000.0,1325109803.9215686,0.52,1141001843.8956528,0.86,25.51,76.89,6.27,83.16,5.39,71.52,21.94,14.25,1.54,0.38,5.02,0.0,0,0.0,0
2612,中航,航運業,5.46,4864523000.0,890938278.3882784,3.41,5153190301.38077,5.78,12.57,24.71,6.58,31.29,38.03,180.86,72.64,54.2,1.34,0.7,3.34,9.07,77,72.09,141
2613,中櫃,航運業,1.14,3351986000.0,2940338596.491228,0.7,3559558573.931351,1.21,28.44,21.32,18.86,40.18,22.82,48.62,34.41,21.55,1.6,1.06,2.26,7.33,72,6.89,30
2615,萬海,航運業,11.21,142685313000.0,12728395450.490633,6.96,146426389857.5632,11.5,16.11,244.56,3.09,247.65,35.53,2847.98,185.24,80.7,2.3,0.44,35.29,43.14,73,0.0,0
2616,山隆,油電燃氣業,-6.25,8190423000.0,0.0,0.0,8817916459.760431,0.0,215.77,260.16,12.97,273.13,0.0,0.0,0.0,13.7,0.0,0.0,0.0,0.0,0,2.05,51
2617,台航,航運業,3.18,4257272000.0,1338764779.8742137,2.07,4907494476.348911,3.67,9.43,4.68,6.51,11.19,23.89,41.07,34.6,29.0,1.19,0.82,1.42,0.0,0,17.19,141
2618,長榮航,航運業,4.84,220126074000.0,45480593801.65289,3.27,250941619137.25134,5.52,7.76,7.83,6.24,14.07,34.44,77.67,42.82,41.9,1.02,0.82,1.85,38.28,146,4.16,33
2630,亞航,航運業,0.99,5484186000.0,5539581818.181818,0.45,4453912771.084337,0.8,53.86,47.21,40.38,87.59,32.3,70.07,43.09,56.9,0.76,0.57,1.23,11.47,168,108.01,49
2633,台灣高鐵,航運業,1.17,54550155000.0,46624064102.5641,0.7,56584333169.8749,1.21,23.01,37.65,18.65,56.3,22.57,68.12,27.84,26.15,1.06,0.86,2.6,0.17,2,3.61,117
2634,漢翔,航運業,0.78,35067533000.0,44958375641.02564,0.48,37694778943.90254,0.84,42.14,68.15,17.23,85.38,14.47,71.72,35.4,64.5,0.55,0.22,1.11,2.94,7,63.9,56
2636,台驊控股,航運業,7.74,21178369000.0,2736223385.01292,4.78,20847840383.421314,7.62,8.59,6.82,3.94,10.76,30.02,81.99,65.43,64.1,1.02,0.47,1.28,0.41,2,1.11,33
2637,慧洋-KY,航運業,5.27,16585078000.0,3147073624.2884254,3.62,21574119924.25796,6.86,11.64,11.97,6.32,18.29,43.36,125.47,79.85,82.5,0.97,0.53,1.52,17.9,122,29.12,141
2547,日勝生,建材營造,2.97,6103457000.0,2055036026.9360268,2.36,8175940250.247695,3.98,15.78,153.21,3.62,156.83,14.41,624.18,62.79,11.1,5.66,1.3,56.23,7.21,16,0.87,9
2546,根基,建材營造,9.73,20986780000.0,2156914696.8139772,6.2,25770929221.64599,11.95,10.51,6.9,7.26,14.16,86.76,169.21,125.61,95.7,1.31,0.91,1.77,4.99,2,12.14,61
2545,皇翔,建材營造,2.14,6423225000.0,3001507009.345794,1.27,4292852766.3086257,1.43,10.43,21.36,5.13,26.49,7.34,37.88,14.91,34.85,0.43,0.21,1.09,21.91,133,9.08,84
2543,皇昌,建材營造,2.9,11600814000.0,4000280689.6551723,2.26,17293996462.74482,4.32,18.75,21.79,5.78,27.57,24.97,119.1,81.01,39.75,2.04,0.63,3.0,61.22,87,8.72,42
2496,卓越,其他,6.13,866192000.0,141303752.03915173,3.49,894727353.0282875,6.33,11.15,6.45,9.53,15.98,60.32,101.15,70.58,61.5,1.15,0.98,1.64,10.26,181,1.29,22
2497,怡利電,汽車工業,2.37,4561289000.0,1924594514.7679324,1.53,5193135301.420716,2.7,21.71,51.22,11.57,62.79,31.24,169.53,58.61,59.6,0.98,0.52,2.84,46.86,80,38.81,166
2498,宏達電,通信網路業,7.21,3004402000.0,416699306.518724,3.74,2603193804.8716497,6.25,17.44,32.57,5.44,38.01,34.0,237.56,109.02,43.35,2.51,0.78,5.48,11.95,77,79.52,49
2501,國建,建材營造,2.83,25701552000.0,9081820494.699646,2.14,28083068401.735046,3.09,11.92,27.33,5.58,32.91,17.24,101.69,36.84,22.9,1.61,0.75,4.44,7.73,16,26.96,176
2504,國產,建材營造,3.3,22511070000.0,6821536363.636364,1.81,20866681140.440445,3.06,11.53,10.59,7.06,17.65,21.6,54.01,35.28,31.55,1.12,0.68,1.71,20.98,108,1.91,7
2505,國揚,建材營造,2.37,2697064000.0,1138001687.7637131,2.04,5229497877.397445,4.6,22.52,34.95,7.45,42.4,34.27,195.04,103.61,18.1,5.72,1.89,10.78,4.32,16,4.71,168
2506,太設,建材營造,0.02,1131755000.0,56587750000.0,0.02,1658545559.2685125,0.03,67.47,448.55,3.95,452.5,0.12,13.58,2.02,8.8,0.23,0.01,1.54,6.15,24,3.55,51
2509,全坤建,建材營造,-0.79,265950000.0,0.0,0.0,252941716.1368672,0.0,205.47,245.81,56.19,302.0,0.0,0.0,0.0,13.55,0.0,0.0,0.0,10.08,2,37.84,62
2511,太子,建材營造,0.33,8409668000.0,25483842424.242424,0.27,11395356410.124865,0.45,39.93,48.99,17.14,66.13,7.71,29.76,17.97,8.64,2.08,0.89,3.44,5.24,16,2.23,7
2514,龍邦,其他,1.85,21456939000.0,11598345405.405405,1.08,22499994771.050495,1.94,7.08,6.12,4.79,10.91,9.29,21.17,13.73,12.95,1.06,0.72,1.63,3.28,1,0.31,2
2515,中工,建材營造,0.4,20623506000.0,51558765000.0,0.31,25875294812.908035,0.5,28.06,40.0,4.63,44.63,2.32,22.32,14.03,13.0,1.08,0.18,1.72,6.93,16,49.78,117
2516,新建,建材營造,1.23,10516424000.0,8549938211.382114,0.57,8324958083.019589,0.97,18.32,34.53,10.21,44.74,9.9,43.4,17.77,13.75,1.29,0.72,3.16,28.85,182,1.53,1
2524,京城,建材營造,1.7,5418439000.0,3187317058.8235297,0.46,1697571114.2267454,0.53,21.26,68.78,4.79,73.57,2.54,38.99,11.27,38.45,0.29,0.07,1.01,89.68,34,18.62,63
2527,宏璟,建材營造,0.93,676610000.0,727537634.4086021,6.61,13738671051.24808,18.88,14.17,37.93,4.76,42.69,89.87,805.99,267.5,49.55,5.4,1.81,16.27,9.68,16,15.83,180
2528,皇普,建材營造,3.65,17483401000.0,4789972876.712329,0.37,2919229656.7842727,0.61,7.54,11.84,3.88,15.72,2.37,9.59,4.6,22.25,0.21,0.11,0.43,11.16,2,2.89,112
2530,華建,建材營造,2.03,7464765000.0,3677224137.931035,0.07,422836094.89540845,0.11,17.95,60.35,9.18,69.53,1.01,7.65,1.97,19.4,0.1,0.05,0.39,10.47,14,7.49,50
2534,宏盛,建材營造,2.07,5569958000.0,2690800966.183575,0.23,683407476.2779688,0.25,33.8,87.73,7.79,95.52,1.95,23.88,8.45,17.4,0.49,0.11,1.37,5.24,14,1.42,1
2535,達欣工,建材營造,6.5,20936358000.0,3220978153.8461537,4.92,27059428281.716225,8.4,11.04,5.41,7.89,13.3,66.28,111.72,92.77,89.3,1.04,0.74,1.25,2.07,15,18.23,184
2536,宏普,建材營造,3.19,11061836000.0,3467660188.0877743,1.79,12495907744.05268,3.6,22.51,127.4,5.73,133.13,20.63,479.27,81.05,19.8,4.09,1.04,24.21,3.03,14,1.39,50
2537,聯上發,建材營造,0.16,1134692000.0,7091825000.0,0.3,2484445093.437071,0.35,25.25,66.11,5.22,71.33,1.83,24.97,8.84,11.3,0.78,0.16,2.21,0.55,2,11.71,163
2538,基泰,建材營造,0.35,351323000.0,1003780000.0000001,0.19,290262221.33502704,0.29,26.77,38.09,11.55,49.64,3.35,14.4,7.76,9.9,0.78,0.34,1.45,0.0,0,4.63,14
2539,櫻花建,建材營造,3.78,12047638000.0,3187205820.10582,3.64,17325925851.86595,5.44,21.21,41.4,9.84,51.24,53.53,278.75,115.38,41.2,2.8,1.3,6.77,5.58,29,10.02,30
2540,愛山林,建材營造,0.97,11788830000.0,12153432989.690722,0.37,6659930935.217831,0.55,41.9,81.02,15.98,97.0,8.79,53.35,23.04,54.3,0.42,0.16,0.98,1.36,1,11.2,64
2542,興富發,建材營造,2.11,25225332000.0,11955133649.2891,3.45,125080585215.73488,10.46,21.3,49.81,10.65,60.46,111.4,632.41,222.76,43.35,5.14,2.57,14.59,2.33,2,13.2,63
2520,冠德,建材營造,2.73,22083667000.0,8089255311.355311,1.96,29420928771.10635,3.64,7.69,10.89,4.21,15.1,15.32,54.96,27.98,35.9,0.78,0.43,1.53,11.17,2,1.71,7
3004,豐達科,鋼鐵工業,5.85,3988571000.0,681807008.5470086,4.39,5281507911.946722,7.75,17.69,19.03,10.84,29.87,84.01,231.49,137.1,149.0,0.92,0.56,1.55,1.0,1,22.95,49
2929,淘帝-KY,貿易百貨,-1.68,1848650000.0,0.0,0.0,1682502909.9815385,0.0,55.27,69.03,35.26,104.29,0.0,0.0,0.0,5.84,0.0,0.0,0.0,60.97,141,11.66,14
3005,神基,電腦及週邊設備業,8.43,39125415000.0,4641211743.772243,5.21,42239144382.97201,9.1,15.57,14.99,6.25,21.24,56.88,193.28,141.7,113.5,1.25,0.5,1.7,5.31,184,38.66,49
3176,基亞,生技醫療業,-0.78,1594260000.0,0.0,0.0,1058068925.3154409,0.0,0.0,0.0,0.0,0.0,0.0,0.0,0.0,35.75,0.0,0.0,0.0,1.51,1,8.76,167
3188,鑫龍騰,建材營造,4.05,2525975000.0,623697530.8641976,4.4,19753601989.6625,31.67,11.84,19.86,3.72,23.58,117.81,746.78,375.0,23.9,15.69,4.93,31.25,30.66,16,14.03,135
3189,景碩,半導體業,3.51,38607846000.0,10999386324.786325,2.48,49865470239.28796,4.53,226.04,934.93,15.07,950.0,68.27,4303.5,1023.95,770.0,1.33,0.09,5.59,10.0,1,87.8,184
3191,雲嘉南,電子零組件業,0.51,174633000.0,342417647.0588235,0.3,175252705.4648687,0.51,48.5,93.86,26.37,120.23,13.45,61.32,24.73,18.35,1.35,0.73,3.34,0.0,0,32.53,146
3205,佰研,生技醫療業,-1.06,378949000.0,0.0,0.0,506359886.6403971,0.0,0.0,0.0,0.0,0.0,0.0,0.0,0.0,50.1,0.0,0.0,0.0,3.01,2,16.19,55
3206,志豐,電子零組件業,2.02,3236211000.0,1602084653.4653466,1.14,2951044159.920714,1.84,13.76,17.59,7.71,25.3,14.19,46.55,25.32,36.8,0.69,0.39,1.26,0.0,0,1.87,2
3207,耀勝,電子零組件業,-0.82,1826510000.0,0.0,0.0,1920204344.8159103,0.0,543.1,924.63,133.7,1058.33,0.0,0.0,0.0,57.1,0.0,0.0,0.0,3.15,3,25.9,181
3209,全科,電子工業,3.02,46097848000.0,15264188079.470198,2.46,67277539087.26879,4.41,14.01,14.1,8.57,22.67,37.79,99.97,61.78,60.0,1.03,0.63,1.67,14.99,85,4.06,20
3211,順達,電腦及週邊設備業,9.04,12836889000.0,1420009845.1327436,5.87,15901319949.244259,11.2,22.72,41.54,5.74,47.28,64.29,529.54,254.48,426.5,0.6,0.15,1.24,132.82,143,83.71,58
3213,茂訊,電腦及週邊設備業,7.4,2852455000.0,385466891.8918919,5.01,3255570949.5442424,8.45,12.99,12.36,8.31,20.67,70.22,174.66,109.74,126.0,0.87,0.56,1.39,11.94,73,15.04,55
3217,優群,電子零組件業,12.69,4088779000.0,322204806.93459415,6.94,4048101078.252737,12.56,14.03,8.03,10.04,18.07,126.1,226.96,176.21,155.0,1.14,0.81,1.46,0.0,0,31.83,111
3218,大學光,生技醫療業,12.31,4192529000.0,340579122.6645004,7.59,4329372604.063762,12.71,14.83,9.82,10.03,19.85,127.48,252.29,188.55,139.5,1.35,0.91,1.81,7.05,76,11.2,7
3221,台嘉碩,通信網路業,0.07,2201258000.0,31446542857.142853,0.04,2421241528.857253,0.08,316.36,1830.71,16.79,1847.5,1.34,147.8,25.31,54.3,0.47,0.02,2.72,1.44,1,53.17,183
3224,三顧,電子通路業,-1.54,1500335000.0,0.0,0.0,1643608198.8949635,0.0,0.0,0.0,0.0,0.0,0.0,0.0,0.0,36.65,0.0,0.0,0.0,8.94,157,27.95,120
3226,龍鋒,電機機械,0.24,1641105000.0,6837937500.0,0.11,1104599623.948514,0.16,31.91,180.09,6.79,186.88,1.09,29.9,5.11,46.2,0.11,0.02,0.65,0.34,2,10.23,184
3227,原相,半導體業,12.38,9123528000.0,736957027.4636511,7.51,9329794239.329514,12.66,19.24,16.48,13.86,30.34,175.47,384.1,243.63,190.0,1.28,0.92,2.02,49.73,72,25.12,79
3228,金麗科,半導體業,-2.03,306400000.0,0.0,0.0,338251834.35381156,0.0,0.0,0.0,0.0,0.0,0.0,0.0,0.0,168.0,0.0,0.0,0.0,1.32,1,0.0,0
3229,晟鈦,電子工業,-0.43,1001150000.0,0.0,0.0,1574335857.2330308,0.0,279.02,1008.36,79.64,1088.0,0.0,0.0,0.0,40.45,0.0,0.0,0.0,8.87,13,102.09,153
3169,亞信,半導體業,3.67,937780000.0,255525885.5585831,2.2,940530923.7036812,3.68,27.73,13.84,21.2,35.04,78.02,128.95,102.04,103.0,0.99,0.76,1.25,0.42,1,26.51,64
3230,錦明,光電業,-1.6,415534000.0,0.0,0.0,386148833.33664906,0.0,13.28,12.79,6.88,19.67,0.0,0.0,0.0,50.5,0.0,0.0,0.0,265.1,163,110.19,55
3168,眾福科,電子工業,2.61,3411575000.0,1307116858.2375479,1.7,3764687610.8345294,2.88,17.06,7.35,12.34,19.69,35.54,56.71,49.13,43.85,1.12,0.81,1.29,0.0,0,10.99,57
3167,大量,電機機械,8.13,4865952000.0,598518081.1808118,8.96,10604471796.823002,17.72,96.39,339.11,10.89,350.0,192.97,6202.0,1707.98,851.0,2.01,0.23,7.29,138.3,90,55.91,168
3114,好德,電子零組件業,2.23,3038288000.0,1362460986.5470853,1.32,3056282292.085692,2.24,18.32,24.14,10.15,34.29,22.74,76.81,41.04,35.7,1.15,0.64,2.15,1.95,132,23.31,167
3115,富榮綱,電子零組件業,-0.46,4770000.0,0.0,0.0,9825365.853658536,0.0,0.0,0.0,0.0,0.0,0.0,0.0,0.0,9.19,0.0,0.0,0.0,14.29,6,11.43,56
3118,進階,生技醫療業,2.46,730311000.0,296874390.24390244,1.35,693964652.1065513,2.34,15.31,4.3,13.0,17.3,30.42,40.48,35.83,0.0,0.0,0.0,0.0,0.87,1,5.57,103
3122,笙泉,半導體業,-1.75,331361000.0,0.0,0.0,312181401.3586684,0.0,0.0,0.0,0.0,0.0,0.0,0.0,0.0,27.95,0.0,0.0,0.0,0.4,1,2.96,8
3128,昇銳,光電業,1.36,1127451000.0,829008088.2352941,0.7,949182249.2440863,1.14,22.67,32.43,10.56,42.99,12.04,49.01,25.85,23.15,1.12,0.52,2.12,4.91,10,3.52,35
3135,凌航,半導體業,6.28,4559917000.0,726101433.1210191,17.13,47478207977.38124,65.39,70.38,205.7,10.97,216.67,717.33,14168.05,4602.1,156.0,29.5,4.6,90.82,10.03,118,221.48,184
3138,耀登,通信網路業,1.54,1696087000.0,1101355194.8051949,0.95,1974468129.1533997,1.79,64.72,154.19,22.64,176.83,40.53,316.53,115.84,109.0,1.06,0.37,2.9,0.0,0,80.51,183
3147,大綜,資訊服務業,8.86,8382879000.0,946148871.3318285,9.77,15327546173.422089,16.2,18.63,27.67,11.52,39.19,186.62,634.88,301.85,232.0,1.3,0.8,2.74,39.42,168,18.65,27
3149,正達,光電業,-2.88,2236900000.0,0.0,0.0,2520768446.700608,0.0,0.0,0.0,0.0,0.0,0.0,0.0,0.0,93.5,0.0,0.0,0.0,53.33,93,52.98,84
3152,璟德,通信網路業,9.42,1453293000.0,154277388.53503186,5.67,1434645229.137142,9.3,20.91,28.36,10.82,39.18,100.63,364.37,194.42,253.0,0.77,0.4,1.44,3.02,2,56.41,182
3158,嘉實,資訊服務業,7.28,272213000.0,37391895.604395606,0.0,0.0,0.0,12.87,2.04,12.26,14.3,0.0,0.0,0.0,83.0,0.0,0.0,0.0,40.3,77,0.0,0
3162,精確,電機機械,1.7,7712670000.0,4536864705.882353,1.12,8851845314.575855,1.95,43.55,94.03,20.41,114.44,39.8,223.16,84.93,77.4,1.1,0.51,2.88,19.58,93,64.11,114
3163,波若威,通信網路業,6.22,2168399000.0,348617202.5723473,4.22,2596952460.251502,7.45,63.27,188.26,19.94,208.2,148.55,1551.09,471.35,724.0,0.65,0.21,2.14,9.91,1,123.8,170
3164,景岳,化學生技醫療,0.66,409110000.0,619863636.3636364,0.36,369122784.0075456,0.6,44.87,92.54,20.24,112.78,12.14,67.67,26.92,16.5,1.63,0.74,4.1,2.58,42,0.71,5
3231,緯創,電子工業,9.02,2036922031000.0,225822841574.2794,8.84,4053826638084.4834,17.95,18.09,14.97,8.26,23.23,148.27,416.98,324.67,146.5,2.22,1.01,2.85,9.69,132,34.32,175
3232,昱捷,電子通路業,0.29,909225000.0,3135258620.6896553,0.18,912774402.7944245,0.29,97.52,128.89,53.11,182.0,15.4,52.78,28.28,21.4,1.32,0.72,2.47,6.46,29,5.05,91
3310,佳穎,電子零組件業,3.55,2657456000.0,748579154.9295775,1.68,1731781510.2757597,2.31,26.16,33.77,16.17,49.94,37.35,115.36,60.44,68.3,0.88,0.55,1.69,0.0,0,16.29,159
3311,閎暉,通信網路業,1.62,2377310000.0,1467475308.6419752,0.94,2298671778.834416,1.57,37.39,47.91,19.68,67.59,30.9,106.12,58.7,35.6,1.65,0.87,2.98,1.67,105,33.99,14
3312,弘憶股,電子工業,1.74,20699880000.0,11896482758.62069,1.18,23421156153.93134,1.97,31.73,73.34,6.58,79.92,12.96,157.44,62.51,52.2,1.2,0.25,3.02,3.64,1,1.57,1
3317,尼克森,半導體業,1.8,2705899000.0,1503277222.222222,1.11,2890675156.594625,1.92,21.88,44.15,13.19,57.34,25.32,110.09,42.01,91.7,0.46,0.28,1.2,0.54,1,36.67,103
3321,同泰,電子工業,-2.77,2164390000.0,0.0,0.0,2363776018.8515687,0.0,0.0,0.0,0.0,0.0,0.0,0.0,0.0,20.25,0.0,0.0,0.0,6.29,13,217.24,141
3322,建舜電,電子零組件業,-0.96,2983337000.0,0.0,0.0,3176533509.0817113,0.0,80.41,68.16,37.29,105.45,0.0,0.0,0.0,12.9,0.0,0.0,0.0,4.04,36,41.98,184
3323,加百裕,電腦及週邊設備業,-1.92,5105491000.0,0.0,0.0,4329114891.000508,0.0,0.0,0.0,0.0,0.0,0.0,0.0,0.0,33.1,0.0,0.0,0.0,55.9,141,68.36,57
3324,雙鴻,其他電子類,28.2,21817975000.0,773687056.7375886,25.94,39493504428.619965,51.05,36.21,46.79,18.7,65.49,954.63,3343.26,1848.55,902.0,2.05,1.06,3.71,2.98,7,60.32,110
3325,旭品,電腦及週邊設備業,-1.64,1256726000.0,0.0,0.0,807848227.3167521,0.0,238.23,69.54,196.82,266.36,0.0,0.0,0.0,12.85,0.0,0.0,0.0,4.27,1,19.47,65
3332,幸康,電子零組件業,3.53,1602596000.0,453993201.1331445,2.35,1806216825.94079,3.98,18.34,12.73,14.31,27.04,56.95,107.62,72.99,67.1,1.09,0.85,1.6,1.43,2,86.18,111
3338,泰碩,電子工業,1.81,3671826000.0,2028633149.1712706,1.07,3545431103.7020097,1.75,25.56,47.53,13.22,60.75,23.14,106.31,44.73,68.2,0.66,0.34,1.56,0.12,1,32.44,27
3339,泰谷,光電業,-2.02,793716000.0,0.0,0.0,859608760.7024205,0.0,136.44,105.27,85.64,190.91,0.0,0.0,0.0,38.45,0.0,0.0,0.0,4.59,7,13.79,20
3346,麗清,汽車工業,0.12,8707292000.0,72560766666.66667,0.06,7260733190.202814,0.1,70.89,283.79,9.34,293.13,0.93,29.31,7.09,22.3,0.32,0.04,1.31,0.0,0,3.54,2
3349,寶德,電腦及週邊設備業,-1.04,506986000.0,0.0,0.0,345558688.64396644,0.0,0.0,0.0,0.0,0.0,0.0,0.0,0.0,24.6,0.0,0.0,0.0,30.42,10,73.44,173
3354,律勝,電子零組件業,-0.87,96893000.0,0.0,0.0,125732751.17387103,0.0,0.0,0.0,0.0,0.0,0.0,0.0,0.0,24.3,0.0,0.0,0.0,47.11,97,91.1,183
3356,奇偶,光電業,6.21,1017729000.0,163885507.2463768,4.01,1111891930.7765665,6.78,11.4,19.27,5.06,24.33,34.31,164.96,77.32,59.6,1.3,0.58,2.77,1.14,1,10.89,70
3357,臺慶科,電子零組件業,10.26,6493208000.0,632866276.803119,7.18,8041505882.976382,12.71,17.81,24.75,11.05,35.8,140.45,455.02,226.36,236.5,0.96,0.59,1.92,0.0,0,80.36,183
3360,尚立,電子通路業,-0.49,6823561000.0,0.0,0.0,11735038129.331419,0.0,0.0,0.0,0.0,0.0,0.0,0.0,0.0,20.75,0.0,0.0,0.0,17.16,69,36.6,181
3362,先進光,光電業,-1.07,4303139000.0,0.0,0.0,4258122417.448894,0.0,67.36,44.4,43.82,88.22,0.0,0.0,0.0,169.5,0.0,0.0,0.0,6.2,45,7.44,26
3308,聯德,電子零組件業,0.68,6815000.0,10022058.823529411,0.51,8553165.003650524,0.85,47.76,187.81,11.77,199.58,10.0,169.64,40.6,21.1,1.92,0.47,8.04,4.14,105,34.93,184
3306,鼎天,通信網路業,1.95,1067643000.0,547509230.7692307,1.1,1150369985.5200746,2.1,19.91,19.34,11.35,30.69,23.84,64.45,41.81,45.85,0.91,0.52,1.41,0.48,1,68.83,99
3305,昇貿,電子工業,3.16,10218236000.0,3233618987.341772,2.82,16589990137.824362,5.13,30.11,43.59,9.88,53.47,50.68,274.3,154.45,120.0,1.29,0.42,2.29,2.98,1,168.76,58
3234,光環,通信網路業,-1.4,673287000.0,0.0,0.0,721845799.6127548,0.0,0.0,0.0,0.0,0.0,0.0,0.0,0.0,108.0,0.0,0.0,0.0,26.92,146,45.48,160
3236,千如,電子零組件業,0.32,2009218000.0,6278806250.0,0.21,2447961928.3585753,0.39,157.72,403.22,80.53,483.75,31.41,188.66,61.51,53.7,1.15,0.58,3.51,4.35,143,136.88,183
3257,虹冠電,半導體業,3.43,1035739000.0,301964723.03207,1.23,685125879.7603302,2.27,21.45,19.23,13.26,32.49,30.1,73.75,48.7,56.8,0.86,0.53,1.3,26.94,99,32.04,103
3259,鑫創,半導體業,-2.36,283935000.0,0.0,0.0,280398156.4864986,0.0,0.0,0.0,0.0,0.0,0.0,0.0,0.0,15.55,0.0,0.0,0.0,5.3,7,8.41,119
3260,威剛,半導體業,23.14,50120672000.0,2165975453.759723,32.36,137360598835.26193,63.42,14.15,27.85,6.8,34.65,431.26,2197.5,897.52,400.5,2.24,1.08,5.49,0.0,0,221.16,184
3264,欣銓,半導體業,6.0,13781453000.0,2296908833.3333335,4.28,17591714167.74252,7.66,19.7,29.42,10.42,39.84,79.82,305.17,150.93,237.5,0.64,0.34,1.28,1.17,45,89.42,184
3265,台星科,半導體業,5.48,4581276000.0,835999270.0729927,3.76,5504049547.28259,6.58,20.71,22.67,11.28,33.95,74.22,223.39,136.29,171.0,0.8,0.43,1.31,0.0,0,40.98,183
3266,昇陽,建材營造,0.58,1779877000.0,3068753448.275862,0.38,1813846665.5270724,0.59,11.87,16.84,7.56,24.4,4.46,14.4,7.0,14.0,0.5,0.32,1.03,0.58,1,1.29,2
3268,海德威,半導體業,-1.33,927369000.0,0.0,0.0,973790415.2702074,0.0,77.94,45.38,45.0,90.38,0.0,0.0,0.0,19.95,0.0,0.0,0.0,1.95,1,11.02,29
3272,東碩,電腦及週邊設備業,-7.68,2947040000.0,0.0,0.0,2686815630.6036496,0.0,0.0,0.0,0.0,0.0,0.0,0.0,0.0,15.4,0.0,0.0,0.0,12.7,99,0.0,0
3105,穩懋,半導體業,4.0,16253435000.0,4063358750.0,2.82,21696969152.10125,5.34,103.77,429.72,27.04,456.76,144.39,2439.1,554.11,369.0,1.5,0.39,6.61,4.62,1,167.82,180
3276,宇環,電子零組件業,0.21,504802000.0,2403819047.6190476,0.15,630151694.8779243,0.26,85.29,112.01,24.66,136.67,6.41,35.53,22.17,16.8,1.32,0.38,2.11,0.0,0,36.29,35
3285,微端,其他電子類,0.7,662942000.0,947060000.0000001,0.69,1128911301.26917,1.19,38.09,70.89,20.25,91.14,24.1,108.46,45.33,39.0,1.16,0.62,2.78,0.0,0,27.09,70
3287,廣寰科,電腦及週邊設備業,1.5,907187000.0,604791333.3333334,0.88,1017997609.2966363,1.68,22.66,33.95,10.48,44.43,17.61,74.64,38.06,30.1,1.26,0.59,2.48,1.9,1,1.38,8
3288,點晶,電子零組件業,-0.64,77563000.0,0.0,0.0,76635730.4064307,0.0,813.03,185.0,742.5,927.5,0.0,0.0,0.0,24.25,0.0,0.0,0.0,0.0,0,9.67,111
3289,宜特,其他電子類,4.81,4777382000.0,993218711.0187111,2.72,4771468880.932831,4.8,24.05,30.98,12.78,43.76,61.34,210.05,115.45,160.5,0.72,0.38,1.31,34.13,99,8.03,54
3290,東浦,電子零組件業,2.21,2309567000.0,1045052941.1764706,1.98,3973025373.761735,3.8,19.05,16.75,9.69,26.44,36.82,100.47,72.39,68.0,1.06,0.54,1.48,22.78,97,79.06,98
3293,鈊象,文化創意業,38.51,21791052000.0,565854375.4868865,25.85,25169952572.9277,44.48,22.93,23.7,13.19,36.89,586.69,1640.87,1019.88,704.0,1.45,0.83,2.33,0.0,0,3.18,58
3294,英濟,電子零組件業,-0.48,3657141000.0,0.0,0.0,3257688081.321356,0.0,68.28,51.43,38.79,90.22,0.0,0.0,0.0,35.2,0.0,0.0,0.0,4.55,1,56.5,49
3296,勝德,電子工業,0.61,1601750000.0,2625819672.1311474,0.37,1598206672.5459232,0.61,180.18,950.27,16.4,966.67,10.0,589.67,109.91,27.15,4.05,0.37,21.72,38.14,149,23.04,30
3297,杭特,光電業,0.47,195991000.0,417002127.6595745,0.32,245719562.0144048,0.59,253.15,1172.87,58.8,1231.67,34.69,726.69,149.36,29.45,5.07,1.18,24.68,11.13,2,6.49,35
3303,岱稜,其他電子類,4.57,3015706000.0,659891903.7199124,3.03,3435308766.006498,5.21,13.01,12.74,9.46,22.2,49.29,115.66,67.76,57.4,1.18,0.86,2.01,61.07,115,14.03,54
3284,太普高,其他,2.38,858605000.0,360758403.3613446,1.36,848600366.5148865,2.35,14.95,39.46,6.76,46.22,15.89,108.62,35.14,25.95,1.35,0.61,4.19,44.29,30,0.19,1
3141,晶宏,半導體業,0.54,1635291000.0,3028316666.6666665,0.33,1758028922.0329657,0.58,80.88,104.57,41.38,145.95,24.0,84.65,46.91,67.9,0.69,0.35,1.25,3.43,72,2.99,1
3094,聯傑,電子工業,0.26,192361000.0,739850000.0,0.17,204981190.2631444,0.28,143.27,196.91,35.17,232.08,9.85,64.98,40.11,40.95,0.98,0.24,1.59,0.0,0,14.85,65
3024,憶聲,電子工業,0.27,2320313000.0,8593751851.85185,0.06,668622422.7078484,0.08,47.17,185.13,12.65,197.78,1.01,15.82,3.77,13.65,0.28,0.07,1.16,9.68,16,4.56,54
3025,星通,通信網路業,3.45,559413000.0,162148695.6521739,2.74,1009443138.0294052,6.23,19.65,25.17,11.88,37.05,74.01,230.82,122.41,58.4,2.1,1.27,3.95,24.65,174,53.37,180
3026,禾伸堂,電子工業,6.58,13298266000.0,2021013069.9088147,4.38,15289468697.135603,7.57,24.6,120.4,9.11,129.51,68.96,980.39,186.24,766.0,0.24,0.09,1.28,0.0,0,51.65,99
3027,盛達,通信網路業,-1.05,2214276000.0,0.0,0.0,1111444862.6286054,0.0,52.8,35.21,29.68,64.89,0.0,0.0,0.0,19.2,0.0,0.0,0.0,1.61,7,1.72,22
3028,增你強,電子工業,3.15,40725187000.0,12928630793.650793,3.15,75120578576.52173,5.81,16.59,16.71,8.62,25.33,50.08,147.17,96.36,73.1,1.32,0.69,2.01,0.0,0,24.71,175
3029,零壹,資訊服務業,6.54,24933295000.0,3812430428.134557,4.14,26935374927.150692,7.07,20.84,25.41,11.21,36.62,79.25,258.9,147.34,104.5,1.41,0.76,2.48,56.88,148,11.84,55
3095,及成,通信網路業,-2.0,612881000.0,0.0,0.0,748669401.3756267,0.0,27.42,51.85,12.56,64.41,0.0,0.0,0.0,38.5,0.0,0.0,0.0,18.55,10,3.97,175
3030,德律,電子工業,10.49,8268662000.0,788242326.0247855,7.76,10431431229.438307,13.23,20.98,28.91,10.56,39.47,139.71,522.19,277.51,310.0,0.9,0.45,1.68,5.52,42,44.78,44
3031,佰鴻,光電業,1.09,1133837000.0,1040217431.1926605,0.73,1331054949.517027,1.28,18.98,18.01,12.95,30.96,16.58,39.63,24.29,27.95,0.87,0.59,1.42,9.87,93,18.31,98
3032,偉訓,電子工業,-7.94,10818284000.0,0.0,0.0,12861083217.17846,0.0,15.42,16.54,9.21,25.75,0.0,0.0,0.0,79.6,0.0,0.0,0.0,42.66,163,32.78,12
3033,威健,電子工業,1.81,109006122000.0,60224376795.58011,1.3,132694501742.36234,2.2,16.41,14.72,6.7,21.42,14.74,47.12,36.1,54.2,0.67,0.27,0.87,0.13,1,6.44,20
3034,聯詠,半導體業,26.87,101870569000.0,3791238146.6319313,15.6,97462254561.18507,25.71,15.02,17.82,5.42,23.24,139.35,597.5,386.29,471.5,0.82,0.3,1.27,0.0,0,0.0,0
3035,智原,半導體業,2.81,18137133000.0,6454495729.537367,1.06,9532844363.683561,1.48,58.42,85.47,38.47,123.94,56.94,183.43,86.45,203.5,0.42,0.28,0.9,0.0,0,3.65,105
3036,文曄,電子工業,11.6,1175163222000.0,101307174310.34483,11.68,2307563787522.8853,22.78,18.12,21.47,7.87,29.34,179.28,668.37,412.76,196.0,2.11,0.91,3.41,0.0,0,16.18,112
3037,欣興,電子工業,4.38,128735949000.0,29391769178.08219,3.14,165070721710.4832,5.62,75.5,194.32,19.08,213.4,107.23,1199.31,424.29,882.0,0.48,0.12,1.36,8.84,1,102.21,184
3023,信邦,電子零組件業,13.02,31359136000.0,2408535791.09063,8.31,33673234273.756866,13.98,18.63,13.66,12.69,26.35,177.41,368.37,260.41,315.0,0.83,0.56,1.17,5.5,7,11.58,33
3022,威強電,電腦及週邊設備業,4.62,6419504000.0,1389503030.3030303,3.4,7607998948.346324,5.48,12.61,18.99,7.72,26.71,42.31,146.37,69.08,84.8,0.81,0.5,1.73,0.1,2,0.0,0
3006,晶豪科,半導體業,0.87,13448840000.0,15458436781.609196,1.51,43463061571.58739,2.81,61.4,234.97,6.14,241.11,17.25,677.52,172.53,220.0,0.78,0.08,3.08,1.23,2,209.62,184
3008,大立光,光電業,159.41,61150341000.0,383604171.6328963,90.76,66593427198.73631,173.6,15.19,23.16,9.27,32.43,1609.27,5629.85,2636.94,4260.0,0.62,0.38,1.32,2.4,44,12.39,170
3010,華立,電子工業,8.84,77983858000.0,8821703393.66516,5.93,90164521656.29858,10.22,13.35,9.34,7.83,17.17,80.02,175.48,136.46,117.5,1.16,0.68,1.49,0.0,0,29.99,153
3011,今皓,電子工業,-2.55,786448000.0,0.0,0.0,495114189.6146561,0.0,21.98,0.0,21.98,21.98,0.0,0.0,0.0,12.45,0.0,0.0,0.0,18.04,97,33.98,34
3013,晟銘電,電子工業,4.03,10402632000.0,2581298263.027295,2.84,12508055241.84539,4.85,39.49,65.57,21.12,86.69,102.43,420.45,191.5,96.5,1.98,1.06,4.36,39.09,118,12.0,145
3014,聯陽,半導體業,9.51,6951047000.0,730919768.6645637,5.53,6815852115.998488,9.33,13.87,9.65,8.57,18.22,79.96,169.99,129.43,131.5,0.98,0.61,1.29,0.0,0,3.01,54
3015,全漢,電子工業,1.86,13156678000.0,7073482795.698924,1.02,12251804388.174864,1.73,29.04,30.11,10.62,40.73,18.37,70.46,50.23,59.1,0.85,0.31,1.19,16.86,142,9.24,106
3016,嘉晶,半導體業,0.07,3837008000.0,54814399999.99999,0.05,4858880485.133137,0.09,1050.09,7230.54,29.46,7260.0,2.65,653.4,94.51,116.0,0.81,0.02,5.63,0.0,0,86.67,103
3017,奇鋐,電子工業,49.17,132329140000.0,2691257677.4455967,41.65,249068026738.1537,92.55,35.38,47.46,12.74,60.2,1179.09,5571.51,3274.09,2225.0,1.47,0.53,2.5,3.47,142,82.78,117
3018,隆銘綠能,其他電子業,-2.14,562789000.0,0.0,0.0,257190807.76217094,0.0,0.0,0.0,0.0,0.0,0.0,0.0,0.0,11.75,0.0,0.0,0.0,35.26,122,19.64,34
3019,亞光,光電業,6.6,26484102000.0,4012742727.2727275,4.07,29928326190.282772,7.46,23.97,23.74,14.77,38.51,110.18,287.28,178.82,141.5,1.26,0.78,2.03,97.18,168,35.57,54
3021,鴻名,電子工業,0.32,3240411000.0,10126284375.0,0.18,3360997028.015287,0.33,47.65,105.23,12.42,117.65,4.1,38.82,15.72,23.6,0.67,0.17,1.64,31.86,101,16.62,33
3038,全台,電子工業,1.11,3064638000.0,2760935135.1351347,0.61,2779509327.8610983,1.01,15.3,18.49,8.32,26.81,8.4,27.08,15.45,21.1,0.73,0.4,1.28,0.67,1,7.37,183
3058,立德,電子工業,-1.44,3179968000.0,0.0,0.0,3172265382.8666778,0.0,0.0,0.0,0.0,0.0,0.0,0.0,0.0,9.1,0.0,0.0,0.0,1.31,1,48.39,34
3059,華晶科,光電業,1.24,8728393000.0,7039026612.903226,0.72,9191074652.606167,1.31,34.53,29.43,25.35,54.78,33.21,71.76,45.23,44.25,1.02,0.75,1.62,1.19,162,64.28,54
3060,銘異,電子工業,-0.4,3807613000.0,0.0,0.0,4386333445.953364,0.0,44.63,52.28,12.94,65.22,0.0,0.0,0.0,32.25,0.0,0.0,0.0,5.04,1,83.21,176
3062,建漢,通信網路業,0.7,4240911000.0,6058444285.714286,0.4,4085384267.371163,0.67,345.18,2940.32,9.68,2950.0,6.49,1976.5,231.27,22.9,10.1,0.28,86.31,27.93,114,12.86,106
3064,泰偉,文化創意業,-3.52,82696000.0,0.0,0.0,77174506.04581888,0.0,396.29,1166.14,123.86,1290.0,0.0,0.0,0.0,0.0,0.0,0.0,0.0,0.6,1,0.0,0
3066,李洲,光電業,-1.39,241414000.0,0.0,0.0,313363870.89430356,0.0,71.14,420.35,11.08,431.43,0.0,0.0,0.0,24.2,0.0,0.0,0.0,46.58,97,28.72,29
3071,協禧,電腦及週邊設備業,0.57,2306306000.0,4046150877.1929827,0.43,3038495154.9491796,0.75,34.47,38.81,19.79,58.6,14.84,43.95,25.86,27.5,0.94,0.54,1.6,1.47,1,48.65,47
3078,僑威,電子零組件業,6.07,10447611000.0,1721187973.6408565,2.17,5633698878.958555,3.27,12.2,9.25,8.73,17.98,28.55,58.79,39.89,53.5,0.75,0.53,1.1,8.41,178,15.46,28
3081,聯亞,通信網路業,4.66,2061242000.0,442326609.44206005,5.33,4428604787.998322,10.01,443.42,1193.76,146.24,1340.0,1463.86,13413.4,4438.6,1620.0,2.74,0.9,8.28,191.48,184,87.99,180
3083,網龍,文化創意業,0.43,380390000.0,884627906.9767442,0.26,443658227.7117536,0.5,619.07,3722.22,37.78,3760.0,18.89,1880.0,309.54,26.7,11.59,0.71,70.41,0.5,16,7.89,183
3086,華義*,文化創意業,-0.64,156507000.0,0.0,0.0,145345809.88387793,0.0,369.56,1100.0,66.67,1166.67,0.0,0.0,0.0,32.3,0.0,0.0,0.0,87.06,69,60.99,132
3088,艾訊,電腦及週邊設備業,4.68,6889683000.0,1472154487.1794872,3.68,9497494225.458393,6.45,16.55,14.61,11.45,26.06,73.85,168.09,106.77,138.0,0.77,0.54,1.22,29.39,176,1.55,5
3090,日電貿,電子工業,5.47,15451185000.0,2824713893.9670935,3.83,19087615704.29799,6.76,20.54,59.94,10.89,70.83,73.62,478.81,138.87,209.0,0.66,0.35,2.29,17.35,141,33.33,170
3093,港建*,其他電子類,1.22,2019834000.0,1655601639.3442624,0.52,1246869058.8898065,0.75,27.99,71.97,14.24,86.21,10.68,64.66,20.99,50.9,0.41,0.21,1.27,4.98,87,26.65,27
3057,喬鼎,電腦及週邊設備業,-0.95,620855000.0,0.0,0.0,559931898.2513855,0.0,59.77,0.0,59.77,59.77,0.0,0.0,0.0,16.85,0.0,0.0,0.0,0.97,1,122.33,174
3055,蔚華科,電子通路業,-2.68,431835000.0,0.0,0.0,433911143.47156495,0.0,0.0,0.0,0.0,0.0,0.0,0.0,0.0,180.0,0.0,0.0,0.0,0.0,0,28.3,163
3056,富華新,建材營造,1.46,7242624000.0,4960701369.863014,0.13,655417868.4075752,0.13,61.95,380.04,2.46,382.5,0.32,49.72,8.05,14.8,0.54,0.02,3.36,3.79,16,4.82,8
3040,遠見,其他,0.32,132227000.0,413209375.0,0.19,135020724.5419797,0.33,74.65,153.32,19.26,172.58,6.36,56.95,24.64,38.8,0.64,0.16,1.47,74.36,174,10.68,55
3041,揚智,半導體業,-3.45,1243147000.0,0.0,0.0,1963666261.1213648,0.0,0.0,0.0,0.0,0.0,0.0,0.0,0.0,25.55,0.0,0.0,0.0,78.15,155,25.39,65
3042,晶技,電子工業,5.28,13362235000.0,2530726325.7575755,3.19,14230071889.494936,5.62,18.63,38.38,9.14,47.52,51.37,267.06,104.72,186.5,0.56,0.28,1.43,6.61,99,16.14,68
3043,科風,其他電子業,-2.67,899132000.0,0.0,0.0,785391857.1914625,0.0,53.2,100.43,9.77,110.2,0.0,0.0,0.0,22.25,0.0,0.0,0.0,26.4,155,22.99,35
3044,健鼎,電子工業,19.45,72704288000.0,3738009665.8097687,13.96,93226661729.11386,24.94,16.15,18.56,9.28,27.84,231.44,694.33,402.86,422.0,0.95,0.55,1.65,0.0,0,44.79,110
3045,台灣大,通信網路業,4.77,197871798000.0,41482557232.70441,2.83,205704745957.714,4.96,24.08,6.22,21.93,28.15,108.77,139.62,119.42,110.5,1.08,0.98,1.26,17.33,69,5.63,99
3046,建碁,電子工業,4.01,7193415000.0,1793869077.3067334,2.83,9055967186.155872,5.05,13.33,9.57,9.45,19.02,47.72,96.05,67.29,54.2,1.24,0.88,1.77,6.61,48,18.66,182
3047,訊舟,電子工業,-0.9,3860331000.0,0.0,0.0,2553600443.812376,0.0,94.68,572.22,17.78,590.0,0.0,0.0,0.0,15.55,0.0,0.0,0.0,4.81,34,27.15,43
3052,夆典,建材營造,1.1,3378991000.0,3071809999.9999995,0.73,3437159848.164595,1.12,11.26,8.97,9.33,18.3,10.45,20.5,12.61,10.85,1.16,0.96,1.89,7.22,14,0.0,0
3051,力特,電子工業,1.01,1914043000.0,1895092079.2079208,0.58,1876838601.0818079,0.99,17.65,19.45,10.45,29.9,10.35,29.6,17.48,24.05,0.73,0.43,1.23,11.59,148,8.51,19
3050,鈺德,電子工業,0.04,1233506000.0,30837650000.0,0.02,1228086313.6222413,0.04,76.42,342.68,19.82,362.5,0.79,14.5,3.06,12.25,0.25,0.06,1.18,1.75,1,13.33,182
3049,精金,電子工業,-0.64,1466127000.0,0.0,0.0,898311717.7944293,0.0,11.49,0.0,11.49,11.49,0.0,0.0,0.0,12.0,0.0,0.0,0.0,37.82,83,30.91,154
3048,益登,電子通路業,2.01,115983074000.0,57703021890.54727,1.44,145622871145.4534,2.52,52.8,148.22,8.03,156.25,20.24,393.75,133.05,55.8,2.38,0.36,7.06,0.1,1,75.19,51
OilGasElectricity,油電燃氣類指數,Index,0.0,0.0,0.0,0.0,0.0,0.0,0.0,0.0,0.0,0.0,0.0,0.0,0.0,108.62,0.0,0.0,0.0,3.08,2,46.56,15
OtherElectronic,其他電子類指數,Index,0.0,0.0,0.0,0.0,0.0,0.0,0.0,0.0,0.0,0.0,0.0,0.0,0.0,269.93,0.0,0.0,0.0,4.82,118,73.33,15
IronSteel,鋼鐵類指數,Index,0.0,0.0,0.0,0.0,0.0,0.0,0.0,0.0,0.0,0.0,0.0,0.0,0.0,117.32,0.0,0.0,0.0,1.02,2,7.74,33
Optoelectronic,光電類指數,Index,0.0,0.0,0.0,0.0,0.0,0.0,0.0,0.0,0.0,0.0,0.0,0.0,0.0,66.15,0.0,0.0,0.0,0.17,1,108.05,15
Other,其他類指數,Index,0.0,0.0,0.0,0.0,0.0,0.0,0.0,0.0,0.0,0.0,0.0,0.0,0.0,286.34,0.0,0.0,0.0,2.13,16,1.98,50
PaperPulp,造紙類指數,Index,0.0,0.0,0.0,0.0,0.0,0.0,0.0,0.0,0.0,0.0,0.0,0.0,0.0,274.3,0.0,0.0,0.0,1.27,2,14.42,15
Textiles,紡織纖維類指數,Index,0.0,0.0,0.0,0.0,0.0,0.0,0.0,0.0,0.0,0.0,0.0,0.0,0.0,494.61,0.0,0.0,0.0,0.07,1,6.21,139
Rubber,橡膠類指數,Index,0.0,0.0,0.0,0.0,0.0,0.0,0.0,0.0,0.0,0.0,0.0,0.0,0.0,202.86,0.0,0.0,0.0,3.62,83,5.72,8
Semiconductor,半導體類指數,Index,0.0,0.0,0.0,0.0,0.0,0.0,0.0,0.0,0.0,0.0,0.0,0.0,0.0,1570.52,0.0,0.0,0.0,4.11,175,125.9,15
ShippingTransportation,航運業類指數,Index,0.0,0.0,0.0,0.0,0.0,0.0,0.0,0.0,0.0,0.0,0.0,0.0,0.0,189.11,0.0,0.0,0.0,19.77,146,2.83,33
TAIEX,加權指數,大盤,0.0,0.0,0.0,0.0,0.0,0.0,0.0,0.0,0.0,0.0,0.0,0.0,0.0,45624.98,0.0,0.0,0.0,0.0,0,36.31,184
InformationService,資訊服務類指數,Index,0.0,0.0,0.0,0.0,0.0,0.0,0.0,0.0,0.0,0.0,0.0,0.0,0.0,210.54,0.0,0.0,0.0,12.11,148,6.31,85
Tourism,觀光事業類指數,Index,0.0,0.0,0.0,0.0,0.0,0.0,0.0,0.0,0.0,0.0,0.0,0.0,0.0,100.4,0.0,0.0,0.0,0.31,2,0.0,0
Plastics,塑膠類指數,Index,0.0,0.0,0.0,0.0,0.0,0.0,0.0,0.0,0.0,0.0,0.0,0.0,0.0,375.34,0.0,0.0,0.0,4.81,2,183.29,15
GlassCeramic,玻璃陶瓷類指數,Index,0.0,0.0,0.0,0.0,0.0,0.0,0.0,0.0,0.0,0.0,0.0,0.0,0.0,147.04,0.0,0.0,0.0,7.5,132,239.89,15
BiotechnologyMedicalCare,生技醫療類指數,Index,0.0,0.0,0.0,0.0,0.0,0.0,0.0,0.0,0.0,0.0,0.0,0.0,0.0,98.6,0.0,0.0,0.0,2.36,1,28.45,54
FinancialInsurance,金融保險類指數,Index,0.0,0.0,0.0,0.0,0.0,0.0,0.0,0.0,0.0,0.0,0.0,0.0,0.0,3107.12,0.0,0.0,0.0,1.06,149,43.6,15
ElectronicProductsDistribution,電子通路類指數,Index,0.0,0.0,0.0,0.0,0.0,0.0,0.0,0.0,0.0,0.0,0.0,0.0,0.0,368.81,0.0,0.0,0.0,0.0,0,47.71,15
ElectronicPartsComponents,電子零組件類指數,Index,0.0,0.0,0.0,0.0,0.0,0.0,0.0,0.0,0.0,0.0,0.0,0.0,0.0,904.38,0.0,0.0,0.0,0.35,1,272.9,15
Electronic,電子類指數,Index,0.0,0.0,0.0,0.0,0.0,0.0,0.0,0.0,0.0,0.0,0.0,0.0,0.0,2909.94,0.0,0.0,0.0,1.66,175,122.06,15
ElectricMachinery,電機機械類指數,Index,0.0,0.0,0.0,0.0,0.0,0.0,0.0,0.0,0.0,0.0,0.0,0.0,0.0,528.67,0.0,0.0,0.0,0.07,1,48.03,15
ElectricalCable,電器電纜類指數,Index,0.0,0.0,0.0,0.0,0.0,0.0,0.0,0.0,0.0,0.0,0.0,0.0,0.0,103.88,0.0,0.0,0.0,1.15,1,55.54,183
ComputerPeripheralEquipment,電腦及週邊設備類指數,Index,0.0,0.0,0.0,0.0,0.0,0.0,0.0,0.0,0.0,0.0,0.0,0.0,0.0,393.13,0.0,0.0,0.0,0.0,0,43.69,15
CommunicationsInternet,通信網路類指數,Index,0.0,0.0,0.0,0.0,0.0,0.0,0.0,0.0,0.0,0.0,0.0,0.0,0.0,239.52,0.0,0.0,0.0,10.59,164,51.24,15
ChemicalBiotechnologyMedicalCare,化學生技醫療類指數,Index,0.0,0.0,0.0,0.0,0.0,0.0,0.0,0.0,0.0,0.0,0.0,0.0,0.0,174.41,0.0,0.0,0.0,1.79,1,25.09,15
Chemical,化學類指數,Index,0.0,0.0,0.0,0.0,0.0,0.0,0.0,0.0,0.0,0.0,0.0,0.0,0.0,203.33,0.0,0.0,0.0,2.85,73,33.67,15
Cement,水泥類指數,Index,0.0,0.0,0.0,0.0,0.0,0.0,0.0,0.0,0.0,0.0,0.0,0.0,0.0,118.94,0.0,0.0,0.0,1.04,76,4.07,14
BuildingMaterialConstruction,建材營造類指數,Index,0.0,0.0,0.0,0.0,0.0,0.0,0.0,0.0,0.0,0.0,0.0,0.0,0.0,473.14,0.0,0.0,0.0,6.47,16,2.35,50
Automobile,汽車類指數,Index,0.0,0.0,0.0,0.0,0.0,0.0,0.0,0.0,0.0,0.0,0.0,0.0,0.0,296.89,0.0,0.0,0.0,0.0,0,4.61,58
TPEx,櫃買指數,大盤,0.0,0.0,0.0,0.0,0.0,0.0,0.0,0.0,0.0,0.0,0.0,0.0,0.0,407.01,0.0,0.0,0.0,0.47,1,25.73,184
Food,食品類指數,Index,0.0,0.0,0.0,0.0,0.0,0.0,0.0,0.0,0.0,0.0,0.0,0.0,0.0,2004.49,0.0,0.0,0.0,2.1,7,0.51,5
TradingConsumersGoods,貿易百貨類指數,Index,0.0,0.0,0.0,0.0,0.0,0.0,0.0,0.0,0.0,0.0,0.0,0.0,0.0,251.19,0.0,0.0,0.0,2.24,71,1.08,7
