代號,名稱,產業別,前一年_EPS,前一年營收_e,轉換數據EPS_1,本年度累積營收換算EPS,推估本年度營收,推估本年度EPS,平均前2年本益比,前2年本益比最高最低差,前2年最低本益比,前2年最高本益比,用本年度推估EPS換算股價最低值,用本年度推估EPS換算股價最高值,用本年度推估EPS換算股價平均值,今日股價,報酬,風險,加成,前兩年往後6月最高漲幅_%,前兩年往後6月達最高花費天數,前一年往後6月最高漲幅_%,前一年往後6月達最高花費天數
3687,歐買尬,文化創意業,4.68,1807323000.0,386180128.20512825,2.58,2049130953.789708,5.31,30.93,41.69,13.34,55.03,70.84,292.21,164.26,76.7,2.14,0.92,3.81,19.71,113,9.68,108
5481,新華,電子零組件業,-0.65,97157000.0,0.0,0.0,89528919.95925815,0.0,0.0,0.0,0.0,0.0,0.0,0.0,0.0,20.6,0.0,0.0,0.0,122.22,183,6.35,111
3629,地心引力,光電業,-0.65,4873000.0,0.0,0.0,1780554689.1891892,0.0,0.0,0.0,0.0,0.0,0.0,0.0,0.0,14.85,0.0,0.0,0.0,19.89,43,36.3,9
5450,寶聯通,電腦及週邊設備業,0.22,2421173000.0,11005331818.181818,0.12,2564775763.5954576,0.23,33.8,71.26,11.11,82.37,2.56,18.95,7.77,15.55,0.5,0.16,1.22,1.19,3,3.4,175
6238,勝麗,其他電子類,0.0,0.0,0.0,0.0,0.0,0.0,0.0,0.0,0.0,0.0,0.0,0.0,0.0,0.0,0.0,0.0,0.0,0.0,0,0.0,0
00835B,第一金科技債10+,上櫃指數股票型基金(ETF),0.0,0.0,0.0,0.0,0.0,0.0,0.0,0.0,0.0,0.0,0.0,0.0,0.0,0.0,0.0,0.0,0.0,0.0,0,0.0,0
00837B,永豐15年金融債,上櫃指數股票型基金(ETF),0.0,0.0,0.0,0.0,0.0,0.0,0.0,0.0,0.0,0.0,0.0,0.0,0.0,0.0,0.0,0.0,0.0,0.0,0,0.0,0
00798B,國泰中企A級債7+,上櫃指數股票型基金(ETF),0.0,0.0,0.0,0.0,0.0,0.0,0.0,0.0,0.0,0.0,0.0,0.0,0.0,0.0,0.0,0.0,0.0,0.0,0,0.0,0
6497,亞獅康-KY,生技醫療業,0.0,0.0,0.0,0.0,0.0,0.0,0.0,0.0,0.0,0.0,0.0,0.0,0.0,0.0,0.0,0.0,0.0,0.0,0,0.0,0
5349,先豐,電子零組件業,0.0,0.0,0.0,0.0,0.0,0.0,0.0,0.0,0.0,0.0,0.0,0.0,0.0,0.0,0.0,0.0,0.0,0.0,0,0.0,0
01003T,兆豐新光R1,受益證券,0.0,0.0,0.0,0.0,0.0,0.0,0.0,0.0,0.0,0.0,0.0,0.0,0.0,14.79,0.0,0.0,0.0,3.79,2,3.79,2
01002T,土銀國泰R1,受益證券,0.0,0.0,0.0,0.0,0.0,0.0,0.0,0.0,0.0,0.0,0.0,0.0,0.0,13.8,0.0,0.0,0.0,0.48,9,0.07,2
01001T,土銀富邦R1,受益證券,0.0,0.0,0.0,0.0,0.0,0.0,0.0,0.0,0.0,0.0,0.0,0.0,0.0,11.5,0.0,0.0,0.0,1.27,50,0.0,0
01004T,土銀富邦R2,受益證券,0.0,0.0,0.0,0.0,0.0,0.0,0.0,0.0,0.0,0.0,0.0,0.0,0.0,10.31,0.0,0.0,0.0,0.08,2,0.0,0
01009T,王道圓滿R1,受益證券,0.0,0.0,0.0,0.0,0.0,0.0,0.0,0.0,0.0,0.0,0.0,0.0,0.0,5.69,0.0,0.0,0.0,1.54,8,0.0,0
01008T,駿馬R1,受益證券,0.0,0.0,0.0,0.0,0.0,0.0,0.0,0.0,0.0,0.0,0.0,0.0,0.0,0.0,0.0,0.0,0.0,0.0,0,0.0,0
01005T,三鼎,受益證券,0.0,0.0,0.0,0.0,0.0,0.0,0.0,0.0,0.0,0.0,0.0,0.0,0.0,0.0,0.0,0.0,0.0,0.0,0,0.0,0
01007T,兆豐國泰R2,受益證券,0.0,0.0,0.0,0.0,0.0,0.0,0.0,0.0,0.0,0.0,0.0,0.0,0.0,12.44,0.0,0.0,0.0,0.0,0,0.0,0
710502,泰博元大9B購01,所有證券,0.0,0.0,0.0,0.0,0.0,0.0,0.0,0.0,0.0,0.0,0.0,0.0,0.0,1.48,0.0,0.0,0.0,0.0,0,5.7,1
710499,網家國泰9B購01,所有證券,0.0,0.0,0.0,0.0,0.0,0.0,0.0,0.0,0.0,0.0,0.0,0.0,0.0,1.45,0.0,0.0,0.0,0.0,0,0.0,0
710505,泰博富邦9B購01,所有證券,0.0,0.0,0.0,0.0,0.0,0.0,0.0,0.0,0.0,0.0,0.0,0.0,0.0,1.87,0.0,0.0,0.0,0.0,0,0.0,0
709972,旺矽元大9B購01,所有證券,0.0,0.0,0.0,0.0,0.0,0.0,0.0,0.0,0.0,0.0,0.0,0.0,0.0,0.0,0.0,0.0,0.0,140.0,43,0.0,0
709994,中美晶元大9B購01,所有證券,0.0,0.0,0.0,0.0,0.0,0.0,0.0,0.0,0.0,0.0,0.0,0.0,0.0,1.35,0.0,0.0,0.0,15.69,2,0.0,0
710509,建榮凱基9B購01,所有證券,0.0,0.0,0.0,0.0,0.0,0.0,0.0,0.0,0.0,0.0,0.0,0.0,0.0,1.12,0.0,0.0,0.0,0.0,0,0.0,0
710510,群聯凱基9B購03,所有證券,0.0,0.0,0.0,0.0,0.0,0.0,0.0,0.0,0.0,0.0,0.0,0.0,0.0,0.93,0.0,0.0,0.0,0.0,0,0.0,0
709966,金居群益9B購01,所有證券,0.0,0.0,0.0,0.0,0.0,0.0,0.0,0.0,0.0,0.0,0.0,0.0,0.0,0.63,0.0,0.0,0.0,0.0,0,0.0,0
710516,宇峻永豐9B購01,所有證券,0.0,0.0,0.0,0.0,0.0,0.0,0.0,0.0,0.0,0.0,0.0,0.0,0.0,0.72,0.0,0.0,0.0,0.0,0,0.0,0
710533,鈊象元大9B購04,所有證券,0.0,0.0,0.0,0.0,0.0,0.0,0.0,0.0,0.0,0.0,0.0,0.0,0.0,0.91,0.0,0.0,0.0,0.0,0,0.0,0
710534,鈺太元大9B購01,所有證券,0.0,0.0,0.0,0.0,0.0,0.0,0.0,0.0,0.0,0.0,0.0,0.0,0.0,2.45,0.0,0.0,0.0,19.51,4,19.51,4
710553,穩懋統一9B購03,所有證券,0.0,0.0,0.0,0.0,0.0,0.0,0.0,0.0,0.0,0.0,0.0,0.0,0.0,0.96,0.0,0.0,0.0,0.0,0,0.0,0
709983,群聯日盛9B購01,所有證券,0.0,0.0,0.0,0.0,0.0,0.0,0.0,0.0,0.0,0.0,0.0,0.0,0.0,1.05,0.0,0.0,0.0,14.73,5,14.73,5
711133,寶雅永豐9B購01,所有證券,0.0,0.0,0.0,0.0,0.0,0.0,0.0,0.0,0.0,0.0,0.0,0.0,0.0,0.0,0.0,0.0,0.0,0.0,0,0.0,0
708785,信驊中信9B購01,所有證券,0.0,0.0,0.0,0.0,0.0,0.0,0.0,0.0,0.0,0.0,0.0,0.0,0.0,0.0,0.0,0.0,0.0,0.0,0,0.0,0
73193P,神盾元大9B售04,所有證券,0.0,0.0,0.0,0.0,0.0,0.0,0.0,0.0,0.0,0.0,0.0,0.0,0.0,0.0,0.0,0.0,0.0,0.0,0,0.0,0
73107P,原相國票9B售02,所有證券,0.0,0.0,0.0,0.0,0.0,0.0,0.0,0.0,0.0,0.0,0.0,0.0,0.0,0.0,0.0,0.0,0.0,0.0,0,0.0,0
711145,環球晶國票9B購02,所有證券,0.0,0.0,0.0,0.0,0.0,0.0,0.0,0.0,0.0,0.0,0.0,0.0,0.0,0.0,0.0,0.0,0.0,0.0,0,0.0,0
711141,胡連凱基9B購01,所有證券,0.0,0.0,0.0,0.0,0.0,0.0,0.0,0.0,0.0,0.0,0.0,0.0,0.0,0.0,0.0,0.0,0.0,0.0,0,0.0,0
711140,旺矽凱基9B購01,所有證券,0.0,0.0,0.0,0.0,0.0,0.0,0.0,0.0,0.0,0.0,0.0,0.0,0.0,0.0,0.0,0.0,0.0,0.0,0,0.0,0
711139,中美晶凱基9B購02,所有證券,0.0,0.0,0.0,0.0,0.0,0.0,0.0,0.0,0.0,0.0,0.0,0.0,0.0,0.0,0.0,0.0,0.0,0.0,0,0.0,0
711137,胡連群益9B購01,所有證券,0.0,0.0,0.0,0.0,0.0,0.0,0.0,0.0,0.0,0.0,0.0,0.0,0.0,0.0,0.0,0.0,0.0,0.0,0,0.0,0
711135,元太群益9B購01,所有證券,0.0,0.0,0.0,0.0,0.0,0.0,0.0,0.0,0.0,0.0,0.0,0.0,0.0,0.0,0.0,0.0,0.0,0.0,0,0.0,0
711134,中美晶群益9B購03,所有證券,0.0,0.0,0.0,0.0,0.0,0.0,0.0,0.0,0.0,0.0,0.0,0.0,0.0,0.0,0.0,0.0,0.0,0.0,0,0.0,0
709403,雙美國票9B購01,所有證券,0.0,0.0,0.0,0.0,0.0,0.0,0.0,0.0,0.0,0.0,0.0,0.0,0.0,0.33,0.0,0.0,0.0,0.0,0,0.0,0
710560,宏捷科元大9B購02,所有證券,0.0,0.0,0.0,0.0,0.0,0.0,0.0,0.0,0.0,0.0,0.0,0.0,0.0,0.0,0.0,0.0,0.0,0.0,0,0.0,0
709985,大江富邦9B購02,所有證券,0.0,0.0,0.0,0.0,0.0,0.0,0.0,0.0,0.0,0.0,0.0,0.0,0.0,1.17,0.0,0.0,0.0,0.0,0,0.0,0
711131,胡連永豐9B購01,所有證券,0.0,0.0,0.0,0.0,0.0,0.0,0.0,0.0,0.0,0.0,0.0,0.0,0.0,0.0,0.0,0.0,0.0,0.0,0,0.0,0
711127,頎邦元大9B購03,所有證券,0.0,0.0,0.0,0.0,0.0,0.0,0.0,0.0,0.0,0.0,0.0,0.0,0.0,0.0,0.0,0.0,0.0,0.0,0,0.0,0
711126,聯亞元大9B購05,所有證券,0.0,0.0,0.0,0.0,0.0,0.0,0.0,0.0,0.0,0.0,0.0,0.0,0.0,0.0,0.0,0.0,0.0,0.0,0,0.0,0
710590,鈺太凱基9B購01,所有證券,0.0,0.0,0.0,0.0,0.0,0.0,0.0,0.0,0.0,0.0,0.0,0.0,0.0,1.19,0.0,0.0,0.0,2.59,3,2.59,3
710575,環球晶中信9B購01,所有證券,0.0,0.0,0.0,0.0,0.0,0.0,0.0,0.0,0.0,0.0,0.0,0.0,0.0,1.37,0.0,0.0,0.0,0.0,0,0.0,0
710569,中美晶富邦9B購04,所有證券,0.0,0.0,0.0,0.0,0.0,0.0,0.0,0.0,0.0,0.0,0.0,0.0,0.0,0.0,0.0,0.0,0.0,25.58,8,0.0,0
710566,碩禾元大9B購01,所有證券,0.0,0.0,0.0,0.0,0.0,0.0,0.0,0.0,0.0,0.0,0.0,0.0,0.0,1.85,0.0,0.0,0.0,129.19,184,0.0,0
710561,威剛元大9B購02,所有證券,0.0,0.0,0.0,0.0,0.0,0.0,0.0,0.0,0.0,0.0,0.0,0.0,0.0,0.0,0.0,0.0,0.0,0.0,0,0.0,0
711132,僑威永豐9B購01,所有證券,0.0,0.0,0.0,0.0,0.0,0.0,0.0,0.0,0.0,0.0,0.0,0.0,0.0,0.0,0.0,0.0,0.0,0.0,0,0.0,0
8934,衡平,其他,0.0,0.0,0.0,0.0,0.0,0.0,0.0,0.0,0.0,0.0,0.0,0.0,0.0,0.0,0.0,0.0,0.0,0.0,0,0.0,0
5304,鼎創達,電腦及週邊設備業,0.0,0.0,0.0,0.0,0.0,0.0,0.0,0.0,0.0,0.0,0.0,0.0,0.0,0.0,0.0,0.0,0.0,0.0,0,0.0,0
00833B,第一金美債20+,上櫃指數股票型基金(ETF),0.0,0.0,0.0,0.0,0.0,0.0,0.0,0.0,0.0,0.0,0.0,0.0,0.0,0.0,0.0,0.0,0.0,0.0,0,0.0,0
00855B,富邦全球能源債,上櫃指數股票型基金(ETF),0.0,0.0,0.0,0.0,0.0,0.0,0.0,0.0,0.0,0.0,0.0,0.0,0.0,0.0,0.0,0.0,0.0,0.0,0,0.0,0
00854B,富邦全球保險債,上櫃指數股票型基金(ETF),0.0,0.0,0.0,0.0,0.0,0.0,0.0,0.0,0.0,0.0,0.0,0.0,0.0,0.0,0.0,0.0,0.0,0.0,0,0.0,0
6438,迅得,其他電子類,5.26,6375307000.0,1212035551.3307986,3.42,7322816559.470971,6.04,26.13,36.21,11.32,47.53,68.37,287.08,157.84,164.0,0.96,0.42,1.75,82.1,140,36.96,53
00873B,凱基新興債1-5,上櫃指數股票型基金(ETF),0.0,0.0,0.0,0.0,0.0,0.0,0.0,0.0,0.0,0.0,0.0,0.0,0.0,0.0,0.0,0.0,0.0,0.0,0,0.0,0
00874B,凱基BBB公司債15+,上櫃指數股票型基金(ETF),0.0,0.0,0.0,0.0,0.0,0.0,0.0,0.0,0.0,0.0,0.0,0.0,0.0,0.0,0.0,0.0,0.0,0.0,0,0.0,0
00871B,元大中國政金債,上櫃指數股票型基金(ETF),0.0,0.0,0.0,0.0,0.0,0.0,0.0,0.0,0.0,0.0,0.0,0.0,0.0,0.0,0.0,0.0,0.0,0.0,0,0.0,0
6426,統新,通信網路業,-0.78,477475000.0,0.0,0.0,751368307.6665317,0.0,436.18,483.48,71.33,554.81,0.0,0.0,0.0,188.0,0.0,0.0,0.0,47.02,151,52.42,161
00868B,FT1-3年美公債,上櫃指數股票型基金(ETF),0.0,0.0,0.0,0.0,0.0,0.0,0.0,0.0,0.0,0.0,0.0,0.0,0.0,0.0,0.0,0.0,0.0,0.0,0,0.0,0
3092,鴻碩,電子零組件業,-5.14,1651362000.0,0.0,0.0,1550824587.448487,0.0,2535.0,0.0,2535.0,2535.0,0.0,0.0,0.0,32.4,0.0,0.0,0.0,4.75,116,52.78,184
2429,銘旺科,電子零組件業,-1.41,469482000.0,0.0,0.0,527308156.8121973,0.0,0.0,0.0,0.0,0.0,0.0,0.0,0.0,49.05,0.0,0.0,0.0,7.33,24,154.21,65
2459,敦吉,電子通路業,5.17,4840007000.0,936171566.7311412,2.76,5297717552.801705,5.66,12.18,3.44,10.12,13.56,57.28,76.75,68.96,64.1,1.08,0.89,1.2,0.0,0,12.08,148
6165,浪凡,電子工業,4.02,3185601000.0,792438059.7014927,2.11,3434964755.596917,4.33,29.22,49.42,10.68,60.1,46.24,260.23,126.52,52.0,2.43,0.89,5.0,30.58,112,12.64,56
1453,大將,紡織纖維,0.03,1464000.0,48800000.0,0.02,1501844.8979591837,0.03,175.29,863.65,21.35,885.0,0.64,26.55,5.26,11.55,0.46,0.06,2.3,9.27,23,6.37,60
2614,東森,貿易百貨,2.05,5498233000.0,2682064878.048781,0.96,5184412816.8462925,1.93,11.36,8.78,8.82,17.6,17.02,33.97,21.92,18.5,1.18,0.92,1.84,3.95,24,32.87,165
1443,立益,紡織纖維,1.14,987864000.0,866547368.4210527,0.53,912052595.2443074,1.05,23.94,33.53,7.67,41.2,8.05,43.26,25.13,26.4,0.95,0.3,1.64,12.7,44,2.38,2
8499,鼎炫-KY,其他,10.13,2741866000.0,270667917.0779862,7.25,4984556982.539871,18.42,20.17,29.26,7.49,36.75,137.97,676.94,371.45,325.5,1.14,0.42,2.08,2.06,50,115.14,170
1456,怡華,紡織纖維,3.41,862187000.0,252840762.46334308,1.63,804060058.1733645,3.18,15.04,109.33,3.62,112.95,11.51,359.18,47.84,14.3,3.35,0.8,25.12,22.11,23,1.12,142
3669,圓展,光電業,1.13,2426628000.0,2147458407.079646,0.79,2871345667.82823,1.34,32.97,71.17,8.93,80.1,11.97,107.33,44.18,36.35,1.22,0.33,2.95,0.0,0,19.44,184
2241,艾姆勒,電機機械,-0.7,741604000.0,0.0,0.0,1115335527.6675386,0.0,0.0,0.0,0.0,0.0,0.0,0.0,0.0,46.35,0.0,0.0,0.0,3.53,9,74.57,150
3450,聯鈞,其他電子業,5.01,8617529000.0,1720065668.6626747,2.74,8421371458.588207,4.9,201.65,2448.14,18.53,2466.67,90.8,12086.68,988.07,520.0,1.9,0.17,23.24,133.21,184,56.1,87
3313,斐成,電子零組件業,-0.34,8779000.0,0.0,0.0,145753211.18012422,0.0,12.64,7.26,10.22,17.48,0.0,0.0,0.0,12.2,0.0,0.0,0.0,0.0,0,38.38,81
8489,三貝德,文化創意業,-0.76,1374206000.0,0.0,0.0,2173689005.1106277,0.0,0.0,0.0,0.0,0.0,0.0,0.0,0.0,22.1,0.0,0.0,0.0,32.42,176,13.82,102
020017,永豐富櫃200N,指數投資證券(ETN),0.0,0.0,0.0,0.0,0.0,0.0,0.0,0.0,0.0,0.0,0.0,0.0,0.0,0.0,0.0,0.0,0.0,0.0,0,0.0,0
3219,倚強股份,半導體業,1.52,1628708000.0,1071518421.0526316,0.98,2427900616.6999974,2.27,85.51,184.76,33.1,217.86,75.14,494.54,194.11,82.2,2.36,0.91,6.02,0.6,2,111.8,65
5604,中連貨,航運業,0.85,159165000.0,187252941.1764706,0.44,164612132.14827937,0.88,29.65,37.5,14.4,51.9,12.67,45.67,26.09,31.0,0.84,0.41,1.47,0.93,44,1.72,130
5345,天揚,電子零組件業,-0.33,18681000.0,0.0,0.0,124004145.40059346,0.0,0.0,0.0,0.0,0.0,0.0,0.0,0.0,27.5,0.0,0.0,0.0,29.6,43,26.35,63
8354,冠好,塑膠工業,0.13,644280000.0,4956000000.0,0.07,669560317.0633947,0.14,28.48,127.01,8.7,135.71,1.22,19.0,3.99,17.75,0.22,0.07,1.07,14.37,52,13.0,149
3685,元創精密,光電業,-1.02,1141579000.0,0.0,0.0,1663191875.2129457,0.0,0.0,0.0,0.0,0.0,0.0,0.0,0.0,30.3,0.0,0.0,0.0,3.19,1,299.56,106
6275,元山,其他電子類,2.81,4249900000.0,1512419928.8256228,1.44,4410249838.316621,2.92,15.22,11.1,10.77,21.87,31.45,63.86,44.43,50.3,0.88,0.63,1.27,0.0,0,34.96,168
6506,雙邦,化學工業,1.05,1861486000.0,1772843809.5238094,0.63,2022471103.7017844,1.14,24.88,65.72,15.19,80.91,17.32,92.24,28.36,19.2,1.48,0.9,4.8,19.1,77,0.0,0
00839B,凱基醫療保健債,上櫃指數股票型基金(ETF),0.0,0.0,0.0,0.0,0.0,0.0,0.0,0.0,0.0,0.0,0.0,0.0,0.0,0.0,0.0,0.0,0.0,0.0,0,0.0,0
00869B,FT10-25年公司債,上櫃指數股票型基金(ETF),0.0,0.0,0.0,0.0,0.0,0.0,0.0,0.0,0.0,0.0,0.0,0.0,0.0,0.0,0.0,0.0,0.0,0.0,0,0.0,0
00832B,新光美債20+,上櫃指數股票型基金(ETF),0.0,0.0,0.0,0.0,0.0,0.0,0.0,0.0,0.0,0.0,0.0,0.0,0.0,0.0,0.0,0.0,0.0,0.0,0,0.0,0
4152,台微體,生技醫療業,0.0,0.0,0.0,0.0,0.0,0.0,0.0,0.0,0.0,0.0,0.0,0.0,0.0,0.0,0.0,0.0,0.0,0.0,0,0.0,0
00880B,第一金電信債15+,上櫃指數股票型基金(ETF),0.0,0.0,0.0,0.0,0.0,0.0,0.0,0.0,0.0,0.0,0.0,0.0,0.0,0.0,0.0,0.0,0.0,0.0,0,0.0,0
00879B,第一金美債0-1,上櫃指數股票型基金(ETF),0.0,0.0,0.0,0.0,0.0,0.0,0.0,0.0,0.0,0.0,0.0,0.0,0.0,0.0,0.0,0.0,0.0,0.0,0,0.0,0
00872B,凱基美債1-3,上櫃指數股票型基金(ETF),0.0,0.0,0.0,0.0,0.0,0.0,0.0,0.0,0.0,0.0,0.0,0.0,0.0,0.0,0.0,0.0,0.0,0.0,0,0.0,0
2928,紅馬-KY,觀光事業,0.0,0.0,0.0,0.0,0.0,0.0,0.0,0.0,0.0,0.0,0.0,0.0,0.0,0.0,0.0,0.0,0.0,0.0,0,0.0,0
3144,新揚科,電子零組件業,0.0,0.0,0.0,0.0,0.0,0.0,0.0,0.0,0.0,0.0,0.0,0.0,0.0,0.0,0.0,0.0,0.0,0.0,0,0.0,0
4803,VHQ-KY,文化創意業,0.0,0.0,0.0,0.0,0.0,0.0,0.0,0.0,0.0,0.0,0.0,0.0,0.0,0.0,0.0,0.0,0.0,0.0,0,0.0,0
020021,統一恒生科技N,指數投資證券(ETN),0.0,0.0,0.0,0.0,0.0,0.0,0.0,0.0,0.0,0.0,0.0,0.0,0.0,0.0,0.0,0.0,0.0,0.0,0,0.0,0
8406,金可-KY,生技醫療業,0.0,0.0,0.0,0.0,0.0,0.0,0.0,0.0,0.0,0.0,0.0,0.0,0.0,0.0,0.0,0.0,0.0,0.0,0,0.0,0
020009,群益A50綠碳N,指數投資證券(ETN),0.0,0.0,0.0,0.0,0.0,0.0,0.0,0.0,0.0,0.0,0.0,0.0,0.0,0.0,0.0,0.0,0.0,0.0,0,0.0,0
020003,統一漲升股利150N,指數投資證券(ETN),0.0,0.0,0.0,0.0,0.0,0.0,0.0,0.0,0.0,0.0,0.0,0.0,0.0,0.0,0.0,0.0,0.0,0.0,0,0.0,0
4429,聚紡,紡織纖維,0.0,0.0,0.0,0.0,0.0,0.0,0.0,0.0,0.0,0.0,0.0,0.0,0.0,0.0,0.0,0.0,0.0,0.0,0,0.0,0
2340,台亞,光電業,-2.87,4370938000.0,0.0,0.0,4230320885.396757,0.0,422.05,544.88,26.55,571.43,0.0,0.0,0.0,38.95,0.0,0.0,0.0,0.0,0,58.42,73
6431,光麗-KY,電子工業,-2.07,382162000.0,0.0,0.0,342958491.2738766,0.0,0.0,0.0,0.0,0.0,0.0,0.0,0.0,19.6,0.0,0.0,0.0,39.39,77,95.0,157
2495,普安,其他電子業,1.12,1184814000.0,1057869642.8571428,0.73,1572275290.5327713,1.49,23.74,38.51,9.1,47.61,13.56,70.94,35.37,52.6,0.67,0.26,1.35,11.25,108,49.66,184
00838B,永豐7-10年中國債,上櫃指數股票型基金(ETF),0.0,0.0,0.0,0.0,0.0,0.0,0.0,0.0,0.0,0.0,0.0,0.0,0.0,0.0,0.0,0.0,0.0,0.0,0,0.0,0
3512,皇龍,電子零組件業,2.56,1531395000.0,598201171.875,0.64,621005379.3354996,1.04,18.11,42.19,6.34,48.53,6.59,50.47,18.83,20.9,0.9,0.32,2.41,4.34,9,5.3,1
5321,美而快,電子零組件業,-0.28,2921237000.0,0.0,0.0,2287810203.8485827,0.0,407.43,2302.06,37.94,2340.0,0.0,0.0,0.0,59.0,0.0,0.0,0.0,1.14,63,10.46,79
8080,永利聯合,電子零組件業,0.11,180322000.0,1639290909.090909,0.04,124241545.71142103,0.08,394.94,1341.15,108.85,1450.0,8.71,116.0,31.6,27.85,1.13,0.31,4.17,142.77,158,2.03,22
5209,新鼎,資訊服務業,16.17,5243355000.0,324264378.47866416,6.15,4360753814.706222,13.45,11.82,5.78,8.95,14.73,120.38,198.12,158.98,160.5,0.99,0.75,1.23,1.59,53,70.18,121
00889B,凱基ESG新興債15+,上櫃指數股票型基金(ETF),0.0,0.0,0.0,0.0,0.0,0.0,0.0,0.0,0.0,0.0,0.0,0.0,0.0,0.0,0.0,0.0,0.0,0.0,0,0.0,0
5102,富強,橡膠工業,0.0,0.0,0.0,0.0,0.0,0.0,0.0,0.0,0.0,0.0,0.0,0.0,0.0,0.0,0.0,0.0,0.0,0.0,0,0.0,0
00843B,台新中國政策債,上櫃指數股票型基金(ETF),0.0,0.0,0.0,0.0,0.0,0.0,0.0,0.0,0.0,0.0,0.0,0.0,0.0,0.0,0.0,0.0,0.0,0.0,0,0.0,0
00796B,中信中國債7-10,上櫃指數股票型基金(ETF),0.0,0.0,0.0,0.0,0.0,0.0,0.0,0.0,0.0,0.0,0.0,0.0,0.0,0.0,0.0,0.0,0.0,0.0,0,0.0,0
3652,精聯,電腦及週邊設備業,1.34,2479109000.0,1850081343.283582,0.72,2841576730.4976554,1.54,32.77,64.84,17.97,82.81,27.67,127.53,50.47,37.3,1.35,0.74,3.42,16.74,45,19.96,11
020010,永昌富櫃200N,指數投資證券(ETN),0.0,0.0,0.0,0.0,0.0,0.0,0.0,0.0,0.0,0.0,0.0,0.0,0.0,0.0,0.0,0.0,0.0,0.0,0,0.0,0
5820,日盛金,金融業,0.0,0.0,0.0,0.0,0.0,0.0,0.0,0.0,0.0,0.0,0.0,0.0,0.0,0.0,0.0,0.0,0.0,0.0,0,0.0,0
3642,駿熠電,其他電子類,0.0,0.0,0.0,0.0,0.0,0.0,0.0,0.0,0.0,0.0,0.0,0.0,0.0,0.0,0.0,0.0,0.0,0.0,0,0.0,0
00745B,富邦中政債0-1,上櫃指數股票型基金(ETF),0.0,0.0,0.0,0.0,0.0,0.0,0.0,0.0,0.0,0.0,0.0,0.0,0.0,0.0,0.0,0.0,0.0,0.0,0,0.0,0
02003L,永豐富櫃200正2N,指數投資證券(ETN),0.0,0.0,0.0,0.0,0.0,0.0,0.0,0.0,0.0,0.0,0.0,0.0,0.0,0.0,0.0,0.0,0.0,0.0,0,0.0,0
020013,元富亞洲高股息N,指數投資證券(ETN),0.0,0.0,0.0,0.0,0.0,0.0,0.0,0.0,0.0,0.0,0.0,0.0,0.0,0.0,0.0,0.0,0.0,0.0,0,0.0,0
00747B,FH中國政策債,上櫃指數股票型基金(ETF),0.0,0.0,0.0,0.0,0.0,0.0,0.0,0.0,0.0,0.0,0.0,0.0,0.0,0.0,0.0,0.0,0.0,0.0,0,0.0,0
020014,元大富櫃200N,指數投資證券(ETN),0.0,0.0,0.0,0.0,0.0,0.0,0.0,0.0,0.0,0.0,0.0,0.0,0.0,0.0,0.0,0.0,0.0,0.0,0,0.0,0
6247,淇譽電,其他電子類,0.0,0.0,0.0,0.0,0.0,0.0,0.0,0.0,0.0,0.0,0.0,0.0,0.0,0.0,0.0,0.0,0.0,0.0,0,0.0,0
00748B,凱基中國債3-10,上櫃指數股票型基金(ETF),0.0,0.0,0.0,0.0,0.0,0.0,0.0,0.0,0.0,0.0,0.0,0.0,0.0,0.0,0.0,0.0,0.0,0.0,0,0.0,0
6873,泓德能源-創,創新板股票,3.67,9040441000.0,2463335422.343324,1.58,7616644954.787184,3.09,22.82,28.15,11.11,39.26,34.33,121.31,70.53,89.5,0.79,0.38,1.36,31.63,14,0.86,7
6869,雲豹能源-創,創新板股票,-4.2,6926950000.0,0.0,0.0,7202178527.846516,0.0,34.33,84.41,10.17,94.58,0.0,0.0,0.0,72.7,0.0,0.0,0.0,35.25,14,0.32,2
6594,展匯科,半導體業,0.0,0.0,0.0,0.0,0.0,0.0,0.0,0.0,0.0,0.0,0.0,0.0,0.0,0.0,0.0,0.0,0.0,0.0,0,0.0,0
2432,倚天,通信網路業,1.9,3191297000.0,1679630000.0,1.32,4744368540.226246,2.82,15.97,7.29,12.92,20.21,36.43,56.99,45.03,28.65,1.57,1.27,1.99,0.0,0,2.33,102
00765B,群益中國政金債,上櫃指數股票型基金(ETF),0.0,0.0,0.0,0.0,0.0,0.0,0.0,0.0,0.0,0.0,0.0,0.0,0.0,0.0,0.0,0.0,0.0,0.0,0,0.0,0
1258,其祥-KY,食品工業,0.0,0.0,0.0,0.0,0.0,0.0,0.0,0.0,0.0,0.0,0.0,0.0,0.0,0.0,0.0,0.0,0.0,0.0,0,0.0,0
2752,豆府,觀光事業,15.04,4051634000.0,269390558.5106383,8.15,4473478889.295878,16.61,14.66,7.67,11.19,18.86,185.87,313.26,243.49,178.0,1.37,1.04,1.76,3.36,7,6.52,135
2753,八方雲集,觀光事業,12.85,8764223000.0,682040700.3891051,6.74,9295187593.306633,13.63,17.45,9.1,12.77,21.87,174.06,298.09,237.82,180.5,1.32,0.96,1.65,1.23,100,20.22,128
8462,柏文,觀光事業,8.49,5966497000.0,702767608.9517078,4.77,7190066425.155895,10.23,26.78,35.83,14.6,50.43,149.36,515.9,274.01,151.0,1.81,0.99,3.42,22.84,63,29.39,53
2745,五福,觀光事業,10.01,8661695000.0,865304195.8041959,5.66,10111632415.08944,11.69,11.21,7.74,8.04,15.78,93.99,184.47,131.1,108.5,1.21,0.87,1.7,8.37,2,1.44,7
8066,來思達,貿易百貨,-3.49,4567654000.0,0.0,0.0,3839818705.136231,0.0,682.72,1416.11,28.89,1445.0,0.0,0.0,0.0,15.05,0.0,0.0,0.0,0.33,8,2.95,86
2754,亞洲藏壽司,觀光事業,2.36,5729128000.0,2427596610.169492,1.2,6018670523.863875,2.48,39.88,74.28,16.26,90.54,40.32,224.54,98.9,69.9,1.41,0.58,3.21,0.0,0,20.5,71
3522,御頂,觀光事業,-2.66,1143962000.0,0.0,0.0,1246090455.5940866,0.0,0.0,0.0,0.0,0.0,0.0,0.0,0.0,14.05,0.0,0.0,0.0,88.85,50,36.75,176
8433,弘帆,貿易百貨,3.18,3398355000.0,1068665094.3396226,1.69,4005288645.9202924,3.75,12.12,13.76,6.27,20.03,23.51,75.11,45.45,52.8,0.86,0.45,1.42,4.63,8,10.88,29
8472,夠麻吉,電子商務業,-1.3,487533000.0,0.0,0.0,599738600.4087449,0.0,0.0,0.0,0.0,0.0,0.0,0.0,0.0,82.7,0.0,0.0,0.0,11.03,11,264.73,45
2748,雲品,觀光事業,2.17,2448032000.0,1128125345.62212,1.23,2512915822.3936286,2.23,19.69,317.22,13.61,330.83,30.35,737.75,43.92,40.0,1.1,0.76,18.44,1.49,8,3.53,30
6195,詩肯,貿易百貨,0.99,2207685000.0,2229984848.4848485,0.58,2469745959.0730677,1.11,20.52,14.91,13.13,28.04,14.57,31.12,22.78,26.55,0.86,0.55,1.17,0.0,0,4.85,35
2924,宏太-KY,貿易百貨,-1.17,59042000.0,0.0,0.0,95356685.1163193,0.0,0.0,0.0,0.0,0.0,0.0,0.0,0.0,17.85,0.0,0.0,0.0,0.0,0,0.0,0
2916,滿心,貿易百貨,3.96,1986414000.0,501619696.969697,2.08,1989971195.9341638,3.97,11.91,5.56,9.6,15.16,38.11,60.19,47.28,41.45,1.14,0.92,1.45,0.0,0,9.89,128
3252,海灣,觀光事業,0.13,496920000.0,3822461538.4615383,0.07,507152901.4252053,0.13,149.58,83.09,116.0,199.09,15.08,25.88,19.45,17.9,1.09,0.84,1.45,0.0,0,3.05,65
8477,創業家,電子商務業,-0.92,442180000.0,0.0,0.0,320279589.9483032,0.0,0.0,0.0,0.0,0.0,0.0,0.0,0.0,16.0,0.0,0.0,0.0,3.6,2,12.71,58
2755,揚秦,觀光事業,7.02,2990934000.0,426058974.3589744,3.98,3585443656.1414227,8.42,20.56,8.62,16.79,25.41,141.37,213.95,173.12,141.0,1.23,1.0,1.52,6.93,162,18.53,45
3171,新洲,貿易百貨,4.3,1843259000.0,428664883.7209303,3.17,3451809590.930299,8.05,13.71,9.64,10.41,20.05,83.8,161.4,110.37,68.9,1.6,1.22,2.34,39.43,91,36.47,64
2756,聯發國際,觀光事業,3.93,1122844000.0,285710941.475827,2.14,1496998081.693321,5.24,31.56,44.12,14.87,58.99,77.92,309.11,165.36,60.0,2.76,1.3,5.15,0.0,0,19.63,11
3085,新零售,電子商務業,-0.56,56566000.0,0.0,0.0,66318684.64368339,0.0,0.0,0.0,0.0,0.0,0.0,0.0,0.0,0.0,0.0,0.0,0.0,88.07,134,4.57,4
2947,振宇五金,貿易百貨,3.29,2297483000.0,698323100.3039514,1.7,2440674181.504536,3.5,25.63,12.64,22.25,34.89,77.88,122.12,89.71,74.0,1.21,1.05,1.65,0.0,0,2.3,4
8077,洛碁,觀光事業,6.03,1080743000.0,179227694.85903814,3.19,1093334481.3278155,6.1,9.59,8.08,6.29,14.37,38.37,87.66,58.5,47.1,1.24,0.81,1.86,12.44,24,0.0,0
2937,集雅社,貿易百貨,4.15,5120538000.0,1233864578.313253,2.27,5665071912.313295,4.59,11.46,4.64,9.28,13.92,42.6,63.89,52.58,47.3,1.11,0.9,1.35,9.12,162,8.36,16
2743,山富,觀光事業,4.72,6629870000.0,1404633474.5762713,2.42,7095742838.634555,5.05,16.38,27.12,9.09,36.21,45.9,182.86,82.74,67.3,1.23,0.68,2.72,6.69,2,8.2,7
2740,天蔥,觀光事業,-3.19,142213000.0,0.0,0.0,53696112.916006334,0.0,0.0,0.0,0.0,0.0,0.0,0.0,0.0,32.4,0.0,0.0,0.0,12.83,151,3.25,7
2731,雄獅,觀光事業,17.49,29836786000.0,1705934019.4396799,9.34,33331782625.555126,19.54,10.59,8.9,6.99,15.89,136.58,310.49,206.98,150.5,1.38,0.91,2.06,11.33,10,15.87,133
6763,綠界科技,電子商務業,4.21,1725309000.0,409812114.01425177,2.3,1945522473.0855746,4.75,30.29,229.21,10.3,239.51,48.92,1137.67,143.88,46.85,3.07,1.04,24.28,15.39,51,9.16,122
2724,富驛-KY,觀光事業,-0.21,159698000.0,0.0,0.0,211470034.0811783,0.0,9.05,9.78,4.97,14.75,0.0,0.0,0.0,11.5,0.0,0.0,0.0,25.32,24,3.42,1
2723,美食-KY,觀光事業,-2.47,18376224000.0,0.0,0.0,15757286774.783047,0.0,29.63,31.52,15.15,46.67,0.0,0.0,0.0,67.5,0.0,0.0,0.0,17.41,162,0.0,0
2722,夏都,觀光事業,-0.49,571971000.0,0.0,0.0,555598850.4174652,0.0,429.58,1669.86,55.14,1725.0,0.0,0.0,0.0,23.0,0.0,0.0,0.0,0.72,2,0.98,105
2719,燦星旅,觀光事業,-0.15,1982797000.0,0.0,0.0,1618332150.1936848,0.0,28.72,46.97,11.59,58.56,0.0,0.0,0.0,24.7,0.0,0.0,0.0,3.44,3,4.08,7
5278,尚凡,電子商務業,1.05,2602370000.0,2478447619.047619,0.54,3026928920.376007,1.22,43.59,412.05,17.28,429.33,21.08,523.78,53.18,25.0,2.13,0.84,20.95,19.93,141,41.9,29
2712,遠雄來,觀光事業,-0.39,533043000.0,0.0,0.0,545248356.4835355,0.0,119.99,18.33,106.88,125.21,0.0,0.0,0.0,14.75,0.0,0.0,0.0,0.5,9,2.25,1
2707,晶華,觀光事業,11.42,6817181000.0,596951050.7880911,6.26,7048657380.429582,11.81,17.49,10.93,9.55,20.48,112.79,241.87,206.56,182.0,1.13,0.62,1.33,2.4,9,5.99,65
2706,第一店,觀光事業,0.64,376284000.0,587943750.0,0.31,382820085.91800153,0.65,22.0,41.37,17.76,59.13,11.54,38.43,14.3,12.65,1.13,0.91,3.04,0.0,0,3.75,64
2705,六福,觀光事業,0.87,2277851000.0,2618219540.229885,0.41,2188223455.679964,0.84,68.66,123.98,16.85,140.83,14.15,118.3,57.68,16.4,3.52,0.86,7.21,0.5,3,0.0,0
5287,數字,電子商務業,13.94,2316918000.0,166206456.24103302,6.87,2298455603.213835,13.83,13.87,6.32,10.39,16.71,143.69,231.1,191.8,151.5,1.27,0.95,1.53,0.25,4,0.0,0
2704,國賓,觀光事業,0.57,1361054000.0,2387814035.0877194,0.3,1367592857.4376616,0.57,45.12,105.77,12.12,117.89,6.91,67.2,25.72,45.1,0.57,0.15,1.49,2.83,10,6.5,64
2702,華園,觀光事業,-0.35,1403236000.0,0.0,0.0,1445178902.9271228,0.0,46.29,72.7,1.51,74.21,0.0,0.0,0.0,13.4,0.0,0.0,0.0,0.0,0,0.0,0
5301,寶得利,觀光事業,-1.36,238825000.0,0.0,0.0,204535320.41497827,0.0,0.0,0.0,0.0,0.0,0.0,0.0,0.0,6.17,0.0,0.0,0.0,14.19,24,125.21,128
2701,萬企,觀光事業,0.56,260225000.0,464687499.99999994,0.28,260575737.25922105,0.56,21.28,33.41,17.89,51.3,10.02,28.73,11.92,10.8,1.1,0.93,2.66,0.0,0,0.44,18
6728,上洋,貿易百貨,9.77,4548540000.0,465561924.2579325,5.54,4818980327.351822,10.35,12.54,5.81,10.53,16.34,108.99,169.12,129.77,109.5,1.19,1.0,1.54,0.0,0,0.0,0
6741,91APP*-KY,電子商務業,4.41,1766188000.0,400496145.1247165,2.74,2304041306.07718,5.75,19.76,14.96,13.52,28.48,77.74,163.76,113.59,60.3,1.88,1.29,2.72,1.96,3,8.72,35
2739,寒舍,觀光事業,2.36,5167860000.0,2189771186.440678,1.27,5233336255.351203,2.39,16.48,43.63,6.31,49.94,15.08,119.36,39.38,37.75,1.04,0.4,3.16,9.7,15,0.0,0
5364,力麗店,觀光事業,-0.77,337668000.0,0.0,0.0,187648012.35030156,0.0,0.0,0.0,0.0,0.0,0.0,0.0,0.0,8.99,0.0,0.0,0.0,142.93,52,2.27,18
1259,安心,觀光事業,2.45,6045389000.0,2467505714.285714,1.24,6239747523.6742525,2.53,38.41,61.2,13.33,74.53,33.72,188.56,97.18,56.4,1.72,0.6,3.34,0.42,1,14.46,129
1268,漢來美食,觀光事業,10.12,6246514000.0,617244466.4031621,5.92,7006529234.836589,11.35,16.07,6.14,12.13,18.27,137.68,207.36,182.37,171.5,1.06,0.8,1.21,0.89,9,8.25,65
2726,雅茗-KY,觀光事業,-3.56,570200000.0,0.0,0.0,507369077.67530847,0.0,34.64,141.89,4.2,146.09,0.0,0.0,0.0,9.25,0.0,0.0,0.0,7.87,21,8.41,18
2727,王品,觀光事業,16.01,23220546000.0,1450377638.97564,8.88,25683614209.02743,17.71,14.39,3.94,11.8,15.74,208.98,278.76,254.89,245.5,1.04,0.85,1.14,12.79,122,8.91,7
2718,晶悅,觀光事業,16.94,2992167000.0,176633234.9468713,1.39,567364437.6082106,3.21,7.65,47.15,1.24,48.39,3.98,155.33,24.56,52.5,0.47,0.08,2.96,23.29,37,26.28,128
8044,網家,電子商務業,-4.62,36819770000.0,0.0,0.0,39273223522.579414,0.0,0.0,0.0,0.0,0.0,0.0,0.0,0.0,28.05,0.0,0.0,0.0,67.75,122,8.23,102
2734,易飛網,觀光事業,-1.41,1626979000.0,0.0,0.0,2049386396.0932064,0.0,32.81,63.99,14.87,78.86,0.0,0.0,0.0,15.4,0.0,0.0,0.0,1.24,2,0.0,0
9960,邁達康,貿易百貨,1.75,672255000.0,384145714.28571427,1.01,777757700.3613342,2.02,13.3,10.11,10.12,20.23,20.44,40.86,26.86,33.7,0.8,0.61,1.21,3.44,24,3.51,37
5904,寶雅,貿易百貨,29.63,25264824000.0,852677151.5356058,16.46,28443353413.724804,33.36,18.06,9.15,14.28,23.43,476.38,781.62,602.33,737.0,0.82,0.65,1.06,7.3,70,0.99,4
8940,新天地,觀光事業,0.55,1601200000.0,2911272727.272727,0.34,1612334232.0681245,0.55,63.96,203.79,11.21,215.0,6.17,118.25,35.18,16.8,2.09,0.37,7.04,0.0,0,8.54,179
2732,六角,觀光事業,1.08,4231906000.0,3918431481.481481,0.67,5668647335.141725,1.45,36.89,70.48,15.43,85.91,22.37,124.57,53.5,66.3,0.81,0.34,1.88,0.0,0,1.54,93
5706,鳳凰,觀光事業,3.41,3142660000.0,921601173.0205278,1.53,2955469833.8154335,3.21,16.59,163.9,12.21,176.11,39.19,565.31,53.24,48.05,1.11,0.82,11.77,7.83,2,2.44,7
5704,老爺知,觀光事業,0.39,310605000.0,796423076.9230769,0.18,320422631.10133666,0.4,32.82,70.54,12.02,82.56,4.81,33.02,13.13,21.55,0.61,0.22,1.53,5.92,49,8.62,60
2736,富野,觀光事業,-1.74,520517000.0,0.0,0.0,572024943.4934614,0.0,0.0,0.0,0.0,0.0,0.0,0.0,0.0,12.1,0.0,0.0,0.0,1.41,2,0.0,0
5903,全家,貿易百貨,7.6,109171999000.0,14364736710.526316,3.97,119271021737.00832,8.3,18.57,16.27,10.96,27.23,90.97,226.01,154.14,188.0,0.82,0.48,1.2,0.52,122,2.18,29
5902,德記,貿易百貨,2.24,2297474000.0,1025658035.7142856,1.01,2024265561.859775,1.97,19.82,7.45,15.56,23.01,30.65,45.33,39.04,33.85,1.15,0.91,1.34,15.46,35,5.52,70
2729,瓦城,觀光事業,7.16,6114633000.0,853999022.3463687,3.81,6447167935.669734,7.55,22.61,8.74,18.71,27.45,141.26,207.25,170.72,160.0,1.07,0.88,1.3,1.24,7,0.96,21
8941,關中,貿易百貨,1.16,3009319000.0,2594240517.2413793,0.59,2906695658.5562396,1.12,21.38,40.26,7.97,48.23,8.93,54.02,23.94,43.35,0.55,0.21,1.25,5.68,50,0.0,0
4804,大略-KY,觀光事業,-1.51,130783000.0,0.0,0.0,141774850.71475768,0.0,0.0,0.0,0.0,0.0,0.0,0.0,0.0,3.27,0.0,0.0,0.0,66.59,11,68.0,38
5703,亞都,觀光事業,0.53,448515000.0,846254716.981132,0.32,482799562.8037882,0.57,56.45,80.99,20.77,101.76,11.84,58.0,32.18,13.75,2.34,0.86,4.22,0.0,0,1.76,3
9943,好樂迪,觀光事業,5.4,2431559000.0,450288703.7037037,2.66,2256139827.1633296,5.01,16.99,270.77,13.44,284.21,67.33,1423.89,85.13,53.4,1.59,1.26,26.66,0.0,0,0.0,0
5905,南仁湖,貿易百貨,-0.63,1067250000.0,0.0,0.0,4078651178.840355,0.0,0.0,0.0,0.0,0.0,0.0,0.0,0.0,8.83,0.0,0.0,0.0,67.91,51,11.52,42
5701,劍湖山,觀光事業,-0.26,534902000.0,0.0,0.0,511358245.99220747,0.0,0.0,0.0,0.0,0.0,0.0,0.0,0.0,5.0,0.0,0.0,0.0,2.14,9,3.89,32
8454,富邦媒,貿易百貨,11.58,109217017000.0,9431521329.879103,5.63,109422243405.63165,11.6,22.26,28.35,14.86,43.21,172.38,501.24,258.26,281.0,0.92,0.61,1.78,3.05,4,7.92,21
8467,波力-KY,其他,10.04,2544953000.0,253481374.50199205,4.4,2213949626.863101,8.73,18.14,24.06,10.73,34.79,93.67,303.72,158.32,114.0,1.39,0.82,2.66,86.25,164,21.1,64
9910,豐泰,其他,5.1,83553386000.0,16383016862.7451,2.41,80943504667.43272,4.94,21.34,17.54,13.49,31.03,66.64,153.29,105.41,69.2,1.52,0.96,2.22,10.18,74,11.11,94
9930,中聯資源,其他,4.96,14021406000.0,2826896370.967742,2.42,13208144536.163609,4.67,15.05,5.61,13.53,19.14,63.19,89.38,70.3,64.2,1.1,0.98,1.39,9.1,24,0.79,1
9802,鈺齊-KY,其他,6.05,17333351000.0,2865016694.214876,3.02,16796632886.93287,5.86,17.63,21.72,12.24,33.96,71.73,199.01,103.31,74.8,1.38,0.96,2.66,5.93,91,0.88,150
1472,三洋實業,紡織纖維,6.4,3601026000.0,562660312.5,3.37,3822835476.3638234,6.79,19.64,24.51,12.44,36.95,84.47,250.89,133.34,87.9,1.52,0.96,2.85,0.0,0,0.0,0
1439,雋揚,紡織纖維,3.21,548585000.0,170898753.894081,2.15,1187582247.9247797,6.95,14.51,14.36,7.74,22.1,53.79,153.6,100.86,24.2,4.17,2.22,6.35,19.66,53,2.83,165
2062,橋椿,其他,0.38,6372187000.0,16768913157.894737,0.21,6779780027.461398,0.4,25.68,88.64,8.03,96.67,3.21,38.67,10.27,19.35,0.53,0.17,2.0,49.73,77,2.38,45
1432,大魯閣,貿易百貨,6.03,1324663000.0,219678772.8026534,2.01,877141823.4647415,3.99,36.61,82.69,2.74,85.43,10.93,340.87,146.09,15.3,9.55,0.71,22.28,16.58,140,9.71,155
8473,山林水,其他,2.55,4934180000.0,1934972549.019608,1.32,5790066539.522118,2.99,26.23,36.58,12.05,48.63,36.03,145.4,78.43,48.6,1.61,0.74,2.99,15.89,11,31.64,105
9904,寶成,其他,4.1,253268990000.0,61772924390.243904,2.07,243814844773.29483,3.95,7.15,4.42,4.94,9.36,19.51,36.97,28.23,24.35,1.16,0.8,1.52,27.25,154,5.02,149
8422,可寧衛,其他,1.3,4921714000.0,3785933846.153846,0.82,5480841511.61694,1.45,19.89,23.77,13.84,37.61,20.07,54.53,28.85,28.6,1.01,0.7,1.91,3.8,53,33.69,121
9921,巨大,其他,1.84,60780700000.0,33032989130.43478,0.82,51719304309.68583,1.57,82.66,273.5,14.66,288.16,23.02,452.41,129.77,77.1,1.68,0.3,5.87,18.73,44,8.14,17
9914,美利達,其他,4.01,26935538000.0,6717091770.573566,1.72,22482276591.057854,3.35,31.46,34.95,13.89,48.84,46.53,163.61,105.39,75.9,1.39,0.61,2.16,18.59,24,13.4,29
4536,拓凱,其他,14.92,9439769000.0,632692292.2252011,7.37,8757411224.231312,13.84,11.1,7.25,7.74,14.99,107.12,207.46,153.62,175.0,0.88,0.61,1.19,19.07,114,2.63,92
5306,桂盟,其他,7.66,4729350000.0,617408616.1879896,4.24,4819459865.181357,7.81,15.4,19.75,9.58,29.33,74.82,229.07,120.29,86.9,1.38,0.86,2.64,17.09,57,2.84,38
9934,成霖,其他,-0.29,17486056000.0,0.0,0.0,18075419267.19283,0.0,21.23,55.35,8.18,63.53,0.0,0.0,0.0,10.6,0.0,0.0,0.0,7.1,24,7.32,63
9924,福興,其他,3.17,7457017000.0,2352371293.3753943,1.39,6642568251.21943,2.82,11.81,8.7,8.57,17.27,24.17,48.7,33.3,40.35,0.83,0.6,1.21,15.97,91,18.84,161
8438,昶昕,其他,2.1,3770840000.0,1795638095.238095,1.35,5113078433.561581,2.85,22.06,37.91,11.38,49.29,32.43,140.48,62.86,106.5,0.59,0.3,1.32,31.79,46,67.97,184
1598,岱宇,化學生技醫療,-3.35,6329286000.0,0.0,0.0,5467051913.532939,0.0,76.59,177.76,40.91,218.67,0.0,0.0,0.0,19.5,0.0,0.0,0.0,2.02,4,12.99,106
9955,佳龍,其他,0.54,1409673000.0,2610505555.5555553,0.35,2023305749.6674364,0.78,48.44,29.28,36.83,66.11,28.73,51.57,37.78,27.15,1.39,1.06,1.9,8.24,44,15.16,169
2424,隴華,電腦及週邊設備業,-1.34,212664000.0,0.0,0.0,132292239.82243621,0.0,0.0,0.0,0.0,0.0,0.0,0.0,0.0,10.0,0.0,0.0,0.0,179.07,99,3.12,42
8464,億豐,其他,22.53,30041892000.0,1333417310.252996,11.35,29834587266.977398,22.37,18.17,11.78,12.5,24.28,279.62,543.14,406.56,370.0,1.1,0.76,1.47,26.91,102,22.73,38
9935,慶豐富,其他,1.64,4981019000.0,3037206707.3170733,0.82,5141471716.980975,1.69,13.59,14.5,8.55,23.05,14.45,38.95,22.97,18.9,1.22,0.76,2.06,34.79,109,3.36,39
9911,櫻花,其他,6.26,10160374000.0,1623062939.2971246,3.43,10915319129.234102,6.73,14.23,4.78,12.81,17.59,86.21,118.38,95.74,84.5,1.13,1.02,1.4,9.57,23,2.9,16
2442,新美齊,電子工業,5.25,1316248000.0,250713904.76190478,53.42,15198786793.682325,60.62,18.93,32.24,3.47,35.71,210.35,2164.74,1147.81,19.8,57.97,10.62,109.33,22.68,24,21.46,59
3708,上緯投控,化學工業,35.56,6151654000.0,172993644.54443192,2.82,768361260.5015745,4.44,44.06,107.42,2.58,110.0,11.46,488.4,195.65,118.5,1.65,0.1,4.12,4.56,3,112.14,46
1736,喬山,化學生技醫療,9.07,53154689000.0,5860494928.335171,4.88,58583476603.47484,10.0,24.33,298.34,12.25,310.59,122.5,3105.9,243.31,131.5,1.85,0.93,23.62,107.98,158,4.87,87
6641,基士德-KY,其他,0.45,1773564000.0,3941253333.333333,0.28,1933790985.2702608,0.49,65.26,207.05,9.95,217.0,4.88,106.33,31.98,19.25,1.66,0.25,5.52,1.08,4,2.05,30
6581,鋼聯,其他,6.17,2095016000.0,339548784.4408428,4.0,2436400419.8877826,7.18,16.51,10.63,12.45,23.08,89.39,165.71,118.54,107.0,1.11,0.84,1.55,8.33,113,5.14,93
3054,立萬利,半導體業,1.96,126498000.0,64539795.91836735,4.48,945319714.2192467,14.65,34.91,82.12,17.88,100.0,261.94,1465.0,511.49,63.6,8.04,4.12,23.03,20.87,169,40.04,184
6670,復盛應用,其他,22.49,29763472000.0,1323409159.6265008,13.16,32356636590.773094,24.45,11.96,6.03,9.08,15.11,222.01,369.44,292.46,259.5,1.13,0.86,1.42,17.52,184,2.12,28
3130,一零四,資訊服務業,14.7,2657992000.0,180815782.3129252,7.56,2842033734.931545,15.72,15.63,3.47,14.57,18.04,229.04,283.59,245.7,221.0,1.11,1.04,1.28,0.0,0,0.43,2
8482,商億-KY,其他,2.3,3480536000.0,1513276521.7391305,1.21,3692740626.397904,2.44,19.61,33.45,8.5,41.95,20.74,102.36,47.85,49.25,0.97,0.42,2.08,40.99,175,4.82,29
6754,匯僑設計,其他,3.4,3632574000.0,1068404117.6470588,1.3,2912831983.0637736,2.73,11.73,5.89,8.48,14.37,23.15,39.23,32.02,42.65,0.75,0.54,0.92,38.41,42,0.0,0
8478,東哥遊艇,其他,13.25,4888412000.0,368936754.7169811,6.15,4906620964.090847,13.3,22.65,49.54,8.92,58.46,118.64,777.52,301.24,162.0,1.86,0.73,4.8,0.0,0,3.35,72
6689,伊雲谷,其他電子業,2.3,12667665000.0,5507680434.782609,1.11,11664113446.52713,2.12,36.13,18.67,27.65,46.32,58.62,98.2,76.59,64.9,1.18,0.9,1.51,24.75,178,1.69,10
6768,志強-KY,其他,6.78,20464647000.0,3018384513.2743363,3.53,19271252097.030895,6.38,15.73,16.65,10.95,27.6,69.86,176.09,100.36,73.5,1.37,0.95,2.4,84.87,140,13.3,93
3557,嘉威,其他,0.13,4367859000.0,33598915384.615383,0.07,3649287592.5124674,0.11,309.05,3173.47,6.53,3180.0,0.72,349.8,34.0,26.25,1.3,0.03,13.33,3.9,155,1.06,10
8341,日友,其他,4.48,4002425000.0,893398437.4999999,2.44,4634428485.089712,5.19,21.14,24.73,15.58,40.31,80.86,209.21,109.69,77.0,1.42,1.05,2.72,5.58,1,20.47,122
6806,森崴能源,其他,-57.89,27598134000.0,0.0,0.0,18514443239.833706,0.0,33.07,41.61,18.13,59.74,0.0,0.0,0.0,3.51,0.0,0.0,0.0,20.66,4,13.78,7
6807,峰源-KY,其他,4.69,4368245000.0,931395522.3880596,1.89,3210938631.6684313,3.45,8.88,8.12,5.37,13.49,18.53,46.54,30.62,33.65,0.91,0.55,1.38,63.73,128,0.0,0
6671,三能-KY,其他,2.38,1985487000.0,834238235.2941177,1.09,1803927181.3130763,2.16,13.8,5.02,10.77,15.79,23.26,34.11,29.81,24.75,1.2,0.94,1.38,4.23,9,3.78,10
8440,綠電,其他,0.31,942226000.0,3039438709.677419,0.14,800967167.2134221,0.26,87.1,125.83,39.17,165.0,10.18,42.9,22.65,22.0,1.03,0.46,1.95,8.14,14,2.18,7
3551,世禾,其他電子類,8.36,2943952000.0,352147368.42105263,4.72,3487946480.9673967,9.9,21.26,15.68,12.52,28.2,123.95,279.18,210.5,208.5,1.01,0.59,1.34,35.71,112,42.02,161
8087,華鎂鑫,光電業,-1.32,318083000.0,0.0,0.0,768156828.4606175,0.0,80.44,153.26,11.91,165.17,0.0,0.0,0.0,31.9,0.0,0.0,0.0,0.0,0,1.23,3
6690,安碁資訊,資訊服務業,10.22,2397800000.0,234618395.3033268,6.6,2762131156.4860497,11.77,20.27,15.61,14.26,29.87,167.84,351.57,238.52,166.5,1.43,1.01,2.11,26.43,8,11.28,39
6629,泰金-KY,其他,6.46,1675172000.0,259314551.08359134,5.06,3115642498.4232135,12.01,14.15,16.37,7.01,23.38,84.19,280.79,169.99,108.0,1.57,0.78,2.6,32.61,60,78.16,122
6811,宏碁資訊,資訊服務業,14.37,9465495000.0,658698329.8538623,8.44,11347692139.912277,17.23,17.63,13.73,12.71,26.44,218.99,455.56,303.74,224.5,1.35,0.98,2.03,20.29,8,10.74,52
6616,特昇-KY,其他,-0.6,1063387000.0,0.0,0.0,802144976.3123299,0.0,72.67,11.31,67.37,78.68,0.0,0.0,0.0,9.03,0.0,0.0,0.0,0.0,0,5.74,59
8171,天宇,通信網路業,-5.46,286330000.0,0.0,0.0,432377058.9636688,0.0,0.0,0.0,0.0,0.0,0.0,0.0,0.0,21.65,0.0,0.0,0.0,17.26,142,7.62,46
2640,大車隊,其他,9.01,3135467000.0,347998557.15871257,4.77,3300244239.0406117,9.48,15.33,8.2,13.44,21.64,127.41,205.15,145.31,161.5,0.9,0.79,1.27,7.79,176,7.89,177
1593,祺驊,生技醫療業,2.17,1236771000.0,569940552.9953917,1.17,1397193901.7948744,2.45,22.18,37.8,12.59,50.39,30.85,123.46,54.34,30.45,1.78,1.01,4.05,13.66,85,15.48,60
3178,公準,電機機械,-0.46,1278448000.0,0.0,0.0,1201163839.0016432,0.0,645.25,3129.21,20.79,3150.0,0.0,0.0,0.0,68.0,0.0,0.0,0.0,0.0,0,44.1,52
8423,保綠-KY,其他,0.73,372162000.0,509810958.9041096,0.4,398476738.40518427,0.78,32.07,24.19,20.47,44.66,15.97,34.83,25.02,17.75,1.41,0.9,1.96,3.48,56,3.69,64
6803,崑鼎,其他,18.44,9581973000.0,519629772.23427325,8.99,9791076239.203596,18.84,16.68,3.13,15.11,18.24,284.67,343.64,314.3,279.5,1.12,1.02,1.23,0.5,1,5.91,184
6804,明係,其他,-2.83,1356794000.0,0.0,0.0,1570392505.0345745,0.0,29.95,22.07,18.28,40.35,0.0,0.0,0.0,16.3,0.0,0.0,0.0,0.0,0,2.54,16
8390,金益鼎,其他,6.6,4649007000.0,704395000.0,4.49,6117742037.98019,8.69,14.72,10.71,10.27,20.98,89.25,182.32,127.94,107.0,1.2,0.83,1.7,9.16,4,59.93,163
8420,明揚,其他,0.0,0.0,0.0,0.0,0.0,0.0,0.0,0.0,0.0,0.0,0.0,0.0,0.0,40.6,0.0,0.0,0.0,5.41,9,0.0,0
6624,萬年清,其他,0.36,655700000.0,1821388888.888889,0.16,478167095.93351156,0.26,80.89,181.16,27.26,208.42,7.09,54.19,21.03,46.05,0.46,0.15,1.18,1.99,25,107.14,157
3073,天方能源,半導體業,0.04,78469000.0,1961725000.0,0.05,286131934.9625542,0.15,188.81,722.31,17.69,740.0,2.65,111.0,28.32,23.0,1.23,0.12,4.83,55.77,14,8.78,4
4154,樂威科-KY,生技醫療業,-1.83,22250000.0,0.0,0.0,34319011.815252416,0.0,0.0,0.0,0.0,0.0,0.0,0.0,0.0,11.75,0.0,0.0,0.0,59.86,56,3.76,9
8938,明安,其他,6.19,15350061000.0,2479815993.5379643,3.18,14060177169.104502,5.67,15.97,43.8,7.47,51.27,42.35,290.7,90.52,54.7,1.65,0.77,5.31,4.3,35,12.21,183
4609,唐鋒,電器電纜,-0.11,170353000.0,0.0,0.0,149749477.62400523,0.0,0.0,0.0,0.0,0.0,0.0,0.0,0.0,5.3,0.0,0.0,0.0,7.36,4,0.0,0
3713,新晶投控,光電業,-1.13,281414000.0,0.0,0.0,444178502.9848684,0.0,0.0,0.0,0.0,0.0,0.0,0.0,0.0,15.0,0.0,0.0,0.0,7.9,14,25.74,72
5205,中茂,其他電子類,-1.43,24789000.0,0.0,0.0,37218980.438931294,0.0,0.0,0.0,0.0,0.0,0.0,0.0,0.0,23.95,0.0,0.0,0.0,33.42,21,10.34,28
8933,愛地雅,其他,-1.39,2377380000.0,0.0,0.0,1667353440.6618226,0.0,0.0,0.0,0.0,0.0,0.0,0.0,0.0,4.68,0.0,0.0,0.0,3.13,3,17.67,42
4702,中美實,化學工業,0.89,79555000.0,89387640.4494382,0.37,62174155.660817616,0.7,31.97,129.71,6.4,136.11,4.48,95.28,22.38,9.95,2.25,0.45,9.58,0.0,0,0.93,1
8924,大田,其他,5.63,4471774000.0,794276021.3143872,2.73,5472509860.017975,6.89,13.53,9.47,9.54,19.01,65.73,130.98,93.21,59.2,1.57,1.11,2.21,0.22,2,32.63,120
8928,鉅明,其他,1.41,3443852000.0,2442448226.9503546,0.59,2551695661.2758937,1.04,43.75,167.95,9.16,177.11,9.53,184.19,45.5,23.0,1.98,0.41,8.01,0.0,0,1.54,30
8476,台境,其他,0.51,1133942000.0,2223415686.27451,0.28,1199318779.6711662,0.54,54.05,263.84,11.16,275.0,6.03,148.5,29.19,23.95,1.22,0.25,6.2,0.0,0,7.93,44
6123,上奇,電腦及週邊設備業,2.72,5094560000.0,1872999999.9999998,1.2,4641230280.609076,2.48,16.21,4.61,13.42,18.03,33.28,44.71,40.21,42.3,0.95,0.79,1.06,0.15,2,5.66,77
4530,宏易,電機機械,0.34,326341000.0,959826470.5882353,0.25,581589661.90214,0.61,103.32,73.65,72.35,146.0,44.13,89.06,63.03,26.85,2.35,1.64,3.32,74.26,171,166.38,176
8916A,光隆甲特,其他,0.0,0.0,0.0,0.0,0.0,0.0,0.0,0.0,0.0,0.0,0.0,0.0,0.0,0.0,0.0,0.0,0.0,0.0,0,0.0,0
3089,億杰,電子零組件業,0.0,0.0,0.0,0.0,0.0,0.0,0.0,0.0,0.0,0.0,0.0,0.0,0.0,0.0,0.0,0.0,0.0,0.0,0,0.0,0
4129A,聯合甲特,生技醫療業,0.0,0.0,0.0,0.0,0.0,0.0,0.0,0.0,0.0,0.0,0.0,0.0,0.0,0.0,0.0,0.0,0.0,0.0,0,0.0,0
5281,大峽谷-KY,光電業,0.0,0.0,0.0,0.0,0.0,0.0,0.0,0.0,0.0,0.0,0.0,0.0,0.0,0.0,0.0,0.0,0.0,0.0,0,0.0,0
4944,兆遠,光電業,0.0,0.0,0.0,0.0,0.0,0.0,0.0,0.0,0.0,0.0,0.0,0.0,0.0,0.0,0.0,0.0,0.0,0.0,0,0.0,0
00744B,國泰中國政金債5+,上櫃指數股票型基金(ETF),0.0,0.0,0.0,0.0,0.0,0.0,0.0,0.0,0.0,0.0,0.0,0.0,0.0,0.0,0.0,0.0,0.0,0.0,0,0.0,0
6404,通訊-KY,資訊服務業,0.0,0.0,0.0,0.0,0.0,0.0,0.0,0.0,0.0,0.0,0.0,0.0,0.0,0.0,0.0,0.0,0.0,0.0,0,0.0,0
020024,兆豐富櫃200N,指數投資證券(ETN),0.0,0.0,0.0,0.0,0.0,0.0,0.0,0.0,0.0,0.0,0.0,0.0,0.0,0.0,0.0,0.0,0.0,0.0,0,0.0,0
02002L,兆豐富櫃200正二N,指數投資證券(ETN),0.0,0.0,0.0,0.0,0.0,0.0,0.0,0.0,0.0,0.0,0.0,0.0,0.0,0.0,0.0,0.0,0.0,0.0,0,0.0,0
6472,保瑞,生技醫療業,27.15,20100258000.0,740340994.4751382,12.5,17981599491.729866,24.29,21.25,20.34,15.39,35.73,373.82,867.88,516.22,430.0,1.2,0.87,2.02,6.47,9,8.07,3
4736,泰博,生技醫療業,15.12,4180025000.0,276456679.8941799,7.85,4260367913.2882614,15.41,12.35,12.14,6.63,18.77,102.17,289.25,190.36,125.5,1.52,0.81,2.3,0.59,10,14.34,46
6446,藥華藥,生技醫療業,14.27,14884059000.0,1043031464.6110722,13.33,25756575340.67035,24.69,93.58,500.88,31.45,532.33,776.5,13143.23,2310.59,1445.0,1.6,0.54,9.1,27.21,74,5.67,86
8418,捷必勝-KY,其他,0.0,0.0,0.0,0.0,0.0,0.0,0.0,0.0,0.0,0.0,0.0,0.0,0.0,0.0,0.0,0.0,0.0,0.0,0,0.0,0
4712,南璋,食品工業,-2.16,0.0,0.0,0.0,0.0,0.0,0.0,0.0,0.0,0.0,0.0,0.0,0.0,0.0,0.0,0.0,0.0,0.0,0,0.0,0
5383,金利,其他電子類,0.0,0.0,0.0,0.0,0.0,0.0,0.0,0.0,0.0,0.0,0.0,0.0,0.0,0.0,0.0,0.0,0.0,0.0,0,0.0,0
6865,偉康科技,資訊服務業,1.53,459035000.0,300022875.8169935,0.42,241538959.95883888,0.81,40.44,187.34,14.42,201.76,11.68,163.43,32.76,28.3,1.16,0.41,5.77,18.88,183,4.38,35
6198,瑞築,半導體業,-0.23,233000.0,0.0,0.0,272217.8217821782,0.0,106.44,21.6,92.86,114.46,0.0,0.0,0.0,21.35,0.0,0.0,0.0,7.19,25,4.06,11
4419,元勝,紡織纖維,-1.45,2678472000.0,0.0,0.0,2699447896.497147,0.0,0.0,0.0,0.0,0.0,0.0,0.0,0.0,47.25,0.0,0.0,0.0,13.34,3,11.43,177
3465,進泰電子,電子零組件業,0.04,1723481000.0,43087025000.0,0.02,1820402298.0453174,0.04,156.93,1121.9,31.85,1153.75,1.27,46.15,6.28,35.95,0.17,0.04,1.28,0.71,2,5.88,32
5432,新門,光電業,2.3,194274000.0,84466956.52173914,1.06,194955594.39101487,2.31,112.19,145.09,52.28,197.37,120.77,455.92,259.16,152.0,1.7,0.79,3.0,0.0,0,63.0,182
8091,翔名,電子零組件業,5.91,2104250000.0,356049069.37394243,3.96,2997949505.467744,8.42,22.07,28.97,12.96,41.93,109.12,353.05,185.85,284.5,0.65,0.38,1.24,6.01,77,14.69,63
020026,兆豐上櫃ESG電菁N,指數投資證券(ETN),0.0,0.0,0.0,0.0,0.0,0.0,0.0,0.0,0.0,0.0,0.0,0.0,0.0,0.0,0.0,0.0,0.0,0.0,0,0.0,0
00831B,新光美債1-3,上櫃指數股票型基金(ETF),0.0,0.0,0.0,0.0,0.0,0.0,0.0,0.0,0.0,0.0,0.0,0.0,0.0,41.42,0.0,0.0,0.0,0.78,9,0.0,0
6514,芮特-KY,通信網路業,0.0,0.0,0.0,0.0,0.0,0.0,16.9,1.95,16.34,18.29,0.0,0.0,0.0,50.8,0.0,0.0,0.0,0.94,2,0.0,0
00721B,元大中國債3-5,上櫃指數股票型基金(ETF),0.0,0.0,0.0,0.0,0.0,0.0,0.0,0.0,0.0,0.0,0.0,0.0,0.0,48.06,0.0,0.0,0.0,3.27,29,0.0,0
6757,台灣虎航-創,創新版股票,5.38,16712901000.0,3106487174.7211895,3.28,20086174856.36776,6.47,12.28,9.63,8.28,17.91,53.57,115.88,79.47,60.7,1.31,0.88,1.91,21.45,183,2.19,14
1601,台光,電器電纜,0.0,0.0,0.0,0.0,0.0,0.0,0.0,0.0,0.0,0.0,0.0,0.0,0.0,0.0,0.0,0.0,0.0,0.0,0,0.0,0
1716,永信,化學生技醫療,10.75,0.0,0.0,0.0,0.0,0.0,0.0,0.0,0.0,0.0,0.0,0.0,0.0,0.0,0.0,0.0,0.0,0.0,0,0.0,0
4733,上緯,化學工業,0.0,0.0,0.0,0.0,0.0,0.0,0.0,0.0,0.0,0.0,0.0,0.0,0.0,0.0,0.0,0.0,0.0,0.0,0,0.0,0
1606,歌林,電器電纜,0.0,0.0,0.0,0.0,0.0,0.0,0.0,0.0,0.0,0.0,0.0,0.0,0.0,0.0,0.0,0.0,0.0,0.0,0,0.0,0
1523,開億,電機機械,0.0,0.0,0.0,0.0,0.0,0.0,0.0,0.0,0.0,0.0,0.0,0.0,0.0,0.0,0.0,0.0,0.0,0.0,0,0.0,0
1230,聯成食,電器電纜,0.0,0.0,0.0,0.0,0.0,0.0,0.0,0.0,0.0,0.0,0.0,0.0,0.0,0.0,0.0,0.0,0.0,0.0,0,0.0,0
1311,福聚,塑膠工業,0.0,0.0,0.0,0.0,0.0,0.0,0.0,0.0,0.0,0.0,0.0,0.0,0.0,0.0,0.0,0.0,0.0,0.0,0,0.0,0
2837,萬泰銀,金融保險,1.45,0.0,0.0,0.0,0.0,0.0,0.0,0.0,0.0,0.0,0.0,0.0,0.0,0.0,0.0,0.0,0.0,0.0,0,0.0,0
2833,台壽保,金融保險,3.35,0.0,0.0,0.0,0.0,0.0,0.0,0.0,0.0,0.0,0.0,0.0,0.0,0.0,0.0,0.0,0.0,0.0,0,0.0,0
2883A,開發特,金融保險,0.0,0.0,0.0,0.0,0.0,0.0,0.0,0.0,0.0,0.0,0.0,0.0,0.0,0.0,0.0,0.0,0.0,0.0,0,0.0,0
2854,寶來證,金融保險,0.0,0.0,0.0,0.0,0.0,0.0,0.0,0.0,0.0,0.0,0.0,0.0,0.0,0.0,0.0,0.0,0.0,0.0,0,0.0,0
8008,建興電,電腦及週邊設備業,0.0,0.0,0.0,0.0,0.0,0.0,0.0,0.0,0.0,0.0,0.0,0.0,0.0,0.0,0.0,0.0,0.0,0.0,0,0.0,0
2847,大眾銀,金融保險,0.0,0.0,0.0,0.0,0.0,0.0,0.0,0.0,0.0,0.0,0.0,0.0,0.0,0.0,0.0,0.0,0.0,0.0,0,0.0,0
2469,力信,電子零組件業,0.0,0.0,0.0,0.0,0.0,0.0,0.0,0.0,0.0,0.0,0.0,0.0,0.0,0.0,0.0,0.0,0.0,0.0,0,0.0,0
2833A,台壽甲,金融保險,0.0,0.0,0.0,0.0,0.0,0.0,0.0,0.0,0.0,0.0,0.0,0.0,0.0,0.0,0.0,0.0,0.0,0.0,0,0.0,0
6119,大傳,電子工業,0.0,0.0,0.0,0.0,0.0,0.0,0.0,0.0,0.0,0.0,0.0,0.0,0.0,0.0,0.0,0.0,0.0,0.0,0,0.0,0
8078,華寶,通信網路業,0.0,0.0,0.0,0.0,0.0,0.0,0.0,0.0,0.0,0.0,0.0,0.0,0.0,0.0,0.0,0.0,0.0,0.0,0,0.0,0
020007,凱基臺灣500N,ETN,0.0,0.0,0.0,0.0,0.0,0.0,0.0,0.0,0.0,0.0,0.0,0.0,0.0,0.0,0.0,0.0,0.0,0.0,0,0.0,0
910861,神州-DR,存託憑證,0.0,0.0,0.0,0.0,0.0,0.0,0.0,0.0,0.0,0.0,0.0,0.0,0.0,4.43,0.0,0.0,0.0,13.08,157,14.23,74
2447,鼎新,資訊服務業,0.0,0.0,0.0,0.0,0.0,0.0,0.0,0.0,0.0,0.0,0.0,0.0,0.0,0.0,0.0,0.0,0.0,0.0,0,0.0,0
2452,乾坤,電子工業,0.0,0.0,0.0,0.0,0.0,0.0,0.0,0.0,0.0,0.0,0.0,0.0,0.0,0.0,0.0,0.0,0.0,0.0,0,0.0,0
911619,耀傑-DR,存託憑證,0.0,0.0,0.0,0.0,0.0,0.0,0.0,0.0,0.0,0.0,0.0,0.0,0.0,0.0,0.0,0.0,0.0,8.64,8,8.64,8
2463,研揚,電子工業,0.0,0.0,0.0,0.0,0.0,0.0,0.0,0.0,0.0,0.0,0.0,0.0,0.0,0.0,0.0,0.0,0.0,0.0,0,0.0,0
2887C,新丙特,金融保險,0.0,0.0,0.0,0.0,0.0,0.0,0.0,0.0,0.0,0.0,0.0,0.0,0.0,0.0,0.0,0.0,0.0,0.0,0,0.0,0
2891A,中信特,金融保險,0.0,0.0,0.0,0.0,0.0,0.0,0.0,0.0,0.0,0.0,0.0,0.0,0.0,0.0,0.0,0.0,0.0,0.0,0,0.0,0
6645,金萬林-創,創新版股票,-2.41,548227000.0,0.0,0.0,618835586.6981512,0.0,0.0,0.0,0.0,0.0,0.0,0.0,0.0,16.15,0.0,0.0,0.0,0.81,4,46.93,108
910708,恒大健-DR,存託憑證,0.0,0.0,0.0,0.0,0.0,0.0,0.0,0.0,0.0,0.0,0.0,0.0,0.0,620.0,0.0,0.0,0.0,149.86,8,149.86,8
2831,中華銀,金融保險,0.0,0.0,0.0,0.0,0.0,0.0,0.0,0.0,0.0,0.0,0.0,0.0,0.0,0.0,0.0,0.0,0.0,0.0,0,0.0,0
9106,新焦點-DR,存託憑證,0.0,0.0,0.0,0.0,0.0,0.0,0.0,0.0,0.0,0.0,0.0,0.0,0.0,0.0,0.0,0.0,0.0,0.0,0,0.0,0
911616,杜康-DR,存託憑證,0.0,0.0,0.0,0.0,0.0,0.0,0.0,0.0,0.0,0.0,0.0,0.0,0.0,1.07,0.0,0.0,0.0,41.18,8,41.18,8
910801,金衛-DR,存託憑證,0.0,0.0,0.0,0.0,0.0,0.0,0.0,0.0,0.0,0.0,0.0,0.0,0.0,4.17,0.0,0.0,0.0,0.0,0,0.0,0
2827,中聯,金融保險,0.0,0.0,0.0,0.0,0.0,0.0,0.0,0.0,0.0,0.0,0.0,0.0,0.0,0.0,0.0,0.0,0.0,0.0,0,0.0,0
9105,泰金寶-DR,存託憑證,0.0,132270623000.0,0.0,0.0,122051925713.60797,0.0,0.0,0.0,0.0,0.0,0.0,0.0,0.0,9.2,0.0,0.0,0.0,35.26,179,9.02,107
2807,竹商銀,金融保險,1.88,0.0,0.0,0.0,0.0,0.0,0.0,0.0,0.0,0.0,0.0,0.0,0.0,0.0,0.0,0.0,0.0,0.0,0,0.0,0
1107,建台,其他,0.0,0.0,0.0,0.0,0.0,0.0,0.0,0.0,0.0,0.0,0.0,0.0,0.0,0.0,0.0,0.0,0.0,0.0,0,0.0,0
6794,向榮生技-創,創新版股票,-1.89,34051000.0,0.0,0.0,17845243.47202938,0.0,0.0,0.0,0.0,0.0,0.0,0.0,0.0,81.4,0.0,0.0,0.0,1.1,46,53.23,77
9110,越南控-DR,存託憑證,0.0,0.0,0.0,0.0,0.0,0.0,0.0,0.0,0.0,0.0,0.0,0.0,0.0,3.36,0.0,0.0,0.0,1.64,121,0.0,0
00729R,第一金工業30反1,ETF,0.0,0.0,0.0,0.0,0.0,0.0,0.0,0.0,0.0,0.0,0.0,0.0,0.0,19.75,0.0,0.0,0.0,0.0,0,0.0,0
2494,廣業科,通信網路業,0.0,0.0,0.0,0.0,0.0,0.0,0.0,0.0,0.0,0.0,0.0,0.0,0.0,0.0,0.0,0.0,0.0,0.0,0,0.0,0
2526,大陸,建材營造,0.0,0.0,0.0,0.0,0.0,0.0,0.0,0.0,0.0,0.0,0.0,0.0,0.0,0.0,0.0,0.0,0.0,0.0,0,0.0,0
911201,僑威控,存託憑證,0.0,0.0,0.0,0.0,0.0,0.0,0.0,0.0,0.0,0.0,0.0,0.0,0.0,0.0,0.0,0.0,0.0,0.0,0,0.0,0
910069,新曄,存託憑證,0.0,0.0,0.0,0.0,0.0,0.0,0.0,0.0,0.0,0.0,0.0,0.0,0.0,0.0,0.0,0.0,0.0,0.0,0,0.0,0
5854,合庫,金融保險,1.59,0.0,0.0,0.0,0.0,0.0,0.0,0.0,0.0,0.0,0.0,0.0,0.0,0.0,0.0,0.0,0.0,0.0,0,0.0,0
911606,超級,存託憑證,0.0,0.0,0.0,0.0,0.0,0.0,0.0,0.0,0.0,0.0,0.0,0.0,0.0,0.0,0.0,0.0,0.0,0.0,0,0.0,0
6702,興航,航運業,0.0,0.0,0.0,0.0,0.0,0.0,0.0,0.0,0.0,0.0,0.0,0.0,0.0,0.0,0.0,0.0,0.0,0.0,0,0.0,0
020002,元富新中國N,ETN,0.0,0.0,0.0,0.0,0.0,0.0,0.0,0.0,0.0,0.0,0.0,0.0,0.0,0.0,0.0,0.0,0.0,0.0,0,0.0,0
6771,平和環保-創,創新版股票,3.64,630138000.0,173114835.16483516,1.59,530713384.87956727,3.07,13.28,5.54,10.29,15.83,31.59,48.6,40.77,40.0,1.02,0.79,1.22,0.73,9,1.96,1
020004,兆豐電菁英30N,ETN,0.0,0.0,0.0,0.0,0.0,0.0,0.0,0.0,0.0,0.0,0.0,0.0,0.0,0.0,0.0,0.0,0.0,0.0,0,0.0,0
020005,永豐外資50N,ETN,0.0,0.0,0.0,0.0,0.0,0.0,0.0,0.0,0.0,0.0,0.0,0.0,0.0,0.0,0.0,0.0,0.0,0.0,0,0.0,0
911602,華豐泰,存託憑證,0.0,0.0,0.0,0.0,0.0,0.0,0.0,0.0,0.0,0.0,0.0,0.0,0.0,0.0,0.0,0.0,0.0,0.0,0,0.0,0
020006,永昌中小300N,ETN,0.0,0.0,0.0,0.0,0.0,0.0,0.0,0.0,0.0,0.0,0.0,0.0,0.0,0.0,0.0,0.0,0.0,0.0,0,0.0,0
2446,全懋,電子工業,0.0,0.0,0.0,0.0,0.0,0.0,0.0,0.0,0.0,0.0,0.0,0.0,0.0,0.0,0.0,0.0,0.0,0.0,0,0.0,0
9101,福雷電,存託憑證,0.0,0.0,0.0,0.0,0.0,0.0,0.0,0.0,0.0,0.0,0.0,0.0,0.0,0.0,0.0,0.0,0.0,0.0,0,0.0,0
910948,融達,存託憑證,0.0,0.0,0.0,0.0,0.0,0.0,0.0,0.0,0.0,0.0,0.0,0.0,0.0,0.0,0.0,0.0,0.0,0.0,0,0.0,0
6004,元京證,金融保險,0.0,0.0,0.0,0.0,0.0,0.0,0.0,0.0,0.0,0.0,0.0,0.0,0.0,0.0,0.0,0.0,0.0,0.0,0,0.0,0
911612,滬安,存託憑證,0.0,0.0,0.0,0.0,0.0,0.0,0.0,0.0,0.0,0.0,0.0,0.0,0.0,0.0,0.0,0.0,0.0,0.0,0,0.0,0
020008,元大特股高息N,ETN,0.0,0.0,0.0,0.0,0.0,0.0,0.0,0.0,0.0,0.0,0.0,0.0,0.0,0.0,0.0,0.0,0.0,0.0,0,0.0,0
2473,思源,半導體業,0.0,0.0,0.0,0.0,0.0,0.0,0.0,0.0,0.0,0.0,0.0,0.0,0.0,0.0,0.0,0.0,0.0,0.0,0,0.0,0
910482,聖馬丁-DR,存託憑證,0.0,0.0,0.0,0.0,0.0,0.0,0.0,0.0,0.0,0.0,0.0,0.0,0.0,0.53,0.0,0.0,0.0,0.0,0,0.0,0
3697,F-晨星,半導體業,0.0,0.0,0.0,0.0,0.0,0.0,0.0,0.0,0.0,0.0,0.0,0.0,0.0,0.0,0.0,0.0,0.0,0.0,0,0.0,0
9104,萬宇科,存託憑證,0.0,0.0,0.0,0.0,0.0,0.0,0.0,0.0,0.0,0.0,0.0,0.0,0.0,0.0,0.0,0.0,0.0,0.0,0,0.0,0
911611,中泰山-DR,存託憑證,0.0,0.0,0.0,0.0,0.0,0.0,0.0,0.0,0.0,0.0,0.0,0.0,0.0,0.0,0.0,0.0,0.0,0.0,0,0.0,0
910322,康師傅-DR,存託憑證,0.0,0.0,0.0,0.0,0.0,0.0,0.0,0.0,0.0,0.0,0.0,0.0,0.0,23.45,0.0,0.0,0.0,18.53,99,16.47,169
911610,聯環,存託憑證,0.0,0.0,0.0,0.0,0.0,0.0,0.0,0.0,0.0,0.0,0.0,0.0,0.0,0.0,0.0,0.0,0.0,0.0,0,0.0,0
9103,美德醫療-DR,存託憑證,0.0,0.0,0.0,0.0,0.0,0.0,0.0,0.0,0.0,0.0,0.0,0.0,0.0,5.18,0.0,0.0,0.0,0.0,0,1.2,28
020022,元大電動車N,ETN,0.0,0.0,0.0,0.0,0.0,0.0,0.0,0.0,0.0,0.0,0.0,0.0,0.0,0.0,0.0,0.0,0.0,0.0,0,0.0,0
911609,揚子江,存託憑證,0.0,0.0,0.0,0.0,0.0,0.0,0.0,0.0,0.0,0.0,0.0,0.0,0.0,0.0,0.0,0.0,0.0,0.0,0,0.0,0
3702A,大聯大甲特,電子通路業,0.0,0.0,0.0,0.0,0.0,0.0,0.0,0.0,0.0,0.0,0.0,0.0,0.0,51.7,0.0,0.0,0.0,5.83,162,0.0,0
911608,明輝-DR,存託憑證,0.0,0.0,0.0,0.0,0.0,0.0,0.0,0.0,0.0,0.0,0.0,0.0,0.0,2.81,0.0,0.0,0.0,0.0,0,1.69,14
9102,東亞科,存託憑證,0.0,0.0,0.0,0.0,0.0,0.0,0.0,0.0,0.0,0.0,0.0,0.0,0.0,0.0,0.0,0.0,0.0,0.0,0,0.0,0
2479,和立,電子工業,0.0,0.0,0.0,0.0,0.0,0.0,0.0,0.0,0.0,0.0,0.0,0.0,0.0,0.0,0.0,0.0,0.0,0.0,0,0.0,0
6012,金鼎證,金融保險,0.0,0.0,0.0,0.0,0.0,0.0,0.0,0.0,0.0,0.0,0.0,0.0,0.0,0.0,0.0,0.0,0.0,0.0,0,0.0,0
910579,歐聖,存託憑證,0.0,0.0,0.0,0.0,0.0,0.0,0.0,0.0,0.0,0.0,0.0,0.0,0.0,0.0,0.0,0.0,0.0,0.0,0,0.0,0
3638,F-IML,電子工業,0.0,0.0,0.0,0.0,0.0,0.0,0.0,0.0,0.0,0.0,0.0,0.0,0.0,0.0,0.0,0.0,0.0,0.0,0,0.0,0
9188,精熙-DR,存託憑證,0.0,0.0,0.0,0.0,0.0,0.0,0.0,0.0,0.0,0.0,0.0,0.0,0.0,5.27,0.0,0.0,0.0,0.0,0,0.0,0
6255,奈普,電子工業,0.0,0.0,0.0,0.0,0.0,0.0,0.0,0.0,0.0,0.0,0.0,0.0,0.0,0.0,0.0,0.0,0.0,0.0,0,0.0,0
2341,英群,電子工業,0.0,0.0,0.0,0.0,0.0,0.0,0.0,0.0,0.0,0.0,0.0,0.0,0.0,0.0,0.0,0.0,0.0,0.0,0,0.0,0
3584,介面,光電業,0.0,0.0,0.0,0.0,0.0,0.0,0.0,0.0,0.0,0.0,0.0,0.0,0.0,0.0,0.0,0.0,0.0,0.0,0,0.0,0
6280,崇貿,電子工業,0.0,0.0,0.0,0.0,0.0,0.0,0.0,0.0,0.0,0.0,0.0,0.0,0.0,0.0,0.0,0.0,0.0,0.0,0,0.0,0
6951,青新-創,創新版股票,5.39,842034000.0,156221521.33580706,2.87,1055038676.1119694,6.75,15.72,11.37,12.6,23.97,85.05,161.8,106.08,79.4,1.34,1.07,2.04,47.09,151,4.02,31
6286,立錡,半導體業,0.0,0.0,0.0,0.0,0.0,0.0,0.0,0.0,0.0,0.0,0.0,0.0,0.0,0.0,0.0,0.0,0.0,0.0,0,0.0,0
6949,沛爾生醫-創,創新版股票,-7.23,30919000.0,0.0,0.0,25711307.198612314,0.0,0.0,0.0,0.0,0.0,0.0,0.0,0.0,891.0,0.0,0.0,0.0,0.0,0,216.4,63
2350,環電,其他電子業,0.0,0.0,0.0,0.0,0.0,0.0,0.0,0.0,0.0,0.0,0.0,0.0,0.0,0.0,0.0,0.0,0.0,0.0,0,0.0,0
00906,大華元宇宙科技50,ETF,0.0,0.0,0.0,0.0,0.0,0.0,0.0,0.0,0.0,0.0,0.0,0.0,0.0,0.0,0.0,0.0,0.0,0.0,0,0.0,0
3271,其樂達,電子工業,0.0,0.0,0.0,0.0,0.0,0.0,0.0,0.0,0.0,0.0,0.0,0.0,0.0,0.0,0.0,0.0,0.0,0.0,0,0.0,0
2361,鴻友,電子工業,0.0,0.0,0.0,0.0,0.0,0.0,0.0,0.0,0.0,0.0,0.0,0.0,0.0,0.0,0.0,0.0,0.0,0.0,0,0.0,0
916665,爾必達,存託憑證,0.0,0.0,0.0,0.0,0.0,0.0,0.0,0.0,0.0,0.0,0.0,0.0,0.0,0.0,0.0,0.0,0.0,0.0,0,0.0,0
3214,元砷,電子工業,0.0,0.0,0.0,0.0,0.0,0.0,0.0,0.0,0.0,0.0,0.0,0.0,0.0,0.0,0.0,0.0,0.0,0.0,0,0.0,0
6423,億而得-創,創新版股票,0.58,235415000.0,405887931.0344828,0.31,239409344.27820462,0.59,116.42,273.29,69.36,342.65,40.92,202.16,68.69,79.1,0.87,0.52,2.56,5.39,182,0.0,0
6924,榮惠-KY創,創新版股票,5.69,1708679000.0,300295079.08611596,3.22,1886364134.811144,6.28,13.7,22.02,6.99,29.01,43.9,182.18,86.02,129.5,0.66,0.34,1.41,2.02,3,10.5,182
2336,致伸,電腦及週邊設備業,0.0,0.0,0.0,0.0,0.0,0.0,0.0,0.0,0.0,0.0,0.0,0.0,0.0,0.0,0.0,0.0,0.0,0.0,0,0.0,0
3367,英華達,其他電子業,0.0,0.0,0.0,0.0,0.0,0.0,0.0,0.0,0.0,0.0,0.0,0.0,0.0,0.0,0.0,0.0,0.0,0.0,0,0.0,0
3534,雷凌,電子工業,0.0,0.0,0.0,0.0,0.0,0.0,0.0,0.0,0.0,0.0,0.0,0.0,0.0,0.0,0.0,0.0,0.0,0.0,0,0.0,0
0060,新台灣,ETF,0.0,0.0,0.0,0.0,0.0,0.0,0.0,0.0,0.0,0.0,0.0,0.0,0.0,0.0,0.0,0.0,0.0,0.0,0,0.0,0
0081,恒香港,ETF,0.0,0.0,0.0,0.0,0.0,0.0,0.0,0.0,0.0,0.0,0.0,0.0,0.0,0.0,0.0,0.0,0.0,0.0,0,0.0,0
0080,恒中國,ETF,0.0,0.0,0.0,0.0,0.0,0.0,0.0,0.0,0.0,0.0,0.0,0.0,0.0,0.0,0.0,0.0,0.0,0.0,0,0.0,0
5280,F-敦泰,半導體業,0.0,0.0,0.0,0.0,0.0,0.0,0.0,0.0,0.0,0.0,0.0,0.0,0.0,0.0,0.0,0.0,0.0,0.0,0,0.0,0
9922,優美,其他,0.0,0.0,0.0,0.0,0.0,0.0,0.0,0.0,0.0,0.0,0.0,0.0,0.0,0.0,0.0,0.0,0.0,0.0,0,0.0,0
3474,華亞科,電子工業,0.0,0.0,0.0,0.0,0.0,0.0,0.0,0.0,0.0,0.0,0.0,0.0,0.0,0.0,0.0,0.0,0.0,0.0,0,0.0,0
9915,億豐,其他,0.0,0.0,0.0,0.0,0.0,0.0,0.0,0.0,0.0,0.0,0.0,0.0,0.0,0.0,0.0,0.0,0.0,0.0,0,0.0,0
00866,新光Shiller CAPE,ETF,0.0,0.0,0.0,0.0,0.0,0.0,0.0,0.0,0.0,0.0,0.0,0.0,0.0,0.0,0.0,0.0,0.0,0.0,0,0.0,0
3573,穎台,光電業,0.0,0.0,0.0,0.0,0.0,0.0,0.0,0.0,0.0,0.0,0.0,0.0,0.0,0.0,0.0,0.0,0.0,0.0,0,0.0,0
9801,力霸,貿易百貨,0.0,0.0,0.0,0.0,0.0,0.0,0.0,0.0,0.0,0.0,0.0,0.0,0.0,0.0,0.0,0.0,0.0,0.0,0,0.0,0
2254,巨鎧精密-創,創新版股票,-0.84,521879000.0,0.0,0.0,117399702.61017188,0.0,0.0,0.0,0.0,0.0,0.0,0.0,0.0,59.6,0.0,0.0,0.0,17.5,57,0.94,3
2258,鴻華先進-創,創新版股票,-2.15,4269199000.0,0.0,0.0,3275284342.6895733,0.0,0.0,0.0,0.0,0.0,0.0,0.0,0.0,32.25,0.0,0.0,0.0,1.18,81,7.67,23
6988,威力暘-創,創新版股票,-1.13,788074000.0,0.0,0.0,695520272.1321626,0.0,1202.03,2922.29,37.71,2960.0,0.0,0.0,0.0,13.5,0.0,0.0,0.0,17.93,105,10.86,43
2315,神達,電子工業,0.0,0.0,0.0,0.0,0.0,0.0,0.0,0.0,0.0,0.0,0.0,0.0,0.0,0.0,0.0,0.0,0.0,0.0,0,0.0,0
6969,成信實業*-創,創新版股票,-0.09,319390000.0,0.0,0.0,391780065.89435005,0.0,0.0,0.0,0.0,0.0,0.0,0.0,0.0,25.6,0.0,0.0,0.0,95.07,37,29.31,22
1520,復盛,其他,0.0,0.0,0.0,0.0,0.0,0.0,0.0,0.0,0.0,0.0,0.0,0.0,0.0,0.0,0.0,0.0,0.0,0.0,0,0.0,0
911622,泰聚亨-DR,存託憑證,0.0,0.0,0.0,0.0,0.0,0.0,0.0,0.0,0.0,0.0,0.0,0.0,0.0,3.82,0.0,0.0,0.0,0.0,0,3.23,43
2381,華宇,電子工業,0.0,0.0,0.0,0.0,0.0,0.0,0.0,0.0,0.0,0.0,0.0,0.0,0.0,0.0,0.0,0.0,0.0,0.0,0,0.0,0
9157,陽光能源-DR,存託憑證,0.0,0.0,0.0,0.0,0.0,0.0,0.0,0.0,0.0,0.0,0.0,0.0,0.0,1.39,0.0,0.0,0.0,26.36,2,26.36,2
2384,勝華,光電業,-1.46,0.0,0.0,0.0,0.0,0.0,0.0,0.0,0.0,0.0,0.0,0.0,0.0,0.0,0.0,0.0,0.0,0.0,0,0.0,0
8487,愛爾達-創,創新版股票,4.03,1038965000.0,257807692.3076923,2.43,1265854818.8874767,4.91,13.88,9.91,10.09,20.0,49.54,98.2,68.13,78.3,0.87,0.63,1.25,0.71,2,5.43,37
8162,微矽電子-創,創新版股票,1.56,1275748000.0,817787179.4871795,0.73,1236039570.0629172,1.51,31.91,48.9,16.34,65.24,24.67,98.51,48.19,85.8,0.56,0.29,1.15,10.88,182,25.03,73
2418,雅新,電子工業,0.0,0.0,0.0,0.0,0.0,0.0,0.0,0.0,0.0,0.0,0.0,0.0,0.0,0.0,0.0,0.0,0.0,0.0,0,0.0,0
3061,璨圓,電子工業,0.0,0.0,0.0,0.0,0.0,0.0,0.0,0.0,0.0,0.0,0.0,0.0,0.0,0.0,0.0,0.0,0.0,0.0,0,0.0,0
9136,巨騰-DR,存託憑證,0.0,0.0,0.0,0.0,0.0,0.0,0.0,0.0,0.0,0.0,0.0,0.0,0.0,13.45,0.0,0.0,0.0,0.0,0,32.42,177
912398,友佳-DR,存託憑證,0.0,0.0,0.0,0.0,0.0,0.0,0.0,0.0,0.0,0.0,0.0,0.0,0.0,7.2,0.0,0.0,0.0,0.0,0,0.0,0
3053,鼎營,電子工業,0.0,0.0,0.0,0.0,0.0,0.0,0.0,0.0,0.0,0.0,0.0,0.0,0.0,0.0,0.0,0.0,0.0,0.0,0,0.0,0
3063,飛信,電子工業,0.0,0.0,0.0,0.0,0.0,0.0,0.0,0.0,0.0,0.0,0.0,0.0,0.0,0.0,0.0,0.0,0.0,0.0,0,0.0,0
6534,正瀚-創,創新版股票,4.52,1800744000.0,398394690.2654868,3.72,1894362853.6271114,4.75,20.95,18.35,15.55,33.9,73.86,161.02,99.51,90.2,1.1,0.82,1.79,3.58,184,0.0,0
912000,晨訊科-DR,存託憑證,0.0,1672600000.0,0.0,0.0,1333614860.7531536,0.0,0.0,0.0,0.0,0.0,0.0,0.0,0.0,2.81,0.0,0.0,0.0,0.0,0,21.12,101
3020,奇普仕,電子通路業,0.0,0.0,0.0,0.0,0.0,0.0,0.0,0.0,0.0,0.0,0.0,0.0,0.0,0.0,0.0,0.0,0.0,0.0,0,0.0,0
911868,同方友友-DR,存託憑證,0.0,0.0,0.0,0.0,0.0,0.0,0.0,0.0,0.0,0.0,0.0,0.0,0.0,1.25,0.0,0.0,0.0,0.0,0,20.49,25
6854,錼創科技-KY創,創新版股票,-0.98,1357523000.0,0.0,0.0,943812996.2819712,0.0,240.71,258.04,162.5,420.54,0.0,0.0,0.0,121.5,0.0,0.0,0.0,203.79,184,3.39,57
3009,奇美電,電子工業,0.0,0.0,0.0,0.0,0.0,0.0,0.0,0.0,0.0,0.0,0.0,0.0,0.0,0.0,0.0,0.0,0.0,0.0,0,0.0,0
3007,綠點,電子工業,0.0,0.0,0.0,0.0,0.0,0.0,0.0,0.0,0.0,0.0,0.0,0.0,0.0,0.0,0.0,0.0,0.0,0.0,0,0.0,0
911626,MSH-DR,存託憑證,0.0,0.0,0.0,0.0,0.0,0.0,0.0,0.0,0.0,0.0,0.0,0.0,0.0,0.0,0.0,0.0,0.0,0.0,0,0.0,0
2411,飛瑞,電子工業,0.0,0.0,0.0,0.0,0.0,0.0,0.0,0.0,0.0,0.0,0.0,0.0,0.0,0.0,0.0,0.0,0.0,0.0,0,0.0,0
2403,友尚,電子通路業,0.0,0.0,0.0,0.0,0.0,0.0,0.0,0.0,0.0,0.0,0.0,0.0,0.0,0.0,0.0,0.0,0.0,0.0,0,0.0,0
3150,鈺寶-創,創新版股票,-0.21,305785000.0,0.0,0.0,285878384.43088317,0.0,69.33,113.89,23.61,137.5,0.0,0.0,0.0,19.05,0.0,0.0,0.0,1.97,10,5.56,59
3598,奕力,電子工業,0.0,0.0,0.0,0.0,0.0,0.0,0.0,0.0,0.0,0.0,0.0,0.0,0.0,0.0,0.0,0.0,0.0,0.0,0,0.0,0
3142,遠茂,電子工業,0.0,0.0,0.0,0.0,0.0,0.0,0.0,0.0,0.0,0.0,0.0,0.0,0.0,0.0,0.0,0.0,0.0,0.0,0,0.0,0
913889,大成糖,存託憑證,0.0,0.0,0.0,0.0,0.0,0.0,0.0,0.0,0.0,0.0,0.0,0.0,0.0,0.0,0.0,0.0,0.0,0.0,0,0.0,0
2396,精碟,光電業,0.0,0.0,0.0,0.0,0.0,0.0,0.0,0.0,0.0,0.0,0.0,0.0,0.0,0.0,0.0,0.0,0.0,0.0,0,0.0,0
3599,旺能,光電業,0.0,0.0,0.0,0.0,0.0,0.0,0.0,0.0,0.0,0.0,0.0,0.0,0.0,0.0,0.0,0.0,0.0,0.0,0,0.0,0
2391,合勤,電子工業,0.0,0.0,0.0,0.0,0.0,0.0,0.0,0.0,0.0,0.0,0.0,0.0,0.0,0.0,0.0,0.0,0.0,0.0,0,0.0,0
9151,旺旺,存託憑證,0.0,0.0,0.0,0.0,0.0,0.0,0.0,0.0,0.0,0.0,0.0,0.0,0.0,0.0,0.0,0.0,0.0,0.0,0,0.0,0
8199,廣鎵,電子工業,0.0,0.0,0.0,0.0,0.0,0.0,0.0,0.0,0.0,0.0,0.0,0.0,0.0,0.0,0.0,0.0,0.0,0.0,0,0.0,0
6902,GOGOLOOK-創,創新版股票,1.58,1032296000.0,653351898.7341772,0.92,1284514079.4694896,1.97,319.14,640.45,37.88,678.33,74.62,1336.31,628.71,132.5,4.74,0.56,10.09,15.52,105,3.31,2
3080,威力盟,電子工業,0.0,0.0,0.0,0.0,0.0,0.0,0.0,0.0,0.0,0.0,0.0,0.0,0.0,0.0,0.0,0.0,0.0,0.0,0,0.0,0
3614,誠致,電子工業,0.0,0.0,0.0,0.0,0.0,0.0,0.0,0.0,0.0,0.0,0.0,0.0,0.0,0.0,0.0,0.0,0.0,0.0,0,0.0,0
6457,紘康,半導體業,0.0,0.0,0.0,0.0,0.0,0.0,0.0,0.0,0.0,0.0,0.0,0.0,0.0,62.1,0.0,0.0,0.0,10.19,105,0.0,0
006201,元大富櫃50,上櫃指數股票型基金(ETF),0.0,0.0,0.0,0.0,0.0,0.0,0.0,0.0,0.0,0.0,0.0,0.0,0.0,48.46,0.0,0.0,0.0,2.85,3,31.23,184
00687B,國泰20年美債,上櫃指數股票型基金(ETF),0.0,0.0,0.0,0.0,0.0,0.0,0.0,0.0,0.0,0.0,0.0,0.0,0.0,28.25,0.0,0.0,0.0,9.39,65,12.57,143
00696B,富邦美債20年,上櫃指數股票型基金(ETF),0.0,0.0,0.0,0.0,0.0,0.0,0.0,0.0,0.0,0.0,0.0,0.0,0.0,29.58,0.0,0.0,0.0,8.21,65,11.5,143
00695B,富邦美債7-10,上櫃指數股票型基金(ETF),0.0,0.0,0.0,0.0,0.0,0.0,0.0,0.0,0.0,0.0,0.0,0.0,0.0,35.73,0.0,0.0,0.0,4.33,28,11.02,147
00697B,元大美債7-10,上櫃指數股票型基金(ETF),0.0,0.0,0.0,0.0,0.0,0.0,0.0,0.0,0.0,0.0,0.0,0.0,0.0,35.98,0.0,0.0,0.0,5.26,28,11.57,147
00679B,元大美債20年,上櫃指數股票型基金(ETF),0.0,0.0,0.0,0.0,0.0,0.0,0.0,0.0,0.0,0.0,0.0,0.0,0.0,27.16,0.0,0.0,0.0,8.53,28,12.05,108
00694B,富邦美債1-3,上櫃指數股票型基金(ETF),0.0,0.0,0.0,0.0,0.0,0.0,0.0,0.0,0.0,0.0,0.0,0.0,0.0,42.34,0.0,0.0,0.0,2.54,179,9.7,168
00955,中信日本商社,上櫃指數股票型基金(ETF),0.0,0.0,0.0,0.0,0.0,0.0,0.0,0.0,0.0,0.0,0.0,0.0,0.0,14.44,0.0,0.0,0.0,5.25,48,43.79,183
00842B,台新美元銀行債,上櫃指數股票型基金(ETF),0.0,0.0,0.0,0.0,0.0,0.0,0.0,0.0,0.0,0.0,0.0,0.0,0.0,31.32,0.0,0.0,0.0,4.98,65,9.69,101
00931B,統一美債20年,上櫃指數股票型基金(ETF),0.0,0.0,0.0,0.0,0.0,0.0,0.0,0.0,0.0,0.0,0.0,0.0,0.0,13.73,0.0,0.0,0.0,8.27,65,11.76,141
00933B,國泰10Y+金融債,上櫃指數股票型基金(ETF),0.0,0.0,0.0,0.0,0.0,0.0,0.0,0.0,0.0,0.0,0.0,0.0,0.0,16.31,0.0,0.0,0.0,4.79,65,10.97,143
00846B,富邦歐洲銀行債,上櫃指數股票型基金(ETF),0.0,0.0,0.0,0.0,0.0,0.0,0.0,0.0,0.0,0.0,0.0,0.0,0.0,36.48,0.0,0.0,0.0,3.15,25,11.14,164
00937B,群益ESG投等債20+,上櫃指數股票型基金(ETF),0.0,0.0,0.0,0.0,0.0,0.0,0.0,0.0,0.0,0.0,0.0,0.0,0.0,15.12,0.0,0.0,0.0,4.89,72,10.19,102
00794B,群益7+中國政金債,上櫃指數股票型基金(ETF),0.0,0.0,0.0,0.0,0.0,0.0,0.0,0.0,0.0,0.0,0.0,0.0,0.0,39.82,0.0,0.0,0.0,3.88,28,3.43,45
00942B,台新美A公司債20+,上櫃指數股票型基金(ETF),0.0,0.0,0.0,0.0,0.0,0.0,0.0,0.0,0.0,0.0,0.0,0.0,0.0,14.54,0.0,0.0,0.0,5.2,72,10.76,108
00773B,中信優先金融債,上櫃指數股票型基金(ETF),0.0,0.0,0.0,0.0,0.0,0.0,0.0,0.0,0.0,0.0,0.0,0.0,0.0,36.53,0.0,0.0,0.0,5.29,65,11.91,143
00836B,永豐10年A公司債,上櫃指數股票型基金(ETF),0.0,0.0,0.0,0.0,0.0,0.0,0.0,0.0,0.0,0.0,0.0,0.0,0.0,29.19,0.0,0.0,0.0,6.4,72,11.79,144
00948B,中信優息投資級債,上櫃指數股票型基金(ETF),0.0,0.0,0.0,0.0,0.0,0.0,0.0,0.0,0.0,0.0,0.0,0.0,0.0,9.63,0.0,0.0,0.0,4.88,72,9.93,113
00950B,凱基A級公司債,上櫃指數股票型基金(ETF),0.0,0.0,0.0,0.0,0.0,0.0,0.0,0.0,0.0,0.0,0.0,0.0,0.0,14.27,0.0,0.0,0.0,4.93,71,11.17,143
00772B,中信高評級公司債,上櫃指數股票型基金(ETF),0.0,0.0,0.0,0.0,0.0,0.0,0.0,0.0,0.0,0.0,0.0,0.0,0.0,34.19,0.0,0.0,0.0,5.53,65,10.77,143
00845B,富邦新興投等債,上櫃指數股票型基金(ETF),0.0,0.0,0.0,0.0,0.0,0.0,0.0,0.0,0.0,0.0,0.0,0.0,0.0,33.77,0.0,0.0,0.0,3.16,91,12.14,163
00777B,凱基AAA至A公司債,上櫃指數股票型基金(ETF),0.0,0.0,0.0,0.0,0.0,0.0,0.0,0.0,0.0,0.0,0.0,0.0,0.0,33.15,0.0,0.0,0.0,6.39,72,10.67,108
00957B,兆豐US優選投等債,上櫃指數股票型基金(ETF),0.0,0.0,0.0,0.0,0.0,0.0,0.0,0.0,0.0,0.0,0.0,0.0,0.0,13.72,0.0,0.0,0.0,1.13,8,10.11,102
00959B,大華投等美債15Y+,上櫃指數股票型基金(ETF),0.0,0.0,0.0,0.0,0.0,0.0,0.0,0.0,0.0,0.0,0.0,0.0,0.0,9.51,0.0,0.0,0.0,1.89,21,10.67,108
00840B,凱基IG精選15+,上櫃指數股票型基金(ETF),0.0,0.0,0.0,0.0,0.0,0.0,0.0,0.0,0.0,0.0,0.0,0.0,0.0,30.55,0.0,0.0,0.0,5.61,72,11.17,143
00768B,復華20年美債,上櫃指數股票型基金(ETF),0.0,0.0,0.0,0.0,0.0,0.0,0.0,0.0,0.0,0.0,0.0,0.0,0.0,50.95,0.0,0.0,0.0,9.32,65,10.54,108
00966B,統一ESG投等債15+,上櫃指數股票型基金(ETF),0.0,0.0,0.0,0.0,0.0,0.0,0.0,0.0,0.0,0.0,0.0,0.0,0.0,14.16,0.0,0.0,0.0,2.83,78,10.46,113
00967B,元大優息美債,上櫃指數股票型基金(ETF),0.0,0.0,0.0,0.0,0.0,0.0,0.0,0.0,0.0,0.0,0.0,0.0,0.0,9.25,0.0,0.0,0.0,2.4,119,11.22,143
00968B,元大優息投等債,上櫃指數股票型基金(ETF),0.0,0.0,0.0,0.0,0.0,0.0,0.0,0.0,0.0,0.0,0.0,0.0,0.0,9.43,0.0,0.0,0.0,0.0,0,10.07,107
00969B,元大零息超長美債,上櫃指數股票型基金(ETF),0.0,0.0,0.0,0.0,0.0,0.0,0.0,0.0,0.0,0.0,0.0,0.0,0.0,8.52,0.0,0.0,0.0,0.0,0,16.36,108
00970B,新光BBB投等債20+,上櫃指數股票型基金(ETF),0.0,0.0,0.0,0.0,0.0,0.0,0.0,0.0,0.0,0.0,0.0,0.0,0.0,9.55,0.0,0.0,0.0,3.12,77,10.54,113
00764B,群益25年美債,上櫃指數股票型基金(ETF),0.0,0.0,0.0,0.0,0.0,0.0,0.0,0.0,0.0,0.0,0.0,0.0,0.0,28.17,0.0,0.0,0.0,9.39,65,12.3,143
00870B,元大15年EM主權債,上櫃指數股票型基金(ETF),0.0,0.0,0.0,0.0,0.0,0.0,0.0,0.0,0.0,0.0,0.0,0.0,0.0,29.04,0.0,0.0,0.0,4.85,72,12.35,143
00795B,中信美國公債20年,上櫃指數股票型基金(ETF),0.0,0.0,0.0,0.0,0.0,0.0,0.0,0.0,0.0,0.0,0.0,0.0,0.0,27.35,0.0,0.0,0.0,8.35,28,11.8,108
00761B,國泰A級公司債,上櫃指數股票型基金(ETF),0.0,0.0,0.0,0.0,0.0,0.0,0.0,0.0,0.0,0.0,0.0,0.0,0.0,35.06,0.0,0.0,0.0,5.39,72,10.83,108
00958B,永豐ESG銀行債15+,上櫃指數股票型基金(ETF),0.0,0.0,0.0,0.0,0.0,0.0,0.0,0.0,0.0,0.0,0.0,0.0,0.0,9.47,0.0,0.0,0.0,0.7,1,12.08,143
00928,中信上櫃ESG 30,上櫃指數股票型基金(ETF),0.0,0.0,0.0,0.0,0.0,0.0,0.0,0.0,0.0,0.0,0.0,0.0,0.0,38.44,0.0,0.0,0.0,1.32,3,38.11,184
00793B,群益AAA-A醫療債,上櫃指數股票型基金(ETF),0.0,0.0,0.0,0.0,0.0,0.0,0.0,0.0,0.0,0.0,0.0,0.0,0.0,31.19,0.0,0.0,0.0,7.42,72,12.01,143
00778B,凱基金融債20+,上櫃指數股票型基金(ETF),0.0,0.0,0.0,0.0,0.0,0.0,0.0,0.0,0.0,0.0,0.0,0.0,0.0,35.17,0.0,0.0,0.0,6.57,65,11.78,144
00857B,永豐20年美公債,上櫃指數股票型基金(ETF),0.0,0.0,0.0,0.0,0.0,0.0,0.0,0.0,0.0,0.0,0.0,0.0,0.0,23.46,0.0,0.0,0.0,9.23,65,12.42,143
00856B,永豐1-3年美公債,上櫃指數股票型基金(ETF),0.0,0.0,0.0,0.0,0.0,0.0,0.0,0.0,0.0,0.0,0.0,0.0,0.0,37.89,0.0,0.0,0.0,2.43,28,9.9,164
00790B,復華次順位金融債,上櫃指數股票型基金(ETF),0.0,0.0,0.0,0.0,0.0,0.0,0.0,0.0,0.0,0.0,0.0,0.0,0.0,53.2,0.0,0.0,0.0,4.45,65,0.0,0
00853B,統一美債10年Aa-A,上櫃指數股票型基金(ETF),0.0,0.0,0.0,0.0,0.0,0.0,0.0,0.0,0.0,0.0,0.0,0.0,0.0,28.07,0.0,0.0,0.0,6.78,72,11.67,143
00789B,復華公司債A3,上櫃指數股票型基金(ETF),0.0,0.0,0.0,0.0,0.0,0.0,0.0,0.0,0.0,0.0,0.0,0.0,0.0,49.29,0.0,0.0,0.0,5.67,72,10.47,102
00788B,元大10年IG電能債,上櫃指數股票型基金(ETF),0.0,0.0,0.0,0.0,0.0,0.0,0.0,0.0,0.0,0.0,0.0,0.0,0.0,30.74,0.0,0.0,0.0,5.71,72,11.07,107
00834B,第一金金融債10+,上櫃指數股票型基金(ETF),0.0,0.0,0.0,0.0,0.0,0.0,0.0,0.0,0.0,0.0,0.0,0.0,0.0,34.63,0.0,0.0,0.0,4.75,65,11.72,143
00883B,中信ESG投資級債,上櫃指數股票型基金(ETF),0.0,0.0,0.0,0.0,0.0,0.0,0.0,0.0,0.0,0.0,0.0,0.0,0.0,30.98,0.0,0.0,0.0,4.71,65,9.94,113
00884B,中信低碳新興債,上櫃指數股票型基金(ETF),0.0,0.0,0.0,0.0,0.0,0.0,0.0,0.0,0.0,0.0,0.0,0.0,0.0,30.26,0.0,0.0,0.0,5.73,72,12.69,143
00791B,復華信用債1-5,上櫃指數股票型基金(ETF),0.0,0.0,0.0,0.0,0.0,0.0,0.0,0.0,0.0,0.0,0.0,0.0,0.0,57.65,0.0,0.0,0.0,2.64,179,9.99,163
00787B,元大10年IG醫療債,上櫃指數股票型基金(ETF),0.0,0.0,0.0,0.0,0.0,0.0,0.0,0.0,0.0,0.0,0.0,0.0,0.0,33.12,0.0,0.0,0.0,6.36,65,13.7,144
00886,永豐美國科技,上櫃指數股票型基金(ETF),0.0,0.0,0.0,0.0,0.0,0.0,0.0,0.0,0.0,0.0,0.0,0.0,0.0,45.97,0.0,0.0,0.0,7.56,154,14.69,114
00887,永豐中國科技50大,上櫃指數股票型基金(ETF),0.0,0.0,0.0,0.0,0.0,0.0,0.0,0.0,0.0,0.0,0.0,0.0,0.0,19.23,0.0,0.0,0.0,296.63,91,69.53,183
00858,永豐美國500大,上櫃指數股票型基金(ETF),0.0,0.0,0.0,0.0,0.0,0.0,0.0,0.0,0.0,0.0,0.0,0.0,0.0,36.66,0.0,0.0,0.0,2.98,154,14.08,172
00888,永豐台灣ESG,上櫃指數股票型基金(ETF),0.0,0.0,0.0,0.0,0.0,0.0,0.0,0.0,0.0,0.0,0.0,0.0,0.0,37.72,0.0,0.0,0.0,2.04,3,32.96,184
00786B,元大10年IG銀行債,上櫃指數股票型基金(ETF),0.0,0.0,0.0,0.0,0.0,0.0,0.0,0.0,0.0,0.0,0.0,0.0,0.0,33.38,0.0,0.0,0.0,4.23,72,11.4,143
00890B,凱基ESG BBB債15+,上櫃指數股票型基金(ETF),0.0,0.0,0.0,0.0,0.0,0.0,0.0,0.0,0.0,0.0,0.0,0.0,0.0,32.9,0.0,0.0,0.0,4.61,72,9.86,108
00849B,中信EM主權債0-5,上櫃指數股票型基金(ETF),0.0,0.0,0.0,0.0,0.0,0.0,0.0,0.0,0.0,0.0,0.0,0.0,0.0,37.86,0.0,0.0,0.0,1.83,179,9.33,168
00848B,中信新興亞洲債,上櫃指數股票型基金(ETF),0.0,0.0,0.0,0.0,0.0,0.0,0.0,0.0,0.0,0.0,0.0,0.0,0.0,34.82,0.0,0.0,0.0,3.7,72,10.94,165
00785B,富邦金融投等債,上櫃指數股票型基金(ETF),0.0,0.0,0.0,0.0,0.0,0.0,0.0,0.0,0.0,0.0,0.0,0.0,0.0,35.78,0.0,0.0,0.0,4.33,65,11.4,144
00784B,富邦中國投等債,上櫃指數股票型基金(ETF),0.0,0.0,0.0,0.0,0.0,0.0,0.0,0.0,0.0,0.0,0.0,0.0,0.0,39.32,0.0,0.0,0.0,2.14,28,0.0,0
00792B,群益A級公司債,上櫃指數股票型基金(ETF),0.0,0.0,0.0,0.0,0.0,0.0,0.0,0.0,0.0,0.0,0.0,0.0,0.0,32.19,0.0,0.0,0.0,6.94,72,12.01,143
00847B,中信美國市政債,上櫃指數股票型基金(ETF),0.0,0.0,0.0,0.0,0.0,0.0,0.0,0.0,0.0,0.0,0.0,0.0,0.0,26.0,0.0,0.0,0.0,6.77,28,11.3,108
00782B,國泰A級公用債,上櫃指數股票型基金(ETF),0.0,0.0,0.0,0.0,0.0,0.0,0.0,0.0,0.0,0.0,0.0,0.0,0.0,31.21,0.0,0.0,0.0,6.01,72,10.4,102
00781B,國泰A級科技債,上櫃指數股票型基金(ETF),0.0,0.0,0.0,0.0,0.0,0.0,0.0,0.0,0.0,0.0,0.0,0.0,0.0,28.6,0.0,0.0,0.0,5.34,65,10.0,143
00780B,國泰A級金融債,上櫃指數股票型基金(ETF),0.0,0.0,0.0,0.0,0.0,0.0,0.0,0.0,0.0,0.0,0.0,0.0,0.0,37.87,0.0,0.0,0.0,3.65,28,10.31,147
00779B,凱基美債25+,上櫃指數股票型基金(ETF),0.0,0.0,0.0,0.0,0.0,0.0,0.0,0.0,0.0,0.0,0.0,0.0,0.0,28.51,0.0,0.0,0.0,9.47,65,12.63,143
00760B,復華新興企業債,上櫃指數股票型基金(ETF),0.0,0.0,0.0,0.0,0.0,0.0,0.0,0.0,0.0,0.0,0.0,0.0,0.0,54.7,0.0,0.0,0.0,3.97,72,12.03,129
00759B,復華製藥債,上櫃指數股票型基金(ETF),0.0,0.0,0.0,0.0,0.0,0.0,0.0,0.0,0.0,0.0,0.0,0.0,0.0,55.6,0.0,0.0,0.0,6.01,72,11.92,108
00877,復華中國5G,上櫃指數股票型基金(ETF),0.0,0.0,0.0,0.0,0.0,0.0,0.0,0.0,0.0,0.0,0.0,0.0,0.0,43.36,0.0,0.0,0.0,31.24,91,121.66,184
00723B,群益投資級科技債,上櫃指數股票型基金(ETF),0.0,0.0,0.0,0.0,0.0,0.0,0.0,0.0,0.0,0.0,0.0,0.0,0.0,31.33,0.0,0.0,0.0,4.88,72,9.93,102
00864B,中信美國公債0-1,上櫃指數股票型基金(ETF),0.0,0.0,0.0,0.0,0.0,0.0,0.0,0.0,0.0,0.0,0.0,0.0,0.0,46.59,0.0,0.0,0.0,4.19,179,8.16,168
00841B,凱基AAA-AA公司債,上櫃指數股票型基金(ETF),0.0,0.0,0.0,0.0,0.0,0.0,0.0,0.0,0.0,0.0,0.0,0.0,0.0,29.42,0.0,0.0,0.0,5.81,72,11.31,108
00754B,群益AAA-AA公司債,上櫃指數股票型基金(ETF),0.0,0.0,0.0,0.0,0.0,0.0,0.0,0.0,0.0,0.0,0.0,0.0,0.0,33.91,0.0,0.0,0.0,5.84,72,11.03,113
00751B,元大AAA至A公司債,上櫃指數股票型基金(ETF),0.0,0.0,0.0,0.0,0.0,0.0,0.0,0.0,0.0,0.0,0.0,0.0,0.0,31.96,0.0,0.0,0.0,6.64,65,11.38,143
00750B,凱基科技債10+,上櫃指數股票型基金(ETF),0.0,0.0,0.0,0.0,0.0,0.0,0.0,0.0,0.0,0.0,0.0,0.0,0.0,33.76,0.0,0.0,0.0,4.56,72,9.93,102
00749B,凱基新興債10+,上櫃指數股票型基金(ETF),0.0,0.0,0.0,0.0,0.0,0.0,0.0,0.0,0.0,0.0,0.0,0.0,0.0,32.35,0.0,0.0,0.0,4.14,72,12.93,168
00755B,群益投資級公用債,上櫃指數股票型基金(ETF),0.0,0.0,0.0,0.0,0.0,0.0,0.0,0.0,0.0,0.0,0.0,0.0,0.0,33.49,0.0,0.0,0.0,6.27,72,11.56,108
00746B,富邦A級公司債,上櫃指數股票型基金(ETF),0.0,0.0,0.0,0.0,0.0,0.0,0.0,0.0,0.0,0.0,0.0,0.0,0.0,36.24,0.0,0.0,0.0,4.74,72,10.87,144
00862B,中信投資級公司債,上櫃指數股票型基金(ETF),0.0,0.0,0.0,0.0,0.0,0.0,0.0,0.0,0.0,0.0,0.0,0.0,0.0,32.16,0.0,0.0,0.0,5.65,67,11.05,143
00734B,台新JPM新興債,上櫃指數股票型基金(ETF),0.0,0.0,0.0,0.0,0.0,0.0,0.0,0.0,0.0,0.0,0.0,0.0,0.0,16.1,0.0,0.0,0.0,3.34,72,12.65,143
00741B,富邦全球非投等債,上櫃指數股票型基金(ETF),0.0,0.0,0.0,0.0,0.0,0.0,0.0,0.0,0.0,0.0,0.0,0.0,0.0,37.69,0.0,0.0,0.0,1.76,182,8.18,184
00722B,群益投資級電信債,上櫃指數股票型基金(ETF),0.0,0.0,0.0,0.0,0.0,0.0,0.0,0.0,0.0,0.0,0.0,0.0,0.0,36.51,0.0,0.0,0.0,4.89,72,9.79,102
00863B,中信全球電信債,上櫃指數股票型基金(ETF),0.0,0.0,0.0,0.0,0.0,0.0,0.0,0.0,0.0,0.0,0.0,0.0,0.0,32.35,0.0,0.0,0.0,5.34,65,10.79,144
00740B,富邦全球投等債,上櫃指數股票型基金(ETF),0.0,0.0,0.0,0.0,0.0,0.0,0.0,0.0,0.0,0.0,0.0,0.0,0.0,39.29,0.0,0.0,0.0,3.04,72,10.18,143
00727B,國泰優選非投等債,上櫃指數股票型基金(ETF),0.0,0.0,0.0,0.0,0.0,0.0,0.0,0.0,0.0,0.0,0.0,0.0,0.0,40.15,0.0,0.0,0.0,2.99,182,9.05,183
00725B,國泰投資級公司債,上櫃指數股票型基金(ETF),0.0,0.0,0.0,0.0,0.0,0.0,0.0,0.0,0.0,0.0,0.0,0.0,0.0,35.91,0.0,0.0,0.0,3.69,72,9.52,102
00726B,國泰新興投等債,上櫃指數股票型基金(ETF),0.0,0.0,0.0,0.0,0.0,0.0,0.0,0.0,0.0,0.0,0.0,0.0,0.0,33.48,0.0,0.0,0.0,2.68,72,10.49,164
00799B,國泰A級醫療債,上櫃指數股票型基金(ETF),0.0,0.0,0.0,0.0,0.0,0.0,0.0,0.0,0.0,0.0,0.0,0.0,0.0,30.22,0.0,0.0,0.0,5.82,72,10.76,108
00867B,新光A-BBB電信債,上櫃指數股票型基金(ETF),0.0,0.0,0.0,0.0,0.0,0.0,0.0,0.0,0.0,0.0,0.0,0.0,0.0,31.55,0.0,0.0,0.0,4.7,72,10.85,108
00860B,群益1-5Y投資級債,上櫃指數股票型基金(ETF),0.0,0.0,0.0,0.0,0.0,0.0,0.0,0.0,0.0,0.0,0.0,0.0,0.0,38.52,0.0,0.0,0.0,2.57,28,8.92,163
00758B,復華能源債,上櫃指數股票型基金(ETF),0.0,0.0,0.0,0.0,0.0,0.0,0.0,0.0,0.0,0.0,0.0,0.0,0.0,52.3,0.0,0.0,0.0,4.09,28,12.07,108
00719B,元大美債1-3,上櫃指數股票型基金(ETF),0.0,0.0,0.0,0.0,0.0,0.0,0.0,0.0,0.0,0.0,0.0,0.0,0.0,31.44,0.0,0.0,0.0,1.53,179,8.95,168
00724B,群益投資級金融債,上櫃指數股票型基金(ETF),0.0,0.0,0.0,0.0,0.0,0.0,0.0,0.0,0.0,0.0,0.0,0.0,0.0,34.55,0.0,0.0,0.0,4.37,72,10.99,143
00844B,新光15年IG金融債,上櫃指數股票型基金(ETF),0.0,0.0,0.0,0.0,0.0,0.0,0.0,0.0,0.0,0.0,0.0,0.0,0.0,32.25,0.0,0.0,0.0,4.45,65,0.0,0
00718B,富邦中國政策債,上櫃指數股票型基金(ETF),0.0,0.0,0.0,0.0,0.0,0.0,0.0,0.0,0.0,0.0,0.0,0.0,0.0,19.05,0.0,0.0,0.0,2.65,28,0.0,0
00756B,群益投等新興公債,上櫃指數股票型基金(ETF),0.0,0.0,0.0,0.0,0.0,0.0,0.0,0.0,0.0,0.0,0.0,0.0,0.0,32.16,0.0,0.0,0.0,4.71,72,13.99,129
00859B,群益0-1年美債,上櫃指數股票型基金(ETF),0.0,0.0,0.0,0.0,0.0,0.0,0.0,0.0,0.0,0.0,0.0,0.0,0.0,41.16,0.0,0.0,0.0,2.27,179,8.65,148
00720B,元大投資級公司債,上櫃指數股票型基金(ETF),0.0,0.0,0.0,0.0,0.0,0.0,0.0,0.0,0.0,0.0,0.0,0.0,0.0,33.79,0.0,0.0,0.0,4.98,72,10.45,107
020015,統一MSCI美低波N,ETN,0.0,0.0,0.0,0.0,0.0,0.0,0.0,0.0,0.0,0.0,0.0,0.0,0.0,0.0,0.0,0.0,0.0,0.0,0,0.0,0
020016,統一MSCI美科技N,ETN,0.0,0.0,0.0,0.0,0.0,0.0,0.0,0.0,0.0,0.0,0.0,0.0,0.0,0.0,0.0,0.0,0.0,0.0,0,0.0,0
3202,樺晟,電子零組件業,-0.8,2863876000.0,0.0,0.0,0.0,0.0,0.0,0.0,0.0,0.0,0.0,0.0,0.0,3.96,0.0,0.0,0.0,0.0,0,0.0,0
2437,旺詮,電子工業,0.0,0.0,0.0,0.0,0.0,0.0,0.0,0.0,0.0,0.0,0.0,0.0,0.0,0.0,0.0,0.0,0.0,0.0,0,0.0,0
4950,金耘國際,其他,-0.06,936308000.0,0.0,0.0,1247126313.7923195,0.0,38.03,4.07,36.74,40.81,0.0,0.0,0.0,16.35,0.0,0.0,0.0,118.58,64,181.89,127
6208,日揚,電子零組件業,2.52,3781837000.0,1500728968.2539682,1.15,3627169483.4740105,2.42,16.89,22.86,12.3,35.16,29.77,85.09,40.87,94.4,0.43,0.32,0.9,19.44,85,28.29,39
3521,鴻翊,電腦及週邊設備業,-0.09,241478000.0,0.0,0.0,204239422.79396984,0.0,5.41,0.64,5.09,5.73,0.0,0.0,0.0,13.0,0.0,0.0,0.0,7.0,151,40.79,158
5443,均豪,光電業,2.59,4662722000.0,1800278764.4787645,1.26,4850959252.318354,2.69,49.96,61.12,30.6,91.72,82.31,246.73,134.39,118.5,1.13,0.69,2.08,51.96,91,37.44,77
5314,世紀*,半導體業,5.56,2765245000.0,497346223.0215828,5.45,7441582239.533411,14.96,38.97,100.43,10.74,111.17,160.67,1663.1,582.92,67.6,8.62,2.38,24.6,295.17,178,190.91,81
5348,正能量智能,通信網路業,-1.49,274780000.0,0.0,0.0,331230311.78439313,0.0,1344.38,190.0,1285.0,1475.0,0.0,0.0,0.0,15.8,0.0,0.0,0.0,108.14,99,1.53,1
8383,千附,其他電子類,3.42,3254284000.0,951545029.2397661,2.25,4293660057.4705977,4.51,14.99,12.31,10.87,23.18,49.02,104.54,67.61,65.0,1.04,0.75,1.61,0.0,0,1.14,52
6829,千附精密,電機機械,3.95,1822694000.0,461441518.98734176,2.47,2369357615.218942,5.13,29.06,51.19,17.92,69.11,91.93,354.53,149.06,224.0,0.67,0.41,1.58,21.65,100,20.43,58
6187,萬潤,其他電子類,15.46,5648264000.0,365346959.8965071,8.29,6140969150.538066,16.81,41.66,88.37,13.8,102.17,231.98,1717.48,700.31,1035.0,0.68,0.22,1.66,64.3,91,4.82,14
6240,松崗,其他,-1.15,53259000.0,0.0,0.0,52237027.93485636,0.0,38.16,72.27,12.73,85.0,0.0,0.0,0.0,18.4,0.0,0.0,0.0,19.34,11,0.0,0
00925,新光標普電動車,ETF,0.0,0.0,0.0,0.0,0.0,0.0,0.0,0.0,0.0,0.0,0.0,0.0,0.0,16.1,0.0,0.0,0.0,15.22,172,0.0,0
6287,元隆,半導體業,-2.31,540288000.0,0.0,0.0,0.0,0.0,0.0,0.0,0.0,0.0,0.0,0.0,0.0,8.89,0.0,0.0,0.0,37.55,24,0.0,0
6589,台康生技,生技醫療業,-2.52,985778000.0,0.0,0.0,1331164309.0015142,0.0,0.0,0.0,0.0,0.0,0.0,0.0,0.0,51.4,0.0,0.0,0.0,0.96,9,33.17,130
020018,統一價值成長30N,ETN,0.0,0.0,0.0,0.0,0.0,0.0,0.0,0.0,0.0,0.0,0.0,0.0,0.0,24.94,0.0,0.0,0.0,3.81,140,0.0,0
020019,統一特選台灣5GN,ETN,0.0,0.0,0.0,0.0,0.0,0.0,0.0,0.0,0.0,0.0,0.0,0.0,0.0,21.59,0.0,0.0,0.0,2.17,3,0.0,0
4945,陞達科技,半導體業,0.87,477318000.0,548641379.3103448,0.0,0.0,0.0,27.21,17.48,17.06,34.54,0.0,0.0,0.0,76.1,0.0,0.0,0.0,0.0,0,5.41,22
8497,格威傳媒,其他,0.0,0.0,0.0,0.0,0.0,0.0,0.0,0.0,0.0,0.0,0.0,0.0,0.0,47.85,0.0,0.0,0.0,0.0,0,0.0,0
2888A,新光金甲特,金融保險,0.0,0.0,0.0,0.0,0.0,0.0,0.0,0.0,0.0,0.0,0.0,0.0,0.0,36.5,0.0,0.0,0.0,25.08,46,0.0,0
2888B,新光金乙特,金融保險,0.0,0.0,0.0,0.0,0.0,0.0,0.0,0.0,0.0,0.0,0.0,0.0,0.0,36.8,0.0,0.0,0.0,24.76,46,0.0,0
2897A,王道銀甲特,金融保險,0.0,0.0,0.0,0.0,0.0,0.0,0.0,0.0,0.0,0.0,0.0,0.0,0.0,10.3,0.0,0.0,0.0,1.4,4,0.0,0
6747,亨泰光,生技醫療業,1.91,713250000.0,373429319.37172776,0.0,0.0,0.0,38.29,69.74,17.93,87.67,0.0,0.0,0.0,199.0,0.0,0.0,0.0,0.0,0,3.11,122
02001S,策元大加權策略N,ETN,0.0,0.0,0.0,0.0,0.0,0.0,0.0,0.0,0.0,0.0,0.0,0.0,0.0,0.0,0.0,0.0,0.0,2.23,123,0.0,0
020023,元大櫃買半導體N,指數投資證券(ETN),0.0,0.0,0.0,0.0,0.0,0.0,0.0,0.0,0.0,0.0,0.0,0.0,0.0,7.2,0.0,0.0,0.0,3.52,3,0.0,0
6288,聯嘉,汽車工業,0.11,3643623000.0,33123845454.545456,0.0,0.0,0.0,72.69,74.02,40.61,114.63,0.0,0.0,0.0,24.25,0.0,0.0,0.0,5.82,137,23.56,18
1613,台一,電器電纜,2.13,0.0,0.0,0.0,0.0,0.0,0.0,0.0,0.0,0.0,0.0,0.0,0.0,0.0,0.0,0.0,0.0,0.0,0,0.0,0
02001B,統一美國政府債N,指數投資證券(ETN),0.0,0.0,0.0,0.0,0.0,0.0,0.0,0.0,0.0,0.0,0.0,0.0,0.0,8.75,0.0,0.0,0.0,5.87,72,3.88,144
3315,宣昶,電子工業,0.0,0.0,0.0,0.0,0.0,0.0,0.0,0.0,0.0,0.0,0.0,0.0,0.0,26.85,0.0,0.0,0.0,0.0,0,0.0,0
3559,全智科,電子工業,0.0,0.0,0.0,0.0,0.0,0.0,0.0,0.0,0.0,0.0,0.0,0.0,0.0,0.0,0.0,0.0,0.0,0.0,0,0.0,0
1729,必翔,生技醫療業,0.0,0.0,0.0,0.0,0.0,0.0,0.0,0.0,0.0,0.0,0.0,0.0,0.0,0.0,0.0,0.0,0.0,0.0,0,0.0,0
1715,萬洲,塑膠工業,0.0,0.0,0.0,0.0,0.0,0.0,0.0,0.0,0.0,0.0,0.0,0.0,0.0,10.5,0.0,0.0,0.0,0.0,0,0.0,0
5264,鎧勝-KY,電子工業,0.0,0.0,0.0,0.0,0.0,0.0,14.07,0.0,14.07,14.07,0.0,0.0,0.0,101.0,0.0,0.0,0.0,0.0,0,0.0,0
5259,奕智博,電子工業,0.0,0.0,0.0,0.0,0.0,0.0,0.0,0.0,0.0,0.0,0.0,0.0,0.0,11.3,0.0,0.0,0.0,176.96,2,176.96,2
3514,昱晶,電子工業,0.0,0.0,0.0,0.0,0.0,0.0,0.0,0.0,0.0,0.0,0.0,0.0,0.0,16.5,0.0,0.0,0.0,0.0,0,0.0,0
5305,敦南,電子工業,0.0,0.0,0.0,0.0,0.0,0.0,21.42,0.0,21.42,21.42,0.0,0.0,0.0,42.2,0.0,0.0,0.0,17.22,2,17.22,2
3579,尚志,電子工業,0.0,0.0,0.0,0.0,0.0,0.0,0.0,0.0,0.0,0.0,0.0,0.0,0.0,15.95,0.0,0.0,0.0,5.28,2,5.28,2
2499,東貝,電子工業,0.0,0.0,0.0,0.0,0.0,0.0,0.0,0.0,0.0,0.0,0.0,0.0,0.0,11.7,0.0,0.0,0.0,0.0,0,0.0,0
3519,綠能,電子工業,0.0,0.0,0.0,0.0,0.0,0.0,0.0,0.0,0.0,0.0,0.0,0.0,0.0,17.8,0.0,0.0,0.0,0.0,0,0.0,0
2311,日月光,電子工業,0.0,0.0,0.0,0.0,0.0,0.0,13.01,0.0,13.01,13.01,0.0,0.0,0.0,38.0,0.0,0.0,0.0,3.4,2,3.4,2
2475,華映,電子工業,0.0,0.0,0.0,0.0,0.0,0.0,4.29,0.0,4.29,4.29,0.0,0.0,0.0,2.49,0.0,0.0,0.0,11.16,2,11.16,2
3698,隆達,電子工業,0.0,0.0,0.0,0.0,0.0,0.0,0.0,0.0,0.0,0.0,0.0,0.0,0.0,27.65,0.0,0.0,0.0,48.66,2,48.66,2
6422,君耀-KY,電子工業,0.0,0.0,0.0,0.0,0.0,0.0,12.18,0.0,12.18,12.18,0.0,0.0,0.0,65.9,0.0,0.0,0.0,14.56,8,14.56,8
3561,昇陽光電,電子工業,0.0,0.0,0.0,0.0,0.0,0.0,0.0,0.0,0.0,0.0,0.0,0.0,0.0,13.5,0.0,0.0,0.0,0.0,0,0.0,0
2456,奇力新,電子工業,0.0,0.0,0.0,0.0,0.0,0.0,18.73,0.0,18.73,18.73,0.0,0.0,0.0,93.1,0.0,0.0,0.0,28.79,8,28.79,8
6131,鈞泰,電子工業,0.0,0.0,0.0,0.0,0.0,0.0,14.0,0.0,14.0,14.0,0.0,0.0,0.0,18.9,0.0,0.0,0.0,10.2,2,10.2,2
2448,晶電,電子工業,0.0,0.0,0.0,0.0,0.0,0.0,47.14,0.0,47.14,47.14,0.0,0.0,0.0,48.55,0.0,0.0,0.0,20.62,2,20.62,2
6145,勁永,電子工業,0.0,0.0,0.0,0.0,0.0,0.0,0.0,0.0,0.0,0.0,0.0,0.0,0.0,12.25,0.0,0.0,0.0,0.0,0,0.0,0
2325,矽品,電子工業,0.0,0.0,0.0,0.0,0.0,0.0,18.9,0.0,18.9,18.9,0.0,0.0,0.0,49.9,0.0,0.0,0.0,4.72,2,4.72,2
4984,科納-KY,電子工業,0.0,0.0,0.0,0.0,0.0,0.0,31.43,0.0,31.43,31.43,0.0,0.0,0.0,39.6,0.0,0.0,0.0,54.57,8,54.57,8
6172,互億,電子工業,0.0,0.0,0.0,0.0,0.0,0.0,51.75,0.0,51.75,51.75,0.0,0.0,0.0,10.35,0.0,0.0,0.0,14.03,8,14.03,8
4987,科誠,電腦及週邊設備業,6.37,1340690000.0,210469387.75510204,2.76,1459800888.429752,6.94,12.63,6.45,9.63,16.08,66.83,111.6,87.64,81.6,1.07,0.82,1.37,47.39,136,7.62,14
02001R,富邦蘋果反一N,ETN,0.0,0.0,0.0,0.0,0.0,0.0,0.0,0.0,0.0,0.0,0.0,0.0,0.0,0.43,0.0,0.0,0.0,20.59,28,0.0,0
2601,益航,貿易百貨,-1.63,4304913000.0,0.0,0.0,2178937432.5463934,0.0,34.68,0.0,34.68,34.68,0.0,0.0,0.0,6.6,0.0,0.0,0.0,13.65,92,6.61,42
1469,理隆,紡織纖維,0.0,0.0,0.0,0.0,0.0,0.0,0.0,0.0,0.0,0.0,0.0,0.0,0.0,0.0,0.0,0.0,0.0,0.0,0,0.0,0
8932,智通*,其他,1.99,2249716000.0,1130510552.7638192,1.09,2603179539.038033,2.3,62.61,55.16,38.8,93.96,89.24,216.11,144.0,116.0,1.24,0.77,1.86,8.87,43,85.77,60
2230,泰茂,電機機械,-1.02,2030437000.0,0.0,0.0,2946487251.582573,0.0,49.12,151.69,14.98,166.67,0.0,0.0,0.0,25.4,0.0,0.0,0.0,6.1,88,5.91,71
6163,華電網,通信網路業,0.75,5679673000.0,7572897333.333333,0.52,7734576580.227716,1.02,183.77,2712.55,12.45,2725.0,12.7,2779.5,187.44,48.7,3.85,0.26,57.07,18.78,78,181.13,172
6236,中湛,其他,0.08,37705000.0,471312500.0,0.03,26895231.334258966,0.06,1280.48,2932.22,217.78,3150.0,13.07,189.0,76.83,0.0,0.0,0.0,0.0,7.03,4,0.0,0
1595,川寶,電子零組件業,-1.95,725630000.0,0.0,0.0,702010306.6961961,0.0,158.94,298.75,30.0,328.75,0.0,0.0,0.0,76.6,0.0,0.0,0.0,86.75,105,47.94,176
4924,欣厚-KY,電腦及週邊設備業,0.38,758252000.0,1995400000.0,0.23,904820690.2857382,0.45,102.86,384.49,14.51,399.0,6.53,179.55,46.29,13.8,3.35,0.47,13.01,7.85,4,3.3,37
4905,台聯電,通信網路業,2.76,720894000.0,261193478.2608696,1.68,890815373.214975,3.41,27.86,27.04,16.05,43.09,54.73,146.94,95.01,68.0,1.4,0.8,2.16,1.43,8,12.85,126
3131,弘塑,其他電子類,45.48,5997783000.0,131877374.6701847,28.05,7884497263.627922,59.79,53.82,59.35,25.97,85.32,1552.75,5101.28,3217.69,3425.0,0.94,0.45,1.49,44.37,52,13.35,184
3067,全域,其他電子類,-0.83,56255000.0,0.0,0.0,77462507.62081784,0.0,59.37,44.33,31.76,76.09,0.0,0.0,0.0,18.95,0.0,0.0,0.0,8.68,11,0.45,3
5381,光譜,電子零組件業,0.72,2135776000.0,2966355555.555556,0.34,1958400173.1093905,0.66,48.13,103.98,17.85,121.83,11.78,80.41,31.77,29.55,1.08,0.4,2.72,9.6,4,60.32,36
6125,廣運,光電業,0.1,3263584000.0,32635840000.0,0.06,4662654160.333054,0.14,264.12,579.36,27.64,607.0,3.87,84.98,36.98,60.1,0.62,0.06,1.41,4.19,10,43.16,42
7718,友鋮,鋼鐵工業,3.77,2206219000.0,585203978.7798408,2.17,2758182605.486247,4.71,12.13,8.33,7.76,16.09,36.55,75.78,57.12,46.55,1.23,0.79,1.63,16.8,79,7.39,49
00742,新光內需收益,ETF,0.0,0.0,0.0,0.0,0.0,0.0,0.0,0.0,0.0,0.0,0.0,0.0,0.0,0.0,0.0,0.0,0.0,0.0,0,0.0,0
00732,國泰RMB短期報酬,ETF,0.0,0.0,0.0,0.0,0.0,0.0,0.0,0.0,0.0,0.0,0.0,0.0,0.0,40.03,0.0,0.0,0.0,0.0,0,0.0,0
00743,國泰中國A150,ETF,0.0,0.0,0.0,0.0,0.0,0.0,0.0,0.0,0.0,0.0,0.0,0.0,0.0,0.0,0.0,0.0,0.0,0.0,0,0.0,0
00767,FH美國金融股,ETF,0.0,0.0,0.0,0.0,0.0,0.0,0.0,0.0,0.0,0.0,0.0,0.0,0.0,0.0,0.0,0.0,0.0,0.0,0,0.0,0
1902,台紙,造紙工業,0.0,0.0,0.0,0.0,0.0,0.0,0.0,0.0,0.0,0.0,0.0,0.0,0.0,17.65,0.0,0.0,0.0,0.0,0,0.0,0
00766L,台新MSCI中國正2,ETF,0.0,0.0,0.0,0.0,0.0,0.0,0.0,0.0,0.0,0.0,0.0,0.0,0.0,0.0,0.0,0.0,0.0,0.0,0,0.0,0
3426,台興,電機機械,2.38,652942000.0,274345378.1512605,1.1,499271567.2463431,1.82,15.32,14.24,10.79,25.03,19.64,45.55,27.88,47.8,0.58,0.41,0.95,31.34,56,0.0,0
00776,新光ICE美國權值,ETF,0.0,0.0,0.0,0.0,0.0,0.0,0.0,0.0,0.0,0.0,0.0,0.0,0.0,0.0,0.0,0.0,0.0,0.0,0,0.0,0
00774C,新光中政金綠債+R,ETF,0.0,0.0,0.0,0.0,0.0,0.0,0.0,0.0,0.0,0.0,0.0,0.0,0.0,0.0,0.0,0.0,0.0,0.0,0,0.0,0
00774B,新光中國政金綠債,ETF,0.0,0.0,0.0,0.0,0.0,0.0,0.0,0.0,0.0,0.0,0.0,0.0,0.0,0.0,0.0,0.0,0.0,0.0,0,0.0,0
3682,亞太電,通信網路業,0.0,0.0,0.0,0.0,0.0,0.0,0.0,0.0,0.0,0.0,0.0,0.0,0.0,9.54,0.0,0.0,0.0,0.0,0,0.0,0
6251,定穎,電子零組件業,0.0,0.0,0.0,0.0,0.0,0.0,29.98,20.58,10.87,31.45,0.0,0.0,0.0,11.95,0.0,0.0,0.0,0.0,0,0.0,0
1591,駿吉-KY,電機機械,-2.74,134840000.0,0.0,0.0,473849151.0591905,0.0,0.0,0.0,0.0,0.0,0.0,0.0,0.0,31.15,0.0,0.0,0.0,0.75,1,11.37,86
3454,晶睿,光電業,-0.11,7641632000.0,0.0,0.0,6348482611.739699,0.0,44.58,63.18,17.63,80.81,0.0,0.0,0.0,97.3,0.0,0.0,0.0,10.58,9,1.89,17
6289,華上,光電業,0.0,0.0,0.0,0.0,0.0,0.0,0.0,0.0,0.0,0.0,0.0,0.0,0.0,2.13,0.0,0.0,0.0,0.0,0,0.0,0
3383,新世紀,光電業,0.0,0.0,0.0,0.0,0.0,0.0,0.0,0.0,0.0,0.0,0.0,0.0,0.0,3.52,0.0,0.0,0.0,24.38,2,24.38,2
6452,康友-KY,化學生技醫療,0.0,0.0,0.0,0.0,0.0,0.0,26.86,0.0,26.86,26.86,0.0,0.0,0.0,394.0,0.0,0.0,0.0,0.0,0,0.0,0
1701,中化,化學生技醫療,0.0,0.0,0.0,0.0,0.0,0.0,19.21,6.55,14.13,20.68,0.0,0.0,0.0,18.75,0.0,0.0,0.0,0.0,0,13.81,8
4144,康聯-KY,化學生技醫療,0.0,0.0,0.0,0.0,0.0,0.0,10.1,0.0,10.1,10.1,0.0,0.0,0.0,34.05,0.0,0.0,0.0,11.97,8,11.97,8
1704,榮化,化學生技醫療,0.0,0.0,0.0,0.0,0.0,0.0,10.17,0.0,10.17,10.17,0.0,0.0,0.0,47.0,0.0,0.0,0.0,11.9,2,11.9,2
4725,信昌化,化學生技醫療,0.0,0.0,0.0,0.0,0.0,0.0,0.0,0.0,0.0,0.0,0.0,0.0,0.0,29.15,0.0,0.0,0.0,56.3,8,56.3,8
1724,台硝,化學生技醫療,0.0,0.0,0.0,0.0,0.0,0.0,21.21,0.0,21.21,21.21,0.0,0.0,0.0,14.0,0.0,0.0,0.0,0.0,0,0.0,0
4141,龍燈-KY,化學生技醫療,0.0,0.0,0.0,0.0,0.0,0.0,0.0,0.0,0.0,0.0,0.0,0.0,0.0,28.0,0.0,0.0,0.0,1.08,2,1.08,2
1592,英瑞-KY,汽車工業,0.0,0.0,0.0,0.0,0.0,0.0,11.25,0.0,11.25,11.25,0.0,0.0,0.0,33.2,0.0,0.0,0.0,0.0,0,0.0,0
2936,客思達-KY,貿易百貨,0.0,0.0,0.0,0.0,0.0,0.0,9.73,1.18,8.63,9.81,0.0,0.0,0.0,30.5,0.0,0.0,0.0,0.0,0,0.0,0
0059,富邦金融,ETF,0.0,0.0,0.0,0.0,0.0,0.0,0.0,0.0,0.0,0.0,0.0,0.0,0.0,40.47,0.0,0.0,0.0,12.12,8,12.12,8
00672L,元大S&P原油正2,ETF,0.0,0.0,0.0,0.0,0.0,0.0,0.0,0.0,0.0,0.0,0.0,0.0,0.0,18.19,0.0,0.0,0.0,93.14,8,93.14,8
0058,富邦發達,ETF,0.0,0.0,0.0,0.0,0.0,0.0,0.0,0.0,0.0,0.0,0.0,0.0,0.0,0.0,0.0,0.0,0.0,0.0,0,0.0,0
00698L,元大美債7-10正2,ETF,0.0,0.0,0.0,0.0,0.0,0.0,0.0,0.0,0.0,0.0,0.0,0.0,0.0,0.0,0.0,0.0,0.0,0.0,0,0.0,0
00677U,期富邦VIX,ETF,0.0,0.0,0.0,0.0,0.0,0.0,0.0,0.0,0.0,0.0,0.0,0.0,0.0,5.34,0.0,0.0,0.0,0.0,0,0.0,0
00705R,台新MSCI台灣反1,ETF,0.0,0.0,0.0,0.0,0.0,0.0,0.0,0.0,0.0,0.0,0.0,0.0,0.0,19.53,0.0,0.0,0.0,0.77,2,0.77,2
00699R,元大美債7-10反1,ETF,0.0,0.0,0.0,0.0,0.0,0.0,0.0,0.0,0.0,0.0,0.0,0.0,0.0,0.0,0.0,0.0,0.0,0.0,0,0.0,0
00649,FH香港,ETF,0.0,0.0,0.0,0.0,0.0,0.0,0.0,0.0,0.0,0.0,0.0,0.0,0.0,20.83,0.0,0.0,0.0,10.08,8,10.08,8
0054,元大台商50,ETF,0.0,0.0,0.0,0.0,0.0,0.0,0.0,0.0,0.0,0.0,0.0,0.0,0.0,23.5,0.0,0.0,0.0,0.0,0,0.0,0
00716R,華頓S&P布蘭特反1,ETF,0.0,0.0,0.0,0.0,0.0,0.0,0.0,0.0,0.0,0.0,0.0,0.0,0.0,19.42,0.0,0.0,0.0,0.0,0,0.0,0
00667,元大韓國,ETF,0.0,0.0,0.0,0.0,0.0,0.0,0.0,0.0,0.0,0.0,0.0,0.0,0.0,24.0,0.0,0.0,0.0,6.4,8,6.4,8
008201,BP上證50,ETF,0.0,0.0,0.0,0.0,0.0,0.0,0.0,0.0,0.0,0.0,0.0,0.0,0.0,100.0,0.0,0.0,0.0,5.92,8,5.92,8
00659R,國泰日本反1,ETF,0.0,0.0,0.0,0.0,0.0,0.0,0.0,0.0,0.0,0.0,0.0,0.0,0.0,12.81,0.0,0.0,0.0,0.0,0,0.0,0
00658L,國泰日本正2,ETF,0.0,0.0,0.0,0.0,0.0,0.0,0.0,0.0,0.0,0.0,0.0,0.0,0.0,37.96,0.0,0.0,0.0,29.78,2,29.78,2
00704L,台新MSCI台灣正2,ETF,0.0,0.0,0.0,0.0,0.0,0.0,0.0,0.0,0.0,0.0,0.0,0.0,0.0,19.88,0.0,0.0,0.0,3.95,8,3.95,8
00691R,兆豐藍籌30反1,ETF,0.0,0.0,0.0,0.0,0.0,0.0,0.0,0.0,0.0,0.0,0.0,0.0,0.0,17.95,0.0,0.0,0.0,0.0,0,0.0,0
3536,誠創,半導體業,0.0,0.0,0.0,0.0,0.0,0.0,34.6,0.0,34.6,34.6,0.0,0.0,0.0,21.45,0.0,0.0,0.0,4.13,2,4.13,2
00685L,群益臺灣加權正2,ETF,0.0,0.0,0.0,0.0,0.0,0.0,0.0,0.0,0.0,0.0,0.0,0.0,0.0,306.0,0.0,0.0,0.0,3.72,3,86.17,183
8427,基勝-KY,其他,0.0,0.0,0.0,0.0,0.0,0.0,33.48,0.0,33.48,33.48,0.0,0.0,0.0,44.2,0.0,0.0,0.0,0.0,0,0.0,0
8480,泰昇-KY,其他,0.0,0.0,0.0,0.0,0.0,0.0,17.09,5.88,11.63,17.51,0.0,0.0,0.0,128.0,0.0,0.0,0.0,13.55,8,13.55,8
2443,昶虹,其他,-0.42,0.0,0.0,0.0,0.0,0.0,0.0,0.0,0.0,0.0,0.0,0.0,0.0,6.37,0.0,0.0,0.0,0.0,0,0.0,0
1262,綠悅-KY,其他,0.0,0.0,0.0,0.0,0.0,0.0,7.85,0.0,7.85,7.85,0.0,0.0,0.0,62.2,0.0,0.0,0.0,0.0,0,0.0,0
2358,廷鑫,其他,0.0,0.0,0.0,0.0,0.0,0.0,13.48,0.0,13.48,13.48,0.0,0.0,0.0,24.9,0.0,0.0,0.0,17.73,2,17.73,2
2841,台開,建材營造,0.0,0.0,0.0,0.0,0.0,0.0,24.24,0.0,24.24,24.24,0.0,0.0,0.0,9.94,0.0,0.0,0.0,0.0,0,0.0,0
2823,中壽,金融保險,3.03,0.0,0.0,0.0,0.0,0.0,14.0,0.0,14.0,14.0,0.0,0.0,0.0,29.55,0.0,0.0,0.0,8.67,8,8.67,8
2888,新光金,金融保險,-0.71,-51181701000.0,0.0,0.0,0.0,0.0,20.45,38.97,7.76,46.73,0.0,0.0,0.0,10.6,0.0,0.0,0.0,32.35,65,5.36,4
3036A,文曄甲特,電子通路業,0.0,0.0,0.0,0.0,0.0,0.0,0.0,0.0,0.0,0.0,0.0,0.0,0.0,52.0,0.0,0.0,0.0,5.71,183,2.39,143
2809,京城銀,金融保險,3.41,6882140000.0,2018222873.900293,0.0,0.0,0.0,11.86,11.27,7.8,19.07,0.0,0.0,0.0,37.35,0.0,0.0,0.0,0.8,2,9.51,65
2856,元富證,金融保險,1.33,0.0,0.0,0.0,0.0,0.0,45.11,0.0,45.11,45.11,0.0,0.0,0.0,8.57,0.0,0.0,0.0,24.72,8,24.72,8
1589,永冠-KY,電機機械,-5.06,8035754000.0,0.0,0.0,8378097842.797824,0.0,14.37,0.0,14.37,14.37,0.0,0.0,0.0,67.4,0.0,0.0,0.0,1.78,4,4.39,7
1507,永大,電機機械,0.0,0.0,0.0,0.0,0.0,0.0,16.25,0.0,16.25,16.25,0.0,0.0,0.0,48.9,0.0,0.0,0.0,0.0,0,0.0,0
6214,精誠,電子工業,7.9,43098943000.0,5455562405.063291,4.62,54673539312.495766,10.02,18.01,11.33,12.79,24.12,128.16,241.68,180.47,136.5,1.32,0.94,1.77,34.98,154,27.23,94
6217,中探針,電子零組件業,-1.68,3644431000.0,0.0,0.0,4845404298.694129,0.0,0.0,0.0,0.0,0.0,0.0,0.0,0.0,256.0,0.0,0.0,0.0,0.0,0,114.87,105
6216,居易,電子工業,0.61,760941000.0,1247444262.295082,0.24,541179851.067071,0.43,55.58,390.79,10.04,400.83,4.32,172.36,23.9,23.25,1.03,0.19,7.41,6.2,114,2.69,29
6212,理銘,建材營造,3.95,3083792000.0,780706835.443038,0.72,665093956.053569,0.85,8.1,10.62,4.19,14.81,3.56,12.59,6.88,28.75,0.24,0.12,0.44,47.29,38,0.11,4
6213,聯茂,電子工業,4.16,32363618000.0,7779715865.384615,3.06,40843834292.66729,5.25,36.49,85.03,11.79,96.82,61.9,508.3,191.57,396.0,0.48,0.16,1.28,0.0,0,63.48,53
6215,和椿,電子工業,2.09,2411631000.0,1153890430.6220098,1.46,3768330502.0845594,3.27,55.21,80.19,9.24,89.43,30.21,292.44,180.55,115.5,1.56,0.26,2.53,67.18,183,66.14,37
8432,東生華,生技醫療業,3.62,1340047000.0,370178729.28176796,1.95,1471207063.6274083,3.97,18.68,15.86,12.83,28.69,50.94,113.9,74.17,50.9,1.46,1.0,2.24,4.88,21,22.63,162
6218,豪勉,通信網路業,-1.14,1375342000.0,0.0,0.0,1368721306.3672347,0.0,0.0,0.0,0.0,0.0,0.0,0.0,0.0,36.55,0.0,0.0,0.0,11.31,2,39.1,176
6224,聚鼎,電子工業,0.66,2917892000.0,4421048484.848485,0.32,2731797558.5077653,0.62,37.91,115.99,15.8,131.79,9.8,81.71,23.51,81.0,0.29,0.12,1.01,48.16,98,12.74,108
8429,金麗-KY,貿易百貨,0.12,150489000.0,1254075000.0,0.05,132761760.15742713,0.11,199.69,648.5,54.0,702.5,5.94,77.28,21.97,6.47,3.4,0.92,11.94,31.92,149,6.49,88
6239,力成,半導體業,7.48,73223133000.0,9789188903.743315,4.51,98213940650.46562,10.03,19.31,37.43,7.69,45.12,77.13,452.55,193.67,344.5,0.56,0.22,1.31,1.52,7,54.51,184
6237,驊訊,半導體業,-1.53,494260000.0,0.0,0.0,705281052.5776318,0.0,0.0,0.0,0.0,0.0,0.0,0.0,0.0,45.35,0.0,0.0,0.0,3.27,106,33.95,57
6235,華孚,電腦及週邊設備業,2.9,6423856000.0,2215122758.62069,1.72,6908562139.286427,3.12,19.49,16.53,12.49,29.02,38.97,90.54,60.82,46.95,1.3,0.83,1.93,2.74,2,53.97,93
6234,高僑,光電業,0.04,469080000.0,11727000000.0,0.02,604520073.2957312,0.05,159.16,1225.06,14.94,1240.0,0.75,62.0,7.96,50.3,0.16,0.01,1.23,0.0,0,40.59,28
6233,旺玖,半導體業,-0.16,392833000.0,0.0,0.0,368150575.9972761,0.0,138.42,476.63,46.94,523.57,0.0,0.0,0.0,25.5,0.0,0.0,0.0,0.0,0,26.24,177
6231,系微,資訊服務業,6.66,1682292000.0,252596396.3963964,3.55,1824396437.7199004,7.22,45.74,60.67,27.23,87.9,196.6,634.64,330.22,281.0,1.18,0.7,2.26,37.57,106,17.89,73
6230,尼得科超眾,電腦及週邊設備業,-2.44,8921839000.0,0.0,0.0,10142208667.452183,0.0,236.28,878.84,32.92,911.76,0.0,0.0,0.0,126.5,0.0,0.0,0.0,3.0,1,28.17,77
6229,研通,半導體業,0.05,2118373000.0,42367460000.0,0.03,3117628697.331731,0.07,302.41,1229.34,30.66,1260.0,2.15,88.2,21.17,27.65,0.77,0.08,3.19,1.15,2,6.0,73
6228,全譜,電腦及週邊設備業,-0.47,49315000.0,0.0,0.0,48623331.35790763,0.0,0.0,0.0,0.0,0.0,0.0,0.0,0.0,20.3,0.0,0.0,0.0,89.03,24,2.63,3
6227,茂綸,電子通路業,7.54,17398028000.0,2307430769.230769,4.81,21861163496.79232,9.47,14.3,10.11,10.81,20.92,102.37,198.11,135.46,124.0,1.09,0.83,1.6,17.56,170,14.36,32
6226,光鼎,電子工業,-0.28,635376000.0,0.0,0.0,591932032.8426081,0.0,251.0,0.0,251.0,251.0,0.0,0.0,0.0,23.1,0.0,0.0,0.0,0.0,0,18.01,162
6225,天瀚,電子工業,-0.06,52315000.0,0.0,0.0,42836391.03270856,0.0,45.82,14.46,39.87,54.33,0.0,0.0,0.0,23.5,0.0,0.0,0.0,9.66,38,60.34,113
8424,惠普,建材營造,5.8,1077627000.0,185797758.62068966,2.97,1072081309.9255458,5.77,14.6,5.09,11.69,16.78,67.45,96.82,84.22,69.0,1.22,0.98,1.4,2.45,24,2.74,172
6210,慶生,電子零組件業,-3.1,306659000.0,0.0,0.0,446079483.03156996,0.0,0.0,0.0,0.0,0.0,0.0,0.0,0.0,19.5,0.0,0.0,0.0,12.68,49,22.06,106
6223,旺矽,半導體業,33.49,13033582000.0,389178321.88713044,22.41,18746926859.62096,48.17,64.35,176.24,20.25,196.49,975.44,9464.92,3099.53,6855.0,0.45,0.14,1.38,80.87,184,134.48,156
6222,立軒,光電業,-0.4,2936000.0,0.0,0.0,1920596.5965965965,0.0,0.0,0.0,0.0,0.0,0.0,0.0,0.0,21.0,0.0,0.0,0.0,2.03,18,2.15,43
8426,紅木-KY,其他,1.85,2774857000.0,1499922702.7027025,0.82,2729625886.6462383,1.82,9.25,7.99,6.33,14.32,11.52,26.06,16.83,20.7,0.81,0.56,1.26,0.0,0,6.76,4
6221,晉泰,資訊服務業,2.77,5504900000.0,1987328519.8555956,1.01,3651857722.332929,1.84,15.64,21.04,7.49,28.53,13.78,52.5,28.77,22.85,1.26,0.6,2.3,0.81,10,12.95,102
6220,岳豐,電子零組件業,0.81,8272013000.0,10212361728.395061,0.45,8902437121.891716,0.87,27.63,47.53,10.55,58.08,9.18,50.53,24.04,33.95,0.71,0.27,1.49,20.67,140,44.5,161
6219,富旺,建材營造,-0.8,2723162000.0,0.0,0.0,4009715250.3764677,0.0,16.9,26.36,4.65,31.01,0.0,0.0,0.0,13.05,0.0,0.0,0.0,34.71,24,2.53,4
8431,匯鑽科,其他電子類,-3.9,1070130000.0,0.0,0.0,980014365.1364478,0.0,96.03,132.76,30.65,163.41,0.0,0.0,0.0,53.3,0.0,0.0,0.0,12.93,72,93.56,184
6209,今國光,電子工業,0.93,3477742000.0,3739507526.88172,0.64,5522698186.466954,1.48,138.96,253.12,38.73,291.85,57.32,431.94,205.67,81.1,2.54,0.71,5.33,0.0,0,180.0,176
6196,帆宣,電子工業,15.43,51843750000.0,3359931950.7453012,12.07,68304420582.89841,20.33,20.01,25.43,12.02,37.45,244.37,761.36,406.75,570.0,0.71,0.43,1.34,0.0,0,64.15,184
6168,宏齊,電子工業,0.05,2056765000.0,41135300000.0,0.03,2209752260.816846,0.05,539.98,1877.86,12.14,1890.0,0.61,94.5,27.0,29.9,0.9,0.02,3.16,1.63,106,56.87,57
8466,美吉吉-KY,其他,-0.97,3227731000.0,0.0,0.0,2430865243.0793347,0.0,48.03,168.24,11.48,179.72,0.0,0.0,0.0,17.3,0.0,0.0,0.0,7.12,73,0.35,30
6169,昱泉,文化創意業,-2.43,34318000.0,0.0,0.0,4385882.754140954,0.0,0.0,0.0,0.0,0.0,0.0,0.0,0.0,14.75,0.0,0.0,0.0,4.55,8,0.0,0
6170,統振,通信網路業,4.5,3183535000.0,707452222.2222222,2.26,3172913545.7448006,4.48,15.5,19.82,9.73,29.55,43.59,132.38,69.44,52.5,1.32,0.83,2.52,3.84,4,4.88,42
6171,大城地產,建材營造,3.82,1222473000.0,320019109.947644,0.43,186599189.22350955,0.58,7.85,20.83,3.19,24.02,1.85,13.93,4.55,23.9,0.19,0.08,0.58,32.13,24,2.68,4
8463,潤泰材,其他,1.86,7221483000.0,3882517741.9354835,0.92,7195838222.647017,1.85,18.77,20.58,9.91,30.49,18.33,56.41,34.72,21.75,1.6,0.84,2.59,17.35,24,22.0,154
6174,安碁,電子零組件業,0.65,602691000.0,927216923.076923,0.37,726717909.7838702,0.78,43.95,71.13,21.67,92.8,16.9,72.38,34.28,63.0,0.54,0.27,1.15,27.12,150,24.81,105
8455,大拓-KY,其他電子類,0.01,1156029000.0,115602900000.0,0.01,1243376512.6103733,0.01,567.15,1446.11,48.89,1495.0,0.49,14.95,5.67,27.9,0.2,0.02,0.54,31.77,44,33.83,85
6175,立敦,電子零組件業,2.67,4125713000.0,1545210861.423221,1.57,4590403539.588288,2.97,16.97,34.68,8.79,43.47,26.11,129.11,50.4,116.5,0.43,0.22,1.11,9.31,149,61.35,182
6176,瑞儀,光電業,9.41,49402266000.0,5249975132.837407,4.52,46585643951.96646,8.87,12.17,7.92,8.64,16.56,76.64,146.89,107.92,92.0,1.17,0.83,1.6,16.22,112,2.13,79
6177,達麗,建材營造,3.83,3745752000.0,978003133.1592689,12.28,34064448996.192867,34.83,10.87,10.44,5.27,15.71,183.55,547.18,378.62,46.2,8.2,3.97,11.84,22.99,15,10.49,176
6179,亞通,其他,0.05,5085287000.0,101705740000.0,0.03,5418859450.851984,0.05,142.63,492.94,15.06,508.0,0.75,25.4,7.13,28.15,0.25,0.03,0.9,1.29,4,31.49,77
6173,信昌電,電子零組件業,3.25,4034265000.0,1241312307.6923077,1.78,4567833535.191839,3.68,23.05,83.78,10.19,93.97,37.5,345.81,84.82,315.5,0.27,0.12,1.1,9.89,9,93.13,179
6180,橘子,文化創意業,-1.53,8817865000.0,0.0,0.0,8253950577.647343,0.0,16.63,52.31,5.53,57.84,0.0,0.0,0.0,48.4,0.0,0.0,0.0,10.36,147,0.27,2
6167,久正,光電業,-0.03,1173851000.0,0.0,0.0,1337563927.0292368,0.0,171.95,721.44,11.06,732.5,0.0,0.0,0.0,12.65,0.0,0.0,0.0,5.3,107,7.94,29
6166,凌華,電腦及週邊設備業,2.35,12101599000.0,5149616595.74468,1.46,15625136408.942095,3.03,251.72,1223.29,23.38,1246.67,70.84,3777.41,762.72,130.5,5.84,0.54,28.95,1.38,2,15.08,29
6153,嘉聯益,電子零組件業,-4.38,5515837000.0,0.0,0.0,5128470737.634157,0.0,0.0,0.0,0.0,0.0,0.0,0.0,0.0,20.55,0.0,0.0,0.0,0.0,0,25.19,107
6154,順發,電子通路業,0.51,3894760000.0,7636784313.72549,0.26,4111336967.1454864,0.54,32.12,302.52,15.48,318.0,8.36,171.72,17.34,13.95,1.24,0.6,12.31,0.9,3,5.23,66
6155,鈞寶,電子工業,0.74,621894000.0,840397297.2972974,0.42,717695529.3618373,0.85,79.06,301.39,16.61,318.0,14.12,270.3,67.2,82.7,0.81,0.17,3.27,13.6,9,134.36,182
6156,松上,電子零組件業,0.44,4962621000.0,11278684090.90909,0.26,5332836455.173445,0.47,19.78,37.91,9.65,47.56,4.54,22.35,9.3,29.9,0.31,0.15,0.75,52.66,112,13.2,10
6158,禾昌,電子零組件業,0.11,1823143000.0,16574027272.727272,0.06,1782723891.7027826,0.11,35.15,170.8,15.56,186.36,1.71,20.5,3.87,19.45,0.2,0.09,1.05,14.75,107,6.0,42
6160,欣技,電腦及週邊設備業,-1.19,1229032000.0,0.0,0.0,1036953550.7415651,0.0,0.0,0.0,0.0,0.0,0.0,0.0,0.0,16.7,0.0,0.0,0.0,0.0,0,11.51,77
6161,捷波,電腦及週邊設備業,2.71,1391277000.0,513386346.86346865,1.43,1772451392.8783948,3.45,16.03,11.32,11.37,22.69,39.23,78.28,55.32,58.3,0.95,0.67,1.34,0.0,0,41.66,77
6164,華興,電子工業,0.07,754335000.0,10776214285.714285,0.04,684451576.1047758,0.06,121.31,853.82,16.18,870.0,0.97,52.2,7.28,15.7,0.46,0.06,3.32,0.0,0,22.02,163
6182,合晶,半導體業,0.08,9636039000.0,120450487500.0,0.04,10589284393.302954,0.09,860.67,4017.0,58.0,4075.0,5.22,366.75,77.46,156.0,0.5,0.03,2.35,0.0,0,73.79,106
6183,關貿,資訊服務業,3.9,2735238000.0,701343076.923077,2.1,2962994026.115227,4.22,25.33,15.42,18.32,33.74,77.31,142.38,106.9,90.2,1.19,0.86,1.58,22.72,183,6.8,42
6199,天品,其他,0.32,226939000.0,709184375.0,0.64,2107819476.481356,2.97,223.6,604.32,50.94,655.26,151.29,1946.12,664.08,106.5,6.24,1.42,18.27,398.21,183,25.76,63
6201,亞弘電,其他電子業,3.71,3442014000.0,927766576.819407,1.62,2865412325.8343153,3.09,12.82,4.6,10.9,15.5,33.68,47.9,39.62,49.5,0.8,0.68,0.97,0.0,0,4.79,25
8437,大地-KY,其他,-1.3,221282000.0,0.0,0.0,176356263.85445344,0.0,60.82,57.16,35.42,92.58,0.0,0.0,0.0,10.15,0.0,0.0,0.0,41.86,8,0.0,0
6202,盛群,半導體業,0.76,3073437000.0,4043996052.631579,0.41,3246610669.3944354,0.8,131.66,481.46,10.08,491.54,8.06,393.23,105.33,69.1,1.52,0.12,5.69,0.0,0,4.36,73
6203,海韻電,電子零組件業,5.51,2765536000.0,501912159.70961887,2.09,2153554166.7036796,4.29,20.51,44.18,9.65,53.83,41.4,230.93,87.97,68.8,1.28,0.6,3.36,0.0,0,22.74,142
8436,大江,生技醫療業,8.69,6872719000.0,790876754.890679,4.44,7267386662.919997,9.19,17.09,8.46,12.93,21.39,118.83,196.57,157.06,114.5,1.37,1.04,1.72,0.97,2,8.27,52
8435,鉅邁,其他,3.91,624566000.0,159735549.87212276,2.05,651409075.6030054,4.08,15.41,4.95,14.04,18.99,57.28,77.48,62.89,53.3,1.18,1.07,1.45,11.98,120,0.76,3
6205,詮欣,電子工業,2.0,1369150000.0,684575000.0,1.11,1237697342.4925654,1.81,28.06,39.49,14.8,54.29,26.79,98.26,50.79,75.5,0.67,0.35,1.3,3.74,168,47.97,177
6206,飛捷,電子工業,6.9,5108829000.0,740410000.0,4.3,5987200722.210986,8.09,15.77,17.18,11.81,28.99,95.54,234.53,127.58,133.5,0.96,0.72,1.76,0.0,0,20.09,9
6207,雷科,電子零組件業,0.9,1250009000.0,1388898888.8888888,0.43,1054590926.9196726,0.76,51.95,245.96,16.74,262.7,12.72,199.65,39.48,145.5,0.27,0.09,1.37,2.58,92,64.24,51
6204,艾華,電子零組件業,1.18,380189000.0,322194067.7966102,0.63,395754546.2598826,1.23,51.47,121.14,6.41,127.55,7.88,156.89,63.31,117.0,0.54,0.07,1.34,1.09,24,29.97,179
8442,威宏-KY,其他,4.18,7983723000.0,1909981578.9473686,2.19,8558766570.980875,4.48,10.91,17.72,6.27,23.99,28.09,107.48,48.87,42.7,1.14,0.66,2.52,12.73,57,0.0,0
6197,佳必琪,電子零組件業,8.67,7512846000.0,866533564.0138408,5.93,9291696038.892664,10.72,20.12,24.64,11.8,36.44,126.5,390.64,215.71,372.5,0.58,0.34,1.05,10.59,107,21.55,58
6184,大豐電,其他,2.58,2154296000.0,834998449.612403,1.32,2207575401.892218,2.64,15.33,7.64,12.21,19.85,32.23,52.4,40.48,43.25,0.94,0.75,1.21,1.12,24,10.43,38
6185,幃翔,電子零組件業,0.22,532272000.0,2419418181.818182,0.13,632762549.433746,0.26,133.62,276.4,25.27,301.67,6.57,78.43,34.74,14.55,2.39,0.45,5.39,0.0,0,16.56,114
6186,新潤,建材營造,8.46,9642257000.0,1139746690.3073285,3.39,6109747738.857741,5.36,10.67,28.3,3.83,32.13,20.53,172.22,57.21,43.9,1.3,0.47,3.92,26.67,42,17.22,57
8450,霹靂,文化創意業,-5.34,235916000.0,0.0,0.0,383114440.65787524,0.0,0.0,0.0,0.0,0.0,0.0,0.0,0.0,15.5,0.0,0.0,0.0,0.0,0,0.0,0
6188,廣明,電腦及週邊設備業,3.61,9625341000.0,2666299445.9833794,1.59,8498347310.129348,3.19,31.8,25.36,21.21,46.57,67.66,148.56,101.43,80.0,1.27,0.85,1.86,2.63,2,50.64,80
6189,豐藝,電子工業,2.86,29937615000.0,10467697552.447554,1.43,28541301504.969635,2.73,15.62,12.98,8.54,21.52,23.31,58.75,42.65,52.7,0.81,0.44,1.11,2.85,8,3.09,11
8446,華研,文化創意業,10.31,1119230000.0,108557710.96023278,5.62,1261026397.2349055,11.62,9.62,4.62,7.79,12.41,90.52,144.2,111.74,88.6,1.26,1.02,1.63,21.5,128,8.67,38
8444,綠河-KY,其他,-10.06,3333213000.0,0.0,0.0,1591553283.1836696,0.0,0.0,0.0,0.0,0.0,0.0,0.0,0.0,5.14,0.0,0.0,0.0,6.59,3,12.89,53
6190,萬泰科,通信網路業,2.2,8547190000.0,3885086363.6363635,1.34,10156189663.227303,2.61,22.59,38.51,12.32,50.83,32.16,132.67,58.97,87.1,0.68,0.37,1.52,2.35,2,30.85,42
6191,精成科,電子工業,6.54,32161694000.0,4917690214.067278,3.88,45834401779.118904,9.32,14.02,19.34,5.08,24.42,47.35,227.59,130.67,107.0,1.22,0.44,2.13,0.0,0,67.24,58
6192,巨路,其他電子業,10.07,7144455000.0,709479145.9781529,5.58,7787105276.816012,10.98,11.15,5.8,8.35,14.15,91.68,155.37,122.47,122.0,1.0,0.75,1.27,0.0,0,15.08,53
6194,育富,電子零組件業,2.19,1398436000.0,638555251.1415526,0.84,983258887.6798096,1.54,11.88,16.18,6.89,23.07,10.61,35.53,18.3,32.7,0.56,0.32,1.09,32.02,66,16.28,105
8443,阿瘦,貿易百貨,-1.46,1127548000.0,0.0,0.0,1058182149.9490405,0.0,32.37,2.43,30.81,33.24,0.0,0.0,0.0,11.45,0.0,0.0,0.0,0.82,2,1.24,58
7730,暉盛-創,創新板股票,1.74,174841000.0,100483333.33333333,0.0,0.0,0.0,75.99,82.79,37.33,120.12,0.0,0.0,0.0,190.0,0.0,0.0,0.0,17.74,11,22.61,92
8234,新漢,電腦及週邊設備業,0.4,5778088000.0,14445220000.0,0.18,4729896482.383174,0.33,139.1,269.17,55.57,324.74,18.34,107.16,45.9,71.0,0.65,0.26,1.51,6.4,3,55.13,42
6449,鈺邦,電子工業,7.38,4375999000.0,592953794.0379404,4.97,5388753905.044758,9.09,28.04,46.11,14.1,60.21,128.17,547.31,254.89,329.0,0.77,0.39,1.66,20.31,8,108.49,93
6451,訊芯-KY,半導體業,0.26,7574127000.0,29131257692.30769,0.12,6700345508.613596,0.23,508.26,1941.76,62.09,2003.85,14.28,460.89,116.9,521.0,0.22,0.03,0.88,6.69,154,26.62,158
8227,巨有科技,半導體業,2.05,1303125000.0,635670731.7073171,1.48,2676768621.330694,4.21,95.98,168.18,51.6,219.78,217.24,925.27,404.06,201.0,2.01,1.08,4.6,8.82,8,16.96,51
8222,寶一,電機機械,0.55,929257000.0,1689558181.8181818,0.3,957541799.8218158,0.57,49.29,58.41,25.3,83.71,14.42,47.71,28.1,43.8,0.64,0.33,1.09,0.0,0,19.71,53
6456,GIS-KY,光電業,-0.8,67852571000.0,0.0,0.0,57039904610.171425,0.0,206.49,492.09,6.41,498.5,0.0,0.0,0.0,71.2,0.0,0.0,0.0,2.52,4,66.46,58
8215,明基材,電子工業,-1.14,17976113000.0,0.0,0.0,18588821134.28377,0.0,223.05,1099.74,10.26,1110.0,0.0,0.0,0.0,30.25,0.0,0.0,0.0,1.16,9,9.87,80
8213,志超,電子零組件業,2.28,17992158000.0,7891297368.421053,1.26,19976635761.641327,2.53,12.41,15.24,6.11,21.35,15.46,54.02,31.4,35.9,0.87,0.43,1.5,0.26,78,19.29,51
6461,益得,生技醫療業,-2.52,111107000.0,0.0,0.0,117312963.77529815,0.0,0.0,0.0,0.0,0.0,0.0,0.0,0.0,15.7,0.0,0.0,0.0,2.88,37,25.36,30
6462,神盾,半導體業,-17.52,5125214000.0,0.0,0.0,9442995609.636137,0.0,0.0,0.0,0.0,0.0,0.0,0.0,0.0,118.0,0.0,0.0,0.0,22.76,9,24.7,113
6464,台數科,其他,4.2,4444855000.0,1058298809.5238094,2.08,4408066923.351219,4.17,14.11,8.43,10.76,19.19,44.87,80.02,58.83,77.5,0.76,0.58,1.03,0.83,7,0.0,0
6465,威潤,通信網路業,0.93,232374000.0,249864516.12903225,0.67,487628849.30033636,1.95,37.78,48.74,17.07,65.81,33.29,128.33,73.68,59.0,1.25,0.56,2.18,0.0,0,125.21,162
8240,華宏,光電業,2.18,7203456000.0,3304337614.678899,1.0,6436669577.398071,1.95,17.54,29.25,8.67,37.92,16.91,73.94,34.21,52.7,0.65,0.32,1.4,48.18,126,45.3,52
6469,大樹,生技醫療業,4.29,18801939000.0,4382736363.636364,2.19,19343263850.387486,4.41,27.5,22.34,18.46,40.8,81.41,179.93,121.26,77.1,1.57,1.06,2.33,1.65,9,13.1,29
8249,菱光,電子工業,4.04,3641509000.0,901363613.8613862,2.26,3771489776.3566294,4.18,19.3,33.31,13.51,46.82,56.47,195.71,80.69,49.1,1.64,1.15,3.99,144.19,112,27.13,49
6443,元晶,電子工業,-6.24,1931581000.0,0.0,0.0,1107167752.8674083,0.0,52.26,202.94,31.44,234.38,0.0,0.0,0.0,34.6,0.0,0.0,0.0,0.0,0,86.54,172
8271,宇瞻,電子工業,6.7,10908622000.0,1628152537.3134327,9.0,36106292251.556145,22.18,21.29,41.81,7.97,49.78,176.77,1104.12,472.19,196.0,2.41,0.9,5.63,0.0,0,132.01,127
8261,富鼎,電子工業,5.73,3105660000.0,542000000.0,3.49,3321479628.680373,6.13,20.31,48.94,11.33,60.27,69.45,369.46,124.53,352.0,0.35,0.2,1.05,12.5,123,35.15,112
6432,今展科,電子零組件業,0.48,1100859000.0,2293456250.0,0.27,1219617789.937728,0.53,56.73,198.48,14.02,212.5,7.43,112.62,30.07,78.3,0.38,0.09,1.44,3.04,9,43.26,113
6435,大中,半導體業,9.52,3323233000.0,349079096.6386555,6.32,3779147926.9263053,10.83,17.71,26.02,12.94,38.96,140.14,421.94,191.77,420.0,0.46,0.33,1.0,0.0,0,29.65,154
8255,朋程,電機機械,6.33,8097224000.0,1279182306.4770932,3.08,7627826079.740537,5.96,20.96,25.01,12.62,37.63,75.22,224.27,124.93,202.0,0.62,0.37,1.11,0.0,0,33.62,63
6441,廣錠,電腦及週邊設備業,-5.16,238504000.0,0.0,0.0,95213389.07718688,0.0,0.0,0.0,0.0,0.0,0.0,0.0,0.0,23.5,0.0,0.0,0.0,1.1,101,0.85,38
6442,光聖,通信網路業,23.48,10705105000.0,455924403.7478705,14.26,13080238383.759924,28.69,62.47,129.07,15.73,144.8,451.29,4154.31,1792.41,1595.0,1.12,0.28,2.6,65.57,175,217.21,161
6470,宇智,通信網路業,3.87,2036670000.0,526271317.82945734,1.02,1016234558.443928,1.93,17.04,26.41,10.44,36.85,20.15,71.12,32.89,49.65,0.66,0.41,1.43,10.14,154,8.03,29
8210,勤誠,電腦及週邊設備業,29.02,20900566000.0,720212474.1557547,20.0,31446716424.807495,43.66,27.18,34.95,11.7,46.65,510.82,2036.74,1186.77,1290.0,0.92,0.4,1.58,5.5,126,113.57,127
8163,達方,電子工業,0.51,25049470000.0,49116607843.13725,0.27,27472460296.618458,0.56,28.13,80.49,8.33,88.82,4.66,49.74,15.75,42.7,0.37,0.11,1.16,0.0,0,13.12,123
6498,久禾光,光電業,6.47,962397000.0,148747604.32766616,4.82,2395822865.9375663,16.11,16.24,9.32,13.09,22.41,210.88,361.03,261.61,92.8,2.82,2.27,3.89,61.42,163,14.98,29
8155,博智,電子零組件業,6.9,4795545000.0,695006521.7391304,4.46,6493105312.675648,9.34,36.27,45.41,20.94,66.35,195.58,619.71,338.76,373.5,0.91,0.52,1.66,7.02,107,61.21,155
8150,南茂,電子工業,0.7,23509652000.0,33585217142.857143,0.42,29356672202.59489,0.87,60.13,210.71,6.56,217.27,5.71,189.02,52.31,115.5,0.45,0.05,1.64,0.0,0,100.38,184
6499,益安,生技醫療業,-7.24,407417000.0,0.0,0.0,455796271.22751516,0.0,0.0,0.0,0.0,0.0,0.0,0.0,0.0,72.7,0.0,0.0,0.0,0.0,0,0.0,0
6504,南六,其他,-1.09,6690185000.0,0.0,0.0,6503676735.521974,0.0,129.24,350.16,27.11,377.27,0.0,0.0,0.0,36.3,0.0,0.0,0.0,0.0,0,0.49,11
6505,台塑化,油電燃氣業,1.04,625336454000.0,601285051923.0769,0.56,658940001869.3257,1.1,54.19,77.11,17.11,94.22,18.82,103.64,59.61,59.5,1.0,0.32,1.74,0.91,10,49.47,136
6508,惠光,農業科技業,0.27,1401564000.0,5190977777.777778,0.16,1356938027.0057845,0.26,59.34,89.87,23.08,112.95,6.0,29.37,15.43,24.85,0.62,0.24,1.18,0.0,0,0.0,0
6509,聚和,化學工業,2.87,4865391000.0,1695258188.15331,1.56,5065002750.673687,2.99,14.26,8.95,9.5,18.45,28.4,55.17,42.65,57.5,0.74,0.49,0.96,2.42,2,13.67,155
6510,精測,半導體業,30.41,4865930000.0,160010851.69352186,21.17,5848087262.009966,36.55,89.99,176.78,30.64,207.42,1119.89,7581.2,3289.09,3065.0,1.07,0.37,2.47,87.13,150,194.12,172
6512,啟發電,其他電子類,-0.78,191934000.0,0.0,0.0,98391734.31484614,0.0,0.0,0.0,0.0,0.0,0.0,0.0,0.0,20.15,0.0,0.0,0.0,3.38,11,9.33,123
8147,正淩,電子零組件業,3.08,1564956000.0,508102597.40259737,2.23,1913254443.2758138,3.77,47.27,38.72,31.43,70.15,118.49,264.47,178.21,157.5,1.13,0.75,1.68,29.44,8,14.62,92
6515,穎崴,半導體業,46.93,7384564000.0,157352738.12060517,47.23,12837388798.089714,81.58,74.41,211.7,20.85,232.55,1700.94,18971.43,6070.43,8915.0,0.68,0.19,2.13,35.55,70,165.46,184
6496,科懋,生技醫療業,-3.96,866250000.0,0.0,0.0,987355202.167479,0.0,0.0,0.0,0.0,0.0,0.0,0.0,0.0,24.1,0.0,0.0,0.0,3.55,7,24.28,67
6494,九齊,半導體業,-0.93,1176236000.0,0.0,0.0,1617099260.6049104,0.0,83.22,564.22,12.45,576.67,0.0,0.0,0.0,69.0,0.0,0.0,0.0,0.75,4,21.5,116
6474,華豫寧,電子通路業,3.5,947872000.0,270820571.4285714,0.0,0.0,0.0,11.13,2.8,10.06,12.86,0.0,0.0,0.0,37.95,0.0,0.0,0.0,26.98,8,9.02,9
6477,安集,光電業,0.02,864073000.0,43203650000.0,0.01,1083616383.9725912,0.03,860.19,1940.45,42.05,1982.5,1.26,59.47,25.81,39.05,0.66,0.03,1.52,4.6,1,61.48,50
8201,無敵,電子工業,-0.35,457909000.0,0.0,0.0,530800270.3686591,0.0,7.41,0.0,7.41,7.41,0.0,0.0,0.0,13.25,0.0,0.0,0.0,6.58,21,81.43,50
6482,弘煜科,文化創意業,2.51,516642000.0,205833466.13545817,0.89,333409261.3998663,1.62,18.84,21.12,10.82,31.94,17.53,51.74,30.52,27.9,1.09,0.63,1.85,2.38,53,5.19,21
6486,互動,通信網路業,5.77,2435298000.0,422062045.06065863,4.3,3094652384.838849,7.33,14.45,5.23,11.98,17.21,87.81,126.15,105.93,84.3,1.26,1.04,1.5,0.0,0,9.7,168
8183,精星,其他電子類,2.39,7367798000.0,3082760669.4560666,1.31,8199243666.63271,2.66,12.12,9.27,8.13,17.4,21.63,46.28,32.25,34.45,0.94,0.63,1.34,7.32,109,36.64,116
6488,環球晶,半導體業,15.3,60583311000.0,3959693529.4117646,7.34,56150554920.240074,14.18,25.73,71.54,10.82,82.36,153.43,1167.86,364.81,1335.0,0.27,0.11,0.87,0.0,0,80.94,106
6491,晶碩,化學生技醫療,20.87,7034551000.0,337065213.2247245,13.72,8471970018.752402,25.13,14.9,7.62,12.44,20.06,312.62,504.11,374.45,374.0,1.0,0.84,1.35,6.44,9,17.91,119
8182,加高,電子零組件業,0.44,2880401000.0,6546365909.090909,0.21,2880044649.087525,0.44,87.77,973.27,10.06,983.33,4.43,432.67,38.62,55.2,0.7,0.08,7.84,2.0,53,1.43,4
8176,智捷,通信網路業,0.39,401727000.0,1030069230.7692307,0.18,283477737.9415323,0.28,49.81,161.5,12.5,174.0,3.5,48.72,13.95,10.85,1.29,0.32,4.49,26.71,112,22.71,92
6492,生華科,生技醫療業,-2.97,1074000.0,0.0,0.0,1031040.0,0.0,0.0,0.0,0.0,0.0,0.0,0.0,0.0,43.7,0.0,0.0,0.0,39.15,10,57.08,106
6485,點序,半導體業,0.71,1448753000.0,2040497183.0985916,0.34,1325026328.6991062,0.65,370.05,718.08,108.59,826.67,70.58,537.34,240.53,81.6,2.95,0.86,6.59,0.0,0,98.06,184
8272,全景軟體,資訊服務業,4.66,473954000.0,101706866.9527897,2.2,504056870.56999797,4.96,19.42,17.04,14.08,31.12,69.84,154.36,96.32,67.8,1.42,1.03,2.28,61.46,108,17.28,66
8277,商丞,半導體業,-0.38,252859000.0,0.0,0.0,132323639.51542789,0.0,0.0,0.0,0.0,0.0,0.0,0.0,0.0,8.93,0.0,0.0,0.0,0.0,0,72.07,129
6425,易發,電機機械,-1.62,1408313000.0,0.0,0.0,1812280864.0960226,0.0,120.14,259.31,64.78,324.09,0.0,0.0,0.0,73.2,0.0,0.0,0.0,26.37,156,136.78,170
6271,同欣電,半導體業,7.64,11595081000.0,1517680759.1623037,3.82,11480085041.32269,7.56,18.04,32.43,10.23,42.66,77.34,322.51,136.37,272.0,0.5,0.28,1.19,5.26,8,31.1,169
6272,驊陞,電子工業,3.42,688946000.0,201446198.83040935,0.0,0.0,0.0,13.38,10.09,9.84,19.93,0.0,0.0,0.0,32.5,0.0,0.0,0.0,9.96,7,23.35,56
8409,商之器,生技醫療業,0.24,277797000.0,1157487500.0,0.13,289372281.184422,0.25,87.28,351.65,14.06,365.71,3.52,91.43,21.82,19.2,1.14,0.18,4.76,0.41,1,13.17,92
6274,台燿,電子零組件業,12.13,29179204000.0,2405540313.272877,9.44,51446409213.072075,21.39,37.47,125.04,12.24,137.28,261.81,2936.42,801.45,1630.0,0.49,0.16,1.8,6.65,67,119.21,175
8404,百和興業-KY,其他,1.46,7460968000.0,5110252054.79452,0.76,7703805110.725043,1.51,31.22,79.34,10.66,90.0,16.1,135.9,47.15,16.9,2.79,0.95,8.04,70.32,106,33.65,108
8403,盛弘,生技醫療業,1.06,4335731000.0,4090312264.1509433,0.54,4564488377.191745,1.12,21.38,21.33,15.69,37.02,17.57,41.46,23.94,19.65,1.22,0.89,2.11,0.0,0,2.04,10
8401,白紗科,其他,2.71,1544829000.0,570047601.4760147,1.38,1602683025.7505758,2.81,10.86,4.88,8.46,13.34,23.77,37.49,30.51,23.1,1.32,1.03,1.62,11.03,178,7.0,179
6276,安鈦克,電腦及週邊設備業,0.93,1457611000.0,1567323655.9139783,0.3,850767955.278992,0.54,41.71,18.94,32.12,51.06,17.34,27.57,22.52,22.5,1.0,0.77,1.23,0.87,2,8.91,30
6277,宏正,電子工業,3.08,4892149000.0,1588360064.9350648,1.66,5295565902.991539,3.33,18.29,10.75,14.17,24.92,47.19,82.98,60.9,70.6,0.86,0.67,1.18,0.0,0,9.44,154
6278,台表科,光電業,9.39,49870351000.0,5311006496.27263,4.81,50705758849.57234,9.55,12.12,21.34,6.8,28.14,64.94,268.74,115.72,202.5,0.57,0.32,1.33,0.0,0,4.55,2
6279,胡連,電子零組件業,10.96,9789266000.0,893181204.379562,6.54,10523308368.655224,11.78,12.75,6.66,9.59,16.25,112.97,191.42,150.18,123.5,1.22,0.91,1.55,14.55,79,16.67,53
6281,全國電,電子工業,3.7,18994144000.0,5133552432.432432,1.8,18383274266.352123,3.58,16.6,5.1,13.2,18.3,47.26,65.51,59.44,52.1,1.14,0.91,1.26,0.0,0,1.12,9
6270,倍微,電子通路業,1.08,2772394000.0,2567031481.481481,0.57,2795932228.160096,1.09,47.41,108.84,15.99,124.83,17.43,136.06,51.68,38.05,1.36,0.46,3.58,22.19,9,17.86,182
6269,台郡,電子零組件業,-6.95,22414698000.0,0.0,0.0,22684950274.28524,0.0,33.83,49.46,9.88,59.34,0.0,0.0,0.0,66.7,0.0,0.0,0.0,6.15,10,17.15,51
6266,泰詠,電子零組件業,2.04,3364052000.0,1649045098.0392156,0.98,3264566193.468836,1.98,14.01,5.45,11.07,16.52,21.92,32.71,27.74,25.95,1.07,0.84,1.26,7.93,154,2.95,56
6241,鑫永洋,通信網路業,-0.16,692989000.0,0.0,0.0,632168186.1816719,0.0,27.73,54.71,9.89,64.6,0.0,0.0,0.0,15.4,0.0,0.0,0.0,54.43,108,5.02,101
6242,立康,生技醫療業,2.64,587446000.0,222517424.24242422,1.3,568623048.6250691,2.56,15.92,4.42,14.11,18.53,36.12,47.44,40.74,36.0,1.13,1.0,1.32,0.0,0,0.0,0
6243,迅杰,半導體業,-0.51,651120000.0,0.0,0.0,330255968.0167185,0.0,121.01,329.44,24.2,353.64,0.0,0.0,0.0,41.2,0.0,0.0,0.0,6.11,8,4.71,175
6244,茂迪,光電業,0.13,3097487000.0,23826823076.923077,0.07,3203949228.590544,0.13,84.44,329.03,25.41,354.44,3.3,46.08,10.98,27.55,0.4,0.12,1.67,0.0,0,28.53,169
6245,立端,通信網路業,4.37,7302201000.0,1670984210.5263157,2.11,7208919391.233948,4.31,15.94,10.9,11.61,22.51,50.04,97.02,68.7,81.9,0.84,0.61,1.18,6.48,178,20.86,51
6246,臺龍,光電業,1.14,1619848000.0,1420919298.245614,0.47,1343975033.493848,0.95,23.66,24.04,13.07,37.11,12.42,35.25,22.48,16.1,1.4,0.77,2.19,91.03,108,53.79,49
8421,旭源,其他,-0.39,1155501000.0,0.0,0.0,1277015132.1159546,0.0,613.0,177.5,500.0,677.5,0.0,0.0,0.0,13.4,0.0,0.0,0.0,9.03,73,0.0,0
6248,沛波,鋼鐵工業,1.53,7839072000.0,5123576470.588235,0.62,5913373694.189358,1.15,11.18,13.18,5.43,18.61,6.24,21.4,12.85,18.5,0.69,0.34,1.16,9.58,81,0.0,0
8416,實威,資訊服務業,13.46,1712393000.0,127220876.67161961,7.44,1780761555.9540718,14.0,14.52,4.81,12.07,16.88,168.98,236.32,203.24,171.5,1.19,0.99,1.38,0.0,0,16.25,184
8411,福貞-KY,其他,-0.69,9151695000.0,0.0,0.0,10797022239.107092,0.0,72.2,116.79,7.21,124.0,0.0,0.0,0.0,12.4,0.0,0.0,0.0,2.71,91,1.15,11
8410,森田,電腦及週邊設備業,3.27,1129401000.0,345382568.80733943,1.33,899036447.4019899,2.6,11.41,10.73,6.16,16.89,16.02,43.91,29.67,33.25,0.89,0.48,1.32,14.48,39,12.49,29
6257,矽格,半導體業,6.15,19395856000.0,3153797723.5772357,3.49,22600346943.98936,7.17,18.27,31.94,8.87,40.81,63.6,292.61,131.01,273.0,0.48,0.23,1.07,3.65,3,46.62,179
6259,百徽,電子零組件業,0.71,459318000.0,646926760.5633804,0.5,615956915.5751908,0.95,33.23,33.22,17.94,51.16,17.04,48.6,31.57,38.75,0.81,0.44,1.25,0.22,10,15.29,172
6261,久元,半導體業,4.24,4107857000.0,968834198.1132075,2.23,4436435607.9703865,4.58,17.14,19.1,12.46,31.56,57.07,144.54,78.5,95.1,0.83,0.6,1.52,0.0,0,19.51,184
6264,富裔,建材營造,-0.5,117286000.0,0.0,0.0,173520899.96177578,0.0,164.84,36.6,154.0,190.6,0.0,0.0,0.0,6.15,0.0,0.0,0.0,22.79,9,0.0,0
6265,方土昶,電子通路業,0.68,771827000.0,1135039705.8823528,1.75,5428447386.965752,4.78,79.95,175.52,16.98,192.5,81.16,920.15,382.14,52.3,7.31,1.55,17.59,2.33,2,288.03,184
8415,大國鋼,鋼鐵工業,3.05,23061004000.0,7560984918.032787,1.74,26291178210.221848,3.48,13.52,7.05,10.36,17.41,36.05,60.59,47.04,34.7,1.36,1.04,1.75,3.34,18,8.7,23
6282,康舒,電子工業,0.18,31582716000.0,175459533333.33334,0.1,37942901249.48787,0.22,1077.54,2956.2,23.8,2980.0,5.24,655.6,237.06,59.8,3.96,0.09,10.96,0.0,0,85.54,114
6283,淳安,其他電子業,-0.22,1845136000.0,0.0,0.0,1775474087.8104017,0.0,35.83,45.51,21.72,67.23,0.0,0.0,0.0,24.1,0.0,0.0,0.0,5.75,112,52.29,51
6412,群電,電子零組件業,5.2,34938697000.0,6718980192.307693,2.83,31867786668.784653,4.74,15.08,11.31,9.07,20.38,42.99,96.6,71.46,92.0,0.78,0.47,1.05,2.86,78,0.0,0
6414,樺漢,電子工業,23.26,142336502000.0,6119368099.742046,16.35,169832064771.35437,27.75,15.26,9.09,10.87,19.96,301.64,553.89,423.58,384.0,1.1,0.79,1.44,2.65,1,11.07,52
6415,矽力*-KY,半導體業,6.41,18703888000.0,2917923244.929797,3.72,22263629588.057003,7.63,86.84,286.76,27.16,313.92,207.23,2395.21,662.61,620.0,1.07,0.33,3.86,30.9,91,2.78,11
6416,瑞祺電通,通信網路業,4.3,4238496000.0,985696744.1860466,3.05,4693687785.836138,4.76,24.28,25.11,16.56,41.67,78.83,198.35,115.57,82.8,1.4,0.95,2.4,12.07,88,5.05,176
6417,韋僑,通信網路業,4.83,1577211000.0,326544720.4968944,2.83,1886494153.6242142,5.78,24.46,15.04,17.08,32.12,98.72,185.65,141.37,134.5,1.05,0.73,1.38,0.0,0,0.0,0
6418,詠昇,電子零組件業,0.73,770725000.0,1055787671.2328768,0.4,826553519.1972297,0.78,30.81,61.74,10.95,72.69,8.54,56.7,24.03,34.65,0.69,0.25,1.64,0.0,0,366.67,85
6419,京晨科,光電業,9.58,515303000.0,53789457.202505216,10.73,1015705655.3210824,18.88,12.64,25.69,6.29,31.98,118.76,603.78,238.56,151.0,1.58,0.79,4.0,31.56,10,55.83,172
8299,群聯,半導體業,41.96,68473723000.0,1631880910.3908484,56.81,211247627288.483,129.45,24.7,65.21,10.42,75.63,1348.87,9790.3,3197.47,2290.0,1.4,0.59,4.28,0.65,8,253.75,184
8291,尚茂,電子零組件業,-1.51,2612000.0,0.0,0.0,6894572.438162545,0.0,0.0,0.0,0.0,0.0,0.0,0.0,0.0,37.0,0.0,0.0,0.0,25.65,8,338.6,35
8289,泰藝,電子零組件業,0.04,1725495000.0,43137375000.0,0.02,1733310039.3216774,0.04,464.54,1383.03,31.97,1415.0,1.28,56.6,18.58,63.5,0.29,0.02,0.89,0.0,0,12.28,78
8284,三竹,資訊服務業,4.74,2937789000.0,619786708.8607595,2.49,3223327067.7082705,5.2,13.55,5.81,10.79,16.6,56.11,86.32,70.46,66.0,1.07,0.85,1.31,3.71,154,3.9,8
8279,生展,生技醫療業,10.03,2123580000.0,211722831.50548357,4.73,1965537601.320242,9.28,13.24,8.41,9.8,18.21,90.94,168.99,122.88,89.5,1.37,1.02,1.89,0.93,9,9.16,114
6411,晶焱,半導體業,3.18,2456141000.0,772371383.6477987,1.71,2742733821.522141,3.55,22.79,24.55,12.83,37.38,45.55,132.7,80.92,103.5,0.78,0.44,1.28,7.65,4,50.3,115
6409,旭隼,電子工業,40.23,20524460000.0,510177976.6343525,18.46,18468301797.645527,36.2,30.54,40.93,17.59,58.52,636.76,2118.42,1105.56,1290.0,0.86,0.49,1.64,31.67,78,2.38,2
8342,益張,其他,5.97,1662869000.0,278537520.93802345,3.0,1691448311.642656,6.07,13.31,5.73,10.08,15.81,61.19,95.97,80.81,90.0,0.9,0.68,1.07,8.25,4,0.0,0
6284,佳邦,電子零組件業,4.36,7575483000.0,1737496100.917431,2.03,6976661013.188771,4.02,15.97,31.56,8.7,40.26,34.97,161.85,64.21,105.0,0.61,0.33,1.54,5.05,3,28.63,119
6285,啟碁,通信網路業,6.4,110508716000.0,17266986875.0,3.59,120669546114.79524,6.99,21.07,34.28,12.77,47.05,89.26,328.88,147.3,258.5,0.57,0.35,1.27,1.7,10,10.17,50
8374,羅昇,電機機械,-0.55,4702943000.0,0.0,0.0,5961180513.712769,0.0,291.55,1054.46,24.11,1078.57,0.0,0.0,0.0,92.1,0.0,0.0,0.0,29.88,58,28.11,50
8367,建新國際,航運業,3.8,3216539000.0,846457631.5789474,1.91,3309463723.5829372,3.91,13.14,11.24,7.03,18.27,27.49,71.44,51.37,40.5,1.27,0.68,1.76,5.29,4,0.0,0
8358,金居,電子零組件業,4.21,7752647000.0,1841483847.9809976,2.78,10795200963.26217,5.86,44.72,123.8,10.56,134.36,61.88,787.35,262.03,563.0,0.47,0.11,1.4,6.97,3,415.1,179
6290,良維,電子零組件業,8.72,10099931000.0,1158248967.889908,4.59,10989871940.734295,9.49,19.36,33.26,9.56,42.82,90.72,406.36,183.73,323.0,0.57,0.28,1.26,2.64,7,109.83,122
6291,沛亨,半導體業,6.6,2053233000.0,311095909.0909091,5.09,2945319889.8149266,9.47,30.38,70.35,8.97,79.32,84.95,751.16,287.69,518.0,0.56,0.16,1.45,0.0,0,144.13,175
6292,迅德,電子零組件業,2.0,1000924000.0,500462000.0,1.18,1275332431.0379128,2.55,29.98,87.31,8.52,95.83,21.73,244.37,76.45,62.4,1.23,0.35,3.92,0.0,0,0.0,0
6294,智基,文化創意業,2.78,986608000.0,354894964.028777,1.28,846869382.3611901,2.39,20.0,29.4,10.27,39.67,24.55,94.81,47.8,28.6,1.67,0.86,3.32,6.4,30,19.14,42
8349,恒耀,鋼鐵工業,2.02,11746755000.0,5815225247.524753,0.99,11288229154.572857,1.94,16.84,13.07,11.08,24.15,21.5,46.85,32.68,40.0,0.82,0.54,1.17,8.32,24,2.49,28
6405,悅城,光電業,-1.27,927000.0,0.0,0.0,447161.4100185529,0.0,20.78,0.0,20.78,20.78,0.0,0.0,0.0,61.4,0.0,0.0,0.0,76.65,107,28.31,112
8349A,恒耀甲特,鋼鐵工業,0.0,0.0,0.0,0.0,0.0,0.0,0.0,0.0,0.0,0.0,0.0,0.0,0.0,45.15,0.0,0.0,0.0,10.75,175,0.0,0
6263,普萊德,通信網路業,8.32,1881342000.0,226122836.53846154,4.27,1930537579.9590151,8.54,17.79,8.47,14.42,22.89,123.15,195.48,151.91,168.0,0.9,0.73,1.16,7.14,79,8.51,16
6133,金橋,電子工業,0.73,1370459000.0,1877341095.890411,0.38,1528081050.9794135,0.81,42.84,81.44,18.56,100.0,15.03,81.0,34.7,27.5,1.26,0.55,2.95,27.27,112,58.93,162
6152,百一,電子工業,-1.47,1585496000.0,0.0,0.0,1908863913.3247755,0.0,161.17,157.46,40.04,197.5,0.0,0.0,0.0,13.7,0.0,0.0,0.0,11.58,66,32.81,169
5272,笙科,半導體業,-1.33,347822000.0,0.0,0.0,291163084.13504726,0.0,198.08,51.56,166.25,217.81,0.0,0.0,0.0,21.35,0.0,0.0,0.0,3.82,2,10.69,3
5274,信驊,半導體業,103.92,8949538000.0,86119495.76597382,91.62,13987257240.692461,162.42,86.67,145.71,34.24,179.95,5561.26,29227.48,14076.75,16270.0,0.87,0.34,1.8,15.49,46,50.85,176
5276,達輝-KY,其他,1.13,919058000.0,813325663.7168143,0.72,1016859499.0356163,1.25,30.75,107.28,12.48,119.76,15.6,149.7,38.44,19.5,1.97,0.8,7.68,8.7,11,14.75,85
9929,秋雨,其他,-0.07,653941000.0,0.0,0.0,675797446.8524189,0.0,42.86,6.11,40.93,47.04,0.0,0.0,0.0,11.25,0.0,0.0,0.0,7.19,25,0.0,0
9928,中視,其他,-1.4,846557000.0,0.0,0.0,930922243.7367295,0.0,52.91,42.16,43.18,85.34,0.0,0.0,0.0,18.6,0.0,0.0,0.0,4.87,10,28.62,164
9927,泰銘,其他,4.28,7937924000.0,1854655140.1869159,2.49,8854889275.447157,4.77,12.39,8.8,9.21,18.01,43.93,85.91,59.12,69.1,0.86,0.64,1.24,2.2,56,0.57,151
5269,祥碩,電子工業,72.7,12907479000.0,177544415.40577716,36.59,15469713655.397243,87.13,30.51,36.82,14.61,51.43,1272.97,4481.1,2658.07,1520.0,1.75,0.84,2.95,9.5,162,9.59,4
9926,新海,油電燃氣業,2.68,2462571000.0,918869776.1194029,1.46,2457609853.410795,2.67,19.33,3.78,17.89,21.67,47.77,57.86,51.62,49.7,1.04,0.96,1.16,1.28,46,0.0,0
5283,禾聯碩,電器電纜,6.03,6483577000.0,1075220066.3349917,2.94,6347251939.083738,5.9,12.83,10.09,8.75,18.84,51.62,111.16,75.67,54.6,1.39,0.95,2.04,4.83,46,0.0,0
5284,jpp-KY,其他,12.06,3612748000.0,299564510.7794361,9.12,5295379997.754036,17.68,47.98,157.54,15.14,172.68,267.68,3052.98,848.23,361.5,2.35,0.74,8.45,36.68,151,65.73,151
5285,界霖,半導體業,1.54,5320040000.0,3454571428.5714283,0.84,5843984399.708198,1.69,28.76,37.38,15.0,52.38,25.35,88.52,48.6,106.5,0.46,0.24,0.83,3.9,77,20.88,119
5288,豐祥-KY,電機機械,12.26,6818895000.0,556190456.7699836,7.72,7998398111.418222,14.38,11.02,8.36,7.61,15.97,109.43,229.65,158.45,186.5,0.85,0.59,1.23,14.15,91,8.57,184
5289,宜鼎,電腦及週邊設備業,21.83,13168865000.0,603246220.7970684,48.46,72124638512.61745,119.56,27.68,57.63,16.03,73.66,1916.55,8806.79,3309.4,1645.0,2.01,1.17,5.35,0.0,0,170.1,184
9925,新保,其他,2.37,8025348000.0,3386222784.8101263,1.25,8593074937.615505,2.54,17.57,3.54,15.31,18.85,38.89,47.88,44.62,40.85,1.09,0.95,1.17,0.24,8,0.24,16
5291,邑昇,電子零組件業,0.32,1077231000.0,3366346875.0,0.2,1376380514.3239448,0.41,118.72,202.51,49.1,251.61,20.13,103.16,48.67,58.9,0.83,0.34,1.75,3.14,3,48.1,184
5244,弘凱,光電業,0.51,844698000.0,1656270588.235294,0.23,800777212.6994579,0.48,26.71,91.55,8.06,99.61,3.87,47.81,12.82,35.85,0.36,0.11,1.33,16.67,149,11.43,51
9939,宏全,其他,9.09,29073649000.0,3198421232.1232123,4.55,29066162251.038853,9.09,15.07,7.48,10.35,17.83,94.08,162.07,136.98,124.0,1.1,0.76,1.31,2.7,11,0.0,0
9938,百和,其他,4.1,15697877000.0,3828750487.804878,2.07,15429341174.625801,4.03,14.29,16.86,9.77,26.63,39.37,107.32,57.6,45.4,1.27,0.87,2.36,36.63,149,6.15,107
5245,智晶,光電業,-4.89,790349000.0,0.0,0.0,679024020.9389604,0.0,0.0,0.0,0.0,0.0,0.0,0.0,0.0,26.8,0.0,0.0,0.0,14.8,57,16.18,22
9937,全國,油電燃氣業,2.37,22695298000.0,9576075105.485231,1.21,22596297356.560207,2.36,25.44,9.45,19.57,29.02,46.19,68.49,60.04,55.3,1.09,0.84,1.24,0.3,10,3.03,15
5251,天鉞電,光電業,0.04,339335000.0,8483375000.0,0.02,287301283.5862488,0.03,915.23,3155.0,295.0,3450.0,8.85,103.5,27.46,32.65,0.84,0.27,3.17,4.06,2,3.53,2
5258,虹堡,電子工業,4.24,7836415000.0,1848211084.9056604,2.16,8700592392.146896,4.71,15.3,13.17,9.21,22.38,43.38,105.41,72.06,51.6,1.4,0.84,2.04,4.15,77,22.55,39
5263,智崴,文化創意業,-2.83,1389771000.0,0.0,0.0,1727093662.9925992,0.0,231.38,293.12,78.55,371.67,0.0,0.0,0.0,98.8,0.0,0.0,0.0,26.25,46,24.87,182
9933,中鼎,其他,1.79,93718619000.0,52356770391.061455,0.8,76920727969.01425,1.47,42.07,101.46,8.7,110.16,12.79,161.94,61.84,41.5,1.49,0.31,3.9,0.0,0,29.83,149
9931,欣高,油電燃氣業,2.45,1551042000.0,633078367.3469387,1.32,1617275219.9598193,2.55,14.14,11.19,10.93,22.12,27.87,56.41,36.07,33.45,1.08,0.83,1.69,0.0,0,0.57,4
5292,華懋,綠能環保,10.16,2797518000.0,275346259.8425197,4.69,2752812604.1639047,10.0,17.18,14.16,12.53,26.69,125.3,266.9,171.83,228.5,0.75,0.55,1.17,0.0,0,17.16,184
5299,杰力,半導體業,4.58,1515551000.0,330906331.87772924,2.71,1428238065.2910376,4.32,18.25,18.17,11.13,29.3,48.08,126.58,78.83,141.5,0.56,0.34,0.89,1.69,3,6.27,116
5347,世界,半導體業,4.3,47964760000.0,11154595348.83721,2.31,52565973727.46824,4.71,25.1,35.27,17.74,53.01,83.56,249.68,118.23,185.0,0.64,0.45,1.35,2.44,42,14.84,78
5351,鈺創,半導體業,-1.53,3643776000.0,0.0,0.0,18772979120.031742,0.0,89.31,26.19,76.7,102.89,0.0,0.0,0.0,89.9,0.0,0.0,0.0,0.0,0,136.09,183
5353,台林,通信網路業,1.38,1819058000.0,1318157971.0144928,0.72,1950917920.6978533,1.48,16.98,15.12,10.33,25.45,15.29,37.67,25.13,31.4,0.8,0.49,1.2,12.82,147,9.34,164
5355,佳總,電子零組件業,-1.12,454197000.0,0.0,0.0,514704697.1772117,0.0,0.0,0.0,0.0,0.0,0.0,0.0,0.0,6.2,0.0,0.0,0.0,0.0,0,44.13,42
5356,協益,電腦及週邊設備業,0.44,3440781000.0,7819956818.181818,0.21,3274501675.643315,0.42,26.29,57.75,4.18,61.93,1.76,26.01,11.04,28.05,0.39,0.06,0.93,1.15,1,0.0,0
9908,大台北,油電燃氣業,1.72,3392932000.0,1972634883.7209303,0.91,3327338984.697048,1.69,17.28,7.25,13.58,20.83,22.95,35.2,29.2,30.0,0.97,0.76,1.17,0.77,9,0.16,1
9907,統一實,其他,1.36,46160570000.0,33941595588.23529,0.63,39931953534.616104,1.18,19.92,34.82,11.21,46.03,13.23,54.32,23.5,15.4,1.53,0.86,3.53,10.32,120,1.0,126
9906,欣巴巴,建材營造,0.09,1332942000.0,14810466666.666668,0.12,2628187746.797796,0.18,82.85,493.27,8.95,502.22,1.61,90.4,14.91,42.9,0.35,0.04,2.11,105.58,37,0.0,0
5386,青雲,電腦及週邊設備業,8.78,5565492000.0,633882915.7175399,22.65,29778797416.36397,46.98,24.73,53.06,7.57,60.63,355.64,2848.4,1161.88,443.0,2.62,0.8,6.43,55.29,52,30.07,179
5388,中磊,通信網路業,4.04,53084553000.0,13139740841.584158,3.31,79915808848.44377,6.08,16.21,12.15,11.18,23.33,67.97,141.85,98.59,81.4,1.21,0.84,1.74,7.17,171,14.04,25
9905,大華,其他,1.29,8095013000.0,6275203875.968992,0.76,9395385221.597502,1.5,15.04,3.67,13.1,16.77,19.65,25.16,22.56,21.35,1.06,0.92,1.18,0.2,2,0.22,1
5392,能率,光電業,-0.28,8728682000.0,0.0,0.0,8829025710.716337,0.0,300.05,607.13,52.87,660.0,0.0,0.0,0.0,48.55,0.0,0.0,0.0,0.0,0,89.92,80
5398,慕康生醫,其他,0.35,233856000.0,668160000.0,0.09,171798459.9117692,0.26,82.05,68.18,49.7,117.88,12.92,30.65,21.33,16.4,1.3,0.79,1.87,38.87,129,36.53,156
5371,中光電,光電業,0.95,39194727000.0,41257607368.42105,0.48,43373522168.90828,1.05,62.6,147.63,22.37,170.0,23.49,178.5,65.73,102.0,0.64,0.23,1.75,3.65,176,141.25,58
5344,立衛,半導體業,-0.38,334902000.0,0.0,0.0,387381606.43435067,0.0,34.05,30.95,21.27,52.22,0.0,0.0,0.0,17.5,0.0,0.0,0.0,0.47,2,36.8,52
5340,建榮,電子零組件業,1.2,2256598000.0,1880498333.3333335,0.68,2679251458.1657376,1.42,74.68,158.26,33.53,191.79,47.61,272.34,106.05,88.8,1.19,0.54,3.07,2.68,4,81.33,175
5302,太欣,半導體業,-0.11,18269000.0,0.0,0.0,37605196.34164331,0.0,0.0,0.0,0.0,0.0,0.0,0.0,0.0,15.45,0.0,0.0,0.0,0.0,0,51.41,37
9919,康那香,其他,-2.43,2744027000.0,0.0,0.0,2616627965.406864,0.0,6.21,87.77,4.62,92.39,0.0,0.0,0.0,14.0,0.0,0.0,0.0,0.0,0,0.28,4
9918,欣天然,油電燃氣業,1.61,2060972000.0,1280106832.2981365,0.93,1983036509.7414398,1.55,22.14,18.37,17.06,35.43,26.44,54.92,34.31,43.3,0.79,0.61,1.27,1.69,49,3.94,11
5309,系統電,電子零組件業,0.27,3337464000.0,12360977777.777777,0.17,3542408018.1907806,0.29,192.32,596.27,27.06,623.33,7.85,180.77,55.77,68.9,0.81,0.11,2.62,33.51,140,103.26,66
5310,天剛,資訊服務業,0.52,992000.0,1907692.3076923075,0.17,566857.1428571428,0.3,60.73,367.82,12.89,380.71,3.87,114.21,18.22,25.95,0.7,0.15,4.4,38.68,32,3.76,9
5312,寶島科,生技醫療業,6.41,4132651000.0,644719344.773791,3.52,4686494248.026702,7.27,15.12,8.9,12.38,21.28,90.0,154.71,109.9,90.1,1.22,1.0,1.72,12.5,150,1.81,9
9917,中保科,其他,6.77,19003491000.0,2807014918.759232,3.42,19228976482.010815,6.85,18.52,8.51,15.44,23.95,105.76,164.06,126.89,106.0,1.2,1.0,1.55,10.82,56,3.57,30
5315,光聯,光電業,1.89,2009859000.0,1063417460.3174604,1.02,1859981508.08004,1.75,18.22,21.02,11.63,32.65,20.35,57.14,31.88,21.0,1.52,0.97,2.72,30.54,148,18.63,143
9912,偉聯,電腦及週邊設備業,-1.12,495111000.0,0.0,0.0,486169689.5079814,0.0,24.65,0.0,24.65,24.65,0.0,0.0,0.0,12.7,0.0,0.0,0.0,0.7,1,5.91,43
5324,士開,建材營造,-0.05,1340608000.0,0.0,0.0,891042312.7150763,0.0,49.7,143.77,10.67,154.44,0.0,0.0,0.0,12.15,0.0,0.0,0.0,9.85,24,2.19,108
5328,華容,電子零組件業,0.39,881581000.0,2260464102.5641026,0.22,995078644.8970395,0.44,61.96,155.42,27.69,183.11,12.18,80.57,27.26,80.6,0.34,0.15,1.0,0.53,149,78.4,150
5243,乙盛-KY,電子工業,4.4,12177833000.0,2767689318.181818,2.19,11153406606.255575,4.03,19.5,17.64,11.22,28.86,45.22,116.31,78.6,103.5,0.76,0.44,1.12,11.72,140,57.94,136
9940,信義,其他,0.28,9513436000.0,33976557142.85714,0.23,15804957782.741163,0.47,29.57,62.41,10.45,72.86,4.91,34.24,13.9,19.6,0.71,0.25,1.75,8.32,24,4.5,8
4968,立積,電子工業,2.65,3747771000.0,1414253207.54717,1.58,3943253852.965007,2.79,220.03,842.64,35.14,877.78,98.04,2449.01,613.87,118.0,5.2,0.83,20.75,4.12,9,43.53,94
4971,IET-KY,半導體業,1.61,1057201000.0,656646583.8509316,0.95,1273946116.288816,1.94,247.82,435.65,92.83,528.48,180.09,1025.25,480.77,473.0,1.02,0.38,2.17,64.48,142,121.35,179
4972,湯石照明,光電業,-1.84,937469000.0,0.0,0.0,968721032.5783112,0.0,35.74,26.17,28.45,54.62,0.0,0.0,0.0,17.3,0.0,0.0,0.0,0.89,8,7.95,86
4973,廣穎,半導體業,2.1,4298725000.0,2047011904.7619047,1.98,7647101874.337546,3.74,27.24,75.4,7.69,83.09,28.76,310.76,101.88,168.5,0.6,0.17,1.84,0.0,0,77.46,184
4974,亞泰,電子零組件業,5.15,3807147000.0,739251844.6601942,3.04,3582703594.152883,4.85,14.11,12.97,10.29,23.26,49.91,112.81,68.42,71.8,0.95,0.7,1.57,95.39,182,21.49,42
4976,佳凌,光電業,-1.88,1036181000.0,0.0,0.0,1003112508.5485826,0.0,0.0,0.0,0.0,0.0,0.0,0.0,0.0,39.4,0.0,0.0,0.0,0.0,0,112.96,59
4977,眾達-KY,通信網路業,4.5,1117417000.0,248314888.8888889,1.65,801851662.6917417,3.23,88.09,432.46,17.54,450.0,56.65,1453.5,284.53,159.0,1.79,0.36,9.14,94.68,184,75.63,158
9951,皇田,電機機械,5.27,6333931000.0,1201884440.227704,2.71,6865400662.809965,5.71,12.27,5.37,10.09,15.46,57.61,88.28,70.07,54.5,1.29,1.06,1.62,0.0,0,15.9,56
9950,萬國通,塑膠工業,-0.27,2109807000.0,0.0,0.0,2066913656.4510198,0.0,14.73,21.66,2.18,23.84,0.0,0.0,0.0,10.55,0.0,0.0,0.0,4.5,164,11.4,10
9949,琉園,文化創意業,5.29,142500000.0,26937618.147448014,2.75,144848169.37412384,5.38,5.25,2.88,4.06,6.94,21.84,37.34,28.25,28.45,0.99,0.77,1.31,21.32,58,0.0,0
9946,三發地產,建材營造,1.52,602169000.0,396163815.78947365,10.86,4854971622.938131,12.25,42.79,112.69,3.89,116.58,47.65,1428.1,524.19,20.0,26.21,2.38,71.4,4.48,18,2.74,32
4989,榮科,電子工業,-3.48,2536276000.0,0.0,0.0,4160679657.2701635,0.0,7.56,0.0,7.56,7.56,0.0,0.0,0.0,111.0,0.0,0.0,0.0,0.0,0,243.67,179
4979,華星光,通信網路業,5.43,4315580000.0,794766114.1804788,3.08,4915374897.07321,6.18,53.86,109.5,22.73,132.23,140.47,817.18,332.87,457.0,0.73,0.31,1.79,70.12,150,77.03,179
4967,十銓,電子工業,13.07,17964831000.0,1374508875.2869165,12.92,36060200946.03538,26.23,23.13,77.97,6.41,84.38,168.13,2213.29,606.69,261.0,2.32,0.64,8.48,0.0,0,185.11,183
4966,譜瑞-KY,半導體業,34.66,16412645000.0,473532746.6820543,17.0,16243431638.37813,34.3,20.44,18.39,13.43,31.82,460.65,1091.43,701.07,639.0,1.1,0.72,1.71,3.15,3,50.26,73
9962,有益,鋼鐵工業,-0.16,1941014000.0,0.0,0.0,1411348164.580572,0.0,30.54,67.68,15.89,83.57,0.0,0.0,0.0,9.85,0.0,0.0,0.0,3.04,84,0.41,11
4946,辣椒,文化創意業,3.13,342106000.0,109299041.53354633,1.38,277876641.8438951,2.54,599.0,1566.88,33.12,1600.0,84.12,4064.0,1521.46,104.0,14.63,0.81,39.08,2.09,84,0.0,0
4949,有成精密,光電業,1.91,2370766000.0,1241238743.4554975,1.29,3110145272.7802057,2.51,29.99,48.2,7.33,55.53,18.4,139.38,75.28,78.6,0.96,0.23,1.77,0.48,2,0.75,1
9958,世紀鋼,鋼鐵工業,6.56,14571164000.0,2221214024.390244,4.19,17061964667.59023,7.68,25.66,29.88,12.88,42.76,98.92,328.4,197.03,120.5,1.64,0.82,2.73,2.18,2,0.0,0
4951,精拓科,半導體業,5.98,539613000.0,90236287.62541805,2.94,554725279.5894911,6.15,16.13,13.97,11.04,25.01,67.9,153.81,99.2,96.3,1.03,0.71,1.6,6.99,4,33.49,49
4952,凌通,半導體業,1.02,2122460000.0,2080843137.254902,0.62,2376216672.053531,1.14,28.9,43.1,11.4,54.5,13.0,62.13,32.95,59.2,0.56,0.22,1.05,3.48,7,17.48,72
4953,緯軟,資訊服務業,8.45,11343751000.0,1342455739.6449704,5.19,14686069119.465559,10.94,16.09,9.64,12.53,22.17,137.08,242.54,176.02,129.5,1.36,1.06,1.87,3.33,154,33.5,150
4956,光鋐,光電業,-0.8,1359151000.0,0.0,0.0,1452674215.434358,0.0,16.01,0.0,16.01,16.01,0.0,0.0,0.0,38.8,0.0,0.0,0.0,71.21,107,1.22,4
4958,臻鼎-KY,電子工業,6.87,178946617000.0,26047542503.63901,3.51,201507374678.21692,7.74,22.76,81.63,8.92,90.55,69.04,700.86,176.19,579.0,0.3,0.12,1.21,9.61,9,82.79,53
4960,誠美材,光電業,-2.59,8612063000.0,0.0,0.0,7908383026.79327,0.0,12.5,0.0,12.5,12.5,0.0,0.0,0.0,25.45,0.0,0.0,0.0,1.72,4,9.78,43
4961,天鈺,半導體業,9.65,18325723000.0,1899038652.8497407,5.94,18003253942.32745,9.48,14.09,16.35,5.11,21.46,48.44,203.44,133.56,177.0,0.75,0.27,1.15,9.3,107,2.69,2
4991,環宇-KY,半導體業,0.16,2159582000.0,13497387500.0,0.1,3152809407.017849,0.23,1379.45,4760.62,199.38,4960.0,45.86,1140.8,317.27,521.0,0.61,0.09,2.19,205.12,172,69.71,169
4994,傳奇,電子工業,1.96,1182743000.0,603440306.122449,1.03,1207574787.9242637,2.0,33.33,43.57,19.25,62.82,38.5,125.64,66.66,91.0,0.73,0.42,1.38,9.3,73,8.24,79
5213,亞昕,建材營造,3.14,17240512000.0,5490608917.197452,2.0,11921737267.802977,2.17,16.13,32.49,7.12,39.61,15.45,85.95,35.01,22.65,1.55,0.68,3.79,31.48,22,0.89,10
5215,科嘉-KY,電子工業,2.04,2592010000.0,1270593137.254902,1.26,3405958002.0943737,2.68,15.18,15.19,8.69,23.88,23.29,64.0,40.69,46.8,0.87,0.5,1.37,0.0,0,6.98,126
5220,萬達光電,光電業,-0.65,688288000.0,0.0,0.0,841266913.6380606,0.0,66.04,80.95,27.3,108.25,0.0,0.0,0.0,20.75,0.0,0.0,0.0,0.74,3,14.18,43
5222,全訊,半導體業,2.63,995074000.0,378355133.07984793,1.32,810628730.664331,2.14,35.25,55.49,18.84,74.33,40.32,159.07,75.43,129.5,0.58,0.31,1.23,4.6,10,40.26,60
9942,茂順,其他,8.15,3977553000.0,488043312.88343555,4.57,4484795954.2834425,9.19,13.05,4.89,10.0,14.89,91.9,136.84,119.9,118.5,1.01,0.78,1.15,0.39,24,2.6,21
9941A,裕融甲特,其他,0.0,0.0,0.0,0.0,0.0,0.0,0.0,0.0,0.0,0.0,0.0,0.0,0.0,50.8,0.0,0.0,0.0,0.98,49,1.16,49
5212,凌網,資訊服務業,4.75,1290950000.0,271778947.3684211,2.33,1435515006.7791674,5.28,14.18,12.4,9.52,21.92,50.27,115.74,74.89,48.0,1.56,1.05,2.41,10.3,88,24.43,133
5223,安力-KY,電腦及週邊設備業,-0.67,1919124000.0,0.0,0.0,1958215693.4165823,0.0,279.84,86.51,236.82,323.33,0.0,0.0,0.0,25.4,0.0,0.0,0.0,0.0,0,10.57,162
5225,東科-KY,電子工業,10.26,11240635000.0,1095578460.0389864,5.21,10439015065.147358,9.53,9.69,13.85,2.84,16.69,27.07,159.06,92.36,76.6,1.21,0.35,2.08,23.94,51,38.2,42
5227,立凱-KY,電子零組件業,0.18,402313000.0,2235072222.2222223,0.04,112806689.08528443,0.05,40.25,129.92,9.49,139.41,0.47,6.97,2.01,36.15,0.06,0.01,0.19,24.27,171,33.33,58
5228,鈺鎧,電子零組件業,-0.21,518941000.0,0.0,0.0,785894264.4871322,0.0,69.98,41.19,45.4,86.59,0.0,0.0,0.0,62.7,0.0,0.0,0.0,0.88,10,20.85,183
5230,雷笛克光學,光電業,-1.34,1327863000.0,0.0,0.0,1323774776.8336809,0.0,43.49,60.74,27.26,88.0,0.0,0.0,0.0,21.05,0.0,0.0,0.0,0.0,0,6.36,42
9941,裕融,其他,7.87,39779550000.0,5054580686.149937,3.88,38851507790.04264,7.69,13.95,7.87,10.54,18.41,81.05,141.57,107.24,83.1,1.29,0.98,1.7,4.75,23,7.43,50
5234,達興材料,光電業,7.37,4591955000.0,623060379.9185889,4.65,5052079151.88794,8.11,44.38,51.36,14.56,65.92,118.08,534.61,359.95,411.0,0.88,0.29,1.3,72.58,91,69.92,60
5236,凌陽創新,半導體業,8.65,1997623000.0,230939075.14450866,5.0,2310956199.863126,10.01,16.91,11.67,12.91,24.58,129.23,246.05,169.29,168.5,1.0,0.77,1.46,25.78,100,15.98,115
5211,蒙恬,資訊服務業,-0.77,210612000.0,0.0,0.0,294696071.56240004,0.0,0.0,0.0,0.0,0.0,0.0,0.0,0.0,22.3,0.0,0.0,0.0,2.5,4,41.76,65
5210,寶碩,資訊服務業,0.73,272289000.0,372998630.1369863,0.41,308003735.49746495,0.83,43.94,49.68,28.1,77.78,23.32,64.56,36.47,30.25,1.21,0.77,2.13,17.07,74,2.11,29
4995,晶達,光電業,2.24,1255787000.0,560619196.4285713,1.28,1384711877.2723355,2.47,17.06,12.97,11.02,23.99,27.22,59.26,42.13,45.2,0.93,0.6,1.31,6.2,4,0.0,0
4999,鑫禾,電子工業,-1.68,1927284000.0,0.0,0.0,1808548829.7654812,0.0,94.27,202.64,14.55,217.19,0.0,0.0,0.0,20.6,0.0,0.0,0.0,3.36,106,20.98,35
5007,三星,鋼鐵工業,3.02,6183145000.0,2047399006.6225166,1.53,5975381753.38335,2.92,16.92,8.48,14.05,22.53,41.03,65.79,49.41,55.9,0.88,0.73,1.18,3.87,25,6.04,177
5009,榮剛,鋼鐵工業,2.2,11632507000.0,5287503181.818181,1.12,11243936961.012438,2.13,12.72,11.77,7.95,19.72,16.93,42.0,27.1,34.95,0.78,0.48,1.2,2.79,10,12.3,52
5011,久陽,鋼鐵工業,-1.61,5105270000.0,0.0,0.0,4286723073.154938,0.0,15.61,15.71,12.09,27.8,0.0,0.0,0.0,24.2,0.0,0.0,0.0,1.74,38,3.79,28
5013,強新,鋼鐵工業,1.45,7819837000.0,5392991034.4827585,0.75,7957784125.9554,1.48,18.89,7.71,15.99,23.7,23.67,35.08,27.95,26.75,1.04,0.88,1.31,3.98,9,21.82,87
5014,建錩,鋼鐵工業,-2.36,14745203000.0,0.0,0.0,16561451589.96269,0.0,23.0,36.9,9.32,46.22,0.0,0.0,0.0,11.0,0.0,0.0,0.0,14.41,88,1.35,4
5015,華祺,鋼鐵工業,0.06,1529230000.0,25487166666.666668,0.02,1104363880.6042137,0.04,83.86,442.09,12.91,455.0,0.52,18.2,3.35,22.45,0.15,0.02,0.81,2.02,7,0.0,0
5016,松和,鋼鐵工業,1.51,2055226000.0,1361076821.192053,0.78,2095640798.4217553,1.54,17.45,10.98,13.58,24.56,20.91,37.82,26.88,24.35,1.1,0.86,1.55,0.54,66,0.0,0
9945,潤泰新,其他,3.93,35602939000.0,9059272010.178116,2.75,54450698712.680084,6.01,8.38,6.92,5.01,11.93,30.11,71.7,50.36,26.5,1.9,1.14,2.71,19.46,24,0.0,0
5201,凱衛,資訊服務業,-0.05,301274000.0,0.0,0.0,264683668.2424569,0.0,33.74,84.2,14.87,99.07,0.0,0.0,0.0,27.0,0.0,0.0,0.0,1.92,178,14.19,87
5202,力新,資訊服務業,-0.62,164862000.0,0.0,0.0,128607150.72968078,0.0,10.87,14.71,5.18,19.89,0.0,0.0,0.0,15.2,0.0,0.0,0.0,38.48,108,6.43,44
9944,新麗,其他,-0.16,2250752000.0,0.0,0.0,2451466680.3559866,0.0,203.46,397.97,4.03,402.0,0.0,0.0,0.0,18.0,0.0,0.0,0.0,3.93,24,0.58,4
5203,訊連,資訊服務業,3.63,2427908000.0,668845179.0633609,1.72,2416038259.228692,3.61,27.11,29.82,16.71,46.53,60.32,167.97,97.87,70.7,1.38,0.85,2.38,4.65,9,7.97,63
5206,坤悅,建材營造,3.84,3769600000.0,981666666.6666667,2.31,2431399252.4334106,2.48,14.33,69.72,4.31,74.03,10.69,183.59,35.54,23.2,1.53,0.46,7.91,35.71,24,1.06,59
5403,中菲,資訊服務業,8.56,3406899000.0,398002219.6261682,4.56,3271282896.277019,8.22,14.5,8.28,10.72,19.0,88.12,156.18,119.16,94.8,1.26,0.93,1.65,1.65,184,2.86,60
5410,國眾,資訊服務業,2.35,4317858000.0,1837386382.9787233,1.84,6663696200.277707,3.63,15.88,11.32,11.66,22.98,42.33,83.42,57.64,45.25,1.27,0.94,1.84,0.0,0,39.4,88
5425,台半,半導體業,2.08,17898763000.0,8605174519.230768,1.08,18237869573.19768,2.12,32.97,48.33,18.96,67.29,40.2,142.65,69.9,144.0,0.49,0.28,0.99,0.0,0,44.05,106
6108,競國,電子零組件業,-0.88,4214668000.0,0.0,0.0,4743314388.641526,0.0,33.63,64.93,7.75,72.68,0.0,0.0,0.0,19.0,0.0,0.0,0.0,0.0,0,11.7,38
6109,亞元,通信網路業,-0.94,758747000.0,0.0,0.0,950583765.9569541,0.0,136.23,30.5,115.5,146.0,0.0,0.0,0.0,14.2,0.0,0.0,0.0,3.1,92,35.1,102
6111,光聚晶電,文化創意業,-4.62,7140131000.0,0.0,0.0,17311691193.16236,0.0,741.84,1839.4,57.27,1896.67,0.0,0.0,0.0,43.45,0.0,0.0,0.0,0.0,0,6.75,80
6112,邁達特,資訊服務業,1.82,21632169000.0,11885807142.857143,1.22,25467977920.89206,2.14,804.54,5694.94,15.06,5710.0,32.23,12219.4,1721.71,44.85,38.39,0.72,272.45,3.23,8,8.26,2
8923,時報,文化創意業,0.95,450369000.0,474072631.57894737,0.45,421194763.330363,0.89,20.68,14.66,16.26,30.92,14.47,27.52,18.4,20.0,0.92,0.72,1.38,0.5,184,2.5,86
6113,亞矽,電子通路業,-0.25,646000000.0,0.0,0.0,846029815.4439666,0.0,411.99,515.93,84.07,600.0,0.0,0.0,0.0,26.15,0.0,0.0,0.0,4.19,3,7.59,50
8926,台汽電,油電燃氣業,2.45,8036606000.0,3280247346.938775,8.63,46992875934.30842,14.33,23.19,25.73,13.9,39.63,199.19,567.9,332.32,81.0,4.1,2.46,7.01,4.58,18,17.56,106
6114,久威,電子零組件業,2.66,897454000.0,337388721.80451125,1.2,720105601.8932964,2.13,27.35,73.19,7.05,80.24,15.02,170.91,58.26,32.15,1.81,0.47,5.32,43.5,59,5.52,30
6115,鎰勝,電子零組件業,2.85,7433274000.0,2608166315.7894735,1.54,8230156238.702247,3.16,16.18,5.41,13.15,18.56,41.55,58.65,51.12,48.7,1.05,0.85,1.2,0.0,0,0.0,0
8921,沈氏,其他,-0.12,627607000.0,0.0,0.0,653151599.6588624,0.0,0.0,0.0,0.0,0.0,0.0,0.0,0.0,17.7,0.0,0.0,0.0,40.5,85,2.5,30
6116,彩晶,光電業,-0.75,11477038000.0,0.0,0.0,11469043902.01253,0.0,7.56,0.0,7.56,7.56,0.0,0.0,0.0,18.2,0.0,0.0,0.0,0.0,0,49.51,184
6117,迎廣,電子工業,3.77,3198480000.0,848403183.0238727,2.01,3551580797.048895,4.19,25.82,35.17,15.58,50.75,65.28,212.64,108.17,73.8,1.47,0.88,2.88,16.81,9,3.19,36
6118,建達,電子通路業,0.4,9901791000.0,24754477500.0,0.2,10234543112.607107,0.41,40.28,60.83,25.3,86.13,10.37,35.31,16.52,17.35,0.95,0.6,2.04,8.32,8,76.47,52
8917,欣泰,油電燃氣業,2.22,3079267000.0,1387057207.2072072,1.15,2986830768.199479,2.15,26.3,10.09,22.29,32.38,47.92,69.62,56.55,53.0,1.07,0.9,1.31,8.31,183,6.1,37
6104,創惟,半導體業,5.62,4008734000.0,713297864.7686833,2.95,4055824439.1794715,5.69,39.04,72.15,14.34,86.49,81.59,492.13,222.11,105.5,2.11,0.77,4.66,78.33,151,1.71,4
6103,合邦,半導體業,-0.56,84771000.0,0.0,0.0,101608493.43285157,0.0,264.63,3882.23,12.77,3895.0,0.0,0.0,0.0,34.25,0.0,0.0,0.0,0.0,0,3.04,10
5907,大洋-KY,貿易百貨,-4.55,2793027000.0,0.0,0.0,2570149419.438242,0.0,0.0,0.0,0.0,0.0,0.0,0.0,0.0,5.18,0.0,0.0,0.0,40.56,107,2.36,3
6005,群益證,金融保險,2.64,18678452000.0,7075171212.121212,2.47,40749246054.4681,5.76,11.21,6.49,7.23,13.72,41.64,79.03,64.56,38.45,1.68,1.08,2.06,13.66,184,30.36,92
8931,大汽電,油電燃氣業,1.87,2513205000.0,1343959893.0481284,0.94,2580863532.2205997,1.92,21.55,11.59,17.03,28.62,32.7,54.95,41.37,43.4,0.95,0.75,1.27,0.0,0,2.26,67
6015,宏遠證,金融業,0.76,1429585000.0,1881032894.7368422,1.09,7590864475.743025,4.04,61.17,274.87,7.63,282.5,30.83,1141.3,247.12,17.95,13.77,1.72,63.58,0.0,0,4.61,92
6016,康和證,金融業,1.92,3881404000.0,2021564583.3333335,3.44,41062945779.58223,20.31,28.63,129.87,5.13,135.0,104.19,2741.85,581.49,29.35,19.81,3.55,93.42,0.0,0,18.45,184
6020,大展證,金融業,0.38,271592000.0,714715789.4736842,1.33,11420576651.07247,15.98,43.22,71.59,14.5,86.09,231.71,1375.72,690.73,22.95,30.1,10.1,59.94,1.29,1,1.06,177
8930,青鋼,鋼鐵工業,2.4,1443214000.0,601339166.6666667,1.18,1334359461.2579775,2.22,12.14,4.87,9.25,14.12,20.54,31.35,26.96,28.25,0.95,0.73,1.11,0.0,0,3.72,168
8929,富堡,其他,-0.45,725631000.0,0.0,0.0,718288488.483693,0.0,37.83,93.83,16.62,110.45,0.0,0.0,0.0,14.45,0.0,0.0,0.0,44.24,149,7.14,44
6021,美好證,金融業,3.75,2015939000.0,537583733.3333334,5.63,58801584778.76174,109.38,16.39,23.72,5.4,29.12,590.65,3185.15,1792.61,40.5,44.26,14.58,78.65,1.43,3,35.59,129
6023,元大期,金融業,8.45,3633121000.0,429955147.9289941,5.28,4600201662.229895,10.7,11.91,3.49,10.23,13.72,109.46,146.8,127.41,103.5,1.23,1.06,1.42,0.0,0,19.63,177
6024,群益期,金融保險,5.48,2946386000.0,537661678.8321167,1.4,1430137574.552833,2.66,10.28,7.9,7.71,15.61,20.51,41.52,27.35,62.5,0.44,0.33,0.66,4.7,154,8.92,169
6026,福邦證,金融業,1.72,1113064000.0,647130232.5581396,1.34,2473904966.2909255,3.82,20.0,79.06,7.01,86.07,26.78,328.79,76.39,16.1,4.74,1.66,20.42,0.62,2,24.09,183
6028,公勝保經,金融業,8.27,0.0,0.0,0.0,0.0,0.0,11.56,2.87,9.97,12.84,0.0,0.0,0.0,78.5,0.0,0.0,0.0,68.01,92,1.25,2
8927,北基,油電燃氣業,0.36,10630044000.0,29527900000.0,0.24,14954431792.604734,0.51,71.22,194.46,31.13,225.59,15.88,115.05,36.32,22.05,1.65,0.72,5.22,24.11,9,3.96,16
6101,寬魚國際,文化創意業,-0.19,1024378000.0,0.0,0.0,2747126750.388236,0.0,122.91,196.6,46.93,243.53,0.0,0.0,0.0,42.0,0.0,0.0,0.0,10.82,44,7.39,32
8916,光隆,其他,2.5,8358964000.0,3343585600.0,1.33,8000680205.158094,2.39,16.48,8.62,12.08,20.7,28.87,49.47,39.38,44.0,0.9,0.66,1.12,0.0,0,2.57,21
5906,台南-KY,貿易百貨,1.0,1692931000.0,1692931000.0,0.5,1626897555.8163347,0.96,36.24,56.96,9.78,66.74,9.39,64.07,34.79,0.0,0.0,0.0,0.0,0.0,0,0.0,0
6120,達運,光電業,-0.24,17216314000.0,0.0,0.0,15604365938.665081,0.0,41.07,33.93,24.61,58.54,0.0,0.0,0.0,14.6,0.0,0.0,0.0,0.0,0,25.34,157
6121,新普,電腦及週邊設備業,30.6,80560816000.0,2632706405.228758,17.95,85964409313.32057,32.65,12.52,5.66,10.08,15.74,329.11,513.91,408.86,467.5,0.87,0.7,1.1,6.15,149,13.74,29
6139,亞翔,電子工業,30.49,70821098000.0,2322764775.336176,20.22,133238790599.87805,57.36,17.86,19.32,9.46,28.78,542.63,1650.82,1024.24,932.0,1.1,0.58,1.77,1.37,1,104.4,165
6140,訊達,資訊服務業,-2.01,2476215000.0,0.0,0.0,1775906016.277956,0.0,36.6,34.25,21.76,56.01,0.0,0.0,0.0,21.0,0.0,0.0,0.0,0.0,0,16.81,7
8488,吉源-KY,其他,-2.06,3107874000.0,0.0,0.0,4437335178.306771,0.0,19.64,0.0,19.64,19.64,0.0,0.0,0.0,10.2,0.0,0.0,0.0,4.29,81,0.0,0
6141,柏承,電子工業,-4.65,1834584000.0,0.0,0.0,1929585385.70334,0.0,9.34,0.0,9.34,9.34,0.0,0.0,0.0,37.5,0.0,0.0,0.0,0.0,0,20.82,39
6142,友勁,通信網路業,-0.26,1786173000.0,0.0,0.0,1768975057.966926,0.0,6.65,0.0,6.65,6.65,0.0,0.0,0.0,9.74,0.0,0.0,0.0,12.81,112,16.88,60
6143,振曜,通信網路業,6.46,8607320000.0,1332402476.7801857,3.84,9683724776.262705,7.27,19.16,15.72,13.18,28.9,95.82,210.1,139.29,108.5,1.28,0.88,1.94,23.72,52,35.71,64
6144,得利影,文化創意業,-0.36,172362000.0,0.0,0.0,157635375.92704883,0.0,0.0,0.0,0.0,0.0,0.0,0.0,0.0,14.45,0.0,0.0,0.0,163.1,99,16.63,100
6146,耕興,其他電子類,10.78,4489524000.0,416467903.5250464,6.76,4849956072.565907,11.65,16.17,9.58,12.56,22.14,146.32,257.93,188.35,195.5,0.96,0.75,1.32,2.97,9,14.8,65
6147,頎邦,半導體業,3.73,21413608000.0,5740913672.922252,2.07,24328392164.74289,4.24,18.69,79.71,9.62,89.33,40.79,378.76,79.26,217.0,0.37,0.19,1.75,0.73,8,9.09,119
6148,驊宏資,資訊服務業,1.36,968037000.0,711791911.7647058,0.41,602519881.2736104,0.85,28.63,37.09,11.95,49.04,10.16,41.68,24.34,33.7,0.72,0.3,1.24,8.93,8,16.24,45
6150,撼訊,電腦及週邊設備業,2.62,7670408000.0,2927636641.221374,0.94,5435657318.259805,1.86,165.21,329.5,15.0,344.5,27.9,640.77,307.29,63.5,4.84,0.44,10.09,9.48,122,38.71,98
6151,晉倫,其他電子類,1.16,1695815000.0,1461909482.7586207,0.65,1851219515.632297,1.27,24.4,25.82,17.09,42.91,21.7,54.5,30.98,40.35,0.77,0.54,1.35,125.98,119,15.7,42
6138,茂達,半導體業,13.04,7357134000.0,564197392.6380368,8.29,8386172552.851584,14.86,19.59,19.54,12.74,32.28,189.32,479.68,291.17,440.0,0.66,0.43,1.09,6.98,105,35.83,119
6136,富爾特,電子工業,0.88,605803000.0,688412500.0,0.51,742909022.7548457,1.08,26.8,24.33,14.88,39.21,16.07,42.35,28.94,24.35,1.19,0.66,1.74,1.95,57,9.84,172
6122,擎邦,電機機械,4.78,4104869000.0,858759205.0209205,2.22,3903493091.213258,4.55,10.47,6.05,8.27,14.32,37.63,65.16,47.65,51.6,0.92,0.73,1.26,3.75,35,13.02,14
8908,欣雄,油電燃氣業,2.2,10642287000.0,4837403181.818181,1.06,9709061640.119884,2.01,22.47,12.43,17.96,30.39,36.1,61.08,45.16,40.45,1.12,0.89,1.51,1.49,53,8.0,147
8906,花王,其他,-0.78,205067000.0,0.0,0.0,195505944.0547915,0.0,0.0,0.0,0.0,0.0,0.0,0.0,0.0,29.45,0.0,0.0,0.0,9.52,18,10.22,177
6124,業強,電子零組件業,-0.98,1808813000.0,0.0,0.0,1858886182.6804714,0.0,0.0,0.0,0.0,0.0,0.0,0.0,0.0,30.1,0.0,0.0,0.0,22.07,105,10.95,8
6126,信音,電子零組件業,0.72,3836487000.0,5328454166.666667,0.51,5550659930.102412,1.04,31.68,33.41,19.03,52.44,19.79,54.54,32.95,36.35,0.91,0.54,1.5,3.03,4,58.39,184
6127,九豪,電子零組件業,0.46,978519000.0,2127215217.3913043,0.24,969998818.8948842,0.46,157.13,339.11,32.56,371.67,14.98,170.97,72.28,84.0,0.86,0.18,2.04,0.0,0,101.83,183
6128,上福,電子工業,-9.56,5257403000.0,0.0,0.0,5050681663.693739,0.0,11.76,4.25,9.69,13.94,0.0,0.0,0.0,20.65,0.0,0.0,0.0,0.0,0,1.0,11
6129,普誠,半導體業,-1.09,1113905000.0,0.0,0.0,1502593799.156515,0.0,0.0,0.0,0.0,0.0,0.0,0.0,0.0,20.85,0.0,0.0,0.0,4.09,7,83.08,58
6130,上亞科技,生技醫療業,-1.72,155618000.0,0.0,0.0,159416555.55555555,0.0,0.0,0.0,0.0,0.0,0.0,0.0,0.0,24.0,0.0,0.0,0.0,1.92,8,10.01,157
8905,裕國,其他,0.62,2134718000.0,3443093548.387097,0.32,2264969130.539188,0.66,35.6,54.47,15.18,69.65,10.02,45.97,23.5,0.0,0.0,0.0,0.0,0.31,1,2.57,85
8131,福懋科,電子工業,1.35,9623157000.0,7128264444.444444,1.0,13534108978.02845,1.9,36.65,97.28,10.69,107.97,20.31,205.14,69.63,82.2,0.85,0.25,2.5,0.0,0,145.16,184
6134,萬旭,電子零組件業,0.12,1862157000.0,15517975000.0,0.09,2736201551.5696054,0.18,290.15,793.36,64.14,857.5,11.55,154.35,52.23,34.35,1.52,0.34,4.49,69.88,100,55.44,170
8481,政伸,其他,3.26,1173670000.0,360021472.3926381,1.61,1152794909.9603887,3.2,17.04,18.5,10.99,29.49,35.17,94.37,54.52,42.1,1.3,0.84,2.24,0.58,92,7.39,15
5478,智冠,文化創意業,7.93,6441132000.0,812248675.9142497,4.52,7415554485.866945,9.13,15.75,14.28,11.41,25.69,104.17,234.55,143.77,104.0,1.38,1.0,2.26,0.71,122,6.34,85
5483,中美晶,半導體業,6.71,77689163000.0,11578116691.505217,3.45,79342702671.3372,6.85,17.19,20.76,9.14,29.9,62.61,204.81,117.74,209.5,0.56,0.3,0.98,3.79,7,37.17,108
5484,慧友,光電業,-0.59,458727000.0,0.0,0.0,973694381.4315711,0.0,128.92,54.6,101.89,156.49,0.0,0.0,0.0,47.75,0.0,0.0,0.0,0.0,0,50.56,52
5487,通泰,半導體業,-0.53,168084000.0,0.0,0.0,147442711.89597115,0.0,0.0,0.0,0.0,0.0,0.0,0.0,0.0,29.1,0.0,0.0,0.0,11.14,74,3.85,4
5488,松普,電子零組件業,0.11,778399000.0,7076354545.454545,0.07,974661193.858657,0.14,231.87,1095.49,24.51,1120.0,3.43,156.8,32.46,14.1,2.3,0.24,11.12,15.19,127,16.1,38
5489,彩富,其他電子類,2.0,1653712000.0,826856000.0,1.12,1896355963.6528244,2.29,31.44,57.17,16.19,73.36,37.08,167.99,71.99,66.7,1.08,0.56,2.52,0.0,0,0.0,0
5475,德宏,電子零組件業,-0.16,829935000.0,0.0,0.0,1759046039.8291976,0.0,1159.66,415.21,976.09,1391.3,0.0,0.0,0.0,226.5,0.0,0.0,0.0,4.08,1,238.31,175
5490,同亨,電腦及週邊設備業,1.69,1522742000.0,901030769.2307693,1.13,1797056998.0853493,1.99,27.08,57.81,15.33,73.14,30.51,145.55,53.88,30.4,1.77,1.0,4.79,0.0,0,29.36,67
5498,凱崴,電子零組件業,0.0,1359340000.0,0.0,0.0,2124732749.0171175,0.0,535.58,107.5,480.0,587.5,0.0,0.0,0.0,61.2,0.0,0.0,0.0,2.41,9,316.15,176
5508,永信建,建材營造,3.06,2428176000.0,793521568.627451,2.61,3262942144.839778,4.11,13.06,17.68,6.23,23.91,25.61,98.27,53.69,58.4,0.92,0.44,1.68,36.5,22,1.2,8
5511,德昌,建材營造,10.63,10690300000.0,1005672624.6472248,5.96,13014491290.81008,12.94,7.93,3.95,5.89,9.84,76.22,127.33,102.6,80.2,1.28,0.95,1.59,0.0,0,7.78,133
5512,力麒,建材營造,0.17,6947963000.0,40870370588.23529,0.08,6625898546.332816,0.16,58.4,60.42,25.0,85.42,4.0,13.67,9.34,8.18,1.14,0.49,1.67,15.29,11,4.49,59
5514,三豐,建材營造,-0.14,684937000.0,0.0,0.0,675189859.012442,0.0,73.66,121.34,40.66,162.0,0.0,0.0,0.0,13.65,0.0,0.0,0.0,12.5,22,0.0,0
5515,建國,建材營造,4.48,7364521000.0,1643866294.642857,2.42,8329639885.057978,5.07,9.56,7.36,6.64,14.0,33.66,70.98,48.49,40.6,1.19,0.83,1.75,23.11,147,55.73,184
5516,雙喜,建材營造,0.17,1938290000.0,11401705882.35294,0.12,3081121877.166386,0.27,38.1,73.67,7.58,81.25,2.05,21.94,10.29,10.5,0.98,0.2,2.09,3.53,11,0.0,0
5519,隆大,建材營造,4.96,6014678000.0,1212636693.548387,1.1,4328231418.961459,3.57,8.22,8.57,4.52,13.09,16.14,46.73,29.35,34.55,0.85,0.47,1.35,26.91,24,15.28,172
5493,三聯,其他電子類,4.18,5359000000.0,1282057416.2679427,2.38,6264581753.511814,4.89,19.16,26.06,11.24,37.3,54.96,182.4,93.7,92.9,1.01,0.59,1.96,3.85,2,33.8,169
5474,聰泰,電腦及週邊設備業,5.49,1444285000.0,263075591.98542804,2.38,1450878673.0927515,5.52,26.89,22.29,16.92,39.21,93.4,216.44,148.41,173.5,0.86,0.54,1.25,11.35,182,38.49,66
5471,松翰,電子工業,0.72,2689883000.0,3735948611.111111,0.44,3207210003.419533,0.86,44.17,58.96,8.99,67.95,7.73,58.44,37.99,63.8,0.6,0.12,0.92,0.0,0,26.18,71
5426,振發,電腦及週邊設備業,0.52,1797107000.0,3455975000.0,0.29,1848519562.096096,0.53,134.31,840.85,16.65,857.5,8.82,454.48,71.18,31.55,2.26,0.28,14.41,13.69,126,1.98,35
5434,崇越,電子工業,21.8,66554106000.0,3052940642.2018347,12.56,78391317928.1682,25.68,16.0,12.32,10.97,23.29,281.71,598.09,410.87,522.0,0.79,0.54,1.15,14.59,126,26.96,119
5438,東友,電腦及週邊設備業,0.51,1315943000.0,2580280392.1568627,0.15,732594451.4073325,0.28,77.68,339.58,14.59,354.17,4.09,99.17,21.75,19.7,1.1,0.21,5.03,133.52,121,57.7,80
5439,高技,電子零組件業,13.74,9245672000.0,672901892.2852983,7.79,15310076596.995598,22.75,36.27,53.48,14.74,68.22,335.34,1552.0,825.05,348.0,2.37,0.96,4.46,31.0,165,62.88,147
9902,台火,其他,-0.47,342343000.0,0.0,0.0,241280281.85659832,0.0,129.38,438.57,10.18,448.75,0.0,0.0,0.0,13.95,0.0,0.0,0.0,45.21,24,0.56,161
5452,佶優,其他電子類,0.33,4978088000.0,15085115151.51515,0.16,4482818376.188624,0.3,87.92,104.56,41.02,145.58,12.31,43.67,26.38,33.75,0.78,0.36,1.29,1.55,102,25.76,182
5455,昇益,建材營造,3.46,2170879000.0,627421676.300578,0.01,8155458.626921701,0.01,8.58,13.19,3.45,16.64,0.03,0.17,0.09,27.55,0.0,0.0,0.01,48.69,38,0.0,0
5457,宣德,電子零組件業,2.77,24329570000.0,8783238267.148014,1.24,23680326170.740612,2.7,24.37,57.55,12.27,69.82,33.13,188.51,65.79,34.85,1.89,0.95,5.41,9.5,150,31.22,78
5460,同協,電子零組件業,-0.17,234145000.0,0.0,0.0,258544957.44892216,0.0,121.06,237.16,46.59,283.75,0.0,0.0,0.0,19.3,0.0,0.0,0.0,54.95,66,31.05,45
5464,霖宏,電子零組件業,-2.6,967415000.0,0.0,0.0,1215638053.761851,0.0,28.3,44.96,11.64,56.6,0.0,0.0,0.0,103.5,0.0,0.0,0.0,0.0,0,9.13,123
5465,富驊,電腦及週邊設備業,1.29,5633240000.0,4366852713.178294,0.45,3460822176.122726,0.79,19.87,14.81,13.88,28.69,10.97,22.67,15.7,25.3,0.62,0.43,0.9,9.88,148,14.92,37
5468,凱鈺,半導體業,-0.65,164049000.0,0.0,0.0,234523877.18386024,0.0,438.83,68.75,406.25,475.0,0.0,0.0,0.0,34.05,0.0,0.0,0.0,0.54,2,39.7,154
5469,瀚宇博,電子工業,6.05,55369479000.0,9151980000.0,3.49,72291010388.34338,7.9,11.87,12.76,5.31,18.07,41.95,142.75,93.75,88.0,1.07,0.48,1.62,4.95,107,87.08,147
5520,力泰,建材營造,9.97,4226492000.0,423920962.888666,4.65,3997644513.354929,9.43,9.03,2.43,7.87,10.3,74.21,97.13,85.18,82.5,1.03,0.9,1.18,1.95,38,24.12,42
5521,工信,建材營造,0.51,8867276000.0,17386815686.27451,0.31,10412860594.838518,0.6,121.41,652.12,15.38,667.5,9.23,400.5,72.85,10.7,6.81,0.86,37.43,6.83,24,120.96,172
5523,豐謙,建材營造,-0.08,5246000.0,0.0,0.0,5262328.145842597,0.0,27.02,47.11,9.25,56.36,0.0,0.0,0.0,30.35,0.0,0.0,0.0,2.47,77,2.01,169
8937,合騏*,其他,-0.72,66133000.0,0.0,0.0,588598728.4296137,0.0,495.08,1276.5,38.88,1315.38,0.0,0.0,0.0,27.7,0.0,0.0,0.0,498.59,183,23.71,81
5864,致和證,金融業,2.56,996266000.0,389166406.25,0.0,0.0,0.0,11.14,29.6,4.29,33.89,0.0,0.0,0.0,45.5,0.0,0.0,0.0,0.0,0,37.34,184
5871A,中租-KY甲特,其他,0.0,0.0,0.0,0.0,0.0,0.0,0.0,0.0,0.0,0.0,0.0,0.0,0.0,102.0,0.0,0.0,0.0,1.13,182,0.98,11
5876,上海商銀,金融保險,3.06,54529641000.0,17820144117.64706,1.49,52580045305.497826,2.95,15.19,8.21,12.27,20.48,36.2,60.42,44.82,41.7,1.07,0.87,1.45,0.0,0,0.0,0
5878,台名,金融業,2.86,878908000.0,307310489.5104895,1.53,893254938.5417502,2.91,17.39,8.98,13.14,22.12,38.24,64.37,50.62,39.0,1.3,0.98,1.65,1.69,30,2.65,45
5880,合庫金,金融保險,1.36,72176581000.0,53071015441.17647,0.66,76429546972.79083,1.44,19.55,6.46,16.21,22.67,23.34,32.64,28.15,24.85,1.13,0.94,1.31,2.06,24,4.98,30
8936,國統,其他,4.08,6293893000.0,1542620833.3333333,2.23,7306330701.674497,4.74,16.08,18.65,11.38,30.03,53.94,142.34,76.23,57.1,1.34,0.94,2.49,13.76,10,29.53,128
8935,邦泰,其他,-0.77,520557000.0,0.0,0.0,510203959.9280967,0.0,0.0,0.0,0.0,0.0,0.0,0.0,0.0,23.35,0.0,0.0,0.0,33.52,133,90.09,57
5871,中租-KY,其他,11.24,97807317000.0,8701718594.30605,5.58,95524419674.82062,10.98,10.08,6.16,7.63,13.79,83.78,151.41,110.64,115.5,0.96,0.73,1.31,4.1,91,1.56,10
8942,森鉅,其他,1.83,3809373000.0,2081624590.1639342,0.68,1857400637.5380073,0.89,12.82,17.96,7.18,25.14,6.39,22.37,11.41,41.0,0.28,0.16,0.55,0.89,25,0.0,0
5609,中菲行,航運業,8.0,29430867000.0,3678858375.0,5.22,32944074964.03851,8.95,11.42,3.99,9.63,13.62,86.19,121.9,102.19,79.5,1.29,1.08,1.53,1.74,8,8.48,64
5525,順天,建材營造,1.4,747859000.0,534185000.00000006,7.9,10876730387.115555,20.36,22.72,39.55,8.37,47.92,170.41,975.65,462.52,21.85,21.17,7.8,44.65,22.16,22,0.61,4
5529,鉅陞,建材營造,2.02,78043000.0,38635148.51485149,36.09,3504932719.9446073,90.72,9.94,6.74,7.14,13.88,647.74,1259.19,901.97,22.35,40.36,28.98,56.34,18.86,8,0.33,2
5530,龍巖,其他,2.74,4023918000.0,1468583211.678832,1.43,3619135737.9779425,2.46,16.82,11.74,13.31,25.05,32.74,61.62,41.38,49.55,0.84,0.66,1.24,1.8,10,5.36,7
5531,鄉林,建材營造,-0.28,3568155000.0,0.0,0.0,390761497.8430701,0.0,76.97,135.77,34.23,170.0,0.0,0.0,0.0,8.06,0.0,0.0,0.0,12.04,24,11.42,31
5533,皇鼎,建材營造,0.56,1128405000.0,2015008928.5714283,0.35,1269355973.8436244,0.63,15.73,22.81,3.53,26.34,2.22,16.59,9.91,14.2,0.7,0.16,1.17,7.22,24,0.0,0
5534,長虹,建材營造,6.0,9314448000.0,1552408000.0,2.67,8074158271.08939,5.2,12.48,14.72,9.34,24.06,48.57,125.11,64.9,80.3,0.81,0.6,1.56,28.26,24,0.23,4
5536,聖暉*,其他電子類,28.42,41109272000.0,1446490921.8859956,16.77,51625045111.609634,35.69,24.17,28.82,13.66,42.48,487.53,1516.11,862.55,1435.0,0.6,0.34,1.06,48.01,183,138.21,64
5538,東明-KY,鋼鐵工業,3.02,12673987000.0,4196684437.0860925,1.64,13618975280.140825,3.25,14.26,25.98,6.37,32.35,20.7,105.14,46.36,33.1,1.4,0.63,3.18,29.84,88,6.6,184
5543,桓鼎-KY,建材營造,-2.51,3144157000.0,0.0,0.0,3305651471.5461893,0.0,0.0,0.0,0.0,0.0,0.0,0.0,0.0,28.15,0.0,0.0,0.0,0.0,0,54.04,184
5546,永固-KY,建材營造,-2.13,2087510000.0,0.0,0.0,925485031.8262368,0.0,166.8,161.41,17.41,178.82,0.0,0.0,0.0,16.9,0.0,0.0,0.0,5.07,11,1.33,11
5547,久舜,建材營造,3.14,291501000.0,92834713.37579617,0.0,0.0,0.0,8.26,2.68,6.83,9.51,0.0,0.0,0.0,23.2,0.0,0.0,0.0,8.45,37,5.75,184
5548,安倉,建材營造,2.04,2476373000.0,1213908333.3333333,1.13,2732584760.5135202,2.25,13.04,8.61,8.96,17.57,20.16,39.53,29.35,23.8,1.23,0.85,1.66,15.26,52,1.56,14
5601,台聯櫃,航運業,0.42,93551000.0,222740476.1904762,0.25,94757776.00663412,0.43,89.44,28.27,72.5,100.77,31.18,43.33,38.46,32.3,1.19,0.97,1.34,0.0,0,4.17,2
5603,陸海,航運業,0.4,1398865000.0,3497162500.0,0.2,1308312538.1571245,0.37,65.84,330.62,11.05,341.67,4.09,126.42,24.36,14.85,1.64,0.28,8.51,25.0,112,3.57,31
8996,高力,電機機械,9.08,5988938000.0,659574669.6035242,10.1,14023794300.389585,21.26,68.59,114.67,26.39,141.06,561.05,2998.94,1458.29,1425.0,1.02,0.39,2.1,0.0,0,170.76,122
5607,遠雄港,航運業,2.78,4051816000.0,1457487769.7841728,1.72,5475993438.618048,3.76,20.29,12.65,14.68,27.33,55.2,102.76,76.27,52.0,1.47,1.06,1.98,1.63,10,25.3,36
5608,四維航,航運業,-0.12,3208452000.0,0.0,0.0,3195762624.5600595,0.0,62.09,59.68,5.97,65.65,0.0,0.0,0.0,14.95,0.0,0.0,0.0,0.0,0,39.26,150
5522,遠雄,建材營造,7.45,28122985000.0,3774897315.4362416,2.73,178765769395.85535,47.36,18.1,28.8,6.74,35.54,319.21,1683.17,857.29,64.8,13.23,4.93,25.97,8.2,8,23.9,169
6535,順藥,生技醫療業,-2.06,40430000.0,0.0,0.0,27973806.90270753,0.0,0.0,0.0,0.0,0.0,0.0,0.0,0.0,106.5,0.0,0.0,0.0,84.73,112,126.24,71
6908,宏碁遊戲-創,電子工業,1.44,0.0,0.0,0.0,0.0,0.0,27.3,11.47,21.93,33.4,0.0,0.0,0.0,37.5,0.0,0.0,0.0,0.14,9,23.21,106
6909,創控,半導體業,1.02,369381000.0,362138235.2941176,0.79,998098010.4135082,2.76,44.02,51.16,24.64,75.8,68.01,209.21,121.49,57.6,2.11,1.18,3.63,10.29,3,15.6,32
6910,德鴻,數位雲端類,2.0,65267000.0,32633500.0,0.0,0.0,0.0,15.29,3.89,13.16,17.05,0.0,0.0,0.0,27.4,0.0,0.0,0.0,4.18,9,28.4,59
6913,鴻呈,電子零組件業,4.4,2590078000.0,588654090.9090909,2.65,3241702417.0257206,5.51,30.68,42.3,19.58,61.88,107.89,340.96,169.07,125.0,1.35,0.86,2.73,15.56,151,27.35,60
7828,創新服務,半導體業,6.31,0.0,0.0,0.0,0.0,0.0,237.9,187.13,156.8,343.93,0.0,0.0,0.0,2035.0,0.0,0.0,0.0,81.68,111,49.79,179
7827,漢康-KY創,生技醫療業,-2.27,312223000.0,0.0,0.0,0.0,0.0,0.0,0.0,0.0,0.0,0.0,0.0,0.0,156.0,0.0,0.0,0.0,100.0,52,71.07,184
6914,阜爾運通,其他,9.61,5625004000.0,585328199.7918835,5.04,6117587550.016032,10.45,17.48,7.26,14.31,21.57,149.54,225.41,182.64,144.5,1.26,1.03,1.56,0.0,0,7.27,126
6916,華凌,光電業,-1.43,2011922000.0,0.0,0.0,2190569812.496865,0.0,77.79,171.1,26.71,197.81,0.0,0.0,0.0,21.05,0.0,0.0,0.0,0.71,8,4.67,163
6906,現觀科,數位雲端,1.87,354906000.0,189789304.8128342,1.0,345571133.26908904,1.82,39.97,28.37,26.94,55.31,49.03,100.66,72.75,87.3,0.83,0.56,1.15,30.26,106,0.38,4
6887,寶綠特-KY,綠能環保,4.64,4751693000.0,1024071767.2413794,2.37,3839258120.4240837,3.75,10.92,9.49,6.12,15.61,22.95,58.54,40.94,34.0,1.2,0.68,1.72,11.87,42,0.0,0
6890,來億-KY,運動休閒,13.01,39806004000.0,3059646733.2820907,5.95,33830608732.209423,11.06,33.93,78.58,11.56,90.14,127.85,996.95,375.29,212.5,1.77,0.6,4.69,34.39,184,7.48,2
6894,衛司特,綠能環保類,10.99,1360634000.0,123806551.41037306,8.33,2204246103.7176676,17.8,23.47,19.2,16.24,35.44,289.07,630.83,417.74,366.5,1.14,0.79,1.72,0.0,0,40.54,184
6895,宏碩系統,半導體業,3.61,819077000.0,226891135.73407203,1.19,764369206.248139,3.37,71.67,96.85,37.96,134.81,127.93,454.31,241.52,148.0,1.63,0.86,3.07,12.55,9,94.02,63
6899,創為精密,光電業,3.59,1175122000.0,327332033.4261839,1.7,1150961107.0215724,3.52,15.78,6.26,12.71,18.97,44.74,66.77,55.53,59.0,0.94,0.76,1.13,2.06,3,11.09,122
6901,鑽石投資,其他,-1.38,-1063116000.0,0.0,0.0,0.0,0.0,0.0,0.0,0.0,0.0,0.0,0.0,0.0,18.9,0.0,0.0,0.0,1.33,10,4.46,51
7842,天能綠電,綠能環保類,4.01,0.0,0.0,0.0,0.0,0.0,24.01,9.71,21.59,31.3,0.0,0.0,0.0,98.5,0.0,0.0,0.0,0.0,0,8.13,4
7839,達人網,數位雲端類,2.56,101880000.0,39796875.0,2.23,586776628.5417209,14.74,17.33,3.82,15.84,19.66,233.48,289.79,255.44,42.3,6.04,5.52,6.85,0.0,0,3.17,4
6903,巨漢,其他電子類,10.62,3177380000.0,299188323.9171375,13.22,12126163512.320808,40.53,20.11,35.06,9.44,44.5,382.6,1803.58,814.9,392.5,2.08,0.97,4.6,0.0,0,136.54,179
6904,伯鑫,其他,5.44,880215000.0,161804227.94117644,2.72,826572369.6368016,5.11,16.54,11.84,11.32,23.16,57.85,118.35,84.54,127.0,0.67,0.46,0.93,0.0,0,0.0,0
6907,雅特力-KY,半導體業,2.09,139884000.0,66930143.54066986,0.0,0.0,0.0,51.98,59.41,19.68,79.09,0.0,0.0,0.0,187.5,0.0,0.0,0.0,282.65,158,282.65,158
6929,佑全,生技醫療業,-1.63,3229077000.0,0.0,0.0,3207584184.129911,0.0,300.38,303.33,196.67,500.0,0.0,0.0,0.0,0.0,0.0,0.0,0.0,0.0,0,0.43,144
6931,青松健康,化學生技醫療,1.39,1108355000.0,797377697.8417267,0.78,1285616495.3275385,1.61,67.77,84.53,20.62,105.15,33.2,169.29,109.1,40.2,2.71,0.83,4.21,8.0,8,32.36,154
7822,倍利科,半導體業,14.04,0.0,0.0,0.0,0.0,0.0,94.0,68.19,62.17,130.36,0.0,0.0,0.0,1120.0,0.0,0.0,0.0,73.11,155,97.73,177
7821,神數,汽車工業,2.99,0.0,0.0,0.0,0.0,0.0,14.63,6.15,11.17,17.32,0.0,0.0,0.0,42.05,0.0,0.0,0.0,10.89,155,51.46,114
7820,立盈,綠能環保類,1.84,0.0,0.0,0.0,0.0,0.0,64.47,33.75,53.11,86.86,0.0,0.0,0.0,126.5,0.0,0.0,0.0,177.23,132,64.71,56
6933,AMAX-KY,電子工業,5.05,6971809000.0,1380556237.6237624,2.73,7701254124.983797,5.58,44.15,75.96,22.05,98.01,123.04,546.9,246.34,149.0,1.65,0.83,3.67,1.21,2,99.19,31
6934,心誠鎂,化學生技醫療,-3.92,70823000.0,0.0,0.0,0.0,0.0,0.0,0.0,0.0,0.0,0.0,0.0,0.0,68.0,0.0,0.0,0.0,27.62,133,37.61,184
7819,精誠金融,資訊服務業,2.91,478498000.0,164432302.40549827,1.25,589775270.0232675,3.59,14.98,3.72,12.98,16.7,46.6,59.95,53.79,38.15,1.41,1.22,1.57,113.03,8,42.06,56
6936,永鴻生技,化學生技醫療,1.83,1174176000.0,641626229.5081967,1.16,2045938872.9949894,3.19,19.48,7.25,16.61,23.86,52.99,76.11,62.13,33.0,1.88,1.61,2.31,7.19,123,10.67,108
6937,天虹,半導體業,3.01,2637017000.0,876085382.0598007,1.49,2270579898.882048,2.59,56.66,85.09,26.87,111.96,69.59,289.98,146.75,275.0,0.53,0.25,1.05,59.92,154,37.5,101
6928,攸泰科技,電腦及週邊設備業,-0.73,1987148000.0,0.0,0.0,1765249822.746804,0.0,28.62,19.04,17.99,37.03,0.0,0.0,0.0,57.1,0.0,0.0,0.0,0.0,0,81.99,58
6918,愛派司,化學生技醫療,5.17,630947000.0,122040038.68471953,3.73,1426193518.7469583,11.69,17.64,13.01,14.21,27.22,166.11,318.2,206.19,75.5,2.73,2.2,4.21,6.33,121,10.07,2
6919,康霈*,化學生技醫療,-0.23,38037000.0,0.0,0.0,11113332.459875533,0.0,0.0,0.0,0.0,0.0,0.0,0.0,0.0,100.0,0.0,0.0,0.0,1.24,1,0.0,0
6921,嘉雨思-創,創新板股票,0.34,25431000.0,74797058.8235294,0.0,0.0,0.0,163.64,255.61,50.27,305.88,0.0,0.0,0.0,69.0,0.0,0.0,0.0,65.08,119,65.08,119
6923,中台,綠能環保,3.03,1166339000.0,384930363.03630364,1.68,1264140950.922442,3.28,25.3,23.4,14.31,37.71,46.94,123.69,82.98,78.9,1.05,0.59,1.57,0.93,49,44.84,94
7823,奧義賽博-KY創,數位雲端,0.24,33073000.0,137804166.6666667,0.0,0.0,0.0,0.0,0.0,0.0,0.0,0.0,0.0,0.0,80.0,0.0,0.0,0.0,0.0,0,0.0,0
6925,意藍,數位雲端類,3.09,159228000.0,51530097.08737864,1.98,349659606.9857697,6.79,38.14,44.97,19.75,64.72,134.1,439.45,259.0,60.7,4.27,2.21,7.24,3.59,2,4.22,1
6922,宸曜,電腦及週邊設備業,7.05,1695512000.0,240498156.0283688,4.15,2075257963.0172536,8.63,26.35,23.6,17.5,41.1,151.02,354.69,227.44,180.5,1.26,0.84,1.97,6.94,170,25.56,65
6885,全福生技,生技醫療業,-3.32,4460000.0,0.0,0.0,18679449.120122418,0.0,0.0,0.0,0.0,0.0,0.0,0.0,0.0,21.75,0.0,0.0,0.0,9.24,9,4.8,57
6840,東研信超,其他電子類,1.57,883542000.0,562765605.0955414,0.85,1018060233.7331357,1.81,142.99,374.23,37.53,411.76,67.93,745.29,258.81,65.0,3.98,1.05,11.47,0.0,0,53.51,65
6841,長佳智能,生技醫療業,0.89,362374000.0,407161797.752809,0.45,403305413.54380846,0.99,97.91,250.28,49.4,299.68,48.91,296.68,96.93,66.4,1.46,0.74,4.47,0.0,0,29.98,80
6843,進典,電機機械,2.21,808039000.0,365628506.7873303,1.01,884599311.0026159,2.42,21.48,13.4,14.42,27.82,34.9,67.32,51.98,40.7,1.28,0.86,1.65,1.64,1,18.0,65
6844,諾貝兒,生技醫療業,2.35,3445244000.0,1466061276.5957446,1.37,3400427311.0608706,2.32,35.35,28.41,23.58,51.99,54.71,120.62,82.01,62.2,1.32,0.88,1.94,10.58,122,2.46,21
6846,綠茵,食品工業,5.39,903935000.0,167705936.92022264,2.58,827505427.7419642,4.93,14.38,6.72,11.66,18.38,57.48,90.61,70.89,63.8,1.11,0.9,1.42,3.9,88,0.0,0
6838,台新藥,生技醫療業,-0.54,6269000.0,0.0,0.0,60458760.17170586,0.0,0.0,0.0,0.0,0.0,0.0,0.0,0.0,24.75,0.0,0.0,0.0,1.65,1,0.0,0
6835,圓裕,電子零組件業,0.97,2406345000.0,2480768041.2371135,0.47,2208850023.357435,0.89,37.22,294.11,8.2,302.31,7.3,269.06,33.13,35.4,0.94,0.21,7.6,5.12,1,1.83,56
6823,濾能,半導體業,-8.03,631530000.0,0.0,0.0,736352196.7856092,0.0,0.0,0.0,0.0,0.0,0.0,0.0,0.0,70.8,0.0,0.0,0.0,14.71,93,133.25,169
6830,汎銓,其他電子業,-0.7,2139984000.0,0.0,0.0,2579084107.0291724,0.0,116.31,278.75,26.25,305.0,0.0,0.0,0.0,439.5,0.0,0.0,0.0,49.66,100,52.52,184
6831,邁科,電子工業,4.93,959783000.0,194682150.1014199,0.0,0.0,0.0,160.49,178.0,71.24,249.24,0.0,0.0,0.0,859.0,0.0,0.0,0.0,3.44,184,145.78,182
6834,天二科技,電子工業,0.51,1428164000.0,2800321568.627451,0.32,1797313414.7800086,0.64,311.15,1352.96,32.04,1385.0,20.51,886.4,199.14,128.0,1.56,0.16,6.92,2.64,8,6.14,10
6872,浩宇生醫,生技醫療業,-2.14,11027000.0,0.0,0.0,52245439.441692926,0.0,0.0,0.0,0.0,0.0,0.0,0.0,0.0,16.7,0.0,0.0,0.0,3.85,14,6.25,49
6874,倍力,資訊服務業,3.16,1341672000.0,424579746.835443,3.06,2262035622.838008,5.33,21.72,14.45,15.65,30.1,83.41,160.43,115.74,82.2,1.41,1.01,1.95,0.0,0,4.48,4
6875,國邑*,生技醫療業,-2.98,69673000.0,0.0,0.0,13189156.108484697,0.0,314.52,215.27,232.73,448.0,0.0,0.0,0.0,38.0,0.0,0.0,0.0,5.8,88,48.29,113
6877,鏵友益,其他電子類,0.61,505472000.0,828642622.9508197,0.15,242579325.01845354,0.29,237.81,790.71,55.12,845.83,15.98,245.29,68.97,133.5,0.52,0.12,1.84,59.34,154,25.62,36
6881,潤德,其他,19.42,2443619000.0,125830020.59732233,9.82,2574293411.7537227,20.46,15.02,8.31,10.98,19.29,224.65,394.67,307.39,230.5,1.33,0.97,1.71,3.26,7,3.96,65
6884,海柏特,資訊服務業,2.06,238706000.0,115876699.02912621,0.0,0.0,0.0,17.95,6.44,16.39,22.83,0.0,0.0,0.0,32.85,0.0,0.0,0.0,0.0,0,0.0,0
6870,騰雲,數位雲端類,7.11,780362000.0,109755555.55555555,4.35,1135884556.6909025,10.35,43.23,51.96,24.36,76.32,252.13,789.91,447.41,298.0,1.5,0.85,2.65,24.38,156,26.73,170
6855,數泓科,其他電子類,7.86,616484000.0,78433078.88040712,3.87,549958970.1383746,7.01,16.69,10.22,12.83,23.05,89.94,161.58,117.02,120.5,0.97,0.75,1.34,25.64,91,2.9,29
6856,鑫傳,文化創意業,2.62,774482000.0,295603816.7938931,1.23,754162872.3156989,2.55,18.04,12.53,13.35,25.88,34.04,65.99,45.99,42.45,1.08,0.8,1.55,14.29,72,0.0,0
6859,伯特光,光電業,2.87,926738000.0,322905226.4808362,1.08,552372110.7297827,1.71,91.46,310.16,30.47,340.63,52.1,582.48,156.4,122.0,1.28,0.43,4.77,67.83,184,3.85,10
6861,睿生光電,化學生技醫療,3.84,2281307000.0,594090364.5833334,2.59,3218695958.492216,5.42,26.71,100.32,10.91,111.23,59.13,602.87,144.77,321.5,0.45,0.18,1.88,0.0,0,49.62,87
6862,三集瑞-KY,電子零組件業,8.28,2269658000.0,274113285.0241546,3.28,1634189643.2893116,5.96,19.26,26.54,10.67,37.21,63.59,221.77,114.78,195.0,0.59,0.33,1.14,0.0,0,55.72,113
6863,永道-KY,通信網路業,3.0,4049237000.0,1349745666.6666667,1.9,4508560795.895801,3.34,28.58,95.76,12.96,108.72,43.29,363.12,95.47,92.9,1.03,0.47,3.91,27.64,91,3.56,16
6944,兆聯實業,綠能環保,32.15,13084153000.0,406972099.533437,24.35,37025513640.156,90.98,24.62,14.12,17.77,31.89,1616.71,2901.35,2240.08,981.0,2.28,1.65,2.96,34.93,15,69.16,184
7818,溢泰實業,綠能環保,5.64,0.0,0.0,0.0,0.0,0.0,11.34,2.71,9.77,12.48,0.0,0.0,0.0,70.5,0.0,0.0,0.0,0.0,0,26.26,46
7547,碩網,數位雲端類,2.61,225145000.0,86262452.1072797,2.11,1580008163.942011,18.32,30.68,42.51,20.04,62.55,367.13,1145.92,562.02,58.5,9.61,6.28,19.59,102.45,100,35.48,31
7749,意騰-KY,半導體業,11.64,1157049000.0,99402835.05154638,10.51,4811998030.707583,48.41,71.15,78.8,31.36,110.16,1518.14,5332.85,3444.46,427.0,8.07,3.56,12.49,11.02,10,24.19,49
7556,意德士,半導體業,7.21,736765000.0,102186546.4632455,4.15,835938648.044035,8.18,27.32,24.48,20.45,44.93,167.28,367.53,223.48,287.5,0.78,0.58,1.28,24.16,176,19.25,52
7584,樂意,文化創意業,-1.98,981776000.0,0.0,0.0,843558934.1594528,0.0,22.27,31.9,13.73,45.63,0.0,0.0,0.0,30.65,0.0,0.0,0.0,8.63,7,1.32,3
7610,聯友金屬-創,創新板股票,5.33,804389000.0,150917260.7879925,0.0,0.0,0.0,165.38,433.27,53.87,487.14,0.0,0.0,0.0,2545.0,0.0,0.0,0.0,5.71,2,100.78,176
7747,昕奇雲端,數位雲端類,4.07,856913000.0,210543734.64373463,4.2,5930882823.653776,28.17,32.16,8.03,28.22,36.25,794.96,1021.16,905.93,131.0,6.92,6.07,7.8,4.03,9,5.33,3
7760,享溫馨,觀光餐旅,0.69,0.0,0.0,0.0,0.0,0.0,54.13,35.8,26.4,62.2,0.0,0.0,0.0,36.7,0.0,0.0,0.0,0.17,3,0.0,0
7757,金色三麥,觀光餐旅,8.98,785893000.0,87515924.27616926,0.0,0.0,0.0,12.48,3.96,11.15,15.11,0.0,0.0,0.0,94.1,0.0,0.0,0.0,0.0,0,4.84,78
7753,星亞,光電業,4.21,450953000.0,107114726.8408551,0.0,0.0,0.0,11.54,7.59,9.29,16.88,0.0,0.0,0.0,44.7,0.0,0.0,0.0,12.97,4,8.57,8
7751,竑騰,半導體業,20.44,1012449000.0,49532729.941291586,0.0,0.0,0.0,57.65,105.7,26.74,132.44,0.0,0.0,0.0,1505.0,0.0,0.0,0.0,37.09,63,89.05,176
7402,邑錡,光電業,0.1,534763000.0,5347630000.0,0.05,421359898.5325107,0.08,277.15,1292.47,42.53,1335.0,3.4,106.8,22.17,136.0,0.16,0.02,0.79,0.0,0,102.97,63
7750,新代,電機機械,35.18,5251207000.0,149266827.74303582,0.0,0.0,0.0,45.32,67.36,29.12,96.48,0.0,0.0,0.0,2190.0,0.0,0.0,0.0,41.75,85,42.5,53
7631,聚賢研發-創,其他電子業,6.56,851604000.0,129817682.92682928,7.49,2307042336.3591037,17.77,23.61,19.53,12.69,32.22,225.5,572.55,419.61,154.5,2.72,1.46,3.71,0.48,1,27.85,42
7736,虎山,汽車工業,5.09,1548758000.0,304274656.1886051,2.35,1603146339.3784857,5.27,16.76,9.72,11.72,21.44,61.76,112.99,88.34,70.4,1.25,0.88,1.6,21.15,79,3.48,16
7715,裕山,綠能環保類,3.11,1363429000.0,438401607.7170418,1.1,774559454.1149977,1.77,8.85,9.28,6.43,15.71,11.38,27.81,15.66,34.55,0.45,0.33,0.8,1.08,4,1.62,14
7716,昱臺國際,航運業,2.23,614609000.0,275609417.0403587,0.0,0.0,0.0,12.04,12.31,8.63,20.94,0.0,0.0,0.0,25.2,0.0,0.0,0.0,6.01,2,6.69,4
7717,萊德光電-KY,通信網路業,6.12,168424000.0,27520261.437908497,0.0,0.0,0.0,152.12,374.68,25.77,400.45,0.0,0.0,0.0,450.5,0.0,0.0,0.0,550.7,144,550.7,144
7734,印能科技,半導體業,35.67,2285909000.0,64084917.297448836,27.49,3884178628.237536,60.61,42.36,97.58,18.39,115.97,1114.62,7028.94,2567.16,2955.0,0.87,0.38,2.38,26.01,137,26.34,14
7732,金興精密,汽車工業,1.73,1119185000.0,646927745.6647398,0.81,910613949.9637227,1.41,19.37,15.24,11.99,27.23,16.91,38.39,27.32,35.45,0.77,0.48,1.08,18.82,109,0.0,0
7721,微程式,數位雲端,0.57,292165000.0,512570175.43859655,0.63,2554798694.571969,4.98,76.18,155.28,21.45,176.73,106.82,880.12,379.36,71.5,5.31,1.49,12.31,25.56,134,0.0,0
7722,LINEPAY,數位雲端,7.46,7771476000.0,1041752815.0134048,4.05,8958598432.913881,8.6,62.78,54.78,35.25,90.03,303.15,774.26,539.91,317.0,1.7,0.96,2.44,23.08,123,11.62,29
7723,築間,觀光餐旅,-6.59,4033872000.0,0.0,0.0,5239293741.964733,0.0,56.61,97.22,13.57,110.79,0.0,0.0,0.0,23.25,0.0,0.0,0.0,0.88,11,1.84,2
7728,光焱科技,其他電子類,4.95,338524000.0,68388686.86868687,3.01,405053067.39841986,5.92,102.51,251.6,24.4,276.0,144.45,1633.92,606.84,680.0,0.89,0.21,2.4,12.28,106,133.08,184
7714,創泓科技,數位雲端類,6.33,1817600000.0,287140600.31595576,3.27,1861879263.188854,6.48,21.66,16.26,14.81,31.07,95.97,201.33,140.34,151.0,0.93,0.64,1.33,6.19,3,77.67,179
7713,威力德生醫,生技醫療業,4.64,1092554000.0,235464224.13793105,2.56,1314661885.173166,5.58,16.48,7.77,13.45,21.22,75.05,118.41,91.95,70.6,1.3,1.06,1.68,0.0,0,31.56,66
7712,博盛半導體,半導體業,5.42,1326237000.0,244693173.43173432,2.89,1348943835.6541467,5.51,23.18,28.03,12.04,40.07,66.34,220.79,127.74,213.5,0.6,0.31,1.03,28.26,3,37.93,63
7744,崴寶,電子零組件業,16.28,577003000.0,35442444.71744472,0.0,0.0,0.0,25.87,19.61,17.12,36.73,0.0,0.0,0.0,465.0,0.0,0.0,0.0,19.75,176,123.48,80
7642,昶瑞機電,電機機械,3.35,619877000.0,185037910.44776118,1.66,777676106.7013476,4.2,21.66,22.67,12.05,34.72,50.61,145.82,90.97,80.2,1.13,0.63,1.82,0.97,1,27.09,36
7743,金利食安,食品工業,0.55,571926000.0,1039865454.5454545,0.35,1038435146.3133698,1.0,23.0,28.57,14.29,42.86,14.29,42.86,23.0,20.6,1.12,0.69,2.08,1.55,21,0.0,0
7703,銳澤,其他電子類,8.72,2572226000.0,294980045.8715596,4.25,2720311345.454883,9.22,23.44,19.07,14.3,33.37,131.85,307.67,216.1,200.0,1.08,0.66,1.54,1.68,114,92.67,56
7704,明遠精密,半導體業,2.07,657463000.0,317614975.84541065,1.15,717300304.5534707,2.26,25.21,16.51,15.62,32.13,35.3,72.61,56.98,63.8,0.89,0.55,1.14,11.3,9,0.17,8
7740,熙特爾-創,綠能環保,4.97,1426350000.0,286991951.7102616,30.26,79180202283.31958,275.9,50.36,69.0,19.82,88.82,5468.34,24505.44,13895.08,145.0,95.83,37.71,169.0,113.24,141,22.73,42
7708,全家餐飲,觀光餐旅,6.46,2693523000.0,416954024.7678019,3.5,3041041109.9370074,7.29,16.28,5.15,13.4,18.55,97.69,135.23,118.65,94.4,1.26,1.03,1.43,13.95,126,5.62,128
7709,榮田,電機機械,2.51,982361000.0,391378884.4621514,1.71,1061227496.149796,2.71,19.34,58.71,7.38,66.09,20.0,179.1,52.41,86.6,0.61,0.23,2.07,0.0,0,0.0,0
7711,永擎,電子工業,13.04,8581110000.0,658060582.822086,0.0,0.0,0.0,26.06,24.77,17.28,42.05,0.0,0.0,0.0,325.0,0.0,0.0,0.0,23.01,80,57.35,87
7738,東聯互動,數位雲端類,14.61,201472000.0,13790006.844626969,0.0,0.0,0.0,13.06,5.82,11.45,17.27,0.0,0.0,0.0,176.5,0.0,0.0,0.0,0.0,0,15.91,71
7705,三商餐飲,觀光餐旅,1.93,6491220000.0,3363326424.870466,0.98,6797001641.499905,2.02,21.95,19.26,13.61,32.87,27.49,66.4,44.35,31.2,1.42,0.88,2.13,10.69,112,1.3,7
6821,聯寶,電子零組件業,1.13,587770000.0,520150442.4778761,0.63,541488066.2111864,1.04,37.98,40.09,24.2,64.29,25.17,66.86,39.49,57.6,0.69,0.44,1.16,54.1,113,12.77,39
7765,中華資安,數位雲端,11.49,990636000.0,86217232.37597911,16.64,8028098789.466549,93.11,24.78,10.51,19.7,30.21,1834.27,2812.85,2307.23,225.0,10.25,8.15,12.5,11.47,20,5.88,52
7768,頌勝科技,半導體業,3.23,166994000.0,51700928.79256966,0.0,0.0,0.0,115.32,68.12,71.95,140.07,0.0,0.0,0.0,370.0,0.0,0.0,0.0,19.21,150,14.96,182
7803,雲象科技-創,化學生技醫療,-2.29,236749000.0,0.0,0.0,105861254.00571683,0.0,0.0,0.0,0.0,0.0,0.0,0.0,0.0,23.35,0.0,0.0,0.0,0.0,0,21.6,144
6958,日盛台駿,其他,-2.4,10918289000.0,0.0,0.0,9875478419.845268,0.0,27.91,28.82,17.08,45.9,0.0,0.0,0.0,16.85,0.0,0.0,0.0,0.57,1,2.68,14
6958A,日盛台駿甲特,其他,0.0,0.0,0.0,0.0,0.0,0.0,0.0,0.0,0.0,0.0,0.0,0.0,0.0,18.2,0.0,0.0,0.0,0.0,0,0.0,0
6961,旅天下,觀光餐旅,4.23,248963000.0,58856501.18203309,0.0,0.0,0.0,15.97,9.97,11.85,21.82,0.0,0.0,0.0,54.5,0.0,0.0,0.0,4.3,8,9.97,78
6962,奕力-KY,半導體業,2.89,19108313000.0,6611873010.380623,1.33,17992922904.118153,2.72,14.84,18.79,8.64,27.43,23.5,74.61,40.36,39.25,1.03,0.6,1.9,15.57,80,4.7,10
6965,中傑-KY,運動休閒,3.52,22451409000.0,6378241193.181818,1.61,19192313382.363773,3.01,17.99,42.89,8.04,50.93,24.2,153.3,54.15,79.0,0.69,0.31,1.94,0.0,0,10.89,14
7799,禾榮科,生技醫療業,-3.29,6328000.0,0.0,0.0,0.0,0.0,0.0,0.0,0.0,0.0,0.0,0.0,0.0,430.0,0.0,0.0,0.0,159.34,104,10.97,14
6967,汎瑋材料,電子零組件業,4.03,1382324000.0,343008436.72456574,2.35,1744291689.700167,5.09,17.81,11.61,11.82,23.43,60.16,119.26,90.64,73.3,1.24,0.82,1.63,0.0,0,54.74,164
6968,萬達寵物,居家生活類,2.51,3188322000.0,1270247808.7649403,1.42,3679743354.883152,2.9,26.25,20.82,17.13,37.95,49.68,110.06,76.11,44.45,1.71,1.12,2.48,6.26,8,0.0,0
6957,裕慶-KY,其他,10.2,3808258000.0,373358627.4509804,6.33,4638339683.610119,12.42,15.61,13.47,10.46,23.93,129.91,297.21,193.82,212.0,0.91,0.61,1.4,22.92,57,41.77,123
6955,邦睿生技-創,生技醫療業,4.42,299178000.0,67687330.31674208,2.58,349853009.6584406,5.17,45.3,31.52,29.18,60.7,150.86,313.82,234.22,120.5,1.94,1.25,2.6,9.94,9,0.0,0
7805,威聯通,數位雲端類,56.3,1144386000.0,20326571.93605684,0.0,0.0,0.0,15.77,5.18,13.34,18.52,0.0,0.0,0.0,662.0,0.0,0.0,0.0,0.0,0,9.48,149
6945,圓祥生技,生技醫療業,-5.23,0.0,0.0,0.0,0.0,0.0,0.0,0.0,0.0,0.0,0.0,0.0,0.0,104.5,0.0,0.0,0.0,0.0,0,248.79,157
6971,惠民實業,綠能環保類,2.42,988744000.0,408571900.8264463,0.0,0.0,0.0,15.18,19.62,11.63,31.25,0.0,0.0,0.0,27.65,0.0,0.0,0.0,23.26,51,7.48,66
6952,大武山,其他,-1.2,1663305000.0,0.0,0.0,3110937504.1742234,0.0,32.44,27.8,21.29,49.09,0.0,0.0,0.0,35.4,0.0,0.0,0.0,12.3,21,0.41,107
7811,民盛,運動休閒類,8.1,0.0,0.0,0.0,0.0,0.0,13.45,6.51,9.9,16.41,0.0,0.0,0.0,79.0,0.0,0.0,0.0,15.36,49,4.88,2
7810,捷創科技,半導體業,6.25,125775000.0,20124000.0,0.0,0.0,0.0,41.11,37.06,31.36,68.42,0.0,0.0,0.0,204.5,0.0,0.0,0.0,0.0,0,248.45,179
6953,家碩,半導體業,7.98,1234907000.0,154750250.6265664,4.36,1449841822.2769177,9.37,29.84,24.48,17.52,42.0,164.16,393.54,279.59,237.5,1.18,0.69,1.66,3.32,1,55.49,93
7767,仁大資訊,資訊服務業,4.18,627804000.0,150192344.49760768,0.0,0.0,0.0,11.8,3.16,10.5,13.66,0.0,0.0,0.0,40.0,0.0,0.0,0.0,0.0,0,4.76,8
7795,長廣,電子零組件業,2.22,135531000.0,61049999.99999999,0.0,0.0,0.0,131.06,152.83,85.88,238.71,0.0,0.0,0.0,666.0,0.0,0.0,0.0,4.73,4,90.97,184
7786,東方風能,綠能環保,11.11,3094023000.0,278489918.9918992,0.0,0.0,0.0,15.0,6.89,11.64,18.53,0.0,0.0,0.0,124.0,0.0,0.0,0.0,94.86,109,12.79,43
6997,博弘,數位雲端類,5.11,4391103000.0,859315655.5772994,3.04,5479049282.599028,6.38,23.81,43.53,13.82,57.35,88.17,365.89,151.88,72.1,2.11,1.22,5.07,11.26,123,0.0,0
7782,光速火箭,居家生活類,2.13,242640000.0,113915492.95774649,0.0,0.0,0.0,12.45,7.49,9.65,17.14,0.0,0.0,0.0,26.75,0.0,0.0,0.0,0.0,0,0.0,0
7780,大研生醫*,食品工業,0.53,1098052000.0,2071796226.4150941,0.0,0.0,0.0,51.69,47.37,40.05,87.42,0.0,0.0,0.0,18.35,0.0,0.0,0.0,6.18,44,65.38,29
7777,能率亞洲,其他,0.58,-35480000.0,0.0,0.0,0.0,0.0,56.63,43.66,41.03,84.69,0.0,0.0,0.0,41.75,0.0,0.0,0.0,0.0,0,159.87,80
7772,耀穎,半導體業,1.86,36719000.0,19741397.849462364,0.0,0.0,0.0,148.65,103.75,88.44,192.19,0.0,0.0,0.0,137.0,0.0,0.0,0.0,30.23,1,0.0,0
7770,君曜,半導體業,3.0,140772000.0,46924000.0,0.0,0.0,0.0,18.28,7.41,15.32,22.73,0.0,0.0,0.0,43.15,0.0,0.0,0.0,0.0,0,0.0,0
7769,鴻勁,電子工業,75.71,8807978000.0,116338370.09642056,0.0,0.0,0.0,74.76,52.06,51.01,103.07,0.0,0.0,0.0,6800.0,0.0,0.0,0.0,70.54,32,163.85,176
6996,力領科技,半導體業,12.16,2658119000.0,218595312.5,7.19,3236067291.0703235,14.8,13.59,7.04,9.21,16.25,136.31,240.5,201.12,199.5,1.01,0.68,1.21,3.69,123,13.17,73
7788,松川精密,電子工業,3.63,2102773000.0,579276308.5399449,0.0,0.0,0.0,43.44,52.19,25.06,77.25,0.0,0.0,0.0,239.0,0.0,0.0,0.0,0.0,0,16.79,71
7794,宏碁智新,居家生活類,2.72,0.0,0.0,0.0,0.0,0.0,12.01,5.49,10.87,16.36,0.0,0.0,0.0,31.0,0.0,0.0,0.0,5.77,90,19.32,52
6982,大井泵浦,電機機械,0.06,1606908000.0,26781800000.0,0.04,1851863821.871087,0.07,143.92,981.88,14.79,996.67,1.04,69.77,10.07,53.0,0.19,0.02,1.32,5.53,23,30.85,46
7792,安葆,其他電子類,8.72,332632000.0,38145871.559633024,0.0,0.0,0.0,36.44,11.47,31.53,43.0,0.0,0.0,0.0,254.5,0.0,0.0,0.0,21.7,175,27.9,183
6983,華洋精機,其他電子類,4.46,336305000.0,75404708.52017938,1.11,259446119.03815764,3.44,91.98,33.71,84.59,118.3,290.99,406.95,316.42,353.0,0.9,0.82,1.15,10.16,15,73.08,177
6986,和迅,生技醫療業,2.42,291492000.0,120451239.6694215,1.41,315918651.94498515,2.62,17.55,1.83,16.82,18.65,44.07,48.86,45.97,51.1,0.9,0.86,0.96,5.85,95,0.0,0
7791,皇家可口,食品工業,8.26,886148000.0,107281840.1937046,0.0,0.0,0.0,12.62,4.81,10.3,15.11,0.0,0.0,0.0,62.7,0.0,0.0,0.0,0.0,0,10.22,50
6994,富威電力,綠能環保,6.34,3365121000.0,530776182.9652997,6.05,10209692263.627707,19.24,56.95,126.52,6.53,133.05,125.64,2559.88,1095.65,46.05,23.79,2.73,55.59,6.32,2,10.1,14
8097,常珵,通信網路業,-1.13,268148000.0,0.0,0.0,215525256.2806239,0.0,138.6,84.54,107.83,192.37,0.0,0.0,0.0,57.5,0.0,0.0,0.0,39.21,158,19.97,21
8096,擎亞,電子通路業,0.88,34409445000.0,39101642045.454544,0.56,33065915146.566166,0.85,46.48,106.45,9.88,116.33,8.4,98.88,39.51,167.5,0.24,0.05,0.59,39.71,50,40.67,126
6637,醫影,生技醫療業,7.16,1068011000.0,149163547.48603353,2.9,604832306.8890772,4.05,13.6,14.15,8.79,22.94,35.6,92.91,55.07,63.5,0.87,0.56,1.46,3.85,9,14.97,35
8093,保銳,電子零組件業,-1.32,197523000.0,0.0,0.0,238351870.99701247,0.0,0.0,0.0,0.0,0.0,0.0,0.0,0.0,20.0,0.0,0.0,0.0,1.16,1,20.97,123
6640,均華,半導體業,12.75,2608139000.0,204559921.56862745,7.94,4001269469.0840335,19.56,63.26,116.56,21.48,138.04,420.15,2700.06,1237.41,1120.0,1.1,0.38,2.41,44.22,50,17.51,78
8092,建暐,其他電子類,0.0,342132000.0,0.0,0.0,370316104.1874377,0.0,225.29,82.14,190.0,272.14,0.0,0.0,0.0,14.6,0.0,0.0,0.0,7.06,2,3.31,9
6642,富致,電子零組件業,2.6,541366000.0,208217692.3076923,1.47,579235916.6928114,2.78,21.54,23.0,13.91,36.91,38.67,102.61,59.88,85.0,0.7,0.45,1.21,11.42,107,2.23,25
6643,M31,半導體業,1.69,1664726000.0,985044970.4142013,0.95,1839687891.428894,1.87,1890.19,17362.77,62.23,17425.0,116.37,32584.75,3534.66,496.5,7.12,0.23,65.63,14.01,9,7.2,4
8089,康全電訊,通信網路業,-3.1,966852000.0,0.0,0.0,335650783.5268727,0.0,9.19,16.62,3.97,20.59,0.0,0.0,0.0,20.75,0.0,0.0,0.0,16.67,45,3.63,39
8088,品安,半導體業,1.7,1503537000.0,884433529.4117647,1.17,2633921202.875153,2.98,110.62,407.9,13.21,421.11,39.37,1254.91,329.64,60.8,5.42,0.65,20.64,0.0,0,58.91,128
6625,必應,其他,8.88,4041795000.0,455157094.59459454,5.33,6185680522.817773,13.59,13.11,17.56,7.15,24.71,97.17,335.81,178.13,79.2,2.25,1.23,4.24,0.49,2,0.0,0
8099,大世科,資訊服務業,2.64,4764597000.0,1804771590.9090908,1.42,6123297998.395934,3.39,32.24,28.29,19.79,48.08,67.09,162.99,109.29,58.7,1.86,1.14,2.78,0.0,0,12.86,73
6609,瀧澤科,電機機械,-1.53,2070606000.0,0.0,0.0,1794400194.6629274,0.0,29.06,44.32,14.78,59.1,0.0,0.0,0.0,41.2,0.0,0.0,0.0,133.33,108,26.75,39
8105,凌巨,電子工業,-0.3,8679610000.0,0.0,0.0,8540878867.656977,0.0,183.76,826.92,11.41,838.33,0.0,0.0,0.0,21.95,0.0,0.0,0.0,35.07,10,14.94,184
6612,奈米醫材,生技醫療業,1.15,1091495000.0,949126086.9565219,0.68,1271265390.3970265,1.34,62.18,58.02,36.15,94.17,48.44,126.19,83.33,74.0,1.13,0.65,1.71,10.68,7,1.27,3
6613,朋億*,其他電子類,13.37,9026692000.0,675145250.5609574,7.73,10507000895.169994,15.56,12.89,19.08,8.33,27.41,129.61,426.5,200.51,354.0,0.57,0.37,1.2,2.85,121,40.51,53
6614,資拓宏宇,數位雲端,2.08,1407674000.0,676766346.1538461,0.0,0.0,0.0,23.3,16.95,15.4,32.35,0.0,0.0,0.0,40.4,0.0,0.0,0.0,11.21,1,40.87,65
6615,慧智,生技醫療業,-0.43,386891000.0,0.0,0.0,373526458.27514756,0.0,98.4,251.54,34.71,286.25,0.0,0.0,0.0,37.05,0.0,0.0,0.0,4.57,10,0.0,0
8104,錸寶,電子工業,-0.55,3621838000.0,0.0,0.0,2457693850.7052746,0.0,1605.94,4461.94,38.06,4500.0,0.0,0.0,0.0,41.25,0.0,0.0,0.0,7.85,149,16.43,60
8103,瀚荃,電子零組件業,3.96,3334507000.0,842047222.2222222,2.33,3990281789.833726,4.74,19.04,23.25,8.86,32.11,42.0,152.2,90.27,102.5,0.88,0.41,1.48,28.36,4,104.56,158
6617,共信-KY,生技醫療業,-0.92,35690000.0,0.0,0.0,45222557.58683729,0.0,0.0,0.0,0.0,0.0,0.0,0.0,0.0,101.5,0.0,0.0,0.0,5.19,11,31.4,11
8102,傑霖科技,半導體業,2.25,66699000.0,29644000.0,0.0,0.0,0.0,28.58,40.48,12.85,53.33,0.0,0.0,0.0,67.4,0.0,0.0,0.0,0.0,0,1.55,51
8101,華冠,電子工業,-3.26,393227000.0,0.0,0.0,366913790.09277576,0.0,6.74,0.0,6.74,6.74,0.0,0.0,0.0,13.3,0.0,0.0,0.0,832.08,150,29.05,70
6620,漢達,生技醫療業,4.85,163380000.0,33686597.93814433,0.0,0.0,0.0,17.54,9.5,13.92,23.42,0.0,0.0,0.0,107.5,0.0,0.0,0.0,7.28,2,89.07,98
6606,建德工業,電機機械,1.1,807055000.0,733686363.6363636,0.76,968459740.8349725,1.32,27.22,12.02,21.51,33.53,28.39,44.26,35.93,24.95,1.44,1.14,1.77,30.4,59,8.68,56
6649,台生材,生技醫療業,1.4,213984000.0,152845714.2857143,0.52,153411156.65817353,1.0,54.78,94.17,27.86,122.03,27.86,122.03,54.78,38.0,1.44,0.73,3.21,20.19,119,109.95,99
8081,致新,電子工業,17.75,8617981000.0,485520056.3380282,8.81,8500252309.93554,17.51,13.22,11.87,7.57,19.44,132.55,340.39,231.4,324.0,0.71,0.41,1.05,0.0,0,9.95,38
6672,騰輝電子-KY,電子工業,4.85,4224417000.0,871013814.4329897,3.72,5540192294.290879,6.36,19.85,48.32,8.64,56.96,54.95,362.27,126.25,308.0,0.41,0.18,1.18,0.0,0,67.61,64
8076,伍豐,電腦及週邊設備業,0.15,1995767000.0,13305113333.333334,0.11,2683809875.1514874,0.2,59.84,178.16,14.73,192.89,2.95,38.58,11.97,26.3,0.46,0.11,1.47,3.02,79,7.18,52
8074,鉅橡,電子零組件業,1.35,1293671000.0,958274814.8148148,0.8,1564483700.7371008,1.63,31.87,53.63,15.04,68.67,24.52,111.93,51.95,68.5,0.76,0.36,1.63,31.93,109,163.21,175
6674,鋐寶科技,通信網路業,-1.13,627271000.0,0.0,0.0,447472088.06680745,0.0,51.18,0.0,51.18,51.18,0.0,0.0,0.0,17.1,0.0,0.0,0.0,18.69,136,17.93,37
8072,陞泰,電子通路業,1.11,1223670000.0,1102405405.4054053,0.67,1634629718.881008,1.48,33.09,41.13,21.96,63.09,32.5,93.37,48.98,29.3,1.67,1.11,3.19,0.0,0,0.0,0
8071,能率網通,電子零組件業,-1.19,2000187000.0,0.0,0.0,2187610492.8633566,0.0,0.0,0.0,0.0,0.0,0.0,0.0,0.0,30.95,0.0,0.0,0.0,0.0,0,21.64,80
6679,鈺太,半導體業,6.81,1974965000.0,290009544.78707784,4.28,2079722974.6750643,7.17,36.81,34.87,21.84,56.71,156.59,406.61,263.9,266.5,0.99,0.59,1.53,3.28,3,6.67,31
6669,緯穎,電腦及週邊設備業,275.06,889139530000.0,3232529375.409002,169.4,1397630063073.9663,432.36,18.62,24.0,12.0,36.0,5188.32,15564.96,8052.36,5035.0,1.6,1.03,3.09,0.0,0,92.26,127
6668,中揚光,電子工業,-1.93,1122085000.0,0.0,0.0,1355692509.0603583,0.0,0.0,0.0,0.0,0.0,0.0,0.0,0.0,39.05,0.0,0.0,0.0,0.0,0,5.51,60
8083,瑞穎,電機機械,9.8,1403166000.0,143180204.08163264,6.27,1471549433.9845843,10.28,16.87,6.35,13.1,19.45,134.67,199.95,173.41,163.5,1.06,0.82,1.22,2.99,24,0.31,1
6651,全宇昕,半導體業,6.31,1527269000.0,242039461.17274168,3.37,1552493346.4568205,6.41,13.57,16.51,8.45,24.96,54.16,159.99,86.97,169.0,0.51,0.32,0.95,51.82,91,2.26,179
8086,宏捷科,半導體業,3.36,3949612000.0,1175479761.904762,2.5,5806924602.473787,4.94,43.41,60.96,23.55,84.51,116.34,417.48,214.44,144.5,1.48,0.81,2.89,1.44,2,55.64,121
8085,福華,其他電子類,-1.01,645835000.0,0.0,0.0,688846757.2678922,0.0,0.0,0.0,0.0,0.0,0.0,0.0,0.0,12.25,0.0,0.0,0.0,10.88,2,21.32,71
6654,天正國際,其他電子類,0.0,348044000.0,0.0,0.0,686587988.1196721,0.0,4883.13,9125.95,254.05,9380.0,0.0,0.0,0.0,209.0,0.0,0.0,0.0,0.0,0,29.11,122
6655,科定,其他,3.93,2573178000.0,654752671.7557251,2.29,3178807689.6432834,4.85,29.86,24.49,14.15,38.64,68.63,187.4,144.82,122.0,1.19,0.56,1.54,17.65,56,0.0,0
6657,華安,化學生技醫療,-2.93,7153000.0,0.0,0.0,9358023.712737126,0.0,0.0,0.0,0.0,0.0,0.0,0.0,0.0,36.75,0.0,0.0,0.0,4.98,149,0.0,0
8084,巨虹,電子通路業,-1.82,602545000.0,0.0,0.0,513829542.3287161,0.0,34.78,30.61,21.67,52.28,0.0,0.0,0.0,49.75,0.0,0.0,0.0,0.0,0,85.2,179
6658,聯策,其他電子業,1.39,2060888000.0,1482653237.410072,0.93,2192368195.856816,1.48,107.17,417.25,40.37,457.62,59.75,677.28,158.61,205.5,0.77,0.29,3.3,45.58,109,0.0,0
6661,威健生技,生技醫療業,0.06,373224000.0,6220400000.0,0.03,430232083.7624033,0.07,267.76,288.0,186.0,474.0,13.02,33.18,18.74,0.0,0.0,0.0,0.0,2.48,14,14.5,88
6662,樂斯科,生技醫療業,1.66,268039000.0,161469277.10843375,0.82,247171468.88969603,1.53,19.16,6.31,16.21,22.52,24.8,34.46,29.32,29.65,0.99,0.84,1.16,2.42,3,0.0,0
6664,群翊,電子零組件業,15.08,2524979000.0,167438925.72944298,8.25,2909953055.6213474,17.38,18.37,23.46,8.6,32.06,149.47,557.2,319.21,391.5,0.82,0.38,1.42,10.47,50,45.85,157
6666,羅麗芬-KY,化學生技醫療,2.42,1098789000.0,454045041.3223141,1.36,1189218288.5459275,2.62,24.11,23.83,16.47,40.3,43.15,105.59,63.16,43.45,1.45,0.99,2.43,6.57,85,45.18,50
6667,信紘科,其他電子類,16.97,6088926000.0,358805303.4767237,8.72,7217370599.8310795,20.12,21.63,13.51,15.53,29.04,312.46,584.28,435.22,269.5,1.61,1.16,2.17,13.0,108,37.44,53
6680,鑫創電子,電腦及週邊設備業,-0.29,552367000.0,0.0,0.0,666177198.0675379,0.0,36.73,59.55,15.2,74.75,0.0,0.0,0.0,50.1,0.0,0.0,0.0,15.69,70,5.08,15
6605,帝寶,汽車工業,13.97,19461033000.0,1393058911.9541874,7.07,18615744139.767536,13.36,11.07,8.57,7.61,16.18,101.67,216.16,147.92,137.0,1.08,0.74,1.58,10.04,24,0.0,0
6603,富強鑫,電機機械,0.61,4972290000.0,8151295081.967214,0.3,5008006293.146615,0.61,59.87,152.15,26.6,178.75,16.23,109.04,36.52,26.8,1.36,0.61,4.07,22.99,52,69.73,165
6541,泰福-KY,生技醫療業,-6.21,381342000.0,0.0,0.0,1489458056.5003753,0.0,0.0,0.0,0.0,0.0,0.0,0.0,0.0,41.65,0.0,0.0,0.0,9.57,53,26.31,99
6542,隆中,文化創意業,0.02,861299000.0,43064950000.0,0.01,1057253133.3745078,0.02,509.61,2830.91,19.09,2850.0,0.38,57.0,10.19,0.0,0.0,0.0,0.0,23.6,150,0.0,0
6546,正基,通信網路業,2.73,2312100000.0,846923076.923077,1.33,2148355416.2009025,2.54,32.08,34.88,21.3,56.18,54.1,142.7,81.47,73.6,1.11,0.74,1.94,52.09,78,7.4,51
6547,高端疫苗,生技醫療業,-0.85,607793000.0,0.0,0.0,559753753.5782354,0.0,0.0,0.0,0.0,0.0,0.0,0.0,0.0,48.0,0.0,0.0,0.0,0.0,0,7.16,29
6548,長科*,半導體業,1.63,13288729000.0,8152594478.527608,0.94,15961793218.399252,1.96,24.41,45.41,14.41,59.82,28.24,117.25,47.85,94.2,0.51,0.3,1.24,7.67,78,54.69,183
6550,北極星藥業-KY,化學生技醫療,-5.1,42866000.0,0.0,0.0,107215727.5298736,0.0,0.0,0.0,0.0,0.0,0.0,0.0,0.0,13.85,0.0,0.0,0.0,0.0,0,11.48,46
6552,易華電,半導體業,-14.35,1499491000.0,0.0,0.0,1016438178.6606913,0.0,100.38,213.7,11.3,225.0,0.0,0.0,0.0,31.8,0.0,0.0,0.0,0.0,0,24.07,43
6556,勝品,光電業,6.78,1395819000.0,205873008.84955752,3.74,1546863525.5152426,7.51,11.04,8.42,7.01,15.43,52.65,115.88,82.94,73.1,1.13,0.72,1.59,12.5,51,0.0,0
6558,興能高,其他電子業,-1.02,1090534000.0,0.0,0.0,949032069.3277458,0.0,2161.82,5579.29,150.71,5730.0,0.0,0.0,0.0,31.8,0.0,0.0,0.0,71.99,150,12.56,42
6560,欣普羅,光電業,-0.16,161431000.0,0.0,0.0,265234635.26913598,0.0,481.52,41.25,462.5,503.75,0.0,0.0,0.0,39.2,0.0,0.0,0.0,0.0,0,18.14,58
6561,是方,通信網路業,15.74,3936025000.0,250065120.7115629,9.35,3858150352.7496266,15.43,29.11,22.93,19.87,42.8,306.59,660.4,449.16,338.0,1.33,0.91,1.95,44.43,53,14.12,43
8114,振樺電,電子工業,18.5,18973096000.0,1025572756.7567568,7.61,12361456261.97361,12.05,19.14,34.25,8.05,42.3,97.0,509.72,230.65,205.5,1.12,0.47,2.48,104.66,183,8.83,42
6538,倉和,電子零組件業,1.15,1483039000.0,1289599130.4347827,0.62,1253841949.8346639,0.97,27.2,133.37,8.63,142.0,8.37,137.74,26.38,129.0,0.2,0.06,1.07,0.0,0,3.99,10
6516,勤崴國際,資訊服務業,1.52,526545000.0,346411184.2105263,1.14,688639943.8740383,1.99,49.84,37.08,30.72,67.8,61.13,134.92,99.18,57.8,1.72,1.06,2.33,1.54,9,2.9,4
6517,保勝光學,光電業,1.62,491220000.0,303222222.2222222,0.69,396712745.0634562,1.31,28.77,44.0,14.66,58.66,19.2,76.84,37.69,69.1,0.55,0.28,1.11,17.02,77,17.63,29
6523,達爾膚,生技醫療業,7.78,1155609000.0,148535861.1825193,3.23,1000305760.8694475,6.73,14.09,4.27,11.91,16.18,80.15,108.89,94.82,90.4,1.05,0.89,1.2,0.92,10,0.76,4
6525,捷敏-KY,半導體業,5.87,5291971000.0,901528279.3867121,3.22,6011775537.7954035,6.67,14.92,22.28,10.83,33.11,72.24,220.84,99.5,201.0,0.5,0.36,1.1,11.16,107,31.4,106
6526,達發,半導體業,17.32,20994770000.0,1212169168.591224,9.1,22315157403.853493,18.41,39.75,74.62,23.79,98.41,437.97,1811.73,731.87,686.0,1.07,0.64,2.64,0.41,2,11.97,4
6527,明達醫,生技醫療業,5.81,932292000.0,160463339.070568,2.72,847424321.9532139,5.28,16.52,11.06,11.52,22.58,60.83,119.22,87.22,73.0,1.19,0.83,1.63,6.01,81,3.74,59
6530,創威,通信網路業,1.95,324182000.0,166247179.4871795,1.1,382965883.7728523,2.3,39.56,45.14,23.32,68.46,53.64,157.46,91.0,86.6,1.05,0.62,1.82,72.55,91,40.6,53
6531,愛普*,電子工業,7.73,5290540000.0,684416558.8615782,7.71,10141033850.055187,14.82,54.49,104.98,19.86,124.84,294.33,1850.13,807.53,954.0,0.85,0.31,1.94,4.74,1,69.86,182
6532,瑞耘,半導體業,7.31,682690000.0,93391244.87004104,3.9,663990081.558278,7.11,16.53,15.57,7.91,23.48,56.24,166.94,117.52,90.4,1.3,0.62,1.85,5.24,2,0.0,0
6533,晶心科,半導體業,-8.19,1432983000.0,0.0,0.0,1724973721.6078777,0.0,7631.03,9272.01,65.49,9337.5,0.0,0.0,0.0,200.0,0.0,0.0,0.0,0.12,1,23.76,78
6568,宏觀,半導體業,4.02,1114929000.0,277345522.38805974,2.46,1331151014.959724,4.8,45.25,67.19,22.21,89.4,106.61,429.12,217.22,162.0,1.34,0.66,2.65,3.35,101,0.0,0
6590,普鴻,資訊服務業,5.48,672156000.0,122656204.37956204,2.85,697856711.6841851,5.69,14.29,6.22,11.82,18.04,67.26,102.65,81.31,66.4,1.22,1.01,1.55,5.33,3,15.68,43
6591,動力-KY,電子工業,5.37,1730676000.0,322286033.51955307,1.86,1157201385.7093499,3.59,15.65,13.85,7.44,21.29,26.71,76.43,56.19,55.8,1.01,0.48,1.37,0.0,0,43.78,53
6592,和潤企業,其他,4.73,23894153000.0,5051617970.4016905,2.31,22749087263.588028,4.5,16.19,10.18,11.93,22.11,53.68,99.5,72.84,61.9,1.18,0.87,1.61,2.55,4,6.69,42
6592A,和潤企業甲特,其他,0.0,0.0,0.0,0.0,0.0,0.0,0.0,0.0,0.0,0.0,0.0,0.0,0.0,95.0,0.0,0.0,0.0,0.0,0,3.79,105
6592B,和潤企業乙特,其他,0.0,0.0,0.0,0.0,0.0,0.0,0.0,0.0,0.0,0.0,0.0,0.0,0.0,95.2,0.0,0.0,0.0,1.46,184,3.65,176
6593,台灣銘板,資訊服務業,-2.06,428382000.0,0.0,0.0,416962237.6480228,0.0,90.08,117.8,46.3,164.1,0.0,0.0,0.0,34.5,0.0,0.0,0.0,0.0,0,0.0,0
8111,立碁,光電業,0.38,852145000.0,2242486842.105263,0.18,826350555.9184284,0.37,146.54,539.82,23.51,563.33,8.7,208.43,54.22,52.9,1.02,0.16,3.94,112.84,170,61.92,170
8110,華東,電子工業,2.47,7245046000.0,2933217004.0485826,1.35,8144126276.894984,2.78,48.53,84.96,16.94,101.9,47.09,283.28,134.92,54.6,2.47,0.86,5.19,0.71,2,473.28,184
6596,寬宏藝術,文化創意業,18.83,3139203000.0,166712851.8321827,7.72,5225552442.6158695,31.34,11.57,17.67,5.06,22.73,158.58,712.36,362.6,95.7,3.79,1.66,7.44,29.99,178,9.15,56
8109,博大,電子零組件業,6.17,1675345000.0,271530794.16531605,4.41,2146781694.3843606,7.91,15.58,13.19,11.18,24.37,88.43,192.77,123.23,154.5,0.8,0.57,1.25,1.41,179,37.7,65
8107,大億金茂,電機機械,-0.53,962504000.0,0.0,0.0,686867377.8279479,0.0,86.4,210.24,8.51,218.75,0.0,0.0,0.0,13.2,0.0,0.0,0.0,39.53,116,8.02,49
6597,立誠,電子零組件業,2.54,632474000.0,249005511.81102362,1.29,829122506.0419577,3.33,30.72,75.49,14.28,89.77,47.55,298.93,102.29,66.3,1.54,0.72,4.51,22.36,123,4.06,30
6598,ABC-KY,化學生技醫療,-1.97,445577000.0,0.0,0.0,825963817.543396,0.0,0.0,0.0,0.0,0.0,0.0,0.0,0.0,23.25,0.0,0.0,0.0,2.1,11,19.44,85
8112,至上,電子工業,5.02,219865076000.0,43797823904.38248,5.17,475509817991.73016,10.86,20.96,42.51,6.96,49.47,75.59,537.24,227.64,89.5,2.54,0.84,6.0,2.09,1,92.92,184
6588,東典光電,通信網路業,-1.76,169790000.0,0.0,0.0,390182974.98128945,0.0,0.0,0.0,0.0,0.0,0.0,0.0,0.0,85.9,0.0,0.0,0.0,48.01,151,83.72,169
6569,醫揚,生技醫療業,2.87,1353898000.0,471741463.4146341,1.64,1499388617.494749,3.18,32.45,26.76,23.24,50.0,73.9,159.0,103.18,107.5,0.96,0.69,1.48,17.98,23,44.95,56
6570,維田,電腦及週邊設備業,1.29,904252000.0,700970542.6356589,0.77,1072397324.3736767,1.53,32.65,29.1,18.0,47.1,27.54,72.06,49.95,54.5,0.92,0.51,1.32,24.57,45,25.36,64
6573,虹揚-KY,半導體業,1.23,865246000.0,703452032.5203252,0.54,671183962.6654046,0.95,14.17,11.23,9.84,21.07,9.35,20.02,13.46,27.6,0.49,0.34,0.73,14.11,106,94.83,126
6574,霈方,生技醫療業,6.82,603419000.0,88477859.23753665,4.6,794801731.5384566,8.98,17.06,22.97,10.44,33.41,93.75,300.02,153.24,121.0,1.27,0.77,2.48,16.07,155,17.46,59
6576,逸達,生技醫療業,-5.7,432261000.0,0.0,0.0,577816941.160455,0.0,0.0,0.0,0.0,0.0,0.0,0.0,0.0,83.5,0.0,0.0,0.0,0.0,0,30.47,130
6577,勁豐,電腦及週邊設備業,5.64,2033734000.0,360591134.75177306,2.96,2125240804.1842961,5.89,13.8,13.76,9.63,23.39,56.72,137.77,81.28,75.7,1.07,0.75,1.82,8.66,8,0.51,9
6578,達邦蛋白,農業科技業,-0.96,296987000.0,0.0,0.0,368629178.16111547,0.0,163.66,138.88,94.12,233.0,0.0,0.0,0.0,16.5,0.0,0.0,0.0,0.0,0,29.7,45
6579,研揚,電子工業,5.62,8420480000.0,1498306049.822064,3.34,10583368050.55286,7.06,28.06,26.03,18.48,44.51,130.47,314.24,198.11,164.5,1.2,0.79,1.91,3.84,8,19.33,102
8112A,至上甲特,電子通路業,0.0,0.0,0.0,0.0,0.0,0.0,0.0,0.0,0.0,0.0,0.0,0.0,0.0,44.95,0.0,0.0,0.0,5.62,182,0.0,0
6582,申豐,橡膠工業,-0.4,916756000.0,0.0,0.0,386595747.656255,0.0,337.68,743.99,4.01,748.0,0.0,0.0,0.0,33.5,0.0,0.0,0.0,0.0,0,7.63,100
6584,南俊國際,電子零組件業,5.59,2355997000.0,421466368.51520574,3.96,3699945538.6044555,8.78,86.67,219.2,38.1,257.3,334.52,2259.09,760.96,690.0,1.1,0.48,3.27,0.22,1,123.6,149
6585,鼎基,其他,5.64,2856943000.0,506550177.30496454,3.21,2926240184.049285,5.78,15.62,21.11,9.6,30.71,55.49,177.5,90.29,129.0,0.7,0.43,1.38,7.39,56,9.85,52
8121,越峰,電子零組件業,-0.31,2993414000.0,0.0,0.0,3610278760.033241,0.0,51.41,80.42,22.47,102.89,0.0,0.0,0.0,47.05,0.0,0.0,0.0,13.62,49,80.74,112
6684,安格,半導體業,1.57,315309000.0,200833757.96178344,0.85,320923784.2247925,1.6,36.41,33.0,19.95,52.95,31.92,84.72,58.26,60.0,0.97,0.53,1.41,7.71,9,21.1,106
6770,力積電,電子工業,-1.86,45962445000.0,0.0,0.0,59710499458.967125,0.0,39.16,37.34,12.77,50.11,0.0,0.0,0.0,72.6,0.0,0.0,0.0,0.0,0,184.39,184
6776,展碁國際,電子工業,4.2,28833106000.0,6865025238.095238,2.42,37301223761.399956,5.43,13.29,10.14,9.3,19.44,50.5,105.56,72.18,55.0,1.31,0.92,1.92,1.8,3,0.67,8
6781,AES-KY,電子工業,38.2,15649550000.0,409674083.7696335,26.55,19797040265.132187,48.32,34.06,33.96,21.47,55.43,1037.43,2678.38,1645.75,1250.0,1.32,0.83,2.14,100.16,184,44.93,147
6782,視陽,化學生技醫療,14.08,4126829000.0,293098650.5681818,8.13,5016259596.682182,17.11,18.68,30.54,12.33,42.87,210.97,733.51,319.62,208.5,1.53,1.01,3.52,0.0,0,21.1,39
6785,昱展新藥,生技醫療業,-1.2,1753000.0,0.0,0.0,3497605.746209098,0.0,675.08,2954.17,20.83,2975.0,0.0,0.0,0.0,124.0,0.0,0.0,0.0,0.0,0,123.91,179
6767,台微醫,生技醫療業,-0.5,322308000.0,0.0,0.0,310731065.40138495,0.0,0.0,0.0,0.0,0.0,0.0,0.0,0.0,27.25,0.0,0.0,0.0,6.11,183,13.68,58
6751,智聯服務,資訊服務業,5.21,1831365000.0,351509596.92898273,2.46,1498996572.7338572,4.26,35.81,65.31,7.56,72.87,32.21,310.43,152.55,44.4,3.44,0.73,6.99,5.96,1,46.07,135
6752,叡揚,資訊服務業,7.58,2005986000.0,264641952.5065963,3.81,2102319037.7451,7.94,19.37,19.77,13.05,32.82,103.62,260.59,153.82,103.5,1.49,1.0,2.52,19.29,156,10.38,37
6753,龍德造船,航運業,5.97,5357790000.0,897452261.3065327,3.3,5848583281.173384,6.52,21.56,36.41,13.84,50.25,90.24,327.63,140.6,153.0,0.92,0.59,2.14,1.75,51,120.0,65
6756,威鋒電子,半導體業,1.11,1540487000.0,1387826126.126126,0.65,1693824929.989093,1.22,63.49,73.37,21.22,94.59,25.89,115.4,77.45,102.5,0.76,0.25,1.13,0.25,9,2.2,10
6761,穩得,電子零組件業,7.35,1989199000.0,270639319.72789115,3.52,1792540843.617347,6.62,19.25,23.2,10.23,33.43,67.72,221.31,127.47,205.5,0.62,0.33,1.08,1.32,53,91.31,58
6762,達亞,生技醫療業,0.73,705600000.0,966575342.4657534,0.33,624565992.751335,0.65,190.16,269.43,94.67,364.1,61.54,236.67,123.6,0.0,0.0,0.0,0.0,1.37,8,2.13,3
6743,安普新,電子工業,0.71,5559377000.0,7830108450.704226,0.3,5257852184.337084,0.67,51.15,120.84,13.31,134.15,8.92,89.88,34.27,31.45,1.09,0.28,2.86,10.4,57,15.73,72
6789,采鈺,半導體業,4.01,9100411000.0,2269429177.057357,2.07,9338550547.135702,4.11,79.93,227.9,30.38,258.28,124.86,1061.53,328.53,524.0,0.63,0.24,2.03,0.4,3,46.82,63
6805,富世達,電子零組件業,31.0,12078622000.0,389632967.7419355,20.29,19830108255.869923,50.89,52.57,54.85,20.98,75.83,1067.67,3858.99,2675.33,1570.0,1.7,0.68,2.46,39.67,156,106.48,176
6790,永豐實,造紙工業,3.03,10716158000.0,3536685808.580858,1.53,10532189035.67818,2.98,13.68,4.84,11.68,16.52,34.81,49.23,40.77,40.95,1.0,0.85,1.2,1.46,3,0.93,4
6791,虎門科技,資訊服務業,4.16,785380000.0,188793269.23076922,2.28,887494882.5864108,4.7,27.29,20.38,19.12,39.5,89.86,185.65,128.27,118.0,1.09,0.76,1.57,100.92,184,50.0,53
6792,詠業,通信網路業,2.23,1315481000.0,589901793.7219731,1.15,1382940725.3915884,2.34,25.74,21.3,16.13,37.43,37.74,87.59,60.23,65.8,0.92,0.57,1.33,0.38,9,36.51,59
6788,華景電,半導體業,17.37,2543412000.0,146425561.31260794,9.54,2914588846.2523055,19.9,20.14,21.45,9.8,31.25,195.02,621.88,400.75,436.0,0.92,0.45,1.43,35.45,52,57.71,183
6796,晉弘,化學生技醫療,0.13,698679000.0,5374453846.153846,0.06,664868382.3038446,0.12,261.22,487.92,56.46,544.38,6.78,65.33,31.35,59.2,0.53,0.11,1.1,3.09,3,29.79,169
6799,來頡,半導體業,3.71,954586000.0,257300808.62533692,1.95,991174979.8926587,3.85,30.16,25.07,20.03,45.1,77.12,173.64,116.11,111.5,1.04,0.69,1.56,0.0,0,2.28,4
6683,雍智科技,半導體業,15.42,2130984000.0,138196108.94941634,9.22,2718236904.5114264,19.67,38.59,152.12,14.22,166.34,279.71,3271.91,759.0,1780.0,0.43,0.16,1.84,19.8,184,42.6,148
6742,澤米,光電業,-1.51,550879000.0,0.0,0.0,310665725.3029078,0.0,395.71,775.72,136.5,912.22,0.0,0.0,0.0,63.0,0.0,0.0,0.0,11.7,106,17.33,58
6697,東捷資訊,資訊服務業,3.04,1414873000.0,465418750.0,1.5,1345862818.8819613,2.89,16.24,7.79,13.29,21.08,38.41,60.92,46.92,41.6,1.13,0.92,1.46,1.97,113,31.14,53
8046,南電,電子工業,3.01,38926177000.0,12932284717.607975,2.22,53879248418.27078,4.17,209.77,706.31,19.94,726.25,83.15,3028.46,874.75,1075.0,0.81,0.08,2.82,6.25,9,133.6,129
6698,旭暉應材,其他電子業,-1.65,1142237000.0,0.0,0.0,970190338.6220101,0.0,196.58,0.0,196.58,196.58,0.0,0.0,0.0,42.05,0.0,0.0,0.0,3.15,1,41.03,63
8045,達運光電,電子工業,0.65,1184313000.0,1822020000.0,0.5,1750809584.2578812,0.96,99.97,279.3,9.83,289.13,9.44,277.56,95.97,61.4,1.56,0.15,4.52,0.0,0,107.81,42
8043,蜜望實,電子零組件業,1.68,5203246000.0,3097170238.095238,1.19,8428138450.688707,2.72,305.22,1996.63,13.37,2010.0,36.37,5467.2,830.19,196.0,4.24,0.19,27.89,99.22,45,223.19,155
8042,金山電,電子零組件業,0.9,3693135000.0,4103483333.333333,0.56,4824948616.9652,1.18,86.5,195.35,28.4,223.75,33.51,264.02,102.07,189.5,0.54,0.18,1.39,56.81,150,115.89,183
6703,軒郁,生技醫療業,10.31,3226692000.0,312967216.29485935,5.34,3733925306.73247,11.93,13.38,9.03,9.71,18.74,115.84,223.57,159.58,116.5,1.37,0.99,1.92,0.0,0,15.23,51
8040,九暘,半導體業,-0.6,667594000.0,0.0,0.0,817118527.3789281,0.0,0.0,0.0,0.0,0.0,0.0,0.0,0.0,99.0,0.0,0.0,0.0,1.17,81,7.91,60
8039,台虹,電子零組件業,2.07,10469402000.0,5057682125.603865,1.02,11164235394.241116,2.21,37.11,66.15,12.77,78.92,28.22,174.41,82.01,149.5,0.55,0.19,1.17,15.21,50,129.74,158
8038,長園科,電子零組件業,0.92,523534000.0,569058695.6521739,0.75,1198064339.4814134,2.11,62.66,81.57,28.81,110.38,60.79,232.9,132.22,44.15,2.99,1.38,5.28,11.91,142,62.52,58
6706,惠特,光電業,-3.92,991895000.0,0.0,0.0,437008312.417529,0.0,9.4,0.0,9.4,9.4,0.0,0.0,0.0,147.0,0.0,0.0,0.0,53.41,123,136.13,177
8034,榮群,通信網路業,1.42,560477000.0,394702112.6760564,0.47,342183102.5058523,0.87,16.25,9.24,12.36,21.6,10.75,18.79,14.14,22.25,0.64,0.48,0.84,5.29,99,65.24,150
8047,星雲,其他電子類,-0.78,461310000.0,0.0,0.0,399295911.3196013,0.0,0.0,0.0,0.0,0.0,0.0,0.0,0.0,44.7,0.0,0.0,0.0,59.32,135,341.18,170
6695,芯鼎,電子工業,-1.83,1152118000.0,0.0,0.0,1015148598.2190312,0.0,0.0,0.0,0.0,0.0,0.0,0.0,0.0,58.7,0.0,0.0,0.0,13.79,9,37.05,63
8070,長華*,電子通路業,1.02,19055037000.0,18681408823.52941,0.6,23375874642.12188,1.25,26.5,49.4,12.2,61.6,15.25,77.0,33.12,57.2,0.58,0.27,1.35,53.22,78,20.05,94
8069,元太,光電業,9.13,36899502000.0,4041566484.118291,4.3,35680851030.956825,8.83,30.62,38.63,13.67,52.3,120.71,461.81,270.41,205.5,1.32,0.59,2.25,21.29,102,20.4,51
8068,全達,電子通路業,1.23,808320000.0,657170731.7073171,0.97,1243572382.8076909,1.89,18.27,40.33,8.0,48.33,15.12,91.34,34.54,19.2,1.8,0.79,4.76,3.16,3,57.07,177
8067,志旭,電子通路業,-0.59,110377000.0,0.0,0.0,79246225.63232824,0.0,0.0,0.0,0.0,0.0,0.0,0.0,0.0,14.2,0.0,0.0,0.0,0.0,0,35.25,98
8064,東捷,光電業,1.35,2544969000.0,1885162222.222222,0.82,3740108136.1028786,1.98,175.81,482.72,37.28,520.0,73.81,1029.6,348.11,138.5,2.51,0.53,7.43,23.06,107,26.17,179
8059,凱碩,通信網路業,-2.39,6325467000.0,0.0,0.0,23709866492.14652,0.0,0.0,0.0,0.0,0.0,0.0,0.0,0.0,16.6,0.0,0.0,0.0,18.58,169,4.72,1
8054,安國,半導體業,-3.18,2740237000.0,0.0,0.0,8887061853.708347,0.0,0.0,0.0,0.0,0.0,0.0,0.0,0.0,109.5,0.0,0.0,0.0,23.2,9,28.33,150
6691,洋基工程,電子工業,25.51,21089903000.0,826730811.4464915,20.3,36816194762.043976,44.53,21.96,20.14,10.68,30.82,475.58,1372.41,977.73,748.0,1.31,0.64,1.83,5.27,184,45.9,161
8050,廣積,電腦及週邊設備業,1.45,5402081000.0,3725573103.448276,0.76,4857948050.370401,1.3,29.7,47.74,12.36,60.1,16.07,78.13,38.61,57.0,0.68,0.28,1.37,0.0,0,0.34,3
6692,進能服,綠能環保類,0.23,1868331000.0,8123178260.869565,0.04,478564603.9465184,0.06,40.38,128.76,13.2,141.96,0.79,8.52,2.42,25.4,0.1,0.03,0.34,56.54,14,1.22,2
8049,晶采,光電業,1.71,1288318000.0,753402339.1812866,0.87,1297553346.3702714,1.72,13.6,6.09,10.68,16.77,18.37,28.84,23.4,27.15,0.86,0.68,1.06,3.05,24,3.18,17
6693,廣閎科,半導體業,-0.09,1376725000.0,0.0,0.0,2330035371.4003816,0.0,50.54,189.82,16.52,206.34,0.0,0.0,0.0,276.5,0.0,0.0,0.0,25.85,91,41.31,179
8048,德勝,通信網路業,2.67,1020717000.0,382291011.23595506,1.57,1209463698.9046373,3.16,20.81,16.48,12.13,28.61,38.33,90.41,65.75,62.1,1.06,0.62,1.46,0.0,0,75.65,140
8033,雷虎,其他,0.58,1429246000.0,2464217241.3793106,0.29,1487578520.115354,0.6,214.61,789.7,97.8,887.5,58.68,532.5,128.77,222.0,0.58,0.26,2.4,3.5,15,198.89,65
8032,光菱,電子通路業,2.2,3555596000.0,1616179999.9999998,1.51,5031451558.720423,3.11,26.47,58.18,15.21,73.39,47.3,228.24,82.34,43.05,1.91,1.1,5.3,202.04,127,26.63,25
6725,矽科宏晟,其他電子類,12.98,667194000.0,51401694.915254235,0.0,0.0,0.0,21.7,18.41,13.1,31.51,0.0,0.0,0.0,331.0,0.0,0.0,0.0,4.02,8,55.06,50
6727,亞泰金屬,電子零組件業,6.8,1497054000.0,220155000.0,5.92,3181491737.795196,14.45,28.18,69.88,8.8,78.68,127.16,1136.93,407.18,489.5,0.83,0.26,2.32,34.96,141,246.32,65
6730,常廣,生技醫療業,2.14,120733000.0,56417289.719626166,0.0,0.0,0.0,17.99,4.54,16.29,20.83,0.0,0.0,0.0,38.0,0.0,0.0,0.0,0.0,0,17.98,85
6732,昇佳電子,半導體業,6.21,4524877000.0,728643639.2914654,2.94,4063993384.6437683,5.58,22.68,19.68,13.89,33.57,77.51,187.32,126.53,209.0,0.61,0.37,0.9,0.0,0,38.27,70
6733,博晟生醫,生技醫療業,-0.69,219222000.0,0.0,0.0,250747989.2415903,0.0,0.0,0.0,0.0,0.0,0.0,0.0,0.0,25.65,0.0,0.0,0.0,0.78,109,61.98,70
6735,美達科技,其他電子類,0.33,328512000.0,995490909.090909,0.21,546171101.7770598,0.55,189.25,1102.02,19.23,1121.25,10.58,616.69,104.09,88.5,1.18,0.12,6.97,0.0,0,83.06,78
6739,竹陞科技,其他電子類,16.13,761022000.0,47180533.16800992,15.52,1501641754.8189914,31.83,59.98,83.94,26.45,110.39,841.9,3513.71,1909.15,1315.0,1.45,0.64,2.67,67.92,66,147.58,88
6722,輝創,電子工業,3.39,418495000.0,123449852.50737463,0.0,0.0,0.0,15.21,5.11,13.28,18.39,0.0,0.0,0.0,35.2,0.0,0.0,0.0,2.33,1,14.47,108
8028,昇陽半導體,電子工業,4.38,4462417000.0,1018816666.6666667,2.6,5577835895.892019,5.47,55.16,72.0,30.35,102.35,166.01,559.85,301.72,330.5,0.91,0.5,1.69,25.32,126,58.3,182
6712,長聖,生技醫療業,4.97,1030998000.0,207444265.59356138,2.84,1142125218.8095002,5.51,34.98,35.85,23.36,59.21,128.71,326.25,192.76,161.5,1.19,0.8,2.02,4.68,7,22.22,86
8027,鈦昇,電機機械,-0.92,1560399000.0,0.0,0.0,2593335270.5271683,0.0,260.71,68.25,226.75,295.0,0.0,0.0,0.0,239.0,0.0,0.0,0.0,2.75,2,38.14,179
6715,嘉基,電子工業,1.8,1674401000.0,930222777.7777778,1.04,1706366241.1925085,1.83,63.72,252.4,19.54,271.94,35.76,497.65,116.6,470.0,0.25,0.08,1.06,0.77,9,0.43,10
8024,佑華,半導體業,-2.56,158672000.0,0.0,0.0,154871473.05389223,0.0,0.0,0.0,0.0,0.0,0.0,0.0,0.0,16.1,0.0,0.0,0.0,0.0,0,7.94,30
8021,尖點,電子工業,2.74,4267050000.0,1557317518.2481751,2.33,6970448827.128396,4.48,58.77,161.46,10.62,172.08,47.58,770.92,263.29,530.0,0.5,0.09,1.45,16.83,46,295.09,184
6708,天擎,半導體業,0.24,277169000.0,1154870833.3333335,0.11,250041507.54407483,0.22,1044.57,1481.0,154.0,1635.0,33.88,359.7,229.81,40.0,5.75,0.85,8.99,16.88,171,6.17,9
6716,應廣,半導體業,2.18,1094881000.0,502238990.82568806,1.56,1522718173.6229744,3.03,25.49,52.1,11.06,63.16,33.51,191.37,77.22,100.5,0.77,0.33,1.9,2.07,1,20.6,119
6719,力智,半導體業,6.58,4540355000.0,690023556.231003,3.0,4431720176.192802,6.42,74.45,106.07,23.97,130.04,153.89,834.86,477.95,312.5,1.53,0.49,2.67,3.85,9,6.72,77
8016,矽創,電子工業,14.65,18682856000.0,1275280273.0375426,8.99,23888232072.808144,18.73,14.22,16.92,4.37,21.29,81.85,398.76,266.26,332.0,0.8,0.25,1.2,2.4,1,11.11,77
8011,台通,電子工業,1.3,2097097000.0,1613151538.4615383,0.54,1797533194.974811,1.11,22.57,111.33,6.94,118.27,7.7,131.28,25.05,17.95,1.4,0.43,7.31,20.12,10,25.06,115
6720,久昌,半導體業,4.19,445852000.0,106408591.88544151,1.82,332167768.9584469,3.12,31.65,41.66,18.41,60.07,57.44,187.42,98.76,144.5,0.68,0.4,1.3,20.81,15,0.0,0
6721,信實,其他,4.65,3597037000.0,773556344.0860214,2.44,3853952338.37559,4.98,13.11,4.34,11.53,15.87,57.42,79.03,65.29,55.1,1.18,1.04,1.43,11.61,133,0.0,0
4943,康控-KY,電子零組件業,-1.9,1666646000.0,0.0,0.0,2355529313.245853,0.0,0.0,0.0,0.0,0.0,0.0,0.0,0.0,8.88,0.0,0.0,0.0,8.72,24,80.18,135
00400A,主動國泰動能高息,ETF,0.0,0.0,0.0,0.0,0.0,0.0,0.0,0.0,0.0,0.0,0.0,0.0,0.0,15.0,0.0,0.0,0.0,42.84,74,42.84,74
4942,嘉彰,電子工業,3.05,6065551000.0,1988705245.9016395,1.4,5804239871.437775,2.92,11.56,8.89,7.26,16.15,21.2,47.16,33.76,37.85,0.89,0.56,1.25,0.0,0,7.79,119
1783,和康生,化學生技醫療,2.97,788475000.0,265479797.97979796,1.58,875792532.9146369,3.3,20.45,20.82,12.62,33.44,41.65,110.35,67.49,40.6,1.66,1.03,2.72,10.85,183,10.11,87
1784,訊聯,生技醫療業,1.02,1218200000.0,1194313725.490196,0.58,1357375590.269516,1.14,70.15,65.71,37.82,103.53,43.11,118.02,79.97,70.2,1.14,0.61,1.68,10.62,10,68.15,172
1785,光洋科,其他電子類,3.14,38281563000.0,12191580573.248407,2.49,64605538806.70786,5.3,27.4,44.36,14.56,58.92,77.17,312.28,145.22,153.0,0.95,0.5,2.04,2.04,3,30.84,170
1786,科妍,化學生技醫療,2.24,885510000.0,395316964.28571427,1.1,891511725.2674954,2.26,34.24,23.78,24.9,48.68,56.27,110.02,77.39,54.4,1.42,1.03,2.02,6.64,43,34.43,17
1788,杏昌,生技醫療業,8.27,4249659000.0,513864449.8186216,4.38,4545964476.919263,8.85,17.18,3.63,14.85,18.48,131.42,163.55,152.05,130.0,1.17,1.01,1.26,1.08,7,0.72,8
1789,神隆,化學生技醫療,0.17,3270288000.0,19236988235.294117,0.08,2914869090.7148104,0.15,72.26,112.71,38.72,151.43,5.81,22.71,10.84,21.05,0.51,0.28,1.08,0.0,0,22.92,184
1795,美時,化學生技醫療,18.13,19522511000.0,1076807004.9641478,15.32,32544283064.471237,30.22,14.57,15.22,9.22,24.44,278.63,738.58,440.3,204.5,2.15,1.36,3.61,0.0,0,48.36,143
1796,金穎生技,食品工業,0.71,670666000.0,944600000.0,0.33,632675509.8553901,0.67,80.21,105.59,24.15,129.74,16.18,86.93,53.74,31.6,1.7,0.51,2.75,0.31,1,45.29,58
1799,易威,生技醫療業,-0.59,598330000.0,0.0,0.0,958759404.3405582,0.0,0.0,0.0,0.0,0.0,0.0,0.0,0.0,33.9,0.0,0.0,0.0,65.34,46,6.98,87
1802,台玻,玻璃陶瓷,-0.2,41862489000.0,0.0,0.0,44259260430.17075,0.0,229.0,583.55,5.68,589.23,0.0,0.0,0.0,67.9,0.0,0.0,0.0,11.35,140,149.38,155
1805,寶徠,建材營造,0.23,297871000.0,1295091304.347826,0.23,292026777.37227505,0.23,39.28,121.99,4.34,126.33,1.0,29.06,9.03,10.2,0.89,0.1,2.85,23.98,42,7.2,9
1806,冠軍,玻璃陶瓷,0.29,3360491000.0,11587900000.0,0.12,2633460221.7740173,0.23,42.87,123.45,4.28,127.73,0.98,29.38,9.86,8.52,1.16,0.12,3.45,13.77,21,5.47,42
1808,潤隆,建材營造,1.36,2508837000.0,1844733088.235294,7.29,252499968184.81952,136.88,11.21,19.27,2.65,21.92,362.73,3000.41,1533.92,31.5,48.7,11.52,95.25,18.58,73,15.34,119
1809,中釉,玻璃陶瓷,0.19,2509135000.0,13205973684.210526,0.09,2470997566.1293163,0.19,126.14,273.98,39.7,313.68,7.54,59.6,23.97,52.0,0.46,0.14,1.15,3.23,2,43.46,42
1810,和成,玻璃陶瓷,0.05,4622865000.0,92457300000.0,0.02,4251708720.2557974,0.05,184.14,511.46,3.54,515.0,0.18,25.75,9.21,23.7,0.39,0.01,1.09,3.19,84,66.32,58
1813,寶利徠,生技醫療業,-1.03,299357000.0,0.0,0.0,284559745.1500591,0.0,167.62,186.76,34.91,221.67,0.0,0.0,0.0,12.0,0.0,0.0,0.0,0.7,2,2.03,4
1815,富喬,電子零組件業,1.64,5946334000.0,3625813414.6341467,1.05,8104049430.213559,2.24,102.86,221.87,46.21,268.08,103.51,600.5,230.41,99.5,2.32,1.04,6.04,18.91,150,184.73,175
1817,凱撒衛,玻璃陶瓷,3.61,2685268000.0,743841551.2465374,1.75,2563024344.8393993,3.45,10.08,2.31,9.19,11.5,31.71,39.68,34.77,38.8,0.9,0.82,1.02,16.95,154,1.27,59
1903,士紙,造紙工業,1.28,153500000.0,119921875.0,0.65,152013439.3648225,1.27,98.05,109.23,36.01,145.24,45.73,184.45,124.52,50.1,2.49,0.91,3.68,2.87,9,12.86,108
1904,正隆,造紙工業,0.74,43601661000.0,58921163513.51351,0.38,44644496441.772606,0.76,44.21,93.68,9.65,103.33,7.33,78.53,33.6,23.9,1.41,0.31,3.29,0.0,0,1.89,18
1905,華紙,造紙工業,-0.56,18948619000.0,0.0,0.0,17681767405.10181,0.0,210.19,170.77,60.48,231.25,0.0,0.0,0.0,16.85,0.0,0.0,0.0,0.69,4,10.42,108
1781,合世,生技醫療業,-1.3,405453000.0,0.0,0.0,378714813.5411512,0.0,38.46,23.44,23.53,46.97,0.0,0.0,0.0,12.1,0.0,0.0,0.0,0.0,0,0.0,0
1906,寶隆,造紙工業,0.01,2994442000.0,299444200000.0,0.01,3161826278.2016063,0.01,269.78,1377.74,12.26,1390.0,0.12,13.9,2.7,11.55,0.23,0.01,1.2,0.0,0,9.64,85
1780,立弘,食品工業,1.35,847486000.0,627767407.4074074,0.8,1006452249.5861905,1.6,23.29,3.52,22.07,25.59,35.31,40.94,37.26,24.75,1.51,1.43,1.65,1.38,9,27.27,154
1776,展宇,化學生技醫療,0.27,1096645000.0,4061648148.148148,0.14,1003994648.3596232,0.25,39.93,82.07,9.87,91.94,2.47,22.98,9.98,20.15,0.5,0.12,1.14,46.81,77,0.63,98
1727,中華化,化學生技醫療,0.04,1937304000.0,48432600000.0,0.03,2325022552.854819,0.05,297.42,2058.99,21.01,2080.0,1.05,104.0,14.87,101.5,0.15,0.01,1.02,29.16,107,103.92,184
1730,花仙子,化學工業,4.5,2407003000.0,534889555.5555556,2.29,2430695738.736031,4.54,13.1,6.07,11.06,17.13,50.21,77.77,59.49,51.2,1.16,0.98,1.52,0.71,22,1.3,28
1731,美吾華,化學生技醫療,1.36,1565385000.0,1151018382.352941,0.87,1694469337.9284296,1.47,17.12,4.56,14.75,19.31,21.68,28.39,25.16,20.85,1.21,1.04,1.36,0.0,0,1.14,121
1732,毛寶,化學工業,0.7,678784000.0,969691428.5714287,0.36,716314726.6567415,0.74,185.1,1458.61,28.89,1487.5,21.38,1100.75,136.97,26.6,5.15,0.8,41.38,4.2,172,17.39,28
1733,五鼎,化學生技醫療,1.63,1972447000.0,1210090184.04908,0.79,1729204952.9679334,1.43,22.28,20.83,12.2,33.03,17.45,47.23,31.86,30.25,1.05,0.58,1.56,3.0,1,29.76,106
1734,杏輝,化學生技醫療,1.97,3339984000.0,1695423350.253807,1.03,3544254611.2965765,2.09,17.91,296.97,14.14,311.11,29.55,650.22,37.42,33.8,1.11,0.87,19.24,0.52,24,0.0,0
1735,日勝化,化學工業,0.78,2318838000.0,2972869230.769231,0.43,2389375194.8109565,0.8,26.53,31.99,14.23,46.22,11.38,36.98,21.23,24.35,0.87,0.47,1.52,55.1,58,22.78,169
1737,臺鹽,食品工業,2.0,3285077000.0,1642538500.0,0.97,3149727315.0182576,1.92,18.69,7.34,15.7,23.04,30.14,44.24,35.88,32.0,1.12,0.94,1.38,4.7,72,1.52,43
1742,台蠟,化學工業,-1.08,115292000.0,0.0,0.0,66466311.37925256,0.0,30.46,46.51,11.23,57.74,0.0,0.0,0.0,15.35,0.0,0.0,0.0,10.08,85,4.02,183
1752,南光,化學生技醫療,2.41,2183273000.0,905922406.6390041,1.2,2106338395.437212,2.33,21.52,29.71,12.7,42.41,29.59,98.82,50.15,32.4,1.55,0.91,3.05,0.0,0,12.68,63
1760,寶齡富錦,化學生技醫療,2.22,2040077000.0,918953603.6036035,1.17,2191725946.4921727,2.39,50.42,63.93,23.9,87.83,57.12,209.91,120.5,65.9,1.83,0.87,3.19,1.0,9,3.09,10
1762,中化生,化學生技醫療,-4.4,852565000.0,0.0,0.0,1123332743.9416707,0.0,49.37,104.55,10.83,115.38,0.0,0.0,0.0,40.7,0.0,0.0,0.0,2.3,4,14.5,30
1773,勝一,化學工業,7.12,11492653000.0,1614136657.3033707,3.94,13251939461.914253,8.21,22.0,11.92,15.6,27.52,128.08,225.94,180.59,185.0,0.98,0.69,1.22,15.09,73,30.5,184
1777,生泰,生技醫療業,5.86,1311930000.0,223878839.59044367,2.54,1171867889.7114818,5.23,12.24,8.36,8.8,17.16,46.02,89.75,64.01,73.8,0.87,0.62,1.22,6.92,3,2.52,11
1907,永豐餘,造紙工業,1.19,74277975000.0,62418466386.55463,0.61,74727961455.95032,1.2,27.34,26.56,11.52,38.08,13.82,45.7,32.81,28.7,1.14,0.48,1.59,4.07,85,17.09,140
2002,中鋼,鋼鐵工業,-0.28,321244068000.0,0.0,0.0,308557406639.8655,0.0,131.37,208.47,8.03,216.5,0.0,0.0,0.0,19.0,0.0,0.0,0.0,1.28,91,7.89,39
2061,風青,電器電纜,-0.97,1210025000.0,0.0,0.0,1283386511.023362,0.0,64.43,17.92,53.19,71.11,0.0,0.0,0.0,80.1,0.0,0.0,0.0,23.06,24,13.76,85
2063,世鎧,鋼鐵工業,1.72,994859000.0,578406395.3488373,0.83,901068118.6616362,1.56,15.8,11.59,9.45,21.04,14.74,32.82,24.66,24.15,1.02,0.61,1.36,0.0,0,0.0,0
2064,晉椿,鋼鐵工業,-1.3,1601553000.0,0.0,0.0,1828490526.4569929,0.0,0.0,0.0,0.0,0.0,0.0,0.0,0.0,13.7,0.0,0.0,0.0,9.6,81,1.06,9
2065,世豐,鋼鐵工業,1.14,2055565000.0,1803127192.9824562,0.63,2107035551.0208702,1.17,22.35,36.3,10.34,46.64,12.1,54.57,26.14,32.8,0.8,0.37,1.66,0.0,0,0.0,0
2066,世德,電機機械,1.34,2575247000.0,1921826119.4029849,0.72,2651704619.7737784,1.38,23.91,47.83,10.57,58.4,14.59,80.59,32.99,68.8,0.48,0.21,1.17,2.58,8,0.0,0
2067,嘉鋼,電機機械,-2.8,1025197000.0,0.0,0.0,927131680.8372357,0.0,0.0,0.0,0.0,0.0,0.0,0.0,0.0,6.8,0.0,0.0,0.0,9.76,1,87.0,106
2069,運錩,鋼鐵工業,1.62,10193120000.0,6292049382.716049,0.8,9225914303.167896,1.47,24.43,120.98,6.21,127.19,9.13,186.97,35.91,18.6,1.93,0.49,10.05,27.19,81,28.47,184
2070,精湛,電機機械,2.3,654366000.0,284506956.5217391,1.54,822009612.5126829,2.89,21.92,30.87,13.91,44.78,40.2,129.41,63.34,63.8,0.99,0.63,2.03,100.69,77,23.48,88
2072,世紀風電,綠能環保,14.43,0.0,0.0,0.0,0.0,0.0,13.92,4.66,11.25,15.91,0.0,0.0,0.0,147.5,0.0,0.0,0.0,1.0,2,0.0,0
2073,雄順,鋼鐵工業,-0.39,567661000.0,0.0,0.0,611705460.297459,0.0,82.32,185.01,37.68,222.69,0.0,0.0,0.0,27.0,0.0,0.0,0.0,0.65,3,0.52,18
2101,南港,橡膠工業,1.01,8402501000.0,8319307920.792079,1.24,19746983192.90944,2.37,35.01,226.8,8.42,235.22,19.96,557.47,82.96,34.15,2.43,0.58,16.32,6.45,42,18.88,70
2102,泰豐,橡膠工業,6.29,262413000.0,41719077.901430845,2.21,181413335.11680087,4.35,2.93,0.48,2.74,3.22,11.92,14.01,12.73,18.8,0.68,0.63,0.75,14.12,35,8.96,30
2103,台橡,橡膠工業,0.54,36853803000.0,68247783333.33333,0.36,40652004071.94161,0.6,39.05,166.6,6.73,173.33,4.04,104.0,23.43,24.2,0.97,0.17,4.3,7.64,92,4.84,23
2104,國際中橡,橡膠工業,-4.27,15544371000.0,0.0,0.0,12646564993.62074,0.0,6.45,0.0,6.45,6.45,0.0,0.0,0.0,11.4,0.0,0.0,0.0,0.28,9,18.4,37
2105,正新,橡膠工業,1.5,91262756000.0,60841837333.333336,0.77,92525996068.26642,1.52,19.74,6.6,16.88,23.48,25.66,35.69,30.0,32.55,0.92,0.79,1.1,14.68,133,6.7,17
2106,建大,橡膠工業,0.13,33973366000.0,261333584615.3846,0.07,34127455522.581387,0.13,48.51,128.05,15.8,143.85,2.05,18.7,6.31,17.9,0.35,0.11,1.04,0.0,0,5.49,17
2107,厚生,橡膠工業,1.67,1476855000.0,884344311.3772455,0.75,1305906226.0931687,1.48,14.48,8.25,10.12,18.37,14.98,27.19,21.42,25.85,0.83,0.58,1.05,10.78,24,1.22,17
2108,南帝,橡膠工業,0.84,9722020000.0,11573833333.333334,0.59,11323138302.600735,0.98,28.29,32.24,4.71,36.95,4.62,36.21,27.73,29.85,0.93,0.15,1.21,0.0,0,5.63,56
2109,華豐,橡膠工業,1.16,4571076000.0,3940582758.62069,0.58,4302965689.704752,1.09,11.7,3.74,10.06,13.8,10.97,15.04,12.75,14.95,0.85,0.73,1.01,3.88,1,1.83,63
2114,鑫永銓,橡膠工業,5.78,1583164000.0,273903806.2283737,2.99,1717967163.010089,6.27,16.76,9.2,9.8,19.0,61.45,119.13,105.09,90.4,1.16,0.68,1.32,0.0,0,4.68,56
2115,六暉-KY,汽車工業,1.58,2976173000.0,1883653797.4683545,0.9,3196699090.366757,1.7,15.55,25.69,10.1,35.79,17.17,60.84,26.44,21.2,1.25,0.81,2.87,1.04,1,2.02,1
2201,裕隆,汽車工業,0.93,74182384000.0,79766004301.07527,0.44,70021535067.64772,0.88,17.39,26.77,7.7,34.47,6.78,30.33,15.3,29.3,0.52,0.23,1.04,0.31,8,27.5,130
2204,中華,汽車工業,5.47,31570356000.0,5771545886.654479,3.12,35494453301.512856,6.15,10.13,6.25,7.32,13.57,45.02,83.46,62.3,57.5,1.08,0.78,1.45,3.1,4,3.06,77
2059,川湖,電子零組件業,103.23,16900584000.0,163717756.46614355,109.96,32696147321.033413,199.71,35.47,54.26,16.26,70.52,3247.28,14083.55,7084.45,7785.0,0.91,0.42,1.81,16.0,150,112.84,122
1909,榮成,造紙工業,-0.39,45295774000.0,0.0,0.0,49121813511.00232,0.0,223.22,235.05,12.45,247.5,0.0,0.0,0.0,10.65,0.0,0.0,0.0,6.07,88,29.09,144
2038,海光,鋼鐵工業,-0.56,9134021000.0,0.0,0.0,7286385420.140985,0.0,148.67,396.57,10.43,407.0,0.0,0.0,0.0,13.6,0.0,0.0,0.0,2.04,10,6.39,43
2002A,中鋼特,鋼鐵工業,0.0,0.0,0.0,0.0,0.0,0.0,0.0,0.0,0.0,0.0,0.0,0.0,0.0,38.4,0.0,0.0,0.0,1.03,11,0.0,0
2006,東和鋼鐵,鋼鐵工業,6.47,58516403000.0,9044266306.02782,3.26,55920569276.86373,6.18,10.94,5.09,7.8,12.89,48.2,79.66,67.59,68.6,0.99,0.7,1.16,13.73,91,11.87,149
2007,燁興,鋼鐵工業,-2.25,5443582000.0,0.0,0.0,3943168504.2144513,0.0,0.0,0.0,0.0,0.0,0.0,0.0,0.0,7.46,0.0,0.0,0.0,0.0,0,25.77,43
2008,高興昌,鋼鐵工業,0.69,1838397000.0,2664343478.26087,0.29,1462220577.0223558,0.55,65.39,94.55,12.95,107.5,7.12,59.13,35.97,30.65,1.17,0.23,1.93,53.5,53,17.68,156
2009,第一銅,鋼鐵工業,0.33,2899358000.0,8785933333.333332,0.19,3432834727.381848,0.39,93.23,136.05,38.06,174.11,14.84,67.9,36.36,39.55,0.92,0.38,1.72,0.0,0,66.87,175
2010,春源,鋼鐵工業,2.31,24455890000.0,10586965367.965368,1.19,25780843305.764618,2.44,10.89,5.56,8.81,14.37,21.5,35.06,26.56,21.8,1.22,0.99,1.61,0.0,0,18.5,42
2012,春雨,鋼鐵工業,0.2,8494670000.0,42473350000.0,0.09,7291767496.045274,0.17,33.69,74.13,9.62,83.75,1.64,14.24,5.73,16.5,0.35,0.1,0.86,10.6,49,2.94,23
2013,中鋼構,鋼鐵工業,3.19,21092061000.0,6611931347.962382,1.51,19199419249.880016,2.9,16.01,9.5,12.85,22.35,37.26,64.82,46.43,41.5,1.12,0.9,1.56,0.0,0,1.27,4
2014,中鴻,鋼鐵工業,-1.29,19913319000.0,0.0,0.0,16147736303.786528,0.0,9.19,0.0,9.19,9.19,0.0,0.0,0.0,17.6,0.0,0.0,0.0,5.28,85,19.44,184
2015,豐興,鋼鐵工業,3.88,29857638000.0,7695267525.773196,1.82,25532310547.517628,3.32,16.72,9.64,10.38,20.02,34.46,66.47,55.51,62.3,0.89,0.55,1.07,10.06,105,4.4,18
2017,官田鋼,鋼鐵工業,-0.55,2762431000.0,0.0,0.0,2611423811.760323,0.0,47.23,113.58,9.75,123.33,0.0,0.0,0.0,9.45,0.0,0.0,0.0,1.72,10,10.99,43
2020,美亞,鋼鐵工業,2.13,4732647000.0,2221900000.0,0.95,4539737543.989524,2.04,9.41,8.43,4.64,13.07,9.47,26.66,19.19,21.75,0.88,0.44,1.23,3.4,21,8.9,39
2022,聚亨,鋼鐵工業,-0.02,9138401000.0,0.0,0.0,13541552097.471617,0.0,111.7,160.35,17.98,178.33,0.0,0.0,0.0,8.13,0.0,0.0,0.0,0.0,0,20.67,43
2023,燁輝,鋼鐵工業,-1.85,68592648000.0,0.0,0.0,61423116123.83433,0.0,7.35,0.0,7.35,7.35,0.0,0.0,0.0,13.65,0.0,0.0,0.0,5.11,88,3.51,80
2024,志聯,鋼鐵工業,-0.06,998528000.0,0.0,0.0,959485998.9851235,0.0,254.55,629.04,14.29,643.33,0.0,0.0,0.0,13.95,0.0,0.0,0.0,4.42,38,10.92,88
2025,千興,鋼鐵工業,-0.17,849427000.0,0.0,0.0,1729843250.301467,0.0,56.45,92.86,2.77,95.63,0.0,0.0,0.0,13.45,0.0,0.0,0.0,8.79,10,0.0,0
2027,大成鋼,鋼鐵工業,2.89,100432504000.0,34751731487.889275,1.82,127597123409.88385,3.67,19.78,33.6,6.32,39.92,23.19,146.51,72.58,41.3,1.76,0.56,3.55,7.03,18,24.59,32
2028,威致,鋼鐵工業,0.28,8491960000.0,30328428571.42857,0.16,8665644115.24953,0.29,38.9,82.33,6.58,88.91,1.91,25.78,11.28,16.2,0.7,0.12,1.59,6.18,84,4.9,16
2029,盛餘,鋼鐵工業,0.74,13822378000.0,18678889189.18919,0.34,11436423276.30128,0.61,17.47,26.16,8.03,34.19,4.9,20.86,10.65,20.9,0.51,0.23,1.0,0.36,3,1.67,32
2030,彰源,鋼鐵工業,0.34,10238365000.0,30112838235.294117,0.19,10765522794.5853,0.36,33.23,56.25,5.85,62.1,2.11,22.36,11.96,19.2,0.62,0.11,1.16,10.95,84,9.03,184
2031,新光鋼,鋼鐵工業,3.29,17286364000.0,5254213981.7629175,1.72,15825791238.754929,3.01,14.18,32.76,5.79,38.55,17.43,116.04,42.68,38.9,1.1,0.45,2.98,1.15,10,17.1,42
2032,新鋼,鋼鐵工業,0.56,3043460000.0,5434749999.999999,0.3,3265994155.6865196,0.6,61.89,539.96,18.37,558.33,11.02,335.0,37.14,16.95,2.19,0.65,19.76,2.09,84,17.14,42
2033,佳大,鋼鐵工業,0.35,690733000.0,1973522857.1428573,0.18,716927843.3106757,0.36,85.62,156.71,43.29,200.0,15.58,72.0,30.82,16.4,1.88,0.95,4.39,70.48,129,41.29,85
2034,允強,鋼鐵工業,0.2,12892899000.0,64464495000.0,0.09,10697653277.753738,0.17,101.35,106.65,9.3,115.95,1.58,19.71,17.23,20.6,0.84,0.08,0.96,0.0,0,0.22,43
2035,唐榮,鋼鐵工業,-4.71,9598781000.0,0.0,0.0,9829546554.484407,0.0,0.0,0.0,0.0,0.0,0.0,0.0,0.0,27.9,0.0,0.0,0.0,2.15,140,0.0,0
2049,上銀,電機機械,4.3,24106189000.0,5606090465.11628,2.42,27485184246.193386,4.9,49.28,72.36,16.86,89.22,82.61,437.18,241.46,364.0,0.66,0.23,1.2,53.02,176,10.65,93
1726,永記,化學生技醫療,5.5,9902046000.0,1800372000.0,2.94,10066969436.30644,5.59,14.1,2.82,12.85,15.67,71.83,87.6,78.85,78.3,1.01,0.92,1.12,1.34,8,0.13,8
1725,元禎,化學生技醫療,1.52,8074797000.0,5312366447.368421,0.87,8910334683.357998,1.68,20.92,26.91,12.49,39.4,20.98,66.19,35.14,36.0,0.98,0.58,1.84,0.0,0,6.53,183
1522,堤維西,汽車工業,1.72,23266762000.0,13527187209.302326,1.02,33833124583.607822,2.5,27.35,102.59,8.86,111.45,22.15,278.62,68.37,30.55,2.24,0.73,9.12,5.73,9,6.61,113
1522A,堤維西甲特,汽車工業,0.0,0.0,0.0,0.0,0.0,0.0,0.0,0.0,0.0,0.0,0.0,0.0,0.0,50.0,0.0,0.0,0.0,5.1,179,1.73,9
1524,耿鼎,汽車工業,1.95,2712548000.0,1391050256.4102564,0.89,2274902720.301619,1.64,12.12,25.8,7.7,33.5,12.63,54.94,19.87,29.5,0.67,0.43,1.86,19.02,157,19.93,113
1525,江申,汽車工業,3.21,1254025000.0,390661993.7694704,1.62,1312069598.1150014,3.36,18.67,30.8,14.08,44.88,47.31,150.8,62.72,68.0,0.92,0.7,2.22,0.67,2,16.83,63
1526,日馳,電機機械,-0.11,763306000.0,0.0,0.0,658604423.335606,0.0,9.72,0.0,9.72,9.72,0.0,0.0,0.0,15.0,0.0,0.0,0.0,0.0,0,5.93,21
1527,鑽全,電機機械,1.52,2910053000.0,1914508552.631579,0.66,2446433857.2910004,1.28,18.71,27.78,9.8,37.58,12.54,48.1,23.95,33.9,0.71,0.37,1.42,7.36,51,5.09,25
1528,恩德,電機機械,-0.35,2876650000.0,0.0,0.0,2998043959.078445,0.0,8.77,0.0,8.77,8.77,0.0,0.0,0.0,24.05,0.0,0.0,0.0,34.36,107,89.24,177
1529,樂事綠能,電機機械,1.01,853549000.0,845098019.8019801,0.62,915944253.5005794,1.08,444.63,2957.46,17.54,2975.0,18.94,3213.0,480.2,23.2,20.7,0.82,138.49,14.51,11,5.33,42
1530,亞崴,電機機械,-2.39,1972715000.0,0.0,0.0,1727167772.4685388,0.0,24.16,40.35,5.26,45.61,0.0,0.0,0.0,29.75,0.0,0.0,0.0,11.35,53,5.85,32
1531,高林股,電機機械,-0.12,1519930000.0,0.0,0.0,1335242567.5471447,0.0,63.41,164.65,12.35,177.0,0.0,0.0,0.0,13.15,0.0,0.0,0.0,16.07,143,0.0,0
1532,勤美,電機機械,0.99,15470842000.0,15627113131.313131,0.42,16814563301.401134,1.08,26.15,87.03,6.97,94.0,7.53,101.52,28.24,23.6,1.2,0.32,4.3,2.86,2,6.82,143
1533,車王電,汽車工業,0.57,4266318000.0,7484768421.052632,0.34,5574900501.385768,0.74,46.83,44.31,20.64,64.95,15.27,48.06,34.66,37.5,0.92,0.41,1.28,0.0,0,24.83,122
1535,中宇,電機機械,4.0,11721845000.0,2930461250.0,1.47,8962781210.821547,3.06,13.79,4.56,11.31,15.87,34.61,48.56,42.18,50.3,0.84,0.69,0.97,0.0,0,2.67,42
1536,和大,汽車工業,-2.75,4736402000.0,0.0,0.0,4752409276.6880245,0.0,2068.13,6548.24,51.76,6600.0,0.0,0.0,0.0,53.1,0.0,0.0,0.0,7.45,7,34.25,52
1537,廣隆,電機機械,7.95,6744803000.0,848402893.081761,4.04,6446450124.584412,7.6,14.39,6.43,10.9,17.33,82.84,131.71,109.34,126.5,0.86,0.65,1.04,13.15,141,3.94,42
1538,正峰,電機機械,-1.59,121225000.0,0.0,0.0,62471012.144814216,0.0,0.0,0.0,0.0,0.0,0.0,0.0,0.0,10.7,0.0,0.0,0.0,42.75,178,0.0,0
1539,巨庭,電機機械,0.21,1323001000.0,6300004761.904762,0.08,995252478.5972071,0.16,71.35,405.0,8.75,413.75,1.4,66.2,11.42,16.1,0.71,0.09,4.11,43.74,77,5.28,3
1540,喬福,電機機械,1.11,494539000.0,445530630.6306306,0.45,387395419.9733563,0.87,21.38,140.75,11.25,152.0,9.79,132.24,18.6,22.8,0.82,0.43,5.8,104.71,79,3.1,7
1541,錩泰,電機機械,2.31,3631236000.0,1571963636.3636363,0.79,2472862841.7726636,1.57,40.96,195.38,8.85,204.23,13.89,320.64,64.31,21.6,2.98,0.64,14.84,10.62,53,0.0,0
1558,伸興,電機機械,5.52,8215440000.0,1488304347.826087,2.66,7872967293.354025,5.29,17.18,10.4,13.07,23.47,69.14,124.16,90.89,92.8,0.98,0.75,1.34,16.83,73,1.95,183
1560,中砂,電機機械,9.28,8044403000.0,866853771.5517242,6.37,9825166615.436258,11.33,47.71,53.73,22.11,75.84,250.51,859.27,540.56,745.0,0.73,0.34,1.15,8.55,101,34.47,183
1563,巧新,汽車工業,1.38,7062178000.0,5117520289.855073,0.7,7065024365.11374,1.38,29.9,147.82,13.54,161.36,18.69,222.68,41.27,71.0,0.58,0.26,3.14,0.0,0,6.17,23
1565,精華,生技醫療業,9.02,4213443000.0,467122283.8137472,3.86,3411162059.9936385,7.3,13.24,11.33,9.48,20.81,69.2,151.91,96.64,98.8,0.98,0.7,1.54,29.03,135,5.11,29
1568,倉佑,汽車工業,1.36,1024194000.0,753083823.5294117,0.74,1074047067.0239174,1.43,19.42,28.94,8.22,37.16,11.75,53.14,27.77,37.5,0.74,0.31,1.42,8.96,8,8.77,57
1569,濱川,電腦及週邊設備業,-5.63,3317106000.0,0.0,0.0,3115597263.828499,0.0,162.21,34.72,143.89,178.61,0.0,0.0,0.0,49.5,0.0,0.0,0.0,158.23,156,35.5,105
1521,大億,汽車工業,0.87,3577067000.0,4111571264.367816,0.49,4169774128.2652044,1.01,59.8,199.63,18.61,218.24,18.8,220.42,60.4,26.25,2.3,0.72,8.4,2.58,57,0.97,10
1570,力肯,電機機械,0.58,541569000.0,933739655.1724138,0.26,461567269.32669216,0.49,35.29,131.75,8.76,140.51,4.29,68.85,17.29,41.7,0.41,0.1,1.65,12.26,46,47.46,88
1519,華城,電機機械,14.26,24042291000.0,1685995161.2903225,7.34,25482171120.38286,15.11,48.1,62.9,21.53,84.43,325.32,1275.74,726.75,773.0,0.94,0.42,1.65,6.08,7,47.26,158
1516,川飛,其他,0.03,86650000.0,2888333333.3333335,0.02,90708654.01358175,0.03,268.08,1085.83,11.67,1097.5,0.35,32.92,8.04,18.65,0.43,0.02,1.77,4.36,2,53.85,175
1459,聯發,紡織纖維,0.81,1252518000.0,1546318518.5185184,0.31,889821534.748656,0.58,24.85,95.83,5.53,101.36,3.21,58.79,14.41,12.15,1.19,0.26,4.84,0.45,10,4.27,31
1460,宏遠,紡織纖維,-0.27,7646438000.0,0.0,0.0,6131833407.71213,0.0,0.0,0.0,0.0,0.0,0.0,0.0,0.0,8.08,0.0,0.0,0.0,0.0,0,0.0,0
1463,強盛新,紡織纖維,0.14,1170751000.0,8362507142.857142,0.01,137131862.3692233,0.02,34.4,146.91,4.63,151.54,0.09,3.03,0.69,17.75,0.04,0.01,0.17,20.85,37,9.57,100
1464,得力,紡織纖維,0.34,12545008000.0,36897082352.94118,0.17,11786734782.606833,0.32,26.39,84.75,9.92,94.67,3.17,30.29,8.44,11.1,0.76,0.29,2.73,25.35,151,3.83,28
1465,偉全,紡織纖維,-0.33,363972000.0,0.0,0.0,378823323.5759409,0.0,35.94,64.14,15.33,79.47,0.0,0.0,0.0,13.65,0.0,0.0,0.0,1.95,92,3.38,29
1466,聚隆,紡織纖維,-1.07,2644622000.0,0.0,0.0,2243588947.477687,0.0,63.14,128.73,8.41,137.14,0.0,0.0,0.0,18.3,0.0,0.0,0.0,19.61,127,24.09,106
1467,南緯,紡織纖維,-0.46,5217867000.0,0.0,0.0,5034463990.483037,0.0,31.58,39.67,15.33,55.0,0.0,0.0,0.0,9.31,0.0,0.0,0.0,0.82,3,0.24,11
1468,昶和,紡織纖維,0.2,852022000.0,4260110000.0,0.06,495784440.4229948,0.12,49.24,122.77,12.23,135.0,1.47,16.2,5.91,12.3,0.48,0.12,1.32,0.33,9,2.46,17
1470,大統新創,紡織纖維,0.78,791565000.0,1014826923.076923,0.38,723629704.7296028,0.71,29.4,22.75,18.19,40.94,12.91,29.07,20.87,21.7,0.96,0.59,1.34,22.49,46,7.91,101
1471,首利,電子工業,0.03,195999000.0,6533300000.0,0.01,86394760.8199403,0.01,267.37,680.16,39.84,720.0,0.4,7.2,2.67,10.9,0.24,0.04,0.66,0.61,9,3.88,28
1473,台南,紡織纖維,0.57,7006641000.0,12292352631.578949,0.26,5439800510.900978,0.44,15.98,34.46,8.79,43.25,3.87,19.03,7.03,20.8,0.34,0.19,0.91,0.0,0,16.73,106
1474,弘裕,紡織纖維,0.34,2954273000.0,8689038235.294117,0.17,2769450757.541186,0.32,31.21,64.5,11.68,76.18,3.74,24.38,9.99,10.8,0.92,0.35,2.26,3.14,1,1.97,21
1475,業旺,紡織纖維,2.72,1501811000.0,552136397.0588235,1.33,1364603094.6728501,2.47,9.53,26.27,5.44,31.71,13.44,78.32,23.55,27.95,0.84,0.48,2.8,11.2,23,2.56,23
1476,儒鴻,紡織纖維,20.1,38111954000.0,1896117114.4278605,12.13,38945592477.46568,20.54,20.0,13.03,13.24,26.27,271.95,539.59,410.9,323.0,1.27,0.84,1.67,6.62,123,1.92,133
1477,聚陽,紡織纖維,14.65,34751748000.0,2372132969.2832766,8.54,33315360756.49112,14.04,18.66,13.98,13.1,27.08,183.92,380.2,261.98,230.0,1.14,0.8,1.65,11.35,11,25.88,142
1503,士電,電機機械,6.28,36565338000.0,5822506050.955414,3.79,42196597399.37405,7.25,32.92,41.29,16.71,58.0,121.15,420.5,238.7,241.5,0.99,0.5,1.74,5.0,7,15.25,119
1504,東元,電機機械,2.42,58304590000.0,24092805785.123966,1.29,63338086829.77579,2.63,25.91,33.76,14.28,48.04,37.56,126.35,68.14,73.1,0.93,0.51,1.73,4.37,171,151.84,105
1506,正道,電機機械,0.06,1082820000.0,18047000000.0,0.03,1159798351.820979,0.06,133.14,234.41,55.59,290.0,3.34,17.4,7.99,10.55,0.76,0.32,1.65,3.44,4,26.64,56
1512,瑞利,汽車工業,0.19,1126766000.0,5930347368.421053,0.1,1202881085.6011124,0.2,31.7,16.31,24.85,41.16,4.97,8.23,6.34,7.21,0.88,0.69,1.14,0.0,0,0.0,0
1513,中興電,電機機械,8.07,27235004000.0,3374845600.991326,4.08,28190167653.545925,8.35,22.84,52.6,12.28,64.88,102.54,541.75,190.74,178.5,1.07,0.57,3.04,16.3,7,7.19,53
1514,亞力,電機機械,3.32,10435225000.0,3143140060.240964,1.72,11559983378.430376,3.68,35.95,31.92,15.98,47.9,58.81,176.27,132.31,126.5,1.05,0.46,1.39,8.47,2,10.95,119
1515,力山,電機機械,0.97,5144303000.0,5303405154.639175,0.44,5796758344.593213,1.09,24.62,60.79,8.59,69.38,9.36,75.62,26.83,42.75,0.63,0.22,1.77,0.0,0,17.41,56
1517,利奇,電機機械,-0.69,2050514000.0,0.0,0.0,1812135874.2099564,0.0,10.2,0.0,10.2,10.2,0.0,0.0,0.0,11.35,0.0,0.0,0.0,2.25,9,42.5,99
1580,新麥,電機機械,12.54,4988857000.0,397835486.4433812,5.77,4604990826.355901,11.58,10.82,3.86,8.61,12.47,99.7,144.4,125.28,124.0,1.01,0.8,1.16,1.96,52,4.55,31
1582,信錦,電子工業,3.45,8857470000.0,2567382608.695652,1.63,8105514800.261255,3.16,17.11,43.15,10.0,53.15,31.6,167.95,54.06,82.1,0.66,0.38,2.05,8.68,72,4.64,28
1709,和益,化學工業,1.23,9076666000.0,7379403252.03252,0.65,8723460705.721174,1.18,15.02,14.39,10.42,24.81,12.3,29.28,17.72,24.85,0.71,0.49,1.18,11.09,11,4.18,43
1710,東聯,化學工業,-1.01,22752814000.0,0.0,0.0,19898523341.672653,0.0,707.82,802.83,64.67,867.5,0.0,0.0,0.0,18.65,0.0,0.0,0.0,7.71,72,14.1,42
1711,永光,化學工業,-0.2,7633140000.0,0.0,0.0,7805965377.984385,0.0,85.5,192.5,27.5,220.0,0.0,0.0,0.0,47.35,0.0,0.0,0.0,37.53,74,38.94,184
1712,興農,化學工業,2.6,18555010000.0,7136542307.692307,1.39,19124754195.043728,2.68,17.07,7.07,12.68,19.75,33.98,52.93,45.76,39.9,1.15,0.85,1.33,7.14,126,7.43,100
1713,國化,化學工業,3.86,462367000.0,119784196.89119172,2.05,493623345.7604593,4.12,9.95,24.49,4.15,28.64,17.1,118.0,41.01,49.5,0.83,0.35,2.38,1.84,8,3.9,25
1714,和桐,化學工業,0.5,23123551000.0,46247102000.0,0.36,35495364611.606575,0.77,21.57,27.43,12.76,40.19,9.83,30.95,16.61,20.9,0.79,0.47,1.48,0.0,0,12.02,122
1717,長興,化學工業,1.41,40929375000.0,29027925531.914894,0.76,42719452548.43521,1.47,27.63,46.67,11.98,58.65,17.61,86.22,40.62,85.4,0.48,0.21,1.01,8.7,81,129.22,184
1718,中纖,化學工業,0.09,46499190000.0,516657666666.6667,0.04,45705809375.52945,0.09,173.55,344.71,26.29,371.0,2.37,33.39,15.62,15.2,1.03,0.16,2.2,0.11,10,16.31,149
1720,生達,化學生技醫療,5.19,6996447000.0,1348063005.7803466,2.58,7060073576.348707,5.24,12.64,5.58,10.45,16.03,54.76,84.0,66.22,63.9,1.04,0.86,1.31,8.1,18,12.96,149
1721,三晃,化學工業,-1.85,1749814000.0,0.0,0.0,1617890433.6366537,0.0,0.0,0.0,0.0,0.0,0.0,0.0,0.0,29.05,0.0,0.0,0.0,75.59,91,41.63,179
1722,台肥,化學工業,0.95,12159186000.0,12799143157.894737,0.53,12988555281.825476,1.01,32.46,37.31,16.06,53.37,16.22,53.9,32.79,48.95,0.67,0.33,1.1,0.78,24,3.04,11
1723,中碳,化學工業,2.65,5957830000.0,2248237735.8490567,1.4,5834247856.848132,2.6,21.57,20.07,16.22,36.29,42.17,94.35,56.08,85.1,0.66,0.5,1.11,0.0,0,0.0,0
1708,東鹼,化學生技醫療,3.28,6180360000.0,1884256097.5609758,1.76,6796269949.939411,3.61,11.89,21.6,7.36,28.96,26.57,104.55,42.93,61.7,0.7,0.43,1.69,26.92,135,8.55,150
1707,葡萄王,生技醫療業,8.22,10614460000.0,1291296836.9829683,3.64,9727736691.579063,7.53,14.48,4.82,11.34,16.16,85.39,121.68,109.06,93.2,1.17,0.92,1.31,3.62,148,9.68,17
1583,程泰,電機機械,-4.78,3907346000.0,0.0,0.0,4172481117.801585,0.0,19.76,55.34,3.99,59.33,0.0,0.0,0.0,50.2,0.0,0.0,0.0,0.14,3,0.0,0
1584,精剛,其他,0.45,2604026000.0,5786724444.444445,0.19,2108191433.655173,0.36,63.29,224.42,7.85,232.27,2.83,83.62,22.79,20.0,1.14,0.14,4.18,31.35,44,17.68,52
1586,和勤,電機機械,-0.36,2321202000.0,0.0,0.0,2323352483.608253,0.0,79.75,153.23,42.19,195.42,0.0,0.0,0.0,19.85,0.0,0.0,0.0,4.34,2,16.54,31
1587,吉茂,汽車工業,0.38,2594055000.0,6826460526.315789,0.21,3098132243.2244067,0.45,141.19,254.06,16.42,270.48,7.39,121.72,63.54,28.8,2.21,0.26,4.23,0.0,0,101.06,168
1590,亞德客-KY,電機機械,42.01,33793633000.0,804418781.2425613,31.69,43450276762.98879,54.01,24.37,19.19,17.71,36.9,956.52,1992.97,1316.01,1385.0,0.95,0.69,1.44,0.0,0,16.21,122
1597,直得,電機機械,0.92,1100199000.0,1195868478.2608695,0.62,1590164292.2391868,1.33,115.08,175.47,20.13,195.6,26.77,260.15,153.05,151.5,1.01,0.18,1.72,37.42,178,14.63,35
1599,宏佳騰,電機機械,-0.83,1853729000.0,0.0,0.0,1976970135.0436707,0.0,141.46,410.59,16.91,427.5,0.0,0.0,0.0,24.45,0.0,0.0,0.0,11.35,23,13.44,29
1603,華電,電器電纜,3.25,5327948000.0,1639368615.3846154,1.77,5582776455.814573,3.41,11.71,10.45,9.07,19.52,30.93,66.56,39.92,32.9,1.21,0.94,2.02,2.91,1,8.72,39
2206,三陽工業,汽車工業,5.78,62818867000.0,10868316089.965397,2.8,60600464142.40796,5.58,10.69,3.51,8.79,12.3,49.05,68.63,59.67,63.6,0.94,0.77,1.08,3.0,8,5.37,64
1604,聲寶,電器電纜,1.7,9211058000.0,5418269411.764706,0.86,8635353875.816515,1.59,13.69,8.52,6.63,15.15,10.54,24.09,21.77,23.8,0.91,0.44,1.01,0.0,0,0.0,0
1608,華榮,電器電纜,5.5,11348843000.0,2063426000.0,3.16,12869729000.429214,6.24,14.02,23.68,5.66,29.34,35.32,183.08,87.51,35.4,2.47,1.0,5.17,11.9,4,57.65,121
1609,大亞,電器電纜,1.64,31235095000.0,19045789634.146343,0.91,35954755936.363556,1.89,21.22,21.86,13.68,35.54,25.86,67.17,40.11,43.75,0.92,0.59,1.54,9.06,11,20.14,59
1611,中電,電器電纜,0.02,1081359000.0,54067950000.0,0.01,966513764.8670906,0.02,89.65,391.82,21.51,413.33,0.43,8.27,1.79,13.85,0.13,0.03,0.6,12.89,11,7.97,39
1612,宏泰,電器電纜,2.77,7480411000.0,2700509386.2815886,1.39,7698018621.083055,2.85,14.08,15.81,2.91,18.72,8.29,53.35,40.12,35.1,1.14,0.24,1.52,4.45,4,11.74,119
1614,三洋電,電器電纜,0.97,5459864000.0,5628725773.195876,0.45,4834418837.163452,0.86,41.23,34.36,23.14,57.5,19.9,49.45,35.46,32.0,1.11,0.62,1.55,0.0,0,0.0,0
1615,大山,電器電纜,4.93,5816581000.0,1179833874.239351,2.37,5477237188.877202,4.64,12.77,10.88,9.01,19.89,41.81,92.29,59.23,45.55,1.3,0.92,2.03,4.53,45,7.31,38
1616,億泰,電器電纜,1.55,5247241000.0,3385316774.193548,0.75,5399649597.752075,1.6,14.86,20.68,6.88,27.56,11.01,44.1,23.78,23.65,1.01,0.47,1.86,10.42,2,13.76,46
1617,榮星,電器電纜,0.68,3309047000.0,4866245588.235293,0.41,4059293400.594078,0.83,85.16,424.05,13.45,437.5,11.16,363.12,70.68,26.7,2.65,0.42,13.6,8.47,4,2.53,80
1618,合機,電器電纜,4.21,5305333000.0,1260174109.263658,1.82,4127324124.4758167,3.28,12.03,18.23,8.37,26.6,27.45,87.25,39.46,42.2,0.94,0.65,2.07,7.94,1,7.41,30
1623,大東電,電器電纜,13.61,605208000.0,44467891.2564291,0.0,0.0,0.0,17.53,15.68,12.96,28.64,0.0,0.0,0.0,235.0,0.0,0.0,0.0,19.59,4,32.72,172
1626,艾美特-KY,電器電纜,-0.86,8062687000.0,0.0,0.0,6999376602.693372,0.0,16.5,0.0,16.5,16.5,0.0,0.0,0.0,11.35,0.0,0.0,0.0,9.4,95,18.26,9
1702,南僑,食品工業,1.11,23430771000.0,21108802702.7027,0.55,22660377924.759323,1.07,18.05,36.97,10.04,47.01,10.74,50.3,19.32,33.85,0.57,0.32,1.49,5.55,91,0.61,10
1605,華新,電器電纜,0.75,172412266000.0,229883021333.33334,0.39,168029093452.95764,0.73,53.77,161.88,8.12,170.0,5.93,124.1,39.25,36.55,1.07,0.16,3.4,0.7,9,95.32,184
1457,宜進,紡織纖維,1.17,3066311000.0,2620778632.4786325,0.54,2492261207.7302294,0.95,16.26,36.25,3.87,40.12,3.68,38.11,15.45,14.7,1.05,0.25,2.59,0.0,0,1.74,15
2207,和泰車,汽車工業,33.93,278122174000.0,8196939994.105512,18.34,295057750198.9051,36.0,16.51,7.01,13.36,20.37,480.96,733.32,594.4,476.5,1.25,1.01,1.54,15.56,81,9.91,137
2211,長榮鋼,鋼鐵工業,8.59,15356743000.0,1787746565.774156,4.03,14524630774.505545,8.12,14.09,9.13,11.17,20.3,90.7,164.84,114.44,96.8,1.18,0.94,1.7,4.46,7,40.7,141
2397,友通,電腦及週邊設備業,2.49,11147988000.0,4477103614.457831,1.73,13294903730.00831,2.97,22.65,27.19,10.81,38.0,32.11,112.86,67.28,61.0,1.1,0.53,1.85,1.87,3,32.22,51
2399,映泰,電子工業,0.15,1753395000.0,11689300000.0,0.08,1774984289.2157128,0.15,257.08,582.88,9.62,592.5,1.44,88.88,38.56,55.0,0.7,0.03,1.62,87.42,107,56.0,179
2401,凌陽,半導體業,-0.37,6278566000.0,0.0,0.0,7191786546.365121,0.0,51.91,48.39,15.81,64.2,0.0,0.0,0.0,32.7,0.0,0.0,0.0,0.0,0,39.34,46
2402,毅嘉,電子工業,2.47,10728500000.0,4343522267.206477,1.61,12456937159.449427,2.87,20.99,24.32,12.24,36.56,35.13,104.93,60.24,69.1,0.87,0.51,1.52,24.93,101,74.06,156
2404,漢唐,其他電子業,48.08,63949846000.0,1330071672.2129784,33.75,111882199634.85876,84.12,18.47,20.78,11.84,32.62,995.98,2743.99,1553.54,1320.0,1.18,0.75,2.08,33.77,183,84.41,53
2405,輔信,電子工業,-0.2,1728395000.0,0.0,0.0,1821632438.1596904,0.0,407.74,697.27,24.4,721.67,0.0,0.0,0.0,17.5,0.0,0.0,0.0,0.0,0,30.39,107
2406,國碩,光電業,-0.91,5758962000.0,0.0,0.0,14818419455.366207,0.0,0.0,0.0,0.0,0.0,0.0,0.0,0.0,41.45,0.0,0.0,0.0,3.96,4,139.47,172
2408,南亞科,半導體業,2.13,56774899000.0,26654882159.624416,5.39,409441344713.4083,15.36,68.61,121.88,7.7,129.58,118.27,1990.35,1053.84,420.5,2.51,0.28,4.73,0.0,0,392.84,184
2409,友達,光電業,0.9,280792168000.0,311991297777.7778,0.45,273282669875.08395,0.88,27.54,99.2,2.99,102.19,2.63,89.93,24.23,31.7,0.76,0.08,2.84,7.34,4,33.6,184
2412,中華電,通信網路業,4.99,237858930000.0,47667120240.48096,2.59,247671072113.99582,5.2,26.84,4.08,25.05,29.13,130.26,151.48,139.58,141.5,0.99,0.92,1.07,6.72,80,6.15,43
2413,環科,電子工業,0.4,3331719000.0,8329297500.0,0.21,3677823488.3540354,0.44,101.75,153.17,33.39,186.56,14.69,82.09,44.77,48.5,0.92,0.3,1.69,20.36,116,176.44,176
2414,精技,電子工業,3.17,28246381000.0,8910530283.911673,1.96,37210255243.48581,4.18,14.5,7.78,10.15,17.93,42.43,74.95,60.59,61.7,0.98,0.69,1.21,0.0,0,13.16,4
2415,錩新,電子工業,1.81,2329168000.0,1286833149.1712706,1.13,2595018181.660331,2.02,27.12,117.25,13.7,130.95,27.67,264.52,54.79,41.65,1.32,0.66,6.35,26.36,80,17.86,155
2417,圓剛,電子工業,-0.19,3260578000.0,0.0,0.0,3818376673.7540393,0.0,163.27,97.45,109.86,207.31,0.0,0.0,0.0,47.45,0.0,0.0,0.0,0.0,0,35.67,50
2395,研華,電腦及週邊設備業,12.25,70256994000.0,5735264816.32653,7.39,85772685621.111,14.96,31.38,18.36,23.36,41.72,349.47,624.13,469.45,515.0,0.91,0.68,1.21,1.33,8,4.42,52
2393,億光,電子工業,4.6,19630880000.0,4267582608.6956525,2.81,20176801845.67325,4.73,13.99,11.47,9.69,21.16,45.83,100.09,66.16,70.0,0.95,0.65,1.43,13.33,184,9.02,22
2375,凱美,電子工業,3.72,5504838000.0,1479795161.2903225,1.99,5895818961.422496,3.98,22.38,63.21,7.46,70.67,29.69,281.27,89.06,208.5,0.43,0.14,1.35,14.8,149,84.92,112
2376,技嘉,電子工業,18.19,324226515000.0,17824437328.20231,13.28,479126344982.502,26.88,18.1,30.2,4.91,35.11,131.98,943.76,486.43,336.5,1.45,0.39,2.8,2.26,2,14.31,88
2377,微星,電子工業,6.8,225924964000.0,33224259411.764706,3.17,220457311505.06223,6.64,19.35,21.48,6.08,27.56,40.37,183.0,128.51,142.5,0.9,0.28,1.28,5.98,184,8.16,29
2379,瑞昱,半導體業,28.77,123048742000.0,4276980952.3809524,16.37,131691290430.43297,30.79,18.8,20.77,11.63,32.4,358.09,997.6,578.93,769.0,0.75,0.47,1.3,5.06,3,2.81,11
2380,虹光,電子工業,0.72,2817681000.0,3913445833.3333335,0.4,3420717670.8501177,0.87,18.48,25.57,5.08,30.65,4.42,26.67,16.08,22.2,0.72,0.2,1.2,5.06,9,84.32,49
2382,廣達,電子工業,19.44,1989610196000.0,102346203497.94238,16.93,3674816018351.839,35.91,17.65,20.31,8.74,29.05,313.85,1043.19,633.72,378.0,1.68,0.83,2.76,6.73,2,11.73,112
2383,台光電,電子工業,41.66,91947570000.0,2207094815.1704273,40.35,161817933269.2857,73.32,39.77,119.03,12.86,131.89,942.9,9670.17,2916.06,5475.0,0.53,0.17,1.77,25.75,172,88.12,183
2385,群光,電子工業,9.06,96067158000.0,10603439072.847681,5.01,91061652639.3154,8.59,12.59,7.18,9.35,16.53,80.32,141.99,108.14,107.5,1.01,0.75,1.32,0.89,3,5.56,74
2387,精元,電子工業,3.46,19232481000.0,5558520520.231214,1.55,17248386216.32727,3.1,8.71,9.65,5.61,15.26,17.39,47.31,27.0,40.8,0.66,0.43,1.16,8.38,148,3.69,4
2388,威盛,半導體業,0.12,10116361000.0,84303008333.33334,0.06,11260842455.451326,0.13,331.8,1653.17,11.83,1665.0,1.54,216.45,43.13,71.2,0.61,0.02,3.04,18.07,73,11.37,157
2390,云辰,其他電子業,-0.14,686088000.0,0.0,0.0,603441383.1932639,0.0,0.0,0.0,0.0,0.0,0.0,0.0,0.0,13.45,0.0,0.0,0.0,0.0,0,4.61,44
2392,正崴,電子工業,-6.62,97510511000.0,0.0,0.0,89342127222.9976,0.0,35.71,114.24,11.37,125.61,0.0,0.0,0.0,39.8,0.0,0.0,0.0,11.11,2,18.91,11
2374,佳能,電子工業,2.52,9311794000.0,3695156349.2063494,1.59,15691604099.510292,4.25,35.0,60.01,8.58,68.59,36.47,291.51,148.76,77.4,1.92,0.47,3.77,17.62,170,106.17,71
2419,仲琦,電子工業,-0.36,8742858000.0,0.0,0.0,8691967917.994343,0.0,42.78,0.0,42.78,42.78,0.0,0.0,0.0,29.1,0.0,0.0,0.0,20.0,10,14.69,115
2436,偉詮電,半導體業,3.0,3539175000.0,1179725000.0,2.13,4448539039.733357,3.77,37.7,53.35,17.23,70.58,64.96,266.09,142.14,77.7,1.83,0.84,3.42,7.95,79,21.4,63
2438,翔耀,光電業,-2.37,432276000.0,0.0,0.0,607307407.4537492,0.0,0.0,0.0,0.0,0.0,0.0,0.0,0.0,0.0,0.0,0.0,0.0,20.72,4,5.73,38
2439,美律,通信網路業,5.35,46021543000.0,8602157570.093458,2.98,51309541409.57307,5.96,15.73,8.63,10.92,19.55,65.08,116.52,93.73,91.8,1.02,0.71,1.27,0.0,0,6.67,14
2440,太空梭,電子工業,-0.24,3571225000.0,0.0,0.0,3953409627.544364,0.0,23.53,0.0,23.53,23.53,0.0,0.0,0.0,18.0,0.0,0.0,0.0,3.2,4,25.1,162
2441,超豐,半導體業,4.31,16714118000.0,3877985614.8491883,2.46,19526644672.676186,5.04,16.77,22.67,8.38,31.05,42.24,156.49,84.52,145.0,0.58,0.29,1.08,2.05,10,54.45,179
2444,兆勁,電子工業,-1.9,1104139000.0,0.0,0.0,920321163.8224562,0.0,114.84,118.3,19.2,137.5,0.0,0.0,0.0,12.7,0.0,0.0,0.0,29.14,147,9.13,74
2449,京元電子,半導體業,9.01,34125431000.0,3787506215.316315,6.49,46297318694.59927,12.22,22.91,38.4,9.23,47.63,112.79,582.04,279.93,351.0,0.8,0.32,1.66,4.89,123,147.69,179
2450,神腦,通信網路業,1.72,32694590000.0,19008482558.139534,0.91,37931629750.26078,2.0,17.55,6.78,13.78,20.56,27.56,41.12,35.1,29.05,1.21,0.95,1.42,0.0,0,3.42,17
2451,創見,半導體業,12.98,14961901000.0,1152688828.9676425,26.4,75201888359.99374,65.24,21.18,33.67,8.1,41.77,528.44,2725.07,1381.98,270.5,5.11,1.95,10.07,0.0,0,114.41,184
2453,凌群,資訊服務業,3.13,7372784000.0,2355522044.7284346,1.59,7842373751.13689,3.33,18.81,13.95,11.18,25.13,37.23,83.68,62.64,57.5,1.09,0.65,1.46,0.72,8,11.15,66
2454,聯發科,半導體業,66.17,586383033000.0,8861765649.085688,33.24,597863531009.7222,67.47,25.31,62.68,11.26,73.94,759.71,4988.73,1707.81,4125.0,0.41,0.18,1.21,4.93,183,19.92,71
2455,全新,通信網路業,2.96,3309773000.0,1118166554.054054,2.01,4227936375.428807,3.78,56.01,120.45,19.61,140.06,74.13,529.43,211.73,338.0,0.63,0.22,1.57,4.28,3,34.0,77
2434,統懋,電子工業,0.03,45756000.0,1525200000.0,0.02,45652262.65132395,0.03,335.5,1602.32,42.68,1645.0,1.28,49.35,10.07,54.3,0.19,0.02,0.91,1.18,1,24.83,133
2433,互盛電,其他電子業,3.05,2726747000.0,894015409.8360656,1.54,2740103149.493736,3.06,15.23,2.67,13.32,15.99,40.76,48.93,46.61,42.1,1.11,0.97,1.16,0.59,24,0.1,28
2420,新巨,電子工業,3.91,2162774000.0,553139130.4347826,2.02,2171134115.6901293,3.93,14.74,9.21,10.34,19.55,40.64,76.83,57.92,62.0,0.93,0.66,1.24,16.18,91,13.98,35
2421,建準,電子工業,7.94,18263701000.0,2300214231.738035,4.51,21932130673.064583,9.53,19.7,15.53,12.18,27.71,116.08,264.08,187.77,148.5,1.26,0.78,1.78,0.0,0,90.84,136
2423,固緯,其他電子業,2.91,2944348000.0,1011803436.4261168,1.67,3477128249.147593,3.44,17.79,11.58,12.24,23.82,42.11,81.94,61.21,76.7,0.8,0.55,1.07,6.14,122,35.84,175
2425,承啟,電子工業,-0.32,8375969000.0,0.0,0.0,14312103119.139015,0.0,115.44,341.73,17.02,358.75,0.0,0.0,0.0,41.6,0.0,0.0,0.0,34.74,91,7.87,38
2426,鼎元,光電業,-0.26,2342210000.0,0.0,0.0,2189275861.8129697,0.0,74.2,98.68,9.65,108.33,0.0,0.0,0.0,79.2,0.0,0.0,0.0,33.5,100,20.82,56
2427,三商電,資訊服務業,1.53,6543479000.0,4276783660.1307187,0.81,6634340387.705598,1.55,18.3,11.16,12.35,23.51,19.14,36.44,28.36,25.9,1.09,0.74,1.41,0.0,0,11.77,29
2428,興勤,電子工業,11.76,8064952000.0,685795238.0952381,6.6,8998907882.202183,13.12,14.7,22.22,9.01,31.23,118.21,409.74,192.92,343.5,0.56,0.34,1.19,1.37,8,53.76,107
2430,燦坤,電子工業,0.7,17810966000.0,25444237142.857143,0.34,17260981956.800392,0.68,22.3,32.75,8.71,41.46,5.92,28.19,15.17,18.25,0.83,0.32,1.54,1.4,4,2.22,56
2431,聯昌,電子工業,-2.1,377964000.0,0.0,0.0,225656797.85975477,0.0,0.0,0.0,0.0,0.0,0.0,0.0,0.0,12.1,0.0,0.0,0.0,48.34,120,31.82,78
2373,震旦行,電子工業,3.86,10765016000.0,2788864248.7046633,1.86,10353296721.611523,3.71,14.43,1.76,13.45,15.21,49.9,56.43,53.54,53.9,0.99,0.93,1.05,0.0,0,2.28,11
2303,聯電,電子工業,3.33,237238293000.0,71242730630.63063,2.09,260805715113.38126,3.66,15.4,35.21,9.64,44.85,35.28,164.15,56.38,166.0,0.34,0.21,0.99,1.27,42,24.51,184
2305,全友,電子工業,0.2,733136000.0,3665680000.0,0.15,1149057396.8933883,0.31,122.66,165.69,60.56,226.25,18.77,70.14,38.02,42.65,0.89,0.44,1.64,8.67,9,22.55,49
2308,台達電,電子工業,23.14,539937575000.0,23333516637.856525,14.17,745571804828.4323,31.95,43.33,72.87,20.69,93.56,661.05,2989.24,1384.36,1995.0,0.69,0.33,1.5,8.08,175,138.89,113
2312,金寶,其他電子業,1.05,162727375000.0,154978452380.95236,0.48,147833030623.22,0.95,24.79,58.51,14.82,73.33,14.08,69.66,23.55,35.55,0.66,0.4,1.96,40.76,142,23.58,184
2313,華通,電子工業,5.51,75158821000.0,13640439382.94011,3.43,85065342572.9673,6.24,21.41,43.26,9.39,52.65,58.59,328.54,133.58,235.0,0.57,0.25,1.4,4.63,3,87.29,184
2314,台揚,通信網路業,-4.32,1677413000.0,0.0,0.0,2349287418.5972834,0.0,0.0,0.0,0.0,0.0,0.0,0.0,0.0,13.9,0.0,0.0,0.0,19.11,176,147.57,129
2316,楠梓電,電子工業,13.37,3671873000.0,274635228.1226627,8.07,4782128824.541509,17.41,9.21,11.05,6.18,17.23,107.59,299.97,160.31,216.0,0.74,0.5,1.39,8.17,2,127.87,147
2317,鴻海,其他電子業,13.6,7891774675000.0,580277549632.3529,9.49,10612175791646.123,18.29,16.1,11.71,10.24,21.95,187.29,401.47,294.47,242.0,1.22,0.77,1.66,0.0,0,62.73,115
2321,東訊,通信網路業,-0.76,742234000.0,0.0,0.0,722560865.0100855,0.0,84.29,0.0,84.29,84.29,0.0,0.0,0.0,13.6,0.0,0.0,0.0,8.46,121,0.0,0
2323,中環,光電業,1.58,7170946000.0,4538573417.7215185,0.86,7925117143.067049,1.75,11.19,43.23,4.3,47.53,7.52,83.18,19.59,11.9,1.65,0.63,6.99,0.0,0,45.0,184
2324,仁寶,電子工業,1.38,755605341000.0,547540102173.9131,0.75,808133996542.5206,1.48,17.58,27.42,7.96,35.38,11.78,52.36,26.02,35.7,0.73,0.33,1.47,13.01,154,24.87,80
2327,國巨*,電子工業,26.9,130098665000.0,4836381598.513011,16.46,166152793842.46823,34.35,21.01,84.05,5.71,89.76,196.14,3083.26,721.65,1005.0,0.72,0.2,3.07,6.49,8,13.52,29
2328,廣宇,電子工業,1.56,22112137000.0,14174446794.871794,0.67,18049376935.201565,1.27,24.85,48.69,14.27,62.96,18.12,79.96,31.57,51.0,0.62,0.36,1.57,6.78,170,57.76,50
2329,華泰,半導體業,2.45,19362141000.0,7902914693.87755,1.3,22059647624.547127,2.79,25.01,34.0,8.88,42.88,24.78,119.64,69.77,54.6,1.28,0.45,2.19,0.0,0,48.36,172
2302,麗正,電子工業,0.49,835569000.0,1705242857.142857,0.28,977980894.996892,0.57,34.08,50.26,19.87,70.13,11.33,39.97,19.42,52.2,0.37,0.22,0.77,8.12,149,32.57,106
2301,光寶科,電腦及週邊設備業,6.65,164568691000.0,24747171578.94737,3.73,198417081942.59894,8.02,22.48,24.6,12.16,36.76,97.52,294.82,180.3,224.0,0.8,0.44,1.32,3.26,8,71.05,114
2221,大甲,其他,2.31,1380803000.0,597750216.4502164,1.3,1525687939.5841775,2.55,14.29,12.11,10.36,22.47,26.42,57.3,36.45,48.6,0.75,0.54,1.18,0.32,8,5.28,184
2227,裕日車,汽車工業,1.29,15328057000.0,11882214728.68217,0.53,12111003080.398499,1.02,29.12,45.09,9.32,54.41,9.51,55.5,29.7,50.0,0.59,0.19,1.11,0.0,0,4.89,23
2228,劍麟,汽車工業,5.24,4949851000.0,944628053.4351145,2.57,4790897303.270419,5.07,13.54,13.32,7.52,20.84,38.13,105.66,68.65,87.8,0.78,0.43,1.2,7.83,100,30.64,53
2231,為升,汽車工業,-1.64,3664324000.0,0.0,0.0,3281481868.3099256,0.0,48.15,53.18,21.16,74.34,0.0,0.0,0.0,123.5,0.0,0.0,0.0,0.42,4,116.59,65
2233,宇隆,汽車工業,6.69,3297200000.0,492855007.47384155,3.38,3178832454.064129,6.45,23.92,49.91,10.94,60.85,70.56,392.48,154.26,264.5,0.58,0.27,1.48,98.25,176,44.99,51
2235,謚源,電機機械,0.95,561922000.0,591496842.1052632,0.5,592412229.2963364,1.0,24.93,30.9,15.24,46.14,15.24,46.14,24.93,30.3,0.82,0.5,1.52,0.0,0,1.61,4
2236,百達-KY,汽車工業,-6.81,9249897000.0,0.0,0.0,10854875785.700817,0.0,191.02,909.93,10.07,920.0,0.0,0.0,0.0,184.0,0.0,0.0,0.0,36.97,155,22.45,179
2239,英利-KY,汽車工業,-7.87,19126801000.0,0.0,0.0,17698390001.168514,0.0,29.15,26.05,15.01,41.06,0.0,0.0,0.0,22.95,0.0,0.0,0.0,0.38,2,27.81,158
2243,宏旭-KY,汽車工業,1.22,1861642000.0,1525936065.5737705,0.71,2450667336.603247,1.61,31.68,58.07,8.39,66.46,13.51,107.0,51.0,66.0,0.77,0.2,1.62,69.92,11,31.09,57
2247,汎德永業,汽車工業,18.32,51898301000.0,2832876692.139738,7.2,38077440654.58138,13.44,13.06,4.09,11.28,15.37,151.6,206.57,175.57,236.0,0.74,0.64,0.88,1.52,157,13.91,16
2248,華勝-KY,汽車工業,5.34,1815934000.0,340062546.8164794,3.74,3074753915.94553,9.04,9.29,5.02,6.5,11.52,58.76,104.14,84.0,58.9,1.43,1.0,1.77,0.0,0,8.78,120
2250,IKKA-KY,汽車工業,3.99,3375733000.0,846048370.9273182,1.89,3098151247.140821,3.66,17.89,10.56,13.73,24.29,50.25,88.9,65.49,69.4,0.94,0.72,1.28,34.56,172,21.33,43
2330,台積電,半導體業,66.26,3752213811000.0,56628641880.47087,40.56,4821322327607.393,85.14,25.93,17.52,17.35,34.87,1477.18,2968.83,2207.78,2460.0,0.9,0.6,1.21,9.18,183,57.87,183
2355,敬鵬,電子工業,1.6,15658335000.0,9786459375.0,0.84,16460536407.711973,1.68,18.67,30.76,8.88,39.64,14.92,66.6,31.36,53.1,0.59,0.28,1.25,0.0,0,26.79,52
2356,英業達,電子工業,2.41,699082867000.0,290075878423.2365,1.49,857009419536.499,2.95,21.52,20.0,13.33,33.33,39.32,98.32,63.47,67.2,0.94,0.59,1.46,4.8,4,8.93,114
2357,華碩,電子工業,59.99,716607808000.0,11945454375.729288,35.92,977599213618.1658,81.84,12.85,11.32,5.32,16.64,435.39,1361.82,1051.46,680.0,1.55,0.64,2.0,33.33,183,12.8,112
2359,所羅門,其他電子業,1.22,4193366000.0,3437185245.9016395,0.61,4175057679.14404,1.21,129.25,194.93,17.93,212.86,21.7,257.56,156.4,142.5,1.1,0.15,1.81,8.18,170,25.66,50
2360,致茂,其他電子業,27.68,26953569000.0,973756105.4913294,29.82,50136499468.76463,51.49,39.25,70.35,18.06,88.41,929.91,4552.23,2020.95,2180.0,0.93,0.43,2.09,44.88,121,113.18,184
2362,藍天,電子工業,2.05,20876604000.0,10183709268.292685,1.06,22367968547.049297,2.2,22.3,35.18,9.46,44.64,20.81,98.21,49.07,44.95,1.09,0.46,2.18,24.49,91,2.44,30
2363,矽統,半導體業,1.53,2664144000.0,1741270588.235294,1.15,5682971647.593012,3.26,47.83,79.3,20.83,100.13,67.91,326.42,155.92,68.3,2.28,0.99,4.78,34.99,105,36.21,74
2364,倫飛,電子工業,4.6,1527938000.0,332160434.78260875,2.3,1535388968.8915608,4.62,20.08,19.29,14.17,33.46,65.47,154.59,92.78,71.6,1.3,0.91,2.16,54.53,46,25.67,35
2365,昆盈,電子工業,0.33,939434000.0,2846769696.969697,0.21,1009277814.614251,0.35,99.54,218.44,42.81,261.25,14.98,91.44,34.84,34.2,1.02,0.44,2.67,21.42,10,46.45,51
2367,燿華,電子工業,0.68,16474586000.0,24227332352.941174,0.33,14953981990.524378,0.62,31.0,104.49,8.84,113.33,5.48,70.26,19.22,53.8,0.36,0.1,1.31,0.0,0,39.41,42
2368,金像電,電子工業,19.43,58066839000.0,2988514616.572311,13.6,95077202570.16118,31.81,31.96,65.5,12.35,77.85,392.85,2476.41,1016.52,1225.0,0.83,0.32,2.02,7.47,172,133.89,172
2369,菱生,半導體業,-1.05,5403429000.0,0.0,0.0,7421808510.944994,0.0,8.7,0.0,8.7,8.7,0.0,0.0,0.0,43.2,0.0,0.0,0.0,0.0,0,84.43,184
2371,大同,電機機械,-5.2,49840830000.0,0.0,0.0,51399172957.03733,0.0,20.03,76.26,4.39,80.65,0.0,0.0,0.0,28.15,0.0,0.0,0.0,2.15,2,8.66,43
2354,鴻準,電子工業,2.31,157468970000.0,68168385281.38528,1.02,126663990082.0464,1.86,26.36,19.07,17.52,36.59,32.59,68.06,49.03,58.4,0.84,0.56,1.17,35.89,123,21.11,35
2353,宏碁,電腦及週邊設備業,1.26,271654739000.0,215598999206.3492,0.73,347860096545.819,1.61,21.37,24.83,8.05,32.88,12.96,52.94,34.4,32.8,1.05,0.4,1.61,1.17,3,11.33,60
2331,精英,電子工業,1.4,19946465000.0,14247475000.0,0.73,23359964231.508373,1.64,26.33,37.82,13.38,51.2,21.94,83.97,43.18,21.3,2.03,1.03,3.94,0.0,0,41.08,161
2332,友訊,通信網路業,-0.91,13320681000.0,0.0,0.0,14290810960.105022,0.0,390.75,1014.21,25.79,1040.0,0.0,0.0,0.0,19.5,0.0,0.0,0.0,43.19,170,3.71,53
2337,旺宏,半導體業,-1.78,28063863000.0,0.0,0.0,56496520726.537964,0.0,5.21,0.0,5.21,5.21,0.0,0.0,0.0,144.5,0.0,0.0,0.0,5.5,24,168.53,184
2338,光罩,半導體業,-4.99,6212835000.0,0.0,0.0,5583274821.917018,0.0,26.27,17.7,15.44,33.14,0.0,0.0,0.0,50.6,0.0,0.0,0.0,4.63,3,51.5,51
2342,茂矽,半導體業,-0.48,2073952000.0,0.0,0.0,1856845060.4130986,0.0,365.26,1278.42,19.91,1298.33,0.0,0.0,0.0,59.2,0.0,0.0,0.0,7.65,151,80.24,107
2208,台船,航運業,-1.76,21069459000.0,0.0,0.0,15260992515.685417,0.0,0.0,0.0,0.0,0.0,0.0,0.0,0.0,20.3,0.0,0.0,0.0,7.63,50,68.0,67
2344,華邦電,半導體業,0.88,86008121000.0,97736501136.36363,0.89,186355192140.91992,1.91,101.01,155.41,6.9,162.31,13.18,310.01,192.94,183.0,1.05,0.07,1.69,0.0,0,457.59,184
2345,智邦,通信網路業,47.13,237761128000.0,5044793719.499257,30.16,383422407533.1957,76.0,34.04,34.06,20.26,54.32,1539.76,4128.32,2587.21,2645.0,0.98,0.58,1.56,38.01,172,68.02,183
2347,聯強,電子工業,5.09,404171231000.0,79404956974.45973,3.76,624600604194.655,7.87,13.73,9.59,7.1,16.69,55.88,131.35,108.06,93.8,1.15,0.6,1.4,5.52,135,4.55,16
2348,海悅,其他,6.85,7027149000.0,1025861167.8832117,3.84,7472787698.394498,7.28,13.34,13.36,7.84,21.2,57.08,154.34,97.13,76.3,1.27,0.75,2.02,48.99,21,0.0,0
2348A,海悅甲特,其他,0.0,0.0,0.0,0.0,0.0,0.0,0.0,0.0,0.0,0.0,0.0,0.0,0.0,37.55,0.0,0.0,0.0,9.47,182,0.55,7
2349,錸德,光電業,-0.36,7529703000.0,0.0,0.0,7273413993.200973,0.0,187.78,121.43,122.57,244.0,0.0,0.0,0.0,13.4,0.0,0.0,0.0,0.0,0,59.61,162
2351,順德,半導體業,1.67,10255043000.0,6140744311.377246,0.98,11855966125.648834,1.93,41.42,98.13,16.63,114.76,32.1,221.49,79.94,228.0,0.35,0.14,0.97,33.2,74,33.71,113
2352,佳世達,電子工業,0.63,208040050000.0,330222301587.3016,0.37,210125920977.6613,0.64,29.57,48.96,8.14,57.1,5.21,36.54,18.93,35.4,0.53,0.15,1.03,1.16,10,34.86,92
2457,飛宏,電子工業,-1.48,10144830000.0,0.0,0.0,8797759372.60496,0.0,71.59,45.1,42.4,87.5,0.0,0.0,0.0,30.15,0.0,0.0,0.0,0.0,0,61.19,112
1454,台富,紡織纖維,-1.12,1557640000.0,0.0,0.0,1244041741.8400607,0.0,87.01,122.62,50.88,173.5,0.0,0.0,0.0,13.1,0.0,0.0,0.0,0.0,0,1.35,4
00783,富邦中証500,ETF,0.0,0.0,0.0,0.0,0.0,0.0,0.0,0.0,0.0,0.0,0.0,0.0,0.0,31.28,0.0,0.0,0.0,51.17,91,47.14,184
00830,國泰費城半導體,ETF,0.0,0.0,0.0,0.0,0.0,0.0,0.0,0.0,0.0,0.0,0.0,0.0,0.0,92.4,0.0,0.0,0.0,5.06,3,48.58,184
00738U,期元大道瓊白銀,ETF,0.0,0.0,0.0,0.0,0.0,0.0,0.0,0.0,0.0,0.0,0.0,0.0,0.0,49.72,0.0,0.0,0.0,9.42,107,114.26,184
00739,元大MSCI A股,ETF,0.0,0.0,0.0,0.0,0.0,0.0,0.0,0.0,0.0,0.0,0.0,0.0,0.0,29.4,0.0,0.0,0.0,35.1,91,31.03,184
00752,中信中國50,ETF,0.0,0.0,0.0,0.0,0.0,0.0,0.0,0.0,0.0,0.0,0.0,0.0,0.0,21.73,0.0,0.0,0.0,36.41,91,29.5,87
00753L,中信中國50正2,ETF,0.0,0.0,0.0,0.0,0.0,0.0,0.0,0.0,0.0,0.0,0.0,0.0,0.0,8.71,0.0,0.0,0.0,85.3,91,53.22,87
00757,統一FANG+,ETF,0.0,0.0,0.0,0.0,0.0,0.0,0.0,0.0,0.0,0.0,0.0,0.0,0.0,129.8,0.0,0.0,0.0,14.38,162,21.29,116
00762,元大全球AI,ETF,0.0,0.0,0.0,0.0,0.0,0.0,0.0,0.0,0.0,0.0,0.0,0.0,0.0,114.55,0.0,0.0,0.0,12.96,154,32.89,115
00763U,期街口道瓊銅,ETF,0.0,0.0,0.0,0.0,0.0,0.0,0.0,0.0,0.0,0.0,0.0,0.0,0.0,33.07,0.0,0.0,0.0,0.25,1,19.46,183
00770,國泰北美科技,ETF,0.0,0.0,0.0,0.0,0.0,0.0,0.0,0.0,0.0,0.0,0.0,0.0,0.0,67.45,0.0,0.0,0.0,9.1,162,29.02,115
00771,元大US高息特別股,ETF,0.0,0.0,0.0,0.0,0.0,0.0,0.0,0.0,0.0,0.0,0.0,0.0,0.0,15.85,0.0,0.0,0.0,5.36,101,7.87,112
00775B,新光投等債15+,ETF,0.0,0.0,0.0,0.0,0.0,0.0,0.0,0.0,0.0,0.0,0.0,0.0,0.0,32.7,0.0,0.0,0.0,5.41,72,11.36,108
00737,國泰AI機器人,ETF,0.0,0.0,0.0,0.0,0.0,0.0,0.0,0.0,0.0,0.0,0.0,0.0,0.0,39.6,0.0,0.0,0.0,11.43,154,21.37,112
00851,台新全球AI,ETF,0.0,0.0,0.0,0.0,0.0,0.0,0.0,0.0,0.0,0.0,0.0,0.0,0.0,72.0,0.0,0.0,0.0,8.5,162,18.91,119
00894,中信小資高價30,ETF,0.0,0.0,0.0,0.0,0.0,0.0,0.0,0.0,0.0,0.0,0.0,0.0,0.0,49.19,0.0,0.0,0.0,3.28,3,46.42,183
00895,富邦未來車,ETF,0.0,0.0,0.0,0.0,0.0,0.0,0.0,0.0,0.0,0.0,0.0,0.0,0.0,51.4,0.0,0.0,0.0,11.08,171,35.57,183
00896,中信綠能及電動車,ETF,0.0,0.0,0.0,0.0,0.0,0.0,0.0,0.0,0.0,0.0,0.0,0.0,0.0,28.36,0.0,0.0,0.0,1.58,3,28.77,114
00897,富邦基因免疫生技,ETF,0.0,0.0,0.0,0.0,0.0,0.0,0.0,0.0,0.0,0.0,0.0,0.0,0.0,11.81,0.0,0.0,0.0,12.94,21,40.28,144
00898,國泰基因免疫革命,ETF,0.0,0.0,0.0,0.0,0.0,0.0,0.0,0.0,0.0,0.0,0.0,0.0,0.0,9.75,0.0,0.0,0.0,12.27,21,33.61,184
00899,FT潔淨能源,ETF,0.0,0.0,0.0,0.0,0.0,0.0,0.0,0.0,0.0,0.0,0.0,0.0,0.0,26.03,0.0,0.0,0.0,5.86,7,41.79,122
00900,富邦特選高股息30,ETF,0.0,0.0,0.0,0.0,0.0,0.0,0.0,0.0,0.0,0.0,0.0,0.0,0.0,19.5,0.0,0.0,0.0,0.0,0,9.81,183
00901,永豐智能車供應鏈,ETF,0.0,0.0,0.0,0.0,0.0,0.0,0.0,0.0,0.0,0.0,0.0,0.0,0.0,47.35,0.0,0.0,0.0,2.42,3,39.07,116
00902,中信電池及儲能,ETF,0.0,0.0,0.0,0.0,0.0,0.0,0.0,0.0,0.0,0.0,0.0,0.0,0.0,14.24,0.0,0.0,0.0,18.7,91,75.6,129
00903,富邦元宇宙,ETF,0.0,0.0,0.0,0.0,0.0,0.0,0.0,0.0,0.0,0.0,0.0,0.0,0.0,21.05,0.0,0.0,0.0,13.15,183,28.93,115
00904,新光臺灣半導體30,ETF,0.0,0.0,0.0,0.0,0.0,0.0,0.0,0.0,0.0,0.0,0.0,0.0,0.0,43.39,0.0,0.0,0.0,2.75,3,44.89,184
00905,FT臺灣Smart,ETF,0.0,0.0,0.0,0.0,0.0,0.0,0.0,0.0,0.0,0.0,0.0,0.0,0.0,28.61,0.0,0.0,0.0,5.21,7,33.21,183
00907,永豐優息存股,ETF,0.0,0.0,0.0,0.0,0.0,0.0,0.0,0.0,0.0,0.0,0.0,0.0,0.0,16.5,0.0,0.0,0.0,0.42,4,5.0,107
00908,富邦入息REITs+,ETF,0.0,0.0,0.0,0.0,0.0,0.0,0.0,0.0,0.0,0.0,0.0,0.0,0.0,15.4,0.0,0.0,0.0,12.13,85,9.91,184
00909,國泰數位支付服務,ETF,0.0,0.0,0.0,0.0,0.0,0.0,0.0,0.0,0.0,0.0,0.0,0.0,0.0,46.18,0.0,0.0,0.0,39.58,150,54.26,101
00910,第一金太空衛星,ETF,0.0,0.0,0.0,0.0,0.0,0.0,0.0,0.0,0.0,0.0,0.0,0.0,0.0,65.0,0.0,0.0,0.0,58.52,182,56.07,184
00911,兆豐洲際半導體,ETF,0.0,0.0,0.0,0.0,0.0,0.0,0.0,0.0,0.0,0.0,0.0,0.0,0.0,63.4,0.0,0.0,0.0,4.42,3,42.41,184
00912,中信臺灣智慧50,ETF,0.0,0.0,0.0,0.0,0.0,0.0,0.0,0.0,0.0,0.0,0.0,0.0,0.0,34.87,0.0,0.0,0.0,2.09,3,23.71,183
00913,兆豐台灣晶圓製造,ETF,0.0,0.0,0.0,0.0,0.0,0.0,0.0,0.0,0.0,0.0,0.0,0.0,0.0,54.2,0.0,0.0,0.0,2.12,3,37.85,184
00915,凱基優選高股息30,ETF,0.0,0.0,0.0,0.0,0.0,0.0,0.0,0.0,0.0,0.0,0.0,0.0,0.0,32.44,0.0,0.0,0.0,1.51,10,2.62,184
00916,國泰全球品牌50,ETF,0.0,0.0,0.0,0.0,0.0,0.0,0.0,0.0,0.0,0.0,0.0,0.0,0.0,26.08,0.0,0.0,0.0,12.9,170,19.64,172
00917,中信特選金融,ETF,0.0,0.0,0.0,0.0,0.0,0.0,0.0,0.0,0.0,0.0,0.0,0.0,0.0,22.88,0.0,0.0,0.0,23.2,147,24.1,184
00918,大華優利高填息30,ETF,0.0,0.0,0.0,0.0,0.0,0.0,0.0,0.0,0.0,0.0,0.0,0.0,0.0,32.06,0.0,0.0,0.0,0.43,2,6.33,115
00919,群益台灣精選高息,ETF,0.0,0.0,0.0,0.0,0.0,0.0,0.0,0.0,0.0,0.0,0.0,0.0,0.0,29.76,0.0,0.0,0.0,0.12,1,6.85,184
00920,富邦ESG綠色電力,ETF,0.0,0.0,0.0,0.0,0.0,0.0,0.0,0.0,0.0,0.0,0.0,0.0,0.0,25.98,0.0,0.0,0.0,3.27,7,47.96,184
00893,國泰智能電動車,ETF,0.0,0.0,0.0,0.0,0.0,0.0,0.0,0.0,0.0,0.0,0.0,0.0,0.0,46.0,0.0,0.0,0.0,13.62,171,47.05,115
00850,元大臺灣ESG永續,ETF,0.0,0.0,0.0,0.0,0.0,0.0,0.0,0.0,0.0,0.0,0.0,0.0,0.0,92.55,0.0,0.0,0.0,1.85,3,32.43,183
00892,富邦台灣半導體,ETF,0.0,0.0,0.0,0.0,0.0,0.0,0.0,0.0,0.0,0.0,0.0,0.0,0.0,45.48,0.0,0.0,0.0,3.33,3,33.45,184
00852L,國泰美國道瓊正2,ETF,0.0,0.0,0.0,0.0,0.0,0.0,0.0,0.0,0.0,0.0,0.0,0.0,0.0,35.54,0.0,0.0,0.0,25.83,150,25.34,184
00861,元大全球未來通訊,ETF,0.0,0.0,0.0,0.0,0.0,0.0,0.0,0.0,0.0,0.0,0.0,0.0,0.0,92.05,0.0,0.0,0.0,2.54,3,37.14,184
00865B,國泰US短期公債,ETF,0.0,0.0,0.0,0.0,0.0,0.0,0.0,0.0,0.0,0.0,0.0,0.0,0.0,48.89,0.0,0.0,0.0,4.12,179,10.86,168
00875,國泰網路資安,ETF,0.0,0.0,0.0,0.0,0.0,0.0,0.0,0.0,0.0,0.0,0.0,0.0,0.0,51.85,0.0,0.0,0.0,21.32,162,8.79,112
00876,元大全球5G,ETF,0.0,0.0,0.0,0.0,0.0,0.0,0.0,0.0,0.0,0.0,0.0,0.0,0.0,98.75,0.0,0.0,0.0,3.41,3,51.38,184
00878,國泰永續高股息,ETF,0.0,0.0,0.0,0.0,0.0,0.0,0.0,0.0,0.0,0.0,0.0,0.0,0.0,33.49,0.0,0.0,0.0,0.94,3,5.87,184
00881,國泰台灣科技龍頭,ETF,0.0,0.0,0.0,0.0,0.0,0.0,0.0,0.0,0.0,0.0,0.0,0.0,0.0,55.3,0.0,0.0,0.0,1.67,3,45.06,183
00882,中信中國高股息,ETF,0.0,0.0,0.0,0.0,0.0,0.0,0.0,0.0,0.0,0.0,0.0,0.0,0.0,15.12,0.0,0.0,0.0,27.82,91,19.89,129
00885,富邦越南,ETF,0.0,0.0,0.0,0.0,0.0,0.0,0.0,0.0,0.0,0.0,0.0,0.0,0.0,19.12,0.0,0.0,0.0,3.6,85,51.43,184
00891,中信關鍵半導體,ETF,0.0,0.0,0.0,0.0,0.0,0.0,0.0,0.0,0.0,0.0,0.0,0.0,0.0,37.53,0.0,0.0,0.0,2.78,3,26.06,184
00736,國泰新興市場,ETF,0.0,0.0,0.0,0.0,0.0,0.0,0.0,0.0,0.0,0.0,0.0,0.0,0.0,31.75,0.0,0.0,0.0,9.57,91,23.08,184
00735,國泰臺韓科技,ETF,0.0,0.0,0.0,0.0,0.0,0.0,0.0,0.0,0.0,0.0,0.0,0.0,0.0,112.6,0.0,0.0,0.0,2.43,3,69.25,184
00636K,國泰中國A50+U,ETF,0.0,0.0,0.0,0.0,0.0,0.0,0.0,0.0,0.0,0.0,0.0,0.0,0.0,8.89,0.0,0.0,0.0,28.0,92,19.25,184
00637L,元大滬深300正2,ETF,0.0,0.0,0.0,0.0,0.0,0.0,0.0,0.0,0.0,0.0,0.0,0.0,0.0,20.61,0.0,0.0,0.0,73.47,91,41.41,183
00638R,元大滬深300反1,ETF,0.0,0.0,0.0,0.0,0.0,0.0,0.0,0.0,0.0,0.0,0.0,0.0,0.0,6.7,0.0,0.0,0.0,4.65,72,0.66,25
00639,富邦深100,ETF,0.0,0.0,0.0,0.0,0.0,0.0,0.0,0.0,0.0,0.0,0.0,0.0,0.0,18.1,0.0,0.0,0.0,73.08,91,47.04,183
00640L,富邦日本正2,ETF,0.0,0.0,0.0,0.0,0.0,0.0,0.0,0.0,0.0,0.0,0.0,0.0,0.0,108.5,0.0,0.0,0.0,4.62,3,57.44,183
00641R,富邦日本反1,ETF,0.0,0.0,0.0,0.0,0.0,0.0,0.0,0.0,0.0,0.0,0.0,0.0,0.0,3.72,0.0,0.0,0.0,27.2,28,0.0,0
00642U,期元大S&P石油,ETF,0.0,0.0,0.0,0.0,0.0,0.0,0.0,0.0,0.0,0.0,0.0,0.0,0.0,22.48,0.0,0.0,0.0,0.0,0,8.2,24
00643,群益深証中小,ETF,0.0,0.0,0.0,0.0,0.0,0.0,0.0,0.0,0.0,0.0,0.0,0.0,0.0,20.31,0.0,0.0,0.0,49.36,91,47.39,183
00643K,群益深証中小+R,ETF,0.0,0.0,0.0,0.0,0.0,0.0,0.0,0.0,0.0,0.0,0.0,0.0,0.0,4.37,0.0,0.0,0.0,0.0,0,0.0,0
00645,富邦日本,ETF,0.0,0.0,0.0,0.0,0.0,0.0,0.0,0.0,0.0,0.0,0.0,0.0,0.0,57.85,0.0,0.0,0.0,2.29,3,26.8,183
00646,元大S&P500,ETF,0.0,0.0,0.0,0.0,0.0,0.0,0.0,0.0,0.0,0.0,0.0,0.0,0.0,75.65,0.0,0.0,0.0,10.04,171,21.06,184
00647L,元大S&P500正2,ETF,0.0,0.0,0.0,0.0,0.0,0.0,0.0,0.0,0.0,0.0,0.0,0.0,0.0,134.7,0.0,0.0,0.0,14.46,154,24.39,184
00648R,元大S&P500反1,ETF,0.0,0.0,0.0,0.0,0.0,0.0,0.0,0.0,0.0,0.0,0.0,0.0,0.0,4.02,0.0,0.0,0.0,6.96,31,0.64,7
00650L,復華香港正2,ETF,0.0,0.0,0.0,0.0,0.0,0.0,0.0,0.0,0.0,0.0,0.0,0.0,0.0,14.81,0.0,0.0,0.0,68.5,91,36.33,87
00651R,復華香港反1,ETF,0.0,0.0,0.0,0.0,0.0,0.0,0.0,0.0,0.0,0.0,0.0,0.0,0.0,5.62,0.0,0.0,0.0,5.4,29,0.0,0
00652,富邦印度,ETF,0.0,0.0,0.0,0.0,0.0,0.0,0.0,0.0,0.0,0.0,0.0,0.0,0.0,33.65,0.0,0.0,0.0,4.82,80,4.93,143
00653L,富邦印度正2,ETF,0.0,0.0,0.0,0.0,0.0,0.0,0.0,0.0,0.0,0.0,0.0,0.0,0.0,48.07,0.0,0.0,0.0,11.75,81,4.35,143
00654R,富邦印度反1,ETF,0.0,0.0,0.0,0.0,0.0,0.0,0.0,0.0,0.0,0.0,0.0,0.0,0.0,6.66,0.0,0.0,0.0,6.29,136,6.36,31
00655L,國泰中國A50正2,ETF,0.0,0.0,0.0,0.0,0.0,0.0,0.0,0.0,0.0,0.0,0.0,0.0,0.0,34.59,0.0,0.0,0.0,72.53,91,36.81,183
00656R,國泰中國A50反1,ETF,0.0,0.0,0.0,0.0,0.0,0.0,0.0,0.0,0.0,0.0,0.0,0.0,0.0,5.9,0.0,0.0,0.0,5.07,72,0.75,25
00657,國泰日經225,ETF,0.0,0.0,0.0,0.0,0.0,0.0,0.0,0.0,0.0,0.0,0.0,0.0,0.0,81.2,0.0,0.0,0.0,3.69,3,32.71,116
00657K,國泰日經225+U,ETF,0.0,0.0,0.0,0.0,0.0,0.0,0.0,0.0,0.0,0.0,0.0,0.0,0.0,25.32,0.0,0.0,0.0,2.43,3,24.47,119
00660,元大歐洲50,ETF,0.0,0.0,0.0,0.0,0.0,0.0,0.0,0.0,0.0,0.0,0.0,0.0,0.0,46.95,0.0,0.0,0.0,2.3,84,11.25,183
00661,元大日經225,ETF,0.0,0.0,0.0,0.0,0.0,0.0,0.0,0.0,0.0,0.0,0.0,0.0,0.0,89.7,0.0,0.0,0.0,3.15,3,33.53,183
00662,富邦NASDAQ,ETF,0.0,0.0,0.0,0.0,0.0,0.0,0.0,0.0,0.0,0.0,0.0,0.0,0.0,121.7,0.0,0.0,0.0,8.76,162,22.42,172
00636,國泰中國A50,ETF,0.0,0.0,0.0,0.0,0.0,0.0,0.0,0.0,0.0,0.0,0.0,0.0,0.0,28.29,0.0,0.0,0.0,38.75,91,29.1,183
00663L,國泰臺灣加權正2,ETF,0.0,0.0,0.0,0.0,0.0,0.0,0.0,0.0,0.0,0.0,0.0,0.0,0.0,112.15,0.0,0.0,0.0,3.29,3,86.49,183
00635U,期元大S&P黃金,ETF,0.0,0.0,0.0,0.0,0.0,0.0,0.0,0.0,0.0,0.0,0.0,0.0,0.0,43.35,0.0,0.0,0.0,14.4,114,34.25,172
00633L,富邦上証正2,ETF,0.0,0.0,0.0,0.0,0.0,0.0,0.0,0.0,0.0,0.0,0.0,0.0,0.0,49.73,0.0,0.0,0.0,72.04,91,36.77,183
00401A,主動摩根台灣鑫收,ETF,0.0,0.0,0.0,0.0,0.0,0.0,0.0,0.0,0.0,0.0,0.0,0.0,0.0,13.72,0.0,0.0,0.0,34.02,73,34.02,73
00402A,主動安聯美國科技,ETF,0.0,0.0,0.0,0.0,0.0,0.0,0.0,0.0,0.0,0.0,0.0,0.0,0.0,9.8,0.0,0.0,0.0,0.4,22,0.4,22
00403A,主動統一升級50,ETF,0.0,0.0,0.0,0.0,0.0,0.0,0.0,0.0,0.0,0.0,0.0,0.0,0.0,10.93,0.0,0.0,0.0,5.37,41,5.37,41
00404A,主動聯博動能50,ETF,0.0,0.0,0.0,0.0,0.0,0.0,0.0,0.0,0.0,0.0,0.0,0.0,0.0,10.26,0.0,0.0,0.0,5.62,13,5.62,13
00405A,主動富邦台灣龍耀,ETF,0.0,0.0,0.0,0.0,0.0,0.0,0.0,0.0,0.0,0.0,0.0,0.0,0.0,9.15,0.0,0.0,0.0,3.27,13,3.27,13
00406A,主動中信台灣收益,ETF,0.0,0.0,0.0,0.0,0.0,0.0,0.0,0.0,0.0,0.0,0.0,0.0,0.0,10.23,0.0,0.0,0.0,9.96,11,9.96,11
00407A,主動凱基台灣,ETF,0.0,0.0,0.0,0.0,0.0,0.0,0.0,0.0,0.0,0.0,0.0,0.0,0.0,9.85,0.0,0.0,0.0,1.42,9,1.42,9
0050,元大台灣50,ETF,0.0,0.0,0.0,0.0,0.0,0.0,0.0,0.0,0.0,0.0,0.0,0.0,0.0,108.25,0.0,0.0,0.0,3.31,183,44.95,183
0051,元大中型100,ETF,0.0,0.0,0.0,0.0,0.0,0.0,0.0,0.0,0.0,0.0,0.0,0.0,0.0,149.5,0.0,0.0,0.0,1.52,3,28.52,184
0052,富邦科技,ETF,0.0,0.0,0.0,0.0,0.0,0.0,0.0,0.0,0.0,0.0,0.0,0.0,0.0,63.55,0.0,0.0,0.0,4.01,183,38.24,116
0053,元大電子,ETF,0.0,0.0,0.0,0.0,0.0,0.0,0.0,0.0,0.0,0.0,0.0,0.0,0.0,246.55,0.0,0.0,0.0,2.23,3,46.53,183
0055,元大MSCI金融,ETF,0.0,0.0,0.0,0.0,0.0,0.0,0.0,0.0,0.0,0.0,0.0,0.0,0.0,42.09,0.0,0.0,0.0,3.71,102,10.72,168
0056,元大高股息,ETF,0.0,0.0,0.0,0.0,0.0,0.0,0.0,0.0,0.0,0.0,0.0,0.0,0.0,53.25,0.0,0.0,0.0,1.21,3,8.38,107
0057,富邦摩台,ETF,0.0,0.0,0.0,0.0,0.0,0.0,0.0,0.0,0.0,0.0,0.0,0.0,0.0,322.45,0.0,0.0,0.0,3.0,183,42.64,183
0061,元大寶滬深,ETF,0.0,0.0,0.0,0.0,0.0,0.0,0.0,0.0,0.0,0.0,0.0,0.0,0.0,25.22,0.0,0.0,0.0,58.47,91,34.23,184
006203,元大MSCI台灣,ETF,0.0,0.0,0.0,0.0,0.0,0.0,0.0,0.0,0.0,0.0,0.0,0.0,0.0,196.65,0.0,0.0,0.0,2.84,183,41.28,183
006204,永豐臺灣加權,ETF,0.0,0.0,0.0,0.0,0.0,0.0,0.0,0.0,0.0,0.0,0.0,0.0,0.0,234.8,0.0,0.0,0.0,1.67,3,35.07,184
006205,富邦上証,ETF,0.0,0.0,0.0,0.0,0.0,0.0,0.0,0.0,0.0,0.0,0.0,0.0,0.0,41.73,0.0,0.0,0.0,34.88,91,33.44,183
006206,元大上證50,ETF,0.0,0.0,0.0,0.0,0.0,0.0,0.0,0.0,0.0,0.0,0.0,0.0,0.0,37.95,0.0,0.0,0.0,37.47,91,30.79,184
006207,復華滬深,ETF,0.0,0.0,0.0,0.0,0.0,0.0,0.0,0.0,0.0,0.0,0.0,0.0,0.0,33.86,0.0,0.0,0.0,41.21,91,36.49,183
006208,富邦台50,ETF,0.0,0.0,0.0,0.0,0.0,0.0,0.0,0.0,0.0,0.0,0.0,0.0,0.0,251.35,0.0,0.0,0.0,2.85,3,40.79,183
00625K,富邦上証+R,ETF,0.0,0.0,0.0,0.0,0.0,0.0,0.0,0.0,0.0,0.0,0.0,0.0,0.0,0.0,0.0,0.0,0.0,0.0,0,0.0,0
00631L,元大台灣50正2,ETF,0.0,0.0,0.0,0.0,0.0,0.0,0.0,0.0,0.0,0.0,0.0,0.0,0.0,38.75,0.0,0.0,0.0,3.75,3,86.87,183
00632R,元大台灣50反1,ETF,0.0,0.0,0.0,0.0,0.0,0.0,0.0,0.0,0.0,0.0,0.0,0.0,0.0,9.92,0.0,0.0,0.0,615.03,165,0.28,1
00634R,富邦上証反1,ETF,0.0,0.0,0.0,0.0,0.0,0.0,0.0,0.0,0.0,0.0,0.0,0.0,0.0,3.11,0.0,0.0,0.0,4.65,70,0.0,0
00664R,國泰臺灣加權反1,ETF,0.0,0.0,0.0,0.0,0.0,0.0,0.0,0.0,0.0,0.0,0.0,0.0,0.0,1.61,0.0,0.0,0.0,20.49,28,0.0,0
00665L,富邦恒生國企正2,ETF,0.0,0.0,0.0,0.0,0.0,0.0,0.0,0.0,0.0,0.0,0.0,0.0,0.0,8.09,0.0,0.0,0.0,69.7,91,30.98,87
00666R,富邦恒生國企反1,ETF,0.0,0.0,0.0,0.0,0.0,0.0,0.0,0.0,0.0,0.0,0.0,0.0,0.0,9.9,0.0,0.0,0.0,7.34,28,0.0,0
00702,國泰標普低波高息,ETF,0.0,0.0,0.0,0.0,0.0,0.0,0.0,0.0,0.0,0.0,0.0,0.0,0.0,25.1,0.0,0.0,0.0,14.97,147,6.08,164
00703,台新MSCI中國,ETF,0.0,0.0,0.0,0.0,0.0,0.0,0.0,0.0,0.0,0.0,0.0,0.0,0.0,18.64,0.0,0.0,0.0,44.71,91,28.4,87
00706L,期元大S&P日圓正2,ETF,0.0,0.0,0.0,0.0,0.0,0.0,0.0,0.0,0.0,0.0,0.0,0.0,0.0,18.51,0.0,0.0,0.0,26.94,70,258.83,107
00707R,期元大S&P日圓反1,ETF,0.0,0.0,0.0,0.0,0.0,0.0,0.0,0.0,0.0,0.0,0.0,0.0,0.0,32.6,0.0,0.0,0.0,0.0,0,0.0,0
00708L,期元大S&P黃金正2,ETF,0.0,0.0,0.0,0.0,0.0,0.0,0.0,0.0,0.0,0.0,0.0,0.0,0.0,74.3,0.0,0.0,0.0,29.66,114,76.7,172
00709,富邦歐洲,ETF,0.0,0.0,0.0,0.0,0.0,0.0,0.0,0.0,0.0,0.0,0.0,0.0,0.0,40.63,0.0,0.0,0.0,3.06,57,21.35,184
00710B,復華彭博非投等債,ETF,0.0,0.0,0.0,0.0,0.0,0.0,0.0,0.0,0.0,0.0,0.0,0.0,0.0,19.1,0.0,0.0,0.0,3.6,148,8.79,162
00711B,復華彭博新興債,ETF,0.0,0.0,0.0,0.0,0.0,0.0,0.0,0.0,0.0,0.0,0.0,0.0,0.0,16.23,0.0,0.0,0.0,5.96,72,14.44,141
00712,復華富時不動產,ETF,0.0,0.0,0.0,0.0,0.0,0.0,0.0,0.0,0.0,0.0,0.0,0.0,0.0,8.84,0.0,0.0,0.0,8.73,9,13.25,63
00713,元大台灣高息低波,ETF,0.0,0.0,0.0,0.0,0.0,0.0,0.0,0.0,0.0,0.0,0.0,0.0,0.0,61.0,0.0,0.0,0.0,0.0,0,2.36,65
00714,群益道瓊美國地產,ETF,0.0,0.0,0.0,0.0,0.0,0.0,0.0,0.0,0.0,0.0,0.0,0.0,0.0,22.19,0.0,0.0,0.0,16.43,143,8.1,108
00715L,期街口布蘭特正2,ETF,0.0,0.0,0.0,0.0,0.0,0.0,0.0,0.0,0.0,0.0,0.0,0.0,0.0,32.48,0.0,0.0,0.0,0.0,0,85.62,170
00717,富邦美國特別股,ETF,0.0,0.0,0.0,0.0,0.0,0.0,0.0,0.0,0.0,0.0,0.0,0.0,0.0,14.97,0.0,0.0,0.0,4.74,100,9.53,184
00728,第一金工業30,ETF,0.0,0.0,0.0,0.0,0.0,0.0,0.0,0.0,0.0,0.0,0.0,0.0,0.0,65.9,0.0,0.0,0.0,1.35,3,29.19,184
00730,富邦臺灣優質高息,ETF,0.0,0.0,0.0,0.0,0.0,0.0,0.0,0.0,0.0,0.0,0.0,0.0,0.0,29.69,0.0,0.0,0.0,1.91,100,16.43,56
00731,復華富時高息低波,ETF,0.0,0.0,0.0,0.0,0.0,0.0,0.0,0.0,0.0,0.0,0.0,0.0,0.0,88.4,0.0,0.0,0.0,1.62,3,3.93,184
00733,富邦臺灣中小,ETF,0.0,0.0,0.0,0.0,0.0,0.0,0.0,0.0,0.0,0.0,0.0,0.0,0.0,77.45,0.0,0.0,0.0,0.0,0,25.81,101
00701,國泰股利精選30,ETF,0.0,0.0,0.0,0.0,0.0,0.0,0.0,0.0,0.0,0.0,0.0,0.0,0.0,39.33,0.0,0.0,0.0,1.64,4,4.34,38
00700,富邦恒生國企,ETF,0.0,0.0,0.0,0.0,0.0,0.0,0.0,0.0,0.0,0.0,0.0,0.0,0.0,16.06,0.0,0.0,0.0,40.25,91,18.56,87
00668,國泰美國道瓊,ETF,0.0,0.0,0.0,0.0,0.0,0.0,0.0,0.0,0.0,0.0,0.0,0.0,0.0,62.05,0.0,0.0,0.0,14.91,148,20.14,184
00668K,國泰美國道瓊+U,ETF,0.0,0.0,0.0,0.0,0.0,0.0,0.0,0.0,0.0,0.0,0.0,0.0,0.0,19.34,0.0,0.0,0.0,14.41,150,10.32,184
00669R,國泰美國道瓊反1,ETF,0.0,0.0,0.0,0.0,0.0,0.0,0.0,0.0,0.0,0.0,0.0,0.0,0.0,5.22,0.0,0.0,0.0,1.68,31,3.55,28
00670L,富邦NASDAQ正2,ETF,0.0,0.0,0.0,0.0,0.0,0.0,0.0,0.0,0.0,0.0,0.0,0.0,0.0,205.25,0.0,0.0,0.0,9.59,162,27.72,115
00671R,富邦NASDAQ反1,ETF,0.0,0.0,0.0,0.0,0.0,0.0,0.0,0.0,0.0,0.0,0.0,0.0,0.0,2.44,0.0,0.0,0.0,13.97,28,0.31,2
00673R,期元大S&P原油反1,ETF,0.0,0.0,0.0,0.0,0.0,0.0,0.0,0.0,0.0,0.0,0.0,0.0,0.0,16.17,0.0,0.0,0.0,18.31,65,347.34,165
00674R,期元大S&P黃金反1,ETF,0.0,0.0,0.0,0.0,0.0,0.0,0.0,0.0,0.0,0.0,0.0,0.0,0.0,29.66,0.0,0.0,0.0,0.96,18,1.18,24
00675L,富邦臺灣加權正2,ETF,0.0,0.0,0.0,0.0,0.0,0.0,0.0,0.0,0.0,0.0,0.0,0.0,0.0,339.8,0.0,0.0,0.0,3.54,3,86.41,183
00676R,富邦臺灣加權反1,ETF,0.0,0.0,0.0,0.0,0.0,0.0,0.0,0.0,0.0,0.0,0.0,0.0,0.0,5.47,0.0,0.0,0.0,19.9,28,0.17,1
00678,群益那斯達克生技,ETF,0.0,0.0,0.0,0.0,0.0,0.0,0.0,0.0,0.0,0.0,0.0,0.0,0.0,41.79,0.0,0.0,0.0,10.71,21,43.8,144
00680L,元大美債20正2,ETF,0.0,0.0,0.0,0.0,0.0,0.0,0.0,0.0,0.0,0.0,0.0,0.0,0.0,6.98,0.0,0.0,0.0,18.09,65,12.36,107
00921,兆豐龍頭等權重,ETF,0.0,0.0,0.0,0.0,0.0,0.0,0.0,0.0,0.0,0.0,0.0,0.0,0.0,23.85,0.0,0.0,0.0,0.05,3,9.34,42
00681R,元大美債20反1,ETF,0.0,0.0,0.0,0.0,0.0,0.0,0.0,0.0,0.0,0.0,0.0,0.0,0.0,21.02,0.0,0.0,0.0,8.19,184,2.93,10
00683L,期元大美元指正2,ETF,0.0,0.0,0.0,0.0,0.0,0.0,0.0,0.0,0.0,0.0,0.0,0.0,0.0,22.04,0.0,0.0,0.0,9.75,179,7.72,141
00684R,期元大美元指反1,ETF,0.0,0.0,0.0,0.0,0.0,0.0,0.0,0.0,0.0,0.0,0.0,0.0,0.0,0.0,0.0,0.0,0.0,4.05,79,0.19,72
00686R,群益臺灣加權反1,ETF,0.0,0.0,0.0,0.0,0.0,0.0,0.0,0.0,0.0,0.0,0.0,0.0,0.0,0.99,0.0,0.0,0.0,20.36,28,0.0,0
00687C,國泰20年美債+櫃U,上櫃ETF,0.0,0.0,0.0,0.0,0.0,0.0,0.0,0.0,0.0,0.0,0.0,0.0,0.0,9.39,0.0,0.0,0.0,7.79,53,6.89,107
00688L,國泰20年美債正2,ETF,0.0,0.0,0.0,0.0,0.0,0.0,0.0,0.0,0.0,0.0,0.0,0.0,0.0,6.94,0.0,0.0,0.0,17.92,65,12.55,107
00689R,國泰20年美債反1,ETF,0.0,0.0,0.0,0.0,0.0,0.0,0.0,0.0,0.0,0.0,0.0,0.0,0.0,22.01,0.0,0.0,0.0,7.99,184,4.05,58
00690,兆豐藍籌30,ETF,0.0,0.0,0.0,0.0,0.0,0.0,0.0,0.0,0.0,0.0,0.0,0.0,0.0,81.65,0.0,0.0,0.0,2.97,3,36.49,183
00692,富邦公司治理,ETF,0.0,0.0,0.0,0.0,0.0,0.0,0.0,0.0,0.0,0.0,0.0,0.0,0.0,93.5,0.0,0.0,0.0,2.3,3,36.69,183
00693U,期街口S&P黃豆,ETF,0.0,0.0,0.0,0.0,0.0,0.0,0.0,0.0,0.0,0.0,0.0,0.0,0.0,21.39,0.0,0.0,0.0,0.0,0,11.38,134
00682U,期元大美元指數,ETF,0.0,0.0,0.0,0.0,0.0,0.0,0.0,0.0,0.0,0.0,0.0,0.0,0.0,20.79,0.0,0.0,0.0,4.71,179,4.35,136
1455,集盛,紡織纖維,-0.98,6505126000.0,0.0,0.0,4868961894.34426,0.0,263.56,1003.41,11.59,1015.0,0.0,0.0,0.0,10.9,0.0,0.0,0.0,0.0,0,2.29,64
00922,國泰台灣領袖50,ETF,0.0,0.0,0.0,0.0,0.0,0.0,0.0,0.0,0.0,0.0,0.0,0.0,0.0,41.57,0.0,0.0,0.0,2.44,3,31.0,183
00924,復華S&P500成長,ETF,0.0,0.0,0.0,0.0,0.0,0.0,0.0,0.0,0.0,0.0,0.0,0.0,0.0,32.58,0.0,0.0,0.0,11.17,170,22.55,172
1215,卜蜂,食品工業,10.4,28114836000.0,2703349615.3846154,5.45,29658887103.548656,10.97,14.62,4.88,11.91,16.79,130.65,184.19,160.41,113.0,1.42,1.16,1.63,0.0,0,15.42,102
1216,統一,食品工業,3.46,671991806000.0,194217284971.09827,1.77,690970960762.1794,3.56,22.86,8.82,18.76,27.58,66.79,98.18,81.38,77.8,1.05,0.86,1.26,7.77,120,5.2,15
1217,愛之味,食品工業,0.42,5053488000.0,12032114285.714287,0.19,4877153118.167021,0.41,34.05,62.28,17.01,79.29,6.97,32.51,13.96,10.2,1.37,0.68,3.19,0.0,0,5.21,38
1218,泰山,食品工業,1.59,10013154000.0,6297581132.075471,0.82,10625174891.570108,1.69,15.84,61.6,11.07,72.67,18.71,122.81,26.77,17.3,1.55,1.08,7.1,0.0,0,0.51,1
1219,福壽,食品工業,0.45,14343570000.0,31874600000.0,0.23,14337436448.60491,0.45,30.14,34.07,18.89,52.96,8.5,23.83,13.56,12.35,1.1,0.69,1.93,0.0,0,2.08,9
1220,台榮,食品工業,0.08,3429604000.0,42870050000.0,0.04,3316298144.842654,0.08,78.51,594.23,10.77,605.0,0.86,48.4,6.28,11.85,0.53,0.07,4.08,20.37,156,0.36,8
1225,福懋油,食品工業,1.67,12252020000.0,7336538922.155689,0.89,12474942537.955147,1.7,32.2,77.47,16.4,93.87,27.88,159.58,54.75,28.05,1.95,0.99,5.69,41.9,67,5.9,29
1227,佳格,食品工業,1.32,28448173000.0,21551646212.121212,0.68,29114354912.628586,1.35,20.63,10.07,16.73,26.8,22.59,36.18,27.86,30.65,0.91,0.74,1.18,0.0,0,1.8,100
1229,聯華,食品工業,2.6,13281855000.0,5108405769.230769,1.05,12700042531.729004,2.49,20.01,12.39,14.73,27.12,36.68,67.53,49.83,43.7,1.14,0.84,1.55,0.0,0,10.04,98
1231,聯華食,食品工業,3.93,12960746000.0,3297899745.547074,2.02,13172782659.257994,3.99,29.11,23.41,19.25,42.66,76.81,170.21,116.14,89.1,1.3,0.86,1.91,23.93,179,9.22,31
1232,大統益,食品工業,8.25,21469837000.0,2602404484.848485,4.46,22978702834.056366,8.83,18.27,4.45,16.24,20.69,143.4,182.69,161.29,149.0,1.08,0.96,1.23,6.44,105,0.0,0
1233,天仁,食品工業,0.75,2174330000.0,2899106666.6666665,0.39,2194746931.7767854,0.76,36.23,38.48,29.58,68.06,22.48,51.73,27.53,28.15,0.98,0.8,1.84,0.0,0,2.37,149
1234,黑松,食品工業,2.0,9578941000.0,4789470500.0,0.91,8985488444.144983,1.88,17.68,5.49,15.59,21.08,29.31,39.63,33.23,33.35,1.0,0.88,1.19,0.0,0,0.0,0
1235,興泰,食品工業,0.16,176147000.0,1100918750.0,0.08,243904305.0671106,0.22,103.87,553.92,14.5,568.42,3.19,125.05,22.85,36.9,0.62,0.09,3.39,62.19,112,3.5,3
1236,宏亞,食品工業,-0.43,1881933000.0,0.0,0.0,1795533393.3058994,0.0,158.13,182.04,8.34,190.38,0.0,0.0,0.0,25.55,0.0,0.0,0.0,0.99,9,24.49,88
1240,茂生農經,農業科技業,5.02,2763166000.0,550431474.1035857,2.56,2799648800.327336,5.09,12.07,3.74,10.61,14.35,54.0,73.04,61.41,58.5,1.05,0.92,1.25,3.86,50,6.65,51
1256,鮮活果汁-KY,食品工業,11.18,3940213000.0,352434078.7119857,8.67,5951879354.14588,16.89,15.8,8.86,12.03,20.89,203.19,352.83,266.79,199.0,1.34,1.02,1.77,1.03,8,52.94,66
1264,德麥,食品工業,20.47,6763586000.0,330414557.88959455,10.92,6955071547.769829,21.05,14.81,4.19,12.83,17.02,270.07,358.27,311.71,272.0,1.15,0.99,1.32,1.42,3,0.93,7
1294,漢田生技,食品工業,4.67,752425000.0,161118843.6830835,2.83,963606916.585333,5.98,15.52,9.23,12.27,21.5,73.37,128.57,92.81,61.0,1.52,1.2,2.11,2.0,24,20.88,66
1213,大飲,食品工業,-0.86,293246000.0,0.0,0.0,334816175.7152336,0.0,1.35,0.83,1.06,1.89,0.0,0.0,0.0,7.58,0.0,0.0,0.0,128.25,170,1.95,10
1295,生合,食品工業,5.32,794064000.0,149260150.37593985,3.39,1267394267.4530833,8.49,18.18,20.13,9.64,29.77,81.84,252.75,154.35,49.3,3.13,1.66,5.13,32.61,80,26.32,60
1210,大成,食品工業,4.32,102153533000.0,23646651157.407406,2.3,107415866628.3132,4.54,13.04,12.99,10.43,23.42,47.35,106.33,59.2,58.8,1.01,0.81,1.81,0.69,10,0.0,0
1201,味全,食品工業,0.4,22021377000.0,55053442500.0,0.19,20894992893.18768,0.38,25.02,17.72,17.16,34.88,6.52,13.25,9.51,12.7,0.75,0.51,1.04,0.0,0,0.61,3
020020,元大台股領航N,ETN,0.0,0.0,0.0,0.0,0.0,0.0,0.0,0.0,0.0,0.0,0.0,0.0,0.0,27.76,0.0,0.0,0.0,3.95,183,35.96,184
020025,統一亞洲半導體N,指數投資證券(ETN),0.0,0.0,0.0,0.0,0.0,0.0,0.0,0.0,0.0,0.0,0.0,0.0,0.0,42.96,0.0,0.0,0.0,3.27,3,0.0,0
020027,元大上櫃ESG成長N,指數投資證券(ETN),0.0,0.0,0.0,0.0,0.0,0.0,0.0,0.0,0.0,0.0,0.0,0.0,0.0,11.3,0.0,0.0,0.0,3.47,3,33.47,184
020028,元大特選電動車N,ETN,0.0,0.0,0.0,0.0,0.0,0.0,0.0,0.0,0.0,0.0,0.0,0.0,0.0,19.78,0.0,0.0,0.0,1.71,3,52.53,114
020029,元大ESG高股息N,ETN,0.0,0.0,0.0,0.0,0.0,0.0,0.0,0.0,0.0,0.0,0.0,0.0,0.0,18.7,0.0,0.0,0.0,0.97,183,7.76,184
020030,統一智慧電動車N,ETN,0.0,0.0,0.0,0.0,0.0,0.0,0.0,0.0,0.0,0.0,0.0,0.0,0.0,18.77,0.0,0.0,0.0,1.18,3,43.81,183
020031,統一IC設計臺灣N,ETN,0.0,0.0,0.0,0.0,0.0,0.0,0.0,0.0,0.0,0.0,0.0,0.0,0.0,10.46,0.0,0.0,0.0,3.44,3,0.0,0
020032,元大綠能N,ETN,0.0,0.0,0.0,0.0,0.0,0.0,0.0,0.0,0.0,0.0,0.0,0.0,0.0,10.75,0.0,0.0,0.0,3.88,7,42.73,113
020033,統一恒生科期N,指數投資證券(ETN),0.0,0.0,0.0,0.0,0.0,0.0,0.0,0.0,0.0,0.0,0.0,0.0,0.0,3.6,0.0,0.0,0.0,49.02,91,27.46,87
020034,元大IC設計N,ETN,0.0,0.0,0.0,0.0,0.0,0.0,0.0,0.0,0.0,0.0,0.0,0.0,0.0,14.26,0.0,0.0,0.0,3.05,3,3.25,4
020035,元大上櫃ESG高息N,指數投資證券(ETN),0.0,0.0,0.0,0.0,0.0,0.0,0.0,0.0,0.0,0.0,0.0,0.0,0.0,0.0,0.0,0.0,0.0,1.58,3,0.0,0
020036,元大金融配息N,ETN,0.0,0.0,0.0,0.0,0.0,0.0,0.0,0.0,0.0,0.0,0.0,0.0,0.0,9.7,0.0,0.0,0.0,0.0,0,0.0,0
020037,元大金融高股息N,ETN,0.0,0.0,0.0,0.0,0.0,0.0,0.0,0.0,0.0,0.0,0.0,0.0,0.0,0.0,0.0,0.0,0.0,4.91,161,15.33,168
020038,元大ESG配息N,ETN,0.0,0.0,0.0,0.0,0.0,0.0,0.0,0.0,0.0,0.0,0.0,0.0,0.0,14.43,0.0,0.0,0.0,0.5,1,0.0,0
020039,元大加權N,ETN,0.0,0.0,0.0,0.0,0.0,0.0,0.0,0.0,0.0,0.0,0.0,0.0,0.0,14.94,0.0,0.0,0.0,1.8,3,37.97,183
020040,元大上櫃ESG龍頭N,指數投資證券(ETN),0.0,0.0,0.0,0.0,0.0,0.0,0.0,0.0,0.0,0.0,0.0,0.0,0.0,0.0,0.0,0.0,0.0,2.09,3,0.0,0
020041,兆豐半導體氣候N,指數投資證券(ETN),0.0,0.0,0.0,0.0,0.0,0.0,0.0,0.0,0.0,0.0,0.0,0.0,0.0,19.65,0.0,0.0,0.0,8.02,107,0.0,0
1101,台泥,水泥工業,-1.61,152985677000.0,0.0,0.0,144000053923.3667,0.0,25.86,21.6,14.36,35.96,0.0,0.0,0.0,23.7,0.0,0.0,0.0,1.01,15,0.0,0
1101B,台泥乙特,水泥工業,0.0,0.0,0.0,0.0,0.0,0.0,0.0,0.0,0.0,0.0,0.0,0.0,0.0,43.8,0.0,0.0,0.0,0.21,183,0.0,0
1102,亞泥,水泥工業,3.0,71952957000.0,23984319000.0,1.38,65350330421.13719,2.72,12.93,5.56,10.15,15.71,27.61,42.73,35.18,36.55,0.96,0.76,1.17,6.82,84,0.0,0
1103,嘉泥,水泥工業,0.84,3024675000.0,3600803571.4285717,0.39,2721563884.3603764,0.76,76.04,607.5,15.83,623.33,12.03,473.73,57.79,13.75,4.2,0.87,34.45,0.0,0,0.0,0
1104,環泥,水泥工業,2.57,7898245000.0,3073247081.7120624,1.25,7514029883.340852,2.44,12.26,5.18,9.57,14.75,23.35,35.99,29.91,27.55,1.09,0.85,1.31,0.0,0,17.38,106
1108,幸福,水泥工業,2.17,4581368000.0,2111229493.0875576,0.95,3663707020.570871,1.74,9.97,10.91,6.32,17.23,11.0,29.98,17.34,14.1,1.23,0.78,2.13,0.0,0,4.71,42
1109,信大,水泥工業,1.03,4413154000.0,4284615533.980582,0.46,3880218965.996682,0.91,13.16,10.7,8.79,19.49,8.0,17.74,11.97,14.8,0.81,0.54,1.2,0.0,0,0.0,0
1110,東泥,水泥工業,0.35,2875841000.0,8216688571.428572,0.16,2429453015.1591454,0.3,47.36,71.47,27.73,99.2,8.32,29.76,14.21,15.9,0.89,0.52,1.87,17.26,24,0.0,0
1203,味王,食品工業,1.81,5788155000.0,3197875690.6077347,0.82,4865860592.383691,1.52,20.48,11.13,14.79,25.92,22.48,39.4,31.13,42.9,0.73,0.52,0.92,4.39,24,0.0,0
02001L,富邦蘋果正二N,ETN,0.0,0.0,0.0,0.0,0.0,0.0,0.0,0.0,0.0,0.0,0.0,0.0,0.0,176.7,0.0,0.0,0.0,8.55,3,136.75,184
1301,台塑,塑膠工業,-1.57,177551951000.0,0.0,0.0,167978018639.16782,0.0,61.36,64.99,9.16,74.15,0.0,0.0,0.0,60.4,0.0,0.0,0.0,4.83,10,24.57,149
1304,台聚,塑膠工業,-2.6,44923032000.0,0.0,0.0,41762399074.32147,0.0,6.1,0.0,6.1,6.1,0.0,0.0,0.0,14.7,0.0,0.0,0.0,8.67,10,28.68,148
1414,東和,紡織纖維,0.19,468559000.0,2466100000.0,0.1,438267972.09279364,0.18,106.23,147.01,27.16,174.17,4.89,31.35,19.12,19.55,0.98,0.25,1.6,6.37,161,4.31,87
1416,廣豐,其他,0.8,357557000.0,446946250.0,0.49,460939263.399351,1.03,16.92,13.05,12.23,25.28,12.6,26.04,17.42,11.2,1.56,1.12,2.33,14.4,91,0.83,168
1417,嘉裕,紡織纖維,0.62,424832000.0,685212903.2258065,0.22,412922892.6474135,0.6,30.24,1086.13,13.87,1100.0,8.32,660.0,18.14,9.1,1.99,0.91,72.53,0.0,0,13.43,140
1418,東華,紡織纖維,-1.28,6372000.0,0.0,0.0,3151294.117647059,0.0,122.38,446.06,43.94,490.0,0.0,0.0,0.0,18.55,0.0,0.0,0.0,0.0,0,21.08,35
1419,新紡,紡織纖維,4.12,4714640000.0,1144330097.0873785,2.47,5804476453.469134,5.07,17.21,23.17,4.71,27.88,23.88,141.35,87.24,68.3,1.28,0.35,2.07,0.51,80,25.64,140
1423,利華,紡織纖維,4.36,82713000.0,18970871.559633028,2.6,90624470.51635265,4.78,36.66,96.85,8.73,105.58,41.73,504.67,175.23,36.65,4.78,1.14,13.77,0.0,0,0.0,0
1434,福懋,紡織纖維,0.51,27741651000.0,54395394117.64706,0.3,26313761353.01784,0.48,40.0,97.73,16.74,114.47,8.04,54.95,19.2,18.95,1.01,0.42,2.9,1.32,10,2.42,11
1435,中福,其他,-0.41,5981000.0,0.0,0.0,5982714.244769275,0.0,82.71,39.73,49.6,89.33,0.0,0.0,0.0,26.8,0.0,0.0,0.0,5.16,42,6.77,14
1436,華友聯,建材營造,5.4,3875730000.0,717727777.7777777,0.86,1349839431.9104958,1.88,8.15,17.88,3.79,21.67,7.13,40.74,15.32,45.6,0.34,0.16,0.89,4.66,7,2.08,4
1437,勤益控,其他,2.41,937678000.0,389078008.29875517,1.23,956150803.7352529,2.46,12.82,12.45,8.86,21.31,21.8,52.42,31.53,31.55,1.0,0.69,1.66,1.73,2,5.61,163
1438,三地開發,建材營造,1.74,988580000.0,568149425.2873564,1.16,2711929263485.477,4773.27,12.44,59.98,7.1,67.08,33890.22,320190.95,59366.19,22.2,2674.15,1526.59,14423.02,54.22,24,3.15,9
1440,南紡,紡織纖維,-0.15,14484020000.0,0.0,0.0,12189465958.58766,0.0,10.27,4.1,8.74,12.84,0.0,0.0,0.0,14.6,0.0,0.0,0.0,5.07,10,8.15,128
1441,大東,紡織纖維,-0.45,1516894000.0,0.0,0.0,1288637898.6020098,0.0,49.04,195.53,4.47,200.0,0.0,0.0,0.0,9.55,0.0,0.0,0.0,8.9,2,1.71,18
1442,名軒,建材營造,3.04,3244173000.0,1067162171.0526316,0.78,1282069054.7681358,1.2,9.3,11.6,6.27,17.87,7.52,21.44,11.16,28.7,0.39,0.26,0.75,35.55,155,5.12,17
1444,力麗,紡織纖維,-0.78,7296992000.0,0.0,0.0,8364808274.697328,0.0,56.0,116.65,12.1,128.75,0.0,0.0,0.0,9.15,0.0,0.0,0.0,1.48,11,6.03,45
1445,大宇,紡織纖維,-0.87,759419000.0,0.0,0.0,621930169.448358,0.0,2.38,0.64,1.97,2.61,0.0,0.0,0.0,12.05,0.0,0.0,0.0,5.36,79,13.45,65
1446,宏和,紡織纖維,1.62,1147559000.0,708369753.0864197,0.47,423465390.4101697,0.6,6.19,15.39,2.42,17.81,1.45,10.69,3.71,17.4,0.21,0.08,0.61,21.09,151,0.0,0
1447,力鵬,紡織纖維,-0.97,28850751000.0,0.0,0.0,27908089249.075516,0.0,125.25,113.25,30.15,143.4,0.0,0.0,0.0,9.51,0.0,0.0,0.0,2.34,2,1.85,10
1449,佳和,紡織纖維,0.13,2420960000.0,18622769230.76923,0.1,3882346644.4897075,0.21,39.69,140.6,8.49,149.09,1.78,31.31,8.33,14.75,0.56,0.12,2.12,47.97,154,14.05,10
1451,年興,紡織纖維,1.76,6154960000.0,3497136363.6363635,0.89,6442844802.214555,1.84,22.77,63.09,7.58,70.67,13.95,130.03,41.9,17.45,2.4,0.8,7.45,5.74,148,1.06,2
1452,宏益,紡織纖維,-0.41,1412669000.0,0.0,0.0,1361144471.156403,0.0,23.95,25.97,10.99,36.96,0.0,0.0,0.0,11.95,0.0,0.0,0.0,1.48,49,27.8,56
1413,宏洲,紡織纖維,0.45,2159243000.0,4798317777.777778,0.21,1741276280.396594,0.36,24.5,23.79,8.99,32.78,3.24,11.8,8.82,9.5,0.93,0.34,1.24,11.96,156,1.69,1
1303,南亞,塑膠工業,0.57,261237063000.0,458310636842.1053,0.32,286748749032.7984,0.63,80.43,156.62,8.29,164.91,5.22,103.89,50.67,185.0,0.27,0.03,0.56,2.94,10,137.96,149
1410,南染,紡織纖維,0.59,195601000.0,331527118.6440678,0.33,198582834.4496979,0.6,88.79,126.3,30.22,156.52,18.13,93.91,53.28,26.2,2.03,0.69,3.58,6.16,36,2.71,63
1402,遠東新,紡織纖維,1.54,254998414000.0,165583385714.2857,0.79,260800527964.91895,1.58,18.16,10.7,13.66,24.36,21.58,38.49,28.69,29.1,0.99,0.74,1.32,3.86,85,0.0,0
1305,華夏,塑膠工業,-1.58,9311305000.0,0.0,0.0,10557047924.467047,0.0,75.6,136.81,8.57,145.38,0.0,0.0,0.0,14.1,0.0,0.0,0.0,10.85,10,27.39,46
1307,三芳,塑膠工業,2.85,10823937000.0,3797872631.578947,1.48,11148836286.442589,2.94,12.55,389.7,8.3,398.0,24.4,1170.12,36.88,33.15,1.11,0.74,35.3,51.83,122,0.0,0
1308,亞聚,塑膠工業,-1.76,5804421000.0,0.0,0.0,5472094266.135919,0.0,6.15,0.0,6.15,6.15,0.0,0.0,0.0,15.5,0.0,0.0,0.0,11.98,10,26.52,148
1309,台達化,塑膠工業,-1.07,14998545000.0,0.0,0.0,11821954441.024525,0.0,6.74,0.0,6.74,6.74,0.0,0.0,0.0,15.6,0.0,0.0,0.0,21.23,84,23.65,150
1310,台苯,塑膠工業,-1.37,9135110000.0,0.0,0.0,7572913883.364248,0.0,0.0,0.0,0.0,0.0,0.0,0.0,0.0,11.8,0.0,0.0,0.0,4.74,9,26.2,43
1312,國喬,塑膠工業,-3.97,21781269000.0,0.0,0.0,26958945090.445633,0.0,4.93,0.0,4.93,4.93,0.0,0.0,0.0,14.15,0.0,0.0,0.0,7.64,10,29.95,148
1312A,國喬特,塑膠工業,0.0,0.0,0.0,0.0,0.0,0.0,0.0,0.0,0.0,0.0,0.0,0.0,0.0,22.15,0.0,0.0,0.0,4.88,95,4.15,168
1313,聯成,塑膠工業,-1.17,61645893000.0,0.0,0.0,59728157751.24065,0.0,12.14,0.0,12.14,12.14,0.0,0.0,0.0,13.55,0.0,0.0,0.0,3.61,10,42.41,150
1314,中石化,塑膠工業,-0.78,20109851000.0,0.0,0.0,13688274001.968466,0.0,63.69,203.99,16.01,220.0,0.0,0.0,0.0,10.4,0.0,0.0,0.0,0.0,0,44.87,122
1315,達新,塑膠工業,1.55,2308500000.0,1489354838.7096775,0.63,1935675144.5904121,1.3,49.51,119.76,18.66,138.42,24.26,179.95,64.36,64.3,1.0,0.38,2.8,0.97,44,0.0,0
1316,上曜,建材營造,-0.52,4057430000.0,0.0,0.0,10075983732.738756,0.0,0.0,0.0,0.0,0.0,0.0,0.0,0.0,10.75,0.0,0.0,0.0,18.7,24,21.4,112
1319,東陽,汽車工業,6.43,25247616000.0,3926534370.139969,2.95,21373754039.53449,5.44,15.25,19.59,11.45,31.04,62.29,168.86,82.97,78.0,1.06,0.8,2.16,11.79,144,11.4,17
1321,大洋,塑膠工業,-1.25,3649201000.0,0.0,0.0,3443553858.67128,0.0,481.84,1855.31,32.19,1887.5,0.0,0.0,0.0,32.1,0.0,0.0,0.0,18.84,42,5.13,39
1323,永裕,塑膠工業,0.25,2033764000.0,8135056000.0,0.13,2048819376.2830536,0.25,49.02,189.94,7.06,197.0,1.76,49.25,12.26,20.5,0.6,0.09,2.4,0.0,0,0.25,1
1324,地球,塑膠工業,-0.82,738507000.0,0.0,0.0,672416590.690247,0.0,349.04,1140.8,29.2,1170.0,0.0,0.0,0.0,10.6,0.0,0.0,0.0,0.0,0,13.36,107
1325,恆大,塑膠工業,-0.7,293967000.0,0.0,0.0,219573934.37059563,0.0,241.07,315.66,21.56,337.22,0.0,0.0,0.0,25.35,0.0,0.0,0.0,3.25,184,9.38,140
1326,台化,塑膠工業,-0.99,292368349000.0,0.0,0.0,307912173529.144,0.0,177.82,478.49,14.84,493.33,0.0,0.0,0.0,67.6,0.0,0.0,0.0,4.17,10,49.58,129
1336,台翰,電子零組件業,0.72,2526028000.0,3508372222.2222223,0.33,2299531591.620313,0.66,14.82,34.7,8.14,42.84,5.37,28.27,9.78,14.65,0.67,0.37,1.93,33.33,77,0.0,0
1337,再生-KY,塑膠工業,-1.74,682900000.0,0.0,0.0,550135302.1897185,0.0,0.0,0.0,0.0,0.0,0.0,0.0,0.0,5.55,0.0,0.0,0.0,3.72,4,5.22,16
1338,廣華-KY,汽車工業,-2.24,5359361000.0,0.0,0.0,5083528260.948733,0.0,12.56,0.0,12.56,12.56,0.0,0.0,0.0,17.65,0.0,0.0,0.0,6.4,91,0.0,0
1339,昭輝,汽車工業,2.42,1708614000.0,706038842.9752066,1.15,1448289133.8620229,2.05,13.84,14.28,8.18,22.46,16.77,46.04,28.38,45.45,0.62,0.37,1.01,0.0,0,2.35,17
1340,勝悅-KY,塑膠工業,-2.61,180630000.0,0.0,0.0,34185146.07697215,0.0,0.0,0.0,0.0,0.0,0.0,0.0,0.0,5.83,0.0,0.0,0.0,0.0,0,34.06,79
1341,富林-KY,塑膠工業,3.71,2590239000.0,698177628.032345,1.99,2653632838.800795,3.8,14.28,5.23,11.51,16.74,43.74,63.61,54.27,57.7,0.94,0.76,1.1,5.31,85,0.15,3
1342,八貫,其他,5.61,2785153000.0,496462210.3386809,4.57,3578421164.8098474,7.21,15.33,8.32,11.43,19.75,82.41,142.4,110.52,116.5,0.95,0.71,1.22,0.0,0,12.9,184
1409,新纖,紡織纖維,1.19,40921487000.0,34387804201.68067,0.63,40676535400.38356,1.18,16.08,19.34,7.57,26.91,8.93,31.75,18.97,30.25,0.63,0.3,1.05,1.95,9,43.55,43
020012,富邦行動通訊N,ETN,0.0,0.0,0.0,0.0,0.0,0.0,0.0,0.0,0.0,0.0,0.0,0.0,0.0,0.0,0.0,0.0,0.0,9.3,171,0.0,0
020011,統一微波高息20N,ETN,0.0,0.0,0.0,0.0,0.0,0.0,0.0,0.0,0.0,0.0,0.0,0.0,0.0,0.0,0.0,0.0,0.0,0.0,0,0.0,0
020001,富邦存股雙十N,指數投資證券(ETN),0.0,0.0,0.0,0.0,0.0,0.0,0.0,0.0,0.0,0.0,0.0,0.0,0.0,0.0,0.0,0.0,0.0,1.87,2,0.0,0
00956,中信日經高股息,ETF,0.0,0.0,0.0,0.0,0.0,0.0,0.0,0.0,0.0,0.0,0.0,0.0,0.0,12.63,0.0,0.0,0.0,2.32,14,29.85,184
00960,野村全球航運龍頭,ETF,0.0,0.0,0.0,0.0,0.0,0.0,0.0,0.0,0.0,0.0,0.0,0.0,0.0,17.41,0.0,0.0,0.0,26.42,5,10.59,184
00961,FT臺灣永續高息,ETF,0.0,0.0,0.0,0.0,0.0,0.0,0.0,0.0,0.0,0.0,0.0,0.0,0.0,12.91,0.0,0.0,0.0,0.9,6,7.26,115
00962,台新AI優息動能,ETF,0.0,0.0,0.0,0.0,0.0,0.0,0.0,0.0,0.0,0.0,0.0,0.0,0.0,15.17,0.0,0.0,0.0,2.2,77,22.92,116
00963,中信全球高股息,ETF,0.0,0.0,0.0,0.0,0.0,0.0,0.0,0.0,0.0,0.0,0.0,0.0,0.0,12.75,0.0,0.0,0.0,10.92,126,16.47,183
00964,中信亞太高股息,ETF,0.0,0.0,0.0,0.0,0.0,0.0,0.0,0.0,0.0,0.0,0.0,0.0,0.0,14.32,0.0,0.0,0.0,3.8,130,19.58,184
00965,元大航太防衛科技,ETF,0.0,0.0,0.0,0.0,0.0,0.0,0.0,0.0,0.0,0.0,0.0,0.0,0.0,26.0,0.0,0.0,0.0,23.64,181,28.92,183
00971,野村美國研發龍頭,ETF,0.0,0.0,0.0,0.0,0.0,0.0,0.0,0.0,0.0,0.0,0.0,0.0,0.0,17.13,0.0,0.0,0.0,2.54,40,24.14,149
00972,野村日本動能高息,ETF,0.0,0.0,0.0,0.0,0.0,0.0,0.0,0.0,0.0,0.0,0.0,0.0,0.0,20.22,0.0,0.0,0.0,11.48,70,27.47,183
009800,中信NASDAQ,ETF,0.0,0.0,0.0,0.0,0.0,0.0,0.0,0.0,0.0,0.0,0.0,0.0,0.0,13.18,0.0,0.0,0.0,2.4,7,21.96,172
009801,中信美國創新科技,ETF,0.0,0.0,0.0,0.0,0.0,0.0,0.0,0.0,0.0,0.0,0.0,0.0,0.0,12.27,0.0,0.0,0.0,2.3,170,23.05,115
009802,富邦旗艦50,ETF,0.0,0.0,0.0,0.0,0.0,0.0,0.0,0.0,0.0,0.0,0.0,0.0,0.0,19.53,0.0,0.0,0.0,8.98,175,21.43,184
009803,玉山市值動能50,ETF,0.0,0.0,0.0,0.0,0.0,0.0,0.0,0.0,0.0,0.0,0.0,0.0,0.0,21.89,0.0,0.0,0.0,19.15,183,32.66,183
009804,聯邦台精彩50,ETF,0.0,0.0,0.0,0.0,0.0,0.0,0.0,0.0,0.0,0.0,0.0,0.0,0.0,24.27,0.0,0.0,0.0,40.06,183,31.57,183
009805,新光美國電力基建,ETF,0.0,0.0,0.0,0.0,0.0,0.0,0.0,0.0,0.0,0.0,0.0,0.0,0.0,16.8,0.0,0.0,0.0,30.77,174,23.87,119
009806,台新標普500,上櫃ETF,0.0,0.0,0.0,0.0,0.0,0.0,0.0,0.0,0.0,0.0,0.0,0.0,0.0,13.42,0.0,0.0,0.0,19.04,184,18.56,184
00954,中信日本半導體,ETF,0.0,0.0,0.0,0.0,0.0,0.0,0.0,0.0,0.0,0.0,0.0,0.0,0.0,21.84,0.0,0.0,0.0,0.0,0,46.96,184
009807,台新標普科技精選,上櫃ETF,0.0,0.0,0.0,0.0,0.0,0.0,0.0,0.0,0.0,0.0,0.0,0.0,0.0,16.65,0.0,0.0,0.0,34.33,156,25.44,116
00953B,群益優選非投等債,ETF,0.0,0.0,0.0,0.0,0.0,0.0,0.0,0.0,0.0,0.0,0.0,0.0,0.0,9.71,0.0,0.0,0.0,4.61,166,8.56,179
00951,台新日本半導體,ETF,0.0,0.0,0.0,0.0,0.0,0.0,0.0,0.0,0.0,0.0,0.0,0.0,0.0,20.49,0.0,0.0,0.0,7.52,6,44.48,184
00926,凱基全球菁英55,ETF,0.0,0.0,0.0,0.0,0.0,0.0,0.0,0.0,0.0,0.0,0.0,0.0,0.0,24.87,0.0,0.0,0.0,4.97,157,22.64,149
00927,群益半導體收益,ETF,0.0,0.0,0.0,0.0,0.0,0.0,0.0,0.0,0.0,0.0,0.0,0.0,0.0,42.6,0.0,0.0,0.0,1.37,3,37.6,184
00929,復華台灣科技優息,ETF,0.0,0.0,0.0,0.0,0.0,0.0,0.0,0.0,0.0,0.0,0.0,0.0,0.0,31.36,0.0,0.0,0.0,0.0,0,9.32,114
00930,永豐ESG低碳高息,ETF,0.0,0.0,0.0,0.0,0.0,0.0,0.0,0.0,0.0,0.0,0.0,0.0,0.0,25.0,0.0,0.0,0.0,0.66,3,4.89,184
00932,兆豐永續高息等權,ETF,0.0,0.0,0.0,0.0,0.0,0.0,0.0,0.0,0.0,0.0,0.0,0.0,0.0,18.16,0.0,0.0,0.0,0.77,3,6.58,77
00934,中信成長高股息,ETF,0.0,0.0,0.0,0.0,0.0,0.0,0.0,0.0,0.0,0.0,0.0,0.0,0.0,28.67,0.0,0.0,0.0,1.94,3,20.0,184
00935,野村臺灣新科技50,ETF,0.0,0.0,0.0,0.0,0.0,0.0,0.0,0.0,0.0,0.0,0.0,0.0,0.0,61.5,0.0,0.0,0.0,3.28,3,47.46,183
00936,台新永續高息中小,ETF,0.0,0.0,0.0,0.0,0.0,0.0,0.0,0.0,0.0,0.0,0.0,0.0,0.0,21.25,0.0,0.0,0.0,0.0,0,13.76,184
00938,凱基優選30,ETF,0.0,0.0,0.0,0.0,0.0,0.0,0.0,0.0,0.0,0.0,0.0,0.0,0.0,24.63,0.0,0.0,0.0,0.0,0,24.21,183
00939,統一台灣高息動能,ETF,0.0,0.0,0.0,0.0,0.0,0.0,0.0,0.0,0.0,0.0,0.0,0.0,0.0,21.44,0.0,0.0,0.0,0.4,3,9.86,184
00940,元大台灣價值高息,ETF,0.0,0.0,0.0,0.0,0.0,0.0,0.0,0.0,0.0,0.0,0.0,0.0,0.0,12.74,0.0,0.0,0.0,0.88,2,8.31,115
00941,中信上游半導體,ETF,0.0,0.0,0.0,0.0,0.0,0.0,0.0,0.0,0.0,0.0,0.0,0.0,0.0,28.75,0.0,0.0,0.0,2.64,3,40.25,184
00943,兆豐電子高息等權,ETF,0.0,0.0,0.0,0.0,0.0,0.0,0.0,0.0,0.0,0.0,0.0,0.0,0.0,23.13,0.0,0.0,0.0,0.0,0,12.14,112
00944,野村趨勢動能高息,ETF,0.0,0.0,0.0,0.0,0.0,0.0,0.0,0.0,0.0,0.0,0.0,0.0,0.0,22.26,0.0,0.0,0.0,0.06,7,5.77,184
00945B,凱基美國非投等債,ETF,0.0,0.0,0.0,0.0,0.0,0.0,0.0,0.0,0.0,0.0,0.0,0.0,0.0,14.64,0.0,0.0,0.0,2.17,179,8.87,184
00946,群益科技高息成長,ETF,0.0,0.0,0.0,0.0,0.0,0.0,0.0,0.0,0.0,0.0,0.0,0.0,0.0,15.71,0.0,0.0,0.0,0.0,0,17.61,116
00947,台新臺灣IC設計,ETF,0.0,0.0,0.0,0.0,0.0,0.0,0.0,0.0,0.0,0.0,0.0,0.0,0.0,38.38,0.0,0.0,0.0,2.3,3,59.28,184
00949,復華日本龍頭,ETF,0.0,0.0,0.0,0.0,0.0,0.0,0.0,0.0,0.0,0.0,0.0,0.0,0.0,21.09,0.0,0.0,0.0,3.96,9,24.03,183
00952,凱基台灣AI50,ETF,0.0,0.0,0.0,0.0,0.0,0.0,0.0,0.0,0.0,0.0,0.0,0.0,0.0,18.96,0.0,0.0,0.0,4.12,92,30.54,184
009808,華南永昌優選50,ETF,0.0,0.0,0.0,0.0,0.0,0.0,0.0,0.0,0.0,0.0,0.0,0.0,0.0,32.06,0.0,0.0,0.0,33.51,168,32.59,183
009809,富邦淨零ESG50,ETF,0.0,0.0,0.0,0.0,0.0,0.0,0.0,0.0,0.0,0.0,0.0,0.0,0.0,18.18,0.0,0.0,0.0,32.93,182,32.93,182
00980A,主動野村臺灣優選,ETF,0.0,0.0,0.0,0.0,0.0,0.0,0.0,0.0,0.0,0.0,0.0,0.0,0.0,24.55,0.0,0.0,0.0,50.91,182,37.93,183
00984B,大華優利美A債15,上櫃ETF,0.0,0.0,0.0,0.0,0.0,0.0,0.0,0.0,0.0,0.0,0.0,0.0,0.0,16.55,0.0,0.0,0.0,12.68,163,13.87,143
00984D,主動聯博全球非投,ETF,0.0,0.0,0.0,0.0,0.0,0.0,0.0,0.0,0.0,0.0,0.0,0.0,0.0,10.16,0.0,0.0,0.0,1.8,146,1.8,146
00985A,主動野村台灣50,ETF,0.0,0.0,0.0,0.0,0.0,0.0,0.0,0.0,0.0,0.0,0.0,0.0,0.0,22.3,0.0,0.0,0.0,45.87,183,45.87,183
00985B,群益ESG投等債0-5,ETF,0.0,0.0,0.0,0.0,0.0,0.0,0.0,0.0,0.0,0.0,0.0,0.0,0.0,10.31,0.0,0.0,0.0,4.84,144,4.84,144
00985D,主動貝萊德優投等,上櫃ETF,0.0,0.0,0.0,0.0,0.0,0.0,0.0,0.0,0.0,0.0,0.0,0.0,0.0,10.34,0.0,0.0,0.0,3.18,92,3.18,92
00986A,主動台新龍頭成長,ETF,0.0,0.0,0.0,0.0,0.0,0.0,0.0,0.0,0.0,0.0,0.0,0.0,0.0,15.13,0.0,0.0,0.0,23.01,183,23.01,183
00986B,FT金融債10+,上櫃ETF,0.0,0.0,0.0,0.0,0.0,0.0,0.0,0.0,0.0,0.0,0.0,0.0,0.0,9.99,0.0,0.0,0.0,2.59,64,2.59,64
00986D,主動復華金融債息,上櫃ETF,0.0,0.0,0.0,0.0,0.0,0.0,0.0,0.0,0.0,0.0,0.0,0.0,0.0,14.93,0.0,0.0,0.0,0.4,76,0.4,76
00987A,主動台新優勢成長,ETF,0.0,0.0,0.0,0.0,0.0,0.0,0.0,0.0,0.0,0.0,0.0,0.0,0.0,16.89,0.0,0.0,0.0,81.06,153,81.06,153
00987B,野村10+澳洲公債,上櫃ETF,0.0,0.0,0.0,0.0,0.0,0.0,0.0,0.0,0.0,0.0,0.0,0.0,0.0,15.98,0.0,0.0,0.0,6.19,39,6.19,39
00988A,主動統一全球創新,ETF,0.0,0.0,0.0,0.0,0.0,0.0,0.0,0.0,0.0,0.0,0.0,0.0,0.0,20.83,0.0,0.0,0.0,76.64,180,76.64,180
00988B,玉山嚴選非投債,上櫃ETF,0.0,0.0,0.0,0.0,0.0,0.0,0.0,0.0,0.0,0.0,0.0,0.0,0.0,20.0,0.0,0.0,0.0,0.65,16,0.65,16
00989A,主動摩根美國科技,ETF,0.0,0.0,0.0,0.0,0.0,0.0,0.0,0.0,0.0,0.0,0.0,0.0,0.0,17.99,0.0,0.0,0.0,5.53,6,5.53,6
00989B,台新美國非投等債,上櫃ETF,0.0,0.0,0.0,0.0,0.0,0.0,0.0,0.0,0.0,0.0,0.0,0.0,0.0,10.27,0.0,0.0,0.0,3.22,97,3.22,97
00990A,主動元大AI新經濟,ETF,0.0,0.0,0.0,0.0,0.0,0.0,0.0,0.0,0.0,0.0,0.0,0.0,0.0,19.32,0.0,0.0,0.0,116.43,182,116.43,182
00991A,主動復華未來50,ETF,0.0,0.0,0.0,0.0,0.0,0.0,0.0,0.0,0.0,0.0,0.0,0.0,0.0,20.05,0.0,0.0,0.0,114.08,182,114.08,182
00992A,主動群益科技創新,ETF,0.0,0.0,0.0,0.0,0.0,0.0,0.0,0.0,0.0,0.0,0.0,0.0,0.0,18.6,0.0,0.0,0.0,87.09,174,87.09,174
00993A,主動安聯台灣,ETF,0.0,0.0,0.0,0.0,0.0,0.0,0.0,0.0,0.0,0.0,0.0,0.0,0.0,14.0,0.0,0.0,0.0,48.03,139,48.03,139
00994A,主動第一金台股優,ETF,0.0,0.0,0.0,0.0,0.0,0.0,0.0,0.0,0.0,0.0,0.0,0.0,0.0,17.68,0.0,0.0,0.0,87.77,140,87.77,140
00995A,主動中信台灣卓越,ETF,0.0,0.0,0.0,0.0,0.0,0.0,0.0,0.0,0.0,0.0,0.0,0.0,0.0,18.1,0.0,0.0,0.0,84.56,151,84.56,151
00996A,主動兆豐台灣豐收,ETF,0.0,0.0,0.0,0.0,0.0,0.0,0.0,0.0,0.0,0.0,0.0,0.0,0.0,15.65,0.0,0.0,0.0,56.62,89,56.62,89
00997A,主動群益美國增長,ETF,0.0,0.0,0.0,0.0,0.0,0.0,0.0,0.0,0.0,0.0,0.0,0.0,0.0,13.14,0.0,0.0,0.0,38.4,69,38.4,69
00998A,主動復華金融股息,上櫃ETF,0.0,0.0,0.0,0.0,0.0,0.0,0.0,0.0,0.0,0.0,0.0,0.0,0.0,17.1,0.0,0.0,0.0,7.74,61,7.74,61
00999A,主動野村臺灣高息,ETF,0.0,0.0,0.0,0.0,0.0,0.0,0.0,0.0,0.0,0.0,0.0,0.0,0.0,11.03,0.0,0.0,0.0,12.28,48,12.28,48
020000,富邦特選蘋果N,ETN,0.0,0.0,0.0,0.0,0.0,0.0,0.0,0.0,0.0,0.0,0.0,0.0,0.0,0.0,0.0,0.0,0.0,3.25,3,0.0,0
00984A,主動安聯台灣高息,ETF,0.0,0.0,0.0,0.0,0.0,0.0,0.0,0.0,0.0,0.0,0.0,0.0,0.0,16.76,0.0,0.0,0.0,18.78,184,18.78,184
00983D,主動富邦複合收益,ETF,0.0,0.0,0.0,0.0,0.0,0.0,0.0,0.0,0.0,0.0,0.0,0.0,0.0,10.23,0.0,0.0,0.0,3.18,93,3.18,93
00983B,大華優利美公債20,上櫃ETF,0.0,0.0,0.0,0.0,0.0,0.0,0.0,0.0,0.0,0.0,0.0,0.0,0.0,15.84,0.0,0.0,0.0,9.77,163,13.64,143
00983A,主動中信ARK創新,ETF,0.0,0.0,0.0,0.0,0.0,0.0,0.0,0.0,0.0,0.0,0.0,0.0,0.0,12.47,0.0,0.0,0.0,33.07,113,30.86,94
00980B,台新特選IG債10+,上櫃ETF,0.0,0.0,0.0,0.0,0.0,0.0,0.0,0.0,0.0,0.0,0.0,0.0,0.0,9.65,0.0,0.0,0.0,3.82,41,9.45,107
00980D,主動聯博投等入息,上櫃ETF,0.0,0.0,0.0,0.0,0.0,0.0,0.0,0.0,0.0,0.0,0.0,0.0,0.0,20.64,0.0,0.0,0.0,4.57,164,4.57,164
00980T,平衡凱基美國TOP,上櫃ETF,0.0,0.0,0.0,0.0,0.0,0.0,0.0,0.0,0.0,0.0,0.0,0.0,0.0,11.44,0.0,0.0,0.0,10.6,76,10.6,76
009810,玉山全球藍籌100,ETF,0.0,0.0,0.0,0.0,0.0,0.0,0.0,0.0,0.0,0.0,0.0,0.0,0.0,20.59,0.0,0.0,0.0,25.76,181,25.76,181
009811,統一美國50,ETF,0.0,0.0,0.0,0.0,0.0,0.0,0.0,0.0,0.0,0.0,0.0,0.0,0.0,13.02,0.0,0.0,0.0,16.23,168,16.23,168
009812,野村日本東證,ETF,0.0,0.0,0.0,0.0,0.0,0.0,0.0,0.0,0.0,0.0,0.0,0.0,0.0,12.71,0.0,0.0,0.0,24.72,146,24.72,146
009813,貝萊德標普卓越50,ETF,0.0,0.0,0.0,0.0,0.0,0.0,0.0,0.0,0.0,0.0,0.0,0.0,0.0,11.09,0.0,0.0,0.0,6.57,85,6.57,85
009814,富邦標普500,上櫃ETF,0.0,0.0,0.0,0.0,0.0,0.0,0.0,0.0,0.0,0.0,0.0,0.0,0.0,11.18,0.0,0.0,0.0,11.32,165,11.32,165
009815,大華美國MAG7+,上櫃ETF,0.0,0.0,0.0,0.0,0.0,0.0,0.0,0.0,0.0,0.0,0.0,0.0,0.0,11.21,0.0,0.0,0.0,15.55,128,15.55,128
009816,凱基台灣TOP50,ETF,0.0,0.0,0.0,0.0,0.0,0.0,0.0,0.0,0.0,0.0,0.0,0.0,0.0,15.65,0.0,0.0,0.0,57.45,139,57.45,139
009817,國泰日本不動產,ETF,0.0,0.0,0.0,0.0,0.0,0.0,0.0,0.0,0.0,0.0,0.0,0.0,0.0,9.07,0.0,0.0,0.0,2.11,5,2.11,5
009818,華南永昌NASDAQxT,ETF,0.0,0.0,0.0,0.0,0.0,0.0,0.0,0.0,0.0,0.0,0.0,0.0,0.0,19.78,0.0,0.0,0.0,37.15,72,37.15,72
00923,群益台ESG低碳50,ETF,0.0,0.0,0.0,0.0,0.0,0.0,0.0,0.0,0.0,0.0,0.0,0.0,0.0,43.18,0.0,0.0,0.0,2.39,3,29.9,183
009819,中信數據及電力,ETF,0.0,0.0,0.0,0.0,0.0,0.0,0.0,0.0,0.0,0.0,0.0,0.0,0.0,10.08,0.0,0.0,0.0,0.0,0,0.0,0
00981B,第一金優選非投債,上櫃ETF,0.0,0.0,0.0,0.0,0.0,0.0,0.0,0.0,0.0,0.0,0.0,0.0,0.0,9.32,0.0,0.0,0.0,0.5,16,6.33,163
00981D,主動中信非投等債,上櫃ETF,0.0,0.0,0.0,0.0,0.0,0.0,0.0,0.0,0.0,0.0,0.0,0.0,0.0,10.5,0.0,0.0,0.0,6.6,78,6.6,78
00981T,平衡凱基雙核收息,ETF,0.0,0.0,0.0,0.0,0.0,0.0,0.0,0.0,0.0,0.0,0.0,0.0,0.0,12.39,0.0,0.0,0.0,15.52,154,15.52,154
009820,元大納斯達克精選,ETF,0.0,0.0,0.0,0.0,0.0,0.0,0.0,0.0,0.0,0.0,0.0,0.0,0.0,9.84,0.0,0.0,0.0,9.01,41,9.01,41
009821,野村稀土關鍵資源,ETF,0.0,0.0,0.0,0.0,0.0,0.0,0.0,0.0,0.0,0.0,0.0,0.0,0.0,14.35,0.0,0.0,0.0,12.63,5,12.63,5
009822,華南永昌未來金融,上櫃ETF,0.0,0.0,0.0,0.0,0.0,0.0,0.0,0.0,0.0,0.0,0.0,0.0,0.0,9.84,0.0,0.0,0.0,0.91,19,0.91,19
009823,群益S&P500,上櫃ETF,0.0,0.0,0.0,0.0,0.0,0.0,0.0,0.0,0.0,0.0,0.0,0.0,0.0,10.31,0.0,0.0,0.0,1.88,11,1.88,11
009824,群益美國科技巨頭,ETF,0.0,0.0,0.0,0.0,0.0,0.0,0.0,0.0,0.0,0.0,0.0,0.0,0.0,9.97,0.0,0.0,0.0,0.0,0,0.0,0
00982A,主動群益台灣強棒,ETF,0.0,0.0,0.0,0.0,0.0,0.0,0.0,0.0,0.0,0.0,0.0,0.0,0.0,25.28,0.0,0.0,0.0,46.93,165,38.16,183
00982B,FT投資級債20+,上櫃ETF,0.0,0.0,0.0,0.0,0.0,0.0,0.0,0.0,0.0,0.0,0.0,0.0,0.0,9.96,0.0,0.0,0.0,1.09,183,10.2,113
00982D,主動富邦動態入息,ETF,0.0,0.0,0.0,0.0,0.0,0.0,0.0,0.0,0.0,0.0,0.0,0.0,0.0,10.04,0.0,0.0,0.0,2.29,133,2.29,133
00982T,平衡兆豐台美動能,ETF,0.0,0.0,0.0,0.0,0.0,0.0,0.0,0.0,0.0,0.0,0.0,0.0,0.0,16.0,0.0,0.0,0.0,59.68,178,59.68,178
00981A,主動統一台股增長,ETF,0.0,0.0,0.0,0.0,0.0,0.0,0.0,0.0,0.0,0.0,0.0,0.0,0.0,31.2,0.0,0.0,0.0,61.27,184,55.34,183
2458,義隆,電子工業,8.54,12381283000.0,1449798946.1358316,4.34,12691395913.430504,8.75,15.54,12.24,8.57,20.81,74.99,182.09,135.94,179.0,0.76,0.42,1.02,2.94,150,10.98,73
3645,達邁,電子工業,1.54,2380724000.0,1545924675.3246753,0.8,2448950458.7933497,1.58,49.51,66.16,19.8,85.96,31.28,135.82,78.23,91.0,0.86,0.34,1.49,43.56,184,38.82,58
3646,艾恩特,電子零組件業,0.56,666283000.0,1189791071.4285712,0.3,706330000.2246035,0.59,36.43,134.07,17.18,151.25,10.14,89.24,21.49,23.5,0.91,0.43,3.8,4.3,9,1.03,66
3653,健策,電子工業,36.76,20056537000.0,545607644.1784549,21.63,23896434255.113346,43.8,72.98,121.11,30.31,151.42,1327.58,6632.2,3196.31,3320.0,0.96,0.4,2.0,19.32,126,110.31,151
3661,世芯-KY,半導體業,69.19,34151314000.0,493587425.9286024,19.52,15647945681.14042,31.7,44.14,54.44,24.34,78.78,771.58,2497.33,1399.27,4215.0,0.33,0.18,0.59,34.34,164,33.7,39
3663,鑫科,其他電子類,-0.08,5546540000.0,0.0,0.0,8493368861.779782,0.0,280.48,855.33,61.67,917.0,0.0,0.0,0.0,85.1,0.0,0.0,0.0,83.86,43,6.3,17
3664,安瑞-KY,通信網路業,-6.04,903104000.0,0.0,0.0,597906355.8639253,0.0,1209.94,2869.5,150.5,3020.0,0.0,0.0,0.0,7.6,0.0,0.0,0.0,2.37,184,17.47,60
3665,貿聯-KY,其他電子業,46.62,69203806000.0,1484423123.1231232,28.45,90295201001.4234,60.83,33.52,47.47,16.19,63.66,984.84,3872.44,2038.93,1945.0,1.05,0.51,1.99,90.09,149,95.12,136
3666,光耀,光電業,-3.46,494144000.0,0.0,0.0,378317791.4602147,0.0,0.0,0.0,0.0,0.0,0.0,0.0,0.0,24.35,0.0,0.0,0.0,4.17,8,16.64,177
3672,康聯訊,通信網路業,-2.28,245875000.0,0.0,0.0,195836119.19393715,0.0,0.0,0.0,0.0,0.0,0.0,0.0,0.0,13.65,0.0,0.0,0.0,17.98,112,0.0,0
3673,TPK-KY,光電業,2.72,62851973000.0,23107343014.70588,1.57,71480011552.04489,3.09,28.71,84.0,14.0,98.0,43.26,302.82,88.71,81.2,1.09,0.53,3.73,9.89,8,42.79,155
3675,德微,半導體業,2.66,2639156000.0,992163909.774436,1.44,2949521354.9834275,2.97,43.72,145.0,14.57,159.57,43.27,473.92,129.84,450.0,0.29,0.1,1.05,1.65,3,25.8,112
3679,新至陞,電子工業,9.77,4556910000.0,466418628.45445246,4.47,3920723924.021796,8.41,12.34,9.97,8.19,18.16,68.88,152.73,103.81,110.0,0.94,0.63,1.39,16.8,23,4.28,16
3680,家登,半導體業,9.43,7056171000.0,748268398.7274655,5.75,8775388615.886711,11.73,44.16,42.55,23.56,66.11,276.36,775.47,517.97,535.0,0.97,0.52,1.45,17.12,91,26.44,183
3684,榮昌,通信網路業,3.5,1154111000.0,329746000.0,1.68,1250701742.1817238,3.79,20.5,28.5,12.68,41.18,48.06,156.07,77.71,54.2,1.43,0.89,2.88,0.82,2,57.94,172
3631,晟楠,電子零組件業,-0.7,71805000.0,0.0,0.0,23131941.23854671,0.0,0.0,0.0,0.0,0.0,0.0,0.0,0.0,33.8,0.0,0.0,0.0,18.12,57,22.11,94
3593,力銘,電子工業,-0.9,1092576000.0,0.0,0.0,643705674.2971928,0.0,0.0,0.0,0.0,0.0,0.0,0.0,0.0,14.75,0.0,0.0,0.0,32.42,3,82.25,182
3594,磐儀,電腦及週邊設備業,0.5,2048586000.0,4097172000.0,0.28,2627095476.2789,0.64,68.09,106.99,26.54,133.53,16.99,85.46,43.58,54.6,0.8,0.31,1.57,14.58,182,15.52,39
3596,智易,通信網路業,12.6,52775725000.0,4188549603.1746035,7.37,54002600601.18432,12.89,15.81,10.26,11.28,21.54,145.4,277.65,203.79,197.0,1.03,0.74,1.41,10.54,184,25.38,50
3597,映興,電子零組件業,0.34,865831000.0,2546561764.705882,0.21,958058603.1930649,0.38,62.39,135.55,17.58,153.13,6.68,58.19,23.71,27.75,0.85,0.24,2.1,112.24,149,48.49,36
3605,宏致,電子工業,4.35,10859165000.0,2496359770.1149426,2.39,11965091649.265686,4.79,113.3,760.58,10.67,771.25,51.11,3694.29,542.7,87.7,6.19,0.58,42.12,28.54,107,46.54,63
3607,谷崧,電子工業,0.02,2861541000.0,143077050000.0,0.01,2652351177.330822,0.02,157.62,749.17,25.83,775.0,0.52,15.5,3.15,17.05,0.18,0.03,0.91,18.11,70,1.0,43
3609,三一東林,電子零組件業,6.42,667338000.0,103946728.97196262,1.69,514452416.47645557,4.95,5.34,4.98,3.3,8.28,16.34,40.99,26.44,28.35,0.93,0.58,1.45,0.0,0,5.05,102
3611,鼎翰,電腦及週邊設備業,19.63,11503912000.0,586037289.8624555,10.02,11515522848.245592,19.65,12.45,5.93,9.18,15.11,180.39,296.91,244.73,202.0,1.21,0.89,1.47,0.0,0,10.8,144
3615,安可,光電業,0.82,946237000.0,1153947560.9756098,0.33,721786195.3050531,0.63,74.34,140.27,29.28,169.55,18.45,106.82,46.84,51.7,0.91,0.36,2.07,21.63,106,21.3,56
3617,碩天,其他電子業,14.48,11943958000.0,824858977.9005525,7.24,12343607507.67299,14.96,13.18,10.29,8.8,19.09,131.65,285.59,197.12,220.0,0.9,0.6,1.3,37.22,171,8.41,7
3622,洋華,光電業,6.09,1673510000.0,274796387.52052546,2.81,1820757589.6028595,6.63,11.53,8.55,8.55,17.1,56.69,113.37,76.46,57.9,1.32,0.98,1.96,0.0,0,39.85,133
3623,富晶通,光電業,-0.16,287229000.0,0.0,0.0,286234865.6014501,0.0,62.12,9.87,57.76,67.63,0.0,0.0,0.0,25.2,0.0,0.0,0.0,10.62,65,72.24,183
3624,光頡,電子零組件業,1.86,2636913000.0,1417695161.2903225,1.08,3188655393.89364,2.25,27.63,73.04,12.23,85.27,27.52,191.86,62.16,148.0,0.42,0.19,1.3,5.7,8,101.25,179
3625,西勝,電腦及週邊設備業,-0.6,399491000.0,0.0,0.0,419133136.71734554,0.0,0.0,0.0,0.0,0.0,0.0,0.0,0.0,18.4,0.0,0.0,0.0,59.48,149,127.72,108
3628,盈正,其他電子類,4.02,3385021000.0,842045024.875622,2.03,3652964919.2006035,4.34,22.2,21.35,14.57,35.92,63.23,155.89,96.34,77.4,1.24,0.82,2.01,0.0,0,130.86,119
3630,新鉅科,光電業,1.8,2218172000.0,1232317777.7777777,1.18,2526969392.586461,2.05,20.95,25.13,11.92,37.05,24.44,75.95,42.95,29.5,1.46,0.83,2.57,6.73,4,98.09,66
3632,研勤,通信網路業,-0.38,268980000.0,0.0,0.0,280096938.86874336,0.0,151.02,19.0,139.5,158.5,0.0,0.0,0.0,7.8,0.0,0.0,0.0,0.0,0,0.0,0
3592,瑞鼎,電子工業,18.23,22500591000.0,1234261711.4646187,9.57,22749709148.958485,18.43,13.24,9.19,8.62,17.81,158.87,328.24,244.02,275.5,0.89,0.58,1.19,2.26,1,3.28,16
3686,達能,電子工業,-0.49,82608000.0,0.0,0.0,96819718.69565217,0.0,0.0,0.0,0.0,0.0,0.0,0.0,0.0,17.3,0.0,0.0,0.0,12.78,14,41.75,119
3715,定穎投控,電子零組件業,2.7,19083311000.0,7067892962.962962,1.72,25402829498.443577,3.59,38.36,191.26,9.26,200.52,33.24,719.87,137.73,165.0,0.83,0.2,4.36,23.74,79,169.07,129
3716,中化控股,化學生技醫療,2.39,8598150000.0,3597552301.25523,1.2,8350060449.6948805,2.32,16.08,4.92,13.01,17.93,30.18,41.6,37.29,35.6,1.05,0.85,1.17,0.0,0,0.0,0
3717,聯嘉投控,汽車工業,0.46,2059036000.0,4476165217.391304,0.0,0.0,0.0,283.27,123.13,243.75,366.88,0.0,0.0,0.0,29.35,0.0,0.0,0.0,4.74,55,4.74,55
4102,永日,生技醫療業,-0.34,471219000.0,0.0,0.0,470975507.42798084,0.0,19.15,14.05,13.45,27.5,0.0,0.0,0.0,19.85,0.0,0.0,0.0,11.57,60,5.23,101
4104,佳醫,化學生技醫療,4.82,8784192000.0,1822446473.0290456,2.53,9385762017.344961,5.15,17.57,4.59,14.6,19.19,75.19,98.83,90.49,69.7,1.3,1.08,1.42,2.56,38,5.11,59
4105,東洋,生技醫療業,6.26,6425722000.0,1026473162.9392972,3.72,6838735138.570816,6.66,13.41,6.39,10.81,17.2,71.99,114.55,89.29,78.2,1.14,0.92,1.46,0.0,0,13.03,150
4106,雃博,化學生技醫療,1.19,2395767000.0,2013249579.8319328,0.6,2496544353.9012737,1.24,21.1,12.18,15.77,27.95,19.55,34.66,26.16,23.7,1.1,0.82,1.46,0.0,0,2.47,9
4107,邦特,生技醫療業,7.77,2104303000.0,270824066.92406696,4.16,2298589778.580262,8.49,16.34,6.11,13.78,19.89,116.99,168.87,138.74,117.5,1.18,1.0,1.44,7.46,38,9.79,127
4108,懷特,化學生技醫療,-0.28,139964000.0,0.0,0.0,146390247.3165244,0.0,0.0,0.0,0.0,0.0,0.0,0.0,0.0,12.5,0.0,0.0,0.0,0.0,0,28.62,64
4109,加捷生醫,生技醫療業,0.43,487910000.0,1134674418.6046512,0.24,506064731.01028013,0.45,101.71,535.01,4.99,540.0,2.25,243.0,45.77,12.5,3.66,0.18,19.44,22.28,9,17.53,44
4111,濟生,生技醫療業,2.81,1377520000.0,490220640.569395,1.49,1466645703.5914803,2.99,15.37,14.37,9.87,24.24,29.51,72.48,45.95,30.75,1.49,0.96,2.36,0.0,0,7.97,45
4113,聯上,建材營造,-0.43,954148000.0,0.0,0.0,62867001.0936429,0.0,46.6,190.14,5.24,195.38,0.0,0.0,0.0,15.0,0.0,0.0,0.0,24.65,10,28.64,71
4114,健喬,生技醫療業,1.71,6165947000.0,3605816959.0643277,0.93,6851115987.365272,1.9,21.28,7.8,17.85,25.65,33.92,48.73,40.44,32.65,1.24,1.04,1.49,3.87,24,7.98,30
4116,明基醫,生技醫療業,1.75,5192619000.0,2967210857.142857,1.1,5629904476.169272,1.9,20.77,11.6,15.47,27.07,29.39,51.43,39.46,38.5,1.02,0.76,1.34,0.89,1,27.65,56
4119,旭富,化學生技醫療,0.91,1270033000.0,1395640659.3406594,0.49,1195559925.448567,0.86,37.79,128.51,13.04,141.55,11.21,121.73,32.5,45.35,0.72,0.25,2.68,7.34,136,0.0,0
4120,友華,生技醫療業,-6.55,4544790000.0,0.0,0.0,4580338399.785562,0.0,46.81,152.17,21.16,173.33,0.0,0.0,0.0,46.1,0.0,0.0,0.0,1.54,157,0.0,0
4121,優盛,生技醫療業,-0.36,3836415000.0,0.0,0.0,3704790230.089403,0.0,0.0,0.0,0.0,0.0,0.0,0.0,0.0,13.85,0.0,0.0,0.0,0.22,10,10.64,127
4123,晟德,生技醫療業,12.36,1486819000.0,120292799.35275081,7.75,1811136031.772844,15.06,8.97,15.75,2.62,18.37,39.46,276.65,135.13,39.8,3.4,0.99,6.95,0.0,0,12.13,58
3714,富采,電子工業,-3.69,22182215000.0,0.0,0.0,22514265774.047184,0.0,13.33,0.0,13.33,13.33,0.0,0.0,0.0,64.1,0.0,0.0,0.0,4.65,105,16.98,73
3689,湧德,電子零組件業,7.58,5975076000.0,788268601.5831134,5.15,7986100106.548334,10.13,15.85,12.17,9.98,22.15,101.1,224.38,160.54,123.0,1.31,0.82,1.82,30.11,162,41.11,179
3691,碩禾,光電業,-7.62,5193342000.0,0.0,0.0,14248383202.303114,0.0,0.0,0.0,0.0,0.0,0.0,0.0,0.0,153.5,0.0,0.0,0.0,5.92,3,43.7,43
3693,營邦,電腦及週邊設備業,15.5,7618167000.0,491494645.16129035,7.27,6221151873.544713,12.66,19.67,65.01,8.39,73.4,106.22,929.24,249.06,493.5,0.5,0.22,1.88,0.0,0,18.54,116
3694,海華,通信網路業,4.03,11255939000.0,2793036972.7047143,2.1,12665235019.267473,4.53,18.67,21.78,9.45,31.23,42.81,141.47,84.56,65.5,1.29,0.65,2.16,21.6,179,81.5,43
3701,大眾控,電子工業,-0.38,9777674000.0,0.0,0.0,7114585343.054403,0.0,331.78,1450.39,24.61,1475.0,0.0,0.0,0.0,44.8,0.0,0.0,0.0,0.0,0,68.42,177
3702,大聯大,電子工業,5.77,989365062000.0,171467081802.42636,3.94,1336946519532.5942,7.8,14.82,11.86,8.38,20.24,65.36,157.87,115.62,110.0,1.05,0.59,1.44,10.75,7,4.85,10
3703,欣陸,建材營造,1.79,29380981000.0,16413955865.921787,1.15,37411843024.09065,2.28,18.57,22.93,9.2,32.13,20.98,73.26,42.33,20.85,2.03,1.01,3.51,6.87,24,3.61,59
3704,合勤控,通信網路業,1.56,26511091000.0,16994289102.564102,0.8,25577775545.15473,1.51,27.73,44.72,9.12,53.84,13.77,81.3,41.88,44.85,0.93,0.31,1.81,7.47,151,46.37,64
3705,永信,化學生技醫療,3.31,8374052000.0,2529925075.528701,1.55,7641088343.424017,3.02,15.04,6.94,12.35,19.29,37.3,58.26,45.42,54.5,0.83,0.68,1.07,20.58,81,9.66,30
3706,神達,電子工業,5.36,103432967000.0,19297195335.820896,3.51,139939218788.97058,7.25,20.23,30.06,2.8,32.86,20.3,238.24,146.7,90.0,1.63,0.23,2.65,94.71,150,59.7,119
3707,漢磊,半導體業,-1.97,5701058000.0,0.0,0.0,6983198201.735904,0.0,0.0,0.0,0.0,0.0,0.0,0.0,0.0,86.3,0.0,0.0,0.0,5.83,3,104.99,72
3709,鑫聯大投控,電腦及週邊設備業,7.02,40845639000.0,5818467094.017095,4.0,48231257207.06005,8.29,15.64,24.5,7.37,31.87,61.1,264.2,129.69,75.8,1.71,0.81,3.49,40.0,113,85.55,94
3710,連展投控,電子零組件業,-1.48,7029628000.0,0.0,0.0,7308691148.335305,0.0,226.45,56.25,201.25,257.5,0.0,0.0,0.0,6.0,0.0,0.0,0.0,37.29,98,28.59,42
3711,日月光投控,半導體業,9.37,639427808000.0,68242028601.92103,5.24,756847982495.7205,11.09,27.66,61.38,6.12,67.5,67.87,748.58,306.75,679.0,0.45,0.1,1.1,12.17,3,90.97,184
3712,永崴投控,電子工業,-22.85,34127144000.0,0.0,0.0,26525681765.72232,0.0,12.95,13.31,8.44,21.75,0.0,0.0,0.0,19.45,0.0,0.0,0.0,33.69,141,14.88,16
4126,太醫,生技醫療業,5.28,2430779000.0,460374810.60606056,2.54,2345743892.8890553,5.1,15.48,3.68,13.67,17.35,69.72,88.48,78.95,81.5,0.97,0.86,1.09,9.91,175,0.44,30
3591,艾笛森,光電業,-0.34,2361396000.0,0.0,0.0,2413740871.3031263,0.0,76.82,288.2,16.8,305.0,0.0,0.0,0.0,27.0,0.0,0.0,0.0,0.0,0,9.83,161
3455,由田,光電業,2.66,1818370000.0,683597744.3609022,0.78,1104005687.3489802,1.61,36.41,160.28,13.88,174.16,22.35,280.4,58.63,246.5,0.24,0.09,1.14,8.65,122,41.2,182
3466,德晉,通信網路業,-1.28,126306000.0,0.0,0.0,701180466.1167637,0.0,0.0,0.0,0.0,0.0,0.0,0.0,0.0,34.0,0.0,0.0,0.0,0.0,0,26.41,58
3467,台灣精材,半導體業,0.58,561538000.0,968168965.5172415,0.37,795644317.6646155,0.82,66.95,72.06,41.91,113.97,34.37,93.46,54.9,61.1,0.9,0.56,1.53,0.0,0,4.11,10
3479,安勤,電腦及週邊設備業,6.46,8456230000.0,1309013931.8885448,3.37,9281178187.130535,7.09,14.81,9.37,12.21,21.58,86.57,153.0,105.02,143.0,0.73,0.61,1.07,3.15,63,27.16,98
3481,群創,光電業,0.03,223293940000.0,7443131333333.334,0.02,259987663691.32755,0.03,179.96,1247.0,3.0,1250.0,0.09,37.5,5.4,69.2,0.08,0.0,0.54,10.26,49,89.32,184
3483,力致,電腦及週邊設備業,3.75,9024891000.0,2406637600.0,1.75,9206256976.884441,3.83,19.88,17.49,11.21,28.7,42.93,109.92,76.13,92.5,0.82,0.46,1.19,4.52,2,19.2,63
3484,崧騰,電子零組件業,4.26,4654211000.0,1092537793.4272301,2.05,4402036118.251356,4.03,13.01,8.78,9.71,18.49,39.13,74.51,52.44,53.9,0.97,0.73,1.38,14.06,73,20.21,52
3485,敘豐,電子零組件業,5.89,54861000.0,9314261.460101869,0.0,0.0,0.0,58.38,29.0,45.76,74.76,0.0,0.0,0.0,311.5,0.0,0.0,0.0,10.98,21,92.96,179
3489,森寶,建材營造,-0.09,747131000.0,0.0,0.0,1177343976.3439584,0.0,371.89,155.56,301.11,456.67,0.0,0.0,0.0,24.5,0.0,0.0,0.0,51.66,24,15.12,165
3490,單井,光電業,0.05,267156000.0,5343120000.0,0.02,264567126.5337973,0.05,92.6,621.03,10.97,632.0,0.55,31.6,4.63,33.7,0.14,0.02,0.94,0.0,0,31.75,162
3491,昇達科,通信網路業,7.85,2363136000.0,301036433.1210191,6.6,3816475353.6185803,12.68,88.58,216.61,33.75,250.36,427.95,3174.56,1123.14,1300.0,0.86,0.33,2.44,33.28,184,133.18,182
3492,長盛,電子零組件業,1.77,867190000.0,489937853.1073446,0.85,779410620.475276,1.59,16.85,23.25,11.4,34.65,18.13,55.09,26.79,23.0,1.16,0.79,2.4,0.0,0,22.41,144
3494,誠研,電子工業,-1.84,914747000.0,0.0,0.0,1033957951.7336406,0.0,0.0,0.0,0.0,0.0,0.0,0.0,0.0,7.95,0.0,0.0,0.0,175.96,184,4.96,35
3498,陽程,其他電子類,0.48,1264390000.0,2634145833.3333335,0.37,2322322303.7350473,0.88,138.72,171.03,86.26,257.29,75.91,226.42,122.08,124.0,0.98,0.61,1.83,17.99,106,55.8,43
3499,環天科,通信網路業,-1.3,369441000.0,0.0,0.0,276307582.343658,0.0,776.74,315.0,625.0,940.0,0.0,0.0,0.0,14.85,0.0,0.0,0.0,13.95,92,55.84,176
3501,維熹,電子工業,2.99,5576047000.0,1864898662.2073576,1.37,4870150595.547543,2.61,12.52,16.43,8.01,24.44,20.91,63.79,32.67,41.55,0.79,0.5,1.54,2.87,1,2.4,14
3504,揚明光,光電業,-0.08,2687814000.0,0.0,0.0,2837745513.208906,0.0,134.36,59.62,90.14,149.76,0.0,0.0,0.0,78.2,0.0,0.0,0.0,5.08,171,41.03,77
3508,位速,其他電子類,-1.51,815255000.0,0.0,0.0,807165007.4602122,0.0,0.0,0.0,0.0,0.0,0.0,0.0,0.0,18.0,0.0,0.0,0.0,0.0,0,30.07,51
3511,矽瑪,電子零組件業,-1.19,1766342000.0,0.0,0.0,1829243732.1558146,0.0,0.0,0.0,0.0,0.0,0.0,0.0,0.0,28.05,0.0,0.0,0.0,58.73,136,11.51,51
3447,展達,電子工業,1.59,3636320000.0,2286993710.691824,0.72,4093945516.3075275,1.79,30.92,43.36,20.56,63.92,36.8,114.42,55.35,37.5,1.48,0.98,3.05,186.12,128,59.69,60
3444,利機,電子通路業,2.14,1248999000.0,583644392.5233644,1.14,1325676949.569195,2.27,34.48,46.97,19.41,66.38,44.06,150.68,78.26,89.1,0.88,0.49,1.69,3.0,3,44.38,177
3376,新日興,電子零組件業,1.66,10913580000.0,6574445783.13253,0.75,9218383453.722134,1.4,70.28,335.15,13.38,348.53,18.73,487.94,98.39,199.0,0.49,0.09,2.45,10.51,11,27.85,53
3379,彬台,電機機械,2.12,1905887000.0,899003301.8867924,0.66,1531057921.154361,1.7,43.93,81.15,15.52,96.67,26.38,164.34,74.68,35.6,2.1,0.74,4.62,39.09,9,8.55,35
3380,明泰,通信網路業,-0.36,21928876000.0,0.0,0.0,23305297172.48138,0.0,115.59,302.06,32.38,334.44,0.0,0.0,0.0,35.4,0.0,0.0,0.0,8.1,148,18.61,115
3388,崇越電,電子零組件業,4.16,7300872000.0,1755017307.6923077,2.44,8624223126.667803,4.91,17.14,14.56,14.6,29.16,71.69,143.18,84.15,83.9,1.0,0.85,1.71,0.0,0,0.48,25
3390,旭軟,電子零組件業,-0.51,787157000.0,0.0,0.0,971493129.9531395,0.0,22.43,17.57,13.83,31.4,0.0,0.0,0.0,27.95,0.0,0.0,0.0,9.09,53,28.0,175
3402,漢科,其他電子類,7.5,5235312000.0,698041600.0,4.06,5862726544.33311,8.4,16.14,10.71,10.44,21.15,87.7,177.66,135.62,153.0,0.89,0.57,1.16,1.21,2,50.25,58
3406,玉晶光,光電業,32.84,23805806000.0,724902740.5602922,17.54,30647279755.68027,42.28,13.35,15.59,7.86,23.45,332.32,991.47,564.36,653.0,0.86,0.51,1.52,1.63,2,11.45,51
3413,京鼎,半導體業,21.44,20785570000.0,969476212.6865671,13.92,24063705048.616413,24.82,13.74,9.94,8.59,18.53,213.2,459.91,341.03,325.5,1.05,0.65,1.41,0.0,0,24.29,116
3416,融程電,電子工業,7.4,3558156000.0,480831891.8918919,4.27,4693626646.289197,9.76,22.31,15.21,15.18,30.39,148.16,296.61,217.79,187.0,1.16,0.79,1.59,20.4,182,39.04,64
3419,譁裕,電子工業,-1.79,1783148000.0,0.0,0.0,1817823656.353505,0.0,0.0,0.0,0.0,0.0,0.0,0.0,0.0,14.25,0.0,0.0,0.0,0.5,1,14.84,79
3430,奇鈦科,化學工業,3.15,1678491000.0,532854285.71428573,1.83,2056655371.5560682,3.86,19.23,47.76,8.75,56.51,33.78,218.13,74.24,139.0,0.53,0.24,1.57,57.17,85,62.38,87
3432,台端,電子工業,-0.87,140540000.0,0.0,0.0,466108135.91363615,0.0,12.69,0.0,12.69,12.69,0.0,0.0,0.0,18.4,0.0,0.0,0.0,3.0,8,0.0,0
3434,哲固,光電業,0.54,690682000.0,1279040740.7407405,0.2,426723111.3963991,0.33,35.89,49.21,19.19,68.4,6.33,22.57,11.84,30.35,0.39,0.21,0.74,2.85,2,0.83,2
3437,榮創,光電業,-2.65,1654007000.0,0.0,0.0,1310169829.7361567,0.0,29.93,0.0,29.93,29.93,0.0,0.0,0.0,21.75,0.0,0.0,0.0,8.61,9,20.0,53
3438,類比科,半導體業,1.0,1012458000.0,1012458000.0,0.43,837909274.9727432,0.83,55.96,62.42,25.36,87.78,21.05,72.86,46.45,75.5,0.62,0.28,0.97,8.93,2,26.64,182
3441,聯一光,光電業,1.06,418045000.0,394382075.4716981,0.65,550268589.9955522,1.4,45.33,72.33,19.21,91.54,26.89,128.16,63.46,79.0,0.8,0.34,1.62,6.62,171,40.14,158
3443,創意,半導體業,28.13,32095619000.0,1140974724.4934235,26.37,61009812557.58283,53.47,66.96,139.25,33.13,172.38,1771.46,9217.16,3580.33,4605.0,0.78,0.38,2.0,5.48,1,97.62,184
3515,華擎,電腦及週邊設備業,15.28,46660001000.0,3053664986.910995,7.74,48724562743.043915,15.96,19.7,19.51,7.54,27.05,120.34,431.72,314.43,217.0,1.45,0.55,1.99,10.37,183,24.31,114
3548,兆利,電子零組件業,2.24,9772727000.0,4362824553.571428,0.92,6879033003.7111635,1.58,157.81,2077.69,12.31,2090.0,19.45,3302.2,249.34,87.5,2.85,0.22,37.74,14.48,149,14.48,52
3550,聯穎,電子工業,-1.19,3529210000.0,0.0,0.0,4351857522.190568,0.0,42.57,0.0,42.57,42.57,0.0,0.0,0.0,32.2,0.0,0.0,0.0,82.24,78,14.88,177
3552,同致,其他電子類,0.68,8535131000.0,12551663235.294117,0.31,8053304231.6055765,0.64,66.4,107.69,17.72,125.41,11.34,80.26,42.5,49.05,0.87,0.23,1.64,3.21,8,35.4,120
3555,博士旺,半導體業,1.19,249976000.0,210063865.54621848,2.13,4046709781.6852994,19.26,80.81,178.23,25.29,203.52,487.09,3919.8,1556.4,188.0,8.28,2.59,20.85,10.0,1,209.15,163
3556,禾瑞亞,半導體業,2.15,961949000.0,447418139.53488374,1.34,1119605795.2597075,2.5,45.15,99.66,14.89,114.55,37.22,286.38,112.89,72.5,1.56,0.51,3.95,0.0,0,11.27,53
3558,神準,通信網路業,5.2,15050049000.0,2894240192.307692,2.27,12372417339.748024,4.27,29.45,42.89,10.05,52.94,42.91,226.05,125.75,134.0,0.94,0.32,1.69,25.48,148,9.48,38
3563,牧德,光電業,15.79,3177380000.0,201227359.0880304,10.63,3441522958.3333545,17.1,71.97,186.35,10.5,196.85,179.55,3366.14,1230.64,777.0,1.58,0.23,4.33,13.8,156,26.34,53
3564,其陽,通信網路業,0.65,2484572000.0,3822418461.538461,0.43,2816543892.759046,0.74,108.43,300.84,49.16,350.0,36.38,259.0,80.24,54.8,1.46,0.66,4.73,8.36,10,1.25,4
3567,逸昌,半導體業,1.06,282056000.0,266090566.03773585,0.5,275880746.23690385,1.04,19.09,23.83,10.43,34.26,10.85,35.63,19.86,32.55,0.61,0.33,1.09,0.7,2,1.27,2
3570,大塚,資訊服務業,13.95,2412857000.0,172964659.4982079,7.93,2484583413.5515594,14.36,13.33,10.08,11.22,21.3,161.12,305.87,191.35,165.5,1.16,0.97,1.85,19.05,154,8.1,36
3576,聯合再生,光電業,-0.76,3793481000.0,0.0,0.0,2042717346.5089898,0.0,42.77,12.62,37.38,50.0,0.0,0.0,0.0,16.85,0.0,0.0,0.0,0.0,0,37.37,172
3577,泓格,電腦及週邊設備業,2.36,1147441000.0,486203813.55932206,1.58,1494299868.5474606,3.07,37.77,39.76,23.96,63.72,73.56,195.62,115.94,133.5,0.87,0.55,1.47,38.93,84,23.25,14
3580,友威科,其他電子類,1.94,435272000.0,224367010.30927837,0.82,399535146.0633593,1.78,27.45,70.77,9.94,80.71,17.69,143.66,48.87,101.5,0.48,0.17,1.42,37.95,52,10.45,184
3581,博磊,半導體業,0.81,1472080000.0,1817382716.0493827,0.48,1888578545.9452069,1.04,423.46,2200.59,46.08,2246.67,47.92,2336.54,440.39,140.0,3.15,0.34,16.69,36.98,113,137.5,175
3583,辛耘,半導體業,17.48,11181723000.0,639686670.4805492,9.47,12427007330.96825,19.43,35.63,52.36,13.13,65.49,255.12,1272.47,692.28,860.0,0.8,0.3,1.48,14.22,92,26.93,79
3587,閎康,其他電子類,6.09,5497073000.0,902639244.6633826,3.34,6460764533.465472,7.16,28.08,47.11,13.38,60.49,95.8,433.11,201.02,300.5,0.67,0.32,1.44,1.91,50,39.17,106
3588,通嘉,半導體業,0.51,1334330000.0,2616333333.3333335,0.31,1548325593.3611276,0.59,56.67,123.94,14.43,138.37,8.51,81.64,33.43,74.1,0.45,0.11,1.1,0.33,9,22.17,72
3546,宇峻,文化創意業,2.06,1333509000.0,647334466.0194174,1.56,2031426023.1705804,3.14,23.32,23.43,13.63,37.06,42.8,116.37,73.21,83.5,0.88,0.51,1.39,0.43,1,0.0,0
3545,敦泰,電子工業,-4.64,12323034000.0,0.0,0.0,10004315327.048428,0.0,29.9,42.78,4.08,46.86,0.0,0.0,0.0,58.5,0.0,0.0,0.0,4.81,163,7.52,74
3543,州巧,電子工業,-2.24,3253705000.0,0.0,0.0,3135592619.492033,0.0,43.83,29.14,25.19,54.33,0.0,0.0,0.0,31.95,0.0,0.0,0.0,7.71,77,123.93,115
3516,亞帝歐,光電業,0.26,1043045000.0,4011711538.4615383,0.15,1288732541.6281319,0.32,95.07,116.7,47.92,164.62,15.33,52.68,30.42,28.4,1.07,0.54,1.85,12.03,107,9.18,179
3518,柏騰,其他電子業,-1.56,317765000.0,0.0,0.0,257183873.70140645,0.0,14.89,15.44,12.24,27.68,0.0,0.0,0.0,36.05,0.0,0.0,0.0,34.98,45,57.23,73
3520,華盈,電子零組件業,-0.09,1224116000.0,0.0,0.0,1334453284.09551,0.0,131.73,255.29,40.34,295.63,0.0,0.0,0.0,17.8,0.0,0.0,0.0,0.0,0,50.19,115
3523,迎輝,光電業,-1.45,106915000.0,0.0,0.0,77913115.5605317,0.0,0.0,0.0,0.0,0.0,0.0,0.0,0.0,16.0,0.0,0.0,0.0,70.55,60,7.65,77
3526,凡甲,電子零組件業,16.98,3869677000.0,227896171.96702,10.09,4744806892.572841,20.82,16.25,9.81,12.75,22.56,265.46,469.7,338.29,330.5,1.02,0.8,1.42,17.74,150,14.69,36
3527,聚積,半導體業,-1.83,1479934000.0,0.0,0.0,1324010051.5640402,0.0,641.89,1795.35,100.65,1896.0,0.0,0.0,0.0,66.8,0.0,0.0,0.0,2.71,7,0.0,0
3528,安馳,電子工業,2.3,8386277000.0,3646207391.304348,1.82,16482141593.070898,4.52,45.99,191.51,11.28,202.79,50.99,916.61,207.88,100.5,2.07,0.51,9.12,10.59,45,21.3,36
3529,力旺,半導體業,25.6,3895918000.0,152184296.875,14.92,4478755830.208921,29.43,106.03,112.16,59.72,171.88,1757.56,5058.43,3120.39,2805.0,1.11,0.63,1.8,34.81,123,3.34,59
3530,晶相光,半導體業,1.74,1759670000.0,1011304597.7011495,1.34,2551193640.62196,2.52,33.92,26.14,12.88,39.02,32.46,98.33,85.47,69.5,1.23,0.47,1.41,7.46,9,36.92,184
3531,先益,光電業,0.3,1341667000.0,4472223333.333334,0.12,963233492.1948643,0.22,41.14,90.4,8.35,98.75,1.84,21.72,9.05,23.25,0.39,0.08,0.93,0.75,4,1.92,38
3532,台勝科,半導體業,1.57,12293039000.0,7829961146.496815,0.87,13809606120.85071,1.76,70.8,538.94,18.02,556.96,31.72,980.25,124.6,406.0,0.31,0.08,2.41,0.82,2,58.47,77
3533,嘉澤,電子工業,70.15,33055352000.0,471209579.47255874,41.08,39410086356.968636,83.64,22.93,27.82,12.74,40.56,1065.57,3392.44,1917.81,2125.0,0.9,0.5,1.6,29.17,149,27.61,72
3535,晶彩科,光電業,-1.06,383417000.0,0.0,0.0,2467253499.0469837,0.0,139.05,325.18,18.57,343.75,0.0,0.0,0.0,113.0,0.0,0.0,0.0,36.12,23,79.96,154
3537,堡達,電子零組件業,2.51,2863383000.0,1140790039.8406374,1.31,3057483303.3667545,2.68,20.0,29.12,9.69,38.81,25.97,104.01,53.59,74.3,0.72,0.35,1.4,0.0,0,22.27,129
3540,曜越,電腦及週邊設備業,0.74,5104074000.0,6897397297.2972975,0.33,4628354485.494668,0.67,131.26,263.85,34.07,297.92,22.83,199.61,87.95,25.5,3.45,0.9,7.83,0.0,0,28.34,67
3541,西柏,其他電子類,-0.83,1067915000.0,0.0,0.0,979136796.7240671,0.0,0.0,0.0,0.0,0.0,0.0,0.0,0.0,22.3,0.0,0.0,0.0,11.7,3,24.27,16
4127,天良,生技醫療業,-0.21,495225000.0,0.0,0.0,796222485.0759182,0.0,160.5,476.92,70.94,547.86,0.0,0.0,0.0,76.7,0.0,0.0,0.0,13.67,168,4.16,8
4128,中天,生技醫療業,-1.29,1884923000.0,0.0,0.0,2027374310.130915,0.0,0.0,0.0,0.0,0.0,0.0,0.0,0.0,17.9,0.0,0.0,0.0,13.57,15,16.44,29
4129,聯合,生技醫療業,5.83,5570321000.0,955458147.5128645,3.17,6465248449.555506,6.77,20.08,9.66,15.75,25.41,106.63,172.03,135.96,94.6,1.44,1.13,1.82,0.0,0,27.8,119
4711,永純,化學工業,0.15,721056000.0,4807040000.0,0.09,856250091.9275925,0.18,207.05,411.93,44.32,456.25,7.98,82.12,37.27,17.6,2.12,0.45,4.67,22.12,52,22.07,86
4714,永捷,化學工業,-0.54,1423308000.0,0.0,0.0,2778909622.031305,0.0,51.07,73.71,16.77,90.48,0.0,0.0,0.0,12.75,0.0,0.0,0.0,2.48,4,26.98,78
4716,大立,化學工業,-0.88,541346000.0,0.0,0.0,502216220.61241156,0.0,68.71,199.41,15.59,215.0,0.0,0.0,0.0,23.4,0.0,0.0,0.0,53.35,107,20.95,85
4720,德淵,化學工業,0.74,3617724000.0,4888816216.216216,0.4,3818905984.064134,0.78,18.75,38.41,10.28,48.69,8.02,37.98,14.62,25.6,0.57,0.31,1.48,8.24,10,17.39,184
4721,美琪瑪,化學工業,3.01,2547493000.0,846343189.3687708,1.73,2837044013.4263988,3.35,25.03,52.14,13.17,65.31,44.12,218.79,83.84,100.0,0.84,0.44,2.19,0.0,0,35.39,17
4722,國精化,化學工業,2.01,3818702000.0,1899851741.2935326,0.97,3567650739.92207,1.88,62.32,170.99,10.37,181.36,19.5,340.96,117.16,268.0,0.44,0.07,1.27,0.58,7,240.48,88
4726,永昕,生技醫療業,-2.17,662586000.0,0.0,0.0,1168024779.313735,0.0,0.0,0.0,0.0,0.0,0.0,0.0,0.0,26.55,0.0,0.0,0.0,2.87,15,4.62,58
4728,雙美,生技醫療業,13.32,1996037000.0,149852627.6276276,7.59,2240064786.6802964,14.95,27.51,20.07,19.59,39.66,292.87,592.92,411.24,386.5,1.06,0.76,1.53,0.0,0,14.5,31
4729,熒茂,光電業,0.17,1096405000.0,6449441176.470588,0.08,1009233792.1528195,0.16,316.07,1690.45,29.55,1720.0,4.73,275.2,50.57,23.2,2.18,0.2,11.86,100.28,105,16.99,52
4735,豪展,生技醫療業,2.43,899326000.0,370093004.1152263,1.6,1026780783.924767,2.77,41.6,119.49,9.77,129.26,27.06,358.05,115.22,30.9,3.73,0.88,11.59,26.8,60,2.14,1
4737,華廣,化學生技醫療,-2.72,1820339000.0,0.0,0.0,1640716426.5388005,0.0,588.2,584.16,48.57,632.73,0.0,0.0,0.0,56.7,0.0,0.0,0.0,3.89,107,4.26,60
4739,康普,化學工業,1.56,5867643000.0,3761309615.3846154,1.39,12803323769.709288,3.4,134.27,1191.29,25.38,1216.67,86.29,4136.68,456.51,115.5,3.95,0.75,35.82,0.0,0,52.52,155
4741,泓瀚,化學工業,0.29,482051000.0,1662244827.586207,0.17,541160715.144441,0.33,43.43,206.22,11.71,217.93,3.86,71.92,14.33,57.5,0.25,0.07,1.25,57.83,60,1.91,49
4743,合一,生技醫療業,-2.18,109851000.0,0.0,0.0,186190285.63971147,0.0,0.0,0.0,0.0,0.0,0.0,0.0,0.0,59.7,0.0,0.0,0.0,17.41,14,32.38,57
4744,皇將,生技醫療業,2.5,1404494000.0,561797600.0,1.27,1415433160.9200914,2.52,32.7,99.26,12.41,111.67,31.27,281.41,82.4,27.15,3.03,1.15,10.37,0.0,0,58.96,64
4745,合富-KY,生技醫療業,-3.17,3136317000.0,0.0,0.0,2627531845.277265,0.0,681.58,1976.59,53.41,2030.0,0.0,0.0,0.0,14.5,0.0,0.0,0.0,5.3,88,58.88,168
4707,磐亞,化學工業,0.89,1382798000.0,1553705617.977528,0.35,1121706181.292414,0.72,13.99,28.91,9.53,38.44,6.86,27.68,10.08,35.75,0.28,0.19,0.77,7.21,45,6.71,172
4746,台耀,化學生技醫療,3.68,4864147000.0,1321779076.0869565,2.04,4491301932.581554,3.4,39.11,232.79,13.95,246.74,47.43,838.92,132.96,55.1,2.41,0.86,15.23,10.19,9,5.96,37
4706,大恭,化學工業,0.35,1092365000.0,3121042857.1428576,0.19,1272083879.837813,0.41,82.14,174.22,27.78,202.0,11.39,82.82,33.68,32.0,1.05,0.36,2.59,7.0,8,0.0,0
4566,時碩工業,電機機械,1.35,4950351000.0,3666926666.6666665,0.73,5336248854.928745,1.46,46.78,94.03,14.74,108.77,21.52,158.8,68.3,69.2,0.99,0.31,2.29,25.98,11,16.08,53
4568,科際精密,電機機械,2.01,1210528000.0,602252736.318408,0.99,1193013448.139394,1.98,22.05,21.14,13.27,34.41,26.27,68.13,43.66,41.25,1.06,0.64,1.65,0.0,0,0.0,0
4569,六方科-KY,汽車工業,4.13,1790506000.0,433536561.7433414,2.2,1955124010.4002838,4.51,31.48,38.76,14.66,53.42,66.12,240.92,141.98,176.0,0.81,0.38,1.37,198.01,112,49.83,42
4571,鈞興-KY,電機機械,9.61,3094943000.0,322054422.4765869,4.75,2974699368.9854054,9.24,19.98,21.28,12.99,34.27,120.03,316.65,184.6,180.5,1.02,0.66,1.75,99.64,176,26.23,44
4572,駐龍,電機機械,3.02,675919000.0,223814238.410596,1.63,702966336.5237726,3.14,32.8,36.96,20.4,57.36,64.06,180.11,102.98,152.0,0.68,0.42,1.18,1.55,50,6.29,58
4576,大銀微系統,電機機械,2.01,2671021000.0,1328866169.154229,1.62,3824124449.926255,2.88,246.41,807.18,31.71,838.89,91.32,2416.0,709.67,238.5,2.98,0.38,10.13,99.62,170,14.1,50
4577,達航科技,其他電子類,-0.74,728121000.0,0.0,0.0,1030752698.8959162,0.0,0.0,0.0,0.0,0.0,0.0,0.0,0.0,92.6,0.0,0.0,0.0,73.19,161,211.62,175
4580,捷流閥業,電機機械,5.0,2288106000.0,457621200.0,2.5,2331994091.352992,5.1,12.65,7.63,8.94,16.57,45.59,84.51,64.52,82.9,0.78,0.55,1.02,0.47,3,22.43,70
4581,光隆精密-KY,汽車工業,4.73,1072763000.0,226799788.5835095,2.54,1124464701.521877,4.96,10.52,5.48,8.4,13.88,41.66,68.84,52.16,50.8,1.03,0.82,1.36,1.59,7,4.62,53
4582,聚恆-創,創新板股票,1.54,1215456000.0,789257142.8571428,1.08,2499385908.744419,3.17,16.69,3.41,14.58,17.99,46.22,57.03,52.91,27.7,1.91,1.67,2.06,0.0,0,11.73,182
4583,台灣精銳,電機機械,12.0,2985176000.0,248764666.66666666,6.97,3302317677.084841,13.27,55.44,57.89,17.71,75.6,235.01,1003.21,735.75,622.0,1.18,0.38,1.61,236.81,171,0.13,52
4584,君帆,電機機械,3.43,1326004000.0,386590087.4635568,1.64,1051037993.2944318,2.72,15.14,8.7,11.76,20.46,31.99,55.65,41.19,39.85,1.03,0.8,1.4,5.1,1,0.0,0
4585,達明,其他電子業,1.46,731904000.0,501304109.5890411,0.0,0.0,0.0,338.58,299.33,219.62,518.95,0.0,0.0,0.0,328.5,0.0,0.0,0.0,18.42,98,101.77,53
4588,玖鼎電力,其他電子業,3.2,896078000.0,280024375.0,1.74,1005190444.7216899,3.59,20.64,20.88,13.82,34.7,49.61,124.57,74.1,60.0,1.23,0.83,2.08,7.17,2,0.0,0
4590,富田-創,創新板股票,2.72,84263000.0,30979044.117647056,0.0,0.0,0.0,2527.74,9133.54,26.46,9160.0,0.0,0.0,0.0,95.8,0.0,0.0,0.0,27.52,64,0.0,0
4564,元翎,電機機械,-1.85,1136277000.0,0.0,0.0,740777308.722618,0.0,18.4,0.0,18.4,18.4,0.0,0.0,0.0,19.15,0.0,0.0,0.0,12.6,25,34.6,66
4749,新應材,半導體業,11.32,4226168000.0,373336395.7597173,6.39,4863121938.811093,13.03,81.04,61.73,43.12,104.85,561.85,1366.2,1055.98,918.0,1.15,0.61,1.49,29.23,120,63.95,183
4911,德英,生技醫療業,2.22,310711000.0,139959909.9099099,0.64,150634036.69173095,1.08,27.32,28.84,15.0,43.84,16.2,47.35,29.5,33.35,0.88,0.49,1.42,0.0,0,5.41,57
4912,聯德控股-KY,電子工業,2.03,6305207000.0,3106013300.492611,1.15,7377003066.072122,2.38,20.98,43.14,11.29,54.43,26.87,129.54,49.92,89.9,0.56,0.3,1.44,39.75,184,38.85,182
4915,致伸,電子工業,5.71,59308761000.0,10386823292.469353,3.05,66158936689.64405,6.37,14.24,6.85,11.07,17.92,70.52,114.15,90.68,68.2,1.33,1.03,1.67,10.94,85,20.14,128
4916,事欣科,電子工業,1.77,3495648000.0,1974942372.881356,1.18,4938113478.676311,2.5,288.01,2349.24,13.26,2362.5,33.15,5906.25,720.02,112.5,6.4,0.29,52.5,13.79,14,80.37,42
4919,新唐,半導體業,-3.97,30608546000.0,0.0,0.0,29850947788.961994,0.0,295.73,1067.08,18.63,1085.71,0.0,0.0,0.0,174.0,0.0,0.0,0.0,0.0,0,1.26,10
4923,力士,半導體業,-5.26,878441000.0,0.0,0.0,1110284834.790829,0.0,74.86,15.08,63.73,78.81,0.0,0.0,0.0,65.7,0.0,0.0,0.0,1.09,9,5.75,14
4927,泰鼎-KY,電子工業,-8.63,11707243000.0,0.0,0.0,10712720451.511158,0.0,10.64,0.0,10.64,10.64,0.0,0.0,0.0,46.4,0.0,0.0,0.0,50.19,53,69.82,184
4930,燦星網,電器電纜,0.6,6237349000.0,10395581666.666668,0.26,5337563116.261696,0.51,13.91,29.62,4.96,34.58,2.53,17.64,7.1,17.35,0.41,0.15,1.02,5.37,92,4.79,58
4931,新盛力,電腦及週邊設備業,3.13,2333664000.0,745579552.715655,2.35,3770721580.0115294,5.06,43.15,69.31,17.76,87.07,89.87,440.57,218.32,261.0,0.84,0.34,1.69,148.76,171,102.67,168
4933,友輝,光電業,5.77,3062497000.0,530762045.06065863,2.78,2875193439.067935,5.42,11.46,6.13,8.48,14.61,45.96,79.19,62.14,68.6,0.91,0.67,1.15,19.81,70,3.05,14
4934,太極,光電業,-0.95,87174000.0,0.0,0.0,202159577.62981167,0.0,0.0,0.0,0.0,0.0,0.0,0.0,0.0,17.75,0.0,0.0,0.0,0.0,0,64.9,85
4935,茂林-KY,光電業,1.34,5517931000.0,4117858955.2238803,0.51,3918026729.4034247,0.95,18.16,24.47,6.44,30.91,6.12,29.36,17.26,36.9,0.47,0.17,0.8,19.81,107,32.38,60
4938,和碩,電子工業,5.39,1119686756000.0,207734092022.26346,2.54,1047586267231.4996,5.04,14.67,12.7,9.94,22.64,50.1,114.11,73.91,84.5,0.87,0.59,1.35,0.94,4,4.44,29
4939,亞電,電子零組件業,-0.43,1421150000.0,0.0,0.0,1444176280.7136025,0.0,88.89,131.52,37.65,169.17,0.0,0.0,0.0,63.0,0.0,0.0,0.0,11.16,73,95.51,149
4909,新復興,通信網路業,-1.25,444305000.0,0.0,0.0,145122835.69703567,0.0,58.38,284.18,6.65,290.83,0.0,0.0,0.0,45.85,0.0,0.0,0.0,69.7,84,5.89,7
4747,強生,生技醫療業,1.19,566185000.0,475785714.2857143,0.62,587446594.0173631,1.23,37.26,25.54,22.48,48.02,27.65,59.06,45.83,48.95,0.94,0.56,1.21,5.52,116,0.0,0
4908,前鼎,通信網路業,1.97,859504000.0,436296446.70050764,1.12,929410350.5985581,2.13,43.04,126.95,21.28,148.23,45.33,315.73,91.67,175.0,0.52,0.26,1.8,10.85,151,30.12,38
4906,正文,電子工業,-0.25,17213421000.0,0.0,0.0,11651679335.564129,0.0,27.61,30.34,14.9,45.24,0.0,0.0,0.0,42.95,0.0,0.0,0.0,11.71,8,19.76,161
4754,國碳科,化學工業,2.87,622838000.0,217016724.73867595,1.53,597465397.7295314,2.75,14.3,3.76,12.86,16.62,35.36,45.71,39.33,37.15,1.06,0.95,1.23,0.0,0,0.48,4
4755,三福化,化學工業,3.7,4835643000.0,1306930540.5405405,2.13,4758994300.816804,3.64,31.9,25.62,20.2,45.82,73.53,166.78,116.13,144.0,0.81,0.51,1.16,0.0,0,17.33,78
4760,勤凱,其他電子類,7.17,1827244000.0,254845746.16457462,6.02,2914719049.0653014,11.44,26.88,49.82,12.25,62.07,140.14,710.08,307.51,332.0,0.93,0.42,2.14,8.65,91,91.79,149
4763,材料*-KY,化學工業,24.57,13615644000.0,554157264.9572649,10.31,9214901870.513554,16.63,9.19,9.56,5.4,14.96,89.8,248.78,152.89,50.0,3.06,1.8,4.98,11.25,57,0.0,0
4764,雙鍵,化學工業,1.21,2876719000.0,2377453719.0082645,0.73,3443425473.1705813,1.45,144.51,238.02,42.31,280.33,61.35,406.48,209.54,308.0,0.68,0.2,1.32,8.24,99,209.41,184
4766,南寶,化學工業,20.26,23192505000.0,1144743583.4155972,10.77,24865468185.133266,21.72,15.61,8.61,11.82,20.43,256.73,443.74,338.95,368.5,0.92,0.7,1.2,0.0,0,46.17,58
4767,誠泰科技,化學工業,1.25,1012731000.0,810184800.0,0.58,877594636.3316046,1.08,15.31,13.62,8.88,22.5,9.59,24.3,16.54,27.5,0.6,0.35,0.88,33.55,51,0.92,8
4768,晶呈科技,化學工業,0.39,1033185000.0,2649192307.6923075,0.38,2725188180.1039243,1.03,319.83,1346.52,32.97,1379.49,33.96,1420.87,329.42,358.0,0.92,0.09,3.97,0.0,0,314.98,184
4770,上品,化學工業,10.2,4769392000.0,467587450.9803922,5.05,4929810386.432291,10.54,16.94,17.03,9.25,26.28,97.49,276.99,178.58,220.0,0.81,0.44,1.26,0.0,0,29.15,63
4771,望隼,化學生技醫療,12.71,3422496000.0,269275845.79071593,7.87,4520472543.560574,16.79,16.27,15.27,13.31,28.58,223.47,479.86,273.16,214.0,1.28,1.04,2.24,0.0,0,2.17,53
4772,台特化,化學工業,4.21,1762870000.0,418733966.74584323,4.22,6366565327.953216,15.2,81.45,59.23,53.93,113.16,819.74,1720.03,1238.01,283.0,4.37,2.9,6.08,15.54,74,70.23,183
4806,桂田文創,文化創意業,-0.19,84386000.0,0.0,0.0,198452783.87237763,0.0,0.0,0.0,0.0,0.0,0.0,0.0,0.0,10.1,0.0,0.0,0.0,20.0,10,79.19,92
4807,日成-KY,貿易百貨,-0.24,2110985000.0,0.0,0.0,2650109752.369977,0.0,302.23,456.44,8.56,465.0,0.0,0.0,0.0,38.1,0.0,0.0,0.0,106.84,120,17.35,182
4903,聯光通,通信網路業,1.02,1463911000.0,1435206862.745098,0.47,1734523354.4464266,1.21,106.76,467.36,21.93,489.29,26.54,592.04,129.18,40.6,3.18,0.65,14.58,129.05,100,113.0,169
4904,遠傳,通信網路業,3.82,108996963000.0,28533236387.434555,2.04,119760971998.92982,4.2,25.29,6.81,22.11,28.92,92.86,121.46,106.2,103.0,1.03,0.9,1.18,3.54,74,8.4,123
4907,富宇,建材營造,1.24,3212506000.0,2590730645.16129,0.93,3626835766.786601,1.4,15.33,36.85,5.8,42.65,8.12,59.71,21.46,42.15,0.51,0.19,1.42,60.81,24,18.46,170
4563,百德,電機機械,-2.67,2857967000.0,0.0,0.0,2311012957.5818577,0.0,27.48,34.51,14.7,49.21,0.0,0.0,0.0,43.5,0.0,0.0,0.0,105.65,91,6.12,25
4562,穎漢,電機機械,-1.28,747282000.0,0.0,0.0,610706797.2929155,0.0,0.0,0.0,0.0,0.0,0.0,0.0,0.0,35.9,0.0,0.0,0.0,10.96,42,4.95,11
4561,健椿,電機機械,0.66,945579000.0,1432695454.5454545,0.43,1060284764.6101876,0.74,33.33,76.82,11.93,88.75,8.83,65.68,24.67,43.95,0.56,0.2,1.49,49.73,57,21.77,42
4169,泰宗,生技醫療業,0.32,0.0,0.0,0.0,0.0,0.0,522.52,309.37,453.13,762.5,0.0,0.0,0.0,244.0,0.0,0.0,0.0,8.74,93,235.34,136
4171,瑞基,農業科技業,-1.94,221826000.0,0.0,0.0,245240605.36152747,0.0,0.0,0.0,0.0,0.0,0.0,0.0,0.0,17.2,0.0,0.0,0.0,0.0,0,29.9,114
4173,久裕,生技醫療業,1.16,1518675000.0,1309202586.2068965,0.61,1632377393.8528223,1.25,17.51,7.02,14.73,21.75,18.41,27.19,21.89,18.25,1.2,1.01,1.49,3.92,7,12.92,79
4174,浩鼎,生技醫療業,-15.61,59036000.0,0.0,0.0,33909866.38442542,0.0,0.0,0.0,0.0,0.0,0.0,0.0,0.0,29.95,0.0,0.0,0.0,38.32,52,8.26,29
4175,杏一,生技醫療業,3.69,7998459000.0,2167604065.0406504,1.85,7972292893.036928,3.68,62.4,171.14,13.48,184.62,49.61,679.4,229.62,53.5,4.29,0.93,12.7,5.26,14,1.59,1
4178,永笙-KY,化學生技醫療,-0.92,0.0,0.0,0.0,0.0,0.0,0.0,0.0,0.0,0.0,0.0,0.0,0.0,18.6,0.0,0.0,0.0,0.0,0,30.51,183
4183,福永生技,生技醫療業,-0.33,508694000.0,0.0,0.0,334033529.6927336,0.0,32.62,59.88,15.66,75.54,0.0,0.0,0.0,14.6,0.0,0.0,0.0,0.0,0,0.48,25
4188,安克,生技醫療業,-0.88,37034000.0,0.0,0.0,23383088.811294977,0.0,0.0,0.0,0.0,0.0,0.0,0.0,0.0,11.1,0.0,0.0,0.0,0.0,0,6.94,60
4190,佐登-KY,化學生技醫療,-1.59,2247934000.0,0.0,0.0,2214506739.9429793,0.0,16.77,0.0,16.77,16.77,0.0,0.0,0.0,26.05,0.0,0.0,0.0,10.06,112,5.11,7
4192,杏國,生技醫療業,-1.3,27417000.0,0.0,0.0,26050993.992932864,0.0,3519.41,365.0,3340.0,3705.0,0.0,0.0,0.0,21.3,0.0,0.0,0.0,0.0,0,0.0,0
4195,基米-創,創新板股票,-0.54,0.0,0.0,0.0,0.0,0.0,0.0,0.0,0.0,0.0,0.0,0.0,0.0,17.45,0.0,0.0,0.0,11.88,9,57.26,67
4198,欣大健康,生技醫療業,-1.97,196995000.0,0.0,0.0,140398062.62413108,0.0,7.78,4.67,6.71,11.38,0.0,0.0,0.0,41.8,0.0,0.0,0.0,0.0,0,1.07,11
4205,中華食,食品工業,4.23,2048169000.0,484200709.2198581,2.08,2075763021.8537872,4.29,20.14,6.53,17.61,24.14,75.55,103.56,86.4,73.3,1.18,1.03,1.41,0.85,8,1.98,7
4207,環泰,食品工業,1.76,5176930000.0,2941437500.0,0.95,5394554309.553163,1.83,13.49,6.72,9.57,16.29,17.51,29.81,24.69,20.0,1.23,0.88,1.49,0.84,3,22.36,133
4303,信立,塑膠工業,11.14,980754000.0,88038958.70736086,5.57,1043261992.7808322,11.85,7.1,13.22,2.66,15.88,31.52,188.18,84.17,47.2,1.78,0.67,3.99,29.62,147,19.81,10
4304,勝昱,塑膠工業,-1.16,342667000.0,0.0,0.0,347931799.5722986,0.0,0.0,0.0,0.0,0.0,0.0,0.0,0.0,18.8,0.0,0.0,0.0,46.96,44,247.78,175
4305,世坤,塑膠工業,3.83,1088255000.0,284139686.6840731,1.8,1015379191.4605008,3.57,12.18,4.37,10.43,14.8,37.24,52.84,43.47,42.9,1.01,0.87,1.23,0.84,88,5.86,22
4168,醣聯,生技醫療業,-2.16,33600000.0,0.0,0.0,20768646.464646462,0.0,0.0,0.0,0.0,0.0,0.0,0.0,0.0,26.35,0.0,0.0,0.0,0.0,0,19.36,70
4166,友霖,生技醫療業,0.9,734964000.0,816626666.6666666,0.0,0.0,0.0,47.54,52.14,26.33,78.47,0.0,0.0,0.0,25.9,0.0,0.0,0.0,63.39,121,0.0,0
4130,健亞,生技醫療業,0.11,494127000.0,4492063636.363636,0.05,439858381.3717547,0.1,164.95,296.83,71.17,368.0,7.12,36.8,16.49,28.35,0.58,0.25,1.3,0.0,0,66.23,184
4131,浩泰,生技醫療業,-0.77,221004000.0,0.0,0.0,303354277.8355003,0.0,0.0,0.0,0.0,0.0,0.0,0.0,0.0,32.9,0.0,0.0,0.0,7.19,1,0.0,0
4133,亞諾法,化學生技醫療,-0.02,352143000.0,0.0,0.0,342929693.42588764,0.0,234.46,945.2,21.47,966.67,0.0,0.0,0.0,21.2,0.0,0.0,0.0,0.0,0,7.14,32
4137,麗豐-KY,化學生技醫療,7.13,3840036000.0,538574474.053296,3.6,4103537438.550412,7.62,16.63,11.25,11.09,22.34,84.51,170.23,126.7,96.5,1.31,0.88,1.76,0.0,0,10.73,50
4138,曜亞,生技醫療業,4.0,1384713000.0,346178250.0,1.99,1388709909.0752707,4.01,15.06,6.31,12.51,18.82,50.17,75.47,60.41,51.9,1.16,0.97,1.45,0.93,3,3.78,53
4139,馬光-KY,生技醫療業,-1.55,1092563000.0,0.0,0.0,1083558413.9383376,0.0,70.05,74.47,50.53,125.0,0.0,0.0,0.0,24.75,0.0,0.0,0.0,21.36,88,4.32,29
4142,國光生,化學生技醫療,-0.57,1425470000.0,0.0,0.0,1509150237.6764784,0.0,253.57,0.0,253.57,253.57,0.0,0.0,0.0,17.95,0.0,0.0,0.0,1.55,15,32.21,130
4147,中裕,生技醫療業,-0.61,584770000.0,0.0,0.0,668655742.4438947,0.0,0.0,0.0,0.0,0.0,0.0,0.0,0.0,72.2,0.0,0.0,0.0,13.02,184,0.23,10
4148,全宇生技-KY,化學生技醫療,2.31,2922708000.0,1265241558.4415584,1.14,3371480074.5285416,2.66,23.09,21.79,13.66,35.45,36.34,94.3,61.41,30.85,1.99,1.18,3.06,11.94,130,0.0,0
4153,鈺緯,生技醫療業,1.53,856515000.0,559813725.4901961,1.01,918549942.4375355,1.64,25.42,20.37,19.32,39.69,31.68,65.09,41.69,31.3,1.33,1.01,2.08,8.14,72,2.57,14
4155,訊映,化學生技醫療,0.58,1624178000.0,2800306896.5517244,0.27,1409965160.9382625,0.5,62.6,174.55,17.95,192.5,8.98,96.25,31.3,15.7,1.99,0.57,6.13,4.86,9,3.12,43
4157,太景*-KY,生技醫療業,0.06,39059000.0,650983333.3333334,0.37,378959229.80546,0.58,79.93,152.8,39.7,192.5,23.03,111.65,46.36,9.2,5.04,2.5,12.14,1.34,85,74.71,184
4160,訊聯基因,生技醫療業,0.81,583563000.0,720448148.1481481,0.46,644611085.1420268,0.89,55.28,88.23,23.17,111.4,20.62,99.15,49.2,40.55,1.21,0.51,2.45,14.45,10,22.3,21
4161,聿新科,生技醫療業,1.27,843016000.0,663792125.984252,0.81,969263969.6050979,1.46,18.98,11.41,13.87,25.28,20.25,36.91,27.71,23.45,1.18,0.86,1.57,8.62,91,7.18,43
4162,智擎,生技醫療業,2.69,2517404000.0,935837918.2156134,0.56,633571222.1787236,0.68,19.18,48.16,5.01,53.17,3.41,36.16,13.04,63.6,0.21,0.05,0.57,5.97,128,6.13,29
4163,鐿鈦,生技醫療業,5.13,2386847000.0,465272319.68810916,2.77,2556834043.113073,5.5,22.42,12.27,17.49,29.76,96.2,163.68,123.29,125.0,0.99,0.77,1.31,0.41,52,0.47,50
4164,承業醫,化學生技醫療,0.98,4406696000.0,4496628571.428572,0.55,5363996906.534007,1.19,36.08,35.14,18.44,53.58,21.94,63.76,42.94,29.5,1.46,0.74,2.16,0.0,0,17.63,52
4167,松瑞藥,生技醫療業,1.72,1139892000.0,662727906.9767442,0.81,1103229449.7996674,1.66,27.28,65.43,10.78,76.21,17.89,126.51,45.29,21.2,2.14,0.84,5.97,0.0,0,1.32,10
4306,炎洲,塑膠工業,0.27,13142952000.0,48677600000.0,0.15,15384791161.256771,0.32,27.97,47.44,10.16,57.6,3.25,18.43,8.95,16.45,0.54,0.2,1.12,4.36,3,2.22,42
4401,東隆興,紡織纖維,0.73,3932210000.0,5386589041.095891,0.35,3890275787.696488,0.72,31.02,123.91,13.87,137.78,9.99,99.2,22.34,15.45,1.45,0.65,6.42,11.74,73,12.7,79
4402,郡都開發,紡織纖維,-0.13,23142000.0,0.0,0.0,18999767.310409795,0.0,213.29,108.88,168.0,276.88,0.0,0.0,0.0,16.9,0.0,0.0,0.0,55.18,42,15.97,59
4534,慶騰,電機機械,0.0,801825000.0,0.0,0.0,952709404.9429051,0.0,964.56,2934.13,70.87,3005.0,0.0,0.0,0.0,36.1,0.0,0.0,0.0,11.11,57,27.47,39
4535,至興,電機機械,1.3,2572197000.0,1978613076.9230769,0.64,2394866150.287647,1.21,16.52,15.81,12.11,27.92,14.65,33.78,19.99,28.2,0.71,0.52,1.2,8.54,72,7.48,11
4538,大詠城,電機機械,0.29,363369000.0,1252996551.724138,0.15,461627053.82075995,0.37,69.19,86.77,22.05,108.82,8.16,40.26,25.6,18.7,1.37,0.44,2.15,20.65,67,3.93,85
4540,全球傳動,電機機械,-0.66,2576441000.0,0.0,0.0,3492479655.440525,0.0,12.18,0.0,12.18,12.18,0.0,0.0,0.0,63.8,0.0,0.0,0.0,72.29,175,37.78,52
4541,晟田,其他,2.03,1593892000.0,785168472.906404,1.25,2072443968.0465472,2.64,668.38,3720.64,19.36,3740.0,51.11,9873.6,1764.52,66.7,26.45,0.77,148.03,25.6,175,47.31,59
4542,科嶠,電子零組件業,1.28,702589000.0,548897656.25,0.86,884133261.9728168,1.61,233.19,1132.84,27.16,1160.0,43.73,1867.6,375.44,434.5,0.86,0.1,4.3,24.86,101,57.5,172
4543,萬在,電機機械,0.53,783259000.0,1477847169.8113208,0.32,975447080.218388,0.66,40.16,105.55,11.12,116.67,7.34,77.0,26.51,36.8,0.72,0.2,2.09,0.0,0,19.51,169
4545,銘鈺,電子工業,0.18,2391456000.0,13285866666.666668,0.09,2248629761.6069922,0.17,99.24,412.88,11.62,424.5,1.98,72.17,16.87,39.75,0.42,0.05,1.82,19.81,108,39.18,165
4549,桓達,電機機械,3.34,1266495000.0,379190119.76047903,1.46,1086178938.9256022,2.86,31.17,28.53,21.47,50.0,61.4,143.0,89.16,103.0,0.87,0.6,1.39,51.0,175,7.78,53
4550,長佳,電機機械,1.34,907487000.0,677229104.4776119,0.64,926734110.6715009,1.37,10.96,11.13,7.83,18.96,10.73,25.98,15.02,25.1,0.6,0.43,1.04,0.0,0,5.05,179
4551,智伸科,汽車工業,6.04,7704684000.0,1275609933.7748344,4.15,9153763729.070278,7.18,19.97,32.68,9.6,42.28,68.93,303.57,143.39,282.0,0.51,0.24,1.08,35.55,66,31.3,39
4552,力達-KY,電機機械,2.07,3459013000.0,1671020772.94686,0.99,3267517626.4843516,1.96,12.57,12.05,7.82,19.87,15.33,38.95,24.64,20.0,1.23,0.77,1.95,0.0,0,10.11,31
4554,橙的,其他電子類,2.15,496777000.0,231059069.76744187,1.07,515072045.44882184,2.23,18.69,28.16,12.0,40.16,26.76,89.56,41.68,32.15,1.3,0.83,2.79,0.0,0,11.62,30
4555,氣立,電機機械,0.19,1588876000.0,8362505263.157895,0.12,1769097225.9866579,0.21,200.1,236.35,16.26,252.61,3.41,53.05,42.02,50.4,0.83,0.07,1.05,1.83,3,47.89,56
4556,旭然,其他,0.92,674327000.0,732964130.4347826,0.47,718548305.1565177,0.98,137.03,441.8,28.91,470.71,28.33,461.3,134.29,82.6,1.63,0.34,5.58,20.31,14,5.47,35
4557,永新-KY,汽車工業,-0.34,4059621000.0,0.0,0.0,3051511889.2265997,0.0,53.25,259.7,6.97,266.67,0.0,0.0,0.0,50.2,0.0,0.0,0.0,30.8,140,0.0,0
4558,寶緯,電機機械,-0.39,1558915000.0,0.0,0.0,1653669095.6936119,0.0,362.06,1997.71,22.29,2020.0,0.0,0.0,0.0,18.3,0.0,0.0,0.0,58.1,123,16.43,31
4560,強信-KY,電機機械,3.02,1718464000.0,569027814.5695364,1.67,1846337810.2552216,3.24,16.83,18.13,10.71,28.84,34.7,93.44,54.53,34.1,1.6,1.02,2.74,0.0,0,1.02,2
4533,協易機,電機機械,0.2,3938898000.0,19694490000.0,0.1,3865152759.759138,0.2,165.8,1696.44,16.06,1712.5,3.21,342.5,33.16,30.85,1.07,0.1,11.1,3.4,8,0.0,0
4532,瑞智,電機機械,2.05,20554212000.0,10026444878.04878,1.2,19910429356.89857,1.99,13.1,7.46,10.33,17.79,20.56,35.4,26.07,28.85,0.9,0.71,1.23,7.24,24,1.01,52
4529,淳紳,其他,-0.74,5459000.0,0.0,0.0,15317641.59941306,0.0,0.0,0.0,0.0,0.0,0.0,0.0,0.0,4.47,0.0,0.0,0.0,0.0,0,0.0,0
4406,新昕纖,紡織纖維,-1.08,492484000.0,0.0,0.0,219514052.9018263,0.0,0.0,0.0,0.0,0.0,0.0,0.0,0.0,9.96,0.0,0.0,0.0,2.75,91,0.0,0
4413,飛寶企業,紡織纖維,0.53,797445000.0,1504613207.5471697,0.21,805206683.7653705,0.54,82.58,302.95,15.38,318.33,8.31,171.9,44.59,14.9,2.99,0.56,11.54,0.0,0,3.63,18
4414,如興,紡織纖維,0.65,14392916000.0,22142947692.30769,0.32,14018151310.363487,0.63,15.55,44.37,2.88,47.25,1.81,29.77,9.8,9.01,1.09,0.2,3.3,33.33,8,15.11,56
4416,三圓,建材營造,-0.64,1096928000.0,0.0,0.0,4299530966.161073,0.0,536.68,980.84,11.66,992.5,0.0,0.0,0.0,11.0,0.0,0.0,0.0,9.01,57,0.0,0
4417,金洲,紡織纖維,6.13,3526922000.0,575354323.0016314,2.77,3191839333.1015363,5.55,9.36,4.21,7.52,11.73,41.74,65.1,51.94,48.45,1.07,0.86,1.34,6.87,158,22.94,128
4420,光明,紡織纖維,5.52,1018773000.0,184560326.08695653,3.1,957812230.0637684,5.19,8.27,51.25,1.1,52.35,5.71,271.7,42.93,37.0,1.16,0.15,7.34,18.35,57,2.01,10
4426,利勤,紡織纖維,-2.93,875169000.0,0.0,0.0,884187772.2374892,0.0,0.0,0.0,0.0,0.0,0.0,0.0,0.0,8.52,0.0,0.0,0.0,0.92,4,5.16,58
4430,耀億,其他,-0.19,2072039000.0,0.0,0.0,2098396829.846458,0.0,0.0,0.0,0.0,0.0,0.0,0.0,0.0,17.3,0.0,0.0,0.0,14.92,120,0.76,4
4432,銘旺實,紡織纖維,0.88,1113575000.0,1265426136.3636363,0.34,949499707.4294968,0.75,14.37,28.22,4.55,32.77,3.41,24.58,10.78,16.6,0.65,0.21,1.48,9.01,56,9.7,28
4433,興采,紡織纖維,1.06,3437293000.0,3242729245.2830186,0.48,3156023885.6589985,0.97,128.9,474.9,16.77,491.67,16.27,476.92,125.03,21.55,5.8,0.75,22.13,1.2,24,0.52,8
4438,廣越,紡織纖維,3.06,19317257000.0,6312829084.96732,1.14,20347028217.261837,3.22,27.1,46.04,14.48,60.52,46.63,194.87,87.25,62.6,1.39,0.74,3.11,0.0,0,8.26,140
4440,宜新實業,紡織纖維,1.14,1056073000.0,926379824.5614036,0.63,1272443877.5212934,1.37,16.05,16.74,9.63,26.37,13.19,36.13,21.99,18.25,1.2,0.72,1.98,3.72,100,34.55,102
4441,振大環球,紡織纖維,14.72,4114059000.0,279487703.8043478,0.0,0.0,0.0,18.56,12.38,13.01,25.39,0.0,0.0,0.0,190.0,0.0,0.0,0.0,41.57,107,27.37,119
4442,竣邦-KY,紡織纖維,5.25,1675561000.0,319154476.1904762,3.28,1850804043.1730993,5.8,13.89,11.95,10.5,22.45,60.9,130.21,80.56,50.4,1.6,1.21,2.58,47.39,151,50.37,135
4502,健信,電機機械,-1.52,967569000.0,0.0,0.0,1089453558.5815444,0.0,81.11,107.53,35.8,143.33,0.0,0.0,0.0,15.75,0.0,0.0,0.0,6.23,45,8.05,36
4503,金雨,電機機械,1.37,678367000.0,495158394.1605839,0.69,830687211.6048616,1.68,80.98,153.14,16.86,170.0,28.32,285.6,136.05,46.1,2.95,0.61,6.2,0.0,0,18.82,37
4506,崇友,電機機械,6.52,6147778000.0,942910736.1963191,3.47,6389763819.352755,6.78,19.28,5.31,16.81,22.12,113.97,149.97,130.73,122.5,1.07,0.93,1.22,0.47,8,17.26,85
4510,高鋒,電機機械,-1.02,1581975000.0,0.0,0.0,2148517192.001337,0.0,41.44,36.56,22.96,59.52,0.0,0.0,0.0,44.1,0.0,0.0,0.0,133.83,57,19.35,42
4513,福裕,電機機械,-1.79,1018902000.0,0.0,0.0,1399319935.378579,0.0,61.95,58.69,37.83,96.52,0.0,0.0,0.0,16.65,0.0,0.0,0.0,114.21,45,20.36,73
4523,永彰,電機機械,22.27,612079000.0,27484463.403682083,20.46,946188996.2228155,34.43,1.33,0.45,1.14,1.59,39.25,54.74,45.7,27.1,1.69,1.45,2.02,0.2,8,11.02,122
4526,東台,電機機械,1.82,5453188000.0,2996257142.857143,0.9,4783214158.195372,1.6,45.17,50.5,15.2,65.7,24.32,105.12,72.27,41.0,1.76,0.59,2.56,18.24,73,51.32,42
4527,方土霖,電機機械,3.4,3024592000.0,889585882.3529412,1.87,3282617497.9371147,3.69,12.21,6.55,9.33,15.88,34.43,58.6,45.06,39.65,1.14,0.87,1.48,44.18,108,1.13,7
4528,江興鍛,電機機械,-0.32,1570974000.0,0.0,0.0,1511738962.8901343,0.0,486.81,2310.56,44.44,2355.0,0.0,0.0,0.0,15.75,0.0,0.0,0.0,4.58,39,0.0,0
4439,冠星-KY,紡織纖維,7.73,6940476000.0,897862354.4631306,4.17,7554770792.48101,8.41,26.09,47.78,10.6,58.38,89.15,490.98,219.43,91.1,2.41,0.98,5.39,0.91,1,10.88,140
3374,精材,半導體業,4.99,7099998000.0,1422845290.5811622,2.82,9051161080.953394,6.36,32.8,44.44,18.21,62.65,115.82,398.45,208.63,322.0,0.65,0.36,1.24,34.78,52,14.68,184
3372,典範,半導體業,-1.22,1065971000.0,0.0,0.0,1409760707.0278232,0.0,0.0,0.0,0.0,0.0,0.0,0.0,0.0,21.3,0.0,0.0,0.0,0.0,0,83.72,175
2762,世界健身-KY,運動休閒,3.75,10884710000.0,2902589333.3333335,1.98,11921524602.871847,4.11,26.89,22.03,14.94,36.97,61.4,151.95,110.5,83.4,1.32,0.74,1.82,23.46,114,10.34,105
2801,彰銀,金融保險,1.51,45006999000.0,29805959602.649006,0.83,51666342685.07807,1.73,13.94,8.24,12.33,20.57,21.33,35.59,24.11,23.5,1.03,0.91,1.51,1.06,4,7.09,168
2812,台中銀,金融保險,1.53,20382325000.0,13321781045.751635,0.87,24768315567.71423,1.86,13.38,4.27,11.43,15.7,21.26,29.2,24.88,20.55,1.21,1.03,1.42,5.0,10,6.47,30
2816,旺旺保,金融保險,4.66,11080464000.0,2377781974.248927,3.47,17485589308.17932,7.35,6.62,4.02,4.82,8.84,35.43,64.97,48.67,35.25,1.38,1.01,1.84,4.34,9,14.23,147
2820,華票,金融保險,1.34,2927811000.0,2184933582.089552,0.96,4999000028.191761,2.29,14.46,5.92,10.99,16.91,25.17,38.72,33.12,17.1,1.94,1.47,2.26,0.65,154,11.76,65
2832,台產,金融保險,3.91,7271628000.0,1859751406.6496162,2.66,10373217573.610708,5.58,10.4,8.27,8.34,16.61,46.54,92.68,58.03,56.9,1.02,0.82,1.63,10.36,50,79.02,143
2834,臺企銀,金融保險,1.26,35009065000.0,27784972222.22222,0.64,37357688788.12529,1.34,12.56,5.34,10.53,15.87,14.11,21.27,16.82,18.0,0.93,0.78,1.18,0.0,0,5.4,16
2836,高雄銀,金融保險,0.68,4981646000.0,7325949999.999999,0.35,5440418437.633833,0.74,21.2,13.06,15.74,28.8,11.65,21.31,15.69,12.55,1.25,0.93,1.7,3.11,2,2.86,4
2836A,高雄銀甲特,金融保險,0.0,0.0,0.0,0.0,0.0,0.0,0.0,0.0,0.0,0.0,0.0,0.0,0.0,24.75,0.0,0.0,0.0,3.7,184,5.29,164
2838,聯邦銀,金融保險,1.29,20088744000.0,15572669767.44186,0.75,25914866868.889503,1.66,14.51,4.7,12.44,17.14,20.65,28.45,24.08,23.6,1.02,0.87,1.21,2.1,4,12.81,108
2838A,聯邦銀甲特,金融保險,0.0,0.0,0.0,0.0,0.0,0.0,0.0,0.0,0.0,0.0,0.0,0.0,0.0,52.3,0.0,0.0,0.0,3.88,172,0.72,3
2845,遠東銀,金融保險,0.93,12771715000.0,13733026881.720428,0.51,14768925124.908157,1.08,13.98,4.83,11.63,16.46,12.56,17.78,15.1,13.3,1.14,0.94,1.34,0.0,0,7.25,42
2849,安泰銀,金融保險,0.79,5702683000.0,7218586075.949367,0.44,6725328330.396926,0.93,18.24,9.74,12.32,22.06,11.46,20.52,16.96,14.6,1.16,0.78,1.41,0.33,9,1.45,1
2850,新產,金融保險,12.28,21479434000.0,1749139576.5472314,8.05,29214754068.48451,16.7,10.04,4.58,6.85,11.43,114.4,190.88,167.73,147.5,1.14,0.78,1.29,16.68,163,22.85,163
2851,中再保,金融保險,3.66,22564473000.0,6165156557.3770485,2.24,31437408272.952892,5.1,9.15,7.41,6.3,13.71,32.13,69.92,46.66,39.1,1.19,0.82,1.79,7.99,53,18.44,148
2852,第一保,金融保險,2.92,7517297000.0,2574416780.821918,1.78,9350310917.272,3.63,8.94,2.7,7.57,10.27,27.48,37.28,32.45,27.05,1.2,1.02,1.38,4.91,150,0.0,0
2855,統一證,金融保險,3.0,12942411000.0,4314137000.0,3.7,51518035848.03362,11.94,11.34,13.31,6.65,19.96,79.4,238.32,135.36,52.2,2.59,1.52,4.57,0.0,0,11.95,150
2867,三商壽,金融保險,0.2,94802262000.0,474011310000.0,0.12,147397667353.99634,0.31,56.27,104.37,13.63,118.0,4.23,36.58,17.44,8.74,2.0,0.48,4.19,14.15,4,61.77,172
2880,華南金,金融保險,1.9,68970569000.0,36300299473.68421,1.07,85606327024.10753,2.36,16.87,6.75,14.3,21.05,33.75,49.68,39.81,38.25,1.04,0.88,1.3,3.27,24,13.71,172
2881,富邦金,金融保險,8.37,378273064000.0,45193914456.39188,4.27,601619543778.2937,13.31,11.58,13.44,5.61,19.05,74.67,253.56,154.06,121.5,1.27,0.61,2.09,9.3,56,19.76,168
2751,王座,觀光餐旅,4.57,1733655000.0,379355579.86870897,2.65,2335926664.6356764,6.16,14.8,7.22,10.9,18.12,67.14,111.62,91.14,53.2,1.71,1.26,2.1,1.38,1,23.39,64
2646,星宇航空,航運業,0.08,43455568000.0,543194600000.0,0.05,54753873682.51718,0.1,134.54,221.02,46.2,267.22,4.62,26.72,13.45,21.35,0.63,0.22,1.25,11.91,101,2.33,36
2881A,富邦特,金融保險,0.0,0.0,0.0,0.0,0.0,0.0,0.0,0.0,0.0,0.0,0.0,0.0,0.0,61.9,0.0,0.0,0.0,0.63,10,1.43,122
2881C,富邦金丙特,金融保險,0.0,0.0,0.0,0.0,0.0,0.0,0.0,0.0,0.0,0.0,0.0,0.0,0.0,50.8,0.0,0.0,0.0,0.0,0,4.44,59
2910,統領,貿易百貨,1.23,534053000.0,434189430.8943089,0.62,522833611.8349105,1.2,20.02,35.24,16.71,51.95,20.05,62.34,24.02,22.35,1.07,0.9,2.79,8.47,49,0.69,4
2911,麗嬰房,貿易百貨,2.15,2396308000.0,1114561860.4651163,0.8,1625903624.698795,1.46,2.2,1.3,1.44,2.74,2.1,4.0,3.22,7.83,0.41,0.27,0.51,37.3,91,11.46,179
2912,統一超,貿易百貨,10.78,349361674000.0,32408318552.875698,5.57,366056867747.8357,11.3,23.12,13.93,18.82,32.75,212.67,370.08,261.31,240.0,1.09,0.89,1.54,8.21,78,2.09,7
2913,農林,貿易百貨,-0.15,478252000.0,0.0,0.0,423809993.81735766,0.0,0.0,0.0,0.0,0.0,0.0,0.0,0.0,11.25,0.0,0.0,0.0,1.75,9,0.0,0
2915,潤泰全,貿易百貨,9.3,2699478000.0,290266451.6129032,3.05,1608944490.8867338,5.54,6.47,7.19,3.89,11.08,21.55,61.38,35.83,52.4,0.68,0.41,1.17,15.49,9,0.18,168
2923,鼎固-KY,建材營造,-3.62,3198488000.0,0.0,0.0,12578522120.887688,0.0,63.52,68.01,24.43,92.44,0.0,0.0,0.0,26.9,0.0,0.0,0.0,26.59,84,1.94,1
2926,誠品生活,文化創意業,0.54,6956487000.0,12882383333.333332,0.28,7369605933.45021,0.57,84.42,154.54,41.39,195.93,23.59,111.68,48.12,33.2,1.45,0.71,3.36,0.0,0,2.21,4
2929,淘帝-KY,貿易百貨,-1.68,1848650000.0,0.0,0.0,1599920724.2029583,0.0,55.27,69.03,35.26,104.29,0.0,0.0,0.0,5.9,0.0,0.0,0.0,50.94,149,10.93,23
3373,熱映,其他電子類,-1.35,404178000.0,0.0,0.0,386725447.2595729,0.0,0.0,0.0,0.0,0.0,0.0,0.0,0.0,16.9,0.0,0.0,0.0,0.0,0,5.64,28
2939,永邑-KY,貿易百貨,-3.68,313675000.0,0.0,0.0,265193618.92044255,0.0,0.0,0.0,0.0,0.0,0.0,0.0,0.0,19.5,0.0,0.0,0.0,47.03,77,0.0,0
2941,米斯特,居家生活類,2.36,936342000.0,396755084.7457627,1.19,924268019.3600509,2.33,18.56,15.86,10.88,26.74,25.35,62.3,43.25,35.05,1.23,0.72,1.78,0.0,0,0.0,0
2945,三商家購,貿易百貨,2.14,14731084000.0,6883684112.149532,1.24,17625730657.242767,2.56,19.86,7.91,17.15,25.06,43.9,64.15,50.84,42.0,1.21,1.05,1.53,0.9,2,0.0,0
2948,寶陞,居家生活類,2.17,2162553000.0,996568202.764977,1.07,2096605912.7237132,2.1,19.8,9.52,15.91,25.43,33.41,53.4,41.58,38.6,1.08,0.87,1.38,0.93,11,0.0,0
2949,欣新網,數位雲端類,3.99,5647538000.0,1415423057.6441102,2.11,6772374490.32615,4.78,20.52,12.51,14.44,26.95,69.02,128.82,98.07,75.0,1.31,0.92,1.72,5.71,141,0.0,0
3002,歐格,電子工業,0.35,693459000.0,1981311428.5714288,0.2,848532752.3471279,0.43,101.39,265.23,44.77,310.0,19.25,133.3,43.6,21.65,2.01,0.89,6.16,2.11,7,115.87,123
3003,健和興,電子工業,0.98,4364959000.0,4454039795.918367,0.61,5498946336.981041,1.23,28.77,57.64,11.86,69.5,14.59,85.48,35.39,66.3,0.53,0.22,1.29,27.89,70,12.62,77
3004,豐達科,鋼鐵工業,5.85,3988571000.0,681807008.5470086,4.39,5281507911.946722,7.75,17.51,19.03,10.84,29.87,84.01,231.49,135.72,159.5,0.85,0.53,1.45,0.0,0,15.83,58
2908,特力,貿易百貨,0.23,34350128000.0,149348382608.69565,0.12,35456636182.680695,0.24,68.98,146.16,14.22,160.38,3.41,38.49,16.56,21.4,0.77,0.16,1.8,1.45,3,3.79,31
2881B,富邦金乙特,金融保險,0.0,0.0,0.0,0.0,0.0,0.0,0.0,0.0,0.0,0.0,0.0,0.0,0.0,60.9,0.0,0.0,0.0,1.85,176,1.63,112
2906,高林,貿易百貨,0.47,8788364000.0,18698646808.51064,0.24,8916919647.482784,0.48,31.21,12.21,25.0,37.21,12.0,17.86,14.98,14.25,1.05,0.84,1.25,1.79,3,0.65,4
2904,匯僑,其他,0.98,483900000.0,493775510.20408165,0.42,395720344.01346415,0.8,16.48,13.99,11.81,25.8,9.45,20.64,13.18,13.95,0.94,0.68,1.48,0.0,0,0.28,2
2882,國泰金,金融保險,7.06,350182831000.0,49600967563.73938,3.11,338787157792.02795,6.83,11.87,12.02,5.51,17.53,37.63,119.73,81.08,93.4,0.87,0.4,1.28,12.52,161,24.11,169
2882A,國泰特,金融保險,0.0,0.0,0.0,0.0,0.0,0.0,0.0,0.0,0.0,0.0,0.0,0.0,0.0,60.0,0.0,0.0,0.0,1.66,101,0.49,51
2882B,國泰金乙特,金融保險,0.0,0.0,0.0,0.0,0.0,0.0,0.0,0.0,0.0,0.0,0.0,0.0,0.0,58.8,0.0,0.0,0.0,3.98,157,0.5,17
2883,凱基金,金融保險,1.74,69242451000.0,39794512068.965515,1.37,164533805198.25748,4.13,11.82,9.67,7.75,17.42,32.01,71.94,48.83,29.0,1.68,1.1,2.48,13.35,157,16.39,168
2883B,凱基金乙特,金融保險,0.0,0.0,0.0,0.0,0.0,0.0,0.0,0.0,0.0,0.0,0.0,0.0,0.0,7.99,0.0,0.0,0.0,8.84,126,5.2,168
2884,玉山金,金融保險,2.12,90758158000.0,42810451886.79245,1.22,111807168087.11205,2.61,17.21,7.8,13.95,21.75,36.41,56.77,44.91,34.45,1.3,1.06,1.65,4.1,10,3.82,8
2885,元大金,金融保險,2.74,125092925000.0,45654352189.78102,2.07,216932961147.19498,4.75,14.48,12.01,9.16,21.17,43.51,100.56,68.78,68.4,1.01,0.64,1.47,7.83,183,28.73,169
2886,兆豐金,金融保險,2.36,81638284000.0,34592493220.33898,1.31,97061491115.55093,2.81,17.49,5.19,15.19,20.38,42.68,57.27,49.14,46.3,1.06,0.92,1.24,2.85,21,2.38,30
2887,台新新光金,金融保險,1.91,135353846000.0,70865887958.11519,1.44,302619504795.0507,4.27,15.02,15.93,9.93,25.86,42.4,110.42,64.12,34.3,1.87,1.24,3.22,4.62,21,33.33,165
2887E,台新新光戊特一,金融保險,0.0,0.0,0.0,0.0,0.0,0.0,0.0,0.0,0.0,0.0,0.0,0.0,0.0,48.8,0.0,0.0,0.0,1.38,175,0.0,0
2887F,台新新光戊特二,金融保險,0.0,0.0,0.0,0.0,0.0,0.0,0.0,0.0,0.0,0.0,0.0,0.0,0.0,46.1,0.0,0.0,0.0,2.84,182,3.49,176
2887G,台新新光庚特一,金融保險,0.0,0.0,0.0,0.0,0.0,0.0,0.0,0.0,0.0,0.0,0.0,0.0,0.0,42.4,0.0,0.0,0.0,11.66,182,11.66,182
2887H,台新新光庚特二,金融保險,0.0,0.0,0.0,0.0,0.0,0.0,0.0,0.0,0.0,0.0,0.0,0.0,0.0,40.6,0.0,0.0,0.0,11.06,180,11.06,180
2887I,台新新光辛特,金融保險,0.0,0.0,0.0,0.0,0.0,0.0,0.0,0.0,0.0,0.0,0.0,0.0,0.0,9.44,0.0,0.0,0.0,4.67,138,4.67,138
2887Z1,台新新光己特,金融保險,0.0,0.0,0.0,0.0,0.0,0.0,0.0,0.0,0.0,0.0,0.0,0.0,0.0,17.5,0.0,0.0,0.0,1.24,39,5.73,168
2889,國票金,金融保險,0.63,8459319000.0,13427490476.190475,0.5,18002207353.789352,1.34,25.72,19.61,15.82,35.43,21.2,47.48,34.47,15.2,2.27,1.39,3.12,0.0,0,9.87,1
2890,永豐金,金融保險,1.97,73621169000.0,37371151776.64975,1.37,110763780008.54764,2.96,14.45,8.71,10.91,19.62,32.29,58.08,42.77,41.0,1.04,0.79,1.42,2.06,7,19.35,168
2891,中信金,金融保險,4.08,237902628000.0,58309467647.05882,2.09,294115534641.4201,5.04,12.35,8.06,9.39,17.45,47.33,87.95,62.26,71.4,0.87,0.66,1.23,1.87,2,13.01,179
2891B,中信金乙特,金融保險,0.0,0.0,0.0,0.0,0.0,0.0,0.0,0.0,0.0,0.0,0.0,0.0,0.0,64.9,0.0,0.0,0.0,2.96,182,0.47,4
2891C,中信金丙特,金融保險,0.0,0.0,0.0,0.0,0.0,0.0,0.0,0.0,0.0,0.0,0.0,0.0,0.0,62.8,0.0,0.0,0.0,0.0,0,0.5,4
2892,第一金,金融保險,1.87,76661762000.0,40995594652.40642,1.0,87730449123.56523,2.14,15.79,4.08,13.48,17.56,28.85,37.58,33.79,33.05,1.02,0.87,1.14,2.97,21,3.89,30
2897,王道銀行,金融保險,0.61,9927851000.0,16275165573.770493,0.37,12943136108.648598,0.8,12.56,7.97,9.28,17.25,7.42,13.8,10.04,10.55,0.95,0.7,1.31,1.38,4,0.0,0
2897B,王道銀乙特,金融保險,0.0,0.0,0.0,0.0,0.0,0.0,0.0,0.0,0.0,0.0,0.0,0.0,0.0,11.85,0.0,0.0,0.0,3.88,156,0.42,2
2901,欣欣,貿易百貨,0.38,130775000.0,344144736.84210527,0.23,134879866.05426756,0.39,66.51,237.74,54.76,292.5,21.36,114.08,25.94,23.7,1.09,0.9,4.81,3.81,126,0.75,10
2903,遠百,貿易百貨,1.56,34266429000.0,21965659615.384613,0.74,33893156944.976536,1.54,14.92,13.57,12.58,26.15,19.37,40.27,22.98,22.55,1.02,0.86,1.79,0.0,0,12.44,142
2905,三商,貿易百貨,0.71,165658168000.0,233321363380.2817,0.4,125230574642.11671,0.54,29.14,41.09,7.61,48.7,4.11,26.3,15.74,15.25,1.03,0.27,1.72,25.6,38,35.18,154
2645,長榮航太,航運業,5.46,18258462000.0,3344040659.340659,2.92,19917471911.13616,5.96,25.44,28.45,17.47,45.92,104.12,273.68,151.6,238.0,0.64,0.44,1.15,0.0,0,93.78,58
2643,捷迅,航運業,6.3,8198219000.0,1301304603.1746032,2.67,7413227938.208287,5.7,11.61,3.23,10.48,13.71,59.74,78.15,66.2,62.1,1.07,0.96,1.26,2.04,9,7.05,157
2478,大毅,電子零組件業,3.45,5425300000.0,1572550724.637681,1.89,5961690375.702852,3.79,19.41,56.65,8.58,65.23,32.52,247.22,73.57,215.0,0.34,0.15,1.15,10.19,8,63.48,129
2480,敦陽科,資訊服務業,8.0,8422821000.0,1052852625.0,4.55,9368363342.610495,8.9,18.84,8.98,14.17,23.15,126.11,206.04,167.68,162.0,1.04,0.78,1.27,23.61,183,17.1,36
2481,強茂,半導體業,3.11,12976514000.0,4172512540.1929264,1.71,14448807265.47887,3.46,27.39,58.41,13.81,72.22,47.78,249.88,94.77,227.5,0.42,0.21,1.1,6.4,8,107.79,106
2482,連宇,其他電子業,-1.09,493731000.0,0.0,0.0,463416355.27475756,0.0,35.74,33.71,13.55,47.26,0.0,0.0,0.0,17.3,0.0,0.0,0.0,0.0,0,15.49,63
2483,百容,電子工業,0.6,1759470000.0,2932450000.0,0.41,2024176341.4384954,0.69,83.68,300.39,12.94,313.33,8.93,216.2,57.74,69.9,0.83,0.13,3.09,0.37,9,25.8,79
2484,希華,電子工業,0.66,2409420000.0,3650636363.6363635,0.32,2350523009.268002,0.64,36.97,118.31,11.96,130.27,7.65,83.37,23.66,95.8,0.25,0.08,0.87,0.0,0,17.28,112
2485,兆赫,通信網路業,-0.96,2424065000.0,0.0,0.0,4569272961.521713,0.0,1617.57,612.5,1305.0,1917.5,0.0,0.0,0.0,53.1,0.0,0.0,0.0,0.0,0,156.96,163
2486,一詮,光電業,0.22,5995655000.0,27252977272.727272,0.13,7243078546.556291,0.27,553.76,1399.76,25.24,1425.0,6.81,384.75,149.51,259.5,0.58,0.03,1.48,2.13,7,35.82,134
2488,漢平,其他電子業,4.56,3025797000.0,663551973.6842105,2.16,3040659271.498751,4.58,10.07,6.4,7.55,13.95,34.58,63.89,46.13,54.3,0.85,0.64,1.18,23.11,147,8.23,51
2489,瑞軒,光電業,1.23,24716288000.0,20094543089.430893,0.62,26645957901.359394,1.33,17.77,45.64,6.19,51.83,8.23,68.93,23.63,41.05,0.58,0.2,1.68,26.21,7,23.57,183
2491,吉祥全,光電業,1.42,177475000.0,124982394.36619718,0.69,167852237.62289038,1.34,25.71,51.76,5.74,57.5,7.69,77.05,34.45,39.45,0.87,0.19,1.95,0.0,0,153.0,164
2492,華新科,電子工業,4.74,36273718000.0,7652683122.362869,2.59,40463490632.02284,5.29,26.83,110.28,7.92,118.2,41.9,625.28,141.95,557.0,0.25,0.08,1.12,7.11,9,70.16,113
2493,揚博,電子工業,4.56,3731121000.0,818228289.4736843,2.4,3957365939.9926357,4.84,21.7,65.16,11.55,76.71,55.9,371.28,105.05,283.0,0.37,0.2,1.31,25.64,116,75.69,53
2477,美隆電,電子工業,1.68,2484147000.0,1478658928.5714285,0.71,2410045998.021235,1.63,17.6,36.04,12.06,48.1,19.66,78.4,28.69,22.2,1.29,0.89,3.53,70.16,113,35.32,51
2476,鉅祥,電子零組件業,4.36,7295984000.0,1673390825.6880732,2.72,9643180884.009377,5.76,21.56,19.84,11.83,31.67,68.14,182.42,124.2,136.0,0.91,0.5,1.34,0.9,3,68.1,65
2460,建通,電子工業,-2.99,3124587000.0,0.0,0.0,4779263379.903504,0.0,18.79,0.0,18.79,18.79,0.0,0.0,0.0,39.5,0.0,0.0,0.0,1.37,1,39.66,182
2461,光群雷,其他電子業,-0.61,5225852000.0,0.0,0.0,5453631132.333249,0.0,16.4,53.36,8.77,62.13,0.0,0.0,0.0,17.9,0.0,0.0,0.0,0.0,0,2.99,50
2462,良得電,電子工業,0.27,4119265000.0,15256537037.037037,0.13,3948707406.372884,0.26,61.42,358.46,12.25,370.71,3.18,96.38,15.97,24.15,0.66,0.13,3.99,0.0,0,17.83,74
2464,盟立,其他電子業,-0.83,6834567000.0,0.0,0.0,7360624554.067636,0.0,101.28,142.42,13.98,156.4,0.0,0.0,0.0,169.0,0.0,0.0,0.0,8.17,2,38.63,65
2465,麗臺,電子工業,0.42,5036165000.0,11990869047.619047,0.29,7427419944.511349,0.62,110.56,223.11,6.38,229.49,3.96,142.28,68.54,75.5,0.91,0.05,1.88,3.73,8,35.08,101
2466,冠西電,光電業,0.23,974812000.0,4238313043.4782605,0.07,699853879.2974231,0.17,83.64,246.49,27.68,274.17,4.71,46.61,14.22,94.8,0.15,0.05,0.49,131.58,184,2.82,3
2467,志聖,電子工業,5.49,5932149000.0,1080537158.4699454,4.42,10106035744.470217,9.35,49.63,101.82,9.92,111.74,92.75,1044.77,464.06,655.0,0.71,0.14,1.6,27.55,51,87.58,182
2468,華經,資訊服務業,1.25,2725131000.0,2180104800.0,0.58,2226360601.561943,1.02,39.63,66.57,17.81,84.38,18.17,86.07,40.42,37.75,1.07,0.48,2.28,4.01,171,5.79,1
2471,資通,資訊服務業,3.62,968338000.0,267496685.08287293,1.99,1109858076.7222629,4.15,17.09,13.32,10.43,23.75,43.28,98.56,70.91,54.1,1.31,0.8,1.82,4.6,8,0.71,4
2472,立隆電,電子工業,8.72,11200459000.0,1284456307.3394494,4.96,12744665878.515066,9.92,15.42,43.69,8.74,52.43,86.7,520.11,152.94,405.0,0.38,0.21,1.28,8.93,8,60.3,179
2474,可成,其他電子業,11.36,19119043000.0,1683014348.5915494,4.18,14166161867.847343,8.42,14.54,15.61,9.01,24.62,75.86,207.3,122.46,196.0,0.62,0.39,1.06,7.47,102,7.14,29
2496,卓越,其他,6.13,866192000.0,141303752.03915173,3.06,912215403.2310296,6.46,11.19,6.12,9.86,15.98,63.7,103.23,72.3,64.6,1.12,0.99,1.6,11.1,184,0.0,0
2497,怡利電,汽車工業,2.37,4561289000.0,1924594514.7679324,1.53,5193135301.420716,2.7,21.73,51.22,11.57,62.79,31.24,169.53,58.67,66.8,0.88,0.47,2.54,44.95,88,40.05,175
2597,潤弘,建材營造,11.1,29977603000.0,2700684954.954955,6.11,36751393541.049614,13.61,15.08,11.12,10.59,21.71,144.13,295.47,205.22,171.0,1.2,0.84,1.73,41.81,24,11.21,17
2603,長榮,航運業,31.68,386268472000.0,12192817929.292929,15.03,346167671830.4869,28.39,4.84,7.86,2.5,10.36,70.97,294.12,137.28,195.5,0.7,0.36,1.5,36.18,136,3.32,10
2605,新興,航運業,1.45,4393818000.0,3030219310.3448277,0.89,5552979128.5916395,1.83,18.59,38.43,7.17,45.6,13.12,83.45,34.02,30.8,1.1,0.43,2.71,6.16,81,39.91,150
2606,裕民,航運業,4.31,15370434000.0,3566225986.0788865,2.41,18898230843.68548,5.3,12.85,9.53,8.55,18.08,45.32,95.82,68.1,62.2,1.09,0.73,1.54,11.68,136,41.46,150
2607,榮運,航運業,3.77,17370304000.0,4607507692.307693,1.87,16541914634.613977,3.59,12.13,15.3,8.67,23.97,31.13,86.05,43.54,46.75,0.93,0.67,1.84,1.42,37,71.39,101
2608,嘉里大榮,航運業,1.98,12880973000.0,6505541919.191919,0.97,12721081107.551651,1.96,15.81,7.12,10.66,17.78,20.89,34.85,30.99,29.25,1.06,0.71,1.19,2.61,112,4.32,45
2609,陽明,航運業,4.9,167762203000.0,34237184285.714283,2.37,155538326191.3519,4.54,7.62,19.72,2.2,21.92,9.99,99.52,34.58,53.0,0.65,0.19,1.88,22.96,154,0.0,0
2610,華航,航運業,2.42,208753674000.0,86261848760.33058,1.37,232882644548.10474,2.7,10.49,10.21,7.11,17.32,19.2,46.76,28.31,22.45,1.26,0.86,2.08,10.91,154,2.29,7
2611,志信,航運業,0.51,675806000.0,1325109803.9215686,0.46,1154070620.6666195,0.87,25.49,76.89,6.27,83.16,5.45,72.35,22.18,14.5,1.53,0.38,4.99,0.37,4,0.0,0
2612,中航,航運業,5.46,4864523000.0,890938278.3882784,2.91,5107725620.106139,5.73,12.84,25.31,6.58,31.89,37.7,182.73,73.57,54.4,1.35,0.69,3.36,6.8,85,77.62,150
2613,中櫃,航運業,1.14,3351986000.0,2940338596.491228,0.59,3560928680.1542144,1.21,28.64,21.32,18.86,40.18,22.82,48.62,34.66,22.15,1.56,1.03,2.2,0.91,80,8.3,39
2615,萬海,航運業,11.21,142685313000.0,12728395450.490633,5.69,139422737145.2315,10.95,18.84,244.56,3.09,247.65,33.84,2711.77,206.32,80.0,2.58,0.42,33.9,37.82,81,3.67,9
2616,山隆,油電燃氣業,-6.25,8190423000.0,0.0,0.0,8686021516.612617,0.0,207.17,260.16,12.97,273.13,0.0,0.0,0.0,13.7,0.0,0.0,0.0,0.0,0,0.0,0
2617,台航,航運業,3.18,4257272000.0,1338764779.8742137,1.74,4760857108.534391,3.56,9.42,4.68,6.51,11.19,23.18,39.84,33.53,30.8,1.09,0.75,1.29,0.0,0,18.86,150
2618,長榮航,航運業,4.84,220126074000.0,45480593801.65289,2.75,246345493167.15088,5.42,7.77,7.83,6.24,14.07,33.82,76.26,42.1,43.55,0.97,0.78,1.75,34.18,154,0.0,0
2630,亞航,航運業,0.99,5484186000.0,5539581818.181818,0.39,4570293960.403019,0.83,54.12,47.21,40.38,87.59,33.52,72.7,44.92,56.3,0.8,0.6,1.29,3.69,176,114.77,58
2633,台灣高鐵,航運業,1.17,54550155000.0,46624064102.5641,0.7,56584333169.8749,1.21,23.01,37.65,18.65,56.3,22.57,68.12,27.85,26.6,1.05,0.85,2.56,0.0,0,0.0,0
2634,漢翔,航運業,0.78,35067533000.0,44958375641.02564,0.41,37708905794.34931,0.84,41.34,60.91,17.23,78.14,14.47,65.64,34.73,60.3,0.58,0.24,1.09,0.0,0,55.2,65
2636,台驊控股,航運業,7.74,21178369000.0,2736223385.01292,3.84,19805545060.981968,7.24,8.57,6.82,3.94,10.76,28.53,77.9,62.04,71.7,0.87,0.4,1.09,4.4,10,1.96,42
2637,慧洋-KY,航運業,5.27,16585078000.0,3147073624.2884254,3.62,21574119924.25796,6.86,11.62,11.97,6.32,18.29,43.36,125.47,79.73,78.4,1.02,0.55,1.6,19.29,130,35.79,150
2641,正德,航運業,2.0,2306951000.0,1153475500.0,1.04,2697377892.510929,2.34,10.35,6.43,7.23,13.66,16.92,31.96,24.23,18.35,1.32,0.92,1.74,0.0,0,23.84,66
2642,宅配通,航運業,-1.04,3859459000.0,0.0,0.0,3184312892.3223166,0.0,55.89,52.26,29.3,81.56,0.0,0.0,0.0,21.25,0.0,0.0,0.0,20.08,113,23.51,63
2596,綠意,建材營造,1.86,1379072000.0,741436559.1397849,1.29,1055148294.2667788,1.42,50.76,157.21,13.94,171.15,19.79,243.03,72.08,31.95,2.26,0.62,7.61,39.1,24,8.52,175
2548,華固,建材營造,10.13,17869193000.0,1763987462.9812436,3.32,4888514133340.824,2771.29,26.03,78.16,7.66,85.82,21228.08,237832.11,72124.11,103.0,700.23,206.1,2309.05,21.43,22,6.14,170
2547,日勝生,建材營造,2.97,6103457000.0,2055036026.9360268,1.79,7166176370.443743,3.49,14.18,153.21,3.62,156.83,12.63,547.34,49.5,11.6,4.27,1.09,47.18,11.74,24,0.0,0
2546,根基,建材營造,9.73,20986780000.0,2156914696.8139772,4.85,24750682603.224594,11.48,10.54,6.9,7.26,14.16,83.34,162.56,121.01,94.9,1.28,0.88,1.71,7.91,10,12.95,70
2498,宏達電,通信網路業,7.21,3004402000.0,416699306.518724,3.74,2603193804.8716497,6.25,17.35,32.57,5.44,38.01,34.0,237.56,108.42,45.0,2.41,0.76,5.28,9.47,85,97.88,58
2501,國建,建材營造,2.83,25701552000.0,9081820494.699646,2.01,34618581992.63799,3.81,12.03,27.3,5.61,32.91,21.37,125.39,45.83,24.75,1.85,0.86,5.07,10.03,24,22.28,71
2504,國產,建材營造,3.3,22511070000.0,6821536363.636364,1.59,21272357474.860573,3.12,11.6,10.59,7.06,17.65,22.03,55.07,36.19,32.35,1.12,0.68,1.7,26.5,116,3.22,16
2505,國揚,建材營造,2.37,2697064000.0,1138001687.7637131,1.94,7244958053.452766,6.37,22.92,34.95,7.45,42.4,47.46,270.09,145.99,18.25,8.0,2.6,14.8,9.03,24,5.82,177
2506,太設,建材營造,0.02,1131755000.0,56587750000.0,0.01,1549779371.994707,0.03,67.47,448.55,3.95,452.5,0.12,13.58,2.02,9.01,0.22,0.01,1.51,10.21,32,2.62,60
2509,全坤建,建材營造,-0.79,265950000.0,0.0,0.0,248813670.64226982,0.0,205.47,245.81,56.19,302.0,0.0,0.0,0.0,13.55,0.0,0.0,0.0,18.95,10,33.21,71
2511,太子,建材營造,0.33,8409668000.0,25483842424.242424,0.27,11395356410.124865,0.45,40.1,48.99,17.14,66.13,7.71,29.76,18.05,8.64,2.09,0.89,3.44,8.3,24,1.69,16
2514,龍邦,其他,1.85,21456939000.0,11598345405.405405,0.94,23272228360.695408,2.01,7.07,6.12,4.79,10.91,9.63,21.93,14.21,13.15,1.08,0.73,1.67,5.1,9,0.0,0
2515,中工,建材營造,0.4,20623506000.0,51558765000.0,0.28,27212765905.60724,0.53,28.15,40.0,4.63,44.63,2.45,23.65,14.92,14.25,1.05,0.17,1.66,9.09,24,50.43,126
2516,新建,建材營造,1.23,10516424000.0,8549938211.382114,0.49,8176263164.218151,0.96,18.41,34.53,10.21,44.74,9.8,42.95,17.67,14.0,1.26,0.7,3.07,15.69,182,1.53,10
2520,冠德,建材營造,2.73,22083667000.0,8089255311.355311,1.54,28447008978.94001,3.52,7.64,10.89,4.21,15.1,14.82,53.15,26.88,35.25,0.76,0.42,1.51,17.64,10,0.56,16
3005,神基,電子工業,8.43,39125415000.0,4641211743.772243,4.29,40840097995.87583,8.8,15.61,14.99,6.25,21.24,55.0,186.91,137.39,110.0,1.25,0.5,1.7,3.07,121,45.37,58
2524,京城,建材營造,1.7,5418439000.0,3187317058.8235297,0.38,1527406521.476308,0.48,20.87,68.78,4.79,73.57,2.3,35.31,10.02,36.4,0.28,0.06,0.97,150.46,42,15.31,72
2528,皇普,建材營造,3.65,17483401000.0,4789972876.712329,0.2,1725013160.9495478,0.36,7.5,11.84,3.88,15.72,1.4,5.66,2.7,22.55,0.12,0.06,0.25,16.12,10,1.59,121
2530,華建,建材營造,2.03,7464765000.0,3677224137.931035,0.07,423967295.0619421,0.12,18.62,60.35,9.18,69.53,1.1,8.34,2.23,19.65,0.11,0.06,0.42,15.66,22,5.77,59
2534,宏盛,建材營造,2.07,5569958000.0,2690800966.183575,0.18,570330744.1409091,0.21,34.36,87.73,7.79,95.52,1.64,20.06,7.22,17.15,0.42,0.1,1.17,16.22,22,3.93,4
2535,達欣工,建材營造,6.5,20936358000.0,3220978153.8461537,4.23,27405542456.70582,8.51,11.07,5.41,7.89,13.3,67.14,113.18,94.22,90.0,1.05,0.75,1.26,4.04,23,15.29,116
2536,宏普,建材營造,3.19,11061836000.0,3467660188.0877743,1.78,13806852597.849428,3.98,22.91,127.33,5.8,133.13,23.08,529.86,91.2,21.6,4.22,1.07,24.53,10.31,22,0.51,1
2537,聯上發,建材營造,0.16,1134692000.0,7091825000.0,0.28,2561310100.7917566,0.36,25.11,66.11,5.22,71.33,1.88,25.68,9.04,11.2,0.81,0.17,2.29,36.88,10,9.73,172
2538,基泰,建材營造,0.35,351323000.0,1003780000.0000001,0.17,277238620.2076021,0.28,26.76,38.09,11.55,49.64,3.23,13.9,7.49,9.97,0.75,0.32,1.39,30.35,8,4.63,23
2539,櫻花建,建材營造,3.78,12047638000.0,3187205820.10582,3.31,16987052581.894976,5.33,21.49,41.4,9.84,51.24,52.45,273.11,114.55,39.7,2.89,1.32,6.88,8.05,37,5.81,39
2540,愛山林,建材營造,0.97,11788830000.0,12153432989.690722,0.29,6861633183.965512,0.56,41.22,81.02,15.98,97.0,8.95,54.32,23.08,53.8,0.43,0.17,1.01,16.45,9,7.69,73
2542,興富發,建材營造,2.11,25225332000.0,11955133649.2891,3.01,234411026595.69843,19.61,21.81,49.81,10.65,60.46,208.85,1185.62,427.72,45.0,9.5,4.64,26.35,18.74,10,12.52,72
2543,皇昌,建材營造,2.9,11600814000.0,4000280689.6551723,1.77,16080361890.317745,4.02,18.86,21.79,5.78,27.57,23.24,110.83,75.83,39.45,1.92,0.59,2.81,61.75,95,8.59,51
2545,皇翔,建材營造,2.14,6423225000.0,3001507009.345794,1.18,5087744524.294196,1.7,10.28,21.36,5.13,26.49,8.72,45.03,17.48,38.8,0.45,0.22,1.16,35.04,141,9.48,93
2527,宏璟,建材營造,0.93,676610000.0,727537634.4086021,6.43,11031220204.851639,15.16,14.29,37.93,4.76,42.69,72.16,647.18,216.61,42.6,5.08,1.69,15.19,16.29,24,5.14,156
3006,晶豪科,電子工業,0.87,13448840000.0,15458436781.609196,1.51,43463061571.58739,2.81,62.65,234.97,6.14,241.11,17.25,677.52,176.06,219.0,0.8,0.08,3.09,0.0,0,187.25,184
3176,基亞,生技醫療業,-0.78,1594260000.0,0.0,0.0,1048639465.80365,0.0,0.0,0.0,0.0,0.0,0.0,0.0,0.0,37.05,0.0,0.0,0.0,0.0,0,9.12,176
3188,鑫龍騰,建材營造,4.05,2525975000.0,623697530.8641976,4.02,22755310266.13953,36.48,11.97,19.86,3.72,23.58,135.71,860.2,436.84,24.25,18.01,5.6,35.47,59.42,24,12.81,144
3189,景碩,半導體業,3.51,38607846000.0,10999386324.786325,2.1,49651768766.313774,4.51,232.71,934.93,15.07,950.0,67.97,4284.5,1049.51,763.0,1.38,0.09,5.62,39.83,9,100.92,184
3191,雲嘉南,電子零組件業,0.51,174633000.0,342417647.0588235,0.25,166602074.20981842,0.49,46.86,93.86,26.37,120.23,12.92,58.91,22.96,18.9,1.21,0.68,3.12,0.0,0,40.22,155
3205,佰研,生技醫療業,-1.06,378949000.0,0.0,0.0,525097388.2801948,0.0,0.0,0.0,0.0,0.0,0.0,0.0,0.0,52.2,0.0,0.0,0.0,0.0,0,20.55,64
3206,志豐,電子零組件業,2.02,3236211000.0,1602084653.4653466,0.96,3008051158.797287,1.88,13.59,17.59,7.71,25.3,14.49,47.56,25.54,39.0,0.65,0.37,1.22,1.19,3,3.95,11
3207,耀勝,電子零組件業,-0.82,1826510000.0,0.0,0.0,2075115955.5319822,0.0,528.89,924.63,133.7,1058.33,0.0,0.0,0.0,63.7,0.0,0.0,0.0,14.34,11,11.57,183
3209,全科,電子工業,3.02,46097848000.0,15264188079.470198,2.1,62252887211.49409,4.08,13.98,14.1,8.57,22.67,34.97,92.49,57.05,60.4,0.94,0.58,1.53,13.32,93,0.0,0
3211,順達,電腦及週邊設備業,9.04,12836889000.0,1420009845.1327436,5.87,15901319949.244259,11.2,22.35,41.54,5.74,47.28,64.29,529.54,250.3,422.5,0.59,0.15,1.25,131.16,151,78.07,67
3213,茂訊,電腦及週邊設備業,7.4,2852455000.0,385466891.8918919,5.01,3255570949.5442424,8.45,12.88,12.36,8.31,20.67,70.22,174.66,108.81,134.0,0.81,0.52,1.3,12.5,81,28.71,64
3217,優群,電子零組件業,12.69,4088779000.0,322204806.93459415,5.94,4025369392.9087424,12.49,14.09,8.25,10.04,18.29,125.4,228.44,176.01,178.5,0.99,0.7,1.28,4.97,1,38.05,120
3218,大學光,生技醫療業,12.31,4192529000.0,340579122.6645004,6.49,4244248744.171265,12.46,14.93,10.2,10.03,20.23,124.97,252.07,186.0,144.0,1.29,0.87,1.75,0.0,0,7.9,16
3221,台嘉碩,通信網路業,0.07,2201258000.0,31446542857.142853,0.04,2361922455.7610264,0.08,315.58,1830.71,16.79,1847.5,1.34,147.8,25.25,60.6,0.42,0.02,2.44,1.28,9,35.41,105
3224,三顧,電子通路業,-1.54,1500335000.0,0.0,0.0,1602507059.376688,0.0,0.0,0.0,0.0,0.0,0.0,0.0,0.0,38.4,0.0,0.0,0.0,2.37,165,44.01,129
3226,龍鋒,電機機械,0.24,1641105000.0,6837937500.0,0.1,1089004791.2450614,0.16,31.6,180.09,6.79,186.88,1.09,29.9,5.06,46.55,0.11,0.02,0.64,3.39,2,0.0,0
3227,原相,半導體業,12.38,9123528000.0,736957027.4636511,6.4,9084642649.826818,12.33,19.31,16.48,13.86,30.34,170.89,374.09,238.11,235.5,1.01,0.73,1.59,49.32,80,7.1,88
3228,金麗科,半導體業,-2.03,306400000.0,0.0,0.0,338251834.35381156,0.0,0.0,0.0,0.0,0.0,0.0,0.0,0.0,184.5,0.0,0.0,0.0,0.0,0,8.86,3
3229,晟鈦,電子工業,-0.43,1001150000.0,0.0,0.0,1514628369.0625272,0.0,261.95,1008.36,79.64,1088.0,0.0,0.0,0.0,41.7,0.0,0.0,0.0,0.0,0,106.41,162
3230,錦明,光電業,-1.6,415534000.0,0.0,0.0,375883573.40984744,0.0,13.28,12.79,6.88,19.67,0.0,0.0,0.0,51.0,0.0,0.0,0.0,248.68,171,112.9,64
3231,緯創,電子工業,9.02,2036922031000.0,225822841574.2794,7.42,4296146952582.976,19.02,18.17,14.97,8.26,23.23,157.11,441.83,345.63,158.0,2.19,0.99,2.8,12.16,140,34.32,184
3169,亞信,半導體業,3.67,937780000.0,255525885.5585831,1.86,902045632.7341594,3.53,27.76,13.84,21.2,35.04,74.84,123.69,98.0,107.0,0.92,0.7,1.16,0.0,0,28.85,73
3168,眾福科,光電業,2.61,3411575000.0,1307116858.2375479,1.7,3764687610.8345294,2.88,17.06,7.35,12.34,19.69,35.54,56.71,49.14,45.55,1.08,0.78,1.25,3.05,7,11.11,66
3115,富榮綱,電子零組件業,-0.46,4770000.0,0.0,0.0,8831011.122345805,0.0,0.0,0.0,0.0,0.0,0.0,0.0,0.0,9.18,0.0,0.0,0.0,12.62,14,10.98,65
3118,進階,生技醫療業,2.46,730311000.0,296874390.24390244,1.16,692431594.8143488,2.33,15.36,4.3,13.0,17.3,30.29,40.31,35.79,32.0,1.12,0.95,1.26,0.43,2,6.07,112
3122,笙泉,半導體業,-1.75,331361000.0,0.0,0.0,309800557.11064327,0.0,0.0,0.0,0.0,0.0,0.0,0.0,0.0,31.4,0.0,0.0,0.0,5.15,7,4.84,1
3128,昇銳,光電業,1.36,1127451000.0,829008088.2352941,0.62,950944242.3812898,1.15,22.9,32.43,10.56,42.99,12.14,49.44,26.34,25.0,1.05,0.49,1.98,5.92,18,0.0,0
3135,凌航,半導體業,6.28,4559917000.0,726101433.1210191,14.91,89669926626.96222,123.5,72.23,204.85,11.82,216.67,1459.77,26758.74,8920.48,183.0,48.75,7.98,146.22,11.93,126,168.53,184
3138,耀登,通信網路業,1.54,1696087000.0,1101355194.8051949,0.82,2032198759.491413,1.85,64.27,154.19,22.64,176.83,41.88,327.14,118.89,118.5,1.0,0.35,2.76,5.91,7,32.62,169
3141,晶宏,半導體業,0.54,1635291000.0,3028316666.6666665,0.33,1758028922.0329657,0.58,80.88,104.57,41.38,145.95,24.0,84.65,46.91,83.2,0.56,0.29,1.02,1.84,80,14.36,10
3147,大綜,資訊服務業,8.86,8382879000.0,946148871.3318285,7.92,13496347008.988806,14.26,18.49,27.67,11.52,39.19,164.28,558.85,263.6,244.0,1.08,0.67,2.29,42.01,176,15.08,36
3149,正達,電子工業,-2.88,2236900000.0,0.0,0.0,2475675218.6840544,0.0,0.0,0.0,0.0,0.0,0.0,0.0,0.0,87.9,0.0,0.0,0.0,44.88,101,51.72,93
3152,璟德,通信網路業,9.42,1453293000.0,154277388.53503186,4.74,1380392554.4274552,8.95,21.19,28.36,10.82,39.18,96.84,350.66,189.66,287.5,0.66,0.34,1.22,1.24,10,33.19,172
3158,嘉實,資訊服務業,7.28,272213000.0,37391895.604395606,0.0,0.0,0.0,12.89,2.04,12.26,14.3,0.0,0.0,0.0,83.5,0.0,0.0,0.0,42.25,85,7.72,38
3162,精確,電機機械,1.7,7712670000.0,4536864705.882353,0.92,8354787586.195455,1.84,43.54,94.03,20.41,114.44,37.55,210.57,80.12,84.3,0.95,0.45,2.5,29.62,101,56.98,123
3163,波若威,通信網路業,6.22,2168399000.0,348617202.5723473,3.7,2732706256.3595624,7.84,62.45,188.26,19.94,208.2,156.33,1632.29,489.63,799.0,0.61,0.2,2.04,28.62,9,137.78,179
3164,景岳,化學生技醫療,0.66,409110000.0,619863636.3636364,0.3,372104673.48275286,0.6,44.93,92.54,20.24,112.78,12.14,67.67,26.96,16.5,1.63,0.74,4.1,0.0,0,4.15,14
3167,大量,電機機械,8.13,4865952000.0,598518081.1808118,7.22,10377906525.896261,17.34,98.9,339.11,10.89,350.0,188.83,6069.0,1714.89,905.0,1.89,0.21,6.71,141.03,98,98.37,177
3232,昱捷,電子通路業,0.29,909225000.0,3135258620.6896553,0.16,890549387.1407068,0.28,97.08,128.89,53.11,182.0,14.87,50.96,27.18,22.3,1.22,0.67,2.29,2.95,37,3.44,100
3234,光環,通信網路業,-1.4,673287000.0,0.0,0.0,673399833.5430449,0.0,0.0,0.0,0.0,0.0,0.0,0.0,0.0,130.0,0.0,0.0,0.0,26.25,154,52.82,169
3311,閎暉,通信網路業,1.62,2377310000.0,1467475308.6419752,0.77,2225046862.468281,1.52,37.39,47.91,19.68,67.59,29.91,102.74,56.84,38.6,1.47,0.77,2.66,0.0,0,36.67,23
3312,弘憶股,電子工業,1.74,20699880000.0,11896482758.62069,1.0,22595702308.849728,1.9,31.88,73.34,6.58,79.92,12.5,151.85,60.58,60.0,1.01,0.21,2.53,20.0,3,3.3,10
3317,尼克森,半導體業,1.8,2705899000.0,1503277222.222222,0.95,2851294400.3997436,1.9,21.41,44.15,13.19,57.34,25.06,108.95,40.69,105.5,0.39,0.24,1.03,0.0,0,35.54,112
3321,同泰,電子工業,-2.77,2164390000.0,0.0,0.0,2271918482.062617,0.0,0.0,0.0,0.0,0.0,0.0,0.0,0.0,24.15,0.0,0.0,0.0,7.64,21,270.97,150
3322,建舜電,電子零組件業,-0.96,2983337000.0,0.0,0.0,3159658045.348768,0.0,78.17,68.16,37.29,105.45,0.0,0.0,0.0,14.35,0.0,0.0,0.0,0.0,0,26.56,168
3323,加百裕,電腦及週邊設備業,-1.92,5105491000.0,0.0,0.0,4531780319.163854,0.0,0.0,0.0,0.0,0.0,0.0,0.0,0.0,37.6,0.0,0.0,0.0,43.4,149,67.36,66
3324,雙鴻,其他電子類,28.2,21817975000.0,773687056.7375886,22.43,40227404252.48513,51.99,36.57,46.79,18.7,65.49,972.21,3404.83,1901.21,1010.0,1.88,0.96,3.37,0.36,2,72.44,119
3325,旭品,電腦及週邊設備業,-1.64,1256726000.0,0.0,0.0,831038533.3310311,0.0,244.36,75.45,196.82,272.27,0.0,0.0,0.0,13.4,0.0,0.0,0.0,0.0,0,18.42,74
3332,幸康,電子零組件業,3.53,1602596000.0,453993201.1331445,2.0,1778900732.9242792,3.92,18.33,12.73,14.31,27.04,56.1,106.0,71.84,66.4,1.08,0.84,1.6,0.0,0,86.84,120
3338,泰碩,電子工業,1.81,3671826000.0,2028633149.1712706,0.88,3400821822.0253363,1.68,25.27,47.53,13.22,60.75,22.21,102.06,42.46,72.3,0.59,0.31,1.41,0.0,0,35.56,36
3339,泰谷,光電業,-2.02,793716000.0,0.0,0.0,976282423.0420464,0.0,135.77,105.27,85.64,190.91,0.0,0.0,0.0,41.25,0.0,0.0,0.0,7.82,15,3.55,29
3346,麗清,汽車工業,0.12,8707292000.0,72560766666.66667,0.05,7436464276.492163,0.1,70.16,283.79,9.34,293.13,0.93,29.31,7.02,28.25,0.25,0.03,1.04,5.47,3,1.43,11
3349,寶德,電腦及週邊設備業,-1.04,506986000.0,0.0,0.0,333906275.18183863,0.0,0.0,0.0,0.0,0.0,0.0,0.0,0.0,24.2,0.0,0.0,0.0,31.79,18,97.53,182
3354,律勝,電子零組件業,-0.87,96893000.0,0.0,0.0,124118615.05039632,0.0,0.0,0.0,0.0,0.0,0.0,0.0,0.0,27.3,0.0,0.0,0.0,38.78,105,88.22,175
3356,奇偶,光電業,6.21,1017729000.0,163885507.2463768,3.42,1089729074.654726,6.65,11.53,19.27,5.06,24.33,33.65,161.79,76.66,62.0,1.24,0.54,2.61,0.0,0,9.55,79
3357,臺慶科,電子零組件業,10.26,6493208000.0,632866276.803119,5.98,7708921746.971002,12.18,17.78,24.75,11.05,35.8,134.59,436.04,216.51,284.0,0.76,0.47,1.54,6.57,8,80.26,183
3360,尚立,電子通路業,-0.49,6823561000.0,0.0,0.0,11420895422.006699,0.0,0.0,0.0,0.0,0.0,0.0,0.0,0.0,20.6,0.0,0.0,0.0,15.12,77,35.78,182
3362,先進光,光電業,-1.07,4303139000.0,0.0,0.0,4397388555.949926,0.0,67.47,44.4,43.82,88.22,0.0,0.0,0.0,169.5,0.0,0.0,0.0,3.19,53,9.7,35
3363,上詮,通信網路業,0.16,1868579000.0,11678618750.0,0.07,1603759279.483691,0.14,5590.87,5533.93,3437.5,8971.43,481.25,1256.0,782.72,574.0,1.36,0.84,2.19,96.18,184,70.71,177
3310,佳穎,電子零組件業,3.55,2657456000.0,748579154.9295775,1.23,1354148065.3646872,1.81,25.9,33.77,16.17,49.94,29.27,90.39,46.88,68.5,0.68,0.43,1.32,0.0,0,15.53,168
3308,聯德,電子零組件業,0.68,6815000.0,10022058.823529411,0.46,8845732.323232323,0.88,44.79,187.81,11.77,199.58,10.36,175.63,39.42,22.65,1.74,0.46,7.75,0.0,0,27.02,182
3306,鼎天,通信網路業,1.95,1067643000.0,547509230.7692307,0.92,1165582165.3156164,2.13,20.04,22.54,11.35,33.89,24.18,72.19,42.69,52.3,0.82,0.46,1.38,4.56,2,74.62,108
3236,千如,電子零組件業,0.32,2009218000.0,6278806250.0,0.19,2483430690.7629757,0.4,158.23,403.22,80.53,483.75,32.21,193.5,63.29,66.8,0.95,0.48,2.9,7.62,151,95.65,182
3257,虹冠電,半導體業,3.43,1035739000.0,301964723.03207,1.03,706001203.6076268,2.34,21.4,19.23,13.26,32.49,31.03,76.03,50.08,72.2,0.69,0.43,1.05,24.79,107,32.26,112
3259,鑫創,半導體業,-2.36,283935000.0,0.0,0.0,275087731.1085699,0.0,0.0,0.0,0.0,0.0,0.0,0.0,0.0,16.75,0.0,0.0,0.0,0.0,0,10.93,128
3260,威剛,半導體業,23.14,50120672000.0,2165975453.759723,32.36,137360598835.26193,63.42,14.22,27.85,6.8,34.65,431.26,2197.5,901.82,410.5,2.2,1.05,5.35,0.0,0,208.51,182
3264,欣銓,半導體業,6.0,13781453000.0,2296908833.3333335,3.6,17378920888.627033,7.57,19.38,29.42,10.42,39.84,78.88,301.59,146.73,257.0,0.57,0.31,1.17,2.21,53,63.87,184
3265,台星科,半導體業,5.48,4581276000.0,835999270.0729927,3.24,5648553525.227789,6.76,20.57,22.67,11.28,33.95,76.25,229.5,139.05,192.5,0.72,0.4,1.19,1.85,1,36.17,177
3266,昇陽,建材營造,0.58,1779877000.0,3068753448.275862,0.32,1798350880.7146919,0.59,11.72,16.84,7.56,24.4,4.46,14.4,6.91,13.55,0.51,0.33,1.06,2.77,9,0.96,4
3268,海德威,半導體業,-1.33,927369000.0,0.0,0.0,974172582.3875138,0.0,76.91,45.38,45.0,90.38,0.0,0.0,0.0,22.35,0.0,0.0,0.0,0.0,0,11.02,38
3272,東碩,電腦及週邊設備業,-7.68,2947040000.0,0.0,0.0,2475240760.587528,0.0,0.0,0.0,0.0,0.0,0.0,0.0,0.0,15.85,0.0,0.0,0.0,19.24,107,12.61,9
3276,宇環,電子零組件業,0.21,504802000.0,2403819047.6190476,0.13,593634966.8601736,0.25,84.5,112.01,24.66,136.67,6.16,34.17,21.13,16.45,1.28,0.37,2.08,0.0,0,33.21,44
3114,好德,電子零組件業,2.23,3038288000.0,1362460986.5470853,1.13,3164503071.5567827,2.32,18.34,24.14,10.15,34.29,23.55,79.55,42.54,44.9,0.95,0.52,1.77,0.0,0,22.78,176
3284,太普高,其他,2.38,858605000.0,360758403.3613446,1.18,832951646.1800605,2.31,15.26,39.46,6.76,46.22,15.62,106.77,35.26,30.85,1.14,0.51,3.46,72.25,38,1.72,10
3287,廣寰科,電腦及週邊設備業,1.5,907187000.0,604791333.3333334,0.77,1051293553.3233756,1.74,22.91,33.53,10.9,44.43,18.97,77.31,39.86,33.4,1.19,0.57,2.31,0.0,0,2.06,1
3288,點晶,電子零組件業,-0.64,77563000.0,0.0,0.0,77289303.04319535,0.0,813.03,185.0,742.5,927.5,0.0,0.0,0.0,20.2,0.0,0.0,0.0,1.0,2,11.95,120
3289,宜特,其他電子類,4.81,4777382000.0,993218711.0187111,2.29,4784524002.351487,4.82,23.95,30.98,12.78,43.76,61.6,210.92,115.44,169.0,0.68,0.36,1.25,30.13,107,27.49,63
3290,東浦,電子零組件業,2.21,2309567000.0,1045052941.1764706,1.65,3903788378.9843593,3.74,19.16,16.75,9.69,26.44,36.24,98.89,71.65,70.4,1.02,0.51,1.4,43.31,105,79.37,107
3293,鈊象,文化創意業,38.51,21791052000.0,565854375.4868865,22.03,25107627882.219658,44.37,23.08,23.7,13.19,36.89,585.24,1636.81,1023.86,794.0,1.29,0.74,2.06,14.02,4,0.24,1
3294,英濟,電子零組件業,-0.48,3657141000.0,0.0,0.0,3310348221.9707947,0.0,68.28,51.43,38.79,90.22,0.0,0.0,0.0,39.4,0.0,0.0,0.0,23.1,9,62.76,58
3296,勝德,電子工業,0.61,1601750000.0,2625819672.1311474,0.31,1593532951.1684349,0.61,179.64,950.27,16.4,966.67,10.0,589.67,109.58,30.0,3.65,0.33,19.66,27.87,157,26.65,39
3297,杭特,光電業,0.47,195991000.0,417002127.6595745,0.26,239527554.5749748,0.57,274.21,1172.87,58.8,1231.67,33.52,702.05,156.3,32.0,4.88,1.05,21.94,3.65,10,4.26,3
3303,岱稜,其他電子類,4.57,3015706000.0,659891903.7199124,2.46,3258481912.448529,4.94,13.03,12.74,9.46,22.2,46.73,109.67,64.36,57.7,1.12,0.81,1.9,58.59,123,4.49,63
3305,昇貿,其他電子業,3.16,10218236000.0,3233618987.341772,2.38,16351464424.03199,5.06,30.08,43.59,9.88,53.47,49.99,270.56,152.22,136.5,1.12,0.37,1.98,0.0,0,174.51,67
3285,微端,其他電子類,0.7,662942000.0,947060000.0000001,0.56,1059678506.9502368,1.12,37.92,70.89,20.25,91.14,22.68,102.08,42.47,43.85,0.97,0.52,2.33,2.24,8,29.15,79
3105,穩懋,半導體業,4.0,16253435000.0,4063358750.0,2.39,21817933765.548306,5.37,104.22,429.72,27.04,456.76,145.2,2452.8,559.64,421.0,1.33,0.34,5.83,1.4,9,126.3,168
3095,及成,通信網路業,-2.0,612881000.0,0.0,0.0,740681703.18629,0.0,28.02,51.85,12.56,64.41,0.0,0.0,0.0,38.25,0.0,0.0,0.0,42.26,18,0.0,0
3025,星通,電子工業,3.45,559413000.0,162148695.6521739,2.5,1124412505.7365878,6.93,19.73,25.17,11.88,37.05,82.33,256.76,136.76,68.4,2.0,1.2,3.75,23.25,182,45.44,184
3026,禾伸堂,電子工業,6.58,13298266000.0,2021013069.9088147,3.7,14910508236.152147,7.38,23.29,118.21,9.11,127.32,67.23,939.62,171.91,963.0,0.18,0.07,0.98,0.43,8,53.8,108
3027,盛達,通信網路業,-1.05,2214276000.0,0.0,0.0,1040632898.8497441,0.0,52.24,35.21,29.68,64.89,0.0,0.0,0.0,22.75,0.0,0.0,0.0,0.0,0,0.49,2
3028,增你強,電子工業,3.15,40725187000.0,12928630793.650793,3.15,75120578576.52173,5.81,16.65,16.71,8.62,25.33,50.08,147.17,96.75,80.1,1.21,0.63,1.84,0.0,0,24.89,184
3029,零壹,資訊服務業,6.54,24933295000.0,3812430428.134557,3.48,26685956972.562664,7.0,20.96,25.41,11.21,36.62,78.47,256.34,146.75,103.5,1.42,0.76,2.48,62.09,156,20.85,64
3030,德律,其他電子業,10.49,8268662000.0,788242326.0247855,7.76,10431431229.438307,13.23,21.04,28.91,10.56,39.47,139.71,522.19,278.39,310.0,0.9,0.45,1.68,0.0,0,49.83,53
3031,佰鴻,電子工業,1.09,1133837000.0,1040217431.1926605,0.62,1313244760.1925864,1.26,18.92,18.01,12.95,30.96,16.32,39.01,23.83,33.75,0.71,0.48,1.16,10.58,101,22.66,107
3032,偉訓,電子工業,-7.94,10818284000.0,0.0,0.0,12448117195.616945,0.0,15.34,16.54,9.21,25.75,0.0,0.0,0.0,79.4,0.0,0.0,0.0,42.07,171,37.2,21
3033,威健,電子工業,1.81,109006122000.0,60224376795.58011,1.05,126560093441.92972,2.1,16.43,15.09,6.7,21.79,14.07,45.76,34.49,50.4,0.68,0.28,0.91,1.01,3,8.02,29
3034,聯詠,半導體業,26.87,101870569000.0,3791238146.6319313,15.6,97462254561.18507,25.71,14.95,17.82,5.42,23.24,139.35,597.5,384.3,538.0,0.71,0.26,1.11,0.0,0,0.0,0
3035,智原,半導體業,2.81,18137133000.0,6454495729.537367,0.84,8273550693.430434,1.28,57.74,85.47,38.47,123.94,49.24,158.64,73.91,211.0,0.35,0.23,0.75,4.37,8,0.82,114
3036,文曄,電子工業,11.6,1175163222000.0,101307174310.34483,9.89,2181552416755.5935,21.53,18.3,21.47,7.87,29.34,169.44,631.69,393.96,219.0,1.8,0.77,2.88,2.1,3,25.9,121
3037,欣興,電子工業,4.38,128735949000.0,29391769178.08219,2.63,163203949002.16534,5.55,74.12,194.32,19.08,213.4,105.89,1184.37,411.35,917.0,0.45,0.12,1.29,19.06,9,100.43,183
3038,全台,光電業,1.11,3064638000.0,2760935135.1351347,0.52,2788334586.278767,1.01,15.13,18.49,8.32,26.81,8.4,27.08,15.28,22.8,0.67,0.37,1.19,0.0,0,8.11,184
3024,憶聲,電子工業,0.27,2320313000.0,8593751851.85185,0.05,610378793.5339576,0.07,45.94,185.13,12.65,197.78,0.89,13.84,3.22,12.5,0.26,0.07,1.11,9.44,24,3.38,63
3023,信邦,電子零組件業,13.02,31359136000.0,2408535791.09063,8.31,33673234273.756866,13.98,18.58,13.66,12.69,26.35,177.41,368.37,259.79,331.0,0.78,0.54,1.11,15.0,15,13.86,42
3008,大立光,光電業,159.41,61150341000.0,383604171.6328963,90.76,66593427198.73631,173.6,15.1,23.16,9.27,32.43,1609.27,5629.85,2621.22,4135.0,0.63,0.39,1.36,5.61,3,18.31,179
3010,華立,電子工業,8.84,77983858000.0,8821703393.66516,5.04,90399636764.30707,10.25,13.4,9.34,7.83,17.17,80.26,175.99,137.33,127.0,1.08,0.63,1.39,8.42,8,24.87,162
3011,今皓,電子工業,-2.55,786448000.0,0.0,0.0,486542852.75722814,0.0,21.98,0.0,21.98,21.98,0.0,0.0,0.0,13.7,0.0,0.0,0.0,16.78,105,24.73,43
3013,晟銘電,電子工業,4.03,10402632000.0,2581298263.027295,2.5,12423176844.019041,4.81,40.03,65.2,21.49,86.69,103.37,416.98,192.57,109.0,1.77,0.95,3.83,91.61,126,13.36,154
3014,聯陽,半導體業,9.51,6951047000.0,730919768.6645637,4.7,6805713355.396597,9.31,13.89,9.65,8.57,18.22,79.79,169.63,129.31,158.0,0.82,0.5,1.07,0.28,1,0.0,0
3015,全漢,電子工業,1.86,13156678000.0,7073482795.698924,0.87,12427681070.36674,1.76,28.87,30.11,10.62,40.73,18.69,71.68,50.82,74.8,0.68,0.25,0.96,17.81,150,12.23,115
3016,嘉晶,半導體業,0.07,3837008000.0,54814399999.99999,0.04,4761859777.940922,0.09,1049.41,7230.54,29.46,7260.0,2.65,653.4,94.45,128.5,0.74,0.02,5.08,4.69,3,93.1,112
3017,奇鋐,電子工業,49.17,132329140000.0,2691257677.4455967,35.11,255406557966.73117,94.9,35.5,47.46,12.74,60.2,1209.03,5712.98,3368.48,2670.0,1.26,0.45,2.14,0.0,0,103.41,126
3018,隆銘綠能,其他電子業,-2.14,562789000.0,0.0,0.0,215048610.571623,0.0,0.0,0.0,0.0,0.0,0.0,0.0,0.0,12.05,0.0,0.0,0.0,36.9,130,9.67,43
3019,亞光,光電業,6.6,26484102000.0,4012742727.2727275,4.07,29928326190.282772,7.46,24.06,23.74,14.77,38.51,110.18,287.28,179.46,151.5,1.18,0.73,1.9,138.61,176,37.75,63
3021,鴻名,電子工業,0.32,3240411000.0,10126284375.0,0.15,3496479197.1459446,0.35,47.36,105.23,12.42,117.65,4.35,41.18,16.58,28.3,0.59,0.15,1.46,46.04,109,15.61,42
3022,威強電,電子工業,4.62,6419504000.0,1389503030.3030303,2.71,6997407169.302577,5.04,12.4,16.95,7.72,24.67,38.91,124.34,62.5,86.8,0.72,0.45,1.43,17.04,10,2.82,9
3041,揚智,半導體業,-3.45,1243147000.0,0.0,0.0,1819529261.5951886,0.0,0.0,0.0,0.0,0.0,0.0,0.0,0.0,28.4,0.0,0.0,0.0,76.2,163,26.89,74
3058,立德,電子零組件業,-1.44,3179968000.0,0.0,0.0,3071136035.109078,0.0,0.0,0.0,0.0,0.0,0.0,0.0,0.0,9.65,0.0,0.0,0.0,0.0,0,47.91,43
3059,華晶科,光電業,1.24,8728393000.0,7039026612.903226,0.6,9229357268.25356,1.31,34.46,29.43,25.35,54.78,33.21,71.76,45.15,50.1,0.9,0.66,1.43,0.0,0,64.71,63
3060,銘異,電子工業,-0.4,3807613000.0,0.0,0.0,4201505844.957591,0.0,44.63,52.28,12.94,65.22,0.0,0.0,0.0,37.8,0.0,0.0,0.0,3.38,3,75.6,184
3062,建漢,通信網路業,0.7,4240911000.0,6058444285.714286,0.34,4421701125.571833,0.73,345.18,2940.32,9.68,2950.0,7.07,2153.5,251.98,24.9,10.12,0.28,86.49,18.6,122,20.99,115
3064,泰偉,文化創意業,-3.52,82696000.0,0.0,0.0,75617285.25539519,0.0,388.79,1166.14,123.86,1290.0,0.0,0.0,0.0,20.0,0.0,0.0,0.0,9.23,4,4.58,8
3066,李洲,光電業,-1.39,241414000.0,0.0,0.0,313363870.89430356,0.0,63.33,405.35,11.08,416.43,0.0,0.0,0.0,29.15,0.0,0.0,0.0,37.2,105,25.68,38
3071,協禧,電腦及週邊設備業,0.57,2306306000.0,4046150877.1929827,0.36,2975357969.9619813,0.74,34.37,38.81,19.79,58.6,14.64,43.36,25.44,32.15,0.79,0.46,1.35,0.0,0,55.37,56
3040,遠見,其他,0.32,132227000.0,413209375.0,0.16,133837666.33744857,0.32,74.05,153.32,19.26,172.58,6.16,55.23,23.7,38.15,0.62,0.16,1.45,63.86,182,20.32,64
3081,聯亞,通信網路業,4.66,2061242000.0,442326609.44206005,5.33,4428604787.998322,10.01,448.11,1193.76,146.24,1340.0,1463.86,13413.4,4485.6,2000.0,2.24,0.73,6.71,139.63,176,102.53,179
3083,網龍,文化創意業,0.43,380390000.0,884627906.9767442,0.22,481020459.1198282,0.54,621.11,3722.22,37.78,3760.0,20.4,2030.4,335.4,28.4,11.81,0.72,71.49,0.0,0,1.85,164
3086,華義*,文化創意業,-0.64,156507000.0,0.0,0.0,151458449.25573435,0.0,362.79,1100.0,66.67,1166.67,0.0,0.0,0.0,32.15,0.0,0.0,0.0,75.15,77,67.74,141
3088,艾訊,電腦及週邊設備業,4.68,6889683000.0,1472154487.1794872,3.13,9381445889.762796,6.37,16.4,14.43,11.45,25.88,72.94,164.86,104.45,143.5,0.73,0.51,1.15,28.36,184,4.31,14
3090,日電貿,電子工業,5.47,15451185000.0,2824713893.9670935,3.23,18855932936.855633,6.68,20.01,59.94,10.89,70.83,72.75,473.14,133.65,340.0,0.39,0.21,1.39,22.14,149,60.24,179
3093,港建*,其他電子類,1.22,2019834000.0,1655601639.3442624,0.41,1042583703.1869227,0.63,27.34,71.97,14.24,86.21,8.97,54.31,17.23,68.4,0.25,0.13,0.79,3.44,95,19.23,36
3094,聯傑,半導體業,0.26,192361000.0,739850000.0,0.17,204981190.2631444,0.28,142.38,196.91,35.17,232.08,9.85,64.98,39.87,42.9,0.93,0.23,1.51,4.15,2,13.67,74
3057,喬鼎,電腦及週邊設備業,-0.95,620855000.0,0.0,0.0,612262905.8859433,0.0,59.77,0.0,59.77,59.77,0.0,0.0,0.0,19.5,0.0,0.0,0.0,0.0,0,139.96,183
3078,僑威,電子零組件業,6.07,10447611000.0,1721187973.6408565,1.94,5827951104.068982,3.39,12.19,9.25,8.73,17.98,29.59,60.95,41.33,57.6,0.72,0.51,1.06,2.33,184,17.16,37
3056,富華新,建材營造,1.46,7242624000.0,4960701369.863014,0.11,574316208.946503,0.12,61.75,380.04,2.46,382.5,0.3,45.9,7.41,15.0,0.49,0.02,3.06,12.78,24,5.13,17
3042,晶技,電子工業,5.28,13362235000.0,2530726325.7575755,3.19,14230071889.494936,5.62,18.36,38.38,9.14,47.52,51.37,267.06,103.16,224.5,0.46,0.23,1.19,7.08,107,14.52,77
3043,科風,其他電子業,-2.67,899132000.0,0.0,0.0,725733748.384259,0.0,53.2,100.43,9.77,110.2,0.0,0.0,0.0,23.05,0.0,0.0,0.0,25.54,163,26.09,44
3044,健鼎,電子工業,19.45,72704288000.0,3738009665.8097687,11.82,91619774477.62286,24.51,16.08,18.56,9.28,27.84,227.45,682.36,394.09,506.0,0.78,0.45,1.35,0.47,8,42.42,119
3045,台灣大,通信網路業,4.77,197871798000.0,41482557232.70441,2.41,204835180377.31036,4.94,24.11,6.22,21.93,28.15,108.33,139.06,119.08,117.5,1.01,0.92,1.18,15.61,77,0.0,0
3046,建碁,電子工業,4.01,7193415000.0,1793869077.3067334,2.29,8684786365.074736,4.84,13.39,9.75,9.45,19.2,45.74,92.93,64.82,53.1,1.22,0.86,1.75,5.59,56,18.2,157
3047,訊舟,通信網路業,-0.9,3860331000.0,0.0,0.0,2475734162.328388,0.0,94.68,572.22,17.78,590.0,0.0,0.0,0.0,16.8,0.0,0.0,0.0,7.77,3,23.82,52
3048,益登,電子通路業,2.01,115983074000.0,57703021890.54727,1.22,140220177412.50818,2.43,56.29,154.16,8.03,162.19,19.51,394.12,136.77,64.6,2.12,0.3,6.1,4.11,2,82.68,60
3055,蔚華科,電子通路業,-2.68,431835000.0,0.0,0.0,578939109.6504538,0.0,0.0,0.0,0.0,0.0,0.0,0.0,0.0,160.5,0.0,0.0,0.0,2.75,2,30.95,172
3052,夆典,建材營造,1.1,3378991000.0,3071809999.9999995,0.65,3482067016.803042,1.13,11.27,8.97,9.33,18.3,10.54,20.68,12.74,11.0,1.16,0.96,1.88,6.42,22,1.79,3
3051,力特,光電業,1.01,1914043000.0,1895092079.2079208,0.58,1876838601.0818079,0.99,17.57,19.45,10.45,29.9,10.35,29.6,17.39,27.6,0.63,0.37,1.07,9.13,156,4.81,28
3050,鈺德,光電業,0.04,1233506000.0,30837650000.0,0.02,1238252920.4786437,0.04,75.68,342.68,19.82,362.5,0.79,14.5,3.03,12.95,0.23,0.06,1.12,0.0,0,10.69,162
3049,精金,電子工業,-0.64,1466127000.0,0.0,0.0,964521024.0747114,0.0,11.49,0.0,11.49,11.49,0.0,0.0,0.0,13.1,0.0,0.0,0.0,35.36,91,31.13,163
OtherElectronic,其他電子類指數,Index,0.0,0.0,0.0,0.0,0.0,0.0,0.0,0.0,0.0,0.0,0.0,0.0,0.0,276.44,0.0,0.0,0.0,0.31,126,76.26,24
OilGasElectricity,油電燃氣類指數,Index,0.0,0.0,0.0,0.0,0.0,0.0,0.0,0.0,0.0,0.0,0.0,0.0,0.0,85.79,0.0,0.0,0.0,0.74,10,43.12,24
Optoelectronic,光電類指數,Index,0.0,0.0,0.0,0.0,0.0,0.0,0.0,0.0,0.0,0.0,0.0,0.0,0.0,71.97,0.0,0.0,0.0,1.28,7,110.34,24
IronSteel,鋼鐵類指數,Index,0.0,0.0,0.0,0.0,0.0,0.0,0.0,0.0,0.0,0.0,0.0,0.0,0.0,117.88,0.0,0.0,0.0,0.0,0,6.12,42
Other,其他類指數,Index,0.0,0.0,0.0,0.0,0.0,0.0,0.0,0.0,0.0,0.0,0.0,0.0,0.0,280.76,0.0,0.0,0.0,3.77,24,0.11,59
PaperPulp,造紙類指數,Index,0.0,0.0,0.0,0.0,0.0,0.0,0.0,0.0,0.0,0.0,0.0,0.0,0.0,286.73,0.0,0.0,0.0,0.0,0,11.0,24
TAIEX,加權指數,大盤,0.0,0.0,0.0,0.0,0.0,0.0,0.0,0.0,0.0,0.0,0.0,0.0,0.0,46556.39,0.0,0.0,0.0,2.14,3,36.33,183
Rubber,橡膠類指數,Index,0.0,0.0,0.0,0.0,0.0,0.0,0.0,0.0,0.0,0.0,0.0,0.0,0.0,200.01,0.0,0.0,0.0,3.36,91,4.89,17
Semiconductor,半導體類指數,Index,0.0,0.0,0.0,0.0,0.0,0.0,0.0,0.0,0.0,0.0,0.0,0.0,0.0,1589.42,0.0,0.0,0.0,5.26,183,136.08,24
ShippingTransportation,航運業類指數,Index,0.0,0.0,0.0,0.0,0.0,0.0,0.0,0.0,0.0,0.0,0.0,0.0,0.0,190.64,0.0,0.0,0.0,15.18,154,1.17,42
Textiles,紡織纖維類指數,Index,0.0,0.0,0.0,0.0,0.0,0.0,0.0,0.0,0.0,0.0,0.0,0.0,0.0,512.4,0.0,0.0,0.0,1.32,7,0.0,0
InformationService,資訊服務類指數,Index,0.0,0.0,0.0,0.0,0.0,0.0,0.0,0.0,0.0,0.0,0.0,0.0,0.0,210.79,0.0,0.0,0.0,16.39,156,9.83,94
Tourism,觀光事業類指數,Index,0.0,0.0,0.0,0.0,0.0,0.0,0.0,0.0,0.0,0.0,0.0,0.0,0.0,103.37,0.0,0.0,0.0,1.42,10,2.4,7
Plastics,塑膠類指數,Index,0.0,0.0,0.0,0.0,0.0,0.0,0.0,0.0,0.0,0.0,0.0,0.0,0.0,332.07,0.0,0.0,0.0,3.82,10,179.65,24
GlassCeramic,玻璃陶瓷類指數,Index,0.0,0.0,0.0,0.0,0.0,0.0,0.0,0.0,0.0,0.0,0.0,0.0,0.0,160.12,0.0,0.0,0.0,7.06,140,262.16,24
BuildingMaterialConstruction,建材營造類指數,Index,0.0,0.0,0.0,0.0,0.0,0.0,0.0,0.0,0.0,0.0,0.0,0.0,0.0,466.77,0.0,0.0,0.0,15.06,24,0.61,59
FinancialInsurance,金融保險類指數,Index,0.0,0.0,0.0,0.0,0.0,0.0,0.0,0.0,0.0,0.0,0.0,0.0,0.0,3100.28,0.0,0.0,0.0,2.67,4,46.06,24
ElectronicProductsDistribution,電子通路類指數,Index,0.0,0.0,0.0,0.0,0.0,0.0,0.0,0.0,0.0,0.0,0.0,0.0,0.0,381.19,0.0,0.0,0.0,3.34,7,53.23,24
ElectronicPartsComponents,電子零組件類指數,Index,0.0,0.0,0.0,0.0,0.0,0.0,0.0,0.0,0.0,0.0,0.0,0.0,0.0,977.33,0.0,0.0,0.0,3.0,3,299.74,24
Electronic,電子類指數,Index,0.0,0.0,0.0,0.0,0.0,0.0,0.0,0.0,0.0,0.0,0.0,0.0,0.0,2990.1,0.0,0.0,0.0,2.75,3,130.7,24
ElectricMachinery,電機機械類指數,Index,0.0,0.0,0.0,0.0,0.0,0.0,0.0,0.0,0.0,0.0,0.0,0.0,0.0,574.34,0.0,0.0,0.0,2.11,2,51.84,24
ElectricalCable,電器電纜類指數,Index,0.0,0.0,0.0,0.0,0.0,0.0,0.0,0.0,0.0,0.0,0.0,0.0,0.0,110.29,0.0,0.0,0.0,2.21,9,42.89,184
ComputerPeripheralEquipment,電腦及週邊設備類指數,Index,0.0,0.0,0.0,0.0,0.0,0.0,0.0,0.0,0.0,0.0,0.0,0.0,0.0,412.96,0.0,0.0,0.0,1.23,2,45.66,24
CommunicationsInternet,通信網路類指數,Index,0.0,0.0,0.0,0.0,0.0,0.0,0.0,0.0,0.0,0.0,0.0,0.0,0.0,258.39,0.0,0.0,0.0,8.63,172,50.09,24
ChemicalBiotechnologyMedicalCare,化學生技醫療類指數,Index,0.0,0.0,0.0,0.0,0.0,0.0,0.0,0.0,0.0,0.0,0.0,0.0,0.0,177.35,0.0,0.0,0.0,1.11,9,25.01,24
Chemical,化學類指數,Index,0.0,0.0,0.0,0.0,0.0,0.0,0.0,0.0,0.0,0.0,0.0,0.0,0.0,218.05,0.0,0.0,0.0,1.03,81,32.98,24
Cement,水泥類指數,Index,0.0,0.0,0.0,0.0,0.0,0.0,0.0,0.0,0.0,0.0,0.0,0.0,0.0,123.06,0.0,0.0,0.0,0.19,4,0.0,0
BiotechnologyMedicalCare,生技醫療類指數,Index,0.0,0.0,0.0,0.0,0.0,0.0,0.0,0.0,0.0,0.0,0.0,0.0,0.0,97.91,0.0,0.0,0.0,2.46,9,28.65,63
Automobile,汽車類指數,Index,0.0,0.0,0.0,0.0,0.0,0.0,0.0,0.0,0.0,0.0,0.0,0.0,0.0,303.4,0.0,0.0,0.0,1.55,8,2.95,67
TPEx,櫃買指數,大盤,0.0,0.0,0.0,0.0,0.0,0.0,0.0,0.0,0.0,0.0,0.0,0.0,0.0,439.8,0.0,0.0,0.0,0.92,3,22.93,184
Food,食品類指數,Index,0.0,0.0,0.0,0.0,0.0,0.0,0.0,0.0,0.0,0.0,0.0,0.0,0.0,1991.14,0.0,0.0,0.0,2.45,15,2.42,14
TradingConsumersGoods,貿易百貨類指數,Index,0.0,0.0,0.0,0.0,0.0,0.0,0.0,0.0,0.0,0.0,0.0,0.0,0.0,246.83,0.0,0.0,0.0,3.95,79,0.2,7
