代號,名稱,產業別,前一年_EPS,前一年營收_e,轉換數據EPS_1,本年度累積營收換算EPS,推估本年度營收,推估本年度EPS,平均前2年本益比,前2年本益比最高最低差,前2年最低本益比,前2年最高本益比,用本年度推估EPS換算股價最低值,用本年度推估EPS換算股價最高值,用本年度推估EPS換算股價平均值,今日股價,報酬,風險,加成,前兩年往後6月最高漲幅_%,前兩年往後6月達最高花費天數,前一年往後6月最高漲幅_%,前一年往後6月達最高花費天數
5481,新華,電子零組件業,-0.65,97157000.0,0.0,0.0,89607092.47870143,0.0,0.0,0.0,0.0,0.0,0.0,0.0,0.0,19.8,0.0,0.0,0.0,120.38,149,6.35,111
5450,寶聯通,電腦及週邊設備業,0.22,2421173000.0,11005331818.181818,0.1,2491365868.483182,0.23,32.35,57.07,11.11,68.18,2.56,15.68,7.44,12.5,0.6,0.2,1.25,4.07,2,1.29,9
3687,歐買尬,文化創意業,4.68,1807323000.0,386180128.20512825,2.15,2041413020.3285499,5.29,33.68,48.56,13.34,61.9,70.57,327.45,178.17,69.8,2.55,1.01,4.69,20.29,162,8.28,156
3629,地心引力,光電業,-0.65,4873000.0,0.0,0.0,5345071875.0,0.0,0.0,0.0,0.0,0.0,0.0,0.0,0.0,16.5,0.0,0.0,0.0,0.0,0,98.92,57
6238,勝麗,其他電子類,0.0,0.0,0.0,0.0,0.0,0.0,0.0,0.0,0.0,0.0,0.0,0.0,0.0,0.0,0.0,0.0,0.0,0.0,0,0.0,0
00835B,第一金科技債10+,上櫃指數股票型基金(ETF),0.0,0.0,0.0,0.0,0.0,0.0,0.0,0.0,0.0,0.0,0.0,0.0,0.0,0.0,0.0,0.0,0.0,0.0,0,0.0,0
00837B,永豐15年金融債,上櫃指數股票型基金(ETF),0.0,0.0,0.0,0.0,0.0,0.0,0.0,0.0,0.0,0.0,0.0,0.0,0.0,0.0,0.0,0.0,0.0,0.0,0,0.0,0
00798B,國泰中企A級債7+,上櫃指數股票型基金(ETF),0.0,0.0,0.0,0.0,0.0,0.0,0.0,0.0,0.0,0.0,0.0,0.0,0.0,0.0,0.0,0.0,0.0,0.0,0,0.0,0
6497,亞獅康-KY,生技醫療業,0.0,0.0,0.0,0.0,0.0,0.0,0.0,0.0,0.0,0.0,0.0,0.0,0.0,0.0,0.0,0.0,0.0,0.0,0,0.0,0
5349,先豐,電子零組件業,0.0,0.0,0.0,0.0,0.0,0.0,0.0,0.0,0.0,0.0,0.0,0.0,0.0,0.0,0.0,0.0,0.0,0.0,0,0.0,0
01002T,土銀國泰R1,受益證券,0.0,0.0,0.0,0.0,0.0,0.0,0.0,0.0,0.0,0.0,0.0,0.0,0.0,14.1,0.0,0.0,0.0,0.47,38,0.87,36
01003T,兆豐新光R1,受益證券,0.0,0.0,0.0,0.0,0.0,0.0,0.0,0.0,0.0,0.0,0.0,0.0,0.0,0.0,0.0,0.0,0.0,0.0,0,0.0,0
01004T,土銀富邦R2,受益證券,0.0,0.0,0.0,0.0,0.0,0.0,0.0,0.0,0.0,0.0,0.0,0.0,0.0,10.59,0.0,0.0,0.0,0.24,3,0.0,0
01005T,三鼎,受益證券,0.0,0.0,0.0,0.0,0.0,0.0,0.0,0.0,0.0,0.0,0.0,0.0,0.0,0.0,0.0,0.0,0.0,0.0,0,0.0,0
01008T,駿馬R1,受益證券,0.0,0.0,0.0,0.0,0.0,0.0,0.0,0.0,0.0,0.0,0.0,0.0,0.0,0.0,0.0,0.0,0.0,0.0,0,0.0,0
01009T,王道圓滿R1,受益證券,0.0,0.0,0.0,0.0,0.0,0.0,0.0,0.0,0.0,0.0,0.0,0.0,0.0,5.7,0.0,0.0,0.0,1.01,11,4.27,51
01001T,土銀富邦R1,受益證券,0.0,0.0,0.0,0.0,0.0,0.0,0.0,0.0,0.0,0.0,0.0,0.0,0.0,11.64,0.0,0.0,0.0,1.65,2,0.0,0
01007T,兆豐國泰R2,受益證券,0.0,0.0,0.0,0.0,0.0,0.0,0.0,0.0,0.0,0.0,0.0,0.0,0.0,12.83,0.0,0.0,0.0,1.79,28,0.07,7
710505,泰博富邦9B購01,所有證券,0.0,0.0,0.0,0.0,0.0,0.0,0.0,0.0,0.0,0.0,0.0,0.0,0.0,0.0,0.0,0.0,0.0,0.0,0,0.0,0
710534,鈺太元大9B購01,所有證券,0.0,0.0,0.0,0.0,0.0,0.0,0.0,0.0,0.0,0.0,0.0,0.0,0.0,0.0,0.0,0.0,0.0,0.0,0,0.0,0
710533,鈊象元大9B購04,所有證券,0.0,0.0,0.0,0.0,0.0,0.0,0.0,0.0,0.0,0.0,0.0,0.0,0.0,0.0,0.0,0.0,0.0,0.0,0,0.0,0
710516,宇峻永豐9B購01,所有證券,0.0,0.0,0.0,0.0,0.0,0.0,0.0,0.0,0.0,0.0,0.0,0.0,0.0,0.0,0.0,0.0,0.0,21.15,2,0.0,0
710510,群聯凱基9B購03,所有證券,0.0,0.0,0.0,0.0,0.0,0.0,0.0,0.0,0.0,0.0,0.0,0.0,0.0,0.0,0.0,0.0,0.0,0.0,0,0.0,0
710509,建榮凱基9B購01,所有證券,0.0,0.0,0.0,0.0,0.0,0.0,0.0,0.0,0.0,0.0,0.0,0.0,0.0,0.0,0.0,0.0,0.0,0.0,0,0.0,0
709983,群聯日盛9B購01,所有證券,0.0,0.0,0.0,0.0,0.0,0.0,0.0,0.0,0.0,0.0,0.0,0.0,0.0,0.0,0.0,0.0,0.0,0.0,0,0.0,0
710499,網家國泰9B購01,所有證券,0.0,0.0,0.0,0.0,0.0,0.0,0.0,0.0,0.0,0.0,0.0,0.0,0.0,0.0,0.0,0.0,0.0,0.0,0,0.0,0
709994,中美晶元大9B購01,所有證券,0.0,0.0,0.0,0.0,0.0,0.0,0.0,0.0,0.0,0.0,0.0,0.0,0.0,0.0,0.0,0.0,0.0,22.54,32,0.0,0
709985,大江富邦9B購02,所有證券,0.0,0.0,0.0,0.0,0.0,0.0,0.0,0.0,0.0,0.0,0.0,0.0,0.0,0.0,0.0,0.0,0.0,0.0,0,0.0,0
709972,旺矽元大9B購01,所有證券,0.0,0.0,0.0,0.0,0.0,0.0,0.0,0.0,0.0,0.0,0.0,0.0,0.0,0.0,0.0,0.0,0.0,0.0,0,0.0,0
710553,穩懋統一9B購03,所有證券,0.0,0.0,0.0,0.0,0.0,0.0,0.0,0.0,0.0,0.0,0.0,0.0,0.0,0.0,0.0,0.0,0.0,0.0,0,0.0,0
709966,金居群益9B購01,所有證券,0.0,0.0,0.0,0.0,0.0,0.0,0.0,0.0,0.0,0.0,0.0,0.0,0.0,0.0,0.0,0.0,0.0,0.0,0,0.0,0
710502,泰博元大9B購01,所有證券,0.0,0.0,0.0,0.0,0.0,0.0,0.0,0.0,0.0,0.0,0.0,0.0,0.0,0.0,0.0,0.0,0.0,0.0,0,0.0,0
710560,宏捷科元大9B購02,所有證券,0.0,0.0,0.0,0.0,0.0,0.0,0.0,0.0,0.0,0.0,0.0,0.0,0.0,0.0,0.0,0.0,0.0,0.0,0,0.0,0
708785,信驊中信9B購01,所有證券,0.0,0.0,0.0,0.0,0.0,0.0,0.0,0.0,0.0,0.0,0.0,0.0,0.0,0.0,0.0,0.0,0.0,0.0,0,0.0,0
710561,威剛元大9B購02,所有證券,0.0,0.0,0.0,0.0,0.0,0.0,0.0,0.0,0.0,0.0,0.0,0.0,0.0,0.0,0.0,0.0,0.0,0.0,0,0.0,0
711140,旺矽凱基9B購01,所有證券,0.0,0.0,0.0,0.0,0.0,0.0,0.0,0.0,0.0,0.0,0.0,0.0,0.0,0.0,0.0,0.0,0.0,0.0,0,0.0,0
711139,中美晶凱基9B購02,所有證券,0.0,0.0,0.0,0.0,0.0,0.0,0.0,0.0,0.0,0.0,0.0,0.0,0.0,0.0,0.0,0.0,0.0,0.0,0,0.0,0
711137,胡連群益9B購01,所有證券,0.0,0.0,0.0,0.0,0.0,0.0,0.0,0.0,0.0,0.0,0.0,0.0,0.0,0.0,0.0,0.0,0.0,0.0,0,0.0,0
73107P,原相國票9B售02,所有證券,0.0,0.0,0.0,0.0,0.0,0.0,0.0,0.0,0.0,0.0,0.0,0.0,0.0,0.0,0.0,0.0,0.0,0.0,0,0.0,0
709403,雙美國票9B購01,所有證券,0.0,0.0,0.0,0.0,0.0,0.0,0.0,0.0,0.0,0.0,0.0,0.0,0.0,0.0,0.0,0.0,0.0,0.0,0,0.0,0
711135,元太群益9B購01,所有證券,0.0,0.0,0.0,0.0,0.0,0.0,0.0,0.0,0.0,0.0,0.0,0.0,0.0,0.0,0.0,0.0,0.0,0.0,0,0.0,0
711134,中美晶群益9B購03,所有證券,0.0,0.0,0.0,0.0,0.0,0.0,0.0,0.0,0.0,0.0,0.0,0.0,0.0,0.0,0.0,0.0,0.0,0.0,0,0.0,0
711141,胡連凱基9B購01,所有證券,0.0,0.0,0.0,0.0,0.0,0.0,0.0,0.0,0.0,0.0,0.0,0.0,0.0,0.0,0.0,0.0,0.0,8.93,10,0.0,0
711133,寶雅永豐9B購01,所有證券,0.0,0.0,0.0,0.0,0.0,0.0,0.0,0.0,0.0,0.0,0.0,0.0,0.0,0.0,0.0,0.0,0.0,0.0,0,0.0,0
711131,胡連永豐9B購01,所有證券,0.0,0.0,0.0,0.0,0.0,0.0,0.0,0.0,0.0,0.0,0.0,0.0,0.0,0.0,0.0,0.0,0.0,0.0,0,0.0,0
711127,頎邦元大9B購03,所有證券,0.0,0.0,0.0,0.0,0.0,0.0,0.0,0.0,0.0,0.0,0.0,0.0,0.0,0.0,0.0,0.0,0.0,0.0,0,0.0,0
711126,聯亞元大9B購05,所有證券,0.0,0.0,0.0,0.0,0.0,0.0,0.0,0.0,0.0,0.0,0.0,0.0,0.0,0.0,0.0,0.0,0.0,0.0,0,0.0,0
73193P,神盾元大9B售04,所有證券,0.0,0.0,0.0,0.0,0.0,0.0,0.0,0.0,0.0,0.0,0.0,0.0,0.0,0.0,0.0,0.0,0.0,0.0,0,0.0,0
710590,鈺太凱基9B購01,所有證券,0.0,0.0,0.0,0.0,0.0,0.0,0.0,0.0,0.0,0.0,0.0,0.0,0.0,0.0,0.0,0.0,0.0,0.0,0,0.0,0
710575,環球晶中信9B購01,所有證券,0.0,0.0,0.0,0.0,0.0,0.0,0.0,0.0,0.0,0.0,0.0,0.0,0.0,4.24,0.0,0.0,0.0,0.0,0,0.0,0
710569,中美晶富邦9B購04,所有證券,0.0,0.0,0.0,0.0,0.0,0.0,0.0,0.0,0.0,0.0,0.0,0.0,0.0,0.0,0.0,0.0,0.0,0.0,0,0.0,0
710566,碩禾元大9B購01,所有證券,0.0,0.0,0.0,0.0,0.0,0.0,0.0,0.0,0.0,0.0,0.0,0.0,0.0,4.64,0.0,0.0,0.0,156.2,147,0.0,0
711132,僑威永豐9B購01,所有證券,0.0,0.0,0.0,0.0,0.0,0.0,0.0,0.0,0.0,0.0,0.0,0.0,0.0,0.0,0.0,0.0,0.0,0.0,0,0.0,0
711145,環球晶國票9B購02,所有證券,0.0,0.0,0.0,0.0,0.0,0.0,0.0,0.0,0.0,0.0,0.0,0.0,0.0,0.0,0.0,0.0,0.0,0.0,0,0.0,0
8934,衡平,其他,0.0,0.0,0.0,0.0,0.0,0.0,0.0,0.0,0.0,0.0,0.0,0.0,0.0,0.0,0.0,0.0,0.0,0.0,0,0.0,0
5304,鼎創達,電腦及週邊設備業,0.0,0.0,0.0,0.0,0.0,0.0,0.0,0.0,0.0,0.0,0.0,0.0,0.0,0.0,0.0,0.0,0.0,0.0,0,0.0,0
00833B,第一金美債20+,上櫃指數股票型基金(ETF),0.0,0.0,0.0,0.0,0.0,0.0,0.0,0.0,0.0,0.0,0.0,0.0,0.0,0.0,0.0,0.0,0.0,0.0,0,0.0,0
00855B,富邦全球能源債,上櫃指數股票型基金(ETF),0.0,0.0,0.0,0.0,0.0,0.0,0.0,0.0,0.0,0.0,0.0,0.0,0.0,0.0,0.0,0.0,0.0,0.0,0,0.0,0
00854B,富邦全球保險債,上櫃指數股票型基金(ETF),0.0,0.0,0.0,0.0,0.0,0.0,0.0,0.0,0.0,0.0,0.0,0.0,0.0,0.0,0.0,0.0,0.0,0.0,0,0.0,0
6438,迅得,其他電子類,5.26,6375307000.0,1212035551.3307986,2.45,7673671427.822287,6.33,25.15,34.55,12.98,47.53,82.16,300.86,159.21,160.5,0.99,0.51,1.87,84.15,154,21.7,101
00873B,凱基新興債1-5,上櫃指數股票型基金(ETF),0.0,0.0,0.0,0.0,0.0,0.0,0.0,0.0,0.0,0.0,0.0,0.0,0.0,0.0,0.0,0.0,0.0,0.0,0,0.0,0
00874B,凱基BBB公司債15+,上櫃指數股票型基金(ETF),0.0,0.0,0.0,0.0,0.0,0.0,0.0,0.0,0.0,0.0,0.0,0.0,0.0,0.0,0.0,0.0,0.0,0.0,0,0.0,0
00871B,元大中國政金債,上櫃指數股票型基金(ETF),0.0,0.0,0.0,0.0,0.0,0.0,0.0,0.0,0.0,0.0,0.0,0.0,0.0,0.0,0.0,0.0,0.0,0.0,0,0.0,0
00868B,FT1-3年美公債,上櫃指數股票型基金(ETF),0.0,0.0,0.0,0.0,0.0,0.0,0.0,0.0,0.0,0.0,0.0,0.0,0.0,0.0,0.0,0.0,0.0,0.0,0,0.0,0
2614,東森,貿易百貨,2.05,5498233000.0,2682064878.048781,0.8,5173305926.818276,1.93,11.59,6.37,8.87,15.24,17.12,29.41,22.37,18.15,1.23,0.94,1.62,11.75,73,31.3,119
8499,鼎炫-KY,其他,10.13,2741866000.0,270667917.0779862,6.02,4963546355.429125,18.34,18.91,26.27,10.48,36.75,192.2,674.0,346.82,278.5,1.25,0.69,2.42,4.56,7,116.89,100
1456,怡華,紡織纖維,3.41,862187000.0,252840762.46334308,1.51,946750092.0804346,3.74,23.52,109.2,3.75,112.95,14.02,422.43,87.97,12.95,6.79,1.08,32.62,21.52,72,2.96,6
1453,大將,紡織纖維,0.03,1464000.0,48800000.0,0.01,1507129.2962356794,0.03,167.37,863.65,21.35,885.0,0.64,26.55,5.02,11.25,0.45,0.06,2.36,10.43,15,1.64,6
3669,圓展,光電業,1.13,2426628000.0,2147458407.079646,0.57,3112789982.392209,1.45,32.75,66.82,13.28,80.1,19.26,116.14,47.49,36.55,1.3,0.53,3.18,17.7,46,0.43,1
1443,立益,紡織纖維,1.14,987864000.0,866547368.4210527,0.44,901784301.5133129,1.04,23.55,26.23,14.97,41.2,15.57,42.85,24.49,26.45,0.93,0.59,1.62,11.99,93,3.04,50
6165,浪凡,電子工業,4.02,3185601000.0,792438059.7014927,1.76,3429332620.71986,4.33,31.65,49.29,10.81,60.1,46.81,260.23,137.05,47.9,2.86,0.98,5.43,29.91,161,6.81,30
2459,敦吉,電子通路業,5.17,4840007000.0,936171566.7311412,2.28,5138812700.420187,5.49,12.2,3.17,10.34,13.51,56.77,74.17,66.96,65.9,1.02,0.86,1.13,8.61,45,3.25,181
2241,艾姆勒,電機機械,-0.7,741604000.0,0.0,0.0,1046095479.6375632,0.0,0.0,0.0,0.0,0.0,0.0,0.0,0.0,33.55,0.0,0.0,0.0,4.47,1,47.88,181
2429,銘旺科,電子零組件業,-1.41,469482000.0,0.0,0.0,520902618.25438046,0.0,0.0,0.0,0.0,0.0,0.0,0.0,0.0,48.8,0.0,0.0,0.0,127.5,44,172.07,113
3450,聯鈞,其他電子業,5.01,8617529000.0,1720065668.6626747,2.18,7733236808.059751,4.5,311.22,2435.82,30.85,2466.67,138.83,11100.02,1400.51,413.5,3.39,0.34,26.84,221.52,170,45.87,135
3219,倚強股份,半導體業,1.52,1628708000.0,1071518421.0526316,0.75,2483809806.1897364,2.32,91.15,184.76,33.1,217.86,76.79,505.44,211.46,82.1,2.58,0.94,6.16,95.65,45,160.4,113
8489,三貝德,文化創意業,-0.76,1374206000.0,0.0,0.0,2188846896.1691427,0.0,0.0,0.0,0.0,0.0,0.0,0.0,0.0,25.0,0.0,0.0,0.0,25.77,88,36.73,23
6506,雙邦,化學工業,1.05,1861486000.0,1772843809.5238094,0.53,2026065403.2240915,1.14,29.52,70.04,15.19,85.23,17.32,97.16,33.65,19.0,1.77,0.91,5.11,13.07,126,0.89,43
8354,冠好,塑膠工業,0.13,644280000.0,4956000000.0,0.06,690332099.3570632,0.14,25.32,127.01,8.7,135.71,1.22,19.0,3.55,16.4,0.22,0.07,1.16,16.82,101,11.3,170
3685,元創精密,光電業,-1.02,1141579000.0,0.0,0.0,1745109231.590641,0.0,0.0,0.0,0.0,0.0,0.0,0.0,0.0,26.95,0.0,0.0,0.0,8.25,50,267.47,154
5345,天揚,電子零組件業,-0.33,18681000.0,0.0,0.0,92686500.0,0.0,0.0,0.0,0.0,0.0,0.0,0.0,0.0,0.0,0.0,0.0,0.0,215.04,92,8.72,111
6275,元山,其他電子類,2.81,4249900000.0,1512419928.8256228,1.2,4438947955.555684,2.93,15.02,11.1,10.77,21.87,31.56,64.08,44.02,46.7,0.94,0.68,1.37,12.83,8,8.41,93
5604,中連貨,航運業,0.85,159165000.0,187252941.1764706,0.36,164683803.4460753,0.88,30.87,37.98,14.4,52.38,12.67,46.09,27.17,31.65,0.86,0.4,1.46,10.0,38,0.78,6
3313,斐成,電子零組件業,-0.34,8779000.0,0.0,0.0,79544530.38674034,0.0,12.81,7.26,10.22,17.48,0.0,0.0,0.0,11.9,0.0,0.0,0.0,21.32,49,36.46,129
020017,永豐富櫃200N,指數投資證券(ETN),0.0,0.0,0.0,0.0,0.0,0.0,0.0,0.0,0.0,0.0,0.0,0.0,0.0,0.0,0.0,0.0,0.0,0.0,0,0.0,0
00839B,凱基醫療保健債,上櫃指數股票型基金(ETF),0.0,0.0,0.0,0.0,0.0,0.0,0.0,0.0,0.0,0.0,0.0,0.0,0.0,0.0,0.0,0.0,0.0,0.0,0,0.0,0
00869B,FT10-25年公司債,上櫃指數股票型基金(ETF),0.0,0.0,0.0,0.0,0.0,0.0,0.0,0.0,0.0,0.0,0.0,0.0,0.0,0.0,0.0,0.0,0.0,0.0,0,0.0,0
00832B,新光美債20+,上櫃指數股票型基金(ETF),0.0,0.0,0.0,0.0,0.0,0.0,0.0,0.0,0.0,0.0,0.0,0.0,0.0,0.0,0.0,0.0,0.0,0.0,0,0.0,0
4152,台微體,生技醫療業,0.0,0.0,0.0,0.0,0.0,0.0,0.0,0.0,0.0,0.0,0.0,0.0,0.0,0.0,0.0,0.0,0.0,0.0,0,0.0,0
00879B,第一金美債0-1,上櫃指數股票型基金(ETF),0.0,0.0,0.0,0.0,0.0,0.0,0.0,0.0,0.0,0.0,0.0,0.0,0.0,0.0,0.0,0.0,0.0,0.0,0,0.0,0
00880B,第一金電信債15+,上櫃指數股票型基金(ETF),0.0,0.0,0.0,0.0,0.0,0.0,0.0,0.0,0.0,0.0,0.0,0.0,0.0,0.0,0.0,0.0,0.0,0.0,0,0.0,0
00872B,凱基美債1-3,上櫃指數股票型基金(ETF),0.0,0.0,0.0,0.0,0.0,0.0,0.0,0.0,0.0,0.0,0.0,0.0,0.0,0.0,0.0,0.0,0.0,0.0,0,0.0,0
2928,紅馬-KY,觀光事業,0.0,0.0,0.0,0.0,0.0,0.0,0.0,0.0,0.0,0.0,0.0,0.0,0.0,0.0,0.0,0.0,0.0,0.0,0,0.0,0
3144,新揚科,電子零組件業,0.0,0.0,0.0,0.0,0.0,0.0,0.0,0.0,0.0,0.0,0.0,0.0,0.0,0.0,0.0,0.0,0.0,0.0,0,0.0,0
4803,VHQ-KY,文化創意業,0.0,0.0,0.0,0.0,0.0,0.0,0.0,0.0,0.0,0.0,0.0,0.0,0.0,0.0,0.0,0.0,0.0,0.0,0,0.0,0
020021,統一恒生科技N,指數投資證券(ETN),0.0,0.0,0.0,0.0,0.0,0.0,0.0,0.0,0.0,0.0,0.0,0.0,0.0,0.0,0.0,0.0,0.0,0.0,0,0.0,0
8406,金可-KY,生技醫療業,0.0,0.0,0.0,0.0,0.0,0.0,0.0,0.0,0.0,0.0,0.0,0.0,0.0,0.0,0.0,0.0,0.0,0.0,0,0.0,0
020003,統一漲升股利150N,指數投資證券(ETN),0.0,0.0,0.0,0.0,0.0,0.0,0.0,0.0,0.0,0.0,0.0,0.0,0.0,0.0,0.0,0.0,0.0,0.0,0,0.0,0
020009,群益A50綠碳N,指數投資證券(ETN),0.0,0.0,0.0,0.0,0.0,0.0,0.0,0.0,0.0,0.0,0.0,0.0,0.0,0.0,0.0,0.0,0.0,0.0,0,0.0,0
4429,聚紡,紡織纖維,0.0,0.0,0.0,0.0,0.0,0.0,0.0,0.0,0.0,0.0,0.0,0.0,0.0,0.0,0.0,0.0,0.0,0.0,0,0.0,0
6431,光麗-KY,光電業,-2.07,382162000.0,0.0,0.0,352821258.79801226,0.0,0.0,0.0,0.0,0.0,0.0,0.0,0.0,22.0,0.0,0.0,0.0,79.69,126,2.45,97
2495,普安,其他電子業,1.12,1184814000.0,1057869642.8571428,0.59,1476751921.6258318,1.4,22.63,30.9,9.1,40.0,12.74,56.0,31.68,37.5,0.84,0.34,1.49,64.42,157,15.37,182
2340,台亞,光電業,-2.87,4370938000.0,0.0,0.0,4141520143.2894845,0.0,327.88,489.26,82.17,571.43,0.0,0.0,0.0,34.45,0.0,0.0,0.0,15.4,46,50.23,121
00838B,永豐7-10年中國債,上櫃指數股票型基金(ETF),0.0,0.0,0.0,0.0,0.0,0.0,0.0,0.0,0.0,0.0,0.0,0.0,0.0,0.0,0.0,0.0,0.0,0.0,0,0.0,0
5321,美而快,電子零組件業,-0.28,2921237000.0,0.0,0.0,2269707751.8964386,0.0,625.94,2448.73,37.94,2486.67,0.0,0.0,0.0,32.2,0.0,0.0,0.0,5.97,32,9.86,36
8080,永利聯合,電子零組件業,0.11,180322000.0,1639290909.090909,0.04,132927603.85718617,0.08,220.03,1291.15,108.85,1400.0,8.71,112.0,17.6,27.3,0.64,0.32,4.1,128.07,122,0.95,6
3512,皇龍,電子零組件業,2.56,1531395000.0,598201171.875,0.6,582613621.8289493,0.97,17.86,42.19,6.34,48.53,6.15,47.07,17.32,20.3,0.85,0.3,2.32,0.11,2,0.95,38
5209,新鼎,資訊服務業,16.17,5243355000.0,324264378.47866416,5.25,4544292220.426218,14.01,12.17,5.81,9.15,14.96,128.19,209.59,170.53,164.5,1.04,0.78,1.27,0.5,31,46.06,169
00889B,凱基ESG新興債15+,上櫃指數股票型基金(ETF),0.0,0.0,0.0,0.0,0.0,0.0,0.0,0.0,0.0,0.0,0.0,0.0,0.0,0.0,0.0,0.0,0.0,0.0,0,0.0,0
5102,富強,橡膠工業,0.0,0.0,0.0,0.0,0.0,0.0,0.0,0.0,0.0,0.0,0.0,0.0,0.0,0.0,0.0,0.0,0.0,0.0,0,0.0,0
00843B,台新中國政策債,上櫃指數股票型基金(ETF),0.0,0.0,0.0,0.0,0.0,0.0,0.0,0.0,0.0,0.0,0.0,0.0,0.0,0.0,0.0,0.0,0.0,0.0,0,0.0,0
00796B,中信中國債7-10,上櫃指數股票型基金(ETF),0.0,0.0,0.0,0.0,0.0,0.0,0.0,0.0,0.0,0.0,0.0,0.0,0.0,0.0,0.0,0.0,0.0,0.0,0,0.0,0
020010,永昌富櫃200N,指數投資證券(ETN),0.0,0.0,0.0,0.0,0.0,0.0,0.0,0.0,0.0,0.0,0.0,0.0,0.0,0.0,0.0,0.0,0.0,0.0,0,0.0,0
5820,日盛金,金融業,0.0,0.0,0.0,0.0,0.0,0.0,0.0,0.0,0.0,0.0,0.0,0.0,0.0,0.0,0.0,0.0,0.0,0.0,0,0.0,0
3642,駿熠電,其他電子類,0.0,0.0,0.0,0.0,0.0,0.0,0.0,0.0,0.0,0.0,0.0,0.0,0.0,0.0,0.0,0.0,0.0,0.0,0,0.0,0
00745B,富邦中政債0-1,上櫃指數股票型基金(ETF),0.0,0.0,0.0,0.0,0.0,0.0,0.0,0.0,0.0,0.0,0.0,0.0,0.0,0.0,0.0,0.0,0.0,0.0,0,0.0,0
02003L,永豐富櫃200正2N,指數投資證券(ETN),0.0,0.0,0.0,0.0,0.0,0.0,0.0,0.0,0.0,0.0,0.0,0.0,0.0,0.0,0.0,0.0,0.0,0.0,0,0.0,0
020013,元富亞洲高股息N,指數投資證券(ETN),0.0,0.0,0.0,0.0,0.0,0.0,0.0,0.0,0.0,0.0,0.0,0.0,0.0,0.0,0.0,0.0,0.0,0.0,0,0.0,0
00747B,FH中國政策債,上櫃指數股票型基金(ETF),0.0,0.0,0.0,0.0,0.0,0.0,0.0,0.0,0.0,0.0,0.0,0.0,0.0,0.0,0.0,0.0,0.0,0.0,0,0.0,0
020014,元大富櫃200N,指數投資證券(ETN),0.0,0.0,0.0,0.0,0.0,0.0,0.0,0.0,0.0,0.0,0.0,0.0,0.0,0.0,0.0,0.0,0.0,0.0,0,0.0,0
6247,淇譽電,其他電子類,0.0,0.0,0.0,0.0,0.0,0.0,0.0,0.0,0.0,0.0,0.0,0.0,0.0,0.0,0.0,0.0,0.0,0.0,0,0.0,0
00748B,凱基中國債3-10,上櫃指數股票型基金(ETF),0.0,0.0,0.0,0.0,0.0,0.0,0.0,0.0,0.0,0.0,0.0,0.0,0.0,0.0,0.0,0.0,0.0,0.0,0,0.0,0
6869,雲豹能源-創,創新板股票,-4.2,6926950000.0,0.0,0.0,7778495388.658368,0.0,33.29,84.41,10.17,94.58,0.0,0.0,0.0,78.8,0.0,0.0,0.0,134.88,63,0.57,3
6873,泓德能源-創,創新板股票,3.67,9040441000.0,2463335422.343324,1.42,7840813946.242739,3.18,22.59,28.15,11.11,39.26,35.33,124.85,71.82,84.9,0.85,0.42,1.47,80.73,63,14.57,29
6594,展匯科,半導體業,0.0,0.0,0.0,0.0,0.0,0.0,0.0,0.0,0.0,0.0,0.0,0.0,0.0,0.0,0.0,0.0,0.0,0.0,0,0.0,0
2432,倚天,通信網路業,1.9,3191297000.0,1679630000.0,1.05,4476238482.966077,2.67,16.3,7.29,12.92,20.21,34.5,53.96,43.53,25.75,1.69,1.34,2.1,3.35,8,0.0,0
00765B,群益中國政金債,上櫃指數股票型基金(ETF),0.0,0.0,0.0,0.0,0.0,0.0,0.0,0.0,0.0,0.0,0.0,0.0,0.0,0.0,0.0,0.0,0.0,0.0,0,0.0,0
1258,其祥-KY,食品工業,0.0,0.0,0.0,0.0,0.0,0.0,0.0,0.0,0.0,0.0,0.0,0.0,0.0,0.0,0.0,0.0,0.0,0.0,0,0.0,0
8477,創業家,電子商務業,-0.92,442180000.0,0.0,0.0,320244745.12057555,0.0,0.0,0.0,0.0,0.0,0.0,0.0,0.0,15.4,0.0,0.0,0.0,21.35,51,1.92,1
5902,德記,貿易百貨,2.24,2297474000.0,1025658035.7142856,0.83,2014911691.4716759,1.96,19.99,6.34,16.67,23.01,32.67,45.1,39.18,37.6,1.04,0.87,1.2,26.85,84,1.49,1
2756,聯發國際,觀光事業,3.93,1122844000.0,285710941.475827,1.77,1577529312.786976,5.52,31.79,43.68,15.31,58.99,84.51,325.62,175.51,61.0,2.88,1.39,5.34,35.2,49,28.51,59
8044,網家,電子商務業,-4.62,36819770000.0,0.0,0.0,39167529942.530876,0.0,0.0,0.0,0.0,0.0,0.0,0.0,0.0,29.0,0.0,0.0,0.0,67.28,171,2.24,1
2706,第一店,觀光事業,0.64,376284000.0,587943750.0,0.26,383588798.6027463,0.65,22.51,10.72,17.84,28.56,11.6,18.56,14.63,12.0,1.22,0.97,1.55,5.64,8,2.16,6
6728,上洋,貿易百貨,9.77,4548540000.0,465561924.2579325,4.71,5105239920.13549,10.97,12.66,5.81,10.53,16.34,115.51,179.25,138.91,112.0,1.24,1.03,1.6,0.0,0,14.89,41
5903,全家,貿易百貨,7.6,109171999000.0,14364736710.526316,3.27,119715070672.08195,8.33,18.51,16.27,10.96,27.23,91.3,226.83,154.17,188.5,0.82,0.48,1.2,2.07,7,1.69,77
5904,寶雅,貿易百貨,29.63,25264824000.0,852677151.5356058,13.6,28113263975.756958,32.97,18.13,7.99,14.28,22.27,470.81,734.24,597.67,557.0,1.07,0.85,1.32,11.94,22,3.98,22
2755,揚秦,觀光事業,7.02,2990934000.0,426058974.3589744,3.27,3615245097.104862,8.49,20.6,8.62,16.79,25.41,142.55,215.73,174.88,132.5,1.32,1.08,1.63,4.23,175,36.14,93
6763,綠界科技,電子商務業,4.21,1725309000.0,409812114.01425177,1.91,1939659056.9513783,4.73,30.93,228.87,10.64,239.51,50.33,1132.88,146.29,44.15,3.31,1.14,25.66,0.0,0,21.25,43
8472,夠麻吉,電子商務業,-1.3,487533000.0,0.0,0.0,648371742.5122758,0.0,0.0,0.0,0.0,0.0,0.0,0.0,0.0,71.8,0.0,0.0,0.0,14.55,60,0.0,0
3171,新洲,貿易百貨,4.3,1843259000.0,428664883.7209303,2.56,3364621139.5344963,7.85,13.87,9.64,10.41,20.05,81.72,157.39,108.87,66.8,1.63,1.22,2.36,39.43,140,32.42,112
9943,好樂迪,觀光事業,5.4,2431559000.0,450288703.7037037,2.25,2231713596.832958,4.96,16.4,7.16,13.44,20.6,66.66,102.18,81.36,55.1,1.48,1.21,1.85,0.55,2,1.41,42
8462,柏文,觀光事業,8.49,5966497000.0,702767608.9517078,3.93,7195779896.054822,10.24,29.3,39.03,14.87,53.9,152.27,551.94,300.02,138.0,2.17,1.1,4.0,14.46,112,25.56,101
4804,大略-KY,觀光事業,-1.51,130783000.0,0.0,0.0,135749347.4982206,0.0,0.0,0.0,0.0,0.0,0.0,0.0,0.0,3.27,0.0,0.0,0.0,72.47,60,159.9,86
3522,御頂,觀光事業,-2.66,1143962000.0,0.0,0.0,1269785579.0988076,0.0,0.0,0.0,0.0,0.0,0.0,0.0,0.0,12.4,0.0,0.0,0.0,74.79,99,5.1,22
6741,91APP*-KY,電子商務業,4.41,1766188000.0,400496145.1247165,2.28,2299271637.0809917,5.74,20.52,14.96,13.52,28.48,77.6,163.48,117.8,61.8,1.91,1.26,2.65,3.44,44,7.8,83
2916,滿心,貿易百貨,3.96,1986414000.0,501619696.969697,1.78,1997268587.0877519,3.98,12.02,5.56,9.6,15.16,38.21,60.34,47.83,47.8,1.0,0.8,1.26,8.29,10,1.97,6
2937,集雅社,貿易百貨,4.15,5120538000.0,1233864578.313253,1.87,5596918800.290864,4.54,11.5,4.64,9.28,13.92,42.13,63.2,52.23,0.0,0.0,0.0,0.0,8.09,156,0.0,0
1259,安心,觀光事業,2.45,6045389000.0,2467505714.285714,1.02,6243896064.170222,2.53,37.55,61.2,13.33,74.53,33.72,188.56,94.99,0.0,0.0,0.0,0.0,0.0,0,8.64,177
5701,劍湖山,觀光事業,-0.26,534902000.0,0.0,0.0,507888589.5860147,0.0,0.0,0.0,0.0,0.0,0.0,0.0,0.0,3.4,0.0,0.0,0.0,2.98,2,1.69,2
2947,振宇五金,貿易百貨,3.29,2297483000.0,698323100.3039514,1.4,2419409401.9469304,3.46,26.11,12.64,22.25,34.89,76.98,120.72,90.32,0.0,0.0,0.0,0.0,6.3,49,5.79,42
3085,新零售,電子商務業,-0.56,56566000.0,0.0,0.0,59320754.4622633,0.0,0.0,0.0,0.0,0.0,0.0,0.0,0.0,12.0,0.0,0.0,0.0,79.87,183,0.0,0
1268,漢來美食,觀光事業,10.12,6246514000.0,617244466.4031621,4.95,7022065580.203516,11.38,16.31,6.31,12.13,18.44,138.04,209.85,185.65,168.0,1.11,0.82,1.25,1.47,43,9.33,113
5703,亞都,觀光事業,0.53,448515000.0,846254716.981132,0.27,495909871.7973472,0.59,57.46,80.22,21.54,101.76,12.71,60.04,33.9,0.0,0.0,0.0,0.0,0.0,0,5.17,51
3252,海灣,觀光事業,0.13,496920000.0,3822461538.4615383,0.06,510031565.467991,0.13,174.8,84.85,118.33,203.18,15.38,26.41,22.72,17.8,1.28,0.86,1.48,0.0,0,1.5,113
5706,鳳凰,觀光事業,3.41,3142660000.0,921601173.0205278,1.23,2927152757.7367487,3.18,16.74,10.29,12.21,22.5,38.83,71.55,53.24,49.65,1.07,0.78,1.44,5.06,9,2.72,3
8433,弘帆,貿易百貨,3.18,3398355000.0,1068665094.3396226,1.42,3967072674.9917507,3.71,11.47,13.76,6.27,20.03,23.26,74.31,42.55,52.5,0.81,0.44,1.42,0.0,0,0.0,0
5704,老爺知,觀光事業,0.39,310605000.0,796423076.9230769,0.18,364581795.33645,0.46,29.44,70.54,12.02,82.56,5.53,37.98,13.54,21.25,0.64,0.26,1.79,0.92,8,1.54,108
2707,晶華,觀光事業,11.42,6817181000.0,596951050.7880911,5.27,7063763876.507626,11.83,17.95,9.15,12.25,21.4,144.92,253.16,212.34,173.0,1.23,0.84,1.46,0.0,0,3.3,113
2753,八方雲集,觀光事業,12.85,8764223000.0,682040700.3891051,5.56,9170812995.193312,13.45,17.81,9.03,12.84,21.87,172.7,294.15,239.59,173.0,1.38,1.0,1.7,0.0,0,10.15,176
5287,數字,電子商務業,13.94,2316918000.0,166206456.24103302,5.65,2311183151.8493986,13.91,14.21,5.98,10.73,16.71,149.25,232.44,197.67,150.5,1.31,0.99,1.54,0.75,9,2.82,99
8941,關中,貿易百貨,1.16,3009319000.0,2594240517.2413793,0.48,2991185899.652314,1.15,18.94,40.26,7.97,48.23,9.17,55.46,21.78,44.4,0.49,0.21,1.25,1.27,39,0.0,0
2732,六角,觀光事業,1.08,4231906000.0,3918431481.481481,0.56,5757579011.7505,1.47,35.83,70.48,15.43,85.91,22.68,126.29,52.67,64.7,0.81,0.35,1.95,0.0,0,0.22,1
2754,亞洲藏壽司,觀光事業,2.36,5729128000.0,2427596610.169492,0.98,6102620615.109119,2.51,40.22,73.67,16.87,90.54,42.34,227.26,100.95,77.0,1.31,0.55,2.95,5.29,46,25.0,119
5301,寶得利,觀光事業,-1.36,238825000.0,0.0,0.0,215881700.65649092,0.0,0.0,0.0,0.0,0.0,0.0,0.0,0.0,6.82,0.0,0.0,0.0,0.0,0,129.85,176
2729,瓦城,觀光事業,7.16,6114633000.0,853999022.3463687,3.1,6368332843.945377,7.46,22.31,8.25,18.71,26.96,139.58,201.12,166.4,162.0,1.03,0.86,1.24,5.17,56,2.64,29
8066,來思達,貿易百貨,-3.49,4567654000.0,0.0,0.0,3620531010.572845,0.0,569.63,1416.11,28.89,1445.0,0.0,0.0,0.0,16.4,0.0,0.0,0.0,2.96,18,6.74,17
2727,王品,觀光事業,16.01,23220546000.0,1450377638.97564,7.25,25464346485.24943,17.56,14.41,3.94,11.8,15.74,207.21,276.39,253.04,234.5,1.08,0.88,1.18,5.56,171,9.4,7
2726,雅茗-KY,觀光事業,-3.56,570200000.0,0.0,0.0,494023968.5658153,0.0,49.21,149.71,4.2,153.91,0.0,0.0,0.0,9.36,0.0,0.0,0.0,1.87,2,3.32,2
6195,詩肯,貿易百貨,0.99,2207685000.0,2229984848.4848485,0.49,2445534159.259203,1.1,20.89,14.91,13.13,28.04,14.44,30.84,22.98,26.15,0.88,0.55,1.18,1.53,16,0.65,31
8077,洛碁,觀光事業,6.03,1080743000.0,179227694.85903814,2.69,1101854510.7640328,6.15,9.99,8.08,6.29,14.37,38.68,88.38,61.47,0.0,0.0,0.0,0.0,3.15,73,5.24,7
2734,易飛網,觀光事業,-1.41,1626979000.0,0.0,0.0,2117428878.9287436,0.0,37.09,63.99,14.87,78.86,0.0,0.0,0.0,15.3,0.0,0.0,0.0,1.45,8,1.92,2
2724,富驛-KY,觀光事業,-0.21,159698000.0,0.0,0.0,182697858.65094957,0.0,9.05,9.78,4.97,14.75,0.0,0.0,0.0,0.0,0.0,0.0,0.0,24.53,73,1.57,15
2723,美食-KY,觀光事業,-2.47,18376224000.0,0.0,0.0,15428662047.218966,0.0,29.14,29.44,17.23,46.67,0.0,0.0,0.0,63.1,0.0,0.0,0.0,3.83,140,1.39,6
2701,萬企,觀光事業,0.56,260225000.0,464687499.99999994,0.23,264342522.95738167,0.57,21.67,7.96,17.89,25.85,10.2,14.73,12.35,10.2,1.21,1.0,1.44,1.86,9,1.68,6
2722,夏都,觀光事業,-0.49,571971000.0,0.0,0.0,559328010.9299263,0.0,381.24,1669.86,55.14,1725.0,0.0,0.0,0.0,22.3,0.0,0.0,0.0,13.03,9,1.14,44
2719,燦星旅,觀光事業,-0.15,1982797000.0,0.0,0.0,1651447586.7778265,0.0,26.22,46.97,11.59,58.56,0.0,0.0,0.0,25.7,0.0,0.0,0.0,0.92,8,0.42,2
2702,華園,觀光事業,-0.35,1403236000.0,0.0,0.0,1434707058.4483757,0.0,43.68,50.88,23.33,74.21,0.0,0.0,0.0,12.95,0.0,0.0,0.0,1.0,43,0.36,1
2718,晶悅,觀光事業,16.94,2992167000.0,176633234.9468713,1.22,1067770565.2908657,6.05,8.62,47.15,1.24,48.39,7.5,292.76,52.16,46.2,1.13,0.16,6.34,31.07,86,17.14,176
2712,遠雄來,觀光事業,-0.39,533043000.0,0.0,0.0,542641137.2588066,0.0,123.78,23.75,106.88,130.63,0.0,0.0,0.0,14.95,0.0,0.0,0.0,2.12,8,14.18,43
2704,國賓,觀光事業,0.57,1361054000.0,2387814035.0877194,0.25,1374066671.633805,0.58,44.03,105.77,12.12,117.89,7.03,68.38,25.54,41.75,0.61,0.17,1.64,3.98,31,1.6,3
5364,力麗店,觀光事業,-0.77,337668000.0,0.0,0.0,207128945.5948553,0.0,0.0,0.0,0.0,0.0,0.0,0.0,0.0,9.15,0.0,0.0,0.0,168.72,101,0.0,0
2705,六福,觀光事業,0.87,2277851000.0,2618219540.229885,0.35,2198892791.633598,0.84,73.09,123.75,17.08,140.83,14.35,118.3,61.4,15.35,4.0,0.93,7.71,2.43,8,3.23,7
2924,宏太-KY,貿易百貨,-1.17,59042000.0,0.0,0.0,101644278.44113612,0.0,0.0,0.0,0.0,0.0,0.0,0.0,0.0,16.0,0.0,0.0,0.0,81.57,85,5.31,3
2736,富野,觀光事業,-1.74,520517000.0,0.0,0.0,569593146.6827002,0.0,0.0,0.0,0.0,0.0,0.0,0.0,0.0,11.85,0.0,0.0,0.0,3.69,8,2.23,7
2731,雄獅,觀光事業,17.49,29836786000.0,1705934019.4396799,7.68,33461080343.024345,19.61,10.56,8.9,6.99,15.89,137.07,311.6,207.09,160.0,1.29,0.86,1.95,3.09,59,14.42,181
5905,南仁湖,貿易百貨,-0.63,1067250000.0,0.0,0.0,3754387172.5326777,0.0,0.0,0.0,0.0,0.0,0.0,0.0,0.0,8.02,0.0,0.0,0.0,105.37,100,2.54,90
2743,山富,觀光事業,4.72,6629870000.0,1404633474.5762713,2.04,7102470776.021008,5.06,14.86,25.99,9.09,35.08,46.0,177.5,75.21,67.1,1.12,0.69,2.65,4.04,9,15.55,3
5278,尚凡,電子商務業,1.05,2602370000.0,2478447619.047619,0.44,3034769127.002369,1.22,43.42,412.05,17.28,429.33,21.08,523.78,52.98,23.85,2.22,0.88,21.96,33.91,169,46.84,77
8940,新天地,觀光事業,0.55,1601200000.0,2911272727.272727,0.3,1629157314.556782,0.56,62.88,203.79,11.21,215.0,6.28,120.4,35.21,16.7,2.11,0.38,7.21,0.0,0,0.0,0
9960,邁達康,貿易百貨,1.75,672255000.0,384145714.28571427,0.87,755487543.2604736,1.97,12.9,10.11,10.12,20.23,19.94,39.85,25.41,31.25,0.81,0.64,1.28,5.74,73,0.0,0
2739,寒舍,觀光事業,2.36,5167860000.0,2189771186.440678,1.08,5274929077.360027,2.41,16.53,43.63,6.31,49.94,15.21,120.36,39.83,34.55,1.15,0.44,3.48,5.67,64,2.0,6
2740,天蔥,觀光事業,-3.19,142213000.0,0.0,0.0,53076114.35277908,0.0,0.0,0.0,0.0,0.0,0.0,0.0,0.0,36.65,0.0,0.0,0.0,3.8,24,5.46,7
2748,雲品,觀光事業,2.17,2448032000.0,1128125345.62212,1.06,2493763956.7867236,2.21,19.23,9.18,13.61,22.79,30.08,50.37,42.5,39.25,1.08,0.77,1.28,0.41,8,1.36,3
2752,豆府,觀光事業,15.04,4051634000.0,269390558.5106383,6.71,4435530397.442509,16.47,15.15,9.1,11.39,20.49,187.59,337.47,249.56,174.0,1.43,1.08,1.94,3.79,7,1.14,3
2745,五福,觀光事業,10.01,8661695000.0,865304195.8041959,4.61,10003188535.289206,11.56,11.27,7.74,8.04,15.78,92.94,182.42,130.25,101.0,1.29,0.92,1.81,1.17,1,19.07,43
6670,復盛應用,其他,22.49,29763472000.0,1323409159.6265008,10.98,31261455153.66002,23.62,12.08,6.38,9.08,15.46,214.47,365.17,285.3,259.0,1.1,0.83,1.41,7.88,175,0.67,2
6689,伊雲谷,電子工業,2.3,12667665000.0,5507680434.782609,0.92,11485435265.372663,2.09,36.53,17.87,28.45,46.32,59.46,96.81,76.34,64.3,1.19,0.92,1.51,34.12,57,2.5,20
8341,日友,其他,4.48,4002425000.0,893398437.4999999,2.01,4494012934.273272,5.03,22.61,24.73,15.58,40.31,78.37,202.76,113.75,76.0,1.5,1.03,2.67,5.8,50,8.6,170
9904,寶成,其他,4.1,253268990000.0,61772924390.243904,1.71,241882323519.22247,3.92,7.18,4.42,4.94,9.36,19.36,36.69,28.15,25.65,1.1,0.75,1.43,19.53,183,13.06,43
8467,波力-KY,其他,10.04,2544953000.0,253481374.50199205,3.67,2328986679.6494436,9.19,18.52,24.06,10.73,34.79,98.61,319.72,170.2,125.5,1.36,0.79,2.55,63.48,171,11.24,112
8422,可寧衛,其他,1.3,4921714000.0,3785933846.153846,0.49,3825844266.081244,1.01,19.66,23.77,13.84,37.61,13.98,37.99,19.86,25.7,0.77,0.54,1.48,1.04,31,28.87,169
9924,福興,其他,3.17,7457017000.0,2352371293.3753943,1.13,6607987063.1395645,2.81,11.43,8.7,8.57,17.27,24.08,48.53,32.11,41.9,0.77,0.57,1.16,7.77,140,9.22,181
8473,山林水,其他,2.55,4934180000.0,1934972549.019608,1.14,5917555128.728666,3.06,27.47,36.58,12.05,48.63,36.87,148.81,84.05,39.75,2.11,0.93,3.74,34.04,60,33.28,153
8464,億豐,其他,22.53,30041892000.0,1333417310.252996,9.41,29600783526.154034,22.2,18.4,11.78,12.5,24.28,277.5,539.02,408.44,309.0,1.32,0.9,1.74,43.78,151,12.88,86
6671,三能-KY,其他,2.38,1985487000.0,834238235.2941177,0.93,1876832594.9195118,2.25,14.03,4.66,11.13,15.79,25.04,35.53,31.57,28.3,1.12,0.88,1.26,6.43,58,3.27,58
9921,巨大,其他,1.84,60780700000.0,33032989130.43478,0.66,49330398785.87593,1.49,70.1,266.08,22.08,288.16,32.9,429.36,104.44,70.6,1.48,0.47,6.08,9.66,93,1.64,1
9911,櫻花,其他,6.26,10160374000.0,1623062939.2971246,2.9,10892785002.207806,6.71,14.43,4.67,12.92,17.59,86.69,118.03,96.8,82.8,1.17,1.05,1.43,7.16,72,0.57,64
3054,立萬利,電子工業,1.96,126498000.0,64539795.91836735,3.58,909449772.2984962,14.09,38.02,36.39,19.26,55.65,271.37,784.11,535.66,66.6,8.04,4.07,11.77,15.02,101,7.01,87
9910,豐泰,其他,5.1,83553386000.0,16383016862.7451,2.0,78790348286.41159,4.81,22.12,16.22,13.49,29.71,64.89,142.91,106.39,70.1,1.52,0.93,2.04,4.42,36,11.11,142
2062,橋椿,其他,0.38,6372187000.0,16768913157.894737,0.17,6696366654.687484,0.4,20.47,88.64,8.03,96.67,3.21,38.67,8.19,18.55,0.44,0.17,2.08,36.76,126,2.72,7
6581,鋼聯,其他,6.17,2095016000.0,339548784.4408428,3.18,2537643822.544653,7.47,16.77,10.63,12.45,23.08,93.0,172.41,125.28,107.0,1.17,0.87,1.61,15.42,162,4.65,141
8438,昶昕,其他,2.1,3770840000.0,1795638095.238095,1.1,5006190924.122796,2.79,21.75,37.91,11.38,49.29,31.75,137.52,60.68,88.7,0.68,0.36,1.55,36.62,95,0.9,3
9935,慶豐富,其他,1.64,4981019000.0,3037206707.3170733,0.67,5016880582.931358,1.65,14.15,14.5,8.55,23.05,14.11,38.03,23.35,18.55,1.26,0.76,2.05,44.11,158,2.4,3
8454,富邦媒,貿易百貨,11.58,109217017000.0,9431521329.879103,4.67,108589622230.46722,11.51,22.23,14.42,14.86,29.28,171.04,337.01,255.87,194.5,1.32,0.88,1.73,2.07,15,1.64,1
9934,成霖,其他,-0.29,17486056000.0,0.0,0.0,18037394447.237194,0.0,20.48,55.35,8.18,63.53,0.0,0.0,0.0,9.71,0.0,0.0,0.0,6.23,31,0.91,6
6754,匯僑設計,其他,3.4,3632574000.0,1068404117.6470588,1.06,2909501435.308059,2.72,11.74,5.89,8.48,14.37,23.07,39.09,31.94,43.3,0.74,0.53,0.9,41.95,91,4.17,8
9802,鈺齊-KY,其他,6.05,17333351000.0,2865016694.214876,2.46,17614686792.745415,6.15,17.95,21.72,12.24,33.96,75.28,208.85,110.38,75.9,1.45,0.99,2.75,3.12,22,14.85,44
9914,美利達,其他,4.01,26935538000.0,6717091770.573566,1.38,20960861536.330055,3.12,34.95,34.95,13.89,48.84,43.34,152.38,109.05,68.5,1.59,0.63,2.22,5.22,73,1.25,1
5306,桂盟,其他,7.66,4729350000.0,617408616.1879896,3.51,4757838039.068763,7.71,16.39,19.75,9.58,29.33,73.86,226.13,126.36,82.0,1.54,0.9,2.76,11.81,106,0.49,1
4536,拓凱,其他,14.92,9439769000.0,632692292.2252011,6.1,8355657485.609107,13.21,11.12,7.25,7.74,14.99,102.25,198.02,146.86,158.0,0.93,0.65,1.25,11.59,163,4.36,21
3708,上緯投控,化學工業,35.56,6151654000.0,172993644.54443192,2.06,672848595.529311,3.89,44.42,107.22,2.78,110.0,10.81,427.9,172.8,119.0,1.45,0.09,3.6,7.75,46,81.1,94
2424,隴華,電腦及週邊設備業,-1.34,212664000.0,0.0,0.0,138659083.9630758,0.0,0.0,0.0,0.0,0.0,0.0,0.0,0.0,18.0,0.0,0.0,0.0,203.25,148,2.91,2
9930,中聯資源,其他,4.96,14021406000.0,2826896370.967742,2.0,13200842904.404945,4.67,15.24,5.61,13.53,19.14,63.19,89.38,71.17,67.6,1.05,0.93,1.32,8.46,73,2.01,2
3130,一零四,電子工業,14.7,2657992000.0,180815782.3129252,6.14,2821095263.498472,15.6,15.82,3.47,14.57,18.04,227.29,281.42,246.78,221.5,1.11,1.03,1.27,1.04,49,1.07,3
1439,雋揚,紡織纖維,3.21,548585000.0,170898753.894081,2.08,1293978023.7738502,7.57,14.91,14.0,8.1,22.1,61.32,167.3,112.86,25.5,4.43,2.4,6.56,18.84,102,0.95,3
8482,商億-KY,其他,2.3,3480536000.0,1513276521.7391305,1.0,3552900536.539122,2.35,19.51,29.72,12.23,41.95,28.74,98.58,45.85,48.7,0.94,0.59,2.02,7.66,130,0.79,7
6768,志強-KY,其他,6.78,20464647000.0,3018384513.2743363,2.92,19115353355.07761,6.33,16.11,16.65,10.95,27.6,69.31,174.71,102.0,84.3,1.21,0.82,2.07,55.89,184,10.27,141
8478,東哥遊艇,其他,13.25,4888412000.0,368936754.7169811,6.15,6949890128.661233,18.84,23.13,49.29,9.17,58.46,172.76,1101.39,435.79,150.5,2.9,1.15,7.32,7.64,43,49.21,45
1736,喬山,生技醫療業,9.07,53154689000.0,5860494928.335171,4.19,59372823751.62098,10.13,24.24,39.05,12.25,51.3,124.09,519.67,245.51,125.0,1.96,0.99,4.16,86.02,168,16.56,135
9955,佳龍,其他,0.54,1409673000.0,2610505555.5555553,0.3,2197742053.538942,0.84,54.99,27.03,39.08,66.11,32.83,55.53,46.19,27.75,1.66,1.18,2.0,14.14,93,8.95,154
2442,新美齊,電子工業,5.25,1316248000.0,250713904.76190478,52.85,17772432079.23383,70.89,19.5,32.24,3.47,35.71,245.99,2531.48,1382.26,18.45,74.92,13.33,137.21,12.28,73,16.73,107
1598,岱宇,生技醫療業,-3.35,6329286000.0,0.0,0.0,5332199807.627159,0.0,102.34,174.56,44.11,218.67,0.0,0.0,0.0,20.3,0.0,0.0,0.0,2.02,53,9.13,29
1472,三洋實業,紡織纖維,6.4,3601026000.0,562660312.5,2.74,3643832521.8607664,6.48,19.83,24.51,12.44,36.95,80.61,239.44,128.5,88.8,1.45,0.91,2.7,0.52,1,0.94,1
6806,森崴能源,其他,-57.89,27598134000.0,0.0,0.0,17774199175.234188,0.0,34.29,41.61,18.13,59.74,0.0,0.0,0.0,11.4,0.0,0.0,0.0,50.82,53,0.0,0
3557,嘉威,其他,0.13,4367859000.0,33598915384.615383,0.06,3367406336.7486134,0.1,288.57,3173.47,6.53,3180.0,0.65,318.0,28.86,24.65,1.17,0.03,12.9,5.27,15,0.38,1
1432,大魯閣,貿易百貨,6.03,1324663000.0,219678772.8026534,1.71,889568026.0488087,4.05,42.99,82.69,2.74,85.43,11.1,345.99,174.11,16.25,10.71,0.68,21.29,9.17,140,0.0,0
6807,峰源-KY,其他,4.69,4368245000.0,931395522.3880596,1.58,3160991163.777777,3.39,8.89,8.12,5.37,13.49,18.2,45.73,30.15,33.0,0.91,0.55,1.39,74.37,177,0.0,0
6641,基士德-KY,其他,0.45,1773564000.0,3941253333.333333,0.19,1824445719.4770381,0.46,64.03,204.41,12.59,217.0,5.79,99.82,29.45,18.25,1.61,0.32,5.47,0.95,15,4.14,3
6629,泰金-KY,其他,6.46,1675172000.0,259314551.08359134,4.32,3104173060.3524485,11.97,14.13,16.37,7.01,23.38,83.91,279.86,169.13,122.5,1.38,0.68,2.28,35.56,109,55.0,170
8423,保綠-KY,其他,0.73,372162000.0,509810958.9041096,0.34,393063336.0296969,0.77,32.51,23.84,20.82,44.66,16.03,34.39,25.03,17.7,1.41,0.91,1.94,20.23,44,3.15,112
6616,特昇-KY,其他,-0.6,1063387000.0,0.0,0.0,738585382.0085582,0.0,76.99,21.31,67.37,88.68,0.0,0.0,0.0,9.76,0.0,0.0,0.0,5.31,9,0.95,8
8420,明揚,其他,0.0,0.0,0.0,0.0,0.0,0.0,0.0,0.0,0.0,0.0,0.0,0.0,0.0,40.6,0.0,0.0,0.0,5.05,18,0.0,0
8924,大田,其他,5.63,4471774000.0,794276021.3143872,2.32,5671579932.00998,7.14,14.02,9.82,9.54,19.36,68.12,138.23,100.13,64.3,1.56,1.06,2.15,1.74,8,16.41,168
8928,鉅明,其他,1.41,3443852000.0,2442448226.9503546,0.52,2560174106.0974565,1.05,44.24,167.95,9.16,177.11,9.62,185.97,46.46,21.55,2.16,0.45,8.63,6.42,22,0.98,1
4530,宏易,電機機械,0.34,326341000.0,959826470.5882353,0.25,739538656.6554768,0.77,85.56,58.65,72.35,131.0,55.71,100.87,65.88,25.2,2.61,2.21,4.0,57.07,127,9.24,63
6123,上奇,電腦及週邊設備業,2.72,5094560000.0,1872999999.9999998,1.02,4619600529.531529,2.47,16.44,7.24,13.42,20.66,33.15,51.03,40.62,44.15,0.92,0.75,1.16,1.69,1,3.32,125
8390,金益鼎,其他,6.6,4649007000.0,704395000.0,3.71,6273776597.94319,8.91,14.53,10.71,10.27,20.98,91.51,186.93,129.48,113.0,1.15,0.81,1.65,41.58,53,24.88,184
1593,祺驊,生技醫療業,2.17,1236771000.0,569940552.9953917,0.99,1402395463.274593,2.46,24.08,37.8,12.59,50.39,30.97,123.96,59.24,31.35,1.89,0.99,3.95,0.11,134,1.88,108
8440,綠電,其他,0.31,942226000.0,3039438709.677419,0.11,741669856.7940195,0.24,87.95,123.52,41.48,165.0,9.96,39.6,21.11,22.4,0.94,0.44,1.77,48.66,44,0.52,1
8933,愛地雅,其他,-1.39,2377380000.0,0.0,0.0,1493839785.8780246,0.0,0.0,0.0,0.0,0.0,0.0,0.0,0.0,4.38,0.0,0.0,0.0,1.44,14,3.22,90
3713,新晶投控,光電業,-1.13,281414000.0,0.0,0.0,421752922.12354916,0.0,0.0,0.0,0.0,0.0,0.0,0.0,0.0,13.0,0.0,0.0,0.0,57.37,44,33.33,120
8938,明安,其他,6.19,15350061000.0,2479815993.5379643,2.77,14058019534.950693,5.67,18.34,45.08,7.47,52.55,42.35,297.96,103.96,54.1,1.92,0.78,5.51,4.08,18,0.14,1
5205,中茂,其他電子類,-1.43,24789000.0,0.0,0.0,32765280.554239698,0.0,0.0,0.0,0.0,0.0,0.0,0.0,0.0,22.2,0.0,0.0,0.0,0.0,0,6.12,16
6811,宏碁資訊,資訊服務業,14.37,9465495000.0,658698329.8538623,7.56,11241932120.970358,17.07,18.12,13.73,12.71,26.44,216.96,451.33,309.25,205.5,1.5,1.06,2.2,25.94,57,9.58,100
3178,公準,電機機械,-0.46,1278448000.0,0.0,0.0,1160453386.6175585,0.0,589.18,3129.21,20.79,3150.0,0.0,0.0,0.0,65.6,0.0,0.0,0.0,4.15,28,32.53,100
8087,華鎂鑫,光電業,-1.32,318083000.0,0.0,0.0,771109225.3682534,0.0,71.12,153.26,11.91,165.17,0.0,0.0,0.0,34.3,0.0,0.0,0.0,8.04,38,10.68,16
3551,世禾,其他電子類,8.36,2943952000.0,352147368.42105263,3.89,3469329562.527345,9.85,20.9,15.68,12.52,28.2,123.32,277.77,205.89,193.0,1.07,0.64,1.44,39.45,161,42.8,148
6624,萬年清,其他,0.36,655700000.0,1821388888.888889,0.13,446822197.8015785,0.25,76.8,181.16,27.26,208.42,6.82,52.1,19.2,48.0,0.4,0.14,1.09,11.31,45,3.63,13
3073,天方能源,半導體業,0.04,78469000.0,1961725000.0,0.04,328032859.52237606,0.17,188.81,722.31,17.69,740.0,3.01,125.8,32.1,20.3,1.58,0.15,6.2,220.0,63,6.97,29
6804,明係,其他,-2.83,1356794000.0,0.0,0.0,1585643497.729367,0.0,28.3,22.07,18.28,40.35,0.0,0.0,0.0,15.35,0.0,0.0,0.0,1.54,8,1.43,2
2640,大車隊,其他,9.01,3135467000.0,347998557.15871257,3.97,3285169864.8235736,9.44,15.32,8.2,13.44,21.64,126.87,204.28,144.6,164.0,0.88,0.77,1.25,2.92,59,0.0,0
4609,唐鋒,電器電纜,-0.11,170353000.0,0.0,0.0,142188923.39684346,0.0,0.0,0.0,0.0,0.0,0.0,0.0,0.0,5.5,0.0,0.0,0.0,5.61,44,0.0,0
8171,天宇,通信網路業,-5.46,286330000.0,0.0,0.0,467102998.3082978,0.0,0.0,0.0,0.0,0.0,0.0,0.0,0.0,23.3,0.0,0.0,0.0,4.48,50,0.96,1
4154,樂威科-KY,生技醫療業,-1.83,22250000.0,0.0,0.0,32454059.93472456,0.0,0.0,0.0,0.0,0.0,0.0,0.0,0.0,14.35,0.0,0.0,0.0,0.0,0,9.84,45
6690,安碁資訊,資訊服務業,10.22,2397800000.0,234618395.3033268,4.7,2832925909.118691,12.07,20.52,15.61,14.26,29.87,172.12,360.53,247.62,166.5,1.49,1.03,2.17,50.0,57,3.84,1
8476,台境,其他,0.51,1133942000.0,2223415686.27451,0.25,1426870750.479359,0.64,51.62,263.84,11.16,275.0,7.14,176.0,33.04,15.9,2.08,0.45,11.07,11.23,49,2.6,21
6803,崑鼎,其他,18.44,9581973000.0,519629772.23427325,7.38,9936770207.552067,19.12,16.91,3.62,15.47,19.09,295.79,365.0,323.32,288.0,1.12,1.03,1.27,0.48,31,1.0,36
4702,中美實,化學工業,0.89,79555000.0,89387640.4494382,0.34,58978187.100033686,0.66,32.4,129.71,6.4,136.11,4.22,89.83,21.39,9.66,2.21,0.44,9.3,1.49,7,15.57,6
8916A,光隆甲特,其他,0.0,0.0,0.0,0.0,0.0,0.0,0.0,0.0,0.0,0.0,0.0,0.0,0.0,0.0,0.0,0.0,0.0,0.0,0,0.0,0
3089,億杰,電子零組件業,0.0,0.0,0.0,0.0,0.0,0.0,0.0,0.0,0.0,0.0,0.0,0.0,0.0,0.0,0.0,0.0,0.0,0.0,0,0.0,0
4129A,聯合甲特,生技醫療業,0.0,0.0,0.0,0.0,0.0,0.0,0.0,0.0,0.0,0.0,0.0,0.0,0.0,0.0,0.0,0.0,0.0,0.0,0,0.0,0
4944,兆遠,光電業,0.0,0.0,0.0,0.0,0.0,0.0,0.0,0.0,0.0,0.0,0.0,0.0,0.0,0.0,0.0,0.0,0.0,0.0,0,0.0,0
5281,大峽谷-KY,光電業,0.0,0.0,0.0,0.0,0.0,0.0,0.0,0.0,0.0,0.0,0.0,0.0,0.0,0.0,0.0,0.0,0.0,0.0,0,0.0,0
00744B,國泰中國政金債5+,上櫃指數股票型基金(ETF),0.0,0.0,0.0,0.0,0.0,0.0,0.0,0.0,0.0,0.0,0.0,0.0,0.0,0.0,0.0,0.0,0.0,0.0,0,0.0,0
6404,通訊-KY,資訊服務業,0.0,0.0,0.0,0.0,0.0,0.0,0.0,0.0,0.0,0.0,0.0,0.0,0.0,0.0,0.0,0.0,0.0,0.0,0,0.0,0
02002L,兆豐富櫃200正二N,指數投資證券(ETN),0.0,0.0,0.0,0.0,0.0,0.0,0.0,0.0,0.0,0.0,0.0,0.0,0.0,0.0,0.0,0.0,0.0,0.0,0,0.0,0
020024,兆豐富櫃200N,指數投資證券(ETN),0.0,0.0,0.0,0.0,0.0,0.0,0.0,0.0,0.0,0.0,0.0,0.0,0.0,0.0,0.0,0.0,0.0,0.0,0,0.0,0
8418,捷必勝-KY,其他,0.0,0.0,0.0,0.0,0.0,0.0,0.0,0.0,0.0,0.0,0.0,0.0,0.0,0.0,0.0,0.0,0.0,0.0,0,0.0,0
4712,南璋,食品工業,-2.16,0.0,0.0,0.0,0.0,0.0,0.0,0.0,0.0,0.0,0.0,0.0,0.0,0.0,0.0,0.0,0.0,0.0,0,0.0,0
5383,金利,其他電子類,0.0,0.0,0.0,0.0,0.0,0.0,0.0,0.0,0.0,0.0,0.0,0.0,0.0,41.5,0.0,0.0,0.0,0.24,1,0.0,0
6198,瑞築,半導體業,-0.23,233000.0,0.0,0.0,324430.37974683545,0.0,107.31,22.5,92.86,115.36,0.0,0.0,0.0,22.3,0.0,0.0,0.0,5.56,18,0.72,1
3465,進泰電子,電子零組件業,0.04,1723481000.0,43087025000.0,0.02,1483401448.2312052,0.03,147.44,1121.9,31.85,1153.75,0.96,34.61,4.42,26.75,0.17,0.04,1.29,5.88,39,2.57,16
8091,翔名,電子零組件業,5.91,2104250000.0,356049069.37394243,3.12,2830932954.3181667,7.95,20.98,24.68,12.96,37.64,103.03,299.24,166.8,253.5,0.66,0.41,1.18,41.56,46,12.04,111
6865,偉康科技,資訊服務業,1.53,459035000.0,300022875.8169935,0.37,242409265.4824772,0.81,31.75,187.34,14.42,201.76,11.68,163.43,25.72,27.8,0.93,0.42,5.88,30.88,52,9.48,16
4419,元勝,紡織纖維,-1.45,2678472000.0,0.0,0.0,2675335454.3008795,0.0,0.0,0.0,0.0,0.0,0.0,0.0,0.0,46.0,0.0,0.0,0.0,73.27,52,10.92,41
5432,新門,光電業,2.3,194274000.0,84466956.52173914,0.81,211567946.88024312,2.5,118.49,142.82,56.52,199.34,141.3,498.35,296.23,142.5,2.08,0.99,3.5,76.16,46,13.08,161
020026,兆豐上櫃ESG電菁N,指數投資證券(ETN),0.0,0.0,0.0,0.0,0.0,0.0,0.0,0.0,0.0,0.0,0.0,0.0,0.0,6.37,0.0,0.0,0.0,0.0,0,0.0,0
00831B,新光美債1-3,上櫃指數股票型基金(ETF),0.0,0.0,0.0,0.0,0.0,0.0,0.0,0.0,0.0,0.0,0.0,0.0,0.0,41.42,0.0,0.0,0.0,1.64,58,0.0,0
6514,芮特-KY,通信網路業,0.0,0.0,0.0,0.0,0.0,0.0,17.32,1.95,16.34,18.29,0.0,0.0,0.0,50.8,0.0,0.0,0.0,1.71,51,0.0,0
00721B,元大中國債3-5,上櫃指數股票型基金(ETF),0.0,0.0,0.0,0.0,0.0,0.0,0.0,0.0,0.0,0.0,0.0,0.0,0.0,48.06,0.0,0.0,0.0,5.37,78,0.0,0
6757,台灣虎航-創,創新版股票,5.38,16712901000.0,3106487174.7211895,2.79,20041559656.106148,6.45,12.34,9.63,8.28,17.91,53.41,115.52,79.61,52.4,1.52,1.02,2.2,81.55,179,2.01,9
1523,開億,電機機械,0.0,0.0,0.0,0.0,0.0,0.0,0.0,0.0,0.0,0.0,0.0,0.0,0.0,0.0,0.0,0.0,0.0,0.0,0,0.0,0
1606,歌林,電器電纜,0.0,0.0,0.0,0.0,0.0,0.0,0.0,0.0,0.0,0.0,0.0,0.0,0.0,0.0,0.0,0.0,0.0,0.0,0,0.0,0
1311,福聚,塑膠工業,0.0,0.0,0.0,0.0,0.0,0.0,0.0,0.0,0.0,0.0,0.0,0.0,0.0,0.0,0.0,0.0,0.0,0.0,0,0.0,0
4733,上緯,化學生技醫療,0.0,0.0,0.0,0.0,0.0,0.0,0.0,0.0,0.0,0.0,0.0,0.0,0.0,0.0,0.0,0.0,0.0,0.0,0,0.0,0
1601,台光,電器電纜,0.0,0.0,0.0,0.0,0.0,0.0,0.0,0.0,0.0,0.0,0.0,0.0,0.0,0.0,0.0,0.0,0.0,0.0,0,0.0,0
1230,聯成食,電器電纜,0.0,0.0,0.0,0.0,0.0,0.0,0.0,0.0,0.0,0.0,0.0,0.0,0.0,0.0,0.0,0.0,0.0,0.0,0,0.0,0
1716,永信,化學生技醫療,10.75,0.0,0.0,0.0,0.0,0.0,0.0,0.0,0.0,0.0,0.0,0.0,0.0,0.0,0.0,0.0,0.0,0.0,0,0.0,0
2391,合勤,電子工業,0.0,0.0,0.0,0.0,0.0,0.0,0.0,0.0,0.0,0.0,0.0,0.0,0.0,0.0,0.0,0.0,0.0,0.0,0,0.0,0
2463,研揚,電子工業,0.0,0.0,0.0,0.0,0.0,0.0,0.0,0.0,0.0,0.0,0.0,0.0,0.0,0.0,0.0,0.0,0.0,0.0,0,0.0,0
2494,廣業科,電子工業,0.0,0.0,0.0,0.0,0.0,0.0,0.0,0.0,0.0,0.0,0.0,0.0,0.0,0.0,0.0,0.0,0.0,0.0,0,0.0,0
3573,穎台,電子工業,0.0,0.0,0.0,0.0,0.0,0.0,0.0,0.0,0.0,0.0,0.0,0.0,0.0,0.0,0.0,0.0,0.0,0.0,0,0.0,0
8078,華寶,通信網路業,0.0,0.0,0.0,0.0,0.0,0.0,0.0,0.0,0.0,0.0,0.0,0.0,0.0,0.0,0.0,0.0,0.0,0.0,0,0.0,0
3142,遠茂,電子工業,0.0,0.0,0.0,0.0,0.0,0.0,0.0,0.0,0.0,0.0,0.0,0.0,0.0,0.0,0.0,0.0,0.0,0.0,0,0.0,0
2381,華宇,電腦及週邊設備業,0.0,0.0,0.0,0.0,0.0,0.0,0.0,0.0,0.0,0.0,0.0,0.0,0.0,0.0,0.0,0.0,0.0,0.0,0,0.0,0
2452,乾坤,電子工業,0.0,0.0,0.0,0.0,0.0,0.0,0.0,0.0,0.0,0.0,0.0,0.0,0.0,0.0,0.0,0.0,0.0,0.0,0,0.0,0
3063,飛信,半導體業,0.0,0.0,0.0,0.0,0.0,0.0,0.0,0.0,0.0,0.0,0.0,0.0,0.0,0.0,0.0,0.0,0.0,0.0,0,0.0,0
3702A,大聯大甲特,電子通路業,0.0,0.0,0.0,0.0,0.0,0.0,0.0,0.0,0.0,0.0,0.0,0.0,0.0,51.7,0.0,0.0,0.0,5.1,182,0.0,0
3584,介面,電子工業,0.0,0.0,0.0,0.0,0.0,0.0,0.0,0.0,0.0,0.0,0.0,0.0,0.0,0.0,0.0,0.0,0.0,0.0,0,0.0,0
6004,元京證,金融保險,0.0,0.0,0.0,0.0,0.0,0.0,0.0,0.0,0.0,0.0,0.0,0.0,0.0,0.0,0.0,0.0,0.0,0.0,0,0.0,0
3697,F-晨星,電子工業,0.0,0.0,0.0,0.0,0.0,0.0,0.0,0.0,0.0,0.0,0.0,0.0,0.0,0.0,0.0,0.0,0.0,0.0,0,0.0,0
3150,鈺寶-創,創新版股票,-0.21,305785000.0,0.0,0.0,284727288.38842636,0.0,69.33,113.89,23.61,137.5,0.0,0.0,0.0,18.2,0.0,0.0,0.0,24.27,10,2.15,107
6702,興航,航運業,0.0,0.0,0.0,0.0,0.0,0.0,0.0,0.0,0.0,0.0,0.0,0.0,0.0,0.0,0.0,0.0,0.0,0.0,0,0.0,0
6255,奈普,電子工業,0.0,0.0,0.0,0.0,0.0,0.0,0.0,0.0,0.0,0.0,0.0,0.0,0.0,0.0,0.0,0.0,0.0,0.0,0,0.0,0
6012,金鼎證,金融保險,0.0,0.0,0.0,0.0,0.0,0.0,0.0,0.0,0.0,0.0,0.0,0.0,0.0,0.0,0.0,0.0,0.0,0.0,0,0.0,0
6988,威力暘-創,創新版股票,-1.13,788074000.0,0.0,0.0,674185550.7508831,0.0,1202.03,2922.29,37.71,2960.0,0.0,0.0,0.0,16.9,0.0,0.0,0.0,17.93,105,0.0,0
8008,建興電,電子工業,0.0,0.0,0.0,0.0,0.0,0.0,0.0,0.0,0.0,0.0,0.0,0.0,0.0,0.0,0.0,0.0,0.0,0.0,0,0.0,0
3080,威力盟,光電業,0.0,0.0,0.0,0.0,0.0,0.0,0.0,0.0,0.0,0.0,0.0,0.0,0.0,0.0,0.0,0.0,0.0,0.0,0,0.0,0
3614,誠致,電子工業,0.0,0.0,0.0,0.0,0.0,0.0,0.0,0.0,0.0,0.0,0.0,0.0,0.0,0.0,0.0,0.0,0.0,0.0,0,0.0,0
2446,全懋,半導體業,0.0,0.0,0.0,0.0,0.0,0.0,0.0,0.0,0.0,0.0,0.0,0.0,0.0,0.0,0.0,0.0,0.0,0.0,0,0.0,0
2469,力信,電子零組件業,0.0,0.0,0.0,0.0,0.0,0.0,0.0,0.0,0.0,0.0,0.0,0.0,0.0,0.0,0.0,0.0,0.0,0.0,0,0.0,0
0060,新台灣,ETF,0.0,0.0,0.0,0.0,0.0,0.0,0.0,0.0,0.0,0.0,0.0,0.0,0.0,0.0,0.0,0.0,0.0,0.0,0,0.0,0
2447,鼎新,電子工業,0.0,0.0,0.0,0.0,0.0,0.0,0.0,0.0,0.0,0.0,0.0,0.0,0.0,0.0,0.0,0.0,0.0,0.0,0,0.0,0
2473,思源,電子工業,0.0,0.0,0.0,0.0,0.0,0.0,0.0,0.0,0.0,0.0,0.0,0.0,0.0,0.0,0.0,0.0,0.0,0.0,0,0.0,0
2891A,中信特,金融保險,0.0,0.0,0.0,0.0,0.0,0.0,0.0,0.0,0.0,0.0,0.0,0.0,0.0,0.0,0.0,0.0,0.0,0.0,0,0.0,0
6119,大傳,電子工業,0.0,0.0,0.0,0.0,0.0,0.0,0.0,0.0,0.0,0.0,0.0,0.0,0.0,0.0,0.0,0.0,0.0,0.0,0,0.0,0
2526,大陸,建材營造,0.0,0.0,0.0,0.0,0.0,0.0,0.0,0.0,0.0,0.0,0.0,0.0,0.0,0.0,0.0,0.0,0.0,0.0,0,0.0,0
1520,復盛,其他,0.0,0.0,0.0,0.0,0.0,0.0,0.0,0.0,0.0,0.0,0.0,0.0,0.0,0.0,0.0,0.0,0.0,0.0,0,0.0,0
3534,雷凌,半導體業,0.0,0.0,0.0,0.0,0.0,0.0,0.0,0.0,0.0,0.0,0.0,0.0,0.0,0.0,0.0,0.0,0.0,0.0,0,0.0,0
9922,優美,其他,0.0,0.0,0.0,0.0,0.0,0.0,0.0,0.0,0.0,0.0,0.0,0.0,0.0,0.0,0.0,0.0,0.0,0.0,0,0.0,0
3053,鼎營,電子工業,0.0,0.0,0.0,0.0,0.0,0.0,0.0,0.0,0.0,0.0,0.0,0.0,0.0,0.0,0.0,0.0,0.0,0.0,0,0.0,0
1107,建台,其他,0.0,0.0,0.0,0.0,0.0,0.0,0.0,0.0,0.0,0.0,0.0,0.0,0.0,0.0,0.0,0.0,0.0,0.0,0,0.0,0
020022,元大電動車N,ETN,0.0,0.0,0.0,0.0,0.0,0.0,0.0,0.0,0.0,0.0,0.0,0.0,0.0,0.0,0.0,0.0,0.0,0.0,0,0.0,0
9915,億豐,其他,0.0,0.0,0.0,0.0,0.0,0.0,0.0,0.0,0.0,0.0,0.0,0.0,0.0,0.0,0.0,0.0,0.0,0.0,0,0.0,0
2384,勝華,光電業,-1.46,0.0,0.0,0.0,0.0,0.0,0.0,0.0,0.0,0.0,0.0,0.0,0.0,0.0,0.0,0.0,0.0,0.0,0,0.0,0
3061,璨圓,電子工業,0.0,0.0,0.0,0.0,0.0,0.0,0.0,0.0,0.0,0.0,0.0,0.0,0.0,0.0,0.0,0.0,0.0,0.0,0,0.0,0
5854,合庫,金融保險,1.59,0.0,0.0,0.0,0.0,0.0,0.0,0.0,0.0,0.0,0.0,0.0,0.0,0.0,0.0,0.0,0.0,0.0,0,0.0,0
6771,平和環保-創,創新版股票,3.64,630138000.0,173114835.16483516,1.3,518747717.2053995,3.0,13.32,5.54,10.29,15.83,30.87,47.49,39.96,42.1,0.95,0.73,1.13,0.0,0,0.0,0
6902,GOGOLOOK-創,創新版股票,1.58,1032296000.0,653351898.7341772,0.77,1277976701.8548024,1.96,372.8,640.45,37.88,678.33,74.24,1329.53,730.69,128.0,5.71,0.58,10.39,15.23,25,22.28,7
2396,精碟,電子工業,0.0,0.0,0.0,0.0,0.0,0.0,0.0,0.0,0.0,0.0,0.0,0.0,0.0,0.0,0.0,0.0,0.0,0.0,0,0.0,0
2479,和立,電子工業,0.0,0.0,0.0,0.0,0.0,0.0,0.0,0.0,0.0,0.0,0.0,0.0,0.0,0.0,0.0,0.0,0.0,0.0,0,0.0,0
3598,奕力,半導體業,0.0,0.0,0.0,0.0,0.0,0.0,0.0,0.0,0.0,0.0,0.0,0.0,0.0,0.0,0.0,0.0,0.0,0.0,0,0.0,0
6423,億而得-創,創新版股票,0.58,235415000.0,405887931.0344828,0.28,235941361.09558412,0.58,104.9,273.29,69.36,342.65,40.23,198.74,60.84,96.2,0.63,0.42,2.07,2.36,2,1.54,6
020002,元富新中國N,ETN,0.0,0.0,0.0,0.0,0.0,0.0,0.0,0.0,0.0,0.0,0.0,0.0,0.0,0.0,0.0,0.0,0.0,0.0,0,0.0,0
020004,兆豐電菁英30N,ETN,0.0,0.0,0.0,0.0,0.0,0.0,0.0,0.0,0.0,0.0,0.0,0.0,0.0,0.0,0.0,0.0,0.0,0.0,0,0.0,0
3599,旺能,光電業,0.0,0.0,0.0,0.0,0.0,0.0,0.0,0.0,0.0,0.0,0.0,0.0,0.0,0.0,0.0,0.0,0.0,0.0,0,0.0,0
020005,永豐外資50N,ETN,0.0,0.0,0.0,0.0,0.0,0.0,0.0,0.0,0.0,0.0,0.0,0.0,0.0,0.0,0.0,0.0,0.0,0.0,0,0.0,0
3638,F-IML,電子工業,0.0,0.0,0.0,0.0,0.0,0.0,0.0,0.0,0.0,0.0,0.0,0.0,0.0,0.0,0.0,0.0,0.0,0.0,0,0.0,0
020006,永昌中小300N,ETN,0.0,0.0,0.0,0.0,0.0,0.0,0.0,0.0,0.0,0.0,0.0,0.0,0.0,0.0,0.0,0.0,0.0,0.0,0,0.0,0
6794,向榮生技-創,創新版股票,-1.89,34051000.0,0.0,0.0,16356959.424083771,0.0,0.0,0.0,0.0,0.0,0.0,0.0,0.0,78.5,0.0,0.0,0.0,3.49,7,47.52,125
020007,凱基臺灣500N,ETN,0.0,0.0,0.0,0.0,0.0,0.0,0.0,0.0,0.0,0.0,0.0,0.0,0.0,0.0,0.0,0.0,0.0,0.0,0,0.0,0
020008,元大特股高息N,ETN,0.0,0.0,0.0,0.0,0.0,0.0,0.0,0.0,0.0,0.0,0.0,0.0,0.0,0.0,0.0,0.0,0.0,0.0,0,0.0,0
8199,廣鎵,電子工業,0.0,0.0,0.0,0.0,0.0,0.0,0.0,0.0,0.0,0.0,0.0,0.0,0.0,0.0,0.0,0.0,0.0,0.0,0,0.0,0
911622,泰聚亨-DR,存託憑證,0.0,0.0,0.0,0.0,0.0,0.0,0.0,0.0,0.0,0.0,0.0,0.0,0.0,3.58,0.0,0.0,0.0,23.32,37,0.0,0
2854,寶來證,金融保險,0.0,0.0,0.0,0.0,0.0,0.0,0.0,0.0,0.0,0.0,0.0,0.0,0.0,0.0,0.0,0.0,0.0,0.0,0,0.0,0
6286,立錡,電子工業,0.0,0.0,0.0,0.0,0.0,0.0,0.0,0.0,0.0,0.0,0.0,0.0,0.0,0.0,0.0,0.0,0.0,0.0,0,0.0,0
911868,同方友友-DR,存託憑證,0.0,0.0,0.0,0.0,0.0,0.0,0.0,0.0,0.0,0.0,0.0,0.0,0.0,1.21,0.0,0.0,0.0,66.94,38,15.75,73
2350,環電,其他電子業,0.0,0.0,0.0,0.0,0.0,0.0,0.0,0.0,0.0,0.0,0.0,0.0,0.0,0.0,0.0,0.0,0.0,0.0,0,0.0,0
911619,耀傑-DR,存託憑證,0.0,0.0,0.0,0.0,0.0,0.0,0.0,0.0,0.0,0.0,0.0,0.0,0.0,0.0,0.0,0.0,0.0,0.0,0,0.0,0
911626,MSH-DR,存託憑證,0.0,0.0,0.0,0.0,0.0,0.0,0.0,0.0,0.0,0.0,0.0,0.0,0.0,0.0,0.0,0.0,0.0,0.0,0,0.0,0
6951,青新-創,創新版股票,5.39,842034000.0,156221521.33580706,2.38,1073883646.2462194,6.87,16.01,11.37,12.6,23.97,86.56,164.67,109.99,81.0,1.36,1.07,2.03,0.0,0,11.8,79
2827,中聯,金融保險,0.0,0.0,0.0,0.0,0.0,0.0,0.0,0.0,0.0,0.0,0.0,0.0,0.0,0.0,0.0,0.0,0.0,0.0,0,0.0,0
2831,中華銀,金融保險,0.0,0.0,0.0,0.0,0.0,0.0,0.0,0.0,0.0,0.0,0.0,0.0,0.0,0.0,0.0,0.0,0.0,0.0,0,0.0,0
00743,國泰中國A150,ETF,0.0,0.0,0.0,0.0,0.0,0.0,0.0,0.0,0.0,0.0,0.0,0.0,0.0,0.0,0.0,0.0,0.0,0.0,0,0.0,0
00742,新光內需收益,ETF,0.0,0.0,0.0,0.0,0.0,0.0,0.0,0.0,0.0,0.0,0.0,0.0,0.0,0.0,0.0,0.0,0.0,0.0,0,0.0,0
2833,台壽保,金融保險,3.35,0.0,0.0,0.0,0.0,0.0,0.0,0.0,0.0,0.0,0.0,0.0,0.0,0.0,0.0,0.0,0.0,0.0,0,0.0,0
3367,英華達,電子工業,0.0,0.0,0.0,0.0,0.0,0.0,0.0,0.0,0.0,0.0,0.0,0.0,0.0,0.0,0.0,0.0,0.0,0.0,0,0.0,0
00906,大華元宇宙科技50,ETF,0.0,0.0,0.0,0.0,0.0,0.0,0.0,0.0,0.0,0.0,0.0,0.0,0.0,0.0,0.0,0.0,0.0,0.0,0,0.0,0
9188,精熙-DR,存託憑證,0.0,0.0,0.0,0.0,0.0,0.0,0.0,0.0,0.0,0.0,0.0,0.0,0.0,0.0,0.0,0.0,0.0,0.0,0,0.0,0
3009,奇美電,電子工業,0.0,0.0,0.0,0.0,0.0,0.0,0.0,0.0,0.0,0.0,0.0,0.0,0.0,0.0,0.0,0.0,0.0,0.0,0,0.0,0
2411,飛瑞,電子工業,0.0,0.0,0.0,0.0,0.0,0.0,0.0,0.0,0.0,0.0,0.0,0.0,0.0,0.0,0.0,0.0,0.0,0.0,0,0.0,0
2315,神達,電腦及週邊設備業,0.0,0.0,0.0,0.0,0.0,0.0,0.0,0.0,0.0,0.0,0.0,0.0,0.0,0.0,0.0,0.0,0.0,0.0,0,0.0,0
6854,錼創科技-KY創,創新版股票,-0.98,1357523000.0,0.0,0.0,895741479.4252877,0.0,240.71,258.04,162.5,420.54,0.0,0.0,0.0,145.5,0.0,0.0,0.0,109.22,155,27.1,38
911609,揚子江,存託憑證,0.0,0.0,0.0,0.0,0.0,0.0,0.0,0.0,0.0,0.0,0.0,0.0,0.0,0.0,0.0,0.0,0.0,0.0,0,0.0,0
6949,沛爾生醫-創,創新版股票,-7.23,30919000.0,0.0,0.0,24050168.263473053,0.0,0.0,0.0,0.0,0.0,0.0,0.0,0.0,687.0,0.0,0.0,0.0,0.0,0,287.4,111
916665,爾必達,存託憑證,0.0,0.0,0.0,0.0,0.0,0.0,0.0,0.0,0.0,0.0,0.0,0.0,0.0,0.0,0.0,0.0,0.0,0.0,0,0.0,0
6645,金萬林-創,創新版股票,-2.41,548227000.0,0.0,0.0,590651165.7269382,0.0,0.0,0.0,0.0,0.0,0.0,0.0,0.0,11.95,0.0,0.0,0.0,0.0,0,30.52,156
2336,致伸,電腦及週邊設備業,0.0,0.0,0.0,0.0,0.0,0.0,0.0,0.0,0.0,0.0,0.0,0.0,0.0,0.0,0.0,0.0,0.0,0.0,0,0.0,0
3020,奇普仕,電子工業,0.0,0.0,0.0,0.0,0.0,0.0,0.0,0.0,0.0,0.0,0.0,0.0,0.0,0.0,0.0,0.0,0.0,0.0,0,0.0,0
00776,新光ICE美國權值,ETF,0.0,0.0,0.0,0.0,0.0,0.0,0.0,0.0,0.0,0.0,0.0,0.0,0.0,0.0,0.0,0.0,0.0,0.0,0,0.0,0
8487,愛爾達-創,創新版股票,4.03,1038965000.0,257807692.3076923,2.08,1320700515.9355888,5.12,14.01,9.91,10.09,20.0,51.66,102.4,71.75,79.0,0.91,0.65,1.3,4.88,4,4.46,9
00774C,新光中政金綠債+R,ETF,0.0,0.0,0.0,0.0,0.0,0.0,0.0,0.0,0.0,0.0,0.0,0.0,0.0,0.0,0.0,0.0,0.0,0.0,0,0.0,0
00866,新光Shiller CAPE,ETF,0.0,0.0,0.0,0.0,0.0,0.0,0.0,0.0,0.0,0.0,0.0,0.0,0.0,0.0,0.0,0.0,0.0,0.0,0,0.0,0
2807,竹商銀,金融保險,1.88,0.0,0.0,0.0,0.0,0.0,0.0,0.0,0.0,0.0,0.0,0.0,0.0,0.0,0.0,0.0,0.0,0.0,0,0.0,0
00774B,新光中國政金綠債,ETF,0.0,0.0,0.0,0.0,0.0,0.0,0.0,0.0,0.0,0.0,0.0,0.0,0.0,0.0,0.0,0.0,0.0,0.0,0,0.0,0
912000,晨訊科-DR,存託憑證,0.0,1672600000.0,0.0,0.0,1293266697.2175567,0.0,0.0,0.0,0.0,0.0,0.0,0.0,0.0,2.34,0.0,0.0,0.0,60.27,37,8.96,149
912398,友佳-DR,存託憑證,0.0,0.0,0.0,0.0,0.0,0.0,0.0,0.0,0.0,0.0,0.0,0.0,0.0,0.0,0.0,0.0,0.0,0.0,0,0.0,0
2833A,台壽甲,金融保險,0.0,0.0,0.0,0.0,0.0,0.0,0.0,0.0,0.0,0.0,0.0,0.0,0.0,0.0,0.0,0.0,0.0,0.0,0,0.0,0
9136,巨騰-DR,存託憑證,0.0,0.0,0.0,0.0,0.0,0.0,0.0,0.0,0.0,0.0,0.0,0.0,0.0,11.0,0.0,0.0,0.0,30.64,37,9.01,148
2847,大眾銀,金融保險,0.0,0.0,0.0,0.0,0.0,0.0,0.0,0.0,0.0,0.0,0.0,0.0,0.0,0.0,0.0,0.0,0.0,0.0,0,0.0,0
6280,崇貿,電子工業,0.0,0.0,0.0,0.0,0.0,0.0,0.0,0.0,0.0,0.0,0.0,0.0,0.0,0.0,0.0,0.0,0.0,0.0,0,0.0,0
9151,旺旺,存託憑證,0.0,0.0,0.0,0.0,0.0,0.0,0.0,0.0,0.0,0.0,0.0,0.0,0.0,0.0,0.0,0.0,0.0,0.0,0,0.0,0
911611,中泰山-DR,存託憑證,0.0,0.0,0.0,0.0,0.0,0.0,0.0,0.0,0.0,0.0,0.0,0.0,0.0,0.0,0.0,0.0,0.0,0.0,0,0.0,0
9157,陽光能源-DR,存託憑證,0.0,0.0,0.0,0.0,0.0,0.0,0.0,0.0,0.0,0.0,0.0,0.0,0.0,0.0,0.0,0.0,0.0,0.0,0,0.0,0
00767,FH美國金融股,ETF,0.0,0.0,0.0,0.0,0.0,0.0,0.0,0.0,0.0,0.0,0.0,0.0,0.0,0.0,0.0,0.0,0.0,0.0,0,0.0,0
00766L,台新MSCI中國正2,ETF,0.0,0.0,0.0,0.0,0.0,0.0,0.0,0.0,0.0,0.0,0.0,0.0,0.0,0.0,0.0,0.0,0.0,0.0,0,0.0,0
2341,英群,電腦及週邊設備業,0.0,0.0,0.0,0.0,0.0,0.0,0.0,0.0,0.0,0.0,0.0,0.0,0.0,0.0,0.0,0.0,0.0,0.0,0,0.0,0
2418,雅新,電子工業,0.0,0.0,0.0,0.0,0.0,0.0,0.0,0.0,0.0,0.0,0.0,0.0,0.0,0.0,0.0,0.0,0.0,0.0,0,0.0,0
911610,聯環,存託憑證,0.0,0.0,0.0,0.0,0.0,0.0,0.0,0.0,0.0,0.0,0.0,0.0,0.0,0.0,0.0,0.0,0.0,0.0,0,0.0,0
913889,大成糖,存託憑證,0.0,0.0,0.0,0.0,0.0,0.0,0.0,0.0,0.0,0.0,0.0,0.0,0.0,0.0,0.0,0.0,0.0,0.0,0,0.0,0
5280,F-敦泰,半導體業,0.0,0.0,0.0,0.0,0.0,0.0,0.0,0.0,0.0,0.0,0.0,0.0,0.0,0.0,0.0,0.0,0.0,0.0,0,0.0,0
2361,鴻友,電腦及週邊設備業,0.0,0.0,0.0,0.0,0.0,0.0,0.0,0.0,0.0,0.0,0.0,0.0,0.0,0.0,0.0,0.0,0.0,0.0,0,0.0,0
9104,萬宇科,存託憑證,0.0,0.0,0.0,0.0,0.0,0.0,0.0,0.0,0.0,0.0,0.0,0.0,0.0,0.0,0.0,0.0,0.0,0.0,0,0.0,0
6924,榮惠-KY創,創新版股票,5.69,1708679000.0,300295079.08611596,2.75,1906658671.7754235,6.35,13.0,17.45,6.99,24.44,44.39,155.19,82.52,163.0,0.51,0.27,0.95,2.02,3,9.86,44
910482,聖馬丁-DR,存託憑證,0.0,0.0,0.0,0.0,0.0,0.0,0.0,0.0,0.0,0.0,0.0,0.0,0.0,0.0,0.0,0.0,0.0,0.0,0,0.0,0
8162,微矽電子-創,創新版股票,1.56,1275748000.0,817787179.4871795,0.59,1238473413.6496663,1.51,30.2,48.9,16.34,65.24,24.67,98.51,45.6,54.1,0.84,0.46,1.82,2.66,172,36.35,121
9105,泰金寶-DR,存託憑證,0.0,132270623000.0,0.0,0.0,121031716836.0457,0.0,0.0,0.0,0.0,0.0,0.0,0.0,0.0,5.59,0.0,0.0,0.0,101.59,184,0.0,0
910579,歐聖,存託憑證,0.0,0.0,0.0,0.0,0.0,0.0,0.0,0.0,0.0,0.0,0.0,0.0,0.0,0.0,0.0,0.0,0.0,0.0,0,0.0,0
9106,新焦點-DR,存託憑證,0.0,0.0,0.0,0.0,0.0,0.0,0.0,0.0,0.0,0.0,0.0,0.0,0.0,0.0,0.0,0.0,0.0,0.0,0,0.0,0
910708,恒大健-DR,存託憑證,0.0,0.0,0.0,0.0,0.0,0.0,0.0,0.0,0.0,0.0,0.0,0.0,0.0,0.0,0.0,0.0,0.0,0.0,0,0.0,0
910801,金衛-DR,存託憑證,0.0,0.0,0.0,0.0,0.0,0.0,0.0,0.0,0.0,0.0,0.0,0.0,0.0,0.0,0.0,0.0,0.0,0.0,0,0.0,0
6969,成信實業*-創,創新版股票,-0.09,319390000.0,0.0,0.0,402816189.77771163,0.0,0.0,0.0,0.0,0.0,0.0,0.0,0.0,28.05,0.0,0.0,0.0,95.07,37,73.27,70
3271,其樂達,半導體業,0.0,0.0,0.0,0.0,0.0,0.0,0.0,0.0,0.0,0.0,0.0,0.0,0.0,0.0,0.0,0.0,0.0,0.0,0,0.0,0
910322,康師傅-DR,存託憑證,0.0,0.0,0.0,0.0,0.0,0.0,0.0,0.0,0.0,0.0,0.0,0.0,0.0,24.7,0.0,0.0,0.0,21.71,148,0.39,8
910861,神州-DR,存託憑證,0.0,0.0,0.0,0.0,0.0,0.0,0.0,0.0,0.0,0.0,0.0,0.0,0.0,5.02,0.0,0.0,0.0,11.38,37,26.29,122
9110,越南控-DR,存託憑證,0.0,0.0,0.0,0.0,0.0,0.0,0.0,0.0,0.0,0.0,0.0,0.0,0.0,2.71,0.0,0.0,0.0,16.04,170,0.0,0
911201,僑威控,存託憑證,0.0,0.0,0.0,0.0,0.0,0.0,0.0,0.0,0.0,0.0,0.0,0.0,0.0,0.0,0.0,0.0,0.0,0.0,0,0.0,0
911612,滬安,存託憑證,0.0,0.0,0.0,0.0,0.0,0.0,0.0,0.0,0.0,0.0,0.0,0.0,0.0,0.0,0.0,0.0,0.0,0.0,0,0.0,0
911616,杜康-DR,存託憑證,0.0,0.0,0.0,0.0,0.0,0.0,0.0,0.0,0.0,0.0,0.0,0.0,0.0,0.0,0.0,0.0,0.0,0.0,0,0.0,0
911602,華豐泰,存託憑證,0.0,0.0,0.0,0.0,0.0,0.0,0.0,0.0,0.0,0.0,0.0,0.0,0.0,0.0,0.0,0.0,0.0,0.0,0,0.0,0
3007,綠點,電子工業,0.0,0.0,0.0,0.0,0.0,0.0,0.0,0.0,0.0,0.0,0.0,0.0,0.0,0.0,0.0,0.0,0.0,0.0,0,0.0,0
911606,超級,存託憑證,0.0,0.0,0.0,0.0,0.0,0.0,0.0,0.0,0.0,0.0,0.0,0.0,0.0,0.0,0.0,0.0,0.0,0.0,0,0.0,0
2887C,新丙特,金融保險,0.0,0.0,0.0,0.0,0.0,0.0,0.0,0.0,0.0,0.0,0.0,0.0,0.0,0.0,0.0,0.0,0.0,0.0,0,0.0,0
2254,巨鎧精密-創,創新版股票,-0.84,521879000.0,0.0,0.0,127003823.62957199,0.0,0.0,0.0,0.0,0.0,0.0,0.0,0.0,58.0,0.0,0.0,0.0,6.19,106,1.69,44
3474,華亞科,半導體業,0.0,0.0,0.0,0.0,0.0,0.0,0.0,0.0,0.0,0.0,0.0,0.0,0.0,0.0,0.0,0.0,0.0,0.0,0,0.0,0
911608,明輝-DR,存託憑證,0.0,0.0,0.0,0.0,0.0,0.0,0.0,0.0,0.0,0.0,0.0,0.0,0.0,2.64,0.0,0.0,0.0,48.84,49,3.0,15
910948,融達,存託憑證,0.0,0.0,0.0,0.0,0.0,0.0,0.0,0.0,0.0,0.0,0.0,0.0,0.0,0.0,0.0,0.0,0.0,0.0,0,0.0,0
2258,鴻華先進-創,創新版股票,-2.15,4269199000.0,0.0,0.0,2521255401.5398774,0.0,0.0,0.0,0.0,0.0,0.0,0.0,0.0,26.75,0.0,0.0,0.0,13.9,37,14.36,7
9102,東亞科,存託憑證,0.0,0.0,0.0,0.0,0.0,0.0,0.0,0.0,0.0,0.0,0.0,0.0,0.0,0.0,0.0,0.0,0.0,0.0,0,0.0,0
00732,國泰RMB短期報酬,ETF,0.0,0.0,0.0,0.0,0.0,0.0,0.0,0.0,0.0,0.0,0.0,0.0,0.0,0.0,0.0,0.0,0.0,0.0,0,0.0,0
9801,力霸,貿易百貨,0.0,0.0,0.0,0.0,0.0,0.0,0.0,0.0,0.0,0.0,0.0,0.0,0.0,0.0,0.0,0.0,0.0,0.0,0,0.0,0
00729R,第一金工業30反1,ETF,0.0,0.0,0.0,0.0,0.0,0.0,0.0,0.0,0.0,0.0,0.0,0.0,0.0,0.0,0.0,0.0,0.0,0.0,0,0.0,0
2883A,開發特,金融保險,0.0,0.0,0.0,0.0,0.0,0.0,0.0,0.0,0.0,0.0,0.0,0.0,0.0,0.0,0.0,0.0,0.0,0.0,0,0.0,0
2403,友尚,電子通路業,0.0,0.0,0.0,0.0,0.0,0.0,0.0,0.0,0.0,0.0,0.0,0.0,0.0,0.0,0.0,0.0,0.0,0.0,0,0.0,0
2837,萬泰銀,金融保險,1.45,0.0,0.0,0.0,0.0,0.0,0.0,0.0,0.0,0.0,0.0,0.0,0.0,0.0,0.0,0.0,0.0,0.0,0,0.0,0
3214,元砷,電子工業,0.0,0.0,0.0,0.0,0.0,0.0,0.0,0.0,0.0,0.0,0.0,0.0,0.0,0.0,0.0,0.0,0.0,0.0,0,0.0,0
9103,美德醫療-DR,存託憑證,0.0,0.0,0.0,0.0,0.0,0.0,0.0,0.0,0.0,0.0,0.0,0.0,0.0,4.97,0.0,0.0,0.0,15.63,49,12.34,9
6534,正瀚-創,創新版股票,4.52,1800744000.0,398394690.2654868,3.14,1866146959.8184457,4.68,20.85,18.35,15.55,33.9,72.77,158.65,97.59,94.4,1.03,0.77,1.68,0.0,0,55.84,99
9101,福雷電,存託憑證,0.0,0.0,0.0,0.0,0.0,0.0,0.0,0.0,0.0,0.0,0.0,0.0,0.0,0.0,0.0,0.0,0.0,0.0,0,0.0,0
0081,恒香港,ETF,0.0,0.0,0.0,0.0,0.0,0.0,0.0,0.0,0.0,0.0,0.0,0.0,0.0,0.0,0.0,0.0,0.0,0.0,0,0.0,0
910069,新曄,存託憑證,0.0,0.0,0.0,0.0,0.0,0.0,0.0,0.0,0.0,0.0,0.0,0.0,0.0,0.0,0.0,0.0,0.0,0.0,0,0.0,0
0080,恒中國,ETF,0.0,0.0,0.0,0.0,0.0,0.0,0.0,0.0,0.0,0.0,0.0,0.0,0.0,0.0,0.0,0.0,0.0,0.0,0,0.0,0
6457,紘康,半導體業,0.0,0.0,0.0,0.0,0.0,0.0,0.0,0.0,0.0,0.0,0.0,0.0,0.0,62.1,0.0,0.0,0.0,42.23,154,0.0,0
00791B,復華信用債1-5,上櫃指數股票型基金(ETF),0.0,0.0,0.0,0.0,0.0,0.0,0.0,0.0,0.0,0.0,0.0,0.0,0.0,56.45,0.0,0.0,0.0,2.76,79,5.33,182
00788B,元大10年IG電能債,上櫃指數股票型基金(ETF),0.0,0.0,0.0,0.0,0.0,0.0,0.0,0.0,0.0,0.0,0.0,0.0,0.0,29.28,0.0,0.0,0.0,7.31,121,10.59,155
00789B,復華公司債A3,上櫃指數股票型基金(ETF),0.0,0.0,0.0,0.0,0.0,0.0,0.0,0.0,0.0,0.0,0.0,0.0,0.0,47.18,0.0,0.0,0.0,7.6,121,10.03,150
00781B,國泰A級科技債,上櫃指數股票型基金(ETF),0.0,0.0,0.0,0.0,0.0,0.0,0.0,0.0,0.0,0.0,0.0,0.0,0.0,28.12,0.0,0.0,0.0,6.09,114,7.47,161
00786B,元大10年IG銀行債,上櫃指數股票型基金(ETF),0.0,0.0,0.0,0.0,0.0,0.0,0.0,0.0,0.0,0.0,0.0,0.0,0.0,32.32,0.0,0.0,0.0,6.01,121,8.6,156
00794B,群益7+中國政金債,上櫃指數股票型基金(ETF),0.0,0.0,0.0,0.0,0.0,0.0,0.0,0.0,0.0,0.0,0.0,0.0,0.0,39.82,0.0,0.0,0.0,5.69,77,1.01,93
00834B,第一金金融債10+,上櫃指數股票型基金(ETF),0.0,0.0,0.0,0.0,0.0,0.0,0.0,0.0,0.0,0.0,0.0,0.0,0.0,33.57,0.0,0.0,0.0,6.73,114,10.38,155
00795B,中信美國公債20年,上櫃指數股票型基金(ETF),0.0,0.0,0.0,0.0,0.0,0.0,0.0,0.0,0.0,0.0,0.0,0.0,0.0,26.03,0.0,0.0,0.0,10.54,77,9.55,156
00782B,國泰A級公用債,上櫃指數股票型基金(ETF),0.0,0.0,0.0,0.0,0.0,0.0,0.0,0.0,0.0,0.0,0.0,0.0,0.0,29.81,0.0,0.0,0.0,7.34,121,10.13,150
00793B,群益AAA-A醫療債,上櫃指數股票型基金(ETF),0.0,0.0,0.0,0.0,0.0,0.0,0.0,0.0,0.0,0.0,0.0,0.0,0.0,30.23,0.0,0.0,0.0,7.42,121,10.26,156
00790B,復華次順位金融債,上櫃指數股票型基金(ETF),0.0,0.0,0.0,0.0,0.0,0.0,0.0,0.0,0.0,0.0,0.0,0.0,0.0,53.2,0.0,0.0,0.0,6.44,114,0.0,0
00784B,富邦中國投等債,上櫃指數股票型基金(ETF),0.0,0.0,0.0,0.0,0.0,0.0,0.0,0.0,0.0,0.0,0.0,0.0,0.0,39.32,0.0,0.0,0.0,3.59,77,0.0,0
00799B,國泰A級醫療債,上櫃指數股票型基金(ETF),0.0,0.0,0.0,0.0,0.0,0.0,0.0,0.0,0.0,0.0,0.0,0.0,0.0,28.85,0.0,0.0,0.0,7.19,121,10.6,156
00785B,富邦金融投等債,上櫃指數股票型基金(ETF),0.0,0.0,0.0,0.0,0.0,0.0,0.0,0.0,0.0,0.0,0.0,0.0,0.0,34.3,0.0,0.0,0.0,6.28,114,9.26,150
006201,元大富櫃50,上櫃指數股票型基金(ETF),0.0,0.0,0.0,0.0,0.0,0.0,0.0,0.0,0.0,0.0,0.0,0.0,0.0,44.0,0.0,0.0,0.0,18.97,52,30.81,167
00787B,元大10年IG醫療債,上櫃指數股票型基金(ETF),0.0,0.0,0.0,0.0,0.0,0.0,0.0,0.0,0.0,0.0,0.0,0.0,0.0,31.94,0.0,0.0,0.0,6.24,114,8.85,156
00792B,群益A級公司債,上櫃指數股票型基金(ETF),0.0,0.0,0.0,0.0,0.0,0.0,0.0,0.0,0.0,0.0,0.0,0.0,0.0,31.18,0.0,0.0,0.0,7.48,121,9.3,156
00779B,凱基美債25+,上櫃指數股票型基金(ETF),0.0,0.0,0.0,0.0,0.0,0.0,0.0,0.0,0.0,0.0,0.0,0.0,0.0,27.45,0.0,0.0,0.0,10.86,114,8.58,156
00696B,富邦美債20年,上櫃指數股票型基金(ETF),0.0,0.0,0.0,0.0,0.0,0.0,0.0,0.0,0.0,0.0,0.0,0.0,0.0,28.15,0.0,0.0,0.0,10.38,114,8.99,150
00697B,元大美債7-10,上櫃指數股票型基金(ETF),0.0,0.0,0.0,0.0,0.0,0.0,0.0,0.0,0.0,0.0,0.0,0.0,0.0,35.27,0.0,0.0,0.0,6.56,77,6.52,183
00694B,富邦美債1-3,上櫃指數股票型基金(ETF),0.0,0.0,0.0,0.0,0.0,0.0,0.0,0.0,0.0,0.0,0.0,0.0,0.0,41.64,0.0,0.0,0.0,2.97,77,4.62,182
00718B,富邦中國政策債,上櫃指數股票型基金(ETF),0.0,0.0,0.0,0.0,0.0,0.0,0.0,0.0,0.0,0.0,0.0,0.0,0.0,19.05,0.0,0.0,0.0,3.85,77,0.0,0
00719B,元大美債1-3,上櫃指數股票型基金(ETF),0.0,0.0,0.0,0.0,0.0,0.0,0.0,0.0,0.0,0.0,0.0,0.0,0.0,30.92,0.0,0.0,0.0,2.41,56,3.81,184
00720B,元大投資級公司債,上櫃指數股票型基金(ETF),0.0,0.0,0.0,0.0,0.0,0.0,0.0,0.0,0.0,0.0,0.0,0.0,0.0,32.3,0.0,0.0,0.0,6.92,121,10.84,155
00722B,群益投資級電信債,上櫃指數股票型基金(ETF),0.0,0.0,0.0,0.0,0.0,0.0,0.0,0.0,0.0,0.0,0.0,0.0,0.0,35.15,0.0,0.0,0.0,7.04,121,9.72,150
00723B,群益投資級科技債,上櫃指數股票型基金(ETF),0.0,0.0,0.0,0.0,0.0,0.0,0.0,0.0,0.0,0.0,0.0,0.0,0.0,30.09,0.0,0.0,0.0,7.06,121,9.23,150
00724B,群益投資級金融債,上櫃指數股票型基金(ETF),0.0,0.0,0.0,0.0,0.0,0.0,0.0,0.0,0.0,0.0,0.0,0.0,0.0,33.11,0.0,0.0,0.0,6.31,121,9.68,150
00725B,國泰投資級公司債,上櫃指數股票型基金(ETF),0.0,0.0,0.0,0.0,0.0,0.0,0.0,0.0,0.0,0.0,0.0,0.0,0.0,34.37,0.0,0.0,0.0,5.74,121,9.79,150
00726B,國泰新興投等債,上櫃指數股票型基金(ETF),0.0,0.0,0.0,0.0,0.0,0.0,0.0,0.0,0.0,0.0,0.0,0.0,0.0,32.33,0.0,0.0,0.0,4.48,121,9.34,156
00727B,國泰優選非投等債,上櫃指數股票型基金(ETF),0.0,0.0,0.0,0.0,0.0,0.0,0.0,0.0,0.0,0.0,0.0,0.0,0.0,39.34,0.0,0.0,0.0,3.06,179,4.08,150
00734B,台新JPM新興債,上櫃指數股票型基金(ETF),0.0,0.0,0.0,0.0,0.0,0.0,0.0,0.0,0.0,0.0,0.0,0.0,0.0,15.48,0.0,0.0,0.0,4.12,121,10.93,184
00740B,富邦全球投等債,上櫃指數股票型基金(ETF),0.0,0.0,0.0,0.0,0.0,0.0,0.0,0.0,0.0,0.0,0.0,0.0,0.0,37.83,0.0,0.0,0.0,5.08,121,9.6,156
00741B,富邦全球非投等債,上櫃指數股票型基金(ETF),0.0,0.0,0.0,0.0,0.0,0.0,0.0,0.0,0.0,0.0,0.0,0.0,0.0,37.13,0.0,0.0,0.0,3.24,178,4.06,176
00746B,富邦A級公司債,上櫃指數股票型基金(ETF),0.0,0.0,0.0,0.0,0.0,0.0,0.0,0.0,0.0,0.0,0.0,0.0,0.0,34.83,0.0,0.0,0.0,6.54,121,9.24,150
00749B,凱基新興債10+,上櫃指數股票型基金(ETF),0.0,0.0,0.0,0.0,0.0,0.0,0.0,0.0,0.0,0.0,0.0,0.0,0.0,30.9,0.0,0.0,0.0,5.64,121,11.88,177
00778B,凱基金融債20+,上櫃指數股票型基金(ETF),0.0,0.0,0.0,0.0,0.0,0.0,0.0,0.0,0.0,0.0,0.0,0.0,0.0,33.74,0.0,0.0,0.0,7.36,114,9.94,156
00777B,凱基AAA至A公司債,上櫃指數股票型基金(ETF),0.0,0.0,0.0,0.0,0.0,0.0,0.0,0.0,0.0,0.0,0.0,0.0,0.0,31.85,0.0,0.0,0.0,7.24,121,9.49,156
00773B,中信優先金融債,上櫃指數股票型基金(ETF),0.0,0.0,0.0,0.0,0.0,0.0,0.0,0.0,0.0,0.0,0.0,0.0,0.0,35.15,0.0,0.0,0.0,6.89,114,9.59,156
00772B,中信高評級公司債,上櫃指數股票型基金(ETF),0.0,0.0,0.0,0.0,0.0,0.0,0.0,0.0,0.0,0.0,0.0,0.0,0.0,32.93,0.0,0.0,0.0,6.87,114,9.44,156
00768B,復華20年美債,上櫃指數股票型基金(ETF),0.0,0.0,0.0,0.0,0.0,0.0,0.0,0.0,0.0,0.0,0.0,0.0,0.0,48.42,0.0,0.0,0.0,11.65,114,8.23,156
00764B,群益25年美債,上櫃指數股票型基金(ETF),0.0,0.0,0.0,0.0,0.0,0.0,0.0,0.0,0.0,0.0,0.0,0.0,0.0,27.13,0.0,0.0,0.0,10.75,114,8.18,156
00780B,國泰A級金融債,上櫃指數股票型基金(ETF),0.0,0.0,0.0,0.0,0.0,0.0,0.0,0.0,0.0,0.0,0.0,0.0,0.0,36.62,0.0,0.0,0.0,5.67,77,7.69,177
00761B,國泰A級公司債,上櫃指數股票型基金(ETF),0.0,0.0,0.0,0.0,0.0,0.0,0.0,0.0,0.0,0.0,0.0,0.0,0.0,33.59,0.0,0.0,0.0,7.27,121,10.22,156
00759B,復華製藥債,上櫃指數股票型基金(ETF),0.0,0.0,0.0,0.0,0.0,0.0,0.0,0.0,0.0,0.0,0.0,0.0,0.0,53.1,0.0,0.0,0.0,6.38,121,10.49,156
00758B,復華能源債,上櫃指數股票型基金(ETF),0.0,0.0,0.0,0.0,0.0,0.0,0.0,0.0,0.0,0.0,0.0,0.0,0.0,50.35,0.0,0.0,0.0,4.97,77,9.85,156
00756B,群益投等新興公債,上櫃指數股票型基金(ETF),0.0,0.0,0.0,0.0,0.0,0.0,0.0,0.0,0.0,0.0,0.0,0.0,0.0,30.38,0.0,0.0,0.0,6.34,121,13.79,177
00754B,群益AAA-AA公司債,上櫃指數股票型基金(ETF),0.0,0.0,0.0,0.0,0.0,0.0,0.0,0.0,0.0,0.0,0.0,0.0,0.0,32.58,0.0,0.0,0.0,7.68,121,9.83,161
00751B,元大AAA至A公司債,上櫃指數股票型基金(ETF),0.0,0.0,0.0,0.0,0.0,0.0,0.0,0.0,0.0,0.0,0.0,0.0,0.0,31.01,0.0,0.0,0.0,7.01,114,9.24,156
00750B,凱基科技債10+,上櫃指數股票型基金(ETF),0.0,0.0,0.0,0.0,0.0,0.0,0.0,0.0,0.0,0.0,0.0,0.0,0.0,32.33,0.0,0.0,0.0,6.85,121,9.17,150
00760B,復華新興企業債,上櫃指數股票型基金(ETF),0.0,0.0,0.0,0.0,0.0,0.0,0.0,0.0,0.0,0.0,0.0,0.0,0.0,52.55,0.0,0.0,0.0,3.88,121,10.08,177
00755B,群益投資級公用債,上櫃指數股票型基金(ETF),0.0,0.0,0.0,0.0,0.0,0.0,0.0,0.0,0.0,0.0,0.0,0.0,0.0,31.9,0.0,0.0,0.0,7.8,121,11.26,156
00695B,富邦美債7-10,上櫃指數股票型基金(ETF),0.0,0.0,0.0,0.0,0.0,0.0,0.0,0.0,0.0,0.0,0.0,0.0,0.0,34.75,0.0,0.0,0.0,6.48,77,6.66,182
00687B,國泰20年美債,上櫃指數股票型基金(ETF),0.0,0.0,0.0,0.0,0.0,0.0,0.0,0.0,0.0,0.0,0.0,0.0,0.0,27.12,0.0,0.0,0.0,10.39,114,8.44,156
00857B,永豐20年美公債,上櫃指數股票型基金(ETF),0.0,0.0,0.0,0.0,0.0,0.0,0.0,0.0,0.0,0.0,0.0,0.0,0.0,22.61,0.0,0.0,0.0,10.48,114,8.34,156
00957B,兆豐US優選投等債,上櫃指數股票型基金(ETF),0.0,0.0,0.0,0.0,0.0,0.0,0.0,0.0,0.0,0.0,0.0,0.0,0.0,13.17,0.0,0.0,0.0,1.13,8,9.85,150
00886,永豐美國科技,上櫃指數股票型基金(ETF),0.0,0.0,0.0,0.0,0.0,0.0,0.0,0.0,0.0,0.0,0.0,0.0,0.0,42.19,0.0,0.0,0.0,14.4,178,16.49,162
00958B,永豐ESG銀行債15+,上櫃指數股票型基金(ETF),0.0,0.0,0.0,0.0,0.0,0.0,0.0,0.0,0.0,0.0,0.0,0.0,0.0,9.15,0.0,0.0,0.0,0.7,1,10.08,155
00858,永豐美國500大,上櫃指數股票型基金(ETF),0.0,0.0,0.0,0.0,0.0,0.0,0.0,0.0,0.0,0.0,0.0,0.0,0.0,35.33,0.0,0.0,0.0,7.4,58,13.24,177
00884B,中信低碳新興債,上櫃指數股票型基金(ETF),0.0,0.0,0.0,0.0,0.0,0.0,0.0,0.0,0.0,0.0,0.0,0.0,0.0,28.99,0.0,0.0,0.0,6.86,121,11.82,156
00883B,中信ESG投資級債,上櫃指數股票型基金(ETF),0.0,0.0,0.0,0.0,0.0,0.0,0.0,0.0,0.0,0.0,0.0,0.0,0.0,30.98,0.0,0.0,0.0,5.55,114,9.6,161
00679B,元大美債20年,上櫃指數股票型基金(ETF),0.0,0.0,0.0,0.0,0.0,0.0,0.0,0.0,0.0,0.0,0.0,0.0,0.0,26.08,0.0,0.0,0.0,10.73,77,8.32,156
00877,復華中國5G,上櫃指數股票型基金(ETF),0.0,0.0,0.0,0.0,0.0,0.0,0.0,0.0,0.0,0.0,0.0,0.0,0.0,39.67,0.0,0.0,0.0,36.93,140,125.43,162
00959B,大華投等美債15Y+,上櫃指數股票型基金(ETF),0.0,0.0,0.0,0.0,0.0,0.0,0.0,0.0,0.0,0.0,0.0,0.0,0.0,9.2,0.0,0.0,0.0,1.89,21,9.91,156
00966B,統一ESG投等債15+,上櫃指數股票型基金(ETF),0.0,0.0,0.0,0.0,0.0,0.0,0.0,0.0,0.0,0.0,0.0,0.0,0.0,13.68,0.0,0.0,0.0,2.83,78,10.21,161
00859B,群益0-1年美債,上櫃指數股票型基金(ETF),0.0,0.0,0.0,0.0,0.0,0.0,0.0,0.0,0.0,0.0,0.0,0.0,0.0,41.15,0.0,0.0,0.0,1.94,71,3.01,183
00860B,群益1-5Y投資級債,上櫃指數股票型基金(ETF),0.0,0.0,0.0,0.0,0.0,0.0,0.0,0.0,0.0,0.0,0.0,0.0,0.0,37.83,0.0,0.0,0.0,4.12,77,5.0,178
00969B,元大零息超長美債,上櫃指數股票型基金(ETF),0.0,0.0,0.0,0.0,0.0,0.0,0.0,0.0,0.0,0.0,0.0,0.0,0.0,7.93,0.0,0.0,0.0,0.0,0,13.85,156
00862B,中信投資級公司債,上櫃指數股票型基金(ETF),0.0,0.0,0.0,0.0,0.0,0.0,0.0,0.0,0.0,0.0,0.0,0.0,0.0,31.2,0.0,0.0,0.0,6.19,116,9.75,156
00870B,元大15年EM主權債,上櫃指數股票型基金(ETF),0.0,0.0,0.0,0.0,0.0,0.0,0.0,0.0,0.0,0.0,0.0,0.0,0.0,27.62,0.0,0.0,0.0,6.46,121,12.36,155
00867B,新光A-BBB電信債,上櫃指數股票型基金(ETF),0.0,0.0,0.0,0.0,0.0,0.0,0.0,0.0,0.0,0.0,0.0,0.0,0.0,30.36,0.0,0.0,0.0,6.08,121,8.59,156
00967B,元大優息美債,上櫃指數股票型基金(ETF),0.0,0.0,0.0,0.0,0.0,0.0,0.0,0.0,0.0,0.0,0.0,0.0,0.0,8.94,0.0,0.0,0.0,2.4,119,7.31,155
00968B,元大優息投等債,上櫃指數股票型基金(ETF),0.0,0.0,0.0,0.0,0.0,0.0,0.0,0.0,0.0,0.0,0.0,0.0,0.0,9.14,0.0,0.0,0.0,0.0,0,8.81,155
00970B,新光BBB投等債20+,上櫃指數股票型基金(ETF),0.0,0.0,0.0,0.0,0.0,0.0,0.0,0.0,0.0,0.0,0.0,0.0,0.0,9.18,0.0,0.0,0.0,3.12,77,9.41,161
00864B,中信美國公債0-1,上櫃指數股票型基金(ETF),0.0,0.0,0.0,0.0,0.0,0.0,0.0,0.0,0.0,0.0,0.0,0.0,0.0,45.96,0.0,0.0,0.0,3.51,178,4.0,178
00887,永豐中國科技50大,上櫃指數股票型基金(ETF),0.0,0.0,0.0,0.0,0.0,0.0,0.0,0.0,0.0,0.0,0.0,0.0,0.0,16.49,0.0,0.0,0.0,256.24,140,59.51,163
00888,永豐台灣ESG,上櫃指數股票型基金(ETF),0.0,0.0,0.0,0.0,0.0,0.0,0.0,0.0,0.0,0.0,0.0,0.0,0.0,29.83,0.0,0.0,0.0,17.16,52,33.31,154
00933B,國泰10Y+金融債,上櫃指數股票型基金(ETF),0.0,0.0,0.0,0.0,0.0,0.0,0.0,0.0,0.0,0.0,0.0,0.0,0.0,15.7,0.0,0.0,0.0,6.17,114,8.89,156
00840B,凱基IG精選15+,上櫃指數股票型基金(ETF),0.0,0.0,0.0,0.0,0.0,0.0,0.0,0.0,0.0,0.0,0.0,0.0,0.0,29.34,0.0,0.0,0.0,7.48,121,9.96,156
00841B,凱基AAA-AA公司債,上櫃指數股票型基金(ETF),0.0,0.0,0.0,0.0,0.0,0.0,0.0,0.0,0.0,0.0,0.0,0.0,0.0,28.24,0.0,0.0,0.0,7.76,121,10.11,156
00937B,群益ESG投等債20+,上櫃指數股票型基金(ETF),0.0,0.0,0.0,0.0,0.0,0.0,0.0,0.0,0.0,0.0,0.0,0.0,0.0,14.52,0.0,0.0,0.0,6.09,121,9.88,150
00931B,統一美債20年,上櫃指數股票型基金(ETF),0.0,0.0,0.0,0.0,0.0,0.0,0.0,0.0,0.0,0.0,0.0,0.0,0.0,13.07,0.0,0.0,0.0,10.5,114,9.34,150
00928,中信上櫃ESG 30,上櫃指數股票型基金(ETF),0.0,0.0,0.0,0.0,0.0,0.0,0.0,0.0,0.0,0.0,0.0,0.0,0.0,33.96,0.0,0.0,0.0,13.84,52,34.24,142
00842B,台新美元銀行債,上櫃指數股票型基金(ETF),0.0,0.0,0.0,0.0,0.0,0.0,0.0,0.0,0.0,0.0,0.0,0.0,0.0,29.96,0.0,0.0,0.0,6.02,114,9.28,149
00844B,新光15年IG金融債,上櫃指數股票型基金(ETF),0.0,0.0,0.0,0.0,0.0,0.0,0.0,0.0,0.0,0.0,0.0,0.0,0.0,30.85,0.0,0.0,0.0,5.39,114,9.51,156
00845B,富邦新興投等債,上櫃指數股票型基金(ETF),0.0,0.0,0.0,0.0,0.0,0.0,0.0,0.0,0.0,0.0,0.0,0.0,0.0,32.76,0.0,0.0,0.0,4.84,140,10.33,177
00856B,永豐1-3年美公債,上櫃指數股票型基金(ETF),0.0,0.0,0.0,0.0,0.0,0.0,0.0,0.0,0.0,0.0,0.0,0.0,0.0,37.56,0.0,0.0,0.0,2.49,77,3.49,183
00846B,富邦歐洲銀行債,上櫃指數股票型基金(ETF),0.0,0.0,0.0,0.0,0.0,0.0,0.0,0.0,0.0,0.0,0.0,0.0,0.0,35.42,0.0,0.0,0.0,4.59,74,8.23,177
00847B,中信美國市政債,上櫃指數股票型基金(ETF),0.0,0.0,0.0,0.0,0.0,0.0,0.0,0.0,0.0,0.0,0.0,0.0,0.0,24.97,0.0,0.0,0.0,8.45,77,9.69,156
00948B,中信優息投資級債,上櫃指數股票型基金(ETF),0.0,0.0,0.0,0.0,0.0,0.0,0.0,0.0,0.0,0.0,0.0,0.0,0.0,9.26,0.0,0.0,0.0,5.83,98,10.31,161
00848B,中信新興亞洲債,上櫃指數股票型基金(ETF),0.0,0.0,0.0,0.0,0.0,0.0,0.0,0.0,0.0,0.0,0.0,0.0,0.0,33.73,0.0,0.0,0.0,5.14,121,8.52,177
00950B,凱基A級公司債,上櫃指數股票型基金(ETF),0.0,0.0,0.0,0.0,0.0,0.0,0.0,0.0,0.0,0.0,0.0,0.0,0.0,13.82,0.0,0.0,0.0,4.93,71,8.65,156
00849B,中信EM主權債0-5,上櫃指數股票型基金(ETF),0.0,0.0,0.0,0.0,0.0,0.0,0.0,0.0,0.0,0.0,0.0,0.0,0.0,37.18,0.0,0.0,0.0,2.67,74,4.3,183
00836B,永豐10年A公司債,上櫃指數股票型基金(ETF),0.0,0.0,0.0,0.0,0.0,0.0,0.0,0.0,0.0,0.0,0.0,0.0,0.0,28.3,0.0,0.0,0.0,7.27,121,9.37,156
00955,中信日本商社,上櫃指數股票型基金(ETF),0.0,0.0,0.0,0.0,0.0,0.0,0.0,0.0,0.0,0.0,0.0,0.0,0.0,15.65,0.0,0.0,0.0,5.25,48,26.5,178
00853B,統一美債10年Aa-A,上櫃指數股票型基金(ETF),0.0,0.0,0.0,0.0,0.0,0.0,0.0,0.0,0.0,0.0,0.0,0.0,0.0,27.2,0.0,0.0,0.0,7.55,121,9.77,156
00890B,凱基ESG BBB債15+,上櫃指數股票型基金(ETF),0.0,0.0,0.0,0.0,0.0,0.0,0.0,0.0,0.0,0.0,0.0,0.0,0.0,31.57,0.0,0.0,0.0,6.89,121,10.11,156
00942B,台新美A公司債20+,上櫃指數股票型基金(ETF),0.0,0.0,0.0,0.0,0.0,0.0,0.0,0.0,0.0,0.0,0.0,0.0,0.0,14.0,0.0,0.0,0.0,6.42,121,9.94,156
00863B,中信全球電信債,上櫃指數股票型基金(ETF),0.0,0.0,0.0,0.0,0.0,0.0,0.0,0.0,0.0,0.0,0.0,0.0,0.0,31.56,0.0,0.0,0.0,6.37,114,8.27,156
020016,統一MSCI美科技N,ETN,0.0,0.0,0.0,0.0,0.0,0.0,0.0,0.0,0.0,0.0,0.0,0.0,0.0,0.0,0.0,0.0,0.0,0.0,0,0.0,0
020015,統一MSCI美低波N,ETN,0.0,0.0,0.0,0.0,0.0,0.0,0.0,0.0,0.0,0.0,0.0,0.0,0.0,0.0,0.0,0.0,0.0,0.0,0,0.0,0
3202,樺晟,電子零組件業,-0.8,2863876000.0,0.0,0.0,0.0,0.0,0.0,0.0,0.0,0.0,0.0,0.0,0.0,3.96,0.0,0.0,0.0,35.64,14,0.0,0
2437,旺詮,電子工業,0.0,0.0,0.0,0.0,0.0,0.0,0.0,0.0,0.0,0.0,0.0,0.0,0.0,0.0,0.0,0.0,0.0,0.0,0,0.0,0
6829,千附精密,電機機械,3.95,1822694000.0,461441518.98734176,2.08,2346098584.3543296,5.08,27.61,51.19,17.92,69.11,91.03,351.08,140.27,184.0,0.76,0.49,1.91,22.17,149,3.66,106
6240,松崗,其他,-1.15,53259000.0,0.0,0.0,53329448.41269842,0.0,38.16,72.27,12.73,85.0,0.0,0.0,0.0,17.85,0.0,0.0,0.0,30.63,60,16.95,48
8383,千附,其他電子類,3.42,3254284000.0,951545029.2397661,1.84,4202056587.4592776,4.42,15.29,12.77,10.87,23.64,48.05,104.49,67.6,54.9,1.23,0.88,1.9,20.78,46,1.87,1
6187,萬潤,其他電子類,15.46,5648264000.0,365346959.8965071,6.3,5700645090.122252,15.6,41.86,88.37,13.8,102.17,215.28,1593.85,653.04,1085.0,0.6,0.2,1.47,144.04,140,42.22,36
6208,日揚,電子零組件業,2.52,3781837000.0,1500728968.2539682,0.91,3492198090.4511037,2.33,16.54,22.86,12.3,35.16,28.66,81.92,38.53,93.8,0.41,0.31,0.87,22.88,134,24.44,87
5314,世紀*,半導體業,5.56,2765245000.0,497346223.0215828,4.42,7520947333.125178,15.12,39.9,99.23,11.94,111.17,180.53,1680.89,603.27,67.6,8.92,2.67,24.87,62.53,183,133.39,129
3521,鴻翊,電腦及週邊設備業,-0.09,241478000.0,0.0,0.0,206061879.6187386,0.0,5.64,0.11,5.58,5.69,0.0,0.0,0.0,13.1,0.0,0.0,0.0,6.46,45,18.91,7
5443,均豪,光電業,2.59,4662722000.0,1800278764.4787645,1.11,5440205822.258292,3.02,50.14,61.12,30.6,91.72,92.41,276.99,151.44,116.5,1.3,0.79,2.38,190.26,140,67.39,125
5348,正能量智能,通信網路業,-1.49,274780000.0,0.0,0.0,314164395.5596293,0.0,1309.22,315.0,1185.0,1500.0,0.0,0.0,0.0,0.0,0.0,0.0,0.0,79.0,148,0.0,0
4950,金耘國際,其他,-0.06,936308000.0,0.0,0.0,1246800051.3051407,0.0,39.1,2.55,38.26,40.81,0.0,0.0,0.0,16.45,0.0,0.0,0.0,118.58,64,121.01,175
00925,新光標普電動車,ETF,0.0,0.0,0.0,0.0,0.0,0.0,0.0,0.0,0.0,0.0,0.0,0.0,0.0,16.1,0.0,0.0,0.0,10.21,58,1.33,2
6287,元隆,半導體業,-2.31,540288000.0,0.0,0.0,0.0,0.0,0.0,0.0,0.0,0.0,0.0,0.0,0.0,8.89,0.0,0.0,0.0,49.58,73,1.37,24
020019,統一特選台灣5GN,ETN,0.0,0.0,0.0,0.0,0.0,0.0,0.0,0.0,0.0,0.0,0.0,0.0,0.0,21.59,0.0,0.0,0.0,18.56,52,0.0,0
020018,統一價值成長30N,ETN,0.0,0.0,0.0,0.0,0.0,0.0,0.0,0.0,0.0,0.0,0.0,0.0,0.0,24.94,0.0,0.0,0.0,6.69,184,0.0,0
4945,陞達科技,半導體業,0.87,477318000.0,548641379.3103448,0.0,0.0,0.0,27.74,20.64,17.06,37.7,0.0,0.0,0.0,76.1,0.0,0.0,0.0,11.68,9,14.94,27
8497,格威傳媒,其他,0.0,0.0,0.0,0.0,0.0,0.0,0.0,0.0,0.0,0.0,0.0,0.0,0.0,0.0,0.0,0.0,0.0,0.0,0,0.0,0
2888A,新光金甲特,金融保險,0.0,0.0,0.0,0.0,0.0,0.0,0.0,0.0,0.0,0.0,0.0,0.0,0.0,36.5,0.0,0.0,0.0,33.33,95,0.13,1
2897A,王道銀甲特,金融保險,0.0,0.0,0.0,0.0,0.0,0.0,0.0,0.0,0.0,0.0,0.0,0.0,0.0,10.3,0.0,0.0,0.0,1.88,53,0.0,0
2888B,新光金乙特,金融保險,0.0,0.0,0.0,0.0,0.0,0.0,0.0,0.0,0.0,0.0,0.0,0.0,0.0,36.8,0.0,0.0,0.0,32.25,95,0.13,6
6747,亨泰光,生技醫療業,1.91,713250000.0,373429319.37172776,0.0,0.0,0.0,36.77,69.74,17.93,87.67,0.0,0.0,0.0,199.0,0.0,0.0,0.0,0.0,0,34.92,170
02001S,策元大加權策略N,ETN,0.0,0.0,0.0,0.0,0.0,0.0,0.0,0.0,0.0,0.0,0.0,0.0,0.0,0.0,0.0,0.0,0.0,0.0,0,0.0,0
020023,元大櫃買半導體N,指數投資證券(ETN),0.0,0.0,0.0,0.0,0.0,0.0,0.0,0.0,0.0,0.0,0.0,0.0,0.0,7.2,0.0,0.0,0.0,20.1,52,45.12,164
6288,聯嘉,汽車工業,0.11,3643623000.0,33123845454.545456,0.0,0.0,0.0,77.38,76.61,40.61,117.22,0.0,0.0,0.0,20.95,0.0,0.0,0.0,6.24,171,13.73,66
1613,台一,電器電纜,2.13,0.0,0.0,0.0,0.0,0.0,0.0,0.0,0.0,0.0,0.0,0.0,0.0,0.0,0.0,0.0,0.0,0.0,0,0.0,0
02001B,統一美國政府債N,指數投資證券(ETN),0.0,0.0,0.0,0.0,0.0,0.0,0.0,0.0,0.0,0.0,0.0,0.0,0.0,8.75,0.0,0.0,0.0,0.0,0,5.01,162
3559,全智科,電子工業,0.0,0.0,0.0,0.0,0.0,0.0,0.0,0.0,0.0,0.0,0.0,0.0,0.0,0.0,0.0,0.0,0.0,0.0,0,0.0,0
3315,宣昶,電子工業,0.0,0.0,0.0,0.0,0.0,0.0,0.0,0.0,0.0,0.0,0.0,0.0,0.0,0.0,0.0,0.0,0.0,0.0,0,0.0,0
3036A,文曄甲特,電子工業,0.0,0.0,0.0,0.0,0.0,0.0,0.0,0.0,0.0,0.0,0.0,0.0,0.0,52.0,0.0,0.0,0.0,4.53,184,0.78,38
2888,新光金,金融保險,-0.71,-51181701000.0,0.0,0.0,0.0,0.0,22.21,38.94,7.79,46.73,0.0,0.0,0.0,11.8,0.0,0.0,0.0,49.34,114,2.97,8
2823,中壽,金融保險,3.03,0.0,0.0,0.0,0.0,0.0,14.0,0.0,14.0,14.0,0.0,0.0,0.0,0.0,0.0,0.0,0.0,0.0,0,0.0,0
2809,京城銀,金融保險,3.41,6882140000.0,2018222873.900293,0.0,0.0,0.0,11.76,11.27,7.8,19.07,0.0,0.0,0.0,56.6,0.0,0.0,0.0,1.34,32,13.83,113
2856,元富證,金融保險,1.33,0.0,0.0,0.0,0.0,0.0,45.11,0.0,45.11,45.11,0.0,0.0,0.0,0.0,0.0,0.0,0.0,0.0,0,0.0,0
1729,必翔,化學生技醫療,0.0,0.0,0.0,0.0,0.0,0.0,0.0,0.0,0.0,0.0,0.0,0.0,0.0,0.0,0.0,0.0,0.0,0.0,0,0.0,0
00667,元大韓國,ETF,0.0,0.0,0.0,0.0,0.0,0.0,0.0,0.0,0.0,0.0,0.0,0.0,0.0,0.0,0.0,0.0,0.0,0.0,0,0.0,0
00658L,國泰日本正2,ETF,0.0,0.0,0.0,0.0,0.0,0.0,0.0,0.0,0.0,0.0,0.0,0.0,0.0,0.0,0.0,0.0,0.0,0.0,0,0.0,0
00659R,國泰日本反1,ETF,0.0,0.0,0.0,0.0,0.0,0.0,0.0,0.0,0.0,0.0,0.0,0.0,0.0,0.0,0.0,0.0,0.0,0.0,0,0.0,0
0059,富邦金融,ETF,0.0,0.0,0.0,0.0,0.0,0.0,0.0,0.0,0.0,0.0,0.0,0.0,0.0,0.0,0.0,0.0,0.0,0.0,0,0.0,0
0058,富邦發達,ETF,0.0,0.0,0.0,0.0,0.0,0.0,0.0,0.0,0.0,0.0,0.0,0.0,0.0,0.0,0.0,0.0,0.0,0.0,0,0.0,0
00649,FH香港,ETF,0.0,0.0,0.0,0.0,0.0,0.0,0.0,0.0,0.0,0.0,0.0,0.0,0.0,0.0,0.0,0.0,0.0,0.0,0,0.0,0
00677U,期富邦VIX,ETF,0.0,0.0,0.0,0.0,0.0,0.0,0.0,0.0,0.0,0.0,0.0,0.0,0.0,0.0,0.0,0.0,0.0,0.0,0,0.0,0
0054,元大台商50,ETF,0.0,0.0,0.0,0.0,0.0,0.0,0.0,0.0,0.0,0.0,0.0,0.0,0.0,0.0,0.0,0.0,0.0,0.0,0,0.0,0
00691R,兆豐藍籌30反1,ETF,0.0,0.0,0.0,0.0,0.0,0.0,0.0,0.0,0.0,0.0,0.0,0.0,0.0,0.0,0.0,0.0,0.0,0.0,0,0.0,0
00698L,元大美債7-10正2,ETF,0.0,0.0,0.0,0.0,0.0,0.0,0.0,0.0,0.0,0.0,0.0,0.0,0.0,0.0,0.0,0.0,0.0,0.0,0,0.0,0
00699R,元大美債7-10反1,ETF,0.0,0.0,0.0,0.0,0.0,0.0,0.0,0.0,0.0,0.0,0.0,0.0,0.0,0.0,0.0,0.0,0.0,0.0,0,0.0,0
00704L,台新MSCI台灣正2,ETF,0.0,0.0,0.0,0.0,0.0,0.0,0.0,0.0,0.0,0.0,0.0,0.0,0.0,0.0,0.0,0.0,0.0,0.0,0,0.0,0
00705R,台新MSCI台灣反1,ETF,0.0,0.0,0.0,0.0,0.0,0.0,0.0,0.0,0.0,0.0,0.0,0.0,0.0,0.0,0.0,0.0,0.0,0.0,0,0.0,0
00716R,華頓S&P布蘭特反1,ETF,0.0,0.0,0.0,0.0,0.0,0.0,0.0,0.0,0.0,0.0,0.0,0.0,0.0,0.0,0.0,0.0,0.0,0.0,0,0.0,0
008201,BP上證50,ETF,0.0,0.0,0.0,0.0,0.0,0.0,0.0,0.0,0.0,0.0,0.0,0.0,0.0,0.0,0.0,0.0,0.0,0.0,0,0.0,0
00672L,元大S&P原油正2,ETF,0.0,0.0,0.0,0.0,0.0,0.0,0.0,0.0,0.0,0.0,0.0,0.0,0.0,0.0,0.0,0.0,0.0,0.0,0,0.0,0
1715,萬洲,塑膠工業,0.0,0.0,0.0,0.0,0.0,0.0,0.0,0.0,0.0,0.0,0.0,0.0,0.0,0.0,0.0,0.0,0.0,0.0,0,0.0,0
6422,君耀-KY,電子零組件業,0.0,0.0,0.0,0.0,0.0,0.0,12.18,0.0,12.18,12.18,0.0,0.0,0.0,0.0,0.0,0.0,0.0,0.0,0,0.0,0
2456,奇力新,電子零組件業,0.0,0.0,0.0,0.0,0.0,0.0,18.73,0.0,18.73,18.73,0.0,0.0,0.0,0.0,0.0,0.0,0.0,0.0,0,0.0,0
6251,定穎,電子零組件業,0.0,0.0,0.0,0.0,0.0,0.0,31.45,0.0,31.45,31.45,0.0,0.0,0.0,0.0,0.0,0.0,0.0,0.0,0,0.0,0
2936,客思達-KY,貿易百貨,0.0,0.0,0.0,0.0,0.0,0.0,9.81,0.0,9.81,9.81,0.0,0.0,0.0,0.0,0.0,0.0,0.0,0.0,0,0.0,0
6452,康友-KY,生技醫療業,0.0,0.0,0.0,0.0,0.0,0.0,26.86,0.0,26.86,26.86,0.0,0.0,0.0,0.0,0.0,0.0,0.0,0.0,0,0.0,0
4141,龍燈-KY,生技醫療業,0.0,0.0,0.0,0.0,0.0,0.0,0.0,0.0,0.0,0.0,0.0,0.0,0.0,0.0,0.0,0.0,0.0,0.0,0,0.0,0
4144,康聯-KY,生技醫療業,0.0,0.0,0.0,0.0,0.0,0.0,10.1,0.0,10.1,10.1,0.0,0.0,0.0,0.0,0.0,0.0,0.0,0.0,0,0.0,0
1701,中化,生技醫療業,0.0,0.0,0.0,0.0,0.0,0.0,19.95,3.17,17.65,20.82,0.0,0.0,0.0,21.15,0.0,0.0,0.0,1.78,37,0.0,0
1592,英瑞-KY,汽車工業,0.0,0.0,0.0,0.0,0.0,0.0,11.25,0.0,11.25,11.25,0.0,0.0,0.0,0.0,0.0,0.0,0.0,0.0,0,0.0,0
2475,華映,光電業,0.0,0.0,0.0,0.0,0.0,0.0,4.29,0.0,4.29,4.29,0.0,0.0,0.0,0.0,0.0,0.0,0.0,0.0,0,0.0,0
3698,隆達,光電業,0.0,0.0,0.0,0.0,0.0,0.0,0.0,0.0,0.0,0.0,0.0,0.0,0.0,0.0,0.0,0.0,0.0,0.0,0,0.0,0
2499,東貝,光電業,0.0,0.0,0.0,0.0,0.0,0.0,0.0,0.0,0.0,0.0,0.0,0.0,0.0,0.0,0.0,0.0,0.0,0.0,0,0.0,0
3514,昱晶,光電業,0.0,0.0,0.0,0.0,0.0,0.0,0.0,0.0,0.0,0.0,0.0,0.0,0.0,0.0,0.0,0.0,0.0,0.0,0,0.0,0
2325,矽品,半導體業,0.0,0.0,0.0,0.0,0.0,0.0,18.9,0.0,18.9,18.9,0.0,0.0,0.0,0.0,0.0,0.0,0.0,0.0,0,0.0,0
5259,奕智博,光電業,0.0,0.0,0.0,0.0,0.0,0.0,0.0,0.0,0.0,0.0,0.0,0.0,0.0,0.0,0.0,0.0,0.0,0.0,0,0.0,0
3454,晶睿,光電業,-0.11,7641632000.0,0.0,0.0,6348482611.739699,0.0,44.5,63.18,17.63,80.81,0.0,0.0,0.0,99.4,0.0,0.0,0.0,8.6,58,2.2,1
3519,綠能,半導體業,0.0,0.0,0.0,0.0,0.0,0.0,0.0,0.0,0.0,0.0,0.0,0.0,0.0,0.0,0.0,0.0,0.0,0.0,0,0.0,0
3579,尚志,半導體業,0.0,0.0,0.0,0.0,0.0,0.0,0.0,0.0,0.0,0.0,0.0,0.0,0.0,0.0,0.0,0.0,0.0,0.0,0,0.0,0
3536,誠創,半導體業,0.0,0.0,0.0,0.0,0.0,0.0,34.6,0.0,34.6,34.6,0.0,0.0,0.0,0.0,0.0,0.0,0.0,0.0,0,0.0,0
6131,鈞泰,光電業,0.0,0.0,0.0,0.0,0.0,0.0,14.0,0.0,14.0,14.0,0.0,0.0,0.0,0.0,0.0,0.0,0.0,0.0,0,0.0,0
5305,敦南,半導體業,0.0,0.0,0.0,0.0,0.0,0.0,21.42,0.0,21.42,21.42,0.0,0.0,0.0,0.0,0.0,0.0,0.0,0.0,0,0.0,0
2311,日月光,半導體業,0.0,0.0,0.0,0.0,0.0,0.0,13.01,0.0,13.01,13.01,0.0,0.0,0.0,0.0,0.0,0.0,0.0,0.0,0,0.0,0
3383,新世紀,光電業,0.0,0.0,0.0,0.0,0.0,0.0,0.0,0.0,0.0,0.0,0.0,0.0,0.0,0.0,0.0,0.0,0.0,0.0,0,0.0,0
2841,台開,建材營造,0.0,0.0,0.0,0.0,0.0,0.0,24.24,0.0,24.24,24.24,0.0,0.0,0.0,0.0,0.0,0.0,0.0,0.0,0,0.0,0
3561,昇陽光電,光電業,0.0,0.0,0.0,0.0,0.0,0.0,0.0,0.0,0.0,0.0,0.0,0.0,0.0,0.0,0.0,0.0,0.0,0.0,0,0.0,0
2448,晶電,光電業,0.0,0.0,0.0,0.0,0.0,0.0,47.14,0.0,47.14,47.14,0.0,0.0,0.0,0.0,0.0,0.0,0.0,0.0,0,0.0,0
6289,華上,光電業,0.0,0.0,0.0,0.0,0.0,0.0,0.0,0.0,0.0,0.0,0.0,0.0,0.0,0.0,0.0,0.0,0.0,0.0,0,0.0,0
1704,榮化,化學工業,0.0,0.0,0.0,0.0,0.0,0.0,10.17,0.0,10.17,10.17,0.0,0.0,0.0,0.0,0.0,0.0,0.0,0.0,0,0.0,0
4725,信昌化,化學工業,0.0,0.0,0.0,0.0,0.0,0.0,0.0,0.0,0.0,0.0,0.0,0.0,0.0,0.0,0.0,0.0,0.0,0.0,0,0.0,0
1435,中福,其他,-0.41,5981000.0,0.0,0.0,5983400.080256822,0.0,0.0,0.0,0.0,0.0,0.0,0.0,0.0,12.85,0.0,0.0,0.0,0.2,91,0.0,0
1262,綠悅-KY,其他,0.0,0.0,0.0,0.0,0.0,0.0,7.85,0.0,7.85,7.85,0.0,0.0,0.0,0.0,0.0,0.0,0.0,0.0,0,0.0,0
2443,昶虹,其他,-0.42,0.0,0.0,0.0,0.0,0.0,0.0,0.0,0.0,0.0,0.0,0.0,0.0,0.0,0.0,0.0,0.0,0.0,0,0.0,0
8480,泰昇-KY,其他,0.0,0.0,0.0,0.0,0.0,0.0,17.51,0.0,17.51,17.51,0.0,0.0,0.0,0.0,0.0,0.0,0.0,0.0,0,0.0,0
2358,廷鑫,其他,0.0,0.0,0.0,0.0,0.0,0.0,0.0,0.0,0.0,0.0,0.0,0.0,0.0,0.0,0.0,0.0,0.0,0.0,0,0.0,0
1724,台硝,化學工業,0.0,0.0,0.0,0.0,0.0,0.0,21.21,0.0,21.21,21.21,0.0,0.0,0.0,0.0,0.0,0.0,0.0,0.0,0,0.0,0
8427,基勝-KY,其他,0.0,0.0,0.0,0.0,0.0,0.0,33.48,0.0,33.48,33.48,0.0,0.0,0.0,0.0,0.0,0.0,0.0,0.0,0,0.0,0
1902,台紙,造紙工業,0.0,0.0,0.0,0.0,0.0,0.0,0.0,0.0,0.0,0.0,0.0,0.0,0.0,0.0,0.0,0.0,0.0,0.0,0,0.0,0
4984,科納-KY,通信網路業,0.0,0.0,0.0,0.0,0.0,0.0,31.43,0.0,31.43,31.43,0.0,0.0,0.0,0.0,0.0,0.0,0.0,0.0,0,0.0,0
3682,亞太電,通信網路業,0.0,0.0,0.0,0.0,0.0,0.0,0.0,0.0,0.0,0.0,0.0,0.0,0.0,0.0,0.0,0.0,0.0,0.0,0,0.0,0
1469,理隆,紡織纖維,0.0,0.0,0.0,0.0,0.0,0.0,0.0,0.0,0.0,0.0,0.0,0.0,0.0,0.0,0.0,0.0,0.0,0.0,0,0.0,0
1507,永大,電機機械,0.0,0.0,0.0,0.0,0.0,0.0,16.25,0.0,16.25,16.25,0.0,0.0,0.0,0.0,0.0,0.0,0.0,0.0,0,0.0,0
1589,永冠-KY,電機機械,-5.06,8035754000.0,0.0,0.0,8206521423.519579,0.0,0.0,0.0,0.0,0.0,0.0,0.0,0.0,5.54,0.0,0.0,0.0,0.11,1,0.0,0
5264,鎧勝-KY,電腦及週邊設備業,0.0,0.0,0.0,0.0,0.0,0.0,14.07,0.0,14.07,14.07,0.0,0.0,0.0,0.0,0.0,0.0,0.0,0.0,0,0.0,0
6145,勁永,電子工業,0.0,0.0,0.0,0.0,0.0,0.0,0.0,0.0,0.0,0.0,0.0,0.0,0.0,0.0,0.0,0.0,0.0,0.0,0,0.0,0
6172,互億,電子工業,0.0,0.0,0.0,0.0,0.0,0.0,51.75,0.0,51.75,51.75,0.0,0.0,0.0,0.0,0.0,0.0,0.0,0.0,0,0.0,0
6552,易華電,半導體業,-14.35,1499491000.0,0.0,0.0,975825508.4974064,0.0,99.67,179.95,45.05,225.0,0.0,0.0,0.0,28.0,0.0,0.0,0.0,32.22,29,12.92,91
6550,北極星藥業-KY,生技醫療業,-5.1,42866000.0,0.0,0.0,97210303.36956522,0.0,0.0,0.0,0.0,0.0,0.0,0.0,0.0,16.2,0.0,0.0,0.0,4.89,42,1.4,22
6281,全國電,電子通路業,3.7,18994144000.0,5133552432.432432,1.45,18646081001.766006,3.63,16.84,5.1,13.2,18.3,47.92,66.43,61.12,50.5,1.21,0.95,1.32,0.47,8,0.41,1
6561,是方,通信網路業,15.74,3936025000.0,250065120.7115629,6.57,4014221518.8278494,16.05,29.6,22.93,19.87,42.8,318.91,686.94,475.07,355.0,1.34,0.9,1.94,54.82,102,10.8,91
6560,欣普羅,光電業,-0.16,161431000.0,0.0,0.0,288762456.5547857,0.0,469.38,3.75,467.5,471.25,0.0,0.0,0.0,37.4,0.0,0.0,0.0,83.51,39,46.01,6
6558,興能高,電子工業,-1.02,1090534000.0,0.0,0.0,958369116.2045926,0.0,2219.44,5579.29,150.71,5730.0,0.0,0.0,0.0,32.2,0.0,0.0,0.0,31.3,183,14.6,38
6546,正基,通信網路業,2.73,2312100000.0,846923076.923077,1.09,2115827897.8719363,2.5,32.45,34.88,21.3,56.18,53.25,140.45,81.12,71.5,1.13,0.74,1.96,58.19,127,1.96,1
6547,高端疫苗,生技醫療業,-0.85,607793000.0,0.0,0.0,584588017.6290293,0.0,0.0,0.0,0.0,0.0,0.0,0.0,0.0,48.6,0.0,0.0,0.0,4.26,42,0.0,0
6282,康舒,電子工業,0.18,31582716000.0,175459533333.33334,0.09,37592232792.97534,0.21,1262.95,2880.8,99.2,2980.0,20.83,625.8,265.22,50.8,5.22,0.41,12.32,7.05,46,67.92,162
6285,啟碁,電子工業,6.4,110508716000.0,17266986875.0,2.88,115312658032.6583,6.68,19.65,30.3,12.77,43.07,85.3,287.71,131.26,279.0,0.47,0.31,1.03,8.97,32,5.26,98
6556,勝品,光電業,6.78,1395819000.0,205873008.84955752,3.08,1499133674.497071,7.28,11.35,10.07,7.01,17.08,51.03,124.34,82.66,69.8,1.18,0.73,1.78,29.9,100,10.18,16
6283,淳安,電子工業,-0.22,1845136000.0,0.0,0.0,1742268873.5238914,0.0,35.83,45.51,21.72,67.23,0.0,0.0,0.0,24.2,0.0,0.0,0.0,3.32,1,38.29,99
6548,長科*,半導體業,1.63,13288729000.0,8152594478.527608,0.77,15532170024.333853,1.91,22.7,23.07,14.41,37.48,27.52,71.59,43.36,48.6,0.89,0.57,1.47,9.98,10,34.56,176
6284,佳邦,電子零組件業,4.36,7575483000.0,1737496100.917431,1.68,7047801942.139731,4.06,14.69,19.87,8.7,28.57,35.32,115.99,59.65,88.0,0.68,0.4,1.32,18.74,52,23.65,167
6270,倍微,電子通路業,1.08,2772394000.0,2567031481.481481,0.47,2794286079.2454724,1.09,52.2,108.84,15.99,124.83,17.43,136.06,56.89,26.15,2.18,0.67,5.2,59.36,58,4.41,78
6590,普鴻,資訊服務業,5.48,672156000.0,122656204.37956204,2.28,677461201.8104501,5.52,14.32,6.22,11.82,18.04,65.25,99.58,79.04,67.0,1.18,0.97,1.49,0.0,0,19.86,91
6579,研揚,電腦及週邊設備業,5.62,8420480000.0,1498306049.822064,2.69,10201194213.303793,6.81,27.86,26.03,18.48,44.51,125.85,303.11,189.76,149.0,1.27,0.84,2.03,13.31,15,11.37,150
6592A,和潤企業甲特,其他,0.0,0.0,0.0,0.0,0.0,0.0,0.0,0.0,0.0,0.0,0.0,0.0,0.0,96.9,0.0,0.0,0.0,1.11,42,0.0,0
6274,台燿,電子零組件業,12.13,29179204000.0,2405540313.272877,7.45,48655480601.1036,20.23,31.72,92.89,12.24,105.13,247.62,2126.78,641.69,1205.0,0.53,0.21,1.76,3.94,116,164.97,184
6592,和潤企業,其他,4.73,23894153000.0,5051617970.4016905,1.92,22657386755.50545,4.49,16.71,10.0,12.11,22.11,54.37,99.27,75.02,61.0,1.23,0.89,1.63,7.11,53,3.57,20
6272,驊陞,電子零組件業,3.42,688946000.0,201446198.83040935,0.0,0.0,0.0,13.18,10.09,9.84,19.93,0.0,0.0,0.0,31.6,0.0,0.0,0.0,117.79,56,12.36,104
6582,申豐,橡膠工業,-0.4,916756000.0,0.0,0.0,345374275.58044475,0.0,339.02,717.53,30.47,748.0,0.0,0.0,0.0,30.6,0.0,0.0,0.0,42.61,49,1.2,1
6591,動力-KY,電腦及週邊設備業,5.37,1730676000.0,322286033.51955307,1.66,1277763359.8314202,3.96,16.02,10.19,11.1,21.29,43.96,84.31,63.43,51.8,1.22,0.85,1.63,9.3,14,34.9,101
6585,鼎基,其他,5.64,2856943000.0,506550177.30496454,2.65,2726382129.6726103,5.38,15.68,19.51,9.6,29.11,51.65,156.61,84.36,92.9,0.91,0.56,1.69,0.0,0,3.52,3
6588,東典光電,通信網路業,-1.76,169790000.0,0.0,0.0,381713495.19552726,0.0,0.0,0.0,0.0,0.0,0.0,0.0,0.0,123.0,0.0,0.0,0.0,14.4,157,11.05,50
6589,台康生技,化學生技醫療,-2.52,985778000.0,0.0,0.0,1293611006.302913,0.0,0.0,0.0,0.0,0.0,0.0,0.0,0.0,43.6,0.0,0.0,0.0,17.7,43,26.98,178
6584,南俊國際,電子零組件業,5.59,2355997000.0,421466368.51520574,3.29,3752206345.823399,8.9,96.67,219.2,38.1,257.3,339.09,2289.97,860.4,628.0,1.37,0.54,3.65,25.48,50,174.25,182
6271,同欣電,半導體業,7.64,11595081000.0,1517680759.1623037,3.13,11282813849.848837,7.43,17.51,19.02,10.23,29.25,76.01,217.33,130.11,187.5,0.69,0.41,1.16,8.47,57,20.37,167
6277,宏正,電子工業,3.08,4892149000.0,1588360064.9350648,1.4,5286873245.763881,3.33,18.15,9.5,14.17,23.67,47.19,78.82,60.42,72.4,0.83,0.65,1.09,5.47,15,0.0,0
6568,宏觀,半導體業,4.02,1114929000.0,277345522.38805974,2.15,1417005480.2695577,5.11,48.52,75.14,22.21,97.35,113.49,497.46,247.95,210.5,1.18,0.54,2.36,3.52,28,39.34,45
6569,醫揚,生技醫療業,2.87,1353898000.0,471741463.4146341,1.28,1395857787.654287,2.96,32.23,27.48,22.52,50.0,66.66,148.0,95.41,95.3,1.0,0.7,1.55,60.12,72,26.91,104
6279,胡連,電子零組件業,10.96,9789266000.0,893181204.379562,4.43,9593906990.115122,10.74,12.97,6.71,9.59,16.3,103.0,175.06,139.26,117.5,1.19,0.88,1.49,18.12,128,0.67,101
6570,維田,電腦及週邊設備業,1.29,904252000.0,700970542.6356589,0.6,1042813433.6170224,1.49,31.69,29.1,18.0,47.1,26.82,70.18,47.22,44.9,1.05,0.6,1.56,35.19,94,11.71,112
6573,虹揚-KY,半導體業,1.23,865246000.0,703452032.5203252,0.43,649766461.1659445,0.92,14.41,9.73,9.84,19.57,9.05,18.0,13.25,13.1,1.01,0.69,1.37,39.46,155,59.74,174
6276,安鈦克,電腦及週邊設備業,0.93,1457611000.0,1567323655.9139783,0.26,880641268.5540513,0.56,44.03,27.44,32.12,59.56,17.99,33.35,24.65,28.35,0.87,0.63,1.18,21.26,4,39.23,20
6278,台表科,電子工業,9.39,49870351000.0,5311006496.27263,3.99,50628749588.816124,9.53,11.34,17.56,8.24,25.8,78.53,245.87,108.04,203.0,0.53,0.39,1.21,19.31,44,8.49,50
6576,逸達,生技醫療業,-5.7,432261000.0,0.0,0.0,343752390.18596554,0.0,0.0,0.0,0.0,0.0,0.0,0.0,0.0,81.5,0.0,0.0,0.0,5.17,18,30.47,178
6577,勁豐,電腦及週邊設備業,5.64,2033734000.0,360591134.75177306,2.5,2146053456.3603966,5.95,14.19,13.76,9.63,23.39,57.3,139.17,84.42,78.5,1.08,0.73,1.77,34.32,57,3.16,2
6578,達邦蛋白,農業科技業,-0.96,296987000.0,0.0,0.0,359118559.06804216,0.0,163.66,138.88,94.12,233.0,0.0,0.0,0.0,17.05,0.0,0.0,0.0,19.71,49,52.08,93
6592B,和潤企業乙特,其他,0.0,0.0,0.0,0.0,0.0,0.0,0.0,0.0,0.0,0.0,0.0,0.0,0.0,97.4,0.0,0.0,0.0,0.73,43,1.75,127
6574,霈方,生技醫療業,6.82,603419000.0,88477859.23753665,3.81,785834843.1995926,8.88,18.05,22.97,10.44,33.41,92.71,296.68,160.27,117.5,1.36,0.79,2.52,6.82,163,0.0,0
6409,旭隼,其他電子業,40.23,20524460000.0,510177976.6343525,14.84,18016303558.727905,35.31,31.7,40.93,17.59,58.52,621.1,2066.34,1119.16,668.0,1.68,0.93,3.09,44.51,127,0.33,1
6290,良維,電子零組件業,8.72,10099931000.0,1158248967.889908,3.78,10994275954.534088,9.49,17.99,26.75,9.56,36.31,90.72,344.58,170.7,262.0,0.65,0.35,1.32,20.67,56,95.57,170
6416,瑞祺電通,通信網路業,4.3,4238496000.0,985696744.1860466,2.01,4227515572.827398,4.29,25.2,25.11,16.56,41.67,71.04,178.76,108.12,88.6,1.22,0.8,2.02,38.3,137,8.59,15
6456,GIS-KY,光電業,-0.8,67852571000.0,0.0,0.0,62505465462.772285,0.0,207.29,420.89,77.61,498.5,0.0,0.0,0.0,63.6,0.0,0.0,0.0,10.39,53,38.78,106
6461,益得,生技醫療業,-2.52,111107000.0,0.0,0.0,161361090.9090909,0.0,0.0,0.0,0.0,0.0,0.0,0.0,0.0,16.2,0.0,0.0,0.0,18.23,86,16.09,27
6415,矽力*-KY,電子工業,6.41,18703888000.0,2917923244.929797,3.06,21818471235.497696,7.48,102.42,305.75,27.16,332.91,203.16,2490.17,766.13,507.0,1.51,0.4,4.91,32.62,140,0.65,22
6414,樺漢,電腦及週邊設備業,23.26,142336502000.0,6119368099.742046,10.92,155679815423.40317,25.44,15.38,9.09,10.87,19.96,276.53,507.78,391.23,331.5,1.18,0.83,1.53,14.24,50,9.03,100
6462,神盾,半導體業,-17.52,5125214000.0,0.0,0.0,8924638609.087011,0.0,0.0,0.0,0.0,0.0,0.0,0.0,0.0,134.5,0.0,0.0,0.0,26.1,58,51.94,161
6464,台數科,其他,4.2,4444855000.0,1058298809.5238094,1.74,4390778807.294244,4.15,13.85,7.93,11.23,19.16,46.6,79.51,57.47,78.0,0.74,0.6,1.02,0.47,30,1.62,48
6465,威潤,通信網路業,0.93,232374000.0,249864516.12903225,0.59,472908409.2116182,1.89,48.59,48.74,17.07,65.81,32.26,124.38,91.84,48.6,1.89,0.66,2.56,20.82,49,35.36,15
6469,大樹,生技醫療業,4.29,18801939000.0,4382736363.636364,1.81,19345020207.45708,4.41,29.17,28.01,18.59,46.6,81.98,205.51,128.65,71.0,1.81,1.15,2.89,1.26,1,2.18,77
6470,宇智,通信網路業,3.87,2036670000.0,526271317.82945734,0.82,975819284.9648725,1.85,16.88,26.41,10.44,36.85,19.31,68.17,31.23,47.4,0.66,0.41,1.44,6.53,36,3.02,3
6472,保瑞,化學生技醫療,27.15,20100258000.0,740340994.4751382,9.64,16240452279.77904,21.94,21.14,20.34,15.39,35.73,337.66,783.92,463.73,383.5,1.21,0.88,2.04,21.35,58,11.2,51
6474,華豫寧,電子通路業,3.5,947872000.0,270820571.4285714,0.0,0.0,0.0,10.73,2.8,10.06,12.86,0.0,0.0,0.0,37.95,0.0,0.0,0.0,0.0,0,21.5,57
6477,安集,光電業,0.02,864073000.0,43203650000.0,0.01,1145051842.3373177,0.03,768.21,1910.23,72.27,1982.5,2.17,59.47,23.05,33.85,0.68,0.06,1.76,22.24,43,44.16,98
6482,弘煜科,文化創意業,2.51,516642000.0,205833466.13545817,0.73,319872984.8086268,1.55,19.74,21.12,10.82,31.94,16.77,49.51,30.6,29.05,1.05,0.58,1.7,17.89,11,0.27,1
6485,點序,半導體業,0.71,1448753000.0,2040497183.0985916,0.29,1319248889.927384,0.65,311.33,638.08,108.59,746.67,70.58,485.34,202.37,112.0,1.81,0.63,4.33,4.55,9,50.09,149
6486,互動,通信網路業,5.77,2435298000.0,422062045.06065863,3.2,3154493995.119096,7.47,14.42,5.23,11.98,17.21,89.49,128.56,107.69,81.2,1.33,1.1,1.58,9.24,49,4.21,38
6417,韋僑,通信網路業,4.83,1577211000.0,326544720.4968944,2.32,1877284614.3964841,5.75,24.68,15.04,17.08,32.12,98.21,184.69,141.89,125.0,1.14,0.79,1.48,12.68,49,25.7,127
6418,詠昇,電子零組件業,0.73,770725000.0,1055787671.2328768,0.32,791241708.9909745,0.75,27.94,61.74,10.95,72.69,8.21,54.52,20.96,30.1,0.7,0.27,1.81,12.94,17,292.73,133
6425,易發,電機機械,-1.62,1408313000.0,0.0,0.0,1761615539.0751123,0.0,150.91,312.95,64.78,377.73,0.0,0.0,0.0,87.8,0.0,0.0,0.0,7.34,151,49.13,140
6426,統新,通信網路業,-0.78,477475000.0,0.0,0.0,737582467.4935842,0.0,503.44,71.15,459.62,530.77,0.0,0.0,0.0,239.0,0.0,0.0,0.0,24.57,148,6.41,101
6432,今展科,電子零組件業,0.48,1100859000.0,2293456250.0,0.22,1185089932.8286376,0.52,51.78,198.48,14.02,212.5,7.29,110.5,26.93,52.7,0.51,0.14,2.1,6.72,58,34.45,161
6435,大中,半導體業,9.52,3323233000.0,349079096.6386555,4.49,3678227041.7625704,10.54,17.29,10.84,12.94,23.78,136.39,250.64,182.28,230.5,0.79,0.59,1.09,17.94,10,10.9,181
6488,環球晶,半導體業,15.3,60583311000.0,3959693529.4117646,6.12,55688368835.9406,14.06,22.63,43.79,10.82,54.61,152.13,767.82,318.2,638.0,0.5,0.24,1.2,13.17,49,64.69,154
6442,光聖,通信網路業,23.48,10705105000.0,455924403.7478705,10.48,11306450969.829178,24.8,62.53,123.54,21.26,144.8,527.25,3591.04,1550.84,1770.0,0.88,0.3,2.03,200.83,59,149.15,184
6443,元晶,光電業,-6.24,1931581000.0,0.0,0.0,1098244490.1068783,0.0,49.0,34.97,31.44,66.41,0.0,0.0,0.0,41.0,0.0,0.0,0.0,15.6,46,9.94,1
6446,藥華藥,化學生技醫療,14.27,14884059000.0,1043031464.6110722,8.73,23969632051.301075,22.98,114.23,500.88,31.45,532.33,722.72,12232.94,2625.11,789.0,3.33,0.92,15.5,75.6,123,13.97,43
6449,鈺邦,電子工業,7.38,4375999000.0,592953794.0379404,3.45,5502945524.05129,9.28,26.67,24.67,14.65,39.32,135.95,364.89,247.48,268.5,0.92,0.51,1.36,65.24,57,111.48,141
6451,訊芯-KY,半導體業,0.26,7574127000.0,29131257692.30769,0.1,6479247646.386472,0.22,468.29,1941.76,62.09,2003.85,13.66,440.85,103.02,485.5,0.21,0.03,0.91,51.65,38,30.68,86
6419,京晨科,光電業,9.58,515303000.0,53789457.202505216,8.08,853383416.584064,15.87,13.65,25.69,6.29,31.98,99.82,507.52,216.6,143.5,1.51,0.7,3.54,28.15,18,0.72,6
6441,廣錠,電腦及週邊設備業,-5.16,238504000.0,0.0,0.0,93513708.73195633,0.0,0.0,0.0,0.0,0.0,0.0,0.0,0.0,24.0,0.0,0.0,0.0,18.22,43,24.41,15
6491,晶碩,化學生技醫療,20.87,7034551000.0,337065213.2247245,9.45,8070915335.449399,23.94,15.22,9.37,12.44,21.81,297.81,522.13,364.42,303.0,1.2,0.98,1.72,0.59,1,0.57,1
6492,生華科,生技醫療業,-2.97,1074000.0,0.0,0.0,1030215.8273381295,0.0,0.0,0.0,0.0,0.0,0.0,0.0,0.0,45.8,0.0,0.0,0.0,48.27,59,46.38,154
6527,明達醫,生技醫療業,5.81,932292000.0,160463339.070568,2.17,837074515.4743366,5.22,17.03,11.06,11.52,22.58,60.13,117.87,88.9,70.0,1.27,0.86,1.68,14.16,130,11.57,20
6530,創威,通信網路業,1.95,324182000.0,166247179.4871795,0.91,378410877.45139754,2.28,38.75,45.14,23.32,68.46,53.17,156.09,88.35,101.0,0.87,0.53,1.55,77.39,140,40.88,101
6405,悅城,電子工業,-1.27,927000.0,0.0,0.0,180092.0245398773,0.0,0.0,0.0,0.0,0.0,0.0,0.0,0.0,53.5,0.0,0.0,0.0,116.85,156,14.55,160
6531,愛普*,半導體業,7.73,5290540000.0,684416558.8615782,5.43,10636136925.670013,15.54,49.95,104.98,19.86,124.84,308.62,1940.01,776.29,973.0,0.8,0.32,1.99,14.2,45,61.78,181
6532,瑞耘,半導體業,7.31,682690000.0,93391244.87004104,3.13,619765360.0808332,6.64,16.84,15.57,7.91,23.48,52.52,155.91,111.79,96.8,1.15,0.54,1.61,33.75,51,19.24,48
6533,晶心科,半導體業,-8.19,1432983000.0,0.0,0.0,1767996013.1476824,0.0,7806.98,3312.5,6025.0,9337.5,0.0,0.0,0.0,216.5,0.0,0.0,0.0,10.87,35,14.81,126
6535,順藥,生技醫療業,-2.06,40430000.0,0.0,0.0,28086327.433628317,0.0,0.0,0.0,0.0,0.0,0.0,0.0,0.0,128.0,0.0,0.0,0.0,113.22,161,114.81,119
6294,智基,文化創意業,2.78,986608000.0,354894964.028777,1.03,839866665.7859051,2.37,20.08,29.4,10.27,39.67,24.34,94.02,47.6,27.1,1.76,0.9,3.47,4.35,79,8.54,90
6292,迅德,電子零組件業,2.0,1000924000.0,500462000.0,0.96,1195896573.0845644,2.39,28.9,87.31,8.52,95.83,20.36,229.03,69.07,54.0,1.28,0.38,4.24,7.3,7,1.52,6
6538,倉和,電子零組件業,1.15,1483039000.0,1289599130.4347827,0.42,1126220819.706639,0.87,20.26,97.87,8.63,106.5,7.51,92.66,17.63,106.5,0.17,0.07,0.87,13.24,43,11.17,17
6291,沛亨,半導體業,6.6,2053233000.0,311095909.0909091,3.61,3044451458.008698,9.79,26.88,69.51,8.97,78.48,87.82,768.32,263.12,463.0,0.57,0.19,1.66,4.87,25,160.76,111
6541,泰福-KY,化學生技醫療,-6.21,381342000.0,0.0,0.0,1551881279.4459627,0.0,0.0,0.0,0.0,0.0,0.0,0.0,0.0,37.95,0.0,0.0,0.0,101.35,102,18.73,147
6542,隆中,文化創意業,0.02,861299000.0,43064950000.0,0.01,1055547897.1327577,0.02,418.2,2830.91,19.09,2850.0,0.38,57.0,8.36,46.15,0.18,0.01,1.24,0.0,0,0.0,0
6526,達發,電子工業,17.32,20994770000.0,1212169168.591224,7.41,22020766962.807655,18.17,43.99,83.78,23.79,107.57,432.26,1954.55,799.21,657.0,1.22,0.66,2.97,17.22,29,10.9,52
6525,捷敏-KY,電子工業,5.87,5291971000.0,901528279.3867121,2.61,5949436998.385399,6.6,14.47,8.36,10.83,19.19,71.48,126.65,95.48,113.5,0.84,0.63,1.12,12.91,156,20.56,154
6494,九齊,半導體業,-0.93,1176236000.0,0.0,0.0,1530751159.767673,0.0,31.78,475.05,12.45,487.5,0.0,0.0,0.0,54.0,0.0,0.0,0.0,2.1,9,0.0,0
6496,科懋,生技醫療業,-3.96,866250000.0,0.0,0.0,1005170166.8397818,0.0,0.0,0.0,0.0,0.0,0.0,0.0,0.0,24.15,0.0,0.0,0.0,28.52,42,18.9,115
6269,台郡,電子零組件業,-6.95,22414698000.0,0.0,0.0,23007108794.529526,0.0,30.52,46.35,12.99,59.34,0.0,0.0,0.0,58.0,0.0,0.0,0.0,1.84,4,21.53,99
6498,久禾光,光電業,6.47,962397000.0,148747604.32766616,3.94,3020923636.731461,20.31,16.37,9.32,13.09,22.41,265.86,455.15,332.53,105.0,3.17,2.53,4.33,32.85,157,47.19,20
6499,益安,生技醫療業,-7.24,407417000.0,0.0,0.0,471895417.9653506,0.0,0.0,0.0,0.0,0.0,0.0,0.0,0.0,94.5,0.0,0.0,0.0,23.95,43,62.74,48
6504,南六,其他,-1.09,6690185000.0,0.0,0.0,6387591641.778484,0.0,117.12,309.56,27.11,336.67,0.0,0.0,0.0,38.75,0.0,0.0,0.0,1.9,31,1.49,41
6505,台塑化,油電燃氣業,1.04,625336454000.0,601285051923.0769,0.46,636400420628.7538,1.06,54.83,77.11,17.11,94.22,18.14,99.87,58.12,51.2,1.14,0.35,1.95,0.0,0,46.35,184
6508,惠光,農業科技業,0.27,1401564000.0,5190977777.777778,0.14,1411277754.6275485,0.27,53.99,86.69,23.08,109.77,6.23,29.64,14.58,23.3,0.63,0.27,1.27,1.83,39,1.41,3
6509,聚和,化學工業,2.87,4865391000.0,1695258188.15331,1.32,5159314737.548024,3.04,14.36,8.95,9.5,18.45,28.88,56.09,43.65,47.65,0.92,0.61,1.18,12.86,51,2.42,9
6510,精測,半導體業,30.41,4865930000.0,160010851.69352186,14.19,5512732079.666807,34.45,96.87,176.78,30.64,207.42,1055.55,7145.62,3337.31,3385.0,0.99,0.31,2.11,63.56,183,131.93,133
6512,啟發電,其他電子類,-0.78,191934000.0,0.0,0.0,100533865.54604103,0.0,0.0,0.0,0.0,0.0,0.0,0.0,0.0,19.05,0.0,0.0,0.0,51.72,15,7.37,17
6412,群電,電子零組件業,5.2,34938697000.0,6718980192.307693,1.96,31371643112.833324,4.67,15.0,8.48,10.19,18.67,47.59,87.19,70.06,94.5,0.74,0.5,0.92,3.62,7,2.82,9
6515,穎崴,半導體業,46.93,7384564000.0,157352738.12060517,31.13,10606408971.742897,67.41,66.62,211.7,20.85,232.55,1405.5,15676.2,4490.94,9080.0,0.49,0.15,1.73,65.89,119,175.68,162
6516,勤崴國際,資訊服務業,1.52,526545000.0,346411184.2105263,0.86,688333426.0173932,1.99,52.13,36.74,31.06,67.8,61.81,134.92,103.74,57.1,1.82,1.08,2.36,7.76,58,0.0,0
6517,保勝光學,光電業,1.62,491220000.0,303222222.2222222,0.59,415715182.0060328,1.37,26.69,35.1,14.66,49.76,20.08,68.17,36.57,60.5,0.6,0.33,1.13,17.02,126,36.15,9
6523,達爾膚,生技醫療業,7.78,1155609000.0,148535861.1825193,2.86,1005484360.6343523,6.77,14.16,5.75,11.91,17.66,80.63,119.56,95.88,98.8,0.97,0.82,1.21,2.43,11,0.36,1
6411,晶焱,半導體業,3.18,2456141000.0,772371383.6477987,1.41,2713263524.238499,3.51,22.23,16.11,12.83,28.94,45.03,101.58,78.02,86.0,0.91,0.52,1.18,7.32,53,36.86,163
00400A,主動國泰動能高息,ETF,0.0,0.0,0.0,0.0,0.0,0.0,0.0,0.0,0.0,0.0,0.0,0.0,0.0,12.72,0.0,0.0,0.0,29.72,32,29.72,32
6265,方土昶,電子通路業,0.68,771827000.0,1135039705.8823528,1.28,4726264558.922417,4.16,88.2,175.52,16.98,192.5,70.64,800.8,366.9,41.6,8.82,1.7,19.25,15.41,51,118.16,178
5344,立衛,半導體業,-0.38,334902000.0,0.0,0.0,407754900.87753975,0.0,35.67,31.0,21.27,52.27,0.0,0.0,0.0,15.6,0.0,0.0,0.0,16.75,36,30.04,100
5347,世界,半導體業,4.3,47964760000.0,11154595348.83721,1.93,51721454380.03502,4.64,23.97,25.4,17.74,43.14,82.31,200.17,111.22,159.0,0.7,0.52,1.26,43.58,42,18.75,126
5351,鈺創,半導體業,-1.53,3643776000.0,0.0,0.0,15321621373.38202,0.0,86.35,17.63,76.7,94.33,0.0,0.0,0.0,74.4,0.0,0.0,0.0,7.99,35,70.79,176
5353,台林,通信網路業,1.38,1819058000.0,1318157971.0144928,0.57,1854224083.0815358,1.41,16.63,10.83,10.33,21.16,14.57,29.84,23.45,25.8,0.91,0.56,1.16,28.64,14,6.23,6
5355,佳總,電子零組件業,-1.12,454197000.0,0.0,0.0,479167991.949204,0.0,0.0,0.0,0.0,0.0,0.0,0.0,0.0,6.4,0.0,0.0,0.0,19.33,45,24.31,90
5356,協益,電腦及週邊設備業,0.44,3440781000.0,7819956818.181818,0.17,3033585340.7431264,0.39,22.19,57.75,4.18,61.93,1.63,24.15,8.65,26.4,0.33,0.06,0.91,10.33,8,2.77,37
5371,中光電,光電業,0.95,39194727000.0,41257607368.42105,0.4,43745283033.230804,1.06,56.18,101.46,22.37,123.83,23.71,131.26,59.55,70.5,0.84,0.34,1.86,25.38,7,117.61,106
5381,光譜,電子零組件業,0.72,2135776000.0,2966355555.555556,0.3,1863799187.4876955,0.63,53.08,103.98,17.85,121.83,11.25,76.75,33.44,24.75,1.35,0.45,3.1,3.84,53,37.41,84
5386,青雲,電腦及週邊設備業,8.78,5565492000.0,633882915.7175399,18.82,30044687512.515274,47.4,25.7,52.42,8.21,60.63,389.15,2873.86,1218.32,429.5,2.84,0.91,6.69,62.06,101,11.21,2
5388,中磊,通信網路業,4.04,53084553000.0,13139740841.584158,2.26,75828875195.25957,5.77,15.7,10.82,11.18,22.0,64.51,126.94,90.6,81.8,1.11,0.79,1.55,4.66,9,11.39,73
5392,能率,光電業,-0.28,8728682000.0,0.0,0.0,8783257401.357973,0.0,267.22,607.13,52.87,660.0,0.0,0.0,0.0,41.35,0.0,0.0,0.0,14.74,2,79.69,128
5398,慕康生醫,其他,0.35,233856000.0,668160000.0,0.08,192604809.40254653,0.29,86.34,61.31,56.57,117.88,16.41,34.19,25.04,19.3,1.3,0.85,1.77,46.74,178,17.32,184
5403,中菲,資訊服務業,8.56,3406899000.0,398002219.6261682,3.82,3189582518.2095537,8.01,14.72,8.28,10.72,19.0,85.87,152.19,117.9,86.0,1.37,1.0,1.77,2.01,18,3.15,3
5410,國眾,資訊服務業,2.35,4317858000.0,1837386382.9787233,1.42,5835835044.36175,3.18,16.19,11.32,11.66,22.98,37.08,73.08,51.49,37.85,1.36,0.98,1.93,9.3,24,32.45,136
5425,台半,半導體業,2.08,17898763000.0,8605174519.230768,0.88,17867708403.026962,2.08,31.85,24.93,18.96,43.89,39.44,91.29,66.25,86.9,0.76,0.45,1.05,7.07,18,41.56,154
5426,振發,電腦及週邊設備業,0.52,1797107000.0,3455975000.0,0.25,1836451453.7737305,0.53,151.92,840.85,16.65,857.5,8.82,454.48,80.52,18.05,4.46,0.49,25.18,14.29,14,18.03,34
5340,建榮,電子零組件業,1.2,2256598000.0,1880498333.3333335,0.56,2648673270.076793,1.41,83.68,186.47,33.53,220.0,47.28,310.2,117.99,99.7,1.18,0.47,3.11,21.02,18,72.88,178
5328,華容,電子零組件業,0.39,881581000.0,2260464102.5641026,0.18,976892021.6205825,0.43,56.76,107.67,27.69,135.36,11.91,58.2,24.41,30.9,0.79,0.39,1.88,31.36,49,54.15,177
5324,士開,建材營造,-0.05,1340608000.0,0.0,0.0,864422243.2352182,0.0,49.7,143.77,10.67,154.44,0.0,0.0,0.0,11.95,0.0,0.0,0.0,0.0,0,7.49,3
5274,信驊,半導體業,103.92,8949538000.0,86119495.76597382,61.52,13522580323.499239,157.02,85.81,145.71,34.24,179.95,5376.36,28255.75,13474.56,15560.0,0.87,0.35,1.82,61.03,95,76.87,182
5276,達輝-KY,其他,1.13,919058000.0,813325663.7168143,0.52,1035051490.4393036,1.27,32.23,107.28,12.48,119.76,15.85,152.1,40.93,18.65,2.19,0.85,8.16,0.0,0,20.79,14
5283,禾聯碩,電器電纜,6.03,6483577000.0,1075220066.3349917,2.36,6352927714.698222,5.91,13.38,10.08,8.76,18.84,51.77,111.34,79.08,51.8,1.53,1.0,2.15,0.0,0,1.27,6
5284,jpp-KY,其他,12.06,3612748000.0,299564510.7794361,6.42,5445459001.841904,18.18,47.8,151.25,21.43,172.68,389.6,3139.32,869.02,363.0,2.39,1.07,8.65,37.25,161,98.44,164
5285,界霖,半導體業,1.54,5320040000.0,3454571428.5714283,0.69,5751960742.976095,1.67,27.98,25.33,15.0,40.33,25.05,67.35,46.73,80.4,0.58,0.31,0.84,8.43,126,19.43,167
5288,豐祥-KY,電機機械,12.26,6818895000.0,556190456.7699836,6.26,7467549861.980189,13.43,10.94,6.85,7.61,14.46,102.2,194.2,146.86,146.5,1.0,0.7,1.33,14.15,140,1.01,1
5289,宜鼎,電腦及週邊設備業,21.83,13168865000.0,603246220.7970684,35.92,66107986911.09389,109.59,27.66,57.63,16.03,73.66,1756.73,8072.4,3031.09,1675.0,1.81,1.05,4.82,20.63,14,127.76,177
5434,崇越,電子工業,21.8,66554106000.0,3052940642.2018347,10.41,78279520498.92036,25.64,15.85,9.0,10.97,19.97,281.27,512.03,406.42,397.0,1.02,0.71,1.29,19.55,175,38.02,167
5291,邑昇,電子零組件業,0.32,1077231000.0,3366346875.0,0.17,1410017540.7069674,0.42,120.47,202.51,49.1,251.61,20.62,105.68,50.6,71.7,0.71,0.29,1.47,9.32,14,3.87,184
5299,杰力,半導體業,4.58,1515551000.0,330906331.87772924,1.92,1400754863.6581378,4.23,17.88,14.17,11.13,25.3,47.08,107.02,75.63,104.5,0.72,0.45,1.02,12.15,52,1.5,164
5302,太欣,半導體業,-0.11,18269000.0,0.0,0.0,37510359.36285937,0.0,0.0,0.0,0.0,0.0,0.0,0.0,0.0,9.88,0.0,0.0,0.0,44.91,17,39.97,85
5309,系統電,電子零組件業,0.27,3337464000.0,12360977777.777777,0.12,3497757741.881102,0.28,171.72,596.9,26.43,623.33,7.4,174.53,48.08,67.7,0.71,0.11,2.58,25.67,93,106.06,114
5310,天剛,資訊服務業,0.52,992000.0,1907692.3076923075,0.07,290133.3333333333,0.15,45.22,337.82,12.89,350.71,1.93,52.61,6.78,0.0,0.0,0.0,0.0,39.03,81,0.41,1
5312,寶島科,生技醫療業,6.41,4132651000.0,644719344.773791,2.93,4654106025.589748,7.22,15.01,8.9,12.38,21.28,89.38,153.64,108.34,94.5,1.15,0.95,1.63,0.0,0,11.3,3
5315,光聯,光電業,1.89,2009859000.0,1063417460.3174604,0.74,1892038895.773508,1.78,19.15,21.02,11.63,32.65,20.7,58.12,34.09,21.65,1.57,0.96,2.68,20.65,168,4.22,2
5292,華懋,綠能環保,10.16,2797518000.0,275346259.8425197,3.87,2576480795.3864317,9.36,16.92,14.16,12.53,26.69,117.28,249.82,158.38,222.0,0.71,0.53,1.13,16.29,46,15.82,114
5438,東友,電腦及週邊設備業,0.51,1315943000.0,2580280392.1568627,0.13,769831752.590548,0.3,68.05,339.58,14.59,354.17,4.38,106.25,20.41,18.5,1.1,0.24,5.74,129.73,170,39.81,128
5439,高技,電子零組件業,13.74,9245672000.0,672901892.2852983,6.31,15478038101.087946,23.0,35.97,53.48,14.74,68.22,339.02,1569.06,827.21,364.5,2.27,0.93,4.3,11.47,56,103.11,167
5508,永信建,建材營造,3.06,2428176000.0,793521568.627451,1.65,2435345452.340187,3.07,12.56,14.7,6.23,20.93,19.13,64.26,38.54,48.45,0.8,0.39,1.33,53.1,71,1.12,22
5511,德昌,建材營造,10.63,10690300000.0,1005672624.6472248,4.93,13209703759.520523,13.14,8.09,3.87,5.97,9.84,78.45,129.3,106.37,72.1,1.48,1.09,1.79,1.7,44,13.29,181
5512,力麒,建材營造,0.17,6947963000.0,40870370588.23529,0.07,6597265646.451242,0.16,56.46,60.42,25.0,85.42,4.0,13.67,9.03,6.86,1.32,0.58,1.99,15.75,60,0.21,3
5514,三豐,建材營造,-0.14,684937000.0,0.0,0.0,672431048.7657437,0.0,80.24,121.34,40.66,162.0,0.0,0.0,0.0,15.25,0.0,0.0,0.0,6.81,71,0.53,3
5515,建國,建材營造,4.48,7364521000.0,1643866294.642857,2.02,8204329238.639329,4.99,9.95,7.36,6.64,14.0,33.13,69.86,49.66,39.65,1.25,0.84,1.76,10.98,176,15.99,182
5516,雙喜,建材營造,0.17,1938290000.0,11401705882.35294,0.1,2961612573.391531,0.26,66.34,73.14,8.11,81.25,2.11,21.12,17.25,11.0,1.57,0.19,1.92,1.33,2,0.95,2
5519,隆大,建材營造,4.96,6014678000.0,1212636693.548387,0.95,3962156420.5983133,3.27,8.45,8.57,4.52,13.09,14.78,42.8,27.64,32.6,0.85,0.45,1.31,42.92,73,2.81,6
5520,力泰,建材營造,9.97,4226492000.0,423920962.888666,3.77,3941619546.667599,9.3,9.17,2.53,7.87,10.4,73.19,96.72,85.33,0.0,0.0,0.0,0.0,1.94,38,19.73,90
5521,工信,建材營造,0.51,8867276000.0,17386815686.27451,0.25,10208569745.91803,0.59,129.8,651.97,15.53,667.5,9.16,393.82,76.58,10.55,7.26,0.87,37.33,0.76,73,16.28,182
5522,遠雄,建材營造,7.45,28122985000.0,3774897315.4362416,2.56,194081033339.70816,51.41,19.09,28.09,7.45,35.54,383.0,1827.11,981.32,70.8,13.86,5.41,25.81,20.54,15,20.26,22
5498,凱崴,電子零組件業,0.0,1359340000.0,0.0,0.0,2037594492.891181,0.0,553.96,76.67,510.83,587.5,0.0,0.0,0.0,61.3,0.0,0.0,0.0,26.52,7,213.68,93
5523,豐謙,建材營造,-0.08,5246000.0,0.0,0.0,5265543.3741351785,0.0,24.43,47.14,9.22,56.36,0.0,0.0,0.0,30.25,0.0,0.0,0.0,2.61,16,0.0,0
5529,鉅陞,建材營造,2.02,78043000.0,38635148.51485149,35.99,4035585564.059653,104.45,11.59,6.69,7.19,13.88,751.0,1449.77,1210.06,25.55,47.36,29.39,56.74,24.45,57,1.13,6
5530,龍巖,其他,2.74,4023918000.0,1468583211.678832,1.22,4045493132.693382,2.75,16.65,11.74,13.31,25.05,36.6,68.89,45.77,46.7,0.98,0.78,1.48,27.05,35,0.0,0
5531,鄉林,建材營造,-0.28,3568155000.0,0.0,0.0,296406736.24000174,0.0,58.77,131.37,34.23,165.6,0.0,0.0,0.0,7.75,0.0,0.0,0.0,2.09,18,0.0,0
5533,皇鼎,建材營造,0.56,1128405000.0,2015008928.5714283,0.28,1117333633.6017785,0.55,15.01,17.13,9.21,26.34,5.07,14.49,8.26,13.85,0.6,0.37,1.05,0.0,0,0.27,1
5534,長虹,建材營造,6.0,9314448000.0,1552408000.0,2.35,7240691501.529431,4.66,12.74,14.38,9.68,24.06,45.11,112.12,59.39,75.6,0.79,0.6,1.48,9.26,73,1.07,6
5536,聖暉*,其他電子類,28.42,41109272000.0,1446490921.8859956,13.65,51420646632.71612,35.55,23.08,28.82,13.66,42.48,485.61,1510.16,820.65,916.0,0.9,0.53,1.65,61.33,161,168.03,112
5538,東明-KY,鋼鐵工業,3.02,12673987000.0,4196684437.0860925,1.36,13286712966.74907,3.17,15.55,23.41,8.94,32.35,28.34,102.55,49.29,34.4,1.43,0.82,2.98,19.64,137,3.08,42
5543,桓鼎-KY,建材營造,-2.51,3144157000.0,0.0,0.0,3390980004.2718053,0.0,0.0,0.0,0.0,0.0,0.0,0.0,0.0,28.95,0.0,0.0,0.0,0.1,17,0.0,0
5546,永固-KY,建材營造,-2.13,2087510000.0,0.0,0.0,858402346.5981517,0.0,171.78,18.82,160.0,178.82,0.0,0.0,0.0,16.5,0.0,0.0,0.0,0.0,0,1.84,7
5547,久舜,建材營造,3.14,291501000.0,92834713.37579617,0.0,0.0,0.0,7.85,2.14,6.83,8.97,0.0,0.0,0.0,21.5,0.0,0.0,0.0,0.86,8,0.0,0
5525,順天,建材營造,1.4,747859000.0,534185000.00000006,7.31,12809309486.718525,23.98,23.12,39.0,8.92,47.92,213.9,1149.12,554.31,22.4,24.75,9.55,51.3,29.24,71,0.0,0
5272,笙科,半導體業,-1.33,347822000.0,0.0,0.0,277773203.0860767,0.0,198.08,51.56,166.25,217.81,0.0,0.0,0.0,22.35,0.0,0.0,0.0,12.08,51,7.87,51
5493,三聯,其他電子類,4.18,5359000000.0,1282057416.2679427,1.97,6245832215.742699,4.87,18.78,26.06,11.24,37.3,54.74,181.65,91.45,90.6,1.01,0.6,2.0,42.13,46,33.9,76
5489,彩富,其他電子類,2.0,1653712000.0,826856000.0,0.91,1892559553.2040405,2.29,34.06,57.17,16.19,73.36,37.08,167.99,77.99,39.5,1.97,0.94,4.25,24.7,49,0.0,0
5452,佶優,其他電子類,0.33,4978088000.0,15085115151.51515,0.13,4330710740.82279,0.29,84.04,104.56,41.02,145.58,11.9,42.22,24.37,31.75,0.77,0.37,1.33,83.62,46,0.16,1
5455,昇益,建材營造,3.46,2170879000.0,627421676.300578,0.01,8088111.305507114,0.01,8.78,13.19,3.45,16.64,0.03,0.17,0.09,24.2,0.0,0.0,0.01,55.57,87,0.0,0
5457,宣德,電子零組件業,2.77,24329570000.0,8783238267.148014,1.04,23400890449.326267,2.66,22.84,47.19,12.27,59.46,32.64,158.16,60.77,27.75,2.19,1.18,5.7,2.96,2,13.5,126
5460,同協,電子零組件業,-0.17,234145000.0,0.0,0.0,257214670.61055362,0.0,121.06,237.16,46.59,283.75,0.0,0.0,0.0,15.25,0.0,0.0,0.0,62.14,115,33.95,93
5464,霖宏,電子零組件業,-2.6,967415000.0,0.0,0.0,1182616774.4338171,0.0,26.24,44.96,11.64,56.6,0.0,0.0,0.0,67.5,0.0,0.0,0.0,7.38,30,5.08,3
5465,富驊,電腦及週邊設備業,1.29,5633240000.0,4366852713.178294,0.39,3541698164.0361614,0.81,19.68,14.81,13.88,28.69,11.24,23.24,15.94,24.1,0.66,0.47,0.96,5.45,3,10.57,36
5468,凱鈺,半導體業,-0.65,164049000.0,0.0,0.0,236949622.03036982,0.0,438.83,68.75,406.25,475.0,0.0,0.0,0.0,17.0,0.0,0.0,0.0,62.94,37,21.74,148
5469,瀚宇博,電子工業,6.05,55369479000.0,9151980000.0,2.88,76510407281.84425,8.36,11.64,11.85,6.22,18.07,52.0,151.07,97.34,79.0,1.23,0.66,1.91,8.08,9,87.72,125
5490,同亨,電腦及週邊設備業,1.69,1522742000.0,901030769.2307693,0.78,1687905372.668165,1.87,28.06,57.81,15.33,73.14,28.67,136.77,52.48,28.4,1.85,1.01,4.82,40.38,46,26.0,115
5471,松翰,電子工業,0.72,2689883000.0,3735948611.111111,0.36,3161862827.761807,0.85,42.97,40.29,27.66,67.95,23.51,57.76,36.52,52.3,0.7,0.45,1.1,5.79,49,16.11,119
5474,聰泰,電腦及週邊設備業,5.49,1444285000.0,263075591.98542804,1.9,1479528690.0560026,5.62,26.61,21.16,16.92,38.08,95.09,214.01,149.56,165.5,0.9,0.57,1.29,65.46,51,40.33,114
5475,德宏,電子零組件業,-0.16,829935000.0,0.0,0.0,1599394057.6495593,0.0,1269.02,91.3,1208.7,1300.0,0.0,0.0,0.0,278.0,0.0,0.0,0.0,47.52,50,486.32,135
5478,智冠,文化創意業,7.93,6441132000.0,812248675.9142497,3.83,7509163127.8622675,9.24,16.72,16.0,11.51,27.51,106.35,254.19,154.52,99.5,1.55,1.07,2.55,5.24,38,1.35,1
5483,中美晶,半導體業,6.71,77689163000.0,11578116691.505217,2.87,78809405250.59454,6.81,16.47,18.34,9.14,27.48,62.24,187.14,112.19,135.0,0.83,0.46,1.39,17.09,56,15.93,156
5484,慧友,光電業,-0.59,458727000.0,0.0,0.0,932952026.7181114,0.0,107.7,10.0,101.89,111.89,0.0,0.0,0.0,39.45,0.0,0.0,0.0,355.77,46,29.26,100
5487,通泰,半導體業,-0.53,168084000.0,0.0,0.0,143792953.28759146,0.0,0.0,0.0,0.0,0.0,0.0,0.0,0.0,27.75,0.0,0.0,0.0,39.43,123,11.33,14
5488,松普,電子零組件業,0.11,778399000.0,7076354545.454545,0.06,981759049.4148922,0.14,225.85,1095.49,24.51,1120.0,3.43,156.8,31.62,11.7,2.7,0.29,13.4,26.36,176,17.55,86
5269,祥碩,電子工業,72.7,12907479000.0,177544415.40577716,31.54,16777981106.476711,94.5,32.9,45.6,14.61,60.21,1380.64,5689.84,3109.09,1385.0,2.24,1.0,4.11,23.5,30,4.66,22
4960,誠美材,電子工業,-2.59,8612063000.0,0.0,0.0,7894976304.619827,0.0,0.0,0.0,0.0,0.0,0.0,0.0,0.0,33.15,0.0,0.0,0.0,17.94,53,14.34,91
4961,天鈺,半導體業,9.65,18325723000.0,1899038652.8497407,4.03,17050011997.992613,8.98,13.77,10.43,10.85,21.28,97.43,191.09,123.69,171.0,0.72,0.57,1.12,5.36,31,5.1,38
4966,譜瑞-KY,半導體業,34.66,16412645000.0,473532746.6820543,14.24,16175784296.574654,34.16,20.95,18.75,13.43,32.18,458.77,1099.27,715.63,757.0,0.95,0.61,1.45,22.16,30,51.31,121
4967,十銓,半導體業,13.07,17964831000.0,1374508875.2869165,11.06,35725163308.28858,25.99,23.77,77.79,6.59,84.38,171.27,2193.04,617.69,261.0,2.37,0.66,8.4,72.12,25,97.35,174
4968,立積,半導體業,2.65,3747771000.0,1414253207.54717,1.11,3984108767.306967,2.82,233.52,840.62,37.16,877.78,104.79,2475.34,658.53,113.0,5.83,0.93,21.91,30.16,32,29.07,142
4971,IET-KY,半導體業,1.61,1057201000.0,656646583.8509316,0.84,1309751297.2420192,1.99,334.19,401.76,126.72,528.48,252.17,1051.68,665.04,700.0,0.95,0.36,1.5,40.49,141,64.63,101
4972,湯石照明,光電業,-1.84,937469000.0,0.0,0.0,950906274.246905,0.0,39.0,26.17,28.45,54.62,0.0,0.0,0.0,16.45,0.0,0.0,0.0,1.97,57,0.0,0
4973,廣穎,半導體業,2.1,4298725000.0,2047011904.7619047,1.58,6961291099.8244295,3.4,26.54,75.4,7.69,83.09,26.15,282.51,90.24,109.0,0.83,0.24,2.59,19.1,9,53.44,181
4976,佳凌,光電業,-1.88,1036181000.0,0.0,0.0,1005906441.3448833,0.0,0.0,0.0,0.0,0.0,0.0,0.0,0.0,30.9,0.0,0.0,0.0,27.66,49,106.83,107
4977,眾達-KY,通信網路業,4.5,1117417000.0,248314888.8888889,1.32,765284227.6353817,3.08,87.94,432.46,17.54,450.0,54.02,1386.0,270.85,201.0,1.35,0.27,6.9,67.11,147,46.38,111
4979,華星光,通信網路業,5.43,4315580000.0,794766114.1804788,2.55,4855572663.483743,6.11,49.71,109.5,22.73,132.23,138.88,807.93,303.73,562.0,0.54,0.25,1.44,33.61,172,37.72,125
4987,科誠,電腦及週邊設備業,6.37,1340690000.0,210469387.75510204,2.76,1459800888.429752,6.94,12.73,6.45,9.63,16.08,66.83,111.6,88.38,81.6,1.08,0.82,1.37,50.08,184,9.95,62
4989,榮科,電子工業,-3.48,2536276000.0,0.0,0.0,4353316889.58454,0.0,0.0,0.0,0.0,0.0,0.0,0.0,0.0,92.8,0.0,0.0,0.0,3.23,2,209.32,177
4991,環宇-KY,半導體業,0.16,2159582000.0,13497387500.0,0.09,3124320973.665876,0.23,1738.28,4694.71,265.29,4960.0,61.02,1140.8,399.81,700.0,0.57,0.09,1.63,156.91,171,108.33,164
4974,亞泰,電子零組件業,5.15,3807147000.0,739251844.6601942,2.11,3376713917.5711966,4.57,13.78,12.97,10.29,23.26,47.03,106.3,62.99,73.7,0.85,0.64,1.44,65.98,116,1.16,90
4994,傳奇,資訊服務業,1.96,1182743000.0,603440306.122449,0.87,1223800160.7385151,2.03,31.79,43.57,19.25,62.82,39.08,127.52,64.54,90.0,0.72,0.43,1.42,1.11,15,12.02,127
4958,臻鼎-KY,電子零組件業,6.87,178946617000.0,26047542503.63901,2.89,193971619312.70905,7.45,18.74,59.19,8.92,68.11,66.45,507.42,139.6,439.0,0.32,0.15,1.16,28.87,58,96.5,101
4956,光鋐,電子工業,-0.8,1359151000.0,0.0,0.0,1500073773.1739535,0.0,0.0,0.0,0.0,0.0,0.0,0.0,0.0,43.0,0.0,0.0,0.0,113.71,156,13.28,23
4931,新盛力,電腦及週邊設備業,3.13,2333664000.0,745579552.715655,1.8,3335331253.8029876,4.47,39.77,64.27,17.76,82.03,79.39,366.67,177.78,189.5,0.94,0.42,1.93,63.64,183,101.18,100
4933,友輝,光電業,5.77,3062497000.0,530762045.06065863,2.34,2901872378.520727,5.47,11.29,6.13,8.48,14.61,46.39,79.92,61.74,72.5,0.85,0.64,1.1,17.27,119,1.8,2
4934,太極,光電業,-0.95,87174000.0,0.0,0.0,179530417.82131714,0.0,0.0,0.0,0.0,0.0,0.0,0.0,0.0,16.4,0.0,0.0,0.0,14.98,43,58.8,133
4935,茂林-KY,光電業,1.34,5517931000.0,4117858955.2238803,0.43,3973153138.6270084,0.96,17.29,20.46,9.35,29.81,8.98,28.62,16.6,36.1,0.46,0.25,0.79,15.45,156,18.29,108
4938,和碩,電子工業,5.39,1119686756000.0,207734092022.26346,2.08,1010566855045.9872,4.86,14.58,9.19,10.84,20.03,52.68,97.35,70.88,77.2,0.92,0.68,1.26,14.83,31,0.0,0
4939,亞電,電子零組件業,-0.43,1421150000.0,0.0,0.0,1389158973.634333,0.0,84.32,131.52,37.65,169.17,0.0,0.0,0.0,37.55,0.0,0.0,0.0,10.66,122,42.5,170
4942,嘉彰,光電業,3.05,6065551000.0,1988705245.9016395,1.18,5807013960.141161,2.92,11.39,7.73,8.42,16.15,24.59,47.16,33.27,37.05,0.9,0.66,1.27,2.47,46,6.82,167
4943,康控-KY,電子零組件業,-1.9,1666646000.0,0.0,0.0,2306129235.9284034,0.0,0.0,0.0,0.0,0.0,0.0,0.0,0.0,9.0,0.0,0.0,0.0,5.9,73,0.0,0
4946,辣椒,文化創意業,3.13,342106000.0,109299041.53354633,1.09,256603787.9478231,2.35,732.9,1566.88,33.12,1600.0,77.83,3760.0,1722.32,106.0,16.25,0.73,35.47,19.2,37,20.66,2
4949,有成精密,光電業,1.91,2370766000.0,1241238743.4554975,1.05,3141635025.821553,2.53,26.56,48.2,7.33,55.53,18.54,140.49,67.19,87.3,0.77,0.21,1.61,10.65,44,9.69,6
4951,精拓科,半導體業,5.98,539613000.0,90236287.62541805,2.43,558305124.744183,6.19,16.62,15.33,11.04,26.37,68.34,163.23,102.89,123.0,0.84,0.56,1.33,20.15,18,24.37,97
4952,凌通,半導體業,1.02,2122460000.0,2080843137.254902,0.49,2333536021.7249007,1.12,28.16,36.79,15.15,51.94,16.97,58.17,31.54,49.7,0.63,0.34,1.17,12.39,9,6.65,120
4953,緯軟,資訊服務業,8.45,11343751000.0,1342455739.6449704,4.33,14691846185.816353,10.94,16.25,9.64,12.53,22.17,137.08,242.54,177.82,117.0,1.52,1.17,2.07,4.53,31,28.86,146
5548,安倉,建材營造,2.04,2476373000.0,1213908333.3333333,0.91,2749977598.088894,2.27,13.4,8.61,8.96,17.57,20.34,39.88,30.42,23.6,1.29,0.86,1.69,6.88,101,0.19,6
4999,鑫禾,電子工業,-1.68,1927284000.0,0.0,0.0,1864060353.997968,0.0,87.48,193.79,23.4,217.19,0.0,0.0,0.0,19.65,0.0,0.0,0.0,6.79,155,14.23,83
5225,東科-KY,電子工業,10.26,11240635000.0,1095578460.0389864,3.53,9568360439.103899,8.73,10.07,10.22,6.47,16.69,56.48,145.7,87.93,70.3,1.25,0.8,2.07,34.87,100,28.02,90
5227,立凱-KY,電子零組件業,0.18,402313000.0,2235072222.2222223,0.04,127821582.78543371,0.06,40.25,129.92,9.49,139.41,0.57,8.36,2.42,25.6,0.09,0.02,0.33,17.89,178,18.67,106
5228,鈺鎧,電子零組件業,-0.21,518941000.0,0.0,0.0,805418258.4339261,0.0,52.55,11.65,45.4,57.05,0.0,0.0,0.0,50.1,0.0,0.0,0.0,4.07,59,28.22,154
5230,雷笛克光學,光電業,-1.34,1327863000.0,0.0,0.0,1298872579.056228,0.0,49.84,70.07,27.26,97.33,0.0,0.0,0.0,17.25,0.0,0.0,0.0,25.86,11,24.7,8
5234,達興材料,光電業,7.37,4591955000.0,623060379.9185889,3.25,4937976463.3341,7.93,42.95,43.35,22.57,65.92,178.98,522.75,340.63,402.0,0.85,0.45,1.3,64.86,140,131.79,108
5236,凌陽創新,半導體業,8.65,1997623000.0,230939075.14450866,4.13,2298533340.6779194,9.95,17.11,11.67,12.91,24.58,128.45,244.57,170.21,172.0,0.99,0.75,1.42,30.23,149,9.69,163
5243,乙盛-KY,光電業,4.4,12177833000.0,2767689318.181818,1.82,11022626009.557978,3.98,19.27,17.64,11.22,28.86,44.66,114.86,76.69,104.5,0.73,0.43,1.1,28.87,183,81.54,184
5244,弘凱,光電業,0.51,844698000.0,1656270588.235294,0.18,773542008.4321169,0.47,26.17,85.75,13.86,99.61,6.51,46.82,12.3,37.4,0.33,0.17,1.25,15.51,46,6.74,99
5245,智晶,光電業,-4.89,790349000.0,0.0,0.0,643610277.3978382,0.0,0.0,0.0,0.0,0.0,0.0,0.0,0.0,26.35,0.0,0.0,0.0,24.25,106,44.85,70
5251,天鉞電,光電業,0.04,339335000.0,8483375000.0,0.02,269760263.7071432,0.03,614.44,2525.0,295.0,2820.0,8.85,84.6,18.43,26.95,0.68,0.33,3.14,21.75,10,20.12,31
5258,虹堡,電子工業,4.24,7836415000.0,1848211084.9056604,1.75,8347229341.62751,4.52,15.33,13.17,9.21,22.38,41.63,101.16,69.29,58.0,1.19,0.72,1.74,14.05,126,22.92,87
5263,智崴,文化創意業,-2.83,1389771000.0,0.0,0.0,1631261694.3290803,0.0,231.38,293.12,78.55,371.67,0.0,0.0,0.0,110.5,0.0,0.0,0.0,64.23,95,0.45,6
4995,晶達,光電業,2.24,1255787000.0,560619196.4285713,1.07,1390338668.075915,2.48,16.96,12.97,11.02,23.99,27.33,59.5,42.06,45.2,0.93,0.6,1.32,45.83,53,0.0,0
5223,安力-KY,電腦及週邊設備業,-0.67,1919124000.0,0.0,0.0,1993548703.5814779,0.0,279.84,86.51,236.82,323.33,0.0,0.0,0.0,23.95,0.0,0.0,0.0,2.12,24,2.08,21
5222,全訊,半導體業,2.63,995074000.0,378355133.07984793,0.95,777649922.52287,2.06,32.66,55.49,18.84,74.33,38.81,153.12,67.29,122.5,0.55,0.32,1.25,5.25,59,52.83,108
5007,三星,鋼鐵工業,3.02,6183145000.0,2047399006.6225166,1.28,5866223570.143594,2.87,16.74,8.48,14.05,22.53,40.32,64.66,48.04,55.3,0.87,0.73,1.17,2.79,74,4.05,42
5009,榮剛,鋼鐵工業,2.2,11632507000.0,5287503181.818181,0.92,11099974950.59486,2.1,12.43,11.77,7.95,19.72,16.7,41.41,26.11,35.4,0.74,0.47,1.17,1.7,8,0.0,0
5011,久陽,鋼鐵工業,-1.61,5105270000.0,0.0,0.0,4261096535.593885,0.0,17.43,16.03,12.09,28.12,0.0,0.0,0.0,15.05,0.0,0.0,0.0,4.37,87,1.02,1
5013,強新,鋼鐵工業,1.45,7819837000.0,5392991034.4827585,0.62,7768552999.767907,1.44,18.74,7.71,15.99,23.7,23.03,34.13,26.98,26.6,1.01,0.87,1.28,0.0,0,15.88,135
5014,建錩,鋼鐵工業,-2.36,14745203000.0,0.0,0.0,16502390533.954899,0.0,23.01,36.9,9.32,46.22,0.0,0.0,0.0,10.2,0.0,0.0,0.0,14.08,137,0.0,0
5015,華祺,鋼鐵工業,0.06,1529230000.0,25487166666.666668,0.02,1097219797.43657,0.04,79.76,442.09,12.91,455.0,0.52,18.2,3.19,22.0,0.14,0.02,0.83,5.75,42,3.68,44
5016,松和,鋼鐵工業,1.51,2055226000.0,1361076821.192053,0.62,2037590019.3770015,1.5,17.96,11.33,13.58,24.91,20.37,37.36,26.94,24.8,1.09,0.82,1.51,0.18,30,0.19,28
5201,凱衛,資訊服務業,-0.05,301274000.0,0.0,0.0,258411750.48692653,0.0,32.57,84.2,14.87,99.07,0.0,0.0,0.0,29.45,0.0,0.0,0.0,0.0,0,9.52,135
5202,力新,資訊服務業,-0.62,164862000.0,0.0,0.0,127043090.98284185,0.0,10.76,14.71,5.18,19.89,0.0,0.0,0.0,11.65,0.0,0.0,0.0,68.81,157,0.0,0
5203,訊連,資訊服務業,3.63,2427908000.0,668845179.0633609,1.48,2485629842.125718,3.72,27.89,29.82,16.71,46.53,62.16,173.09,103.75,64.5,1.61,0.96,2.68,20.84,58,9.3,15
5206,坤悅,建材營造,3.84,3769600000.0,981666666.6666667,2.21,4468754508.353735,4.55,17.56,69.47,4.56,74.03,20.75,336.84,79.89,22.85,3.5,0.91,14.74,54.68,73,3.58,22
5210,寶碩,資訊服務業,0.73,272289000.0,372998630.1369863,0.34,285268115.003638,0.76,46.02,49.68,28.1,77.78,21.36,59.11,34.97,27.2,1.29,0.79,2.17,7.31,9,20.23,21
5211,蒙恬,資訊服務業,-0.77,210612000.0,0.0,0.0,298289616.4109024,0.0,0.0,0.0,0.0,0.0,0.0,0.0,0.0,17.85,0.0,0.0,0.0,15.46,24,39.01,113
5212,凌網,資訊服務業,4.75,1290950000.0,271778947.3684211,2.05,1431729736.1234946,5.27,14.59,12.27,9.65,21.92,50.86,115.52,76.88,46.3,1.66,1.1,2.5,9.38,15,19.44,181
5213,亞昕,建材營造,3.14,17240512000.0,5490608917.197452,1.85,11201945130.558123,2.04,16.13,32.49,7.12,39.61,14.52,80.8,32.9,26.1,1.26,0.56,3.1,24.4,71,1.51,1
5215,科嘉-KY,電子工業,2.04,2592010000.0,1270593137.254902,1.05,3408925481.872432,2.68,15.04,15.19,8.69,23.88,23.29,64.0,40.32,44.6,0.9,0.52,1.43,7.44,49,0.62,1
5220,萬達光電,光電業,-0.65,688288000.0,0.0,0.0,841842223.6521635,0.0,62.11,80.95,27.3,108.25,0.0,0.0,0.0,21.85,0.0,0.0,0.0,1.85,37,15.64,91
6266,泰詠,電子零組件業,2.04,3364052000.0,1649045098.0392156,0.8,3293126826.90954,2.0,14.15,6.41,11.07,17.48,22.14,34.96,28.3,27.0,1.05,0.82,1.29,4.01,8,3.59,20
5601,台聯櫃,航運業,0.42,93551000.0,222740476.1904762,0.18,94049649.594438,0.42,89.29,28.27,72.5,100.77,30.45,42.32,37.5,0.0,0.0,0.0,0.0,0.0,0,0.0,0
6196,帆宣,其他電子業,15.43,51843750000.0,3359931950.7453012,7.73,58281870440.32548,17.35,18.77,15.72,12.02,27.74,208.55,481.29,325.71,404.0,0.81,0.52,1.19,14.94,46,57.02,113
6197,佳必琪,電子工業,8.67,7512846000.0,866533564.0138408,3.96,8694463046.672228,10.03,19.9,19.34,11.8,31.14,118.35,312.33,199.61,217.0,0.92,0.55,1.44,39.86,37,27.11,106
6199,天品,其他,0.32,226939000.0,709184375.0,0.54,2156044025.607403,3.04,225.02,598.3,56.96,655.26,173.16,1991.99,684.07,99.3,6.89,1.74,20.06,167.32,182,15.28,6
6201,亞弘電,其他電子業,3.71,3442014000.0,927766576.819407,1.32,2846462044.7294164,3.07,12.77,4.6,10.9,15.5,33.46,47.58,39.2,46.95,0.83,0.71,1.01,2.68,49,4.96,73
6202,盛群,半導體業,0.76,3073437000.0,4043996052.631579,0.33,3239641387.0883074,0.8,183.77,433.15,58.39,491.54,46.71,393.23,147.02,55.6,2.64,0.84,7.07,6.15,49,4.01,2
6203,海韻電,電子零組件業,5.51,2765536000.0,501912159.70961887,1.79,2278494442.728544,4.54,20.3,44.18,9.65,53.83,43.81,244.39,92.16,69.0,1.34,0.63,3.54,3.53,17,9.88,178
6204,艾華,電子零組件業,1.18,380189000.0,322194067.7966102,0.51,392355543.23307097,1.22,44.54,82.06,6.41,88.47,7.82,107.93,54.33,83.5,0.65,0.09,1.29,17.37,11,17.73,163
6205,詮欣,電子工業,2.0,1369150000.0,684575000.0,0.72,1124625605.7856843,1.64,28.2,39.19,14.8,53.99,24.27,88.54,46.24,72.5,0.64,0.33,1.22,6.75,45,0.0,0
6206,飛捷,電子工業,6.9,5108829000.0,740410000.0,3.44,5714333270.007688,7.72,15.89,17.18,11.81,28.99,91.17,223.8,122.67,131.0,0.94,0.7,1.71,13.44,14,21.65,57
6207,雷科,電子零組件業,0.9,1250009000.0,1388898888.8888888,0.35,971313469.1462015,0.7,39.9,118.02,16.74,134.76,11.72,94.33,27.93,80.7,0.35,0.15,1.17,33.54,46,66.99,99
6209,今國光,光電業,0.93,3477742000.0,3739507526.88172,0.53,5444735842.657688,1.46,162.55,253.12,38.73,291.85,56.55,426.1,237.33,78.9,3.01,0.72,5.4,30.45,9,124.71,184
6194,育富,電子零組件業,2.19,1398436000.0,638555251.1415526,0.72,1029635645.3941687,1.61,11.23,14.22,6.89,21.11,11.09,33.99,18.08,32.3,0.56,0.34,1.05,32.54,115,9.68,153
6192,巨路,電子工業,10.07,7144455000.0,709479145.9781529,4.84,8136077254.944997,11.47,11.19,5.97,8.4,14.37,96.35,164.82,128.33,126.0,1.02,0.76,1.31,21.03,28,12.25,101
6191,精成科,電子零組件業,6.54,32161694000.0,4917690214.067278,3.21,50718332754.019936,10.31,13.72,16.45,7.97,24.42,82.17,251.77,141.46,94.2,1.5,0.87,2.67,7.71,45,104.9,106
6170,統振,通信網路業,4.5,3183535000.0,707452222.2222222,1.9,3196863459.6004624,4.52,16.07,19.82,9.73,29.55,43.98,133.57,72.63,50.2,1.45,0.88,2.66,11.13,29,9.7,90
6171,大城地產,建材營造,3.82,1222473000.0,320019109.947644,0.33,2062727679.4076252,6.45,8.64,20.83,3.19,24.02,20.58,154.93,55.74,24.1,2.31,0.85,6.43,42.75,73,0.97,52
6173,信昌電,電子零組件業,3.25,4034265000.0,1241312307.6923077,1.41,4452762769.610006,3.59,19.66,35.92,10.19,46.11,36.58,165.53,70.57,159.5,0.44,0.23,1.04,23.64,58,84.55,184
6174,安碁,電子零組件業,0.65,602691000.0,927216923.076923,0.3,721123852.1973985,0.78,43.02,71.13,21.67,92.8,16.9,72.38,33.55,43.45,0.77,0.39,1.67,6.79,49,15.83,153
6175,立敦,電子零組件業,2.67,4125713000.0,1545210861.423221,1.26,4470962044.981602,2.89,15.61,21.62,8.79,30.41,25.4,87.88,45.11,81.5,0.55,0.31,1.08,13.05,67,54.2,160
6176,瑞儀,光電業,9.41,49402266000.0,5249975132.837407,3.82,47177809470.11014,8.99,12.47,7.73,8.83,16.56,79.38,148.87,112.09,104.5,1.07,0.76,1.42,10.58,23,8.36,23
6177,達麗,建材營造,3.83,3745752000.0,978003133.1592689,11.83,37811587525.78706,38.66,11.33,9.73,5.98,15.71,231.19,607.35,437.96,44.65,9.81,5.18,13.6,24.03,64,3.47,120
6179,亞通,其他,0.05,5085287000.0,101705740000.0,0.02,4700085878.0745325,0.05,134.32,492.94,15.06,508.0,0.75,25.4,6.72,24.6,0.27,0.03,1.03,12.76,46,47.52,125
6180,橘子,文化創意業,-1.53,8817865000.0,0.0,0.0,8128444400.992738,0.0,17.23,52.31,5.53,57.84,0.0,0.0,0.0,39.25,0.0,0.0,0.0,4.17,29,1.06,2
6210,慶生,電子零組件業,-3.1,306659000.0,0.0,0.0,469420455.7095339,0.0,0.0,0.0,0.0,0.0,0.0,0.0,0.0,21.05,0.0,0.0,0.0,11.75,98,15.92,154
6182,合晶,半導體業,0.08,9636039000.0,120450487500.0,0.03,10547599160.52311,0.09,621.47,2477.0,58.0,2535.0,5.22,228.15,55.93,57.9,0.97,0.09,3.94,4.23,46,62.36,154
6183,關貿,電子工業,3.9,2735238000.0,701343076.923077,1.77,2928292190.0613174,4.18,25.4,11.12,22.62,33.74,94.55,141.03,106.16,92.2,1.15,1.03,1.53,10.92,172,5.57,90
6184,大豐電,其他,2.58,2154296000.0,834998449.612403,1.11,2219875165.572451,2.66,15.1,6.49,13.21,19.7,35.14,52.4,40.15,46.05,0.87,0.76,1.14,1.64,28,3.89,86
6185,幃翔,電子零組件業,0.22,532272000.0,2419418181.818182,0.11,609782262.0270412,0.25,114.89,276.4,25.27,301.67,6.32,75.42,28.72,14.05,2.04,0.45,5.37,4.6,49,3.52,7
6186,新潤,建材營造,8.46,9642257000.0,1139746690.3073285,3.21,7963507535.116418,6.99,12.16,28.3,3.83,32.13,26.77,224.59,85.01,40.0,2.13,0.67,5.61,34.57,91,5.2,105
6188,廣明,電腦及週邊設備業,3.61,9625341000.0,2666299445.9833794,1.35,8501132744.089735,3.19,31.87,25.36,21.21,46.57,67.66,148.56,101.65,80.7,1.26,0.84,1.84,27.38,14,52.05,128
6189,豐藝,電子工業,2.86,29937615000.0,10467697552.447554,1.19,27974643169.519108,2.67,15.46,12.53,8.54,21.07,22.8,56.26,41.29,51.1,0.81,0.45,1.1,23.33,45,8.4,59
6190,萬泰科,通信網路業,2.2,8547190000.0,3885086363.6363635,1.09,9956502338.069977,2.56,21.38,31.27,12.32,43.59,31.54,111.59,54.73,77.6,0.71,0.41,1.44,15.97,29,32.72,90
6212,理銘,建材營造,3.95,3083792000.0,780706835.443038,0.55,536516130.34884864,0.69,7.87,10.62,4.19,14.81,2.89,10.22,5.43,27.3,0.2,0.11,0.37,47.48,87,1.53,21
6213,聯茂,電子工業,4.16,32363618000.0,7779715865.384615,2.03,39089304739.30424,5.02,35.53,52.16,21.31,73.47,106.98,368.82,178.35,236.5,0.75,0.45,1.56,29.81,46,74.97,101
6234,高僑,光電業,0.04,469080000.0,11727000000.0,0.02,598954830.206728,0.05,110.79,1225.06,14.94,1240.0,0.75,62.0,5.54,43.85,0.13,0.02,1.41,19.21,46,49.67,76
6235,華孚,電子工業,2.9,6423856000.0,2215122758.62069,1.24,7205493774.176554,3.25,19.82,16.53,12.49,29.02,40.59,94.32,64.4,39.75,1.62,1.02,2.37,12.37,43,47.02,141
6236,中湛,其他,0.08,37705000.0,471312500.0,0.03,25674990.611519918,0.05,1175.79,2932.22,217.78,3150.0,10.89,157.5,58.79,0.0,0.0,0.0,0.0,0.0,0,0.0,0
6237,驊訊,半導體業,-1.53,494260000.0,0.0,0.0,714062199.4836527,0.0,0.0,0.0,0.0,0.0,0.0,0.0,0.0,48.55,0.0,0.0,0.0,4.48,8,39.07,105
6239,力成,半導體業,7.48,73223133000.0,9789188903.743315,3.7,98860911303.08429,10.1,17.75,28.53,8.95,37.48,90.4,378.55,179.31,234.5,0.76,0.39,1.61,17.89,56,56.22,162
6241,鑫永洋,通信網路業,-0.16,692989000.0,0.0,0.0,589511638.9201492,0.0,24.3,40.85,9.89,50.74,0.0,0.0,0.0,10.7,0.0,0.0,0.0,74.44,157,2.62,3
6242,立康,生技醫療業,2.64,587446000.0,222517424.24242422,1.04,554220112.7267964,2.49,16.03,4.42,14.11,18.53,35.13,46.14,39.9,37.5,1.06,0.94,1.23,3.37,29,1.85,15
6233,旺玖,半導體業,-0.16,392833000.0,0.0,0.0,356274300.44698924,0.0,174.55,503.06,46.94,550.0,0.0,0.0,0.0,25.25,0.0,0.0,0.0,12.57,32,9.64,100
6243,迅杰,半導體業,-0.51,651120000.0,0.0,0.0,342382704.3278306,0.0,113.78,327.87,25.77,353.64,0.0,0.0,0.0,33.55,0.0,0.0,0.0,14.36,11,1.41,16
6244,茂迪,光電業,0.13,3097487000.0,23826823076.923077,0.06,3058526847.9967036,0.13,67.16,301.26,25.41,326.67,3.3,42.47,8.73,28.3,0.31,0.12,1.5,23.27,46,11.93,2
6245,立端,通信網路業,4.37,7302201000.0,1670984210.5263157,1.8,7045639423.918983,4.22,15.55,9.18,11.61,20.79,48.99,87.73,65.62,82.6,0.79,0.59,1.06,11.41,14,11.97,99
6246,臺龍,光電業,1.14,1619848000.0,1420919298.245614,0.39,1332360095.111469,0.94,25.04,24.04,13.07,37.11,12.29,34.88,23.54,14.4,1.63,0.85,2.42,98.01,157,42.96,97
6248,沛波,鋼鐵工業,1.53,7839072000.0,5123576470.588235,0.52,5967159429.517501,1.16,10.81,13.18,5.43,18.61,6.3,21.59,12.54,18.25,0.69,0.35,1.18,0.29,2,0.39,1
6257,矽格,半導體業,6.15,19395856000.0,3153797723.5772357,2.87,22317011673.257797,7.08,17.11,22.71,9.95,32.66,70.45,231.23,121.16,207.0,0.59,0.34,1.12,4.18,52,53.07,167
6259,百徽,電子零組件業,0.71,459318000.0,646926760.5633804,0.41,609327340.9334346,0.94,31.91,30.95,17.94,48.89,16.86,45.96,30.0,23.2,1.29,0.73,1.98,1.3,42,10.14,7
6261,久元,半導體業,4.24,4107857000.0,968834198.1132075,1.87,4469761090.826396,4.61,16.68,19.1,12.46,31.56,57.44,145.49,76.89,114.5,0.67,0.5,1.27,11.55,46,3.24,87
6263,普萊德,通信網路業,8.32,1881342000.0,226122836.53846154,3.57,1917917983.937436,8.48,17.87,8.47,14.42,22.89,122.28,194.11,151.56,169.5,0.89,0.72,1.15,13.98,128,3.28,16
6264,富裔,建材營造,-0.5,117286000.0,0.0,0.0,126996207.97863463,0.0,164.84,36.6,154.0,190.6,0.0,0.0,0.0,6.23,0.0,0.0,0.0,15.17,58,1.6,6
6169,昱泉,文化創意業,-2.43,34318000.0,0.0,0.0,4837278.654935519,0.0,0.0,0.0,0.0,0.0,0.0,0.0,0.0,14.45,0.0,0.0,0.0,16.38,37,9.86,1
6231,系微,資訊服務業,6.66,1682292000.0,252596396.3963964,3.01,1812798248.5646446,7.18,47.07,60.67,27.23,87.9,195.51,631.12,337.98,278.0,1.22,0.7,2.27,126.24,155,28.32,121
6230,尼得科超眾,電子工業,-2.44,8921839000.0,0.0,0.0,9993827413.35948,0.0,219.42,878.84,32.92,911.76,0.0,0.0,0.0,127.0,0.0,0.0,0.0,10.18,2,15.36,125
6214,精誠,資訊服務業,7.9,43098943000.0,5455562405.063291,3.8,53186091013.590096,9.75,18.29,11.33,12.79,24.12,124.7,235.17,178.3,124.0,1.44,1.01,1.9,14.98,170,15.32,142
6215,和椿,其他電子業,2.09,2411631000.0,1153890430.6220098,1.2,3876149586.1585803,3.36,56.48,60.9,28.53,89.43,95.86,300.48,189.79,122.0,1.56,0.79,2.46,36.72,128,47.64,85
6216,居易,通信網路業,0.61,760941000.0,1247444262.295082,0.2,530860719.1098883,0.43,31.93,390.79,10.04,400.83,4.32,172.36,13.73,22.4,0.61,0.19,7.69,37.03,163,1.67,6
6217,中探針,電子零組件業,-1.68,3644431000.0,0.0,0.0,4716966754.177693,0.0,0.0,0.0,0.0,0.0,0.0,0.0,0.0,239.0,0.0,0.0,0.0,23.63,46,95.93,153
6218,豪勉,通信網路業,-1.14,1375342000.0,0.0,0.0,1477792917.6007626,0.0,0.0,0.0,0.0,0.0,0.0,0.0,0.0,38.55,0.0,0.0,0.0,51.42,51,8.56,50
6219,富旺,建材營造,-0.8,2723162000.0,0.0,0.0,3993344528.257904,0.0,17.41,26.36,4.65,31.01,0.0,0.0,0.0,12.4,0.0,0.0,0.0,35.37,73,0.0,0
6220,岳豐,電子零組件業,0.81,8272013000.0,10212361728.395061,0.36,8226125300.993877,0.81,25.77,47.53,10.55,58.08,8.55,47.04,20.88,31.05,0.67,0.28,1.51,21.78,179,16.71,176
6221,晉泰,資訊服務業,2.77,5504900000.0,1987328519.8555956,0.86,3553618900.173968,1.79,16.8,21.04,7.49,28.53,13.41,51.07,30.07,23.0,1.31,0.58,2.22,3.06,59,2.42,1
6223,旺矽,半導體業,33.49,13033582000.0,389178321.88713044,17.51,18293407225.106247,47.01,55.43,150.55,20.25,170.8,951.95,8029.31,2605.76,5680.0,0.46,0.17,1.41,101.64,156,213.9,164
6224,聚鼎,電子工業,0.66,2917892000.0,4421048484.848485,0.27,2726569534.7937994,0.62,34.16,114.88,16.91,131.79,10.48,81.71,21.18,79.7,0.27,0.13,1.03,47.62,147,6.49,156
6225,天瀚,光電業,-0.06,52315000.0,0.0,0.0,38058478.29559522,0.0,45.27,14.46,39.87,54.33,0.0,0.0,0.0,26.95,0.0,0.0,0.0,7.44,28,59.66,161
6226,光鼎,光電業,-0.28,635376000.0,0.0,0.0,586139602.6637145,0.0,0.0,0.0,0.0,0.0,0.0,0.0,0.0,12.3,0.0,0.0,0.0,17.65,49,3.09,79
6227,茂綸,電子通路業,7.54,17398028000.0,2307430769.230769,3.77,22251788928.01975,9.64,14.54,10.11,10.81,20.92,104.21,201.67,140.13,114.0,1.23,0.91,1.77,25.07,14,4.88,80
6228,全譜,電腦及週邊設備業,-0.47,49315000.0,0.0,0.0,47110104.73508185,0.0,0.0,0.0,0.0,0.0,0.0,0.0,0.0,21.6,0.0,0.0,0.0,211.93,73,10.0,1
6229,研通,半導體業,0.05,2118373000.0,42367460000.0,0.03,3005300186.7458563,0.07,284.93,1229.34,30.66,1260.0,2.15,88.2,19.94,26.35,0.76,0.08,3.35,14.06,28,0.19,3
6222,立軒,光電業,-0.4,2936000.0,0.0,0.0,2263784.511784512,0.0,0.0,0.0,0.0,0.0,0.0,0.0,0.0,20.7,0.0,0.0,0.0,21.17,67,11.18,3
6168,宏齊,電子工業,0.05,2056765000.0,41135300000.0,0.02,2228799701.0013766,0.05,504.42,1851.37,38.63,1890.0,1.93,94.5,25.22,26.35,0.96,0.07,3.59,8.44,8,47.89,105
6167,久正,光電業,-0.03,1173851000.0,0.0,0.0,1372869603.3333635,0.0,157.42,721.44,11.06,732.5,0.0,0.0,0.0,11.3,0.0,0.0,0.0,9.78,14,29.55,20
6023,元大期,金融業,8.45,3633121000.0,429955147.9289941,4.24,4287904548.2718787,9.97,12.01,3.49,10.23,13.72,101.99,136.79,119.79,97.5,1.23,1.05,1.4,4.03,8,13.04,181
6024,群益期,金融保險,5.48,2946386000.0,537661678.8321167,1.85,2250058061.359764,4.18,10.41,4.81,7.71,12.52,32.23,52.33,43.52,55.8,0.78,0.58,0.94,1.15,22,2.19,23
6026,福邦證,金融業,1.72,1113064000.0,647130232.5581396,1.04,3586909185.030531,5.54,19.93,79.06,7.01,86.07,38.84,476.83,110.41,15.05,7.34,2.58,31.68,5.52,51,3.24,17
6028,公勝保經,金融業,8.27,0.0,0.0,0.0,0.0,0.0,10.83,2.87,9.97,12.84,0.0,0.0,0.0,80.1,0.0,0.0,0.0,81.2,141,4.85,50
6101,寬魚國際,文化創意業,-0.19,1024378000.0,0.0,0.0,2608768048.505541,0.0,127.07,196.6,46.93,243.53,0.0,0.0,0.0,38.7,0.0,0.0,0.0,11.7,93,5.61,80
6103,合邦,半導體業,-0.56,84771000.0,0.0,0.0,101329171.60832003,0.0,538.96,3912.23,12.77,3925.0,0.0,0.0,0.0,0.0,0.0,0.0,0.0,0.0,0,9.2,22
6104,創惟,半導體業,5.62,4008734000.0,713297864.7686833,2.44,4051768328.7891026,5.68,41.39,72.15,14.34,86.49,81.45,491.26,235.08,96.7,2.43,0.84,5.08,61.78,156,0.0,0
6108,競國,電子工業,-0.88,4214668000.0,0.0,0.0,4619176196.494789,0.0,33.17,64.93,7.75,72.68,0.0,0.0,0.0,19.0,0.0,0.0,0.0,7.32,8,8.25,86
6021,美好證,金融業,3.75,2015939000.0,537583733.3333334,0.0,0.0,0.0,17.54,23.72,5.4,29.12,0.0,0.0,0.0,31.1,0.0,0.0,0.0,52.13,31,34.62,177
6111,光聚晶電,文化創意業,-4.62,7140131000.0,0.0,0.0,16262725964.09539,0.0,741.84,1839.4,57.27,1896.67,0.0,0.0,0.0,46.5,0.0,0.0,0.0,6.56,38,1.61,2
6112,邁達特,資訊服務業,1.82,21632169000.0,11885807142.857143,0.86,26816602347.884888,2.26,802.29,5690.5,19.5,5710.0,44.07,12904.6,1813.17,42.0,43.17,1.05,307.25,19.56,57,18.12,50
6113,亞矽,電子通路業,-0.25,646000000.0,0.0,0.0,797688560.8319395,0.0,331.03,515.93,84.07,600.0,0.0,0.0,0.0,24.7,0.0,0.0,0.0,6.81,9,9.89,1
6114,久威,電子零組件業,2.66,897454000.0,337388721.80451125,0.98,702854710.6464237,2.08,27.29,77.61,7.05,84.66,14.66,176.09,56.76,29.8,1.9,0.49,5.91,79.25,108,16.4,6
6115,鎰勝,電子工業,2.85,7433274000.0,2608166315.7894735,1.27,8031039980.520937,3.08,16.21,5.41,13.15,18.56,40.5,57.16,49.94,47.0,1.06,0.86,1.22,8.39,45,2.51,44
6116,彩晶,光電業,-0.75,11477038000.0,0.0,0.0,11721856718.554077,0.0,0.0,0.0,0.0,0.0,0.0,0.0,0.0,9.85,0.0,0.0,0.0,0.98,2,11.77,128
6117,迎廣,電子工業,3.77,3198480000.0,848403183.0238727,1.69,3685406678.217559,4.34,27.89,43.41,15.58,58.99,67.62,256.02,121.02,79.0,1.53,0.86,3.24,73.08,14,15.1,42
6109,亞元,通信網路業,-0.94,758747000.0,0.0,0.0,972036476.72208,0.0,139.44,31.5,115.5,147.0,0.0,0.0,0.0,10.65,0.0,0.0,0.0,4.18,141,39.11,150
6020,大展證,金融業,0.38,271592000.0,714715789.4736842,0.9,2633150280484.8486,3684.19,42.61,71.59,14.5,86.09,53420.76,317171.92,156979.38,21.1,7439.78,2531.79,15031.84,3.42,50,1.33,113
6015,宏遠證,金融業,0.76,1429585000.0,1881032894.7368422,0.83,8082652069.017697,4.3,61.16,274.87,7.63,282.5,32.81,1214.75,262.97,14.5,18.14,2.26,83.78,5.51,35,7.08,140
5607,遠雄港,航運業,2.78,4051816000.0,1457487769.7841728,1.41,5442412357.042032,3.73,20.79,12.65,14.68,27.33,54.76,101.94,77.54,48.05,1.61,1.14,2.12,11.47,59,42.86,84
5608,四維航,航運業,-0.12,3208452000.0,0.0,0.0,3108707463.7767878,0.0,62.43,2.61,61.52,64.13,0.0,0.0,0.0,14.2,0.0,0.0,0.0,15.79,17,11.58,91
5609,中菲行,航運業,8.0,29430867000.0,3678858375.0,3.4,30002873285.898357,8.16,11.67,4.99,9.71,14.7,79.23,119.95,95.19,80.0,1.19,0.99,1.5,3.8,16,2.7,14
5864,致和證,金融業,2.56,996266000.0,389166406.25,0.0,0.0,0.0,11.33,29.6,4.29,33.89,0.0,0.0,0.0,31.35,0.0,0.0,0.0,0.0,0,21.48,176
6016,康和證,金融業,1.92,3881404000.0,2021564583.3333335,2.8,82841214569.33107,40.98,28.63,129.87,5.13,135.0,210.23,5532.3,1173.34,21.8,53.82,9.64,253.78,3.66,49,16.74,140
5871,中租-KY,其他,11.24,97807317000.0,8701718594.30605,4.62,94816075792.62898,10.9,10.12,4.48,7.63,12.11,83.17,132.0,110.33,111.0,0.99,0.75,1.19,5.77,140,4.82,58
5876,上海商銀,金融保險,3.06,54529641000.0,17820144117.64706,1.25,51747003170.97125,2.9,15.33,8.14,12.34,20.48,35.79,59.39,44.45,40.1,1.11,0.89,1.48,0.63,2,3.04,7
5878,台名,金融業,2.86,878908000.0,307310489.5104895,1.32,884351072.9959606,2.88,17.98,9.27,13.73,23.0,39.54,66.24,51.78,40.5,1.28,0.98,1.64,3.63,15,6.51,13
5880,合庫金,金融保險,1.36,72176581000.0,53071015441.17647,0.54,74813264792.57219,1.41,19.87,6.41,16.58,22.99,23.38,32.42,28.02,22.7,1.23,1.03,1.43,1.12,73,5.4,78
5906,台南-KY,貿易百貨,1.0,1692931000.0,1692931000.0,0.42,1593519561.9750257,0.94,34.08,42.55,23.98,66.53,22.54,62.54,32.03,0.0,0.0,0.0,0.0,6.84,95,11.94,155
5907,大洋-KY,貿易百貨,-4.55,2793027000.0,0.0,0.0,2516212900.7335258,0.0,0.0,0.0,0.0,0.0,0.0,0.0,0.0,4.85,0.0,0.0,0.0,44.78,156,6.79,3
6005,群益證,金融保險,2.64,18678452000.0,7075171212.121212,1.94,39162088300.22386,5.54,11.32,5.19,8.53,13.72,47.26,76.01,62.72,30.6,2.05,1.54,2.48,0.0,0,0.39,1
5871A,中租-KY甲特,其他,0.0,0.0,0.0,0.0,0.0,0.0,0.0,0.0,0.0,0.0,0.0,0.0,0.0,102.0,0.0,0.0,0.0,1.03,56,2.49,59
5603,陸海,航運業,0.4,1398865000.0,3497162500.0,0.16,1284940240.926047,0.37,62.88,330.62,11.05,341.67,4.09,126.42,23.26,15.8,1.47,0.26,8.0,47.51,161,0.22,1
6118,建達,電子通路業,0.4,9901791000.0,24754477500.0,0.17,10549240495.70673,0.43,42.13,60.83,25.3,86.13,10.88,37.04,18.12,17.45,1.04,0.62,2.12,12.66,57,53.61,100
6120,達運,電子工業,-0.19,17216314000.0,0.0,0.0,15630711805.325283,0.0,40.26,33.93,24.61,58.54,0.0,0.0,0.0,12.85,0.0,0.0,0.0,7.44,8,9.09,149
6146,耕興,其他電子類,10.78,4489524000.0,416467903.5250464,4.76,4758451972.716455,11.43,16.03,9.58,12.56,22.14,143.56,253.06,183.25,216.5,0.85,0.66,1.17,6.55,11,1.06,113
6147,頎邦,半導體業,3.73,21413608000.0,5740913672.922252,1.7,24082216871.36591,4.19,14.71,53.39,9.62,63.01,40.31,264.01,61.61,215.5,0.29,0.19,1.23,0.76,2,0.0,0
6148,驊宏資,資訊服務業,1.36,968037000.0,711791911.7647058,0.36,564003492.9113549,0.79,27.95,37.09,11.95,49.04,9.44,38.74,22.08,28.15,0.78,0.34,1.38,5.42,57,3.36,2
6150,撼訊,電腦及週邊設備業,2.62,7670408000.0,2927636641.221374,0.82,5882928011.270402,2.01,204.61,328.16,16.34,344.5,32.84,692.44,411.26,66.0,6.23,0.5,10.49,9.34,171,29.61,146
6151,晉倫,其他電子類,1.16,1695815000.0,1461909482.7586207,0.53,1840269477.7221282,1.26,23.94,25.82,17.09,42.91,21.53,54.07,30.16,42.35,0.71,0.51,1.28,135.19,168,14.38,90
6152,百一,通信網路業,-1.47,1585496000.0,0.0,0.0,1766883939.3053439,0.0,163.16,52.0,145.5,197.5,0.0,0.0,0.0,14.95,0.0,0.0,0.0,84.58,115,16.34,77
6153,嘉聯益,電子工業,-4.38,5515837000.0,0.0,0.0,4930258977.128044,0.0,0.0,0.0,0.0,0.0,0.0,0.0,0.0,17.55,0.0,0.0,0.0,21.09,49,34.82,155
6154,順發,電子通路業,0.51,3894760000.0,7636784313.72549,0.22,4112514391.8391542,0.54,32.38,302.52,15.48,318.0,8.36,171.72,17.48,13.2,1.32,0.63,13.01,1.78,18,2.0,15
6155,鈞寶,電子工業,0.74,621894000.0,840397297.2972974,0.34,685891042.8832116,0.82,70.57,299.65,18.35,318.0,15.05,260.76,57.87,55.9,1.04,0.27,4.66,22.68,58,58.47,178
6156,松上,電子零組件業,0.44,4962621000.0,11278684090.90909,0.21,5081440872.393848,0.45,19.35,37.91,9.65,47.56,4.34,21.4,8.71,18.4,0.47,0.24,1.16,65.23,161,10.13,58
6158,禾昌,電子零組件業,0.11,1823143000.0,16574027272.727272,0.04,1707515057.746854,0.1,34.04,170.8,15.56,186.36,1.56,18.64,3.4,17.95,0.19,0.09,1.04,17.06,156,1.19,3
6160,欣技,電腦及週邊設備業,-1.19,1229032000.0,0.0,0.0,1139534381.5816627,0.0,0.0,0.0,0.0,0.0,0.0,0.0,0.0,16.05,0.0,0.0,0.0,62.56,46,6.25,22
6161,捷波,電腦及週邊設備業,2.71,1391277000.0,513386346.86346865,1.12,1633222108.1225035,3.18,16.29,13.76,11.37,25.13,36.16,79.91,51.8,51.0,1.02,0.71,1.57,36.02,15,31.55,125
6163,華電網,通信網路業,0.75,5679673000.0,7572897333.333333,0.47,7671551409.913221,1.01,340.17,2712.55,12.45,2725.0,12.57,2752.25,343.57,49.8,6.9,0.25,55.27,35.35,127,47.39,184
6164,華興,光電業,0.07,754335000.0,10776214285.714285,0.03,669326896.6066397,0.06,79.93,581.32,16.18,597.5,0.97,35.85,4.8,11.7,0.41,0.08,3.06,16.89,46,2.11,6
6166,凌華,電子工業,2.35,12101599000.0,5149616595.74468,1.18,14648067295.192558,2.84,256.3,1223.29,23.38,1246.67,66.4,3540.54,727.9,115.5,6.3,0.57,30.65,29.06,8,0.0,0
6144,得利影,文化創意業,-0.36,172362000.0,0.0,0.0,157618481.56326818,0.0,0.0,0.0,0.0,0.0,0.0,0.0,0.0,14.95,0.0,0.0,0.0,516.54,148,2.76,148
6142,友勁,電子工業,-0.26,1786173000.0,0.0,0.0,1758388761.0613601,0.0,0.0,0.0,0.0,0.0,0.0,0.0,0.0,7.83,0.0,0.0,0.0,39.0,161,23.34,108
6121,新普,電腦及週邊設備業,30.6,80560816000.0,2632706405.228758,12.63,85641342994.57695,32.53,12.54,4.68,10.08,14.76,327.9,480.14,408.09,376.0,1.09,0.87,1.28,8.96,37,11.89,77
6122,擎邦,電機機械,4.78,4104869000.0,858759205.0209205,1.92,3994639246.089361,4.65,10.49,6.05,8.27,14.32,38.46,66.59,48.78,47.45,1.03,0.81,1.4,2.88,84,6.42,62
6124,業強,電子零組件業,-0.98,1808813000.0,0.0,0.0,2011284286.2889545,0.0,0.0,0.0,0.0,0.0,0.0,0.0,0.0,28.8,0.0,0.0,0.0,21.23,154,30.41,56
6125,廣運,光電業,0.1,3263584000.0,32635840000.0,0.04,4443604687.379053,0.14,223.01,579.36,27.64,607.0,3.87,84.98,31.22,54.7,0.57,0.07,1.55,40.4,14,25.04,90
6126,信音,電子零組件業,0.72,3836487000.0,5328454166.666667,0.41,5450384036.369663,1.02,30.22,28.72,19.03,47.75,19.41,48.7,30.83,34.05,0.91,0.57,1.43,25.5,53,33.68,142
6127,九豪,電子零組件業,0.46,978519000.0,2127215217.3913043,0.2,956708379.5524384,0.45,143.38,339.55,32.12,371.67,14.45,167.25,64.52,52.1,1.24,0.28,3.21,43.85,49,65.28,154
6128,上福,電子工業,-9.56,5257403000.0,0.0,0.0,5058578538.865681,0.0,11.77,3.76,10.18,13.94,0.0,0.0,0.0,18.8,0.0,0.0,0.0,4.3,15,0.95,1
6129,普誠,半導體業,-1.09,1113905000.0,0.0,0.0,1521745524.5549672,0.0,0.0,0.0,0.0,0.0,0.0,0.0,0.0,14.95,0.0,0.0,0.0,9.76,9,56.6,106
6143,振曜,通信網路業,6.46,8607320000.0,1332402476.7801857,2.66,9735540798.091698,7.31,19.86,15.42,13.48,28.9,98.54,211.26,145.16,95.2,1.52,1.04,2.22,26.72,101,49.02,112
6130,上亞科技,生技醫療業,-1.72,155618000.0,0.0,0.0,150081714.73192537,0.0,0.0,0.0,0.0,0.0,0.0,0.0,0.0,22.15,0.0,0.0,0.0,51.53,57,29.73,45
6133,金橋,電子零組件業,0.73,1370459000.0,1877341095.890411,0.32,1545548681.9936855,0.82,45.07,81.44,18.56,100.0,15.22,82.0,36.96,24.35,1.52,0.63,3.37,85.37,161,32.03,92
6134,萬旭,電子零組件業,0.12,1862157000.0,15517975000.0,0.06,2718257618.814582,0.18,317.93,793.36,64.14,857.5,11.55,154.35,57.23,30.15,1.9,0.38,5.12,113.08,149,33.02,87
6136,富爾特,通信網路業,0.88,605803000.0,688412500.0,0.44,823754268.136564,1.2,26.49,16.33,22.88,39.21,27.46,47.05,31.79,25.15,1.26,1.09,1.87,5.19,46,1.46,22
6138,茂達,半導體業,13.04,7357134000.0,564197392.6380368,5.84,8410535946.515012,14.91,19.65,14.45,12.74,27.19,189.95,405.4,292.92,308.5,0.95,0.62,1.31,4.26,8,53.77,167
6139,亞翔,電子工業,30.49,70821098000.0,2322764775.336176,16.53,131056439788.55377,56.42,17.34,19.32,9.46,28.78,533.73,1623.77,978.45,720.0,1.36,0.74,2.26,23.43,45,102.96,170
6140,訊達,資訊服務業,-2.01,2476215000.0,0.0,0.0,1666161362.0957568,0.0,37.9,34.25,21.76,56.01,0.0,0.0,0.0,19.35,0.0,0.0,0.0,30.64,31,1.84,1
6141,柏承,電子工業,-4.65,1834584000.0,0.0,0.0,1845303311.553706,0.0,0.0,0.0,0.0,0.0,0.0,0.0,0.0,34.5,0.0,0.0,0.0,9.39,49,32.14,87
8048,德勝,通信網路業,2.67,1020717000.0,382291011.23595506,1.24,1115826166.324748,2.92,20.11,16.48,12.13,28.61,35.42,83.54,58.72,60.7,0.97,0.58,1.38,16.41,32,35.48,184
8049,晶采,光電業,1.71,1288318000.0,753402339.1812866,0.72,1277602656.1419528,1.7,13.39,6.09,10.68,16.77,18.16,28.51,22.76,26.0,0.88,0.7,1.1,1.25,73,0.8,1
8050,廣積,電腦及週邊設備業,1.45,5402081000.0,3725573103.448276,0.61,4696425064.71089,1.26,27.73,38.94,12.36,51.3,15.57,64.64,34.95,51.3,0.68,0.3,1.26,5.55,46,1.14,1
8054,安國,半導體業,-3.18,2740237000.0,0.0,0.0,8095080255.922158,0.0,0.0,0.0,0.0,0.0,0.0,0.0,0.0,106.5,0.0,0.0,0.0,20.83,58,77.64,161
8059,凱碩,通信網路業,-2.39,6325467000.0,0.0,0.0,50039951873.81915,0.0,0.0,0.0,0.0,0.0,0.0,0.0,0.0,18.35,0.0,0.0,0.0,47.43,50,28.35,20
8064,東捷,光電業,1.35,2544969000.0,1885162222.222222,0.74,4098425349.739784,2.17,174.97,482.72,37.28,520.0,80.9,1128.4,379.68,123.5,3.07,0.66,9.14,137.15,156,23.12,149
8067,志旭,電子通路業,-0.59,110377000.0,0.0,0.0,77063585.95358148,0.0,0.0,0.0,0.0,0.0,0.0,0.0,0.0,0.0,0.0,0.0,0.0,38.23,49,28.36,146
8068,全達,電子通路業,1.23,808320000.0,657170731.7073171,0.81,1278081191.7285876,1.94,20.01,40.33,8.0,48.33,15.52,93.76,38.83,20.25,1.92,0.77,4.63,13.48,52,10.9,101
8047,星雲,其他電子類,-0.78,461310000.0,0.0,0.0,404472445.02620447,0.0,0.0,0.0,0.0,0.0,0.0,0.0,0.0,41.7,0.0,0.0,0.0,78.75,184,263.31,167
8069,元太,光電業,9.13,36899502000.0,4041566484.118291,3.49,35333014877.56534,8.74,31.61,38.63,13.67,52.3,119.48,457.1,276.29,230.0,1.2,0.52,1.99,50.12,151,24.26,99
8070,長華*,電子通路業,1.02,19055037000.0,18681408823.52941,0.5,23232152802.87239,1.24,24.45,34.74,13.74,48.48,17.04,60.12,30.32,42.8,0.71,0.4,1.4,32.12,127,2.01,9
8071,能率網通,電子零組件業,-1.19,2000187000.0,0.0,0.0,2066678156.7325416,0.0,0.0,0.0,0.0,0.0,0.0,0.0,0.0,19.65,0.0,0.0,0.0,37.82,49,16.53,128
8072,陞泰,電子工業,1.11,1223670000.0,1102405405.4054053,0.56,1640263023.5335655,1.49,33.22,41.13,21.96,63.09,32.72,94.0,49.5,27.25,1.82,1.2,3.45,20.55,42,10.07,35
8074,鉅橡,電子零組件業,1.35,1293671000.0,958274814.8148148,0.66,1558847472.6747568,1.63,30.38,53.63,15.04,68.67,24.52,111.93,49.52,72.8,0.68,0.34,1.54,21.72,158,82.16,90
8076,伍豐,電腦及週邊設備業,0.15,1995767000.0,13305113333.333334,0.09,2656025475.5408473,0.2,67.3,180.27,14.73,195.0,2.95,39.0,13.46,23.65,0.57,0.12,1.65,25.42,128,5.54,100
8081,致新,半導體業,17.75,8617981000.0,485520056.3380282,7.27,8536183345.46312,17.58,13.2,6.99,10.05,17.04,176.68,299.56,232.07,272.0,0.85,0.65,1.1,8.47,8,7.11,30
8046,南電,電子零組件業,3.01,38926177000.0,12932284717.607975,1.51,53124470143.45804,4.11,198.77,699.07,27.18,726.25,111.71,2984.89,816.95,829.0,0.99,0.13,3.6,10.7,9,180.77,177
8045,達運光電,電子工業,0.65,1184313000.0,1822020000.0,0.44,1844634548.0381835,1.01,100.8,279.3,9.83,289.13,9.93,292.02,101.81,71.4,1.43,0.14,4.09,30.08,38,51.14,90
8011,台通,通信網路業,1.3,2097097000.0,1613151538.4615383,0.45,1873444327.5201397,1.16,27.46,111.33,6.94,118.27,8.05,137.19,31.85,17.8,1.79,0.45,7.71,40.09,59,11.88,163
8016,矽創,半導體業,14.65,18682856000.0,1275280273.0375426,7.31,23425951542.94799,18.37,14.03,8.07,10.51,18.58,193.07,341.31,257.72,285.5,0.9,0.68,1.2,10.33,25,5.99,125
8021,尖點,其他電子業,2.74,4267050000.0,1557317518.2481751,1.5,6490940826.210827,4.17,52.47,157.22,14.86,172.08,61.97,717.57,218.81,361.0,0.61,0.17,1.99,35.33,95,384.04,177
8024,佑華,半導體業,-2.56,158672000.0,0.0,0.0,142743738.3158641,0.0,0.0,0.0,0.0,0.0,0.0,0.0,0.0,12.15,0.0,0.0,0.0,13.32,49,6.03,21
8027,鈦昇,電機機械,-0.92,1560399000.0,0.0,0.0,2448570667.579665,0.0,260.71,68.25,226.75,295.0,0.0,0.0,0.0,240.0,0.0,0.0,0.0,52.64,37,18.09,122
8028,昇陽半導體,半導體業,4.38,4462417000.0,1018816666.6666667,2.13,5405927418.695339,5.31,53.34,70.46,31.89,102.35,169.34,543.48,283.25,258.5,1.1,0.66,2.1,150.0,175,34.41,149
8032,光菱,電子通路業,2.2,3555596000.0,1616179999.9999998,1.23,4970771155.897769,3.08,26.94,58.18,15.21,73.39,46.85,226.04,82.96,41.2,2.01,1.14,5.49,206.21,176,8.39,73
8033,雷虎,其他,0.58,1429246000.0,2464217241.3793106,0.25,1531921400.7663374,0.62,262.21,898.45,97.8,996.25,60.64,617.67,162.57,133.0,1.22,0.46,4.64,2.71,3,210.23,113
8034,榮群,通信網路業,1.42,560477000.0,394702112.6760564,0.44,463107089.033279,1.17,16.19,9.24,12.36,21.6,14.46,25.27,18.95,23.8,0.8,0.61,1.06,4.36,9,66.04,111
8038,長園科,電子零組件業,0.92,523534000.0,569058695.6521739,0.59,1397018421.242815,2.45,71.18,80.31,30.07,110.38,73.67,270.43,174.4,40.3,4.33,1.83,6.71,5.46,46,113.79,106
8039,台虹,電子工業,2.07,10469402000.0,5057682125.603865,0.84,11310206956.3695,2.24,34.31,64.7,14.22,78.92,31.85,176.78,76.86,126.5,0.61,0.25,1.4,39.01,99,49.46,167
8040,九暘,半導體業,-0.6,667594000.0,0.0,0.0,768782811.3765128,0.0,0.0,0.0,0.0,0.0,0.0,0.0,0.0,98.7,0.0,0.0,0.0,40.11,29,4.38,2
8042,金山電,電子零組件業,0.9,3693135000.0,4103483333.333333,0.46,4804448551.528367,1.17,86.69,195.35,28.4,223.75,33.23,261.79,101.42,116.5,0.87,0.29,2.25,4.92,59,59.42,160
8043,蜜望實,電子零組件業,1.68,5203246000.0,3097170238.095238,0.99,8453715609.836672,2.73,302.97,1996.63,13.37,2010.0,36.5,5487.3,827.11,114.5,7.22,0.32,47.92,105.65,94,192.8,184
8083,瑞穎,電機機械,9.8,1403166000.0,143180204.08163264,4.29,1626540481.8746676,11.36,17.17,8.3,13.1,21.4,148.82,243.1,195.04,168.5,1.16,0.88,1.44,0.27,3,5.88,49
7765,中華資安,數位雲端,11.49,990636000.0,86217232.37597911,0.0,0.0,0.0,25.39,10.15,20.06,30.21,0.0,0.0,0.0,243.5,0.0,0.0,0.0,11.47,20,13.23,100
7767,仁大資訊,資訊服務業,4.18,627804000.0,150192344.49760768,0.0,0.0,0.0,11.88,3.16,10.5,13.66,0.0,0.0,0.0,43.45,0.0,0.0,0.0,0.0,0,13.99,56
7768,頌勝科技,半導體業,3.23,166994000.0,51700928.79256966,0.0,0.0,0.0,91.66,48.58,71.95,120.53,0.0,0.0,0.0,369.0,0.0,0.0,0.0,19.21,150,32.54,100
7769,鴻勁,半導體業,75.71,8807978000.0,116338370.09642056,0.0,0.0,0.0,70.39,48.98,51.01,99.99,0.0,0.0,0.0,6980.0,0.0,0.0,0.0,70.54,32,174.97,184
7770,君曜,半導體業,3.0,140772000.0,46924000.0,0.0,0.0,0.0,17.58,7.41,15.32,22.73,0.0,0.0,0.0,40.2,0.0,0.0,0.0,0.0,0,14.77,22
7772,耀穎,半導體業,1.86,36719000.0,19741397.849462364,0.0,0.0,0.0,133.09,88.64,88.44,177.08,0.0,0.0,0.0,150.0,0.0,0.0,0.0,30.23,1,30.23,1
7777,能率亞洲,其他,0.58,-35480000.0,0.0,0.0,0.0,0.0,54.68,43.66,41.03,84.69,0.0,0.0,0.0,32.75,0.0,0.0,0.0,0.0,0,175.53,128
7780,大研生醫*,食品工業,0.53,1098052000.0,2071796226.4150941,0.0,0.0,0.0,53.38,47.37,40.05,87.42,0.0,0.0,0.0,18.5,0.0,0.0,0.0,6.18,44,140.37,77
7782,光速火箭,居家生活類,2.13,242640000.0,113915492.95774649,0.0,0.0,0.0,11.64,6.58,9.65,16.23,0.0,0.0,0.0,26.85,0.0,0.0,0.0,0.0,0,13.64,48
7786,東方風能,綠能環保,11.11,3094023000.0,278489918.9918992,0.0,0.0,0.0,15.67,6.83,11.7,18.53,0.0,0.0,0.0,114.5,0.0,0.0,0.0,94.86,109,56.45,91
7788,松川精密,電子工業,3.63,2102773000.0,579276308.5399449,0.0,0.0,0.0,38.91,32.22,25.06,57.28,0.0,0.0,0.0,187.0,0.0,0.0,0.0,0.0,0,0.0,0
7760,享溫馨,觀光餐旅,0.69,0.0,0.0,0.0,0.0,0.0,50.58,34.28,26.4,60.68,0.0,0.0,0.0,33.65,0.0,0.0,0.0,0.17,3,1.63,9
7736,虎山,汽車工業,5.09,1548758000.0,304274656.1886051,1.85,1531865246.313438,5.03,16.88,9.72,11.72,21.44,58.95,107.84,84.88,71.9,1.18,0.82,1.5,20.57,128,4.27,6
7738,東聯互動,數位雲端類,14.61,201472000.0,13790006.844626969,0.0,0.0,0.0,13.26,5.82,11.45,17.27,0.0,0.0,0.0,165.0,0.0,0.0,0.0,0.0,0,56.44,119
7740,熙特爾-創,創新板股票,4.97,1426350000.0,286991951.7102616,25.52,186355576691.22632,649.34,55.24,66.48,22.34,88.82,14506.26,57674.38,35866.31,160.0,224.16,90.66,360.46,113.24,141,13.68,90
7743,金利食安,食品工業,0.55,571926000.0,1039865454.5454545,0.28,1125413544.763357,1.08,20.83,26.22,14.29,40.51,15.43,43.75,22.5,19.4,1.16,0.8,2.26,21.27,28,2.42,17
7744,崴寶,電子零組件業,16.28,577003000.0,35442444.71744472,0.0,0.0,0.0,25.18,19.61,17.12,36.73,0.0,0.0,0.0,490.0,0.0,0.0,0.0,19.75,176,120.29,128
7747,昕奇雲端,數位雲端類,4.07,856913000.0,210543734.64373463,0.0,0.0,0.0,32.26,8.03,28.22,36.25,0.0,0.0,0.0,0.0,0.0,0.0,0.0,1.24,35,31.76,51
7749,意騰-KY,電子工業,11.64,1157049000.0,99402835.05154638,8.52,7150350827.373261,71.93,75.91,78.8,31.36,110.16,2255.72,7923.81,5460.43,475.5,11.48,4.74,16.66,11.02,10,11.02,10
7750,新代,電機機械,35.18,5251207000.0,149266827.74303582,0.0,0.0,0.0,43.09,67.36,29.12,96.48,0.0,0.0,0.0,2495.0,0.0,0.0,0.0,5.78,105,72.97,101
7751,竑騰,半導體業,20.44,1012449000.0,49532729.941291586,0.0,0.0,0.0,55.86,105.7,26.74,132.44,0.0,0.0,0.0,1500.0,0.0,0.0,0.0,65.76,88,76.63,128
7753,星亞,光電業,4.21,450953000.0,107114726.8408551,0.0,0.0,0.0,11.75,7.59,9.29,16.88,0.0,0.0,0.0,41.2,0.0,0.0,0.0,12.97,4,28.81,56
7757,金色三麥,觀光餐旅,8.98,785893000.0,87515924.27616926,0.0,0.0,0.0,12.58,3.52,11.59,15.11,0.0,0.0,0.0,103.5,0.0,0.0,0.0,0.0,0,9.63,28
7791,皇家可口,食品工業,8.26,886148000.0,107281840.1937046,0.0,0.0,0.0,12.29,3.63,10.3,13.93,0.0,0.0,0.0,62.9,0.0,0.0,0.0,0.0,0,22.02,98
7821,神數,汽車工業,2.99,0.0,0.0,0.0,0.0,0.0,14.6,6.15,11.17,17.32,0.0,0.0,0.0,43.55,0.0,0.0,0.0,10.89,155,60.47,162
7822,倍利科,半導體業,14.04,0.0,0.0,0.0,0.0,0.0,100.09,68.19,62.17,130.36,0.0,0.0,0.0,1040.0,0.0,0.0,0.0,73.11,155,136.8,167
7823,奧義賽博-KY創,創新板股票,0.24,33073000.0,137804166.6666667,0.0,0.0,0.0,0.0,0.0,0.0,0.0,0.0,0.0,0.0,107.0,0.0,0.0,0.0,0.0,0,0.0,0
7828,創新服務,半導體業,6.31,0.0,0.0,0.0,0.0,0.0,196.87,93.67,157.54,251.21,0.0,0.0,0.0,1065.0,0.0,0.0,0.0,81.68,111,109.69,99
7820,立盈,綠能環保類,1.84,0.0,0.0,0.0,0.0,0.0,76.54,22.98,63.88,86.86,0.0,0.0,0.0,134.0,0.0,0.0,0.0,177.23,132,214.21,104
7842,天能綠電,綠能環保類,4.01,0.0,0.0,0.0,0.0,0.0,25.44,8.51,22.79,31.3,0.0,0.0,0.0,100.5,0.0,0.0,0.0,0.0,0,0.0,0
7818,溢泰實業,綠能環保,5.64,0.0,0.0,0.0,0.0,0.0,10.64,2.11,9.77,11.88,0.0,0.0,0.0,67.1,0.0,0.0,0.0,0.0,0,11.06,94
7792,安葆,其他電子類,8.72,332632000.0,38145871.559633024,0.0,0.0,0.0,37.52,11.47,31.53,43.0,0.0,0.0,0.0,263.5,0.0,0.0,0.0,21.7,175,32.54,127
7794,宏碁智新,居家生活類,2.72,0.0,0.0,0.0,0.0,0.0,12.38,5.41,10.95,16.36,0.0,0.0,0.0,28.8,0.0,0.0,0.0,5.77,90,0.0,0
7795,長廣,電子工業,2.22,135531000.0,61049999.99999999,0.0,0.0,0.0,120.39,57.49,85.88,143.37,0.0,0.0,0.0,345.0,0.0,0.0,0.0,4.73,4,100.78,120
7799,禾榮科,化學生技醫療,-3.29,6328000.0,0.0,0.0,0.0,0.0,0.0,0.0,0.0,0.0,0.0,0.0,0.0,307.0,0.0,0.0,0.0,159.34,104,100.21,62
7803,雲象科技-創,創新板股票,-2.29,236749000.0,0.0,0.0,55084415.14603394,0.0,0.0,0.0,0.0,0.0,0.0,0.0,0.0,22.95,0.0,0.0,0.0,0.0,0,12.8,112
7805,威聯通,數位雲端類,56.3,1144386000.0,20326571.93605684,0.0,0.0,0.0,15.48,5.16,13.34,18.5,0.0,0.0,0.0,700.0,0.0,0.0,0.0,0.0,0,19.5,111
7810,捷創科技,半導體業,6.25,125775000.0,20124000.0,0.0,0.0,0.0,43.27,36.42,32.0,68.42,0.0,0.0,0.0,226.5,0.0,0.0,0.0,0.0,0,89.03,97
7811,民盛,運動休閒類,8.1,0.0,0.0,0.0,0.0,0.0,11.35,6.51,9.9,16.41,0.0,0.0,0.0,77.1,0.0,0.0,0.0,15.36,49,13.58,50
7734,印能科技,半導體業,35.67,2285909000.0,64084917.297448836,22.97,3679029991.488212,57.41,37.97,97.58,18.39,115.97,1055.77,6657.84,2179.77,3345.0,0.65,0.32,1.99,25.69,184,29.22,62
8084,巨虹,電子通路業,-1.82,602545000.0,0.0,0.0,501772388.3967512,0.0,36.13,33.91,21.67,55.58,0.0,0.0,0.0,43.3,0.0,0.0,0.0,25.14,44,50.14,154
8086,宏捷科,半導體業,3.36,3949612000.0,1175479761.904762,1.78,6227262603.009413,5.3,44.62,60.96,23.55,84.51,124.82,447.9,236.46,144.5,1.64,0.86,3.1,9.62,46,50.19,169
8488,吉源-KY,其他,-2.06,3107874000.0,0.0,0.0,4261756611.028887,0.0,0.0,0.0,0.0,0.0,0.0,0.0,0.0,9.8,0.0,0.0,0.0,5.26,130,1.69,8
8905,裕國,其他,0.62,2134718000.0,3443093548.387097,0.25,2159072543.789254,0.63,33.04,54.47,15.18,69.65,9.56,43.88,20.81,29.5,0.71,0.32,1.49,2.72,50,0.92,1
8906,花王,其他,-0.78,205067000.0,0.0,0.0,208589198.5405435,0.0,0.0,0.0,0.0,0.0,0.0,0.0,0.0,25.2,0.0,0.0,0.0,69.9,67,5.1,108
8908,欣雄,油電燃氣業,2.2,10642287000.0,4837403181.818181,0.87,9472119852.366997,1.96,23.17,12.81,17.96,30.77,35.2,60.31,45.42,40.65,1.12,0.87,1.48,3.87,7,6.21,168
8916,光隆,其他,2.5,8358964000.0,3343585600.0,0.83,7628210530.354115,2.28,16.17,8.62,12.08,20.7,27.54,47.2,36.87,46.65,0.79,0.59,1.01,6.31,44,1.35,1
8917,欣泰,油電燃氣業,2.22,3079267000.0,1387057207.2072072,0.98,3058393896.7724133,2.2,26.5,10.09,22.29,32.38,49.04,71.24,58.29,52.8,1.1,0.93,1.35,10.29,84,0.0,0
8921,沈氏,其他,-0.12,627607000.0,0.0,0.0,645116094.2659668,0.0,0.0,0.0,0.0,0.0,0.0,0.0,0.0,18.3,0.0,0.0,0.0,52.72,134,1.1,78
8923,時報,文化創意業,0.95,450369000.0,474072631.57894737,0.39,419365063.8815779,0.88,19.84,13.59,16.26,29.85,14.31,26.27,17.46,19.0,0.92,0.75,1.38,4.0,43,11.08,134
8926,台汽電,油電燃氣業,2.45,8036606000.0,3280247346.938775,6.41,42221964439.52971,12.87,24.63,26.27,13.9,40.17,178.89,516.99,317.0,59.9,5.29,2.99,8.63,3.51,18,9.49,154
8927,北基,油電燃氣業,0.36,10630044000.0,29527900000.0,0.19,13940098463.539686,0.47,83.2,194.46,31.13,225.59,14.63,106.03,39.1,19.55,2.0,0.75,5.42,22.72,58,3.5,43
8929,富堡,其他,-0.45,725631000.0,0.0,0.0,707023799.3707905,0.0,45.64,108.38,16.62,125.0,0.0,0.0,0.0,14.55,0.0,0.0,0.0,47.52,182,10.19,3
8930,青鋼,鋼鐵工業,2.4,1443214000.0,601339166.6666667,0.98,1339965038.9694192,2.23,12.08,4.87,9.25,14.12,20.63,31.49,26.93,28.4,0.95,0.73,1.11,0.0,0,0.0,0
8931,大汽電,油電燃氣業,1.87,2513205000.0,1343959893.0481284,0.77,2509080416.48536,1.87,21.49,11.03,17.03,28.06,31.85,52.47,40.18,41.9,0.96,0.76,1.25,2.87,42,2.43,6
8932,智通*,其他,1.99,2249716000.0,1130510552.7638192,0.92,2659952031.256657,2.35,64.69,55.16,38.8,93.96,91.18,220.81,152.02,98.9,1.54,0.92,2.23,21.5,92,145.68,108
8935,邦泰,其他,-0.77,520557000.0,0.0,0.0,517518795.668348,0.0,0.0,0.0,0.0,0.0,0.0,0.0,0.0,19.65,0.0,0.0,0.0,91.97,182,79.53,105
8936,國統,其他,4.08,6293893000.0,1542620833.3333333,1.9,7362786587.965055,4.77,17.03,18.65,11.38,30.03,54.28,143.24,81.24,49.4,1.64,1.1,2.9,7.29,59,22.87,176
8937,合騏*,其他,-0.72,66133000.0,0.0,0.0,525330265.8217176,0.0,443.98,1276.5,38.88,1315.38,0.0,0.0,0.0,31.8,0.0,0.0,0.0,635.22,184,19.6,129
8481,政伸,其他,3.26,1173670000.0,360021472.3926381,1.34,1125304433.0849283,3.13,18.21,19.57,12.26,31.83,38.37,99.63,57.01,40.25,1.42,0.95,2.48,6.3,23,0.71,1
8436,大江,生技醫療業,8.69,6872719000.0,790876754.890679,3.8,7483029561.920344,9.46,17.62,9.04,13.24,22.28,125.25,210.77,166.72,119.5,1.4,1.05,1.76,6.58,44,3.77,100
8437,大地-KY,其他,-1.3,221282000.0,0.0,0.0,172568714.47228953,0.0,60.82,57.16,35.42,92.58,0.0,0.0,0.0,11.35,0.0,0.0,0.0,32.57,57,0.23,1
8442,威宏-KY,其他,4.18,7983723000.0,1909981578.9473686,1.8,8460152485.588453,4.43,10.13,16.75,6.27,23.02,27.78,101.98,44.89,40.3,1.11,0.69,2.53,2.48,106,0.34,1
8443,阿瘦,貿易百貨,-1.46,1127548000.0,0.0,0.0,1073414463.4692634,0.0,32.61,2.43,30.81,33.24,0.0,0.0,0.0,11.4,0.0,0.0,0.0,0.41,9,2.52,21
8444,綠河-KY,其他,-10.06,3333213000.0,0.0,0.0,1609169952.1312683,0.0,0.0,0.0,0.0,0.0,0.0,0.0,0.0,6.8,0.0,0.0,0.0,28.91,52,4.61,8
8446,華研,文化創意業,10.31,1119230000.0,108557710.96023278,3.78,1018738575.9341364,9.38,9.7,4.62,7.79,12.41,73.07,116.41,90.95,85.1,1.07,0.86,1.37,22.64,177,1.46,86
8450,霹靂,文化創意業,-5.34,235916000.0,0.0,0.0,408255715.71011174,0.0,0.0,0.0,0.0,0.0,0.0,0.0,0.0,16.0,0.0,0.0,0.0,23.32,49,2.22,3
8455,大拓-KY,其他電子類,0.01,1156029000.0,115602900000.0,0.0,1230834938.0738041,0.01,1016.03,1434.17,60.83,1495.0,0.61,14.95,10.16,43.65,0.23,0.01,0.34,99.56,93,21.8,133
8463,潤泰材,其他,1.86,7221483000.0,3882517741.9354835,0.77,7328282276.911802,1.89,19.84,20.58,9.91,30.49,18.73,57.63,37.49,21.0,1.79,0.89,2.74,11.97,73,9.69,87
8466,美吉吉-KY,其他,-0.97,3227731000.0,0.0,0.0,2365874587.836387,0.0,48.06,168.24,11.48,179.72,0.0,0.0,0.0,14.2,0.0,0.0,0.0,16.52,24,1.22,45
9933,中鼎,其他,1.79,93718619000.0,52356770391.061455,0.67,74612661273.16048,1.43,42.82,101.46,8.7,110.16,12.44,157.53,61.24,38.75,1.58,0.32,4.07,13.75,46,30.47,111
9937,全國,油電燃氣業,2.37,22695298000.0,9576075105.485231,0.98,21761871594.262848,2.27,25.72,6.53,22.49,29.02,51.05,65.88,58.37,56.0,1.04,0.91,1.18,0.15,11,7.95,63
9938,百和,其他,4.1,15697877000.0,3828750487.804878,1.76,15267908304.65065,3.99,15.14,16.86,9.77,26.63,38.98,106.25,60.4,43.4,1.39,0.9,2.45,21.28,157,4.14,155
9939,宏全,其他,9.09,29073649000.0,3198421232.1232123,3.65,28381468535.858208,8.87,15.29,6.0,12.09,18.09,107.24,160.46,135.6,124.0,1.09,0.86,1.29,6.77,42,6.25,35
9940,信義,其他,0.28,9513436000.0,33976557142.85714,0.2,16347281800.271095,0.48,27.04,62.41,10.45,72.86,5.02,34.97,12.98,18.8,0.69,0.27,1.86,6.87,73,0.71,6
9941,裕融,其他,7.87,39779550000.0,5054580686.149937,3.22,38622335370.48581,7.64,14.29,7.71,10.7,18.41,81.75,140.65,109.19,73.7,1.48,1.11,1.91,14.74,30,0.87,1
9941A,裕融甲特,其他,0.0,0.0,0.0,0.0,0.0,0.0,0.0,0.0,0.0,0.0,0.0,0.0,0.0,0.0,0.0,0.0,0.0,1.17,98,2.94,97
9942,茂順,其他,8.15,3977553000.0,488043312.88343555,3.79,4501452321.732522,9.22,12.82,4.89,10.0,14.89,92.2,137.29,118.24,117.0,1.01,0.79,1.17,0.77,46,0.42,1
9931,欣高,油電燃氣業,2.45,1551042000.0,633078367.3469387,1.12,1594388736.8407304,2.52,14.7,12.14,10.93,23.07,27.54,58.14,37.05,33.9,1.09,0.81,1.72,0.67,23,2.41,22
9945,潤泰新,其他,3.93,35602939000.0,9059272010.178116,2.18,52895588431.9045,5.84,8.49,6.92,5.01,11.93,29.26,69.67,49.61,23.4,2.12,1.25,2.98,16.56,73,5.72,45
9946,三發地產,建材營造,1.52,602169000.0,396163815.78947365,10.59,4974285746.644675,12.56,50.27,126.38,4.01,130.39,50.37,1637.7,631.33,16.8,37.58,3.0,97.48,24.19,18,14.11,17
9949,琉園,文化創意業,5.29,142500000.0,26937618.147448014,2.29,140652224.37446973,5.22,5.47,2.74,4.2,6.94,21.92,36.23,28.57,23.35,1.22,0.94,1.55,18.97,107,20.42,133
9950,萬國通,塑膠工業,-0.27,2109807000.0,0.0,0.0,2141799877.9316888,0.0,13.36,21.66,2.18,23.84,0.0,0.0,0.0,11.2,0.0,0.0,0.0,14.29,16,6.28,58
9951,皇田,電機機械,5.27,6333931000.0,1201884440.227704,2.28,6939039179.180214,5.77,12.4,5.37,10.09,15.46,58.22,89.2,71.52,53.1,1.35,1.1,1.68,2.96,43,11.23,104
9958,世紀鋼,鋼鐵工業,6.56,14571164000.0,2221214024.390244,3.42,16715432590.617704,7.53,27.76,39.87,12.88,52.75,96.99,397.21,209.04,101.0,2.07,0.96,3.93,45.71,28,36.11,44
9962,有益,鋼鐵工業,-0.16,1941014000.0,0.0,0.0,1337558079.4551177,0.0,29.49,67.68,15.89,83.57,0.0,0.0,0.0,9.41,0.0,0.0,0.0,1.17,1,0.74,2
9944,新麗,其他,-0.16,2250752000.0,0.0,0.0,2458658147.9774575,0.0,188.8,343.47,58.53,402.0,0.0,0.0,0.0,17.0,0.0,0.0,0.0,1.71,73,1.75,9
9929,秋雨,其他,-0.07,653941000.0,0.0,0.0,677937254.1293256,0.0,42.81,1.85,42.22,44.07,0.0,0.0,0.0,11.4,0.0,0.0,0.0,8.89,74,3.63,1
9928,中視,其他,-1.4,846557000.0,0.0,0.0,964737349.002929,0.0,56.96,44.06,43.18,87.24,0.0,0.0,0.0,17.7,0.0,0.0,0.0,11.45,46,18.61,93
8942,森鉅,其他,1.83,3809373000.0,2081624590.1639342,0.45,1596077458.655754,0.77,11.78,17.96,7.18,25.14,5.53,19.36,9.07,41.2,0.22,0.13,0.47,2.03,35,0.9,3
8996,高力,電機機械,9.08,5988938000.0,659574669.6035242,8.05,17017351347.652903,25.8,67.54,114.67,26.39,141.06,680.86,3639.35,1742.44,994.0,1.75,0.68,3.66,19.67,7,175.83,170
9902,台火,其他,-0.47,342343000.0,0.0,0.0,327141935.2753222,0.0,120.57,430.44,18.31,448.75,0.0,0.0,0.0,13.7,0.0,0.0,0.0,46.08,73,34.83,8
9905,大華,其他,1.29,8095013000.0,6275203875.968992,0.62,9324280140.529493,1.49,15.11,3.67,13.1,16.77,19.52,24.99,22.52,20.8,1.08,0.94,1.2,0.41,32,0.43,3
9906,欣巴巴,建材營造,0.09,1332942000.0,14810466666.666668,0.11,2653896110.456444,0.18,82.87,493.27,8.95,502.22,1.61,90.4,14.92,33.15,0.45,0.05,2.73,157.88,86,3.1,1
9907,統一實,其他,1.36,46160570000.0,33941595588.23529,0.53,40679043043.274666,1.2,22.02,33.17,12.86,46.03,15.43,55.24,26.42,15.9,1.66,0.97,3.47,10.68,169,0.0,0
9908,大台北,油電燃氣業,1.72,3392932000.0,1972634883.7209303,0.77,3329528829.964467,1.69,17.09,7.25,13.58,20.83,22.95,35.2,28.89,29.15,0.99,0.79,1.21,0.61,58,1.13,42
9912,偉聯,電子工業,-1.12,495111000.0,0.0,0.0,494273096.8268359,0.0,0.0,0.0,0.0,0.0,0.0,0.0,0.0,12.5,0.0,0.0,0.0,9.03,1,7.73,91
9917,中保科,其他,6.77,19003491000.0,2807014918.759232,2.85,19220361634.29444,6.85,18.88,8.51,15.44,23.95,105.76,164.06,129.34,113.0,1.14,0.94,1.45,14.67,105,3.38,23
9918,欣天然,油電燃氣業,1.61,2060972000.0,1280106832.2981365,0.78,1932808603.2724588,1.51,21.7,18.37,17.06,35.43,25.76,53.5,32.76,43.45,0.75,0.59,1.23,2.86,32,6.84,59
9919,康那香,其他,-2.43,2744027000.0,0.0,0.0,2600481450.4163575,0.0,5.65,2.58,4.62,7.2,0.0,0.0,0.0,14.25,0.0,0.0,0.0,11.52,28,15.26,9
9925,新保,其他,2.37,8025348000.0,3386222784.8101263,1.04,8641786598.396183,2.55,17.6,2.54,16.31,18.85,41.59,48.07,44.88,40.15,1.12,1.04,1.2,2.4,22,1.21,64
9926,新海,油電燃氣業,2.68,2462571000.0,918869776.1194029,1.23,2455095766.5582147,2.67,19.55,3.72,17.95,21.67,47.93,57.86,52.2,49.05,1.06,0.98,1.18,0.0,0,1.54,42
9927,泰銘,其他,4.28,7937924000.0,1854655140.1869159,2.04,8718253678.678583,4.7,12.24,8.48,9.53,18.01,44.79,84.65,57.5,66.7,0.86,0.67,1.27,3.02,15,0.28,1
8435,鉅邁,其他,3.91,624566000.0,159735549.87212276,1.7,637917243.3126953,3.99,15.47,4.95,14.04,18.99,56.02,75.77,61.72,56.2,1.1,1.0,1.35,9.94,169,1.79,6
8085,福華,其他電子類,-1.01,645835000.0,0.0,0.0,722527442.5288495,0.0,0.0,0.0,0.0,0.0,0.0,0.0,0.0,11.5,0.0,0.0,0.0,45.67,32,3.36,119
8431,匯鑽科,其他電子類,-3.9,1070130000.0,0.0,0.0,1000256071.8370416,0.0,99.81,132.76,30.65,163.41,0.0,0.0,0.0,57.1,0.0,0.0,0.0,14.29,121,13.88,92
8112A,至上甲特,電子工業,0.0,0.0,0.0,0.0,0.0,0.0,0.0,0.0,0.0,0.0,0.0,0.0,0.0,46.25,0.0,0.0,0.0,0.46,32,0.11,35
8114,振樺電,電子工業,18.5,18973096000.0,1025572756.7567568,6.17,11771475517.862354,11.48,19.94,34.25,8.05,42.3,92.41,485.6,228.87,237.0,0.97,0.39,2.05,121.43,179,3.36,1
8121,越峰,電子零組件業,-0.31,2993414000.0,0.0,0.0,3748224954.4225707,0.0,51.41,80.42,22.47,102.89,0.0,0.0,0.0,35.2,0.0,0.0,0.0,34.1,16,70.82,160
8131,福懋科,半導體業,1.35,9623157000.0,7128264444.444444,0.7,13007788729.84709,1.82,36.04,96.55,11.42,107.97,20.78,196.51,65.59,60.9,1.08,0.34,3.23,2.85,15,80.22,177
8147,正淩,電子零組件業,3.08,1564956000.0,508102597.40259737,1.61,2056310019.7362194,4.05,46.89,38.72,31.43,70.15,127.29,284.11,189.9,182.5,1.04,0.7,1.56,55.07,57,17.96,140
8150,南茂,半導體業,0.7,23509652000.0,33585217142.857143,0.35,29727806787.122566,0.89,55.59,206.35,10.92,217.27,9.72,193.37,49.47,74.4,0.66,0.13,2.6,4.33,2,70.64,178
8112,至上,電子通路業,5.02,219865076000.0,43797823904.38248,3.94,424126574689.6876,9.68,21.45,39.64,9.83,49.47,95.15,478.87,207.59,84.0,2.47,1.13,5.7,0.7,29,59.76,176
8163,達方,電子工業,0.51,25049470000.0,49116607843.13725,0.22,27090897489.358166,0.55,23.56,58.04,8.33,66.37,4.58,36.5,12.96,33.0,0.39,0.14,1.11,7.32,16,4.48,171
8176,智捷,通信網路業,0.39,401727000.0,1030069230.7692307,0.14,252897069.28196716,0.25,48.4,161.5,12.5,174.0,3.12,43.5,12.1,9.89,1.22,0.32,4.4,45.71,161,18.14,140
8182,加高,電子零組件業,0.44,2880401000.0,6546365909.090909,0.18,2879306630.2631125,0.44,34.94,613.27,10.06,623.33,4.43,274.27,15.37,36.65,0.42,0.12,7.48,4.51,102,0.66,3
8183,精星,其他電子類,2.39,7367798000.0,3082760669.4560666,1.09,7934413654.590194,2.57,11.98,9.27,8.13,17.4,20.89,44.72,30.8,30.2,1.02,0.69,1.48,11.14,158,24.32,164
8201,無敵,其他電子業,-0.35,457909000.0,0.0,0.0,526878735.23067904,0.0,0.0,0.0,0.0,0.0,0.0,0.0,0.0,12.6,0.0,0.0,0.0,12.5,70,61.44,98
8155,博智,電子零組件業,6.9,4795545000.0,695006521.7391304,3.72,6551285038.149348,9.43,35.87,45.41,20.94,66.35,197.46,625.68,338.26,392.0,0.86,0.5,1.6,4.33,23,44.67,176
8110,華東,電子工業,2.47,7245046000.0,2933217004.0485826,1.13,8045582725.84797,2.74,54.4,91.39,16.94,108.33,46.42,296.82,149.05,46.25,3.22,1.0,6.42,23.31,35,223.85,177
8088,品安,半導體業,1.7,1503537000.0,884433529.4117647,1.0,2678730956.7054687,3.03,109.82,407.9,13.21,421.11,40.03,1275.96,332.76,51.5,6.46,0.78,24.78,2.03,9,45.59,176
8089,康全電訊,通信網路業,-3.1,966852000.0,0.0,0.0,324373442.03672326,0.0,9.19,16.62,3.97,20.59,0.0,0.0,0.0,19.9,0.0,0.0,0.0,50.92,94,1.76,3
8092,建暐,其他電子類,0.0,342132000.0,0.0,0.0,410459018.0052331,0.0,246.0,46.43,225.71,272.14,0.0,0.0,0.0,17.9,0.0,0.0,0.0,40.33,51,2.99,27
8093,保銳,電子零組件業,-1.32,197523000.0,0.0,0.0,200109298.78989688,0.0,0.0,0.0,0.0,0.0,0.0,0.0,0.0,18.35,0.0,0.0,0.0,64.17,32,19.76,9
8096,擎亞,電子通路業,0.88,34409445000.0,39101642045.454544,0.45,29018161490.42059,0.74,43.95,106.45,9.88,116.33,7.31,86.08,32.52,107.5,0.3,0.07,0.8,54.47,99,18.31,174
8097,常珵,通信網路業,-1.13,268148000.0,0.0,0.0,206743897.07032585,0.0,138.6,84.54,107.83,192.37,0.0,0.0,0.0,57.3,0.0,0.0,0.0,31.62,151,14.67,69
8099,大世科,資訊服務業,2.64,4764597000.0,1804771590.9090908,1.22,6341307200.810641,3.51,33.45,31.76,20.38,52.14,71.53,183.01,117.41,60.6,1.94,1.18,3.02,79.41,46,4.16,121
8111,立碁,光電業,0.38,852145000.0,2242486842.105263,0.15,831373433.068633,0.37,136.53,539.82,23.51,563.33,8.7,208.43,50.52,61.0,0.83,0.14,3.42,92.18,149,32.89,177
8101,華冠,通信網路業,-3.26,393227000.0,0.0,0.0,373617851.476039,0.0,0.0,0.0,0.0,0.0,0.0,0.0,0.0,13.15,0.0,0.0,0.0,257.81,184,38.41,118
8102,傑霖科技,半導體業,2.25,66699000.0,29644000.0,0.0,0.0,0.0,22.38,30.42,12.85,43.27,0.0,0.0,0.0,63.3,0.0,0.0,0.0,6.82,7,29.7,37
8103,瀚荃,電子工業,3.96,3334507000.0,842047222.2222222,1.92,3971312370.6340504,4.72,18.65,22.74,9.37,32.11,44.23,151.56,88.01,104.0,0.85,0.43,1.46,74.78,53,73.0,164
8104,錸寶,光電業,-0.55,3621838000.0,0.0,0.0,2470473269.943871,0.0,1612.39,4320.0,180.0,4500.0,0.0,0.0,0.0,33.6,0.0,0.0,0.0,56.91,46,17.96,108
8105,凌巨,光電業,-0.3,8679610000.0,0.0,0.0,8589079619.308744,0.0,88.67,516.96,23.04,540.0,0.0,0.0,0.0,15.45,0.0,0.0,0.0,78.54,59,12.36,77
8107,大億金茂,電機機械,-0.53,962504000.0,0.0,0.0,691901633.4211518,0.0,86.4,210.24,8.51,218.75,0.0,0.0,0.0,11.75,0.0,0.0,0.0,91.5,165,0.57,1
8109,博大,電子零組件業,6.17,1675345000.0,271530794.16531605,3.06,2137157820.0070913,7.87,15.05,9.73,11.18,20.91,87.99,164.56,118.43,126.5,0.94,0.7,1.3,0.0,0,35.87,113
8210,勤誠,電子工業,29.02,20900566000.0,720212474.1557547,16.5,32097965297.558853,44.57,26.25,34.95,11.7,46.65,521.47,2079.19,1169.9,1285.0,0.91,0.41,1.62,15.99,7,254.3,175
8213,志超,電子工業,2.28,17992158000.0,7891297368.421053,1.04,19885835517.438374,2.52,11.82,12.42,8.93,21.35,22.5,53.8,29.79,36.7,0.81,0.61,1.47,2.56,8,16.27,99
8349A,恒耀甲特,鋼鐵工業,0.0,0.0,0.0,0.0,0.0,0.0,0.0,0.0,0.0,0.0,0.0,0.0,0.0,47.0,0.0,0.0,0.0,11.26,184,0.0,0
8358,金居,電子零組件業,4.21,7752647000.0,1841483847.9809976,2.27,10758687203.572811,5.84,39.2,100.84,10.56,111.4,61.67,650.58,228.9,460.0,0.5,0.13,1.41,5.17,52,398.1,113
8367,建新國際,航運業,3.8,3216539000.0,846457631.5789474,1.6,3384435170.5404353,4.0,13.51,7.16,11.11,18.27,44.44,73.08,54.04,41.55,1.3,1.07,1.76,10.72,53,0.0,0
8374,羅昇,電機機械,-0.55,4702943000.0,0.0,0.0,5859907229.874635,0.0,292.36,1015.96,62.61,1078.57,0.0,0.0,0.0,96.9,0.0,0.0,0.0,410.6,107,10.23,98
8401,白紗科,其他,2.71,1544829000.0,570047601.4760147,1.15,1607025107.604508,2.82,11.11,4.73,8.61,13.34,24.28,37.62,31.34,23.0,1.36,1.06,1.64,6.39,9,8.01,141
8403,盛弘,生技醫療業,1.06,4335731000.0,4090312264.1509433,0.45,4528659227.727721,1.11,22.48,22.4,15.69,38.09,17.42,42.28,24.95,20.15,1.24,0.86,2.1,4.47,39,0.18,2
8349,恒耀,鋼鐵工業,2.02,11746755000.0,5815225247.524753,0.83,11136974130.902006,1.92,16.61,13.07,11.08,24.15,21.27,46.37,31.9,41.5,0.77,0.51,1.12,5.01,73,1.9,76
8404,百和興業-KY,其他,1.46,7460968000.0,5110252054.79452,0.64,7677884711.747193,1.5,32.65,78.39,11.61,90.0,17.42,135.0,48.98,16.3,3.0,1.07,8.28,70.73,155,30.84,156
8410,森田,電腦及週邊設備業,3.27,1129401000.0,345382568.80733943,1.1,937100574.5188526,2.71,11.4,10.73,6.16,16.89,16.69,45.77,30.9,34.65,0.89,0.48,1.32,22.35,88,1.18,1
8411,福貞-KY,其他,-0.69,9151695000.0,0.0,0.0,10903033919.019562,0.0,57.04,80.47,42.03,122.5,0.0,0.0,0.0,11.85,0.0,0.0,0.0,8.6,140,0.38,1
8415,大國鋼,鋼鐵工業,3.05,23061004000.0,7560984918.032787,1.43,25981121045.277718,3.44,13.63,6.9,10.51,17.41,36.15,59.89,46.87,36.45,1.29,0.99,1.64,3.67,11,5.22,71
8416,實威,資訊服務業,13.46,1712393000.0,127220876.67161961,6.49,1755637973.1601336,13.8,14.76,7.29,12.25,19.54,169.05,269.65,203.75,173.0,1.18,0.98,1.56,35.57,16,1.44,156
8421,旭源,其他,-0.39,1155501000.0,0.0,0.0,1281080800.3116553,0.0,613.0,177.5,500.0,677.5,0.0,0.0,0.0,13.6,0.0,0.0,0.0,20.3,122,15.21,43
8424,惠普,建材營造,5.8,1077627000.0,185797758.62068966,2.45,1070510471.2422544,5.76,14.91,4.99,12.46,17.45,71.77,100.51,85.88,73.2,1.17,0.98,1.37,3.51,22,4.81,23
8426,紅木-KY,其他,1.85,2774857000.0,1499922702.7027025,0.71,2769281528.673471,1.85,9.15,7.99,6.33,14.32,11.71,26.49,16.92,22.15,0.76,0.53,1.2,6.08,7,1.19,17
8429,金麗-KY,貿易百貨,0.12,150489000.0,1254075000.0,0.04,129435581.70182587,0.1,213.4,648.5,54.0,702.5,5.4,70.25,21.34,6.04,3.53,0.89,11.63,19.12,141,0.0,0
8409,商之器,生技醫療業,0.24,277797000.0,1157487500.0,0.1,281618199.22688824,0.24,96.66,351.65,14.06,365.71,3.37,87.77,23.2,18.95,1.22,0.18,4.63,13.59,42,13.17,140
8342,益張,其他,5.97,1662869000.0,278537520.93802345,2.5,1645143421.7374754,5.91,13.16,5.73,10.08,15.81,59.57,93.44,77.8,92.0,0.85,0.65,1.02,23.55,53,3.39,134
8215,明基材,光電業,-1.14,17976113000.0,0.0,0.0,17855654989.84117,0.0,207.96,1084.56,25.44,1110.0,0.0,0.0,0.0,26.65,0.0,0.0,0.0,6.87,58,0.0,0
8222,寶一,電機機械,0.55,929257000.0,1689558181.8181818,0.25,1009855772.2765348,0.6,47.61,58.41,25.3,83.71,15.18,50.23,28.57,35.3,0.81,0.43,1.42,0.56,44,0.0,0
8227,巨有科技,半導體業,2.05,1303125000.0,635670731.7073171,1.19,2790256767.769374,4.39,94.83,168.18,51.6,219.78,226.52,964.83,416.31,192.5,2.16,1.18,5.01,22.4,10,48.15,99
8234,新漢,電腦及週邊設備業,0.4,5778088000.0,14445220000.0,0.14,4536912862.92277,0.31,149.68,269.17,55.57,324.74,17.23,100.67,46.4,65.5,0.71,0.26,1.54,30.65,52,40.7,90
8240,華宏,光電業,2.18,7203456000.0,3304337614.678899,0.83,6258711080.979093,1.89,16.47,26.85,8.67,35.52,16.39,67.13,31.12,61.4,0.51,0.27,1.09,44.73,175,27.73,100
8249,菱光,電子工業,4.04,3641509000.0,901363613.8613862,1.98,3884898664.805741,4.31,19.28,33.31,13.51,46.82,58.23,201.79,83.09,51.0,1.63,1.14,3.96,147.47,161,26.38,97
8255,朋程,電機機械,6.33,8097224000.0,1279182306.4770932,2.6,7722658083.643962,6.04,20.59,15.45,12.62,28.07,76.22,169.54,124.36,156.0,0.8,0.49,1.09,25.54,29,18.15,111
8261,富鼎,半導體業,5.73,3105660000.0,542000000.0,2.39,3305448991.800196,6.1,19.82,16.7,12.64,29.34,77.1,178.97,120.88,149.0,0.81,0.52,1.2,20.29,172,33.63,160
8271,宇瞻,半導體業,6.7,10908622000.0,1628152537.3134327,7.14,36296904707.39114,22.29,21.65,41.81,7.97,49.78,177.65,1109.6,482.58,215.0,2.24,0.83,5.16,5.5,8,141.14,175
8272,全景軟體,資訊服務業,4.66,473954000.0,101706866.9527897,1.86,511674018.90413153,5.03,19.82,16.7,14.42,31.12,72.53,156.53,99.69,71.5,1.39,1.01,2.19,70.33,157,20.71,114
8277,商丞,半導體業,-0.38,252859000.0,0.0,0.0,129549435.42479737,0.0,0.0,0.0,0.0,0.0,0.0,0.0,0.0,6.83,0.0,0.0,0.0,51.2,37,64.99,177
8279,生展,生技醫療業,10.03,2123580000.0,211722831.50548357,3.87,1982295175.1055286,9.36,13.63,7.83,10.38,18.21,97.16,170.45,127.56,97.1,1.31,1.0,1.76,8.33,32,2.91,1
8284,三竹,資訊服務業,4.74,2937789000.0,619786708.8607595,2.06,3229710659.937469,5.21,13.53,5.81,10.79,16.6,56.22,86.49,70.5,63.2,1.12,0.89,1.37,4.0,50,1.58,42
8289,泰藝,電子零組件業,0.04,1725495000.0,43137375000.0,0.02,1734120293.7312062,0.04,441.01,1383.03,31.97,1415.0,1.28,56.6,17.64,55.3,0.32,0.02,1.02,2.91,1,5.66,126
8291,尚茂,電子零組件業,-1.51,2612000.0,0.0,0.0,7120713.846153846,0.0,0.0,0.0,0.0,0.0,0.0,0.0,0.0,75.4,0.0,0.0,0.0,138.82,15,334.78,83
8299,群聯,半導體業,41.96,68473723000.0,1631880910.3908484,42.83,196421284361.5529,120.36,24.57,65.21,10.42,75.63,1254.15,9102.83,2956.79,2265.0,1.31,0.55,4.02,8.39,28,160.91,176
8432,東生華,生技醫療業,3.62,1340047000.0,370178729.28176796,1.35,1414402094.9578643,3.82,19.64,16.25,12.83,29.08,49.01,111.09,75.02,50.6,1.48,0.97,2.2,2.8,37,11.53,154
7732,金興精密,汽車工業,1.73,1119185000.0,646927745.6647398,0.69,915889791.6536107,1.42,19.24,15.24,11.99,27.23,17.03,38.67,27.32,34.5,0.79,0.49,1.12,23.79,158,3.73,21
7730,暉盛-創,電子工業,1.74,174841000.0,100483333.33333333,0.0,0.0,0.0,69.95,82.79,37.33,120.12,0.0,0.0,0.0,226.0,0.0,0.0,0.0,26.41,60,40.3,140
6761,穩得,電子零組件業,7.35,1989199000.0,270639319.72789115,2.88,1770674679.079736,6.54,19.11,20.29,10.23,30.52,66.9,199.6,124.96,181.5,0.69,0.37,1.1,23.04,46,71.21,106
6762,達亞,生技醫療業,0.73,705600000.0,966575342.4657534,0.25,588111027.8666058,0.61,187.53,269.43,94.67,364.1,57.75,222.1,114.39,190.0,0.6,0.3,1.17,23.66,23,4.1,7
6767,台微醫,生技醫療業,-0.5,322308000.0,0.0,0.0,307407485.93294775,0.0,0.0,0.0,0.0,0.0,0.0,0.0,0.0,26.95,0.0,0.0,0.0,0.68,1,7.81,2
6770,力積電,半導體業,-1.86,45962445000.0,0.0,0.0,57087577674.327225,0.0,33.58,6.78,29.32,36.1,0.0,0.0,0.0,57.8,0.0,0.0,0.0,9.23,28,134.73,176
6776,展碁國際,電子工業,4.2,28833106000.0,6865025238.095238,1.97,36077092815.96078,5.26,13.17,8.84,10.6,19.44,55.76,102.25,69.28,57.3,1.21,0.97,1.78,3.32,8,10.59,44
6781,AES-KY,電子工業,38.2,15649550000.0,409674083.7696335,18.53,20026651372.031864,48.88,34.0,33.96,21.47,55.43,1049.45,2709.42,1661.81,1090.0,1.52,0.96,2.49,32.28,183,51.8,80
6782,視陽,化學生技醫療,14.08,4126829000.0,293098650.5681818,6.61,5004764649.017597,17.08,20.46,30.54,12.33,42.87,210.6,732.22,349.44,190.5,1.83,1.11,3.84,27.21,49,14.48,87
6785,昱展新藥,生技醫療業,-1.2,1753000.0,0.0,0.0,0.0,0.0,602.88,2954.17,20.83,2975.0,0.0,0.0,0.0,124.5,0.0,0.0,0.0,8.52,7,116.12,154
6788,華景電,半導體業,17.37,2543412000.0,146425561.31260794,7.7,2858033108.034588,19.52,20.03,21.45,9.8,31.25,191.3,610.0,390.93,393.0,0.99,0.49,1.55,116.73,101,32.19,101
6789,采鈺,半導體業,4.01,9100411000.0,2269429177.057357,1.71,9116234490.310526,4.02,87.47,227.9,30.38,258.28,122.13,1038.29,351.63,519.0,0.68,0.24,2.0,42.4,52,46.82,111
6756,威鋒電子,半導體業,1.11,1540487000.0,1387826126.126126,0.52,1655763824.5174105,1.19,63.49,59.26,35.33,94.59,42.04,112.56,75.55,96.2,0.79,0.44,1.17,7.16,31,4.78,3
6730,常廣,生技醫療業,2.14,120733000.0,56417289.719626166,0.0,0.0,0.0,17.45,4.43,16.29,20.72,0.0,0.0,0.0,37.0,0.0,0.0,0.0,1.37,43,17.84,133
6732,昇佳電子,半導體業,6.21,4524877000.0,728643639.2914654,2.51,4305058970.090895,5.91,22.34,19.68,13.89,33.57,82.09,198.4,132.02,165.0,0.8,0.5,1.2,10.37,25,39.02,118
6733,博晟生醫,生技醫療業,-0.69,219222000.0,0.0,0.0,246357290.8432488,0.0,0.0,0.0,0.0,0.0,0.0,0.0,0.0,27.75,0.0,0.0,0.0,9.41,43,75.63,118
6735,美達科技,其他電子類,0.33,328512000.0,995490909.090909,0.17,506852591.7927754,0.51,180.02,1102.02,19.23,1121.25,9.81,571.84,91.81,107.5,0.85,0.09,5.32,13.62,15,79.4,126
6739,竹陞科技,其他電子類,16.13,761022000.0,47180533.16800992,10.23,1490450550.4455373,31.59,59.78,83.94,26.45,110.39,835.56,3487.22,1888.34,1240.0,1.52,0.67,2.81,145.86,115,288.72,136
6742,澤米,光電業,-1.81,550879000.0,0.0,0.0,320193162.27099234,0.0,377.34,775.72,136.5,912.22,0.0,0.0,0.0,56.1,0.0,0.0,0.0,7.32,155,13.48,106
6743,安普新,其他電子業,0.71,5559377000.0,7830108450.704226,0.25,5414788493.072947,0.69,52.26,120.84,13.31,134.15,9.18,92.56,36.06,28.85,1.25,0.32,3.21,27.42,106,14.97,120
6751,智聯服務,資訊服務業,5.21,1831365000.0,351509596.92898273,2.02,1459353371.8400366,4.15,37.54,65.31,7.56,72.87,31.37,302.41,155.78,47.0,3.31,0.67,6.43,0.0,0,35.42,183
6752,叡揚,資訊服務業,7.58,2005986000.0,264641952.5065963,3.19,2084754391.6714604,7.88,19.77,19.65,13.17,32.82,103.78,258.62,155.78,100.0,1.56,1.04,2.59,12.23,50,0.87,2
6753,龍德造船,航運業,5.97,5357790000.0,897452261.3065327,2.72,5678851810.56125,6.33,21.73,36.41,13.84,50.25,87.61,318.08,137.53,124.5,1.1,0.7,2.55,36.36,39,99.51,113
6790,永豐實,造紙工業,3.03,10716158000.0,3536685808.580858,1.27,10557889411.5863,2.99,13.68,4.84,11.68,16.52,34.92,49.39,40.9,39.45,1.04,0.89,1.25,6.03,43,2.71,52
6791,虎門科技,資訊服務業,4.16,785380000.0,188793269.23076922,1.97,897434074.8087277,4.75,27.14,20.38,19.12,39.5,90.82,187.62,128.9,113.0,1.14,0.8,1.66,100.24,171,41.01,101
6821,聯寶,電子零組件業,1.13,587770000.0,520150442.4778761,0.43,502779782.9816533,0.97,35.97,39.1,24.2,63.3,23.47,61.4,34.89,52.0,0.67,0.45,1.18,54.1,162,2.55,2
6823,濾能,半導體業,-8.03,631530000.0,0.0,0.0,737858958.3566928,0.0,0.0,0.0,0.0,0.0,0.0,0.0,0.0,79.2,0.0,0.0,0.0,13.58,142,93.72,168
6830,汎銓,其他電子業,-0.7,2139984000.0,0.0,0.0,2634123136.345246,0.0,106.5,278.75,26.25,305.0,0.0,0.0,0.0,684.0,0.0,0.0,0.0,74.6,149,45.16,106
6831,邁科,電子工業,4.93,959783000.0,194682150.1014199,0.0,0.0,0.0,160.5,178.0,71.24,249.24,0.0,0.0,0.0,720.0,0.0,0.0,0.0,24.86,9,154.62,111
4930,燦星網,電器電纜,0.6,6237349000.0,10395581666.666668,0.21,5135018463.3433695,0.49,13.58,26.8,7.78,34.58,3.81,16.94,6.65,16.55,0.4,0.23,1.02,0.0,0,1.48,106
6834,天二科技,電子工業,0.51,1428164000.0,2800321568.627451,0.26,1703613835.429491,0.61,323.29,1352.96,32.04,1385.0,19.54,844.85,197.21,60.6,3.25,0.32,13.94,61.08,57,9.9,1
6835,圓裕,電子工業,0.97,2406345000.0,2480768041.2371135,0.39,2265908777.384721,0.91,18.77,287.95,8.2,296.15,7.46,269.5,17.08,38.05,0.45,0.2,7.08,4.71,14,20.81,35
6838,台新藥,化學生技醫療,-0.54,6269000.0,0.0,0.0,513414213.8047138,0.0,0.0,0.0,0.0,0.0,0.0,0.0,0.0,25.9,0.0,0.0,0.0,3.85,31,56.56,35
6840,東研信超,其他電子類,1.57,883542000.0,562765605.0955414,0.69,1014647023.4851296,1.8,154.0,374.23,37.53,411.76,67.55,741.17,277.2,64.2,4.32,1.05,11.54,0.0,0,78.34,113
6841,長佳智能,生技醫療業,0.89,362374000.0,407161797.752809,0.36,401907691.97201115,0.99,101.79,250.28,49.4,299.68,48.91,296.68,100.77,58.8,1.71,0.83,5.05,43.2,39,10.25,128
6792,詠業,通信網路業,2.23,1315481000.0,589901793.7219731,0.93,1351943455.213823,2.29,25.15,20.85,16.58,37.43,37.97,85.71,57.6,63.9,0.9,0.59,1.34,4.65,16,18.01,107
6796,晉弘,化學生技醫療,0.13,698679000.0,5374453846.153846,0.05,667870608.5328628,0.12,240.84,490.3,54.08,544.38,6.49,65.33,28.9,62.9,0.46,0.1,1.04,22.25,52,20.03,156
6799,來頡,半導體業,3.71,954586000.0,257300808.62533692,1.62,993041157.3632959,3.86,30.2,25.07,20.03,45.1,77.32,174.09,116.58,94.7,1.23,0.82,1.84,16.19,31,0.87,1
6805,富世達,電子工業,31.0,12078622000.0,389632967.7419355,17.26,20538371335.763023,52.71,53.97,54.85,20.98,75.83,1105.86,3997.0,2844.8,1720.0,1.65,0.64,2.32,33.48,140,165.31,175
6727,亞泰金屬,電子零組件業,6.8,1497054000.0,220155000.0,5.03,3410025426.4704676,15.49,25.25,69.88,8.8,78.68,136.31,1218.75,391.1,496.5,0.79,0.27,2.45,31.36,168,303.95,113
6640,均華,半導體業,12.75,2608139000.0,204559921.56862745,7.23,4822048406.341161,23.57,62.72,116.56,21.48,138.04,506.28,3253.6,1478.28,1250.0,1.18,0.41,2.6,162.7,99,107.67,126
6642,富致,電子零組件業,2.6,541366000.0,208217692.3076923,1.19,556551311.8192352,2.67,21.32,19.95,13.91,33.86,37.14,90.41,56.92,83.7,0.68,0.44,1.08,17.62,156,1.17,8
6643,M31,半導體業,1.69,1664726000.0,985044970.4142013,0.82,1946067065.6060982,1.98,692.39,17362.77,62.23,17425.0,123.22,34501.5,1370.93,563.0,2.44,0.22,61.28,36.92,58,1.11,43
6637,醫影,生技醫療業,7.16,1068011000.0,149163547.48603353,2.59,1723285623.7692037,11.55,14.11,15.3,8.79,24.09,101.52,278.24,162.93,66.1,2.46,1.54,4.21,35.81,31,49.8,34
6649,台生材,生技醫療業,1.4,213984000.0,152845714.2857143,0.36,134781090.7417421,0.88,53.88,94.17,27.86,122.03,24.52,107.39,47.41,39.6,1.2,0.62,2.71,26.53,168,111.08,147
6651,全宇昕,半導體業,6.31,1527269000.0,242039461.17274168,2.73,1518098892.4233208,6.27,12.96,12.67,8.45,21.12,52.98,132.42,81.25,123.0,0.66,0.43,1.08,50.2,140,0.91,3
6654,天正國際,其他電子類,0.0,348044000.0,0.0,0.0,587385442.7266176,0.0,7891.97,9125.95,254.05,9380.0,0.0,0.0,0.0,97.0,0.0,0.0,0.0,3.0,46,28.59,170
6655,科定,其他,3.93,2573178000.0,654752671.7557251,1.88,3178333855.116691,4.85,30.22,14.35,24.29,38.64,117.81,187.4,146.59,133.0,1.1,0.89,1.41,18.11,105,1.59,6
6657,華安,化學生技醫療,-2.93,7153000.0,0.0,0.0,10609697.632871818,0.0,0.0,0.0,0.0,0.0,0.0,0.0,0.0,39.0,0.0,0.0,0.0,6.92,31,2.58,2
6658,聯策,其他電子業,1.39,2060888000.0,1482653237.410072,0.73,2251169561.1640177,1.52,105.54,417.25,40.37,457.62,61.36,695.58,160.42,170.0,0.94,0.36,4.09,160.98,158,5.12,43
6661,威健生技,生技醫療業,0.06,373224000.0,6220400000.0,0.02,414102158.8176759,0.07,267.76,288.0,186.0,474.0,13.02,33.18,18.74,17.45,1.07,0.75,1.9,67.57,63,9.91,136
6662,樂斯科,生技醫療業,1.66,268039000.0,161469277.10843375,0.7,253418977.04321277,1.57,19.36,6.31,16.21,22.52,25.45,35.36,30.4,29.0,1.05,0.88,1.22,15.85,52,0.0,0
6664,群翊,電子零組件業,15.08,2524979000.0,167438925.72944298,6.9,2949205243.3373904,17.61,17.67,23.27,8.6,31.87,151.45,561.23,311.12,392.5,0.79,0.39,1.43,53.81,99,48.06,106
6625,必應,其他,8.88,4041795000.0,455157094.59459454,3.64,6751254564.933182,14.83,13.49,17.56,7.15,24.71,106.03,366.45,200.02,72.2,2.77,1.47,5.08,7.48,23,22.29,45
6596,寬宏藝術,文化創意業,18.83,3139203000.0,166712851.8321827,5.9,4849010821.446796,29.09,11.9,17.67,5.06,22.73,147.2,661.22,346.28,97.7,3.54,1.51,6.77,1.57,102,46.12,104
6597,立誠,電子零組件業,2.54,632474000.0,249005511.81102362,1.09,902383032.0963734,3.62,24.41,74.23,14.28,88.51,51.69,320.41,88.37,73.8,1.2,0.7,4.34,22.21,172,4.46,29
6598,ABC-KY,化學生技醫療,-1.97,445577000.0,0.0,0.0,795538189.2949971,0.0,0.0,0.0,0.0,0.0,0.0,0.0,0.0,24.2,0.0,0.0,0.0,60.77,32,15.93,133
6603,富強鑫,電機機械,0.61,4972290000.0,8151295081.967214,0.25,5444309224.070153,0.67,67.09,152.15,26.6,178.75,17.82,119.76,44.95,21.55,2.09,0.83,5.56,37.72,101,20.54,170
6605,帝寶,汽車工業,13.97,19461033000.0,1393058911.9541874,5.92,18792261783.343086,13.49,11.3,8.57,7.61,16.18,102.66,218.27,152.44,129.5,1.18,0.79,1.69,19.91,73,6.52,38
6606,建德工業,電機機械,1.1,807055000.0,733686363.6363636,0.51,921950741.5976807,1.26,27.52,12.02,21.51,33.53,27.1,42.25,34.68,24.4,1.42,1.11,1.73,32.34,108,1.35,104
6609,瀧澤科,電機機械,-1.53,2070606000.0,0.0,0.0,1868381823.4372377,0.0,28.97,44.32,14.78,59.1,0.0,0.0,0.0,41.25,0.0,0.0,0.0,200.13,157,4.78,87
6613,朋億*,其他電子類,13.37,9026692000.0,675145250.5609574,6.13,9603125332.44739,14.22,12.25,10.33,8.33,18.66,118.45,265.35,174.17,247.5,0.7,0.48,1.07,2.27,9,35.78,101
6614,資拓宏宇,數位雲端,2.08,1407674000.0,676766346.1538461,0.0,0.0,0.0,25.41,16.55,15.8,32.35,0.0,0.0,0.0,39.35,0.0,0.0,0.0,11.21,1,44.96,113
6615,慧智,生技醫療業,-0.43,386891000.0,0.0,0.0,372136772.15722376,0.0,95.85,251.54,34.71,286.25,0.0,0.0,0.0,32.5,0.0,0.0,0.0,63.49,59,5.57,128
6617,共信-KY,生技醫療業,-0.92,35690000.0,0.0,0.0,42381065.80570268,0.0,0.0,0.0,0.0,0.0,0.0,0.0,0.0,65.8,0.0,0.0,0.0,1.62,3,3.12,3
6620,漢達,生技醫療業,4.85,163380000.0,33686597.93814433,0.0,0.0,0.0,17.51,7.41,13.92,21.33,0.0,0.0,0.0,76.0,0.0,0.0,0.0,3.79,4,80.24,146
6612,奈米醫材,生技醫療業,1.15,1091495000.0,949126086.9565219,0.55,1219826055.3562112,1.29,60.75,58.02,36.15,94.17,46.63,121.48,78.37,74.1,1.06,0.63,1.64,39.53,42,11.59,20
6666,羅麗芬-KY,化學生技醫療,2.42,1098789000.0,454045041.3223141,1.01,1113347559.3206532,2.45,25.11,23.83,16.47,40.3,40.35,98.74,61.51,40.35,1.52,1.0,2.45,0.15,1,46.9,98
6697,東捷資訊,資訊服務業,3.04,1414873000.0,465418750.0,1.3,1325300366.2892363,2.85,16.54,7.79,13.29,21.08,37.88,60.08,47.15,40.55,1.16,0.93,1.48,11.11,3,29.81,101
6698,旭暉應材,其他電子業,-1.65,1142237000.0,0.0,0.0,1022056436.6213264,0.0,0.0,0.0,0.0,0.0,0.0,0.0,0.0,31.35,0.0,0.0,0.0,69.97,44,37.61,111
6703,軒郁,生技醫療業,10.31,3226692000.0,312967216.29485935,4.36,3726293263.652849,11.91,13.95,9.82,9.71,19.53,115.65,232.6,166.09,114.0,1.46,1.01,2.04,1.53,9,10.67,99
6706,惠特,光電業,-3.92,991895000.0,0.0,0.0,393173699.48883796,0.0,0.0,0.0,0.0,0.0,0.0,0.0,0.0,160.5,0.0,0.0,0.0,179.24,172,26.35,133
6695,芯鼎,電子工業,-1.83,1152118000.0,0.0,0.0,1049964641.452012,0.0,0.0,0.0,0.0,0.0,0.0,0.0,0.0,50.6,0.0,0.0,0.0,57.11,36,23.99,111
6708,天擎,半導體業,0.24,277169000.0,1154870833.3333335,0.08,245413099.477858,0.21,1044.57,1481.0,154.0,1635.0,32.34,343.35,219.36,40.5,5.42,0.8,8.48,23.06,170,14.87,57
6712,長聖,生技醫療業,4.97,1030998000.0,207444265.59356138,1.95,1102202226.7266512,5.31,35.18,35.85,23.36,59.21,124.04,314.41,186.81,133.0,1.4,0.93,2.36,6.52,56,9.36,134
6715,嘉基,電子工業,1.8,1674401000.0,930222777.7777778,0.92,1801265484.862875,1.94,51.46,252.4,19.54,271.94,37.91,527.56,99.83,481.0,0.21,0.08,1.1,23.08,46,3.64,1
6716,應廣,半導體業,2.18,1094881000.0,502238990.82568806,1.29,1540619522.0543137,3.07,25.94,52.1,11.06,63.16,33.95,193.9,79.65,98.1,0.81,0.35,1.98,7.2,2,17.09,167
6719,力智,半導體業,6.58,4540355000.0,690023556.231003,2.47,4508946133.166387,6.53,80.83,113.97,23.97,137.94,156.52,900.75,527.83,232.0,2.28,0.67,3.88,17.35,8,5.67,125
6720,久昌,半導體業,4.19,445852000.0,106408591.88544151,1.47,316660675.8847901,2.98,29.64,41.66,18.41,60.07,54.86,179.01,88.33,157.5,0.56,0.35,1.14,52.56,64,2.42,22
6721,信實,其他,4.65,3597037000.0,773556344.0860214,2.03,3838923046.809031,4.96,13.34,4.12,11.75,15.87,58.28,78.72,66.17,58.5,1.13,1.0,1.35,14.18,182,2.95,115
6722,輝創,其他電子業,3.39,418495000.0,123449852.50737463,0.0,0.0,0.0,15.24,5.11,13.28,18.39,0.0,0.0,0.0,37.2,0.0,0.0,0.0,0.82,50,0.0,0
6693,廣閎科,半導體業,-0.09,1376725000.0,0.0,0.0,2215053348.62209,0.0,42.37,104.38,16.52,120.9,0.0,0.0,0.0,137.0,0.0,0.0,0.0,26.02,140,43.52,176
6692,進能服,綠能環保類,0.23,1868331000.0,8123178260.869565,0.03,364978083.742189,0.04,40.38,128.76,13.2,141.96,0.53,5.68,1.62,28.9,0.06,0.02,0.2,96.71,63,2.81,1
6667,信紘科,其他電子類,13.77,6088926000.0,442187799.56427014,5.84,7295115945.712269,16.5,21.95,14.2,15.53,29.73,256.24,490.54,362.19,251.5,1.44,1.02,1.95,29.89,157,47.55,101
6668,中揚光,光電業,-1.93,1122085000.0,0.0,0.0,1379563346.0828183,0.0,0.0,0.0,0.0,0.0,0.0,0.0,0.0,37.85,0.0,0.0,0.0,4.7,8,27.43,38
6669,緯穎,電子工業,275.06,889139530000.0,3232529375.409002,143.4,1486671638675.716,459.91,19.84,26.54,12.0,38.54,5518.92,17724.93,9125.69,4910.0,1.86,1.12,3.61,14.26,30,105.22,175
6672,騰輝電子-KY,電子工業,4.85,4224417000.0,871013814.4329897,2.46,5197015321.25513,5.97,17.86,36.39,10.21,46.6,60.95,278.2,106.64,176.5,0.6,0.35,1.58,1.78,2,71.51,112
6674,鋐寶科技,通信網路業,-1.13,627271000.0,0.0,0.0,440855602.1194982,0.0,0.0,0.0,0.0,0.0,0.0,0.0,0.0,16.9,0.0,0.0,0.0,26.38,16,42.35,85
6679,鈺太,半導體業,6.81,1974965000.0,290009544.78707784,3.04,2054131491.5331955,7.08,37.73,34.87,21.84,56.71,154.63,401.51,267.13,314.0,0.85,0.49,1.28,19.38,7,10.39,38
6680,鑫創電子,電腦及週邊設備業,-0.29,552367000.0,0.0,0.0,680890825.5293602,0.0,35.89,59.55,15.2,74.75,0.0,0.0,0.0,53.5,0.0,0.0,0.0,20.96,119,2.93,1
6683,雍智科技,半導體業,15.42,2130984000.0,138196108.94941634,7.75,2789879126.260917,20.19,33.95,152.12,14.22,166.34,287.1,3358.4,685.41,1780.0,0.39,0.16,1.89,52.92,43,42.74,101
6684,安格,半導體業,1.57,315309000.0,200833757.96178344,0.65,296299536.3321055,1.48,36.41,33.0,19.95,52.95,29.53,78.37,53.89,45.45,1.19,0.65,1.72,19.2,58,15.76,154
6691,洋基工程,其他電子業,25.51,21089903000.0,826730811.4464915,15.66,36356170548.14726,43.98,21.65,16.3,14.52,30.82,638.59,1355.46,952.08,613.0,1.55,1.04,2.21,19.89,49,16.41,105
6725,矽科宏晟,其他電子類,12.98,667194000.0,51401694.915254235,0.0,0.0,0.0,19.79,18.41,13.1,31.51,0.0,0.0,0.0,285.5,0.0,0.0,0.0,22.33,42,91.14,98
6843,進典,電機機械,2.21,808039000.0,365628506.7873303,0.87,907915723.686107,2.48,21.25,13.4,14.42,27.82,35.76,68.99,52.71,42.5,1.24,0.84,1.62,0.68,1,13.75,113
6844,諾貝兒,生技醫療業,2.35,3445244000.0,1466061276.5957446,0.97,3393776514.027092,2.31,36.3,27.64,24.35,51.99,56.25,120.1,83.86,66.0,1.27,0.85,1.82,2.03,10,0.0,0
6846,綠茵,食品工業,5.39,903935000.0,167705936.92022264,2.19,849910857.4278573,5.07,14.45,6.72,11.66,18.38,59.12,93.19,73.27,69.9,1.05,0.85,1.33,4.96,137,11.65,27
6982,大井泵浦,電機機械,0.06,1606908000.0,26781800000.0,0.03,1784141122.843231,0.07,143.92,981.88,14.79,996.67,1.04,69.77,10.07,51.5,0.2,0.02,1.35,8.32,10,49.03,94
6996,力領科技,半導體業,12.16,2658119000.0,218595312.5,5.82,3044349643.463335,13.93,13.45,7.04,9.21,16.25,128.3,226.36,187.41,192.0,0.98,0.67,1.18,10.46,32,0.92,1
6997,博弘,數位雲端類,5.11,4391103000.0,859315655.5772994,2.41,5229654109.020159,6.09,21.0,40.96,13.82,54.78,84.16,333.61,127.91,67.3,1.9,1.25,4.96,13.19,172,3.23,41
7402,邑錡,光電業,0.1,534763000.0,5347630000.0,0.03,439309313.3353133,0.08,262.07,1292.47,42.53,1335.0,3.4,106.8,20.97,93.2,0.22,0.04,1.15,0.44,4,101.47,111
6994,富威電力,綠能環保,6.34,3365121000.0,530776182.9652997,5.67,11277727137.997904,21.25,61.87,124.92,8.13,133.05,172.76,2827.31,1314.71,52.0,25.28,3.32,54.37,31.17,51,0.0,0
6971,惠民實業,綠能環保類,2.42,988744000.0,408571900.8264463,0.0,0.0,0.0,15.78,19.62,11.63,31.25,0.0,0.0,0.0,27.45,0.0,0.0,0.0,6.36,14,28.32,114
6952,大武山,其他,-1.2,1663305000.0,0.0,0.0,3529759972.750859,0.0,31.15,27.8,21.29,49.09,0.0,0.0,0.0,36.85,0.0,0.0,0.0,3.86,2,1.12,22
6953,家碩,半導體業,7.98,1234907000.0,154750250.6265664,3.67,1571766914.0913548,10.16,29.95,24.48,17.52,42.0,178.0,426.72,304.31,247.5,1.23,0.72,1.72,25.05,50,51.79,141
6955,邦睿生技-創,創新板股票,4.42,299178000.0,67687330.31674208,2.14,352663411.04864335,5.21,46.45,24.14,36.56,60.7,190.48,316.25,242.01,0.0,0.0,0.0,0.0,9.24,58,34.38,79
6957,裕慶-KY,其他,10.2,3808258000.0,373358627.4509804,5.49,4642070178.718559,12.43,15.45,13.47,10.46,23.93,130.02,297.45,192.09,160.0,1.2,0.81,1.86,0.0,0,23.08,171
6958,日盛台駿,其他,-2.4,10918289000.0,0.0,0.0,9740421621.863518,0.0,27.91,28.82,17.08,45.9,0.0,0.0,0.0,17.0,0.0,0.0,0.0,8.05,22,6.5,62
6961,旅天下,觀光餐旅,4.23,248963000.0,58856501.18203309,0.0,0.0,0.0,14.2,9.06,11.85,20.91,0.0,0.0,0.0,58.5,0.0,0.0,0.0,4.59,32,9.53,126
6962,奕力-KY,半導體業,2.89,19108313000.0,6611873010.380623,1.08,17301139291.810474,2.62,13.82,18.74,8.64,27.38,22.64,71.74,36.2,38.1,0.95,0.59,1.88,15.57,80,4.9,21
6965,中傑-KY,運動休閒,3.52,22451409000.0,6378241193.181818,1.28,17908260059.2019,2.81,14.42,40.16,8.04,48.2,22.59,135.44,40.53,76.1,0.53,0.3,1.78,0.0,0,3.29,62
6967,汎瑋材料,電子零組件業,4.03,1382324000.0,343008436.72456574,1.91,1719050729.8178885,5.01,17.93,11.61,11.82,23.43,59.22,117.38,89.83,71.2,1.26,0.83,1.65,11.23,46,27.26,114
6968,萬達寵物,居家生活類,2.51,3188322000.0,1270247808.7649403,1.18,3662920525.2367916,2.88,26.9,20.59,17.36,37.95,50.0,109.3,77.47,44.0,1.76,1.14,2.48,15.58,38,7.06,57
6958A,日盛台駿甲特,其他,0.0,0.0,0.0,0.0,0.0,0.0,0.0,0.0,0.0,0.0,0.0,0.0,0.0,18.6,0.0,0.0,0.0,0.0,0,0.0,0
7547,碩網,數位雲端類,2.61,225145000.0,86262452.1072797,0.0,0.0,0.0,31.69,42.51,20.04,62.55,0.0,0.0,0.0,67.7,0.0,0.0,0.0,109.97,149,118.75,79
7709,榮田,電機機械,2.51,982361000.0,391378884.4621514,1.35,1187466938.6662936,3.03,15.95,38.21,7.38,45.59,22.36,138.14,48.34,89.0,0.54,0.25,1.55,0.0,0,0.82,23
7711,永擎,電子工業,13.04,8581110000.0,658060582.822086,0.0,0.0,0.0,24.3,24.77,17.28,42.05,0.0,0.0,0.0,350.0,0.0,0.0,0.0,23.01,80,66.67,135
7712,博盛半導體,半導體業,5.42,1326237000.0,244693173.43173432,2.33,1345928869.1019351,5.5,22.39,28.03,12.04,40.07,66.22,220.38,123.16,167.5,0.74,0.4,1.32,121.5,52,19.85,111
7713,威力德生醫,生技醫療業,4.64,1092554000.0,235464224.13793105,2.08,1314101934.6529603,5.58,16.69,7.77,13.45,21.22,75.05,118.41,93.12,67.5,1.38,1.11,1.75,0.81,7,40.14,114
7714,創泓科技,數位雲端類,6.33,1817600000.0,287140600.31595576,2.75,1807231171.6566362,6.29,21.91,16.26,14.81,31.07,93.15,195.43,137.81,123.5,1.12,0.75,1.58,1.31,52,37.2,114
7715,裕山,綠能環保類,3.11,1363429000.0,438401607.7170418,0.86,699731235.0338352,1.6,8.44,5.8,6.43,12.23,10.29,19.57,13.51,29.35,0.46,0.35,0.67,6.23,23,0.45,6
7716,昱臺國際,航運業,2.23,614609000.0,275609417.0403587,0.0,0.0,0.0,10.16,10.67,8.63,19.3,0.0,0.0,0.0,24.7,0.0,0.0,0.0,9.71,16,17.77,37
7717,萊德光電-KY,通信網路業,6.12,168424000.0,27520261.437908497,0.0,0.0,0.0,166.98,374.68,25.77,400.45,0.0,0.0,0.0,674.0,0.0,0.0,0.0,550.7,144,550.7,144
7708,全家餐飲,觀光餐旅,6.46,2693523000.0,416954024.7678019,2.88,3041970221.9367037,7.3,16.51,5.08,13.47,18.55,98.33,135.42,120.52,92.0,1.31,1.07,1.47,12.39,175,9.38,176
7718,友鋮,鋼鐵工業,3.77,2206219000.0,585203978.7798408,1.78,2943249477.6758175,5.03,12.2,8.33,7.76,16.09,39.03,80.93,61.39,49.65,1.24,0.79,1.63,20.28,128,2.91,1
7721,微程式,數位雲端,0.57,292165000.0,512570175.43859655,0.0,0.0,0.0,67.32,155.28,21.45,176.73,0.0,0.0,0.0,71.4,0.0,0.0,0.0,24.52,183,41.57,43
7722,LINEPAY,數位雲端,7.46,7771476000.0,1041752815.0134048,3.33,8927193795.821226,8.57,64.63,54.78,35.25,90.03,302.09,771.56,553.91,253.5,2.19,1.19,3.04,18.94,172,22.51,38
7723,築間,觀光餐旅,-6.59,4033872000.0,0.0,0.0,5998234373.991804,0.0,56.61,97.22,13.57,110.79,0.0,0.0,0.0,24.9,0.0,0.0,0.0,2.46,30,2.53,17
7728,光焱科技,其他電子類,4.95,338524000.0,68388686.86868687,2.51,401900286.6681874,5.88,99.17,251.6,24.4,276.0,143.47,1622.88,583.15,695.0,0.84,0.21,2.34,14.29,155,47.99,136
7705,三商餐飲,觀光餐旅,1.93,6491220000.0,3363326424.870466,0.8,6861160332.062853,2.04,22.67,19.26,13.61,32.87,27.76,67.05,46.25,31.0,1.49,0.9,2.16,15.18,161,0.0,0
7556,意德士,半導體業,7.21,736765000.0,102186546.4632455,3.43,831223388.6366489,8.13,26.87,24.48,20.45,44.93,166.26,365.28,218.42,249.0,0.88,0.67,1.47,6.67,46,4.35,100
7584,樂意,文化創意業,-1.98,981776000.0,0.0,0.0,767684280.1917692,0.0,22.27,31.9,13.73,45.63,0.0,0.0,0.0,27.0,0.0,0.0,0.0,53.89,56,3.25,2
7610,聯友金屬-創,創新板股票,5.33,804389000.0,150917260.7879925,0.0,0.0,0.0,175.06,433.27,53.87,487.14,0.0,0.0,0.0,1120.0,0.0,0.0,0.0,8.14,51,123.78,98
7631,聚賢研發-創,其他電子業,6.56,851604000.0,129817682.92682928,6.12,2373377154.915058,18.28,24.14,19.53,12.69,32.22,231.97,588.98,441.33,122.0,3.62,1.9,4.83,5.02,44,54.59,90
7642,昶瑞機電,電機機械,3.35,619877000.0,185037910.44776118,1.25,833399759.8420848,4.5,20.44,19.72,12.05,31.77,54.22,142.96,91.99,67.2,1.37,0.81,2.13,6.0,25,44.94,84
7703,銳澤,其他電子類,8.72,2572226000.0,294980045.8715596,3.47,2793302655.435911,9.47,23.21,19.07,14.3,33.37,135.42,316.01,219.77,203.0,1.08,0.67,1.56,0.55,163,114.07,104
7704,明遠精密,半導體業,2.07,657463000.0,317614975.84541065,0.92,729440581.7900766,2.3,25.03,16.51,15.62,32.13,35.93,73.9,57.56,61.5,0.94,0.58,1.2,20.75,58,0.0,0
6875,國邑*,生技醫療業,-2.98,69673000.0,0.0,0.0,60003643.19673987,0.0,364.29,313.94,232.73,546.67,0.0,0.0,0.0,37.55,0.0,0.0,0.0,0.0,0,23.2,161
6877,鏵友益,其他電子類,0.61,505472000.0,828642622.9508197,0.12,246101835.84411642,0.3,237.81,790.71,55.12,845.83,16.54,253.75,71.34,146.5,0.49,0.11,1.73,139.57,91,32.47,84
6881,潤德,其他,19.42,2443619000.0,125830020.59732233,8.54,2708744657.5815773,21.53,15.41,7.37,11.92,19.29,256.64,415.31,331.68,269.5,1.23,0.95,1.54,6.64,1,0.0,0
6884,海柏特,資訊服務業,2.06,238706000.0,115876699.02912621,0.0,0.0,0.0,17.97,6.44,16.39,22.83,0.0,0.0,0.0,33.1,0.0,0.0,0.0,0.0,0,0.0,0
6885,全福生技,化學生技醫療,-3.32,4460000.0,0.0,0.0,124239041.91616768,0.0,0.0,0.0,0.0,0.0,0.0,0.0,0.0,22.2,0.0,0.0,0.0,59.51,58,81.03,34
6874,倍力,資訊服務業,3.16,1341672000.0,424579746.835443,2.69,2331958481.1158147,5.49,22.09,14.45,15.65,30.1,85.92,165.25,121.29,79.7,1.52,1.08,2.07,13.43,49,13.23,52
6887,寶綠特-KY,綠能環保,4.64,4751693000.0,1024071767.2413794,1.98,3686364146.5851035,3.6,10.49,9.28,6.12,15.4,22.03,55.44,37.77,34.95,1.08,0.63,1.59,11.87,42,0.0,0
6890,來億-KY,運動休閒,13.01,39806004000.0,3059646733.2820907,4.77,32561524391.16142,10.64,35.22,78.58,11.56,90.14,123.0,959.09,374.75,165.5,2.26,0.74,5.8,123.64,175,12.88,27
6894,衛司特,綠能環保類,10.99,1360634000.0,123806551.41037306,6.77,2125941287.305031,17.17,23.57,19.2,16.24,35.44,278.84,608.5,404.77,339.5,1.19,0.82,1.79,4.49,7,35.12,167
6895,宏碩系統,半導體業,3.61,819077000.0,226891135.73407203,1.0,810839151.4809505,3.57,73.28,96.85,37.96,134.81,135.52,481.27,261.62,151.5,1.73,0.89,3.18,196.79,58,169.17,111
6899,創為精密,光電業,3.59,1175122000.0,327332033.4261839,1.41,1151842737.225781,3.52,15.68,6.26,12.71,18.97,44.74,66.77,55.2,59.4,0.93,0.75,1.12,1.74,52,10.44,170
6901,鑽石投資,其他,-1.38,-1063116000.0,0.0,0.0,0.0,0.0,0.0,0.0,0.0,0.0,0.0,0.0,0.0,13.45,0.0,0.0,0.0,12.59,59,7.83,23
6872,浩宇生醫,生技醫療業,-2.14,11027000.0,0.0,0.0,81394552.91970803,0.0,0.0,0.0,0.0,0.0,0.0,0.0,0.0,18.15,0.0,0.0,0.0,4.02,42,0.0,0
6870,騰雲,數位雲端類,7.11,780362000.0,109755555.55555555,3.54,1118596698.5459871,10.19,43.73,51.96,24.36,76.32,248.23,777.7,445.62,204.0,2.18,1.22,3.81,62.54,184,39.44,122
6855,數泓科,其他電子類,7.86,616484000.0,78433078.88040712,3.07,570417756.3000342,7.27,16.67,10.22,12.83,23.05,93.27,167.57,121.21,101.0,1.2,0.92,1.66,27.51,140,5.32,21
6856,鑫傳,文化創意業,2.62,774482000.0,295603816.7938931,1.03,758005035.6186206,2.56,18.06,12.53,13.35,25.88,34.18,66.25,46.24,51.2,0.9,0.67,1.29,9.59,121,6.02,14
6859,伯特光,光電業,2.87,926738000.0,322905226.4808362,0.92,586822901.2549249,1.82,89.97,310.16,30.47,340.63,55.46,619.95,163.74,117.5,1.39,0.47,5.28,59.92,179,0.6,1
6861,睿生光電,化學生技醫療,3.84,2281307000.0,594090364.5833334,2.14,3119477582.1483936,5.25,23.68,100.32,10.91,111.23,57.28,583.96,124.3,407.0,0.31,0.14,1.43,14.25,37,27.37,135
6862,三集瑞-KY,電子工業,8.28,2269658000.0,274113285.0241546,2.81,1664624297.2869399,6.07,18.11,18.37,10.67,29.04,64.77,176.27,109.91,166.0,0.66,0.39,1.06,0.0,0,46.53,161
6863,永道-KY,通信網路業,3.0,4049237000.0,1349745666.6666667,1.58,4205621689.5042043,3.12,24.54,95.76,12.96,108.72,40.44,339.21,76.56,109.5,0.7,0.37,3.1,37.19,140,1.43,2
6903,巨漢,其他電子類,10.62,3177380000.0,299188323.9171375,10.99,12531115007.429457,41.88,19.6,35.06,9.44,44.5,395.35,1863.66,820.77,370.5,2.22,1.07,5.03,0.0,0,43.93,182
6593,台灣銘板,資訊服務業,-2.06,428382000.0,0.0,0.0,388133665.4668332,0.0,87.08,117.8,46.3,164.1,0.0,0.0,0.0,35.05,0.0,0.0,0.0,1.81,11,86.57,38
6904,伯鑫,其他,5.44,880215000.0,161804227.94117644,2.16,794010769.7549093,4.91,16.3,11.84,11.32,23.16,55.58,113.72,80.05,113.5,0.71,0.49,1.0,1.65,8,0.74,3
6907,雅特力-KY,半導體業,2.09,139884000.0,66930143.54066986,0.0,0.0,0.0,50.72,59.41,19.68,79.09,0.0,0.0,0.0,109.5,0.0,0.0,0.0,235.71,50,235.71,50
6925,意藍,數位雲端類,3.09,159228000.0,51530097.08737864,1.65,448884970.16016483,8.71,40.27,44.16,20.56,64.72,179.08,563.71,350.72,58.6,5.98,3.06,9.62,6.76,51,187.4,34
6928,攸泰科技,電子工業,-0.73,1987148000.0,0.0,0.0,1731788209.0069208,0.0,27.44,19.04,17.99,37.03,0.0,0.0,0.0,45.85,0.0,0.0,0.0,8.41,42,56.73,106
6929,佑全,生技醫療業,-1.63,3229077000.0,0.0,0.0,3204235965.1362567,0.0,359.03,321.19,196.67,517.86,0.0,0.0,0.0,23.2,0.0,0.0,0.0,0.28,15,3.94,14
6931,青松健康,化學生技醫療,1.39,1108355000.0,797377697.8417267,0.64,1289083371.4309704,1.62,72.55,84.14,21.01,105.15,34.04,170.34,117.52,40.55,2.9,0.84,4.2,4.85,57,10.56,174
6933,AMAX-KY,電子工業,5.05,6971809000.0,1380556237.6237624,2.31,7224264827.181242,5.23,46.17,75.96,22.05,98.01,115.32,512.59,241.46,155.5,1.55,0.74,3.3,12.33,9,64.55,79
6934,心誠鎂,生技醫療業,-3.92,70823000.0,0.0,0.0,0.0,0.0,0.0,0.0,0.0,0.0,0.0,0.0,0.0,75.0,0.0,0.0,0.0,26.72,146,26.29,101
6936,永鴻生技,化學生技醫療,1.83,1174176000.0,641626229.5081967,0.97,2257351096.52206,3.52,19.72,7.25,16.61,23.86,58.47,83.99,69.42,33.4,2.08,1.75,2.51,4.87,172,6.33,156
6937,天虹,半導體業,3.01,2637017000.0,876085382.0598007,1.28,2166405741.679957,2.47,53.67,85.09,26.87,111.96,66.37,276.54,132.56,279.5,0.47,0.24,0.99,93.26,175,52.62,149
6944,兆聯實業,綠能環保,32.15,13084153000.0,406972099.533437,20.24,45398108213.41766,111.55,24.26,14.12,17.77,31.89,1982.24,3557.33,2705.93,886.0,3.05,2.24,4.02,29.5,64,60.41,170
6923,中台,綠能環保,3.03,1166339000.0,384930363.03630364,1.38,1236812051.1717892,3.21,25.3,23.4,14.31,37.71,45.94,121.05,81.22,77.6,1.05,0.59,1.56,8.7,38,64.47,142
6908,宏碁遊戲-創,創新板股票,1.44,0.0,0.0,0.0,0.0,0.0,26.3,11.47,21.93,33.4,0.0,0.0,0.0,38.1,0.0,0.0,0.0,3.31,14,31.43,154
6909,創控,半導體業,1.02,369381000.0,362138235.2941176,0.67,1149430053.128464,3.17,41.2,44.94,24.64,69.58,78.11,220.57,130.61,50.7,2.58,1.54,4.35,18.66,52,15.73,22
6910,德鴻,數位雲端類,2.0,65267000.0,32633500.0,0.0,0.0,0.0,15.07,3.76,13.16,16.92,0.0,0.0,0.0,26.9,0.0,0.0,0.0,5.92,58,95.61,107
6913,鴻呈,電子零組件業,4.4,2590078000.0,588654090.9090909,2.16,3187097490.392417,5.41,30.99,42.3,19.58,61.88,105.93,334.77,167.66,129.5,1.29,0.82,2.59,45.16,30,37.44,108
6914,阜爾運通,其他,9.61,5625004000.0,585328199.7918835,4.18,6140063161.359576,10.49,17.73,7.06,14.51,21.57,152.21,226.27,186.02,143.0,1.3,1.06,1.58,0.0,0,11.51,174
6916,華凌,光電業,-1.43,2011922000.0,0.0,0.0,2065432049.814166,0.0,72.64,171.1,26.71,197.81,0.0,0.0,0.0,16.85,0.0,0.0,0.0,12.16,24,2.11,1
6918,愛派司,化學生技醫療,5.17,630947000.0,122040038.68471953,3.08,1703781932.5865273,13.96,18.09,12.73,14.49,27.22,202.28,379.99,252.55,74.5,3.39,2.72,5.1,41.51,170,35.41,21
6919,康霈*,化學生技醫療,-0.23,38037000.0,0.0,0.0,11113332.459875533,0.0,0.0,0.0,0.0,0.0,0.0,0.0,0.0,101.0,0.0,0.0,0.0,95.02,42,69.78,42
6921,嘉雨思-創,創新板股票,0.34,25431000.0,74797058.8235294,0.0,0.0,0.0,146.84,255.61,50.27,305.88,0.0,0.0,0.0,75.9,0.0,0.0,0.0,65.08,119,65.08,119
6922,宸曜,電腦及週邊設備業,7.05,1695512000.0,240498156.0283688,3.23,1888386455.488265,7.85,26.75,23.6,17.5,41.1,137.38,322.64,210.0,183.0,1.15,0.75,1.76,61.39,49,9.71,113
6906,現觀科,數位雲端,1.87,354906000.0,189789304.8128342,0.74,340178192.9738361,1.79,39.88,28.37,26.94,55.31,48.22,99.0,71.38,69.8,1.02,0.69,1.42,33.78,155,4.76,13
4927,泰鼎-KY,電子零組件業,-8.63,11707243000.0,0.0,0.0,10438128524.265503,0.0,0.0,0.0,0.0,0.0,0.0,0.0,0.0,47.7,0.0,0.0,0.0,44.38,102,36.44,91
1781,合世,生技醫療業,-1.3,405453000.0,0.0,0.0,337016220.0974174,0.0,38.46,23.44,23.53,46.97,0.0,0.0,0.0,10.5,0.0,0.0,0.0,35.87,49,3.33,14
1783,和康生,化學生技醫療,2.97,788475000.0,265479797.97979796,1.3,907205220.6340896,3.42,21.38,17.61,12.68,30.29,43.37,103.59,73.11,38.95,1.88,1.11,2.66,15.07,43,10.75,135
1784,訊聯,生技醫療業,1.02,1218200000.0,1194313725.490196,0.48,1349401264.181772,1.13,69.21,65.71,37.82,103.53,42.74,116.99,78.21,70.8,1.1,0.6,1.65,125.24,59,44.94,167
1785,光洋科,其他電子類,3.14,38281563000.0,12191580573.248407,2.0,62498172818.71607,5.13,27.13,44.36,14.56,58.92,74.69,302.26,139.15,138.0,1.01,0.54,2.19,69.21,46,15.32,125
1786,科妍,化學生技醫療,2.24,885510000.0,395316964.28571427,0.92,890851172.9877534,2.25,34.8,23.78,24.9,48.68,56.02,109.53,78.31,59.3,1.32,0.94,1.85,35.82,92,29.2,65
1788,杏昌,生技醫療業,8.27,4249659000.0,513864449.8186216,3.71,4566937662.598481,8.89,17.33,2.94,15.54,18.48,138.15,164.29,154.06,135.5,1.14,1.02,1.21,2.45,24,1.76,24
1789,神隆,化學生技醫療,0.17,3270288000.0,19236988235.294117,0.07,3042250106.3653865,0.16,66.59,103.78,38.72,142.5,6.2,22.8,10.65,19.1,0.56,0.32,1.19,0.34,42,8.04,136
1777,生泰,生技醫療業,5.86,1311930000.0,223878839.59044367,2.05,1160205413.253909,5.18,12.4,8.36,8.8,17.16,45.58,88.89,64.24,71.3,0.9,0.64,1.25,18.64,52,1.23,6
1795,美時,化學生技醫療,18.13,19522511000.0,1076807004.9641478,13.16,31561099492.23629,29.31,14.98,12.01,9.22,21.23,270.24,622.25,439.11,192.5,2.28,1.4,3.23,8.75,42,35.62,154
1796,金穎生技,食品工業,0.71,670666000.0,944600000.0,0.28,636645203.9726559,0.67,71.82,105.59,24.15,129.74,16.18,86.93,48.12,36.0,1.34,0.45,2.41,0.45,43,35.71,106
1799,易威,生技醫療業,-0.59,598330000.0,0.0,0.0,955339129.147931,0.0,0.0,0.0,0.0,0.0,0.0,0.0,0.0,34.45,0.0,0.0,0.0,165.35,95,1.69,1
1802,台玻,玻璃陶瓷,-0.2,41862489000.0,0.0,0.0,43294543674.1964,0.0,111.46,444.62,70.0,514.62,0.0,0.0,0.0,63.9,0.0,0.0,0.0,17.39,28,162.46,90
1805,寶徠,建材營造,0.23,297871000.0,1295091304.347826,0.22,292022272.282627,0.23,35.78,121.99,4.34,126.33,1.0,29.06,8.23,10.25,0.8,0.1,2.84,18.83,91,0.68,1
1806,冠軍,玻璃陶瓷,0.29,3360491000.0,11587900000.0,0.1,2599413804.6401067,0.22,46.05,101.44,26.29,127.73,5.78,28.1,10.13,8.04,1.26,0.72,3.5,25.45,70,5.78,38
1808,潤隆,建材營造,1.36,2508837000.0,1844733088.235294,6.34,222898334536.16968,120.83,10.74,19.27,2.65,21.92,320.2,2648.59,1297.97,29.2,44.45,10.97,90.71,27.01,122,29.59,167
1809,中釉,玻璃陶瓷,0.19,2509135000.0,13205973684.210526,0.08,2459729444.1385493,0.19,127.99,286.41,39.7,326.11,7.54,61.96,24.32,38.45,0.63,0.2,1.61,26.78,3,33.84,90
1810,和成,玻璃陶瓷,0.05,4622865000.0,92457300000.0,0.02,4238687365.6833005,0.05,209.88,510.13,4.87,515.0,0.24,25.75,10.49,18.4,0.57,0.01,1.4,8.68,3,44.05,106
1813,寶利徠,生技醫療業,-1.03,299357000.0,0.0,0.0,288052079.0906636,0.0,129.92,186.76,34.91,221.67,0.0,0.0,0.0,12.15,0.0,0.0,0.0,4.62,51,3.92,22
1815,富喬,電子零組件業,1.64,5946334000.0,3625813414.6341467,0.86,7940005918.571946,2.19,108.48,217.05,51.03,268.08,111.76,587.1,237.58,99.5,2.39,1.12,5.9,49.23,18,214.48,177
1817,凱撒衛,玻璃陶瓷,3.61,2685268000.0,743841551.2465374,1.43,2503610040.1565943,3.37,10.15,2.28,9.22,11.5,31.07,38.76,34.22,39.5,0.87,0.79,0.98,8.83,184,1.02,15
1776,展宇,化學生技醫療,0.27,1096645000.0,4061648148.148148,0.12,1003739611.885011,0.25,39.46,72.84,19.1,91.94,4.78,22.98,9.87,17.9,0.55,0.27,1.28,43.24,126,0.28,3
1773,勝一,化學生技醫療,7.12,11492653000.0,1614136657.3033707,3.22,12954234865.401543,8.03,22.02,11.92,15.6,27.52,125.27,220.99,176.78,163.5,1.08,0.77,1.35,9.91,122,6.92,104
1726,永記,化學生技醫療,5.5,9902046000.0,1800372000.0,2.48,10182414423.695318,5.66,14.26,2.84,12.85,15.69,72.73,88.81,80.71,76.8,1.05,0.95,1.16,0.0,0,3.94,42
1727,中華化,化學工業,0.04,1937304000.0,48432600000.0,0.02,2247924981.989037,0.05,298.88,2041.47,38.53,2080.0,1.93,104.0,14.94,84.6,0.18,0.02,1.23,45.61,156,70.08,100
1730,花仙子,化學工業,4.5,2407003000.0,534889555.5555556,1.92,2418710811.7303534,4.52,13.48,5.77,11.36,17.13,51.35,77.43,60.95,52.9,1.15,0.97,1.46,0.89,71,0.17,1
1731,美吾華,化學生技醫療,1.36,1565385000.0,1151018382.352941,0.64,1697883526.2283409,1.48,17.4,4.75,15.36,20.11,22.73,29.76,25.75,21.65,1.19,1.05,1.37,4.15,37,1.53,29
1732,毛寶,化學工業,0.7,678784000.0,969691428.5714287,0.3,715181848.6988156,0.74,286.24,1543.44,29.06,1572.5,21.5,1163.65,211.82,26.7,7.93,0.81,43.58,8.08,37,16.82,13
1733,五鼎,化學生技醫療,1.63,1972447000.0,1210090184.04908,0.67,1751229362.4329417,1.45,23.3,17.43,15.6,33.03,22.62,47.89,33.78,29.85,1.13,0.76,1.6,4.35,50,19.43,154
1734,杏輝,化學生技醫療,1.97,3339984000.0,1695423350.253807,0.85,3516147336.1861386,2.07,17.1,5.71,14.14,19.85,29.27,41.09,35.4,30.65,1.15,0.95,1.34,4.85,42,0.15,1
1735,日勝化,化學工業,0.78,2318838000.0,2972869230.769231,0.36,2359120380.7650976,0.79,25.95,31.99,14.23,46.22,11.24,36.51,20.5,24.9,0.82,0.45,1.47,59.49,107,10.67,7
1737,臺鹽,食品工業,2.0,3285077000.0,1642538500.0,0.82,3281652470.8792996,2.0,19.17,7.51,15.7,23.21,31.4,46.42,38.35,31.5,1.22,1.0,1.47,3.78,121,1.83,91
1742,台蠟,化學工業,-1.08,115292000.0,0.0,0.0,59816876.8251354,0.0,28.06,46.51,11.23,57.74,0.0,0.0,0.0,15.2,0.0,0.0,0.0,5.93,134,2.75,8
1752,南光,化學生技醫療,2.41,2183273000.0,905922406.6390041,1.0,2062774922.5235891,2.28,22.75,29.71,12.7,42.41,28.96,96.69,51.86,32.7,1.59,0.89,2.96,9.92,1,7.67,111
1760,寶齡富錦,化學生技醫療,2.22,2040077000.0,918953603.6036035,0.92,2226096108.527443,2.42,54.56,65.07,24.5,89.57,59.29,216.76,132.03,61.0,2.16,0.97,3.55,5.42,37,13.28,13
1762,中化生,化學生技醫療,-4.4,852565000.0,0.0,0.0,1257465087.0544393,0.0,47.35,89.35,26.03,115.38,0.0,0.0,0.0,38.75,0.0,0.0,0.0,12.21,53,3.09,78
1903,士紙,造紙工業,1.28,153500000.0,119921875.0,0.55,154004036.11985224,1.28,113.33,122.9,36.86,159.76,47.18,204.49,145.06,47.65,3.04,0.99,4.29,0.0,0,19.21,3
1904,正隆,造紙工業,0.74,43601661000.0,58921163513.51351,0.31,43788339883.40162,0.74,45.56,88.25,15.08,103.33,11.16,76.46,33.72,18.4,1.83,0.61,4.16,0.52,11,3.01,66
1905,華紙,造紙工業,-0.56,18948619000.0,0.0,0.0,17341559421.940006,0.0,212.08,36.25,195.0,231.25,0.0,0.0,0.0,11.8,0.0,0.0,0.0,0.0,0,1.81,1
1906,寶隆,造紙工業,0.01,2994442000.0,299444200000.0,0.0,3151908931.4373164,0.01,239.14,1371.47,18.53,1390.0,0.19,13.9,2.39,10.4,0.23,0.02,1.34,0.0,0,5.0,133
2049,上銀,電機機械,4.3,24106189000.0,5606090465.11628,1.98,26821629510.38749,4.78,46.8,53.37,32.14,85.51,153.63,408.74,223.72,359.5,0.62,0.43,1.14,7.42,171,1.09,1
2059,川湖,電子工業,103.23,16900584000.0,163717756.46614355,59.67,25298585513.82851,154.53,33.91,44.7,18.66,63.36,2883.53,9791.02,5239.95,4500.0,1.16,0.64,2.18,15.26,175,114.43,170
2061,風青,電器電纜,-0.97,1210025000.0,0.0,0.0,1261384723.7091212,0.0,64.43,17.92,53.19,71.11,0.0,0.0,0.0,22.3,0.0,0.0,0.0,27.06,73,13.13,133
2063,世鎧,鋼鐵工業,1.72,994859000.0,578406395.3488373,0.69,891366316.1458298,1.54,15.41,11.59,9.45,21.04,14.55,32.4,23.73,25.1,0.95,0.58,1.29,1.66,14,3.56,29
2064,晉椿,鋼鐵工業,-1.3,1601553000.0,0.0,0.0,1790601790.5187123,0.0,0.0,0.0,0.0,0.0,0.0,0.0,0.0,13.1,0.0,0.0,0.0,10.33,130,0.0,0
2065,世豐,鋼鐵工業,1.14,2055565000.0,1803127192.9824562,0.53,2053877361.7476883,1.14,21.39,36.3,10.34,46.64,11.79,53.17,24.38,33.75,0.72,0.35,1.58,1.4,14,0.0,0
2066,世德,電機機械,1.34,2575247000.0,1921826119.4029849,0.59,2623146834.930712,1.36,21.58,37.99,10.57,48.56,14.38,66.04,29.34,54.8,0.54,0.26,1.21,12.12,23,6.67,3
2067,嘉鋼,電機機械,-2.8,1025197000.0,0.0,0.0,943397328.7111742,0.0,0.0,0.0,0.0,0.0,0.0,0.0,0.0,6.85,0.0,0.0,0.0,12.03,50,71.26,154
2069,運錩,鋼鐵工業,1.62,10193120000.0,6292049382.716049,0.65,8864560815.845821,1.41,25.51,120.98,6.21,127.19,8.76,179.34,35.98,19.35,1.86,0.45,9.27,20.06,130,0.0,0
2070,精湛,電機機械,2.3,654366000.0,284506956.5217391,1.13,866842578.4763368,3.05,20.42,24.79,12.17,36.96,37.12,112.73,62.28,63.0,0.99,0.59,1.79,234.78,126,7.51,136
2072,世紀風電,綠能環保,14.43,0.0,0.0,0.0,0.0,0.0,14.65,2.98,12.93,15.91,0.0,0.0,0.0,169.0,0.0,0.0,0.0,16.93,28,29.26,41
2073,雄順,鋼鐵工業,-0.39,567661000.0,0.0,0.0,509886516.6989305,0.0,81.97,185.01,37.68,222.69,0.0,0.0,0.0,25.9,0.0,0.0,0.0,1.63,15,0.0,0
2101,南港,橡膠工業,1.01,8402501000.0,8319307920.792079,0.98,19282489324.833332,2.32,55.54,272.01,8.42,280.43,19.53,650.6,128.86,30.75,4.19,0.64,21.16,11.21,15,6.47,118
2102,泰豐,橡膠工業,6.29,262413000.0,41719077.901430845,1.81,176389169.06886905,4.23,3.03,0.48,2.74,3.22,11.59,13.62,12.81,17.75,0.72,0.65,0.77,18.58,84,7.84,35
2103,台橡,橡膠工業,0.54,36853803000.0,68247783333.33333,0.25,37286471540.85404,0.55,38.91,159.75,13.58,173.33,7.47,95.33,21.4,20.35,1.05,0.37,4.68,2.22,141,0.0,0
2104,國際中橡,橡膠工業,-4.27,15544371000.0,0.0,0.0,13022911050.920889,0.0,0.0,0.0,0.0,0.0,0.0,0.0,0.0,9.92,0.0,0.0,0.0,0.0,0,8.66,85
2105,正新,橡膠工業,1.5,91262756000.0,60841837333.333336,0.64,92555445663.99994,1.52,19.87,8.76,16.88,25.64,25.66,38.97,30.21,32.05,0.94,0.8,1.22,15.73,14,4.99,1
2106,建大,橡膠工業,0.13,33973366000.0,261333584615.3846,0.06,34320870770.130745,0.13,42.87,128.05,15.8,143.85,2.05,18.7,5.57,16.7,0.33,0.12,1.12,1.59,2,1.25,1
2107,厚生,橡膠工業,1.67,1476855000.0,884344311.3772455,0.63,1263873439.8026836,1.43,14.23,5.94,12.08,18.02,17.27,25.77,20.35,25.2,0.81,0.69,1.02,4.82,73,1.33,7
2108,南帝,橡膠工業,0.84,9722020000.0,11573833333.333334,0.41,11049067549.625763,0.95,27.98,18.02,18.43,36.45,17.51,34.63,26.58,27.55,0.96,0.64,1.26,33.97,49,0.55,1
2109,華豐,橡膠工業,1.16,4571076000.0,3940582758.62069,0.47,4211179151.721073,1.07,11.62,3.74,10.06,13.8,10.76,14.77,12.43,13.9,0.89,0.77,1.06,7.07,11,0.57,1
2114,鑫永銓,橡膠工業,5.78,1583164000.0,273903806.2283737,2.48,1722246455.7124665,6.29,16.88,3.9,15.1,19.0,94.98,119.51,106.2,89.2,1.19,1.06,1.34,2.76,8,1.83,21
2038,海光,鋼鐵工業,-0.56,9134021000.0,0.0,0.0,7252802685.518191,0.0,142.51,363.21,43.79,407.0,0.0,0.0,0.0,13.35,0.0,0.0,0.0,1.36,1,0.0,0
2035,唐榮,鋼鐵工業,-4.71,9598781000.0,0.0,0.0,9430230690.924568,0.0,0.0,0.0,0.0,0.0,0.0,0.0,0.0,28.05,0.0,0.0,0.0,0.15,1,1.27,2
2033,佳大,鋼鐵工業,0.35,690733000.0,1973522857.1428573,0.15,724931469.101172,0.37,95.8,166.71,43.29,210.0,16.02,77.7,35.45,15.15,2.34,1.06,5.13,59.82,178,21.67,133
1907,永豐餘,造紙工業,1.19,74277975000.0,62418466386.55463,0.5,73745090999.43498,1.18,27.7,20.79,17.29,38.08,20.4,44.93,32.69,24.2,1.35,0.84,1.86,8.66,134,1.46,1
1909,榮成,造紙工業,-0.39,45295774000.0,0.0,0.0,45871556772.29526,0.0,226.92,32.5,215.0,247.5,0.0,0.0,0.0,8.95,0.0,0.0,0.0,0.0,0,10.37,66
2002,中鋼,鋼鐵工業,-0.28,321244068000.0,0.0,0.0,304518916127.03754,0.0,130.28,146.88,69.62,216.5,0.0,0.0,0.0,18.1,0.0,0.0,0.0,0.0,0,0.0,0
2002A,中鋼特,鋼鐵工業,0.0,0.0,0.0,0.0,0.0,0.0,0.0,0.0,0.0,0.0,0.0,0.0,0.0,38.75,0.0,0.0,0.0,1.38,60,0.5,48
2006,東和鋼鐵,鋼鐵工業,6.47,58516403000.0,9044266306.02782,2.66,54856655634.31096,6.07,10.98,3.17,9.72,12.89,59.0,78.24,66.65,65.3,1.02,0.9,1.2,16.17,140,0.6,1
2007,燁興,鋼鐵工業,-2.25,5443582000.0,0.0,0.0,3736605560.6383014,0.0,0.0,0.0,0.0,0.0,0.0,0.0,0.0,6.93,0.0,0.0,0.0,0.0,0,6.4,91
2008,高興昌,鋼鐵工業,0.69,1838397000.0,2664343478.26087,0.23,1444183939.415538,0.54,63.43,94.88,12.62,107.5,6.81,58.05,34.25,27.9,1.23,0.24,2.08,58.43,102,12.55,184
2009,第一銅,鋼鐵工業,0.33,2899358000.0,8785933333.333332,0.15,3472234305.4741254,0.4,95.08,133.7,40.41,174.11,16.16,69.64,38.03,38.0,1.0,0.43,1.83,10.74,2,34.74,142
2010,春源,鋼鐵工業,2.31,24455890000.0,10586965367.965368,0.99,26027649925.58086,2.46,11.23,7.05,8.81,15.86,21.67,39.02,27.64,22.2,1.25,0.98,1.76,0.0,0,11.06,90
2012,春雨,鋼鐵工業,0.2,8494670000.0,42473350000.0,0.07,7335367064.780973,0.17,33.24,66.74,17.01,83.75,2.89,14.24,5.65,14.35,0.39,0.2,0.99,11.27,98,1.91,1
2013,中鋼構,鋼鐵工業,3.19,21092061000.0,6611931347.962382,1.26,19080172923.848816,2.89,16.52,8.57,12.94,21.51,37.4,62.16,47.75,41.95,1.14,0.89,1.48,0.0,0,0.68,44
2014,中鴻,鋼鐵工業,-1.29,19913319000.0,0.0,0.0,15302784192.436668,0.0,0.0,0.0,0.0,0.0,0.0,0.0,0.0,17.0,0.0,0.0,0.0,0.0,0,0.3,90
2015,豐興,鋼鐵工業,3.88,29857638000.0,7695267525.773196,1.47,25133790458.577095,3.27,16.9,7.04,12.98,20.02,42.44,65.47,55.25,61.8,0.89,0.69,1.06,20.5,154,11.2,43
2017,官田鋼,鋼鐵工業,-0.55,2762431000.0,0.0,0.0,2592773456.5760674,0.0,57.99,97.99,29.93,127.92,0.0,0.0,0.0,8.52,0.0,0.0,0.0,0.0,0,4.95,91
2020,美亞,鋼鐵工業,2.13,4732647000.0,2221900000.0,0.81,4593039870.536776,2.07,9.1,8.43,4.64,13.07,9.6,27.05,18.83,21.35,0.88,0.45,1.27,0.49,8,2.26,6
2022,聚亨,鋼鐵工業,-0.02,9138401000.0,0.0,0.0,13960254010.135923,0.0,104.77,122.39,55.94,178.33,0.0,0.0,0.0,7.52,0.0,0.0,0.0,0.39,1,13.12,91
2023,燁輝,鋼鐵工業,-1.85,68592648000.0,0.0,0.0,60366824234.963326,0.0,0.0,0.0,0.0,0.0,0.0,0.0,0.0,13.65,0.0,0.0,0.0,1.23,137,6.58,128
2024,志聯,鋼鐵工業,-0.06,998528000.0,0.0,0.0,933034063.7650887,0.0,265.53,554.91,88.42,643.33,0.0,0.0,0.0,13.8,0.0,0.0,0.0,4.88,16,9.04,136
2025,千興,鋼鐵工業,-0.17,849427000.0,0.0,0.0,1389654563.1186283,0.0,25.3,62.38,18.25,80.63,0.0,0.0,0.0,11.65,0.0,0.0,0.0,15.13,28,0.0,0
2027,大成鋼,鋼鐵工業,2.89,100432504000.0,34751731487.889275,1.48,124532800078.67471,3.58,20.18,28.4,11.52,39.92,41.24,142.91,72.26,41.15,1.76,1.0,3.47,0.0,0,12.8,80
2028,威致,鋼鐵工業,0.28,8491960000.0,30328428571.42857,0.12,8250882642.172529,0.27,37.24,72.66,16.25,88.91,4.39,24.01,10.05,16.95,0.59,0.26,1.42,0.0,0,2.94,64
2029,盛餘,鋼鐵工業,0.74,13822378000.0,18678889189.18919,0.28,11210901020.131847,0.6,16.22,22.11,10.95,33.06,6.57,19.84,9.73,20.35,0.48,0.32,0.97,0.0,0,0.2,1
2030,彰源,鋼鐵工業,0.34,10238365000.0,30112838235.294117,0.15,10146413931.061823,0.34,33.68,51.16,10.94,62.1,3.72,21.11,11.45,17.25,0.66,0.22,1.22,0.0,0,0.0,0
2031,新光鋼,鋼鐵工業,3.29,17286364000.0,5254213981.7629175,1.43,14998218818.978695,2.85,14.29,32.76,5.79,38.55,16.5,109.87,40.74,38.3,1.06,0.43,2.87,14.85,28,2.16,90
2032,新鋼,鋼鐵工業,0.56,3043460000.0,5434749999.999999,0.25,3155470501.718108,0.58,100.69,598.3,18.37,616.67,10.65,357.67,58.4,16.4,3.56,0.65,21.81,0.0,0,0.0,0
2034,允強,鋼鐵工業,0.2,12892899000.0,64464495000.0,0.08,10485524657.533854,0.16,102.23,20.71,95.24,115.95,15.24,18.55,16.36,19.8,0.83,0.77,0.94,0.0,0,0.0,0
2115,六暉-KY,汽車工業,1.58,2976173000.0,1883653797.4683545,0.74,3066476560.3357973,1.63,16.84,24.48,11.31,35.79,18.44,58.34,27.45,20.4,1.35,0.9,2.86,1.49,50,0.0,0
1725,元禎,化學生技醫療,1.52,8074797000.0,5312366447.368421,0.73,8794689748.885586,1.66,22.11,31.43,12.49,43.92,20.73,72.91,36.7,30.15,1.22,0.69,2.42,23.09,10,10.78,7
1526,日馳,電機機械,-0.11,763306000.0,0.0,0.0,653812305.0679511,0.0,0.0,0.0,0.0,0.0,0.0,0.0,0.0,14.55,0.0,0.0,0.0,0.0,0,1.34,1
1527,鑽全,電機機械,1.52,2910053000.0,1914508552.631579,0.55,2433253367.8378158,1.27,17.21,26.08,9.8,35.88,12.45,45.57,21.86,32.55,0.67,0.38,1.4,9.56,100,1.68,73
1528,恩德,電機機械,-0.35,2876650000.0,0.0,0.0,3156661508.213064,0.0,0.0,0.0,0.0,0.0,0.0,0.0,0.0,25.15,0.0,0.0,0.0,73.81,156,55.76,90
1529,樂事綠能,電機機械,1.01,853549000.0,845098019.8019801,0.48,781329253.0661521,0.92,447.36,2957.46,17.54,2975.0,16.14,2737.0,411.57,20.35,20.22,0.79,134.5,16.89,60,2.41,3
1530,亞崴,電機機械,-2.39,1972715000.0,0.0,0.0,1827995725.1924345,0.0,23.13,40.35,5.26,45.61,0.0,0.0,0.0,27.35,0.0,0.0,0.0,12.73,102,1.24,21
1531,高林股,電機機械,-0.12,1519930000.0,0.0,0.0,1313489166.9065118,0.0,62.19,157.09,19.91,177.0,0.0,0.0,0.0,12.3,0.0,0.0,0.0,11.22,171,2.35,48
1532,勤美,電機機械,0.99,15470842000.0,15627113131.313131,0.35,16309016315.78178,1.04,25.63,87.03,6.97,94.0,7.25,97.76,26.65,20.55,1.3,0.35,4.76,0.57,18,3.17,140
1533,車王電,汽車工業,0.57,4266318000.0,7484768421.052632,0.28,5381254719.332345,0.72,52.81,38.93,20.64,59.57,14.86,42.89,38.02,38.0,1.0,0.39,1.13,1.45,8,23.17,170
1535,中宇,電機機械,4.0,11721845000.0,2930461250.0,1.27,9571269362.371115,3.27,13.98,4.87,11.31,16.18,36.98,52.91,45.7,49.2,0.93,0.75,1.08,3.68,45,1.58,42
1536,和大,汽車工業,-2.75,4736402000.0,0.0,0.0,4653603530.9400625,0.0,1766.26,6554.96,45.04,6600.0,0.0,0.0,0.0,49.1,0.0,0.0,0.0,39.93,56,16.45,100
1537,廣隆,電機機械,7.95,6744803000.0,848402893.081761,3.36,6291190021.677006,7.42,14.43,6.61,10.9,17.51,80.88,129.92,107.04,124.5,0.86,0.65,1.04,6.46,126,0.0,0
1525,江申,汽車工業,3.21,1254025000.0,390661993.7694704,1.31,1256256060.8587766,3.22,17.35,23.42,14.08,37.5,45.34,120.75,55.88,58.8,0.95,0.77,2.05,10.61,10,9.77,111
1538,正峰,電機機械,-1.59,121225000.0,0.0,0.0,66276981.860320814,0.0,0.0,0.0,0.0,0.0,0.0,0.0,0.0,0.0,0.0,0.0,0.0,33.86,39,1.03,17
1540,喬福,電機機械,1.11,494539000.0,445530630.6306306,0.34,364335469.9723497,0.82,20.28,24.83,11.16,35.99,9.15,29.51,16.63,20.7,0.8,0.44,1.43,142.48,128,0.31,1
1541,錩泰,電機機械,2.31,3631236000.0,1571963636.3636363,0.65,2599346994.603687,1.65,41.45,195.38,8.85,204.23,14.6,336.98,68.4,20.4,3.35,0.72,16.52,10.96,102,16.94,29
1558,伸興,電機機械,5.52,8215440000.0,1488304347.826087,2.11,7820087778.611886,5.25,17.44,7.81,13.07,20.88,68.62,109.62,91.54,90.0,1.02,0.76,1.22,14.56,122,6.49,43
1560,中砂,電機機械,9.28,8044403000.0,866853771.5517242,4.45,10011388804.95225,11.55,46.21,49.02,23.27,72.29,268.77,834.95,533.71,609.0,0.88,0.44,1.37,49.8,150,26.92,59
1563,巧新,汽車工業,1.38,7062178000.0,5117520289.855073,0.57,6832305428.462332,1.34,22.11,89.64,13.54,103.18,18.14,138.26,29.62,45.0,0.66,0.4,3.07,2.53,4,0.0,0
1565,精華,生技醫療業,9.02,4213443000.0,467122283.8137472,3.27,3393981656.967618,7.27,13.44,11.33,9.48,20.81,68.92,151.29,97.73,94.2,1.04,0.73,1.61,26.98,184,0.58,1
1568,倉佑,汽車工業,1.36,1024194000.0,753083823.5294117,0.62,1073225066.9561907,1.43,17.98,21.37,8.22,29.59,11.75,42.31,25.72,28.0,0.92,0.42,1.51,10.0,57,0.97,1
1569,濱川,電腦及週邊設備業,-5.63,3317106000.0,0.0,0.0,3077959625.429007,0.0,146.07,47.22,131.39,178.61,0.0,0.0,0.0,50.2,0.0,0.0,0.0,127.2,184,29.62,153
1570,力肯,電機機械,0.58,541569000.0,933739655.1724138,0.19,441199427.42541987,0.47,37.08,147.49,8.76,156.25,4.12,73.44,17.43,37.95,0.46,0.11,1.94,32.28,30,50.0,136
1580,新麥,電機機械,12.54,4988857000.0,397835486.4433812,4.86,4636811892.466419,11.66,11.02,4.42,8.61,13.03,100.39,151.93,128.5,122.5,1.05,0.82,1.24,2.21,35,1.7,79
1582,信錦,電子工業,3.45,8857470000.0,2567382608.695652,1.39,8140892456.084071,3.17,15.91,32.55,10.0,42.55,31.7,134.88,50.42,107.0,0.47,0.3,1.26,27.0,121,1.41,15
1539,巨庭,電機機械,0.21,1323001000.0,6300004761.904762,0.07,967147495.7172675,0.15,42.35,383.69,11.31,395.0,1.7,59.25,6.35,15.5,0.41,0.11,3.82,47.68,126,6.12,37
1524,耿鼎,汽車工業,1.95,2712548000.0,1391050256.4102564,0.76,2161405491.580519,1.55,11.56,12.0,7.7,19.7,11.94,30.54,17.92,29.4,0.61,0.41,1.04,7.87,177,2.93,161
1522A,堤維西甲特,汽車工業,0.0,0.0,0.0,0.0,0.0,0.0,0.0,0.0,0.0,0.0,0.0,0.0,0.0,49.95,0.0,0.0,0.0,3.83,182,3.63,57
1522,堤維西,汽車工業,1.72,23266762000.0,13527187209.302326,0.87,34091170453.260952,2.52,21.73,91.46,8.86,100.32,22.33,252.81,54.76,29.1,1.88,0.77,8.69,19.7,36,6.38,161
1465,偉全,紡織纖維,-0.33,363972000.0,0.0,0.0,371386012.92965966,0.0,33.82,64.14,15.33,79.47,0.0,0.0,0.0,12.0,0.0,0.0,0.0,0.32,2,1.09,9
1466,聚隆,紡織纖維,-1.07,2644622000.0,0.0,0.0,2163146831.9476147,0.0,63.67,105.51,31.63,137.14,0.0,0.0,0.0,14.65,0.0,0.0,0.0,18.68,176,3.01,154
1467,南緯,紡織纖維,-0.46,5217867000.0,0.0,0.0,5119182974.738465,0.0,31.58,39.67,15.33,55.0,0.0,0.0,0.0,6.95,0.0,0.0,0.0,2.51,52,0.0,0
1468,昶和,紡織纖維,0.2,852022000.0,4260110000.0,0.05,489224381.8553858,0.11,44.14,122.77,12.23,135.0,1.35,14.85,4.86,11.9,0.41,0.11,1.25,9.68,42,2.8,21
1470,大統新創,紡織纖維,0.78,791565000.0,1014826923.076923,0.32,738562249.8689598,0.73,30.31,22.75,18.19,40.94,13.28,29.89,22.13,21.1,1.05,0.63,1.42,26.73,95,0.0,0
1471,首利,電子工業,0.03,195999000.0,6533300000.0,0.01,90932206.9892473,0.01,267.37,680.16,39.84,720.0,0.4,7.2,2.67,10.4,0.26,0.04,0.69,13.47,9,2.23,6
1473,台南,紡織纖維,0.57,7006641000.0,12292352631.578949,0.23,5268618958.286893,0.43,15.91,34.46,8.79,43.25,3.78,18.6,6.84,20.4,0.34,0.19,0.91,38.36,18,7.63,154
1474,弘裕,紡織纖維,0.34,2954273000.0,8689038235.294117,0.14,2715015943.5866795,0.31,30.57,64.5,11.68,76.18,3.62,23.62,9.48,9.93,0.95,0.36,2.38,1.72,50,0.74,2
1475,業旺,紡織纖維,2.72,1501811000.0,552136397.0588235,1.1,1326027038.2659128,2.4,9.61,9.18,5.44,14.62,13.06,35.09,23.06,25.3,0.91,0.52,1.39,15.08,72,3.0,6
1476,儒鴻,紡織纖維,20.1,38111954000.0,1896117114.4278605,8.54,38105719714.72392,20.1,20.55,13.03,13.24,26.27,266.12,528.03,413.15,330.5,1.25,0.81,1.6,20.21,172,9.13,45
1477,聚陽,紡織纖維,14.65,34751748000.0,2372132969.2832766,6.2,32315361104.802193,13.62,19.14,13.98,13.1,27.08,178.42,368.83,260.67,213.0,1.22,0.84,1.73,27.15,60,13.71,183
1503,士電,電機機械,6.28,36565338000.0,5822506050.955414,3.27,42640789156.47029,7.32,34.07,38.46,19.54,58.0,143.03,424.56,249.4,181.0,1.38,0.79,2.35,21.31,56,10.87,167
1504,東元,電機機械,2.42,58304590000.0,24092805785.123966,1.06,63093770541.82439,2.62,25.21,31.72,16.32,48.04,42.76,125.86,66.06,69.0,0.96,0.62,1.82,7.66,18,132.04,153
1506,正道,電機機械,0.06,1082820000.0,18047000000.0,0.03,1155292098.9636781,0.06,127.63,231.54,58.46,290.0,3.51,17.4,7.66,10.0,0.77,0.35,1.74,10.4,53,20.83,104
1512,瑞利,汽車工業,0.19,1126766000.0,5930347368.421053,0.09,1230289303.3902254,0.21,37.25,15.38,25.78,41.16,5.41,8.64,7.82,7.1,1.1,0.76,1.22,0.1,2,0.21,1
1513,中興電,電機機械,8.07,27235004000.0,3374845600.991326,3.37,28183917627.96938,8.35,24.83,50.35,14.53,64.88,121.33,541.75,207.36,148.5,1.4,0.82,3.65,38.94,56,14.72,101
1514,亞力,電機機械,3.32,10435225000.0,3143140060.240964,1.47,12903014148.86695,4.11,36.14,22.27,25.63,47.9,105.34,196.87,148.54,113.0,1.31,0.93,1.74,38.53,51,7.87,27
1515,力山,電機機械,0.97,5144303000.0,5303405154.639175,0.36,5850482622.944528,1.1,23.32,60.79,8.59,69.38,9.45,76.32,25.65,22.0,1.17,0.43,3.47,5.81,49,7.07,3
1516,川飛,其他,0.03,86650000.0,2888333333.3333335,0.01,96706263.25421956,0.03,139.72,1073.8,21.2,1095.0,0.64,32.85,4.19,21.3,0.2,0.03,1.54,40.2,8,20.0,13
1517,利奇,電機機械,-0.69,2050514000.0,0.0,0.0,1677607586.9092305,0.0,0.0,0.0,0.0,0.0,0.0,0.0,0.0,10.0,0.0,0.0,0.0,7.4,58,22.84,147
1519,華城,電機機械,14.26,24042291000.0,1685995161.2903225,6.46,26079448330.37988,15.47,49.31,67.74,21.53,89.27,333.07,1381.01,762.83,770.0,0.99,0.43,1.79,38.85,45,66.17,167
1521,大億,汽車工業,0.87,3577067000.0,4111571264.367816,0.41,4127061869.413244,1.0,61.01,199.63,18.61,218.24,18.61,218.24,61.01,24.25,2.52,0.77,9.0,4.25,10,5.36,27
1583,程泰,電機機械,-4.78,3907346000.0,0.0,0.0,4343102744.1317,0.0,19.32,55.34,3.99,59.33,0.0,0.0,0.0,47.1,0.0,0.0,0.0,1.23,2,0.84,3
1584,精剛,其他,0.45,2604026000.0,5786724444.444445,0.16,2118290979.4832926,0.37,58.95,224.42,7.85,232.27,2.9,85.94,21.81,19.65,1.11,0.15,4.37,23.46,93,3.14,100
1586,和勤,電機機械,-0.36,2321202000.0,0.0,0.0,2255414311.3734517,0.0,68.84,148.23,42.19,190.42,0.0,0.0,0.0,22.85,0.0,0.0,0.0,16.45,51,2.71,79
1708,東鹼,化學生技醫療,3.28,6180360000.0,1884256097.5609758,1.48,6703992327.457332,3.56,12.82,21.6,7.36,28.96,26.2,103.1,45.63,39.55,1.15,0.66,2.61,26.19,184,0.27,1
1709,和益,化學工業,1.23,9076666000.0,7379403252.03252,0.53,8548621121.153147,1.16,15.37,14.39,10.42,24.81,12.09,28.78,17.83,18.15,0.98,0.67,1.59,30.47,60,2.19,91
1710,東聯,化學工業,-1.01,22752814000.0,0.0,0.0,20547977383.445877,0.0,722.11,270.0,597.5,867.5,0.0,0.0,0.0,12.95,0.0,0.0,0.0,5.6,121,0.0,0
1711,永光,化學工業,-0.2,7633140000.0,0.0,0.0,7700334692.262184,0.0,90.53,187.61,32.39,220.0,0.0,0.0,0.0,46.8,0.0,0.0,0.0,46.02,123,30.18,113
1712,興農,化學工業,2.6,18555010000.0,7136542307.692307,1.15,18823655266.461853,2.64,17.13,4.53,15.22,19.75,40.18,52.14,45.23,40.5,1.12,0.99,1.29,16.79,175,5.79,148
1713,國化,化學工業,3.86,462367000.0,119784196.89119172,1.66,488129017.91228175,4.08,10.91,24.49,4.15,28.64,16.93,116.85,44.51,47.2,0.94,0.36,2.48,23.86,57,3.52,73
1714,和桐,化學工業,0.5,23123551000.0,46247102000.0,0.28,33971155389.601307,0.73,20.89,27.43,12.76,40.19,9.31,29.34,15.25,9.52,1.6,0.98,3.08,6.35,46,4.56,170
1717,長興,化學工業,1.41,40929375000.0,29027925531.914894,0.63,41906723249.64959,1.44,25.58,43.39,15.26,58.65,21.97,84.46,36.84,72.7,0.51,0.3,1.16,10.41,130,75.57,104
1718,中纖,化學工業,0.09,46499190000.0,516657666666.6667,0.04,44839062968.59911,0.09,201.92,344.5,26.5,371.0,2.38,33.39,18.17,6.43,2.83,0.37,5.19,9.3,59,5.66,93
1720,生達,化學生技醫療,5.19,6996447000.0,1348063005.7803466,2.15,7149587767.91451,5.3,12.85,5.58,10.45,16.03,55.38,84.96,68.08,61.8,1.1,0.9,1.37,11.47,67,6.24,184
1721,三晃,化學工業,-1.85,1749814000.0,0.0,0.0,1586945682.83094,0.0,0.0,0.0,0.0,0.0,0.0,0.0,0.0,28.0,0.0,0.0,0.0,76.17,140,12.6,7
1722,台肥,化學工業,0.95,12159186000.0,12799143157.894737,0.45,13161965246.176765,1.03,30.52,37.31,16.06,53.37,16.54,54.97,31.44,45.75,0.69,0.36,1.2,2.83,35,0.91,38
1723,中碳,化學工業,2.65,5957830000.0,2248237735.8490567,1.12,5318571910.729109,2.37,20.52,17.25,16.22,33.47,38.44,79.32,48.64,79.7,0.61,0.48,1.0,1.76,1,0.0,0
1707,葡萄王,生技醫療業,8.22,10614460000.0,1291296836.9829683,3.03,9655316638.621439,7.48,14.75,3.83,12.94,16.77,96.79,125.44,110.3,103.5,1.07,0.94,1.21,2.21,25,0.74,65
1587,吉茂,汽車工業,0.38,2594055000.0,6826460526.315789,0.18,3177354200.3040004,0.47,149.98,202.19,68.29,270.48,32.1,127.13,70.49,28.0,2.52,1.15,4.54,4.61,1,46.18,121
1590,亞德客-KY,電機機械,42.01,33793633000.0,804418781.2425613,21.96,41637225476.72038,51.76,24.34,19.19,17.71,36.9,916.67,1909.94,1259.69,1405.0,0.9,0.65,1.36,0.0,0,5.14,170
1591,駿吉-KY,電機機械,-2.74,134840000.0,0.0,0.0,482291591.41607153,0.0,0.0,0.0,0.0,0.0,0.0,0.0,0.0,38.2,0.0,0.0,0.0,5.6,7,35.68,134
1595,川寶,電子零組件業,-1.95,725630000.0,0.0,0.0,585557563.9555082,0.0,123.4,298.75,30.0,328.75,0.0,0.0,0.0,88.7,0.0,0.0,0.0,123.2,154,21.04,104
1597,直得,電機機械,0.92,1100199000.0,1195868478.2608695,0.51,1574060143.4137983,1.32,110.21,138.93,56.67,195.6,74.8,258.19,145.48,171.0,0.85,0.44,1.51,79.39,81,0.0,0
1599,宏佳騰,電機機械,-0.83,1853729000.0,0.0,0.0,2256161446.733788,0.0,153.14,410.59,16.91,427.5,0.0,0.0,0.0,23.65,0.0,0.0,0.0,12.58,72,15.8,77
1603,華電,電器電纜,3.25,5327948000.0,1639368615.3846154,1.49,5701149263.365266,3.48,11.86,6.21,9.07,15.28,31.56,53.17,41.26,29.4,1.4,1.07,1.81,13.27,25,8.33,29
1604,聲寶,電器電纜,1.7,9211058000.0,5418269411.764706,0.71,8702683600.41208,1.61,13.68,3.31,11.84,15.15,19.06,24.39,22.02,23.1,0.95,0.83,1.06,0.0,0,0.36,1
1605,華新,電器電纜,0.75,172412266000.0,229883021333.33334,0.31,163168260522.58414,0.71,54.47,146.69,23.31,170.0,16.55,120.7,38.68,33.1,1.17,0.5,3.65,0.0,0,45.36,177
1608,華榮,電器電纜,5.5,11348843000.0,2063426000.0,2.61,13009202091.51581,6.3,14.83,23.68,5.66,29.34,35.66,184.84,93.44,31.5,2.97,1.13,5.87,9.63,53,58.58,169
1609,大亞,電器電纜,1.64,31235095000.0,19045789634.146343,0.74,35511387241.37856,1.86,22.31,21.62,13.92,35.54,25.89,66.1,41.5,33.8,1.23,0.77,1.96,10.28,60,15.7,107
1611,中電,電器電纜,0.02,1081359000.0,54067950000.0,0.01,955395079.3731587,0.02,70.57,391.13,22.2,413.33,0.44,8.27,1.41,11.15,0.13,0.04,0.74,19.5,60,6.14,6
1612,宏泰,電器電纜,2.77,7480411000.0,2700509386.2815886,1.15,8026568670.193338,2.97,14.52,8.23,11.26,19.49,33.44,57.89,43.13,35.75,1.21,0.94,1.62,1.89,1,20.03,167
1614,三洋電,電器電纜,0.97,5459864000.0,5628725773.195876,0.38,4934532912.299523,0.88,42.33,34.36,23.14,57.5,20.36,50.6,37.25,30.85,1.21,0.66,1.64,0.0,0,1.78,6
1615,大山,電器電纜,4.93,5816581000.0,1179833874.239351,1.97,5280643639.224829,4.48,13.47,12.02,9.01,21.03,40.36,94.21,60.32,42.7,1.41,0.95,2.21,9.1,18,3.82,86
1616,億泰,電器電纜,1.55,5247241000.0,3385316774.193548,0.61,5509369660.212732,1.63,14.95,20.68,6.88,27.56,11.21,44.92,24.37,21.25,1.15,0.53,2.11,4.33,51,61.3,29
1617,榮星,電器電纜,0.68,3309047000.0,4866245588.235293,0.33,3966689055.2420187,0.82,133.91,473.03,16.14,489.17,13.23,401.12,109.81,14.3,7.68,0.93,28.05,17.64,23,0.0,0
1618,合機,電器電纜,4.21,5305333000.0,1260174109.263658,1.33,3292200242.401742,2.61,12.99,18.23,8.37,26.6,21.85,69.43,33.92,38.3,0.89,0.57,1.81,21.12,50,6.75,78
1623,大東電,電器電纜,13.61,605208000.0,44467891.2564291,0.0,0.0,0.0,17.32,15.68,12.96,28.64,0.0,0.0,0.0,215.5,0.0,0.0,0.0,22.12,45,21.65,108
1626,艾美特-KY,電器電纜,-0.86,8062687000.0,0.0,0.0,6868356894.04942,0.0,0.0,0.0,0.0,0.0,0.0,0.0,0.0,9.9,0.0,0.0,0.0,8.05,144,4.44,57
1702,南僑,食品工業,1.11,23430771000.0,21108802702.7027,0.46,22573404481.38799,1.07,15.9,35.79,10.04,45.83,10.74,49.04,17.01,33.0,0.52,0.33,1.49,0.0,0,0.0,0
2201,裕隆,汽車工業,0.93,74182384000.0,79766004301.07527,0.37,69650344064.15851,0.87,16.38,24.41,8.43,32.84,7.33,28.57,14.25,26.35,0.54,0.28,1.08,0.56,7,12.31,178
2204,中華,汽車工業,5.47,31570356000.0,5771545886.654479,2.63,35898155163.18967,6.22,10.32,6.25,7.32,13.57,45.53,84.41,64.19,52.2,1.23,0.87,1.62,9.47,53,0.15,1
2206,三陽工業,汽車工業,5.78,62818867000.0,10868316089.965397,2.31,60965973995.04895,5.61,10.62,3.51,8.79,12.3,49.31,69.0,59.59,58.3,1.02,0.85,1.18,3.38,57,0.7,1
2393,億光,電子工業,4.6,19630880000.0,4267582608.6956525,1.97,19596631116.071156,4.59,14.2,11.47,9.69,21.16,44.48,97.12,65.2,63.4,1.03,0.7,1.53,25.44,175,2.07,1
2395,研華,電子工業,12.25,70256994000.0,5735264816.32653,6.04,84344862877.45819,14.71,30.96,18.36,23.36,41.72,343.63,613.7,455.38,465.0,0.98,0.74,1.32,7.8,57,2.75,100
2397,友通,電子工業,2.49,11147988000.0,4477103614.457831,1.18,12976175494.208204,2.9,22.93,24.54,13.46,38.0,39.03,110.2,66.5,60.2,1.1,0.65,1.83,39.61,52,26.95,99
2399,映泰,電子工業,0.15,1753395000.0,11689300000.0,0.06,1640912840.3094459,0.14,347.04,565.45,27.05,592.5,3.79,82.95,48.59,42.2,1.15,0.09,1.97,109.2,156,31.57,160
2401,凌陽,半導體業,-0.37,6278566000.0,0.0,0.0,7003559010.549703,0.0,52.76,21.81,42.39,64.2,0.0,0.0,0.0,26.9,0.0,0.0,0.0,24.11,46,19.16,94
2402,毅嘉,電子工業,2.47,10728500000.0,4343522267.206477,1.11,12383735084.570862,2.85,20.07,22.63,12.24,34.87,34.88,99.38,57.19,61.9,0.92,0.56,1.61,35.79,150,59.74,98
2404,漢唐,其他電子業,48.08,63949846000.0,1330071672.2129784,26.82,110331972486.70392,82.95,17.86,20.78,11.84,32.62,982.13,2705.83,1481.87,1025.0,1.45,0.96,2.64,16.62,184,126.94,101
2405,輔信,電子工業,-0.2,1728395000.0,0.0,0.0,1811249144.4070318,0.0,375.92,565.84,155.83,721.67,0.0,0.0,0.0,15.5,0.0,0.0,0.0,47.62,49,16.67,155
2406,國碩,光電業,-0.91,5758962000.0,0.0,0.0,15329312105.662067,0.0,0.0,0.0,0.0,0.0,0.0,0.0,0.0,30.05,0.0,0.0,0.0,24.38,43,106.25,91
2408,南亞科,半導體業,2.13,56774899000.0,26654882159.624416,3.25,392928725822.5704,14.74,90.06,105.05,24.53,129.58,361.57,1910.01,1327.55,275.0,4.83,1.31,6.95,17.69,49,267.96,181
2409,友達,光電業,0.9,280792168000.0,311991297777.7778,0.37,272562031682.78394,0.87,20.54,46.5,14.59,61.09,12.69,53.15,17.87,18.75,0.95,0.68,2.83,8.52,53,2.55,128
2412,中華電,通信網路業,4.99,237858930000.0,47667120240.48096,2.18,247111914920.26605,5.18,26.75,3.28,25.05,28.33,129.76,146.75,138.54,139.0,1.0,0.93,1.06,1.19,11,4.94,91
2413,環科,電子工業,0.4,3331719000.0,8329297500.0,0.17,3506831039.7321253,0.42,96.09,153.17,33.39,186.56,14.02,78.36,40.36,49.3,0.82,0.28,1.59,20.12,165,26.77,183
2392,正崴,電子零組件業,-6.62,97510511000.0,0.0,0.0,86181973188.73839,0.0,33.72,114.65,10.96,125.61,0.0,0.0,0.0,35.6,0.0,0.0,0.0,53.85,51,20.79,59
2390,云辰,電子工業,-0.14,686088000.0,0.0,0.0,566856353.4327319,0.0,0.0,0.0,0.0,0.0,0.0,0.0,0.0,9.98,0.0,0.0,0.0,10.65,49,0.41,6
2373,震旦行,其他電子業,3.86,10765016000.0,2788864248.7046633,1.57,10357986428.630415,3.71,14.48,2.46,13.45,15.91,49.9,59.03,53.71,56.5,0.95,0.88,1.04,3.08,45,2.45,42
2374,佳能,光電業,2.52,9311794000.0,3695156349.2063494,1.32,16792666368.61806,4.54,35.34,48.59,20.0,68.59,90.8,311.4,160.46,78.8,2.04,1.15,3.95,4.05,2,107.77,119
2375,凱美,電子工業,3.72,5504838000.0,1479795161.2903225,1.65,5955886165.157133,4.02,20.34,23.93,9.96,33.89,40.04,136.24,81.78,111.5,0.73,0.36,1.22,12.54,58,70.81,160
2376,技嘉,電子工業,18.19,324226515000.0,17824437328.20231,10.53,536289451196.24146,30.09,19.42,24.92,11.85,36.77,356.57,1106.41,584.42,302.0,1.94,1.18,3.66,2.15,9,21.21,136
2377,微星,電子工業,6.8,225924964000.0,33224259411.764706,2.69,231898746573.96185,6.98,19.8,16.59,10.97,27.56,76.57,192.37,138.2,109.5,1.26,0.7,1.76,18.69,7,11.72,77
2379,瑞昱,半導體業,28.77,123048742000.0,4276980952.3809524,13.44,128286470131.3413,29.99,18.95,13.65,14.76,28.41,442.65,852.02,568.43,567.0,1.0,0.78,1.5,9.42,52,12.72,59
2380,虹光,電子工業,0.72,2817681000.0,3913445833.3333335,0.33,3353597164.7985187,0.86,25.05,25.08,5.57,30.65,4.79,26.36,21.54,5.85,3.68,0.82,4.51,11.13,24,89.44,97
2382,廣達,電子工業,19.44,1989610196000.0,102346203497.94238,13.89,3635149138305.4736,35.52,18.14,17.53,11.52,29.05,409.19,1031.86,644.26,290.0,2.22,1.41,3.56,20.92,51,16.14,160
2383,台光電,電子工業,41.66,91947570000.0,2207094815.1704273,25.23,145131098983.16965,65.76,33.73,100.97,14.73,115.7,968.64,7608.43,2218.01,4395.0,0.5,0.22,1.73,17.82,51,117.46,168
2385,群光,電子工業,9.06,96067158000.0,10603439072.847681,3.59,92265442472.16695,8.7,12.83,8.98,9.97,18.95,86.74,164.86,111.58,128.5,0.87,0.68,1.28,5.48,17,2.11,1
2387,精元,電子工業,3.46,19232481000.0,5558520520.231214,1.3,17331241529.56332,3.12,8.31,7.92,5.61,13.53,17.5,42.21,25.93,38.5,0.67,0.45,1.1,1.12,183,1.53,3
2388,威盛,半導體業,0.12,10116361000.0,84303008333.33334,0.05,10174976300.299961,0.12,311.27,1634.74,30.26,1665.0,3.63,199.8,37.35,81.7,0.46,0.04,2.45,21.12,122,1.46,1
2414,精技,電子工業,3.17,28246381000.0,8910530283.911673,1.5,34652415882.74734,3.89,14.54,5.17,12.98,18.15,50.49,70.6,56.57,49.3,1.15,1.02,1.43,15.57,42,12.22,52
2415,錩新,電子工業,1.81,2329168000.0,1286833149.1712706,0.82,2630895628.37727,2.04,35.01,119.63,13.7,133.33,27.95,271.99,71.42,26.45,2.7,1.06,10.28,26.13,129,8.87,178
2433,互盛電,其他電子業,3.05,2726747000.0,894015409.8360656,1.28,2716604198.174483,3.04,15.34,1.52,14.62,16.14,44.44,49.07,46.64,44.6,1.05,1.0,1.1,0.94,25,0.2,42
2434,統懋,半導體業,0.03,45756000.0,1525200000.0,0.01,46600126.77388836,0.03,299.85,1602.32,42.68,1645.0,1.28,49.35,9.0,29.7,0.3,0.04,1.66,1.48,50,29.45,181
2436,偉詮電,半導體業,3.0,3539175000.0,1179725000.0,1.47,4505500806.44217,3.82,39.18,49.96,20.62,70.58,78.77,269.62,149.69,71.8,2.08,1.1,3.76,12.05,128,28.6,111
2438,翔耀,光電業,-2.37,432276000.0,0.0,0.0,630425869.4516971,0.0,0.0,0.0,0.0,0.0,0.0,0.0,0.0,21.5,0.0,0.0,0.0,280.37,53,3.44,17
2439,美律,通信網路業,5.35,46021543000.0,8602157570.093458,2.15,52983653149.76348,6.16,15.66,8.7,10.92,19.62,67.27,120.86,96.49,85.3,1.13,0.79,1.42,19.83,46,1.61,9
2440,太空梭,電子工業,-0.24,3571225000.0,0.0,0.0,3751115472.345879,0.0,0.0,0.0,0.0,0.0,0.0,0.0,0.0,17.25,0.0,0.0,0.0,2.1,2,4.58,1
2441,超豐,半導體業,4.31,16714118000.0,3877985614.8491883,2.01,19379702709.118015,5.0,16.01,15.25,10.35,25.6,51.75,128.0,80.03,102.5,0.78,0.5,1.25,3.36,59,35.79,174
2444,兆勁,通信網路業,-1.9,1104139000.0,0.0,0.0,943069815.2740088,0.0,116.36,32.92,104.58,137.5,0.0,0.0,0.0,12.85,0.0,0.0,0.0,42.37,59,5.46,122
2449,京元電子,半導體業,9.01,34125431000.0,3787506215.316315,4.54,46764820700.562614,12.35,21.48,30.91,10.47,41.38,129.3,511.04,265.33,277.5,0.96,0.47,1.84,56.92,172,134.06,167
2450,神腦,通信網路業,1.72,32694590000.0,19008482558.139534,0.77,38356145251.82237,2.02,17.31,4.83,14.84,19.67,29.98,39.73,34.96,29.05,1.2,1.03,1.37,0.63,28,0.0,0
2451,創見,半導體業,12.98,14961901000.0,1152688828.9676425,20.94,72956535143.52919,63.29,21.86,31.99,9.78,41.77,618.98,2643.62,1383.33,309.5,4.47,2.0,8.54,19.28,29,108.7,177
2453,凌群,資訊服務業,3.13,7372784000.0,2355522044.7284346,1.35,7837130633.034595,3.33,19.15,9.25,15.88,25.13,52.88,83.68,63.77,54.7,1.17,0.97,1.53,16.45,57,5.45,114
2371,大同,電機機械,-5.2,49840830000.0,0.0,0.0,53300225902.04731,0.0,21.98,76.26,4.39,80.65,0.0,0.0,0.0,28.05,0.0,0.0,0.0,1.01,28,5.61,91
2431,聯昌,電子工業,-2.1,377964000.0,0.0,0.0,222599479.95881328,0.0,0.0,0.0,0.0,0.0,0.0,0.0,0.0,10.35,0.0,0.0,0.0,61.45,169,21.34,126
2417,圓剛,電子工業,-0.19,3260578000.0,0.0,0.0,4023067618.430726,0.0,136.75,81.68,109.86,191.54,0.0,0.0,0.0,47.45,0.0,0.0,0.0,51.23,46,21.2,98
2419,仲琦,通信網路業,-0.36,8742858000.0,0.0,0.0,9255761258.10966,0.0,0.0,0.0,0.0,0.0,0.0,0.0,0.0,29.9,0.0,0.0,0.0,23.25,59,26.02,163
2420,新巨,電子工業,3.91,2162774000.0,553139130.4347826,1.69,2216220264.421212,4.01,14.82,9.19,10.36,19.55,41.54,78.4,59.44,58.9,1.01,0.71,1.33,34.13,140,9.17,83
2421,建準,電子工業,7.94,18263701000.0,2300214231.738035,3.77,22125712752.720375,9.62,19.97,15.53,12.18,27.71,117.17,266.57,192.11,143.0,1.34,0.82,1.86,5.26,14,82.21,184
2423,固緯,其他電子業,2.91,2944348000.0,1011803436.4261168,1.39,3422634953.114806,3.38,17.29,10.53,12.24,22.77,41.37,76.96,58.44,72.7,0.8,0.57,1.06,6.27,171,37.05,99
2425,承啟,電子工業,-0.32,8375969000.0,0.0,0.0,13785613586.146746,0.0,105.38,341.73,17.02,358.75,0.0,0.0,0.0,32.65,0.0,0.0,0.0,37.82,140,4.31,6
2426,鼎元,光電業,-0.26,2342210000.0,0.0,0.0,2139029772.0403247,0.0,74.47,50.64,57.69,108.33,0.0,0.0,0.0,68.9,0.0,0.0,0.0,44.9,149,15.36,104
2427,三商電,資訊服務業,1.53,6543479000.0,4276783660.1307187,0.75,9018745650.422848,2.11,18.55,11.54,13.53,25.07,28.55,52.9,39.15,20.35,1.92,1.4,2.6,29.01,46,31.79,77
2428,興勤,電子工業,11.76,8064952000.0,685795238.0952381,5.34,8709797595.395403,12.7,14.08,11.26,9.01,20.27,114.43,257.43,178.82,223.0,0.8,0.51,1.15,13.68,32,53.18,155
2430,燦坤,電子工業,0.7,17810966000.0,25444237142.857143,0.28,17304927913.140453,0.68,21.02,26.52,14.94,41.46,10.16,28.19,14.29,18.2,0.79,0.56,1.55,0.0,0,0.79,3
2369,菱生,電子工業,-1.05,5403429000.0,0.0,0.0,7405124216.336134,0.0,0.0,0.0,0.0,0.0,0.0,0.0,0.0,28.85,0.0,0.0,0.0,14.95,9,57.82,176
2368,金像電,電子零組件業,19.43,58066839000.0,2988514616.572311,10.67,91895783277.6964,30.75,29.53,65.5,12.35,77.85,379.76,2393.89,908.02,1235.0,0.74,0.31,1.94,10.9,46,158.56,184
2302,麗正,半導體業,0.49,835569000.0,1705242857.142857,0.23,968789121.4416931,0.57,32.88,30.94,19.87,50.81,11.33,28.96,18.74,24.95,0.75,0.45,1.16,10.83,175,17.84,154
2303,聯電,半導體業,3.33,237238293000.0,71242730630.63063,1.45,251147038445.54913,3.53,13.84,18.7,9.69,28.39,34.21,100.22,48.84,108.0,0.45,0.32,0.93,8.66,32,3.55,1
2305,全友,電子工業,0.2,733136000.0,3665680000.0,0.12,1090906445.2456446,0.3,122.78,165.69,60.56,226.25,18.17,67.88,36.83,16.6,2.22,1.09,4.09,14.73,58,14.68,97
2308,台達電,電子工業,23.14,539937575000.0,23333516637.856525,11.65,739353907909.4154,31.69,39.89,72.87,20.69,93.56,655.67,2964.92,1264.03,1915.0,0.66,0.34,1.55,36.48,52,194.12,161
2312,金寶,其他電子業,1.05,162727375000.0,154978452380.95236,0.4,147491744562.85754,0.95,24.24,28.91,14.82,43.73,14.08,41.54,23.03,28.3,0.81,0.5,1.47,77.44,179,9.43,155
2313,華通,電子工業,5.51,75158821000.0,13640439382.94011,2.43,83960387840.72343,6.16,19.68,42.52,9.39,51.91,57.84,319.77,121.24,255.0,0.48,0.23,1.25,16.22,52,44.32,155
2314,台揚,通信網路業,-4.32,1677413000.0,0.0,0.0,2483244236.3277593,0.0,0.0,0.0,0.0,0.0,0.0,0.0,0.0,14.6,0.0,0.0,0.0,11.99,172,240.45,177
2316,楠梓電,電子工業,13.37,3671873000.0,274635228.1226627,6.68,4719660145.782055,17.19,8.99,11.05,6.18,17.23,106.23,296.18,154.49,137.5,1.12,0.77,2.15,30.41,51,169.82,101
2317,鴻海,其他電子業,13.6,7891774675000.0,580277549632.3529,6.59,10271866561951.625,17.7,16.04,10.52,10.24,20.76,181.25,367.45,283.84,240.0,1.18,0.76,1.53,35.22,49,70.13,163
2321,東訊,通信網路業,-0.76,742234000.0,0.0,0.0,722344324.716675,0.0,0.0,0.0,0.0,0.0,0.0,0.0,0.0,0.0,0.0,0.0,0.0,12.7,170,44.6,111
2323,中環,光電業,1.58,7170946000.0,4538573417.7215185,0.72,7841434936.998865,1.73,12.72,15.08,4.3,19.38,7.44,33.53,22.0,9.37,2.35,0.79,3.58,10.98,46,15.38,176
2324,仁寶,電子工業,1.38,755605341000.0,547540102173.9131,0.62,787630962267.38,1.44,17.06,13.65,10.26,23.91,14.77,34.43,24.57,27.6,0.89,0.54,1.25,9.66,2,26.39,128
2327,國巨*,電子工業,26.9,130098665000.0,4836381598.513011,13.35,161119161637.98254,33.31,17.42,35.23,5.71,40.94,190.2,1363.71,580.37,520.0,1.12,0.37,2.62,26.81,57,15.55,77
2301,光寶科,電腦及週邊設備業,6.65,164568691000.0,24747171578.94737,3.03,195282510445.01068,7.89,21.45,20.69,13.8,34.49,108.88,272.13,169.23,204.0,0.83,0.53,1.33,20.4,7,93.07,162
2207,和泰車,汽車工業,33.93,278122174000.0,8196939994.105512,14.95,289589189515.95996,35.33,16.54,6.32,13.5,19.82,476.96,700.24,584.47,466.5,1.25,1.02,1.5,13.72,130,5.4,1
2208,台船,航運業,-1.76,21069459000.0,0.0,0.0,30819444844.175144,0.0,0.0,0.0,0.0,0.0,0.0,0.0,0.0,18.25,0.0,0.0,0.0,2.14,99,76.58,115
2211,長榮鋼,鋼鐵工業,8.59,15356743000.0,1787746565.774156,3.24,13715541908.946379,7.67,14.4,9.13,11.17,20.3,85.67,155.7,110.46,91.4,1.21,0.94,1.7,13.04,23,30.18,155
2221,大甲,其他,2.31,1380803000.0,597750216.4502164,1.06,1500399811.038167,2.51,14.37,10.12,10.36,20.48,26.0,51.4,36.07,43.0,0.84,0.6,1.2,0.31,2,8.93,42
2227,裕日車,汽車工業,1.29,15328057000.0,11882214728.68217,0.44,11850366612.558897,1.0,27.61,45.09,9.32,54.41,9.32,54.41,27.61,48.8,0.57,0.19,1.11,0.0,0,1.8,71
2228,劍麟,汽車工業,5.24,4949851000.0,944628053.4351145,2.14,4742487870.816964,5.02,13.04,12.5,7.52,20.02,37.75,100.5,65.44,80.4,0.81,0.47,1.25,6.9,15,31.89,101
2230,泰茂,電機機械,-1.02,2030437000.0,0.0,0.0,2913624906.7501245,0.0,48.48,151.69,14.98,166.67,0.0,0.0,0.0,28.7,0.0,0.0,0.0,9.37,24,13.78,36
2231,為升,汽車工業,-1.64,3664324000.0,0.0,0.0,3421201642.2887864,0.0,47.77,53.18,21.16,74.34,0.0,0.0,0.0,104.0,0.0,0.0,0.0,27.98,22,65.73,113
2233,宇隆,汽車工業,6.69,3297200000.0,492855007.47384155,2.77,3147707905.197389,6.39,21.69,42.57,11.66,54.23,74.51,346.53,138.59,332.0,0.42,0.22,1.04,32.21,106,56.89,99
2235,謚源,電機機械,0.95,561922000.0,591496842.1052632,0.41,550451679.9680442,0.93,23.18,28.19,15.24,43.43,14.17,40.39,21.56,0.0,0.0,0.0,0.0,23.86,11,0.0,0
2236,百達-KY,汽車工業,-6.81,9249897000.0,0.0,0.0,10650546849.145325,0.0,179.56,909.93,10.07,920.0,0.0,0.0,0.0,130.5,0.0,0.0,0.0,90.19,151,18.18,122
2239,英利-KY,汽車工業,-7.87,19126801000.0,0.0,0.0,17800785144.692272,0.0,28.52,22.67,18.39,41.06,0.0,0.0,0.0,21.5,0.0,0.0,0.0,0.0,0,19.41,125
2243,宏旭-KY,汽車工業,1.22,1861642000.0,1525936065.5737705,0.66,2478949207.393854,1.62,34.05,58.07,8.39,66.46,13.59,107.67,55.16,20.9,2.64,0.65,5.15,65.44,60,21.87,105
2247,汎德永業,汽車工業,18.32,51898301000.0,2832876692.139738,5.8,37808976621.70774,13.35,13.05,3.53,11.28,14.81,150.59,197.71,174.26,204.0,0.85,0.74,0.97,0.77,31,17.77,64
2248,華勝-KY,汽車工業,5.34,1815934000.0,340062546.8164794,3.16,3242640189.86627,9.54,9.28,5.02,6.5,11.52,62.01,109.9,88.51,55.2,1.6,1.12,1.99,79.88,165,1.75,1
2250,IKKA-KY,汽車工業,3.99,3375733000.0,846048370.9273182,1.62,3142932842.7316656,3.71,18.05,11.97,13.73,25.7,50.94,95.35,66.95,62.1,1.08,0.82,1.54,34.98,7,6.44,91
1464,得力,紡織纖維,0.34,12545008000.0,36897082352.94118,0.14,11564688491.566067,0.31,31.12,90.08,9.92,100.0,3.08,31.0,9.65,10.15,0.95,0.3,3.05,16.67,171,0.36,1
2328,廣宇,電子工業,1.56,22112137000.0,14174446794.871794,0.55,17319048440.297646,1.22,22.43,38.69,14.27,52.96,17.41,64.61,27.37,50.5,0.54,0.34,1.28,20.4,16,60.62,98
2329,華泰,半導體業,2.45,19362141000.0,7902914693.87755,1.06,22552738325.425137,2.85,24.68,29.53,13.35,42.88,38.05,122.21,70.35,51.4,1.37,0.74,2.38,3.98,32,44.93,177
2353,宏碁,電子工業,1.26,271654739000.0,215598999206.3492,0.61,343651378475.1827,1.59,21.44,16.58,14.7,31.28,23.37,49.74,34.09,27.45,1.24,0.85,1.81,21.24,7,0.97,20
2354,鴻準,其他電子業,2.31,157468970000.0,68168385281.38528,0.67,123946425028.00668,1.82,26.02,17.83,18.76,36.59,34.14,66.59,47.37,57.5,0.82,0.59,1.16,56.68,172,28.67,83
2355,敬鵬,電子工業,1.6,15658335000.0,9786459375.0,0.69,16243179496.068678,1.66,17.54,28.63,8.88,37.51,14.74,62.27,29.12,59.1,0.49,0.25,1.05,15.46,49,24.09,100
2356,英業達,電子工業,2.41,699082867000.0,290075878423.2365,1.2,838347624632.6249,2.89,21.93,17.37,15.96,33.33,46.12,96.32,63.37,51.4,1.23,0.9,1.87,10.49,53,15.13,162
2357,華碩,電子工業,59.99,716607808000.0,11945454375.729288,30.14,1026485927971.9868,85.93,13.04,8.25,9.15,17.4,786.26,1495.18,1120.56,640.0,1.75,1.23,2.34,23.12,178,17.88,35
2359,所羅門,其他電子業,1.22,4193366000.0,3437185245.9016395,0.46,3678869955.8196073,1.07,127.45,168.2,44.66,212.86,47.79,227.76,136.37,127.5,1.07,0.37,1.79,30.43,14,16.84,98
2360,致茂,其他電子業,27.68,26953569000.0,973756105.4913294,20.92,48678549177.34708,49.99,36.48,70.35,18.06,88.41,902.82,4419.62,1823.69,2065.0,0.88,0.44,2.14,73.91,170,148.94,164
2362,藍天,電子工業,2.05,20876604000.0,10183709268.292685,0.83,22226109724.28123,2.18,22.44,33.03,11.61,44.64,25.31,97.32,48.93,38.8,1.26,0.65,2.51,10.26,140,4.64,8
2363,矽統,半導體業,1.53,2664144000.0,1741270588.235294,0.95,5843520607.374511,3.36,50.66,79.3,20.83,100.13,69.99,336.44,170.21,60.1,2.83,1.16,5.6,37.87,154,26.65,122
2364,倫飛,電子工業,4.6,1527938000.0,332160434.78260875,1.82,1526442500.6935706,4.6,20.42,19.29,14.17,33.46,65.18,153.92,93.92,66.0,1.42,0.99,2.33,50.06,95,49.56,83
2365,昆盈,電子工業,0.33,939434000.0,2846769696.969697,0.15,1038362233.1520668,0.36,99.09,124.44,42.81,167.25,15.41,60.21,35.67,35.15,1.01,0.44,1.71,215.57,59,26.82,99
2367,燿華,電子工業,0.68,16474586000.0,24227332352.941174,0.26,14214216589.682308,0.59,34.15,104.49,8.84,113.33,5.22,66.86,20.15,64.0,0.31,0.08,1.04,11.84,49,30.39,90
2352,佳世達,電腦及週邊設備業,0.63,208040050000.0,330222301587.3016,0.26,212025196044.59827,0.64,28.06,23.1,19.24,42.34,12.31,27.1,17.96,26.05,0.69,0.47,1.04,4.75,9,30.15,140
2351,順德,半導體業,1.67,10255043000.0,6140744311.377246,0.8,11436897610.743696,1.86,37.9,98.13,16.63,114.76,30.93,213.45,70.49,180.0,0.39,0.17,1.19,44.16,123,34.66,161
2330,台積電,半導體業,66.26,3752213811000.0,56628641880.47087,33.2,4808187038921.179,84.91,25.67,17.52,17.35,34.87,1473.19,2960.81,2179.6,2185.0,1.0,0.67,1.36,30.54,172,54.4,167
2331,精英,電子工業,1.4,19946465000.0,14247475000.0,0.62,25157397926.824566,1.77,24.41,27.69,13.38,41.07,23.68,72.69,43.2,18.65,2.32,1.27,3.9,16.36,14,15.61,155
2332,友訊,通信網路業,-0.91,13320681000.0,0.0,0.0,14143748219.616808,0.0,338.84,1014.21,25.79,1040.0,0.0,0.0,0.0,13.95,0.0,0.0,0.0,18.31,184,11.93,9
2337,旺宏,半導體業,-1.78,28063863000.0,0.0,0.0,51886342717.89461,0.0,0.0,0.0,0.0,0.0,0.0,0.0,0.0,141.0,0.0,0.0,0.0,7.4,73,85.62,176
2338,光罩,半導體業,-4.99,6212835000.0,0.0,0.0,5551081502.820994,0.0,25.01,17.7,15.44,33.14,0.0,0.0,0.0,49.85,0.0,0.0,0.0,17.25,52,42.45,99
2342,茂矽,半導體業,-0.48,2073952000.0,0.0,0.0,1827968708.9707038,0.0,366.68,1273.27,25.06,1298.33,0.0,0.0,0.0,38.25,0.0,0.0,0.0,10.09,150,59.25,155
2344,華邦電,半導體業,0.88,86008121000.0,97736501136.36363,0.69,174350198322.91406,1.78,107.93,132.99,29.32,162.31,52.19,288.91,192.11,115.5,1.66,0.45,2.5,5.69,32,256.87,181
2345,智邦,通信網路業,47.13,237761128000.0,5044793719.499257,24.49,386099179647.4367,76.53,33.11,34.06,20.26,54.32,1550.5,4157.11,2533.59,2355.0,1.08,0.66,1.77,24.01,184,63.35,168
2347,聯強,電子工業,5.09,404171231000.0,79404956974.45973,2.91,569814279118.9841,7.18,13.87,8.45,10.63,19.08,76.32,136.99,99.61,83.7,1.19,0.91,1.64,5.6,8,2.22,22
2348,海悅,其他,6.85,7027149000.0,1025861167.8832117,2.21,5512530604.64018,5.37,13.07,13.36,7.84,21.2,42.1,113.84,70.2,69.1,1.02,0.61,1.65,79.81,70,5.1,1
2348A,海悅甲特,其他,0.0,0.0,0.0,0.0,0.0,0.0,0.0,0.0,0.0,0.0,0.0,0.0,0.0,37.7,0.0,0.0,0.0,4.6,182,2.22,55
2349,錸德,光電業,-0.36,7529703000.0,0.0,0.0,7247032089.255817,0.0,187.78,121.43,122.57,244.0,0.0,0.0,0.0,12.15,0.0,0.0,0.0,134.15,49,17.31,83
1463,強盛新,紡織纖維,0.14,1170751000.0,8362507142.857142,0.01,121515776.39420177,0.01,34.65,146.91,4.63,151.54,0.05,1.52,0.35,18.2,0.02,0.0,0.08,34.75,86,3.2,7
1460,宏遠,紡織纖維,-0.27,7646438000.0,0.0,0.0,6002292704.113395,0.0,0.0,0.0,0.0,0.0,0.0,0.0,0.0,7.03,0.0,0.0,0.0,2.77,49,4.58,6
1459,聯發,紡織纖維,0.81,1252518000.0,1546318518.5185184,0.26,843975010.1858208,0.55,32.2,96.06,7.58,103.64,4.17,57.0,17.71,11.75,1.51,0.35,4.85,1.33,2,1.24,79
00783,富邦中証500,ETF,0.0,0.0,0.0,0.0,0.0,0.0,0.0,0.0,0.0,0.0,0.0,0.0,0.0,30.38,0.0,0.0,0.0,33.4,140,35.08,142
00830,國泰費城半導體,ETF,0.0,0.0,0.0,0.0,0.0,0.0,0.0,0.0,0.0,0.0,0.0,0.0,0.0,79.35,0.0,0.0,0.0,19.13,52,53.35,163
00752,中信中國50,ETF,0.0,0.0,0.0,0.0,0.0,0.0,0.0,0.0,0.0,0.0,0.0,0.0,0.0,23.69,0.0,0.0,0.0,23.41,140,22.43,135
00753L,中信中國50正2,ETF,0.0,0.0,0.0,0.0,0.0,0.0,0.0,0.0,0.0,0.0,0.0,0.0,0.0,10.17,0.0,0.0,0.0,48.32,140,46.23,135
00757,統一FANG+,ETF,0.0,0.0,0.0,0.0,0.0,0.0,0.0,0.0,0.0,0.0,0.0,0.0,0.0,126.35,0.0,0.0,0.0,21.16,178,28.1,164
00762,元大全球AI,ETF,0.0,0.0,0.0,0.0,0.0,0.0,0.0,0.0,0.0,0.0,0.0,0.0,0.0,107.05,0.0,0.0,0.0,14.36,184,41.59,163
00763U,期街口道瓊銅,ETF,0.0,0.0,0.0,0.0,0.0,0.0,0.0,0.0,0.0,0.0,0.0,0.0,0.0,33.11,0.0,0.0,0.0,0.0,0,23.69,65
00770,國泰北美科技,ETF,0.0,0.0,0.0,0.0,0.0,0.0,0.0,0.0,0.0,0.0,0.0,0.0,0.0,63.4,0.0,0.0,0.0,16.93,177,35.91,163
00771,元大US高息特別股,ETF,0.0,0.0,0.0,0.0,0.0,0.0,0.0,0.0,0.0,0.0,0.0,0.0,0.0,16.05,0.0,0.0,0.0,6.14,150,4.42,160
00775B,新光投等債15+,ETF,0.0,0.0,0.0,0.0,0.0,0.0,0.0,0.0,0.0,0.0,0.0,0.0,0.0,31.29,0.0,0.0,0.0,5.96,121,9.67,156
00850,元大臺灣ESG永續,ETF,0.0,0.0,0.0,0.0,0.0,0.0,0.0,0.0,0.0,0.0,0.0,0.0,0.0,78.75,0.0,0.0,0.0,16.96,52,30.75,164
00851,台新全球AI,ETF,0.0,0.0,0.0,0.0,0.0,0.0,0.0,0.0,0.0,0.0,0.0,0.0,0.0,63.1,0.0,0.0,0.0,15.9,176,24.95,167
00852L,國泰美國道瓊正2,ETF,0.0,0.0,0.0,0.0,0.0,0.0,0.0,0.0,0.0,0.0,0.0,0.0,0.0,31.06,0.0,0.0,0.0,16.44,176,27.06,177
00896,中信綠能及電動車,ETF,0.0,0.0,0.0,0.0,0.0,0.0,0.0,0.0,0.0,0.0,0.0,0.0,0.0,25.24,0.0,0.0,0.0,10.04,52,30.1,162
00897,富邦基因免疫生技,ETF,0.0,0.0,0.0,0.0,0.0,0.0,0.0,0.0,0.0,0.0,0.0,0.0,0.0,9.44,0.0,0.0,0.0,8.27,70,35.42,177
00898,國泰基因免疫革命,ETF,0.0,0.0,0.0,0.0,0.0,0.0,0.0,0.0,0.0,0.0,0.0,0.0,0.0,7.8,0.0,0.0,0.0,9.31,70,27.24,177
00899,FT潔淨能源,ETF,0.0,0.0,0.0,0.0,0.0,0.0,0.0,0.0,0.0,0.0,0.0,0.0,0.0,26.75,0.0,0.0,0.0,7.35,15,55.6,170
00900,富邦特選高股息30,ETF,0.0,0.0,0.0,0.0,0.0,0.0,0.0,0.0,0.0,0.0,0.0,0.0,0.0,16.54,0.0,0.0,0.0,5.87,31,3.01,149
00901,永豐智能車供應鏈,ETF,0.0,0.0,0.0,0.0,0.0,0.0,0.0,0.0,0.0,0.0,0.0,0.0,0.0,39.26,0.0,0.0,0.0,22.47,52,48.04,164
00902,中信電池及儲能,ETF,0.0,0.0,0.0,0.0,0.0,0.0,0.0,0.0,0.0,0.0,0.0,0.0,0.0,15.92,0.0,0.0,0.0,10.33,140,80.89,177
00903,富邦元宇宙,ETF,0.0,0.0,0.0,0.0,0.0,0.0,0.0,0.0,0.0,0.0,0.0,0.0,0.0,21.11,0.0,0.0,0.0,14.26,57,35.03,163
00904,新光臺灣半導體30,ETF,0.0,0.0,0.0,0.0,0.0,0.0,0.0,0.0,0.0,0.0,0.0,0.0,0.0,36.78,0.0,0.0,0.0,21.14,52,31.14,154
00905,FT臺灣Smart,ETF,0.0,0.0,0.0,0.0,0.0,0.0,0.0,0.0,0.0,0.0,0.0,0.0,0.0,23.62,0.0,0.0,0.0,22.63,56,32.31,164
00907,永豐優息存股,ETF,0.0,0.0,0.0,0.0,0.0,0.0,0.0,0.0,0.0,0.0,0.0,0.0,0.0,14.7,0.0,0.0,0.0,2.93,18,3.15,155
00908,富邦入息REITs+,ETF,0.0,0.0,0.0,0.0,0.0,0.0,0.0,0.0,0.0,0.0,0.0,0.0,0.0,14.18,0.0,0.0,0.0,11.95,134,8.21,176
00909,國泰數位支付服務,ETF,0.0,0.0,0.0,0.0,0.0,0.0,0.0,0.0,0.0,0.0,0.0,0.0,0.0,45.85,0.0,0.0,0.0,37.65,176,75.97,149
00910,第一金太空衛星,ETF,0.0,0.0,0.0,0.0,0.0,0.0,0.0,0.0,0.0,0.0,0.0,0.0,0.0,75.1,0.0,0.0,0.0,51.16,184,66.14,142
00911,兆豐洲際半導體,ETF,0.0,0.0,0.0,0.0,0.0,0.0,0.0,0.0,0.0,0.0,0.0,0.0,0.0,53.5,0.0,0.0,0.0,17.93,52,43.78,163
00912,中信臺灣智慧50,ETF,0.0,0.0,0.0,0.0,0.0,0.0,0.0,0.0,0.0,0.0,0.0,0.0,0.0,29.21,0.0,0.0,0.0,17.03,52,19.24,164
00913,兆豐台灣晶圓製造,ETF,0.0,0.0,0.0,0.0,0.0,0.0,0.0,0.0,0.0,0.0,0.0,0.0,0.0,41.16,0.0,0.0,0.0,19.61,52,26.99,164
00915,凱基優選高股息30,ETF,0.0,0.0,0.0,0.0,0.0,0.0,0.0,0.0,0.0,0.0,0.0,0.0,0.0,27.0,0.0,0.0,0.0,6.92,29,1.2,1
00916,國泰全球品牌50,ETF,0.0,0.0,0.0,0.0,0.0,0.0,0.0,0.0,0.0,0.0,0.0,0.0,0.0,27.67,0.0,0.0,0.0,12.52,178,16.59,177
00917,中信特選金融,ETF,0.0,0.0,0.0,0.0,0.0,0.0,0.0,0.0,0.0,0.0,0.0,0.0,0.0,21.4,0.0,0.0,0.0,19.44,176,13.89,177
00918,大華優利高填息30,ETF,0.0,0.0,0.0,0.0,0.0,0.0,0.0,0.0,0.0,0.0,0.0,0.0,0.0,25.78,0.0,0.0,0.0,5.45,29,2.95,163
00919,群益台灣精選高息,ETF,0.0,0.0,0.0,0.0,0.0,0.0,0.0,0.0,0.0,0.0,0.0,0.0,0.0,25.98,0.0,0.0,0.0,6.87,31,1.06,1
00920,富邦ESG綠色電力,ETF,0.0,0.0,0.0,0.0,0.0,0.0,0.0,0.0,0.0,0.0,0.0,0.0,0.0,24.99,0.0,0.0,0.0,5.34,17,56.09,174
00921,兆豐龍頭等權重,ETF,0.0,0.0,0.0,0.0,0.0,0.0,0.0,0.0,0.0,0.0,0.0,0.0,0.0,20.7,0.0,0.0,0.0,1.85,29,7.4,90
00922,國泰台灣領袖50,ETF,0.0,0.0,0.0,0.0,0.0,0.0,0.0,0.0,0.0,0.0,0.0,0.0,0.0,34.8,0.0,0.0,0.0,17.56,52,32.52,149
00895,富邦未來車,ETF,0.0,0.0,0.0,0.0,0.0,0.0,0.0,0.0,0.0,0.0,0.0,0.0,0.0,48.4,0.0,0.0,0.0,27.92,176,36.3,163
00894,中信小資高價30,ETF,0.0,0.0,0.0,0.0,0.0,0.0,0.0,0.0,0.0,0.0,0.0,0.0,0.0,43.79,0.0,0.0,0.0,21.83,52,51.16,167
00892,富邦台灣半導體,ETF,0.0,0.0,0.0,0.0,0.0,0.0,0.0,0.0,0.0,0.0,0.0,0.0,0.0,40.05,0.0,0.0,0.0,22.97,52,34.71,164
00861,元大全球未來通訊,ETF,0.0,0.0,0.0,0.0,0.0,0.0,0.0,0.0,0.0,0.0,0.0,0.0,0.0,80.9,0.0,0.0,0.0,13.67,52,32.31,167
00865B,國泰US短期公債,ETF,0.0,0.0,0.0,0.0,0.0,0.0,0.0,0.0,0.0,0.0,0.0,0.0,0.0,48.13,0.0,0.0,0.0,3.28,178,5.45,184
00875,國泰網路資安,ETF,0.0,0.0,0.0,0.0,0.0,0.0,0.0,0.0,0.0,0.0,0.0,0.0,0.0,44.38,0.0,0.0,0.0,11.85,176,9.73,160
00876,元大全球5G,ETF,0.0,0.0,0.0,0.0,0.0,0.0,0.0,0.0,0.0,0.0,0.0,0.0,0.0,80.0,0.0,0.0,0.0,13.91,52,44.03,168
00878,國泰永續高股息,ETF,0.0,0.0,0.0,0.0,0.0,0.0,0.0,0.0,0.0,0.0,0.0,0.0,0.0,26.93,0.0,0.0,0.0,6.78,52,5.73,162
00881,國泰台灣科技龍頭,ETF,0.0,0.0,0.0,0.0,0.0,0.0,0.0,0.0,0.0,0.0,0.0,0.0,0.0,47.66,0.0,0.0,0.0,23.2,52,45.83,164
00882,中信中國高股息,ETF,0.0,0.0,0.0,0.0,0.0,0.0,0.0,0.0,0.0,0.0,0.0,0.0,0.0,15.87,0.0,0.0,0.0,21.53,140,24.14,177
00885,富邦越南,ETF,0.0,0.0,0.0,0.0,0.0,0.0,0.0,0.0,0.0,0.0,0.0,0.0,0.0,19.1,0.0,0.0,0.0,0.24,134,52.36,147
00891,中信關鍵半導體,ETF,0.0,0.0,0.0,0.0,0.0,0.0,0.0,0.0,0.0,0.0,0.0,0.0,0.0,31.22,0.0,0.0,0.0,18.8,52,22.45,164
00893,國泰智能電動車,ETF,0.0,0.0,0.0,0.0,0.0,0.0,0.0,0.0,0.0,0.0,0.0,0.0,0.0,43.45,0.0,0.0,0.0,22.3,176,49.23,163
00739,元大MSCI A股,ETF,0.0,0.0,0.0,0.0,0.0,0.0,0.0,0.0,0.0,0.0,0.0,0.0,0.0,28.85,0.0,0.0,0.0,25.64,140,25.04,142
00738U,期元大道瓊白銀,ETF,0.0,0.0,0.0,0.0,0.0,0.0,0.0,0.0,0.0,0.0,0.0,0.0,0.0,59.75,0.0,0.0,0.0,4.99,156,64.0,177
00737,國泰AI機器人,ETF,0.0,0.0,0.0,0.0,0.0,0.0,0.0,0.0,0.0,0.0,0.0,0.0,0.0,36.59,0.0,0.0,0.0,8.83,176,25.84,160
00641R,富邦日本反1,ETF,0.0,0.0,0.0,0.0,0.0,0.0,0.0,0.0,0.0,0.0,0.0,0.0,0.0,4.04,0.0,0.0,0.0,22.22,77,1.03,2
00642U,期元大S&P石油,ETF,0.0,0.0,0.0,0.0,0.0,0.0,0.0,0.0,0.0,0.0,0.0,0.0,0.0,32.79,0.0,0.0,0.0,5.53,46,22.1,34
00643,群益深証中小,ETF,0.0,0.0,0.0,0.0,0.0,0.0,0.0,0.0,0.0,0.0,0.0,0.0,0.0,20.11,0.0,0.0,0.0,38.3,140,37.92,142
00643K,群益深証中小+R,ETF,0.0,0.0,0.0,0.0,0.0,0.0,0.0,0.0,0.0,0.0,0.0,0.0,0.0,0.0,0.0,0.0,0.0,0.0,0,0.0,0
00645,富邦日本,ETF,0.0,0.0,0.0,0.0,0.0,0.0,0.0,0.0,0.0,0.0,0.0,0.0,0.0,53.15,0.0,0.0,0.0,6.58,52,24.26,177
00646,元大S&P500,ETF,0.0,0.0,0.0,0.0,0.0,0.0,0.0,0.0,0.0,0.0,0.0,0.0,0.0,73.2,0.0,0.0,0.0,14.04,178,19.13,177
00647L,元大S&P500正2,ETF,0.0,0.0,0.0,0.0,0.0,0.0,0.0,0.0,0.0,0.0,0.0,0.0,0.0,130.05,0.0,0.0,0.0,21.09,175,31.02,162
00648R,元大S&P500反1,ETF,0.0,0.0,0.0,0.0,0.0,0.0,0.0,0.0,0.0,0.0,0.0,0.0,0.0,4.08,0.0,0.0,0.0,2.82,80,1.62,2
00650L,復華香港正2,ETF,0.0,0.0,0.0,0.0,0.0,0.0,0.0,0.0,0.0,0.0,0.0,0.0,0.0,17.17,0.0,0.0,0.0,35.9,140,35.21,135
00651R,復華香港反1,ETF,0.0,0.0,0.0,0.0,0.0,0.0,0.0,0.0,0.0,0.0,0.0,0.0,0.0,5.25,0.0,0.0,0.0,15.68,78,2.68,13
00652,富邦印度,ETF,0.0,0.0,0.0,0.0,0.0,0.0,0.0,0.0,0.0,0.0,0.0,0.0,0.0,31.99,0.0,0.0,0.0,12.99,129,2.7,184
00653L,富邦印度正2,ETF,0.0,0.0,0.0,0.0,0.0,0.0,0.0,0.0,0.0,0.0,0.0,0.0,0.0,44.73,0.0,0.0,0.0,25.19,130,4.81,155
00654R,富邦印度反1,ETF,0.0,0.0,0.0,0.0,0.0,0.0,0.0,0.0,0.0,0.0,0.0,0.0,0.0,6.94,0.0,0.0,0.0,1.61,16,3.49,79
00655L,國泰中國A50正2,ETF,0.0,0.0,0.0,0.0,0.0,0.0,0.0,0.0,0.0,0.0,0.0,0.0,0.0,35.63,0.0,0.0,0.0,50.18,140,35.44,160
00656R,國泰中國A50反1,ETF,0.0,0.0,0.0,0.0,0.0,0.0,0.0,0.0,0.0,0.0,0.0,0.0,0.0,5.88,0.0,0.0,0.0,12.15,121,3.04,13
00657,國泰日經225,ETF,0.0,0.0,0.0,0.0,0.0,0.0,0.0,0.0,0.0,0.0,0.0,0.0,0.0,70.1,0.0,0.0,0.0,8.15,52,39.11,164
00657K,國泰日經225+U,ETF,0.0,0.0,0.0,0.0,0.0,0.0,0.0,0.0,0.0,0.0,0.0,0.0,0.0,22.21,0.0,0.0,0.0,6.37,52,35.25,167
00660,元大歐洲50,ETF,0.0,0.0,0.0,0.0,0.0,0.0,0.0,0.0,0.0,0.0,0.0,0.0,0.0,42.47,0.0,0.0,0.0,0.76,133,5.59,177
00661,元大日經225,ETF,0.0,0.0,0.0,0.0,0.0,0.0,0.0,0.0,0.0,0.0,0.0,0.0,0.0,77.0,0.0,0.0,0.0,7.89,52,39.4,164
00662,富邦NASDAQ,ETF,0.0,0.0,0.0,0.0,0.0,0.0,0.0,0.0,0.0,0.0,0.0,0.0,0.0,117.35,0.0,0.0,0.0,14.33,175,23.96,163
00663L,國泰臺灣加權正2,ETF,0.0,0.0,0.0,0.0,0.0,0.0,0.0,0.0,0.0,0.0,0.0,0.0,0.0,84.45,0.0,0.0,0.0,31.09,52,2.56,1
00664R,國泰臺灣加權反1,ETF,0.0,0.0,0.0,0.0,0.0,0.0,0.0,0.0,0.0,0.0,0.0,0.0,0.0,1.89,0.0,0.0,0.0,6.43,77,2.94,13
00665L,富邦恒生國企正2,ETF,0.0,0.0,0.0,0.0,0.0,0.0,0.0,0.0,0.0,0.0,0.0,0.0,0.0,9.71,0.0,0.0,0.0,41.24,140,28.1,135
00666R,富邦恒生國企反1,ETF,0.0,0.0,0.0,0.0,0.0,0.0,0.0,0.0,0.0,0.0,0.0,0.0,0.0,9.07,0.0,0.0,0.0,16.02,77,3.47,13
00668,國泰美國道瓊,ETF,0.0,0.0,0.0,0.0,0.0,0.0,0.0,0.0,0.0,0.0,0.0,0.0,0.0,57.0,0.0,0.0,0.0,11.09,176,16.69,177
00640L,富邦日本正2,ETF,0.0,0.0,0.0,0.0,0.0,0.0,0.0,0.0,0.0,0.0,0.0,0.0,0.0,93.5,0.0,0.0,0.0,12.61,52,50.99,177
00668K,國泰美國道瓊+U,ETF,0.0,0.0,0.0,0.0,0.0,0.0,0.0,0.0,0.0,0.0,0.0,0.0,0.0,18.03,0.0,0.0,0.0,10.67,176,12.82,177
00639,富邦深100,ETF,0.0,0.0,0.0,0.0,0.0,0.0,0.0,0.0,0.0,0.0,0.0,0.0,0.0,17.56,0.0,0.0,0.0,55.6,140,38.79,163
00637L,元大滬深300正2,ETF,0.0,0.0,0.0,0.0,0.0,0.0,0.0,0.0,0.0,0.0,0.0,0.0,0.0,21.15,0.0,0.0,0.0,52.02,140,36.49,160
00401A,主動摩根台灣鑫收,ETF,0.0,0.0,0.0,0.0,0.0,0.0,0.0,0.0,0.0,0.0,0.0,0.0,0.0,12.17,0.0,0.0,0.0,21.39,32,21.39,32
00403A,主動統一升級50,ETF,0.0,0.0,0.0,0.0,0.0,0.0,0.0,0.0,0.0,0.0,0.0,0.0,0.0,9.66,0.0,0.0,0.0,0.0,0,0.0,0
0050,元大台灣50,ETF,0.0,0.0,0.0,0.0,0.0,0.0,0.0,0.0,0.0,0.0,0.0,0.0,0.0,92.5,0.0,0.0,0.0,21.26,52,4.34,21
0051,元大中型100,ETF,0.0,0.0,0.0,0.0,0.0,0.0,0.0,0.0,0.0,0.0,0.0,0.0,0.0,128.2,0.0,0.0,0.0,8.12,52,29.09,177
0052,富邦科技,ETF,0.0,0.0,0.0,0.0,0.0,0.0,0.0,0.0,0.0,0.0,0.0,0.0,0.0,54.45,0.0,0.0,0.0,25.0,52,49.99,164
0053,元大電子,ETF,0.0,0.0,0.0,0.0,0.0,0.0,0.0,0.0,0.0,0.0,0.0,0.0,0.0,212.25,0.0,0.0,0.0,23.29,52,49.11,164
0055,元大MSCI金融,ETF,0.0,0.0,0.0,0.0,0.0,0.0,0.0,0.0,0.0,0.0,0.0,0.0,0.0,33.97,0.0,0.0,0.0,10.53,151,11.53,148
0056,元大高股息,ETF,0.0,0.0,0.0,0.0,0.0,0.0,0.0,0.0,0.0,0.0,0.0,0.0,0.0,44.04,0.0,0.0,0.0,7.54,52,10.41,155
0057,富邦摩台,ETF,0.0,0.0,0.0,0.0,0.0,0.0,0.0,0.0,0.0,0.0,0.0,0.0,0.0,274.65,0.0,0.0,0.0,20.94,52,40.6,164
0061,元大寶滬深,ETF,0.0,0.0,0.0,0.0,0.0,0.0,0.0,0.0,0.0,0.0,0.0,0.0,0.0,24.79,0.0,0.0,0.0,47.85,140,25.68,177
006203,元大MSCI台灣,ETF,0.0,0.0,0.0,0.0,0.0,0.0,0.0,0.0,0.0,0.0,0.0,0.0,0.0,168.75,0.0,0.0,0.0,20.89,52,39.53,164
006204,永豐臺灣加權,ETF,0.0,0.0,0.0,0.0,0.0,0.0,0.0,0.0,0.0,0.0,0.0,0.0,0.0,200.5,0.0,0.0,0.0,15.21,52,31.57,168
006205,富邦上証,ETF,0.0,0.0,0.0,0.0,0.0,0.0,0.0,0.0,0.0,0.0,0.0,0.0,0.0,41.32,0.0,0.0,0.0,27.05,140,25.22,177
006206,元大上證50,ETF,0.0,0.0,0.0,0.0,0.0,0.0,0.0,0.0,0.0,0.0,0.0,0.0,0.0,37.01,0.0,0.0,0.0,28.52,140,20.54,178
006207,復華滬深,ETF,0.0,0.0,0.0,0.0,0.0,0.0,0.0,0.0,0.0,0.0,0.0,0.0,0.0,33.18,0.0,0.0,0.0,30.0,140,28.1,177
006208,富邦台50,ETF,0.0,0.0,0.0,0.0,0.0,0.0,0.0,0.0,0.0,0.0,0.0,0.0,0.0,214.1,0.0,0.0,0.0,21.76,52,43.01,164
00625K,富邦上証+R,ETF,0.0,0.0,0.0,0.0,0.0,0.0,0.0,0.0,0.0,0.0,0.0,0.0,0.0,0.0,0.0,0.0,0.0,0.0,0,0.0,0
00631L,元大台灣50正2,ETF,0.0,0.0,0.0,0.0,0.0,0.0,0.0,0.0,0.0,0.0,0.0,0.0,0.0,29.51,0.0,0.0,0.0,32.19,52,82.48,164
00632R,元大台灣50反1,ETF,0.0,0.0,0.0,0.0,0.0,0.0,0.0,0.0,0.0,0.0,0.0,0.0,0.0,11.73,0.0,0.0,0.0,5.65,77,2.76,13
00633L,富邦上証正2,ETF,0.0,0.0,0.0,0.0,0.0,0.0,0.0,0.0,0.0,0.0,0.0,0.0,0.0,51.05,0.0,0.0,0.0,50.58,140,34.38,160
00634R,富邦上証反1,ETF,0.0,0.0,0.0,0.0,0.0,0.0,0.0,0.0,0.0,0.0,0.0,0.0,0.0,3.11,0.0,0.0,0.0,11.74,119,3.2,13
00635U,期元大S&P黃金,ETF,0.0,0.0,0.0,0.0,0.0,0.0,0.0,0.0,0.0,0.0,0.0,0.0,0.0,46.86,0.0,0.0,0.0,10.92,163,32.45,150
00636,國泰中國A50,ETF,0.0,0.0,0.0,0.0,0.0,0.0,0.0,0.0,0.0,0.0,0.0,0.0,0.0,28.31,0.0,0.0,0.0,30.54,140,21.29,177
00636K,國泰中國A50+U,ETF,0.0,0.0,0.0,0.0,0.0,0.0,0.0,0.0,0.0,0.0,0.0,0.0,0.0,9.01,0.0,0.0,0.0,20.12,141,18.5,163
00638R,元大滬深300反1,ETF,0.0,0.0,0.0,0.0,0.0,0.0,0.0,0.0,0.0,0.0,0.0,0.0,0.0,6.67,0.0,0.0,0.0,12.24,121,2.95,13
00923,群益台ESG低碳50,ETF,0.0,0.0,0.0,0.0,0.0,0.0,0.0,0.0,0.0,0.0,0.0,0.0,0.0,36.52,0.0,0.0,0.0,18.57,52,28.91,164
00669R,國泰美國道瓊反1,ETF,0.0,0.0,0.0,0.0,0.0,0.0,0.0,0.0,0.0,0.0,0.0,0.0,0.0,5.6,0.0,0.0,0.0,5.31,10,1.75,2
00671R,富邦NASDAQ反1,ETF,0.0,0.0,0.0,0.0,0.0,0.0,0.0,0.0,0.0,0.0,0.0,0.0,0.0,2.52,0.0,0.0,0.0,4.52,77,1.48,2
00707R,期元大S&P日圓反1,ETF,0.0,0.0,0.0,0.0,0.0,0.0,0.0,0.0,0.0,0.0,0.0,0.0,0.0,31.98,0.0,0.0,0.0,0.0,0,0.0,0
00708L,期元大S&P黃金正2,ETF,0.0,0.0,0.0,0.0,0.0,0.0,0.0,0.0,0.0,0.0,0.0,0.0,0.0,88.0,0.0,0.0,0.0,21.6,163,73.75,150
00709,富邦歐洲,ETF,0.0,0.0,0.0,0.0,0.0,0.0,0.0,0.0,0.0,0.0,0.0,0.0,0.0,37.87,0.0,0.0,0.0,2.24,106,13.32,177
00710B,復華彭博非投等債,ETF,0.0,0.0,0.0,0.0,0.0,0.0,0.0,0.0,0.0,0.0,0.0,0.0,0.0,18.86,0.0,0.0,0.0,2.63,178,2.72,107
00711B,復華彭博新興債,ETF,0.0,0.0,0.0,0.0,0.0,0.0,0.0,0.0,0.0,0.0,0.0,0.0,0.0,15.7,0.0,0.0,0.0,6.22,121,11.59,182
00712,復華富時不動產,ETF,0.0,0.0,0.0,0.0,0.0,0.0,0.0,0.0,0.0,0.0,0.0,0.0,0.0,8.7,0.0,0.0,0.0,4.13,58,7.92,111
00713,元大台灣高息低波,ETF,0.0,0.0,0.0,0.0,0.0,0.0,0.0,0.0,0.0,0.0,0.0,0.0,0.0,55.0,0.0,0.0,0.0,3.85,29,0.48,1
00714,群益道瓊美國地產,ETF,0.0,0.0,0.0,0.0,0.0,0.0,0.0,0.0,0.0,0.0,0.0,0.0,0.0,21.38,0.0,0.0,0.0,15.06,127,4.13,156
00715L,期街口布蘭特正2,ETF,0.0,0.0,0.0,0.0,0.0,0.0,0.0,0.0,0.0,0.0,0.0,0.0,0.0,68.7,0.0,0.0,0.0,9.21,46,39.54,34
00717,富邦美國特別股,ETF,0.0,0.0,0.0,0.0,0.0,0.0,0.0,0.0,0.0,0.0,0.0,0.0,0.0,14.9,0.0,0.0,0.0,6.13,149,5.35,125
00728,第一金工業30,ETF,0.0,0.0,0.0,0.0,0.0,0.0,0.0,0.0,0.0,0.0,0.0,0.0,0.0,55.9,0.0,0.0,0.0,14.13,52,24.24,167
00730,富邦臺灣優質高息,ETF,0.0,0.0,0.0,0.0,0.0,0.0,0.0,0.0,0.0,0.0,0.0,0.0,0.0,26.17,0.0,0.0,0.0,9.63,149,15.64,104
00731,復華富時高息低波,ETF,0.0,0.0,0.0,0.0,0.0,0.0,0.0,0.0,0.0,0.0,0.0,0.0,0.0,74.65,0.0,0.0,0.0,5.1,52,3.77,155
00733,富邦臺灣中小,ETF,0.0,0.0,0.0,0.0,0.0,0.0,0.0,0.0,0.0,0.0,0.0,0.0,0.0,67.0,0.0,0.0,0.0,4.81,31,22.64,149
00735,國泰臺韓科技,ETF,0.0,0.0,0.0,0.0,0.0,0.0,0.0,0.0,0.0,0.0,0.0,0.0,0.0,92.95,0.0,0.0,0.0,24.93,46,66.94,167
00736,國泰新興市場,ETF,0.0,0.0,0.0,0.0,0.0,0.0,0.0,0.0,0.0,0.0,0.0,0.0,0.0,29.77,0.0,0.0,0.0,10.52,140,19.22,177
00706L,期元大S&P日圓正2,ETF,0.0,0.0,0.0,0.0,0.0,0.0,0.0,0.0,0.0,0.0,0.0,0.0,0.0,19.35,0.0,0.0,0.0,17.98,119,248.66,155
00670L,富邦NASDAQ正2,ETF,0.0,0.0,0.0,0.0,0.0,0.0,0.0,0.0,0.0,0.0,0.0,0.0,0.0,199.55,0.0,0.0,0.0,21.02,52,42.09,163
00703,台新MSCI中國,ETF,0.0,0.0,0.0,0.0,0.0,0.0,0.0,0.0,0.0,0.0,0.0,0.0,0.0,19.94,0.0,0.0,0.0,30.24,140,24.06,135
00701,國泰股利精選30,ETF,0.0,0.0,0.0,0.0,0.0,0.0,0.0,0.0,0.0,0.0,0.0,0.0,0.0,31.93,0.0,0.0,0.0,5.74,53,6.65,86
00673R,期元大S&P原油反1,ETF,0.0,0.0,0.0,0.0,0.0,0.0,0.0,0.0,0.0,0.0,0.0,0.0,0.0,11.21,0.0,0.0,0.0,12.67,114,281.74,155
00674R,期元大S&P黃金反1,ETF,0.0,0.0,0.0,0.0,0.0,0.0,0.0,0.0,0.0,0.0,0.0,0.0,0.0,27.67,0.0,0.0,0.0,6.18,38,0.0,0
00675L,富邦臺灣加權正2,ETF,0.0,0.0,0.0,0.0,0.0,0.0,0.0,0.0,0.0,0.0,0.0,0.0,0.0,255.7,0.0,0.0,0.0,31.43,52,82.25,164
00676R,富邦臺灣加權反1,ETF,0.0,0.0,0.0,0.0,0.0,0.0,0.0,0.0,0.0,0.0,0.0,0.0,0.0,6.47,0.0,0.0,0.0,5.56,77,2.76,13
00678,群益那斯達克生技,ETF,0.0,0.0,0.0,0.0,0.0,0.0,0.0,0.0,0.0,0.0,0.0,0.0,0.0,34.83,0.0,0.0,0.0,13.1,70,39.43,183
00680L,元大美債20正2,ETF,0.0,0.0,0.0,0.0,0.0,0.0,0.0,0.0,0.0,0.0,0.0,0.0,0.0,6.5,0.0,0.0,0.0,19.91,114,13.49,155
00681R,元大美債20反1,ETF,0.0,0.0,0.0,0.0,0.0,0.0,0.0,0.0,0.0,0.0,0.0,0.0,0.0,21.76,0.0,0.0,0.0,2.86,10,2.58,2
00682U,期元大美元指數,ETF,0.0,0.0,0.0,0.0,0.0,0.0,0.0,0.0,0.0,0.0,0.0,0.0,0.0,20.37,0.0,0.0,0.0,2.89,178,0.0,0
00683L,期元大美元指正2,ETF,0.0,0.0,0.0,0.0,0.0,0.0,0.0,0.0,0.0,0.0,0.0,0.0,0.0,21.33,0.0,0.0,0.0,5.9,179,1.51,184
00684R,期元大美元指反1,ETF,0.0,0.0,0.0,0.0,0.0,0.0,0.0,0.0,0.0,0.0,0.0,0.0,0.0,15.24,0.0,0.0,0.0,3.04,128,3.4,43
00685L,群益臺灣加權正2,ETF,0.0,0.0,0.0,0.0,0.0,0.0,0.0,0.0,0.0,0.0,0.0,0.0,0.0,231.0,0.0,0.0,0.0,31.54,52,81.75,164
00686R,群益臺灣加權反1,ETF,0.0,0.0,0.0,0.0,0.0,0.0,0.0,0.0,0.0,0.0,0.0,0.0,0.0,1.17,0.0,0.0,0.0,5.98,77,3.54,13
00687C,國泰20年美債+櫃U,上櫃ETF,0.0,0.0,0.0,0.0,0.0,0.0,0.0,0.0,0.0,0.0,0.0,0.0,0.0,9.03,0.0,0.0,0.0,7.79,53,8.67,155
00688L,國泰20年美債正2,ETF,0.0,0.0,0.0,0.0,0.0,0.0,0.0,0.0,0.0,0.0,0.0,0.0,0.0,6.48,0.0,0.0,0.0,19.88,114,13.53,155
00689R,國泰20年美債反1,ETF,0.0,0.0,0.0,0.0,0.0,0.0,0.0,0.0,0.0,0.0,0.0,0.0,0.0,22.72,0.0,0.0,0.0,2.91,10,2.47,2
00690,兆豐藍籌30,ETF,0.0,0.0,0.0,0.0,0.0,0.0,0.0,0.0,0.0,0.0,0.0,0.0,0.0,68.4,0.0,0.0,0.0,19.09,52,37.57,164
00692,富邦公司治理,ETF,0.0,0.0,0.0,0.0,0.0,0.0,0.0,0.0,0.0,0.0,0.0,0.0,0.0,80.7,0.0,0.0,0.0,18.85,52,38.55,164
00693U,期街口S&P黃豆,ETF,0.0,0.0,0.0,0.0,0.0,0.0,0.0,0.0,0.0,0.0,0.0,0.0,0.0,22.4,0.0,0.0,0.0,1.96,7,11.27,182
00700,富邦恒生國企,ETF,0.0,0.0,0.0,0.0,0.0,0.0,0.0,0.0,0.0,0.0,0.0,0.0,0.0,17.24,0.0,0.0,0.0,26.39,140,15.56,135
00702,國泰標普低波高息,ETF,0.0,0.0,0.0,0.0,0.0,0.0,0.0,0.0,0.0,0.0,0.0,0.0,0.0,23.94,0.0,0.0,0.0,10.22,150,1.91,104
00924,復華S&P500成長,ETF,0.0,0.0,0.0,0.0,0.0,0.0,0.0,0.0,0.0,0.0,0.0,0.0,0.0,31.83,0.0,0.0,0.0,18.31,178,23.75,163
00927,群益半導體收益,ETF,0.0,0.0,0.0,0.0,0.0,0.0,0.0,0.0,0.0,0.0,0.0,0.0,0.0,33.63,0.0,0.0,0.0,16.15,52,29.28,164
1219,福壽,食品工業,0.45,14343570000.0,31874600000.0,0.19,14528994840.018793,0.46,29.74,34.07,18.89,52.96,8.69,24.36,13.68,12.5,1.09,0.7,1.95,0.0,0,1.59,7
1220,台榮,食品工業,0.08,3429604000.0,42870050000.0,0.03,3418614414.701594,0.08,40.73,594.23,10.77,605.0,0.86,48.4,3.26,11.8,0.28,0.07,4.1,10.22,176,0.34,6
1225,福懋油,食品工業,1.67,12252020000.0,7336538922.155689,0.75,12464694834.048298,1.7,35.3,77.21,16.66,93.87,28.32,159.58,60.01,28.8,2.08,0.98,5.54,131.61,116,20.55,2
1227,佳格,食品工業,1.32,28448173000.0,21551646212.121212,0.58,28958680341.484035,1.34,21.12,10.9,16.73,27.63,22.42,37.02,28.3,28.3,1.0,0.79,1.31,3.44,35,0.0,0
1229,聯華,食品工業,2.6,13281855000.0,5108405769.230769,0.9,12807424481.673565,2.51,20.67,12.39,14.73,27.12,36.97,68.07,51.88,38.3,1.35,0.97,1.78,4.99,49,8.74,146
1231,聯華食,食品工業,3.93,12960746000.0,3297899745.547074,1.72,13287100803.19908,4.03,29.47,23.23,19.43,42.66,78.3,171.92,118.76,86.6,1.37,0.9,1.99,21.61,71,10.79,79
1232,大統益,食品工業,8.25,21469837000.0,2602404484.848485,3.76,22866654981.75962,8.79,18.5,3.64,17.05,20.69,149.87,181.87,162.63,149.0,1.09,1.01,1.22,8.28,154,1.23,9
1233,天仁,食品工業,0.75,2174330000.0,2899106666.6666665,0.33,2216425202.0247545,0.76,35.97,14.02,29.58,43.6,22.48,33.14,27.34,28.55,0.96,0.79,1.16,1.47,49,0.0,0
1234,黑松,食品工業,2.0,9578941000.0,4789470500.0,0.76,9365915780.633919,1.96,17.56,5.4,15.59,20.99,30.56,41.14,34.41,33.75,1.02,0.91,1.22,4.39,31,0.0,0
1235,興泰,食品工業,0.16,176147000.0,1100918750.0,0.08,275655171.1609111,0.25,94.26,553.92,14.5,568.42,3.62,142.1,23.57,37.0,0.64,0.1,3.84,89.1,161,1.89,1
1236,宏亞,食品工業,-0.43,1881933000.0,0.0,0.0,1794823944.4085946,0.0,143.37,91.0,99.38,190.38,0.0,0.0,0.0,23.7,0.0,0.0,0.0,6.43,44,23.37,136
1218,泰山,食品工業,1.59,10013154000.0,6297581132.075471,0.69,10781455778.91044,1.71,20.15,67.6,11.07,78.67,18.93,134.53,34.46,18.45,1.87,1.03,7.29,4.89,11,4.43,27
1240,茂生農經,農業科技業,5.02,2763166000.0,550431474.1035857,2.12,2790722642.437781,5.07,11.99,3.74,10.61,14.35,53.79,72.75,60.81,58.1,1.05,0.93,1.25,6.0,99,12.48,99
1264,德麥,食品工業,20.47,6763586000.0,330414557.88959455,9.24,6956396362.557458,21.05,15.06,3.95,13.07,17.02,275.12,358.27,316.97,273.0,1.16,1.01,1.31,1.9,52,4.34,55
1294,漢田生技,食品工業,4.67,752425000.0,161118843.6830835,2.41,959535712.3623252,5.96,15.49,9.23,12.27,21.5,73.13,128.14,92.33,77.8,1.19,0.94,1.65,10.15,16,8.37,114
1295,生合,食品工業,5.32,794064000.0,149260150.37593985,2.85,1593041410.3941638,10.67,19.09,20.13,9.64,29.77,102.86,317.65,203.74,51.4,3.96,2.0,6.18,29.79,129,136.36,108
1301,台塑,塑膠工業,-1.57,177551951000.0,0.0,0.0,165975514744.28882,0.0,65.97,30.43,52.62,83.05,0.0,0.0,0.0,45.4,0.0,0.0,0.0,0.0,0,16.8,181
1303,南亞,塑膠工業,0.57,261237063000.0,458310636842.1053,0.26,275712889552.99207,0.6,81.14,129.93,34.98,164.91,20.99,98.95,48.68,80.8,0.6,0.26,1.22,0.0,0,82.19,182
1256,鮮活果汁-KY,食品工業,11.18,3940213000.0,352434078.7119857,5.69,6266859934.681,17.78,15.95,8.86,12.03,20.89,213.89,371.42,283.67,183.0,1.55,1.17,2.03,3.27,2,54.24,114
1217,愛之味,食品工業,0.42,5053488000.0,12032114285.714287,0.16,5007813758.53591,0.42,34.58,62.28,17.01,79.29,7.14,33.3,14.53,9.42,1.54,0.76,3.54,7.29,46,0.45,2
1216,統一,食品工業,3.46,671991806000.0,194217284971.09827,1.47,691147405402.423,3.56,23.15,8.82,18.76,27.58,66.79,98.18,82.42,73.4,1.12,0.91,1.34,15.79,169,6.75,63
1215,卜蜂,食品工業,10.4,28114836000.0,2703349615.3846154,4.53,29888233527.96926,11.06,14.7,3.99,12.8,16.79,141.57,185.7,162.63,142.0,1.15,1.0,1.31,7.55,31,28.07,150
020029,元大ESG高股息N,ETN,0.0,0.0,0.0,0.0,0.0,0.0,0.0,0.0,0.0,0.0,0.0,0.0,0.0,14.37,0.0,0.0,0.0,6.73,31,0.0,0
020030,統一智慧電動車N,ETN,0.0,0.0,0.0,0.0,0.0,0.0,0.0,0.0,0.0,0.0,0.0,0.0,0.0,15.65,0.0,0.0,0.0,16.1,52,44.97,164
020031,統一IC設計臺灣N,ETN,0.0,0.0,0.0,0.0,0.0,0.0,0.0,0.0,0.0,0.0,0.0,0.0,0.0,9.55,0.0,0.0,0.0,11.78,30,12.0,121
020032,元大綠能N,ETN,0.0,0.0,0.0,0.0,0.0,0.0,0.0,0.0,0.0,0.0,0.0,0.0,0.0,9.56,0.0,0.0,0.0,14.85,56,53.04,161
020033,統一恒生科期N,指數投資證券(ETN),0.0,0.0,0.0,0.0,0.0,0.0,0.0,0.0,0.0,0.0,0.0,0.0,0.0,0.0,0.0,0.0,0.0,27.02,140,24.26,135
020034,元大IC設計N,ETN,0.0,0.0,0.0,0.0,0.0,0.0,0.0,0.0,0.0,0.0,0.0,0.0,0.0,12.36,0.0,0.0,0.0,13.92,31,7.87,52
020035,元大上櫃ESG高息N,指數投資證券(ETN),0.0,0.0,0.0,0.0,0.0,0.0,0.0,0.0,0.0,0.0,0.0,0.0,0.0,0.0,0.0,0.0,0.0,12.21,52,42.19,135
020036,元大金融配息N,ETN,0.0,0.0,0.0,0.0,0.0,0.0,0.0,0.0,0.0,0.0,0.0,0.0,0.0,7.82,0.0,0.0,0.0,9.87,53,0.0,0
020037,元大金融高股息N,ETN,0.0,0.0,0.0,0.0,0.0,0.0,0.0,0.0,0.0,0.0,0.0,0.0,0.0,8.72,0.0,0.0,0.0,11.06,151,0.0,0
020038,元大ESG配息N,ETN,0.0,0.0,0.0,0.0,0.0,0.0,0.0,0.0,0.0,0.0,0.0,0.0,0.0,11.1,0.0,0.0,0.0,6.89,31,4.55,119
020039,元大加權N,ETN,0.0,0.0,0.0,0.0,0.0,0.0,0.0,0.0,0.0,0.0,0.0,0.0,0.0,12.66,0.0,0.0,0.0,15.7,52,35.29,164
020040,元大上櫃ESG龍頭N,指數投資證券(ETN),0.0,0.0,0.0,0.0,0.0,0.0,0.0,0.0,0.0,0.0,0.0,0.0,0.0,0.0,0.0,0.0,0.0,15.84,52,39.13,176
020041,兆豐半導體氣候N,指數投資證券(ETN),0.0,0.0,0.0,0.0,0.0,0.0,0.0,0.0,0.0,0.0,0.0,0.0,0.0,17.68,0.0,0.0,0.0,0.0,0,0.0,0
1101,台泥,水泥工業,-1.61,152985677000.0,0.0,0.0,142251537305.95587,0.0,26.32,17.85,18.11,35.96,0.0,0.0,0.0,24.15,0.0,0.0,0.0,3.25,64,0.5,1
1101B,台泥乙特,水泥工業,0.0,0.0,0.0,0.0,0.0,0.0,0.0,0.0,0.0,0.0,0.0,0.0,0.0,45.4,0.0,0.0,0.0,0.31,7,0.73,42
1102,亞泥,水泥工業,3.0,71952957000.0,23984319000.0,1.11,64123165678.74213,2.67,13.08,5.56,10.15,15.71,27.1,41.95,34.91,34.5,1.01,0.79,1.22,5.06,133,0.0,0
1103,嘉泥,水泥工業,0.84,3024675000.0,3600803571.4285717,0.33,2707057698.508065,0.75,117.5,617.5,15.83,633.33,11.87,475.0,88.12,13.0,6.78,0.91,36.54,2.43,11,1.57,1
1104,環泥,水泥工業,2.57,7898245000.0,3073247081.7120624,1.03,7411307327.462351,2.41,12.27,5.18,9.57,14.75,23.06,35.55,29.57,27.4,1.08,0.84,1.3,8.37,45,10.83,154
1108,幸福,水泥工業,2.17,4581368000.0,2111229493.0875576,0.79,3611247266.092312,1.71,10.38,8.39,6.32,14.71,10.81,25.15,17.74,13.8,1.29,0.78,1.82,0.0,0,1.63,90
1109,信大,水泥工業,1.03,4413154000.0,4284615533.980582,0.38,3904260622.440665,0.91,12.59,10.7,8.79,19.49,8.0,17.74,11.46,14.6,0.78,0.55,1.22,0.25,49,0.57,6
1110,東泥,水泥工業,0.35,2875841000.0,8216688571.428572,0.13,2400494516.29183,0.29,49.97,71.47,27.73,99.2,8.04,28.77,14.49,13.9,1.04,0.58,2.07,20.68,73,0.96,2
1201,味全,食品工業,0.4,22021377000.0,55053442500.0,0.15,20893407983.93748,0.38,25.22,18.49,17.16,35.65,6.52,13.55,9.58,12.1,0.79,0.54,1.12,1.58,14,0.59,1
1203,味王,食品工業,1.81,5788155000.0,3197875690.6077347,0.68,4803632170.632267,1.5,20.45,11.13,14.79,25.92,22.18,38.88,30.67,41.65,0.74,0.53,0.93,7.05,73,0.61,6
1210,大成,食品工業,4.32,102153533000.0,23646651157.407406,1.91,106446195220.46803,4.5,12.93,5.11,10.43,15.54,46.94,69.93,58.17,53.0,1.1,0.89,1.32,0.0,0,3.76,43
1213,大飲,食品工業,-0.86,293246000.0,0.0,0.0,334751237.21179724,0.0,1.35,0.83,1.06,1.89,0.0,0.0,0.0,8.43,0.0,0.0,0.0,94.32,85,2.34,28
1304,台聚,塑膠工業,-2.6,44923032000.0,0.0,0.0,41291685668.665726,0.0,0.0,0.0,0.0,0.0,0.0,0.0,0.0,12.15,0.0,0.0,0.0,7.01,59,10.73,94
1305,華夏,塑膠工業,-1.58,9311305000.0,0.0,0.0,10421146130.577154,0.0,92.93,96.21,49.17,145.38,0.0,0.0,0.0,12.45,0.0,0.0,0.0,1.89,59,12.44,94
1307,三芳,塑膠工業,2.85,10823937000.0,3797872631.578947,1.25,11033784060.955065,2.91,11.75,9.57,8.3,17.87,24.15,52.0,34.19,31.35,1.09,0.77,1.66,41.67,171,1.16,7
1308,亞聚,塑膠工業,-1.76,5804421000.0,0.0,0.0,5297031551.950221,0.0,0.0,0.0,0.0,0.0,0.0,0.0,0.0,13.1,0.0,0.0,0.0,5.79,59,9.6,156
1418,東華,紡織纖維,-1.28,6372000.0,0.0,0.0,1828930.5392041442,0.0,116.75,446.06,43.94,490.0,0.0,0.0,0.0,17.9,0.0,0.0,0.0,41.85,49,5.56,83
1419,新紡,紡織纖維,4.12,4714640000.0,1144330097.0873785,2.13,5997736112.760974,5.24,18.38,23.17,4.71,27.88,24.68,146.09,96.33,62.0,1.55,0.4,2.36,1.55,45,41.84,6
1423,利華,紡織纖維,4.36,82713000.0,18970871.559633028,2.28,89725533.60120542,4.73,42.32,97.08,8.73,105.81,41.29,500.48,200.16,40.8,4.91,1.01,12.27,28.17,45,7.16,182
1434,福懋,紡織纖維,0.51,27741651000.0,54395394117.64706,0.22,25588817749.29944,0.47,43.05,97.73,16.74,114.47,7.87,53.8,20.23,15.15,1.34,0.52,3.55,0.0,0,0.57,1
1436,華友聯,建材營造,5.4,3875730000.0,717727777.7777777,0.36,2011461061.1357536,2.8,8.52,17.88,3.79,21.67,10.61,60.68,23.86,45.75,0.52,0.23,1.33,47.99,56,0.81,1
1437,勤益控,其他,2.41,937678000.0,389078008.29875517,0.77,829335863.1726758,2.13,12.93,12.45,8.86,21.31,18.87,45.39,27.55,28.35,0.97,0.67,1.6,7.48,29,2.46,6
1438,三地開發,建材營造,1.74,988580000.0,568149425.2873564,1.16,2707347338755.1865,4765.2,14.46,10.02,7.34,17.36,34976.57,82723.87,68901.68,20.65,3336.64,1693.78,4006.0,74.95,73,0.0,0
1440,南紡,紡織纖維,-0.15,14484020000.0,0.0,0.0,12121621397.021156,0.0,10.53,3.78,8.74,12.52,0.0,0.0,0.0,11.3,0.0,0.0,0.0,5.97,15,3.91,176
1441,大東,紡織纖維,-0.45,1516894000.0,0.0,0.0,1258449784.1682127,0.0,49.04,195.53,4.47,200.0,0.0,0.0,0.0,9.3,0.0,0.0,0.0,36.43,51,1.53,6
1442,名軒,建材營造,3.04,3244173000.0,1067162171.0526316,0.59,1103560275.8999455,1.03,9.08,7.38,6.27,13.65,6.46,14.06,9.35,26.25,0.36,0.25,0.54,34.86,183,16.98,22
1444,力麗,紡織纖維,-0.78,7296992000.0,0.0,0.0,7476705938.0594,0.0,71.28,104.18,24.57,128.75,0.0,0.0,0.0,5.93,0.0,0.0,0.0,3.41,60,0.56,1
1445,大宇,紡織纖維,-0.87,759419000.0,0.0,0.0,613006542.149323,0.0,2.45,1.12,1.97,3.09,0.0,0.0,0.0,11.5,0.0,0.0,0.0,2.62,28,10.77,113
1446,宏和,紡織纖維,1.62,1147559000.0,708369753.0864197,0.36,355355140.86131537,0.5,6.75,17.58,2.42,20.0,1.21,10.0,3.37,15.45,0.22,0.08,0.65,12.48,18,1.1,3
1447,力鵬,紡織纖維,-0.97,28850751000.0,0.0,0.0,30834662358.474655,0.0,128.22,26.4,117.0,143.4,0.0,0.0,0.0,5.89,0.0,0.0,0.0,18.63,51,1.26,6
1449,佳和,紡織纖維,0.13,2420960000.0,18622769230.76923,0.09,3757759510.2754045,0.2,38.12,135.02,14.07,149.09,2.81,29.82,7.62,12.25,0.62,0.23,2.43,46.65,176,1.79,1
1451,年興,紡織纖維,1.76,6154960000.0,3497136363.6363635,0.74,6850641554.638579,1.96,23.14,63.09,7.58,70.67,14.86,138.51,45.35,16.7,2.72,0.89,8.29,2.44,30,0.25,1
1452,宏益,紡織纖維,-0.41,1412669000.0,0.0,0.0,1274957108.4493182,0.0,25.49,19.77,17.73,37.5,0.0,0.0,0.0,10.55,0.0,0.0,0.0,0.29,18,13.1,104
1454,台富,紡織纖維,-1.12,1557640000.0,0.0,0.0,1202841539.926359,0.0,81.62,125.12,48.38,173.5,0.0,0.0,0.0,12.85,0.0,0.0,0.0,23.35,49,9.71,3
1455,集盛,紡織纖維,-0.98,6505126000.0,0.0,0.0,4631969442.728829,0.0,264.97,971.48,43.52,1015.0,0.0,0.0,0.0,8.17,0.0,0.0,0.0,2.74,18,2.57,6
1457,宜進,紡織纖維,1.17,3066311000.0,2620778632.4786325,0.44,2434520108.251184,0.93,15.8,34.17,5.95,40.12,5.53,37.31,14.7,14.15,1.04,0.39,2.64,0.45,18,0.84,1
1417,嘉裕,紡織纖維,0.62,424832000.0,685212903.2258065,0.19,418715797.720578,0.61,15.27,5.49,13.87,19.36,8.46,11.81,9.32,8.2,1.14,1.03,1.44,0.87,49,9.42,181
020028,元大特選電動車N,ETN,0.0,0.0,0.0,0.0,0.0,0.0,0.0,0.0,0.0,0.0,0.0,0.0,0.0,17.75,0.0,0.0,0.0,16.99,52,64.29,162
1416,廣豐,其他,0.8,357557000.0,446946250.0,0.4,440916849.21156144,0.99,17.31,13.05,12.23,25.28,12.11,25.03,17.13,11.1,1.54,1.09,2.25,1.09,140,1.59,6
1413,宏洲,紡織纖維,0.45,2159243000.0,4798317777.777778,0.17,1728143479.1913233,0.36,24.93,11.67,21.11,32.78,7.6,11.8,8.97,9.5,0.94,0.8,1.24,11.33,18,0.83,17
1309,台達化,塑膠工業,-1.07,14998545000.0,0.0,0.0,11807573873.122526,0.0,0.0,0.0,0.0,0.0,0.0,0.0,0.0,15.55,0.0,0.0,0.0,33.95,133,3.33,94
1310,台苯,塑膠工業,-1.37,9135110000.0,0.0,0.0,7972818729.869874,0.0,0.0,0.0,0.0,0.0,0.0,0.0,0.0,7.98,0.0,0.0,0.0,2.5,58,11.65,91
1312,國喬,塑膠工業,-3.97,21781269000.0,0.0,0.0,27562123321.589355,0.0,0.0,0.0,0.0,0.0,0.0,0.0,0.0,10.4,0.0,0.0,0.0,7.27,59,0.45,1
1312A,國喬特,塑膠工業,0.0,0.0,0.0,0.0,0.0,0.0,0.0,0.0,0.0,0.0,0.0,0.0,0.0,20.8,0.0,0.0,0.0,1.86,144,0.0,0
1313,聯成,塑膠工業,-1.17,61645893000.0,0.0,0.0,58796496710.459816,0.0,0.0,0.0,0.0,0.0,0.0,0.0,0.0,10.5,0.0,0.0,0.0,0.0,0,30.15,90
1314,中石化,塑膠工業,-0.78,20109851000.0,0.0,0.0,13428623745.566843,0.0,83.98,198.75,21.25,220.0,0.0,0.0,0.0,7.02,0.0,0.0,0.0,5.77,45,33.56,170
1315,達新,塑膠工業,1.55,2308500000.0,1489354838.7096775,0.47,1821106722.6532526,1.22,47.82,80.59,18.66,99.25,22.77,121.08,58.34,60.4,0.97,0.38,2.0,1.96,93,1.05,15
1316,上曜,建材營造,-0.52,4057430000.0,0.0,0.0,10034770877.46665,0.0,0.0,0.0,0.0,0.0,0.0,0.0,0.0,10.6,0.0,0.0,0.0,22.52,73,7.52,160
1319,東陽,汽車工業,6.43,25247616000.0,3926534370.139969,2.48,20688828099.17711,5.27,15.4,8.76,11.45,20.21,60.34,106.51,81.17,80.6,1.01,0.75,1.32,0.0,0,3.42,1
1321,大洋,塑膠工業,-1.25,3649201000.0,0.0,0.0,3312307069.958994,0.0,433.91,1855.31,32.19,1887.5,0.0,0.0,0.0,29.6,0.0,0.0,0.0,11.07,91,2.85,87
1323,永裕,塑膠工業,0.25,2033764000.0,8135056000.0,0.11,2034385153.1678007,0.25,48.94,189.94,7.06,197.0,1.76,49.25,12.23,19.9,0.61,0.09,2.47,0.0,0,2.91,15
1324,地球,塑膠工業,-0.82,738507000.0,0.0,0.0,656484203.5353019,0.0,312.47,1140.8,29.2,1170.0,0.0,0.0,0.0,10.2,0.0,0.0,0.0,0.0,0,5.58,155
1325,恆大,塑膠工業,-0.7,293967000.0,0.0,0.0,223382110.4407828,0.0,197.78,269.98,67.24,337.22,0.0,0.0,0.0,26.95,0.0,0.0,0.0,28.42,37,31.75,14
1326,台化,塑膠工業,-0.99,292368349000.0,0.0,0.0,302556025844.77344,0.0,134.84,473.78,19.55,493.33,0.0,0.0,0.0,44.55,0.0,0.0,0.0,0.0,0,38.79,177
1336,台翰,電子零組件業,0.72,2526028000.0,3508372222.2222223,0.27,2252377992.2007976,0.64,13.09,28.21,8.14,36.35,5.21,23.26,8.38,12.95,0.65,0.4,1.8,39.9,126,1.2,44
1337,再生-KY,塑膠工業,-1.74,682900000.0,0.0,0.0,539714592.0054388,0.0,0.0,0.0,0.0,0.0,0.0,0.0,0.0,4.67,0.0,0.0,0.0,5.06,53,2.52,1
1338,廣華-KY,汽車工業,-2.24,5359361000.0,0.0,0.0,4972190250.541308,0.0,0.0,0.0,0.0,0.0,0.0,0.0,0.0,15.9,0.0,0.0,0.0,0.58,11,4.23,16
1339,昭輝,汽車工業,2.42,1708614000.0,706038842.9752066,0.95,1369770692.7812164,1.94,13.81,14.28,8.18,22.46,15.87,43.57,26.79,40.45,0.66,0.39,1.08,0.0,0,1.88,1
1340,勝悅-KY,塑膠工業,-2.61,180630000.0,0.0,0.0,30519601.863401473,0.0,0.0,0.0,0.0,0.0,0.0,0.0,0.0,5.43,0.0,0.0,0.0,21.5,49,15.39,127
1341,富林-KY,塑膠工業,3.71,2590239000.0,698177628.032345,1.7,2607662575.048368,3.73,14.32,5.23,11.51,16.74,42.93,62.44,53.4,61.0,0.88,0.7,1.02,2.43,25,6.06,8
1342,八貫,其他,5.61,2785153000.0,496462210.3386809,3.27,3477488654.4262443,7.0,15.13,7.45,11.43,18.88,80.01,132.16,105.91,92.0,1.15,0.87,1.44,3.03,16,2.25,1
1402,遠東新,紡織纖維,1.54,254998414000.0,165583385714.2857,0.65,252913926885.43344,1.53,18.53,10.7,13.66,24.36,20.9,37.27,28.36,26.75,1.06,0.78,1.39,13.21,134,6.27,44
1409,新纖,紡織纖維,1.19,40921487000.0,34387804201.68067,0.5,38115510090.00139,1.11,16.52,16.53,10.38,26.91,11.52,29.87,18.34,16.65,1.1,0.69,1.79,7.33,58,33.83,91
1410,南染,紡織纖維,0.59,195601000.0,331527118.6440678,0.26,187186308.45325705,0.56,92.73,111.1,45.42,156.52,25.44,87.65,51.93,26.1,1.99,0.97,3.36,1.57,85,7.95,17
1414,東和,紡織纖維,0.19,468559000.0,2466100000.0,0.08,422904057.00151825,0.17,107.76,120.38,53.79,174.17,9.14,29.61,18.32,15.75,1.16,0.58,1.88,28.18,59,0.51,3
020027,元大上櫃ESG成長N,指數投資證券(ETN),0.0,0.0,0.0,0.0,0.0,0.0,0.0,0.0,0.0,0.0,0.0,0.0,0.0,9.97,0.0,0.0,0.0,18.63,52,26.67,154
020025,統一亞洲半導體N,指數投資證券(ETN),0.0,0.0,0.0,0.0,0.0,0.0,0.0,0.0,0.0,0.0,0.0,0.0,0.0,33.67,0.0,0.0,0.0,16.98,52,84.7,167
020020,元大台股領航N,ETN,0.0,0.0,0.0,0.0,0.0,0.0,0.0,0.0,0.0,0.0,0.0,0.0,0.0,23.35,0.0,0.0,0.0,21.0,52,36.62,162
00960,野村全球航運龍頭,ETF,0.0,0.0,0.0,0.0,0.0,0.0,0.0,0.0,0.0,0.0,0.0,0.0,0.0,17.57,0.0,0.0,0.0,26.42,5,1.47,122
00961,FT臺灣永續高息,ETF,0.0,0.0,0.0,0.0,0.0,0.0,0.0,0.0,0.0,0.0,0.0,0.0,0.0,11.0,0.0,0.0,0.0,0.9,6,4.76,163
00962,台新AI優息動能,ETF,0.0,0.0,0.0,0.0,0.0,0.0,0.0,0.0,0.0,0.0,0.0,0.0,0.0,13.05,0.0,0.0,0.0,2.2,77,27.97,164
00963,中信全球高股息,ETF,0.0,0.0,0.0,0.0,0.0,0.0,0.0,0.0,0.0,0.0,0.0,0.0,0.0,12.71,0.0,0.0,0.0,10.92,126,10.23,177
00964,中信亞太高股息,ETF,0.0,0.0,0.0,0.0,0.0,0.0,0.0,0.0,0.0,0.0,0.0,0.0,0.0,13.87,0.0,0.0,0.0,3.8,130,21.49,177
00965,元大航太防衛科技,ETF,0.0,0.0,0.0,0.0,0.0,0.0,0.0,0.0,0.0,0.0,0.0,0.0,0.0,24.52,0.0,0.0,0.0,23.64,181,35.72,167
00971,野村美國研發龍頭,ETF,0.0,0.0,0.0,0.0,0.0,0.0,0.0,0.0,0.0,0.0,0.0,0.0,0.0,16.5,0.0,0.0,0.0,2.54,40,26.16,163
00972,野村日本動能高息,ETF,0.0,0.0,0.0,0.0,0.0,0.0,0.0,0.0,0.0,0.0,0.0,0.0,0.0,19.29,0.0,0.0,0.0,11.48,70,14.31,181
009800,中信NASDAQ,ETF,0.0,0.0,0.0,0.0,0.0,0.0,0.0,0.0,0.0,0.0,0.0,0.0,0.0,12.68,0.0,0.0,0.0,2.4,7,24.11,163
009801,中信美國創新科技,ETF,0.0,0.0,0.0,0.0,0.0,0.0,0.0,0.0,0.0,0.0,0.0,0.0,0.0,11.89,0.0,0.0,0.0,2.3,170,29.26,163
009802,富邦旗艦50,ETF,0.0,0.0,0.0,0.0,0.0,0.0,0.0,0.0,0.0,0.0,0.0,0.0,0.0,16.73,0.0,0.0,0.0,8.98,175,19.64,162
009803,玉山市值動能50,ETF,0.0,0.0,0.0,0.0,0.0,0.0,0.0,0.0,0.0,0.0,0.0,0.0,0.0,19.2,0.0,0.0,0.0,19.15,183,35.57,163
009804,聯邦台精彩50,ETF,0.0,0.0,0.0,0.0,0.0,0.0,0.0,0.0,0.0,0.0,0.0,0.0,0.0,20.09,0.0,0.0,0.0,40.06,183,31.76,164
009805,新光美國電力基建,ETF,0.0,0.0,0.0,0.0,0.0,0.0,0.0,0.0,0.0,0.0,0.0,0.0,0.0,16.1,0.0,0.0,0.0,30.77,174,26.3,167
009806,台新標普500,上櫃ETF,0.0,0.0,0.0,0.0,0.0,0.0,0.0,0.0,0.0,0.0,0.0,0.0,0.0,12.97,0.0,0.0,0.0,19.04,184,19.04,184
009807,台新標普科技精選,上櫃ETF,0.0,0.0,0.0,0.0,0.0,0.0,0.0,0.0,0.0,0.0,0.0,0.0,0.0,15.55,0.0,0.0,0.0,34.33,156,34.33,156
009808,華南永昌優選50,ETF,0.0,0.0,0.0,0.0,0.0,0.0,0.0,0.0,0.0,0.0,0.0,0.0,0.0,26.9,0.0,0.0,0.0,33.51,168,35.23,164
00956,中信日經高股息,ETF,0.0,0.0,0.0,0.0,0.0,0.0,0.0,0.0,0.0,0.0,0.0,0.0,0.0,12.19,0.0,0.0,0.0,2.32,14,14.92,181
009809,富邦淨零ESG50,ETF,0.0,0.0,0.0,0.0,0.0,0.0,0.0,0.0,0.0,0.0,0.0,0.0,0.0,14.93,0.0,0.0,0.0,32.93,182,32.93,182
00953B,群益優選非投等債,ETF,0.0,0.0,0.0,0.0,0.0,0.0,0.0,0.0,0.0,0.0,0.0,0.0,0.0,9.57,0.0,0.0,0.0,4.61,166,3.0,184
00929,復華台灣科技優息,ETF,0.0,0.0,0.0,0.0,0.0,0.0,0.0,0.0,0.0,0.0,0.0,0.0,0.0,25.07,0.0,0.0,0.0,5.39,30,8.32,162
00930,永豐ESG低碳高息,ETF,0.0,0.0,0.0,0.0,0.0,0.0,0.0,0.0,0.0,0.0,0.0,0.0,0.0,21.26,0.0,0.0,0.0,5.46,31,4.16,160
00932,兆豐永續高息等權,ETF,0.0,0.0,0.0,0.0,0.0,0.0,0.0,0.0,0.0,0.0,0.0,0.0,0.0,16.25,0.0,0.0,0.0,4.92,52,4.41,125
00934,中信成長高股息,ETF,0.0,0.0,0.0,0.0,0.0,0.0,0.0,0.0,0.0,0.0,0.0,0.0,0.0,24.59,0.0,0.0,0.0,10.48,52,19.55,163
00935,野村臺灣新科技50,ETF,0.0,0.0,0.0,0.0,0.0,0.0,0.0,0.0,0.0,0.0,0.0,0.0,0.0,51.15,0.0,0.0,0.0,22.31,52,45.22,164
00936,台新永續高息中小,ETF,0.0,0.0,0.0,0.0,0.0,0.0,0.0,0.0,0.0,0.0,0.0,0.0,0.0,19.18,0.0,0.0,0.0,9.85,28,10.55,167
00938,凱基優選30,ETF,0.0,0.0,0.0,0.0,0.0,0.0,0.0,0.0,0.0,0.0,0.0,0.0,0.0,20.62,0.0,0.0,0.0,0.0,0,20.91,160
00939,統一台灣高息動能,ETF,0.0,0.0,0.0,0.0,0.0,0.0,0.0,0.0,0.0,0.0,0.0,0.0,0.0,18.09,0.0,0.0,0.0,3.01,31,4.37,164
00940,元大台灣價值高息,ETF,0.0,0.0,0.0,0.0,0.0,0.0,0.0,0.0,0.0,0.0,0.0,0.0,0.0,11.06,0.0,0.0,0.0,6.13,31,7.01,163
00941,中信上游半導體,ETF,0.0,0.0,0.0,0.0,0.0,0.0,0.0,0.0,0.0,0.0,0.0,0.0,0.0,23.84,0.0,0.0,0.0,7.87,52,32.83,177
00943,兆豐電子高息等權,ETF,0.0,0.0,0.0,0.0,0.0,0.0,0.0,0.0,0.0,0.0,0.0,0.0,0.0,19.84,0.0,0.0,0.0,5.73,46,11.32,160
00944,野村趨勢動能高息,ETF,0.0,0.0,0.0,0.0,0.0,0.0,0.0,0.0,0.0,0.0,0.0,0.0,0.0,18.33,0.0,0.0,0.0,4.91,46,1.89,125
00945B,凱基美國非投等債,ETF,0.0,0.0,0.0,0.0,0.0,0.0,0.0,0.0,0.0,0.0,0.0,0.0,0.0,14.37,0.0,0.0,0.0,3.27,74,4.58,177
00946,群益科技高息成長,ETF,0.0,0.0,0.0,0.0,0.0,0.0,0.0,0.0,0.0,0.0,0.0,0.0,0.0,12.84,0.0,0.0,0.0,8.89,30,18.53,164
00947,台新臺灣IC設計,ETF,0.0,0.0,0.0,0.0,0.0,0.0,0.0,0.0,0.0,0.0,0.0,0.0,0.0,33.16,0.0,0.0,0.0,7.19,8,38.89,174
00949,復華日本龍頭,ETF,0.0,0.0,0.0,0.0,0.0,0.0,0.0,0.0,0.0,0.0,0.0,0.0,0.0,19.95,0.0,0.0,0.0,6.45,16,18.91,177
00951,台新日本半導體,ETF,0.0,0.0,0.0,0.0,0.0,0.0,0.0,0.0,0.0,0.0,0.0,0.0,0.0,15.21,0.0,0.0,0.0,7.52,6,62.67,168
00952,凱基台灣AI50,ETF,0.0,0.0,0.0,0.0,0.0,0.0,0.0,0.0,0.0,0.0,0.0,0.0,0.0,16.55,0.0,0.0,0.0,4.12,92,32.93,167
00954,中信日本半導體,ETF,0.0,0.0,0.0,0.0,0.0,0.0,0.0,0.0,0.0,0.0,0.0,0.0,0.0,16.2,0.0,0.0,0.0,0.0,0,64.83,167
00926,凱基全球菁英55,ETF,0.0,0.0,0.0,0.0,0.0,0.0,0.0,0.0,0.0,0.0,0.0,0.0,0.0,25.27,0.0,0.0,0.0,13.16,175,20.54,163
00980A,主動野村臺灣優選,ETF,0.0,0.0,0.0,0.0,0.0,0.0,0.0,0.0,0.0,0.0,0.0,0.0,0.0,21.4,0.0,0.0,0.0,50.91,182,41.34,167
00980D,主動聯博投等入息,上櫃ETF,0.0,0.0,0.0,0.0,0.0,0.0,0.0,0.0,0.0,0.0,0.0,0.0,0.0,20.12,0.0,0.0,0.0,4.57,164,4.57,164
00986A,主動台新龍頭成長,ETF,0.0,0.0,0.0,0.0,0.0,0.0,0.0,0.0,0.0,0.0,0.0,0.0,0.0,14.2,0.0,0.0,0.0,23.01,183,23.01,183
00986B,FT金融債10+,上櫃ETF,0.0,0.0,0.0,0.0,0.0,0.0,0.0,0.0,0.0,0.0,0.0,0.0,0.0,9.74,0.0,0.0,0.0,2.59,64,2.59,64
00986D,主動復華金融債息,上櫃ETF,0.0,0.0,0.0,0.0,0.0,0.0,0.0,0.0,0.0,0.0,0.0,0.0,0.0,14.65,0.0,0.0,0.0,0.0,0,0.0,0
00987A,主動台新優勢成長,ETF,0.0,0.0,0.0,0.0,0.0,0.0,0.0,0.0,0.0,0.0,0.0,0.0,0.0,15.93,0.0,0.0,0.0,76.47,133,76.47,133
00987B,野村10+澳洲公債,上櫃ETF,0.0,0.0,0.0,0.0,0.0,0.0,0.0,0.0,0.0,0.0,0.0,0.0,0.0,15.71,0.0,0.0,0.0,6.19,39,6.19,39
00988A,主動統一全球創新,ETF,0.0,0.0,0.0,0.0,0.0,0.0,0.0,0.0,0.0,0.0,0.0,0.0,0.0,18.22,0.0,0.0,0.0,76.64,180,76.64,180
00988B,玉山嚴選非投債,上櫃ETF,0.0,0.0,0.0,0.0,0.0,0.0,0.0,0.0,0.0,0.0,0.0,0.0,0.0,19.7,0.0,0.0,0.0,0.65,16,0.65,16
00989A,主動摩根美國科技,ETF,0.0,0.0,0.0,0.0,0.0,0.0,0.0,0.0,0.0,0.0,0.0,0.0,0.0,16.85,0.0,0.0,0.0,5.53,6,5.53,6
00989B,台新美國非投等債,上櫃ETF,0.0,0.0,0.0,0.0,0.0,0.0,0.0,0.0,0.0,0.0,0.0,0.0,0.0,9.97,0.0,0.0,0.0,1.11,15,1.11,15
00990A,主動元大AI新經濟,ETF,0.0,0.0,0.0,0.0,0.0,0.0,0.0,0.0,0.0,0.0,0.0,0.0,0.0,16.57,0.0,0.0,0.0,82.07,143,82.07,143
00991A,主動復華未來50,ETF,0.0,0.0,0.0,0.0,0.0,0.0,0.0,0.0,0.0,0.0,0.0,0.0,0.0,16.93,0.0,0.0,0.0,92.03,147,92.03,147
00992A,主動群益科技創新,ETF,0.0,0.0,0.0,0.0,0.0,0.0,0.0,0.0,0.0,0.0,0.0,0.0,0.0,16.68,0.0,0.0,0.0,79.87,133,79.87,133
00993A,主動安聯台灣,ETF,0.0,0.0,0.0,0.0,0.0,0.0,0.0,0.0,0.0,0.0,0.0,0.0,0.0,12.09,0.0,0.0,0.0,34.58,97,34.58,97
00994A,主動第一金台股優,ETF,0.0,0.0,0.0,0.0,0.0,0.0,0.0,0.0,0.0,0.0,0.0,0.0,0.0,16.19,0.0,0.0,0.0,79.03,125,79.03,125
00995A,主動中信台灣卓越,ETF,0.0,0.0,0.0,0.0,0.0,0.0,0.0,0.0,0.0,0.0,0.0,0.0,0.0,15.72,0.0,0.0,0.0,70.4,110,70.4,110
00996A,主動兆豐台灣豐收,ETF,0.0,0.0,0.0,0.0,0.0,0.0,0.0,0.0,0.0,0.0,0.0,0.0,0.0,13.26,0.0,0.0,0.0,36.56,48,36.56,48
00997A,主動群益美國增長,ETF,0.0,0.0,0.0,0.0,0.0,0.0,0.0,0.0,0.0,0.0,0.0,0.0,0.0,11.81,0.0,0.0,0.0,20.38,28,20.38,28
00998A,主動復華金融股息,上櫃ETF,0.0,0.0,0.0,0.0,0.0,0.0,0.0,0.0,0.0,0.0,0.0,0.0,0.0,15.61,0.0,0.0,0.0,0.62,6,0.62,6
00999A,主動野村臺灣高息,ETF,0.0,0.0,0.0,0.0,0.0,0.0,0.0,0.0,0.0,0.0,0.0,0.0,0.0,9.99,0.0,0.0,0.0,5.11,7,5.11,7
020000,富邦特選蘋果N,ETN,0.0,0.0,0.0,0.0,0.0,0.0,0.0,0.0,0.0,0.0,0.0,0.0,0.0,0.0,0.0,0.0,0.0,22.2,52,0.0,0
020001,富邦存股雙十N,指數投資證券(ETN),0.0,0.0,0.0,0.0,0.0,0.0,0.0,0.0,0.0,0.0,0.0,0.0,0.0,0.0,0.0,0.0,0.0,9.99,32,0.0,0
020011,統一微波高息20N,ETN,0.0,0.0,0.0,0.0,0.0,0.0,0.0,0.0,0.0,0.0,0.0,0.0,0.0,0.0,0.0,0.0,0.0,10.89,50,3.54,128
020012,富邦行動通訊N,ETN,0.0,0.0,0.0,0.0,0.0,0.0,0.0,0.0,0.0,0.0,0.0,0.0,0.0,0.0,0.0,0.0,0.0,6.84,52,0.0,0
02001L,富邦蘋果正二N,ETN,0.0,0.0,0.0,0.0,0.0,0.0,0.0,0.0,0.0,0.0,0.0,0.0,0.0,112.65,0.0,0.0,0.0,52.23,52,173.94,162
02001R,富邦蘋果反一N,ETN,0.0,0.0,0.0,0.0,0.0,0.0,0.0,0.0,0.0,0.0,0.0,0.0,0.0,0.52,0.0,0.0,0.0,0.0,0,0.69,13
00985D,主動貝萊德優投等,上櫃ETF,0.0,0.0,0.0,0.0,0.0,0.0,0.0,0.0,0.0,0.0,0.0,0.0,0.0,9.97,0.0,0.0,0.0,1.69,11,1.69,11
00980B,台新特選IG債10+,上櫃ETF,0.0,0.0,0.0,0.0,0.0,0.0,0.0,0.0,0.0,0.0,0.0,0.0,0.0,9.28,0.0,0.0,0.0,3.82,41,9.08,155
00985B,群益ESG投等債0-5,ETF,0.0,0.0,0.0,0.0,0.0,0.0,0.0,0.0,0.0,0.0,0.0,0.0,0.0,10.17,0.0,0.0,0.0,4.84,144,4.84,144
00984D,主動聯博全球非投,ETF,0.0,0.0,0.0,0.0,0.0,0.0,0.0,0.0,0.0,0.0,0.0,0.0,0.0,10.05,0.0,0.0,0.0,1.5,85,1.5,85
00980T,平衡凱基美國TOP,上櫃ETF,0.0,0.0,0.0,0.0,0.0,0.0,0.0,0.0,0.0,0.0,0.0,0.0,0.0,11.54,0.0,0.0,0.0,10.6,76,10.6,76
009810,玉山全球藍籌100,ETF,0.0,0.0,0.0,0.0,0.0,0.0,0.0,0.0,0.0,0.0,0.0,0.0,0.0,20.57,0.0,0.0,0.0,25.76,181,25.76,181
009811,統一美國50,ETF,0.0,0.0,0.0,0.0,0.0,0.0,0.0,0.0,0.0,0.0,0.0,0.0,0.0,12.78,0.0,0.0,0.0,16.23,168,16.23,168
009812,野村日本東證,ETF,0.0,0.0,0.0,0.0,0.0,0.0,0.0,0.0,0.0,0.0,0.0,0.0,0.0,11.81,0.0,0.0,0.0,24.72,146,24.72,146
009813,貝萊德標普卓越50,ETF,0.0,0.0,0.0,0.0,0.0,0.0,0.0,0.0,0.0,0.0,0.0,0.0,0.0,11.28,0.0,0.0,0.0,6.57,85,6.57,85
009814,富邦標普500,上櫃ETF,0.0,0.0,0.0,0.0,0.0,0.0,0.0,0.0,0.0,0.0,0.0,0.0,0.0,10.83,0.0,0.0,0.0,9.62,147,9.62,147
009815,大華美國MAG7+,上櫃ETF,0.0,0.0,0.0,0.0,0.0,0.0,0.0,0.0,0.0,0.0,0.0,0.0,0.0,11.12,0.0,0.0,0.0,12.3,108,12.3,108
009816,凱基台灣TOP50,ETF,0.0,0.0,0.0,0.0,0.0,0.0,0.0,0.0,0.0,0.0,0.0,0.0,0.0,13.34,0.0,0.0,0.0,37.78,97,37.78,97
009817,國泰日本不動產,ETF,0.0,0.0,0.0,0.0,0.0,0.0,0.0,0.0,0.0,0.0,0.0,0.0,0.0,8.92,0.0,0.0,0.0,2.11,5,2.11,5
009818,華南永昌NASDAQxT,ETF,0.0,0.0,0.0,0.0,0.0,0.0,0.0,0.0,0.0,0.0,0.0,0.0,0.0,18.7,0.0,0.0,0.0,28.13,52,28.13,52
009819,中信數據及電力,ETF,0.0,0.0,0.0,0.0,0.0,0.0,0.0,0.0,0.0,0.0,0.0,0.0,0.0,9.97,0.0,0.0,0.0,0.0,0,0.0,0
00981A,主動統一台股增長,ETF,0.0,0.0,0.0,0.0,0.0,0.0,0.0,0.0,0.0,0.0,0.0,0.0,0.0,27.23,0.0,0.0,0.0,61.27,184,61.27,184
00981B,第一金優選非投債,上櫃ETF,0.0,0.0,0.0,0.0,0.0,0.0,0.0,0.0,0.0,0.0,0.0,0.0,0.0,9.19,0.0,0.0,0.0,0.5,16,1.64,105
00981D,主動中信非投等債,上櫃ETF,0.0,0.0,0.0,0.0,0.0,0.0,0.0,0.0,0.0,0.0,0.0,0.0,0.0,10.26,0.0,0.0,0.0,6.6,78,6.6,78
00981T,平衡凱基雙核收息,ETF,0.0,0.0,0.0,0.0,0.0,0.0,0.0,0.0,0.0,0.0,0.0,0.0,0.0,11.58,0.0,0.0,0.0,15.52,154,15.52,154
009820,元大納斯達克精選,ETF,0.0,0.0,0.0,0.0,0.0,0.0,0.0,0.0,0.0,0.0,0.0,0.0,0.0,10.04,0.0,0.0,0.0,1.6,22,1.6,22
00982A,主動群益台灣強棒,ETF,0.0,0.0,0.0,0.0,0.0,0.0,0.0,0.0,0.0,0.0,0.0,0.0,0.0,21.06,0.0,0.0,0.0,46.93,165,46.93,165
00982B,FT投資級債20+,上櫃ETF,0.0,0.0,0.0,0.0,0.0,0.0,0.0,0.0,0.0,0.0,0.0,0.0,0.0,9.67,0.0,0.0,0.0,1.09,183,10.43,161
00982D,主動富邦動態入息,ETF,0.0,0.0,0.0,0.0,0.0,0.0,0.0,0.0,0.0,0.0,0.0,0.0,0.0,9.81,0.0,0.0,0.0,2.29,133,2.29,133
00982T,平衡兆豐台美動能,ETF,0.0,0.0,0.0,0.0,0.0,0.0,0.0,0.0,0.0,0.0,0.0,0.0,0.0,13.9,0.0,0.0,0.0,44.59,136,44.59,136
00983A,主動中信ARK創新,ETF,0.0,0.0,0.0,0.0,0.0,0.0,0.0,0.0,0.0,0.0,0.0,0.0,0.0,11.19,0.0,0.0,0.0,33.07,113,33.07,113
00983B,大華優利美公債20,上櫃ETF,0.0,0.0,0.0,0.0,0.0,0.0,0.0,0.0,0.0,0.0,0.0,0.0,0.0,15.23,0.0,0.0,0.0,9.77,163,10.59,156
00983D,主動富邦複合收益,ETF,0.0,0.0,0.0,0.0,0.0,0.0,0.0,0.0,0.0,0.0,0.0,0.0,0.0,10.0,0.0,0.0,0.0,3.18,93,3.18,93
00984A,主動安聯台灣高息,ETF,0.0,0.0,0.0,0.0,0.0,0.0,0.0,0.0,0.0,0.0,0.0,0.0,0.0,14.52,0.0,0.0,0.0,18.78,184,18.78,184
00984B,大華優利美A債15,上櫃ETF,0.0,0.0,0.0,0.0,0.0,0.0,0.0,0.0,0.0,0.0,0.0,0.0,0.0,16.02,0.0,0.0,0.0,12.68,163,13.06,156
00985A,主動野村台灣50,ETF,0.0,0.0,0.0,0.0,0.0,0.0,0.0,0.0,0.0,0.0,0.0,0.0,0.0,20.15,0.0,0.0,0.0,45.87,183,45.87,183
2454,聯發科,半導體業,66.17,586383033000.0,8861765649.085688,27.89,594569928221.9196,67.09,22.36,41.6,17.21,58.81,1154.62,3945.56,1499.96,3230.0,0.46,0.36,1.22,26.05,31,16.73,119
2455,全新,通信網路業,2.96,3309773000.0,1118166554.054054,1.43,4149858283.6055584,3.71,51.0,103.12,23.22,126.34,86.15,468.72,189.21,400.5,0.47,0.22,1.17,38.79,52,60.29,125
3622,洋華,電子工業,6.09,1673510000.0,274796387.52052546,2.31,1860103469.8768206,6.77,11.91,10.48,8.55,19.03,57.88,128.83,80.66,53.7,1.5,1.08,2.4,44.01,28,36.19,181
3623,富晶通,光電業,-0.16,287229000.0,0.0,0.0,310692763.6214315,0.0,60.24,4.21,57.76,61.97,0.0,0.0,0.0,22.9,0.0,0.0,0.0,16.72,114,45.09,90
3624,光頡,電子零組件業,1.86,2636913000.0,1417695161.2903225,0.87,3133089762.2058835,2.21,25.38,31.83,12.23,44.06,27.03,97.37,56.08,90.0,0.62,0.3,1.08,13.19,36,61.17,183
3625,西勝,電腦及週邊設備業,-0.6,399491000.0,0.0,0.0,402068081.85612833,0.0,0.0,0.0,0.0,0.0,0.0,0.0,0.0,14.4,0.0,0.0,0.0,27.02,184,154.61,156
3628,盈正,其他電子類,4.02,3385021000.0,842045024.875622,1.68,3666189421.3142753,4.35,22.75,21.35,14.57,35.92,63.38,156.25,98.97,61.9,1.6,1.02,2.52,14.38,43,138.9,167
3630,新鉅科,光電業,1.8,2218172000.0,1232317777.7777777,0.87,2659746813.6607027,2.16,22.14,25.13,11.92,37.05,25.75,80.03,47.83,26.75,1.79,0.96,2.99,11.37,53,89.93,114
3631,晟楠,電子零組件業,-0.7,71805000.0,0.0,0.0,17159395.05867383,0.0,0.0,0.0,0.0,0.0,0.0,0.0,0.0,38.05,0.0,0.0,0.0,5.91,106,1.21,1
3632,研勤,通信網路業,-0.38,268980000.0,0.0,0.0,262324488.73091528,0.0,147.36,27.5,131.0,158.5,0.0,0.0,0.0,7.58,0.0,0.0,0.0,19.62,49,0.83,9
3645,達邁,電子工業,1.54,2380724000.0,1545924675.3246753,0.65,2466911732.968302,1.6,49.43,62.22,23.74,85.96,37.98,137.54,79.09,103.0,0.77,0.37,1.34,43.48,95,40.53,106
3652,精聯,電子工業,1.34,2479109000.0,1850081343.283582,0.59,2720222058.1530867,1.47,35.07,64.84,17.97,82.81,26.42,121.73,51.55,29.3,1.76,0.9,4.15,82.96,94,8.36,59
3653,健策,電子工業,36.76,20056537000.0,545607644.1784549,17.39,23134501676.099808,42.4,70.21,119.89,31.53,151.42,1336.87,6420.21,2976.73,3030.0,0.98,0.44,2.12,70.64,175,107.42,184
3661,世芯-KY,半導體業,69.19,34151314000.0,493587425.9286024,15.6,14511991293.420017,29.4,43.5,54.44,24.34,78.78,715.6,2316.13,1279.01,4600.0,0.28,0.16,0.5,3.34,56,50.26,87
3663,鑫科,其他電子類,-0.08,5546540000.0,0.0,0.0,9593201917.640152,0.0,227.83,772.33,61.67,834.0,0.0,0.0,0.0,78.6,0.0,0.0,0.0,164.04,92,23.85,65
3664,安瑞-KY,通信網路業,-6.04,903104000.0,0.0,0.0,573444783.6293607,0.0,1209.94,2869.5,150.5,3020.0,0.0,0.0,0.0,8.23,0.0,0.0,0.0,10.48,46,9.43,108
3665,貿聯-KY,其他電子業,46.62,69203806000.0,1484423123.1231232,23.5,88854747362.53722,59.86,32.18,47.47,16.19,63.66,969.13,3810.69,1926.24,1965.0,0.98,0.49,1.94,149.38,183,180.0,184
3646,艾恩特,電子零組件業,0.56,666283000.0,1189791071.4285712,0.24,693243468.6277053,0.58,28.13,134.07,17.18,151.25,9.96,87.72,16.31,23.15,0.7,0.43,3.79,3.28,58,0.51,21
3617,碩天,電子工業,14.48,11943958000.0,824858977.9005525,5.92,11946969407.269606,14.48,13.16,10.29,8.8,19.09,127.42,276.42,190.53,188.5,1.01,0.68,1.47,22.38,126,9.23,55
3615,安可,光電業,0.82,946237000.0,1153947560.9756098,0.28,737757259.4540857,0.64,72.71,140.27,29.28,169.55,18.74,108.51,46.53,42.25,1.1,0.44,2.57,58.58,155,22.1,104
3581,博磊,半導體業,0.81,1472080000.0,1817382716.0493827,0.41,1965294413.9699621,1.08,420.3,2200.59,46.08,2246.67,49.77,2426.4,453.92,205.0,2.21,0.24,11.84,152.08,162,91.68,153
3583,辛耘,半導體業,13.82,11181723000.0,809097178.0028943,6.29,12656657159.9475,15.64,34.46,47.77,17.72,65.49,277.14,1024.26,538.96,826.0,0.65,0.34,1.24,54.03,141,52.05,127
3587,閎康,其他電子類,6.09,5497073000.0,902639244.6633826,2.73,6357509796.7484865,7.04,27.17,47.11,13.38,60.49,94.2,425.85,191.27,321.5,0.59,0.29,1.32,11.89,46,49.66,154
3588,通嘉,半導體業,0.51,1334330000.0,2616333333.3333335,0.25,1532797325.4846392,0.59,55.98,116.83,21.54,138.37,12.71,81.64,33.03,60.2,0.55,0.21,1.36,14.18,31,13.31,120
3591,艾笛森,光電業,-0.34,2361396000.0,0.0,0.0,2265635200.826387,0.0,75.94,288.2,16.8,305.0,0.0,0.0,0.0,25.9,0.0,0.0,0.0,28.77,45,0.74,1
3592,瑞鼎,半導體業,18.23,22500591000.0,1234261711.4646187,7.72,22005691606.515743,17.83,13.27,7.74,10.01,17.75,178.48,316.48,236.53,256.0,0.92,0.7,1.24,4.52,31,9.17,23
3593,力銘,電子工業,-0.9,1092576000.0,0.0,0.0,655927195.72078,0.0,0.0,0.0,0.0,0.0,0.0,0.0,0.0,17.95,0.0,0.0,0.0,85.04,52,1.1,1
3594,磐儀,電腦及週邊設備業,0.5,2048586000.0,4097172000.0,0.21,2505635885.93772,0.61,65.47,106.99,26.54,133.53,16.19,81.45,39.93,48.45,0.82,0.33,1.68,28.3,53,3.3,87
3596,智易,通信網路業,12.6,52775725000.0,4188549603.1746035,5.14,53606907366.01045,12.8,15.75,10.26,11.28,21.54,144.38,275.71,201.61,181.5,1.11,0.8,1.52,15.56,178,15.78,98
3597,映興,電子零組件業,0.34,865831000.0,2546561764.705882,0.14,887251160.0082084,0.35,58.78,135.55,17.58,153.13,6.15,53.6,20.57,27.25,0.75,0.23,1.97,61.43,184,27.59,84
3605,宏致,電子工業,4.35,10859165000.0,2496359770.1149426,1.95,11844361531.439898,4.74,120.3,757.76,13.49,771.25,63.94,3655.73,570.22,80.3,7.1,0.8,45.53,32.26,156,47.58,111
3607,谷崧,電子工業,0.02,2861541000.0,143077050000.0,0.01,2660085177.8720846,0.02,170.56,749.17,25.83,775.0,0.52,15.5,3.41,14.2,0.24,0.04,1.09,35.23,119,4.78,37
3609,三一東林,電子零組件業,6.42,667338000.0,103946728.97196262,1.39,478186494.2304825,4.6,5.59,4.98,3.3,8.28,15.18,38.09,25.71,29.05,0.89,0.52,1.31,4.77,24,37.05,41
3611,鼎翰,電腦及週邊設備業,19.63,11503912000.0,586037289.8624555,8.16,11349970685.962715,19.37,12.63,5.93,9.18,15.11,177.82,292.68,244.57,187.5,1.3,0.95,1.56,4.43,43,5.41,184
3666,光耀,光電業,-3.46,494144000.0,0.0,0.0,320997028.40562713,0.0,0.0,0.0,0.0,0.0,0.0,0.0,0.0,26.75,0.0,0.0,0.0,14.5,37,0.49,1
3672,康聯訊,通信網路業,-2.28,245875000.0,0.0,0.0,181853189.933024,0.0,0.0,0.0,0.0,0.0,0.0,0.0,0.0,11.1,0.0,0.0,0.0,6.92,161,6.29,2
3709,鑫聯大投控,電腦及週邊設備業,7.02,40845639000.0,5818467094.017095,3.4,49653836683.31876,8.53,16.79,23.85,8.02,31.87,68.41,271.85,143.19,83.4,1.72,0.82,3.26,60.33,162,46.11,142
3710,連展投控,電子零組件業,-1.48,7029628000.0,0.0,0.0,7121538470.130621,0.0,226.45,56.25,201.25,257.5,0.0,0.0,0.0,6.17,0.0,0.0,0.0,57.28,147,15.73,90
3711,日月光投控,半導體業,9.37,639427808000.0,68242028601.92103,4.32,744215878140.5286,10.91,25.4,42.76,15.37,58.13,167.69,634.2,277.11,476.0,0.58,0.35,1.33,27.3,52,71.88,164
3712,永崴投控,電子工業,-22.85,34127144000.0,0.0,0.0,25557168361.56312,0.0,13.33,13.31,8.44,21.75,0.0,0.0,0.0,14.95,0.0,0.0,0.0,49.05,53,3.31,3
3714,富采,光電業,-3.69,22182215000.0,0.0,0.0,21480363409.549026,0.0,0.0,0.0,0.0,0.0,0.0,0.0,0.0,67.4,0.0,0.0,0.0,7.32,8,8.26,121
3715,定穎投控,電子工業,2.7,19083311000.0,7067892962.962962,1.37,24069793859.33865,3.41,27.15,177.34,9.26,186.6,31.58,636.31,92.57,161.0,0.57,0.2,3.95,25.72,128,198.63,177
3716,中化控股,化學生技醫療,2.39,8598150000.0,3597552301.25523,1.02,8374094352.422508,2.33,16.38,4.92,13.01,17.93,30.31,41.78,38.16,34.25,1.11,0.88,1.22,0.0,0,2.53,13
3717,聯嘉投控,汽車工業,0.46,2059036000.0,4476165217.391304,0.0,0.0,0.0,275.59,58.75,243.75,302.5,0.0,0.0,0.0,23.05,0.0,0.0,0.0,4.74,55,4.74,55
4102,永日,生技醫療業,-0.34,471219000.0,0.0,0.0,448182830.152856,0.0,19.42,14.05,13.45,27.5,0.0,0.0,0.0,17.0,0.0,0.0,0.0,13.56,109,1.02,9
4104,佳醫,化學生技醫療,4.82,8784192000.0,1822446473.0290456,2.14,9516676785.976982,5.22,17.79,4.73,14.74,19.47,76.94,101.63,92.85,70.6,1.32,1.09,1.44,1.1,87,2.31,107
4105,東洋,生技醫療業,6.26,6425722000.0,1026473162.9392972,2.61,6855404527.318467,6.68,13.73,6.39,10.81,17.2,72.21,114.9,91.75,74.0,1.24,0.98,1.55,0.39,1,8.18,149
4106,雃博,化學生技醫療,1.19,2395767000.0,2013249579.8319328,0.51,2567578251.969865,1.28,21.32,12.18,15.77,27.95,20.19,35.78,27.29,23.05,1.18,0.88,1.55,2.46,46,0.22,3
4107,邦特,生技醫療業,7.77,2104303000.0,270824066.92406696,3.43,2277357690.1497965,8.41,16.63,6.11,13.78,19.89,115.89,167.27,139.85,116.5,1.2,0.99,1.44,11.2,87,2.79,175
4108,懷特,化學生技醫療,-0.28,139964000.0,0.0,0.0,136140198.76370594,0.0,0.0,0.0,0.0,0.0,0.0,0.0,0.0,12.0,0.0,0.0,0.0,4.28,49,16.11,112
4109,加捷生醫,生技醫療業,0.43,487910000.0,1134674418.6046512,0.21,499030335.56001663,0.44,100.27,535.01,4.99,540.0,2.2,237.6,44.12,11.8,3.74,0.19,20.14,83.42,58,3.13,92
3707,漢磊,半導體業,-1.97,5701058000.0,0.0,0.0,6916473593.182108,0.0,0.0,0.0,0.0,0.0,0.0,0.0,0.0,72.8,0.0,0.0,0.0,3.23,52,93.09,120
3580,友威科,其他電子類,1.94,435272000.0,224367010.30927837,0.66,406456817.4540336,1.81,24.7,69.35,9.94,79.29,17.99,143.51,44.7,99.9,0.45,0.18,1.44,138.33,101,3.87,111
3706,神達,電腦及週邊設備業,5.36,103432967000.0,19297195335.820896,2.8,136703205052.9195,7.08,20.75,19.77,13.09,32.86,92.68,232.65,146.94,80.3,1.83,1.15,2.9,59.83,183,82.28,167
3705,永信,生技醫療業,3.31,8374052000.0,2529925075.528701,1.29,7553575500.306331,2.99,14.82,6.54,12.35,18.89,36.93,56.48,44.32,55.8,0.79,0.66,1.01,16.11,130,4.35,78
3673,TPK-KY,光電業,2.72,62851973000.0,23107343014.70588,1.3,74012486775.7884,3.2,32.08,81.99,16.01,98.0,51.23,313.6,102.64,71.7,1.43,0.71,4.37,42.78,57,32.35,177
3675,德微,半導體業,2.66,2639156000.0,992163909.774436,1.17,2881893370.4846234,2.9,38.32,95.89,14.57,110.46,42.25,320.33,111.11,311.5,0.36,0.14,1.03,34.53,42,17.88,160
3679,新至陞,電子工業,9.77,4556910000.0,466418628.45445246,3.73,3923383715.7515445,8.41,12.21,9.97,8.19,18.16,68.88,152.73,102.7,117.5,0.87,0.59,1.3,7.17,72,3.96,22
3680,家登,半導體業,9.43,7056171000.0,748268398.7274655,4.84,8895996801.262924,11.89,44.05,42.55,23.56,66.11,280.13,786.05,523.81,506.0,1.04,0.55,1.55,47.73,140,3.86,3
3684,榮昌,通信網路業,3.5,1154111000.0,329746000.0,1.35,1219241522.4287894,3.7,22.21,28.58,12.68,41.26,46.92,152.66,82.16,60.6,1.36,0.77,2.52,2.61,2,30.44,169
3686,達能,半導體業,-0.49,82608000.0,0.0,0.0,94724210.35642233,0.0,0.0,0.0,0.0,0.0,0.0,0.0,0.0,16.7,0.0,0.0,0.0,65.5,63,25.14,167
3689,湧德,電子零組件業,7.58,5975076000.0,788268601.5831134,4.3,8166406339.133517,10.36,15.83,12.17,9.98,22.15,103.39,229.47,164.05,118.5,1.38,0.87,1.94,29.73,126,27.34,84
3691,碩禾,光電業,-7.62,5193342000.0,0.0,0.0,14811658911.290888,0.0,0.0,0.0,0.0,0.0,0.0,0.0,0.0,139.0,0.0,0.0,0.0,3.4,46,43.48,91
3693,營邦,電腦及週邊設備業,15.5,7618167000.0,491494645.16129035,5.92,5766098601.037324,11.73,16.53,57.7,8.39,66.09,98.41,775.24,193.87,504.0,0.38,0.2,1.54,28.96,46,16.72,164
3694,海華,通信網路業,4.03,11255939000.0,2793036972.7047143,1.74,13320353049.525047,4.77,19.13,17.8,13.43,31.23,64.06,148.97,91.27,71.2,1.28,0.9,2.09,19.91,7,110.95,91
3701,大眾控,電子工業,-0.38,9777674000.0,0.0,0.0,7204974049.660113,0.0,310.13,1450.39,24.61,1475.0,0.0,0.0,0.0,51.4,0.0,0.0,0.0,3.0,1,47.18,101
3702,大聯大,電子工業,5.77,989365062000.0,171467081802.42636,3.13,1252863108221.3267,7.31,15.11,9.43,10.81,20.24,79.02,147.95,110.43,119.0,0.93,0.66,1.24,7.45,56,11.21,44
3703,欣陸,建材營造,1.79,29380981000.0,16413955865.921787,0.99,38906433474.47415,2.37,19.14,22.47,9.66,32.13,22.89,76.15,45.36,20.1,2.26,1.14,3.79,1.61,43,0.41,1
3704,合勤控,通信網路業,1.56,26511091000.0,16994289102.564102,0.66,24206672368.31579,1.42,26.25,40.78,13.06,53.84,18.55,76.45,37.27,38.7,0.96,0.48,1.98,4.25,179,34.36,112
4111,濟生,生技醫療業,2.81,1377520000.0,490220640.569395,1.23,1485632751.8197598,3.03,16.27,15.2,10.0,25.2,30.3,76.36,49.3,30.35,1.62,1.0,2.52,10.63,2,8.32,93
3577,泓格,電腦及週邊設備業,2.36,1147441000.0,486203813.55932206,1.31,1560399870.1369653,3.21,39.01,45.81,23.96,69.77,76.91,223.96,125.22,134.0,0.93,0.57,1.67,33.51,133,94.29,62
3576,聯合再生,光電業,-0.76,3793481000.0,0.0,0.0,1718646065.3910496,0.0,42.44,5.35,40.48,45.83,0.0,0.0,0.0,17.55,0.0,0.0,0.0,24.08,44,9.94,1
3437,榮創,光電業,-2.65,1654007000.0,0.0,0.0,1234872414.1935432,0.0,0.0,0.0,0.0,0.0,0.0,0.0,0.0,23.95,0.0,0.0,0.0,17.94,58,4.27,101
3438,類比科,半導體業,1.0,1012458000.0,1012458000.0,0.35,834065947.4692202,0.82,55.51,53.71,25.36,79.07,20.8,64.84,45.52,67.3,0.68,0.31,0.96,11.49,51,2.19,1
3441,聯一光,光電業,1.06,418045000.0,394382075.4716981,0.54,539710079.9002233,1.37,44.69,72.33,19.21,91.54,26.32,125.41,61.23,48.15,1.27,0.55,2.6,9.58,101,7.21,106
3443,創意,半導體業,28.13,32095619000.0,1140974724.4934235,17.96,57697273845.45692,50.57,61.85,139.25,33.13,172.38,1675.38,8717.26,3127.74,4605.0,0.68,0.36,1.89,15.07,29,72.37,184
3444,利機,電子通路業,2.14,1248999000.0,583644392.5233644,0.95,1342363056.7528265,2.3,34.11,35.17,19.41,54.58,44.64,125.53,78.45,89.5,0.88,0.5,1.4,6.19,52,21.68,104
3447,展達,通信網路業,1.59,3636320000.0,2286993710.691824,0.59,3957288505.078171,1.73,31.36,43.36,20.56,63.92,35.57,110.58,54.25,36.3,1.49,0.98,3.05,226.8,177,60.94,108
3434,哲固,光電業,0.54,690682000.0,1279040740.7407405,0.17,419055479.08880687,0.33,35.33,49.21,19.19,68.4,6.33,22.57,11.66,28.25,0.41,0.22,0.8,18.47,46,1.93,1
3455,由田,光電業,2.66,1818370000.0,683597744.3609022,0.56,937631954.5593768,1.37,28.64,146.51,13.88,160.39,19.02,219.73,39.24,284.0,0.14,0.07,0.77,48.97,171,19.53,113
3466,德晉,通信網路業,-1.28,126306000.0,0.0,0.0,476415687.1887545,0.0,0.0,0.0,0.0,0.0,0.0,0.0,0.0,34.6,0.0,0.0,0.0,66.39,25,11.97,106
3467,台灣精材,半導體業,0.58,561538000.0,968168965.5172415,0.3,802696975.0866894,0.83,63.48,69.99,41.91,111.9,34.79,92.88,52.69,60.9,0.87,0.57,1.53,8.7,9,47.56,37
3479,安勤,電腦及週邊設備業,6.46,8456230000.0,1309013931.8885448,2.78,9262210571.130423,7.08,14.61,6.32,12.21,18.53,86.45,131.19,103.47,110.5,0.94,0.78,1.19,6.11,24,18.45,146
3481,群創,光電業,0.03,223293940000.0,7443131333333.334,0.01,262758450805.42206,0.04,143.22,1242.36,7.64,1250.0,0.31,50.0,5.73,36.95,0.16,0.01,1.35,23.79,98,10.71,142
3483,力致,電腦及週邊設備業,3.75,9024891000.0,2406637600.0,1.42,9700300010.171595,4.03,19.73,15.93,11.21,27.14,45.18,109.37,79.5,86.6,0.92,0.52,1.26,31.32,32,20.81,111
3484,崧騰,電子零組件業,4.26,4654211000.0,1092537793.4272301,1.67,4315214699.455441,3.95,13.41,9.63,9.71,19.34,38.35,76.39,52.97,44.1,1.2,0.87,1.73,25.93,122,10.57,100
3485,敘豐,電子零組件業,5.89,54861000.0,9314261.460101869,0.0,0.0,0.0,51.22,10.72,45.76,56.48,0.0,0.0,0.0,242.5,0.0,0.0,0.0,13.3,70,28.81,155
3489,森寶,建材營造,-0.09,747131000.0,0.0,0.0,1216718842.044944,0.0,332.92,160.56,296.11,456.67,0.0,0.0,0.0,21.95,0.0,0.0,0.0,42.96,73,0.6,2
3490,單井,光電業,0.05,267156000.0,5343120000.0,0.02,265171679.03014666,0.05,92.06,621.03,10.97,632.0,0.55,31.6,4.6,37.0,0.12,0.01,0.85,38.91,49,16.44,162
3432,台端,電子零組件業,-0.87,140540000.0,0.0,0.0,471884936.92994374,0.0,0.0,0.0,0.0,0.0,0.0,0.0,0.0,18.8,0.0,0.0,0.0,68.59,38,8.13,56
3430,奇鈦科,化學工業,3.15,1678491000.0,532854285.71428573,1.57,2111360476.1192682,3.96,17.28,47.76,8.75,56.51,34.65,223.78,68.42,158.5,0.43,0.22,1.41,65.54,134,55.01,135
3356,奇偶,電子工業,6.21,1017729000.0,163885507.2463768,2.95,1110333712.1158123,6.78,12.1,19.27,5.06,24.33,34.31,164.96,82.01,60.1,1.36,0.57,2.74,16.0,15,1.3,127
3357,臺慶科,電子零組件業,10.26,6493208000.0,632866276.803119,4.85,7470401728.485903,11.8,17.39,15.54,11.05,26.59,130.39,313.76,205.22,231.0,0.89,0.56,1.36,20.66,57,58.45,184
3360,尚立,電子通路業,-0.49,6823561000.0,0.0,0.0,10700015089.852497,0.0,0.0,0.0,0.0,0.0,0.0,0.0,0.0,14.35,0.0,0.0,0.0,15.45,126,10.12,86
3362,先進光,光電業,-1.07,4303139000.0,0.0,0.0,4541418369.039809,0.0,66.95,44.4,43.82,88.22,0.0,0.0,0.0,113.5,0.0,0.0,0.0,39.23,102,9.65,23
3363,上詮,通信網路業,0.16,1868579000.0,11678618750.0,0.05,1656305961.3773496,0.14,5590.87,5533.93,3437.5,8971.43,481.25,1256.0,782.72,777.0,1.01,0.62,1.62,82.48,156,73.95,126
3372,典範,半導體業,-1.22,1065971000.0,0.0,0.0,1452391292.9716394,0.0,0.0,0.0,0.0,0.0,0.0,0.0,0.0,19.05,0.0,0.0,0.0,49.16,15,50.18,177
3373,熱映,其他電子類,-1.35,404178000.0,0.0,0.0,391120871.1800868,0.0,0.0,0.0,0.0,0.0,0.0,0.0,0.0,17.05,0.0,0.0,0.0,16.87,28,9.13,8
3374,精材,半導體業,4.99,7099998000.0,1422845290.5811622,2.33,8845773444.167675,6.22,31.25,35.88,18.21,54.09,113.27,336.44,194.35,231.0,0.84,0.49,1.46,141.56,101,14.55,167
3376,新日興,電子工業,1.66,10913580000.0,6574445783.13253,0.63,9244444024.24599,1.41,52.85,278.0,24.21,302.21,34.14,426.12,74.52,202.5,0.37,0.17,2.1,38.21,24,40.43,101
3379,彬台,電機機械,2.12,1905887000.0,899003301.8867924,0.62,1636764850.7765977,1.82,45.43,81.15,15.52,96.67,28.25,175.94,82.68,40.55,2.04,0.7,4.34,199.68,58,7.73,15
3380,明泰,通信網路業,-0.34,21928876000.0,0.0,0.0,24065066464.60635,0.0,107.52,300.84,33.6,334.44,0.0,0.0,0.0,32.25,0.0,0.0,0.0,13.01,59,26.77,163
3390,旭軟,電子零組件業,-0.51,787157000.0,0.0,0.0,912741948.8731395,0.0,22.47,17.57,13.83,31.4,0.0,0.0,0.0,27.0,0.0,0.0,0.0,9.73,102,9.22,153
3402,漢科,其他電子類,7.5,5235312000.0,698041600.0,3.33,5801637446.767574,8.31,15.97,10.77,10.44,21.21,86.76,176.26,132.73,131.5,1.01,0.66,1.34,25.6,46,63.21,106
3406,玉晶光,光電業,32.84,23805806000.0,724902740.5602922,15.29,30595449713.434437,42.21,13.15,11.54,7.86,19.4,331.77,818.87,555.12,550.0,1.01,0.6,1.49,25.0,36,18.14,99
3413,京鼎,半導體業,21.44,20785570000.0,969476212.6865671,9.36,22957890713.2935,23.68,13.59,9.61,8.59,18.2,203.41,430.98,321.82,314.0,1.02,0.65,1.37,30.54,46,24.92,164
3416,融程電,電子工業,7.4,3558156000.0,480831891.8918919,3.5,4558348141.064496,9.48,22.22,13.72,16.67,30.39,158.03,288.1,210.66,166.5,1.27,0.95,1.73,6.71,17,51.49,112
3419,譁裕,通信網路業,-1.79,1783148000.0,0.0,0.0,1776342840.382409,0.0,0.0,0.0,0.0,0.0,0.0,0.0,0.0,13.85,0.0,0.0,0.0,25.16,50,1.38,1
3426,台興,電機機械,2.38,652942000.0,274345378.1512605,0.86,458294350.0321457,1.67,15.25,14.21,10.79,25.0,18.02,41.75,25.46,47.7,0.53,0.38,0.88,33.65,105,0.0,0
3491,昇達科,通信網路業,7.85,2363136000.0,301036433.1210191,5.61,3834710031.0578694,12.74,81.8,216.61,33.75,250.36,429.98,3189.59,1042.13,1755.0,0.59,0.25,1.82,55.04,105,33.38,142
3492,長盛,電子零組件業,1.77,867190000.0,489937853.1073446,0.7,745538539.9411936,1.52,17.32,23.25,11.4,34.65,17.33,52.67,26.32,22.05,1.19,0.79,2.39,63.83,49,6.7,6
3494,誠研,電子工業,-1.84,914747000.0,0.0,0.0,1065589128.1915196,0.0,0.0,0.0,0.0,0.0,0.0,0.0,0.0,7.56,0.0,0.0,0.0,69.29,67,6.78,6
3533,嘉澤,電子零組件業,70.15,33055352000.0,471209579.47255874,34.63,40112899171.64489,85.13,22.63,27.82,12.74,40.56,1084.56,3452.87,1926.63,2360.0,0.82,0.46,1.46,13.38,172,35.18,120
3535,晶彩科,光電業,-1.06,383417000.0,0.0,0.0,2079543265.6926749,0.0,117.49,290.31,39.69,330.0,0.0,0.0,0.0,122.0,0.0,0.0,0.0,202.04,72,157.27,126
3537,堡達,電子零組件業,2.51,2863383000.0,1140790039.8406374,1.11,3075080891.139765,2.7,19.13,29.12,9.69,38.81,26.16,104.79,51.66,57.8,0.89,0.45,1.81,71.43,49,7.92,177
3540,曜越,電腦及週邊設備業,0.74,5104074000.0,6897397297.2972975,0.28,4736289930.8496,0.69,125.08,263.85,34.07,297.92,23.51,205.56,86.3,25.3,3.41,0.93,8.12,35.27,15,24.09,115
3541,西柏,其他電子類,-0.83,1067915000.0,0.0,0.0,997454272.244571,0.0,0.0,0.0,0.0,0.0,0.0,0.0,0.0,22.95,0.0,0.0,0.0,19.33,52,6.84,64
3543,州巧,光電業,-2.24,3253705000.0,0.0,0.0,3099197883.4829187,0.0,39.64,29.14,25.19,54.33,0.0,0.0,0.0,35.15,0.0,0.0,0.0,3.38,126,148.0,163
3545,敦泰,半導體業,-4.64,12323034000.0,0.0,0.0,9905939783.982653,0.0,31.19,28.27,19.46,47.73,0.0,0.0,0.0,57.4,0.0,0.0,0.0,10.9,8,6.7,122
3546,宇峻,文化創意業,2.06,1333509000.0,647334466.0194174,1.35,2014335186.540536,3.11,22.89,23.43,13.63,37.06,42.39,115.26,71.2,81.3,0.88,0.52,1.42,7.14,44,0.45,44
3548,兆利,電子零組件業,2.24,9772727000.0,4362824553.571428,0.73,6465777881.009496,1.48,37.25,1889.69,12.31,1902.0,18.22,2814.96,55.13,94.3,0.58,0.19,29.85,2.22,2,9.35,30
3550,聯穎,電子工業,-1.19,3529210000.0,0.0,0.0,4168625297.234123,0.0,0.0,0.0,0.0,0.0,0.0,0.0,0.0,19.95,0.0,0.0,0.0,93.07,127,16.73,101
3552,同致,其他電子類,0.68,8535131000.0,12551663235.294117,0.26,7666924221.588046,0.61,62.2,107.69,17.72,125.41,10.81,76.5,37.94,51.6,0.74,0.21,1.48,9.17,10,18.42,168
3555,博士旺,半導體業,1.19,249976000.0,210063865.54621848,1.85,4467549042.40413,21.27,109.58,175.42,28.1,203.52,597.69,4328.87,2330.79,195.0,11.95,3.07,22.2,6.5,50,232.35,160
3556,禾瑞亞,半導體業,2.15,961949000.0,447418139.53488374,1.11,1097691171.0072017,2.45,48.09,99.66,14.89,114.55,36.48,280.65,117.82,51.6,2.28,0.71,5.44,3.26,30,0.48,1
3558,神準,通信網路業,5.2,15050049000.0,2894240192.307692,1.85,12124694658.07803,4.19,27.06,42.18,10.05,52.23,42.11,218.84,113.37,117.5,0.96,0.36,1.86,14.91,32,0.0,0
3563,牧德,光電業,15.79,3177380000.0,201227359.0880304,7.13,3413193258.3492727,16.96,73.89,170.41,26.44,196.85,448.42,3338.58,1253.21,849.0,1.48,0.53,3.93,5.56,24,23.4,101
3564,其陽,通信網路業,0.65,2484572000.0,3822418461.538461,0.29,2695337963.625151,0.71,121.53,382.51,49.16,431.67,34.9,306.49,86.29,40.2,2.15,0.87,7.62,55.09,15,30.27,36
3567,逸昌,半導體業,1.06,282056000.0,266090566.03773585,0.42,275430590.05555946,1.04,17.97,20.94,10.43,31.37,10.85,32.62,18.69,27.25,0.69,0.4,1.2,5.49,51,3.35,15
3570,大塚,資訊服務業,13.95,2412857000.0,172964659.4982079,6.68,2433800839.164707,14.07,13.41,10.08,11.22,21.3,157.87,299.69,188.71,171.5,1.1,0.92,1.75,1.44,15,0.0,0
3532,台勝科,電子工業,1.57,12293039000.0,7829961146.496815,0.71,13523733735.271698,1.73,44.38,293.37,18.02,311.39,31.17,538.7,76.78,205.5,0.37,0.15,2.62,13.5,46,55.46,125
3531,先益,光電業,0.3,1341667000.0,4472223333.333334,0.11,979387331.6032703,0.22,34.46,89.15,8.35,97.5,1.84,21.45,7.58,23.35,0.32,0.08,0.92,2.58,39,2.36,86
3498,陽程,其他電子類,0.48,1264390000.0,2634145833.3333335,0.31,2367985130.4112096,0.9,166.41,153.85,103.44,257.29,93.1,231.56,149.77,143.5,1.04,0.65,1.61,104.13,155,37.13,91
3499,環天科,通信網路業,-1.3,369441000.0,0.0,0.0,276922764.05832773,0.0,776.74,315.0,625.0,940.0,0.0,0.0,0.0,14.7,0.0,0.0,0.0,28.26,141,8.36,92
3501,維熹,電子工業,2.99,5576047000.0,1864898662.2073576,1.13,4809997108.242951,2.58,11.95,15.96,8.01,23.97,20.67,61.84,30.82,39.95,0.77,0.52,1.55,18.09,39,3.81,37
3504,揚明光,光電業,-0.08,2687814000.0,0.0,0.0,2784589407.578238,0.0,134.69,31.13,118.63,149.76,0.0,0.0,0.0,82.3,0.0,0.0,0.0,13.65,36,33.26,125
3508,位速,其他電子類,-1.51,815255000.0,0.0,0.0,808201413.3215668,0.0,0.0,0.0,0.0,0.0,0.0,0.0,0.0,19.9,0.0,0.0,0.0,33.75,32,42.44,99
3511,矽瑪,電子零組件業,-1.19,1766342000.0,0.0,0.0,1710949818.1415448,0.0,0.0,0.0,0.0,0.0,0.0,0.0,0.0,19.55,0.0,0.0,0.0,78.81,183,1.52,2
3515,華擎,電子工業,15.28,46660001000.0,3053664986.910995,6.54,51072519566.7052,16.72,20.42,13.9,13.15,27.05,219.87,452.28,341.46,219.0,1.56,1.0,2.07,8.99,14,58.08,162
3516,亞帝歐,光電業,0.26,1043045000.0,4011711538.4615383,0.13,1274442475.241681,0.32,94.33,116.7,47.92,164.62,15.33,52.68,30.19,23.0,1.31,0.67,2.29,30.99,156,3.16,21
3518,柏騰,其他電子業,-1.56,317765000.0,0.0,0.0,266047178.87586266,0.0,15.41,2.07,14.57,16.64,0.0,0.0,0.0,32.2,0.0,0.0,0.0,52.22,94,42.86,121
3520,華盈,電子零組件業,-0.09,1224116000.0,0.0,0.0,1343044141.9862933,0.0,128.36,255.29,40.34,295.63,0.0,0.0,0.0,15.1,0.0,0.0,0.0,28.29,45,39.08,163
3523,迎輝,光電業,-1.45,106915000.0,0.0,0.0,78446992.97641498,0.0,0.0,0.0,0.0,0.0,0.0,0.0,0.0,9.99,0.0,0.0,0.0,60.71,109,1.55,125
3526,凡甲,電子零組件業,16.98,3869677000.0,227896171.96702,8.49,4748826065.960935,20.84,16.19,9.81,12.75,22.56,265.71,470.15,337.5,355.5,0.95,0.75,1.32,20.63,158,11.79,84
3527,聚積,半導體業,-1.83,1479934000.0,0.0,0.0,1254450299.5405784,0.0,777.83,1821.35,100.65,1922.0,0.0,0.0,0.0,56.6,0.0,0.0,0.0,3.33,9,18.57,38
3528,安馳,電子工業,2.3,8386277000.0,3646207391.304348,1.54,17021395687.743446,4.67,45.5,190.38,12.41,202.79,57.95,947.03,212.49,82.9,2.56,0.7,11.42,13.94,94,10.63,84
3529,力旺,半導體業,25.6,3895918000.0,152184296.875,11.74,4402429760.141283,28.93,105.98,112.16,59.72,171.88,1727.7,4972.49,3065.99,3385.0,0.91,0.51,1.47,46.96,172,5.71,42
3530,晶相光,半導體業,1.74,1759670000.0,1011304597.7011495,0.98,2706746830.84711,2.68,34.62,7.41,31.61,39.02,84.71,104.57,92.79,65.6,1.41,1.29,1.59,12.9,31,9.16,125
4113,聯上,建材營造,-0.43,954148000.0,0.0,0.0,62783910.2006498,0.0,46.6,190.14,5.24,195.38,0.0,0.0,0.0,15.0,0.0,0.0,0.0,28.77,18,18.95,119
4114,健喬,生技醫療業,1.71,6165947000.0,3605816959.0643277,0.76,6827479260.16248,1.89,21.65,7.8,17.85,25.65,33.74,48.48,40.92,30.65,1.34,1.1,1.58,3.47,37,14.77,78
4585,達明,其他電子業,1.46,731904000.0,501304109.5890411,0.0,0.0,0.0,358.41,299.33,219.62,518.95,0.0,0.0,0.0,327.0,0.0,0.0,0.0,18.42,98,150.0,101
4588,玖鼎電力,其他電子業,3.2,896078000.0,280024375.0,1.39,966157431.8605496,3.45,21.54,20.88,13.82,34.7,47.68,119.72,74.32,55.5,1.34,0.86,2.16,29.46,51,0.0,0
4590,富田-創,創新板股票,2.72,84263000.0,30979044.117647056,0.0,0.0,0.0,3722.16,9133.54,26.46,9160.0,0.0,0.0,0.0,73.0,0.0,0.0,0.0,27.52,64,10.71,2
4706,大恭,化學工業,0.35,1092365000.0,3121042857.1428576,0.16,1256518802.6673043,0.4,80.45,174.22,27.78,202.0,11.11,80.8,32.18,31.35,1.03,0.35,2.58,20.47,57,0.0,0
4584,君帆,電機機械,3.43,1326004000.0,386590087.4635568,1.16,1007696121.546343,2.61,15.45,8.7,11.76,20.46,30.69,53.4,40.33,45.9,0.88,0.67,1.16,13.04,50,2.67,6
4707,磐亞,化學工業,0.89,1382798000.0,1553705617.977528,0.29,1087580346.9985077,0.7,13.43,9.01,9.53,18.54,6.67,12.98,9.4,14.3,0.66,0.47,0.91,20.85,94,0.46,1
4714,永捷,化學工業,-0.54,1423308000.0,0.0,0.0,2826758056.024862,0.0,49.99,73.71,16.77,90.48,0.0,0.0,0.0,13.05,0.0,0.0,0.0,11.08,8,22.32,126
4716,大立,化學工業,-0.88,541346000.0,0.0,0.0,515072152.28542703,0.0,69.14,199.41,15.59,215.0,0.0,0.0,0.0,14.45,0.0,0.0,0.0,71.32,156,6.55,133
4720,德淵,化學工業,0.74,3617724000.0,4888816216.216216,0.33,3754339925.8274846,0.77,17.04,34.88,10.28,45.16,7.92,34.77,13.12,24.4,0.54,0.32,1.43,29.27,59,0.3,1
4721,美琪瑪,化學工業,3.01,2547493000.0,846343189.3687708,1.38,2905857135.3408055,3.43,27.52,52.98,13.17,66.15,45.17,226.89,94.38,83.7,1.13,0.54,2.71,14.06,46,42.25,65
4722,國精化,化學工業,2.01,3818702000.0,1899851741.2935326,0.82,3568739248.511263,1.88,53.07,139.92,16.59,156.51,31.19,294.24,99.77,237.0,0.42,0.13,1.24,26.64,44,253.96,136
4726,永昕,生技醫療業,-2.17,662586000.0,0.0,0.0,1441904641.7055578,0.0,0.0,0.0,0.0,0.0,0.0,0.0,0.0,28.25,0.0,0.0,0.0,43.98,37,12.08,22
4728,雙美,生技醫療業,13.32,1996037000.0,149852627.6276276,6.31,2198363372.4232907,14.67,27.28,20.07,19.59,39.66,287.39,581.81,400.2,384.5,1.04,0.75,1.51,42.59,31,9.49,79
4711,永純,化學工業,0.15,721056000.0,4807040000.0,0.07,873021310.1131982,0.18,231.21,411.93,44.32,456.25,7.98,82.12,41.62,16.4,2.54,0.49,5.01,21.05,101,22.9,134
4583,台灣精銳,電機機械,12.0,2985176000.0,248764666.66666666,5.83,3325209304.8699603,13.37,53.05,55.52,20.08,75.6,268.47,1010.77,709.25,687.0,1.03,0.39,1.47,200.0,155,18.21,22
4581,光隆精密-KY,汽車工業,4.73,1072763000.0,226799788.5835095,2.13,1117675498.3181846,4.93,10.44,3.77,8.4,12.17,41.41,60.0,51.47,49.5,1.04,0.84,1.21,0.31,14,0.35,1
4552,力達-KY,電機機械,2.07,3459013000.0,1671020772.94686,0.8,3220547455.701092,1.93,12.28,12.05,7.82,19.87,15.09,38.35,23.71,19.65,1.21,0.77,1.95,0.34,2,3.73,6
4554,橙的,其他電子類,2.15,496777000.0,231059069.76744187,0.89,516018813.2427587,2.23,18.12,28.16,12.0,40.16,26.76,89.56,40.41,30.95,1.31,0.86,2.89,8.4,49,10.0,1
4555,氣立,電機機械,0.19,1588876000.0,8362505263.157895,0.09,1704931734.3072755,0.2,189.49,38.0,174.0,212.0,34.8,42.4,37.9,42.4,0.89,0.82,1.0,3.97,31,21.97,104
4556,旭然,其他,0.92,674327000.0,732964130.4347826,0.39,725409795.936652,0.99,151.66,441.8,28.91,470.71,28.62,466.0,150.15,38.6,3.89,0.74,12.07,16.81,63,5.47,83
4557,永新-KY,汽車工業,-0.34,4059621000.0,0.0,0.0,3008253461.675354,0.0,50.18,259.7,6.97,266.67,0.0,0.0,0.0,47.3,0.0,0.0,0.0,18.67,158,0.45,1
4558,寶緯,電機機械,-0.39,1558915000.0,0.0,0.0,1562470668.591968,0.0,166.7,1997.71,22.29,2020.0,0.0,0.0,0.0,19.65,0.0,0.0,0.0,35.85,172,21.55,79
4560,強信-KY,電機機械,3.02,1718464000.0,569027814.5695364,1.37,1800163967.0788949,3.16,18.04,18.71,10.71,29.42,33.84,92.97,56.99,32.6,1.75,1.04,2.85,2.57,7,15.76,14
4561,健椿,電機機械,0.66,945579000.0,1432695454.5454545,0.29,997966209.2610092,0.7,29.68,66.25,11.93,78.18,8.35,54.73,20.78,47.7,0.44,0.18,1.15,58.59,106,0.0,0
4562,穎漢,電機機械,-1.28,747282000.0,0.0,0.0,657628975.4068114,0.0,0.0,0.0,0.0,0.0,0.0,0.0,0.0,40.3,0.0,0.0,0.0,177.3,91,9.54,21
4563,百德,電機機械,-2.67,2857967000.0,0.0,0.0,2407904239.3088446,0.0,27.07,34.51,14.7,49.21,0.0,0.0,0.0,47.55,0.0,0.0,0.0,150.0,140,0.28,1
4564,元翎,電機機械,-1.85,1136277000.0,0.0,0.0,759585396.7432859,0.0,0.0,0.0,0.0,0.0,0.0,0.0,0.0,16.2,0.0,0.0,0.0,17.54,74,20.11,114
4566,時碩工業,電機機械,1.35,4950351000.0,3666926666.6666665,0.61,5314975753.216644,1.45,43.07,94.34,14.43,108.77,20.92,157.72,62.46,60.5,1.03,0.35,2.61,111.72,60,8.85,101
4568,科際精密,電機機械,2.01,1210528000.0,602252736.318408,0.83,1200726933.0397334,1.99,22.38,21.14,13.27,34.41,26.41,68.48,44.54,0.0,0.0,0.0,0.0,8.74,49,1.68,36
4569,六方科-KY,汽車工業,4.13,1790506000.0,433536561.7433414,1.81,1935655142.218237,4.46,30.35,38.76,14.66,53.42,65.38,238.25,135.38,172.0,0.79,0.38,1.39,189.37,161,47.26,90
4571,鈞興-KY,電機機械,9.61,3094943000.0,322054422.4765869,3.95,2913198357.3050184,9.05,19.95,21.25,13.02,34.27,117.83,310.14,180.59,210.5,0.86,0.56,1.47,72.48,134,28.21,92
4572,駐龍,電機機械,3.02,675919000.0,223814238.410596,1.29,676624377.9337742,3.02,30.6,36.39,20.4,56.79,61.61,171.51,92.4,145.5,0.64,0.42,1.18,5.81,43,0.82,1
4576,大銀微系統,電機機械,2.01,2671021000.0,1328866169.154229,1.11,3697615716.7811775,2.78,258.58,784.91,53.98,838.89,150.06,2332.11,718.87,236.5,3.04,0.63,9.86,112.68,161,0.74,2
4577,達航科技,其他電子類,-0.74,728121000.0,0.0,0.0,1049343822.2506585,0.0,0.0,0.0,0.0,0.0,0.0,0.0,0.0,118.0,0.0,0.0,0.0,54.29,182,116.54,184
4580,捷流閥業,電機機械,5.0,2288106000.0,457621200.0,2.07,2332106711.437299,5.1,12.6,7.63,8.94,16.57,45.59,84.51,64.26,81.5,0.79,0.56,1.04,6.25,28,20.15,118
4729,熒茂,光電業,0.17,1096405000.0,6449441176.470588,0.07,1007649654.9582448,0.16,309.67,1690.45,29.55,1720.0,4.73,275.2,49.55,23.6,2.1,0.2,11.66,107.35,154,30.34,100
4735,豪展,生技醫療業,2.43,899326000.0,370093004.1152263,1.15,1124925140.1091166,3.04,48.13,119.39,9.87,129.26,30.0,392.95,146.32,30.75,4.76,0.98,12.78,35.28,109,6.94,23
4736,泰博,化學生技醫療,15.12,4180025000.0,276456679.8941799,6.69,4412337772.420474,15.96,12.95,12.14,6.63,18.77,105.81,299.57,206.73,121.5,1.7,0.87,2.47,5.17,29,12.36,13
4771,望隼,化學生技醫療,12.71,3422496000.0,269275845.79071593,6.46,4512644544.2606535,16.76,17.32,18.34,13.31,31.65,223.08,530.45,290.32,194.0,1.5,1.15,2.73,0.0,0,1.9,2
4772,台特化,化學工業,4.21,1762870000.0,418733966.74584323,3.48,6446185015.04282,15.39,83.24,55.68,57.48,113.16,884.62,1741.53,1281.1,289.5,4.43,3.06,6.02,18.32,123,62.65,149
4806,桂田文創,文化創意業,-0.19,84386000.0,0.0,0.0,140886018.88055065,0.0,0.0,0.0,0.0,0.0,0.0,0.0,0.0,10.0,0.0,0.0,0.0,35.65,59,0.0,0
4807,日成-KY,貿易百貨,-0.24,2110985000.0,0.0,0.0,2556697036.0729556,0.0,419.47,448.5,16.5,465.0,0.0,0.0,0.0,22.7,0.0,0.0,0.0,103.36,169,5.73,148
4903,聯光通,通信網路業,1.02,1463911000.0,1435206862.745098,0.4,1715750384.0789988,1.2,117.03,467.36,21.93,489.29,26.32,587.15,140.43,44.35,3.17,0.59,13.24,156.0,149,30.82,87
4904,遠傳,通信網路業,3.82,108996963000.0,28533236387.434555,1.71,118974642151.80049,4.17,25.34,6.81,22.11,28.92,92.2,120.6,105.68,97.1,1.09,0.95,1.24,11.95,123,8.4,171
4905,台聯電,通信網路業,2.76,720894000.0,261193478.2608696,1.39,937448146.3765008,3.59,27.95,27.04,16.05,43.09,57.62,154.69,100.33,76.7,1.31,0.75,2.02,1.91,28,12.85,174
4906,正文,通信網路業,-0.25,17213421000.0,0.0,0.0,11072445635.034779,0.0,27.28,30.34,14.9,45.24,0.0,0.0,0.0,37.6,0.0,0.0,0.0,29.01,57,1.67,178
4907,富宇,建材營造,1.24,3212506000.0,2590730645.16129,0.88,3500688871.0813007,1.35,16.37,36.85,5.8,42.65,7.83,57.58,22.1,38.4,0.58,0.2,1.5,63.46,73,1.13,3
4908,前鼎,通信網路業,1.97,859504000.0,436296446.70050764,0.92,885780090.7125651,2.03,38.25,104.98,21.28,126.26,43.2,256.31,77.65,247.0,0.31,0.17,1.04,15.85,148,25.36,86
4909,新復興,通信網路業,-1.25,444305000.0,0.0,0.0,128299180.20962738,0.0,57.21,284.18,6.65,290.83,0.0,0.0,0.0,50.6,0.0,0.0,0.0,145.0,133,8.01,41
4911,德英,生技醫療業,2.22,310711000.0,139959909.9099099,0.47,158010844.25538436,1.13,29.06,29.57,15.0,44.57,16.95,50.36,32.83,31.85,1.03,0.53,1.58,6.77,45,0.55,1
4912,聯德控股-KY,電子工業,2.03,6305207000.0,3106013300.492611,0.95,7217779916.837304,2.32,19.79,43.14,11.29,54.43,26.19,126.28,45.92,103.0,0.45,0.25,1.23,5.84,2,0.9,7
4915,致伸,電子工業,5.71,59308761000.0,10386823292.469353,2.53,66022447385.39724,6.36,14.55,9.92,11.07,20.99,70.41,133.5,92.55,71.6,1.29,0.98,1.86,21.93,29,15.16,176
4916,事欣科,電子工業,1.77,3495648000.0,1974942372.881356,0.95,4598871362.776324,2.33,290.63,2349.24,13.26,2362.5,30.9,5504.62,677.17,89.9,7.53,0.34,61.23,24.54,63,52.1,90
4919,新唐,半導體業,-3.97,30608546000.0,0.0,0.0,29574331094.7544,0.0,265.63,1066.3,19.41,1085.71,0.0,0.0,0.0,165.0,0.0,0.0,0.0,6.02,38,6.29,23
4923,力士,半導體業,-5.26,878441000.0,0.0,0.0,1121820011.0935023,0.0,77.07,16.69,63.73,80.42,0.0,0.0,0.0,37.55,0.0,0.0,0.0,0.32,10,36.3,29
4924,欣厚-KY,電腦及週邊設備業,0.38,758252000.0,1995400000.0,0.19,819575590.8159918,0.41,119.7,384.49,14.51,399.0,5.95,163.59,49.08,11.2,4.38,0.53,14.61,61.01,37,0.0,0
4770,上品,化學生技醫療,10.2,4769392000.0,467587450.9803922,4.3,5293534947.6728735,11.32,16.74,16.19,9.25,25.44,104.71,287.98,189.53,226.0,0.84,0.46,1.27,10.0,45,38.1,111
4551,智伸科,汽車工業,6.04,7704684000.0,1275609933.7748344,2.96,8882014199.977491,6.96,19.77,19.47,9.6,29.07,66.82,202.33,137.58,148.5,0.93,0.45,1.36,38.16,115,80.67,87
4767,誠泰科技,化學工業,1.25,1012731000.0,810184800.0,0.49,865532513.3531286,1.07,14.63,13.68,8.82,22.5,9.44,24.08,15.65,26.55,0.59,0.36,0.91,34.62,100,4.37,38
4737,華廣,化學生技醫療,-2.72,1820339000.0,0.0,0.0,1654444389.5907524,0.0,619.56,60.91,579.09,640.0,0.0,0.0,0.0,58.2,0.0,0.0,0.0,4.49,156,16.96,17
4739,康普,化學工業,1.56,5867643000.0,3761309615.3846154,1.08,12466370880.293362,3.31,210.39,1195.95,27.38,1223.33,90.63,4049.22,696.38,91.5,7.61,0.99,44.25,10.71,44,47.98,129
4741,泓瀚,化學工業,0.29,482051000.0,1662244827.586207,0.13,524422120.50022066,0.32,36.09,206.22,11.71,217.93,3.75,69.74,11.55,53.5,0.22,0.07,1.3,55.47,109,5.52,16
4743,合一,生技醫療業,-2.18,109851000.0,0.0,0.0,206472032.85759595,0.0,0.0,0.0,0.0,0.0,0.0,0.0,0.0,49.0,0.0,0.0,0.0,15.58,63,28.27,105
4744,皇將,生技醫療業,2.5,1404494000.0,561797600.0,1.16,1389135522.8350394,2.47,32.85,99.26,12.41,111.67,30.65,275.82,81.14,33.7,2.41,0.91,8.18,9.22,44,63.4,112
4745,合富-KY,生技醫療業,-3.17,3136317000.0,0.0,0.0,2599946940.8656445,0.0,546.53,1976.93,53.07,2030.0,0.0,0.0,0.0,16.65,0.0,0.0,0.0,4.19,137,7.58,184
4746,台耀,化學生技醫療,3.68,4864147000.0,1321779076.0869565,1.45,4391156804.744435,3.32,54.42,232.79,13.95,246.74,46.31,819.18,180.66,51.6,3.5,0.9,15.88,19.85,58,4.5,16
4747,強生,生技醫療業,1.19,566185000.0,475785714.2857143,0.51,574721398.6810701,1.21,38.35,21.63,26.39,48.02,31.93,58.1,46.4,57.3,0.81,0.56,1.01,1.06,165,11.43,125
4749,新應材,半導體業,11.32,4226168000.0,373336395.7597173,5.25,4908090400.515083,13.15,81.36,61.73,43.12,104.85,567.03,1378.78,1069.9,994.0,1.08,0.57,1.39,35.46,169,70.15,149
4754,國碳科,化學工業,2.87,622838000.0,217016724.73867595,1.23,566617904.0806738,2.61,14.5,5.06,12.86,17.92,33.56,46.77,37.86,38.0,1.0,0.88,1.23,1.17,3,0.0,0
4755,三福化,化學工業,3.7,4835643000.0,1306930540.5405405,1.48,4633703936.884986,3.55,31.34,25.62,20.2,45.82,71.71,162.66,111.26,135.0,0.82,0.53,1.2,8.13,49,18.92,126
4760,勤凱,其他電子類,7.17,1827244000.0,254845746.16457462,4.13,2872468121.467947,11.27,25.81,30.39,12.25,42.64,138.06,480.55,290.93,282.0,1.03,0.49,1.7,17.47,8,79.72,100
4763,材料*-KY,化學工業,24.57,13615644000.0,554157264.9572649,8.6,8991094132.117542,16.22,9.35,9.56,5.4,14.96,87.59,242.65,151.69,41.15,3.69,2.13,5.9,17.88,106,13.81,16
4764,雙鍵,化學工業,1.21,2876719000.0,2377453719.0082645,0.6,3327546070.4671264,1.4,142.8,223.36,56.97,280.33,79.76,392.46,199.92,330.0,0.61,0.24,1.19,39.8,148,80.49,161
4766,南寶,化學工業,20.26,23192505000.0,1144743583.4155972,8.84,24620706122.56135,21.51,15.62,7.76,12.67,20.43,272.53,439.45,336.02,356.0,0.94,0.77,1.23,0.0,0,25.29,106
4768,晶呈科技,化學工業,0.39,1033185000.0,2649192307.6923075,0.34,2917250967.2800994,1.1,303.73,1346.52,32.97,1379.49,36.27,1517.44,334.1,405.5,0.82,0.09,3.74,13.03,46,151.89,153
4550,長佳,電機機械,1.34,907487000.0,677229104.4776119,0.58,934375907.7853107,1.38,10.76,11.13,7.83,18.96,10.81,26.16,14.85,24.8,0.6,0.44,1.05,4.54,9,3.31,24
4549,桓達,電機機械,3.34,1266495000.0,379190119.76047903,1.17,1054148859.3505261,2.78,30.97,28.53,21.47,50.0,59.69,139.0,86.08,100.5,0.86,0.59,1.38,46.59,28,26.67,36
4155,訊映,生技醫療業,0.58,1624178000.0,2800306896.5517244,0.22,1376726154.9190326,0.49,75.58,174.55,17.95,192.5,8.8,94.32,37.03,14.8,2.5,0.59,6.37,3.85,58,0.0,0
4157,太景*-KY,生技醫療業,0.06,39059000.0,650983333.3333334,0.36,514680636.738561,0.79,73.21,152.8,39.7,192.5,31.36,152.08,57.84,9.02,6.41,3.48,16.86,0.0,0,0.0,0
4160,訊聯基因,生技醫療業,0.81,583563000.0,720448148.1481481,0.39,651276485.1687516,0.9,54.55,88.23,23.17,111.4,20.85,100.26,49.09,42.25,1.16,0.49,2.37,118.33,59,6.82,69
4161,聿新科,生技醫療業,1.27,843016000.0,663792125.984252,0.55,919110362.6188875,1.38,18.98,11.41,13.87,25.28,19.14,34.89,26.19,23.35,1.12,0.82,1.49,16.49,140,2.73,31
4162,智擎,生技醫療業,2.69,2517404000.0,935837918.2156134,0.52,604663901.9550805,0.65,21.3,48.43,5.01,53.44,3.26,34.74,13.85,56.0,0.25,0.06,0.62,9.91,177,0.11,2
4163,鐿鈦,生技醫療業,5.13,2386847000.0,465272319.68810916,2.29,2552163818.6676025,5.49,22.0,10.53,17.49,28.02,96.02,153.83,120.77,112.5,1.07,0.85,1.37,5.06,46,8.29,34
4164,承業醫,化學生技醫療,0.98,4406696000.0,4496628571.428572,0.43,4917450010.901211,1.09,35.9,33.24,20.34,53.58,22.17,58.4,39.13,28.3,1.38,0.78,2.06,3.19,28,24.88,100
4166,友霖,生技醫療業,0.9,734964000.0,816626666.6666666,0.0,0.0,0.0,50.61,52.14,26.33,78.47,0.0,0.0,0.0,25.1,0.0,0.0,0.0,63.69,170,18.2,23
4167,松瑞藥,生技醫療業,1.72,1139892000.0,662727906.9767442,0.68,1161887695.7904558,1.75,30.51,68.61,10.78,79.39,18.86,138.93,53.39,18.9,2.82,1.0,7.35,14.16,42,3.77,13
4168,醣聯,生技醫療業,-2.16,33600000.0,0.0,0.0,42903860.33247548,0.0,0.0,0.0,0.0,0.0,0.0,0.0,0.0,25.1,0.0,0.0,0.0,22.24,49,61.97,29
4169,泰宗,化學生技醫療,0.32,0.0,0.0,0.0,0.0,0.0,501.9,98.43,453.13,551.56,0.0,0.0,0.0,152.0,0.0,0.0,0.0,12.68,142,281.37,184
4171,瑞基,農業科技業,-1.94,221826000.0,0.0,0.0,250087836.18989173,0.0,0.0,0.0,0.0,0.0,0.0,0.0,0.0,18.3,0.0,0.0,0.0,16.51,42,21.62,14
4173,久裕,生技醫療業,1.16,1518675000.0,1309202586.2068965,0.52,1672163382.9039495,1.28,17.69,7.02,14.73,21.75,18.85,27.84,22.65,18.3,1.24,1.03,1.52,3.2,56,11.92,127
4174,浩鼎,生技醫療業,-15.61,59036000.0,0.0,0.0,35279131.96267133,0.0,0.0,0.0,0.0,0.0,0.0,0.0,0.0,32.35,0.0,0.0,0.0,49.01,101,0.0,0
4175,杏一,生技醫療業,3.69,7998459000.0,2167604065.0406504,1.55,8048737745.751483,3.71,69.34,171.14,13.48,184.62,50.01,684.94,257.24,53.1,4.84,0.94,12.9,0.93,63,0.3,9
4178,永笙-KY,化學生技醫療,-0.92,0.0,0.0,0.0,0.0,0.0,0.0,0.0,0.0,0.0,0.0,0.0,0.0,19.0,0.0,0.0,0.0,0.0,0,7.69,77
4183,福永生技,生技醫療業,-0.33,508694000.0,0.0,0.0,329199717.9919748,0.0,31.1,59.88,15.66,75.54,0.0,0.0,0.0,12.45,0.0,0.0,0.0,27.21,43,5.75,34
4188,安克,生技醫療業,-0.88,37034000.0,0.0,0.0,21948759.053486094,0.0,0.0,0.0,0.0,0.0,0.0,0.0,0.0,11.15,0.0,0.0,0.0,10.52,49,28.81,22
4190,佐登-KY,化學生技醫療,-1.59,2247934000.0,0.0,0.0,2201306748.6108193,0.0,0.0,0.0,0.0,0.0,0.0,0.0,0.0,24.7,0.0,0.0,0.0,13.35,161,0.81,1
4116,明基醫,生技醫療業,1.75,5192619000.0,2967210857.142857,0.79,5740583967.623212,1.93,20.6,11.6,15.47,27.07,29.86,52.25,39.75,37.2,1.07,0.8,1.4,5.62,37,25.49,104
4119,旭富,化學生技醫療,0.91,1270033000.0,1395640659.3406594,0.44,1295525756.8947532,0.93,36.67,66.44,13.04,79.48,12.13,73.92,34.1,42.5,0.8,0.29,1.74,4.71,184,0.14,1
4120,友華,生技醫療業,-6.55,4544790000.0,0.0,0.0,4693042467.742427,0.0,65.1,159.51,21.16,180.67,0.0,0.0,0.0,46.3,0.0,0.0,0.0,31.23,44,19.92,38
4121,優盛,生技醫療業,-0.36,3836415000.0,0.0,0.0,3705287871.138837,0.0,0.0,0.0,0.0,0.0,0.0,0.0,0.0,14.15,0.0,0.0,0.0,1.94,10,8.63,27
4123,晟德,生技醫療業,12.36,1486819000.0,120292799.35275081,6.59,1852240825.8675683,15.4,10.59,15.68,2.69,18.37,41.43,282.9,163.14,38.2,4.27,1.08,7.41,26.74,49,8.19,106
4126,太醫,生技醫療業,5.28,2430779000.0,460374810.60606056,2.08,2337652582.4520707,5.08,15.46,3.68,13.67,17.35,69.44,88.14,78.55,79.9,0.98,0.87,1.1,0.76,43,3.68,38
4127,天良,生技醫療業,-0.21,495225000.0,0.0,0.0,839654601.4877789,0.0,120.09,300.49,70.94,371.43,0.0,0.0,0.0,52.0,0.0,0.0,0.0,10.73,7,0.53,1
4128,中天,生技醫療業,-1.29,1884923000.0,0.0,0.0,2025017104.3588424,0.0,0.0,0.0,0.0,0.0,0.0,0.0,0.0,14.6,0.0,0.0,0.0,9.94,64,15.12,24
4129,聯合,生技醫療業,5.83,5570321000.0,955458147.5128645,2.65,6428188248.935567,6.73,20.38,10.71,15.75,26.46,106.0,178.08,137.13,90.6,1.51,1.17,1.97,16.02,39,33.27,167
4130,健亞,生技醫療業,0.11,494127000.0,4492063636.363636,0.04,427807678.8562536,0.1,159.01,296.83,71.17,368.0,7.12,36.8,15.9,27.3,0.58,0.26,1.35,1.64,28,16.82,174
4131,浩泰,生技醫療業,-0.77,221004000.0,0.0,0.0,269870837.9902755,0.0,0.0,0.0,0.0,0.0,0.0,0.0,0.0,35.1,0.0,0.0,0.0,19.5,50,9.36,21
4133,亞諾法,化學生技醫療,-0.02,352143000.0,0.0,0.0,340729844.79087144,0.0,177.45,945.2,21.47,966.67,0.0,0.0,0.0,21.05,0.0,0.0,0.0,9.35,42,12.81,14
4137,麗豐-KY,化學生技醫療,7.13,3840036000.0,538574474.053296,3.07,4289132534.3926454,7.96,16.96,10.1,12.24,22.34,97.43,177.83,135.04,103.0,1.31,0.95,1.73,0.0,0,2.53,43
4138,曜亞,生技醫療業,4.0,1384713000.0,346178250.0,1.68,1396136750.5485172,4.03,15.28,6.31,12.51,18.82,50.42,75.84,61.57,51.8,1.19,0.97,1.46,6.13,32,1.21,1
4139,馬光-KY,生技醫療業,-1.55,1092563000.0,0.0,0.0,1068620053.3303205,0.0,70.05,74.47,50.53,125.0,0.0,0.0,0.0,23.45,0.0,0.0,0.0,18.94,137,1.93,77
4142,國光生,化學生技醫療,-0.57,1425470000.0,0.0,0.0,1484899050.3705666,0.0,0.0,0.0,0.0,0.0,0.0,0.0,0.0,17.35,0.0,0.0,0.0,4.8,64,15.55,178
4147,中裕,生技醫療業,-0.61,584770000.0,0.0,0.0,640346640.1668686,0.0,0.0,0.0,0.0,0.0,0.0,0.0,0.0,48.85,0.0,0.0,0.0,5.5,29,22.56,30
4148,全宇生技-KY,化學生技醫療,2.31,2922708000.0,1265241558.4415584,0.92,3330058904.510211,2.63,23.81,19.89,15.56,35.45,40.92,93.23,62.62,34.0,1.84,1.2,2.74,6.35,179,1.48,6
4153,鈺緯,生技醫療業,1.53,856515000.0,559813725.4901961,0.7,888102214.9888562,1.59,26.34,21.89,19.45,41.34,30.93,65.73,41.89,30.75,1.36,1.01,2.14,36.72,121,1.64,17
4192,杏國,生技醫療業,-1.3,27417000.0,0.0,0.0,27221490.739025746,0.0,3519.41,365.0,3340.0,3705.0,0.0,0.0,0.0,0.0,0.0,0.0,0.0,4.1,39,3.76,23
4195,基米-創,創新板股票,-0.54,0.0,0.0,0.0,0.0,0.0,0.0,0.0,0.0,0.0,0.0,0.0,0.0,18.8,0.0,0.0,0.0,11.88,58,51.85,115
4502,健信,電機機械,-1.52,967569000.0,0.0,0.0,1066778627.2708039,0.0,77.31,107.53,35.8,143.33,0.0,0.0,0.0,15.75,0.0,0.0,0.0,19.19,28,8.67,84
4503,金雨,電機機械,1.37,678367000.0,495158394.1605839,0.55,838863322.2370958,1.69,96.8,150.78,19.22,170.0,32.48,287.3,163.59,41.9,3.9,0.78,6.86,14.19,46,7.64,85
4506,崇友,電機機械,6.52,6147778000.0,942910736.1963191,2.88,6433907705.867775,6.82,19.61,6.84,17.03,23.87,116.14,162.79,133.73,118.5,1.13,0.98,1.37,0.0,0,19.37,133
4510,高鋒,電機機械,-1.02,1581975000.0,0.0,0.0,2215952528.308705,0.0,38.6,43.89,15.63,59.52,0.0,0.0,0.0,46.45,0.0,0.0,0.0,236.17,106,5.95,90
4513,福裕,電機機械,-1.79,1018902000.0,0.0,0.0,1405681276.9353585,0.0,55.18,61.61,34.91,96.52,0.0,0.0,0.0,14.6,0.0,0.0,0.0,113.95,94,1.07,1
4523,永彰,電機機械,22.27,612079000.0,27484463.403682083,16.74,925202631.301565,33.66,1.35,0.41,1.18,1.59,39.72,53.52,45.53,27.85,1.63,1.43,1.92,7.07,4,11.64,170
4526,東台,電機機械,1.82,5453188000.0,2996257142.857143,0.69,4250727101.4737043,1.42,47.06,48.12,17.58,65.7,24.96,93.29,66.83,37.1,1.8,0.67,2.51,99.01,122,50.19,90
4527,方土霖,電機機械,3.4,3024592000.0,889585882.3529412,1.58,3153323019.3016047,3.54,12.28,6.55,9.33,15.88,33.03,56.22,43.45,43.65,1.0,0.76,1.29,42.45,157,3.33,6
4528,江興鍛,電機機械,-0.32,1570974000.0,0.0,0.0,1479069501.9182801,0.0,436.93,2310.56,44.44,2355.0,0.0,0.0,0.0,15.45,0.0,0.0,0.0,5.12,88,8.81,106
4529,淳紳,其他,-0.74,5459000.0,0.0,0.0,9923280.770915462,0.0,0.0,0.0,0.0,0.0,0.0,0.0,0.0,6.08,0.0,0.0,0.0,5.58,35,16.76,48
4532,瑞智,電機機械,2.05,20554212000.0,10026444878.04878,1.0,19252026939.080822,1.92,13.3,7.46,10.33,17.79,19.83,34.16,25.53,23.25,1.1,0.85,1.47,8.7,73,0.0,0
4533,協易機,電機機械,0.2,3938898000.0,19694490000.0,0.08,3760721388.9411716,0.19,65.61,1593.94,16.06,1610.0,3.05,305.9,12.47,31.7,0.39,0.1,9.65,10.76,14,0.9,21
4534,慶騰,電機機械,0.0,801825000.0,0.0,0.0,928936359.8220125,0.0,1260.19,2934.13,70.87,3005.0,0.0,0.0,0.0,21.75,0.0,0.0,0.0,154.17,106,5.09,87
4535,至興,電機機械,1.3,2572197000.0,1978613076.9230769,0.52,2341485538.6126,1.18,15.64,15.41,12.11,27.52,14.29,32.47,18.46,27.65,0.67,0.52,1.17,8.7,121,4.26,20
4538,大詠城,電機機械,0.29,363369000.0,1252996551.724138,0.12,464389960.8394367,0.37,66.36,86.77,22.05,108.82,8.16,40.26,24.55,18.35,1.34,0.44,2.19,18.58,116,0.0,0
4540,全球傳動,電機機械,-0.66,2576441000.0,0.0,0.0,3559866583.7279425,0.0,0.0,0.0,0.0,0.0,0.0,0.0,0.0,67.7,0.0,0.0,0.0,49.92,87,16.98,100
4541,晟田,其他,2.03,1593892000.0,785168472.906404,1.01,2162133520.283689,2.75,724.3,3720.64,19.36,3740.0,53.24,10285.0,1991.84,43.15,46.16,1.23,238.35,11.29,155,23.89,107
4542,科嶠,電子零組件業,1.28,702589000.0,548897656.25,0.66,834120191.1671388,1.52,203.2,1132.84,27.16,1160.0,41.28,1763.2,308.87,236.0,1.31,0.17,7.47,45.89,150,16.28,111
4543,萬在,電機機械,0.53,783259000.0,1477847169.8113208,0.27,1023352152.2339256,0.69,38.99,105.55,11.12,116.67,7.67,80.5,26.9,38.05,0.71,0.2,2.12,24.91,8,0.5,1
4545,銘鈺,電子工業,0.18,2391456000.0,13285866666.666668,0.07,2319271181.236007,0.17,94.39,412.88,11.62,424.5,1.98,72.17,16.05,30.1,0.53,0.07,2.4,110.86,157,2.76,1
4442,竣邦-KY,紡織纖維,5.25,1675561000.0,319154476.1904762,2.67,1737938924.3517864,5.45,14.28,11.95,10.5,22.45,57.22,122.35,77.84,51.0,1.53,1.12,2.4,49.1,182,50.68,183
4441,振大環球,紡織纖維,14.72,4114059000.0,279487703.8043478,0.0,0.0,0.0,19.48,11.92,13.47,25.39,0.0,0.0,0.0,200.5,0.0,0.0,0.0,66.89,156,38.41,167
4439,冠星-KY,紡織纖維,7.73,6940476000.0,897862354.4631306,3.29,7439745443.328071,8.29,26.22,47.76,10.62,58.38,88.04,483.97,217.33,91.0,2.39,0.97,5.32,6.16,39,24.13,184
4198,欣大健康,生技醫療業,-1.97,196995000.0,0.0,0.0,147551482.36873356,0.0,8.23,5.01,6.71,11.72,0.0,0.0,0.0,38.2,0.0,0.0,0.0,2.59,39,33.28,45
4205,中華食,食品工業,4.23,2048169000.0,484200709.2198581,1.75,2113278362.0134366,4.36,20.57,6.67,17.75,24.42,77.39,106.47,89.7,73.2,1.23,1.06,1.45,0.1,2,6.99,55
4207,環泰,食品工業,1.76,5176930000.0,2941437500.0,0.79,5379568439.955268,1.83,13.86,6.72,9.57,16.29,17.51,29.81,25.36,19.25,1.32,0.91,1.55,0.0,0,18.67,181
4303,信立,塑膠工業,11.14,980754000.0,88038958.70736086,4.42,1059801056.5443368,12.04,6.47,13.03,2.66,15.69,32.03,188.91,77.94,48.3,1.61,0.66,3.91,10.6,102,5.42,2
4304,勝昱,塑膠工業,-1.16,342667000.0,0.0,0.0,350361990.06179136,0.0,0.0,0.0,0.0,0.0,0.0,0.0,0.0,28.1,0.0,0.0,0.0,174.23,93,234.77,174
4305,世坤,塑膠工業,3.83,1088255000.0,284139686.6840731,1.49,1046325011.0738064,3.68,12.31,4.37,10.43,14.8,38.38,54.46,45.3,0.0,0.0,0.0,0.0,11.33,39,5.75,70
4306,炎洲,塑膠工業,0.27,13142952000.0,48677600000.0,0.12,14800158919.794853,0.3,26.16,47.44,10.16,57.6,3.05,17.28,7.85,13.8,0.57,0.22,1.25,13.47,52,1.22,6
4401,東隆興,紡織纖維,0.73,3932210000.0,5386589041.095891,0.28,3708268455.1695704,0.69,39.73,137.8,13.87,151.67,9.57,104.65,27.41,14.3,1.92,0.67,7.32,8.02,122,3.2,20
4402,郡都開發,紡織纖維,-0.13,23142000.0,0.0,0.0,19580713.93239901,0.0,213.29,108.88,168.0,276.88,0.0,0.0,0.0,11.4,0.0,0.0,0.0,67.62,91,9.65,107
4406,新昕纖,紡織纖維,-1.08,492484000.0,0.0,0.0,267156856.38265914,0.0,0.0,0.0,0.0,0.0,0.0,0.0,0.0,10.0,0.0,0.0,0.0,11.0,44,0.0,0
4413,飛寶企業,紡織纖維,0.53,797445000.0,1504613207.5471697,0.19,886262997.7195731,0.59,82.66,298.98,19.35,318.33,11.42,187.81,48.77,18.0,2.71,0.63,10.43,4.11,18,12.99,66
4414,如興,紡織纖維,0.65,14392916000.0,22142947692.30769,0.26,13572026945.376764,0.61,15.55,44.37,2.88,47.25,1.76,28.82,9.49,8.02,1.18,0.22,3.59,19.02,57,270.0,111
4416,三圓,建材營造,-0.64,1096928000.0,0.0,0.0,4398201521.2438135,0.0,563.09,978.37,14.13,992.5,0.0,0.0,0.0,11.3,0.0,0.0,0.0,9.68,106,1.41,20
4417,金洲,紡織纖維,6.13,3526922000.0,575354323.0016314,2.22,3143141372.9745483,5.46,9.61,4.21,7.52,11.73,41.06,64.05,52.46,44.85,1.17,0.92,1.43,6.58,141,19.33,176
4420,光明,紡織纖維,5.52,1018773000.0,184560326.08695653,2.25,990564165.4750748,5.37,5.26,51.25,1.1,52.35,5.91,281.12,28.23,40.0,0.71,0.15,7.03,43.47,106,1.39,3
4426,利勤,紡織纖維,-2.93,875169000.0,0.0,0.0,899943700.2424206,0.0,0.0,0.0,0.0,0.0,0.0,0.0,0.0,7.8,0.0,0.0,0.0,5.49,24,3.42,6
4430,耀億,其他,-0.19,2072039000.0,0.0,0.0,2100406799.7615156,0.0,0.0,0.0,0.0,0.0,0.0,0.0,0.0,16.85,0.0,0.0,0.0,20.56,169,5.31,7
4432,銘旺實,紡織纖維,0.88,1113575000.0,1265426136.3636363,0.29,1020693682.4547209,0.81,14.79,27.78,4.99,32.77,4.04,26.54,11.98,16.8,0.71,0.24,1.58,4.2,105,6.6,30
4433,興采,紡織纖維,1.06,3437293000.0,3242729245.2830186,0.44,3451897550.879903,1.06,166.04,484.9,16.77,501.67,17.78,531.77,176.0,20.5,8.59,0.87,25.94,2.73,24,4.23,35
4438,廣越,紡織纖維,3.06,19317257000.0,6312829084.96732,0.88,21421918985.874954,3.39,27.24,46.04,14.48,60.52,49.09,205.16,92.35,57.5,1.61,0.85,3.57,4.91,11,1.42,9
4440,宜新實業,紡織纖維,1.14,1056073000.0,926379824.5614036,0.55,1338576571.9413226,1.44,17.12,17.43,9.63,27.06,13.87,38.97,24.66,18.2,1.35,0.76,2.14,8.35,149,21.98,150
3354,律勝,電子零組件業,-0.84,96893000.0,0.0,0.0,116664358.3675718,0.0,0.0,0.0,0.0,0.0,0.0,0.0,0.0,31.75,0.0,0.0,0.0,43.91,154,21.3,91
3388,崇越電,電子零組件業,4.16,7300872000.0,1755017307.6923077,2.0,8552361336.718097,4.87,17.14,14.56,14.6,29.16,71.1,142.01,83.48,92.8,0.9,0.77,1.53,1.53,9,0.62,1
3346,麗清,汽車工業,0.12,8707292000.0,72560766666.66667,0.04,7227106657.8538885,0.1,66.36,283.79,9.34,293.13,0.93,29.31,6.64,16.05,0.41,0.06,1.83,9.54,52,1.1,1
2751,王座,觀光餐旅,4.57,1733655000.0,379355579.86870897,2.2,2350664306.3685346,6.2,15.08,7.07,11.05,18.12,68.51,112.34,93.49,51.7,1.81,1.33,2.17,0.44,1,14.35,112
2801,彰銀,金融保險,1.51,45006999000.0,29805959602.649006,0.68,50792231991.000206,1.7,14.0,3.12,12.33,15.45,20.96,26.26,23.8,20.35,1.17,1.03,1.29,2.15,53,11.35,57
2812,台中銀,金融保險,1.53,20382325000.0,13321781045.751635,0.73,24504151786.798267,1.84,13.4,4.27,11.43,15.7,21.03,28.89,24.66,18.9,1.3,1.11,1.53,9.32,59,16.34,78
2816,旺旺保,金融保險,4.66,11080464000.0,2377781974.248927,2.86,17456416021.17529,7.34,6.62,3.38,4.82,8.2,35.38,60.19,48.61,31.3,1.55,1.13,1.92,7.8,58,13.69,184
2820,華票,金融保險,1.34,2927811000.0,2184933582.089552,0.77,4880273898.1347275,2.23,14.84,6.32,10.99,17.31,24.51,38.6,33.1,16.85,1.96,1.45,2.29,1.29,32,11.04,113
2832,台產,金融保險,3.91,7271628000.0,1859751406.6496162,2.15,9813865059.08805,5.28,10.27,8.27,8.34,16.61,44.04,87.7,54.23,53.6,1.01,0.82,1.64,5.57,99,48.91,184
2834,臺企銀,金融保險,1.26,35009065000.0,27784972222.22222,0.53,36317649792.4306,1.31,12.65,5.34,10.53,15.87,13.79,20.79,16.57,16.05,1.03,0.86,1.3,11.95,49,13.31,64
2836,高雄銀,金融保險,0.68,4981646000.0,7325949999.999999,0.29,5388778164.770393,0.74,21.85,12.92,15.88,28.8,11.75,21.31,16.17,11.8,1.37,1.0,1.81,12.77,51,5.88,52
2836A,高雄銀甲特,金融保險,0.0,0.0,0.0,0.0,0.0,0.0,0.0,0.0,0.0,0.0,0.0,0.0,0.0,24.55,0.0,0.0,0.0,3.56,184,4.49,141
2838,聯邦銀,金融保險,1.29,20088744000.0,15572669767.44186,0.6,24677847338.580776,1.58,14.45,4.58,12.56,17.14,19.84,27.08,22.82,20.05,1.14,0.99,1.35,7.23,53,17.73,156
2838A,聯邦銀甲特,金融保險,0.0,0.0,0.0,0.0,0.0,0.0,0.0,0.0,0.0,0.0,0.0,0.0,0.0,54.7,0.0,0.0,0.0,0.75,45,2.02,51
2845,遠東銀,金融保險,0.93,12771715000.0,13733026881.720428,0.42,14615042464.54607,1.06,13.98,4.83,11.63,16.46,12.33,17.45,14.82,11.95,1.24,1.03,1.46,9.43,49,8.91,90
2762,世界健身-KY,運動休閒,3.75,10884710000.0,2902589333.3333335,1.64,11974488495.230429,4.13,27.84,22.03,14.94,36.97,61.7,152.69,114.98,83.1,1.38,0.74,1.84,14.11,163,6.35,153
2641,正德,航運業,2.0,2306951000.0,1153475500.0,0.88,2786259676.781618,2.42,10.73,7.03,7.23,14.26,17.5,34.51,25.96,17.55,1.48,1.0,1.97,13.51,18,6.35,114
2642,宅配通,航運業,-1.04,3859459000.0,0.0,0.0,3227942396.483606,0.0,51.94,52.26,29.3,81.56,0.0,0.0,0.0,20.35,0.0,0.0,0.0,17.59,162,15.29,111
2643,捷迅,航運業,6.3,8198219000.0,1301304603.1746032,2.17,7161674454.982391,5.5,11.67,3.4,10.48,13.88,57.64,76.34,64.16,66.7,0.96,0.86,1.14,3.91,32,0.26,15
2645,長榮航太,航運業,5.46,18258462000.0,3344040659.340659,2.41,19859087286.452553,5.94,25.01,28.45,17.47,45.92,103.77,272.76,148.57,152.5,0.97,0.68,1.79,1.78,38,85.78,106
2646,星宇航空,航運業,0.08,43455568000.0,543194600000.0,0.04,53523054916.779594,0.1,126.12,221.02,46.2,267.22,4.62,26.72,12.61,20.2,0.62,0.23,1.32,45.23,150,2.92,84
2849,安泰銀,金融保險,0.79,5702683000.0,7218586075.949367,0.37,6752441847.378245,0.94,18.08,8.24,13.82,22.06,12.99,20.74,17.0,13.15,1.29,0.99,1.58,7.99,46,0.72,6
2850,新產,金融保險,12.28,21479434000.0,1749139576.5472314,6.59,28752693470.027424,16.44,9.96,3.25,8.18,11.43,134.48,187.91,163.79,138.5,1.18,0.97,1.36,11.58,35,12.62,133
2851,中再保,金融保險,3.66,22564473000.0,6165156557.3770485,1.74,27590823214.50226,4.48,9.25,7.41,6.3,13.71,28.22,61.42,41.42,34.9,1.19,0.81,1.76,0.0,0,2.91,178
2852,第一保,金融保險,2.92,7517297000.0,2574416780.821918,1.47,9401312295.346766,3.65,8.97,2.7,7.57,10.27,27.63,37.49,32.73,27.1,1.21,1.02,1.38,0.59,18,5.39,38
2897B,王道銀乙特,金融保險,0.0,0.0,0.0,0.0,0.0,0.0,0.0,0.0,0.0,0.0,0.0,0.0,0.0,11.85,0.0,0.0,0.0,3.88,156,1.27,6
2901,欣欣,貿易百貨,0.38,130775000.0,344144736.84210527,0.16,136899727.30355495,0.4,66.27,20.02,55.12,75.14,22.05,30.06,26.51,22.7,1.17,0.97,1.32,1.96,175,6.81,7
2903,遠百,貿易百貨,1.56,34266429000.0,21965659615.384613,0.62,33762926371.707478,1.54,15.19,7.01,12.58,19.59,19.37,30.17,23.39,22.15,1.06,0.87,1.36,9.75,45,4.32,184
2904,匯僑,其他,0.98,483900000.0,493775510.20408165,0.35,393394914.6318199,0.8,16.39,13.79,11.81,25.6,9.45,20.48,13.11,14.1,0.93,0.67,1.45,4.55,18,1.64,45
2905,三商,貿易百貨,0.71,165658168000.0,233321363380.2817,0.31,131306164894.74324,0.56,29.83,41.09,7.61,48.7,4.26,27.27,16.7,13.35,1.25,0.32,2.04,24.48,87,16.34,160
2906,高林,貿易百貨,0.47,8788364000.0,18698646808.51064,0.21,8982792964.116379,0.48,31.6,13.28,25.0,38.28,12.0,18.37,15.17,12.8,1.19,0.94,1.44,6.14,46,0.95,3
2908,特力,貿易百貨,0.23,34350128000.0,149348382608.69565,0.1,35938758130.72692,0.24,68.47,131.0,29.38,160.38,7.05,38.49,16.43,20.95,0.78,0.34,1.84,3.57,23,1.69,3
2910,統領,貿易百貨,1.23,534053000.0,434189430.8943089,0.51,519771301.9491492,1.2,20.37,8.64,16.71,25.35,20.05,30.42,24.45,21.35,1.15,0.94,1.42,2.79,98,2.96,38
2911,麗嬰房,貿易百貨,2.15,2396308000.0,1114561860.4651163,0.66,1591293660.0078092,1.43,2.29,1.3,1.44,2.74,2.06,3.92,3.28,7.19,0.46,0.29,0.55,55.01,140,29.69,29
2912,統一超,貿易百貨,10.78,349361674000.0,32408318552.875698,4.6,365691724082.6918,11.28,23.51,7.97,19.43,27.4,219.17,309.07,265.17,222.0,1.19,0.99,1.39,9.39,127,2.29,55
2913,農林,貿易百貨,-0.15,478252000.0,0.0,0.0,431175242.66701066,0.0,0.0,0.0,0.0,0.0,0.0,0.0,0.0,10.9,0.0,0.0,0.0,9.39,58,0.9,1
3349,寶德,電腦及週邊設備業,-1.04,506986000.0,0.0,0.0,267558903.26715615,0.0,0.0,0.0,0.0,0.0,0.0,0.0,0.0,19.0,0.0,0.0,0.0,30.42,67,24.77,184
2923,鼎固-KY,建材營造,-3.62,3198488000.0,0.0,0.0,13837850549.883617,0.0,63.69,51.42,41.02,92.44,0.0,0.0,0.0,20.55,0.0,0.0,0.0,25.99,133,15.81,42
2926,誠品生活,文化創意業,0.54,6956487000.0,12882383333.333332,0.23,7332647874.206102,0.57,86.27,154.54,41.39,195.93,23.59,111.68,49.18,36.9,1.33,0.64,3.03,4.41,32,0.0,0
2929,淘帝-KY,貿易百貨,-1.68,1848650000.0,0.0,0.0,1562446227.0091174,0.0,55.27,69.03,35.26,104.29,0.0,0.0,0.0,5.17,0.0,0.0,0.0,48.7,179,0.47,1
2939,永邑-KY,貿易百貨,-3.68,313675000.0,0.0,0.0,252979081.28472948,0.0,0.0,0.0,0.0,0.0,0.0,0.0,0.0,22.95,0.0,0.0,0.0,39.61,126,0.0,0
2941,米斯特,居家生活類,2.36,936342000.0,396755084.7457627,0.99,933506708.2383356,2.35,19.42,15.86,10.88,26.74,25.57,62.84,45.65,31.75,1.44,0.81,1.98,3.74,60,0.0,0
2945,三商家購,貿易百貨,2.14,14731084000.0,6883684112.149532,0.99,16972779334.626282,2.47,20.3,8.36,17.15,25.51,42.36,63.01,50.13,40.65,1.23,1.04,1.55,0.22,14,2.82,43
2897,王道銀行,金融保險,0.61,9927851000.0,16275165573.770493,0.3,12759543030.265211,0.78,12.32,7.97,9.28,17.25,7.24,13.46,9.61,10.05,0.96,0.72,1.34,2.31,53,0.31,1
2892,第一金,金融保險,1.87,76661762000.0,40995594652.40642,0.82,85893044047.68704,2.1,15.86,4.08,13.48,17.56,28.31,36.88,33.3,27.75,1.2,1.02,1.33,2.08,70,13.26,78
2891B,中信金乙特,金融保險,0.0,0.0,0.0,0.0,0.0,0.0,0.0,0.0,0.0,0.0,0.0,0.0,0.0,64.6,0.0,0.0,0.0,1.49,53,1.42,52
2855,統一證,金融保險,3.0,12942411000.0,4314137000.0,2.68,47110701456.16406,10.92,11.25,13.31,6.65,19.96,72.62,217.96,122.82,39.2,3.13,1.85,5.56,13.86,35,9.67,140
2867,三商壽,金融保險,0.2,94802262000.0,474011310000.0,0.1,85302020129.98875,0.18,55.97,104.37,13.63,118.0,2.45,21.24,10.08,7.7,1.31,0.32,2.76,18.26,53,41.84,160
2880,華南金,金融保險,1.9,68970569000.0,36300299473.68421,0.87,81557291381.8448,2.25,16.77,6.14,14.91,21.05,33.55,47.36,37.74,32.05,1.18,1.05,1.48,9.65,73,7.76,78
2881,富邦金,金融保險,8.37,378273064000.0,45193914456.39188,3.6,450414205005.29877,9.97,11.45,9.08,7.3,16.38,72.78,163.31,114.13,95.8,1.19,0.76,1.7,27.37,105,16.48,177
2881A,富邦特,金融保險,0.0,0.0,0.0,0.0,0.0,0.0,0.0,0.0,0.0,0.0,0.0,0.0,0.0,64.0,0.0,0.0,0.0,2.57,59,0.47,28
2881B,富邦金乙特,金融保險,0.0,0.0,0.0,0.0,0.0,0.0,0.0,0.0,0.0,0.0,0.0,0.0,0.0,62.7,0.0,0.0,0.0,0.84,147,0.32,41
2881C,富邦金丙特,金融保險,0.0,0.0,0.0,0.0,0.0,0.0,0.0,0.0,0.0,0.0,0.0,0.0,0.0,51.2,0.0,0.0,0.0,0.0,0,3.84,107
2882,國泰金,金融保險,7.06,350182831000.0,49600967563.73938,2.61,323175199059.9973,6.52,11.73,10.56,7.27,17.83,47.4,116.25,76.5,77.9,0.98,0.61,1.49,24.64,151,12.2,24
2882A,國泰特,金融保險,0.0,0.0,0.0,0.0,0.0,0.0,0.0,0.0,0.0,0.0,0.0,0.0,0.0,62.3,0.0,0.0,0.0,1.82,30,0.81,36
2882B,國泰金乙特,金融保險,0.0,0.0,0.0,0.0,0.0,0.0,0.0,0.0,0.0,0.0,0.0,0.0,0.0,60.8,0.0,0.0,0.0,0.0,0,0.16,29
2883,凱基金,金融保險,1.74,69242451000.0,39794512068.965515,1.08,76426260357.7976,1.92,11.6,9.67,7.75,17.42,14.88,33.45,22.27,21.6,1.03,0.69,1.55,23.26,151,3.19,6
2883B,凱基金乙特,金融保險,0.0,0.0,0.0,0.0,0.0,0.0,0.0,0.0,0.0,0.0,0.0,0.0,0.0,8.2,0.0,0.0,0.0,5.4,175,0.64,84
2884,玉山金,金融保險,2.12,90758158000.0,42810451886.79245,1.0,111506055732.07425,2.6,17.56,7.34,14.41,21.75,37.47,56.55,45.67,31.7,1.44,1.18,1.78,3.57,59,17.28,56
2885,元大金,金融保險,2.74,125092925000.0,45654352189.78102,1.61,190896505692.17163,4.18,14.11,10.76,9.86,20.62,41.21,86.19,58.97,55.1,1.07,0.75,1.56,6.65,35,9.24,184
2886,兆豐金,金融保險,2.36,81638284000.0,34592493220.33898,1.06,96458578882.09491,2.79,17.44,5.19,15.19,20.38,42.38,56.86,48.66,40.3,1.21,1.05,1.41,6.13,70,4.12,78
2887,台新新光金,金融保險,1.91,135353846000.0,70865887958.11519,1.23,303968033922.6251,4.29,15.17,15.93,9.93,25.86,42.6,110.94,65.07,23.9,2.72,1.78,4.64,7.37,70,18.21,148
2887E,台新新光戊特一,金融保險,0.0,0.0,0.0,0.0,0.0,0.0,0.0,0.0,0.0,0.0,0.0,0.0,0.0,51.3,0.0,0.0,0.0,0.76,22,0.0,0
2887F,台新新光戊特二,金融保險,0.0,0.0,0.0,0.0,0.0,0.0,0.0,0.0,0.0,0.0,0.0,0.0,0.0,47.2,0.0,0.0,0.0,0.42,2,0.44,2
2887G,台新新光庚特一,金融保險,0.0,0.0,0.0,0.0,0.0,0.0,0.0,0.0,0.0,0.0,0.0,0.0,0.0,42.55,0.0,0.0,0.0,11.66,182,11.66,182
2887H,台新新光庚特二,金融保險,0.0,0.0,0.0,0.0,0.0,0.0,0.0,0.0,0.0,0.0,0.0,0.0,0.0,41.1,0.0,0.0,0.0,11.06,180,11.06,180
2887I,台新新光辛特,金融保險,0.0,0.0,0.0,0.0,0.0,0.0,0.0,0.0,0.0,0.0,0.0,0.0,0.0,9.38,0.0,0.0,0.0,4.67,138,4.67,138
2887Z1,台新新光己特,金融保險,0.0,0.0,0.0,0.0,0.0,0.0,0.0,0.0,0.0,0.0,0.0,0.0,0.0,17.4,0.0,0.0,0.0,0.6,8,2.19,175
2889,國票金,金融保險,0.63,8459319000.0,13427490476.190475,0.38,17239920353.780376,1.28,26.23,16.34,19.09,35.43,24.44,45.35,33.57,14.7,2.28,1.66,3.09,7.52,49,39.68,49
2890,永豐金,金融保險,1.97,73621169000.0,37371151776.64975,1.1,106231587451.84837,2.84,14.25,7.29,10.91,18.2,30.98,51.69,40.47,29.8,1.36,1.04,1.73,14.26,56,17.86,184
2891,中信金,金融保險,4.08,237902628000.0,58309467647.05882,1.76,278543566010.38367,4.78,12.09,5.69,9.5,15.19,45.41,72.61,57.78,57.8,1.0,0.79,1.26,5.97,51,7.66,48
2891C,中信金丙特,金融保險,0.0,0.0,0.0,0.0,0.0,0.0,0.0,0.0,0.0,0.0,0.0,0.0,0.0,62.3,0.0,0.0,0.0,0.0,0,1.17,52
2637,慧洋-KY,航運業,5.27,16585078000.0,3147073624.2884254,2.44,20188251437.31218,6.41,11.65,11.97,6.32,18.29,40.51,117.24,74.67,71.8,1.04,0.56,1.63,14.41,179,3.1,147
2636,台驊控股,航運業,7.74,21178369000.0,2736223385.01292,3.07,19065826520.85442,6.97,8.55,4.74,6.17,10.91,43.0,76.04,59.57,64.8,0.92,0.66,1.17,8.76,7,1.11,2
2634,漢翔,航運業,0.78,35067533000.0,44958375641.02564,0.34,36902837301.95734,0.82,38.59,60.91,17.23,78.14,14.13,64.07,31.65,45.6,0.69,0.31,1.41,0.0,0,47.69,113
2476,鉅祥,電子工業,4.36,7295984000.0,1673390825.6880732,2.22,9407016262.527256,5.62,21.32,19.84,11.83,31.67,66.48,177.99,119.81,114.0,1.05,0.58,1.56,27.45,46,58.78,113
2477,美隆電,其他電子業,1.68,2484147000.0,1478658928.5714285,0.62,2596234492.5793247,1.76,19.05,36.04,12.06,48.1,21.23,84.66,33.53,20.5,1.64,1.04,4.13,73.24,162,25.35,99
2478,大毅,電子工業,3.45,5425300000.0,1572550724.637681,1.54,5887051968.853538,3.74,17.43,17.23,11.21,28.44,41.93,106.37,65.2,105.5,0.62,0.4,1.01,17.15,57,42.17,177
2480,敦陽科,資訊服務業,8.0,8422821000.0,1052852625.0,3.86,9294791570.050884,8.83,18.75,8.04,15.11,23.15,133.42,204.41,165.54,146.5,1.13,0.91,1.4,2.72,149,8.04,84
2481,強茂,半導體業,3.11,12976514000.0,4172512540.1929264,1.4,14385236241.815447,3.45,25.7,26.76,16.1,42.86,55.55,147.87,88.65,133.0,0.67,0.42,1.11,17.28,57,99.39,154
2482,連宇,其他電子業,-1.09,493731000.0,0.0,0.0,491726243.1885116,0.0,33.41,32.93,14.33,47.26,0.0,0.0,0.0,16.15,0.0,0.0,0.0,24.12,44,11.39,111
2483,百容,電子工業,0.6,1759470000.0,2932450000.0,0.28,1957249324.057192,0.67,84.5,289.5,23.83,313.33,15.97,209.93,56.61,23.4,2.42,0.68,8.97,12.96,45,16.04,127
2484,希華,電子工業,0.66,2409420000.0,3650636363.6363635,0.27,2315362134.951569,0.63,32.82,58.4,17.37,75.77,10.94,47.74,20.68,44.3,0.47,0.25,1.08,2.49,8,7.71,160
2485,兆赫,通信網路業,-0.96,2424065000.0,0.0,0.0,5077043699.297963,0.0,1775.0,117.5,1707.5,1825.0,0.0,0.0,0.0,70.6,0.0,0.0,0.0,9.09,46,46.77,178
2486,一詮,光電業,0.22,5995655000.0,27252977272.727272,0.1,7102228276.158545,0.26,525.64,1320.19,104.81,1425.0,27.25,370.5,136.67,258.0,0.53,0.11,1.44,73.91,56,27.5,182
2488,漢平,其他電子業,4.56,3025797000.0,663551973.6842105,1.73,2894102073.4834313,4.36,9.97,5.37,7.55,12.92,32.92,56.33,43.49,52.1,0.83,0.63,1.08,14.47,183,3.95,99
2489,瑞軒,光電業,1.23,24716288000.0,20094543089.430893,0.5,26574768977.42878,1.32,17.13,35.75,6.19,41.94,8.17,55.36,22.61,42.55,0.53,0.19,1.3,43.65,56,8.0,146
2491,吉祥全,光電業,1.42,177475000.0,124982394.36619718,0.57,164111566.76530784,1.31,32.13,54.8,5.74,60.54,7.52,79.31,42.09,19.75,2.13,0.38,4.02,7.96,2,45.97,93
2474,可成,電子工業,11.36,19119043000.0,1683014348.5915494,3.64,15150471046.432812,9.0,14.01,10.39,9.01,19.4,81.09,174.6,126.09,183.0,0.69,0.44,0.95,11.9,151,2.11,77
2472,立隆電,電子工業,8.72,11200459000.0,1284456307.3394494,4.02,12383275793.336449,9.64,13.5,20.74,8.74,29.48,84.25,284.19,130.15,255.0,0.51,0.33,1.11,18.99,57,47.25,161
2457,飛宏,電子工業,-1.48,10144830000.0,0.0,0.0,8736817008.014343,0.0,72.28,45.1,42.4,87.5,0.0,0.0,0.0,24.3,0.0,0.0,0.0,5.05,8,33.61,160
2458,義隆,半導體業,8.54,12381283000.0,1449798946.1358316,3.64,12666202003.47966,8.74,15.56,9.15,10.62,19.77,92.82,172.79,136.0,153.0,0.89,0.61,1.13,11.54,9,2.99,9
2460,建通,電子工業,-2.99,3124587000.0,0.0,0.0,4665782022.76883,0.0,0.0,0.0,0.0,0.0,0.0,0.0,0.0,31.0,0.0,0.0,0.0,0.14,22,7.43,84
2461,光群雷,其他電子業,-0.61,5225852000.0,0.0,0.0,5405538565.714772,0.0,21.54,55.98,8.77,64.75,0.0,0.0,0.0,15.95,0.0,0.0,0.0,4.65,18,7.74,9
2462,良得電,電子工業,0.27,4119265000.0,15256537037.037037,0.11,3893009657.3096976,0.26,37.09,299.89,12.25,312.14,3.18,81.16,9.64,20.2,0.48,0.16,4.02,8.82,46,17.83,122
2464,盟立,其他電子業,-0.83,6834567000.0,0.0,0.0,7075864042.269019,0.0,98.43,99.96,56.44,156.4,0.0,0.0,0.0,124.5,0.0,0.0,0.0,85.04,51,23.27,113
2465,麗臺,電子工業,0.42,5036165000.0,11990869047.619047,0.23,6788337372.181231,0.57,145.41,172.22,57.27,229.49,32.64,130.81,82.88,75.6,1.1,0.43,1.73,15.55,14,27.72,149
2466,冠西電,光電業,0.23,974812000.0,4238313043.4782605,0.06,709281369.4396528,0.17,86.65,246.49,27.68,274.17,4.71,46.61,14.73,46.8,0.31,0.1,1.0,0.26,1,8.79,3
2467,志聖,電子工業,5.49,5932149000.0,1080537158.4699454,3.48,10040399161.824898,9.29,47.16,88.93,22.81,111.74,211.9,1038.06,438.14,554.0,0.79,0.38,1.87,73.61,100,46.05,113
2468,華經,資訊服務業,1.25,2725131000.0,2180104800.0,0.49,2263990855.9007654,1.04,39.14,66.57,17.81,84.38,18.52,87.76,40.7,32.6,1.25,0.57,2.69,2.96,9,0.71,29
2471,資通,資訊服務業,3.62,968338000.0,267496685.08287293,1.69,1130396163.57665,4.23,17.21,11.06,12.69,23.75,53.68,100.46,72.8,50.2,1.45,1.07,2.0,9.45,57,1.69,2
2948,寶陞,居家生活類,2.17,2162553000.0,996568202.764977,0.88,2106800778.1191874,2.11,19.84,9.52,15.91,25.43,33.57,53.66,41.87,35.3,1.19,0.95,1.52,3.51,1,18.41,107
2492,華新科,電子工業,4.74,36273718000.0,7652683122.362869,2.11,40074789730.260315,5.24,22.58,35.55,10.81,46.36,56.64,242.93,118.34,242.0,0.49,0.23,1.0,15.84,58,68.7,161
2493,揚博,電子工業,4.56,3731121000.0,818228289.4736843,1.94,3822496441.8781934,4.67,19.37,23.43,11.55,34.98,53.94,163.36,90.48,128.5,0.7,0.42,1.27,29.93,165,85.15,101
2543,皇昌,建材營造,2.9,11600814000.0,4000280689.6551723,1.39,15010183026.705948,3.75,19.08,13.71,13.86,27.57,51.97,103.39,71.56,42.45,1.69,1.22,2.44,84.69,144,7.39,20
2545,皇翔,建材營造,2.14,6423225000.0,3001507009.345794,1.09,8177183970.242078,2.72,9.52,20.31,5.13,25.44,13.95,69.2,25.88,37.35,0.69,0.37,1.85,15.66,183,8.46,20
2546,根基,建材營造,9.73,20986780000.0,2156914696.8139772,3.85,24371884845.44466,11.3,10.72,5.86,8.3,14.16,93.79,160.01,121.18,84.4,1.44,1.11,1.9,4.12,59,14.48,118
2547,日勝生,建材營造,2.97,6103457000.0,2055036026.9360268,1.43,6642268833.649669,3.23,5.64,68.17,3.62,71.79,11.69,231.88,18.22,10.0,1.82,1.17,23.19,6.25,73,0.0,0
2548,華固,建材營造,10.13,17869193000.0,1763987462.9812436,3.14,5497742474509.775,3116.66,26.73,76.38,9.44,85.82,29421.27,267471.76,83320.63,123.5,674.66,238.23,2165.76,12.13,31,8.11,6
2596,綠意,建材營造,1.86,1379072000.0,741436559.1397849,0.84,767572416.2965631,1.04,52.58,157.21,13.94,171.15,14.5,178.0,54.69,28.75,1.9,0.5,6.19,46.63,73,2.64,6
2597,潤弘,建材營造,11.1,29977603000.0,2700684954.954955,5.03,36900750133.79278,13.66,15.14,11.12,10.59,21.71,144.66,296.56,206.86,160.5,1.29,0.9,1.85,34.72,73,5.45,65
2601,益航,貿易百貨,-1.63,4304913000.0,0.0,0.0,2274066163.0404816,0.0,0.0,0.0,0.0,0.0,0.0,0.0,0.0,4.95,0.0,0.0,0.0,13.24,141,0.15,2
2603,長榮,航運業,31.68,386268472000.0,12192817929.292929,12.19,322268463846.61334,26.43,4.86,7.34,2.65,9.99,70.04,264.04,128.49,212.5,0.6,0.33,1.24,11.06,183,0.97,2
2605,新興,航運業,1.45,4393818000.0,3030219310.3448277,0.75,5655363858.261957,1.87,19.39,38.43,7.17,45.6,13.41,85.27,36.26,30.1,1.2,0.45,2.83,14.9,10,5.57,149
2606,裕民,航運業,4.31,15370434000.0,3566225986.0788865,1.96,18337846932.59299,5.14,13.03,9.53,8.55,18.08,43.95,92.93,66.98,64.5,1.04,0.68,1.44,5.87,18,0.0,0
2607,榮運,航運業,3.77,17370304000.0,4607507692.307693,1.49,15407125570.659464,3.34,12.23,11.64,8.67,20.31,28.96,67.84,40.86,47.35,0.86,0.61,1.43,2.71,7,75.44,149
2608,嘉里大榮,航運業,1.98,12880973000.0,6505541919.191919,0.81,12840107724.503916,1.97,15.61,7.12,10.66,17.78,21.0,35.03,30.75,29.05,1.06,0.72,1.21,3.87,14,0.13,1
2609,陽明,航運業,4.9,167762203000.0,34237184285.714283,1.93,147409236285.61337,4.31,8.19,24.1,3.08,27.18,13.27,117.15,35.31,50.3,0.7,0.26,2.33,15.45,17,4.07,2
2610,華航,航運業,2.42,208753674000.0,86261848760.33058,1.12,226578130409.89624,2.63,11.05,10.32,7.11,17.43,18.7,45.84,29.06,18.2,1.6,1.03,2.52,7.38,43,0.88,3
2611,志信,航運業,0.51,675806000.0,1325109803.9215686,0.41,1250424194.119817,0.94,25.3,76.89,6.27,83.16,5.89,78.17,23.78,12.95,1.84,0.45,6.04,14.17,31,1.2,2
2612,中航,航運業,5.46,4864523000.0,890938278.3882784,2.4,5039964495.857684,5.66,14.48,28.73,6.58,35.31,37.24,199.85,81.98,54.8,1.5,0.68,3.65,5.87,8,21.97,163
2613,中櫃,航運業,1.14,3351986000.0,2940338596.491228,0.49,3575071256.9640126,1.22,29.82,24.26,18.86,43.12,23.01,52.61,36.38,21.55,1.69,1.07,2.44,67.26,22,1.26,2
2615,萬海,航運業,11.21,142685313000.0,12728395450.490633,4.61,133007886204.84782,10.45,35.84,281.09,3.62,284.71,37.83,2975.22,374.52,81.1,4.62,0.47,36.69,51.84,130,12.95,2
2616,山隆,油電燃氣業,-6.25,8190423000.0,0.0,0.0,8391807443.897944,0.0,177.35,193.32,79.81,273.13,0.0,0.0,0.0,13.65,0.0,0.0,0.0,0.0,0,1.62,1
2617,台航,航運業,3.18,4257272000.0,1338764779.8742137,1.4,4583846309.439134,3.42,9.38,4.68,6.51,11.19,22.26,38.27,32.07,28.8,1.11,0.77,1.33,9.26,44,2.34,170
2618,長榮航,航運業,4.84,220126074000.0,45480593801.65289,2.26,241954841733.19635,5.32,7.87,3.42,6.24,9.66,33.2,51.39,41.84,34.3,1.22,0.97,1.5,14.56,184,0.0,0
2630,亞航,航運業,0.99,5484186000.0,5539581818.181818,0.33,4738555386.211994,0.86,57.18,57.23,40.38,97.61,34.73,83.94,49.18,42.75,1.15,0.81,1.96,2.75,3,90.07,106
2633,台灣高鐵,航運業,1.17,54550155000.0,46624064102.5641,0.51,56708097336.139206,1.22,22.96,7.71,18.65,26.36,22.75,32.16,28.01,25.85,1.08,0.88,1.24,0.65,49,4.88,28
2542,興富發,建材營造,2.11,25225332000.0,11955133649.2891,2.62,215566836665.1998,18.03,24.03,48.91,11.55,60.46,208.25,1090.09,433.23,43.7,9.91,4.77,24.94,45.8,59,11.31,120
2540,愛山林,建材營造,0.97,11788830000.0,12153432989.690722,0.25,8425150385.529581,0.69,37.85,81.02,15.98,97.0,11.03,66.93,26.11,55.6,0.47,0.2,1.2,36.81,58,9.21,121
2538,基泰,建材營造,0.35,351323000.0,1003780000.0000001,0.14,261835890.2681643,0.26,26.67,38.09,11.55,49.64,3.0,12.91,6.93,9.38,0.74,0.32,1.38,27.4,57,2.58,3
2496,卓越,其他,6.13,866192000.0,141303752.03915173,2.56,917952924.9502879,6.5,11.32,4.58,9.86,14.44,64.09,93.86,73.58,64.3,1.14,1.0,1.46,5.53,176,0.95,1
2497,怡利電,汽車工業,2.37,4561289000.0,1924594514.7679324,1.02,4705317320.11714,2.44,21.8,25.51,11.57,37.08,28.23,90.48,53.19,56.1,0.95,0.5,1.61,60.94,137,10.6,100
2498,宏達電,通信網路業,7.21,3004402000.0,416699306.518724,2.63,2611569346.098599,6.27,16.76,32.57,5.44,38.01,34.11,238.32,105.1,45.45,2.31,0.75,5.24,19.82,134,86.25,106
2501,國建,建材營造,2.83,25701552000.0,9081820494.699646,1.91,35338431980.42102,3.89,12.57,13.72,5.71,19.43,22.21,75.58,48.9,22.3,2.19,1.0,3.39,6.12,18,21.36,119
2504,國產,建材營造,3.3,22511070000.0,6821536363.636364,1.31,21302289198.437054,3.12,11.97,8.61,9.04,17.65,28.2,55.07,37.34,34.75,1.07,0.81,1.58,14.06,165,7.0,22
2505,國揚,建材營造,2.37,2697064000.0,1138001687.7637131,1.89,7766533203.119665,6.82,24.93,34.95,7.45,42.4,50.81,289.17,170.0,17.85,9.52,2.85,16.2,3.42,73,0.0,0
2506,太設,建材營造,0.02,1131755000.0,56587750000.0,0.01,1387182545.8487446,0.02,67.47,448.55,3.95,452.5,0.08,9.05,1.35,8.64,0.16,0.01,1.05,5.71,81,1.4,6
2509,全坤建,建材營造,-0.79,265950000.0,0.0,0.0,245963590.39190897,0.0,205.47,245.81,56.19,302.0,0.0,0.0,0.0,12.8,0.0,0.0,0.0,11.89,59,20.61,119
2511,太子,建材營造,0.33,8409668000.0,25483842424.242424,0.19,11278460810.47067,0.44,40.98,44.56,21.57,66.13,9.49,29.1,18.03,7.66,2.35,1.24,3.8,5.24,73,1.23,6
2514,龍邦,其他,1.85,21456939000.0,11598345405.405405,0.79,23881504238.155888,2.06,6.97,4.46,4.79,9.25,9.87,19.06,14.36,13.0,1.1,0.76,1.47,14.53,58,2.01,6
2515,中工,建材營造,0.4,20623506000.0,51558765000.0,0.24,26425572102.719566,0.51,28.96,26.42,18.21,44.63,9.29,22.76,14.77,12.6,1.17,0.74,1.81,5.9,18,51.75,174
2516,新建,建材營造,1.23,10516424000.0,8549938211.382114,0.39,7782804585.928402,0.91,18.77,34.5,10.24,44.74,9.32,40.71,17.08,12.3,1.39,0.76,3.31,20.87,67,2.39,6
2520,冠德,建材營造,2.73,22083667000.0,8089255311.355311,1.25,27463668691.92267,3.4,7.52,9.32,4.21,13.53,14.31,46.0,25.58,30.75,0.83,0.47,1.5,13.44,59,0.18,3
2524,京城,建材營造,1.7,5418439000.0,3187317058.8235297,0.3,1263755797.7198808,0.4,19.09,68.78,4.79,73.57,1.92,29.43,7.64,34.3,0.22,0.06,0.86,160.04,91,1.35,6
2527,宏璟,建材營造,0.93,676610000.0,727537634.4086021,6.4,12103813532.121725,16.64,15.01,37.57,5.12,42.69,85.2,710.36,249.73,33.0,7.57,2.58,21.53,9.57,73,0.0,0
2528,皇普,建材營造,3.65,17483401000.0,4789972876.712329,0.03,230766492.74709043,0.05,7.31,11.84,3.88,15.72,0.19,0.79,0.37,22.2,0.02,0.01,0.04,9.33,59,0.66,1
2530,華建,建材營造,2.03,7464765000.0,3677224137.931035,0.07,1366139404.6545408,0.37,21.84,59.73,9.8,69.53,3.63,25.73,8.08,20.9,0.39,0.17,1.23,22.87,71,1.77,23
2534,宏盛,建材營造,2.07,5569958000.0,2690800966.183575,0.13,513778697.2516991,0.19,37.19,87.73,7.79,95.52,1.48,18.15,7.07,17.8,0.4,0.08,1.02,14.23,71,0.57,1
2535,達欣工,建材營造,6.5,20936358000.0,3220978153.8461537,3.59,28896447426.703285,8.97,11.2,4.65,8.65,13.3,77.59,119.3,100.51,74.6,1.35,1.04,1.6,8.42,72,9.52,164
2536,宏普,建材營造,3.19,11061836000.0,3467660188.0877743,0.61,5772743220.995232,1.66,24.71,48.04,6.06,54.1,10.06,89.81,41.02,20.05,2.05,0.5,4.48,3.45,71,2.83,6
2537,聯上發,建材營造,0.16,1134692000.0,7091825000.0,0.27,2560151335.821942,0.36,24.56,62.41,8.92,71.33,3.21,25.68,8.84,9.67,0.91,0.33,2.66,56.21,59,13.62,6
2539,櫻花建,建材營造,3.78,12047638000.0,3187205820.10582,2.38,13234095826.347017,4.15,22.9,41.4,9.84,51.24,40.84,212.65,95.02,38.35,2.48,1.06,5.54,19.37,86,11.08,87
2949,欣新網,數位雲端類,3.99,5647538000.0,1415423057.6441102,1.7,6691683037.081227,4.73,20.45,12.51,14.44,26.95,68.3,127.47,96.71,60.1,1.61,1.14,2.12,1.11,1,3.17,20
2915,潤泰全,貿易百貨,9.3,2699478000.0,290266451.6129032,2.45,1521198033.010885,5.24,6.5,7.19,3.89,11.08,20.38,58.06,34.05,43.9,0.78,0.46,1.32,19.36,58,9.42,45
3002,歐格,電腦及週邊設備業,0.35,693459000.0,1981311428.5714288,0.16,811451361.9498695,0.41,101.44,265.23,44.77,310.0,18.36,127.1,41.59,16.65,2.5,1.1,7.63,11.11,46,107.45,171
3163,波若威,通信網路業,6.22,2168399000.0,348617202.5723473,3.09,2716529922.8782253,7.79,56.41,191.8,16.4,208.2,127.76,1621.88,439.46,952.0,0.46,0.13,1.7,69.05,58,54.24,111
3164,景岳,化學生技醫療,0.66,409110000.0,619863636.3636364,0.26,368233428.25300795,0.59,45.18,87.11,25.67,112.78,15.15,66.54,26.66,17.0,1.57,0.89,3.91,0.41,2,4.66,62
3167,大量,電機機械,8.13,4865952000.0,598518081.1808118,5.63,10285252205.357529,17.18,110.84,319.55,30.45,350.0,523.13,6013.0,1904.16,780.0,2.44,0.67,7.71,201.62,147,173.22,93
3168,眾福科,光電業,2.61,3411575000.0,1307116858.2375479,1.16,3648536948.7247844,2.79,17.08,7.35,12.34,19.69,34.43,54.94,47.66,45.0,1.06,0.77,1.22,5.48,30,2.42,6
3169,亞信,半導體業,3.67,937780000.0,255525885.5585831,1.52,888431470.9608442,3.48,27.98,15.86,21.2,37.06,73.78,128.97,97.37,113.5,0.86,0.65,1.14,15.55,24,11.41,121
3176,基亞,生技醫療業,-0.78,1594260000.0,0.0,0.0,1010120459.0554138,0.0,0.0,0.0,0.0,0.0,0.0,0.0,0.0,37.25,0.0,0.0,0.0,13.78,23,0.31,1
3188,鑫龍騰,建材營造,4.05,2525975000.0,623697530.8641976,3.37,22636789337.75286,36.29,12.46,19.6,3.98,23.58,144.43,855.72,452.33,24.35,18.58,5.93,35.14,80.16,73,3.87,14
3189,景碩,半導體業,3.51,38607846000.0,10999386324.786325,1.72,49287580148.90492,4.48,265.47,886.55,63.45,950.0,284.26,4256.0,1189.31,504.0,2.36,0.56,8.44,38.36,58,86.19,150
3191,雲嘉南,電子零組件業,0.51,174633000.0,342417647.0588235,0.2,166800749.46834615,0.49,35.22,40.9,26.37,67.27,12.92,32.96,17.26,14.8,1.17,0.87,2.23,0.0,0,0.0,0
3205,佰研,生技醫療業,-1.06,378949000.0,0.0,0.0,455326223.6804855,0.0,0.0,0.0,0.0,0.0,0.0,0.0,0.0,53.9,0.0,0.0,0.0,21.79,43,68.74,112
3206,志豐,電子零組件業,2.02,3236211000.0,1602084653.4653466,0.77,2844611698.616773,1.78,12.69,16.33,7.71,24.04,13.72,42.79,22.59,37.8,0.6,0.36,1.13,4.07,52,2.93,7
3207,耀勝,電子零組件業,-0.82,1826510000.0,0.0,0.0,2154160763.925172,0.0,464.78,924.63,133.7,1058.33,0.0,0.0,0.0,58.1,0.0,0.0,0.0,7.21,60,14.54,17
3209,全科,電子工業,3.02,46097848000.0,15264188079.470198,1.79,62494370296.77418,4.09,13.69,12.32,9.77,22.09,39.96,90.35,56.0,78.0,0.72,0.51,1.16,18.65,142,3.06,23
3211,順達,電腦及週邊設備業,9.04,12836889000.0,1420009845.1327436,4.15,17330875679.74736,12.2,20.61,40.94,5.74,46.68,70.03,569.5,251.42,347.0,0.72,0.2,1.64,71.82,184,92.42,115
3213,茂訊,電腦及週邊設備業,7.4,2852455000.0,385466891.8918919,3.19,2996773495.3634167,7.77,12.43,12.36,8.31,20.67,64.57,160.61,96.62,115.0,0.84,0.56,1.4,14.15,31,17.12,112
3217,優群,電子零組件業,12.69,4088779000.0,322204806.93459415,4.99,4181408616.6660833,12.98,14.34,9.39,10.04,19.43,130.32,252.2,186.19,188.5,0.99,0.69,1.34,11.15,37,31.83,168
3218,大學光,生技醫療業,12.31,4192529000.0,340579122.6645004,5.4,4201463070.2134166,12.34,15.46,10.94,10.03,20.97,123.77,258.77,190.79,128.5,1.48,0.96,2.01,0.0,0,6.59,64
3162,精確,電機機械,1.7,7712670000.0,4536864705.882353,0.75,8147838586.438531,1.8,43.17,94.03,20.41,114.44,36.74,205.99,77.7,85.1,0.91,0.43,2.42,28.44,150,27.51,171
3221,台嘉碩,通信網路業,0.07,2201258000.0,31446542857.142853,0.03,2328970591.645548,0.07,308.04,1830.71,16.79,1847.5,1.18,129.33,21.56,47.9,0.45,0.02,2.7,8.97,58,24.63,153
3158,嘉實,資訊服務業,7.28,272213000.0,37391895.604395606,0.0,0.0,0.0,12.98,2.04,12.26,14.3,0.0,0.0,0.0,85.1,0.0,0.0,0.0,37.82,134,0.72,86
3092,鴻碩,電子零組件業,-5.14,1651362000.0,0.0,0.0,1485619398.0448735,0.0,0.0,0.0,0.0,0.0,0.0,0.0,0.0,28.1,0.0,0.0,0.0,1.19,165,1.21,14
3093,港建*,其他電子類,1.22,2019834000.0,1655601639.3442624,0.34,1045608928.2591431,0.63,23.72,51.85,14.24,66.09,8.97,41.64,14.94,47.8,0.31,0.19,0.87,14.14,36,19.01,84
3094,聯傑,半導體業,0.26,192361000.0,739850000.0,0.11,180073706.95639053,0.24,137.63,170.99,61.09,232.08,14.66,55.7,33.03,36.3,0.91,0.4,1.53,26.66,51,4.2,1
3095,及成,通信網路業,-2.0,612881000.0,0.0,0.0,739498515.3673918,0.0,28.6,51.85,12.56,64.41,0.0,0.0,0.0,47.75,0.0,0.0,0.0,142.73,67,4.34,29
3105,穩懋,半導體業,4.0,16253435000.0,4063358750.0,1.95,21611452641.188812,5.32,103.74,429.72,27.04,456.76,143.85,2429.96,551.87,446.5,1.24,0.32,5.44,27.02,58,46.0,177
3114,好德,電子零組件業,2.23,3038288000.0,1362460986.5470853,0.92,3174328964.8955207,2.33,18.27,24.14,10.15,34.29,23.65,79.9,42.58,27.1,1.57,0.87,2.95,3.97,49,20.32,177
3115,富榮綱,電子零組件業,-0.46,4770000.0,0.0,0.0,7438897.421832145,0.0,0.0,0.0,0.0,0.0,0.0,0.0,0.0,8.68,0.0,0.0,0.0,0.0,0,5.45,7
3118,進階,生技醫療業,2.46,730311000.0,296874390.24390244,1.0,697513180.7968534,2.35,15.61,5.34,13.05,18.39,30.67,43.22,36.68,33.35,1.1,0.92,1.3,10.24,18,1.49,17
3122,笙泉,半導體業,-1.75,331361000.0,0.0,0.0,304895030.5399116,0.0,0.0,0.0,0.0,0.0,0.0,0.0,0.0,35.3,0.0,0.0,0.0,53.07,29,37.41,49
3128,昇銳,光電業,1.36,1127451000.0,829008088.2352941,0.53,967173586.0375935,1.17,24.11,32.43,10.56,42.99,12.36,50.3,28.2,23.4,1.21,0.53,2.15,10.7,67,91.24,48
3131,弘塑,其他電子類,45.48,5997783000.0,131877374.6701847,23.81,8215989488.121738,62.3,53.21,59.35,25.97,85.32,1617.93,5315.44,3314.93,2580.0,1.28,0.63,2.06,102.39,101,61.29,36
3135,凌航,半導體業,6.28,4559917000.0,726101433.1210191,0.0,0.0,0.0,82.28,203.36,13.31,216.67,0.0,0.0,0.0,190.5,0.0,0.0,0.0,13.39,175,80.62,174
3138,耀登,通信網路業,1.54,1696087000.0,1101355194.8051949,0.69,2078179120.5785217,1.89,60.59,154.19,22.64,176.83,42.79,334.21,114.51,163.0,0.7,0.26,2.05,7.31,1,18.63,126
3141,晶宏,半導體業,0.54,1635291000.0,3028316666.6666665,0.21,1691879160.601476,0.56,80.38,104.57,41.38,145.95,23.17,81.73,45.01,64.9,0.69,0.36,1.26,5.56,16,6.68,16
3147,大綜,資訊服務業,8.86,8382879000.0,946148871.3318285,4.72,8665940340.808043,9.16,17.47,18.55,11.52,30.07,105.52,275.44,160.04,178.5,0.9,0.59,1.54,28.85,102,3.15,84
3149,正達,光電業,-2.88,2236900000.0,0.0,0.0,2564273894.1993704,0.0,0.0,0.0,0.0,0.0,0.0,0.0,0.0,56.0,0.0,0.0,0.0,87.76,150,28.87,141
3152,璟德,通信網路業,9.42,1453293000.0,154277388.53503186,3.86,1322184407.4926,8.57,22.57,32.38,10.82,43.2,92.73,370.22,193.45,164.0,1.18,0.57,2.26,0.45,1,17.15,87
3224,三顧,電子通路業,-1.54,1500335000.0,0.0,0.0,1576010193.1271303,0.0,0.0,0.0,0.0,0.0,0.0,0.0,0.0,41.2,0.0,0.0,0.0,21.38,14,29.95,177
3227,原相,半導體業,12.38,9123528000.0,736957027.4636511,5.22,8889283762.80871,12.06,19.46,16.48,13.86,30.34,167.15,365.9,234.63,223.5,1.05,0.75,1.64,73.27,129,17.93,136
3296,勝德,電子零組件業,0.61,1601750000.0,2625819672.1311474,0.24,1507697395.7276535,0.57,178.73,950.27,16.4,966.67,9.35,551.0,101.87,19.4,5.25,0.48,28.4,36.67,46,26.65,87
3297,杭特,光電業,0.47,195991000.0,417002127.6595745,0.21,245928054.70807803,0.59,360.91,1259.8,60.2,1320.0,35.52,778.8,212.94,30.3,7.03,1.17,25.7,87.23,46,114.85,51
3303,岱稜,其他電子類,4.57,3015706000.0,659891903.7199124,2.01,3180539256.135704,4.82,13.22,12.74,9.46,22.2,45.6,107.0,63.7,47.9,1.33,0.95,2.23,69.01,172,0.39,1
3305,昇貿,其他電子業,3.16,10218236000.0,3233618987.341772,1.96,16124176608.524889,4.99,29.67,38.86,14.61,53.47,72.9,266.82,148.07,135.0,1.1,0.54,1.98,15.07,31,143.29,115
3306,鼎天,通信網路業,1.95,1067643000.0,547509230.7692307,0.71,1122081201.0380538,2.05,20.66,22.54,11.35,33.89,23.27,69.47,42.34,44.85,0.94,0.52,1.55,21.99,51,61.31,156
3308,聯德,電子工業,0.68,6815000.0,10022058.823529411,0.41,9306359.255566632,0.93,31.11,159.9,11.77,171.67,10.95,159.65,28.93,19.55,1.48,0.56,8.17,24.55,11,3.57,21
3310,佳穎,電子零組件業,3.55,2657456000.0,748579154.9295775,0.99,1175049272.8518584,1.57,24.7,29.35,16.17,45.52,25.39,71.47,38.77,68.9,0.56,0.37,1.04,4.43,46,0.0,0
3311,閎暉,通信網路業,1.62,2377310000.0,1467475308.6419752,0.62,2136998745.7728581,1.46,37.19,47.91,19.68,67.59,28.73,98.68,54.3,31.5,1.72,0.91,3.13,2.76,11,8.18,71
3312,弘憶股,電子工業,1.74,20699880000.0,11896482758.62069,0.83,22250477511.269848,1.87,31.75,64.98,14.94,79.92,27.94,149.45,59.37,45.75,1.3,0.61,3.27,127.37,52,1.35,21
3317,尼克森,半導體業,1.8,2705899000.0,1503277222.222222,0.81,2962201019.320554,1.97,19.58,28.11,13.19,41.3,25.98,81.36,38.56,72.5,0.53,0.36,1.12,7.13,28,34.43,160
3321,同泰,電子工業,-2.77,2164390000.0,0.0,0.0,2124069531.1246161,0.0,0.0,0.0,0.0,0.0,0.0,0.0,0.0,15.3,0.0,0.0,0.0,45.27,70,239.18,171
3322,建舜電,電子零組件業,-0.96,2983337000.0,0.0,0.0,3286450633.9992304,0.0,69.74,68.16,37.29,105.45,0.0,0.0,0.0,12.3,0.0,0.0,0.0,8.0,9,22.87,85
3323,加百裕,電腦及週邊設備業,-1.92,5105491000.0,0.0,0.0,4461974785.111286,0.0,0.0,0.0,0.0,0.0,0.0,0.0,0.0,34.45,0.0,0.0,0.0,31.03,183,81.94,114
3324,雙鴻,其他電子類,28.2,21817975000.0,773687056.7375886,18.37,39802190159.622665,51.44,38.22,46.79,18.7,65.49,961.93,3368.81,1965.96,939.0,2.09,1.02,3.59,19.08,9,93.81,167
3325,旭品,電腦及週邊設備業,-1.64,1256726000.0,0.0,0.0,930731687.5448372,0.0,270.5,124.09,196.82,320.91,0.0,0.0,0.0,11.8,0.0,0.0,0.0,12.24,14,0.0,0
3332,幸康,電子零組件業,3.53,1602596000.0,453993201.1331445,1.7,1865976291.5014732,4.11,18.29,12.73,14.31,27.04,58.81,111.13,75.18,63.6,1.18,0.92,1.75,3.71,18,68.08,168
3338,泰碩,電子工業,1.81,3671826000.0,2028633149.1712706,0.72,3326758995.93506,1.64,23.66,40.07,13.22,53.29,21.68,87.4,38.8,72.5,0.54,0.3,1.21,13.86,10,29.94,84
3339,泰谷,光電業,-2.02,793716000.0,0.0,0.0,1129438598.4345284,0.0,133.26,105.27,85.64,190.91,0.0,0.0,0.0,47.5,0.0,0.0,0.0,15.32,29,12.2,16
3226,龍鋒,電機機械,0.24,1641105000.0,6837937500.0,0.08,1021032750.5921208,0.15,29.91,180.09,6.79,186.88,1.02,28.03,4.49,39.75,0.11,0.03,0.71,8.93,51,3.69,176
3294,英濟,電子零組件業,-0.48,3657141000.0,0.0,0.0,3345535521.26574,0.0,68.28,51.43,38.79,90.22,0.0,0.0,0.0,40.5,0.0,0.0,0.0,16.22,58,111.47,106
3290,東浦,電子零組件業,2.21,2309567000.0,1045052941.1764706,1.34,3786521079.2433457,3.62,19.75,16.75,9.69,26.44,35.08,95.71,71.51,46.55,1.54,0.75,2.06,50.46,154,79.06,155
3228,金麗科,半導體業,-2.03,306400000.0,0.0,0.0,302427192.14709544,0.0,0.0,0.0,0.0,0.0,0.0,0.0,0.0,198.0,0.0,0.0,0.0,24.11,14,14.84,2
3229,晟鈦,電子工業,-0.43,1001150000.0,0.0,0.0,1497865109.975715,0.0,141.29,727.36,79.64,807.0,0.0,0.0,0.0,37.8,0.0,0.0,0.0,130.29,49,26.35,7
3230,錦明,光電業,-1.6,415534000.0,0.0,0.0,361952261.5283824,0.0,13.28,12.79,6.88,19.67,0.0,0.0,0.0,32.25,0.0,0.0,0.0,291.93,148,76.0,112
3231,緯創,電子工業,9.02,2036922031000.0,225822841574.2794,6.13,4815501252226.416,21.32,18.56,10.84,12.39,23.23,264.15,495.26,395.78,132.5,2.99,1.99,3.74,11.26,172,42.47,140
3232,昱捷,電子通路業,0.29,909225000.0,3135258620.6896553,0.13,890809320.7324986,0.28,94.15,128.89,53.11,182.0,14.87,50.96,26.36,20.55,1.28,0.72,2.48,5.52,86,0.67,1
3234,光環,通信網路業,-1.4,673287000.0,0.0,0.0,658975952.7085207,0.0,0.0,0.0,0.0,0.0,0.0,0.0,0.0,97.0,0.0,0.0,0.0,21.18,142,11.9,163
3236,千如,電子零組件業,0.32,2009218000.0,6278806250.0,0.16,2578585691.8132763,0.41,160.09,403.22,80.53,483.75,33.02,198.34,65.64,43.9,1.5,0.75,4.52,10.0,58,65.45,184
3257,虹冠電,半導體業,3.43,1035739000.0,301964723.03207,0.83,741170080.0297431,2.45,21.16,19.23,13.26,32.49,32.49,79.6,51.84,54.7,0.95,0.59,1.46,16.85,156,22.34,160
3259,鑫創,半導體業,-2.36,283935000.0,0.0,0.0,269529013.24911416,0.0,0.0,0.0,0.0,0.0,0.0,0.0,0.0,16.15,0.0,0.0,0.0,39.37,45,7.19,176
3260,威剛,半導體業,23.14,50120672000.0,2165975453.759723,19.61,127453522004.95076,58.84,14.56,27.85,6.8,34.65,400.11,2038.81,856.61,405.5,2.11,0.99,5.03,8.33,14,138.94,176
3264,欣銓,半導體業,6.0,13781453000.0,2296908833.3333335,2.94,17179928671.732258,7.48,17.92,28.11,10.42,38.53,77.94,288.2,134.01,206.5,0.65,0.38,1.4,6.99,31,34.67,167
3265,台星科,半導體業,5.48,4581276000.0,835999270.0729927,2.67,5661035547.751854,6.77,19.74,22.05,11.28,33.33,76.37,225.64,133.61,170.5,0.78,0.45,1.32,10.85,32,10.58,55
3266,昇陽,建材營造,0.58,1779877000.0,3068753448.275862,0.26,1743322446.0062757,0.57,11.06,16.84,7.56,24.4,4.31,13.91,6.31,12.15,0.52,0.35,1.14,12.88,14,1.28,3
3268,海德威,半導體業,-1.33,927369000.0,0.0,0.0,975805747.3805833,0.0,72.59,45.38,45.0,90.38,0.0,0.0,0.0,17.15,0.0,0.0,0.0,21.83,18,2.84,3
3272,東碩,電腦及週邊設備業,-7.68,2947040000.0,0.0,0.0,2588600154.1910014,0.0,0.0,0.0,0.0,0.0,0.0,0.0,0.0,17.35,0.0,0.0,0.0,20.64,156,2.59,7
3276,宇環,電子零組件業,0.21,504802000.0,2403819047.6190476,0.1,549725102.2450043,0.23,80.41,112.01,24.66,136.67,5.67,31.43,18.49,14.0,1.32,0.4,2.24,7.03,49,35.25,92
3284,太普高,其他,2.38,858605000.0,360758403.3613446,0.99,826506514.3306653,2.29,16.76,39.46,6.76,46.22,15.48,105.84,38.38,16.9,2.27,0.92,6.26,103.85,87,0.86,1
3285,微端,其他電子類,0.7,662942000.0,947060000.0000001,0.41,896728084.1823131,0.95,36.9,70.89,20.25,91.14,19.24,86.58,35.06,28.5,1.23,0.68,3.04,31.92,46,25.34,127
3287,廣寰科,電腦及週邊設備業,1.5,907187000.0,604791333.3333334,0.66,1051497772.818745,1.74,24.3,33.53,10.9,44.43,18.97,77.31,42.29,31.2,1.36,0.61,2.48,2.12,29,2.44,1
3288,點晶,電子零組件業,-0.64,77563000.0,0.0,0.0,78840307.18603468,0.0,813.03,185.0,742.5,927.5,0.0,0.0,0.0,15.0,0.0,0.0,0.0,32.08,36,0.0,0
3289,宜特,其他電子類,4.81,4777382000.0,993218711.0187111,1.9,4783668172.014543,4.82,23.22,30.98,12.78,43.76,61.6,210.92,111.93,160.5,0.7,0.38,1.31,53.52,156,25.7,111
3293,鈊象,文化創意業,38.51,21791052000.0,565854375.4868865,18.27,25258903466.94654,44.64,23.33,23.7,13.19,36.89,588.8,1646.77,1041.5,728.0,1.43,0.81,2.26,46.83,53,3.23,27
3090,日電貿,電子零組件業,5.47,15451185000.0,2824713893.9670935,2.66,18925770539.174038,6.7,17.55,24.76,12.43,37.19,83.28,249.17,117.57,178.5,0.66,0.47,1.4,2.19,4,30.49,161
3088,艾訊,電腦及週邊設備業,4.68,6889683000.0,1472154487.1794872,2.55,9199426913.109995,6.25,15.64,12.4,11.45,23.85,71.56,149.06,97.74,135.0,0.72,0.53,1.1,33.22,15,0.61,1
3022,威強電,電子工業,4.62,6419504000.0,1389503030.3030303,2.07,6171667677.556449,4.44,11.55,12.03,7.72,19.75,34.28,87.69,51.3,68.1,0.75,0.5,1.29,18.46,59,1.18,1
3023,信邦,電子工業,13.02,31359136000.0,2408535791.09063,5.78,32441295715.924397,13.47,18.33,12.22,12.69,24.91,170.93,335.54,246.91,303.5,0.81,0.56,1.11,22.12,64,10.11,90
3024,憶聲,光電業,0.27,2320313000.0,8593751851.85185,0.04,577650877.3295038,0.07,39.97,185.13,12.65,197.78,0.89,13.84,2.8,17.8,0.16,0.05,0.78,16.51,73,1.94,1
3025,星通,通信網路業,3.45,559413000.0,162148695.6521739,2.15,1098318199.9932268,6.77,19.94,25.17,11.88,37.05,80.43,250.83,134.99,59.2,2.28,1.36,4.24,27.01,141,3.28,42
3026,禾伸堂,電子工業,6.58,13298266000.0,2021013069.9088147,3.06,14677574193.124372,7.26,18.69,38.63,12.21,50.84,88.64,369.1,135.68,394.5,0.34,0.22,0.94,1.73,32,39.6,156
3021,鴻名,電子零組件業,0.32,3240411000.0,10126284375.0,0.13,3634648759.6492834,0.36,45.23,103.19,14.46,117.65,5.21,42.35,16.28,17.0,0.96,0.31,2.49,64.68,158,6.95,90
3027,盛達,電子工業,-1.05,2214276000.0,0.0,0.0,914693901.8967569,0.0,49.79,35.21,29.68,64.89,0.0,0.0,0.0,17.2,0.0,0.0,0.0,1.88,1,1.57,1
3028,增你強,電子通路業,3.15,40725187000.0,12928630793.650793,2.19,75380424868.38843,5.83,16.95,14.0,11.33,25.33,66.05,147.67,98.83,84.4,1.17,0.78,1.75,0.69,9,19.04,177
3029,零壹,資訊服務業,6.54,24933295000.0,3812430428.134557,2.86,25801541967.263203,6.77,21.18,22.72,13.9,36.62,94.1,247.92,143.39,94.5,1.52,1.0,2.62,58.25,50,4.94,112
3030,德律,其他電子業,10.49,8268662000.0,788242326.0247855,5.43,11222827029.7628,14.24,21.33,28.69,10.78,39.47,153.51,562.05,303.79,347.0,0.88,0.44,1.62,29.35,14,93.69,101
3031,佰鴻,光電業,1.09,1133837000.0,1040217431.1926605,0.5,1277188572.296759,1.23,18.55,18.01,12.95,30.96,15.93,38.08,22.81,30.55,0.75,0.52,1.25,16.1,150,17.34,155
3032,偉訓,電子工業,-7.94,10818284000.0,0.0,0.0,12499028373.314634,0.0,15.03,16.54,9.21,25.75,0.0,0.0,0.0,76.0,0.0,0.0,0.0,3.17,7,69.99,69
3033,威健,電子工業,1.81,109006122000.0,60224376795.58011,0.86,123995709739.87825,2.06,16.57,10.11,11.68,21.79,24.06,44.89,34.14,51.4,0.66,0.47,0.87,4.16,52,8.18,77
3019,亞光,電子工業,6.6,26484102000.0,4012742727.2727275,2.69,29717810208.918903,7.41,24.06,20.25,18.26,38.51,135.31,285.36,178.3,153.5,1.16,0.88,1.86,103.56,128,26.1,111
3003,健和興,電子工業,0.98,4364959000.0,4454039795.918367,0.49,5273340464.787217,1.18,26.0,49.76,11.86,61.62,13.99,72.71,30.68,59.0,0.52,0.24,1.23,23.56,119,2.49,1
3004,豐達科,鋼鐵工業,5.85,3988571000.0,681807008.5470086,2.98,4988109572.380806,7.32,16.98,14.07,10.84,24.91,79.35,182.34,124.27,123.0,1.01,0.65,1.48,2.2,1,19.26,7
3005,神基,電子工業,8.43,39125415000.0,4641211743.772243,3.5,39994249683.70699,8.62,15.94,9.75,11.49,21.24,99.04,183.09,137.37,98.5,1.39,1.01,1.86,16.74,43,34.15,106
3006,晶豪科,半導體業,0.87,13448840000.0,15458436781.609196,0.91,38010473207.0474,2.46,70.06,220.96,20.15,241.11,49.57,593.13,172.34,222.5,0.77,0.22,2.67,16.15,31,85.98,176
3008,大立光,光電業,159.41,61150341000.0,383604171.6328963,69.11,65938410098.4454,171.89,14.43,12.23,9.27,21.5,1593.42,3695.64,2481.14,3200.0,0.78,0.5,1.15,38.23,52,13.29,140
3010,華立,電子工業,8.84,77983858000.0,8821703393.66516,4.13,88543076695.93799,10.04,13.45,8.0,9.17,17.17,92.07,172.39,135.06,129.0,1.05,0.71,1.34,16.17,57,10.2,9
3011,今皓,電子工業,-2.55,786448000.0,0.0,0.0,489643716.8250918,0.0,0.0,0.0,0.0,0.0,0.0,0.0,0.0,13.05,0.0,0.0,0.0,8.54,154,27.51,91
3013,晟銘電,電子工業,4.03,10402632000.0,2581298263.027295,2.11,12836931676.183777,4.97,42.32,65.2,21.49,86.69,106.81,430.85,210.33,98.5,2.14,1.08,4.37,105.35,175,26.03,174
3014,聯陽,半導體業,9.51,6951047000.0,730919768.6645637,3.88,6902498720.411663,9.44,13.95,7.1,10.97,18.07,103.56,170.58,131.66,138.0,0.95,0.75,1.24,12.88,45,2.92,38
3015,全漢,電子工業,1.86,13156678000.0,7073482795.698924,0.71,12558581520.128727,1.78,28.18,24.77,15.96,40.73,28.41,72.5,50.16,50.7,0.99,0.56,1.43,12.01,184,13.68,6
3016,嘉晶,半導體業,0.07,3837008000.0,54814399999.99999,0.03,4655994944.884978,0.08,1034.8,7230.54,29.46,7260.0,2.36,580.8,82.78,105.0,0.79,0.02,5.53,15.27,46,82.52,160
3017,奇鋐,電子工業,49.17,132329140000.0,2691257677.4455967,29.21,266237647505.64954,98.93,35.94,44.05,16.15,60.2,1597.72,5955.59,3555.38,2340.0,1.52,0.68,2.55,27.12,9,159.2,174
3018,隆銘綠能,其他電子業,-2.14,562789000.0,0.0,0.0,209332916.67974007,0.0,0.0,0.0,0.0,0.0,0.0,0.0,0.0,9.32,0.0,0.0,0.0,112.19,179,5.91,21
3034,聯詠,半導體業,26.87,101870569000.0,3791238146.6319313,10.47,90317960594.86876,23.82,14.65,7.87,12.54,20.41,298.7,486.17,348.84,472.5,0.74,0.63,1.03,2.78,30,5.39,44
3035,智原,電子工業,2.81,18137133000.0,6454495729.537367,0.7,7994304890.675232,1.24,54.45,67.12,38.47,105.59,47.7,130.93,67.52,189.5,0.36,0.25,0.69,27.81,57,3.57,43
3052,夆典,建材營造,1.1,3378991000.0,3071809999.9999995,0.55,4015622303.205458,1.31,11.35,4.5,9.33,13.83,12.22,18.12,14.87,10.45,1.42,1.17,1.73,2.17,71,11.33,51
3055,蔚華科,電子工業,-2.68,431835000.0,0.0,0.0,916282193.9355205,0.0,0.0,0.0,0.0,0.0,0.0,0.0,0.0,112.0,0.0,0.0,0.0,38.67,37,28.52,50
3056,富華新,建材營造,1.46,7242624000.0,4960701369.863014,0.09,494761594.90836227,0.1,60.57,380.04,2.46,382.5,0.25,38.25,6.06,13.75,0.44,0.02,2.78,16.94,73,0.4,1
3057,喬鼎,電子工業,-0.95,620855000.0,0.0,0.0,644122507.7604604,0.0,0.0,0.0,0.0,0.0,0.0,0.0,0.0,18.25,0.0,0.0,0.0,37.21,45,48.25,177
3058,立德,電子工業,-1.44,3179968000.0,0.0,0.0,3043723758.146622,0.0,0.0,0.0,0.0,0.0,0.0,0.0,0.0,8.06,0.0,0.0,0.0,3.58,28,25.45,91
3059,華晶科,光電業,1.24,8728393000.0,7039026612.903226,0.49,9313553146.247124,1.32,34.02,29.43,25.35,54.78,33.46,72.31,44.91,42.5,1.06,0.79,1.7,6.54,7,56.33,111
3060,銘異,電子工業,-0.4,3807613000.0,0.0,0.0,4084658177.1642017,0.0,44.93,31.18,34.04,65.22,0.0,0.0,0.0,26.6,0.0,0.0,0.0,13.59,8,25.0,176
3062,建漢,通信網路業,0.7,4240911000.0,6058444285.714286,0.3,4776733846.835701,0.79,345.18,2940.32,9.68,2950.0,7.65,2330.5,272.69,28.0,9.74,0.27,83.23,71.03,171,24.84,163
3064,泰偉,文化創意業,-3.52,82696000.0,0.0,0.0,78252804.90729123,0.0,352.36,1182.14,107.86,1290.0,0.0,0.0,0.0,0.0,0.0,0.0,0.0,56.29,36,12.39,56
3066,李洲,光電業,-1.39,241414000.0,0.0,0.0,285452790.6935676,0.0,30.45,285.35,11.08,296.43,0.0,0.0,0.0,20.75,0.0,0.0,0.0,68.97,154,5.38,86
3067,全域,其他電子類,-0.83,56255000.0,0.0,0.0,92236385.11614837,0.0,52.33,44.33,31.76,76.09,0.0,0.0,0.0,17.3,0.0,0.0,0.0,0.0,0,28.0,24
3071,協禧,電腦及週邊設備業,0.57,2306306000.0,4046150877.1929827,0.3,2930288623.9064455,0.72,33.61,38.81,19.79,58.6,14.25,42.19,24.2,29.1,0.83,0.49,1.45,19.2,46,38.19,104
3078,僑威,電子零組件業,6.07,10447611000.0,1721187973.6408565,1.64,6009075682.937194,3.49,12.15,9.25,8.73,17.98,30.47,62.75,42.39,52.2,0.81,0.58,1.2,1.7,9,16.59,85
3081,聯亞,通信網路業,4.66,2061242000.0,442326609.44206005,3.46,4338262976.89719,9.81,464.66,1193.76,146.24,1340.0,1434.61,13145.4,4558.31,2580.0,1.77,0.56,5.1,191.19,147,78.29,111
3083,網龍,文化創意業,0.43,380390000.0,884627906.9767442,0.18,492423677.29634935,0.56,621.97,3722.22,37.78,3760.0,21.16,2105.6,348.3,28.0,12.44,0.76,75.2,13.73,39,1.04,1
3086,華義*,文化創意業,-0.64,156507000.0,0.0,0.0,136795152.21284217,0.0,328.89,1113.6,53.07,1166.67,0.0,0.0,0.0,36.6,0.0,0.0,0.0,138.84,126,44.85,162
3051,力特,電子工業,1.01,1914043000.0,1895092079.2079208,0.38,1621546867.6215386,0.86,17.1,18.39,10.87,29.26,9.35,25.16,14.71,24.85,0.59,0.38,1.01,1.76,8,0.0,0
3050,鈺德,光電業,0.04,1233506000.0,30837650000.0,0.02,1251494742.606958,0.04,71.45,342.68,19.82,362.5,0.79,14.5,2.86,11.8,0.24,0.07,1.23,28.74,49,6.72,85
3036,文曄,電子工業,11.6,1175163222000.0,101307174310.34483,7.94,2047767695571.314,20.21,19.05,18.6,11.09,29.69,224.13,600.03,385.0,279.0,1.38,0.8,2.15,2.88,37,29.51,169
3037,欣興,電子工業,4.38,128735949000.0,29391769178.08219,2.15,161682133223.29193,5.5,66.36,192.2,21.2,213.4,116.6,1173.7,364.98,823.0,0.44,0.14,1.43,19.39,58,77.61,167
3038,全台,光電業,1.11,3064638000.0,2760935135.1351347,0.44,2777437723.1913896,1.01,14.21,16.2,8.32,24.52,8.4,24.77,14.35,22.2,0.65,0.38,1.12,2.8,9,2.81,1
3041,揚智,半導體業,-3.45,1243147000.0,0.0,0.0,1714847625.891496,0.0,0.0,0.0,0.0,0.0,0.0,0.0,0.0,23.6,0.0,0.0,0.0,43.88,175,18.84,122
3042,晶技,電子工業,5.28,13362235000.0,2530726325.7575755,2.23,13795301886.663916,5.45,16.95,19.35,12.1,31.45,65.94,171.4,92.37,148.0,0.62,0.45,1.16,10.0,156,5.13,21
3043,科風,其他電子業,-2.67,899132000.0,0.0,0.0,694071779.5397179,0.0,53.46,86.99,23.21,110.2,0.0,0.0,0.0,21.6,0.0,0.0,0.0,14.68,44,4.09,1
3040,遠見,其他,0.32,132227000.0,413209375.0,0.14,138414980.9151235,0.33,71.24,143.71,28.87,172.58,9.53,56.95,23.51,40.05,0.59,0.24,1.42,59.77,123,68.02,112
3044,健鼎,電子零組件業,19.45,72704288000.0,3738009665.8097687,9.5,88592944844.81384,23.7,15.57,16.43,9.28,25.71,219.94,609.33,368.9,462.5,0.8,0.48,1.32,0.0,0,75.95,167
3049,精金,電子工業,-0.64,1466127000.0,0.0,0.0,1082276998.8244898,0.0,0.0,0.0,0.0,0.0,0.0,0.0,0.0,11.9,0.0,0.0,0.0,51.23,140,7.07,177
3048,益登,電子通路業,2.01,115983074000.0,57703021890.54727,0.98,132054105975.26497,2.29,68.31,147.35,16.71,164.06,38.27,375.7,156.43,61.7,2.54,0.62,6.09,112.12,46,72.93,108
3047,訊舟,電子工業,-0.9,3860331000.0,0.0,0.0,2323198908.820819,0.0,92.65,164.72,17.78,182.5,0.0,0.0,0.0,14.2,0.0,0.0,0.0,142.56,52,12.35,100
3046,建碁,電腦及週邊設備業,4.01,7193415000.0,1793869077.3067334,1.84,9050582441.099823,5.05,13.81,10.52,9.45,19.97,47.72,100.85,69.74,51.3,1.36,0.93,1.97,6.1,105,15.28,23
3045,台灣大,電子工業,4.77,197871798000.0,41482557232.70441,2.01,204686093277.99387,4.93,24.25,6.22,21.93,28.15,108.11,138.78,119.57,115.0,1.04,0.94,1.21,11.79,126,3.04,29
IronSteel,鋼鐵類指數,Index,0.0,0.0,0.0,0.0,0.0,0.0,0.0,0.0,0.0,0.0,0.0,0.0,0.0,113.05,0.0,0.0,0.0,0.0,0,0.0,0
OtherElectronic,其他電子類指數,Index,0.0,0.0,0.0,0.0,0.0,0.0,0.0,0.0,0.0,0.0,0.0,0.0,0.0,261.66,0.0,0.0,0.0,29.64,175,61.88,163
OilGasElectricity,油電燃氣類指數,Index,0.0,0.0,0.0,0.0,0.0,0.0,0.0,0.0,0.0,0.0,0.0,0.0,0.0,73.73,0.0,0.0,0.0,0.0,0,35.67,184
Optoelectronic,光電類指數,Index,0.0,0.0,0.0,0.0,0.0,0.0,0.0,0.0,0.0,0.0,0.0,0.0,0.0,55.28,0.0,0.0,0.0,17.35,56,9.91,140
Other,其他類指數,Index,0.0,0.0,0.0,0.0,0.0,0.0,0.0,0.0,0.0,0.0,0.0,0.0,0.0,262.34,0.0,0.0,0.0,5.54,73,1.11,1
PaperPulp,造紙類指數,Index,0.0,0.0,0.0,0.0,0.0,0.0,0.0,0.0,0.0,0.0,0.0,0.0,0.0,237.84,0.0,0.0,0.0,0.0,0,1.94,3
TAIEX,加權指數,大盤,0.0,0.0,0.0,0.0,0.0,0.0,0.0,0.0,0.0,0.0,0.0,0.0,0.0,40020.82,0.0,0.0,0.0,14.66,52,31.63,167
Rubber,橡膠類指數,Index,0.0,0.0,0.0,0.0,0.0,0.0,0.0,0.0,0.0,0.0,0.0,0.0,0.0,188.98,0.0,0.0,0.0,8.94,15,3.01,1
Semiconductor,半導體類指數,Index,0.0,0.0,0.0,0.0,0.0,0.0,0.0,0.0,0.0,0.0,0.0,0.0,0.0,1369.36,0.0,0.0,0.0,25.39,52,47.56,167
ShippingTransportation,航運業類指數,Index,0.0,0.0,0.0,0.0,0.0,0.0,0.0,0.0,0.0,0.0,0.0,0.0,0.0,178.29,0.0,0.0,0.0,8.34,17,2.68,2
Textiles,紡織纖維類指數,Index,0.0,0.0,0.0,0.0,0.0,0.0,0.0,0.0,0.0,0.0,0.0,0.0,0.0,452.79,0.0,0.0,0.0,9.19,56,1.37,6
Tourism,觀光事業類指數,Index,0.0,0.0,0.0,0.0,0.0,0.0,0.0,0.0,0.0,0.0,0.0,0.0,0.0,99.81,0.0,0.0,0.0,0.3,8,1.92,3
InformationService,資訊服務類指數,Index,0.0,0.0,0.0,0.0,0.0,0.0,0.0,0.0,0.0,0.0,0.0,0.0,0.0,194.64,0.0,0.0,0.0,9.39,57,3.4,142
Plastics,塑膠類指數,Index,0.0,0.0,0.0,0.0,0.0,0.0,0.0,0.0,0.0,0.0,0.0,0.0,0.0,182.7,0.0,0.0,0.0,0.0,0,37.28,181
GlassCeramic,玻璃陶瓷類指數,Index,0.0,0.0,0.0,0.0,0.0,0.0,0.0,0.0,0.0,0.0,0.0,0.0,0.0,148.71,0.0,0.0,0.0,12.99,28,121.48,90
BuildingMaterialConstruction,建材營造類指數,Index,0.0,0.0,0.0,0.0,0.0,0.0,0.0,0.0,0.0,0.0,0.0,0.0,0.0,448.92,0.0,0.0,0.0,17.67,73,0.86,1
FinancialInsurance,金融保險類指數,Index,0.0,0.0,0.0,0.0,0.0,0.0,0.0,0.0,0.0,0.0,0.0,0.0,0.0,2539.21,0.0,0.0,0.0,8.86,53,7.78,156
ElectronicProductsDistribution,電子通路類指數,Index,0.0,0.0,0.0,0.0,0.0,0.0,0.0,0.0,0.0,0.0,0.0,0.0,0.0,392.93,0.0,0.0,0.0,1.57,56,4.75,177
ElectronicPartsComponents,電子零組件類指數,Index,0.0,0.0,0.0,0.0,0.0,0.0,0.0,0.0,0.0,0.0,0.0,0.0,0.0,806.74,0.0,0.0,0.0,15.45,52,90.08,161
Electronic,電子類指數,Index,0.0,0.0,0.0,0.0,0.0,0.0,0.0,0.0,0.0,0.0,0.0,0.0,0.0,2583.64,0.0,0.0,0.0,20.8,52,45.77,167
ElectricMachinery,電機機械類指數,Index,0.0,0.0,0.0,0.0,0.0,0.0,0.0,0.0,0.0,0.0,0.0,0.0,0.0,538.75,0.0,0.0,0.0,8.27,45,22.73,167
ElectricalCable,電器電纜類指數,Index,0.0,0.0,0.0,0.0,0.0,0.0,0.0,0.0,0.0,0.0,0.0,0.0,0.0,98.4,0.0,0.0,0.0,0.0,0,24.38,177
ComputerPeripheralEquipment,電腦及週邊設備類指數,Index,0.0,0.0,0.0,0.0,0.0,0.0,0.0,0.0,0.0,0.0,0.0,0.0,0.0,359.57,0.0,0.0,0.0,8.62,31,29.43,163
CommunicationsInternet,通信網路類指數,Index,0.0,0.0,0.0,0.0,0.0,0.0,0.0,0.0,0.0,0.0,0.0,0.0,0.0,247.08,0.0,0.0,0.0,5.61,127,11.34,168
ChemicalBiotechnologyMedicalCare,化學生技醫療類指數,Index,0.0,0.0,0.0,0.0,0.0,0.0,0.0,0.0,0.0,0.0,0.0,0.0,0.0,141.21,0.0,0.0,0.0,7.54,58,26.93,111
Chemical,化學類指數,Index,0.0,0.0,0.0,0.0,0.0,0.0,0.0,0.0,0.0,0.0,0.0,0.0,0.0,187.5,0.0,0.0,0.0,3.27,130,8.02,104
Cement,水泥類指數,Index,0.0,0.0,0.0,0.0,0.0,0.0,0.0,0.0,0.0,0.0,0.0,0.0,0.0,121.02,0.0,0.0,0.0,1.33,45,0.11,1
BiotechnologyMedicalCare,生技醫療類指數,Index,0.0,0.0,0.0,0.0,0.0,0.0,0.0,0.0,0.0,0.0,0.0,0.0,0.0,74.98,0.0,0.0,0.0,12.11,58,38.55,111
Automobile,汽車類指數,Index,0.0,0.0,0.0,0.0,0.0,0.0,0.0,0.0,0.0,0.0,0.0,0.0,0.0,276.98,0.0,0.0,0.0,2.03,31,3.13,1
TPEx,櫃買指數,大盤,0.0,0.0,0.0,0.0,0.0,0.0,0.0,0.0,0.0,0.0,0.0,0.0,0.0,396.42,0.0,0.0,0.0,12.03,52,16.82,125
Food,食品類指數,Index,0.0,0.0,0.0,0.0,0.0,0.0,0.0,0.0,0.0,0.0,0.0,0.0,0.0,1904.46,0.0,0.0,0.0,8.76,64,1.96,62
TradingConsumersGoods,貿易百貨類指數,Index,0.0,0.0,0.0,0.0,0.0,0.0,0.0,0.0,0.0,0.0,0.0,0.0,0.0,226.31,0.0,0.0,0.0,6.06,128,0.64,45
