代號,名稱,產業別,前一年_EPS,前一年營收_e,轉換數據EPS_1,本年度累積營收換算EPS,推估本年度營收,推估本年度EPS,平均前2年本益比,前2年本益比最高最低差,前2年最低本益比,前2年最高本益比,用本年度推估EPS換算股價最低值,用本年度推估EPS換算股價最高值,用本年度推估EPS換算股價平均值,今日股價,報酬,風險,加成,前兩年往後6月最高漲幅_%,前兩年往後6月達最高花費天數,前一年往後6月最高漲幅_%,前一年往後6月達最高花費天數
5450,寶聯通,電腦及週邊設備業,0.22,2421173000.0,11005331818.181818,0.1,2491365868.483182,0.23,32.57,57.31,11.11,68.42,2.56,15.74,7.49,12.8,0.59,0.2,1.23,1.18,18,1.31,4
3687,歐買尬,文化創意業,4.68,1807323000.0,386180128.20512825,2.15,2041413020.3285499,5.29,32.9,46.18,13.34,59.52,70.57,314.86,174.03,76.4,2.28,0.92,4.12,10.67,148,12.58,143
5481,新華,電子零組件業,-0.65,97157000.0,0.0,0.0,89607092.47870143,0.0,0.0,0.0,0.0,0.0,0.0,0.0,0.0,17.75,0.0,0.0,0.0,118.73,135,6.35,111
3629,地心引力,光電業,-0.65,4873000.0,0.0,0.0,5345071875.0,0.0,0.0,0.0,0.0,0.0,0.0,0.0,0.0,0.0,0.0,0.0,0.0,9.14,78,104.44,44
6238,勝麗,其他電子類,0.0,0.0,0.0,0.0,0.0,0.0,0.0,0.0,0.0,0.0,0.0,0.0,0.0,0.0,0.0,0.0,0.0,0.0,0,0.0,0
00835B,第一金科技債10+,上櫃指數股票型基金(ETF),0.0,0.0,0.0,0.0,0.0,0.0,0.0,0.0,0.0,0.0,0.0,0.0,0.0,0.0,0.0,0.0,0.0,0.0,0,0.0,0
00837B,永豐15年金融債,上櫃指數股票型基金(ETF),0.0,0.0,0.0,0.0,0.0,0.0,0.0,0.0,0.0,0.0,0.0,0.0,0.0,0.0,0.0,0.0,0.0,0.0,0,0.0,0
00798B,國泰中企A級債7+,上櫃指數股票型基金(ETF),0.0,0.0,0.0,0.0,0.0,0.0,0.0,0.0,0.0,0.0,0.0,0.0,0.0,0.0,0.0,0.0,0.0,0.0,0,0.0,0
6497,亞獅康-KY,生技醫療業,0.0,0.0,0.0,0.0,0.0,0.0,0.0,0.0,0.0,0.0,0.0,0.0,0.0,0.0,0.0,0.0,0.0,0.0,0,0.0,0
5349,先豐,電子零組件業,0.0,0.0,0.0,0.0,0.0,0.0,0.0,0.0,0.0,0.0,0.0,0.0,0.0,0.0,0.0,0.0,0.0,0.0,0,0.0,0
01003T,兆豐新光R1,受益證券,0.0,0.0,0.0,0.0,0.0,0.0,0.0,0.0,0.0,0.0,0.0,0.0,0.0,0.0,0.0,0.0,0.0,0.0,0,0.0,0
01001T,土銀富邦R1,受益證券,0.0,0.0,0.0,0.0,0.0,0.0,0.0,0.0,0.0,0.0,0.0,0.0,0.0,11.6,0.0,0.0,0.0,0.07,1,0.0,0
01005T,三鼎,受益證券,0.0,0.0,0.0,0.0,0.0,0.0,0.0,0.0,0.0,0.0,0.0,0.0,0.0,0.0,0.0,0.0,0.0,0.0,0,0.0,0
01007T,兆豐國泰R2,受益證券,0.0,0.0,0.0,0.0,0.0,0.0,0.0,0.0,0.0,0.0,0.0,0.0,0.0,12.72,0.0,0.0,0.0,1.55,14,0.07,4
01008T,駿馬R1,受益證券,0.0,0.0,0.0,0.0,0.0,0.0,0.0,0.0,0.0,0.0,0.0,0.0,0.0,0.0,0.0,0.0,0.0,0.0,0,0.0,0
01009T,王道圓滿R1,受益證券,0.0,0.0,0.0,0.0,0.0,0.0,0.0,0.0,0.0,0.0,0.0,0.0,0.0,5.71,0.0,0.0,0.0,0.0,0,7.65,38
01004T,土銀富邦R2,受益證券,0.0,0.0,0.0,0.0,0.0,0.0,0.0,0.0,0.0,0.0,0.0,0.0,0.0,10.49,0.0,0.0,0.0,0.0,0,0.43,4
01002T,土銀國泰R1,受益證券,0.0,0.0,0.0,0.0,0.0,0.0,0.0,0.0,0.0,0.0,0.0,0.0,0.0,14.17,0.0,0.0,0.0,0.77,24,0.6,23
710533,鈊象元大9B購04,所有證券,0.0,0.0,0.0,0.0,0.0,0.0,0.0,0.0,0.0,0.0,0.0,0.0,0.0,0.0,0.0,0.0,0.0,0.0,0,0.0,0
710516,宇峻永豐9B購01,所有證券,0.0,0.0,0.0,0.0,0.0,0.0,0.0,0.0,0.0,0.0,0.0,0.0,0.0,0.0,0.0,0.0,0.0,0.0,0,0.0,0
710510,群聯凱基9B購03,所有證券,0.0,0.0,0.0,0.0,0.0,0.0,0.0,0.0,0.0,0.0,0.0,0.0,0.0,0.0,0.0,0.0,0.0,0.0,0,0.0,0
710553,穩懋統一9B購03,所有證券,0.0,0.0,0.0,0.0,0.0,0.0,0.0,0.0,0.0,0.0,0.0,0.0,0.0,0.0,0.0,0.0,0.0,0.0,0,0.0,0
710560,宏捷科元大9B購02,所有證券,0.0,0.0,0.0,0.0,0.0,0.0,0.0,0.0,0.0,0.0,0.0,0.0,0.0,0.0,0.0,0.0,0.0,0.0,0,0.0,0
710509,建榮凱基9B購01,所有證券,0.0,0.0,0.0,0.0,0.0,0.0,0.0,0.0,0.0,0.0,0.0,0.0,0.0,0.0,0.0,0.0,0.0,0.0,0,0.0,0
710534,鈺太元大9B購01,所有證券,0.0,0.0,0.0,0.0,0.0,0.0,0.0,0.0,0.0,0.0,0.0,0.0,0.0,0.0,0.0,0.0,0.0,0.0,0,0.0,0
710505,泰博富邦9B購01,所有證券,0.0,0.0,0.0,0.0,0.0,0.0,0.0,0.0,0.0,0.0,0.0,0.0,0.0,0.0,0.0,0.0,0.0,0.0,0,0.0,0
709966,金居群益9B購01,所有證券,0.0,0.0,0.0,0.0,0.0,0.0,0.0,0.0,0.0,0.0,0.0,0.0,0.0,0.0,0.0,0.0,0.0,0.0,0,0.0,0
710499,網家國泰9B購01,所有證券,0.0,0.0,0.0,0.0,0.0,0.0,0.0,0.0,0.0,0.0,0.0,0.0,0.0,0.0,0.0,0.0,0.0,0.0,0,0.0,0
709994,中美晶元大9B購01,所有證券,0.0,0.0,0.0,0.0,0.0,0.0,0.0,0.0,0.0,0.0,0.0,0.0,0.0,0.0,0.0,0.0,0.0,0.0,0,0.0,0
709985,大江富邦9B購02,所有證券,0.0,0.0,0.0,0.0,0.0,0.0,0.0,0.0,0.0,0.0,0.0,0.0,0.0,0.0,0.0,0.0,0.0,0.0,0,0.0,0
709983,群聯日盛9B購01,所有證券,0.0,0.0,0.0,0.0,0.0,0.0,0.0,0.0,0.0,0.0,0.0,0.0,0.0,0.0,0.0,0.0,0.0,0.0,0,0.0,0
709972,旺矽元大9B購01,所有證券,0.0,0.0,0.0,0.0,0.0,0.0,0.0,0.0,0.0,0.0,0.0,0.0,0.0,0.0,0.0,0.0,0.0,0.0,0,0.0,0
710561,威剛元大9B購02,所有證券,0.0,0.0,0.0,0.0,0.0,0.0,0.0,0.0,0.0,0.0,0.0,0.0,0.0,0.0,0.0,0.0,0.0,0.0,0,0.0,0
709403,雙美國票9B購01,所有證券,0.0,0.0,0.0,0.0,0.0,0.0,0.0,0.0,0.0,0.0,0.0,0.0,0.0,1.18,0.0,0.0,0.0,0.0,0,0.0,0
708785,信驊中信9B購01,所有證券,0.0,0.0,0.0,0.0,0.0,0.0,0.0,0.0,0.0,0.0,0.0,0.0,0.0,0.0,0.0,0.0,0.0,0.0,0,0.0,0
710502,泰博元大9B購01,所有證券,0.0,0.0,0.0,0.0,0.0,0.0,0.0,0.0,0.0,0.0,0.0,0.0,0.0,0.0,0.0,0.0,0.0,20.62,10,0.0,0
710566,碩禾元大9B購01,所有證券,0.0,0.0,0.0,0.0,0.0,0.0,0.0,0.0,0.0,0.0,0.0,0.0,0.0,4.64,0.0,0.0,0.0,115.28,133,0.0,0
711131,胡連永豐9B購01,所有證券,0.0,0.0,0.0,0.0,0.0,0.0,0.0,0.0,0.0,0.0,0.0,0.0,0.0,0.0,0.0,0.0,0.0,0.0,0,0.0,0
710575,環球晶中信9B購01,所有證券,0.0,0.0,0.0,0.0,0.0,0.0,0.0,0.0,0.0,0.0,0.0,0.0,0.0,0.0,0.0,0.0,0.0,0.0,0,0.0,0
73193P,神盾元大9B售04,所有證券,0.0,0.0,0.0,0.0,0.0,0.0,0.0,0.0,0.0,0.0,0.0,0.0,0.0,0.0,0.0,0.0,0.0,0.0,0,0.0,0
73107P,原相國票9B售02,所有證券,0.0,0.0,0.0,0.0,0.0,0.0,0.0,0.0,0.0,0.0,0.0,0.0,0.0,0.0,0.0,0.0,0.0,0.0,0,0.0,0
711145,環球晶國票9B購02,所有證券,0.0,0.0,0.0,0.0,0.0,0.0,0.0,0.0,0.0,0.0,0.0,0.0,0.0,0.0,0.0,0.0,0.0,0.0,0,0.0,0
711141,胡連凱基9B購01,所有證券,0.0,0.0,0.0,0.0,0.0,0.0,0.0,0.0,0.0,0.0,0.0,0.0,0.0,0.0,0.0,0.0,0.0,13.21,1,0.0,0
711140,旺矽凱基9B購01,所有證券,0.0,0.0,0.0,0.0,0.0,0.0,0.0,0.0,0.0,0.0,0.0,0.0,0.0,0.0,0.0,0.0,0.0,7.55,4,0.0,0
711139,中美晶凱基9B購02,所有證券,0.0,0.0,0.0,0.0,0.0,0.0,0.0,0.0,0.0,0.0,0.0,0.0,0.0,0.0,0.0,0.0,0.0,0.0,0,0.0,0
710569,中美晶富邦9B購04,所有證券,0.0,0.0,0.0,0.0,0.0,0.0,0.0,0.0,0.0,0.0,0.0,0.0,0.0,0.0,0.0,0.0,0.0,0.0,0,0.0,0
711135,元太群益9B購01,所有證券,0.0,0.0,0.0,0.0,0.0,0.0,0.0,0.0,0.0,0.0,0.0,0.0,0.0,0.0,0.0,0.0,0.0,0.0,0,0.0,0
711134,中美晶群益9B購03,所有證券,0.0,0.0,0.0,0.0,0.0,0.0,0.0,0.0,0.0,0.0,0.0,0.0,0.0,0.0,0.0,0.0,0.0,0.0,0,0.0,0
711137,胡連群益9B購01,所有證券,0.0,0.0,0.0,0.0,0.0,0.0,0.0,0.0,0.0,0.0,0.0,0.0,0.0,0.0,0.0,0.0,0.0,0.0,0,0.0,0
711133,寶雅永豐9B購01,所有證券,0.0,0.0,0.0,0.0,0.0,0.0,0.0,0.0,0.0,0.0,0.0,0.0,0.0,0.0,0.0,0.0,0.0,0.0,0,0.0,0
711132,僑威永豐9B購01,所有證券,0.0,0.0,0.0,0.0,0.0,0.0,0.0,0.0,0.0,0.0,0.0,0.0,0.0,0.0,0.0,0.0,0.0,0.0,0,0.0,0
711127,頎邦元大9B購03,所有證券,0.0,0.0,0.0,0.0,0.0,0.0,0.0,0.0,0.0,0.0,0.0,0.0,0.0,0.0,0.0,0.0,0.0,0.0,0,0.0,0
711126,聯亞元大9B購05,所有證券,0.0,0.0,0.0,0.0,0.0,0.0,0.0,0.0,0.0,0.0,0.0,0.0,0.0,0.0,0.0,0.0,0.0,0.0,0,0.0,0
710590,鈺太凱基9B購01,所有證券,0.0,0.0,0.0,0.0,0.0,0.0,0.0,0.0,0.0,0.0,0.0,0.0,0.0,0.0,0.0,0.0,0.0,0.0,0,0.0,0
8934,衡平,其他,0.0,0.0,0.0,0.0,0.0,0.0,0.0,0.0,0.0,0.0,0.0,0.0,0.0,0.0,0.0,0.0,0.0,0.0,0,0.0,0
5304,鼎創達,電腦及週邊設備業,0.0,0.0,0.0,0.0,0.0,0.0,0.0,0.0,0.0,0.0,0.0,0.0,0.0,0.0,0.0,0.0,0.0,0.0,0,0.0,0
00833B,第一金美債20+,上櫃指數股票型基金(ETF),0.0,0.0,0.0,0.0,0.0,0.0,0.0,0.0,0.0,0.0,0.0,0.0,0.0,0.0,0.0,0.0,0.0,0.0,0,0.0,0
00855B,富邦全球能源債,上櫃指數股票型基金(ETF),0.0,0.0,0.0,0.0,0.0,0.0,0.0,0.0,0.0,0.0,0.0,0.0,0.0,0.0,0.0,0.0,0.0,0.0,0,0.0,0
00854B,富邦全球保險債,上櫃指數股票型基金(ETF),0.0,0.0,0.0,0.0,0.0,0.0,0.0,0.0,0.0,0.0,0.0,0.0,0.0,0.0,0.0,0.0,0.0,0.0,0,0.0,0
6438,迅得,其他電子類,5.26,6375307000.0,1212035551.3307986,2.45,7673671427.822287,6.33,25.47,34.55,12.98,47.53,82.16,300.86,161.21,172.5,0.93,0.48,1.74,97.47,175,16.57,88
00873B,凱基新興債1-5,上櫃指數股票型基金(ETF),0.0,0.0,0.0,0.0,0.0,0.0,0.0,0.0,0.0,0.0,0.0,0.0,0.0,0.0,0.0,0.0,0.0,0.0,0,0.0,0
00874B,凱基BBB公司債15+,上櫃指數股票型基金(ETF),0.0,0.0,0.0,0.0,0.0,0.0,0.0,0.0,0.0,0.0,0.0,0.0,0.0,0.0,0.0,0.0,0.0,0.0,0,0.0,0
00871B,元大中國政金債,上櫃指數股票型基金(ETF),0.0,0.0,0.0,0.0,0.0,0.0,0.0,0.0,0.0,0.0,0.0,0.0,0.0,0.0,0.0,0.0,0.0,0.0,0,0.0,0
00868B,FT1-3年美公債,上櫃指數股票型基金(ETF),0.0,0.0,0.0,0.0,0.0,0.0,0.0,0.0,0.0,0.0,0.0,0.0,0.0,0.0,0.0,0.0,0.0,0.0,0,0.0,0
6165,浪凡,電子工業,4.02,3185601000.0,792438059.7014927,1.76,3429332620.71986,4.33,30.99,49.29,10.81,60.1,46.81,260.23,134.2,48.25,2.78,0.97,5.39,28.26,147,7.0,17
8499,鼎炫-KY,其他,10.13,2741866000.0,270667917.0779862,6.02,4963546355.429125,18.34,19.27,26.27,10.48,36.75,192.2,674.0,353.5,301.5,1.17,0.64,2.24,0.4,8,118.33,87
1456,怡華,紡織纖維,3.41,862187000.0,252840762.46334308,1.51,946750092.0804346,3.74,21.17,109.33,3.62,112.95,13.54,422.43,79.16,12.5,6.33,1.08,33.79,25.19,58,6.72,177
3450,聯鈞,其他電子業,5.01,8617529000.0,1720065668.6626747,2.18,7733236808.059751,4.5,284.72,2435.82,30.85,2466.67,138.83,11100.02,1281.24,539.0,2.38,0.26,20.59,187.33,156,63.32,122
2429,銘旺科,電子零組件業,-1.41,469482000.0,0.0,0.0,520902618.25438046,0.0,0.0,0.0,0.0,0.0,0.0,0.0,0.0,48.85,0.0,0.0,0.0,121.95,30,154.21,100
1443,立益,紡織纖維,1.14,987864000.0,866547368.4210527,0.44,901784301.5133129,1.04,23.66,26.23,14.97,41.2,15.57,42.85,24.61,25.1,0.98,0.62,1.71,11.46,79,5.74,37
2459,敦吉,電子通路業,5.17,4840007000.0,936171566.7311412,2.28,5138812700.420187,5.49,12.2,3.17,10.34,13.51,56.77,74.17,66.97,67.3,1.0,0.84,1.1,6.98,31,4.21,183
2241,艾姆勒,電機機械,-0.7,741604000.0,0.0,0.0,1046095479.6375632,0.0,0.0,0.0,0.0,0.0,0.0,0.0,0.0,34.65,0.0,0.0,0.0,0.0,0,58.59,168
2614,東森,貿易百貨,2.05,5498233000.0,2682064878.048781,0.8,5173305926.818276,1.93,11.52,6.37,8.87,15.24,17.12,29.41,22.23,18.7,1.19,0.92,1.57,10.1,59,29.63,179
3669,圓展,光電業,1.13,2426628000.0,2147458407.079646,0.57,3112789982.392209,1.45,32.88,66.82,13.28,80.1,19.26,116.14,47.68,41.6,1.15,0.46,2.79,2.2,32,5.45,65
1453,大將,紡織纖維,0.03,1464000.0,48800000.0,0.01,1507129.2962356794,0.03,170.12,863.65,21.35,885.0,0.64,26.55,5.1,11.15,0.46,0.06,2.38,0.85,1,2.08,2
3685,元創精密,光電業,-1.02,1141579000.0,0.0,0.0,1745109231.590641,0.0,0.0,0.0,0.0,0.0,0.0,0.0,0.0,27.8,0.0,0.0,0.0,6.06,36,273.47,141
8489,三貝德,文化創意業,-0.76,1374206000.0,0.0,0.0,2188846896.1691427,0.0,0.0,0.0,0.0,0.0,0.0,0.0,0.0,23.3,0.0,0.0,0.0,30.97,182,20.51,10
3219,倚強股份,半導體業,1.52,1628708000.0,1071518421.0526316,0.75,2483809806.1897364,2.32,90.37,184.76,33.1,217.86,76.79,505.44,209.65,80.8,2.59,0.95,6.26,90.77,31,102.03,100
8354,冠好,塑膠工業,0.13,644280000.0,4956000000.0,0.06,690332099.3570632,0.14,26.19,127.01,8.7,135.71,1.22,19.0,3.67,16.8,0.22,0.07,1.13,16.82,87,12.29,183
6275,元山,其他電子類,2.81,4249900000.0,1512419928.8256228,1.2,4438947955.555684,2.93,15.05,11.1,10.77,21.87,31.56,64.08,44.11,53.3,0.83,0.59,1.2,0.0,0,14.76,80
020017,永豐富櫃200N,指數投資證券(ETN),0.0,0.0,0.0,0.0,0.0,0.0,0.0,0.0,0.0,0.0,0.0,0.0,0.0,0.0,0.0,0.0,0.0,0.0,0,0.0,0
3313,斐成,電子零組件業,-0.34,8779000.0,0.0,0.0,79544530.38674034,0.0,12.75,7.26,10.22,17.48,0.0,0.0,0.0,11.15,0.0,0.0,0.0,18.1,35,36.93,116
5604,中連貨,航運業,0.85,159165000.0,187252941.1764706,0.36,164683803.4460753,0.88,30.53,37.98,14.4,52.38,12.67,46.09,26.87,30.8,0.87,0.41,1.5,5.26,24,3.77,165
6506,雙邦,化學工業,1.05,1861486000.0,1772843809.5238094,0.53,2026065403.2240915,1.14,28.18,70.04,15.19,85.23,17.32,97.16,32.13,19.45,1.65,0.89,5.0,13.07,112,0.89,30
5345,天揚,電子零組件業,-0.33,18681000.0,0.0,0.0,92686500.0,0.0,0.0,0.0,0.0,0.0,0.0,0.0,0.0,24.65,0.0,0.0,0.0,222.92,78,0.0,0
00839B,凱基醫療保健債,上櫃指數股票型基金(ETF),0.0,0.0,0.0,0.0,0.0,0.0,0.0,0.0,0.0,0.0,0.0,0.0,0.0,0.0,0.0,0.0,0.0,0.0,0,0.0,0
00869B,FT10-25年公司債,上櫃指數股票型基金(ETF),0.0,0.0,0.0,0.0,0.0,0.0,0.0,0.0,0.0,0.0,0.0,0.0,0.0,0.0,0.0,0.0,0.0,0.0,0,0.0,0
00832B,新光美債20+,上櫃指數股票型基金(ETF),0.0,0.0,0.0,0.0,0.0,0.0,0.0,0.0,0.0,0.0,0.0,0.0,0.0,0.0,0.0,0.0,0.0,0.0,0,0.0,0
4152,台微體,生技醫療業,0.0,0.0,0.0,0.0,0.0,0.0,0.0,0.0,0.0,0.0,0.0,0.0,0.0,0.0,0.0,0.0,0.0,0.0,0,0.0,0
00880B,第一金電信債15+,上櫃指數股票型基金(ETF),0.0,0.0,0.0,0.0,0.0,0.0,0.0,0.0,0.0,0.0,0.0,0.0,0.0,0.0,0.0,0.0,0.0,0.0,0,0.0,0
00879B,第一金美債0-1,上櫃指數股票型基金(ETF),0.0,0.0,0.0,0.0,0.0,0.0,0.0,0.0,0.0,0.0,0.0,0.0,0.0,0.0,0.0,0.0,0.0,0.0,0,0.0,0
00872B,凱基美債1-3,上櫃指數股票型基金(ETF),0.0,0.0,0.0,0.0,0.0,0.0,0.0,0.0,0.0,0.0,0.0,0.0,0.0,0.0,0.0,0.0,0.0,0.0,0,0.0,0
2928,紅馬-KY,觀光事業,0.0,0.0,0.0,0.0,0.0,0.0,0.0,0.0,0.0,0.0,0.0,0.0,0.0,0.0,0.0,0.0,0.0,0.0,0,0.0,0
3144,新揚科,電子零組件業,0.0,0.0,0.0,0.0,0.0,0.0,0.0,0.0,0.0,0.0,0.0,0.0,0.0,0.0,0.0,0.0,0.0,0.0,0,0.0,0
4803,VHQ-KY,文化創意業,0.0,0.0,0.0,0.0,0.0,0.0,0.0,0.0,0.0,0.0,0.0,0.0,0.0,0.0,0.0,0.0,0.0,0.0,0,0.0,0
020021,統一恒生科技N,指數投資證券(ETN),0.0,0.0,0.0,0.0,0.0,0.0,0.0,0.0,0.0,0.0,0.0,0.0,0.0,0.0,0.0,0.0,0.0,0.0,0,0.0,0
8406,金可-KY,生技醫療業,0.0,0.0,0.0,0.0,0.0,0.0,0.0,0.0,0.0,0.0,0.0,0.0,0.0,0.0,0.0,0.0,0.0,0.0,0,0.0,0
020003,統一漲升股利150N,指數投資證券(ETN),0.0,0.0,0.0,0.0,0.0,0.0,0.0,0.0,0.0,0.0,0.0,0.0,0.0,0.0,0.0,0.0,0.0,0.0,0,0.0,0
020009,群益A50綠碳N,指數投資證券(ETN),0.0,0.0,0.0,0.0,0.0,0.0,0.0,0.0,0.0,0.0,0.0,0.0,0.0,0.0,0.0,0.0,0.0,0.0,0,0.0,0
4429,聚紡,紡織纖維,0.0,0.0,0.0,0.0,0.0,0.0,0.0,0.0,0.0,0.0,0.0,0.0,0.0,0.0,0.0,0.0,0.0,0.0,0,0.0,0
2495,普安,其他電子業,1.12,1184814000.0,1057869642.8571428,0.59,1476751921.6258318,1.4,22.89,36.48,9.1,45.58,12.74,63.81,32.05,50.9,0.63,0.25,1.25,38.72,143,25.43,178
6431,光麗-KY,光電業,-2.07,382162000.0,0.0,0.0,352821258.79801226,0.0,0.0,0.0,0.0,0.0,0.0,0.0,0.0,18.85,0.0,0.0,0.0,84.0,112,39.66,183
2340,台亞,光電業,-2.87,4370938000.0,0.0,0.0,4141520143.2894845,0.0,350.56,489.26,82.17,571.43,0.0,0.0,0.0,36.6,0.0,0.0,0.0,7.28,32,64.52,108
00838B,永豐7-10年中國債,上櫃指數股票型基金(ETF),0.0,0.0,0.0,0.0,0.0,0.0,0.0,0.0,0.0,0.0,0.0,0.0,0.0,0.0,0.0,0.0,0.0,0.0,0,0.0,0
5321,美而快,電子零組件業,-0.28,2921237000.0,0.0,0.0,2269707751.8964386,0.0,567.48,2448.73,37.94,2486.67,0.0,0.0,0.0,57.4,0.0,0.0,0.0,8.12,18,11.87,23
3512,皇龍,電子零組件業,2.56,1531395000.0,598201171.875,0.6,582613621.8289493,0.97,17.94,42.19,6.34,48.53,6.15,47.07,17.4,20.6,0.84,0.3,2.28,0.0,0,1.34,25
5209,新鼎,資訊服務業,16.17,5243355000.0,324264378.47866416,5.25,4544292220.426218,14.01,12.07,5.81,9.15,14.96,128.19,209.59,169.12,171.5,0.99,0.75,1.22,1.01,17,72.56,156
8080,永利聯合,電子零組件業,0.11,180322000.0,1639290909.090909,0.04,132927603.85718617,0.08,268.93,1341.15,108.85,1450.0,8.71,116.0,21.51,28.15,0.76,0.31,4.12,142.24,108,0.47,9
00889B,凱基ESG新興債15+,上櫃指數股票型基金(ETF),0.0,0.0,0.0,0.0,0.0,0.0,0.0,0.0,0.0,0.0,0.0,0.0,0.0,0.0,0.0,0.0,0.0,0.0,0,0.0,0
5102,富強,橡膠工業,0.0,0.0,0.0,0.0,0.0,0.0,0.0,0.0,0.0,0.0,0.0,0.0,0.0,0.0,0.0,0.0,0.0,0.0,0,0.0,0
00843B,台新中國政策債,上櫃指數股票型基金(ETF),0.0,0.0,0.0,0.0,0.0,0.0,0.0,0.0,0.0,0.0,0.0,0.0,0.0,0.0,0.0,0.0,0.0,0.0,0,0.0,0
00796B,中信中國債7-10,上櫃指數股票型基金(ETF),0.0,0.0,0.0,0.0,0.0,0.0,0.0,0.0,0.0,0.0,0.0,0.0,0.0,0.0,0.0,0.0,0.0,0.0,0,0.0,0
020010,永昌富櫃200N,指數投資證券(ETN),0.0,0.0,0.0,0.0,0.0,0.0,0.0,0.0,0.0,0.0,0.0,0.0,0.0,0.0,0.0,0.0,0.0,0.0,0,0.0,0
5820,日盛金,金融業,0.0,0.0,0.0,0.0,0.0,0.0,0.0,0.0,0.0,0.0,0.0,0.0,0.0,0.0,0.0,0.0,0.0,0.0,0,0.0,0
3642,駿熠電,其他電子類,0.0,0.0,0.0,0.0,0.0,0.0,0.0,0.0,0.0,0.0,0.0,0.0,0.0,0.0,0.0,0.0,0.0,0.0,0,0.0,0
00745B,富邦中政債0-1,上櫃指數股票型基金(ETF),0.0,0.0,0.0,0.0,0.0,0.0,0.0,0.0,0.0,0.0,0.0,0.0,0.0,0.0,0.0,0.0,0.0,0.0,0,0.0,0
02003L,永豐富櫃200正2N,指數投資證券(ETN),0.0,0.0,0.0,0.0,0.0,0.0,0.0,0.0,0.0,0.0,0.0,0.0,0.0,0.0,0.0,0.0,0.0,0.0,0,0.0,0
020013,元富亞洲高股息N,指數投資證券(ETN),0.0,0.0,0.0,0.0,0.0,0.0,0.0,0.0,0.0,0.0,0.0,0.0,0.0,0.0,0.0,0.0,0.0,0.0,0,0.0,0
00747B,FH中國政策債,上櫃指數股票型基金(ETF),0.0,0.0,0.0,0.0,0.0,0.0,0.0,0.0,0.0,0.0,0.0,0.0,0.0,0.0,0.0,0.0,0.0,0.0,0,0.0,0
020014,元大富櫃200N,指數投資證券(ETN),0.0,0.0,0.0,0.0,0.0,0.0,0.0,0.0,0.0,0.0,0.0,0.0,0.0,0.0,0.0,0.0,0.0,0.0,0,0.0,0
6247,淇譽電,其他電子類,0.0,0.0,0.0,0.0,0.0,0.0,0.0,0.0,0.0,0.0,0.0,0.0,0.0,0.0,0.0,0.0,0.0,0.0,0,0.0,0
00748B,凱基中國債3-10,上櫃指數股票型基金(ETF),0.0,0.0,0.0,0.0,0.0,0.0,0.0,0.0,0.0,0.0,0.0,0.0,0.0,0.0,0.0,0.0,0.0,0.0,0,0.0,0
6873,泓德能源-創,創新板股票,3.67,9040441000.0,2463335422.343324,1.42,7840813946.242739,3.18,22.7,28.15,11.11,39.26,35.33,124.85,72.17,90.2,0.8,0.39,1.38,80.18,49,15.07,16
6869,雲豹能源-創,創新板股票,-4.2,6926950000.0,0.0,0.0,7778495388.658368,0.0,33.65,84.41,10.17,94.58,0.0,0.0,0.0,85.3,0.0,0.0,0.0,156.81,49,9.15,18
6594,展匯科,半導體業,0.0,0.0,0.0,0.0,0.0,0.0,0.0,0.0,0.0,0.0,0.0,0.0,0.0,0.0,0.0,0.0,0.0,0.0,0,0.0,0
2432,倚天,通信網路業,1.9,3191297000.0,1679630000.0,1.05,4476238482.966077,2.67,16.19,7.29,12.92,20.21,34.5,53.96,43.24,26.65,1.62,1.29,2.02,0.9,14,0.85,2
00765B,群益中國政金債,上櫃指數股票型基金(ETF),0.0,0.0,0.0,0.0,0.0,0.0,0.0,0.0,0.0,0.0,0.0,0.0,0.0,0.0,0.0,0.0,0.0,0.0,0,0.0,0
1258,其祥-KY,食品工業,0.0,0.0,0.0,0.0,0.0,0.0,0.0,0.0,0.0,0.0,0.0,0.0,0.0,0.0,0.0,0.0,0.0,0.0,0,0.0,0
2924,宏太-KY,貿易百貨,-1.17,59042000.0,0.0,0.0,101644278.44113612,0.0,0.0,0.0,0.0,0.0,0.0,0.0,0.0,15.8,0.0,0.0,0.0,62.46,71,4.81,94
2745,五福,觀光事業,10.01,8661695000.0,865304195.8041959,4.61,10003188535.289206,11.56,11.25,7.74,8.04,15.78,92.94,182.42,129.99,104.0,1.25,0.89,1.75,5.28,37,20.47,30
2748,雲品,觀光事業,2.17,2448032000.0,1128125345.62212,1.06,2493763956.7867236,2.21,19.16,9.18,13.61,22.79,30.08,50.37,42.35,39.4,1.07,0.76,1.28,0.42,4,4.1,14
2752,豆府,觀光事業,15.04,4051634000.0,269390558.5106383,6.71,4435530397.442509,16.47,14.99,7.87,11.19,19.06,184.3,313.92,246.96,171.0,1.44,1.08,1.84,0.0,0,1.85,170
1259,安心,觀光事業,2.45,6045389000.0,2467505714.285714,1.02,6243896064.170222,2.53,37.83,61.2,13.33,74.53,33.72,188.56,95.7,58.0,1.65,0.58,3.25,0.0,0,11.09,164
2743,山富,觀光事業,4.72,6629870000.0,1404633474.5762713,2.04,7102470776.021008,5.06,15.25,26.4,9.09,35.49,46.0,179.58,77.15,69.2,1.11,0.66,2.6,2.57,37,3.94,42
2740,天蔥,觀光事業,-3.19,142213000.0,0.0,0.0,53076114.35277908,0.0,0.0,0.0,0.0,0.0,0.0,0.0,0.0,34.35,0.0,0.0,0.0,6.35,10,0.71,2
8472,夠麻吉,電子商務業,-1.3,487533000.0,0.0,0.0,648371742.5122758,0.0,0.0,0.0,0.0,0.0,0.0,0.0,0.0,85.9,0.0,0.0,0.0,17.18,46,281.72,80
2753,八方雲集,觀光事業,12.85,8764223000.0,682040700.3891051,5.56,9170812995.193312,13.45,17.7,9.1,12.77,21.87,171.76,294.15,238.12,177.0,1.35,0.97,1.66,0.0,0,13.02,163
5701,劍湖山,觀光事業,-0.26,534902000.0,0.0,0.0,507888589.5860147,0.0,0.0,0.0,0.0,0.0,0.0,0.0,0.0,4.4,0.0,0.0,0.0,2.18,3,1.55,1
2754,亞洲藏壽司,觀光事業,2.36,5729128000.0,2427596610.169492,0.98,6102620615.109119,2.51,40.21,74.11,16.43,90.54,41.24,227.26,100.93,68.3,1.48,0.6,3.33,5.29,32,28.03,106
9943,好樂迪,觀光事業,5.4,2431559000.0,450288703.7037037,2.25,2231713596.832958,4.96,16.41,7.16,13.44,20.6,66.66,102.18,81.39,55.6,1.46,1.2,1.84,0.22,4,3.26,29
5904,寶雅,貿易百貨,29.63,25264824000.0,852677151.5356058,13.6,28113263975.756958,32.97,18.08,7.99,14.28,22.27,470.81,734.24,596.21,569.0,1.05,0.83,1.29,6.14,8,0.58,9
2916,滿心,貿易百貨,3.96,1986414000.0,501619696.969697,1.78,1997268587.0877519,3.98,11.98,5.56,9.6,15.16,38.21,60.34,47.68,43.45,1.1,0.88,1.39,2.88,4,2.39,9
8477,創業家,電子商務業,-0.92,442180000.0,0.0,0.0,320244745.12057555,0.0,0.0,0.0,0.0,0.0,0.0,0.0,0.0,19.35,0.0,0.0,0.0,19.34,37,3.5,93
5903,全家,貿易百貨,7.6,109171999000.0,14364736710.526316,3.27,119715070672.08195,8.33,18.5,16.27,10.96,27.23,91.3,226.83,154.07,187.0,0.82,0.49,1.21,2.09,8,2.93,64
2947,振宇五金,貿易百貨,3.29,2297483000.0,698323100.3039514,1.4,2419409401.9469304,3.46,25.98,12.64,22.25,34.89,76.98,120.72,89.88,77.5,1.16,0.99,1.56,4.62,35,10.91,29
5902,德記,貿易百貨,2.24,2297474000.0,1025658035.7142856,0.83,2014911691.4716759,1.96,19.97,7.06,15.95,23.01,31.26,45.1,39.13,34.45,1.14,0.91,1.31,28.53,70,0.84,105
5706,鳳凰,觀光事業,3.41,3142660000.0,921601173.0205278,1.23,2927152757.7367487,3.18,16.6,9.87,12.21,22.08,38.83,70.21,52.8,51.6,1.02,0.75,1.36,2.98,18,5.26,30
5278,尚凡,電子商務業,1.05,2602370000.0,2478447619.047619,0.44,3034769127.002369,1.22,43.55,412.05,17.28,429.33,21.08,523.78,53.13,22.65,2.35,0.93,23.12,37.61,176,57.82,64
1268,漢來美食,觀光事業,10.12,6246514000.0,617244466.4031621,4.95,7022065580.203516,11.38,16.25,6.31,12.13,18.44,138.04,209.85,184.89,169.0,1.09,0.82,1.24,2.99,29,7.54,100
2937,集雅社,貿易百貨,4.15,5120538000.0,1233864578.313253,1.87,5596918800.290864,4.54,11.49,4.64,9.28,13.92,42.13,63.2,52.16,48.6,1.07,0.87,1.3,7.77,142,4.55,51
3522,御頂,觀光事業,-2.66,1143962000.0,0.0,0.0,1269785579.0988076,0.0,0.0,0.0,0.0,0.0,0.0,0.0,0.0,11.5,0.0,0.0,0.0,79.41,85,7.14,9
5704,老爺知,觀光事業,0.39,310605000.0,796423076.9230769,0.18,364581795.33645,0.46,30.33,70.54,12.02,82.56,5.53,37.98,13.95,21.15,0.66,0.26,1.8,0.21,1,6.28,95
9960,邁達康,貿易百貨,1.75,672255000.0,384145714.28571427,0.87,755487543.2604736,1.97,12.99,10.11,10.12,20.23,19.94,39.85,25.6,30.4,0.84,0.66,1.31,4.77,59,1.2,8
6195,詩肯,貿易百貨,0.99,2207685000.0,2229984848.4848485,0.49,2445534159.259203,1.1,20.79,14.91,13.13,28.04,14.44,30.84,22.87,26.15,0.87,0.55,1.18,0.58,2,2.98,18
5905,南仁湖,貿易百貨,-0.63,1067250000.0,0.0,0.0,3754387172.5326777,0.0,0.0,0.0,0.0,0.0,0.0,0.0,0.0,7.86,0.0,0.0,0.0,106.22,86,9.5,77
5703,亞都,觀光事業,0.53,448515000.0,846254716.981132,0.27,495909871.7973472,0.59,57.25,80.99,20.77,101.76,12.25,60.04,33.78,13.85,2.44,0.88,4.34,0.0,0,0.0,0
2755,揚秦,觀光事業,7.02,2990934000.0,426058974.3589744,3.27,3615245097.104862,8.49,20.58,8.62,16.79,25.41,142.55,215.73,174.72,134.0,1.3,1.06,1.61,5.98,161,28.41,80
2756,聯發國際,觀光事業,3.93,1122844000.0,285710941.475827,1.77,1577529312.786976,5.52,31.78,43.68,15.31,58.99,84.51,325.62,175.4,60.2,2.91,1.4,5.41,36.57,35,28.51,46
4804,大略-KY,觀光事業,-1.51,130783000.0,0.0,0.0,135749347.4982206,0.0,0.0,0.0,0.0,0.0,0.0,0.0,0.0,3.27,0.0,0.0,0.0,50.11,46,172.73,73
2739,寒舍,觀光事業,2.36,5167860000.0,2189771186.440678,1.08,5274929077.360027,2.41,16.52,43.63,6.31,49.94,15.21,120.36,39.81,35.35,1.13,0.43,3.4,7.64,50,0.84,31
2707,晶華,觀光事業,11.42,6817181000.0,596951050.7880911,5.27,7063763876.507626,11.83,17.8,8.23,12.25,20.48,144.92,242.28,210.61,173.5,1.21,0.84,1.4,4.09,10,4.9,100
2706,第一店,觀光事業,0.64,376284000.0,587943750.0,0.26,383588798.6027463,0.65,22.33,9.78,17.76,27.54,11.54,17.9,14.51,11.9,1.22,0.97,1.5,0.62,1,1.47,99
5287,數字,電子商務業,13.94,2316918000.0,166206456.24103302,5.65,2311183151.8493986,13.91,14.12,6.32,10.39,16.71,144.52,232.44,196.42,145.0,1.35,1.0,1.6,0.25,15,4.3,86
8941,關中,貿易百貨,1.16,3009319000.0,2594240517.2413793,0.48,2991185899.652314,1.15,19.58,40.26,7.97,48.23,9.17,55.46,22.52,43.6,0.52,0.21,1.27,0.5,25,0.17,9
2705,六福,觀光事業,0.87,2277851000.0,2618219540.229885,0.35,2198892791.633598,0.84,71.9,123.98,16.85,140.83,14.15,118.3,60.39,15.3,3.95,0.92,7.73,2.48,18,2.69,4
2704,國賓,觀光事業,0.57,1361054000.0,2387814035.0877194,0.25,1374066671.633805,0.58,44.41,105.77,12.12,117.89,7.03,68.38,25.76,42.3,0.61,0.17,1.62,10.01,17,1.66,99
2702,華園,觀光事業,-0.35,1403236000.0,0.0,0.0,1434707058.4483757,0.0,44.42,50.88,23.33,74.21,0.0,0.0,0.0,13.5,0.0,0.0,0.0,3.32,29,3.42,24
3085,新零售,電子商務業,-0.56,56566000.0,0.0,0.0,59320754.4622633,0.0,0.0,0.0,0.0,0.0,0.0,0.0,0.0,12.5,0.0,0.0,0.0,86.11,169,0.0,0
2701,萬企,觀光事業,0.56,260225000.0,464687499.99999994,0.23,264342522.95738167,0.57,21.53,7.49,17.89,25.38,10.2,14.47,12.27,10.3,1.19,0.99,1.4,0.0,0,0.0,0
3252,海灣,觀光事業,0.13,496920000.0,3822461538.4615383,0.06,510031565.467991,0.13,168.35,83.03,118.33,201.36,15.38,26.18,21.89,17.75,1.23,0.87,1.47,4.48,25,1.75,100
5364,力麗店,觀光事業,-0.77,337668000.0,0.0,0.0,207128945.5948553,0.0,0.0,0.0,0.0,0.0,0.0,0.0,0.0,8.84,0.0,0.0,0.0,167.97,87,0.94,3
6728,上洋,貿易百貨,9.77,4548540000.0,465561924.2579325,4.71,5105239920.13549,10.97,12.62,5.81,10.53,16.34,115.51,179.25,138.44,112.5,1.23,1.03,1.59,0.36,1,11.83,28
8044,網家,電子商務業,-4.62,36819770000.0,0.0,0.0,39167529942.530876,0.0,0.0,0.0,0.0,0.0,0.0,0.0,0.0,29.0,0.0,0.0,0.0,77.54,157,1.09,8
6741,91APP*-KY,電子商務業,4.41,1766188000.0,400496145.1247165,2.28,2299271637.0809917,5.74,20.33,14.96,13.52,28.48,77.6,163.48,116.68,64.3,1.81,1.21,2.54,5.31,30,8.86,70
8077,洛碁,觀光事業,6.03,1080743000.0,179227694.85903814,2.69,1101854510.7640328,6.15,9.88,8.08,6.29,14.37,38.68,88.38,60.74,48.65,1.25,0.8,1.82,10.81,59,0.0,0
2712,遠雄來,觀光事業,-0.39,533043000.0,0.0,0.0,542641137.2588066,0.0,123.09,21.45,106.88,128.33,0.0,0.0,0.0,15.35,0.0,0.0,0.0,0.98,17,20.47,30
8066,來思達,貿易百貨,-3.49,4567654000.0,0.0,0.0,3620531010.572845,0.0,598.59,1416.11,28.89,1445.0,0.0,0.0,0.0,16.0,0.0,0.0,0.0,2.62,4,7.75,4
2718,晶悅,觀光事業,16.94,2992167000.0,176633234.9468713,1.22,1067770565.2908657,6.05,8.36,47.15,1.24,48.39,7.5,292.76,50.61,46.55,1.09,0.16,6.29,45.16,72,21.78,163
2719,燦星旅,觀光事業,-0.15,1982797000.0,0.0,0.0,1651447586.7778265,0.0,26.82,46.97,11.59,58.56,0.0,0.0,0.0,25.1,0.0,0.0,0.0,0.81,4,5.5,7
2736,富野,觀光事業,-1.74,520517000.0,0.0,0.0,569593146.6827002,0.0,0.0,0.0,0.0,0.0,0.0,0.0,0.0,12.0,0.0,0.0,0.0,0.0,0,4.99,25
2734,易飛網,觀光事業,-1.41,1626979000.0,0.0,0.0,2117428878.9287436,0.0,35.84,63.99,14.87,78.86,0.0,0.0,0.0,15.1,0.0,0.0,0.0,0.0,0,6.04,10
5301,寶得利,觀光事業,-1.36,238825000.0,0.0,0.0,215881700.65649092,0.0,0.0,0.0,0.0,0.0,0.0,0.0,0.0,6.79,0.0,0.0,0.0,0.0,0,131.03,163
2732,六角,觀光事業,1.08,4231906000.0,3918431481.481481,0.56,5757579011.7505,1.47,36.13,70.48,15.43,85.91,22.68,126.29,53.11,65.0,0.82,0.35,1.94,2.22,35,1.47,8
2731,雄獅,觀光事業,17.49,29836786000.0,1705934019.4396799,7.68,33461080343.024345,19.61,10.58,8.9,6.99,15.89,137.07,311.6,207.43,169.5,1.22,0.81,1.84,8.09,45,9.94,168
2729,瓦城,觀光事業,7.16,6114633000.0,853999022.3463687,3.1,6368332843.945377,7.46,22.39,8.25,18.71,26.96,139.58,201.12,167.0,158.0,1.06,0.88,1.27,5.4,42,1.91,16
8433,弘帆,貿易百貨,3.18,3398355000.0,1068665094.3396226,1.42,3967072674.9917507,3.71,11.63,13.76,6.27,20.03,23.26,74.31,43.16,52.0,0.83,0.45,1.43,2.86,43,5.25,64
8940,新天地,觀光事業,0.55,1601200000.0,2911272727.272727,0.3,1629157314.556782,0.56,63.3,203.79,11.21,215.0,6.28,120.4,35.45,16.6,2.14,0.38,7.25,0.56,1,6.14,154
6763,綠界科技,電子商務業,4.21,1725309000.0,409812114.01425177,1.91,1939659056.9513783,4.73,30.77,229.21,10.3,239.51,48.72,1132.88,145.53,44.45,3.27,1.1,25.49,3.37,86,29.58,30
2726,雅茗-KY,觀光事業,-3.56,570200000.0,0.0,0.0,494023968.5658153,0.0,45.11,141.89,4.2,146.09,0.0,0.0,0.0,10.45,0.0,0.0,0.0,10.53,56,2.19,53
3171,新洲,貿易百貨,4.3,1843259000.0,428664883.7209303,2.56,3364621139.5344963,7.85,13.82,9.64,10.41,20.05,81.72,157.39,108.48,69.5,1.56,1.18,2.26,36.48,126,40.78,99
2724,富驛-KY,觀光事業,-0.21,159698000.0,0.0,0.0,182697858.65094957,0.0,9.05,9.78,4.97,14.75,0.0,0.0,0.0,13.05,0.0,0.0,0.0,25.71,59,4.44,2
2723,美食-KY,觀光事業,-2.47,18376224000.0,0.0,0.0,15428662047.218966,0.0,29.27,29.44,17.23,46.67,0.0,0.0,0.0,62.1,0.0,0.0,0.0,6.06,176,0.78,3
2722,夏都,觀光事業,-0.49,571971000.0,0.0,0.0,559328010.9299263,0.0,394.24,1669.86,55.14,1725.0,0.0,0.0,0.0,22.5,0.0,0.0,0.0,1.19,4,8.74,31
8462,柏文,觀光事業,8.49,5966497000.0,702767608.9517078,3.93,7195779896.054822,10.24,28.58,38.1,14.71,52.81,150.63,540.77,292.61,141.5,2.07,1.06,3.82,19.25,98,27.92,88
2727,王品,觀光事業,16.01,23220546000.0,1450377638.97564,7.25,25464346485.24943,17.56,14.4,3.94,11.8,15.74,207.21,276.39,252.85,236.0,1.07,0.88,1.17,5.78,157,0.2,1
8454,富邦媒,貿易百貨,11.58,109217017000.0,9431521329.879103,4.67,108589622230.46722,11.51,22.06,14.42,14.86,29.28,171.04,337.01,253.9,241.5,1.05,0.71,1.4,1.25,1,1.36,4
8464,億豐,其他,22.53,30041892000.0,1333417310.252996,9.41,29600783526.154034,22.2,18.34,11.78,12.5,24.28,277.5,539.02,407.11,324.0,1.26,0.86,1.66,46.02,137,15.89,73
8341,日友,其他,4.48,4002425000.0,893398437.4999999,2.01,4494012934.273272,5.03,22.2,24.73,15.58,40.31,78.37,202.76,111.65,76.6,1.46,1.02,2.65,8.0,36,12.1,157
8467,波力-KY,其他,10.04,2544953000.0,253481374.50199205,3.67,2328986679.6494436,9.19,18.42,24.06,10.73,34.79,98.61,319.72,169.32,131.5,1.29,0.75,2.43,73.51,182,16.81,99
3708,上緯投控,化學工業,35.56,6151654000.0,172993644.54443192,2.06,672848595.529311,3.89,44.44,107.22,2.78,110.0,10.81,427.9,172.86,119.0,1.45,0.09,3.6,12.5,32,66.67,81
8438,昶昕,其他,2.1,3770840000.0,1795638095.238095,1.1,5006190924.122796,2.79,21.78,37.91,11.38,49.29,31.75,137.52,60.77,87.0,0.7,0.36,1.58,16.59,81,6.57,98
8473,山林水,其他,2.55,4934180000.0,1934972549.019608,1.14,5917555128.728666,3.06,27.12,36.58,12.05,48.63,36.87,148.81,83.0,55.4,1.5,0.67,2.69,44.42,46,27.5,140
4536,拓凱,其他,14.92,9439769000.0,632692292.2252011,6.1,8355657485.609107,13.21,11.1,7.25,7.74,14.99,102.25,198.02,146.65,162.0,0.91,0.63,1.22,13.51,149,2.52,8
5306,桂盟,其他,7.66,4729350000.0,617408616.1879896,3.51,4757838039.068763,7.71,16.1,19.75,9.58,29.33,73.86,226.13,124.16,84.3,1.47,0.88,2.68,11.81,92,1.55,1
8478,東哥遊艇,其他,13.25,4888412000.0,368936754.7169811,6.15,6949890128.661233,18.84,23.04,49.32,9.14,58.46,172.2,1101.39,434.03,155.5,2.79,1.11,7.08,11.84,29,56.67,32
1432,大魯閣,貿易百貨,6.03,1324663000.0,219678772.8026534,1.71,889568026.0488087,4.05,41.45,82.69,2.74,85.43,11.1,345.99,167.87,16.8,9.99,0.66,20.59,20.17,175,9.76,172
8422,可寧衛,其他,1.3,4921714000.0,3785933846.153846,0.49,3825844266.081244,1.01,19.69,23.77,13.84,37.61,13.98,37.99,19.89,27.7,0.72,0.5,1.37,1.04,17,30.21,156
3130,一零四,電子工業,14.7,2657992000.0,180815782.3129252,6.14,2821095263.498472,15.6,15.76,3.47,14.57,18.04,227.29,281.42,245.9,221.5,1.11,1.03,1.27,3.62,35,1.96,37
6689,伊雲谷,其他電子業,2.3,12667665000.0,5507680434.782609,0.92,11485435265.372663,2.09,36.49,17.87,28.45,46.32,59.46,96.81,76.27,71.5,1.07,0.83,1.35,32.98,43,9.34,7
9924,福興,其他,3.17,7457017000.0,2352371293.3753943,1.13,6607987063.1395645,2.81,11.53,8.7,8.57,17.27,24.08,48.53,32.39,42.65,0.76,0.56,1.14,5.54,126,9.09,183
6806,森崴能源,其他,-57.89,27598134000.0,0.0,0.0,17774199175.234188,0.0,34.06,41.61,18.13,59.74,0.0,0.0,0.0,7.38,0.0,0.0,0.0,47.79,39,5.03,8
9921,巨大,其他,1.84,60780700000.0,33032989130.43478,0.66,49330398785.87593,1.49,73.22,266.08,22.08,288.16,32.9,429.36,109.1,69.8,1.56,0.47,6.15,8.44,79,1.7,52
9914,美利達,其他,4.01,26935538000.0,6717091770.573566,1.38,20960861536.330055,3.12,33.97,34.95,13.89,48.84,43.34,152.38,105.98,68.0,1.56,0.64,2.24,4.56,59,3.04,64
9911,櫻花,其他,6.26,10160374000.0,1623062939.2971246,2.9,10892785002.207806,6.71,14.36,4.78,12.81,17.59,85.96,118.03,96.38,82.0,1.18,1.05,1.44,10.69,58,4.96,51
9910,豐泰,其他,5.1,83553386000.0,16383016862.7451,2.0,78790348286.41159,4.81,21.88,16.22,13.49,29.71,64.89,142.91,105.27,71.9,1.46,0.9,1.99,9.6,22,17.39,129
9904,寶成,其他,4.1,253268990000.0,61772924390.243904,1.71,241882323519.22247,3.92,7.17,4.42,4.94,9.36,19.36,36.69,28.09,25.8,1.09,0.75,1.42,17.47,171,14.36,30
9930,中聯資源,其他,4.96,14021406000.0,2826896370.967742,2.0,13200842904.404945,4.67,15.19,5.61,13.53,19.14,63.19,89.38,70.92,69.0,1.03,0.92,1.3,12.46,59,0.9,2
9802,鈺齊-KY,其他,6.05,17333351000.0,2865016694.214876,2.46,17614686792.745415,6.15,17.86,21.72,12.24,33.96,75.28,208.85,109.84,77.7,1.41,0.97,2.69,4.76,8,18.01,31
3054,立萬利,電子工業,1.96,126498000.0,64539795.91836735,3.58,909449772.2984962,14.09,36.99,36.39,19.26,55.65,271.37,784.11,521.15,68.5,7.61,3.96,11.45,15.59,87,9.09,74
6754,匯僑設計,其他,3.4,3632574000.0,1068404117.6470588,1.06,2909501435.308059,2.72,11.73,5.89,8.48,14.37,23.07,39.09,31.92,46.55,0.69,0.5,0.84,40.6,77,0.0,0
6768,志強-KY,其他,6.78,20464647000.0,3018384513.2743363,2.92,19115353355.07761,6.33,15.99,16.65,10.95,27.6,69.31,174.71,101.19,87.0,1.16,0.8,2.01,61.59,175,13.82,128
2424,隴華,電腦及週邊設備業,-1.34,212664000.0,0.0,0.0,138659083.9630758,0.0,0.0,0.0,0.0,0.0,0.0,0.0,0.0,12.95,0.0,0.0,0.0,178.61,134,12.84,21
1439,雋揚,紡織纖維,3.21,548585000.0,170898753.894081,2.08,1293978023.7738502,7.57,14.82,14.0,8.1,22.1,61.32,167.3,112.2,25.6,4.38,2.4,6.54,25.05,88,0.64,1
2442,新美齊,電子工業,5.25,1316248000.0,250713904.76190478,52.85,17772432079.23383,70.89,19.38,32.24,3.47,35.71,245.99,2531.48,1373.76,18.9,72.69,13.02,133.94,12.78,59,20.48,94
2062,橋椿,其他,0.38,6372187000.0,16768913157.894737,0.17,6696366654.687484,0.4,21.77,88.64,8.03,96.67,3.21,38.67,8.71,18.85,0.46,0.17,2.05,41.39,112,5.08,80
9934,成霖,其他,-0.29,17486056000.0,0.0,0.0,18037394447.237194,0.0,20.69,55.35,8.18,63.53,0.0,0.0,0.0,9.96,0.0,0.0,0.0,6.79,17,1.89,3
8482,商億-KY,其他,2.3,3480536000.0,1513276521.7391305,1.0,3552900536.539122,2.35,19.55,29.72,12.23,41.95,28.74,98.58,45.93,49.0,0.94,0.59,2.01,6.16,116,4.13,29
1472,三洋實業,紡織纖維,6.4,3601026000.0,562660312.5,2.74,3643832521.8607664,6.48,19.78,24.51,12.44,36.95,80.61,239.44,128.17,90.0,1.42,0.9,2.66,0.0,0,2.23,1
9955,佳龍,其他,0.54,1409673000.0,2610505555.5555553,0.3,2197742053.538942,0.84,52.8,27.03,39.08,66.11,32.83,55.53,44.35,28.85,1.54,1.14,1.92,17.96,79,11.78,183
1598,岱宇,化學生技醫療,-3.35,6329286000.0,0.0,0.0,5332199807.627159,0.0,95.83,174.56,44.11,218.67,0.0,0.0,0.0,20.65,0.0,0.0,0.0,4.46,39,11.11,16
3557,嘉威,其他,0.13,4367859000.0,33598915384.615383,0.06,3367406336.7486134,0.1,294.47,3173.47,6.53,3180.0,0.65,318.0,29.45,23.9,1.23,0.03,13.31,2.3,1,1.6,23
6641,基士德-KY,其他,0.45,1773564000.0,3941253333.333333,0.19,1824445719.4770381,0.46,64.5,204.41,12.59,217.0,5.79,99.82,29.67,18.6,1.6,0.31,5.37,0.95,1,1.75,23
6807,峰源-KY,其他,4.69,4368245000.0,931395522.3880596,1.58,3160991163.777777,3.39,8.9,8.12,5.37,13.49,18.2,45.73,30.16,33.45,0.9,0.54,1.37,70.37,163,0.13,1
9935,慶豐富,其他,1.64,4981019000.0,3037206707.3170733,0.67,5016880582.931358,1.65,14.01,14.5,8.55,23.05,14.11,38.03,23.11,18.9,1.22,0.75,2.01,44.99,144,0.62,4
6670,復盛應用,其他,22.49,29763472000.0,1323409159.6265008,10.98,31261455153.66002,23.62,12.04,6.38,9.08,15.46,214.47,365.17,284.28,272.0,1.05,0.79,1.34,8.11,182,0.0,0
1736,喬山,生技醫療業,9.07,53154689000.0,5860494928.335171,4.19,59372823751.62098,10.13,24.11,39.05,12.25,51.3,124.09,519.67,244.27,118.5,2.06,1.05,4.39,87.23,154,29.79,122
6671,三能-KY,其他,2.38,1985487000.0,834238235.2941177,0.93,1876832594.9195118,2.25,13.98,4.66,11.13,15.79,25.04,35.53,31.46,27.2,1.16,0.92,1.31,5.26,44,4.16,45
6581,鋼聯,其他,6.17,2095016000.0,339548784.4408428,3.18,2537643822.544653,7.47,16.68,10.63,12.45,23.08,93.0,172.41,124.64,113.0,1.1,0.82,1.53,14.35,148,4.17,128
6616,特昇-KY,其他,-0.6,1063387000.0,0.0,0.0,738585382.0085582,0.0,75.7,18.16,67.37,85.53,0.0,0.0,0.0,8.99,0.0,0.0,0.0,0.0,0,0.96,1
8423,保綠-KY,其他,0.73,372162000.0,509810958.9041096,0.34,393063336.0296969,0.77,32.43,24.19,20.47,44.66,15.76,34.39,24.97,17.7,1.41,0.89,1.94,19.68,30,3.15,99
6804,明係,其他,-2.83,1356794000.0,0.0,0.0,1585643497.729367,0.0,28.69,22.07,18.28,40.35,0.0,0.0,0.0,16.1,0.0,0.0,0.0,0.0,0,4.86,10
6803,崑鼎,其他,18.44,9581973000.0,519629772.23427325,7.38,9936770207.552067,19.12,16.85,3.62,15.47,19.09,295.79,365.0,322.13,286.5,1.12,1.03,1.27,1.78,17,2.37,23
3073,天方能源,半導體業,0.04,78469000.0,1961725000.0,0.04,328032859.52237606,0.17,188.81,722.31,17.69,740.0,3.01,125.8,32.1,20.25,1.59,0.15,6.21,207.27,49,32.56,16
8390,金益鼎,其他,6.6,4649007000.0,704395000.0,3.71,6273776597.94319,8.91,14.61,10.71,10.27,20.98,91.51,186.93,130.18,120.5,1.08,0.76,1.55,49.74,39,42.9,178
8171,天宇,通信網路業,-5.46,286330000.0,0.0,0.0,467102998.3082978,0.0,0.0,0.0,0.0,0.0,0.0,0.0,0.0,24.7,0.0,0.0,0.0,27.1,177,0.0,0
6629,泰金-KY,其他,6.46,1675172000.0,259314551.08359134,4.32,3104173060.3524485,11.97,14.15,16.37,7.01,23.38,83.91,279.86,169.34,116.0,1.46,0.72,2.41,22.98,95,63.16,157
4530,宏易,電機機械,0.34,326341000.0,959826470.5882353,0.23,669816379.6016897,0.7,91.73,58.65,72.35,131.0,50.64,91.7,64.21,24.5,2.62,2.07,3.74,51.57,113,15.04,50
8087,華鎂鑫,光電業,-1.32,318083000.0,0.0,0.0,771109225.3682534,0.0,73.58,153.26,11.91,165.17,0.0,0.0,0.0,33.85,0.0,0.0,0.0,15.24,24,0.0,0
8440,綠電,其他,0.31,942226000.0,3039438709.677419,0.11,741669856.7940195,0.24,87.95,124.44,40.56,165.0,9.73,39.6,21.11,23.15,0.91,0.42,1.71,56.27,30,6.13,15
2640,大車隊,其他,9.01,3135467000.0,347998557.15871257,3.97,3285169864.8235736,9.44,15.32,8.2,13.44,21.64,126.87,204.28,144.65,160.5,0.9,0.79,1.27,3.35,45,0.37,46
6690,安碁資訊,資訊服務業,10.22,2397800000.0,234618395.3033268,4.7,2832925909.118691,12.07,20.46,15.61,14.26,29.87,172.12,360.53,246.98,187.5,1.32,0.92,1.92,51.71,43,4.75,74
4154,樂威科-KY,生技醫療業,-1.83,22250000.0,0.0,0.0,32454059.93472456,0.0,0.0,0.0,0.0,0.0,0.0,0.0,0.0,12.9,0.0,0.0,0.0,77.69,91,11.02,32
6624,萬年清,其他,0.36,655700000.0,1821388888.888889,0.13,446822197.8015785,0.25,77.96,181.16,27.26,208.42,6.82,52.1,19.49,0.0,0.0,0.0,0.0,6.57,31,57.95,183
5205,中茂,其他電子類,-1.43,24789000.0,0.0,0.0,32765280.554239698,0.0,0.0,0.0,0.0,0.0,0.0,0.0,0.0,23.3,0.0,0.0,0.0,0.0,0,7.65,3
8928,鉅明,其他,1.41,3443852000.0,2442448226.9503546,0.52,2560174106.0974565,1.05,44.11,167.95,9.16,177.11,9.62,185.97,46.32,20.85,2.22,0.46,8.92,2.97,8,1.0,1
6123,上奇,電腦及週邊設備業,2.72,5094560000.0,1872999999.9999998,1.02,4619600529.531529,2.47,16.35,6.32,13.42,19.74,33.15,48.76,40.39,44.7,0.9,0.74,1.09,1.77,2,4.48,112
1593,祺驊,生技醫療業,2.17,1236771000.0,569940552.9953917,0.99,1402395463.274593,2.46,23.52,37.8,12.59,50.39,30.97,123.96,57.86,31.2,1.85,0.99,3.97,2.83,120,3.18,95
3178,公準,電機機械,-0.46,1278448000.0,0.0,0.0,1160453386.6175585,0.0,604.57,3129.21,20.79,3150.0,0.0,0.0,0.0,70.0,0.0,0.0,0.0,5.61,14,0.0,0
8476,台境,其他,0.51,1133942000.0,2223415686.27451,0.25,1426870750.479359,0.64,52.2,263.84,11.16,275.0,7.14,176.0,33.41,15.6,2.14,0.46,11.28,9.15,35,5.11,8
3713,新晶投控,光電業,-1.13,281414000.0,0.0,0.0,421752922.12354916,0.0,0.0,0.0,0.0,0.0,0.0,0.0,0.0,16.05,0.0,0.0,0.0,64.58,30,35.29,107
3551,世禾,其他電子類,8.36,2943952000.0,352147368.42105263,3.89,3469329562.527345,9.85,21.02,15.68,12.52,28.2,123.32,277.77,207.05,218.5,0.95,0.56,1.27,46.15,147,47.39,135
8924,大田,其他,5.63,4471774000.0,794276021.3143872,2.32,5671579932.00998,7.14,13.89,9.65,9.54,19.19,68.12,137.02,99.2,59.3,1.67,1.15,2.31,0.22,1,11.57,155
8420,明揚,其他,0.0,0.0,0.0,0.0,0.0,0.0,0.0,0.0,0.0,0.0,0.0,0.0,0.0,40.6,0.0,0.0,0.0,1.1,4,0.0,0
8933,愛地雅,其他,-1.39,2377380000.0,0.0,0.0,1493839785.8780246,0.0,0.0,0.0,0.0,0.0,0.0,0.0,0.0,4.6,0.0,0.0,0.0,0.0,0,6.97,77
8938,明安,其他,6.19,15350061000.0,2479815993.5379643,2.77,14058019534.950693,5.67,17.63,45.08,7.47,52.55,42.35,297.96,99.99,52.4,1.91,0.81,5.69,1.05,4,5.51,183
4609,唐鋒,電器電纜,-0.11,170353000.0,0.0,0.0,142188923.39684346,0.0,0.0,0.0,0.0,0.0,0.0,0.0,0.0,5.51,0.0,0.0,0.0,10.25,30,12.75,45
6811,宏碁資訊,資訊服務業,14.37,9465495000.0,658698329.8538623,7.56,11241932120.970358,17.07,17.98,13.73,12.71,26.44,216.96,451.33,306.96,236.0,1.3,0.92,1.91,22.04,43,13.61,87
4702,中美實,化學工業,0.89,79555000.0,89387640.4494382,0.34,58978187.100033686,0.66,32.35,129.71,6.4,136.11,4.22,89.83,21.35,9.77,2.19,0.43,9.19,0.0,0,1.78,3
8916A,光隆甲特,其他,0.0,0.0,0.0,0.0,0.0,0.0,0.0,0.0,0.0,0.0,0.0,0.0,0.0,0.0,0.0,0.0,0.0,0.0,0,0.0,0
3089,億杰,電子零組件業,0.0,0.0,0.0,0.0,0.0,0.0,0.0,0.0,0.0,0.0,0.0,0.0,0.0,0.0,0.0,0.0,0.0,0.0,0,0.0,0
4129A,聯合甲特,生技醫療業,0.0,0.0,0.0,0.0,0.0,0.0,0.0,0.0,0.0,0.0,0.0,0.0,0.0,0.0,0.0,0.0,0.0,0.0,0,0.0,0
4944,兆遠,光電業,0.0,0.0,0.0,0.0,0.0,0.0,0.0,0.0,0.0,0.0,0.0,0.0,0.0,0.0,0.0,0.0,0.0,0.0,0,0.0,0
5281,大峽谷-KY,光電業,0.0,0.0,0.0,0.0,0.0,0.0,0.0,0.0,0.0,0.0,0.0,0.0,0.0,0.0,0.0,0.0,0.0,0.0,0,0.0,0
00744B,國泰中國政金債5+,上櫃指數股票型基金(ETF),0.0,0.0,0.0,0.0,0.0,0.0,0.0,0.0,0.0,0.0,0.0,0.0,0.0,0.0,0.0,0.0,0.0,0.0,0,0.0,0
6404,通訊-KY,資訊服務業,0.0,0.0,0.0,0.0,0.0,0.0,0.0,0.0,0.0,0.0,0.0,0.0,0.0,0.0,0.0,0.0,0.0,0.0,0,0.0,0
020024,兆豐富櫃200N,指數投資證券(ETN),0.0,0.0,0.0,0.0,0.0,0.0,0.0,0.0,0.0,0.0,0.0,0.0,0.0,0.0,0.0,0.0,0.0,0.0,0,0.0,0
02002L,兆豐富櫃200正二N,指數投資證券(ETN),0.0,0.0,0.0,0.0,0.0,0.0,0.0,0.0,0.0,0.0,0.0,0.0,0.0,0.0,0.0,0.0,0.0,0.0,0,0.0,0
8418,捷必勝-KY,其他,0.0,0.0,0.0,0.0,0.0,0.0,0.0,0.0,0.0,0.0,0.0,0.0,0.0,0.0,0.0,0.0,0.0,0.0,0,0.0,0
4712,南璋,食品工業,-2.16,0.0,0.0,0.0,0.0,0.0,0.0,0.0,0.0,0.0,0.0,0.0,0.0,0.0,0.0,0.0,0.0,0.0,0,0.0,0
5383,金利,其他電子類,0.0,0.0,0.0,0.0,0.0,0.0,0.0,0.0,0.0,0.0,0.0,0.0,0.0,0.0,0.0,0.0,0.0,0.0,0,0.0,0
6865,偉康科技,資訊服務業,1.53,459035000.0,300022875.8169935,0.37,242409265.4824772,0.81,33.92,187.34,14.42,201.76,11.68,163.43,27.48,26.0,1.06,0.45,6.29,22.61,38,8.04,3
5432,新門,光電業,2.3,194274000.0,84466956.52173914,0.81,211567946.88024312,2.5,117.11,143.53,55.81,199.34,139.52,498.35,292.78,135.5,2.16,1.03,3.68,34.67,32,21.99,148
8091,翔名,電子零組件業,5.91,2104250000.0,356049069.37394243,3.12,2830932954.3181667,7.95,21.3,26.11,12.96,39.07,103.03,310.61,169.37,265.5,0.64,0.39,1.17,35.43,32,14.15,98
4419,元勝,紡織纖維,-1.45,2678472000.0,0.0,0.0,2675335454.3008795,0.0,0.0,0.0,0.0,0.0,0.0,0.0,0.0,46.8,0.0,0.0,0.0,73.88,38,11.4,28
3465,進泰電子,電子零組件業,0.04,1723481000.0,43087025000.0,0.02,1483401448.2312052,0.03,150.05,1121.9,31.85,1153.75,0.96,34.61,4.5,29.8,0.15,0.03,1.16,11.11,25,9.93,3
6198,瑞築,半導體業,-0.23,233000.0,0.0,0.0,324430.37974683545,0.0,108.05,22.5,92.86,115.36,0.0,0.0,0.0,20.4,0.0,0.0,0.0,7.85,4,0.88,2
020026,兆豐上櫃ESG電菁N,指數投資證券(ETN),0.0,0.0,0.0,0.0,0.0,0.0,0.0,0.0,0.0,0.0,0.0,0.0,0.0,6.37,0.0,0.0,0.0,0.0,0,0.0,0
00831B,新光美債1-3,上櫃指數股票型基金(ETF),0.0,0.0,0.0,0.0,0.0,0.0,0.0,0.0,0.0,0.0,0.0,0.0,0.0,41.42,0.0,0.0,0.0,1.3,44,0.0,0
6514,芮特-KY,通信網路業,0.0,0.0,0.0,0.0,0.0,0.0,17.23,1.95,16.34,18.29,0.0,0.0,0.0,50.8,0.0,0.0,0.0,1.13,37,0.0,0
00721B,元大中國債3-5,上櫃指數股票型基金(ETF),0.0,0.0,0.0,0.0,0.0,0.0,0.0,0.0,0.0,0.0,0.0,0.0,0.0,48.06,0.0,0.0,0.0,4.67,64,0.0,0
6757,台灣虎航-創,創新版股票,5.38,16712901000.0,3106487174.7211895,2.79,20041559656.106148,6.45,12.36,9.63,8.28,17.91,53.41,115.52,79.73,58.9,1.35,0.91,1.96,67.93,183,0.21,2
1311,福聚,塑膠工業,0.0,0.0,0.0,0.0,0.0,0.0,0.0,0.0,0.0,0.0,0.0,0.0,0.0,0.0,0.0,0.0,0.0,0.0,0,0.0,0
1523,開億,電機機械,0.0,0.0,0.0,0.0,0.0,0.0,0.0,0.0,0.0,0.0,0.0,0.0,0.0,0.0,0.0,0.0,0.0,0.0,0,0.0,0
1716,永信,化學生技醫療,10.75,0.0,0.0,0.0,0.0,0.0,0.0,0.0,0.0,0.0,0.0,0.0,0.0,0.0,0.0,0.0,0.0,0.0,0,0.0,0
4733,上緯,化學工業,0.0,0.0,0.0,0.0,0.0,0.0,0.0,0.0,0.0,0.0,0.0,0.0,0.0,0.0,0.0,0.0,0.0,0.0,0,0.0,0
1601,台光,電器電纜,0.0,0.0,0.0,0.0,0.0,0.0,0.0,0.0,0.0,0.0,0.0,0.0,0.0,0.0,0.0,0.0,0.0,0.0,0,0.0,0
1230,聯成食,電器電纜,0.0,0.0,0.0,0.0,0.0,0.0,0.0,0.0,0.0,0.0,0.0,0.0,0.0,0.0,0.0,0.0,0.0,0.0,0,0.0,0
1606,歌林,電器電纜,0.0,0.0,0.0,0.0,0.0,0.0,0.0,0.0,0.0,0.0,0.0,0.0,0.0,0.0,0.0,0.0,0.0,0.0,0,0.0,0
6949,沛爾生醫-創,創新版股票,-7.23,30919000.0,0.0,0.0,24050168.263473053,0.0,0.0,0.0,0.0,0.0,0.0,0.0,0.0,644.0,0.0,0.0,0.0,6.87,23,265.8,98
2447,鼎新,電子工業,0.0,0.0,0.0,0.0,0.0,0.0,0.0,0.0,0.0,0.0,0.0,0.0,0.0,0.0,0.0,0.0,0.0,0.0,0,0.0,0
6012,金鼎證,金融保險,0.0,0.0,0.0,0.0,0.0,0.0,0.0,0.0,0.0,0.0,0.0,0.0,0.0,0.0,0.0,0.0,0.0,0.0,0,0.0,0
911868,同方友友-DR,存託憑證,0.0,0.0,0.0,0.0,0.0,0.0,0.0,0.0,0.0,0.0,0.0,0.0,0.0,1.31,0.0,0.0,0.0,59.23,24,17.6,60
6951,青新-創,創新版股票,5.39,842034000.0,156221521.33580706,2.38,1073883646.2462194,6.87,15.98,11.37,12.6,23.97,86.56,164.67,109.77,81.1,1.35,1.07,2.03,10.3,177,8.37,66
911612,滬安,存託憑證,0.0,0.0,0.0,0.0,0.0,0.0,0.0,0.0,0.0,0.0,0.0,0.0,0.0,0.0,0.0,0.0,0.0,0.0,0,0.0,0
910069,新曄,存託憑證,0.0,0.0,0.0,0.0,0.0,0.0,0.0,0.0,0.0,0.0,0.0,0.0,0.0,0.0,0.0,0.0,0.0,0.0,0,0.0,0
020002,元富新中國N,ETN,0.0,0.0,0.0,0.0,0.0,0.0,0.0,0.0,0.0,0.0,0.0,0.0,0.0,0.0,0.0,0.0,0.0,0.0,0,0.0,0
2479,和立,電子工業,0.0,0.0,0.0,0.0,0.0,0.0,0.0,0.0,0.0,0.0,0.0,0.0,0.0,0.0,0.0,0.0,0.0,0.0,0,0.0,0
910861,神州-DR,存託憑證,0.0,0.0,0.0,0.0,0.0,0.0,0.0,0.0,0.0,0.0,0.0,0.0,0.0,4.66,0.0,0.0,0.0,5.34,179,6.73,109
2827,中聯,金融保險,0.0,0.0,0.0,0.0,0.0,0.0,0.0,0.0,0.0,0.0,0.0,0.0,0.0,0.0,0.0,0.0,0.0,0.0,0,0.0,0
2831,中華銀,金融保險,0.0,0.0,0.0,0.0,0.0,0.0,0.0,0.0,0.0,0.0,0.0,0.0,0.0,0.0,0.0,0.0,0.0,0.0,0,0.0,0
020004,兆豐電菁英30N,ETN,0.0,0.0,0.0,0.0,0.0,0.0,0.0,0.0,0.0,0.0,0.0,0.0,0.0,0.0,0.0,0.0,0.0,0.0,0,0.0,0
3020,奇普仕,電子工業,0.0,0.0,0.0,0.0,0.0,0.0,0.0,0.0,0.0,0.0,0.0,0.0,0.0,0.0,0.0,0.0,0.0,0.0,0,0.0,0
6004,元京證,金融保險,0.0,0.0,0.0,0.0,0.0,0.0,0.0,0.0,0.0,0.0,0.0,0.0,0.0,0.0,0.0,0.0,0.0,0.0,0,0.0,0
911611,中泰山-DR,存託憑證,0.0,0.0,0.0,0.0,0.0,0.0,0.0,0.0,0.0,0.0,0.0,0.0,0.0,0.0,0.0,0.0,0.0,0.0,0,0.0,0
020005,永豐外資50N,ETN,0.0,0.0,0.0,0.0,0.0,0.0,0.0,0.0,0.0,0.0,0.0,0.0,0.0,0.0,0.0,0.0,0.0,0.0,0,0.0,0
6255,奈普,電子工業,0.0,0.0,0.0,0.0,0.0,0.0,0.0,0.0,0.0,0.0,0.0,0.0,0.0,0.0,0.0,0.0,0.0,0.0,0,0.0,0
9102,東亞科,存託憑證,0.0,0.0,0.0,0.0,0.0,0.0,0.0,0.0,0.0,0.0,0.0,0.0,0.0,0.0,0.0,0.0,0.0,0.0,0,0.0,0
2446,全懋,半導體業,0.0,0.0,0.0,0.0,0.0,0.0,0.0,0.0,0.0,0.0,0.0,0.0,0.0,0.0,0.0,0.0,0.0,0.0,0,0.0,0
911609,揚子江,存託憑證,0.0,0.0,0.0,0.0,0.0,0.0,0.0,0.0,0.0,0.0,0.0,0.0,0.0,0.0,0.0,0.0,0.0,0.0,0,0.0,0
911610,聯環,存託憑證,0.0,0.0,0.0,0.0,0.0,0.0,0.0,0.0,0.0,0.0,0.0,0.0,0.0,0.0,0.0,0.0,0.0,0.0,0,0.0,0
910948,融達,存託憑證,0.0,0.0,0.0,0.0,0.0,0.0,0.0,0.0,0.0,0.0,0.0,0.0,0.0,0.0,0.0,0.0,0.0,0.0,0,0.0,0
9106,新焦點-DR,存託憑證,0.0,0.0,0.0,0.0,0.0,0.0,0.0,0.0,0.0,0.0,0.0,0.0,0.0,0.0,0.0,0.0,0.0,0.0,0,0.0,0
8078,華寶,通信網路業,0.0,0.0,0.0,0.0,0.0,0.0,0.0,0.0,0.0,0.0,0.0,0.0,0.0,0.0,0.0,0.0,0.0,0.0,0,0.0,0
2807,竹商銀,金融保險,1.88,0.0,0.0,0.0,0.0,0.0,0.0,0.0,0.0,0.0,0.0,0.0,0.0,0.0,0.0,0.0,0.0,0.0,0,0.0,0
9110,越南控-DR,存託憑證,0.0,0.0,0.0,0.0,0.0,0.0,0.0,0.0,0.0,0.0,0.0,0.0,0.0,3.04,0.0,0.0,0.0,16.41,156,0.0,0
2336,致伸,電子工業,0.0,0.0,0.0,0.0,0.0,0.0,0.0,0.0,0.0,0.0,0.0,0.0,0.0,0.0,0.0,0.0,0.0,0.0,0,0.0,0
9101,福雷電,存託憑證,0.0,0.0,0.0,0.0,0.0,0.0,0.0,0.0,0.0,0.0,0.0,0.0,0.0,0.0,0.0,0.0,0.0,0.0,0,0.0,0
3063,飛信,電子工業,0.0,0.0,0.0,0.0,0.0,0.0,0.0,0.0,0.0,0.0,0.0,0.0,0.0,0.0,0.0,0.0,0.0,0.0,0,0.0,0
2463,研揚,電子工業,0.0,0.0,0.0,0.0,0.0,0.0,0.0,0.0,0.0,0.0,0.0,0.0,0.0,0.0,0.0,0.0,0.0,0.0,0,0.0,0
020007,凱基臺灣500N,ETN,0.0,0.0,0.0,0.0,0.0,0.0,0.0,0.0,0.0,0.0,0.0,0.0,0.0,0.0,0.0,0.0,0.0,0.0,0,0.0,0
2473,思源,電子工業,0.0,0.0,0.0,0.0,0.0,0.0,0.0,0.0,0.0,0.0,0.0,0.0,0.0,0.0,0.0,0.0,0.0,0.0,0,0.0,0
5854,合庫,金融保險,1.59,0.0,0.0,0.0,0.0,0.0,0.0,0.0,0.0,0.0,0.0,0.0,0.0,0.0,0.0,0.0,0.0,0.0,0,0.0,0
9922,優美,其他,0.0,0.0,0.0,0.0,0.0,0.0,0.0,0.0,0.0,0.0,0.0,0.0,0.0,0.0,0.0,0.0,0.0,0.0,0,0.0,0
1107,建台,其他,0.0,0.0,0.0,0.0,0.0,0.0,0.0,0.0,0.0,0.0,0.0,0.0,0.0,0.0,0.0,0.0,0.0,0.0,0,0.0,0
8008,建興電,電腦及週邊設備業,0.0,0.0,0.0,0.0,0.0,0.0,0.0,0.0,0.0,0.0,0.0,0.0,0.0,0.0,0.0,0.0,0.0,0.0,0,0.0,0
3367,英華達,其他電子業,0.0,0.0,0.0,0.0,0.0,0.0,0.0,0.0,0.0,0.0,0.0,0.0,0.0,0.0,0.0,0.0,0.0,0.0,0,0.0,0
3214,元砷,電子工業,0.0,0.0,0.0,0.0,0.0,0.0,0.0,0.0,0.0,0.0,0.0,0.0,0.0,0.0,0.0,0.0,0.0,0.0,0,0.0,0
3474,華亞科,半導體業,0.0,0.0,0.0,0.0,0.0,0.0,0.0,0.0,0.0,0.0,0.0,0.0,0.0,0.0,0.0,0.0,0.0,0.0,0,0.0,0
9915,億豐,其他,0.0,0.0,0.0,0.0,0.0,0.0,0.0,0.0,0.0,0.0,0.0,0.0,0.0,0.0,0.0,0.0,0.0,0.0,0,0.0,0
6854,錼創科技-KY創,創新版股票,-0.98,1357523000.0,0.0,0.0,895741479.4252877,0.0,240.71,258.04,162.5,420.54,0.0,0.0,0.0,148.0,0.0,0.0,0.0,112.12,141,40.71,25
2258,鴻華先進-創,創新版股票,-2.15,4269199000.0,0.0,0.0,2521255401.5398774,0.0,0.0,0.0,0.0,0.0,0.0,0.0,0.0,32.95,0.0,0.0,0.0,11.11,23,4.62,58
2469,力信,電子工業,0.0,0.0,0.0,0.0,0.0,0.0,0.0,0.0,0.0,0.0,0.0,0.0,0.0,0.0,0.0,0.0,0.0,0.0,0,0.0,0
2350,環電,電子工業,0.0,0.0,0.0,0.0,0.0,0.0,0.0,0.0,0.0,0.0,0.0,0.0,0.0,0.0,0.0,0.0,0.0,0.0,0,0.0,0
6534,正瀚-創,創新版股票,4.52,1800744000.0,398394690.2654868,3.14,1866146959.8184457,4.68,20.89,18.35,15.55,33.9,72.77,158.65,97.76,93.0,1.05,0.78,1.71,0.12,15,53.26,86
6702,興航,航運業,0.0,0.0,0.0,0.0,0.0,0.0,0.0,0.0,0.0,0.0,0.0,0.0,0.0,0.0,0.0,0.0,0.0,0.0,0,0.0,0
6794,向榮生技-創,創新版股票,-1.89,34051000.0,0.0,0.0,16356959.424083771,0.0,0.0,0.0,0.0,0.0,0.0,0.0,0.0,82.7,0.0,0.0,0.0,1.8,4,52.73,112
911622,泰聚亨-DR,存託憑證,0.0,0.0,0.0,0.0,0.0,0.0,0.0,0.0,0.0,0.0,0.0,0.0,0.0,3.63,0.0,0.0,0.0,21.64,23,1.71,78
020008,元大特股高息N,ETN,0.0,0.0,0.0,0.0,0.0,0.0,0.0,0.0,0.0,0.0,0.0,0.0,0.0,0.0,0.0,0.0,0.0,0.0,0,0.0,0
3697,F-晨星,半導體業,0.0,0.0,0.0,0.0,0.0,0.0,0.0,0.0,0.0,0.0,0.0,0.0,0.0,0.0,0.0,0.0,0.0,0.0,0,0.0,0
910708,恒大健-DR,存託憑證,0.0,0.0,0.0,0.0,0.0,0.0,0.0,0.0,0.0,0.0,0.0,0.0,0.0,0.0,0.0,0.0,0.0,0.0,0,0.0,0
2361,鴻友,電腦及週邊設備業,0.0,0.0,0.0,0.0,0.0,0.0,0.0,0.0,0.0,0.0,0.0,0.0,0.0,0.0,0.0,0.0,0.0,0.0,0,0.0,0
2341,英群,電子工業,0.0,0.0,0.0,0.0,0.0,0.0,0.0,0.0,0.0,0.0,0.0,0.0,0.0,0.0,0.0,0.0,0.0,0.0,0,0.0,0
3702A,大聯大甲特,電子通路業,0.0,0.0,0.0,0.0,0.0,0.0,0.0,0.0,0.0,0.0,0.0,0.0,0.0,51.7,0.0,0.0,0.0,5.32,168,0.0,0
911608,明輝-DR,存託憑證,0.0,0.0,0.0,0.0,0.0,0.0,0.0,0.0,0.0,0.0,0.0,0.0,0.0,2.82,0.0,0.0,0.0,45.48,35,0.0,0
020006,永昌中小300N,ETN,0.0,0.0,0.0,0.0,0.0,0.0,0.0,0.0,0.0,0.0,0.0,0.0,0.0,0.0,0.0,0.0,0.0,0.0,0,0.0,0
911616,杜康-DR,存託憑證,0.0,0.0,0.0,0.0,0.0,0.0,0.0,0.0,0.0,0.0,0.0,0.0,0.0,0.0,0.0,0.0,0.0,0.0,0,0.0,0
020022,元大電動車N,ETN,0.0,0.0,0.0,0.0,0.0,0.0,0.0,0.0,0.0,0.0,0.0,0.0,0.0,0.0,0.0,0.0,0.0,0.0,0,0.0,0
3534,雷凌,半導體業,0.0,0.0,0.0,0.0,0.0,0.0,0.0,0.0,0.0,0.0,0.0,0.0,0.0,0.0,0.0,0.0,0.0,0.0,0,0.0,0
0081,恒香港,ETF,0.0,0.0,0.0,0.0,0.0,0.0,0.0,0.0,0.0,0.0,0.0,0.0,0.0,0.0,0.0,0.0,0.0,0.0,0,0.0,0
0080,恒中國,ETF,0.0,0.0,0.0,0.0,0.0,0.0,0.0,0.0,0.0,0.0,0.0,0.0,0.0,0.0,0.0,0.0,0.0,0.0,0,0.0,0
2254,巨鎧精密-創,創新版股票,-0.84,521879000.0,0.0,0.0,127003823.62957199,0.0,0.0,0.0,0.0,0.0,0.0,0.0,0.0,67.0,0.0,0.0,0.0,18.52,92,4.74,31
911619,耀傑-DR,存託憑證,0.0,0.0,0.0,0.0,0.0,0.0,0.0,0.0,0.0,0.0,0.0,0.0,0.0,0.0,0.0,0.0,0.0,0.0,0,0.0,0
6924,榮惠-KY創,創新版股票,5.69,1708679000.0,300295079.08611596,2.75,1906658671.7754235,6.35,13.27,20.3,6.99,27.29,44.39,173.29,84.26,176.0,0.48,0.25,0.98,2.02,3,7.59,31
910801,金衛-DR,存託憑證,0.0,0.0,0.0,0.0,0.0,0.0,0.0,0.0,0.0,0.0,0.0,0.0,0.0,0.0,0.0,0.0,0.0,0.0,0,0.0,0
2418,雅新,電子工業,0.0,0.0,0.0,0.0,0.0,0.0,0.0,0.0,0.0,0.0,0.0,0.0,0.0,0.0,0.0,0.0,0.0,0.0,0,0.0,0
2833,台壽保,金融保險,3.35,0.0,0.0,0.0,0.0,0.0,0.0,0.0,0.0,0.0,0.0,0.0,0.0,0.0,0.0,0.0,0.0,0.0,0,0.0,0
2833A,台壽甲,金融保險,0.0,0.0,0.0,0.0,0.0,0.0,0.0,0.0,0.0,0.0,0.0,0.0,0.0,0.0,0.0,0.0,0.0,0.0,0,0.0,0
913889,大成糖,存託憑證,0.0,0.0,0.0,0.0,0.0,0.0,0.0,0.0,0.0,0.0,0.0,0.0,0.0,0.0,0.0,0.0,0.0,0.0,0,0.0,0
2315,神達,電子工業,0.0,0.0,0.0,0.0,0.0,0.0,0.0,0.0,0.0,0.0,0.0,0.0,0.0,0.0,0.0,0.0,0.0,0.0,0,0.0,0
2411,飛瑞,其他電子業,0.0,0.0,0.0,0.0,0.0,0.0,0.0,0.0,0.0,0.0,0.0,0.0,0.0,0.0,0.0,0.0,0.0,0.0,0,0.0,0
2391,合勤,電子工業,0.0,0.0,0.0,0.0,0.0,0.0,0.0,0.0,0.0,0.0,0.0,0.0,0.0,0.0,0.0,0.0,0.0,0.0,0,0.0,0
3598,奕力,半導體業,0.0,0.0,0.0,0.0,0.0,0.0,0.0,0.0,0.0,0.0,0.0,0.0,0.0,0.0,0.0,0.0,0.0,0.0,0,0.0,0
3599,旺能,光電業,0.0,0.0,0.0,0.0,0.0,0.0,0.0,0.0,0.0,0.0,0.0,0.0,0.0,0.0,0.0,0.0,0.0,0.0,0,0.0,0
00732,國泰RMB短期報酬,ETF,0.0,0.0,0.0,0.0,0.0,0.0,0.0,0.0,0.0,0.0,0.0,0.0,0.0,0.0,0.0,0.0,0.0,0.0,0,0.0,0
2403,友尚,電子通路業,0.0,0.0,0.0,0.0,0.0,0.0,0.0,0.0,0.0,0.0,0.0,0.0,0.0,0.0,0.0,0.0,0.0,0.0,0,0.0,0
5280,F-敦泰,電子工業,0.0,0.0,0.0,0.0,0.0,0.0,0.0,0.0,0.0,0.0,0.0,0.0,0.0,0.0,0.0,0.0,0.0,0.0,0,0.0,0
911606,超級,存託憑證,0.0,0.0,0.0,0.0,0.0,0.0,0.0,0.0,0.0,0.0,0.0,0.0,0.0,0.0,0.0,0.0,0.0,0.0,0,0.0,0
3614,誠致,半導體業,0.0,0.0,0.0,0.0,0.0,0.0,0.0,0.0,0.0,0.0,0.0,0.0,0.0,0.0,0.0,0.0,0.0,0.0,0,0.0,0
00866,新光Shiller CAPE,ETF,0.0,0.0,0.0,0.0,0.0,0.0,0.0,0.0,0.0,0.0,0.0,0.0,0.0,0.0,0.0,0.0,0.0,0.0,0,0.0,0
2887C,新丙特,金融保險,0.0,0.0,0.0,0.0,0.0,0.0,0.0,0.0,0.0,0.0,0.0,0.0,0.0,0.0,0.0,0.0,0.0,0.0,0,0.0,0
6902,GOGOLOOK-創,創新版股票,1.58,1032296000.0,653351898.7341772,0.77,1277976701.8548024,1.96,360.75,640.45,37.88,678.33,74.24,1329.53,707.08,147.0,4.81,0.51,9.04,18.37,11,0.0,0
3573,穎台,電子工業,0.0,0.0,0.0,0.0,0.0,0.0,0.0,0.0,0.0,0.0,0.0,0.0,0.0,0.0,0.0,0.0,0.0,0.0,0,0.0,0
9188,精熙-DR,存託憑證,0.0,0.0,0.0,0.0,0.0,0.0,0.0,0.0,0.0,0.0,0.0,0.0,0.0,0.0,0.0,0.0,0.0,0.0,0,0.0,0
3142,遠茂,電子工業,0.0,0.0,0.0,0.0,0.0,0.0,0.0,0.0,0.0,0.0,0.0,0.0,0.0,0.0,0.0,0.0,0.0,0.0,0,0.0,0
9136,巨騰-DR,存託憑證,0.0,0.0,0.0,0.0,0.0,0.0,0.0,0.0,0.0,0.0,0.0,0.0,0.0,12.15,0.0,0.0,0.0,30.64,23,20.76,135
2891A,中信特,金融保險,0.0,0.0,0.0,0.0,0.0,0.0,0.0,0.0,0.0,0.0,0.0,0.0,0.0,0.0,0.0,0.0,0.0,0.0,0,0.0,0
910322,康師傅-DR,存託憑證,0.0,0.0,0.0,0.0,0.0,0.0,0.0,0.0,0.0,0.0,0.0,0.0,0.0,24.45,0.0,0.0,0.0,26.97,134,1.84,7
3584,介面,電子工業,0.0,0.0,0.0,0.0,0.0,0.0,0.0,0.0,0.0,0.0,0.0,0.0,0.0,0.0,0.0,0.0,0.0,0.0,0,0.0,0
9157,陽光能源-DR,存託憑證,0.0,0.0,0.0,0.0,0.0,0.0,0.0,0.0,0.0,0.0,0.0,0.0,0.0,0.0,0.0,0.0,0.0,0.0,0,0.0,0
911602,華豐泰,存託憑證,0.0,0.0,0.0,0.0,0.0,0.0,0.0,0.0,0.0,0.0,0.0,0.0,0.0,0.0,0.0,0.0,0.0,0.0,0,0.0,0
2494,廣業科,通信網路業,0.0,0.0,0.0,0.0,0.0,0.0,0.0,0.0,0.0,0.0,0.0,0.0,0.0,0.0,0.0,0.0,0.0,0.0,0,0.0,0
3271,其樂達,半導體業,0.0,0.0,0.0,0.0,0.0,0.0,0.0,0.0,0.0,0.0,0.0,0.0,0.0,0.0,0.0,0.0,0.0,0.0,0,0.0,0
6280,崇貿,電子工業,0.0,0.0,0.0,0.0,0.0,0.0,0.0,0.0,0.0,0.0,0.0,0.0,0.0,0.0,0.0,0.0,0.0,0.0,0,0.0,0
9104,萬宇科,存託憑證,0.0,0.0,0.0,0.0,0.0,0.0,0.0,0.0,0.0,0.0,0.0,0.0,0.0,0.0,0.0,0.0,0.0,0.0,0,0.0,0
3150,鈺寶-創,創新版股票,-0.21,305785000.0,0.0,0.0,284727288.38842636,0.0,69.33,113.89,23.61,137.5,0.0,0.0,0.0,20.4,0.0,0.0,0.0,1.96,1,6.5,94
2452,乾坤,電子工業,0.0,0.0,0.0,0.0,0.0,0.0,0.0,0.0,0.0,0.0,0.0,0.0,0.0,0.0,0.0,0.0,0.0,0.0,0,0.0,0
2396,精碟,電子工業,0.0,0.0,0.0,0.0,0.0,0.0,0.0,0.0,0.0,0.0,0.0,0.0,0.0,0.0,0.0,0.0,0.0,0.0,0,0.0,0
00906,大華元宇宙科技50,ETF,0.0,0.0,0.0,0.0,0.0,0.0,0.0,0.0,0.0,0.0,0.0,0.0,0.0,0.0,0.0,0.0,0.0,0.0,0,0.0,0
916665,爾必達,存託憑證,0.0,0.0,0.0,0.0,0.0,0.0,0.0,0.0,0.0,0.0,0.0,0.0,0.0,0.0,0.0,0.0,0.0,0.0,0,0.0,0
6771,平和環保-創,創新版股票,3.64,630138000.0,173114835.16483516,1.3,518747717.2053995,3.0,13.31,5.54,10.29,15.83,30.87,47.49,39.92,42.2,0.95,0.73,1.13,5.11,31,3.45,10
6988,威力暘-創,創新版股票,-1.13,788074000.0,0.0,0.0,674185550.7508831,0.0,1202.03,2922.29,37.71,2960.0,0.0,0.0,0.0,15.35,0.0,0.0,0.0,17.93,105,0.0,0
9151,旺旺,存託憑證,0.0,0.0,0.0,0.0,0.0,0.0,0.0,0.0,0.0,0.0,0.0,0.0,0.0,0.0,0.0,0.0,0.0,0.0,0,0.0,0
3061,璨圓,電子工業,0.0,0.0,0.0,0.0,0.0,0.0,0.0,0.0,0.0,0.0,0.0,0.0,0.0,0.0,0.0,0.0,0.0,0.0,0,0.0,0
00729R,第一金工業30反1,ETF,0.0,0.0,0.0,0.0,0.0,0.0,0.0,0.0,0.0,0.0,0.0,0.0,0.0,0.0,0.0,0.0,0.0,0.0,0,0.0,0
8199,廣鎵,電子工業,0.0,0.0,0.0,0.0,0.0,0.0,0.0,0.0,0.0,0.0,0.0,0.0,0.0,0.0,0.0,0.0,0.0,0.0,0,0.0,0
3080,威力盟,光電業,0.0,0.0,0.0,0.0,0.0,0.0,0.0,0.0,0.0,0.0,0.0,0.0,0.0,0.0,0.0,0.0,0.0,0.0,0,0.0,0
911626,MSH-DR,存託憑證,0.0,0.0,0.0,0.0,0.0,0.0,0.0,0.0,0.0,0.0,0.0,0.0,0.0,0.0,0.0,0.0,0.0,0.0,0,0.0,0
3007,綠點,電子工業,0.0,0.0,0.0,0.0,0.0,0.0,0.0,0.0,0.0,0.0,0.0,0.0,0.0,0.0,0.0,0.0,0.0,0.0,0,0.0,0
3638,F-IML,半導體業,0.0,0.0,0.0,0.0,0.0,0.0,0.0,0.0,0.0,0.0,0.0,0.0,0.0,0.0,0.0,0.0,0.0,0.0,0,0.0,0
6286,立錡,半導體業,0.0,0.0,0.0,0.0,0.0,0.0,0.0,0.0,0.0,0.0,0.0,0.0,0.0,0.0,0.0,0.0,0.0,0.0,0,0.0,0
8487,愛爾達-創,創新版股票,4.03,1038965000.0,257807692.3076923,2.08,1320700515.9355888,5.12,13.97,9.91,10.09,20.0,51.66,102.4,71.53,82.0,0.87,0.63,1.25,2.64,37,0.0,0
912000,晨訊科-DR,存託憑證,0.0,1672600000.0,0.0,0.0,1293266697.2175567,0.0,0.0,0.0,0.0,0.0,0.0,0.0,0.0,2.64,0.0,0.0,0.0,41.82,23,12.18,136
912398,友佳-DR,存託憑證,0.0,0.0,0.0,0.0,0.0,0.0,0.0,0.0,0.0,0.0,0.0,0.0,0.0,0.0,0.0,0.0,0.0,0.0,0,0.0,0
6119,大傳,電子通路業,0.0,0.0,0.0,0.0,0.0,0.0,0.0,0.0,0.0,0.0,0.0,0.0,0.0,0.0,0.0,0.0,0.0,0.0,0,0.0,0
2381,華宇,電子工業,0.0,0.0,0.0,0.0,0.0,0.0,0.0,0.0,0.0,0.0,0.0,0.0,0.0,0.0,0.0,0.0,0.0,0.0,0,0.0,0
00776,新光ICE美國權值,ETF,0.0,0.0,0.0,0.0,0.0,0.0,0.0,0.0,0.0,0.0,0.0,0.0,0.0,0.0,0.0,0.0,0.0,0.0,0,0.0,0
00767,FH美國金融股,ETF,0.0,0.0,0.0,0.0,0.0,0.0,0.0,0.0,0.0,0.0,0.0,0.0,0.0,0.0,0.0,0.0,0.0,0.0,0,0.0,0
3053,鼎營,其他電子業,0.0,0.0,0.0,0.0,0.0,0.0,0.0,0.0,0.0,0.0,0.0,0.0,0.0,0.0,0.0,0.0,0.0,0.0,0,0.0,0
2847,大眾銀,金融保險,0.0,0.0,0.0,0.0,0.0,0.0,0.0,0.0,0.0,0.0,0.0,0.0,0.0,0.0,0.0,0.0,0.0,0.0,0,0.0,0
6423,億而得-創,創新版股票,0.58,235415000.0,405887931.0344828,0.28,235941361.09558412,0.58,108.33,273.29,69.36,342.65,40.23,198.74,62.83,94.9,0.66,0.42,2.09,5.77,32,4.7,31
2854,寶來證,金融保險,0.0,0.0,0.0,0.0,0.0,0.0,0.0,0.0,0.0,0.0,0.0,0.0,0.0,0.0,0.0,0.0,0.0,0.0,0,0.0,0
00742,新光內需收益,ETF,0.0,0.0,0.0,0.0,0.0,0.0,0.0,0.0,0.0,0.0,0.0,0.0,0.0,0.0,0.0,0.0,0.0,0.0,0,0.0,0
00743,國泰中國A150,ETF,0.0,0.0,0.0,0.0,0.0,0.0,0.0,0.0,0.0,0.0,0.0,0.0,0.0,0.0,0.0,0.0,0.0,0.0,0,0.0,0
6969,成信實業*-創,創新版股票,-0.09,319390000.0,0.0,0.0,402816189.77771163,0.0,0.0,0.0,0.0,0.0,0.0,0.0,0.0,28.2,0.0,0.0,0.0,95.07,37,70.18,57
9801,力霸,貿易百貨,0.0,0.0,0.0,0.0,0.0,0.0,0.0,0.0,0.0,0.0,0.0,0.0,0.0,0.0,0.0,0.0,0.0,0.0,0,0.0,0
2384,勝華,光電業,-1.46,0.0,0.0,0.0,0.0,0.0,0.0,0.0,0.0,0.0,0.0,0.0,0.0,0.0,0.0,0.0,0.0,0.0,0,0.0,0
910482,聖馬丁-DR,存託憑證,0.0,0.0,0.0,0.0,0.0,0.0,0.0,0.0,0.0,0.0,0.0,0.0,0.0,0.0,0.0,0.0,0.0,0.0,0,0.0,0
2526,大陸,建材營造,0.0,0.0,0.0,0.0,0.0,0.0,0.0,0.0,0.0,0.0,0.0,0.0,0.0,0.0,0.0,0.0,0.0,0.0,0,0.0,0
0060,新台灣,ETF,0.0,0.0,0.0,0.0,0.0,0.0,0.0,0.0,0.0,0.0,0.0,0.0,0.0,0.0,0.0,0.0,0.0,0.0,0,0.0,0
9103,美德醫療-DR,存託憑證,0.0,0.0,0.0,0.0,0.0,0.0,0.0,0.0,0.0,0.0,0.0,0.0,0.0,5.16,0.0,0.0,0.0,19.01,35,0.0,0
3009,奇美電,光電業,0.0,0.0,0.0,0.0,0.0,0.0,0.0,0.0,0.0,0.0,0.0,0.0,0.0,0.0,0.0,0.0,0.0,0.0,0,0.0,0
00774B,新光中國政金綠債,ETF,0.0,0.0,0.0,0.0,0.0,0.0,0.0,0.0,0.0,0.0,0.0,0.0,0.0,0.0,0.0,0.0,0.0,0.0,0,0.0,0
2883A,開發特,金融保險,0.0,0.0,0.0,0.0,0.0,0.0,0.0,0.0,0.0,0.0,0.0,0.0,0.0,0.0,0.0,0.0,0.0,0.0,0,0.0,0
8162,微矽電子-創,創新版股票,1.56,1275748000.0,817787179.4871795,0.59,1238473413.6496663,1.51,30.57,48.9,16.34,65.24,24.67,98.51,46.16,80.8,0.57,0.31,1.22,5.75,158,25.03,108
910579,歐聖,存託憑證,0.0,0.0,0.0,0.0,0.0,0.0,0.0,0.0,0.0,0.0,0.0,0.0,0.0,0.0,0.0,0.0,0.0,0.0,0,0.0,0
2837,萬泰銀,金融保險,1.45,0.0,0.0,0.0,0.0,0.0,0.0,0.0,0.0,0.0,0.0,0.0,0.0,0.0,0.0,0.0,0.0,0.0,0,0.0,0
1520,復盛,其他,0.0,0.0,0.0,0.0,0.0,0.0,0.0,0.0,0.0,0.0,0.0,0.0,0.0,0.0,0.0,0.0,0.0,0.0,0,0.0,0
00774C,新光中政金綠債+R,ETF,0.0,0.0,0.0,0.0,0.0,0.0,0.0,0.0,0.0,0.0,0.0,0.0,0.0,0.0,0.0,0.0,0.0,0.0,0,0.0,0
911201,僑威控,存託憑證,0.0,0.0,0.0,0.0,0.0,0.0,0.0,0.0,0.0,0.0,0.0,0.0,0.0,0.0,0.0,0.0,0.0,0.0,0,0.0,0
6645,金萬林-創,創新版股票,-2.41,548227000.0,0.0,0.0,590651165.7269382,0.0,0.0,0.0,0.0,0.0,0.0,0.0,0.0,11.7,0.0,0.0,0.0,3.1,28,28.92,143
9105,泰金寶-DR,存託憑證,0.0,132270623000.0,0.0,0.0,121031716836.0457,0.0,0.0,0.0,0.0,0.0,0.0,0.0,0.0,9.68,0.0,0.0,0.0,105.31,172,5.39,142
00766L,台新MSCI中國正2,ETF,0.0,0.0,0.0,0.0,0.0,0.0,0.0,0.0,0.0,0.0,0.0,0.0,0.0,0.0,0.0,0.0,0.0,0.0,0,0.0,0
6457,紘康,半導體業,0.0,0.0,0.0,0.0,0.0,0.0,0.0,0.0,0.0,0.0,0.0,0.0,0.0,62.1,0.0,0.0,0.0,39.45,140,0.0,0
00791B,復華信用債1-5,上櫃指數股票型基金(ETF),0.0,0.0,0.0,0.0,0.0,0.0,0.0,0.0,0.0,0.0,0.0,0.0,0.0,56.2,0.0,0.0,0.0,2.49,65,6.55,182
00720B,元大投資級公司債,上櫃指數股票型基金(ETF),0.0,0.0,0.0,0.0,0.0,0.0,0.0,0.0,0.0,0.0,0.0,0.0,0.0,32.96,0.0,0.0,0.0,7.1,107,11.23,142
00792B,群益A級公司債,上櫃指數股票型基金(ETF),0.0,0.0,0.0,0.0,0.0,0.0,0.0,0.0,0.0,0.0,0.0,0.0,0.0,31.86,0.0,0.0,0.0,7.64,107,10.7,178
00764B,群益25年美債,上櫃指數股票型基金(ETF),0.0,0.0,0.0,0.0,0.0,0.0,0.0,0.0,0.0,0.0,0.0,0.0,0.0,27.64,0.0,0.0,0.0,11.37,100,9.85,178
00777B,凱基AAA至A公司債,上櫃指數股票型基金(ETF),0.0,0.0,0.0,0.0,0.0,0.0,0.0,0.0,0.0,0.0,0.0,0.0,0.0,32.56,0.0,0.0,0.0,7.58,107,10.13,143
00778B,凱基金融債20+,上櫃指數股票型基金(ETF),0.0,0.0,0.0,0.0,0.0,0.0,0.0,0.0,0.0,0.0,0.0,0.0,0.0,34.39,0.0,0.0,0.0,7.01,100,11.71,179
00780B,國泰A級金融債,上櫃指數股票型基金(ETF),0.0,0.0,0.0,0.0,0.0,0.0,0.0,0.0,0.0,0.0,0.0,0.0,0.0,36.85,0.0,0.0,0.0,5.41,63,8.71,182
00790B,復華次順位金融債,上櫃指數股票型基金(ETF),0.0,0.0,0.0,0.0,0.0,0.0,0.0,0.0,0.0,0.0,0.0,0.0,0.0,53.2,0.0,0.0,0.0,6.25,100,0.0,0
00793B,群益AAA-A醫療債,上櫃指數股票型基金(ETF),0.0,0.0,0.0,0.0,0.0,0.0,0.0,0.0,0.0,0.0,0.0,0.0,0.0,30.81,0.0,0.0,0.0,7.91,107,11.0,178
00773B,中信優先金融債,上櫃指數股票型基金(ETF),0.0,0.0,0.0,0.0,0.0,0.0,0.0,0.0,0.0,0.0,0.0,0.0,0.0,35.72,0.0,0.0,0.0,6.66,100,11.47,178
00785B,富邦金融投等債,上櫃指數股票型基金(ETF),0.0,0.0,0.0,0.0,0.0,0.0,0.0,0.0,0.0,0.0,0.0,0.0,0.0,34.83,0.0,0.0,0.0,6.16,100,11.06,179
00782B,國泰A級公用債,上櫃指數股票型基金(ETF),0.0,0.0,0.0,0.0,0.0,0.0,0.0,0.0,0.0,0.0,0.0,0.0,0.0,30.35,0.0,0.0,0.0,7.51,107,10.56,137
00786B,元大10年IG銀行債,上櫃指數股票型基金(ETF),0.0,0.0,0.0,0.0,0.0,0.0,0.0,0.0,0.0,0.0,0.0,0.0,0.0,32.52,0.0,0.0,0.0,5.86,107,11.58,178
00697B,元大美債7-10,上櫃指數股票型基金(ETF),0.0,0.0,0.0,0.0,0.0,0.0,0.0,0.0,0.0,0.0,0.0,0.0,0.0,35.36,0.0,0.0,0.0,6.53,63,8.3,182
00781B,國泰A級科技債,上櫃指數股票型基金(ETF),0.0,0.0,0.0,0.0,0.0,0.0,0.0,0.0,0.0,0.0,0.0,0.0,0.0,28.71,0.0,0.0,0.0,6.81,100,8.54,178
00787B,元大10年IG醫療債,上櫃指數股票型基金(ETF),0.0,0.0,0.0,0.0,0.0,0.0,0.0,0.0,0.0,0.0,0.0,0.0,0.0,32.59,0.0,0.0,0.0,6.55,100,11.64,179
00788B,元大10年IG電能債,上櫃指數股票型基金(ETF),0.0,0.0,0.0,0.0,0.0,0.0,0.0,0.0,0.0,0.0,0.0,0.0,0.0,29.87,0.0,0.0,0.0,7.38,107,11.39,142
00719B,元大美債1-3,上櫃指數股票型基金(ETF),0.0,0.0,0.0,0.0,0.0,0.0,0.0,0.0,0.0,0.0,0.0,0.0,0.0,30.72,0.0,0.0,0.0,1.9,42,5.36,182
00779B,凱基美債25+,上櫃指數股票型基金(ETF),0.0,0.0,0.0,0.0,0.0,0.0,0.0,0.0,0.0,0.0,0.0,0.0,0.0,28.01,0.0,0.0,0.0,11.44,100,10.28,178
00772B,中信高評級公司債,上櫃指數股票型基金(ETF),0.0,0.0,0.0,0.0,0.0,0.0,0.0,0.0,0.0,0.0,0.0,0.0,0.0,33.57,0.0,0.0,0.0,7.08,100,10.18,178
00761B,國泰A級公司債,上櫃指數股票型基金(ETF),0.0,0.0,0.0,0.0,0.0,0.0,0.0,0.0,0.0,0.0,0.0,0.0,0.0,34.31,0.0,0.0,0.0,7.35,107,10.66,143
00789B,復華公司債A3,上櫃指數股票型基金(ETF),0.0,0.0,0.0,0.0,0.0,0.0,0.0,0.0,0.0,0.0,0.0,0.0,0.0,48.32,0.0,0.0,0.0,7.92,107,10.47,137
00768B,復華20年美債,上櫃指數股票型基金(ETF),0.0,0.0,0.0,0.0,0.0,0.0,0.0,0.0,0.0,0.0,0.0,0.0,0.0,49.5,0.0,0.0,0.0,12.16,100,9.62,143
00679B,元大美債20年,上櫃指數股票型基金(ETF),0.0,0.0,0.0,0.0,0.0,0.0,0.0,0.0,0.0,0.0,0.0,0.0,0.0,26.33,0.0,0.0,0.0,11.34,63,10.99,143
00784B,富邦中國投等債,上櫃指數股票型基金(ETF),0.0,0.0,0.0,0.0,0.0,0.0,0.0,0.0,0.0,0.0,0.0,0.0,0.0,39.32,0.0,0.0,0.0,3.21,63,0.0,0
00722B,群益投資級電信債,上櫃指數股票型基金(ETF),0.0,0.0,0.0,0.0,0.0,0.0,0.0,0.0,0.0,0.0,0.0,0.0,0.0,35.99,0.0,0.0,0.0,7.04,107,10.11,137
00794B,群益7+中國政金債,上櫃指數股票型基金(ETF),0.0,0.0,0.0,0.0,0.0,0.0,0.0,0.0,0.0,0.0,0.0,0.0,0.0,39.82,0.0,0.0,0.0,5.35,63,1.53,80
00958B,永豐ESG銀行債15+,上櫃指數股票型基金(ETF),0.0,0.0,0.0,0.0,0.0,0.0,0.0,0.0,0.0,0.0,0.0,0.0,0.0,9.24,0.0,0.0,0.0,0.7,1,11.55,178
00959B,大華投等美債15Y+,上櫃指數股票型基金(ETF),0.0,0.0,0.0,0.0,0.0,0.0,0.0,0.0,0.0,0.0,0.0,0.0,0.0,9.38,0.0,0.0,0.0,1.89,21,10.03,143
00740B,富邦全球投等債,上櫃指數股票型基金(ETF),0.0,0.0,0.0,0.0,0.0,0.0,0.0,0.0,0.0,0.0,0.0,0.0,0.0,38.59,0.0,0.0,0.0,4.92,107,10.18,178
00862B,中信投資級公司債,上櫃指數股票型基金(ETF),0.0,0.0,0.0,0.0,0.0,0.0,0.0,0.0,0.0,0.0,0.0,0.0,0.0,31.9,0.0,0.0,0.0,6.16,102,10.45,178
00966B,統一ESG投等債15+,上櫃指數股票型基金(ETF),0.0,0.0,0.0,0.0,0.0,0.0,0.0,0.0,0.0,0.0,0.0,0.0,0.0,13.99,0.0,0.0,0.0,2.83,78,10.38,148
00967B,元大優息美債,上櫃指數股票型基金(ETF),0.0,0.0,0.0,0.0,0.0,0.0,0.0,0.0,0.0,0.0,0.0,0.0,0.0,9.02,0.0,0.0,0.0,2.4,119,8.9,178
00968B,元大優息投等債,上櫃指數股票型基金(ETF),0.0,0.0,0.0,0.0,0.0,0.0,0.0,0.0,0.0,0.0,0.0,0.0,0.0,9.25,0.0,0.0,0.0,0.0,0,9.69,142
00969B,元大零息超長美債,上櫃指數股票型基金(ETF),0.0,0.0,0.0,0.0,0.0,0.0,0.0,0.0,0.0,0.0,0.0,0.0,0.0,8.2,0.0,0.0,0.0,0.0,0,16.21,143
00860B,群益1-5Y投資級債,上櫃指數股票型基金(ETF),0.0,0.0,0.0,0.0,0.0,0.0,0.0,0.0,0.0,0.0,0.0,0.0,0.0,37.59,0.0,0.0,0.0,3.91,63,5.86,176
00970B,新光BBB投等債20+,上櫃指數股票型基金(ETF),0.0,0.0,0.0,0.0,0.0,0.0,0.0,0.0,0.0,0.0,0.0,0.0,0.0,9.37,0.0,0.0,0.0,3.12,77,10.03,148
00741B,富邦全球非投等債,上櫃指數股票型基金(ETF),0.0,0.0,0.0,0.0,0.0,0.0,0.0,0.0,0.0,0.0,0.0,0.0,0.0,36.96,0.0,0.0,0.0,3.03,164,5.05,182
00859B,群益0-1年美債,上櫃指數股票型基金(ETF),0.0,0.0,0.0,0.0,0.0,0.0,0.0,0.0,0.0,0.0,0.0,0.0,0.0,40.78,0.0,0.0,0.0,1.75,183,4.38,183
00746B,富邦A級公司債,上櫃指數股票型基金(ETF),0.0,0.0,0.0,0.0,0.0,0.0,0.0,0.0,0.0,0.0,0.0,0.0,0.0,35.4,0.0,0.0,0.0,6.51,107,10.33,179
00749B,凱基新興債10+,上櫃指數股票型基金(ETF),0.0,0.0,0.0,0.0,0.0,0.0,0.0,0.0,0.0,0.0,0.0,0.0,0.0,31.6,0.0,0.0,0.0,6.27,107,13.76,178
00750B,凱基科技債10+,上櫃指數股票型基金(ETF),0.0,0.0,0.0,0.0,0.0,0.0,0.0,0.0,0.0,0.0,0.0,0.0,0.0,33.14,0.0,0.0,0.0,7.06,107,9.65,137
00751B,元大AAA至A公司債,上櫃指數股票型基金(ETF),0.0,0.0,0.0,0.0,0.0,0.0,0.0,0.0,0.0,0.0,0.0,0.0,0.0,31.69,0.0,0.0,0.0,7.36,100,10.16,178
00857B,永豐20年美公債,上櫃指數股票型基金(ETF),0.0,0.0,0.0,0.0,0.0,0.0,0.0,0.0,0.0,0.0,0.0,0.0,0.0,23.05,0.0,0.0,0.0,11.05,100,9.98,178
00856B,永豐1-3年美公債,上櫃指數股票型基金(ETF),0.0,0.0,0.0,0.0,0.0,0.0,0.0,0.0,0.0,0.0,0.0,0.0,0.0,37.4,0.0,0.0,0.0,2.12,63,4.52,183
00754B,群益AAA-AA公司債,上櫃指數股票型基金(ETF),0.0,0.0,0.0,0.0,0.0,0.0,0.0,0.0,0.0,0.0,0.0,0.0,0.0,33.38,0.0,0.0,0.0,8.07,107,10.62,148
00755B,群益投資級公用債,上櫃指數股票型基金(ETF),0.0,0.0,0.0,0.0,0.0,0.0,0.0,0.0,0.0,0.0,0.0,0.0,0.0,32.57,0.0,0.0,0.0,7.83,107,11.81,143
00853B,統一美債10年Aa-A,上櫃指數股票型基金(ETF),0.0,0.0,0.0,0.0,0.0,0.0,0.0,0.0,0.0,0.0,0.0,0.0,0.0,27.75,0.0,0.0,0.0,7.81,107,10.72,178
00756B,群益投等新興公債,上櫃指數股票型基金(ETF),0.0,0.0,0.0,0.0,0.0,0.0,0.0,0.0,0.0,0.0,0.0,0.0,0.0,31.14,0.0,0.0,0.0,6.92,107,14.35,164
006201,元大富櫃50,上櫃指數股票型基金(ETF),0.0,0.0,0.0,0.0,0.0,0.0,0.0,0.0,0.0,0.0,0.0,0.0,0.0,50.35,0.0,0.0,0.0,14.34,38,35.09,154
00957B,兆豐US優選投等債,上櫃指數股票型基金(ETF),0.0,0.0,0.0,0.0,0.0,0.0,0.0,0.0,0.0,0.0,0.0,0.0,0.0,13.46,0.0,0.0,0.0,1.13,8,10.2,137
00955,中信日本商社,上櫃指數股票型基金(ETF),0.0,0.0,0.0,0.0,0.0,0.0,0.0,0.0,0.0,0.0,0.0,0.0,0.0,14.74,0.0,0.0,0.0,5.25,48,26.04,179
00863B,中信全球電信債,上櫃指數股票型基金(ETF),0.0,0.0,0.0,0.0,0.0,0.0,0.0,0.0,0.0,0.0,0.0,0.0,0.0,32.27,0.0,0.0,0.0,6.31,100,9.22,179
00950B,凱基A級公司債,上櫃指數股票型基金(ETF),0.0,0.0,0.0,0.0,0.0,0.0,0.0,0.0,0.0,0.0,0.0,0.0,0.0,14.05,0.0,0.0,0.0,4.93,71,9.66,178
00886,永豐美國科技,上櫃指數股票型基金(ETF),0.0,0.0,0.0,0.0,0.0,0.0,0.0,0.0,0.0,0.0,0.0,0.0,0.0,45.02,0.0,0.0,0.0,15.65,183,19.39,149
00887,永豐中國科技50大,上櫃指數股票型基金(ETF),0.0,0.0,0.0,0.0,0.0,0.0,0.0,0.0,0.0,0.0,0.0,0.0,0.0,17.2,0.0,0.0,0.0,264.94,126,67.12,150
00888,永豐台灣ESG,上櫃指數股票型基金(ETF),0.0,0.0,0.0,0.0,0.0,0.0,0.0,0.0,0.0,0.0,0.0,0.0,0.0,35.65,0.0,0.0,0.0,13.71,38,37.83,141
00883B,中信ESG投資級債,上櫃指數股票型基金(ETF),0.0,0.0,0.0,0.0,0.0,0.0,0.0,0.0,0.0,0.0,0.0,0.0,0.0,30.98,0.0,0.0,0.0,5.71,100,9.75,148
00890B,凱基ESG BBB債15+,上櫃指數股票型基金(ETF),0.0,0.0,0.0,0.0,0.0,0.0,0.0,0.0,0.0,0.0,0.0,0.0,0.0,32.29,0.0,0.0,0.0,6.55,107,10.33,143
00696B,富邦美債20年,上櫃指數股票型基金(ETF),0.0,0.0,0.0,0.0,0.0,0.0,0.0,0.0,0.0,0.0,0.0,0.0,0.0,28.74,0.0,0.0,0.0,10.95,100,10.44,178
00723B,群益投資級科技債,上櫃指數股票型基金(ETF),0.0,0.0,0.0,0.0,0.0,0.0,0.0,0.0,0.0,0.0,0.0,0.0,0.0,30.9,0.0,0.0,0.0,7.12,107,10.04,137
00877,復華中國5G,上櫃指數股票型基金(ETF),0.0,0.0,0.0,0.0,0.0,0.0,0.0,0.0,0.0,0.0,0.0,0.0,0.0,41.57,0.0,0.0,0.0,38.34,126,134.74,149
00724B,群益投資級金融債,上櫃指數股票型基金(ETF),0.0,0.0,0.0,0.0,0.0,0.0,0.0,0.0,0.0,0.0,0.0,0.0,0.0,33.59,0.0,0.0,0.0,5.89,107,10.92,178
00725B,國泰投資級公司債,上櫃指數股票型基金(ETF),0.0,0.0,0.0,0.0,0.0,0.0,0.0,0.0,0.0,0.0,0.0,0.0,0.0,35.09,0.0,0.0,0.0,5.72,107,10.22,137
00726B,國泰新興投等債,上櫃指數股票型基金(ETF),0.0,0.0,0.0,0.0,0.0,0.0,0.0,0.0,0.0,0.0,0.0,0.0,0.0,32.7,0.0,0.0,0.0,4.48,107,10.02,143
00694B,富邦美債1-3,上櫃指數股票型基金(ETF),0.0,0.0,0.0,0.0,0.0,0.0,0.0,0.0,0.0,0.0,0.0,0.0,0.0,41.33,0.0,0.0,0.0,2.59,183,6.09,182
00727B,國泰優選非投等債,上櫃指數股票型基金(ETF),0.0,0.0,0.0,0.0,0.0,0.0,0.0,0.0,0.0,0.0,0.0,0.0,0.0,39.2,0.0,0.0,0.0,3.58,183,5.82,183
00928,中信上櫃ESG 30,上櫃指數股票型基金(ETF),0.0,0.0,0.0,0.0,0.0,0.0,0.0,0.0,0.0,0.0,0.0,0.0,0.0,39.98,0.0,0.0,0.0,9.31,38,37.18,129
00931B,統一美債20年,上櫃指數股票型基金(ETF),0.0,0.0,0.0,0.0,0.0,0.0,0.0,0.0,0.0,0.0,0.0,0.0,0.0,13.32,0.0,0.0,0.0,11.19,100,10.71,176
00867B,新光A-BBB電信債,上櫃指數股票型基金(ETF),0.0,0.0,0.0,0.0,0.0,0.0,0.0,0.0,0.0,0.0,0.0,0.0,0.0,31.13,0.0,0.0,0.0,6.98,107,10.81,143
00933B,國泰10Y+金融債,上櫃指數股票型基金(ETF),0.0,0.0,0.0,0.0,0.0,0.0,0.0,0.0,0.0,0.0,0.0,0.0,0.0,15.95,0.0,0.0,0.0,5.98,100,10.67,178
00937B,群益ESG投等債20+,上櫃指數股票型基金(ETF),0.0,0.0,0.0,0.0,0.0,0.0,0.0,0.0,0.0,0.0,0.0,0.0,0.0,14.82,0.0,0.0,0.0,6.22,107,10.35,137
00734B,台新JPM新興債,上櫃指數股票型基金(ETF),0.0,0.0,0.0,0.0,0.0,0.0,0.0,0.0,0.0,0.0,0.0,0.0,0.0,15.69,0.0,0.0,0.0,4.85,107,12.1,178
00942B,台新美A公司債20+,上櫃指數股票型基金(ETF),0.0,0.0,0.0,0.0,0.0,0.0,0.0,0.0,0.0,0.0,0.0,0.0,0.0,14.32,0.0,0.0,0.0,6.77,107,10.6,143
00695B,富邦美債7-10,上櫃指數股票型基金(ETF),0.0,0.0,0.0,0.0,0.0,0.0,0.0,0.0,0.0,0.0,0.0,0.0,0.0,34.89,0.0,0.0,0.0,6.48,63,8.54,182
00884B,中信低碳新興債,上櫃指數股票型基金(ETF),0.0,0.0,0.0,0.0,0.0,0.0,0.0,0.0,0.0,0.0,0.0,0.0,0.0,29.57,0.0,0.0,0.0,7.55,107,13.27,178
00864B,中信美國公債0-1,上櫃指數股票型基金(ETF),0.0,0.0,0.0,0.0,0.0,0.0,0.0,0.0,0.0,0.0,0.0,0.0,0.0,45.52,0.0,0.0,0.0,3.51,183,4.35,165
00948B,中信優息投資級債,上櫃指數股票型基金(ETF),0.0,0.0,0.0,0.0,0.0,0.0,0.0,0.0,0.0,0.0,0.0,0.0,0.0,9.45,0.0,0.0,0.0,5.83,98,10.56,148
00870B,元大15年EM主權債,上櫃指數股票型基金(ETF),0.0,0.0,0.0,0.0,0.0,0.0,0.0,0.0,0.0,0.0,0.0,0.0,0.0,28.25,0.0,0.0,0.0,7.22,107,13.08,178
00758B,復華能源債,上櫃指數股票型基金(ETF),0.0,0.0,0.0,0.0,0.0,0.0,0.0,0.0,0.0,0.0,0.0,0.0,0.0,51.3,0.0,0.0,0.0,6.36,63,12.4,143
00858,永豐美國500大,上櫃指數股票型基金(ETF),0.0,0.0,0.0,0.0,0.0,0.0,0.0,0.0,0.0,0.0,0.0,0.0,0.0,36.1,0.0,0.0,0.0,8.14,183,15.18,164
00842B,台新美元銀行債,上櫃指數股票型基金(ETF),0.0,0.0,0.0,0.0,0.0,0.0,0.0,0.0,0.0,0.0,0.0,0.0,0.0,30.41,0.0,0.0,0.0,6.02,100,9.87,136
00718B,富邦中國政策債,上櫃指數股票型基金(ETF),0.0,0.0,0.0,0.0,0.0,0.0,0.0,0.0,0.0,0.0,0.0,0.0,0.0,19.05,0.0,0.0,0.0,3.9,63,0.98,7
00844B,新光15年IG金融債,上櫃指數股票型基金(ETF),0.0,0.0,0.0,0.0,0.0,0.0,0.0,0.0,0.0,0.0,0.0,0.0,0.0,31.4,0.0,0.0,0.0,5.96,100,12.41,178
00759B,復華製藥債,上櫃指數股票型基金(ETF),0.0,0.0,0.0,0.0,0.0,0.0,0.0,0.0,0.0,0.0,0.0,0.0,0.0,54.2,0.0,0.0,0.0,7.88,107,11.92,143
00845B,富邦新興投等債,上櫃指數股票型基金(ETF),0.0,0.0,0.0,0.0,0.0,0.0,0.0,0.0,0.0,0.0,0.0,0.0,0.0,32.99,0.0,0.0,0.0,4.72,126,10.93,179
00846B,富邦歐洲銀行債,上櫃指數股票型基金(ETF),0.0,0.0,0.0,0.0,0.0,0.0,0.0,0.0,0.0,0.0,0.0,0.0,0.0,35.53,0.0,0.0,0.0,4.27,60,9.06,179
00795B,中信美國公債20年,上櫃指數股票型基金(ETF),0.0,0.0,0.0,0.0,0.0,0.0,0.0,0.0,0.0,0.0,0.0,0.0,0.0,26.53,0.0,0.0,0.0,11.18,63,10.79,143
00840B,凱基IG精選15+,上櫃指數股票型基金(ETF),0.0,0.0,0.0,0.0,0.0,0.0,0.0,0.0,0.0,0.0,0.0,0.0,0.0,30.02,0.0,0.0,0.0,7.82,107,10.54,178
00847B,中信美國市政債,上櫃指數股票型基金(ETF),0.0,0.0,0.0,0.0,0.0,0.0,0.0,0.0,0.0,0.0,0.0,0.0,0.0,25.24,0.0,0.0,0.0,8.88,63,10.6,143
00848B,中信新興亞洲債,上櫃指數股票型基金(ETF),0.0,0.0,0.0,0.0,0.0,0.0,0.0,0.0,0.0,0.0,0.0,0.0,0.0,34.1,0.0,0.0,0.0,5.2,107,9.76,179
00849B,中信EM主權債0-5,上櫃指數股票型基金(ETF),0.0,0.0,0.0,0.0,0.0,0.0,0.0,0.0,0.0,0.0,0.0,0.0,0.0,36.92,0.0,0.0,0.0,2.56,183,5.64,182
00841B,凱基AAA-AA公司債,上櫃指數股票型基金(ETF),0.0,0.0,0.0,0.0,0.0,0.0,0.0,0.0,0.0,0.0,0.0,0.0,0.0,28.85,0.0,0.0,0.0,8.28,107,10.67,143
00799B,國泰A級醫療債,上櫃指數股票型基金(ETF),0.0,0.0,0.0,0.0,0.0,0.0,0.0,0.0,0.0,0.0,0.0,0.0,0.0,29.46,0.0,0.0,0.0,7.75,107,11.04,143
00834B,第一金金融債10+,上櫃指數股票型基金(ETF),0.0,0.0,0.0,0.0,0.0,0.0,0.0,0.0,0.0,0.0,0.0,0.0,0.0,34.02,0.0,0.0,0.0,6.73,100,11.54,178
00687B,國泰20年美債,上櫃指數股票型基金(ETF),0.0,0.0,0.0,0.0,0.0,0.0,0.0,0.0,0.0,0.0,0.0,0.0,0.0,27.67,0.0,0.0,0.0,10.97,100,10.19,178
00836B,永豐10年A公司債,上櫃指數股票型基金(ETF),0.0,0.0,0.0,0.0,0.0,0.0,0.0,0.0,0.0,0.0,0.0,0.0,0.0,28.96,0.0,0.0,0.0,7.48,107,10.76,179
00760B,復華新興企業債,上櫃指數股票型基金(ETF),0.0,0.0,0.0,0.0,0.0,0.0,0.0,0.0,0.0,0.0,0.0,0.0,0.0,53.35,0.0,0.0,0.0,5.6,107,12.66,164
020015,統一MSCI美低波N,ETN,0.0,0.0,0.0,0.0,0.0,0.0,0.0,0.0,0.0,0.0,0.0,0.0,0.0,0.0,0.0,0.0,0.0,0.0,0,0.0,0
020016,統一MSCI美科技N,ETN,0.0,0.0,0.0,0.0,0.0,0.0,0.0,0.0,0.0,0.0,0.0,0.0,0.0,0.0,0.0,0.0,0.0,0.0,0,0.0,0
3202,樺晟,電子零組件業,-0.8,2863876000.0,0.0,0.0,0.0,0.0,0.0,0.0,0.0,0.0,0.0,0.0,0.0,3.96,0.0,0.0,0.0,0.0,0,0.0,0
2437,旺詮,電子工業,0.0,0.0,0.0,0.0,0.0,0.0,0.0,0.0,0.0,0.0,0.0,0.0,0.0,0.0,0.0,0.0,0.0,0.0,0,0.0,0
4950,金耘國際,其他,-0.06,936308000.0,0.0,0.0,1246800051.3051407,0.0,38.87,3.6,37.21,40.81,0.0,0.0,0.0,16.0,0.0,0.0,0.0,118.58,64,121.01,162
3521,鴻翊,電腦及週邊設備業,-0.09,241478000.0,0.0,0.0,206061879.6187386,0.0,5.49,0.54,5.15,5.69,0.0,0.0,0.0,11.95,0.0,0.0,0.0,4.3,31,10.29,178
5314,世紀*,半導體業,5.56,2765245000.0,497346223.0215828,4.42,7520947333.125178,15.12,39.71,99.29,11.88,111.17,179.63,1680.89,600.49,65.3,9.2,2.75,25.74,107.58,182,166.67,116
5443,均豪,光電業,2.59,4662722000.0,1800278764.4787645,1.11,5440205822.258292,3.02,50.32,61.12,30.6,91.72,92.41,276.99,151.96,127.0,1.2,0.73,2.18,156.2,126,58.47,112
6208,日揚,電子零組件業,2.52,3781837000.0,1500728968.2539682,0.91,3492198090.4511037,2.33,16.63,22.86,12.3,35.16,28.66,81.92,38.75,92.8,0.42,0.31,0.88,20.49,120,20.95,74
8383,千附,其他電子類,3.42,3254284000.0,951545029.2397661,1.84,4202056587.4592776,4.42,15.22,12.77,10.87,23.64,48.05,104.49,67.26,64.2,1.05,0.75,1.63,16.51,32,2.82,3
6187,萬潤,其他電子類,15.46,5648264000.0,365346959.8965071,6.3,5700645090.122252,15.6,41.87,88.37,13.8,102.17,215.28,1593.85,653.25,1070.0,0.61,0.2,1.49,125.31,126,36.84,23
5348,正能量智能,通信網路業,-1.49,274780000.0,0.0,0.0,314164395.5596293,0.0,1306.46,245.0,1230.0,1475.0,0.0,0.0,0.0,0.0,0.0,0.0,0.0,113.1,134,0.47,2
6829,千附精密,電機機械,3.95,1822694000.0,461441518.98734176,2.08,2346098584.3543296,5.08,27.99,51.19,17.92,69.11,91.03,351.08,142.18,245.5,0.58,0.37,1.43,28.31,135,15.98,93
6240,松崗,其他,-1.15,53259000.0,0.0,0.0,53329448.41269842,0.0,38.16,72.27,12.73,85.0,0.0,0.0,0.0,18.3,0.0,0.0,0.0,29.75,46,16.1,35
00925,新光標普電動車,ETF,0.0,0.0,0.0,0.0,0.0,0.0,0.0,0.0,0.0,0.0,0.0,0.0,0.0,16.1,0.0,0.0,0.0,10.07,44,1.19,2
6287,元隆,半導體業,-2.31,540288000.0,0.0,0.0,0.0,0.0,0.0,0.0,0.0,0.0,0.0,0.0,0.0,8.89,0.0,0.0,0.0,44.76,59,0.68,11
020018,統一價值成長30N,ETN,0.0,0.0,0.0,0.0,0.0,0.0,0.0,0.0,0.0,0.0,0.0,0.0,0.0,24.94,0.0,0.0,0.0,5.97,175,0.0,0
020019,統一特選台灣5GN,ETN,0.0,0.0,0.0,0.0,0.0,0.0,0.0,0.0,0.0,0.0,0.0,0.0,0.0,21.59,0.0,0.0,0.0,14.58,38,0.0,0
4945,陞達科技,半導體業,0.87,477318000.0,548641379.3103448,0.0,0.0,0.0,27.52,18.27,17.06,35.33,0.0,0.0,0.0,76.1,0.0,0.0,0.0,0.0,0,17.3,14
8497,格威傳媒,其他,0.0,0.0,0.0,0.0,0.0,0.0,0.0,0.0,0.0,0.0,0.0,0.0,0.0,0.0,0.0,0.0,0.0,0.0,0,0.0,0
2888B,新光金乙特,金融保險,0.0,0.0,0.0,0.0,0.0,0.0,0.0,0.0,0.0,0.0,0.0,0.0,0.0,36.8,0.0,0.0,0.0,28.5,81,0.26,8
2888A,新光金甲特,金融保險,0.0,0.0,0.0,0.0,0.0,0.0,0.0,0.0,0.0,0.0,0.0,0.0,0.0,36.5,0.0,0.0,0.0,28.86,81,0.52,8
2897A,王道銀甲特,金融保險,0.0,0.0,0.0,0.0,0.0,0.0,0.0,0.0,0.0,0.0,0.0,0.0,0.0,10.3,0.0,0.0,0.0,3.33,39,0.0,0
6747,亨泰光,生技醫療業,1.91,713250000.0,373429319.37172776,0.0,0.0,0.0,37.18,69.74,17.93,87.67,0.0,0.0,0.0,199.0,0.0,0.0,0.0,1.99,35,34.92,157
02001S,策元大加權策略N,ETN,0.0,0.0,0.0,0.0,0.0,0.0,0.0,0.0,0.0,0.0,0.0,0.0,0.0,0.0,0.0,0.0,0.0,0.0,0,0.0,0
020023,元大櫃買半導體N,指數投資證券(ETN),0.0,0.0,0.0,0.0,0.0,0.0,0.0,0.0,0.0,0.0,0.0,0.0,0.0,7.2,0.0,0.0,0.0,16.53,38,53.54,182
6288,聯嘉,汽車工業,0.11,3643623000.0,33123845454.545456,0.0,0.0,0.0,76.1,76.24,40.61,116.85,0.0,0.0,0.0,20.95,0.0,0.0,0.0,5.99,172,17.41,53
1613,台一,電器電纜,2.13,0.0,0.0,0.0,0.0,0.0,0.0,0.0,0.0,0.0,0.0,0.0,0.0,0.0,0.0,0.0,0.0,0.0,0,0.0,0
02001B,統一美國政府債N,指數投資證券(ETN),0.0,0.0,0.0,0.0,0.0,0.0,0.0,0.0,0.0,0.0,0.0,0.0,0.0,8.75,0.0,0.0,0.0,0.0,0,4.74,179
3315,宣昶,電子工業,0.0,0.0,0.0,0.0,0.0,0.0,0.0,0.0,0.0,0.0,0.0,0.0,0.0,0.0,0.0,0.0,0.0,0.0,0,0.0,0
3559,全智科,電子工業,0.0,0.0,0.0,0.0,0.0,0.0,0.0,0.0,0.0,0.0,0.0,0.0,0.0,0.0,0.0,0.0,0.0,0.0,0,0.0,0
3036A,文曄甲特,電子通路業,0.0,0.0,0.0,0.0,0.0,0.0,0.0,0.0,0.0,0.0,0.0,0.0,0.0,52.0,0.0,0.0,0.0,4.75,170,0.98,25
1729,必翔,化學生技醫療,0.0,0.0,0.0,0.0,0.0,0.0,0.0,0.0,0.0,0.0,0.0,0.0,0.0,0.0,0.0,0.0,0.0,0.0,0,0.0,0
1715,萬洲,塑膠工業,0.0,0.0,0.0,0.0,0.0,0.0,0.0,0.0,0.0,0.0,0.0,0.0,0.0,0.0,0.0,0.0,0.0,0.0,0,0.0,0
2936,客思達-KY,貿易百貨,0.0,0.0,0.0,0.0,0.0,0.0,9.81,0.0,9.81,9.81,0.0,0.0,0.0,0.0,0.0,0.0,0.0,0.0,0,0.0,0
1592,英瑞-KY,汽車工業,0.0,0.0,0.0,0.0,0.0,0.0,11.25,0.0,11.25,11.25,0.0,0.0,0.0,0.0,0.0,0.0,0.0,0.0,0,0.0,0
2841,台開,建材營造,0.0,0.0,0.0,0.0,0.0,0.0,24.24,0.0,24.24,24.24,0.0,0.0,0.0,0.0,0.0,0.0,0.0,0.0,0,0.0,0
2456,奇力新,電子工業,0.0,0.0,0.0,0.0,0.0,0.0,18.73,0.0,18.73,18.73,0.0,0.0,0.0,0.0,0.0,0.0,0.0,0.0,0,0.0,0
3454,晶睿,電子工業,-0.11,7641632000.0,0.0,0.0,6348482611.739699,0.0,44.76,63.18,17.63,80.81,0.0,0.0,0.0,99.4,0.0,0.0,0.0,6.69,44,4.74,29
3579,尚志,電子工業,0.0,0.0,0.0,0.0,0.0,0.0,0.0,0.0,0.0,0.0,0.0,0.0,0.0,0.0,0.0,0.0,0.0,0.0,0,0.0,0
3519,綠能,電子工業,0.0,0.0,0.0,0.0,0.0,0.0,0.0,0.0,0.0,0.0,0.0,0.0,0.0,0.0,0.0,0.0,0.0,0.0,0,0.0,0
3383,新世紀,電子工業,0.0,0.0,0.0,0.0,0.0,0.0,0.0,0.0,0.0,0.0,0.0,0.0,0.0,0.0,0.0,0.0,0.0,0.0,0,0.0,0
2325,矽品,電子工業,0.0,0.0,0.0,0.0,0.0,0.0,18.9,0.0,18.9,18.9,0.0,0.0,0.0,0.0,0.0,0.0,0.0,0.0,0,0.0,0
4984,科納-KY,電子工業,0.0,0.0,0.0,0.0,0.0,0.0,31.43,0.0,31.43,31.43,0.0,0.0,0.0,0.0,0.0,0.0,0.0,0.0,0,0.0,0
3698,隆達,電子工業,0.0,0.0,0.0,0.0,0.0,0.0,0.0,0.0,0.0,0.0,0.0,0.0,0.0,0.0,0.0,0.0,0.0,0.0,0,0.0,0
2311,日月光,電子工業,0.0,0.0,0.0,0.0,0.0,0.0,13.01,0.0,13.01,13.01,0.0,0.0,0.0,0.0,0.0,0.0,0.0,0.0,0,0.0,0
3514,昱晶,電子工業,0.0,0.0,0.0,0.0,0.0,0.0,0.0,0.0,0.0,0.0,0.0,0.0,0.0,0.0,0.0,0.0,0.0,0.0,0,0.0,0
2499,東貝,電子工業,0.0,0.0,0.0,0.0,0.0,0.0,0.0,0.0,0.0,0.0,0.0,0.0,0.0,0.0,0.0,0.0,0.0,0.0,0,0.0,0
6131,鈞泰,電子工業,0.0,0.0,0.0,0.0,0.0,0.0,14.0,0.0,14.0,14.0,0.0,0.0,0.0,0.0,0.0,0.0,0.0,0.0,0,0.0,0
3561,昇陽光電,電子工業,0.0,0.0,0.0,0.0,0.0,0.0,0.0,0.0,0.0,0.0,0.0,0.0,0.0,0.0,0.0,0.0,0.0,0.0,0,0.0,0
5264,鎧勝-KY,電子工業,0.0,0.0,0.0,0.0,0.0,0.0,14.07,0.0,14.07,14.07,0.0,0.0,0.0,0.0,0.0,0.0,0.0,0.0,0,0.0,0
6289,華上,電子工業,0.0,0.0,0.0,0.0,0.0,0.0,0.0,0.0,0.0,0.0,0.0,0.0,0.0,0.0,0.0,0.0,0.0,0.0,0,0.0,0
6422,君耀-KY,電子工業,0.0,0.0,0.0,0.0,0.0,0.0,12.18,0.0,12.18,12.18,0.0,0.0,0.0,0.0,0.0,0.0,0.0,0.0,0,0.0,0
2448,晶電,電子工業,0.0,0.0,0.0,0.0,0.0,0.0,47.14,0.0,47.14,47.14,0.0,0.0,0.0,0.0,0.0,0.0,0.0,0.0,0,0.0,0
6251,定穎,電子工業,0.0,0.0,0.0,0.0,0.0,0.0,31.45,0.0,31.45,31.45,0.0,0.0,0.0,0.0,0.0,0.0,0.0,0.0,0,0.0,0
6145,勁永,電子工業,0.0,0.0,0.0,0.0,0.0,0.0,0.0,0.0,0.0,0.0,0.0,0.0,0.0,0.0,0.0,0.0,0.0,0.0,0,0.0,0
3536,誠創,電子工業,0.0,0.0,0.0,0.0,0.0,0.0,34.6,0.0,34.6,34.6,0.0,0.0,0.0,0.0,0.0,0.0,0.0,0.0,0,0.0,0
5305,敦南,電子工業,0.0,0.0,0.0,0.0,0.0,0.0,21.42,0.0,21.42,21.42,0.0,0.0,0.0,0.0,0.0,0.0,0.0,0.0,0,0.0,0
2475,華映,電子工業,0.0,0.0,0.0,0.0,0.0,0.0,4.29,0.0,4.29,4.29,0.0,0.0,0.0,0.0,0.0,0.0,0.0,0.0,0,0.0,0
5259,奕智博,電子工業,0.0,0.0,0.0,0.0,0.0,0.0,0.0,0.0,0.0,0.0,0.0,0.0,0.0,0.0,0.0,0.0,0.0,0.0,0,0.0,0
3682,亞太電,電子工業,0.0,0.0,0.0,0.0,0.0,0.0,0.0,0.0,0.0,0.0,0.0,0.0,0.0,0.0,0.0,0.0,0.0,0.0,0,0.0,0
6172,互億,電子工業,0.0,0.0,0.0,0.0,0.0,0.0,51.75,0.0,51.75,51.75,0.0,0.0,0.0,0.0,0.0,0.0,0.0,0.0,0,0.0,0
4987,科誠,電腦及週邊設備業,6.37,1340690000.0,210469387.75510204,2.76,1459800888.429752,6.94,12.71,6.45,9.63,16.08,66.83,111.6,88.19,81.6,1.08,0.82,1.37,50.49,171,8.98,49
008201,BP上證50,ETF,0.0,0.0,0.0,0.0,0.0,0.0,0.0,0.0,0.0,0.0,0.0,0.0,0.0,0.0,0.0,0.0,0.0,0.0,0,0.0,0
00677U,期富邦VIX,ETF,0.0,0.0,0.0,0.0,0.0,0.0,0.0,0.0,0.0,0.0,0.0,0.0,0.0,0.0,0.0,0.0,0.0,0.0,0,0.0,0
00705R,台新MSCI台灣反1,ETF,0.0,0.0,0.0,0.0,0.0,0.0,0.0,0.0,0.0,0.0,0.0,0.0,0.0,0.0,0.0,0.0,0.0,0.0,0,0.0,0
02001R,富邦蘋果反一N,ETN,0.0,0.0,0.0,0.0,0.0,0.0,0.0,0.0,0.0,0.0,0.0,0.0,0.0,0.43,0.0,0.0,0.0,0.0,0,0.0,0
00649,FH香港,ETF,0.0,0.0,0.0,0.0,0.0,0.0,0.0,0.0,0.0,0.0,0.0,0.0,0.0,0.0,0.0,0.0,0.0,0.0,0,0.0,0
00672L,元大S&P原油正2,ETF,0.0,0.0,0.0,0.0,0.0,0.0,0.0,0.0,0.0,0.0,0.0,0.0,0.0,0.0,0.0,0.0,0.0,0.0,0,0.0,0
00691R,兆豐藍籌30反1,ETF,0.0,0.0,0.0,0.0,0.0,0.0,0.0,0.0,0.0,0.0,0.0,0.0,0.0,0.0,0.0,0.0,0.0,0.0,0,0.0,0
00716R,華頓S&P布蘭特反1,ETF,0.0,0.0,0.0,0.0,0.0,0.0,0.0,0.0,0.0,0.0,0.0,0.0,0.0,0.0,0.0,0.0,0.0,0.0,0,0.0,0
00659R,國泰日本反1,ETF,0.0,0.0,0.0,0.0,0.0,0.0,0.0,0.0,0.0,0.0,0.0,0.0,0.0,0.0,0.0,0.0,0.0,0.0,0,0.0,0
0054,元大台商50,ETF,0.0,0.0,0.0,0.0,0.0,0.0,0.0,0.0,0.0,0.0,0.0,0.0,0.0,0.0,0.0,0.0,0.0,0.0,0,0.0,0
00667,元大韓國,ETF,0.0,0.0,0.0,0.0,0.0,0.0,0.0,0.0,0.0,0.0,0.0,0.0,0.0,0.0,0.0,0.0,0.0,0.0,0,0.0,0
00658L,國泰日本正2,ETF,0.0,0.0,0.0,0.0,0.0,0.0,0.0,0.0,0.0,0.0,0.0,0.0,0.0,0.0,0.0,0.0,0.0,0.0,0,0.0,0
00698L,元大美債7-10正2,ETF,0.0,0.0,0.0,0.0,0.0,0.0,0.0,0.0,0.0,0.0,0.0,0.0,0.0,0.0,0.0,0.0,0.0,0.0,0,0.0,0
0058,富邦發達,ETF,0.0,0.0,0.0,0.0,0.0,0.0,0.0,0.0,0.0,0.0,0.0,0.0,0.0,0.0,0.0,0.0,0.0,0.0,0,0.0,0
0059,富邦金融,ETF,0.0,0.0,0.0,0.0,0.0,0.0,0.0,0.0,0.0,0.0,0.0,0.0,0.0,0.0,0.0,0.0,0.0,0.0,0,0.0,0
00704L,台新MSCI台灣正2,ETF,0.0,0.0,0.0,0.0,0.0,0.0,0.0,0.0,0.0,0.0,0.0,0.0,0.0,0.0,0.0,0.0,0.0,0.0,0,0.0,0
00699R,元大美債7-10反1,ETF,0.0,0.0,0.0,0.0,0.0,0.0,0.0,0.0,0.0,0.0,0.0,0.0,0.0,0.0,0.0,0.0,0.0,0.0,0,0.0,0
1469,理隆,紡織纖維,0.0,0.0,0.0,0.0,0.0,0.0,0.0,0.0,0.0,0.0,0.0,0.0,0.0,0.0,0.0,0.0,0.0,0.0,0,0.0,0
1902,台紙,造紙工業,0.0,0.0,0.0,0.0,0.0,0.0,0.0,0.0,0.0,0.0,0.0,0.0,0.0,0.0,0.0,0.0,0.0,0.0,0,0.0,0
2809,京城銀,金融保險,3.41,6882140000.0,2018222873.900293,0.0,0.0,0.0,11.83,11.27,7.8,19.07,0.0,0.0,0.0,56.6,0.0,0.0,0.0,15.45,18,12.94,100
2823,中壽,金融保險,3.03,0.0,0.0,0.0,0.0,0.0,14.0,0.0,14.0,14.0,0.0,0.0,0.0,0.0,0.0,0.0,0.0,0.0,0,0.0,0
2601,益航,貿易百貨,-1.63,4304913000.0,0.0,0.0,2274066163.0404816,0.0,0.0,0.0,0.0,0.0,0.0,0.0,0.0,5.76,0.0,0.0,0.0,8.83,127,1.29,77
2888,新光金,金融保險,-0.71,-51181701000.0,0.0,0.0,0.0,0.0,22.12,38.94,7.79,46.73,0.0,0.0,0.0,11.8,0.0,0.0,0.0,36.09,100,2.13,4
2856,元富證,金融保險,1.33,0.0,0.0,0.0,0.0,0.0,45.11,0.0,45.11,45.11,0.0,0.0,0.0,0.0,0.0,0.0,0.0,0.0,0,0.0,0
1701,中化,化學生技醫療,0.0,0.0,0.0,0.0,0.0,0.0,19.92,3.17,17.65,20.82,0.0,0.0,0.0,21.15,0.0,0.0,0.0,3.85,23,0.0,0
1704,榮化,化學生技醫療,0.0,0.0,0.0,0.0,0.0,0.0,10.17,0.0,10.17,10.17,0.0,0.0,0.0,0.0,0.0,0.0,0.0,0.0,0,0.0,0
4725,信昌化,化學生技醫療,0.0,0.0,0.0,0.0,0.0,0.0,0.0,0.0,0.0,0.0,0.0,0.0,0.0,0.0,0.0,0.0,0.0,0.0,0,0.0,0
6452,康友-KY,化學生技醫療,0.0,0.0,0.0,0.0,0.0,0.0,26.86,0.0,26.86,26.86,0.0,0.0,0.0,0.0,0.0,0.0,0.0,0.0,0,0.0,0
1724,台硝,化學生技醫療,0.0,0.0,0.0,0.0,0.0,0.0,21.21,0.0,21.21,21.21,0.0,0.0,0.0,0.0,0.0,0.0,0.0,0.0,0,0.0,0
4144,康聯-KY,化學生技醫療,0.0,0.0,0.0,0.0,0.0,0.0,10.1,0.0,10.1,10.1,0.0,0.0,0.0,0.0,0.0,0.0,0.0,0.0,0,0.0,0
4141,龍燈-KY,化學生技醫療,0.0,0.0,0.0,0.0,0.0,0.0,0.0,0.0,0.0,0.0,0.0,0.0,0.0,0.0,0.0,0.0,0.0,0.0,0,0.0,0
6292,迅德,電子零組件業,2.0,1000924000.0,500462000.0,0.96,1195896573.0845644,2.39,29.22,87.31,8.52,95.83,20.36,229.03,69.83,67.8,1.03,0.3,3.38,0.12,4,1.92,25
6419,京晨科,光電業,9.58,515303000.0,53789457.202505216,8.08,853383416.584064,15.87,13.39,25.69,6.29,31.98,99.82,507.52,212.46,142.0,1.5,0.7,3.57,19.31,4,0.0,0
6282,康舒,電子零組件業,0.18,31582716000.0,175459533333.33334,0.09,37592232792.97534,0.21,1211.86,2880.8,99.2,2980.0,20.83,625.8,254.49,65.8,3.87,0.32,9.51,7.62,32,80.89,149
6426,統新,通信網路業,-0.78,477475000.0,0.0,0.0,737582467.4935842,0.0,512.89,95.19,459.62,554.81,0.0,0.0,0.0,267.0,0.0,0.0,0.0,38.5,183,11.52,183
6285,啟碁,通信網路業,6.4,110508716000.0,17266986875.0,2.88,115312658032.6583,6.68,20.07,34.28,12.77,47.05,85.3,314.29,134.08,314.0,0.43,0.27,1.0,5.92,18,10.64,85
6418,詠昇,電子零組件業,0.73,770725000.0,1055787671.2328768,0.32,791241708.9909745,0.75,28.68,61.74,10.95,72.69,8.21,54.52,21.51,29.9,0.72,0.27,1.82,9.81,3,304.28,120
6417,韋僑,通信網路業,4.83,1577211000.0,326544720.4968944,2.32,1877284614.3964841,5.75,24.64,15.04,17.08,32.12,98.21,184.69,141.68,141.0,1.0,0.7,1.31,13.74,35,0.0,0
6416,瑞祺電通,電子工業,4.3,4238496000.0,985696744.1860466,2.01,4227515572.827398,4.29,25.0,25.11,16.56,41.67,71.04,178.76,107.23,91.5,1.17,0.78,1.95,31.05,123,3.4,2
6294,智基,文化創意業,2.78,986608000.0,354894964.028777,1.03,839866665.7859051,2.37,20.08,29.4,10.27,39.67,24.34,94.02,47.6,27.65,1.72,0.88,3.4,5.37,65,6.64,77
6283,淳安,電子工業,-0.22,1845136000.0,0.0,0.0,1742268873.5238914,0.0,35.83,45.51,21.72,67.23,0.0,0.0,0.0,25.1,0.0,0.0,0.0,0.47,147,38.9,86
6284,佳邦,電子零組件業,4.36,7575483000.0,1737496100.917431,1.68,7047801942.139731,4.06,15.06,31.56,8.7,40.26,35.32,163.46,61.14,116.0,0.53,0.3,1.41,19.72,38,28.45,154
6291,沛亨,半導體業,6.6,2053233000.0,311095909.0909091,3.61,3044451458.008698,9.79,27.83,70.35,8.97,79.32,87.82,776.54,272.42,648.0,0.42,0.14,1.2,3.53,11,151.83,98
6405,悅城,電子工業,-1.27,927000.0,0.0,0.0,180092.0245398773,0.0,0.0,0.0,0.0,0.0,0.0,0.0,0.0,79.7,0.0,0.0,0.0,106.46,142,28.31,147
6415,矽力*-KY,電子工業,6.41,18703888000.0,2917923244.929797,3.06,21818471235.497696,7.48,98.15,305.75,27.16,332.91,203.16,2490.17,734.14,606.0,1.21,0.34,4.11,18.26,126,12.79,9
6414,樺漢,電腦及週邊設備業,23.26,142336502000.0,6119368099.742046,10.92,155679815423.40317,25.44,15.34,9.09,10.87,19.96,276.53,507.78,390.14,375.5,1.04,0.74,1.35,4.65,36,11.07,87
6425,易發,電機機械,-1.62,1408313000.0,0.0,0.0,1761615539.0751123,0.0,142.28,312.04,64.78,376.82,0.0,0.0,0.0,93.0,0.0,0.0,0.0,14.8,137,78.52,183
6412,群電,電子零組件業,5.2,34938697000.0,6718980192.307693,1.96,31371643112.833324,4.67,15.01,10.19,10.19,20.38,47.59,95.17,70.11,106.0,0.66,0.45,0.9,0.0,0,0.79,2
6411,晶焱,半導體業,3.18,2456141000.0,772371383.6477987,1.41,2713263524.238499,3.51,22.37,23.56,12.83,36.39,45.03,127.73,78.53,106.5,0.74,0.42,1.2,8.41,39,40.28,150
6409,旭隼,電子工業,40.23,20524460000.0,510177976.6343525,14.84,18016303558.727905,35.31,31.29,40.93,17.59,58.52,621.1,2066.34,1104.83,713.0,1.55,0.87,2.9,39.82,113,10.78,7
6290,良維,電子零組件業,8.72,10099931000.0,1158248967.889908,3.78,10994275954.534088,9.49,18.37,33.26,9.56,42.82,90.72,406.36,174.31,367.0,0.47,0.25,1.11,12.94,42,103.38,157
6482,弘煜科,文化創意業,2.51,516642000.0,205833466.13545817,0.73,319872984.8086268,1.55,19.52,21.12,10.82,31.94,16.77,49.51,30.25,28.6,1.06,0.59,1.73,0.53,24,1.67,4
4951,精拓科,半導體業,5.98,539613000.0,90236287.62541805,2.43,558305124.744183,6.19,16.56,15.33,11.04,26.37,68.34,163.23,102.48,123.5,0.83,0.55,1.32,10.77,4,29.37,84
6552,易華電,半導體業,-14.35,1499491000.0,0.0,0.0,975825508.4974064,0.0,100.78,179.95,45.05,225.0,0.0,0.0,0.0,33.65,0.0,0.0,0.0,19.25,15,18.47,78
6556,勝品,光電業,6.78,1395819000.0,205873008.84955752,3.08,1499133674.497071,7.28,11.29,10.07,7.01,17.08,51.03,124.34,82.18,72.7,1.13,0.7,1.71,11.01,86,3.96,3
4949,有成精密,電子工業,1.91,2370766000.0,1241238743.4554975,1.05,3141635025.821553,2.53,27.63,48.2,7.33,55.53,18.54,140.49,69.91,103.5,0.68,0.18,1.36,8.42,30,8.89,15
6558,興能高,其他電子業,-1.02,1090534000.0,0.0,0.0,958369116.2045926,0.0,2209.16,5579.29,150.71,5730.0,0.0,0.0,0.0,34.35,0.0,0.0,0.0,66.8,183,19.37,25
4946,辣椒,文化創意業,3.13,342106000.0,109299041.53354633,1.09,256603787.9478231,2.35,693.12,1566.88,33.12,1600.0,77.83,3760.0,1628.83,105.0,15.51,0.74,35.81,21.92,23,10.54,7
4943,康控-KY,電子零組件業,-1.9,1666646000.0,0.0,0.0,2306129235.9284034,0.0,0.0,0.0,0.0,0.0,0.0,0.0,0.0,9.29,0.0,0.0,0.0,8.45,59,58.59,170
6560,欣普羅,光電業,-0.16,161431000.0,0.0,0.0,288762456.5547857,0.0,476.49,21.88,467.5,489.38,0.0,0.0,0.0,38.0,0.0,0.0,0.0,79.5,25,5.59,93
6561,是方,通信網路業,15.74,3936025000.0,250065120.7115629,6.57,4014221518.8278494,16.05,29.5,22.93,19.87,42.8,318.91,686.94,473.43,361.0,1.31,0.88,1.9,55.72,88,10.53,78
6550,北極星藥業-KY,生技醫療業,-5.1,42866000.0,0.0,0.0,97210303.36956522,0.0,0.0,0.0,0.0,0.0,0.0,0.0,0.0,13.1,0.0,0.0,0.0,5.03,28,10.8,9
4952,凌通,半導體業,1.02,2122460000.0,2080843137.254902,0.49,2333536021.7249007,1.12,28.3,36.79,15.15,51.94,16.97,58.17,31.7,51.9,0.61,0.33,1.12,6.49,9,12.01,107
6538,倉和,電子零組件業,1.15,1483039000.0,1289599130.4347827,0.42,1126220819.706639,0.87,22.05,122.87,8.63,131.5,7.51,114.4,19.18,126.0,0.15,0.06,0.91,13.88,29,6.25,4
4961,天鈺,半導體業,9.65,18325723000.0,1899038652.8497407,4.03,17050011997.992613,8.98,13.87,10.61,10.85,21.46,97.43,192.71,124.55,175.0,0.71,0.56,1.1,11.98,17,8.63,25
4960,誠美材,電子工業,-2.59,8612063000.0,0.0,0.0,7894976304.619827,0.0,0.0,0.0,0.0,0.0,0.0,0.0,0.0,33.75,0.0,0.0,0.0,19.93,39,16.54,78
4958,臻鼎-KY,電子零組件業,6.87,178946617000.0,26047542503.63901,2.89,193971619312.70905,7.45,19.67,68.37,8.92,77.29,66.45,575.81,146.54,548.0,0.27,0.12,1.05,26.75,44,91.71,88
6541,泰福-KY,化學生技醫療,-6.21,381342000.0,0.0,0.0,1551881279.4459627,0.0,0.0,0.0,0.0,0.0,0.0,0.0,0.0,41.4,0.0,0.0,0.0,86.93,88,22.28,134
4956,光鋐,電子工業,-0.8,1359151000.0,0.0,0.0,1500073773.1739535,0.0,0.0,0.0,0.0,0.0,0.0,0.0,0.0,45.5,0.0,0.0,0.0,112.21,142,11.11,10
6546,正基,通信網路業,2.73,2312100000.0,846923076.923077,1.09,2115827897.8719363,2.5,32.39,34.88,21.3,56.18,53.25,140.45,80.99,85.4,0.95,0.62,1.64,60.34,113,3.39,9
6547,高端疫苗,生技醫療業,-0.85,607793000.0,0.0,0.0,584588017.6290293,0.0,0.0,0.0,0.0,0.0,0.0,0.0,0.0,46.0,0.0,0.0,0.0,9.75,28,0.0,0
4953,緯軟,資訊服務業,8.45,11343751000.0,1342455739.6449704,4.33,14691846185.816353,10.94,16.2,9.64,12.53,22.17,137.08,242.54,177.26,132.0,1.34,1.04,1.84,2.97,17,35.51,183
6548,長科*,半導體業,1.63,13288729000.0,8152594478.527608,0.77,15532170024.333853,1.91,22.91,31.32,14.41,45.73,27.52,87.34,43.77,75.0,0.58,0.37,1.16,0.0,0,41.33,163
6542,隆中,文化創意業,0.02,861299000.0,43064950000.0,0.01,1055547897.1327577,0.02,442.45,2830.91,19.09,2850.0,0.38,57.0,8.85,46.15,0.19,0.01,1.24,10.83,59,5.32,22
6569,醫揚,生技醫療業,2.87,1353898000.0,471741463.4146341,1.28,1395857787.654287,2.96,32.32,26.76,23.24,50.0,68.79,148.0,95.66,102.5,0.93,0.67,1.44,41.58,58,33.9,91
6590,普鴻,資訊服務業,5.48,672156000.0,122656204.37956204,2.28,677461201.8104501,5.52,14.29,6.22,11.82,18.04,65.25,99.58,78.9,66.0,1.2,0.99,1.51,0.0,0,19.2,78
6591,動力-KY,電子工業,5.37,1730676000.0,322286033.51955307,1.66,1277763359.8314202,3.96,15.92,10.19,11.1,21.29,43.96,84.31,63.05,58.2,1.08,0.76,1.45,0.0,0,28.85,88
6592,和潤企業,其他,4.73,23894153000.0,5051617970.4016905,1.92,22657386755.50545,4.49,16.57,10.0,12.11,22.11,54.37,99.27,74.4,61.4,1.21,0.89,1.62,9.55,39,3.57,7
6592A,和潤企業甲特,其他,0.0,0.0,0.0,0.0,0.0,0.0,0.0,0.0,0.0,0.0,0.0,0.0,0.0,97.0,0.0,0.0,0.0,0.81,28,2.39,140
4939,亞電,電子零組件業,-0.43,1421150000.0,0.0,0.0,1389158973.634333,0.0,85.51,131.52,37.65,169.17,0.0,0.0,0.0,55.5,0.0,0.0,0.0,6.32,108,97.46,183
4938,和碩,電腦及週邊設備業,5.39,1119686756000.0,207734092022.26346,2.08,1010566855045.9872,4.86,14.6,10.13,10.84,20.97,52.68,101.91,70.95,91.2,0.78,0.58,1.12,7.62,17,4.24,8
6592B,和潤企業乙特,其他,0.0,0.0,0.0,0.0,0.0,0.0,0.0,0.0,0.0,0.0,0.0,0.0,0.0,97.4,0.0,0.0,0.0,0.84,183,0.0,0
6593,台灣銘板,資訊服務業,-2.06,428382000.0,0.0,0.0,388133665.4668332,0.0,87.85,117.8,46.3,164.1,0.0,0.0,0.0,35.15,0.0,0.0,0.0,2.78,4,9.42,25
6596,寬宏藝術,文化創意業,18.83,3139203000.0,166712851.8321827,5.9,4849010821.446796,29.09,11.82,17.67,5.06,22.73,147.2,661.22,343.91,97.3,3.53,1.51,6.8,6.75,88,43.2,91
6597,立誠,電子零組件業,2.54,632474000.0,249005511.81102362,1.09,902383032.0963734,3.62,26.23,74.23,14.28,88.51,51.69,320.41,94.95,73.0,1.3,0.71,4.39,23.12,158,14.83,16
4935,茂林-KY,電子工業,1.34,5517931000.0,4117858955.2238803,0.43,3973153138.6270084,0.96,17.51,21.05,9.35,30.4,8.98,29.18,16.81,41.65,0.4,0.22,0.7,23.5,142,26.33,95
6598,ABC-KY,化學生技醫療,-1.97,445577000.0,0.0,0.0,795538189.2949971,0.0,0.0,0.0,0.0,0.0,0.0,0.0,0.0,24.2,0.0,0.0,0.0,65.52,18,3.28,120
4934,太極,電子工業,-0.95,87174000.0,0.0,0.0,179530417.82131714,0.0,0.0,0.0,0.0,0.0,0.0,0.0,0.0,17.3,0.0,0.0,0.0,15.74,29,51.1,120
4942,嘉彰,光電業,3.05,6065551000.0,1988705245.9016395,1.18,5807013960.141161,2.92,11.44,7.73,8.42,16.15,24.59,47.16,33.41,38.25,0.87,0.64,1.23,3.02,32,6.41,154
6589,台康生技,生技醫療業,-2.52,985778000.0,0.0,0.0,1293611006.302913,0.0,0.0,0.0,0.0,0.0,0.0,0.0,0.0,44.0,0.0,0.0,0.0,22.14,29,33.17,165
6588,東典光電,通信網路業,-1.76,169790000.0,0.0,0.0,381713495.19552726,0.0,0.0,0.0,0.0,0.0,0.0,0.0,0.0,107.5,0.0,0.0,0.0,18.0,143,38.79,183
6570,維田,電腦及週邊設備業,1.29,904252000.0,700970542.6356589,0.6,1042813433.6170224,1.49,31.99,29.1,18.0,47.1,26.82,70.18,47.67,60.5,0.79,0.44,1.16,35.19,80,24.06,99
6573,虹揚-KY,半導體業,1.23,865246000.0,703452032.5203252,0.43,649766461.1659445,0.92,14.19,9.73,9.84,19.57,9.05,18.0,13.05,15.75,0.83,0.57,1.14,24.23,141,57.02,161
6574,霈方,生技醫療業,6.82,603419000.0,88477859.23753665,3.81,785834843.1995926,8.88,17.77,22.97,10.44,33.41,92.71,296.68,157.83,115.5,1.37,0.8,2.57,12.33,179,40.36,21
6576,逸達,生技醫療業,-5.7,432261000.0,0.0,0.0,343752390.18596554,0.0,0.0,0.0,0.0,0.0,0.0,0.0,0.0,76.8,0.0,0.0,0.0,5.17,4,34.38,165
6577,勁豐,電腦及週邊設備業,5.64,2033734000.0,360591134.75177306,2.5,2146053456.3603966,5.95,14.1,13.76,9.63,23.39,57.3,139.17,83.89,80.4,1.04,0.71,1.73,27.27,43,2.36,16
6578,達邦蛋白,農業科技業,-0.96,296987000.0,0.0,0.0,359118559.06804216,0.0,163.66,138.88,94.12,233.0,0.0,0.0,0.0,16.35,0.0,0.0,0.0,14.09,35,48.55,80
6568,宏觀,半導體業,4.02,1114929000.0,277345522.38805974,2.15,1417005480.2695577,5.11,47.72,75.14,22.21,97.35,113.49,497.46,243.85,238.5,1.02,0.48,2.09,1.38,14,47.15,32
6579,研揚,電子工業,5.62,8420480000.0,1498306049.822064,2.69,10201194213.303793,6.81,27.94,26.03,18.48,44.51,125.85,303.11,190.25,167.5,1.14,0.75,1.81,3.51,1,17.84,137
6582,申豐,橡膠工業,-0.4,916756000.0,0.0,0.0,345374275.58044475,0.0,339.02,717.53,30.47,748.0,0.0,0.0,0.0,31.45,0.0,0.0,0.0,44.86,35,0.0,0
6584,南俊國際,電子零組件業,5.59,2355997000.0,421466368.51520574,3.29,3752206345.823399,8.9,93.78,219.2,38.1,257.3,339.09,2289.97,834.68,731.0,1.14,0.46,3.13,9.83,36,206.07,183
6585,鼎基,其他,5.64,2856943000.0,506550177.30496454,2.65,2726382129.6726103,5.38,15.52,16.54,9.6,26.14,51.65,140.63,83.52,98.0,0.85,0.53,1.44,13.46,24,4.86,2
6464,台數科,其他,4.2,4444855000.0,1058298809.5238094,1.74,4390778807.294244,4.15,13.91,7.96,11.23,19.19,46.6,79.64,57.73,78.0,0.74,0.6,1.02,0.23,16,0.87,35
6465,威潤,通信網路業,0.93,232374000.0,249864516.12903225,0.59,472908409.2116182,1.89,44.2,48.74,17.07,65.81,32.26,124.38,83.53,48.45,1.72,0.67,2.57,26.88,35,51.21,183
6469,大樹,生技醫療業,4.29,18801939000.0,4382736363.636364,1.81,19345020207.45708,4.41,28.65,26.9,18.46,45.36,81.41,200.04,126.36,71.5,1.77,1.14,2.8,0.74,2,7.54,64
6470,宇智,通信網路業,3.87,2036670000.0,526271317.82945734,0.82,975819284.9648725,1.85,16.93,26.41,10.44,36.85,19.31,68.17,31.31,48.95,0.64,0.39,1.39,4.14,22,4.06,3
6472,保瑞,化學生技醫療,27.15,20100258000.0,740340994.4751382,9.64,16240452279.77904,21.94,21.11,20.34,15.39,35.73,337.66,783.92,463.11,356.5,1.3,0.95,2.2,24.51,44,7.38,38
6474,華豫寧,電子通路業,3.5,947872000.0,270820571.4285714,0.0,0.0,0.0,10.85,2.8,10.06,12.86,0.0,0.0,0.0,37.85,0.0,0.0,0.0,35.82,43,19.38,44
6477,安集,光電業,0.02,864073000.0,43203650000.0,0.01,1145051842.3373177,0.03,803.93,1910.23,72.27,1982.5,2.17,59.47,24.12,34.25,0.7,0.06,1.74,23.85,29,56.78,85
6485,點序,半導體業,0.71,1448753000.0,2040497183.0985916,0.29,1319248889.927384,0.65,329.49,668.08,108.59,776.67,70.58,504.84,214.17,115.5,1.85,0.61,4.37,0.25,17,60.45,136
6486,互動,通信網路業,5.77,2435298000.0,422062045.06065863,3.2,3154493995.119096,7.47,14.43,5.23,11.98,17.21,89.49,128.56,107.79,82.5,1.31,1.08,1.56,4.91,35,2.9,25
6488,環球晶,半導體業,15.3,60583311000.0,3959693529.4117646,6.12,55688368835.9406,14.06,23.35,51.8,10.82,62.62,152.13,880.44,328.27,950.0,0.35,0.16,0.93,11.05,35,84.64,141
6491,晶碩,化學生技醫療,20.87,7034551000.0,337065213.2247245,9.45,8070915335.449399,23.94,15.11,8.75,12.44,21.19,297.81,507.29,361.77,322.5,1.12,0.92,1.57,4.2,29,5.44,154
6462,神盾,半導體業,-17.52,5125214000.0,0.0,0.0,8924638609.087011,0.0,0.0,0.0,0.0,0.0,0.0,0.0,0.0,123.0,0.0,0.0,0.0,14.83,44,68.1,148
6461,益得,生技醫療業,-2.52,111107000.0,0.0,0.0,161361090.9090909,0.0,0.0,0.0,0.0,0.0,0.0,0.0,0.0,15.3,0.0,0.0,0.0,19.33,72,20.88,14
6456,GIS-KY,電子工業,-0.8,67852571000.0,0.0,0.0,62505465462.772285,0.0,207.29,420.89,77.61,498.5,0.0,0.0,0.0,83.9,0.0,0.0,0.0,7.79,39,49.78,93
6432,今展科,電子零組件業,0.48,1100859000.0,2293456250.0,0.22,1185089932.8286376,0.52,52.93,198.48,14.02,212.5,7.29,110.5,27.52,68.1,0.4,0.11,1.62,4.34,44,31.44,148
6435,大中,半導體業,9.52,3323233000.0,349079096.6386555,4.49,3678227041.7625704,10.54,17.34,13.96,12.94,26.9,136.39,283.53,182.8,289.0,0.63,0.47,0.98,4.5,29,17.0,168
6441,廣錠,電腦及週邊設備業,-5.16,238504000.0,0.0,0.0,93513708.73195633,0.0,0.0,0.0,0.0,0.0,0.0,0.0,0.0,24.3,0.0,0.0,0.0,20.8,29,10.71,2
6442,光聖,通信網路業,23.48,10705105000.0,455924403.7478705,10.48,11306450969.829178,24.8,63.04,123.54,21.26,144.8,527.25,3591.04,1563.47,1885.0,0.83,0.28,1.91,187.3,45,214.22,177
6492,生華科,生技醫療業,-2.97,1074000.0,0.0,0.0,1030215.8273381295,0.0,0.0,0.0,0.0,0.0,0.0,0.0,0.0,45.15,0.0,0.0,0.0,49.34,45,53.34,141
6443,元晶,電子工業,-6.24,1931581000.0,0.0,0.0,1098244490.1068783,0.0,49.58,34.97,31.44,66.41,0.0,0.0,0.0,42.1,0.0,0.0,0.0,17.06,32,12.58,77
6446,藥華藥,化學生技醫療,14.27,14884059000.0,1043031464.6110722,8.73,23969632051.301075,22.98,109.07,500.88,31.45,532.33,722.72,12232.94,2506.41,962.0,2.61,0.75,12.72,71.7,109,12.18,30
6449,鈺邦,電子工業,7.38,4375999000.0,592953794.0379404,3.45,5502945524.05129,9.28,27.05,38.8,14.65,53.45,135.95,496.02,251.05,411.0,0.61,0.33,1.21,64.53,43,121.0,128
6451,訊芯-KY,半導體業,0.26,7574127000.0,29131257692.30769,0.1,6479247646.386472,0.22,479.91,1941.76,62.09,2003.85,13.66,440.85,105.58,627.0,0.17,0.02,0.7,44.5,24,43.15,73
6535,順藥,生技醫療業,-2.06,40430000.0,0.0,0.0,28086327.433628317,0.0,0.0,0.0,0.0,0.0,0.0,0.0,0.0,124.0,0.0,0.0,0.0,113.81,147,100.0,106
4976,佳凌,電子工業,-1.88,1036181000.0,0.0,0.0,1005906441.3448833,0.0,0.0,0.0,0.0,0.0,0.0,0.0,0.0,32.3,0.0,0.0,0.0,30.01,35,118.63,94
6526,達發,電子工業,17.32,20994770000.0,1212169168.591224,7.41,22020766962.807655,18.17,42.8,83.78,23.79,107.57,432.26,1954.55,777.71,673.0,1.16,0.64,2.9,15.06,15,16.94,39
6527,明達醫,生技醫療業,5.81,932292000.0,160463339.070568,2.17,837074515.4743366,5.22,16.91,11.06,11.52,22.58,60.13,117.87,88.25,70.0,1.26,0.86,1.68,12.79,116,9.7,7
4972,湯石照明,光電業,-1.84,937469000.0,0.0,0.0,950906274.246905,0.0,38.17,26.17,28.45,54.62,0.0,0.0,0.0,16.55,0.0,0.0,0.0,1.61,43,0.0,0
6530,創威,通信網路業,1.95,324182000.0,166247179.4871795,0.91,378410877.45139754,2.28,39.04,45.14,23.32,68.46,53.17,156.09,89.01,107.0,0.83,0.5,1.46,74.13,126,45.25,88
6531,愛普*,半導體業,7.73,5290540000.0,684416558.8615782,5.43,10636136925.670013,15.54,51.27,104.98,19.86,124.84,308.62,1940.01,796.73,1125.0,0.71,0.27,1.72,12.76,31,58.9,179
6532,瑞耘,半導體業,7.31,682690000.0,93391244.87004104,3.13,619765360.0808332,6.64,16.77,15.57,7.91,23.48,52.52,155.91,111.38,101.0,1.1,0.52,1.54,32.92,37,24.79,35
4971,IET-KY,半導體業,1.61,1057201000.0,656646583.8509316,0.84,1309751297.2420192,1.99,307.34,401.76,126.72,528.48,252.17,1051.68,611.61,789.0,0.78,0.32,1.33,57.77,177,109.01,179
6533,晶心科,半導體業,-8.19,1432983000.0,0.0,0.0,1767996013.1476824,0.0,7806.98,3312.5,6025.0,9337.5,0.0,0.0,0.0,221.0,0.0,0.0,0.0,6.25,21,26.9,113
4968,立積,電子工業,2.65,3747771000.0,1414253207.54717,1.11,3984108767.306967,2.82,230.06,840.62,37.16,877.78,104.79,2475.34,648.77,117.0,5.55,0.9,21.16,32.26,18,38.17,129
4967,十銓,電子工業,13.07,17964831000.0,1374508875.2869165,11.06,35725163308.28858,25.99,23.69,77.79,6.59,84.38,171.27,2193.04,615.69,289.0,2.13,0.59,7.59,36.64,11,113.16,161
4966,譜瑞-KY,半導體業,34.66,16412645000.0,473532746.6820543,14.24,16175784296.574654,34.16,20.9,18.75,13.43,32.18,458.77,1099.27,713.83,859.0,0.83,0.53,1.28,11.35,16,57.95,108
6525,捷敏-KY,電子工業,5.87,5291971000.0,901528279.3867121,2.61,5949436998.385399,6.6,14.53,11.25,10.83,22.08,71.48,145.73,95.89,120.5,0.8,0.59,1.21,18.52,142,27.51,141
6523,達爾膚,生技醫療業,7.78,1155609000.0,148535861.1825193,2.86,1005484360.6343523,6.77,14.13,5.7,11.91,17.61,80.63,119.22,95.65,97.7,0.98,0.83,1.22,0.0,0,1.08,2
6496,科懋,生技醫療業,-3.96,866250000.0,0.0,0.0,1005170166.8397818,0.0,0.0,0.0,0.0,0.0,0.0,0.0,0.0,24.1,0.0,0.0,0.0,15.69,28,23.27,102
6498,久禾光,光電業,6.47,962397000.0,148747604.32766616,3.94,3020923636.731461,20.31,16.36,9.32,13.09,22.41,265.86,455.15,332.18,105.5,3.15,2.52,4.31,30.49,143,5.22,7
6499,益安,生技醫療業,-7.24,407417000.0,0.0,0.0,471895417.9653506,0.0,0.0,0.0,0.0,0.0,0.0,0.0,0.0,83.3,0.0,0.0,0.0,26.3,29,33.03,35
6504,南六,其他,-1.09,6690185000.0,0.0,0.0,6387591641.778484,0.0,120.14,309.56,27.11,336.67,0.0,0.0,0.0,36.5,0.0,0.0,0.0,2.04,17,4.06,28
6505,台塑化,油電燃氣業,1.04,625336454000.0,601285051923.0769,0.46,636400420628.7538,1.06,54.75,77.11,17.11,94.22,18.14,99.87,58.03,53.3,1.09,0.34,1.87,0.0,0,55.03,171
4974,亞泰,電子零組件業,5.15,3807147000.0,739251844.6601942,2.11,3376713917.5711966,4.57,13.88,12.97,10.29,23.26,47.03,106.3,63.42,77.8,0.82,0.6,1.37,63.96,102,4.91,77
6494,九齊,半導體業,-0.93,1176236000.0,0.0,0.0,1530751159.767673,0.0,43.94,480.05,12.45,492.5,0.0,0.0,0.0,57.2,0.0,0.0,0.0,0.28,11,10.89,151
6508,惠光,農業科技業,0.27,1401564000.0,5190977777.777778,0.14,1411277754.6275485,0.27,55.38,86.69,23.08,109.77,6.23,29.64,14.95,23.15,0.65,0.27,1.28,3.09,25,0.53,2
6510,精測,半導體業,30.41,4865930000.0,160010851.69352186,14.19,5512732079.666807,34.45,94.88,176.78,30.64,207.42,1055.55,7145.62,3268.73,3290.0,0.99,0.32,2.17,63.23,175,128.89,120
6512,啟發電,其他電子類,-0.78,191934000.0,0.0,0.0,100533865.54604103,0.0,0.0,0.0,0.0,0.0,0.0,0.0,0.0,19.05,0.0,0.0,0.0,10.0,1,6.64,4
6515,穎崴,半導體業,46.93,7384564000.0,157352738.12060517,31.13,10606408971.742897,67.41,68.74,211.7,20.85,232.55,1405.5,15676.2,4633.7,8705.0,0.53,0.16,1.8,59.24,105,164.49,179
6516,勤崴國際,資訊服務業,1.52,526545000.0,346411184.2105263,0.86,688333426.0173932,1.99,51.56,37.08,30.72,67.8,61.13,134.92,102.59,58.1,1.77,1.05,2.32,5.46,44,0.36,2
4973,廣穎,半導體業,2.1,4298725000.0,2047011904.7619047,1.58,6961291099.8244295,3.4,26.7,75.4,7.69,83.09,26.15,282.51,90.8,156.5,0.58,0.17,1.81,0.0,0,61.77,168
6517,保勝光學,光電業,1.62,491220000.0,303222222.2222222,0.59,415715182.0060328,1.37,27.14,35.1,14.66,49.76,20.08,68.17,37.18,60.5,0.61,0.33,1.13,16.09,112,1.24,7
6509,聚和,化學工業,2.87,4865391000.0,1695258188.15331,1.32,5159314737.548024,3.04,14.34,8.95,9.5,18.45,28.88,56.09,43.58,51.5,0.85,0.56,1.09,15.24,37,1.27,4
5244,弘凱,光電業,0.51,844698000.0,1656270588.235294,0.18,773542008.4321169,0.47,26.35,85.75,13.86,99.61,6.51,46.82,12.38,38.65,0.32,0.17,1.21,14.77,183,13.93,86
6281,全國電,電子工業,3.7,18994144000.0,5133552432.432432,1.45,18646081001.766006,3.63,16.78,5.1,13.2,18.3,47.92,66.43,60.9,50.9,1.2,0.94,1.31,0.0,0,1.25,15
5522,遠雄,建材營造,7.45,28122985000.0,3774897315.4362416,2.56,194081033339.70816,51.41,18.86,28.22,7.32,35.54,376.32,1827.11,969.43,74.2,13.07,5.07,24.62,4.01,1,19.87,9
5523,豐謙,建材營造,-0.08,5246000.0,0.0,0.0,5265543.3741351785,0.0,25.11,47.14,9.22,56.36,0.0,0.0,0.0,30.5,0.0,0.0,0.0,0.16,2,0.0,0
5525,順天,建材營造,1.4,747859000.0,534185000.00000006,7.31,12809309486.718525,23.98,23.05,39.55,8.37,47.92,200.71,1149.12,552.65,21.8,25.35,9.21,52.71,23.65,57,2.79,24
5529,鉅陞,建材營造,2.02,78043000.0,38635148.51485149,35.99,4035585564.059653,104.45,11.03,6.69,7.19,13.88,751.0,1449.77,1152.44,22.2,51.91,33.83,65.3,24.84,43,1.47,14
5530,龍巖,其他,2.74,4023918000.0,1468583211.678832,1.22,4045493132.693382,2.75,16.71,11.74,13.31,25.05,36.6,68.89,45.94,49.0,0.94,0.75,1.41,22.88,21,5.02,42
5531,鄉林,建材營造,-0.28,3568155000.0,0.0,0.0,296406736.24000174,0.0,63.76,131.37,34.23,165.6,0.0,0.0,0.0,7.85,0.0,0.0,0.0,3.39,4,3.57,66
5533,皇鼎,建材營造,0.56,1128405000.0,2015008928.5714283,0.28,1117333633.6017785,0.55,15.21,17.13,9.21,26.34,5.07,14.49,8.36,13.95,0.6,0.36,1.04,0.41,1,1.39,2
5534,長虹,建材營造,6.0,9314448000.0,1552408000.0,2.35,7240691501.529431,4.66,12.64,14.38,9.68,24.06,45.11,112.12,58.92,74.7,0.79,0.6,1.5,15.69,59,0.81,39
5536,聖暉*,其他電子類,28.42,41109272000.0,1446490921.8859956,13.65,51420646632.71612,35.55,23.32,28.82,13.66,42.48,485.61,1510.16,829.04,1005.0,0.82,0.48,1.5,57.14,147,161.97,99
5521,工信,建材營造,0.51,8867276000.0,17386815686.27451,0.25,10208569745.91803,0.59,127.69,652.12,15.38,667.5,9.07,393.82,75.33,10.2,7.39,0.89,38.61,0.38,59,17.65,169
5538,東明-KY,鋼鐵工業,3.02,12673987000.0,4196684437.0860925,1.36,13286712966.74907,3.17,15.19,23.41,8.94,32.35,28.34,102.55,48.16,36.0,1.34,0.79,2.85,21.66,123,4.95,29
5546,永固-KY,建材營造,-2.13,2087510000.0,0.0,0.0,858402346.5981517,0.0,171.78,18.82,160.0,178.82,0.0,0.0,0.0,16.8,0.0,0.0,0.0,0.0,0,2.53,46
5547,久舜,建材營造,3.14,291501000.0,92834713.37579617,0.0,0.0,0.0,7.96,2.14,6.83,8.97,0.0,0.0,0.0,21.85,0.0,0.0,0.0,0.0,0,4.38,72
5548,安倉,建材營造,2.04,2476373000.0,1213908333.3333333,0.91,2749977598.088894,2.27,13.29,8.61,8.96,17.57,20.34,39.88,30.17,23.3,1.29,0.87,1.71,9.34,87,0.19,2
5601,台聯櫃,航運業,0.42,93551000.0,222740476.1904762,0.18,94049649.594438,0.42,89.4,28.27,72.5,100.77,30.45,42.32,37.55,32.2,1.17,0.95,1.31,0.0,0,4.55,24
5603,陸海,航運業,0.4,1398865000.0,3497162500.0,0.16,1284940240.926047,0.37,63.83,330.62,11.05,341.67,4.09,126.42,23.62,15.25,1.55,0.27,8.29,38.78,147,0.0,0
5210,寶碩,資訊服務業,0.73,272289000.0,372998630.1369863,0.34,285268115.003638,0.76,45.35,49.68,28.1,77.78,21.36,59.11,34.46,29.25,1.18,0.73,2.02,0.0,0,12.77,8
5607,遠雄港,航運業,2.78,4051816000.0,1457487769.7841728,1.41,5442412357.042032,3.73,20.66,12.65,14.68,27.33,54.76,101.94,77.06,51.8,1.49,1.06,1.97,11.27,45,37.48,71
5608,四維航,航運業,-0.12,3208452000.0,0.0,0.0,3108707463.7767878,0.0,62.75,3.7,61.52,65.22,0.0,0.0,0.0,15.0,0.0,0.0,0.0,5.68,3,17.21,78
5543,桓鼎-KY,建材營造,-2.51,3144157000.0,0.0,0.0,3390980004.2718053,0.0,0.0,0.0,0.0,0.0,0.0,0.0,0.0,29.95,0.0,0.0,0.0,8.0,3,59.3,150
5609,中菲行,航運業,8.0,29430867000.0,3678858375.0,3.4,30002873285.898357,8.16,11.58,4.99,9.71,14.7,79.23,119.95,94.53,81.3,1.16,0.97,1.48,1.71,2,0.36,1
5520,力泰,建材營造,9.97,4226492000.0,423920962.888666,3.77,3941619546.667599,9.3,9.14,2.53,7.87,10.4,73.19,96.72,84.97,81.3,1.05,0.9,1.19,0.96,24,21.36,77
5516,雙喜,建材營造,0.17,1938290000.0,11401705882.35294,0.1,2961612573.391531,0.26,55.21,73.52,7.73,81.25,2.01,21.12,14.35,10.2,1.41,0.2,2.07,0.0,0,0.0,0
5483,中美晶,半導體業,6.71,77689163000.0,11578116691.505217,2.87,78809405250.59454,6.81,16.65,18.34,9.14,27.48,62.24,187.14,113.39,168.5,0.67,0.37,1.11,8.88,42,28.43,143
5215,科嘉-KY,電腦及週邊設備業,2.04,2592010000.0,1270593137.254902,1.05,3408925481.872432,2.68,15.09,15.19,8.69,23.88,23.29,64.0,40.44,50.3,0.8,0.46,1.27,5.98,35,3.84,161
5484,慧友,光電業,-0.59,458727000.0,0.0,0.0,932952026.7181114,0.0,121.51,42.97,101.89,144.86,0.0,0.0,0.0,53.6,0.0,0.0,0.0,317.99,32,35.43,87
5213,亞昕,建材營造,3.14,17240512000.0,5490608917.197452,1.85,11201945130.558123,2.04,16.16,32.49,7.12,39.61,14.52,80.8,32.96,26.75,1.23,0.54,3.02,23.37,57,2.82,4
5487,通泰,半導體業,-0.53,168084000.0,0.0,0.0,143792953.28759146,0.0,0.0,0.0,0.0,0.0,0.0,0.0,0.0,27.6,0.0,0.0,0.0,36.26,109,0.6,1
5212,凌網,資訊服務業,4.75,1290950000.0,271778947.3684211,2.05,1431729736.1234946,5.27,14.47,12.37,9.55,21.92,50.33,115.52,76.28,46.75,1.63,1.08,2.47,2.69,1,24.72,168
5519,隆大,建材營造,4.96,6014678000.0,1212636693.548387,0.95,3962156420.5983133,3.27,8.41,8.57,4.52,13.09,14.78,42.8,27.5,31.95,0.86,0.46,1.34,26.25,59,2.68,4
5488,松普,電子零組件業,0.11,778399000.0,7076354545.454545,0.06,981759049.4148922,0.14,228.28,1095.49,24.51,1120.0,3.43,156.8,31.96,13.4,2.39,0.26,11.7,22.56,162,15.03,73
5490,同亨,電腦及週邊設備業,1.69,1522742000.0,901030769.2307693,0.78,1687905372.668165,1.87,27.8,57.81,15.33,73.14,28.67,136.77,51.98,29.25,1.78,0.98,4.68,34.0,32,25.34,102
5493,三聯,其他電子類,4.18,5359000000.0,1282057416.2679427,1.97,6245832215.742699,4.87,18.91,26.06,11.24,37.3,54.74,181.65,92.11,95.3,0.97,0.57,1.91,11.44,32,35.83,63
5498,凱崴,電子零組件業,0.0,1359340000.0,0.0,0.0,2037594492.891181,0.0,555.83,76.67,510.83,587.5,0.0,0.0,0.0,66.0,0.0,0.0,0.0,10.75,44,231.03,176
5508,永信建,建材營造,3.06,2428176000.0,793521568.627451,1.98,2671533607.290534,3.37,12.66,14.7,6.23,20.93,21.0,70.53,42.65,46.85,0.91,0.45,1.51,48.67,57,7.14,9
5511,德昌,建材營造,10.63,10690300000.0,1005672624.6472248,4.93,13209703759.520523,13.14,8.05,3.95,5.89,9.84,77.39,129.3,105.74,71.4,1.48,1.08,1.81,1.7,30,13.29,168
5512,力麒,建材營造,0.17,6947963000.0,40870370588.23529,0.07,6597265646.451242,0.16,56.95,60.42,25.0,85.42,4.0,13.67,9.11,7.38,1.23,0.54,1.85,13.95,46,0.11,2
5514,三豐,建材營造,-0.14,684937000.0,0.0,0.0,672431048.7657437,0.0,78.36,121.34,40.66,162.0,0.0,0.0,0.0,13.95,0.0,0.0,0.0,7.52,57,0.0,0
5515,建國,建材營造,4.48,7364521000.0,1643866294.642857,2.02,8204329238.639329,4.99,9.85,7.36,6.64,14.0,33.13,69.86,49.14,41.55,1.18,0.8,1.68,20.0,182,18.28,178
5211,蒙恬,資訊服務業,-0.77,210612000.0,0.0,0.0,298289616.4109024,0.0,0.0,0.0,0.0,0.0,0.0,0.0,0.0,18.45,0.0,0.0,0.0,1.64,10,37.53,100
5489,彩富,其他電子類,2.0,1653712000.0,826856000.0,0.91,1892559553.2040405,2.29,33.32,57.17,16.19,73.36,37.08,167.99,76.31,38.85,1.96,0.95,4.32,18.86,35,8.57,29
6026,福邦證,金融業,1.72,1113064000.0,647130232.5581396,1.04,3586909185.030531,5.54,19.97,79.06,7.01,86.07,38.84,476.83,110.65,17.3,6.4,2.25,27.56,6.56,37,2.41,4
6028,公勝保經,金融業,8.27,0.0,0.0,0.0,0.0,0.0,11.12,2.87,9.97,12.84,0.0,0.0,0.0,79.1,0.0,0.0,0.0,81.88,127,5.54,37
6101,寬魚國際,文化創意業,-0.19,1024378000.0,0.0,0.0,2608768048.505541,0.0,126.08,196.6,46.93,243.53,0.0,0.0,0.0,40.25,0.0,0.0,0.0,7.55,79,3.63,67
6103,合邦,半導體業,-0.56,84771000.0,0.0,0.0,101329171.60832003,0.0,464.47,3912.23,12.77,3925.0,0.0,0.0,0.0,39.45,0.0,0.0,0.0,35.65,102,12.66,9
6104,創惟,半導體業,5.62,4008734000.0,713297864.7686833,2.44,4051768328.7891026,5.68,40.76,72.15,14.34,86.49,81.45,491.26,231.5,101.5,2.28,0.8,4.84,60.64,142,0.0,0
6108,競國,電子工業,-0.88,4214668000.0,0.0,0.0,4619176196.494789,0.0,33.31,64.93,7.75,72.68,0.0,0.0,0.0,19.95,0.0,0.0,0.0,0.0,0,11.7,73
6024,群益期,金融保險,5.48,2946386000.0,537661678.8321167,1.85,2250058061.359764,4.18,10.36,4.81,7.71,12.52,32.23,52.33,43.31,58.2,0.74,0.55,0.9,2.84,8,2.39,10
6109,亞元,通信網路業,-0.94,758747000.0,0.0,0.0,972036476.72208,0.0,138.49,31.5,115.5,147.0,0.0,0.0,0.0,11.15,0.0,0.0,0.0,1.7,127,37.75,137
6112,邁達特,資訊服務業,1.82,21632169000.0,11885807142.857143,0.86,26816602347.884888,2.26,806.11,5690.5,19.5,5710.0,44.07,12904.6,1821.81,47.05,38.72,0.94,274.27,12.3,43,24.74,37
5203,訊連,電子工業,3.63,2427908000.0,668845179.0633609,1.48,2485629842.125718,3.72,27.71,29.82,16.71,46.53,62.16,173.09,103.07,70.0,1.47,0.89,2.47,11.39,44,4.44,2
6113,亞矽,電子通路業,-0.25,646000000.0,0.0,0.0,797688560.8319395,0.0,349.51,515.93,84.07,600.0,0.0,0.0,0.0,27.7,0.0,0.0,0.0,0.0,0,3.09,9
6114,久威,電子零組件業,2.66,897454000.0,337388721.80451125,0.98,702854710.6464237,2.08,27.31,77.61,7.05,84.66,14.66,176.09,56.8,30.7,1.85,0.48,5.74,54.22,94,8.95,7
6115,鎰勝,電子工業,2.85,7433274000.0,2608166315.7894735,1.27,8031039980.520937,3.08,16.2,5.41,13.15,18.56,40.5,57.16,49.91,47.45,1.05,0.85,1.2,5.51,31,2.71,31
6116,彩晶,光電業,-0.75,11477038000.0,0.0,0.0,11721856718.554077,0.0,0.0,0.0,0.0,0.0,0.0,0.0,0.0,18.8,0.0,0.0,0.0,1.49,18,20.54,115
6111,光聚晶電,文化創意業,-4.62,7140131000.0,0.0,0.0,16262725964.09539,0.0,741.84,1839.4,57.27,1896.67,0.0,0.0,0.0,44.1,0.0,0.0,0.0,5.68,24,2.48,3
6023,元大期,金融業,8.45,3633121000.0,429955147.9289941,4.24,4287904548.2718787,9.97,11.98,3.49,10.23,13.72,101.99,136.79,119.45,100.0,1.19,1.02,1.37,4.62,30,14.08,177
6021,美好證,金融業,3.75,2015939000.0,537583733.3333334,0.0,0.0,0.0,17.31,23.72,5.4,29.12,0.0,0.0,0.0,37.65,0.0,0.0,0.0,34.27,17,33.97,164
5864,致和證,金融業,2.56,996266000.0,389166406.25,0.0,0.0,0.0,11.26,29.6,4.29,33.89,0.0,0.0,0.0,43.4,0.0,0.0,0.0,1.97,18,27.13,163
5871,中租-KY,其他,11.24,97807317000.0,8701718594.30605,4.62,94816075792.62898,10.9,10.1,4.48,7.63,12.11,83.17,132.0,110.07,108.5,1.01,0.77,1.22,5.77,126,8.3,45
5871A,中租-KY甲特,其他,0.0,0.0,0.0,0.0,0.0,0.0,0.0,0.0,0.0,0.0,0.0,0.0,0.0,102.5,0.0,0.0,0.0,1.03,42,2.49,46
5876,上海商銀,金融保險,3.06,54529641000.0,17820144117.64706,1.25,51747003170.97125,2.9,15.28,8.21,12.27,20.48,35.58,59.39,44.32,39.8,1.11,0.89,1.49,0.76,31,3.15,22
5878,台名,金融業,2.86,878908000.0,307310489.5104895,1.32,884351072.9959606,2.88,17.82,9.27,13.73,23.0,39.54,66.24,51.32,40.8,1.26,0.97,1.62,2.15,1,0.0,0
5880,合庫金,金融保險,1.36,72176581000.0,53071015441.17647,0.54,74813264792.57219,1.41,19.76,6.46,16.21,22.67,22.86,31.96,27.87,22.85,1.22,1.0,1.4,6.25,59,10.25,65
5906,台南-KY,貿易百貨,1.0,1692931000.0,1692931000.0,0.42,1593519561.9750257,0.94,34.74,42.55,23.98,66.53,22.54,62.54,32.65,47.0,0.69,0.48,1.33,5.83,81,11.6,142
5907,大洋-KY,貿易百貨,-4.55,2793027000.0,0.0,0.0,2516212900.7335258,0.0,0.0,0.0,0.0,0.0,0.0,0.0,0.0,5.07,0.0,0.0,0.0,52.34,142,2.21,10
6005,群益證,金融保險,2.64,18678452000.0,7075171212.121212,1.94,39162088300.22386,5.54,11.27,5.19,8.53,13.72,47.26,76.01,62.46,39.6,1.58,1.19,1.92,6.71,21,4.71,127
5206,坤悅,建材營造,3.84,3769600000.0,981666666.6666667,2.21,4468754508.353735,4.55,16.73,69.72,4.31,74.03,19.61,336.84,76.12,21.7,3.51,0.9,15.52,50.2,59,5.19,9
6015,宏遠證,金融業,0.76,1429585000.0,1881032894.7368422,0.83,8082652069.017697,4.3,61.32,274.87,7.63,282.5,32.81,1214.75,263.69,19.75,13.35,1.66,61.51,4.28,21,7.08,127
6016,康和證,金融業,1.92,3881404000.0,2021564583.3333335,2.8,82841214569.33107,40.98,28.69,129.87,5.13,135.0,210.23,5532.3,1175.85,30.2,38.94,6.96,183.19,3.03,35,17.75,127
6020,大展證,金融業,0.38,271592000.0,714715789.4736842,0.9,2633150280484.8486,3684.19,42.86,71.59,14.5,86.09,53420.76,317171.92,157893.83,24.1,6551.61,2216.63,13160.66,2.88,36,0.26,100
5220,萬達光電,光電業,-0.65,688288000.0,0.0,0.0,841842223.6521635,0.0,63.17,80.95,27.3,108.25,0.0,0.0,0.0,23.35,0.0,0.0,0.0,1.66,23,14.18,78
6117,迎廣,電子工業,3.77,3198480000.0,848403183.0238727,1.69,3685406678.217559,4.34,27.39,43.41,15.58,58.99,67.62,256.02,118.86,85.8,1.39,0.79,2.98,0.0,0,17.71,29
5478,智冠,文化創意業,7.93,6441132000.0,812248675.9142497,3.83,7509163127.8622675,9.24,16.45,16.1,11.41,27.51,105.43,254.19,151.98,100.0,1.52,1.05,2.54,3.08,24,6.86,120
5222,全訊,半導體業,2.63,995074000.0,378355133.07984793,0.95,777649922.52287,2.06,33.37,55.49,18.84,74.33,38.81,153.12,68.74,126.5,0.54,0.31,1.21,5.9,45,52.83,95
5284,jpp-KY,其他,12.06,3612748000.0,299564510.7794361,6.42,5445459001.841904,18.18,48.0,151.25,21.43,172.68,389.6,3139.32,872.57,446.5,1.95,0.87,7.03,36.69,147,111.63,151
5285,界霖,半導體業,1.54,5320040000.0,3454571428.5714283,0.69,5751960742.976095,1.67,28.13,27.9,15.0,42.9,25.05,71.64,46.97,89.4,0.53,0.28,0.8,2.27,112,21.29,154
5234,達興材料,光電業,7.37,4591955000.0,623060379.9185889,3.25,4937976463.3341,7.93,43.39,43.35,22.57,65.92,178.98,522.75,344.09,412.5,0.83,0.43,1.27,50.44,126,103.58,95
5288,豐祥-KY,電機機械,12.26,6818895000.0,556190456.7699836,6.26,7467549861.980189,13.43,10.91,6.85,7.61,14.46,102.2,194.2,146.56,161.0,0.91,0.63,1.21,8.08,126,2.45,31
5289,宜鼎,電腦及週邊設備業,21.83,13168865000.0,603246220.7970684,35.92,66107986911.09389,109.59,27.67,57.63,16.03,73.66,1756.73,8072.4,3032.34,1905.0,1.59,0.92,4.24,0.0,0,144.2,164
5291,邑昇,電子零組件業,0.32,1077231000.0,3366346875.0,0.17,1410017540.7069674,0.42,120.32,202.51,49.1,251.61,20.62,105.68,50.54,71.5,0.71,0.29,1.48,0.0,0,9.02,183
5292,華懋,綠能環保,10.16,2797518000.0,275346259.8425197,3.87,2576480795.3864317,9.36,17.01,14.16,12.53,26.69,117.28,249.82,159.2,229.5,0.69,0.51,1.09,15.19,32,16.22,101
5283,禾聯碩,電器電纜,6.03,6483577000.0,1075220066.3349917,2.36,6352927714.698222,5.91,13.22,10.08,8.76,18.84,51.77,111.34,78.14,53.4,1.46,0.97,2.09,0.45,1,0.0,0
5302,太欣,半導體業,-0.11,18269000.0,0.0,0.0,37510359.36285937,0.0,0.0,0.0,0.0,0.0,0.0,0.0,0.0,11.0,0.0,0.0,0.0,28.28,3,51.41,72
5230,雷笛克光學,光電業,-1.34,1327863000.0,0.0,0.0,1298872579.056228,0.0,48.23,69.07,27.26,96.33,0.0,0.0,0.0,17.45,0.0,0.0,0.0,0.0,0,0.85,1
5309,系統電,電子零組件業,0.27,3337464000.0,12360977777.777777,0.12,3497757741.881102,0.28,177.33,596.9,26.43,623.33,7.4,174.53,49.65,75.9,0.65,0.1,2.3,38.94,175,121.96,101
5310,天剛,資訊服務業,0.52,992000.0,1907692.3076923075,0.07,290133.3333333333,0.15,48.6,339.97,12.89,352.86,1.93,52.93,7.29,24.7,0.3,0.08,2.14,35.24,67,0.0,0
5312,寶島科,生技醫療業,6.41,4132651000.0,644719344.773791,2.93,4654106025.589748,7.22,15.03,8.9,12.38,21.28,89.38,153.64,108.51,93.9,1.16,0.95,1.64,2.83,183,4.79,7
5315,光聯,光電業,1.89,2009859000.0,1063417460.3174604,0.74,1892038895.773508,1.78,18.9,21.02,11.63,32.65,20.7,58.12,33.63,22.55,1.49,0.92,2.58,27.11,183,7.94,178
5299,杰力,半導體業,4.58,1515551000.0,330906331.87772924,1.92,1400754863.6581378,4.23,17.98,15.27,11.13,26.4,47.08,111.67,76.06,115.0,0.66,0.41,0.97,6.67,38,3.56,151
5276,達輝-KY,其他,1.13,919058000.0,813325663.7168143,0.52,1035051490.4393036,1.27,31.85,107.28,12.48,119.76,15.85,152.1,40.44,19.7,2.05,0.8,7.72,53.75,46,9.91,1
5243,乙盛-KY,電子工業,4.4,12177833000.0,2767689318.181818,1.82,11022626009.557978,3.98,19.39,17.64,11.22,28.86,44.66,114.86,77.19,124.0,0.62,0.36,0.93,22.64,175,82.29,171
5245,智晶,光電業,-4.89,790349000.0,0.0,0.0,643610277.3978382,0.0,0.0,0.0,0.0,0.0,0.0,0.0,0.0,27.6,0.0,0.0,0.0,20.46,92,56.98,57
5251,天鉞電,光電業,0.04,339335000.0,8483375000.0,0.02,269760263.7071432,0.03,686.75,2640.0,295.0,2935.0,8.85,88.05,20.6,29.35,0.7,0.3,3.0,0.0,0,28.48,18
5258,虹堡,電子工業,4.24,7836415000.0,1848211084.9056604,1.75,8347229341.62751,4.52,15.35,13.17,9.21,22.38,41.63,101.16,69.38,52.5,1.32,0.79,1.93,8.24,112,33.17,74
5263,智崴,文化創意業,-2.83,1389771000.0,0.0,0.0,1631261694.3290803,0.0,231.38,293.12,78.55,371.67,0.0,0.0,0.0,101.0,0.0,0.0,0.0,50.75,81,0.48,2
5269,祥碩,半導體業,72.7,12907479000.0,177544415.40577716,31.54,16777981106.476711,94.5,32.3,45.6,14.61,60.21,1380.64,5689.84,3052.35,1520.0,2.01,0.91,3.74,14.53,16,6.6,9
5272,笙科,半導體業,-1.33,347822000.0,0.0,0.0,277773203.0860767,0.0,198.08,51.56,166.25,217.81,0.0,0.0,0.0,22.5,0.0,0.0,0.0,6.7,37,22.96,38
5274,信驊,半導體業,103.92,8949538000.0,86119495.76597382,61.52,13522580323.499239,157.02,86.37,145.71,34.24,179.95,5376.36,28255.75,13561.69,18500.0,0.73,0.29,1.53,39.53,81,85.42,179
5236,凌陽創新,半導體業,8.65,1997623000.0,230939075.14450866,4.13,2298533340.6779194,9.95,17.08,11.67,12.91,24.58,128.45,244.57,169.92,182.0,0.93,0.71,1.34,6.86,135,12.75,150
5228,鈺鎧,電子零組件業,-0.21,518941000.0,0.0,0.0,805418258.4339261,0.0,58.79,28.12,45.4,73.52,0.0,0.0,0.0,64.7,0.0,0.0,0.0,1.77,45,0.0,0
5324,士開,建材營造,-0.05,1340608000.0,0.0,0.0,864422243.2352182,0.0,49.7,143.77,10.67,154.44,0.0,0.0,0.0,11.9,0.0,0.0,0.0,2.73,59,6.22,11
5328,華容,電子零組件業,0.39,881581000.0,2260464102.5641026,0.18,976892021.6205825,0.43,57.62,107.67,27.69,135.36,11.91,58.2,24.78,39.8,0.62,0.3,1.46,27.36,35,62.98,164
5434,崇越,電子通路業,21.8,66554106000.0,3052940642.2018347,10.41,78279520498.92036,25.64,15.88,9.61,10.97,20.58,281.27,527.67,407.04,453.0,0.9,0.62,1.16,20.0,161,35.6,154
5438,東友,電腦及週邊設備業,0.51,1315943000.0,2580280392.1568627,0.13,769831752.590548,0.3,70.5,339.58,14.59,354.17,4.38,106.25,21.15,19.35,1.09,0.23,5.49,135.46,156,50.62,115
5439,高技,電子零組件業,13.74,9245672000.0,672901892.2852983,6.31,15478038101.087946,23.0,36.13,53.48,14.74,68.22,339.02,1569.06,831.01,380.0,2.19,0.89,4.13,23.8,183,118.13,182
5225,東科-KY,其他電子業,10.26,11240635000.0,1095578460.0389864,3.53,9568360439.103899,8.73,9.95,10.22,6.47,16.69,56.48,145.7,86.88,71.6,1.21,0.79,2.03,36.02,86,25.81,77
5452,佶優,其他電子類,0.33,4978088000.0,15085115151.51515,0.13,4330710740.82279,0.29,85.2,104.56,41.02,145.58,11.9,42.22,24.71,35.1,0.7,0.34,1.2,72.6,32,1.25,88
5223,安力-KY,電腦及週邊設備業,-0.67,1919124000.0,0.0,0.0,1993548703.5814779,0.0,279.84,86.51,236.82,323.33,0.0,0.0,0.0,25.55,0.0,0.0,0.0,1.99,10,3.16,8
5455,昇益,建材營造,3.46,2170879000.0,627421676.300578,0.01,8088111.305507114,0.01,8.71,13.19,3.45,16.64,0.03,0.17,0.09,24.6,0.0,0.0,0.01,55.31,73,0.52,1
5457,宣德,電子零組件業,2.77,24329570000.0,8783238267.148014,1.04,23400890449.326267,2.66,23.07,47.19,12.27,59.46,32.64,158.16,61.36,30.05,2.04,1.09,5.26,5.94,15,19.81,113
5464,霖宏,電子零組件業,-2.6,967415000.0,0.0,0.0,1182616774.4338171,0.0,26.78,44.96,11.64,56.6,0.0,0.0,0.0,80.5,0.0,0.0,0.0,8.72,16,3.63,7
5465,富驊,電腦及週邊設備業,1.29,5633240000.0,4366852713.178294,0.39,3541698164.0361614,0.81,19.7,14.81,13.88,28.69,11.24,23.24,15.95,27.1,0.59,0.41,0.86,3.17,183,10.43,23
5468,凱鈺,半導體業,-0.65,164049000.0,0.0,0.0,236949622.03036982,0.0,438.83,68.75,406.25,475.0,0.0,0.0,0.0,18.25,0.0,0.0,0.0,29.44,23,0.0,0
5469,瀚宇博,電子工業,6.05,55369479000.0,9151980000.0,2.88,76510407281.84425,8.36,11.69,11.85,6.22,18.07,52.0,151.07,97.75,86.0,1.14,0.6,1.76,0.35,1,87.08,182
5471,松翰,半導體業,0.72,2689883000.0,3735948611.111111,0.36,3161862827.761807,0.85,43.24,40.29,27.66,67.95,23.51,57.76,36.76,53.1,0.69,0.44,1.09,2.43,35,18.09,106
5474,聰泰,電腦及週邊設備業,5.49,1444285000.0,263075591.98542804,1.9,1479528690.0560026,5.62,26.69,22.29,16.92,39.21,95.09,220.36,150.02,198.0,0.76,0.48,1.11,13.5,37,46.69,101
5460,同協,電子零組件業,-0.17,234145000.0,0.0,0.0,257214670.61055362,0.0,121.06,237.16,46.59,283.75,0.0,0.0,0.0,14.8,0.0,0.0,0.0,53.38,101,30.11,80
5426,振發,電腦及週邊設備業,0.52,1797107000.0,3455975000.0,0.25,1836451453.7737305,0.53,146.0,840.85,16.65,857.5,8.82,454.48,77.38,20.5,3.77,0.43,22.17,0.0,0,28.86,21
5425,台半,半導體業,2.08,17898763000.0,8605174519.230768,0.88,17867708403.026962,2.08,32.06,35.48,18.96,54.44,39.44,113.24,66.69,106.5,0.63,0.37,1.06,2.95,4,45.82,141
5340,建榮,電子零組件業,1.2,2256598000.0,1880498333.3333335,0.56,2648673270.076793,1.41,81.24,186.47,33.53,220.0,47.28,310.2,114.54,105.0,1.09,0.45,2.95,13.65,4,61.8,165
5227,立凱-KY,電子零組件業,0.18,402313000.0,2235072222.2222223,0.04,127821582.78543371,0.06,40.25,129.92,9.49,139.41,0.57,8.36,2.42,24.7,0.1,0.02,0.34,7.75,175,20.57,93
5344,立衛,半導體業,-0.38,334902000.0,0.0,0.0,407754900.87753975,0.0,35.33,31.0,21.27,52.27,0.0,0.0,0.0,15.85,0.0,0.0,0.0,3.37,22,33.07,87
5347,世界,半導體業,4.3,47964760000.0,11154595348.83721,1.93,51721454380.03502,4.64,24.26,25.4,17.74,43.14,82.31,200.17,112.57,179.0,0.63,0.46,1.12,37.2,28,29.65,113
5351,鈺創,半導體業,-1.53,3643776000.0,0.0,0.0,15321621373.38202,0.0,85.73,17.63,76.7,94.33,0.0,0.0,0.0,89.7,0.0,0.0,0.0,3.89,21,95.29,163
5353,台林,通信網路業,1.38,1819058000.0,1318157971.0144928,0.57,1854224083.0815358,1.41,16.68,13.55,10.33,23.88,14.57,33.67,23.52,32.0,0.74,0.46,1.05,0.0,0,0.0,0
5355,佳總,電子零組件業,-1.12,454197000.0,0.0,0.0,479167991.949204,0.0,0.0,0.0,0.0,0.0,0.0,0.0,0.0,6.4,0.0,0.0,0.0,19.33,31,27.25,77
5356,協益,電腦及週邊設備業,0.44,3440781000.0,7819956818.181818,0.17,3033585340.7431264,0.39,23.25,57.75,4.18,61.93,1.63,24.15,9.07,27.35,0.33,0.06,0.88,0.76,4,1.89,24
5371,中光電,光電業,0.95,39194727000.0,41257607368.42105,0.4,43745283033.230804,1.06,57.7,101.46,22.37,123.83,23.71,131.26,61.16,73.9,0.83,0.32,1.78,0.0,0,131.04,93
5381,光譜,電子零組件業,0.72,2135776000.0,2966355555.555556,0.3,1863799187.4876955,0.63,51.57,103.98,17.85,121.83,11.25,76.75,32.49,26.55,1.22,0.42,2.89,8.3,39,46.73,71
5386,青雲,電腦及週邊設備業,8.78,5565492000.0,633882915.7175399,18.82,30044687512.515274,47.4,25.49,52.42,8.21,60.63,389.15,2873.86,1208.02,581.0,2.08,0.67,4.95,48.67,87,9.93,45
5388,中磊,通信網路業,4.04,53084553000.0,13139740841.584158,2.26,75828875195.25957,5.77,15.83,11.35,11.18,22.53,64.51,130.0,91.36,90.1,1.01,0.72,1.44,2.94,29,17.93,60
5392,能率,光電業,-0.28,8728682000.0,0.0,0.0,8783257401.357973,0.0,275.71,607.13,52.87,660.0,0.0,0.0,0.0,48.9,0.0,0.0,0.0,6.5,32,98.98,115
5398,慕康生醫,其他,0.35,233856000.0,668160000.0,0.08,192604809.40254653,0.29,85.14,67.12,50.76,117.88,14.72,34.19,24.69,17.0,1.45,0.87,2.01,51.91,164,15.45,183
5403,中菲,資訊服務業,8.56,3406899000.0,398002219.6261682,3.82,3189582518.2095537,8.01,14.65,8.28,10.72,19.0,85.87,152.19,117.32,89.1,1.32,0.96,1.71,3.67,4,5.0,95
5410,國眾,資訊服務業,2.35,4317858000.0,1837386382.9787233,1.42,5835835044.36175,3.18,16.1,11.32,11.66,22.98,37.08,73.08,51.2,41.75,1.23,0.89,1.75,0.24,10,36.07,123
5475,德宏,電子零組件業,-0.16,829935000.0,0.0,0.0,1599394057.6495593,0.0,1255.07,167.39,1158.7,1326.09,0.0,0.0,0.0,297.0,0.0,0.0,0.0,36.78,36,297.68,122
6118,建達,電子通路業,0.4,9901791000.0,24754477500.0,0.17,10549240495.70673,0.43,41.6,60.83,25.3,86.13,10.88,37.04,17.89,17.85,1.0,0.61,2.08,8.98,43,66.67,87
6212,理銘,建材營造,3.95,3083792000.0,780706835.443038,0.55,536516130.34884864,0.69,7.92,10.62,4.19,14.81,2.89,10.22,5.46,27.6,0.2,0.1,0.37,48.83,73,2.79,8
6213,聯茂,電子工業,4.16,32363618000.0,7779715865.384615,2.03,39089304739.30424,5.02,35.66,52.16,21.31,73.47,106.98,368.82,179.01,295.0,0.61,0.36,1.25,20.0,32,57.83,88
6214,精誠,資訊服務業,7.9,43098943000.0,5455562405.063291,3.8,53186091013.590096,9.75,18.22,11.33,12.79,24.12,124.7,235.17,177.61,144.0,1.23,0.87,1.63,16.87,156,18.86,129
6215,和椿,其他電子業,2.09,2411631000.0,1153890430.6220098,1.2,3876149586.1585803,3.36,56.35,60.9,28.53,89.43,95.86,300.48,189.33,129.0,1.47,0.74,2.33,12.0,114,60.02,72
6216,居易,通信網路業,0.61,760941000.0,1247444262.295082,0.2,530860719.1098883,0.43,37.86,390.79,10.04,400.83,4.32,172.36,16.28,23.0,0.71,0.19,7.49,32.42,149,1.08,2
6210,慶生,電子零組件業,-3.1,306659000.0,0.0,0.0,469420455.7095339,0.0,0.0,0.0,0.0,0.0,0.0,0.0,0.0,20.75,0.0,0.0,0.0,8.4,84,14.33,141
6217,中探針,電子零組件業,-1.68,3644431000.0,0.0,0.0,4716966754.177693,0.0,0.0,0.0,0.0,0.0,0.0,0.0,0.0,305.0,0.0,0.0,0.0,22.12,32,109.42,140
4977,眾達-KY,通信網路業,4.5,1117417000.0,248314888.8888889,1.32,765284227.6353817,3.08,88.29,432.46,17.54,450.0,54.02,1386.0,271.93,217.0,1.25,0.25,6.39,75.2,183,60.18,98
6219,富旺,建材營造,-0.8,2723162000.0,0.0,0.0,3993344528.257904,0.0,17.26,26.36,4.65,31.01,0.0,0.0,0.0,12.1,0.0,0.0,0.0,34.06,59,0.0,0
6220,岳豐,電子零組件業,0.81,8272013000.0,10212361728.395061,0.36,8226125300.993877,0.81,26.2,47.53,10.55,58.08,8.55,47.04,21.22,33.65,0.63,0.25,1.4,20.42,175,30.5,182
6221,晉泰,資訊服務業,2.77,5504900000.0,1987328519.8555956,0.86,3553618900.173968,1.79,16.48,21.04,7.49,28.53,13.41,51.07,29.49,23.85,1.24,0.56,2.14,1.27,45,2.14,10
6222,立軒,光電業,-0.4,2936000.0,0.0,0.0,2263784.511784512,0.0,0.0,0.0,0.0,0.0,0.0,0.0,0.0,20.65,0.0,0.0,0.0,23.73,53,0.0,0
6223,旺矽,半導體業,33.49,13033582000.0,389178321.88713044,17.51,18293407225.106247,47.01,57.65,150.55,20.25,170.8,951.95,8029.31,2710.33,5680.0,0.48,0.17,1.41,75.51,142,197.51,179
6224,聚鼎,電子工業,0.66,2917892000.0,4421048484.848485,0.27,2726569534.7937994,0.62,35.18,114.88,16.91,131.79,10.48,81.71,21.81,88.1,0.25,0.12,0.93,45.49,133,7.72,143
6225,天瀚,光電業,-0.06,52315000.0,0.0,0.0,38058478.29559522,0.0,45.4,14.46,39.87,54.33,0.0,0.0,0.0,24.45,0.0,0.0,0.0,3.74,14,61.7,148
6218,豪勉,通信網路業,-1.14,1375342000.0,0.0,0.0,1477792917.6007626,0.0,0.0,0.0,0.0,0.0,0.0,0.0,0.0,38.35,0.0,0.0,0.0,50.81,37,18.72,37
6209,今國光,電子工業,0.93,3477742000.0,3739507526.88172,0.53,5444735842.657688,1.46,155.52,253.12,38.73,291.85,56.55,426.1,227.06,84.5,2.69,0.67,5.04,0.0,0,134.78,178
4994,傳奇,電子工業,1.96,1182743000.0,603440306.122449,0.87,1223800160.7385151,2.03,32.19,43.57,19.25,62.82,39.08,127.52,65.34,90.1,0.73,0.43,1.42,5.0,1,11.53,114
4991,環宇-KY,半導體業,0.16,2159582000.0,13497387500.0,0.09,3124320973.665876,0.23,1633.31,4694.71,265.29,4960.0,61.02,1140.8,375.66,735.0,0.51,0.08,1.55,159.98,183,141.4,151
4989,榮科,電子零組件業,-3.48,2536276000.0,0.0,0.0,4353316889.58454,0.0,0.0,0.0,0.0,0.0,0.0,0.0,0.0,107.0,0.0,0.0,0.0,0.0,0,217.2,164
4979,華星光,通信網路業,5.43,4315580000.0,794766114.1804788,2.55,4855572663.483743,6.11,51.02,109.5,22.73,132.23,138.88,807.93,311.75,650.0,0.48,0.21,1.24,49.28,183,48.44,182
6199,天品,其他,0.32,226939000.0,709184375.0,0.54,2156044025.607403,3.04,225.0,602.69,52.57,655.26,159.81,1991.99,683.99,89.9,7.61,1.78,22.16,243.64,183,17.45,98
6201,亞弘電,其他電子業,3.71,3442014000.0,927766576.819407,1.32,2846462044.7294164,3.07,12.78,4.6,10.9,15.5,33.46,47.58,39.23,48.5,0.81,0.69,0.98,1.24,35,6.9,60
6202,盛群,電子工業,0.76,3073437000.0,4043996052.631579,0.33,3239641387.0883074,0.8,168.79,433.15,58.39,491.54,46.71,393.23,135.03,58.1,2.32,0.8,6.77,4.93,35,5.66,3
6203,海韻電,電子零組件業,5.51,2765536000.0,501912159.70961887,1.79,2278494442.728544,4.54,20.39,44.18,9.65,53.83,43.81,244.39,92.57,72.0,1.29,0.61,3.39,1.62,3,17.75,177
6204,艾華,電子零組件業,1.18,380189000.0,322194067.7966102,0.51,392355543.23307097,1.22,46.1,97.67,6.41,104.08,7.82,126.98,56.24,102.0,0.55,0.08,1.24,1.7,32,33.01,150
6205,詮欣,電子工業,2.0,1369150000.0,684575000.0,0.72,1124625605.7856843,1.64,28.09,39.19,14.8,53.99,24.27,88.54,46.06,81.2,0.57,0.3,1.09,3.99,31,2.96,2
6206,飛捷,電子工業,6.9,5108829000.0,740410000.0,3.44,5714333270.007688,7.72,15.87,17.18,11.81,28.99,91.17,223.8,122.49,141.5,0.87,0.64,1.58,0.0,0,26.01,44
6207,雷科,電子零組件業,0.9,1250009000.0,1388898888.8888888,0.35,971313469.1462015,0.7,42.14,177.7,16.74,194.44,11.72,136.11,29.49,122.5,0.24,0.1,1.11,25.18,32,81.3,86
6226,光鼎,光電業,-0.28,635376000.0,0.0,0.0,586139602.6637145,0.0,0.0,0.0,0.0,0.0,0.0,0.0,0.0,13.55,0.0,0.0,0.0,12.15,35,4.49,66
6227,茂綸,電子通路業,7.54,17398028000.0,2307430769.230769,3.77,22251788928.01975,9.64,14.48,10.11,10.81,20.92,104.21,201.67,139.6,132.0,1.06,0.79,1.53,0.0,0,13.64,67
6261,久元,半導體業,4.24,4107857000.0,968834198.1132075,1.87,4469761090.826396,4.61,16.86,19.1,12.46,31.56,57.44,145.49,77.74,118.5,0.66,0.48,1.23,15.07,32,4.93,74
6263,普萊德,通信網路業,8.32,1881342000.0,226122836.53846154,3.57,1917917983.937436,8.48,17.87,8.47,14.42,22.89,122.28,194.11,151.57,175.5,0.86,0.7,1.11,11.61,114,2.27,3
6264,富裔,建材營造,-0.5,117286000.0,0.0,0.0,126996207.97863463,0.0,164.84,36.6,154.0,190.6,0.0,0.0,0.0,6.06,0.0,0.0,0.0,13.22,44,2.0,4
6265,方土昶,電子通路業,0.68,771827000.0,1135039705.8823528,1.28,4726264558.922417,4.16,85.88,175.52,16.98,192.5,70.64,800.8,357.26,56.0,6.38,1.26,14.3,6.6,37,127.17,165
6266,泰詠,電子零組件業,2.04,3364052000.0,1649045098.0392156,0.8,3293126826.90954,2.0,14.11,6.26,11.07,17.33,22.14,34.66,28.21,28.1,1.0,0.79,1.23,0.28,15,0.87,7
6269,台郡,電子工業,-6.95,22414698000.0,0.0,0.0,23007108794.529526,0.0,31.36,46.35,12.99,59.34,0.0,0.0,0.0,69.1,0.0,0.0,0.0,9.45,18,29.85,86
6270,倍微,電子通路業,1.08,2772394000.0,2567031481.481481,0.47,2794286079.2454724,1.09,51.02,108.84,15.99,124.83,17.43,136.06,55.62,28.15,1.98,0.62,4.83,18.51,44,7.48,65
6271,同欣電,半導體業,7.64,11595081000.0,1517680759.1623037,3.13,11282813849.848837,7.43,17.6,28.42,10.23,38.65,76.01,287.17,130.74,247.5,0.53,0.31,1.16,4.92,43,22.64,154
6259,百徽,電子零組件業,0.71,459318000.0,646926760.5633804,0.41,609327340.9334346,0.94,32.18,30.95,17.94,48.89,16.86,45.96,30.25,26.55,1.14,0.64,1.73,3.1,28,5.51,65
6272,驊陞,電子零組件業,3.42,688946000.0,201446198.83040935,0.0,0.0,0.0,13.24,10.09,9.84,19.93,0.0,0.0,0.0,34.95,0.0,0.0,0.0,72.17,42,20.23,91
6274,台燿,電子零組件業,12.13,29179204000.0,2405540313.272877,7.45,48655480601.1036,20.23,33.08,110.95,12.24,123.19,247.62,2492.13,669.18,1705.0,0.39,0.15,1.46,6.96,102,152.87,179
6276,安鈦克,電腦及週邊設備業,0.93,1457611000.0,1567323655.9139783,0.26,880641268.5540513,0.56,43.27,25.76,32.12,57.88,17.99,32.41,24.23,28.3,0.86,0.64,1.15,0.0,0,40.55,7
6277,宏正,電子工業,3.08,4892149000.0,1588360064.9350648,1.4,5286873245.763881,3.33,18.19,10.75,14.17,24.92,47.19,82.98,60.58,81.0,0.75,0.58,1.02,0.95,1,0.0,0
6278,台表科,光電業,9.39,49870351000.0,5311006496.27263,3.99,50628749588.816124,9.53,11.58,19.9,8.24,28.14,78.53,268.17,110.34,219.0,0.5,0.36,1.22,21.4,30,5.99,37
6279,胡連,電子零組件業,10.96,9789266000.0,893181204.379562,4.43,9593906990.115122,10.74,12.91,6.71,9.59,16.3,103.0,175.06,138.61,119.0,1.16,0.87,1.47,14.89,114,7.5,88
6257,矽格,電子工業,6.15,19395856000.0,3153797723.5772357,2.87,22317011673.257797,7.08,17.41,25.48,9.95,35.43,70.45,250.84,123.23,219.5,0.56,0.32,1.14,2.75,38,49.67,154
6248,沛波,鋼鐵工業,1.53,7839072000.0,5123576470.588235,0.52,5967159429.517501,1.16,10.9,13.18,5.43,18.61,6.3,21.59,12.65,18.55,0.68,0.34,1.16,8.87,116,1.19,10
6228,全譜,電腦及週邊設備業,-0.47,49315000.0,0.0,0.0,47110104.73508185,0.0,0.0,0.0,0.0,0.0,0.0,0.0,0.0,20.95,0.0,0.0,0.0,166.43,59,9.96,1
6229,研通,半導體業,0.05,2118373000.0,42367460000.0,0.03,3005300186.7458563,0.07,290.08,1229.34,30.66,1260.0,2.15,88.2,20.31,27.1,0.75,0.08,3.25,6.12,14,4.08,8
6230,尼得科超眾,電子工業,-2.44,8921839000.0,0.0,0.0,9993827413.35948,0.0,224.07,878.84,32.92,911.76,0.0,0.0,0.0,141.5,0.0,0.0,0.0,0.0,0,32.38,112
6231,系微,資訊服務業,6.66,1682292000.0,252596396.3963964,3.01,1812798248.5646446,7.18,46.91,60.67,27.23,87.9,195.51,631.12,336.82,312.5,1.08,0.63,2.02,61.03,141,37.77,108
6233,旺玖,半導體業,-0.16,392833000.0,0.0,0.0,356274300.44698924,0.0,165.14,503.06,46.94,550.0,0.0,0.0,0.0,25.65,0.0,0.0,0.0,5.19,18,14.32,87
6234,高僑,光電業,0.04,469080000.0,11727000000.0,0.02,598954830.206728,0.05,124.2,1225.06,14.94,1240.0,0.75,62.0,6.21,49.3,0.13,0.02,1.26,7.97,32,52.04,63
6235,華孚,電子工業,2.9,6423856000.0,2215122758.62069,1.24,7205493774.176554,3.25,19.74,16.53,12.49,29.02,40.59,94.32,64.14,47.2,1.36,0.86,2.0,9.0,29,44.53,128
6236,中湛,其他,0.08,37705000.0,471312500.0,0.03,25674990.611519918,0.05,1209.09,2932.22,217.78,3150.0,10.89,157.5,60.45,0.0,0.0,0.0,0.0,0.0,0,0.0,0
6237,驊訊,半導體業,-1.53,494260000.0,0.0,0.0,714062199.4836527,0.0,0.0,0.0,0.0,0.0,0.0,0.0,0.0,49.9,0.0,0.0,0.0,0.0,0,35.73,92
6239,力成,半導體業,7.48,73223133000.0,9789188903.743315,3.7,98860911303.08429,10.1,18.16,36.17,8.95,45.12,90.4,455.71,183.4,366.0,0.5,0.25,1.25,10.44,42,60.35,149
6241,鑫永洋,通信網路業,-0.16,692989000.0,0.0,0.0,589511638.9201492,0.0,24.91,40.85,9.89,50.74,0.0,0.0,0.0,10.2,0.0,0.0,0.0,65.85,143,7.94,4
6242,立康,生技醫療業,2.64,587446000.0,222517424.24242422,1.04,554220112.7267964,2.49,16.0,4.42,14.11,18.53,35.13,46.14,39.84,37.9,1.05,0.93,1.22,1.56,15,1.49,2
6243,迅杰,半導體業,-0.51,651120000.0,0.0,0.0,342382704.3278306,0.0,115.84,327.87,25.77,353.64,0.0,0.0,0.0,33.85,0.0,0.0,0.0,0.0,0,6.44,3
6244,茂迪,光電業,0.13,3097487000.0,23826823076.923077,0.06,3058526847.9967036,0.13,71.71,315.15,25.41,340.56,3.3,44.27,9.32,30.6,0.3,0.11,1.45,22.4,32,5.51,78
6245,立端,通信網路業,4.37,7302201000.0,1670984210.5263157,1.8,7045639423.918983,4.22,15.67,10.78,11.61,22.39,48.99,94.49,66.15,89.8,0.74,0.55,1.05,0.0,0,14.25,86
6246,臺龍,光電業,1.14,1619848000.0,1420919298.245614,0.39,1332360095.111469,0.94,24.63,24.04,13.07,37.11,12.29,34.88,23.15,15.35,1.51,0.8,2.27,96.7,143,45.0,84
4995,晶達,光電業,2.24,1255787000.0,560619196.4285713,1.07,1390338668.075915,2.48,16.99,12.97,11.02,23.99,27.33,59.5,42.14,45.9,0.92,0.6,1.3,37.4,39,0.0,0
4999,鑫禾,電子工業,-1.68,1927284000.0,0.0,0.0,1864060353.997968,0.0,89.4,193.79,23.4,217.19,0.0,0.0,0.0,20.4,0.0,0.0,0.0,4.53,141,18.56,70
5007,三星,鋼鐵工業,3.02,6183145000.0,2047399006.6225166,1.28,5866223570.143594,2.87,16.79,8.48,14.05,22.53,40.32,64.66,48.19,58.0,0.83,0.7,1.11,3.51,60,7.57,182
6141,柏承,電子零組件業,-4.65,1834584000.0,0.0,0.0,1845303311.553706,0.0,0.0,0.0,0.0,0.0,0.0,0.0,0.0,44.4,0.0,0.0,0.0,7.12,35,30.4,74
6142,友勁,通信網路業,-0.26,1786173000.0,0.0,0.0,1758388761.0613601,0.0,0.0,0.0,0.0,0.0,0.0,0.0,0.0,8.52,0.0,0.0,0.0,35.15,147,23.89,95
6143,振曜,通信網路業,6.46,8607320000.0,1332402476.7801857,2.66,9735540798.091698,7.31,19.69,15.42,13.48,28.9,98.54,211.26,143.92,99.4,1.45,0.99,2.13,18.11,87,29.36,99
6144,得利影,文化創意業,-0.36,172362000.0,0.0,0.0,157618481.56326818,0.0,0.0,0.0,0.0,0.0,0.0,0.0,0.0,14.4,0.0,0.0,0.0,385.21,134,26.37,135
6146,耕興,其他電子類,10.78,4489524000.0,416467903.5250464,4.76,4758451972.716455,11.43,16.08,9.58,12.56,22.14,143.56,253.06,183.8,227.5,0.81,0.63,1.11,1.89,44,5.26,100
6147,頎邦,半導體業,3.73,21413608000.0,5740913672.922252,1.7,24082216871.36591,4.19,15.78,79.71,9.62,89.33,40.31,374.29,66.1,285.5,0.23,0.14,1.31,0.58,9,2.27,8
6148,驊宏資,資訊服務業,1.36,968037000.0,711791911.7647058,0.36,564003492.9113549,0.79,28.1,37.09,11.95,49.04,9.44,38.74,22.2,31.65,0.7,0.3,1.22,4.01,43,0.79,2
5201,凱衛,資訊服務業,-0.05,301274000.0,0.0,0.0,258411750.48692653,0.0,32.89,84.2,14.87,99.07,0.0,0.0,0.0,29.0,0.0,0.0,0.0,1.39,86,28.76,122
6150,撼訊,電腦及週邊設備業,2.62,7670408000.0,2927636641.221374,0.82,5882928011.270402,2.01,192.97,328.16,16.34,344.5,32.84,692.44,387.88,69.1,5.61,0.48,10.02,1.08,157,32.76,133
6152,百一,通信網路業,-1.47,1585496000.0,0.0,0.0,1766883939.3053439,0.0,163.16,52.0,145.5,197.5,0.0,0.0,0.0,15.1,0.0,0.0,0.0,78.73,101,23.28,64
6153,嘉聯益,電子工業,-4.38,5515837000.0,0.0,0.0,4930258977.128044,0.0,0.0,0.0,0.0,0.0,0.0,0.0,0.0,18.5,0.0,0.0,0.0,17.2,35,44.78,142
6154,順發,電子通路業,0.51,3894760000.0,7636784313.72549,0.22,4112514391.8391542,0.54,32.34,302.52,15.48,318.0,8.36,171.72,17.46,13.35,1.31,0.63,12.86,0.29,4,0.33,2
6155,鈞寶,電子工業,0.74,621894000.0,840397297.2972974,0.34,685891042.8832116,0.82,72.31,299.65,18.35,318.0,15.05,260.76,59.3,69.0,0.86,0.22,3.78,20.66,44,77.61,183
6156,松上,電子零組件業,0.44,4962621000.0,11278684090.90909,0.21,5081440872.393848,0.45,19.47,37.91,9.65,47.56,4.34,21.4,8.76,19.15,0.46,0.23,1.12,61.9,147,9.53,45
6158,禾昌,電子零組件業,0.11,1823143000.0,16574027272.727272,0.04,1707515057.746854,0.1,34.35,170.8,15.56,186.36,1.56,18.64,3.44,18.25,0.19,0.09,1.02,12.9,142,4.65,77
6151,晉倫,其他電子類,1.16,1695815000.0,1461909482.7586207,0.53,1840269477.7221282,1.26,24.1,25.82,17.09,42.91,21.53,54.07,30.37,45.6,0.67,0.47,1.19,136.94,154,26.35,77
6140,訊達,資訊服務業,-2.01,2476215000.0,0.0,0.0,1666161362.0957568,0.0,37.67,34.25,21.76,56.01,0.0,0.0,0.0,20.65,0.0,0.0,0.0,7.18,17,16.1,42
6139,亞翔,電子工業,30.49,70821098000.0,2322764775.336176,16.53,131056439788.55377,56.42,17.48,19.32,9.46,28.78,533.73,1623.77,986.11,777.0,1.27,0.69,2.09,23.72,31,91.24,157
6120,達運,光電業,-0.19,17216314000.0,0.0,0.0,15630711805.325283,0.0,40.48,33.93,24.61,58.54,0.0,0.0,0.0,14.9,0.0,0.0,0.0,4.13,32,15.07,136
6121,新普,電腦及週邊設備業,30.6,80560816000.0,2632706405.228758,12.63,85641342994.57695,32.53,12.53,4.68,10.08,14.76,327.9,480.14,407.52,396.0,1.03,0.83,1.21,5.42,23,10.7,64
6122,擎邦,電機機械,4.78,4104869000.0,858759205.0209205,1.92,3994639246.089361,4.65,10.48,6.05,8.27,14.32,38.46,66.59,48.73,48.65,1.0,0.79,1.37,3.58,70,6.42,49
6124,業強,電子零組件業,-0.98,1808813000.0,0.0,0.0,2011284286.2889545,0.0,0.0,0.0,0.0,0.0,0.0,0.0,0.0,30.0,0.0,0.0,0.0,13.9,140,33.65,43
6125,廣運,光電業,0.1,3263584000.0,32635840000.0,0.04,4443604687.379053,0.14,234.59,579.36,27.64,607.0,3.87,84.98,32.84,73.3,0.45,0.05,1.16,0.0,0,28.17,77
6126,信音,電子零組件業,0.72,3836487000.0,5328454166.666667,0.41,5450384036.369663,1.02,30.55,28.72,19.03,47.75,19.41,48.7,31.16,37.25,0.84,0.52,1.31,12.07,39,38.91,129
6127,九豪,電子零組件業,0.46,978519000.0,2127215217.3913043,0.2,956708379.5524384,0.45,147.17,339.11,32.56,371.67,14.65,167.25,66.23,74.0,0.9,0.2,2.26,38.62,35,70.59,141
6128,上福,電子工業,-9.56,5257403000.0,0.0,0.0,5058578538.865681,0.0,11.77,3.76,10.18,13.94,0.0,0.0,0.0,19.5,0.0,0.0,0.0,0.73,1,0.97,2
6129,普誠,半導體業,-1.09,1113905000.0,0.0,0.0,1521745524.5549672,0.0,0.0,0.0,0.0,0.0,0.0,0.0,0.0,16.9,0.0,0.0,0.0,2.49,42,71.16,93
6130,上亞科技,生技醫療業,-1.72,155618000.0,0.0,0.0,150081714.73192537,0.0,0.0,0.0,0.0,0.0,0.0,0.0,0.0,23.25,0.0,0.0,0.0,54.36,43,29.91,32
6133,金橋,電子工業,0.73,1370459000.0,1877341095.890411,0.32,1545548681.9936855,0.82,44.5,81.44,18.56,100.0,15.22,82.0,36.49,23.55,1.55,0.65,3.48,75.0,147,42.76,79
5202,力新,資訊服務業,-0.62,164862000.0,0.0,0.0,127043090.98284185,0.0,10.8,14.71,5.18,19.89,0.0,0.0,0.0,12.8,0.0,0.0,0.0,59.37,143,5.65,10
6134,萬旭,電子零組件業,0.12,1862157000.0,15517975000.0,0.06,2718257618.814582,0.18,310.18,793.36,64.14,857.5,11.55,154.35,55.83,39.8,1.4,0.29,3.88,104.18,135,42.71,74
6136,富爾特,通信網路業,0.88,605803000.0,688412500.0,0.44,823754268.136564,1.2,26.59,16.33,22.88,39.21,27.46,47.05,31.91,26.05,1.22,1.05,1.81,4.74,32,1.04,9
6138,茂達,半導體業,13.04,7357134000.0,564197392.6380368,5.84,8410535946.515012,14.91,19.59,14.37,12.74,27.11,189.95,404.21,292.09,353.0,0.83,0.54,1.15,3.07,10,52.81,154
6160,欣技,電腦及週邊設備業,-1.19,1229032000.0,0.0,0.0,1139534381.5816627,0.0,0.0,0.0,0.0,0.0,0.0,0.0,0.0,17.1,0.0,0.0,0.0,17.28,32,1.02,9
6161,捷波,電腦及週邊設備業,2.71,1391277000.0,513386346.86346865,1.12,1633222108.1225035,3.18,16.26,13.76,11.37,25.13,36.16,79.91,51.71,58.4,0.89,0.62,1.37,9.86,1,38.34,112
6164,華興,光電業,0.07,754335000.0,10776214285.714285,0.03,669326896.6066397,0.06,89.9,616.32,16.18,632.5,0.97,37.95,5.39,12.65,0.43,0.08,3.0,10.9,32,2.58,4
6186,新潤,建材營造,8.46,9642257000.0,1139746690.3073285,3.21,7963507535.116418,6.99,11.77,28.3,3.83,32.13,26.77,224.59,82.29,39.4,2.09,0.68,5.7,28.26,77,14.75,92
6188,廣明,電腦及週邊設備業,3.61,9625341000.0,2666299445.9833794,1.35,8501132744.089735,3.19,31.86,25.36,21.21,46.57,67.66,148.56,101.63,87.4,1.16,0.77,1.7,0.0,0,57.58,115
5014,建錩,鋼鐵工業,-2.36,14745203000.0,0.0,0.0,16502390533.954899,0.0,23.01,36.9,9.32,46.22,0.0,0.0,0.0,11.1,0.0,0.0,0.0,17.46,123,0.0,0
6189,豐藝,電子工業,2.86,29937615000.0,10467697552.447554,1.19,27974643169.519108,2.67,15.5,12.53,8.54,21.07,22.8,56.26,41.37,49.9,0.83,0.46,1.13,21.31,31,10.96,46
6190,萬泰科,通信網路業,2.2,8547190000.0,3885086363.6363635,1.09,9956502338.069977,2.56,21.68,38.51,12.32,50.83,31.54,130.12,55.5,91.6,0.61,0.34,1.42,12.72,15,27.09,77
6191,精成科,電子工業,6.54,32161694000.0,4917690214.067278,3.21,50718332754.019936,10.31,13.8,16.45,7.97,24.42,82.17,251.77,142.27,96.2,1.48,0.85,2.62,6.08,31,81.09,93
6185,幃翔,電子零組件業,0.22,532272000.0,2419418181.818182,0.11,609782262.0270412,0.25,119.83,276.4,25.27,301.67,6.32,75.42,29.96,13.95,2.15,0.45,5.41,4.6,35,6.02,149
6192,巨路,其他電子業,10.07,7144455000.0,709479145.9781529,4.84,8136077254.944997,11.47,11.21,5.97,8.4,14.37,96.35,164.82,128.54,129.0,1.0,0.75,1.28,19.35,14,13.93,88
6194,育富,電子零組件業,2.19,1398436000.0,638555251.1415526,0.72,1029635645.3941687,1.61,11.41,16.18,6.89,23.07,11.09,37.14,18.36,34.15,0.54,0.32,1.09,28.15,101,11.69,140
5013,強新,鋼鐵工業,1.45,7819837000.0,5392991034.4827585,0.62,7768552999.767907,1.44,18.78,7.71,15.99,23.7,23.03,34.13,27.05,28.1,0.96,0.82,1.21,1.44,44,19.11,122
6196,帆宣,其他電子業,15.43,51843750000.0,3359931950.7453012,7.73,58281870440.32548,17.35,19.07,20.66,12.02,32.68,208.55,567.0,330.81,513.0,0.64,0.41,1.11,14.19,32,60.7,100
6197,佳必琪,電子工業,8.67,7512846000.0,866533564.0138408,3.96,8694463046.672228,10.03,19.92,19.34,11.8,31.14,118.35,312.33,199.83,309.0,0.65,0.38,1.01,17.31,23,27.11,93
5011,久陽,鋼鐵工業,-1.61,5105270000.0,0.0,0.0,4261096535.593885,0.0,16.92,16.03,12.09,28.12,0.0,0.0,0.0,19.35,0.0,0.0,0.0,6.91,73,0.0,0
5009,榮剛,鋼鐵工業,2.2,11632507000.0,5287503181.818181,0.92,11099974950.59486,2.1,12.5,11.77,7.95,19.72,16.7,41.41,26.25,36.3,0.72,0.46,1.14,2.48,17,0.0,0
6184,大豐電,其他,2.58,2154296000.0,834998449.612403,1.11,2219875165.572451,2.66,15.16,6.49,13.21,19.7,35.14,52.4,40.31,45.95,0.88,0.76,1.14,0.72,14,4.08,73
6183,關貿,電子工業,3.9,2735238000.0,701343076.923077,1.77,2928292190.0613174,4.18,25.4,11.37,22.37,33.74,93.51,141.03,106.16,91.5,1.16,1.02,1.54,12.16,175,8.77,77
5016,松和,鋼鐵工業,1.51,2055226000.0,1361076821.192053,0.62,2037590019.3770015,1.5,17.82,11.33,13.58,24.91,20.37,37.36,26.73,25.2,1.06,0.81,1.48,0.89,16,1.32,15
6166,凌華,電子工業,2.35,12101599000.0,5149616595.74468,1.18,14648067295.192558,2.84,255.86,1223.29,23.38,1246.67,66.4,3540.54,726.63,133.5,5.44,0.5,26.52,0.12,32,7.01,64
6167,久正,光電業,-0.03,1173851000.0,0.0,0.0,1372869603.3333635,0.0,161.41,721.44,11.06,732.5,0.0,0.0,0.0,11.9,0.0,0.0,0.0,0.0,0,13.88,7
5015,華祺,鋼鐵工業,0.06,1529230000.0,25487166666.666668,0.02,1097219797.43657,0.04,80.91,442.09,12.91,455.0,0.52,18.2,3.24,24.8,0.13,0.02,0.73,5.53,28,3.82,31
6168,宏齊,光電業,0.05,2056765000.0,41135300000.0,0.02,2228799701.0013766,0.05,515.73,1851.37,38.63,1890.0,1.93,94.5,25.79,28.2,0.91,0.07,3.35,2.25,141,56.37,92
6169,昱泉,文化創意業,-2.43,34318000.0,0.0,0.0,4837278.654935519,0.0,0.0,0.0,0.0,0.0,0.0,0.0,0.0,13.75,0.0,0.0,0.0,15.38,23,10.34,28
6170,統振,通信網路業,4.5,3183535000.0,707452222.2222222,1.9,3196863459.6004624,4.52,15.93,19.82,9.73,29.55,43.98,133.57,72.0,52.0,1.38,0.85,2.57,5.55,15,14.74,77
6171,大城地產,建材營造,3.82,1222473000.0,320019109.947644,0.33,2062727679.4076252,6.45,8.44,20.83,3.19,24.02,20.58,154.93,54.42,23.15,2.35,0.89,6.69,36.92,59,3.85,39
6173,信昌電,電子零組件業,3.25,4034265000.0,1241312307.6923077,1.41,4452762769.610006,3.59,20.31,53.35,10.19,63.54,36.58,228.11,72.93,237.0,0.31,0.15,0.96,16.06,44,89.6,171
6174,安碁,電子零組件業,0.65,602691000.0,927216923.076923,0.3,721123852.1973985,0.78,43.13,71.13,21.67,92.8,16.9,72.38,33.64,45.35,0.74,0.37,1.6,25.74,177,20.75,140
6175,立敦,電子零組件業,2.67,4125713000.0,1545210861.423221,1.26,4470962044.981602,2.89,15.91,31.14,8.79,39.93,25.4,115.4,45.98,99.8,0.46,0.25,1.16,8.03,53,60.36,147
6176,瑞儀,光電業,9.41,49402266000.0,5249975132.837407,3.82,47177809470.11014,8.99,12.41,7.73,8.83,16.56,79.38,148.87,111.57,105.0,1.06,0.76,1.42,9.2,9,12.11,10
6177,達麗,建材營造,3.83,3745752000.0,978003133.1592689,11.83,37811587525.78706,38.66,11.22,10.11,5.6,15.71,216.5,607.35,433.58,43.6,9.94,4.97,13.93,17.28,50,8.28,107
6179,亞通,其他,0.05,5085287000.0,101705740000.0,0.02,4700085878.0745325,0.05,136.65,492.94,15.06,508.0,0.75,25.4,6.83,23.8,0.29,0.03,1.07,14.03,32,39.45,112
6180,橘子,文化創意業,-1.53,8817865000.0,0.0,0.0,8128444400.992738,0.0,17.07,52.31,5.53,57.84,0.0,0.0,0.0,42.0,0.0,0.0,0.0,4.0,182,3.55,25
6182,合晶,半導體業,0.08,9636039000.0,120450487500.0,0.03,10547599160.52311,0.09,672.11,2477.0,58.0,2535.0,5.22,228.15,60.49,97.0,0.62,0.05,2.35,7.45,32,75.49,141
6163,華電網,通信網路業,0.75,5679673000.0,7572897333.333333,0.47,7671551409.913221,1.01,297.94,2712.55,12.45,2725.0,12.57,2752.25,300.92,53.4,5.64,0.24,51.54,22.01,113,115.37,183
00400A,主動國泰動能高息,ETF,0.0,0.0,0.0,0.0,0.0,0.0,0.0,0.0,0.0,0.0,0.0,0.0,0.0,14.95,0.0,0.0,0.0,37.16,53,37.16,53
6603,富強鑫,電機機械,0.61,4972290000.0,8151295081.967214,0.25,5444309224.070153,0.67,65.07,152.15,26.6,178.75,17.82,119.76,43.6,24.9,1.75,0.72,4.81,34.11,87,44.87,183
8049,晶采,光電業,1.71,1288318000.0,753402339.1812866,0.72,1277602656.1419528,1.7,13.44,6.09,10.68,16.77,18.16,28.51,22.84,27.0,0.85,0.67,1.06,0.87,59,2.01,9
8050,廣積,電腦及週邊設備業,1.45,5402081000.0,3725573103.448276,0.61,4696425064.71089,1.26,28.24,47.74,12.36,60.1,15.57,75.73,35.58,58.7,0.61,0.27,1.29,4.56,32,2.15,9
8054,安國,半導體業,-3.18,2740237000.0,0.0,0.0,8095080255.922158,0.0,0.0,0.0,0.0,0.0,0.0,0.0,0.0,102.0,0.0,0.0,0.0,13.9,44,103.8,179
8059,凱碩,通信網路業,-2.39,6325467000.0,0.0,0.0,50039951873.81915,0.0,0.0,0.0,0.0,0.0,0.0,0.0,0.0,19.1,0.0,0.0,0.0,33.45,36,18.98,7
8064,東捷,光電業,1.35,2544969000.0,1885162222.222222,0.74,4098425349.739784,2.17,175.73,482.72,37.28,520.0,80.9,1128.4,381.34,157.0,2.43,0.52,7.19,92.72,142,30.11,136
8067,志旭,電子通路業,-0.59,110377000.0,0.0,0.0,77063585.95358148,0.0,0.0,0.0,0.0,0.0,0.0,0.0,0.0,13.4,0.0,0.0,0.0,34.93,35,30.74,133
8068,全達,電子通路業,1.23,808320000.0,657170731.7073171,0.81,1278081191.7285876,1.94,19.52,40.33,8.0,48.33,15.52,93.76,37.86,20.0,1.89,0.78,4.69,9.21,38,17.88,88
8069,元太,光電業,9.13,36899502000.0,4041566484.118291,3.49,35333014877.56534,8.74,31.43,38.63,13.67,52.3,119.48,457.1,274.71,225.0,1.22,0.53,2.03,44.02,137,32.76,86
8048,德勝,通信網路業,2.67,1020717000.0,382291011.23595506,1.24,1115826166.324748,2.92,20.3,16.48,12.13,28.61,35.42,83.54,59.27,62.0,0.96,0.57,1.35,9.88,18,63.97,175
8070,長華*,電子工業,1.02,19055037000.0,18681408823.52941,0.5,23232152802.87239,1.24,24.86,36.07,13.74,49.81,17.04,61.76,30.83,52.8,0.58,0.32,1.17,34.17,113,3.88,129
8071,能率網通,電子零組件業,-1.19,2000187000.0,0.0,0.0,2066678156.7325416,0.0,0.0,0.0,0.0,0.0,0.0,0.0,0.0,23.4,0.0,0.0,0.0,32.34,35,27.22,115
8072,陞泰,電子工業,1.11,1223670000.0,1102405405.4054053,0.56,1640263023.5335655,1.49,33.2,41.13,21.96,63.09,32.72,94.0,49.47,28.4,1.74,1.15,3.31,12.69,28,15.47,22
8074,鉅橡,電子零組件業,1.35,1293671000.0,958274814.8148148,0.66,1558847472.6747568,1.63,30.81,53.63,15.04,68.67,24.52,111.93,50.22,76.5,0.66,0.32,1.46,32.55,144,94.97,77
8076,伍豐,電腦及週邊設備業,0.15,1995767000.0,13305113333.333334,0.09,2656025475.5408473,0.2,65.1,180.27,14.73,195.0,2.95,39.0,13.02,24.9,0.52,0.12,1.57,22.95,114,8.66,87
8081,致新,半導體業,17.75,8617981000.0,485520056.3380282,7.27,8536183345.46312,17.58,13.19,6.72,10.05,16.77,176.68,294.82,231.82,290.0,0.8,0.61,1.02,3.28,8,8.56,17
8083,瑞穎,電機機械,9.8,1403166000.0,143180204.08163264,4.29,1626540481.8746676,11.36,17.06,7.73,13.1,20.83,148.82,236.63,193.81,168.0,1.15,0.89,1.41,0.27,3,6.23,36
8047,星雲,其他電子類,-0.78,461310000.0,0.0,0.0,404472445.02620447,0.0,0.0,0.0,0.0,0.0,0.0,0.0,0.0,44.0,0.0,0.0,0.0,69.31,170,308.92,179
8046,南電,電子零組件業,3.01,38926177000.0,12932284717.607975,1.51,53124470143.45804,4.11,201.94,699.07,27.18,726.25,111.71,2984.89,829.96,905.0,0.92,0.12,3.3,1.27,17,198.26,164
8011,台通,通信網路業,1.3,2097097000.0,1613151538.4615383,0.45,1873444327.5201397,1.16,26.12,111.33,6.94,118.27,8.05,137.19,30.29,18.8,1.61,0.43,7.3,35.46,45,13.41,150
8016,矽創,半導體業,14.65,18682856000.0,1275280273.0375426,7.31,23425951542.94799,18.37,14.07,8.9,10.51,19.41,193.07,356.56,258.53,309.0,0.84,0.62,1.15,6.39,11,9.52,112
8021,尖點,其他電子業,2.74,4267050000.0,1557317518.2481751,1.5,6490940826.210827,4.17,53.81,157.22,14.86,172.08,61.97,717.57,224.4,464.0,0.48,0.13,1.55,31.6,81,391.2,176
8024,佑華,半導體業,-2.56,158672000.0,0.0,0.0,142743738.3158641,0.0,0.0,0.0,0.0,0.0,0.0,0.0,0.0,12.4,0.0,0.0,0.0,4.58,35,6.03,8
8027,鈦昇,電機機械,-0.92,1560399000.0,0.0,0.0,2448570667.579665,0.0,260.71,68.25,226.75,295.0,0.0,0.0,0.0,283.0,0.0,0.0,0.0,18.41,23,39.64,182
8028,昇陽半導體,半導體業,4.38,4462417000.0,1018816666.6666667,2.13,5405927418.695339,5.31,53.99,70.46,31.89,102.35,169.34,543.48,286.67,356.5,0.8,0.48,1.52,118.24,161,38.89,136
8032,光菱,電子通路業,2.2,3555596000.0,1616179999.9999998,1.23,4970771155.897769,3.08,26.83,58.18,15.21,73.39,46.85,226.04,82.62,43.75,1.89,1.07,5.17,204.11,162,19.43,60
8033,雷虎,其他,0.58,1429246000.0,2464217241.3793106,0.25,1531921400.7663374,0.62,247.3,855.95,97.8,953.75,60.64,591.33,153.33,141.0,1.09,0.43,4.19,3.39,3,213.86,100
8034,榮群,通信網路業,1.42,560477000.0,394702112.6760564,0.44,463107089.033279,1.17,16.21,9.24,12.36,21.6,14.46,25.27,18.97,24.25,0.78,0.6,1.04,0.0,0,73.33,182
8038,長園科,電子零組件業,0.92,523534000.0,569058695.6521739,0.59,1397018421.242815,2.45,68.67,80.6,29.78,110.38,72.96,270.43,168.24,41.55,4.05,1.76,6.51,17.47,177,106.32,93
8039,台虹,電子工業,2.07,10469402000.0,5057682125.603865,0.84,11310206956.3695,2.24,35.14,64.7,14.22,78.92,31.85,176.78,78.71,153.0,0.51,0.21,1.16,41.17,85,79.37,182
8040,九暘,半導體業,-0.6,667594000.0,0.0,0.0,768782811.3765128,0.0,0.0,0.0,0.0,0.0,0.0,0.0,0.0,112.5,0.0,0.0,0.0,27.82,15,2.84,2
8042,金山電,電子零組件業,0.9,3693135000.0,4103483333.333333,0.46,4804448551.528367,1.17,86.61,195.35,28.4,223.75,33.23,261.79,101.33,169.0,0.6,0.2,1.55,30.2,182,93.57,179
8043,蜜望實,電子零組件業,1.68,5203246000.0,3097170238.095238,0.99,8453715609.836672,2.73,304.22,1996.63,13.37,2010.0,36.5,5487.3,830.52,155.0,5.36,0.24,35.4,104.0,80,268.56,175
8045,達運光電,通信網路業,0.65,1184313000.0,1822020000.0,0.44,1844634548.0381835,1.01,100.74,279.3,9.83,289.13,9.93,292.02,101.75,71.3,1.43,0.14,4.1,10.73,24,70.08,77
7770,君曜,半導體業,3.0,140772000.0,46924000.0,0.0,0.0,0.0,17.82,7.41,15.32,22.73,0.0,0.0,0.0,44.05,0.0,0.0,0.0,0.0,0,17.44,9
7772,耀穎,半導體業,1.86,36719000.0,19741397.849462364,0.0,0.0,0.0,147.14,89.16,88.44,177.6,0.0,0.0,0.0,146.5,0.0,0.0,0.0,30.23,1,30.23,1
7777,能率亞洲,其他,0.58,-35480000.0,0.0,0.0,0.0,0.0,54.93,43.66,41.03,84.69,0.0,0.0,0.0,43.55,0.0,0.0,0.0,0.0,0,177.5,115
7780,大研生醫*,食品工業,0.53,1098052000.0,2071796226.4150941,0.0,0.0,0.0,52.87,47.37,40.05,87.42,0.0,0.0,0.0,17.6,0.0,0.0,0.0,6.18,44,144.16,64
7782,光速火箭,居家生活類,2.13,242640000.0,113915492.95774649,0.0,0.0,0.0,11.87,6.58,9.65,16.23,0.0,0.0,0.0,25.65,0.0,0.0,0.0,0.0,0,13.64,35
7769,鴻勁,電子工業,75.71,8807978000.0,116338370.09642056,0.0,0.0,0.0,72.17,52.06,51.01,103.07,0.0,0.0,0.0,7515.0,0.0,0.0,0.0,70.54,32,205.5,179
7786,東方風能,綠能環保,11.11,3094023000.0,278489918.9918992,0.0,0.0,0.0,15.44,6.83,11.7,18.53,0.0,0.0,0.0,115.0,0.0,0.0,0.0,94.86,109,53.16,78
7788,松川精密,電子工業,3.63,2102773000.0,579276308.5399449,0.0,0.0,0.0,39.51,32.22,25.06,57.28,0.0,0.0,0.0,189.5,0.0,0.0,0.0,0.0,0,11.99,106
7791,皇家可口,食品工業,8.26,886148000.0,107281840.1937046,0.0,0.0,0.0,12.4,4.55,10.3,14.85,0.0,0.0,0.0,68.0,0.0,0.0,0.0,0.0,0,22.02,85
7792,安葆,其他電子類,8.72,332632000.0,38145871.559633024,0.0,0.0,0.0,37.23,11.47,31.53,43.0,0.0,0.0,0.0,295.0,0.0,0.0,0.0,21.7,175,26.5,114
7794,宏碁智新,居家生活類,2.72,0.0,0.0,0.0,0.0,0.0,12.02,5.49,10.87,16.36,0.0,0.0,0.0,29.8,0.0,0.0,0.0,5.77,90,0.0,0
7795,長廣,電子工業,2.22,135531000.0,61049999.99999999,0.0,0.0,0.0,122.79,68.24,85.88,154.12,0.0,0.0,0.0,410.0,0.0,0.0,0.0,4.73,4,103.95,107
7768,頌勝科技,電子工業,3.23,166994000.0,51700928.79256966,0.0,0.0,0.0,106.52,63.55,71.95,135.5,0.0,0.0,0.0,416.0,0.0,0.0,0.0,19.21,150,37.19,87
7743,金利食安,食品工業,0.55,571926000.0,1039865454.5454545,0.28,1125413544.763357,1.08,21.4,26.22,14.29,40.51,15.43,43.75,23.12,19.05,1.21,0.81,2.3,23.57,14,15.7,4
7744,崴寶,電子零組件業,16.28,577003000.0,35442444.71744472,0.0,0.0,0.0,25.48,19.61,17.12,36.73,0.0,0.0,0.0,504.0,0.0,0.0,0.0,19.75,176,114.17,115
7747,昕奇雲端,數位雲端類,4.07,856913000.0,210543734.64373463,0.0,0.0,0.0,32.23,8.03,28.22,36.25,0.0,0.0,0.0,128.5,0.0,0.0,0.0,14.39,28,29.73,38
7749,意騰-KY,半導體業,11.64,1157049000.0,99402835.05154638,8.52,7150350827.373261,71.93,74.73,78.8,31.36,110.16,2255.72,7923.81,5375.07,499.0,10.77,4.52,15.88,11.02,10,11.02,10
7750,新代,電機機械,35.18,5251207000.0,149266827.74303582,0.0,0.0,0.0,43.94,67.36,29.12,96.48,0.0,0.0,0.0,2250.0,0.0,0.0,0.0,5.78,105,35.97,88
7751,竑騰,半導體業,20.44,1012449000.0,49532729.941291586,0.0,0.0,0.0,56.81,105.7,26.74,132.44,0.0,0.0,0.0,1830.0,0.0,0.0,0.0,65.76,88,63.56,115
7753,星亞,光電業,4.21,450953000.0,107114726.8408551,0.0,0.0,0.0,11.69,7.59,9.29,16.88,0.0,0.0,0.0,43.55,0.0,0.0,0.0,12.97,4,25.5,43
7757,金色三麥,觀光餐旅,8.98,785893000.0,87515924.27616926,0.0,0.0,0.0,12.57,3.52,11.59,15.11,0.0,0.0,0.0,110.0,0.0,0.0,0.0,0.0,0,9.63,15
7760,享溫馨,觀光餐旅,0.69,0.0,0.0,0.0,0.0,0.0,52.36,34.28,26.4,60.68,0.0,0.0,0.0,32.3,0.0,0.0,0.0,0.17,3,0.0,0
7765,中華資安,數位雲端,11.49,990636000.0,86217232.37597911,0.0,0.0,0.0,25.26,10.15,20.06,30.21,0.0,0.0,0.0,271.0,0.0,0.0,0.0,11.47,20,10.03,87
7767,仁大資訊,資訊服務業,4.18,627804000.0,150192344.49760768,0.0,0.0,0.0,11.88,3.16,10.5,13.66,0.0,0.0,0.0,41.6,0.0,0.0,0.0,0.0,0,15.59,43
8084,巨虹,電子通路業,-1.82,602545000.0,0.0,0.0,501772388.3967512,0.0,35.81,33.91,21.67,55.58,0.0,0.0,0.0,49.0,0.0,0.0,0.0,15.31,30,43.01,141
7827,漢康-KY創,創新板股票,-2.27,312223000.0,0.0,0.0,0.0,0.0,0.0,0.0,0.0,0.0,0.0,0.0,0.0,153.5,0.0,0.0,0.0,100.0,52,100.0,52
7828,創新服務,半導體業,6.31,0.0,0.0,0.0,0.0,0.0,197.02,94.41,156.8,251.21,0.0,0.0,0.0,1450.0,0.0,0.0,0.0,81.68,111,86.3,86
7842,天能綠電,綠能環保類,4.01,0.0,0.0,0.0,0.0,0.0,25.24,8.51,22.79,31.3,0.0,0.0,0.0,113.0,0.0,0.0,0.0,0.0,0,0.0,0
7823,奧義賽博-KY創,數位雲端,0.24,33073000.0,137804166.6666667,0.0,0.0,0.0,0.0,0.0,0.0,0.0,0.0,0.0,0.0,98.9,0.0,0.0,0.0,0.0,0,0.0,0
7799,禾榮科,化學生技醫療,-3.29,6328000.0,0.0,0.0,0.0,0.0,0.0,0.0,0.0,0.0,0.0,0.0,0.0,330.0,0.0,0.0,0.0,159.34,104,84.1,49
7803,雲象科技-創,創新板股票,-2.29,236749000.0,0.0,0.0,55084415.14603394,0.0,0.0,0.0,0.0,0.0,0.0,0.0,0.0,22.7,0.0,0.0,0.0,0.0,0,16.39,179
7805,威聯通,數位雲端類,56.3,1144386000.0,20326571.93605684,0.0,0.0,0.0,15.67,5.18,13.34,18.52,0.0,0.0,0.0,799.0,0.0,0.0,0.0,0.0,0,16.1,98
7810,捷創科技,半導體業,6.25,125775000.0,20124000.0,0.0,0.0,0.0,42.83,36.42,32.0,68.42,0.0,0.0,0.0,244.0,0.0,0.0,0.0,0.0,0,151.56,183
7811,民盛,運動休閒類,8.1,0.0,0.0,0.0,0.0,0.0,12.14,6.51,9.9,16.41,0.0,0.0,0.0,79.3,0.0,0.0,0.0,15.36,49,9.45,37
7818,溢泰實業,綠能環保,5.64,0.0,0.0,0.0,0.0,0.0,11.4,2.11,9.77,11.88,0.0,0.0,0.0,65.5,0.0,0.0,0.0,0.0,0,8.66,81
7819,精誠金融,資訊服務業,2.91,478498000.0,164432302.40549827,1.1,678611536.3883098,4.13,15.56,0.15,15.48,15.63,63.93,64.55,64.27,45.75,1.4,1.4,1.41,113.03,8,14.38,91
7820,立盈,綠能環保類,1.84,0.0,0.0,0.0,0.0,0.0,72.09,27.53,59.33,86.86,0.0,0.0,0.0,127.5,0.0,0.0,0.0,177.23,132,212.27,91
7821,神數,汽車工業,2.99,0.0,0.0,0.0,0.0,0.0,14.66,6.15,11.17,17.32,0.0,0.0,0.0,46.2,0.0,0.0,0.0,10.89,155,54.67,149
7822,倍利科,半導體業,14.04,0.0,0.0,0.0,0.0,0.0,97.7,68.19,62.17,130.36,0.0,0.0,0.0,1095.0,0.0,0.0,0.0,73.11,155,140.83,154
8085,福華,其他電子類,-1.01,645835000.0,0.0,0.0,722527442.5288495,0.0,0.0,0.0,0.0,0.0,0.0,0.0,0.0,12.15,0.0,0.0,0.0,43.11,18,14.11,106
8488,吉源-KY,其他,-2.06,3107874000.0,0.0,0.0,4261756611.028887,0.0,0.0,0.0,0.0,0.0,0.0,0.0,0.0,10.15,0.0,0.0,0.0,5.59,116,2.6,101
8905,裕國,其他,0.62,2134718000.0,3443093548.387097,0.25,2159072543.789254,0.63,33.74,54.47,15.18,69.65,9.56,43.88,21.25,29.25,0.73,0.33,1.5,1.58,36,1.9,10
8906,花王,其他,-0.78,205067000.0,0.0,0.0,208589198.5405435,0.0,0.0,0.0,0.0,0.0,0.0,0.0,0.0,23.9,0.0,0.0,0.0,59.23,53,9.05,95
8908,欣雄,油電燃氣業,2.2,10642287000.0,4837403181.818181,0.87,9472119852.366997,1.96,22.96,12.43,17.96,30.39,35.2,59.56,45.01,40.9,1.1,0.86,1.46,0.36,3,8.39,182
8916,光隆,其他,2.5,8358964000.0,3343585600.0,0.83,7628210530.354115,2.28,16.27,8.62,12.08,20.7,27.54,47.2,37.08,44.95,0.82,0.61,1.05,5.79,30,0.39,56
8917,欣泰,油電燃氣業,2.22,3079267000.0,1387057207.2072072,0.98,3058393896.7724133,2.2,26.46,10.09,22.29,32.38,49.04,71.24,58.2,52.0,1.12,0.94,1.37,8.82,70,2.79,72
8921,沈氏,其他,-0.12,627607000.0,0.0,0.0,645116094.2659668,0.0,0.0,0.0,0.0,0.0,0.0,0.0,0.0,18.0,0.0,0.0,0.0,36.08,120,5.73,65
8923,時報,文化創意業,0.95,450369000.0,474072631.57894737,0.39,419365063.8815779,0.88,20.06,14.66,16.26,30.92,14.31,27.21,17.65,18.9,0.93,0.76,1.44,1.96,29,11.63,121
8926,台汽電,油電燃氣業,2.45,8036606000.0,3280247346.938775,6.41,42221964439.52971,12.87,24.2,26.27,13.9,40.17,178.89,516.99,311.49,67.2,4.64,2.66,7.69,3.51,4,12.56,141
8927,北基,油電燃氣業,0.36,10630044000.0,29527900000.0,0.19,13940098463.539686,0.47,79.77,194.46,31.13,225.59,14.63,106.03,37.49,18.9,1.98,0.77,5.61,25.94,44,3.5,30
8929,富堡,其他,-0.45,725631000.0,0.0,0.0,707023799.3707905,0.0,44.02,108.38,16.62,125.0,0.0,0.0,0.0,13.55,0.0,0.0,0.0,51.43,183,3.99,7
8930,青鋼,鋼鐵工業,2.4,1443214000.0,601339166.6666667,0.98,1339965038.9694192,2.23,12.1,4.87,9.25,14.12,20.63,31.49,26.98,28.2,0.96,0.73,1.12,3.1,35,2.36,3
8931,大汽電,油電燃氣業,1.87,2513205000.0,1343959893.0481284,0.77,2509080416.48536,1.87,21.49,11.59,17.03,28.62,31.85,53.52,40.18,42.3,0.95,0.75,1.27,6.13,28,1.69,9
8932,智通*,其他,1.99,2249716000.0,1130510552.7638192,0.92,2659952031.256657,2.35,64.13,55.16,38.8,93.96,91.18,220.81,150.7,103.5,1.46,0.88,2.13,22.34,78,134.47,95
8935,邦泰,其他,-0.77,520557000.0,0.0,0.0,517518795.668348,0.0,0.0,0.0,0.0,0.0,0.0,0.0,0.0,20.85,0.0,0.0,0.0,70.11,168,71.99,92
8936,國統,其他,4.08,6293893000.0,1542620833.3333333,1.9,7362786587.965055,4.77,16.73,18.65,11.38,30.03,54.28,143.24,79.79,53.4,1.49,1.02,2.68,10.71,45,25.32,163
8937,合騏*,其他,-0.72,66133000.0,0.0,0.0,525330265.8217176,0.0,457.81,1276.5,38.88,1315.38,0.0,0.0,0.0,26.75,0.0,0.0,0.0,573.16,170,31.39,116
8481,政伸,其他,3.26,1173670000.0,360021472.3926381,1.34,1125304433.0849283,3.13,17.89,19.57,12.26,31.83,38.37,99.63,56.0,40.95,1.37,0.94,2.43,6.1,9,1.12,4
8437,大地-KY,其他,-1.3,221282000.0,0.0,0.0,172568714.47228953,0.0,60.82,57.16,35.42,92.58,0.0,0.0,0.0,10.8,0.0,0.0,0.0,35.23,43,1.4,4
8442,威宏-KY,其他,4.18,7983723000.0,1909981578.9473686,1.8,8460152485.588453,4.43,10.31,16.75,6.27,23.02,27.78,101.98,45.68,39.55,1.15,0.7,2.58,1.22,92,5.1,31
8443,阿瘦,貿易百貨,-1.46,1127548000.0,0.0,0.0,1073414463.4692634,0.0,32.55,2.43,30.81,33.24,0.0,0.0,0.0,11.25,0.0,0.0,0.0,0.0,0,1.24,8
8444,綠河-KY,其他,-10.06,3333213000.0,0.0,0.0,1609169952.1312683,0.0,0.0,0.0,0.0,0.0,0.0,0.0,0.0,5.0,0.0,0.0,0.0,28.3,38,0.0,0
8446,華研,文化創意業,10.31,1119230000.0,108557710.96023278,3.78,1018738575.9341364,9.38,9.67,4.62,7.79,12.41,73.07,116.41,90.7,84.6,1.07,0.86,1.38,23.81,163,4.94,73
8450,霹靂,文化創意業,-5.34,235916000.0,0.0,0.0,408255715.71011174,0.0,0.0,0.0,0.0,0.0,0.0,0.0,0.0,15.6,0.0,0.0,0.0,23.58,35,2.54,25
8455,大拓-KY,其他電子類,0.01,1156029000.0,115602900000.0,0.0,1230834938.0738041,0.01,845.42,1434.17,60.83,1495.0,0.61,14.95,8.45,41.8,0.2,0.01,0.36,7.14,79,20.98,120
8463,潤泰材,其他,1.86,7221483000.0,3882517741.9354835,0.77,7328282276.911802,1.89,19.55,20.58,9.91,30.49,18.73,57.63,36.94,21.7,1.7,0.86,2.66,18.17,59,11.48,183
8466,美吉吉-KY,其他,-0.97,3227731000.0,0.0,0.0,2365874587.836387,0.0,48.06,168.24,11.48,179.72,0.0,0.0,0.0,16.2,0.0,0.0,0.0,16.52,10,5.85,32
8480,泰昇-KY,其他,0.0,0.0,0.0,0.0,0.0,0.0,17.51,0.0,17.51,17.51,0.0,0.0,0.0,0.0,0.0,0.0,0.0,0.0,0,0.0,0
9933,中鼎,其他,1.79,93718619000.0,52356770391.061455,0.67,74612661273.16048,1.43,42.74,101.46,8.7,110.16,12.44,157.53,61.12,39.65,1.54,0.31,3.97,13.04,32,31.95,98
9937,全國,油電燃氣業,2.37,22695298000.0,9576075105.485231,0.98,21761871594.262848,2.27,25.64,6.85,22.17,29.02,50.33,65.88,58.21,55.7,1.05,0.9,1.18,0.15,17,10.95,50
9938,百和,其他,4.1,15697877000.0,3828750487.804878,1.76,15267908304.65065,3.99,14.89,16.86,9.77,26.63,38.98,106.25,59.42,44.05,1.35,0.88,2.41,31.5,183,8.24,142
9939,宏全,其他,9.09,29073649000.0,3198421232.1232123,3.65,28381468535.858208,8.87,15.23,6.0,12.09,18.09,107.24,160.46,135.1,124.5,1.09,0.86,1.29,7.76,28,9.86,22
9940,信義,其他,0.28,9513436000.0,33976557142.85714,0.2,16347281800.271095,0.48,27.69,62.41,10.45,72.86,5.02,34.97,13.29,19.1,0.7,0.26,1.83,5.6,59,1.45,7
9941,裕融,其他,7.87,39779550000.0,5054580686.149937,3.22,38622335370.48581,7.64,14.19,7.87,10.54,18.41,80.53,140.65,108.41,73.6,1.47,1.09,1.91,8.28,16,2.31,7
9941A,裕融甲特,其他,0.0,0.0,0.0,0.0,0.0,0.0,0.0,0.0,0.0,0.0,0.0,0.0,0.0,50.4,0.0,0.0,0.0,1.37,84,3.14,84
9942,茂順,其他,8.15,3977553000.0,488043312.88343555,3.79,4501452321.732522,9.22,12.88,4.89,10.0,14.89,92.2,137.29,118.78,120.0,0.99,0.77,1.14,2.75,32,2.6,56
9931,欣高,油電燃氣業,2.45,1551042000.0,633078367.3469387,1.12,1594388736.8407304,2.52,14.53,12.14,10.93,23.07,27.54,58.14,36.62,34.75,1.05,0.79,1.67,0.8,9,0.56,9
9945,潤泰新,其他,3.93,35602939000.0,9059272010.178116,2.18,52895588431.9045,5.84,8.45,6.92,5.01,11.93,29.26,69.67,49.37,23.7,2.08,1.23,2.94,18.12,59,11.36,32
9946,三發地產,建材營造,1.52,602169000.0,396163815.78947365,10.59,4974285746.644675,12.56,48.25,126.5,3.89,130.39,48.86,1637.7,605.99,16.55,36.62,2.95,98.95,2.8,4,11.62,4
9949,琉園,文化創意業,5.29,142500000.0,26937618.147448014,2.29,140652224.37446973,5.22,5.39,2.88,4.06,6.94,21.19,36.23,28.15,23.25,1.21,0.91,1.56,15.72,93,38.25,178
9950,萬國通,塑膠工業,-0.27,2109807000.0,0.0,0.0,2141799877.9316888,0.0,13.74,21.66,2.18,23.84,0.0,0.0,0.0,11.0,0.0,0.0,0.0,16.13,2,6.28,45
9951,皇田,電機機械,5.27,6333931000.0,1201884440.227704,2.28,6939039179.180214,5.77,12.36,5.37,10.09,15.46,58.22,89.2,71.34,52.4,1.36,1.11,1.7,3.25,29,13.62,91
9958,世紀鋼,鋼鐵工業,6.56,14571164000.0,2221214024.390244,3.42,16715432590.617704,7.53,27.24,39.87,12.88,52.75,96.99,397.21,205.09,105.0,1.95,0.92,3.78,24.36,14,36.11,31
9962,有益,鋼鐵工業,-0.16,1941014000.0,0.0,0.0,1337558079.4551177,0.0,29.77,67.68,15.89,83.57,0.0,0.0,0.0,9.66,0.0,0.0,0.0,0.3,119,0.0,0
9944,新麗,其他,-0.16,2250752000.0,0.0,0.0,2458658147.9774575,0.0,192.06,343.47,58.53,402.0,0.0,0.0,0.0,16.9,0.0,0.0,0.0,2.37,59,1.47,32
9929,秋雨,其他,-0.07,653941000.0,0.0,0.0,677937254.1293256,0.0,42.66,2.22,41.85,44.07,0.0,0.0,0.0,11.6,0.0,0.0,0.0,9.24,60,0.0,0
9928,中視,其他,-1.4,846557000.0,0.0,0.0,964737349.002929,0.0,55.89,44.06,43.18,87.24,0.0,0.0,0.0,17.9,0.0,0.0,0.0,11.7,32,23.68,80
8942,森鉅,其他,1.83,3809373000.0,2081624590.1639342,0.45,1596077458.655754,0.77,12.05,17.96,7.18,25.14,5.53,19.36,9.28,41.7,0.22,0.13,0.46,2.17,21,0.92,2
8996,高力,電機機械,9.08,5988938000.0,659574669.6035242,8.05,17017351347.652903,25.8,67.62,114.67,26.39,141.06,680.86,3639.35,1744.51,1045.0,1.67,0.65,3.48,2.85,11,176.41,157
9902,台火,其他,-0.47,342343000.0,0.0,0.0,327141935.2753222,0.0,123.1,430.44,18.31,448.75,0.0,0.0,0.0,13.8,0.0,0.0,0.0,34.72,59,1.98,4
9905,大華,其他,1.29,8095013000.0,6275203875.968992,0.62,9324280140.529493,1.49,15.09,3.67,13.1,16.77,19.52,24.99,22.48,20.85,1.08,0.94,1.2,1.02,18,1.09,31
9906,欣巴巴,建材營造,0.09,1332942000.0,14810466666.666668,0.11,2653896110.456444,0.18,83.08,493.27,8.95,502.22,1.61,90.4,14.96,35.9,0.42,0.04,2.52,139.7,72,1.38,16
9907,統一實,其他,1.36,46160570000.0,33941595588.23529,0.53,40679043043.274666,1.2,21.43,33.17,12.86,46.03,15.43,55.24,25.72,16.2,1.59,0.95,3.41,15.93,155,1.25,1
9908,大台北,油電燃氣業,1.72,3392932000.0,1972634883.7209303,0.77,3329528829.964467,1.69,17.14,7.25,13.58,20.83,22.95,35.2,28.97,29.3,0.99,0.78,1.2,1.24,44,2.11,29
9912,偉聯,電子工業,-1.12,495111000.0,0.0,0.0,494273096.8268359,0.0,0.0,0.0,0.0,0.0,0.0,0.0,0.0,12.45,0.0,0.0,0.0,2.14,36,3.72,78
9917,中保科,其他,6.77,19003491000.0,2807014918.759232,2.85,19220361634.29444,6.85,18.79,8.51,15.44,23.95,105.76,164.06,128.71,115.0,1.12,0.92,1.43,19.76,91,4.7,10
9918,欣天然,油電燃氣業,1.61,2060972000.0,1280106832.2981365,0.78,1932808603.2724588,1.51,21.81,18.37,17.06,35.43,25.76,53.5,32.94,43.5,0.76,0.59,1.23,2.61,18,7.38,46
9919,康那香,其他,-2.43,2744027000.0,0.0,0.0,2600481450.4163575,0.0,5.57,2.58,4.62,7.2,0.0,0.0,0.0,14.15,0.0,0.0,0.0,9.5,14,0.0,0
9925,新保,其他,2.37,8025348000.0,3386222784.8101263,1.04,8641786598.396183,2.55,17.6,2.54,16.31,18.85,41.59,48.07,44.87,40.25,1.11,1.03,1.19,1.66,8,1.7,51
9926,新海,油電燃氣業,2.68,2462571000.0,918869776.1194029,1.23,2455095766.5582147,2.67,19.49,3.74,17.93,21.67,47.87,57.86,52.03,49.0,1.06,0.98,1.18,0.91,18,2.33,29
9927,泰銘,其他,4.28,7937924000.0,1854655140.1869159,2.04,8718253678.678583,4.7,12.27,8.48,9.53,18.01,44.79,84.65,57.68,68.3,0.84,0.66,1.24,2.63,1,2.49,10
8436,大江,生技醫療業,8.69,6872719000.0,790876754.890679,3.8,7483029561.920344,9.46,17.49,9.04,13.24,22.28,125.25,210.77,165.47,120.0,1.38,1.04,1.76,5.88,30,8.27,87
8435,鉅邁,其他,3.91,624566000.0,159735549.87212276,1.7,637917243.3126953,3.99,15.45,4.95,14.04,18.99,56.02,75.77,61.66,56.0,1.1,1.0,1.35,10.88,155,0.0,0
8432,東生華,生技醫療業,3.62,1340047000.0,370178729.28176796,1.35,1414402094.9578643,3.82,19.39,16.25,12.83,29.08,49.01,111.09,74.07,49.75,1.49,0.99,2.23,7.55,23,12.88,141
8114,振樺電,電子工業,18.5,18973096000.0,1025572756.7567568,6.17,11771475517.862354,11.48,19.84,34.25,8.05,42.3,92.41,485.6,227.77,259.5,0.88,0.36,1.87,140.45,183,2.6,3
8121,越峰,電子零組件業,-0.31,2993414000.0,0.0,0.0,3748224954.4225707,0.0,51.41,80.42,22.47,102.89,0.0,0.0,0.0,39.6,0.0,0.0,0.0,11.6,2,74.74,147
8131,福懋科,半導體業,1.35,9623157000.0,7128264444.444444,0.7,13007788729.84709,1.82,36.21,96.55,11.42,107.97,20.78,196.51,65.89,75.5,0.87,0.28,2.6,1.66,1,89.41,164
8147,正淩,電子零組件業,3.08,1564956000.0,508102597.40259737,1.61,2056310019.7362194,4.05,47.16,38.72,31.43,70.15,127.29,284.11,191.01,171.5,1.11,0.74,1.66,18.89,43,17.96,127
8150,南茂,半導體業,0.7,23509652000.0,33585217142.857143,0.35,29727806787.122566,0.89,56.8,206.35,10.92,217.27,9.72,193.37,50.55,106.5,0.47,0.09,1.82,3.16,18,74.05,165
8155,博智,電子零組件業,6.9,4795545000.0,695006521.7391304,3.72,6551285038.149348,9.43,35.98,45.41,20.94,66.35,197.46,625.68,339.3,398.5,0.85,0.5,1.57,4.33,9,44.98,178
8112A,至上甲特,電子通路業,0.0,0.0,0.0,0.0,0.0,0.0,0.0,0.0,0.0,0.0,0.0,0.0,0.0,46.3,0.0,0.0,0.0,0.69,18,0.57,22
8163,達方,電子工業,0.51,25049470000.0,49116607843.13725,0.22,27090897489.358166,0.55,24.63,73.63,8.33,81.96,4.58,45.08,13.55,41.8,0.32,0.11,1.08,3.76,2,9.99,158
8176,智捷,通信網路業,0.39,401727000.0,1030069230.7692307,0.14,252897069.28196716,0.25,48.77,161.5,12.5,174.0,3.12,43.5,12.19,10.25,1.19,0.3,4.24,43.16,147,22.12,127
8182,加高,電子零組件業,0.44,2880401000.0,6546365909.090909,0.18,2879306630.2631125,0.44,46.91,781.61,10.06,791.67,4.43,348.33,20.64,44.35,0.47,0.1,7.85,5.52,88,1.17,3
8183,精星,其他電子類,2.39,7367798000.0,3082760669.4560666,1.09,7934413654.590194,2.57,12.02,9.27,8.13,17.4,20.89,44.72,30.89,32.05,0.96,0.65,1.4,7.82,144,32.67,151
8201,無敵,其他電子業,-0.35,457909000.0,0.0,0.0,526878735.23067904,0.0,0.0,0.0,0.0,0.0,0.0,0.0,0.0,13.7,0.0,0.0,0.0,3.85,56,70.85,85
8210,勤誠,電子工業,29.02,20900566000.0,720212474.1557547,16.5,32097965297.558853,44.57,26.49,34.95,11.7,46.65,521.47,2079.19,1180.44,1400.0,0.84,0.37,1.49,0.0,0,231.27,162
8112,至上,電子通路業,5.02,219865076000.0,43797823904.38248,3.94,424126574689.6876,9.68,21.33,39.64,9.83,49.47,95.15,478.87,206.48,91.4,2.26,1.04,5.24,4.76,15,60.4,163
8088,品安,半導體業,1.7,1503537000.0,884433529.4117647,1.0,2678730956.7054687,3.03,110.33,407.9,13.21,421.11,40.03,1275.96,334.29,59.7,5.6,0.67,21.37,0.68,31,47.32,163
8089,康全電訊,通信網路業,-3.1,966852000.0,0.0,0.0,324373442.03672326,0.0,9.19,16.62,3.97,20.59,0.0,0.0,0.0,20.45,0.0,0.0,0.0,34.86,80,5.05,11
8092,建暐,其他電子類,0.0,342132000.0,0.0,0.0,410459018.0052331,0.0,251.15,46.43,225.71,272.14,0.0,0.0,0.0,17.1,0.0,0.0,0.0,24.0,37,6.98,14
8093,保銳,電子零組件業,-1.32,197523000.0,0.0,0.0,200109298.78989688,0.0,0.0,0.0,0.0,0.0,0.0,0.0,0.0,18.6,0.0,0.0,0.0,25.31,18,4.74,158
8096,擎亞,電子通路業,0.88,34409445000.0,39101642045.454544,0.45,29018161490.42059,0.74,44.44,106.45,9.88,116.33,7.31,86.08,32.88,134.5,0.24,0.05,0.64,51.39,85,32.13,161
8097,常珵,通信網路業,-1.13,268148000.0,0.0,0.0,206743897.07032585,0.0,138.6,84.54,107.83,192.37,0.0,0.0,0.0,59.8,0.0,0.0,0.0,37.88,137,12.43,56
8099,大世科,資訊服務業,2.64,4764597000.0,1804771590.9090908,1.22,6341307200.810641,3.51,33.3,31.97,20.17,52.14,70.8,183.01,116.9,62.2,1.88,1.14,2.94,64.86,32,6.11,108
8101,華冠,通信網路業,-3.26,393227000.0,0.0,0.0,373617851.476039,0.0,0.0,0.0,0.0,0.0,0.0,0.0,0.0,14.55,0.0,0.0,0.0,639.61,183,19.0,105
8102,傑霖科技,半導體業,2.25,66699000.0,29644000.0,0.0,0.0,0.0,24.04,36.08,12.85,48.93,0.0,0.0,0.0,73.4,0.0,0.0,0.0,1.95,9,30.49,24
8103,瀚荃,電子工業,3.96,3334507000.0,842047222.2222222,1.92,3971312370.6340504,4.72,18.83,22.74,9.37,32.11,44.23,151.56,88.86,113.5,0.78,0.39,1.34,63.47,39,71.91,151
8104,錸寶,光電業,-0.55,3621838000.0,0.0,0.0,2470473269.943871,0.0,1612.39,4320.0,180.0,4500.0,0.0,0.0,0.0,41.5,0.0,0.0,0.0,59.45,176,30.25,95
8105,凌巨,光電業,-0.3,8679610000.0,0.0,0.0,8589079619.308744,0.0,109.09,618.6,24.73,643.33,0.0,0.0,0.0,19.3,0.0,0.0,0.0,56.38,45,18.78,64
8107,大億金茂,電機機械,-0.53,962504000.0,0.0,0.0,691901633.4211518,0.0,86.4,210.24,8.51,218.75,0.0,0.0,0.0,12.55,0.0,0.0,0.0,66.58,151,3.24,84
8109,博大,電子零組件業,6.17,1675345000.0,271530794.16531605,3.06,2137157820.0070913,7.87,15.19,9.73,11.18,20.91,87.99,164.56,119.54,126.5,0.94,0.7,1.3,0.0,0,37.87,100
8110,華東,半導體業,2.47,7245046000.0,2933217004.0485826,1.13,8045582725.84797,2.74,52.85,91.39,16.94,108.33,46.42,296.82,144.8,65.2,2.22,0.71,4.55,19.11,21,234.13,164
8111,立碁,光電業,0.38,852145000.0,2242486842.105263,0.15,831373433.068633,0.37,139.72,539.82,23.51,563.33,8.7,208.43,51.7,66.0,0.78,0.13,3.16,95.32,135,45.28,178
8086,宏捷科,半導體業,3.36,3949612000.0,1175479761.904762,1.78,6227262603.009413,5.3,44.35,60.96,23.55,84.51,124.82,447.9,235.04,166.0,1.42,0.75,2.7,13.55,32,61.94,156
8213,志超,電子工業,2.28,17992158000.0,7891297368.421053,1.04,19885835517.438374,2.52,11.99,12.42,8.93,21.35,22.5,53.8,30.23,38.85,0.78,0.58,1.38,1.41,17,19.09,86
8215,明基材,光電業,-1.14,17976113000.0,0.0,0.0,17855654989.84117,0.0,212.3,1084.56,25.44,1110.0,0.0,0.0,0.0,32.35,0.0,0.0,0.0,6.38,44,5.47,115
8358,金居,電子零組件業,4.21,7752647000.0,1841483847.9809976,2.27,10758687203.572811,5.84,40.5,117.65,10.56,128.21,61.67,748.75,236.49,668.0,0.35,0.09,1.12,8.51,38,393.41,100
8367,建新國際,航運業,3.8,3216539000.0,846457631.5789474,1.6,3384435170.5404353,4.0,13.42,7.16,11.11,18.27,44.44,73.08,53.67,41.2,1.3,1.08,1.77,6.97,39,0.1,1
8374,羅昇,電機機械,-0.55,4702943000.0,0.0,0.0,5859907229.874635,0.0,292.36,1015.96,62.61,1078.57,0.0,0.0,0.0,112.0,0.0,0.0,0.0,116.76,93,24.08,85
8401,白紗科,其他,2.71,1544829000.0,570047601.4760147,1.15,1607025107.604508,2.82,11.05,4.82,8.52,13.34,24.03,37.62,31.16,22.9,1.36,1.05,1.64,1.94,17,8.41,128
8403,盛弘,生技醫療業,1.06,4335731000.0,4090312264.1509433,0.45,4528659227.727721,1.11,22.18,22.4,15.69,38.09,17.42,42.28,24.62,19.55,1.26,0.89,2.16,6.44,25,0.0,0
8404,百和興業-KY,其他,2.11,7460968000.0,3536003791.4691944,0.92,7677884711.747193,2.17,32.28,78.39,11.61,90.0,25.19,195.3,70.05,16.7,4.19,1.51,11.69,68.67,141,33.02,143
8409,商之器,生技醫療業,0.24,277797000.0,1157487500.0,0.1,281618199.22688824,0.24,94.08,351.65,14.06,365.71,3.37,87.77,22.58,18.95,1.19,0.18,4.63,13.59,28,16.55,127
8410,森田,電腦及週邊設備業,3.27,1129401000.0,345382568.80733943,1.1,937100574.5188526,2.71,11.42,10.73,6.16,16.89,16.69,45.77,30.95,34.9,0.89,0.48,1.31,26.02,74,7.64,4
8415,大國鋼,鋼鐵工業,3.05,23061004000.0,7560984918.032787,1.43,25981121045.277718,3.44,13.6,7.05,10.36,17.41,35.64,59.89,46.79,34.95,1.34,1.02,1.71,0.28,1,5.07,58
8416,實威,資訊服務業,13.46,1712393000.0,127220876.67161961,6.49,1755637973.1601336,13.8,14.74,7.29,12.25,19.54,169.05,269.65,203.36,181.5,1.12,0.93,1.49,20.6,2,3.23,143
8421,旭源,其他,-0.39,1155501000.0,0.0,0.0,1281080800.3116553,0.0,613.0,177.5,500.0,677.5,0.0,0.0,0.0,13.35,0.0,0.0,0.0,19.41,108,12.22,30
8424,惠普,建材營造,5.8,1077627000.0,185797758.62068966,2.45,1070510471.2422544,5.76,14.83,5.06,12.39,17.45,71.37,100.51,85.4,73.0,1.17,0.98,1.38,1.93,8,2.83,10
8426,紅木-KY,其他,1.85,2774857000.0,1499922702.7027025,0.71,2769281528.673471,1.85,9.18,7.99,6.33,14.32,11.71,26.49,16.97,21.7,0.78,0.54,1.22,0.0,0,7.91,4
8427,基勝-KY,其他,0.0,0.0,0.0,0.0,0.0,0.0,33.48,0.0,33.48,33.48,0.0,0.0,0.0,0.0,0.0,0.0,0.0,0.0,0,0.0,0
8429,金麗-KY,貿易百貨,0.12,150489000.0,1254075000.0,0.04,129435581.70182587,0.1,209.69,648.5,54.0,702.5,5.4,70.25,20.97,6.17,3.4,0.88,11.39,40.99,183,3.77,123
8431,匯鑽科,其他電子類,-3.9,1070130000.0,0.0,0.0,1000256071.8370416,0.0,98.63,132.76,30.65,163.41,0.0,0.0,0.0,55.8,0.0,0.0,0.0,13.31,107,19.32,79
8411,福貞-KY,其他,-0.69,9151695000.0,0.0,0.0,10903033919.019562,0.0,60.95,80.47,42.03,122.5,0.0,0.0,0.0,12.15,0.0,0.0,0.0,7.83,126,1.54,46
8349A,恒耀甲特,鋼鐵工業,0.0,0.0,0.0,0.0,0.0,0.0,0.0,0.0,0.0,0.0,0.0,0.0,0.0,47.1,0.0,0.0,0.0,8.89,171,1.32,1
8349,恒耀,鋼鐵工業,2.02,11746755000.0,5815225247.524753,0.83,11136974130.902006,1.92,16.66,13.07,11.08,24.15,21.27,46.37,31.99,41.7,0.77,0.51,1.11,8.17,59,2.69,63
8222,寶一,電機機械,0.55,929257000.0,1689558181.8181818,0.25,1009855772.2765348,0.6,48.05,58.41,25.3,83.71,15.18,50.23,28.83,38.25,0.75,0.4,1.31,4.05,30,3.72,88
8227,巨有科技,半導體業,2.05,1303125000.0,635670731.7073171,1.19,2790256767.769374,4.39,95.41,168.18,51.6,219.78,226.52,964.83,418.83,219.0,1.91,1.03,4.41,2.57,15,54.44,86
8234,新漢,電腦及週邊設備業,0.4,5778088000.0,14445220000.0,0.14,4536912862.92277,0.31,147.02,269.17,55.57,324.74,17.23,100.67,45.58,75.9,0.6,0.23,1.33,12.71,38,51.69,77
8240,華宏,光電業,2.18,7203456000.0,3304337614.678899,0.83,6258711080.979093,1.89,16.8,29.25,8.67,37.92,16.39,71.67,31.76,63.8,0.5,0.26,1.12,39.76,161,32.62,87
8249,菱光,電子工業,4.04,3641509000.0,901363613.8613862,1.98,3884898664.805741,4.31,19.3,33.31,13.51,46.82,58.23,201.79,83.2,55.8,1.49,1.04,3.62,146.64,147,33.47,84
8255,朋程,電機機械,6.33,8097224000.0,1279182306.4770932,2.6,7722658083.643962,6.04,20.69,22.38,12.62,35.0,76.22,211.4,124.99,186.0,0.67,0.41,1.14,11.33,15,26.45,98
8261,富鼎,半導體業,5.73,3105660000.0,542000000.0,2.39,3305448991.800196,6.1,19.83,20.75,12.64,33.39,77.1,203.68,120.99,174.0,0.7,0.44,1.17,19.71,158,35.15,147
8271,宇瞻,半導體業,6.7,10908622000.0,1628152537.3134327,7.14,36296904707.39114,22.29,21.6,41.81,7.97,49.78,177.65,1109.6,481.43,248.5,1.94,0.71,4.47,0.0,0,142.09,162
8272,全景軟體,資訊服務業,4.66,473954000.0,101706866.9527897,1.86,511674018.90413153,5.03,19.71,16.7,14.42,31.12,72.53,156.53,99.16,73.9,1.34,0.98,2.12,72.22,143,31.22,101
8277,商丞,半導體業,-0.38,252859000.0,0.0,0.0,129549435.42479737,0.0,0.0,0.0,0.0,0.0,0.0,0.0,0.0,9.47,0.0,0.0,0.0,44.83,23,75.0,164
8279,生展,生技醫療業,10.03,2123580000.0,211722831.50548357,3.87,1982295175.1055286,9.36,13.54,7.83,10.38,18.21,97.16,170.45,126.71,96.7,1.31,1.0,1.76,4.84,18,0.36,2
8284,三竹,資訊服務業,4.74,2937789000.0,619786708.8607595,2.06,3229710659.937469,5.21,13.53,5.81,10.79,16.6,56.22,86.49,70.49,63.3,1.11,0.89,1.37,2.11,36,3.81,29
8289,泰藝,電子零組件業,0.04,1725495000.0,43137375000.0,0.02,1734120293.7312062,0.04,448.9,1383.03,31.97,1415.0,1.28,56.6,17.96,70.1,0.26,0.02,0.81,0.0,0,8.74,113
8291,尚茂,電子零組件業,-1.51,2612000.0,0.0,0.0,7120713.846153846,0.0,0.0,0.0,0.0,0.0,0.0,0.0,0.0,108.0,0.0,0.0,0.0,9.93,1,451.88,70
8299,群聯,半導體業,41.96,68473723000.0,1631880910.3908484,42.83,196421284361.5529,120.36,24.63,65.21,10.42,75.63,1254.15,9102.83,2964.8,2770.0,1.07,0.45,3.29,3.94,14,164.32,163
8342,益張,其他,5.97,1662869000.0,278537520.93802345,2.5,1645143421.7374754,5.91,13.22,5.73,10.08,15.81,59.57,93.44,78.12,89.9,0.87,0.66,1.04,18.45,39,4.27,121
7740,熙特爾-創,綠能環保,4.97,1426350000.0,286991951.7102616,25.52,186355576691.22632,649.34,53.97,66.48,22.34,88.82,14506.26,57674.38,35042.15,172.0,203.73,84.34,335.32,113.24,141,28.27,77
7738,東聯互動,數位雲端類,14.61,201472000.0,13790006.844626969,0.0,0.0,0.0,13.2,5.82,11.45,17.27,0.0,0.0,0.0,174.0,0.0,0.0,0.0,0.0,0,58.39,106
6776,展碁國際,電子工業,4.2,28833106000.0,6865025238.095238,1.97,36077092815.96078,5.26,13.21,8.84,10.6,19.44,55.76,102.25,69.47,60.0,1.16,0.93,1.7,0.0,0,10.39,31
6781,AES-KY,電子工業,38.2,15649550000.0,409674083.7696335,18.53,20026651372.031864,48.88,34.02,33.96,21.47,55.43,1049.45,2709.42,1662.99,1200.0,1.39,0.87,2.26,57.28,183,47.78,182
6782,視陽,化學生技醫療,14.08,4126829000.0,293098650.5681818,6.61,5004764649.017597,17.08,20.04,30.54,12.33,42.87,210.6,732.22,342.34,195.0,1.76,1.08,3.75,13.05,35,13.55,74
6770,力積電,電子工業,-1.86,45962445000.0,0.0,0.0,57087577674.327225,0.0,36.59,20.79,29.32,50.11,0.0,0.0,0.0,87.0,0.0,0.0,0.0,12.32,14,147.46,163
6788,華景電,半導體業,17.37,2543412000.0,146425561.31260794,7.7,2858033108.034588,19.52,20.1,21.45,9.8,31.25,191.3,610.0,392.36,425.5,0.92,0.45,1.43,103.41,87,37.2,88
6789,采鈺,半導體業,4.01,9100411000.0,2269429177.057357,1.71,9116234490.310526,4.02,85.85,227.9,30.38,258.28,122.13,1038.29,345.11,547.0,0.63,0.22,1.9,33.27,38,59.11,98
6790,永豐實,造紙工業,3.03,10716158000.0,3536685808.580858,1.27,10557889411.5863,2.99,13.69,4.84,11.68,16.52,34.92,49.39,40.92,39.5,1.04,0.88,1.25,8.48,29,3.44,39
6791,虎門科技,資訊服務業,4.16,785380000.0,188793269.23076922,1.97,897434074.8087277,4.75,27.22,20.38,19.12,39.5,90.82,187.62,129.31,125.0,1.03,0.73,1.5,97.87,157,49.27,88
6792,詠業,通信網路業,2.23,1315481000.0,589901793.7219731,0.93,1351943455.213823,2.29,25.33,20.85,16.58,37.43,37.97,85.71,58.01,72.0,0.81,0.53,1.19,3.1,2,24.64,94
6785,昱展新藥,生技醫療業,-1.2,1753000.0,0.0,0.0,3147845.1715881885,0.0,622.26,2954.17,20.83,2975.0,0.0,0.0,0.0,122.0,0.0,0.0,0.0,0.0,0,102.75,141
6767,台微醫,生技醫療業,-0.5,322308000.0,0.0,0.0,307407485.93294775,0.0,0.0,0.0,0.0,0.0,0.0,0.0,0.0,25.9,0.0,0.0,0.0,0.41,9,3.35,93
6739,竹陞科技,其他電子類,16.13,761022000.0,47180533.16800992,10.23,1490450550.4455373,31.59,59.92,83.94,26.45,110.39,835.56,3487.22,1892.88,1255.0,1.51,0.67,2.78,147.22,101,291.0,123
6742,澤米,光電業,-1.51,550879000.0,0.0,0.0,320193162.27099234,0.0,381.77,775.72,136.5,912.22,0.0,0.0,0.0,60.3,0.0,0.0,0.0,15.31,141,24.6,93
6743,安普新,其他電子業,0.71,5559377000.0,7830108450.704226,0.25,5414788493.072947,0.69,51.95,120.84,13.31,134.15,9.18,92.56,35.85,30.05,1.19,0.31,3.08,20.3,92,13.84,107
6751,智聯服務,資訊服務業,5.21,1831365000.0,351509596.92898273,2.02,1459353371.8400366,4.15,37.17,65.31,7.56,72.87,31.37,302.41,154.25,50.5,3.05,0.62,5.99,20.47,8,41.61,170
6753,龍德造船,航運業,5.97,5357790000.0,897452261.3065327,2.72,5678851810.56125,6.33,21.73,36.41,13.84,50.25,87.61,318.08,137.52,130.0,1.06,0.67,2.45,41.63,25,105.56,100
6756,威鋒電子,半導體業,1.11,1540487000.0,1387826126.126126,0.52,1655763824.5174105,1.19,63.57,59.26,35.33,94.59,42.04,112.56,75.65,98.5,0.77,0.43,1.14,3.97,17,3.92,3
6761,穩得,電子零組件業,7.35,1989199000.0,270639319.72789115,2.88,1770674679.079736,6.54,19.18,23.2,10.23,33.43,66.9,218.63,125.43,213.0,0.59,0.31,1.03,8.29,32,75.65,93
6762,達亞,生技醫療業,0.73,705600000.0,966575342.4657534,0.25,588111027.8666058,0.61,188.56,269.43,94.67,364.1,57.75,222.1,115.02,0.0,0.0,0.0,0.0,14.04,9,0.0,0
6752,叡揚,資訊服務業,7.58,2005986000.0,264641952.5065963,3.19,2084754391.6714604,7.88,19.66,19.67,13.15,32.82,103.62,258.62,154.94,106.5,1.45,0.97,2.43,14.73,36,0.0,0
6796,晉弘,化學生技醫療,0.13,698679000.0,5374453846.153846,0.05,667870608.5328628,0.12,246.49,489.96,54.42,544.38,6.53,65.33,29.58,61.9,0.48,0.11,1.06,25.0,38,17.2,143
6830,汎銓,其他電子業,-0.7,2139984000.0,0.0,0.0,2634123136.345246,0.0,109.21,278.75,26.25,305.0,0.0,0.0,0.0,683.0,0.0,0.0,0.0,71.21,135,53.85,93
6831,邁科,電子工業,4.93,959783000.0,194682150.1014199,0.0,0.0,0.0,160.46,178.0,71.24,249.24,0.0,0.0,0.0,762.0,0.0,0.0,0.0,0.0,0,202.56,179
6834,天二科技,電子工業,0.51,1428164000.0,2800321568.627451,0.26,1703613835.429491,0.61,319.63,1352.96,32.04,1385.0,19.54,844.85,194.98,77.0,2.53,0.25,10.97,58.06,43,4.87,2
6835,圓裕,電子工業,0.97,2406345000.0,2480768041.2371135,0.39,2265908777.384721,0.91,23.5,294.11,8.2,302.31,7.46,275.1,21.39,38.2,0.56,0.2,7.2,0.0,0,20.96,22
6838,台新藥,化學生技醫療,-0.54,6269000.0,0.0,0.0,513414213.8047138,0.0,0.0,0.0,0.0,0.0,0.0,0.0,0.0,25.15,0.0,0.0,0.0,6.38,17,51.31,22
6840,東研信超,其他電子類,1.57,883542000.0,562765605.0955414,0.69,1014647023.4851296,1.8,150.99,374.23,37.53,411.76,67.55,741.17,271.78,65.4,4.16,1.03,11.33,22.37,35,77.22,100
6841,長佳智能,生技醫療業,0.89,362374000.0,407161797.752809,0.36,401907691.97201115,0.99,100.67,250.28,49.4,299.68,48.91,296.68,99.67,56.4,1.77,0.87,5.26,40.19,25,23.4,115
6843,進典,電機機械,2.21,808039000.0,365628506.7873303,0.87,907915723.686107,2.48,21.32,13.4,14.42,27.82,35.76,68.99,52.87,40.9,1.29,0.87,1.69,0.34,1,28.05,100
6844,諾貝兒,生技醫療業,2.35,3445244000.0,1466061276.5957446,0.97,3393776514.027092,2.31,36.03,27.64,24.35,51.99,56.25,120.1,83.24,64.5,1.29,0.87,1.86,0.0,0,0.0,0
6846,綠茵,食品工業,5.39,903935000.0,167705936.92022264,2.19,849910857.4278573,5.07,14.44,6.72,11.66,18.38,59.12,93.19,73.19,67.3,1.09,0.88,1.38,8.97,123,13.19,14
6799,來頡,半導體業,3.71,954586000.0,257300808.62533692,1.62,993041157.3632959,3.86,30.25,25.07,20.03,45.1,77.32,174.09,116.76,107.5,1.09,0.72,1.62,12.54,17,0.99,10
6805,富世達,電子工業,31.0,12078622000.0,389632967.7419355,17.26,20538371335.763023,52.71,53.66,54.85,20.98,75.83,1105.86,3997.0,2828.24,2120.0,1.33,0.52,1.89,44.81,183,173.28,182
6821,聯寶,電子零組件業,1.13,587770000.0,520150442.4778761,0.43,502779782.9816533,0.97,36.51,40.09,24.2,64.29,23.47,62.36,35.41,69.0,0.51,0.34,0.9,58.16,148,9.58,2
6823,濾能,半導體業,-8.03,631530000.0,0.0,0.0,737858958.3566928,0.0,0.0,0.0,0.0,0.0,0.0,0.0,0.0,74.0,0.0,0.0,0.0,23.54,128,107.9,155
6735,美達科技,其他電子類,0.33,328512000.0,995490909.090909,0.17,506852591.7927754,0.51,183.24,1102.02,19.23,1121.25,9.81,571.84,93.45,104.0,0.9,0.09,5.5,8.2,1,86.88,113
6733,博晟生醫,生技醫療業,-0.69,219222000.0,0.0,0.0,246357290.8432488,0.0,0.0,0.0,0.0,0.0,0.0,0.0,0.0,26.05,0.0,0.0,0.0,10.9,29,57.3,105
6649,台生材,生技醫療業,1.4,213984000.0,152845714.2857143,0.36,134781090.7417421,0.88,54.13,94.17,27.86,122.03,24.52,107.39,47.64,38.05,1.25,0.64,2.82,28.5,154,107.99,134
6651,全宇昕,半導體業,6.31,1527269000.0,242039461.17274168,2.73,1518098892.4233208,6.27,13.11,14.81,8.45,23.26,52.98,145.84,82.19,141.5,0.58,0.37,1.03,49.01,126,1.76,9
6654,天正國際,其他電子類,0.0,348044000.0,0.0,0.0,587385442.7266176,0.0,6793.44,9125.95,254.05,9380.0,0.0,0.0,0.0,169.0,0.0,0.0,0.0,1.58,32,19.38,157
6655,科定,其他,3.93,2573178000.0,654752671.7557251,1.88,3178333855.116691,4.85,30.14,14.35,24.29,38.64,117.81,187.4,146.17,130.5,1.12,0.9,1.44,17.65,91,1.2,25
6657,華安,化學生技醫療,-2.93,7153000.0,0.0,0.0,10609697.632871818,0.0,0.0,0.0,0.0,0.0,0.0,0.0,0.0,38.05,0.0,0.0,0.0,12.24,17,1.6,3
6658,聯策,其他電子業,1.39,2060888000.0,1482653237.410072,0.73,2251169561.1640177,1.52,106.36,417.25,40.37,457.62,61.36,695.58,161.67,207.5,0.78,0.3,3.35,147.69,144,14.16,30
6661,威健生技,生技醫療業,0.06,373224000.0,6220400000.0,0.02,414102158.8176759,0.07,267.76,288.0,186.0,474.0,13.02,33.18,18.74,16.6,1.13,0.78,2.0,57.29,49,8.37,123
6662,樂斯科,生技醫療業,1.66,268039000.0,161469277.10843375,0.7,253418977.04321277,1.57,19.32,6.31,16.21,22.52,25.45,35.36,30.34,28.8,1.05,0.88,1.23,10.44,38,4.44,35
6664,群翊,電子零組件業,15.08,2524979000.0,167438925.72944298,6.9,2949205243.3373904,17.61,17.89,23.46,8.6,32.06,151.45,564.58,315.01,429.5,0.73,0.35,1.31,36.65,85,50.39,93
6666,羅麗芬-KY,化學生技醫療,2.42,1098789000.0,454045041.3223141,1.01,1113347559.3206532,2.45,24.8,23.83,16.47,40.3,40.35,98.74,60.75,39.95,1.52,1.01,2.47,3.74,120,50.49,85
6667,信紘科,其他電子類,13.77,6088926000.0,442187799.56427014,5.84,7295115945.712269,16.5,21.86,14.2,15.53,29.73,256.24,490.54,360.64,278.5,1.29,0.92,1.76,28.84,143,50.5,88
6668,中揚光,光電業,-1.93,1122085000.0,0.0,0.0,1379563346.0828183,0.0,0.0,0.0,0.0,0.0,0.0,0.0,0.0,40.3,0.0,0.0,0.0,0.31,9,9.44,25
6643,M31,半導體業,1.69,1664726000.0,985044970.4142013,0.82,1946067065.6060982,1.98,1034.36,17362.77,62.23,17425.0,123.22,34501.5,2048.03,576.0,3.56,0.21,59.9,29.07,44,9.16,30
6642,富致,電子零組件業,2.6,541366000.0,208217692.3076923,1.19,556551311.8192352,2.67,21.38,23.0,13.91,36.91,37.14,98.55,57.09,85.0,0.67,0.44,1.16,12.57,142,0.0,0
6605,帝寶,汽車工業,13.97,19461033000.0,1393058911.9541874,5.92,18792261783.343086,13.49,11.25,8.57,7.61,16.18,102.66,218.27,151.73,141.5,1.07,0.73,1.54,29.55,59,10.11,25
6606,建德工業,電機機械,1.1,807055000.0,733686363.6363636,0.51,921950741.5976807,1.26,27.45,12.02,21.51,33.53,27.1,42.25,34.59,26.35,1.31,1.03,1.6,23.83,94,4.37,91
6609,瀧澤科,電機機械,-1.53,2070606000.0,0.0,0.0,1868381823.4372377,0.0,29.0,44.32,14.78,59.1,0.0,0.0,0.0,47.85,0.0,0.0,0.0,141.87,143,16.37,74
6612,奈米醫材,生技醫療業,1.15,1091495000.0,949126086.9565219,0.55,1219826055.3562112,1.29,61.27,58.02,36.15,94.17,46.63,121.48,79.03,72.5,1.09,0.64,1.68,29.78,28,6.56,7
6613,朋億*,其他電子類,13.37,9026692000.0,675145250.5609574,6.13,9603125332.44739,14.22,12.35,11.35,8.33,19.68,118.45,279.85,175.63,261.0,0.67,0.45,1.07,0.0,0,35.37,88
6614,資拓宏宇,數位雲端,2.08,1407674000.0,676766346.1538461,0.0,0.0,0.0,24.77,16.95,15.4,32.35,0.0,0.0,0.0,40.0,0.0,0.0,0.0,11.21,1,43.85,100
6615,慧智,生技醫療業,-0.43,386891000.0,0.0,0.0,372136772.15722376,0.0,96.91,251.54,34.71,286.25,0.0,0.0,0.0,32.8,0.0,0.0,0.0,32.48,45,9.36,115
6617,共信-KY,生技醫療業,-0.92,35690000.0,0.0,0.0,42381065.80570268,0.0,0.0,0.0,0.0,0.0,0.0,0.0,0.0,69.0,0.0,0.0,0.0,0.3,2,0.89,46
6620,漢達,生技醫療業,4.85,163380000.0,33686597.93814433,0.0,0.0,0.0,17.38,7.41,13.92,21.33,0.0,0.0,0.0,72.1,0.0,0.0,0.0,4.63,8,84.66,133
6625,必應,其他,8.88,4041795000.0,455157094.59459454,3.64,6751254564.933182,14.83,13.39,17.56,7.15,24.71,106.03,366.45,198.63,73.6,2.7,1.44,4.98,8.72,9,22.29,32
6637,醫影,生技醫療業,7.16,1068011000.0,149163547.48603353,2.59,1723285623.7692037,11.55,14.03,15.3,8.79,24.09,101.52,278.24,162.1,66.4,2.44,1.53,4.19,48.98,17,50.0,21
6640,均華,半導體業,12.75,2608139000.0,204559921.56862745,7.23,4822048406.341161,23.57,63.32,116.56,21.48,138.04,506.28,3253.6,1492.55,1315.0,1.14,0.39,2.47,142.29,85,88.84,113
6669,緯穎,電子工業,275.06,889139530000.0,3232529375.409002,143.4,1486671638675.716,459.91,19.51,26.54,12.0,38.54,5518.92,17724.93,8973.7,5515.0,1.63,1.0,3.21,15.59,16,95.85,162
6706,惠特,光電業,-3.92,991895000.0,0.0,0.0,393173699.48883796,0.0,0.0,0.0,0.0,0.0,0.0,0.0,0.0,216.5,0.0,0.0,0.0,164.91,158,38.08,182
6708,天擎,半導體業,0.24,277169000.0,1154870833.3333335,0.08,245413099.477858,0.21,1044.57,1481.0,154.0,1635.0,32.34,343.35,219.36,41.1,5.34,0.79,8.35,14.06,156,7.57,44
6712,長聖,生技醫療業,4.97,1030998000.0,207444265.59356138,1.95,1102202226.7266512,5.31,35.11,35.85,23.36,59.21,124.04,314.41,186.44,136.0,1.37,0.91,2.31,4.42,42,7.16,121
6715,嘉基,電子工業,1.8,1674401000.0,930222777.7777778,0.92,1801265484.862875,1.94,54.7,252.4,19.54,271.94,37.91,527.56,106.11,453.0,0.23,0.08,1.16,19.05,32,4.58,2
6716,應廣,半導體業,2.18,1094881000.0,502238990.82568806,1.29,1540619522.0543137,3.07,25.83,52.1,11.06,63.16,33.95,193.9,79.28,104.5,0.76,0.32,1.86,0.0,0,16.04,154
6719,力智,半導體業,6.58,4540355000.0,690023556.231003,2.47,4508946133.166387,6.53,79.08,108.49,23.97,132.46,156.52,864.96,516.41,243.5,2.12,0.64,3.55,3.25,17,13.19,112
6721,信實,其他,4.65,3597037000.0,773556344.0860214,2.03,3838923046.809031,4.96,13.28,4.12,11.75,15.87,58.28,78.72,65.87,59.0,1.12,0.99,1.33,14.18,168,4.67,102
6722,輝創,其他電子業,3.39,418495000.0,123449852.50737463,0.0,0.0,0.0,15.24,5.11,13.28,18.39,0.0,0.0,0.0,37.5,0.0,0.0,0.0,2.16,36,15.74,143
6725,矽科宏晟,其他電子類,12.98,667194000.0,51401694.915254235,0.0,0.0,0.0,20.41,18.41,13.1,31.51,0.0,0.0,0.0,325.5,0.0,0.0,0.0,20.06,28,94.92,85
6727,亞泰金屬,電子零組件業,6.8,1497054000.0,220155000.0,5.03,3410025426.4704676,15.49,26.24,69.88,8.8,78.68,136.31,1218.75,406.5,556.0,0.73,0.25,2.19,34.16,176,316.81,100
6730,常廣,生技醫療業,2.14,120733000.0,56417289.719626166,0.0,0.0,0.0,17.58,4.43,16.29,20.72,0.0,0.0,0.0,34.4,0.0,0.0,0.0,1.37,29,0.0,0
6732,昇佳電子,半導體業,6.21,4524877000.0,728643639.2914654,2.51,4305058970.090895,5.91,22.46,19.68,13.89,33.57,82.09,198.4,132.75,174.0,0.76,0.47,1.14,10.21,11,47.84,105
6720,久昌,半導體業,4.19,445852000.0,106408591.88544151,1.47,316660675.8847901,2.98,30.21,41.66,18.41,60.07,54.86,179.01,90.04,146.5,0.61,0.37,1.22,43.81,50,11.18,9
6703,軒郁,生技醫療業,10.31,3226692000.0,312967216.29485935,4.36,3726293263.652849,11.91,13.79,9.82,9.71,19.53,115.65,232.6,164.21,109.5,1.5,1.06,2.12,0.51,32,21.74,86
6698,旭暉應材,電子工業,-1.65,1142237000.0,0.0,0.0,1022056436.6213264,0.0,0.0,0.0,0.0,0.0,0.0,0.0,0.0,39.5,0.0,0.0,0.0,48.17,30,50.95,98
6672,騰輝電子-KY,電子工業,4.85,4224417000.0,871013814.4329897,2.46,5197015321.25513,5.97,18.28,36.39,10.21,46.6,60.95,278.2,109.12,220.0,0.5,0.28,1.26,2.04,23,64.35,99
6674,鋐寶科技,通信網路業,-1.13,627271000.0,0.0,0.0,440855602.1194982,0.0,0.0,0.0,0.0,0.0,0.0,0.0,0.0,18.15,0.0,0.0,0.0,29.33,171,27.64,72
6679,鈺太,半導體業,6.81,1974965000.0,290009544.78707784,3.04,2054131491.5331955,7.08,37.53,34.87,21.84,56.71,154.63,401.51,265.73,305.0,0.87,0.51,1.32,4.0,18,11.19,25
6680,鑫創電子,電腦及週邊設備業,-0.29,552367000.0,0.0,0.0,680890825.5293602,0.0,36.13,59.55,15.2,74.75,0.0,0.0,0.0,57.8,0.0,0.0,0.0,0.0,0,0.0,0
6683,雍智科技,半導體業,15.42,2130984000.0,138196108.94941634,7.75,2789879126.260917,20.19,35.26,152.12,14.22,166.34,287.1,3358.4,711.8,1715.0,0.42,0.17,1.96,41.05,29,51.28,183
6684,安格,半導體業,1.57,315309000.0,200833757.96178344,0.65,296299536.3321055,1.48,36.41,33.0,19.95,52.95,29.53,78.37,53.89,44.3,1.22,0.67,1.77,8.45,44,31.35,141
6691,洋基工程,其他電子業,25.51,21089903000.0,826730811.4464915,15.66,36356170548.14726,43.98,21.74,16.3,14.52,30.82,638.59,1355.46,956.12,648.0,1.48,0.99,2.09,13.89,35,14.84,179
6692,進能服,綠能環保類,0.23,1868331000.0,8123178260.869565,0.03,364978083.742189,0.04,40.38,128.76,13.2,141.96,0.53,5.68,1.62,25.4,0.06,0.02,0.22,98.67,49,0.66,4
6693,廣閎科,半導體業,-0.09,1376725000.0,0.0,0.0,2215053348.62209,0.0,43.55,104.38,16.52,120.9,0.0,0.0,0.0,152.0,0.0,0.0,0.0,19.97,126,35.8,163
6695,芯鼎,半導體業,-1.83,1152118000.0,0.0,0.0,1049964641.452012,0.0,0.0,0.0,0.0,0.0,0.0,0.0,0.0,57.2,0.0,0.0,0.0,8.76,22,37.56,98
6697,東捷資訊,資訊服務業,3.04,1414873000.0,465418750.0,1.3,1325300366.2892363,2.85,16.45,7.79,13.29,21.08,37.88,60.08,46.89,43.7,1.07,0.87,1.37,6.47,148,35.45,88
6994,富威電力,綠能環保,6.34,3365121000.0,530776182.9652997,5.67,11277727137.997904,21.25,60.6,124.92,8.13,133.05,172.76,2827.31,1287.78,66.0,19.51,2.62,42.84,37.1,37,7.66,2
6996,力領科技,半導體業,12.16,2658119000.0,218595312.5,5.82,3044349643.463335,13.93,13.48,7.04,9.21,16.25,128.3,226.36,187.84,189.5,0.99,0.68,1.19,5.99,18,1.92,108
6997,博弘,數位雲端類,5.11,4391103000.0,859315655.5772994,2.41,5229654109.020159,6.09,21.7,43.17,13.82,56.99,84.16,347.07,132.17,77.5,1.71,1.09,4.48,13.59,158,4.19,28
7402,邑錡,光電業,0.1,534763000.0,5347630000.0,0.03,439309313.3353133,0.08,266.23,1292.47,42.53,1335.0,3.4,106.8,21.3,104.0,0.2,0.03,1.03,4.25,22,107.59,98
7547,碩網,數位雲端類,2.61,225145000.0,86262452.1072797,0.0,0.0,0.0,31.47,42.51,20.04,62.55,0.0,0.0,0.0,63.4,0.0,0.0,0.0,116.87,135,94.19,66
7556,意德士,半導體業,7.21,736765000.0,102186546.4632455,3.43,831223388.6366489,8.13,26.97,24.48,20.45,44.93,166.26,365.28,219.27,278.5,0.79,0.6,1.31,6.27,32,14.29,87
6983,華洋精機,其他電子類,4.46,336305000.0,75404708.52017938,0.86,219233524.18257496,2.91,101.25,25.44,92.86,118.3,270.22,344.25,294.65,370.5,0.8,0.73,0.93,55.75,50,51.2,98
6982,大井泵浦,電機機械,0.06,1606908000.0,26781800000.0,0.03,1784141122.843231,0.07,143.92,981.88,14.79,996.67,1.04,69.77,10.07,55.1,0.18,0.02,1.27,11.99,58,44.3,81
6955,邦睿生技-創,創新板股票,4.42,299178000.0,67687330.31674208,2.14,352663411.04864335,5.21,46.22,25.59,35.11,60.7,182.92,316.25,240.82,145.0,1.66,1.26,2.18,8.89,44,13.76,66
6957,裕慶-KY,其他,10.2,3808258000.0,373358627.4509804,5.49,4642070178.718559,12.43,15.45,13.47,10.46,23.93,130.02,297.45,192.1,171.5,1.12,0.76,1.73,0.0,0,29.48,158
6958,日盛台駿,其他,-2.4,10918289000.0,0.0,0.0,9740421621.863518,0.0,27.91,28.82,17.08,45.9,0.0,0.0,0.0,17.4,0.0,0.0,0.0,2.73,8,10.6,49
6958A,日盛台駿甲特,其他,0.0,0.0,0.0,0.0,0.0,0.0,0.0,0.0,0.0,0.0,0.0,0.0,0.0,18.3,0.0,0.0,0.0,0.0,0,0.0,0
6961,旅天下,觀光餐旅,4.23,248963000.0,58856501.18203309,0.0,0.0,0.0,14.83,9.27,11.85,21.12,0.0,0.0,0.0,60.2,0.0,0.0,0.0,6.09,18,3.29,113
6962,奕力-KY,半導體業,2.89,19108313000.0,6611873010.380623,1.08,17301139291.810474,2.62,14.09,18.74,8.64,27.38,22.64,71.74,36.92,38.1,0.97,0.59,1.88,15.57,80,4.14,8
6965,中傑-KY,運動休閒,3.52,22451409000.0,6378241193.181818,1.28,17908260059.2019,2.81,15.32,41.09,8.04,49.13,22.59,138.06,43.05,79.1,0.54,0.29,1.75,0.0,0,15.06,49
6967,汎瑋材料,電子零組件業,4.03,1382324000.0,343008436.72456574,1.91,1719050729.8178885,5.01,17.9,11.61,11.82,23.43,59.22,117.38,89.69,70.9,1.27,0.84,1.66,16.83,32,26.78,101
6968,萬達寵物,居家生活類,2.51,3188322000.0,1270247808.7649403,1.18,3662920525.2367916,2.88,26.73,20.61,17.34,37.95,49.94,109.3,76.98,43.0,1.79,1.16,2.54,14.5,24,6.89,44
6971,惠民實業,綠能環保類,2.42,988744000.0,408571900.8264463,0.0,0.0,0.0,15.6,19.62,11.63,31.25,0.0,0.0,0.0,27.05,0.0,0.0,0.0,0.0,0,29.14,101
6953,家碩,半導體業,7.98,1234907000.0,154750250.6265664,3.67,1571766914.0913548,10.16,29.94,24.48,17.52,42.0,178.0,426.72,304.17,247.0,1.23,0.72,1.73,23.16,36,57.89,128
7715,裕山,綠能環保類,3.11,1363429000.0,438401607.7170418,0.86,699731235.0338352,1.6,8.53,6.65,6.43,13.08,10.29,20.93,13.64,27.95,0.49,0.37,0.75,10.36,9,1.39,2
7716,昱臺國際,航運業,2.23,614609000.0,275609417.0403587,0.0,0.0,0.0,10.7,11.84,8.63,20.47,0.0,0.0,0.0,26.2,0.0,0.0,0.0,5.79,2,17.96,24
7717,萊德光電-KY,通信網路業,6.12,168424000.0,27520261.437908497,0.0,0.0,0.0,163.72,374.68,25.77,400.45,0.0,0.0,0.0,669.0,0.0,0.0,0.0,550.7,144,550.7,144
7718,友鋮,鋼鐵工業,3.77,2206219000.0,585203978.7798408,1.78,2943249477.6758175,5.03,12.19,8.33,7.76,16.09,39.03,80.93,61.33,49.7,1.23,0.79,1.63,19.09,114,1.91,9
7721,微程式,數位雲端,0.57,292165000.0,512570175.43859655,0.0,0.0,0.0,69.8,155.28,21.45,176.73,0.0,0.0,0.0,80.0,0.0,0.0,0.0,26.79,169,38.95,30
7722,LINEPAY,數位雲端,7.46,7771476000.0,1041752815.0134048,3.33,8927193795.821226,8.57,64.03,54.78,35.25,90.03,302.09,771.56,548.71,280.0,1.96,1.08,2.76,17.69,158,34.39,25
7723,築間,觀光餐旅,-6.59,4033872000.0,0.0,0.0,5998234373.991804,0.0,56.61,97.22,13.57,110.79,0.0,0.0,0.0,22.65,0.0,0.0,0.0,3.73,16,14.32,4
7714,創泓科技,數位雲端類,6.33,1817600000.0,287140600.31595576,2.75,1807231171.6566362,6.29,21.8,16.26,14.81,31.07,93.15,195.43,137.15,125.5,1.09,0.74,1.56,3.0,38,68.97,101
7730,暉盛-創,創新板股票,1.74,174841000.0,100483333.33333333,0.0,0.0,0.0,72.46,82.79,37.33,120.12,0.0,0.0,0.0,215.0,0.0,0.0,0.0,19.67,46,53.26,127
7732,金興精密,汽車工業,1.73,1119185000.0,646927745.6647398,0.69,915889791.6536107,1.42,19.27,15.24,11.99,27.23,17.03,38.67,27.37,36.05,0.76,0.47,1.07,12.96,144,0.0,0
7734,印能科技,半導體業,35.67,2285909000.0,64084917.297448836,22.97,3679029991.488212,57.41,39.34,97.58,18.39,115.97,1055.77,6657.84,2258.77,3415.0,0.66,0.31,1.95,35.14,172,24.12,49
7736,虎山,汽車工業,5.09,1548758000.0,304274656.1886051,1.85,1531865246.313438,5.03,16.85,9.72,11.72,21.44,58.95,107.84,84.75,74.3,1.14,0.79,1.45,20.0,114,1.91,3
7728,光焱科技,其他電子類,4.95,338524000.0,68388686.86868687,2.51,401900286.6681874,5.88,100.24,251.6,24.4,276.0,143.47,1622.88,589.41,740.0,0.8,0.19,2.19,15.11,141,80.76,183
7713,威力德生醫,生技醫療業,4.64,1092554000.0,235464224.13793105,2.08,1314101934.6529603,5.58,16.62,7.77,13.45,21.22,75.05,118.41,92.74,73.9,1.25,1.02,1.6,8.05,183,33.72,101
7712,博盛半導體,半導體業,5.42,1326237000.0,244693173.43173432,2.33,1345928869.1019351,5.5,22.58,28.03,12.04,40.07,66.22,220.38,124.2,161.5,0.77,0.41,1.36,123.79,38,22.14,98
7711,永擎,電腦及週邊設備業,13.04,8581110000.0,658060582.822086,0.0,0.0,0.0,24.96,24.77,17.28,42.05,0.0,0.0,0.0,413.0,0.0,0.0,0.0,23.01,80,63.61,122
7584,樂意,文化創意業,-1.98,981776000.0,0.0,0.0,767684280.1917692,0.0,22.27,31.9,13.73,45.63,0.0,0.0,0.0,23.6,0.0,0.0,0.0,43.52,42,0.57,9
7610,聯友金屬-創,創新板股票,5.33,804389000.0,150917260.7879925,0.0,0.0,0.0,170.78,433.27,53.87,487.14,0.0,0.0,0.0,1615.0,0.0,0.0,0.0,6.99,37,129.55,85
7631,聚賢研發-創,其他電子業,6.56,851604000.0,129817682.92682928,6.12,2373377154.915058,18.28,23.96,19.53,12.69,32.22,231.97,588.98,438.02,125.0,3.5,1.86,4.71,5.02,30,56.19,77
7642,昶瑞機電,電機機械,3.35,619877000.0,185037910.44776118,1.25,833399759.8420848,4.5,20.73,19.72,12.05,31.77,54.22,142.96,93.27,66.8,1.4,0.81,2.14,4.95,11,49.13,71
7703,銳澤,其他電子類,8.72,2572226000.0,294980045.8715596,3.47,2793302655.435911,9.47,23.28,19.07,14.3,33.37,135.42,316.01,220.51,208.5,1.06,0.65,1.52,1.68,149,110.95,91
7704,明遠精密,半導體業,2.07,657463000.0,317614975.84541065,0.92,729440581.7900766,2.3,25.09,16.51,15.62,32.13,35.93,73.9,57.71,62.4,0.92,0.58,1.18,13.78,44,7.09,28
7705,三商餐飲,觀光餐旅,1.93,6491220000.0,3363326424.870466,0.8,6861160332.062853,2.04,22.48,19.26,13.61,32.87,27.76,67.05,45.86,31.35,1.46,0.89,2.14,13.08,147,0.74,42
7708,全家餐飲,觀光餐旅,6.46,2693523000.0,416954024.7678019,2.88,3041970221.9367037,7.3,16.44,5.15,13.4,18.55,97.82,135.42,120.04,91.9,1.31,1.06,1.47,12.9,161,10.33,163
7709,榮田,電機機械,2.51,982361000.0,391378884.4621514,1.35,1187466938.6662936,3.03,16.81,52.77,7.38,60.15,22.36,182.25,50.93,121.5,0.42,0.18,1.5,0.0,0,1.53,10
6952,大武山,其他,-1.2,1663305000.0,0.0,0.0,3529759972.750859,0.0,31.71,27.8,21.29,49.09,0.0,0.0,0.0,37.0,0.0,0.0,0.0,0.0,0,1.43,9
6884,海柏特,資訊服務業,2.06,238706000.0,115876699.02912621,0.0,0.0,0.0,17.95,6.44,16.39,22.83,0.0,0.0,0.0,33.35,0.0,0.0,0.0,0.0,0,5.81,121
6885,全福生技,化學生技醫療,-3.32,4460000.0,0.0,0.0,124239041.91616768,0.0,0.0,0.0,0.0,0.0,0.0,0.0,0.0,22.35,0.0,0.0,0.0,57.72,44,75.92,21
6887,寶綠特-KY,綠能環保,4.64,4751693000.0,1024071767.2413794,1.98,3686364146.5851035,3.6,10.59,9.47,6.12,15.59,22.03,56.12,38.14,36.95,1.03,0.6,1.52,11.87,42,3.61,29
6890,來億-KY,運動休閒,13.01,39806004000.0,3059646733.2820907,4.77,32561524391.16142,10.64,34.91,78.58,11.56,90.14,123.0,959.09,371.47,174.5,2.13,0.7,5.5,123.64,175,16.98,14
6881,潤德,其他,19.42,2443619000.0,125830020.59732233,8.54,2708744657.5815773,21.53,15.32,7.37,11.92,19.29,256.64,415.31,329.91,267.0,1.24,0.96,1.56,7.4,15,0.42,2
6894,衛司特,綠能環保類,10.99,1360634000.0,123806551.41037306,6.77,2125941287.305031,17.17,23.5,19.2,16.24,35.44,278.84,608.5,403.54,409.0,0.99,0.68,1.49,3.51,35,32.75,154
6899,創為精密,光電業,3.59,1175122000.0,327332033.4261839,1.41,1151842737.225781,3.52,15.71,6.26,12.71,18.97,44.74,66.77,55.32,66.1,0.84,0.68,1.01,0.78,38,8.56,157
6901,鑽石投資,其他,-1.38,-1063116000.0,0.0,0.0,0.0,0.0,0.0,0.0,0.0,0.0,0.0,0.0,0.0,13.15,0.0,0.0,0.0,15.59,45,12.77,10
6903,巨漢,其他電子類,10.62,3177380000.0,299188323.9171375,10.99,12531115007.429457,41.88,19.69,35.06,9.44,44.5,395.35,1863.66,824.58,401.0,2.06,0.99,4.65,10.0,4,46.38,169
6904,伯鑫,其他,5.44,880215000.0,161804227.94117644,2.16,794010769.7549093,4.91,16.33,11.84,11.32,23.16,55.58,113.72,80.16,118.0,0.68,0.47,0.96,3.79,32,0.0,0
6906,現觀科,數位雲端,1.87,354906000.0,189789304.8128342,0.74,340178192.9738361,1.79,39.91,28.37,26.94,55.31,48.22,99.0,71.45,105.0,0.68,0.46,0.94,28.99,141,0.0,0
6907,雅特力-KY,半導體業,2.09,139884000.0,66930143.54066986,0.0,0.0,0.0,50.32,59.41,19.68,79.09,0.0,0.0,0.0,128.0,0.0,0.0,0.0,235.71,50,235.71,50
6908,宏碁遊戲-創,創新板股票,1.44,0.0,0.0,0.0,0.0,0.0,26.67,11.47,21.93,33.4,0.0,0.0,0.0,40.95,0.0,0.0,0.0,0.0,0,34.77,141
6895,宏碩系統,半導體業,3.61,819077000.0,226891135.73407203,1.0,810839151.4809505,3.57,73.42,96.85,37.96,134.81,135.52,481.27,262.1,146.5,1.79,0.93,3.29,137.19,44,182.57,98
6877,鏵友益,其他電子類,0.61,505472000.0,828642622.9508197,0.12,246101835.84411642,0.3,237.81,790.71,55.12,845.83,16.54,253.75,71.34,162.0,0.44,0.1,1.57,114.46,77,29.11,71
6855,數泓科,其他電子類,7.86,616484000.0,78433078.88040712,3.07,570417756.3000342,7.27,16.66,10.22,12.83,23.05,93.27,167.57,121.11,117.5,1.03,0.79,1.43,29.43,126,6.45,8
6856,鑫傳,文化創意業,2.62,774482000.0,295603816.7938931,1.03,758005035.6186206,2.56,18.07,12.53,13.35,25.88,34.18,66.25,46.27,49.3,0.94,0.69,1.34,10.6,107,0.0,0
6859,伯特光,光電業,2.87,926738000.0,322905226.4808362,0.92,586822901.2549249,1.82,90.45,310.16,30.47,340.63,55.46,619.95,164.61,132.0,1.25,0.42,4.7,53.88,183,10.17,10
6861,睿生光電,化學生技醫療,3.84,2281307000.0,594090364.5833334,2.14,3119477582.1483936,5.25,24.66,100.32,10.91,111.23,57.28,583.96,129.46,396.0,0.33,0.14,1.47,17.24,23,33.72,122
6862,三集瑞-KY,電子工業,8.28,2269658000.0,274113285.0241546,2.81,1664624297.2869399,6.07,18.4,26.13,10.67,36.8,64.77,223.38,111.66,214.0,0.52,0.3,1.04,0.0,0,57.46,148
6863,永道-KY,通信網路業,3.0,4049237000.0,1349745666.6666667,1.58,4205621689.5042043,3.12,25.7,95.76,12.96,108.72,40.44,339.21,80.17,110.5,0.73,0.37,3.07,44.74,126,3.33,3
6870,騰雲,數位雲端類,7.11,780362000.0,109755555.55555555,3.54,1118596698.5459871,10.19,43.65,51.96,24.36,76.32,248.23,777.7,444.83,292.5,1.52,0.85,2.66,79.4,175,50.0,109
6872,浩宇生醫,生技醫療業,-2.14,11027000.0,0.0,0.0,81394552.91970803,0.0,0.0,0.0,0.0,0.0,0.0,0.0,0.0,17.1,0.0,0.0,0.0,7.81,28,0.0,0
6874,倍力,資訊服務業,3.16,1341672000.0,424579746.835443,2.69,2331958481.1158147,5.49,21.97,14.45,15.65,30.1,85.92,165.25,120.62,82.0,1.47,1.05,2.02,15.02,35,11.6,39
6875,國邑*,生技醫療業,-2.98,69673000.0,0.0,0.0,60003643.19673987,0.0,350.28,283.27,232.73,516.0,0.0,0.0,0.0,35.6,0.0,0.0,0.0,0.91,2,36.63,148
6909,創控,半導體業,1.02,369381000.0,362138235.2941176,0.67,1149430053.128464,3.17,41.99,44.94,24.64,69.58,78.11,220.57,133.11,52.8,2.52,1.48,4.18,18.21,38,29.9,9
6910,德鴻,數位雲端類,2.0,65267000.0,32633500.0,0.0,0.0,0.0,15.13,3.76,13.16,16.92,0.0,0.0,0.0,29.0,0.0,0.0,0.0,7.3,44,110.46,94
6931,青松健康,化學生技醫療,1.39,1108355000.0,797377697.8417267,0.64,1289083371.4309704,1.62,71.3,84.53,20.62,105.15,33.4,170.34,115.5,40.0,2.89,0.84,4.26,6.4,43,24.54,183
6933,AMAX-KY,電子工業,5.05,6971809000.0,1380556237.6237624,2.31,7224264827.181242,5.23,45.64,75.96,22.05,98.01,115.32,512.59,238.68,189.5,1.26,0.61,2.7,0.0,0,84.27,66
6934,心誠鎂,化學生技醫療,-3.92,70823000.0,0.0,0.0,0.0,0.0,0.0,0.0,0.0,0.0,0.0,0.0,0.0,72.6,0.0,0.0,0.0,26.72,146,40.3,88
6936,永鴻生技,化學生技醫療,1.83,1174176000.0,641626229.5081967,0.97,2257351096.52206,3.52,19.66,7.25,16.61,23.86,58.47,83.99,69.19,33.4,2.07,1.75,2.51,6.31,158,12.3,143
6929,佑全,生技醫療業,-1.63,3229077000.0,0.0,0.0,3204235965.1362567,0.0,344.79,321.19,196.67,517.86,0.0,0.0,0.0,22.05,0.0,0.0,0.0,0.14,1,3.78,1
6937,天虹,半導體業,3.01,2637017000.0,876085382.0598007,1.28,2166405741.679957,2.47,54.63,85.09,26.87,111.96,66.37,276.54,134.93,311.0,0.43,0.21,0.89,91.77,161,63.31,136
6944,兆聯實業,綠能環保,32.15,13084153000.0,406972099.533437,20.24,45398108213.41766,111.55,24.32,14.12,17.77,31.89,1982.24,3557.33,2713.15,932.0,2.91,2.13,3.82,46.58,50,59.38,157
6928,攸泰科技,電腦及週邊設備業,-0.73,1987148000.0,0.0,0.0,1731788209.0069208,0.0,27.62,19.04,17.99,37.03,0.0,0.0,0.0,48.2,0.0,0.0,0.0,15.98,28,55.15,93
6913,鴻呈,電子零組件業,4.4,2590078000.0,588654090.9090909,2.16,3187097490.392417,5.41,30.96,42.3,19.58,61.88,105.93,334.77,167.49,140.0,1.2,0.76,2.39,40.2,16,52.94,95
6914,阜爾運通,其他,9.61,5625004000.0,585328199.7918835,4.18,6140063161.359576,10.49,17.65,7.26,14.31,21.57,150.11,226.27,185.12,141.0,1.31,1.06,1.6,6.83,4,16.54,161
6916,華凌,光電業,-1.43,2011922000.0,0.0,0.0,2065432049.814166,0.0,74.08,171.1,26.71,197.81,0.0,0.0,0.0,18.55,0.0,0.0,0.0,7.39,10,7.66,16
6918,愛派司,化學生技醫療,5.17,630947000.0,122040038.68471953,3.08,1703781932.5865273,13.96,17.97,12.85,14.37,27.22,200.61,379.99,250.88,73.5,3.41,2.73,5.17,37.25,156,29.81,8
6919,康霈*,化學生技醫療,-0.23,38037000.0,0.0,0.0,11113332.459875533,0.0,0.0,0.0,0.0,0.0,0.0,0.0,0.0,98.6,0.0,0.0,0.0,78.63,28,52.86,29
6921,嘉雨思-創,創新板股票,0.34,25431000.0,74797058.8235294,0.0,0.0,0.0,152.97,255.61,50.27,305.88,0.0,0.0,0.0,75.5,0.0,0.0,0.0,65.08,119,65.08,119
6922,宸曜,電腦及週邊設備業,7.05,1695512000.0,240498156.0283688,3.23,1888386455.488265,7.85,26.74,23.6,17.5,41.1,137.38,322.64,209.93,212.0,0.99,0.65,1.52,21.16,35,19.58,100
6923,中台,綠能環保,3.03,1166339000.0,384930363.03630364,1.38,1236812051.1717892,3.21,25.31,23.4,14.31,37.71,45.94,121.05,81.24,77.3,1.05,0.59,1.57,12.5,24,71.23,129
6925,意藍,數位雲端類,3.09,159228000.0,51530097.08737864,1.65,448884970.16016483,8.71,39.63,44.97,19.75,64.72,172.02,563.71,345.14,62.8,5.5,2.74,8.98,1.53,37,60.09,21
4933,友輝,光電業,5.77,3062497000.0,530762045.06065863,2.34,2901872378.520727,5.47,11.35,6.13,8.48,14.61,46.39,79.92,62.06,76.4,0.81,0.61,1.05,22.86,105,0.0,0
4153,鈺緯,生技醫療業,1.53,856515000.0,559813725.4901961,0.7,888102214.9888562,1.59,26.15,21.89,19.45,41.34,30.93,65.73,41.58,31.85,1.31,0.97,2.06,36.72,107,3.2,4
4930,燦星網,電器電纜,0.6,6237349000.0,10395581666.666668,0.21,5135018463.3433695,0.49,13.68,26.8,7.78,34.58,3.81,16.94,6.7,17.85,0.38,0.21,0.95,4.12,127,5.02,93
1781,合世,生技醫療業,-1.3,405453000.0,0.0,0.0,337016220.0974174,0.0,38.46,23.44,23.53,46.97,0.0,0.0,0.0,10.95,0.0,0.0,0.0,41.01,35,0.98,1
1783,和康生,化學生技醫療,2.97,788475000.0,265479797.97979796,1.3,907205220.6340896,3.42,21.15,17.66,12.63,30.29,43.19,103.59,72.34,38.8,1.86,1.11,2.67,18.31,29,10.88,122
1784,訊聯,生技醫療業,1.02,1218200000.0,1194313725.490196,0.48,1349401264.181772,1.13,69.77,65.71,37.82,103.53,42.74,116.99,78.84,66.2,1.19,0.65,1.77,90.0,45,50.36,154
1785,光洋科,其他電子類,3.14,38281563000.0,12191580573.248407,2.0,62498172818.71607,5.13,27.29,44.36,14.56,58.92,74.69,302.26,139.98,157.0,0.89,0.48,1.93,54.15,32,14.08,112
1786,科妍,化學生技醫療,2.24,885510000.0,395316964.28571427,0.92,890851172.9877534,2.25,34.77,23.78,24.9,48.68,56.02,109.53,78.24,54.8,1.43,1.02,2.0,28.17,78,28.93,52
1788,杏昌,生技醫療業,8.27,4249659000.0,513864449.8186216,3.71,4566937662.598481,8.89,17.29,3.11,15.37,18.48,136.64,164.29,153.72,134.0,1.15,1.02,1.23,2.45,10,0.7,11
1789,神隆,化學生技醫療,0.17,3270288000.0,19236988235.294117,0.07,3042250106.3653865,0.16,67.94,103.78,38.72,142.5,6.2,22.8,10.87,19.7,0.55,0.31,1.16,4.99,28,15.14,123
1795,美時,化學生技醫療,18.13,19522511000.0,1076807004.9641478,13.16,31561099492.23629,29.31,14.87,12.01,9.22,21.23,270.24,622.25,435.91,198.5,2.2,1.36,3.13,9.69,28,36.27,178
1796,金穎生技,食品工業,0.71,670666000.0,944600000.0,0.28,636645203.9726559,0.67,74.32,105.59,24.15,129.74,16.18,86.93,49.8,35.5,1.4,0.46,2.45,6.06,29,44.16,93
1799,易威,生技醫療業,-0.59,598330000.0,0.0,0.0,955339129.147931,0.0,0.0,0.0,0.0,0.0,0.0,0.0,0.0,33.05,0.0,0.0,0.0,146.24,81,5.11,3
1802,台玻,玻璃陶瓷,-0.2,41862489000.0,0.0,0.0,43294543674.1964,0.0,143.37,505.38,70.0,575.38,0.0,0.0,0.0,74.8,0.0,0.0,0.0,10.76,175,151.85,77
1805,寶徠,建材營造,0.23,297871000.0,1295091304.347826,0.22,292022272.282627,0.23,36.66,121.99,4.34,126.33,1.0,29.06,8.43,10.05,0.84,0.1,2.89,22.42,77,4.04,44
1806,冠軍,玻璃陶瓷,0.29,3360491000.0,11587900000.0,0.1,2599413804.6401067,0.22,45.12,101.44,26.29,127.73,5.78,28.1,9.93,8.09,1.23,0.71,3.47,25.45,56,4.85,25
1808,潤隆,建材營造,1.36,2508837000.0,1844733088.235294,6.34,222898334536.16968,120.83,10.86,19.27,2.65,21.92,320.2,2648.59,1312.68,29.1,45.11,11.0,91.02,25.23,108,32.83,154
1809,中釉,玻璃陶瓷,0.19,2509135000.0,13205973684.210526,0.08,2459729444.1385493,0.19,126.27,262.52,39.7,302.22,7.54,57.42,23.99,47.9,0.5,0.16,1.2,6.46,37,32.63,77
1810,和成,玻璃陶瓷,0.05,4622865000.0,92457300000.0,0.02,4238687365.6833005,0.05,202.72,510.13,4.87,515.0,0.24,25.75,10.14,20.05,0.51,0.01,1.28,0.78,119,48.92,93
1813,寶利徠,生技醫療業,-1.03,299357000.0,0.0,0.0,288052079.0906636,0.0,138.56,186.76,34.91,221.67,0.0,0.0,0.0,11.9,0.0,0.0,0.0,4.88,37,3.92,9
1815,富喬,電子零組件業,1.64,5946334000.0,3625813414.6341467,0.86,7940005918.571946,2.19,107.02,217.05,51.03,268.08,111.76,587.1,234.37,109.0,2.15,1.03,5.39,9.55,4,164.47,164
1817,凱撒衛,玻璃陶瓷,3.61,2685268000.0,743841551.2465374,1.43,2503610040.1565943,3.37,10.13,2.28,9.22,11.5,31.07,38.76,34.15,39.55,0.86,0.79,0.98,10.32,170,2.76,2
1903,士紙,造紙工業,1.28,153500000.0,119921875.0,0.55,154004036.11985224,1.28,109.14,118.62,36.86,155.48,47.18,199.01,139.7,49.4,2.83,0.96,4.03,1.08,4,1.62,3
1777,生泰,生技醫療業,5.86,1311930000.0,223878839.59044367,2.05,1160205413.253909,5.18,12.36,8.36,8.8,17.16,45.58,88.89,64.02,71.6,0.89,0.64,1.24,18.51,38,2.39,8
1904,正隆,造紙工業,0.74,43601661000.0,58921163513.51351,0.31,43788339883.40162,0.74,45.23,88.25,15.08,103.33,11.16,76.46,33.47,19.65,1.7,0.57,3.89,0.52,17,8.65,53
1776,展宇,化學生技醫療,0.27,1096645000.0,4061648148.148148,0.12,1003739611.885011,0.25,39.59,72.84,19.1,91.94,4.78,22.98,9.9,18.35,0.54,0.26,1.25,43.63,112,0.56,9
1773,勝一,化學生技醫療,7.12,11492653000.0,1614136657.3033707,3.22,12954234865.401543,8.03,22.01,11.92,15.6,27.52,125.27,220.99,176.74,185.0,0.96,0.68,1.19,13.66,108,1.98,91
1726,永記,化學生技醫療,5.5,9902046000.0,1800372000.0,2.48,10182414423.695318,5.66,14.21,2.82,12.85,15.67,72.73,88.69,80.44,77.8,1.03,0.93,1.14,1.34,43,3.53,29
1727,中華化,化學工業,0.04,1937304000.0,48432600000.0,0.02,2247924981.989037,0.05,299.02,2041.47,38.53,2080.0,1.93,104.0,14.95,95.4,0.16,0.02,1.09,46.62,142,94.93,176
1730,花仙子,化學工業,4.5,2407003000.0,534889555.5555556,1.92,2418710811.7303534,4.52,13.38,5.81,11.32,17.13,51.17,77.43,60.46,52.5,1.15,0.97,1.47,0.53,57,0.0,0
1731,美吾華,化學生技醫療,1.36,1565385000.0,1151018382.352941,0.64,1697883526.2283409,1.48,17.33,4.9,15.21,20.11,22.51,29.76,25.65,21.4,1.2,1.05,1.39,5.4,23,1.53,16
1732,毛寶,化學工業,0.7,678784000.0,969691428.5714287,0.3,715181848.6988156,0.74,258.21,1543.44,29.06,1572.5,21.5,1163.65,191.08,26.45,7.22,0.81,43.99,10.16,23,0.0,0
1733,五鼎,化學生技醫療,1.63,1972447000.0,1210090184.04908,0.67,1751229362.4329417,1.45,23.03,17.43,15.6,33.03,22.62,47.89,33.4,30.1,1.11,0.75,1.59,9.09,36,23.56,141
1734,杏輝,化學生技醫療,1.97,3339984000.0,1695423350.253807,0.85,3516147336.1861386,2.07,17.15,5.71,14.14,19.85,29.27,41.09,35.51,31.0,1.15,0.94,1.33,6.72,28,1.07,2
1735,日勝化,化學工業,0.78,2318838000.0,2972869230.769231,0.36,2359120380.7650976,0.79,26.15,31.99,14.23,46.22,11.24,36.51,20.66,25.3,0.82,0.44,1.44,59.49,93,2.41,16
1737,臺鹽,食品工業,2.0,3285077000.0,1642538500.0,0.82,3281652470.8792996,2.0,19.04,7.37,15.7,23.07,31.4,46.14,38.08,31.6,1.21,0.99,1.46,4.85,107,1.98,78
1742,台蠟,化學工業,-1.08,115292000.0,0.0,0.0,59816876.8251354,0.0,28.67,46.51,11.23,57.74,0.0,0.0,0.0,15.4,0.0,0.0,0.0,5.65,120,0.0,0
1752,南光,化學生技醫療,2.41,2183273000.0,905922406.6390041,1.0,2062774922.5235891,2.28,22.4,29.71,12.7,42.41,28.96,96.69,51.08,32.95,1.55,0.88,2.93,1.1,21,8.11,98
1760,寶齡富錦,化學生技醫療,2.22,2040077000.0,918953603.6036035,0.92,2226096108.527443,2.42,53.46,65.59,23.98,89.57,58.03,216.76,129.36,60.7,2.13,0.96,3.57,6.96,23,0.0,0
1762,中化生,化學生技醫療,-4.4,852565000.0,0.0,0.0,1257465087.0544393,0.0,47.97,89.35,26.03,115.38,0.0,0.0,0.0,38.75,0.0,0.0,0.0,10.01,39,3.45,65
1905,華紙,造紙工業,-0.56,18948619000.0,0.0,0.0,17341559421.940006,0.0,212.08,36.25,195.0,231.25,0.0,0.0,0.0,12.15,0.0,0.0,0.0,0.0,0,6.0,143
1907,永豐餘,造紙工業,1.19,74277975000.0,62418466386.55463,0.5,73745090999.43498,1.18,27.61,20.94,17.14,38.08,20.23,44.93,32.58,24.45,1.33,0.83,1.84,11.2,120,3.74,175
2059,川湖,電子工業,103.23,16900584000.0,163717756.46614355,59.67,25298585513.82851,154.53,34.1,44.7,18.66,63.36,2883.53,9791.02,5270.16,5215.0,1.01,0.55,1.88,28.88,182,112.32,157
2061,風青,電器電纜,-0.97,1210025000.0,0.0,0.0,1261384723.7091212,0.0,64.43,17.92,53.19,71.11,0.0,0.0,0.0,39.9,0.0,0.0,0.0,32.51,59,19.12,120
2063,世鎧,鋼鐵工業,1.72,994859000.0,578406395.3488373,0.69,891366316.1458298,1.54,15.52,11.59,9.45,21.04,14.55,32.4,23.9,25.2,0.95,0.58,1.29,0.0,0,7.02,16
2064,晉椿,鋼鐵工業,-1.3,1601553000.0,0.0,0.0,1790601790.5187123,0.0,0.0,0.0,0.0,0.0,0.0,0.0,0.0,15.15,0.0,0.0,0.0,9.97,116,5.82,24
2065,世豐,鋼鐵工業,1.14,2055565000.0,1803127192.9824562,0.53,2053877361.7476883,1.14,21.67,36.3,10.34,46.64,11.79,53.17,24.7,36.0,0.69,0.33,1.48,0.0,0,1.76,16
2066,世德,電機機械,1.34,2575247000.0,1921826119.4029849,0.59,2623146834.930712,1.36,22.12,37.99,10.57,48.56,14.38,66.04,30.08,58.4,0.52,0.25,1.13,9.63,9,1.78,4
2067,嘉鋼,電機機械,-2.8,1025197000.0,0.0,0.0,943397328.7111742,0.0,0.0,0.0,0.0,0.0,0.0,0.0,0.0,6.5,0.0,0.0,0.0,12.5,36,85.83,141
2069,運錩,鋼鐵工業,1.62,10193120000.0,6292049382.716049,0.65,8864560815.845821,1.41,25.24,120.98,6.21,127.19,8.76,179.34,35.59,19.6,1.82,0.45,9.15,20.06,116,1.86,183
2070,精湛,電機機械,2.3,654366000.0,284506956.5217391,1.13,866842578.4763368,3.05,20.9,32.13,12.65,44.78,38.58,136.58,63.74,75.5,0.84,0.51,1.81,206.88,112,10.95,123
2072,世紀風電,綠能環保,14.43,0.0,0.0,0.0,0.0,0.0,14.34,3.25,12.66,15.91,0.0,0.0,0.0,174.0,0.0,0.0,0.0,16.79,14,26.78,28
2073,雄順,鋼鐵工業,-0.39,567661000.0,0.0,0.0,509886516.6989305,0.0,82.07,185.01,37.68,222.69,0.0,0.0,0.0,25.95,0.0,0.0,0.0,1.63,1,10.81,11
2101,南港,橡膠工業,1.01,8402501000.0,8319307920.792079,0.98,19282489324.833332,2.32,49.61,272.01,8.42,280.43,19.53,650.6,115.09,32.0,3.6,0.61,20.33,5.22,1,15.32,105
2102,泰豐,橡膠工業,6.29,262413000.0,41719077.901430845,1.81,176389169.06886905,4.23,2.99,0.48,2.74,3.22,11.59,13.62,12.63,17.95,0.7,0.65,0.76,12.79,70,10.28,22
2103,台橡,橡膠工業,0.54,36853803000.0,68247783333.33333,0.25,37286471540.85404,0.55,38.95,159.75,13.58,173.33,7.47,95.33,21.42,19.45,1.1,0.38,4.9,6.29,127,1.66,58
2104,國際中橡,橡膠工業,-4.27,15544371000.0,0.0,0.0,13022911050.920889,0.0,0.0,0.0,0.0,0.0,0.0,0.0,0.0,10.5,0.0,0.0,0.0,0.0,0,16.2,72
2105,正新,橡膠工業,1.5,91262756000.0,60841837333.333336,0.64,92555445663.99994,1.52,19.79,8.76,16.88,25.64,25.66,38.97,30.08,33.0,0.91,0.78,1.18,0.0,0,0.0,0
2106,建大,橡膠工業,0.13,33973366000.0,261333584615.3846,0.06,34320870770.130745,0.13,44.28,128.05,15.8,143.85,2.05,18.7,5.76,17.05,0.34,0.12,1.1,0.0,0,3.18,8
2107,厚生,橡膠工業,1.67,1476855000.0,884344311.3772455,0.63,1263873439.8026836,1.43,14.29,5.94,12.08,18.02,17.27,25.77,20.44,25.65,0.8,0.67,1.0,6.4,59,0.38,2
2108,南帝,橡膠工業,0.84,9722020000.0,11573833333.333334,0.41,11049067549.625763,0.95,28.08,18.02,18.43,36.45,17.51,34.63,26.67,27.25,0.98,0.64,1.27,33.58,35,2.59,2
2109,華豐,橡膠工業,1.16,4571076000.0,3940582758.62069,0.47,4211179151.721073,1.07,11.64,3.74,10.06,13.8,10.76,14.77,12.45,14.05,0.89,0.77,1.05,1.01,36,1.15,1
2114,鑫永銓,橡膠工業,5.78,1583164000.0,273903806.2283737,2.48,1722246455.7124665,6.29,16.84,3.9,15.1,19.0,94.98,119.51,105.95,94.4,1.12,1.01,1.27,0.0,0,4.42,8
2115,六暉-KY,汽車工業,1.58,2976173000.0,1883653797.4683545,0.74,3066476560.3357973,1.63,16.47,24.48,11.31,35.79,18.44,58.34,26.85,21.65,1.24,0.85,2.69,2.1,36,1.21,4
2049,上銀,電機機械,4.3,24106189000.0,5606090465.11628,1.98,26821629510.38749,4.78,47.56,57.08,32.14,89.22,153.63,426.47,227.34,387.5,0.59,0.4,1.1,12.92,157,5.3,128
1906,寶隆,造紙工業,0.01,2994442000.0,299444200000.0,0.0,3151908931.4373164,0.01,247.59,1371.47,18.53,1390.0,0.19,13.9,2.48,10.3,0.24,0.02,1.35,0.0,0,7.48,120
2038,海光,鋼鐵工業,-0.56,9134021000.0,0.0,0.0,7252802685.518191,0.0,144.24,363.21,43.79,407.0,0.0,0.0,0.0,13.95,0.0,0.0,0.0,0.96,4,8.12,78
2034,允強,鋼鐵工業,0.2,12892899000.0,64464495000.0,0.08,10485524657.533854,0.16,102.23,20.71,95.24,115.95,15.24,18.55,16.36,20.2,0.81,0.75,0.92,1.57,18,3.64,32
1909,榮成,造紙工業,-0.39,45295774000.0,0.0,0.0,45871556772.29526,0.0,226.92,32.5,215.0,247.5,0.0,0.0,0.0,9.04,0.0,0.0,0.0,4.21,123,30.86,179
2002,中鋼,鋼鐵工業,-0.28,321244068000.0,0.0,0.0,304518916127.03754,0.0,130.59,146.88,69.62,216.5,0.0,0.0,0.0,19.1,0.0,0.0,0.0,0.0,0,6.77,74
2002A,中鋼特,鋼鐵工業,0.0,0.0,0.0,0.0,0.0,0.0,0.0,0.0,0.0,0.0,0.0,0.0,0.0,38.35,0.0,0.0,0.0,1.27,46,1.25,35
2006,東和鋼鐵,鋼鐵工業,6.47,58516403000.0,9044266306.02782,2.66,54856655634.31096,6.07,10.97,3.17,9.72,12.89,59.0,78.24,66.58,67.6,0.98,0.87,1.16,16.33,126,10.36,183
2007,燁興,鋼鐵工業,-2.25,5443582000.0,0.0,0.0,3736605560.6383014,0.0,0.0,0.0,0.0,0.0,0.0,0.0,0.0,7.64,0.0,0.0,0.0,3.32,18,15.87,78
2008,高興昌,鋼鐵工業,0.69,1838397000.0,2664343478.26087,0.23,1444183939.415538,0.54,64.05,94.88,12.62,107.5,6.81,58.05,34.58,29.0,1.19,0.23,2.0,58.12,88,18.67,179
2009,第一銅,鋼鐵工業,0.33,2899358000.0,8785933333.333332,0.15,3472234305.4741254,0.4,94.62,133.7,40.41,174.11,16.16,69.64,37.85,40.05,0.95,0.4,1.74,3.09,1,43.55,129
2010,春源,鋼鐵工業,2.31,24455890000.0,10586965367.965368,0.99,26027649925.58086,2.46,11.13,6.49,8.81,15.3,21.67,37.64,27.37,23.75,1.15,0.91,1.58,0.0,0,11.62,77
2012,春雨,鋼鐵工業,0.2,8494670000.0,42473350000.0,0.07,7335367064.780973,0.17,33.39,66.74,17.01,83.75,2.89,14.24,5.68,14.5,0.39,0.2,0.98,13.55,84,0.0,0
2013,中鋼構,鋼鐵工業,3.19,21092061000.0,6611931347.962382,1.26,19080172923.848816,2.89,16.37,8.32,12.94,21.26,37.4,61.44,47.31,42.55,1.11,0.88,1.44,1.9,18,4.81,31
2014,中鴻,鋼鐵工業,-1.29,19913319000.0,0.0,0.0,15302784192.436668,0.0,0.0,0.0,0.0,0.0,0.0,0.0,0.0,18.5,0.0,0.0,0.0,1.77,120,13.38,77
2015,豐興,鋼鐵工業,3.88,29857638000.0,7695267525.773196,1.47,25133790458.577095,3.27,16.87,7.04,12.98,20.02,42.44,65.47,55.15,62.9,0.88,0.67,1.04,20.84,140,8.42,30
2017,官田鋼,鋼鐵工業,-0.55,2762431000.0,0.0,0.0,2592773456.5760674,0.0,55.15,94.65,29.93,124.58,0.0,0.0,0.0,9.04,0.0,0.0,0.0,2.4,14,11.81,78
2020,美亞,鋼鐵工業,2.13,4732647000.0,2221900000.0,0.81,4593039870.536776,2.07,9.17,8.43,4.64,13.07,9.6,27.05,18.99,21.25,0.89,0.45,1.27,0.0,0,0.89,2
2022,聚亨,鋼鐵工業,-0.02,9138401000.0,0.0,0.0,13960254010.135923,0.0,106.52,122.39,55.94,178.33,0.0,0.0,0.0,7.84,0.0,0.0,0.0,0.0,0,16.92,78
2023,燁輝,鋼鐵工業,-1.85,68592648000.0,0.0,0.0,60366824234.963326,0.0,0.0,0.0,0.0,0.0,0.0,0.0,0.0,13.95,0.0,0.0,0.0,5.45,123,8.0,115
2024,志聯,鋼鐵工業,-0.06,998528000.0,0.0,0.0,933034063.7650887,0.0,262.74,554.91,88.42,643.33,0.0,0.0,0.0,14.1,0.0,0.0,0.0,1.72,2,14.88,123
2025,千興,鋼鐵工業,-0.17,849427000.0,0.0,0.0,1389654563.1186283,0.0,32.54,62.38,18.25,80.63,0.0,0.0,0.0,11.9,0.0,0.0,0.0,12.76,14,8.51,1
2027,大成鋼,鋼鐵工業,2.89,100432504000.0,34751731487.889275,1.48,124532800078.67471,3.58,20.08,28.4,11.52,39.92,41.24,142.91,71.9,43.2,1.66,0.95,3.31,3.8,53,12.2,67
2028,威致,鋼鐵工業,0.28,8491960000.0,30328428571.42857,0.12,8250882642.172529,0.27,37.73,72.66,16.25,88.91,4.39,24.01,10.19,17.1,0.6,0.26,1.4,2.56,4,11.27,51
2029,盛餘,鋼鐵工業,0.74,13822378000.0,18678889189.18919,0.28,11210901020.131847,0.6,16.54,22.44,10.95,33.39,6.57,20.03,9.92,20.5,0.48,0.32,0.98,0.0,0,3.39,67
2030,彰源,鋼鐵工業,0.34,10238365000.0,30112838235.294117,0.15,10146413931.061823,0.34,33.56,51.16,10.94,62.1,3.72,21.11,11.41,18.3,0.62,0.2,1.15,4.05,119,0.64,3
2031,新光鋼,鋼鐵工業,3.29,17286364000.0,5254213981.7629175,1.43,14998218818.978695,2.85,14.29,32.76,5.79,38.55,16.5,109.87,40.72,39.8,1.02,0.41,2.76,14.47,14,8.73,77
2032,新鋼,鋼鐵工業,0.56,3043460000.0,5434749999.999999,0.25,3155470501.718108,0.58,89.28,574.96,18.37,593.33,10.65,344.13,51.78,18.2,2.85,0.59,18.91,1.71,4,8.25,77
2033,佳大,鋼鐵工業,0.35,690733000.0,1973522857.1428573,0.15,724931469.101172,0.37,92.78,157.34,43.29,200.63,16.02,74.23,34.33,15.35,2.24,1.04,4.84,68.87,164,23.73,120
2035,唐榮,鋼鐵工業,-4.71,9598781000.0,0.0,0.0,9430230690.924568,0.0,0.0,0.0,0.0,0.0,0.0,0.0,0.0,28.0,0.0,0.0,0.0,1.37,175,0.47,1
2201,裕隆,汽車工業,0.93,74182384000.0,79766004301.07527,0.37,69650344064.15851,0.87,16.61,24.41,8.43,32.84,7.33,28.57,14.45,27.85,0.52,0.26,1.03,1.14,4,22.46,165
1725,元禎,化學生技醫療,1.52,8074797000.0,5312366447.368421,0.73,8794689748.885586,1.66,21.74,29.91,12.49,42.4,20.73,70.38,36.08,32.3,1.12,0.64,2.18,12.05,32,4.24,24
1526,日馳,電機機械,-0.11,763306000.0,0.0,0.0,653812305.0679511,0.0,0.0,0.0,0.0,0.0,0.0,0.0,0.0,14.65,0.0,0.0,0.0,0.0,0,0.46,2
1527,鑽全,電機機械,1.52,2910053000.0,1914508552.631579,0.55,2433253367.8378158,1.27,17.6,27.01,9.8,36.81,12.45,46.75,22.35,33.5,0.67,0.37,1.4,10.44,86,4.39,60
1528,恩德,電機機械,-0.35,2876650000.0,0.0,0.0,3156661508.213064,0.0,0.0,0.0,0.0,0.0,0.0,0.0,0.0,27.35,0.0,0.0,0.0,69.11,142,64.02,77
1529,樂事綠能,電機機械,1.01,853549000.0,845098019.8019801,0.48,781329253.0661521,0.92,448.2,2957.46,17.54,2975.0,16.14,2737.0,412.35,22.6,18.25,0.71,121.11,23.09,46,0.17,1
1530,亞崴,電機機械,-2.39,1972715000.0,0.0,0.0,1827995725.1924345,0.0,23.44,40.35,5.26,45.61,0.0,0.0,0.0,34.1,0.0,0.0,0.0,10.67,88,3.32,8
1531,高林股,電機機械,-0.12,1519930000.0,0.0,0.0,1313489166.9065118,0.0,62.53,157.09,19.91,177.0,0.0,0.0,0.0,12.4,0.0,0.0,0.0,19.59,178,7.41,35
1532,勤美,電機機械,0.99,15470842000.0,15627113131.313131,0.35,16309016315.78178,1.04,25.78,87.03,6.97,94.0,7.25,97.76,26.81,21.7,1.24,0.33,4.51,1.35,4,9.09,178
1533,車王電,汽車工業,0.57,4266318000.0,7484768421.052632,0.28,5381254719.332345,0.72,51.06,38.93,20.64,59.57,14.86,42.89,36.76,39.85,0.92,0.37,1.08,0.0,0,31.73,157
1535,中宇,電機機械,4.0,11721845000.0,2930461250.0,1.27,9571269362.371115,3.27,13.92,4.87,11.31,16.18,36.98,52.91,45.52,50.0,0.91,0.74,1.06,3.53,31,4.69,29
1536,和大,汽車工業,-2.75,4736402000.0,0.0,0.0,4653603530.9400625,0.0,1847.75,6554.45,45.55,6600.0,0.0,0.0,0.0,53.9,0.0,0.0,0.0,29.31,42,25.69,87
1537,廣隆,電機機械,7.95,6744803000.0,848402893.081761,3.36,6291190021.677006,7.42,14.41,6.61,10.9,17.51,80.88,129.92,106.89,126.0,0.85,0.64,1.03,10.85,176,1.05,77
1538,正峰,電機機械,-1.59,121225000.0,0.0,0.0,66276981.860320814,0.0,0.0,0.0,0.0,0.0,0.0,0.0,0.0,11.7,0.0,0.0,0.0,44.26,25,6.55,4
1539,巨庭,電機機械,0.21,1323001000.0,6300004761.904762,0.07,967147495.7172675,0.15,49.78,402.44,11.31,413.75,1.7,62.06,7.47,16.2,0.46,0.1,3.83,47.06,112,12.43,24
1540,喬福,電機機械,1.11,494539000.0,445530630.6306306,0.34,364335469.9723497,0.82,20.51,24.83,11.16,35.99,9.15,29.51,16.82,22.2,0.76,0.41,1.33,137.29,114,3.51,10
1541,錩泰,電機機械,2.31,3631236000.0,1571963636.3636363,0.65,2599346994.603687,1.65,41.42,195.38,8.85,204.23,14.6,336.98,68.33,21.95,3.11,0.67,15.35,12.87,88,20.86,16
1558,伸興,電機機械,5.52,8215440000.0,1488304347.826087,2.11,7820087778.611886,5.25,17.36,7.81,13.07,20.88,68.62,109.62,91.14,91.6,0.99,0.75,1.2,16.83,108,9.6,30
1560,中砂,電機機械,9.28,8044403000.0,866853771.5517242,4.45,10011388804.95225,11.55,46.69,49.91,23.27,73.18,268.77,845.23,539.23,717.0,0.75,0.37,1.18,29.14,136,33.95,46
1563,巧新,汽車工業,1.38,7062178000.0,5117520289.855073,0.57,6832305428.462332,1.34,23.69,145.32,13.54,158.86,18.14,212.87,31.74,69.9,0.45,0.26,3.05,0.0,0,0.71,15
1565,精華,生技醫療業,9.02,4213443000.0,467122283.8137472,3.27,3393981656.967618,7.27,13.38,11.33,9.48,20.81,68.92,151.29,97.28,94.3,1.03,0.73,1.6,27.66,170,1.51,2
1568,倉佑,汽車工業,1.36,1024194000.0,753083823.5294117,0.62,1073225066.9561907,1.43,18.32,28.94,8.22,37.16,11.75,53.14,26.19,49.8,0.53,0.24,1.07,17.86,43,5.53,92
1569,濱川,電腦及週邊設備業,-5.63,3317106000.0,0.0,0.0,3077959625.429007,0.0,148.62,47.22,131.39,178.61,0.0,0.0,0.0,51.2,0.0,0.0,0.0,161.17,179,43.27,140
1570,力肯,電機機械,0.58,541569000.0,933739655.1724138,0.19,441199427.42541987,0.47,36.7,147.49,8.76,156.25,4.12,73.44,17.25,53.0,0.33,0.08,1.39,17.92,16,50.98,123
1580,新麥,電機機械,12.54,4988857000.0,397835486.4433812,4.86,4636811892.466419,11.66,10.97,4.42,8.61,13.03,100.39,151.93,127.85,123.0,1.04,0.82,1.24,3.18,21,3.82,66
1582,信錦,電子工業,3.45,8857470000.0,2567382608.695652,1.39,8140892456.084071,3.17,16.32,33.45,10.0,43.45,31.7,137.74,51.73,114.0,0.45,0.28,1.21,3.93,107,1.28,2
1525,江申,汽車工業,3.21,1254025000.0,390661993.7694704,1.31,1256256060.8587766,3.22,17.69,30.8,14.08,44.88,45.34,144.51,56.97,70.2,0.81,0.65,2.06,0.26,1,11.15,98
1583,程泰,電機機械,-4.78,3907346000.0,0.0,0.0,4343102744.1317,0.0,19.45,55.34,3.99,59.33,0.0,0.0,0.0,57.3,0.0,0.0,0.0,0.0,0,0.5,3
1524,耿鼎,汽車工業,1.95,2712548000.0,1391050256.4102564,0.76,2161405491.580519,1.55,11.69,14.6,7.7,22.3,11.94,34.57,18.11,32.7,0.55,0.37,1.06,4.07,176,8.62,148
1522,堤維西,汽車工業,1.72,23266762000.0,13527187209.302326,0.87,34091170453.260952,2.52,23.16,102.59,8.86,111.45,22.33,280.85,58.36,32.85,1.78,0.68,8.55,14.98,22,9.29,148
1466,聚隆,紡織纖維,-1.07,2644622000.0,0.0,0.0,2163146831.9476147,0.0,63.67,105.51,31.63,137.14,0.0,0.0,0.0,14.2,0.0,0.0,0.0,19.61,162,8.05,141
1467,南緯,紡織纖維,-0.46,5217867000.0,0.0,0.0,5119182974.738465,0.0,31.58,39.67,15.33,55.0,0.0,0.0,0.0,7.37,0.0,0.0,0.0,6.52,38,0.0,0
1468,昶和,紡織纖維,0.2,852022000.0,4260110000.0,0.05,489224381.8553858,0.11,45.49,122.77,12.23,135.0,1.35,14.85,5.0,12.1,0.41,0.11,1.23,6.25,28,3.89,8
1470,大統新創,紡織纖維,0.78,791565000.0,1014826923.076923,0.32,738562249.8689598,0.73,30.07,22.75,18.19,40.94,13.28,29.89,21.95,22.65,0.97,0.59,1.32,0.0,0,4.04,136
1471,首利,電子工業,0.03,195999000.0,6533300000.0,0.01,90932206.9892473,0.01,267.37,680.16,39.84,720.0,0.4,7.2,2.67,12.25,0.22,0.03,0.59,2.8,2,4.67,2
1473,台南,紡織纖維,0.57,7006641000.0,12292352631.578949,0.23,5268618958.286893,0.43,15.97,34.46,8.79,43.25,3.78,18.6,6.87,21.2,0.32,0.18,0.88,19.05,4,9.08,141
1474,弘裕,紡織纖維,0.34,2954273000.0,8689038235.294117,0.14,2715015943.5866795,0.31,30.72,64.5,11.68,76.18,3.62,23.62,9.52,10.2,0.93,0.35,2.32,4.96,36,2.69,25
1475,業旺,紡織纖維,2.72,1501811000.0,552136397.0588235,1.1,1326027038.2659128,2.4,9.57,9.18,5.44,14.62,13.06,35.09,22.96,25.1,0.91,0.52,1.4,26.31,58,1.83,30
1476,儒鴻,紡織纖維,20.1,38111954000.0,1896117114.4278605,8.54,38105719714.72392,20.1,20.44,13.03,13.24,26.27,266.12,528.03,410.86,353.0,1.16,0.75,1.5,17.17,158,12.42,32
1477,聚陽,紡織纖維,14.65,34751748000.0,2372132969.2832766,6.2,32315361104.802193,13.62,19.03,13.98,13.1,27.08,178.42,368.83,259.18,222.5,1.16,0.8,1.66,20.41,46,20.22,177
1503,士電,電機機械,6.28,36565338000.0,5822506050.955414,3.27,42640789156.47029,7.32,33.78,38.46,19.54,58.0,143.03,424.56,247.27,220.5,1.12,0.65,1.93,32.1,42,17.92,154
1504,東元,電機機械,2.42,58304590000.0,24092805785.123966,1.06,63093770541.82439,2.62,25.41,31.72,16.32,48.04,42.76,125.86,66.59,78.7,0.85,0.54,1.6,2.61,4,126.76,140
1506,正道,電機機械,0.06,1082820000.0,18047000000.0,0.03,1155292098.9636781,0.06,129.27,231.54,58.46,290.0,3.51,17.4,7.76,10.1,0.77,0.35,1.72,6.8,39,23.93,91
1507,永大,電機機械,0.0,0.0,0.0,0.0,0.0,0.0,16.25,0.0,16.25,16.25,0.0,0.0,0.0,0.0,0.0,0.0,0.0,0.0,0,0.0,0
1512,瑞利,汽車工業,0.19,1126766000.0,5930347368.421053,0.09,1230289303.3902254,0.21,35.07,16.2,24.96,41.16,5.24,8.64,7.36,6.8,1.08,0.77,1.27,0.0,0,25.47,35
1513,中興電,電機機械,8.07,27235004000.0,3374845600.991326,3.37,28183917627.96938,8.35,24.32,50.35,14.53,64.88,121.33,541.75,203.05,168.5,1.21,0.72,3.22,41.44,42,13.58,88
1514,亞力,電機機械,3.32,10435225000.0,3143140060.240964,1.47,12903014148.86695,4.11,36.2,22.27,25.63,47.9,105.34,196.87,148.8,126.5,1.18,0.83,1.56,48.84,37,10.95,14
1515,力山,電機機械,0.97,5144303000.0,5303405154.639175,0.36,5850482622.944528,1.1,23.6,60.79,8.59,69.38,9.45,76.32,25.96,22.1,1.17,0.43,3.45,5.12,35,9.0,91
1516,川飛,其他,0.03,86650000.0,2888333333.3333335,0.01,96706263.25421956,0.03,173.35,1073.8,21.2,1095.0,0.64,32.85,5.2,21.0,0.25,0.03,1.56,5.45,37,0.0,0
1517,利奇,電機機械,-0.69,2050514000.0,0.0,0.0,1677607586.9092305,0.0,0.0,0.0,0.0,0.0,0.0,0.0,0.0,10.2,0.0,0.0,0.0,6.14,44,28.38,134
1519,華城,電機機械,14.26,24042291000.0,1685995161.2903225,6.46,26079448330.37988,15.47,49.17,67.74,21.53,89.27,333.07,1381.01,760.69,870.0,0.87,0.38,1.59,45.83,31,77.43,154
1521,大億,汽車工業,0.87,3577067000.0,4111571264.367816,0.41,4127061869.413244,1.0,60.72,199.63,18.61,218.24,18.61,218.24,60.72,28.35,2.14,0.66,7.7,0.0,0,4.42,14
1522A,堤維西甲特,汽車工業,0.0,0.0,0.0,0.0,0.0,0.0,0.0,0.0,0.0,0.0,0.0,0.0,0.0,0.0,0.0,0.0,0.0,3.94,168,4.6,44
1584,精剛,其他,0.45,2604026000.0,5786724444.444445,0.16,2118290979.4832926,0.37,60.18,224.42,7.85,232.27,2.9,85.94,22.27,19.85,1.12,0.15,4.33,27.29,79,3.52,87
1587,吉茂,汽車工業,0.38,2594055000.0,6826460526.315789,0.18,3177354200.3040004,0.47,147.59,202.19,68.29,270.48,32.1,127.13,69.37,30.65,2.26,1.05,4.15,4.63,11,50.94,175
1708,東鹼,化學生技醫療,3.28,6180360000.0,1884256097.5609758,1.48,6703992327.457332,3.56,12.49,21.6,7.36,28.96,26.2,103.1,44.46,38.6,1.15,0.68,2.67,32.28,170,0.0,0
1709,和益,化學工業,1.23,9076666000.0,7379403252.03252,0.53,8548621121.153147,1.16,15.27,14.39,10.42,24.81,12.09,28.78,17.71,19.5,0.91,0.62,1.48,28.57,46,4.47,78
1710,東聯,化學工業,-1.01,22752814000.0,0.0,0.0,20547977383.445877,0.0,722.11,270.0,597.5,867.5,0.0,0.0,0.0,13.65,0.0,0.0,0.0,9.59,107,1.17,77
1711,永光,化學工業,-0.2,7633140000.0,0.0,0.0,7700334692.262184,0.0,89.18,187.61,32.39,220.0,0.0,0.0,0.0,49.35,0.0,0.0,0.0,47.53,109,29.41,100
1712,興農,化學工業,2.6,18555010000.0,7136542307.692307,1.15,18823655266.461853,2.64,17.14,4.53,15.22,19.75,40.18,52.14,45.24,39.0,1.16,1.03,1.34,17.07,161,5.29,135
1713,國化,化學工業,3.86,462367000.0,119784196.89119172,1.66,488129017.91228175,4.08,10.67,24.49,4.15,28.64,16.93,116.85,43.51,49.5,0.88,0.34,2.36,22.12,43,5.87,60
1714,和桐,化學工業,0.5,23123551000.0,46247102000.0,0.28,33971155389.601307,0.73,20.95,27.43,12.76,40.19,9.31,29.34,15.29,9.81,1.56,0.95,2.99,7.43,32,9.14,157
1717,長興,化學工業,1.41,40929375000.0,29027925531.914894,0.63,41906723249.64959,1.44,26.19,43.39,15.26,58.65,21.97,84.46,37.71,81.5,0.46,0.27,1.04,11.82,116,81.46,91
1718,中纖,化學工業,0.09,46499190000.0,516657666666.6667,0.04,44839062968.59911,0.09,193.13,344.71,26.29,371.0,2.37,33.39,17.38,7.28,2.39,0.33,4.59,9.98,45,8.58,80
1720,生達,化學生技醫療,5.19,6996447000.0,1348063005.7803466,2.15,7149587767.91451,5.3,12.79,5.58,10.45,16.03,55.38,84.96,67.81,61.6,1.1,0.9,1.38,12.43,53,11.23,183
1721,三晃,化學工業,-1.85,1749814000.0,0.0,0.0,1586945682.83094,0.0,0.0,0.0,0.0,0.0,0.0,0.0,0.0,28.1,0.0,0.0,0.0,77.97,126,16.6,100
1722,台肥,化學工業,0.95,12159186000.0,12799143157.894737,0.45,13161965246.176765,1.03,31.04,37.31,16.06,53.37,16.54,54.97,31.97,47.05,0.68,0.35,1.17,2.18,21,6.36,25
1723,中碳,化學工業,2.65,5957830000.0,2248237735.8490567,1.12,5318571910.729109,2.37,20.77,17.61,16.22,33.83,38.44,80.18,49.22,83.9,0.59,0.46,0.96,0.0,0,0.11,31
1586,和勤,電機機械,-0.36,2321202000.0,0.0,0.0,2255414311.3734517,0.0,71.75,153.23,42.19,195.42,0.0,0.0,0.0,21.85,0.0,0.0,0.0,14.24,37,4.48,66
1707,葡萄王,生技醫療業,8.22,10614460000.0,1291296836.9829683,3.03,9655316638.621439,7.48,14.68,4.32,12.45,16.77,93.13,125.44,109.78,100.5,1.09,0.93,1.25,1.57,11,1.87,52
1589,永冠-KY,電機機械,-5.06,8035754000.0,0.0,0.0,8206521423.519579,0.0,0.0,0.0,0.0,0.0,0.0,0.0,0.0,5.54,0.0,0.0,0.0,4.01,32,2.66,7
1590,亞德客-KY,電機機械,42.01,33793633000.0,804418781.2425613,21.96,41637225476.72038,51.76,24.32,19.19,17.71,36.9,916.67,1909.94,1258.7,1350.0,0.93,0.68,1.41,0.96,22,6.28,157
1591,駿吉-KY,電機機械,-2.74,134840000.0,0.0,0.0,482291591.41607153,0.0,0.0,0.0,0.0,0.0,0.0,0.0,0.0,41.95,0.0,0.0,0.0,0.0,0,30.33,121
1595,川寶,電子零組件業,-1.95,725630000.0,0.0,0.0,585557563.9555082,0.0,131.68,298.75,30.0,328.75,0.0,0.0,0.0,80.0,0.0,0.0,0.0,112.1,140,28.05,91
1597,直得,電機機械,0.92,1100199000.0,1195868478.2608695,0.51,1574060143.4137983,1.32,112.06,138.93,56.67,195.6,74.8,258.19,147.92,180.5,0.82,0.41,1.43,65.96,67,6.75,70
1599,宏佳騰,電機機械,-0.83,1853729000.0,0.0,0.0,2256161446.733788,0.0,149.95,410.59,16.91,427.5,0.0,0.0,0.0,23.5,0.0,0.0,0.0,12.23,58,14.8,64
1603,華電,電器電纜,3.25,5327948000.0,1639368615.3846154,1.49,5701149263.365266,3.48,11.82,6.21,9.07,15.28,31.56,53.17,41.12,32.0,1.28,0.99,1.66,10.74,11,15.24,16
1604,聲寶,電器電纜,1.7,9211058000.0,5418269411.764706,0.71,8702683600.41208,1.61,13.68,3.31,11.84,15.15,19.06,24.39,22.03,23.2,0.95,0.82,1.05,0.69,32,0.0,0
1605,華新,電器電纜,0.75,172412266000.0,229883021333.33334,0.31,163168260522.58414,0.71,54.35,146.69,23.31,170.0,16.55,120.7,38.59,39.7,0.97,0.42,3.04,1.91,4,65.63,164
1608,華榮,電器電纜,5.5,11348843000.0,2063426000.0,2.61,13009202091.51581,6.3,14.62,23.68,5.66,29.34,35.66,184.84,92.08,34.8,2.65,1.02,5.31,16.58,39,70.7,156
1609,大亞,電器電纜,1.64,31235095000.0,19045789634.146343,0.74,35511387241.37856,1.86,22.03,21.62,13.92,35.54,25.89,66.1,40.97,39.0,1.05,0.66,1.69,20.65,46,19.81,94
1611,中電,電器電纜,0.02,1081359000.0,54067950000.0,0.01,955395079.3731587,0.02,74.93,391.13,22.2,413.33,0.44,8.27,1.5,12.35,0.12,0.04,0.67,19.17,46,1.5,74
1612,宏泰,電器電纜,2.77,7480411000.0,2700509386.2815886,1.15,8026568670.193338,2.97,14.4,7.92,11.26,19.18,33.44,56.96,42.76,37.65,1.14,0.89,1.51,4.2,11,22.76,154
1614,三洋電,電器電纜,0.97,5459864000.0,5628725773.195876,0.38,4934532912.299523,0.88,42.06,34.36,23.14,57.5,20.36,50.6,37.01,32.15,1.15,0.63,1.57,4.6,23,2.7,10
1615,大山,電器電纜,4.93,5816581000.0,1179833874.239351,1.97,5280643639.224829,4.48,13.28,12.02,9.01,21.03,40.36,94.21,59.48,43.9,1.35,0.92,2.15,7.86,4,7.1,73
1616,億泰,電器電纜,1.55,5247241000.0,3385316774.193548,0.61,5509369660.212732,1.63,14.9,20.68,6.88,27.56,11.21,44.92,24.29,22.15,1.1,0.51,2.03,14.22,37,61.9,16
1617,榮星,電器電纜,0.68,3309047000.0,4866245588.235293,0.33,3966689055.2420187,0.82,120.93,473.03,16.14,489.17,13.23,401.12,99.16,16.9,5.87,0.78,23.73,32.51,9,4.28,10
1618,合機,電器電纜,4.21,5305333000.0,1260174109.263658,1.33,3292200242.401742,2.61,12.76,18.23,8.37,26.6,21.85,69.43,33.31,42.6,0.78,0.51,1.63,32.28,36,9.43,65
1623,大東電,電器電纜,13.61,605208000.0,44467891.2564291,0.0,0.0,0.0,17.47,15.68,12.96,28.64,0.0,0.0,0.0,240.0,0.0,0.0,0.0,9.49,39,21.68,179
1626,艾美特-KY,電器電纜,-0.86,8062687000.0,0.0,0.0,6868356894.04942,0.0,0.0,0.0,0.0,0.0,0.0,0.0,0.0,10.0,0.0,0.0,0.0,8.05,130,8.82,44
1702,南僑,食品工業,1.11,23430771000.0,21108802702.7027,0.46,22573404481.38799,1.07,16.45,36.28,10.04,46.32,10.74,49.56,17.61,30.8,0.57,0.35,1.61,4.28,126,0.0,0
1465,偉全,紡織纖維,-0.33,363972000.0,0.0,0.0,371386012.92965966,0.0,34.38,64.14,15.33,79.47,0.0,0.0,0.0,12.5,0.0,0.0,0.0,1.29,127,0.36,64
2204,中華,汽車工業,5.47,31570356000.0,5771545886.654479,2.63,35898155163.18967,6.22,10.26,6.25,7.32,13.57,45.53,84.41,63.83,53.6,1.19,0.85,1.57,3.1,39,0.92,1
2207,和泰車,汽車工業,33.93,278122174000.0,8196939994.105512,14.95,289589189515.95996,35.33,16.54,6.46,13.36,19.82,472.01,700.24,584.37,473.5,1.23,1.0,1.48,15.75,116,1.64,172
2393,億光,電子工業,4.6,19630880000.0,4267582608.6956525,1.97,19596631116.071156,4.59,14.15,11.47,9.69,21.16,44.48,97.12,64.93,64.4,1.01,0.69,1.51,19.5,161,0.0,0
2395,研華,電子工業,12.25,70256994000.0,5735264816.32653,6.04,84344862877.45819,14.71,31.08,18.36,23.36,41.72,343.63,613.7,457.14,517.0,0.88,0.66,1.19,4.97,43,4.26,87
2397,友通,電子工業,2.49,11147988000.0,4477103614.457831,1.18,12976175494.208204,2.9,22.89,24.54,13.46,38.0,39.03,110.2,66.37,64.8,1.02,0.6,1.7,9.19,38,30.76,86
2399,映泰,電子工業,0.15,1753395000.0,11689300000.0,0.06,1640912840.3094459,0.14,319.22,565.45,27.05,592.5,3.79,82.95,44.69,50.2,0.89,0.08,1.65,87.01,142,37.11,147
2401,凌陽,半導體業,-0.37,6278566000.0,0.0,0.0,7003559010.549703,0.0,52.76,21.81,42.39,64.2,0.0,0.0,0.0,29.65,0.0,0.0,0.0,5.79,32,30.77,81
2402,毅嘉,電子工業,2.47,10728500000.0,4343522267.206477,1.11,12383735084.570862,2.85,20.31,23.71,12.24,35.95,34.88,102.46,57.88,69.9,0.83,0.5,1.47,28.77,136,57.49,85
2404,漢唐,其他電子業,48.08,63949846000.0,1330071672.2129784,26.82,110331972486.70392,82.95,18.02,20.78,11.84,32.62,982.13,2705.83,1494.46,1175.0,1.27,0.84,2.3,21.15,182,122.42,88
2405,輔信,電子工業,-0.2,1728395000.0,0.0,0.0,1811249144.4070318,0.0,384.86,565.84,155.83,721.67,0.0,0.0,0.0,18.4,0.0,0.0,0.0,29.47,35,22.39,142
2406,國碩,光電業,-0.91,5758962000.0,0.0,0.0,15329312105.662067,0.0,0.0,0.0,0.0,0.0,0.0,0.0,0.0,35.9,0.0,0.0,0.0,25.79,29,125.64,78
2408,南亞科,半導體業,2.13,56774899000.0,26654882159.624416,3.25,392928725822.5704,14.74,82.02,105.05,24.53,129.58,361.57,1910.01,1208.99,381.5,3.17,0.95,5.01,16.04,35,263.54,168
2409,友達,光電業,0.9,280792168000.0,311991297777.7778,0.37,272562031682.78394,0.87,22.08,61.66,14.59,76.25,12.69,66.34,19.21,23.8,0.81,0.53,2.79,10.96,39,13.25,115
2412,中華電,通信網路業,4.99,237858930000.0,47667120240.48096,2.18,247111914920.26605,5.18,26.76,3.28,25.05,28.33,129.76,146.75,138.59,140.5,0.99,0.92,1.04,0.79,11,4.94,78
2413,環科,電子工業,0.4,3331719000.0,8329297500.0,0.17,3506831039.7321253,0.42,97.93,153.17,33.39,186.56,14.02,78.36,41.13,53.2,0.77,0.26,1.47,20.61,151,57.26,178
2414,精技,電子工業,3.17,28246381000.0,8910530283.911673,1.5,34652415882.74734,3.89,14.51,5.17,12.98,18.15,50.49,70.6,56.44,51.5,1.1,0.98,1.37,12.35,28,14.11,39
2392,正崴,電子零組件業,-6.62,97510511000.0,0.0,0.0,86181973188.73839,0.0,34.3,114.24,11.37,125.61,0.0,0.0,0.0,41.85,0.0,0.0,0.0,24.31,37,17.76,46
2390,云辰,電子工業,-0.14,686088000.0,0.0,0.0,566856353.4327319,0.0,0.0,0.0,0.0,0.0,0.0,0.0,0.0,11.25,0.0,0.0,0.0,7.78,35,0.0,0
2373,震旦行,其他電子業,3.86,10765016000.0,2788864248.7046633,1.57,10357986428.630415,3.71,14.46,2.46,13.45,15.91,49.9,59.03,53.66,58.4,0.92,0.85,1.01,3.77,31,2.96,29
2374,佳能,光電業,2.52,9311794000.0,3695156349.2063494,1.32,16792666368.61806,4.54,35.26,48.59,20.0,68.59,90.8,311.4,160.08,84.7,1.89,1.07,3.68,1.98,3,119.49,106
2375,凱美,電子工業,3.72,5504838000.0,1479795161.2903225,1.65,5955886165.157133,4.02,20.7,40.65,9.96,50.61,40.04,203.45,83.23,164.0,0.51,0.24,1.24,6.49,183,76.37,147
2376,技嘉,電子工業,18.19,324226515000.0,17824437328.20231,10.53,536289451196.24146,30.09,19.02,23.98,11.85,35.83,356.57,1078.12,572.39,387.0,1.48,0.92,2.79,0.0,0,17.11,123
2377,微星,電子工業,6.8,225924964000.0,33224259411.764706,2.69,231898746573.96185,6.98,19.67,16.59,10.97,27.56,76.57,192.37,137.28,141.5,0.97,0.54,1.36,0.0,0,14.23,64
2379,瑞昱,半導體業,28.77,123048742000.0,4276980952.3809524,13.44,128286470131.3413,29.99,18.84,13.65,14.76,28.41,442.65,852.02,564.9,609.0,0.93,0.73,1.4,5.64,38,11.43,46
2380,虹光,電子工業,0.72,2817681000.0,3913445833.3333335,0.33,3353597164.7985187,0.86,21.47,25.57,5.08,30.65,4.37,26.36,18.47,5.33,3.47,0.82,4.95,6.39,10,75.77,84
2382,廣達,電子工業,19.44,1989610196000.0,102346203497.94238,13.89,3635149138305.4736,35.52,17.98,17.53,11.52,29.05,409.19,1031.86,638.69,372.5,1.71,1.1,2.77,20.71,37,14.21,147
2383,台光電,電子工業,41.66,91947570000.0,2207094815.1704273,25.23,145131098983.16965,65.76,35.27,104.68,14.73,119.41,968.64,7852.4,2319.64,5070.0,0.46,0.19,1.55,17.24,183,101.19,179
2385,群光,電子工業,9.06,96067158000.0,10603439072.847681,3.59,92265442472.16695,8.7,12.76,8.98,9.97,18.95,86.74,164.86,111.02,141.5,0.78,0.61,1.17,2.54,3,0.0,0
2387,精元,電子工業,3.46,19232481000.0,5558520520.231214,1.3,17331241529.56332,3.12,8.41,9.28,5.61,14.89,17.5,46.46,26.24,42.45,0.62,0.41,1.09,5.89,183,2.53,9
2388,威盛,半導體業,0.12,10116361000.0,84303008333.33334,0.05,10174976300.299961,0.12,317.74,1634.74,30.26,1665.0,3.63,199.8,38.13,74.8,0.51,0.05,2.67,18.57,108,5.73,10
2371,大同,電機機械,-5.2,49840830000.0,0.0,0.0,53300225902.04731,0.0,21.45,76.26,4.39,80.65,0.0,0.0,0.0,30.25,0.0,0.0,0.0,9.84,14,3.84,78
2415,錩新,電子零組件業,1.81,2329168000.0,1286833149.1712706,0.82,2630895628.37727,2.04,32.69,119.63,13.7,133.33,27.95,271.99,66.69,27.15,2.46,1.03,10.02,28.23,115,10.88,165
2433,互盛電,其他電子業,4.94,2726747000.0,551973076.9230769,2.07,2716604198.174483,4.92,15.31,2.06,14.08,16.14,69.27,79.41,75.33,43.5,1.73,1.59,1.83,0.75,11,1.59,29
2434,統懋,半導體業,0.03,45756000.0,1525200000.0,0.01,46600126.77388836,0.03,309.39,1602.32,42.68,1645.0,1.28,49.35,9.28,37.15,0.25,0.03,1.33,4.09,36,24.62,168
2436,偉詮電,半導體業,3.0,3539175000.0,1179725000.0,1.47,4505500806.44217,3.82,38.84,49.96,20.62,70.58,78.77,269.62,148.37,75.9,1.95,1.04,3.55,2.11,114,31.1,98
2438,翔耀,光電業,-2.37,432276000.0,0.0,0.0,630425869.4516971,0.0,0.0,0.0,0.0,0.0,0.0,0.0,0.0,26.95,0.0,0.0,0.0,205.69,39,10.33,4
2439,美律,通信網路業,5.35,46021543000.0,8602157570.093458,2.15,52983653149.76348,6.16,15.69,8.7,10.92,19.62,67.27,120.86,96.63,91.6,1.05,0.73,1.32,14.62,32,0.0,0
2440,太空梭,電子工業,-0.24,3571225000.0,0.0,0.0,3751115472.345879,0.0,0.0,0.0,0.0,0.0,0.0,0.0,0.0,18.15,0.0,0.0,0.0,12.5,39,0.0,0
4931,新盛力,電腦及週邊設備業,3.13,2333664000.0,745579552.715655,1.8,3335331253.8029876,4.47,40.52,64.27,17.76,82.03,79.39,366.67,181.12,238.5,0.76,0.33,1.54,112.48,183,107.52,87
2441,超豐,電子工業,4.31,16714118000.0,3877985614.8491883,2.01,19379702709.118015,5.0,16.19,19.95,10.35,30.3,51.75,151.5,80.96,137.5,0.59,0.38,1.1,2.54,45,40.73,161
2443,昶虹,其他,-0.42,0.0,0.0,0.0,0.0,0.0,0.0,0.0,0.0,0.0,0.0,0.0,0.0,0.0,0.0,0.0,0.0,0.0,0,0.0,0
2444,兆勁,通信網路業,-1.9,1104139000.0,0.0,0.0,943069815.2740088,0.0,116.36,32.92,104.58,137.5,0.0,0.0,0.0,12.5,0.0,0.0,0.0,50.58,182,11.06,109
2449,京元電子,半導體業,9.01,34125431000.0,3787506215.316315,4.54,46764820700.562614,12.35,21.9,35.46,10.47,45.93,129.3,567.24,270.5,318.0,0.85,0.41,1.78,53.8,158,147.57,179
2450,神腦,通信網路業,1.72,32694590000.0,19008482558.139534,0.77,38356145251.82237,2.02,17.37,5.29,14.84,20.13,29.98,40.66,35.08,30.8,1.14,0.97,1.32,0.5,14,2.45,10
2451,創見,半導體業,12.98,14961901000.0,1152688828.9676425,20.94,72956535143.52919,63.29,21.73,31.99,9.78,41.77,618.98,2643.62,1375.28,357.5,3.85,1.73,7.39,17.7,15,108.7,164
2453,凌群,資訊服務業,3.13,7372784000.0,2355522044.7284346,1.35,7837130633.034595,3.33,19.05,9.25,15.88,25.13,52.88,83.68,63.44,63.9,0.99,0.83,1.31,5.89,43,6.87,101
2431,聯昌,電子零組件業,-2.1,377964000.0,0.0,0.0,222599479.95881328,0.0,0.0,0.0,0.0,0.0,0.0,0.0,0.0,10.9,0.0,0.0,0.0,56.42,155,27.75,113
2417,圓剛,電子工業,-0.19,3260578000.0,0.0,0.0,4023067618.430726,0.0,146.21,97.45,109.86,207.31,0.0,0.0,0.0,53.9,0.0,0.0,0.0,18.62,32,27.78,85
2419,仲琦,通信網路業,-0.36,8742858000.0,0.0,0.0,9255761258.10966,0.0,0.0,0.0,0.0,0.0,0.0,0.0,0.0,33.0,0.0,0.0,0.0,21.89,45,31.41,150
2420,新巨,電子工業,3.91,2162774000.0,553139130.4347826,1.69,2216220264.421212,4.01,14.81,9.19,10.36,19.55,41.54,78.4,59.4,63.7,0.93,0.65,1.23,27.42,126,11.01,70
2421,建準,電子工業,7.94,18263701000.0,2300214231.738035,3.77,22125712752.720375,9.62,19.9,15.53,12.18,27.71,117.17,266.57,191.48,165.0,1.16,0.71,1.62,0.0,0,85.78,171
2423,固緯,其他電子業,2.91,2944348000.0,1011803436.4261168,1.39,3422634953.114806,3.38,17.44,11.58,12.24,23.82,41.37,80.51,58.94,80.7,0.73,0.51,1.0,3.4,157,38.82,86
2425,承啟,電子工業,-0.32,8375969000.0,0.0,0.0,13785613586.146746,0.0,108.2,341.73,17.02,358.75,0.0,0.0,0.0,36.7,0.0,0.0,0.0,16.76,126,2.52,9
2426,鼎元,光電業,-0.26,2342210000.0,0.0,0.0,2139029772.0403247,0.0,74.47,50.64,57.69,108.33,0.0,0.0,0.0,77.0,0.0,0.0,0.0,41.78,135,18.58,91
2427,三商電,資訊服務業,1.53,6543479000.0,4276783660.1307187,0.75,9018745650.422848,2.11,18.49,11.54,13.53,25.07,28.55,52.9,39.02,22.05,1.77,1.29,2.4,17.25,32,33.4,64
2428,興勤,電子工業,11.76,8064952000.0,685795238.0952381,5.34,8709797595.395403,12.7,14.2,17.58,9.01,26.59,114.43,337.69,180.37,283.0,0.64,0.4,1.19,10.32,18,52.61,142
2430,燦坤,電子工業,0.7,17810966000.0,25444237142.857143,0.28,17304927913.140453,0.68,21.35,26.52,14.94,41.46,10.16,28.19,14.52,18.35,0.79,0.55,1.54,0.0,0,0.6,91
2206,三陽工業,汽車工業,5.78,62818867000.0,10868316089.965397,2.31,60965973995.04895,5.61,10.64,3.51,8.79,12.3,49.31,69.0,59.69,61.0,0.98,0.81,1.13,7.56,43,0.0,0
2369,菱生,電子工業,-1.05,5403429000.0,0.0,0.0,7405124216.336134,0.0,0.0,0.0,0.0,0.0,0.0,0.0,0.0,39.7,0.0,0.0,0.0,1.03,32,69.34,163
2368,金像電,電子零組件業,19.43,58066839000.0,2988514616.572311,10.67,91895783277.6964,30.75,30.19,65.5,12.35,77.85,379.76,2393.89,928.23,1325.0,0.7,0.29,1.81,13.37,32,148.24,179
2302,麗正,電子工業,0.49,835569000.0,1705242857.142857,0.23,968789121.4416931,0.57,33.02,30.94,19.87,50.81,11.33,28.96,18.82,38.25,0.49,0.3,0.76,6.68,161,24.38,141
2303,聯電,半導體業,3.33,237238293000.0,71242730630.63063,1.45,251147038445.54913,3.53,14.18,26.99,9.69,36.68,34.21,129.48,50.07,146.0,0.34,0.23,0.89,4.91,18,2.88,16
2305,全友,電子工業,0.2,733136000.0,3665680000.0,0.12,1090906445.2456446,0.3,122.1,165.69,60.56,226.25,18.17,67.88,36.63,23.05,1.59,0.79,2.94,8.67,44,8.7,84
2308,台達電,電子工業,23.14,539937575000.0,23333516637.856525,11.65,739353907909.4154,31.69,40.91,72.87,20.69,93.56,655.67,2964.92,1296.54,2420.0,0.54,0.27,1.23,28.78,38,192.52,148
2312,金寶,其他電子業,1.05,162727375000.0,154978452380.95236,0.4,147491744562.85754,0.95,24.38,28.91,14.82,43.73,14.08,41.54,23.16,40.6,0.57,0.35,1.02,94.2,177,15.53,142
2313,華通,電子工業,5.51,75158821000.0,13640439382.94011,2.43,83960387840.72343,6.16,20.18,43.26,9.39,52.65,57.84,324.32,124.33,282.0,0.44,0.21,1.15,25.59,38,49.09,142
2314,台揚,通信網路業,-4.32,1677413000.0,0.0,0.0,2483244236.3277593,0.0,0.0,0.0,0.0,0.0,0.0,0.0,0.0,16.15,0.0,0.0,0.0,10.94,158,217.96,164
2316,楠梓電,電子工業,13.37,3671873000.0,274635228.1226627,6.68,4719660145.782055,17.19,9.04,11.05,6.18,17.23,106.23,296.18,155.35,166.0,0.94,0.64,1.78,29.03,37,185.71,182
2317,鴻海,其他電子業,13.6,7891774675000.0,580277549632.3529,6.59,10271866561951.625,17.7,16.08,10.61,10.24,20.85,181.25,369.04,284.67,293.5,0.97,0.62,1.26,28.33,35,71.8,150
2321,東訊,通信網路業,-0.76,742234000.0,0.0,0.0,722344324.716675,0.0,0.0,0.0,0.0,0.0,0.0,0.0,0.0,14.95,0.0,0.0,0.0,6.46,156,0.0,0
2323,中環,光電業,1.58,7170946000.0,4538573417.7215185,0.72,7841434936.998865,1.73,12.26,15.08,4.3,19.38,7.44,33.53,21.21,10.55,2.01,0.71,3.18,8.85,32,23.75,163
2324,仁寶,電子工業,1.38,755605341000.0,547540102173.9131,0.62,787630962267.38,1.44,17.14,20.08,10.26,30.34,14.77,43.69,24.68,40.35,0.61,0.37,1.08,2.4,176,33.82,115
2327,國巨*,電子工業,26.9,130098665000.0,4836381598.513011,13.35,161119161637.98254,33.31,18.09,56.49,5.71,62.2,190.2,2071.88,602.55,790.0,0.76,0.24,2.62,18.76,43,14.82,64
2328,廣宇,電子工業,1.56,22112137000.0,14174446794.871794,0.55,17319048440.297646,1.22,23.11,47.97,14.27,62.24,17.41,75.93,28.19,61.0,0.46,0.29,1.24,4.75,2,65.78,85
2301,光寶科,電腦及週邊設備業,6.65,164568691000.0,24747171578.94737,3.03,195282510445.01068,7.89,21.73,22.38,13.8,36.18,108.88,285.46,171.49,234.5,0.73,0.46,1.22,0.9,31,93.07,149
2208,台船,航運業,-1.76,21069459000.0,0.0,0.0,30819444844.175144,0.0,0.0,0.0,0.0,0.0,0.0,0.0,0.0,18.3,0.0,0.0,0.0,5.54,85,82.61,102
2211,長榮鋼,鋼鐵工業,8.59,15356743000.0,1787746565.774156,3.24,13715541908.946379,7.67,14.33,9.13,11.17,20.3,85.67,155.7,109.88,93.9,1.17,0.91,1.66,10.64,9,35.96,176
2221,大甲,其他,2.31,1380803000.0,597750216.4502164,1.06,1500399811.038167,2.51,14.32,10.11,10.36,20.47,26.0,51.38,35.94,43.65,0.82,0.6,1.18,1.44,43,9.32,29
2227,裕日車,汽車工業,1.29,15328057000.0,11882214728.68217,0.44,11850366612.558897,1.0,27.97,45.09,9.32,54.41,9.32,54.41,27.97,50.0,0.56,0.19,1.09,2.17,17,7.8,58
2228,劍麟,汽車工業,5.24,4949851000.0,944628053.4351145,2.14,4742487870.816964,5.02,13.15,12.5,7.52,20.02,37.75,100.5,66.03,85.2,0.78,0.44,1.18,6.44,1,31.47,88
2230,泰茂,電機機械,-1.02,2030437000.0,0.0,0.0,2913624906.7501245,0.0,48.68,151.69,14.98,166.67,0.0,0.0,0.0,28.15,0.0,0.0,0.0,14.56,10,9.4,23
2231,為升,汽車工業,-1.64,3664324000.0,0.0,0.0,3421201642.2887864,0.0,47.92,53.18,21.16,74.34,0.0,0.0,0.0,109.0,0.0,0.0,0.0,6.49,8,82.1,100
2233,宇隆,汽車工業,6.69,3297200000.0,492855007.47384155,2.77,3147707905.197389,6.39,22.44,49.19,11.66,60.85,74.51,388.83,143.41,355.0,0.4,0.21,1.1,49.24,175,72.03,86
2235,謚源,電機機械,0.95,561922000.0,591496842.1052632,0.41,550451679.9680442,0.93,23.64,30.9,15.24,46.14,14.17,42.91,21.99,30.5,0.72,0.46,1.41,1.72,1,0.0,0
2236,百達-KY,汽車工業,-6.81,9249897000.0,0.0,0.0,10650546849.145325,0.0,182.9,909.93,10.07,920.0,0.0,0.0,0.0,140.5,0.0,0.0,0.0,61.05,183,21.56,109
2239,英利-KY,汽車工業,-7.87,19126801000.0,0.0,0.0,17800785144.692272,0.0,28.64,22.67,18.39,41.06,0.0,0.0,0.0,24.5,0.0,0.0,0.0,0.0,0,27.6,183
2243,宏旭-KY,汽車工業,1.22,1861642000.0,1525936065.5737705,0.66,2478949207.393854,1.62,33.17,58.07,8.39,66.46,13.59,107.67,53.74,29.95,1.79,0.45,3.59,62.44,46,40.54,92
2247,汎德永業,汽車工業,18.32,51898301000.0,2832876692.139738,5.8,37808976621.70774,13.35,13.03,3.53,11.28,14.81,150.59,197.71,173.91,217.5,0.8,0.69,0.91,2.65,17,19.18,51
2248,華勝-KY,汽車工業,5.34,1815934000.0,340062546.8164794,3.16,3242640189.86627,9.54,9.28,5.02,6.5,11.52,62.01,109.9,88.5,55.1,1.61,1.13,1.99,0.0,0,2.9,155
2250,IKKA-KY,汽車工業,3.99,3375733000.0,846048370.9273182,1.62,3142932842.7316656,3.71,17.96,10.56,13.73,24.29,50.94,90.12,66.64,64.3,1.04,0.79,1.4,2.15,1,15.47,78
2329,華泰,電子工業,2.45,19362141000.0,7902914693.87755,1.06,22552738325.425137,2.85,24.8,29.53,13.35,42.88,38.05,122.21,70.68,61.0,1.16,0.62,2.0,2.62,18,41.82,164
2353,宏碁,電腦及週邊設備業,1.26,271654739000.0,215598999206.3492,0.61,343651378475.1827,1.59,21.35,14.62,14.7,29.32,23.37,46.62,33.94,38.7,0.88,0.6,1.2,0.0,0,5.66,7
2354,鴻準,其他電子業,2.31,157468970000.0,68168385281.38528,0.67,123946425028.00668,1.82,26.14,17.83,18.76,36.59,34.14,66.59,47.58,62.8,0.76,0.54,1.06,34.76,158,31.55,70
2355,敬鵬,電子工業,1.6,15658335000.0,9786459375.0,0.69,16243179496.068678,1.66,17.89,30.76,8.88,39.64,14.74,65.8,29.7,60.2,0.49,0.24,1.09,11.5,35,25.23,87
2356,英業達,電子工業,2.41,699082867000.0,290075878423.2365,1.2,838347624632.6249,2.89,21.78,17.37,15.96,33.33,46.12,96.32,62.95,77.2,0.82,0.6,1.25,7.86,39,17.7,149
2357,華碩,電子工業,59.99,716607808000.0,11945454375.729288,30.14,1026485927971.9868,85.93,12.96,7.38,9.15,16.53,786.26,1420.42,1113.79,837.0,1.33,0.94,1.7,22.4,164,19.77,22
2358,廷鑫,其他,0.0,0.0,0.0,0.0,0.0,0.0,0.0,0.0,0.0,0.0,0.0,0.0,0.0,0.0,0.0,0.0,0.0,0.0,0,0.0,0
2359,所羅門,其他電子業,1.22,4193366000.0,3437185245.9016395,0.46,3678869955.8196073,1.07,128.36,168.2,44.66,212.86,47.79,227.76,137.34,150.5,0.91,0.32,1.51,0.0,0,19.35,85
2360,致茂,其他電子業,27.68,26953569000.0,973756105.4913294,20.92,48678549177.34708,49.99,37.3,70.35,18.06,88.41,902.82,4419.62,1864.83,2580.0,0.72,0.35,1.71,61.69,156,148.95,176
2362,藍天,電子工業,2.05,20876604000.0,10183709268.292685,0.83,22226109724.28123,2.18,22.36,33.03,11.61,44.64,25.31,97.32,48.74,47.25,1.03,0.54,2.06,9.18,126,2.8,4
2363,矽統,半導體業,1.53,2664144000.0,1741270588.235294,0.95,5843520607.374511,3.36,49.81,79.3,20.83,100.13,69.99,336.44,167.35,67.1,2.49,1.04,5.01,46.26,140,37.84,109
2364,倫飛,電子工業,4.6,1527938000.0,332160434.78260875,1.82,1526442500.6935706,4.6,20.31,19.29,14.17,33.46,65.18,153.92,93.43,71.6,1.3,0.91,2.15,47.16,81,50.13,70
2365,昆盈,電子工業,0.33,939434000.0,2846769696.969697,0.15,1038362233.1520668,0.36,99.51,124.44,42.81,167.25,15.41,60.21,35.82,38.0,0.94,0.41,1.58,80.57,45,36.94,86
2367,燿華,電子工業,0.68,16474586000.0,24227332352.941174,0.26,14214216589.682308,0.59,33.24,104.49,8.84,113.33,5.22,66.86,19.61,67.4,0.29,0.08,0.99,14.86,35,34.62,77
2352,佳世達,電腦及週邊設備業,0.63,208040050000.0,330222301587.3016,0.26,212025196044.59827,0.64,28.38,30.2,19.24,49.44,12.31,31.64,18.16,30.65,0.59,0.4,1.03,0.0,0,36.68,127
2351,順德,電子工業,1.67,10255043000.0,6140744311.377246,0.8,11436897610.743696,1.86,38.91,98.13,16.63,114.76,30.93,213.45,72.36,202.0,0.36,0.15,1.06,16.03,109,37.59,148
2330,台積電,半導體業,66.26,3752213811000.0,56628641880.47087,33.2,4808187038921.179,84.91,25.75,17.52,17.35,34.87,1473.19,2960.81,2186.63,2355.0,0.93,0.63,1.26,28.84,158,59.62,154
2331,精英,電子工業,1.4,19946465000.0,14247475000.0,0.62,25157397926.824566,1.77,24.91,35.42,13.38,48.8,23.68,86.38,44.08,24.4,1.81,0.97,3.54,0.0,0,21.39,142
2332,友訊,通信網路業,-0.91,13320681000.0,0.0,0.0,14143748219.616808,0.0,352.49,1014.21,25.79,1040.0,0.0,0.0,0.0,16.7,0.0,0.0,0.0,29.61,177,9.01,88
2337,旺宏,半導體業,-1.78,28063863000.0,0.0,0.0,51886342717.89461,0.0,0.0,0.0,0.0,0.0,0.0,0.0,0.0,167.5,0.0,0.0,0.0,11.84,59,88.19,163
2338,光罩,半導體業,-4.99,6212835000.0,0.0,0.0,5551081502.820994,0.0,25.36,17.7,15.44,33.14,0.0,0.0,0.0,57.2,0.0,0.0,0.0,17.25,38,55.9,86
2342,茂矽,半導體業,-0.48,2073952000.0,0.0,0.0,1827968708.9707038,0.0,366.68,1273.27,25.06,1298.33,0.0,0.0,0.0,41.7,0.0,0.0,0.0,7.98,183,72.13,142
2344,華邦電,半導體業,0.88,86008121000.0,97736501136.36363,0.69,174350198322.91406,1.78,105.79,132.99,29.32,162.31,52.19,288.91,188.31,168.0,1.12,0.31,1.72,6.94,18,291.72,168
2345,智邦,通信網路業,47.13,237761128000.0,5044793719.499257,24.49,386099179647.4367,76.53,33.38,34.06,20.26,54.32,1550.5,4157.11,2554.82,2510.0,1.02,0.62,1.66,34.86,183,58.62,155
2347,聯強,電子工業,5.09,404171231000.0,79404956974.45973,2.91,569814279118.9841,7.18,13.8,7.97,10.63,18.6,76.32,133.55,99.08,86.5,1.15,0.88,1.54,3.59,16,3.36,9
2348,海悅,其他,6.85,7027149000.0,1025861167.8832117,2.21,5512530604.64018,5.37,13.15,13.36,7.84,21.2,42.1,113.84,70.64,69.9,1.01,0.6,1.63,57.57,56,1.21,1
2348A,海悅甲特,其他,0.0,0.0,0.0,0.0,0.0,0.0,0.0,0.0,0.0,0.0,0.0,0.0,0.0,37.7,0.0,0.0,0.0,5.37,172,2.65,42
2349,錸德,光電業,-0.36,7529703000.0,0.0,0.0,7247032089.255817,0.0,187.78,121.43,122.57,244.0,0.0,0.0,0.0,14.3,0.0,0.0,0.0,106.74,35,25.51,70
1464,得力,紡織纖維,0.34,12545008000.0,36897082352.94118,0.14,11564688491.566067,0.31,29.75,90.08,9.92,100.0,3.08,31.0,9.22,10.25,0.9,0.3,3.02,17.89,157,1.88,2
1460,宏遠,紡織纖維,-0.27,7646438000.0,0.0,0.0,6002292704.113395,0.0,0.0,0.0,0.0,0.0,0.0,0.0,0.0,7.0,0.0,0.0,0.0,2.65,35,0.0,0
00783,富邦中証500,ETF,0.0,0.0,0.0,0.0,0.0,0.0,0.0,0.0,0.0,0.0,0.0,0.0,0.0,29.33,0.0,0.0,0.0,39.15,126,38.32,129
00830,國泰費城半導體,ETF,0.0,0.0,0.0,0.0,0.0,0.0,0.0,0.0,0.0,0.0,0.0,0.0,0.0,90.4,0.0,0.0,0.0,15.16,38,59.05,150
00850,元大臺灣ESG永續,ETF,0.0,0.0,0.0,0.0,0.0,0.0,0.0,0.0,0.0,0.0,0.0,0.0,0.0,90.75,0.0,0.0,0.0,15.2,38,35.74,151
00851,台新全球AI,ETF,0.0,0.0,0.0,0.0,0.0,0.0,0.0,0.0,0.0,0.0,0.0,0.0,0.0,72.2,0.0,0.0,0.0,18.9,183,27.32,154
00752,中信中國50,ETF,0.0,0.0,0.0,0.0,0.0,0.0,0.0,0.0,0.0,0.0,0.0,0.0,0.0,22.82,0.0,0.0,0.0,32.01,126,29.56,122
00753L,中信中國50正2,ETF,0.0,0.0,0.0,0.0,0.0,0.0,0.0,0.0,0.0,0.0,0.0,0.0,0.0,9.69,0.0,0.0,0.0,69.51,126,62.51,122
00757,統一FANG+,ETF,0.0,0.0,0.0,0.0,0.0,0.0,0.0,0.0,0.0,0.0,0.0,0.0,0.0,137.9,0.0,0.0,0.0,22.08,183,27.91,151
00762,元大全球AI,ETF,0.0,0.0,0.0,0.0,0.0,0.0,0.0,0.0,0.0,0.0,0.0,0.0,0.0,119.3,0.0,0.0,0.0,16.76,183,43.98,150
00763U,期街口道瓊銅,ETF,0.0,0.0,0.0,0.0,0.0,0.0,0.0,0.0,0.0,0.0,0.0,0.0,0.0,34.54,0.0,0.0,0.0,1.06,1,18.28,52
00770,國泰北美科技,ETF,0.0,0.0,0.0,0.0,0.0,0.0,0.0,0.0,0.0,0.0,0.0,0.0,0.0,69.55,0.0,0.0,0.0,17.71,183,38.17,150
00771,元大US高息特別股,ETF,0.0,0.0,0.0,0.0,0.0,0.0,0.0,0.0,0.0,0.0,0.0,0.0,0.0,15.78,0.0,0.0,0.0,5.84,136,7.3,147
00775B,新光投等債15+,ETF,0.0,0.0,0.0,0.0,0.0,0.0,0.0,0.0,0.0,0.0,0.0,0.0,0.0,32.0,0.0,0.0,0.0,7.02,107,11.63,143
00852L,國泰美國道瓊正2,ETF,0.0,0.0,0.0,0.0,0.0,0.0,0.0,0.0,0.0,0.0,0.0,0.0,0.0,33.1,0.0,0.0,0.0,27.48,182,32.04,164
00897,富邦基因免疫生技,ETF,0.0,0.0,0.0,0.0,0.0,0.0,0.0,0.0,0.0,0.0,0.0,0.0,0.0,9.9,0.0,0.0,0.0,9.61,56,43.6,179
00898,國泰基因免疫革命,ETF,0.0,0.0,0.0,0.0,0.0,0.0,0.0,0.0,0.0,0.0,0.0,0.0,0.0,8.28,0.0,0.0,0.0,12.43,56,37.52,182
00899,FT潔淨能源,ETF,0.0,0.0,0.0,0.0,0.0,0.0,0.0,0.0,0.0,0.0,0.0,0.0,0.0,30.09,0.0,0.0,0.0,0.21,1,56.87,157
00900,富邦特選高股息30,ETF,0.0,0.0,0.0,0.0,0.0,0.0,0.0,0.0,0.0,0.0,0.0,0.0,0.0,19.58,0.0,0.0,0.0,4.96,17,5.88,136
00901,永豐智能車供應鏈,ETF,0.0,0.0,0.0,0.0,0.0,0.0,0.0,0.0,0.0,0.0,0.0,0.0,0.0,47.68,0.0,0.0,0.0,18.11,38,52.07,151
00902,中信電池及儲能,ETF,0.0,0.0,0.0,0.0,0.0,0.0,0.0,0.0,0.0,0.0,0.0,0.0,0.0,16.76,0.0,0.0,0.0,13.95,126,88.54,164
00903,富邦元宇宙,ETF,0.0,0.0,0.0,0.0,0.0,0.0,0.0,0.0,0.0,0.0,0.0,0.0,0.0,22.83,0.0,0.0,0.0,12.93,43,37.54,150
00904,新光臺灣半導體30,ETF,0.0,0.0,0.0,0.0,0.0,0.0,0.0,0.0,0.0,0.0,0.0,0.0,0.0,42.97,0.0,0.0,0.0,16.81,38,36.28,141
00905,FT臺灣Smart,ETF,0.0,0.0,0.0,0.0,0.0,0.0,0.0,0.0,0.0,0.0,0.0,0.0,0.0,27.76,0.0,0.0,0.0,19.25,42,35.12,151
00907,永豐優息存股,ETF,0.0,0.0,0.0,0.0,0.0,0.0,0.0,0.0,0.0,0.0,0.0,0.0,0.0,15.64,0.0,0.0,0.0,3.05,4,5.92,142
00908,富邦入息REITs+,ETF,0.0,0.0,0.0,0.0,0.0,0.0,0.0,0.0,0.0,0.0,0.0,0.0,0.0,14.43,0.0,0.0,0.0,12.67,120,8.65,182
00909,國泰數位支付服務,ETF,0.0,0.0,0.0,0.0,0.0,0.0,0.0,0.0,0.0,0.0,0.0,0.0,0.0,51.75,0.0,0.0,0.0,37.25,171,82.01,136
00910,第一金太空衛星,ETF,0.0,0.0,0.0,0.0,0.0,0.0,0.0,0.0,0.0,0.0,0.0,0.0,0.0,84.95,0.0,0.0,0.0,60.06,182,67.0,129
00911,兆豐洲際半導體,ETF,0.0,0.0,0.0,0.0,0.0,0.0,0.0,0.0,0.0,0.0,0.0,0.0,0.0,61.05,0.0,0.0,0.0,13.26,38,48.66,150
00912,中信臺灣智慧50,ETF,0.0,0.0,0.0,0.0,0.0,0.0,0.0,0.0,0.0,0.0,0.0,0.0,0.0,32.94,0.0,0.0,0.0,15.99,38,22.75,151
00913,兆豐台灣晶圓製造,ETF,0.0,0.0,0.0,0.0,0.0,0.0,0.0,0.0,0.0,0.0,0.0,0.0,0.0,52.1,0.0,0.0,0.0,15.71,38,33.17,179
00915,凱基優選高股息30,ETF,0.0,0.0,0.0,0.0,0.0,0.0,0.0,0.0,0.0,0.0,0.0,0.0,0.0,29.72,0.0,0.0,0.0,5.13,15,1.72,9
00916,國泰全球品牌50,ETF,0.0,0.0,0.0,0.0,0.0,0.0,0.0,0.0,0.0,0.0,0.0,0.0,0.0,28.56,0.0,0.0,0.0,17.61,183,18.52,164
00917,中信特選金融,ETF,0.0,0.0,0.0,0.0,0.0,0.0,0.0,0.0,0.0,0.0,0.0,0.0,0.0,21.63,0.0,0.0,0.0,24.59,182,16.18,164
00918,大華優利高填息30,ETF,0.0,0.0,0.0,0.0,0.0,0.0,0.0,0.0,0.0,0.0,0.0,0.0,0.0,30.46,0.0,0.0,0.0,2.83,15,5.35,150
00919,群益台灣精選高息,ETF,0.0,0.0,0.0,0.0,0.0,0.0,0.0,0.0,0.0,0.0,0.0,0.0,0.0,30.0,0.0,0.0,0.0,4.84,17,2.88,9
00920,富邦ESG綠色電力,ETF,0.0,0.0,0.0,0.0,0.0,0.0,0.0,0.0,0.0,0.0,0.0,0.0,0.0,27.55,0.0,0.0,0.0,1.04,3,56.75,161
00921,兆豐龍頭等權重,ETF,0.0,0.0,0.0,0.0,0.0,0.0,0.0,0.0,0.0,0.0,0.0,0.0,0.0,23.05,0.0,0.0,0.0,2.9,15,9.61,77
00922,國泰台灣領袖50,ETF,0.0,0.0,0.0,0.0,0.0,0.0,0.0,0.0,0.0,0.0,0.0,0.0,0.0,40.11,0.0,0.0,0.0,15.76,38,35.61,136
00923,群益台ESG低碳50,ETF,0.0,0.0,0.0,0.0,0.0,0.0,0.0,0.0,0.0,0.0,0.0,0.0,0.0,42.69,0.0,0.0,0.0,15.38,38,32.34,151
00896,中信綠能及電動車,ETF,0.0,0.0,0.0,0.0,0.0,0.0,0.0,0.0,0.0,0.0,0.0,0.0,0.0,29.37,0.0,0.0,0.0,8.25,38,33.82,149
00895,富邦未來車,ETF,0.0,0.0,0.0,0.0,0.0,0.0,0.0,0.0,0.0,0.0,0.0,0.0,0.0,52.45,0.0,0.0,0.0,20.07,162,39.5,150
00893,國泰智能電動車,ETF,0.0,0.0,0.0,0.0,0.0,0.0,0.0,0.0,0.0,0.0,0.0,0.0,0.0,47.63,0.0,0.0,0.0,17.78,162,54.16,150
00861,元大全球未來通訊,ETF,0.0,0.0,0.0,0.0,0.0,0.0,0.0,0.0,0.0,0.0,0.0,0.0,0.0,91.5,0.0,0.0,0.0,13.08,38,34.64,154
00865B,國泰US短期公債,ETF,0.0,0.0,0.0,0.0,0.0,0.0,0.0,0.0,0.0,0.0,0.0,0.0,0.0,47.66,0.0,0.0,0.0,3.16,183,6.86,183
00875,國泰網路資安,ETF,0.0,0.0,0.0,0.0,0.0,0.0,0.0,0.0,0.0,0.0,0.0,0.0,0.0,49.08,0.0,0.0,0.0,18.66,183,9.94,147
00876,元大全球5G,ETF,0.0,0.0,0.0,0.0,0.0,0.0,0.0,0.0,0.0,0.0,0.0,0.0,0.0,92.7,0.0,0.0,0.0,12.24,38,48.05,155
00878,國泰永續高股息,ETF,0.0,0.0,0.0,0.0,0.0,0.0,0.0,0.0,0.0,0.0,0.0,0.0,0.0,31.99,0.0,0.0,0.0,5.72,38,8.53,149
00881,國泰台灣科技龍頭,ETF,0.0,0.0,0.0,0.0,0.0,0.0,0.0,0.0,0.0,0.0,0.0,0.0,0.0,55.5,0.0,0.0,0.0,18.96,38,48.44,151
00882,中信中國高股息,ETF,0.0,0.0,0.0,0.0,0.0,0.0,0.0,0.0,0.0,0.0,0.0,0.0,0.0,15.73,0.0,0.0,0.0,24.14,126,27.13,164
00885,富邦越南,ETF,0.0,0.0,0.0,0.0,0.0,0.0,0.0,0.0,0.0,0.0,0.0,0.0,0.0,18.67,0.0,0.0,0.0,1.31,120,48.48,134
00891,中信關鍵半導體,ETF,0.0,0.0,0.0,0.0,0.0,0.0,0.0,0.0,0.0,0.0,0.0,0.0,0.0,36.42,0.0,0.0,0.0,14.97,38,26.84,151
00892,富邦台灣半導體,ETF,0.0,0.0,0.0,0.0,0.0,0.0,0.0,0.0,0.0,0.0,0.0,0.0,0.0,44.52,0.0,0.0,0.0,18.73,38,40.34,179
00894,中信小資高價30,ETF,0.0,0.0,0.0,0.0,0.0,0.0,0.0,0.0,0.0,0.0,0.0,0.0,0.0,50.55,0.0,0.0,0.0,18.24,38,53.45,154
00924,復華S&P500成長,ETF,0.0,0.0,0.0,0.0,0.0,0.0,0.0,0.0,0.0,0.0,0.0,0.0,0.0,32.94,0.0,0.0,0.0,18.53,183,25.48,179
00739,元大MSCI A股,ETF,0.0,0.0,0.0,0.0,0.0,0.0,0.0,0.0,0.0,0.0,0.0,0.0,0.0,28.72,0.0,0.0,0.0,29.46,126,28.87,129
00737,國泰AI機器人,ETF,0.0,0.0,0.0,0.0,0.0,0.0,0.0,0.0,0.0,0.0,0.0,0.0,0.0,40.41,0.0,0.0,0.0,11.65,177,28.28,147
00641R,富邦日本反1,ETF,0.0,0.0,0.0,0.0,0.0,0.0,0.0,0.0,0.0,0.0,0.0,0.0,0.0,3.86,0.0,0.0,0.0,23.38,63,0.52,11
00642U,期元大S&P石油,ETF,0.0,0.0,0.0,0.0,0.0,0.0,0.0,0.0,0.0,0.0,0.0,0.0,0.0,28.24,0.0,0.0,0.0,8.87,32,21.37,21
00643,群益深証中小,ETF,0.0,0.0,0.0,0.0,0.0,0.0,0.0,0.0,0.0,0.0,0.0,0.0,0.0,19.84,0.0,0.0,0.0,41.39,126,42.87,129
00643K,群益深証中小+R,ETF,0.0,0.0,0.0,0.0,0.0,0.0,0.0,0.0,0.0,0.0,0.0,0.0,0.0,4.33,0.0,0.0,0.0,0.0,0,0.0,0
00645,富邦日本,ETF,0.0,0.0,0.0,0.0,0.0,0.0,0.0,0.0,0.0,0.0,0.0,0.0,0.0,55.3,0.0,0.0,0.0,5.17,38,23.21,179
00646,元大S&P500,ETF,0.0,0.0,0.0,0.0,0.0,0.0,0.0,0.0,0.0,0.0,0.0,0.0,0.0,74.95,0.0,0.0,0.0,15.93,183,21.92,179
00647L,元大S&P500正2,ETF,0.0,0.0,0.0,0.0,0.0,0.0,0.0,0.0,0.0,0.0,0.0,0.0,0.0,137.55,0.0,0.0,0.0,24.17,183,35.46,149
00648R,元大S&P500反1,ETF,0.0,0.0,0.0,0.0,0.0,0.0,0.0,0.0,0.0,0.0,0.0,0.0,0.0,3.93,0.0,0.0,0.0,2.64,66,0.0,0
00650L,復華香港正2,ETF,0.0,0.0,0.0,0.0,0.0,0.0,0.0,0.0,0.0,0.0,0.0,0.0,0.0,16.79,0.0,0.0,0.0,53.95,126,45.9,122
00651R,復華香港反1,ETF,0.0,0.0,0.0,0.0,0.0,0.0,0.0,0.0,0.0,0.0,0.0,0.0,0.0,5.26,0.0,0.0,0.0,9.33,64,0.0,0
00652,富邦印度,ETF,0.0,0.0,0.0,0.0,0.0,0.0,0.0,0.0,0.0,0.0,0.0,0.0,0.0,31.91,0.0,0.0,0.0,10.56,115,4.87,178
00653L,富邦印度正2,ETF,0.0,0.0,0.0,0.0,0.0,0.0,0.0,0.0,0.0,0.0,0.0,0.0,0.0,44.74,0.0,0.0,0.0,20.1,116,8.6,178
00654R,富邦印度反1,ETF,0.0,0.0,0.0,0.0,0.0,0.0,0.0,0.0,0.0,0.0,0.0,0.0,0.0,6.89,0.0,0.0,0.0,4.52,2,1.72,66
00655L,國泰中國A50正2,ETF,0.0,0.0,0.0,0.0,0.0,0.0,0.0,0.0,0.0,0.0,0.0,0.0,0.0,36.82,0.0,0.0,0.0,59.64,126,45.6,147
00656R,國泰中國A50反1,ETF,0.0,0.0,0.0,0.0,0.0,0.0,0.0,0.0,0.0,0.0,0.0,0.0,0.0,5.73,0.0,0.0,0.0,8.5,107,0.0,0
00657,國泰日經225,ETF,0.0,0.0,0.0,0.0,0.0,0.0,0.0,0.0,0.0,0.0,0.0,0.0,0.0,77.9,0.0,0.0,0.0,8.31,38,39.77,151
00657K,國泰日經225+U,ETF,0.0,0.0,0.0,0.0,0.0,0.0,0.0,0.0,0.0,0.0,0.0,0.0,0.0,25.01,0.0,0.0,0.0,7.73,38,35.34,154
00660,元大歐洲50,ETF,0.0,0.0,0.0,0.0,0.0,0.0,0.0,0.0,0.0,0.0,0.0,0.0,0.0,44.2,0.0,0.0,0.0,1.26,119,6.77,164
00661,元大日經225,ETF,0.0,0.0,0.0,0.0,0.0,0.0,0.0,0.0,0.0,0.0,0.0,0.0,0.0,85.85,0.0,0.0,0.0,8.15,38,40.18,151
00662,富邦NASDAQ,ETF,0.0,0.0,0.0,0.0,0.0,0.0,0.0,0.0,0.0,0.0,0.0,0.0,0.0,122.75,0.0,0.0,0.0,15.03,183,26.01,150
00663L,國泰臺灣加權正2,ETF,0.0,0.0,0.0,0.0,0.0,0.0,0.0,0.0,0.0,0.0,0.0,0.0,0.0,110.25,0.0,0.0,0.0,27.55,38,1.37,1
00664R,國泰臺灣加權反1,ETF,0.0,0.0,0.0,0.0,0.0,0.0,0.0,0.0,0.0,0.0,0.0,0.0,0.0,1.65,0.0,0.0,0.0,7.97,63,0.0,0
00665L,富邦恒生國企正2,ETF,0.0,0.0,0.0,0.0,0.0,0.0,0.0,0.0,0.0,0.0,0.0,0.0,0.0,9.42,0.0,0.0,0.0,60.37,126,40.31,122
00666R,富邦恒生國企反1,ETF,0.0,0.0,0.0,0.0,0.0,0.0,0.0,0.0,0.0,0.0,0.0,0.0,0.0,9.11,0.0,0.0,0.0,9.58,63,0.0,0
00668,國泰美國道瓊,ETF,0.0,0.0,0.0,0.0,0.0,0.0,0.0,0.0,0.0,0.0,0.0,0.0,0.0,58.4,0.0,0.0,0.0,16.67,183,19.56,164
00640L,富邦日本正2,ETF,0.0,0.0,0.0,0.0,0.0,0.0,0.0,0.0,0.0,0.0,0.0,0.0,0.0,100.85,0.0,0.0,0.0,10.06,38,48.11,179
00668K,國泰美國道瓊+U,ETF,0.0,0.0,0.0,0.0,0.0,0.0,0.0,0.0,0.0,0.0,0.0,0.0,0.0,18.64,0.0,0.0,0.0,15.67,182,14.21,164
00639,富邦深100,ETF,0.0,0.0,0.0,0.0,0.0,0.0,0.0,0.0,0.0,0.0,0.0,0.0,0.0,18.17,0.0,0.0,0.0,60.87,126,45.05,150
00637L,元大滬深300正2,ETF,0.0,0.0,0.0,0.0,0.0,0.0,0.0,0.0,0.0,0.0,0.0,0.0,0.0,21.75,0.0,0.0,0.0,61.0,126,46.89,147
00401A,主動摩根台灣鑫收,ETF,0.0,0.0,0.0,0.0,0.0,0.0,0.0,0.0,0.0,0.0,0.0,0.0,0.0,13.74,0.0,0.0,0.0,29.69,47,29.69,47
00403A,主動統一升級50,ETF,0.0,0.0,0.0,0.0,0.0,0.0,0.0,0.0,0.0,0.0,0.0,0.0,0.0,10.82,0.0,0.0,0.0,0.19,20,0.19,20
0050,元大台灣50,ETF,0.0,0.0,0.0,0.0,0.0,0.0,0.0,0.0,0.0,0.0,0.0,0.0,0.0,105.5,0.0,0.0,0.0,19.58,38,7.25,8
0051,元大中型100,ETF,0.0,0.0,0.0,0.0,0.0,0.0,0.0,0.0,0.0,0.0,0.0,0.0,0.0,145.0,0.0,0.0,0.0,6.0,38,30.72,164
0052,富邦科技,ETF,0.0,0.0,0.0,0.0,0.0,0.0,0.0,0.0,0.0,0.0,0.0,0.0,0.0,62.05,0.0,0.0,0.0,21.17,38,54.46,151
0053,元大電子,ETF,0.0,0.0,0.0,0.0,0.0,0.0,0.0,0.0,0.0,0.0,0.0,0.0,0.0,244.75,0.0,0.0,0.0,19.41,38,52.95,151
0055,元大MSCI金融,ETF,0.0,0.0,0.0,0.0,0.0,0.0,0.0,0.0,0.0,0.0,0.0,0.0,0.0,35.9,0.0,0.0,0.0,12.91,137,13.11,135
0056,元大高股息,ETF,0.0,0.0,0.0,0.0,0.0,0.0,0.0,0.0,0.0,0.0,0.0,0.0,0.0,51.9,0.0,0.0,0.0,5.78,38,12.59,142
0057,富邦摩台,ETF,0.0,0.0,0.0,0.0,0.0,0.0,0.0,0.0,0.0,0.0,0.0,0.0,0.0,313.4,0.0,0.0,0.0,18.38,38,44.97,151
0061,元大寶滬深,ETF,0.0,0.0,0.0,0.0,0.0,0.0,0.0,0.0,0.0,0.0,0.0,0.0,0.0,24.98,0.0,0.0,0.0,52.27,126,30.52,164
006203,元大MSCI台灣,ETF,0.0,0.0,0.0,0.0,0.0,0.0,0.0,0.0,0.0,0.0,0.0,0.0,0.0,192.05,0.0,0.0,0.0,18.63,38,43.29,151
006204,永豐臺灣加權,ETF,0.0,0.0,0.0,0.0,0.0,0.0,0.0,0.0,0.0,0.0,0.0,0.0,0.0,228.3,0.0,0.0,0.0,13.38,38,34.86,155
006205,富邦上証,ETF,0.0,0.0,0.0,0.0,0.0,0.0,0.0,0.0,0.0,0.0,0.0,0.0,0.0,40.63,0.0,0.0,0.0,30.52,126,29.11,164
006206,元大上證50,ETF,0.0,0.0,0.0,0.0,0.0,0.0,0.0,0.0,0.0,0.0,0.0,0.0,0.0,36.35,0.0,0.0,0.0,33.47,126,24.81,165
006207,復華滬深,ETF,0.0,0.0,0.0,0.0,0.0,0.0,0.0,0.0,0.0,0.0,0.0,0.0,0.0,33.5,0.0,0.0,0.0,34.19,126,31.92,164
006208,富邦台50,ETF,0.0,0.0,0.0,0.0,0.0,0.0,0.0,0.0,0.0,0.0,0.0,0.0,0.0,243.9,0.0,0.0,0.0,19.92,38,47.02,151
00625K,富邦上証+R,ETF,0.0,0.0,0.0,0.0,0.0,0.0,0.0,0.0,0.0,0.0,0.0,0.0,0.0,0.0,0.0,0.0,0.0,0.0,0,0.0,0
00631L,元大台灣50正2,ETF,0.0,0.0,0.0,0.0,0.0,0.0,0.0,0.0,0.0,0.0,0.0,0.0,0.0,37.78,0.0,0.0,0.0,28.4,38,93.3,151
00632R,元大台灣50反1,ETF,0.0,0.0,0.0,0.0,0.0,0.0,0.0,0.0,0.0,0.0,0.0,0.0,0.0,10.22,0.0,0.0,0.0,7.67,63,0.0,0
00633L,富邦上証正2,ETF,0.0,0.0,0.0,0.0,0.0,0.0,0.0,0.0,0.0,0.0,0.0,0.0,0.0,52.75,0.0,0.0,0.0,60.0,126,44.19,147
00634R,富邦上証反1,ETF,0.0,0.0,0.0,0.0,0.0,0.0,0.0,0.0,0.0,0.0,0.0,0.0,0.0,3.05,0.0,0.0,0.0,8.55,105,0.0,0
00635U,期元大S&P黃金,ETF,0.0,0.0,0.0,0.0,0.0,0.0,0.0,0.0,0.0,0.0,0.0,0.0,0.0,47.22,0.0,0.0,0.0,16.73,149,28.83,137
00636,國泰中國A50,ETF,0.0,0.0,0.0,0.0,0.0,0.0,0.0,0.0,0.0,0.0,0.0,0.0,0.0,28.73,0.0,0.0,0.0,34.29,126,25.99,164
00636K,國泰中國A50+U,ETF,0.0,0.0,0.0,0.0,0.0,0.0,0.0,0.0,0.0,0.0,0.0,0.0,0.0,9.21,0.0,0.0,0.0,24.03,127,21.14,150
00638R,元大滬深300反1,ETF,0.0,0.0,0.0,0.0,0.0,0.0,0.0,0.0,0.0,0.0,0.0,0.0,0.0,6.45,0.0,0.0,0.0,8.6,107,0.0,0
00738U,期元大道瓊白銀,ETF,0.0,0.0,0.0,0.0,0.0,0.0,0.0,0.0,0.0,0.0,0.0,0.0,0.0,61.1,0.0,0.0,0.0,11.73,142,69.56,183
00669R,國泰美國道瓊反1,ETF,0.0,0.0,0.0,0.0,0.0,0.0,0.0,0.0,0.0,0.0,0.0,0.0,0.0,5.36,0.0,0.0,0.0,1.11,66,0.0,0
00671R,富邦NASDAQ反1,ETF,0.0,0.0,0.0,0.0,0.0,0.0,0.0,0.0,0.0,0.0,0.0,0.0,0.0,2.37,0.0,0.0,0.0,4.26,63,0.0,0
00707R,期元大S&P日圓反1,ETF,0.0,0.0,0.0,0.0,0.0,0.0,0.0,0.0,0.0,0.0,0.0,0.0,0.0,0.0,0.0,0.0,0.0,0.0,0,0.0,0
00708L,期元大S&P黃金正2,ETF,0.0,0.0,0.0,0.0,0.0,0.0,0.0,0.0,0.0,0.0,0.0,0.0,0.0,89.55,0.0,0.0,0.0,34.43,149,63.91,137
00709,富邦歐洲,ETF,0.0,0.0,0.0,0.0,0.0,0.0,0.0,0.0,0.0,0.0,0.0,0.0,0.0,38.65,0.0,0.0,0.0,2.65,92,13.53,164
00710B,復華彭博非投等債,ETF,0.0,0.0,0.0,0.0,0.0,0.0,0.0,0.0,0.0,0.0,0.0,0.0,0.0,18.89,0.0,0.0,0.0,3.23,183,4.64,183
00711B,復華彭博新興債,ETF,0.0,0.0,0.0,0.0,0.0,0.0,0.0,0.0,0.0,0.0,0.0,0.0,0.0,16.05,0.0,0.0,0.0,6.67,107,13.43,176
00712,復華富時不動產,ETF,0.0,0.0,0.0,0.0,0.0,0.0,0.0,0.0,0.0,0.0,0.0,0.0,0.0,8.8,0.0,0.0,0.0,6.82,44,12.85,98
00713,元大台灣高息低波,ETF,0.0,0.0,0.0,0.0,0.0,0.0,0.0,0.0,0.0,0.0,0.0,0.0,0.0,57.95,0.0,0.0,0.0,2.86,15,1.76,16
00714,群益道瓊美國地產,ETF,0.0,0.0,0.0,0.0,0.0,0.0,0.0,0.0,0.0,0.0,0.0,0.0,0.0,21.3,0.0,0.0,0.0,17.99,178,5.75,143
00715L,期街口布蘭特正2,ETF,0.0,0.0,0.0,0.0,0.0,0.0,0.0,0.0,0.0,0.0,0.0,0.0,0.0,52.55,0.0,0.0,0.0,16.03,32,41.66,21
00717,富邦美國特別股,ETF,0.0,0.0,0.0,0.0,0.0,0.0,0.0,0.0,0.0,0.0,0.0,0.0,0.0,15.08,0.0,0.0,0.0,5.2,135,7.24,112
00728,第一金工業30,ETF,0.0,0.0,0.0,0.0,0.0,0.0,0.0,0.0,0.0,0.0,0.0,0.0,0.0,64.4,0.0,0.0,0.0,12.71,38,26.98,154
00730,富邦臺灣優質高息,ETF,0.0,0.0,0.0,0.0,0.0,0.0,0.0,0.0,0.0,0.0,0.0,0.0,0.0,28.78,0.0,0.0,0.0,8.25,135,17.87,91
00731,復華富時高息低波,ETF,0.0,0.0,0.0,0.0,0.0,0.0,0.0,0.0,0.0,0.0,0.0,0.0,0.0,79.85,0.0,0.0,0.0,8.9,38,6.26,142
00733,富邦臺灣中小,ETF,0.0,0.0,0.0,0.0,0.0,0.0,0.0,0.0,0.0,0.0,0.0,0.0,0.0,76.95,0.0,0.0,0.0,3.3,17,25.4,136
00735,國泰臺韓科技,ETF,0.0,0.0,0.0,0.0,0.0,0.0,0.0,0.0,0.0,0.0,0.0,0.0,0.0,116.35,0.0,0.0,0.0,23.87,32,68.51,154
00736,國泰新興市場,ETF,0.0,0.0,0.0,0.0,0.0,0.0,0.0,0.0,0.0,0.0,0.0,0.0,0.0,30.95,0.0,0.0,0.0,12.98,126,20.72,164
00706L,期元大S&P日圓正2,ETF,0.0,0.0,0.0,0.0,0.0,0.0,0.0,0.0,0.0,0.0,0.0,0.0,0.0,19.17,0.0,0.0,0.0,20.89,105,245.94,142
00670L,富邦NASDAQ正2,ETF,0.0,0.0,0.0,0.0,0.0,0.0,0.0,0.0,0.0,0.0,0.0,0.0,0.0,222.55,0.0,0.0,0.0,21.34,38,45.5,150
00703,台新MSCI中國,ETF,0.0,0.0,0.0,0.0,0.0,0.0,0.0,0.0,0.0,0.0,0.0,0.0,0.0,19.46,0.0,0.0,0.0,39.66,126,31.62,122
00701,國泰股利精選30,ETF,0.0,0.0,0.0,0.0,0.0,0.0,0.0,0.0,0.0,0.0,0.0,0.0,0.0,34.72,0.0,0.0,0.0,7.77,39,9.27,73
00673R,期元大S&P原油反1,ETF,0.0,0.0,0.0,0.0,0.0,0.0,0.0,0.0,0.0,0.0,0.0,0.0,0.0,12.82,0.0,0.0,0.0,9.54,100,286.41,142
00674R,期元大S&P黃金反1,ETF,0.0,0.0,0.0,0.0,0.0,0.0,0.0,0.0,0.0,0.0,0.0,0.0,0.0,27.27,0.0,0.0,0.0,1.31,24,0.92,59
00675L,富邦臺灣加權正2,ETF,0.0,0.0,0.0,0.0,0.0,0.0,0.0,0.0,0.0,0.0,0.0,0.0,0.0,333.65,0.0,0.0,0.0,27.55,38,93.22,151
00676R,富邦臺灣加權反1,ETF,0.0,0.0,0.0,0.0,0.0,0.0,0.0,0.0,0.0,0.0,0.0,0.0,0.0,5.63,0.0,0.0,0.0,7.86,63,0.0,0
00678,群益那斯達克生技,ETF,0.0,0.0,0.0,0.0,0.0,0.0,0.0,0.0,0.0,0.0,0.0,0.0,0.0,36.13,0.0,0.0,0.0,12.7,56,48.68,179
00680L,元大美債20正2,ETF,0.0,0.0,0.0,0.0,0.0,0.0,0.0,0.0,0.0,0.0,0.0,0.0,0.0,6.84,0.0,0.0,0.0,23.11,100,15.47,142
00681R,元大美債20反1,ETF,0.0,0.0,0.0,0.0,0.0,0.0,0.0,0.0,0.0,0.0,0.0,0.0,0.0,21.11,0.0,0.0,0.0,1.06,164,0.33,2
00682U,期元大美元指數,ETF,0.0,0.0,0.0,0.0,0.0,0.0,0.0,0.0,0.0,0.0,0.0,0.0,0.0,20.35,0.0,0.0,0.0,3.07,176,2.13,171
00683L,期元大美元指正2,ETF,0.0,0.0,0.0,0.0,0.0,0.0,0.0,0.0,0.0,0.0,0.0,0.0,0.0,21.16,0.0,0.0,0.0,6.14,172,3.51,176
00684R,期元大美元指反1,ETF,0.0,0.0,0.0,0.0,0.0,0.0,0.0,0.0,0.0,0.0,0.0,0.0,0.0,15.23,0.0,0.0,0.0,3.38,114,2.03,30
00685L,群益臺灣加權正2,ETF,0.0,0.0,0.0,0.0,0.0,0.0,0.0,0.0,0.0,0.0,0.0,0.0,0.0,301.65,0.0,0.0,0.0,27.77,38,92.69,151
00686R,群益臺灣加權反1,ETF,0.0,0.0,0.0,0.0,0.0,0.0,0.0,0.0,0.0,0.0,0.0,0.0,0.0,1.01,0.0,0.0,0.0,7.26,63,0.0,0
00687C,國泰20年美債+櫃U,上櫃ETF,0.0,0.0,0.0,0.0,0.0,0.0,0.0,0.0,0.0,0.0,0.0,0.0,0.0,9.32,0.0,0.0,0.0,7.79,53,9.52,142
00688L,國泰20年美債正2,ETF,0.0,0.0,0.0,0.0,0.0,0.0,0.0,0.0,0.0,0.0,0.0,0.0,0.0,6.83,0.0,0.0,0.0,22.8,100,15.52,142
00689R,國泰20年美債反1,ETF,0.0,0.0,0.0,0.0,0.0,0.0,0.0,0.0,0.0,0.0,0.0,0.0,0.0,22.02,0.0,0.0,0.0,1.06,164,0.64,93
00690,兆豐藍籌30,ETF,0.0,0.0,0.0,0.0,0.0,0.0,0.0,0.0,0.0,0.0,0.0,0.0,0.0,81.05,0.0,0.0,0.0,16.08,38,40.47,151
00692,富邦公司治理,ETF,0.0,0.0,0.0,0.0,0.0,0.0,0.0,0.0,0.0,0.0,0.0,0.0,0.0,91.1,0.0,0.0,0.0,17.06,38,42.32,151
00693U,期街口S&P黃豆,ETF,0.0,0.0,0.0,0.0,0.0,0.0,0.0,0.0,0.0,0.0,0.0,0.0,0.0,22.0,0.0,0.0,0.0,0.38,4,12.51,169
00700,富邦恒生國企,ETF,0.0,0.0,0.0,0.0,0.0,0.0,0.0,0.0,0.0,0.0,0.0,0.0,0.0,16.88,0.0,0.0,0.0,35.86,126,21.1,122
00702,國泰標普低波高息,ETF,0.0,0.0,0.0,0.0,0.0,0.0,0.0,0.0,0.0,0.0,0.0,0.0,0.0,23.83,0.0,0.0,0.0,12.92,182,4.95,182
1463,強盛新,紡織纖維,0.14,1170751000.0,8362507142.857142,0.01,121515776.39420177,0.01,34.6,146.91,4.63,151.54,0.05,1.52,0.35,17.8,0.02,0.0,0.09,34.08,72,2.35,135
00926,凱基全球菁英55,ETF,0.0,0.0,0.0,0.0,0.0,0.0,0.0,0.0,0.0,0.0,0.0,0.0,0.0,25.25,0.0,0.0,0.0,11.34,183,23.31,183
1225,福懋油,食品工業,1.67,12252020000.0,7336538922.155689,0.75,12464694834.048298,1.7,34.64,77.21,16.66,93.87,28.32,159.58,58.89,29.7,1.98,0.95,5.37,94.9,102,20.55,2
1227,佳格,食品工業,1.32,28448173000.0,21551646212.121212,0.58,28958680341.484035,1.34,20.98,10.9,16.73,27.63,22.42,37.02,28.11,28.2,1.0,0.8,1.31,3.07,21,1.49,135
1229,聯華,食品工業,2.6,13281855000.0,5108405769.230769,0.9,12807424481.673565,2.51,20.48,12.39,14.73,27.12,36.97,68.07,51.4,40.4,1.27,0.92,1.68,6.87,35,13.26,133
1231,聯華食,食品工業,3.93,12960746000.0,3297899745.547074,1.72,13287100803.19908,4.03,29.42,23.41,19.25,42.66,77.58,171.92,118.55,86.0,1.38,0.9,2.0,21.36,57,14.5,66
1232,大統益,食品工業,8.25,21469837000.0,2602404484.848485,3.76,22866654981.75962,8.79,18.44,3.64,17.05,20.69,149.87,181.87,162.1,147.5,1.1,1.02,1.23,8.65,140,0.31,8
1233,天仁,食品工業,0.75,2174330000.0,2899106666.6666665,0.33,2216425202.0247545,0.76,36.04,14.02,29.58,43.6,22.48,33.14,27.39,27.8,0.99,0.81,1.19,0.73,35,1.73,183
1234,黑松,食品工業,2.0,9578941000.0,4789470500.0,0.76,9365915780.633919,1.96,17.59,5.4,15.59,20.99,30.56,41.14,34.47,34.55,1.0,0.88,1.19,5.48,17,2.68,25
1235,興泰,食品工業,0.16,176147000.0,1100918750.0,0.08,275655171.1609111,0.25,96.94,553.92,14.5,568.42,3.62,142.1,24.23,41.1,0.59,0.09,3.46,79.12,147,16.01,29
1236,宏亞,食品工業,-0.43,1881933000.0,0.0,0.0,1794823944.4085946,0.0,147.27,91.0,99.38,190.38,0.0,0.0,0.0,24.6,0.0,0.0,0.0,6.43,30,22.54,123
1240,茂生農經,農業科技業,5.02,2763166000.0,550431474.1035857,2.12,2790722642.437781,5.07,12.02,3.74,10.61,14.35,53.79,72.75,60.92,57.3,1.06,0.94,1.27,4.05,85,10.4,86
1256,鮮活果汁-KY,食品工業,11.18,3940213000.0,352434078.7119857,5.69,6266859934.681,17.78,15.91,8.86,12.03,20.89,213.89,371.42,282.83,209.5,1.35,1.02,1.77,0.0,0,61.06,101
1262,綠悅-KY,其他,0.0,0.0,0.0,0.0,0.0,0.0,7.85,0.0,7.85,7.85,0.0,0.0,0.0,0.0,0.0,0.0,0.0,0.0,0,0.0,0
1264,德麥,食品工業,20.47,6763586000.0,330414557.88959455,9.24,6956396362.557458,21.05,14.99,4.16,12.86,17.02,270.7,358.27,315.62,267.0,1.18,1.01,1.34,3.22,38,2.69,42
1294,漢田生技,食品工業,4.67,752425000.0,161118843.6830835,2.41,959535712.3623252,5.96,15.5,9.23,12.27,21.5,73.13,128.14,92.37,78.0,1.18,0.94,1.64,0.39,2,12.39,101
1295,生合,食品工業,5.32,794064000.0,149260150.37593985,2.85,1593041410.3941638,10.67,18.85,20.13,9.64,29.77,102.86,317.65,201.17,50.0,4.02,2.06,6.35,32.61,115,79.72,95
1301,台塑,塑膠工業,-1.57,177551951000.0,0.0,0.0,165975514744.28882,0.0,64.51,26.53,52.62,79.15,0.0,0.0,0.0,50.0,0.0,0.0,0.0,0.0,0,30.87,183
1303,南亞,塑膠工業,0.57,261237063000.0,458310636842.1053,0.26,275712889552.99207,0.6,80.67,129.93,34.98,164.91,20.99,98.95,48.4,107.5,0.45,0.2,0.92,0.0,0,134.18,183
1304,台聚,塑膠工業,-2.6,44923032000.0,0.0,0.0,41291685668.665726,0.0,0.0,0.0,0.0,0.0,0.0,0.0,0.0,13.0,0.0,0.0,0.0,11.43,45,31.44,183
1305,華夏,塑膠工業,-1.58,9311305000.0,0.0,0.0,10421146130.577154,0.0,88.47,96.21,49.17,145.38,0.0,0.0,0.0,12.85,0.0,0.0,0.0,6.18,45,22.82,81
1220,台榮,食品工業,0.08,3429604000.0,42870050000.0,0.03,3381299754.1890645,0.08,50.32,594.23,10.77,605.0,0.86,48.4,4.03,11.7,0.34,0.07,4.14,14.74,175,4.03,30
1307,三芳,塑膠工業,2.85,10823937000.0,3797872631.578947,1.25,11033784060.955065,2.91,11.72,9.57,8.3,17.87,24.15,52.0,34.12,32.5,1.05,0.74,1.6,47.6,157,3.18,31
1219,福壽,食品工業,0.45,14343570000.0,31874600000.0,0.19,14528994840.018793,0.46,29.87,34.07,18.89,52.96,8.69,24.36,13.74,12.7,1.08,0.68,1.92,1.32,23,0.0,0
1217,愛之味,食品工業,0.42,5053488000.0,12032114285.714287,0.16,5007813758.53591,0.42,34.47,62.28,17.01,79.29,7.14,33.3,14.48,9.82,1.47,0.73,3.39,8.61,32,1.83,73
020031,統一IC設計臺灣N,ETN,0.0,0.0,0.0,0.0,0.0,0.0,0.0,0.0,0.0,0.0,0.0,0.0,0.0,11.02,0.0,0.0,0.0,8.5,16,15.83,108
020032,元大綠能N,ETN,0.0,0.0,0.0,0.0,0.0,0.0,0.0,0.0,0.0,0.0,0.0,0.0,0.0,11.06,0.0,0.0,0.0,15.61,42,58.46,148
020033,統一恒生科期N,指數投資證券(ETN),0.0,0.0,0.0,0.0,0.0,0.0,0.0,0.0,0.0,0.0,0.0,0.0,0.0,3.97,0.0,0.0,0.0,38.18,126,31.48,122
020034,元大IC設計N,ETN,0.0,0.0,0.0,0.0,0.0,0.0,0.0,0.0,0.0,0.0,0.0,0.0,0.0,14.77,0.0,0.0,0.0,10.78,17,11.03,39
020035,元大上櫃ESG高息N,指數投資證券(ETN),0.0,0.0,0.0,0.0,0.0,0.0,0.0,0.0,0.0,0.0,0.0,0.0,0.0,0.0,0.0,0.0,0.0,0.0,0,45.23,122
020036,元大金融配息N,ETN,0.0,0.0,0.0,0.0,0.0,0.0,0.0,0.0,0.0,0.0,0.0,0.0,0.0,0.0,0.0,0.0,0.0,12.75,39,0.0,0
020037,元大金融高股息N,ETN,0.0,0.0,0.0,0.0,0.0,0.0,0.0,0.0,0.0,0.0,0.0,0.0,0.0,9.07,0.0,0.0,0.0,13.88,183,15.1,142
020038,元大ESG配息N,ETN,0.0,0.0,0.0,0.0,0.0,0.0,0.0,0.0,0.0,0.0,0.0,0.0,0.0,14.15,0.0,0.0,0.0,5.52,17,0.0,0
020039,元大加權N,ETN,0.0,0.0,0.0,0.0,0.0,0.0,0.0,0.0,0.0,0.0,0.0,0.0,0.0,14.45,0.0,0.0,0.0,13.73,38,39.72,151
020040,元大上櫃ESG龍頭N,指數投資證券(ETN),0.0,0.0,0.0,0.0,0.0,0.0,0.0,0.0,0.0,0.0,0.0,0.0,0.0,0.0,0.0,0.0,0.0,12.93,38,0.0,0
020041,兆豐半導體氣候N,指數投資證券(ETN),0.0,0.0,0.0,0.0,0.0,0.0,0.0,0.0,0.0,0.0,0.0,0.0,0.0,19.6,0.0,0.0,0.0,26.6,142,0.0,0
1101,台泥,水泥工業,-1.61,152985677000.0,0.0,0.0,142251537305.95587,0.0,26.2,17.85,18.11,35.96,0.0,0.0,0.0,24.55,0.0,0.0,0.0,5.91,50,0.0,0
1101B,台泥乙特,水泥工業,0.0,0.0,0.0,0.0,0.0,0.0,0.0,0.0,0.0,0.0,0.0,0.0,0.0,45.3,0.0,0.0,0.0,0.0,0,0.62,29
1102,亞泥,水泥工業,3.0,71952957000.0,23984319000.0,1.11,64123165678.74213,2.67,13.03,5.56,10.15,15.71,27.1,41.95,34.79,33.8,1.03,0.8,1.24,14.78,119,5.04,31
1103,嘉泥,水泥工業,0.84,3024675000.0,3600803571.4285717,0.33,2707057698.508065,0.75,105.69,609.17,15.83,625.0,11.87,468.75,79.27,13.3,5.96,0.89,35.24,0.54,32,2.72,4
1104,環泥,水泥工業,2.57,7898245000.0,3073247081.7120624,1.03,7411307327.462351,2.41,12.27,5.18,9.57,14.75,23.06,35.55,29.58,27.9,1.06,0.83,1.27,9.01,31,8.99,141
1108,幸福,水泥工業,2.17,4581368000.0,2111229493.0875576,0.79,3611247266.092312,1.71,10.26,8.39,6.32,14.71,10.81,25.15,17.55,13.8,1.27,0.78,1.82,0.59,31,2.98,77
1109,信大,水泥工業,1.03,4413154000.0,4284615533.980582,0.38,3904260622.440665,0.91,12.74,10.7,8.79,19.49,8.0,17.74,11.6,14.65,0.79,0.55,1.21,2.3,35,0.59,3
1110,東泥,水泥工業,0.35,2875841000.0,8216688571.428572,0.13,2400494516.29183,0.29,49.26,71.47,27.73,99.2,8.04,28.77,14.29,14.6,0.98,0.55,1.97,9.01,59,2.5,4
1201,味全,食品工業,0.4,22021377000.0,55053442500.0,0.15,20893407983.93748,0.38,25.13,18.49,17.16,35.65,6.52,13.55,9.55,12.3,0.78,0.53,1.1,0.0,0,1.86,31
1203,味王,食品工業,1.81,5788155000.0,3197875690.6077347,0.68,4803632170.632267,1.5,20.45,11.13,14.79,25.92,22.18,38.88,30.67,43.65,0.7,0.51,0.89,8.53,59,6.6,29
1210,大成,食品工業,4.32,102153533000.0,23646651157.407406,1.91,106446195220.46803,4.5,12.94,5.11,10.43,15.54,46.94,69.93,58.25,52.5,1.11,0.89,1.33,3.0,45,3.6,30
1213,大飲,食品工業,-0.86,293246000.0,0.0,0.0,334751237.21179724,0.0,1.35,0.83,1.06,1.89,0.0,0.0,0.0,8.5,0.0,0.0,0.0,86.71,71,2.34,15
1215,卜蜂,食品工業,10.4,28114836000.0,2703349615.3846154,4.53,29888233527.96926,11.06,14.71,3.99,12.8,16.79,141.57,185.7,162.73,121.5,1.34,1.17,1.53,7.55,17,31.53,137
1216,統一,食品工業,3.46,671991806000.0,194217284971.09827,1.47,691147405402.423,3.56,23.08,8.82,18.76,27.58,66.79,98.18,82.16,73.7,1.11,0.91,1.33,12.61,155,10.13,50
1218,泰山,食品工業,1.59,10013154000.0,6297581132.075471,0.69,10781455778.91044,1.71,18.91,66.43,11.07,77.5,18.93,132.52,32.33,19.3,1.68,0.98,6.87,0.0,0,5.91,14
020030,統一智慧電動車N,ETN,0.0,0.0,0.0,0.0,0.0,0.0,0.0,0.0,0.0,0.0,0.0,0.0,0.0,19.3,0.0,0.0,0.0,11.38,38,47.17,179
1308,亞聚,塑膠工業,-1.76,5804421000.0,0.0,0.0,5297031551.950221,0.0,0.0,0.0,0.0,0.0,0.0,0.0,0.0,13.65,0.0,0.0,0.0,9.84,45,25.97,183
1310,台苯,塑膠工業,-1.37,9135110000.0,0.0,0.0,7972818729.869874,0.0,0.0,0.0,0.0,0.0,0.0,0.0,0.0,8.33,0.0,0.0,0.0,9.13,44,24.0,78
1423,利華,紡織纖維,4.36,82713000.0,18970871.559633028,2.28,89725533.60120542,4.73,40.97,97.08,8.73,105.81,41.29,500.48,193.77,41.45,4.67,1.0,12.07,19.74,31,6.73,169
1434,福懋,紡織纖維,0.51,27741651000.0,54395394117.64706,0.22,25588817749.29944,0.47,42.14,97.73,16.74,114.47,7.87,53.8,19.81,15.55,1.27,0.51,3.46,0.0,0,7.28,46
1435,中福,其他,-0.41,5981000.0,0.0,0.0,5983400.080256822,0.0,0.0,0.0,0.0,0.0,0.0,0.0,0.0,12.85,0.0,0.0,0.0,1.42,77,0.0,0
1436,華友聯,建材營造,5.4,3875730000.0,717727777.7777777,0.36,2011461061.1357536,2.8,8.43,17.88,3.79,21.67,10.61,60.68,23.6,44.7,0.53,0.24,1.36,33.33,42,4.26,39
1437,勤益控,其他,2.41,937678000.0,389078008.29875517,0.77,829335863.1726758,2.13,12.91,12.45,8.86,21.31,18.87,45.39,27.49,28.4,0.97,0.66,1.6,8.52,15,3.39,183
1438,三地開發,建材營造,1.74,988580000.0,568149425.2873564,1.16,2707347338755.1865,4765.2,13.41,10.15,7.21,17.36,34357.09,82723.87,63894.27,20.0,3194.71,1717.85,4136.19,57.55,59,0.0,0
1440,南紡,紡織纖維,-0.15,14484020000.0,0.0,0.0,12121621397.021156,0.0,10.47,3.78,8.74,12.52,0.0,0.0,0.0,12.95,0.0,0.0,0.0,1.36,1,9.77,163
1441,大東,紡織纖維,-0.45,1516894000.0,0.0,0.0,1258449784.1682127,0.0,49.04,195.53,4.47,200.0,0.0,0.0,0.0,9.37,0.0,0.0,0.0,39.02,37,3.61,4
1442,名軒,建材營造,3.04,3244173000.0,1067162171.0526316,0.59,1103560275.8999455,1.03,9.13,7.4,6.27,13.67,6.46,14.08,9.4,26.8,0.35,0.24,0.53,33.72,183,13.42,9
1444,力麗,紡織纖維,-0.78,7296992000.0,0.0,0.0,7476705938.0594,0.0,67.61,104.18,24.57,128.75,0.0,0.0,0.0,6.74,0.0,0.0,0.0,3.94,46,0.0,0
1445,大宇,紡織纖維,-0.87,759419000.0,0.0,0.0,613006542.149323,0.0,2.42,1.12,1.97,3.09,0.0,0.0,0.0,11.6,0.0,0.0,0.0,1.73,14,7.87,100
1446,宏和,紡織纖維,1.62,1147559000.0,708369753.0864197,0.36,355355140.86131537,0.5,6.57,17.58,2.42,20.0,1.21,10.0,3.29,16.1,0.2,0.08,0.62,9.22,4,2.68,4
1447,力鵬,紡織纖維,-0.97,28850751000.0,0.0,0.0,30834662358.474655,0.0,128.22,26.4,117.0,143.4,0.0,0.0,0.0,6.33,0.0,0.0,0.0,13.59,37,1.82,11
1449,佳和,紡織纖維,0.13,2420960000.0,18622769230.76923,0.09,3757759510.2754045,0.2,38.59,135.02,14.07,149.09,2.81,29.82,7.72,14.05,0.55,0.2,2.12,45.48,162,5.75,45
1451,年興,紡織纖維,1.76,6154960000.0,3497136363.6363635,0.74,6850641554.638579,1.96,23.04,63.09,7.58,70.67,14.86,138.51,45.16,16.65,2.71,0.89,8.32,4.18,183,0.0,0
1452,宏益,紡織纖維,-0.41,1412669000.0,0.0,0.0,1274957108.4493182,0.0,25.09,19.77,17.73,37.5,0.0,0.0,0.0,10.55,0.0,0.0,0.0,1.47,4,15.38,91
1454,台富,紡織纖維,-1.12,1557640000.0,0.0,0.0,1202841539.926359,0.0,83.06,124.68,48.82,173.5,0.0,0.0,0.0,13.0,0.0,0.0,0.0,22.26,35,0.98,8
1455,集盛,紡織纖維,-0.98,6505126000.0,0.0,0.0,4631969442.728829,0.0,264.97,971.48,43.52,1015.0,0.0,0.0,0.0,9.02,0.0,0.0,0.0,7.91,4,1.84,99
1457,宜進,紡織纖維,1.17,3066311000.0,2620778632.4786325,0.44,2434520108.251184,0.93,15.94,34.17,5.95,40.12,5.53,37.31,14.82,14.0,1.06,0.4,2.66,0.9,4,2.01,2
1459,聯發,紡織纖維,0.81,1252518000.0,1546318518.5185184,0.26,843975010.1858208,0.55,30.1,93.91,7.45,101.36,4.1,55.75,16.55,11.55,1.43,0.35,4.83,0.9,45,6.09,66
1419,新紡,紡織纖維,4.12,4714640000.0,1144330097.0873785,2.13,5997736112.760974,5.24,18.09,23.17,4.71,27.88,24.68,146.09,94.77,66.0,1.44,0.37,2.21,2.18,31,7.25,175
1309,台達化,塑膠工業,-1.07,14998545000.0,0.0,0.0,11807573873.122526,0.0,0.0,0.0,0.0,0.0,0.0,0.0,0.0,16.2,0.0,0.0,0.0,38.66,119,11.16,183
1418,東華,紡織纖維,-1.28,6372000.0,0.0,0.0,1828930.5392041442,0.0,118.39,446.06,43.94,490.0,0.0,0.0,0.0,19.1,0.0,0.0,0.0,43.74,35,9.78,70
1416,廣豐,其他,0.8,357557000.0,446946250.0,0.4,440916849.21156144,0.99,17.19,13.05,12.23,25.28,12.11,25.03,17.01,11.25,1.51,1.08,2.22,5.7,126,0.79,7
1312,國喬,塑膠工業,-3.97,21781269000.0,0.0,0.0,27562123321.589355,0.0,0.0,0.0,0.0,0.0,0.0,0.0,0.0,12.05,0.0,0.0,0.0,8.39,45,15.71,183
1312A,國喬特,塑膠工業,0.0,0.0,0.0,0.0,0.0,0.0,0.0,0.0,0.0,0.0,0.0,0.0,0.0,21.2,0.0,0.0,0.0,2.49,130,0.0,0
1313,聯成,塑膠工業,-1.17,61645893000.0,0.0,0.0,58796496710.459816,0.0,0.0,0.0,0.0,0.0,0.0,0.0,0.0,10.95,0.0,0.0,0.0,0.0,0,42.86,183
1314,中石化,塑膠工業,-0.78,20109851000.0,0.0,0.0,13428623745.566843,0.0,78.77,198.75,21.25,220.0,0.0,0.0,0.0,7.1,0.0,0.0,0.0,8.37,31,43.59,157
1315,達新,塑膠工業,1.55,2308500000.0,1489354838.7096775,0.47,1821106722.6532526,1.22,48.28,80.59,18.66,99.25,22.77,121.08,58.9,62.3,0.95,0.37,1.94,0.69,79,2.28,2
1316,上曜,建材營造,-0.52,4057430000.0,0.0,0.0,10034770877.46665,0.0,0.0,0.0,0.0,0.0,0.0,0.0,0.0,10.35,0.0,0.0,0.0,18.09,59,13.45,147
1319,東陽,汽車工業,6.43,25247616000.0,3926534370.139969,2.48,20688828099.17711,5.27,15.33,8.2,11.45,19.65,60.34,103.56,80.77,87.5,0.92,0.69,1.18,6.49,15,0.38,1
1321,大洋,塑膠工業,-1.25,3649201000.0,0.0,0.0,3312307069.958994,0.0,447.18,1855.31,32.19,1887.5,0.0,0.0,0.0,28.5,0.0,0.0,0.0,13.21,77,4.26,74
1323,永裕,塑膠工業,0.25,2033764000.0,8135056000.0,0.11,2034385153.1678007,0.25,49.02,189.94,7.06,197.0,1.76,49.25,12.25,20.95,0.58,0.08,2.35,0.48,3,2.17,2
1324,地球,塑膠工業,-0.82,738507000.0,0.0,0.0,656484203.5353019,0.0,322.13,1140.8,29.2,1170.0,0.0,0.0,0.0,10.35,0.0,0.0,0.0,4.32,32,9.82,142
1325,恆大,塑膠工業,-0.7,293967000.0,0.0,0.0,223382110.4407828,0.0,209.07,269.98,67.24,337.22,0.0,0.0,0.0,26.8,0.0,0.0,0.0,27.29,23,0.61,1
1326,台化,塑膠工業,-0.99,292368349000.0,0.0,0.0,302556025844.77344,0.0,145.06,473.78,19.55,493.33,0.0,0.0,0.0,53.8,0.0,0.0,0.0,0.0,0,55.12,164
1336,台翰,電子零組件業,0.72,2526028000.0,3508372222.2222223,0.27,2252377992.2007976,0.64,13.48,28.48,8.14,36.62,5.21,23.44,8.62,13.55,0.64,0.38,1.73,41.29,112,8.18,31
1337,再生-KY,塑膠工業,-1.74,682900000.0,0.0,0.0,539714592.0054388,0.0,0.0,0.0,0.0,0.0,0.0,0.0,0.0,4.93,0.0,0.0,0.0,4.79,39,3.15,4
1338,廣華-KY,汽車工業,-2.24,5359361000.0,0.0,0.0,4972190250.541308,0.0,0.0,0.0,0.0,0.0,0.0,0.0,0.0,16.35,0.0,0.0,0.0,0.0,0,8.37,3
1339,昭輝,汽車工業,2.42,1708614000.0,706038842.9752066,0.95,1369770692.7812164,1.94,13.81,14.28,8.18,22.46,15.87,43.57,26.8,44.35,0.6,0.36,0.98,0.0,0,0.78,3
1340,勝悅-KY,塑膠工業,-2.61,180630000.0,0.0,0.0,30519601.863401473,0.0,0.0,0.0,0.0,0.0,0.0,0.0,0.0,5.47,0.0,0.0,0.0,19.12,35,21.92,114
1341,富林-KY,塑膠工業,3.71,2590239000.0,698177628.032345,1.7,2607662575.048368,3.73,14.31,5.23,11.51,16.74,42.93,62.44,53.36,62.0,0.86,0.69,1.01,1.99,11,1.51,4
1342,八貫,其他,5.61,2785153000.0,496462210.3386809,3.27,3477488654.4262443,7.0,15.14,7.45,11.43,18.88,80.01,132.16,106.01,92.8,1.14,0.86,1.42,4.85,2,0.88,9
1402,遠東新,紡織纖維,1.54,254998414000.0,165583385714.2857,0.65,252913926885.43344,1.53,18.43,10.7,13.66,24.36,20.9,37.27,28.19,25.05,1.13,0.83,1.49,13.7,120,5.28,31
1409,新纖,紡織纖維,1.19,40921487000.0,34387804201.68067,0.5,38115510090.00139,1.11,16.32,16.53,10.38,26.91,11.52,29.87,18.12,25.05,0.72,0.46,1.19,8.28,44,41.27,78
1410,南染,紡織纖維,0.59,195601000.0,331527118.6440678,0.26,187186308.45325705,0.56,91.76,111.1,45.42,156.52,25.44,87.65,51.39,25.9,1.98,0.98,3.38,4.3,71,0.88,4
1413,宏洲,紡織纖維,0.45,2159243000.0,4798317777.777778,0.17,1728143479.1913233,0.36,24.83,11.67,21.11,32.78,7.6,11.8,8.94,9.42,0.95,0.81,1.25,10.24,4,1.68,4
1414,東和,紡織纖維,0.19,468559000.0,2466100000.0,0.08,422904057.00151825,0.17,107.52,125.72,48.45,174.17,8.24,29.61,18.28,15.0,1.22,0.55,1.97,25.98,45,2.65,4
1417,嘉裕,紡織纖維,0.62,424832000.0,685212903.2258065,0.19,418715797.720578,0.61,15.69,5.49,13.87,19.36,8.46,11.81,9.57,8.2,1.17,1.03,1.44,2.19,35,12.44,175
00927,群益半導體收益,ETF,0.0,0.0,0.0,0.0,0.0,0.0,0.0,0.0,0.0,0.0,0.0,0.0,0.0,41.26,0.0,0.0,0.0,12.72,38,33.46,151
020029,元大ESG高股息N,ETN,0.0,0.0,0.0,0.0,0.0,0.0,0.0,0.0,0.0,0.0,0.0,0.0,0.0,18.39,0.0,0.0,0.0,4.97,17,8.26,108
020027,元大上櫃ESG成長N,指數投資證券(ETN),0.0,0.0,0.0,0.0,0.0,0.0,0.0,0.0,0.0,0.0,0.0,0.0,0.0,11.49,0.0,0.0,0.0,16.11,38,33.92,141
00960,野村全球航運龍頭,ETF,0.0,0.0,0.0,0.0,0.0,0.0,0.0,0.0,0.0,0.0,0.0,0.0,0.0,17.05,0.0,0.0,0.0,26.42,5,4.08,109
00961,FT臺灣永續高息,ETF,0.0,0.0,0.0,0.0,0.0,0.0,0.0,0.0,0.0,0.0,0.0,0.0,0.0,12.78,0.0,0.0,0.0,0.9,6,7.84,150
00962,台新AI優息動能,ETF,0.0,0.0,0.0,0.0,0.0,0.0,0.0,0.0,0.0,0.0,0.0,0.0,0.0,15.77,0.0,0.0,0.0,2.2,77,30.58,151
00963,中信全球高股息,ETF,0.0,0.0,0.0,0.0,0.0,0.0,0.0,0.0,0.0,0.0,0.0,0.0,0.0,12.65,0.0,0.0,0.0,10.92,126,12.63,182
00964,中信亞太高股息,ETF,0.0,0.0,0.0,0.0,0.0,0.0,0.0,0.0,0.0,0.0,0.0,0.0,0.0,14.62,0.0,0.0,0.0,3.8,130,22.86,164
00965,元大航太防衛科技,ETF,0.0,0.0,0.0,0.0,0.0,0.0,0.0,0.0,0.0,0.0,0.0,0.0,0.0,25.6,0.0,0.0,0.0,23.64,181,30.88,154
00971,野村美國研發龍頭,ETF,0.0,0.0,0.0,0.0,0.0,0.0,0.0,0.0,0.0,0.0,0.0,0.0,0.0,17.14,0.0,0.0,0.0,2.54,40,27.19,150
00972,野村日本動能高息,ETF,0.0,0.0,0.0,0.0,0.0,0.0,0.0,0.0,0.0,0.0,0.0,0.0,0.0,18.96,0.0,0.0,0.0,11.48,70,16.55,183
009800,中信NASDAQ,ETF,0.0,0.0,0.0,0.0,0.0,0.0,0.0,0.0,0.0,0.0,0.0,0.0,0.0,13.26,0.0,0.0,0.0,2.4,7,25.93,150
009801,中信美國創新科技,ETF,0.0,0.0,0.0,0.0,0.0,0.0,0.0,0.0,0.0,0.0,0.0,0.0,0.0,12.62,0.0,0.0,0.0,2.3,170,30.87,150
009802,富邦旗艦50,ETF,0.0,0.0,0.0,0.0,0.0,0.0,0.0,0.0,0.0,0.0,0.0,0.0,0.0,20.64,0.0,0.0,0.0,8.98,175,22.1,149
009803,玉山市值動能50,ETF,0.0,0.0,0.0,0.0,0.0,0.0,0.0,0.0,0.0,0.0,0.0,0.0,0.0,22.11,0.0,0.0,0.0,19.15,183,37.7,150
009804,聯邦台精彩50,ETF,0.0,0.0,0.0,0.0,0.0,0.0,0.0,0.0,0.0,0.0,0.0,0.0,0.0,23.75,0.0,0.0,0.0,40.06,183,35.07,151
009805,新光美國電力基建,ETF,0.0,0.0,0.0,0.0,0.0,0.0,0.0,0.0,0.0,0.0,0.0,0.0,0.0,16.47,0.0,0.0,0.0,30.77,174,29.59,154
009806,台新標普500,上櫃ETF,0.0,0.0,0.0,0.0,0.0,0.0,0.0,0.0,0.0,0.0,0.0,0.0,0.0,13.26,0.0,0.0,0.0,19.04,184,19.36,183
009807,台新標普科技精選,上櫃ETF,0.0,0.0,0.0,0.0,0.0,0.0,0.0,0.0,0.0,0.0,0.0,0.0,0.0,17.07,0.0,0.0,0.0,34.33,156,34.73,151
009808,華南永昌優選50,ETF,0.0,0.0,0.0,0.0,0.0,0.0,0.0,0.0,0.0,0.0,0.0,0.0,0.0,30.94,0.0,0.0,0.0,33.51,168,37.46,151
009809,富邦淨零ESG50,ETF,0.0,0.0,0.0,0.0,0.0,0.0,0.0,0.0,0.0,0.0,0.0,0.0,0.0,17.33,0.0,0.0,0.0,32.93,182,32.93,182
00980A,主動野村臺灣優選,ETF,0.0,0.0,0.0,0.0,0.0,0.0,0.0,0.0,0.0,0.0,0.0,0.0,0.0,24.9,0.0,0.0,0.0,50.91,182,42.15,154
00956,中信日經高股息,ETF,0.0,0.0,0.0,0.0,0.0,0.0,0.0,0.0,0.0,0.0,0.0,0.0,0.0,12.19,0.0,0.0,0.0,2.32,14,16.13,183
00954,中信日本半導體,ETF,0.0,0.0,0.0,0.0,0.0,0.0,0.0,0.0,0.0,0.0,0.0,0.0,0.0,18.11,0.0,0.0,0.0,0.0,0,68.5,154
00929,復華台灣科技優息,ETF,0.0,0.0,0.0,0.0,0.0,0.0,0.0,0.0,0.0,0.0,0.0,0.0,0.0,30.8,0.0,0.0,0.0,3.96,16,12.02,149
00930,永豐ESG低碳高息,ETF,0.0,0.0,0.0,0.0,0.0,0.0,0.0,0.0,0.0,0.0,0.0,0.0,0.0,25.2,0.0,0.0,0.0,4.75,17,7.3,147
00932,兆豐永續高息等權,ETF,0.0,0.0,0.0,0.0,0.0,0.0,0.0,0.0,0.0,0.0,0.0,0.0,0.0,17.25,0.0,0.0,0.0,3.32,38,6.58,112
00934,中信成長高股息,ETF,0.0,0.0,0.0,0.0,0.0,0.0,0.0,0.0,0.0,0.0,0.0,0.0,0.0,28.19,0.0,0.0,0.0,8.14,38,20.98,150
00935,野村臺灣新科技50,ETF,0.0,0.0,0.0,0.0,0.0,0.0,0.0,0.0,0.0,0.0,0.0,0.0,0.0,62.4,0.0,0.0,0.0,17.62,38,49.13,151
00936,台新永續高息中小,ETF,0.0,0.0,0.0,0.0,0.0,0.0,0.0,0.0,0.0,0.0,0.0,0.0,0.0,21.37,0.0,0.0,0.0,8.64,14,12.18,154
00938,凱基優選30,ETF,0.0,0.0,0.0,0.0,0.0,0.0,0.0,0.0,0.0,0.0,0.0,0.0,0.0,22.23,0.0,0.0,0.0,0.0,0,22.75,147
00939,統一台灣高息動能,ETF,0.0,0.0,0.0,0.0,0.0,0.0,0.0,0.0,0.0,0.0,0.0,0.0,0.0,20.5,0.0,0.0,0.0,2.59,17,6.81,151
00940,元大台灣價值高息,ETF,0.0,0.0,0.0,0.0,0.0,0.0,0.0,0.0,0.0,0.0,0.0,0.0,0.0,12.27,0.0,0.0,0.0,5.27,17,9.28,150
00941,中信上游半導體,ETF,0.0,0.0,0.0,0.0,0.0,0.0,0.0,0.0,0.0,0.0,0.0,0.0,0.0,25.35,0.0,0.0,0.0,7.44,38,36.05,164
00943,兆豐電子高息等權,ETF,0.0,0.0,0.0,0.0,0.0,0.0,0.0,0.0,0.0,0.0,0.0,0.0,0.0,22.42,0.0,0.0,0.0,3.32,32,14.33,147
00944,野村趨勢動能高息,ETF,0.0,0.0,0.0,0.0,0.0,0.0,0.0,0.0,0.0,0.0,0.0,0.0,0.0,20.6,0.0,0.0,0.0,5.12,32,4.61,112
00945B,凱基美國非投等債,ETF,0.0,0.0,0.0,0.0,0.0,0.0,0.0,0.0,0.0,0.0,0.0,0.0,0.0,14.36,0.0,0.0,0.0,3.33,183,6.15,182
00946,群益科技高息成長,ETF,0.0,0.0,0.0,0.0,0.0,0.0,0.0,0.0,0.0,0.0,0.0,0.0,0.0,15.32,0.0,0.0,0.0,5.72,16,22.35,151
00947,台新臺灣IC設計,ETF,0.0,0.0,0.0,0.0,0.0,0.0,0.0,0.0,0.0,0.0,0.0,0.0,0.0,40.1,0.0,0.0,0.0,7.19,8,42.79,161
00949,復華日本龍頭,ETF,0.0,0.0,0.0,0.0,0.0,0.0,0.0,0.0,0.0,0.0,0.0,0.0,0.0,20.61,0.0,0.0,0.0,6.45,16,17.19,164
00951,台新日本半導體,ETF,0.0,0.0,0.0,0.0,0.0,0.0,0.0,0.0,0.0,0.0,0.0,0.0,0.0,16.97,0.0,0.0,0.0,7.52,6,66.25,155
00952,凱基台灣AI50,ETF,0.0,0.0,0.0,0.0,0.0,0.0,0.0,0.0,0.0,0.0,0.0,0.0,0.0,19.71,0.0,0.0,0.0,4.12,92,33.96,154
00953B,群益優選非投等債,ETF,0.0,0.0,0.0,0.0,0.0,0.0,0.0,0.0,0.0,0.0,0.0,0.0,0.0,9.58,0.0,0.0,0.0,4.61,166,5.06,183
020028,元大特選電動車N,ETN,0.0,0.0,0.0,0.0,0.0,0.0,0.0,0.0,0.0,0.0,0.0,0.0,0.0,21.94,0.0,0.0,0.0,12.69,38,65.87,149
00980B,台新特選IG債10+,上櫃ETF,0.0,0.0,0.0,0.0,0.0,0.0,0.0,0.0,0.0,0.0,0.0,0.0,0.0,9.45,0.0,0.0,0.0,3.82,41,9.45,142
00980T,平衡凱基美國TOP,上櫃ETF,0.0,0.0,0.0,0.0,0.0,0.0,0.0,0.0,0.0,0.0,0.0,0.0,0.0,11.81,0.0,0.0,0.0,10.6,76,10.6,76
00986B,FT金融債10+,上櫃ETF,0.0,0.0,0.0,0.0,0.0,0.0,0.0,0.0,0.0,0.0,0.0,0.0,0.0,9.9,0.0,0.0,0.0,2.59,64,2.59,64
00986D,主動復華金融債息,上櫃ETF,0.0,0.0,0.0,0.0,0.0,0.0,0.0,0.0,0.0,0.0,0.0,0.0,0.0,14.71,0.0,0.0,0.0,0.0,0,0.0,0
00987A,主動台新優勢成長,ETF,0.0,0.0,0.0,0.0,0.0,0.0,0.0,0.0,0.0,0.0,0.0,0.0,0.0,18.16,0.0,0.0,0.0,81.06,153,81.06,153
00987B,野村10+澳洲公債,上櫃ETF,0.0,0.0,0.0,0.0,0.0,0.0,0.0,0.0,0.0,0.0,0.0,0.0,0.0,16.01,0.0,0.0,0.0,6.19,39,6.19,39
00988A,主動統一全球創新,ETF,0.0,0.0,0.0,0.0,0.0,0.0,0.0,0.0,0.0,0.0,0.0,0.0,0.0,21.99,0.0,0.0,0.0,76.64,180,76.64,180
00988B,玉山嚴選非投債,上櫃ETF,0.0,0.0,0.0,0.0,0.0,0.0,0.0,0.0,0.0,0.0,0.0,0.0,0.0,19.72,0.0,0.0,0.0,0.65,16,0.65,16
00989A,主動摩根美國科技,ETF,0.0,0.0,0.0,0.0,0.0,0.0,0.0,0.0,0.0,0.0,0.0,0.0,0.0,18.22,0.0,0.0,0.0,5.53,6,5.53,6
00989B,台新美國非投等債,上櫃ETF,0.0,0.0,0.0,0.0,0.0,0.0,0.0,0.0,0.0,0.0,0.0,0.0,0.0,9.99,0.0,0.0,0.0,1.11,15,1.11,15
00990A,主動元大AI新經濟,ETF,0.0,0.0,0.0,0.0,0.0,0.0,0.0,0.0,0.0,0.0,0.0,0.0,0.0,20.2,0.0,0.0,0.0,101.2,161,101.2,161
00991A,主動復華未來50,ETF,0.0,0.0,0.0,0.0,0.0,0.0,0.0,0.0,0.0,0.0,0.0,0.0,0.0,19.95,0.0,0.0,0.0,106.52,165,106.52,165
00992A,主動群益科技創新,ETF,0.0,0.0,0.0,0.0,0.0,0.0,0.0,0.0,0.0,0.0,0.0,0.0,0.0,18.57,0.0,0.0,0.0,82.27,147,82.27,147
00993A,主動安聯台灣,ETF,0.0,0.0,0.0,0.0,0.0,0.0,0.0,0.0,0.0,0.0,0.0,0.0,0.0,13.86,0.0,0.0,0.0,40.85,113,40.85,113
00994A,主動第一金台股優,ETF,0.0,0.0,0.0,0.0,0.0,0.0,0.0,0.0,0.0,0.0,0.0,0.0,0.0,18.65,0.0,0.0,0.0,87.77,140,87.77,140
00995A,主動中信台灣卓越,ETF,0.0,0.0,0.0,0.0,0.0,0.0,0.0,0.0,0.0,0.0,0.0,0.0,0.0,18.26,0.0,0.0,0.0,80.04,125,80.04,125
00996A,主動兆豐台灣豐收,ETF,0.0,0.0,0.0,0.0,0.0,0.0,0.0,0.0,0.0,0.0,0.0,0.0,0.0,15.72,0.0,0.0,0.0,50.86,68,50.86,68
00997A,主動群益美國增長,ETF,0.0,0.0,0.0,0.0,0.0,0.0,0.0,0.0,0.0,0.0,0.0,0.0,0.0,13.31,0.0,0.0,0.0,24.98,48,24.98,48
00998A,主動復華金融股息,上櫃ETF,0.0,0.0,0.0,0.0,0.0,0.0,0.0,0.0,0.0,0.0,0.0,0.0,0.0,16.03,0.0,0.0,0.0,0.81,42,0.81,42
00999A,主動野村臺灣高息,ETF,0.0,0.0,0.0,0.0,0.0,0.0,0.0,0.0,0.0,0.0,0.0,0.0,0.0,11.16,0.0,0.0,0.0,9.63,27,9.63,27
020000,富邦特選蘋果N,ETN,0.0,0.0,0.0,0.0,0.0,0.0,0.0,0.0,0.0,0.0,0.0,0.0,0.0,34.72,0.0,0.0,0.0,0.0,0,0.0,0
020001,富邦存股雙十N,指數投資證券(ETN),0.0,0.0,0.0,0.0,0.0,0.0,0.0,0.0,0.0,0.0,0.0,0.0,0.0,0.0,0.0,0.0,0.0,0.0,0,0.0,0
020011,統一微波高息20N,ETN,0.0,0.0,0.0,0.0,0.0,0.0,0.0,0.0,0.0,0.0,0.0,0.0,0.0,0.0,0.0,0.0,0.0,0.0,0,0.0,0
020012,富邦行動通訊N,ETN,0.0,0.0,0.0,0.0,0.0,0.0,0.0,0.0,0.0,0.0,0.0,0.0,0.0,0.0,0.0,0.0,0.0,4.27,175,0.0,0
02001L,富邦蘋果正二N,ETN,0.0,0.0,0.0,0.0,0.0,0.0,0.0,0.0,0.0,0.0,0.0,0.0,0.0,179.35,0.0,0.0,0.0,43.56,38,179.03,149
020020,元大台股領航N,ETN,0.0,0.0,0.0,0.0,0.0,0.0,0.0,0.0,0.0,0.0,0.0,0.0,0.0,28.99,0.0,0.0,0.0,18.1,38,39.54,149
020025,統一亞洲半導體N,指數投資證券(ETN),0.0,0.0,0.0,0.0,0.0,0.0,0.0,0.0,0.0,0.0,0.0,0.0,0.0,41.8,0.0,0.0,0.0,17.54,38,0.0,0
00986A,主動台新龍頭成長,ETF,0.0,0.0,0.0,0.0,0.0,0.0,0.0,0.0,0.0,0.0,0.0,0.0,0.0,15.21,0.0,0.0,0.0,23.01,183,23.01,183
00980D,主動聯博投等入息,上櫃ETF,0.0,0.0,0.0,0.0,0.0,0.0,0.0,0.0,0.0,0.0,0.0,0.0,0.0,20.31,0.0,0.0,0.0,4.57,164,4.57,164
00985D,主動貝萊德優投等,上櫃ETF,0.0,0.0,0.0,0.0,0.0,0.0,0.0,0.0,0.0,0.0,0.0,0.0,0.0,10.13,0.0,0.0,0.0,1.69,11,1.69,11
00985A,主動野村台灣50,ETF,0.0,0.0,0.0,0.0,0.0,0.0,0.0,0.0,0.0,0.0,0.0,0.0,0.0,22.42,0.0,0.0,0.0,45.87,183,45.87,183
009810,玉山全球藍籌100,ETF,0.0,0.0,0.0,0.0,0.0,0.0,0.0,0.0,0.0,0.0,0.0,0.0,0.0,20.89,0.0,0.0,0.0,25.76,181,25.76,181
009811,統一美國50,ETF,0.0,0.0,0.0,0.0,0.0,0.0,0.0,0.0,0.0,0.0,0.0,0.0,0.0,13.11,0.0,0.0,0.0,16.23,168,16.23,168
009812,野村日本東證,ETF,0.0,0.0,0.0,0.0,0.0,0.0,0.0,0.0,0.0,0.0,0.0,0.0,0.0,12.07,0.0,0.0,0.0,24.72,146,24.72,146
009813,貝萊德標普卓越50,ETF,0.0,0.0,0.0,0.0,0.0,0.0,0.0,0.0,0.0,0.0,0.0,0.0,0.0,11.44,0.0,0.0,0.0,6.57,85,6.57,85
009814,富邦標普500,上櫃ETF,0.0,0.0,0.0,0.0,0.0,0.0,0.0,0.0,0.0,0.0,0.0,0.0,0.0,11.1,0.0,0.0,0.0,11.22,164,11.22,164
009815,大華美國MAG7+,上櫃ETF,0.0,0.0,0.0,0.0,0.0,0.0,0.0,0.0,0.0,0.0,0.0,0.0,0.0,11.68,0.0,0.0,0.0,14.96,126,14.96,126
009816,凱基台灣TOP50,ETF,0.0,0.0,0.0,0.0,0.0,0.0,0.0,0.0,0.0,0.0,0.0,0.0,0.0,15.4,0.0,0.0,0.0,49.95,118,49.95,118
009817,國泰日本不動產,ETF,0.0,0.0,0.0,0.0,0.0,0.0,0.0,0.0,0.0,0.0,0.0,0.0,0.0,8.77,0.0,0.0,0.0,2.11,5,2.11,5
009818,華南永昌NASDAQxT,ETF,0.0,0.0,0.0,0.0,0.0,0.0,0.0,0.0,0.0,0.0,0.0,0.0,0.0,20.04,0.0,0.0,0.0,34.86,70,34.86,70
009819,中信數據及電力,ETF,0.0,0.0,0.0,0.0,0.0,0.0,0.0,0.0,0.0,0.0,0.0,0.0,0.0,10.79,0.0,0.0,0.0,0.0,0,0.0,0
00981A,主動統一台股增長,ETF,0.0,0.0,0.0,0.0,0.0,0.0,0.0,0.0,0.0,0.0,0.0,0.0,0.0,31.7,0.0,0.0,0.0,61.27,184,63.44,179
00981B,第一金優選非投債,上櫃ETF,0.0,0.0,0.0,0.0,0.0,0.0,0.0,0.0,0.0,0.0,0.0,0.0,0.0,9.11,0.0,0.0,0.0,0.5,16,3.33,183
00981D,主動中信非投等債,上櫃ETF,0.0,0.0,0.0,0.0,0.0,0.0,0.0,0.0,0.0,0.0,0.0,0.0,0.0,10.27,0.0,0.0,0.0,6.6,78,6.6,78
00981T,平衡凱基雙核收息,ETF,0.0,0.0,0.0,0.0,0.0,0.0,0.0,0.0,0.0,0.0,0.0,0.0,0.0,12.12,0.0,0.0,0.0,15.52,154,15.52,154
009820,元大納斯達克精選,ETF,0.0,0.0,0.0,0.0,0.0,0.0,0.0,0.0,0.0,0.0,0.0,0.0,0.0,10.69,0.0,0.0,0.0,7.01,39,7.01,39
00982A,主動群益台灣強棒,ETF,0.0,0.0,0.0,0.0,0.0,0.0,0.0,0.0,0.0,0.0,0.0,0.0,0.0,24.35,0.0,0.0,0.0,46.93,165,49.9,154
00982B,FT投資級債20+,上櫃ETF,0.0,0.0,0.0,0.0,0.0,0.0,0.0,0.0,0.0,0.0,0.0,0.0,0.0,9.86,0.0,0.0,0.0,1.09,183,10.68,148
00982D,主動富邦動態入息,ETF,0.0,0.0,0.0,0.0,0.0,0.0,0.0,0.0,0.0,0.0,0.0,0.0,0.0,9.91,0.0,0.0,0.0,2.29,133,2.29,133
00982T,平衡兆豐台美動能,ETF,0.0,0.0,0.0,0.0,0.0,0.0,0.0,0.0,0.0,0.0,0.0,0.0,0.0,15.79,0.0,0.0,0.0,56.8,157,56.8,157
00983A,主動中信ARK創新,ETF,0.0,0.0,0.0,0.0,0.0,0.0,0.0,0.0,0.0,0.0,0.0,0.0,0.0,12.28,0.0,0.0,0.0,33.07,113,33.07,113
00983B,大華優利美公債20,上櫃ETF,0.0,0.0,0.0,0.0,0.0,0.0,0.0,0.0,0.0,0.0,0.0,0.0,0.0,15.53,0.0,0.0,0.0,9.77,163,12.24,178
00983D,主動富邦複合收益,ETF,0.0,0.0,0.0,0.0,0.0,0.0,0.0,0.0,0.0,0.0,0.0,0.0,0.0,10.06,0.0,0.0,0.0,3.18,93,3.18,93
00984A,主動安聯台灣高息,ETF,0.0,0.0,0.0,0.0,0.0,0.0,0.0,0.0,0.0,0.0,0.0,0.0,0.0,16.5,0.0,0.0,0.0,18.78,184,18.78,184
00984B,大華優利美A債15,上櫃ETF,0.0,0.0,0.0,0.0,0.0,0.0,0.0,0.0,0.0,0.0,0.0,0.0,0.0,16.38,0.0,0.0,0.0,12.68,163,14.49,178
00984D,主動聯博全球非投,ETF,0.0,0.0,0.0,0.0,0.0,0.0,0.0,0.0,0.0,0.0,0.0,0.0,0.0,10.1,0.0,0.0,0.0,1.5,85,1.5,85
00985B,群益ESG投等債0-5,ETF,0.0,0.0,0.0,0.0,0.0,0.0,0.0,0.0,0.0,0.0,0.0,0.0,0.0,10.15,0.0,0.0,0.0,4.84,144,4.84,144
2454,聯發科,半導體業,66.17,586383033000.0,8861765649.085688,27.89,594569928221.9196,67.09,23.12,56.73,17.21,73.94,1154.62,4960.63,1551.14,4555.0,0.34,0.25,1.09,18.11,17,21.83,106
2455,全新,通信網路業,2.96,3309773000.0,1118166554.054054,1.43,4149858283.6055584,3.71,52.5,116.84,23.22,140.06,86.15,519.62,194.77,415.5,0.47,0.21,1.25,37.32,38,71.79,112
3625,西勝,電腦及週邊設備業,-0.6,399491000.0,0.0,0.0,402068081.85612833,0.0,0.0,0.0,0.0,0.0,0.0,0.0,0.0,15.5,0.0,0.0,0.0,50.0,183,159.4,143
3628,盈正,其他電子類,4.02,3385021000.0,842045024.875622,1.68,3666189421.3142753,4.35,22.6,21.35,14.57,35.92,63.38,156.25,98.33,69.2,1.42,0.92,2.26,13.88,29,145.98,154
3630,新鉅科,光電業,1.8,2218172000.0,1232317777.7777777,0.87,2659746813.6607027,2.16,21.75,25.13,11.92,37.05,25.75,80.03,46.98,26.5,1.77,0.97,3.02,9.36,39,79.65,101
3631,晟楠,電子零組件業,-0.7,71805000.0,0.0,0.0,17159395.05867383,0.0,0.0,0.0,0.0,0.0,0.0,0.0,0.0,36.4,0.0,0.0,0.0,26.45,92,6.81,129
3632,研勤,通信網路業,-0.38,268980000.0,0.0,0.0,262324488.73091528,0.0,150.29,19.0,139.5,158.5,0.0,0.0,0.0,7.94,0.0,0.0,0.0,2.92,35,0.0,0
3645,達邁,電子工業,1.54,2380724000.0,1545924675.3246753,0.65,2466911732.968302,1.6,49.59,62.22,23.74,85.96,37.98,137.54,79.34,107.0,0.74,0.35,1.29,40.26,81,39.3,93
3646,艾恩特,電子零組件業,0.56,666283000.0,1189791071.4285712,0.24,693243468.6277053,0.58,30.23,134.07,17.18,151.25,9.96,87.72,17.53,23.6,0.74,0.42,3.72,5.0,44,1.2,8
3652,精聯,電子工業,1.34,2479109000.0,1850081343.283582,0.59,2720222058.1530867,1.47,34.56,64.84,17.97,82.81,26.42,121.73,50.8,36.4,1.4,0.73,3.34,58.88,80,19.53,46
3653,健策,電子工業,36.76,20056537000.0,545607644.1784549,17.39,23134501676.099808,42.4,71.0,119.89,31.53,151.42,1336.87,6420.21,3010.39,3840.0,0.78,0.35,1.67,55.17,161,120.08,179
3661,世芯-KY,半導體業,69.19,34151314000.0,493587425.9286024,15.6,14511991293.420017,29.4,43.65,54.44,24.34,78.78,715.6,2316.13,1283.33,4855.0,0.26,0.15,0.48,1.91,42,58.27,74
3663,鑫科,其他電子類,-0.08,5546540000.0,0.0,0.0,9593201917.640152,0.0,243.07,855.33,61.67,917.0,0.0,0.0,0.0,89.5,0.0,0.0,0.0,140.48,78,30.81,52
3664,安瑞-KY,通信網路業,-6.04,903104000.0,0.0,0.0,573444783.6293607,0.0,1209.94,2869.5,150.5,3020.0,0.0,0.0,0.0,7.8,0.0,0.0,0.0,8.88,32,11.0,95
3665,貿聯-KY,其他電子業,46.62,69203806000.0,1484423123.1231232,23.5,88854747362.53722,59.86,32.65,47.47,16.19,63.66,969.13,3810.69,1954.41,2120.0,0.92,0.46,1.8,142.96,183,163.32,171
3666,光耀,光電業,-3.46,494144000.0,0.0,0.0,320997028.40562713,0.0,0.0,0.0,0.0,0.0,0.0,0.0,0.0,27.2,0.0,0.0,0.0,13.73,23,8.51,182
3672,康聯訊,通信網路業,-2.28,245875000.0,0.0,0.0,181853189.933024,0.0,0.0,0.0,0.0,0.0,0.0,0.0,0.0,11.2,0.0,0.0,0.0,10.06,147,5.1,1
3624,光頡,電子零組件業,1.86,2636913000.0,1417695161.2903225,0.87,3133089762.2058835,2.21,25.73,42.36,12.23,54.59,27.03,120.64,56.86,113.0,0.5,0.24,1.07,11.91,22,65.2,175
3673,TPK-KY,光電業,2.72,62851973000.0,23107343014.70588,1.3,74012486775.7884,3.2,31.16,81.99,16.01,98.0,51.23,313.6,99.7,89.5,1.11,0.57,3.5,40.92,43,40.2,164
3623,富晶通,光電業,-0.16,287229000.0,0.0,0.0,310692763.6214315,0.0,60.86,6.19,57.76,63.95,0.0,0.0,0.0,23.25,0.0,0.0,0.0,13.97,100,49.05,77
3622,洋華,光電業,6.09,1673510000.0,274796387.52052546,2.31,1860103469.8768206,6.77,11.85,10.48,8.55,19.03,57.88,128.83,80.23,58.4,1.37,0.99,2.21,42.54,14,38.78,168
3587,閎康,其他電子類,6.09,5497073000.0,902639244.6633826,2.73,6357509796.7484865,7.04,27.46,47.11,13.38,60.49,94.2,425.85,193.3,323.5,0.6,0.29,1.32,8.41,32,53.33,141
3588,通嘉,半導體業,0.51,1334330000.0,2616333333.3333335,0.25,1532797325.4846392,0.59,56.11,116.83,21.54,138.37,12.71,81.64,33.11,63.6,0.52,0.2,1.28,7.34,17,21.91,107
3591,艾笛森,光電業,-0.34,2361396000.0,0.0,0.0,2265635200.826387,0.0,76.39,288.2,16.8,305.0,0.0,0.0,0.0,25.85,0.0,0.0,0.0,24.51,31,0.77,2
3592,瑞鼎,半導體業,18.23,22500591000.0,1234261711.4646187,7.72,22005691606.515743,17.83,13.26,7.8,10.01,17.81,178.48,317.55,236.38,285.0,0.83,0.63,1.11,1.66,17,8.85,10
3593,力銘,電子工業,-0.9,1092576000.0,0.0,0.0,655927195.72078,0.0,0.0,0.0,0.0,0.0,0.0,0.0,0.0,16.85,0.0,0.0,0.0,95.05,38,4.58,9
3594,磐儀,電腦及週邊設備業,0.5,2048586000.0,4097172000.0,0.21,2505635885.93772,0.61,66.24,106.99,26.54,133.53,16.19,81.45,40.41,51.1,0.79,0.32,1.59,9.63,39,9.93,74
3596,智易,通信網路業,12.6,52775725000.0,4188549603.1746035,5.14,53606907366.01045,12.8,15.77,10.26,11.28,21.54,144.38,275.71,201.85,193.5,1.04,0.75,1.42,9.64,164,23.51,85
3597,映興,電子零組件業,0.34,865831000.0,2546561764.705882,0.14,887251160.0082084,0.35,59.74,135.55,17.58,153.13,6.15,53.6,20.91,27.5,0.76,0.22,1.95,104.79,176,38.63,71
3605,宏致,電子工業,4.35,10859165000.0,2496359770.1149426,1.95,11844361531.439898,4.74,118.52,757.76,13.49,771.25,63.94,3655.73,561.79,79.2,7.09,0.81,46.16,21.94,142,63.04,98
3607,谷崧,電子工業,0.02,2861541000.0,143077050000.0,0.01,2660085177.8720846,0.02,166.98,749.17,25.83,775.0,0.52,15.5,3.34,16.2,0.21,0.03,0.96,28.3,105,9.25,24
3609,三一東林,電子零組件業,6.42,667338000.0,103946728.97196262,1.39,478186494.2304825,4.6,5.52,4.98,3.3,8.28,15.18,38.09,25.41,29.5,0.86,0.51,1.29,1.61,10,30.46,28
3611,鼎翰,電腦及週邊設備業,19.63,11503912000.0,586037289.8624555,8.16,11349970685.962715,19.37,12.58,5.93,9.18,15.11,177.82,292.68,243.74,192.0,1.27,0.93,1.52,4.9,29,14.32,179
3615,安可,光電業,0.82,946237000.0,1153947560.9756098,0.28,737757259.4540857,0.64,73.25,140.27,29.28,169.55,18.74,108.51,46.88,50.7,0.92,0.37,2.14,51.41,141,23.45,91
3617,碩天,其他電子業,14.48,11943958000.0,824858977.9005525,5.92,11946969407.269606,14.48,13.15,10.29,8.8,19.09,127.42,276.42,190.47,212.0,0.9,0.6,1.3,31.14,182,15.31,42
3583,辛耘,電子工業,13.82,11181723000.0,809097178.0028943,6.29,12656657159.9475,15.64,34.81,47.77,17.72,65.49,277.14,1024.26,544.35,867.0,0.63,0.32,1.18,49.26,127,55.37,114
3711,日月光投控,半導體業,9.37,639427808000.0,68242028601.92103,4.32,744215878140.5286,10.91,25.97,44.24,15.37,59.61,167.69,650.35,283.36,601.0,0.47,0.28,1.08,20.19,38,84.01,151
3712,永崴投控,電子工業,-22.85,34127144000.0,0.0,0.0,25557168361.56312,0.0,13.25,13.31,8.44,21.75,0.0,0.0,0.0,19.9,0.0,0.0,0.0,58.56,176,4.96,51
3714,富采,光電業,-3.69,22182215000.0,0.0,0.0,21480363409.549026,0.0,0.0,0.0,0.0,0.0,0.0,0.0,0.0,71.6,0.0,0.0,0.0,7.68,140,19.73,108
3715,定穎投控,電子工業,2.7,19083311000.0,7067892962.962962,1.37,24069793859.33865,3.41,29.96,182.49,9.26,191.75,31.58,653.87,102.16,182.0,0.56,0.17,3.59,28.38,114,219.85,164
3716,中化控股,化學生技醫療,2.39,8598150000.0,3597552301.25523,1.02,8374094352.422508,2.33,16.29,4.92,13.01,17.93,30.31,41.78,37.96,34.4,1.1,0.88,1.21,0.0,0,0.0,0
3717,聯嘉投控,汽車工業,0.46,2059036000.0,4476165217.391304,0.0,0.0,0.0,277.3,64.38,243.75,308.13,0.0,0.0,0.0,22.4,0.0,0.0,0.0,4.74,55,4.74,55
4102,永日,生技醫療業,-0.34,471219000.0,0.0,0.0,448182830.152856,0.0,19.36,14.05,13.45,27.5,0.0,0.0,0.0,16.75,0.0,0.0,0.0,15.3,95,0.0,0
4104,佳醫,化學生技醫療,4.82,8784192000.0,1822446473.0290456,2.14,9516676785.976982,5.22,17.73,4.64,14.74,19.38,76.94,101.16,92.56,70.1,1.32,1.1,1.44,3.48,73,3.51,94
4105,東洋,生技醫療業,6.26,6425722000.0,1026473162.9392972,2.61,6855404527.318467,6.68,13.64,6.39,10.81,17.2,72.21,114.9,91.11,73.7,1.24,0.98,1.56,0.0,0,9.96,183
4106,雃博,化學生技醫療,1.19,2395767000.0,2013249579.8319328,0.51,2567578251.969865,1.28,21.27,12.18,15.77,27.95,20.19,35.78,27.22,24.4,1.12,0.83,1.47,3.56,32,1.54,14
4107,邦特,生技醫療業,7.77,2104303000.0,270824066.92406696,3.43,2277357690.1497965,8.41,16.56,6.11,13.78,19.89,115.89,167.27,139.25,114.0,1.22,1.02,1.47,10.77,73,7.5,162
4108,懷特,化學生技醫療,-0.28,139964000.0,0.0,0.0,136140198.76370594,0.0,0.0,0.0,0.0,0.0,0.0,0.0,0.0,12.15,0.0,0.0,0.0,4.81,35,16.5,99
4109,加捷生醫,生技醫療業,0.43,487910000.0,1134674418.6046512,0.21,499030335.56001663,0.44,100.95,535.01,4.99,540.0,2.2,237.6,44.42,11.5,3.86,0.19,20.66,79.42,44,7.74,79
4111,濟生,生技醫療業,2.81,1377520000.0,490220640.569395,1.23,1485632751.8197598,3.03,16.02,14.31,9.93,24.24,30.09,73.45,48.54,30.05,1.62,1.0,2.44,3.7,23,12.65,80
4113,聯上,建材營造,-0.43,954148000.0,0.0,0.0,62783910.2006498,0.0,46.6,190.14,5.24,195.38,0.0,0.0,0.0,14.45,0.0,0.0,0.0,7.81,4,24.05,106
4114,健喬,生技醫療業,2.12,6165947000.0,2908465566.037736,0.94,6827479260.16248,2.35,21.55,7.8,17.85,25.65,41.95,60.28,50.65,30.1,1.68,1.39,2.0,4.12,23,14.6,65
3710,連展投控,電子零組件業,-1.48,7029628000.0,0.0,0.0,7121538470.130621,0.0,226.45,56.25,201.25,257.5,0.0,0.0,0.0,6.25,0.0,0.0,0.0,58.82,133,25.0,77
3675,德微,半導體業,2.66,2639156000.0,992163909.774436,1.17,2881893370.4846234,2.9,39.66,131.88,14.57,146.45,42.25,424.7,115.01,372.0,0.31,0.11,1.14,20.34,28,22.76,147
3709,鑫聯大投控,電腦及週邊設備業,7.02,40845639000.0,5818467094.017095,3.4,49653836683.31876,8.53,16.51,23.85,8.02,31.87,68.41,271.85,140.85,86.7,1.62,0.79,3.14,58.7,148,58.24,129
3707,漢磊,半導體業,-1.97,5701058000.0,0.0,0.0,6916473593.182108,0.0,0.0,0.0,0.0,0.0,0.0,0.0,0.0,83.3,0.0,0.0,0.0,8.74,38,115.41,107
3679,新至陞,電子工業,9.77,4556910000.0,466418628.45445246,3.73,3923383715.7515445,8.41,12.25,9.97,8.19,18.16,68.88,152.73,103.01,124.5,0.83,0.55,1.23,2.75,58,4.71,9
3680,家登,半導體業,9.43,7056171000.0,748268398.7274655,4.84,8895996801.262924,11.89,44.15,42.55,23.56,66.11,280.13,786.05,524.98,536.0,0.98,0.52,1.47,43.85,126,7.57,23
3684,榮昌,通信網路業,3.5,1154111000.0,329746000.0,1.35,1219241522.4287894,3.7,21.73,28.5,12.68,41.18,46.92,152.37,80.41,59.7,1.35,0.79,2.55,1.98,37,0.0,0
3686,達能,半導體業,-0.49,82608000.0,0.0,0.0,94724210.35642233,0.0,0.0,0.0,0.0,0.0,0.0,0.0,0.0,17.6,0.0,0.0,0.0,67.17,49,33.94,154
3689,湧德,電子零組件業,7.58,5975076000.0,788268601.5831134,4.3,8166406339.133517,10.36,15.84,12.17,9.98,22.15,103.39,229.47,164.1,137.5,1.19,0.75,1.67,34.28,112,31.25,71
3691,碩禾,光電業,-7.62,5193342000.0,0.0,0.0,14811658911.290888,0.0,0.0,0.0,0.0,0.0,0.0,0.0,0.0,169.5,0.0,0.0,0.0,16.48,32,49.62,78
3693,營邦,電腦及週邊設備業,15.5,7618167000.0,491494645.16129035,5.92,5766098601.037324,11.73,17.44,65.01,8.39,73.4,98.41,860.98,204.63,632.0,0.32,0.16,1.36,10.75,32,21.76,151
3694,海華,通信網路業,4.03,11255939000.0,2793036972.7047143,1.74,13320353049.525047,4.77,19.03,17.8,13.43,31.23,64.06,148.97,90.76,68.9,1.32,0.93,2.16,0.0,0,101.16,78
3701,大眾控,電子工業,-0.38,9777674000.0,0.0,0.0,7204974049.660113,0.0,316.3,1450.39,24.61,1475.0,0.0,0.0,0.0,55.7,0.0,0.0,0.0,0.0,0,50.63,88
3702,大聯大,電子工業,5.77,989365062000.0,171467081802.42636,3.13,1252863108221.3267,7.31,15.05,9.43,10.81,20.24,79.02,147.95,110.0,118.5,0.93,0.67,1.25,16.76,42,14.11,31
3703,欣陸,建材營造,1.79,29380981000.0,16413955865.921787,0.99,38906433474.47415,2.37,19.01,22.49,9.64,32.13,22.85,76.15,45.05,20.4,2.21,1.12,3.73,3.99,29,3.83,94
3704,合勤控,通信網路業,1.56,26511091000.0,16994289102.564102,0.66,24206672368.31579,1.42,26.62,40.78,13.06,53.84,18.55,76.45,37.8,46.8,0.81,0.4,1.63,3.74,165,41.62,99
3705,永信,化學生技醫療,3.31,8374052000.0,2529925075.528701,1.29,7553575500.306331,2.99,14.87,6.54,12.35,18.89,36.93,56.48,44.48,56.0,0.79,0.66,1.01,13.38,116,3.52,65
3706,神達,電子工業,5.36,103432967000.0,19297195335.820896,2.8,136703205052.9195,7.08,20.6,19.77,13.09,32.86,92.68,232.65,145.85,93.5,1.56,0.99,2.49,81.54,183,80.44,154
3580,友威科,其他電子類,1.94,435272000.0,224367010.30927837,0.66,406456817.4540336,1.81,25.53,70.77,9.94,80.71,17.99,146.09,46.2,113.0,0.41,0.16,1.29,105.19,87,9.35,98
3438,類比科,半導體業,1.0,1012458000.0,1012458000.0,0.35,834065947.4692202,0.82,55.59,57.31,25.36,82.67,20.8,67.79,45.58,74.4,0.61,0.28,0.91,13.87,37,16.14,182
3441,聯一光,光電業,1.06,418045000.0,394382075.4716981,0.54,539710079.9002233,1.37,44.59,72.33,19.21,91.54,26.32,125.41,61.09,54.2,1.13,0.49,2.31,10.3,87,19.72,182
3443,創意,半導體業,28.13,32095619000.0,1140974724.4934235,17.96,57697273845.45692,50.57,63.32,139.25,33.13,172.38,1675.38,8717.26,3201.98,4655.0,0.69,0.36,1.87,7.01,15,106.39,179
3444,利機,電子通路業,2.14,1248999000.0,583644392.5233644,0.95,1342363056.7528265,2.3,34.24,46.97,19.41,66.38,44.64,152.67,78.76,104.5,0.75,0.43,1.46,5.26,38,26.78,91
3447,展達,通信網路業,1.59,3636320000.0,2286993710.691824,0.59,3957288505.078171,1.73,31.22,43.36,20.56,63.92,35.57,110.58,54.02,38.6,1.4,0.92,2.86,201.2,163,74.58,95
3455,由田,光電業,2.66,1818370000.0,683597744.3609022,0.56,937631954.5593768,1.37,30.85,160.28,13.88,174.16,19.02,238.6,42.26,244.0,0.17,0.08,0.98,30.18,157,25.29,100
3466,德晉,通信網路業,-1.28,126306000.0,0.0,0.0,476415687.1887545,0.0,0.0,0.0,0.0,0.0,0.0,0.0,0.0,32.6,0.0,0.0,0.0,23.16,11,19.95,93
3467,台灣精材,半導體業,0.58,561538000.0,968168965.5172415,0.3,802696975.0866894,0.83,64.59,72.06,41.91,113.97,34.79,94.6,53.61,71.6,0.75,0.49,1.32,0.7,2,36.4,24
3479,安勤,電腦及週邊設備業,6.46,8456230000.0,1309013931.8885448,2.78,9262210571.130423,7.08,14.65,8.04,12.21,20.25,86.45,143.37,103.76,132.0,0.79,0.65,1.09,6.11,10,23.42,133
3481,群創,光電業,0.03,223293940000.0,7443131333333.334,0.01,262758450805.42206,0.04,151.13,1242.36,7.64,1250.0,0.31,50.0,6.05,56.1,0.11,0.01,0.89,20.22,84,31.36,129
3483,力致,電腦及週邊設備業,3.75,9024891000.0,2406637600.0,1.42,9700300010.171595,4.03,19.78,15.93,11.21,27.14,45.18,109.37,79.72,103.0,0.77,0.44,1.06,9.86,18,27.75,98
3484,崧騰,電子零組件業,4.26,4654211000.0,1092537793.4272301,1.67,4315214699.455441,3.95,13.29,9.63,9.71,19.34,38.35,76.39,52.49,44.4,1.18,0.86,1.72,21.63,108,14.6,87
3485,敘豐,電子零組件業,5.89,54861000.0,9314261.460101869,0.0,0.0,0.0,54.91,25.23,45.76,70.99,0.0,0.0,0.0,367.0,0.0,0.0,0.0,14.57,56,31.76,142
3489,森寶,建材營造,-0.09,747131000.0,0.0,0.0,1216718842.044944,0.0,338.9,157.23,299.44,456.67,0.0,0.0,0.0,21.7,0.0,0.0,0.0,42.71,59,1.94,4
3490,單井,光電業,0.05,267156000.0,5343120000.0,0.02,265171679.03014666,0.05,92.69,621.03,10.97,632.0,0.55,31.6,4.63,38.0,0.12,0.01,0.83,18.99,35,25.06,149
3491,昇達科,通信網路業,7.85,2363136000.0,301036433.1210191,5.61,3834710031.0578694,12.74,84.24,216.61,33.75,250.36,429.98,3189.59,1073.28,2165.0,0.5,0.2,1.47,20.65,91,66.19,182
3492,長盛,電子零組件業,1.77,867190000.0,489937853.1073446,0.7,745538539.9411936,1.52,17.21,23.25,11.4,34.65,17.33,52.67,26.16,23.4,1.12,0.74,2.25,55.73,35,12.03,179
3494,誠研,電子工業,-1.84,914747000.0,0.0,0.0,1065589128.1915196,0.0,0.0,0.0,0.0,0.0,0.0,0.0,0.0,8.05,0.0,0.0,0.0,139.68,177,2.01,4
3437,榮創,電子工業,-2.65,1654007000.0,0.0,0.0,1234872414.1935432,0.0,0.0,0.0,0.0,0.0,0.0,0.0,0.0,24.35,0.0,0.0,0.0,5.82,44,13.25,88
3432,台端,電子零組件業,-0.87,140540000.0,0.0,0.0,471884936.92994374,0.0,0.0,0.0,0.0,0.0,0.0,0.0,0.0,18.8,0.0,0.0,0.0,22.9,24,14.57,43
3360,尚立,電子通路業,-0.49,6823561000.0,0.0,0.0,10700015089.852497,0.0,0.0,0.0,0.0,0.0,0.0,0.0,0.0,14.1,0.0,0.0,0.0,12.5,112,15.04,73
3362,先進光,光電業,-1.07,4303139000.0,0.0,0.0,4541418369.039809,0.0,67.29,44.4,43.82,88.22,0.0,0.0,0.0,121.0,0.0,0.0,0.0,22.78,88,15.45,10
3363,上詮,通信網路業,0.16,1868579000.0,11678618750.0,0.05,1656305961.3773496,0.14,5590.87,5533.93,3437.5,8971.43,481.25,1256.0,782.72,809.0,0.97,0.59,1.55,66.67,142,62.14,113
3372,典範,半導體業,-1.22,1065971000.0,0.0,0.0,1452391292.9716394,0.0,0.0,0.0,0.0,0.0,0.0,0.0,0.0,22.0,0.0,0.0,0.0,9.88,1,58.3,164
3373,熱映,其他電子類,-1.35,404178000.0,0.0,0.0,391120871.1800868,0.0,0.0,0.0,0.0,0.0,0.0,0.0,0.0,16.9,0.0,0.0,0.0,17.36,14,0.0,0
3374,精材,半導體業,4.99,7099998000.0,1422845290.5811622,2.33,8845773444.167675,6.22,31.73,35.88,18.21,54.09,113.27,336.44,197.36,260.5,0.76,0.43,1.29,115.44,87,18.87,154
3376,新日興,電子工業,1.66,10913580000.0,6574445783.13253,0.63,9244444024.24599,1.41,57.45,300.05,24.21,324.26,34.14,457.21,81.01,215.0,0.38,0.16,2.13,25.06,10,52.16,88
3379,彬台,電機機械,2.12,1905887000.0,899003301.8867924,0.62,1636764850.7765977,1.82,45.08,81.15,15.52,96.67,28.25,175.94,82.05,41.35,1.98,0.68,4.25,95.88,44,14.12,2
3380,明泰,通信網路業,-0.36,21928876000.0,0.0,0.0,24065066464.60635,0.0,109.79,300.84,33.6,334.44,0.0,0.0,0.0,38.8,0.0,0.0,0.0,9.48,183,25.83,150
3388,崇越電,電子零組件業,4.16,7300872000.0,1755017307.6923077,2.0,8552361336.718097,4.87,17.16,14.56,14.6,29.16,71.1,142.01,83.56,106.0,0.79,0.67,1.34,1.02,11,0.15,3
3390,旭軟,電子零組件業,-0.51,787157000.0,0.0,0.0,912741948.8731395,0.0,22.45,17.57,13.83,31.4,0.0,0.0,0.0,28.75,0.0,0.0,0.0,7.67,88,13.4,140
3406,玉晶光,光電業,32.84,23805806000.0,724902740.5602922,15.29,30595449713.434437,42.21,13.19,11.54,7.86,19.4,331.77,818.87,556.57,603.0,0.92,0.55,1.36,26.88,22,19.97,86
3413,京鼎,半導體業,21.44,20785570000.0,969476212.6865671,9.36,22957890713.2935,23.68,13.65,9.94,8.59,18.53,203.41,438.79,323.16,316.5,1.02,0.64,1.39,31.84,32,24.29,151
3416,融程電,電子工業,7.4,3558156000.0,480831891.8918919,3.5,4558348141.064496,9.48,22.26,13.72,16.67,30.39,158.03,288.1,211.03,184.0,1.15,0.86,1.57,2.91,3,46.57,99
3419,譁裕,通信網路業,-1.79,1783148000.0,0.0,0.0,1776342840.382409,0.0,0.0,0.0,0.0,0.0,0.0,0.0,0.0,14.25,0.0,0.0,0.0,12.89,36,11.79,114
3426,台興,電機機械,2.38,652942000.0,274345378.1512605,0.86,458294350.0321457,1.67,15.38,14.24,10.79,25.03,18.02,41.8,25.68,47.8,0.54,0.38,0.87,32.87,91,0.0,0
3430,奇鈦科,化學工業,3.15,1678491000.0,532854285.71428573,1.57,2111360476.1192682,3.96,17.89,47.76,8.75,56.51,34.65,223.78,70.83,164.0,0.43,0.21,1.36,49.84,120,63.35,122
3434,哲固,光電業,0.54,690682000.0,1279040740.7407405,0.17,419055479.08880687,0.33,35.5,49.21,19.19,68.4,6.33,22.57,11.71,30.15,0.39,0.21,0.75,12.77,32,5.27,2
3581,博磊,半導體業,0.81,1472080000.0,1817382716.0493827,0.41,1965294413.9699621,1.08,423.5,2200.59,46.08,2246.67,49.77,2426.4,457.38,244.0,1.87,0.2,9.94,137.25,148,140.67,178
3498,陽程,其他電子類,0.48,1264390000.0,2634145833.3333335,0.31,2367985130.4112096,0.9,158.81,153.85,103.44,257.29,93.1,231.56,142.93,144.0,0.99,0.65,1.61,85.02,141,49.94,78
3501,維熹,電子工業,2.99,5576047000.0,1864898662.2073576,1.13,4809997108.242951,2.58,12.09,15.96,8.01,23.97,20.67,61.84,31.19,41.3,0.76,0.5,1.5,17.91,25,5.09,24
3537,堡達,電子零組件業,2.51,2863383000.0,1140790039.8406374,1.11,3075080891.139765,2.7,19.34,29.12,9.69,38.81,26.16,104.79,52.21,79.1,0.66,0.33,1.32,19.08,35,14.1,164
3540,曜越,電腦及週邊設備業,0.74,5104074000.0,6897397297.2972975,0.28,4736289930.8496,0.69,127.3,263.85,34.07,297.92,23.51,205.56,87.84,27.5,3.19,0.85,7.47,9.97,1,21.23,102
3541,西柏,其他電子類,-0.83,1067915000.0,0.0,0.0,997454272.244571,0.0,0.0,0.0,0.0,0.0,0.0,0.0,0.0,21.9,0.0,0.0,0.0,10.32,38,11.69,51
3543,州巧,光電業,-2.24,3253705000.0,0.0,0.0,3099197883.4829187,0.0,40.54,29.14,25.19,54.33,0.0,0.0,0.0,36.0,0.0,0.0,0.0,3.6,112,154.36,150
3545,敦泰,半導體業,-4.64,12323034000.0,0.0,0.0,9905939783.982653,0.0,30.85,27.76,19.46,47.22,0.0,0.0,0.0,59.6,0.0,0.0,0.0,1.89,4,17.62,109
3546,宇峻,文化創意業,2.06,1333509000.0,647334466.0194174,1.35,2014335186.540536,3.11,23.01,23.43,13.63,37.06,42.39,115.26,71.57,81.7,0.88,0.52,1.41,6.18,30,14.33,31
3548,兆利,電子零組件業,2.24,9772727000.0,4362824553.571428,0.73,6465777881.009496,1.48,69.21,1979.69,12.31,1992.0,18.22,2948.16,102.44,96.5,1.06,0.19,30.55,2.53,11,17.47,17
3550,聯穎,電子工業,-1.19,3529210000.0,0.0,0.0,4168625297.234123,0.0,0.0,0.0,0.0,0.0,0.0,0.0,0.0,21.45,0.0,0.0,0.0,87.5,113,20.68,88
3552,同致,其他電子類,0.68,8535131000.0,12551663235.294117,0.26,7666924221.588046,0.61,63.43,107.69,17.72,125.41,10.81,76.5,38.69,54.5,0.71,0.2,1.4,0.0,0,24.39,155
3555,博士旺,半導體業,1.19,249976000.0,210063865.54621848,1.85,4467549042.40413,21.27,100.05,175.42,28.1,203.52,597.69,4328.87,2128.11,211.0,10.09,2.83,20.52,11.84,36,0.0,0
3556,禾瑞亞,半導體業,2.15,961949000.0,447418139.53488374,1.11,1097691171.0072017,2.45,47.25,99.66,14.89,114.55,36.48,280.65,115.77,73.9,1.57,0.49,3.8,0.75,16,0.0,0
3558,神準,通信網路業,5.2,15050049000.0,2894240192.307692,1.85,12124694658.07803,4.19,27.71,42.89,10.05,52.94,42.11,221.82,116.1,140.5,0.83,0.3,1.58,32.37,183,7.08,10
3563,牧德,光電業,15.79,3177380000.0,201227359.0880304,7.13,3413193258.3492727,16.96,73.56,170.41,26.44,196.85,448.42,3338.58,1247.62,825.0,1.51,0.54,4.05,14.21,10,16.21,88
3564,其陽,通信網路業,0.65,2484572000.0,3822418461.538461,0.29,2695337963.625151,0.71,118.08,382.51,49.16,431.67,34.9,306.49,83.84,52.4,1.6,0.67,5.85,9.75,1,2.26,23
3567,逸昌,半導體業,1.06,282056000.0,266090566.03773585,0.42,275430590.05555946,1.04,18.27,20.94,10.43,31.37,10.85,32.62,19.0,29.3,0.65,0.37,1.11,2.98,37,8.72,2
3570,大塚,資訊服務業,13.95,2412857000.0,172964659.4982079,6.68,2433800839.164707,14.07,13.38,10.08,11.22,21.3,157.87,299.69,188.27,179.5,1.05,0.88,1.67,1.73,1,2.8,1
3576,聯合再生,光電業,-0.76,3793481000.0,0.0,0.0,1718646065.3910496,0.0,43.54,5.59,40.48,46.07,0.0,0.0,0.0,18.5,0.0,0.0,0.0,25.62,30,0.55,74
3577,泓格,電腦及週邊設備業,2.36,1147441000.0,486203813.55932206,1.31,1560399870.1369653,3.21,38.69,41.16,23.96,65.12,76.91,209.04,124.21,153.0,0.81,0.5,1.37,34.7,119,89.41,49
3535,晶彩科,電子工業,-1.06,383417000.0,0.0,0.0,2079543265.6926749,0.0,123.6,296.56,39.69,336.25,0.0,0.0,0.0,134.5,0.0,0.0,0.0,175.93,58,184.03,182
3499,環天科,通信網路業,-1.3,369441000.0,0.0,0.0,276922764.05832773,0.0,776.74,315.0,625.0,940.0,0.0,0.0,0.0,14.75,0.0,0.0,0.0,19.06,127,8.0,79
3533,嘉澤,電子工業,70.15,33055352000.0,471209579.47255874,34.63,40112899171.64489,85.13,22.74,27.82,12.74,40.56,1084.56,3452.87,1936.03,2675.0,0.72,0.41,1.29,23.2,183,37.35,107
3504,揚明光,光電業,-0.08,2687814000.0,0.0,0.0,2784589407.578238,0.0,134.69,31.13,118.63,149.76,0.0,0.0,0.0,78.4,0.0,0.0,0.0,8.64,22,38.39,112
3508,位速,其他電子類,-1.51,815255000.0,0.0,0.0,808201413.3215668,0.0,0.0,0.0,0.0,0.0,0.0,0.0,0.0,19.9,0.0,0.0,0.0,26.17,18,52.88,86
3511,矽瑪,電子零組件業,-1.19,1766342000.0,0.0,0.0,1710949818.1415448,0.0,0.0,0.0,0.0,0.0,0.0,0.0,0.0,21.85,0.0,0.0,0.0,82.55,171,6.9,86
3515,華擎,電子工業,15.28,46660001000.0,3053664986.910995,6.54,51072519566.7052,16.72,20.24,13.9,13.15,27.05,219.87,452.28,338.36,253.5,1.33,0.87,1.78,1.24,176,59.2,149
3516,亞帝歐,光電業,0.26,1043045000.0,4011711538.4615383,0.13,1274442475.241681,0.32,94.57,116.7,47.92,164.62,15.33,52.68,30.26,23.25,1.3,0.66,2.27,3.83,142,6.27,8
3518,柏騰,其他電子業,-1.56,317765000.0,0.0,0.0,266047178.87586266,0.0,15.68,2.53,14.57,17.1,0.0,0.0,0.0,31.9,0.0,0.0,0.0,36.54,80,59.24,108
3520,華盈,電子零組件業,-0.09,1224116000.0,0.0,0.0,1343044141.9862933,0.0,129.35,255.29,40.34,295.63,0.0,0.0,0.0,14.45,0.0,0.0,0.0,25.49,31,40.57,150
3523,迎輝,光電業,-1.45,106915000.0,0.0,0.0,78446992.97641498,0.0,0.0,0.0,0.0,0.0,0.0,0.0,0.0,17.5,0.0,0.0,0.0,58.97,95,2.87,112
3526,凡甲,電子零組件業,16.98,3869677000.0,227896171.96702,8.49,4748826065.960935,20.84,16.24,9.81,12.75,22.56,265.71,470.15,338.41,364.0,0.93,0.73,1.29,13.24,144,18.26,71
3527,聚積,半導體業,-1.83,1479934000.0,0.0,0.0,1254450299.5405784,0.0,739.65,1795.35,100.65,1896.0,0.0,0.0,0.0,56.7,0.0,0.0,0.0,1.83,42,23.81,25
3528,安馳,電子工業,2.3,8386277000.0,3646207391.304348,1.54,17021395687.743446,4.67,45.65,190.38,12.41,202.79,57.95,947.03,213.18,129.0,1.65,0.45,7.34,14.4,80,18.05,71
3529,力旺,半導體業,25.6,3895918000.0,152184296.875,11.74,4402429760.141283,28.93,106.28,112.16,59.72,171.88,1727.7,4972.49,3074.73,3280.0,0.94,0.53,1.52,59.32,158,13.64,29
3530,晶相光,半導體業,1.74,1759670000.0,1011304597.7011495,0.98,2706746830.84711,2.68,34.52,7.41,31.61,39.02,84.71,104.57,92.51,68.0,1.36,1.25,1.54,8.74,17,14.7,112
3531,先益,光電業,0.3,1341667000.0,4472223333.333334,0.11,979387331.6032703,0.22,36.23,90.4,8.35,98.75,1.84,21.72,7.97,23.7,0.34,0.08,0.92,1.04,25,2.58,73
3532,台勝科,半導體業,1.57,12293039000.0,7829961146.496815,0.71,13523733735.271698,1.73,50.12,425.65,18.02,443.67,31.17,767.55,86.71,350.5,0.25,0.09,2.19,9.14,32,79.36,112
3357,臺慶科,電子零組件業,10.26,6493208000.0,632866276.803119,4.85,7470401728.485903,11.8,17.46,18.48,11.05,29.53,130.39,348.45,206.01,284.5,0.72,0.46,1.22,10.61,43,65.49,171
4116,明基醫,生技醫療業,1.75,5192619000.0,2967210857.142857,0.79,5740583967.623212,1.93,20.64,11.6,15.47,27.07,29.86,52.25,39.84,37.35,1.07,0.8,1.4,5.23,23,26.41,91
4119,旭富,化學生技醫療,0.91,1270033000.0,1395640659.3406594,0.44,1295525756.8947532,0.93,36.85,66.44,13.04,79.48,12.13,73.92,34.27,41.9,0.82,0.29,1.76,6.06,171,2.71,3
4588,玖鼎電力,其他電子業,3.2,896078000.0,280024375.0,1.39,966157431.8605496,3.45,21.34,20.88,13.82,34.7,47.68,119.72,73.62,58.0,1.27,0.82,2.06,31.47,37,2.89,4
4590,富田-創,創新板股票,2.72,84263000.0,30979044.117647056,0.0,0.0,0.0,3338.42,9133.54,26.46,9160.0,0.0,0.0,0.0,73.0,0.0,0.0,0.0,27.52,64,1.28,1
4706,大恭,化學工業,0.35,1092365000.0,3121042857.1428576,0.16,1256518802.6673043,0.4,80.97,174.22,27.78,202.0,11.11,80.8,32.39,31.5,1.03,0.35,2.57,21.28,43,4.48,73
4707,磐亞,化學工業,0.89,1382798000.0,1553705617.977528,0.29,1087580346.9985077,0.7,13.46,9.72,9.53,19.25,6.67,13.48,9.42,17.9,0.53,0.37,0.75,17.53,80,0.49,1
4711,永純,化學工業,0.15,721056000.0,4807040000.0,0.07,873021310.1131982,0.18,224.71,411.93,44.32,456.25,7.98,82.12,40.45,16.6,2.44,0.48,4.95,22.12,87,18.51,121
4714,永捷,化學工業,-0.54,1423308000.0,0.0,0.0,2826758056.024862,0.0,50.3,73.71,16.77,90.48,0.0,0.0,0.0,13.5,0.0,0.0,0.0,2.22,15,30.03,113
4716,大立,化學工業,-0.88,541346000.0,0.0,0.0,515072152.28542703,0.0,69.01,199.41,15.59,215.0,0.0,0.0,0.0,15.05,0.0,0.0,0.0,82.23,142,14.01,120
4720,德淵,化學工業,0.74,3617724000.0,4888816216.216216,0.33,3754339925.8274846,0.77,17.49,34.88,10.28,45.16,7.92,34.77,13.47,25.4,0.53,0.31,1.37,30.97,45,4.11,8
4721,美琪瑪,化學工業,3.01,2547493000.0,846343189.3687708,1.38,2905857135.3408055,3.43,26.8,52.98,13.17,66.15,45.17,226.89,91.92,91.6,1.0,0.49,2.48,12.71,32,49.58,52
4722,國精化,化學工業,2.01,3818702000.0,1899851741.2935326,0.82,3568739248.511263,1.88,55.62,152.94,16.59,169.53,31.19,318.72,104.56,286.0,0.37,0.11,1.11,25.74,30,251.64,123
4726,永昕,生技醫療業,-2.17,662586000.0,0.0,0.0,1441904641.7055578,0.0,0.0,0.0,0.0,0.0,0.0,0.0,0.0,27.0,0.0,0.0,0.0,35.07,23,7.89,9
4728,雙美,生技醫療業,13.32,1996037000.0,149852627.6276276,6.31,2198363372.4232907,14.67,27.4,20.07,19.59,39.66,287.39,581.81,401.97,379.0,1.06,0.76,1.54,15.12,17,13.07,66
4729,熒茂,光電業,0.17,1096405000.0,6449441176.470588,0.07,1007649654.9582448,0.16,311.98,1690.45,29.55,1720.0,4.73,275.2,49.92,25.2,1.98,0.19,10.92,89.52,140,43.2,87
4735,豪展,生技醫療業,2.43,899326000.0,370093004.1152263,1.15,1124925140.1091166,3.04,46.35,119.39,9.87,129.26,30.0,392.95,140.9,31.05,4.54,0.97,12.66,35.28,95,5.77,10
4585,達明,電子工業,1.46,731904000.0,501304109.5890411,0.0,0.0,0.0,353.79,299.33,219.62,518.95,0.0,0.0,0.0,371.5,0.0,0.0,0.0,18.42,98,151.57,88
4736,泰博,化學生技醫療,15.12,4180025000.0,276456679.8941799,6.69,4412337772.420474,15.96,12.8,12.14,6.63,18.77,105.81,299.57,204.31,124.0,1.65,0.85,2.42,4.53,15,0.0,0
4583,台灣精銳,電機機械,12.0,2985176000.0,248764666.66666666,5.83,3325209304.8699603,13.37,53.86,55.52,20.08,75.6,268.47,1010.77,720.07,715.0,1.01,0.38,1.41,203.81,141,12.11,9
4555,氣立,電機機械,0.19,1588876000.0,8362505263.157895,0.09,1704931734.3072755,0.2,197.58,78.61,174.0,252.61,34.8,50.52,39.52,57.1,0.69,0.61,0.88,18.91,17,32.12,91
4556,旭然,其他,0.92,674327000.0,732964130.4347826,0.39,725409795.936652,0.99,147.21,441.8,28.91,470.71,28.62,466.0,145.74,39.95,3.65,0.72,11.66,21.88,49,9.98,70
4557,永新-KY,汽車工業,-0.34,4059621000.0,0.0,0.0,3008253461.675354,0.0,51.06,259.7,6.97,266.67,0.0,0.0,0.0,42.65,0.0,0.0,0.0,21.07,175,5.16,10
4558,寶緯,電機機械,-0.39,1558915000.0,0.0,0.0,1562470668.591968,0.0,218.09,1997.71,22.29,2020.0,0.0,0.0,0.0,19.2,0.0,0.0,0.0,45.32,158,28.26,66
4560,強信-KY,電機機械,3.02,1718464000.0,569027814.5695364,1.37,1800163967.0788949,3.16,17.7,18.36,10.71,29.07,33.84,91.86,55.93,32.35,1.73,1.05,2.84,0.67,25,3.75,1
4561,健椿,電機機械,0.66,945579000.0,1432695454.5454545,0.29,997966209.2610092,0.7,30.8,76.82,11.93,88.75,8.35,62.12,21.56,56.8,0.38,0.15,1.09,47.34,92,10.55,2
4562,穎漢,電機機械,-1.28,747282000.0,0.0,0.0,657628975.4068114,0.0,0.0,0.0,0.0,0.0,0.0,0.0,0.0,45.55,0.0,0.0,0.0,68.42,77,14.81,8
4563,百德,電機機械,-2.67,2857967000.0,0.0,0.0,2407904239.3088446,0.0,27.22,34.51,14.7,49.21,0.0,0.0,0.0,50.2,0.0,0.0,0.0,142.14,126,8.9,22
4564,元翎,電機機械,-1.85,1136277000.0,0.0,0.0,759585396.7432859,0.0,0.0,0.0,0.0,0.0,0.0,0.0,0.0,15.65,0.0,0.0,0.0,13.97,60,30.06,101
4566,時碩工業,電機機械,1.35,4950351000.0,3666926666.6666665,0.61,5314975753.216644,1.45,44.25,88.85,19.92,108.77,28.88,157.72,64.16,71.6,0.9,0.4,2.2,49.53,46,16.08,88
4568,科際精密,電機機械,2.01,1210528000.0,602252736.318408,0.83,1200726933.0397334,1.99,22.27,21.14,13.27,34.41,26.41,68.48,44.33,41.0,1.08,0.64,1.67,8.53,35,0.0,0
4569,六方科-KY,汽車工業,4.13,1790506000.0,433536561.7433414,1.81,1935655142.218237,4.46,30.68,38.76,14.66,53.42,65.38,238.25,136.85,170.5,0.8,0.38,1.4,192.2,147,53.57,77
4571,鈞興-KY,電機機械,9.61,3094943000.0,322054422.4765869,3.95,2913198357.3050184,9.05,20.06,21.25,13.02,34.27,117.83,310.14,181.58,217.5,0.83,0.54,1.43,26.6,120,37.25,79
4572,駐龍,電機機械,3.02,675919000.0,223814238.410596,1.29,676624377.9337742,3.02,31.17,36.39,20.4,56.79,61.61,171.51,94.13,149.0,0.63,0.41,1.15,9.7,29,4.41,93
4576,大銀微系統,電機機械,2.01,2671021000.0,1328866169.154229,1.11,3697615716.7811775,2.78,255.76,784.91,53.98,838.89,150.06,2332.11,711.02,263.0,2.7,0.57,8.87,92.11,147,5.28,85
4577,達航科技,其他電子類,-0.74,728121000.0,0.0,0.0,1049343822.2506585,0.0,0.0,0.0,0.0,0.0,0.0,0.0,0.0,110.0,0.0,0.0,0.0,20.75,168,191.88,177
4580,捷流閥業,電機機械,5.0,2288106000.0,457621200.0,2.07,2332106711.437299,5.1,12.62,7.63,8.94,16.57,45.59,84.51,64.36,83.7,0.77,0.54,1.01,3.76,14,21.51,105
4581,光隆精密-KY,汽車工業,4.73,1072763000.0,226799788.5835095,2.13,1117675498.3181846,4.93,10.45,3.77,8.4,12.17,41.41,60.0,51.53,49.8,1.03,0.83,1.2,0.0,0,0.35,88
4582,聚恆-創,創新板股票,1.54,1215456000.0,789257142.8571428,0.76,2445580572.153479,3.1,16.08,2.79,14.58,17.37,45.2,53.85,49.85,26.15,1.91,1.73,2.06,9.29,29,2.17,142
4584,君帆,電機機械,3.43,1326004000.0,386590087.4635568,1.16,1007696121.546343,2.61,15.38,8.7,11.76,20.46,30.69,53.4,40.14,43.0,0.93,0.71,1.24,9.0,36,0.0,0
4554,橙的,其他電子類,2.15,496777000.0,231059069.76744187,0.89,516018813.2427587,2.23,18.28,28.16,12.0,40.16,26.76,89.56,40.76,30.25,1.35,0.88,2.96,7.52,35,21.78,8
4737,華廣,生技醫療業,-2.72,1820339000.0,0.0,0.0,1654444389.5907524,0.0,619.34,60.91,579.09,640.0,0.0,0.0,0.0,56.9,0.0,0.0,0.0,5.26,142,6.67,4
4806,桂田文創,文化創意業,-0.19,84386000.0,0.0,0.0,140886018.88055065,0.0,0.0,0.0,0.0,0.0,0.0,0.0,0.0,9.8,0.0,0.0,0.0,33.33,45,0.0,0
4807,日成-KY,貿易百貨,-0.24,2110985000.0,0.0,0.0,2556697036.0729556,0.0,382.15,448.5,16.5,465.0,0.0,0.0,0.0,28.7,0.0,0.0,0.0,112.9,155,14.95,135
4903,聯光通,通信網路業,1.02,1463911000.0,1435206862.745098,0.4,1715750384.0789988,1.2,114.65,467.36,21.93,489.29,26.32,587.15,137.58,44.4,3.1,0.59,13.22,101.86,135,61.37,182
4904,遠傳,通信網路業,3.82,108996963000.0,28533236387.434555,1.71,118974642151.80049,4.17,25.3,6.81,22.11,28.92,92.2,120.6,105.49,97.1,1.09,0.95,1.24,9.85,109,11.18,158
4905,台聯電,通信網路業,2.76,720894000.0,261193478.2608696,1.39,937448146.3765008,3.59,27.98,27.04,16.05,43.09,57.62,154.69,100.46,87.8,1.14,0.66,1.76,4.41,14,13.96,161
4906,正文,通信網路業,-0.25,17213421000.0,0.0,0.0,11072445635.034779,0.0,27.41,30.34,14.9,45.24,0.0,0.0,0.0,53.4,0.0,0.0,0.0,21.49,43,7.65,165
4907,富宇,建材營造,1.24,3212506000.0,2590730645.16129,0.88,3500688871.0813007,1.35,16.08,36.85,5.8,42.65,7.83,57.58,21.71,37.5,0.58,0.21,1.54,60.59,59,0.0,0
4908,前鼎,通信網路業,1.97,859504000.0,436296446.70050764,0.92,885780090.7125651,2.03,39.8,126.95,21.28,148.23,43.2,300.91,80.79,227.5,0.36,0.19,1.32,5.96,134,32.28,73
4909,新復興,通信網路業,-1.25,444305000.0,0.0,0.0,128299180.20962738,0.0,57.67,284.18,6.65,290.83,0.0,0.0,0.0,54.0,0.0,0.0,0.0,122.22,119,14.86,28
4911,德英,生技醫療業,2.22,310711000.0,139959909.9099099,0.47,158010844.25538436,1.13,28.59,29.57,15.0,44.57,16.95,50.36,32.31,32.0,1.01,0.53,1.57,5.85,31,1.86,3
4912,聯德控股-KY,電子工業,2.03,6305207000.0,3106013300.492611,0.95,7217779916.837304,2.32,20.15,43.14,11.29,54.43,26.19,126.28,46.76,113.5,0.41,0.23,1.11,1.56,14,8.21,140
4915,致伸,電子工業,5.71,59308761000.0,10386823292.469353,2.53,66022447385.39724,6.36,14.47,9.92,11.07,20.99,70.41,133.5,92.06,76.0,1.21,0.93,1.76,9.62,15,17.44,163
4916,事欣科,電子工業,1.77,3495648000.0,1974942372.881356,0.95,4598871362.776324,2.33,291.17,2349.24,13.26,2362.5,30.9,5504.62,678.42,119.0,5.7,0.26,46.26,22.71,49,53.79,77
4919,新唐,半導體業,-3.97,30608546000.0,0.0,0.0,29574331094.7544,0.0,274.03,1066.3,19.41,1085.71,0.0,0.0,0.0,208.0,0.0,0.0,0.0,5.18,24,8.88,10
4923,力士,半導體業,-5.26,878441000.0,0.0,0.0,1121820011.0935023,0.0,76.46,15.17,63.73,78.9,0.0,0.0,0.0,45.1,0.0,0.0,0.0,0.0,0,43.83,16
4924,欣厚-KY,電腦及週邊設備業,0.38,758252000.0,1995400000.0,0.19,819575590.8159918,0.41,114.86,384.49,14.51,399.0,5.95,163.59,47.09,12.85,3.66,0.46,12.73,66.3,23,7.16,3
4927,泰鼎-KY,電子工業,-8.63,11707243000.0,0.0,0.0,10438128524.265503,0.0,0.0,0.0,0.0,0.0,0.0,0.0,0.0,55.8,0.0,0.0,0.0,44.9,88,43.46,78
4772,台特化,化學工業,4.21,1762870000.0,418733966.74584323,3.48,6446185015.04282,15.39,82.84,55.68,57.48,113.16,884.62,1741.53,1274.85,303.0,4.21,2.92,5.75,15.88,109,60.37,136
4771,望隼,生技醫療業,12.71,3422496000.0,269275845.79071593,6.46,4512644544.2606535,16.76,17.02,17.98,13.31,31.29,223.08,524.42,285.25,199.5,1.43,1.12,2.63,4.62,15,0.74,2
4770,上品,化學生技醫療,10.2,4769392000.0,467587450.9803922,4.3,5293534947.6728735,11.32,16.83,17.03,9.25,26.28,104.71,297.49,190.46,254.5,0.75,0.41,1.17,11.57,31,34.88,98
4739,康普,化學工業,1.56,5867643000.0,3761309615.3846154,1.08,12466370880.293362,3.31,188.84,1195.95,27.38,1223.33,90.63,4049.22,625.05,109.0,5.73,0.83,37.15,8.42,30,54.55,116
4741,泓瀚,化學工業,0.29,482051000.0,1662244827.586207,0.13,524422120.50022066,0.32,37.89,206.22,11.71,217.93,3.75,69.74,12.12,59.3,0.2,0.06,1.18,57.83,95,6.13,3
4743,合一,生技醫療業,-2.18,109851000.0,0.0,0.0,206472032.85759595,0.0,0.0,0.0,0.0,0.0,0.0,0.0,0.0,51.1,0.0,0.0,0.0,22.85,49,37.48,92
4744,皇將,生技醫療業,2.5,1404494000.0,561797600.0,1.16,1389135522.8350394,2.47,32.9,99.26,12.41,111.67,30.65,275.82,81.26,36.7,2.21,0.84,7.52,9.0,30,65.72,99
4745,合富-KY,生技醫療業,-3.17,3136317000.0,0.0,0.0,2599946940.8656445,0.0,579.78,1976.93,53.07,2030.0,0.0,0.0,0.0,15.85,0.0,0.0,0.0,3.76,123,42.82,179
4746,台耀,化學生技醫療,3.68,4864147000.0,1321779076.0869565,1.45,4391156804.744435,3.32,50.22,232.79,13.95,246.74,46.31,819.18,166.73,53.3,3.13,0.87,15.37,20.49,44,3.45,3
4747,強生,生技醫療業,1.19,566185000.0,475785714.2857143,0.51,574721398.6810701,1.21,38.09,22.79,25.23,48.02,30.53,58.1,46.09,56.9,0.81,0.54,1.02,9.46,151,20.12,112
4749,新應材,半導體業,11.32,4226168000.0,373336395.7597173,5.25,4908090400.515083,13.15,81.52,61.73,43.12,104.85,567.03,1378.78,1071.93,1065.0,1.01,0.53,1.29,34.99,155,49.84,136
4754,國碳科,化學工業,2.87,622838000.0,217016724.73867595,1.23,566617904.0806738,2.61,14.43,4.82,12.86,17.68,33.56,46.14,37.67,37.65,1.0,0.89,1.23,0.0,0,3.71,24
4755,三福化,化學工業,3.7,4835643000.0,1306930540.5405405,1.48,4633703936.884986,3.55,31.52,25.62,20.2,45.82,71.71,162.66,111.89,152.0,0.74,0.47,1.07,7.37,35,22.22,113
4760,勤凱,其他電子類,7.17,1827244000.0,254845746.16457462,4.13,2872468121.467947,11.27,26.07,49.82,12.25,62.07,138.06,699.53,293.83,429.0,0.68,0.32,1.63,5.72,126,89.32,87
4763,材料*-KY,化學工業,24.57,13615644000.0,554157264.9572649,8.6,8991094132.117542,16.22,9.31,9.56,5.4,14.96,87.59,242.65,150.94,42.6,3.54,2.06,5.7,19.16,92,15.27,3
4764,雙鍵,化學工業,1.21,2876719000.0,2377453719.0082645,0.6,3327546070.4671264,1.4,143.72,223.36,56.97,280.33,79.76,392.46,201.2,320.0,0.63,0.25,1.23,11.77,134,84.63,148
4766,南寶,化學工業,20.26,23192505000.0,1144743583.4155972,8.84,24620706122.56135,21.51,15.61,7.76,12.67,20.43,272.53,439.45,335.85,372.5,0.9,0.73,1.18,16.07,16,24.22,93
4767,誠泰科技,化學工業,1.25,1012731000.0,810184800.0,0.49,865532513.3531286,1.07,14.81,13.68,8.82,22.5,9.44,24.08,15.85,26.85,0.59,0.35,0.9,29.81,86,1.83,25
4768,晶呈科技,化學工業,0.39,1033185000.0,2649192307.6923075,0.34,2917250967.2800994,1.1,308.27,1346.52,32.97,1379.49,36.27,1517.44,339.1,491.5,0.69,0.07,3.09,17.29,32,160.49,140
4551,智伸科,汽車工業,6.04,7704684000.0,1275609933.7748344,2.96,8882014199.977491,6.96,19.73,19.47,9.6,29.07,66.82,202.33,137.33,153.5,0.89,0.44,1.32,24.35,101,89.64,74
4161,聿新科,生技醫療業,1.27,843016000.0,663792125.984252,0.55,919110362.6188875,1.38,19.0,11.41,13.87,25.28,19.14,34.89,26.22,23.0,1.14,0.83,1.52,17.76,126,5.79,18
4162,智擎,生技醫療業,2.69,2517404000.0,935837918.2156134,0.52,604663901.9550805,0.65,20.69,48.43,5.01,53.44,3.26,34.74,13.45,54.3,0.25,0.06,0.64,17.42,163,0.0,0
4163,鐿鈦,生技醫療業,5.13,2386847000.0,465272319.68810916,2.29,2552163818.6676025,5.49,22.09,10.53,17.49,28.02,96.02,153.83,121.28,121.0,1.0,0.79,1.27,1.22,32,10.45,21
4164,承業醫,化學生技醫療,0.98,4406696000.0,4496628571.428572,0.43,4917450010.901211,1.09,35.97,33.24,20.34,53.58,22.17,58.4,39.21,28.55,1.37,0.78,2.05,5.57,14,16.44,87
4166,友霖,生技醫療業,0.9,734964000.0,816626666.6666666,0.0,0.0,0.0,49.7,52.14,26.33,78.47,0.0,0.0,0.0,23.5,0.0,0.0,0.0,67.58,156,21.54,10
4167,松瑞藥,生技醫療業,1.72,1139892000.0,662727906.9767442,0.68,1161887695.7904558,1.75,29.66,68.61,10.78,79.39,18.86,138.93,51.9,20.05,2.59,0.94,6.93,17.75,28,0.0,0
4168,醣聯,生技醫療業,-2.16,33600000.0,0.0,0.0,42903860.33247548,0.0,0.0,0.0,0.0,0.0,0.0,0.0,0.0,26.15,0.0,0.0,0.0,11.89,35,32.1,16
4169,泰宗,化學生技醫療,0.32,0.0,0.0,0.0,0.0,0.0,498.64,98.43,453.13,551.56,0.0,0.0,0.0,158.5,0.0,0.0,0.0,8.55,128,243.03,171
4171,瑞基,農業科技業,-1.94,221826000.0,0.0,0.0,250087836.18989173,0.0,0.0,0.0,0.0,0.0,0.0,0.0,0.0,17.85,0.0,0.0,0.0,15.06,28,3.25,1
4173,久裕,生技醫療業,1.16,1518675000.0,1309202586.2068965,0.52,1672163382.9039495,1.28,17.64,7.02,14.73,21.75,18.85,27.84,22.58,18.0,1.25,1.05,1.55,4.88,42,3.47,114
4174,浩鼎,生技醫療業,-15.61,59036000.0,0.0,0.0,35279131.96267133,0.0,0.0,0.0,0.0,0.0,0.0,0.0,0.0,28.55,0.0,0.0,0.0,54.34,87,3.81,64
4175,杏一,生技醫療業,3.69,7998459000.0,2167604065.0406504,1.55,8048737745.751483,3.71,67.42,171.14,13.48,184.62,50.01,684.94,250.11,53.6,4.67,0.93,12.78,2.7,49,1.21,10
4178,永笙-KY,化學生技醫療,-0.92,0.0,0.0,0.0,0.0,0.0,0.0,0.0,0.0,0.0,0.0,0.0,0.0,18.9,0.0,0.0,0.0,0.0,0,16.9,64
4183,福永生技,生技醫療業,-0.33,508694000.0,0.0,0.0,329199717.9919748,0.0,31.57,59.88,15.66,75.54,0.0,0.0,0.0,0.0,0.0,0.0,0.0,27.78,29,0.0,0
4188,安克,生技醫療業,-0.88,37034000.0,0.0,0.0,21948759.053486094,0.0,0.0,0.0,0.0,0.0,0.0,0.0,0.0,11.05,0.0,0.0,0.0,10.52,35,32.4,9
4190,佐登-KY,化學生技醫療,-1.59,2247934000.0,0.0,0.0,2201306748.6108193,0.0,0.0,0.0,0.0,0.0,0.0,0.0,0.0,24.3,0.0,0.0,0.0,21.58,147,4.34,14
4192,杏國,生技醫療業,-1.3,27417000.0,0.0,0.0,27221490.739025746,0.0,3519.41,365.0,3340.0,3705.0,0.0,0.0,0.0,19.8,0.0,0.0,0.0,6.82,25,0.0,0
4160,訊聯基因,生技醫療業,0.81,583563000.0,720448148.1481481,0.39,651276485.1687516,0.9,54.99,88.23,23.17,111.4,20.85,100.26,49.49,39.7,1.25,0.53,2.53,48.73,45,15.53,56
4195,基米-創,創新板股票,-0.54,0.0,0.0,0.0,0.0,0.0,0.0,0.0,0.0,0.0,0.0,0.0,0.0,16.75,0.0,0.0,0.0,18.02,44,56.83,102
4157,太景*-KY,生技醫療業,0.06,39059000.0,650983333.3333334,0.36,514680636.738561,0.79,75.07,152.8,39.7,192.5,31.36,152.08,59.3,9.06,6.55,3.46,16.79,2.3,8,9.63,183
4155,訊映,化學生技醫療,0.58,1624178000.0,2800306896.5517244,0.22,1376726154.9190326,0.49,71.95,174.55,17.95,192.5,8.8,94.32,35.26,14.65,2.41,0.6,6.44,3.45,44,5.04,3
4120,友華,生技醫療業,-6.55,4544790000.0,0.0,0.0,4693042467.742427,0.0,60.91,159.51,21.16,180.67,0.0,0.0,0.0,44.1,0.0,0.0,0.0,29.05,30,18.07,25
4121,優盛,生技醫療業,-0.36,3836415000.0,0.0,0.0,3705287871.138837,0.0,0.0,0.0,0.0,0.0,0.0,0.0,0.0,14.2,0.0,0.0,0.0,0.0,0,2.72,14
4123,晟德,生技醫療業,12.36,1486819000.0,120292799.35275081,6.59,1852240825.8675683,15.4,10.12,15.73,2.64,18.37,40.66,282.9,155.77,38.4,4.06,1.06,7.37,23.13,35,5.32,93
4126,太醫,生技醫療業,5.28,2430779000.0,460374810.60606056,2.08,2337652582.4520707,5.08,15.46,3.68,13.67,17.35,69.44,88.14,78.55,79.2,0.99,0.88,1.11,1.41,29,4.81,25
4127,天良,生技醫療業,-0.21,495225000.0,0.0,0.0,839654601.4877789,0.0,129.86,422.63,70.94,493.57,0.0,0.0,0.0,68.7,0.0,0.0,0.0,2.22,4,6.76,10
4128,中天,生技醫療業,-1.29,1884923000.0,0.0,0.0,2025017104.3588424,0.0,0.0,0.0,0.0,0.0,0.0,0.0,0.0,14.55,0.0,0.0,0.0,15.69,50,24.95,11
4129,聯合,生技醫療業,5.83,5570321000.0,955458147.5128645,2.65,6428188248.935567,6.73,20.31,10.71,15.75,26.46,106.0,178.08,136.71,88.8,1.54,1.19,2.01,16.98,25,25.36,154
4130,健亞,生技醫療業,0.11,494127000.0,4492063636.363636,0.04,427807678.8562536,0.1,160.69,296.83,71.17,368.0,7.12,36.8,16.07,26.2,0.61,0.27,1.4,2.27,14,17.65,161
4131,浩泰,生技醫療業,-0.77,221004000.0,0.0,0.0,269870837.9902755,0.0,0.0,0.0,0.0,0.0,0.0,0.0,0.0,33.05,0.0,0.0,0.0,17.83,36,7.78,8
4133,亞諾法,化學生技醫療,-0.02,352143000.0,0.0,0.0,340729844.79087144,0.0,192.5,945.2,21.47,966.67,0.0,0.0,0.0,21.0,0.0,0.0,0.0,5.56,28,0.74,1
4137,麗豐-KY,化學生技醫療,7.13,3840036000.0,538574474.053296,3.07,4289132534.3926454,7.96,16.86,10.1,12.24,22.34,97.43,177.83,134.24,106.5,1.26,0.91,1.67,0.3,8,2.97,30
4138,曜亞,生技醫療業,4.0,1384713000.0,346178250.0,1.68,1396136750.5485172,4.03,15.23,6.31,12.51,18.82,50.42,75.84,61.36,50.7,1.21,0.99,1.5,8.7,18,0.12,2
4139,馬光-KY,生技醫療業,-1.55,1092563000.0,0.0,0.0,1068620053.3303205,0.0,70.05,74.47,50.53,125.0,0.0,0.0,0.0,22.75,0.0,0.0,0.0,19.73,123,2.11,64
4142,國光生,化學生技醫療,-0.57,1425470000.0,0.0,0.0,1484899050.3705666,0.0,0.0,0.0,0.0,0.0,0.0,0.0,0.0,17.2,0.0,0.0,0.0,6.69,50,17.44,165
4147,中裕,生技醫療業,-0.61,584770000.0,0.0,0.0,640346640.1668686,0.0,0.0,0.0,0.0,0.0,0.0,0.0,0.0,53.2,0.0,0.0,0.0,2.68,15,26.96,17
4148,全宇生技-KY,化學生技醫療,2.31,2922708000.0,1265241558.4415584,0.92,3330058904.510211,2.63,23.63,21.42,14.03,35.45,36.9,93.23,62.14,30.4,2.04,1.21,3.07,10.93,165,0.0,0
4552,力達-KY,電機機械,2.07,3459013000.0,1671020772.94686,0.8,3220547455.701092,1.93,12.36,12.05,7.82,19.87,15.09,38.35,23.85,20.55,1.16,0.73,1.87,0.0,0,4.38,66
4510,高鋒,電機機械,-1.02,1581975000.0,0.0,0.0,2215952528.308705,0.0,39.38,43.74,15.78,59.52,0.0,0.0,0.0,54.3,0.0,0.0,0.0,233.13,92,15.72,77
4513,福裕,電機機械,-1.79,1018902000.0,0.0,0.0,1405681276.9353585,0.0,56.9,59.3,37.22,96.52,0.0,0.0,0.0,14.8,0.0,0.0,0.0,99.07,80,9.62,108
4523,永彰,電機機械,22.27,612079000.0,27484463.403682083,16.74,925202631.301565,33.66,1.34,0.41,1.18,1.59,39.72,53.52,45.27,30.2,1.5,1.32,1.77,0.0,0,17.06,157
4526,東台,電機機械,1.82,5453188000.0,2996257142.857143,0.69,4250727101.4737043,1.42,46.55,48.12,17.58,65.7,24.96,93.29,66.1,42.8,1.54,0.58,2.18,74.03,108,56.95,77
4527,方土霖,電機機械,3.4,3024592000.0,889585882.3529412,1.58,3153323019.3016047,3.54,12.27,6.55,9.33,15.88,33.03,56.22,43.44,42.5,1.02,0.78,1.32,41.99,143,3.68,25
4528,江興鍛,電機機械,-0.32,1570974000.0,0.0,0.0,1479069501.9182801,0.0,450.38,2310.56,44.44,2355.0,0.0,0.0,0.0,15.45,0.0,0.0,0.0,3.88,74,14.44,93
4529,淳紳,其他,-0.74,5459000.0,0.0,0.0,9923280.770915462,0.0,0.0,0.0,0.0,0.0,0.0,0.0,0.0,4.71,0.0,0.0,0.0,11.81,21,11.55,35
4532,瑞智,電機機械,2.05,20554212000.0,10026444878.04878,1.0,19252026939.080822,1.92,13.23,7.46,10.33,17.79,19.83,34.16,25.4,24.3,1.05,0.82,1.41,8.33,59,0.0,0
4533,協易機,電機機械,0.2,3938898000.0,19694490000.0,0.08,3760721388.9411716,0.19,92.58,1696.44,16.06,1712.5,3.05,325.38,17.59,32.7,0.54,0.09,9.95,0.0,0,9.84,8
4534,慶騰,電機機械,0.0,801825000.0,0.0,0.0,928936359.8220125,0.0,1165.51,2934.13,70.87,3005.0,0.0,0.0,0.0,27.45,0.0,0.0,0.0,108.19,92,17.66,74
4535,至興,電機機械,1.3,2572197000.0,1978613076.9230769,0.52,2341485538.6126,1.18,15.86,15.41,12.11,27.52,14.29,32.47,18.72,27.3,0.69,0.52,1.19,7.75,107,3.25,7
4538,大詠城,電機機械,0.29,363369000.0,1252996551.724138,0.12,464389960.8394367,0.37,67.18,86.77,22.05,108.82,8.16,40.26,24.85,17.6,1.41,0.46,2.29,15.48,102,2.49,120
4540,全球傳動,電機機械,-0.66,2576441000.0,0.0,0.0,3559866583.7279425,0.0,0.0,0.0,0.0,0.0,0.0,0.0,0.0,75.4,0.0,0.0,0.0,41.22,73,25.57,87
4541,晟田,其他,2.03,1593892000.0,785168472.906404,1.01,2162133520.283689,2.75,709.39,3720.64,19.36,3740.0,53.24,10285.0,1950.82,46.7,41.77,1.14,220.24,15.03,183,34.24,94
4542,科嶠,電子零組件業,1.28,702589000.0,548897656.25,0.66,834120191.1671388,1.52,209.76,1132.84,27.16,1160.0,41.28,1763.2,318.84,262.0,1.22,0.16,6.73,52.55,136,22.87,98
4543,萬在,電機機械,0.53,783259000.0,1477847169.8113208,0.27,1023352152.2339256,0.69,39.33,105.55,11.12,116.67,7.67,80.5,27.14,42.15,0.64,0.18,1.91,0.0,0,7.41,10
4545,銘鈺,電子工業,0.18,2391456000.0,13285866666.666668,0.07,2319271181.236007,0.17,95.9,412.88,11.62,424.5,1.98,72.17,16.3,42.05,0.39,0.05,1.72,68.11,143,0.28,3
4549,桓達,電機機械,3.34,1266495000.0,379190119.76047903,1.17,1054148859.3505261,2.78,31.06,28.53,21.47,50.0,59.69,139.0,86.33,136.5,0.63,0.44,1.02,7.92,14,35.11,23
4550,長佳,電機機械,1.34,907487000.0,677229104.4776119,0.58,934375907.7853107,1.38,10.81,11.13,7.83,18.96,10.81,26.16,14.92,24.9,0.6,0.43,1.05,1.39,4,3.12,11
4506,崇友,電機機械,6.52,6147778000.0,942910736.1963191,2.88,6433907705.867775,6.82,19.5,5.31,16.81,22.12,114.64,150.86,132.99,117.0,1.14,0.98,1.29,0.45,25,15.22,120
4503,金雨,電機機械,1.37,678367000.0,495158394.1605839,0.55,838863322.2370958,1.69,92.17,152.39,17.61,170.0,29.76,287.3,155.77,39.1,3.98,0.76,7.35,4.65,32,16.99,72
4442,竣邦-KY,紡織纖維,5.25,1675561000.0,319154476.1904762,2.67,1737938924.3517864,5.45,14.18,11.95,10.5,22.45,57.22,122.35,77.28,50.6,1.53,1.13,2.42,54.63,183,54.76,170
4198,欣大健康,生技醫療業,-1.97,196995000.0,0.0,0.0,147551482.36873356,0.0,8.09,5.01,6.71,11.72,0.0,0.0,0.0,38.65,0.0,0.0,0.0,13.47,25,17.01,32
4205,中華食,食品工業,4.23,2048169000.0,484200709.2198581,1.75,2113278362.0134366,4.36,20.45,6.69,17.61,24.3,76.78,105.95,89.16,72.2,1.23,1.06,1.47,0.0,0,5.27,42
4207,環泰,食品工業,1.76,5176930000.0,2941437500.0,0.79,5379568439.955268,1.83,13.75,6.72,9.57,16.29,17.51,29.81,25.17,19.65,1.28,0.89,1.52,0.27,2,22.36,168
4303,信立,塑膠工業,11.14,980754000.0,88038958.70736086,4.42,1059801056.5443368,12.04,6.63,13.22,2.66,15.88,32.03,191.2,79.82,48.3,1.65,0.66,3.96,16.86,182,12.67,45
4304,勝昱,塑膠工業,-1.16,342667000.0,0.0,0.0,350361990.06179136,0.0,0.0,0.0,0.0,0.0,0.0,0.0,0.0,27.0,0.0,0.0,0.0,137.5,79,188.37,161
4305,世坤,塑膠工業,3.83,1088255000.0,284139686.6840731,1.49,1046325011.0738064,3.68,12.29,4.37,10.43,14.8,38.38,54.46,45.21,43.95,1.03,0.87,1.24,7.72,25,6.09,57
4306,炎洲,塑膠工業,0.27,13142952000.0,48677600000.0,0.12,14800158919.794853,0.3,26.59,47.44,10.16,57.6,3.05,17.28,7.98,14.25,0.56,0.21,1.21,13.18,38,1.25,3
4401,東隆興,紡織纖維,0.73,3932210000.0,5386589041.095891,0.28,3708268455.1695704,0.69,37.21,137.8,13.87,151.67,9.57,104.65,25.68,13.6,1.89,0.7,7.69,4.35,108,4.41,7
4402,郡都開發,紡織纖維,-0.13,23142000.0,0.0,0.0,19580713.93239901,0.0,213.29,108.88,168.0,276.88,0.0,0.0,0.0,12.1,0.0,0.0,0.0,61.52,77,11.03,94
4406,新昕纖,紡織纖維,-1.08,492484000.0,0.0,0.0,267156856.38265914,0.0,0.0,0.0,0.0,0.0,0.0,0.0,0.0,9.8,0.0,0.0,0.0,9.43,30,0.0,0
4413,飛寶企業,紡織纖維,0.53,797445000.0,1504613207.5471697,0.19,886262997.7195731,0.59,83.12,300.37,17.96,318.33,10.6,187.81,49.04,16.7,2.94,0.63,11.25,0.8,4,9.89,53
4414,如興,紡織纖維,0.65,14392916000.0,22142947692.30769,0.26,13572026945.376764,0.61,15.55,44.37,2.88,47.25,1.76,28.82,9.49,7.86,1.21,0.22,3.67,24.76,43,299.69,98
4416,三圓,建材營造,-0.64,1096928000.0,0.0,0.0,4398201521.2438135,0.0,558.63,979.06,13.44,992.5,0.0,0.0,0.0,11.45,0.0,0.0,0.0,11.52,92,1.88,7
4417,金洲,紡織纖維,6.13,3526922000.0,575354323.0016314,2.22,3143141372.9745483,5.46,9.54,4.21,7.52,11.73,41.06,64.05,52.07,45.65,1.14,0.9,1.4,6.58,127,21.89,163
4420,光明,紡織纖維,5.52,1018773000.0,184560326.08695653,2.25,990564165.4750748,5.37,6.04,51.25,1.1,52.35,5.91,281.12,32.45,38.2,0.85,0.15,7.36,21.0,92,3.92,2
4426,利勤,紡織纖維,-2.93,875169000.0,0.0,0.0,899943700.2424206,0.0,0.0,0.0,0.0,0.0,0.0,0.0,0.0,7.76,0.0,0.0,0.0,1.17,10,1.82,93
4430,耀億,其他,-0.19,2072039000.0,0.0,0.0,2100406799.7615156,0.0,0.0,0.0,0.0,0.0,0.0,0.0,0.0,16.9,0.0,0.0,0.0,18.89,155,0.0,0
4432,銘旺實,紡織纖維,0.88,1113575000.0,1265426136.3636363,0.29,1020693682.4547209,0.81,14.69,27.84,4.93,32.77,3.99,26.54,11.9,17.35,0.69,0.23,1.53,3.98,91,8.81,17
4433,興采,紡織纖維,1.06,3437293000.0,3242729245.2830186,0.44,3451897550.879903,1.06,155.61,484.9,16.77,501.67,17.78,531.77,164.95,21.1,7.82,0.84,25.2,1.69,10,5.53,22
4438,廣越,紡織纖維,3.06,19317257000.0,6312829084.96732,0.88,21421918985.874954,3.39,27.24,46.04,14.48,60.52,49.09,205.16,92.34,61.1,1.51,0.8,3.36,0.44,2,3.29,7
4439,冠星-KY,紡織纖維,7.73,6940476000.0,897862354.4631306,3.29,7439745443.328071,8.29,26.24,47.76,10.62,58.38,88.04,483.97,217.52,91.8,2.37,0.96,5.27,4.19,25,25.0,175
4440,宜新實業,紡織纖維,1.14,1056073000.0,926379824.5614036,0.55,1338576571.9413226,1.44,16.85,17.43,9.63,27.06,13.87,38.97,24.26,17.75,1.37,0.78,2.2,7.72,135,25.07,137
4441,振大環球,紡織纖維,14.72,4114059000.0,279487703.8043478,0.0,0.0,0.0,19.24,11.92,13.47,25.39,0.0,0.0,0.0,210.5,0.0,0.0,0.0,56.04,142,35.86,154
4502,健信,電機機械,-1.52,967569000.0,0.0,0.0,1066778627.2708039,0.0,78.37,107.53,35.8,143.33,0.0,0.0,0.0,15.7,0.0,0.0,0.0,19.19,14,11.57,71
3356,奇偶,電子工業,6.21,1017729000.0,163885507.2463768,2.95,1110333712.1158123,6.78,11.96,19.27,5.06,24.33,34.31,164.96,81.1,62.2,1.3,0.55,2.65,3.57,1,11.22,114
3402,漢科,其他電子類,7.5,5235312000.0,698041600.0,3.33,5801637446.767574,8.31,16.02,10.77,10.44,21.21,86.76,176.26,133.16,146.0,0.91,0.59,1.21,30.0,32,63.03,93
3354,律勝,電子零組件業,-0.84,96893000.0,0.0,0.0,116664358.3675718,0.0,0.0,0.0,0.0,0.0,0.0,0.0,0.0,34.6,0.0,0.0,0.0,31.87,140,19.82,78
2751,王座,觀光餐旅,4.57,1733655000.0,379355579.86870897,2.2,2350664306.3685346,6.2,15.0,7.12,11.0,18.12,68.2,112.34,93.02,52.5,1.77,1.3,2.14,3.74,31,28.14,99
2762,世界健身-KY,運動休閒,3.75,10884710000.0,2902589333.3333335,1.64,11974488495.230429,4.13,27.57,22.03,14.94,36.97,61.7,152.69,113.88,85.5,1.33,0.72,1.79,11.68,149,6.75,140
2801,彰銀,金融保險,1.51,45006999000.0,29805959602.649006,0.68,50792231991.000206,1.7,13.96,3.12,12.33,15.45,20.96,26.26,23.73,20.45,1.16,1.02,1.28,4.68,39,13.19,44
2812,台中銀,金融保險,1.53,20382325000.0,13321781045.751635,0.73,24504151786.798267,1.84,13.39,4.27,11.43,15.7,21.03,28.89,24.64,18.4,1.34,1.14,1.57,7.55,45,16.34,65
2816,旺旺保,金融保險,4.66,11080464000.0,2377781974.248927,2.86,17456416021.17529,7.34,6.62,3.38,4.82,8.2,35.38,60.19,48.62,33.3,1.46,1.06,1.81,12.35,44,15.33,182
2820,華票,金融保險,1.34,2927811000.0,2184933582.089552,0.77,4880273898.1347275,2.23,14.74,6.32,10.99,17.31,24.51,38.6,32.86,16.75,1.96,1.46,2.3,2.61,18,12.13,100
2832,台產,金融保險,3.91,7271628000.0,1859751406.6496162,2.15,9813865059.08805,5.28,10.3,8.27,8.34,16.61,44.04,87.7,54.37,53.6,1.01,0.82,1.64,7.24,85,59.42,178
2834,臺企銀,金融保險,1.26,35009065000.0,27784972222.22222,0.53,36317649792.4306,1.31,12.62,5.34,10.53,15.87,13.79,20.79,16.53,16.2,1.02,0.85,1.28,13.95,35,12.54,51
2836,高雄銀,金融保險,0.68,4981646000.0,7325949999.999999,0.29,5388778164.770393,0.74,21.68,13.06,15.74,28.8,11.65,21.31,16.04,11.7,1.37,1.0,1.82,13.73,37,8.15,39
2836A,高雄銀甲特,金融保險,0.0,0.0,0.0,0.0,0.0,0.0,0.0,0.0,0.0,0.0,0.0,0.0,0.0,24.35,0.0,0.0,0.0,3.56,170,5.83,182
2838,聯邦銀,金融保險,1.29,20088744000.0,15572669767.44186,0.6,24677847338.580776,1.58,14.45,4.58,12.56,17.14,19.84,27.08,22.83,20.5,1.11,0.97,1.32,8.95,39,19.82,143
2838A,聯邦銀甲特,金融保險,0.0,0.0,0.0,0.0,0.0,0.0,0.0,0.0,0.0,0.0,0.0,0.0,0.0,54.4,0.0,0.0,0.0,0.94,31,1.83,38
2845,遠東銀,金融保險,0.93,12771715000.0,13733026881.720428,0.42,14615042464.54607,1.06,13.97,4.83,11.63,16.46,12.33,17.45,14.81,12.1,1.22,1.02,1.44,10.83,35,10.2,77
2849,安泰銀,金融保險,0.79,5702683000.0,7218586075.949367,0.37,6752441847.378245,0.94,18.13,8.24,13.82,22.06,12.99,20.74,17.04,14.0,1.22,0.93,1.48,9.12,32,5.68,29
2850,新產,金融保險,12.28,21479434000.0,1749139576.5472314,6.59,28752693470.027424,16.44,9.99,3.25,8.18,11.43,134.48,187.91,164.2,142.5,1.15,0.94,1.32,10.41,21,17.56,120
2641,正德,航運業,2.0,2306951000.0,1153475500.0,0.88,2786259676.781618,2.42,10.62,7.03,7.23,14.26,17.5,34.51,25.71,19.35,1.33,0.9,1.78,1.48,4,12.72,101
2642,宅配通,航運業,-1.04,3859459000.0,0.0,0.0,3227942396.483606,0.0,52.96,52.26,29.3,81.56,0.0,0.0,0.0,20.95,0.0,0.0,0.0,17.59,148,19.59,98
2643,捷迅,航運業,6.3,8198219000.0,1301304603.1746032,2.17,7161674454.982391,5.5,11.65,3.4,10.48,13.88,57.64,76.34,64.06,66.9,0.96,0.86,1.14,4.04,18,0.39,2
2645,長榮航太,航運業,5.46,18258462000.0,3344040659.340659,2.41,19859087286.452553,5.94,25.11,28.45,17.47,45.92,103.77,272.76,149.15,172.5,0.86,0.6,1.58,5.05,24,76.86,93
2646,星宇航空,航運業,0.08,43455568000.0,543194600000.0,0.04,53523054916.779594,0.1,128.17,221.02,46.2,267.22,4.62,26.72,12.82,20.7,0.62,0.22,1.29,45.56,136,3.73,71
2851,中再保,金融保險,3.66,22564473000.0,6165156557.3770485,1.74,27590823214.50226,4.48,9.21,7.41,6.3,13.71,28.22,61.42,41.27,35.15,1.17,0.8,1.75,1.26,4,8.33,183
2855,統一證,金融保險,3.0,12942411000.0,4314137000.0,2.68,47110701456.16406,10.92,11.26,13.31,6.65,19.96,72.62,217.96,123.0,48.2,2.55,1.51,4.52,13.43,21,11.63,127
2901,欣欣,貿易百貨,0.38,130775000.0,344144736.84210527,0.16,136899727.30355495,0.4,66.21,20.38,54.76,75.14,21.9,30.06,26.49,23.5,1.13,0.93,1.28,4.76,161,6.27,25
2903,遠百,貿易百貨,1.56,34266429000.0,21965659615.384613,0.62,33762926371.707478,1.54,15.11,7.01,12.58,19.59,19.37,30.17,23.27,21.9,1.06,0.88,1.38,12.18,31,7.49,177
2904,匯僑,其他,0.98,483900000.0,493775510.20408165,0.35,393394914.6318199,0.8,16.4,13.79,11.81,25.6,9.45,20.48,13.12,14.2,0.92,0.67,1.44,2.62,4,0.81,32
2905,三商,貿易百貨,0.71,165658168000.0,233321363380.2817,0.31,131306164894.74324,0.56,29.6,41.09,7.61,48.7,4.26,27.27,16.58,13.7,1.21,0.31,1.99,11.64,73,28.06,177
2906,高林,貿易百貨,0.47,8788364000.0,18698646808.51064,0.21,8982792964.116379,0.48,31.48,13.28,25.0,38.28,12.0,18.37,15.11,12.55,1.2,0.96,1.46,10.93,32,0.63,4
2908,特力,貿易百貨,0.23,34350128000.0,149348382608.69565,0.1,35938758130.72692,0.24,68.7,131.0,29.38,160.38,7.05,38.49,16.49,21.55,0.77,0.33,1.79,3.82,9,1.46,11
2910,統領,貿易百貨,1.23,534053000.0,434189430.8943089,0.51,519771301.9491492,1.2,20.24,8.16,16.71,24.87,20.05,29.84,24.29,22.0,1.1,0.91,1.36,7.09,84,6.6,25
2911,麗嬰房,貿易百貨,2.15,2396308000.0,1114561860.4651163,0.66,1591293660.0078092,1.43,2.28,1.3,1.44,2.74,2.06,3.92,3.27,7.68,0.43,0.27,0.51,59.15,126,40.4,16
2912,統一超,貿易百貨,10.78,349361674000.0,32408318552.875698,4.6,365691724082.6918,11.28,23.39,8.58,18.82,27.4,212.29,309.07,263.79,227.5,1.16,0.93,1.36,12.43,113,5.71,42
2913,農林,貿易百貨,-0.15,478252000.0,0.0,0.0,431175242.66701066,0.0,0.0,0.0,0.0,0.0,0.0,0.0,0.0,11.1,0.0,0.0,0.0,8.88,44,2.22,31
2915,潤泰全,貿易百貨,9.3,2699478000.0,290266451.6129032,2.45,1521198033.010885,5.24,6.48,7.19,3.89,11.08,20.38,58.06,33.98,45.25,0.75,0.45,1.28,19.19,44,15.97,32
2923,鼎固-KY,建材營造,-3.62,3198488000.0,0.0,0.0,13837850549.883617,0.0,63.72,51.42,41.02,92.44,0.0,0.0,0.0,25.7,0.0,0.0,0.0,28.23,119,18.08,29
2926,誠品生活,文化創意業,0.54,6956487000.0,12882383333.333332,0.23,7332647874.206102,0.57,85.82,154.54,41.39,195.93,23.59,111.68,48.92,34.9,1.4,0.68,3.2,4.05,18,0.0,0
2929,淘帝-KY,貿易百貨,-1.68,1848650000.0,0.0,0.0,1562446227.0091174,0.0,55.27,69.03,35.26,104.29,0.0,0.0,0.0,5.79,0.0,0.0,0.0,66.31,183,4.42,58
2939,永邑-KY,貿易百貨,-3.68,313675000.0,0.0,0.0,252979081.28472948,0.0,0.0,0.0,0.0,0.0,0.0,0.0,0.0,21.0,0.0,0.0,0.0,41.54,112,0.0,0
2941,米斯特,居家生活類,2.36,936342000.0,396755084.7457627,0.99,933506708.2383356,2.35,19.19,15.86,10.88,26.74,25.57,62.84,45.1,31.0,1.45,0.82,2.03,15.12,46,0.0,0
2945,三商家購,貿易百貨,2.14,14731084000.0,6883684112.149532,0.99,16972779334.626282,2.47,20.16,8.36,17.15,25.51,42.36,63.01,49.8,41.7,1.19,1.02,1.51,0.0,0,4.16,30
2948,寶陞,居家生活類,2.17,2162553000.0,996568202.764977,0.88,2106800778.1191874,2.11,19.83,9.52,15.91,25.43,33.57,53.66,41.85,0.0,0.0,0.0,0.0,1.08,9,0.0,0
2897B,王道銀乙特,金融保險,0.0,0.0,0.0,0.0,0.0,0.0,0.0,0.0,0.0,0.0,0.0,0.0,0.0,11.85,0.0,0.0,0.0,3.88,156,0.42,2
2852,第一保,金融保險,2.92,7517297000.0,2574416780.821918,1.47,9401312295.346766,3.65,8.96,2.7,7.57,10.27,27.63,37.49,32.7,27.1,1.21,1.02,1.38,1.8,183,7.9,25
2897,王道銀行,金融保險,0.61,9927851000.0,16275165573.770493,0.3,12759543030.265211,0.78,12.37,7.97,9.28,17.25,7.24,13.46,9.65,9.94,0.97,0.73,1.35,4.74,39,0.75,16
2891C,中信金丙特,金融保險,0.0,0.0,0.0,0.0,0.0,0.0,0.0,0.0,0.0,0.0,0.0,0.0,0.0,62.5,0.0,0.0,0.0,0.0,0,1.17,39
2867,三商壽,金融保險,0.2,94802262000.0,474011310000.0,0.1,85302020129.98875,0.18,55.91,104.37,13.63,118.0,2.45,21.24,10.06,7.63,1.32,0.32,2.78,15.85,39,42.39,147
2880,華南金,金融保險,1.9,68970569000.0,36300299473.68421,0.87,81557291381.8448,2.25,16.77,6.75,14.3,21.05,32.18,47.36,37.74,32.85,1.15,0.98,1.44,14.98,59,15.71,183
2881,富邦金,金融保險,8.37,378273064000.0,45193914456.39188,3.6,450414205005.29877,9.97,11.41,9.08,7.3,16.38,72.78,163.31,113.79,110.5,1.03,0.66,1.48,27.37,91,14.91,164
2881A,富邦特,金融保險,0.0,0.0,0.0,0.0,0.0,0.0,0.0,0.0,0.0,0.0,0.0,0.0,0.0,63.6,0.0,0.0,0.0,1.43,45,0.78,15
2881B,富邦金乙特,金融保險,0.0,0.0,0.0,0.0,0.0,0.0,0.0,0.0,0.0,0.0,0.0,0.0,0.0,62.6,0.0,0.0,0.0,1.01,133,0.32,28
2881C,富邦金丙特,金融保險,0.0,0.0,0.0,0.0,0.0,0.0,0.0,0.0,0.0,0.0,0.0,0.0,0.0,50.8,0.0,0.0,0.0,0.0,0,3.84,94
2882,國泰金,金融保險,7.06,350182831000.0,49600967563.73938,2.61,323175199059.9973,6.52,11.69,8.45,7.27,15.72,47.4,102.49,76.24,88.2,0.86,0.54,1.16,23.1,137,14.24,11
2882A,國泰特,金融保險,0.0,0.0,0.0,0.0,0.0,0.0,0.0,0.0,0.0,0.0,0.0,0.0,0.0,61.8,0.0,0.0,0.0,1.48,16,0.65,23
2882B,國泰金乙特,金融保險,0.0,0.0,0.0,0.0,0.0,0.0,0.0,0.0,0.0,0.0,0.0,0.0,0.0,60.7,0.0,0.0,0.0,1.01,179,0.33,16
2883,凱基金,金融保險,1.74,69242451000.0,39794512068.965515,1.08,76426260357.7976,1.92,11.63,9.67,7.75,17.42,14.88,33.45,22.32,22.65,0.99,0.66,1.48,26.6,183,3.52,2
2883B,凱基金乙特,金融保險,0.0,0.0,0.0,0.0,0.0,0.0,0.0,0.0,0.0,0.0,0.0,0.0,0.0,8.11,0.0,0.0,0.0,6.81,161,1.03,71
2884,玉山金,金融保險,2.12,90758158000.0,42810451886.79245,1.0,111506055732.07425,2.6,17.45,7.8,13.95,21.75,36.27,56.55,45.37,31.45,1.44,1.15,1.8,6.47,45,16.5,43
2885,元大金,金融保險,2.74,125092925000.0,45654352189.78102,1.61,190896505692.17163,4.18,14.18,10.76,9.86,20.62,41.21,86.19,59.25,59.2,1.0,0.7,1.46,9.61,183,15.66,183
2886,兆豐金,金融保險,2.36,81638284000.0,34592493220.33898,1.06,96458578882.09491,2.79,17.43,5.19,15.19,20.38,42.38,56.86,48.63,41.45,1.17,1.02,1.37,10.18,56,9.97,65
2887,台新新光金,金融保險,1.91,135353846000.0,70865887958.11519,1.23,303968033922.6251,4.29,15.14,15.93,9.93,25.86,42.6,110.94,64.94,24.6,2.64,1.73,4.51,10.27,56,19.28,135
2887E,台新新光戊特一,金融保險,0.0,0.0,0.0,0.0,0.0,0.0,0.0,0.0,0.0,0.0,0.0,0.0,0.0,50.6,0.0,0.0,0.0,0.76,8,0.2,3
2887F,台新新光戊特二,金融保險,0.0,0.0,0.0,0.0,0.0,0.0,0.0,0.0,0.0,0.0,0.0,0.0,0.0,46.8,0.0,0.0,0.0,1.27,18,0.54,178
2887G,台新新光庚特一,金融保險,0.0,0.0,0.0,0.0,0.0,0.0,0.0,0.0,0.0,0.0,0.0,0.0,0.0,42.55,0.0,0.0,0.0,11.66,182,11.66,182
2887H,台新新光庚特二,金融保險,0.0,0.0,0.0,0.0,0.0,0.0,0.0,0.0,0.0,0.0,0.0,0.0,0.0,40.8,0.0,0.0,0.0,11.06,180,11.06,180
2887I,台新新光辛特,金融保險,0.0,0.0,0.0,0.0,0.0,0.0,0.0,0.0,0.0,0.0,0.0,0.0,0.0,9.37,0.0,0.0,0.0,4.67,138,4.67,138
2887Z1,台新新光己特,金融保險,0.0,0.0,0.0,0.0,0.0,0.0,0.0,0.0,0.0,0.0,0.0,0.0,0.0,17.15,0.0,0.0,0.0,0.6,3,1.88,162
2889,國票金,金融保險,0.63,8459319000.0,13427490476.190475,0.38,17239920353.780376,1.28,26.11,16.53,18.9,35.43,24.19,45.35,33.41,14.75,2.27,1.64,3.07,14.72,35,35.29,36
2890,永豐金,金融保險,1.97,73621169000.0,37371151776.64975,1.1,106231587451.84837,2.84,14.28,7.29,10.91,18.2,30.98,51.69,40.55,30.45,1.33,1.02,1.7,17.2,42,21.15,183
2891,中信金,金融保險,4.08,237902628000.0,58309467647.05882,1.76,278543566010.38367,4.78,12.12,5.69,9.5,15.19,45.41,72.61,57.92,62.1,0.93,0.73,1.17,12.23,37,7.54,35
2891B,中信金乙特,金融保險,0.0,0.0,0.0,0.0,0.0,0.0,0.0,0.0,0.0,0.0,0.0,0.0,0.0,64.5,0.0,0.0,0.0,1.83,39,1.74,39
2892,第一金,金融保險,1.87,76661762000.0,40995594652.40642,0.82,85893044047.68704,2.1,15.81,4.08,13.48,17.56,28.31,36.88,33.2,27.75,1.2,1.02,1.33,7.08,56,15.17,65
2949,欣新網,數位雲端類,3.99,5647538000.0,1415423057.6441102,1.7,6691683037.081227,4.73,20.45,12.51,14.44,26.95,68.3,127.47,96.71,63.5,1.52,1.08,2.01,4.72,176,0.0,0
2637,慧洋-KY,航運業,5.27,16585078000.0,3147073624.2884254,2.44,20188251437.31218,6.41,11.64,11.97,6.32,18.29,40.51,117.24,74.61,78.8,0.95,0.51,1.49,5.47,165,6.76,183
2634,漢翔,航運業,0.78,35067533000.0,44958375641.02564,0.34,36902837301.95734,0.82,39.28,60.91,17.23,78.14,14.13,64.07,32.21,47.75,0.67,0.3,1.34,2.82,4,49.33,100
2476,鉅祥,電子工業,4.36,7295984000.0,1673390825.6880732,2.22,9407016262.527256,5.62,21.42,19.84,11.83,31.67,66.48,177.99,120.36,122.0,0.99,0.54,1.46,24.07,32,61.18,100
2477,美隆電,其他電子業,1.68,2484147000.0,1478658928.5714285,0.62,2596234492.5793247,1.76,18.63,36.04,12.06,48.1,21.23,84.66,32.79,22.15,1.48,0.96,3.82,69.78,148,34.99,86
2478,大毅,電子工業,3.45,5425300000.0,1572550724.637681,1.54,5887051968.853538,3.74,17.7,27.6,11.21,38.81,41.93,145.15,66.19,144.0,0.46,0.29,1.01,8.15,43,51.74,164
2480,敦陽科,資訊服務業,8.0,8422821000.0,1052852625.0,3.86,9294791570.050884,8.83,18.76,8.04,15.11,23.15,133.42,204.41,165.65,161.0,1.03,0.83,1.27,3.53,135,10.33,71
2481,強茂,半導體業,3.11,12976514000.0,4172512540.1929264,1.4,14385236241.815447,3.45,26.04,35.49,16.1,51.59,55.55,177.99,89.84,157.0,0.57,0.35,1.13,14.66,43,104.77,141
2482,連宇,其他電子業,-1.09,493731000.0,0.0,0.0,491726243.1885116,0.0,34.14,32.93,14.33,47.26,0.0,0.0,0.0,16.75,0.0,0.0,0.0,30.18,30,24.29,98
2483,百容,電子工業,0.6,1759470000.0,2932450000.0,0.28,1957249324.057192,0.67,84.19,289.5,23.83,313.33,15.97,209.93,56.4,25.5,2.21,0.63,8.23,3.58,31,16.35,114
2484,希華,電子工業,0.79,2409420000.0,3049898734.177215,0.32,2315362134.951569,0.76,33.62,58.4,17.37,75.77,13.2,57.59,25.55,53.2,0.48,0.25,1.08,1.55,35,6.74,147
2485,兆赫,通信網路業,-0.96,2424065000.0,0.0,0.0,5077043699.297963,0.0,1811.54,210.0,1707.5,1917.5,0.0,0.0,0.0,72.6,0.0,0.0,0.0,4.72,32,104.76,179
2486,一詮,光電業,0.22,5995655000.0,27252977272.727272,0.1,7102228276.158545,0.26,535.58,1311.2,113.8,1425.0,29.59,370.5,139.25,266.5,0.52,0.11,1.39,37.14,42,32.12,169
2488,漢平,其他電子業,4.56,3025797000.0,663551973.6842105,1.73,2894102073.4834313,4.36,9.99,5.37,7.55,12.92,32.92,56.33,43.57,54.1,0.81,0.61,1.04,22.85,182,8.23,86
2489,瑞軒,光電業,1.23,24716288000.0,20094543089.430893,0.5,26574768977.42878,1.32,17.3,45.64,6.19,51.83,8.17,68.42,22.84,48.65,0.47,0.17,1.41,25.3,42,18.68,133
2491,吉祥全,光電業,1.42,177475000.0,124982394.36619718,0.57,164111566.76530784,1.31,30.17,52.3,5.74,58.04,7.52,76.03,39.53,25.6,1.54,0.29,2.97,0.0,0,69.63,183
2474,可成,電子工業,11.36,19119043000.0,1683014348.5915494,3.64,15150471046.432812,9.0,14.13,12.4,9.01,21.41,81.09,192.69,127.21,223.5,0.57,0.36,0.86,8.91,137,2.84,64
2472,立隆電,電子工業,8.72,11200459000.0,1284456307.3394494,4.02,12383275793.336449,9.64,13.91,36.58,8.74,45.32,84.25,436.88,134.07,392.0,0.34,0.21,1.11,18.06,43,53.54,148
2457,飛宏,電子工業,-1.48,10144830000.0,0.0,0.0,8736817008.014343,0.0,72.08,45.1,42.4,87.5,0.0,0.0,0.0,26.85,0.0,0.0,0.0,2.36,1,46.61,147
2458,義隆,半導體業,8.54,12381283000.0,1449798946.1358316,3.64,12666202003.47966,8.74,15.53,8.07,10.62,18.69,92.82,163.35,135.75,167.0,0.81,0.56,0.98,0.61,17,1.87,108
2460,建通,電子工業,-2.99,3124587000.0,0.0,0.0,4665782022.76883,0.0,0.0,0.0,0.0,0.0,0.0,0.0,0.0,32.8,0.0,0.0,0.0,8.47,8,17.39,71
2461,光群雷,其他電子業,-0.61,5225852000.0,0.0,0.0,5405538565.714772,0.0,20.15,55.98,8.77,64.75,0.0,0.0,0.0,16.8,0.0,0.0,0.0,4.02,4,0.57,3
2462,良得電,電子工業,0.27,4119265000.0,15256537037.037037,0.11,3893009657.3096976,0.26,42.53,317.75,12.25,330.0,3.18,85.8,11.06,23.1,0.48,0.14,3.71,2.68,32,26.7,109
2464,盟立,其他電子業,-0.83,6834567000.0,0.0,0.0,7075864042.269019,0.0,99.44,90.29,66.11,156.4,0.0,0.0,0.0,199.0,0.0,0.0,0.0,29.66,37,32.41,100
2465,麗臺,電子工業,0.42,5036165000.0,11990869047.619047,0.23,6788337372.181231,0.57,134.06,172.22,57.27,229.49,32.64,130.81,76.41,88.5,0.86,0.37,1.48,0.0,0,33.5,136
2466,冠西電,光電業,0.23,974812000.0,4238313043.4782605,0.06,709281369.4396528,0.17,85.32,246.49,27.68,274.17,4.71,46.61,14.5,47.0,0.31,0.1,0.99,0.0,0,6.78,38
2467,志聖,電子工業,5.49,5932149000.0,1080537158.4699454,3.48,10040399161.824898,9.29,47.92,88.93,22.81,111.74,211.9,1038.06,445.18,637.0,0.7,0.33,1.63,83.15,86,48.6,100
2468,華經,資訊服務業,1.25,2725131000.0,2180104800.0,0.49,2263990855.9007654,1.04,39.27,66.57,17.81,84.38,18.52,87.76,40.85,36.5,1.12,0.51,2.4,1.1,44,11.18,16
2471,資通,資訊服務業,3.62,968338000.0,267496685.08287293,1.69,1130396163.57665,4.23,17.18,11.06,12.69,23.75,53.68,100.46,72.69,54.6,1.33,0.98,1.84,8.67,43,0.69,1
2636,台驊控股,航運業,7.74,21178369000.0,2736223385.01292,3.07,19065826520.85442,6.97,8.53,4.59,6.17,10.76,43.0,75.0,59.48,69.8,0.85,0.62,1.07,0.45,3,0.25,2
2492,華新科,電子工業,4.74,36273718000.0,7652683122.362869,2.11,40074789730.260315,5.24,23.29,68.88,10.81,79.69,56.64,417.58,122.03,416.0,0.29,0.14,1.0,11.3,44,75.8,148
2493,揚博,電子工業,4.56,3731121000.0,818228289.4736843,1.94,3822496441.8781934,4.67,19.73,27.1,11.55,38.65,53.94,180.5,92.12,153.0,0.6,0.35,1.18,28.02,151,76.41,88
2543,皇昌,建材營造,2.9,11600814000.0,4000280689.6551723,1.39,15010183026.705948,3.75,19.0,13.71,13.86,27.57,51.97,103.39,71.25,47.0,1.52,1.11,2.2,92.32,130,4.69,7
2545,皇翔,建材營造,2.14,6423225000.0,3001507009.345794,1.09,8177183970.242078,2.72,9.68,20.31,5.13,25.44,13.95,69.2,26.33,36.95,0.71,0.38,1.87,28.66,176,10.16,7
2546,根基,建材營造,9.73,20986780000.0,2156914696.8139772,3.85,24371884845.44466,11.3,10.67,5.86,8.3,14.16,93.79,160.01,120.54,87.3,1.38,1.07,1.83,4.66,45,15.76,105
2547,日勝生,建材營造,2.97,6103457000.0,2055036026.9360268,1.43,6642268833.649669,3.23,7.67,68.17,3.62,71.79,11.69,231.88,24.77,9.92,2.5,1.18,23.38,4.85,59,0.0,0
2548,華固,建材營造,10.13,17869193000.0,1763987462.9812436,3.14,5497742474509.775,3116.66,26.61,76.5,9.32,85.82,29047.27,267471.76,82928.78,122.5,676.97,237.12,2183.44,19.18,17,6.36,39
2596,綠意,建材營造,1.86,1379072000.0,741436559.1397849,0.84,767572416.2965631,1.04,52.17,157.21,13.94,171.15,14.5,178.0,54.26,27.85,1.95,0.52,6.39,46.05,59,0.53,2
2597,潤弘,建材營造,11.1,29977603000.0,2700684954.954955,5.03,36900750133.79278,13.66,15.11,11.12,10.59,21.71,144.66,296.56,206.44,166.5,1.24,0.87,1.78,32.88,59,6.91,52
2603,長榮,航運業,31.68,386268472000.0,12192817929.292929,12.19,322268463846.61334,26.43,4.84,7.3,2.65,9.95,70.04,262.98,127.86,224.0,0.57,0.31,1.17,10.9,171,2.23,1
2605,新興,航運業,1.45,4393818000.0,3030219310.3448277,0.75,5655363858.261957,1.87,19.17,38.43,7.17,45.6,13.41,85.27,35.86,33.2,1.08,0.4,2.57,1.25,30,20.77,183
2606,裕民,航運業,4.31,15370434000.0,3566225986.0788865,1.96,18337846932.59299,5.14,12.99,9.53,8.55,18.08,43.95,92.93,66.76,71.9,0.93,0.61,1.29,3.2,4,12.99,183
2607,榮運,航運業,3.77,17370304000.0,4607507692.307693,1.49,15407125570.659464,3.34,12.19,11.64,8.67,20.31,28.96,67.84,40.72,48.55,0.84,0.6,1.4,1.06,3,70.65,136
2608,嘉里大榮,航運業,1.98,12880973000.0,6505541919.191919,0.81,12840107724.503916,1.97,15.67,7.12,10.66,17.78,21.0,35.03,30.87,29.4,1.05,0.71,1.19,0.0,0,0.0,0
2609,陽明,航運業,4.9,167762203000.0,34237184285.714283,1.93,147409236285.61337,4.31,8.01,24.1,3.08,27.18,13.27,117.15,34.52,54.9,0.63,0.24,2.13,10.28,3,1.14,1
2610,華航,航運業,2.42,208753674000.0,86261848760.33058,1.12,226578130409.89624,2.63,10.89,10.32,7.11,17.43,18.7,45.84,28.63,19.55,1.46,0.96,2.34,20.77,183,0.44,2
2611,志信,航運業,0.51,675806000.0,1325109803.9215686,0.41,1250424194.119817,0.94,25.42,76.89,6.27,83.16,5.89,78.17,23.9,13.65,1.75,0.43,5.73,7.44,17,1.99,2
2612,中航,航運業,5.46,4864523000.0,890938278.3882784,2.4,5039964495.857684,5.66,14.02,28.73,6.58,35.31,37.24,199.85,79.33,57.3,1.38,0.65,3.49,2.12,4,44.69,183
2613,中櫃,航運業,1.14,3351986000.0,2940338596.491228,0.49,3575071256.9640126,1.22,29.61,24.26,18.86,43.12,23.01,52.61,36.13,22.8,1.58,1.01,2.31,17.5,8,0.0,0
2615,萬海,航運業,11.21,142685313000.0,12728395450.490633,4.61,133007886204.84782,10.45,31.38,281.09,3.62,284.71,37.83,2975.22,327.94,84.4,3.89,0.45,35.25,31.1,116,1.82,1
2616,山隆,油電燃氣業,-6.25,8190423000.0,0.0,0.0,8391807443.897944,0.0,184.39,193.32,79.81,273.13,0.0,0.0,0.0,13.65,0.0,0.0,0.0,0.0,0,0.98,10
2617,台航,航運業,3.18,4257272000.0,1338764779.8742137,1.4,4583846309.439134,3.42,9.39,4.68,6.51,11.19,22.26,38.27,32.11,29.65,1.08,0.75,1.29,5.67,30,9.45,183
2618,長榮航,航運業,4.84,220126074000.0,45480593801.65289,2.26,241954841733.19635,5.32,7.83,3.42,6.24,9.66,33.2,51.39,41.64,37.7,1.1,0.88,1.36,26.17,183,0.85,31
2630,亞航,航運業,0.99,5484186000.0,5539581818.181818,0.33,4738555386.211994,0.86,56.22,52.35,40.38,92.73,34.73,79.75,48.35,43.7,1.11,0.79,1.82,2.0,3,101.94,93
2633,台灣高鐵,航運業,1.17,54550155000.0,46624064102.5641,0.51,56708097336.139206,1.22,22.95,7.71,18.65,26.36,22.75,32.16,28.0,25.1,1.12,0.91,1.28,2.5,35,6.23,15
2542,興富發,建材營造,2.11,25225332000.0,11955133649.2891,2.62,215566836665.1998,18.03,23.49,48.91,11.55,60.46,208.25,1090.09,423.61,42.6,9.94,4.89,25.59,42.03,45,17.17,107
2540,愛山林,建材營造,0.97,11788830000.0,12153432989.690722,0.25,8425150385.529581,0.69,38.81,81.02,15.98,97.0,11.03,66.93,26.78,54.2,0.49,0.2,1.23,30.41,44,13.56,108
2538,基泰,建材營造,0.35,351323000.0,1003780000.0000001,0.14,261835890.2681643,0.26,26.65,38.09,11.55,49.64,3.0,12.91,6.93,9.64,0.72,0.31,1.34,14.76,43,3.79,24
2496,卓越,其他,6.13,866192000.0,141303752.03915173,2.56,917952924.9502879,6.5,11.28,4.58,9.86,14.44,64.09,93.86,73.35,64.7,1.13,0.99,1.45,7.27,162,0.55,2
2497,怡利電,汽車工業,2.37,4561289000.0,1924594514.7679324,1.02,4705317320.11714,2.44,21.75,25.51,11.57,37.08,28.23,90.48,53.06,65.6,0.81,0.43,1.38,50.85,123,21.18,87
2498,宏達電,通信網路業,7.21,3004402000.0,416699306.518724,2.63,2611569346.098599,6.27,16.92,32.57,5.44,38.01,34.11,238.32,106.09,45.5,2.33,0.75,5.24,18.18,120,100.27,93
2501,國建,建材營造,2.83,25701552000.0,9081820494.699646,1.91,35338431980.42102,3.89,12.4,13.82,5.61,19.43,21.82,75.58,48.25,22.95,2.1,0.95,3.29,3.76,4,26.11,106
2504,國產,建材營造,3.3,22511070000.0,6821536363.636364,1.31,21302289198.437054,3.12,11.86,8.61,9.04,17.65,28.2,55.07,37.02,35.5,1.04,0.79,1.55,23.21,151,12.97,9
2505,國揚,建材營造,2.37,2697064000.0,1138001687.7637131,1.89,7766533203.119665,6.82,24.39,34.95,7.45,42.4,50.81,289.17,166.36,17.45,9.53,2.91,16.57,8.44,59,4.44,24
2506,太設,建材營造,0.02,1131755000.0,56587750000.0,0.01,1387182545.8487446,0.02,67.47,448.55,3.95,452.5,0.08,9.05,1.35,8.72,0.15,0.01,1.04,0.39,67,1.92,8
2509,全坤建,建材營造,-0.79,265950000.0,0.0,0.0,245963590.39190897,0.0,205.47,245.81,56.19,302.0,0.0,0.0,0.0,12.3,0.0,0.0,0.0,12.81,45,22.68,106
2511,太子,建材營造,0.33,8409668000.0,25483842424.242424,0.19,11278460810.47067,0.44,40.78,44.56,21.57,66.13,9.49,29.1,17.95,7.81,2.3,1.22,3.73,6.1,59,3.22,51
2514,龍邦,其他,1.85,21456939000.0,11598345405.405405,0.79,23881504238.155888,2.06,7.0,4.46,4.79,9.25,9.87,19.06,14.42,13.65,1.06,0.72,1.4,13.8,44,1.45,4
2515,中工,建材營造,0.4,20623506000.0,51558765000.0,0.24,26425572102.719566,0.51,28.74,26.42,18.21,44.63,9.29,22.76,14.66,12.8,1.15,0.73,1.78,0.89,4,56.56,161
2516,新建,建材營造,1.23,10516424000.0,8549938211.382114,0.39,7782804585.928402,0.91,18.7,34.53,10.21,44.74,9.29,40.71,17.01,12.6,1.35,0.74,3.23,18.64,183,2.2,2
2520,冠德,建材營造,2.73,22083667000.0,8089255311.355311,1.25,27463668691.92267,3.4,7.53,9.32,4.21,13.53,14.31,46.0,25.6,30.9,0.83,0.46,1.49,12.29,45,0.0,0
2524,京城,建材營造,1.7,5418439000.0,3187317058.8235297,0.3,1263755797.7198808,0.4,19.5,68.78,4.79,73.57,1.92,29.43,7.8,35.45,0.22,0.05,0.83,130.9,77,5.41,107
2527,宏璟,建材營造,0.93,676610000.0,727537634.4086021,6.4,12103813532.121725,16.64,14.81,37.57,5.12,42.69,85.2,710.36,246.52,36.75,6.71,2.32,19.33,2.16,59,1.38,30
2528,皇普,建材營造,3.65,17483401000.0,4789972876.712329,0.03,230766492.74709043,0.05,7.36,11.84,3.88,15.72,0.19,0.79,0.37,20.15,0.02,0.01,0.04,6.39,45,0.0,0
2530,華建,建材營造,2.03,7464765000.0,3677224137.931035,0.07,1366139404.6545408,0.37,20.94,60.35,9.18,69.53,3.4,25.73,7.75,19.7,0.39,0.17,1.31,19.15,57,7.48,10
2534,宏盛,建材營造,2.07,5569958000.0,2690800966.183575,0.13,513778697.2516991,0.19,36.46,87.73,7.79,95.52,1.48,18.15,6.93,17.3,0.4,0.09,1.05,9.45,57,6.0,16
2535,達欣工,建材營造,6.5,20936358000.0,3220978153.8461537,3.59,28896447426.703285,8.97,11.16,4.65,8.65,13.3,77.59,119.3,100.11,82.4,1.21,0.94,1.45,10.45,58,7.89,151
2536,宏普,建材營造,3.19,11061836000.0,3467660188.0877743,0.61,5772743220.995232,1.66,24.16,48.3,5.8,54.1,9.63,89.81,40.11,19.75,2.03,0.49,4.55,6.39,57,1.49,8
2537,聯上發,建材營造,0.16,1134692000.0,7091825000.0,0.27,2560151335.821942,0.36,24.66,62.41,8.92,71.33,3.21,25.68,8.88,10.05,0.88,0.32,2.56,29.51,45,3.25,4
2539,櫻花建,建材營造,3.78,12047638000.0,3187205820.10582,2.38,13234095826.347017,4.15,22.53,41.4,9.84,51.24,40.84,212.65,93.5,36.7,2.55,1.11,5.79,12.74,72,14.19,74
3002,歐格,電子工業,0.35,693459000.0,1981311428.5714288,0.16,811451361.9498695,0.41,101.42,265.23,44.77,310.0,18.36,127.1,41.58,19.45,2.14,0.94,6.53,2.72,32,118.28,158
3003,健和興,電子工業,0.98,4364959000.0,4454039795.918367,0.49,5273340464.787217,1.18,26.66,50.42,11.86,62.28,13.99,73.49,31.46,62.1,0.51,0.23,1.18,22.18,105,4.57,112
3164,景岳,生技醫療業,0.66,409110000.0,619863636.3636364,0.26,368233428.25300795,0.59,45.16,87.11,25.67,112.78,15.15,66.54,26.65,16.4,1.62,0.92,4.06,0.0,0,5.43,49
3167,大量,電機機械,8.13,4865952000.0,598518081.1808118,5.63,10285252205.357529,17.18,107.8,319.55,30.45,350.0,523.13,6013.0,1852.03,786.0,2.36,0.67,7.65,183.78,133,164.6,80
3168,眾福科,光電業,2.61,3411575000.0,1307116858.2375479,1.16,3648536948.7247844,2.79,17.08,7.35,12.34,19.69,34.43,54.94,47.65,48.95,0.97,0.7,1.12,3.06,16,1.93,15
3169,亞信,半導體業,3.67,937780000.0,255525885.5585831,1.52,888431470.9608442,3.48,27.96,15.86,21.2,37.06,73.78,128.97,97.3,119.0,0.82,0.62,1.08,5.77,10,19.16,108
3176,基亞,生技醫療業,-0.78,1594260000.0,0.0,0.0,1010120459.0554138,0.0,0.0,0.0,0.0,0.0,0.0,0.0,0.0,32.45,0.0,0.0,0.0,7.86,9,2.12,2
3188,鑫龍騰,建材營造,4.05,2525975000.0,623697530.8641976,3.37,22636789337.75286,36.29,12.35,19.86,3.72,23.58,135.0,855.72,448.31,22.55,19.88,5.99,37.95,67.62,59,8.01,179
3189,景碩,半導體業,3.51,38607846000.0,10999386324.786325,1.72,49287580148.90492,4.48,255.7,886.55,63.45,950.0,284.26,4256.0,1145.52,774.0,1.48,0.37,5.5,40.88,44,95.6,137
3191,雲嘉南,電子零組件業,0.51,174633000.0,342417647.0588235,0.2,166800749.46834615,0.49,38.93,93.86,26.37,120.23,12.92,58.91,19.08,24.7,0.77,0.52,2.39,0.69,22,37.13,183
3205,佰研,生技醫療業,-1.06,378949000.0,0.0,0.0,455326223.6804855,0.0,0.0,0.0,0.0,0.0,0.0,0.0,0.0,53.3,0.0,0.0,0.0,24.06,29,43.36,99
3206,志豐,電子零組件業,2.02,3236211000.0,1602084653.4653466,0.77,2844611698.616773,1.78,12.93,17.59,7.71,25.3,13.72,45.03,23.01,40.4,0.57,0.34,1.11,2.4,38,0.92,2
3207,耀勝,電子零組件業,-0.82,1826510000.0,0.0,0.0,2154160763.925172,0.0,481.45,924.63,133.7,1058.33,0.0,0.0,0.0,67.9,0.0,0.0,0.0,20.22,46,23.61,4
3209,全科,電子工業,3.02,46097848000.0,15264188079.470198,1.79,62494370296.77418,4.09,13.81,12.9,9.77,22.67,39.96,92.72,56.5,75.3,0.75,0.53,1.23,18.98,128,3.33,10
3211,順達,電腦及週邊設備業,9.04,12836889000.0,1420009845.1327436,4.15,17330875679.74736,12.2,21.07,41.54,5.74,47.28,70.03,576.82,257.08,436.0,0.59,0.16,1.32,119.15,182,100.99,102
3213,茂訊,電腦及週邊設備業,7.4,2852455000.0,385466891.8918919,3.19,2996773495.3634167,7.77,12.54,12.36,8.31,20.67,64.57,160.61,97.45,122.0,0.8,0.53,1.32,4.93,17,19.82,99
3217,優群,電子零組件業,12.69,4088779000.0,322204806.93459415,4.99,4181408616.6660833,12.98,14.29,9.39,10.04,19.43,130.32,252.2,185.51,193.5,0.96,0.67,1.3,8.13,23,33.55,155
3218,大學光,生技醫療業,12.31,4192529000.0,340579122.6645004,5.4,4201463070.2134166,12.34,15.3,10.2,10.03,20.23,123.77,249.64,188.85,140.0,1.35,0.88,1.78,4.02,35,6.85,51
3221,台嘉碩,通信網路業,0.07,2201258000.0,31446542857.142853,0.03,2328970591.645548,0.07,310.49,1830.71,16.79,1847.5,1.18,129.33,21.73,57.5,0.38,0.02,2.25,5.86,44,31.15,140
3224,三顧,電子通路業,-1.54,1500335000.0,0.0,0.0,1576010193.1271303,0.0,0.0,0.0,0.0,0.0,0.0,0.0,0.0,38.65,0.0,0.0,0.0,0.0,0,36.53,164
3226,龍鋒,電機機械,0.24,1641105000.0,6837937500.0,0.08,1021032750.5921208,0.15,30.38,180.09,6.79,186.88,1.02,28.03,4.56,45.25,0.1,0.02,0.62,8.16,37,5.92,163
3163,波若威,通信網路業,6.22,2168399000.0,348617202.5723473,3.09,2716529922.8782253,7.79,58.41,191.8,16.4,208.2,127.76,1621.88,455.03,1060.0,0.43,0.12,1.53,63.59,44,96.36,182
3158,嘉實,資訊服務業,7.28,272213000.0,37391895.604395606,0.0,0.0,0.0,12.96,2.04,12.26,14.3,0.0,0.0,0.0,85.3,0.0,0.0,0.0,40.15,120,12.05,73
3094,聯傑,半導體業,0.26,192361000.0,739850000.0,0.11,180073706.95639053,0.24,138.99,170.99,61.09,232.08,14.66,55.7,33.36,34.0,0.98,0.43,1.64,24.69,37,12.07,109
3095,及成,通信網路業,-2.0,612881000.0,0.0,0.0,739498515.3673918,0.0,28.67,51.85,12.56,64.41,0.0,0.0,0.0,44.0,0.0,0.0,0.0,121.68,53,4.94,16
3105,穩懋,半導體業,4.0,16253435000.0,4063358750.0,1.95,21611452641.188812,5.32,104.21,429.72,27.04,456.76,143.85,2429.96,554.38,530.0,1.05,0.27,4.58,28.83,44,81.49,183
3114,好德,電子零組件業,2.23,3038288000.0,1362460986.5470853,0.92,3174328964.8955207,2.33,18.22,24.14,10.15,34.29,23.65,79.9,42.46,33.1,1.28,0.71,2.41,2.73,35,20.59,164
3115,富榮綱,電子零組件業,-0.46,4770000.0,0.0,0.0,7438897.421832145,0.0,0.0,0.0,0.0,0.0,0.0,0.0,0.0,8.63,0.0,0.0,0.0,16.0,49,5.3,4
3118,進階,生技醫療業,2.46,730311000.0,296874390.24390244,1.0,697513180.7968534,2.35,15.56,5.34,13.05,18.39,30.67,43.22,36.57,33.6,1.09,0.91,1.29,3.63,4,0.89,4
3122,笙泉,半導體業,-1.75,331361000.0,0.0,0.0,304895030.5399116,0.0,0.0,0.0,0.0,0.0,0.0,0.0,0.0,31.8,0.0,0.0,0.0,49.51,15,51.5,36
3128,昇銳,光電業,1.36,1127451000.0,829008088.2352941,0.53,967173586.0375935,1.17,23.75,32.43,10.56,42.99,12.36,50.3,27.79,23.5,1.18,0.53,2.14,5.58,53,65.4,35
3135,凌航,半導體業,6.28,4559917000.0,726101433.1210191,0.0,0.0,0.0,79.6,203.36,13.31,216.67,0.0,0.0,0.0,250.5,0.0,0.0,0.0,12.25,161,99.66,183
3138,耀登,通信網路業,1.54,1696087000.0,1101355194.8051949,0.69,2078179120.5785217,1.89,61.83,154.19,22.64,176.83,42.79,334.21,116.86,167.0,0.7,0.26,2.0,0.75,42,17.45,113
3141,晶宏,半導體業,0.54,1635291000.0,3028316666.6666665,0.21,1691879160.601476,0.56,80.59,104.57,41.38,145.95,23.17,81.73,45.13,78.0,0.58,0.3,1.05,4.92,2,14.11,3
3147,大綜,資訊服務業,8.86,8382879000.0,946148871.3318285,4.72,8665940340.808043,9.16,17.58,18.55,11.52,30.07,105.52,275.44,161.02,200.5,0.8,0.53,1.37,35.08,88,14.79,71
3149,正達,光電業,-2.88,2236900000.0,0.0,0.0,2564273894.1993704,0.0,0.0,0.0,0.0,0.0,0.0,0.0,0.0,78.3,0.0,0.0,0.0,84.37,136,45.74,128
3152,璟德,通信網路業,9.42,1453293000.0,154277388.53503186,3.86,1322184407.4926,8.57,22.14,29.89,10.82,40.71,92.73,348.88,189.72,186.5,1.02,0.5,1.87,1.67,14,27.27,74
3162,精確,電機機械,1.7,7712670000.0,4536864705.882353,0.75,8147838586.438531,1.8,43.17,94.03,20.41,114.44,36.74,205.99,77.71,86.1,0.9,0.43,2.39,38.27,136,44.73,158
3093,港建*,其他電子類,1.22,2019834000.0,1655601639.3442624,0.34,1045608928.2591431,0.63,24.48,52.89,14.24,67.13,8.97,42.29,15.42,52.0,0.3,0.17,0.81,13.58,22,8.5,71
3227,原相,半導體業,12.38,9123528000.0,736957027.4636511,5.22,8889283762.80871,12.06,19.42,16.48,13.86,30.34,167.15,365.9,234.25,233.0,1.01,0.72,1.57,67.48,115,18.48,123
3229,晟鈦,電子工業,-0.43,1001150000.0,0.0,0.0,1497865109.975715,0.0,176.37,1008.36,79.64,1088.0,0.0,0.0,0.0,54.4,0.0,0.0,0.0,100.85,35,15.77,63
3303,岱稜,其他電子類,4.57,3015706000.0,659891903.7199124,2.01,3180539256.135704,4.82,13.14,12.74,9.46,22.2,45.6,107.0,63.36,49.2,1.29,0.93,2.17,64.57,158,2.4,98
3305,昇貿,其他電子業,3.16,10218236000.0,3233618987.341772,1.96,16124176608.524889,4.99,29.85,38.86,14.61,53.47,72.9,266.82,148.97,167.5,0.89,0.44,1.59,7.93,17,144.83,102
3306,鼎天,通信網路業,1.95,1067643000.0,547509230.7692307,0.71,1122081201.0380538,2.05,20.46,22.54,11.35,33.89,23.27,69.47,41.93,48.9,0.86,0.48,1.42,3.15,37,69.46,143
3308,聯德,電子工業,0.68,6815000.0,10022058.823529411,0.41,9306359.255566632,0.93,34.42,164.06,11.77,175.83,10.95,163.52,32.01,21.1,1.52,0.52,7.75,3.87,15,3.29,8
3310,佳穎,電子零組件業,3.55,2657456000.0,748579154.9295775,0.99,1175049272.8518584,1.57,25.04,33.77,16.17,49.94,25.39,78.41,39.3,72.8,0.54,0.35,1.08,4.95,32,0.5,32
3311,閎暉,通信網路業,1.62,2377310000.0,1467475308.6419752,0.62,2136998745.7728581,1.46,37.25,47.91,19.68,67.59,28.73,98.68,54.39,35.95,1.51,0.8,2.74,0.0,0,15.49,58
3312,弘憶股,電子工業,1.74,20699880000.0,11896482758.62069,0.83,22250477511.269848,1.87,31.85,64.98,14.94,79.92,27.94,149.45,59.55,55.1,1.08,0.51,2.71,45.75,38,8.25,8
3317,尼克森,半導體業,1.8,2705899000.0,1503277222.222222,0.81,2962201019.320554,1.97,20.01,32.35,13.19,45.54,25.98,89.71,39.42,79.8,0.49,0.33,1.12,5.35,14,35.06,147
3321,同泰,電子工業,-2.77,2164390000.0,0.0,0.0,2124069531.1246161,0.0,0.0,0.0,0.0,0.0,0.0,0.0,0.0,19.8,0.0,0.0,0.0,14.97,56,265.35,158
3322,建舜電,電子零組件業,-0.96,2983337000.0,0.0,0.0,3286450633.9992304,0.0,71.73,68.16,37.29,105.45,0.0,0.0,0.0,13.5,0.0,0.0,0.0,1.05,31,32.08,72
3323,加百裕,電腦及週邊設備業,-1.92,5105491000.0,0.0,0.0,4461974785.111286,0.0,0.0,0.0,0.0,0.0,0.0,0.0,0.0,39.6,0.0,0.0,0.0,55.23,182,74.61,101
3324,雙鴻,其他電子類,28.2,21817975000.0,773687056.7375886,18.37,39802190159.622665,51.44,37.68,46.79,18.7,65.49,961.93,3368.81,1938.39,1145.0,1.69,0.84,2.94,2.89,32,94.15,154
3325,旭品,電腦及週邊設備業,-1.64,1256726000.0,0.0,0.0,930731687.5448372,0.0,263.51,124.09,196.82,320.91,0.0,0.0,0.0,12.1,0.0,0.0,0.0,0.0,0,18.08,109
3332,幸康,電子零組件業,3.53,1602596000.0,453993201.1331445,1.7,1865976291.5014732,4.11,18.31,12.73,14.31,27.04,58.81,111.13,75.24,65.7,1.15,0.9,1.69,3.23,4,78.45,155
3338,泰碩,電子工業,1.81,3671826000.0,2028633149.1712706,0.72,3326758995.93506,1.64,24.05,42.05,13.22,55.27,21.68,90.64,39.45,80.7,0.49,0.27,1.12,1.32,25,29.46,71
3339,泰谷,光電業,-2.02,793716000.0,0.0,0.0,1129438598.4345284,0.0,133.81,105.27,85.64,190.91,0.0,0.0,0.0,44.1,0.0,0.0,0.0,16.38,15,9.94,3
3346,麗清,汽車工業,0.12,8707292000.0,72560766666.66667,0.04,7227106657.8538885,0.1,67.44,283.79,9.34,293.13,0.93,29.31,6.74,23.55,0.29,0.04,1.24,9.94,38,1.71,4
3349,寶德,電腦及週邊設備業,-1.04,506986000.0,0.0,0.0,267558903.26715615,0.0,0.0,0.0,0.0,0.0,0.0,0.0,0.0,17.9,0.0,0.0,0.0,31.24,53,62.99,183
3297,杭特,光電業,0.47,195991000.0,417002127.6595745,0.21,245928054.70807803,0.59,341.53,1261.2,58.8,1320.0,34.69,778.8,201.5,31.1,6.48,1.12,25.04,86.79,32,81.79,38
3228,金麗科,半導體業,-2.03,306400000.0,0.0,0.0,318275893.5322561,0.0,0.0,0.0,0.0,0.0,0.0,0.0,0.0,196.5,0.0,0.0,0.0,0.0,0,8.05,3
3296,勝德,電子零組件業,0.61,1601750000.0,2625819672.1311474,0.24,1507697395.7276535,0.57,178.16,950.27,16.4,966.67,9.35,551.0,101.55,21.8,4.66,0.43,25.28,34.66,32,29.5,74
3294,英濟,電子零組件業,-0.48,3657141000.0,0.0,0.0,3345535521.26574,0.0,68.28,51.43,38.79,90.22,0.0,0.0,0.0,40.2,0.0,0.0,0.0,12.05,44,65.73,93
3230,錦明,光電業,-1.6,415534000.0,0.0,0.0,361952261.5283824,0.0,13.28,12.79,6.88,19.67,0.0,0.0,0.0,30.7,0.0,0.0,0.0,278.98,134,94.12,99
3231,緯創,電子工業,9.02,2036922031000.0,225822841574.2794,6.13,4815501252226.416,21.32,18.43,10.84,12.39,23.23,264.15,495.26,392.95,174.0,2.26,1.52,2.85,9.21,175,35.65,127
3232,昱捷,電子通路業,0.29,909225000.0,3135258620.6896553,0.13,890809320.7324986,0.28,94.95,128.89,53.11,182.0,14.87,50.96,26.59,23.2,1.15,0.64,2.2,3.49,72,2.5,7
3234,光環,通信網路業,-1.4,673287000.0,0.0,0.0,658975952.7085207,0.0,0.0,0.0,0.0,0.0,0.0,0.0,0.0,118.5,0.0,0.0,0.0,16.47,128,37.25,182
3236,千如,電子零組件業,0.32,2009218000.0,6278806250.0,0.16,2578585691.8132763,0.41,159.1,403.22,80.53,483.75,33.02,198.34,65.23,57.3,1.14,0.58,3.46,6.16,183,66.97,171
3257,虹冠電,半導體業,3.43,1035739000.0,301964723.03207,0.83,741170080.0297431,2.45,21.22,19.23,13.26,32.49,32.49,79.6,51.99,66.7,0.78,0.49,1.19,15.2,142,24.88,147
3259,鑫創,半導體業,-2.36,283935000.0,0.0,0.0,269529013.24911416,0.0,0.0,0.0,0.0,0.0,0.0,0.0,0.0,16.75,0.0,0.0,0.0,41.61,31,6.0,163
3260,威剛,半導體業,23.14,50120672000.0,2165975453.759723,19.61,127453522004.95076,58.84,14.47,27.85,6.8,34.65,400.11,2038.81,851.63,427.0,1.99,0.94,4.77,0.0,0,145.29,163
3264,欣銓,半導體業,6.0,13781453000.0,2296908833.3333335,2.94,17179928671.732258,7.48,18.3,28.11,10.42,38.53,77.94,288.2,136.89,223.0,0.61,0.35,1.29,4.65,17,34.85,154
3265,台星科,半導體業,5.48,4581276000.0,835999270.0729927,2.67,5661035547.751854,6.77,19.96,22.32,11.28,33.6,76.37,227.47,135.14,185.0,0.73,0.41,1.23,13.94,18,11.17,42
3266,昇陽,建材營造,0.58,1779877000.0,3068753448.275862,0.26,1743322446.0062757,0.57,11.22,16.84,7.56,24.4,4.31,13.91,6.4,13.0,0.49,0.33,1.07,0.0,0,4.28,31
3268,海德威,半導體業,-1.33,927369000.0,0.0,0.0,975805747.3805833,0.0,73.91,45.38,45.0,90.38,0.0,0.0,0.0,17.55,0.0,0.0,0.0,6.01,4,0.5,1
3272,東碩,電腦及週邊設備業,-7.68,2947040000.0,0.0,0.0,2588600154.1910014,0.0,0.0,0.0,0.0,0.0,0.0,0.0,0.0,18.2,0.0,0.0,0.0,18.45,142,4.8,3
3276,宇環,電子零組件業,0.21,504802000.0,2403819047.6190476,0.1,549725102.2450043,0.23,81.52,112.01,24.66,136.67,5.67,31.43,18.75,14.8,1.27,0.38,2.12,7.9,35,31.23,79
3284,太普高,其他,2.38,858605000.0,360758403.3613446,0.99,826506514.3306653,2.29,16.37,39.46,6.76,46.22,15.48,105.84,37.48,15.85,2.36,0.98,6.68,93.81,73,0.0,0
3285,微端,其他電子類,0.7,662942000.0,947060000.0000001,0.41,896728084.1823131,0.95,37.1,70.89,20.25,91.14,19.24,86.58,35.25,30.6,1.15,0.63,2.83,11.36,32,34.03,114
3287,廣寰科,電腦及週邊設備業,1.5,907187000.0,604791333.3333334,0.66,1051497772.818745,1.74,23.93,33.53,10.9,44.43,18.97,77.31,41.63,38.45,1.08,0.49,2.01,7.51,15,2.85,1
3288,點晶,電子零組件業,-0.64,77563000.0,0.0,0.0,78840307.18603468,0.0,813.03,185.0,742.5,927.5,0.0,0.0,0.0,18.25,0.0,0.0,0.0,34.35,22,8.13,1
3289,宜特,其他電子類,4.81,4777382000.0,993218711.0187111,1.9,4783668172.014543,4.82,23.43,30.98,12.78,43.76,61.6,210.92,112.95,166.5,0.68,0.37,1.27,53.52,142,31.22,98
3290,東浦,電子零組件業,2.21,2309567000.0,1045052941.1764706,1.34,3786521079.2433457,3.62,19.58,16.75,9.69,26.44,35.08,95.71,70.87,48.75,1.45,0.72,1.96,43.56,140,83.21,142
3293,鈊象,文化創意業,38.51,21791052000.0,565854375.4868865,18.27,25258903466.94654,44.64,23.31,23.7,13.19,36.89,588.8,1646.77,1040.64,769.0,1.35,0.77,2.14,46.12,39,7.83,14
3092,鴻碩,電子零組件業,-5.14,1651362000.0,0.0,0.0,1485619398.0448735,0.0,0.0,0.0,0.0,0.0,0.0,0.0,0.0,31.95,0.0,0.0,0.0,4.59,151,9.97,1
3131,弘塑,其他電子類,45.48,5997783000.0,131877374.6701847,23.81,8215989488.121738,62.3,53.39,59.35,25.97,85.32,1617.93,5315.44,3326.37,3265.0,1.02,0.5,1.63,85.53,87,50.86,23
3090,日電貿,電子零組件業,5.47,15451185000.0,2824713893.9670935,2.66,18925770539.174038,6.7,18.01,36.84,12.43,49.27,83.28,330.11,120.7,233.5,0.52,0.36,1.41,8.73,178,28.95,148
3022,威強電,電腦及週邊設備業,4.62,6419504000.0,1389503030.3030303,2.07,6171667677.556449,4.44,11.74,13.78,7.72,21.5,34.28,95.46,52.1,75.9,0.69,0.45,1.26,12.36,45,2.3,2
3023,信邦,電子工業,13.02,31359136000.0,2408535791.09063,5.78,32441295715.924397,13.47,18.38,12.22,12.69,24.91,170.93,335.54,247.55,318.0,0.78,0.54,1.06,16.16,50,14.65,77
3024,憶聲,光電業,0.27,2320313000.0,8593751851.85185,0.04,577650877.3295038,0.07,41.9,185.13,12.65,197.78,0.89,13.84,2.93,14.0,0.21,0.06,0.99,11.19,59,1.37,2
3025,星通,通信網路業,3.45,559413000.0,162148695.6521739,2.15,1098318199.9932268,6.77,19.91,25.17,11.88,37.05,80.43,250.83,134.81,72.5,1.86,1.11,3.46,17.89,127,7.82,182
3026,禾伸堂,電子工業,6.58,13298266000.0,2021013069.9088147,3.06,14677574193.124372,7.26,19.49,74.39,12.21,86.6,88.64,628.72,141.47,672.0,0.21,0.13,0.94,0.71,18,41.25,143
3027,盛達,通信網路業,-1.05,2214276000.0,0.0,0.0,914693901.8967569,0.0,50.35,35.21,29.68,64.89,0.0,0.0,0.0,19.75,0.0,0.0,0.0,3.6,29,2.39,2
3028,增你強,電子通路業,3.15,40725187000.0,12928630793.650793,2.19,75380424868.38843,5.83,16.88,14.0,11.33,25.33,66.05,147.67,98.39,81.1,1.21,0.81,1.82,0.0,0,21.15,164
3029,零壹,資訊服務業,6.54,24933295000.0,3812430428.134557,2.86,25801541967.263203,6.77,21.17,22.74,13.88,36.62,93.97,247.92,143.35,105.5,1.36,0.89,2.35,62.87,182,12.33,99
3030,德律,其他電子業,10.49,8268662000.0,788242326.0247855,5.43,11222827029.7628,14.24,21.31,28.69,10.78,39.47,153.51,562.05,303.45,408.0,0.74,0.38,1.38,0.0,0,89.43,88
3031,佰鴻,光電業,1.09,1133837000.0,1040217431.1926605,0.5,1277188572.296759,1.23,18.65,18.01,12.95,30.96,15.93,38.08,22.94,32.4,0.71,0.49,1.18,13.02,136,14.85,142
3032,偉訓,電子工業,-7.94,10818284000.0,0.0,0.0,12499028373.314634,0.0,15.1,16.54,9.21,25.75,0.0,0.0,0.0,91.0,0.0,0.0,0.0,20.78,183,77.3,56
3033,威健,電子工業,1.81,109006122000.0,60224376795.58011,0.86,123995709739.87825,2.06,16.53,10.11,11.68,21.79,24.06,44.89,34.04,48.85,0.7,0.49,0.92,3.08,38,11.16,64
3034,聯詠,半導體業,26.87,101870569000.0,3791238146.6319313,10.47,90317960594.86876,23.82,14.71,7.87,12.54,20.41,298.7,486.17,350.33,496.5,0.71,0.6,0.98,5.18,16,11.07,31
3035,智原,半導體業,2.81,18137133000.0,6454495729.537367,0.7,7994304890.675232,1.24,55.39,77.75,38.47,116.22,47.7,144.11,68.69,211.0,0.33,0.23,0.68,20.91,43,15.29,30
3021,鴻名,電子零組件業,0.32,3240411000.0,10126284375.0,0.13,3634648759.6492834,0.36,45.74,103.19,14.46,117.65,5.21,42.35,16.47,33.1,0.5,0.16,1.28,55.42,144,15.94,77
3019,亞光,電子工業,6.6,26484102000.0,4012742727.2727275,2.69,29717810208.918903,7.41,24.09,20.25,18.26,38.51,135.31,285.36,178.52,155.0,1.15,0.87,1.84,97.15,114,30.42,98
3004,豐達科,鋼鐵工業,5.85,3988571000.0,681807008.5470086,2.98,4988109572.380806,7.32,17.09,15.47,10.84,26.31,79.35,192.59,125.07,123.5,1.01,0.64,1.56,3.77,28,0.66,2
3005,神基,電子工業,8.43,39125415000.0,4641211743.772243,3.5,39994249683.70699,8.62,15.86,9.75,11.49,21.24,99.04,183.09,136.72,107.0,1.28,0.93,1.71,9.13,29,37.5,93
3006,晶豪科,半導體業,0.87,13448840000.0,15458436781.609196,0.91,38010473207.0474,2.46,68.07,220.96,20.15,241.11,49.57,593.13,167.45,250.0,0.67,0.2,2.37,11.35,17,95.23,163
3008,大立光,光電業,159.41,61150341000.0,383604171.6328963,69.11,65938410098.4454,171.89,14.57,14.73,9.27,24.0,1593.42,4125.36,2504.16,3835.0,0.65,0.42,1.08,39.43,38,10.79,127
3010,華立,電子工業,8.84,77983858000.0,8821703393.66516,4.13,88543076695.93799,10.04,13.46,8.0,9.17,17.17,92.07,172.39,135.16,138.5,0.98,0.66,1.24,22.62,43,1.42,183
3011,今皓,電子工業,-2.55,786448000.0,0.0,0.0,489643716.8250918,0.0,0.0,0.0,0.0,0.0,0.0,0.0,0.0,14.5,0.0,0.0,0.0,9.8,140,38.31,78
3013,晟銘電,電子工業,4.03,10402632000.0,2581298263.027295,2.11,12836931676.183777,4.97,41.72,65.2,21.49,86.69,106.81,430.85,207.36,123.5,1.68,0.86,3.49,78.27,161,44.5,161
3014,聯陽,半導體業,9.51,6951047000.0,730919768.6645637,3.88,6902498720.411663,9.44,13.92,7.1,10.97,18.07,103.56,170.58,131.43,152.5,0.86,0.68,1.12,7.6,31,6.82,25
3015,全漢,電子工業,1.86,13156678000.0,7073482795.698924,0.71,12558581520.128727,1.78,28.33,24.77,15.96,40.73,28.41,72.5,50.43,55.2,0.91,0.51,1.31,8.76,171,4.17,3
3016,嘉晶,半導體業,0.07,3837008000.0,54814399999.99999,0.03,4655994944.884978,0.08,1042.06,7230.54,29.46,7260.0,2.36,580.8,83.36,126.0,0.66,0.02,4.61,16.21,32,105.33,147
3017,奇鋐,電子工業,49.17,132329140000.0,2691257677.4455967,29.21,266237647505.64954,98.93,35.82,44.05,16.15,60.2,1597.72,5955.59,3544.0,2785.0,1.27,0.57,2.14,3.94,25,146.42,161
3018,隆銘綠能,其他電子業,-2.14,562789000.0,0.0,0.0,209332916.67974007,0.0,0.0,0.0,0.0,0.0,0.0,0.0,0.0,9.54,0.0,0.0,0.0,118.33,165,8.59,8
3036,文曄,電子通路業,11.6,1175163222000.0,101307174310.34483,7.94,2047767695571.314,20.21,18.89,18.6,11.09,29.69,224.13,600.03,381.74,287.5,1.33,0.78,2.09,6.38,23,27.42,156
3055,蔚華科,電子工業,-2.68,431835000.0,0.0,0.0,916282193.9355205,0.0,0.0,0.0,0.0,0.0,0.0,0.0,0.0,108.5,0.0,0.0,0.0,11.47,23,32.08,37
3056,富華新,建材營造,1.46,7242624000.0,4960701369.863014,0.09,494761594.90836227,0.1,60.93,380.04,2.46,382.5,0.25,38.25,6.09,13.4,0.45,0.02,2.85,15.57,59,3.61,52
3057,喬鼎,電子工業,-0.95,620855000.0,0.0,0.0,644122507.7604604,0.0,0.0,0.0,0.0,0.0,0.0,0.0,0.0,22.4,0.0,0.0,0.0,23.34,31,50.22,164
3058,立德,電子工業,-1.44,3179968000.0,0.0,0.0,3043723758.146622,0.0,0.0,0.0,0.0,0.0,0.0,0.0,0.0,9.36,0.0,0.0,0.0,3.83,14,42.71,78
3059,華晶科,光電業,1.24,8728393000.0,7039026612.903226,0.49,9313553146.247124,1.32,34.07,29.43,25.35,54.78,33.46,72.31,44.97,46.45,0.97,0.72,1.56,0.0,0,59.9,98
3060,銘異,電子工業,-0.4,3807613000.0,0.0,0.0,4084658177.1642017,0.0,44.93,31.18,34.04,65.22,0.0,0.0,0.0,29.65,0.0,0.0,0.0,3.31,32,35.96,163
3062,建漢,通信網路業,0.7,4240911000.0,6058444285.714286,0.3,4776733846.835701,0.79,345.18,2940.32,9.68,2950.0,7.65,2330.5,272.69,31.1,8.77,0.25,74.94,62.32,157,28.1,150
3064,泰偉,文化創意業,-3.52,82696000.0,0.0,0.0,78252804.90729123,0.0,362.13,1170.0,120.0,1290.0,0.0,0.0,0.0,0.0,0.0,0.0,0.0,39.48,22,0.0,0
3066,李洲,光電業,-1.39,241414000.0,0.0,0.0,285452790.6935676,0.0,38.91,295.35,11.08,306.43,0.0,0.0,0.0,21.35,0.0,0.0,0.0,61.03,140,18.47,73
3067,全域,其他電子類,-0.83,56255000.0,0.0,0.0,92236385.11614837,0.0,53.83,44.33,31.76,76.09,0.0,0.0,0.0,19.5,0.0,0.0,0.0,1.25,2,26.11,11
3071,協禧,電腦及週邊設備業,0.57,2306306000.0,4046150877.1929827,0.3,2930288623.9064455,0.72,33.8,38.81,19.79,58.6,14.25,42.19,24.34,33.45,0.73,0.43,1.26,4.0,32,47.85,91
3078,僑威,電子零組件業,6.07,10447611000.0,1721187973.6408565,1.64,6009075682.937194,3.49,12.17,9.25,8.73,17.98,30.47,62.75,42.46,58.9,0.72,0.52,1.07,1.18,4,17.88,72
3081,聯亞,通信網路業,4.66,2061242000.0,442326609.44206005,3.46,4338262976.89719,9.81,461.63,1193.76,146.24,1340.0,1434.61,13145.4,4528.62,2685.0,1.69,0.53,4.9,163.89,133,91.07,178
3083,網龍,文化創意業,0.43,380390000.0,884627906.9767442,0.18,492423677.29634935,0.56,623.69,3722.22,37.78,3760.0,21.16,2105.6,349.27,28.1,12.43,0.75,74.93,12.0,25,3.68,1
3086,華義*,文化創意業,-0.64,156507000.0,0.0,0.0,136795152.21284217,0.0,338.33,1105.27,61.4,1166.67,0.0,0.0,0.0,33.8,0.0,0.0,0.0,93.96,112,76.27,176
3088,艾訊,電腦及週邊設備業,4.68,6889683000.0,1472154487.1794872,2.55,9199426913.109995,6.25,15.86,14.08,11.45,25.53,71.56,159.56,99.1,141.5,0.7,0.51,1.13,9.81,1,5.04,10
3052,夆典,建材營造,1.1,3378991000.0,3071809999.9999995,0.55,4015622303.205458,1.31,11.32,4.5,9.33,13.83,12.22,18.12,14.83,10.65,1.39,1.15,1.7,4.06,57,10.89,38
3051,力特,光電業,1.01,1914043000.0,1895092079.2079208,0.38,1621546867.6215386,0.86,17.21,19.03,10.87,29.9,9.35,25.71,14.8,28.8,0.51,0.32,0.89,0.0,0,0.18,3
3037,欣興,電子工業,4.38,128735949000.0,29391769178.08219,2.15,161682133223.29193,5.5,68.54,192.2,21.2,213.4,116.6,1173.7,376.99,1050.0,0.36,0.11,1.12,14.32,44,95.05,182
3038,全台,光電業,1.11,3064638000.0,2760935135.1351347,0.44,2777437723.1913896,1.01,14.45,17.0,8.32,25.32,8.4,25.57,14.6,23.8,0.61,0.35,1.07,0.31,4,2.42,4
3040,遠見,其他,0.32,132227000.0,413209375.0,0.14,138414980.9151235,0.33,72.09,143.33,29.25,172.58,9.65,56.95,23.79,41.65,0.57,0.23,1.37,37.2,182,68.97,99
3041,揚智,半導體業,-3.45,1243147000.0,0.0,0.0,1714847625.891496,0.0,0.0,0.0,0.0,0.0,0.0,0.0,0.0,25.65,0.0,0.0,0.0,34.53,161,27.91,109
3042,晶技,電子工業,5.28,13362235000.0,2530726325.7575755,2.23,13795301886.663916,5.45,17.26,29.41,12.1,41.51,65.94,226.23,94.09,202.5,0.46,0.33,1.12,5.68,142,5.24,8
3043,科風,其他電子業,-2.67,899132000.0,0.0,0.0,694071779.5397179,0.0,53.46,86.99,23.21,110.2,0.0,0.0,0.0,21.55,0.0,0.0,0.0,33.07,183,6.17,79
3044,健鼎,電子工業,19.45,72704288000.0,3738009665.8097687,9.5,88592944844.81384,23.7,15.69,16.43,9.28,25.71,219.94,609.33,371.77,518.0,0.72,0.42,1.18,3.43,18,70.34,154
3045,台灣大,電子工業,4.77,197871798000.0,41482557232.70441,2.01,204686093277.99387,4.93,24.2,6.22,21.93,28.15,108.11,138.78,119.32,114.0,1.05,0.95,1.22,11.27,112,4.41,16
3050,鈺德,電子工業,0.04,1233506000.0,30837650000.0,0.02,1251494742.606958,0.04,72.66,342.68,19.82,362.5,0.79,14.5,2.91,12.75,0.23,0.06,1.14,27.25,35,8.75,72
3049,精金,電子工業,-0.64,1466127000.0,0.0,0.0,1082276998.8244898,0.0,0.0,0.0,0.0,0.0,0.0,0.0,0.0,13.1,0.0,0.0,0.0,50.7,126,12.89,164
3048,益登,電子通路業,2.01,115983074000.0,57703021890.54727,0.98,132054105975.26497,2.29,66.27,147.35,16.71,164.06,38.27,375.7,151.75,68.4,2.22,0.56,5.49,51.3,32,83.04,95
3047,訊舟,電子工業,-0.9,3860331000.0,0.0,0.0,2323198908.820819,0.0,92.65,164.72,17.78,182.5,0.0,0.0,0.0,15.45,0.0,0.0,0.0,83.23,38,18.25,87
3046,建碁,電腦及週邊設備業,4.01,7193415000.0,1793869077.3067334,1.84,9050582441.099823,5.05,13.69,10.52,9.45,19.97,47.72,100.85,69.15,64.0,1.08,0.75,1.58,2.8,91,19.73,10
IronSteel,鋼鐵類指數,Index,0.0,0.0,0.0,0.0,0.0,0.0,0.0,0.0,0.0,0.0,0.0,0.0,0.0,118.23,0.0,0.0,0.0,1.35,17,5.24,77
OtherElectronic,其他電子類指數,Index,0.0,0.0,0.0,0.0,0.0,0.0,0.0,0.0,0.0,0.0,0.0,0.0,0.0,314.75,0.0,0.0,0.0,22.45,161,63.39,150
OilGasElectricity,油電燃氣類指數,Index,0.0,0.0,0.0,0.0,0.0,0.0,0.0,0.0,0.0,0.0,0.0,0.0,0.0,76.99,0.0,0.0,0.0,0.0,0,42.57,171
Optoelectronic,光電類指數,Index,0.0,0.0,0.0,0.0,0.0,0.0,0.0,0.0,0.0,0.0,0.0,0.0,0.0,66.9,0.0,0.0,0.0,15.98,42,14.01,127
Other,其他類指數,Index,0.0,0.0,0.0,0.0,0.0,0.0,0.0,0.0,0.0,0.0,0.0,0.0,0.0,264.92,0.0,0.0,0.0,5.94,59,2.67,31
PaperPulp,造紙類指數,Index,0.0,0.0,0.0,0.0,0.0,0.0,0.0,0.0,0.0,0.0,0.0,0.0,0.0,243.81,0.0,0.0,0.0,1.56,31,3.35,179
TAIEX,加權指數,大盤,0.0,0.0,0.0,0.0,0.0,0.0,0.0,0.0,0.0,0.0,0.0,0.0,0.0,45337.91,0.0,0.0,0.0,13.25,38,34.91,154
Rubber,橡膠類指數,Index,0.0,0.0,0.0,0.0,0.0,0.0,0.0,0.0,0.0,0.0,0.0,0.0,0.0,193.22,0.0,0.0,0.0,0.34,1,0.08,4
Semiconductor,半導體類指數,Index,0.0,0.0,0.0,0.0,0.0,0.0,0.0,0.0,0.0,0.0,0.0,0.0,0.0,1539.49,0.0,0.0,0.0,22.87,38,52.78,154
ShippingTransportation,航運業類指數,Index,0.0,0.0,0.0,0.0,0.0,0.0,0.0,0.0,0.0,0.0,0.0,0.0,0.0,189.66,0.0,0.0,0.0,6.44,171,0.9,1
Textiles,紡織纖維類指數,Index,0.0,0.0,0.0,0.0,0.0,0.0,0.0,0.0,0.0,0.0,0.0,0.0,0.0,472.47,0.0,0.0,0.0,7.85,42,2.61,32
Tourism,觀光事業類指數,Index,0.0,0.0,0.0,0.0,0.0,0.0,0.0,0.0,0.0,0.0,0.0,0.0,0.0,101.12,0.0,0.0,0.0,1.35,4,0.0,0
InformationService,資訊服務類指數,Index,0.0,0.0,0.0,0.0,0.0,0.0,0.0,0.0,0.0,0.0,0.0,0.0,0.0,215.12,0.0,0.0,0.0,7.94,43,6.48,129
Plastics,塑膠類指數,Index,0.0,0.0,0.0,0.0,0.0,0.0,0.0,0.0,0.0,0.0,0.0,0.0,0.0,224.11,0.0,0.0,0.0,0.0,0,64.05,183
GlassCeramic,玻璃陶瓷類指數,Index,0.0,0.0,0.0,0.0,0.0,0.0,0.0,0.0,0.0,0.0,0.0,0.0,0.0,173.37,0.0,0.0,0.0,7.12,175,115.45,77
BuildingMaterialConstruction,建材營造類指數,Index,0.0,0.0,0.0,0.0,0.0,0.0,0.0,0.0,0.0,0.0,0.0,0.0,0.0,456.02,0.0,0.0,0.0,14.52,59,2.74,8
FinancialInsurance,金融保險類指數,Index,0.0,0.0,0.0,0.0,0.0,0.0,0.0,0.0,0.0,0.0,0.0,0.0,0.0,2703.64,0.0,0.0,0.0,11.39,39,9.53,183
ElectronicProductsDistribution,電子通路類指數,Index,0.0,0.0,0.0,0.0,0.0,0.0,0.0,0.0,0.0,0.0,0.0,0.0,0.0,409.51,0.0,0.0,0.0,3.42,42,5.2,164
ElectronicPartsComponents,電子零組件類指數,Index,0.0,0.0,0.0,0.0,0.0,0.0,0.0,0.0,0.0,0.0,0.0,0.0,0.0,999.67,0.0,0.0,0.0,11.51,38,87.42,148
Electronic,電子類指數,Index,0.0,0.0,0.0,0.0,0.0,0.0,0.0,0.0,0.0,0.0,0.0,0.0,0.0,2963.89,0.0,0.0,0.0,17.78,38,49.25,154
ElectricMachinery,電機機械類指數,Index,0.0,0.0,0.0,0.0,0.0,0.0,0.0,0.0,0.0,0.0,0.0,0.0,0.0,573.87,0.0,0.0,0.0,11.85,31,25.58,154
ElectricalCable,電器電纜類指數,Index,0.0,0.0,0.0,0.0,0.0,0.0,0.0,0.0,0.0,0.0,0.0,0.0,0.0,113.03,0.0,0.0,0.0,4.68,11,34.12,164
ComputerPeripheralEquipment,電腦及週邊設備類指數,Index,0.0,0.0,0.0,0.0,0.0,0.0,0.0,0.0,0.0,0.0,0.0,0.0,0.0,438.5,0.0,0.0,0.0,4.37,17,28.93,150
CommunicationsInternet,通信網路類指數,Index,0.0,0.0,0.0,0.0,0.0,0.0,0.0,0.0,0.0,0.0,0.0,0.0,0.0,257.01,0.0,0.0,0.0,5.55,182,12.22,155
ChemicalBiotechnologyMedicalCare,化學生技醫療類指數,Index,0.0,0.0,0.0,0.0,0.0,0.0,0.0,0.0,0.0,0.0,0.0,0.0,0.0,150.66,0.0,0.0,0.0,9.07,44,25.74,98
Chemical,化學類指數,Index,0.0,0.0,0.0,0.0,0.0,0.0,0.0,0.0,0.0,0.0,0.0,0.0,0.0,201.41,0.0,0.0,0.0,5.54,116,9.85,91
Cement,水泥類指數,Index,0.0,0.0,0.0,0.0,0.0,0.0,0.0,0.0,0.0,0.0,0.0,0.0,0.0,121.55,0.0,0.0,0.0,5.53,31,0.54,9
BiotechnologyMedicalCare,生技醫療類指數,Index,0.0,0.0,0.0,0.0,0.0,0.0,0.0,0.0,0.0,0.0,0.0,0.0,0.0,79.7,0.0,0.0,0.0,13.08,44,35.27,98
Automobile,汽車類指數,Index,0.0,0.0,0.0,0.0,0.0,0.0,0.0,0.0,0.0,0.0,0.0,0.0,0.0,296.14,0.0,0.0,0.0,2.91,17,0.0,0
TPEx,櫃買指數,大盤,0.0,0.0,0.0,0.0,0.0,0.0,0.0,0.0,0.0,0.0,0.0,0.0,0.0,446.02,0.0,0.0,0.0,8.02,38,19.82,112
Food,食品類指數,Index,0.0,0.0,0.0,0.0,0.0,0.0,0.0,0.0,0.0,0.0,0.0,0.0,0.0,1907.46,0.0,0.0,0.0,7.43,50,5.92,49
TradingConsumersGoods,貿易百貨類指數,Index,0.0,0.0,0.0,0.0,0.0,0.0,0.0,0.0,0.0,0.0,0.0,0.0,0.0,231.71,0.0,0.0,0.0,7.58,114,4.21,32
