代號,名稱,產業別,前一年_EPS,前一年營收_e,轉換數據EPS_1,本年度累積營收換算EPS,推估本年度營收,推估本年度EPS,平均前2年本益比,前2年本益比最高最低差,前2年最低本益比,前2年最高本益比,用本年度推估EPS換算股價最低值,用本年度推估EPS換算股價最高值,用本年度推估EPS換算股價平均值,今日股價,報酬,風險,加成,前兩年往後6月最高漲幅_%,前兩年往後6月達最高花費天數,前一年往後6月最高漲幅_%,前一年往後6月達最高花費天數
1902,台紙,造紙工業,0.0,0.0,0.0,0.0,0.0,0.0,0.0,0.0,0.0,0.0,0.0,0.0,0.0,0.0,0.0,0.0,0.0,0.0,0,0.0,0
3687,歐買尬,文化創意業,4.68,1807323000.0,386180128.20512825,2.15,2041413020.3285499,5.29,34.31,48.56,13.34,61.9,70.57,327.45,181.49,65.6,2.77,1.08,4.99,29.96,174,2.16,168
3629,地心引力,光電業,-0.65,4873000.0,0.0,0.0,4288240000.0,0.0,0.0,0.0,0.0,0.0,0.0,0.0,0.0,16.6,0.0,0.0,0.0,11.72,6,0.0,0
5481,新華,電子零組件業,-0.65,97157000.0,0.0,0.0,89607092.47870143,0.0,0.0,0.0,0.0,0.0,0.0,0.0,0.0,20.6,0.0,0.0,0.0,117.1,161,4.47,1
5450,寶聯通,電腦及週邊設備業,0.22,2421173000.0,11005331818.181818,0.08,2449971244.535979,0.22,33.45,201.39,11.11,212.5,2.44,46.75,7.36,13.1,0.56,0.19,3.57,9.3,14,0.63,8
6238,勝麗,其他電子類,0.0,0.0,0.0,0.0,0.0,0.0,0.0,0.0,0.0,0.0,0.0,0.0,0.0,0.0,0.0,0.0,0.0,0.0,0,0.0,0
00835B,第一金科技債10+,上櫃指數股票型基金(ETF),0.0,0.0,0.0,0.0,0.0,0.0,0.0,0.0,0.0,0.0,0.0,0.0,0.0,0.0,0.0,0.0,0.0,0.0,0,0.0,0
00837B,永豐15年金融債,上櫃指數股票型基金(ETF),0.0,0.0,0.0,0.0,0.0,0.0,0.0,0.0,0.0,0.0,0.0,0.0,0.0,0.0,0.0,0.0,0.0,0.0,0,0.0,0
00798B,國泰中企A級債7+,上櫃指數股票型基金(ETF),0.0,0.0,0.0,0.0,0.0,0.0,0.0,0.0,0.0,0.0,0.0,0.0,0.0,0.0,0.0,0.0,0.0,0.0,0,0.0,0
6497,亞獅康-KY,生技醫療業,0.0,0.0,0.0,0.0,0.0,0.0,0.0,0.0,0.0,0.0,0.0,0.0,0.0,0.0,0.0,0.0,0.0,0.0,0,0.0,0
5349,先豐,電子零組件業,0.0,0.0,0.0,0.0,0.0,0.0,0.0,0.0,0.0,0.0,0.0,0.0,0.0,0.0,0.0,0.0,0.0,0.0,0,0.0,0
01008T,駿馬R1,受益證券,0.0,0.0,0.0,0.0,0.0,0.0,0.0,0.0,0.0,0.0,0.0,0.0,0.0,0.0,0.0,0.0,0.0,0.0,0,0.0,0
01007T,兆豐國泰R2,受益證券,0.0,0.0,0.0,0.0,0.0,0.0,0.0,0.0,0.0,0.0,0.0,0.0,0.0,13.2,0.0,0.0,0.0,1.49,40,0.0,0
01001T,土銀富邦R1,受益證券,0.0,0.0,0.0,0.0,0.0,0.0,0.0,0.0,0.0,0.0,0.0,0.0,0.0,11.71,0.0,0.0,0.0,1.79,14,0.38,6
01005T,三鼎,受益證券,0.0,0.0,0.0,0.0,0.0,0.0,0.0,0.0,0.0,0.0,0.0,0.0,0.0,0.0,0.0,0.0,0.0,0.0,0,0.0,0
01003T,兆豐新光R1,受益證券,0.0,0.0,0.0,0.0,0.0,0.0,0.0,0.0,0.0,0.0,0.0,0.0,0.0,0.0,0.0,0.0,0.0,0.0,0,0.0,0
01002T,土銀國泰R1,受益證券,0.0,0.0,0.0,0.0,0.0,0.0,0.0,0.0,0.0,0.0,0.0,0.0,0.0,14.41,0.0,0.0,0.0,0.0,0,0.86,6
01009T,王道圓滿R1,受益證券,0.0,0.0,0.0,0.0,0.0,0.0,0.0,0.0,0.0,0.0,0.0,0.0,0.0,5.74,0.0,0.0,0.0,0.25,23,6.09,63
01004T,土銀富邦R2,受益證券,0.0,0.0,0.0,0.0,0.0,0.0,0.0,0.0,0.0,0.0,0.0,0.0,0.0,10.94,0.0,0.0,0.0,0.0,0,0.5,5
710561,威剛元大9B購02,所有證券,0.0,0.0,0.0,0.0,0.0,0.0,0.0,0.0,0.0,0.0,0.0,0.0,0.0,0.0,0.0,0.0,0.0,0.0,0,0.0,0
710566,碩禾元大9B購01,所有證券,0.0,0.0,0.0,0.0,0.0,0.0,0.0,0.0,0.0,0.0,0.0,0.0,0.0,4.64,0.0,0.0,0.0,158.33,159,0.0,0
710569,中美晶富邦9B購04,所有證券,0.0,0.0,0.0,0.0,0.0,0.0,0.0,0.0,0.0,0.0,0.0,0.0,0.0,0.0,0.0,0.0,0.0,71.05,26,0.0,0
710575,環球晶中信9B購01,所有證券,0.0,0.0,0.0,0.0,0.0,0.0,0.0,0.0,0.0,0.0,0.0,0.0,0.0,4.24,0.0,0.0,0.0,0.0,0,0.0,0
711132,僑威永豐9B購01,所有證券,0.0,0.0,0.0,0.0,0.0,0.0,0.0,0.0,0.0,0.0,0.0,0.0,0.0,0.0,0.0,0.0,0.0,0.0,0,0.0,0
711126,聯亞元大9B購05,所有證券,0.0,0.0,0.0,0.0,0.0,0.0,0.0,0.0,0.0,0.0,0.0,0.0,0.0,0.0,0.0,0.0,0.0,0.0,0,0.0,0
711131,胡連永豐9B購01,所有證券,0.0,0.0,0.0,0.0,0.0,0.0,0.0,0.0,0.0,0.0,0.0,0.0,0.0,0.0,0.0,0.0,0.0,0.0,0,0.0,0
710560,宏捷科元大9B購02,所有證券,0.0,0.0,0.0,0.0,0.0,0.0,0.0,0.0,0.0,0.0,0.0,0.0,0.0,0.0,0.0,0.0,0.0,0.0,0,0.0,0
711133,寶雅永豐9B購01,所有證券,0.0,0.0,0.0,0.0,0.0,0.0,0.0,0.0,0.0,0.0,0.0,0.0,0.0,0.0,0.0,0.0,0.0,0.0,0,0.0,0
711134,中美晶群益9B購03,所有證券,0.0,0.0,0.0,0.0,0.0,0.0,0.0,0.0,0.0,0.0,0.0,0.0,0.0,0.0,0.0,0.0,0.0,0.0,0,0.0,0
710590,鈺太凱基9B購01,所有證券,0.0,0.0,0.0,0.0,0.0,0.0,0.0,0.0,0.0,0.0,0.0,0.0,0.0,0.0,0.0,0.0,0.0,0.0,0,0.0,0
710553,穩懋統一9B購03,所有證券,0.0,0.0,0.0,0.0,0.0,0.0,0.0,0.0,0.0,0.0,0.0,0.0,0.0,0.0,0.0,0.0,0.0,0.0,0,0.0,0
710502,泰博元大9B購01,所有證券,0.0,0.0,0.0,0.0,0.0,0.0,0.0,0.0,0.0,0.0,0.0,0.0,0.0,0.0,0.0,0.0,0.0,9.73,5,0.0,0
710533,鈊象元大9B購04,所有證券,0.0,0.0,0.0,0.0,0.0,0.0,0.0,0.0,0.0,0.0,0.0,0.0,0.0,0.0,0.0,0.0,0.0,0.0,0,0.0,0
710516,宇峻永豐9B購01,所有證券,0.0,0.0,0.0,0.0,0.0,0.0,0.0,0.0,0.0,0.0,0.0,0.0,0.0,0.0,0.0,0.0,0.0,23.53,14,0.0,0
710510,群聯凱基9B購03,所有證券,0.0,0.0,0.0,0.0,0.0,0.0,0.0,0.0,0.0,0.0,0.0,0.0,0.0,0.0,0.0,0.0,0.0,0.0,0,0.0,0
710509,建榮凱基9B購01,所有證券,0.0,0.0,0.0,0.0,0.0,0.0,0.0,0.0,0.0,0.0,0.0,0.0,0.0,0.0,0.0,0.0,0.0,0.0,0,0.0,0
710505,泰博富邦9B購01,所有證券,0.0,0.0,0.0,0.0,0.0,0.0,0.0,0.0,0.0,0.0,0.0,0.0,0.0,0.0,0.0,0.0,0.0,0.0,0,0.0,0
711135,元太群益9B購01,所有證券,0.0,0.0,0.0,0.0,0.0,0.0,0.0,0.0,0.0,0.0,0.0,0.0,0.0,0.0,0.0,0.0,0.0,0.0,0,0.0,0
710499,網家國泰9B購01,所有證券,0.0,0.0,0.0,0.0,0.0,0.0,0.0,0.0,0.0,0.0,0.0,0.0,0.0,0.0,0.0,0.0,0.0,0.0,0,0.0,0
709994,中美晶元大9B購01,所有證券,0.0,0.0,0.0,0.0,0.0,0.0,0.0,0.0,0.0,0.0,0.0,0.0,0.0,0.0,0.0,0.0,0.0,0.0,0,0.0,0
709985,大江富邦9B購02,所有證券,0.0,0.0,0.0,0.0,0.0,0.0,0.0,0.0,0.0,0.0,0.0,0.0,0.0,0.0,0.0,0.0,0.0,0.0,0,0.0,0
709983,群聯日盛9B購01,所有證券,0.0,0.0,0.0,0.0,0.0,0.0,0.0,0.0,0.0,0.0,0.0,0.0,0.0,0.0,0.0,0.0,0.0,0.0,0,0.0,0
709972,旺矽元大9B購01,所有證券,0.0,0.0,0.0,0.0,0.0,0.0,0.0,0.0,0.0,0.0,0.0,0.0,0.0,0.0,0.0,0.0,0.0,0.0,0,0.0,0
709966,金居群益9B購01,所有證券,0.0,0.0,0.0,0.0,0.0,0.0,0.0,0.0,0.0,0.0,0.0,0.0,0.0,0.0,0.0,0.0,0.0,0.0,0,0.0,0
709403,雙美國票9B購01,所有證券,0.0,0.0,0.0,0.0,0.0,0.0,0.0,0.0,0.0,0.0,0.0,0.0,0.0,0.0,0.0,0.0,0.0,0.0,0,0.0,0
708785,信驊中信9B購01,所有證券,0.0,0.0,0.0,0.0,0.0,0.0,0.0,0.0,0.0,0.0,0.0,0.0,0.0,0.0,0.0,0.0,0.0,0.0,0,0.0,0
710534,鈺太元大9B購01,所有證券,0.0,0.0,0.0,0.0,0.0,0.0,0.0,0.0,0.0,0.0,0.0,0.0,0.0,0.0,0.0,0.0,0.0,0.0,0,0.0,0
711137,胡連群益9B購01,所有證券,0.0,0.0,0.0,0.0,0.0,0.0,0.0,0.0,0.0,0.0,0.0,0.0,0.0,0.0,0.0,0.0,0.0,0.0,0,0.0,0
711127,頎邦元大9B購03,所有證券,0.0,0.0,0.0,0.0,0.0,0.0,0.0,0.0,0.0,0.0,0.0,0.0,0.0,0.0,0.0,0.0,0.0,0.0,0,0.0,0
711139,中美晶凱基9B購02,所有證券,0.0,0.0,0.0,0.0,0.0,0.0,0.0,0.0,0.0,0.0,0.0,0.0,0.0,0.0,0.0,0.0,0.0,0.0,0,0.0,0
73193P,神盾元大9B售04,所有證券,0.0,0.0,0.0,0.0,0.0,0.0,0.0,0.0,0.0,0.0,0.0,0.0,0.0,0.0,0.0,0.0,0.0,0.0,0,0.0,0
73107P,原相國票9B售02,所有證券,0.0,0.0,0.0,0.0,0.0,0.0,0.0,0.0,0.0,0.0,0.0,0.0,0.0,0.0,0.0,0.0,0.0,0.0,0,0.0,0
711141,胡連凱基9B購01,所有證券,0.0,0.0,0.0,0.0,0.0,0.0,0.0,0.0,0.0,0.0,0.0,0.0,0.0,0.0,0.0,0.0,0.0,11.94,1,0.0,0
711140,旺矽凱基9B購01,所有證券,0.0,0.0,0.0,0.0,0.0,0.0,0.0,0.0,0.0,0.0,0.0,0.0,0.0,0.0,0.0,0.0,0.0,6.56,12,0.0,0
711145,環球晶國票9B購02,所有證券,0.0,0.0,0.0,0.0,0.0,0.0,0.0,0.0,0.0,0.0,0.0,0.0,0.0,0.0,0.0,0.0,0.0,0.0,0,0.0,0
8934,衡平,其他,0.0,0.0,0.0,0.0,0.0,0.0,0.0,0.0,0.0,0.0,0.0,0.0,0.0,0.0,0.0,0.0,0.0,0.0,0,0.0,0
5304,鼎創達,電腦及週邊設備業,0.0,0.0,0.0,0.0,0.0,0.0,0.0,0.0,0.0,0.0,0.0,0.0,0.0,0.0,0.0,0.0,0.0,0.0,0,0.0,0
00833B,第一金美債20+,上櫃指數股票型基金(ETF),0.0,0.0,0.0,0.0,0.0,0.0,0.0,0.0,0.0,0.0,0.0,0.0,0.0,0.0,0.0,0.0,0.0,0.0,0,0.0,0
00854B,富邦全球保險債,上櫃指數股票型基金(ETF),0.0,0.0,0.0,0.0,0.0,0.0,0.0,0.0,0.0,0.0,0.0,0.0,0.0,0.0,0.0,0.0,0.0,0.0,0,0.0,0
00855B,富邦全球能源債,上櫃指數股票型基金(ETF),0.0,0.0,0.0,0.0,0.0,0.0,0.0,0.0,0.0,0.0,0.0,0.0,0.0,0.0,0.0,0.0,0.0,0.0,0,0.0,0
6438,迅得,其他電子類,5.26,6375307000.0,1212035551.3307986,2.45,7673671427.822287,6.33,24.88,34.55,12.98,47.53,82.16,300.86,157.46,170.5,0.92,0.48,1.76,91.95,166,29.28,113
00873B,凱基新興債1-5,上櫃指數股票型基金(ETF),0.0,0.0,0.0,0.0,0.0,0.0,0.0,0.0,0.0,0.0,0.0,0.0,0.0,0.0,0.0,0.0,0.0,0.0,0,0.0,0
00874B,凱基BBB公司債15+,上櫃指數股票型基金(ETF),0.0,0.0,0.0,0.0,0.0,0.0,0.0,0.0,0.0,0.0,0.0,0.0,0.0,0.0,0.0,0.0,0.0,0.0,0,0.0,0
00871B,元大中國政金債,上櫃指數股票型基金(ETF),0.0,0.0,0.0,0.0,0.0,0.0,0.0,0.0,0.0,0.0,0.0,0.0,0.0,0.0,0.0,0.0,0.0,0.0,0,0.0,0
00868B,FT1-3年美公債,上櫃指數股票型基金(ETF),0.0,0.0,0.0,0.0,0.0,0.0,0.0,0.0,0.0,0.0,0.0,0.0,0.0,0.0,0.0,0.0,0.0,0.0,0,0.0,0
1456,怡華,紡織纖維,3.41,862187000.0,252840762.46334308,1.26,925837375.7772133,3.66,27.44,408.2,3.8,412.0,13.91,1507.92,100.43,14.2,7.07,0.98,106.19,20.63,84,0.0,0
3669,圓展,光電業,1.13,2426628000.0,2147458407.079646,0.57,3112789982.392209,1.45,32.71,66.82,13.28,80.1,19.26,116.14,47.43,39.5,1.2,0.49,2.94,22.72,58,1.73,4
2429,銘旺科,電子零組件業,-1.41,469482000.0,0.0,0.0,520902618.25438046,0.0,0.0,0.0,0.0,0.0,0.0,0.0,0.0,53.8,0.0,0.0,0.0,138.22,56,170.61,125
1443,立益,紡織纖維,1.14,987864000.0,866547368.4210527,0.44,901784301.5133129,1.04,23.5,26.23,14.97,41.2,15.57,42.85,24.44,26.8,0.91,0.58,1.6,13.96,105,9.14,62
3450,聯鈞,其他電子業,5.01,8617529000.0,1720065668.6626747,2.18,7733236808.059751,4.5,325.21,2435.82,30.85,2466.67,138.83,11100.02,1463.45,410.0,3.57,0.34,27.07,284.27,182,61.56,147
2459,敦吉,電子通路業,5.17,4840007000.0,936171566.7311412,2.28,5138812700.420187,5.49,12.2,3.17,10.34,13.51,56.77,74.17,66.95,66.7,1.0,0.85,1.11,7.86,57,8.69,29
2241,艾姆勒,電機機械,-0.7,741604000.0,0.0,0.0,1046095479.6375632,0.0,0.0,0.0,0.0,0.0,0.0,0.0,0.0,29.65,0.0,0.0,0.0,35.84,8,53.11,173
8499,鼎炫-KY,其他,10.13,2741866000.0,270667917.0779862,4.79,4870954872.574246,18.0,18.6,26.27,10.48,36.75,188.64,661.5,334.88,282.0,1.19,0.67,2.35,11.01,19,122.03,112
6165,浪凡,電子零組件業,4.02,3185601000.0,792438059.7014927,1.76,3429332620.71986,4.33,33.48,155.86,10.81,166.67,46.81,721.68,144.97,52.0,2.79,0.9,13.88,26.5,173,10.19,42
1453,大將,紡織纖維,0.03,1464000.0,48800000.0,0.01,1507129.2962356794,0.03,164.46,863.65,21.35,885.0,0.64,26.55,4.93,11.6,0.42,0.06,2.29,10.43,27,2.65,18
2614,東森,貿易百貨,2.05,5498233000.0,2682064878.048781,0.65,5273540429.334544,1.97,11.66,5.24,10.0,15.24,19.7,30.02,22.97,20.1,1.14,0.98,1.49,12.88,85,32.07,131
5345,天揚,電子零組件業,-0.33,18681000.0,0.0,0.0,92686500.0,0.0,0.0,0.0,0.0,0.0,0.0,0.0,0.0,21.75,0.0,0.0,0.0,0.0,0,10.65,123
6275,元山,其他電子類,2.81,4249900000.0,1512419928.8256228,1.2,4438947955.555684,2.93,14.97,11.1,10.77,21.87,31.56,64.08,43.85,53.2,0.82,0.59,1.2,11.91,20,4.56,105
3313,斐成,電子零組件業,-0.34,8779000.0,0.0,0.0,97707487.03170028,0.0,38.2,2169.78,10.22,2180.0,0.0,0.0,0.0,11.7,0.0,0.0,0.0,31.45,61,45.56,141
6506,雙邦,化學工業,1.05,1861486000.0,1772843809.5238094,0.53,2026065403.2240915,1.14,37.35,1704.81,15.19,1720.0,17.32,1960.8,42.58,17.4,2.45,1.0,112.69,23.26,138,12.96,55
020017,永豐富櫃200N,指數投資證券(ETN),0.0,0.0,0.0,0.0,0.0,0.0,0.0,0.0,0.0,0.0,0.0,0.0,0.0,0.0,0.0,0.0,0.0,0.0,0,0.0,0
5604,中連貨,航運業,0.85,159165000.0,187252941.1764706,0.36,164683803.4460753,0.88,31.08,37.98,14.4,52.38,12.67,46.09,27.35,31.5,0.87,0.4,1.46,11.25,50,1.44,6
3219,倚強股份,半導體業,1.52,1628708000.0,1071518421.0526316,0.54,2666556052.941944,2.49,92.12,184.76,33.1,217.86,82.42,542.47,229.37,68.7,3.34,1.2,7.9,91.49,57,156.14,125
8354,冠好,塑膠工業,0.13,644280000.0,4956000000.0,0.06,690332099.3570632,0.14,23.49,127.01,8.7,135.71,1.22,19.0,3.29,15.3,0.22,0.08,1.24,20.89,113,9.48,182
8489,三貝德,文化創意業,-0.76,1374206000.0,0.0,0.0,2193913401.7697067,0.0,0.0,0.0,0.0,0.0,0.0,0.0,0.0,24.8,0.0,0.0,0.0,27.07,100,41.35,35
3685,元創精密,光電業,-1.02,1141579000.0,0.0,0.0,1682212512.572915,0.0,0.0,0.0,0.0,0.0,0.0,0.0,0.0,30.1,0.0,0.0,0.0,14.44,62,276.54,166
00839B,凱基醫療保健債,上櫃指數股票型基金(ETF),0.0,0.0,0.0,0.0,0.0,0.0,0.0,0.0,0.0,0.0,0.0,0.0,0.0,0.0,0.0,0.0,0.0,0.0,0,0.0,0
00869B,FT10-25年公司債,上櫃指數股票型基金(ETF),0.0,0.0,0.0,0.0,0.0,0.0,0.0,0.0,0.0,0.0,0.0,0.0,0.0,0.0,0.0,0.0,0.0,0.0,0,0.0,0
00832B,新光美債20+,上櫃指數股票型基金(ETF),0.0,0.0,0.0,0.0,0.0,0.0,0.0,0.0,0.0,0.0,0.0,0.0,0.0,0.0,0.0,0.0,0.0,0.0,0,0.0,0
4152,台微體,生技醫療業,0.0,0.0,0.0,0.0,0.0,0.0,0.0,0.0,0.0,0.0,0.0,0.0,0.0,0.0,0.0,0.0,0.0,0.0,0,0.0,0
00880B,第一金電信債15+,上櫃指數股票型基金(ETF),0.0,0.0,0.0,0.0,0.0,0.0,0.0,0.0,0.0,0.0,0.0,0.0,0.0,0.0,0.0,0.0,0.0,0.0,0,0.0,0
00879B,第一金美債0-1,上櫃指數股票型基金(ETF),0.0,0.0,0.0,0.0,0.0,0.0,0.0,0.0,0.0,0.0,0.0,0.0,0.0,0.0,0.0,0.0,0.0,0.0,0,0.0,0
00872B,凱基美債1-3,上櫃指數股票型基金(ETF),0.0,0.0,0.0,0.0,0.0,0.0,0.0,0.0,0.0,0.0,0.0,0.0,0.0,0.0,0.0,0.0,0.0,0.0,0,0.0,0
2928,紅馬-KY,觀光事業,0.0,0.0,0.0,0.0,0.0,0.0,0.0,0.0,0.0,0.0,0.0,0.0,0.0,0.0,0.0,0.0,0.0,0.0,0,0.0,0
3144,新揚科,電子零組件業,0.0,0.0,0.0,0.0,0.0,0.0,0.0,0.0,0.0,0.0,0.0,0.0,0.0,0.0,0.0,0.0,0.0,0.0,0,0.0,0
4803,VHQ-KY,文化創意業,0.0,0.0,0.0,0.0,0.0,0.0,0.0,0.0,0.0,0.0,0.0,0.0,0.0,0.0,0.0,0.0,0.0,0.0,0,0.0,0
020021,統一恒生科技N,指數投資證券(ETN),0.0,0.0,0.0,0.0,0.0,0.0,0.0,0.0,0.0,0.0,0.0,0.0,0.0,0.0,0.0,0.0,0.0,0.0,0,0.0,0
8406,金可-KY,生技醫療業,0.0,0.0,0.0,0.0,0.0,0.0,0.0,0.0,0.0,0.0,0.0,0.0,0.0,0.0,0.0,0.0,0.0,0.0,0,0.0,0
020009,群益A50綠碳N,指數投資證券(ETN),0.0,0.0,0.0,0.0,0.0,0.0,0.0,0.0,0.0,0.0,0.0,0.0,0.0,0.0,0.0,0.0,0.0,0.0,0,0.0,0
020003,統一漲升股利150N,指數投資證券(ETN),0.0,0.0,0.0,0.0,0.0,0.0,0.0,0.0,0.0,0.0,0.0,0.0,0.0,0.0,0.0,0.0,0.0,0.0,0,0.0,0
4429,聚紡,紡織纖維,0.0,0.0,0.0,0.0,0.0,0.0,0.0,0.0,0.0,0.0,0.0,0.0,0.0,0.0,0.0,0.0,0.0,0.0,0,0.0,0
2495,普安,其他電子業,1.12,1184814000.0,1057869642.8571428,0.59,1476751921.6258318,1.4,22.45,30.9,9.1,40.0,12.74,56.0,31.43,36.8,0.85,0.35,1.52,84.2,169,5.54,165
6431,光麗-KY,電子工業,-2.07,382162000.0,0.0,0.0,321402670.1964906,0.0,0.0,0.0,0.0,0.0,0.0,0.0,0.0,21.0,0.0,0.0,0.0,82.54,138,3.23,1
2340,台亞,光電業,-2.87,4370938000.0,0.0,0.0,4183454520.064684,0.0,311.81,516.57,54.86,571.43,0.0,0.0,0.0,37.3,0.0,0.0,0.0,15.1,58,48.84,133
00838B,永豐7-10年中國債,上櫃指數股票型基金(ETF),0.0,0.0,0.0,0.0,0.0,0.0,0.0,0.0,0.0,0.0,0.0,0.0,0.0,0.0,0.0,0.0,0.0,0.0,0,0.0,0
8080,永利聯合,電子零組件業,0.11,180322000.0,1639290909.090909,0.04,132927603.85718617,0.08,183.91,278.11,62.96,341.07,5.04,27.29,14.71,29.4,0.5,0.17,0.93,125.43,134,5.83,18
3512,皇龍,電子零組件業,2.56,1531395000.0,598201171.875,0.6,582613621.8289493,0.97,17.84,42.19,6.34,48.53,6.15,47.07,17.3,20.2,0.86,0.3,2.33,3.05,5,0.0,0
5321,美而快,電子零組件業,-0.28,2921237000.0,0.0,0.0,2268282493.0809984,0.0,633.06,2448.73,37.94,2486.67,0.0,0.0,0.0,22.5,0.0,0.0,0.0,6.42,44,1.78,48
5209,新鼎,資訊服務業,16.17,5243355000.0,324264378.47866416,5.25,4544292220.426218,14.01,12.27,5.53,9.54,15.07,133.66,211.13,171.94,164.0,1.05,0.82,1.29,0.0,0,38.43,181
00889B,凱基ESG新興債15+,上櫃指數股票型基金(ETF),0.0,0.0,0.0,0.0,0.0,0.0,0.0,0.0,0.0,0.0,0.0,0.0,0.0,0.0,0.0,0.0,0.0,0.0,0,0.0,0
5102,富強,橡膠工業,0.0,0.0,0.0,0.0,0.0,0.0,0.0,0.0,0.0,0.0,0.0,0.0,0.0,0.0,0.0,0.0,0.0,0.0,0,0.0,0
00843B,台新中國政策債,上櫃指數股票型基金(ETF),0.0,0.0,0.0,0.0,0.0,0.0,0.0,0.0,0.0,0.0,0.0,0.0,0.0,0.0,0.0,0.0,0.0,0.0,0,0.0,0
00796B,中信中國債7-10,上櫃指數股票型基金(ETF),0.0,0.0,0.0,0.0,0.0,0.0,0.0,0.0,0.0,0.0,0.0,0.0,0.0,0.0,0.0,0.0,0.0,0.0,0,0.0,0
020010,永昌富櫃200N,指數投資證券(ETN),0.0,0.0,0.0,0.0,0.0,0.0,0.0,0.0,0.0,0.0,0.0,0.0,0.0,0.0,0.0,0.0,0.0,0.0,0,0.0,0
5820,日盛金,金融業,0.0,0.0,0.0,0.0,0.0,0.0,0.0,0.0,0.0,0.0,0.0,0.0,0.0,0.0,0.0,0.0,0.0,0.0,0,0.0,0
3642,駿熠電,其他電子類,0.0,0.0,0.0,0.0,0.0,0.0,0.0,0.0,0.0,0.0,0.0,0.0,0.0,0.0,0.0,0.0,0.0,0.0,0,0.0,0
00745B,富邦中政債0-1,上櫃指數股票型基金(ETF),0.0,0.0,0.0,0.0,0.0,0.0,0.0,0.0,0.0,0.0,0.0,0.0,0.0,0.0,0.0,0.0,0.0,0.0,0,0.0,0
020013,元富亞洲高股息N,指數投資證券(ETN),0.0,0.0,0.0,0.0,0.0,0.0,0.0,0.0,0.0,0.0,0.0,0.0,0.0,0.0,0.0,0.0,0.0,0.0,0,0.0,0
02003L,永豐富櫃200正2N,指數投資證券(ETN),0.0,0.0,0.0,0.0,0.0,0.0,0.0,0.0,0.0,0.0,0.0,0.0,0.0,0.0,0.0,0.0,0.0,0.0,0,0.0,0
00747B,FH中國政策債,上櫃指數股票型基金(ETF),0.0,0.0,0.0,0.0,0.0,0.0,0.0,0.0,0.0,0.0,0.0,0.0,0.0,0.0,0.0,0.0,0.0,0.0,0,0.0,0
020014,元大富櫃200N,指數投資證券(ETN),0.0,0.0,0.0,0.0,0.0,0.0,0.0,0.0,0.0,0.0,0.0,0.0,0.0,0.0,0.0,0.0,0.0,0.0,0,0.0,0
6247,淇譽電,其他電子類,0.0,0.0,0.0,0.0,0.0,0.0,0.0,0.0,0.0,0.0,0.0,0.0,0.0,0.0,0.0,0.0,0.0,0.0,0,0.0,0
00748B,凱基中國債3-10,上櫃指數股票型基金(ETF),0.0,0.0,0.0,0.0,0.0,0.0,0.0,0.0,0.0,0.0,0.0,0.0,0.0,0.0,0.0,0.0,0.0,0.0,0,0.0,0
6873,泓德能源-創,創新板股票,3.67,9040441000.0,2463335422.343324,1.24,8240995297.672264,3.35,22.51,28.15,11.11,39.26,37.22,131.52,75.41,91.9,0.82,0.41,1.43,61.04,75,23.71,41
6869,雲豹能源-創,創新板股票,-4.2,6926950000.0,0.0,0.0,12596598043.633162,0.0,33.02,84.41,10.17,94.58,0.0,0.0,0.0,87.3,0.0,0.0,0.0,104.33,75,14.19,11
6594,展匯科,半導體業,0.0,0.0,0.0,0.0,0.0,0.0,0.0,0.0,0.0,0.0,0.0,0.0,0.0,0.0,0.0,0.0,0.0,0.0,0,0.0,0
2432,倚天,通信網路業,1.9,3191297000.0,1679630000.0,1.05,4476238482.966077,2.67,16.41,7.43,12.92,20.35,34.5,54.33,43.8,27.6,1.59,1.25,1.97,0.0,0,4.55,11
00765B,群益中國政金債,上櫃指數股票型基金(ETF),0.0,0.0,0.0,0.0,0.0,0.0,0.0,0.0,0.0,0.0,0.0,0.0,0.0,0.0,0.0,0.0,0.0,0.0,0,0.0,0
1258,其祥-KY,食品工業,0.0,0.0,0.0,0.0,0.0,0.0,0.0,0.0,0.0,0.0,0.0,0.0,0.0,0.0,0.0,0.0,0.0,0.0,0,0.0,0
8462,柏文,觀光事業,8.49,5966497000.0,702767608.9517078,3.93,7195779896.054822,10.24,30.0,65.96,16.31,82.27,167.01,842.44,307.23,148.0,2.08,1.13,5.69,22.84,124,23.72,113
8066,來思達,貿易百貨,-3.49,4567654000.0,0.0,0.0,3620531010.572845,0.0,548.66,1416.11,28.89,1445.0,0.0,0.0,0.0,16.8,0.0,0.0,0.0,1.46,30,2.91,29
8077,洛碁,觀光事業,6.03,1080743000.0,179227694.85903814,2.2,1104720681.1106381,6.16,10.23,24.12,6.68,30.8,41.15,189.73,63.04,39.7,1.59,1.04,4.78,0.0,0,14.29,19
8477,創業家,電子商務業,-0.92,442180000.0,0.0,0.0,248589018.483771,0.0,0.0,0.0,0.0,0.0,0.0,0.0,0.0,13.65,0.0,0.0,0.0,16.76,63,0.74,5
8472,夠麻吉,電子商務業,-1.3,487533000.0,0.0,0.0,718438119.4307264,0.0,0.0,0.0,0.0,0.0,0.0,0.0,0.0,68.6,0.0,0.0,0.0,4.78,72,288.69,105
3085,新零售,電子商務業,-0.56,56566000.0,0.0,0.0,59320754.4622633,0.0,0.0,0.0,0.0,0.0,0.0,0.0,0.0,11.8,0.0,0.0,0.0,58.54,154,26.74,47
5301,寶得利,觀光事業,-1.36,238825000.0,0.0,0.0,238231584.5325603,0.0,0.0,0.0,0.0,0.0,0.0,0.0,0.0,7.4,0.0,0.0,0.0,3.47,7,23.5,173
3171,新洲,貿易百貨,4.3,1843259000.0,428664883.7209303,1.89,3149707165.572592,7.35,13.89,9.64,10.41,20.05,76.51,147.37,102.09,64.0,1.6,1.2,2.3,39.67,152,45.18,124
5287,數字,電子商務業,13.94,2316918000.0,166206456.24103302,4.49,2337279102.097766,14.06,14.3,5.87,10.84,16.71,152.41,234.94,201.05,152.5,1.32,1.0,1.54,0.5,21,1.96,111
2702,華園,觀光事業,-0.35,1403236000.0,0.0,0.0,1434707058.4483757,0.0,44.81,100.73,23.33,124.06,0.0,0.0,0.0,14.6,0.0,0.0,0.0,2.52,8,0.0,0
3252,海灣,觀光事業,0.13,496920000.0,3822461538.4615383,0.06,510031565.467991,0.13,258.01,2035.38,144.62,2180.0,18.8,283.4,33.54,19.0,1.77,0.99,14.92,3.7,9,2.78,125
5364,力麗店,觀光事業,-0.77,337668000.0,0.0,0.0,234896470.25848645,0.0,0.0,0.0,0.0,0.0,0.0,0.0,0.0,9.85,0.0,0.0,0.0,170.99,113,1.08,5
5278,尚凡,電子商務業,1.05,2602370000.0,2478447619.047619,0.35,3024126822.3791995,1.22,43.4,412.05,17.28,429.33,21.08,523.78,52.95,23.0,2.3,0.92,22.77,28.13,181,55.18,89
8433,弘帆,貿易百貨,3.18,3398355000.0,1068665094.3396226,1.42,3967072674.9917507,3.71,11.31,13.76,6.27,20.03,23.26,74.31,41.98,54.2,0.77,0.43,1.37,2.49,6,0.28,1
6741,91APP*-KY,電子商務業,4.41,1766188000.0,400496145.1247165,1.85,2292215761.086697,5.72,20.7,14.96,13.52,28.48,77.33,162.91,118.38,65.6,1.8,1.18,2.48,9.13,56,5.99,95
6763,綠界科技,電子商務業,4.21,1725309000.0,409812114.01425177,1.91,1939659056.9513783,4.73,31.14,228.55,10.96,239.51,51.84,1132.88,147.29,47.45,3.1,1.09,23.88,17.25,12,22.12,55
2701,萬企,觀光事業,0.56,260225000.0,464687499.99999994,0.23,264342522.95738167,0.57,21.78,6.92,18.93,25.85,10.79,14.73,12.42,10.7,1.16,1.01,1.38,4.98,21,2.11,18
6728,上洋,貿易百貨,9.77,4548540000.0,465561924.2579325,4.71,5105239920.13549,10.97,12.7,5.81,10.53,16.34,115.51,179.25,139.37,115.0,1.21,1.0,1.56,5.54,2,16.67,53
2924,宏太-KY,貿易百貨,-1.17,59042000.0,0.0,0.0,101644278.44113612,0.0,0.0,0.0,0.0,0.0,0.0,0.0,0.0,0.0,0.0,0.0,0.0,81.57,97,7.71,7
2722,夏都,觀光事業,-0.49,571971000.0,0.0,0.0,555710376.6580254,0.0,371.68,1669.86,55.14,1725.0,0.0,0.0,0.0,23.5,0.0,0.0,0.0,14.14,21,0.0,0
2704,國賓,觀光事業,0.57,1361054000.0,2387814035.0877194,0.25,1374066671.633805,0.58,44.33,105.77,12.12,117.89,7.03,68.38,25.71,42.5,0.6,0.17,1.61,0.78,1,2.7,11
5704,老爺知,觀光事業,0.39,310605000.0,796423076.9230769,0.18,364581795.33645,0.46,28.5,70.54,12.02,82.56,5.53,37.98,13.11,21.5,0.61,0.26,1.77,2.26,8,7.25,120
2947,振宇五金,貿易百貨,3.29,2297483000.0,698323100.3039514,1.4,2419409401.9469304,3.46,26.25,15.42,22.25,37.67,76.98,130.34,90.82,78.7,1.15,0.98,1.66,9.95,61,20.24,54
5706,鳳凰,觀光事業,3.41,3142660000.0,921601173.0205278,0.93,3100011928.8061676,3.36,16.89,18.77,12.21,30.98,41.03,104.09,56.77,51.4,1.1,0.8,2.03,8.07,8,0.31,15
2732,六角,觀光事業,1.08,4231906000.0,3918431481.481481,0.56,5757579011.7505,1.47,35.32,70.48,15.43,85.91,22.68,126.29,51.91,66.9,0.78,0.34,1.89,0.0,0,1.43,1
2756,聯發國際,觀光事業,3.93,1122844000.0,285710941.475827,1.45,1781225139.607837,6.23,31.89,42.77,16.22,58.99,101.05,367.51,198.69,65.7,3.02,1.54,5.59,44.05,61,30.61,71
5903,全家,貿易百貨,7.6,109171999000.0,14364736710.526316,2.61,119883004651.8408,8.35,18.47,15.53,10.96,26.49,91.52,221.19,154.2,189.5,0.81,0.48,1.17,3.96,19,1.44,89
5904,寶雅,貿易百貨,29.63,25264824000.0,852677151.5356058,10.97,27803666868.31511,32.61,18.17,7.99,14.28,22.27,465.67,726.22,592.4,589.0,1.01,0.79,1.23,10.16,34,3.56,34
2734,易飛網,觀光事業,-1.41,1626979000.0,0.0,0.0,2157226617.319331,0.0,38.08,63.99,14.87,78.86,0.0,0.0,0.0,15.8,0.0,0.0,0.0,5.51,8,12.65,8
2736,富野,觀光事業,-1.74,520517000.0,0.0,0.0,560628058.8030868,0.0,0.0,0.0,0.0,0.0,0.0,0.0,0.0,12.5,0.0,0.0,0.0,6.5,20,0.54,1
2731,雄獅,觀光事業,17.49,29836786000.0,1705934019.4396799,6.08,33648828128.04608,19.72,10.56,8.9,6.99,15.89,137.84,313.35,208.31,159.5,1.31,0.86,1.96,13.8,8,19.72,35
2739,寒舍,觀光事業,2.36,5167860000.0,2189771186.440678,0.9,5236827918.357868,2.39,16.56,43.63,6.31,49.94,15.08,119.36,39.58,34.7,1.14,0.43,3.44,0.0,0,3.58,18
9943,好樂迪,觀光事業,5.4,2431559000.0,450288703.7037037,2.25,2231713596.832958,4.96,16.4,7.16,13.44,20.6,66.66,102.18,81.36,56.5,1.44,1.18,1.81,0.55,1,1.54,54
2743,山富,觀光事業,4.72,6629870000.0,1404633474.5762713,1.64,7143039145.589386,5.09,14.62,15.54,9.09,24.63,46.27,125.37,74.4,69.9,1.06,0.66,1.79,27.14,9,30.95,15
3522,御頂,觀光事業,-2.66,1143962000.0,0.0,0.0,1285721320.1675482,0.0,0.0,0.0,0.0,0.0,0.0,0.0,0.0,12.5,0.0,0.0,0.0,66.21,111,0.3,34
2745,五福,觀光事業,10.01,8661695000.0,865304195.8041959,4.61,10003188535.289206,11.56,11.3,7.74,8.04,15.78,92.94,182.42,130.6,101.5,1.29,0.92,1.8,14.0,9,20.95,55
4804,大略-KY,觀光事業,-1.51,130783000.0,0.0,0.0,136230599.8654662,0.0,0.0,0.0,0.0,0.0,0.0,0.0,0.0,3.27,0.0,0.0,0.0,69.06,72,172.73,98
2748,雲品,觀光事業,2.17,2448032000.0,1128125345.62212,0.91,2481170233.132201,2.2,19.32,14.23,13.61,27.84,29.94,61.25,42.51,40.1,1.06,0.75,1.53,5.37,8,1.54,8
2752,豆府,觀光事業,15.04,4051634000.0,269390558.5106383,5.43,4398319768.45975,16.33,15.29,8.46,12.03,20.49,196.45,334.6,249.65,184.0,1.36,1.07,1.82,2.73,19,4.67,6
2753,八方雲集,觀光事業,12.85,8764223000.0,682040700.3891051,4.45,9101500471.39897,13.34,17.94,8.05,13.82,21.87,184.36,291.75,239.31,180.5,1.33,1.02,1.62,0.0,0,4.81,145
2754,亞洲藏壽司,觀光事業,2.36,5729128000.0,2427596610.169492,0.98,6102620615.109119,2.51,40.25,69.9,20.64,90.54,51.81,227.26,101.04,69.2,1.46,0.75,3.28,9.5,58,21.08,131
5905,南仁湖,貿易百貨,-0.63,1067250000.0,0.0,0.0,2516023492.9418483,0.0,0.0,0.0,0.0,0.0,0.0,0.0,0.0,8.0,0.0,0.0,0.0,107.08,112,2.11,102
2740,天蔥,觀光事業,-3.19,142213000.0,0.0,0.0,53076114.35277908,0.0,0.0,0.0,0.0,0.0,0.0,0.0,0.0,39.85,0.0,0.0,0.0,2.36,36,28.32,19
5703,亞都,觀光事業,0.53,448515000.0,846254716.981132,0.23,498356305.4705652,0.59,57.8,76.67,25.09,101.76,14.8,60.04,34.1,0.0,0.0,0.0,0.0,1.28,12,0.0,0
5902,德記,貿易百貨,2.24,2297474000.0,1025658035.7142856,0.66,2048432125.4989567,2.0,20.01,6.34,16.67,23.01,33.34,46.02,40.02,38.0,1.05,0.88,1.21,28.72,96,0.21,4
8044,網家,電子商務業,-4.62,36819770000.0,0.0,0.0,38847933928.56328,0.0,0.0,0.0,0.0,0.0,0.0,0.0,0.0,23.0,0.0,0.0,0.0,77.01,183,4.44,13
2705,六福,觀光事業,0.87,2277851000.0,2618219540.229885,0.28,2239282992.6790333,0.86,74.48,122.32,18.51,140.83,15.92,121.11,64.05,15.9,4.03,1.0,7.62,4.99,20,4.64,19
2706,第一店,觀光事業,0.64,376284000.0,587943750.0,0.26,383588798.6027463,0.65,22.65,9.71,18.85,28.56,12.25,18.56,14.72,12.5,1.18,0.98,1.48,7.32,20,1.79,18
2707,晶華,觀光事業,11.42,6817181000.0,596951050.7880911,4.41,7105910856.950095,11.9,18.1,7.22,14.74,21.96,175.41,261.32,215.37,170.5,1.26,1.03,1.53,5.37,8,2.26,125
2712,遠雄來,觀光事業,-0.39,533043000.0,0.0,0.0,542641137.2588066,0.0,119.63,65.31,65.32,130.63,0.0,0.0,0.0,17.4,0.0,0.0,0.0,0.0,0,11.68,55
2718,晶悅,觀光事業,16.94,2992167000.0,176633234.9468713,1.22,1067770565.2908657,6.05,8.87,47.15,1.24,48.39,7.5,292.76,53.68,41.7,1.29,0.18,7.02,1.89,98,23.75,98
8940,新天地,觀光事業,0.55,1601200000.0,2911272727.272727,0.3,1629157314.556782,0.56,62.73,203.79,11.21,215.0,6.28,120.4,35.13,18.3,1.92,0.34,6.58,0.0,0,0.44,8
2719,燦星旅,觀光事業,-0.15,1982797000.0,0.0,0.0,1651447586.7778265,0.0,25.49,37.02,11.59,48.61,0.0,0.0,0.0,26.35,0.0,0.0,0.0,7.2,8,18.74,8
8941,關中,貿易百貨,1.16,3009319000.0,2594240517.2413793,0.38,3052332922.2659826,1.18,18.26,39.56,7.97,47.53,9.4,56.09,21.55,44.2,0.49,0.21,1.27,0.63,51,0.0,0
2723,美食-KY,觀光事業,-2.47,18376224000.0,0.0,0.0,15404750530.22051,0.0,29.02,29.44,17.23,46.67,0.0,0.0,0.0,66.8,0.0,0.0,0.0,4.63,152,3.37,11
2916,滿心,貿易百貨,3.96,1986414000.0,501619696.969697,1.78,1997268587.0877519,3.98,12.05,5.56,9.6,15.16,38.21,60.34,47.95,44.55,1.08,0.86,1.35,8.81,22,2.78,18
2937,集雅社,貿易百貨,4.15,5120538000.0,1233864578.313253,1.51,5506190685.758862,4.46,11.52,4.64,9.28,13.92,41.39,62.08,51.39,43.5,1.18,0.95,1.43,5.76,168,1.96,1
2724,富驛-KY,觀光事業,-0.21,159698000.0,0.0,0.0,163229470.15787446,0.0,9.05,9.78,4.97,14.75,0.0,0.0,0.0,14.15,0.0,0.0,0.0,3.26,85,2.35,4
6195,詩肯,貿易百貨,0.99,2207685000.0,2229984848.4848485,0.42,2511761341.018279,1.13,20.97,12.59,15.45,28.04,17.46,31.69,23.7,23.75,1.0,0.74,1.33,2.62,28,4.39,6
9960,邁達康,貿易百貨,1.75,672255000.0,384145714.28571427,0.68,705846935.2984746,1.84,12.76,10.11,10.12,20.23,18.62,37.22,23.48,34.5,0.68,0.54,1.08,6.13,85,1.6,8
2755,揚秦,觀光事業,7.02,2990934000.0,426058974.3589744,3.27,3615245097.104862,8.49,20.62,8.62,16.79,25.41,142.55,215.73,175.06,135.5,1.29,1.05,1.59,3.31,49,35.6,105
2729,瓦城,觀光事業,7.16,6114633000.0,853999022.3463687,2.52,6247155090.534423,7.32,22.22,7.03,18.71,25.74,136.96,188.42,162.63,166.0,0.98,0.83,1.14,2.52,68,7.02,41
2727,王品,觀光事業,16.01,23220546000.0,1450377638.97564,5.92,25290706613.857952,17.44,14.42,3.94,11.8,15.74,205.79,274.51,251.49,234.5,1.07,0.88,1.17,2.92,183,12.53,19
1259,安心,觀光事業,2.45,6045389000.0,2467505714.285714,0.82,6263400883.0374565,2.54,37.39,61.2,13.33,74.53,33.86,189.31,94.96,57.5,1.65,0.59,3.29,1.49,6,3.13,158
5701,劍湖山,觀光事業,-0.26,534902000.0,0.0,0.0,517507751.05747175,0.0,0.0,0.0,0.0,0.0,0.0,0.0,0.0,3.48,0.0,0.0,0.0,0.0,0,0.0,0
1268,漢來美食,觀光事業,10.12,6246514000.0,617244466.4031621,4.12,6877670105.863879,11.14,16.39,9.29,12.13,21.42,135.13,238.62,182.63,158.5,1.15,0.85,1.51,5.52,55,10.44,125
2726,雅茗-KY,觀光事業,-3.56,570200000.0,0.0,0.0,526422194.80678314,0.0,50.39,152.32,4.2,156.52,0.0,0.0,0.0,10.15,0.0,0.0,0.0,16.32,9,0.0,0
8438,昶昕,其他,2.1,3770840000.0,1795638095.238095,1.1,5006190924.122796,2.79,21.5,34.56,11.38,45.94,31.75,128.17,59.98,89.8,0.67,0.35,1.43,55.68,107,14.5,8
9955,佳龍,其他,0.54,1409673000.0,2610505555.5555553,0.3,2197742053.538942,0.84,58.27,12.68,53.43,66.11,44.88,55.53,48.94,29.85,1.64,1.5,1.86,26.63,105,2.43,166
8422,可寧衛,其他,1.3,4921714000.0,3785933846.153846,0.49,3825844266.081244,1.01,19.62,23.77,13.84,37.61,13.98,37.99,19.81,27.9,0.71,0.5,1.36,1.04,43,33.33,181
9921,巨大,其他,1.84,60780700000.0,33032989130.43478,0.49,46724985182.07384,1.41,67.4,266.08,22.08,288.16,31.13,406.31,95.04,66.0,1.44,0.47,6.16,16.47,105,4.71,5
1432,大魯閣,貿易百貨,6.03,1324663000.0,219678772.8026534,1.41,912173323.2832348,4.15,44.64,82.69,2.74,85.43,11.37,354.53,185.27,16.85,11.0,0.67,21.04,8.26,152,9.2,11
9924,福興,其他,3.17,7457017000.0,2352371293.3753943,0.87,6346144498.26831,2.7,11.33,8.7,8.57,17.27,23.14,46.63,30.59,43.3,0.71,0.53,1.08,1.67,152,15.03,167
1439,雋揚,紡織纖維,3.21,548585000.0,170898753.894081,2.08,1293978023.7738502,7.57,15.02,13.89,8.21,22.1,62.15,167.3,113.69,26.85,4.23,2.31,6.23,23.05,114,1.44,15
8473,山林水,其他,2.55,4934180000.0,1934972549.019608,0.97,5918954275.389148,3.06,29.28,160.22,13.78,174.0,42.17,532.44,89.58,34.6,2.59,1.22,15.39,32.63,72,35.61,165
6641,基士德-KY,其他,0.45,1773564000.0,3941253333.333333,0.19,1824445719.4770381,0.46,63.86,204.41,12.59,217.0,5.79,99.82,29.38,19.2,1.53,0.3,5.2,1.05,1,3.38,4
9930,中聯資源,其他,4.96,14021406000.0,2826896370.967742,1.6,13414208608.587894,4.75,15.29,5.61,13.53,19.14,64.27,90.92,72.63,70.0,1.04,0.92,1.3,7.03,85,7.68,14
8464,億豐,其他,22.53,30041892000.0,1333417310.252996,7.44,29920448882.770596,22.44,18.45,11.78,12.5,24.28,280.5,544.84,414.08,343.0,1.21,0.82,1.59,48.34,163,33.56,98
9934,成霖,其他,-0.29,17486056000.0,0.0,0.0,18036421037.923306,0.0,20.32,55.35,8.18,63.53,0.0,0.0,0.0,9.27,0.0,0.0,0.0,10.84,43,0.0,0
1598,岱宇,化學生技醫療,-3.35,6329286000.0,0.0,0.0,5339358894.185466,0.0,104.33,177.89,44.11,222.0,0.0,0.0,0.0,22.2,0.0,0.0,0.0,3.58,8,9.62,41
9935,慶豐富,其他,1.64,4981019000.0,3037206707.3170733,0.53,4918037636.37808,1.62,14.35,35.62,8.55,44.17,13.85,71.56,23.25,18.25,1.27,0.76,3.92,33.77,170,8.69,15
8467,波力-KY,其他,10.04,2544953000.0,253481374.50199205,2.75,2084698309.89963,8.22,18.66,24.06,10.73,34.79,88.2,285.97,153.38,130.5,1.18,0.68,2.19,59.32,183,10.92,124
8454,富邦媒,貿易百貨,11.58,109217017000.0,9431521329.879103,3.79,108121037004.56007,11.46,22.39,14.42,14.86,29.28,170.3,335.55,256.6,196.0,1.31,0.87,1.71,5.58,27,0.48,1
1736,喬山,生技醫療業,9.07,53154689000.0,5860494928.335171,4.19,59372823751.62098,10.13,24.5,39.05,12.25,51.3,124.09,519.67,248.15,125.0,1.99,0.99,4.16,87.23,180,10.57,147
6768,志強-KY,其他,6.78,20464647000.0,3018384513.2743363,2.92,19115353355.07761,6.33,16.22,16.65,10.95,27.6,69.31,174.71,102.66,87.5,1.17,0.79,2.0,62.58,182,10.76,153
3557,嘉威,其他,0.13,4367859000.0,33598915384.615383,0.06,3285370092.7904315,0.1,273.49,3173.47,6.53,3180.0,0.65,318.0,27.35,29.45,0.93,0.02,10.8,5.83,27,4.84,5
1472,三洋實業,紡織纖維,6.4,3601026000.0,562660312.5,2.2,3738409017.119945,6.64,19.94,24.51,12.44,36.95,82.6,245.35,132.4,91.2,1.45,0.91,2.69,0.0,0,7.11,8
6581,鋼聯,其他,6.17,2095016000.0,339548784.4408428,3.18,2537643822.544653,7.47,16.83,10.63,12.45,23.08,93.0,172.41,125.68,110.0,1.14,0.85,1.57,21.08,174,9.22,153
6754,匯僑設計,其他,3.4,3632574000.0,1068404117.6470588,0.82,2905906365.5730057,2.72,11.75,7.28,8.48,15.76,23.07,42.87,31.95,45.95,0.7,0.5,0.93,32.84,103,7.27,20
8482,商億-KY,其他,2.3,3480536000.0,1513276521.7391305,0.82,3456962097.054859,2.28,19.49,29.72,12.23,41.95,27.88,95.65,44.44,50.0,0.89,0.56,1.91,0.0,0,1.82,4
3054,立萬利,電子工業,1.96,126498000.0,64539795.91836735,3.58,909449772.2984962,14.09,39.34,36.39,19.26,55.65,271.37,784.11,554.23,70.4,7.87,3.85,11.14,13.63,113,2.86,99
6689,伊雲谷,電子工業,2.3,12667665000.0,5507680434.782609,0.73,11547764842.609735,2.1,36.63,16.93,29.39,46.32,61.72,97.27,76.93,69.5,1.11,0.89,1.4,21.36,69,3.52,6
3708,上緯投控,化學生技醫療,35.56,6151654000.0,172993644.54443192,1.43,598350459.5063652,3.46,44.65,106.98,3.02,110.0,10.45,380.6,154.5,118.5,1.3,0.09,3.21,0.0,0,96.17,106
6671,三能-KY,其他,2.38,1985487000.0,834238235.2941177,0.7,1809236752.600608,2.17,14.08,4.66,11.13,15.79,24.15,34.26,30.55,30.05,1.02,0.8,1.14,10.34,70,1.43,70
2424,隴華,電腦及週邊設備業,-1.34,212664000.0,0.0,0.0,138659083.9630758,0.0,0.0,0.0,0.0,0.0,0.0,0.0,0.0,19.25,0.0,0.0,0.0,200.0,160,7.94,11
5306,桂盟,其他,7.66,4729350000.0,617408616.1879896,2.71,4672648699.034517,7.57,16.63,19.75,9.58,29.33,72.52,222.03,125.89,80.9,1.56,0.9,2.74,14.18,118,11.75,4
2062,橋椿,其他,0.38,6372187000.0,16768913157.894737,0.13,6435454454.793515,0.38,19.02,50.18,8.03,58.21,3.05,22.12,7.23,20.3,0.36,0.15,1.09,43.32,138,2.7,6
6670,復盛應用,其他,22.49,29763472000.0,1323409159.6265008,10.98,31261455153.66002,23.62,12.13,7.22,9.08,16.3,214.47,385.01,286.5,254.0,1.13,0.84,1.52,16.64,5,7.79,14
9802,鈺齊-KY,其他,6.05,17333351000.0,2865016694.214876,2.46,17614686792.745415,6.15,18.03,21.72,12.24,33.96,75.28,208.85,110.91,80.4,1.38,0.94,2.6,7.76,34,21.09,56
9914,美利達,其他,4.01,26935538000.0,6717091770.573566,1.06,20383498088.805656,3.03,35.9,34.85,13.99,48.84,42.39,147.99,108.77,55.7,1.95,0.76,2.66,11.01,85,1.89,6
2442,新美齊,電子工業,5.25,1316248000.0,250713904.76190478,52.85,17772432079.23383,70.89,19.71,32.17,3.54,35.71,250.95,2531.48,1397.14,18.65,74.91,13.46,135.74,33.33,85,20.0,119
4536,拓凱,其他,14.92,9439769000.0,632692292.2252011,4.74,8525204899.770667,13.47,11.15,7.25,7.74,14.99,104.26,201.92,150.13,151.0,0.99,0.69,1.34,19.69,175,15.62,33
9904,寶成,其他,4.1,253268990000.0,61772924390.243904,1.35,236793957595.08185,3.83,7.22,5.7,4.94,10.64,18.92,40.75,27.67,25.9,1.07,0.73,1.57,7.65,183,7.19,55
3130,一零四,電子工業,14.7,2657992000.0,180815782.3129252,6.14,2821095263.498472,15.6,15.87,3.47,14.57,18.04,227.29,281.42,247.55,222.0,1.12,1.02,1.27,0.83,1,3.66,7
6807,峰源-KY,其他,4.69,4368245000.0,931395522.3880596,1.58,3160991163.777777,3.39,8.91,8.12,5.37,13.49,18.2,45.73,30.21,35.4,0.85,0.51,1.29,84.75,184,3.25,12
9910,豐泰,其他,5.1,83553386000.0,16383016862.7451,1.58,78894249218.84154,4.82,22.37,19.25,13.49,32.74,65.02,157.81,107.83,73.8,1.46,0.88,2.14,0.3,48,15.88,154
9911,櫻花,其他,6.26,10160374000.0,1623062939.2971246,2.9,10892785002.207806,6.71,14.49,4.48,13.11,17.59,87.97,118.03,97.19,83.2,1.17,1.06,1.42,6.69,84,1.14,76
8341,日友,其他,4.48,4002425000.0,893398437.4999999,2.01,4494012934.273272,5.03,22.97,24.73,15.58,40.31,78.37,202.76,115.54,75.8,1.52,1.03,2.67,3.48,62,8.33,182
6806,森崴能源,其他,-57.89,27598134000.0,0.0,0.0,11849906099.48016,0.0,34.49,41.61,18.13,59.74,0.0,0.0,0.0,20.35,0.0,0.0,0.0,41.0,65,7.47,12
8478,東哥遊艇,其他,13.25,4888412000.0,368936754.7169811,4.9,9000170361.360538,24.39,23.25,49.18,9.28,58.46,226.34,1425.84,567.17,169.0,3.36,1.34,8.44,11.39,55,57.72,57
6123,上奇,電腦及週邊設備業,2.72,5094560000.0,1872999999.9999998,0.82,4581203288.528614,2.45,16.49,7.24,13.42,20.66,32.88,50.62,40.4,45.75,0.88,0.72,1.11,9.51,13,4.09,137
8087,華鎂鑫,光電業,-1.32,318083000.0,0.0,0.0,531727216.69605577,0.0,69.29,153.26,11.91,165.17,0.0,0.0,0.0,33.0,0.0,0.0,0.0,0.33,50,6.63,28
8420,明揚,其他,0.0,0.0,0.0,0.0,0.0,0.0,0.0,0.0,0.0,0.0,0.0,0.0,0.0,40.6,0.0,0.0,0.0,10.76,30,0.0,0
8390,金益鼎,其他,6.6,4649007000.0,704395000.0,3.71,6273776597.94319,8.91,14.46,11.07,9.91,20.98,88.3,186.93,128.8,94.1,1.37,0.94,1.99,52.94,65,10.92,146
4154,樂威科-KY,生技醫療業,-1.83,22250000.0,0.0,0.0,30814434.44006753,0.0,0.0,0.0,0.0,0.0,0.0,0.0,0.0,12.3,0.0,0.0,0.0,77.01,117,8.12,57
3713,新晶投控,光電業,-1.13,281414000.0,0.0,0.0,414917268.6535445,0.0,0.0,0.0,0.0,0.0,0.0,0.0,0.0,13.7,0.0,0.0,0.0,50.44,56,53.76,132
6811,宏碁資訊,資訊服務業,14.37,9465495000.0,658698329.8538623,7.56,11241932120.970358,17.07,18.25,13.73,12.71,26.44,216.96,451.33,311.6,210.0,1.48,1.03,2.15,21.16,69,1.54,112
8423,保綠-KY,其他,0.73,372162000.0,509810958.9041096,0.34,393063336.0296969,0.77,32.6,20.34,24.32,44.66,18.73,34.39,25.1,17.95,1.4,1.04,1.92,19.4,56,5.65,124
8440,綠電,其他,0.31,942226000.0,3039438709.677419,0.08,682123068.2946537,0.22,87.86,133.26,31.74,165.0,6.98,36.3,19.33,20.2,0.96,0.35,1.8,44.44,56,1.81,11
8171,天宇,通信網路業,-5.46,286330000.0,0.0,0.0,385631568.90999293,0.0,0.0,0.0,0.0,0.0,0.0,0.0,0.0,23.7,0.0,0.0,0.0,2.85,62,4.07,6
3178,公準,電機機械,-0.46,1278448000.0,0.0,0.0,1160453386.6175585,0.0,577.41,3129.21,20.79,3150.0,0.0,0.0,0.0,69.0,0.0,0.0,0.0,0.0,0,33.47,112
3551,世禾,其他電子類,8.36,2943952000.0,352147368.42105263,3.11,3515579016.5175624,9.98,20.8,15.68,12.52,28.2,124.95,281.44,207.55,210.0,0.99,0.6,1.34,39.45,173,66.82,160
6803,崑鼎,其他,18.44,9581973000.0,519629772.23427325,7.38,9936770207.552067,19.12,16.97,3.56,15.62,19.18,298.65,366.72,324.49,289.5,1.12,1.03,1.27,0.32,5,2.2,48
4530,宏易,電機機械,0.34,326341000.0,959826470.5882353,0.17,650841709.3093808,0.68,82.19,17.21,72.35,89.56,49.2,60.9,55.89,25.45,2.2,1.93,2.39,64.05,139,8.79,75
1593,祺驊,生技醫療業,2.17,1236771000.0,569940552.9953917,0.99,1402395463.274593,2.46,24.56,37.8,12.59,50.39,30.97,123.96,60.42,30.9,1.96,1.0,4.01,0.0,0,5.13,7
3073,天方能源,半導體業,0.04,78469000.0,1961725000.0,0.04,328032859.52237606,0.17,188.81,722.31,17.69,740.0,3.01,125.8,32.1,22.25,1.44,0.14,5.65,231.85,75,11.59,41
6804,明係,其他,-2.83,1356794000.0,0.0,0.0,1585643497.729367,0.0,28.01,22.07,18.28,40.35,0.0,0.0,0.0,15.55,0.0,0.0,0.0,0.82,20,5.46,8
6624,萬年清,其他,0.36,655700000.0,1821388888.888889,0.11,450937999.8769744,0.25,75.55,181.16,27.26,208.42,6.82,52.1,18.89,49.95,0.38,0.14,1.04,0.0,0,7.93,1
4609,唐鋒,電器電纜,-0.11,170353000.0,0.0,0.0,103441633.74392302,0.0,0.0,0.0,0.0,0.0,0.0,0.0,0.0,5.23,0.0,0.0,0.0,12.66,56,14.4,70
5205,中茂,其他電子類,-1.43,24789000.0,0.0,0.0,32765280.554239698,0.0,0.0,0.0,0.0,0.0,0.0,0.0,0.0,23.0,0.0,0.0,0.0,85.69,82,10.68,28
6629,泰金-KY,其他,6.46,1675172000.0,259314551.08359134,4.32,3104173060.3524485,11.97,14.07,16.37,7.01,23.38,83.91,279.86,168.44,119.0,1.42,0.71,2.35,62.23,121,56.25,182
4702,中美實,化學工業,0.89,79555000.0,89387640.4494382,0.34,58978187.100033686,0.66,32.59,125.16,10.95,136.11,7.23,89.83,21.51,9.67,2.22,0.75,9.29,5.84,19,12.9,18
2640,大車隊,其他,9.01,3135467000.0,347998557.15871257,3.17,3248849587.121685,9.34,15.3,8.2,13.44,21.64,125.53,202.12,142.88,169.5,0.84,0.74,1.19,0.41,2,3.35,12
6616,特昇-KY,其他,-0.6,1063387000.0,0.0,0.0,751284773.659037,0.0,77.45,21.31,67.37,88.68,0.0,0.0,0.0,10.0,0.0,0.0,0.0,11.96,21,0.95,20
6690,安碁資訊,資訊服務業,10.22,2397800000.0,234618395.3033268,4.7,2832925909.118691,12.07,20.59,15.61,14.26,29.87,172.12,360.53,248.47,170.0,1.46,1.01,2.12,52.15,69,0.26,1
8476,台境,其他,0.51,1133942000.0,2223415686.27451,0.25,1426870750.479359,0.64,51.27,263.84,11.16,275.0,7.14,176.0,32.81,17.15,1.91,0.42,10.26,12.98,61,10.0,33
8924,大田,其他,5.63,4471774000.0,794276021.3143872,2.32,5671579932.00998,7.14,14.13,9.94,9.54,19.48,68.12,139.09,100.91,63.7,1.58,1.07,2.18,1.95,2,15.69,180
8938,明安,其他,6.19,15350061000.0,2479815993.5379643,2.77,14058019534.950693,5.67,19.12,150.93,7.47,158.4,42.35,898.13,108.39,56.0,1.94,0.76,16.04,9.47,30,8.94,6
8933,愛地雅,其他,-1.39,2377380000.0,0.0,0.0,1404453823.4075768,0.0,0.0,0.0,0.0,0.0,0.0,0.0,0.0,5.88,0.0,0.0,0.0,0.0,0,2.62,102
8928,鉅明,其他,1.41,3443852000.0,2442448226.9503546,0.52,2560174106.0974565,1.05,44.39,167.95,9.16,177.11,9.62,185.97,46.61,21.3,2.19,0.45,8.73,4.59,34,1.64,8
8916A,光隆甲特,其他,0.0,0.0,0.0,0.0,0.0,0.0,0.0,0.0,0.0,0.0,0.0,0.0,0.0,0.0,0.0,0.0,0.0,0.0,0,0.0,0
3089,億杰,電子零組件業,0.0,0.0,0.0,0.0,0.0,0.0,0.0,0.0,0.0,0.0,0.0,0.0,0.0,0.0,0.0,0.0,0.0,0.0,0,0.0,0
4129A,聯合甲特,生技醫療業,0.0,0.0,0.0,0.0,0.0,0.0,0.0,0.0,0.0,0.0,0.0,0.0,0.0,0.0,0.0,0.0,0.0,0.0,0,0.0,0
5281,大峽谷-KY,光電業,0.0,0.0,0.0,0.0,0.0,0.0,0.0,0.0,0.0,0.0,0.0,0.0,0.0,0.0,0.0,0.0,0.0,0.0,0,0.0,0
4944,兆遠,光電業,0.0,0.0,0.0,0.0,0.0,0.0,0.0,0.0,0.0,0.0,0.0,0.0,0.0,0.0,0.0,0.0,0.0,0.0,0,0.0,0
00744B,國泰中國政金債5+,上櫃指數股票型基金(ETF),0.0,0.0,0.0,0.0,0.0,0.0,0.0,0.0,0.0,0.0,0.0,0.0,0.0,0.0,0.0,0.0,0.0,0.0,0,0.0,0
6404,通訊-KY,資訊服務業,0.0,0.0,0.0,0.0,0.0,0.0,0.0,0.0,0.0,0.0,0.0,0.0,0.0,0.0,0.0,0.0,0.0,0.0,0,0.0,0
020024,兆豐富櫃200N,指數投資證券(ETN),0.0,0.0,0.0,0.0,0.0,0.0,0.0,0.0,0.0,0.0,0.0,0.0,0.0,0.0,0.0,0.0,0.0,0.0,0,0.0,0
02002L,兆豐富櫃200正二N,指數投資證券(ETN),0.0,0.0,0.0,0.0,0.0,0.0,0.0,0.0,0.0,0.0,0.0,0.0,0.0,0.0,0.0,0.0,0.0,0.0,0,0.0,0
8418,捷必勝-KY,其他,0.0,0.0,0.0,0.0,0.0,0.0,0.0,0.0,0.0,0.0,0.0,0.0,0.0,0.0,0.0,0.0,0.0,0.0,0,0.0,0
4712,南璋,食品工業,-2.16,0.0,0.0,0.0,0.0,0.0,0.0,0.0,0.0,0.0,0.0,0.0,0.0,0.0,0.0,0.0,0.0,0.0,0,0.0,0
5383,金利,其他電子類,0.0,0.0,0.0,0.0,0.0,0.0,0.0,0.0,0.0,0.0,0.0,0.0,0.0,41.5,0.0,0.0,0.0,5.1,1,0.0,0
8091,翔名,電子零組件業,5.91,2104250000.0,356049069.37394243,2.35,2826024308.3736196,7.94,20.69,20.49,12.96,33.45,102.9,265.59,164.26,191.0,0.86,0.54,1.39,39.27,58,10.0,123
6865,偉康科技,資訊服務業,1.53,459035000.0,300022875.8169935,0.31,227639073.79805753,0.76,29.94,37.36,14.42,51.78,10.96,39.35,22.75,35.5,0.64,0.31,1.11,25.49,64,4.03,7
5432,新門,光電業,2.3,194274000.0,84466956.52173914,0.81,211567946.88024312,2.5,119.33,142.82,56.52,199.34,141.3,498.35,298.32,147.0,2.03,0.96,3.39,96.12,58,10.11,173
4419,元勝,紡織纖維,-1.45,2678472000.0,0.0,0.0,2692238662.7720695,0.0,0.0,0.0,0.0,0.0,0.0,0.0,0.0,45.2,0.0,0.0,0.0,71.06,64,10.21,53
6198,瑞築,半導體業,-0.23,233000.0,0.0,0.0,324430.37974683545,0.0,101.17,91.31,24.05,115.36,0.0,0.0,0.0,21.7,0.0,0.0,0.0,4.03,30,2.94,13
3465,進泰電子,電子零組件業,0.04,1723481000.0,43087025000.0,0.01,1290207939.6687522,0.03,146.32,1121.9,31.85,1153.75,0.96,34.61,4.39,27.5,0.16,0.03,1.26,1.69,51,11.78,28
020026,兆豐上櫃ESG電菁N,指數投資證券(ETN),0.0,0.0,0.0,0.0,0.0,0.0,0.0,0.0,0.0,0.0,0.0,0.0,0.0,6.37,0.0,0.0,0.0,0.0,0,0.0,0
00831B,新光美債1-3,上櫃指數股票型基金(ETF),0.0,0.0,0.0,0.0,0.0,0.0,0.0,0.0,0.0,0.0,0.0,0.0,0.0,41.42,0.0,0.0,0.0,1.15,70,0.0,0
6514,芮特-KY,通信網路業,0.0,0.0,0.0,0.0,0.0,0.0,17.39,2.55,16.34,18.89,0.0,0.0,0.0,50.8,0.0,0.0,0.0,1.71,63,0.0,0
00721B,元大中國債3-5,上櫃指數股票型基金(ETF),0.0,0.0,0.0,0.0,0.0,0.0,0.0,0.0,0.0,0.0,0.0,0.0,0.0,48.06,0.0,0.0,0.0,4.67,90,0.0,0
6757,台灣虎航-創,創新版股票,5.38,16712901000.0,3106487174.7211895,2.26,19800438805.53737,6.37,12.36,9.52,8.39,17.91,53.44,114.09,78.73,57.0,1.38,0.94,2.0,73.71,63,9.76,1
4733,上緯,化學工業,0.0,0.0,0.0,0.0,0.0,0.0,0.0,0.0,0.0,0.0,0.0,0.0,0.0,0.0,0.0,0.0,0.0,0.0,0,0.0,0
1716,永信,化學生技醫療,10.75,0.0,0.0,0.0,0.0,0.0,0.0,0.0,0.0,0.0,0.0,0.0,0.0,0.0,0.0,0.0,0.0,0.0,0,0.0,0
1311,福聚,塑膠工業,0.0,0.0,0.0,0.0,0.0,0.0,0.0,0.0,0.0,0.0,0.0,0.0,0.0,0.0,0.0,0.0,0.0,0.0,0,0.0,0
1230,聯成食,電器電纜,0.0,0.0,0.0,0.0,0.0,0.0,0.0,0.0,0.0,0.0,0.0,0.0,0.0,0.0,0.0,0.0,0.0,0.0,0,0.0,0
1601,台光,電器電纜,0.0,0.0,0.0,0.0,0.0,0.0,0.0,0.0,0.0,0.0,0.0,0.0,0.0,0.0,0.0,0.0,0.0,0.0,0,0.0,0
1606,歌林,電器電纜,0.0,0.0,0.0,0.0,0.0,0.0,0.0,0.0,0.0,0.0,0.0,0.0,0.0,0.0,0.0,0.0,0.0,0.0,0,0.0,0
1523,開億,電機機械,0.0,0.0,0.0,0.0,0.0,0.0,0.0,0.0,0.0,0.0,0.0,0.0,0.0,0.0,0.0,0.0,0.0,0.0,0,0.0,0
3599,旺能,光電業,0.0,0.0,0.0,0.0,0.0,0.0,0.0,0.0,0.0,0.0,0.0,0.0,0.0,0.0,0.0,0.0,0.0,0.0,0,0.0,0
00742,新光內需收益,ETF,0.0,0.0,0.0,0.0,0.0,0.0,0.0,0.0,0.0,0.0,0.0,0.0,0.0,0.0,0.0,0.0,0.0,0.0,0,0.0,0
2258,鴻華先進-創,創新版股票,-2.15,4269199000.0,0.0,0.0,2521255401.5398774,0.0,0.0,0.0,0.0,0.0,0.0,0.0,0.0,28.7,0.0,0.0,0.0,11.11,49,15.8,19
6119,大傳,電子工業,0.0,0.0,0.0,0.0,0.0,0.0,0.0,0.0,0.0,0.0,0.0,0.0,0.0,0.0,0.0,0.0,0.0,0.0,0,0.0,0
00743,國泰中國A150,ETF,0.0,0.0,0.0,0.0,0.0,0.0,0.0,0.0,0.0,0.0,0.0,0.0,0.0,0.0,0.0,0.0,0.0,0.0,0,0.0,0
2361,鴻友,電腦及週邊設備業,0.0,0.0,0.0,0.0,0.0,0.0,0.0,0.0,0.0,0.0,0.0,0.0,0.0,0.0,0.0,0.0,0.0,0.0,0,0.0,0
8008,建興電,電子工業,0.0,0.0,0.0,0.0,0.0,0.0,0.0,0.0,0.0,0.0,0.0,0.0,0.0,0.0,0.0,0.0,0.0,0.0,0,0.0,0
910069,新曄,存託憑證,0.0,0.0,0.0,0.0,0.0,0.0,0.0,0.0,0.0,0.0,0.0,0.0,0.0,0.0,0.0,0.0,0.0,0.0,0,0.0,0
1107,建台,其他,0.0,0.0,0.0,0.0,0.0,0.0,0.0,0.0,0.0,0.0,0.0,0.0,0.0,0.0,0.0,0.0,0.0,0.0,0,0.0,0
3598,奕力,半導體業,0.0,0.0,0.0,0.0,0.0,0.0,0.0,0.0,0.0,0.0,0.0,0.0,0.0,0.0,0.0,0.0,0.0,0.0,0,0.0,0
3367,英華達,其他電子業,0.0,0.0,0.0,0.0,0.0,0.0,0.0,0.0,0.0,0.0,0.0,0.0,0.0,0.0,0.0,0.0,0.0,0.0,0,0.0,0
2315,神達,電子工業,0.0,0.0,0.0,0.0,0.0,0.0,0.0,0.0,0.0,0.0,0.0,0.0,0.0,0.0,0.0,0.0,0.0,0.0,0,0.0,0
00729R,第一金工業30反1,ETF,0.0,0.0,0.0,0.0,0.0,0.0,0.0,0.0,0.0,0.0,0.0,0.0,0.0,0.0,0.0,0.0,0.0,0.0,0,0.0,0
2891A,中信特,金融保險,0.0,0.0,0.0,0.0,0.0,0.0,0.0,0.0,0.0,0.0,0.0,0.0,0.0,0.0,0.0,0.0,0.0,0.0,0,0.0,0
020007,凱基臺灣500N,ETN,0.0,0.0,0.0,0.0,0.0,0.0,0.0,0.0,0.0,0.0,0.0,0.0,0.0,0.0,0.0,0.0,0.0,0.0,0,0.0,0
2350,環電,其他電子業,0.0,0.0,0.0,0.0,0.0,0.0,0.0,0.0,0.0,0.0,0.0,0.0,0.0,0.0,0.0,0.0,0.0,0.0,0,0.0,0
020006,永昌中小300N,ETN,0.0,0.0,0.0,0.0,0.0,0.0,0.0,0.0,0.0,0.0,0.0,0.0,0.0,0.0,0.0,0.0,0.0,0.0,0,0.0,0
020005,永豐外資50N,ETN,0.0,0.0,0.0,0.0,0.0,0.0,0.0,0.0,0.0,0.0,0.0,0.0,0.0,0.0,0.0,0.0,0.0,0.0,0,0.0,0
020004,兆豐電菁英30N,ETN,0.0,0.0,0.0,0.0,0.0,0.0,0.0,0.0,0.0,0.0,0.0,0.0,0.0,0.0,0.0,0.0,0.0,0.0,0,0.0,0
2341,英群,電腦及週邊設備業,0.0,0.0,0.0,0.0,0.0,0.0,0.0,0.0,0.0,0.0,0.0,0.0,0.0,0.0,0.0,0.0,0.0,0.0,0,0.0,0
020022,元大電動車N,ETN,0.0,0.0,0.0,0.0,0.0,0.0,0.0,0.0,0.0,0.0,0.0,0.0,0.0,0.0,0.0,0.0,0.0,0.0,0,0.0,0
3614,誠致,半導體業,0.0,0.0,0.0,0.0,0.0,0.0,0.0,0.0,0.0,0.0,0.0,0.0,0.0,0.0,0.0,0.0,0.0,0.0,0,0.0,0
020002,元富新中國N,ETN,0.0,0.0,0.0,0.0,0.0,0.0,0.0,0.0,0.0,0.0,0.0,0.0,0.0,0.0,0.0,0.0,0.0,0.0,0,0.0,0
2336,致伸,電腦及週邊設備業,0.0,0.0,0.0,0.0,0.0,0.0,0.0,0.0,0.0,0.0,0.0,0.0,0.0,0.0,0.0,0.0,0.0,0.0,0,0.0,0
3584,介面,電子工業,0.0,0.0,0.0,0.0,0.0,0.0,0.0,0.0,0.0,0.0,0.0,0.0,0.0,0.0,0.0,0.0,0.0,0.0,0,0.0,0
0060,新台灣,ETF,0.0,0.0,0.0,0.0,0.0,0.0,0.0,0.0,0.0,0.0,0.0,0.0,0.0,0.0,0.0,0.0,0.0,0.0,0,0.0,0
00732,國泰RMB短期報酬,ETF,0.0,0.0,0.0,0.0,0.0,0.0,0.0,0.0,0.0,0.0,0.0,0.0,0.0,0.0,0.0,0.0,0.0,0.0,0,0.0,0
020008,元大特股高息N,ETN,0.0,0.0,0.0,0.0,0.0,0.0,0.0,0.0,0.0,0.0,0.0,0.0,0.0,0.0,0.0,0.0,0.0,0.0,0,0.0,0
6951,青新-創,創新版股票,5.39,842034000.0,156221521.33580706,2.38,1073883646.2462194,6.87,16.05,11.37,12.6,23.97,86.56,164.67,110.26,82.0,1.34,1.06,2.01,8.86,12,10.53,91
6949,沛爾生醫-創,創新版股票,-7.23,30919000.0,0.0,0.0,24050168.263473053,0.0,0.0,0.0,0.0,0.0,0.0,0.0,0.0,690.0,0.0,0.0,0.0,0.0,0,293.6,123
910322,康師傅-DR,存託憑證,0.0,0.0,0.0,0.0,0.0,0.0,0.0,0.0,0.0,0.0,0.0,0.0,0.0,25.0,0.0,0.0,0.0,33.07,160,0.0,0
3474,華亞科,半導體業,0.0,0.0,0.0,0.0,0.0,0.0,0.0,0.0,0.0,0.0,0.0,0.0,0.0,0.0,0.0,0.0,0.0,0.0,0,0.0,0
6004,元京證,金融保險,0.0,0.0,0.0,0.0,0.0,0.0,0.0,0.0,0.0,0.0,0.0,0.0,0.0,0.0,0.0,0.0,0.0,0.0,0,0.0,0
2831,中華銀,金融保險,0.0,0.0,0.0,0.0,0.0,0.0,0.0,0.0,0.0,0.0,0.0,0.0,0.0,0.0,0.0,0.0,0.0,0.0,0,0.0,0
2827,中聯,金融保險,0.0,0.0,0.0,0.0,0.0,0.0,0.0,0.0,0.0,0.0,0.0,0.0,0.0,0.0,0.0,0.0,0.0,0.0,0,0.0,0
2807,竹商銀,金融保險,1.88,0.0,0.0,0.0,0.0,0.0,0.0,0.0,0.0,0.0,0.0,0.0,0.0,0.0,0.0,0.0,0.0,0.0,0,0.0,0
3020,奇普仕,電子工業,0.0,0.0,0.0,0.0,0.0,0.0,0.0,0.0,0.0,0.0,0.0,0.0,0.0,0.0,0.0,0.0,0.0,0.0,0,0.0,0
9915,億豐,其他,0.0,0.0,0.0,0.0,0.0,0.0,0.0,0.0,0.0,0.0,0.0,0.0,0.0,0.0,0.0,0.0,0.0,0.0,0,0.0,0
9922,優美,其他,0.0,0.0,0.0,0.0,0.0,0.0,0.0,0.0,0.0,0.0,0.0,0.0,0.0,0.0,0.0,0.0,0.0,0.0,0,0.0,0
9801,力霸,貿易百貨,0.0,0.0,0.0,0.0,0.0,0.0,0.0,0.0,0.0,0.0,0.0,0.0,0.0,0.0,0.0,0.0,0.0,0.0,0,0.0,0
9188,精熙-DR,存託憑證,0.0,0.0,0.0,0.0,0.0,0.0,0.0,0.0,0.0,0.0,0.0,0.0,0.0,0.0,0.0,0.0,0.0,0.0,0,0.0,0
916665,爾必達,存託憑證,0.0,0.0,0.0,0.0,0.0,0.0,0.0,0.0,0.0,0.0,0.0,0.0,0.0,0.0,0.0,0.0,0.0,0.0,0,0.0,0
9157,陽光能源-DR,存託憑證,0.0,0.0,0.0,0.0,0.0,0.0,0.0,0.0,0.0,0.0,0.0,0.0,0.0,0.0,0.0,0.0,0.0,0.0,0,0.0,0
9151,旺旺,存託憑證,0.0,0.0,0.0,0.0,0.0,0.0,0.0,0.0,0.0,0.0,0.0,0.0,0.0,0.0,0.0,0.0,0.0,0.0,0,0.0,0
913889,大成糖,存託憑證,0.0,0.0,0.0,0.0,0.0,0.0,0.0,0.0,0.0,0.0,0.0,0.0,0.0,0.0,0.0,0.0,0.0,0.0,0,0.0,0
6534,正瀚-創,創新版股票,4.52,1800744000.0,398394690.2654868,3.14,1866146959.8184457,4.68,20.82,18.35,15.55,33.9,72.77,158.65,97.46,95.8,1.02,0.76,1.66,4.69,6,52.67,111
9136,巨騰-DR,存託憑證,0.0,0.0,0.0,0.0,0.0,0.0,0.0,0.0,0.0,0.0,0.0,0.0,0.0,0.0,0.0,0.0,0.0,33.55,49,11.57,160
2833,台壽保,金融保險,3.35,0.0,0.0,0.0,0.0,0.0,0.0,0.0,0.0,0.0,0.0,0.0,0.0,0.0,0.0,0.0,0.0,0.0,0,0.0,0
6012,金鼎證,金融保險,0.0,0.0,0.0,0.0,0.0,0.0,0.0,0.0,0.0,0.0,0.0,0.0,0.0,0.0,0.0,0.0,0.0,0.0,0,0.0,0
2883A,開發特,金融保險,0.0,0.0,0.0,0.0,0.0,0.0,0.0,0.0,0.0,0.0,0.0,0.0,0.0,0.0,0.0,0.0,0.0,0.0,0,0.0,0
3007,綠點,電子工業,0.0,0.0,0.0,0.0,0.0,0.0,0.0,0.0,0.0,0.0,0.0,0.0,0.0,0.0,0.0,0.0,0.0,0.0,0,0.0,0
3009,奇美電,光電業,0.0,0.0,0.0,0.0,0.0,0.0,0.0,0.0,0.0,0.0,0.0,0.0,0.0,0.0,0.0,0.0,0.0,0.0,0,0.0,0
3638,F-IML,電子工業,0.0,0.0,0.0,0.0,0.0,0.0,0.0,0.0,0.0,0.0,0.0,0.0,0.0,0.0,0.0,0.0,0.0,0.0,0,0.0,0
3534,雷凌,電子工業,0.0,0.0,0.0,0.0,0.0,0.0,0.0,0.0,0.0,0.0,0.0,0.0,0.0,0.0,0.0,0.0,0.0,0.0,0,0.0,0
3573,穎台,光電業,0.0,0.0,0.0,0.0,0.0,0.0,0.0,0.0,0.0,0.0,0.0,0.0,0.0,0.0,0.0,0.0,0.0,0.0,0,0.0,0
2887C,新丙特,金融保險,0.0,0.0,0.0,0.0,0.0,0.0,0.0,0.0,0.0,0.0,0.0,0.0,0.0,0.0,0.0,0.0,0.0,0.0,0,0.0,0
2854,寶來證,金融保險,0.0,0.0,0.0,0.0,0.0,0.0,0.0,0.0,0.0,0.0,0.0,0.0,0.0,0.0,0.0,0.0,0.0,0.0,0,0.0,0
2847,大眾銀,金融保險,0.0,0.0,0.0,0.0,0.0,0.0,0.0,0.0,0.0,0.0,0.0,0.0,0.0,0.0,0.0,0.0,0.0,0.0,0,0.0,0
2837,萬泰銀,金融保險,1.45,0.0,0.0,0.0,0.0,0.0,0.0,0.0,0.0,0.0,0.0,0.0,0.0,0.0,0.0,0.0,0.0,0.0,0,0.0,0
6645,金萬林-創,創新版股票,-2.41,548227000.0,0.0,0.0,590651165.7269382,0.0,0.0,0.0,0.0,0.0,0.0,0.0,0.0,13.0,0.0,0.0,0.0,0.77,9,26.44,168
2833A,台壽甲,金融保險,0.0,0.0,0.0,0.0,0.0,0.0,0.0,0.0,0.0,0.0,0.0,0.0,0.0,0.0,0.0,0.0,0.0,0.0,0,0.0,0
912398,友佳-DR,存託憑證,0.0,0.0,0.0,0.0,0.0,0.0,0.0,0.0,0.0,0.0,0.0,0.0,0.0,0.0,0.0,0.0,0.0,0.0,0,0.0,0
1520,復盛,其他,0.0,0.0,0.0,0.0,0.0,0.0,0.0,0.0,0.0,0.0,0.0,0.0,0.0,0.0,0.0,0.0,0.0,0.0,0,0.0,0
912000,晨訊科-DR,存託憑證,0.0,1672600000.0,0.0,0.0,1272832763.607202,0.0,0.0,0.0,0.0,0.0,0.0,0.0,0.0,2.41,0.0,0.0,0.0,80.69,49,4.47,161
910861,神州-DR,存託憑證,0.0,0.0,0.0,0.0,0.0,0.0,0.0,0.0,0.0,0.0,0.0,0.0,0.0,4.52,0.0,0.0,0.0,18.96,49,24.31,134
910801,金衛-DR,存託憑證,0.0,0.0,0.0,0.0,0.0,0.0,0.0,0.0,0.0,0.0,0.0,0.0,0.0,0.0,0.0,0.0,0.0,0.0,0,0.0,0
910708,恒大健-DR,存託憑證,0.0,0.0,0.0,0.0,0.0,0.0,0.0,0.0,0.0,0.0,0.0,0.0,0.0,0.0,0.0,0.0,0.0,0.0,0,0.0,0
9106,新焦點-DR,存託憑證,0.0,0.0,0.0,0.0,0.0,0.0,0.0,0.0,0.0,0.0,0.0,0.0,0.0,0.0,0.0,0.0,0.0,0.0,0,0.0,0
910579,歐聖,存託憑證,0.0,0.0,0.0,0.0,0.0,0.0,0.0,0.0,0.0,0.0,0.0,0.0,0.0,0.0,0.0,0.0,0.0,0.0,0,0.0,0
9105,泰金寶-DR,存託憑證,0.0,132270623000.0,0.0,0.0,116963305661.04185,0.0,0.0,0.0,0.0,0.0,0.0,0.0,0.0,5.68,0.0,0.0,0.0,106.84,61,1.0,6
910948,融達,存託憑證,0.0,0.0,0.0,0.0,0.0,0.0,0.0,0.0,0.0,0.0,0.0,0.0,0.0,0.0,0.0,0.0,0.0,0.0,0,0.0,0
910482,聖馬丁-DR,存託憑證,0.0,0.0,0.0,0.0,0.0,0.0,0.0,0.0,0.0,0.0,0.0,0.0,0.0,0.0,0.0,0.0,0.0,0.0,0,0.0,0
9103,美德醫療-DR,存託憑證,0.0,0.0,0.0,0.0,0.0,0.0,0.0,0.0,0.0,0.0,0.0,0.0,0.0,4.86,0.0,0.0,0.0,20.59,61,21.85,21
9102,東亞科,存託憑證,0.0,0.0,0.0,0.0,0.0,0.0,0.0,0.0,0.0,0.0,0.0,0.0,0.0,0.0,0.0,0.0,0.0,0.0,0,0.0,0
6988,威力暘-創,創新版股票,-1.13,788074000.0,0.0,0.0,674185550.7508831,0.0,1202.03,2922.29,37.71,2960.0,0.0,0.0,0.0,14.5,0.0,0.0,0.0,17.93,105,5.18,7
9101,福雷電,存託憑證,0.0,0.0,0.0,0.0,0.0,0.0,0.0,0.0,0.0,0.0,0.0,0.0,0.0,0.0,0.0,0.0,0.0,0.0,0,0.0,0
6969,成信實業*-創,創新版股票,-0.09,319390000.0,0.0,0.0,442523755.21533126,0.0,0.0,0.0,0.0,0.0,0.0,0.0,0.0,28.95,0.0,0.0,0.0,95.07,37,81.03,82
9104,萬宇科,存託憑證,0.0,0.0,0.0,0.0,0.0,0.0,0.0,0.0,0.0,0.0,0.0,0.0,0.0,0.0,0.0,0.0,0.0,0.0,0,0.0,0
9110,越南控-DR,存託憑證,0.0,0.0,0.0,0.0,0.0,0.0,0.0,0.0,0.0,0.0,0.0,0.0,0.0,2.92,0.0,0.0,0.0,3.19,182,3.7,6
911201,僑威控,存託憑證,0.0,0.0,0.0,0.0,0.0,0.0,0.0,0.0,0.0,0.0,0.0,0.0,0.0,0.0,0.0,0.0,0.0,0.0,0,0.0,0
911868,同方友友-DR,存託憑證,0.0,0.0,0.0,0.0,0.0,0.0,0.0,0.0,0.0,0.0,0.0,0.0,0.0,1.23,0.0,0.0,0.0,73.95,50,13.95,85
3697,F-晨星,半導體業,0.0,0.0,0.0,0.0,0.0,0.0,0.0,0.0,0.0,0.0,0.0,0.0,0.0,0.0,0.0,0.0,0.0,0.0,0,0.0,0
911626,MSH-DR,存託憑證,0.0,0.0,0.0,0.0,0.0,0.0,0.0,0.0,0.0,0.0,0.0,0.0,0.0,0.0,0.0,0.0,0.0,0.0,0,0.0,0
911622,泰聚亨-DR,存託憑證,0.0,0.0,0.0,0.0,0.0,0.0,0.0,0.0,0.0,0.0,0.0,0.0,0.0,3.64,0.0,0.0,0.0,22.35,49,2.43,19
911619,耀傑-DR,存託憑證,0.0,0.0,0.0,0.0,0.0,0.0,0.0,0.0,0.0,0.0,0.0,0.0,0.0,0.0,0.0,0.0,0.0,0.0,0,0.0,0
911616,杜康-DR,存託憑證,0.0,0.0,0.0,0.0,0.0,0.0,0.0,0.0,0.0,0.0,0.0,0.0,0.0,0.0,0.0,0.0,0.0,0.0,0,0.0,0
911612,滬安,存託憑證,0.0,0.0,0.0,0.0,0.0,0.0,0.0,0.0,0.0,0.0,0.0,0.0,0.0,0.0,0.0,0.0,0.0,0.0,0,0.0,0
911611,中泰山-DR,存託憑證,0.0,0.0,0.0,0.0,0.0,0.0,0.0,0.0,0.0,0.0,0.0,0.0,0.0,0.0,0.0,0.0,0.0,0.0,0,0.0,0
911610,聯環,存託憑證,0.0,0.0,0.0,0.0,0.0,0.0,0.0,0.0,0.0,0.0,0.0,0.0,0.0,0.0,0.0,0.0,0.0,0.0,0,0.0,0
3702A,大聯大甲特,電子通路業,0.0,0.0,0.0,0.0,0.0,0.0,0.0,0.0,0.0,0.0,0.0,0.0,0.0,51.7,0.0,0.0,0.0,5.06,163,0.0,0
5854,合庫,金融保險,1.59,0.0,0.0,0.0,0.0,0.0,0.0,0.0,0.0,0.0,0.0,0.0,0.0,0.0,0.0,0.0,0.0,0.0,0,0.0,0
911609,揚子江,存託憑證,0.0,0.0,0.0,0.0,0.0,0.0,0.0,0.0,0.0,0.0,0.0,0.0,0.0,0.0,0.0,0.0,0.0,0.0,0,0.0,0
911608,明輝-DR,存託憑證,0.0,0.0,0.0,0.0,0.0,0.0,0.0,0.0,0.0,0.0,0.0,0.0,0.0,2.79,0.0,0.0,0.0,42.66,61,4.26,8
911602,華豐泰,存託憑證,0.0,0.0,0.0,0.0,0.0,0.0,0.0,0.0,0.0,0.0,0.0,0.0,0.0,0.0,0.0,0.0,0.0,0.0,0,0.0,0
2254,巨鎧精密-創,創新版股票,-0.84,521879000.0,0.0,0.0,107291195.40876177,0.0,0.0,0.0,0.0,0.0,0.0,0.0,0.0,68.5,0.0,0.0,0.0,7.87,118,6.94,56
911606,超級,存託憑證,0.0,0.0,0.0,0.0,0.0,0.0,0.0,0.0,0.0,0.0,0.0,0.0,0.0,0.0,0.0,0.0,0.0,0.0,0,0.0,0
6924,榮惠-KY創,創新版股票,5.69,1708679000.0,300295079.08611596,2.75,1906658671.7754235,6.35,12.82,11.88,6.99,18.87,44.39,119.82,81.4,94.0,0.87,0.47,1.27,2.02,3,0.0,0
6771,平和環保-創,創新版股票,3.64,630138000.0,173114835.16483516,1.03,504363494.7569884,2.91,13.32,5.54,10.29,15.83,29.94,46.07,38.75,43.8,0.88,0.68,1.05,0.0,0,10.12,6
2469,力信,電子零組件業,0.0,0.0,0.0,0.0,0.0,0.0,0.0,0.0,0.0,0.0,0.0,0.0,0.0,0.0,0.0,0.0,0.0,0.0,0,0.0,0
00767,FH美國金融股,ETF,0.0,0.0,0.0,0.0,0.0,0.0,0.0,0.0,0.0,0.0,0.0,0.0,0.0,0.0,0.0,0.0,0.0,0.0,0,0.0,0
00766L,台新MSCI中國正2,ETF,0.0,0.0,0.0,0.0,0.0,0.0,0.0,0.0,0.0,0.0,0.0,0.0,0.0,0.0,0.0,0.0,0.0,0.0,0,0.0,0
2473,思源,半導體業,0.0,0.0,0.0,0.0,0.0,0.0,0.0,0.0,0.0,0.0,0.0,0.0,0.0,0.0,0.0,0.0,0.0,0.0,0,0.0,0
2526,大陸,建材營造,0.0,0.0,0.0,0.0,0.0,0.0,0.0,0.0,0.0,0.0,0.0,0.0,0.0,0.0,0.0,0.0,0.0,0.0,0,0.0,0
8162,微矽電子-創,創新版股票,1.56,1275748000.0,817787179.4871795,0.47,1225865735.988327,1.5,30.0,48.9,16.34,65.24,24.51,97.86,45.0,54.7,0.82,0.45,1.79,3.19,184,38.95,133
6702,興航,航運業,0.0,0.0,0.0,0.0,0.0,0.0,0.0,0.0,0.0,0.0,0.0,0.0,0.0,0.0,0.0,0.0,0.0,0.0,0,0.0,0
3214,元砷,電子工業,0.0,0.0,0.0,0.0,0.0,0.0,0.0,0.0,0.0,0.0,0.0,0.0,0.0,0.0,0.0,0.0,0.0,0.0,0,0.0,0
2479,和立,電子工業,0.0,0.0,0.0,0.0,0.0,0.0,0.0,0.0,0.0,0.0,0.0,0.0,0.0,0.0,0.0,0.0,0.0,0.0,0,0.0,0
6286,立錡,電子工業,0.0,0.0,0.0,0.0,0.0,0.0,0.0,0.0,0.0,0.0,0.0,0.0,0.0,0.0,0.0,0.0,0.0,0.0,0,0.0,0
2452,乾坤,電子工業,0.0,0.0,0.0,0.0,0.0,0.0,0.0,0.0,0.0,0.0,0.0,0.0,0.0,0.0,0.0,0.0,0.0,0.0,0,0.0,0
3080,威力盟,電子工業,0.0,0.0,0.0,0.0,0.0,0.0,0.0,0.0,0.0,0.0,0.0,0.0,0.0,0.0,0.0,0.0,0.0,0.0,0,0.0,0
6854,錼創科技-KY創,創新版股票,-0.98,1357523000.0,0.0,0.0,853980180.3888991,0.0,240.71,258.04,162.5,420.54,0.0,0.0,0.0,147.0,0.0,0.0,0.0,108.96,167,41.73,50
2418,雅新,電子工業,0.0,0.0,0.0,0.0,0.0,0.0,0.0,0.0,0.0,0.0,0.0,0.0,0.0,0.0,0.0,0.0,0.0,0.0,0,0.0,0
6280,崇貿,電子工業,0.0,0.0,0.0,0.0,0.0,0.0,0.0,0.0,0.0,0.0,0.0,0.0,0.0,0.0,0.0,0.0,0.0,0.0,0,0.0,0
2411,飛瑞,電子工業,0.0,0.0,0.0,0.0,0.0,0.0,0.0,0.0,0.0,0.0,0.0,0.0,0.0,0.0,0.0,0.0,0.0,0.0,0,0.0,0
00866,新光Shiller CAPE,ETF,0.0,0.0,0.0,0.0,0.0,0.0,0.0,0.0,0.0,0.0,0.0,0.0,0.0,0.0,0.0,0.0,0.0,0.0,0,0.0,0
8199,廣鎵,光電業,0.0,0.0,0.0,0.0,0.0,0.0,0.0,0.0,0.0,0.0,0.0,0.0,0.0,0.0,0.0,0.0,0.0,0.0,0,0.0,0
3053,鼎營,其他電子業,0.0,0.0,0.0,0.0,0.0,0.0,0.0,0.0,0.0,0.0,0.0,0.0,0.0,0.0,0.0,0.0,0.0,0.0,0,0.0,0
8487,愛爾達-創,創新版股票,4.03,1038965000.0,257807692.3076923,1.74,1427238731.4471314,5.54,14.02,9.91,10.09,20.0,55.9,110.8,77.67,78.7,0.99,0.71,1.41,6.57,16,0.85,1
6423,億而得-創,創新版股票,0.58,235415000.0,405887931.0344828,0.17,205270557.15299302,0.51,101.44,147.02,69.36,216.38,35.37,110.35,51.73,114.0,0.45,0.31,0.97,7.37,8,31.3,18
00776,新光ICE美國權值,ETF,0.0,0.0,0.0,0.0,0.0,0.0,0.0,0.0,0.0,0.0,0.0,0.0,0.0,0.0,0.0,0.0,0.0,0.0,0,0.0,0
5280,F-敦泰,半導體業,0.0,0.0,0.0,0.0,0.0,0.0,0.0,0.0,0.0,0.0,0.0,0.0,0.0,0.0,0.0,0.0,0.0,0.0,0,0.0,0
3142,遠茂,電子工業,0.0,0.0,0.0,0.0,0.0,0.0,0.0,0.0,0.0,0.0,0.0,0.0,0.0,0.0,0.0,0.0,0.0,0.0,0,0.0,0
00774C,新光中政金綠債+R,ETF,0.0,0.0,0.0,0.0,0.0,0.0,0.0,0.0,0.0,0.0,0.0,0.0,0.0,0.0,0.0,0.0,0.0,0.0,0,0.0,0
2447,鼎新,資訊服務業,0.0,0.0,0.0,0.0,0.0,0.0,0.0,0.0,0.0,0.0,0.0,0.0,0.0,0.0,0.0,0.0,0.0,0.0,0,0.0,0
2446,全懋,電子工業,0.0,0.0,0.0,0.0,0.0,0.0,0.0,0.0,0.0,0.0,0.0,0.0,0.0,0.0,0.0,0.0,0.0,0.0,0,0.0,0
00774B,新光中國政金綠債,ETF,0.0,0.0,0.0,0.0,0.0,0.0,0.0,0.0,0.0,0.0,0.0,0.0,0.0,0.0,0.0,0.0,0.0,0.0,0,0.0,0
00906,大華元宇宙科技50,ETF,0.0,0.0,0.0,0.0,0.0,0.0,0.0,0.0,0.0,0.0,0.0,0.0,0.0,0.0,0.0,0.0,0.0,0.0,0,0.0,0
2463,研揚,電子工業,0.0,0.0,0.0,0.0,0.0,0.0,0.0,0.0,0.0,0.0,0.0,0.0,0.0,0.0,0.0,0.0,0.0,0.0,0,0.0,0
6794,向榮生技-創,創新版股票,-1.89,34051000.0,0.0,0.0,17952917.47389609,0.0,0.0,0.0,0.0,0.0,0.0,0.0,0.0,83.3,0.0,0.0,0.0,7.38,19,45.26,137
0080,恒中國,ETF,0.0,0.0,0.0,0.0,0.0,0.0,0.0,0.0,0.0,0.0,0.0,0.0,0.0,0.0,0.0,0.0,0.0,0.0,0,0.0,0
3150,鈺寶-創,創新版股票,-0.21,305785000.0,0.0,0.0,284727288.38842636,0.0,69.33,113.89,23.61,137.5,0.0,0.0,0.0,19.95,0.0,0.0,0.0,26.37,22,19.27,7
3271,其樂達,電子工業,0.0,0.0,0.0,0.0,0.0,0.0,0.0,0.0,0.0,0.0,0.0,0.0,0.0,0.0,0.0,0.0,0.0,0.0,0,0.0,0
2391,合勤,電子工業,0.0,0.0,0.0,0.0,0.0,0.0,0.0,0.0,0.0,0.0,0.0,0.0,0.0,0.0,0.0,0.0,0.0,0.0,0,0.0,0
8078,華寶,電子工業,0.0,0.0,0.0,0.0,0.0,0.0,0.0,0.0,0.0,0.0,0.0,0.0,0.0,0.0,0.0,0.0,0.0,0.0,0,0.0,0
3063,飛信,電子工業,0.0,0.0,0.0,0.0,0.0,0.0,0.0,0.0,0.0,0.0,0.0,0.0,0.0,0.0,0.0,0.0,0.0,0.0,0,0.0,0
2381,華宇,電子工業,0.0,0.0,0.0,0.0,0.0,0.0,0.0,0.0,0.0,0.0,0.0,0.0,0.0,0.0,0.0,0.0,0.0,0.0,0,0.0,0
6255,奈普,光電業,0.0,0.0,0.0,0.0,0.0,0.0,0.0,0.0,0.0,0.0,0.0,0.0,0.0,0.0,0.0,0.0,0.0,0.0,0,0.0,0
2494,廣業科,通信網路業,0.0,0.0,0.0,0.0,0.0,0.0,0.0,0.0,0.0,0.0,0.0,0.0,0.0,0.0,0.0,0.0,0.0,0.0,0,0.0,0
3061,璨圓,光電業,0.0,0.0,0.0,0.0,0.0,0.0,0.0,0.0,0.0,0.0,0.0,0.0,0.0,0.0,0.0,0.0,0.0,0.0,0,0.0,0
2384,勝華,光電業,-1.46,0.0,0.0,0.0,0.0,0.0,0.0,0.0,0.0,0.0,0.0,0.0,0.0,0.0,0.0,0.0,0.0,0.0,0,0.0,0
2396,精碟,電子工業,0.0,0.0,0.0,0.0,0.0,0.0,0.0,0.0,0.0,0.0,0.0,0.0,0.0,0.0,0.0,0.0,0.0,0.0,0,0.0,0
0081,恒香港,ETF,0.0,0.0,0.0,0.0,0.0,0.0,0.0,0.0,0.0,0.0,0.0,0.0,0.0,0.0,0.0,0.0,0.0,0.0,0,0.0,0
2403,友尚,電子通路業,0.0,0.0,0.0,0.0,0.0,0.0,0.0,0.0,0.0,0.0,0.0,0.0,0.0,0.0,0.0,0.0,0.0,0.0,0,0.0,0
6902,GOGOLOOK-創,創新版股票,1.58,1032296000.0,653351898.7341772,0.77,1277976701.8548024,1.96,404.74,973.39,48.49,1021.88,95.04,2002.88,793.28,103.0,7.7,0.92,19.45,0.0,0,3.48,7
6457,紘康,半導體業,0.0,0.0,0.0,0.0,0.0,0.0,0.0,0.0,0.0,0.0,0.0,0.0,0.0,62.1,0.0,0.0,0.0,46.91,166,0.0,0
00842B,台新美元銀行債,上櫃指數股票型基金(ETF),0.0,0.0,0.0,0.0,0.0,0.0,0.0,0.0,0.0,0.0,0.0,0.0,0.0,30.35,0.0,0.0,0.0,6.4,126,9.54,161
00846B,富邦歐洲銀行債,上櫃指數股票型基金(ETF),0.0,0.0,0.0,0.0,0.0,0.0,0.0,0.0,0.0,0.0,0.0,0.0,0.0,36.0,0.0,0.0,0.0,3.81,86,6.03,168
00785B,富邦金融投等債,上櫃指數股票型基金(ETF),0.0,0.0,0.0,0.0,0.0,0.0,0.0,0.0,0.0,0.0,0.0,0.0,0.0,34.72,0.0,0.0,0.0,6.6,126,9.26,162
00847B,中信美國市政債,上櫃指數股票型基金(ETF),0.0,0.0,0.0,0.0,0.0,0.0,0.0,0.0,0.0,0.0,0.0,0.0,0.0,25.65,0.0,0.0,0.0,7.66,89,7.09,168
00841B,凱基AAA-AA公司債,上櫃指數股票型基金(ETF),0.0,0.0,0.0,0.0,0.0,0.0,0.0,0.0,0.0,0.0,0.0,0.0,0.0,28.99,0.0,0.0,0.0,7.01,133,8.1,168
00849B,中信EM主權債0-5,上櫃指數股票型基金(ETF),0.0,0.0,0.0,0.0,0.0,0.0,0.0,0.0,0.0,0.0,0.0,0.0,0.0,36.97,0.0,0.0,0.0,2.28,86,2.89,183
00778B,凱基金融債20+,上櫃指數股票型基金(ETF),0.0,0.0,0.0,0.0,0.0,0.0,0.0,0.0,0.0,0.0,0.0,0.0,0.0,34.33,0.0,0.0,0.0,7.75,126,9.54,168
00782B,國泰A級公用債,上櫃指數股票型基金(ETF),0.0,0.0,0.0,0.0,0.0,0.0,0.0,0.0,0.0,0.0,0.0,0.0,0.0,30.21,0.0,0.0,0.0,7.51,133,9.3,162
00779B,凱基美債25+,上櫃指數股票型基金(ETF),0.0,0.0,0.0,0.0,0.0,0.0,0.0,0.0,0.0,0.0,0.0,0.0,0.0,28.12,0.0,0.0,0.0,11.33,126,6.5,168
00840B,凱基IG精選15+,上櫃指數股票型基金(ETF),0.0,0.0,0.0,0.0,0.0,0.0,0.0,0.0,0.0,0.0,0.0,0.0,0.0,29.86,0.0,0.0,0.0,6.4,133,8.66,168
00781B,國泰A級科技債,上櫃指數股票型基金(ETF),0.0,0.0,0.0,0.0,0.0,0.0,0.0,0.0,0.0,0.0,0.0,0.0,0.0,28.44,0.0,0.0,0.0,6.12,126,6.71,173
00780B,國泰A級金融債,上櫃指數股票型基金(ETF),0.0,0.0,0.0,0.0,0.0,0.0,0.0,0.0,0.0,0.0,0.0,0.0,0.0,37.4,0.0,0.0,0.0,4.74,89,5.87,168
00848B,中信新興亞洲債,上櫃指數股票型基金(ETF),0.0,0.0,0.0,0.0,0.0,0.0,0.0,0.0,0.0,0.0,0.0,0.0,0.0,34.27,0.0,0.0,0.0,5.44,133,7.6,162
00687B,國泰20年美債,上櫃指數股票型基金(ETF),0.0,0.0,0.0,0.0,0.0,0.0,0.0,0.0,0.0,0.0,0.0,0.0,0.0,27.78,0.0,0.0,0.0,10.97,126,6.37,168
00784B,富邦中國投等債,上櫃指數股票型基金(ETF),0.0,0.0,0.0,0.0,0.0,0.0,0.0,0.0,0.0,0.0,0.0,0.0,0.0,39.32,0.0,0.0,0.0,3.24,89,0.0,0
00679B,元大美債20年,上櫃指數股票型基金(ETF),0.0,0.0,0.0,0.0,0.0,0.0,0.0,0.0,0.0,0.0,0.0,0.0,0.0,26.71,0.0,0.0,0.0,9.97,89,6.23,168
00863B,中信全球電信債,上櫃指數股票型基金(ETF),0.0,0.0,0.0,0.0,0.0,0.0,0.0,0.0,0.0,0.0,0.0,0.0,0.0,31.94,0.0,0.0,0.0,6.5,126,7.57,168
00787B,元大10年IG醫療債,上櫃指數股票型基金(ETF),0.0,0.0,0.0,0.0,0.0,0.0,0.0,0.0,0.0,0.0,0.0,0.0,0.0,32.49,0.0,0.0,0.0,6.18,126,7.54,168
00862B,中信投資級公司債,上櫃指數股票型基金(ETF),0.0,0.0,0.0,0.0,0.0,0.0,0.0,0.0,0.0,0.0,0.0,0.0,0.0,31.57,0.0,0.0,0.0,6.44,128,9.71,168
006201,元大富櫃50,上櫃指數股票型基金(ETF),0.0,0.0,0.0,0.0,0.0,0.0,0.0,0.0,0.0,0.0,0.0,0.0,0.0,45.92,0.0,0.0,0.0,19.09,64,34.65,179
00867B,新光A-BBB電信債,上櫃指數股票型基金(ETF),0.0,0.0,0.0,0.0,0.0,0.0,0.0,0.0,0.0,0.0,0.0,0.0,0.0,31.24,0.0,0.0,0.0,6.4,133,7.9,168
00799B,國泰A級醫療債,上櫃指數股票型基金(ETF),0.0,0.0,0.0,0.0,0.0,0.0,0.0,0.0,0.0,0.0,0.0,0.0,0.0,29.73,0.0,0.0,0.0,6.15,133,6.85,168
00870B,元大15年EM主權債,上櫃指數股票型基金(ETF),0.0,0.0,0.0,0.0,0.0,0.0,0.0,0.0,0.0,0.0,0.0,0.0,0.0,28.36,0.0,0.0,0.0,7.11,133,11.89,167
00795B,中信美國公債20年,上櫃指數股票型基金(ETF),0.0,0.0,0.0,0.0,0.0,0.0,0.0,0.0,0.0,0.0,0.0,0.0,0.0,26.98,0.0,0.0,0.0,9.54,89,5.73,168
00794B,群益7+中國政金債,上櫃指數股票型基金(ETF),0.0,0.0,0.0,0.0,0.0,0.0,0.0,0.0,0.0,0.0,0.0,0.0,0.0,39.82,0.0,0.0,0.0,4.84,89,0.75,5
00793B,群益AAA-A醫療債,上櫃指數股票型基金(ETF),0.0,0.0,0.0,0.0,0.0,0.0,0.0,0.0,0.0,0.0,0.0,0.0,0.0,30.62,0.0,0.0,0.0,7.29,133,8.57,168
00860B,群益1-5Y投資級債,上櫃指數股票型基金(ETF),0.0,0.0,0.0,0.0,0.0,0.0,0.0,0.0,0.0,0.0,0.0,0.0,0.0,37.96,0.0,0.0,0.0,2.25,89,2.93,183
00859B,群益0-1年美債,上櫃指數股票型基金(ETF),0.0,0.0,0.0,0.0,0.0,0.0,0.0,0.0,0.0,0.0,0.0,0.0,0.0,40.75,0.0,0.0,0.0,1.49,83,1.88,118
00792B,群益A級公司債,上櫃指數股票型基金(ETF),0.0,0.0,0.0,0.0,0.0,0.0,0.0,0.0,0.0,0.0,0.0,0.0,0.0,31.63,0.0,0.0,0.0,7.64,133,8.58,168
00877,復華中國5G,上櫃指數股票型基金(ETF),0.0,0.0,0.0,0.0,0.0,0.0,0.0,0.0,0.0,0.0,0.0,0.0,0.0,37.11,0.0,0.0,0.0,37.95,152,122.62,174
00834B,第一金金融債10+,上櫃指數股票型基金(ETF),0.0,0.0,0.0,0.0,0.0,0.0,0.0,0.0,0.0,0.0,0.0,0.0,0.0,33.91,0.0,0.0,0.0,7.07,126,10.34,167
00858,永豐美國500大,上櫃指數股票型基金(ETF),0.0,0.0,0.0,0.0,0.0,0.0,0.0,0.0,0.0,0.0,0.0,0.0,0.0,34.86,0.0,0.0,0.0,9.6,70,17.46,175
00857B,永豐20年美公債,上櫃指數股票型基金(ETF),0.0,0.0,0.0,0.0,0.0,0.0,0.0,0.0,0.0,0.0,0.0,0.0,0.0,23.13,0.0,0.0,0.0,10.96,126,6.25,168
00791B,復華信用債1-5,上櫃指數股票型基金(ETF),0.0,0.0,0.0,0.0,0.0,0.0,0.0,0.0,0.0,0.0,0.0,0.0,0.0,56.3,0.0,0.0,0.0,2.58,91,4.3,162
00883B,中信ESG投資級債,上櫃指數股票型基金(ETF),0.0,0.0,0.0,0.0,0.0,0.0,0.0,0.0,0.0,0.0,0.0,0.0,0.0,30.98,0.0,0.0,0.0,5.68,126,8.4,173
00856B,永豐1-3年美公債,上櫃指數股票型基金(ETF),0.0,0.0,0.0,0.0,0.0,0.0,0.0,0.0,0.0,0.0,0.0,0.0,0.0,37.41,0.0,0.0,0.0,1.99,89,1.68,183
00790B,復華次順位金融債,上櫃指數股票型基金(ETF),0.0,0.0,0.0,0.0,0.0,0.0,0.0,0.0,0.0,0.0,0.0,0.0,0.0,53.2,0.0,0.0,0.0,6.73,126,0.0,0
00884B,中信低碳新興債,上櫃指數股票型基金(ETF),0.0,0.0,0.0,0.0,0.0,0.0,0.0,0.0,0.0,0.0,0.0,0.0,0.0,29.7,0.0,0.0,0.0,7.27,133,11.61,168
00836B,永豐10年A公司債,上櫃指數股票型基金(ETF),0.0,0.0,0.0,0.0,0.0,0.0,0.0,0.0,0.0,0.0,0.0,0.0,0.0,28.75,0.0,0.0,0.0,7.48,133,8.69,168
00886,永豐美國科技,上櫃指數股票型基金(ETF),0.0,0.0,0.0,0.0,0.0,0.0,0.0,0.0,0.0,0.0,0.0,0.0,0.0,41.5,0.0,0.0,0.0,15.57,184,22.43,174
00887,永豐中國科技50大,上櫃指數股票型基金(ETF),0.0,0.0,0.0,0.0,0.0,0.0,0.0,0.0,0.0,0.0,0.0,0.0,0.0,15.23,0.0,0.0,0.0,249.19,152,57.25,175
00789B,復華公司債A3,上櫃指數股票型基金(ETF),0.0,0.0,0.0,0.0,0.0,0.0,0.0,0.0,0.0,0.0,0.0,0.0,0.0,47.88,0.0,0.0,0.0,7.6,133,8.94,162
00888,永豐台灣ESG,上櫃指數股票型基金(ETF),0.0,0.0,0.0,0.0,0.0,0.0,0.0,0.0,0.0,0.0,0.0,0.0,0.0,29.39,0.0,0.0,0.0,20.13,64,39.25,166
00890B,凱基ESG BBB債15+,上櫃指數股票型基金(ETF),0.0,0.0,0.0,0.0,0.0,0.0,0.0,0.0,0.0,0.0,0.0,0.0,0.0,32.1,0.0,0.0,0.0,5.58,133,9.86,168
00853B,統一美債10年Aa-A,上櫃指數股票型基金(ETF),0.0,0.0,0.0,0.0,0.0,0.0,0.0,0.0,0.0,0.0,0.0,0.0,0.0,27.6,0.0,0.0,0.0,7.55,133,9.02,168
00788B,元大10年IG電能債,上櫃指數股票型基金(ETF),0.0,0.0,0.0,0.0,0.0,0.0,0.0,0.0,0.0,0.0,0.0,0.0,0.0,29.72,0.0,0.0,0.0,7.58,133,9.76,167
00864B,中信美國公債0-1,上櫃指數股票型基金(ETF),0.0,0.0,0.0,0.0,0.0,0.0,0.0,0.0,0.0,0.0,0.0,0.0,0.0,46.12,0.0,0.0,0.0,2.46,75,3.18,183
00786B,元大10年IG銀行債,上櫃指數股票型基金(ETF),0.0,0.0,0.0,0.0,0.0,0.0,0.0,0.0,0.0,0.0,0.0,0.0,0.0,32.77,0.0,0.0,0.0,5.02,133,8.92,168
00928,中信上櫃ESG 30,上櫃指數股票型基金(ETF),0.0,0.0,0.0,0.0,0.0,0.0,0.0,0.0,0.0,0.0,0.0,0.0,0.0,35.07,0.0,0.0,0.0,13.5,64,36.38,154
00845B,富邦新興投等債,上櫃指數股票型基金(ETF),0.0,0.0,0.0,0.0,0.0,0.0,0.0,0.0,0.0,0.0,0.0,0.0,0.0,33.4,0.0,0.0,0.0,4.5,152,8.54,181
00694B,富邦美債1-3,上櫃指數股票型基金(ETF),0.0,0.0,0.0,0.0,0.0,0.0,0.0,0.0,0.0,0.0,0.0,0.0,0.0,41.34,0.0,0.0,0.0,2.52,89,3.24,183
00957B,兆豐US優選投等債,上櫃指數股票型基金(ETF),0.0,0.0,0.0,0.0,0.0,0.0,0.0,0.0,0.0,0.0,0.0,0.0,0.0,13.39,0.0,0.0,0.0,1.13,8,8.91,162
00958B,永豐ESG銀行債15+,上櫃指數股票型基金(ETF),0.0,0.0,0.0,0.0,0.0,0.0,0.0,0.0,0.0,0.0,0.0,0.0,0.0,9.24,0.0,0.0,0.0,0.7,1,10.47,167
00959B,大華投等美債15Y+,上櫃指數股票型基金(ETF),0.0,0.0,0.0,0.0,0.0,0.0,0.0,0.0,0.0,0.0,0.0,0.0,0.0,9.32,0.0,0.0,0.0,1.89,21,10.03,168
00760B,復華新興企業債,上櫃指數股票型基金(ETF),0.0,0.0,0.0,0.0,0.0,0.0,0.0,0.0,0.0,0.0,0.0,0.0,0.0,54.2,0.0,0.0,0.0,4.83,133,9.9,181
00966B,統一ESG投等債15+,上櫃指數股票型基金(ETF),0.0,0.0,0.0,0.0,0.0,0.0,0.0,0.0,0.0,0.0,0.0,0.0,0.0,13.84,0.0,0.0,0.0,2.83,78,10.04,173
00720B,元大投資級公司債,上櫃指數股票型基金(ETF),0.0,0.0,0.0,0.0,0.0,0.0,0.0,0.0,0.0,0.0,0.0,0.0,0.0,32.72,0.0,0.0,0.0,7.26,133,10.66,167
00967B,元大優息美債,上櫃指數股票型基金(ETF),0.0,0.0,0.0,0.0,0.0,0.0,0.0,0.0,0.0,0.0,0.0,0.0,0.0,9.1,0.0,0.0,0.0,2.4,119,5.51,167
00968B,元大優息投等債,上櫃指數股票型基金(ETF),0.0,0.0,0.0,0.0,0.0,0.0,0.0,0.0,0.0,0.0,0.0,0.0,0.0,9.24,0.0,0.0,0.0,0.0,0,9.06,167
00759B,復華製藥債,上櫃指數股票型基金(ETF),0.0,0.0,0.0,0.0,0.0,0.0,0.0,0.0,0.0,0.0,0.0,0.0,0.0,54.6,0.0,0.0,0.0,6.38,133,9.1,168
00970B,新光BBB投等債20+,上櫃指數股票型基金(ETF),0.0,0.0,0.0,0.0,0.0,0.0,0.0,0.0,0.0,0.0,0.0,0.0,0.0,9.32,0.0,0.0,0.0,3.12,77,9.91,173
00758B,復華能源債,上櫃指數股票型基金(ETF),0.0,0.0,0.0,0.0,0.0,0.0,0.0,0.0,0.0,0.0,0.0,0.0,0.0,51.55,0.0,0.0,0.0,4.67,89,10.95,168
00756B,群益投等新興公債,上櫃指數股票型基金(ETF),0.0,0.0,0.0,0.0,0.0,0.0,0.0,0.0,0.0,0.0,0.0,0.0,0.0,31.78,0.0,0.0,0.0,5.22,133,11.22,167
00755B,群益投資級公用債,上櫃指數股票型基金(ETF),0.0,0.0,0.0,0.0,0.0,0.0,0.0,0.0,0.0,0.0,0.0,0.0,0.0,32.84,0.0,0.0,0.0,6.52,133,8.95,168
00722B,群益投資級電信債,上櫃指數股票型基金(ETF),0.0,0.0,0.0,0.0,0.0,0.0,0.0,0.0,0.0,0.0,0.0,0.0,0.0,35.64,0.0,0.0,0.0,7.38,133,8.96,162
00723B,群益投資級科技債,上櫃指數股票型基金(ETF),0.0,0.0,0.0,0.0,0.0,0.0,0.0,0.0,0.0,0.0,0.0,0.0,0.0,30.48,0.0,0.0,0.0,7.28,133,9.16,162
00724B,群益投資級金融債,上櫃指數股票型基金(ETF),0.0,0.0,0.0,0.0,0.0,0.0,0.0,0.0,0.0,0.0,0.0,0.0,0.0,33.51,0.0,0.0,0.0,6.74,133,9.78,162
00725B,國泰投資級公司債,上櫃指數股票型基金(ETF),0.0,0.0,0.0,0.0,0.0,0.0,0.0,0.0,0.0,0.0,0.0,0.0,0.0,34.79,0.0,0.0,0.0,5.97,133,9.92,162
00726B,國泰新興投等債,上櫃指數股票型基金(ETF),0.0,0.0,0.0,0.0,0.0,0.0,0.0,0.0,0.0,0.0,0.0,0.0,0.0,32.76,0.0,0.0,0.0,4.76,133,9.34,168
00754B,群益AAA-AA公司債,上櫃指數股票型基金(ETF),0.0,0.0,0.0,0.0,0.0,0.0,0.0,0.0,0.0,0.0,0.0,0.0,0.0,33.42,0.0,0.0,0.0,6.65,133,7.99,173
00727B,國泰優選非投等債,上櫃指數股票型基金(ETF),0.0,0.0,0.0,0.0,0.0,0.0,0.0,0.0,0.0,0.0,0.0,0.0,0.0,39.12,0.0,0.0,0.0,2.15,68,4.63,162
00734B,台新JPM新興債,上櫃指數股票型基金(ETF),0.0,0.0,0.0,0.0,0.0,0.0,0.0,0.0,0.0,0.0,0.0,0.0,0.0,15.74,0.0,0.0,0.0,4.59,133,10.58,168
00740B,富邦全球投等債,上櫃指數股票型基金(ETF),0.0,0.0,0.0,0.0,0.0,0.0,0.0,0.0,0.0,0.0,0.0,0.0,0.0,38.48,0.0,0.0,0.0,5.18,133,9.02,168
00741B,富邦全球非投等債,上櫃指數股票型基金(ETF),0.0,0.0,0.0,0.0,0.0,0.0,0.0,0.0,0.0,0.0,0.0,0.0,0.0,37.22,0.0,0.0,0.0,2.29,82,3.43,183
00844B,新光15年IG金融債,上櫃指數股票型基金(ETF),0.0,0.0,0.0,0.0,0.0,0.0,0.0,0.0,0.0,0.0,0.0,0.0,0.0,31.66,0.0,0.0,0.0,5.8,126,9.7,168
00751B,元大AAA至A公司債,上櫃指數股票型基金(ETF),0.0,0.0,0.0,0.0,0.0,0.0,0.0,0.0,0.0,0.0,0.0,0.0,0.0,31.53,0.0,0.0,0.0,7.14,126,8.45,168
00750B,凱基科技債10+,上櫃指數股票型基金(ETF),0.0,0.0,0.0,0.0,0.0,0.0,0.0,0.0,0.0,0.0,0.0,0.0,0.0,32.79,0.0,0.0,0.0,7.09,133,8.83,162
00749B,凱基新興債10+,上櫃指數股票型基金(ETF),0.0,0.0,0.0,0.0,0.0,0.0,0.0,0.0,0.0,0.0,0.0,0.0,0.0,31.64,0.0,0.0,0.0,6.1,133,11.46,162
00761B,國泰A級公司債,上櫃指數股票型基金(ETF),0.0,0.0,0.0,0.0,0.0,0.0,0.0,0.0,0.0,0.0,0.0,0.0,0.0,34.52,0.0,0.0,0.0,5.87,133,7.82,168
00955,中信日本商社,上櫃指數股票型基金(ETF),0.0,0.0,0.0,0.0,0.0,0.0,0.0,0.0,0.0,0.0,0.0,0.0,0.0,15.59,0.0,0.0,0.0,5.25,48,24.97,182
00969B,元大零息超長美債,上櫃指數股票型基金(ETF),0.0,0.0,0.0,0.0,0.0,0.0,0.0,0.0,0.0,0.0,0.0,0.0,0.0,8.28,0.0,0.0,0.0,0.0,0,10.75,168
00695B,富邦美債7-10,上櫃指數股票型基金(ETF),0.0,0.0,0.0,0.0,0.0,0.0,0.0,0.0,0.0,0.0,0.0,0.0,0.0,35.02,0.0,0.0,0.0,6.36,89,5.18,162
00773B,中信優先金融債,上櫃指數股票型基金(ETF),0.0,0.0,0.0,0.0,0.0,0.0,0.0,0.0,0.0,0.0,0.0,0.0,0.0,35.73,0.0,0.0,0.0,6.95,126,9.01,168
00948B,中信優息投資級債,上櫃指數股票型基金(ETF),0.0,0.0,0.0,0.0,0.0,0.0,0.0,0.0,0.0,0.0,0.0,0.0,0.0,9.42,0.0,0.0,0.0,5.83,98,9.68,173
00772B,中信高評級公司債,上櫃指數股票型基金(ETF),0.0,0.0,0.0,0.0,0.0,0.0,0.0,0.0,0.0,0.0,0.0,0.0,0.0,33.57,0.0,0.0,0.0,6.48,126,8.24,168
00933B,國泰10Y+金融債,上櫃指數股票型基金(ETF),0.0,0.0,0.0,0.0,0.0,0.0,0.0,0.0,0.0,0.0,0.0,0.0,0.0,15.97,0.0,0.0,0.0,6.42,126,8.25,168
00746B,富邦A級公司債,上櫃指數股票型基金(ETF),0.0,0.0,0.0,0.0,0.0,0.0,0.0,0.0,0.0,0.0,0.0,0.0,0.0,35.28,0.0,0.0,0.0,6.63,133,8.72,162
00931B,統一美債20年,上櫃指數股票型基金(ETF),0.0,0.0,0.0,0.0,0.0,0.0,0.0,0.0,0.0,0.0,0.0,0.0,0.0,13.38,0.0,0.0,0.0,11.11,126,7.25,162
00696B,富邦美債20年,上櫃指數股票型基金(ETF),0.0,0.0,0.0,0.0,0.0,0.0,0.0,0.0,0.0,0.0,0.0,0.0,0.0,28.82,0.0,0.0,0.0,10.91,126,6.83,162
00937B,群益ESG投等債20+,上櫃指數股票型基金(ETF),0.0,0.0,0.0,0.0,0.0,0.0,0.0,0.0,0.0,0.0,0.0,0.0,0.0,14.77,0.0,0.0,0.0,5.75,133,9.25,162
00768B,復華20年美債,上櫃指數股票型基金(ETF),0.0,0.0,0.0,0.0,0.0,0.0,0.0,0.0,0.0,0.0,0.0,0.0,0.0,50.55,0.0,0.0,0.0,11.75,126,6.31,168
00950B,凱基A級公司債,上櫃指數股票型基金(ETF),0.0,0.0,0.0,0.0,0.0,0.0,0.0,0.0,0.0,0.0,0.0,0.0,0.0,14.01,0.0,0.0,0.0,4.93,71,7.92,168
00764B,群益25年美債,上櫃指數股票型基金(ETF),0.0,0.0,0.0,0.0,0.0,0.0,0.0,0.0,0.0,0.0,0.0,0.0,0.0,27.75,0.0,0.0,0.0,11.3,126,6.05,168
00718B,富邦中國政策債,上櫃指數股票型基金(ETF),0.0,0.0,0.0,0.0,0.0,0.0,0.0,0.0,0.0,0.0,0.0,0.0,0.0,19.05,0.0,0.0,0.0,3.3,89,0.71,5
00719B,元大美債1-3,上櫃指數股票型基金(ETF),0.0,0.0,0.0,0.0,0.0,0.0,0.0,0.0,0.0,0.0,0.0,0.0,0.0,30.77,0.0,0.0,0.0,1.99,68,2.76,167
00942B,台新美A公司債20+,上櫃指數股票型基金(ETF),0.0,0.0,0.0,0.0,0.0,0.0,0.0,0.0,0.0,0.0,0.0,0.0,0.0,14.26,0.0,0.0,0.0,6.42,133,8.73,168
00777B,凱基AAA至A公司債,上櫃指數股票型基金(ETF),0.0,0.0,0.0,0.0,0.0,0.0,0.0,0.0,0.0,0.0,0.0,0.0,0.0,32.46,0.0,0.0,0.0,7.21,133,8.37,168
00697B,元大美債7-10,上櫃指數股票型基金(ETF),0.0,0.0,0.0,0.0,0.0,0.0,0.0,0.0,0.0,0.0,0.0,0.0,0.0,35.57,0.0,0.0,0.0,6.53,89,4.62,168
020015,統一MSCI美低波N,ETN,0.0,0.0,0.0,0.0,0.0,0.0,0.0,0.0,0.0,0.0,0.0,0.0,0.0,0.0,0.0,0.0,0.0,0.0,0,0.0,0
020016,統一MSCI美科技N,ETN,0.0,0.0,0.0,0.0,0.0,0.0,0.0,0.0,0.0,0.0,0.0,0.0,0.0,0.0,0.0,0.0,0.0,0.0,0,0.0,0
3202,樺晟,電子零組件業,-0.8,2863876000.0,0.0,0.0,0.0,0.0,0.0,0.0,0.0,0.0,0.0,0.0,0.0,3.96,0.0,0.0,0.0,57.43,26,0.0,0
2437,旺詮,電子工業,0.0,0.0,0.0,0.0,0.0,0.0,0.0,0.0,0.0,0.0,0.0,0.0,0.0,0.0,0.0,0.0,0.0,0.0,0,0.0,0
5314,世紀*,半導體業,5.56,2765245000.0,497346223.0215828,3.43,7838090424.099464,15.76,40.78,108.9,12.66,121.56,199.52,1915.79,642.71,74.1,8.67,2.69,25.85,4.09,184,135.68,141
5443,均豪,光電業,2.59,4662722000.0,1800278764.4787645,0.88,5351143459.730707,2.97,49.93,61.12,30.6,91.72,90.88,272.41,148.28,121.5,1.22,0.75,2.24,178.28,152,68.12,137
3521,鴻翊,電腦及週邊設備業,-0.09,241478000.0,0.0,0.0,206061879.6187386,0.0,0.0,0.0,0.0,0.0,0.0,0.0,0.0,13.7,0.0,0.0,0.0,2.94,1,15.98,19
4950,金耘國際,其他,-0.06,936308000.0,0.0,0.0,1339609133.5283446,0.0,0.0,0.0,0.0,0.0,0.0,0.0,0.0,16.8,0.0,0.0,0.0,118.58,64,3.7,85
6187,萬潤,其他電子類,15.46,5648264000.0,365346959.8965071,4.62,5314500396.753249,14.55,41.79,133.26,13.8,147.06,200.79,2139.72,608.01,1070.0,0.57,0.19,2.0,117.2,152,58.78,48
6240,松崗,其他,-1.15,53259000.0,0.0,0.0,53329448.41269842,0.0,38.16,72.27,12.73,85.0,0.0,0.0,0.0,18.5,0.0,0.0,0.0,32.42,72,22.05,60
5348,正能量智能,通信網路業,-1.49,274780000.0,0.0,0.0,299139185.6472859,0.0,1271.09,1604.32,70.68,1675.0,0.0,0.0,0.0,14.9,0.0,0.0,0.0,54.76,160,0.46,1
6829,千附精密,電機機械,3.95,1822694000.0,461441518.98734176,1.71,2348290885.7172723,5.09,27.26,51.19,17.92,69.11,91.21,351.77,138.74,250.5,0.55,0.36,1.4,27.73,161,5.8,8
6208,日揚,電子零組件業,2.52,3781837000.0,1500728968.2539682,0.72,3407243054.4267406,2.27,16.43,22.86,12.3,35.16,27.92,79.81,37.3,72.4,0.52,0.39,1.1,14.81,146,24.31,99
8383,千附,其他電子類,3.42,3254284000.0,951545029.2397661,1.46,4132466160.0545278,4.34,15.42,15.94,10.87,26.81,47.18,116.36,66.93,60.1,1.11,0.79,1.94,24.43,58,1.89,6
00925,新光標普電動車,ETF,0.0,0.0,0.0,0.0,0.0,0.0,0.0,0.0,0.0,0.0,0.0,0.0,0.0,16.1,0.0,0.0,0.0,9.54,70,11.36,14
6287,元隆,半導體業,-2.31,540288000.0,0.0,0.0,0.0,0.0,0.0,0.0,0.0,0.0,0.0,0.0,0.0,8.89,0.0,0.0,0.0,39.15,85,9.16,4
020018,統一價值成長30N,ETN,0.0,0.0,0.0,0.0,0.0,0.0,0.0,0.0,0.0,0.0,0.0,0.0,0.0,24.94,0.0,0.0,0.0,11.2,85,0.0,0
020019,統一特選台灣5GN,ETN,0.0,0.0,0.0,0.0,0.0,0.0,0.0,0.0,0.0,0.0,0.0,0.0,0.0,21.59,0.0,0.0,0.0,0.0,0,0.0,0
4945,陞達科技,半導體業,0.87,477318000.0,548641379.3103448,0.0,0.0,0.0,27.89,28.98,17.06,46.04,0.0,0.0,0.0,76.1,0.0,0.0,0.0,22.44,21,16.45,39
8497,格威傳媒,其他,0.0,0.0,0.0,0.0,0.0,0.0,0.0,0.0,0.0,0.0,0.0,0.0,0.0,0.0,0.0,0.0,0.0,0.0,0,0.0,0
2897A,王道銀甲特,金融保險,0.0,0.0,0.0,0.0,0.0,0.0,0.0,0.0,0.0,0.0,0.0,0.0,0.0,10.3,0.0,0.0,0.0,3.83,65,0.0,0
2888B,新光金乙特,金融保險,0.0,0.0,0.0,0.0,0.0,0.0,0.0,0.0,0.0,0.0,0.0,0.0,0.0,36.8,0.0,0.0,0.0,32.93,107,0.66,6
2888A,新光金甲特,金融保險,0.0,0.0,0.0,0.0,0.0,0.0,0.0,0.0,0.0,0.0,0.0,0.0,0.0,36.5,0.0,0.0,0.0,34.27,107,0.66,5
6747,亨泰光,生技醫療業,1.91,713250000.0,373429319.37172776,0.0,0.0,0.0,36.46,69.74,17.93,87.67,0.0,0.0,0.0,199.0,0.0,0.0,0.0,0.0,0,44.2,182
02001S,策元大加權策略N,ETN,0.0,0.0,0.0,0.0,0.0,0.0,0.0,0.0,0.0,0.0,0.0,0.0,0.0,0.0,0.0,0.0,0.0,0.0,0,0.0,0
020023,元大櫃買半導體N,指數投資證券(ETN),0.0,0.0,0.0,0.0,0.0,0.0,0.0,0.0,0.0,0.0,0.0,0.0,0.0,7.2,0.0,0.0,0.0,19.49,64,50.4,176
6288,聯嘉,汽車工業,0.11,3643623000.0,33123845454.545456,0.0,0.0,0.0,81.74,597.39,40.61,638.0,0.0,0.0,0.0,20.95,0.0,0.0,0.0,1.41,183,15.97,78
1613,台一,電器電纜,2.13,0.0,0.0,0.0,0.0,0.0,0.0,0.0,0.0,0.0,0.0,0.0,0.0,0.0,0.0,0.0,0.0,0.0,0,0.0,0
02001B,統一美國政府債N,指數投資證券(ETN),0.0,0.0,0.0,0.0,0.0,0.0,0.0,0.0,0.0,0.0,0.0,0.0,0.0,8.75,0.0,0.0,0.0,0.0,0,3.9,174
3315,宣昶,電子工業,0.0,0.0,0.0,0.0,0.0,0.0,0.0,0.0,0.0,0.0,0.0,0.0,0.0,0.0,0.0,0.0,0.0,0.0,0,0.0,0
3559,全智科,電子工業,0.0,0.0,0.0,0.0,0.0,0.0,0.0,0.0,0.0,0.0,0.0,0.0,0.0,0.0,0.0,0.0,0.0,0.0,0,0.0,0
3036A,文曄甲特,電子通路業,0.0,0.0,0.0,0.0,0.0,0.0,0.0,0.0,0.0,0.0,0.0,0.0,0.0,52.0,0.0,0.0,0.0,4.25,184,1.78,50
2856,元富證,金融保險,1.33,0.0,0.0,0.0,0.0,0.0,45.11,0.0,45.11,45.11,0.0,0.0,0.0,0.0,0.0,0.0,0.0,0.0,0,0.0,0
2809,京城銀,金融保險,3.41,6882140000.0,2018222873.900293,0.0,0.0,0.0,11.69,11.27,7.8,19.07,0.0,0.0,0.0,56.6,0.0,0.0,0.0,18.88,44,15.78,125
2823,中壽,金融保險,3.03,0.0,0.0,0.0,0.0,0.0,14.0,0.0,14.0,14.0,0.0,0.0,0.0,0.0,0.0,0.0,0.0,0.0,0,0.0,0
2888,新光金,金融保險,-0.71,-51181701000.0,0.0,0.0,0.0,0.0,22.21,38.94,7.79,46.73,0.0,0.0,0.0,11.8,0.0,0.0,0.0,51.18,126,7.52,20
1729,必翔,化學生技醫療,0.0,0.0,0.0,0.0,0.0,0.0,0.0,0.0,0.0,0.0,0.0,0.0,0.0,0.0,0.0,0.0,0.0,0.0,0,0.0,0
2499,東貝,電子工業,0.0,0.0,0.0,0.0,0.0,0.0,0.0,0.0,0.0,0.0,0.0,0.0,0.0,0.0,0.0,0.0,0.0,0.0,0,0.0,0
3536,誠創,電子工業,0.0,0.0,0.0,0.0,0.0,0.0,34.6,0.0,34.6,34.6,0.0,0.0,0.0,0.0,0.0,0.0,0.0,0.0,0,0.0,0
3698,隆達,電子工業,0.0,0.0,0.0,0.0,0.0,0.0,0.0,0.0,0.0,0.0,0.0,0.0,0.0,0.0,0.0,0.0,0.0,0.0,0,0.0,0
6172,互億,電子工業,0.0,0.0,0.0,0.0,0.0,0.0,51.75,0.0,51.75,51.75,0.0,0.0,0.0,0.0,0.0,0.0,0.0,0.0,0,0.0,0
1592,英瑞-KY,汽車工業,0.0,0.0,0.0,0.0,0.0,0.0,11.25,0.0,11.25,11.25,0.0,0.0,0.0,0.0,0.0,0.0,0.0,0.0,0,0.0,0
3514,昱晶,電子工業,0.0,0.0,0.0,0.0,0.0,0.0,0.0,0.0,0.0,0.0,0.0,0.0,0.0,0.0,0.0,0.0,0.0,0.0,0,0.0,0
2325,矽品,電子工業,0.0,0.0,0.0,0.0,0.0,0.0,18.9,0.0,18.9,18.9,0.0,0.0,0.0,0.0,0.0,0.0,0.0,0.0,0,0.0,0
3383,新世紀,電子工業,0.0,0.0,0.0,0.0,0.0,0.0,0.0,0.0,0.0,0.0,0.0,0.0,0.0,0.0,0.0,0.0,0.0,0.0,0,0.0,0
6131,鈞泰,電子工業,0.0,0.0,0.0,0.0,0.0,0.0,14.0,0.0,14.0,14.0,0.0,0.0,0.0,0.0,0.0,0.0,0.0,0.0,0,0.0,0
3519,綠能,電子工業,0.0,0.0,0.0,0.0,0.0,0.0,0.0,0.0,0.0,0.0,0.0,0.0,0.0,0.0,0.0,0.0,0.0,0.0,0,0.0,0
4984,科納-KY,電子工業,0.0,0.0,0.0,0.0,0.0,0.0,31.43,0.0,31.43,31.43,0.0,0.0,0.0,0.0,0.0,0.0,0.0,0.0,0,0.0,0
2311,日月光,電子工業,0.0,0.0,0.0,0.0,0.0,0.0,13.01,0.0,13.01,13.01,0.0,0.0,0.0,0.0,0.0,0.0,0.0,0.0,0,0.0,0
3454,晶睿,電子工業,-0.11,7641632000.0,0.0,0.0,6348482611.739699,0.0,44.28,63.18,17.63,80.81,0.0,0.0,0.0,99.4,0.0,0.0,0.0,11.81,70,1.3,6
3682,亞太電,電子工業,0.0,0.0,0.0,0.0,0.0,0.0,0.0,0.0,0.0,0.0,0.0,0.0,0.0,0.0,0.0,0.0,0.0,0.0,0,0.0,0
5264,鎧勝-KY,電子工業,0.0,0.0,0.0,0.0,0.0,0.0,14.07,0.0,14.07,14.07,0.0,0.0,0.0,0.0,0.0,0.0,0.0,0.0,0,0.0,0
2448,晶電,電子工業,0.0,0.0,0.0,0.0,0.0,0.0,47.14,0.0,47.14,47.14,0.0,0.0,0.0,0.0,0.0,0.0,0.0,0.0,0,0.0,0
5305,敦南,電子工業,0.0,0.0,0.0,0.0,0.0,0.0,21.42,0.0,21.42,21.42,0.0,0.0,0.0,0.0,0.0,0.0,0.0,0.0,0,0.0,0
2475,華映,電子工業,0.0,0.0,0.0,0.0,0.0,0.0,4.29,0.0,4.29,4.29,0.0,0.0,0.0,0.0,0.0,0.0,0.0,0.0,0,0.0,0
6422,君耀-KY,電子工業,0.0,0.0,0.0,0.0,0.0,0.0,12.18,0.0,12.18,12.18,0.0,0.0,0.0,0.0,0.0,0.0,0.0,0.0,0,0.0,0
6251,定穎,電子工業,0.0,0.0,0.0,0.0,0.0,0.0,31.45,0.0,31.45,31.45,0.0,0.0,0.0,0.0,0.0,0.0,0.0,0.0,0,0.0,0
5259,奕智博,電子工業,0.0,0.0,0.0,0.0,0.0,0.0,0.0,0.0,0.0,0.0,0.0,0.0,0.0,0.0,0.0,0.0,0.0,0.0,0,0.0,0
6145,勁永,電子工業,0.0,0.0,0.0,0.0,0.0,0.0,0.0,0.0,0.0,0.0,0.0,0.0,0.0,0.0,0.0,0.0,0.0,0.0,0,0.0,0
3579,尚志,電子工業,0.0,0.0,0.0,0.0,0.0,0.0,0.0,0.0,0.0,0.0,0.0,0.0,0.0,0.0,0.0,0.0,0.0,0.0,0,0.0,0
3561,昇陽光電,電子工業,0.0,0.0,0.0,0.0,0.0,0.0,0.0,0.0,0.0,0.0,0.0,0.0,0.0,0.0,0.0,0.0,0.0,0.0,0,0.0,0
2456,奇力新,電子工業,0.0,0.0,0.0,0.0,0.0,0.0,18.73,0.0,18.73,18.73,0.0,0.0,0.0,0.0,0.0,0.0,0.0,0.0,0,0.0,0
6289,華上,電子工業,0.0,0.0,0.0,0.0,0.0,0.0,0.0,0.0,0.0,0.0,0.0,0.0,0.0,0.0,0.0,0.0,0.0,0.0,0,0.0,0
1507,永大,電機機械,0.0,0.0,0.0,0.0,0.0,0.0,16.25,0.0,16.25,16.25,0.0,0.0,0.0,0.0,0.0,0.0,0.0,0.0,0,0.0,0
4725,信昌化,化學生技醫療,0.0,0.0,0.0,0.0,0.0,0.0,0.0,0.0,0.0,0.0,0.0,0.0,0.0,0.0,0.0,0.0,0.0,0.0,0,0.0,0
00658L,國泰日本正2,ETF,0.0,0.0,0.0,0.0,0.0,0.0,0.0,0.0,0.0,0.0,0.0,0.0,0.0,0.0,0.0,0.0,0.0,0.0,0,0.0,0
00659R,國泰日本反1,ETF,0.0,0.0,0.0,0.0,0.0,0.0,0.0,0.0,0.0,0.0,0.0,0.0,0.0,0.0,0.0,0.0,0.0,0.0,0,0.0,0
0054,元大台商50,ETF,0.0,0.0,0.0,0.0,0.0,0.0,0.0,0.0,0.0,0.0,0.0,0.0,0.0,0.0,0.0,0.0,0.0,0.0,0,0.0,0
00716R,華頓S&P布蘭特反1,ETF,0.0,0.0,0.0,0.0,0.0,0.0,0.0,0.0,0.0,0.0,0.0,0.0,0.0,0.0,0.0,0.0,0.0,0.0,0,0.0,0
00705R,台新MSCI台灣反1,ETF,0.0,0.0,0.0,0.0,0.0,0.0,0.0,0.0,0.0,0.0,0.0,0.0,0.0,0.0,0.0,0.0,0.0,0.0,0,0.0,0
00704L,台新MSCI台灣正2,ETF,0.0,0.0,0.0,0.0,0.0,0.0,0.0,0.0,0.0,0.0,0.0,0.0,0.0,0.0,0.0,0.0,0.0,0.0,0,0.0,0
00699R,元大美債7-10反1,ETF,0.0,0.0,0.0,0.0,0.0,0.0,0.0,0.0,0.0,0.0,0.0,0.0,0.0,0.0,0.0,0.0,0.0,0.0,0,0.0,0
00698L,元大美債7-10正2,ETF,0.0,0.0,0.0,0.0,0.0,0.0,0.0,0.0,0.0,0.0,0.0,0.0,0.0,0.0,0.0,0.0,0.0,0.0,0,0.0,0
00691R,兆豐藍籌30反1,ETF,0.0,0.0,0.0,0.0,0.0,0.0,0.0,0.0,0.0,0.0,0.0,0.0,0.0,0.0,0.0,0.0,0.0,0.0,0,0.0,0
00677U,期富邦VIX,ETF,0.0,0.0,0.0,0.0,0.0,0.0,0.0,0.0,0.0,0.0,0.0,0.0,0.0,0.0,0.0,0.0,0.0,0.0,0,0.0,0
00672L,元大S&P原油正2,ETF,0.0,0.0,0.0,0.0,0.0,0.0,0.0,0.0,0.0,0.0,0.0,0.0,0.0,0.0,0.0,0.0,0.0,0.0,0,0.0,0
00667,元大韓國,ETF,0.0,0.0,0.0,0.0,0.0,0.0,0.0,0.0,0.0,0.0,0.0,0.0,0.0,0.0,0.0,0.0,0.0,0.0,0,0.0,0
4144,康聯-KY,化學生技醫療,0.0,0.0,0.0,0.0,0.0,0.0,10.1,0.0,10.1,10.1,0.0,0.0,0.0,0.0,0.0,0.0,0.0,0.0,0,0.0,0
1701,中化,化學生技醫療,0.0,0.0,0.0,0.0,0.0,0.0,20.0,3.17,17.65,20.82,0.0,0.0,0.0,21.15,0.0,0.0,0.0,3.85,49,0.0,0
0059,富邦金融,ETF,0.0,0.0,0.0,0.0,0.0,0.0,0.0,0.0,0.0,0.0,0.0,0.0,0.0,0.0,0.0,0.0,0.0,0.0,0,0.0,0
1704,榮化,化學生技醫療,0.0,0.0,0.0,0.0,0.0,0.0,10.17,0.0,10.17,10.17,0.0,0.0,0.0,0.0,0.0,0.0,0.0,0.0,0,0.0,0
008201,BP上證50,ETF,0.0,0.0,0.0,0.0,0.0,0.0,0.0,0.0,0.0,0.0,0.0,0.0,0.0,0.0,0.0,0.0,0.0,0.0,0,0.0,0
0058,富邦發達,ETF,0.0,0.0,0.0,0.0,0.0,0.0,0.0,0.0,0.0,0.0,0.0,0.0,0.0,0.0,0.0,0.0,0.0,0.0,0,0.0,0
6452,康友-KY,化學生技醫療,0.0,0.0,0.0,0.0,0.0,0.0,26.86,0.0,26.86,26.86,0.0,0.0,0.0,0.0,0.0,0.0,0.0,0.0,0,0.0,0
4141,龍燈-KY,化學生技醫療,0.0,0.0,0.0,0.0,0.0,0.0,0.0,0.0,0.0,0.0,0.0,0.0,0.0,0.0,0.0,0.0,0.0,0.0,0,0.0,0
1724,台硝,化學生技醫療,0.0,0.0,0.0,0.0,0.0,0.0,21.21,0.0,21.21,21.21,0.0,0.0,0.0,0.0,0.0,0.0,0.0,0.0,0,0.0,0
00649,FH香港,ETF,0.0,0.0,0.0,0.0,0.0,0.0,0.0,0.0,0.0,0.0,0.0,0.0,0.0,0.0,0.0,0.0,0.0,0.0,0,0.0,0
1715,萬洲,塑膠工業,0.0,0.0,0.0,0.0,0.0,0.0,0.0,0.0,0.0,0.0,0.0,0.0,0.0,0.0,0.0,0.0,0.0,0.0,0,0.0,0
1589,永冠-KY,電機機械,-5.06,8035754000.0,0.0,0.0,7899032091.915985,0.0,0.0,0.0,0.0,0.0,0.0,0.0,0.0,5.54,0.0,0.0,0.0,0.0,0,2.53,6
2936,客思達-KY,貿易百貨,0.0,0.0,0.0,0.0,0.0,0.0,9.81,0.0,9.81,9.81,0.0,0.0,0.0,0.0,0.0,0.0,0.0,0.0,0,0.0,0
1469,理隆,紡織纖維,0.0,0.0,0.0,0.0,0.0,0.0,0.0,0.0,0.0,0.0,0.0,0.0,0.0,0.0,0.0,0.0,0.0,0.0,0,0.0,0
2841,台開,建材營造,0.0,0.0,0.0,0.0,0.0,0.0,24.24,0.0,24.24,24.24,0.0,0.0,0.0,0.0,0.0,0.0,0.0,0.0,0,0.0,0
8480,泰昇-KY,其他,0.0,0.0,0.0,0.0,0.0,0.0,17.51,0.0,17.51,17.51,0.0,0.0,0.0,0.0,0.0,0.0,0.0,0.0,0,0.0,0
8427,基勝-KY,其他,0.0,0.0,0.0,0.0,0.0,0.0,33.48,0.0,33.48,33.48,0.0,0.0,0.0,0.0,0.0,0.0,0.0,0.0,0,0.0,0
2443,昶虹,其他,-0.42,0.0,0.0,0.0,0.0,0.0,0.0,0.0,0.0,0.0,0.0,0.0,0.0,0.0,0.0,0.0,0.0,0.0,0,0.0,0
1262,綠悅-KY,其他,0.0,0.0,0.0,0.0,0.0,0.0,7.85,0.0,7.85,7.85,0.0,0.0,0.0,0.0,0.0,0.0,0.0,0.0,0,0.0,0
2358,廷鑫,其他,0.0,0.0,0.0,0.0,0.0,0.0,0.0,0.0,0.0,0.0,0.0,0.0,0.0,0.0,0.0,0.0,0.0,0.0,0,0.0,0
1435,中福,其他,-0.41,5981000.0,0.0,0.0,5983400.080256822,0.0,0.0,0.0,0.0,0.0,0.0,0.0,0.0,12.85,0.0,0.0,0.0,4.08,8,0.0,0
4934,太極,電子工業,-0.95,87174000.0,0.0,0.0,178885574.14448667,0.0,0.0,0.0,0.0,0.0,0.0,0.0,0.0,18.5,0.0,0.0,0.0,17.57,55,64.9,145
4946,辣椒,文化創意業,3.13,342106000.0,109299041.53354633,0.89,270150431.9940428,2.47,787.01,1566.24,33.76,1600.0,83.39,3952.0,1943.91,107.0,18.17,0.78,36.93,19.62,49,21.8,14
5212,凌網,資訊服務業,4.75,1290950000.0,271778947.3684211,1.75,1413090510.0940795,5.2,14.7,12.11,9.81,21.92,51.01,113.98,76.44,46.65,1.64,1.09,2.44,7.33,27,0.0,0
4943,康控-KY,電子零組件業,-1.9,1666646000.0,0.0,0.0,2273485530.4083905,0.0,0.0,0.0,0.0,0.0,0.0,0.0,0.0,9.33,0.0,0.0,0.0,10.59,85,6.15,183
4949,有成精密,光電業,1.91,2370766000.0,1241238743.4554975,1.05,3141635025.821553,2.53,25.57,48.2,7.33,55.53,18.54,140.49,64.7,93.7,0.69,0.2,1.5,0.0,0,22.57,18
6441,廣錠,電腦及週邊設備業,-5.16,238504000.0,0.0,0.0,93513708.73195633,0.0,0.0,0.0,0.0,0.0,0.0,0.0,0.0,27.8,0.0,0.0,0.0,19.87,55,20.92,27
5234,達興材料,電子工業,7.37,4591955000.0,623060379.9185889,3.25,4937976463.3341,7.93,42.55,43.35,22.57,65.92,178.98,522.75,337.39,408.0,0.83,0.44,1.28,68.08,152,154.63,120
6569,醫揚,生技醫療業,2.87,1353898000.0,471741463.4146341,1.07,1429742555.590138,3.03,32.17,28.55,21.45,50.0,64.99,151.5,97.47,100.5,0.97,0.65,1.51,60.6,84,24.41,116
5236,凌陽創新,半導體業,8.65,1997623000.0,230939075.14450866,4.13,2298533340.6779194,9.95,17.11,11.67,12.91,24.58,128.45,244.57,170.28,168.5,1.01,0.76,1.45,35.91,161,13.2,175
6435,大中,半導體業,9.52,3323233000.0,349079096.6386555,4.49,3678227041.7625704,10.54,17.29,11.28,12.94,24.22,136.39,255.28,182.23,210.5,0.87,0.65,1.21,20.0,22,16.89,166
5243,乙盛-KY,光電業,4.4,12177833000.0,2767689318.181818,1.82,11022626009.557978,3.98,19.19,17.64,11.22,28.86,44.66,114.86,76.38,107.0,0.71,0.42,1.07,26.1,56,90.58,174
6432,今展科,電子零組件業,0.48,1100859000.0,2293456250.0,0.22,1185089932.8286376,0.52,50.93,198.48,14.02,212.5,7.29,110.5,26.49,44.2,0.6,0.16,2.5,5.37,70,44.61,173
6456,GIS-KY,電子工業,-0.8,67852571000.0,0.0,0.0,62505465462.772285,0.0,207.29,420.89,77.61,498.5,0.0,0.0,0.0,65.5,0.0,0.0,0.0,18.04,65,43.61,118
5244,弘凱,光電業,0.51,844698000.0,1656270588.235294,0.18,773542008.4321169,0.47,25.8,85.75,13.86,99.61,6.51,46.82,12.12,42.0,0.29,0.16,1.11,16.05,58,18.46,111
6442,光聖,通信網路業,23.48,10705105000.0,455924403.7478705,8.54,12019502914.340616,26.36,62.06,123.54,21.26,144.8,560.41,3816.93,1635.92,1965.0,0.83,0.29,1.94,222.26,71,154.9,118
5215,科嘉-KY,電子工業,2.04,2592010000.0,1270593137.254902,0.76,3126345858.1954656,2.46,15.0,15.19,8.69,23.88,21.38,58.74,36.89,38.35,0.96,0.56,1.53,9.91,61,4.88,13
6443,元晶,光電業,-6.24,1931581000.0,0.0,0.0,1051631837.3376981,0.0,48.41,40.44,25.97,66.41,0.0,0.0,0.0,39.95,0.0,0.0,0.0,20.52,58,16.45,13
6451,訊芯-KY,電子工業,0.26,7574127000.0,29131257692.30769,0.1,6479247646.386472,0.22,444.62,1962.04,41.81,2003.85,9.2,440.85,97.82,441.0,0.22,0.02,1.0,51.65,50,22.34,98
4935,茂林-KY,電子工業,1.34,5517931000.0,4117858955.2238803,0.43,3973153138.6270084,0.96,17.13,20.46,9.35,29.81,8.98,28.62,16.44,37.25,0.44,0.24,0.77,12.89,168,14.19,120
6449,鈺邦,電子零組件業,7.38,4375999000.0,592953794.0379404,3.45,5502945524.05129,9.28,26.59,24.67,14.65,39.32,135.95,364.89,246.75,183.0,1.35,0.74,1.99,58.44,69,117.73,153
5220,萬達光電,光電業,-0.65,688288000.0,0.0,0.0,822123686.9426287,0.0,61.27,80.95,27.3,108.25,0.0,0.0,0.0,20.25,0.0,0.0,0.0,1.29,49,19.0,103
5222,全訊,半導體業,2.63,995074000.0,378355133.07984793,0.95,777649922.52287,2.06,31.91,39.66,18.84,58.5,38.81,120.51,65.73,139.0,0.47,0.28,0.87,3.33,71,60.4,120
5223,安力-KY,電腦及週邊設備業,-0.67,1919124000.0,0.0,0.0,2034652693.5550935,0.0,279.84,86.51,236.82,323.33,0.0,0.0,0.0,24.75,0.0,0.0,0.0,2.26,36,24.84,33
6446,藥華藥,生技醫療業,14.27,14884059000.0,1043031464.6110722,8.73,23969632051.301075,22.98,117.05,500.88,31.45,532.33,722.72,12232.94,2689.76,724.0,3.72,1.0,16.9,132.28,135,10.87,55
6568,宏觀,半導體業,4.02,1114929000.0,277345522.38805974,1.71,1404400743.3487256,5.06,49.15,75.14,22.21,97.35,112.38,492.59,248.7,233.0,1.07,0.48,2.11,7.69,40,42.72,57
5225,東科-KY,其他電子業,10.26,11240635000.0,1095578460.0389864,3.53,9568360439.103899,8.73,10.18,10.22,6.47,16.69,56.48,145.7,88.85,74.4,1.19,0.76,1.96,34.31,112,21.86,102
5227,立凱-KY,電子零組件業,0.18,402313000.0,2235072222.2222223,0.03,140209198.29891515,0.06,37.36,129.92,9.49,139.41,0.57,8.36,2.24,20.75,0.11,0.03,0.4,22.9,21,17.44,118
5213,亞昕,建材營造,3.14,17240512000.0,5490608917.197452,1.85,11201945130.558123,2.04,16.14,32.49,7.12,39.61,14.52,80.8,32.93,25.95,1.27,0.56,3.11,14.29,83,6.33,4
5228,鈺鎧,電子零組件業,-0.21,518941000.0,0.0,0.0,805418258.4339261,0.0,0.0,0.0,0.0,0.0,0.0,0.0,0.0,39.95,0.0,0.0,0.0,2.45,71,37.95,166
5230,雷笛克光學,光電業,-1.34,1327863000.0,0.0,0.0,1298872579.056228,0.0,50.72,70.07,27.26,97.33,0.0,0.0,0.0,16.9,0.0,0.0,0.0,22.18,23,20.89,20
4967,十銓,電子工業,13.07,17964831000.0,1374508875.2869165,9.59,36354830794.563934,26.45,23.91,76.98,7.4,84.38,195.73,2231.85,632.34,298.0,2.12,0.66,7.49,52.34,37,94.87,179
5245,智晶,光電業,-4.89,790349000.0,0.0,0.0,636180772.1511095,0.0,0.0,0.0,0.0,0.0,0.0,0.0,0.0,25.7,0.0,0.0,0.0,27.3,118,60.71,82
4938,和碩,電子工業,5.39,1119686756000.0,207734092022.26346,2.08,1010566855045.9872,4.86,14.58,9.19,10.84,20.03,52.68,97.35,70.88,84.4,0.84,0.62,1.15,20.36,43,7.49,6
6576,逸達,生技醫療業,-5.7,432261000.0,0.0,0.0,325059032.59129465,0.0,0.0,0.0,0.0,0.0,0.0,0.0,0.0,79.0,0.0,0.0,0.0,5.51,30,28.12,123
5284,jpp-KY,其他,12.06,3612748000.0,299564510.7794361,6.42,5445459001.841904,18.18,47.69,157.61,15.07,172.68,273.97,3139.32,866.94,360.0,2.41,0.76,8.72,23.27,173,119.66,176
5285,界霖,半導體業,1.54,5320040000.0,3454571428.5714283,0.52,5472957567.8198595,1.58,27.87,24.93,15.0,39.93,23.7,63.09,44.04,61.7,0.71,0.38,1.02,9.26,138,20.75,179
5288,豐祥-KY,電機機械,12.26,6818895000.0,556190456.7699836,4.93,7228005746.931336,13.0,10.93,6.85,7.61,14.46,98.93,187.98,142.07,152.0,0.93,0.65,1.24,20.93,152,6.21,6
6419,京晨科,光電業,9.58,515303000.0,53789457.202505216,5.72,680807657.8820698,12.66,14.22,67.36,6.29,73.65,79.63,932.41,179.97,144.0,1.25,0.55,6.48,102.1,30,0.0,0
5289,宜鼎,電腦及週邊設備業,21.83,13168865000.0,603246220.7970684,35.92,66107986911.09389,109.59,27.53,56.48,16.03,72.51,1756.73,7946.37,3017.12,1600.0,1.89,1.1,4.97,17.12,26,94.87,183
5291,邑昇,電子零組件業,0.32,1077231000.0,3366346875.0,0.17,1410017540.7069674,0.42,119.41,202.51,49.1,251.61,20.62,105.68,50.15,70.4,0.71,0.29,1.5,10.54,26,8.13,25
6418,詠昇,電子零組件業,0.73,770725000.0,1055787671.2328768,0.32,791241708.9909745,0.75,27.26,61.74,10.95,72.69,8.21,54.52,20.45,31.8,0.64,0.26,1.71,10.75,29,300.0,145
6589,台康生技,生技醫療業,-2.52,985778000.0,0.0,0.0,1434773805.2974675,0.0,0.0,0.0,0.0,0.0,0.0,0.0,0.0,45.35,0.0,0.0,0.0,21.07,55,22.22,159
6579,研揚,電腦及週邊設備業,5.62,8420480000.0,1498306049.822064,2.69,10201194213.303793,6.81,27.82,26.03,18.48,44.51,125.85,303.11,189.43,135.0,1.4,0.93,2.25,21.2,27,10.08,162
5283,禾聯碩,電器電纜,6.03,6483577000.0,1075220066.3349917,1.64,6280054587.008096,5.84,13.5,9.73,9.11,18.84,53.2,110.03,78.84,52.5,1.5,1.01,2.1,0.44,2,0.69,18
6577,勁豐,電腦及週邊設備業,5.64,2033734000.0,360591134.75177306,2.5,2146053456.3603966,5.95,14.26,13.76,9.63,23.39,57.3,139.17,84.86,82.0,1.03,0.7,1.7,32.36,69,2.7,14
4933,友輝,光電業,5.77,3062497000.0,530762045.06065863,1.89,2909267918.454838,5.48,11.29,7.23,8.48,15.71,46.47,86.09,61.86,69.1,0.9,0.67,1.25,16.74,131,10.42,14
6416,瑞祺電通,電子工業,4.3,4238496000.0,985696744.1860466,1.69,4288867322.832584,4.35,25.36,25.11,16.56,41.67,72.04,181.26,110.33,84.5,1.31,0.85,2.15,40.69,149,11.45,27
6415,矽力*-KY,電子工業,6.41,18703888000.0,2917923244.929797,3.06,21818471235.497696,7.48,105.23,305.75,27.16,332.91,203.16,2490.17,787.1,425.5,1.85,0.48,5.85,36.86,152,0.0,0
6414,樺漢,電腦及週邊設備業,23.26,142336502000.0,6119368099.742046,10.92,155679815423.40317,25.44,15.42,9.09,10.87,19.96,276.53,507.78,392.33,346.5,1.13,0.8,1.47,7.38,62,19.85,112
6578,達邦蛋白,農業科技業,-0.96,296987000.0,0.0,0.0,359118559.06804216,0.0,163.66,138.88,94.12,233.0,0.0,0.0,0.0,15.1,0.0,0.0,0.0,18.2,61,50.74,105
5292,華懋,綠能環保,10.16,2797518000.0,275346259.8425197,3.32,2706760456.88501,9.83,16.8,14.16,12.53,26.69,123.17,262.36,165.18,226.0,0.73,0.55,1.16,28.17,58,15.05,126
4931,新盛力,電腦及週邊設備業,3.13,2333664000.0,745579552.715655,1.8,3335331253.8029876,4.47,39.13,64.27,17.76,82.03,79.39,366.67,174.9,170.0,1.03,0.47,2.16,16.98,135,97.92,112
6412,群電,電子零組件業,5.2,34938697000.0,6718980192.307693,1.96,31371643112.833324,4.67,15.01,8.49,10.19,18.68,47.59,87.24,70.08,86.0,0.81,0.55,1.01,0.0,0,28.4,21
6417,韋僑,通信網路業,4.83,1577211000.0,326544720.4968944,2.32,1877284614.3964841,5.75,24.71,15.04,17.08,32.12,98.21,184.69,142.1,138.0,1.03,0.71,1.34,16.5,61,23.09,139
5276,達輝-KY,其他,1.13,919058000.0,813325663.7168143,0.52,1035051490.4393036,1.27,32.65,107.28,12.48,119.76,15.85,152.1,41.46,19.5,2.13,0.81,7.8,70.1,72,23.23,26
6574,霈方,生技醫療業,6.82,603419000.0,88477859.23753665,2.99,791201634.4780097,8.94,18.22,22.97,10.44,33.41,93.33,298.69,162.86,119.0,1.37,0.78,2.51,8.73,175,0.0,0
6426,統新,電子工業,-0.78,477475000.0,0.0,0.0,706950222.0438343,0.0,0.0,0.0,0.0,0.0,0.0,0.0,0.0,262.0,0.0,0.0,0.0,19.94,160,15.79,113
5211,蒙恬,資訊服務業,-0.77,210612000.0,0.0,0.0,307736071.382661,0.0,0.0,0.0,0.0,0.0,0.0,0.0,0.0,20.15,0.0,0.0,0.0,16.98,36,40.83,125
5251,天鉞電,光電業,0.04,339335000.0,8483375000.0,0.01,246167612.66660118,0.03,542.6,771.67,295.0,1066.67,8.85,32.0,16.28,28.75,0.57,0.31,1.11,32.05,22,22.04,43
5258,虹堡,電子工業,4.24,7836415000.0,1848211084.9056604,1.36,8047754067.690998,4.35,15.32,13.17,9.21,22.38,40.06,97.35,66.64,53.3,1.25,0.75,1.83,11.74,138,14.63,99
6570,維田,電腦及週邊設備業,1.29,904252000.0,700970542.6356589,0.6,1042813433.6170224,1.49,31.51,29.1,18.0,47.1,26.82,70.18,46.96,43.8,1.07,0.61,1.6,31.77,106,15.22,124
4942,嘉彰,電子工業,3.05,6065551000.0,1988705245.9016395,1.18,5807013960.141161,2.92,11.36,7.73,8.42,16.15,24.59,47.16,33.16,38.05,0.87,0.65,1.24,4.48,58,4.27,179
6425,易發,電機機械,-1.62,1408313000.0,0.0,0.0,1744691846.428623,0.0,154.22,362.04,64.78,426.82,0.0,0.0,0.0,81.3,0.0,0.0,0.0,1.08,5,46.87,152
6573,虹揚-KY,半導體業,1.23,865246000.0,703452032.5203252,0.34,638687960.3119006,0.91,14.73,9.73,9.84,19.57,8.95,17.81,13.4,12.7,1.06,0.7,1.4,42.75,167,50.45,183
5263,智崴,文化創意業,-2.83,1389771000.0,0.0,0.0,1631261694.3290803,0.0,231.38,293.12,78.55,371.67,0.0,0.0,0.0,103.5,0.0,0.0,0.0,65.57,107,8.25,8
5269,祥碩,半導體業,72.7,12907479000.0,177544415.40577716,26.14,19046051934.441948,107.27,33.45,45.6,14.61,60.21,1567.21,6458.73,3588.21,1410.0,2.54,1.11,4.58,23.82,42,13.8,34
5272,笙科,半導體業,-1.33,347822000.0,0.0,0.0,277773203.0860767,0.0,198.08,51.56,166.25,217.81,0.0,0.0,0.0,24.2,0.0,0.0,0.0,9.08,63,7.62,63
5274,信驊,半導體業,103.92,8949538000.0,86119495.76597382,61.52,13522580323.499239,157.02,85.04,145.71,34.24,179.95,5376.36,28255.75,13352.7,16955.0,0.79,0.32,1.67,68.14,107,71.64,182
4939,亞電,電子零組件業,-0.43,1421150000.0,0.0,0.0,1389158973.634333,0.0,83.39,131.52,37.65,169.17,0.0,0.0,0.0,41.5,0.0,0.0,0.0,9.91,134,41.79,182
5210,寶碩,資訊服務業,0.73,272289000.0,372998630.1369863,0.29,282072520.0851834,0.76,46.69,48.6,29.18,77.78,22.18,59.11,35.48,28.05,1.26,0.79,2.11,16.62,21,16.6,33
6561,是方,通信網路業,15.74,3936025000.0,250065120.7115629,6.57,4014221518.8278494,16.05,29.73,22.93,19.87,42.8,318.91,686.94,477.24,345.0,1.38,0.92,1.99,49.65,114,9.6,103
5206,坤悅,建材營造,3.84,3769600000.0,981666666.6666667,2.21,4468754508.353735,4.55,18.01,68.41,5.62,74.03,25.57,336.84,81.97,24.3,3.37,1.05,13.86,50.99,85,4.79,34
4977,眾達-KY,電子工業,4.5,1117417000.0,248314888.8888889,1.09,800541966.9069281,3.22,87.53,433.76,16.24,450.0,52.29,1449.0,281.85,0.0,0.0,0.0,0.0,78.47,159,43.26,123
4979,華星光,通信網路業,5.43,4315580000.0,794766114.1804788,2.03,4911280712.694281,6.18,48.35,109.5,22.73,132.23,140.47,817.18,298.83,660.0,0.45,0.21,1.24,26.69,184,52.32,137
6526,達發,電子工業,17.32,20994770000.0,1212169168.591224,5.73,21503395763.14639,17.74,45.02,95.22,23.79,119.01,422.03,2111.24,798.69,753.0,1.06,0.56,2.8,16.55,41,15.31,64
6525,捷敏-KY,電子工業,5.87,5291971000.0,901528279.3867121,2.61,5949436998.385399,6.6,14.43,7.21,10.83,18.04,71.48,119.06,95.21,106.5,0.89,0.67,1.12,14.22,168,26.02,166
6546,正基,通信網路業,2.73,2312100000.0,846923076.923077,1.09,2115827897.8719363,2.5,32.57,34.88,21.3,56.18,53.25,140.45,81.42,70.0,1.16,0.76,2.01,73.26,139,4.31,6
6547,高端疫苗,生技醫療業,-0.85,607793000.0,0.0,0.0,591376508.0793833,0.0,0.0,0.0,0.0,0.0,0.0,0.0,0.0,48.55,0.0,0.0,0.0,4.65,54,12.27,11
6523,達爾膚,生技醫療業,7.78,1155609000.0,148535861.1825193,2.86,1005484360.6343523,6.77,14.2,7.28,11.91,19.19,80.63,129.92,96.12,100.0,0.96,0.81,1.3,6.15,23,0.71,8
4987,科誠,電腦及週邊設備業,6.37,1340690000.0,210469387.75510204,2.76,1459800888.429752,6.94,12.75,6.45,9.63,16.08,66.83,111.6,88.46,81.5,1.09,0.82,1.37,27.83,113,18.9,74
4989,榮科,電子工業,-3.48,2536276000.0,0.0,0.0,4833048921.0058775,0.0,0.0,0.0,0.0,0.0,0.0,0.0,0.0,94.7,0.0,0.0,0.0,4.41,14,193.46,182
6411,晶焱,半導體業,3.18,2456141000.0,772371383.6477987,1.12,2689187930.115934,3.48,22.17,16.11,12.83,28.94,44.65,100.71,77.15,79.8,0.97,0.56,1.26,6.47,65,34.85,175
4991,環宇-KY,半導體業,0.16,2159582000.0,13497387500.0,0.09,3124320973.665876,0.23,1691.76,4588.57,371.43,4960.0,85.43,1140.8,389.11,644.0,0.6,0.13,1.77,183.11,183,109.77,176
6517,保勝光學,光電業,1.62,491220000.0,303222222.2222222,0.49,419218529.2622041,1.38,26.33,35.1,14.66,49.76,20.23,68.67,36.34,58.0,0.63,0.35,1.18,21.38,138,33.18,21
4994,傳奇,資訊服務業,1.96,1182743000.0,603440306.122449,0.87,1223800160.7385151,2.03,31.32,34.32,19.25,53.57,39.08,108.75,63.57,97.9,0.65,0.4,1.11,7.06,27,3.43,139
4995,晶達,光電業,2.24,1255787000.0,560619196.4285713,1.07,1390338668.075915,2.48,16.95,12.97,11.02,23.99,27.33,59.5,42.03,44.2,0.95,0.62,1.35,51.5,65,3.95,4
6516,勤崴國際,資訊服務業,1.52,526545000.0,346411184.2105263,0.86,688333426.0173932,1.99,52.69,34.47,33.33,67.8,66.33,134.92,104.85,58.5,1.79,1.13,2.31,7.03,70,19.75,8
4999,鑫禾,電子工業,-1.68,1927284000.0,0.0,0.0,1864060353.997968,0.0,88.11,653.6,23.4,677.0,0.0,0.0,0.0,0.0,0.0,0.0,0.0,0.0,0,0.0,0
6515,穎崴,電子工業,46.93,7384564000.0,157352738.12060517,31.13,10606408971.742897,67.41,63.95,211.7,20.85,232.55,1405.5,15676.2,4310.95,9630.0,0.45,0.15,1.63,58.89,131,195.84,174
6548,長科*,半導體業,1.63,13288729000.0,8152594478.527608,0.77,15532170024.333853,1.91,22.57,23.07,14.41,37.48,27.52,71.59,43.1,52.6,0.82,0.52,1.36,10.53,22,18.01,182
4960,誠美材,光電業,-2.59,8612063000.0,0.0,0.0,7833796425.432048,0.0,0.0,0.0,0.0,0.0,0.0,0.0,0.0,39.35,0.0,0.0,0.0,34.98,65,14.34,103
4958,臻鼎-KY,電子零組件業,6.87,178946617000.0,26047542503.63901,2.89,193971619312.70905,7.45,17.95,59.19,8.92,68.11,66.45,507.42,133.74,401.0,0.33,0.17,1.27,28.33,70,92.65,113
6512,啟發電,其他電子類,-0.78,191934000.0,0.0,0.0,123396596.51592468,0.0,0.0,0.0,0.0,0.0,0.0,0.0,0.0,19.3,0.0,0.0,0.0,55.66,27,15.06,29
6527,明達醫,生技醫療業,5.81,932292000.0,160463339.070568,2.17,837074515.4743366,5.22,17.15,11.06,11.52,22.58,60.13,117.87,89.54,71.8,1.25,0.84,1.64,16.0,142,10.49,32
4976,佳凌,電子工業,-1.88,1036181000.0,0.0,0.0,995036693.2657351,0.0,0.0,0.0,0.0,0.0,0.0,0.0,0.0,28.95,0.0,0.0,0.0,44.58,61,106.09,119
6535,順藥,生技醫療業,-2.06,40430000.0,0.0,0.0,28086327.433628317,0.0,0.0,0.0,0.0,0.0,0.0,0.0,0.0,136.0,0.0,0.0,0.0,105.31,173,102.54,131
4968,立積,半導體業,2.65,3747771000.0,1414253207.54717,1.11,3984108767.306967,2.82,237.58,839.81,37.97,877.78,107.08,2475.34,669.99,119.5,5.61,0.9,20.71,26.15,44,29.57,154
4971,IET-KY,半導體業,1.61,1057201000.0,656646583.8509316,0.84,1309751297.2420192,1.99,376.09,381.13,147.35,528.48,293.23,1051.68,748.43,688.0,1.09,0.43,1.53,41.58,153,90.98,113
6585,鼎基,其他,5.64,2856943000.0,506550177.30496454,2.65,2726382129.6726103,5.38,15.83,19.58,9.6,29.18,51.65,156.99,85.15,94.0,0.91,0.55,1.67,5.01,8,10.88,15
6541,泰福-KY,化學生技醫療,-6.21,381342000.0,0.0,0.0,1158201100.2561507,0.0,0.0,0.0,0.0,0.0,0.0,0.0,0.0,39.3,0.0,0.0,0.0,71.23,114,8.83,159
4972,湯石照明,光電業,-1.84,937469000.0,0.0,0.0,950906274.246905,0.0,39.61,26.17,28.45,54.62,0.0,0.0,0.0,16.45,0.0,0.0,0.0,1.61,69,0.0,0
6510,精測,半導體業,30.41,4865930000.0,160010851.69352186,14.19,5512732079.666807,34.45,98.25,176.78,30.64,207.42,1055.55,7145.62,3384.65,3580.0,0.95,0.29,2.0,48.06,183,157.01,145
6584,南俊國際,電子零組件業,5.59,2355997000.0,421466368.51520574,3.29,3752206345.823399,8.9,110.44,1346.52,38.1,1384.62,339.09,12323.12,982.89,669.0,1.47,0.51,18.42,28.29,62,125.87,182
6533,晶心科,電子工業,-8.19,1432983000.0,0.0,0.0,1767996013.1476824,0.0,7806.98,3312.5,6025.0,9337.5,0.0,0.0,0.0,238.5,0.0,0.0,0.0,11.73,47,13.02,138
4961,天鈺,電子工業,9.65,18325723000.0,1899038652.8497407,4.03,17050011997.992613,8.98,13.67,8.45,10.85,19.3,97.43,173.31,122.75,170.0,0.72,0.57,1.02,4.59,43,5.75,7
6542,隆中,文化創意業,0.02,861299000.0,43064950000.0,0.01,1073025791.338987,0.02,394.2,2830.91,19.09,2850.0,0.38,57.0,7.88,47.75,0.17,0.01,1.19,1.0,1,0.0,0
6532,瑞耘,半導體業,7.31,682690000.0,93391244.87004104,3.13,619765360.0808332,6.64,16.88,15.57,7.91,23.48,52.52,155.91,112.09,114.0,0.98,0.46,1.37,33.13,63,21.16,60
4973,廣穎,半導體業,2.1,4298725000.0,2047011904.7619047,1.58,6961291099.8244295,3.4,26.45,75.4,7.69,83.09,26.15,282.51,89.93,99.6,0.9,0.26,2.84,9.97,21,56.36,176
4974,亞泰,電子零組件業,5.15,3807147000.0,739251844.6601942,2.11,3376713917.5711966,4.57,13.7,12.97,10.29,23.26,47.03,106.3,62.62,73.5,0.85,0.64,1.45,63.73,128,5.86,7
6531,愛普*,電子工業,7.73,5290540000.0,684416558.8615782,5.43,10636136925.670013,15.54,48.67,104.98,19.86,124.84,308.62,1940.01,756.28,875.0,0.86,0.35,2.22,9.84,57,71.04,182
6530,創威,通信網路業,1.95,324182000.0,166247179.4871795,0.91,378410877.45139754,2.28,38.42,45.14,23.32,68.46,53.17,156.09,87.59,108.0,0.81,0.49,1.45,73.08,152,37.57,113
4966,譜瑞-KY,半導體業,34.66,16412645000.0,473532746.6820543,14.24,16175784296.574654,34.16,21.0,18.75,13.43,32.18,458.77,1099.27,717.51,669.0,1.07,0.69,1.64,17.81,42,60.59,133
6550,北極星藥業-KY,化學生技醫療,-5.1,42866000.0,0.0,0.0,97210303.36956522,0.0,0.0,0.0,0.0,0.0,0.0,0.0,0.0,17.6,0.0,0.0,0.0,5.33,54,0.23,6
5016,松和,鋼鐵工業,1.51,2055226000.0,1361076821.192053,0.48,1998358736.7465615,1.47,18.13,16.96,13.58,30.54,19.96,44.89,26.64,25.55,1.04,0.78,1.76,0.0,0,3.05,11
6588,東典光電,通信網路業,-1.76,169790000.0,0.0,0.0,381713495.19552726,0.0,0.0,0.0,0.0,0.0,0.0,0.0,0.0,143.0,0.0,0.0,0.0,12.23,169,8.73,62
5201,凱衛,資訊服務業,-0.05,301274000.0,0.0,0.0,258411750.48692653,0.0,32.32,85.91,13.16,99.07,0.0,0.0,0.0,30.4,0.0,0.0,0.0,0.0,0,0.0,0
5202,力新,資訊服務業,-0.62,164862000.0,0.0,0.0,121077556.5031983,0.0,10.74,14.71,5.18,19.89,0.0,0.0,0.0,13.05,0.0,0.0,0.0,65.82,169,0.0,0
4953,緯軟,資訊服務業,8.45,11343751000.0,1342455739.6449704,4.33,14691846185.816353,10.94,16.32,9.61,12.56,22.17,137.41,242.54,178.56,121.0,1.48,1.14,2.0,0.0,0,27.59,158
5203,訊連,資訊服務業,3.63,2427908000.0,668845179.0633609,1.48,2485629842.125718,3.72,28.07,29.82,16.71,46.53,62.16,173.09,104.42,65.6,1.59,0.95,2.64,22.68,70,6.33,27
6556,勝品,光電業,6.78,1395819000.0,205873008.84955752,2.36,1424968171.5123496,6.92,11.4,10.07,7.01,17.08,48.51,118.19,78.91,69.3,1.14,0.7,1.71,34.47,112,11.45,28
6472,保瑞,生技醫療業,27.15,20100258000.0,740340994.4751382,7.64,16670107558.323463,22.52,21.13,20.34,15.39,35.73,346.58,804.64,475.85,419.0,1.14,0.83,1.92,28.53,70,18.04,63
6558,興能高,其他電子業,-1.02,1090534000.0,0.0,0.0,919882358.5179716,0.0,2225.22,5579.29,150.71,5730.0,0.0,0.0,0.0,29.25,0.0,0.0,0.0,15.85,51,13.92,50
4952,凌通,電子工業,1.02,2122460000.0,2080843137.254902,0.49,2333536021.7249007,1.12,27.87,36.79,15.15,51.94,16.97,58.17,31.22,48.9,0.64,0.35,1.19,42.8,21,10.39,132
5015,華祺,鋼鐵工業,0.06,1529230000.0,25487166666.666668,0.02,1097219797.43657,0.04,77.63,442.09,12.91,455.0,0.52,18.2,3.11,22.95,0.14,0.02,0.79,5.3,54,0.69,56
6470,宇智,通信網路業,3.87,2036670000.0,526271317.82945734,0.82,975819284.9648725,1.85,16.88,26.41,10.44,36.85,19.31,68.17,31.23,47.8,0.65,0.4,1.43,4.68,48,17.52,7
6469,大樹,生技醫療業,4.29,18801939000.0,4382736363.636364,1.46,19535783823.297718,4.46,29.65,29.12,19.13,48.25,85.32,215.2,132.24,76.4,1.73,1.12,2.82,2.48,2,0.0,0
6465,威潤,通信網路業,0.93,232374000.0,249864516.12903225,0.59,472908409.2116182,1.89,53.29,26.51,39.3,65.81,74.28,124.38,100.73,47.75,2.11,1.56,2.6,23.78,61,29.79,27
6560,欣普羅,光電業,-0.16,161431000.0,0.0,0.0,288762456.5547857,0.0,0.0,0.0,0.0,0.0,0.0,0.0,0.0,39.8,0.0,0.0,0.0,87.7,51,61.11,18
6464,台數科,其他,4.2,4444855000.0,1058298809.5238094,1.37,4261871304.8142734,4.03,13.78,7.13,11.23,18.36,45.26,73.99,55.52,76.2,0.73,0.59,0.97,0.94,42,1.88,60
6462,神盾,半導體業,-17.52,5125214000.0,0.0,0.0,8924638609.087011,0.0,0.0,0.0,0.0,0.0,0.0,0.0,0.0,126.5,0.0,0.0,0.0,24.28,70,54.95,173
4951,精拓科,半導體業,5.98,539613000.0,90236287.62541805,2.43,558305124.744183,6.19,16.66,15.33,11.04,26.37,68.34,163.23,103.1,124.0,0.83,0.55,1.32,26.32,30,36.32,109
6538,倉和,電子零組件業,1.15,1483039000.0,1289599130.4347827,0.42,1126220819.706639,0.87,18.97,63.46,8.63,72.09,7.51,62.72,16.5,79.5,0.21,0.09,0.79,15.85,55,14.15,29
6461,益得,生技醫療業,-2.52,111107000.0,0.0,0.0,161838575.45617175,0.0,0.0,0.0,0.0,0.0,0.0,0.0,0.0,16.95,0.0,0.0,0.0,17.58,98,22.56,39
6582,申豐,橡膠工業,-0.4,916756000.0,0.0,0.0,345374275.58044475,0.0,339.02,717.53,30.47,748.0,0.0,0.0,0.0,31.7,0.0,0.0,0.0,43.44,61,0.36,13
6474,華豫寧,電子通路業,3.5,947872000.0,270820571.4285714,0.0,0.0,0.0,10.62,1.76,10.06,11.82,0.0,0.0,0.0,40.0,0.0,0.0,0.0,33.33,69,44.7,69
6477,安集,電子工業,0.02,864073000.0,43203650000.0,0.01,1172881649.1871707,0.03,722.32,1952.29,30.21,1982.5,0.91,59.47,21.67,35.05,0.62,0.03,1.7,25.67,55,53.1,110
6509,聚和,化學工業,2.87,4865391000.0,1695258188.15331,1.02,5107520399.819224,3.01,14.37,8.95,9.5,18.45,28.6,55.53,43.24,44.65,0.97,0.64,1.24,20.16,63,8.76,7
6508,惠光,農業科技業,0.27,1401564000.0,5190977777.777778,0.14,1411277754.6275485,0.27,52.64,86.3,23.08,109.38,6.23,29.53,14.21,24.5,0.58,0.25,1.21,4.05,51,5.45,7
6552,易華電,半導體業,-14.35,1499491000.0,0.0,0.0,975825508.4974064,0.0,101.91,511.62,45.05,556.67,0.0,0.0,0.0,29.6,0.0,0.0,0.0,26.15,41,11.25,103
5007,三星,鋼鐵工業,3.02,6183145000.0,2047399006.6225166,1.02,5764007456.708985,2.82,16.69,8.48,14.05,22.53,39.62,63.53,47.07,58.0,0.81,0.68,1.1,2.97,86,3.06,54
5009,榮剛,鋼鐵工業,2.2,11632507000.0,5287503181.818181,0.72,10970923410.84362,2.07,12.36,11.77,7.95,19.72,16.46,40.82,25.59,36.5,0.7,0.45,1.12,2.38,2,2.54,7
6505,台塑化,油電燃氣業,1.04,625336454000.0,601285051923.0769,0.46,636400420628.7538,1.06,55.12,77.11,17.11,94.22,18.14,99.87,58.43,53.0,1.1,0.34,1.88,0.0,0,28.21,183
6504,南六,其他,-1.09,6690185000.0,0.0,0.0,6320459250.1218815,0.0,114.93,309.56,27.11,336.67,0.0,0.0,0.0,39.8,0.0,0.0,0.0,5.17,6,11.62,53
6499,益安,生技醫療業,-7.24,407417000.0,0.0,0.0,486300353.9953532,0.0,0.0,0.0,0.0,0.0,0.0,0.0,0.0,82.8,0.0,0.0,0.0,24.24,55,155.73,60
6498,久禾光,光電業,6.47,962397000.0,148747604.32766616,3.94,3020923636.731461,20.31,16.4,9.32,13.09,22.41,265.86,455.15,333.09,95.4,3.49,2.79,4.77,37.5,169,49.03,32
5011,久陽,鋼鐵工業,-1.61,5105270000.0,0.0,0.0,4317257795.277585,0.0,17.71,16.03,12.09,28.12,0.0,0.0,0.0,14.6,0.0,0.0,0.0,9.36,99,4.48,6
6496,科懋,生技醫療業,-3.96,866250000.0,0.0,0.0,1005170166.8397818,0.0,0.0,0.0,0.0,0.0,0.0,0.0,0.0,24.45,0.0,0.0,0.0,29.89,54,17.74,127
5013,強新,鋼鐵工業,1.45,7819837000.0,5392991034.4827585,0.62,7768552999.767907,1.44,18.72,7.71,15.99,23.7,23.03,34.13,26.95,28.25,0.95,0.82,1.21,0.28,70,16.52,147
6492,生華科,生技醫療業,-2.97,1074000.0,0.0,0.0,1030215.8273381295,0.0,0.0,0.0,0.0,0.0,0.0,0.0,0.0,51.4,0.0,0.0,0.0,49.52,71,56.6,166
6491,晶碩,生技醫療業,20.87,7034551000.0,337065213.2247245,9.45,8070915335.449399,23.94,15.37,11.68,12.44,24.12,297.81,577.43,367.94,283.0,1.3,1.05,2.04,3.96,6,2.59,6
5014,建錩,鋼鐵工業,-2.36,14745203000.0,0.0,0.0,16502390533.954899,0.0,23.27,98.89,9.32,108.21,0.0,0.0,0.0,9.43,0.0,0.0,0.0,31.02,149,7.84,12
6488,環球晶,半導體業,15.3,60583311000.0,3959693529.4117646,4.92,56000289285.66312,14.14,22.02,41.04,10.82,51.86,152.99,733.3,311.31,802.0,0.39,0.19,0.91,15.82,61,76.8,166
6486,互動,通信網路業,5.77,2435298000.0,422062045.06065863,3.2,3154493995.119096,7.47,14.4,5.23,11.98,17.21,89.49,128.56,107.57,83.3,1.29,1.07,1.54,4.15,61,5.15,50
4956,光鋐,電子工業,-0.8,1359151000.0,0.0,0.0,1500073773.1739535,0.0,0.0,0.0,0.0,0.0,0.0,0.0,0.0,49.0,0.0,0.0,0.0,123.21,168,13.5,35
6485,點序,半導體業,0.71,1448753000.0,2040497183.0985916,0.29,1319248889.927384,0.65,299.64,505.7,108.59,614.29,70.58,399.29,194.76,82.6,2.36,0.85,4.83,5.08,21,61.96,161
6482,弘煜科,文化創意業,2.51,516642000.0,205833466.13545817,0.62,333016576.397629,1.62,19.93,21.12,10.82,31.94,17.53,51.74,32.28,29.9,1.08,0.59,1.73,15.08,23,0.0,0
6494,九齊,半導體業,-0.93,1176236000.0,0.0,0.0,1530751159.767673,0.0,19.12,26.94,12.45,39.39,0.0,0.0,0.0,55.8,0.0,0.0,0.0,2.68,21,2.45,12
6125,廣運,光電業,0.1,3263584000.0,32635840000.0,0.03,4270526521.898388,0.13,210.37,565.34,26.66,592.0,3.47,76.96,27.35,59.1,0.46,0.06,1.3,54.42,26,36.85,102
5299,杰力,半導體業,4.58,1515551000.0,330906331.87772924,1.92,1400754863.6581378,4.23,17.82,14.17,11.13,25.3,47.08,107.02,75.38,92.2,0.82,0.51,1.16,20.24,64,2.13,176
5876,上海商銀,金融保險,3.06,54529641000.0,17820144117.64706,1.01,52014546061.124115,2.92,15.38,8.14,12.34,20.48,36.03,59.8,44.9,38.9,1.15,0.93,1.54,2.36,14,2.81,19
5871A,中租-KY甲特,其他,0.0,0.0,0.0,0.0,0.0,0.0,0.0,0.0,0.0,0.0,0.0,0.0,0.0,102.5,0.0,0.0,0.0,1.13,68,3.0,71
5871,中租-KY,其他,11.24,97807317000.0,8701718594.30605,3.71,95013032133.0746,10.92,10.13,4.48,7.63,12.11,83.32,132.24,110.67,112.5,0.98,0.74,1.18,8.55,152,10.59,70
5864,致和證,金融業,2.56,996266000.0,389166406.25,0.0,0.0,0.0,11.32,29.57,4.32,33.89,0.0,0.0,0.0,34.9,0.0,0.0,0.0,4.4,2,26.56,182
5878,台名,金融業,2.86,878908000.0,307310489.5104895,1.01,897087166.656265,2.92,18.12,8.8,14.2,23.0,41.46,67.16,52.91,40.7,1.3,1.02,1.65,3.1,27,0.0,0
5609,中菲行,航運業,8.0,29430867000.0,3678858375.0,3.4,30002873285.898357,8.16,11.73,4.99,9.71,14.7,79.23,119.95,95.73,79.6,1.2,1.0,1.51,5.1,5,8.14,26
5608,四維航,航運業,-0.12,3208452000.0,0.0,0.0,3108707463.7767878,0.0,0.0,0.0,0.0,0.0,0.0,0.0,0.0,15.15,0.0,0.0,0.0,21.91,29,21.91,103
5607,遠雄港,航運業,2.78,4051816000.0,1457487769.7841728,1.41,5442412357.042032,3.73,20.93,12.47,14.86,27.33,55.43,101.94,78.07,51.9,1.5,1.07,1.96,7.99,71,46.61,96
5603,陸海,航運業,0.4,1398865000.0,3497162500.0,0.13,1305908998.3556867,0.37,62.17,330.62,11.05,341.67,4.09,126.42,23.0,15.85,1.45,0.26,7.98,47.19,173,4.79,13
5601,台聯櫃,航運業,0.42,93551000.0,222740476.1904762,0.18,94049649.594438,0.42,89.17,28.27,72.5,100.77,30.45,42.32,37.45,35.35,1.06,0.86,1.2,2.59,180,0.0,0
5880,合庫金,金融保險,1.36,72176581000.0,53071015441.17647,0.43,73006626394.4093,1.38,19.97,6.41,16.58,22.99,22.88,31.73,27.56,23.05,1.2,0.99,1.38,1.87,85,6.68,90
6176,瑞儀,光電業,9.41,49402266000.0,5249975132.837407,3.12,47649964485.61214,9.08,12.53,7.73,8.83,16.56,80.18,150.36,113.76,104.5,1.09,0.77,1.44,6.81,35,12.11,35
6023,元大期,金融業,8.45,3633121000.0,429955147.9289941,4.24,4287904548.2718787,9.97,12.03,3.49,10.23,13.72,101.99,136.79,119.97,100.0,1.2,1.02,1.37,9.78,20,10.28,182
6177,達麗,建材營造,3.83,3745752000.0,978003133.1592689,11.29,41311359623.06367,42.24,11.41,8.32,7.39,15.71,312.15,663.59,482.0,46.8,10.3,6.67,14.18,9.4,76,9.28,132
6179,亞通,其他,0.05,5085287000.0,101705740000.0,0.02,4192557515.10998,0.04,125.88,492.94,15.06,508.0,0.6,20.32,5.04,23.7,0.21,0.03,0.86,14.96,58,46.31,137
6180,橘子,文化創意業,-1.53,8817865000.0,0.0,0.0,8284479918.88837,0.0,17.35,52.31,5.53,57.84,0.0,0.0,0.0,39.25,0.0,0.0,0.0,8.83,6,0.0,0
6182,合晶,半導體業,0.08,9636039000.0,120450487500.0,0.03,10726940487.80312,0.09,590.04,2498.05,36.95,2535.0,3.33,228.15,53.1,56.9,0.93,0.06,4.01,7.86,58,79.0,166
6021,美好證,金融業,3.75,2015939000.0,537583733.3333334,0.0,0.0,0.0,17.77,21.47,7.65,29.12,0.0,0.0,0.0,34.95,0.0,0.0,0.0,57.58,43,27.43,182
6183,關貿,資訊服務業,3.9,2735238000.0,701343076.923077,1.77,2928292190.0613174,4.18,25.41,11.07,22.67,33.74,94.76,141.03,106.2,92.7,1.15,1.02,1.52,11.37,184,6.57,102
6020,大展證,金融業,0.38,271592000.0,714715789.4736842,0.9,2633150280484.8486,3684.19,42.14,71.59,14.5,86.09,53420.76,317171.92,155240.29,21.35,7271.21,2502.14,14855.83,3.69,62,0.79,1
6016,康和證,金融業,1.92,3881404000.0,2021564583.3333335,2.8,82841214569.33107,40.98,28.68,128.69,6.31,135.0,258.58,5532.3,1175.15,21.9,53.66,11.81,252.62,6.92,61,15.25,152
6015,宏遠證,金融業,0.76,1429585000.0,1881032894.7368422,0.83,8082652069.017697,4.3,61.41,273.49,9.01,282.5,38.74,1214.75,264.07,16.15,16.35,2.4,75.22,7.63,47,10.73,152
6005,群益證,金融保險,2.64,18678452000.0,7075171212.121212,1.28,31452400859.342396,4.45,11.36,4.61,9.11,13.72,40.54,61.05,50.56,30.55,1.65,1.33,2.0,9.52,9,0.74,4
5907,大洋-KY,貿易百貨,-4.55,2793027000.0,0.0,0.0,2391638254.1317906,0.0,0.0,0.0,0.0,0.0,0.0,0.0,0.0,5.3,0.0,0.0,0.0,48.46,168,2.57,5
5906,台南-KY,貿易百貨,1.0,1692931000.0,1692931000.0,0.34,1533199153.0572212,0.91,33.42,32.69,18.94,51.63,17.24,46.98,30.42,47.3,0.64,0.36,0.99,0.0,0,0.0,0
6175,立敦,電子零組件業,2.67,4125713000.0,1545210861.423221,1.26,4470962044.981602,2.89,15.43,16.96,8.79,25.75,25.4,74.42,44.6,68.3,0.65,0.37,1.09,13.33,79,51.19,172
5548,安倉,建材營造,2.04,2476373000.0,1213908333.3333333,0.75,2760861687.5109034,2.27,13.5,9.52,8.96,18.48,20.34,41.95,30.65,23.5,1.3,0.87,1.79,2.15,113,0.0,0
5547,久舜,建材營造,3.14,291501000.0,92834713.37579617,0.0,0.0,0.0,7.8,2.14,6.83,8.97,0.0,0.0,0.0,21.75,0.0,0.0,0.0,7.4,7,4.47,7
5531,鄉林,建材營造,-0.28,3568155000.0,0.0,0.0,242837307.70923302,0.0,53.62,47.19,34.23,81.42,0.0,0.0,0.0,8.47,0.0,0.0,0.0,0.0,0,3.23,4
5530,龍巖,其他,2.74,4023918000.0,1468583211.678832,0.95,3827234580.533139,2.61,16.61,11.74,13.31,25.05,34.74,65.38,43.35,45.25,0.96,0.77,1.44,35.2,47,0.0,0
5529,鉅陞,建材營造,2.02,78043000.0,38635148.51485149,31.43,4319193948.721455,111.79,12.19,3.01,10.87,13.88,1215.16,1551.65,1363.15,21.95,62.1,55.36,70.69,28.27,69,3.59,1
6197,佳必琪,電子工業,8.67,7512846000.0,866533564.0138408,3.96,8694463046.672228,10.03,19.94,19.34,11.8,31.14,118.35,312.33,199.95,218.5,0.92,0.54,1.43,31.44,49,32.72,118
5525,順天,建材營造,1.4,747859000.0,534185000.00000006,7.31,12809309486.718525,23.98,23.19,38.32,9.6,47.92,230.21,1149.12,556.11,23.5,23.66,9.8,48.9,21.84,83,3.59,12
5523,豐謙,建材營造,-0.08,5246000.0,0.0,0.0,5266886.529528866,0.0,23.93,47.14,9.22,56.36,0.0,0.0,0.0,30.35,0.0,0.0,0.0,0.0,0,0.16,1
5533,皇鼎,建材營造,0.56,1128405000.0,2015008928.5714283,0.23,1214350042.1293035,0.6,14.79,18.2,8.14,26.34,4.88,15.8,8.87,14.05,0.63,0.35,1.12,0.0,0,0.82,13
5522,遠雄,建材營造,7.45,28122985000.0,3774897315.4362416,2.5,193228836521.34814,51.19,19.28,26.56,8.98,35.54,459.69,1819.29,987.0,70.0,14.1,6.57,25.99,17.24,27,25.46,34
5520,力泰,建材營造,9.97,4226492000.0,423920962.888666,3.77,3941619546.667599,9.3,9.22,3.24,7.87,11.11,73.19,103.32,85.74,81.2,1.06,0.9,1.27,4.2,2,20.76,102
5519,隆大,建材營造,4.96,6014678000.0,1212636693.548387,0.95,3962156420.5983133,3.27,8.51,8.57,4.52,13.09,14.78,42.8,27.84,33.1,0.84,0.45,1.29,33.77,85,3.1,18
5516,雙喜,建材營造,0.17,1938290000.0,11401705882.35294,0.09,3321300232.464393,0.29,75.25,12.81,68.44,81.25,19.85,23.56,21.82,10.7,2.04,1.86,2.2,0.0,0,0.0,0
6199,天品,其他,0.32,226939000.0,709184375.0,0.54,2156044025.607403,3.04,223.52,595.04,60.22,655.26,183.07,1991.99,679.5,96.0,7.08,1.91,20.75,150.87,184,16.36,18
6201,亞弘電,其他電子業,3.71,3442014000.0,927766576.819407,1.05,2815211039.599222,3.03,12.75,4.6,10.9,15.5,33.03,46.96,38.62,50.6,0.76,0.65,0.93,5.84,61,7.45,85
5515,建國,建材營造,4.48,7364521000.0,1643866294.642857,1.63,8273346936.93542,5.03,10.08,10.17,7.63,17.8,38.38,89.53,50.72,39.95,1.27,0.96,2.24,6.37,83,0.84,4
5521,工信,建材營造,0.51,8867276000.0,17386815686.27451,0.18,9729968632.588964,0.56,131.78,645.77,21.73,667.5,12.17,373.8,73.8,11.55,6.39,1.05,32.36,0.0,0,13.08,182
6196,帆宣,電子工業,15.43,51843750000.0,3359931950.7453012,7.73,58281870440.32548,17.35,18.56,14.84,12.02,26.86,208.55,466.02,321.97,410.0,0.79,0.51,1.14,12.74,58,67.58,125
5534,長虹,建材營造,6.0,9314448000.0,1552408000.0,2.35,7240691501.529431,4.66,12.82,14.38,9.68,24.06,45.11,112.12,59.76,78.4,0.76,0.58,1.43,17.06,85,6.08,8
6185,幃翔,電子零組件業,0.22,532272000.0,2419418181.818182,0.11,609782262.0270412,0.25,110.12,276.4,25.27,301.67,6.32,75.42,27.53,13.85,1.99,0.46,5.45,4.6,61,3.45,1
6186,新潤,建材營造,8.46,9642257000.0,1139746690.3073285,3.21,7963507535.116418,6.99,12.55,28.3,3.83,32.13,26.77,224.59,87.7,39.95,2.2,0.67,5.62,35.16,103,11.32,117
5546,永固-KY,建材營造,-2.13,2087510000.0,0.0,0.0,851418383.330274,0.0,171.78,18.82,160.0,178.82,0.0,0.0,0.0,16.55,0.0,0.0,0.0,2.42,12,3.92,19
5543,桓鼎-KY,建材營造,-2.51,3144157000.0,0.0,0.0,3420155024.787783,0.0,0.0,0.0,0.0,0.0,0.0,0.0,0.0,29.3,0.0,0.0,0.0,3.21,6,0.0,0
6188,廣明,電腦及週邊設備業,3.61,9625341000.0,2666299445.9833794,1.35,8501132744.089735,3.19,31.82,25.36,21.21,46.57,67.66,148.56,101.5,83.7,1.21,0.81,1.77,31.61,26,61.29,140
6189,豐藝,電子工業,2.86,29937615000.0,10467697552.447554,1.19,27974643169.519108,2.67,15.47,13.94,8.54,22.48,22.8,60.02,41.31,49.0,0.84,0.47,1.22,23.75,57,12.36,71
6190,萬泰科,通信網路業,2.2,8547190000.0,3885086363.6363635,1.09,9956502338.069977,2.56,21.08,21.93,12.32,34.25,31.54,87.68,53.97,79.9,0.68,0.39,1.1,20.05,41,39.84,102
6191,精成科,電子工業,6.54,32161694000.0,4917690214.067278,3.21,50718332754.019936,10.31,13.66,16.45,7.97,24.42,82.17,251.77,140.84,95.5,1.47,0.86,2.64,2.4,57,120.63,118
6192,巨路,其他電子業,10.07,7144455000.0,709479145.9781529,4.84,8136077254.944997,11.47,11.18,5.97,8.4,14.37,96.35,164.82,128.22,124.0,1.03,0.78,1.33,13.6,40,18.29,113
5538,東明-KY,鋼鐵工業,3.02,12673987000.0,4196684437.0860925,1.36,13286712966.74907,3.17,15.96,35.91,9.61,45.52,30.46,144.3,50.58,31.15,1.62,0.98,4.63,30.69,149,5.3,54
6194,育富,電子零組件業,2.19,1398436000.0,638555251.1415526,0.72,1029635645.3941687,1.61,11.12,8.48,6.89,15.37,11.09,24.75,17.9,32.3,0.55,0.34,0.77,41.09,127,11.85,165
5536,聖暉*,其他電子類,28.42,41109272000.0,1446490921.8859956,10.82,52603210917.56178,36.37,22.81,28.94,13.54,42.48,492.45,1545.0,829.74,860.0,0.96,0.57,1.8,74.52,173,158.53,124
6184,大豐電,其他,2.58,2154296000.0,834998449.612403,0.88,2203948918.959108,2.64,15.02,5.76,13.21,18.97,34.87,50.08,39.65,46.7,0.85,0.75,1.07,2.39,40,3.51,98
6024,群益期,金融保險,5.48,2946386000.0,537661678.8321167,1.85,2250058061.359764,4.18,10.45,4.83,7.71,12.54,32.23,52.42,43.68,58.2,0.75,0.55,0.9,3.52,5,4.37,35
6174,安碁,電子零組件業,0.65,602691000.0,927216923.076923,0.3,721123852.1973985,0.78,43.15,71.13,21.67,92.8,16.9,72.38,33.65,41.0,0.82,0.41,1.77,8.26,61,23.85,165
6173,信昌電,電子零組件業,3.25,4034265000.0,1241312307.6923077,1.41,4452762769.610006,3.59,19.21,23.86,10.19,34.05,36.58,122.24,68.98,122.0,0.57,0.3,1.0,20.79,70,75.78,179
6140,訊達,資訊服務業,-2.01,2476215000.0,0.0,0.0,1702068359.1668475,0.0,41.56,244.6,21.76,266.36,0.0,0.0,0.0,23.25,0.0,0.0,0.0,33.33,43,9.32,13
6141,柏承,電子工業,-4.65,1834584000.0,0.0,0.0,1756524919.6486526,0.0,0.0,0.0,0.0,0.0,0.0,0.0,0.0,33.1,0.0,0.0,0.0,0.0,0,54.65,99
6142,友勁,通信網路業,-0.26,1786173000.0,0.0,0.0,1758388761.0613601,0.0,0.0,0.0,0.0,0.0,0.0,0.0,0.0,8.73,0.0,0.0,0.0,43.68,173,27.72,120
6118,建達,電子通路業,0.4,9901791000.0,24754477500.0,0.14,11274947693.376217,0.46,42.79,76.44,25.3,101.74,11.64,46.8,19.68,17.55,1.12,0.66,2.67,14.1,69,54.55,112
6143,振曜,通信網路業,6.46,8607320000.0,1332402476.7801857,2.66,9735540798.091698,7.31,20.02,15.87,13.48,29.35,98.54,214.55,146.37,92.0,1.59,1.07,2.33,23.72,113,48.29,124
6139,亞翔,電子工業,30.49,70821098000.0,2322764775.336176,16.53,131056439788.55377,56.42,17.27,19.32,9.46,28.78,533.73,1623.77,974.23,714.0,1.36,0.75,2.27,4.31,57,97.13,182
6117,迎廣,電腦及週邊設備業,3.77,3198480000.0,848403183.0238727,1.69,3685406678.217559,4.34,28.6,73.64,15.58,89.22,67.62,387.21,124.11,80.7,1.54,0.84,4.8,80.62,26,38.15,54
6144,得利影,文化創意業,-0.36,172362000.0,0.0,0.0,157618481.56326818,0.0,0.0,0.0,0.0,0.0,0.0,0.0,0.0,14.3,0.0,0.0,0.0,449.11,160,5.93,1
6116,彩晶,電子工業,-0.75,11477038000.0,0.0,0.0,11721856718.554077,0.0,0.0,0.0,0.0,0.0,0.0,0.0,0.0,9.2,0.0,0.0,0.0,1.48,14,13.42,140
6146,耕興,其他電子類,10.78,4489524000.0,416467903.5250464,4.76,4758451972.716455,11.43,15.99,9.58,12.56,22.14,143.56,253.06,182.71,217.5,0.84,0.66,1.16,1.24,23,11.76,125
6147,頎邦,半導體業,3.73,21413608000.0,5740913672.922252,1.7,24082216871.36591,4.19,13.86,46.67,9.62,56.29,40.31,235.86,58.07,198.0,0.29,0.2,1.19,4.88,14,5.85,7
6148,驊宏資,資訊服務業,1.36,968037000.0,711791911.7647058,0.36,564003492.9113549,0.79,27.86,37.09,11.95,49.04,9.44,38.74,22.01,31.6,0.7,0.3,1.23,3.32,69,0.0,0
6150,撼訊,電腦及週邊設備業,2.62,7670408000.0,2927636641.221374,0.82,5882928011.270402,2.01,219.36,324.2,20.3,344.5,40.8,692.44,440.92,70.9,6.22,0.58,9.77,9.48,183,37.89,158
6120,達運,光電業,-0.19,17216314000.0,0.0,0.0,16328942832.46366,0.0,40.08,33.93,24.61,58.54,0.0,0.0,0.0,12.9,0.0,0.0,0.0,6.07,20,11.5,161
6138,茂達,半導體業,13.04,7357134000.0,564197392.6380368,5.84,8410535946.515012,14.91,19.74,17.19,12.74,29.93,189.95,446.26,294.25,260.5,1.13,0.73,1.71,5.25,20,53.29,179
6124,業強,電子零組件業,-0.98,1808813000.0,0.0,0.0,2011284286.2889545,0.0,0.0,0.0,0.0,0.0,0.0,0.0,0.0,30.8,0.0,0.0,0.0,17.69,166,31.14,68
6126,信音,電子零組件業,0.72,3836487000.0,5328454166.666667,0.41,5450384036.369663,1.02,29.92,28.72,19.03,47.75,19.41,48.7,30.51,32.0,0.95,0.61,1.52,29.89,65,35.1,154
6127,九豪,電子零組件業,0.46,978519000.0,2127215217.3913043,0.2,956708379.5524384,0.45,141.16,339.55,32.12,371.67,14.45,167.25,63.52,48.05,1.32,0.3,3.48,36.53,61,75.27,166
6128,上福,電子工業,-9.56,5257403000.0,0.0,0.0,5195380363.638458,0.0,11.77,3.76,10.18,13.94,0.0,0.0,0.0,20.5,0.0,0.0,0.0,6.73,27,0.31,1
6129,普誠,半導體業,-1.09,1113905000.0,0.0,0.0,1521745524.5549672,0.0,0.0,0.0,0.0,0.0,0.0,0.0,0.0,16.15,0.0,0.0,0.0,12.27,21,53.33,118
6130,上亞科技,生技醫療業,-1.72,155618000.0,0.0,0.0,150081714.73192537,0.0,0.0,0.0,0.0,0.0,0.0,0.0,0.0,23.7,0.0,0.0,0.0,37.78,69,45.22,57
6133,金橋,電子工業,0.73,1370459000.0,1877341095.890411,0.25,1593828427.914545,0.85,46.54,136.44,18.56,155.0,15.78,131.75,39.56,21.95,1.8,0.72,6.0,94.87,173,37.41,104
6122,擎邦,電機機械,4.78,4104869000.0,858759205.0209205,1.58,4125145967.815842,4.8,10.5,6.05,8.27,14.32,39.7,68.74,50.42,49.25,1.02,0.81,1.4,0.0,0,8.53,74
6134,萬旭,電子零組件業,0.12,1862157000.0,15517975000.0,0.06,2718257618.814582,0.18,323.31,793.36,64.14,857.5,11.55,154.35,58.2,33.25,1.75,0.35,4.64,111.03,161,33.65,99
6121,新普,電腦及週邊設備業,30.6,80560816000.0,2632706405.228758,12.63,85641342994.57695,32.53,12.56,4.68,10.08,14.76,327.9,480.14,408.61,390.0,1.05,0.84,1.23,0.81,49,13.74,89
6136,富爾特,通信網路業,0.88,605803000.0,688412500.0,0.36,835939036.4889565,1.21,26.42,16.33,22.88,39.21,27.68,47.44,31.96,25.95,1.23,1.07,1.83,6.58,58,1.23,6
6590,普鴻,資訊服務業,5.48,672156000.0,122656204.37956204,2.28,677461201.8104501,5.52,14.35,6.22,11.82,18.04,65.25,99.58,79.19,69.5,1.14,0.94,1.43,1.12,8,12.22,103
6115,鎰勝,電子零組件業,2.85,7433274000.0,2608166315.7894735,1.27,8031039980.520937,3.08,16.23,6.6,13.15,19.75,40.5,60.83,50.0,47.85,1.04,0.85,1.27,7.61,57,3.72,56
6151,晉倫,其他電子類,1.16,1695815000.0,1461909482.7586207,0.53,1840269477.7221282,1.26,23.76,25.85,17.06,42.91,21.5,54.07,29.94,37.05,0.81,0.58,1.46,140.08,180,12.9,102
6152,百一,通信網路業,-1.47,1585496000.0,0.0,0.0,1766883939.3053439,0.0,163.16,52.0,145.5,197.5,0.0,0.0,0.0,13.5,0.0,0.0,0.0,97.5,127,12.57,89
6104,創惟,半導體業,5.62,4008734000.0,713297864.7686833,2.44,4051768328.7891026,5.68,42.07,75.57,14.34,89.91,81.45,510.69,238.96,102.0,2.34,0.8,5.01,66.32,168,23.63,8
6103,合邦,半導體業,-0.56,84771000.0,0.0,0.0,101329171.60832003,0.0,574.7,3912.23,12.77,3925.0,0.0,0.0,0.0,40.0,0.0,0.0,0.0,0.0,0,9.88,34
6101,寬魚國際,文化創意業,-0.19,1024378000.0,0.0,0.0,4446556150.257482,0.0,127.37,196.6,46.93,243.53,0.0,0.0,0.0,39.2,0.0,0.0,0.0,9.1,105,7.81,92
6028,公勝保經,金融業,8.27,0.0,0.0,0.0,0.0,0.0,10.48,1.51,9.97,11.48,0.0,0.0,0.0,78.7,0.0,0.0,0.0,83.48,153,0.0,0
6166,凌華,電子工業,2.35,12101599000.0,5149616595.74468,1.18,14648067295.192558,2.84,257.41,1223.29,23.38,1246.67,66.4,3540.54,731.04,87.3,8.37,0.76,40.56,35.66,20,5.02,11
6167,久正,光電業,-0.03,1173851000.0,0.0,0.0,1532211118.0887969,0.0,154.35,721.44,11.06,732.5,0.0,0.0,0.0,12.2,0.0,0.0,0.0,14.1,26,33.89,32
6168,宏齊,光電業,0.05,2056765000.0,41135300000.0,0.02,2218653281.910298,0.05,495.66,1851.37,38.63,1890.0,1.93,94.5,24.78,26.1,0.95,0.07,3.62,7.98,20,50.15,117
6169,昱泉,文化創意業,-2.43,34318000.0,0.0,0.0,5934556.280464942,0.0,0.0,0.0,0.0,0.0,0.0,0.0,0.0,16.6,0.0,0.0,0.0,17.39,49,6.57,13
6170,統振,通信網路業,4.5,3183535000.0,707452222.2222222,1.54,3211496069.206868,4.54,16.21,19.82,9.73,29.55,44.17,134.16,73.59,51.9,1.42,0.85,2.58,9.73,41,7.19,102
6171,大城地產,建材營造,3.82,1222473000.0,320019109.947644,0.33,2062727679.4076252,6.45,8.82,20.83,3.19,24.02,20.58,154.93,56.88,24.35,2.34,0.85,6.36,32.43,85,3.26,64
6026,福邦證,金融業,1.72,1113064000.0,647130232.5581396,0.62,1551194405.3834147,2.4,19.96,79.06,7.01,86.07,16.82,206.57,47.9,16.8,2.85,1.0,12.3,1.88,63,5.37,29
6108,競國,電子工業,-0.88,4214668000.0,0.0,0.0,4230139437.7706065,0.0,33.4,64.93,7.75,72.68,0.0,0.0,0.0,21.8,0.0,0.0,0.0,7.84,20,8.62,98
6164,華興,電子工業,0.07,754335000.0,10776214285.714285,0.03,669326896.6066397,0.06,71.84,175.25,16.18,191.43,0.97,11.49,4.31,12.45,0.35,0.08,0.92,18.49,58,1.67,6
6153,嘉聯益,電子工業,-4.38,5515837000.0,0.0,0.0,4993366027.666303,0.0,0.0,0.0,0.0,0.0,0.0,0.0,0.0,18.35,0.0,0.0,0.0,28.72,61,39.33,167
6114,久威,電子零組件業,2.66,897454000.0,337388721.80451125,0.98,702854710.6464237,2.08,26.88,77.61,7.05,84.66,14.66,176.09,55.91,31.0,1.8,0.47,5.68,77.57,120,23.19,18
6113,亞矽,電子通路業,-0.25,646000000.0,0.0,0.0,797688560.8319395,0.0,318.29,515.93,84.07,600.0,0.0,0.0,0.0,24.55,0.0,0.0,0.0,3.82,21,2.56,13
6154,順發,電子通路業,0.51,3894760000.0,7636784313.72549,0.18,4162859635.258928,0.55,32.46,298.56,19.44,318.0,10.69,174.9,17.85,12.95,1.38,0.83,13.51,1.48,30,1.32,27
6112,邁達特,電子工業,1.82,21632169000.0,11885807142.857143,0.86,26816602347.884888,2.26,804.03,5690.6,19.4,5710.0,43.84,12904.6,1817.11,44.35,40.97,0.99,290.97,19.97,69,16.6,62
6155,鈞寶,電子工業,0.74,621894000.0,840397297.2972974,0.34,685891042.8832116,0.82,69.47,299.65,18.35,318.0,15.05,260.76,56.96,53.2,1.07,0.28,4.9,22.0,70,43.57,172
6156,松上,電子零組件業,0.44,4962621000.0,11278684090.90909,0.16,4934012515.143619,0.44,19.04,37.91,9.65,47.56,4.25,20.93,8.38,19.45,0.43,0.22,1.08,77.26,173,17.12,70
6111,光聚晶電,文化創意業,-4.62,7140131000.0,0.0,0.0,15896209302.988811,0.0,741.84,1839.4,57.27,1896.67,0.0,0.0,0.0,48.45,0.0,0.0,0.0,8.69,50,0.0,0
6158,禾昌,電子零組件業,0.11,1823143000.0,16574027272.727272,0.04,1707515057.746854,0.1,33.79,170.8,15.56,186.36,1.56,18.64,3.38,18.5,0.18,0.08,1.01,16.67,168,9.21,15
6160,欣技,電腦及週邊設備業,-1.19,1229032000.0,0.0,0.0,1097047764.9940763,0.0,0.0,0.0,0.0,0.0,0.0,0.0,0.0,16.55,0.0,0.0,0.0,70.07,58,16.82,34
6161,捷波,電腦及週邊設備業,2.71,1391277000.0,513386346.86346865,0.86,1629056677.2960577,3.17,16.32,13.76,11.37,25.13,36.04,79.66,51.72,44.3,1.17,0.81,1.8,48.92,27,35.48,137
6163,華電網,通信網路業,0.75,5679673000.0,7572897333.333333,0.43,8231851343.195699,1.09,353.15,2712.55,12.45,2725.0,13.57,2970.25,384.93,57.2,6.73,0.24,51.93,32.57,139,19.35,179
6109,亞元,通信網路業,-0.94,758747000.0,0.0,0.0,993672628.1428279,0.0,135.61,96.46,50.54,147.0,0.0,0.0,0.0,12.55,0.0,0.0,0.0,4.55,153,39.11,162
5514,三豐,建材營造,-0.14,684937000.0,0.0,0.0,672431048.7657437,0.0,81.85,121.34,40.66,162.0,0.0,0.0,0.0,15.55,0.0,0.0,0.0,5.65,83,0.52,6
5512,力麒,建材營造,0.17,6947963000.0,40870370588.23529,0.06,7024400110.647973,0.17,56.29,60.42,25.0,85.42,4.25,14.52,9.57,6.97,1.37,0.61,2.08,14.4,72,0.0,0
6202,盛群,半導體業,0.76,3073437000.0,4043996052.631579,0.33,3239641387.0883074,0.8,196.33,433.15,58.39,491.54,46.71,393.23,157.07,55.2,2.85,0.85,7.12,7.39,61,8.6,14
6269,台郡,電子零組件業,-6.95,22414698000.0,0.0,0.0,23142552831.88745,0.0,29.93,46.35,12.99,59.34,0.0,0.0,0.0,63.2,0.0,0.0,0.0,2.12,5,34.18,111
6270,倍微,電子通路業,1.08,2772394000.0,2567031481.481481,0.36,2686211855.53807,1.05,52.59,108.84,15.99,124.83,16.79,131.07,55.22,27.65,2.0,0.61,4.74,61.42,70,0.21,90
6271,同欣電,半導體業,7.64,11595081000.0,1517680759.1623037,3.13,11282813849.848837,7.43,17.49,19.02,10.23,29.25,76.01,217.33,129.94,181.5,0.72,0.42,1.2,6.67,69,20.93,179
5392,能率,光電業,-0.28,8728682000.0,0.0,0.0,8783257401.357973,0.0,261.16,607.13,52.87,660.0,0.0,0.0,0.0,40.3,0.0,0.0,0.0,55.4,14,88.69,140
5388,中磊,電子工業,4.04,53084553000.0,13139740841.584158,2.26,75828875195.25957,5.77,15.58,10.37,11.18,21.55,64.51,124.34,89.87,85.1,1.06,0.76,1.46,6.93,21,9.41,85
5386,青雲,電腦及週邊設備業,8.78,5565492000.0,633882915.7175399,14.82,30610202741.164154,48.29,25.81,47.82,12.81,60.63,618.59,2927.82,1246.58,470.0,2.65,1.32,6.23,60.66,113,17.01,14
5398,慕康生醫,其他,0.35,233856000.0,668160000.0,0.06,229707294.11764705,0.34,87.54,61.31,56.57,117.88,19.23,40.08,29.76,20.0,1.49,0.96,2.0,23.82,37,19.02,53
5381,光譜,電子零組件業,0.72,2135776000.0,2966355555.555556,0.21,1716594898.4725666,0.58,60.52,708.15,17.85,726.0,10.35,421.08,35.1,24.3,1.44,0.43,17.33,0.69,65,44.98,96
5371,中光電,光電業,0.95,39194727000.0,41257607368.42105,0.33,43291799651.33443,1.05,54.62,101.46,22.37,123.83,23.49,130.02,57.35,74.3,0.77,0.32,1.75,28.88,19,116.17,118
6272,驊陞,電子零組件業,3.42,688946000.0,201446198.83040935,0.0,0.0,0.0,13.33,10.09,9.84,19.93,0.0,0.0,0.0,31.55,0.0,0.0,0.0,305.04,68,34.49,116
6274,台燿,電子零組件業,12.13,29179204000.0,2405540313.272877,7.45,48655480601.1036,20.23,30.51,92.17,12.24,104.41,247.62,2112.21,617.21,1370.0,0.45,0.18,1.54,1.08,1,161.51,182
5356,協益,電腦及週邊設備業,0.44,3440781000.0,7819956818.181818,0.13,2943751460.0081606,0.38,21.11,57.75,4.18,61.93,1.59,23.53,8.02,27.1,0.3,0.06,0.87,12.62,20,2.77,49
5355,佳總,電子零組件業,-1.12,454197000.0,0.0,0.0,483628361.3779732,0.0,0.0,0.0,0.0,0.0,0.0,0.0,0.0,7.08,0.0,0.0,0.0,26.79,57,28.85,102
6266,泰詠,電子零組件業,2.04,3364052000.0,1649045098.0392156,0.63,3362011445.709982,2.04,14.18,6.41,11.07,17.48,22.58,35.66,28.93,27.95,1.04,0.81,1.28,4.15,20,6.13,32
5403,中菲,資訊服務業,8.56,3406899000.0,398002219.6261682,3.82,3189582518.2095537,8.01,14.79,8.28,10.72,19.0,85.87,152.19,118.45,92.9,1.28,0.92,1.64,1.2,30,4.8,15
5439,高技,電子零組件業,13.74,9245672000.0,672901892.2852983,4.89,17090652746.622353,25.4,35.86,53.48,14.74,68.22,374.4,1732.79,910.74,388.0,2.35,0.96,4.47,7.33,68,122.6,179
6246,臺龍,光電業,1.14,1619848000.0,1420919298.245614,0.3,1300399649.3674104,0.92,25.79,24.04,13.07,37.11,12.02,34.14,23.72,16.95,1.4,0.71,2.01,105.52,169,45.0,109
5438,東友,電腦及週邊設備業,0.51,1315943000.0,2580280392.1568627,0.1,841775880.5952863,0.33,67.72,339.58,14.59,354.17,4.81,116.88,22.35,19.5,1.15,0.25,5.99,130.98,182,48.4,140
6248,沛波,鋼鐵工業,1.53,7839072000.0,5123576470.588235,0.42,6155348198.056238,1.2,10.72,13.18,5.43,18.61,6.52,22.33,12.87,19.6,0.66,0.33,1.14,2.84,2,0.58,6
5434,崇越,電子通路業,21.8,66554106000.0,3052940642.2018347,8.19,78499082036.30547,25.71,15.84,9.0,10.97,19.97,282.04,513.43,407.34,423.0,0.96,0.67,1.21,20.99,173,41.09,179
6257,矽格,半導體業,6.15,19395856000.0,3153797723.5772357,2.87,22317011673.257797,7.08,16.82,21.98,9.95,31.93,70.45,226.06,119.11,211.0,0.56,0.33,1.07,5.11,64,60.59,179
5426,振發,電腦及週邊設備業,0.52,1797107000.0,3455975000.0,0.19,1746174699.037364,0.51,158.68,840.85,16.65,857.5,8.49,437.32,80.93,17.75,4.56,0.48,24.64,26.19,26,22.55,46
6259,百徽,電子零組件業,0.71,459318000.0,646926760.5633804,0.41,609327340.9334346,0.94,31.71,30.95,17.94,48.89,16.86,45.96,29.81,22.55,1.32,0.75,2.04,4.02,54,7.95,19
6261,久元,半導體業,4.24,4107857000.0,968834198.1132075,1.87,4469761090.826396,4.61,16.48,19.1,12.46,31.56,57.44,145.49,75.99,120.5,0.63,0.48,1.21,12.15,58,3.07,99
5425,台半,半導體業,2.08,17898763000.0,8605174519.230768,0.69,17734492438.312412,2.06,31.7,24.93,18.96,43.89,39.06,90.41,65.3,73.0,0.89,0.54,1.24,12.78,30,43.26,166
6263,普萊德,通信網路業,8.32,1881342000.0,226122836.53846154,3.57,1917917983.937436,8.48,17.84,8.47,14.42,22.89,122.28,194.11,151.26,153.0,0.99,0.8,1.27,19.05,140,0.95,1
6264,富裔,建材營造,-0.5,117286000.0,0.0,0.0,52718225.227918096,0.0,164.84,36.6,154.0,190.6,0.0,0.0,0.0,6.1,0.0,0.0,0.0,21.9,70,0.49,6
6265,方土昶,電子通路業,0.68,771827000.0,1135039705.8823528,0.84,3949075174.4907856,3.48,90.04,169.1,23.4,192.5,81.43,669.9,313.33,44.15,7.1,1.84,15.17,26.34,63,41.3,161
5410,國眾,資訊服務業,2.35,4317858000.0,1837386382.9787233,1.1,5227275945.151935,2.84,16.26,10.3,12.68,22.98,36.01,65.26,46.17,36.7,1.26,0.98,1.78,11.97,36,33.56,148
5353,台林,通信網路業,1.38,1819058000.0,1318157971.0144928,0.57,1854224083.0815358,1.41,16.57,10.83,10.33,21.16,14.57,29.84,23.36,26.45,0.88,0.55,1.13,29.22,26,10.06,18
5351,鈺創,半導體業,-1.53,3643776000.0,0.0,0.0,15321621373.38202,0.0,0.0,0.0,0.0,0.0,0.0,0.0,0.0,75.1,0.0,0.0,0.0,11.13,47,50.57,154
6276,安鈦克,電腦及週邊設備業,0.93,1457611000.0,1567323655.9139783,0.23,961922953.6841207,0.61,44.1,29.93,29.63,59.56,18.07,36.33,26.9,30.6,0.88,0.59,1.19,12.73,16,37.23,32
5315,光聯,光電業,1.89,2009859000.0,1063417460.3174604,0.74,1892038895.773508,1.78,19.39,20.97,11.68,32.65,20.79,58.12,34.51,22.1,1.56,0.94,2.63,21.31,180,9.78,14
5312,寶島科,生技醫療業,6.41,4132651000.0,644719344.773791,2.93,4654106025.589748,7.22,14.99,8.9,12.38,21.28,89.38,153.64,108.25,97.2,1.11,0.92,1.58,4.29,12,18.37,15
5310,天剛,資訊服務業,0.52,992000.0,1907692.3076923075,0.07,290133.3333333333,0.15,62.33,3997.11,12.89,4010.0,1.93,601.5,9.35,26.0,0.36,0.07,23.13,35.91,93,0.0,0
6290,良維,電子零組件業,8.72,10099931000.0,1158248967.889908,2.99,11140845204.553057,9.62,17.69,26.75,9.56,36.31,91.97,349.3,170.15,276.5,0.62,0.33,1.26,18.38,68,127.12,182
6291,沛亨,半導體業,6.6,2053233000.0,311095909.0909091,3.61,3044451458.008698,9.79,25.99,67.7,8.97,76.67,87.82,750.6,254.4,468.0,0.54,0.19,1.6,5.9,37,154.95,123
6292,迅德,電子零組件業,2.0,1000924000.0,500462000.0,0.76,1176005315.6428995,2.35,28.72,87.31,8.52,95.83,20.02,225.2,67.48,51.9,1.3,0.39,4.34,7.44,19,4.09,18
5309,系統電,電子零組件業,0.27,3337464000.0,12360977777.777777,0.1,3473995681.0251255,0.28,167.14,599.22,24.11,623.33,6.75,174.53,46.8,63.8,0.73,0.11,2.74,30.29,105,108.36,126
6294,智基,文化創意業,2.78,986608000.0,354894964.028777,0.8,840880411.7269472,2.37,20.14,28.34,11.33,39.67,26.85,94.02,47.73,31.7,1.51,0.85,2.97,0.42,1,0.33,102
6405,悅城,光電業,-1.27,927000.0,0.0,0.0,253060.34482758623,0.0,0.0,0.0,0.0,0.0,0.0,0.0,0.0,64.4,0.0,0.0,0.0,114.97,168,25.5,172
5302,太欣,半導體業,-0.11,18269000.0,0.0,0.0,43778340.01082837,0.0,0.0,0.0,0.0,0.0,0.0,0.0,0.0,11.8,0.0,0.0,0.0,40.99,29,35.9,97
6409,旭隼,其他電子業,40.23,20524460000.0,510177976.6343525,11.38,18057378337.624535,35.39,32.01,40.93,17.59,58.52,622.51,2071.02,1132.95,821.0,1.38,0.76,2.52,58.0,139,0.0,0
6285,啟碁,電子工業,6.4,110508716000.0,17266986875.0,2.22,112061066998.85854,6.49,19.25,29.41,12.77,42.18,82.88,273.75,124.94,247.5,0.5,0.33,1.11,15.65,44,1.56,6
5324,士開,建材營造,-0.05,1340608000.0,0.0,0.0,864422243.2352182,0.0,49.7,143.77,10.67,154.44,0.0,0.0,0.0,10.6,0.0,0.0,0.0,11.38,12,33.49,15
5328,華容,電子零組件業,0.39,881581000.0,2260464102.5641026,0.14,970351992.7546349,0.43,56.19,107.67,27.69,135.36,11.91,58.2,24.16,26.9,0.9,0.44,2.16,32.28,61,51.79,168
6277,宏正,電子工業,3.08,4892149000.0,1588360064.9350648,1.4,5286873245.763881,3.33,18.06,9.5,14.17,23.67,47.19,78.82,60.15,70.5,0.85,0.67,1.12,5.6,27,2.2,1
5347,世界,半導體業,4.3,47964760000.0,11154595348.83721,1.93,51721454380.03502,4.64,23.62,25.4,17.74,43.14,82.31,200.17,109.6,167.5,0.65,0.49,1.2,56.04,54,18.89,138
6278,台表科,光電業,9.39,49870351000.0,5311006496.27263,3.99,50628749588.816124,9.53,11.11,12.88,8.24,21.12,78.53,201.27,105.85,201.0,0.53,0.39,1.0,14.88,56,12.2,62
6279,胡連,電子零組件業,10.96,9789266000.0,893181204.379562,4.43,9593906990.115122,10.74,13.02,7.35,9.59,16.94,103.0,181.94,139.84,124.0,1.13,0.83,1.47,21.15,140,2.68,6
5344,立衛,半導體業,-0.38,334902000.0,0.0,0.0,407754900.87753975,0.0,35.92,31.0,21.27,52.27,0.0,0.0,0.0,17.0,0.0,0.0,0.0,15.58,48,30.04,112
6281,全國電,電子工業,3.7,18994144000.0,5133552432.432432,1.12,18464818406.97324,3.6,16.9,5.1,13.2,18.3,47.52,65.88,60.85,51.0,1.19,0.93,1.29,0.83,8,0.0,0
6282,康舒,電子工業,0.18,31582716000.0,175459533333.33334,0.07,36479792882.30198,0.21,1325.04,2742.78,237.22,2980.0,49.82,625.8,278.26,50.4,5.52,0.99,12.42,6.06,58,78.48,174
6283,淳安,其他電子業,-0.22,1845136000.0,0.0,0.0,1632311111.1959932,0.0,35.83,45.51,21.72,67.23,0.0,0.0,0.0,25.65,0.0,0.0,0.0,6.9,2,35.62,111
5340,建榮,電子零組件業,1.2,2256598000.0,1880498333.3333335,0.44,2700355917.4336677,1.44,85.38,186.47,33.53,220.0,48.28,316.8,122.95,111.5,1.1,0.43,2.84,11.19,30,76.78,102
6284,佳邦,電子零組件業,4.36,7575483000.0,1737496100.917431,1.68,7047801942.139731,4.06,14.53,11.69,8.7,20.39,35.32,82.78,58.97,81.5,0.72,0.43,1.02,13.97,64,27.17,179
6245,立端,通信網路業,4.37,7302201000.0,1670984210.5263157,1.38,6520426449.043488,3.9,15.43,9.18,11.61,20.79,45.28,81.08,60.18,80.1,0.75,0.57,1.01,6.77,26,8.98,111
6244,茂迪,光電業,0.13,3097487000.0,23826823076.923077,0.06,3058526847.9967036,0.13,62.73,213.88,25.41,239.29,3.3,31.11,8.16,29.7,0.27,0.11,1.05,31.94,58,16.36,14
6212,理銘,建材營造,3.95,3083792000.0,780706835.443038,0.55,536516130.34884864,0.69,7.85,10.62,4.19,14.81,2.89,10.22,5.41,28.55,0.19,0.1,0.36,40.91,99,4.23,5
6213,聯茂,電子工業,4.16,32363618000.0,7779715865.384615,2.03,39089304739.30424,5.02,35.23,51.92,21.31,73.23,106.98,367.61,176.87,287.5,0.62,0.37,1.28,31.07,58,92.42,113
6214,精誠,資訊服務業,7.9,43098943000.0,5455562405.063291,3.8,53186091013.590096,9.75,18.39,10.81,13.31,24.12,129.77,235.17,179.28,125.5,1.43,1.03,1.87,6.77,182,16.81,154
5484,慧友,光電業,-0.59,458727000.0,0.0,0.0,932952026.7181114,0.0,0.0,0.0,0.0,0.0,0.0,0.0,0.0,37.95,0.0,0.0,0.0,362.89,58,36.63,112
6215,和椿,其他電子業,2.09,2411631000.0,1153890430.6220098,0.92,3712943831.5185194,3.22,56.49,60.9,28.53,89.43,91.87,287.96,181.88,112.0,1.62,0.82,2.57,52.67,140,72.93,97
6210,慶生,電子零組件業,-3.1,306659000.0,0.0,0.0,469420455.7095339,0.0,0.0,0.0,0.0,0.0,0.0,0.0,0.0,20.1,0.0,0.0,0.0,8.62,110,16.25,166
6216,居易,通信網路業,0.61,760941000.0,1247444262.295082,0.2,530860719.1098883,0.43,25.31,390.79,10.04,400.83,4.32,172.36,10.88,23.85,0.46,0.18,7.23,44.29,175,2.1,6
6217,中探針,電子零組件業,-1.68,3644431000.0,0.0,0.0,4716966754.177693,0.0,0.0,0.0,0.0,0.0,0.0,0.0,0.0,266.0,0.0,0.0,0.0,17.82,58,101.04,165
6218,豪勉,通信網路業,-1.14,1375342000.0,0.0,0.0,1477792917.6007626,0.0,0.0,0.0,0.0,0.0,0.0,0.0,0.0,39.0,0.0,0.0,0.0,50.5,63,7.77,62
5478,智冠,文化創意業,7.93,6441132000.0,812248675.9142497,3.83,7509163127.8622675,9.24,16.98,15.86,12.11,27.97,111.9,258.44,156.93,96.3,1.63,1.16,2.68,3.38,1,0.84,5
6219,富旺,建材營造,-0.8,2723162000.0,0.0,0.0,3929367087.265614,0.0,17.5,26.36,4.65,31.01,0.0,0.0,0.0,13.05,0.0,0.0,0.0,27.15,85,2.55,12
5483,中美晶,半導體業,6.71,77689163000.0,11578116691.505217,2.29,79149955357.53046,6.84,16.31,18.34,9.14,27.48,62.52,187.96,111.56,149.0,0.75,0.42,1.26,20.73,68,21.3,168
6209,今國光,電子工業,0.93,3477742000.0,3739507526.88172,0.53,5444735842.657688,1.46,171.19,238.59,53.26,291.85,77.76,426.1,249.94,66.0,3.79,1.18,6.46,38.25,21,88.93,182
6203,海韻電,電子零組件業,5.51,2765536000.0,501912159.70961887,1.43,2368952311.6791663,4.72,20.28,44.18,9.65,53.83,45.55,254.08,95.72,68.9,1.39,0.66,3.69,4.64,29,22.81,15
5511,德昌,建材營造,10.63,10690300000.0,1005672624.6472248,4.12,13697041291.02921,13.62,8.13,3.26,6.58,9.84,89.62,134.02,110.77,70.8,1.56,1.27,1.89,0.0,0,7.56,182
5508,永信建,建材營造,3.06,2428176000.0,793521568.627451,1.65,2435345452.340187,3.07,12.44,14.7,6.23,20.93,19.13,64.26,38.19,49.1,0.78,0.39,1.31,44.84,83,5.06,34
6204,艾華,電子零組件業,1.18,380189000.0,322194067.7966102,0.51,392355543.23307097,1.22,43.3,60.43,6.41,66.84,7.82,81.54,52.83,73.4,0.72,0.11,1.11,14.29,23,20.99,175
5498,凱崴,電子零組件業,0.0,1359340000.0,0.0,0.0,2019732371.9823701,0.0,227.83,5.83,224.17,230.0,0.0,0.0,0.0,72.0,0.0,0.0,0.0,29.3,19,211.95,105
5493,三聯,其他電子類,4.18,5359000000.0,1282057416.2679427,1.97,6245832215.742699,4.87,18.64,26.06,11.24,37.3,54.74,181.65,90.79,85.5,1.06,0.64,2.12,16.18,58,32.77,88
6205,詮欣,電子工業,2.0,1369150000.0,684575000.0,0.72,1124625605.7856843,1.64,28.15,39.19,14.8,53.99,24.27,88.54,46.17,84.9,0.54,0.29,1.04,7.31,57,8.62,6
5490,同亨,電腦及週邊設備業,1.69,1522742000.0,901030769.2307693,0.78,1687905372.668165,1.87,28.39,57.81,15.33,73.14,28.67,136.77,53.1,28.1,1.89,1.02,4.87,37.5,58,31.46,127
5489,彩富,其他電子類,2.0,1653712000.0,826856000.0,0.71,1909229294.6256402,2.31,34.72,57.17,16.19,73.36,37.4,169.46,80.21,40.5,1.98,0.92,4.18,23.07,61,0.0,0
6206,飛捷,電子工業,6.9,5108829000.0,740410000.0,2.58,5311796757.842619,7.17,15.92,17.18,11.81,28.99,84.68,207.86,114.14,119.0,0.96,0.71,1.75,18.12,26,27.73,69
5488,松普,電子零組件業,0.11,778399000.0,7076354545.454545,0.06,981759049.4148922,0.14,225.1,1095.49,24.51,1120.0,3.43,156.8,31.51,10.1,3.12,0.34,15.52,34.31,173,25.56,98
6207,雷科,電子零組件業,0.9,1250009000.0,1388898888.8888888,0.35,971313469.1462015,0.7,38.59,63.49,16.74,80.23,11.72,56.16,27.01,63.6,0.42,0.18,0.88,19.11,58,61.76,111
5487,通泰,半導體業,-0.53,168084000.0,0.0,0.0,143792953.28759146,0.0,0.0,0.0,0.0,0.0,0.0,0.0,0.0,28.3,0.0,0.0,0.0,38.97,135,15.77,26
6220,岳豐,電子零組件業,0.81,8272013000.0,10212361728.395061,0.28,7966333735.106957,0.78,25.37,47.53,10.55,58.08,8.23,45.3,19.79,30.05,0.66,0.27,1.51,17.37,181,5.88,6
6221,晉泰,資訊服務業,2.77,5504900000.0,1987328519.8555956,0.72,3635293403.6076603,1.83,17.1,21.55,7.49,29.04,13.71,53.14,31.29,25.4,1.23,0.54,2.09,3.3,71,2.67,6
6222,立軒,光電業,-0.4,2936000.0,0.0,0.0,2263784.511784512,0.0,0.0,0.0,0.0,0.0,0.0,0.0,0.0,22.35,0.0,0.0,0.0,25.27,79,15.23,15
6223,旺矽,半導體業,33.49,13033582000.0,389178321.88713044,13.69,17893137171.94363,45.98,53.08,134.87,20.25,155.12,931.09,7132.42,2440.57,5025.0,0.49,0.19,1.42,102.35,168,214.37,176
5468,凱鈺,半導體業,-0.65,164049000.0,0.0,0.0,247388505.25885835,0.0,438.83,68.75,406.25,475.0,0.0,0.0,0.0,17.8,0.0,0.0,0.0,71.84,49,26.91,160
6235,華孚,電腦及週邊設備業,2.9,6423856000.0,2215122758.62069,1.24,7205493774.176554,3.25,19.92,16.53,12.49,29.02,40.59,94.32,64.76,43.0,1.51,0.94,2.19,3.17,55,48.16,153
6236,中湛,其他,0.08,37705000.0,471312500.0,0.02,24774512.80657243,0.05,1167.8,2932.22,217.78,3150.0,10.89,157.5,58.39,0.0,0.0,0.0,0.0,10.06,49,0.0,0
6237,驊訊,半導體業,-1.53,494260000.0,0.0,0.0,714062199.4836527,0.0,0.0,0.0,0.0,0.0,0.0,0.0,0.0,43.65,0.0,0.0,0.0,17.9,20,43.38,117
5465,富驊,電腦及週邊設備業,1.29,5633240000.0,4366852713.178294,0.32,3810503494.210457,0.87,19.69,14.81,13.88,28.69,12.08,24.96,17.13,24.9,0.69,0.49,1.0,6.59,15,28.32,48
5464,霖宏,電子零組件業,-2.6,967415000.0,0.0,0.0,1129775341.0072343,0.0,26.17,44.96,11.64,56.6,0.0,0.0,0.0,52.4,0.0,0.0,0.0,6.89,42,29.87,15
5460,同協,電子零組件業,-0.17,234145000.0,0.0,0.0,267655049.28924406,0.0,121.06,237.16,46.59,283.75,0.0,0.0,0.0,15.05,0.0,0.0,0.0,64.49,127,35.45,105
6239,力成,半導體業,7.48,73223133000.0,9789188903.743315,3.7,98860911303.08429,10.1,17.52,28.53,8.95,37.48,90.4,378.55,176.95,222.0,0.8,0.41,1.71,16.52,68,63.96,174
5457,宣德,電子零組件業,2.77,24329570000.0,8783238267.148014,0.82,23528132585.60622,2.68,23.17,48.6,12.27,60.87,32.88,163.13,62.09,36.25,1.71,0.91,4.5,2.26,1,24.73,138
5455,昇益,建材營造,3.46,2170879000.0,627421676.300578,0.01,8088111.305507114,0.01,8.95,22.69,3.45,26.14,0.03,0.26,0.09,25.8,0.0,0.0,0.01,36.6,99,7.04,4
5452,佶優,其他電子類,0.33,4978088000.0,15085115151.51515,0.13,4330710740.82279,0.29,82.99,104.56,41.02,145.58,11.9,42.22,24.07,32.15,0.75,0.37,1.31,83.23,58,0.15,1
6241,易通展,通信網路業,-0.16,692989000.0,0.0,0.0,589511638.9201492,0.0,27.26,193.68,9.89,203.57,0.0,0.0,0.0,8.99,0.0,0.0,0.0,67.62,169,5.79,15
6242,立康,生技醫療業,2.64,587446000.0,222517424.24242422,1.04,554220112.7267964,2.49,16.05,4.42,14.11,18.53,35.13,46.14,39.97,0.0,0.0,0.0,0.0,0.77,41,6.39,27
6243,迅杰,半導體業,-0.51,651120000.0,0.0,0.0,342382704.3278306,0.0,112.17,327.87,25.77,353.64,0.0,0.0,0.0,34.45,0.0,0.0,0.0,18.31,23,6.99,4
5469,瀚宇博,電子工業,6.05,55369479000.0,9151980000.0,2.29,82990561796.9242,9.07,11.6,11.85,6.22,18.07,56.42,163.89,105.18,81.8,1.29,0.69,2.0,8.47,21,111.05,137
6233,旺玖,半導體業,-0.16,392833000.0,0.0,0.0,356274300.44698924,0.0,181.56,503.06,46.94,550.0,0.0,0.0,0.0,26.8,0.0,0.0,0.0,7.39,44,3.17,112
6224,聚鼎,電子工業,0.66,2917892000.0,4421048484.848485,0.27,2726569534.7937994,0.62,33.12,114.88,16.91,131.79,10.48,81.71,20.53,78.7,0.26,0.13,1.04,45.23,159,18.79,168
5475,德宏,電子零組件業,-0.16,829935000.0,0.0,0.0,1528637901.5559456,0.0,0.0,0.0,0.0,0.0,0.0,0.0,0.0,325.0,0.0,0.0,0.0,74.15,62,512.5,147
6225,天瀚,光電業,-0.06,52315000.0,0.0,0.0,49184467.59129802,0.0,45.44,14.97,39.87,54.84,0.0,0.0,0.0,24.4,0.0,0.0,0.0,8.73,40,62.39,173
5474,聰泰,電腦及週邊設備業,5.49,1444285000.0,263075591.98542804,1.51,1541298220.412519,5.86,26.44,21.16,16.92,38.08,99.15,223.15,154.94,165.5,0.94,0.6,1.35,68.16,63,52.54,126
5471,松翰,電子工業,0.72,2689883000.0,3735948611.111111,0.36,3161862827.761807,0.85,42.74,40.29,27.66,67.95,23.51,57.76,36.33,45.35,0.8,0.52,1.27,5.79,61,21.02,131
6226,光鼎,光電業,-0.28,635376000.0,0.0,0.0,549490271.231456,0.0,0.0,0.0,0.0,0.0,0.0,0.0,0.0,12.3,0.0,0.0,0.0,20.6,61,5.79,91
6227,茂綸,電子通路業,7.54,17398028000.0,2307430769.230769,3.77,22251788928.01975,9.64,14.57,10.11,10.81,20.92,104.21,201.67,140.49,100.5,1.4,1.04,2.01,36.54,26,25.13,5
6228,全譜,電腦及週邊設備業,-0.47,49315000.0,0.0,0.0,47110104.73508185,0.0,0.0,0.0,0.0,0.0,0.0,0.0,0.0,22.45,0.0,0.0,0.0,237.64,85,0.0,0
6229,研通,半導體業,0.05,2118373000.0,42367460000.0,0.03,3005300186.7458563,0.07,281.26,1229.34,30.66,1260.0,2.15,88.2,19.69,29.0,0.68,0.07,3.04,36.84,40,0.0,0
6230,尼得科超眾,電子工業,-2.44,8921839000.0,0.0,0.0,9994439091.164118,0.0,215.66,878.84,32.92,911.76,0.0,0.0,0.0,156.5,0.0,0.0,0.0,14.11,14,19.63,137
6231,系微,資訊服務業,6.66,1682292000.0,252596396.3963964,2.52,1792211243.228597,7.1,47.03,60.67,27.23,87.9,193.33,624.09,333.9,322.0,1.04,0.6,1.94,149.48,167,21.09,133
6234,高僑,光電業,0.04,469080000.0,11727000000.0,0.01,636532364.3452833,0.05,91.62,1225.06,14.94,1240.0,0.75,62.0,4.58,57.8,0.08,0.01,1.07,21.39,58,48.02,88
00400A,主動國泰動能高息,ETF,0.0,0.0,0.0,0.0,0.0,0.0,0.0,0.0,0.0,0.0,0.0,0.0,0.0,13.7,0.0,0.0,0.0,27.34,28,27.34,28
6830,汎銓,電子工業,-0.7,2139984000.0,0.0,0.0,2634123136.345246,0.0,104.45,281.65,23.35,305.0,0.0,0.0,0.0,787.0,0.0,0.0,0.0,68.58,161,39.0,118
6591,動力-KY,電腦及週邊設備業,5.37,1730676000.0,322286033.51955307,1.66,1277763359.8314202,3.96,16.1,10.19,11.1,21.29,43.96,84.31,63.75,57.9,1.1,0.76,1.46,17.5,26,102.21,113
8048,德勝,通信網路業,2.67,1020717000.0,382291011.23595506,0.92,1051239528.5191705,2.75,19.96,16.48,12.13,28.61,33.36,78.68,54.88,62.0,0.89,0.54,1.27,2.19,44,14.85,148
8049,晶采,光電業,1.71,1288318000.0,753402339.1812866,0.72,1277602656.1419528,1.7,13.34,6.09,10.68,16.77,18.16,28.51,22.68,25.25,0.9,0.72,1.13,0.25,85,3.79,13
8050,廣積,電腦及週邊設備業,1.45,5402081000.0,3725573103.448276,0.45,4449840570.68013,1.19,27.28,27.28,12.36,39.64,14.71,47.17,32.46,44.45,0.73,0.33,1.06,9.42,58,2.26,6
8054,安國,半導體業,-3.18,2740237000.0,0.0,0.0,8095080255.922158,0.0,0.0,0.0,0.0,0.0,0.0,0.0,0.0,106.5,0.0,0.0,0.0,24.42,70,85.47,173
8059,凱碩,通信網路業,-2.39,6325467000.0,0.0,0.0,74686481827.9818,0.0,607.92,18.75,601.25,620.0,0.0,0.0,0.0,20.55,0.0,0.0,0.0,56.05,62,47.11,32
8064,東捷,光電業,1.35,2544969000.0,1885162222.222222,0.64,4252163140.2847543,2.26,174.85,489.53,30.47,520.0,68.86,1175.2,395.17,103.5,3.82,0.67,11.35,139.53,168,23.78,161
8067,志旭,電子通路業,-0.59,110377000.0,0.0,0.0,77063585.95358148,0.0,0.0,0.0,0.0,0.0,0.0,0.0,0.0,0.0,0.0,0.0,0.0,33.33,61,26.07,158
8068,全達,電子通路業,1.23,808320000.0,657170731.7073171,0.65,1395541307.1281476,2.12,20.23,40.33,8.0,48.33,16.96,102.46,42.88,23.25,1.84,0.73,4.41,16.34,64,6.12,113
8047,星雲,其他電子類,-0.78,461310000.0,0.0,0.0,404472445.02620447,0.0,0.0,0.0,0.0,0.0,0.0,0.0,0.0,54.0,0.0,0.0,0.0,59.86,184,267.27,179
8069,元太,光電業,9.13,36899502000.0,4041566484.118291,2.77,36221976330.616196,8.96,31.8,38.63,13.67,52.3,122.48,468.61,284.93,162.0,1.76,0.76,2.89,52.27,163,18.3,111
8070,長華*,電子通路業,1.02,19055037000.0,18681408823.52941,0.5,23232152802.87239,1.24,24.08,34.74,13.74,48.48,17.04,60.12,29.86,48.2,0.62,0.35,1.25,54.59,139,8.66,21
8071,能率網通,電子零組件業,-1.15,2000187000.0,0.0,0.0,2009043482.5892918,0.0,0.0,0.0,0.0,0.0,0.0,0.0,0.0,16.75,0.0,0.0,0.0,76.74,61,16.53,140
8072,陞泰,電子工業,1.11,1223670000.0,1102405405.4054053,0.56,1640263023.5335655,1.49,33.35,41.13,21.96,63.09,32.72,94.0,49.69,28.75,1.73,1.14,3.27,22.35,54,12.53,47
8074,鉅橡,電子零組件業,1.35,1293671000.0,958274814.8148148,0.66,1558847472.6747568,1.63,29.93,53.63,15.04,68.67,24.52,111.93,48.79,82.1,0.59,0.3,1.36,22.78,170,88.35,102
8076,伍豐,電腦及週邊設備業,0.15,1995767000.0,13305113333.333334,0.09,2656025475.5408473,0.2,68.45,185.27,14.73,200.0,2.95,40.0,13.69,23.4,0.59,0.13,1.71,25.0,140,2.22,112
8081,致新,半導體業,17.75,8617981000.0,485520056.3380282,7.27,8536183345.46312,17.58,13.22,7.31,10.05,17.36,176.68,305.19,232.37,253.5,0.92,0.7,1.2,6.31,20,11.06,42
8046,南電,電子零組件業,3.01,38926177000.0,12932284717.607975,1.51,53124470143.45804,4.11,196.47,699.07,27.18,726.25,111.71,2984.89,807.49,854.0,0.95,0.13,3.5,9.52,21,189.05,174
8045,達運光電,電子工業,0.65,1184313000.0,1822020000.0,0.44,1844634548.0381835,1.01,100.74,279.3,9.83,289.13,9.93,292.02,101.75,73.3,1.39,0.14,3.98,28.51,50,66.25,102
8011,台通,通信網路業,1.3,2097097000.0,1613151538.4615383,0.39,1891475280.5351243,1.17,29.81,288.69,6.94,295.63,8.12,345.89,34.87,19.3,1.81,0.42,17.92,36.67,71,18.53,175
8016,矽創,半導體業,14.65,18682856000.0,1275280273.0375426,7.31,23425951542.94799,18.37,13.99,7.49,10.51,18.0,193.07,330.66,257.06,273.0,0.94,0.71,1.21,4.24,37,10.58,137
8021,尖點,其他電子業,2.74,4267050000.0,1557317518.2481751,1.5,6490940826.210827,4.17,50.88,157.22,14.86,172.08,61.97,717.57,212.17,401.0,0.53,0.15,1.79,32.46,107,374.17,183
8024,佑華,半導體業,-2.56,158672000.0,0.0,0.0,122766258.8312326,0.0,0.0,0.0,0.0,0.0,0.0,0.0,0.0,12.4,0.0,0.0,0.0,12.44,61,6.03,33
8027,鈦昇,電機機械,-0.92,1560399000.0,0.0,0.0,2448570667.579665,0.0,262.27,74.5,226.75,301.25,0.0,0.0,0.0,203.0,0.0,0.0,0.0,46.78,49,32.18,134
8028,昇陽半導體,半導體業,4.38,4462417000.0,1018816666.6666667,2.13,5405927418.695339,5.31,52.88,73.51,28.84,102.35,153.14,543.48,280.78,226.0,1.24,0.68,2.4,164.87,183,43.13,161
8033,雷虎,其他,0.58,1429246000.0,2464217241.3793106,0.25,1531921400.7663374,0.62,268.97,920.95,97.8,1018.75,60.64,631.62,166.76,159.0,1.05,0.38,3.97,10.58,9,192.83,125
8034,榮群,通信網路業,1.42,560477000.0,394702112.6760564,0.44,463107089.033279,1.17,16.17,9.24,12.36,21.6,14.46,25.27,18.92,25.35,0.75,0.57,1.0,2.03,21,61.47,123
8038,長園科,電子零組件業,0.92,523534000.0,569058695.6521739,0.48,1977378808.4605694,3.47,73.75,68.59,41.79,110.38,145.01,383.02,255.91,44.4,5.76,3.27,8.63,6.19,58,198.08,118
8039,台虹,電子工業,2.07,10469402000.0,5057682125.603865,0.84,11310206956.3695,2.24,33.65,64.7,14.22,78.92,31.85,176.78,75.38,132.5,0.57,0.24,1.33,36.4,111,61.82,179
8040,九暘,半導體業,-0.6,667594000.0,0.0,0.0,750017809.9249692,0.0,0.0,0.0,0.0,0.0,0.0,0.0,0.0,77.8,0.0,0.0,0.0,35.64,41,6.98,14
8042,金山電,電子零組件業,0.9,3693135000.0,4103483333.333333,0.36,4775793375.027244,1.16,87.01,180.56,43.19,223.75,50.1,259.55,100.93,84.1,1.2,0.6,3.09,4.48,71,56.67,172
8043,蜜望實,電子零組件業,1.68,5203246000.0,3097170238.095238,0.82,8972527562.547462,2.9,304.36,1996.63,13.37,2010.0,38.77,5829.0,882.65,89.8,9.83,0.43,64.91,104.41,106,112.55,172
8032,光菱,電子通路業,2.2,3555596000.0,1616179999.9999998,0.96,4928088176.644149,3.05,27.08,58.18,15.21,73.39,46.39,223.84,82.61,41.05,2.01,1.13,5.45,204.35,182,9.68,5
7757,金色三麥,觀光餐旅,8.98,785893000.0,87515924.27616926,0.0,0.0,0.0,12.62,3.5,11.61,15.11,0.0,0.0,0.0,105.5,0.0,0.0,0.0,0.0,0,9.63,40
7760,享溫馨,觀光餐旅,0.69,0.0,0.0,0.0,0.0,0.0,59.03,3.39,57.29,60.68,0.0,0.0,0.0,34.5,0.0,0.0,0.0,0.17,3,1.11,8
7765,中華資安,數位雲端,11.49,990636000.0,86217232.37597911,0.0,0.0,0.0,25.58,10.15,20.06,30.21,0.0,0.0,0.0,243.5,0.0,0.0,0.0,11.47,20,10.38,112
7767,仁大資訊,資訊服務業,4.18,627804000.0,150192344.49760768,0.0,0.0,0.0,11.95,3.16,10.5,13.66,0.0,0.0,0.0,44.2,0.0,0.0,0.0,0.0,0,20.0,68
7768,頌勝科技,半導體業,3.23,0.0,0.0,0.0,0.0,0.0,115.12,10.81,109.72,120.53,0.0,0.0,0.0,350.0,0.0,0.0,0.0,19.21,150,45.35,112
7769,鴻勁,半導體業,75.71,8807978000.0,116338370.09642056,0.0,0.0,0.0,68.9,45.0,51.01,96.01,0.0,0.0,0.0,5800.0,0.0,0.0,0.0,70.54,32,206.47,176
7770,君曜,半導體業,3.0,140772000.0,46924000.0,0.0,0.0,0.0,17.42,7.35,15.32,22.67,0.0,0.0,0.0,47.15,0.0,0.0,0.0,0.0,0,23.17,34
7777,能率亞洲,其他,0.58,-35480000.0,0.0,0.0,0.0,0.0,54.86,43.66,41.03,84.69,0.0,0.0,0.0,28.75,0.0,0.0,0.0,0.0,0,177.5,140
7780,大研生醫*,食品工業,0.53,1098052000.0,2071796226.4150941,0.0,0.0,0.0,53.91,47.37,40.05,87.42,0.0,0.0,0.0,18.65,0.0,0.0,0.0,6.18,44,158.86,89
7782,光速火箭,居家生活類,2.13,242640000.0,113915492.95774649,0.0,0.0,0.0,11.37,4.81,9.65,14.46,0.0,0.0,0.0,27.4,0.0,0.0,0.0,0.0,0,11.23,60
7730,暉盛-創,創新板股票,1.74,174841000.0,100483333.33333333,0.0,0.0,0.0,67.92,82.79,37.33,120.12,0.0,0.0,0.0,168.0,0.0,0.0,0.0,14.96,72,41.0,152
7732,金興精密,汽車工業,1.73,1119185000.0,646927745.6647398,0.58,965267164.5584244,1.49,19.22,15.24,11.99,27.23,17.87,40.57,28.63,35.85,0.8,0.5,1.13,28.31,170,5.13,33
7734,印能科技,半導體業,35.67,2285909000.0,64084917.297448836,16.83,3696392146.555201,57.68,36.06,97.58,18.39,115.97,1060.74,6689.15,2080.01,3630.0,0.57,0.29,1.84,16.45,128,31.63,74
7736,虎山,汽車工業,5.09,1548758000.0,304274656.1886051,1.57,1743156875.2297738,5.73,16.92,9.72,11.72,21.44,67.16,122.85,96.95,76.7,1.26,0.88,1.6,20.0,140,3.77,18
7738,東聯互動,數位雲端類,14.61,201472000.0,13790006.844626969,0.0,0.0,0.0,13.34,5.82,11.45,17.27,0.0,0.0,0.0,175.5,0.0,0.0,0.0,0.0,0,77.08,131
7753,星亞,光電業,5.44,450953000.0,82895772.05882353,0.0,0.0,0.0,11.83,7.59,9.29,16.88,0.0,0.0,0.0,42.05,0.0,0.0,0.0,12.97,4,53.02,68
7740,熙特爾-創,創新板股票,4.97,1426350000.0,286991951.7102616,0.0,0.0,0.0,56.55,54.02,34.8,88.82,0.0,0.0,0.0,170.5,0.0,0.0,0.0,113.24,141,28.27,102
7743,金利食安,食品工業,0.55,571926000.0,1039865454.5454545,0.2,1910137150.369735,1.84,20.19,21.5,14.29,35.79,26.29,65.85,37.16,0.0,0.0,0.0,0.0,14.64,40,0.0,0
7744,崴寶,電子零組件業,16.28,577003000.0,35442444.71744472,0.0,0.0,0.0,24.47,18.02,17.12,35.14,0.0,0.0,0.0,564.0,0.0,0.0,0.0,19.75,176,137.96,140
7747,昕奇雲端,數位雲端類,4.07,856913000.0,210543734.64373463,0.0,0.0,0.0,32.28,8.03,28.22,36.25,0.0,0.0,0.0,131.0,0.0,0.0,0.0,1.24,35,30.74,63
7749,意騰-KY,半導體業,11.64,1157049000.0,99402835.05154638,8.52,7150350827.373261,71.93,77.14,78.8,31.36,110.16,2255.72,7923.81,5548.39,514.0,10.79,4.39,15.42,11.02,10,11.02,10
7750,新代,電機機械,35.18,5251207000.0,149266827.74303582,0.0,0.0,0.0,41.6,54.79,29.12,83.91,0.0,0.0,0.0,2545.0,0.0,0.0,0.0,5.78,105,89.36,113
7751,竑騰,半導體業,20.44,1012449000.0,49532729.941291586,0.0,0.0,0.0,54.71,105.7,26.74,132.44,0.0,0.0,0.0,1940.0,0.0,0.0,0.0,65.76,88,115.52,140
7820,立盈,綠能環保類,1.84,0.0,0.0,0.0,0.0,0.0,82.43,7.15,79.71,86.86,0.0,0.0,0.0,141.0,0.0,0.0,0.0,177.23,132,215.0,116
7821,神數,汽車工業,2.99,0.0,0.0,0.0,0.0,0.0,15.74,2.86,14.46,17.32,0.0,0.0,0.0,45.45,0.0,0.0,0.0,10.89,155,55.25,174
7822,倍利科,半導體業,14.04,0.0,0.0,0.0,0.0,0.0,107.04,42.15,88.21,130.36,0.0,0.0,0.0,1260.0,0.0,0.0,0.0,73.11,155,145.95,179
7823,奧義賽博-KY創,創新板股票,0.24,33073000.0,137804166.6666667,0.0,0.0,0.0,0.0,0.0,0.0,0.0,0.0,0.0,0.0,89.9,0.0,0.0,0.0,0.0,0,0.0,0
7828,創新服務,半導體業,6.31,0.0,0.0,0.0,0.0,0.0,206.78,59.58,191.63,251.21,0.0,0.0,0.0,1115.0,0.0,0.0,0.0,81.68,111,81.68,111
7786,東方風能,綠能環保,11.11,3094023000.0,278489918.9918992,0.0,0.0,0.0,15.88,5.83,12.7,18.53,0.0,0.0,0.0,139.5,0.0,0.0,0.0,94.86,109,46.23,103
7788,松川精密,電子工業,3.63,2102773000.0,579276308.5399449,0.0,0.0,0.0,38.03,27.01,25.06,52.07,0.0,0.0,0.0,176.0,0.0,0.0,0.0,0.0,0,0.0,0
7791,皇家可口,食品工業,8.26,886148000.0,107281840.1937046,0.0,0.0,0.0,12.22,3.41,10.3,13.71,0.0,0.0,0.0,64.4,0.0,0.0,0.0,0.0,0,23.94,110
7792,安葆,其他電子類,8.72,332632000.0,38145871.559633024,0.0,0.0,0.0,37.77,11.47,31.53,43.0,0.0,0.0,0.0,322.5,0.0,0.0,0.0,21.7,175,30.59,139
7794,宏碁智新,居家生活類,2.72,0.0,0.0,0.0,0.0,0.0,13.07,4.61,11.75,16.36,0.0,0.0,0.0,31.2,0.0,0.0,0.0,5.77,90,19.11,40
7795,長廣,電子工業,2.22,135531000.0,61049999.99999999,0.0,0.0,0.0,119.26,54.96,85.88,140.84,0.0,0.0,0.0,363.0,0.0,0.0,0.0,4.73,4,98.46,132
7799,禾榮科,化學生技醫療,-3.29,6328000.0,0.0,0.0,0.0,0.0,0.0,0.0,0.0,0.0,0.0,0.0,0.0,343.5,0.0,0.0,0.0,159.34,104,139.35,74
7805,威聯通,數位雲端類,56.3,1144386000.0,20326571.93605684,0.0,0.0,0.0,15.39,5.16,13.34,18.5,0.0,0.0,0.0,716.0,0.0,0.0,0.0,0.0,0,25.38,123
7810,捷創科技,半導體業,6.25,125775000.0,20124000.0,0.0,0.0,0.0,43.83,36.42,32.0,68.42,0.0,0.0,0.0,212.0,0.0,0.0,0.0,0.0,0,85.21,109
7811,民盛,運動休閒類,8.1,0.0,0.0,0.0,0.0,0.0,10.74,1.52,9.9,11.42,0.0,0.0,0.0,81.2,0.0,0.0,0.0,15.36,49,17.12,62
8083,瑞穎,電機機械,9.8,1403166000.0,143180204.08163264,4.29,1626540481.8746676,11.36,17.26,8.47,13.1,21.57,148.82,245.04,196.02,174.0,1.13,0.86,1.41,2.43,5,8.36,61
8084,巨虹,電子通路業,-1.82,602545000.0,0.0,0.0,492749036.1474392,0.0,36.25,33.91,21.67,55.58,0.0,0.0,0.0,45.35,0.0,0.0,0.0,45.49,56,41.67,166
8085,福華,其他電子類,-1.01,645835000.0,0.0,0.0,722527442.5288495,0.0,0.0,0.0,0.0,0.0,0.0,0.0,0.0,12.3,0.0,0.0,0.0,36.5,44,5.52,5
8086,宏捷科,半導體業,3.36,3949612000.0,1175479761.904762,1.78,6227262603.009413,5.3,45.51,312.16,23.55,335.71,124.82,1779.26,241.21,159.5,1.51,0.78,11.16,1.06,58,65.75,181
8488,吉源-KY,其他,-2.06,3107874000.0,0.0,0.0,4261756611.028887,0.0,0.0,0.0,0.0,0.0,0.0,0.0,0.0,10.1,0.0,0.0,0.0,4.62,142,1.69,20
8905,裕國,其他,0.62,2134718000.0,3443093548.387097,0.25,2159072543.789254,0.63,32.35,57.15,12.5,69.65,7.88,43.88,20.38,36.6,0.56,0.22,1.2,2.07,62,0.0,0
8906,花王,其他,-0.78,205067000.0,0.0,0.0,220847145.58366022,0.0,0.0,0.0,0.0,0.0,0.0,0.0,0.0,25.5,0.0,0.0,0.0,78.45,79,35.23,120
8908,欣雄,油電燃氣業,2.2,10642287000.0,4837403181.818181,0.87,9472119852.366997,1.96,23.37,12.74,18.03,30.77,35.34,60.31,45.81,39.2,1.17,0.9,1.54,1.26,19,6.09,180
8916,光隆,其他,2.5,8358964000.0,3343585600.0,0.65,8193702303.75274,2.45,16.09,8.62,12.08,20.7,29.6,50.72,39.41,47.7,0.83,0.62,1.06,6.84,56,1.35,13
8917,欣泰,油電燃氣業,2.22,3079267000.0,1387057207.2072072,0.98,3058393896.7724133,2.2,26.54,9.24,23.14,32.38,50.91,71.24,58.39,53.6,1.09,0.95,1.33,10.1,96,5.96,6
8921,沈氏,其他,-0.12,627607000.0,0.0,0.0,645116094.2659668,0.0,0.0,0.0,0.0,0.0,0.0,0.0,0.0,18.05,0.0,0.0,0.0,75.63,146,6.96,90
8923,時報,文化創意業,0.95,450369000.0,474072631.57894737,0.31,386627930.1461351,0.82,19.74,6.58,16.26,22.84,13.33,18.73,16.18,19.1,0.85,0.7,0.98,3.48,55,12.19,146
8926,台汽電,油電燃氣業,2.45,8036606000.0,3280247346.938775,6.41,42221964439.52971,12.87,24.96,23.35,16.82,40.17,216.47,516.99,321.26,49.1,6.54,4.41,10.53,3.29,30,14.48,166
8927,北基,油電燃氣業,0.36,10630044000.0,29527900000.0,0.14,13377707244.540384,0.45,86.01,194.46,31.13,225.59,14.01,101.52,38.7,20.3,1.91,0.69,5.0,26.78,70,8.17,55
8929,富堡,其他,-0.45,725631000.0,0.0,0.0,691548781.0435346,0.0,46.23,108.38,16.62,125.0,0.0,0.0,0.0,14.6,0.0,0.0,0.0,39.24,28,10.19,15
8930,青鋼,鋼鐵工業,2.4,1443214000.0,601339166.6666667,0.98,1339965038.9694192,2.23,12.07,4.87,9.25,14.12,20.63,31.49,26.91,29.45,0.91,0.7,1.07,0.0,0,8.64,12
8931,大汽電,油電燃氣業,1.87,2513205000.0,1343959893.0481284,0.77,2509080416.48536,1.87,21.46,10.65,17.03,27.68,31.85,51.76,40.13,41.6,0.96,0.77,1.24,2.09,54,9.16,18
8932,智通*,其他,1.99,2249716000.0,1130510552.7638192,0.92,2659952031.256657,2.35,65.39,70.6,38.8,109.4,91.18,257.09,153.66,92.5,1.66,0.99,2.78,35.88,104,142.71,120
8935,邦泰,其他,-0.77,520557000.0,0.0,0.0,528873016.6789824,0.0,0.0,0.0,0.0,0.0,0.0,0.0,0.0,18.5,0.0,0.0,0.0,71.07,184,73.94,117
8936,國統,其他,4.08,6293893000.0,1542620833.3333333,1.54,7485920653.159081,4.85,17.33,18.79,12.11,30.9,58.73,149.86,84.06,52.0,1.62,1.13,2.88,0.0,0,8.0,183
8937,合騏*,其他,-0.72,66133000.0,0.0,0.0,423089952.206279,0.0,433.44,1286.86,28.52,1315.38,0.0,0.0,0.0,34.15,0.0,0.0,0.0,491.13,184,34.33,141
8481,政伸,其他,3.26,1173670000.0,360021472.3926381,1.06,1115055661.4614024,3.1,18.47,19.57,12.26,31.83,38.01,98.67,57.26,40.9,1.4,0.93,2.41,9.22,35,4.37,6
8436,大江,生技醫療業,8.69,6872719000.0,790876754.890679,3.03,7398958324.606916,9.36,17.75,9.04,13.24,22.28,123.93,208.54,166.12,122.0,1.36,1.02,1.71,9.46,56,4.96,112
8437,大地-KY,其他,-1.3,221282000.0,0.0,0.0,166476347.63143966,0.0,60.8,57.16,35.42,92.58,0.0,0.0,0.0,11.9,0.0,0.0,0.0,30.23,69,0.0,0
8442,威宏-KY,其他,4.18,7983723000.0,1909981578.9473686,1.8,8460152485.588453,4.43,10.05,7.79,6.27,14.06,27.78,62.29,44.53,50.4,0.88,0.55,1.24,0.0,0,7.15,7
8443,阿瘦,貿易百貨,-1.46,1127548000.0,0.0,0.0,1060061913.7235495,0.0,33.82,18.19,30.81,49.0,0.0,0.0,0.0,11.8,0.0,0.0,0.0,1.65,21,2.52,33
8444,綠河-KY,其他,-10.06,3333213000.0,0.0,0.0,1648842015.341187,0.0,0.0,0.0,0.0,0.0,0.0,0.0,0.0,6.7,0.0,0.0,0.0,23.87,64,7.51,7
8446,華研,文化創意業,10.31,1119230000.0,108557710.96023278,3.78,1018738575.9341364,9.38,9.72,5.03,7.79,12.82,73.07,120.25,91.2,83.7,1.09,0.87,1.44,18.48,184,2.97,1
8450,霹靂,文化創意業,-5.34,235916000.0,0.0,0.0,442868124.979844,0.0,0.0,0.0,0.0,0.0,0.0,0.0,0.0,16.0,0.0,0.0,0.0,19.8,61,2.43,1
8455,大拓-KY,其他電子類,0.01,1156029000.0,115602900000.0,0.0,1281022675.4008157,0.01,1086.67,307.5,997.5,1305.0,9.98,13.05,10.87,26.0,0.42,0.38,0.5,73.41,105,18.86,145
8463,潤泰材,其他,1.86,7221483000.0,3882517741.9354835,0.77,7328282276.911802,1.89,20.21,29.21,10.47,39.68,19.79,75.0,38.19,22.2,1.72,0.89,3.38,18.37,85,2.7,99
8466,美吉吉-KY,其他,-0.97,3227731000.0,0.0,0.0,2365874587.836387,0.0,48.06,168.24,11.48,179.72,0.0,0.0,0.0,15.55,0.0,0.0,0.0,19.68,36,1.4,1
9933,中鼎,其他,1.79,93718619000.0,52356770391.061455,0.67,74612661273.16048,1.43,43.02,99.47,10.69,110.16,15.29,157.53,61.52,36.8,1.67,0.42,4.28,14.23,58,23.1,123
9937,全國,油電燃氣業,2.37,22695298000.0,9576075105.485231,0.98,21761871594.262848,2.27,25.78,6.09,22.93,29.02,52.05,65.88,58.52,57.1,1.02,0.91,1.15,1.49,8,8.99,75
9938,百和,其他,4.1,15697877000.0,3828750487.804878,1.76,15267908304.65065,3.99,15.44,25.15,9.77,34.92,38.98,139.33,61.6,44.8,1.38,0.87,3.11,29.78,169,6.71,167
9939,宏全,其他,9.09,29073649000.0,3198421232.1232123,2.78,27185097306.098934,8.5,15.37,8.32,12.09,20.41,102.76,173.48,130.62,111.5,1.17,0.92,1.56,2.63,2,3.19,47
9940,信義,其他,0.28,9513436000.0,33976557142.85714,0.2,16347281800.271095,0.48,26.33,62.41,10.45,72.86,5.02,34.97,12.64,19.6,0.64,0.26,1.78,8.32,85,0.7,4
9941,裕融,其他,7.87,39779550000.0,5054580686.149937,2.56,38806120835.52041,7.68,14.37,7.55,10.86,18.41,83.4,141.39,110.4,75.7,1.46,1.1,1.87,10.47,42,6.91,13
9941A,裕融甲特,其他,0.0,0.0,0.0,0.0,0.0,0.0,0.0,0.0,0.0,0.0,0.0,0.0,0.0,50.6,0.0,0.0,0.0,1.77,110,3.35,109
9942,茂順,其他,8.15,3977553000.0,488043312.88343555,3.79,4501452321.732522,9.22,12.77,4.89,10.0,14.89,92.2,137.29,117.75,121.5,0.97,0.76,1.13,1.16,1,1.28,13
9931,欣高,油電燃氣業,2.45,1551042000.0,633078367.3469387,0.9,1625457523.4109135,2.57,14.84,12.23,10.93,23.16,28.09,59.52,38.15,34.6,1.1,0.81,1.72,0.0,0,2.41,34
9945,潤泰新,其他,3.93,35602939000.0,9059272010.178116,1.74,52060392594.10319,5.75,8.59,11.07,5.01,16.08,28.81,92.46,49.41,23.4,2.11,1.23,3.95,29.73,85,4.35,57
9946,三發地產,建材營造,1.52,602169000.0,396163815.78947365,9.96,4707751114.753384,11.88,51.97,133.07,10.26,143.33,121.89,1702.76,617.45,16.15,38.23,7.55,105.43,28.04,30,14.68,29
9949,琉園,文化創意業,5.29,142500000.0,26937618.147448014,1.87,134115615.50364473,4.98,5.56,2.58,4.36,6.94,21.71,34.56,27.67,24.5,1.13,0.89,1.41,18.45,119,21.37,145
9950,萬國通,塑膠工業,-0.27,2109807000.0,0.0,0.0,2159944813.3457675,0.0,13.08,21.66,2.18,23.84,0.0,0.0,0.0,10.55,0.0,0.0,0.0,18.81,28,4.53,70
9951,皇田,電機機械,5.27,6333931000.0,1201884440.227704,1.86,7082880219.788335,5.89,12.43,5.37,10.09,15.46,59.43,91.06,73.19,54.8,1.34,1.08,1.66,4.14,55,23.59,116
9958,世紀鋼,鋼鐵工業,6.56,14571164000.0,2221214024.390244,3.42,16715432590.617704,7.53,28.25,38.03,15.12,53.15,113.85,400.22,212.75,103.0,2.07,1.11,3.89,58.01,40,35.36,56
9962,有益,鋼鐵工業,-0.16,1941014000.0,0.0,0.0,1337558079.4551177,0.0,29.27,67.68,15.89,83.57,0.0,0.0,0.0,9.42,0.0,0.0,0.0,3.92,13,1.12,14
9944,新麗,其他,-0.16,2250752000.0,0.0,0.0,2514939406.44979,0.0,184.37,387.94,14.06,402.0,0.0,0.0,0.0,16.5,0.0,0.0,0.0,13.6,85,3.57,21
9929,秋雨,其他,-0.07,653941000.0,0.0,0.0,677937254.1293256,0.0,0.0,0.0,0.0,0.0,0.0,0.0,0.0,12.45,0.0,0.0,0.0,10.65,86,6.27,7
9928,中視,其他,-1.4,846557000.0,0.0,0.0,964737349.002929,0.0,57.19,44.06,43.18,87.24,0.0,0.0,0.0,17.65,0.0,0.0,0.0,48.39,58,18.61,105
8942,森鉅,其他,1.83,3809373000.0,2081624590.1639342,0.45,1596077458.655754,0.77,11.49,17.96,7.18,25.14,5.53,19.36,8.85,44.2,0.2,0.13,0.44,4.86,47,0.0,0
8996,高力,電機機械,9.08,5988938000.0,659574669.6035242,8.05,17017351347.652903,25.8,67.06,114.67,26.39,141.06,680.86,3639.35,1730.14,1015.0,1.7,0.67,3.59,23.28,19,204.37,182
9902,台火,其他,-0.47,342343000.0,0.0,0.0,327141935.2753222,0.0,118.61,430.44,18.31,448.75,0.0,0.0,0.0,13.9,0.0,0.0,0.0,56.96,85,46.73,20
9905,大華,其他,1.29,8095013000.0,6275203875.968992,0.49,9257163526.320522,1.48,15.12,3.67,13.1,16.77,19.39,24.82,22.38,21.3,1.05,0.91,1.17,0.82,44,0.86,15
9906,欣巴巴,建材營造,0.09,1332942000.0,14810466666.666668,0.11,2653896110.456444,0.18,82.12,493.27,8.95,502.22,1.61,90.4,14.78,36.2,0.41,0.04,2.5,151.14,98,0.0,0
9907,統一實,其他,1.36,46160570000.0,33941595588.23529,0.53,40679043043.274666,1.2,22.5,33.17,12.86,46.03,15.43,55.24,27.0,17.1,1.58,0.9,3.23,14.38,181,3.7,1
9908,大台北,油電燃氣業,1.72,3392932000.0,1972634883.7209303,0.62,3322102665.5148606,1.68,17.05,7.25,13.58,20.83,22.81,34.99,28.65,29.45,0.97,0.77,1.19,1.24,70,0.64,54
9912,偉聯,電子工業,-1.12,495111000.0,0.0,0.0,522468929.6222243,0.0,0.0,0.0,0.0,0.0,0.0,0.0,0.0,12.65,0.0,0.0,0.0,25.31,13,6.81,103
9917,中保科,其他,6.77,19003491000.0,2807014918.759232,2.85,19220361634.29444,6.85,18.98,8.51,15.44,23.95,105.76,164.06,129.99,114.0,1.14,0.93,1.44,12.08,117,2.08,35
9918,欣天然,油電燃氣業,1.61,2060972000.0,1280106832.2981365,0.78,1932808603.2724588,1.51,21.6,18.37,17.06,35.43,25.76,53.5,32.61,42.8,0.76,0.6,1.25,4.73,44,7.11,71
9919,康那香,其他,-2.43,2744027000.0,0.0,0.0,2523437220.8834434,0.0,5.71,2.58,4.62,7.2,0.0,0.0,0.0,14.55,0.0,0.0,0.0,8.28,40,28.57,21
9925,新保,其他,2.37,8025348000.0,3386222784.8101263,1.04,8641786598.396183,2.55,17.61,2.54,16.31,18.85,41.59,48.07,44.89,40.4,1.11,1.03,1.19,2.15,34,0.72,76
9926,新海,油電燃氣業,2.68,2462571000.0,918869776.1194029,1.23,2455095766.5582147,2.67,19.61,3.34,18.33,21.67,48.94,57.86,52.35,49.35,1.06,0.99,1.17,2.39,9,0.0,0
9927,泰銘,其他,4.28,7937924000.0,1854655140.1869159,1.6,8541436035.470964,4.61,12.2,8.48,9.53,18.01,43.93,83.03,56.25,69.2,0.81,0.63,1.2,0.0,0,1.69,1
8435,鉅邁,其他,3.91,624566000.0,159735549.87212276,1.7,637917243.3126953,3.99,15.49,4.95,14.04,18.99,56.02,75.77,61.79,56.0,1.1,1.0,1.35,9.33,181,3.21,18
7728,光焱科技,其他電子類,4.95,338524000.0,68388686.86868687,2.22,434369706.9108512,6.35,97.75,251.6,24.4,276.0,154.94,1752.6,620.73,800.0,0.78,0.19,2.19,10.73,167,44.93,148
8431,匯鑽科,其他電子類,-3.9,1070130000.0,0.0,0.0,1050505122.2821845,0.0,100.1,132.76,30.65,163.41,0.0,0.0,0.0,60.7,0.0,0.0,0.0,24.58,133,0.0,0
8112A,至上甲特,電子工業,0.0,0.0,0.0,0.0,0.0,0.0,0.0,0.0,0.0,0.0,0.0,0.0,0.0,46.2,0.0,0.0,0.0,1.16,44,1.96,47
8114,振樺電,電子工業,18.5,18973096000.0,1025572756.7567568,6.17,11771475517.862354,11.48,20.05,34.25,8.05,42.3,92.41,485.6,230.2,198.5,1.16,0.47,2.45,83.13,168,14.95,13
8121,越峰,電子零組件業,-0.31,2993414000.0,0.0,0.0,3656535983.67073,0.0,51.41,80.42,22.47,102.89,0.0,0.0,0.0,30.8,0.0,0.0,0.0,38.21,28,67.48,172
8131,福懋科,半導體業,1.35,9623157000.0,7128264444.444444,0.7,13007788729.84709,1.82,35.94,96.55,11.42,107.97,20.78,196.51,65.41,65.9,0.99,0.32,2.98,6.57,27,53.52,183
8147,正淩,電子零組件業,3.08,1564956000.0,508102597.40259737,1.61,2056310019.7362194,4.05,46.55,38.72,31.43,70.15,127.29,284.11,188.52,154.5,1.22,0.82,1.84,45.91,69,23.35,152
8150,南茂,半導體業,0.7,23509652000.0,33585217142.857143,0.35,29727806787.122566,0.89,54.58,206.35,10.92,217.27,9.72,193.37,48.57,92.7,0.52,0.1,2.09,0.55,14,35.88,173
8112,至上,電子通路業,5.02,219865076000.0,43797823904.38248,3.94,424126574689.6876,9.68,21.57,37.51,11.96,49.47,115.77,478.87,208.77,89.3,2.34,1.3,5.36,0.0,0,47.14,182
8163,達方,電子工業,0.51,25049470000.0,49116607843.13725,0.22,27090897489.358166,0.55,22.72,50.0,8.33,58.33,4.58,32.08,12.5,29.75,0.42,0.15,1.08,1.41,28,6.87,183
8176,智捷,通信網路業,0.39,401727000.0,1030069230.7692307,0.11,222718990.347347,0.22,49.39,166.25,12.5,178.75,2.75,39.33,10.87,10.15,1.07,0.27,3.87,42.66,173,6.28,152
8182,加高,電子零組件業,0.44,2880401000.0,6546365909.090909,0.18,2879306630.2631125,0.44,25.27,90.17,10.06,100.23,4.43,44.1,11.12,39.5,0.28,0.11,1.12,7.91,114,1.15,6
8183,精星,其他電子類,2.39,7367798000.0,3082760669.4560666,0.85,7836601952.833823,2.54,11.96,9.27,8.13,17.4,20.65,44.2,30.37,32.25,0.94,0.64,1.37,6.83,170,22.24,176
8201,無敵,其他電子業,-0.35,457909000.0,0.0,0.0,526878735.23067904,0.0,0.0,0.0,0.0,0.0,0.0,0.0,0.0,12.7,0.0,0.0,0.0,10.05,82,60.76,110
8155,博智,電子零組件業,6.9,4795545000.0,695006521.7391304,2.94,6650215048.719783,9.57,35.57,45.41,20.94,66.35,200.4,634.97,340.45,444.0,0.77,0.45,1.43,4.68,35,41.74,153
8110,華東,電子工業,2.47,7245046000.0,2933217004.0485826,0.92,7980498234.991476,2.72,55.39,90.02,18.31,108.33,49.8,294.66,150.65,48.55,3.1,1.03,6.07,24.66,47,135.51,183
8088,品安,半導體業,1.7,1503537000.0,884433529.4117647,0.89,2950737676.246826,3.34,109.85,407.9,13.21,421.11,44.12,1406.51,366.9,54.0,6.79,0.82,26.05,0.0,0,53.59,165
8089,康全電訊,通信網路業,-3.1,966852000.0,0.0,0.0,324373442.03672326,0.0,9.19,16.62,3.97,20.59,0.0,0.0,0.0,21.75,0.0,0.0,0.0,74.58,106,0.0,0
8092,建暐,其他電子類,0.0,342132000.0,0.0,0.0,410459018.0052331,0.0,868.33,8.33,865.0,873.33,0.0,0.0,0.0,18.05,0.0,0.0,0.0,30.15,63,0.0,0
8093,保銳,電子零組件業,-1.32,197523000.0,0.0,0.0,253354256.93102497,0.0,0.0,0.0,0.0,0.0,0.0,0.0,0.0,19.6,0.0,0.0,0.0,87.2,44,30.25,6
8096,擎亞,電子通路業,0.88,34409445000.0,39101642045.454544,0.34,26400870164.644188,0.68,43.27,106.45,9.88,116.33,6.72,79.1,29.42,95.9,0.31,0.07,0.82,55.74,111,10.5,174
8097,常珵,通信網路業,-1.13,268148000.0,0.0,0.0,220074431.90623277,0.0,138.6,84.54,107.83,192.37,0.0,0.0,0.0,52.6,0.0,0.0,0.0,24.46,163,10.58,81
8099,大世科,資訊服務業,2.64,4764597000.0,1804771590.9090908,1.22,6341307200.810641,3.51,33.58,29.22,22.92,52.14,80.45,183.01,117.88,61.3,1.92,1.31,2.99,83.18,58,7.99,133
8111,立碁,光電業,0.38,852145000.0,2242486842.105263,0.12,843412326.4890862,0.38,133.88,539.82,23.51,563.33,8.93,214.07,50.88,66.8,0.76,0.13,3.2,104.91,161,48.25,182
8101,華冠,通信網路業,-3.26,393227000.0,0.0,0.0,373617851.476039,0.0,0.0,0.0,0.0,0.0,0.0,0.0,0.0,12.45,0.0,0.0,0.0,1.6,27,27.76,130
8102,傑霖科技,半導體業,2.25,66699000.0,29644000.0,0.0,0.0,0.0,20.78,23.33,12.85,36.18,0.0,0.0,0.0,71.2,0.0,0.0,0.0,9.53,19,33.58,49
8103,瀚荃,電子工業,3.96,3334507000.0,842047222.2222222,1.92,3971312370.6340504,4.72,18.48,22.74,9.37,32.11,44.23,151.56,87.21,116.0,0.75,0.38,1.31,73.61,65,71.91,176
8104,錸寶,光電業,-0.55,3621838000.0,0.0,0.0,2368101673.6813354,0.0,1612.39,4320.0,180.0,4500.0,0.0,0.0,0.0,33.75,0.0,0.0,0.0,78.7,58,16.88,120
8105,凌巨,光電業,-0.3,8679610000.0,0.0,0.0,8589079619.308744,0.0,72.87,109.68,22.59,132.27,0.0,0.0,0.0,13.55,0.0,0.0,0.0,82.75,71,9.81,89
8107,大億金茂,電機機械,-0.53,962504000.0,0.0,0.0,752431667.206041,0.0,86.4,210.24,8.51,218.75,0.0,0.0,0.0,12.05,0.0,0.0,0.0,109.97,177,0.0,0
8109,博大,電子零組件業,6.17,1675345000.0,271530794.16531605,3.06,2137157820.0070913,7.87,14.93,9.73,11.18,20.91,87.99,164.56,117.51,119.5,0.98,0.74,1.38,3.68,9,38.89,125
8210,勤誠,電子工業,29.02,20900566000.0,720212474.1557547,16.5,32097965297.558853,44.57,25.97,34.95,11.7,46.65,521.47,2079.19,1157.45,1415.0,0.82,0.37,1.47,21.79,19,271.32,183
8213,志超,電子工業,2.28,17992158000.0,7891297368.421053,0.81,20264614893.0097,2.57,11.67,8.27,8.93,17.2,22.95,44.2,29.99,38.0,0.79,0.6,1.16,0.0,0,21.05,111
8349A,恒耀甲特,鋼鐵工業,0.0,0.0,0.0,0.0,0.0,0.0,0.0,0.0,0.0,0.0,0.0,0.0,0.0,47.3,0.0,0.0,0.0,11.84,145,1.95,26
8358,金居,電子零組件業,4.21,7752647000.0,1841483847.9809976,1.78,10823598311.367712,5.88,38.19,100.84,10.56,111.4,62.09,655.03,224.57,454.5,0.49,0.14,1.44,18.61,64,443.57,125
8367,建新國際,航運業,3.8,3216539000.0,846457631.5789474,1.6,3384435170.5404353,4.0,13.58,7.16,11.11,18.27,44.44,73.08,54.33,42.05,1.29,1.06,1.74,15.86,65,2.27,11
8374,羅昇,電機機械,-0.55,4702943000.0,0.0,0.0,5859907229.874635,0.0,292.36,1015.96,62.61,1078.57,0.0,0.0,0.0,88.6,0.0,0.0,0.0,417.36,119,37.47,110
8401,白紗科,其他,2.71,1544829000.0,570047601.4760147,0.91,1595333367.3384645,2.8,11.17,4.14,9.2,13.34,25.76,37.35,31.28,24.2,1.29,1.06,1.54,4.67,21,3.02,153
8403,盛弘,生技醫療業,1.06,4335731000.0,4090312264.1509433,0.36,4483883255.386717,1.1,22.7,22.4,15.69,38.09,17.26,41.9,24.97,21.1,1.18,0.82,1.99,5.61,51,0.7,1
8349,恒耀,鋼鐵工業,2.02,11746755000.0,5815225247.524753,0.83,11136974130.902006,1.92,16.61,14.2,11.08,25.28,21.27,48.54,31.89,45.1,0.71,0.47,1.08,3.79,2,2.86,6
8404,百和興業-KY,其他,1.46,7460968000.0,5110252054.79452,0.64,7677884711.747193,1.5,33.07,78.39,11.61,90.0,17.42,135.0,49.61,17.15,2.89,1.02,7.87,75.0,167,36.59,168
8410,森田,電腦及週邊設備業,3.27,1129401000.0,345382568.80733943,1.1,937100574.5188526,2.71,11.4,10.73,6.16,16.89,16.69,45.77,30.89,36.55,0.85,0.46,1.25,29.19,100,6.77,5
8411,福貞-KY,其他,-0.69,9151695000.0,0.0,0.0,10754434234.598257,0.0,55.83,52.97,42.03,95.0,0.0,0.0,0.0,12.25,0.0,0.0,0.0,6.32,152,0.37,1
8415,大國鋼,鋼鐵工業,3.05,23061004000.0,7560984918.032787,1.43,25981121045.277718,3.44,13.65,6.43,10.98,17.41,37.77,59.89,46.94,34.35,1.37,1.1,1.74,5.31,23,7.73,83
8416,實威,資訊服務業,13.46,1712393000.0,127220876.67161961,6.49,1755637973.1601336,13.8,14.8,7.23,12.31,19.54,169.88,269.65,204.29,172.5,1.18,0.98,1.56,32.03,28,2.62,168
8421,旭源,其他,-0.39,1155501000.0,0.0,0.0,1281080800.3116553,0.0,613.0,177.5,500.0,677.5,0.0,0.0,0.0,13.65,0.0,0.0,0.0,23.95,134,27.31,55
8424,惠普,建材營造,5.8,1077627000.0,185797758.62068966,2.45,1070510471.2422544,5.76,14.99,4.66,12.79,17.45,73.67,100.51,86.32,74.1,1.16,0.99,1.36,2.79,34,5.69,35
8426,紅木-KY,其他,1.85,2774857000.0,1499922702.7027025,0.71,2769281528.673471,1.85,9.11,7.99,6.33,14.32,11.71,26.49,16.85,22.6,0.75,0.52,1.17,1.38,5,0.0,0
8429,金麗-KY,貿易百貨,0.12,150489000.0,1254075000.0,0.03,123904192.42902207,0.1,217.3,648.5,54.0,702.5,5.4,70.25,21.73,6.53,3.33,0.83,10.76,19.12,153,5.23,8
8409,商之器,生技醫療業,0.24,277797000.0,1157487500.0,0.1,281618199.22688824,0.24,99.51,351.65,14.06,365.71,3.37,87.77,23.88,19.6,1.22,0.17,4.48,14.39,54,15.75,152
8342,益張,其他,5.97,1662869000.0,278537520.93802345,2.5,1645143421.7374754,5.91,13.13,5.74,10.08,15.82,59.57,93.5,77.57,0.0,0.0,0.0,0.0,24.9,65,6.21,146
8215,明基材,光電業,-1.14,17976113000.0,0.0,0.0,17855654989.84117,0.0,204.63,1084.56,25.44,1110.0,0.0,0.0,0.0,27.05,0.0,0.0,0.0,5.26,70,10.8,12
8222,寶一,電機機械,0.55,929257000.0,1689558181.8181818,0.25,1009855772.2765348,0.6,47.34,58.41,25.3,83.71,15.18,50.23,28.4,37.95,0.75,0.4,1.32,2.8,9,1.22,1
8227,巨有科技,半導體業,2.05,1303125000.0,635670731.7073171,1.19,2790256767.769374,4.39,94.36,168.18,51.6,219.78,226.52,964.83,414.24,219.0,1.89,1.03,4.41,15.47,22,43.88,111
8234,新漢,電腦及週邊設備業,0.4,5778088000.0,14445220000.0,0.14,4536912862.92277,0.31,149.67,282.3,42.44,324.74,13.16,100.67,46.4,70.5,0.66,0.19,1.43,19.18,64,58.07,102
8240,華宏,光電業,2.18,7203456000.0,3304337614.678899,0.83,6258711080.979093,1.89,16.15,25.64,8.67,34.31,16.39,64.85,30.53,67.5,0.45,0.24,0.96,41.35,184,30.62,112
8249,菱光,電子工業,4.04,3641509000.0,901363613.8613862,1.54,3623244225.5477567,4.02,19.28,33.31,13.51,46.82,54.31,188.22,77.52,49.65,1.56,1.09,3.79,152.58,173,39.87,109
8255,朋程,電機機械,6.33,8097224000.0,1279182306.4770932,2.07,7886915097.5640955,6.17,20.56,15.45,12.62,28.07,77.87,173.19,126.83,145.5,0.87,0.54,1.19,24.19,41,21.43,123
8261,富鼎,半導體業,5.73,3105660000.0,542000000.0,2.39,3305448991.800196,6.1,19.88,16.7,12.64,29.34,77.1,178.97,121.29,126.0,0.96,0.61,1.42,18.56,184,38.13,172
8271,宇瞻,半導體業,6.7,10908622000.0,1628152537.3134327,7.14,36296904707.39114,22.29,21.72,41.81,7.97,49.78,177.65,1109.6,484.05,260.5,1.86,0.68,4.26,0.0,0,137.6,172
8272,全景軟體,資訊服務業,4.66,473954000.0,101706866.9527897,1.86,511674018.90413153,5.03,19.92,16.7,14.42,31.12,72.53,156.53,100.22,76.1,1.32,0.95,2.06,71.84,169,16.42,126
8277,商丞,半導體業,-0.38,252859000.0,0.0,0.0,136410944.96401054,0.0,0.0,0.0,0.0,0.0,0.0,0.0,0.0,7.1,0.0,0.0,0.0,38.97,49,62.85,152
8279,生展,生技醫療業,10.03,2123580000.0,211722831.50548357,3.87,1982295175.1055286,9.36,13.72,7.83,10.38,18.21,97.16,170.45,128.39,99.1,1.3,0.98,1.72,9.06,44,16.39,5
8284,三竹,資訊服務業,4.74,2937789000.0,619786708.8607595,1.64,3188602219.121786,5.14,13.53,5.81,10.79,16.6,55.46,85.32,69.54,64.2,1.08,0.86,1.33,5.62,62,3.67,4
8289,泰藝,電子零組件業,0.04,1725495000.0,43137375000.0,0.02,1734120293.7312062,0.04,434.51,1390.89,24.11,1415.0,0.96,56.6,17.38,48.8,0.36,0.02,1.16,7.88,13,12.28,138
8291,尚茂,電子零組件業,-1.51,2612000.0,0.0,0.0,7120713.846153846,0.0,0.0,0.0,0.0,0.0,0.0,0.0,0.0,35.4,0.0,0.0,0.0,164.13,27,379.85,95
8299,群聯,半導體業,41.96,68473723000.0,1631880910.3908484,30.44,185277561827.2005,113.54,24.58,65.21,10.42,75.63,1183.09,8587.03,2790.65,2430.0,1.15,0.49,3.53,0.0,0,151.35,182
8432,東生華,生技醫療業,3.62,1340047000.0,370178729.28176796,1.35,1414402094.9578643,3.82,19.89,16.06,13.02,29.08,49.74,111.09,75.98,51.3,1.48,0.97,2.17,8.39,49,12.42,166
6756,威鋒電子,半導體業,1.11,1540487000.0,1387826126.126126,0.52,1655763824.5174105,1.19,63.41,52.33,35.33,87.66,42.04,104.32,75.46,92.8,0.81,0.45,1.12,8.83,43,16.99,15
6761,穩得,電子零組件業,7.35,1989199000.0,270639319.72789115,2.88,1770674679.079736,6.54,19.03,20.05,10.23,30.28,66.9,198.03,124.43,206.0,0.6,0.32,0.96,21.13,58,72.26,118
6762,達亞,生技醫療業,0.73,705600000.0,966575342.4657534,0.25,588111027.8666058,0.61,186.64,269.43,94.67,364.1,57.75,222.1,113.85,0.0,0.0,0.0,0.0,22.15,35,0.0,0
6767,台微醫,生技醫療業,-0.5,322308000.0,0.0,0.0,307407485.93294775,0.0,0.0,0.0,0.0,0.0,0.0,0.0,0.0,27.6,0.0,0.0,0.0,2.16,1,10.82,14
6770,力積電,半導體業,-1.86,45962445000.0,0.0,0.0,56098381587.31672,0.0,32.37,6.78,29.32,36.1,0.0,0.0,0.0,61.4,0.0,0.0,0.0,12.55,40,133.57,175
6776,展碁國際,電子工業,4.2,28833106000.0,6865025238.095238,1.97,36077092815.96078,5.26,13.14,8.84,10.6,19.44,55.76,102.25,69.13,58.3,1.19,0.96,1.75,1.08,20,14.07,56
6781,AES-KY,電子工業,38.2,15649550000.0,409674083.7696335,18.53,20026651372.031864,48.88,33.96,33.96,21.47,55.43,1049.45,2709.42,1660.2,1230.0,1.35,0.85,2.2,2.0,7,48.65,92
6782,視陽,化學生技醫療,14.08,4126829000.0,293098650.5681818,5.34,5410619323.625086,18.46,20.87,38.3,12.33,50.63,227.61,934.63,385.34,196.0,1.97,1.16,4.77,21.44,61,22.87,99
6753,龍德造船,航運業,5.97,5357790000.0,897452261.3065327,2.18,5294197065.785225,5.9,21.75,36.41,13.84,50.25,81.66,296.48,128.35,145.0,0.89,0.56,2.04,39.83,51,94.74,125
6751,智聯服務,資訊服務業,5.21,1831365000.0,351509596.92898273,2.02,1459353371.8400366,4.15,37.99,65.31,7.56,72.87,31.37,302.41,157.65,50.0,3.15,0.63,6.05,17.71,34,17.55,183
6722,輝創,電子工業,4.93,418495000.0,84887423.93509129,0.0,0.0,0.0,15.31,5.11,13.28,18.39,0.0,0.0,0.0,40.7,0.0,0.0,0.0,1.31,5,26.9,168
6725,矽科宏晟,其他電子類,12.98,667194000.0,51401694.915254235,0.0,0.0,0.0,19.25,18.41,13.1,31.51,0.0,0.0,0.0,327.0,0.0,0.0,0.0,24.68,54,91.67,110
6727,亞泰金屬,電子零組件業,6.8,1497054000.0,220155000.0,4.3,3731976984.4341273,16.95,24.24,59.36,8.8,68.16,149.16,1155.31,410.86,504.0,0.82,0.3,2.29,38.97,180,284.8,125
6730,常廣,生技醫療業,2.14,120733000.0,56417289.719626166,0.0,0.0,0.0,17.24,2.07,16.29,18.36,0.0,0.0,0.0,37.6,0.0,0.0,0.0,0.0,0,19.81,145
6732,昇佳電子,半導體業,6.21,4524877000.0,728643639.2914654,2.51,4305058970.090895,5.91,22.24,19.68,13.89,33.57,82.09,198.4,131.46,164.0,0.8,0.5,1.21,8.6,37,46.57,130
6733,博晟生醫,生技醫療業,-0.69,219222000.0,0.0,0.0,246357290.8432488,0.0,0.0,0.0,0.0,0.0,0.0,0.0,0.0,28.3,0.0,0.0,0.0,8.39,55,72.23,130
6752,叡揚,資訊服務業,7.58,2005986000.0,264641952.5065963,3.19,2084754391.6714604,7.88,19.88,19.05,13.77,32.82,108.51,258.62,156.66,103.0,1.52,1.05,2.51,10.3,62,3.6,1
6735,美達科技,其他電子類,0.33,328512000.0,995490909.090909,0.17,506852591.7927754,0.51,176.99,1102.02,19.23,1121.25,9.81,571.84,90.26,126.5,0.71,0.08,4.52,9.66,27,94.37,138
6739,竹陞科技,其他電子類,16.13,761022000.0,47180533.16800992,10.23,1490450550.4455373,31.59,59.49,83.94,26.45,110.39,835.56,3487.22,1879.31,1325.0,1.42,0.63,2.63,145.86,127,241.54,148
6742,澤米,光電業,-1.51,550879000.0,0.0,0.0,332909609.0613117,0.0,372.48,775.72,136.5,912.22,0.0,0.0,0.0,38.65,0.0,0.0,0.0,7.04,167,17.99,118
6743,安普新,其他電子業,0.71,5559377000.0,7830108450.704226,0.2,5216142118.280659,0.67,52.53,120.84,13.31,134.15,8.92,89.88,35.19,29.8,1.18,0.3,3.02,19.5,118,9.22,132
6785,昱展新藥,生技醫療業,-1.2,1753000.0,0.0,0.0,0.0,0.0,588.22,2954.17,20.83,2975.0,0.0,0.0,0.0,137.0,0.0,0.0,0.0,9.33,19,103.45,166
6821,聯寶,電子零組件業,1.13,587770000.0,520150442.4778761,0.43,502779782.9816533,0.97,35.62,40.28,23.02,63.3,22.33,61.4,34.55,51.0,0.68,0.44,1.2,52.34,174,5.34,1
6823,濾能,半導體業,-8.03,631530000.0,0.0,0.0,687552288.4803258,0.0,0.0,0.0,0.0,0.0,0.0,0.0,0.0,88.7,0.0,0.0,0.0,8.08,154,82.65,180
4930,燦星網,電器電纜,0.6,6237349000.0,10395581666.666668,0.17,4773711196.406152,0.46,13.41,26.8,7.78,34.58,3.58,15.91,6.17,17.85,0.35,0.2,0.89,3.45,5,0.4,1
6831,邁科,電子工業,4.93,959783000.0,194682150.1014199,0.0,0.0,0.0,161.6,178.0,71.24,249.24,0.0,0.0,0.0,540.0,0.0,0.0,0.0,16.13,21,145.24,123
6834,天二科技,電子工業,0.51,1428164000.0,2800321568.627451,0.19,1649417383.0204685,0.59,327.81,1352.96,32.04,1385.0,18.9,817.15,193.41,48.1,4.02,0.39,16.99,75.65,69,7.02,13
6835,圓裕,電子工業,0.97,2406345000.0,2480768041.2371135,0.3,2259342960.22398,0.91,15.24,33.14,8.2,41.34,7.46,37.62,13.87,38.4,0.36,0.19,0.98,7.59,5,22.76,47
6788,華景電,半導體業,17.37,2543412000.0,146425561.31260794,6.12,2940748884.9746523,20.08,19.92,21.45,9.8,31.25,196.78,627.5,400.02,454.5,0.88,0.43,1.38,113.62,113,61.28,113
6789,采鈺,半導體業,4.01,9100411000.0,2269429177.057357,1.71,9116234490.310526,4.02,88.58,227.9,30.38,258.28,122.13,1038.29,356.08,603.0,0.59,0.2,1.72,37.43,64,54.92,123
6790,永豐實,造紙工業,3.03,10716158000.0,3536685808.580858,1.0,10301012009.524078,2.91,13.68,4.84,11.68,16.52,33.99,48.07,39.81,40.05,0.99,0.85,1.2,0.0,0,5.31,64
6791,虎門科技,資訊服務業,4.16,785380000.0,188793269.23076922,1.97,897434074.8087277,4.75,27.05,20.38,19.12,39.5,90.82,187.62,128.47,120.0,1.07,0.76,1.56,107.2,183,34.21,113
6792,詠業,通信網路業,2.23,1315481000.0,589901793.7219731,0.93,1351943455.213823,2.29,25.04,20.85,16.58,37.43,37.97,85.71,57.35,56.8,1.01,0.67,1.51,4.39,28,29.32,119
6796,晉弘,化學生技醫療,0.13,698679000.0,5374453846.153846,0.04,632955874.5777348,0.12,235.85,506.39,37.99,544.38,4.56,65.33,28.3,69.7,0.41,0.07,0.94,21.95,64,25.1,168
6799,來頡,半導體業,3.71,954586000.0,257300808.62533692,1.62,993041157.3632959,3.86,30.22,25.07,20.03,45.1,77.32,174.09,116.63,88.9,1.31,0.87,1.96,12.54,43,23.6,7
6805,富世達,電子工業,31.0,12078622000.0,389632967.7419355,17.26,20538371335.763023,52.71,54.26,55.22,20.98,76.2,1105.86,4016.5,2860.31,1980.0,1.44,0.56,2.03,29.66,152,215.05,179
6721,信實,其他,4.65,3597037000.0,773556344.0860214,1.63,3856423062.939126,4.99,13.4,4.14,11.75,15.89,58.63,79.29,66.86,57.6,1.16,1.02,1.38,6.29,182,11.15,127
6720,久昌,半導體業,4.19,445852000.0,106408591.88544151,1.47,316660675.8847901,2.98,28.97,26.83,18.41,45.24,54.86,134.82,86.34,163.0,0.53,0.34,0.83,48.75,76,0.6,34
6719,力智,電子工業,6.58,4540355000.0,690023556.231003,2.47,4508946133.166387,6.53,82.29,113.97,23.97,137.94,156.52,900.75,537.34,187.0,2.87,0.84,4.82,16.05,20,12.6,137
6625,必應,其他,8.88,4041795000.0,455157094.59459454,2.87,7666310287.474318,16.84,13.6,16.44,8.27,24.71,139.27,416.12,228.95,74.0,3.09,1.88,5.62,4.33,35,39.87,57
6637,醫影,生技醫療業,7.16,1068011000.0,149163547.48603353,2.59,1723285623.7692037,11.55,14.19,15.3,8.79,24.09,101.52,278.24,163.88,71.3,2.3,1.42,3.9,45.27,43,44.91,46
6640,均華,半導體業,12.75,2608139000.0,204559921.56862745,5.59,4510345404.949898,22.05,62.05,116.56,21.48,138.04,473.63,3043.78,1368.21,1395.0,0.98,0.34,2.18,151.78,111,117.11,138
6642,富致,電子零組件業,2.6,541366000.0,208217692.3076923,1.19,556551311.8192352,2.67,21.32,18.11,13.91,32.02,37.14,85.49,56.91,64.4,0.88,0.58,1.33,17.62,168,8.1,4
6643,M31,半導體業,1.69,1664726000.0,985044970.4142013,0.82,1946067065.6060982,1.98,290.42,16187.77,62.23,16250.0,123.22,32175.0,575.04,621.0,0.93,0.2,51.81,27.95,70,14.6,6
6649,台生材,生技醫療業,1.4,213984000.0,152845714.2857143,0.36,134781090.7417421,0.88,53.51,94.17,27.86,122.03,24.52,107.39,47.09,39.5,1.19,0.62,2.72,22.37,180,85.73,159
6651,全宇昕,半導體業,6.31,1527269000.0,242039461.17274168,2.73,1518098892.4233208,6.27,12.85,9.81,8.45,18.26,52.98,114.49,80.56,121.5,0.66,0.44,0.94,53.9,152,1.91,6
6654,天正國際,其他電子類,0.0,348044000.0,0.0,0.0,518832088.1479098,0.0,9005.53,880.0,8500.0,9380.0,0.0,0.0,0.0,89.6,0.0,0.0,0.0,1.78,58,33.93,182
6655,科定,其他,3.93,2573178000.0,654752671.7557251,1.45,3134733964.669028,4.79,30.27,14.35,24.29,38.64,116.35,185.09,145.01,138.5,1.05,0.84,1.34,26.58,117,3.23,18
6657,華安,化學生技醫療,-2.93,7153000.0,0.0,0.0,10609697.632871818,0.0,0.0,0.0,0.0,0.0,0.0,0.0,0.0,41.0,0.0,0.0,0.0,8.7,43,26.0,14
6658,聯策,其他電子業,1.39,2060888000.0,1482653237.410072,0.73,2251169561.1640177,1.52,104.98,417.25,40.37,457.62,61.36,695.58,159.57,160.5,0.99,0.38,4.33,162.25,170,51.51,55
6592,和潤企業,其他,4.73,23894153000.0,5051617970.4016905,1.53,22527490474.98119,4.46,16.85,9.77,12.34,22.11,55.04,98.61,75.13,60.7,1.24,0.91,1.62,1.69,65,0.0,0
6592A,和潤企業甲特,其他,0.0,0.0,0.0,0.0,0.0,0.0,0.0,0.0,0.0,0.0,0.0,0.0,0.0,0.0,0.0,0.0,0.0,1.52,54,2.71,165
6592B,和潤企業乙特,其他,0.0,0.0,0.0,0.0,0.0,0.0,0.0,0.0,0.0,0.0,0.0,0.0,0.0,97.3,0.0,0.0,0.0,0.95,55,1.33,139
6593,台灣銘板,資訊服務業,-2.06,428382000.0,0.0,0.0,348676954.0722833,0.0,86.54,117.8,46.3,164.1,0.0,0.0,0.0,35.35,0.0,0.0,0.0,0.0,0,80.72,50
6596,寬宏藝術,文化創意業,18.83,3139203000.0,166712851.8321827,5.9,4849010821.446796,29.09,12.02,17.67,5.06,22.73,147.2,661.22,349.65,98.5,3.55,1.49,6.71,0.0,0,65.74,116
6597,立誠,電子零組件業,2.54,632474000.0,249005511.81102362,0.9,1021073349.6893557,4.1,22.59,19.03,14.28,33.31,58.55,136.57,92.62,68.2,1.36,0.86,2.0,15.88,184,3.11,6
6598,ABC-KY,化學生技醫療,-1.97,445577000.0,0.0,0.0,795538189.2949971,0.0,0.0,0.0,0.0,0.0,0.0,0.0,0.0,22.5,0.0,0.0,0.0,67.58,44,23.18,145
6620,漢達,生技醫療業,4.85,163380000.0,33686597.93814433,0.0,0.0,0.0,17.75,7.41,13.92,21.33,0.0,0.0,0.0,70.7,0.0,0.0,0.0,4.46,5,99.34,158
6603,富強鑫,電機機械,0.61,4972290000.0,8151295081.967214,0.25,5444309224.070153,0.67,68.73,152.15,26.6,178.75,17.82,119.76,46.05,24.2,1.9,0.74,4.95,33.72,113,19.82,182
6605,帝寶,汽車工業,13.97,19461033000.0,1393058911.9541874,4.69,18695377506.62607,13.42,11.37,8.57,7.61,16.18,102.13,217.14,152.58,130.0,1.17,0.79,1.67,39.44,85,10.73,50
6606,建德工業,電機機械,1.1,807055000.0,733686363.6363636,0.51,921950741.5976807,1.26,27.6,12.02,21.51,33.53,27.1,42.25,34.78,25.35,1.37,1.07,1.67,32.1,120,2.14,116
6609,瀧澤科,電機機械,-1.53,2070606000.0,0.0,0.0,1721951021.8465123,0.0,28.79,44.32,14.78,59.1,0.0,0.0,0.0,42.6,0.0,0.0,0.0,237.11,169,5.45,7
6612,奈米醫材,生技醫療業,1.15,1091495000.0,949126086.9565219,0.55,1219826055.3562112,1.29,60.36,58.02,36.15,94.17,46.63,121.48,77.87,68.3,1.14,0.68,1.78,33.21,54,15.56,32
6613,朋億*,其他電子類,13.37,9026692000.0,675145250.5609574,6.13,9603125332.44739,14.22,12.17,10.33,8.33,18.66,118.45,265.35,173.0,245.5,0.7,0.48,1.08,2.46,7,28.32,113
6614,資拓宏宇,數位雲端,2.08,1407674000.0,676766346.1538461,0.0,0.0,0.0,25.92,11.32,21.03,32.35,0.0,0.0,0.0,41.0,0.0,0.0,0.0,11.21,1,42.48,125
6615,慧智,生技醫療業,-0.43,386891000.0,0.0,0.0,372136772.15722376,0.0,95.44,251.54,34.71,286.25,0.0,0.0,0.0,32.6,0.0,0.0,0.0,73.11,71,4.47,140
6617,共信-KY,生技醫療業,-0.92,35690000.0,0.0,0.0,42381065.80570268,0.0,0.0,0.0,0.0,0.0,0.0,0.0,0.0,63.0,0.0,0.0,0.0,0.0,0,15.62,15
6661,威健生技,生技醫療業,0.06,373224000.0,6220400000.0,0.02,414102158.8176759,0.07,267.48,288.0,186.0,474.0,13.02,33.18,18.72,17.8,1.05,0.73,1.86,62.45,75,17.38,148
6691,洋基工程,電子工業,25.51,21089903000.0,826730811.4464915,12.2,36710999223.2493,44.41,21.57,16.3,14.52,30.82,644.83,1368.72,957.96,654.0,1.46,0.99,2.09,15.19,61,24.84,117
6692,進能服,綠能環保類,0.23,1868331000.0,8123178260.869565,0.02,303051349.35313106,0.04,40.34,128.76,13.2,141.96,0.53,5.68,1.61,31.4,0.05,0.02,0.18,97.36,75,0.0,0
6693,廣閎科,半導體業,-0.09,1376725000.0,0.0,0.0,2215053348.62209,0.0,40.84,95.79,16.52,112.31,0.0,0.0,0.0,149.0,0.0,0.0,0.0,31.39,152,26.39,183
6695,芯鼎,半導體業,-1.83,1152118000.0,0.0,0.0,1102109996.6594307,0.0,0.0,0.0,0.0,0.0,0.0,0.0,0.0,52.9,0.0,0.0,0.0,52.3,48,18.04,123
6697,東捷資訊,資訊服務業,3.04,1414873000.0,465418750.0,1.09,1327286893.63888,2.85,16.63,7.79,13.29,21.08,37.88,60.08,47.38,41.2,1.15,0.92,1.46,8.61,15,36.89,113
6698,旭暉應材,其他電子業,-1.65,1142237000.0,0.0,0.0,1128409195.7257757,0.0,0.0,0.0,0.0,0.0,0.0,0.0,0.0,32.9,0.0,0.0,0.0,70.74,56,43.58,123
6703,軒郁,生技醫療業,10.31,3226692000.0,312967216.29485935,4.36,3726293263.652849,11.91,14.09,10.89,9.71,20.6,115.65,245.35,167.79,117.0,1.43,0.99,2.1,0.5,1,8.53,111
6706,惠特,光電業,-3.92,991895000.0,0.0,0.0,362493860.0123765,0.0,0.0,0.0,0.0,0.0,0.0,0.0,0.0,172.5,0.0,0.0,0.0,260.38,184,24.06,145
6708,天擎,半導體業,0.24,277169000.0,1154870833.3333335,0.06,253863108.09543127,0.22,1093.33,1481.0,154.0,1635.0,33.88,359.7,240.53,41.4,5.81,0.82,8.69,24.4,182,25.13,69
6712,長聖,生技醫療業,4.97,1030998000.0,207444265.59356138,1.95,1102202226.7266512,5.31,35.26,35.85,23.36,59.21,124.04,314.41,187.21,138.5,1.35,0.9,2.27,1.92,68,14.02,146
6715,嘉基,電子工業,1.8,1674401000.0,930222777.7777778,0.74,1899688194.237527,2.04,48.01,240.74,19.54,260.28,39.86,530.97,97.94,445.0,0.22,0.09,1.19,28.21,58,7.98,6
6716,應廣,半導體業,2.18,1094881000.0,502238990.82568806,1.29,1540619522.0543137,3.07,26.1,52.1,11.06,63.16,33.95,193.9,80.11,94.7,0.85,0.36,2.05,16.06,14,14.8,179
6684,安格,半導體業,1.57,315309000.0,200833757.96178344,0.65,296299536.3321055,1.48,36.49,33.0,19.95,52.95,29.53,78.37,54.0,48.5,1.11,0.61,1.62,17.14,70,42.0,166
6662,樂斯科,生技醫療業,1.66,268039000.0,161469277.10843375,0.56,256059097.28896257,1.59,19.38,6.31,16.21,22.52,25.77,35.81,30.82,29.5,1.04,0.87,1.21,13.08,64,8.62,60
6664,群翊,電子零組件業,15.08,2524979000.0,167438925.72944298,5.48,2999748417.197151,17.92,17.4,22.24,8.6,30.84,154.11,552.65,311.84,443.0,0.7,0.35,1.25,80.53,111,61.41,118
6666,羅麗芬-KY,化學生技醫療,2.42,1098789000.0,454045041.3223141,0.76,1078605123.9282267,2.38,25.39,23.83,16.47,40.3,39.2,95.91,60.44,41.4,1.46,0.95,2.32,0.0,0,49.03,110
6667,信紘科,其他電子類,13.77,6088926000.0,442187799.56427014,4.76,7686443283.999717,17.38,22.05,14.2,15.53,29.73,269.91,516.71,383.18,261.5,1.47,1.03,1.98,36.96,169,58.42,113
6668,中揚光,光電業,-1.93,1122085000.0,0.0,0.0,1420430799.5679436,0.0,0.0,0.0,0.0,0.0,0.0,0.0,0.0,36.7,0.0,0.0,0.0,0.0,0,46.8,50
6669,緯穎,電子工業,275.06,889139530000.0,3232529375.409002,143.4,1486671638675.716,459.91,20.09,26.54,12.0,38.54,5518.92,17724.93,9237.98,5200.0,1.78,1.06,3.41,23.8,42,103.02,176
6672,騰輝電子-KY,電子工業,4.85,4224417000.0,871013814.4329897,2.46,5197015321.25513,5.97,17.52,36.39,10.21,46.6,60.95,278.2,104.58,208.0,0.5,0.29,1.34,0.47,14,70.77,124
6674,鋐寶科技,通信網路業,-1.13,627271000.0,0.0,0.0,440855602.1194982,0.0,0.0,0.0,0.0,0.0,0.0,0.0,0.0,18.4,0.0,0.0,0.0,23.75,28,32.39,97
6679,鈺太,半導體業,6.81,1974965000.0,290009544.78707784,3.04,2054131491.5331955,7.08,37.8,34.87,21.84,56.71,154.63,401.51,267.66,331.0,0.81,0.47,1.21,24.22,19,8.81,50
6680,鑫創電子,電腦及週邊設備業,-0.29,552367000.0,0.0,0.0,680890825.5293602,0.0,35.71,59.55,15.2,74.75,0.0,0.0,0.0,54.0,0.0,0.0,0.0,0.0,0,13.13,13
6683,雍智科技,半導體業,15.42,2130984000.0,138196108.94941634,7.75,2789879126.260917,20.19,32.28,152.12,14.22,166.34,287.1,3358.4,651.81,2210.0,0.29,0.13,1.52,47.35,55,56.57,113
6838,台新藥,化學生技醫療,-0.54,6269000.0,0.0,0.0,513414213.8047138,0.0,0.0,0.0,0.0,0.0,0.0,0.0,0.0,26.9,0.0,0.0,0.0,7.79,43,62.2,47
6968,萬達寵物,居家生活類,2.51,3188322000.0,1270247808.7649403,1.18,3662920525.2367916,2.88,27.1,20.55,17.4,37.95,50.11,109.3,78.04,42.7,1.83,1.17,2.56,21.16,50,6.56,69
6971,惠民實業,綠能環保類,2.42,988744000.0,408571900.8264463,0.0,0.0,0.0,16.01,19.54,11.71,31.25,0.0,0.0,0.0,29.3,0.0,0.0,0.0,0.0,0,25.75,126
6967,汎瑋材料,電子零組件業,4.03,1382324000.0,343008436.72456574,1.91,1719050729.8178885,5.01,17.96,11.61,11.82,23.43,59.22,117.38,89.97,76.4,1.18,0.78,1.54,14.37,58,49.61,126
6982,大井泵浦,電機機械,0.06,1606908000.0,26781800000.0,0.03,1784141122.843231,0.07,135.06,981.88,14.79,996.67,1.04,69.77,9.45,52.6,0.18,0.02,1.33,24.36,22,60.33,106
6994,富威電力,綠能環保,6.34,3365121000.0,530776182.9652997,5.3,12476182689.448025,23.51,63.21,123.13,9.92,133.05,233.22,3128.01,1486.02,64.4,23.07,3.62,48.57,31.74,63,18.14,12
6996,力領科技,半導體業,12.16,2658119000.0,218595312.5,5.82,3044349643.463335,13.93,13.43,7.04,9.21,16.25,128.3,226.36,187.07,185.0,1.01,0.69,1.22,10.46,44,1.54,6
6997,博弘,數位雲端類,5.11,4391103000.0,859315655.5772994,1.77,4811404550.183094,5.6,20.63,11.26,13.93,25.19,78.01,141.06,115.52,70.6,1.64,1.1,2.0,17.27,184,3.7,53
6965,中傑-KY,運動休閒,3.52,22451409000.0,6378241193.181818,1.01,17114289413.20472,2.68,13.82,18.11,8.04,26.15,21.55,70.08,37.04,84.7,0.44,0.25,0.83,0.0,0,2.19,5
6962,奕力-KY,電子工業,2.89,19108313000.0,6611873010.380623,0.83,17004801875.568457,2.57,13.55,18.74,8.64,27.38,22.2,70.37,34.82,38.3,0.91,0.58,1.84,15.57,80,14.64,6
6944,兆聯實業,綠能環保,32.15,13084153000.0,406972099.533437,16.52,71750696945.0066,176.3,24.15,14.12,17.77,31.89,3132.85,5622.21,4256.82,964.0,4.42,3.25,5.83,20.81,76,62.94,182
6953,家碩,半導體業,7.98,1234907000.0,154750250.6265664,3.67,1571766914.0913548,10.16,29.92,24.48,17.52,42.0,178.0,426.72,304.0,277.5,1.1,0.64,1.54,10.1,62,48.26,153
6955,邦睿生技-創,創新板股票,4.42,299178000.0,67687330.31674208,2.14,352663411.04864335,5.21,46.66,22.56,38.14,60.7,198.71,316.25,243.11,159.0,1.53,1.25,1.99,7.52,70,44.3,91
6957,裕慶-KY,其他,10.2,3808258000.0,373358627.4509804,4.51,4442771877.936095,11.9,15.46,13.47,10.46,23.93,124.47,284.77,183.92,159.5,1.15,0.78,1.79,0.0,0,31.38,183
6958,日盛台駿,其他,-2.4,10918289000.0,0.0,0.0,9796394084.40299,0.0,27.91,28.82,17.08,45.9,0.0,0.0,0.0,19.05,0.0,0.0,0.0,14.36,34,4.08,74
6958A,日盛台駿甲特,其他,0.0,0.0,0.0,0.0,0.0,0.0,0.0,0.0,0.0,0.0,0.0,0.0,0.0,18.3,0.0,0.0,0.0,0.0,0,0.0,0
6961,旅天下,觀光餐旅,4.23,248963000.0,58856501.18203309,0.0,0.0,0.0,13.5,2.45,11.85,14.3,0.0,0.0,0.0,60.9,0.0,0.0,0.0,19.35,44,11.02,138
6952,大武山,其他,-1.2,1663305000.0,0.0,0.0,3529759972.750859,0.0,30.54,27.8,21.29,49.09,0.0,0.0,0.0,37.55,0.0,0.0,0.0,0.0,0,2.45,4
7402,邑錡,光電業,0.1,534763000.0,5347630000.0,0.03,439309313.3353133,0.08,250.09,1292.47,42.53,1335.0,3.4,106.8,20.01,125.5,0.16,0.03,0.85,0.42,7,87.21,123
7703,銳澤,其他電子類,8.72,2572226000.0,294980045.8715596,2.6,2684404164.5054145,9.1,23.13,19.07,14.3,33.37,130.13,303.67,210.48,209.5,1.0,0.62,1.45,0.0,0,121.46,116
7704,明遠精密,半導體業,2.07,657463000.0,317614975.84541065,0.92,729440581.7900766,2.3,24.93,16.51,15.62,32.13,35.93,73.9,57.33,58.7,0.98,0.61,1.26,8.94,70,11.37,12
7705,三商餐飲,觀光餐旅,1.93,6491220000.0,3363326424.870466,0.8,6861160332.062853,2.04,22.85,18.54,14.33,32.87,29.23,67.05,46.61,32.3,1.44,0.9,2.08,16.94,173,0.0,0
7708,全家餐飲,觀光餐旅,6.46,2693523000.0,416954024.7678019,2.31,3023599583.503994,7.25,16.57,4.53,14.02,18.55,101.64,134.49,120.17,92.0,1.31,1.1,1.46,8.11,180,5.79,127
7709,榮田,電機機械,2.51,982361000.0,391378884.4621514,1.35,1187466938.6662936,3.03,15.2,28.22,7.38,35.6,22.36,107.87,46.06,84.2,0.55,0.27,1.28,23.68,61,8.91,8
7711,永擎,電子工業,13.04,8581110000.0,658060582.822086,0.0,0.0,0.0,23.52,24.77,17.28,42.05,0.0,0.0,0.0,467.0,0.0,0.0,0.0,23.01,80,98.15,147
7713,威力德生醫,生技醫療業,4.64,1092554000.0,235464224.13793105,2.08,1314101934.6529603,5.58,16.76,7.77,13.45,21.22,75.05,118.41,93.53,68.9,1.36,1.09,1.72,0.0,0,40.62,126
7714,創泓科技,數位雲端類,6.33,1817600000.0,287140600.31595576,2.25,1851043718.4177604,6.45,21.99,16.26,14.81,31.07,95.52,200.4,141.82,131.5,1.08,0.73,1.52,9.57,64,16.67,126
7715,裕山,綠能環保類,3.11,1363429000.0,438401607.7170418,0.62,578458405.1954904,1.32,8.37,4.04,6.43,10.47,8.49,13.82,11.04,28.2,0.39,0.3,0.49,1.79,35,3.1,11
7716,昱臺國際,航運業,2.23,614609000.0,275609417.0403587,0.0,0.0,0.0,9.83,3.25,8.63,11.88,0.0,0.0,0.0,25.3,0.0,0.0,0.0,30.07,5,20.57,49
7717,萊德光電-KY,通信網路業,6.12,168424000.0,27520261.437908497,0.0,0.0,0.0,171.6,374.68,25.77,400.45,0.0,0.0,0.0,668.0,0.0,0.0,0.0,550.7,144,550.7,144
7718,友鋮,鋼鐵工業,3.77,2206219000.0,585203978.7798408,1.48,3213692754.1395116,5.49,12.21,8.33,7.76,16.09,42.6,88.33,67.01,49.15,1.36,0.87,1.8,15.46,140,3.95,13
7721,微程式,數位雲端,0.57,292165000.0,512570175.43859655,0.0,0.0,0.0,64.51,155.28,21.45,176.73,0.0,0.0,0.0,72.1,0.0,0.0,0.0,8.27,173,35.6,55
7722,LINEPAY,數位雲端,7.46,7771476000.0,1041752815.0134048,2.7,8991998060.833937,8.63,65.29,52.7,37.33,90.03,322.16,776.96,563.49,280.5,2.01,1.15,2.77,20.65,184,25.74,50
7723,築間,觀光餐旅,-6.59,4033872000.0,0.0,0.0,7181955981.828398,0.0,56.61,97.22,13.57,110.79,0.0,0.0,0.0,28.15,0.0,0.0,0.0,0.0,0,0.0,0
7712,博盛半導體,半導體業,5.42,1326237000.0,244693173.43173432,1.79,1340312851.679684,5.48,22.23,28.03,12.04,40.07,65.98,219.58,121.84,134.5,0.91,0.49,1.63,180.95,64,15.11,123
7642,昶瑞機電,電機機械,3.35,619877000.0,185037910.44776118,0.98,1125701194.1122355,6.08,20.06,14.12,12.05,26.17,73.26,159.11,121.97,73.4,1.66,1.0,2.17,6.0,37,46.42,96
7631,聚賢研發-創,電子工業,6.56,851604000.0,129817682.92682928,5.08,2740084054.946664,21.11,24.32,19.53,12.69,32.22,267.89,680.16,513.38,123.5,4.16,2.17,5.51,0.88,56,0.0,0
7547,碩網,數位雲端類,2.61,225145000.0,86262452.1072797,0.0,0.0,0.0,31.88,42.51,20.04,62.55,0.0,0.0,0.0,72.9,0.0,0.0,0.0,94.5,161,146.64,91
7556,意德士,半導體業,7.21,736765000.0,102186546.4632455,3.43,831223388.6366489,8.13,26.74,24.48,20.45,44.93,166.26,365.28,217.4,257.0,0.85,0.65,1.42,3.97,1,38.18,8
7584,樂意,文化創意業,-1.98,981776000.0,0.0,0.0,741213415.7716339,0.0,22.27,31.9,13.73,45.63,0.0,0.0,0.0,33.25,0.0,0.0,0.0,48.92,68,1.08,1
7610,聯友金屬-創,創新板股票,5.33,804389000.0,150917260.7879925,0.0,0.0,0.0,178.83,424.77,62.37,487.14,0.0,0.0,0.0,792.0,0.0,0.0,0.0,3.53,63,120.2,110
6937,天虹,電子工業,3.01,2637017000.0,876085382.0598007,1.28,2166405741.679957,2.47,52.91,85.09,26.87,111.96,66.37,276.54,130.7,306.5,0.43,0.22,0.9,71.63,184,47.22,161
6936,永鴻生技,生技醫療業,1.83,1174176000.0,641626229.5081967,0.76,2620073096.129165,4.08,19.78,7.25,16.61,23.86,67.77,97.35,80.72,34.3,2.35,1.98,2.84,6.9,184,0.0,0
6870,騰雲,數位雲端類,7.11,780362000.0,109755555.55555555,3.54,1118596698.5459871,10.19,43.95,51.96,24.36,76.32,248.23,777.7,447.81,188.0,2.38,1.32,4.14,60.0,70,28.57,134
6872,浩宇生醫,生技醫療業,-2.14,11027000.0,0.0,0.0,81394552.91970803,0.0,0.0,0.0,0.0,0.0,0.0,0.0,0.0,18.0,0.0,0.0,0.0,1.64,54,1.64,1
6874,倍力,資訊服務業,3.16,1341672000.0,424579746.835443,2.46,2375153375.740318,5.59,22.14,14.45,15.65,30.1,87.48,168.26,123.78,93.4,1.33,0.94,1.8,13.95,61,10.68,64
6875,國邑*,生技醫療業,-2.98,69673000.0,0.0,0.0,60003643.19673987,0.0,384.04,760.13,232.73,992.86,0.0,0.0,0.0,34.8,0.0,0.0,0.0,18.33,12,19.92,173
6877,鏵友益,其他電子類,0.61,505472000.0,828642622.9508197,0.12,246101835.84411642,0.3,237.71,790.71,55.12,845.83,16.54,253.75,71.31,166.0,0.43,0.1,1.53,147.91,103,34.56,96
6881,潤德,其他,19.42,2443619000.0,125830020.59732233,8.54,2708744657.5815773,21.53,15.45,7.37,11.92,19.29,256.64,415.31,332.64,270.0,1.23,0.95,1.54,1.85,1,4.26,6
6884,海柏特,資訊服務業,2.06,238706000.0,115876699.02912621,0.0,0.0,0.0,17.96,6.44,16.39,22.83,0.0,0.0,0.0,34.4,0.0,0.0,0.0,0.0,0,0.0,0
6885,全福生技,化學生技醫療,-3.32,4460000.0,0.0,0.0,124239041.91616768,0.0,0.0,0.0,0.0,0.0,0.0,0.0,0.0,22.4,0.0,0.0,0.0,57.46,70,82.66,46
6887,寶綠特-KY,綠能環保,4.64,4751693000.0,1024071767.2413794,1.98,3686364146.5851035,3.6,10.43,7.53,6.12,13.65,22.03,49.14,37.56,39.95,0.94,0.55,1.23,11.87,42,0.0,0
6890,來億-KY,運動休閒,13.01,39806004000.0,3059646733.2820907,3.39,31305268292.835495,10.23,35.55,78.58,11.56,90.14,118.26,922.13,363.67,154.0,2.36,0.77,5.99,123.64,175,14.99,39
6863,永道-KY,通信網路業,3.0,4049237000.0,1349745666.6666667,1.2,3848203892.2159038,2.85,23.34,22.46,12.96,35.42,36.94,100.95,66.51,103.0,0.65,0.36,0.98,100.33,152,4.78,6
6840,東研信超,其他電子類,1.57,883542000.0,562765605.0955414,0.69,1014647023.4851296,1.8,157.61,374.23,37.53,411.76,67.55,741.17,283.69,64.9,4.37,1.04,11.42,26.11,61,66.67,125
6841,長佳智能,生技醫療業,0.89,362374000.0,407161797.752809,0.28,395404131.3824054,0.97,103.01,250.28,49.4,299.68,47.92,290.69,99.92,61.6,1.62,0.78,4.72,35.59,51,14.52,140
6843,進典,電機機械,2.21,808039000.0,365628506.7873303,0.7,913061379.5364875,2.5,21.16,14.54,13.28,27.82,33.2,69.55,52.9,46.25,1.14,0.72,1.5,7.85,13,24.44,125
6844,諾貝兒,生技醫療業,2.35,3445244000.0,1466061276.5957446,0.97,3393776514.027092,2.31,36.5,27.64,24.35,51.99,56.25,120.1,84.33,64.0,1.32,0.88,1.88,8.33,22,1.36,12
6846,綠茵,食品工業,5.39,903935000.0,167705936.92022264,2.19,849910857.4278573,5.07,14.47,6.72,11.66,18.38,59.12,93.19,73.37,69.3,1.06,0.85,1.34,4.16,149,14.13,39
6855,數泓科,其他電子類,7.86,616484000.0,78433078.88040712,3.07,570417756.3000342,7.27,16.75,10.22,12.83,23.05,93.27,167.57,121.77,104.0,1.17,0.9,1.61,37.2,152,7.61,33
6856,鑫傳,文化創意業,2.62,774482000.0,295603816.7938931,0.82,753750766.1344045,2.55,18.05,12.53,13.35,25.88,34.04,65.99,46.02,50.9,0.9,0.67,1.3,9.76,133,10.0,26
6859,伯特光,光電業,2.87,926738000.0,322905226.4808362,0.74,592266098.5302036,1.83,89.86,310.16,30.47,340.63,55.76,623.35,164.45,122.0,1.35,0.46,5.11,43.95,175,16.38,11
6861,睿生光電,化學生技醫療,3.84,2281307000.0,594090364.5833334,2.14,3120177535.312419,5.25,22.52,94.83,10.91,105.74,57.28,555.14,118.25,376.0,0.31,0.15,1.48,20.23,49,38.22,147
6862,三集瑞-KY,電子工業,8.28,2269658000.0,274113285.0241546,2.81,1664624297.2869399,6.07,17.94,18.37,10.67,29.04,64.77,176.27,108.87,187.0,0.58,0.35,0.94,0.0,0,47.55,173
6894,衛司特,綠能環保類,10.99,1360634000.0,123806551.41037306,5.22,2023583283.8381698,16.34,23.61,19.2,16.24,35.44,265.36,579.09,385.75,351.5,1.1,0.75,1.65,4.26,19,34.72,179
6895,宏碩系統,半導體業,3.61,819077000.0,226891135.73407203,0.88,930338039.2243103,4.1,73.26,96.85,37.96,134.81,155.64,552.72,300.35,165.0,1.82,0.94,3.35,188.73,70,187.34,123
6921,嘉雨思-創,半導體業,0.34,25431000.0,74797058.8235294,0.0,0.0,0.0,138.94,255.61,50.27,305.88,0.0,0.0,0.0,90.9,0.0,0.0,0.0,65.08,119,65.08,119
6922,宸曜,電腦及週邊設備業,7.05,1695512000.0,240498156.0283688,3.23,1888386455.488265,7.85,26.76,23.6,17.5,41.1,137.38,322.64,210.04,175.5,1.2,0.78,1.84,77.12,61,27.32,125
6923,中台,綠能環保,3.03,1166339000.0,384930363.03630364,1.07,1170578149.885614,3.04,25.29,23.4,14.31,37.71,43.5,114.64,76.88,83.0,0.93,0.52,1.38,8.17,50,63.4,154
6925,意藍,數位雲端類,3.09,159228000.0,51530097.08737864,1.65,448884970.16016483,8.71,41.0,43.53,21.19,64.72,184.56,563.71,357.11,64.2,5.56,2.87,8.78,12.18,63,180.77,46
6928,攸泰科技,電子工業,-0.73,1987148000.0,0.0,0.0,1764561426.9349563,0.0,27.42,19.04,17.99,37.03,0.0,0.0,0.0,49.9,0.0,0.0,0.0,0.0,0,62.03,118
6929,佑全,生技醫療業,-1.63,3229077000.0,0.0,0.0,3204331748.217167,0.0,363.71,323.81,194.05,517.86,0.0,0.0,0.0,24.2,0.0,0.0,0.0,0.83,2,7.54,26
6931,青松健康,化學生技醫療,1.39,1108355000.0,797377697.8417267,0.64,1289083371.4309704,1.62,73.79,74.07,31.08,105.15,50.35,170.34,119.53,43.6,2.74,1.15,3.91,3.85,1,7.23,182
6933,AMAX-KY,電子工業,5.05,6971809000.0,1380556237.6237624,1.83,6674646573.791842,4.83,46.57,75.96,22.05,98.01,106.5,473.39,224.94,165.0,1.36,0.65,2.87,8.58,21,56.69,91
6934,心誠鎂,化學生技醫療,-3.92,70823000.0,0.0,0.0,0.0,0.0,0.0,0.0,0.0,0.0,0.0,0.0,0.0,78.1,0.0,0.0,0.0,26.72,146,0.0,0
6919,康霈*,生技醫療業,-0.23,38037000.0,0.0,0.0,0.0,0.0,0.0,0.0,0.0,0.0,0.0,0.0,0.0,104.0,0.0,0.0,0.0,97.09,54,93.89,54
6899,創為精密,光電業,3.59,1175122000.0,327332033.4261839,1.13,1194689431.7449636,3.65,15.66,6.26,12.71,18.97,46.39,69.24,57.16,53.5,1.07,0.87,1.29,2.22,64,13.29,182
6901,鑽石投資,其他,-1.38,-1063116000.0,0.0,0.0,0.0,0.0,0.0,0.0,0.0,0.0,0.0,0.0,0.0,13.0,0.0,0.0,0.0,15.88,71,3.48,6
6903,巨漢,其他電子類,10.62,3177380000.0,299188323.9171375,8.66,12508521206.836033,41.81,19.38,35.06,9.44,44.5,394.69,1860.54,810.21,422.0,1.92,0.94,4.41,0.0,0,40.47,165
6904,伯鑫,其他,5.44,880215000.0,161804227.94117644,2.16,794010769.7549093,4.91,16.33,11.84,11.32,23.16,55.58,113.72,80.17,116.0,0.69,0.48,0.98,5.58,6,1.11,11
6906,現觀科,數位雲端,1.87,354906000.0,189789304.8128342,0.74,340178192.9738361,1.79,39.96,28.37,26.94,55.31,48.22,99.0,71.54,67.7,1.06,0.71,1.46,43.48,167,3.86,6
6907,雅特力-KY,半導體業,2.09,139884000.0,66930143.54066986,0.0,0.0,0.0,50.67,59.41,19.68,79.09,0.0,0.0,0.0,129.5,0.0,0.0,0.0,235.71,50,235.71,50
6908,宏碁遊戲-創,創新板股票,1.44,0.0,0.0,0.0,0.0,0.0,27.18,10.35,23.05,33.4,0.0,0.0,0.0,40.1,0.0,0.0,0.0,7.31,26,34.24,166
6909,創控,半導體業,1.02,369381000.0,362138235.2941176,0.67,1149430053.128464,3.17,40.51,44.94,24.64,69.58,78.11,220.57,128.4,56.9,2.26,1.37,3.88,14.39,64,8.5,34
6910,德鴻,數位雲端類,2.0,65267000.0,32633500.0,0.0,0.0,0.0,15.08,3.76,13.16,16.92,0.0,0.0,0.0,28.75,0.0,0.0,0.0,5.51,70,95.61,119
6913,鴻呈,電子零組件業,4.4,2590078000.0,588654090.9090909,2.16,3187097490.392417,5.41,31.04,42.3,19.58,61.88,105.93,334.77,167.94,129.5,1.3,0.82,2.59,58.7,42,31.65,120
6914,阜爾運通,其他,9.61,5625004000.0,585328199.7918835,3.36,6172720596.607284,10.55,17.86,11.31,14.51,25.82,153.08,272.4,188.43,145.0,1.3,1.06,1.88,0.0,0,10.75,166
6916,華凌,光電業,-1.43,2011922000.0,0.0,0.0,2035823241.759405,0.0,71.41,176.23,21.58,197.81,0.0,0.0,0.0,18.8,0.0,0.0,0.0,11.73,36,0.0,0
6918,愛派司,化學生技醫療,5.17,630947000.0,122040038.68471953,3.08,1703781932.5865273,13.96,18.2,12.42,14.8,27.22,206.61,379.99,254.07,74.4,3.41,2.78,5.11,37.25,182,35.41,33
4927,泰鼎-KY,電子零組件業,-8.63,11707243000.0,0.0,0.0,10438128524.265503,0.0,0.0,0.0,0.0,0.0,0.0,0.0,0.0,54.4,0.0,0.0,0.0,41.81,114,32.33,103
4139,馬光-KY,生技醫療業,-1.55,1092563000.0,0.0,0.0,1068620053.3303205,0.0,70.05,74.47,50.53,125.0,0.0,0.0,0.0,23.9,0.0,0.0,0.0,21.36,149,0.0,0
1781,合世,生技醫療業,-1.3,405453000.0,0.0,0.0,337016220.0974174,0.0,38.46,23.44,23.53,46.97,0.0,0.0,0.0,10.85,0.0,0.0,0.0,42.81,61,13.14,26
1783,和康生,化學生技醫療,2.97,788475000.0,265479797.97979796,1.07,905892706.473282,3.41,21.59,17.42,12.87,30.29,43.89,103.29,73.62,39.4,1.87,1.11,2.62,18.03,55,14.18,147
1784,訊聯,生技醫療業,1.02,1218200000.0,1194313725.490196,0.48,1349401264.181772,1.13,68.64,65.71,37.82,103.53,42.74,116.99,77.56,72.6,1.07,0.59,1.61,146.19,71,39.71,179
1785,光洋科,其他電子類,3.14,38281563000.0,12191580573.248407,1.54,64323573544.14168,5.28,26.8,44.36,14.56,58.92,76.88,311.1,141.53,167.0,0.85,0.46,1.86,69.4,58,22.37,137
1786,科妍,化學生技醫療,2.24,885510000.0,395316964.28571427,0.76,891759026.6477494,2.26,34.87,23.78,24.9,48.68,56.27,110.02,78.81,56.8,1.39,0.99,1.94,31.88,104,26.54,77
1788,杏昌,生技醫療業,8.27,4249659000.0,513864449.8186216,2.99,4620083408.930616,8.99,17.36,2.18,16.3,18.48,146.54,166.14,156.07,135.5,1.15,1.08,1.23,4.64,36,0.35,36
1789,神隆,化學生技醫療,0.17,3270288000.0,19236988235.294117,0.06,2929548520.9476686,0.15,65.27,103.78,38.72,142.5,5.81,21.38,9.79,19.8,0.49,0.29,1.08,5.56,54,4.95,148
1795,美時,化學生技醫療,18.13,19522511000.0,1076807004.9641478,10.3,34948068248.13837,32.46,15.08,12.01,9.22,21.23,299.28,689.13,489.5,236.5,2.07,1.27,2.91,9.31,54,33.55,166
1799,易威,生技醫療業,-0.59,598330000.0,0.0,0.0,827455898.1633024,0.0,0.0,0.0,0.0,0.0,0.0,0.0,0.0,36.0,0.0,0.0,0.0,192.84,107,0.0,0
1802,台玻,玻璃陶瓷,-0.2,41862489000.0,0.0,0.0,42950252070.57323,0.0,158.85,1650.0,70.0,1720.0,0.0,0.0,0.0,68.9,0.0,0.0,0.0,19.47,40,158.82,102
1805,寶徠,建材營造,0.23,297871000.0,1295091304.347826,0.22,292022272.282627,0.23,34.89,121.99,4.34,126.33,1.0,29.06,8.03,10.75,0.75,0.09,2.7,18.54,103,0.33,1
1806,冠軍,玻璃陶瓷,0.29,3360491000.0,11587900000.0,0.07,2484692264.625365,0.21,46.37,101.44,26.29,127.73,5.52,26.82,9.74,8.25,1.18,0.67,3.25,24.89,82,6.25,50
1808,潤隆,建材營造,1.36,2508837000.0,1844733088.235294,5.12,242972943433.2643,131.71,10.62,19.27,2.65,21.92,349.03,2887.08,1398.55,28.45,49.16,12.27,101.48,22.37,134,25.31,179
1809,中釉,玻璃陶瓷,0.19,2509135000.0,13205973684.210526,0.08,2459729444.1385493,0.19,128.34,286.41,39.7,326.11,7.54,61.96,24.39,36.0,0.68,0.21,1.72,23.32,15,27.62,102
1810,和成,玻璃陶瓷,0.05,4622865000.0,92457300000.0,0.02,4214528601.6860814,0.05,214.01,464.35,50.65,515.0,2.53,25.75,10.7,18.5,0.58,0.14,1.39,11.62,15,32.24,118
1813,寶利徠,生技醫療業,-1.03,299357000.0,0.0,0.0,285438316.0777766,0.0,125.12,186.76,34.91,221.67,0.0,0.0,0.0,12.3,0.0,0.0,0.0,5.91,63,3.92,34
1815,富喬,電子零組件業,1.64,5946334000.0,3625813414.6341467,0.66,7638169270.16493,2.11,109.97,216.59,51.49,268.08,108.64,565.65,232.04,107.0,2.17,1.02,5.29,48.48,30,177.05,102
1817,凱撒衛,玻璃陶瓷,3.61,2685268000.0,743841551.2465374,1.13,2473102932.302265,3.32,10.17,2.24,9.26,11.5,30.74,38.18,33.76,38.5,0.88,0.8,0.99,13.5,131,0.0,0
1903,士紙,造紙工業,1.28,153500000.0,119921875.0,0.44,150353205.61845958,1.25,117.31,154.26,37.56,191.82,46.95,239.77,146.64,49.3,2.97,0.95,4.86,7.58,9,42.91,15
1796,金穎生技,食品工業,0.71,670666000.0,944600000.0,0.28,636645203.9726559,0.67,69.49,111.4,18.34,129.74,12.29,86.93,46.56,37.55,1.24,0.33,2.32,20.47,55,35.0,118
1777,生泰,生技醫療業,5.86,1311930000.0,223878839.59044367,2.05,1160205413.253909,5.18,12.44,8.36,8.8,17.16,45.58,88.89,64.42,71.9,0.9,0.63,1.24,19.59,64,0.78,4
1776,展宇,化學生技醫療,0.27,1096645000.0,4061648148.148148,0.09,978613747.5536058,0.24,39.33,72.84,19.1,91.94,4.58,22.07,9.44,17.0,0.56,0.27,1.3,50.57,138,1.94,7
1727,中華化,化學工業,0.04,1937304000.0,48432600000.0,0.02,2247924981.989037,0.05,288.04,2041.47,38.53,2080.0,1.93,104.0,14.4,72.3,0.2,0.03,1.44,41.71,168,71.84,112
1730,花仙子,化學工業,4.5,2407003000.0,534889555.5555556,1.92,2418710811.7303534,4.52,13.58,5.73,11.4,17.13,51.53,77.43,61.36,52.8,1.16,0.98,1.47,1.25,83,0.7,13
1731,美吾華,化學生技醫療,1.36,1565385000.0,1151018382.352941,0.64,1697883526.2283409,1.48,17.46,4.66,15.54,20.2,23.0,29.9,25.84,21.7,1.19,1.06,1.38,2.73,49,1.75,41
1732,毛寶,化學工業,0.7,678784000.0,969691428.5714287,0.23,707400287.7676535,0.73,304.6,1535.76,36.74,1572.5,26.82,1147.92,222.36,26.5,8.39,1.01,43.32,11.52,49,28.43,25
1733,五鼎,化學生技醫療,1.63,1972447000.0,1210090184.04908,0.55,1792401179.0725513,1.48,23.55,16.23,16.8,33.03,24.86,48.88,34.86,28.35,1.23,0.88,1.72,0.98,62,23.56,166
1734,杏輝,化學生技醫療,1.97,3339984000.0,1695423350.253807,0.68,3497321976.0278935,2.06,17.08,5.71,14.14,19.85,29.13,40.89,35.19,30.65,1.15,0.95,1.33,5.56,54,5.17,13
1735,日勝化,化學工業,0.78,2318838000.0,2972869230.769231,0.36,2359120380.7650976,0.79,25.77,31.99,14.23,46.22,11.24,36.51,20.36,25.4,0.8,0.44,1.44,63.66,119,7.4,19
1737,臺鹽,食品工業,2.0,3285077000.0,1642538500.0,0.82,3281652470.8792996,2.0,19.29,7.51,15.7,23.21,31.4,46.42,38.59,31.55,1.22,1.0,1.47,3.94,133,1.83,103
1742,台蠟,化學工業,-1.08,115292000.0,0.0,0.0,54624863.502532095,0.0,28.12,46.51,11.23,57.74,0.0,0.0,0.0,15.5,0.0,0.0,0.0,4.8,146,3.38,20
1752,南光,化學生技醫療,2.41,2183273000.0,905922406.6390041,0.78,1984185089.7602594,2.19,22.96,29.71,12.7,42.41,27.81,92.88,50.27,33.9,1.48,0.82,2.74,25.0,13,8.25,123
1760,寶齡富錦,化學生技醫療,2.22,2040077000.0,918953603.6036035,0.76,2235316733.7028227,2.43,55.65,80.26,26.85,107.11,65.25,260.28,135.22,64.4,2.1,1.01,4.04,6.85,49,19.6,25
1762,中化生,化學生技醫療,-4.4,852565000.0,0.0,0.0,1257465087.0544393,0.0,46.63,101.87,13.51,115.38,0.0,0.0,0.0,38.75,0.0,0.0,0.0,15.24,65,2.04,90
1773,勝一,化學工業,7.12,11492653000.0,1614136657.3033707,3.22,12954234865.401543,8.03,22.05,11.92,15.6,27.52,125.27,220.99,177.1,172.5,1.03,0.73,1.28,6.71,134,15.73,116
1904,正隆,造紙工業,0.74,43601661000.0,58921163513.51351,0.24,42179828088.66429,0.72,45.85,82.05,21.28,103.33,15.32,74.4,33.01,17.45,1.89,0.88,4.26,1.04,23,1.07,4
1726,永記,化學生技醫療,5.5,9902046000.0,1800372000.0,1.95,9874935147.249014,5.48,14.29,2.62,13.07,15.69,71.62,85.98,78.33,76.6,1.02,0.93,1.12,4.39,12,3.66,54
1905,華紙,造紙工業,-0.56,18948619000.0,0.0,0.0,17197259798.557438,0.0,212.08,36.25,195.0,231.25,0.0,0.0,0.0,12.45,0.0,0.0,0.0,1.55,12,4.36,8
1907,永豐餘,造紙工業,1.19,74277975000.0,62418466386.55463,0.39,72100700980.42932,1.16,27.82,18.33,19.75,38.08,22.91,44.17,32.27,24.05,1.34,0.95,1.84,9.38,146,1.62,4
2059,川湖,電子工業,103.23,16900584000.0,163717756.46614355,59.67,25298585513.82851,154.53,33.73,44.7,18.66,63.36,2883.53,9791.02,5212.92,5320.0,0.98,0.54,1.84,13.49,183,124.48,182
2061,風青,電器電纜,-0.97,1210025000.0,0.0,0.0,1254287832.9401267,0.0,64.43,17.92,53.19,71.11,0.0,0.0,0.0,20.6,0.0,0.0,0.0,23.84,85,11.57,145
2063,世鎧,鋼鐵工業,1.72,994859000.0,578406395.3488373,0.69,891366316.1458298,1.54,15.33,11.59,9.45,21.04,14.55,32.4,23.6,25.55,0.92,0.57,1.27,0.0,0,0.0,0
2064,晉椿,鋼鐵工業,-1.3,1601553000.0,0.0,0.0,1738722862.657566,0.0,0.0,0.0,0.0,0.0,0.0,0.0,0.0,12.8,0.0,0.0,0.0,10.33,142,6.59,49
2065,世豐,鋼鐵工業,1.14,2055565000.0,1803127192.9824562,0.53,2053877361.7476883,1.14,21.17,36.3,10.34,46.64,11.79,53.17,24.13,30.1,0.8,0.39,1.77,1.4,26,6.55,6
2066,世德,電機機械,1.34,2575247000.0,1921826119.4029849,0.47,2581681405.3430715,1.34,21.15,31.65,10.57,42.22,14.16,56.57,28.34,44.1,0.64,0.32,1.28,1.37,35,4.05,15
2067,嘉鋼,電機機械,-2.8,1025197000.0,0.0,0.0,943397328.7111742,0.0,0.0,0.0,0.0,0.0,0.0,0.0,0.0,7.51,0.0,0.0,0.0,8.87,62,27.57,166
2069,運錩,鋼鐵工業,1.62,10193120000.0,6292049382.716049,0.65,8864560815.845821,1.41,25.79,120.98,6.21,127.19,8.76,179.34,36.37,19.6,1.86,0.45,9.15,20.41,142,5.54,6
2070,精湛,電機機械,2.3,654366000.0,284506956.5217391,1.13,866842578.4763368,3.05,20.05,20.47,11.66,32.13,35.56,98.0,61.15,72.2,0.85,0.49,1.36,230.96,138,4.22,6
2049,上銀,電機機械,4.3,24106189000.0,5606090465.11628,1.98,26821629510.38749,4.78,46.16,42.34,32.14,74.48,153.63,356.01,220.65,319.5,0.69,0.48,1.11,6.74,183,18.83,5
2073,雄順,鋼鐵工業,-0.39,567661000.0,0.0,0.0,448735284.37855893,0.0,81.74,185.01,37.68,222.69,0.0,0.0,0.0,26.9,0.0,0.0,0.0,0.0,0,0.0,0
2101,南港,橡膠工業,1.01,8402501000.0,8319307920.792079,0.74,18751173511.913822,2.25,61.3,344.08,8.42,352.5,18.94,793.12,137.93,34.5,4.0,0.55,22.99,14.36,27,10.17,130
2102,泰豐,橡膠工業,6.29,262413000.0,41719077.901430845,1.81,176389169.06886905,4.23,3.08,0.28,2.94,3.22,12.44,13.62,13.03,18.8,0.69,0.66,0.72,22.78,96,10.0,47
2103,台橡,橡膠工業,0.54,36853803000.0,68247783333.33333,0.25,37286471540.85404,0.55,38.88,159.75,13.58,173.33,7.47,95.33,21.38,20.3,1.05,0.37,4.7,4.32,153,1.82,4
2104,國際中橡,橡膠工業,-4.27,15544371000.0,0.0,0.0,12992677358.563381,0.0,0.0,0.0,0.0,0.0,0.0,0.0,0.0,10.3,0.0,0.0,0.0,1.4,7,14.09,97
2105,正新,橡膠工業,1.5,91262756000.0,60841837333.333336,0.5,90567158965.44057,1.49,19.9,8.76,16.88,25.64,25.15,38.2,29.66,32.1,0.92,0.78,1.19,23.6,26,2.33,13
2106,建大,橡膠工業,0.13,33973366000.0,261333584615.3846,0.04,33588055136.522987,0.13,41.51,128.05,15.8,143.85,2.05,18.7,5.4,17.2,0.31,0.12,1.09,4.42,8,2.23,1
2107,厚生,橡膠工業,1.67,1476855000.0,884344311.3772455,0.63,1263873439.8026836,1.43,14.18,3.88,12.08,15.96,17.27,22.82,20.28,26.1,0.78,0.66,0.87,5.41,85,1.91,19
2108,南帝,橡膠工業,0.84,9722020000.0,11573833333.333334,0.41,11049067549.625763,0.95,27.88,18.02,18.43,36.45,17.51,34.63,26.49,28.5,0.93,0.61,1.22,38.61,61,2.57,8
2109,華豐,橡膠工業,1.16,4571076000.0,3940582758.62069,0.37,4049790431.3117175,1.03,11.6,3.74,10.06,13.8,10.36,14.21,11.95,14.0,0.85,0.74,1.02,20.65,23,3.65,4
2114,鑫永銓,橡膠工業,5.78,1583164000.0,273903806.2283737,1.97,1732393668.42366,6.32,16.92,3.9,15.1,19.0,95.43,120.08,106.96,88.2,1.21,1.08,1.36,3.24,20,5.11,33
2072,世紀風電,綠能環保,14.43,0.0,0.0,0.0,0.0,0.0,14.99,2.44,13.47,15.91,0.0,0.0,0.0,180.5,0.0,0.0,0.0,21.52,40,31.35,53
2038,海光,鋼鐵工業,-0.56,9134021000.0,0.0,0.0,7252802685.518191,0.0,141.07,363.21,43.79,407.0,0.0,0.0,0.0,13.9,0.0,0.0,0.0,12.03,13,5.0,6
2035,唐榮,鋼鐵工業,-4.71,9598781000.0,0.0,0.0,9430230690.924568,0.0,0.0,0.0,0.0,0.0,0.0,0.0,0.0,27.85,0.0,0.0,0.0,0.76,13,0.47,1
2034,允強,鋼鐵工業,0.2,12892899000.0,64464495000.0,0.08,10485524657.533854,0.16,102.25,20.71,95.24,115.95,15.24,18.55,16.36,21.2,0.77,0.72,0.88,2.95,12,12.73,6
1909,榮成,造紙工業,-0.39,45295774000.0,0.0,0.0,45871556772.29526,0.0,226.92,32.5,215.0,247.5,0.0,0.0,0.0,9.17,0.0,0.0,0.0,0.98,2,13.4,78
2002,中鋼,鋼鐵工業,-0.28,321244068000.0,0.0,0.0,298184660668.7318,0.0,130.13,146.88,69.62,216.5,0.0,0.0,0.0,18.75,0.0,0.0,0.0,2.02,12,1.88,12
2002A,中鋼特,鋼鐵工業,0.0,0.0,0.0,0.0,0.0,0.0,0.0,0.0,0.0,0.0,0.0,0.0,0.0,38.75,0.0,0.0,0.0,1.5,72,0.75,60
2006,東和鋼鐵,鋼鐵工業,6.47,58516403000.0,9044266306.02782,2.66,54856655634.31096,6.07,11.0,3.17,9.72,12.89,59.0,78.24,66.75,67.4,0.99,0.88,1.16,13.25,152,2.12,13
2007,燁興,鋼鐵工業,-2.25,5443582000.0,0.0,0.0,3736605560.6383014,0.0,0.0,0.0,0.0,0.0,0.0,0.0,0.0,7.37,0.0,0.0,0.0,16.14,12,7.67,103
2008,高興昌,鋼鐵工業,0.69,1838397000.0,2664343478.26087,0.18,1446880402.4829075,0.54,63.03,96.22,11.28,107.5,6.09,58.05,34.04,28.15,1.21,0.22,2.06,54.1,114,11.38,183
2009,第一銅,鋼鐵工業,0.33,2899358000.0,8785933333.333332,0.15,3472234305.4741254,0.4,95.58,133.7,40.41,174.11,16.16,69.64,38.23,37.9,1.01,0.43,1.84,29.16,14,35.34,154
2010,春源,鋼鐵工業,2.31,24455890000.0,10586965367.965368,0.79,26426952748.834965,2.5,11.33,7.05,8.81,15.86,22.02,39.65,28.33,23.4,1.21,0.94,1.69,0.0,0,20.44,102
2012,春雨,鋼鐵工業,0.2,8494670000.0,42473350000.0,0.06,7058401244.445988,0.17,33.13,66.74,17.01,83.75,2.89,14.24,5.63,15.1,0.37,0.19,0.94,15.21,110,1.67,13
2013,中鋼構,鋼鐵工業,3.19,21092061000.0,6611931347.962382,1.26,19080172923.848816,2.89,16.66,8.52,13.13,21.65,37.95,62.57,48.14,42.8,1.12,0.89,1.46,0.0,0,2.05,6
2014,中鴻,鋼鐵工業,-1.29,19913319000.0,0.0,0.0,14559572396.822765,0.0,0.0,0.0,0.0,0.0,0.0,0.0,0.0,17.85,0.0,0.0,0.0,3.99,12,3.35,102
2015,豐興,鋼鐵工業,3.88,29857638000.0,7695267525.773196,1.16,24674692795.21594,3.21,16.92,7.04,12.98,20.02,41.67,64.26,54.31,62.5,0.87,0.67,1.03,22.21,166,15.07,55
2017,官田鋼,鋼鐵工業,-0.55,2762431000.0,0.0,0.0,2504177546.554967,0.0,59.44,100.07,29.93,130.0,0.0,0.0,0.0,8.84,0.0,0.0,0.0,6.12,5,4.93,6
2020,美亞,鋼鐵工業,2.13,4732647000.0,2221900000.0,0.63,4535955477.145127,2.04,9.04,8.43,4.64,13.07,9.47,26.66,18.44,21.95,0.84,0.43,1.21,3.22,7,2.62,18
2022,聚亨,鋼鐵工業,-0.02,9138401000.0,0.0,0.0,13960254010.135923,0.0,102.98,128.95,49.38,178.33,0.0,0.0,0.0,8.04,0.0,0.0,0.0,7.56,13,11.37,103
2023,燁輝,鋼鐵工業,-1.85,68592648000.0,0.0,0.0,60366824234.963326,0.0,0.0,0.0,0.0,0.0,0.0,0.0,0.0,14.4,0.0,0.0,0.0,7.17,149,2.53,140
2024,志聯,鋼鐵工業,-0.06,998528000.0,0.0,0.0,913879322.1521946,0.0,268.93,554.91,88.42,643.33,0.0,0.0,0.0,14.3,0.0,0.0,0.0,8.99,28,8.12,148
2025,千興,鋼鐵工業,-0.17,849427000.0,0.0,0.0,1389654563.1186283,0.0,19.79,9.13,13.7,22.83,0.0,0.0,0.0,11.3,0.0,0.0,0.0,16.6,40,0.0,0
2027,大成鋼,鋼鐵工業,2.89,100432504000.0,34751731487.889275,1.48,124532800078.67471,3.58,20.24,27.16,12.76,39.92,45.68,142.91,72.47,39.6,1.83,1.15,3.61,7.81,12,5.49,92
2028,威致,鋼鐵工業,0.28,8491960000.0,30328428571.42857,0.1,8988012553.158022,0.3,36.79,72.66,16.25,88.91,4.88,26.67,11.04,17.15,0.64,0.28,1.56,11.84,12,5.19,76
2029,盛餘,鋼鐵工業,0.74,13822378000.0,18678889189.18919,0.21,10530849323.933704,0.56,15.92,17.43,10.95,28.38,6.13,15.89,8.92,20.1,0.44,0.3,0.79,0.0,0,2.88,6
2030,彰源,鋼鐵工業,0.34,10238365000.0,30112838235.294117,0.15,10146413931.061823,0.34,33.98,93.23,10.94,104.17,3.72,35.42,11.55,16.4,0.7,0.23,2.16,2.93,12,3.25,4
2031,新光鋼,鋼鐵工業,3.29,17286364000.0,5254213981.7629175,1.43,14998218818.978695,2.85,14.32,32.76,5.79,38.55,16.5,109.87,40.82,39.65,1.03,0.42,2.77,14.1,40,8.33,102
2032,新鋼,鋼鐵工業,0.56,3043460000.0,5434749999.999999,0.25,3155470501.718108,0.58,108.97,598.3,18.37,616.67,10.65,357.67,63.2,16.55,3.82,0.64,21.61,7.25,12,5.85,4
2033,佳大,鋼鐵工業,0.35,690733000.0,1973522857.1428573,0.12,712795840.9870712,0.36,98.39,166.71,43.29,210.0,15.58,75.6,35.42,15.2,2.33,1.03,4.97,63.61,168,22.01,145
1906,寶隆,造紙工業,0.01,2994442000.0,299444200000.0,0.0,3151908931.4373164,0.01,233.02,1371.47,18.53,1390.0,0.19,13.9,2.33,11.0,0.21,0.02,1.26,6.33,12,5.41,145
1725,元禎,化學生技醫療,1.52,8074797000.0,5312366447.368421,0.73,8794689748.885586,1.66,22.39,31.43,12.49,43.92,20.73,72.91,37.17,31.45,1.18,0.66,2.32,27.53,22,10.6,19
1524,耿鼎,汽車工業,1.95,2712548000.0,1391050256.4102564,0.76,2161405491.580519,1.55,11.48,9.76,7.7,17.46,11.94,27.06,17.79,29.1,0.61,0.41,0.93,2.7,26,4.01,6
1525,江申,汽車工業,3.21,1254025000.0,390661993.7694704,1.31,1256256060.8587766,3.22,17.12,9.33,12.76,22.09,41.09,71.13,55.11,61.7,0.89,0.67,1.15,11.08,22,14.01,123
1526,日馳,電機機械,-0.11,763306000.0,0.0,0.0,669736076.2852141,0.0,45.23,0.46,45.0,45.46,0.0,0.0,0.0,15.6,0.0,0.0,0.0,0.43,2,9.39,4
1527,鑽全,電機機械,1.52,2910053000.0,1914508552.631579,0.55,2433253367.8378158,1.27,16.85,26.08,9.8,35.88,12.45,45.57,21.4,32.4,0.66,0.38,1.41,13.56,112,6.95,85
1528,恩德,電機機械,-0.35,2876650000.0,0.0,0.0,3224763657.054194,0.0,0.0,0.0,0.0,0.0,0.0,0.0,0.0,26.55,0.0,0.0,0.0,77.33,168,71.15,102
1529,樂事綠能,電機機械,1.01,853549000.0,845098019.8019801,0.44,999168949.2764397,1.18,447.97,2953.51,21.49,2975.0,25.36,3510.5,528.6,22.9,23.08,1.11,153.3,11.44,72,17.59,15
1530,亞崴,電機機械,-2.39,1972715000.0,0.0,0.0,1585322756.2267447,0.0,22.95,40.35,5.26,45.61,0.0,0.0,0.0,26.2,0.0,0.0,0.0,12.56,114,10.12,33
1531,高林股,電機機械,-0.12,1519930000.0,0.0,0.0,1313489166.9065118,0.0,62.6,157.09,19.91,177.0,0.0,0.0,0.0,13.0,0.0,0.0,0.0,26.64,183,4.65,8
1532,勤美,電機機械,0.99,15470842000.0,15627113131.313131,0.28,16306795792.007036,1.04,25.57,87.03,6.97,94.0,7.25,97.76,26.59,20.65,1.29,0.35,4.73,3.14,30,1.84,152
1533,車王電,汽車工業,0.57,4266318000.0,7484768421.052632,0.28,5381254719.332345,0.72,54.35,9.23,50.34,59.57,36.24,42.89,39.13,33.85,1.16,1.07,1.27,2.73,20,20.55,182
1535,中宇,電機機械,4.0,11721845000.0,2930461250.0,1.27,9571269362.371115,3.27,14.03,4.87,11.31,16.18,36.98,52.91,45.87,50.3,0.91,0.74,1.05,1.24,57,4.5,54
1522A,堤維西甲特,汽車工業,0.0,0.0,0.0,0.0,0.0,0.0,0.0,0.0,0.0,0.0,0.0,0.0,0.0,50.4,0.0,0.0,0.0,0.0,0,3.73,69
1536,和大,汽車工業,-2.72,4736402000.0,0.0,0.0,4532906363.123048,0.0,1706.13,6555.81,44.19,6600.0,0.0,0.0,0.0,53.7,0.0,0.0,0.0,41.51,68,20.9,112
1538,正峰,電機機械,-1.59,121225000.0,0.0,0.0,66276981.860320814,0.0,0.0,0.0,0.0,0.0,0.0,0.0,0.0,12.2,0.0,0.0,0.0,32.2,51,2.98,11
1539,巨庭,電機機械,0.21,1323001000.0,6300004761.904762,0.07,967147495.7172675,0.15,35.34,383.69,11.31,395.0,1.7,59.25,5.3,15.75,0.34,0.11,3.76,47.06,138,8.05,49
1540,喬福,電機機械,1.11,494539000.0,445530630.6306306,0.26,361109031.5821401,0.81,20.12,24.94,11.05,35.99,8.95,29.15,16.3,20.9,0.78,0.43,1.39,138.42,140,6.77,7
1541,錩泰,電機機械,2.31,3631236000.0,1571963636.3636363,0.52,2783277762.9543257,1.77,41.59,194.21,10.02,204.23,17.74,361.49,73.62,23.4,3.15,0.76,15.45,14.13,114,29.54,41
1558,伸興,電機機械,5.52,8215440000.0,1488304347.826087,2.11,7820087778.611886,5.25,17.54,13.7,13.07,26.77,68.62,140.54,92.09,91.3,1.01,0.75,1.54,15.69,134,7.25,55
1560,中砂,電機機械,9.28,8044403000.0,866853771.5517242,4.45,10011388804.95225,11.55,45.78,45.5,23.27,68.77,268.77,794.29,528.72,572.0,0.92,0.47,1.39,47.73,162,35.45,71
1563,巧新,汽車工業,1.38,7062178000.0,5117520289.855073,0.57,6832305428.462332,1.34,20.86,86.23,13.54,99.77,18.14,133.69,27.96,43.9,0.64,0.41,3.05,0.0,0,3.47,5
1565,精華,生技醫療業,9.02,4213443000.0,467122283.8137472,3.27,3393981656.967618,7.27,13.49,11.33,9.48,20.81,68.92,151.29,98.1,102.5,0.96,0.67,1.48,28.3,183,1.45,6
1568,倉佑,汽車工業,1.36,1024194000.0,753083823.5294117,0.62,1073225066.9561907,1.43,17.81,21.37,8.22,29.59,11.75,42.31,25.46,28.9,0.88,0.41,1.46,11.95,69,5.93,8
1569,濱川,電腦及週邊設備業,-5.63,3317106000.0,0.0,0.0,3109446044.2389455,0.0,145.17,47.22,131.39,178.61,0.0,0.0,0.0,56.1,0.0,0.0,0.0,80.25,184,48.86,165
1570,力肯,電機機械,0.58,541569000.0,933739655.1724138,0.19,441199427.42541987,0.47,36.95,147.49,8.76,156.25,4.12,73.44,17.37,37.5,0.46,0.11,1.96,37.11,42,53.64,148
1537,廣隆,電機機械,7.95,6744803000.0,848402893.081761,3.36,6291190021.677006,7.42,14.45,8.04,10.9,18.94,80.88,140.53,107.18,122.5,0.87,0.66,1.15,11.39,138,2.46,8
1522,堤維西,汽車工業,1.72,23266762000.0,13527187209.302326,0.7,33743823671.108772,2.49,20.71,40.95,8.86,49.81,22.06,124.03,51.58,32.1,1.61,0.69,3.86,41.83,48,0.2,173
1521,大億,汽車工業,0.87,3577067000.0,4111571264.367816,0.32,4100116125.524241,1.0,61.41,199.63,18.61,218.24,18.61,218.24,61.41,24.9,2.47,0.75,8.76,6.38,22,7.08,39
1519,華城,電機機械,14.26,24042291000.0,1685995161.2903225,5.13,26213326475.5548,15.55,49.56,68.44,21.53,89.97,334.79,1399.03,770.67,896.0,0.86,0.37,1.56,14.3,57,71.06,179
1463,強盛新,紡織纖維,0.14,1170751000.0,8362507142.857142,0.01,121538123.91769934,0.01,34.22,146.91,4.63,151.54,0.05,1.52,0.34,18.25,0.02,0.0,0.08,46.07,98,0.63,1
1464,得力,紡織纖維,0.34,12545008000.0,36897082352.94118,0.14,11564688491.566067,0.31,32.28,97.0,9.92,106.92,3.08,33.15,10.01,10.0,1.0,0.31,3.32,20.86,183,1.44,8
1465,偉全,紡織纖維,-0.33,363972000.0,0.0,0.0,371386012.92965966,0.0,33.5,64.14,15.33,79.47,0.0,0.0,0.0,12.3,0.0,0.0,0.0,2.26,9,1.45,1
1466,聚隆,紡織纖維,-1.07,2644622000.0,0.0,0.0,2163146831.9476147,0.0,63.67,105.51,31.63,137.14,0.0,0.0,0.0,15.6,0.0,0.0,0.0,10.38,184,20.51,166
1467,南緯,紡織纖維,-0.46,5217867000.0,0.0,0.0,4835477582.699276,0.0,31.58,39.67,15.33,55.0,0.0,0.0,0.0,7.13,0.0,0.0,0.0,4.26,64,0.55,6
1468,昶和,紡織纖維,0.2,852022000.0,4260110000.0,0.04,496488895.66793853,0.12,43.24,122.77,12.23,135.0,1.47,16.2,5.19,12.45,0.42,0.12,1.3,12.92,54,4.63,33
1470,大統新創,紡織纖維,0.78,791565000.0,1014826923.076923,0.32,738562249.8689598,0.73,30.47,22.75,18.19,40.94,13.28,29.89,22.25,22.55,0.99,0.59,1.33,33.33,107,2.85,1
1471,首利,電子工業,0.03,195999000.0,6533300000.0,0.01,90365155.06102943,0.01,266.68,680.16,39.84,720.0,0.4,7.2,2.67,11.1,0.24,0.04,0.65,12.33,21,11.11,8
1473,台南,紡織纖維,0.57,7006641000.0,12292352631.578949,0.2,5164236484.149172,0.42,15.9,34.46,8.79,43.25,3.69,18.16,6.68,20.65,0.32,0.18,0.88,54.93,30,9.08,166
1474,弘裕,紡織纖維,0.34,2954273000.0,8689038235.294117,0.11,2699088480.186116,0.31,30.48,64.5,11.68,76.18,3.62,23.62,9.45,10.05,0.94,0.36,2.35,10.86,62,3.0,4
1475,業旺,紡織纖維,2.72,1501811000.0,552136397.0588235,0.88,1301083148.4495263,2.36,9.65,9.18,5.44,14.62,12.84,34.5,22.78,27.7,0.82,0.46,1.25,22.05,84,11.84,6
1476,儒鴻,紡織纖維,20.1,38111954000.0,1896117114.4278605,8.54,38105719714.72392,20.1,20.67,13.03,13.24,26.27,266.12,528.03,415.42,344.0,1.21,0.77,1.53,18.25,184,13.78,6
1477,聚陽,紡織纖維,14.65,34751748000.0,2372132969.2832766,6.2,32315361104.802193,13.62,19.24,13.98,13.1,27.08,178.42,368.83,262.08,221.5,1.18,0.81,1.67,20.1,72,11.32,133
1503,士電,電機機械,6.28,36565338000.0,5822506050.955414,2.68,41554148083.708954,7.14,34.52,46.09,19.54,65.63,139.52,468.6,246.45,202.5,1.22,0.69,2.31,2.87,68,22.89,179
1504,東元,電機機械,2.42,58304590000.0,24092805785.123966,1.06,63093770541.82439,2.62,25.04,31.72,16.32,48.04,42.76,125.86,65.6,72.8,0.9,0.59,1.73,4.8,30,132.04,165
1506,正道,電機機械,0.06,1082820000.0,18047000000.0,0.03,1155292098.9636781,0.06,126.11,233.28,56.72,290.0,3.4,17.4,7.57,10.5,0.72,0.32,1.66,9.73,65,22.36,116
1512,瑞利,汽車工業,0.19,1126766000.0,5930347368.421053,0.07,1278325047.627852,0.22,72.37,216.95,38.05,255.0,8.37,56.1,15.92,7.35,2.17,1.14,7.63,0.0,0,24.75,11
1513,中興電,電機機械,8.07,27235004000.0,3374845600.991326,3.37,28183917627.96938,8.35,25.32,50.35,14.53,64.88,121.33,541.75,211.46,158.0,1.34,0.77,3.43,27.99,68,23.83,113
1514,亞力,電機機械,3.32,10435225000.0,3143140060.240964,1.47,12903014148.86695,4.11,36.21,22.27,25.63,47.9,105.34,196.87,148.83,123.5,1.21,0.85,1.59,15.94,63,9.91,39
1515,力山,電機機械,0.97,5144303000.0,5303405154.639175,0.3,6378667439.469413,1.2,23.16,60.79,8.59,69.38,10.31,83.26,27.79,21.95,1.27,0.47,3.79,0.0,0,6.39,15
1516,川飛,其他,0.03,86650000.0,2888333333.3333335,0.01,77902687.15684281,0.03,110.96,488.8,21.2,510.0,0.64,15.3,3.33,21.7,0.15,0.03,0.71,44.87,20,35.37,25
1517,利奇,電機機械,-0.69,2050514000.0,0.0,0.0,1663495158.1855915,0.0,0.0,0.0,0.0,0.0,0.0,0.0,0.0,10.1,0.0,0.0,0.0,12.38,70,23.91,159
1580,新麥,電機機械,12.54,4988857000.0,397835486.4433812,3.81,4680863751.898147,11.77,11.07,4.59,8.61,13.2,101.34,155.36,130.31,124.5,1.05,0.81,1.25,4.52,47,3.1,91
1582,信錦,電子工業,3.45,8857470000.0,2567382608.695652,1.39,8140892456.084071,3.17,15.58,22.95,10.0,32.95,31.7,104.45,49.4,87.8,0.56,0.36,1.19,9.17,133,7.38,8
1583,程泰,電機機械,-4.78,3907346000.0,0.0,0.0,4056983712.26999,0.0,19.21,55.34,3.99,59.33,0.0,0.0,0.0,47.5,0.0,0.0,0.0,0.0,0,0.84,6
1708,東鹼,化學生技醫療,3.28,6180360000.0,1884256097.5609758,1.11,6213933370.416072,3.3,13.08,21.6,7.36,28.96,24.29,95.57,43.15,37.2,1.16,0.65,2.57,24.16,106,9.25,13
1709,和益,化學工業,1.23,9076666000.0,7379403252.03252,0.42,8370211428.646237,1.13,15.49,14.39,10.42,24.81,11.77,28.04,17.5,18.65,0.94,0.63,1.5,34.77,72,4.47,103
1710,東聯,化學工業,-1.01,22752814000.0,0.0,0.0,20547977383.445877,0.0,722.11,270.0,597.5,867.5,0.0,0.0,0.0,12.1,0.0,0.0,0.0,8.65,133,0.0,0
1711,永光,化學工業,-0.2,7633140000.0,0.0,0.0,7700334692.262184,0.0,91.48,187.61,32.39,220.0,0.0,0.0,0.0,57.5,0.0,0.0,0.0,39.22,135,27.91,125
1712,興農,化學工業,2.6,18555010000.0,7136542307.692307,1.15,18823655266.461853,2.64,17.13,4.53,15.22,19.75,40.18,52.14,45.23,41.95,1.08,0.96,1.24,16.73,76,8.87,160
1713,國化,化學工業,3.86,462367000.0,119784196.89119172,1.66,488129017.91228175,4.08,11.1,24.49,4.15,28.64,16.93,116.85,45.29,47.5,0.95,0.36,2.46,34.07,69,4.88,85
1714,和桐,化學工業,0.5,23123551000.0,46247102000.0,0.22,32471979894.52598,0.7,20.85,27.91,12.28,40.19,8.6,28.13,14.59,9.23,1.58,0.93,3.05,16.06,58,0.24,4
1717,長興,化學工業,1.41,40929375000.0,29027925531.914894,0.63,41906723249.64959,1.44,25.05,43.39,15.26,58.65,21.97,84.46,36.08,77.9,0.46,0.28,1.08,10.94,142,75.91,116
1718,中纖,化學工業,0.09,46499190000.0,516657666666.6667,0.03,43864468182.14318,0.08,210.41,300.56,70.44,371.0,5.64,29.68,16.83,6.34,2.65,0.89,4.68,16.43,71,6.78,105
1720,生達,化學生技醫療,5.19,6996447000.0,1348063005.7803466,2.15,7149587767.91451,5.3,12.88,5.58,10.45,16.03,55.38,84.96,68.29,61.1,1.12,0.91,1.39,20.71,79,0.34,1
1721,三晃,化學工業,-1.85,1749814000.0,0.0,0.0,1586945682.83094,0.0,0.0,0.0,0.0,0.0,0.0,0.0,0.0,28.5,0.0,0.0,0.0,71.01,152,6.13,19
1722,台肥,化學工業,0.95,12159186000.0,12799143157.894737,0.36,13158673918.630802,1.03,30.06,37.31,16.06,53.37,16.54,54.97,30.96,46.55,0.67,0.36,1.18,0.77,47,3.15,1
1723,中碳,化學工業,2.65,5957830000.0,2248237735.8490567,1.12,5318571910.729109,2.37,20.3,17.25,16.22,33.47,38.44,79.32,48.12,79.9,0.6,0.48,0.99,2.21,13,5.22,12
2115,六暉-KY,汽車工業,1.58,2976173000.0,1883653797.4683545,0.74,3066476560.3357973,1.63,17.14,24.48,11.31,35.79,18.44,58.34,27.94,21.3,1.31,0.87,2.74,5.59,62,3.33,12
1707,葡萄王,生技醫療業,8.22,10614460000.0,1291296836.9829683,2.41,9575420765.067713,7.42,14.79,3.79,12.98,16.77,96.31,124.43,109.78,113.0,0.97,0.85,1.1,1.89,5,0.36,1
1702,南僑,食品工業,1.11,23430771000.0,21108802702.7027,0.37,22544820356.170746,1.07,15.51,23.04,10.04,33.08,10.74,35.4,16.59,34.35,0.48,0.31,1.03,6.24,12,1.13,1
1584,精剛,其他,0.45,2604026000.0,5786724444.444445,0.13,2102303387.4254155,0.36,57.9,224.42,7.85,232.27,2.83,83.62,20.84,20.1,1.04,0.14,4.16,25.62,105,0.0,0
1586,和勤,電機機械,-0.36,2321202000.0,0.0,0.0,2255414311.3734517,0.0,66.19,63.99,42.19,106.18,0.0,0.0,0.0,21.7,0.0,0.0,0.0,13.52,63,6.32,91
1587,吉茂,汽車工業,0.38,2594055000.0,6826460526.315789,0.15,3431552059.759676,0.5,152.28,193.9,76.58,270.48,38.29,135.24,76.14,32.4,2.35,1.18,4.17,3.92,13,45.45,133
1590,亞德客-KY,電機機械,42.01,33793633000.0,804418781.2425613,21.96,41637225476.72038,51.76,24.34,18.12,17.71,35.83,916.67,1854.56,1259.59,1505.0,0.84,0.61,1.23,9.05,12,10.59,182
1591,駿吉-KY,電機機械,-2.74,134840000.0,0.0,0.0,482291591.41607153,0.0,0.0,0.0,0.0,0.0,0.0,0.0,0.0,64.5,0.0,0.0,0.0,6.9,7,61.9,146
1595,川寶,電子零組件業,-1.95,725630000.0,0.0,0.0,594747202.4006724,0.0,117.77,298.75,30.0,328.75,0.0,0.0,0.0,98.2,0.0,0.0,0.0,121.63,166,18.48,116
1597,直得,電機機械,0.92,1100199000.0,1195868478.2608695,0.38,1491578811.922333,1.25,108.66,138.93,56.67,195.6,70.84,244.5,135.83,173.0,0.79,0.41,1.41,79.12,93,15.8,11
1599,宏佳騰,電機機械,-0.83,1853729000.0,0.0,0.0,2317360833.8818007,0.0,155.25,410.59,16.91,427.5,0.0,0.0,0.0,24.75,0.0,0.0,0.0,12.05,84,14.6,89
1603,華電,電器電纜,3.25,5327948000.0,1639368615.3846154,1.49,5701149263.365266,3.48,11.91,6.21,9.07,15.28,31.56,53.17,41.45,32.1,1.29,0.98,1.66,10.61,37,16.69,41
1604,聲寶,電器電纜,1.7,9211058000.0,5418269411.764706,0.56,8516105911.16296,1.57,13.69,3.31,11.84,15.15,18.59,23.79,21.49,22.75,0.94,0.82,1.05,2.05,8,4.17,13
1605,華新,電器電纜,0.75,172412266000.0,229883021333.33334,0.31,163168260522.58414,0.71,54.67,146.69,23.31,170.0,16.55,120.7,38.81,33.75,1.15,0.49,3.58,6.72,12,51.64,154
1608,華榮,電器電纜,5.5,11348843000.0,2063426000.0,2.61,13009202091.51581,6.3,15.03,23.68,5.66,29.34,35.66,184.84,94.68,34.0,2.78,1.05,5.44,18.82,65,59.21,181
1609,大亞,電器電纜,1.64,31235095000.0,19045789634.146343,0.58,35292718910.0474,1.85,22.44,21.62,13.92,35.54,25.75,65.75,41.51,36.05,1.15,0.71,1.82,4.98,72,19.16,119
1611,中電,電器電纜,0.02,1081359000.0,54067950000.0,0.01,955395079.3731587,0.02,65.71,391.13,22.2,413.33,0.44,8.27,1.31,11.9,0.11,0.04,0.69,20.51,72,5.76,18
1612,宏泰,電器電纜,2.77,7480411000.0,2700509386.2815886,1.15,8026568670.193338,2.97,14.63,8.46,11.26,19.72,33.44,58.57,43.46,36.7,1.18,0.91,1.6,2.8,13,25.43,179
1614,三洋電,電器電纜,0.97,5459864000.0,5628725773.195876,0.38,4934532912.299523,0.88,42.64,33.26,24.24,57.5,21.33,50.6,37.52,32.0,1.17,0.67,1.58,8.12,1,2.82,18
1615,大山,電器電纜,4.93,5816581000.0,1179833874.239351,1.97,5280643639.224829,4.48,13.64,13.12,9.28,22.4,41.57,100.35,61.11,44.7,1.37,0.93,2.24,5.01,30,3.04,98
1616,億泰,電器電纜,1.55,5247241000.0,3385316774.193548,0.61,5509369660.212732,1.63,15.03,20.68,6.88,27.56,11.21,44.92,24.5,22.15,1.11,0.51,2.03,0.0,0,76.32,41
1617,榮星,電器電纜,0.68,3309047000.0,4866245588.235293,0.25,3928923782.4146795,0.81,143.29,467.92,21.25,489.17,17.21,396.23,116.07,15.05,7.71,1.14,26.33,18.35,35,3.49,7
1618,合機,電器電纜,4.21,5305333000.0,1260174109.263658,1.33,3292200242.401742,2.61,13.25,18.14,8.46,26.6,22.08,69.43,34.57,39.2,0.88,0.56,1.77,18.6,62,19.72,90
1623,大東電,電器電纜,13.61,605208000.0,44467891.2564291,0.0,0.0,0.0,17.2,15.68,12.96,28.64,0.0,0.0,0.0,246.0,0.0,0.0,0.0,22.12,45,31.11,120
1626,艾美特-KY,電器電纜,-0.86,8062687000.0,0.0,0.0,6716232634.366183,0.0,0.0,0.0,0.0,0.0,0.0,0.0,0.0,10.95,0.0,0.0,0.0,8.05,156,4.86,69
2201,裕隆,汽車工業,0.93,74182384000.0,79766004301.07527,0.29,68023735297.69108,0.85,16.15,24.41,8.43,32.84,7.17,27.91,13.72,27.75,0.49,0.26,1.01,0.0,0,1.51,1
2204,中華,汽車工業,5.47,31570356000.0,5771545886.654479,2.15,37609370418.974625,6.52,10.38,6.46,7.32,13.78,47.73,89.85,67.67,54.4,1.24,0.88,1.65,0.0,0,2.74,7
2206,三陽工業,汽車工業,5.78,62818867000.0,10868316089.965397,1.83,62034359111.86384,5.71,10.62,3.51,8.79,12.3,50.19,70.23,60.63,58.0,1.05,0.87,1.21,1.35,69,1.13,13
2393,億光,光電業,4.6,19630880000.0,4267582608.6956525,1.97,19596631116.071156,4.59,14.26,11.47,9.69,21.16,44.48,97.12,65.47,73.7,0.89,0.6,1.32,22.66,177,7.7,13
2395,研華,電子工業,12.25,70256994000.0,5735264816.32653,6.04,84344862877.45819,14.71,30.87,18.36,23.36,41.72,343.63,613.7,454.05,476.5,0.95,0.72,1.29,6.59,69,3.5,112
2397,友通,電子工業,2.49,11147988000.0,4477103614.457831,1.18,12976175494.208204,2.9,22.94,24.54,13.46,38.0,39.03,110.2,66.51,59.2,1.12,0.66,1.86,42.18,64,35.9,111
2399,映泰,電子工業,0.15,1753395000.0,11689300000.0,0.05,1529174985.9987986,0.13,369.76,411.5,181.0,592.5,23.53,77.03,48.07,42.3,1.14,0.56,1.82,106.7,168,37.11,172
2401,凌陽,半導體業,-0.37,6278566000.0,0.0,0.0,6956440083.764706,0.0,52.76,21.81,42.39,64.2,0.0,0.0,0.0,25.3,0.0,0.0,0.0,34.33,58,18.6,106
2402,毅嘉,電子工業,2.47,10728500000.0,4343522267.206477,1.11,12383735084.570862,2.85,19.87,19.47,12.24,31.71,34.88,90.37,56.63,68.0,0.83,0.51,1.33,33.04,162,65.55,110
2392,正崴,電子零組件業,-6.62,97510511000.0,0.0,0.0,79236219874.61613,0.0,33.29,115.95,9.66,125.61,0.0,0.0,0.0,38.8,0.0,0.0,0.0,82.37,63,24.36,71
2404,漢唐,電子工業,48.08,63949846000.0,1330071672.2129784,20.73,105764579597.24242,79.52,17.78,20.78,11.84,32.62,941.52,2593.94,1414.15,1015.0,1.39,0.93,2.56,1.44,57,178.28,113
2405,輔信,電子工業,-0.2,1728395000.0,0.0,0.0,1811249144.4070318,0.0,368.72,574.17,147.5,721.67,0.0,0.0,0.0,14.95,0.0,0.0,0.0,55.43,61,18.05,167
2406,國碩,光電業,-0.91,5758962000.0,0.0,0.0,15756887384.809362,0.0,0.0,0.0,0.0,0.0,0.0,0.0,0.0,33.0,0.0,0.0,0.0,40.4,55,118.18,103
2408,南亞科,半導體業,2.13,56774899000.0,26654882159.624416,3.25,392928725822.5704,14.74,101.2,105.05,24.53,129.58,361.57,1910.01,1491.71,274.0,5.44,1.32,6.97,11.86,61,323.46,182
2409,友達,光電業,0.9,280792168000.0,311991297777.7778,0.37,272562031682.78394,0.87,19.7,12.91,14.59,27.5,12.69,23.92,17.14,17.85,0.96,0.71,1.34,11.58,65,5.22,140
2412,中華電,通信網路業,4.99,237858930000.0,47667120240.48096,1.75,245027015140.35855,5.14,26.73,3.2,25.05,28.25,128.76,145.2,137.4,136.5,1.01,0.94,1.06,1.19,23,6.56,103
2390,云辰,電子工業,-0.14,686088000.0,0.0,0.0,556931101.1701026,0.0,0.0,0.0,0.0,0.0,0.0,0.0,0.0,9.46,0.0,0.0,0.0,8.18,61,15.09,11
2371,大同,電機機械,-5.2,49840830000.0,0.0,0.0,54807067926.39887,0.0,22.54,76.26,4.39,80.65,0.0,0.0,0.0,30.55,0.0,0.0,0.0,0.0,0,1.35,4
2373,震旦行,其他電子業,3.86,10765016000.0,2788864248.7046633,1.23,10301606024.89279,3.69,14.49,2.46,13.45,15.91,49.63,58.71,53.47,56.8,0.94,0.87,1.03,4.76,57,1.62,54
2374,佳能,光電業,2.52,9311794000.0,3695156349.2063494,1.32,16792666368.61806,4.54,35.44,48.59,20.0,68.59,90.8,311.4,160.92,78.5,2.05,1.16,3.97,48.32,14,142.91,131
2375,凱美,電子工業,3.72,5504838000.0,1479795161.2903225,1.29,6099246644.473773,4.12,20.24,19.9,9.96,29.86,41.04,123.02,83.41,90.4,0.92,0.45,1.36,14.26,70,81.34,172
2376,技嘉,電子工業,18.19,324226515000.0,17824437328.20231,10.53,536289451196.24146,30.09,19.8,31.05,11.85,42.9,356.57,1290.86,595.84,317.0,1.88,1.12,4.07,6.58,21,28.99,148
2377,微星,電子工業,6.8,225924964000.0,33224259411.764706,2.2,249796625405.56293,7.52,19.9,15.06,12.5,27.56,94.0,207.25,149.69,100.0,1.5,0.94,2.07,22.7,19,8.16,89
2379,瑞昱,半導體業,28.77,123048742000.0,4276980952.3809524,13.44,128286470131.3413,29.99,19.08,15.04,14.76,29.8,442.65,893.7,572.1,592.0,0.97,0.75,1.51,10.04,64,14.93,71
2380,虹光,電子工業,0.72,2817681000.0,3913445833.3333335,0.33,3353597164.7985187,0.86,27.21,5.65,25.0,30.65,21.5,26.36,23.4,5.6,4.18,3.84,4.71,8.87,36,77.14,109
2382,廣達,電子工業,19.44,1989610196000.0,102346203497.94238,13.89,3635149138305.4736,35.52,18.3,17.53,11.52,29.05,409.19,1031.86,649.93,340.5,1.91,1.2,3.03,24.68,63,23.06,172
2383,台光電,電子工業,41.66,91947570000.0,2207094815.1704273,25.23,145131098983.16965,65.76,32.39,100.97,14.73,115.7,968.64,7608.43,2129.96,4750.0,0.45,0.2,1.6,19.62,63,122.05,180
2385,群光,電子工業,9.06,96067158000.0,10603439072.847681,2.9,93585107271.8876,8.83,12.89,9.21,9.97,19.18,88.04,169.36,113.81,134.0,0.85,0.66,1.26,0.0,0,8.31,13
2387,精元,電子工業,3.46,19232481000.0,5558520520.231214,1.06,17296009388.066837,3.11,8.24,7.72,5.61,13.33,17.45,41.46,25.61,40.75,0.63,0.43,1.02,0.0,0,3.7,6
2388,威盛,半導體業,0.12,10116361000.0,84303008333.33334,0.04,8755619230.358107,0.1,305.38,1634.74,30.26,1665.0,3.03,166.5,30.54,71.4,0.43,0.04,2.33,10.63,134,0.27,4
2413,環科,電子工業,0.4,3331719000.0,8329297500.0,0.17,3506831039.7321253,0.42,94.87,158.29,28.27,186.56,11.87,78.36,39.85,46.1,0.86,0.26,1.7,22.59,177,23.08,153
2414,精技,電子工業,3.17,28246381000.0,8910530283.911673,1.17,34976254839.57809,3.93,14.58,5.17,12.98,18.15,51.01,71.33,57.28,48.9,1.17,1.04,1.46,14.95,54,21.59,64
2433,互盛電,其他電子業,3.05,2726747000.0,894015409.8360656,1.02,2715693880.3743854,3.04,15.36,1.4,14.74,16.14,44.81,49.07,46.69,45.75,1.02,0.98,1.07,1.13,8,0.79,54
2434,統懋,半導體業,0.03,45756000.0,1525200000.0,0.01,47043479.17241379,0.03,288.23,1602.32,42.68,1645.0,1.28,49.35,8.65,31.95,0.27,0.04,1.54,1.03,62,6.74,176
2436,偉詮電,半導體業,3.0,3539175000.0,1179725000.0,1.47,4505500806.44217,3.82,39.53,49.9,20.68,70.58,79.0,269.62,151.02,72.0,2.1,1.1,3.74,9.69,140,31.53,123
2438,翔耀,光電業,-2.37,432276000.0,0.0,0.0,757106837.6963351,0.0,0.0,0.0,0.0,0.0,0.0,0.0,0.0,22.6,0.0,0.0,0.0,286.54,65,0.0,0
2439,美律,通信網路業,5.35,46021543000.0,8602157570.093458,2.15,52983653149.76348,6.16,15.66,8.7,10.92,19.62,67.27,120.86,96.45,86.2,1.12,0.78,1.4,13.73,58,6.3,21
2440,太空梭,電子工業,-0.24,3571225000.0,0.0,0.0,3751115472.345879,0.0,0.0,0.0,0.0,0.0,0.0,0.0,0.0,16.75,0.0,0.0,0.0,13.71,9,6.45,13
2441,超豐,半導體業,4.31,16714118000.0,3877985614.8491883,2.01,19379702709.118015,5.0,15.92,15.25,10.35,25.6,51.75,128.0,79.61,90.5,0.88,0.57,1.41,2.7,71,33.94,182
2444,兆勁,通信網路業,-1.9,1104139000.0,0.0,0.0,943069815.2740088,0.0,116.36,32.92,104.58,137.5,0.0,0.0,0.0,13.15,0.0,0.0,0.0,51.35,71,5.35,6
2449,京元電子,半導體業,9.01,34125431000.0,3787506215.316315,4.54,46764820700.562614,12.35,21.11,28.82,10.47,39.29,129.3,485.23,260.75,311.0,0.84,0.42,1.56,59.25,184,150.84,179
2450,神腦,通信網路業,1.72,32694590000.0,19008482558.139534,0.77,38356145251.82237,2.02,17.25,4.8,14.84,19.64,29.98,39.67,34.85,29.9,1.17,1.0,1.33,1.9,40,2.83,6
2451,創見,半導體業,12.98,14961901000.0,1152688828.9676425,20.94,72956535143.52919,63.29,21.98,31.99,9.78,41.77,618.98,2643.62,1391.39,312.5,4.45,1.98,8.46,33.0,41,53.89,183
2369,菱生,電子工業,-1.05,5403429000.0,0.0,0.0,7504719412.991874,0.0,0.0,0.0,0.0,0.0,0.0,0.0,0.0,30.7,0.0,0.0,0.0,13.89,21,55.91,182
2431,聯昌,電子零組件業,-2.1,377964000.0,0.0,0.0,222599479.95881328,0.0,0.0,0.0,0.0,0.0,0.0,0.0,0.0,10.8,0.0,0.0,0.0,61.45,181,22.88,138
2430,燦坤,電子通路業,0.7,17810966000.0,25444237142.857143,0.22,17261895039.345974,0.68,20.69,26.52,14.94,41.46,10.16,28.19,14.07,19.9,0.71,0.51,1.42,0.96,5,0.0,0
2415,錩新,電子工業,1.81,2329168000.0,1286833149.1712706,0.82,2630895628.37727,2.04,36.16,118.87,14.7,133.57,29.99,272.48,73.76,28.0,2.63,1.07,9.73,19.01,141,14.19,103
2417,圓剛,電子工業,-0.19,3260578000.0,0.0,0.0,4023067618.430726,0.0,351.99,3719.14,105.86,3825.0,0.0,0.0,0.0,50.4,0.0,0.0,0.0,52.42,58,30.19,110
2419,仲琦,通信網路業,-0.36,8742858000.0,0.0,0.0,9255761258.10966,0.0,0.0,0.0,0.0,0.0,0.0,0.0,0.0,30.05,0.0,0.0,0.0,29.0,71,24.82,175
2420,新巨,電子工業,3.91,2162774000.0,553139130.4347826,1.69,2216220264.421212,4.01,14.83,9.19,10.36,19.55,41.54,78.4,59.46,55.5,1.07,0.75,1.41,34.13,152,10.19,95
2421,建準,電子工業,7.94,18263701000.0,2300214231.738035,3.77,22125712752.720375,9.62,20.05,15.53,12.18,27.71,117.17,266.57,192.89,149.0,1.29,0.79,1.79,3.9,26,87.85,183
2423,固緯,其他電子業,2.91,2944348000.0,1011803436.4261168,1.12,3499380967.209601,3.46,17.19,10.53,12.24,22.77,42.35,78.78,59.47,65.7,0.91,0.64,1.2,0.0,0,40.31,111
2425,承啟,電子工業,-0.32,8375969000.0,0.0,0.0,13785613586.146746,0.0,103.24,341.73,17.02,358.75,0.0,0.0,0.0,30.85,0.0,0.0,0.0,32.13,152,12.36,6
2426,鼎元,光電業,-0.26,2342210000.0,0.0,0.0,2145793614.75932,0.0,74.47,50.64,57.69,108.33,0.0,0.0,0.0,67.5,0.0,0.0,0.0,49.43,161,19.69,116
2427,三商電,資訊服務業,1.53,6543479000.0,4276783660.1307187,0.64,9097347411.201582,2.13,18.64,11.54,13.53,25.07,28.82,53.4,39.71,21.55,1.84,1.34,2.48,21.27,58,30.48,89
2428,興勤,電子工業,11.76,8064952000.0,685795238.0952381,5.34,8709797595.395403,12.7,14.03,9.06,9.01,18.07,114.43,229.49,178.24,190.5,0.94,0.6,1.2,6.86,44,57.31,167
1460,宏遠,紡織纖維,-0.27,7646438000.0,0.0,0.0,6091062124.097295,0.0,0.0,0.0,0.0,0.0,0.0,0.0,0.0,7.25,0.0,0.0,0.0,4.41,61,7.67,18
2368,金像電,電子工業,19.43,58066839000.0,2988514616.572311,10.67,91895783277.6964,30.75,28.89,65.5,12.35,77.85,379.76,2393.89,888.48,1330.0,0.67,0.29,1.8,16.54,58,125.45,113
2302,麗正,半導體業,0.49,835569000.0,1705242857.142857,0.17,941451824.438116,0.55,32.83,30.94,19.87,50.81,10.93,27.95,18.06,19.55,0.92,0.56,1.43,14.78,15,14.81,166
2303,聯電,半導體業,3.33,237238293000.0,71242730630.63063,1.45,251147038445.54913,3.53,13.59,14.56,9.69,24.25,34.21,85.6,47.98,91.3,0.53,0.37,0.94,11.18,44,9.38,13
2305,全友,電子工業,0.2,733136000.0,3665680000.0,0.12,1090906445.2456446,0.3,123.78,161.61,64.64,226.25,19.39,67.88,37.13,17.8,2.09,1.09,3.81,17.35,70,15.21,109
2308,台達電,電子工業,23.14,539937575000.0,23333516637.856525,9.13,729602570604.76,31.27,39.05,72.87,20.69,93.56,646.98,2925.62,1220.95,2200.0,0.55,0.29,1.33,35.2,64,188.98,173
2312,金寶,其他電子業,1.05,162727375000.0,154978452380.95236,0.32,145309401591.9409,0.94,24.24,28.91,14.82,43.73,13.93,41.11,22.78,27.95,0.82,0.5,1.47,86.15,65,17.53,167
2313,華通,電子工業,5.51,75158821000.0,13640439382.94011,2.43,83960387840.72343,6.16,19.28,42.52,9.39,51.91,57.84,319.77,118.74,253.5,0.47,0.23,1.26,14.59,64,47.63,167
2301,光寶科,電腦及週邊設備業,6.65,164568691000.0,24747171578.94737,3.03,195282510445.01068,7.89,21.2,20.11,13.8,33.91,108.88,267.55,167.28,204.0,0.82,0.53,1.31,19.21,19,97.17,174
2314,台揚,電子工業,-4.32,1677413000.0,0.0,0.0,2289460804.9601994,0.0,0.0,0.0,0.0,0.0,0.0,0.0,0.0,13.0,0.0,0.0,0.0,16.01,184,159.26,167
2316,楠梓電,電子工業,13.37,3671873000.0,274635228.1226627,5.12,4368807960.708021,15.91,8.98,11.05,6.18,17.23,98.32,274.13,142.84,112.5,1.27,0.87,2.44,36.7,63,187.88,113
2317,鴻海,其他電子業,13.6,7891774675000.0,580277549632.3529,6.59,10271866561951.625,17.7,16.01,10.52,10.24,20.76,181.25,367.45,283.36,250.0,1.13,0.72,1.47,33.63,61,79.45,175
2321,東訊,通信網路業,-0.76,742234000.0,0.0,0.0,722344324.716675,0.0,0.0,0.0,0.0,0.0,0.0,0.0,0.0,12.35,0.0,0.0,0.0,0.0,0,41.05,123
2323,中環,光電業,1.58,7170946000.0,4538573417.7215185,0.59,8040875007.591347,1.77,12.91,12.96,6.42,19.38,11.36,34.3,22.86,10.55,2.17,1.08,3.25,11.86,58,18.54,183
2324,仁寶,電子工業,1.38,755605341000.0,547540102173.9131,0.62,787630962267.38,1.44,17.04,13.65,10.26,23.91,14.77,34.43,24.54,29.65,0.83,0.5,1.16,11.94,14,31.17,140
2207,和泰車,汽車工業,33.93,278122174000.0,8196939994.105512,11.27,271170906852.7828,33.08,16.56,5.88,13.94,19.82,461.14,655.65,547.79,487.0,1.12,0.95,1.35,15.37,142,2.04,4
2208,台船,航運業,-1.76,21069459000.0,0.0,0.0,27739180927.344334,0.0,0.0,0.0,0.0,0.0,0.0,0.0,0.0,21.7,0.0,0.0,0.0,5.83,111,75.0,127
2211,長榮鋼,鋼鐵工業,8.59,15356743000.0,1787746565.774156,2.52,13565984493.335236,7.59,14.49,9.04,11.26,20.3,85.46,154.08,109.96,98.5,1.12,0.87,1.56,7.59,8,33.41,167
2221,大甲,其他,2.31,1380803000.0,597750216.4502164,0.82,1470242083.4012344,2.46,14.37,10.38,10.36,20.74,25.49,51.02,35.35,35.9,0.98,0.71,1.42,0.0,0,15.09,54
2227,裕日車,汽車工業,1.29,15328057000.0,11882214728.68217,0.44,11850366612.558897,1.0,27.29,39.62,9.32,48.94,9.32,48.94,27.29,53.8,0.51,0.17,0.91,8.82,8,1.46,4
2228,劍麟,汽車工業,5.24,4949851000.0,944628053.4351145,1.71,4787939958.308309,5.07,12.94,10.15,7.52,17.67,38.13,89.59,65.61,88.6,0.74,0.43,1.01,6.44,27,30.64,113
2230,泰茂,電機機械,-1.02,2030437000.0,0.0,0.0,2821767139.1609674,0.0,48.49,151.69,14.98,166.67,0.0,0.0,0.0,33.85,0.0,0.0,0.0,6.16,36,28.26,48
2231,為升,汽車工業,-1.64,3664324000.0,0.0,0.0,3421201642.2887864,0.0,47.56,53.18,21.16,74.34,0.0,0.0,0.0,116.0,0.0,0.0,0.0,29.17,34,71.71,125
2233,宇隆,汽車工業,6.69,3297200000.0,492855007.47384155,2.17,3047168701.051124,6.18,21.13,35.88,11.66,47.54,72.06,293.8,130.59,292.0,0.45,0.25,1.01,29.3,118,60.66,111
2235,謚源,電機機械,0.95,561922000.0,591496842.1052632,0.41,550451679.9680442,0.93,22.8,21.6,15.24,36.84,14.17,34.26,21.21,29.9,0.71,0.47,1.15,24.12,23,5.2,8
2236,百達-KY,汽車工業,-6.81,9249897000.0,0.0,0.0,10940030121.394373,0.0,176.91,909.93,10.07,920.0,0.0,0.0,0.0,135.0,0.0,0.0,0.0,79.78,163,17.8,134
2239,英利-KY,汽車工業,-7.87,19126801000.0,0.0,0.0,17786622699.937836,0.0,28.54,24.25,18.39,42.64,0.0,0.0,0.0,22.2,0.0,0.0,0.0,0.5,1,23.44,137
2243,宏旭-KY,汽車工業,1.22,1861642000.0,1525936065.5737705,0.66,2478949207.393854,1.62,34.96,53.67,12.79,66.46,20.72,107.67,56.63,23.8,2.38,0.87,4.52,125.54,72,21.87,117
2247,汎德永業,汽車工業,18.32,51898301000.0,2832876692.139738,4.53,38103655956.4584,13.45,13.08,3.53,11.28,14.81,151.72,199.19,175.91,215.0,0.82,0.71,0.93,0.0,0,16.97,76
2248,華勝-KY,汽車工業,5.34,1815934000.0,340062546.8164794,2.48,3356870317.962156,9.87,9.26,5.02,6.5,11.52,64.16,113.7,91.39,55.6,1.64,1.15,2.04,0.0,0,0.38,13
2250,IKKA-KY,汽車工業,3.99,3375733000.0,846048370.9273182,1.62,3142932842.7316656,3.71,18.12,12.2,13.73,25.93,50.94,96.2,67.24,63.5,1.06,0.8,1.51,30.48,19,11.4,103
2327,國巨*,電子工業,26.9,130098665000.0,4836381598.513011,13.35,161119161637.98254,33.31,17.05,28.15,5.71,33.86,190.2,1127.88,567.8,389.0,1.46,0.49,2.9,21.45,69,18.53,89
2328,廣宇,電子工業,1.56,22112137000.0,14174446794.871794,0.55,17319048440.297646,1.22,21.98,21.05,14.27,35.32,17.41,43.09,26.81,51.8,0.52,0.34,0.83,15.43,28,67.12,110
2352,佳世達,電腦及週邊設備業,0.63,208040050000.0,330222301587.3016,0.26,212025196044.59827,0.64,27.81,20.84,19.24,40.08,12.31,25.65,17.8,24.85,0.72,0.5,1.03,3.03,21,35.11,152
2353,宏碁,電子工業,1.26,271654739000.0,215598999206.3492,0.47,319039896805.9698,1.48,21.53,16.58,14.7,31.28,21.76,46.29,31.86,27.8,1.15,0.78,1.67,24.07,19,5.51,32
2354,鴻準,其他電子業,2.31,157468970000.0,68168385281.38528,0.67,123946425028.00668,1.82,25.89,17.83,18.76,36.59,34.14,66.59,47.12,61.4,0.77,0.56,1.08,58.73,184,27.59,95
2355,敬鵬,電子工業,1.6,15658335000.0,9786459375.0,0.69,16243179496.068678,1.66,17.3,25.5,8.88,34.38,14.74,57.07,28.72,51.8,0.55,0.28,1.1,21.01,61,23.71,112
2356,英業達,電子工業,2.41,699082867000.0,290075878423.2365,1.2,838347624632.6249,2.89,22.12,17.37,15.96,33.33,46.12,96.32,63.94,49.55,1.29,0.93,1.94,8.46,6,15.27,174
2357,華碩,電子工業,59.99,716607808000.0,11945454375.729288,30.14,1026485927971.9868,85.93,13.17,13.0,9.15,22.15,786.26,1903.35,1131.28,650.0,1.74,1.21,2.93,35.44,184,25.42,47
2359,所羅門,其他電子業,1.22,4193366000.0,3437185245.9016395,0.46,3678869955.8196073,1.07,126.39,180.22,32.64,212.86,34.92,227.76,135.24,119.5,1.13,0.29,1.91,77.34,26,26.62,110
2360,致茂,其他電子業,27.68,26953569000.0,973756105.4913294,20.92,48678549177.34708,49.99,35.69,66.9,18.06,84.96,902.82,4247.15,1784.15,2230.0,0.8,0.4,1.9,75.91,182,160.0,176
2362,藍天,電子工業,2.05,20876604000.0,10183709268.292685,0.83,22226109724.28123,2.18,22.52,33.03,11.61,44.64,25.31,97.32,49.1,39.9,1.23,0.63,2.44,55.43,152,3.66,20
2363,矽統,半導體業,1.53,2664144000.0,1741270588.235294,0.95,5843520607.374511,3.36,51.36,79.3,20.83,100.13,69.99,336.44,172.56,59.4,2.91,1.18,5.66,42.3,166,28.85,134
2364,倫飛,電子工業,4.6,1527938000.0,332160434.78260875,1.29,1339679529.9169252,4.03,20.52,19.29,14.17,33.46,57.11,134.84,82.68,63.9,1.29,0.89,2.11,55.09,107,45.5,95
2365,昆盈,電子工業,0.33,939434000.0,2846769696.969697,0.15,1038362233.1520668,0.36,98.35,124.44,42.81,167.25,15.41,60.21,35.41,36.25,0.98,0.43,1.66,225.55,71,37.87,111
2367,燿華,電子工業,0.68,16474586000.0,24227332352.941174,0.26,14214216589.682308,0.59,34.47,104.49,8.84,113.33,5.22,66.86,20.34,61.7,0.33,0.08,1.08,41.43,61,33.27,102
2351,順德,電子工業,1.67,10255043000.0,6140744311.377246,0.6,11053819469.219381,1.8,36.87,93.61,16.63,110.24,29.93,198.43,66.37,183.0,0.36,0.16,1.08,48.66,135,33.33,173
2349,錸德,電子工業,-0.36,7529703000.0,0.0,0.0,7180131415.028225,0.0,187.78,121.43,122.57,244.0,0.0,0.0,0.0,12.45,0.0,0.0,0.0,169.23,61,16.19,95
2329,華泰,半導體業,2.45,19362141000.0,7902914693.87755,0.83,23258295385.358368,2.94,24.59,29.53,13.35,42.88,39.25,126.07,72.31,59.7,1.21,0.66,2.11,2.79,44,66.35,154
2330,台積電,半導體業,66.26,3752213811000.0,56628641880.47087,33.2,4808187038921.179,84.91,25.56,17.52,17.35,34.87,1473.19,2960.81,2170.17,2290.0,0.95,0.64,1.29,35.91,184,64.49,179
2331,精英,電子工業,1.4,19946465000.0,14247475000.0,0.49,25991927616.359062,1.82,24.18,27.69,13.38,41.07,24.35,74.75,44.01,20.35,2.16,1.2,3.67,25.25,26,29.29,167
2332,友訊,通信網路業,-0.91,13320681000.0,0.0,0.0,13771040263.15059,0.0,328.56,1021.11,18.89,1040.0,0.0,0.0,0.0,13.95,0.0,0.0,0.0,15.24,183,11.93,21
2337,旺宏,半導體業,-1.78,28063863000.0,0.0,0.0,51886342717.89461,0.0,0.0,0.0,0.0,0.0,0.0,0.0,0.0,153.0,0.0,0.0,0.0,10.19,85,90.59,174
2338,光罩,半導體業,-4.99,6212835000.0,0.0,0.0,5493344801.700648,0.0,25.27,25.43,15.44,40.87,0.0,0.0,0.0,51.5,0.0,0.0,0.0,18.92,64,42.69,111
2342,茂矽,半導體業,-0.48,2073952000.0,0.0,0.0,1827968708.9707038,0.0,366.68,1273.27,25.06,1298.33,0.0,0.0,0.0,43.8,0.0,0.0,0.0,14.05,162,59.58,167
2344,華邦電,半導體業,0.88,86008121000.0,97736501136.36363,0.49,156662997381.11383,1.6,110.39,132.99,29.32,162.31,46.91,259.7,176.63,107.0,1.65,0.44,2.43,6.31,44,278.21,182
2345,智邦,通信網路業,47.13,237761128000.0,5044793719.499257,24.49,386099179647.4367,76.53,32.8,34.06,20.26,54.32,1550.5,4157.11,2510.22,2375.0,1.06,0.65,1.75,33.93,170,77.47,180
2347,聯強,電子工業,5.09,404171231000.0,79404956974.45973,2.91,569814279118.9841,7.18,13.94,8.45,10.63,19.08,76.32,136.99,100.06,82.2,1.22,0.93,1.67,8.7,20,2.22,34
2348,海悅,其他,6.85,7027149000.0,1025861167.8832117,2.21,5512530604.64018,5.37,13.1,13.36,7.84,21.2,42.1,113.84,70.34,70.9,0.99,0.59,1.61,87.56,82,7.2,13
2348A,海悅甲特,其他,0.0,0.0,0.0,0.0,0.0,0.0,0.0,0.0,0.0,0.0,0.0,0.0,0.0,0.0,0.0,0.0,0.0,5.56,134,2.65,67
1459,聯發,紡織纖維,0.81,1252518000.0,1546318518.5185184,0.26,843975010.1858208,0.55,34.38,155.89,7.68,163.57,4.22,89.96,18.91,11.9,1.59,0.35,7.56,0.0,0,3.81,6
1457,宜進,紡織纖維,1.17,3066311000.0,2620778632.4786325,0.44,2434520108.251184,0.93,15.71,34.17,5.95,40.12,5.53,37.31,14.61,14.5,1.01,0.38,2.57,0.0,0,1.69,4
00783,富邦中証500,ETF,0.0,0.0,0.0,0.0,0.0,0.0,0.0,0.0,0.0,0.0,0.0,0.0,0.0,30.05,0.0,0.0,0.0,33.9,152,34.34,154
00830,國泰費城半導體,ETF,0.0,0.0,0.0,0.0,0.0,0.0,0.0,0.0,0.0,0.0,0.0,0.0,0.0,78.6,0.0,0.0,0.0,24.08,64,67.68,175
00752,中信中國50,ETF,0.0,0.0,0.0,0.0,0.0,0.0,0.0,0.0,0.0,0.0,0.0,0.0,0.0,24.3,0.0,0.0,0.0,33.71,152,23.88,147
00753L,中信中國50正2,ETF,0.0,0.0,0.0,0.0,0.0,0.0,0.0,0.0,0.0,0.0,0.0,0.0,0.0,10.87,0.0,0.0,0.0,70.94,152,53.54,147
00757,統一FANG+,ETF,0.0,0.0,0.0,0.0,0.0,0.0,0.0,0.0,0.0,0.0,0.0,0.0,0.0,124.9,0.0,0.0,0.0,21.56,184,34.86,176
00762,元大全球AI,ETF,0.0,0.0,0.0,0.0,0.0,0.0,0.0,0.0,0.0,0.0,0.0,0.0,0.0,107.6,0.0,0.0,0.0,14.87,184,50.5,175
00763U,期街口道瓊銅,ETF,0.0,0.0,0.0,0.0,0.0,0.0,0.0,0.0,0.0,0.0,0.0,0.0,0.0,33.15,0.0,0.0,0.0,12.45,12,23.5,77
00770,國泰北美科技,ETF,0.0,0.0,0.0,0.0,0.0,0.0,0.0,0.0,0.0,0.0,0.0,0.0,0.0,62.4,0.0,0.0,0.0,18.59,184,44.89,175
00771,元大US高息特別股,ETF,0.0,0.0,0.0,0.0,0.0,0.0,0.0,0.0,0.0,0.0,0.0,0.0,0.0,16.04,0.0,0.0,0.0,4.58,162,3.29,172
00775B,新光投等債15+,ETF,0.0,0.0,0.0,0.0,0.0,0.0,0.0,0.0,0.0,0.0,0.0,0.0,0.0,32.25,0.0,0.0,0.0,6.27,133,9.13,168
00850,元大臺灣ESG永續,ETF,0.0,0.0,0.0,0.0,0.0,0.0,0.0,0.0,0.0,0.0,0.0,0.0,0.0,82.2,0.0,0.0,0.0,19.48,64,36.24,176
00851,台新全球AI,ETF,0.0,0.0,0.0,0.0,0.0,0.0,0.0,0.0,0.0,0.0,0.0,0.0,0.0,63.3,0.0,0.0,0.0,17.83,69,31.33,179
00852L,國泰美國道瓊正2,ETF,0.0,0.0,0.0,0.0,0.0,0.0,0.0,0.0,0.0,0.0,0.0,0.0,0.0,31.41,0.0,0.0,0.0,20.74,183,30.66,175
00895,富邦未來車,ETF,0.0,0.0,0.0,0.0,0.0,0.0,0.0,0.0,0.0,0.0,0.0,0.0,0.0,48.5,0.0,0.0,0.0,25.88,184,48.82,175
00896,中信綠能及電動車,ETF,0.0,0.0,0.0,0.0,0.0,0.0,0.0,0.0,0.0,0.0,0.0,0.0,0.0,26.63,0.0,0.0,0.0,10.67,64,33.82,174
00897,富邦基因免疫生技,ETF,0.0,0.0,0.0,0.0,0.0,0.0,0.0,0.0,0.0,0.0,0.0,0.0,0.0,9.75,0.0,0.0,0.0,9.47,82,30.68,179
00898,國泰基因免疫革命,ETF,0.0,0.0,0.0,0.0,0.0,0.0,0.0,0.0,0.0,0.0,0.0,0.0,0.0,8.1,0.0,0.0,0.0,12.43,82,27.82,166
00899,FT潔淨能源,ETF,0.0,0.0,0.0,0.0,0.0,0.0,0.0,0.0,0.0,0.0,0.0,0.0,0.0,26.07,0.0,0.0,0.0,8.59,27,63.89,182
00900,富邦特選高股息30,ETF,0.0,0.0,0.0,0.0,0.0,0.0,0.0,0.0,0.0,0.0,0.0,0.0,0.0,16.92,0.0,0.0,0.0,8.07,43,7.8,161
00901,永豐智能車供應鏈,ETF,0.0,0.0,0.0,0.0,0.0,0.0,0.0,0.0,0.0,0.0,0.0,0.0,0.0,41.4,0.0,0.0,0.0,25.63,64,53.99,176
00902,中信電池及儲能,ETF,0.0,0.0,0.0,0.0,0.0,0.0,0.0,0.0,0.0,0.0,0.0,0.0,0.0,17.26,0.0,0.0,0.0,9.89,152,76.82,175
00903,富邦元宇宙,ETF,0.0,0.0,0.0,0.0,0.0,0.0,0.0,0.0,0.0,0.0,0.0,0.0,0.0,20.16,0.0,0.0,0.0,15.29,69,43.83,175
00904,新光臺灣半導體30,ETF,0.0,0.0,0.0,0.0,0.0,0.0,0.0,0.0,0.0,0.0,0.0,0.0,0.0,38.71,0.0,0.0,0.0,24.97,64,36.87,166
00905,FT臺灣Smart,ETF,0.0,0.0,0.0,0.0,0.0,0.0,0.0,0.0,0.0,0.0,0.0,0.0,0.0,24.82,0.0,0.0,0.0,25.1,68,39.17,176
00907,永豐優息存股,ETF,0.0,0.0,0.0,0.0,0.0,0.0,0.0,0.0,0.0,0.0,0.0,0.0,0.0,14.89,0.0,0.0,0.0,9.96,30,7.59,167
00908,富邦入息REITs+,ETF,0.0,0.0,0.0,0.0,0.0,0.0,0.0,0.0,0.0,0.0,0.0,0.0,0.0,14.29,0.0,0.0,0.0,14.04,146,8.33,168
00909,國泰數位支付服務,ETF,0.0,0.0,0.0,0.0,0.0,0.0,0.0,0.0,0.0,0.0,0.0,0.0,0.0,47.52,0.0,0.0,0.0,28.09,184,95.07,161
00910,第一金太空衛星,ETF,0.0,0.0,0.0,0.0,0.0,0.0,0.0,0.0,0.0,0.0,0.0,0.0,0.0,67.1,0.0,0.0,0.0,49.44,183,76.66,154
00911,兆豐洲際半導體,ETF,0.0,0.0,0.0,0.0,0.0,0.0,0.0,0.0,0.0,0.0,0.0,0.0,0.0,52.65,0.0,0.0,0.0,22.54,64,57.96,175
00912,中信臺灣智慧50,ETF,0.0,0.0,0.0,0.0,0.0,0.0,0.0,0.0,0.0,0.0,0.0,0.0,0.0,30.52,0.0,0.0,0.0,21.44,64,26.32,176
00913,兆豐台灣晶圓製造,ETF,0.0,0.0,0.0,0.0,0.0,0.0,0.0,0.0,0.0,0.0,0.0,0.0,0.0,43.54,0.0,0.0,0.0,22.6,64,31.77,176
00915,凱基優選高股息30,ETF,0.0,0.0,0.0,0.0,0.0,0.0,0.0,0.0,0.0,0.0,0.0,0.0,0.0,26.49,0.0,0.0,0.0,6.68,41,3.84,13
00916,國泰全球品牌50,ETF,0.0,0.0,0.0,0.0,0.0,0.0,0.0,0.0,0.0,0.0,0.0,0.0,0.0,27.64,0.0,0.0,0.0,11.94,184,21.87,176
00917,中信特選金融,ETF,0.0,0.0,0.0,0.0,0.0,0.0,0.0,0.0,0.0,0.0,0.0,0.0,0.0,21.59,0.0,0.0,0.0,22.54,183,15.8,145
00918,大華優利高填息30,ETF,0.0,0.0,0.0,0.0,0.0,0.0,0.0,0.0,0.0,0.0,0.0,0.0,0.0,25.1,0.0,0.0,0.0,9.15,41,8.33,175
00919,群益台灣精選高息,ETF,0.0,0.0,0.0,0.0,0.0,0.0,0.0,0.0,0.0,0.0,0.0,0.0,0.0,25.47,0.0,0.0,0.0,9.5,43,6.99,8
00920,富邦ESG綠色電力,ETF,0.0,0.0,0.0,0.0,0.0,0.0,0.0,0.0,0.0,0.0,0.0,0.0,0.0,25.9,0.0,0.0,0.0,7.97,29,60.28,182
00921,兆豐龍頭等權重,ETF,0.0,0.0,0.0,0.0,0.0,0.0,0.0,0.0,0.0,0.0,0.0,0.0,0.0,21.4,0.0,0.0,0.0,2.64,41,11.08,102
00894,中信小資高價30,ETF,0.0,0.0,0.0,0.0,0.0,0.0,0.0,0.0,0.0,0.0,0.0,0.0,0.0,46.81,0.0,0.0,0.0,23.84,64,53.88,179
00893,國泰智能電動車,ETF,0.0,0.0,0.0,0.0,0.0,0.0,0.0,0.0,0.0,0.0,0.0,0.0,0.0,43.6,0.0,0.0,0.0,19.79,64,64.96,175
00891,中信關鍵半導體,ETF,0.0,0.0,0.0,0.0,0.0,0.0,0.0,0.0,0.0,0.0,0.0,0.0,0.0,34.19,0.0,0.0,0.0,20.3,64,24.14,176
00861,元大全球未來通訊,ETF,0.0,0.0,0.0,0.0,0.0,0.0,0.0,0.0,0.0,0.0,0.0,0.0,0.0,81.2,0.0,0.0,0.0,17.21,64,36.57,179
00865B,國泰US短期公債,ETF,0.0,0.0,0.0,0.0,0.0,0.0,0.0,0.0,0.0,0.0,0.0,0.0,0.0,47.69,0.0,0.0,0.0,2.59,84,4.19,183
00875,國泰網路資安,ETF,0.0,0.0,0.0,0.0,0.0,0.0,0.0,0.0,0.0,0.0,0.0,0.0,0.0,42.58,0.0,0.0,0.0,11.53,183,14.52,172
00876,元大全球5G,ETF,0.0,0.0,0.0,0.0,0.0,0.0,0.0,0.0,0.0,0.0,0.0,0.0,0.0,82.4,0.0,0.0,0.0,16.58,64,50.42,180
00878,國泰永續高股息,ETF,0.0,0.0,0.0,0.0,0.0,0.0,0.0,0.0,0.0,0.0,0.0,0.0,0.0,27.82,0.0,0.0,0.0,7.38,64,6.04,174
00881,國泰台灣科技龍頭,ETF,0.0,0.0,0.0,0.0,0.0,0.0,0.0,0.0,0.0,0.0,0.0,0.0,0.0,50.45,0.0,0.0,0.0,26.33,64,51.86,176
00882,中信中國高股息,ETF,0.0,0.0,0.0,0.0,0.0,0.0,0.0,0.0,0.0,0.0,0.0,0.0,0.0,16.01,0.0,0.0,0.0,33.84,152,23.33,183
00885,富邦越南,ETF,0.0,0.0,0.0,0.0,0.0,0.0,0.0,0.0,0.0,0.0,0.0,0.0,0.0,19.29,0.0,0.0,0.0,2.31,146,57.14,159
00892,富邦台灣半導體,ETF,0.0,0.0,0.0,0.0,0.0,0.0,0.0,0.0,0.0,0.0,0.0,0.0,0.0,41.73,0.0,0.0,0.0,26.42,64,40.97,176
00922,國泰台灣領袖50,ETF,0.0,0.0,0.0,0.0,0.0,0.0,0.0,0.0,0.0,0.0,0.0,0.0,0.0,36.47,0.0,0.0,0.0,22.14,64,38.19,161
00739,元大MSCI A股,ETF,0.0,0.0,0.0,0.0,0.0,0.0,0.0,0.0,0.0,0.0,0.0,0.0,0.0,28.83,0.0,0.0,0.0,25.82,152,26.05,154
00737,國泰AI機器人,ETF,0.0,0.0,0.0,0.0,0.0,0.0,0.0,0.0,0.0,0.0,0.0,0.0,0.0,36.84,0.0,0.0,0.0,7.96,184,32.62,172
00642U,期元大S&P石油,ETF,0.0,0.0,0.0,0.0,0.0,0.0,0.0,0.0,0.0,0.0,0.0,0.0,0.0,28.91,0.0,0.0,0.0,7.88,58,29.67,46
00643,群益深証中小,ETF,0.0,0.0,0.0,0.0,0.0,0.0,0.0,0.0,0.0,0.0,0.0,0.0,0.0,20.21,0.0,0.0,0.0,39.47,152,39.3,154
00643K,群益深証中小+R,ETF,0.0,0.0,0.0,0.0,0.0,0.0,0.0,0.0,0.0,0.0,0.0,0.0,0.0,0.0,0.0,0.0,0.0,0.0,0,0.0,0
00645,富邦日本,ETF,0.0,0.0,0.0,0.0,0.0,0.0,0.0,0.0,0.0,0.0,0.0,0.0,0.0,53.9,0.0,0.0,0.0,8.05,64,24.52,176
00646,元大S&P500,ETF,0.0,0.0,0.0,0.0,0.0,0.0,0.0,0.0,0.0,0.0,0.0,0.0,0.0,72.55,0.0,0.0,0.0,14.3,184,22.82,175
00647L,元大S&P500正2,ETF,0.0,0.0,0.0,0.0,0.0,0.0,0.0,0.0,0.0,0.0,0.0,0.0,0.0,129.5,0.0,0.0,0.0,24.48,184,43.37,174
00648R,元大S&P500反1,ETF,0.0,0.0,0.0,0.0,0.0,0.0,0.0,0.0,0.0,0.0,0.0,0.0,0.0,4.07,0.0,0.0,0.0,0.52,92,0.19,1
00650L,復華香港正2,ETF,0.0,0.0,0.0,0.0,0.0,0.0,0.0,0.0,0.0,0.0,0.0,0.0,0.0,18.0,0.0,0.0,0.0,56.27,152,43.15,147
00651R,復華香港反1,ETF,0.0,0.0,0.0,0.0,0.0,0.0,0.0,0.0,0.0,0.0,0.0,0.0,0.0,5.11,0.0,0.0,0.0,7.7,90,0.0,0
00652,富邦印度,ETF,0.0,0.0,0.0,0.0,0.0,0.0,0.0,0.0,0.0,0.0,0.0,0.0,0.0,33.22,0.0,0.0,0.0,14.1,141,3.47,168
00653L,富邦印度正2,ETF,0.0,0.0,0.0,0.0,0.0,0.0,0.0,0.0,0.0,0.0,0.0,0.0,0.0,47.26,0.0,0.0,0.0,28.53,142,8.32,167
00641R,富邦日本反1,ETF,0.0,0.0,0.0,0.0,0.0,0.0,0.0,0.0,0.0,0.0,0.0,0.0,0.0,3.98,0.0,0.0,0.0,19.6,89,0.0,0
00654R,富邦印度反1,ETF,0.0,0.0,0.0,0.0,0.0,0.0,0.0,0.0,0.0,0.0,0.0,0.0,0.0,6.71,0.0,0.0,0.0,1.73,5,1.84,1
00656R,國泰中國A50反1,ETF,0.0,0.0,0.0,0.0,0.0,0.0,0.0,0.0,0.0,0.0,0.0,0.0,0.0,5.81,0.0,0.0,0.0,10.3,133,0.42,25
00657,國泰日經225,ETF,0.0,0.0,0.0,0.0,0.0,0.0,0.0,0.0,0.0,0.0,0.0,0.0,0.0,73.95,0.0,0.0,0.0,10.0,64,40.89,176
00657K,國泰日經225+U,ETF,0.0,0.0,0.0,0.0,0.0,0.0,0.0,0.0,0.0,0.0,0.0,0.0,0.0,23.57,0.0,0.0,0.0,9.52,64,38.82,179
00660,元大歐洲50,ETF,0.0,0.0,0.0,0.0,0.0,0.0,0.0,0.0,0.0,0.0,0.0,0.0,0.0,43.11,0.0,0.0,0.0,2.55,145,6.49,175
00661,元大日經225,ETF,0.0,0.0,0.0,0.0,0.0,0.0,0.0,0.0,0.0,0.0,0.0,0.0,0.0,80.95,0.0,0.0,0.0,9.6,64,41.15,176
00662,富邦NASDAQ,ETF,0.0,0.0,0.0,0.0,0.0,0.0,0.0,0.0,0.0,0.0,0.0,0.0,0.0,115.8,0.0,0.0,0.0,15.88,184,31.48,175
00663L,國泰臺灣加權正2,ETF,0.0,0.0,0.0,0.0,0.0,0.0,0.0,0.0,0.0,0.0,0.0,0.0,0.0,93.15,0.0,0.0,0.0,38.76,64,12.28,8
00664R,國泰臺灣加權反1,ETF,0.0,0.0,0.0,0.0,0.0,0.0,0.0,0.0,0.0,0.0,0.0,0.0,0.0,1.81,0.0,0.0,0.0,3.0,89,0.0,0
00665L,富邦恒生國企正2,ETF,0.0,0.0,0.0,0.0,0.0,0.0,0.0,0.0,0.0,0.0,0.0,0.0,0.0,10.28,0.0,0.0,0.0,62.43,152,34.84,147
00666R,富邦恒生國企反1,ETF,0.0,0.0,0.0,0.0,0.0,0.0,0.0,0.0,0.0,0.0,0.0,0.0,0.0,8.79,0.0,0.0,0.0,7.78,89,0.0,0
00668,國泰美國道瓊,ETF,0.0,0.0,0.0,0.0,0.0,0.0,0.0,0.0,0.0,0.0,0.0,0.0,0.0,56.85,0.0,0.0,0.0,12.46,183,16.93,179
00655L,國泰中國A50正2,ETF,0.0,0.0,0.0,0.0,0.0,0.0,0.0,0.0,0.0,0.0,0.0,0.0,0.0,36.29,0.0,0.0,0.0,54.05,152,41.71,172
00640L,富邦日本正2,ETF,0.0,0.0,0.0,0.0,0.0,0.0,0.0,0.0,0.0,0.0,0.0,0.0,0.0,96.25,0.0,0.0,0.0,16.5,64,51.12,176
00639,富邦深100,ETF,0.0,0.0,0.0,0.0,0.0,0.0,0.0,0.0,0.0,0.0,0.0,0.0,0.0,17.53,0.0,0.0,0.0,56.45,152,40.33,175
00638R,元大滬深300反1,ETF,0.0,0.0,0.0,0.0,0.0,0.0,0.0,0.0,0.0,0.0,0.0,0.0,0.0,6.59,0.0,0.0,0.0,10.1,133,0.25,25
00401A,主動摩根台灣鑫收,ETF,0.0,0.0,0.0,0.0,0.0,0.0,0.0,0.0,0.0,0.0,0.0,0.0,0.0,12.55,0.0,0.0,0.0,19.98,27,19.98,27
0050,元大台灣50,ETF,0.0,0.0,0.0,0.0,0.0,0.0,0.0,0.0,0.0,0.0,0.0,0.0,0.0,97.0,0.0,0.0,0.0,26.17,64,9.3,33
0051,元大中型100,ETF,0.0,0.0,0.0,0.0,0.0,0.0,0.0,0.0,0.0,0.0,0.0,0.0,0.0,131.65,0.0,0.0,0.0,9.28,64,32.38,179
0052,富邦科技,ETF,0.0,0.0,0.0,0.0,0.0,0.0,0.0,0.0,0.0,0.0,0.0,0.0,0.0,57.1,0.0,0.0,0.0,29.0,64,57.35,176
0053,元大電子,ETF,0.0,0.0,0.0,0.0,0.0,0.0,0.0,0.0,0.0,0.0,0.0,0.0,0.0,222.05,0.0,0.0,0.0,26.41,64,55.62,176
0055,元大MSCI金融,ETF,0.0,0.0,0.0,0.0,0.0,0.0,0.0,0.0,0.0,0.0,0.0,0.0,0.0,34.39,0.0,0.0,0.0,14.73,163,16.11,160
0056,元大高股息,ETF,0.0,0.0,0.0,0.0,0.0,0.0,0.0,0.0,0.0,0.0,0.0,0.0,0.0,44.85,0.0,0.0,0.0,9.3,64,14.95,167
0057,富邦摩台,ETF,0.0,0.0,0.0,0.0,0.0,0.0,0.0,0.0,0.0,0.0,0.0,0.0,0.0,288.35,0.0,0.0,0.0,24.55,64,47.75,176
0061,元大寶滬深,ETF,0.0,0.0,0.0,0.0,0.0,0.0,0.0,0.0,0.0,0.0,0.0,0.0,0.0,24.82,0.0,0.0,0.0,48.76,152,26.82,172
006203,元大MSCI台灣,ETF,0.0,0.0,0.0,0.0,0.0,0.0,0.0,0.0,0.0,0.0,0.0,0.0,0.0,177.15,0.0,0.0,0.0,25.08,64,45.89,176
006204,永豐臺灣加權,ETF,0.0,0.0,0.0,0.0,0.0,0.0,0.0,0.0,0.0,0.0,0.0,0.0,0.0,207.25,0.0,0.0,0.0,17.94,64,36.79,180
006205,富邦上証,ETF,0.0,0.0,0.0,0.0,0.0,0.0,0.0,0.0,0.0,0.0,0.0,0.0,0.0,41.23,0.0,0.0,0.0,28.46,152,25.83,175
006206,元大上證50,ETF,0.0,0.0,0.0,0.0,0.0,0.0,0.0,0.0,0.0,0.0,0.0,0.0,0.0,37.56,0.0,0.0,0.0,29.88,152,20.62,172
006207,復華滬深,ETF,0.0,0.0,0.0,0.0,0.0,0.0,0.0,0.0,0.0,0.0,0.0,0.0,0.0,33.29,0.0,0.0,0.0,31.52,152,29.51,175
006208,富邦台50,ETF,0.0,0.0,0.0,0.0,0.0,0.0,0.0,0.0,0.0,0.0,0.0,0.0,0.0,224.3,0.0,0.0,0.0,26.35,64,49.56,176
00625K,富邦上証+R,ETF,0.0,0.0,0.0,0.0,0.0,0.0,0.0,0.0,0.0,0.0,0.0,0.0,0.0,0.0,0.0,0.0,0.0,0.0,0,21.71,158
00631L,元大台灣50正2,ETF,0.0,0.0,0.0,0.0,0.0,0.0,0.0,0.0,0.0,0.0,0.0,0.0,0.0,32.47,0.0,0.0,0.0,40.11,64,99.1,176
00632R,元大台灣50反1,ETF,0.0,0.0,0.0,0.0,0.0,0.0,0.0,0.0,0.0,0.0,0.0,0.0,0.0,11.19,0.0,0.0,0.0,2.61,89,0.0,0
00633L,富邦上証正2,ETF,0.0,0.0,0.0,0.0,0.0,0.0,0.0,0.0,0.0,0.0,0.0,0.0,0.0,52.1,0.0,0.0,0.0,54.48,152,40.28,172
00634R,富邦上証反1,ETF,0.0,0.0,0.0,0.0,0.0,0.0,0.0,0.0,0.0,0.0,0.0,0.0,0.0,3.07,0.0,0.0,0.0,10.0,131,1.31,25
00635U,期元大S&P黃金,ETF,0.0,0.0,0.0,0.0,0.0,0.0,0.0,0.0,0.0,0.0,0.0,0.0,0.0,49.4,0.0,0.0,0.0,16.27,175,26.21,162
00636,國泰中國A50,ETF,0.0,0.0,0.0,0.0,0.0,0.0,0.0,0.0,0.0,0.0,0.0,0.0,0.0,28.42,0.0,0.0,0.0,31.21,152,23.13,172
00636K,國泰中國A50+U,ETF,0.0,0.0,0.0,0.0,0.0,0.0,0.0,0.0,0.0,0.0,0.0,0.0,0.0,9.11,0.0,0.0,0.0,21.21,153,20.97,175
00637L,元大滬深300正2,ETF,0.0,0.0,0.0,0.0,0.0,0.0,0.0,0.0,0.0,0.0,0.0,0.0,0.0,21.49,0.0,0.0,0.0,55.57,152,42.61,172
00668K,國泰美國道瓊+U,ETF,0.0,0.0,0.0,0.0,0.0,0.0,0.0,0.0,0.0,0.0,0.0,0.0,0.0,18.11,0.0,0.0,0.0,12.78,183,16.22,174
00669R,國泰美國道瓊反1,ETF,0.0,0.0,0.0,0.0,0.0,0.0,0.0,0.0,0.0,0.0,0.0,0.0,0.0,5.54,0.0,0.0,0.0,2.09,22,0.0,0
00670L,富邦NASDAQ正2,ETF,0.0,0.0,0.0,0.0,0.0,0.0,0.0,0.0,0.0,0.0,0.0,0.0,0.0,197.85,0.0,0.0,0.0,27.59,64,60.32,175
00671R,富邦NASDAQ反1,ETF,0.0,0.0,0.0,0.0,0.0,0.0,0.0,0.0,0.0,0.0,0.0,0.0,0.0,2.52,0.0,0.0,0.0,1.71,89,0.0,0
00707R,期元大S&P日圓反1,ETF,0.0,0.0,0.0,0.0,0.0,0.0,0.0,0.0,0.0,0.0,0.0,0.0,0.0,31.49,0.0,0.0,0.0,0.0,0,0.0,0
00708L,期元大S&P黃金正2,ETF,0.0,0.0,0.0,0.0,0.0,0.0,0.0,0.0,0.0,0.0,0.0,0.0,0.0,98.2,0.0,0.0,0.0,33.55,175,57.32,162
00709,富邦歐洲,ETF,0.0,0.0,0.0,0.0,0.0,0.0,0.0,0.0,0.0,0.0,0.0,0.0,0.0,38.11,0.0,0.0,0.0,5.66,118,12.39,172
00710B,復華彭博非投等債,ETF,0.0,0.0,0.0,0.0,0.0,0.0,0.0,0.0,0.0,0.0,0.0,0.0,0.0,18.84,0.0,0.0,0.0,2.26,82,3.23,119
00711B,復華彭博新興債,ETF,0.0,0.0,0.0,0.0,0.0,0.0,0.0,0.0,0.0,0.0,0.0,0.0,0.0,16.07,0.0,0.0,0.0,6.94,133,10.88,168
00712,復華富時不動產,ETF,0.0,0.0,0.0,0.0,0.0,0.0,0.0,0.0,0.0,0.0,0.0,0.0,0.0,9.03,0.0,0.0,0.0,6.93,70,11.11,123
00713,元大台灣高息低波,ETF,0.0,0.0,0.0,0.0,0.0,0.0,0.0,0.0,0.0,0.0,0.0,0.0,0.0,54.75,0.0,0.0,0.0,3.94,41,2.75,8
00714,群益道瓊美國地產,ETF,0.0,0.0,0.0,0.0,0.0,0.0,0.0,0.0,0.0,0.0,0.0,0.0,0.0,21.51,0.0,0.0,0.0,18.25,139,5.1,168
00715L,期街口布蘭特正2,ETF,0.0,0.0,0.0,0.0,0.0,0.0,0.0,0.0,0.0,0.0,0.0,0.0,0.0,58.15,0.0,0.0,0.0,12.55,58,54.47,46
00717,富邦美國特別股,ETF,0.0,0.0,0.0,0.0,0.0,0.0,0.0,0.0,0.0,0.0,0.0,0.0,0.0,15.14,0.0,0.0,0.0,5.66,161,5.8,137
00728,第一金工業30,ETF,0.0,0.0,0.0,0.0,0.0,0.0,0.0,0.0,0.0,0.0,0.0,0.0,0.0,57.05,0.0,0.0,0.0,16.01,64,29.84,179
00730,富邦臺灣優質高息,ETF,0.0,0.0,0.0,0.0,0.0,0.0,0.0,0.0,0.0,0.0,0.0,0.0,0.0,26.93,0.0,0.0,0.0,8.74,161,20.29,116
00731,復華富時高息低波,ETF,0.0,0.0,0.0,0.0,0.0,0.0,0.0,0.0,0.0,0.0,0.0,0.0,0.0,75.55,0.0,0.0,0.0,6.06,64,5.04,167
00733,富邦臺灣中小,ETF,0.0,0.0,0.0,0.0,0.0,0.0,0.0,0.0,0.0,0.0,0.0,0.0,0.0,65.05,0.0,0.0,0.0,5.17,43,27.68,161
00735,國泰臺韓科技,ETF,0.0,0.0,0.0,0.0,0.0,0.0,0.0,0.0,0.0,0.0,0.0,0.0,0.0,95.3,0.0,0.0,0.0,27.5,58,72.5,179
00736,國泰新興市場,ETF,0.0,0.0,0.0,0.0,0.0,0.0,0.0,0.0,0.0,0.0,0.0,0.0,0.0,30.88,0.0,0.0,0.0,14.56,152,21.22,172
00706L,期元大S&P日圓正2,ETF,0.0,0.0,0.0,0.0,0.0,0.0,0.0,0.0,0.0,0.0,0.0,0.0,0.0,19.89,0.0,0.0,0.0,16.48,131,243.79,167
00738U,期元大道瓊白銀,ETF,0.0,0.0,0.0,0.0,0.0,0.0,0.0,0.0,0.0,0.0,0.0,0.0,0.0,64.55,0.0,0.0,0.0,22.74,168,58.67,162
00703,台新MSCI中國,ETF,0.0,0.0,0.0,0.0,0.0,0.0,0.0,0.0,0.0,0.0,0.0,0.0,0.0,20.58,0.0,0.0,0.0,39.66,152,26.78,147
00701,國泰股利精選30,ETF,0.0,0.0,0.0,0.0,0.0,0.0,0.0,0.0,0.0,0.0,0.0,0.0,0.0,31.61,0.0,0.0,0.0,8.63,65,8.91,98
00673R,期元大S&P原油反1,ETF,0.0,0.0,0.0,0.0,0.0,0.0,0.0,0.0,0.0,0.0,0.0,0.0,0.0,12.68,0.0,0.0,0.0,9.54,126,257.29,167
00674R,期元大S&P黃金反1,ETF,0.0,0.0,0.0,0.0,0.0,0.0,0.0,0.0,0.0,0.0,0.0,0.0,0.0,26.15,0.0,0.0,0.0,1.12,50,6.18,7
00675L,富邦臺灣加權正2,ETF,0.0,0.0,0.0,0.0,0.0,0.0,0.0,0.0,0.0,0.0,0.0,0.0,0.0,282.1,0.0,0.0,0.0,39.06,64,98.94,176
00676R,富邦臺灣加權反1,ETF,0.0,0.0,0.0,0.0,0.0,0.0,0.0,0.0,0.0,0.0,0.0,0.0,0.0,6.16,0.0,0.0,0.0,2.49,89,0.0,0
00678,群益那斯達克生技,ETF,0.0,0.0,0.0,0.0,0.0,0.0,0.0,0.0,0.0,0.0,0.0,0.0,0.0,35.59,0.0,0.0,0.0,13.94,82,35.08,179
00680L,元大美債20正2,ETF,0.0,0.0,0.0,0.0,0.0,0.0,0.0,0.0,0.0,0.0,0.0,0.0,0.0,6.93,0.0,0.0,0.0,21.93,126,9.41,167
00681R,元大美債20反1,ETF,0.0,0.0,0.0,0.0,0.0,0.0,0.0,0.0,0.0,0.0,0.0,0.0,0.0,21.02,0.0,0.0,0.0,1.87,22,4.54,14
00682U,期元大美元指數,ETF,0.0,0.0,0.0,0.0,0.0,0.0,0.0,0.0,0.0,0.0,0.0,0.0,0.0,20.05,0.0,0.0,0.0,0.7,51,1.58,5
00683L,期元大美元指正2,ETF,0.0,0.0,0.0,0.0,0.0,0.0,0.0,0.0,0.0,0.0,0.0,0.0,0.0,20.77,0.0,0.0,0.0,1.12,51,3.33,5
00684R,期元大美元指反1,ETF,0.0,0.0,0.0,0.0,0.0,0.0,0.0,0.0,0.0,0.0,0.0,0.0,0.0,15.47,0.0,0.0,0.0,4.19,140,2.48,55
00685L,群益臺灣加權正2,ETF,0.0,0.0,0.0,0.0,0.0,0.0,0.0,0.0,0.0,0.0,0.0,0.0,0.0,254.75,0.0,0.0,0.0,39.02,64,98.43,176
00686R,群益臺灣加權反1,ETF,0.0,0.0,0.0,0.0,0.0,0.0,0.0,0.0,0.0,0.0,0.0,0.0,0.0,1.12,0.0,0.0,0.0,2.7,89,0.0,0
00687C,國泰20年美債+櫃U,上櫃ETF,0.0,0.0,0.0,0.0,0.0,0.0,0.0,0.0,0.0,0.0,0.0,0.0,0.0,0.0,0.0,0.0,0.0,7.79,53,6.77,167
00688L,國泰20年美債正2,ETF,0.0,0.0,0.0,0.0,0.0,0.0,0.0,0.0,0.0,0.0,0.0,0.0,0.0,6.92,0.0,0.0,0.0,21.77,126,9.43,167
00689R,國泰20年美債反1,ETF,0.0,0.0,0.0,0.0,0.0,0.0,0.0,0.0,0.0,0.0,0.0,0.0,0.0,21.86,0.0,0.0,0.0,1.86,22,4.33,14
00690,兆豐藍籌30,ETF,0.0,0.0,0.0,0.0,0.0,0.0,0.0,0.0,0.0,0.0,0.0,0.0,0.0,73.3,0.0,0.0,0.0,19.61,64,42.58,176
00692,富邦公司治理,ETF,0.0,0.0,0.0,0.0,0.0,0.0,0.0,0.0,0.0,0.0,0.0,0.0,0.0,85.05,0.0,0.0,0.0,22.9,64,44.51,176
00693U,期街口S&P黃豆,ETF,0.0,0.0,0.0,0.0,0.0,0.0,0.0,0.0,0.0,0.0,0.0,0.0,0.0,22.08,0.0,0.0,0.0,0.36,19,9.56,180
00700,富邦恒生國企,ETF,0.0,0.0,0.0,0.0,0.0,0.0,0.0,0.0,0.0,0.0,0.0,0.0,0.0,17.75,0.0,0.0,0.0,36.17,152,17.61,147
00702,國泰標普低波高息,ETF,0.0,0.0,0.0,0.0,0.0,0.0,0.0,0.0,0.0,0.0,0.0,0.0,0.0,23.83,0.0,0.0,0.0,12.41,162,2.59,116
2453,凌群,資訊服務業,3.13,7372784000.0,2355522044.7284346,1.35,7837130633.034595,3.33,19.21,9.25,15.88,25.13,52.88,83.68,63.98,54.6,1.17,0.97,1.53,18.41,69,3.24,126
00923,群益台ESG低碳50,ETF,0.0,0.0,0.0,0.0,0.0,0.0,0.0,0.0,0.0,0.0,0.0,0.0,0.0,38.35,0.0,0.0,0.0,22.55,64,34.34,176
00926,凱基全球菁英55,ETF,0.0,0.0,0.0,0.0,0.0,0.0,0.0,0.0,0.0,0.0,0.0,0.0,0.0,24.83,0.0,0.0,0.0,14.85,64,26.17,175
1217,愛之味,食品工業,0.42,5053488000.0,12032114285.714287,0.12,4930330593.810578,0.41,34.72,62.28,17.01,79.29,6.97,32.51,14.24,9.66,1.47,0.72,3.37,10.42,58,0.43,1
1218,泰山,食品工業,1.59,10013154000.0,6297581132.075471,0.55,10813642618.776592,1.72,20.63,67.6,11.07,78.67,19.04,135.31,35.48,19.1,1.86,1.0,7.08,8.76,23,0.0,0
1219,福壽,食品工業,0.45,14343570000.0,31874600000.0,0.19,14528994840.018793,0.46,29.63,34.07,18.89,52.96,8.69,24.36,13.63,13.4,1.02,0.65,1.82,0.26,2,0.0,0
1220,台榮,食品工業,0.08,3429604000.0,42870050000.0,0.03,3418614414.701594,0.08,33.92,149.86,10.77,160.63,0.86,12.85,2.71,12.25,0.22,0.07,1.05,4.59,184,0.0,0
1225,福懋油,食品工業,1.67,12252020000.0,7336538922.155689,0.75,12464694834.048298,1.7,35.75,77.21,16.66,93.87,28.32,159.58,60.77,32.0,1.9,0.88,4.99,170.74,128,20.55,2
1227,佳格,食品工業,1.32,28448173000.0,21551646212.121212,0.49,29333542176.852913,1.36,21.24,13.12,16.73,29.85,22.75,40.6,28.89,29.05,0.99,0.78,1.4,12.21,47,1.2,1
1229,聯華,食品工業,2.6,13281855000.0,5108405769.230769,0.78,14491582975.22439,2.84,20.84,11.07,16.05,27.12,45.58,77.02,59.18,42.15,1.4,1.08,1.83,5.76,61,9.8,158
1231,聯華食,食品工業,3.93,12960746000.0,3297899745.547074,1.72,13287100803.19908,4.03,29.54,20.35,22.31,42.66,89.91,171.92,119.04,86.5,1.38,1.04,1.99,23.98,83,10.39,91
1232,大統益,食品工業,8.25,21469837000.0,2602404484.848485,3.76,22866654981.75962,8.79,18.55,3.58,17.11,20.69,150.4,181.87,163.09,148.0,1.1,1.02,1.23,9.03,166,1.23,21
1233,天仁,食品工業,0.75,2174330000.0,2899106666.6666665,0.33,2216425202.0247545,0.76,35.9,14.02,29.58,43.6,22.48,33.14,27.28,28.8,0.95,0.78,1.15,1.62,61,0.77,12
1234,黑松,食品工業,2.0,9578941000.0,4789470500.0,0.76,9365915780.633919,1.96,17.53,3.89,15.59,19.48,30.56,38.18,34.35,35.2,0.98,0.87,1.08,5.12,43,3.29,8
1216,統一,食品工業,3.46,671991806000.0,194217284971.09827,1.17,692154944535.3195,3.56,23.21,8.82,18.76,27.58,66.79,98.18,82.63,73.2,1.13,0.91,1.34,17.14,181,7.81,75
1235,興泰,食品工業,0.16,176147000.0,1100918750.0,0.07,343956149.35146075,0.31,92.25,553.92,14.5,568.42,4.5,176.21,28.6,45.8,0.62,0.1,3.85,96.86,173,0.0,0
1240,茂生農經,農業科技業,5.02,2763166000.0,550431474.1035857,1.69,2725006529.7144976,4.95,11.99,3.74,10.61,14.35,52.52,71.03,59.35,59.0,1.01,0.89,1.2,6.6,111,12.48,111
1256,鮮活果汁-KY,食品工業,11.18,3940213000.0,352434078.7119857,5.69,6266859934.681,17.78,15.99,8.86,12.03,20.89,213.89,371.42,284.39,176.0,1.62,1.22,2.11,3.27,14,45.02,126
1264,德麥,食品工業,20.47,6763586000.0,330414557.88959455,9.24,6956396362.557458,21.05,15.11,3.78,13.24,17.02,278.7,358.27,318.15,271.5,1.17,1.03,1.32,6.29,64,4.68,67
1294,漢田生技,食品工業,4.67,752425000.0,161118843.6830835,1.93,1010013396.5908552,6.27,15.48,9.23,12.27,21.5,76.93,134.8,97.04,78.0,1.24,0.99,1.73,11.11,28,4.14,126
1295,生合,食品工業,5.32,794064000.0,149260150.37593985,2.85,1593041410.3941638,10.67,19.36,19.64,10.13,29.77,108.09,317.65,206.61,54.1,3.82,2.0,5.87,30.71,141,128.07,120
1236,宏亞,食品工業,-0.43,1881933000.0,0.0,0.0,1794823944.4085946,0.0,141.19,91.0,99.38,190.38,0.0,0.0,0.0,26.35,0.0,0.0,0.0,6.87,56,27.08,148
1215,卜蜂,食品工業,10.4,28114836000.0,2703349615.3846154,4.53,29888233527.96926,11.06,14.7,3.92,12.87,16.79,142.34,185.7,162.55,134.0,1.21,1.06,1.39,6.54,43,37.09,162
1213,大飲,食品工業,-0.86,293246000.0,0.0,0.0,334751237.21179724,0.0,1.35,0.83,1.06,1.89,0.0,0.0,0.0,8.75,0.0,0.0,0.0,86.19,97,2.14,8
1210,大成,食品工業,4.32,102153533000.0,23646651157.407406,1.53,106417017282.07938,4.5,12.92,5.11,10.43,15.54,46.94,69.93,58.13,52.9,1.1,0.89,1.32,0.52,12,5.58,55
020027,元大上櫃ESG成長N,指數投資證券(ETN),0.0,0.0,0.0,0.0,0.0,0.0,0.0,0.0,0.0,0.0,0.0,0.0,0.0,10.63,0.0,0.0,0.0,18.41,64,27.73,166
020028,元大特選電動車N,ETN,0.0,0.0,0.0,0.0,0.0,0.0,0.0,0.0,0.0,0.0,0.0,0.0,0.0,19.2,0.0,0.0,0.0,14.35,64,65.67,174
020029,元大ESG高股息N,ETN,0.0,0.0,0.0,0.0,0.0,0.0,0.0,0.0,0.0,0.0,0.0,0.0,0.0,14.58,0.0,0.0,0.0,13.35,43,10.48,133
020030,統一智慧電動車N,ETN,0.0,0.0,0.0,0.0,0.0,0.0,0.0,0.0,0.0,0.0,0.0,0.0,0.0,16.5,0.0,0.0,0.0,18.51,64,49.3,176
020031,統一IC設計臺灣N,ETN,0.0,0.0,0.0,0.0,0.0,0.0,0.0,0.0,0.0,0.0,0.0,0.0,0.0,10.5,0.0,0.0,0.0,12.93,42,18.17,133
020032,元大綠能N,ETN,0.0,0.0,0.0,0.0,0.0,0.0,0.0,0.0,0.0,0.0,0.0,0.0,0.0,0.0,0.0,0.0,0.0,13.91,68,57.84,173
020033,統一恒生科期N,指數投資證券(ETN),0.0,0.0,0.0,0.0,0.0,0.0,0.0,0.0,0.0,0.0,0.0,0.0,0.0,4.01,0.0,0.0,0.0,35.71,152,25.4,147
020034,元大IC設計N,ETN,0.0,0.0,0.0,0.0,0.0,0.0,0.0,0.0,0.0,0.0,0.0,0.0,0.0,13.26,0.0,0.0,0.0,15.4,43,11.5,64
020035,元大上櫃ESG高息N,指數投資證券(ETN),0.0,0.0,0.0,0.0,0.0,0.0,0.0,0.0,0.0,0.0,0.0,0.0,0.0,0.0,0.0,0.0,0.0,9.28,64,45.71,147
020036,元大金融配息N,ETN,0.0,0.0,0.0,0.0,0.0,0.0,0.0,0.0,0.0,0.0,0.0,0.0,0.0,7.86,0.0,0.0,0.0,0.0,0,0.0,0
020037,元大金融高股息N,ETN,0.0,0.0,0.0,0.0,0.0,0.0,0.0,0.0,0.0,0.0,0.0,0.0,0.0,8.74,0.0,0.0,0.0,15.0,163,0.0,0
020038,元大ESG配息N,ETN,0.0,0.0,0.0,0.0,0.0,0.0,0.0,0.0,0.0,0.0,0.0,0.0,0.0,11.29,0.0,0.0,0.0,13.69,43,10.88,131
020039,元大加權N,ETN,0.0,0.0,0.0,0.0,0.0,0.0,0.0,0.0,0.0,0.0,0.0,0.0,0.0,0.0,0.0,0.0,0.0,18.87,64,41.26,176
020040,元大上櫃ESG龍頭N,指數投資證券(ETN),0.0,0.0,0.0,0.0,0.0,0.0,0.0,0.0,0.0,0.0,0.0,0.0,0.0,10.78,0.0,0.0,0.0,15.16,64,0.0,0
020041,兆豐半導體氣候N,指數投資證券(ETN),0.0,0.0,0.0,0.0,0.0,0.0,0.0,0.0,0.0,0.0,0.0,0.0,0.0,18.6,0.0,0.0,0.0,0.0,0,0.0,0
1101,台泥,水泥工業,-1.61,152985677000.0,0.0,0.0,140999355081.90308,0.0,26.43,17.85,18.11,35.96,0.0,0.0,0.0,25.0,0.0,0.0,0.0,5.59,76,2.13,4
1101B,台泥乙特,水泥工業,0.0,0.0,0.0,0.0,0.0,0.0,0.0,0.0,0.0,0.0,0.0,0.0,0.0,45.35,0.0,0.0,0.0,0.83,19,0.83,54
1102,亞泥,水泥工業,3.0,71952957000.0,23984319000.0,0.88,63815779612.73602,2.66,13.12,5.56,10.15,15.71,27.0,41.79,34.9,34.95,1.0,0.77,1.2,8.77,145,1.11,1
1103,嘉泥,水泥工業,0.84,3024675000.0,3600803571.4285717,0.27,2810501870.2749944,0.78,125.41,617.5,15.83,633.33,12.35,494.0,97.82,13.4,7.3,0.92,36.87,3.54,23,2.54,13
1104,環泥,水泥工業,2.57,7898245000.0,3073247081.7120624,0.83,7469087680.287807,2.43,12.27,5.18,9.57,14.75,23.26,35.84,29.81,28.3,1.05,0.82,1.27,7.42,57,12.54,166
1108,幸福,水泥工業,2.17,4581368000.0,2111229493.0875576,0.79,3611247266.092312,1.71,10.48,8.39,6.32,14.71,10.81,25.15,17.92,14.55,1.23,0.74,1.73,1.78,2,4.01,102
1109,信大,水泥工業,1.03,4413154000.0,4284615533.980582,0.3,4043517575.6063623,0.94,12.47,8.03,8.79,16.82,8.26,15.81,11.72,15.4,0.76,0.54,1.03,0.75,2,1.74,18
1110,東泥,水泥工業,0.35,2875841000.0,8216688571.428572,0.1,2352484428.3222494,0.29,50.58,71.47,27.73,99.2,8.04,28.77,14.67,15.0,0.98,0.54,1.92,21.27,85,10.26,14
1201,味全,食品工業,0.4,22021377000.0,55053442500.0,0.12,20794654447.32066,0.38,25.28,18.49,17.16,35.65,6.52,13.55,9.61,12.4,0.77,0.53,1.09,2.12,5,0.0,0
1203,味王,食品工業,1.81,5788155000.0,3197875690.6077347,0.55,4738785144.587676,1.48,20.47,13.38,14.79,28.17,21.89,41.69,30.29,44.0,0.69,0.5,0.95,8.53,85,2.59,18
1301,台塑,塑膠工業,-1.57,177551951000.0,0.0,0.0,165975514744.28882,0.0,67.1,31.16,52.62,83.78,0.0,0.0,0.0,48.55,0.0,0.0,0.0,0.59,5,19.64,83
1303,南亞,塑膠工業,0.57,261237063000.0,458310636842.1053,0.26,275712889552.99207,0.6,81.51,123.58,41.33,164.91,24.8,98.95,48.91,88.6,0.55,0.28,1.12,1.23,8,49.43,102
1304,台聚,塑膠工業,-2.6,44923032000.0,0.0,0.0,38989138902.2458,0.0,0.0,0.0,0.0,0.0,0.0,0.0,0.0,12.7,0.0,0.0,0.0,11.78,71,8.61,106
1305,華夏,塑膠工業,-1.58,9311305000.0,0.0,0.0,9662622219.775465,0.0,95.03,115.21,30.17,145.38,0.0,0.0,0.0,12.75,0.0,0.0,0.0,6.18,71,8.58,106
1416,廣豐,其他,0.8,357557000.0,446946250.0,0.4,440916849.21156144,0.99,17.44,14.24,12.23,26.47,12.11,26.21,17.27,11.3,1.53,1.07,2.32,2.96,152,0.0,0
1417,嘉裕,紡織纖維,0.62,424832000.0,685212903.2258065,0.19,418715797.720578,0.61,14.59,5.49,13.87,19.36,8.46,11.81,8.9,8.71,1.02,0.97,1.36,1.75,61,4.66,111
1418,東華,紡織纖維,-1.28,6372000.0,0.0,0.0,1086786.355475763,0.0,115.3,447.23,42.77,490.0,0.0,0.0,0.0,19.1,0.0,0.0,0.0,32.26,61,14.35,95
1419,新紡,紡織纖維,4.12,4714640000.0,1144330097.0873785,1.78,5893578229.410578,5.15,18.58,14.71,13.17,27.88,67.83,143.58,95.71,64.3,1.49,1.05,2.23,0.0,0,92.01,18
1423,利華,紡織纖維,4.36,82713000.0,18970871.559633028,2.28,89725533.60120542,4.73,43.31,97.08,8.73,105.81,41.29,500.48,204.87,40.85,5.02,1.01,12.25,41.97,57,12.5,159
1434,福懋,紡織纖維,0.51,27741651000.0,54395394117.64706,0.22,25588817749.29944,0.47,43.83,97.73,16.74,114.47,7.87,53.8,20.6,15.85,1.3,0.5,3.39,5.03,12,2.33,1
1436,華友聯,建材營造,5.4,3875730000.0,717727777.7777777,0.36,2011461061.1357536,2.8,8.59,17.88,3.79,21.67,10.61,60.68,24.05,48.85,0.49,0.22,1.24,34.22,68,1.22,13
1437,勤益控,其他,2.41,937678000.0,389078008.29875517,0.77,829335863.1726758,2.13,12.96,12.45,8.86,21.31,18.87,45.39,27.61,29.0,0.95,0.65,1.57,15.67,41,1.83,18
1438,三地開發,建材營造,1.74,988580000.0,568149425.2873564,1.14,2658180866224.0664,4678.67,15.56,5.81,11.55,17.36,54038.64,81221.71,72780.41,20.45,3558.94,2642.48,3971.72,82.69,85,5.87,1
1440,南紡,紡織纖維,-0.15,14484020000.0,0.0,0.0,12121621397.021156,0.0,10.58,3.78,8.74,12.52,0.0,0.0,0.0,12.25,0.0,0.0,0.0,3.04,27,1.38,8
1441,大東,紡織纖維,-0.45,1516894000.0,0.0,0.0,1258449784.1682127,0.0,49.04,195.53,4.47,200.0,0.0,0.0,0.0,9.81,0.0,0.0,0.0,37.45,63,3.91,18
1442,名軒,建材營造,3.04,3244173000.0,1067162171.0526316,0.52,1171646730.9786823,1.1,9.09,6.41,6.27,12.68,6.9,13.95,9.99,27.1,0.37,0.25,0.51,29.48,134,12.02,34
1444,力麗,紡織纖維,-0.78,7296992000.0,0.0,0.0,7476705938.0594,0.0,72.64,104.18,24.57,128.75,0.0,0.0,0.0,6.0,0.0,0.0,0.0,8.99,72,0.0,0
1445,大宇,紡織纖維,-0.87,759419000.0,0.0,0.0,613006542.149323,0.0,2.47,1.12,1.97,3.09,0.0,0.0,0.0,12.7,0.0,0.0,0.0,2.17,40,15.03,125
1446,宏和,紡織纖維,1.62,1147559000.0,708369753.0864197,0.27,504973413.3928053,0.71,7.25,62.33,2.42,64.75,1.72,45.97,5.14,15.8,0.33,0.11,2.91,29.06,30,6.31,4
1447,力鵬,紡織纖維,-0.97,28850751000.0,0.0,0.0,30834662358.474655,0.0,128.22,26.4,117.0,143.4,0.0,0.0,0.0,4.95,0.0,0.0,0.0,36.53,63,0.46,6
1449,佳和,紡織纖維,0.13,2420960000.0,18622769230.76923,0.09,3757759510.2754045,0.2,37.43,135.02,14.07,149.09,2.81,29.82,7.49,12.95,0.58,0.22,2.3,50.42,184,2.83,8
1451,年興,紡織纖維,1.76,6154960000.0,3497136363.6363635,0.74,6850641554.638579,1.96,23.23,63.09,7.58,70.67,14.86,138.51,45.53,16.7,2.73,0.89,8.29,1.21,2,4.82,1
1452,宏益,紡織纖維,-0.41,1412669000.0,0.0,0.0,1274957108.4493182,0.0,25.8,20.1,17.73,37.83,0.0,0.0,0.0,11.2,0.0,0.0,0.0,0.0,0,13.1,116
1454,台富,紡織纖維,-1.12,1557640000.0,0.0,0.0,1202841539.926359,0.0,80.49,127.91,45.59,173.5,0.0,0.0,0.0,14.05,0.0,0.0,0.0,29.97,61,18.95,15
1455,集盛,紡織纖維,-0.98,6505126000.0,0.0,0.0,4231314693.246187,0.0,264.97,971.48,43.52,1015.0,0.0,0.0,0.0,8.08,0.0,0.0,0.0,4.51,8,0.84,4
1414,東和,紡織纖維,0.19,468559000.0,2466100000.0,0.08,422904057.00151825,0.17,107.97,116.67,57.5,174.17,9.78,29.61,18.35,16.2,1.13,0.6,1.83,32.47,71,2.84,11
020025,統一亞洲半導體N,指數投資證券(ETN),0.0,0.0,0.0,0.0,0.0,0.0,0.0,0.0,0.0,0.0,0.0,0.0,0.0,34.91,0.0,0.0,0.0,19.71,64,91.83,179
1413,宏洲,紡織纖維,0.45,2159243000.0,4798317777.777778,0.12,1609423223.3415394,0.34,25.03,11.67,21.11,32.78,7.18,11.15,8.51,9.65,0.88,0.74,1.16,10.24,30,0.83,29
1409,新纖,紡織纖維,1.19,40921487000.0,34387804201.68067,0.5,38115510090.00139,1.11,16.8,26.0,10.38,36.38,11.52,40.38,18.65,16.8,1.11,0.69,2.4,7.65,70,35.36,103
1307,三芳,塑膠工業,2.85,10823937000.0,3797872631.578947,0.99,10860995681.079025,2.86,11.79,9.57,8.3,17.87,23.74,51.11,33.72,32.2,1.05,0.74,1.59,54.05,183,2.8,6
1308,亞聚,塑膠工業,-1.76,5804421000.0,0.0,0.0,5297031551.950221,0.0,92.0,0.0,92.0,92.0,0.0,0.0,0.0,13.4,0.0,0.0,0.0,9.24,71,9.16,168
1309,台達化,塑膠工業,-1.07,14998545000.0,0.0,0.0,11342953199.90382,0.0,0.0,0.0,0.0,0.0,0.0,0.0,0.0,16.85,0.0,0.0,0.0,44.19,145,2.06,4
1310,台苯,塑膠工業,-1.37,9135110000.0,0.0,0.0,7972818729.869874,0.0,0.0,0.0,0.0,0.0,0.0,0.0,0.0,8.63,0.0,0.0,0.0,9.54,70,8.13,103
1312,國喬,塑膠工業,-3.97,21781269000.0,0.0,0.0,30136549403.412216,0.0,0.0,0.0,0.0,0.0,0.0,0.0,0.0,11.6,0.0,0.0,0.0,16.98,71,5.83,4
1312A,國喬特,塑膠工業,0.0,0.0,0.0,0.0,0.0,0.0,0.0,0.0,0.0,0.0,0.0,0.0,0.0,21.85,0.0,0.0,0.0,1.65,156,4.37,4
1313,聯成,塑膠工業,-1.17,61645893000.0,0.0,0.0,57135184784.20335,0.0,0.0,0.0,0.0,0.0,0.0,0.0,0.0,11.1,0.0,0.0,0.0,1.12,8,29.09,102
1314,中石化,塑膠工業,-0.78,20109851000.0,0.0,0.0,13428623745.566843,0.0,85.52,198.75,21.25,220.0,0.0,0.0,0.0,7.14,0.0,0.0,0.0,3.77,57,26.62,182
1315,達新,塑膠工業,1.55,2308500000.0,1489354838.7096775,0.38,1787839160.5265403,1.2,47.48,80.59,18.66,99.25,22.39,119.1,56.98,61.8,0.92,0.36,1.93,2.25,105,2.13,27
1316,上曜,建材營造,-0.52,4057430000.0,0.0,0.0,10452907740.150002,0.0,0.0,0.0,0.0,0.0,0.0,0.0,0.0,11.2,0.0,0.0,0.0,13.4,85,1.86,172
1319,東陽,汽車工業,6.43,25247616000.0,3926534370.139969,2.48,20688828099.17711,5.27,15.5,11.3,11.45,22.75,60.34,119.89,81.69,80.2,1.02,0.75,1.49,9.05,12,7.94,13
1321,大洋,塑膠工業,-1.25,3649201000.0,0.0,0.0,3312307069.958994,0.0,423.93,1855.31,32.19,1887.5,0.0,0.0,0.0,29.55,0.0,0.0,0.0,10.1,103,4.41,99
1323,永裕,塑膠工業,0.25,2033764000.0,8135056000.0,0.09,2008397225.6214013,0.25,48.93,189.94,7.06,197.0,1.76,49.25,12.23,19.25,0.64,0.09,2.56,0.16,12,1.92,27
1324,地球,塑膠工業,-0.82,738507000.0,0.0,0.0,682120080.0920978,0.0,305.14,1142.45,27.55,1170.0,0.0,0.0,0.0,10.3,0.0,0.0,0.0,0.34,1,6.49,167
1325,恆大,塑膠工業,-0.7,293967000.0,0.0,0.0,214928104.90709952,0.0,191.81,269.98,67.24,337.22,0.0,0.0,0.0,27.3,0.0,0.0,0.0,28.19,49,50.09,26
1326,台化,塑膠工業,-0.99,292368349000.0,0.0,0.0,302556025844.77344,0.0,125.87,473.78,19.55,493.33,0.0,0.0,0.0,46.95,0.0,0.0,0.0,1.42,12,22.29,106
1336,台翰,電子零組件業,0.72,2526028000.0,3508372222.2222223,0.27,2252377992.2007976,0.64,12.86,12.99,8.14,21.13,5.21,13.52,8.23,13.85,0.59,0.38,0.98,42.71,138,3.13,4
1337,再生-KY,塑膠工業,-1.74,682900000.0,0.0,0.0,539714592.0054388,0.0,0.0,0.0,0.0,0.0,0.0,0.0,0.0,5.01,0.0,0.0,0.0,5.48,65,5.92,4
1338,廣華-KY,汽車工業,-2.24,5359361000.0,0.0,0.0,4736072254.291564,0.0,0.0,0.0,0.0,0.0,0.0,0.0,0.0,15.7,0.0,0.0,0.0,2.99,23,5.71,28
1339,昭輝,汽車工業,2.42,1708614000.0,706038842.9752066,0.75,1330841120.9714189,1.88,13.82,14.28,8.18,22.46,15.38,42.22,25.99,41.6,0.62,0.37,1.01,0.0,0,6.05,13
1340,勝悅-KY,塑膠工業,-2.61,180630000.0,0.0,0.0,29456559.843107544,0.0,0.0,0.0,0.0,0.0,0.0,0.0,0.0,5.63,0.0,0.0,0.0,21.5,61,19.06,139
1341,富林-KY,塑膠工業,3.71,2590239000.0,698177628.032345,1.32,2501495210.875211,3.58,14.32,5.23,11.51,16.74,41.21,59.93,51.26,62.1,0.83,0.66,0.97,7.01,37,7.53,20
1342,八貫,其他,5.61,2785153000.0,496462210.3386809,3.27,3477488654.4262443,7.0,15.12,7.45,11.43,18.88,80.01,132.16,105.84,94.2,1.12,0.85,1.4,3.48,28,1.71,5
1402,遠東新,紡織纖維,1.54,254998414000.0,165583385714.2857,0.51,244202930817.27408,1.47,18.61,10.7,13.66,24.36,20.08,35.81,27.36,26.1,1.05,0.77,1.37,15.56,146,1.32,1
1410,南染,紡織纖維,0.59,195601000.0,331527118.6440678,0.26,187186308.45325705,0.56,94.23,113.11,46.27,159.38,25.91,89.25,52.77,27.6,1.91,0.94,3.23,2.11,97,13.94,29
00924,復華S&P500成長,ETF,0.0,0.0,0.0,0.0,0.0,0.0,0.0,0.0,0.0,0.0,0.0,0.0,0.0,31.49,0.0,0.0,0.0,18.41,184,30.77,175
020020,元大台股領航N,ETN,0.0,0.0,0.0,0.0,0.0,0.0,0.0,0.0,0.0,0.0,0.0,0.0,0.0,25.32,0.0,0.0,0.0,27.14,64,42.58,174
02001L,富邦蘋果正二N,ETN,0.0,0.0,0.0,0.0,0.0,0.0,0.0,0.0,0.0,0.0,0.0,0.0,0.0,118.4,0.0,0.0,0.0,52.67,64,193.34,174
00956,中信日經高股息,ETF,0.0,0.0,0.0,0.0,0.0,0.0,0.0,0.0,0.0,0.0,0.0,0.0,0.0,12.18,0.0,0.0,0.0,2.32,14,14.47,123
00960,野村全球航運龍頭,ETF,0.0,0.0,0.0,0.0,0.0,0.0,0.0,0.0,0.0,0.0,0.0,0.0,0.0,17.56,0.0,0.0,0.0,26.42,5,13.6,134
00961,FT臺灣永續高息,ETF,0.0,0.0,0.0,0.0,0.0,0.0,0.0,0.0,0.0,0.0,0.0,0.0,0.0,11.03,0.0,0.0,0.0,0.9,6,8.32,175
00962,台新AI優息動能,ETF,0.0,0.0,0.0,0.0,0.0,0.0,0.0,0.0,0.0,0.0,0.0,0.0,0.0,13.58,0.0,0.0,0.0,2.2,77,32.99,176
00963,中信全球高股息,ETF,0.0,0.0,0.0,0.0,0.0,0.0,0.0,0.0,0.0,0.0,0.0,0.0,0.0,12.67,0.0,0.0,0.0,10.92,126,8.88,109
00964,中信亞太高股息,ETF,0.0,0.0,0.0,0.0,0.0,0.0,0.0,0.0,0.0,0.0,0.0,0.0,0.0,14.35,0.0,0.0,0.0,3.8,130,21.16,182
00965,元大航太防衛科技,ETF,0.0,0.0,0.0,0.0,0.0,0.0,0.0,0.0,0.0,0.0,0.0,0.0,0.0,26.0,0.0,0.0,0.0,23.64,181,38.0,179
00971,野村美國研發龍頭,ETF,0.0,0.0,0.0,0.0,0.0,0.0,0.0,0.0,0.0,0.0,0.0,0.0,0.0,16.51,0.0,0.0,0.0,2.54,40,34.56,175
00972,野村日本動能高息,ETF,0.0,0.0,0.0,0.0,0.0,0.0,0.0,0.0,0.0,0.0,0.0,0.0,0.0,18.68,0.0,0.0,0.0,11.48,70,13.16,123
009800,中信NASDAQ,ETF,0.0,0.0,0.0,0.0,0.0,0.0,0.0,0.0,0.0,0.0,0.0,0.0,0.0,12.49,0.0,0.0,0.0,2.4,7,31.26,175
009801,中信美國創新科技,ETF,0.0,0.0,0.0,0.0,0.0,0.0,0.0,0.0,0.0,0.0,0.0,0.0,0.0,11.84,0.0,0.0,0.0,2.3,170,37.43,175
009802,富邦旗艦50,ETF,0.0,0.0,0.0,0.0,0.0,0.0,0.0,0.0,0.0,0.0,0.0,0.0,0.0,17.97,0.0,0.0,0.0,8.98,175,24.26,174
009803,玉山市值動能50,ETF,0.0,0.0,0.0,0.0,0.0,0.0,0.0,0.0,0.0,0.0,0.0,0.0,0.0,20.42,0.0,0.0,0.0,19.15,183,42.62,175
009804,聯邦台精彩50,ETF,0.0,0.0,0.0,0.0,0.0,0.0,0.0,0.0,0.0,0.0,0.0,0.0,0.0,21.1,0.0,0.0,0.0,40.06,183,38.15,176
009805,新光美國電力基建,ETF,0.0,0.0,0.0,0.0,0.0,0.0,0.0,0.0,0.0,0.0,0.0,0.0,0.0,16.8,0.0,0.0,0.0,30.77,174,30.77,174
009806,台新標普500,上櫃ETF,0.0,0.0,0.0,0.0,0.0,0.0,0.0,0.0,0.0,0.0,0.0,0.0,0.0,12.82,0.0,0.0,0.0,19.04,184,19.04,184
00954,中信日本半導體,ETF,0.0,0.0,0.0,0.0,0.0,0.0,0.0,0.0,0.0,0.0,0.0,0.0,0.0,18.19,0.0,0.0,0.0,0.0,0,73.72,179
00953B,群益優選非投等債,ETF,0.0,0.0,0.0,0.0,0.0,0.0,0.0,0.0,0.0,0.0,0.0,0.0,0.0,9.56,0.0,0.0,0.0,4.61,166,3.68,179
00952,凱基台灣AI50,ETF,0.0,0.0,0.0,0.0,0.0,0.0,0.0,0.0,0.0,0.0,0.0,0.0,0.0,17.24,0.0,0.0,0.0,4.12,92,38.12,179
00927,群益半導體收益,ETF,0.0,0.0,0.0,0.0,0.0,0.0,0.0,0.0,0.0,0.0,0.0,0.0,0.0,34.73,0.0,0.0,0.0,18.77,64,34.97,176
00929,復華台灣科技優息,ETF,0.0,0.0,0.0,0.0,0.0,0.0,0.0,0.0,0.0,0.0,0.0,0.0,0.0,25.1,0.0,0.0,0.0,5.91,42,11.76,174
00930,永豐ESG低碳高息,ETF,0.0,0.0,0.0,0.0,0.0,0.0,0.0,0.0,0.0,0.0,0.0,0.0,0.0,21.51,0.0,0.0,0.0,6.08,43,7.17,172
00932,兆豐永續高息等權,ETF,0.0,0.0,0.0,0.0,0.0,0.0,0.0,0.0,0.0,0.0,0.0,0.0,0.0,16.7,0.0,0.0,0.0,2.0,64,6.43,137
00934,中信成長高股息,ETF,0.0,0.0,0.0,0.0,0.0,0.0,0.0,0.0,0.0,0.0,0.0,0.0,0.0,25.79,0.0,0.0,0.0,10.77,64,27.86,175
00935,野村臺灣新科技50,ETF,0.0,0.0,0.0,0.0,0.0,0.0,0.0,0.0,0.0,0.0,0.0,0.0,0.0,54.2,0.0,0.0,0.0,26.08,64,50.98,176
00936,台新永續高息中小,ETF,0.0,0.0,0.0,0.0,0.0,0.0,0.0,0.0,0.0,0.0,0.0,0.0,0.0,19.66,0.0,0.0,0.0,7.7,40,13.69,179
00938,凱基優選30,ETF,0.0,0.0,0.0,0.0,0.0,0.0,0.0,0.0,0.0,0.0,0.0,0.0,0.0,21.4,0.0,0.0,0.0,0.0,0,26.04,172
00939,統一台灣高息動能,ETF,0.0,0.0,0.0,0.0,0.0,0.0,0.0,0.0,0.0,0.0,0.0,0.0,0.0,18.08,0.0,0.0,0.0,4.87,43,7.84,176
00940,元大台灣價值高息,ETF,0.0,0.0,0.0,0.0,0.0,0.0,0.0,0.0,0.0,0.0,0.0,0.0,0.0,11.15,0.0,0.0,0.0,8.69,43,11.4,175
00941,中信上游半導體,ETF,0.0,0.0,0.0,0.0,0.0,0.0,0.0,0.0,0.0,0.0,0.0,0.0,0.0,24.76,0.0,0.0,0.0,9.1,64,38.29,176
00943,兆豐電子高息等權,ETF,0.0,0.0,0.0,0.0,0.0,0.0,0.0,0.0,0.0,0.0,0.0,0.0,0.0,18.86,0.0,0.0,0.0,5.73,46,15.28,172
00944,野村趨勢動能高息,ETF,0.0,0.0,0.0,0.0,0.0,0.0,0.0,0.0,0.0,0.0,0.0,0.0,0.0,18.6,0.0,0.0,0.0,4.91,57,5.37,137
00945B,凱基美國非投等債,ETF,0.0,0.0,0.0,0.0,0.0,0.0,0.0,0.0,0.0,0.0,0.0,0.0,0.0,14.4,0.0,0.0,0.0,2.86,86,3.26,183
00946,群益科技高息成長,ETF,0.0,0.0,0.0,0.0,0.0,0.0,0.0,0.0,0.0,0.0,0.0,0.0,0.0,12.89,0.0,0.0,0.0,9.0,41,23.78,176
00947,台新臺灣IC設計,ETF,0.0,0.0,0.0,0.0,0.0,0.0,0.0,0.0,0.0,0.0,0.0,0.0,0.0,35.79,0.0,0.0,0.0,7.19,8,40.96,182
00949,復華日本龍頭,ETF,0.0,0.0,0.0,0.0,0.0,0.0,0.0,0.0,0.0,0.0,0.0,0.0,0.0,19.76,0.0,0.0,0.0,6.45,16,17.04,182
00951,台新日本半導體,ETF,0.0,0.0,0.0,0.0,0.0,0.0,0.0,0.0,0.0,0.0,0.0,0.0,0.0,17.08,0.0,0.0,0.0,7.52,6,70.96,180
009807,台新標普科技精選,上櫃ETF,0.0,0.0,0.0,0.0,0.0,0.0,0.0,0.0,0.0,0.0,0.0,0.0,0.0,15.05,0.0,0.0,0.0,34.33,156,34.33,156
009808,華南永昌優選50,ETF,0.0,0.0,0.0,0.0,0.0,0.0,0.0,0.0,0.0,0.0,0.0,0.0,0.0,28.88,0.0,0.0,0.0,33.51,168,33.51,168
009809,富邦淨零ESG50,ETF,0.0,0.0,0.0,0.0,0.0,0.0,0.0,0.0,0.0,0.0,0.0,0.0,0.0,15.28,0.0,0.0,0.0,32.93,182,32.93,182
00980A,主動野村臺灣優選,ETF,0.0,0.0,0.0,0.0,0.0,0.0,0.0,0.0,0.0,0.0,0.0,0.0,0.0,23.2,0.0,0.0,0.0,50.91,182,47.48,179
00985B,群益ESG投等債0-5,ETF,0.0,0.0,0.0,0.0,0.0,0.0,0.0,0.0,0.0,0.0,0.0,0.0,0.0,10.14,0.0,0.0,0.0,4.84,144,4.84,144
00985D,主動貝萊德優投等,上櫃ETF,0.0,0.0,0.0,0.0,0.0,0.0,0.0,0.0,0.0,0.0,0.0,0.0,0.0,10.08,0.0,0.0,0.0,1.69,11,1.69,11
00986A,主動台新龍頭成長,ETF,0.0,0.0,0.0,0.0,0.0,0.0,0.0,0.0,0.0,0.0,0.0,0.0,0.0,14.19,0.0,0.0,0.0,23.01,183,23.01,183
00986B,FT金融債10+,上櫃ETF,0.0,0.0,0.0,0.0,0.0,0.0,0.0,0.0,0.0,0.0,0.0,0.0,0.0,9.85,0.0,0.0,0.0,2.59,64,2.59,64
00986D,主動復華金融債息,上櫃ETF,0.0,0.0,0.0,0.0,0.0,0.0,0.0,0.0,0.0,0.0,0.0,0.0,0.0,14.74,0.0,0.0,0.0,0.0,0,0.0,0
00987A,主動台新優勢成長,ETF,0.0,0.0,0.0,0.0,0.0,0.0,0.0,0.0,0.0,0.0,0.0,0.0,0.0,16.98,0.0,0.0,0.0,73.18,128,73.18,128
00987B,野村10+澳洲公債,上櫃ETF,0.0,0.0,0.0,0.0,0.0,0.0,0.0,0.0,0.0,0.0,0.0,0.0,0.0,15.97,0.0,0.0,0.0,6.19,39,6.19,39
00988A,主動統一全球創新,ETF,0.0,0.0,0.0,0.0,0.0,0.0,0.0,0.0,0.0,0.0,0.0,0.0,0.0,18.41,0.0,0.0,0.0,76.64,180,76.64,180
00988B,玉山嚴選非投債,上櫃ETF,0.0,0.0,0.0,0.0,0.0,0.0,0.0,0.0,0.0,0.0,0.0,0.0,0.0,19.92,0.0,0.0,0.0,0.65,16,0.65,16
00989A,主動摩根美國科技,ETF,0.0,0.0,0.0,0.0,0.0,0.0,0.0,0.0,0.0,0.0,0.0,0.0,0.0,16.87,0.0,0.0,0.0,5.53,6,5.53,6
00989B,台新美國非投等債,上櫃ETF,0.0,0.0,0.0,0.0,0.0,0.0,0.0,0.0,0.0,0.0,0.0,0.0,0.0,9.98,0.0,0.0,0.0,1.11,15,1.11,15
00990A,主動元大AI新經濟,ETF,0.0,0.0,0.0,0.0,0.0,0.0,0.0,0.0,0.0,0.0,0.0,0.0,0.0,17.08,0.0,0.0,0.0,75.3,136,75.3,136
00991A,主動復華未來50,ETF,0.0,0.0,0.0,0.0,0.0,0.0,0.0,0.0,0.0,0.0,0.0,0.0,0.0,17.49,0.0,0.0,0.0,84.99,140,84.99,140
00992A,主動群益科技創新,ETF,0.0,0.0,0.0,0.0,0.0,0.0,0.0,0.0,0.0,0.0,0.0,0.0,0.0,17.66,0.0,0.0,0.0,73.89,125,73.89,125
00993A,主動安聯台灣,ETF,0.0,0.0,0.0,0.0,0.0,0.0,0.0,0.0,0.0,0.0,0.0,0.0,0.0,12.9,0.0,0.0,0.0,33.27,91,33.27,91
00994A,主動第一金台股優,ETF,0.0,0.0,0.0,0.0,0.0,0.0,0.0,0.0,0.0,0.0,0.0,0.0,0.0,17.3,0.0,0.0,0.0,76.74,120,76.74,120
00995A,主動中信台灣卓越,ETF,0.0,0.0,0.0,0.0,0.0,0.0,0.0,0.0,0.0,0.0,0.0,0.0,0.0,16.65,0.0,0.0,0.0,67.45,105,67.45,105
00996A,主動兆豐台灣豐收,ETF,0.0,0.0,0.0,0.0,0.0,0.0,0.0,0.0,0.0,0.0,0.0,0.0,0.0,13.69,0.0,0.0,0.0,35.03,43,35.03,43
00997A,主動群益美國增長,ETF,0.0,0.0,0.0,0.0,0.0,0.0,0.0,0.0,0.0,0.0,0.0,0.0,0.0,12.1,0.0,0.0,0.0,16.9,23,16.9,23
00998A,主動復華金融股息,上櫃ETF,0.0,0.0,0.0,0.0,0.0,0.0,0.0,0.0,0.0,0.0,0.0,0.0,0.0,15.74,0.0,0.0,0.0,0.62,6,0.62,6
00999A,主動野村臺灣高息,ETF,0.0,0.0,0.0,0.0,0.0,0.0,0.0,0.0,0.0,0.0,0.0,0.0,0.0,10.42,0.0,0.0,0.0,2.95,2,2.95,2
020000,富邦特選蘋果N,ETN,0.0,0.0,0.0,0.0,0.0,0.0,0.0,0.0,0.0,0.0,0.0,0.0,0.0,0.0,0.0,0.0,0.0,0.0,0,0.0,0
020001,富邦存股雙十N,指數投資證券(ETN),0.0,0.0,0.0,0.0,0.0,0.0,0.0,0.0,0.0,0.0,0.0,0.0,0.0,22.56,0.0,0.0,0.0,0.0,0,0.0,0
020011,統一微波高息20N,ETN,0.0,0.0,0.0,0.0,0.0,0.0,0.0,0.0,0.0,0.0,0.0,0.0,0.0,0.0,0.0,0.0,0.0,0.0,0,0.0,0
020012,富邦行動通訊N,ETN,0.0,0.0,0.0,0.0,0.0,0.0,0.0,0.0,0.0,0.0,0.0,0.0,0.0,0.0,0.0,0.0,0.0,0.0,0,0.0,0
00985A,主動野村台灣50,ETF,0.0,0.0,0.0,0.0,0.0,0.0,0.0,0.0,0.0,0.0,0.0,0.0,0.0,21.33,0.0,0.0,0.0,45.87,183,45.87,183
02001R,富邦蘋果反一N,ETN,0.0,0.0,0.0,0.0,0.0,0.0,0.0,0.0,0.0,0.0,0.0,0.0,0.0,0.52,0.0,0.0,0.0,0.0,0,0.0,0
00984D,主動聯博全球非投,ETF,0.0,0.0,0.0,0.0,0.0,0.0,0.0,0.0,0.0,0.0,0.0,0.0,0.0,10.03,0.0,0.0,0.0,1.5,85,1.5,85
00984A,主動安聯台灣高息,ETF,0.0,0.0,0.0,0.0,0.0,0.0,0.0,0.0,0.0,0.0,0.0,0.0,0.0,14.71,0.0,0.0,0.0,18.78,184,18.78,184
00980B,台新特選IG債10+,上櫃ETF,0.0,0.0,0.0,0.0,0.0,0.0,0.0,0.0,0.0,0.0,0.0,0.0,0.0,9.44,0.0,0.0,0.0,3.82,41,8.72,167
00980D,主動聯博投等入息,上櫃ETF,0.0,0.0,0.0,0.0,0.0,0.0,0.0,0.0,0.0,0.0,0.0,0.0,0.0,20.37,0.0,0.0,0.0,4.57,164,4.57,164
00980T,平衡凱基美國TOP,上櫃ETF,0.0,0.0,0.0,0.0,0.0,0.0,0.0,0.0,0.0,0.0,0.0,0.0,0.0,11.5,0.0,0.0,0.0,10.6,76,10.6,76
009810,玉山全球藍籌100,ETF,0.0,0.0,0.0,0.0,0.0,0.0,0.0,0.0,0.0,0.0,0.0,0.0,0.0,20.31,0.0,0.0,0.0,25.76,181,25.76,181
009811,統一美國50,ETF,0.0,0.0,0.0,0.0,0.0,0.0,0.0,0.0,0.0,0.0,0.0,0.0,0.0,12.58,0.0,0.0,0.0,16.23,168,16.23,168
009812,野村日本東證,ETF,0.0,0.0,0.0,0.0,0.0,0.0,0.0,0.0,0.0,0.0,0.0,0.0,0.0,12.02,0.0,0.0,0.0,24.72,146,24.72,146
009813,貝萊德標普卓越50,ETF,0.0,0.0,0.0,0.0,0.0,0.0,0.0,0.0,0.0,0.0,0.0,0.0,0.0,11.09,0.0,0.0,0.0,6.57,85,6.57,85
009814,富邦標普500,上櫃ETF,0.0,0.0,0.0,0.0,0.0,0.0,0.0,0.0,0.0,0.0,0.0,0.0,0.0,10.74,0.0,0.0,0.0,7.72,139,7.72,139
009815,大華美國MAG7+,上櫃ETF,0.0,0.0,0.0,0.0,0.0,0.0,0.0,0.0,0.0,0.0,0.0,0.0,0.0,11.07,0.0,0.0,0.0,8.96,102,8.96,102
009816,凱基台灣TOP50,ETF,0.0,0.0,0.0,0.0,0.0,0.0,0.0,0.0,0.0,0.0,0.0,0.0,0.0,14.05,0.0,0.0,0.0,37.68,93,37.68,93
009817,國泰日本不動產,ETF,0.0,0.0,0.0,0.0,0.0,0.0,0.0,0.0,0.0,0.0,0.0,0.0,0.0,9.25,0.0,0.0,0.0,2.11,5,2.11,5
009818,華南永昌NASDAQxT,ETF,0.0,0.0,0.0,0.0,0.0,0.0,0.0,0.0,0.0,0.0,0.0,0.0,0.0,18.42,0.0,0.0,0.0,23.96,46,23.96,46
009819,中信數據及電力,ETF,0.0,0.0,0.0,0.0,0.0,0.0,0.0,0.0,0.0,0.0,0.0,0.0,0.0,10.12,0.0,0.0,0.0,0.0,0,0.0,0
00981A,主動統一台股增長,ETF,0.0,0.0,0.0,0.0,0.0,0.0,0.0,0.0,0.0,0.0,0.0,0.0,0.0,28.91,0.0,0.0,0.0,61.27,184,61.27,184
00981B,第一金優選非投債,上櫃ETF,0.0,0.0,0.0,0.0,0.0,0.0,0.0,0.0,0.0,0.0,0.0,0.0,0.0,9.17,0.0,0.0,0.0,0.5,16,2.65,117
00981D,主動中信非投等債,上櫃ETF,0.0,0.0,0.0,0.0,0.0,0.0,0.0,0.0,0.0,0.0,0.0,0.0,0.0,10.33,0.0,0.0,0.0,6.6,78,6.6,78
00981T,平衡凱基雙核收息,ETF,0.0,0.0,0.0,0.0,0.0,0.0,0.0,0.0,0.0,0.0,0.0,0.0,0.0,11.87,0.0,0.0,0.0,15.52,154,15.52,154
009820,元大納斯達克精選,ETF,0.0,0.0,0.0,0.0,0.0,0.0,0.0,0.0,0.0,0.0,0.0,0.0,0.0,9.93,0.0,0.0,0.0,0.0,0,0.0,0
00982A,主動群益台灣強棒,ETF,0.0,0.0,0.0,0.0,0.0,0.0,0.0,0.0,0.0,0.0,0.0,0.0,0.0,22.4,0.0,0.0,0.0,46.93,165,46.93,165
00982B,FT投資級債20+,上櫃ETF,0.0,0.0,0.0,0.0,0.0,0.0,0.0,0.0,0.0,0.0,0.0,0.0,0.0,9.8,0.0,0.0,0.0,1.09,183,10.2,173
00982D,主動富邦動態入息,ETF,0.0,0.0,0.0,0.0,0.0,0.0,0.0,0.0,0.0,0.0,0.0,0.0,0.0,9.96,0.0,0.0,0.0,2.29,133,2.29,133
00982T,平衡兆豐台美動能,ETF,0.0,0.0,0.0,0.0,0.0,0.0,0.0,0.0,0.0,0.0,0.0,0.0,0.0,14.39,0.0,0.0,0.0,44.19,132,44.19,132
00983A,主動中信ARK創新,ETF,0.0,0.0,0.0,0.0,0.0,0.0,0.0,0.0,0.0,0.0,0.0,0.0,0.0,11.67,0.0,0.0,0.0,33.07,113,33.07,113
00983B,大華優利美公債20,上櫃ETF,0.0,0.0,0.0,0.0,0.0,0.0,0.0,0.0,0.0,0.0,0.0,0.0,0.0,15.58,0.0,0.0,0.0,9.77,163,9.77,163
00983D,主動富邦複合收益,ETF,0.0,0.0,0.0,0.0,0.0,0.0,0.0,0.0,0.0,0.0,0.0,0.0,0.0,10.12,0.0,0.0,0.0,3.18,93,3.18,93
00984B,大華優利美A債15,上櫃ETF,0.0,0.0,0.0,0.0,0.0,0.0,0.0,0.0,0.0,0.0,0.0,0.0,0.0,16.25,0.0,0.0,0.0,12.68,163,12.68,163
2454,聯發科,電子工業,66.17,586383033000.0,8861765649.085688,22.62,602684608993.5652,68.01,21.83,37.81,17.21,55.02,1170.45,3741.91,1484.96,3630.0,0.41,0.32,1.03,36.99,43,18.99,131
3617,碩天,其他電子業,14.48,11943958000.0,824858977.9005525,4.67,11909584920.246025,14.44,13.18,10.29,8.8,19.09,127.07,275.66,190.36,197.0,0.97,0.65,1.4,29.14,138,3.76,67
3622,洋華,光電業,6.09,1673510000.0,274796387.52052546,2.31,1860103469.8768206,6.77,11.98,10.48,8.55,19.03,57.88,128.83,81.13,56.4,1.44,1.03,2.28,43.03,40,14.15,183
3623,富晶通,光電業,-0.16,287229000.0,0.0,0.0,310692763.6214315,0.0,61.58,0.79,61.18,61.97,0.0,0.0,0.0,23.55,0.0,0.0,0.0,11.53,126,52.79,102
3624,光頡,電子零組件業,1.86,2636913000.0,1417695161.2903225,0.87,3133089762.2058835,2.21,25.18,29.76,12.23,41.99,27.03,92.8,55.64,59.0,0.94,0.46,1.57,9.43,48,52.85,172
3625,西勝,電腦及週邊設備業,-0.6,399491000.0,0.0,0.0,402068081.85612833,0.0,0.0,0.0,0.0,0.0,0.0,0.0,0.0,15.3,0.0,0.0,0.0,18.0,62,153.68,168
3628,盈正,其他電子類,4.02,3385021000.0,842045024.875622,1.35,3628532451.71137,4.31,22.9,21.35,14.57,35.92,62.8,154.82,98.71,67.6,1.46,0.93,2.29,10.18,55,144.47,179
3630,新鉅科,光電業,1.8,2218172000.0,1232317777.7777777,0.87,2659746813.6607027,2.16,22.57,22.53,14.52,37.05,31.36,80.03,48.74,27.0,1.81,1.16,2.96,10.45,65,88.64,126
3631,晟楠,電子零組件業,-0.7,71805000.0,0.0,0.0,14257220.362239297,0.0,0.0,0.0,0.0,0.0,0.0,0.0,0.0,39.1,0.0,0.0,0.0,3.08,118,6.96,13
3615,安可,光電業,0.82,946237000.0,1153947560.9756098,0.23,759079224.2338371,0.66,72.49,141.37,28.18,169.55,18.6,111.9,47.84,34.1,1.4,0.55,3.28,61.77,167,21.3,116
3632,研勤,通信網路業,-0.38,268980000.0,0.0,0.0,272302659.4409357,0.0,144.63,39.41,119.09,158.5,0.0,0.0,0.0,8.5,0.0,0.0,0.0,20.53,61,4.2,8
3645,達邁,電子工業,1.54,2380724000.0,1545924675.3246753,0.5,2385800906.3813224,1.54,49.31,62.22,23.74,85.96,36.56,132.38,75.93,94.1,0.81,0.39,1.41,35.15,107,57.68,118
3646,艾恩特,電子零組件業,0.56,666283000.0,1189791071.4285712,0.18,670194504.2274079,0.56,26.72,29.49,17.18,46.67,9.62,26.14,14.97,23.2,0.65,0.41,1.13,0.64,70,0.17,5
3652,精聯,電子工業,1.34,2479109000.0,1850081343.283582,0.59,2720222058.1530867,1.47,35.51,64.84,17.97,82.81,26.42,121.73,52.21,29.5,1.77,0.9,4.13,84.22,106,11.66,71
3653,健策,電子工業,36.76,20056537000.0,545607644.1784549,17.39,23134501676.099808,42.4,69.51,119.89,31.53,151.42,1336.87,6420.21,2947.38,3650.0,0.81,0.37,1.76,66.49,182,129.82,125
3661,世芯-KY,半導體業,69.19,34151314000.0,493587425.9286024,15.6,14511991293.420017,29.4,43.25,47.33,24.34,71.67,715.6,2107.1,1271.67,4890.0,0.26,0.15,0.43,6.14,68,83.58,99
3663,鑫科,其他電子類,-0.08,5546540000.0,0.0,0.0,9593201917.640152,0.0,216.21,682.33,61.67,744.0,0.0,0.0,0.0,72.1,0.0,0.0,0.0,154.02,104,22.06,77
3611,鼎翰,電腦及週邊設備業,19.63,11503912000.0,586037289.8624555,6.42,11328300264.222778,19.33,12.67,5.71,9.4,15.11,181.7,292.08,244.83,190.0,1.29,0.96,1.54,1.73,55,10.44,34
3609,三一東林,電子零組件業,6.42,667338000.0,103946728.97196262,1.18,454245298.51891387,4.37,5.68,4.98,3.3,8.28,14.42,36.18,24.84,22.6,1.1,0.64,1.6,8.37,36,32.08,53
3607,谷崧,電子零組件業,0.02,2861541000.0,143077050000.0,0.01,2695394908.139511,0.02,171.93,749.17,25.83,775.0,0.52,15.5,3.44,14.55,0.24,0.04,1.07,38.37,131,3.31,4
3576,聯合再生,電子工業,-0.76,3793481000.0,0.0,0.0,1477615403.6683311,0.0,0.0,0.0,0.0,0.0,0.0,0.0,0.0,17.45,0.0,0.0,0.0,32.17,56,5.83,13
3577,泓格,電腦及週邊設備業,2.36,1147441000.0,486203813.55932206,0.99,1432442985.9567103,2.95,39.45,45.81,23.96,69.77,70.68,205.82,116.37,89.5,1.3,0.79,2.3,27.2,145,91.12,74
3580,友威科,其他電子類,1.94,435272000.0,224367010.30927837,0.66,406456817.4540336,1.81,23.93,41.09,9.94,51.03,17.99,92.36,43.31,88.8,0.49,0.2,1.04,132.89,113,1.82,8
3581,博磊,半導體業,0.81,1472080000.0,1817382716.0493827,0.41,1965294413.9699621,1.08,418.62,2200.59,46.08,2246.67,49.77,2426.4,452.11,235.0,1.92,0.21,10.33,153.85,174,85.81,165
3583,辛耘,半導體業,13.82,11181723000.0,809097178.0028943,6.29,12656657159.9475,15.64,34.11,46.9,17.72,64.62,277.14,1010.66,533.5,788.0,0.68,0.35,1.28,37.5,153,56.23,139
3587,閎康,其他電子類,6.09,5497073000.0,902639244.6633826,2.13,6258838453.243914,6.93,26.79,47.11,13.38,60.49,92.72,419.2,185.69,319.0,0.58,0.29,1.31,11.26,58,48.64,166
3588,通嘉,半導體業,0.51,1334330000.0,2616333333.3333335,0.25,1532797325.4846392,0.59,56.43,158.05,21.54,179.59,12.71,105.96,33.29,59.2,0.56,0.21,1.79,7.95,43,12.51,132
3591,艾笛森,光電業,-0.34,2361396000.0,0.0,0.0,2265635200.826387,0.0,75.57,288.2,16.8,305.0,0.0,0.0,0.0,23.6,0.0,0.0,0.0,29.82,57,2.95,6
3592,瑞鼎,半導體業,18.23,22500591000.0,1234261711.4646187,7.72,22005691606.515743,17.83,13.29,7.99,10.01,18.0,178.48,320.94,236.9,258.5,0.92,0.69,1.24,0.0,0,14.42,35
3593,力銘,電子工業,-0.9,1092576000.0,0.0,0.0,716132120.3289913,0.0,0.0,0.0,0.0,0.0,0.0,0.0,0.0,18.95,0.0,0.0,0.0,82.7,64,0.0,0
3594,磐儀,電腦及週邊設備業,0.5,2048586000.0,4097172000.0,0.17,2383869230.756774,0.58,64.49,106.99,26.54,133.53,15.39,77.45,37.4,55.4,0.68,0.28,1.4,27.38,65,4.45,4
3596,智易,通信網路業,12.6,52775725000.0,4188549603.1746035,5.14,53606907366.01045,12.8,15.74,10.26,11.28,21.54,144.38,275.71,201.45,178.0,1.13,0.81,1.55,11.21,183,11.63,110
3597,映興,電子零組件業,0.34,865831000.0,2546561764.705882,0.11,838689753.8011327,0.33,58.09,135.55,17.58,153.13,5.8,50.53,19.17,25.65,0.75,0.23,1.97,54.74,173,19.83,96
3605,宏致,電子工業,4.35,10859165000.0,2496359770.1149426,1.5,11620877273.7245,4.66,122.15,757.76,13.49,771.25,62.86,3594.02,569.23,83.3,6.83,0.75,43.15,57.0,168,66.16,123
3664,安瑞-KY,通信網路業,-6.04,903104000.0,0.0,0.0,568245161.7455858,0.0,1209.94,2869.5,150.5,3020.0,0.0,0.0,0.0,7.81,0.0,0.0,0.0,2.56,58,10.22,4
3665,貿聯-KY,其他電子業,46.62,69203806000.0,1484423123.1231232,23.5,88854747362.53722,59.86,31.66,47.87,15.79,63.66,945.19,3810.69,1894.93,2750.0,0.69,0.34,1.39,127.51,184,141.32,174
3666,光耀,光電業,-3.46,494144000.0,0.0,0.0,283839567.3589073,0.0,0.0,0.0,0.0,0.0,0.0,0.0,0.0,28.7,0.0,0.0,0.0,12.68,49,0.64,5
3706,神達,電子工業,5.36,103432967000.0,19297195335.820896,2.8,136703205052.9195,7.08,20.95,19.77,13.09,32.86,92.68,232.65,148.35,86.2,1.72,1.08,2.7,25.73,184,103.42,179
3707,漢磊,半導體業,-1.97,5701058000.0,0.0,0.0,6772768966.558694,0.0,325.67,9.5,320.0,329.5,0.0,0.0,0.0,73.2,0.0,0.0,0.0,2.6,64,92.3,132
3709,鑫聯大投控,電腦及週邊設備業,7.02,40845639000.0,5818467094.017095,2.63,51389839719.107895,8.83,16.97,23.02,8.85,31.87,78.15,281.41,149.89,92.9,1.61,0.84,3.03,59.35,174,31.04,154
3710,連展投控,電子零組件業,-1.48,7029628000.0,0.0,0.0,6992777146.114755,0.0,226.45,56.25,201.25,257.5,0.0,0.0,0.0,6.29,0.0,0.0,0.0,56.52,159,14.7,102
3711,日月光投控,半導體業,9.37,639427808000.0,68242028601.92103,3.41,739508530957.9285,10.84,24.92,42.76,15.37,58.13,166.61,630.13,270.13,516.0,0.52,0.32,1.22,28.57,64,80.0,176
3712,永崴投控,電子工業,-22.85,34127144000.0,0.0,0.0,19240363656.542183,0.0,13.43,13.31,8.44,21.75,0.0,0.0,0.0,20.65,0.0,0.0,0.0,53.85,65,3.31,15
3705,永信,生技醫療業,3.31,8374052000.0,2529925075.528701,1.01,7385759576.50348,2.92,14.77,6.27,12.35,18.62,36.06,54.37,43.13,55.3,0.78,0.65,0.98,24.16,142,0.0,0
3714,富采,光電業,-3.69,22182215000.0,0.0,0.0,21480363409.549026,0.0,0.0,0.0,0.0,0.0,0.0,0.0,0.0,71.1,0.0,0.0,0.0,10.88,20,11.83,133
3715,定穎投控,電子工業,2.7,19083311000.0,7067892962.962962,1.37,24069793859.33865,3.41,24.92,67.82,9.26,77.08,31.58,262.84,84.98,180.5,0.47,0.17,1.46,22.02,140,163.89,113
3716,中化控股,化學生技醫療,2.39,8598150000.0,3597552301.25523,0.83,8447875336.465259,2.35,16.42,4.31,13.62,17.93,32.01,42.14,38.58,35.0,1.1,0.91,1.2,0.0,0,3.49,25
3717,聯嘉投控,汽車工業,0.46,2059036000.0,4476165217.391304,0.0,0.0,0.0,273.64,58.75,243.75,302.5,0.0,0.0,0.0,24.05,0.0,0.0,0.0,4.74,55,4.74,55
4102,永日,生技醫療業,-0.34,471219000.0,0.0,0.0,448182830.152856,0.0,19.5,14.05,13.45,27.5,0.0,0.0,0.0,17.7,0.0,0.0,0.0,15.62,121,3.77,21
4104,佳醫,化學生技醫療,4.82,8784192000.0,1822446473.0290456,1.71,9385363176.197153,5.15,17.85,4.45,15.02,19.47,77.35,100.27,91.92,70.6,1.3,1.1,1.42,0.54,99,0.0,0
4105,東洋,生技醫療業,6.26,6425722000.0,1026473162.9392972,2.61,6855404527.318467,6.68,13.82,6.39,10.81,17.2,72.21,114.9,92.3,75.4,1.22,0.96,1.52,0.13,5,6.77,161
4106,雃博,化學生技醫療,1.19,2395767000.0,2013249579.8319328,0.4,2506841934.095124,1.25,21.36,12.18,15.77,27.95,19.71,34.94,26.7,22.2,1.2,0.89,1.57,4.86,58,4.25,15
3704,合勤控,電子工業,1.56,26511091000.0,16994289102.564102,0.49,21509796994.665028,1.27,26.0,40.78,13.06,53.84,16.59,68.38,33.02,35.3,0.94,0.47,1.94,7.28,14,33.22,124
3672,康聯訊,通信網路業,-2.28,245875000.0,0.0,0.0,151312383.223929,0.0,0.0,0.0,0.0,0.0,0.0,0.0,0.0,11.5,0.0,0.0,0.0,5.26,1,0.27,14
3673,TPK-KY,光電業,2.72,62851973000.0,23107343014.70588,1.01,76529682512.29147,3.31,32.87,81.99,16.01,98.0,52.99,324.38,108.81,59.0,1.84,0.9,5.5,45.48,69,29.76,112
3675,德微,半導體業,2.66,2639156000.0,992163909.774436,1.17,2881893370.4846234,2.9,37.46,74.57,14.57,89.14,42.25,258.51,108.62,226.0,0.48,0.19,1.14,34.76,54,20.68,172
3679,新至陞,電子工業,9.77,4556910000.0,466418628.45445246,2.97,3809623988.2779183,8.17,12.18,9.97,8.19,18.16,66.91,148.37,99.53,120.5,0.83,0.56,1.23,2.05,84,7.04,34
3680,家登,半導體業,9.43,7056171000.0,748268398.7274655,4.84,8895996801.262924,11.89,43.83,42.55,23.56,66.11,280.13,786.05,521.08,560.0,0.93,0.5,1.4,47.73,152,3.13,4
3684,榮昌,通信網路業,3.5,1154111000.0,329746000.0,1.35,1219241522.4287894,3.7,22.59,28.58,12.68,41.26,46.92,152.66,83.58,59.5,1.4,0.79,2.57,5.59,14,34.63,181
3686,達能,半導體業,-0.49,82608000.0,0.0,0.0,110312700.17504376,0.0,0.0,0.0,0.0,0.0,0.0,0.0,0.0,17.6,0.0,0.0,0.0,63.46,75,38.61,179
3689,湧德,電子零組件業,7.58,5975076000.0,788268601.5831134,4.3,8166406339.133517,10.36,15.82,12.17,9.98,22.15,103.39,229.47,163.88,126.0,1.3,0.82,1.82,44.41,138,31.55,96
3691,碩禾,光電業,-7.62,5193342000.0,0.0,0.0,15185805128.643581,0.0,0.0,0.0,0.0,0.0,0.0,0.0,0.0,135.0,0.0,0.0,0.0,7.95,2,54.57,103
3693,營邦,電腦及週邊設備業,15.5,7618167000.0,491494645.16129035,5.92,5766098601.037324,11.73,15.8,38.58,8.39,46.97,98.41,550.96,185.39,603.0,0.31,0.16,0.91,30.53,58,22.94,176
3694,海華,通信網路業,4.03,11255939000.0,2793036972.7047143,1.74,13320353049.525047,4.77,19.22,17.8,13.43,31.23,64.06,148.97,91.67,60.0,1.53,1.07,2.48,26.27,19,129.58,103
3701,大眾控,電子工業,-0.38,9777674000.0,0.0,0.0,7311747961.794132,0.0,305.42,1450.39,24.61,1475.0,0.0,0.0,0.0,60.9,0.0,0.0,0.0,2.61,6,57.26,113
3702,大聯大,電子工業,5.77,989365062000.0,171467081802.42636,2.39,1219801925478.0334,7.11,15.17,10.63,10.81,21.44,76.86,152.44,107.85,113.5,0.95,0.68,1.34,9.07,68,9.41,56
3703,欣陸,建材營造,1.79,29380981000.0,16413955865.921787,0.86,41871903527.44551,2.55,19.27,20.77,11.36,32.13,28.97,81.93,49.13,20.7,2.37,1.4,3.96,3.7,55,2.2,1
3570,大塚,資訊服務業,13.95,2412857000.0,172964659.4982079,5.08,2306745595.346374,13.34,13.44,10.08,11.22,21.3,149.67,284.14,179.28,166.5,1.08,0.9,1.71,8.64,27,0.0,0
3567,逸昌,半導體業,1.06,282056000.0,266090566.03773585,0.42,275430590.05555946,1.04,17.7,20.94,10.43,31.37,10.85,32.62,18.41,29.8,0.62,0.36,1.09,2.25,63,2.45,27
3564,其陽,通信網路業,0.65,2484572000.0,3822418461.538461,0.29,2695337963.625151,0.71,123.3,382.51,49.16,431.67,34.9,306.49,87.54,40.9,2.14,0.85,7.49,86.33,27,36.67,48
3430,奇鈦科,化學工業,3.15,1678491000.0,532854285.71428573,1.27,2165627404.5628204,4.06,16.66,39.82,8.75,48.57,35.52,197.19,67.64,153.0,0.44,0.23,1.29,76.85,146,64.66,147
3432,台端,電子工業,-0.87,140540000.0,0.0,0.0,650571319.8699845,0.0,0.0,0.0,0.0,0.0,0.0,0.0,0.0,20.2,0.0,0.0,0.0,61.0,50,21.4,68
3434,哲固,光電業,0.54,690682000.0,1279040740.7407405,0.15,432676834.1701117,0.34,35.29,49.21,19.19,68.4,6.52,23.26,12.0,28.65,0.42,0.23,0.81,20.14,58,0.0,0
3437,榮創,光電業,-2.65,1654007000.0,0.0,0.0,1234872414.1935432,0.0,0.0,0.0,0.0,0.0,0.0,0.0,0.0,25.85,0.0,0.0,0.0,14.66,70,6.21,6
3438,類比科,半導體業,1.0,1012458000.0,1012458000.0,0.35,834065947.4692202,0.82,55.43,53.71,25.36,79.07,20.8,64.84,45.45,64.8,0.7,0.32,1.0,10.05,63,2.56,8
3441,聯一光,光電業,1.06,418045000.0,394382075.4716981,0.54,539710079.9002233,1.37,44.96,72.33,19.21,91.54,26.32,125.41,61.59,42.8,1.44,0.61,2.93,12.23,113,9.51,118
3443,創意,半導體業,28.13,32095619000.0,1140974724.4934235,17.96,57697273845.45692,50.57,60.27,130.83,33.13,163.96,1675.38,8291.46,3048.04,5210.0,0.59,0.32,1.59,27.76,41,57.01,182
3444,利機,電子通路業,2.14,1248999000.0,583644392.5233644,0.95,1342363056.7528265,2.3,34.06,33.37,19.41,52.78,44.64,121.39,78.34,89.0,0.88,0.5,1.36,5.26,64,16.97,116
3426,台興,電機機械,2.38,652942000.0,274345378.1512605,0.86,458294350.0321457,1.67,15.11,14.18,10.79,24.97,18.02,41.7,25.24,47.7,0.53,0.38,0.87,30.73,117,0.42,48
3447,展達,通信網路業,1.59,3636320000.0,2286993710.691824,0.46,3959791376.3792796,1.73,31.54,43.36,20.56,63.92,35.57,110.58,54.57,39.4,1.39,0.9,2.81,205.98,183,60.62,120
3455,由田,光電業,2.66,1818370000.0,683597744.3609022,0.38,764507964.2452291,1.12,26.64,97.73,13.88,111.61,15.55,125.0,29.84,260.0,0.11,0.06,0.48,58.79,183,13.66,125
3466,德晉,通信網路業,-1.28,126306000.0,0.0,0.0,476415687.1887545,0.0,0.0,0.0,0.0,0.0,0.0,0.0,0.0,41.1,0.0,0.0,0.0,76.01,37,19.24,118
3467,台灣精材,半導體業,0.58,561538000.0,968168965.5172415,0.3,802696975.0866894,0.83,62.51,69.99,41.91,111.9,34.79,92.88,51.88,72.0,0.72,0.48,1.29,11.65,21,56.83,49
3479,安勤,電腦及週邊設備業,6.46,8456230000.0,1309013931.8885448,2.19,9263236567.49258,7.08,14.61,6.32,12.21,18.53,86.45,131.19,103.42,96.2,1.08,0.9,1.36,5.19,36,19.41,158
3481,群創,光電業,0.03,223293940000.0,7443131333333.334,0.01,266133029027.61566,0.04,125.72,984.03,7.64,991.67,0.31,39.67,5.03,29.4,0.17,0.01,1.35,25.19,110,10.32,154
3483,力致,電腦及週邊設備業,3.75,9024891000.0,2406637600.0,1.42,9700300010.171595,4.03,19.65,15.93,11.21,27.14,45.18,109.37,79.19,91.3,0.87,0.49,1.2,38.07,44,20.27,123
3419,譁裕,電子工業,-1.79,1783148000.0,0.0,0.0,1775390736.7463565,0.0,0.0,0.0,0.0,0.0,0.0,0.0,0.0,14.5,0.0,0.0,0.0,20.3,62,2.75,6
3416,融程電,電腦及週邊設備業,7.4,3558156000.0,480831891.8918919,3.5,4558348141.064496,9.48,22.2,13.72,16.67,30.39,158.03,288.1,210.46,175.5,1.2,0.9,1.64,7.43,29,54.37,124
3346,麗清,汽車工業,0.12,8707292000.0,72560766666.66667,0.04,7227106657.8538885,0.1,64.85,283.79,9.34,293.13,0.93,29.31,6.48,17.45,0.37,0.05,1.68,5.83,64,0.35,1
3349,寶德,電腦及週邊設備業,-1.04,506986000.0,0.0,0.0,267558903.26715615,0.0,0.0,0.0,0.0,0.0,0.0,0.0,0.0,23.45,0.0,0.0,0.0,26.72,79,14.76,172
3354,律勝,電子零組件業,-0.84,96893000.0,0.0,0.0,108606112.33512104,0.0,0.0,0.0,0.0,0.0,0.0,0.0,0.0,35.4,0.0,0.0,0.0,47.44,166,23.2,103
3356,奇偶,光電業,6.21,1017729000.0,163885507.2463768,2.95,1110333712.1158123,6.78,12.24,19.27,5.06,24.33,34.31,164.96,82.96,55.1,1.51,0.62,2.99,29.78,27,0.0,0
3357,臺慶科,電子零組件業,10.26,6493208000.0,632866276.803119,4.85,7470401728.485903,11.8,17.41,15.54,11.05,26.59,130.39,313.76,205.4,187.5,1.1,0.7,1.67,10.19,69,66.84,168
3360,尚立,電子通路業,-0.49,6823561000.0,0.0,0.0,12354571826.181501,0.0,0.0,0.0,0.0,0.0,0.0,0.0,0.0,14.05,0.0,0.0,0.0,30.69,138,15.98,98
3362,先進光,光電業,-1.07,4303139000.0,0.0,0.0,4656513888.4959345,0.0,66.92,44.4,43.82,88.22,0.0,0.0,0.0,104.5,0.0,0.0,0.0,43.7,114,12.25,35
3363,上詮,通信網路業,0.16,1868579000.0,11678618750.0,0.05,1656305961.3773496,0.14,5439.71,7994.51,976.92,8971.43,136.77,1256.0,761.56,810.0,0.94,0.17,1.55,88.68,168,79.91,138
3372,典範,半導體業,-1.22,1065971000.0,0.0,0.0,1452391292.9716394,0.0,0.0,0.0,0.0,0.0,0.0,0.0,0.0,19.75,0.0,0.0,0.0,46.7,27,47.57,183
3373,熱映,其他電子類,-1.35,404178000.0,0.0,0.0,363230135.9626791,0.0,0.0,0.0,0.0,0.0,0.0,0.0,0.0,16.85,0.0,0.0,0.0,21.11,40,18.03,11
3374,精材,半導體業,4.99,7099998000.0,1422845290.5811622,2.33,8845773444.167675,6.22,30.8,29.16,18.21,47.37,113.27,294.64,191.59,226.5,0.85,0.5,1.3,138.46,113,14.55,179
3376,新日興,電子工業,1.66,10913580000.0,6574445783.13253,0.49,9094109324.20732,1.38,49.67,113.21,24.21,137.42,33.41,189.64,68.55,202.5,0.34,0.16,0.94,53.12,36,38.22,113
3379,彬台,電機機械,2.12,1905887000.0,899003301.8867924,0.6,1850695862.8258703,2.06,45.83,81.15,15.52,96.67,31.97,199.14,94.41,37.3,2.53,0.86,5.34,217.73,70,37.88,27
3380,明泰,通信網路業,-0.36,21928876000.0,0.0,0.0,24065066464.60635,0.0,105.74,300.84,33.6,334.44,0.0,0.0,0.0,31.9,0.0,0.0,0.0,15.28,71,31.41,175
3388,崇越電,電子零組件業,4.16,7300872000.0,1755017307.6923077,2.0,8552361336.718097,4.87,17.1,14.44,14.6,29.04,71.1,141.42,83.29,109.5,0.76,0.65,1.29,3.87,7,1.24,13
3390,旭軟,電子零組件業,-0.51,787157000.0,0.0,0.0,912741948.8731395,0.0,22.55,17.67,13.83,31.5,0.0,0.0,0.0,27.1,0.0,0.0,0.0,30.07,114,3.95,165
3402,漢科,其他電子類,7.5,5235312000.0,698041600.0,2.61,5679667339.370316,8.14,15.96,10.77,10.44,21.21,84.98,172.65,129.93,139.0,0.93,0.61,1.24,20.93,58,72.24,118
3406,玉晶光,光電業,32.84,23805806000.0,724902740.5602922,15.29,30595449713.434437,42.21,13.14,11.54,7.86,19.4,331.77,818.87,554.47,506.0,1.1,0.66,1.62,48.19,48,25.17,111
3413,京鼎,半導體業,21.44,20785570000.0,969476212.6865671,9.36,22957890713.2935,23.68,13.57,9.61,8.59,18.2,203.41,430.98,321.33,315.5,1.02,0.64,1.37,24.8,58,25.55,176
3484,崧騰,電子零組件業,4.26,4654211000.0,1092537793.4272301,1.67,4315214699.455441,3.95,13.68,23.77,9.71,33.48,38.35,132.25,54.04,44.85,1.2,0.86,2.95,24.47,134,13.45,112
3489,森寶,建材營造,-0.09,747131000.0,0.0,0.0,1216718842.044944,0.0,328.22,175.0,281.67,456.67,0.0,0.0,0.0,22.15,0.0,0.0,0.0,46.0,85,5.68,11
3490,單井,光電業,0.05,267156000.0,5343120000.0,0.02,265171679.03014666,0.05,88.01,621.03,10.97,632.0,0.55,31.6,4.4,30.95,0.14,0.02,1.02,54.01,61,13.42,174
3491,昇達科,通信網路業,7.85,2363136000.0,301036433.1210191,5.61,3834710031.0578694,12.74,79.43,216.61,33.75,250.36,429.98,3189.59,1011.9,1655.0,0.61,0.26,1.93,70.77,117,35.69,154
3532,台勝科,半導體業,1.57,12293039000.0,7829961146.496815,0.71,13523733735.271698,1.73,40.85,148.44,18.02,166.46,31.17,287.98,70.67,257.5,0.27,0.12,1.12,8.82,58,55.46,137
3533,嘉澤,電子工業,70.15,33055352000.0,471209579.47255874,27.43,40681667537.95509,86.33,22.51,27.82,12.74,40.56,1099.84,3501.54,1943.51,2700.0,0.72,0.41,1.3,21.09,184,36.25,132
3535,晶彩科,光電業,-1.06,383417000.0,0.0,0.0,2668223871.929884,0.0,111.13,281.56,39.69,321.25,0.0,0.0,0.0,128.5,0.0,0.0,0.0,235.67,84,144.9,138
3537,堡達,電子零組件業,2.51,2863383000.0,1140790039.8406374,1.11,3075080891.139765,2.7,19.02,29.12,9.69,38.81,26.16,104.79,51.35,46.7,1.1,0.56,2.24,67.9,61,22.64,174
3540,曜越,電腦及週邊設備業,0.74,5104074000.0,6897397297.2972975,0.24,5053813031.572248,0.73,124.12,263.85,34.07,297.92,24.87,217.48,90.6,27.35,3.31,0.91,7.95,31.29,27,31.77,127
3541,西柏,其他電子類,-0.83,1067915000.0,0.0,0.0,997454272.244571,0.0,0.0,0.0,0.0,0.0,0.0,0.0,0.0,23.15,0.0,0.0,0.0,20.54,64,13.07,76
3543,州巧,光電業,-2.24,3253705000.0,0.0,0.0,3099197883.4829187,0.0,38.98,29.14,25.19,54.33,0.0,0.0,0.0,39.85,0.0,0.0,0.0,0.41,138,165.24,175
3545,敦泰,半導體業,-4.64,12323034000.0,0.0,0.0,9905939783.982653,0.0,31.47,31.44,19.46,50.9,0.0,0.0,0.0,56.7,0.0,0.0,0.0,8.94,20,9.7,134
3546,宇峻,文化創意業,2.06,1333509000.0,647334466.0194174,1.35,2014335186.540536,3.11,22.74,23.43,13.63,37.06,42.39,115.26,70.71,67.6,1.05,0.63,1.71,14.68,56,0.0,0
3548,兆利,電子零組件業,2.24,9772727000.0,4362824553.571428,0.73,6465777881.009496,1.48,21.7,39.71,12.31,52.02,18.22,76.99,32.12,100.0,0.32,0.18,0.77,0.0,0,12.55,42
3550,聯穎,電子工業,-1.19,3529210000.0,0.0,0.0,4168625297.234123,0.0,0.0,0.0,0.0,0.0,0.0,0.0,0.0,21.35,0.0,0.0,0.0,95.0,139,18.89,113
3552,同致,其他電子類,0.68,8535131000.0,12551663235.294117,0.2,7395557290.516584,0.59,61.21,107.69,17.72,125.41,10.45,73.99,36.11,54.6,0.66,0.19,1.36,6.25,22,13.5,180
3555,博士旺,半導體業,1.19,249976000.0,210063865.54621848,1.85,4467549042.40413,21.27,122.55,171.17,32.35,203.52,688.08,4328.87,2606.59,224.5,11.61,3.06,19.28,9.4,62,204.89,172
3556,禾瑞亞,半導體業,2.15,961949000.0,447418139.53488374,1.11,1097691171.0072017,2.45,48.87,99.66,14.89,114.55,36.48,280.65,119.72,52.6,2.28,0.69,5.34,3.46,42,0.0,0
3558,神準,通信網路業,5.2,15050049000.0,2894240192.307692,1.85,12124694658.07803,4.19,26.56,42.18,10.05,52.23,42.11,218.84,111.28,112.0,0.99,0.38,1.95,7.67,44,8.45,6
3563,牧德,光電業,15.79,3177380000.0,201227359.0880304,7.13,3413193258.3492727,16.96,74.29,170.41,26.44,196.85,448.42,3338.58,1260.02,802.0,1.57,0.56,4.16,0.0,0,49.41,113
3531,先益,光電業,0.3,1341667000.0,4472223333.333334,0.08,983150857.8698419,0.22,32.82,88.32,8.35,96.67,1.84,21.27,7.22,23.2,0.31,0.08,0.92,5.45,51,2.71,4
4107,邦特,生技醫療業,7.77,2104303000.0,270824066.92406696,2.72,2287744776.0241046,8.45,16.69,6.11,13.78,19.89,116.44,168.07,141.01,117.0,1.21,1.0,1.44,17.07,99,0.39,4
3530,晶相光,電子工業,1.74,1759670000.0,1011304597.7011495,0.98,2706746830.84711,2.68,34.87,7.41,31.61,39.02,84.71,104.57,93.45,65.2,1.43,1.3,1.6,17.65,43,7.95,137
3529,力旺,半導體業,25.6,3895918000.0,152184296.875,11.74,4402429760.141283,28.93,105.51,112.16,59.72,171.88,1727.7,4972.49,3052.52,4335.0,0.7,0.4,1.15,52.39,184,5.54,8
3492,長盛,電子零組件業,1.77,867190000.0,489937853.1073446,0.7,745538539.9411936,1.52,17.5,23.25,11.4,34.65,17.33,52.67,26.6,22.75,1.17,0.76,2.32,77.69,61,31.37,18
3494,誠研,電子工業,-1.84,914747000.0,0.0,0.0,1126731250.1711707,0.0,0.0,0.0,0.0,0.0,0.0,0.0,0.0,8.02,0.0,0.0,0.0,67.94,79,6.78,18
3498,陽程,其他電子類,0.48,1264390000.0,2634145833.3333335,0.18,2052775067.3774924,0.78,168.71,66.88,143.54,210.42,111.96,164.13,131.59,93.5,1.41,1.2,1.76,129.77,167,52.11,103
3499,環天科,通信網路業,-1.3,369441000.0,0.0,0.0,272344343.6997471,0.0,776.74,315.0,625.0,940.0,0.0,0.0,0.0,15.5,0.0,0.0,0.0,32.09,153,7.28,104
3501,維熹,電子工業,2.99,5576047000.0,1864898662.2073576,0.9,4883187480.685113,2.62,11.83,8.37,8.01,16.38,20.99,42.92,31.0,47.35,0.65,0.44,0.91,26.06,51,3.1,49
3504,揚明光,光電業,-0.08,2687814000.0,0.0,0.0,2794295612.566132,0.0,134.69,31.13,118.63,149.76,0.0,0.0,0.0,62.1,0.0,0.0,0.0,13.05,48,40.09,137
3508,位速,其他電子類,-1.51,815255000.0,0.0,0.0,808201413.3215668,0.0,0.0,0.0,0.0,0.0,0.0,0.0,0.0,22.0,0.0,0.0,0.0,32.38,44,43.84,111
3511,矽瑪,電子零組件業,-1.19,1766342000.0,0.0,0.0,1710949818.1415448,0.0,0.0,0.0,0.0,0.0,0.0,0.0,0.0,22.0,0.0,0.0,0.0,44.47,153,4.74,6
3515,華擎,電子工業,15.28,46660001000.0,3053664986.910995,6.54,51072519566.7052,16.72,20.59,13.9,13.15,27.05,219.87,452.28,344.23,245.5,1.4,0.9,1.84,12.53,26,89.08,174
3516,亞帝歐,光電業,0.26,1043045000.0,4011711538.4615383,0.1,1263168332.8614738,0.31,94.22,116.7,47.92,164.62,14.86,51.03,29.21,20.5,1.42,0.72,2.49,33.63,168,4.14,6
3518,柏騰,其他電子業,-1.56,317765000.0,0.0,0.0,286435118.1397113,0.0,0.0,0.0,0.0,0.0,0.0,0.0,0.0,36.0,0.0,0.0,0.0,50.55,106,43.27,133
3520,華盈,電子零組件業,-0.09,1224116000.0,0.0,0.0,1343044141.9862933,0.0,129.73,282.16,40.34,322.5,0.0,0.0,0.0,15.55,0.0,0.0,0.0,48.56,57,36.21,175
3523,迎輝,光電業,-1.45,106915000.0,0.0,0.0,51870424.68581143,0.0,0.0,0.0,0.0,0.0,0.0,0.0,0.0,12.65,0.0,0.0,0.0,50.0,121,3.27,4
3526,凡甲,電子零組件業,16.98,3869677000.0,227896171.96702,8.49,4748826065.960935,20.84,16.13,9.81,12.75,22.56,265.71,470.15,336.25,395.0,0.85,0.67,1.19,18.14,170,13.22,96
3527,聚積,半導體業,-1.83,1479934000.0,0.0,0.0,1272046419.93313,0.0,795.58,1821.35,100.65,1922.0,0.0,0.0,0.0,64.2,0.0,0.0,0.0,2.34,21,19.74,50
3528,安馳,電子工業,2.3,8386277000.0,3646207391.304348,1.54,17021395687.743446,4.67,45.46,190.38,12.41,202.79,57.95,947.03,212.32,91.0,2.33,0.64,10.41,15.1,106,6.02,96
4108,懷特,化學生技醫療,-0.28,139964000.0,0.0,0.0,135534620.21876335,0.0,0.0,0.0,0.0,0.0,0.0,0.0,0.0,12.1,0.0,0.0,0.0,4.81,61,11.61,124
4109,加捷生醫,生技醫療業,0.43,487910000.0,1134674418.6046512,0.17,484558430.5959527,0.43,100.02,535.01,4.99,540.0,2.15,232.2,43.01,11.45,3.76,0.19,20.28,66.52,70,4.02,104
4584,君帆,電機機械,3.43,1326004000.0,386590087.4635568,0.93,1013564784.2918328,2.62,15.54,9.34,11.76,21.1,30.81,55.28,40.71,40.85,1.0,0.75,1.35,10.26,62,6.94,18
4585,達明,其他電子業,1.46,731904000.0,501304109.5890411,0.0,0.0,0.0,363.97,299.33,219.62,518.95,0.0,0.0,0.0,329.5,0.0,0.0,0.0,18.42,98,164.9,113
4588,玖鼎電力,其他電子業,3.2,896078000.0,280024375.0,1.39,966157431.8605496,3.45,21.71,20.88,13.82,34.7,47.68,119.72,74.89,58.7,1.28,0.81,2.04,20.95,63,2.11,11
4590,富田-創,創新板股票,2.72,84263000.0,30979044.117647056,0.0,0.0,0.0,4206.54,9133.54,26.46,9160.0,0.0,0.0,0.0,78.6,0.0,0.0,0.0,27.52,64,35.22,14
4583,台灣精銳,電機機械,12.0,2985176000.0,248764666.66666666,5.83,3325209304.8699603,13.37,52.31,55.52,20.08,75.6,268.47,1010.77,699.38,762.0,0.92,0.35,1.33,214.66,167,33.85,34
4706,大恭,化學工業,0.35,1092365000.0,3121042857.1428576,0.16,1256518802.6673043,0.4,82.74,383.65,27.78,411.43,11.11,164.57,33.1,31.1,1.06,0.36,5.29,41.06,69,0.0,0
4711,永純,化學工業,0.15,721056000.0,4807040000.0,0.07,873021310.1131982,0.18,235.43,399.42,56.83,456.25,10.23,82.12,42.38,16.05,2.64,0.64,5.12,21.41,113,23.31,146
4714,永捷,化學工業,-0.54,1423308000.0,0.0,0.0,2835987392.329639,0.0,50.52,137.87,16.77,154.64,0.0,0.0,0.0,14.75,0.0,0.0,0.0,8.78,20,36.16,138
4716,大立,化學工業,-0.88,541346000.0,0.0,0.0,515072152.28542703,0.0,69.25,199.41,15.59,215.0,0.0,0.0,0.0,15.0,0.0,0.0,0.0,94.07,168,5.92,145
4720,德淵,化學工業,0.74,3617724000.0,4888816216.216216,0.26,3624572612.862325,0.74,16.72,28.03,10.28,38.31,7.61,28.35,12.37,26.05,0.47,0.29,1.09,39.39,71,2.35,4
4721,美琪瑪,化學工業,3.01,2547493000.0,846343189.3687708,1.38,2905857135.3408055,3.43,28.07,52.98,13.17,66.15,45.17,226.89,96.29,95.5,1.01,0.47,2.38,17.01,58,70.91,77
4722,國精化,化學工業,2.01,3818702000.0,1899851741.2935326,0.82,3568739248.511263,1.88,50.96,128.34,16.59,144.93,31.19,272.47,95.8,236.5,0.41,0.13,1.15,24.71,56,310.92,148
4726,永昕,生技醫療業,-2.17,662586000.0,0.0,0.0,1441904641.7055578,0.0,0.0,0.0,0.0,0.0,0.0,0.0,0.0,28.55,0.0,0.0,0.0,33.48,49,25.31,34
4728,雙美,生技醫療業,13.32,1996037000.0,149852627.6276276,4.96,2111789937.4874668,14.09,27.14,20.34,19.32,39.66,272.22,558.81,382.38,382.0,1.0,0.71,1.46,48.08,43,0.0,0
4707,磐亞,化學工業,0.89,1382798000.0,1553705617.977528,0.25,1192469208.8670323,0.77,13.4,8.95,9.53,18.48,7.34,14.23,10.32,15.4,0.67,0.48,0.92,18.75,106,4.25,4
4581,光隆精密-KY,汽車工業,4.73,1072763000.0,226799788.5835095,1.63,1104636719.3922622,4.87,10.43,3.77,8.4,12.17,40.91,59.27,50.79,50.0,1.02,0.82,1.19,3.24,5,12.3,6
4580,捷流閥業,電機機械,5.0,2288106000.0,457621200.0,1.67,2343262551.943942,5.12,12.56,7.63,8.94,16.57,45.77,84.84,64.3,82.1,0.78,0.56,1.03,8.33,40,14.18,130
4551,智伸科,汽車工業,6.04,7704684000.0,1275609933.7748344,2.36,8822615492.27439,6.92,19.76,19.47,9.6,29.07,66.43,201.16,136.75,135.0,1.01,0.49,1.49,40.2,127,90.06,99
4552,力達-KY,電機機械,2.07,3459013000.0,1671020772.94686,0.61,3207908347.7775903,1.92,12.25,12.05,7.82,19.87,15.01,38.15,23.51,20.15,1.17,0.74,1.89,1.17,5,22.79,18
4554,橙的,其他電子類,2.15,496777000.0,231059069.76744187,0.65,488903754.88382465,2.12,18.08,28.16,12.0,40.16,25.44,85.14,38.32,30.45,1.26,0.84,2.8,5.79,61,67.8,13
4555,氣立,電機機械,0.19,1588876000.0,8362505263.157895,0.09,1704931734.3072755,0.2,191.58,38.0,174.0,212.0,34.8,42.4,38.32,42.65,0.9,0.82,0.99,0.31,5,44.73,116
4556,旭然,其他,0.92,674327000.0,732964130.4347826,0.39,725409795.936652,0.99,156.5,441.8,28.91,470.71,28.62,466.0,154.93,42.3,3.66,0.68,11.02,14.11,75,0.0,0
4557,永新-KY,汽車工業,-0.34,4059621000.0,0.0,0.0,3008253461.675354,0.0,49.51,259.7,6.97,266.67,0.0,0.0,0.0,51.0,0.0,0.0,0.0,19.17,170,4.67,13
4558,寶緯,電機機械,-0.39,1558915000.0,0.0,0.0,1206556994.7455587,0.0,161.24,3592.71,22.29,3615.0,0.0,0.0,0.0,19.4,0.0,0.0,0.0,39.36,184,15.74,91
4560,強信-KY,電機機械,3.02,1718464000.0,569027814.5695364,1.37,1800163967.0788949,3.16,18.36,24.53,10.71,35.24,33.84,111.36,58.01,35.2,1.65,0.96,3.16,1.61,19,18.74,26
4561,健椿,電機機械,0.66,945579000.0,1432695454.5454545,0.29,997966209.2610092,0.7,28.66,65.95,11.93,77.88,8.35,54.52,20.06,51.4,0.39,0.16,1.06,102.19,118,16.04,11
4562,穎漢,電機機械,-1.28,747282000.0,0.0,0.0,623053892.4192172,0.0,0.0,0.0,0.0,0.0,0.0,0.0,0.0,37.7,0.0,0.0,0.0,234.73,103,31.36,33
4563,百德,電機機械,-2.67,2857967000.0,0.0,0.0,2214285772.9386272,0.0,26.98,34.51,14.7,49.21,0.0,0.0,0.0,48.55,0.0,0.0,0.0,153.38,152,5.73,7
4564,元翎,電機機械,-1.85,1136277000.0,0.0,0.0,760800454.3988074,0.0,0.0,0.0,0.0,0.0,0.0,0.0,0.0,18.0,0.0,0.0,0.0,19.53,86,16.48,126
4566,時碩工業,電機機械,1.35,4950351000.0,3666926666.6666665,0.61,5314975753.216644,1.45,42.19,94.59,14.18,108.77,20.56,157.72,61.17,67.2,0.91,0.31,2.35,122.66,72,13.7,113
4568,科際精密,電機機械,2.01,1210528000.0,602252736.318408,0.65,1152695138.7727506,1.91,22.53,36.73,13.27,50.0,25.35,95.5,43.03,40.9,1.05,0.62,2.33,10.38,61,6.36,48
4569,六方科-KY,汽車工業,4.13,1790506000.0,433536561.7433414,1.47,1969691064.7060246,4.54,30.18,38.76,14.66,53.42,66.56,242.53,137.0,171.0,0.8,0.39,1.42,211.98,173,54.68,102
4571,鈞興-KY,電機機械,9.61,3094943000.0,322054422.4765869,3.95,2913198357.3050184,9.05,19.89,21.25,13.02,34.27,117.83,310.14,180.02,190.0,0.95,0.62,1.63,97.06,146,41.52,104
4572,駐龍,電機機械,3.02,675919000.0,223814238.410596,1.29,676624377.9337742,3.02,30.07,36.39,20.4,56.79,61.61,171.51,90.82,148.0,0.61,0.42,1.16,3.8,55,9.83,11
4576,大銀微系統,電機機械,2.01,2671021000.0,1328866169.154229,1.11,3697615716.7811775,2.78,269.46,1871.02,53.98,1925.0,150.06,5351.5,749.1,228.0,3.29,0.66,23.47,98.16,173,25.89,6
4577,達航科技,其他電子類,-0.74,728121000.0,0.0,0.0,1025190625.1886929,0.0,0.0,0.0,0.0,0.0,0.0,0.0,0.0,142.0,0.0,0.0,0.0,45.04,170,105.56,102
4729,熒茂,光電業,0.17,1096405000.0,6449441176.470588,0.05,956564159.4031851,0.15,308.81,1690.45,29.55,1720.0,4.43,258.0,46.32,20.7,2.24,0.21,12.46,104.35,166,27.86,112
4735,豪展,生技醫療業,2.43,899326000.0,370093004.1152263,1.15,1124925140.1091166,3.04,49.36,117.06,12.2,129.26,37.09,392.95,150.07,30.15,4.98,1.23,13.03,32.82,121,13.24,35
4736,泰博,化學生技醫療,15.12,4180025000.0,276456679.8941799,5.36,4553960090.298564,16.47,13.08,10.9,7.87,18.77,129.62,309.14,215.45,126.0,1.71,1.03,2.45,6.79,41,15.02,25
4771,望隼,化學生技醫療,12.71,3422496000.0,269275845.79071593,6.46,4512644544.2606535,16.76,17.58,19.21,13.31,32.52,223.08,545.04,294.68,187.5,1.57,1.19,2.91,1.76,9,2.64,14
4772,台特化,化學工業,4.21,1762870000.0,418733966.74584323,2.8,6739734231.339997,16.1,83.66,55.68,57.48,113.16,925.43,1821.88,1346.9,321.5,4.19,2.88,5.67,10.36,135,87.98,161
4806,桂田文創,文化創意業,-0.19,84386000.0,0.0,0.0,157034295.07419804,0.0,0.0,0.0,0.0,0.0,0.0,0.0,0.0,10.5,0.0,0.0,0.0,25.81,71,0.0,0
4807,日成-KY,貿易百貨,-0.24,2110985000.0,0.0,0.0,2455353370.814667,0.0,447.02,52.5,412.5,465.0,0.0,0.0,0.0,21.55,0.0,0.0,0.0,101.67,181,0.27,4
4903,聯光通,通信網路業,1.02,1463911000.0,1435206862.745098,0.4,1715750384.0789988,1.2,118.53,467.36,21.93,489.29,26.32,587.15,142.24,43.0,3.31,0.61,13.65,217.2,161,30.14,99
4904,遠傳,通信網路業,3.82,108996963000.0,28533236387.434555,1.37,118408229100.80804,4.15,25.37,6.81,22.11,28.92,91.76,120.02,105.28,95.9,1.1,0.96,1.25,13.03,135,10.02,183
4905,台聯電,通信網路業,2.76,720894000.0,261193478.2608696,1.39,937448146.3765008,3.59,27.89,27.04,16.05,43.09,57.62,154.69,100.14,79.7,1.26,0.72,1.94,9.78,2,10.2,180
4906,正文,通信網路業,-0.25,17213421000.0,0.0,0.0,11072445635.034779,0.0,27.15,30.34,14.9,45.24,0.0,0.0,0.0,40.0,0.0,0.0,0.0,35.7,69,2.62,6
4907,富宇,建材營造,1.24,3212506000.0,2590730645.16129,0.39,1751410312.6628764,0.68,16.48,36.85,5.8,42.65,3.94,29.0,11.21,37.25,0.3,0.11,0.78,53.95,85,9.69,15
4908,前鼎,通信網路業,1.97,859504000.0,436296446.70050764,0.75,882041385.4700828,2.02,36.87,104.98,21.28,126.26,42.99,255.05,74.48,229.5,0.32,0.19,1.11,16.2,160,25.2,98
4909,新復興,通信網路業,-1.25,444305000.0,0.0,0.0,128299180.20962738,0.0,58.01,284.18,6.65,290.83,0.0,0.0,0.0,54.8,0.0,0.0,0.0,121.22,145,6.76,4
4911,德英,生技醫療業,2.22,310711000.0,139959909.9099099,0.47,158010844.25538436,1.13,29.46,29.57,15.0,44.57,16.95,50.36,33.29,34.3,0.97,0.49,1.47,6.77,57,5.21,8
4912,聯德控股-KY,電子工業,2.03,6305207000.0,3106013300.492611,0.95,7217779916.837304,2.32,19.39,37.82,11.29,49.11,26.19,113.94,44.99,94.3,0.48,0.28,1.21,7.51,14,4.72,6
4915,致伸,電子工業,5.71,59308761000.0,10386823292.469353,2.0,65703596509.269485,6.33,14.62,9.92,11.07,20.99,70.07,132.87,92.53,72.5,1.28,0.97,1.83,14.92,41,13.53,182
4916,事欣科,電子工業,1.77,3495648000.0,1974942372.881356,0.95,4598871362.776324,2.33,291.11,2334.21,28.29,2362.5,65.92,5504.62,678.29,62.0,10.94,1.06,88.78,13.79,75,53.79,102
4919,新唐,半導體業,-3.97,30608546000.0,0.0,0.0,29229806566.10188,0.0,259.29,1066.3,19.41,1085.71,0.0,0.0,0.0,167.5,0.0,0.0,0.0,6.45,50,5.85,35
4923,力士,半導體業,-5.26,878441000.0,0.0,0.0,1121820011.0935023,0.0,84.62,168.77,63.73,232.5,0.0,0.0,0.0,35.6,0.0,0.0,0.0,2.04,22,29.95,41
4924,欣厚-KY,電腦及週邊設備業,0.38,758252000.0,1995400000.0,0.16,850828234.0475968,0.43,124.97,373.34,25.66,399.0,11.03,171.57,53.74,10.25,5.24,1.08,16.74,59.32,49,0.26,4
4770,上品,化學生技醫療,10.2,4769392000.0,467587450.9803922,3.26,4929244921.636704,10.54,16.68,16.19,9.25,25.44,97.49,268.14,175.84,223.5,0.79,0.44,1.2,6.72,57,32.92,123
4550,長佳,電機機械,1.34,907487000.0,677229104.4776119,0.58,934375907.7853107,1.38,10.7,11.13,7.83,18.96,10.81,26.16,14.76,24.45,0.6,0.44,1.07,7.61,21,1.72,1
4767,誠泰科技,化學工業,1.25,1012731000.0,810184800.0,0.49,865532513.3531286,1.07,14.49,13.68,8.82,22.5,9.44,24.08,15.51,26.85,0.58,0.35,0.9,0.0,0,0.0,0
4737,華廣,化學生技醫療,-2.72,1820339000.0,0.0,0.0,1651364796.2289667,0.0,623.52,137.91,579.09,717.0,0.0,0.0,0.0,58.8,0.0,0.0,0.0,0.56,168,33.33,29
4739,康普,化學工業,1.56,5867643000.0,3761309615.3846154,0.8,12826510116.9537,3.41,224.11,1195.95,27.38,1223.33,93.37,4171.56,764.23,86.9,8.79,1.07,48.0,18.39,56,64.45,141
4741,泓瀚,化學工業,0.29,482051000.0,1662244827.586207,0.1,509931343.99034935,0.31,34.24,206.22,11.71,217.93,3.63,67.56,10.61,61.6,0.17,0.06,1.1,54.32,121,5.73,28
4743,合一,生技醫療業,-2.18,109851000.0,0.0,0.0,206472032.85759595,0.0,0.0,0.0,0.0,0.0,0.0,0.0,0.0,51.6,0.0,0.0,0.0,18.15,75,29.97,117
4744,皇將,生技醫療業,2.5,1404494000.0,561797600.0,1.16,1389135522.8350394,2.47,33.63,99.26,12.41,111.67,30.65,275.82,83.06,32.4,2.56,0.95,8.51,5.04,56,68.11,124
4745,合富-KY,生技醫療業,-3.17,3136317000.0,0.0,0.0,2547427957.0132575,0.0,522.15,1997.29,32.71,2030.0,0.0,0.0,0.0,20.05,0.0,0.0,0.0,4.19,149,0.56,8
4746,台耀,化學生技醫療,3.68,4864147000.0,1321779076.0869565,1.45,4391156804.744435,3.32,57.67,232.79,13.95,246.74,46.31,819.18,191.47,54.3,3.53,0.85,15.09,17.98,70,13.74,28
4747,強生,生技醫療業,1.19,566185000.0,475785714.2857143,0.41,576075051.2487367,1.21,38.42,17.81,30.21,48.02,36.55,58.1,46.48,53.1,0.88,0.69,1.09,3.52,177,9.22,137
4749,新應材,半導體業,11.32,4226168000.0,373336395.7597173,5.25,4908090400.515083,13.15,81.14,61.73,43.12,104.85,567.03,1378.78,1066.93,1085.0,0.98,0.52,1.27,30.51,181,90.17,161
4754,國碳科,化學工業,2.87,622838000.0,217016724.73867595,0.94,524652004.53286326,2.42,14.57,7.67,12.86,20.53,31.12,49.68,35.26,37.2,0.95,0.84,1.34,5.63,8,0.0,0
4755,三福化,化學工業,3.7,4835643000.0,1306930540.5405405,1.48,4633703936.884986,3.55,31.24,25.62,20.2,45.82,71.71,162.66,110.92,139.0,0.8,0.52,1.17,4.79,61,25.12,138
4760,勤凱,其他電子類,7.17,1827244000.0,254845746.16457462,4.13,2872468121.467947,11.27,25.62,26.05,12.25,38.3,138.06,431.64,288.68,287.5,1.0,0.48,1.5,34.47,20,92.12,112
4763,材料*-KY,化學工業,24.57,13615644000.0,554157264.9572649,8.6,8991094132.117542,16.22,9.43,9.56,5.4,14.96,87.59,242.65,152.97,41.9,3.65,2.09,5.79,27.94,118,21.35,28
4764,雙鍵,化學工業,1.21,2876719000.0,2377453719.0082645,0.46,3283837083.94634,1.38,142.03,223.36,56.97,280.33,78.62,386.86,196.01,340.0,0.58,0.23,1.14,40.82,160,94.21,173
4766,南寶,化學工業,20.26,23192505000.0,1144743583.4155972,8.84,24620706122.56135,21.51,15.63,7.76,12.67,20.43,272.53,439.45,336.11,392.0,0.86,0.7,1.12,7.65,12,24.4,118
4768,晶呈科技,化學工業,0.39,1033185000.0,2649192307.6923075,0.34,2917250967.2800994,1.1,296.37,1346.52,32.97,1379.49,36.27,1517.44,326.01,507.0,0.64,0.07,2.99,0.0,0,144.95,165
3339,泰谷,光電業,-2.02,793716000.0,0.0,0.0,1222976965.7671576,0.0,132.67,105.27,85.64,190.91,0.0,0.0,0.0,58.8,0.0,0.0,0.0,26.68,41,13.36,28
4549,桓達,電機機械,3.34,1266495000.0,379190119.76047903,1.17,1054148859.3505261,2.78,30.82,30.43,19.57,50.0,54.4,139.0,85.67,101.5,0.84,0.54,1.37,113.69,40,28.27,48
4545,銘鈺,電子零組件業,0.18,2391456000.0,13285866666.666668,0.07,2319271181.236007,0.17,93.18,412.88,11.62,424.5,1.98,72.17,15.84,30.05,0.53,0.07,2.4,130.99,169,0.0,0
4155,訊映,化學生技醫療,0.58,1624178000.0,2800306896.5517244,0.17,1353620561.339888,0.48,91.4,1262.81,22.19,1285.0,10.65,616.8,43.87,13.05,3.36,0.82,47.26,6.1,70,0.0,0
4157,太景*-KY,生技醫療業,0.06,39059000.0,650983333.3333334,0.36,514680636.738561,0.79,71.5,152.8,39.7,192.5,31.36,152.08,56.49,9.45,5.98,3.32,16.09,4.68,12,1.0,12
4160,訊聯基因,生技醫療業,0.81,583563000.0,720448148.1481481,0.39,651276485.1687516,0.9,54.12,88.23,23.17,111.4,20.85,100.26,48.71,43.95,1.11,0.47,2.28,150.43,71,8.97,81
4161,聿新科,生技醫療業,1.27,843016000.0,663792125.984252,0.55,919110362.6188875,1.38,18.97,11.41,13.87,25.28,19.14,34.89,26.18,22.9,1.14,0.84,1.52,7.69,152,1.71,4
4162,智擎,生技醫療業,2.69,2517404000.0,935837918.2156134,0.52,604663901.9550805,0.65,21.81,48.43,5.01,53.44,3.26,34.74,14.17,57.8,0.25,0.06,0.6,12.77,181,3.24,14
4163,鐿鈦,生技醫療業,5.13,2386847000.0,465272319.68810916,2.29,2552163818.6676025,5.49,21.94,11.35,16.67,28.02,91.52,153.83,120.43,95.5,1.26,0.96,1.61,3.75,58,6.22,46
4164,承業醫,化學生技醫療,0.98,4406696000.0,4496628571.428572,0.36,4842018107.756733,1.08,35.87,33.24,20.34,53.58,21.97,57.87,38.74,28.5,1.36,0.77,2.03,4.76,40,21.08,112
4166,友霖,生技醫療業,0.9,734964000.0,816626666.6666666,0.0,0.0,0.0,51.55,52.14,26.33,78.47,0.0,0.0,0.0,26.05,0.0,0.0,0.0,66.67,182,20.97,35
4153,鈺緯,生技醫療業,1.53,856515000.0,559813725.4901961,0.7,888102214.9888562,1.59,26.52,21.89,19.45,41.34,30.93,65.73,42.17,29.95,1.41,1.03,2.19,38.66,133,3.82,29
4167,松瑞藥,生技醫療業,1.72,1139892000.0,662727906.9767442,0.53,1251527693.580365,1.89,33.16,244.78,10.78,255.56,20.37,483.01,62.66,18.75,3.34,1.09,25.76,23.0,54,10.28,25
4169,泰宗,化學生技醫療,0.32,0.0,0.0,0.0,0.0,0.0,503.13,98.43,453.13,551.56,0.0,0.0,0.0,156.0,0.0,0.0,0.0,12.68,154,260.08,183
4171,瑞基,農業科技業,-1.94,221826000.0,0.0,0.0,250087836.18989173,0.0,0.0,0.0,0.0,0.0,0.0,0.0,0.0,18.55,0.0,0.0,0.0,14.0,54,35.34,26
4173,久裕,生技醫療業,1.16,1518675000.0,1309202586.2068965,0.43,1653225741.8505008,1.26,17.74,7.02,14.73,21.75,18.56,27.4,22.35,18.75,1.19,0.99,1.46,3.44,68,12.67,139
4174,浩鼎,生技醫療業,-15.61,59036000.0,0.0,0.0,35279131.96267133,0.0,0.0,0.0,0.0,0.0,0.0,0.0,0.0,34.05,0.0,0.0,0.0,47.8,113,0.0,0
4175,杏一,生技醫療業,3.69,7998459000.0,2167604065.0406504,1.25,7994557312.682927,3.69,70.85,171.14,13.48,184.62,49.74,681.25,261.42,53.9,4.85,0.92,12.64,0.0,0,4.15,21
4178,永笙-KY,化學生技醫療,-0.92,0.0,0.0,0.0,0.0,0.0,0.0,0.0,0.0,0.0,0.0,0.0,0.0,19.0,0.0,0.0,0.0,0.0,0,5.13,89
4183,福永生技,生技醫療業,-0.33,508694000.0,0.0,0.0,329199717.9919748,0.0,30.73,59.88,15.66,75.54,0.0,0.0,0.0,14.0,0.0,0.0,0.0,31.58,55,5.75,46
4168,醣聯,生技醫療業,-2.16,33600000.0,0.0,0.0,40328821.47024504,0.0,0.0,0.0,0.0,0.0,0.0,0.0,0.0,22.5,0.0,0.0,0.0,24.7,61,70.59,41
4148,全宇生技-KY,生技醫療業,2.31,2922708000.0,1265241558.4415584,0.64,2975336509.25755,2.35,23.95,19.73,15.72,35.45,36.94,83.31,56.27,36.25,1.55,1.02,2.3,3.93,175,1.8,18
4111,濟生,生技醫療業,2.81,1377520000.0,490220640.569395,1.23,1485632751.8197598,3.03,16.44,14.75,10.45,25.2,31.66,76.36,49.82,30.4,1.64,1.04,2.51,24.28,14,8.15,105
4113,聯上,建材營造,-0.43,954148000.0,0.0,0.0,66172279.9188926,0.0,46.6,190.14,5.24,195.38,0.0,0.0,0.0,14.85,0.0,0.0,0.0,31.64,30,12.77,131
4114,健喬,生技醫療業,1.71,6165947000.0,3605816959.0643277,0.6,6783579151.824233,1.88,21.74,7.8,17.85,25.65,33.56,48.22,40.86,30.95,1.32,1.08,1.56,5.84,49,20.77,90
4116,明基醫,生技醫療業,1.75,5192619000.0,2967210857.142857,0.79,5740583967.623212,1.93,20.55,11.6,15.47,27.07,29.86,52.25,39.65,39.2,1.01,0.76,1.33,5.42,49,26.72,116
4119,旭富,化學生技醫療,0.91,1270033000.0,1395640659.3406594,0.38,1528518775.9000735,1.1,36.45,66.44,13.04,79.48,14.34,87.43,40.1,46.65,0.86,0.31,1.87,5.74,9,0.56,1
4120,友華,生技醫療業,-6.55,4544790000.0,0.0,0.0,4693042467.742427,0.0,65.24,159.51,21.16,180.67,0.0,0.0,0.0,46.55,0.0,0.0,0.0,26.78,56,20.29,50
4121,優盛,生技醫療業,-0.36,3836415000.0,0.0,0.0,3705287871.138837,0.0,0.0,0.0,0.0,0.0,0.0,0.0,0.0,14.65,0.0,0.0,0.0,3.51,22,13.33,39
4123,晟德,生技醫療業,12.36,1486819000.0,120292799.35275081,5.12,1836701039.7823453,15.27,11.13,15.29,3.08,18.37,47.03,280.51,169.95,37.95,4.48,1.24,7.39,30.57,61,16.36,118
4126,太醫,生技醫療業,5.28,2430779000.0,460374810.60606056,2.08,2337652582.4520707,5.08,15.46,3.68,13.67,17.35,69.44,88.14,78.53,79.8,0.98,0.87,1.1,2.87,55,3.9,50
4127,天良,生技醫療業,-0.21,495225000.0,0.0,0.0,839654601.4877789,0.0,116.86,107.7,70.94,178.64,0.0,0.0,0.0,39.8,0.0,0.0,0.0,13.36,19,1.67,4
4128,中天,生技醫療業,-1.29,1884923000.0,0.0,0.0,2025017104.3588424,0.0,0.0,0.0,0.0,0.0,0.0,0.0,0.0,15.0,0.0,0.0,0.0,12.2,76,20.46,36
4129,聯合,生技醫療業,5.83,5570321000.0,955458147.5128645,2.09,6488674454.698477,6.79,20.45,10.0,16.46,26.46,111.76,179.66,138.83,99.7,1.39,1.12,1.8,12.44,51,39.36,179
4130,健亞,生技醫療業,0.11,494127000.0,4492063636.363636,0.03,428304637.31557524,0.1,157.26,296.83,71.17,368.0,7.12,36.8,15.73,27.2,0.58,0.26,1.35,2.9,40,13.1,147
4131,浩泰,生技醫療業,-0.77,221004000.0,0.0,0.0,269870837.9902755,0.0,0.0,0.0,0.0,0.0,0.0,0.0,0.0,35.4,0.0,0.0,0.0,20.63,62,6.86,33
4133,亞諾法,化學生技醫療,-0.02,352143000.0,0.0,0.0,341960351.85902077,0.0,165.95,945.2,21.47,966.67,0.0,0.0,0.0,21.95,0.0,0.0,0.0,9.86,54,17.5,26
4137,麗豐-KY,化學生技醫療,7.13,3840036000.0,538574474.053296,2.42,4369948606.941841,8.11,17.03,10.1,12.24,22.34,99.27,181.18,138.1,107.5,1.28,0.92,1.69,0.0,0,4.74,55
4138,曜亞,生技醫療業,4.0,1384713000.0,346178250.0,1.34,1365828046.5361128,3.95,15.33,6.31,12.51,18.82,49.41,74.34,60.56,55.5,1.09,0.89,1.34,0.0,0,0.0,0
4142,國光生,化學生技醫療,-0.57,1425470000.0,0.0,0.0,1484899050.3705666,0.0,0.0,0.0,0.0,0.0,0.0,0.0,0.0,17.8,0.0,0.0,0.0,4.98,76,9.73,168
4147,中裕,生技醫療業,-0.61,584770000.0,0.0,0.0,627830462.7175575,0.0,0.0,0.0,0.0,0.0,0.0,0.0,0.0,49.7,0.0,0.0,0.0,6.11,41,20.86,42
4188,安克,生技醫療業,-0.88,37034000.0,0.0,0.0,19300694.425421175,0.0,0.0,0.0,0.0,0.0,0.0,0.0,0.0,11.85,0.0,0.0,0.0,10.1,61,36.2,34
4190,佐登-KY,化學生技醫療,-1.59,2247934000.0,0.0,0.0,2166055787.0305314,0.0,0.0,0.0,0.0,0.0,0.0,0.0,0.0,24.6,0.0,0.0,0.0,9.85,173,2.47,5
4442,竣邦-KY,紡織纖維,5.25,1675561000.0,319154476.1904762,2.0,1735282747.2629745,5.44,14.4,11.95,10.5,22.45,57.12,122.13,78.32,54.9,1.43,1.04,2.22,43.85,170,41.74,167
4502,健信,電機機械,-1.52,967569000.0,0.0,0.0,1043374100.1576831,0.0,79.22,179.87,35.8,215.67,0.0,0.0,0.0,16.45,0.0,0.0,0.0,9.43,40,11.24,96
4503,金雨,電機機械,1.37,678367000.0,495158394.1605839,0.41,808949620.1285504,1.63,101.95,143.94,26.06,170.0,42.48,277.1,166.17,45.15,3.68,0.94,6.14,12.22,58,12.01,97
4506,崇友,電機機械,6.52,6147778000.0,942910736.1963191,2.33,6439033261.686774,6.83,19.7,7.37,17.29,24.66,118.09,168.43,134.58,118.5,1.14,1.0,1.42,10.57,8,19.37,145
4510,高鋒,電機機械,-1.02,1581975000.0,0.0,0.0,2190492154.2122397,0.0,38.02,43.89,15.63,59.52,0.0,0.0,0.0,47.0,0.0,0.0,0.0,223.39,118,9.31,102
4513,福裕,電機機械,-1.79,1018902000.0,0.0,0.0,1467771479.1320438,0.0,53.77,70.48,26.04,96.52,0.0,0.0,0.0,14.7,0.0,0.0,0.0,120.26,106,4.03,4
4523,永彰,電機機械,22.27,612079000.0,27484463.403682083,14.43,1013664252.9317219,36.88,1.36,0.35,1.24,1.59,45.73,58.64,50.16,31.0,1.62,1.48,1.89,0.54,16,25.55,182
4526,東台,電機機械,1.82,5453188000.0,2996257142.857143,0.55,4105800027.162908,1.37,50.96,95.67,17.58,113.25,24.08,155.15,69.82,34.5,2.02,0.7,4.5,77.48,134,77.04,102
4527,方土霖,電機機械,3.4,3024592000.0,889585882.3529412,1.58,3153323019.3016047,3.54,12.29,6.55,9.33,15.88,33.03,56.22,43.51,42.95,1.01,0.77,1.31,41.08,169,1.84,18
4528,江興鍛,電機機械,-0.32,1570974000.0,0.0,0.0,1479069501.9182801,0.0,426.65,2322.8,32.2,2355.0,0.0,0.0,0.0,15.95,0.0,0.0,0.0,4.76,100,9.38,118
4529,淳紳,其他,-0.74,5459000.0,0.0,0.0,9923280.770915462,0.0,0.0,0.0,0.0,0.0,0.0,0.0,0.0,4.85,0.0,0.0,0.0,7.81,5,11.84,60
4532,瑞智,電機機械,2.05,20554212000.0,10026444878.04878,1.0,19252026939.080822,1.92,13.37,8.94,10.33,19.27,19.83,37.0,25.67,22.95,1.12,0.86,1.61,10.21,85,0.48,12
4533,協易機,電機機械,0.2,3938898000.0,19694490000.0,0.06,3667272262.0114,0.19,48.74,153.94,16.06,170.0,3.05,32.3,9.26,30.5,0.3,0.1,1.06,41.88,26,5.7,8
4534,慶騰,電機機械,0.0,801825000.0,0.0,0.0,928936359.8220125,0.0,1319.99,2934.13,70.87,3005.0,0.0,0.0,0.0,23.95,0.0,0.0,0.0,167.54,118,7.71,4
4535,至興,電機機械,1.3,2572197000.0,1978613076.9230769,0.41,2285901661.584583,1.16,15.46,9.89,12.11,22.0,14.05,25.52,17.93,0.0,0.0,0.0,0.0,8.54,133,3.58,32
4538,大詠城,電機機械,0.29,363369000.0,1252996551.724138,0.12,464389960.8394367,0.37,65.65,90.52,18.3,108.82,6.77,40.26,24.29,18.4,1.32,0.37,2.19,18.29,128,0.54,11
4540,全球傳動,電機機械,-0.66,2576441000.0,0.0,0.0,3559866583.7279425,0.0,0.0,0.0,0.0,0.0,0.0,0.0,0.0,68.6,0.0,0.0,0.0,50.38,99,31.74,112
4541,晟田,其他,2.03,1593892000.0,785168472.906404,1.01,2162133520.283689,2.75,739.88,3720.64,19.36,3740.0,53.24,10285.0,2034.68,47.95,42.43,1.11,214.49,11.66,167,25.59,119
4542,科嶠,電子零組件業,1.28,702589000.0,548897656.25,0.66,834120191.1671388,1.52,199.31,1132.84,27.16,1160.0,41.28,1763.2,302.94,196.0,1.55,0.21,9.0,48.95,162,16.67,123
4543,萬在,電機機械,0.53,783259000.0,1477847169.8113208,0.27,1023352152.2339256,0.69,38.59,105.55,11.12,116.67,7.67,80.5,26.63,40.4,0.66,0.19,1.99,35.06,20,2.25,6
4441,振大環球,紡織纖維,20.86,4114059000.0,197222387.34419942,0.0,0.0,0.0,19.73,11.92,13.47,25.39,0.0,0.0,0.0,195.0,0.0,0.0,0.0,61.54,168,43.45,179
4440,宜新實業,紡織纖維,1.14,1056073000.0,926379824.5614036,0.44,1319055884.3137255,1.42,17.42,28.58,9.63,38.21,13.67,54.26,24.74,18.1,1.37,0.76,3.0,9.2,161,15.32,162
4438,廣越,紡織纖維,3.06,19317257000.0,6312829084.96732,0.88,21421918985.874954,3.39,27.26,45.24,15.28,60.52,51.8,205.16,92.41,58.3,1.59,0.89,3.52,6.33,23,9.89,8
4192,杏國,生技醫療業,-1.3,27417000.0,0.0,0.0,27221490.739025746,0.0,3519.41,365.0,3340.0,3705.0,0.0,0.0,0.0,20.5,0.0,0.0,0.0,0.75,51,1.17,35
4198,欣大健康,生技醫療業,-1.97,196995000.0,0.0,0.0,151939386.2626846,0.0,8.34,5.01,6.71,11.72,0.0,0.0,0.0,38.0,0.0,0.0,0.0,6.87,1,37.58,57
4205,中華食,食品工業,4.23,2048169000.0,484200709.2198581,1.75,2113278362.0134366,4.36,20.68,6.78,17.75,24.53,77.39,106.95,90.18,74.0,1.22,1.05,1.45,0.0,0,5.5,67
4207,環泰,食品工業,1.76,5176930000.0,2941437500.0,0.62,5257826930.271445,1.79,13.95,6.38,9.91,16.29,17.74,29.16,24.97,17.9,1.39,0.99,1.63,1.29,2,21.59,147
4303,信立,塑膠工業,11.14,980754000.0,88038958.70736086,3.32,1018482669.6189998,11.57,6.39,12.48,2.66,15.14,30.78,175.17,73.93,52.3,1.41,0.59,3.35,0.0,0,2.29,14
4304,勝昱,塑膠工業,-1.16,342667000.0,0.0,0.0,355736832.3082726,0.0,0.0,0.0,0.0,0.0,0.0,0.0,0.0,30.0,0.0,0.0,0.0,161.81,105,260.62,183
4305,世坤,塑膠工業,3.83,1088255000.0,284139686.6840731,1.12,1017598044.5398633,3.58,12.34,4.37,10.43,14.8,37.34,52.98,44.17,43.85,1.01,0.85,1.21,12.24,51,8.45,82
4306,炎洲,塑膠工業,0.27,13142952000.0,48677600000.0,0.09,14423333413.33541,0.3,25.72,47.44,10.16,57.6,3.05,17.28,7.72,13.15,0.59,0.23,1.31,16.37,64,0.91,18
4401,東隆興,紡織纖維,0.73,3932210000.0,5386589041.095891,0.21,3632599947.793753,0.67,41.36,137.8,13.87,151.67,9.29,101.62,27.71,14.0,1.98,0.66,7.26,7.6,134,2.9,32
4402,郡都開發,紡織纖維,-0.13,23142000.0,0.0,0.0,19567000.813669648,0.0,213.29,108.88,168.0,276.88,0.0,0.0,0.0,13.8,0.0,0.0,0.0,77.0,103,9.11,119
4406,新昕纖,紡織纖維,-1.08,492484000.0,0.0,0.0,267156856.38265914,0.0,0.0,0.0,0.0,0.0,0.0,0.0,0.0,10.0,0.0,0.0,0.0,10.48,56,0.0,0
4413,飛寶企業,紡織纖維,0.53,797445000.0,1504613207.5471697,0.15,1038440557.187017,0.69,82.66,298.63,19.7,318.33,13.59,219.65,57.03,18.6,3.07,0.73,11.81,7.04,30,24.61,78
4414,如興,紡織纖維,0.65,14392916000.0,22142947692.30769,0.21,13371095792.304296,0.6,15.55,44.37,2.88,47.25,1.73,28.35,9.33,10.0,0.93,0.17,2.84,7.18,69,271.06,123
4416,三圓,建材營造,-0.64,1096928000.0,0.0,0.0,4481573045.582018,0.0,570.42,765.83,226.67,992.5,0.0,0.0,0.0,12.55,0.0,0.0,0.0,0.0,0,0.0,0
4417,金洲,紡織纖維,6.13,3526922000.0,575354323.0016314,2.22,3143141372.9745483,5.46,9.67,4.21,7.52,11.73,41.06,64.05,52.8,46.1,1.15,0.89,1.39,5.09,153,19.25,120
4420,光明,紡織纖維,5.52,1018773000.0,184560326.08695653,2.25,990564165.4750748,5.37,4.45,9.97,1.1,11.07,5.91,59.45,23.89,41.6,0.57,0.14,1.43,46.92,118,12.36,11
4426,利勤,紡織纖維,-2.93,875169000.0,0.0,0.0,851636990.1991351,0.0,0.0,0.0,0.0,0.0,0.0,0.0,0.0,8.04,0.0,0.0,0.0,0.58,2,0.0,0
4430,耀億,其他,-0.19,2072039000.0,0.0,0.0,2100406799.7615156,0.0,0.0,0.0,0.0,0.0,0.0,0.0,0.0,17.05,0.0,0.0,0.0,20.28,181,7.39,19
4432,銘旺實,紡織纖維,0.88,1113575000.0,1265426136.3636363,0.29,1020693682.4547209,0.81,14.83,25.69,7.08,32.77,5.73,26.54,12.01,14.15,0.85,0.4,1.88,5.76,117,1.43,4
4433,興采,紡織纖維,1.06,3437293000.0,3242729245.2830186,0.39,3550123453.0583644,1.09,171.83,484.9,16.77,501.67,18.28,546.82,187.3,19.95,9.39,0.92,27.41,2.21,36,4.78,47
4439,冠星-KY,紡織纖維,7.73,6940476000.0,897862354.4631306,2.53,7189092967.278112,8.01,26.23,48.3,10.08,58.38,80.74,467.62,210.12,99.0,2.12,0.82,4.72,4.19,51,14.92,138
3338,泰碩,電子零組件業,1.81,3671826000.0,2028633149.1712706,0.56,3297988016.9529667,1.63,23.21,36.99,13.22,50.21,21.55,81.84,37.83,72.9,0.52,0.3,1.12,25.17,22,34.77,96
3332,幸康,電子零組件業,3.53,1602596000.0,453993201.1331445,1.31,1830151678.026276,4.03,18.25,12.73,14.31,27.04,57.67,108.97,73.56,65.2,1.13,0.88,1.67,2.88,30,99.75,180
2751,王座,觀光餐旅,4.57,1733655000.0,379355579.86870897,2.2,2350664306.3685346,6.2,15.15,6.63,11.49,18.12,71.24,112.34,93.94,55.4,1.7,1.29,2.03,0.42,2,13.0,124
2762,世界健身-KY,運動休閒,3.75,10884710000.0,2902589333.3333335,1.3,11961403400.072569,4.12,28.06,17.83,19.14,36.97,78.86,152.32,115.6,74.0,1.56,1.07,2.06,12.24,175,4.79,165
2801,彰銀,金融保險,1.51,45006999000.0,29805959602.649006,0.68,50792231991.000206,1.7,14.04,3.17,12.33,15.5,20.96,26.35,23.86,20.95,1.14,1.0,1.26,2.7,65,12.26,69
2812,台中銀,金融保險,1.53,20382325000.0,13321781045.751635,0.73,24504151786.798267,1.84,13.42,4.27,11.43,15.7,21.03,28.89,24.69,19.75,1.25,1.06,1.46,11.45,71,18.95,90
2816,旺旺保,金融保險,4.66,11080464000.0,2377781974.248927,2.05,15240890551.055603,6.41,6.62,3.38,4.82,8.2,30.9,52.56,42.4,30.4,1.39,1.02,1.73,8.75,70,2.61,182
2820,華票,金融保險,1.34,2927811000.0,2184933582.089552,0.6,5081362382.015579,2.33,14.93,4.92,12.39,17.31,28.87,40.33,34.78,16.85,2.06,1.71,2.39,1.29,44,14.38,125
2832,台產,金融保險,3.91,7271628000.0,1859751406.6496162,1.67,9348105438.999628,5.03,10.25,8.27,8.34,16.61,41.95,83.55,51.54,53.6,0.96,0.78,1.56,8.39,111,35.09,179
2834,臺企銀,金融保險,1.26,35009065000.0,27784972222.22222,0.53,36317649792.4306,1.31,12.67,5.34,10.53,15.87,13.79,20.79,16.6,16.25,1.02,0.85,1.28,12.28,61,14.88,76
2836,高雄銀,金融保險,0.68,4981646000.0,7325949999.999999,0.23,5376382899.248736,0.73,21.97,11.52,17.28,28.8,12.61,21.02,16.04,11.9,1.35,1.06,1.77,12.29,63,7.23,64
2836A,高雄銀甲特,金融保險,0.0,0.0,0.0,0.0,0.0,0.0,0.0,0.0,0.0,0.0,0.0,0.0,0.0,24.45,0.0,0.0,0.0,0.0,0,4.73,153
2838,聯邦銀,金融保險,1.29,20088744000.0,15572669767.44186,0.45,22748626994.391483,1.46,14.44,4.58,12.56,17.14,18.34,25.02,21.08,20.55,1.03,0.89,1.22,9.29,65,19.47,168
2637,慧洋-KY,航運業,5.27,16585078000.0,3147073624.2884254,2.44,20188251437.31218,6.41,11.68,11.97,6.32,18.29,40.51,117.24,74.89,74.6,1.0,0.54,1.57,12.7,146,10.56,8
2641,正德,航運業,2.0,2306951000.0,1153475500.0,0.88,2786259676.781618,2.42,10.81,5.85,8.41,14.26,20.35,34.51,26.16,18.05,1.45,1.13,1.91,15.98,30,9.44,126
2642,宅配通,航運業,-1.04,3859459000.0,0.0,0.0,3227942396.483606,0.0,51.3,52.26,29.3,81.56,0.0,0.0,0.0,21.5,0.0,0.0,0.0,20.4,174,15.5,123
2643,捷迅,航運業,6.3,8198219000.0,1301304603.1746032,2.17,7161674454.982391,5.5,11.67,3.7,10.48,14.18,57.64,77.99,64.2,67.5,0.95,0.85,1.16,1.59,2,3.6,8
2645,長榮航太,航運業,5.46,18258462000.0,3344040659.340659,2.41,19859087286.452553,5.94,24.95,28.45,17.47,45.92,103.77,272.76,148.22,164.0,0.9,0.63,1.66,3.57,9,91.94,118
2646,星宇航空,航運業,0.08,43455568000.0,543194600000.0,0.03,52784860686.00762,0.1,123.98,221.02,46.2,267.22,4.62,26.72,12.4,20.6,0.6,0.22,1.3,47.24,162,2.92,96
2838A,聯邦銀甲特,金融保險,0.0,0.0,0.0,0.0,0.0,0.0,0.0,0.0,0.0,0.0,0.0,0.0,0.0,54.7,0.0,0.0,0.0,0.56,57,2.96,63
2636,台驊控股,航運業,7.74,21178369000.0,2736223385.01292,3.07,19065826520.85442,6.97,8.56,4.74,6.17,10.91,43.0,76.04,59.66,67.7,0.88,0.64,1.12,19.8,19,18.85,8
2845,遠東銀,金融保險,0.93,12771715000.0,13733026881.720428,0.33,14117396967.495184,1.03,13.99,4.83,11.63,16.46,11.98,16.95,14.41,12.2,1.18,0.98,1.39,11.9,61,8.91,102
2850,新產,金融保險,12.28,21479434000.0,1749139576.5472314,4.99,27177451202.821865,15.54,9.95,3.25,8.18,11.43,127.12,177.62,154.67,132.5,1.17,0.96,1.34,12.54,47,13.68,145
2892,第一金,金融保險,1.87,76661762000.0,40995594652.40642,0.64,82767167672.80664,2.02,15.88,4.08,13.48,17.56,27.23,35.47,32.07,29.5,1.09,0.92,1.2,5.36,82,20.83,90
2897,王道銀行,金融保險,0.61,9927851000.0,16275165573.770493,0.24,12735204321.959482,0.78,12.27,7.97,9.28,17.25,7.24,13.46,9.57,10.15,0.94,0.71,1.33,9.95,65,1.15,5
2897B,王道銀乙特,金融保險,0.0,0.0,0.0,0.0,0.0,0.0,0.0,0.0,0.0,0.0,0.0,0.0,0.0,11.9,0.0,0.0,0.0,3.88,156,1.69,18
2901,欣欣,貿易百貨,0.38,130775000.0,344144736.84210527,0.16,136899727.30355495,0.4,66.38,16.73,58.41,75.14,23.36,30.06,26.55,23.65,1.12,0.99,1.27,1.97,93,9.36,19
2903,遠百,貿易百貨,1.56,34266429000.0,21965659615.384613,0.5,33608528865.81317,1.53,15.25,7.03,12.58,19.61,19.25,30.0,23.33,22.15,1.05,0.87,1.35,6.57,2,0.82,1
2904,匯僑,其他,0.98,483900000.0,493775510.20408165,0.27,393175335.0671344,0.8,16.42,11.74,11.81,23.55,9.45,18.84,13.14,15.85,0.83,0.6,1.19,6.83,30,1.64,57
2905,三商,貿易百貨,0.71,165658168000.0,233321363380.2817,0.2,105778346490.57967,0.45,30.12,41.09,7.61,48.7,3.42,21.92,13.55,13.65,0.99,0.25,1.61,45.52,99,11.15,172
2906,高林,貿易百貨,0.47,8788364000.0,18698646808.51064,0.17,8935464838.741112,0.48,31.77,15.35,25.0,40.35,12.0,19.37,15.25,12.4,1.23,0.97,1.56,5.66,58,0.0,0
2908,特力,貿易百貨,0.23,34350128000.0,149348382608.69565,0.08,35943903964.71,0.24,68.09,131.0,29.38,160.38,7.05,38.49,16.34,20.9,0.78,0.34,1.84,4.32,35,2.18,15
2910,統領,貿易百貨,1.23,534053000.0,434189430.8943089,0.41,511126330.6883831,1.18,20.48,8.64,16.71,25.35,19.72,29.91,24.17,22.85,1.06,0.86,1.31,8.07,110,4.15,50
2891C,中信金丙特,金融保險,0.0,0.0,0.0,0.0,0.0,0.0,0.0,0.0,0.0,0.0,0.0,0.0,0.0,0.0,0.0,0.0,0.0,0.86,23,1.17,64
2912,統一超,貿易百貨,10.78,349361674000.0,32408318552.875698,3.67,365509349379.5253,11.28,23.61,7.97,19.43,27.4,219.17,309.07,266.28,232.0,1.15,0.94,1.33,10.18,139,2.87,67
2915,潤泰全,貿易百貨,9.3,2699478000.0,290266451.6129032,1.91,1408473126.43771,4.85,6.55,7.19,3.89,11.08,18.87,53.74,31.75,43.25,0.73,0.44,1.24,30.99,70,14.82,57
2923,鼎固-KY,建材營造,-3.62,3198488000.0,0.0,0.0,14993065086.932535,0.0,63.98,51.42,41.02,92.44,0.0,0.0,0.0,28.25,0.0,0.0,0.0,54.67,145,24.31,54
2926,誠品生活,文化創意業,0.54,6956487000.0,12882383333.333332,0.19,7222458313.116359,0.56,86.71,154.54,41.39,195.93,23.18,109.72,48.56,37.2,1.31,0.62,2.95,4.23,44,1.41,1
2929,淘帝-KY,貿易百貨,-1.68,1848650000.0,0.0,0.0,1519523130.0218692,0.0,55.27,69.03,35.26,104.29,0.0,0.0,0.0,5.52,0.0,0.0,0.0,48.46,168,5.53,5
2939,永邑-KY,貿易百貨,-3.68,313675000.0,0.0,0.0,239806076.23107544,0.0,0.0,0.0,0.0,0.0,0.0,0.0,0.0,24.6,0.0,0.0,0.0,41.26,138,6.13,4
2941,米斯特,居家生活類,2.36,936342000.0,396755084.7457627,0.99,933506708.2383356,2.35,19.62,14.06,12.68,26.74,29.8,62.84,46.1,30.1,1.53,0.99,2.09,1.51,72,23.49,134
2913,農林,貿易百貨,-0.15,478252000.0,0.0,0.0,436251510.506827,0.0,0.0,0.0,0.0,0.0,0.0,0.0,0.0,11.25,0.0,0.0,0.0,8.37,70,1.16,4
2891B,中信金乙特,金融保險,0.0,0.0,0.0,0.0,0.0,0.0,0.0,0.0,0.0,0.0,0.0,0.0,0.0,64.3,0.0,0.0,0.0,1.83,65,1.42,64
2891,中信金,金融保險,4.08,237902628000.0,58309467647.05882,1.42,254519875655.34518,4.36,12.08,5.69,9.5,15.19,41.42,66.23,52.66,56.4,0.93,0.73,1.17,12.23,63,13.22,60
2890,永豐金,金融保險,1.97,73621169000.0,37371151776.64975,0.85,99389400405.26624,2.66,14.21,7.29,10.91,18.2,29.02,48.41,37.8,31.0,1.22,0.94,1.56,20.04,68,17.7,183
2851,中再保,金融保險,3.66,22564473000.0,6165156557.3770485,1.14,20925478480.17258,3.39,9.27,6.51,7.2,13.71,24.41,46.48,31.42,31.15,1.01,0.78,1.49,0.0,0,0.97,1
2852,第一保,金融保險,2.92,7517297000.0,2574416780.821918,1.16,9162993660.603264,3.56,8.98,2.7,7.57,10.27,26.95,36.56,31.95,26.15,1.22,1.03,1.4,3.43,8,4.45,50
2855,統一證,金融保險,3.0,12942411000.0,4314137000.0,1.65,33248200479.795116,7.71,11.23,13.31,6.65,19.96,51.27,153.89,86.57,40.0,2.16,1.28,3.85,16.48,47,7.31,152
2867,三商壽,金融保險,0.2,94802262000.0,474011310000.0,0.06,57084230567.97993,0.12,56.39,104.37,13.63,118.0,1.64,14.16,6.77,7.83,0.86,0.21,1.81,48.7,65,40.76,172
2880,華南金,金融保險,1.9,68970569000.0,36300299473.68421,0.67,77088264371.36931,2.12,16.76,6.14,14.91,21.05,31.61,44.63,35.54,33.3,1.07,0.95,1.34,11.15,85,7.37,90
2881,富邦金,金融保險,8.37,378273064000.0,45193914456.39188,2.41,277891182300.6845,6.15,11.51,9.2,7.3,16.5,44.9,101.48,70.77,96.7,0.73,0.46,1.05,34.48,117,18.44,180
2881A,富邦特,金融保險,0.0,0.0,0.0,0.0,0.0,0.0,0.0,0.0,0.0,0.0,0.0,0.0,0.0,64.2,0.0,0.0,0.0,2.57,71,0.94,40
2881B,富邦金乙特,金融保險,0.0,0.0,0.0,0.0,0.0,0.0,0.0,0.0,0.0,0.0,0.0,0.0,0.0,62.5,0.0,0.0,0.0,1.18,159,0.48,53
2881C,富邦金丙特,金融保險,0.0,0.0,0.0,0.0,0.0,0.0,0.0,0.0,0.0,0.0,0.0,0.0,0.0,51.4,0.0,0.0,0.0,0.0,0,4.24,119
2882,國泰金,金融保險,7.06,350182831000.0,49600967563.73938,1.99,259142999017.48288,5.22,11.83,10.76,7.27,18.03,37.95,94.12,61.73,80.0,0.77,0.47,1.18,37.13,163,25.0,36
2882A,國泰特,金融保險,0.0,0.0,0.0,0.0,0.0,0.0,0.0,0.0,0.0,0.0,0.0,0.0,0.0,62.0,0.0,0.0,0.0,1.82,42,1.63,48
2882B,國泰金乙特,金融保險,0.0,0.0,0.0,0.0,0.0,0.0,0.0,0.0,0.0,0.0,0.0,0.0,0.0,61.0,0.0,0.0,0.0,0.17,2,0.0,0
2883,凱基金,金融保險,1.74,69242451000.0,39794512068.965515,0.74,54520260349.18193,1.37,11.6,9.67,7.75,17.42,10.62,23.87,15.89,22.9,0.69,0.46,1.04,28.62,163,10.56,18
2883B,凱基金乙特,金融保險,0.0,0.0,0.0,0.0,0.0,0.0,0.0,0.0,0.0,0.0,0.0,0.0,0.0,8.22,0.0,0.0,0.0,5.02,184,1.29,96
2884,玉山金,金融保險,2.12,90758158000.0,42810451886.79245,1.0,111506055732.07425,2.6,17.65,7.06,14.69,21.75,38.19,56.55,45.9,32.5,1.41,1.18,1.74,7.79,71,22.36,68
2885,元大金,金融保險,2.74,125092925000.0,45654352189.78102,1.23,173414403218.75046,3.8,14.03,10.76,9.86,20.62,37.47,78.36,53.31,56.5,0.94,0.66,1.39,8.49,47,13.99,181
2886,兆豐金,金融保險,2.36,81638284000.0,34592493220.33898,0.8,88921566688.95447,2.57,17.45,5.19,15.19,20.38,39.04,52.38,44.84,40.2,1.12,0.97,1.3,5.35,82,10.82,90
2887,台新新光金,金融保險,1.91,135353846000.0,70865887958.11519,0.99,300741196674.84735,4.24,15.18,15.93,9.93,25.86,42.1,109.65,64.37,23.8,2.7,1.77,4.61,9.09,82,22.98,160
2887E,台新新光戊特一,金融保險,0.0,0.0,0.0,0.0,0.0,0.0,0.0,0.0,0.0,0.0,0.0,0.0,0.0,51.5,0.0,0.0,0.0,0.38,34,0.6,1
2887F,台新新光戊特二,金融保險,0.0,0.0,0.0,0.0,0.0,0.0,0.0,0.0,0.0,0.0,0.0,0.0,0.0,47.6,0.0,0.0,0.0,1.16,14,0.0,0
2887G,台新新光庚特一,金融保險,0.0,0.0,0.0,0.0,0.0,0.0,0.0,0.0,0.0,0.0,0.0,0.0,0.0,42.55,0.0,0.0,0.0,11.66,182,11.66,182
2887H,台新新光庚特二,金融保險,0.0,0.0,0.0,0.0,0.0,0.0,0.0,0.0,0.0,0.0,0.0,0.0,0.0,41.1,0.0,0.0,0.0,11.06,180,11.06,180
2887I,台新新光辛特,金融保險,0.0,0.0,0.0,0.0,0.0,0.0,0.0,0.0,0.0,0.0,0.0,0.0,0.0,9.39,0.0,0.0,0.0,4.67,138,4.67,138
2887Z1,台新新光己特,金融保險,0.0,0.0,0.0,0.0,0.0,0.0,0.0,0.0,0.0,0.0,0.0,0.0,0.0,17.5,0.0,0.0,0.0,0.6,20,2.52,153
2889,國票金,金融保險,0.63,8459319000.0,13427490476.190475,0.38,17239920353.780376,1.28,26.29,16.17,19.26,35.43,24.65,45.35,33.65,14.65,2.3,1.68,3.1,10.65,61,42.56,61
2849,安泰銀,金融保險,0.79,5702683000.0,7218586075.949367,0.37,6752441847.378245,0.94,18.09,11.54,13.82,25.36,12.99,23.84,17.01,14.1,1.21,0.92,1.69,9.89,58,6.46,18
2634,漢翔,航運業,0.78,35067533000.0,44958375641.02564,0.34,36902837301.95734,0.82,38.0,60.91,17.23,78.14,14.13,64.07,31.16,50.1,0.62,0.28,1.28,5.32,9,41.62,125
2633,台灣高鐵,航運業,1.17,54550155000.0,46624064102.5641,0.51,56708097336.139206,1.22,22.97,7.71,18.65,26.36,22.75,32.16,28.02,26.55,1.06,0.86,1.21,1.32,61,5.45,40
2630,亞航,航運業,0.99,5484186000.0,5539581818.181818,0.27,4859589228.464769,0.88,58.1,110.92,40.38,151.3,35.53,133.14,51.13,50.4,1.01,0.7,2.64,6.98,7,65.98,118
2474,可成,電子工業,11.36,19119043000.0,1683014348.5915494,3.64,15150471046.432812,9.0,13.93,10.03,9.01,19.04,81.09,171.36,125.41,205.0,0.61,0.4,0.84,10.63,163,4.93,6
2476,鉅祥,電子工業,4.36,7295984000.0,1673390825.6880732,2.22,9407016262.527256,5.62,21.23,19.84,11.83,31.67,66.48,177.99,119.29,112.0,1.07,0.59,1.59,52.94,58,66.2,125
2477,美隆電,其他電子業,1.68,2484147000.0,1478658928.5714285,0.62,2596234492.5793247,1.76,19.85,77.94,12.06,90.0,21.23,158.4,34.94,21.0,1.66,1.01,7.54,83.65,174,24.2,111
2478,大毅,電子工業,3.45,5425300000.0,1572550724.637681,1.2,5840786385.877327,3.71,17.33,11.18,11.21,22.39,41.59,83.07,64.28,78.1,0.82,0.53,1.06,19.55,69,35.74,172
2480,敦陽科,資訊服務業,8.0,8422821000.0,1052852625.0,3.86,9294791570.050884,8.83,18.74,8.04,15.11,23.15,133.42,204.41,165.49,148.0,1.12,0.9,1.38,3.53,161,13.44,96
2481,強茂,半導體業,3.11,12976514000.0,4172512540.1929264,1.09,14464506494.388206,3.47,25.48,22.16,16.1,38.26,55.87,132.76,88.4,99.5,0.89,0.56,1.33,20.47,69,129.0,166
2482,連宇,其他電子業,-1.09,493731000.0,0.0,0.0,491726243.1885116,0.0,32.83,35.38,11.88,47.26,0.0,0.0,0.0,16.7,0.0,0.0,0.0,50.43,56,11.96,123
2483,百容,電子工業,0.6,1759470000.0,2932450000.0,0.28,1957249324.057192,0.67,84.9,289.5,23.83,313.33,15.97,209.93,56.88,23.8,2.39,0.67,8.82,13.9,57,18.9,139
2484,希華,電子工業,0.66,2409420000.0,3650636363.6363635,0.2,2286729918.217823,0.63,32.33,58.4,17.37,75.77,10.94,47.74,20.37,41.8,0.49,0.26,1.14,1.7,20,16.14,172
2485,兆赫,通信網路業,-0.96,2424065000.0,0.0,0.0,5923115721.71603,0.0,0.0,0.0,0.0,0.0,0.0,0.0,0.0,68.6,0.0,0.0,0.0,10.45,58,25.31,175
2486,一詮,光電業,0.22,5995655000.0,27252977272.727272,0.1,7102228276.158545,0.26,516.2,1332.69,92.31,1425.0,24.0,370.5,134.21,281.5,0.48,0.09,1.32,71.02,68,8.64,148
2488,漢平,其他電子業,4.56,3025797000.0,663551973.6842105,1.73,2894102073.4834313,4.36,9.96,5.37,7.55,12.92,32.92,56.33,43.41,51.9,0.84,0.63,1.09,11.67,128,3.52,111
2489,瑞軒,光電業,1.23,24716288000.0,20094543089.430893,0.5,26574768977.42878,1.32,16.95,35.75,6.19,41.94,8.17,55.36,22.37,41.6,0.54,0.2,1.33,73.33,68,14.49,158
2472,立隆電,電子零組件業,8.72,11200459000.0,1284456307.3394494,4.02,12383275793.336449,9.64,13.28,16.63,8.74,25.37,84.25,244.57,128.04,221.5,0.58,0.38,1.1,14.09,69,53.95,173
2471,資通,電子工業,3.62,968338000.0,267496685.08287293,1.41,1152994471.5300193,4.31,17.25,11.06,12.69,23.75,54.69,102.36,74.34,53.1,1.4,1.03,1.93,4.42,69,0.79,1
2455,全新,通信網路業,2.96,3309773000.0,1118166554.054054,1.43,4149858283.6055584,3.71,49.74,99.92,23.22,123.14,86.15,456.85,184.52,337.0,0.55,0.26,1.36,35.89,64,71.79,137
2457,飛宏,電子工業,-1.48,10144830000.0,0.0,0.0,8736817008.014343,0.0,72.38,45.1,42.4,87.5,0.0,0.0,0.0,24.25,0.0,0.0,0.0,2.77,20,24.62,172
2458,義隆,半導體業,8.54,12381283000.0,1449798946.1358316,3.64,12666202003.47966,8.74,15.59,10.36,10.62,20.98,92.82,183.37,136.27,151.5,0.9,0.61,1.21,10.13,21,9.96,21
2460,建通,電子工業,-2.99,3124587000.0,0.0,0.0,4596646287.796536,0.0,0.0,0.0,0.0,0.0,0.0,0.0,0.0,32.0,0.0,0.0,0.0,10.61,34,10.66,96
2461,光群雷,其他電子業,-0.61,5225852000.0,0.0,0.0,5409930658.854503,0.0,22.25,55.98,8.77,64.75,0.0,0.0,0.0,16.5,0.0,0.0,0.0,3.19,30,8.67,21
2462,良得電,電子工業,0.27,4119265000.0,15256537037.037037,0.08,3932204596.7435026,0.26,31.95,299.89,12.25,312.14,3.18,81.16,8.31,21.85,0.38,0.15,3.71,8.98,58,20.0,134
2464,盟立,其他電子業,-0.83,6834567000.0,0.0,0.0,6785449346.475753,0.0,97.3,102.9,53.5,156.4,0.0,0.0,0.0,122.0,0.0,0.0,0.0,92.82,63,28.64,125
2465,麗臺,電子工業,0.42,5036165000.0,11990869047.619047,0.23,6788337372.181231,0.57,161.91,101.28,128.21,229.49,73.08,130.81,92.29,80.5,1.15,0.91,1.62,9.56,26,62.65,161
2466,冠西電,光電業,0.23,974812000.0,4238313043.4782605,0.04,709161421.819028,0.17,89.32,246.49,27.68,274.17,4.71,46.61,15.18,50.4,0.3,0.09,0.92,2.71,13,12.48,15
2467,志聖,電子工業,5.49,5932149000.0,1080537158.4699454,2.65,9752793346.13054,9.03,46.48,88.93,22.81,111.74,205.97,1009.01,419.75,537.0,0.78,0.38,1.88,93.8,112,51.25,125
2468,華經,資訊服務業,1.25,2725131000.0,2180104800.0,0.41,2262734735.0570874,1.04,39.09,66.57,17.81,84.38,18.52,87.76,40.66,35.8,1.14,0.52,2.45,5.49,21,0.0,0
2491,吉祥全,光電業,1.42,177475000.0,124982394.36619718,0.44,160352514.33251432,1.28,33.14,50.37,10.17,60.54,13.02,77.49,42.41,21.1,2.01,0.62,3.67,18.12,14,40.64,105
2492,華新科,電子工業,4.74,36273718000.0,7652683122.362869,1.63,39510853493.459435,5.16,22.32,27.74,10.81,38.55,55.78,198.92,115.2,156.0,0.74,0.36,1.28,11.3,70,66.67,173
2540,愛山林,建材營造,0.97,11788830000.0,12153432989.690722,0.2,8662553537.397463,0.71,37.08,70.34,15.98,86.32,11.35,61.29,26.33,51.3,0.51,0.22,1.19,28.9,70,6.88,133
2542,興富發,建材營造,2.11,25225332000.0,11955133649.2891,2.02,174402235775.5213,14.59,24.42,48.91,11.55,60.46,168.51,882.11,356.31,40.0,8.91,4.21,22.05,40.66,71,12.52,132
2543,皇昌,建材營造,2.9,11600814000.0,4000280689.6551723,1.05,14102503783.555887,3.53,19.2,13.71,13.86,27.57,48.93,97.32,67.79,42.2,1.61,1.16,2.31,82.62,156,18.52,32
2545,皇翔,建材營造,2.14,6423225000.0,3001507009.345794,1.09,8177183970.242078,2.72,9.48,20.95,5.13,26.08,13.95,70.94,25.78,38.95,0.66,0.36,1.82,16.69,103,9.3,32
2546,根基,建材營造,9.73,20986780000.0,2156914696.8139772,3.85,24371884845.44466,11.3,10.79,6.03,8.3,14.33,93.79,161.93,121.93,85.4,1.43,1.1,1.9,0.0,0,15.47,130
2547,日勝生,建材營造,2.97,6103457000.0,2055036026.9360268,1.43,6642268833.649669,3.23,4.03,1.69,3.62,5.31,11.69,17.15,13.01,10.3,1.26,1.13,1.67,3.48,85,6.99,5
2548,華固,建材營造,10.13,17869193000.0,1763987462.9812436,3.14,5497742474509.775,3116.66,26.85,76.38,9.44,85.82,29421.27,267471.76,83696.81,123.5,677.71,238.23,2165.76,23.05,43,15.38,18
2596,綠意,建材營造,1.86,1379072000.0,741436559.1397849,0.72,910600469.0808827,1.23,53.05,157.21,13.94,171.15,17.15,210.51,65.25,28.95,2.25,0.59,7.27,39.62,85,19.33,18
2597,潤弘,建材營造,11.1,29977603000.0,2700684954.954955,5.03,36900750133.79278,13.66,15.17,11.12,10.59,21.71,144.66,296.56,207.25,156.0,1.33,0.93,1.9,43.07,85,11.53,77
2601,益航,貿易百貨,-1.63,4304913000.0,0.0,0.0,2439593041.541353,0.0,0.0,0.0,0.0,0.0,0.0,0.0,0.0,4.91,0.0,0.0,0.0,19.38,153,11.11,8
2603,長榮,航運業,31.68,386268472000.0,12192817929.292929,9.62,305773532733.4006,25.08,4.91,10.22,2.65,12.87,66.46,322.78,123.16,211.5,0.58,0.31,1.53,29.28,19,25.85,8
2605,新興,航運業,1.45,4393818000.0,3030219310.3448277,0.61,6137233728.551779,2.03,19.57,38.43,7.17,45.6,14.56,92.57,39.72,33.05,1.2,0.44,2.8,24.62,22,9.87,161
2606,裕民,航運業,4.31,15370434000.0,3566225986.0788865,1.96,18337846932.59299,5.14,13.08,9.53,8.55,18.08,43.95,92.93,67.25,65.0,1.03,0.68,1.43,7.36,2,12.02,11
2607,榮運,航運業,3.77,17370304000.0,4607507692.307693,1.18,14912293095.003666,3.24,12.3,11.64,8.67,20.31,28.09,65.8,39.84,47.9,0.83,0.59,1.37,2.39,6,94.43,161
2608,嘉里大榮,航運業,1.98,12880973000.0,6505541919.191919,0.65,12905632204.227596,1.98,15.57,7.12,10.66,17.78,21.11,35.2,30.82,30.0,1.03,0.7,1.17,5.92,26,0.4,1
2609,陽明,航運業,4.9,167762203000.0,34237184285.714283,1.52,138722324502.65848,4.05,8.46,41.15,3.08,44.23,12.47,179.13,34.25,49.9,0.69,0.25,3.59,60.34,29,23.26,14
2610,華航,航運業,2.42,208753674000.0,86261848760.33058,0.88,222397814759.74664,2.58,11.2,11.91,7.25,19.16,18.71,49.43,28.89,18.55,1.56,1.01,2.66,14.32,55,1.55,8
2611,志信,航運業,0.51,675806000.0,1325109803.9215686,0.32,1193358715.9099529,0.9,25.26,76.89,6.27,83.16,5.64,74.84,22.73,13.4,1.7,0.42,5.59,22.01,43,3.12,6
2612,中航,航運業,5.46,4864523000.0,890938278.3882784,1.91,4976483070.77943,5.59,14.84,28.73,6.58,35.31,36.78,197.38,82.95,57.9,1.43,0.64,3.41,6.43,20,46.51,175
2613,中櫃,航運業,1.14,3351986000.0,2940338596.491228,0.39,3579940004.386676,1.22,30.04,23.56,19.56,43.12,23.86,52.61,36.64,22.3,1.64,1.07,2.36,107.51,34,19.3,8
2615,萬海,航運業,11.21,142685313000.0,12728395450.490633,3.59,126720369128.14441,9.96,37.39,281.09,3.62,284.71,36.06,2835.71,372.45,76.5,4.87,0.47,37.07,103.6,142,49.7,14
2616,山隆,油電燃氣業,-6.25,8190423000.0,0.0,0.0,8099416568.979014,0.0,171.21,217.09,56.04,273.13,0.0,0.0,0.0,14.0,0.0,0.0,0.0,0.0,0,1.58,5
2617,台航,航運業,3.18,4257272000.0,1338764779.8742137,1.11,4568096937.797597,3.41,9.37,4.68,6.51,11.19,22.2,38.16,31.96,29.4,1.09,0.76,1.3,9.41,56,8.32,182
2618,長榮航,航運業,4.84,220126074000.0,45480593801.65289,1.78,237087990859.3336,5.21,7.9,3.42,6.24,9.66,32.51,50.33,41.18,35.65,1.16,0.91,1.41,4.43,50,0.81,5
2539,櫻花建,建材營造,3.78,12047638000.0,3187205820.10582,1.73,10087733321.642605,3.17,23.2,41.4,9.84,51.24,31.19,162.43,73.55,39.35,1.87,0.79,4.13,25.68,98,10.37,99
2538,基泰,建材營造,0.35,351323000.0,1003780000.0000001,0.12,238479004.6289349,0.24,26.46,38.09,11.55,49.64,2.77,11.91,6.35,9.96,0.64,0.28,1.2,32.26,69,1.83,15
2536,宏普,建材營造,3.19,11061836000.0,3467660188.0877743,0.61,5772743220.995232,1.66,25.25,47.86,6.24,54.1,10.36,89.81,41.92,20.65,2.03,0.5,4.35,1.22,83,0.97,1
2493,揚博,電子工業,4.56,3731121000.0,818228289.4736843,1.94,3822496441.8781934,4.67,19.12,23.43,11.55,34.98,53.94,163.36,89.3,131.5,0.68,0.41,1.24,23.73,177,91.54,113
2496,卓越,其他,6.13,866192000.0,141303752.03915173,2.56,917952924.9502879,6.5,11.36,4.58,9.86,14.44,64.09,93.86,73.83,65.9,1.12,0.97,1.42,10.53,68,0.0,0
2497,怡利電,汽車工業,2.37,4561289000.0,1924594514.7679324,1.02,4705317320.11714,2.44,21.83,25.51,11.57,37.08,28.23,90.48,53.27,60.7,0.88,0.47,1.49,59.5,149,8.35,112
2498,宏達電,通信網路業,7.21,3004402000.0,416699306.518724,2.63,2611569346.098599,6.27,16.62,32.57,5.44,38.01,34.11,238.32,104.23,39.35,2.65,0.87,6.06,22.5,146,90.05,118
2501,國建,建材營造,2.83,25701552000.0,9081820494.699646,1.78,35871828016.99622,3.95,12.75,11.55,7.88,19.43,31.13,76.75,50.36,23.0,2.19,1.35,3.34,3.61,30,18.38,131
2504,國產,建材營造,3.3,22511070000.0,6821536363.636364,1.04,21599599685.945957,3.17,12.05,8.61,9.04,17.65,28.66,55.95,38.2,34.75,1.1,0.82,1.61,23.75,177,7.87,34
2505,國揚,建材營造,2.37,2697064000.0,1138001687.7637131,1.89,7766533203.119665,6.82,25.42,34.93,7.47,42.4,50.95,289.17,173.38,17.75,9.77,2.87,16.29,3.6,85,0.0,0
2506,太設,建材營造,0.02,1131755000.0,56587750000.0,0.01,1114926923.0078502,0.02,66.19,448.55,3.95,452.5,0.08,9.05,1.32,8.75,0.15,0.01,1.03,5.71,93,3.83,18
2509,全坤建,建材營造,-0.79,265950000.0,0.0,0.0,245963590.39190897,0.0,205.47,245.81,56.19,302.0,0.0,0.0,0.0,13.4,0.0,0.0,0.0,11.2,71,19.8,131
2511,太子,建材營造,0.33,8409668000.0,25483842424.242424,0.19,11278460810.47067,0.44,41.21,43.82,22.31,66.13,9.82,29.1,18.13,7.81,2.32,1.26,3.73,1.16,85,0.2,1
2514,龍邦,其他,1.85,21456939000.0,11598345405.405405,0.79,23881504238.155888,2.06,6.96,4.46,4.79,9.25,9.87,19.06,14.34,13.25,1.08,0.74,1.44,45.65,70,0.28,1
2515,中工,建材營造,0.4,20623506000.0,51558765000.0,0.19,25542762466.743813,0.5,29.13,26.42,18.21,44.63,9.1,22.32,14.57,13.1,1.11,0.69,1.7,3.96,30,50.44,182
2516,新建,建材營造,1.23,10516424000.0,8549938211.382114,0.33,8282490690.974264,0.97,18.86,34.5,10.24,44.74,9.93,43.4,18.29,13.2,1.39,0.75,3.29,16.81,79,4.76,4
2520,冠德,建材營造,2.73,22083667000.0,8089255311.355311,1.25,27463668691.92267,3.4,7.51,9.32,4.21,13.53,14.31,46.0,25.53,30.05,0.85,0.48,1.53,14.6,71,10.02,8
2524,京城,建材營造,1.7,5418439000.0,3187317058.8235297,0.3,1263755797.7198808,0.4,18.99,68.78,4.79,73.57,1.92,29.43,7.6,36.85,0.21,0.05,0.8,131.29,103,3.14,8
2527,宏璟,建材營造,0.93,676610000.0,727537634.4086021,6.36,13473209126.677399,18.52,14.97,37.57,5.12,42.69,94.82,790.62,277.17,34.65,8.0,2.74,22.82,11.92,85,2.32,6
2528,皇普,建材營造,3.65,17483401000.0,4789972876.712329,0.03,230766492.74709043,0.05,7.75,73.85,3.88,77.73,0.19,3.89,0.39,22.25,0.02,0.01,0.17,7.14,71,1.72,4
2530,華建,建材營造,2.03,7464765000.0,3677224137.931035,0.07,1366139404.6545408,0.37,22.72,68.23,9.8,78.03,3.63,28.87,8.41,21.5,0.39,0.17,1.34,25.48,83,1.01,1
2534,宏盛,建材營造,2.07,5569958000.0,2690800966.183575,0.13,513778697.2516991,0.19,37.53,87.73,7.79,95.52,1.48,18.15,7.13,18.75,0.38,0.08,0.97,7.31,83,4.95,13
2535,達欣工,建材營造,6.5,20936358000.0,3220978153.8461537,2.97,34076553377.957527,10.58,11.26,4.65,8.65,13.3,91.52,140.71,119.13,74.2,1.61,1.23,1.9,5.9,84,14.29,176
2537,聯上發,建材營造,0.16,1134692000.0,7091825000.0,0.27,2560151335.821942,0.36,24.44,62.41,8.92,71.33,3.21,25.68,8.8,10.25,0.86,0.31,2.51,58.0,71,18.14,18
2945,三商家購,貿易百貨,2.14,14731084000.0,6883684112.149532,0.75,16098594665.321394,2.34,20.43,13.48,17.15,30.63,40.13,71.67,47.81,41.45,1.15,0.97,1.73,0.0,0,1.78,55
2911,麗嬰房,貿易百貨,2.15,2396308000.0,1114561860.4651163,0.55,1632881577.3120964,1.47,2.37,0.46,2.28,2.74,3.35,4.03,3.49,5.11,0.68,0.66,0.79,66.91,152,16.05,41
2948,寶陞,居家生活類,2.17,2162553000.0,996568202.764977,0.69,2118626912.0642517,2.13,19.83,10.15,15.28,25.43,32.55,54.17,42.24,0.0,0.0,0.0,0.0,0.0,0,12.66,119
3152,璟德,通信網路業,9.42,1453293000.0,154277388.53503186,3.86,1322184407.4926,8.57,22.98,32.57,10.82,43.39,92.73,371.85,196.91,174.0,1.13,0.53,2.14,1.34,9,20.17,99
3158,嘉實,資訊服務業,7.28,272213000.0,37391895.604395606,0.0,0.0,0.0,12.97,2.04,12.26,14.3,0.0,0.0,0.0,89.0,0.0,0.0,0.0,38.98,146,1.08,5
3162,精確,電機機械,1.7,7712670000.0,4536864705.882353,0.75,8147838586.438531,1.8,42.95,94.03,20.41,114.44,36.74,205.99,77.31,91.1,0.85,0.4,2.26,15.04,162,33.2,183
3163,波若威,通信網路業,6.22,2168399000.0,348617202.5723473,2.52,2763676222.132213,7.93,54.81,192.19,16.01,208.2,126.96,1651.03,434.65,1010.0,0.43,0.13,1.63,66.67,70,69.1,123
3164,景岳,化學生技醫療,0.66,409110000.0,619863636.3636364,0.19,362727284.30485356,0.59,45.32,87.11,25.67,112.78,15.15,66.54,26.74,17.4,1.54,0.87,3.82,6.01,14,6.22,74
3167,大量,電機機械,8.13,4865952000.0,598518081.1808118,5.63,10285252205.357529,17.18,114.31,363.93,30.45,394.38,523.13,6775.45,1963.81,684.0,2.87,0.76,9.91,166.24,159,200.4,105
3168,眾福科,光電業,2.61,3411575000.0,1307116858.2375479,1.16,3648536948.7247844,2.79,17.11,7.35,12.34,19.69,34.43,54.94,47.73,45.9,1.04,0.75,1.2,5.64,42,2.63,18
3169,亞信,半導體業,3.67,937780000.0,255525885.5585831,1.52,888431470.9608442,3.48,27.99,15.86,21.2,37.06,73.78,128.97,97.39,112.5,0.87,0.66,1.15,12.7,36,15.34,133
3176,基亞,生技醫療業,-0.78,1594260000.0,0.0,0.0,937159574.9367211,0.0,0.0,0.0,0.0,0.0,0.0,0.0,0.0,33.05,0.0,0.0,0.0,18.4,35,10.76,11
3188,鑫龍騰,建材營造,4.05,2525975000.0,623697530.8641976,3.37,22636789337.75286,36.29,12.59,17.57,6.01,23.58,218.1,855.72,456.76,24.35,18.76,8.96,35.14,63.18,85,6.75,26
3189,景碩,半導體業,3.51,38607846000.0,10999386324.786325,1.72,49287580148.90492,4.48,274.33,886.55,63.45,950.0,284.26,4256.0,1228.98,458.0,2.68,0.62,9.29,38.22,70,96.87,162
3191,雲嘉南,電子零組件業,0.51,174633000.0,342417647.0588235,0.16,165550066.24556273,0.48,34.41,16.63,26.37,43.0,12.66,20.64,16.52,13.6,1.21,0.93,1.52,6.43,19,28.82,158
3205,佰研,生技醫療業,-1.06,378949000.0,0.0,0.0,455326223.6804855,0.0,0.0,0.0,0.0,0.0,0.0,0.0,0.0,56.4,0.0,0.0,0.0,19.45,55,157.38,124
3206,志豐,電子零組件業,2.02,3236211000.0,1602084653.4653466,0.59,2806097491.334034,1.75,12.47,12.59,7.71,20.3,13.49,35.52,21.82,35.95,0.61,0.38,0.99,6.33,64,5.18,19
3207,耀勝,電子零組件業,-0.82,1826510000.0,0.0,0.0,2341041292.5694957,0.0,451.53,976.62,81.71,1058.33,0.0,0.0,0.0,59.5,0.0,0.0,0.0,5.14,72,10.48,29
3209,全科,電子工業,3.02,46097848000.0,15264188079.470198,1.33,57348418112.841255,3.76,13.58,8.8,9.77,18.57,36.74,69.82,51.05,55.0,0.93,0.67,1.27,22.36,154,1.31,35
3211,順達,電腦及週邊設備業,9.04,12836889000.0,1420009845.1327436,4.15,17330875679.74736,12.2,20.25,40.94,5.74,46.68,70.03,569.5,247.04,381.5,0.65,0.18,1.49,28.72,184,115.96,127
3149,正達,電子工業,-2.88,2236900000.0,0.0,0.0,2564273894.1993704,0.0,0.0,0.0,0.0,0.0,0.0,0.0,0.0,48.25,0.0,0.0,0.0,87.76,162,46.9,153
3090,日電貿,電子工業,5.47,15451185000.0,2824713893.9670935,2.66,18925770539.174038,6.7,17.36,12.68,12.43,25.11,83.28,168.24,116.31,113.5,1.02,0.73,1.48,5.74,16,38.22,173
3092,鴻碩,電子工業,-5.14,1651362000.0,0.0,0.0,1508622853.2904146,0.0,0.0,0.0,0.0,0.0,0.0,0.0,0.0,30.95,0.0,0.0,0.0,3.96,177,13.3,7
3093,港建*,其他電子類,1.22,2019834000.0,1655601639.3442624,0.22,900245803.3790457,0.54,23.03,47.73,14.24,61.97,7.69,33.46,12.44,59.2,0.21,0.13,0.57,14.71,48,26.41,96
3094,聯傑,半導體業,0.26,192361000.0,739850000.0,0.11,180073706.95639053,0.24,136.61,180.93,51.15,232.08,12.28,55.7,32.79,30.9,1.06,0.4,1.8,27.87,63,19.0,13
3095,及成,通信網路業,-2.0,612881000.0,0.0,0.0,713429252.7013057,0.0,28.58,51.85,12.56,64.41,0.0,0.0,0.0,44.8,0.0,0.0,0.0,110.82,79,11.26,4
3105,穩懋,半導體業,4.0,16253435000.0,4063358750.0,1.95,21611452641.188812,5.32,103.58,429.72,27.04,456.76,143.85,2429.96,551.04,492.5,1.12,0.29,4.93,27.92,70,51.94,181
3114,好德,電子零組件業,2.23,3038288000.0,1362460986.5470853,0.72,3281288311.217822,2.41,18.36,23.73,10.56,34.29,25.45,82.64,44.25,26.0,1.7,0.98,3.18,6.36,61,16.37,158
3115,富榮綱,電子零組件業,-0.46,4770000.0,0.0,0.0,5157251.782775644,0.0,0.0,0.0,0.0,0.0,0.0,0.0,0.0,9.66,0.0,0.0,0.0,14.85,75,10.69,19
3118,進階,生技醫療業,2.46,730311000.0,296874390.24390244,0.8,695934978.645217,2.34,15.65,5.34,13.05,18.39,30.54,43.03,36.62,33.8,1.08,0.9,1.27,9.75,30,5.81,1
3122,笙泉,半導體業,-1.75,331361000.0,0.0,0.0,304895030.5399116,0.0,0.0,0.0,0.0,0.0,0.0,0.0,0.0,40.2,0.0,0.0,0.0,52.5,41,38.67,61
3128,昇銳,光電業,1.36,1127451000.0,829008088.2352941,0.44,975123690.6019685,1.18,24.38,32.43,10.56,42.99,12.46,50.73,28.76,23.7,1.21,0.53,2.14,11.07,79,92.34,60
3131,弘塑,其他電子類,45.48,5997783000.0,131877374.6701847,19.74,9019200184.341928,68.39,53.01,59.35,25.97,85.32,1776.09,5835.03,3625.11,2940.0,1.23,0.6,1.98,99.53,113,91.89,48
3135,凌航,半導體業,6.28,4559917000.0,726101433.1210191,0.0,0.0,0.0,85.04,201.77,14.9,216.67,0.0,0.0,0.0,177.0,0.0,0.0,0.0,10.71,166,65.55,183
3138,耀登,通信網路業,1.54,1696087000.0,1101355194.8051949,0.54,2109051470.2217305,1.91,59.45,154.19,22.64,176.83,43.24,337.75,113.54,155.0,0.73,0.28,2.18,8.98,13,19.02,138
3141,晶宏,半導體業,0.54,1635291000.0,3028316666.6666665,0.21,1691879160.601476,0.56,80.51,104.57,41.38,145.95,23.17,81.73,45.09,55.0,0.82,0.42,1.49,14.08,28,11.91,28
3147,大綜,資訊服務業,8.86,8382879000.0,946148871.3318285,3.57,7549980140.158803,7.98,17.41,18.55,11.52,30.07,91.93,239.96,138.94,179.0,0.78,0.51,1.34,18.37,114,0.0,0
3213,茂訊,電腦及週邊設備業,7.4,2852455000.0,385466891.8918919,3.19,2996773495.3634167,7.77,12.37,12.36,8.31,20.67,64.57,160.61,96.1,117.5,0.82,0.55,1.37,17.0,43,17.65,124
3217,優群,電子零組件業,12.69,4088779000.0,322204806.93459415,4.0,4373633488.520925,13.57,14.4,9.87,10.04,19.91,136.24,270.18,195.41,176.0,1.11,0.77,1.54,13.25,49,42.36,180
3218,大學光,生技醫療業,12.31,4192529000.0,340579122.6645004,5.4,4201463070.2134166,12.34,15.61,10.94,10.03,20.97,123.77,258.77,192.58,132.5,1.45,0.93,1.95,5.93,12,22.75,76
3290,東浦,電子零組件業,2.21,2309567000.0,1045052941.1764706,1.06,3754583507.8078527,3.59,19.87,14.56,11.88,26.44,42.65,94.92,71.32,46.6,1.53,0.92,2.04,53.3,166,76.9,167
3293,鈊象,文化創意業,38.51,21791052000.0,565854375.4868865,18.27,25258903466.94654,44.64,23.37,23.7,13.19,36.89,588.8,1646.77,1043.16,735.0,1.42,0.8,2.24,50.5,65,4.43,39
3294,英濟,電子零組件業,-0.48,3657141000.0,0.0,0.0,3363475911.1094,0.0,68.28,51.43,38.79,90.22,0.0,0.0,0.0,30.25,0.0,0.0,0.0,17.79,70,120.56,118
3296,勝德,電子工業,0.61,1601750000.0,2625819672.1311474,0.24,1507697395.7276535,0.57,180.7,950.27,16.4,966.67,9.35,551.0,103.0,23.45,4.39,0.4,23.5,21.63,58,22.75,99
3297,杭特,光電業,0.47,195991000.0,417002127.6595745,0.21,245928054.70807803,0.59,377.3,1257.0,63.0,1320.0,37.17,778.8,222.6,31.8,7.0,1.17,24.49,101.53,58,118.83,63
3303,岱稜,其他電子類,4.57,3015706000.0,659891903.7199124,2.01,3180539256.135704,4.82,13.26,12.74,9.46,22.2,45.6,107.0,63.91,52.0,1.23,0.88,2.06,103.68,184,7.39,8
3305,昇貿,其他電子業,3.16,10218236000.0,3233618987.341772,1.96,16124176608.524889,4.99,29.58,38.86,14.61,53.47,72.9,266.82,147.6,115.0,1.28,0.63,2.32,23.04,43,142.52,127
3306,鼎天,通信網路業,1.95,1067643000.0,547509230.7692307,0.71,1122081201.0380538,2.05,20.78,22.54,11.35,33.89,23.27,69.47,42.6,47.5,0.9,0.49,1.46,18.62,63,61.5,168
3308,聯德,電子工業,0.68,6815000.0,10022058.823529411,0.36,9975539.495114006,1.0,28.35,48.49,4.21,52.7,4.21,52.7,28.35,21.25,1.33,0.2,2.48,20.7,23,5.9,33
3310,佳穎,電子零組件業,3.55,2657456000.0,748579154.9295775,0.99,1175049272.8518584,1.57,24.5,20.23,16.17,36.4,25.39,57.15,38.47,68.9,0.56,0.37,0.83,0.0,0,0.47,1
3311,閎暉,通信網路業,1.62,2377310000.0,1467475308.6419752,0.62,2136998745.7728581,1.46,37.21,47.91,19.68,67.59,28.73,98.68,54.33,32.4,1.68,0.89,3.05,2.76,23,8.04,83
3312,弘憶股,電子工業,1.74,20699880000.0,11896482758.62069,0.83,22250477511.269848,1.87,31.65,64.98,14.94,79.92,27.94,149.45,59.19,41.75,1.42,0.67,3.58,130.28,64,4.96,8
3317,尼克森,半導體業,1.8,2705899000.0,1503277222.222222,0.81,2962201019.320554,1.97,19.22,27.11,13.19,40.3,25.98,79.39,37.86,62.2,0.61,0.42,1.28,7.53,40,35.38,172
3321,同泰,電子工業,-2.77,2164390000.0,0.0,0.0,2124069531.1246161,0.0,0.0,0.0,0.0,0.0,0.0,0.0,0.0,16.5,0.0,0.0,0.0,42.02,82,252.06,183
3322,建舜電,電子零組件業,-0.96,2983337000.0,0.0,0.0,3150104579.4701686,0.0,68.1,68.16,37.29,105.45,0.0,0.0,0.0,13.1,0.0,0.0,0.0,6.81,21,29.39,97
3323,加百裕,電腦及週邊設備業,-1.92,5105491000.0,0.0,0.0,4335761413.953301,0.0,0.0,0.0,0.0,0.0,0.0,0.0,0.0,34.75,0.0,0.0,0.0,33.2,58,85.53,126
3324,雙鴻,其他電子類,28.2,21817975000.0,773687056.7375886,18.37,39802190159.622665,51.44,38.64,46.79,18.7,65.49,961.93,3368.81,1987.85,1065.0,1.87,0.9,3.16,14.92,21,110.58,179
3325,旭品,電腦及週邊設備業,-1.64,1256726000.0,0.0,0.0,1069356983.9333922,0.0,271.28,124.09,196.82,320.91,0.0,0.0,0.0,12.6,0.0,0.0,0.0,9.97,26,16.67,12
3289,宜特,其他電子類,4.81,4777382000.0,993218711.0187111,1.53,4831936361.108524,4.86,23.02,30.98,12.78,43.76,62.11,212.67,111.89,175.5,0.64,0.35,1.21,47.74,168,31.86,123
3088,艾訊,電腦及週邊設備業,4.68,6889683000.0,1472154487.1794872,1.99,8718085807.86025,5.92,15.45,10.79,11.45,22.24,67.78,131.66,91.47,124.5,0.73,0.54,1.06,34.75,27,3.15,4
3288,點晶,電子零組件業,-0.64,77563000.0,0.0,0.0,70037293.39594564,0.0,782.17,732.86,194.64,927.5,0.0,0.0,0.0,14.85,0.0,0.0,0.0,26.62,48,10.24,26
3285,微端,其他電子類,0.7,662942000.0,947060000.0000001,0.33,969711789.8929945,1.02,36.86,70.89,20.25,91.14,20.66,92.96,37.59,29.25,1.29,0.71,3.18,33.72,58,20.15,139
3221,台嘉碩,通信網路業,0.07,2201258000.0,31446542857.142853,0.02,2282641733.4197774,0.07,305.62,1830.71,16.79,1847.5,1.18,129.33,21.39,45.2,0.47,0.03,2.86,12.06,70,26.2,165
3224,三顧,電子通路業,-1.54,1500335000.0,0.0,0.0,1614706821.7670429,0.0,0.0,0.0,0.0,0.0,0.0,0.0,0.0,43.2,0.0,0.0,0.0,22.36,26,28.24,109
3226,龍鋒,電機機械,0.24,1641105000.0,6837937500.0,0.08,1021032750.5921208,0.15,28.46,180.09,6.79,186.88,1.02,28.03,4.27,41.05,0.1,0.02,0.68,5.35,63,3.74,4
3227,原相,半導體業,12.38,9123528000.0,736957027.4636511,5.22,8889283762.80871,12.06,19.49,16.48,13.86,30.34,167.15,365.9,235.05,226.5,1.04,0.74,1.62,78.32,141,20.99,148
3228,金麗科,半導體業,-2.03,306400000.0,0.0,0.0,302427192.14709544,0.0,0.0,0.0,0.0,0.0,0.0,0.0,0.0,242.0,0.0,0.0,0.0,35.73,26,29.0,14
3229,晟鈦,電子工業,-0.43,1001150000.0,0.0,0.0,1497865109.975715,0.0,122.54,120.0,79.64,199.64,0.0,0.0,0.0,40.75,0.0,0.0,0.0,130.29,61,32.58,19
3230,錦明,光電業,-1.6,415534000.0,0.0,0.0,338967722.43058896,0.0,13.28,12.79,6.88,19.67,0.0,0.0,0.0,34.2,0.0,0.0,0.0,402.79,160,60.58,124
3231,緯創,電子工業,9.02,2036922031000.0,225822841574.2794,6.13,4815501252226.416,21.32,18.74,16.36,12.39,28.75,264.15,612.95,399.48,146.5,2.73,1.8,4.18,7.39,184,45.79,152
3232,昱捷,電子通路業,0.29,909225000.0,3135258620.6896553,0.1,837355986.5504546,0.27,94.09,128.89,53.11,182.0,14.34,49.14,25.4,20.8,1.22,0.69,2.36,2.95,98,0.33,1
3234,光環,通信網路業,-1.4,673287000.0,0.0,0.0,658975952.7085207,0.0,0.0,0.0,0.0,0.0,0.0,0.0,0.0,98.0,0.0,0.0,0.0,15.99,154,28.01,175
3236,千如,電子零組件業,0.32,2009218000.0,6278806250.0,0.16,2578585691.8132763,0.41,160.65,424.44,59.31,483.75,24.32,198.34,65.86,34.0,1.94,0.72,5.83,4.76,70,55.82,174
3257,虹冠電,半導體業,3.43,1035739000.0,301964723.03207,0.83,741170080.0297431,2.45,21.16,19.23,13.26,32.49,32.49,79.6,51.84,54.9,0.94,0.59,1.45,16.85,168,44.73,172
3259,鑫創,半導體業,-2.36,283935000.0,0.0,0.0,254966324.8558332,0.0,0.0,0.0,0.0,0.0,0.0,0.0,0.0,17.5,0.0,0.0,0.0,41.61,57,8.26,7
3260,威剛,半導體業,23.14,50120672000.0,2165975453.759723,19.61,127453522004.95076,58.84,14.69,27.85,6.8,34.65,400.11,2038.81,864.1,448.5,1.93,0.89,4.55,0.0,0,136.99,172
3264,欣銓,半導體業,6.0,13781453000.0,2296908833.3333335,2.3,17064126528.897984,7.43,17.56,28.11,10.42,38.53,77.42,286.28,130.49,224.0,0.58,0.35,1.28,4.79,43,33.07,179
3265,台星科,半導體業,5.48,4581276000.0,835999270.0729927,2.67,5661035547.751854,6.77,19.54,22.05,11.28,33.33,76.37,225.64,132.27,179.0,0.74,0.43,1.26,7.52,44,15.64,67
3266,昇陽,建材營造,0.58,1779877000.0,3068753448.275862,0.26,1743322446.0062757,0.57,10.91,16.84,7.56,24.4,4.31,13.91,6.22,13.75,0.45,0.31,1.01,14.96,26,0.31,4
3268,海德威,半導體業,-1.33,927369000.0,0.0,0.0,1001573937.7246523,0.0,72.09,45.38,45.0,90.38,0.0,0.0,0.0,18.35,0.0,0.0,0.0,31.65,30,0.0,0
3272,東碩,電腦及週邊設備業,-7.68,2947040000.0,0.0,0.0,2588600154.1910014,0.0,0.0,0.0,0.0,0.0,0.0,0.0,0.0,18.45,0.0,0.0,0.0,19.44,168,9.06,19
3276,宇環,電子零組件業,0.21,504802000.0,2403819047.6190476,0.1,549725102.2450043,0.23,79.46,112.01,24.66,136.67,5.67,31.43,18.27,16.2,1.13,0.35,1.94,0.0,0,37.89,104
3284,太普高,其他,2.38,858605000.0,360758403.3613446,0.82,860515318.9662516,2.39,17.23,39.42,6.8,46.22,16.25,110.47,41.18,17.7,2.33,0.92,6.24,109.1,99,0.51,4
3287,廣寰科,電腦及週邊設備業,1.5,907187000.0,604791333.3333334,0.66,1051497772.818745,1.74,24.79,39.03,12.11,51.14,21.07,88.98,43.13,28.4,1.52,0.74,3.13,13.49,41,5.98,4
3086,華義*,文化創意業,-0.64,156507000.0,0.0,0.0,135444559.08213598,0.0,321.76,1113.6,53.07,1166.67,0.0,0.0,0.0,39.9,0.0,0.0,0.0,133.06,138,51.27,174
3083,網龍,文化創意業,0.43,380390000.0,884627906.9767442,0.18,492423677.29634935,0.56,622.76,3722.22,37.78,3760.0,21.16,2105.6,348.75,26.9,12.96,0.79,78.28,14.84,51,0.0,0
3019,亞光,電子工業,6.6,26484102000.0,4012742727.2727275,2.69,29717810208.918903,7.41,24.05,20.25,18.26,38.51,135.31,285.36,178.22,144.0,1.24,0.94,1.98,103.56,140,37.2,123
3021,鴻名,電子工業,0.32,3240411000.0,10126284375.0,0.1,3677549353.469656,0.36,44.95,103.19,14.46,117.65,5.21,42.35,16.18,16.3,0.99,0.32,2.6,66.45,170,15.61,102
3022,威強電,電子工業,4.62,6419504000.0,1389503030.3030303,1.61,6169081004.605876,4.44,11.41,8.54,7.72,16.26,34.28,72.19,50.66,73.7,0.69,0.47,0.98,23.83,71,4.44,6
3023,信邦,電子工業,13.02,31359136000.0,2408535791.09063,5.78,32441295715.924397,13.47,18.29,12.22,12.69,24.91,170.93,335.54,246.34,302.5,0.81,0.57,1.11,18.56,76,10.6,102
3024,憶聲,光電業,0.27,2320313000.0,8593751851.85185,0.04,559325336.895737,0.07,37.82,145.68,12.65,158.33,0.89,11.08,2.65,14.25,0.19,0.06,0.78,26.17,85,1.61,13
3025,星通,通信網路業,3.45,559413000.0,162148695.6521739,2.15,1098318199.9932268,6.77,19.99,25.17,11.88,37.05,80.43,250.83,135.32,63.3,2.14,1.27,3.96,26.44,153,4.02,6
3026,禾伸堂,電子工業,6.58,13298266000.0,2021013069.9088147,3.06,14677574193.124372,7.26,18.33,30.32,12.21,42.53,88.64,308.77,133.11,330.0,0.4,0.27,0.94,1.84,44,42.26,168
3027,盛達,通信網路業,-1.05,2214276000.0,0.0,0.0,1157694926.2661536,0.0,49.85,42.9,29.68,72.58,0.0,0.0,0.0,19.2,0.0,0.0,0.0,0.0,0,21.12,8
3028,增你強,電子工業,3.15,40725187000.0,12928630793.650793,1.65,72919556060.74059,5.64,16.98,14.0,11.33,25.33,63.9,142.86,95.78,79.8,1.2,0.8,1.79,0.83,21,13.51,179
3029,零壹,資訊服務業,6.54,24933295000.0,3812430428.134557,2.86,25801541967.263203,6.77,21.21,22.36,14.26,36.62,96.54,247.92,143.59,98.3,1.46,0.98,2.52,53.03,62,5.24,6
3030,德律,其他電子業,10.49,8268662000.0,788242326.0247855,5.43,11222827029.7628,14.24,21.22,28.69,10.78,39.47,153.51,562.05,302.13,389.5,0.78,0.39,1.44,59.92,26,105.74,113
3031,佰鴻,光電業,1.09,1133837000.0,1040217431.1926605,0.38,1260164024.5893433,1.21,18.45,18.01,12.95,30.96,15.67,37.46,22.33,29.55,0.76,0.53,1.27,26.42,162,18.31,167
3032,偉訓,電子工業,-7.94,10818284000.0,0.0,0.0,13265864396.89568,0.0,14.99,16.54,9.21,25.75,0.0,0.0,0.0,70.7,0.0,0.0,0.0,0.0,0,74.71,81
3018,隆銘綠能,電子工業,-2.14,562789000.0,0.0,0.0,185307944.94517097,0.0,0.0,0.0,0.0,0.0,0.0,0.0,0.0,10.15,0.0,0.0,0.0,128.21,121,3.12,33
3017,奇鋐,電腦及週邊設備業,49.17,132329140000.0,2691257677.4455967,29.21,266237647505.64954,98.93,35.92,44.05,16.15,60.2,1597.72,5955.59,3553.68,2445.0,1.45,0.65,2.44,22.32,21,184.22,179
2949,欣新網,數位雲端類,3.99,5647538000.0,1415423057.6441102,1.34,6589544490.126652,4.66,20.45,12.51,14.44,26.95,67.29,125.59,95.32,52.4,1.82,1.28,2.4,0.1,2,3.93,5
3002,歐格,電子工業,0.35,693459000.0,1981311428.5714288,0.16,811451361.9498695,0.41,101.59,265.23,44.77,310.0,18.36,127.1,41.65,17.8,2.34,1.03,7.14,14.48,58,116.67,183
3003,健和興,電子工業,0.98,4364959000.0,4454039795.918367,0.38,5250928107.231891,1.18,25.39,44.81,11.86,56.67,13.99,66.87,29.96,55.8,0.54,0.25,1.2,26.41,131,3.02,6
3004,豐達科,鋼鐵工業,5.85,3988571000.0,681807008.5470086,2.98,4988109572.380806,7.32,16.9,12.93,10.84,23.77,79.35,174.0,123.7,117.0,1.06,0.68,1.49,9.77,6,59.41,19
3005,神基,電子工業,8.43,39125415000.0,4641211743.772243,3.5,39994249683.70699,8.62,16.01,9.75,11.49,21.24,99.04,183.09,138.0,98.2,1.41,1.01,1.86,20.1,55,49.32,118
3006,晶豪科,半導體業,0.87,13448840000.0,15458436781.609196,0.91,38010473207.0474,2.46,72.29,220.96,20.15,241.11,49.57,593.13,177.84,202.0,0.88,0.25,2.94,13.39,43,91.83,175
3008,大立光,光電業,159.41,61150341000.0,383604171.6328963,69.11,65938410098.4454,171.89,14.36,11.34,9.27,20.61,1593.42,3542.65,2468.82,2570.0,0.96,0.62,1.38,43.18,64,17.8,152
3010,華立,電子工業,8.84,77983858000.0,8821703393.66516,3.22,88743320179.21169,10.06,13.45,8.0,9.17,17.17,92.25,172.73,135.35,133.5,1.01,0.69,1.29,15.73,69,14.77,21
3011,今皓,電子工業,-2.55,786448000.0,0.0,0.0,497452963.0293226,0.0,0.0,0.0,0.0,0.0,0.0,0.0,0.0,13.45,0.0,0.0,0.0,9.44,166,22.94,103
3013,晟銘電,電子工業,4.03,10402632000.0,2581298263.027295,1.59,12350128324.823563,4.78,42.79,65.2,21.49,86.69,102.72,414.38,204.53,107.0,1.91,0.96,3.87,117.91,167,47.73,47
3014,聯陽,半導體業,9.51,6951047000.0,730919768.6645637,3.88,6902498720.411663,9.44,13.97,7.1,10.97,18.07,103.56,170.58,131.89,135.5,0.97,0.76,1.26,8.55,57,10.59,50
3015,全漢,電子工業,1.86,13156678000.0,7073482795.698924,0.71,12558581520.128727,1.78,28.07,24.77,15.96,40.73,28.41,72.5,49.96,50.7,0.99,0.56,1.43,8.35,41,21.58,18
3016,嘉晶,半導體業,0.07,3837008000.0,54814399999.99999,0.03,4655994944.884978,0.08,1031.86,7230.54,29.46,7260.0,2.36,580.8,82.55,117.0,0.71,0.02,4.96,18.91,58,78.81,172
3033,威健,電子工業,1.81,109006122000.0,60224376795.58011,0.86,123995709739.87825,2.06,16.6,10.11,11.68,21.79,24.06,44.89,34.2,43.85,0.78,0.55,1.02,9.26,64,11.67,89
3034,聯詠,半導體業,26.87,101870569000.0,3791238146.6319313,10.47,90317960594.86876,23.82,14.57,7.87,12.54,20.41,298.7,486.17,347.13,498.0,0.7,0.6,0.98,3.97,42,7.47,56
3050,鈺德,電子工業,0.04,1233506000.0,30837650000.0,0.02,1251494742.606958,0.04,68.66,342.68,19.82,362.5,0.79,14.5,2.75,12.3,0.22,0.06,1.18,23.27,61,4.38,6
3051,力特,光電業,1.01,1914043000.0,1895092079.2079208,0.38,1621546867.6215386,0.86,17.16,23.35,10.87,34.22,9.35,29.43,14.76,26.0,0.57,0.36,1.13,0.0,0,0.0,0
3052,夆典,建材營造,1.1,3378991000.0,3071809999.9999995,0.39,3837973082.898696,1.25,11.38,4.5,9.33,13.83,11.66,17.29,14.23,10.65,1.34,1.09,1.62,8.05,83,18.26,63
3055,蔚華科,電子工業,-2.68,431835000.0,0.0,0.0,630245675.6756756,0.0,0.0,0.0,0.0,0.0,0.0,0.0,0.0,91.2,0.0,0.0,0.0,34.02,49,33.8,62
3056,富華新,建材營造,1.46,7242624000.0,4960701369.863014,0.09,494761594.90836227,0.1,60.61,380.04,2.46,382.5,0.25,38.25,6.06,13.4,0.45,0.02,2.85,21.22,85,1.61,1
3057,喬鼎,電子工業,-0.95,620855000.0,0.0,0.0,607392464.0337412,0.0,0.0,0.0,0.0,0.0,0.0,0.0,0.0,21.6,0.0,0.0,0.0,43.32,57,65.87,152
3058,立德,電子工業,-1.44,3179968000.0,0.0,0.0,2987478988.9796042,0.0,76.85,2.22,75.74,77.96,0.0,0.0,0.0,8.34,0.0,0.0,0.0,6.11,40,26.61,103
3059,華晶科,電子工業,1.24,8728393000.0,7039026612.903226,0.49,9313553146.247124,1.32,33.98,29.43,25.35,54.78,33.46,72.31,44.86,39.35,1.14,0.85,1.84,12.82,19,77.72,123
3060,銘異,電子工業,-0.4,3807613000.0,0.0,0.0,4084658177.1642017,0.0,44.93,31.18,34.04,65.22,0.0,0.0,0.0,28.0,0.0,0.0,0.0,27.1,20,0.92,152
3062,建漢,通信網路業,0.7,4240911000.0,6058444285.714286,0.25,4838351764.408476,0.8,349.51,2940.32,9.68,2950.0,7.74,2360.0,279.6,26.8,10.43,0.29,88.06,81.14,183,38.03,175
3064,泰偉,文化創意業,-3.52,82696000.0,0.0,0.0,74135711.03030303,0.0,349.1,1207.0,83.0,1290.0,0.0,0.0,0.0,0.0,0.0,0.0,0.0,128.24,48,16.14,68
3066,李洲,光電業,-1.39,241414000.0,0.0,0.0,285452790.6935676,0.0,24.45,28.8,11.08,39.88,0.0,0.0,0.0,18.3,0.0,0.0,0.0,61.79,166,6.9,98
3067,全域,其他電子類,-0.83,56255000.0,0.0,0.0,100057540.87803786,0.0,51.14,46.69,29.4,76.09,0.0,0.0,0.0,17.5,0.0,0.0,0.0,9.88,12,24.27,36
3071,協禧,電腦及週邊設備業,0.57,2306306000.0,4046150877.1929827,0.3,2930288623.9064455,0.72,33.41,38.81,19.79,58.6,14.25,42.19,24.05,29.3,0.82,0.49,1.44,21.11,58,38.89,116
3078,僑威,電子零組件業,6.07,10447611000.0,1721187973.6408565,1.29,6110918768.834707,3.55,12.16,9.25,8.73,17.98,30.99,63.83,43.17,57.5,0.75,0.54,1.11,0.39,21,29.72,97
3081,聯亞,通信網路業,4.66,2061242000.0,442326609.44206005,3.46,4338262976.89719,9.81,467.95,1193.76,146.24,1340.0,1434.61,13145.4,4590.61,2620.0,1.75,0.55,5.02,192.31,159,94.94,123
3049,精金,電子工業,-0.64,1466127000.0,0.0,0.0,1253590507.1842115,0.0,0.0,0.0,0.0,0.0,0.0,0.0,0.0,12.75,0.0,0.0,0.0,58.87,152,2.31,6
3048,益登,電子通路業,2.01,115983074000.0,57703021890.54727,0.98,132054105975.26497,2.29,83.84,1158.06,16.94,1175.0,38.79,2690.75,192.0,42.4,4.53,0.91,63.46,123.4,58,91.63,120
3035,智原,半導體業,2.81,18137133000.0,6454495729.537367,0.7,7994304890.675232,1.24,53.83,29.82,38.47,68.29,47.7,84.68,66.75,178.0,0.38,0.27,0.48,27.13,69,4.41,6
3036,文曄,電子工業,11.6,1175163222000.0,101307174310.34483,5.85,2029808030837.6934,20.04,19.18,25.33,11.09,36.42,222.24,729.86,384.33,240.5,1.6,0.92,3.03,0.0,0,34.47,181
3037,欣興,電子工業,4.38,128735949000.0,29391769178.08219,1.68,160952974537.47012,5.48,64.76,192.2,21.2,213.4,116.18,1169.43,354.88,818.0,0.43,0.14,1.43,14.02,70,92.76,179
3038,全台,光電業,1.11,3064638000.0,2760935135.1351347,0.35,2755308406.4615903,1.0,14.02,12.99,8.32,21.31,8.32,21.31,14.02,22.85,0.61,0.36,0.93,2.32,21,3.7,6
3040,遠見,其他,0.32,132227000.0,413209375.0,0.14,138414980.9151235,0.33,70.55,143.85,28.73,172.58,9.48,56.95,23.28,40.9,0.57,0.23,1.39,59.0,135,68.02,124
3041,揚智,半導體業,-3.45,1243147000.0,0.0,0.0,1771746831.7958417,0.0,0.0,0.0,0.0,0.0,0.0,0.0,0.0,24.3,0.0,0.0,0.0,6.17,40,25.15,134
3042,晶技,電子工業,5.28,13362235000.0,2530726325.7575755,2.23,13795301886.663916,5.45,16.78,19.35,12.1,31.45,65.94,171.4,91.47,154.0,0.59,0.43,1.11,7.08,168,9.84,33
3043,科風,其他電子業,-2.67,899132000.0,0.0,0.0,694071779.5397179,0.0,53.46,86.99,23.21,110.2,0.0,0.0,0.0,20.35,0.0,0.0,0.0,24.38,56,8.32,13
3047,訊舟,電子工業,-0.9,3860331000.0,0.0,0.0,2234477687.5619392,0.0,92.65,164.72,17.78,182.5,0.0,0.0,0.0,14.4,0.0,0.0,0.0,212.79,64,11.82,112
3046,建碁,電子工業,4.01,7193415000.0,1793869077.3067334,1.84,9050582441.099823,5.05,13.93,11.36,9.45,20.81,47.72,105.09,70.33,50.6,1.39,0.94,2.08,7.31,117,17.99,35
3045,台灣大,通信網路業,4.77,197871798000.0,41482557232.70441,1.64,205455831830.0388,4.95,24.29,6.22,21.93,28.15,108.55,139.34,120.25,110.0,1.09,0.99,1.27,12.86,138,4.41,41
3044,健鼎,電子零組件業,19.45,72704288000.0,3738009665.8097687,9.5,88592944844.81384,23.7,15.46,16.43,9.28,25.71,219.94,609.33,366.48,481.0,0.76,0.46,1.27,5.08,1,80.52,179
IronSteel,鋼鐵類指數,Index,0.0,0.0,0.0,0.0,0.0,0.0,0.0,0.0,0.0,0.0,0.0,0.0,0.0,115.67,0.0,0.0,0.0,2.84,12,1.09,6
OtherElectronic,其他電子類指數,Index,0.0,0.0,0.0,0.0,0.0,0.0,0.0,0.0,0.0,0.0,0.0,0.0,0.0,280.19,0.0,0.0,0.0,28.91,64,69.38,175
OilGasElectricity,油電燃氣類指數,Index,0.0,0.0,0.0,0.0,0.0,0.0,0.0,0.0,0.0,0.0,0.0,0.0,0.0,74.82,0.0,0.0,0.0,0.0,0,22.94,183
Optoelectronic,光電類指數,Index,0.0,0.0,0.0,0.0,0.0,0.0,0.0,0.0,0.0,0.0,0.0,0.0,0.0,50.54,0.0,0.0,0.0,20.97,68,13.95,152
Other,其他類指數,Index,0.0,0.0,0.0,0.0,0.0,0.0,0.0,0.0,0.0,0.0,0.0,0.0,0.0,265.97,0.0,0.0,0.0,7.53,85,2.56,13
PaperPulp,造紙類指數,Index,0.0,0.0,0.0,0.0,0.0,0.0,0.0,0.0,0.0,0.0,0.0,0.0,0.0,238.68,0.0,0.0,0.0,0.83,9,3.9,15
TAIEX,加權指數,大盤,0.0,0.0,0.0,0.0,0.0,0.0,0.0,0.0,0.0,0.0,0.0,0.0,0.0,41603.94,0.0,0.0,0.0,17.82,64,37.93,179
Rubber,橡膠類指數,Index,0.0,0.0,0.0,0.0,0.0,0.0,0.0,0.0,0.0,0.0,0.0,0.0,0.0,193.44,0.0,0.0,0.0,13.9,27,2.11,13
Semiconductor,半導體類指數,Index,0.0,0.0,0.0,0.0,0.0,0.0,0.0,0.0,0.0,0.0,0.0,0.0,0.0,1430.4,0.0,0.0,0.0,30.15,64,56.58,179
ShippingTransportation,航運業類指數,Index,0.0,0.0,0.0,0.0,0.0,0.0,0.0,0.0,0.0,0.0,0.0,0.0,0.0,180.73,0.0,0.0,0.0,24.08,29,16.16,14
Textiles,紡織纖維類指數,Index,0.0,0.0,0.0,0.0,0.0,0.0,0.0,0.0,0.0,0.0,0.0,0.0,0.0,459.9,0.0,0.0,0.0,9.52,68,3.69,6
Tourism,觀光事業類指數,Index,0.0,0.0,0.0,0.0,0.0,0.0,0.0,0.0,0.0,0.0,0.0,0.0,0.0,101.98,0.0,0.0,0.0,1.1,8,2.74,15
InformationService,資訊服務類指數,Index,0.0,0.0,0.0,0.0,0.0,0.0,0.0,0.0,0.0,0.0,0.0,0.0,0.0,199.53,0.0,0.0,0.0,6.92,69,2.8,154
Plastics,塑膠類指數,Index,0.0,0.0,0.0,0.0,0.0,0.0,0.0,0.0,0.0,0.0,0.0,0.0,0.0,196.55,0.0,0.0,0.0,1.03,8,23.03,102
GlassCeramic,玻璃陶瓷類指數,Index,0.0,0.0,0.0,0.0,0.0,0.0,0.0,0.0,0.0,0.0,0.0,0.0,0.0,159.05,0.0,0.0,0.0,14.84,40,116.77,102
BuildingMaterialConstruction,建材營造類指數,Index,0.0,0.0,0.0,0.0,0.0,0.0,0.0,0.0,0.0,0.0,0.0,0.0,0.0,455.11,0.0,0.0,0.0,18.08,85,2.43,13
FinancialInsurance,金融保險類指數,Index,0.0,0.0,0.0,0.0,0.0,0.0,0.0,0.0,0.0,0.0,0.0,0.0,0.0,2577.67,0.0,0.0,0.0,13.14,65,12.53,168
ElectronicProductsDistribution,電子通路類指數,Index,0.0,0.0,0.0,0.0,0.0,0.0,0.0,0.0,0.0,0.0,0.0,0.0,0.0,367.93,0.0,0.0,0.0,0.54,68,4.98,40
ElectronicPartsComponents,電子零組件類指數,Index,0.0,0.0,0.0,0.0,0.0,0.0,0.0,0.0,0.0,0.0,0.0,0.0,0.0,851.59,0.0,0.0,0.0,14.49,64,95.42,173
Electronic,電子類指數,Index,0.0,0.0,0.0,0.0,0.0,0.0,0.0,0.0,0.0,0.0,0.0,0.0,0.0,2695.24,0.0,0.0,0.0,24.14,64,53.53,179
ElectricMachinery,電機機械類指數,Index,0.0,0.0,0.0,0.0,0.0,0.0,0.0,0.0,0.0,0.0,0.0,0.0,0.0,562.12,0.0,0.0,0.0,2.38,57,28.89,179
ElectricalCable,電器電纜類指數,Index,0.0,0.0,0.0,0.0,0.0,0.0,0.0,0.0,0.0,0.0,0.0,0.0,0.0,102.22,0.0,0.0,0.0,2.97,12,27.75,154
ComputerPeripheralEquipment,電腦及週邊設備類指數,Index,0.0,0.0,0.0,0.0,0.0,0.0,0.0,0.0,0.0,0.0,0.0,0.0,0.0,381.6,0.0,0.0,0.0,11.54,43,36.1,175
CommunicationsInternet,通信網路類指數,Index,0.0,0.0,0.0,0.0,0.0,0.0,0.0,0.0,0.0,0.0,0.0,0.0,0.0,244.07,0.0,0.0,0.0,8.05,139,14.16,180
ChemicalBiotechnologyMedicalCare,化學生技醫療類指數,Index,0.0,0.0,0.0,0.0,0.0,0.0,0.0,0.0,0.0,0.0,0.0,0.0,0.0,143.63,0.0,0.0,0.0,12.3,70,29.91,123
Chemical,化學類指數,Index,0.0,0.0,0.0,0.0,0.0,0.0,0.0,0.0,0.0,0.0,0.0,0.0,0.0,194.32,0.0,0.0,0.0,5.36,142,11.16,116
Cement,水泥類指數,Index,0.0,0.0,0.0,0.0,0.0,0.0,0.0,0.0,0.0,0.0,0.0,0.0,0.0,124.51,0.0,0.0,0.0,3.76,57,1.33,4
BiotechnologyMedicalCare,生技醫療類指數,Index,0.0,0.0,0.0,0.0,0.0,0.0,0.0,0.0,0.0,0.0,0.0,0.0,0.0,75.48,0.0,0.0,0.0,19.15,70,41.36,123
Automobile,汽車類指數,Index,0.0,0.0,0.0,0.0,0.0,0.0,0.0,0.0,0.0,0.0,0.0,0.0,0.0,286.15,0.0,0.0,0.0,2.56,43,2.2,6
TPEx,櫃買指數,大盤,0.0,0.0,0.0,0.0,0.0,0.0,0.0,0.0,0.0,0.0,0.0,0.0,0.0,409.44,0.0,0.0,0.0,12.27,64,19.47,137
Food,食品類指數,Index,0.0,0.0,0.0,0.0,0.0,0.0,0.0,0.0,0.0,0.0,0.0,0.0,0.0,1927.67,0.0,0.0,0.0,10.65,76,2.8,74
TradingConsumersGoods,貿易百貨類指數,Index,0.0,0.0,0.0,0.0,0.0,0.0,0.0,0.0,0.0,0.0,0.0,0.0,0.0,232.95,0.0,0.0,0.0,8.41,140,1.09,57
