代號,名稱,產業別,前一年_EPS,前一年營收_e,轉換數據EPS_1,本年度累積營收換算EPS,推估本年度營收,推估本年度EPS,平均前2年本益比,前2年本益比最高最低差,前2年最低本益比,前2年最高本益比,用本年度推估EPS換算股價最低值,用本年度推估EPS換算股價最高值,用本年度推估EPS換算股價平均值,今日股價,報酬,風險,加成,前兩年往後6月最高漲幅_%,前兩年往後6月達最高花費天數,前一年往後6月最高漲幅_%,前一年往後6月達最高花費天數
3687,歐買尬,文化創意業,4.68,1807323000.0,386180128.20512825,2.58,2049130953.789708,5.31,31.98,44.6,13.34,57.94,70.84,307.66,169.83,78.4,2.17,0.9,3.92,14.75,133,12.14,127
5481,新華,電子零組件業,-0.65,97157000.0,0.0,0.0,89528919.95925815,0.0,0.0,0.0,0.0,0.0,0.0,0.0,0.0,22.75,0.0,0.0,0.0,137.45,178,6.35,111
5450,寶聯通,電腦及週邊設備業,0.22,2421173000.0,11005331818.181818,0.12,2564775763.5954576,0.23,33.3,69.42,11.11,80.53,2.56,18.52,7.66,14.25,0.54,0.18,1.3,5.15,3,2.04,9
3629,地心引力,光電業,-0.65,4873000.0,0.0,0.0,1780554689.1891892,0.0,0.0,0.0,0.0,0.0,0.0,0.0,0.0,15.25,0.0,0.0,0.0,19.24,63,113.95,28
6238,勝麗,其他電子類,0.0,0.0,0.0,0.0,0.0,0.0,0.0,0.0,0.0,0.0,0.0,0.0,0.0,0.0,0.0,0.0,0.0,0.0,0,0.0,0
00835B,第一金科技債10+,上櫃指數股票型基金(ETF),0.0,0.0,0.0,0.0,0.0,0.0,0.0,0.0,0.0,0.0,0.0,0.0,0.0,0.0,0.0,0.0,0.0,0.0,0,0.0,0
00837B,永豐15年金融債,上櫃指數股票型基金(ETF),0.0,0.0,0.0,0.0,0.0,0.0,0.0,0.0,0.0,0.0,0.0,0.0,0.0,0.0,0.0,0.0,0.0,0.0,0,0.0,0
00798B,國泰中企A級債7+,上櫃指數股票型基金(ETF),0.0,0.0,0.0,0.0,0.0,0.0,0.0,0.0,0.0,0.0,0.0,0.0,0.0,0.0,0.0,0.0,0.0,0.0,0,0.0,0
6497,亞獅康-KY,生技醫療業,0.0,0.0,0.0,0.0,0.0,0.0,0.0,0.0,0.0,0.0,0.0,0.0,0.0,0.0,0.0,0.0,0.0,0.0,0,0.0,0
5349,先豐,電子零組件業,0.0,0.0,0.0,0.0,0.0,0.0,0.0,0.0,0.0,0.0,0.0,0.0,0.0,0.0,0.0,0.0,0.0,0.0,0,0.0,0
01008T,駿馬R1,受益證券,0.0,0.0,0.0,0.0,0.0,0.0,0.0,0.0,0.0,0.0,0.0,0.0,0.0,0.0,0.0,0.0,0.0,0.0,0,0.0,0
01001T,土銀富邦R1,受益證券,0.0,0.0,0.0,0.0,0.0,0.0,0.0,0.0,0.0,0.0,0.0,0.0,0.0,11.63,0.0,0.0,0.0,0.0,0,0.0,0
01002T,土銀國泰R1,受益證券,0.0,0.0,0.0,0.0,0.0,0.0,0.0,0.0,0.0,0.0,0.0,0.0,0.0,14.0,0.0,0.0,0.0,0.71,9,0.6,7
01003T,兆豐新光R1,受益證券,0.0,0.0,0.0,0.0,0.0,0.0,0.0,0.0,0.0,0.0,0.0,0.0,0.0,14.6,0.0,0.0,0.0,3.79,2,3.79,2
01004T,土銀富邦R2,受益證券,0.0,0.0,0.0,0.0,0.0,0.0,0.0,0.0,0.0,0.0,0.0,0.0,0.0,10.44,0.0,0.0,0.0,0.0,0,0.0,0
01009T,王道圓滿R1,受益證券,0.0,0.0,0.0,0.0,0.0,0.0,0.0,0.0,0.0,0.0,0.0,0.0,0.0,5.72,0.0,0.0,0.0,0.25,28,2.09,22
01005T,三鼎,受益證券,0.0,0.0,0.0,0.0,0.0,0.0,0.0,0.0,0.0,0.0,0.0,0.0,0.0,0.0,0.0,0.0,0.0,0.0,0,0.0,0
01007T,兆豐國泰R2,受益證券,0.0,0.0,0.0,0.0,0.0,0.0,0.0,0.0,0.0,0.0,0.0,0.0,0.0,12.61,0.0,0.0,0.0,0.0,0,0.0,0
710510,群聯凱基9B購03,所有證券,0.0,0.0,0.0,0.0,0.0,0.0,0.0,0.0,0.0,0.0,0.0,0.0,0.0,0.0,0.0,0.0,0.0,0.0,0,0.0,0
710509,建榮凱基9B購01,所有證券,0.0,0.0,0.0,0.0,0.0,0.0,0.0,0.0,0.0,0.0,0.0,0.0,0.0,0.0,0.0,0.0,0.0,0.0,0,0.0,0
710505,泰博富邦9B購01,所有證券,0.0,0.0,0.0,0.0,0.0,0.0,0.0,0.0,0.0,0.0,0.0,0.0,0.0,0.0,0.0,0.0,0.0,0.0,0,0.0,0
710502,泰博元大9B購01,所有證券,0.0,0.0,0.0,0.0,0.0,0.0,0.0,0.0,0.0,0.0,0.0,0.0,0.0,0.0,0.0,0.0,0.0,35.44,14,0.0,0
711133,寶雅永豐9B購01,所有證券,0.0,0.0,0.0,0.0,0.0,0.0,0.0,0.0,0.0,0.0,0.0,0.0,0.0,0.0,0.0,0.0,0.0,0.0,0,0.0,0
710499,網家國泰9B購01,所有證券,0.0,0.0,0.0,0.0,0.0,0.0,0.0,0.0,0.0,0.0,0.0,0.0,0.0,0.0,0.0,0.0,0.0,0.0,0,0.0,0
711140,旺矽凱基9B購01,所有證券,0.0,0.0,0.0,0.0,0.0,0.0,0.0,0.0,0.0,0.0,0.0,0.0,0.0,0.0,0.0,0.0,0.0,0.0,0,0.0,0
709994,中美晶元大9B購01,所有證券,0.0,0.0,0.0,0.0,0.0,0.0,0.0,0.0,0.0,0.0,0.0,0.0,0.0,0.99,0.0,0.0,0.0,12.99,3,0.0,0
709985,大江富邦9B購02,所有證券,0.0,0.0,0.0,0.0,0.0,0.0,0.0,0.0,0.0,0.0,0.0,0.0,0.0,1.23,0.0,0.0,0.0,0.0,0,0.0,0
709983,群聯日盛9B購01,所有證券,0.0,0.0,0.0,0.0,0.0,0.0,0.0,0.0,0.0,0.0,0.0,0.0,0.0,1.39,0.0,0.0,0.0,7.75,1,7.75,1
709972,旺矽元大9B購01,所有證券,0.0,0.0,0.0,0.0,0.0,0.0,0.0,0.0,0.0,0.0,0.0,0.0,0.0,2.4,0.0,0.0,0.0,368.75,63,0.0,0
709966,金居群益9B購01,所有證券,0.0,0.0,0.0,0.0,0.0,0.0,0.0,0.0,0.0,0.0,0.0,0.0,0.0,0.0,0.0,0.0,0.0,0.0,0,0.0,0
709403,雙美國票9B購01,所有證券,0.0,0.0,0.0,0.0,0.0,0.0,0.0,0.0,0.0,0.0,0.0,0.0,0.0,0.6,0.0,0.0,0.0,0.0,0,0.0,0
708785,信驊中信9B購01,所有證券,0.0,0.0,0.0,0.0,0.0,0.0,0.0,0.0,0.0,0.0,0.0,0.0,0.0,0.0,0.0,0.0,0.0,0.0,0,0.0,0
710516,宇峻永豐9B購01,所有證券,0.0,0.0,0.0,0.0,0.0,0.0,0.0,0.0,0.0,0.0,0.0,0.0,0.0,0.0,0.0,0.0,0.0,0.0,0,0.0,0
711134,中美晶群益9B購03,所有證券,0.0,0.0,0.0,0.0,0.0,0.0,0.0,0.0,0.0,0.0,0.0,0.0,0.0,0.0,0.0,0.0,0.0,18.33,8,0.0,0
710533,鈊象元大9B購04,所有證券,0.0,0.0,0.0,0.0,0.0,0.0,0.0,0.0,0.0,0.0,0.0,0.0,0.0,0.0,0.0,0.0,0.0,0.0,0,0.0,0
711145,環球晶國票9B購02,所有證券,0.0,0.0,0.0,0.0,0.0,0.0,0.0,0.0,0.0,0.0,0.0,0.0,0.0,0.0,0.0,0.0,0.0,0.0,0,0.0,0
711135,元太群益9B購01,所有證券,0.0,0.0,0.0,0.0,0.0,0.0,0.0,0.0,0.0,0.0,0.0,0.0,0.0,0.0,0.0,0.0,0.0,0.0,0,0.0,0
711137,胡連群益9B購01,所有證券,0.0,0.0,0.0,0.0,0.0,0.0,0.0,0.0,0.0,0.0,0.0,0.0,0.0,0.0,0.0,0.0,0.0,0.0,0,0.0,0
711131,胡連永豐9B購01,所有證券,0.0,0.0,0.0,0.0,0.0,0.0,0.0,0.0,0.0,0.0,0.0,0.0,0.0,0.0,0.0,0.0,0.0,0.0,0,0.0,0
711127,頎邦元大9B購03,所有證券,0.0,0.0,0.0,0.0,0.0,0.0,0.0,0.0,0.0,0.0,0.0,0.0,0.0,0.0,0.0,0.0,0.0,0.0,0,0.0,0
711126,聯亞元大9B購05,所有證券,0.0,0.0,0.0,0.0,0.0,0.0,0.0,0.0,0.0,0.0,0.0,0.0,0.0,0.0,0.0,0.0,0.0,0.0,0,0.0,0
711141,胡連凱基9B購01,所有證券,0.0,0.0,0.0,0.0,0.0,0.0,0.0,0.0,0.0,0.0,0.0,0.0,0.0,0.0,0.0,0.0,0.0,11.9,9,0.0,0
711132,僑威永豐9B購01,所有證券,0.0,0.0,0.0,0.0,0.0,0.0,0.0,0.0,0.0,0.0,0.0,0.0,0.0,0.0,0.0,0.0,0.0,0.0,0,0.0,0
710590,鈺太凱基9B購01,所有證券,0.0,0.0,0.0,0.0,0.0,0.0,0.0,0.0,0.0,0.0,0.0,0.0,0.0,0.0,0.0,0.0,0.0,0.0,0,0.0,0
710575,環球晶中信9B購01,所有證券,0.0,0.0,0.0,0.0,0.0,0.0,0.0,0.0,0.0,0.0,0.0,0.0,0.0,0.0,0.0,0.0,0.0,0.0,0,0.0,0
73107P,原相國票9B售02,所有證券,0.0,0.0,0.0,0.0,0.0,0.0,0.0,0.0,0.0,0.0,0.0,0.0,0.0,0.0,0.0,0.0,0.0,0.0,0,0.0,0
710569,中美晶富邦9B購04,所有證券,0.0,0.0,0.0,0.0,0.0,0.0,0.0,0.0,0.0,0.0,0.0,0.0,0.0,0.0,0.0,0.0,0.0,22.73,28,0.0,0
710566,碩禾元大9B購01,所有證券,0.0,0.0,0.0,0.0,0.0,0.0,0.0,0.0,0.0,0.0,0.0,0.0,0.0,4.64,0.0,0.0,0.0,109.46,118,0.0,0
710561,威剛元大9B購02,所有證券,0.0,0.0,0.0,0.0,0.0,0.0,0.0,0.0,0.0,0.0,0.0,0.0,0.0,0.0,0.0,0.0,0.0,0.0,0,0.0,0
710560,宏捷科元大9B購02,所有證券,0.0,0.0,0.0,0.0,0.0,0.0,0.0,0.0,0.0,0.0,0.0,0.0,0.0,0.0,0.0,0.0,0.0,0.0,0,0.0,0
711139,中美晶凱基9B購02,所有證券,0.0,0.0,0.0,0.0,0.0,0.0,0.0,0.0,0.0,0.0,0.0,0.0,0.0,0.0,0.0,0.0,0.0,0.0,0,0.0,0
710553,穩懋統一9B購03,所有證券,0.0,0.0,0.0,0.0,0.0,0.0,0.0,0.0,0.0,0.0,0.0,0.0,0.0,0.0,0.0,0.0,0.0,0.0,0,0.0,0
710534,鈺太元大9B購01,所有證券,0.0,0.0,0.0,0.0,0.0,0.0,0.0,0.0,0.0,0.0,0.0,0.0,0.0,0.0,0.0,0.0,0.0,0.0,0,0.0,0
73193P,神盾元大9B售04,所有證券,0.0,0.0,0.0,0.0,0.0,0.0,0.0,0.0,0.0,0.0,0.0,0.0,0.0,0.0,0.0,0.0,0.0,0.0,0,0.0,0
8934,衡平,其他,0.0,0.0,0.0,0.0,0.0,0.0,0.0,0.0,0.0,0.0,0.0,0.0,0.0,0.0,0.0,0.0,0.0,0.0,0,0.0,0
5304,鼎創達,電腦及週邊設備業,0.0,0.0,0.0,0.0,0.0,0.0,0.0,0.0,0.0,0.0,0.0,0.0,0.0,0.0,0.0,0.0,0.0,0.0,0,0.0,0
00833B,第一金美債20+,上櫃指數股票型基金(ETF),0.0,0.0,0.0,0.0,0.0,0.0,0.0,0.0,0.0,0.0,0.0,0.0,0.0,0.0,0.0,0.0,0.0,0.0,0,0.0,0
00854B,富邦全球保險債,上櫃指數股票型基金(ETF),0.0,0.0,0.0,0.0,0.0,0.0,0.0,0.0,0.0,0.0,0.0,0.0,0.0,0.0,0.0,0.0,0.0,0.0,0,0.0,0
00855B,富邦全球能源債,上櫃指數股票型基金(ETF),0.0,0.0,0.0,0.0,0.0,0.0,0.0,0.0,0.0,0.0,0.0,0.0,0.0,0.0,0.0,0.0,0.0,0.0,0,0.0,0
6438,迅得,其他電子類,5.26,6375307000.0,1212035551.3307986,2.93,7556716397.046818,6.23,25.77,34.55,12.98,47.53,80.87,296.11,160.54,159.0,1.01,0.51,1.86,103.48,160,22.78,72
00873B,凱基新興債1-5,上櫃指數股票型基金(ETF),0.0,0.0,0.0,0.0,0.0,0.0,0.0,0.0,0.0,0.0,0.0,0.0,0.0,0.0,0.0,0.0,0.0,0.0,0,0.0,0
00874B,凱基BBB公司債15+,上櫃指數股票型基金(ETF),0.0,0.0,0.0,0.0,0.0,0.0,0.0,0.0,0.0,0.0,0.0,0.0,0.0,0.0,0.0,0.0,0.0,0.0,0,0.0,0
00871B,元大中國政金債,上櫃指數股票型基金(ETF),0.0,0.0,0.0,0.0,0.0,0.0,0.0,0.0,0.0,0.0,0.0,0.0,0.0,0.0,0.0,0.0,0.0,0.0,0,0.0,0
00868B,FT1-3年美公債,上櫃指數股票型基金(ETF),0.0,0.0,0.0,0.0,0.0,0.0,0.0,0.0,0.0,0.0,0.0,0.0,0.0,0.0,0.0,0.0,0.0,0.0,0,0.0,0
2614,東森,貿易百貨,2.05,5498233000.0,2682064878.048781,0.96,5184412816.8462925,1.93,11.42,6.37,8.87,15.24,17.12,29.41,22.05,18.85,1.17,0.91,1.56,14.32,44,37.8,177
2429,銘旺科,電子零組件業,-1.41,469482000.0,0.0,0.0,527308156.8121973,0.0,0.0,0.0,0.0,0.0,0.0,0.0,0.0,38.55,0.0,0.0,0.0,70.41,15,96.61,84
2241,艾姆勒,電機機械,-0.7,741604000.0,0.0,0.0,1045277693.0617645,0.0,0.0,0.0,0.0,0.0,0.0,0.0,0.0,50.6,0.0,0.0,0.0,0.0,0,68.11,169
8499,鼎炫-KY,其他,10.13,2741866000.0,270667917.0779862,7.25,4984556982.539871,18.42,19.7,26.27,10.48,36.75,193.04,676.94,362.8,304.0,1.19,0.64,2.23,0.81,10,177.97,181
3450,聯鈞,其他電子業,5.01,8617529000.0,1720065668.6626747,2.74,8421371458.588207,4.9,256.48,2435.82,30.85,2466.67,151.17,12086.68,1256.74,565.0,2.22,0.27,21.39,156.25,169,34.75,106
6165,浪凡,電子工業,4.02,3185601000.0,792438059.7014927,2.11,3434964755.596917,4.33,30.15,49.29,10.81,60.1,46.81,260.23,130.56,48.6,2.69,0.96,5.35,26.98,132,3.29,1
1443,立益,紡織纖維,1.14,987864000.0,866547368.4210527,0.53,912052595.2443074,1.05,23.79,26.23,14.97,41.2,15.72,43.26,24.98,27.9,0.9,0.56,1.55,11.64,64,5.74,21
2459,敦吉,電子通路業,5.17,4840007000.0,936171566.7311412,2.76,5297717552.801705,5.66,12.21,3.22,10.34,13.56,58.52,76.75,69.13,64.4,1.07,0.91,1.19,4.83,16,9.51,167
1453,大將,紡織纖維,0.03,1464000.0,48800000.0,0.02,1501844.8979591837,0.03,171.74,863.65,21.35,885.0,0.64,26.55,5.15,11.8,0.44,0.05,2.25,0.0,0,0.71,79
3669,圓展,光電業,1.13,2426628000.0,2147458407.079646,0.67,2951967005.8537846,1.37,32.87,66.82,13.28,80.1,18.19,109.74,45.03,35.45,1.27,0.51,3.1,16.35,17,4.34,49
1456,怡華,紡織纖維,3.41,862187000.0,252840762.46334308,1.63,804060058.1733645,3.18,18.52,109.33,3.62,112.95,11.51,359.18,58.89,15.5,3.8,0.74,23.17,20.34,43,7.14,161
3219,倚強股份,半導體業,1.52,1628708000.0,1071518421.0526316,0.98,2427900616.6999974,2.27,88.64,184.76,33.1,217.86,75.14,494.54,201.21,74.5,2.7,1.01,6.64,23.39,16,94.49,84
020017,永豐富櫃200N,指數投資證券(ETN),0.0,0.0,0.0,0.0,0.0,0.0,0.0,0.0,0.0,0.0,0.0,0.0,0.0,0.0,0.0,0.0,0.0,0.0,0,0.0,0
6506,雙邦,化學工業,1.05,1861486000.0,1772843809.5238094,0.63,2022471103.7017844,1.14,26.74,67.99,15.19,83.18,17.32,94.83,30.48,18.9,1.61,0.92,5.02,17.78,97,2.1,14
3685,元創精密,光電業,-1.02,1141579000.0,0.0,0.0,1663191875.2129457,0.0,0.0,0.0,0.0,0.0,0.0,0.0,0.0,30.25,0.0,0.0,0.0,11.11,21,284.45,125
5604,中連貨,航運業,0.85,159165000.0,187252941.1764706,0.44,164612132.14827937,0.88,30.2,37.98,14.4,52.38,12.67,46.09,26.57,31.1,0.85,0.41,1.48,5.26,9,2.53,149
3313,斐成,電子零組件業,-0.34,8779000.0,0.0,0.0,145753211.18012422,0.0,12.7,7.26,10.22,17.48,0.0,0.0,0.0,12.15,0.0,0.0,0.0,28.61,20,33.22,100
6275,元山,其他電子類,2.81,4249900000.0,1512419928.8256228,1.44,4410249838.316621,2.92,15.13,11.1,10.77,21.87,31.45,63.86,44.17,47.3,0.93,0.66,1.35,1.33,2,29.22,173
5345,天揚,電子零組件業,-0.33,18681000.0,0.0,0.0,113771234.16506718,0.0,0.0,0.0,0.0,0.0,0.0,0.0,0.0,32.35,0.0,0.0,0.0,216.33,63,13.79,82
8489,三貝德,文化創意業,-0.76,1374206000.0,0.0,0.0,2173689005.1106277,0.0,0.0,0.0,0.0,0.0,0.0,0.0,0.0,22.15,0.0,0.0,0.0,25.15,167,4.07,121
8354,冠好,塑膠工業,0.13,644280000.0,4956000000.0,0.07,669560317.0633947,0.14,27.29,127.01,8.7,135.71,1.22,19.0,3.82,16.45,0.23,0.07,1.16,19.0,72,12.62,168
00839B,凱基醫療保健債,上櫃指數股票型基金(ETF),0.0,0.0,0.0,0.0,0.0,0.0,0.0,0.0,0.0,0.0,0.0,0.0,0.0,0.0,0.0,0.0,0.0,0.0,0,0.0,0
00869B,FT10-25年公司債,上櫃指數股票型基金(ETF),0.0,0.0,0.0,0.0,0.0,0.0,0.0,0.0,0.0,0.0,0.0,0.0,0.0,0.0,0.0,0.0,0.0,0.0,0,0.0,0
00832B,新光美債20+,上櫃指數股票型基金(ETF),0.0,0.0,0.0,0.0,0.0,0.0,0.0,0.0,0.0,0.0,0.0,0.0,0.0,0.0,0.0,0.0,0.0,0.0,0,0.0,0
4152,台微體,生技醫療業,0.0,0.0,0.0,0.0,0.0,0.0,0.0,0.0,0.0,0.0,0.0,0.0,0.0,0.0,0.0,0.0,0.0,0.0,0,0.0,0
00880B,第一金電信債15+,上櫃指數股票型基金(ETF),0.0,0.0,0.0,0.0,0.0,0.0,0.0,0.0,0.0,0.0,0.0,0.0,0.0,0.0,0.0,0.0,0.0,0.0,0,0.0,0
00872B,凱基美債1-3,上櫃指數股票型基金(ETF),0.0,0.0,0.0,0.0,0.0,0.0,0.0,0.0,0.0,0.0,0.0,0.0,0.0,0.0,0.0,0.0,0.0,0.0,0,0.0,0
00879B,第一金美債0-1,上櫃指數股票型基金(ETF),0.0,0.0,0.0,0.0,0.0,0.0,0.0,0.0,0.0,0.0,0.0,0.0,0.0,0.0,0.0,0.0,0.0,0.0,0,0.0,0
2928,紅馬-KY,觀光事業,0.0,0.0,0.0,0.0,0.0,0.0,0.0,0.0,0.0,0.0,0.0,0.0,0.0,0.0,0.0,0.0,0.0,0.0,0,0.0,0
3144,新揚科,電子零組件業,0.0,0.0,0.0,0.0,0.0,0.0,0.0,0.0,0.0,0.0,0.0,0.0,0.0,0.0,0.0,0.0,0.0,0.0,0,0.0,0
4803,VHQ-KY,文化創意業,0.0,0.0,0.0,0.0,0.0,0.0,0.0,0.0,0.0,0.0,0.0,0.0,0.0,0.0,0.0,0.0,0.0,0.0,0,0.0,0
020021,統一恒生科技N,指數投資證券(ETN),0.0,0.0,0.0,0.0,0.0,0.0,0.0,0.0,0.0,0.0,0.0,0.0,0.0,0.0,0.0,0.0,0.0,0.0,0,0.0,0
8406,金可-KY,生技醫療業,0.0,0.0,0.0,0.0,0.0,0.0,0.0,0.0,0.0,0.0,0.0,0.0,0.0,0.0,0.0,0.0,0.0,0.0,0,0.0,0
020009,群益A50綠碳N,指數投資證券(ETN),0.0,0.0,0.0,0.0,0.0,0.0,0.0,0.0,0.0,0.0,0.0,0.0,0.0,0.0,0.0,0.0,0.0,0.0,0,0.0,0
020003,統一漲升股利150N,指數投資證券(ETN),0.0,0.0,0.0,0.0,0.0,0.0,0.0,0.0,0.0,0.0,0.0,0.0,0.0,0.0,0.0,0.0,0.0,0.0,0,0.0,0
4429,聚紡,紡織纖維,0.0,0.0,0.0,0.0,0.0,0.0,0.0,0.0,0.0,0.0,0.0,0.0,0.0,0.0,0.0,0.0,0.0,0.0,0,0.0,0
6431,光麗-KY,光電業,-2.07,382162000.0,0.0,0.0,342958491.2738766,0.0,0.0,0.0,0.0,0.0,0.0,0.0,0.0,19.35,0.0,0.0,0.0,89.3,97,83.53,176
2340,台亞,光電業,-2.87,4370938000.0,0.0,0.0,4230320885.396757,0.0,377.96,489.26,82.17,571.43,0.0,0.0,0.0,39.95,0.0,0.0,0.0,6.51,17,58.02,92
2495,普安,其他電子業,1.12,1184814000.0,1057869642.8571428,0.73,1572275290.5327713,1.49,23.4,38.51,9.1,47.61,13.56,70.94,34.87,52.1,0.67,0.26,1.36,38.48,128,34.07,183
00838B,永豐7-10年中國債,上櫃指數股票型基金(ETF),0.0,0.0,0.0,0.0,0.0,0.0,0.0,0.0,0.0,0.0,0.0,0.0,0.0,0.0,0.0,0.0,0.0,0.0,0,0.0,0
5209,新鼎,資訊服務業,16.17,5243355000.0,324264378.47866416,6.15,4360753814.706222,13.45,11.95,5.81,9.15,14.96,123.07,201.21,160.75,174.5,0.92,0.71,1.15,0.5,2,56.54,140
3512,皇龍,電子零組件業,2.56,1531395000.0,598201171.875,0.64,621005379.3354996,1.04,17.97,42.19,6.34,48.53,6.59,50.47,18.69,20.8,0.9,0.32,2.43,0.81,13,1.53,9
8080,永利聯合,電子零組件業,0.11,180322000.0,1639290909.090909,0.04,124241545.71142103,0.08,341.12,1341.15,108.85,1450.0,8.71,116.0,27.29,28.8,0.95,0.3,4.03,161.68,178,3.94,6
5321,美而快,電子零組件業,-0.28,2921237000.0,0.0,0.0,2287810203.8485827,0.0,505.58,2448.73,37.94,2486.67,0.0,0.0,0.0,40.15,0.0,0.0,0.0,4.34,3,17.78,7
00889B,凱基ESG新興債15+,上櫃指數股票型基金(ETF),0.0,0.0,0.0,0.0,0.0,0.0,0.0,0.0,0.0,0.0,0.0,0.0,0.0,0.0,0.0,0.0,0.0,0.0,0,0.0,0
5102,富強,橡膠工業,0.0,0.0,0.0,0.0,0.0,0.0,0.0,0.0,0.0,0.0,0.0,0.0,0.0,0.0,0.0,0.0,0.0,0.0,0,0.0,0
00843B,台新中國政策債,上櫃指數股票型基金(ETF),0.0,0.0,0.0,0.0,0.0,0.0,0.0,0.0,0.0,0.0,0.0,0.0,0.0,0.0,0.0,0.0,0.0,0.0,0,0.0,0
00796B,中信中國債7-10,上櫃指數股票型基金(ETF),0.0,0.0,0.0,0.0,0.0,0.0,0.0,0.0,0.0,0.0,0.0,0.0,0.0,0.0,0.0,0.0,0.0,0.0,0,0.0,0
020010,永昌富櫃200N,指數投資證券(ETN),0.0,0.0,0.0,0.0,0.0,0.0,0.0,0.0,0.0,0.0,0.0,0.0,0.0,0.0,0.0,0.0,0.0,0.0,0,0.0,0
5820,日盛金,金融業,0.0,0.0,0.0,0.0,0.0,0.0,0.0,0.0,0.0,0.0,0.0,0.0,0.0,0.0,0.0,0.0,0.0,0.0,0,0.0,0
3642,駿熠電,其他電子類,0.0,0.0,0.0,0.0,0.0,0.0,0.0,0.0,0.0,0.0,0.0,0.0,0.0,0.0,0.0,0.0,0.0,0.0,0,0.0,0
00745B,富邦中政債0-1,上櫃指數股票型基金(ETF),0.0,0.0,0.0,0.0,0.0,0.0,0.0,0.0,0.0,0.0,0.0,0.0,0.0,0.0,0.0,0.0,0.0,0.0,0,0.0,0
02003L,永豐富櫃200正2N,指數投資證券(ETN),0.0,0.0,0.0,0.0,0.0,0.0,0.0,0.0,0.0,0.0,0.0,0.0,0.0,0.0,0.0,0.0,0.0,0.0,0,0.0,0
020013,元富亞洲高股息N,指數投資證券(ETN),0.0,0.0,0.0,0.0,0.0,0.0,0.0,0.0,0.0,0.0,0.0,0.0,0.0,0.0,0.0,0.0,0.0,0.0,0,0.0,0
00747B,FH中國政策債,上櫃指數股票型基金(ETF),0.0,0.0,0.0,0.0,0.0,0.0,0.0,0.0,0.0,0.0,0.0,0.0,0.0,0.0,0.0,0.0,0.0,0.0,0,0.0,0
020014,元大富櫃200N,指數投資證券(ETN),0.0,0.0,0.0,0.0,0.0,0.0,0.0,0.0,0.0,0.0,0.0,0.0,0.0,0.0,0.0,0.0,0.0,0.0,0,0.0,0
6247,淇譽電,其他電子類,0.0,0.0,0.0,0.0,0.0,0.0,0.0,0.0,0.0,0.0,0.0,0.0,0.0,0.0,0.0,0.0,0.0,0.0,0,0.0,0
00748B,凱基中國債3-10,上櫃指數股票型基金(ETF),0.0,0.0,0.0,0.0,0.0,0.0,0.0,0.0,0.0,0.0,0.0,0.0,0.0,0.0,0.0,0.0,0.0,0.0,0,0.0,0
6873,泓德能源-創,創新板股票,3.67,9040441000.0,2463335422.343324,1.58,7616644954.787184,3.09,22.83,28.15,11.11,39.26,34.33,121.31,70.53,78.8,0.9,0.44,1.54,71.8,34,0.0,0
6869,雲豹能源-創,創新板股票,-4.2,6926950000.0,0.0,0.0,7202178527.846516,0.0,34.06,84.41,10.17,94.58,0.0,0.0,0.0,77.3,0.0,0.0,0.0,132.39,34,0.58,2
6594,展匯科,半導體業,0.0,0.0,0.0,0.0,0.0,0.0,0.0,0.0,0.0,0.0,0.0,0.0,0.0,0.0,0.0,0.0,0.0,0.0,0,0.0,0
2432,倚天,通信網路業,1.9,3191297000.0,1679630000.0,1.32,4744368540.226246,2.82,16.09,7.29,12.92,20.21,36.43,56.99,45.36,28.5,1.59,1.28,2.0,1.17,10,3.51,13
00765B,群益中國政金債,上櫃指數股票型基金(ETF),0.0,0.0,0.0,0.0,0.0,0.0,0.0,0.0,0.0,0.0,0.0,0.0,0.0,0.0,0.0,0.0,0.0,0.0,0,0.0,0
1258,其祥-KY,食品工業,0.0,0.0,0.0,0.0,0.0,0.0,0.0,0.0,0.0,0.0,0.0,0.0,0.0,0.0,0.0,0.0,0.0,0.0,0,0.0,0
5701,劍湖山,觀光事業,-0.26,534902000.0,0.0,0.0,511358245.99220747,0.0,0.0,0.0,0.0,0.0,0.0,0.0,0.0,5.96,0.0,0.0,0.0,2.39,3,3.63,5
5905,南仁湖,貿易百貨,-0.63,1067250000.0,0.0,0.0,4078651178.840355,0.0,0.0,0.0,0.0,0.0,0.0,0.0,0.0,8.7,0.0,0.0,0.0,69.62,71,12.56,61
8077,洛碁,觀光事業,6.03,1080743000.0,179227694.85903814,3.19,1093334481.3278155,6.1,9.75,8.08,6.29,14.37,38.37,87.66,59.46,49.95,1.19,0.77,1.75,0.0,0,7.9,141
5904,寶雅,貿易百貨,29.63,25264824000.0,852677151.5356058,16.46,28443353413.724804,33.36,18.04,7.23,14.28,21.51,476.38,717.57,601.95,625.0,0.96,0.76,1.15,1.87,90,2.0,23
8477,創業家,電子商務業,-0.92,442180000.0,0.0,0.0,320279589.9483032,0.0,0.0,0.0,0.0,0.0,0.0,0.0,0.0,17.2,0.0,0.0,0.0,19.34,22,5.98,77
5903,全家,貿易百貨,7.6,109171999000.0,14364736710.526316,3.97,119271021737.00832,8.3,18.58,16.27,10.96,27.23,90.97,226.01,154.2,188.0,0.82,0.48,1.2,1.31,3,3.18,48
5706,鳳凰,觀光事業,3.41,3142660000.0,921601173.0205278,1.53,2955469833.8154335,3.21,16.46,9.87,12.21,22.08,39.19,70.88,52.84,54.0,0.98,0.73,1.31,2.05,3,7.02,14
5704,老爺知,觀光事業,0.39,310605000.0,796423076.9230769,0.18,320422631.10133666,0.4,31.49,70.54,12.02,82.56,4.81,33.02,12.6,21.2,0.59,0.23,1.56,3.61,69,10.24,79
5703,亞都,觀光事業,0.53,448515000.0,846254716.981132,0.32,482799562.8037882,0.57,56.7,80.99,20.77,101.76,11.84,58.0,32.32,13.6,2.38,0.87,4.26,0.0,0,0.0,0
6741,91APP*-KY,電子商務業,4.41,1766188000.0,400496145.1247165,2.74,2304041306.07718,5.75,20.06,14.96,13.52,28.48,77.74,163.76,115.36,62.0,1.86,1.25,2.64,2.27,15,5.86,54
3522,御頂,觀光事業,-2.66,1143962000.0,0.0,0.0,1246090455.5940866,0.0,0.0,0.0,0.0,0.0,0.0,0.0,0.0,11.8,0.0,0.0,0.0,83.73,70,18.3,183
3171,新洲,貿易百貨,4.3,1843259000.0,428664883.7209303,3.17,3451809590.930299,8.05,13.79,9.64,10.41,20.05,83.8,161.4,110.97,71.6,1.55,1.17,2.25,38.74,111,37.28,83
1259,安心,觀光事業,2.45,6045389000.0,2467505714.285714,1.24,6239747523.6742525,2.53,38.0,61.2,13.33,74.53,33.72,188.56,96.14,58.0,1.66,0.58,3.25,0.0,0,13.05,148
3085,新零售,電子商務業,-0.56,56566000.0,0.0,0.0,66318684.64368339,0.0,0.0,0.0,0.0,0.0,0.0,0.0,0.0,12.15,0.0,0.0,0.0,0.0,0,37.11,6
6195,詩肯,貿易百貨,0.99,2207685000.0,2229984848.4848485,0.58,2469745959.0730677,1.11,20.64,14.91,13.13,28.04,14.57,31.12,22.92,27.5,0.83,0.53,1.13,0.23,3,1.14,2
6763,綠界科技,電子商務業,4.21,1725309000.0,409812114.01425177,2.3,1945522473.0855746,4.75,30.44,229.21,10.3,239.51,48.92,1137.67,144.58,47.4,3.05,1.03,24.0,8.63,71,16.07,14
5278,尚凡,電子商務業,1.05,2602370000.0,2478447619.047619,0.54,3026928920.376007,1.22,43.46,412.05,17.28,429.33,21.08,523.78,53.02,24.15,2.2,0.87,21.69,20.15,161,60.0,48
1268,漢來美食,觀光事業,10.12,6246514000.0,617244466.4031621,5.92,7006529234.836589,11.35,16.16,6.31,12.13,18.44,137.68,209.29,183.46,169.5,1.08,0.81,1.23,1.78,14,8.25,84
8433,弘帆,貿易百貨,3.18,3398355000.0,1068665094.3396226,1.69,4005288645.9202924,3.75,11.88,13.76,6.27,20.03,23.51,75.11,44.54,54.0,0.82,0.44,1.39,5.31,28,4.56,48
5902,德記,貿易百貨,2.24,2297474000.0,1025658035.7142856,1.01,2024265561.859775,1.97,19.9,7.18,15.83,23.01,31.19,45.33,39.2,35.1,1.12,0.89,1.29,24.68,55,5.06,89
8472,夠麻吉,電子商務業,-1.3,487533000.0,0.0,0.0,599738600.4087449,0.0,0.0,0.0,0.0,0.0,0.0,0.0,0.0,85.5,0.0,0.0,0.0,12.87,31,273.68,64
2718,晶悅,觀光事業,16.94,2992167000.0,176633234.9468713,1.39,567364437.6082106,3.21,8.05,47.15,1.24,48.39,3.98,155.33,25.83,51.0,0.51,0.08,3.05,35.0,57,25.0,147
8940,新天地,觀光事業,0.55,1601200000.0,2911272727.272727,0.34,1612334232.0681245,0.55,63.34,203.79,11.21,215.0,6.17,118.25,34.84,17.0,2.05,0.36,6.96,1.33,17,6.67,138
2736,富野,觀光事業,-1.74,520517000.0,0.0,0.0,572024943.4934614,0.0,0.0,0.0,0.0,0.0,0.0,0.0,0.0,12.05,0.0,0.0,0.0,0.0,0,6.55,9
2740,天蔥,觀光事業,-3.19,142213000.0,0.0,0.0,53696112.916006334,0.0,0.0,0.0,0.0,0.0,0.0,0.0,0.0,27.45,0.0,0.0,0.0,0.0,0,0.0,0
8044,網家,電子商務業,-4.62,36819770000.0,0.0,0.0,39273223522.579414,0.0,0.0,0.0,0.0,0.0,0.0,0.0,0.0,31.15,0.0,0.0,0.0,76.23,142,0.0,0
2739,寒舍,觀光事業,2.36,5167860000.0,2189771186.440678,1.27,5233336255.351203,2.39,16.46,43.63,6.31,49.94,15.08,119.36,39.35,35.8,1.1,0.42,3.33,7.64,35,3.3,15
4804,大略-KY,觀光事業,-1.51,130783000.0,0.0,0.0,141774850.71475768,0.0,0.0,0.0,0.0,0.0,0.0,0.0,0.0,3.27,0.0,0.0,0.0,68.23,31,156.72,57
5364,力麗店,觀光事業,-0.77,337668000.0,0.0,0.0,187648012.35030156,0.0,0.0,0.0,0.0,0.0,0.0,0.0,0.0,8.72,0.0,0.0,0.0,174.86,72,0.0,0
2734,易飛網,觀光事業,-1.41,1626979000.0,0.0,0.0,2049386396.0932064,0.0,34.59,63.99,14.87,78.86,0.0,0.0,0.0,15.45,0.0,0.0,0.0,0.0,0,2.26,14
2916,滿心,貿易百貨,3.96,1986414000.0,501619696.969697,2.08,1989971195.9341638,3.97,11.94,5.56,9.6,15.16,38.11,60.19,47.39,41.8,1.13,0.91,1.44,3.3,17,0.0,0
2732,六角,觀光事業,1.08,4231906000.0,3918431481.481481,0.67,5668647335.141725,1.45,36.43,70.48,15.43,85.91,22.37,124.57,52.83,64.2,0.82,0.35,1.94,2.68,20,0.0,0
2731,雄獅,觀光事業,17.49,29836786000.0,1705934019.4396799,9.34,33331782625.555126,19.54,10.58,8.9,6.99,15.89,136.58,310.49,206.76,152.0,1.36,0.9,2.04,8.44,30,13.71,152
2924,宏太-KY,貿易百貨,-1.17,59042000.0,0.0,0.0,95356685.1163193,0.0,0.0,0.0,0.0,0.0,0.0,0.0,0.0,0.0,0.0,0.0,0.0,75.05,56,0.0,0
2729,瓦城,觀光事業,7.16,6114633000.0,853999022.3463687,3.81,6447167935.669734,7.55,22.51,8.66,18.71,27.37,141.26,206.64,169.93,164.0,1.04,0.86,1.26,4.27,27,0.0,0
2727,王品,觀光事業,16.01,23220546000.0,1450377638.97564,8.88,25683614209.02743,17.71,14.4,3.94,11.8,15.74,208.98,278.76,254.94,246.5,1.03,0.85,1.13,3.56,142,1.81,9
2701,萬企,觀光事業,0.56,260225000.0,464687499.99999994,0.28,260575737.25922105,0.56,21.38,7.39,17.89,25.28,10.02,14.16,11.97,10.55,1.13,0.95,1.34,2.29,17,0.0,0
2726,雅茗-KY,觀光事業,-3.56,570200000.0,0.0,0.0,507369077.67530847,0.0,41.06,141.89,4.2,146.09,0.0,0.0,0.0,9.8,0.0,0.0,0.0,9.98,41,6.55,37
2937,集雅社,貿易百貨,4.15,5120538000.0,1233864578.313253,2.27,5665071912.313295,4.59,11.48,4.64,9.28,13.92,42.6,63.89,52.72,0.0,0.0,0.0,0.0,12.15,182,0.0,0
2702,華園,觀光事業,-0.35,1403236000.0,0.0,0.0,1445178902.9271228,0.0,45.24,50.88,23.33,74.21,0.0,0.0,0.0,13.0,0.0,0.0,0.0,5.19,14,7.09,8
2724,富驛-KY,觀光事業,-0.21,159698000.0,0.0,0.0,211470034.0811783,0.0,9.05,9.78,4.97,14.75,0.0,0.0,0.0,12.35,0.0,0.0,0.0,14.78,44,11.74,20
2704,國賓,觀光事業,0.57,1361054000.0,2387814035.0877194,0.3,1367592857.4376616,0.57,44.54,105.77,12.12,117.89,6.91,67.2,25.39,45.6,0.56,0.15,1.47,3.84,2,2.12,83
2705,六福,觀光事業,0.87,2277851000.0,2618219540.229885,0.41,2188223455.679964,0.84,70.09,123.98,16.85,140.83,14.15,118.3,58.87,16.5,3.57,0.86,7.17,2.74,3,0.54,9
9943,好樂迪,觀光事業,5.4,2431559000.0,450288703.7037037,2.66,2256139827.1633296,5.01,16.42,7.16,13.44,20.6,67.33,103.21,82.25,57.6,1.43,1.17,1.79,0.67,2,2.99,13
8066,來思達,貿易百貨,-3.49,4567654000.0,0.0,0.0,3839818705.136231,0.0,630.83,1416.11,28.89,1445.0,0.0,0.0,0.0,15.55,0.0,0.0,0.0,1.0,15,5.34,105
2723,美食-KY,觀光事業,-2.47,18376224000.0,0.0,0.0,15757286774.783047,0.0,29.41,29.44,17.23,46.67,0.0,0.0,0.0,66.9,0.0,0.0,0.0,13.82,182,0.0,0
2706,第一店,觀光事業,0.64,376284000.0,587943750.0,0.31,382820085.91800153,0.65,22.13,9.1,17.76,26.86,11.54,17.46,14.38,12.5,1.15,0.92,1.4,0.96,3,2.59,83
2722,夏都,觀光事業,-0.49,571971000.0,0.0,0.0,555598850.4174652,0.0,408.52,1669.86,55.14,1725.0,0.0,0.0,0.0,23.3,0.0,0.0,0.0,0.0,0,7.61,15
2707,晶華,觀光事業,11.42,6817181000.0,596951050.7880911,6.26,7048657380.429582,11.81,17.64,8.23,12.25,20.48,144.67,241.87,208.28,179.0,1.16,0.81,1.35,0.0,0,5.17,84
2719,燦星旅,觀光事業,-0.15,1982797000.0,0.0,0.0,1618332150.1936848,0.0,27.89,46.97,11.59,58.56,0.0,0.0,0.0,25.2,0.0,0.0,0.0,0.0,0,3.44,14
2947,振宇五金,貿易百貨,3.29,2297483000.0,698323100.3039514,1.7,2440674181.504536,3.5,25.84,12.64,22.25,34.89,77.88,122.12,90.44,79.1,1.14,0.98,1.54,6.42,20,8.71,13
9960,邁達康,貿易百貨,1.75,672255000.0,384145714.28571427,1.01,777757700.3613342,2.02,13.14,10.11,10.12,20.23,20.44,40.86,26.54,32.0,0.83,0.64,1.28,4.96,44,1.01,56
2712,遠雄來,觀光事業,-0.39,533043000.0,0.0,0.0,545248356.4835355,0.0,122.14,21.45,106.88,128.33,0.0,0.0,0.0,15.2,0.0,0.0,0.0,1.99,2,14.75,14
2743,山富,觀光事業,4.72,6629870000.0,1404633474.5762713,2.42,7095742838.634555,5.05,15.84,27.12,9.09,36.21,45.9,182.86,80.01,69.0,1.16,0.67,2.65,3.91,22,14.78,26
2745,五福,觀光事業,10.01,8661695000.0,865304195.8041959,5.66,10111632415.08944,11.69,11.23,7.74,8.04,15.78,93.99,184.47,131.29,108.0,1.22,0.87,1.71,2.37,22,24.39,14
8462,柏文,觀光事業,8.49,5966497000.0,702767608.9517078,4.77,7190066425.155895,10.23,27.74,36.81,14.71,51.52,150.48,527.05,283.78,139.0,2.04,1.08,3.79,20.25,83,30.38,72
2755,揚秦,觀光事業,7.02,2990934000.0,426058974.3589744,3.98,3585443656.1414227,8.42,20.57,8.62,16.79,25.41,141.37,213.95,173.19,138.5,1.25,1.02,1.54,9.01,182,21.07,64
5301,寶得利,觀光事業,-1.36,238825000.0,0.0,0.0,204535320.41497827,0.0,0.0,0.0,0.0,0.0,0.0,0.0,0.0,6.95,0.0,0.0,0.0,0.0,0,141.88,147
2753,八方雲集,觀光事業,12.85,8764223000.0,682040700.3891051,6.74,9295187593.306633,13.63,17.57,9.1,12.77,21.87,174.06,298.09,239.46,187.0,1.28,0.93,1.59,0.3,1,23.3,147
2754,亞洲藏壽司,觀光事業,2.36,5729128000.0,2427596610.169492,1.2,6018670523.863875,2.48,39.91,74.28,16.26,90.54,40.32,224.54,98.98,68.0,1.46,0.59,3.3,2.82,17,27.22,90
2756,聯發國際,觀光事業,3.93,1122844000.0,285710941.475827,2.14,1496998081.693321,5.24,31.59,44.12,14.87,58.99,77.92,309.11,165.55,59.8,2.77,1.3,5.17,40.53,20,12.28,30
2752,豆府,觀光事業,15.04,4051634000.0,269390558.5106383,8.15,4473478889.295878,16.61,14.83,7.67,11.19,18.86,185.87,313.26,246.34,180.0,1.37,1.03,1.74,1.84,27,2.08,154
6728,上洋,貿易百貨,9.77,4548540000.0,465561924.2579325,5.54,4818980327.351822,10.35,12.58,5.81,10.53,16.34,108.99,169.12,130.22,110.0,1.18,0.99,1.54,3.04,20,14.55,12
5287,數字,電子商務業,13.94,2316918000.0,166206456.24103302,6.87,2298455603.213835,13.83,13.99,6.32,10.39,16.71,143.69,231.1,193.52,148.5,1.3,0.97,1.56,0.0,0,2.25,70
8941,關中,貿易百貨,1.16,3009319000.0,2594240517.2413793,0.59,2906695658.5562396,1.12,20.49,40.26,7.97,48.23,8.93,54.02,22.95,43.5,0.53,0.21,1.24,2.7,10,0.88,12
2748,雲品,觀光事業,2.17,2448032000.0,1128125345.62212,1.23,2512915822.3936286,2.23,19.11,9.18,13.61,22.79,30.35,50.82,42.62,40.4,1.05,0.75,1.26,1.0,3,1.79,49
3252,海灣,觀光事業,0.13,496920000.0,3822461538.4615383,0.07,507152901.4252053,0.13,159.64,84.03,117.33,201.36,15.25,26.18,20.75,17.7,1.17,0.86,1.48,1.14,10,1.5,84
6689,伊雲谷,其他電子業,2.3,12667665000.0,5507680434.782609,1.11,11664113446.52713,2.12,36.35,17.87,28.45,46.32,60.31,98.2,77.06,67.0,1.15,0.9,1.47,16.82,28,3.23,15
4536,拓凱,其他,14.92,9439769000.0,632692292.2252011,7.37,8757411224.231312,13.84,11.1,7.25,7.74,14.99,107.12,207.46,153.66,163.0,0.94,0.66,1.27,13.79,134,3.17,111
8438,昶昕,其他,2.1,3770840000.0,1795638095.238095,1.35,5113078433.561581,2.85,21.92,37.91,11.38,49.29,32.43,140.48,62.46,92.5,0.68,0.35,1.52,30.05,66,10.83,82
8473,山林水,其他,2.55,4934180000.0,1934972549.019608,1.32,5790066539.522118,2.99,26.75,36.58,12.05,48.63,36.03,145.4,79.98,50.0,1.6,0.72,2.91,30.65,31,29.83,124
5306,桂盟,其他,7.66,4729350000.0,617408616.1879896,4.24,4819459865.181357,7.81,15.79,19.75,9.58,29.33,74.82,229.07,123.35,85.7,1.44,0.87,2.67,13.78,77,7.1,15
8467,波力-KY,其他,10.04,2544953000.0,253481374.50199205,4.4,2213949626.863101,8.73,18.31,24.06,10.73,34.79,93.67,303.72,159.82,125.5,1.27,0.75,2.42,77.62,183,14.78,83
1598,岱宇,生技醫療業,-3.35,6329286000.0,0.0,0.0,5467051913.532939,0.0,88.77,174.56,44.11,218.67,0.0,0.0,0.0,20.2,0.0,0.0,0.0,6.67,24,0.0,0
9935,慶豐富,其他,1.64,4981019000.0,3037206707.3170733,0.82,5141471716.980975,1.69,13.83,14.5,8.55,23.05,14.45,38.95,23.37,19.3,1.21,0.75,2.02,39.84,129,0.0,0
3054,立萬利,半導體業,1.96,126498000.0,64539795.91836735,4.48,945319714.2192467,14.65,35.65,36.39,19.26,55.65,282.16,815.27,522.22,67.7,7.71,4.17,12.04,16.92,171,16.56,182
9934,成霖,其他,-0.29,17486056000.0,0.0,0.0,18075419267.19283,0.0,20.91,55.35,8.18,63.53,0.0,0.0,0.0,10.2,0.0,0.0,0.0,2.51,2,3.88,82
1472,三洋實業,紡織纖維,6.4,3601026000.0,562660312.5,3.37,3822835476.3638234,6.79,19.68,24.51,12.44,36.95,84.47,250.89,133.64,91.0,1.47,0.93,2.76,1.24,2,3.99,19
2442,新美齊,電子工業,5.25,1316248000.0,250713904.76190478,53.42,15198786793.682325,60.62,19.1,32.24,3.47,35.71,210.35,2164.74,1157.96,19.85,58.34,10.6,109.05,23.87,44,17.42,78
3130,一零四,資訊服務業,14.7,2657992000.0,180815782.3129252,7.56,2842033734.931545,15.72,15.7,3.47,14.57,18.04,229.04,283.59,246.86,224.0,1.1,1.02,1.27,3.62,20,1.74,21
8464,億豐,其他,22.53,30041892000.0,1333417310.252996,11.35,29834587266.977398,22.37,18.25,11.78,12.5,24.28,279.62,543.14,408.31,358.0,1.14,0.78,1.52,41.21,122,20.07,57
8454,富邦媒,貿易百貨,11.58,109217017000.0,9431521329.879103,5.63,109422243405.63165,11.6,22.22,28.03,14.86,42.89,172.38,497.52,257.81,341.0,0.76,0.51,1.46,0.0,0,2.51,40
2062,橋椿,其他,0.38,6372187000.0,16768913157.894737,0.21,6779780027.461398,0.4,23.83,88.64,8.03,96.67,3.21,38.67,9.53,19.0,0.5,0.17,2.04,48.93,97,5.51,64
9955,佳龍,其他,0.54,1409673000.0,2610505555.5555553,0.35,2023305749.6674364,0.78,50.17,29.14,36.97,66.11,28.84,51.57,39.13,26.95,1.45,1.07,1.91,23.02,64,4.95,167
6581,鋼聯,其他,6.17,2095016000.0,339548784.4408428,4.0,2436400419.8877826,7.18,16.63,10.63,12.45,23.08,89.39,165.71,119.38,109.0,1.1,0.82,1.52,19.32,133,2.27,112
6806,森崴能源,其他,-57.89,27598134000.0,0.0,0.0,18514443239.833706,0.0,33.78,41.61,18.13,59.74,0.0,0.0,0.0,3.24,0.0,0.0,0.0,33.82,24,4.77,26
1439,雋揚,紡織纖維,3.21,548585000.0,170898753.894081,2.15,1187582247.9247797,6.95,14.66,14.08,8.02,22.1,55.74,153.6,101.9,25.3,4.03,2.2,6.07,17.03,73,1.83,13
6754,匯僑設計,其他,3.4,3632574000.0,1068404117.6470588,1.3,2912831983.0637736,2.73,11.75,5.89,8.48,14.37,23.15,39.23,32.07,45.5,0.7,0.51,0.86,38.2,62,0.96,9
9802,鈺齊-KY,其他,6.05,17333351000.0,2865016694.214876,3.02,16796632886.93287,5.86,17.74,21.72,12.24,33.96,71.73,199.01,103.94,77.2,1.35,0.93,2.58,0.0,0,4.04,15
3708,上緯投控,化學生技醫療,35.56,6151654000.0,172993644.54443192,2.82,768361260.5015745,4.44,44.01,107.22,2.78,110.0,12.34,488.4,195.42,116.5,1.68,0.11,4.19,12.09,17,96.95,65
9904,寶成,其他,4.1,253268990000.0,61772924390.243904,2.07,243814844773.29483,3.95,7.16,4.42,4.94,9.36,19.51,36.97,28.28,26.15,1.08,0.75,1.41,20.44,174,12.7,14
2424,隴華,電腦及週邊設備業,-1.34,212664000.0,0.0,0.0,132292239.82243621,0.0,0.0,0.0,0.0,0.0,0.0,0.0,0.0,10.6,0.0,0.0,0.0,174.06,119,8.76,5
3557,嘉威,其他,0.13,4367859000.0,33598915384.615383,0.07,3649287592.5124674,0.11,300.63,3173.47,6.53,3180.0,0.72,349.8,33.07,26.65,1.24,0.03,13.13,10.82,175,2.11,7
8422,可寧衛,其他,3.77,4921714000.0,1305494429.7082229,2.39,5480841511.61694,4.2,19.82,23.77,13.84,37.61,58.13,157.96,83.23,28.1,2.96,2.07,5.62,1.04,2,39.28,140
1736,喬山,生技醫療業,9.07,53154689000.0,5860494928.335171,4.88,58583476603.47484,10.0,23.88,39.05,12.25,51.3,122.5,513.0,238.77,119.5,2.0,1.03,4.29,126.27,178,22.41,106
9910,豐泰,其他,5.1,83553386000.0,16383016862.7451,2.41,80943504667.43272,4.94,21.65,16.22,13.49,29.71,66.64,146.77,106.94,72.6,1.47,0.92,2.02,0.91,7,12.03,113
6670,復盛應用,其他,22.49,29763472000.0,1323409159.6265008,13.16,32356636590.773094,24.45,12.02,6.03,9.08,15.11,222.01,369.44,293.84,287.5,1.02,0.77,1.29,12.63,170,3.5,15
8482,商億-KY,其他,2.3,3480536000.0,1513276521.7391305,1.21,3692740626.397904,2.44,19.59,29.72,12.23,41.95,29.84,102.36,47.8,0.0,0.0,0.0,0.0,30.48,183,8.81,13
9914,美利達,其他,4.01,26935538000.0,6717091770.573566,1.72,22482276591.057854,3.35,32.68,34.95,13.89,48.84,46.53,163.61,109.49,72.1,1.52,0.65,2.27,8.39,44,11.79,48
8341,日友,其他,4.48,4002425000.0,893398437.4999999,2.44,4634428485.089712,5.19,21.73,24.73,15.58,40.31,80.86,209.21,112.8,79.6,1.42,1.02,2.63,2.46,21,12.97,141
9911,櫻花,其他,6.26,10160374000.0,1623062939.2971246,3.43,10915319129.234102,6.73,14.31,4.78,12.81,17.59,86.21,118.38,96.27,82.5,1.17,1.04,1.43,13.4,43,3.14,35
8478,東哥遊艇,其他,13.25,4888412000.0,368936754.7169811,6.15,4906620964.090847,13.3,22.81,49.32,9.14,58.46,121.56,777.52,303.43,151.0,2.01,0.81,5.15,10.07,14,53.09,16
1432,大魯閣,貿易百貨,6.03,1324663000.0,219678772.8026534,2.01,877141823.4647415,3.99,38.8,82.69,2.74,85.43,10.93,340.87,154.8,17.6,8.8,0.62,19.37,21.19,160,5.97,174
6768,志強-KY,其他,6.78,20464647000.0,3018384513.2743363,3.53,19271252097.030895,6.38,15.9,16.65,10.95,27.6,69.86,176.09,101.43,85.7,1.18,0.82,2.05,67.76,160,9.29,112
6807,峰源-KY,其他,4.69,4368245000.0,931395522.3880596,1.89,3210938631.6684313,3.45,8.9,8.12,5.37,13.49,18.53,46.54,30.71,33.65,0.91,0.55,1.38,64.57,148,0.55,13
9930,中聯資源,其他,4.96,14021406000.0,2826896370.967742,2.42,13208144536.163609,4.67,15.13,5.61,13.53,19.14,63.19,89.38,70.68,70.0,1.01,0.9,1.28,11.94,44,0.0,0
6671,三能-KY,其他,3.18,1985487000.0,624366981.1320754,1.45,1803927181.3130763,2.89,13.9,4.66,11.13,15.79,32.17,45.63,40.17,25.75,1.56,1.25,1.77,5.38,29,4.16,29
9924,福興,其他,3.17,7457017000.0,2352371293.3753943,1.39,6642568251.21943,2.82,11.66,8.7,8.57,17.27,24.17,48.7,32.9,40.65,0.81,0.59,1.2,15.75,111,16.72,180
6641,基士德-KY,其他,0.45,1773564000.0,3941253333.333333,0.23,1868146008.9578285,0.47,64.7,204.41,12.59,217.0,5.92,101.99,30.41,18.35,1.66,0.32,5.56,2.8,24,4.5,7
9921,巨大,其他,1.84,60780700000.0,33032989130.43478,0.82,51719304309.68583,1.57,77.91,266.08,22.08,288.16,34.67,452.41,122.32,74.1,1.65,0.47,6.11,14.55,64,9.13,36
6123,上奇,電腦及週邊設備業,2.72,5094560000.0,1872999999.9999998,1.2,4641230280.609076,2.48,16.3,5.1,13.42,18.52,33.28,45.93,40.41,43.0,0.94,0.77,1.07,0.86,2,9.8,96
8420,明揚,其他,0.0,0.0,0.0,0.0,0.0,0.0,0.0,0.0,0.0,0.0,0.0,0.0,0.0,40.6,0.0,0.0,0.0,1.7,29,0.0,0
6690,安碁資訊,資訊服務業,10.22,2397800000.0,234618395.3033268,5.58,2800058302.722486,11.93,20.38,15.61,14.26,29.87,170.12,356.35,243.14,179.0,1.36,0.95,1.99,50.42,28,2.18,58
8390,金益鼎,其他,6.6,4649007000.0,704395000.0,4.49,6117742037.98019,8.69,14.68,10.71,10.27,20.98,89.25,182.32,127.58,114.0,1.12,0.78,1.6,42.29,24,54.36,182
8440,綠電,其他,0.31,942226000.0,3039438709.677419,0.14,800967167.2134221,0.26,87.51,124.44,40.56,165.0,10.55,42.9,22.75,22.25,1.02,0.47,1.93,52.18,15,0.8,7
2640,大車隊,其他,9.01,3135467000.0,347998557.15871257,4.77,3300244239.0406117,9.48,15.34,8.2,13.44,21.64,127.41,205.15,145.42,152.5,0.95,0.84,1.35,8.75,181,1.49,30
4702,中美實,化學工業,0.89,79555000.0,89387640.4494382,0.37,62174155.660817616,0.7,32.01,129.71,6.4,136.11,4.48,95.28,22.41,10.15,2.21,0.44,9.39,3.42,20,0.44,5
3073,天方能源,半導體業,0.04,78469000.0,1961725000.0,0.05,286131934.9625542,0.15,188.81,722.31,17.69,740.0,2.65,111.0,28.32,21.2,1.34,0.12,5.24,212.41,34,0.0,0
4530,宏易,電機機械,0.34,326341000.0,959826470.5882353,0.25,581589661.90214,0.61,98.67,60.15,72.35,132.5,44.13,80.82,60.19,24.5,2.46,1.8,3.3,52.49,98,14.04,34
4609,唐鋒,電器電纜,-0.11,170353000.0,0.0,0.0,149749477.62400523,0.0,0.0,0.0,0.0,0.0,0.0,0.0,0.0,5.23,0.0,0.0,0.0,3.71,15,4.0,29
8087,華鎂鑫,光電業,-1.32,318083000.0,0.0,0.0,768156828.4606175,0.0,76.28,153.26,11.91,165.17,0.0,0.0,0.0,33.1,0.0,0.0,0.0,12.45,9,1.3,2
8423,保綠-KY,其他,0.73,372162000.0,509810958.9041096,0.4,398476738.40518427,0.78,32.24,24.19,20.47,44.66,15.97,34.83,25.15,17.75,1.42,0.9,1.96,17.77,15,2.61,83
3713,新晶投控,光電業,-1.13,281414000.0,0.0,0.0,444178502.9848684,0.0,0.0,0.0,0.0,0.0,0.0,0.0,0.0,15.65,0.0,0.0,0.0,66.59,15,36.3,91
4154,樂威科-KY,生技醫療業,-1.83,22250000.0,0.0,0.0,34319011.815252416,0.0,0.0,0.0,0.0,0.0,0.0,0.0,0.0,12.75,0.0,0.0,0.0,59.31,76,12.23,16
8171,天宇,通信網路業,-5.46,286330000.0,0.0,0.0,432377058.9636688,0.0,0.0,0.0,0.0,0.0,0.0,0.0,0.0,21.55,0.0,0.0,0.0,24.7,162,7.07,6
6804,明係,其他,-2.83,1356794000.0,0.0,0.0,1570392505.0345745,0.0,29.14,22.07,18.28,40.35,0.0,0.0,0.0,16.2,0.0,0.0,0.0,1.04,1,3.16,1
6629,泰金-KY,其他,6.46,1675172000.0,259314551.08359134,5.06,3115642498.4232135,12.01,14.17,16.37,7.01,23.38,84.19,280.79,170.22,114.0,1.49,0.74,2.46,42.52,80,75.54,141
3178,公準,電機機械,-0.46,1278448000.0,0.0,0.0,1201163839.0016432,0.0,620.85,3129.21,20.79,3150.0,0.0,0.0,0.0,65.6,0.0,0.0,0.0,1.36,17,39.98,71
8476,台境,其他,0.51,1133942000.0,2223415686.27451,0.28,1199318779.6711662,0.54,52.79,263.84,11.16,275.0,6.03,148.5,28.51,21.75,1.31,0.28,6.83,5.23,20,0.67,9
6624,萬年清,其他,0.36,655700000.0,1821388888.888889,0.16,478167095.93351156,0.26,79.32,181.16,27.26,208.42,7.09,54.19,20.62,42.5,0.49,0.17,1.28,3.76,16,0.0,0
8928,鉅明,其他,1.41,3443852000.0,2442448226.9503546,0.59,2551695661.2758937,1.04,43.91,167.95,9.16,177.11,9.53,184.19,45.66,21.1,2.16,0.45,8.73,0.0,0,2.07,49
3551,世禾,其他電子類,8.36,2943952000.0,352147368.42105263,4.72,3487946480.9673967,9.9,21.15,15.68,12.52,28.2,123.95,279.18,209.42,208.0,1.01,0.6,1.34,45.45,132,48.3,180
6616,特昇-KY,其他,-0.6,1063387000.0,0.0,0.0,802144976.3123299,0.0,74.45,12.89,67.37,80.26,0.0,0.0,0.0,9.53,0.0,0.0,0.0,1.67,3,0.48,78
1593,祺驊,生技醫療業,2.17,1236771000.0,569940552.9953917,1.17,1397193901.7948744,2.45,22.87,37.8,12.59,50.39,30.85,123.46,56.04,30.45,1.84,1.01,4.05,7.21,105,13.26,79
8924,大田,其他,5.63,4471774000.0,794276021.3143872,2.73,5472509860.017975,6.89,13.72,9.47,9.54,19.01,65.73,130.98,94.55,56.2,1.68,1.17,2.33,0.33,22,26.17,139
6803,崑鼎,其他,18.44,9581973000.0,519629772.23427325,8.99,9791076239.203596,18.84,16.77,3.62,15.47,19.09,291.45,359.66,316.01,286.5,1.1,1.02,1.26,0.48,2,1.17,7
8933,愛地雅,其他,-1.39,2377380000.0,0.0,0.0,1667353440.6618226,0.0,0.0,0.0,0.0,0.0,0.0,0.0,0.0,4.8,0.0,0.0,0.0,2.0,23,10.66,61
8938,明安,其他,6.19,15350061000.0,2479815993.5379643,3.18,14060177169.104502,5.67,16.92,43.8,7.47,51.27,42.35,290.7,95.93,53.2,1.8,0.8,5.46,1.31,55,8.31,170
5205,中茂,其他電子類,-1.43,24789000.0,0.0,0.0,37218980.438931294,0.0,0.0,0.0,0.0,0.0,0.0,0.0,0.0,24.9,0.0,0.0,0.0,71.18,41,0.0,0
6811,宏碁資訊,資訊服務業,14.37,9465495000.0,658698329.8538623,8.44,11347692139.912277,17.23,17.84,13.73,12.71,26.44,218.99,455.56,307.4,230.0,1.34,0.95,1.98,22.71,28,8.9,71
8916A,光隆甲特,其他,0.0,0.0,0.0,0.0,0.0,0.0,0.0,0.0,0.0,0.0,0.0,0.0,0.0,0.0,0.0,0.0,0.0,0.0,0,0.0,0
3089,億杰,電子零組件業,0.0,0.0,0.0,0.0,0.0,0.0,0.0,0.0,0.0,0.0,0.0,0.0,0.0,0.0,0.0,0.0,0.0,0.0,0,0.0,0
4129A,聯合甲特,生技醫療業,0.0,0.0,0.0,0.0,0.0,0.0,0.0,0.0,0.0,0.0,0.0,0.0,0.0,0.0,0.0,0.0,0.0,0.0,0,0.0,0
4944,兆遠,光電業,0.0,0.0,0.0,0.0,0.0,0.0,0.0,0.0,0.0,0.0,0.0,0.0,0.0,0.0,0.0,0.0,0.0,0.0,0,0.0,0
5281,大峽谷-KY,光電業,0.0,0.0,0.0,0.0,0.0,0.0,0.0,0.0,0.0,0.0,0.0,0.0,0.0,0.0,0.0,0.0,0.0,0.0,0,0.0,0
00744B,國泰中國政金債5+,上櫃指數股票型基金(ETF),0.0,0.0,0.0,0.0,0.0,0.0,0.0,0.0,0.0,0.0,0.0,0.0,0.0,0.0,0.0,0.0,0.0,0.0,0,0.0,0
6404,通訊-KY,資訊服務業,0.0,0.0,0.0,0.0,0.0,0.0,0.0,0.0,0.0,0.0,0.0,0.0,0.0,0.0,0.0,0.0,0.0,0.0,0,0.0,0
020024,兆豐富櫃200N,指數投資證券(ETN),0.0,0.0,0.0,0.0,0.0,0.0,0.0,0.0,0.0,0.0,0.0,0.0,0.0,0.0,0.0,0.0,0.0,0.0,0,0.0,0
02002L,兆豐富櫃200正二N,指數投資證券(ETN),0.0,0.0,0.0,0.0,0.0,0.0,0.0,0.0,0.0,0.0,0.0,0.0,0.0,0.0,0.0,0.0,0.0,0.0,0,0.0,0
8418,捷必勝-KY,其他,0.0,0.0,0.0,0.0,0.0,0.0,0.0,0.0,0.0,0.0,0.0,0.0,0.0,0.0,0.0,0.0,0.0,0.0,0,0.0,0
4712,南璋,食品工業,-2.16,0.0,0.0,0.0,0.0,0.0,0.0,0.0,0.0,0.0,0.0,0.0,0.0,0.0,0.0,0.0,0.0,0.0,0,0.0,0
5383,金利,其他電子類,0.0,0.0,0.0,0.0,0.0,0.0,0.0,0.0,0.0,0.0,0.0,0.0,0.0,0.0,0.0,0.0,0.0,0.0,0,0.0,0
8091,翔名,電子零組件業,5.91,2104250000.0,356049069.37394243,3.96,2997949505.467744,8.42,21.72,27.18,12.96,40.14,109.12,337.98,182.87,281.0,0.65,0.39,1.2,15.82,17,12.04,82
5432,新門,光電業,2.3,194274000.0,84466956.52173914,1.06,194955594.39101487,2.31,114.9,147.06,52.28,199.34,120.77,460.48,265.42,154.0,1.72,0.78,2.99,25.99,17,37.25,183
3465,進泰電子,電子零組件業,0.04,1723481000.0,43087025000.0,0.02,1820402298.0453174,0.04,152.82,1121.9,31.85,1153.75,1.27,46.15,6.11,36.3,0.17,0.03,1.27,11.28,10,5.2,2
6198,瑞築,半導體業,-0.23,233000.0,0.0,0.0,272217.8217821782,0.0,107.16,21.6,92.86,114.46,0.0,0.0,0.0,20.95,0.0,0.0,0.0,4.06,45,3.74,30
4419,元勝,紡織纖維,-1.45,2678472000.0,0.0,0.0,2699447896.497147,0.0,0.0,0.0,0.0,0.0,0.0,0.0,0.0,46.2,0.0,0.0,0.0,27.41,23,10.68,12
6865,偉康科技,資訊服務業,1.53,459035000.0,300022875.8169935,0.42,241538959.95883888,0.81,37.37,187.34,14.42,201.76,11.68,163.43,30.27,26.25,1.15,0.44,6.23,22.7,174,0.0,0
020026,兆豐上櫃ESG電菁N,指數投資證券(ETN),0.0,0.0,0.0,0.0,0.0,0.0,0.0,0.0,0.0,0.0,0.0,0.0,0.0,6.37,0.0,0.0,0.0,1.92,2,0.0,0
00831B,新光美債1-3,上櫃指數股票型基金(ETF),0.0,0.0,0.0,0.0,0.0,0.0,0.0,0.0,0.0,0.0,0.0,0.0,0.0,41.42,0.0,0.0,0.0,0.98,29,0.0,0
6514,芮特-KY,通信網路業,0.0,0.0,0.0,0.0,0.0,0.0,17.12,1.95,16.34,18.29,0.0,0.0,0.0,50.8,0.0,0.0,0.0,1.13,22,0.0,0
00721B,元大中國債3-5,上櫃指數股票型基金(ETF),0.0,0.0,0.0,0.0,0.0,0.0,0.0,0.0,0.0,0.0,0.0,0.0,0.0,48.06,0.0,0.0,0.0,4.31,49,0.0,0
6757,台灣虎航-創,創新版股票,5.38,16712901000.0,3106487174.7211895,3.28,20086174856.36776,6.47,12.32,9.63,8.28,17.91,53.57,115.88,79.72,58.2,1.37,0.92,1.99,69.66,169,2.31,33
1716,永信,化學生技醫療,10.75,0.0,0.0,0.0,0.0,0.0,0.0,0.0,0.0,0.0,0.0,0.0,0.0,0.0,0.0,0.0,0.0,0.0,0,0.0,0
4733,上緯,化學工業,0.0,0.0,0.0,0.0,0.0,0.0,0.0,0.0,0.0,0.0,0.0,0.0,0.0,0.0,0.0,0.0,0.0,0.0,0,0.0,0
1311,福聚,塑膠工業,0.0,0.0,0.0,0.0,0.0,0.0,0.0,0.0,0.0,0.0,0.0,0.0,0.0,0.0,0.0,0.0,0.0,0.0,0,0.0,0
1606,歌林,電器電纜,0.0,0.0,0.0,0.0,0.0,0.0,0.0,0.0,0.0,0.0,0.0,0.0,0.0,0.0,0.0,0.0,0.0,0.0,0,0.0,0
1230,聯成食,電器電纜,0.0,0.0,0.0,0.0,0.0,0.0,0.0,0.0,0.0,0.0,0.0,0.0,0.0,0.0,0.0,0.0,0.0,0.0,0,0.0,0
1523,開億,電機機械,0.0,0.0,0.0,0.0,0.0,0.0,0.0,0.0,0.0,0.0,0.0,0.0,0.0,0.0,0.0,0.0,0.0,0.0,0,0.0,0
1601,台光,電器電纜,0.0,0.0,0.0,0.0,0.0,0.0,0.0,0.0,0.0,0.0,0.0,0.0,0.0,0.0,0.0,0.0,0.0,0.0,0,0.0,0
6286,立錡,半導體業,0.0,0.0,0.0,0.0,0.0,0.0,0.0,0.0,0.0,0.0,0.0,0.0,0.0,0.0,0.0,0.0,0.0,0.0,0,0.0,0
3367,英華達,其他電子業,0.0,0.0,0.0,0.0,0.0,0.0,0.0,0.0,0.0,0.0,0.0,0.0,0.0,0.0,0.0,0.0,0.0,0.0,0,0.0,0
3599,旺能,電子工業,0.0,0.0,0.0,0.0,0.0,0.0,0.0,0.0,0.0,0.0,0.0,0.0,0.0,0.0,0.0,0.0,0.0,0.0,0,0.0,0
020007,凱基臺灣500N,ETN,0.0,0.0,0.0,0.0,0.0,0.0,0.0,0.0,0.0,0.0,0.0,0.0,0.0,0.0,0.0,0.0,0.0,0.0,0,0.0,0
3271,其樂達,電子工業,0.0,0.0,0.0,0.0,0.0,0.0,0.0,0.0,0.0,0.0,0.0,0.0,0.0,0.0,0.0,0.0,0.0,0.0,0,0.0,0
2473,思源,電子工業,0.0,0.0,0.0,0.0,0.0,0.0,0.0,0.0,0.0,0.0,0.0,0.0,0.0,0.0,0.0,0.0,0.0,0.0,0,0.0,0
020006,永昌中小300N,ETN,0.0,0.0,0.0,0.0,0.0,0.0,0.0,0.0,0.0,0.0,0.0,0.0,0.0,0.0,0.0,0.0,0.0,0.0,0,0.0,0
020002,元富新中國N,ETN,0.0,0.0,0.0,0.0,0.0,0.0,0.0,0.0,0.0,0.0,0.0,0.0,0.0,0.0,0.0,0.0,0.0,0.0,0,0.0,0
2418,雅新,電子工業,0.0,0.0,0.0,0.0,0.0,0.0,0.0,0.0,0.0,0.0,0.0,0.0,0.0,0.0,0.0,0.0,0.0,0.0,0,0.0,0
2361,鴻友,電腦及週邊設備業,0.0,0.0,0.0,0.0,0.0,0.0,0.0,0.0,0.0,0.0,0.0,0.0,0.0,0.0,0.0,0.0,0.0,0.0,0,0.0,0
2494,廣業科,電子工業,0.0,0.0,0.0,0.0,0.0,0.0,0.0,0.0,0.0,0.0,0.0,0.0,0.0,0.0,0.0,0.0,0.0,0.0,0,0.0,0
020005,永豐外資50N,ETN,0.0,0.0,0.0,0.0,0.0,0.0,0.0,0.0,0.0,0.0,0.0,0.0,0.0,0.0,0.0,0.0,0.0,0.0,0,0.0,0
020004,兆豐電菁英30N,ETN,0.0,0.0,0.0,0.0,0.0,0.0,0.0,0.0,0.0,0.0,0.0,0.0,0.0,0.0,0.0,0.0,0.0,0.0,0,0.0,0
3598,奕力,電子工業,0.0,0.0,0.0,0.0,0.0,0.0,0.0,0.0,0.0,0.0,0.0,0.0,0.0,0.0,0.0,0.0,0.0,0.0,0,0.0,0
6924,榮惠-KY創,創新版股票,5.69,1708679000.0,300295079.08611596,3.22,1886364134.811144,6.28,13.54,22.02,6.99,29.01,43.9,182.18,85.05,125.0,0.68,0.35,1.46,2.02,3,7.29,15
2452,乾坤,電子零組件業,0.0,0.0,0.0,0.0,0.0,0.0,0.0,0.0,0.0,0.0,0.0,0.0,0.0,0.0,0.0,0.0,0.0,0.0,0,0.0,0
3638,F-IML,電子工業,0.0,0.0,0.0,0.0,0.0,0.0,0.0,0.0,0.0,0.0,0.0,0.0,0.0,0.0,0.0,0.0,0.0,0.0,0,0.0,0
6902,GOGOLOOK-創,創新版股票,1.58,1032296000.0,653351898.7341772,0.92,1284514079.4694896,1.97,339.43,640.45,37.88,678.33,74.62,1336.31,668.68,133.0,5.03,0.56,10.05,0.0,0,4.67,21
6794,向榮生技-創,創新版股票,-1.89,34051000.0,0.0,0.0,17845243.47202938,0.0,0.0,0.0,0.0,0.0,0.0,0.0,0.0,79.4,0.0,0.0,0.0,1.97,14,50.32,96
2396,精碟,電子工業,0.0,0.0,0.0,0.0,0.0,0.0,0.0,0.0,0.0,0.0,0.0,0.0,0.0,0.0,0.0,0.0,0.0,0.0,0,0.0,0
2391,合勤,電子工業,0.0,0.0,0.0,0.0,0.0,0.0,0.0,0.0,0.0,0.0,0.0,0.0,0.0,0.0,0.0,0.0,0.0,0.0,0,0.0,0
2411,飛瑞,其他電子業,0.0,0.0,0.0,0.0,0.0,0.0,0.0,0.0,0.0,0.0,0.0,0.0,0.0,0.0,0.0,0.0,0.0,0.0,0,0.0,0
2384,勝華,電子工業,-1.46,0.0,0.0,0.0,0.0,0.0,0.0,0.0,0.0,0.0,0.0,0.0,0.0,0.0,0.0,0.0,0.0,0.0,0,0.0,0
3614,誠致,半導體業,0.0,0.0,0.0,0.0,0.0,0.0,0.0,0.0,0.0,0.0,0.0,0.0,0.0,0.0,0.0,0.0,0.0,0.0,0,0.0,0
1520,復盛,其他,0.0,0.0,0.0,0.0,0.0,0.0,0.0,0.0,0.0,0.0,0.0,0.0,0.0,0.0,0.0,0.0,0.0,0.0,0,0.0,0
3142,遠茂,電子工業,0.0,0.0,0.0,0.0,0.0,0.0,0.0,0.0,0.0,0.0,0.0,0.0,0.0,0.0,0.0,0.0,0.0,0.0,0,0.0,0
2381,華宇,電腦及週邊設備業,0.0,0.0,0.0,0.0,0.0,0.0,0.0,0.0,0.0,0.0,0.0,0.0,0.0,0.0,0.0,0.0,0.0,0.0,0,0.0,0
6280,崇貿,電子工業,0.0,0.0,0.0,0.0,0.0,0.0,0.0,0.0,0.0,0.0,0.0,0.0,0.0,0.0,0.0,0.0,0.0,0.0,0,0.0,0
6255,奈普,電子工業,0.0,0.0,0.0,0.0,0.0,0.0,0.0,0.0,0.0,0.0,0.0,0.0,0.0,0.0,0.0,0.0,0.0,0.0,0,0.0,0
6119,大傳,電子通路業,0.0,0.0,0.0,0.0,0.0,0.0,0.0,0.0,0.0,0.0,0.0,0.0,0.0,0.0,0.0,0.0,0.0,0.0,0,0.0,0
3053,鼎營,其他電子業,0.0,0.0,0.0,0.0,0.0,0.0,0.0,0.0,0.0,0.0,0.0,0.0,0.0,0.0,0.0,0.0,0.0,0.0,0,0.0,0
2479,和立,電子工業,0.0,0.0,0.0,0.0,0.0,0.0,0.0,0.0,0.0,0.0,0.0,0.0,0.0,0.0,0.0,0.0,0.0,0.0,0,0.0,0
020008,元大特股高息N,ETN,0.0,0.0,0.0,0.0,0.0,0.0,0.0,0.0,0.0,0.0,0.0,0.0,0.0,0.0,0.0,0.0,0.0,0.0,0,0.0,0
3150,鈺寶-創,創新版股票,-0.21,305785000.0,0.0,0.0,285878384.43088317,0.0,69.33,113.89,23.61,137.5,0.0,0.0,0.0,18.8,0.0,0.0,0.0,3.59,3,2.59,78
2350,環電,其他電子業,0.0,0.0,0.0,0.0,0.0,0.0,0.0,0.0,0.0,0.0,0.0,0.0,0.0,0.0,0.0,0.0,0.0,0.0,0,0.0,0
3214,元砷,電子工業,0.0,0.0,0.0,0.0,0.0,0.0,0.0,0.0,0.0,0.0,0.0,0.0,0.0,0.0,0.0,0.0,0.0,0.0,0,0.0,0
2254,巨鎧精密-創,創新版股票,-0.84,521879000.0,0.0,0.0,117399702.61017188,0.0,0.0,0.0,0.0,0.0,0.0,0.0,0.0,62.2,0.0,0.0,0.0,21.06,77,2.47,15
8008,建興電,電腦及週邊設備業,0.0,0.0,0.0,0.0,0.0,0.0,0.0,0.0,0.0,0.0,0.0,0.0,0.0,0.0,0.0,0.0,0.0,0.0,0,0.0,0
2403,友尚,電子工業,0.0,0.0,0.0,0.0,0.0,0.0,0.0,0.0,0.0,0.0,0.0,0.0,0.0,0.0,0.0,0.0,0.0,0.0,0,0.0,0
2526,大陸,建材營造,0.0,0.0,0.0,0.0,0.0,0.0,0.0,0.0,0.0,0.0,0.0,0.0,0.0,0.0,0.0,0.0,0.0,0.0,0,0.0,0
1107,建台,其他,0.0,0.0,0.0,0.0,0.0,0.0,0.0,0.0,0.0,0.0,0.0,0.0,0.0,0.0,0.0,0.0,0.0,0.0,0,0.0,0
2463,研揚,電腦及週邊設備業,0.0,0.0,0.0,0.0,0.0,0.0,0.0,0.0,0.0,0.0,0.0,0.0,0.0,0.0,0.0,0.0,0.0,0.0,0,0.0,0
6012,金鼎證,金融保險,0.0,0.0,0.0,0.0,0.0,0.0,0.0,0.0,0.0,0.0,0.0,0.0,0.0,0.0,0.0,0.0,0.0,0.0,0,0.0,0
3061,璨圓,光電業,0.0,0.0,0.0,0.0,0.0,0.0,0.0,0.0,0.0,0.0,0.0,0.0,0.0,0.0,0.0,0.0,0.0,0.0,0,0.0,0
6004,元京證,金融保險,0.0,0.0,0.0,0.0,0.0,0.0,0.0,0.0,0.0,0.0,0.0,0.0,0.0,0.0,0.0,0.0,0.0,0.0,0,0.0,0
2446,全懋,半導體業,0.0,0.0,0.0,0.0,0.0,0.0,0.0,0.0,0.0,0.0,0.0,0.0,0.0,0.0,0.0,0.0,0.0,0.0,0,0.0,0
3063,飛信,半導體業,0.0,0.0,0.0,0.0,0.0,0.0,0.0,0.0,0.0,0.0,0.0,0.0,0.0,0.0,0.0,0.0,0.0,0.0,0,0.0,0
2447,鼎新,資訊服務業,0.0,0.0,0.0,0.0,0.0,0.0,0.0,0.0,0.0,0.0,0.0,0.0,0.0,0.0,0.0,0.0,0.0,0.0,0,0.0,0
3080,威力盟,電子工業,0.0,0.0,0.0,0.0,0.0,0.0,0.0,0.0,0.0,0.0,0.0,0.0,0.0,0.0,0.0,0.0,0.0,0.0,0,0.0,0
6423,億而得-創,創新版股票,0.58,235415000.0,405887931.0344828,0.31,239409344.27820462,0.59,112.64,273.29,69.36,342.65,40.92,202.16,66.46,82.7,0.8,0.49,2.44,7.18,17,4.48,15
5854,合庫,金融保險,1.59,0.0,0.0,0.0,0.0,0.0,0.0,0.0,0.0,0.0,0.0,0.0,0.0,0.0,0.0,0.0,0.0,0.0,0,0.0,0
3534,雷凌,電子工業,0.0,0.0,0.0,0.0,0.0,0.0,0.0,0.0,0.0,0.0,0.0,0.0,0.0,0.0,0.0,0.0,0.0,0.0,0,0.0,0
6988,威力暘-創,創新版股票,-1.13,788074000.0,0.0,0.0,695520272.1321626,0.0,1202.03,2922.29,37.71,2960.0,0.0,0.0,0.0,14.0,0.0,0.0,0.0,17.93,105,7.48,62
2258,鴻華先進-創,創新版股票,-2.15,4269199000.0,0.0,0.0,3023126503.9432025,0.0,0.0,0.0,0.0,0.0,0.0,0.0,0.0,33.0,0.0,0.0,0.0,7.53,8,6.12,42
6969,成信實業*-創,創新版股票,-0.09,319390000.0,0.0,0.0,391780065.89435005,0.0,0.0,0.0,0.0,0.0,0.0,0.0,0.0,26.4,0.0,0.0,0.0,95.07,37,60.06,41
6949,沛爾生醫-創,創新版股票,-7.23,30919000.0,0.0,0.0,25711307.198612314,0.0,0.0,0.0,0.0,0.0,0.0,0.0,0.0,911.0,0.0,0.0,0.0,8.95,8,257.82,82
2341,英群,電腦及週邊設備業,0.0,0.0,0.0,0.0,0.0,0.0,0.0,0.0,0.0,0.0,0.0,0.0,0.0,0.0,0.0,0.0,0.0,0.0,0,0.0,0
6951,青新-創,創新版股票,5.39,842034000.0,156221521.33580706,2.87,1055038676.1119694,6.75,15.93,11.37,12.6,23.97,85.05,161.8,107.51,78.8,1.36,1.08,2.05,44.92,171,4.02,50
6771,平和環保-創,創新版股票,3.64,630138000.0,173114835.16483516,1.59,530713384.87956727,3.07,13.31,5.54,10.29,15.83,31.59,48.6,40.86,42.0,0.97,0.75,1.16,2.94,16,0.84,7
2336,致伸,電腦及週邊設備業,0.0,0.0,0.0,0.0,0.0,0.0,0.0,0.0,0.0,0.0,0.0,0.0,0.0,0.0,0.0,0.0,0.0,0.0,0,0.0,0
2469,力信,電子零組件業,0.0,0.0,0.0,0.0,0.0,0.0,0.0,0.0,0.0,0.0,0.0,0.0,0.0,0.0,0.0,0.0,0.0,0.0,0,0.0,0
3697,F-晨星,半導體業,0.0,0.0,0.0,0.0,0.0,0.0,0.0,0.0,0.0,0.0,0.0,0.0,0.0,0.0,0.0,0.0,0.0,0.0,0,0.0,0
3584,介面,電子工業,0.0,0.0,0.0,0.0,0.0,0.0,0.0,0.0,0.0,0.0,0.0,0.0,0.0,0.0,0.0,0.0,0.0,0.0,0,0.0,0
020022,元大電動車N,ETN,0.0,0.0,0.0,0.0,0.0,0.0,0.0,0.0,0.0,0.0,0.0,0.0,0.0,0.0,0.0,0.0,0.0,0.0,0,0.0,0
3702A,大聯大甲特,電子通路業,0.0,0.0,0.0,0.0,0.0,0.0,0.0,0.0,0.0,0.0,0.0,0.0,0.0,51.7,0.0,0.0,0.0,5.51,182,0.0,0
3474,華亞科,半導體業,0.0,0.0,0.0,0.0,0.0,0.0,0.0,0.0,0.0,0.0,0.0,0.0,0.0,0.0,0.0,0.0,0.0,0.0,0,0.0,0
6854,錼創科技-KY創,創新版股票,-0.98,1357523000.0,0.0,0.0,943812996.2819712,0.0,240.71,258.04,162.5,420.54,0.0,0.0,0.0,130.0,0.0,0.0,0.0,137.7,183,45.39,9
3573,穎台,電子工業,0.0,0.0,0.0,0.0,0.0,0.0,0.0,0.0,0.0,0.0,0.0,0.0,0.0,0.0,0.0,0.0,0.0,0.0,0,0.0,0
2315,神達,電腦及週邊設備業,0.0,0.0,0.0,0.0,0.0,0.0,0.0,0.0,0.0,0.0,0.0,0.0,0.0,0.0,0.0,0.0,0.0,0.0,0,0.0,0
0080,恒中國,ETF,0.0,0.0,0.0,0.0,0.0,0.0,0.0,0.0,0.0,0.0,0.0,0.0,0.0,0.0,0.0,0.0,0.0,0.0,0,0.0,0
912398,友佳-DR,存託憑證,0.0,0.0,0.0,0.0,0.0,0.0,0.0,0.0,0.0,0.0,0.0,0.0,0.0,0.0,0.0,0.0,0.0,0.0,0,0.0,0
9136,巨騰-DR,存託憑證,0.0,0.0,0.0,0.0,0.0,0.0,0.0,0.0,0.0,0.0,0.0,0.0,0.0,16.7,0.0,0.0,0.0,27.66,8,22.71,119
913889,大成糖,存託憑證,0.0,0.0,0.0,0.0,0.0,0.0,0.0,0.0,0.0,0.0,0.0,0.0,0.0,0.0,0.0,0.0,0.0,0.0,0,0.0,0
8487,愛爾達-創,創新版股票,4.03,1038965000.0,257807692.3076923,2.43,1265854818.8874767,4.91,13.94,9.91,10.09,20.0,49.54,98.2,68.44,78.6,0.87,0.63,1.25,4.91,22,4.62,56
2883A,開發特,金融保險,0.0,0.0,0.0,0.0,0.0,0.0,0.0,0.0,0.0,0.0,0.0,0.0,0.0,0.0,0.0,0.0,0.0,0.0,0,0.0,0
9151,旺旺,存託憑證,0.0,0.0,0.0,0.0,0.0,0.0,0.0,0.0,0.0,0.0,0.0,0.0,0.0,0.0,0.0,0.0,0.0,0.0,0,0.0,0
9157,陽光能源-DR,存託憑證,0.0,0.0,0.0,0.0,0.0,0.0,0.0,0.0,0.0,0.0,0.0,0.0,0.0,1.23,0.0,0.0,0.0,26.36,2,26.36,2
916665,爾必達,存託憑證,0.0,0.0,0.0,0.0,0.0,0.0,0.0,0.0,0.0,0.0,0.0,0.0,0.0,0.0,0.0,0.0,0.0,0.0,0,0.0,0
9188,精熙-DR,存託憑證,0.0,0.0,0.0,0.0,0.0,0.0,0.0,0.0,0.0,0.0,0.0,0.0,0.0,0.0,0.0,0.0,0.0,0.0,0,0.0,0
8078,華寶,通信網路業,0.0,0.0,0.0,0.0,0.0,0.0,0.0,0.0,0.0,0.0,0.0,0.0,0.0,0.0,0.0,0.0,0.0,0.0,0,0.0,0
9801,力霸,貿易百貨,0.0,0.0,0.0,0.0,0.0,0.0,0.0,0.0,0.0,0.0,0.0,0.0,0.0,0.0,0.0,0.0,0.0,0.0,0,0.0,0
911201,僑威控,存託憑證,0.0,0.0,0.0,0.0,0.0,0.0,0.0,0.0,0.0,0.0,0.0,0.0,0.0,0.0,0.0,0.0,0.0,0.0,0,0.0,0
0081,恒香港,ETF,0.0,0.0,0.0,0.0,0.0,0.0,0.0,0.0,0.0,0.0,0.0,0.0,0.0,0.0,0.0,0.0,0.0,0.0,0,0.0,0
912000,晨訊科-DR,存託憑證,0.0,1672600000.0,0.0,0.0,1333614860.7531536,0.0,0.0,0.0,0.0,0.0,0.0,0.0,0.0,2.7,0.0,0.0,0.0,16.42,8,17.37,120
2854,寶來證,金融保險,0.0,0.0,0.0,0.0,0.0,0.0,0.0,0.0,0.0,0.0,0.0,0.0,0.0,0.0,0.0,0.0,0.0,0.0,0,0.0,0
2847,大眾銀,金融保險,0.0,0.0,0.0,0.0,0.0,0.0,0.0,0.0,0.0,0.0,0.0,0.0,0.0,0.0,0.0,0.0,0.0,0.0,0,0.0,0
00866,新光Shiller CAPE,ETF,0.0,0.0,0.0,0.0,0.0,0.0,0.0,0.0,0.0,0.0,0.0,0.0,0.0,0.0,0.0,0.0,0.0,0.0,0,0.0,0
9922,優美,其他,0.0,0.0,0.0,0.0,0.0,0.0,0.0,0.0,0.0,0.0,0.0,0.0,0.0,0.0,0.0,0.0,0.0,0.0,0,0.0,0
2837,萬泰銀,金融保險,1.45,0.0,0.0,0.0,0.0,0.0,0.0,0.0,0.0,0.0,0.0,0.0,0.0,0.0,0.0,0.0,0.0,0.0,0,0.0,0
2833A,台壽甲,金融保險,0.0,0.0,0.0,0.0,0.0,0.0,0.0,0.0,0.0,0.0,0.0,0.0,0.0,0.0,0.0,0.0,0.0,0.0,0,0.0,0
2833,台壽保,金融保險,3.35,0.0,0.0,0.0,0.0,0.0,0.0,0.0,0.0,0.0,0.0,0.0,0.0,0.0,0.0,0.0,0.0,0.0,0,0.0,0
2831,中華銀,金融保險,0.0,0.0,0.0,0.0,0.0,0.0,0.0,0.0,0.0,0.0,0.0,0.0,0.0,0.0,0.0,0.0,0.0,0.0,0,0.0,0
2827,中聯,金融保險,0.0,0.0,0.0,0.0,0.0,0.0,0.0,0.0,0.0,0.0,0.0,0.0,0.0,0.0,0.0,0.0,0.0,0.0,0,0.0,0
00906,大華元宇宙科技50,ETF,0.0,0.0,0.0,0.0,0.0,0.0,0.0,0.0,0.0,0.0,0.0,0.0,0.0,0.0,0.0,0.0,0.0,0.0,0,0.0,0
5280,F-敦泰,半導體業,0.0,0.0,0.0,0.0,0.0,0.0,0.0,0.0,0.0,0.0,0.0,0.0,0.0,0.0,0.0,0.0,0.0,0.0,0,0.0,0
2807,竹商銀,金融保險,1.88,0.0,0.0,0.0,0.0,0.0,0.0,0.0,0.0,0.0,0.0,0.0,0.0,0.0,0.0,0.0,0.0,0.0,0,0.0,0
3009,奇美電,電子工業,0.0,0.0,0.0,0.0,0.0,0.0,0.0,0.0,0.0,0.0,0.0,0.0,0.0,0.0,0.0,0.0,0.0,0.0,0,0.0,0
9915,億豐,其他,0.0,0.0,0.0,0.0,0.0,0.0,0.0,0.0,0.0,0.0,0.0,0.0,0.0,0.0,0.0,0.0,0.0,0.0,0,0.0,0
911868,同方友友-DR,存託憑證,0.0,0.0,0.0,0.0,0.0,0.0,0.0,0.0,0.0,0.0,0.0,0.0,0.0,1.27,0.0,0.0,0.0,26.99,9,17.6,44
911626,MSH-DR,存託憑證,0.0,0.0,0.0,0.0,0.0,0.0,0.0,0.0,0.0,0.0,0.0,0.0,0.0,0.0,0.0,0.0,0.0,0.0,0,0.0,0
911622,泰聚亨-DR,存託憑證,0.0,0.0,0.0,0.0,0.0,0.0,0.0,0.0,0.0,0.0,0.0,0.0,0.0,3.76,0.0,0.0,0.0,19.77,8,2.46,62
911606,超級,存託憑證,0.0,0.0,0.0,0.0,0.0,0.0,0.0,0.0,0.0,0.0,0.0,0.0,0.0,0.0,0.0,0.0,0.0,0.0,0,0.0,0
9110,越南控-DR,存託憑證,0.0,0.0,0.0,0.0,0.0,0.0,0.0,0.0,0.0,0.0,0.0,0.0,0.0,3.4,0.0,0.0,0.0,5.52,141,4.92,19
911608,明輝-DR,存託憑證,0.0,0.0,0.0,0.0,0.0,0.0,0.0,0.0,0.0,0.0,0.0,0.0,0.0,2.93,0.0,0.0,0.0,14.44,20,1.67,7
911609,揚子江,存託憑證,0.0,0.0,0.0,0.0,0.0,0.0,0.0,0.0,0.0,0.0,0.0,0.0,0.0,0.0,0.0,0.0,0.0,0.0,0,0.0,0
910948,融達,存託憑證,0.0,0.0,0.0,0.0,0.0,0.0,0.0,0.0,0.0,0.0,0.0,0.0,0.0,0.0,0.0,0.0,0.0,0.0,0,0.0,0
910861,神州-DR,存託憑證,0.0,0.0,0.0,0.0,0.0,0.0,0.0,0.0,0.0,0.0,0.0,0.0,0.0,4.5,0.0,0.0,0.0,7.49,177,2.59,93
910801,金衛-DR,存託憑證,0.0,0.0,0.0,0.0,0.0,0.0,0.0,0.0,0.0,0.0,0.0,0.0,0.0,4.17,0.0,0.0,0.0,0.0,0,0.0,0
910708,恒大健-DR,存託憑證,0.0,0.0,0.0,0.0,0.0,0.0,0.0,0.0,0.0,0.0,0.0,0.0,0.0,862.0,0.0,0.0,0.0,149.86,8,149.86,8
9106,新焦點-DR,存託憑證,0.0,0.0,0.0,0.0,0.0,0.0,0.0,0.0,0.0,0.0,0.0,0.0,0.0,0.0,0.0,0.0,0.0,0.0,0,0.0,0
910579,歐聖,存託憑證,0.0,0.0,0.0,0.0,0.0,0.0,0.0,0.0,0.0,0.0,0.0,0.0,0.0,0.0,0.0,0.0,0.0,0.0,0,0.0,0
9105,泰金寶-DR,存託憑證,0.0,132270623000.0,0.0,0.0,122051925713.60797,0.0,0.0,0.0,0.0,0.0,0.0,0.0,0.0,9.53,0.0,0.0,0.0,47.89,182,7.78,126
910482,聖馬丁-DR,存託憑證,0.0,0.0,0.0,0.0,0.0,0.0,0.0,0.0,0.0,0.0,0.0,0.0,0.0,0.34,0.0,0.0,0.0,0.0,0,0.0,0
9104,萬宇科,存託憑證,0.0,0.0,0.0,0.0,0.0,0.0,0.0,0.0,0.0,0.0,0.0,0.0,0.0,0.0,0.0,0.0,0.0,0.0,0,0.0,0
910322,康師傅-DR,存託憑證,0.0,0.0,0.0,0.0,0.0,0.0,0.0,0.0,0.0,0.0,0.0,0.0,0.0,21.25,0.0,0.0,0.0,28.28,119,10.8,159
9103,美德醫療-DR,存託憑證,0.0,0.0,0.0,0.0,0.0,0.0,0.0,0.0,0.0,0.0,0.0,0.0,0.0,5.33,0.0,0.0,0.0,1.24,20,0.0,0
9102,東亞科,存託憑證,0.0,0.0,0.0,0.0,0.0,0.0,0.0,0.0,0.0,0.0,0.0,0.0,0.0,0.0,0.0,0.0,0.0,0.0,0,0.0,0
9101,福雷電,存託憑證,0.0,0.0,0.0,0.0,0.0,0.0,0.0,0.0,0.0,0.0,0.0,0.0,0.0,0.0,0.0,0.0,0.0,0.0,0,0.0,0
910069,新曄,存託憑證,0.0,0.0,0.0,0.0,0.0,0.0,0.0,0.0,0.0,0.0,0.0,0.0,0.0,0.0,0.0,0.0,0.0,0.0,0,0.0,0
911610,聯環,存託憑證,0.0,0.0,0.0,0.0,0.0,0.0,0.0,0.0,0.0,0.0,0.0,0.0,0.0,0.0,0.0,0.0,0.0,0.0,0,0.0,0
911611,中泰山-DR,存託憑證,0.0,0.0,0.0,0.0,0.0,0.0,0.0,0.0,0.0,0.0,0.0,0.0,0.0,0.0,0.0,0.0,0.0,0.0,0,0.0,0
2891A,中信特,金融保險,0.0,0.0,0.0,0.0,0.0,0.0,0.0,0.0,0.0,0.0,0.0,0.0,0.0,0.0,0.0,0.0,0.0,0.0,0,0.0,0
00729R,第一金工業30反1,ETF,0.0,0.0,0.0,0.0,0.0,0.0,0.0,0.0,0.0,0.0,0.0,0.0,0.0,19.75,0.0,0.0,0.0,0.0,0,0.0,0
911612,滬安,存託憑證,0.0,0.0,0.0,0.0,0.0,0.0,0.0,0.0,0.0,0.0,0.0,0.0,0.0,0.0,0.0,0.0,0.0,0.0,0,0.0,0
911616,杜康-DR,存託憑證,0.0,0.0,0.0,0.0,0.0,0.0,0.0,0.0,0.0,0.0,0.0,0.0,0.0,1.2,0.0,0.0,0.0,41.18,8,41.18,8
3020,奇普仕,電子工業,0.0,0.0,0.0,0.0,0.0,0.0,0.0,0.0,0.0,0.0,0.0,0.0,0.0,0.0,0.0,0.0,0.0,0.0,0,0.0,0
6645,金萬林-創,創新版股票,-2.41,548227000.0,0.0,0.0,618835586.6981512,0.0,0.0,0.0,0.0,0.0,0.0,0.0,0.0,15.35,0.0,0.0,0.0,0.79,13,34.87,127
2887C,新丙特,金融保險,0.0,0.0,0.0,0.0,0.0,0.0,0.0,0.0,0.0,0.0,0.0,0.0,0.0,0.0,0.0,0.0,0.0,0.0,0,0.0,0
911619,耀傑-DR,存託憑證,0.0,0.0,0.0,0.0,0.0,0.0,0.0,0.0,0.0,0.0,0.0,0.0,0.0,0.88,0.0,0.0,0.0,8.64,8,8.64,8
0060,新台灣,ETF,0.0,0.0,0.0,0.0,0.0,0.0,0.0,0.0,0.0,0.0,0.0,0.0,0.0,0.0,0.0,0.0,0.0,0.0,0,0.0,0
911602,華豐泰,存託憑證,0.0,0.0,0.0,0.0,0.0,0.0,0.0,0.0,0.0,0.0,0.0,0.0,0.0,0.0,0.0,0.0,0.0,0.0,0,0.0,0
8199,廣鎵,電子工業,0.0,0.0,0.0,0.0,0.0,0.0,0.0,0.0,0.0,0.0,0.0,0.0,0.0,0.0,0.0,0.0,0.0,0.0,0,0.0,0
6534,正瀚-創,創新版股票,4.52,1800744000.0,398394690.2654868,3.5,1872602069.556753,4.7,20.9,18.35,15.55,33.9,73.09,159.33,98.25,93.0,1.06,0.79,1.71,0.0,0,55.84,70
6702,興航,航運業,0.0,0.0,0.0,0.0,0.0,0.0,0.0,0.0,0.0,0.0,0.0,0.0,0.0,0.0,0.0,0.0,0.0,0.0,0,0.0,0
8162,微矽電子-創,創新版股票,1.56,1275748000.0,817787179.4871795,0.73,1236039570.0629172,1.51,31.19,48.9,16.34,65.24,24.67,98.51,47.1,78.4,0.6,0.31,1.26,7.51,175,22.14,92
3007,綠點,電子工業,0.0,0.0,0.0,0.0,0.0,0.0,0.0,0.0,0.0,0.0,0.0,0.0,0.0,0.0,0.0,0.0,0.0,0.0,0,0.0,0
6457,紘康,半導體業,0.0,0.0,0.0,0.0,0.0,0.0,0.0,0.0,0.0,0.0,0.0,0.0,0.0,62.1,0.0,0.0,0.0,40.83,125,0.0,0
00857B,永豐20年美公債,上櫃指數股票型基金(ETF),0.0,0.0,0.0,0.0,0.0,0.0,0.0,0.0,0.0,0.0,0.0,0.0,0.0,23.62,0.0,0.0,0.0,7.15,85,10.63,162
00858,永豐美國500大,上櫃指數股票型基金(ETF),0.0,0.0,0.0,0.0,0.0,0.0,0.0,0.0,0.0,0.0,0.0,0.0,0.0,36.01,0.0,0.0,0.0,4.64,174,15.41,177
00790B,復華次順位金融債,上櫃指數股票型基金(ETF),0.0,0.0,0.0,0.0,0.0,0.0,0.0,0.0,0.0,0.0,0.0,0.0,0.0,53.2,0.0,0.0,0.0,5.3,85,0.0,0
00789B,復華公司債A3,上櫃指數股票型基金(ETF),0.0,0.0,0.0,0.0,0.0,0.0,0.0,0.0,0.0,0.0,0.0,0.0,0.0,49.04,0.0,0.0,0.0,5.57,92,10.68,121
00750B,凱基科技債10+,上櫃指數股票型基金(ETF),0.0,0.0,0.0,0.0,0.0,0.0,0.0,0.0,0.0,0.0,0.0,0.0,0.0,33.47,0.0,0.0,0.0,4.79,92,10.0,121
00749B,凱基新興債10+,上櫃指數股票型基金(ETF),0.0,0.0,0.0,0.0,0.0,0.0,0.0,0.0,0.0,0.0,0.0,0.0,0.0,32.0,0.0,0.0,0.0,5.02,92,13.45,182
00859B,群益0-1年美債,上櫃指數股票型基金(ETF),0.0,0.0,0.0,0.0,0.0,0.0,0.0,0.0,0.0,0.0,0.0,0.0,0.0,40.51,0.0,0.0,0.0,1.27,168,6.83,167
00746B,富邦A級公司債,上櫃指數股票型基金(ETF),0.0,0.0,0.0,0.0,0.0,0.0,0.0,0.0,0.0,0.0,0.0,0.0,0.0,35.86,0.0,0.0,0.0,4.83,92,10.97,163
00860B,群益1-5Y投資級債,上櫃指數股票型基金(ETF),0.0,0.0,0.0,0.0,0.0,0.0,0.0,0.0,0.0,0.0,0.0,0.0,0.0,37.82,0.0,0.0,0.0,3.18,48,7.52,182
00856B,永豐1-3年美公債,上櫃指數股票型基金(ETF),0.0,0.0,0.0,0.0,0.0,0.0,0.0,0.0,0.0,0.0,0.0,0.0,0.0,37.56,0.0,0.0,0.0,1.41,48,7.06,183
00791B,復華信用債1-5,上櫃指數股票型基金(ETF),0.0,0.0,0.0,0.0,0.0,0.0,0.0,0.0,0.0,0.0,0.0,0.0,0.0,56.65,0.0,0.0,0.0,2.13,50,8.53,182
00863B,中信全球電信債,上櫃指數股票型基金(ETF),0.0,0.0,0.0,0.0,0.0,0.0,0.0,0.0,0.0,0.0,0.0,0.0,0.0,32.27,0.0,0.0,0.0,4.25,85,11.42,163
00853B,統一美債10年Aa-A,上櫃指數股票型基金(ETF),0.0,0.0,0.0,0.0,0.0,0.0,0.0,0.0,0.0,0.0,0.0,0.0,0.0,27.88,0.0,0.0,0.0,5.56,92,11.97,162
00883B,中信ESG投資級債,上櫃指數股票型基金(ETF),0.0,0.0,0.0,0.0,0.0,0.0,0.0,0.0,0.0,0.0,0.0,0.0,0.0,30.98,0.0,0.0,0.0,3.82,85,10.4,132
00785B,富邦金融投等債,上櫃指數股票型基金(ETF),0.0,0.0,0.0,0.0,0.0,0.0,0.0,0.0,0.0,0.0,0.0,0.0,0.0,35.32,0.0,0.0,0.0,5.1,85,11.92,163
00877,復華中國5G,上櫃指數股票型基金(ETF),0.0,0.0,0.0,0.0,0.0,0.0,0.0,0.0,0.0,0.0,0.0,0.0,0.0,48.91,0.0,0.0,0.0,25.57,111,115.93,174
00726B,國泰新興投等債,上櫃指數股票型基金(ETF),0.0,0.0,0.0,0.0,0.0,0.0,0.0,0.0,0.0,0.0,0.0,0.0,0.0,33.03,0.0,0.0,0.0,3.3,92,10.78,183
00727B,國泰優選非投等債,上櫃指數股票型基金(ETF),0.0,0.0,0.0,0.0,0.0,0.0,0.0,0.0,0.0,0.0,0.0,0.0,0.0,39.63,0.0,0.0,0.0,3.14,168,8.08,183
00870B,元大15年EM主權債,上櫃指數股票型基金(ETF),0.0,0.0,0.0,0.0,0.0,0.0,0.0,0.0,0.0,0.0,0.0,0.0,0.0,28.75,0.0,0.0,0.0,5.4,92,13.34,162
00786B,元大10年IG銀行債,上櫃指數股票型基金(ETF),0.0,0.0,0.0,0.0,0.0,0.0,0.0,0.0,0.0,0.0,0.0,0.0,0.0,33.0,0.0,0.0,0.0,4.72,92,12.33,162
00867B,新光A-BBB電信債,上櫃指數股票型基金(ETF),0.0,0.0,0.0,0.0,0.0,0.0,0.0,0.0,0.0,0.0,0.0,0.0,0.0,31.49,0.0,0.0,0.0,4.73,92,11.11,127
00734B,台新JPM新興債,上櫃指數股票型基金(ETF),0.0,0.0,0.0,0.0,0.0,0.0,0.0,0.0,0.0,0.0,0.0,0.0,0.0,15.89,0.0,0.0,0.0,3.47,92,12.25,162
00799B,國泰A級醫療債,上櫃指數股票型基金(ETF),0.0,0.0,0.0,0.0,0.0,0.0,0.0,0.0,0.0,0.0,0.0,0.0,0.0,29.94,0.0,0.0,0.0,5.57,92,11.19,127
00787B,元大10年IG醫療債,上櫃指數股票型基金(ETF),0.0,0.0,0.0,0.0,0.0,0.0,0.0,0.0,0.0,0.0,0.0,0.0,0.0,33.15,0.0,0.0,0.0,4.08,85,12.09,163
00740B,富邦全球投等債,上櫃指數股票型基金(ETF),0.0,0.0,0.0,0.0,0.0,0.0,0.0,0.0,0.0,0.0,0.0,0.0,0.0,38.93,0.0,0.0,0.0,3.34,92,10.4,162
00864B,中信美國公債0-1,上櫃指數股票型基金(ETF),0.0,0.0,0.0,0.0,0.0,0.0,0.0,0.0,0.0,0.0,0.0,0.0,0.0,45.87,0.0,0.0,0.0,3.15,168,6.58,182
00741B,富邦全球非投等債,上櫃指數股票型基金(ETF),0.0,0.0,0.0,0.0,0.0,0.0,0.0,0.0,0.0,0.0,0.0,0.0,0.0,37.09,0.0,0.0,0.0,2.52,149,7.23,168
00788B,元大10年IG電能債,上櫃指數股票型基金(ETF),0.0,0.0,0.0,0.0,0.0,0.0,0.0,0.0,0.0,0.0,0.0,0.0,0.0,30.39,0.0,0.0,0.0,5.25,92,11.27,126
00862B,中信投資級公司債,上櫃指數股票型基金(ETF),0.0,0.0,0.0,0.0,0.0,0.0,0.0,0.0,0.0,0.0,0.0,0.0,0.0,31.95,0.0,0.0,0.0,4.21,87,11.42,162
00937B,群益ESG投等債20+,上櫃指數股票型基金(ETF),0.0,0.0,0.0,0.0,0.0,0.0,0.0,0.0,0.0,0.0,0.0,0.0,0.0,14.99,0.0,0.0,0.0,4.56,92,10.67,121
00966B,統一ESG投等債15+,上櫃指數股票型基金(ETF),0.0,0.0,0.0,0.0,0.0,0.0,0.0,0.0,0.0,0.0,0.0,0.0,0.0,14.12,0.0,0.0,0.0,2.83,78,10.21,132
00764B,群益25年美債,上櫃指數股票型基金(ETF),0.0,0.0,0.0,0.0,0.0,0.0,0.0,0.0,0.0,0.0,0.0,0.0,0.0,28.05,0.0,0.0,0.0,7.04,85,11.87,162
00950B,凱基A級公司債,上櫃指數股票型基金(ETF),0.0,0.0,0.0,0.0,0.0,0.0,0.0,0.0,0.0,0.0,0.0,0.0,0.0,14.19,0.0,0.0,0.0,4.93,71,10.66,162
00759B,復華製藥債,上櫃指數股票型基金(ETF),0.0,0.0,0.0,0.0,0.0,0.0,0.0,0.0,0.0,0.0,0.0,0.0,0.0,55.15,0.0,0.0,0.0,5.45,92,11.81,127
00969B,元大零息超長美債,上櫃指數股票型基金(ETF),0.0,0.0,0.0,0.0,0.0,0.0,0.0,0.0,0.0,0.0,0.0,0.0,0.0,8.62,0.0,0.0,0.0,0.0,0,16.51,127
00955,中信日本商社,上櫃指數股票型基金(ETF),0.0,0.0,0.0,0.0,0.0,0.0,0.0,0.0,0.0,0.0,0.0,0.0,0.0,14.29,0.0,0.0,0.0,5.25,48,38.51,180
00834B,第一金金融債10+,上櫃指數股票型基金(ETF),0.0,0.0,0.0,0.0,0.0,0.0,0.0,0.0,0.0,0.0,0.0,0.0,0.0,34.49,0.0,0.0,0.0,5.46,85,12.32,162
00758B,復華能源債,上櫃指數股票型基金(ETF),0.0,0.0,0.0,0.0,0.0,0.0,0.0,0.0,0.0,0.0,0.0,0.0,0.0,52.0,0.0,0.0,0.0,4.19,48,11.68,127
00836B,永豐10年A公司債,上櫃指數股票型基金(ETF),0.0,0.0,0.0,0.0,0.0,0.0,0.0,0.0,0.0,0.0,0.0,0.0,0.0,29.41,0.0,0.0,0.0,5.12,92,10.88,163
00840B,凱基IG精選15+,上櫃指數股票型基金(ETF),0.0,0.0,0.0,0.0,0.0,0.0,0.0,0.0,0.0,0.0,0.0,0.0,0.0,30.36,0.0,0.0,0.0,5.65,92,11.93,162
00970B,新光BBB投等債20+,上櫃指數股票型基金(ETF),0.0,0.0,0.0,0.0,0.0,0.0,0.0,0.0,0.0,0.0,0.0,0.0,0.0,9.47,0.0,0.0,0.0,3.12,77,9.91,132
00841B,凱基AAA-AA公司債,上櫃指數股票型基金(ETF),0.0,0.0,0.0,0.0,0.0,0.0,0.0,0.0,0.0,0.0,0.0,0.0,0.0,29.17,0.0,0.0,0.0,5.71,92,11.35,127
00967B,元大優息美債,上櫃指數股票型基金(ETF),0.0,0.0,0.0,0.0,0.0,0.0,0.0,0.0,0.0,0.0,0.0,0.0,0.0,9.23,0.0,0.0,0.0,2.4,119,9.66,162
00842B,台新美元銀行債,上櫃指數股票型基金(ETF),0.0,0.0,0.0,0.0,0.0,0.0,0.0,0.0,0.0,0.0,0.0,0.0,0.0,30.77,0.0,0.0,0.0,5.04,85,10.29,120
00760B,復華新興企業債,上櫃指數股票型基金(ETF),0.0,0.0,0.0,0.0,0.0,0.0,0.0,0.0,0.0,0.0,0.0,0.0,0.0,54.75,0.0,0.0,0.0,4.54,92,12.75,148
00795B,中信美國公債20年,上櫃指數股票型基金(ETF),0.0,0.0,0.0,0.0,0.0,0.0,0.0,0.0,0.0,0.0,0.0,0.0,0.0,27.2,0.0,0.0,0.0,6.97,48,11.4,127
00794B,群益7+中國政金債,上櫃指數股票型基金(ETF),0.0,0.0,0.0,0.0,0.0,0.0,0.0,0.0,0.0,0.0,0.0,0.0,0.0,39.82,0.0,0.0,0.0,4.99,48,2.37,64
00844B,新光15年IG金融債,上櫃指數股票型基金(ETF),0.0,0.0,0.0,0.0,0.0,0.0,0.0,0.0,0.0,0.0,0.0,0.0,0.0,31.99,0.0,0.0,0.0,4.89,85,12.68,162
00679B,元大美債20年,上櫃指數股票型基金(ETF),0.0,0.0,0.0,0.0,0.0,0.0,0.0,0.0,0.0,0.0,0.0,0.0,0.0,27.04,0.0,0.0,0.0,7.23,48,11.65,127
00884B,中信低碳新興債,上櫃指數股票型基金(ETF),0.0,0.0,0.0,0.0,0.0,0.0,0.0,0.0,0.0,0.0,0.0,0.0,0.0,30.06,0.0,0.0,0.0,6.2,92,13.36,162
00754B,群益AAA-AA公司債,上櫃指數股票型基金(ETF),0.0,0.0,0.0,0.0,0.0,0.0,0.0,0.0,0.0,0.0,0.0,0.0,0.0,33.76,0.0,0.0,0.0,5.78,92,11.21,132
00948B,中信優息投資級債,上櫃指數股票型基金(ETF),0.0,0.0,0.0,0.0,0.0,0.0,0.0,0.0,0.0,0.0,0.0,0.0,0.0,9.56,0.0,0.0,0.0,4.88,92,10.68,132
00849B,中信EM主權債0-5,上櫃指數股票型基金(ETF),0.0,0.0,0.0,0.0,0.0,0.0,0.0,0.0,0.0,0.0,0.0,0.0,0.0,37.3,0.0,0.0,0.0,1.84,168,7.89,183
00773B,中信優先金融債,上櫃指數股票型基金(ETF),0.0,0.0,0.0,0.0,0.0,0.0,0.0,0.0,0.0,0.0,0.0,0.0,0.0,36.14,0.0,0.0,0.0,5.38,85,12.69,162
00755B,群益投資級公用債,上櫃指數股票型基金(ETF),0.0,0.0,0.0,0.0,0.0,0.0,0.0,0.0,0.0,0.0,0.0,0.0,0.0,33.1,0.0,0.0,0.0,5.63,92,12.15,127
00751B,元大AAA至A公司債,上櫃指數股票型基金(ETF),0.0,0.0,0.0,0.0,0.0,0.0,0.0,0.0,0.0,0.0,0.0,0.0,0.0,32.26,0.0,0.0,0.0,4.76,85,10.12,162
00792B,群益A級公司債,上櫃指數股票型基金(ETF),0.0,0.0,0.0,0.0,0.0,0.0,0.0,0.0,0.0,0.0,0.0,0.0,0.0,31.93,0.0,0.0,0.0,5.42,92,12.28,162
00793B,群益AAA-A醫療債,上櫃指數股票型基金(ETF),0.0,0.0,0.0,0.0,0.0,0.0,0.0,0.0,0.0,0.0,0.0,0.0,0.0,30.86,0.0,0.0,0.0,5.37,92,12.17,162
00756B,群益投等新興公債,上櫃指數股票型基金(ETF),0.0,0.0,0.0,0.0,0.0,0.0,0.0,0.0,0.0,0.0,0.0,0.0,0.0,31.81,0.0,0.0,0.0,5.41,92,14.87,148
00847B,中信美國市政債,上櫃指數股票型基金(ETF),0.0,0.0,0.0,0.0,0.0,0.0,0.0,0.0,0.0,0.0,0.0,0.0,0.0,25.66,0.0,0.0,0.0,5.75,48,11.16,127
00761B,國泰A級公司債,上櫃指數股票型基金(ETF),0.0,0.0,0.0,0.0,0.0,0.0,0.0,0.0,0.0,0.0,0.0,0.0,0.0,34.79,0.0,0.0,0.0,5.3,92,11.21,127
00846B,富邦歐洲銀行債,上櫃指數股票型基金(ETF),0.0,0.0,0.0,0.0,0.0,0.0,0.0,0.0,0.0,0.0,0.0,0.0,0.0,35.88,0.0,0.0,0.0,4.07,45,10.34,183
00845B,富邦新興投等債,上櫃指數股票型基金(ETF),0.0,0.0,0.0,0.0,0.0,0.0,0.0,0.0,0.0,0.0,0.0,0.0,0.0,33.27,0.0,0.0,0.0,3.47,111,11.48,182
00848B,中信新興亞洲債,上櫃指數股票型基金(ETF),0.0,0.0,0.0,0.0,0.0,0.0,0.0,0.0,0.0,0.0,0.0,0.0,0.0,34.27,0.0,0.0,0.0,3.32,92,10.56,183
00725B,國泰投資級公司債,上櫃指數股票型基金(ETF),0.0,0.0,0.0,0.0,0.0,0.0,0.0,0.0,0.0,0.0,0.0,0.0,0.0,35.62,0.0,0.0,0.0,4.1,92,9.92,121
00968B,元大優息投等債,上櫃指數股票型基金(ETF),0.0,0.0,0.0,0.0,0.0,0.0,0.0,0.0,0.0,0.0,0.0,0.0,0.0,9.39,0.0,0.0,0.0,0.0,0,9.69,126
00724B,群益投資級金融債,上櫃指數股票型基金(ETF),0.0,0.0,0.0,0.0,0.0,0.0,0.0,0.0,0.0,0.0,0.0,0.0,0.0,34.15,0.0,0.0,0.0,4.99,92,11.63,162
00782B,國泰A級公用債,上櫃指數股票型基金(ETF),0.0,0.0,0.0,0.0,0.0,0.0,0.0,0.0,0.0,0.0,0.0,0.0,0.0,30.85,0.0,0.0,0.0,5.43,92,11.06,121
00768B,復華20年美債,上櫃指數股票型基金(ETF),0.0,0.0,0.0,0.0,0.0,0.0,0.0,0.0,0.0,0.0,0.0,0.0,0.0,50.65,0.0,0.0,0.0,8.05,85,10.22,127
00942B,台新美A公司債20+,上櫃指數股票型基金(ETF),0.0,0.0,0.0,0.0,0.0,0.0,0.0,0.0,0.0,0.0,0.0,0.0,0.0,14.47,0.0,0.0,0.0,4.79,92,11.26,127
00886,永豐美國科技,上櫃指數股票型基金(ETF),0.0,0.0,0.0,0.0,0.0,0.0,0.0,0.0,0.0,0.0,0.0,0.0,0.0,44.04,0.0,0.0,0.0,11.53,174,17.06,133
00697B,元大美債7-10,上櫃指數股票型基金(ETF),0.0,0.0,0.0,0.0,0.0,0.0,0.0,0.0,0.0,0.0,0.0,0.0,0.0,35.63,0.0,0.0,0.0,4.71,48,9.66,166
00780B,國泰A級金融債,上櫃指數股票型基金(ETF),0.0,0.0,0.0,0.0,0.0,0.0,0.0,0.0,0.0,0.0,0.0,0.0,0.0,37.2,0.0,0.0,0.0,4.32,48,10.06,166
00696B,富邦美債20年,上櫃指數股票型基金(ETF),0.0,0.0,0.0,0.0,0.0,0.0,0.0,0.0,0.0,0.0,0.0,0.0,0.0,29.47,0.0,0.0,0.0,6.8,85,11.13,162
00779B,凱基美債25+,上櫃指數股票型基金(ETF),0.0,0.0,0.0,0.0,0.0,0.0,0.0,0.0,0.0,0.0,0.0,0.0,0.0,28.37,0.0,0.0,0.0,6.97,85,12.16,162
00957B,兆豐US優選投等債,上櫃指數股票型基金(ETF),0.0,0.0,0.0,0.0,0.0,0.0,0.0,0.0,0.0,0.0,0.0,0.0,0.0,13.63,0.0,0.0,0.0,1.13,8,10.02,121
00718B,富邦中國政策債,上櫃指數股票型基金(ETF),0.0,0.0,0.0,0.0,0.0,0.0,0.0,0.0,0.0,0.0,0.0,0.0,0.0,19.05,0.0,0.0,0.0,3.9,48,0.0,0
00958B,永豐ESG銀行債15+,上櫃指數股票型基金(ETF),0.0,0.0,0.0,0.0,0.0,0.0,0.0,0.0,0.0,0.0,0.0,0.0,0.0,9.4,0.0,0.0,0.0,0.7,1,11.94,162
00928,中信上櫃ESG 30,上櫃指數股票型基金(ETF),0.0,0.0,0.0,0.0,0.0,0.0,0.0,0.0,0.0,0.0,0.0,0.0,0.0,40.11,0.0,0.0,0.0,5.77,23,30.66,177
006201,元大富櫃50,上櫃指數股票型基金(ETF),0.0,0.0,0.0,0.0,0.0,0.0,0.0,0.0,0.0,0.0,0.0,0.0,0.0,50.25,0.0,0.0,0.0,9.06,23,25.9,138
00931B,統一美債20年,上櫃指數股票型基金(ETF),0.0,0.0,0.0,0.0,0.0,0.0,0.0,0.0,0.0,0.0,0.0,0.0,0.0,13.67,0.0,0.0,0.0,6.98,85,11.23,160
00695B,富邦美債7-10,上櫃指數股票型基金(ETF),0.0,0.0,0.0,0.0,0.0,0.0,0.0,0.0,0.0,0.0,0.0,0.0,0.0,35.12,0.0,0.0,0.0,4.42,48,9.9,166
00777B,凱基AAA至A公司債,上櫃指數股票型基金(ETF),0.0,0.0,0.0,0.0,0.0,0.0,0.0,0.0,0.0,0.0,0.0,0.0,0.0,32.93,0.0,0.0,0.0,5.17,92,11.07,127
00772B,中信高評級公司債,上櫃指數股票型基金(ETF),0.0,0.0,0.0,0.0,0.0,0.0,0.0,0.0,0.0,0.0,0.0,0.0,0.0,33.93,0.0,0.0,0.0,4.79,85,11.02,162
00959B,大華投等美債15Y+,上櫃指數股票型基金(ETF),0.0,0.0,0.0,0.0,0.0,0.0,0.0,0.0,0.0,0.0,0.0,0.0,0.0,9.49,0.0,0.0,0.0,1.89,21,10.41,127
00933B,國泰10Y+金融債,上櫃指數股票型基金(ETF),0.0,0.0,0.0,0.0,0.0,0.0,0.0,0.0,0.0,0.0,0.0,0.0,0.0,16.12,0.0,0.0,0.0,4.36,85,11.79,162
00694B,富邦美債1-3,上櫃指數股票型基金(ETF),0.0,0.0,0.0,0.0,0.0,0.0,0.0,0.0,0.0,0.0,0.0,0.0,0.0,41.57,0.0,0.0,0.0,2.12,168,8.25,182
00778B,凱基金融債20+,上櫃指數股票型基金(ETF),0.0,0.0,0.0,0.0,0.0,0.0,0.0,0.0,0.0,0.0,0.0,0.0,0.0,34.89,0.0,0.0,0.0,5.83,85,12.65,163
00719B,元大美債1-3,上櫃指數股票型基金(ETF),0.0,0.0,0.0,0.0,0.0,0.0,0.0,0.0,0.0,0.0,0.0,0.0,0.0,30.9,0.0,0.0,0.0,1.41,27,7.43,182
00781B,國泰A級科技債,上櫃指數股票型基金(ETF),0.0,0.0,0.0,0.0,0.0,0.0,0.0,0.0,0.0,0.0,0.0,0.0,0.0,28.5,0.0,0.0,0.0,4.23,85,10.32,162
00723B,群益投資級科技債,上櫃指數股票型基金(ETF),0.0,0.0,0.0,0.0,0.0,0.0,0.0,0.0,0.0,0.0,0.0,0.0,0.0,31.19,0.0,0.0,0.0,4.85,92,10.19,121
00890B,凱基ESG BBB債15+,上櫃指數股票型基金(ETF),0.0,0.0,0.0,0.0,0.0,0.0,0.0,0.0,0.0,0.0,0.0,0.0,0.0,32.65,0.0,0.0,0.0,4.73,92,10.62,127
00887,永豐中國科技50大,上櫃指數股票型基金(ETF),0.0,0.0,0.0,0.0,0.0,0.0,0.0,0.0,0.0,0.0,0.0,0.0,0.0,19.32,0.0,0.0,0.0,264.6,111,64.65,134
00722B,群益投資級電信債,上櫃指數股票型基金(ETF),0.0,0.0,0.0,0.0,0.0,0.0,0.0,0.0,0.0,0.0,0.0,0.0,0.0,36.46,0.0,0.0,0.0,4.86,92,10.43,121
00687B,國泰20年美債,上櫃指數股票型基金(ETF),0.0,0.0,0.0,0.0,0.0,0.0,0.0,0.0,0.0,0.0,0.0,0.0,0.0,28.12,0.0,0.0,0.0,6.66,85,12.18,162
00784B,富邦中國投等債,上櫃指數股票型基金(ETF),0.0,0.0,0.0,0.0,0.0,0.0,0.0,0.0,0.0,0.0,0.0,0.0,0.0,39.32,0.0,0.0,0.0,2.59,48,0.0,0
00888,永豐台灣ESG,上櫃指數股票型基金(ETF),0.0,0.0,0.0,0.0,0.0,0.0,0.0,0.0,0.0,0.0,0.0,0.0,0.0,36.67,0.0,0.0,0.0,8.12,23,27.46,125
00720B,元大投資級公司債,上櫃指數股票型基金(ETF),0.0,0.0,0.0,0.0,0.0,0.0,0.0,0.0,0.0,0.0,0.0,0.0,0.0,33.57,0.0,0.0,0.0,5.01,92,10.87,126
020015,統一MSCI美低波N,ETN,0.0,0.0,0.0,0.0,0.0,0.0,0.0,0.0,0.0,0.0,0.0,0.0,0.0,0.0,0.0,0.0,0.0,0.0,0,0.0,0
020016,統一MSCI美科技N,ETN,0.0,0.0,0.0,0.0,0.0,0.0,0.0,0.0,0.0,0.0,0.0,0.0,0.0,0.0,0.0,0.0,0.0,0.0,0,0.0,0
3202,樺晟,電子零組件業,-0.8,2863876000.0,0.0,0.0,0.0,0.0,0.0,0.0,0.0,0.0,0.0,0.0,0.0,3.96,0.0,0.0,0.0,1.88,9,0.0,0
2437,旺詮,電子工業,0.0,0.0,0.0,0.0,0.0,0.0,0.0,0.0,0.0,0.0,0.0,0.0,0.0,0.0,0.0,0.0,0.0,0.0,0,0.0,0
6208,日揚,電子零組件業,2.52,3781837000.0,1500728968.2539682,1.15,3627169483.4740105,2.42,16.74,22.86,12.3,35.16,29.77,85.09,40.52,99.0,0.41,0.3,0.86,21.35,105,27.56,58
6829,千附精密,電機機械,3.95,1822694000.0,461441518.98734176,2.47,2369357615.218942,5.13,28.54,51.19,17.92,69.11,91.93,354.53,146.41,203.5,0.72,0.45,1.74,27.73,120,14.11,77
4950,金耘國際,其他,-0.06,936308000.0,0.0,0.0,1247126313.7923195,0.0,38.25,4.07,36.74,40.81,0.0,0.0,0.0,16.2,0.0,0.0,0.0,118.58,64,143.52,146
5443,均豪,光電業,2.59,4662722000.0,1800278764.4787645,1.26,4850959252.318354,2.69,50.35,61.12,30.6,91.72,82.31,246.73,135.43,107.0,1.27,0.77,2.31,144.87,111,35.36,96
5314,世紀*,半導體業,5.56,2765245000.0,497346223.0215828,5.45,7441582239.533411,14.96,39.21,100.2,10.97,111.17,164.11,1663.1,586.59,59.0,9.94,2.78,28.19,149.88,182,172.73,100
6240,松崗,其他,-1.15,53259000.0,0.0,0.0,52237027.93485636,0.0,38.16,72.27,12.73,85.0,0.0,0.0,0.0,18.45,0.0,0.0,0.0,25.27,31,16.38,19
5348,正能量智能,通信網路業,-1.49,274780000.0,0.0,0.0,331230311.78439313,0.0,1310.13,245.0,1230.0,1475.0,0.0,0.0,0.0,15.95,0.0,0.0,0.0,112.25,119,0.76,2
3521,鴻翊,電腦及週邊設備業,-0.09,241478000.0,0.0,0.0,204239422.79396984,0.0,5.43,0.6,5.09,5.69,0.0,0.0,0.0,12.55,0.0,0.0,0.0,16.3,171,36.02,177
8383,千附,其他電子類,3.42,3254284000.0,951545029.2397661,2.25,4293660057.4705977,4.51,15.14,12.77,10.87,23.64,49.02,106.62,68.27,60.4,1.13,0.81,1.77,15.42,17,0.78,6
6187,萬潤,其他電子類,15.46,5648264000.0,365346959.8965071,8.29,6140969150.538066,16.81,42.06,88.37,13.8,102.17,231.98,1717.48,707.1,1235.0,0.57,0.19,1.39,110.47,111,17.18,7
00925,新光標普電動車,ETF,0.0,0.0,0.0,0.0,0.0,0.0,0.0,0.0,0.0,0.0,0.0,0.0,0.0,16.1,0.0,0.0,0.0,20.6,175,0.0,0
6287,元隆,半導體業,-2.31,540288000.0,0.0,0.0,0.0,0.0,0.0,0.0,0.0,0.0,0.0,0.0,0.0,8.89,0.0,0.0,0.0,35.98,44,0.0,0
020018,統一價值成長30N,ETN,0.0,0.0,0.0,0.0,0.0,0.0,0.0,0.0,0.0,0.0,0.0,0.0,0.0,24.94,0.0,0.0,0.0,5.8,160,0.0,0
020019,統一特選台灣5GN,ETN,0.0,0.0,0.0,0.0,0.0,0.0,0.0,0.0,0.0,0.0,0.0,0.0,0.0,21.59,0.0,0.0,0.0,7.86,23,11.72,34
4945,陞達科技,半導體業,0.87,477318000.0,548641379.3103448,0.0,0.0,0.0,27.36,17.48,17.06,34.54,0.0,0.0,0.0,76.1,0.0,0.0,0.0,14.3,20,0.0,0
8497,格威傳媒,其他,0.0,0.0,0.0,0.0,0.0,0.0,0.0,0.0,0.0,0.0,0.0,0.0,0.0,47.85,0.0,0.0,0.0,0.0,0,0.0,0
2888A,新光金甲特,金融保險,0.0,0.0,0.0,0.0,0.0,0.0,0.0,0.0,0.0,0.0,0.0,0.0,0.0,36.5,0.0,0.0,0.0,28.21,66,0.8,7
2897A,王道銀甲特,金融保險,0.0,0.0,0.0,0.0,0.0,0.0,0.0,0.0,0.0,0.0,0.0,0.0,0.0,10.3,0.0,0.0,0.0,3.83,24,0.0,0
2888B,新光金乙特,金融保險,0.0,0.0,0.0,0.0,0.0,0.0,0.0,0.0,0.0,0.0,0.0,0.0,0.0,36.8,0.0,0.0,0.0,28.29,66,2.02,13
6747,亨泰光,生技醫療業,1.91,713250000.0,373429319.37172776,0.0,0.0,0.0,37.62,69.74,17.93,87.67,0.0,0.0,0.0,199.0,0.0,0.0,0.0,2.29,20,2.84,141
02001S,策元大加權策略N,ETN,0.0,0.0,0.0,0.0,0.0,0.0,0.0,0.0,0.0,0.0,0.0,0.0,0.0,0.0,0.0,0.0,0.0,5.83,143,0.0,0
020023,元大櫃買半導體N,指數投資證券(ETN),0.0,0.0,0.0,0.0,0.0,0.0,0.0,0.0,0.0,0.0,0.0,0.0,0.0,7.2,0.0,0.0,0.0,5.07,23,0.0,0
6288,聯嘉,汽車工業,0.11,3643623000.0,33123845454.545456,0.0,0.0,0.0,74.73,76.24,40.61,116.85,0.0,0.0,0.0,24.25,0.0,0.0,0.0,5.82,157,17.12,37
1613,台一,電器電纜,2.13,0.0,0.0,0.0,0.0,0.0,0.0,0.0,0.0,0.0,0.0,0.0,0.0,0.0,0.0,0.0,0.0,0.0,0,0.0,0
02001B,統一美國政府債N,指數投資證券(ETN),0.0,0.0,0.0,0.0,0.0,0.0,0.0,0.0,0.0,0.0,0.0,0.0,0.0,8.75,0.0,0.0,0.0,5.87,92,4.62,163
3559,全智科,電子工業,0.0,0.0,0.0,0.0,0.0,0.0,0.0,0.0,0.0,0.0,0.0,0.0,0.0,0.0,0.0,0.0,0.0,0.0,0,0.0,0
3315,宣昶,電子工業,0.0,0.0,0.0,0.0,0.0,0.0,0.0,0.0,0.0,0.0,0.0,0.0,0.0,26.85,0.0,0.0,0.0,0.0,0,0.0,0
3036A,文曄甲特,電子通路業,0.0,0.0,0.0,0.0,0.0,0.0,0.0,0.0,0.0,0.0,0.0,0.0,0.0,52.0,0.0,0.0,0.0,5.07,182,0.78,9
1729,必翔,生技醫療業,0.0,0.0,0.0,0.0,0.0,0.0,0.0,0.0,0.0,0.0,0.0,0.0,0.0,0.0,0.0,0.0,0.0,0.0,0,0.0,0
1715,萬洲,塑膠工業,0.0,0.0,0.0,0.0,0.0,0.0,0.0,0.0,0.0,0.0,0.0,0.0,0.0,10.5,0.0,0.0,0.0,0.0,0,0.0,0
2311,日月光,電子工業,0.0,0.0,0.0,0.0,0.0,0.0,13.01,0.0,13.01,13.01,0.0,0.0,0.0,38.0,0.0,0.0,0.0,3.4,2,3.4,2
2456,奇力新,電子工業,0.0,0.0,0.0,0.0,0.0,0.0,18.73,0.0,18.73,18.73,0.0,0.0,0.0,110.5,0.0,0.0,0.0,28.79,8,28.79,8
2325,矽品,電子工業,0.0,0.0,0.0,0.0,0.0,0.0,18.9,0.0,18.9,18.9,0.0,0.0,0.0,49.9,0.0,0.0,0.0,4.72,2,4.72,2
3514,昱晶,電子工業,0.0,0.0,0.0,0.0,0.0,0.0,0.0,0.0,0.0,0.0,0.0,0.0,0.0,15.05,0.0,0.0,0.0,0.0,0,0.0,0
6172,互億,電子工業,0.0,0.0,0.0,0.0,0.0,0.0,51.75,0.0,51.75,51.75,0.0,0.0,0.0,11.3,0.0,0.0,0.0,14.03,8,14.03,8
3519,綠能,電子工業,0.0,0.0,0.0,0.0,0.0,0.0,0.0,0.0,0.0,0.0,0.0,0.0,0.0,15.1,0.0,0.0,0.0,0.0,0,0.0,0
2448,晶電,電子工業,0.0,0.0,0.0,0.0,0.0,0.0,47.14,0.0,47.14,47.14,0.0,0.0,0.0,36.45,0.0,0.0,0.0,20.62,2,20.62,2
6422,君耀-KY,電子工業,0.0,0.0,0.0,0.0,0.0,0.0,12.18,0.0,12.18,12.18,0.0,0.0,0.0,72.4,0.0,0.0,0.0,14.56,8,14.56,8
3536,誠創,電子工業,0.0,0.0,0.0,0.0,0.0,0.0,34.6,0.0,34.6,34.6,0.0,0.0,0.0,13.1,0.0,0.0,0.0,4.13,2,4.13,2
3561,昇陽光電,電子工業,0.0,0.0,0.0,0.0,0.0,0.0,0.0,0.0,0.0,0.0,0.0,0.0,0.0,12.65,0.0,0.0,0.0,0.0,0,0.0,0
3454,晶睿,電子工業,-0.11,7641632000.0,0.0,0.0,6348482611.739699,0.0,44.7,63.18,17.63,80.81,0.0,0.0,0.0,80.8,0.0,0.0,0.0,8.6,29,3.76,13
5305,敦南,電子工業,0.0,0.0,0.0,0.0,0.0,0.0,21.42,0.0,21.42,21.42,0.0,0.0,0.0,39.05,0.0,0.0,0.0,17.22,2,17.22,2
3698,隆達,電子工業,0.0,0.0,0.0,0.0,0.0,0.0,0.0,0.0,0.0,0.0,0.0,0.0,0.0,17.05,0.0,0.0,0.0,48.66,2,48.66,2
6131,鈞泰,電子工業,0.0,0.0,0.0,0.0,0.0,0.0,14.0,0.0,14.0,14.0,0.0,0.0,0.0,18.9,0.0,0.0,0.0,10.2,2,10.2,2
3682,亞太電,電子工業,0.0,0.0,0.0,0.0,0.0,0.0,0.0,0.0,0.0,0.0,0.0,0.0,0.0,8.1,0.0,0.0,0.0,0.0,0,0.0,0
4984,科納-KY,電子工業,0.0,0.0,0.0,0.0,0.0,0.0,31.43,0.0,31.43,31.43,0.0,0.0,0.0,50.7,0.0,0.0,0.0,54.57,8,54.57,8
3579,尚志,電子工業,0.0,0.0,0.0,0.0,0.0,0.0,0.0,0.0,0.0,0.0,0.0,0.0,0.0,14.5,0.0,0.0,0.0,5.28,2,5.28,2
3383,新世紀,電子工業,0.0,0.0,0.0,0.0,0.0,0.0,0.0,0.0,0.0,0.0,0.0,0.0,0.0,2.88,0.0,0.0,0.0,24.38,2,24.38,2
2499,東貝,電子工業,0.0,0.0,0.0,0.0,0.0,0.0,0.0,0.0,0.0,0.0,0.0,0.0,0.0,10.6,0.0,0.0,0.0,0.0,0,0.0,0
2475,華映,電子工業,0.0,0.0,0.0,0.0,0.0,0.0,4.29,0.0,4.29,4.29,0.0,0.0,0.0,1.82,0.0,0.0,0.0,11.16,2,11.16,2
6145,勁永,電子工業,0.0,0.0,0.0,0.0,0.0,0.0,0.0,0.0,0.0,0.0,0.0,0.0,0.0,7.82,0.0,0.0,0.0,0.0,0,0.0,0
5259,奕智博,電子工業,0.0,0.0,0.0,0.0,0.0,0.0,0.0,0.0,0.0,0.0,0.0,0.0,0.0,9.08,0.0,0.0,0.0,176.96,2,176.96,2
5264,鎧勝-KY,電子工業,0.0,0.0,0.0,0.0,0.0,0.0,14.07,0.0,14.07,14.07,0.0,0.0,0.0,65.3,0.0,0.0,0.0,0.0,0,0.0,0
6289,華上,電子工業,0.0,0.0,0.0,0.0,0.0,0.0,0.0,0.0,0.0,0.0,0.0,0.0,0.0,1.71,0.0,0.0,0.0,0.0,0,0.0,0
6251,定穎,電子工業,0.0,0.0,0.0,0.0,0.0,0.0,31.45,0.0,31.45,31.45,0.0,0.0,0.0,8.89,0.0,0.0,0.0,0.0,0,0.0,0
4987,科誠,電腦及週邊設備業,6.37,1340690000.0,210469387.75510204,2.76,1459800888.429752,6.94,12.68,6.45,9.63,16.08,66.83,111.6,87.98,81.6,1.08,0.82,1.37,47.85,156,6.03,33
02001R,富邦蘋果反一N,ETN,0.0,0.0,0.0,0.0,0.0,0.0,0.0,0.0,0.0,0.0,0.0,0.0,0.0,0.43,0.0,0.0,0.0,10.81,48,1.46,5
2823,中壽,金融保險,3.03,0.0,0.0,0.0,0.0,0.0,14.0,0.0,14.0,14.0,0.0,0.0,0.0,32.6,0.0,0.0,0.0,8.67,8,8.67,8
2888,新光金,金融保險,-0.71,-51181701000.0,0.0,0.0,0.0,0.0,21.49,38.94,7.79,46.73,0.0,0.0,0.0,12.05,0.0,0.0,0.0,39.9,85,0.0,0
2601,益航,貿易百貨,-1.63,4304913000.0,0.0,0.0,2178937432.5463934,0.0,0.0,0.0,0.0,0.0,0.0,0.0,0.0,5.81,0.0,0.0,0.0,15.21,112,4.49,61
2809,京城銀,金融保險,3.41,6882140000.0,2018222873.900293,0.0,0.0,0.0,11.85,11.27,7.8,19.07,0.0,0.0,0.0,34.2,0.0,0.0,0.0,3.03,3,10.56,84
2856,元富證,金融保險,1.33,0.0,0.0,0.0,0.0,0.0,45.11,0.0,45.11,45.11,0.0,0.0,0.0,11.1,0.0,0.0,0.0,24.72,8,24.72,8
1701,中化,生技醫療業,0.0,0.0,0.0,0.0,0.0,0.0,19.75,3.17,17.65,20.82,0.0,0.0,0.0,20.6,0.0,0.0,0.0,1.1,8,13.81,8
4144,康聯-KY,生技醫療業,0.0,0.0,0.0,0.0,0.0,0.0,10.1,0.0,10.1,10.1,0.0,0.0,0.0,42.55,0.0,0.0,0.0,11.97,8,11.97,8
4141,龍燈-KY,生技醫療業,0.0,0.0,0.0,0.0,0.0,0.0,0.0,0.0,0.0,0.0,0.0,0.0,0.0,25.7,0.0,0.0,0.0,1.08,2,1.08,2
6452,康友-KY,生技醫療業,0.0,0.0,0.0,0.0,0.0,0.0,26.86,0.0,26.86,26.86,0.0,0.0,0.0,400.0,0.0,0.0,0.0,0.0,0,0.0,0
1507,永大,電機機械,0.0,0.0,0.0,0.0,0.0,0.0,16.25,0.0,16.25,16.25,0.0,0.0,0.0,50.8,0.0,0.0,0.0,0.0,0,0.0,0
1589,永冠-KY,電機機械,-5.06,8035754000.0,0.0,0.0,8378097842.797824,0.0,14.37,0.0,14.37,14.37,0.0,0.0,0.0,68.4,0.0,0.0,0.0,4.71,17,0.0,0
1469,理隆,紡織纖維,0.0,0.0,0.0,0.0,0.0,0.0,0.0,0.0,0.0,0.0,0.0,0.0,0.0,13.8,0.0,0.0,0.0,0.0,0,0.0,0
1592,英瑞-KY,汽車工業,0.0,0.0,0.0,0.0,0.0,0.0,11.25,0.0,11.25,11.25,0.0,0.0,0.0,32.7,0.0,0.0,0.0,0.0,0,0.0,0
6163,華電網,通信網路業,0.75,5679673000.0,7572897333.333333,0.52,7734576580.227716,1.02,249.68,2712.55,12.45,2725.0,12.7,2779.5,254.68,49.95,5.1,0.25,55.65,23.31,98,128.24,180
1595,川寶,電子零組件業,-1.95,725630000.0,0.0,0.0,702010306.6961961,0.0,141.47,298.75,30.0,328.75,0.0,0.0,0.0,77.0,0.0,0.0,0.0,108.45,125,33.55,75
2230,泰茂,電機機械,-1.02,2030437000.0,0.0,0.0,2946487251.582573,0.0,48.86,151.69,14.98,166.67,0.0,0.0,0.0,27.1,0.0,0.0,0.0,7.32,13,5.35,7
3131,弘塑,其他電子類,45.48,5997783000.0,131877374.6701847,28.05,7884497263.627922,59.79,53.6,59.35,25.97,85.32,1552.75,5101.28,3204.61,3520.0,0.91,0.44,1.45,74.79,72,14.75,7
5381,光譜,電子零組件業,0.72,2135776000.0,2966355555.555556,0.34,1958400173.1093905,0.66,50.1,103.98,17.85,121.83,11.78,80.41,33.07,27.8,1.19,0.42,2.89,6.72,24,51.88,55
8932,智通*,其他,1.99,2249716000.0,1130510552.7638192,1.09,2603179539.038033,2.3,63.45,55.16,38.8,93.96,89.24,216.11,145.93,100.0,1.46,0.89,2.16,19.06,63,87.94,79
6125,廣運,光電業,0.1,3263584000.0,32635840000.0,0.06,4662654160.333054,0.14,249.07,579.36,27.64,607.0,3.87,84.98,34.87,63.6,0.55,0.06,1.34,2.75,30,26.31,61
4924,欣厚-KY,電腦及週邊設備業,0.38,758252000.0,1995400000.0,0.23,904820690.2857382,0.45,107.9,384.49,14.51,399.0,6.53,179.55,48.55,11.4,4.26,0.57,15.75,1.51,8,0.0,0
4905,台聯電,通信網路業,2.76,720894000.0,261193478.2608696,1.68,890815373.214975,3.41,27.88,27.04,16.05,43.09,54.73,146.94,95.06,71.9,1.32,0.76,2.04,0.0,0,10.16,145
7718,友鋮,鋼鐵工業,3.77,2206219000.0,585203978.7798408,2.17,2758182605.486247,4.71,12.16,8.33,7.76,16.09,36.55,75.78,57.28,0.0,0.0,0.0,0.0,20.04,99,0.4,9
6236,中湛,其他,0.08,37705000.0,471312500.0,0.03,26895231.334258966,0.06,1251.14,2932.22,217.78,3150.0,13.07,189.0,75.07,0.0,0.0,0.0,0.0,3.7,8,0.0,0
3067,全域,其他電子類,-0.83,56255000.0,0.0,0.0,77462507.62081784,0.0,55.73,44.33,31.76,76.09,0.0,0.0,0.0,19.5,0.0,0.0,0.0,0.0,0,5.11,8
00742,新光內需收益,ETF,0.0,0.0,0.0,0.0,0.0,0.0,0.0,0.0,0.0,0.0,0.0,0.0,0.0,0.0,0.0,0.0,0.0,0.0,0,0.0,0
2841,台開,建材營造,0.0,0.0,0.0,0.0,0.0,0.0,24.24,0.0,24.24,24.24,0.0,0.0,0.0,9.21,0.0,0.0,0.0,0.0,0,0.0,0
00774B,新光中國政金綠債,ETF,0.0,0.0,0.0,0.0,0.0,0.0,0.0,0.0,0.0,0.0,0.0,0.0,0.0,0.0,0.0,0.0,0.0,0.0,0,0.0,0
00743,國泰中國A150,ETF,0.0,0.0,0.0,0.0,0.0,0.0,0.0,0.0,0.0,0.0,0.0,0.0,0.0,0.0,0.0,0.0,0.0,0.0,0,0.0,0
00732,國泰RMB短期報酬,ETF,0.0,0.0,0.0,0.0,0.0,0.0,0.0,0.0,0.0,0.0,0.0,0.0,0.0,40.03,0.0,0.0,0.0,0.0,0,0.0,0
00774C,新光中政金綠債+R,ETF,0.0,0.0,0.0,0.0,0.0,0.0,0.0,0.0,0.0,0.0,0.0,0.0,0.0,0.0,0.0,0.0,0.0,0.0,0,0.0,0
00767,FH美國金融股,ETF,0.0,0.0,0.0,0.0,0.0,0.0,0.0,0.0,0.0,0.0,0.0,0.0,0.0,0.0,0.0,0.0,0.0,0.0,0,0.0,0
00776,新光ICE美國權值,ETF,0.0,0.0,0.0,0.0,0.0,0.0,0.0,0.0,0.0,0.0,0.0,0.0,0.0,0.0,0.0,0.0,0.0,0.0,0,0.0,0
1902,台紙,造紙工業,0.0,0.0,0.0,0.0,0.0,0.0,0.0,0.0,0.0,0.0,0.0,0.0,0.0,18.25,0.0,0.0,0.0,0.0,0,0.0,0
00766L,台新MSCI中國正2,ETF,0.0,0.0,0.0,0.0,0.0,0.0,0.0,0.0,0.0,0.0,0.0,0.0,0.0,0.0,0.0,0.0,0.0,0.0,0,0.0,0
3426,台興,電機機械,2.38,652942000.0,274345378.1512605,1.1,499271567.2463431,1.82,15.36,14.24,10.79,25.03,19.64,45.55,27.95,47.8,0.58,0.41,0.95,33.18,76,0.0,0
1262,綠悅-KY,其他,0.0,0.0,0.0,0.0,0.0,0.0,7.85,0.0,7.85,7.85,0.0,0.0,0.0,34.75,0.0,0.0,0.0,0.0,0,0.0,0
2443,昶虹,其他,-0.42,0.0,0.0,0.0,0.0,0.0,0.0,0.0,0.0,0.0,0.0,0.0,0.0,6.03,0.0,0.0,0.0,0.0,0,0.0,0
2358,廷鑫,其他,0.0,0.0,0.0,0.0,0.0,0.0,0.0,0.0,0.0,0.0,0.0,0.0,0.0,20.9,0.0,0.0,0.0,17.73,2,17.73,2
8427,基勝-KY,其他,0.0,0.0,0.0,0.0,0.0,0.0,33.48,0.0,33.48,33.48,0.0,0.0,0.0,40.0,0.0,0.0,0.0,0.0,0,0.0,0
8480,泰昇-KY,其他,0.0,0.0,0.0,0.0,0.0,0.0,17.51,0.0,17.51,17.51,0.0,0.0,0.0,142.5,0.0,0.0,0.0,13.55,8,13.55,8
2936,客思達-KY,貿易百貨,0.0,0.0,0.0,0.0,0.0,0.0,9.81,0.0,9.81,9.81,0.0,0.0,0.0,25.0,0.0,0.0,0.0,0.0,0,0.0,0
1591,駿吉-KY,電機機械,-2.74,134840000.0,0.0,0.0,473849151.0591905,0.0,0.0,0.0,0.0,0.0,0.0,0.0,0.0,31.15,0.0,0.0,0.0,0.0,0,14.68,105
1704,榮化,化學生技醫療,0.0,0.0,0.0,0.0,0.0,0.0,10.17,0.0,10.17,10.17,0.0,0.0,0.0,45.75,0.0,0.0,0.0,11.9,2,11.9,2
4725,信昌化,化學生技醫療,0.0,0.0,0.0,0.0,0.0,0.0,0.0,0.0,0.0,0.0,0.0,0.0,0.0,30.4,0.0,0.0,0.0,56.3,8,56.3,8
1724,台硝,化學生技醫療,0.0,0.0,0.0,0.0,0.0,0.0,21.21,0.0,21.21,21.21,0.0,0.0,0.0,14.15,0.0,0.0,0.0,0.0,0,0.0,0
2380,虹光,電子工業,0.72,2817681000.0,3913445833.3333335,0.4,3420717670.8501177,0.87,18.31,25.57,5.08,30.65,4.42,26.67,15.93,6.14,2.59,0.72,4.34,4.47,29,91.04,68
00677U,期富邦VIX,ETF,0.0,0.0,0.0,0.0,0.0,0.0,0.0,0.0,0.0,0.0,0.0,0.0,0.0,6.7,0.0,0.0,0.0,0.0,0,0.0,0
0054,元大台商50,ETF,0.0,0.0,0.0,0.0,0.0,0.0,0.0,0.0,0.0,0.0,0.0,0.0,0.0,23.74,0.0,0.0,0.0,0.0,0,0.0,0
0059,富邦金融,ETF,0.0,0.0,0.0,0.0,0.0,0.0,0.0,0.0,0.0,0.0,0.0,0.0,0.0,42.93,0.0,0.0,0.0,12.12,8,12.12,8
00705R,台新MSCI台灣反1,ETF,0.0,0.0,0.0,0.0,0.0,0.0,0.0,0.0,0.0,0.0,0.0,0.0,0.0,18.42,0.0,0.0,0.0,0.77,2,0.77,2
00704L,台新MSCI台灣正2,ETF,0.0,0.0,0.0,0.0,0.0,0.0,0.0,0.0,0.0,0.0,0.0,0.0,0.0,21.06,0.0,0.0,0.0,3.95,8,3.95,8
0058,富邦發達,ETF,0.0,0.0,0.0,0.0,0.0,0.0,0.0,0.0,0.0,0.0,0.0,0.0,0.0,47.26,0.0,0.0,0.0,0.0,0,0.0,0
00699R,元大美債7-10反1,ETF,0.0,0.0,0.0,0.0,0.0,0.0,0.0,0.0,0.0,0.0,0.0,0.0,0.0,0.0,0.0,0.0,0.0,0.0,0,0.0,0
00691R,兆豐藍籌30反1,ETF,0.0,0.0,0.0,0.0,0.0,0.0,0.0,0.0,0.0,0.0,0.0,0.0,0.0,0.0,0.0,0.0,0.0,0.0,0,0.0,0
00698L,元大美債7-10正2,ETF,0.0,0.0,0.0,0.0,0.0,0.0,0.0,0.0,0.0,0.0,0.0,0.0,0.0,0.0,0.0,0.0,0.0,0.0,0,0.0,0
00672L,元大S&P原油正2,ETF,0.0,0.0,0.0,0.0,0.0,0.0,0.0,0.0,0.0,0.0,0.0,0.0,0.0,28.16,0.0,0.0,0.0,93.14,8,93.14,8
00659R,國泰日本反1,ETF,0.0,0.0,0.0,0.0,0.0,0.0,0.0,0.0,0.0,0.0,0.0,0.0,0.0,12.48,0.0,0.0,0.0,0.0,0,0.0,0
00716R,華頓S&P布蘭特反1,ETF,0.0,0.0,0.0,0.0,0.0,0.0,0.0,0.0,0.0,0.0,0.0,0.0,0.0,14.64,0.0,0.0,0.0,0.0,0,0.0,0
008201,BP上證50,ETF,0.0,0.0,0.0,0.0,0.0,0.0,0.0,0.0,0.0,0.0,0.0,0.0,0.0,101.95,0.0,0.0,0.0,5.92,8,5.92,8
00658L,國泰日本正2,ETF,0.0,0.0,0.0,0.0,0.0,0.0,0.0,0.0,0.0,0.0,0.0,0.0,0.0,37.59,0.0,0.0,0.0,29.78,2,29.78,2
00667,元大韓國,ETF,0.0,0.0,0.0,0.0,0.0,0.0,0.0,0.0,0.0,0.0,0.0,0.0,0.0,24.1,0.0,0.0,0.0,6.4,8,6.4,8
00649,FH香港,ETF,0.0,0.0,0.0,0.0,0.0,0.0,0.0,0.0,0.0,0.0,0.0,0.0,0.0,22.27,0.0,0.0,0.0,10.08,8,10.08,8
6277,宏正,電子工業,3.08,4892149000.0,1588360064.9350648,1.66,5295565902.991539,3.33,18.28,10.75,14.17,24.92,47.19,82.98,60.86,72.4,0.84,0.65,1.15,0.48,10,4.34,173
6592A,和潤企業甲特,其他,0.0,0.0,0.0,0.0,0.0,0.0,0.0,0.0,0.0,0.0,0.0,0.0,0.0,98.0,0.0,0.0,0.0,0.0,0,2.18,124
6285,啟碁,電子工業,6.4,110508716000.0,17266986875.0,3.59,120669546114.79524,6.99,20.66,34.28,12.77,47.05,89.26,328.88,144.38,274.0,0.53,0.33,1.2,6.25,3,8.79,69
6278,台表科,光電業,9.39,49870351000.0,5311006496.27263,4.81,50705758849.57234,9.55,11.89,19.9,8.24,28.14,78.69,268.74,113.56,204.5,0.56,0.38,1.31,13.47,15,3.14,21
6294,智基,文化創意業,2.78,986608000.0,354894964.028777,1.28,846869382.3611901,2.39,19.99,29.4,10.27,39.67,24.55,94.81,47.78,28.55,1.67,0.86,3.32,6.93,50,19.14,61
6588,東典光電,通信網路業,-1.76,169790000.0,0.0,0.0,390182974.98128945,0.0,0.0,0.0,0.0,0.0,0.0,0.0,0.0,107.5,0.0,0.0,0.0,62.81,171,87.25,180
6409,旭隼,電子工業,40.23,20524460000.0,510177976.6343525,18.46,18468301797.645527,36.2,30.9,40.93,17.59,58.52,636.76,2118.42,1118.64,926.0,1.21,0.69,2.29,34.66,98,0.0,0
6592B,和潤企業乙特,其他,0.0,0.0,0.0,0.0,0.0,0.0,0.0,0.0,0.0,0.0,0.0,0.0,0.0,97.5,0.0,0.0,0.0,0.94,171,0.92,98
6279,胡連,電子零組件業,10.96,9789266000.0,893181204.379562,5.45,10042141013.541773,11.24,12.84,6.66,9.59,16.25,107.79,182.65,144.31,120.5,1.2,0.89,1.52,13.17,99,13.58,72
6274,台燿,電子零組件業,12.13,29179204000.0,2405540313.272877,9.44,51446409213.072075,21.39,35.33,120.35,12.24,132.59,261.81,2836.1,755.65,1835.0,0.41,0.14,1.55,10.15,87,106.53,177
6585,鼎基,其他,5.64,2856943000.0,506550177.30496454,3.21,2926240184.049285,5.78,15.62,18.67,9.6,28.27,55.49,163.4,90.29,138.0,0.65,0.4,1.18,7.55,9,0.0,0
6281,全國電,電子通路業,3.7,18994144000.0,5133552432.432432,1.8,18383274266.352123,3.58,16.69,5.1,13.2,18.3,47.26,65.51,59.74,51.5,1.16,0.92,1.27,0.36,8,0.55,7
6593,台灣銘板,資訊服務業,-2.06,428382000.0,0.0,0.0,416962237.6480228,0.0,88.7,117.8,46.3,164.1,0.0,0.0,0.0,35.1,0.0,0.0,0.0,0.94,2,8.81,9
6591,動力-KY,電子工業,5.37,1730676000.0,322286033.51955307,1.86,1157201385.7093499,3.59,15.8,10.19,11.1,21.29,39.85,76.43,56.71,55.5,1.02,0.72,1.38,1.47,16,43.37,72
6590,普鴻,資訊服務業,5.48,672156000.0,122656204.37956204,2.85,697856711.6841851,5.69,14.28,6.22,11.82,18.04,67.26,102.65,81.23,68.7,1.18,0.98,1.49,5.88,23,16.62,62
6589,台康生技,生技醫療業,-2.52,985778000.0,0.0,0.0,1331164309.0015142,0.0,0.0,0.0,0.0,0.0,0.0,0.0,0.0,46.45,0.0,0.0,0.0,14.1,14,35.15,149
6290,良維,電子零組件業,8.72,10099931000.0,1158248967.889908,4.59,10989871940.734295,9.49,18.92,33.26,9.56,42.82,90.72,406.36,179.56,319.5,0.56,0.28,1.27,2.41,27,102.14,141
6282,康舒,電子工業,0.18,31582716000.0,175459533333.33334,0.1,37942901249.48787,0.22,1138.03,2880.8,99.2,2980.0,21.82,655.6,250.37,58.1,4.31,0.38,11.28,1.39,17,72.24,133
6283,淳安,其他電子業,-0.22,1845136000.0,0.0,0.0,1775474087.8104017,0.0,35.83,45.51,21.72,67.23,0.0,0.0,0.0,24.0,0.0,0.0,0.0,8.78,132,45.29,70
6276,安鈦克,電腦及週邊設備業,0.93,1457611000.0,1567323655.9139783,0.3,850767955.278992,0.54,42.54,20.0,32.12,52.12,17.34,28.14,22.97,25.0,0.92,0.69,1.13,0.0,0,9.87,7
6592,和潤企業,其他,4.73,23894153000.0,5051617970.4016905,2.31,22749087263.588028,4.5,16.4,10.0,12.11,22.11,54.5,99.5,73.81,65.3,1.13,0.83,1.52,5.7,24,1.27,61
6284,佳邦,電子零組件業,4.36,7575483000.0,1737496100.917431,2.03,6976661013.188771,4.02,15.57,31.56,8.7,40.26,34.97,161.85,62.6,106.0,0.59,0.33,1.53,15.38,23,22.8,138
6291,沛亨,半導體業,6.6,2053233000.0,311095909.0909091,4.31,2912376592.6845207,9.36,29.09,70.35,8.97,79.32,83.96,742.44,272.25,548.0,0.5,0.15,1.35,0.0,0,141.5,82
6292,迅德,電子零組件業,2.0,1000924000.0,500462000.0,1.18,1275332431.0379128,2.55,29.51,87.31,8.52,95.83,21.73,244.37,75.26,67.8,1.11,0.32,3.6,0.12,1,2.71,9
6596,寬宏藝術,文化創意業,18.83,3139203000.0,166712851.8321827,7.72,5225552442.6158695,31.34,11.68,17.67,5.06,22.73,158.58,712.36,366.1,94.0,3.89,1.69,7.58,15.23,183,24.31,75
6405,悅城,電子工業,-1.27,927000.0,0.0,0.0,447161.4100185529,0.0,0.0,0.0,0.0,0.0,0.0,0.0,0.0,71.5,0.0,0.0,0.0,102.24,127,24.51,131
6525,捷敏-KY,電子工業,5.87,5291971000.0,901528279.3867121,3.22,6011775537.7954035,6.67,14.67,12.73,10.83,23.56,72.24,157.15,97.86,143.0,0.68,0.51,1.1,19.24,127,26.76,125
6412,群電,電子工業,5.2,34938697000.0,6718980192.307693,2.37,31373620192.042747,4.67,15.06,10.19,10.19,20.38,47.59,95.17,70.32,91.6,0.77,0.52,1.04,5.86,2,2.04,19
6542,隆中,文化創意業,0.02,861299000.0,43064950000.0,0.01,1057253133.3745078,0.02,475.81,2830.91,19.09,2850.0,0.38,57.0,9.52,48.0,0.2,0.01,1.19,17.61,170,5.88,6
6496,科懋,生技醫療業,-3.96,866250000.0,0.0,0.0,992172784.8687794,0.0,0.0,0.0,0.0,0.0,0.0,0.0,0.0,24.9,0.0,0.0,0.0,16.99,13,18.9,86
6546,正基,通信網路業,2.73,2312100000.0,846923076.923077,1.33,2148355416.2009025,2.54,32.22,34.88,21.3,56.18,54.1,142.7,81.84,75.0,1.09,0.72,1.9,45.09,98,0.0,0
6547,高端疫苗,生技醫療業,-0.85,607793000.0,0.0,0.0,559753753.5782354,0.0,0.0,0.0,0.0,0.0,0.0,0.0,0.0,45.2,0.0,0.0,0.0,7.85,13,0.0,0
6494,九齊,半導體業,-0.93,1176236000.0,0.0,0.0,1617099260.6049104,0.0,63.55,564.22,12.45,576.67,0.0,0.0,0.0,69.2,0.0,0.0,0.0,0.85,3,4.17,135
6548,長科*,半導體業,1.63,13288729000.0,8152594478.527608,0.94,15961793218.399252,1.96,23.7,45.41,14.41,59.82,28.24,117.25,46.45,86.1,0.54,0.33,1.36,3.38,98,47.91,147
6550,北極星藥業-KY,化學生技醫療,-5.1,42866000.0,0.0,0.0,107215727.5298736,0.0,0.0,0.0,0.0,0.0,0.0,0.0,0.0,13.65,0.0,0.0,0.0,6.22,13,10.77,65
6492,生華科,生技醫療業,-2.97,1074000.0,0.0,0.0,1031040.0,0.0,0.0,0.0,0.0,0.0,0.0,0.0,0.0,44.0,0.0,0.0,0.0,41.36,30,52.21,125
6491,晶碩,生技醫療業,20.87,7034551000.0,337065213.2247245,11.57,8316346557.724414,24.67,15.01,8.75,12.44,21.19,306.89,522.76,370.34,327.5,1.13,0.94,1.6,1.02,14,15.95,138
6488,環球晶,半導體業,15.3,60583311000.0,3959693529.4117646,7.34,56150554920.240074,14.18,24.44,57.66,10.82,68.48,153.43,971.05,346.49,1110.0,0.31,0.14,0.87,11.47,20,81.24,125
6486,互動,通信網路業,5.77,2435298000.0,422062045.06065863,3.53,2961521480.340012,7.02,14.45,5.23,11.98,17.21,84.1,120.81,101.41,81.8,1.24,1.03,1.48,3.93,20,4.65,182
6485,點序,半導體業,0.71,1448753000.0,2040497183.0985916,0.34,1325026328.6991062,0.65,352.21,718.08,108.59,826.67,70.58,537.34,228.94,88.4,2.59,0.8,6.08,3.03,2,46.51,120
6482,弘煜科,文化創意業,2.51,516642000.0,205833466.13545817,0.89,333409261.3998663,1.62,19.23,21.12,10.82,31.94,17.53,51.74,31.15,29.65,1.05,0.59,1.75,4.95,9,3.34,40
6552,易華電,半導體業,-14.35,1499491000.0,0.0,0.0,1016438178.6606913,0.0,101.12,179.95,45.05,225.0,0.0,0.0,0.0,31.05,0.0,0.0,0.0,0.0,0,17.77,62
6477,安集,電子工業,0.02,864073000.0,43203650000.0,0.01,1083616383.9725912,0.03,818.21,1910.23,72.27,1982.5,2.17,59.47,24.55,32.05,0.77,0.07,1.86,26.68,14,50.58,69
6474,華豫寧,電子通路業,3.5,947872000.0,270820571.4285714,0.0,0.0,0.0,11.02,2.8,10.06,12.86,0.0,0.0,0.0,37.9,0.0,0.0,0.0,35.36,28,20.89,28
6556,勝品,光電業,6.78,1395819000.0,205873008.84955752,3.74,1546863525.5152426,7.51,11.2,10.07,7.01,17.08,52.65,128.27,84.12,73.5,1.14,0.72,1.75,6.33,71,0.0,0
6472,保瑞,生技醫療業,27.15,20100258000.0,740340994.4751382,12.5,17981599491.729866,24.29,21.21,20.34,15.39,35.73,373.82,867.88,515.08,422.5,1.22,0.88,2.05,22.28,29,6.16,22
6558,興能高,其他電子業,-1.02,1090534000.0,0.0,0.0,949032069.3277458,0.0,2195.35,5579.29,150.71,5730.0,0.0,0.0,0.0,30.9,0.0,0.0,0.0,72.32,170,16.23,9
6541,泰福-KY,生技醫療業,-6.21,381342000.0,0.0,0.0,1489458056.5003753,0.0,0.0,0.0,0.0,0.0,0.0,0.0,0.0,40.45,0.0,0.0,0.0,87.41,73,26.55,118
6498,久禾光,光電業,6.47,962397000.0,148747604.32766616,4.82,2395822865.9375663,16.11,16.31,9.32,13.09,22.41,210.88,361.03,262.73,107.0,2.46,1.97,3.37,67.27,183,2.76,48
6499,益安,生技醫療業,-7.24,407417000.0,0.0,0.0,455796271.22751516,0.0,0.0,0.0,0.0,0.0,0.0,0.0,0.0,73.7,0.0,0.0,0.0,13.4,14,5.07,19
6504,南六,其他,-1.09,6690185000.0,0.0,0.0,6503676735.521974,0.0,123.38,309.56,27.11,336.67,0.0,0.0,0.0,36.2,0.0,0.0,0.0,0.81,2,3.19,12
6523,達爾膚,生技醫療業,7.78,1155609000.0,148535861.1825193,3.23,1000305760.8694475,6.73,14.12,4.59,11.91,16.5,80.15,111.04,95.01,97.8,0.97,0.82,1.14,0.0,0,0.0,0
6526,達發,半導體業,17.32,20994770000.0,1212169168.591224,9.1,22315157403.853493,18.41,41.52,83.78,23.79,107.57,437.97,1980.36,764.33,696.0,1.1,0.63,2.85,0.0,0,9.02,23
6517,保勝光學,光電業,1.62,491220000.0,303222222.2222222,0.69,396712745.0634562,1.31,27.94,44.0,14.66,58.66,19.2,76.84,36.6,78.1,0.47,0.25,0.98,16.56,97,0.0,0
6527,明達醫,生技醫療業,5.81,932292000.0,160463339.070568,2.72,847424321.9532139,5.28,16.73,11.06,11.52,22.58,60.83,119.22,88.31,71.8,1.23,0.85,1.66,6.74,101,2.3,6
6516,勤崴國際,資訊服務業,1.52,526545000.0,346411184.2105263,0.99,670782418.3632764,1.94,50.74,37.08,30.72,67.8,59.6,131.53,98.43,56.8,1.73,1.05,2.32,1.02,29,0.0,0
6515,穎崴,電子工業,46.93,7384564000.0,157352738.12060517,37.95,11311032236.695011,71.88,71.91,211.7,20.85,232.55,1498.7,16715.69,5168.83,9450.0,0.55,0.16,1.77,39.51,90,129.15,163
6530,創威,通信網路業,1.95,324182000.0,166247179.4871795,1.1,382965883.7728523,2.3,39.39,45.14,23.32,68.46,53.64,157.46,90.6,97.9,0.93,0.55,1.61,77.39,111,39.21,72
6512,啟發電,其他電子類,-0.78,191934000.0,0.0,0.0,98391734.31484614,0.0,0.0,0.0,0.0,0.0,0.0,0.0,0.0,19.5,0.0,0.0,0.0,6.07,8,8.29,142
6531,愛普*,半導體業,7.73,5290540000.0,684416558.8615782,6.53,10527138213.433044,15.38,52.92,104.98,19.86,124.84,305.45,1920.04,813.9,1025.0,0.79,0.3,1.87,12.13,16,44.09,163
6532,瑞耘,半導體業,7.31,682690000.0,93391244.87004104,3.9,663990081.558278,7.11,16.67,15.57,7.91,23.48,56.24,166.94,118.53,91.2,1.3,0.62,1.83,30.91,22,27.55,19
6533,晶心科,電子工業,-8.19,1432983000.0,0.0,0.0,1724973721.6078777,0.0,7806.98,3312.5,6025.0,9337.5,0.0,0.0,0.0,201.5,0.0,0.0,0.0,0.81,6,20.11,97
6535,順藥,生技醫療業,-2.06,40430000.0,0.0,0.0,27973806.90270753,0.0,0.0,0.0,0.0,0.0,0.0,0.0,0.0,103.0,0.0,0.0,0.0,69.37,132,99.38,90
6538,倉和,電子零組件業,1.15,1483039000.0,1289599130.4347827,0.52,1154359220.6435907,0.9,24.55,127.37,8.63,136.0,7.77,122.4,22.1,114.5,0.19,0.07,1.07,14.2,14,0.0,0
6510,精測,半導體業,30.41,4865930000.0,160010851.69352186,17.59,5682678722.444727,35.51,92.94,176.78,30.64,207.42,1088.03,7365.48,3300.4,3610.0,0.91,0.3,2.04,88.87,170,173.52,181
6509,聚和,化學工業,2.87,4865391000.0,1695258188.15331,1.56,5065002750.673687,2.99,14.32,8.95,9.5,18.45,28.4,55.17,42.8,47.95,0.89,0.59,1.15,10.45,22,11.02,174
6508,惠光,農業科技業,0.27,1401564000.0,5190977777.777778,0.16,1356938027.0057845,0.26,57.32,86.69,23.08,109.77,6.0,28.54,14.9,23.95,0.62,0.25,1.19,3.41,10,0.0,0
6505,台塑化,油電燃氣業,1.04,625336454000.0,601285051923.0769,0.56,658940001869.3257,1.1,54.29,77.11,17.11,94.22,18.82,103.64,59.72,53.5,1.12,0.35,1.94,2.15,2,45.97,155
6411,晶焱,半導體業,3.18,2456141000.0,772371383.6477987,1.71,2742733821.522141,3.55,22.59,23.56,12.83,36.39,45.55,129.18,80.19,106.5,0.75,0.43,1.21,6.47,24,46.59,134
6470,宇智,通信網路業,3.87,2036670000.0,526271317.82945734,1.02,1016234558.443928,1.93,16.97,26.41,10.44,36.85,20.15,71.12,32.76,50.0,0.66,0.4,1.42,7.28,174,0.0,0
6469,大樹,生技醫療業,4.29,18801939000.0,4382736363.636364,2.19,19343263850.387486,4.41,28.08,26.56,18.46,45.02,81.41,198.54,123.83,74.9,1.65,1.09,2.65,0.0,0,8.61,48
6573,虹揚-KY,電子工業,1.23,865246000.0,703452032.5203252,0.54,671183962.6654046,0.95,13.99,9.73,9.84,19.57,9.35,18.59,13.29,16.2,0.82,0.58,1.15,27.72,126,88.07,145
6426,統新,電子工業,-0.78,477475000.0,0.0,0.0,751368307.6665317,0.0,469.09,182.69,372.12,554.81,0.0,0.0,0.0,210.5,0.0,0.0,0.0,58.39,171,42.1,180
6574,霈方,生技醫療業,6.82,603419000.0,88477859.23753665,4.6,794801731.5384566,8.98,17.45,22.97,10.44,33.41,93.75,300.02,156.7,109.0,1.44,0.86,2.75,0.0,0,16.18,5
6576,逸達,生技醫療業,-5.7,432261000.0,0.0,0.0,577816941.160455,0.0,0.0,0.0,0.0,0.0,0.0,0.0,0.0,78.4,0.0,0.0,0.0,0.0,0,30.88,149
6577,勁豐,電腦及週邊設備業,5.64,2033734000.0,360591134.75177306,2.96,2125240804.1842961,5.89,14.0,13.76,9.63,23.39,56.72,137.77,82.43,75.7,1.09,0.75,1.82,18.57,28,0.0,0
6425,易發,電機機械,-1.62,1408313000.0,0.0,0.0,1812280864.0960226,0.0,132.69,267.95,64.78,332.73,0.0,0.0,0.0,79.6,0.0,0.0,0.0,24.1,176,103.15,183
6578,達邦蛋白,農業科技業,-0.96,296987000.0,0.0,0.0,362634007.8106257,0.0,163.66,138.88,94.12,233.0,0.0,0.0,0.0,16.45,0.0,0.0,0.0,12.52,20,41.16,64
6579,研揚,電子工業,5.62,8420480000.0,1498306049.822064,3.34,10583368050.55286,7.06,28.01,26.03,18.48,44.51,130.47,314.24,197.76,168.0,1.18,0.78,1.87,4.41,28,13.15,121
6419,京晨科,光電業,9.58,515303000.0,53789457.202505216,10.73,1015705655.3210824,18.88,13.02,25.69,6.29,31.98,118.76,603.78,245.84,149.5,1.64,0.79,4.04,17.69,30,17.98,180
6582,申豐,橡膠工業,-0.4,916756000.0,0.0,0.0,386595747.656255,0.0,339.02,717.53,30.47,748.0,0.0,0.0,0.0,31.45,0.0,0.0,0.0,34.74,20,2.33,119
6584,南俊國際,電子零組件業,5.59,2355997000.0,421466368.51520574,3.96,3699945538.6044555,8.78,90.81,219.2,38.1,257.3,334.52,2259.09,797.31,625.0,1.28,0.54,3.61,17.14,21,127.43,168
6418,詠昇,電子零組件業,0.73,770725000.0,1055787671.2328768,0.4,826553519.1972297,0.78,29.74,61.74,10.95,72.69,8.54,56.7,23.2,31.65,0.73,0.27,1.79,5.25,17,346.02,104
6417,韋僑,通信網路業,4.83,1577211000.0,326544720.4968944,2.83,1886494153.6242142,5.78,24.58,15.04,17.08,32.12,98.72,185.65,142.07,132.0,1.08,0.75,1.41,10.09,20,25.84,98
6416,瑞祺電通,電子工業,4.3,4238496000.0,985696744.1860466,2.37,4320671267.970889,4.38,24.7,25.11,16.56,41.67,72.53,182.51,108.17,83.7,1.29,0.87,2.18,27.45,108,0.0,0
6415,矽力*-KY,電子工業,6.41,18703888000.0,2917923244.929797,3.72,22263629588.057003,7.63,93.2,301.95,27.16,329.11,207.23,2511.11,711.14,629.0,1.13,0.33,3.99,9.22,111,0.0,0
6414,樺漢,電腦及週邊設備業,23.26,142336502000.0,6119368099.742046,13.46,161527102248.97382,26.4,15.33,9.09,10.87,19.96,286.97,526.94,404.69,383.0,1.06,0.75,1.38,5.6,21,7.77,71
6432,今展科,電子零組件業,0.48,1100859000.0,2293456250.0,0.27,1219617789.937728,0.53,54.71,198.48,14.02,212.5,7.43,112.62,28.99,86.9,0.33,0.09,1.3,3.61,29,38.59,132
6435,大中,半導體業,9.52,3323233000.0,349079096.6386555,5.4,3737645224.1103067,10.71,17.48,16.51,12.94,29.45,138.59,315.41,187.22,317.5,0.59,0.44,0.99,7.91,14,23.11,173
6465,威潤,通信網路業,0.93,232374000.0,249864516.12903225,0.67,487628849.30033636,1.95,39.94,48.74,17.07,65.81,33.29,128.33,77.88,71.2,1.09,0.47,1.8,12.3,20,156.07,181
6464,台數科,其他,4.2,4444855000.0,1058298809.5238094,2.08,4408066923.351219,4.17,14.03,7.96,11.23,19.19,46.83,80.02,58.5,78.0,0.75,0.6,1.03,0.82,1,0.99,19
6462,神盾,半導體業,-17.52,5125214000.0,0.0,0.0,9442995609.636137,0.0,0.0,0.0,0.0,0.0,0.0,0.0,0.0,114.0,0.0,0.0,0.0,17.97,29,21.32,132
6461,益得,生技醫療業,-2.52,111107000.0,0.0,0.0,117312963.77529815,0.0,0.0,0.0,0.0,0.0,0.0,0.0,0.0,15.35,0.0,0.0,0.0,12.63,57,7.84,49
6560,欣普羅,光電業,-0.16,161431000.0,0.0,0.0,267467649.93583664,0.0,477.36,38.13,462.5,500.63,0.0,0.0,0.0,38.0,0.0,0.0,0.0,41.64,10,18.57,77
6456,GIS-KY,電子工業,-0.8,67852571000.0,0.0,0.0,57039904610.171425,0.0,207.29,420.89,77.61,498.5,0.0,0.0,0.0,76.4,0.0,0.0,0.0,7.16,24,63.07,77
6451,訊芯-KY,電子工業,0.26,7574127000.0,29131257692.30769,0.12,6700345508.613596,0.23,492.15,1941.76,62.09,2003.85,14.28,460.89,113.19,561.0,0.2,0.03,0.82,10.62,9,20.14,177
6561,是方,通信網路業,15.74,3936025000.0,250065120.7115629,7.9,3782059937.926016,15.12,29.3,22.93,19.87,42.8,300.43,647.14,443.06,338.0,1.31,0.89,1.91,50.91,73,10.94,62
6449,鈺邦,電子零組件業,7.38,4375999000.0,592953794.0379404,4.19,5387596871.764885,9.09,27.74,45.56,14.65,60.21,133.17,547.31,252.2,433.0,0.58,0.31,1.26,30.07,28,100.0,112
6446,藥華藥,化學生技醫療,14.27,14884059000.0,1043031464.6110722,11.09,25187522843.487526,24.15,102.76,500.88,31.45,532.33,759.52,12855.77,2481.72,1060.0,2.34,0.72,12.13,48.88,94,7.33,14
6443,元晶,電子工業,-6.24,1931581000.0,0.0,0.0,1107167752.8674083,0.0,50.25,34.97,31.44,66.41,0.0,0.0,0.0,39.35,0.0,0.0,0.0,20.52,17,53.47,181
6568,宏觀,半導體業,4.02,1114929000.0,277345522.38805974,2.46,1331151014.959724,4.8,46.71,73.15,22.21,95.36,106.61,457.73,224.19,176.5,1.27,0.6,2.59,0.35,3,29.52,16
6569,醫揚,生技醫療業,2.87,1353898000.0,471741463.4146341,1.64,1499388617.494749,3.18,32.39,26.76,23.24,50.0,73.9,159.0,103.01,115.0,0.9,0.64,1.38,29.33,43,32.22,75
6442,光聖,電子工業,23.48,10705105000.0,455924403.7478705,14.26,13080238383.759924,28.69,63.29,123.54,21.26,144.8,609.95,4154.31,1815.81,1945.0,0.93,0.31,2.14,110.76,178,194.98,180
6570,維田,電腦及週邊設備業,1.29,904252000.0,700970542.6356589,0.77,1072397324.3736767,1.53,32.3,29.1,18.0,47.1,27.54,72.06,49.42,54.6,0.91,0.5,1.32,36.7,65,17.78,83
6441,廣錠,電腦及週邊設備業,-5.16,238504000.0,0.0,0.0,90550736.3612546,0.0,0.0,0.0,0.0,0.0,0.0,0.0,0.0,22.7,0.0,0.0,0.0,21.11,14,0.0,0
00400A,主動國泰動能高息,ETF,0.0,0.0,0.0,0.0,0.0,0.0,0.0,0.0,0.0,0.0,0.0,0.0,0.0,15.12,0.0,0.0,0.0,38.72,70,38.72,70
6147,頎邦,半導體業,3.73,21413608000.0,5740913672.922252,2.07,24328392164.74289,4.24,17.38,79.71,9.62,89.33,40.79,378.76,73.68,252.0,0.29,0.16,1.5,0.59,2,3.81,138
6272,驊陞,電子工業,3.42,688946000.0,201446198.83040935,0.0,0.0,0.0,13.41,10.09,9.84,19.93,0.0,0.0,0.0,32.1,0.0,0.0,0.0,42.17,27,22.62,75
5386,青雲,電腦及週邊設備業,8.78,5565492000.0,633882915.7175399,22.65,29778797416.36397,46.98,25.09,52.42,8.21,60.63,385.71,2848.4,1178.62,521.0,2.26,0.74,5.47,58.61,72,6.3,173
5388,中磊,通信網路業,4.04,53084553000.0,13139740841.584158,2.76,78057056484.79915,5.94,16.04,12.15,11.18,23.33,66.41,138.58,95.3,84.2,1.13,0.79,1.65,8.89,14,14.75,44
5392,能率,光電業,-0.28,8728682000.0,0.0,0.0,8829025710.716337,0.0,285.12,607.13,52.87,660.0,0.0,0.0,0.0,43.3,0.0,0.0,0.0,16.23,17,83.07,99
5398,慕康生醫,其他,0.35,233856000.0,668160000.0,0.09,171798459.9117692,0.26,83.46,67.12,50.76,117.88,13.2,30.65,21.7,17.85,1.22,0.74,1.72,32.14,149,42.56,175
5403,中菲,資訊服務業,8.56,3406899000.0,398002219.6261682,4.56,3271282896.277019,8.22,14.56,8.28,10.72,19.0,88.12,156.18,119.69,95.0,1.26,0.93,1.64,2.52,22,3.28,79
5410,國眾,資訊服務業,2.35,4317858000.0,1837386382.9787233,1.84,6663696200.277707,3.63,15.98,11.32,11.66,22.98,42.33,83.42,58.03,44.75,1.3,0.95,1.86,0.38,17,39.16,107
5425,台半,半導體業,2.08,17898763000.0,8605174519.230768,1.08,18237869573.19768,2.12,32.4,36.41,18.96,55.37,40.2,117.38,68.68,118.5,0.58,0.34,0.99,1.56,17,35.83,125
5426,振發,電腦及週邊設備業,0.52,1797107000.0,3455975000.0,0.29,1848519562.096096,0.53,140.4,840.85,16.65,857.5,8.82,454.48,74.41,37.9,1.96,0.23,11.99,13.19,146,6.67,5
5434,崇越,電子工業,21.8,66554106000.0,3052940642.2018347,12.56,78391317928.1682,25.68,15.93,9.61,10.97,20.58,281.71,528.49,409.1,475.5,0.86,0.59,1.11,13.57,146,24.69,138
5438,東友,電腦及週邊設備業,0.51,1315943000.0,2580280392.1568627,0.15,732594451.4073325,0.28,74.25,339.58,14.59,354.17,4.09,99.17,20.79,19.2,1.08,0.21,5.17,139.44,141,48.04,99
5439,高技,電子零組件業,13.74,9245672000.0,672901892.2852983,7.79,15310076596.995598,22.75,36.14,53.48,14.74,68.22,335.34,1552.0,822.09,332.5,2.47,1.01,4.67,22.87,182,82.84,166
5452,佶優,其他電子類,0.33,4978088000.0,15085115151.51515,0.16,4482818376.188624,0.3,86.88,104.56,41.02,145.58,12.31,43.67,26.06,33.9,0.77,0.36,1.29,76.48,17,7.82,72
5455,昇益,建材營造,3.46,2170879000.0,627421676.300578,0.01,8155458.626921701,0.01,8.65,13.19,3.45,16.64,0.03,0.17,0.09,27.3,0.0,0.0,0.01,56.11,58,0.0,0
5457,宣德,電子零組件業,2.77,24329570000.0,8783238267.148014,1.24,23680326170.740612,2.7,23.81,57.55,12.27,69.82,33.13,188.51,64.28,37.1,1.73,0.89,5.08,1.6,170,23.98,97
5460,同協,電子零組件業,-0.17,234145000.0,0.0,0.0,258544957.44892216,0.0,121.06,237.16,46.59,283.75,0.0,0.0,0.0,15.75,0.0,0.0,0.0,58.74,86,26.04,64
5464,霖宏,電子零組件業,-2.6,967415000.0,0.0,0.0,1215638053.761851,0.0,27.37,44.96,11.64,56.6,0.0,0.0,0.0,73.7,0.0,0.0,0.0,0.87,1,0.0,0
5465,富驊,電腦及週邊設備業,1.29,5633240000.0,4366852713.178294,0.45,3460822176.122726,0.79,19.81,14.81,13.88,28.69,10.97,22.67,15.65,25.85,0.61,0.42,0.88,14.3,168,7.06,7
5371,中光電,光電業,0.95,39194727000.0,41257607368.42105,0.48,43373522168.90828,1.05,59.89,102.96,22.37,125.33,23.49,131.6,62.88,70.0,0.9,0.34,1.88,1.97,8,126.64,77
5356,協益,電腦及週邊設備業,0.44,3440781000.0,7819956818.181818,0.21,3274501675.643315,0.42,24.77,57.75,4.18,61.93,1.76,26.01,10.4,28.0,0.37,0.06,0.93,0.38,2,0.51,8
5299,杰力,半導體業,4.58,1515551000.0,330906331.87772924,2.33,1424469287.1954348,4.3,18.08,15.27,11.13,26.4,47.86,113.52,77.75,117.5,0.66,0.41,0.97,4.35,23,8.82,135
5302,太欣,半導體業,-0.11,18269000.0,0.0,0.0,37605196.34164331,0.0,0.0,0.0,0.0,0.0,0.0,0.0,0.0,12.55,0.0,0.0,0.0,5.84,20,52.92,56
5309,系統電,電子零組件業,0.27,3337464000.0,12360977777.777777,0.15,3553312957.33148,0.29,184.88,596.28,27.05,623.33,7.84,180.77,53.62,69.0,0.78,0.11,2.62,39.52,160,116.18,85
5310,天剛,資訊服務業,0.52,992000.0,1907692.3076923075,0.13,519118.64406779665,0.27,55.86,367.82,12.89,380.71,3.48,102.79,15.08,24.3,0.62,0.14,4.23,44.95,52,2.02,28
5312,寶島科,生技醫療業,6.41,4132651000.0,644719344.773791,3.52,4686494248.026702,7.27,15.08,8.9,12.38,21.28,90.0,154.71,109.61,97.3,1.13,0.92,1.59,5.63,170,0.0,0
5315,光聯,光電業,1.89,2009859000.0,1063417460.3174604,0.88,1862868943.9240408,1.75,18.57,21.02,11.63,32.65,20.35,57.14,32.5,23.0,1.41,0.88,2.48,27.11,168,9.35,162
5324,士開,建材營造,-0.05,1340608000.0,0.0,0.0,891042312.7150763,0.0,49.7,143.77,10.67,154.44,0.0,0.0,0.0,12.1,0.0,0.0,0.0,8.27,44,6.01,9
5328,華容,電子零組件業,0.39,881581000.0,2260464102.5641026,0.22,995078644.8970395,0.44,59.18,107.67,27.69,135.36,12.18,59.56,26.04,56.5,0.46,0.22,1.05,30.69,169,72.87,169
5340,建榮,電子零組件業,1.2,2256598000.0,1880498333.3333335,0.68,2679251458.1657376,1.42,78.26,178.97,33.53,212.5,47.61,301.75,111.14,90.0,1.23,0.53,3.35,0.0,0,61.31,174
5344,立衛,半導體業,-0.38,334902000.0,0.0,0.0,397864898.28096753,0.0,34.84,31.0,21.27,52.27,0.0,0.0,0.0,15.65,0.0,0.0,0.0,6.48,7,31.54,71
5347,世界,半導體業,4.3,47964760000.0,11154595348.83721,2.31,52565973727.46824,4.71,24.67,25.4,17.74,43.14,83.56,203.19,116.21,174.5,0.67,0.48,1.16,16.87,13,11.17,97
5351,鈺創,半導體業,-1.53,3643776000.0,0.0,0.0,17132658116.86983,0.0,88.46,20.21,76.7,96.91,0.0,0.0,0.0,94.0,0.0,0.0,0.0,1.14,6,58.31,147
5353,台林,通信網路業,1.38,1819058000.0,1318157971.0144928,0.72,1950917920.6978533,1.48,16.84,15.12,10.33,25.45,15.29,37.67,24.92,32.0,0.78,0.48,1.18,9.36,167,1.1,183
5355,佳總,電子零組件業,-1.12,454197000.0,0.0,0.0,514704697.1772117,0.0,0.0,0.0,0.0,0.0,0.0,0.0,0.0,6.87,0.0,0.0,0.0,18.33,16,38.48,61
5468,凱鈺,半導體業,-0.65,164049000.0,0.0,0.0,234523877.18386024,0.0,438.83,68.75,406.25,475.0,0.0,0.0,0.0,30.0,0.0,0.0,0.0,25.89,8,35.65,173
5469,瀚宇博,電子工業,6.05,55369479000.0,9151980000.0,3.49,72291010388.34338,7.9,11.78,11.85,6.22,18.07,49.14,142.75,93.08,86.8,1.07,0.57,1.64,3.24,127,84.3,166
5525,順天,建材營造,1.4,747859000.0,534185000.00000006,7.9,10876730387.115555,20.36,22.83,39.55,8.37,47.92,170.41,975.65,464.76,22.55,20.61,7.56,43.27,27.08,42,0.3,8
5529,鉅陞,建材營造,2.02,78043000.0,38635148.51485149,36.09,3504932719.9446073,90.72,10.38,6.69,7.19,13.88,652.28,1259.19,941.45,22.0,42.79,29.65,57.24,23.68,28,0.0,0
5530,龍巖,其他,2.74,4023918000.0,1468583211.678832,1.43,3619135737.9779425,2.46,16.8,11.74,13.31,25.05,32.74,61.62,41.32,49.4,0.84,0.66,1.25,18.25,6,0.93,26
5531,鄉林,建材營造,-0.28,3568155000.0,0.0,0.0,390761497.8430701,0.0,71.47,135.77,34.23,170.0,0.0,0.0,0.0,8.27,0.0,0.0,0.0,8.04,44,6.51,50
5533,皇鼎,建材營造,0.56,1128405000.0,2015008928.5714283,0.35,1269355973.8436244,0.63,15.48,17.13,9.21,26.34,5.8,16.59,9.75,14.0,0.7,0.41,1.18,2.51,44,0.0,0
5534,長虹,建材營造,6.0,9314448000.0,1552408000.0,2.67,8074158271.08939,5.2,12.59,14.38,9.68,24.06,50.34,125.11,65.47,83.2,0.79,0.61,1.5,23.43,44,3.2,23
5536,聖暉*,其他電子類,28.42,41109272000.0,1446490921.8859956,16.77,51625045111.609634,35.69,23.68,28.82,13.66,42.48,487.53,1516.11,845.22,1265.0,0.67,0.39,1.2,49.08,132,154.19,83
5538,東明-KY,鋼鐵工業,3.02,12673987000.0,4196684437.0860925,1.64,13618975280.140825,3.25,14.78,23.41,8.94,32.35,29.06,105.14,48.03,32.0,1.5,0.91,3.29,23.17,108,3.75,13
5543,桓鼎-KY,建材營造,-2.51,3144157000.0,0.0,0.0,3305651471.5461893,0.0,0.0,0.0,0.0,0.0,0.0,0.0,0.0,29.45,0.0,0.0,0.0,15.6,14,0.0,0
5546,永固-KY,建材營造,-2.13,2087510000.0,0.0,0.0,925485031.8262368,0.0,171.78,18.82,160.0,178.82,0.0,0.0,0.0,17.05,0.0,0.0,0.0,0.63,31,1.16,30
5547,久舜,建材營造,3.14,291501000.0,92834713.37579617,0.0,0.0,0.0,8.12,2.27,6.83,9.1,0.0,0.0,0.0,22.1,0.0,0.0,0.0,8.45,57,5.86,56
5548,安倉,建材營造,2.04,2476373000.0,1213908333.3333333,1.13,2732584760.5135202,2.25,13.17,8.61,8.96,17.57,20.16,39.53,29.64,23.85,1.24,0.85,1.66,8.46,72,0.0,0
5601,台聯櫃,航運業,0.42,93551000.0,222740476.1904762,0.21,94526098.18025197,0.42,89.34,28.27,72.5,100.77,30.45,42.32,37.52,32.75,1.15,0.93,1.29,2.45,139,0.0,0
5603,陸海,航運業,0.4,1398865000.0,3497162500.0,0.2,1308312538.1571245,0.37,64.57,330.62,11.05,341.67,4.09,126.42,23.89,15.05,1.59,0.27,8.4,31.02,132,4.99,12
5607,遠雄港,航運業,2.78,4051816000.0,1457487769.7841728,1.72,5475993438.618048,3.76,20.49,12.65,14.68,27.33,55.2,102.76,77.04,51.8,1.49,1.07,1.98,8.36,30,26.79,55
5608,四維航,航運業,-0.12,3208452000.0,0.0,0.0,3195762624.5600595,0.0,63.82,4.13,61.52,65.65,0.0,0.0,0.0,14.9,0.0,0.0,0.0,3.73,15,28.88,169
5609,中菲行,航運業,8.0,29430867000.0,3678858375.0,4.28,31744435634.882015,8.63,11.51,3.91,9.71,13.62,83.8,117.54,99.32,77.1,1.29,1.09,1.52,4.23,28,10.38,83
5523,豐謙,建材營造,-0.08,5246000.0,0.0,0.0,5262328.145842597,0.0,25.85,47.14,9.22,56.36,0.0,0.0,0.0,30.45,0.0,0.0,0.0,2.98,97,0.33,1
5522,遠雄,建材營造,7.45,28122985000.0,3774897315.4362416,2.73,178765769395.85535,47.36,18.48,28.22,7.32,35.54,346.68,1683.17,875.04,74.4,11.76,4.66,22.62,6.81,28,13.06,183
5521,工信,建材營造,0.51,8867276000.0,17386815686.27451,0.31,10412860594.838518,0.6,124.27,652.12,15.38,667.5,9.23,400.5,74.56,10.6,7.03,0.87,37.78,5.56,44,84.65,181
5520,力泰,建材營造,9.97,4226492000.0,423920962.888666,4.65,3997644513.354929,9.43,9.09,2.53,7.87,10.4,74.21,98.07,85.68,82.3,1.04,0.9,1.19,0.48,9,21.51,61
5471,松翰,半導體業,0.72,2689883000.0,3735948611.111111,0.44,3207210003.419533,0.86,43.65,40.29,27.66,67.95,23.79,58.44,37.54,60.9,0.62,0.39,0.96,4.78,20,20.49,90
5474,聰泰,電腦及週邊設備業,5.49,1444285000.0,263075591.98542804,2.38,1450878673.0927515,5.52,26.87,22.29,16.92,39.21,93.4,216.44,148.3,188.0,0.79,0.5,1.15,26.38,22,25.3,85
5475,德宏,電子零組件業,-0.16,829935000.0,0.0,0.0,1759046039.8291976,0.0,1193.48,393.47,997.83,1391.3,0.0,0.0,0.0,252.0,0.0,0.0,0.0,35.23,21,200.36,174
5478,智冠,文化創意業,7.93,6441132000.0,812248675.9142497,4.52,7415554485.866945,9.13,16.13,16.1,11.41,27.51,104.17,251.17,147.31,106.5,1.38,0.98,2.36,3.79,9,2.83,104
5483,中美晶,半導體業,6.71,77689163000.0,11578116691.505217,3.45,79342702671.3372,6.85,16.89,18.34,9.14,27.48,62.61,188.24,115.67,181.0,0.64,0.35,1.04,8.88,27,39.07,127
5484,慧友,光電業,-0.59,458727000.0,0.0,0.0,973694381.4315711,0.0,130.46,54.6,101.89,156.49,0.0,0.0,0.0,47.0,0.0,0.0,0.0,86.61,17,40.0,71
5487,通泰,半導體業,-0.53,168084000.0,0.0,0.0,147442711.89597115,0.0,0.0,0.0,0.0,0.0,0.0,0.0,0.0,29.5,0.0,0.0,0.0,24.52,94,3.12,7
5292,華懋,綠能環保,10.16,2797518000.0,275346259.8425197,4.69,2752812604.1639047,10.0,17.11,14.16,12.53,26.69,125.3,266.9,171.09,228.5,0.75,0.55,1.17,6.12,17,16.22,85
5488,松普,電子零組件業,0.11,778399000.0,7076354545.454545,0.07,974661193.858657,0.14,227.99,1095.49,24.51,1120.0,3.43,156.8,31.92,12.45,2.56,0.28,12.59,23.95,147,15.27,57
5490,同亨,電腦及週邊設備業,1.69,1522742000.0,901030769.2307693,0.93,1718057920.065534,1.91,27.4,57.81,15.33,73.14,29.28,139.7,52.32,29.2,1.79,1.0,4.78,1.52,17,31.94,86
5493,三聯,其他電子類,4.18,5359000000.0,1282057416.2679427,2.38,6264581753.511814,4.89,19.05,26.06,11.24,37.3,54.96,182.4,93.15,92.2,1.01,0.6,1.98,9.8,17,34.47,47
5498,凱崴,電子零組件業,0.0,1359340000.0,0.0,0.0,2124732749.0171175,0.0,544.77,107.5,480.0,587.5,0.0,0.0,0.0,67.1,0.0,0.0,0.0,12.58,29,264.62,181
5508,永信建,建材營造,3.06,2428176000.0,793521568.627451,1.98,2671533607.290534,3.37,12.89,17.68,6.23,23.91,21.0,80.58,43.44,61.7,0.7,0.34,1.31,45.18,42,0.0,0
5511,德昌,建材營造,10.63,10690300000.0,1005672624.6472248,5.96,13014491290.81008,12.94,7.98,3.95,5.89,9.84,76.22,127.33,103.32,76.8,1.35,0.99,1.66,0.28,15,8.48,152
5512,力麒,建材營造,0.17,6947963000.0,40870370588.23529,0.08,6625898546.332816,0.16,57.53,60.42,25.0,85.42,4.0,13.67,9.21,7.95,1.16,0.5,1.72,20.0,31,4.25,78
5514,三豐,建材營造,-0.14,684937000.0,0.0,0.0,675189859.012442,0.0,76.24,121.34,40.66,162.0,0.0,0.0,0.0,0.0,0.0,0.0,0.0,14.08,42,0.8,20
5515,建國,建材營造,4.48,7364521000.0,1643866294.642857,2.42,8329639885.057978,5.07,9.71,7.36,6.64,14.0,33.66,70.98,49.25,42.0,1.17,0.8,1.69,17.77,167,29.8,182
5516,雙喜,建材營造,0.17,1938290000.0,11401705882.35294,0.12,3081121877.166386,0.27,44.09,73.52,7.73,81.25,2.09,21.94,11.9,11.15,1.07,0.19,1.97,3.49,2,5.15,69
5519,隆大,建材營造,4.96,6014678000.0,1212636693.548387,1.1,4328231418.961459,3.57,8.31,8.57,4.52,13.09,16.14,46.73,29.68,34.45,0.86,0.47,1.36,23.17,44,6.98,163
5489,彩富,其他電子類,2.0,1653712000.0,826856000.0,1.12,1896355963.6528244,2.29,32.44,57.17,16.19,73.36,37.08,167.99,74.28,46.6,1.59,0.8,3.6,14.51,20,20.43,13
5291,邑昇,電子零組件業,0.32,1077231000.0,3366346875.0,0.2,1376380514.3239448,0.41,119.91,202.51,49.1,251.61,20.13,103.16,49.16,65.3,0.75,0.31,1.58,3.14,23,23.14,167
5289,宜鼎,電腦及週邊設備業,21.83,13168865000.0,603246220.7970684,48.46,72124638512.61745,119.56,27.68,57.63,16.03,73.66,1916.55,8806.79,3309.0,1930.0,1.71,0.99,4.56,6.63,16,125.0,148
5288,豐祥-KY,電機機械,12.26,6818895000.0,556190456.7699836,7.72,7998398111.418222,14.38,10.97,8.27,7.61,15.88,109.43,228.35,157.77,189.0,0.83,0.58,1.21,14.15,111,8.92,15
4976,佳凌,電子工業,-1.88,1036181000.0,0.0,0.0,1003112508.5485826,0.0,0.0,0.0,0.0,0.0,0.0,0.0,0.0,43.9,0.0,0.0,0.0,31.87,20,103.9,78
4977,眾達-KY,通信網路業,4.5,1117417000.0,248314888.8888889,1.65,801851662.6917417,3.23,88.06,432.46,17.54,450.0,56.65,1453.5,284.43,184.5,1.54,0.31,7.88,89.17,170,59.26,177
4979,華星光,通信網路業,5.43,4315580000.0,794766114.1804788,3.08,4915374897.07321,6.18,52.61,109.5,22.73,132.23,140.47,817.18,325.12,567.0,0.57,0.25,1.44,51.96,170,35.32,175
4989,榮科,電子工業,-3.48,2536276000.0,0.0,0.0,4160679657.2701635,0.0,0.0,0.0,0.0,0.0,0.0,0.0,0.0,85.5,0.0,0.0,0.0,3.23,20,238.78,148
4991,環宇-KY,半導體業,0.16,2159582000.0,13497387500.0,0.1,3152809407.017849,0.23,1484.67,4740.99,219.01,4960.0,50.37,1140.8,341.47,566.0,0.6,0.09,2.02,123.56,171,81.19,181
4994,傳奇,資訊服務業,1.96,1182743000.0,603440306.122449,1.03,1207574787.9242637,2.0,32.78,43.57,19.25,62.82,38.5,125.64,65.56,91.8,0.71,0.42,1.37,0.78,8,6.99,98
4995,晶達,光電業,2.24,1255787000.0,560619196.4285713,1.28,1384711877.2723355,2.47,17.03,12.97,11.02,23.99,27.22,59.26,42.06,45.5,0.92,0.6,1.3,56.49,24,1.61,8
4999,鑫禾,電子工業,-1.68,1927284000.0,0.0,0.0,1808548829.7654812,0.0,91.45,193.79,23.4,217.19,0.0,0.0,0.0,20.65,0.0,0.0,0.0,3.07,126,20.24,54
5007,三星,鋼鐵工業,3.02,6183145000.0,2047399006.6225166,1.53,5975381753.38335,2.92,16.86,8.48,14.05,22.53,41.03,65.79,49.23,56.0,0.88,0.73,1.17,3.87,45,4.49,181
5009,榮剛,鋼鐵工業,2.2,11632507000.0,5287503181.818181,1.12,11243936961.012438,2.13,12.63,11.77,7.95,19.72,16.93,42.0,26.91,34.75,0.77,0.49,1.21,2.09,2,0.25,1
5011,久陽,鋼鐵工業,-1.61,5105270000.0,0.0,0.0,4286723073.154938,0.0,16.43,16.03,12.09,28.12,0.0,0.0,0.0,21.6,0.0,0.0,0.0,11.91,58,1.11,47
5013,強新,鋼鐵工業,1.45,7819837000.0,5392991034.4827585,0.75,7957784125.9554,1.48,18.83,7.71,15.99,23.7,23.67,35.08,27.87,27.8,1.0,0.85,1.26,2.77,29,20.45,106
5014,建錩,鋼鐵工業,-2.36,14745203000.0,0.0,0.0,16561451589.96269,0.0,23.01,36.9,9.32,46.22,0.0,0.0,0.0,11.2,0.0,0.0,0.0,18.86,108,1.29,9
5015,華祺,鋼鐵工業,0.06,1529230000.0,25487166666.666668,0.02,1104363880.6042137,0.04,82.11,442.09,12.91,455.0,0.52,18.2,3.28,23.85,0.14,0.02,0.76,4.96,13,5.92,15
5016,松和,鋼鐵工業,1.51,2055226000.0,1361076821.192053,0.78,2095640798.4217553,1.54,17.67,11.33,13.58,24.91,20.91,38.36,27.21,25.1,1.08,0.83,1.53,0.35,1,0.0,0
5201,凱衛,資訊服務業,-0.05,301274000.0,0.0,0.0,264683668.2424569,0.0,33.23,84.2,14.87,99.07,0.0,0.0,0.0,27.7,0.0,0.0,0.0,5.24,71,29.38,106
4974,亞泰,電子零組件業,5.15,3807147000.0,739251844.6601942,2.57,3457606681.045157,4.68,14.0,12.97,10.29,23.26,48.16,108.86,65.51,72.5,0.9,0.66,1.5,74.35,87,11.1,61
4973,廣穎,半導體業,2.1,4298725000.0,2047011904.7619047,1.98,7647101874.337546,3.74,26.87,75.4,7.69,83.09,28.76,310.76,100.48,193.5,0.52,0.15,1.61,1.28,2,43.83,152
4972,湯石照明,光電業,-1.84,937469000.0,0.0,0.0,955906820.3621032,0.0,37.24,26.17,28.45,54.62,0.0,0.0,0.0,16.9,0.0,0.0,0.0,2.34,28,3.68,105
4946,辣椒,文化創意業,3.13,342106000.0,109299041.53354633,1.38,277876641.8438951,2.54,638.26,1566.88,33.12,1600.0,84.12,4064.0,1621.17,110.5,14.67,0.76,36.78,18.37,8,10.57,16
4949,有成精密,光電業,1.91,2370766000.0,1241238743.4554975,1.29,3110145272.7802057,2.51,28.76,48.2,7.33,55.53,18.4,139.38,72.19,88.5,0.82,0.21,1.57,16.04,15,0.0,0
4951,精拓科,半導體業,5.98,539613000.0,90236287.62541805,2.94,554725279.5894911,6.15,16.37,14.09,11.04,25.13,67.9,154.55,100.67,98.5,1.02,0.69,1.57,0.0,0,30.17,68
4952,凌通,半導體業,1.02,2122460000.0,2080843137.254902,0.62,2376216672.053531,1.14,28.61,37.55,15.15,52.7,17.27,60.08,32.62,57.9,0.56,0.3,1.04,2.09,27,7.78,91
4953,緯軟,資訊服務業,8.45,11343751000.0,1342455739.6449704,5.19,14686069119.465559,10.94,16.16,9.64,12.53,22.17,137.08,242.54,176.81,132.5,1.33,1.03,1.83,3.72,174,34.71,169
4956,光鋐,光電業,-0.8,1359151000.0,0.0,0.0,1470891650.2941618,0.0,0.0,0.0,0.0,0.0,0.0,0.0,0.0,38.5,0.0,0.0,0.0,83.74,127,0.56,6
5202,力新,資訊服務業,-0.62,164862000.0,0.0,0.0,128607150.72968078,0.0,10.84,14.71,5.18,19.89,0.0,0.0,0.0,15.8,0.0,0.0,0.0,49.89,128,0.0,0
4958,臻鼎-KY,電子工業,6.87,178946617000.0,26047542503.63901,3.51,201507374678.21692,7.74,21.28,81.63,8.92,90.55,69.04,700.86,164.69,642.0,0.26,0.11,1.09,18.46,29,98.08,72
4960,誠美材,光電業,-2.59,8612063000.0,0.0,0.0,7908383026.79327,0.0,0.0,0.0,0.0,0.0,0.0,0.0,0.0,29.1,0.0,0.0,0.0,26.79,24,10.58,62
4961,天鈺,半導體業,9.65,18325723000.0,1899038652.8497407,4.96,17277960713.492214,9.1,14.01,10.61,10.85,21.46,98.74,195.29,127.51,174.0,0.73,0.57,1.12,1.6,2,5.59,9
4966,譜瑞-KY,半導體業,34.66,16412645000.0,473532746.6820543,17.0,16243431638.37813,34.3,20.75,18.75,13.43,32.18,460.65,1103.77,711.56,693.0,1.03,0.66,1.59,4.32,1,49.22,92
4967,十銓,半導體業,13.07,17964831000.0,1374508875.2869165,12.92,36060200946.03538,26.23,23.36,77.79,6.59,84.38,172.86,2213.29,612.66,278.5,2.2,0.62,7.95,0.67,17,85.09,145
4968,立積,半導體業,2.65,3747771000.0,1414253207.54717,1.34,3987426885.132146,2.82,224.63,842.64,35.14,877.78,99.09,2475.34,633.45,113.5,5.58,0.87,21.81,5.58,3,35.92,113
4971,IET-KY,半導體業,1.61,1057201000.0,656646583.8509316,0.95,1273946116.288816,1.94,271.61,426.71,101.77,528.48,197.43,1025.25,526.93,578.0,0.91,0.34,1.77,66.67,162,170.72,181
5203,訊連,資訊服務業,3.63,2427908000.0,668845179.0633609,1.72,2416038259.228692,3.61,27.42,29.82,16.71,46.53,60.32,167.97,98.99,69.0,1.43,0.87,2.43,6.13,29,1.41,7
5251,天鉞電,光電業,0.04,339335000.0,8483375000.0,0.02,287301283.5862488,0.03,814.18,2990.0,295.0,3285.0,8.85,98.55,24.43,30.1,0.81,0.29,3.27,9.3,17,4.64,2
5258,虹堡,電子工業,4.24,7836415000.0,1848211084.9056604,2.16,8700592392.146896,4.71,15.34,13.17,9.21,22.38,43.38,105.41,72.23,50.6,1.43,0.86,2.08,3.37,97,23.88,58
5263,智崴,文化創意業,-2.83,1389771000.0,0.0,0.0,1727093662.9925992,0.0,231.38,293.12,78.55,371.67,0.0,0.0,0.0,101.5,0.0,0.0,0.0,21.32,66,1.13,15
5269,祥碩,半導體業,72.7,12907479000.0,177544415.40577716,36.59,15469713655.397243,87.13,31.5,45.6,14.61,60.21,1272.97,5246.1,2744.53,1455.0,1.89,0.87,3.61,5.11,1,6.1,23
5272,笙科,半導體業,-1.33,347822000.0,0.0,0.0,291163084.13504726,0.0,198.08,51.56,166.25,217.81,0.0,0.0,0.0,21.65,0.0,0.0,0.0,14.17,22,12.29,22
5274,信驊,半導體業,103.92,8949538000.0,86119495.76597382,76.41,13803766702.99018,160.29,87.11,145.71,34.24,179.95,5488.33,28844.19,13962.54,18960.0,0.74,0.29,1.52,13.4,66,59.89,163
5276,達輝-KY,其他,1.13,919058000.0,813325663.7168143,0.62,1004083130.6274179,1.23,31.23,107.28,12.48,119.76,15.35,147.3,38.42,18.65,2.06,0.82,7.9,66.78,31,12.18,104
5283,禾聯碩,電器電纜,6.03,6483577000.0,1075220066.3349917,2.94,6347251939.083738,5.9,13.03,10.09,8.75,18.84,51.62,111.16,76.85,54.5,1.41,0.95,2.04,0.46,66,0.0,0
5284,jpp-KY,其他,12.06,3612748000.0,299564510.7794361,7.8,5396132155.029065,18.01,47.92,151.25,21.43,172.68,385.95,3109.97,863.09,405.0,2.13,0.95,7.68,38.82,171,55.77,170
5285,界霖,半導體業,1.54,5320040000.0,3454571428.5714283,0.84,5843984399.708198,1.69,28.43,32.29,15.0,47.29,25.35,79.92,48.04,93.7,0.51,0.27,0.85,4.96,97,13.84,138
5245,智晶,光電業,-4.89,790349000.0,0.0,0.0,679024020.9389604,0.0,0.0,0.0,0.0,0.0,0.0,0.0,0.0,26.2,0.0,0.0,0.0,18.74,77,56.98,41
5244,弘凱,電子工業,0.51,844698000.0,1656270588.235294,0.23,800777212.6994579,0.48,26.52,85.75,13.86,99.61,6.65,47.81,12.73,37.75,0.34,0.18,1.27,19.91,169,11.67,70
5243,乙盛-KY,電子工業,4.4,12177833000.0,2767689318.181818,2.19,11153406606.255575,4.03,19.49,17.64,11.22,28.86,45.22,116.31,78.56,109.5,0.72,0.41,1.06,15.85,160,52.97,155
5206,坤悅,建材營造,3.84,3769600000.0,981666666.6666667,2.31,2431399252.4334106,2.48,15.68,69.72,4.31,74.03,10.69,183.59,38.89,23.9,1.63,0.45,7.68,39.36,44,0.0,0
5210,寶碩,資訊服務業,0.73,272289000.0,372998630.1369863,0.41,308003735.49746495,0.83,44.55,49.68,28.1,77.78,23.32,64.56,36.97,30.0,1.23,0.78,2.15,0.0,0,2.25,9
5211,蒙恬,資訊服務業,-0.77,210612000.0,0.0,0.0,294696071.56240004,0.0,0.0,0.0,0.0,0.0,0.0,0.0,0.0,18.95,0.0,0.0,0.0,0.82,24,41.76,84
5212,凌網,資訊服務業,4.75,1290950000.0,271778947.3684211,2.33,1435515006.7791674,5.28,14.31,12.37,9.55,21.92,50.42,115.74,75.56,0.0,0.0,0.0,0.0,9.02,108,26.0,152
5213,亞昕,建材營造,3.14,17240512000.0,5490608917.197452,2.0,11921737267.802977,2.17,16.16,32.49,7.12,39.61,15.45,85.95,35.07,22.95,1.53,0.67,3.75,25.6,42,2.42,7
5215,科嘉-KY,電子工業,2.04,2592010000.0,1270593137.254902,1.26,3405958002.0943737,2.68,15.16,15.19,8.69,23.88,23.29,64.0,40.63,45.35,0.9,0.51,1.41,7.23,20,8.99,145
5220,萬達光電,光電業,-0.65,688288000.0,0.0,0.0,841266913.6380606,0.0,64.31,80.95,27.3,108.25,0.0,0.0,0.0,21.75,0.0,0.0,0.0,2.04,8,11.91,62
5222,全訊,半導體業,2.63,995074000.0,378355133.07984793,1.11,789696610.4242717,2.09,34.3,55.49,18.84,74.33,39.38,155.35,71.69,114.0,0.63,0.35,1.36,6.23,30,39.66,79
5225,東科-KY,其他電子業,10.26,11240635000.0,1095578460.0389864,4.35,10016705778.34472,9.14,9.84,10.22,6.47,16.69,59.14,152.55,89.9,74.0,1.21,0.8,2.06,49.3,71,37.38,61
5227,立凱-KY,電子零組件業,0.18,402313000.0,2235072222.2222223,0.04,112806689.08528443,0.05,40.25,129.92,9.49,139.41,0.47,6.97,2.01,39.9,0.05,0.01,0.17,10.75,160,29.77,77
5228,鈺鎧,電子零組件業,-0.21,518941000.0,0.0,0.0,802125435.7460176,0.0,68.13,41.19,45.4,86.59,0.0,0.0,0.0,75.5,0.0,0.0,0.0,2.68,30,0.0,0
5230,雷笛克光學,光電業,-1.34,1327863000.0,0.0,0.0,1323774776.8336809,0.0,46.43,68.41,27.26,95.67,0.0,0.0,0.0,20.25,0.0,0.0,0.0,14.95,13,0.0,0
5234,達興材料,光電業,7.37,4591955000.0,623060379.9185889,3.92,4963223156.6692,7.97,43.85,43.35,22.57,65.92,179.88,525.38,349.45,396.0,0.88,0.45,1.33,64.33,111,65.63,79
5236,凌陽創新,半導體業,8.65,1997623000.0,230939075.14450866,5.0,2310956199.863126,10.01,16.97,11.67,12.91,24.58,129.23,246.05,169.88,166.0,1.02,0.78,1.48,15.06,120,5.2,134
5223,安力-KY,電腦及週邊設備業,-0.67,1919124000.0,0.0,0.0,1934730053.566485,0.0,279.84,86.51,236.82,323.33,0.0,0.0,0.0,25.6,0.0,0.0,0.0,0.92,3,6.16,181
5864,致和證,金融業,2.56,996266000.0,389166406.25,0.0,0.0,0.0,11.17,29.6,4.29,33.89,0.0,0.0,0.0,49.05,0.0,0.0,0.0,0.22,3,22.39,147
6201,亞弘電,電子工業,3.71,3442014000.0,927766576.819407,1.62,2865412325.8343153,3.09,12.81,4.6,10.9,15.5,33.68,47.9,39.58,48.4,0.82,0.7,0.99,3.16,20,4.61,44
6202,盛群,半導體業,0.76,3073437000.0,4043996052.631579,0.41,3246610669.3944354,0.8,152.51,433.15,58.39,491.54,46.71,393.23,122.01,67.0,1.82,0.7,5.87,6.86,20,0.0,0
6203,海韻電,電子零組件業,5.51,2765536000.0,501912159.70961887,2.09,2153554166.7036796,4.29,20.4,44.18,9.65,53.83,41.4,230.93,87.52,67.3,1.3,0.62,3.43,2.09,17,14.64,161
6204,艾華,電子零組件業,1.18,380189000.0,322194067.7966102,0.63,395754546.2598826,1.23,48.59,110.94,6.41,117.35,7.88,144.34,59.77,115.0,0.52,0.07,1.26,15.44,17,30.3,134
6205,詮欣,電子工業,2.0,1369150000.0,684575000.0,0.91,1153465008.0285072,1.68,28.23,39.49,14.8,54.29,24.86,91.21,47.43,81.3,0.58,0.31,1.12,8.18,16,0.0,0
6206,飛捷,電子工業,6.9,5108829000.0,740410000.0,4.3,5987200722.210986,8.09,15.85,17.18,11.81,28.99,95.54,234.53,128.26,131.5,0.98,0.73,1.78,7.64,17,18.07,28
6207,雷科,電子零組件業,0.9,1250009000.0,1388898888.8888888,0.43,1054590926.9196726,0.76,47.15,245.96,16.74,262.7,12.72,199.65,35.83,165.5,0.22,0.08,1.21,18.29,17,67.19,70
6209,今國光,光電業,0.93,3477742000.0,3739507526.88172,0.64,5522698186.466954,1.48,145.9,253.12,38.73,291.85,57.32,431.94,215.94,97.1,2.22,0.59,4.45,2.52,17,156.58,177
6210,慶生,電子零組件業,-3.1,306659000.0,0.0,0.0,446079483.03156996,0.0,0.0,0.0,0.0,0.0,0.0,0.0,0.0,20.7,0.0,0.0,0.0,11.52,69,16.25,125
6212,理銘,建材營造,3.95,3083792000.0,780706835.443038,0.72,665093956.053569,0.85,8.03,10.62,4.19,14.81,3.56,12.59,6.82,28.75,0.24,0.12,0.44,47.29,58,0.41,13
6213,聯茂,電子工業,4.16,32363618000.0,7779715865.384615,2.52,39595018266.206665,5.09,36.03,52.16,21.31,73.47,108.47,373.96,183.4,280.0,0.66,0.39,1.34,19.47,17,56.39,72
6214,精誠,資訊服務業,7.9,43098943000.0,5455562405.063291,4.62,54673539312.495766,10.02,18.13,11.33,12.79,24.12,128.16,241.68,181.65,142.0,1.28,0.9,1.7,26.15,174,16.81,113
6215,和椿,其他電子業,2.09,2411631000.0,1153890430.6220098,1.46,3768330502.0845594,3.27,55.81,60.9,28.53,89.43,93.29,292.44,182.5,108.5,1.68,0.86,2.7,25.39,182,54.95,56
6216,居易,通信網路業,0.61,760941000.0,1247444262.295082,0.24,541179851.067071,0.43,47.42,390.79,10.04,400.83,4.32,172.36,20.39,23.2,0.88,0.19,7.43,12.86,134,1.25,48
6199,天品,其他,0.32,226939000.0,709184375.0,0.64,2107819476.481356,2.97,223.25,604.32,50.94,655.26,151.29,1946.12,663.06,101.0,6.56,1.5,19.27,342.27,176,24.5,82
6197,佳必琪,電子零組件業,8.67,7512846000.0,866533564.0138408,4.9,9009814506.906425,10.4,20.08,22.1,11.8,33.9,122.72,352.56,208.85,347.5,0.6,0.35,1.01,1.29,8,28.47,77
6180,橘子,文化創意業,-1.53,8817865000.0,0.0,0.0,8253950577.647343,0.0,16.89,52.31,5.53,57.84,0.0,0.0,0.0,50.3,0.0,0.0,0.0,1.14,167,1.2,9
6182,合晶,半導體業,0.08,9636039000.0,120450487500.0,0.04,10589284393.302954,0.09,752.49,2942.0,58.0,3000.0,5.22,270.0,67.72,120.0,0.56,0.04,2.25,11.01,17,64.98,125
6183,關貿,資訊服務業,3.9,2735238000.0,701343076.923077,2.1,2962994026.115227,4.22,25.36,11.86,21.88,33.74,92.33,142.38,107.03,90.4,1.18,1.02,1.58,13.28,182,8.88,61
6184,大豐電,其他,2.58,2154296000.0,834998449.612403,1.32,2207575401.892218,2.64,15.26,6.64,13.21,19.85,34.87,52.4,40.3,46.95,0.86,0.74,1.12,0.18,1,4.66,57
6185,幃翔,電子零組件業,0.22,532272000.0,2419418181.818182,0.13,632762549.433746,0.26,126.46,276.4,25.27,301.67,6.57,78.43,32.88,14.25,2.31,0.46,5.5,3.02,20,13.55,133
6186,新潤,建材營造,8.46,9642257000.0,1139746690.3073285,3.37,6959091213.100693,6.11,11.27,28.3,3.83,32.13,23.4,196.31,68.87,42.35,1.63,0.55,4.64,23.87,62,16.83,76
6188,廣明,電腦及週邊設備業,3.61,9625341000.0,2666299445.9833794,1.59,8498347310.129348,3.19,31.8,25.36,21.21,46.57,67.66,148.56,101.44,79.6,1.27,0.85,1.87,12.38,17,47.9,99
6189,豐藝,電子工業,2.86,29937615000.0,10467697552.447554,1.43,28541301504.969635,2.73,15.61,12.98,8.54,21.52,23.31,58.75,42.6,54.9,0.78,0.42,1.07,21.84,16,6.67,30
6190,萬泰科,通信網路業,2.2,8547190000.0,3885086363.6363635,1.34,10156189663.227303,2.61,22.19,38.51,12.32,50.83,32.16,132.67,57.9,82.9,0.7,0.39,1.6,0.0,0,22.95,61
6191,精成科,電子工業,6.54,32161694000.0,4917690214.067278,3.88,45834401779.118904,9.32,13.9,16.45,7.97,24.42,74.28,227.59,129.55,100.5,1.29,0.74,2.26,11.3,16,78.66,77
6192,巨路,其他電子業,10.07,7144455000.0,709479145.9781529,5.58,7787105276.816012,10.98,11.21,5.92,8.4,14.32,92.23,157.23,123.06,117.5,1.05,0.78,1.34,2.38,17,16.36,72
6194,育富,電子零組件業,2.19,1398436000.0,638555251.1415526,0.84,983258887.6798096,1.54,11.67,16.18,6.89,23.07,10.61,35.53,17.97,32.4,0.55,0.33,1.1,29.64,86,14.1,124
6196,帆宣,其他電子業,15.43,51843750000.0,3359931950.7453012,9.81,62489133230.48559,18.6,19.54,24.48,12.02,36.5,223.57,678.9,363.43,567.0,0.64,0.39,1.2,7.27,17,53.07,84
6217,中探針,電子零組件業,-1.68,3644431000.0,0.0,0.0,4845404298.694129,0.0,0.0,0.0,0.0,0.0,0.0,0.0,0.0,247.0,0.0,0.0,0.0,20.13,17,112.89,124
6218,豪勉,通信網路業,-1.14,1375342000.0,0.0,0.0,1368721306.3672347,0.0,0.0,0.0,0.0,0.0,0.0,0.0,0.0,35.15,0.0,0.0,0.0,50.2,22,4.72,21
6241,鑫永洋,通信網路業,-0.16,692989000.0,0.0,0.0,632168186.1816719,0.0,26.21,47.51,9.89,57.4,0.0,0.0,0.0,14.35,0.0,0.0,0.0,66.43,128,6.67,120
6242,立康,生技醫療業,2.64,587446000.0,222517424.24242422,1.3,568623048.6250691,2.56,15.97,4.42,14.11,18.53,36.12,47.44,40.87,36.65,1.12,0.99,1.29,0.0,0,2.87,33
6243,迅杰,半導體業,-0.51,651120000.0,0.0,0.0,330255968.0167185,0.0,117.99,327.87,25.77,353.64,0.0,0.0,0.0,34.9,0.0,0.0,0.0,0.63,2,0.0,0
6244,茂迪,光電業,0.13,3097487000.0,23826823076.923077,0.07,3203949228.590544,0.13,78.9,329.03,25.41,354.44,3.3,46.08,10.26,28.45,0.36,0.12,1.62,25.95,17,20.11,181
6245,立端,通信網路業,4.37,7302201000.0,1670984210.5263157,2.11,7208919391.233948,4.31,15.82,10.9,11.61,22.51,50.04,97.02,68.2,81.5,0.84,0.61,1.19,3.98,24,18.31,70
6246,臺龍,光電業,1.14,1619848000.0,1420919298.245614,0.47,1343975033.493848,0.95,24.05,24.04,13.07,37.11,12.42,35.25,22.84,15.45,1.48,0.8,2.28,92.88,128,46.04,68
6248,沛波,鋼鐵工業,1.53,7839072000.0,5123576470.588235,0.62,5913373694.189358,1.15,11.04,13.18,5.43,18.61,6.24,21.4,12.69,18.35,0.69,0.34,1.17,11.2,101,1.2,1
6257,矽格,半導體業,6.15,19395856000.0,3153797723.5772357,3.49,22600346943.98936,7.17,17.82,25.48,9.95,35.43,71.34,254.03,127.8,235.0,0.54,0.3,1.08,2.24,23,42.06,138
6259,百徽,電子零組件業,0.71,459318000.0,646926760.5633804,0.5,615956915.5751908,0.95,32.53,30.95,17.94,48.89,17.04,46.45,30.91,35.85,0.86,0.48,1.3,0.87,13,5.81,49
6261,久元,半導體業,4.24,4107857000.0,968834198.1132075,2.23,4436435607.9703865,4.58,17.05,19.1,12.46,31.56,57.07,144.54,78.08,98.8,0.79,0.58,1.46,12.15,17,10.06,176
6263,普萊德,通信網路業,8.32,1881342000.0,226122836.53846154,4.27,1930537579.9590151,8.54,17.86,8.47,14.42,22.89,123.15,195.48,152.52,165.0,0.92,0.75,1.18,3.59,99,3.73,35
6264,富裔,建材營造,-0.5,117286000.0,0.0,0.0,173520899.96177578,0.0,164.84,36.6,154.0,190.6,0.0,0.0,0.0,6.01,0.0,0.0,0.0,15.17,29,3.21,19
6265,方土昶,電子通路業,0.68,771827000.0,1135039705.8823528,1.75,5428447386.965752,4.78,82.56,175.52,16.98,192.5,81.16,920.15,394.65,57.6,6.85,1.41,15.97,5.5,22,135.61,183
6266,泰詠,電子零組件業,2.04,3364052000.0,1649045098.0392156,0.98,3264566193.468836,1.98,14.06,6.26,11.07,17.33,21.92,34.31,27.84,25.9,1.07,0.85,1.32,0.0,0,0.0,0
6269,台郡,電子工業,-6.95,22414698000.0,0.0,0.0,22684950274.28524,0.0,32.38,46.35,12.99,59.34,0.0,0.0,0.0,79.6,0.0,0.0,0.0,9.32,3,31.85,70
6270,倍微,電子通路業,1.08,2772394000.0,2567031481.481481,0.57,2795932228.160096,1.09,49.35,108.84,15.99,124.83,17.43,136.06,53.79,35.15,1.53,0.5,3.87,21.59,29,5.8,49
6271,同欣電,半導體業,7.64,11595081000.0,1517680759.1623037,3.82,11480085041.32269,7.56,17.85,28.42,10.23,38.65,77.34,292.19,134.92,242.5,0.56,0.32,1.2,4.58,28,23.22,138
6239,力成,電子工業,7.48,73223133000.0,9789188903.743315,4.51,98213940650.46562,10.03,18.79,36.17,8.95,45.12,89.77,452.55,188.42,363.5,0.52,0.25,1.24,5.51,27,36.84,133
6237,驊訊,半導體業,-1.53,494260000.0,0.0,0.0,705281052.5776318,0.0,0.0,0.0,0.0,0.0,0.0,0.0,0.0,46.0,0.0,0.0,0.0,5.77,126,24.91,76
6219,富旺,建材營造,-0.8,2723162000.0,0.0,0.0,4009715250.3764677,0.0,17.1,26.36,4.65,31.01,0.0,0.0,0.0,12.85,0.0,0.0,0.0,34.38,44,0.0,0
6220,岳豐,電子零組件業,0.81,8272013000.0,10212361728.395061,0.45,8902437121.891716,0.87,26.96,47.53,10.55,58.08,9.18,50.53,23.46,38.35,0.61,0.24,1.32,20.17,160,37.5,180
6221,晉泰,資訊服務業,2.77,5504900000.0,1987328519.8555956,1.01,3651857722.332929,1.84,16.1,21.04,7.49,28.53,13.78,52.5,29.63,24.4,1.21,0.56,2.15,4.16,30,1.87,121
6222,立軒,光電業,-0.4,2936000.0,0.0,0.0,1920596.5965965965,0.0,0.0,0.0,0.0,0.0,0.0,0.0,0.0,20.55,0.0,0.0,0.0,29.65,38,0.0,0
6223,旺矽,半導體業,33.49,13033582000.0,389178321.88713044,22.41,18746926859.62096,48.17,60.91,152.41,20.25,172.66,975.44,8317.03,2934.24,6415.0,0.46,0.15,1.3,75.19,183,166.52,175
6224,聚鼎,電子工業,0.66,2917892000.0,4421048484.848485,0.32,2731797558.5077653,0.62,36.68,114.88,16.91,131.79,10.48,81.71,22.74,85.0,0.27,0.12,0.96,50.09,118,8.76,127
6225,天瀚,光電業,-0.06,52315000.0,0.0,0.0,42836391.03270856,0.0,45.49,14.46,39.87,54.33,0.0,0.0,0.0,24.0,0.0,0.0,0.0,2.92,58,65.22,132
6226,光鼎,光電業,-0.28,635376000.0,0.0,0.0,591932032.8426081,0.0,0.0,0.0,0.0,0.0,0.0,0.0,0.0,12.4,0.0,0.0,0.0,10.09,20,13.52,181
6179,亞通,其他,0.05,5085287000.0,101705740000.0,0.03,5418859450.851984,0.05,138.86,492.94,15.06,508.0,0.75,25.4,6.94,26.8,0.26,0.03,0.95,14.77,17,28.88,96
6228,全譜,電腦及週邊設備業,-0.47,49315000.0,0.0,0.0,48623331.35790763,0.0,0.0,0.0,0.0,0.0,0.0,0.0,0.0,20.5,0.0,0.0,0.0,61.45,44,6.4,2
6229,研通,半導體業,0.05,2118373000.0,42367460000.0,0.03,3117628697.331731,0.07,295.17,1229.34,30.66,1260.0,2.15,88.2,20.66,27.75,0.74,0.08,3.18,0.8,7,5.37,92
6230,尼得科超眾,電子工業,-2.44,8921839000.0,0.0,0.0,10142208667.452183,0.0,229.18,878.84,32.92,911.76,0.0,0.0,0.0,132.5,0.0,0.0,0.0,5.21,2,17.88,96
6231,系微,資訊服務業,6.66,1682292000.0,252596396.3963964,3.55,1824396437.7199004,7.22,46.42,60.67,27.23,87.9,196.6,634.64,335.16,277.0,1.21,0.71,2.29,48.75,126,13.73,92
6233,旺玖,半導體業,-0.16,392833000.0,0.0,0.0,368150575.9972761,0.0,154.48,503.06,46.94,550.0,0.0,0.0,0.0,25.05,0.0,0.0,0.0,4.9,3,7.82,71
6234,高僑,光電業,0.04,469080000.0,11727000000.0,0.02,604520073.2957312,0.05,141.55,1225.06,14.94,1240.0,0.75,62.0,7.08,45.1,0.16,0.02,1.37,15.28,17,49.33,47
6235,華孚,電子工業,2.9,6423856000.0,2215122758.62069,1.47,7047759219.844677,3.18,19.63,16.53,12.49,29.02,39.72,92.28,62.42,40.55,1.54,0.98,2.28,7.88,14,49.03,112
6227,茂綸,電子通路業,7.54,17398028000.0,2307430769.230769,4.81,21861163496.79232,9.47,14.42,10.11,10.81,20.92,102.37,198.11,136.52,122.0,1.12,0.84,1.62,9.97,1,10.94,51
6177,達麗,建材營造,3.83,3745752000.0,978003133.1592689,12.28,34064448996.192867,34.83,11.05,10.11,5.6,15.71,195.05,547.18,384.76,50.4,7.63,3.87,10.86,23.61,35,7.31,91
6176,瑞儀,電子工業,9.41,49402266000.0,5249975132.837407,4.52,46585643951.96646,8.87,12.28,7.73,8.83,16.56,78.32,146.89,108.97,87.9,1.24,0.89,1.67,0.0,0,0.0,0
6108,競國,電子零組件業,-0.88,4214668000.0,0.0,0.0,4743314388.641526,0.0,33.44,64.93,7.75,72.68,0.0,0.0,0.0,19.35,0.0,0.0,0.0,1.71,20,10.92,57
6109,亞元,通信網路業,-0.94,758747000.0,0.0,0.0,950583765.9569541,0.0,137.71,30.5,115.5,146.0,0.0,0.0,0.0,11.6,0.0,0.0,0.0,7.55,112,40.64,121
6111,光聚晶電,文化創意業,-4.62,7140131000.0,0.0,0.0,17311691193.16236,0.0,741.84,1839.4,57.27,1896.67,0.0,0.0,0.0,44.75,0.0,0.0,0.0,4.81,9,3.72,99
6112,邁達特,資訊服務業,1.82,21632169000.0,11885807142.857143,1.04,26393299441.9515,2.22,800.77,5690.5,19.5,5710.0,43.29,12676.2,1777.71,45.2,39.33,0.96,280.45,8.49,28,14.12,21
6113,亞矽,電子通路業,-0.25,646000000.0,0.0,0.0,846029815.4439666,0.0,371.8,515.93,84.07,600.0,0.0,0.0,0.0,28.4,0.0,0.0,0.0,0.0,0,0.0,0
6114,久威,電子零組件業,2.66,897454000.0,337388721.80451125,1.2,720105601.8932964,2.13,27.74,77.61,7.05,84.66,15.02,180.33,59.09,29.85,1.98,0.5,6.04,51.52,79,0.0,0
6115,鎰勝,電子工業,2.85,7433274000.0,2608166315.7894735,1.54,8230156238.702247,3.16,16.21,5.41,13.15,18.56,41.55,58.65,51.21,48.65,1.05,0.85,1.21,1.71,16,2.12,15
6116,彩晶,光電業,-0.75,11477038000.0,0.0,0.0,11469043902.01253,0.0,0.0,0.0,0.0,0.0,0.0,0.0,0.0,18.8,0.0,0.0,0.0,4.49,3,18.35,99
6117,迎廣,電子工業,3.77,3198480000.0,848403183.0238727,2.01,3551580797.048895,4.19,26.61,35.17,15.58,50.75,65.28,212.64,111.49,76.1,1.47,0.86,2.79,0.74,29,9.55,13
6118,建達,電子通路業,0.4,9901791000.0,24754477500.0,0.2,10234543112.607107,0.41,41.14,60.83,25.3,86.13,10.37,35.31,16.87,17.2,0.98,0.6,2.05,8.32,28,66.12,71
6120,達運,光電業,-0.19,17216314000.0,0.0,0.0,15604365938.665081,0.0,40.72,33.93,24.61,58.54,0.0,0.0,0.0,15.05,0.0,0.0,0.0,1.23,17,28.84,176
6121,新普,電腦及週邊設備業,30.6,80560816000.0,2632706405.228758,15.27,85320954332.08722,32.41,12.53,4.68,10.08,14.76,326.69,478.37,406.11,417.5,0.97,0.78,1.15,4.16,8,6.98,48
6122,擎邦,電機機械,4.78,4104869000.0,858759205.0209205,2.22,3903493091.213258,4.55,10.47,6.05,8.27,14.32,37.63,65.16,47.65,46.9,1.02,0.8,1.39,6.11,55,6.63,33
6124,業強,電子零組件業,-0.98,1808813000.0,0.0,0.0,1858886182.6804714,0.0,0.0,0.0,0.0,0.0,0.0,0.0,0.0,29.85,0.0,0.0,0.0,23.43,125,30.65,27
6104,創惟,半導體業,5.62,4008734000.0,713297864.7686833,2.95,4055824439.1794715,5.69,39.93,72.15,14.34,86.49,81.59,492.13,227.18,103.5,2.19,0.79,4.75,76.59,171,3.97,14
6103,合邦,半導體業,-0.56,84771000.0,0.0,0.0,101608493.43285157,0.0,384.63,3912.23,12.77,3925.0,0.0,0.0,0.0,34.0,0.0,0.0,0.0,0.0,0,4.53,29
6101,寬魚國際,文化創意業,-0.19,1024378000.0,0.0,0.0,2747126750.388236,0.0,123.97,196.6,46.93,243.53,0.0,0.0,0.0,41.65,0.0,0.0,0.0,5.02,64,4.81,51
5871,中租-KY,其他,11.24,97807317000.0,8701718594.30605,5.58,95524419674.82062,10.98,10.1,4.48,7.63,12.11,83.78,132.97,110.85,114.0,0.97,0.73,1.17,2.17,111,7.85,29
5871A,中租-KY甲特,其他,0.0,0.0,0.0,0.0,0.0,0.0,0.0,0.0,0.0,0.0,0.0,0.0,0.0,102.5,0.0,0.0,0.0,1.44,27,2.49,30
5876,上海商銀,金融保險,3.06,54529641000.0,17820144117.64706,1.49,52580045305.497826,2.95,15.23,8.21,12.27,20.48,36.2,60.42,44.94,42.5,1.06,0.85,1.42,1.2,16,1.71,6
5878,台名,金融業,2.86,878908000.0,307310489.5104895,1.53,893254938.5417502,2.91,17.62,8.88,13.24,22.12,38.53,64.37,51.26,39.1,1.31,0.99,1.65,1.05,50,2.65,64
5880,合庫金,金融保險,1.36,72176581000.0,53071015441.17647,0.66,76429546972.79083,1.44,19.66,6.46,16.21,22.67,23.34,32.64,28.31,24.75,1.14,0.94,1.32,4.02,44,6.25,49
5906,台南-KY,貿易百貨,1.0,1692931000.0,1692931000.0,0.5,1626897555.8163347,0.96,35.66,42.76,23.98,66.74,23.02,64.07,34.23,40.9,0.84,0.56,1.57,1.82,66,8.35,126
6126,信音,電子零組件業,0.72,3836487000.0,5328454166.666667,0.51,5550659930.102412,1.04,31.17,33.41,19.03,52.44,19.79,54.54,32.42,40.3,0.8,0.49,1.35,20.15,24,40.75,113
5907,大洋-KY,貿易百貨,-4.55,2793027000.0,0.0,0.0,2570149419.438242,0.0,0.0,0.0,0.0,0.0,0.0,0.0,0.0,5.1,0.0,0.0,0.0,58.01,127,0.0,0
6015,宏遠證,金融業,0.76,1429585000.0,1881032894.7368422,1.09,7590864475.743025,4.04,60.92,274.87,7.63,282.5,30.83,1141.3,246.11,18.35,13.41,1.68,62.2,4.28,6,5.58,111
6016,康和證,金融業,1.92,3881404000.0,2021564583.3333335,3.44,41062945779.58223,20.31,28.53,129.87,5.13,135.0,104.19,2741.85,579.38,28.8,20.12,3.62,95.2,3.03,20,16.74,111
6020,大展證,金融業,0.38,271592000.0,714715789.4736842,1.33,11420576651.07247,15.98,42.87,71.59,14.5,86.09,231.71,1375.72,685.09,22.8,30.05,10.16,60.34,3.15,21,0.79,84
6021,美好證,金融業,3.75,2015939000.0,537583733.3333334,5.63,58801584778.76174,109.38,16.91,23.72,5.4,29.12,590.65,3185.15,1849.86,41.35,44.74,14.28,77.03,19.17,2,35.92,148
6023,元大期,金融業,8.45,3633121000.0,429955147.9289941,5.28,4600201662.229895,10.7,11.95,3.49,10.23,13.72,109.46,146.8,127.83,100.0,1.28,1.09,1.47,3.7,15,17.86,183
6024,群益期,金融保險,5.48,2946386000.0,537661678.8321167,1.4,1430137574.552833,2.66,10.32,4.38,7.71,12.09,20.51,32.16,27.44,62.0,0.44,0.33,0.52,5.43,174,7.42,180
6026,福邦證,金融業,1.72,1113064000.0,647130232.5581396,1.34,2473904966.2909255,3.82,19.93,79.06,7.01,86.07,26.78,328.79,76.15,17.05,4.47,1.57,19.28,5.86,22,10.67,147
6028,公勝保經,金融業,8.27,0.0,0.0,0.0,0.0,0.0,11.41,2.87,9.97,12.84,0.0,0.0,0.0,80.0,0.0,0.0,0.0,65.72,112,5.54,21
6005,群益證,金融保險,2.64,18678452000.0,7075171212.121212,2.47,40749246054.4681,5.76,11.26,5.19,8.53,13.72,49.13,79.03,64.87,39.65,1.64,1.24,1.99,3.88,6,25.55,111
6127,九豪,電子零組件業,0.46,978519000.0,2127215217.3913043,0.24,969998818.8948842,0.46,151.2,339.11,32.56,371.67,14.98,170.97,69.55,84.4,0.82,0.18,2.03,34.26,20,65.48,181
6128,上福,電腦及週邊設備業,-9.56,5257403000.0,0.0,0.0,5050681663.693739,0.0,11.76,3.76,10.18,13.94,0.0,0.0,0.0,21.0,0.0,0.0,0.0,1.05,17,0.0,0
6155,鈞寶,電子工業,0.74,621894000.0,840397297.2972974,0.42,717695529.3618373,0.85,75.63,299.65,18.35,318.0,15.6,270.3,64.28,98.5,0.65,0.16,2.74,13.01,29,100.89,173
6156,松上,電子零組件業,0.44,4962621000.0,11278684090.90909,0.26,5332836455.173445,0.47,19.6,37.91,9.65,47.56,4.54,22.35,9.21,24.35,0.38,0.19,0.92,60.6,132,3.57,29
6158,禾昌,電子零組件業,0.11,1823143000.0,16574027272.727272,0.05,1717871314.7679794,0.1,34.67,170.8,15.56,186.36,1.56,18.64,3.47,17.65,0.2,0.09,1.06,14.75,127,7.14,61
6160,欣技,電腦及週邊設備業,-1.19,1229032000.0,0.0,0.0,1036953550.7415651,0.0,0.0,0.0,0.0,0.0,0.0,0.0,0.0,16.8,0.0,0.0,0.0,15.92,17,4.97,96
6161,捷波,電腦及週邊設備業,2.71,1391277000.0,513386346.86346865,1.43,1772451392.8783948,3.45,16.17,11.87,11.37,23.24,39.23,80.18,55.78,52.8,1.06,0.74,1.52,0.0,0,41.49,96
6164,華興,光電業,0.07,754335000.0,10776214285.714285,0.04,649951307.5108625,0.06,106.3,663.82,16.18,680.0,0.97,40.8,6.38,13.35,0.48,0.07,3.06,6.13,17,18.75,182
6166,凌華,電子工業,2.35,12101599000.0,5149616595.74468,1.46,15625136408.942095,3.03,252.77,1223.29,23.38,1246.67,70.84,3777.41,765.89,155.5,4.93,0.46,24.29,4.59,17,12.32,48
6167,久正,光電業,-0.03,1173851000.0,0.0,0.0,1337563927.0292368,0.0,165.62,721.44,11.06,732.5,0.0,0.0,0.0,12.15,0.0,0.0,0.0,4.32,127,0.0,0
6168,宏齊,光電業,0.05,2056765000.0,41135300000.0,0.03,2209752260.816846,0.05,524.21,1851.37,38.63,1890.0,1.93,94.5,26.21,28.3,0.93,0.07,3.34,4.39,126,52.48,76
6169,昱泉,文化創意業,-2.43,34318000.0,0.0,0.0,4385882.754140954,0.0,0.0,0.0,0.0,0.0,0.0,0.0,0.0,15.2,0.0,0.0,0.0,13.45,8,6.67,12
6170,統振,通信網路業,4.5,3183535000.0,707452222.2222222,2.26,3172913545.7448006,4.48,15.72,19.82,9.73,29.55,43.59,132.38,70.44,52.7,1.34,0.83,2.51,0.0,0,9.59,61
6171,大城地產,建材營造,3.82,1222473000.0,320019109.947644,0.38,2407291463.291827,7.52,8.18,20.83,3.19,24.02,23.99,180.63,61.54,24.9,2.47,0.96,7.25,35.33,44,4.0,23
6173,信昌電,電子零組件業,3.25,4034265000.0,1241312307.6923077,1.78,4567833535.191839,3.68,21.62,74.53,10.19,84.72,37.5,311.77,79.57,316.0,0.25,0.12,0.99,15.95,29,82.61,155
6174,安碁,電子零組件業,0.65,602691000.0,927216923.076923,0.37,726717909.7838702,0.78,43.58,71.13,21.67,92.8,16.9,72.38,34.0,52.3,0.65,0.32,1.38,36.36,170,19.85,124
6175,立敦,電子零組件業,2.67,4125713000.0,1545210861.423221,1.57,4590403539.588288,2.97,16.45,33.75,8.79,42.54,26.11,126.34,48.84,114.0,0.43,0.23,1.11,8.79,169,54.64,131
6154,順發,電子通路業,0.51,3894760000.0,7636784313.72549,0.26,4111336967.1454864,0.54,32.15,302.52,15.48,318.0,8.36,171.72,17.36,13.8,1.26,0.61,12.44,1.2,17,3.07,85
6153,嘉聯益,電子零組件業,-4.38,5515837000.0,0.0,0.0,5128470737.634157,0.0,0.0,0.0,0.0,0.0,0.0,0.0,0.0,24.45,0.0,0.0,0.0,22.25,20,50.0,126
6152,百一,電子工業,-1.47,1585496000.0,0.0,0.0,1908863913.3247755,0.0,163.16,52.0,145.5,197.5,0.0,0.0,0.0,14.5,0.0,0.0,0.0,44.16,86,23.99,48
6129,普誠,半導體業,-1.09,1113905000.0,0.0,0.0,1502593799.156515,0.0,0.0,0.0,0.0,0.0,0.0,0.0,0.0,15.9,0.0,0.0,0.0,6.57,27,71.16,77
6130,上亞科技,生技醫療業,-1.72,155618000.0,0.0,0.0,159416555.55555555,0.0,0.0,0.0,0.0,0.0,0.0,0.0,0.0,24.5,0.0,0.0,0.0,44.19,28,30.89,176
6133,金橋,電子工業,0.73,1370459000.0,1877341095.890411,0.38,1528081050.9794135,0.81,43.77,81.44,18.56,100.0,15.03,81.0,35.46,23.05,1.54,0.65,3.51,71.06,132,56.69,181
6134,萬旭,電子零組件業,0.12,1862157000.0,15517975000.0,0.08,2773921001.559161,0.18,298.93,793.36,64.14,857.5,11.55,154.35,53.81,35.55,1.51,0.32,4.34,91.72,120,40.94,58
6136,富爾特,通信網路業,0.88,605803000.0,688412500.0,0.51,742909022.7548457,1.08,26.72,16.33,22.88,39.21,24.71,42.35,28.86,25.3,1.14,0.98,1.67,4.97,17,1.04,15
6138,茂達,半導體業,13.04,7357134000.0,564197392.6380368,7.06,8424373841.018158,14.93,19.56,14.37,12.74,27.11,190.21,404.75,292.04,358.5,0.81,0.53,1.13,4.13,125,48.63,138
6139,亞翔,其他電子業,30.49,70821098000.0,2322764775.336176,20.22,133238790599.87805,57.36,17.66,19.32,9.46,28.78,542.63,1650.82,1012.91,823.0,1.23,0.66,2.01,16.92,16,126.14,181
6140,訊達,資訊服務業,-2.01,2476215000.0,0.0,0.0,1775906016.277956,0.0,37.25,34.25,21.76,56.01,0.0,0.0,0.0,21.05,0.0,0.0,0.0,11.82,2,8.68,26
6141,柏承,電子零組件業,-4.65,1834584000.0,0.0,0.0,1929585385.70334,0.0,0.0,0.0,0.0,0.0,0.0,0.0,0.0,34.85,0.0,0.0,0.0,10.74,20,1.02,58
6142,友勁,通信網路業,-0.26,1786173000.0,0.0,0.0,1768975057.966926,0.0,0.0,0.0,0.0,0.0,0.0,0.0,0.0,9.61,0.0,0.0,0.0,37.88,132,20.8,79
6143,振曜,通信網路業,6.46,8607320000.0,1332402476.7801857,3.17,9408853644.262468,7.06,19.43,15.68,13.22,28.9,93.33,204.03,137.18,89.2,1.54,1.05,2.29,15.5,72,31.03,83
6144,得利影,文化創意業,-0.36,172362000.0,0.0,0.0,157635375.92704883,0.0,0.0,0.0,0.0,0.0,0.0,0.0,0.0,14.5,0.0,0.0,0.0,287.4,119,18.63,119
6146,耕興,其他電子類,10.78,4489524000.0,416467903.5250464,5.76,4814923558.870917,11.56,16.14,9.58,12.56,22.14,145.19,255.94,186.59,194.5,0.96,0.75,1.32,8.0,29,12.43,84
6148,驊宏資,資訊服務業,1.36,968037000.0,711791911.7647058,0.41,602519881.2736104,0.85,28.33,37.09,11.95,49.04,10.16,41.68,24.08,33.4,0.72,0.3,1.25,7.8,28,0.0,0
6150,撼訊,電腦及週邊設備業,2.62,7670408000.0,2927636641.221374,0.94,5435657318.259805,1.86,176.81,329.2,15.3,344.5,28.46,640.77,328.86,64.3,5.11,0.44,9.97,9.77,142,34.88,117
6151,晉倫,其他電子類,1.16,1695815000.0,1461909482.7586207,0.65,1851219515.632297,1.27,24.26,25.82,17.09,42.91,21.7,54.5,30.81,40.0,0.77,0.54,1.36,132.18,139,25.0,61
6597,立誠,電子零組件業,2.54,632474000.0,249005511.81102362,1.29,829122506.0419577,3.33,28.82,75.49,14.28,89.77,47.55,298.93,95.99,69.9,1.37,0.68,4.28,23.12,143,0.0,0
6598,ABC-KY,生技醫療業,-1.97,445577000.0,0.0,0.0,825963817.543396,0.0,0.0,0.0,0.0,0.0,0.0,0.0,0.0,24.15,0.0,0.0,0.0,32.81,3,17.08,104
8047,星雲,其他電子類,-0.78,461310000.0,0.0,0.0,399295911.3196013,0.0,0.0,0.0,0.0,0.0,0.0,0.0,0.0,49.45,0.0,0.0,0.0,75.09,155,316.3,169
8048,德勝,通信網路業,2.67,1020717000.0,382291011.23595506,1.57,1209463698.9046373,3.16,20.55,16.48,12.13,28.61,38.33,90.41,64.93,66.3,0.98,0.58,1.36,8.92,3,64.76,159
8049,晶采,光電業,1.71,1288318000.0,753402339.1812866,0.87,1297553346.3702714,1.72,13.52,6.09,10.68,16.77,18.37,28.84,23.25,27.7,0.84,0.66,1.04,2.4,44,0.0,0
8050,廣積,電腦及週邊設備業,1.45,5402081000.0,3725573103.448276,0.76,4857948050.370401,1.3,29.06,47.74,12.36,60.1,16.07,78.13,37.77,55.7,0.68,0.29,1.4,3.83,17,0.67,15
8054,安國,半導體業,-3.18,2740237000.0,0.0,0.0,8887061853.708347,0.0,0.0,0.0,0.0,0.0,0.0,0.0,0.0,103.5,0.0,0.0,0.0,13.55,29,42.59,169
8059,凱碩,通信網路業,-2.39,6325467000.0,0.0,0.0,23709866492.14652,0.0,0.0,0.0,0.0,0.0,0.0,0.0,0.0,17.1,0.0,0.0,0.0,26.26,21,5.59,14
8064,東捷,光電業,1.35,2544969000.0,1885162222.222222,0.82,3740108136.1028786,1.98,175.3,482.72,37.28,520.0,73.81,1029.6,347.09,156.0,2.22,0.47,6.6,81.01,127,17.74,120
8067,志旭,電子通路業,-0.59,110377000.0,0.0,0.0,79246225.63232824,0.0,0.0,0.0,0.0,0.0,0.0,0.0,0.0,12.8,0.0,0.0,0.0,36.14,20,30.26,117
8046,南電,電子零組件業,3.01,38926177000.0,12932284717.607975,1.86,53077187275.99706,4.1,204.81,699.07,27.18,726.25,111.44,2977.62,839.72,874.0,0.96,0.13,3.41,1.53,2,167.89,148
8068,全達,電子通路業,1.23,808320000.0,657170731.7073171,0.97,1243572382.8076909,1.89,18.99,40.33,8.0,48.33,15.12,91.34,35.88,19.2,1.87,0.79,4.76,10.28,23,18.78,72
8070,長華*,電子工業,1.02,19055037000.0,18681408823.52941,0.6,23375874642.12188,1.25,25.74,47.86,13.74,61.6,17.18,77.0,32.18,55.0,0.59,0.31,1.4,35.23,98,13.81,113
8071,能率網通,電子零組件業,-1.19,2000187000.0,0.0,0.0,2187610492.8633566,0.0,0.0,0.0,0.0,0.0,0.0,0.0,0.0,29.4,0.0,0.0,0.0,44.17,20,18.52,99
8072,陞泰,電子工業,1.11,1223670000.0,1102405405.4054053,0.67,1634629718.881008,1.48,33.15,41.13,21.96,63.09,32.5,93.37,49.06,29.4,1.67,1.11,3.18,9.5,13,5.79,6
8074,鉅橡,電子零組件業,1.35,1293671000.0,958274814.8148148,0.8,1564483700.7371008,1.63,31.35,53.63,15.04,68.67,24.52,111.93,51.1,73.9,0.69,0.33,1.51,34.76,129,111.94,181
8076,伍豐,電腦及週邊設備業,0.15,1995767000.0,13305113333.333334,0.11,2683809875.1514874,0.2,63.62,180.27,14.73,195.0,2.95,39.0,12.72,25.75,0.49,0.11,1.51,22.75,99,5.95,71
8081,致新,半導體業,17.75,8617981000.0,485520056.3380282,8.81,8500252309.93554,17.51,13.19,8.11,10.05,18.16,175.98,317.98,231.03,319.0,0.72,0.55,1.0,1.79,6,0.21,1
8069,元太,光電業,9.13,36899502000.0,4041566484.118291,4.3,35680851030.956825,8.83,31.07,38.63,13.67,52.3,120.71,461.81,274.35,204.0,1.34,0.59,2.26,33.47,122,24.83,70
8045,達運光電,電子工業,0.65,1184313000.0,1822020000.0,0.5,1750809584.2578812,0.96,100.41,279.3,9.83,289.13,9.44,277.56,96.39,61.1,1.58,0.15,4.54,7.74,9,72.06,61
8011,台通,通信網路業,1.3,2097097000.0,1613151538.4615383,0.54,1797533194.974811,1.11,24.75,111.33,6.94,118.27,7.7,131.28,27.47,18.0,1.53,0.43,7.29,27.86,30,19.95,134
8016,矽創,半導體業,14.65,18682856000.0,1275280273.0375426,8.99,23888232072.808144,18.73,14.14,8.9,10.51,19.41,196.85,363.55,264.89,300.5,0.88,0.66,1.21,0.0,0,14.43,96
8021,尖點,其他電子業,2.74,4267050000.0,1557317518.2481751,1.89,6751349243.471757,4.34,56.43,157.22,14.86,172.08,64.49,746.83,244.89,543.0,0.45,0.12,1.38,27.47,66,377.14,180
8024,佑華,半導體業,-2.56,158672000.0,0.0,0.0,154871473.05389223,0.0,0.0,0.0,0.0,0.0,0.0,0.0,0.0,12.25,0.0,0.0,0.0,1.88,20,0.0,0
8027,鈦昇,電機機械,-0.92,1560399000.0,0.0,0.0,2619992536.2940645,0.0,260.71,68.25,226.75,295.0,0.0,0.0,0.0,241.0,0.0,0.0,0.0,18.91,8,35.22,182
8028,昇陽半導體,半導體業,4.38,4462417000.0,1018816666.6666667,2.6,5577835895.892019,5.47,54.76,70.46,31.89,102.35,174.44,559.85,299.53,311.5,0.96,0.56,1.8,71.97,146,29.76,120
8032,光菱,電子通路業,2.2,3555596000.0,1616179999.9999998,1.51,5031451558.720423,3.11,26.62,58.18,15.21,73.39,47.3,228.24,82.8,47.6,1.74,0.99,4.79,204.11,147,18.73,44
8033,雷虎,其他,0.58,1429246000.0,2464217241.3793106,0.29,1487578520.115354,0.6,232.65,799.7,97.8,897.5,58.68,538.5,139.59,129.5,1.08,0.45,4.16,6.21,9,200.8,84
8034,榮群,通信網路業,1.42,560477000.0,394702112.6760564,0.47,342183102.5058523,0.87,16.24,9.24,12.36,21.6,10.75,18.79,14.13,23.4,0.6,0.46,0.8,1.86,3,52.23,169
8038,長園科,電子零組件業,0.92,523534000.0,569058695.6521739,0.75,1198064339.4814134,2.11,65.19,80.75,29.63,110.38,62.52,232.9,137.55,40.8,3.37,1.53,5.71,18.89,162,46.57,77
8039,台虹,電子工業,2.07,10469402000.0,5057682125.603865,1.02,11164235394.241116,2.21,36.12,64.7,14.22,78.92,31.43,174.41,79.83,145.5,0.55,0.22,1.2,26.0,70,120.92,177
8040,九暘,半導體業,-0.6,667594000.0,0.0,0.0,817118527.3789281,0.0,0.0,0.0,0.0,0.0,0.0,0.0,0.0,94.8,0.0,0.0,0.0,0.0,0,5.32,79
8042,金山電,電子零組件業,0.9,3693135000.0,4103483333.333333,0.56,4824948616.9652,1.18,86.27,195.35,28.4,223.75,33.51,264.02,101.8,195.0,0.52,0.17,1.35,57.89,170,98.34,168
8043,蜜望實,電子零組件業,1.68,5203246000.0,3097170238.095238,1.19,8428138450.688707,2.72,302.83,1996.63,13.37,2010.0,36.37,5467.2,823.69,226.5,3.64,0.16,24.14,107.32,65,291.85,174
7769,鴻勁,半導體業,75.71,8807978000.0,116338370.09642056,0.0,0.0,0.0,73.87,52.06,51.01,103.07,0.0,0.0,0.0,6975.0,0.0,0.0,0.0,70.54,32,165.06,183
7770,君曜,半導體業,3.0,140772000.0,46924000.0,0.0,0.0,0.0,18.1,7.41,15.32,22.73,0.0,0.0,0.0,42.2,0.0,0.0,0.0,0.0,0,2.48,5
7772,耀穎,半導體業,1.86,36719000.0,19741397.849462364,0.0,0.0,0.0,151.92,103.75,88.44,192.19,0.0,0.0,0.0,144.0,0.0,0.0,0.0,30.23,1,30.23,1
7777,能率亞洲,其他,0.58,-35480000.0,0.0,0.0,0.0,0.0,55.82,43.66,41.03,84.69,0.0,0.0,0.0,42.2,0.0,0.0,0.0,0.0,0,150.65,99
7780,大研生醫*,食品工業,0.53,1098052000.0,2071796226.4150941,0.0,0.0,0.0,52.23,47.37,40.05,87.42,0.0,0.0,0.0,19.2,0.0,0.0,0.0,6.18,44,123.7,48
7768,頌勝科技,電子工業,3.23,166994000.0,51700928.79256966,0.0,0.0,0.0,115.53,68.12,71.95,140.07,0.0,0.0,0.0,373.0,0.0,0.0,0.0,19.21,150,24.52,71
7786,東方風能,綠能環保,11.11,3094023000.0,278489918.9918992,0.0,0.0,0.0,15.19,6.89,11.64,18.53,0.0,0.0,0.0,130.0,0.0,0.0,0.0,94.86,109,20.25,62
7788,松川精密,電子工業,3.63,2102773000.0,579276308.5399449,0.0,0.0,0.0,41.53,52.19,25.06,77.25,0.0,0.0,0.0,292.0,0.0,0.0,0.0,0.0,0,7.21,90
7791,皇家可口,食品工業,8.26,886148000.0,107281840.1937046,0.0,0.0,0.0,12.55,4.81,10.3,15.11,0.0,0.0,0.0,62.6,0.0,0.0,0.0,0.0,0,22.46,69
7792,安葆,其他電子類,8.72,332632000.0,38145871.559633024,0.0,0.0,0.0,36.81,11.47,31.53,43.0,0.0,0.0,0.0,261.0,0.0,0.0,0.0,21.7,175,22.31,98
7782,光速火箭,居家生活類,2.13,242640000.0,113915492.95774649,0.0,0.0,0.0,12.18,7.49,9.65,17.14,0.0,0.0,0.0,28.15,0.0,0.0,0.0,0.0,0,13.51,19
7767,仁大資訊,資訊服務業,4.18,627804000.0,150192344.49760768,0.0,0.0,0.0,11.85,3.16,10.5,13.66,0.0,0.0,0.0,42.7,0.0,0.0,0.0,0.0,0,0.0,0
7765,中華資安,數位雲端,11.49,990636000.0,86217232.37597911,0.0,0.0,0.0,25.07,10.15,20.06,30.21,0.0,0.0,0.0,238.0,0.0,0.0,0.0,11.47,20,10.2,71
7740,熙特爾-創,綠能環保,4.97,1426350000.0,286991951.7102616,30.26,79180202283.31958,275.9,52.06,66.97,21.85,88.82,6028.42,24505.44,14362.99,156.0,92.07,38.64,157.09,113.24,141,25.87,61
7743,金利食安,食品工業,0.55,571926000.0,1039865454.5454545,0.35,1038435146.3133698,1.0,22.25,26.22,14.29,40.51,14.29,40.51,22.25,19.6,1.14,0.73,2.07,1.35,3,3.01,2
7744,崴寶,電子零組件業,16.28,577003000.0,35442444.71744472,0.0,0.0,0.0,25.77,19.61,17.12,36.73,0.0,0.0,0.0,483.0,0.0,0.0,0.0,19.75,176,110.66,99
7747,昕奇雲端,數位雲端類,4.07,856913000.0,210543734.64373463,4.2,5930882823.653776,28.17,32.19,8.03,28.22,36.25,794.96,1021.16,906.69,127.5,7.11,6.23,8.01,13.99,13,29.23,22
7749,意騰-KY,半導體業,11.64,1157049000.0,99402835.05154638,10.51,4811998030.707583,48.41,72.86,78.8,31.36,110.16,1518.14,5332.85,3527.26,484.5,7.28,3.13,11.01,11.02,10,16.53,5
7750,新代,電機機械,35.18,5251207000.0,149266827.74303582,0.0,0.0,0.0,44.77,67.36,29.12,96.48,0.0,0.0,0.0,2370.0,0.0,0.0,0.0,5.78,105,28.99,72
7751,竑騰,半導體業,20.44,1012449000.0,49532729.941291586,0.0,0.0,0.0,57.35,105.7,26.74,132.44,0.0,0.0,0.0,1485.0,0.0,0.0,0.0,100.37,83,59.66,174
7753,星亞,光電業,4.21,450953000.0,107114726.8408551,0.0,0.0,0.0,11.6,7.59,9.29,16.88,0.0,0.0,0.0,41.45,0.0,0.0,0.0,12.97,4,13.62,27
7757,金色三麥,觀光餐旅,8.98,785893000.0,87515924.27616926,0.0,0.0,0.0,12.56,3.52,11.59,15.11,0.0,0.0,0.0,100.0,0.0,0.0,0.0,0.0,0,2.2,97
7760,享溫馨,觀光餐旅,0.69,0.0,0.0,0.0,0.0,0.0,53.07,34.28,26.4,60.68,0.0,0.0,0.0,33.6,0.0,0.0,0.0,0.17,3,1.54,2
7794,宏碁智新,居家生活類,2.72,0.0,0.0,0.0,0.0,0.0,12.11,5.49,10.87,16.36,0.0,0.0,0.0,31.35,0.0,0.0,0.0,5.77,90,7.58,71
7795,長廣,電子工業,2.22,135531000.0,61049999.99999999,0.0,0.0,0.0,124.67,68.24,85.88,154.12,0.0,0.0,0.0,410.0,0.0,0.0,0.0,4.73,4,99.23,91
7827,漢康-KY創,創新板股票,-2.27,312223000.0,0.0,0.0,0.0,0.0,0.0,0.0,0.0,0.0,0.0,0.0,0.0,164.5,0.0,0.0,0.0,100.0,52,100.0,52
7828,創新服務,半導體業,6.31,0.0,0.0,0.0,0.0,0.0,216.87,150.89,156.8,307.69,0.0,0.0,0.0,2000.0,0.0,0.0,0.0,81.68,111,67.02,70
7839,達人網,數位雲端類,2.56,101880000.0,39796875.0,2.23,586776628.5417209,14.74,18.4,1.98,17.68,19.66,260.6,289.79,271.22,47.2,5.75,5.52,6.14,0.0,0,17.97,23
7842,天能綠電,綠能環保類,4.01,0.0,0.0,0.0,0.0,0.0,24.73,8.51,22.79,31.3,0.0,0.0,0.0,101.0,0.0,0.0,0.0,0.0,0,0.0,0
7823,奧義賽博-KY創,數位雲端,0.24,33073000.0,137804166.6666667,0.0,0.0,0.0,0.0,0.0,0.0,0.0,0.0,0.0,0.0,82.1,0.0,0.0,0.0,0.0,0,0.0,0
7822,倍利科,電子工業,14.04,0.0,0.0,0.0,0.0,0.0,94.66,68.19,62.17,130.36,0.0,0.0,0.0,1165.0,0.0,0.0,0.0,73.11,155,85.71,138
7799,禾榮科,化學生技醫療,-3.29,6328000.0,0.0,0.0,0.0,0.0,0.0,0.0,0.0,0.0,0.0,0.0,0.0,362.0,0.0,0.0,0.0,159.34,104,52.54,33
7803,雲象科技-創,創新板股票,-2.29,236749000.0,0.0,0.0,105861254.00571683,0.0,0.0,0.0,0.0,0.0,0.0,0.0,0.0,23.0,0.0,0.0,0.0,0.0,0,20.25,163
7805,威聯通,數位雲端類,56.3,1144386000.0,20326571.93605684,0.0,0.0,0.0,15.8,5.18,13.34,18.52,0.0,0.0,0.0,692.0,0.0,0.0,0.0,0.0,0,19.36,168
7810,捷創科技,半導體業,6.25,125775000.0,20124000.0,0.0,0.0,0.0,41.9,36.42,32.0,68.42,0.0,0.0,0.0,208.0,0.0,0.0,0.0,0.0,0,128.67,167
7811,民盛,運動休閒類,8.1,0.0,0.0,0.0,0.0,0.0,13.01,6.51,9.9,16.41,0.0,0.0,0.0,79.1,0.0,0.0,0.0,15.36,49,9.45,21
7818,溢泰實業,綠能環保,5.64,0.0,0.0,0.0,0.0,0.0,11.28,2.11,9.77,11.88,0.0,0.0,0.0,62.2,0.0,0.0,0.0,0.0,0,16.74,65
7819,精誠金融,資訊服務業,2.91,478498000.0,164432302.40549827,1.25,589775270.0232675,3.59,15.86,2.02,14.68,16.7,52.7,59.95,56.92,43.15,1.32,1.22,1.39,113.03,8,20.13,75
7820,立盈,綠能環保類,1.84,0.0,0.0,0.0,0.0,0.0,67.07,30.88,55.98,86.86,0.0,0.0,0.0,118.0,0.0,0.0,0.0,177.23,132,74.39,75
7821,神數,汽車工業,2.99,0.0,0.0,0.0,0.0,0.0,14.75,6.15,11.17,17.32,0.0,0.0,0.0,43.9,0.0,0.0,0.0,10.89,155,58.62,133
8083,瑞穎,電機機械,9.8,1403166000.0,143180204.08163264,5.21,1517688507.9830966,10.6,16.97,6.99,13.1,20.09,138.86,212.95,179.87,172.0,1.05,0.81,1.24,0.85,13,1.89,20
8085,福華,其他電子類,-1.01,645835000.0,0.0,0.0,688846757.2678922,0.0,0.0,0.0,0.0,0.0,0.0,0.0,0.0,12.9,0.0,0.0,0.0,5.63,3,11.89,90
8488,吉源-KY,其他,-2.06,3107874000.0,0.0,0.0,4437335178.306771,0.0,0.0,0.0,0.0,0.0,0.0,0.0,0.0,10.55,0.0,0.0,0.0,4.62,101,1.72,85
8905,裕國,其他,0.62,2134718000.0,3443093548.387097,0.32,2264969130.539188,0.66,34.65,54.47,15.18,69.65,10.02,45.97,22.87,30.2,0.76,0.33,1.52,3.72,21,1.59,104
8906,花王,其他,-0.78,205067000.0,0.0,0.0,195505944.0547915,0.0,0.0,0.0,0.0,0.0,0.0,0.0,0.0,31.7,0.0,0.0,0.0,9.91,38,1.16,79
8908,欣雄,油電燃氣業,2.2,10642287000.0,4837403181.818181,1.06,9709061640.119884,2.01,22.73,12.43,17.96,30.39,36.1,61.08,45.7,42.15,1.08,0.86,1.45,0.0,0,8.26,166
8916,光隆,其他,2.5,8358964000.0,3343585600.0,1.1,7869089558.990338,2.35,16.38,8.62,12.08,20.7,28.39,48.64,38.49,44.3,0.87,0.64,1.1,4.4,15,2.37,40
8917,欣泰,油電燃氣業,2.22,3079267000.0,1387057207.2072072,1.15,2986830768.199479,2.15,26.37,10.09,22.29,32.38,47.92,69.62,56.69,52.3,1.08,0.92,1.33,8.64,55,3.13,56
8921,沈氏,其他,-0.12,627607000.0,0.0,0.0,653151599.6588624,0.0,0.0,0.0,0.0,0.0,0.0,0.0,0.0,18.2,0.0,0.0,0.0,36.41,105,1.93,49
8923,時報,文化創意業,0.95,450369000.0,474072631.57894737,0.45,421194763.330363,0.89,20.37,14.66,16.26,30.92,14.47,27.52,18.13,19.8,0.92,0.73,1.39,3.48,14,12.47,105
8926,台汽電,油電燃氣業,2.45,8036606000.0,3280247346.938775,8.63,46992875934.30842,14.33,23.73,25.73,13.9,39.63,199.19,567.9,340.08,79.0,4.3,2.52,7.19,1.05,38,8.54,125
8927,北基,油電燃氣業,0.36,10630044000.0,29527900000.0,0.24,14954431792.604734,0.51,75.9,194.46,31.13,225.59,15.88,115.05,38.71,20.5,1.89,0.77,5.61,25.94,29,3.07,14
8929,富堡,其他,-0.45,725631000.0,0.0,0.0,718288488.483693,0.0,41.57,100.88,16.62,117.5,0.0,0.0,0.0,14.0,0.0,0.0,0.0,36.91,169,4.84,63
8930,青鋼,鋼鐵工業,2.4,1443214000.0,601339166.6666667,1.18,1334359461.2579775,2.22,12.12,4.87,9.25,14.12,20.54,31.35,26.9,27.65,0.97,0.74,1.13,3.8,20,0.0,0
8931,大汽電,油電燃氣業,1.87,2513205000.0,1343959893.0481284,0.94,2580863532.2205997,1.92,21.56,11.59,17.03,28.62,32.7,54.95,41.4,42.2,0.98,0.77,1.3,6.34,13,1.88,86
8935,邦泰,其他,-0.77,520557000.0,0.0,0.0,510203959.9280967,0.0,0.0,0.0,0.0,0.0,0.0,0.0,0.0,22.75,0.0,0.0,0.0,68.9,153,56.23,76
8936,國統,其他,4.08,6293893000.0,1542620833.3333333,2.23,7306330701.674497,4.74,16.44,18.65,11.38,30.03,53.94,142.34,77.91,58.1,1.34,0.93,2.45,12.0,30,26.0,147
8937,合騏*,其他,-0.72,66133000.0,0.0,0.0,588598728.4296137,0.0,472.58,1276.5,38.88,1315.38,0.0,0.0,0.0,29.2,0.0,0.0,0.0,577.56,155,16.13,100
8481,政伸,其他,3.26,1173670000.0,360021472.3926381,1.61,1152794909.9603887,3.2,17.51,19.0,12.26,31.26,39.23,100.03,56.04,42.1,1.33,0.93,2.38,0.74,3,5.47,13
8436,大江,生技醫療業,8.69,6872719000.0,790876754.890679,4.44,7267386662.919997,9.19,17.31,9.04,13.24,22.28,121.68,204.75,159.07,118.0,1.35,1.03,1.74,3.51,15,9.56,71
8437,大地-KY,其他,-1.3,221282000.0,0.0,0.0,176356263.85445344,0.0,60.82,57.16,35.42,92.58,0.0,0.0,0.0,10.6,0.0,0.0,0.0,39.66,28,0.0,0
8442,威宏-KY,其他,4.18,7983723000.0,1909981578.9473686,2.19,8558766570.980875,4.48,10.62,16.94,6.27,23.21,28.09,103.98,47.56,40.3,1.18,0.7,2.58,3.33,77,3.59,15
8443,阿瘦,貿易百貨,-1.46,1127548000.0,0.0,0.0,1058182149.9490405,0.0,32.46,2.43,30.81,33.24,0.0,0.0,0.0,11.4,0.0,0.0,0.0,1.65,22,0.0,0
8444,綠河-KY,其他,-10.06,3333213000.0,0.0,0.0,1591553283.1836696,0.0,0.0,0.0,0.0,0.0,0.0,0.0,0.0,4.6,0.0,0.0,0.0,5.91,23,1.25,72
8446,華研,文化創意業,10.31,1119230000.0,108557710.96023278,5.62,1261026397.2349055,11.62,9.65,4.62,7.79,12.41,90.52,144.2,112.13,87.9,1.28,1.03,1.64,23.22,148,8.33,57
8450,霹靂,文化創意業,-5.34,235916000.0,0.0,0.0,383114440.65787524,0.0,0.0,0.0,0.0,0.0,0.0,0.0,0.0,15.9,0.0,0.0,0.0,24.63,20,7.73,9
8455,大拓-KY,其他電子類,0.01,1156029000.0,115602900000.0,0.01,1243376512.6103733,0.01,666.54,1441.67,53.33,1495.0,0.53,14.95,6.67,31.1,0.21,0.02,0.48,16.88,64,27.83,104
8463,潤泰材,其他,1.86,7221483000.0,3882517741.9354835,0.92,7195838222.647017,1.85,19.17,20.58,9.91,30.49,18.33,56.41,35.47,21.3,1.67,0.86,2.65,17.15,44,20.43,173
8466,美吉吉-KY,其他,-0.97,3227731000.0,0.0,0.0,2430865243.0793347,0.0,48.06,168.24,11.48,179.72,0.0,0.0,0.0,15.55,0.0,0.0,0.0,2.21,93,8.22,16
9933,中鼎,其他,1.79,93718619000.0,52356770391.061455,0.8,76920727969.01425,1.47,42.28,101.46,8.7,110.16,12.79,161.94,62.16,42.65,1.46,0.3,3.8,7.27,17,31.53,168
9937,全國,油電燃氣業,2.37,22695298000.0,9576075105.485231,1.21,22596297356.560207,2.36,25.55,6.89,22.13,29.02,52.23,68.49,60.29,55.5,1.09,0.94,1.23,1.19,2,8.12,34
9938,百和,其他,4.1,15697877000.0,3828750487.804878,2.07,15429341174.625801,4.03,14.63,16.86,9.77,26.63,39.37,107.32,58.95,44.0,1.34,0.89,2.44,26.58,169,11.44,126
9939,宏全,其他,9.09,29073649000.0,3198421232.1232123,4.55,29066162251.038853,9.09,15.17,6.0,12.09,18.09,109.9,164.44,137.91,134.0,1.03,0.82,1.23,7.1,13,0.94,6
9940,信義,其他,0.28,9513436000.0,33976557142.85714,0.23,15804957782.741163,0.47,28.65,62.41,10.45,72.86,4.91,34.24,13.46,19.85,0.68,0.25,1.72,13.29,44,1.33,27
9941,裕融,其他,7.87,39779550000.0,5054580686.149937,3.88,38851507790.04264,7.69,14.07,7.87,10.54,18.41,81.05,141.57,108.23,81.4,1.33,1.0,1.74,0.62,1,5.34,69
9941A,裕融甲特,其他,0.0,0.0,0.0,0.0,0.0,0.0,0.0,0.0,0.0,0.0,0.0,0.0,0.0,50.5,0.0,0.0,0.0,0.98,69,2.74,68
9942,茂順,其他,8.15,3977553000.0,488043312.88343555,4.57,4484795954.2834425,9.19,12.96,4.89,10.0,14.89,91.9,136.84,119.13,118.5,1.01,0.78,1.15,2.34,17,3.95,40
9931,欣高,油電燃氣業,2.45,1551042000.0,633078367.3469387,1.32,1617275219.9598193,2.55,14.36,11.95,10.93,22.88,27.87,58.34,36.62,35.25,1.04,0.79,1.66,0.81,2,0.0,0
9945,潤泰新,其他,3.93,35602939000.0,9059272010.178116,2.75,54450698712.680084,6.01,8.41,6.92,5.01,11.93,30.11,71.7,50.55,27.5,1.84,1.09,2.61,14.78,44,5.03,16
9946,三發地產,建材營造,1.52,602169000.0,396163815.78947365,10.86,4854971622.938131,12.25,45.65,112.69,3.89,116.58,47.65,1428.1,559.16,20.6,27.14,2.31,69.33,6.75,38,0.0,0
9949,琉園,文化創意業,5.29,142500000.0,26937618.147448014,2.75,144848169.37412384,5.38,5.29,2.88,4.06,6.94,21.84,37.34,28.45,24.5,1.16,0.89,1.52,15.48,78,49.86,183
9950,萬國通,塑膠工業,-0.27,2109807000.0,0.0,0.0,2066913656.4510198,0.0,14.13,21.66,2.18,23.84,0.0,0.0,0.0,10.55,0.0,0.0,0.0,1.81,14,6.28,29
9951,皇田,電機機械,5.27,6333931000.0,1201884440.227704,2.71,6865400662.809965,5.71,12.32,5.37,10.09,15.46,57.61,88.28,70.32,53.4,1.32,1.08,1.65,3.25,14,14.65,75
9958,世紀鋼,鋼鐵工業,6.56,14571164000.0,2221214024.390244,4.19,17061964667.59023,7.68,26.5,38.35,12.88,51.23,98.92,393.45,203.5,115.0,1.77,0.86,3.42,0.0,0,7.46,15
9962,有益,鋼鐵工業,-0.16,1941014000.0,0.0,0.0,1411348164.580572,0.0,30.08,67.68,15.89,83.57,0.0,0.0,0.0,9.8,0.0,0.0,0.0,2.11,104,1.22,16
9944,新麗,其他,-0.16,2250752000.0,0.0,0.0,2451466680.3559866,0.0,198.65,343.47,58.53,402.0,0.0,0.0,0.0,17.75,0.0,0.0,0.0,6.25,44,1.47,16
9929,秋雨,其他,-0.07,653941000.0,0.0,0.0,675797446.8524189,0.0,43.28,5.56,41.48,47.04,0.0,0.0,0.0,12.7,0.0,0.0,0.0,4.89,45,0.0,0
9928,中視,其他,-1.4,846557000.0,0.0,0.0,930922243.7367295,0.0,54.73,44.06,43.18,87.24,0.0,0.0,0.0,18.6,0.0,0.0,0.0,15.26,17,34.41,183
8942,森鉅,其他,1.83,3809373000.0,2081624590.1639342,0.57,1744734463.7342165,0.84,12.44,17.96,7.18,25.14,6.03,21.12,10.45,42.3,0.25,0.14,0.5,2.17,6,0.0,0
8996,高力,電機機械,9.08,5988938000.0,659574669.6035242,9.0,15338265982.72067,23.25,68.01,114.67,26.39,141.06,613.57,3279.64,1581.28,1590.0,0.99,0.39,2.06,3.69,15,147.48,141
9902,台火,其他,-0.47,342343000.0,0.0,0.0,241280281.85659832,0.0,125.73,430.44,18.31,448.75,0.0,0.0,0.0,13.7,0.0,0.0,0.0,43.92,44,7.36,9
9905,大華,其他,1.29,8095013000.0,6275203875.968992,0.76,9395385221.597502,1.5,15.07,3.67,13.1,16.77,19.65,25.16,22.6,21.05,1.07,0.93,1.2,0.61,3,1.31,15
9906,欣巴巴,建材營造,0.09,1332942000.0,14810466666.666668,0.12,2628187746.797796,0.18,82.65,493.27,8.95,502.22,1.61,90.4,14.88,46.8,0.32,0.03,1.93,149.15,57,0.0,0
9907,統一實,其他,1.36,46160570000.0,33941595588.23529,0.63,39931953534.616104,1.18,20.8,33.17,12.86,46.03,15.17,54.32,24.54,16.7,1.47,0.91,3.25,11.76,140,4.94,15
9908,大台北,油電燃氣業,1.72,3392932000.0,1972634883.7209303,0.91,3327338984.697048,1.69,17.19,7.25,13.58,20.83,22.95,35.2,29.06,29.55,0.98,0.78,1.19,1.39,29,0.96,13
9912,偉聯,電子工業,-1.12,495111000.0,0.0,0.0,486169689.5079814,0.0,0.0,0.0,0.0,0.0,0.0,0.0,0.0,12.65,0.0,0.0,0.0,6.32,21,5.02,62
9917,中保科,其他,6.77,19003491000.0,2807014918.759232,3.42,19228976482.010815,6.85,18.7,8.51,15.44,23.95,105.76,164.06,128.07,117.0,1.09,0.9,1.4,17.39,76,0.0,0
9918,欣天然,油電燃氣業,1.61,2060972000.0,1280106832.2981365,0.93,1983036509.7414398,1.55,21.98,18.37,17.06,35.43,26.44,54.92,34.06,43.1,0.79,0.61,1.27,2.61,3,4.98,30
9919,康那香,其他,-2.43,2744027000.0,0.0,0.0,2616627965.406864,0.0,5.45,2.57,4.62,7.19,0.0,0.0,0.0,14.0,0.0,0.0,0.0,0.62,8,0.84,15
9925,新保,其他,2.37,8025348000.0,3386222784.8101263,1.25,8593074937.615505,2.54,17.58,2.54,16.31,18.85,41.43,47.88,44.66,40.65,1.1,1.02,1.18,0.95,3,0.97,35
9926,新海,油電燃氣業,2.68,2462571000.0,918869776.1194029,1.46,2457609853.410795,2.67,19.41,3.78,17.89,21.67,47.77,57.86,51.84,49.2,1.05,0.97,1.18,2.03,3,1.54,13
9927,泰銘,其他,4.28,7937924000.0,1854655140.1869159,2.49,8854889275.447157,4.77,12.34,8.48,9.53,18.01,45.46,85.91,58.84,69.4,0.85,0.66,1.24,1.53,3,0.14,170
8435,鉅邁,其他,3.91,624566000.0,159735549.87212276,2.05,651409075.6030054,4.08,15.45,4.95,14.04,18.99,57.28,77.48,63.02,54.0,1.17,1.06,1.43,11.03,140,0.75,12
8432,東生華,生技醫療業,3.62,1340047000.0,370178729.28176796,1.69,1478420802.3220153,3.99,19.08,16.25,12.83,29.08,51.19,116.03,76.11,51.2,1.49,1.0,2.27,8.39,8,21.87,181
8431,匯鑽科,其他電子類,-3.9,1070130000.0,0.0,0.0,980014365.1364478,0.0,97.61,132.76,30.65,163.41,0.0,0.0,0.0,57.6,0.0,0.0,0.0,19.21,92,57.81,180
8112A,至上甲特,電子工業,0.0,0.0,0.0,0.0,0.0,0.0,0.0,0.0,0.0,0.0,0.0,0.0,0.0,46.8,0.0,0.0,0.0,0.23,3,0.8,6
8114,振樺電,電子工業,18.5,18973096000.0,1025572756.7567568,7.61,12361456261.97361,12.05,19.58,34.25,8.05,42.3,97.0,509.72,235.97,212.0,1.11,0.46,2.4,122.44,183,1.37,8
8121,越峰,電子零組件業,-0.31,2993414000.0,0.0,0.0,3610278760.033241,0.0,51.41,80.42,22.47,102.89,0.0,0.0,0.0,53.4,0.0,0.0,0.0,5.93,3,66.26,131
8131,福懋科,半導體業,1.35,9623157000.0,7128264444.444444,0.85,13229955464.511398,1.86,36.4,96.55,11.42,107.97,21.24,200.82,67.71,75.9,0.89,0.28,2.65,1.68,2,79.02,174
8147,正淩,電子零組件業,3.08,1564956000.0,508102597.40259737,1.9,1934739168.7667246,3.81,47.21,38.72,31.43,70.15,119.75,267.27,179.88,146.5,1.23,0.82,1.82,25.39,28,9.46,111
8150,南茂,半導體業,0.7,23509652000.0,33585217142.857143,0.42,29356672202.59489,0.87,58.31,206.35,10.92,217.27,9.5,189.02,50.73,104.0,0.49,0.09,1.82,2.12,3,66.49,149
8112,至上,電子通路業,5.02,219865076000.0,43797823904.38248,5.17,475509817991.73016,10.86,21.12,39.64,9.83,49.47,106.75,537.24,229.41,98.2,2.34,1.09,5.47,0.0,0,60.08,147
8163,達方,電子工業,0.51,25049470000.0,49116607843.13725,0.27,27472460296.618458,0.56,26.46,79.91,8.33,88.24,4.66,49.41,14.82,44.95,0.33,0.1,1.1,3.18,8,3.8,142
8176,智捷,通信網路業,0.39,401727000.0,1030069230.7692307,0.18,283477737.9415323,0.28,49.45,161.5,12.5,174.0,3.5,48.72,13.85,10.15,1.36,0.34,4.8,41.67,132,18.14,111
8182,加高,電子零組件業,0.44,2880401000.0,6546365909.090909,0.21,2880044649.087525,0.44,68.26,939.94,10.06,950.0,4.43,418.0,30.04,51.0,0.59,0.09,8.2,2.28,73,0.0,0
8183,精星,其他電子類,2.39,7367798000.0,3082760669.4560666,1.31,8199243666.63271,2.66,12.06,9.27,8.13,17.4,21.63,46.28,32.09,32.55,0.99,0.66,1.42,9.07,129,35.37,135
8201,無敵,其他電子業,-0.35,457909000.0,0.0,0.0,530800270.3686591,0.0,0.0,0.0,0.0,0.0,0.0,0.0,0.0,13.5,0.0,0.0,0.0,6.02,41,74.77,69
8155,博智,電子零組件業,6.9,4795545000.0,695006521.7391304,4.46,6493105312.675648,9.34,36.13,45.41,20.94,66.35,195.58,619.71,337.47,404.5,0.83,0.48,1.53,3.74,127,49.6,174
8111,立碁,光電業,0.38,852145000.0,2242486842.105263,0.18,826350555.9184284,0.37,142.89,539.82,23.51,563.33,8.7,208.43,52.87,56.2,0.94,0.15,3.71,106.24,120,39.74,168
8110,華東,電子工業,2.47,7245046000.0,2933217004.0485826,1.35,8144126276.894984,2.78,50.95,91.39,16.94,108.33,47.09,301.16,141.65,59.2,2.39,0.8,5.09,14.32,6,299.28,180
8086,宏捷科,半導體業,3.36,3949612000.0,1175479761.904762,2.16,6067290611.046394,5.16,43.97,60.96,23.55,84.51,121.52,436.07,226.89,166.0,1.37,0.73,2.63,3.26,17,52.28,140
8088,品安,半導體業,1.7,1503537000.0,884433529.4117647,1.17,2633921202.875153,2.98,109.81,407.9,13.21,421.11,39.37,1254.91,327.24,69.2,4.73,0.57,18.13,0.56,16,30.61,147
8089,康全電訊,通信網路業,-3.1,966852000.0,0.0,0.0,335650783.5268727,0.0,9.19,16.62,3.97,20.59,0.0,0.0,0.0,21.15,0.0,0.0,0.0,33.64,65,0.0,0
8092,建暐,其他電子類,0.0,342132000.0,0.0,0.0,370316104.1874377,0.0,236.1,63.57,208.57,272.14,0.0,0.0,0.0,14.7,0.0,0.0,0.0,31.41,22,0.24,1
8093,保銳,電子零組件業,-1.32,197523000.0,0.0,0.0,238351870.99701247,0.0,0.0,0.0,0.0,0.0,0.0,0.0,0.0,19.3,0.0,0.0,0.0,5.86,3,18.1,142
8096,擎亞,電子通路業,0.88,34409445000.0,39101642045.454544,0.56,33065915146.566166,0.85,45.42,106.45,9.88,116.33,8.4,98.88,38.61,155.5,0.25,0.05,0.64,27.37,70,23.14,145
8097,常珵,通信網路業,-1.13,268148000.0,0.0,0.0,215525256.2806239,0.0,138.6,84.54,107.83,192.37,0.0,0.0,0.0,60.3,0.0,0.0,0.0,50.16,178,16.33,40
8099,大世科,資訊服務業,2.64,4764597000.0,1804771590.9090908,1.42,6123297998.395934,3.39,32.92,31.97,20.17,52.14,68.38,176.75,111.59,60.2,1.85,1.14,2.94,23.36,17,8.41,92
8101,華冠,通信網路業,-3.26,393227000.0,0.0,0.0,366913790.09277576,0.0,0.0,0.0,0.0,0.0,0.0,0.0,0.0,14.45,0.0,0.0,0.0,795.83,170,17.18,89
8102,傑霖科技,半導體業,2.25,66699000.0,29644000.0,0.0,0.0,0.0,26.91,40.48,12.85,53.33,0.0,0.0,0.0,71.9,0.0,0.0,0.0,0.0,0,30.65,8
8103,瀚荃,電子工業,3.96,3334507000.0,842047222.2222222,2.33,3990281789.833726,4.74,18.97,22.74,9.37,32.11,44.41,152.2,89.91,97.1,0.93,0.46,1.57,36.89,24,103.23,177
8104,錸寶,光電業,-0.55,3621838000.0,0.0,0.0,2457693850.7052746,0.0,1612.39,4320.0,180.0,4500.0,0.0,0.0,0.0,42.35,0.0,0.0,0.0,68.86,169,15.09,79
8105,凌巨,光電業,-0.3,8679610000.0,0.0,0.0,8540878867.656977,0.0,147.03,721.01,27.32,748.33,0.0,0.0,0.0,21.9,0.0,0.0,0.0,52.29,30,17.81,48
8107,大億金茂,電機機械,-0.53,962504000.0,0.0,0.0,686867377.8279479,0.0,86.4,210.24,8.51,218.75,0.0,0.0,0.0,12.1,0.0,0.0,0.0,55.85,136,8.7,68
8109,博大,電子零組件業,6.17,1675345000.0,271530794.16531605,3.7,2122629447.506226,7.82,15.36,9.73,11.18,20.91,87.43,163.52,120.13,123.0,0.98,0.71,1.33,0.42,8,35.38,84
8084,巨虹,電子通路業,-1.82,602545000.0,0.0,0.0,513829542.3287161,0.0,35.46,33.91,21.67,55.58,0.0,0.0,0.0,47.2,0.0,0.0,0.0,11.17,15,80.62,180
8210,勤誠,電子工業,29.02,20900566000.0,720212474.1557547,20.0,31446716424.807495,43.66,26.9,34.95,11.7,46.65,510.82,2036.74,1174.54,1365.0,0.86,0.37,1.49,5.15,146,130.85,146
8213,志超,電子工業,2.28,17992158000.0,7891297368.421053,1.26,19976635761.641327,2.53,12.22,12.42,8.93,21.35,22.59,54.02,30.91,37.2,0.83,0.61,1.45,1.41,2,19.09,70
8349A,恒耀甲特,鋼鐵工業,0.0,0.0,0.0,0.0,0.0,0.0,0.0,0.0,0.0,0.0,0.0,0.0,0.0,47.3,0.0,0.0,0.0,9.11,175,0.0,0
8358,金居,電子零組件業,4.21,7752647000.0,1841483847.9809976,2.78,10795200963.26217,5.86,42.71,123.8,10.56,134.36,61.88,787.35,250.3,700.0,0.36,0.09,1.12,10.91,23,380.21,175
8367,建新國際,航運業,3.8,3216539000.0,846457631.5789474,1.91,3309463723.5829372,3.91,13.3,7.16,11.11,18.27,43.44,71.44,51.99,40.3,1.29,1.08,1.77,9.04,24,0.31,15
8374,羅昇,電機機械,-0.55,4702943000.0,0.0,0.0,5949466897.902581,0.0,292.36,1015.96,62.61,1078.57,0.0,0.0,0.0,91.0,0.0,0.0,0.0,79.68,78,20.43,69
8401,白紗科,其他,2.71,1544829000.0,570047601.4760147,1.38,1602683025.7505758,2.81,10.95,4.88,8.46,13.34,23.77,37.49,30.78,23.0,1.34,1.03,1.63,3.17,182,5.07,112
8403,盛弘,生技醫療業,1.06,4335731000.0,4090312264.1509433,0.54,4564488377.191745,1.12,21.86,22.4,15.69,38.09,17.57,42.66,24.48,19.35,1.27,0.91,2.2,1.5,10,1.29,29
8349,恒耀,鋼鐵工業,2.02,11746755000.0,5815225247.524753,0.99,11288229154.572857,1.94,16.76,13.07,11.08,24.15,21.5,46.85,32.52,40.95,0.79,0.53,1.14,12.69,44,1.33,47
8404,百和興業-KY,其他,1.46,7460968000.0,5110252054.79452,0.76,7703805110.725043,1.51,31.73,78.39,11.61,90.0,17.53,135.9,47.91,16.65,2.88,1.05,8.16,68.67,126,38.96,127
8410,森田,電腦及週邊設備業,3.27,1129401000.0,345382568.80733943,1.33,899036447.4019899,2.6,11.43,10.73,6.16,16.89,16.02,43.91,29.73,32.9,0.9,0.49,1.33,14.2,59,4.71,48
8411,福貞-KY,其他,-0.69,9151695000.0,0.0,0.0,10797022239.107092,0.0,67.23,80.47,42.03,122.5,0.0,0.0,0.0,12.15,0.0,0.0,0.0,8.21,111,0.76,30
8415,大國鋼,鋼鐵工業,3.05,23061004000.0,7560984918.032787,1.74,26291178210.221848,3.48,13.55,7.05,10.36,17.41,36.05,60.59,47.14,34.45,1.37,1.05,1.76,0.42,38,6.93,42
8416,實威,資訊服務業,13.46,1712393000.0,127220876.67161961,7.44,1780761555.9540718,14.0,14.63,5.3,12.25,17.55,171.5,245.7,204.76,172.0,1.19,1.0,1.43,5.22,15,12.27,175
8421,旭源,其他,-0.39,1155501000.0,0.0,0.0,1277015132.1159546,0.0,613.0,177.5,500.0,677.5,0.0,0.0,0.0,13.2,0.0,0.0,0.0,20.74,93,6.69,14
8424,惠普,建材營造,5.8,1077627000.0,185797758.62068966,2.97,1072081309.9255458,5.77,14.71,5.02,11.76,16.78,67.86,96.82,84.88,69.0,1.23,0.98,1.4,2.31,44,1.77,166
8426,紅木-KY,其他,1.85,2774857000.0,1499922702.7027025,0.82,2729625886.6462383,1.82,9.21,7.99,6.33,14.32,11.52,26.06,16.76,20.35,0.82,0.57,1.28,1.92,1,7.1,23
8429,金麗-KY,貿易百貨,0.12,150489000.0,1254075000.0,0.05,132761760.15742713,0.11,204.15,648.5,54.0,702.5,5.94,77.28,22.46,6.51,3.45,0.91,11.87,40.5,169,5.83,107
8409,商之器,生技醫療業,0.24,277797000.0,1157487500.0,0.12,285374378.90115917,0.25,90.24,351.65,14.06,365.71,3.52,91.43,22.56,19.1,1.18,0.18,4.79,3.57,13,2.42,111
8342,益張,其他,5.97,1662869000.0,278537520.93802345,3.0,1691448311.642656,6.07,13.28,5.73,10.08,15.81,61.19,95.97,80.6,91.0,0.89,0.67,1.05,17.99,24,6.54,181
8215,明基材,光電業,-1.14,17976113000.0,0.0,0.0,18314688009.415993,0.0,216.84,1084.56,25.44,1110.0,0.0,0.0,0.0,31.15,0.0,0.0,0.0,6.71,29,5.25,99
8222,寶一,電機機械,0.55,929257000.0,1689558181.8181818,0.3,957541799.8218158,0.57,48.59,58.41,25.3,83.71,14.42,47.71,27.7,35.25,0.79,0.41,1.35,2.04,15,5.02,72
8227,巨有科技,半導體業,2.05,1303125000.0,635670731.7073171,1.48,2676768621.330694,4.21,95.5,168.18,51.6,219.78,217.24,925.27,402.04,184.5,2.18,1.18,5.02,0.0,0,35.59,70
8234,新漢,電腦及週邊設備業,0.4,5778088000.0,14445220000.0,0.18,4729896482.383174,0.33,144.01,269.17,55.57,324.74,18.34,107.16,47.52,63.6,0.75,0.29,1.68,22.92,23,46.36,61
8240,華宏,光電業,2.18,7203456000.0,3304337614.678899,1.0,6436669577.398071,1.95,17.22,29.25,8.67,37.92,16.91,73.94,33.57,56.9,0.59,0.3,1.3,42.2,146,37.68,71
8249,菱光,電子工業,4.04,3641509000.0,901363613.8613862,2.26,3771489776.3566294,4.18,19.32,33.31,13.51,46.82,56.47,195.71,80.75,52.1,1.55,1.08,3.76,153.45,132,24.66,68
8255,朋程,電機機械,6.33,8097224000.0,1279182306.4770932,3.08,7627826079.740537,5.96,20.86,22.38,12.62,35.0,75.22,208.6,124.32,195.0,0.64,0.39,1.07,0.0,0,27.5,82
8261,富鼎,半導體業,5.73,3105660000.0,542000000.0,2.94,3273599661.862792,6.04,19.95,24.18,12.64,36.82,76.35,222.39,120.48,215.0,0.56,0.36,1.03,16.06,143,26.63,131
8271,宇瞻,半導體業,6.7,10908622000.0,1628152537.3134327,9.0,36106292251.556145,22.18,21.42,41.81,7.97,49.78,176.77,1104.12,475.1,211.0,2.25,0.84,5.23,0.0,0,119.93,146
8272,全景軟體,資訊服務業,4.66,473954000.0,101706866.9527897,2.2,504056870.56999797,4.96,19.56,16.7,14.42,31.12,71.52,154.36,97.01,71.5,1.36,1.0,2.16,73.77,128,21.33,85
8277,商丞,半導體業,-0.38,252859000.0,0.0,0.0,132323639.51542789,0.0,0.0,0.0,0.0,0.0,0.0,0.0,0.0,9.55,0.0,0.0,0.0,17.76,8,63.68,148
8279,生展,生技醫療業,10.03,2123580000.0,211722831.50548357,4.73,1965537601.320242,9.28,13.41,7.83,10.38,18.21,96.33,168.99,124.42,97.0,1.28,0.99,1.74,4.17,3,2.62,133
8284,三竹,資訊服務業,4.74,2937789000.0,619786708.8607595,2.49,3223327067.7082705,5.2,13.54,5.81,10.79,16.6,56.11,86.32,70.39,64.8,1.09,0.87,1.33,6.39,174,0.42,13
8289,泰藝,電子零組件業,0.04,1725495000.0,43137375000.0,0.02,1733310039.3216774,0.04,454.21,1383.03,31.97,1415.0,1.28,56.6,18.17,67.1,0.27,0.02,0.84,1.11,17,7.69,97
8291,尚茂,電子零組件業,-1.51,2612000.0,0.0,0.0,6894572.438162545,0.0,0.0,0.0,0.0,0.0,0.0,0.0,0.0,47.4,0.0,0.0,0.0,0.0,0,484.11,54
8299,群聯,半導體業,41.96,68473723000.0,1631880910.3908484,56.81,211247627288.483,129.45,24.66,65.21,10.42,75.63,1348.87,9790.3,3191.94,2530.0,1.26,0.53,3.87,0.0,0,145.34,147
7738,東聯互動,數位雲端類,14.61,201472000.0,13790006.844626969,0.0,0.0,0.0,13.12,5.82,11.45,17.27,0.0,0.0,0.0,173.5,0.0,0.0,0.0,0.25,1,36.36,90
7736,虎山,汽車工業,5.09,1548758000.0,304274656.1886051,2.35,1603146339.3784857,5.27,16.81,9.72,11.72,21.44,61.76,112.99,88.58,72.7,1.22,0.85,1.55,31.25,99,1.46,6
6770,力積電,半導體業,-1.86,45962445000.0,0.0,0.0,59710499458.967125,0.0,38.33,20.79,29.32,50.11,0.0,0.0,0.0,74.2,0.0,0.0,0.0,0.18,2,128.84,147
6776,展碁國際,電子工業,4.2,28833106000.0,6865025238.095238,2.42,37301223761.399956,5.43,13.27,8.84,10.6,19.44,57.56,105.56,72.04,59.3,1.21,0.97,1.78,0.47,15,8.26,15
6781,AES-KY,電子工業,38.2,15649550000.0,409674083.7696335,22.44,19823716204.88588,48.39,33.99,33.96,21.47,55.43,1038.93,2682.26,1644.99,1180.0,1.39,0.88,2.27,75.83,169,58.23,166
6782,視陽,化學生技醫療,14.08,4126829000.0,293098650.5681818,8.13,5016259596.682182,17.11,19.46,30.54,12.33,42.87,210.97,733.51,332.9,194.5,1.71,1.08,3.77,2.61,20,13.24,58
6785,昱展新藥,生技醫療業,-1.2,1753000.0,0.0,0.0,3147845.1715881885,0.0,643.13,2954.17,20.83,2975.0,0.0,0.0,0.0,121.0,0.0,0.0,0.0,5.39,13,109.41,174
6788,華景電,半導體業,17.37,2543412000.0,146425561.31260794,9.54,2914588846.2523055,19.9,20.18,21.45,9.8,31.25,195.02,621.88,401.51,438.0,0.92,0.45,1.42,75.81,72,44.5,183
6789,采鈺,半導體業,4.01,9100411000.0,2269429177.057357,2.07,9338550547.135702,4.11,83.71,227.9,30.38,258.28,124.86,1061.53,344.06,543.0,0.63,0.23,1.95,8.71,23,48.17,82
6790,永豐實,造紙工業,3.03,10716158000.0,3536685808.580858,1.53,10532189035.67818,2.98,13.69,4.84,11.68,16.52,34.81,49.23,40.78,40.05,1.02,0.87,1.23,4.07,14,2.59,23
6791,虎門科技,資訊服務業,4.16,785380000.0,188793269.23076922,2.28,887494882.5864108,4.7,27.23,20.38,19.12,39.5,89.86,185.65,127.98,103.5,1.24,0.87,1.79,102.52,171,43.66,72
6792,詠業,通信網路業,2.23,1315481000.0,589901793.7219731,1.15,1382940725.3915884,2.34,25.55,20.85,16.58,37.43,38.8,87.59,59.8,70.0,0.85,0.55,1.25,0.49,2,22.2,78
6767,台微醫,生技醫療業,-0.5,322308000.0,0.0,0.0,310731065.40138495,0.0,0.0,0.0,0.0,0.0,0.0,0.0,0.0,25.0,0.0,0.0,0.0,0.43,2,7.82,77
6762,達亞,生技醫療業,0.73,705600000.0,966575342.4657534,0.33,624565992.751335,0.65,189.3,269.43,94.67,364.1,61.54,236.67,123.05,169.0,0.73,0.36,1.4,0.0,0,0.83,14
6735,美達科技,其他電子類,0.33,328512000.0,995490909.090909,0.21,546171101.7770598,0.55,185.71,1102.02,19.23,1121.25,10.58,616.69,102.14,94.4,1.08,0.11,6.53,9.46,17,85.33,97
6739,竹陞科技,其他電子類,16.13,761022000.0,47180533.16800992,12.78,1495558137.1061597,31.7,59.99,83.94,26.45,110.39,838.46,3499.36,1901.63,1120.0,1.7,0.75,3.12,134.21,86,264.6,107
6742,澤米,光電業,-1.51,550879000.0,0.0,0.0,310665725.3029078,0.0,387.38,775.72,136.5,912.22,0.0,0.0,0.0,69.0,0.0,0.0,0.0,16.12,126,15.37,77
6743,安普新,其他電子業,0.71,5559377000.0,7830108450.704226,0.3,5257852184.337084,0.67,51.49,120.84,13.31,134.15,8.92,89.88,34.5,29.0,1.19,0.31,3.1,21.33,77,13.66,91
6751,智聯服務,資訊服務業,5.21,1831365000.0,351509596.92898273,2.46,1498996572.7338572,4.26,36.45,65.31,7.56,72.87,32.21,310.43,155.29,48.45,3.21,0.66,6.41,3.94,21,46.23,154
6752,叡揚,資訊服務業,7.58,2005986000.0,264641952.5065963,3.81,2102319037.7451,7.94,19.51,19.67,13.15,32.82,104.41,260.59,154.9,102.0,1.52,1.02,2.55,35.27,176,3.24,56
6753,龍德造船,航運業,5.97,5357790000.0,897452261.3065327,3.3,5848583281.173384,6.52,21.66,36.41,13.84,50.25,90.24,327.63,141.2,121.5,1.16,0.74,2.7,28.4,10,104.32,84
6756,威鋒電子,半導體業,1.11,1540487000.0,1387826126.126126,0.65,1693824929.989093,1.22,63.56,59.26,35.33,94.59,43.1,115.4,77.54,103.5,0.75,0.42,1.11,0.48,2,0.49,7
6761,穩得,電子零組件業,7.35,1989199000.0,270639319.72789115,3.52,1792540843.617347,6.62,19.29,23.2,10.23,33.43,67.72,221.31,127.73,204.0,0.63,0.33,1.08,8.8,17,74.92,77
6830,汎銓,其他電子業,-0.7,2139984000.0,0.0,0.0,2619816433.8035,0.0,112.06,278.75,26.25,305.0,0.0,0.0,0.0,564.0,0.0,0.0,0.0,58.84,120,41.73,77
6831,邁科,電子工業,4.93,959783000.0,194682150.1014199,0.0,0.0,0.0,159.32,178.0,71.24,249.24,0.0,0.0,0.0,773.0,0.0,0.0,0.0,2.1,17,159.63,168
6834,天二科技,電子工業,0.51,1428164000.0,2800321568.627451,0.32,1797313414.7800086,0.64,314.19,1352.96,32.04,1385.0,20.51,886.4,201.08,101.5,1.98,0.2,8.73,3.91,28,3.39,29
6835,圓裕,電子工業,0.97,2406345000.0,2480768041.2371135,0.47,2208850023.357435,0.89,30.7,294.11,8.2,302.31,7.3,269.06,27.32,36.55,0.75,0.2,7.36,0.56,21,10.9,6
6838,台新藥,化學生技醫療,-0.54,6269000.0,0.0,0.0,59665482.456140354,0.0,0.0,0.0,0.0,0.0,0.0,0.0,0.0,24.65,0.0,0.0,0.0,2.9,2,11.25,6
6840,東研信超,其他電子類,1.57,883542000.0,562765605.0955414,0.85,1018060233.7331357,1.81,146.55,374.23,37.53,411.76,67.93,745.29,265.25,66.4,3.99,1.02,11.22,10.73,20,52.17,84
6841,長佳智能,生技醫療業,0.89,362374000.0,407161797.752809,0.45,403305413.54380846,0.99,99.1,250.28,49.4,299.68,48.91,296.68,98.11,60.7,1.62,0.81,4.89,6.19,10,23.21,99
6843,進典,電機機械,2.21,808039000.0,365628506.7873303,1.01,884599311.0026159,2.42,21.37,13.4,14.42,27.82,34.9,67.32,51.71,40.5,1.28,0.86,1.66,0.0,0,17.79,84
6844,諾貝兒,生技醫療業,2.35,3445244000.0,1466061276.5957446,1.18,3403690676.0194426,2.32,35.65,27.64,24.35,51.99,56.49,120.62,82.71,65.8,1.26,0.86,1.83,2.37,142,0.99,2
6846,綠茵,食品工業,5.39,903935000.0,167705936.92022264,2.58,827505427.7419642,4.93,14.42,6.72,11.66,18.38,57.48,90.61,71.09,67.3,1.06,0.85,1.35,6.17,108,0.0,0
4943,康控-KY,電子零組件業,-1.9,1666646000.0,0.0,0.0,2355529313.245853,0.0,0.0,0.0,0.0,0.0,0.0,0.0,0.0,9.06,0.0,0.0,0.0,11.41,44,81.09,154
6823,濾能,半導體業,-8.03,631530000.0,0.0,0.0,736352196.7856092,0.0,0.0,0.0,0.0,0.0,0.0,0.0,0.0,73.1,0.0,0.0,0.0,25.67,113,122.91,139
6821,聯寶,電子零組件業,1.13,587770000.0,520150442.4778761,0.54,532230167.8819794,1.02,37.29,40.09,24.2,64.29,24.68,65.58,38.04,67.6,0.56,0.37,0.97,58.37,133,6.51,58
6796,晉弘,化學生技醫療,0.13,698679000.0,5374453846.153846,0.06,664868382.3038446,0.12,252.43,487.92,56.46,544.38,6.78,65.33,30.29,59.3,0.51,0.11,1.1,18.91,23,19.57,175
6799,來頡,半導體業,3.71,954586000.0,257300808.62533692,1.95,991174979.8926587,3.85,30.18,25.07,20.03,45.1,77.12,173.64,116.17,99.9,1.16,0.77,1.74,3.53,2,0.0,0
6805,富世達,電子工業,31.0,12078622000.0,389632967.7419355,20.29,19830108255.869923,50.89,53.25,54.85,20.98,75.83,1067.67,3858.99,2710.03,1755.0,1.54,0.61,2.2,37.56,176,103.42,177
6733,博晟生醫,生技醫療業,-0.69,219222000.0,0.0,0.0,235897967.87741205,0.0,0.0,0.0,0.0,0.0,0.0,0.0,0.0,24.9,0.0,0.0,0.0,9.12,14,60.66,89
6732,昇佳電子,半導體業,6.21,4524877000.0,728643639.2914654,2.94,4063993384.6437683,5.58,22.56,19.68,13.89,33.57,77.51,187.32,125.87,165.5,0.76,0.47,1.13,0.0,0,40.93,89
6730,常廣,生技醫療業,2.14,120733000.0,56417289.719626166,0.0,0.0,0.0,17.79,4.54,16.29,20.83,0.0,0.0,0.0,37.95,0.0,0.0,0.0,2.4,14,23.34,104
6643,M31,半導體業,1.69,1664726000.0,985044970.4142013,0.95,1839687891.428894,1.87,1495.05,17362.77,62.23,17425.0,116.37,32584.75,2795.75,494.0,5.66,0.24,65.96,10.15,29,7.66,14
6649,台生材,生技醫療業,1.4,213984000.0,152845714.2857143,0.44,142645361.65135425,0.93,54.53,94.17,27.86,122.03,25.91,113.49,50.71,37.5,1.35,0.69,3.03,25.68,139,107.99,118
6651,全宇昕,半導體業,6.31,1527269000.0,242039461.17274168,3.37,1552493346.4568205,6.41,13.31,14.81,8.45,23.26,54.16,149.1,85.33,155.5,0.55,0.35,0.96,44.6,111,0.0,0
6654,天正國際,其他電子類,0.0,348044000.0,0.0,0.0,613330688.125716,0.0,5588.45,9125.95,254.05,9380.0,0.0,0.0,0.0,217.0,0.0,0.0,0.0,5.1,17,33.38,141
6655,科定,其他,3.93,2573178000.0,654752671.7557251,2.29,3178807689.6432834,4.85,30.03,14.35,24.29,38.64,117.81,187.4,145.67,123.5,1.18,0.95,1.52,20.48,76,3.25,9
6642,富致,電子零組件業,2.6,541366000.0,208217692.3076923,1.47,579235916.6928114,2.78,21.52,23.0,13.91,36.91,38.67,102.61,59.83,90.6,0.66,0.43,1.13,9.97,127,0.0,0
6657,華安,化學生技醫療,-2.93,7153000.0,0.0,0.0,9358023.712737126,0.0,0.0,0.0,0.0,0.0,0.0,0.0,0.0,36.6,0.0,0.0,0.0,13.46,169,4.65,9
6658,聯策,其他電子業,1.39,2060888000.0,1482653237.410072,0.93,2192368195.856816,1.48,106.55,417.25,40.37,457.62,59.75,677.28,157.69,189.0,0.83,0.32,3.58,115.51,129,3.2,14
6661,威健生技,生技醫療業,0.06,373224000.0,6220400000.0,0.03,430232083.7624033,0.07,267.76,288.0,186.0,474.0,13.02,33.18,18.74,15.85,1.18,0.82,2.09,60.0,34,16.5,107
6662,樂斯科,生技醫療業,1.66,268039000.0,161469277.10843375,0.82,247171468.88969603,1.53,19.25,6.31,16.21,22.52,24.8,34.46,29.45,29.8,0.99,0.83,1.16,8.65,23,3.22,19
6664,群翊,電子零組件業,15.08,2524979000.0,167438925.72944298,8.25,2909953055.6213474,17.38,18.15,23.46,8.6,32.06,149.47,557.2,315.48,384.5,0.82,0.39,1.45,47.21,70,54.39,176
6666,羅麗芬-KY,化學生技醫療,2.42,1098789000.0,454045041.3223141,1.36,1189218288.5459275,2.62,24.46,23.83,16.47,40.3,43.15,105.59,64.09,42.95,1.49,1.0,2.46,5.89,105,47.26,69
6667,信紘科,其他電子類,13.77,6088926000.0,442187799.56427014,7.07,7217370599.8310795,16.32,21.77,14.2,15.53,29.73,253.45,485.19,355.22,281.0,1.26,0.9,1.73,35.03,128,39.35,72
6640,均華,半導體業,12.75,2608139000.0,204559921.56862745,7.94,4001269469.0840335,19.56,63.64,116.56,21.48,138.04,420.15,2700.06,1244.71,1120.0,1.11,0.38,2.41,91.34,70,42.71,97
6603,富強鑫,電機機械,0.61,4972290000.0,8151295081.967214,0.3,5008006293.146615,0.61,62.78,152.15,26.6,178.75,16.23,109.04,38.3,24.2,1.58,0.67,4.51,32.18,72,73.7,183
6605,帝寶,汽車工業,13.97,19461033000.0,1393058911.9541874,7.07,18615744139.767536,13.36,11.19,8.57,7.61,16.18,101.67,216.16,149.52,141.5,1.06,0.72,1.53,15.13,44,2.08,9
6606,建德工業,電機機械,1.1,807055000.0,733686363.6363636,0.62,952482685.0188403,1.3,27.34,12.02,21.51,33.53,27.96,43.59,35.54,25.0,1.42,1.12,1.74,28.06,79,6.26,75
6609,瀧澤科,電機機械,-1.53,2070606000.0,0.0,0.0,1794400194.6629274,0.0,29.01,44.32,14.78,59.1,0.0,0.0,0.0,41.35,0.0,0.0,0.0,174.51,128,17.28,58
6612,奈米醫材,生技醫療業,1.15,1091495000.0,949126086.9565219,0.68,1271265390.3970265,1.34,61.89,58.02,36.15,94.17,48.44,126.19,82.93,73.3,1.13,0.66,1.72,22.15,13,0.0,0
6613,朋億*,其他電子類,13.37,9026692000.0,675145250.5609574,7.73,10507000895.169994,15.56,12.58,18.48,8.33,26.81,129.61,417.16,195.71,381.5,0.51,0.34,1.09,2.85,141,35.37,72
6614,資拓宏宇,數位雲端,2.08,1407674000.0,676766346.1538461,0.0,0.0,0.0,23.94,16.95,15.4,32.35,0.0,0.0,0.0,40.9,0.0,0.0,0.0,11.21,1,52.03,84
6615,慧智,生技醫療業,-0.43,386891000.0,0.0,0.0,373526458.27514756,0.0,97.46,251.54,34.71,286.25,0.0,0.0,0.0,34.5,0.0,0.0,0.0,26.77,30,0.0,0
6617,共信-KY,生技醫療業,-0.92,35690000.0,0.0,0.0,45222557.58683729,0.0,0.0,0.0,0.0,0.0,0.0,0.0,0.0,67.6,0.0,0.0,0.0,21.21,3,13.0,30
6620,漢達,生技醫療業,4.85,163380000.0,33686597.93814433,0.0,0.0,0.0,17.18,7.41,13.92,21.33,0.0,0.0,0.0,81.8,0.0,0.0,0.0,0.91,22,83.99,117
6625,必應,其他,8.88,4041795000.0,455157094.59459454,5.33,6185680522.817773,13.59,13.24,17.56,7.15,24.71,97.17,335.81,179.95,79.2,2.27,1.23,4.24,5.32,22,16.68,16
6637,醫影,生技醫療業,7.16,1068011000.0,149163547.48603353,2.9,604832306.8890772,4.05,13.92,15.3,8.79,24.09,35.6,97.56,56.36,63.5,0.89,0.56,1.54,39.71,2,16.97,5
6668,中揚光,光電業,-1.93,1122085000.0,0.0,0.0,1355692509.0603583,0.0,0.0,0.0,0.0,0.0,0.0,0.0,0.0,47.2,0.0,0.0,0.0,3.42,3,3.58,9
6669,緯穎,電腦及週邊設備業,275.06,889139530000.0,3232529375.409002,169.4,1397630063073.9663,432.36,19.16,26.54,12.0,38.54,5188.32,16663.15,8282.9,5130.0,1.61,1.01,3.25,9.41,1,84.38,146
6706,惠特,光電業,-3.92,991895000.0,0.0,0.0,437008312.417529,0.0,0.0,0.0,0.0,0.0,0.0,0.0,0.0,172.0,0.0,0.0,0.0,66.81,143,73.47,173
6708,天擎,半導體業,0.24,277169000.0,1154870833.3333335,0.11,250041507.54407483,0.22,1044.57,1481.0,154.0,1635.0,33.88,359.7,229.81,39.8,5.77,0.85,9.04,12.94,141,10.22,28
6712,長聖,生技醫療業,4.97,1030998000.0,207444265.59356138,2.38,1132310498.279321,5.46,34.98,35.85,23.36,59.21,127.55,323.29,191.01,139.0,1.37,0.92,2.33,9.25,27,20.65,105
6715,嘉基,電子工業,1.8,1674401000.0,930222777.7777778,1.04,1706366241.1925085,1.83,59.19,252.4,19.54,271.94,35.76,497.65,108.31,471.5,0.23,0.08,1.06,7.53,17,0.83,15
6703,軒郁,生技醫療業,10.31,3226692000.0,312967216.29485935,5.34,3733925306.73247,11.93,13.6,9.82,9.71,19.53,115.84,232.99,162.21,109.5,1.48,1.06,2.13,1.71,17,17.65,70
6716,應廣,半導體業,2.18,1094881000.0,502238990.82568806,1.56,1522718173.6229744,3.03,25.69,52.1,11.06,63.16,33.51,191.37,77.85,102.5,0.76,0.33,1.87,0.82,2,15.83,138
6719,力智,電子工業,6.58,4540355000.0,690023556.231003,3.0,4431720176.192802,6.42,76.82,108.49,23.97,132.46,153.89,850.39,493.19,260.5,1.89,0.59,3.26,1.17,2,5.15,96
6720,久昌,半導體業,4.19,445852000.0,106408591.88544151,1.82,332167768.9584469,3.12,31.06,41.66,18.41,60.07,57.44,187.42,96.89,142.0,0.68,0.4,1.32,45.57,35,3.21,6
6721,信實,其他,4.65,3597037000.0,773556344.0860214,2.44,3853952338.37559,4.98,13.21,4.13,11.74,15.87,58.47,79.03,65.8,56.0,1.18,1.04,1.41,13.74,153,4.49,86
6722,輝創,其他電子業,3.39,418495000.0,123449852.50737463,0.0,0.0,0.0,15.31,5.11,13.28,18.39,0.0,0.0,0.0,37.4,0.0,0.0,0.0,4.24,21,25.25,127
6725,矽科宏晟,其他電子類,12.98,667194000.0,51401694.915254235,0.0,0.0,0.0,21.04,18.41,13.1,31.51,0.0,0.0,0.0,367.0,0.0,0.0,0.0,11.46,13,58.62,69
6727,亞泰金屬,電子零組件業,6.8,1497054000.0,220155000.0,5.92,3181491737.795196,14.45,27.21,69.88,8.8,78.68,127.16,1136.93,393.24,449.0,0.88,0.28,2.53,45.7,161,258.99,84
6698,旭暉應材,電子工業,-1.65,1142237000.0,0.0,0.0,970190338.6220101,0.0,0.0,0.0,0.0,0.0,0.0,0.0,0.0,41.95,0.0,0.0,0.0,52.56,15,40.78,82
6697,東捷資訊,資訊服務業,3.04,1414873000.0,465418750.0,1.5,1345862818.8819613,2.89,16.36,7.79,13.29,21.08,38.41,60.92,47.27,41.6,1.14,0.92,1.46,7.02,133,28.08,72
6672,騰輝電子-KY,電子工業,4.85,4224417000.0,871013814.4329897,3.06,5290184075.851232,6.07,18.97,36.39,10.21,46.6,61.97,282.86,115.15,245.5,0.47,0.25,1.15,1.31,8,59.68,83
6674,鋐寶科技,通信網路業,-1.13,627271000.0,0.0,0.0,447472088.06680745,0.0,0.0,0.0,0.0,0.0,0.0,0.0,0.0,17.45,0.0,0.0,0.0,15.04,156,14.15,56
6679,鈺太,半導體業,6.81,1974965000.0,290009544.78707784,3.67,2065121817.3574007,7.12,37.21,34.87,21.84,56.71,155.5,403.78,264.93,285.5,0.93,0.54,1.41,5.11,3,8.81,9
6680,鑫創電子,電腦及週邊設備業,-0.29,552367000.0,0.0,0.0,681472312.679962,0.0,36.38,59.55,15.2,74.75,0.0,0.0,0.0,51.5,0.0,0.0,0.0,16.63,90,0.0,0
6683,雍智科技,半導體業,15.42,2130984000.0,138196108.94941634,9.22,2718236904.5114264,19.67,36.92,152.12,14.22,166.34,279.71,3271.91,726.25,1650.0,0.44,0.17,1.98,16.34,14,32.96,167
6684,安格,半導體業,1.57,315309000.0,200833757.96178344,0.85,320923784.2247925,1.6,36.41,33.0,19.95,52.95,31.92,84.72,58.26,50.5,1.15,0.63,1.68,9.45,29,17.35,125
6691,洋基工程,其他電子業,25.51,21089903000.0,826730811.4464915,20.3,36816194762.043976,44.53,21.84,16.3,14.52,30.82,646.58,1372.41,972.49,720.0,1.35,0.9,1.91,8.08,20,50.42,180
6692,進能服,綠能環保類,0.23,1868331000.0,8123178260.869565,0.04,478564603.9465184,0.06,40.38,128.76,13.2,141.96,0.79,8.52,2.42,27.0,0.09,0.03,0.32,99.33,34,2.98,9
6693,廣閎科,半導體業,-0.09,1376725000.0,0.0,0.0,2330035371.4003816,0.0,46.43,143.93,16.52,160.45,0.0,0.0,0.0,215.0,0.0,0.0,0.0,24.16,111,40.31,174
6695,芯鼎,半導體業,-1.83,1152118000.0,0.0,0.0,1015148598.2190312,0.0,0.0,0.0,0.0,0.0,0.0,0.0,0.0,58.4,0.0,0.0,0.0,11.5,7,26.11,82
6994,富威電力,綠能環保,6.34,3365121000.0,530776182.9652997,6.05,10209692263.627707,19.24,58.67,124.92,8.13,133.05,156.42,2559.88,1128.74,53.2,21.22,2.94,48.12,27.31,22,0.0,0
6996,力領科技,半導體業,12.16,2658119000.0,218595312.5,7.19,3236067291.0703235,14.8,13.54,7.04,9.21,16.25,136.31,240.5,200.4,194.0,1.03,0.7,1.24,1.01,3,4.95,92
6997,博弘,數位雲端類,5.11,4391103000.0,859315655.5772994,3.04,5479049282.599028,6.38,22.9,43.53,13.82,57.35,88.17,365.89,146.12,75.0,1.95,1.18,4.88,15.6,143,6.16,12
7402,邑錡,光電業,0.1,534763000.0,5347630000.0,0.04,417247698.5569318,0.08,270.67,1292.47,42.53,1335.0,3.4,106.8,21.65,92.1,0.24,0.04,1.16,6.25,7,100.24,82
7547,碩網,數位雲端類,2.61,225145000.0,86262452.1072797,2.11,1580008163.942011,18.32,31.04,42.51,20.04,62.55,367.13,1145.92,568.72,59.3,9.59,6.19,19.32,113.59,120,74.79,50
7556,意德士,半導體業,7.21,736765000.0,102186546.4632455,4.15,835938648.044035,8.18,27.17,24.48,20.45,44.93,167.28,367.53,222.27,275.0,0.81,0.61,1.34,6.67,17,12.94,71
6983,華洋精機,其他電子類,4.46,336305000.0,75404708.52017938,1.11,259446119.03815764,3.44,92.57,33.71,84.59,118.3,290.99,406.95,318.43,371.0,0.86,0.78,1.1,53.11,35,50.48,82
6982,大井泵浦,電機機械,0.06,1606908000.0,26781800000.0,0.04,1851863821.871087,0.07,143.92,981.88,14.79,996.67,1.04,69.77,10.07,58.5,0.17,0.02,1.19,12.29,43,30.19,65
6953,家碩,半導體業,7.98,1234907000.0,154750250.6265664,4.36,1449841822.2769177,9.37,29.91,24.48,17.52,42.0,164.16,393.54,280.3,235.0,1.19,0.7,1.67,26.74,21,61.39,112
6955,邦睿生技-創,創新板股票,4.42,299178000.0,67687330.31674208,2.58,349853009.6584406,5.17,45.79,28.62,32.08,60.7,165.85,313.82,236.75,132.5,1.79,1.25,2.37,11.36,29,12.57,50
6957,裕慶-KY,其他,10.2,3808258000.0,373358627.4509804,6.33,4638339683.610119,12.42,15.52,13.47,10.46,23.93,129.91,297.21,192.79,189.5,1.02,0.69,1.57,0.0,0,39.13,142
6958,日盛台駿,其他,-2.4,10918289000.0,0.0,0.0,9875478419.845268,0.0,27.91,28.82,17.08,45.9,0.0,0.0,0.0,17.2,0.0,0.0,0.0,0.0,0,3.85,33
6958A,日盛台駿甲特,其他,0.0,0.0,0.0,0.0,0.0,0.0,0.0,0.0,0.0,0.0,0.0,0.0,0.0,18.3,0.0,0.0,0.0,0.0,0,0.0,0
6961,旅天下,觀光餐旅,4.23,248963000.0,58856501.18203309,0.0,0.0,0.0,15.61,9.97,11.85,21.82,0.0,0.0,0.0,55.8,0.0,0.0,0.0,2.07,3,4.75,97
6962,奕力-KY,半導體業,2.89,19108313000.0,6611873010.380623,1.33,17992922904.118153,2.72,14.47,18.74,8.64,27.38,23.5,74.47,39.35,38.9,1.01,0.6,1.91,15.57,80,2.06,7
6965,中傑-KY,運動休閒,3.52,22451409000.0,6378241193.181818,1.61,19192313382.363773,3.01,16.8,42.89,8.04,50.93,24.2,153.3,50.56,82.0,0.62,0.3,1.87,0.0,0,10.55,33
6967,汎瑋材料,電子零組件業,4.03,1382324000.0,343008436.72456574,2.35,1744291689.700167,5.09,17.84,11.61,11.82,23.43,60.16,119.26,90.83,71.3,1.27,0.84,1.67,11.85,17,57.23,183
6968,萬達寵物,居家生活類,2.51,3188322000.0,1270247808.7649403,1.42,3679743354.883152,2.9,26.46,20.73,17.22,37.95,49.94,110.06,76.74,43.55,1.76,1.15,2.53,14.5,9,10.27,28
6971,惠民實業,綠能環保類,2.42,988744000.0,408571900.8264463,0.0,0.0,0.0,15.35,19.62,11.63,31.25,0.0,0.0,0.0,27.8,0.0,0.0,0.0,0.16,71,5.23,85
6952,大武山,其他,-1.2,1663305000.0,0.0,0.0,3110937504.1742234,0.0,32.35,27.8,21.29,49.09,0.0,0.0,0.0,36.05,0.0,0.0,0.0,8.85,41,4.44,126
7713,威力德生醫,生技醫療業,4.64,1092554000.0,235464224.13793105,2.56,1314661885.173166,5.58,16.54,7.77,13.45,21.22,75.05,118.41,92.3,71.0,1.3,1.06,1.67,0.0,0,34.82,85
7714,創泓科技,數位雲端類,6.33,1817600000.0,287140600.31595576,3.27,1861879263.188854,6.48,21.7,16.26,14.81,31.07,95.97,201.33,140.6,126.5,1.11,0.76,1.59,2.32,23,68.14,85
7715,裕山,綠能環保類,3.11,1363429000.0,438401607.7170418,1.1,774559454.1149977,1.77,8.66,7.07,6.43,13.5,11.38,23.9,15.32,32.4,0.47,0.35,0.74,0.61,8,0.0,0
7716,昱臺國際,航運業,2.23,614609000.0,275609417.0403587,0.0,0.0,0.0,11.48,11.84,8.63,20.47,0.0,0.0,0.0,0.0,0.0,0.0,0.0,5.04,22,12.56,8
7717,萊德光電-KY,通信網路業,6.12,168424000.0,27520261.437908497,0.0,0.0,0.0,157.9,374.68,25.77,400.45,0.0,0.0,0.0,546.0,0.0,0.0,0.0,550.7,144,550.7,144
7721,微程式,數位雲端,0.57,292165000.0,512570175.43859655,0.63,2554798694.571969,4.98,73.54,155.28,21.45,176.73,106.82,880.12,366.25,75.1,4.88,1.42,11.72,24.86,154,27.52,14
7722,LINEPAY,數位雲端,7.46,7771476000.0,1041752815.0134048,4.05,8958598432.913881,8.6,63.35,54.78,35.25,90.03,303.15,774.26,544.84,328.0,1.66,0.92,2.36,21.96,143,13.73,9
7723,築間,觀光餐旅,-6.59,4033872000.0,0.0,0.0,5239293741.964733,0.0,56.61,97.22,13.57,110.79,0.0,0.0,0.0,23.8,0.0,0.0,0.0,2.46,1,2.33,9
7712,博盛半導體,半導體業,5.42,1326237000.0,244693173.43173432,2.89,1348943835.6541467,5.51,22.77,28.03,12.04,40.07,66.34,220.79,125.46,184.5,0.68,0.36,1.2,85.96,23,21.21,82
7728,光焱科技,其他電子類,4.95,338524000.0,68388686.86868687,3.01,405053067.39841986,5.92,101.67,251.6,24.4,276.0,144.45,1633.92,601.88,712.0,0.85,0.2,2.29,14.29,126,74.64,177
7730,暉盛-創,創新板股票,1.74,174841000.0,100483333.33333333,0.0,0.0,0.0,74.42,82.79,37.33,120.12,0.0,0.0,0.0,180.5,0.0,0.0,0.0,32.13,31,39.6,111
7732,金興精密,汽車工業,1.73,1119185000.0,646927745.6647398,0.81,910613949.9637227,1.41,19.33,15.24,11.99,27.23,16.91,38.39,27.25,36.0,0.76,0.47,1.07,24.89,129,0.0,0
7734,印能科技,半導體業,35.67,2285909000.0,64084917.297448836,27.49,3884178628.237536,60.61,41.02,97.58,18.39,115.97,1114.62,7028.94,2486.23,3615.0,0.69,0.31,1.94,23.51,157,27.48,33
7711,永擎,電腦及週邊設備業,13.04,8581110000.0,658060582.822086,0.0,0.0,0.0,25.74,24.77,17.28,42.05,0.0,0.0,0.0,364.5,0.0,0.0,0.0,23.01,80,53.08,106
7584,樂意,文化創意業,-1.98,981776000.0,0.0,0.0,843558934.1594528,0.0,22.27,31.9,13.73,45.63,0.0,0.0,0.0,28.0,0.0,0.0,0.0,39.48,27,0.0,0
7610,聯友金屬-創,創新板股票,5.33,804389000.0,150917260.7879925,0.0,0.0,0.0,166.66,433.27,53.87,487.14,0.0,0.0,0.0,2315.0,0.0,0.0,0.0,8.31,22,117.99,69
7631,聚賢研發-創,其他電子業,6.56,851604000.0,129817682.92682928,7.49,2307042336.3591037,17.77,23.7,19.53,12.69,32.22,225.5,572.55,421.12,131.5,3.2,1.71,4.35,6.48,15,27.31,61
7642,昶瑞機電,電機機械,3.35,619877000.0,185037910.44776118,1.66,777676106.7013476,4.2,21.25,21.11,12.05,33.16,50.61,139.27,89.27,71.8,1.24,0.7,1.94,4.92,8,4.03,55
7703,銳澤,其他電子類,8.72,2572226000.0,294980045.8715596,4.25,2720311345.454883,9.22,23.37,19.07,14.3,33.37,131.85,307.67,215.43,206.5,1.04,0.64,1.49,4.6,134,102.1,75
7704,明遠精密,半導體業,2.07,657463000.0,317614975.84541065,1.15,717300304.5534707,2.26,25.14,16.51,15.62,32.13,35.3,72.61,56.81,58.2,0.98,0.61,1.25,14.29,29,5.04,12
7705,三商餐飲,觀光餐旅,1.93,6491220000.0,3363326424.870466,0.98,6797001641.499905,2.02,22.2,19.26,13.61,32.87,27.49,66.4,44.84,31.85,1.41,0.86,2.08,14.78,132,5.6,26
7708,全家餐飲,觀光餐旅,6.46,2693523000.0,416954024.7678019,3.5,3041041109.9370074,7.29,16.35,5.15,13.4,18.55,97.69,135.23,119.18,94.0,1.27,1.04,1.44,10.36,146,8.21,147
7709,榮田,電機機械,2.51,982361000.0,391378884.4621514,1.58,1225920970.8988447,3.13,18.48,58.71,7.38,66.09,23.1,206.86,57.83,104.5,0.55,0.22,1.98,16.92,20,0.0,0
6881,潤德,其他,19.42,2443619000.0,125830020.59732233,9.82,2574293411.7537227,20.46,15.21,7.69,11.6,19.29,237.34,394.67,311.1,241.0,1.29,0.98,1.64,0.0,0,2.16,84
6884,海柏特,資訊服務業,2.06,238706000.0,115876699.02912621,0.0,0.0,0.0,17.99,6.44,16.39,22.83,0.0,0.0,0.0,33.4,0.0,0.0,0.0,0.0,0,0.0,0
6885,全福生技,化學生技醫療,-3.32,4460000.0,0.0,0.0,18679449.120122418,0.0,0.0,0.0,0.0,0.0,0.0,0.0,0.0,22.4,0.0,0.0,0.0,14.34,29,18.74,5
6887,寶綠特-KY,綠能環保,4.64,4751693000.0,1024071767.2413794,2.37,3839258120.4240837,3.75,10.76,9.47,6.12,15.59,22.95,58.46,40.37,34.2,1.18,0.67,1.71,11.87,42,2.01,13
6890,來億-KY,運動休閒,13.01,39806004000.0,3059646733.2820907,5.95,33830608732.209423,11.06,34.61,78.58,11.56,90.14,127.85,996.95,382.8,238.0,1.61,0.54,4.19,62.01,169,0.0,0
6895,宏碩系統,半導體業,3.61,819077000.0,226891135.73407203,1.19,764369206.248139,3.37,73.0,96.85,37.96,134.81,127.93,454.31,246.01,163.5,1.5,0.78,2.78,66.38,29,147.64,82
6899,創為精密,光電業,3.59,1175122000.0,327332033.4261839,1.7,1150961107.0215724,3.52,15.76,6.26,12.71,18.97,44.74,66.77,55.47,60.8,0.91,0.74,1.1,3.21,23,5.55,141
6901,鑽石投資,其他,-1.38,-1063116000.0,0.0,0.0,0.0,0.0,0.0,0.0,0.0,0.0,0.0,0.0,0.0,16.55,0.0,0.0,0.0,12.32,30,2.43,70
6903,巨漢,其他電子類,10.62,3177380000.0,299188323.9171375,13.22,12126163512.320808,40.53,19.85,35.06,9.44,44.5,382.6,1803.58,804.58,393.0,2.05,0.97,4.59,4.61,8,85.42,182
6904,伯鑫,其他,5.44,880215000.0,161804227.94117644,2.72,826572369.6368016,5.11,16.43,11.84,11.32,23.16,57.85,118.35,83.96,0.0,0.0,0.0,0.0,3.79,17,0.38,1
6906,現觀科,數位雲端,1.87,354906000.0,189789304.8128342,0.86,342481188.496372,1.8,39.99,28.37,26.94,55.31,48.49,99.56,71.98,92.1,0.78,0.53,1.08,30.69,126,4.25,13
6907,雅特力-KY,半導體業,2.09,139884000.0,66930143.54066986,0.0,0.0,0.0,51.0,59.41,19.68,79.09,0.0,0.0,0.0,135.5,0.0,0.0,0.0,244.9,127,244.9,127
6908,宏碁遊戲-創,創新板股票,1.44,0.0,0.0,0.0,0.0,0.0,27.16,11.47,21.93,33.4,0.0,0.0,0.0,38.75,0.0,0.0,0.0,1.37,10,21.48,125
6894,衛司特,綠能環保類,10.99,1360634000.0,123806551.41037306,8.33,2204246103.7176676,17.8,23.5,19.2,16.24,35.44,289.07,630.83,418.36,374.5,1.12,0.77,1.68,6.07,20,33.53,138
6877,鏵友益,其他電子類,0.61,505472000.0,828642622.9508197,0.15,242579325.01845354,0.29,237.81,790.71,55.12,845.83,15.98,245.29,68.97,129.5,0.53,0.12,1.89,103.61,174,17.92,55
6855,數泓科,其他電子類,7.86,616484000.0,78433078.88040712,3.87,549958970.1383746,7.01,16.7,10.22,12.83,23.05,89.94,161.58,117.07,0.0,0.0,0.0,0.0,19.93,111,2.9,48
6856,鑫傳,文化創意業,2.62,774482000.0,295603816.7938931,1.23,754162872.3156989,2.55,18.06,12.53,13.35,25.88,34.04,65.99,46.07,46.2,1.0,0.74,1.43,9.26,92,7.02,139
6859,伯特光,光電業,2.87,926738000.0,322905226.4808362,1.08,552372110.7297827,1.71,90.73,310.16,30.47,340.63,52.1,582.48,155.15,139.0,1.12,0.37,4.19,72.11,169,0.0,0
6861,睿生光電,化學生技醫療,3.84,2281307000.0,594090364.5833334,2.59,3218695958.492216,5.42,25.78,100.32,10.91,111.23,59.13,602.87,139.75,371.0,0.38,0.16,1.62,13.33,8,47.26,106
6862,三集瑞-KY,電子工業,8.28,2269658000.0,274113285.0241546,3.28,1634189643.2893116,5.96,18.85,26.54,10.67,37.21,63.59,221.77,112.35,227.0,0.49,0.28,0.98,0.0,0,51.8,132
6863,永道-KY,通信網路業,3.0,4049237000.0,1349745666.6666667,1.9,4508560795.895801,3.34,27.35,95.76,12.96,108.72,43.29,363.12,91.35,96.7,0.94,0.45,3.76,24.49,111,9.21,15
6870,騰雲,數位雲端類,7.11,780362000.0,109755555.55555555,4.35,1135884556.6909025,10.35,43.59,51.96,24.36,76.32,252.13,789.91,451.14,285.5,1.58,0.88,2.77,72.73,176,26.85,183
6872,浩宇生醫,生技醫療業,-2.14,11027000.0,0.0,0.0,52245439.441692926,0.0,0.0,0.0,0.0,0.0,0.0,0.0,0.0,17.9,0.0,0.0,0.0,5.61,13,0.0,0
6874,倍力,資訊服務業,3.16,1341672000.0,424579746.835443,3.06,2262035622.838008,5.33,21.86,14.45,15.65,30.1,83.41,160.43,116.54,85.1,1.37,0.98,1.89,15.57,20,7.12,23
6875,國邑*,生技醫療業,-2.98,69673000.0,0.0,0.0,13189156.108484697,0.0,336.45,260.6,232.73,493.33,0.0,0.0,0.0,36.5,0.0,0.0,0.0,6.32,9,43.06,132
6909,創控,電子工業,1.02,369381000.0,362138235.2941176,0.79,998098010.4135082,2.76,42.79,44.94,24.64,69.58,68.01,192.04,118.11,50.9,2.32,1.34,3.77,13.41,23,9.8,51
6929,佑全,生技醫療業,-1.63,3229077000.0,0.0,0.0,3207584184.129911,0.0,327.73,304.76,196.67,501.43,0.0,0.0,0.0,24.6,0.0,0.0,0.0,0.0,0,4.03,163
6931,青松健康,化學生技醫療,1.39,1108355000.0,797377697.8417267,0.78,1285616495.3275385,1.61,69.4,84.53,20.62,105.15,33.2,169.29,111.74,40.8,2.74,0.81,4.15,6.93,28,25.55,173
6933,AMAX-KY,電子工業,5.05,6971809000.0,1380556237.6237624,2.73,7701254124.983797,5.58,44.94,75.96,22.05,98.01,123.04,546.9,250.77,157.0,1.6,0.78,3.48,5.26,2,82.9,50
6934,心誠鎂,化學生技醫療,-3.92,70823000.0,0.0,0.0,0.0,0.0,0.0,0.0,0.0,0.0,0.0,0.0,0.0,71.3,0.0,0.0,0.0,26.72,146,56.98,72
6936,永鴻生技,化學生技醫療,1.83,1174176000.0,641626229.5081967,1.16,2045938872.9949894,3.19,19.57,7.25,16.61,23.86,52.99,76.11,62.43,33.4,1.87,1.59,2.28,7.19,143,11.41,127
6928,攸泰科技,電腦及週邊設備業,-0.73,1987148000.0,0.0,0.0,1765249822.746804,0.0,28.05,19.04,17.99,37.03,0.0,0.0,0.0,47.95,0.0,0.0,0.0,25.16,13,65.87,77
6937,天虹,電子工業,3.01,2637017000.0,876085382.0598007,1.49,2270579898.882048,2.59,55.71,85.09,26.87,111.96,69.59,289.98,144.29,279.5,0.52,0.25,1.04,108.72,174,44.31,120
6944,兆聯實業,綠能環保,32.15,13084153000.0,406972099.533437,24.35,37025513640.156,90.98,24.45,14.12,17.77,31.89,1616.71,2901.35,2224.66,1045.0,2.13,1.55,2.78,40.19,35,63.05,182
6945,圓祥生技,生技醫療業,-5.23,0.0,0.0,0.0,0.0,0.0,0.0,0.0,0.0,0.0,0.0,0.0,0.0,98.9,0.0,0.0,0.0,3.63,20,248.15,176
6910,德鴻,數位雲端類,2.0,65267000.0,32633500.0,0.0,0.0,0.0,15.26,3.89,13.16,17.05,0.0,0.0,0.0,28.0,0.0,0.0,0.0,12.13,29,64.21,78
6913,鴻呈,電子零組件業,4.4,2590078000.0,588654090.9090909,2.65,3241702417.0257206,5.51,30.83,42.3,19.58,61.88,107.89,340.96,169.89,126.0,1.35,0.86,2.71,23.32,171,42.47,79
6914,阜爾運通,其他,9.61,5625004000.0,585328199.7918835,5.04,6117587550.016032,10.45,17.56,7.26,14.31,21.57,149.54,225.41,183.46,142.5,1.29,1.05,1.58,2.47,10,6.53,145
6916,華凌,光電業,-1.43,2011922000.0,0.0,0.0,2190569812.496865,0.0,75.57,171.1,26.71,197.81,0.0,0.0,0.0,22.3,0.0,0.0,0.0,2.29,15,0.0,0
6918,愛派司,化學生技醫療,5.17,630947000.0,122040038.68471953,3.73,1426193518.7469583,11.69,17.79,12.89,14.33,27.22,167.52,318.2,207.98,73.9,2.81,2.27,4.31,38.84,141,0.0,0
6919,康霈*,化學生技醫療,-0.23,38037000.0,0.0,0.0,11113332.459875533,0.0,0.0,0.0,0.0,0.0,0.0,0.0,0.0,109.0,0.0,0.0,0.0,52.3,13,16.67,13
6921,嘉雨思-創,創新板股票,0.34,25431000.0,74797058.8235294,0.0,0.0,0.0,159.43,255.61,50.27,305.88,0.0,0.0,0.0,71.5,0.0,0.0,0.0,65.08,119,65.08,119
6922,宸曜,電腦及週邊設備業,7.05,1695512000.0,240498156.0283688,4.15,2075257963.0172536,8.63,26.6,23.6,17.5,41.1,151.02,354.69,229.54,186.0,1.23,0.81,1.91,24.4,20,24.18,84
6923,中台,綠能環保,3.03,1166339000.0,384930363.03630364,1.68,1264140950.922442,3.28,25.32,23.4,14.31,37.71,46.94,123.69,83.03,77.7,1.07,0.6,1.59,11.94,9,64.69,113
6925,意藍,數位雲端類,3.09,159228000.0,51530097.08737864,1.98,349659606.9857697,6.79,38.85,44.97,19.75,64.72,134.1,439.45,263.82,63.7,4.14,2.11,6.9,4.74,22,29.89,5
4153,鈺緯,生技醫療業,1.53,856515000.0,559813725.4901961,0.84,876787069.4701103,1.57,25.9,22.02,19.32,41.34,30.33,64.9,40.66,30.0,1.36,1.01,2.16,24.83,92,2.2,33
4942,嘉彰,光電業,3.05,6065551000.0,1988705245.9016395,1.4,5804239871.437775,2.92,11.51,7.73,8.42,16.15,24.59,47.16,33.6,37.8,0.89,0.65,1.25,2.58,17,7.37,138
1783,和康生,化學生技醫療,2.97,788475000.0,265479797.97979796,1.58,875792532.9146369,3.3,20.82,17.66,12.63,30.29,41.68,99.96,68.71,38.75,1.77,1.08,2.58,8.74,14,6.8,106
1784,訊聯,生技醫療業,1.02,1218200000.0,1194313725.490196,0.58,1357375590.269516,1.14,70.16,65.71,37.82,103.53,43.11,118.02,79.98,67.0,1.19,0.64,1.76,68.05,30,51.49,180
1785,光洋科,其他電子類,3.14,38281563000.0,12191580573.248407,2.49,64605538806.70786,5.3,27.4,44.36,14.56,58.92,77.17,312.28,145.25,149.0,0.97,0.52,2.1,33.04,17,6.07,177
1786,科妍,化學生技醫療,2.24,885510000.0,395316964.28571427,1.1,891511725.2674954,2.26,34.61,23.78,24.9,48.68,56.27,110.02,78.23,53.5,1.46,1.05,2.06,7.06,63,34.43,36
1788,杏昌,生技醫療業,8.27,4249659000.0,513864449.8186216,4.38,4545964476.919263,8.85,17.23,3.51,14.97,18.48,132.48,163.55,152.49,0.0,0.0,0.0,0.0,1.45,27,0.0,0
1789,神隆,化學生技醫療,0.17,3270288000.0,19236988235.294117,0.08,2914869090.7148104,0.15,70.18,112.71,38.72,151.43,5.81,22.71,10.53,20.55,0.51,0.28,1.11,1.2,13,17.84,107
1795,美時,化學生技醫療,18.13,19522511000.0,1076807004.9641478,15.32,32544283064.471237,30.22,14.74,12.01,9.22,21.23,278.63,641.57,445.52,193.0,2.31,1.44,3.32,8.75,13,44.98,162
1796,金穎生技,食品工業,0.71,670666000.0,944600000.0,0.33,632675509.8553901,0.67,77.11,105.59,24.15,129.74,16.18,86.93,51.66,34.0,1.52,0.48,2.56,9.92,14,45.95,77
1799,易威,生技醫療業,-0.59,598330000.0,0.0,0.0,958759404.3405582,0.0,0.0,0.0,0.0,0.0,0.0,0.0,0.0,30.7,0.0,0.0,0.0,119.14,66,0.0,0
1802,台玻,玻璃陶瓷,-0.2,41862489000.0,0.0,0.0,44259260430.17075,0.0,186.86,505.38,70.0,575.38,0.0,0.0,0.0,71.3,0.0,0.0,0.0,6.03,160,147.06,174
1805,寶徠,建材營造,0.23,297871000.0,1295091304.347826,0.22,292025518.17056096,0.23,38.14,121.99,4.34,126.33,1.0,29.06,8.77,10.35,0.85,0.1,2.81,19.41,62,7.6,28
1806,冠軍,玻璃陶瓷,0.29,3360491000.0,11587900000.0,0.12,2633460221.7740173,0.23,44.37,101.44,26.29,127.73,6.05,29.38,10.2,8.22,1.24,0.74,3.57,30.7,41,7.21,9
1808,潤隆,建材營造,1.36,2508837000.0,1844733088.235294,7.29,252499968184.81952,136.88,11.01,19.27,2.65,21.92,362.73,3000.41,1506.86,32.25,46.72,11.25,93.04,17.54,93,30.44,138
1809,中釉,玻璃陶瓷,0.19,2509135000.0,13205973684.210526,0.09,2470997566.1293163,0.19,127.15,273.98,39.7,313.68,7.54,59.6,24.16,51.4,0.47,0.15,1.16,10.34,22,37.19,61
1810,和成,玻璃陶瓷,0.05,4622865000.0,92457300000.0,0.02,4251708720.2557974,0.05,193.86,510.13,4.87,515.0,0.24,25.75,9.69,19.9,0.49,0.01,1.29,4.86,104,53.65,77
1813,寶利徠,生技醫療業,-1.03,299357000.0,0.0,0.0,284559745.1500591,0.0,148.97,186.76,34.91,221.67,0.0,0.0,0.0,11.85,0.0,0.0,0.0,4.37,22,1.94,9
1815,富喬,電子零組件業,1.64,5946334000.0,3625813414.6341467,1.05,8104049430.213559,2.24,104.64,221.87,46.21,268.08,103.51,600.5,234.39,98.1,2.39,1.06,6.12,11.31,170,143.54,148
1817,凱撒衛,玻璃陶瓷,3.61,2685268000.0,743841551.2465374,1.75,2563024344.8393993,3.45,10.1,2.28,9.22,11.5,31.81,39.68,34.86,40.6,0.86,0.78,0.98,13.71,174,0.71,9
1903,士紙,造紙工業,1.28,153500000.0,119921875.0,0.65,152013439.3648225,1.27,103.53,110.8,36.82,147.62,46.76,187.48,131.48,48.1,2.73,0.97,3.9,0.16,3,7.23,127
1904,正隆,造紙工業,0.74,43601661000.0,58921163513.51351,0.38,44644496441.772606,0.76,44.67,88.25,15.08,103.33,11.46,78.53,33.95,23.1,1.47,0.5,3.4,0.17,2,7.71,37
1905,華紙,造紙工業,-0.56,18948619000.0,0.0,0.0,17681767405.10181,0.0,212.08,36.25,195.0,231.25,0.0,0.0,0.0,17.1,0.0,0.0,0.0,2.06,16,9.05,127
1781,合世,生技醫療業,-1.3,405453000.0,0.0,0.0,378714813.5411512,0.0,38.46,23.44,23.53,46.97,0.0,0.0,0.0,12.0,0.0,0.0,0.0,24.17,20,1.01,6
1906,寶隆,造紙工業,0.01,2994442000.0,299444200000.0,0.01,3143245191.0942736,0.01,256.74,1371.47,18.53,1390.0,0.19,13.9,2.57,11.45,0.22,0.02,1.21,1.27,15,7.48,104
1777,生泰,生技醫療業,5.86,1311930000.0,223878839.59044367,2.54,1171867889.7114818,5.23,12.31,8.36,8.8,17.16,46.02,89.75,64.4,72.4,0.89,0.64,1.24,16.8,23,0.57,14
1776,展宇,化學工業,0.27,1096645000.0,4061648148.148148,0.14,1003994648.3596232,0.25,39.71,72.84,19.1,91.94,4.78,22.98,9.93,18.75,0.53,0.25,1.23,47.22,97,0.0,0
1727,中華化,化學工業,0.04,1937304000.0,48432600000.0,0.02,2328133746.404884,0.05,298.31,2041.47,38.53,2080.0,1.93,104.0,14.92,94.1,0.16,0.02,1.11,43.88,127,97.99,160
1730,花仙子,化學工業,4.5,2407003000.0,534889555.5555556,2.29,2430695738.736031,4.54,13.25,5.81,11.32,17.13,51.39,77.77,60.15,53.0,1.13,0.97,1.47,0.71,42,1.07,14
1731,美吾華,化學生技醫療,1.36,1565385000.0,1151018382.352941,0.75,1709054444.9390225,1.48,17.23,4.9,15.21,20.11,22.51,29.76,25.51,21.8,1.17,1.03,1.37,2.33,8,0.0,0
1732,毛寶,化學工業,0.7,678784000.0,969691428.5714287,0.36,716314726.6567415,0.74,227.51,1543.44,29.06,1572.5,21.5,1163.65,168.35,26.3,6.4,0.82,44.25,2.95,8,13.53,47
1733,五鼎,化學生技醫療,1.63,1972447000.0,1210090184.04908,0.79,1729204952.9679334,1.43,22.7,17.43,15.6,33.03,22.31,47.23,32.46,29.3,1.11,0.76,1.61,8.27,21,29.53,125
1734,杏輝,化學生技醫療,1.97,3339984000.0,1695423350.253807,1.03,3544254611.2965765,2.09,17.22,5.71,14.14,19.85,29.55,41.49,35.99,31.9,1.13,0.93,1.3,1.43,13,2.18,13
1735,日勝化,化學工業,0.78,2318838000.0,2972869230.769231,0.43,2389375194.8109565,0.8,26.35,31.99,14.23,46.22,11.38,36.98,21.08,23.15,0.91,0.49,1.6,57.26,78,0.0,0
1737,臺鹽,食品工業,2.0,3285077000.0,1642538500.0,0.97,3149727315.0182576,1.92,18.88,7.37,15.7,23.07,30.14,44.29,36.24,31.8,1.14,0.95,1.39,5.47,92,2.14,62
1742,台蠟,化學工業,-1.08,115292000.0,0.0,0.0,66466311.37925256,0.0,29.36,46.51,11.23,57.74,0.0,0.0,0.0,15.6,0.0,0.0,0.0,13.91,105,2.48,13
1752,南光,化學生技醫療,2.41,2183273000.0,905922406.6390041,1.2,2106338395.437212,2.33,22.01,29.71,12.7,42.41,29.59,98.82,51.27,32.8,1.56,0.9,3.01,3.95,6,9.74,82
1760,寶齡富錦,化學生技醫療,2.22,2040077000.0,918953603.6036035,1.17,2191725946.4921727,2.39,52.04,65.67,23.9,89.57,57.12,214.07,124.36,59.9,2.08,0.95,3.57,4.78,8,0.0,0
1762,中化生,化學生技醫療,-4.4,852565000.0,0.0,0.0,1123332743.9416707,0.0,48.62,89.35,26.03,115.38,0.0,0.0,0.0,35.5,0.0,0.0,0.0,6.81,24,10.5,49
1773,勝一,化學工業,7.12,11492653000.0,1614136657.3033707,3.94,13251939461.914253,8.21,22.01,11.92,15.6,27.52,128.08,225.94,180.71,180.0,1.0,0.71,1.26,14.02,93,26.64,75
1726,永記,化學生技醫療,5.5,9902046000.0,1800372000.0,2.94,10066969436.30644,5.59,14.16,2.82,12.85,15.67,71.83,87.6,79.16,78.4,1.01,0.92,1.12,2.59,28,1.28,13
1907,永豐餘,造紙工業,1.19,74277975000.0,62418466386.55463,0.61,74727961455.95032,1.2,27.46,20.94,17.14,38.08,20.57,45.7,32.95,28.2,1.17,0.73,1.62,10.83,105,13.27,159
2002,中鋼,鋼鐵工業,-0.28,321244068000.0,0.0,0.0,308557406639.8655,0.0,131.06,146.88,69.62,216.5,0.0,0.0,0.0,19.1,0.0,0.0,0.0,1.71,111,7.33,58
2061,風青,電器電纜,-0.97,1210025000.0,0.0,0.0,1283386511.023362,0.0,64.43,17.92,53.19,71.11,0.0,0.0,0.0,52.8,0.0,0.0,0.0,17.4,44,6.58,104
2063,世鎧,鋼鐵工業,1.72,994859000.0,578406395.3488373,0.83,901068118.6616362,1.56,15.64,11.59,9.45,21.04,14.74,32.82,24.41,24.95,0.98,0.59,1.32,0.19,3,0.0,0
2064,晉椿,鋼鐵工業,-1.3,1601553000.0,0.0,0.0,1828490526.4569929,0.0,0.0,0.0,0.0,0.0,0.0,0.0,0.0,13.4,0.0,0.0,0.0,9.97,101,3.19,8
2065,世豐,鋼鐵工業,1.14,2055565000.0,1803127192.9824562,0.63,2107035551.0208702,1.17,22.0,36.3,10.34,46.64,12.1,54.57,25.73,34.5,0.75,0.35,1.58,0.0,0,0.0,0
2066,世德,電機機械,1.34,2575247000.0,1921826119.4029849,0.72,2651704619.7737784,1.38,22.95,41.19,10.57,51.76,14.59,71.43,31.67,64.7,0.49,0.23,1.1,2.21,28,1.41,8
2067,嘉鋼,電機機械,-2.8,1025197000.0,0.0,0.0,927131680.8372357,0.0,0.0,0.0,0.0,0.0,0.0,0.0,0.0,6.6,0.0,0.0,0.0,18.42,21,89.1,125
2069,運錩,鋼鐵工業,1.62,10193120000.0,6292049382.716049,0.8,9225914303.167896,1.47,24.82,120.98,6.21,127.19,9.13,186.97,36.49,18.8,1.94,0.49,9.95,23.71,101,7.64,182
2070,精湛,電機機械,2.3,654366000.0,284506956.5217391,1.3,813638536.5781721,2.86,21.44,30.87,13.91,44.78,39.78,128.07,61.31,68.2,0.9,0.58,1.88,174.23,97,14.2,107
2072,世紀風電,綠能環保,14.43,0.0,0.0,0.0,0.0,0.0,14.25,3.25,12.66,15.91,0.0,0.0,0.0,174.0,0.0,0.0,0.0,0.0,0,13.55,12
2073,雄順,鋼鐵工業,-0.39,567661000.0,0.0,0.0,611705460.297459,0.0,82.17,185.01,37.68,222.69,0.0,0.0,0.0,25.5,0.0,0.0,0.0,1.3,13,0.0,0
2101,南港,橡膠工業,1.01,8402501000.0,8319307920.792079,1.24,19746983192.90944,2.37,42.99,240.71,8.42,249.13,19.96,590.44,101.88,32.45,3.14,0.62,18.2,1.06,2,23.33,89
2102,泰豐,橡膠工業,6.29,262413000.0,41719077.901430845,2.21,181413335.11680087,4.35,2.95,0.48,2.74,3.22,11.92,14.01,12.81,18.35,0.7,0.65,0.76,18.29,55,1.62,6
2103,台橡,橡膠工業,0.54,36853803000.0,68247783333.33333,0.31,39095470023.02242,0.57,38.97,159.75,13.58,173.33,7.74,98.8,22.21,21.4,1.04,0.36,4.62,5.85,112,1.66,42
2104,國際中橡,橡膠工業,-4.27,15544371000.0,0.0,0.0,12646564993.62074,0.0,0.0,0.0,0.0,0.0,0.0,0.0,0.0,10.35,0.0,0.0,0.0,1.43,17,13.57,56
2105,正新,橡膠工業,1.5,91262756000.0,60841837333.333336,0.77,92525996068.26642,1.52,19.77,6.6,16.88,23.48,25.66,35.69,30.06,29.65,1.01,0.87,1.2,7.8,153,5.9,36
2106,建大,橡膠工業,0.13,33973366000.0,261333584615.3846,0.07,34127455522.581387,0.13,46.44,128.05,15.8,143.85,2.05,18.7,6.04,17.85,0.34,0.11,1.05,4.53,7,1.99,36
2107,厚生,橡膠工業,1.67,1476855000.0,884344311.3772455,0.75,1305906226.0931687,1.48,14.39,6.29,12.08,18.37,17.88,27.19,21.3,25.4,0.84,0.7,1.07,5.02,44,0.6,36
2108,南帝,橡膠工業,0.84,9722020000.0,11573833333.333334,0.5,11089573577.568815,0.96,28.26,18.52,18.43,36.95,17.69,35.47,27.12,28.7,0.94,0.62,1.24,27.46,20,5.19,75
2109,華豐,橡膠工業,1.16,4571076000.0,3940582758.62069,0.58,4302965689.704752,1.09,11.66,3.74,10.06,13.8,10.97,15.04,12.71,14.65,0.87,0.75,1.03,6.91,21,0.0,0
2114,鑫永銓,橡膠工業,5.78,1583164000.0,273903806.2283737,2.99,1717967163.010089,6.27,16.81,3.9,15.1,19.0,94.68,119.13,105.39,89.0,1.18,1.06,1.34,1.97,2,2.07,75
2115,六暉-KY,汽車工業,1.58,2976173000.0,1883653797.4683545,0.9,3196699090.366757,1.7,16.11,24.48,11.31,35.79,19.23,60.84,27.39,20.6,1.33,0.93,2.95,1.64,21,1.27,13
2201,裕隆,汽車工業,0.93,74182384000.0,79766004301.07527,0.44,70021535067.64772,0.88,17.04,25.86,8.43,34.29,7.42,30.18,15.0,28.1,0.53,0.26,1.07,1.44,2,25.83,149
2204,中華,汽車工業,5.47,31570356000.0,5771545886.654479,3.12,35494453301.512856,6.15,10.21,6.25,7.32,13.57,45.02,83.46,62.78,55.3,1.14,0.81,1.51,5.14,24,0.16,96
2059,川湖,電子零組件業,103.23,16900584000.0,163717756.46614355,82.82,28937721818.514492,176.75,34.73,44.7,18.66,63.36,3298.16,11198.88,6139.14,6865.0,0.89,0.48,1.63,36.32,170,100.47,141
1909,榮成,造紙工業,-0.39,45295774000.0,0.0,0.0,46769034361.11694,0.0,226.92,32.5,215.0,247.5,0.0,0.0,0.0,10.2,0.0,0.0,0.0,6.83,108,28.51,163
2038,海光,鋼鐵工業,-0.56,9134021000.0,0.0,0.0,7286385420.140985,0.0,146.14,363.21,43.79,407.0,0.0,0.0,0.0,13.85,0.0,0.0,0.0,1.48,2,10.26,62
2002A,中鋼特,鋼鐵工業,0.0,0.0,0.0,0.0,0.0,0.0,0.0,0.0,0.0,0.0,0.0,0.0,0.0,38.3,0.0,0.0,0.0,0.69,31,0.87,19
2006,東和鋼鐵,鋼鐵工業,6.47,58516403000.0,9044266306.02782,3.26,55920569276.86373,6.18,10.95,3.17,9.72,12.89,60.07,79.66,67.68,69.5,0.97,0.86,1.15,19.06,111,14.84,168
2007,燁興,鋼鐵工業,-2.25,5443582000.0,0.0,0.0,3943168504.2144513,0.0,0.0,0.0,0.0,0.0,0.0,0.0,0.0,7.39,0.0,0.0,0.0,5.96,3,18.63,62
2008,高興昌,鋼鐵工業,0.69,1838397000.0,2664343478.26087,0.29,1462220577.0223558,0.55,64.46,94.81,12.69,107.5,6.98,59.13,35.45,30.8,1.15,0.23,1.92,58.75,73,21.26,175
2009,第一銅,鋼鐵工業,0.33,2899358000.0,8785933333.333332,0.19,3432834727.381848,0.39,93.96,133.7,40.41,174.11,15.76,67.9,36.64,39.5,0.93,0.4,1.72,3.59,16,44.7,169
2010,春源,鋼鐵工業,2.31,24455890000.0,10586965367.965368,1.19,25780843305.764618,2.44,11.02,6.45,8.81,15.26,21.5,37.23,26.9,24.85,1.08,0.87,1.5,1.74,3,14.21,61
2012,春雨,鋼鐵工業,0.2,8494670000.0,42473350000.0,0.09,7291767496.045274,0.17,33.55,66.74,17.01,83.75,2.89,14.24,5.7,14.6,0.39,0.2,0.98,11.94,69,0.0,0
2013,中鋼構,鋼鐵工業,3.19,21092061000.0,6611931347.962382,1.51,19199419249.880016,2.9,16.2,8.32,12.94,21.26,37.53,61.65,46.97,42.9,1.09,0.87,1.44,1.03,3,5.06,15
2014,中鴻,鋼鐵工業,-1.29,19913319000.0,0.0,0.0,16147736303.786528,0.0,0.0,0.0,0.0,0.0,0.0,0.0,0.0,17.7,0.0,0.0,0.0,4.56,105,16.1,61
2015,豐興,鋼鐵工業,3.88,29857638000.0,7695267525.773196,1.82,25532310547.517628,3.32,16.82,7.04,12.98,20.02,43.09,66.47,55.84,60.7,0.92,0.71,1.1,18.19,125,8.93,14
2017,官田鋼,鋼鐵工業,-0.55,2762431000.0,0.0,0.0,2611423811.760323,0.0,52.15,93.4,29.93,123.33,0.0,0.0,0.0,9.33,0.0,0.0,0.0,0.34,30,8.61,62
2020,美亞,鋼鐵工業,2.13,4732647000.0,2221900000.0,0.95,4539737543.989524,2.04,9.27,8.43,4.64,13.07,9.47,26.66,18.92,21.75,0.87,0.44,1.23,1.53,8,6.86,58
2022,聚亨,鋼鐵工業,-0.02,9138401000.0,0.0,0.0,13541552097.471617,0.0,108.69,122.39,55.94,178.33,0.0,0.0,0.0,7.72,0.0,0.0,0.0,0.44,3,18.24,62
2023,燁輝,鋼鐵工業,-1.85,68592648000.0,0.0,0.0,61423116123.83433,0.0,0.0,0.0,0.0,0.0,0.0,0.0,0.0,13.95,0.0,0.0,0.0,8.22,108,4.85,99
2024,志聯,鋼鐵工業,-0.06,998528000.0,0.0,0.0,959485998.9851235,0.0,258.8,554.91,88.42,643.33,0.0,0.0,0.0,14.1,0.0,0.0,0.0,8.26,58,12.21,107
2025,千興,鋼鐵工業,-0.17,849427000.0,0.0,0.0,1729843250.301467,0.0,45.02,77.38,18.25,95.63,0.0,0.0,0.0,14.1,0.0,0.0,0.0,5.24,2,0.68,6
2027,大成鋼,鋼鐵工業,2.89,100432504000.0,34751731487.889275,1.82,127597123409.88385,3.67,19.92,28.4,11.52,39.92,42.28,146.51,73.11,41.0,1.78,1.03,3.57,7.32,38,22.97,51
2028,威致,鋼鐵工業,0.28,8491960000.0,30328428571.42857,0.16,8665644115.24953,0.29,38.31,72.66,16.25,88.91,4.71,25.78,11.11,16.6,0.67,0.28,1.55,3.77,104,12.9,35
2029,盛餘,鋼鐵工業,0.74,13822378000.0,18678889189.18919,0.34,11436423276.30128,0.61,17.03,23.24,10.95,34.19,6.68,20.86,10.39,20.6,0.5,0.32,1.01,0.36,16,4.95,51
2030,彰源,鋼鐵工業,0.34,10238365000.0,30112838235.294117,0.19,10765522794.5853,0.36,33.4,51.16,10.94,62.1,3.94,22.36,12.02,18.55,0.65,0.21,1.21,6.35,104,0.0,0
2031,新光鋼,鋼鐵工業,3.29,17286364000.0,5254213981.7629175,1.72,15825791238.754929,3.01,14.22,32.76,5.79,38.55,17.43,116.04,42.8,39.05,1.1,0.45,2.97,0.0,0,7.43,61
2032,新鋼,鋼鐵工業,0.56,3043460000.0,5434749999.999999,0.3,3265994155.6865196,0.6,77.42,558.3,18.37,576.67,11.02,346.0,46.45,17.6,2.64,0.63,19.66,1.17,3,14.69,61
2033,佳大,鋼鐵工業,0.35,690733000.0,1973522857.1428573,0.18,716927843.3106757,0.36,89.48,157.34,43.29,200.63,15.58,72.23,32.21,15.75,2.05,0.99,4.59,67.81,149,25.86,104
2034,允強,鋼鐵工業,0.2,12892899000.0,64464495000.0,0.09,10697653277.753738,0.17,102.23,20.71,95.24,115.95,16.19,19.71,17.38,20.85,0.83,0.78,0.95,1.78,3,7.8,16
2035,唐榮,鋼鐵工業,-4.71,9598781000.0,0.0,0.0,9829546554.484407,0.0,0.0,0.0,0.0,0.0,0.0,0.0,0.0,28.2,0.0,0.0,0.0,0.91,160,0.0,0
2049,上銀,電機機械,4.3,24106189000.0,5606090465.11628,2.42,27485184246.193386,4.9,48.45,57.08,32.14,89.22,157.49,437.18,237.4,335.0,0.71,0.47,1.31,36.36,183,6.78,112
2206,三陽工業,汽車工業,5.78,62818867000.0,10868316089.965397,2.8,60600464142.40796,5.58,10.67,3.51,8.79,12.3,49.05,68.63,59.54,61.6,0.97,0.8,1.11,2.74,28,1.06,83
1725,元禎,化學工業,1.52,8074797000.0,5312366447.368421,0.87,8910334683.357998,1.68,21.39,29.91,12.49,42.4,20.98,71.23,35.94,37.45,0.96,0.56,1.9,14.97,17,2.33,8
1522,堤維西,汽車工業,1.72,23266762000.0,13527187209.302326,1.02,33833124583.607822,2.5,25.43,102.59,8.86,111.45,22.15,278.62,63.59,32.1,1.98,0.69,8.68,5.96,7,10.13,132
1522A,堤維西甲特,汽車工業,0.0,0.0,0.0,0.0,0.0,0.0,0.0,0.0,0.0,0.0,0.0,0.0,0.0,0.0,0.0,0.0,0.0,3.04,153,2.35,28
1524,耿鼎,汽車工業,1.95,2712548000.0,1391050256.4102564,0.89,2274902720.301619,1.64,11.91,14.8,7.7,22.5,12.63,36.9,19.53,29.95,0.65,0.42,1.23,16.83,177,15.77,132
1525,江申,汽車工業,3.21,1254025000.0,390661993.7694704,1.62,1312069598.1150014,3.36,18.25,30.8,14.08,44.88,47.31,150.8,61.31,66.0,0.93,0.72,2.28,0.65,3,13.28,82
1526,日馳,電機機械,-0.11,763306000.0,0.0,0.0,658604423.335606,0.0,0.0,0.0,0.0,0.0,0.0,0.0,0.0,14.55,0.0,0.0,0.0,0.93,13,1.01,6
1527,鑽全,電機機械,1.52,2910053000.0,1914508552.631579,0.66,2446433857.2910004,1.28,18.18,27.12,9.8,36.92,12.54,47.26,23.27,33.3,0.7,0.38,1.42,8.32,71,4.67,44
1528,恩德,電機機械,-0.35,2876650000.0,0.0,0.0,2998043959.078445,0.0,0.0,0.0,0.0,0.0,0.0,0.0,0.0,25.4,0.0,0.0,0.0,65.91,127,67.83,61
1529,樂事綠能,電機機械,1.01,853549000.0,845098019.8019801,0.62,915944253.5005794,1.08,444.29,2957.46,17.54,2975.0,18.94,3213.0,479.84,22.9,20.95,0.83,140.31,18.47,31,0.18,6
1530,亞崴,電機機械,-2.39,1972715000.0,0.0,0.0,1727167772.4685388,0.0,23.8,40.35,5.26,45.61,0.0,0.0,0.0,30.55,0.0,0.0,0.0,13.44,73,0.0,0
1531,高林股,電機機械,-0.12,1519930000.0,0.0,0.0,1335242567.5471447,0.0,62.95,157.09,19.91,177.0,0.0,0.0,0.0,12.9,0.0,0.0,0.0,22.92,163,9.66,19
1532,勤美,電機機械,0.99,15470842000.0,15627113131.313131,0.42,16814563301.401134,1.08,25.89,87.03,6.97,94.0,7.53,101.52,27.97,24.0,1.17,0.31,4.23,0.0,0,3.11,162
1533,車王電,汽車工業,0.57,4266318000.0,7484768421.052632,0.34,5574900501.385768,0.74,48.57,38.93,20.64,59.57,15.27,44.08,35.94,38.2,0.94,0.4,1.15,3.34,15,24.83,141
1535,中宇,電機機械,4.0,11721845000.0,2930461250.0,1.47,8962781210.821547,3.06,13.86,4.87,11.31,16.18,34.61,49.51,42.42,50.4,0.84,0.69,0.98,4.86,16,1.05,13
1536,和大,汽車工業,-2.75,4736402000.0,0.0,0.0,4752409276.6880245,0.0,1937.34,6554.12,45.88,6600.0,0.0,0.0,0.0,48.7,0.0,0.0,0.0,32.04,27,18.73,71
1537,廣隆,電機機械,7.95,6744803000.0,848402893.081761,4.04,6446450124.584412,7.6,14.41,6.43,10.9,17.33,82.84,131.71,109.49,127.5,0.86,0.65,1.03,11.22,161,3.2,61
1538,正峰,電機機械,-1.59,121225000.0,0.0,0.0,62471012.144814216,0.0,0.0,0.0,0.0,0.0,0.0,0.0,0.0,0.0,0.0,0.0,0.0,22.0,10,4.95,33
1539,巨庭,電機機械,0.21,1323001000.0,6300004761.904762,0.08,995252478.5972071,0.16,61.28,402.44,11.31,413.75,1.81,66.2,9.81,15.7,0.62,0.12,4.22,45.53,97,14.92,8
1540,喬福,電機機械,1.11,494539000.0,445530630.6306306,0.45,387395419.9733563,0.87,20.79,24.74,11.25,35.99,9.79,31.31,18.08,21.9,0.83,0.45,1.43,141.3,99,0.0,0
1541,錩泰,電機機械,2.31,3631236000.0,1571963636.3636363,0.79,2472862841.7726636,1.57,41.06,195.38,8.85,204.23,13.89,320.64,64.46,22.0,2.93,0.63,14.57,14.31,73,0.0,0
1558,伸興,電機機械,5.52,8215440000.0,1488304347.826087,2.66,7872967293.354025,5.29,17.27,7.81,13.07,20.88,69.14,110.46,91.37,91.5,1.0,0.76,1.21,17.41,93,5.0,14
1560,中砂,電機機械,9.28,8044403000.0,866853771.5517242,5.41,9912090137.505182,11.43,47.26,49.91,23.27,73.18,265.98,836.45,540.21,700.0,0.77,0.38,1.19,29.81,121,29.11,180
1563,巧新,汽車工業,1.38,7062178000.0,5117520289.855073,0.7,7065024365.11374,1.38,26.85,145.32,13.54,158.86,18.69,219.23,37.05,67.7,0.55,0.28,3.24,5.41,3,0.0,0
1565,精華,生技醫療業,9.02,4213443000.0,467122283.8137472,3.86,3411162059.9936385,7.3,13.32,11.33,9.48,20.81,69.2,151.91,97.25,93.9,1.04,0.74,1.62,26.98,155,2.81,48
1568,倉佑,汽車工業,1.36,1024194000.0,753083823.5294117,0.74,1074047067.0239174,1.43,18.87,28.94,8.22,37.16,11.75,53.14,26.98,46.05,0.59,0.26,1.15,22.22,28,3.77,76
1569,濱川,電腦及週邊設備業,-5.63,3317106000.0,0.0,0.0,3115597263.828499,0.0,152.38,46.94,131.67,178.61,0.0,0.0,0.0,48.7,0.0,0.0,0.0,199.37,176,22.9,124
1521,大億,汽車工業,0.87,3577067000.0,4111571264.367816,0.49,4169774128.2652044,1.01,60.21,199.63,18.61,218.24,18.8,220.42,60.82,26.6,2.29,0.71,8.29,1.4,17,0.0,0
1570,力肯,電機機械,0.58,541569000.0,933739655.1724138,0.26,461567269.32669216,0.49,36.75,147.49,8.76,156.25,4.29,76.56,18.01,41.9,0.43,0.1,1.83,1.35,1,47.77,107
1519,華城,電機機械,14.26,24042291000.0,1685995161.2903225,7.34,25482171120.38286,15.11,48.99,67.74,21.53,89.27,325.32,1348.87,740.2,833.0,0.89,0.39,1.62,7.41,16,35.63,177
1516,川飛,其他,0.03,86650000.0,2888333333.3333335,0.02,90708654.01358175,0.03,225.07,1076.3,21.2,1097.5,0.64,32.92,6.75,20.5,0.33,0.03,1.61,6.34,22,29.59,183
1459,聯發,紡織纖維,0.81,1252518000.0,1546318518.5185184,0.31,889821534.748656,0.58,27.77,93.91,7.45,101.36,4.32,58.79,16.1,11.8,1.36,0.37,4.98,1.83,30,5.17,50
1460,宏遠,紡織纖維,-0.27,7646438000.0,0.0,0.0,6131833407.71213,0.0,0.0,0.0,0.0,0.0,0.0,0.0,0.0,7.2,0.0,0.0,0.0,6.77,20,3.91,12
1463,強盛新,紡織纖維,0.14,1170751000.0,8362507142.857142,0.01,137131862.3692233,0.02,34.54,146.91,4.63,151.54,0.09,3.03,0.69,17.6,0.04,0.01,0.17,31.78,57,10.13,119
1464,得力,紡織纖維,0.34,12545008000.0,36897082352.94118,0.17,11786734782.606833,0.32,28.31,86.41,9.92,96.33,3.17,30.83,9.06,10.3,0.88,0.31,2.99,23.18,171,6.27,47
1465,偉全,紡織纖維,-0.33,363972000.0,0.0,0.0,378823323.5759409,0.0,35.0,64.14,15.33,79.47,0.0,0.0,0.0,12.5,0.0,0.0,0.0,3.3,112,2.61,48
1466,聚隆,紡織纖維,-1.07,2644622000.0,0.0,0.0,2243588947.477687,0.0,63.67,105.51,31.63,137.14,0.0,0.0,0.0,14.3,0.0,0.0,0.0,21.51,147,13.6,125
1467,南緯,紡織纖維,-0.46,5217867000.0,0.0,0.0,5034463990.483037,0.0,31.58,39.67,15.33,55.0,0.0,0.0,0.0,7.28,0.0,0.0,0.0,8.41,23,1.85,15
1468,昶和,紡織纖維,0.2,852022000.0,4260110000.0,0.06,495784440.4229948,0.12,47.43,122.77,12.23,135.0,1.47,16.2,5.69,12.0,0.47,0.12,1.35,4.44,13,1.39,36
1470,大統新創,紡織纖維,0.78,791565000.0,1014826923.076923,0.38,723629704.7296028,0.71,29.79,22.75,18.19,40.94,12.91,29.07,21.15,0.0,0.0,0.0,0.0,24.88,66,6.91,120
1471,首利,電子工業,0.03,195999000.0,6533300000.0,0.01,86394760.8199403,0.01,267.37,680.16,39.84,720.0,0.4,7.2,2.67,10.95,0.24,0.04,0.66,2.18,29,0.0,0
1473,台南,紡織纖維,0.57,7006641000.0,12292352631.578949,0.26,5439800510.900978,0.44,15.96,34.46,8.79,43.25,3.87,19.03,7.02,20.2,0.35,0.19,0.94,8.25,3,20.86,125
1474,弘裕,紡織纖維,0.34,2954273000.0,8689038235.294117,0.17,2769450757.541186,0.32,31.01,64.5,11.68,76.18,3.74,24.38,9.92,10.25,0.97,0.36,2.38,4.96,21,5.53,9
1475,業旺,紡織纖維,2.72,1501811000.0,552136397.0588235,1.33,1364603094.6728501,2.47,9.54,9.18,5.44,14.62,13.44,36.11,23.56,27.4,0.86,0.49,1.32,18.85,43,8.15,14
1476,儒鴻,紡織纖維,20.1,38111954000.0,1896117114.4278605,10.15,38148102933.69108,20.12,20.25,13.03,13.24,26.27,266.39,528.55,407.42,327.0,1.25,0.81,1.62,10.06,143,10.43,16
1477,聚陽,紡織纖維,14.65,34751748000.0,2372132969.2832766,7.34,33064483894.173088,13.94,18.88,13.98,13.1,27.08,182.61,377.5,263.13,221.5,1.19,0.82,1.7,22.15,31,33.47,161
1503,士電,電機機械,6.28,36565338000.0,5822506050.955414,3.79,42196597399.37405,7.25,33.54,38.46,19.54,58.0,141.66,420.5,243.19,241.5,1.01,0.59,1.74,12.78,27,9.09,138
1504,東元,電機機械,2.42,58304590000.0,24092805785.123966,1.29,63338086829.77579,2.63,25.67,31.72,16.32,48.04,42.92,126.35,67.51,70.0,0.96,0.61,1.8,0.74,2,127.19,124
1506,正道,電機機械,0.06,1082820000.0,18047000000.0,0.03,1159798351.820979,0.06,131.05,231.54,58.46,290.0,3.51,17.4,7.86,10.3,0.76,0.34,1.69,9.06,24,22.36,75
1512,瑞利,汽車工業,0.19,1126766000.0,5930347368.421053,0.1,1202881085.6011124,0.2,32.94,16.2,24.96,41.16,4.99,8.23,6.59,7.25,0.91,0.69,1.14,0.0,0,20.64,19
1513,中興電,電機機械,8.07,27235004000.0,3374845600.991326,4.08,28190167653.545925,8.35,23.73,50.35,14.53,64.88,121.33,541.75,198.15,176.5,1.12,0.69,3.07,25.27,27,3.94,72
1514,亞力,電機機械,3.32,10435225000.0,3143140060.240964,1.72,11559983378.430376,3.68,36.23,22.27,25.63,47.9,94.32,176.27,133.31,121.5,1.1,0.78,1.45,11.11,22,0.0,0
1515,力山,電機機械,0.97,5144303000.0,5303405154.639175,0.44,5796758344.593213,1.09,23.92,60.79,8.59,69.38,9.36,75.62,26.08,25.9,1.01,0.36,2.92,6.04,20,14.54,75
1517,利奇,電機機械,-0.69,2050514000.0,0.0,0.0,1812135874.2099564,0.0,0.0,0.0,0.0,0.0,0.0,0.0,0.0,10.5,0.0,0.0,0.0,8.04,29,33.8,118
1580,新麥,電機機械,12.54,4988857000.0,397835486.4433812,5.77,4604990826.355901,11.58,10.9,4.42,8.61,13.03,99.7,150.89,126.23,124.0,1.02,0.8,1.22,1.89,6,6.03,50
1582,信錦,電子零組件業,3.45,8857470000.0,2567382608.695652,1.63,8105514800.261255,3.16,16.77,33.45,10.0,43.45,31.6,137.3,52.99,93.8,0.56,0.34,1.46,1.71,92,0.0,0
1708,東鹼,化學生技醫療,3.28,6180360000.0,1884256097.5609758,1.76,6796269949.939411,3.61,12.23,21.6,7.36,28.96,26.57,104.55,44.15,50.3,0.88,0.53,2.08,31.88,155,6.49,169
1709,和益,化學工業,1.23,9076666000.0,7379403252.03252,0.65,8723460705.721174,1.18,15.18,14.39,10.42,24.81,12.3,29.28,17.91,21.25,0.84,0.58,1.38,27.95,31,5.35,62
1710,東聯,化學工業,-1.01,22752814000.0,0.0,0.0,19898523341.672653,0.0,722.11,270.0,597.5,867.5,0.0,0.0,0.0,13.65,0.0,0.0,0.0,9.59,92,5.28,61
1711,永光,化學工業,-0.2,7633140000.0,0.0,0.0,7805965377.984385,0.0,87.8,187.61,32.39,220.0,0.0,0.0,0.0,45.3,0.0,0.0,0.0,48.3,94,31.74,84
1712,興農,化學工業,2.6,18555010000.0,7136542307.692307,1.39,19124754195.043728,2.68,17.12,4.53,15.22,19.75,40.79,52.93,45.87,39.3,1.17,1.04,1.35,13.34,146,6.54,119
1713,國化,化學工業,3.86,462367000.0,119784196.89119172,2.05,493623345.7604593,4.12,10.39,24.49,4.15,28.64,17.1,118.0,42.82,50.0,0.86,0.34,2.36,6.64,28,1.45,44
1714,和桐,化學工業,0.5,23123551000.0,46247102000.0,0.36,35495364611.606575,0.77,21.15,27.43,12.76,40.19,9.83,30.95,16.28,20.35,0.8,0.48,1.52,4.46,17,8.3,141
1717,長興,化學工業,1.41,40929375000.0,29027925531.914894,0.76,42719452548.43521,1.47,26.93,43.39,15.26,58.65,22.43,86.22,39.58,72.4,0.55,0.31,1.19,13.64,101,81.1,75
1718,中纖,化學工業,0.09,46499190000.0,516657666666.6667,0.04,45705809375.52945,0.09,181.47,344.71,26.29,371.0,2.37,33.39,16.33,9.86,1.66,0.24,3.39,12.9,30,16.12,168
1720,生達,化學生技醫療,5.19,6996447000.0,1348063005.7803466,2.58,7060073576.348707,5.24,12.73,5.58,10.45,16.03,54.76,84.0,66.7,62.9,1.06,0.87,1.34,10.07,38,12.17,168
1721,三晃,化學工業,-1.85,1749814000.0,0.0,0.0,1617890433.6366537,0.0,0.0,0.0,0.0,0.0,0.0,0.0,0.0,23.8,0.0,0.0,0.0,81.66,111,16.6,84
1722,台肥,化學工業,0.95,12159186000.0,12799143157.894737,0.53,12988555281.825476,1.01,31.73,37.31,16.06,53.37,16.22,53.9,32.05,48.15,0.67,0.34,1.12,1.71,6,1.1,9
1723,中碳,化學工業,2.65,5957830000.0,2248237735.8490567,1.4,5834247856.848132,2.6,21.19,20.07,16.22,36.29,42.17,94.35,55.08,87.0,0.63,0.48,1.08,2.3,7,1.98,15
1707,葡萄王,生技醫療業,8.22,10614460000.0,1291296836.9829683,3.64,9727736691.579063,7.53,14.58,4.32,12.45,16.77,93.75,126.28,109.82,99.7,1.1,0.94,1.27,0.0,0,4.21,36
1702,南僑,食品工業,1.11,23430771000.0,21108802702.7027,0.55,22660377924.759323,1.07,17.28,36.28,10.04,46.32,10.74,49.56,18.49,31.8,0.58,0.34,1.56,4.82,111,0.24,2
1583,程泰,電機機械,-4.78,3907346000.0,0.0,0.0,4172481117.801585,0.0,19.58,55.34,3.99,59.33,0.0,0.0,0.0,50.3,0.0,0.0,0.0,3.95,17,2.25,8
1584,精剛,其他,0.45,2604026000.0,5786724444.444445,0.19,2108191433.655173,0.36,61.59,224.42,7.85,232.27,2.83,83.62,22.17,19.65,1.13,0.14,4.26,27.85,64,15.5,71
1586,和勤,電機機械,-0.36,2321202000.0,0.0,0.0,2323352483.608253,0.0,76.67,153.23,42.19,195.42,0.0,0.0,0.0,21.3,0.0,0.0,0.0,16.08,22,16.54,50
1587,吉茂,汽車工業,0.38,2594055000.0,6826460526.315789,0.21,3098132243.2244067,0.45,144.08,203.53,66.95,270.48,30.13,121.72,64.84,28.05,2.31,1.07,4.34,3.93,10,68.87,183
1590,亞德客-KY,電機機械,42.01,33793633000.0,804418781.2425613,26.82,42581225322.809364,52.93,24.35,19.19,17.71,36.9,937.39,1953.12,1288.84,1380.0,0.93,0.68,1.42,1.44,7,8.87,141
1597,直得,電機機械,0.92,1100199000.0,1195868478.2608695,0.62,1590164292.2391868,1.33,113.62,138.93,56.67,195.6,75.37,260.15,151.12,158.0,0.96,0.48,1.65,74.33,52,7.0,54
1599,宏佳騰,電機機械,-0.83,1853729000.0,0.0,0.0,1976970135.0436707,0.0,146.58,410.59,16.91,427.5,0.0,0.0,0.0,23.4,0.0,0.0,0.0,12.23,43,13.82,48
1603,華電,電器電纜,3.25,5327948000.0,1639368615.3846154,1.77,5582776455.814573,3.41,11.77,5.85,9.07,14.92,30.93,50.88,40.12,31.7,1.27,0.98,1.61,0.1,1,0.0,0
1604,聲寶,電器電纜,1.7,9211058000.0,5418269411.764706,0.86,8635353875.816515,1.59,13.7,3.31,11.84,15.15,18.83,24.09,21.78,23.15,0.94,0.81,1.04,1.75,17,0.0,0
1605,華新,電器電纜,0.75,172412266000.0,229883021333.33334,0.39,168029093452.95764,0.73,53.98,146.69,23.31,170.0,17.02,124.1,39.41,39.0,1.01,0.44,3.18,0.0,0,68.46,148
1608,華榮,電器電纜,5.5,11348843000.0,2063426000.0,3.16,12869729000.429214,6.24,14.32,23.68,5.66,29.34,35.32,183.08,89.36,34.65,2.58,1.02,5.28,10.61,24,54.32,140
1609,大亞,電器電纜,1.64,31235095000.0,19045789634.146343,0.91,35954755936.363556,1.89,21.69,21.62,13.92,35.54,26.31,67.17,40.99,38.15,1.07,0.69,1.76,9.06,31,12.87,78
1611,中電,電器電纜,0.02,1081359000.0,54067950000.0,0.01,967918924.7013059,0.02,82.79,391.13,22.2,413.33,0.44,8.27,1.66,13.0,0.13,0.03,0.64,14.1,31,1.88,58
1612,宏泰,電器電纜,2.77,7480411000.0,2700509386.2815886,1.39,7698018621.083055,2.85,14.27,7.89,11.26,19.15,32.09,54.58,40.67,38.3,1.06,0.84,1.43,1.15,7,3.19,138
1614,三洋電,電器電纜,0.97,5459864000.0,5628725773.195876,0.45,4834418837.163452,0.86,41.63,34.36,23.14,57.5,19.9,49.45,35.8,31.9,1.12,0.62,1.55,3.55,8,0.0,0
1615,大山,電器電纜,4.93,5816581000.0,1179833874.239351,2.37,5477237188.877202,4.64,13.05,11.02,9.01,20.03,41.81,92.94,60.53,45.2,1.34,0.92,2.06,4.67,65,3.04,57
1616,億泰,電器電纜,1.55,5247241000.0,3385316774.193548,0.75,5399649597.752075,1.6,14.92,20.68,6.88,27.56,11.01,44.1,23.87,22.15,1.08,0.5,1.99,0.76,22,0.0,0
1617,榮星,電器電纜,0.68,3309047000.0,4866245588.235293,0.41,4059293400.594078,0.83,105.01,421.36,16.14,437.5,13.4,363.12,87.16,16.2,5.38,0.83,22.41,0.57,24,1.49,2
1618,合機,電器電纜,4.21,5305333000.0,1260174109.263658,1.82,4127324124.4758167,3.28,12.47,18.23,8.37,26.6,27.45,87.25,40.9,41.8,0.98,0.66,2.09,4.17,21,5.56,49
1623,大東電,電器電纜,13.61,605208000.0,44467891.2564291,0.0,0.0,0.0,17.54,15.68,12.96,28.64,0.0,0.0,0.0,220.0,0.0,0.0,0.0,26.28,24,12.24,163
1626,艾美特-KY,電器電纜,-0.86,8062687000.0,0.0,0.0,6999376602.693372,0.0,0.0,0.0,0.0,0.0,0.0,0.0,0.0,9.97,0.0,0.0,0.0,8.39,115,12.61,28
1457,宜進,紡織纖維,1.17,3066311000.0,2620778632.4786325,0.54,2492261207.7302294,0.95,16.09,34.17,5.95,40.12,5.65,38.11,15.28,14.3,1.07,0.4,2.67,0.22,2,0.86,8
2207,和泰車,汽車工業,33.93,278122174000.0,8196939994.105512,18.34,295057750198.9051,36.0,16.51,6.46,13.36,19.82,480.96,713.52,594.36,482.0,1.23,1.0,1.48,12.11,101,8.0,156
2211,長榮鋼,鋼鐵工業,8.59,15356743000.0,1787746565.774156,4.03,14524630774.505545,8.12,14.2,9.13,11.17,20.3,90.7,164.84,115.29,95.5,1.21,0.95,1.73,0.0,0,40.21,160
2399,映泰,電子工業,0.15,1753395000.0,11689300000.0,0.08,1774984289.2157128,0.15,283.2,565.45,27.05,592.5,4.06,88.88,42.48,48.05,0.88,0.08,1.85,98.62,127,38.2,131
2401,凌陽,半導體業,-0.37,6278566000.0,0.0,0.0,7191786546.365121,0.0,52.76,21.81,42.39,64.2,0.0,0.0,0.0,32.25,0.0,0.0,0.0,8.79,17,31.44,65
2402,毅嘉,電子工業,2.47,10728500000.0,4343522267.206477,1.35,12347249374.311546,2.84,20.68,24.12,12.24,36.36,34.76,103.26,58.74,70.0,0.84,0.5,1.48,31.71,121,66.92,175
2404,漢唐,其他電子業,48.08,63949846000.0,1330071672.2129784,33.75,111882199634.85876,84.12,18.22,20.78,11.84,32.62,995.98,2743.99,1532.99,1265.0,1.21,0.79,2.17,32.5,183,111.34,72
2405,輔信,電子工業,-0.2,1728395000.0,0.0,0.0,1821632438.1596904,0.0,394.64,565.84,155.83,721.67,0.0,0.0,0.0,18.9,0.0,0.0,0.0,33.49,20,22.39,126
2406,國碩,光電業,-0.91,5758962000.0,0.0,0.0,14818419455.366207,0.0,0.0,0.0,0.0,0.0,0.0,0.0,0.0,34.85,0.0,0.0,0.0,25.51,14,135.81,177
2408,南亞科,半導體業,2.13,56774899000.0,26654882159.624416,4.29,409416631416.7377,15.36,73.71,105.05,24.53,129.58,376.78,1990.35,1132.22,459.5,2.46,0.82,4.33,3.47,20,187.65,183
2409,友達,光電業,0.9,280792168000.0,311991297777.7778,0.45,273282669875.08395,0.88,24.86,76.82,14.59,91.41,12.84,80.44,21.88,28.15,0.78,0.46,2.86,7.05,24,10.59,99
2412,中華電,通信網路業,4.99,237858930000.0,47667120240.48096,2.59,247671072113.99582,5.2,26.8,4.08,25.05,29.13,130.26,151.48,139.35,144.0,0.97,0.9,1.05,0.0,0,0.73,62
2413,環科,電子工業,0.4,3331719000.0,8329297500.0,0.21,3677823488.3540354,0.44,99.46,153.17,33.39,186.56,14.69,82.09,43.76,56.5,0.77,0.26,1.45,23.6,136,86.8,180
2414,精技,電子工業,3.17,28246381000.0,8910530283.911673,1.96,37210255243.48581,4.18,14.52,5.17,12.98,18.15,54.26,75.87,60.71,62.8,0.97,0.86,1.21,10.73,13,15.65,23
2415,錩新,電子工業,1.81,2329168000.0,1286833149.1712706,0.97,2604016065.0841327,2.02,30.26,119.63,13.7,133.33,27.67,269.33,61.13,30.35,2.01,0.91,8.87,28.94,100,9.96,174
2417,圓剛,電子工業,-0.19,3260578000.0,0.0,0.0,3899961096.774966,0.0,155.36,97.45,109.86,207.31,0.0,0.0,0.0,46.1,0.0,0.0,0.0,31.75,17,28.46,69
2397,友通,電腦及週邊設備業,2.49,11147988000.0,4477103614.457831,1.44,13132642739.178415,2.93,22.83,24.54,13.46,38.0,39.44,111.34,66.89,60.8,1.1,0.65,1.83,23.6,23,29.13,70
2395,研華,電子工業,12.25,70256994000.0,5735264816.32653,7.39,85772685621.111,14.96,31.25,18.36,23.36,41.72,349.47,624.13,467.57,494.0,0.95,0.71,1.26,2.7,28,4.26,71
2374,佳能,電子工業,2.52,9311794000.0,3695156349.2063494,1.59,15691604099.510292,4.25,35.09,48.59,20.0,68.59,85.0,291.51,149.12,75.3,1.98,1.13,3.87,14.4,20,100.37,90
2375,凱美,電子工業,3.72,5504838000.0,1479795161.2903225,1.99,5895818961.422496,3.98,21.49,56.61,9.96,66.57,39.64,264.95,85.52,219.0,0.39,0.18,1.21,16.57,169,78.51,131
2376,技嘉,電子工業,18.19,324226515000.0,17824437328.20231,13.28,479126344982.502,26.88,18.64,23.26,11.85,35.11,318.53,943.76,501.01,344.0,1.46,0.93,2.74,2.76,22,9.3,107
2377,微星,電子工業,6.8,225924964000.0,33224259411.764706,3.17,220457311505.06223,6.64,19.51,16.59,10.97,27.56,72.84,183.0,129.55,138.5,0.94,0.53,1.32,6.18,141,5.54,48
2379,瑞昱,半導體業,28.77,123048742000.0,4276980952.3809524,16.37,131691290430.43297,30.79,18.81,14.72,14.76,29.48,454.46,907.69,579.14,819.0,0.71,0.55,1.11,3.57,23,5.79,30
2382,廣達,電子工業,19.44,1989610196000.0,102346203497.94238,16.93,3674816018351.839,35.91,17.89,17.53,11.52,29.05,413.68,1043.19,642.57,376.0,1.71,1.1,2.77,17.18,22,9.36,131
2383,台光電,電子工業,41.66,91947570000.0,2207094815.1704273,32.31,154058204202.10004,69.8,37.51,106.75,14.73,121.48,1028.15,8479.3,2618.04,5600.0,0.47,0.18,1.51,36.36,183,89.94,177
2385,群光,電子工業,9.06,96067158000.0,10603439072.847681,4.27,91107674509.26628,8.59,12.71,6.59,9.97,16.56,85.64,142.25,109.16,114.0,0.96,0.75,1.25,0.86,1,3.64,93
2387,精元,電子工業,3.46,19232481000.0,5558520520.231214,1.55,17248386216.32727,3.1,8.58,9.65,5.61,15.26,17.39,47.31,26.58,39.5,0.67,0.44,1.2,8.19,168,0.0,0
2388,威盛,半導體業,0.12,10116361000.0,84303008333.33334,0.06,11260842455.451326,0.13,324.11,1634.74,30.26,1665.0,3.93,216.45,42.13,81.4,0.52,0.05,2.66,9.34,93,2.94,176
2390,云辰,其他電子業,-0.14,686088000.0,0.0,0.0,603441383.1932639,0.0,0.0,0.0,0.0,0.0,0.0,0.0,0.0,12.35,0.0,0.0,0.0,6.2,20,0.89,63
2392,正崴,電子工業,-6.62,97510511000.0,0.0,0.0,89342127222.9976,0.0,34.9,114.24,11.37,125.61,0.0,0.0,0.0,39.75,0.0,0.0,0.0,16.28,22,15.09,30
2393,億光,光電業,4.6,19630880000.0,4267582608.6956525,2.38,19923778011.980976,4.67,14.11,11.47,9.69,21.16,45.25,98.82,65.9,70.6,0.93,0.64,1.4,7.65,146,5.65,41
2419,仲琦,通信網路業,-0.36,8742858000.0,0.0,0.0,8693682087.729212,0.0,0.0,0.0,0.0,0.0,0.0,0.0,0.0,29.45,0.0,0.0,0.0,26.06,30,13.7,134
2420,新巨,電子工業,3.91,2162774000.0,553139130.4347826,2.02,2171134115.6901293,3.93,14.81,9.19,10.36,19.55,40.71,76.83,58.19,61.2,0.95,0.67,1.26,14.99,111,10.19,54
2436,偉詮電,電子工業,3.0,3539175000.0,1179725000.0,1.81,4497615564.822387,3.81,38.25,51.5,19.08,70.58,72.69,268.91,145.73,73.4,1.99,0.99,3.66,5.6,99,19.49,82
2438,翔耀,光電業,-2.37,432276000.0,0.0,0.0,607307407.4537492,0.0,0.0,0.0,0.0,0.0,0.0,0.0,0.0,22.5,0.0,0.0,0.0,115.52,24,0.34,6
2439,美律,通信網路業,5.35,46021543000.0,8602157570.093458,2.58,52231130580.18532,6.07,15.74,8.7,10.92,19.62,66.28,119.09,95.55,92.4,1.03,0.72,1.29,12.84,17,7.14,33
2440,太空梭,電子工業,-0.24,3571225000.0,0.0,0.0,3953409627.544364,0.0,0.0,0.0,0.0,0.0,0.0,0.0,0.0,16.95,0.0,0.0,0.0,14.84,24,13.77,181
2441,超豐,半導體業,4.31,16714118000.0,3877985614.8491883,2.46,19526644672.676186,5.04,16.49,19.95,10.35,30.3,52.16,152.71,83.1,135.0,0.62,0.39,1.13,3.69,30,52.84,182
2444,兆勁,通信網路業,-1.9,1104139000.0,0.0,0.0,920321163.8224562,0.0,116.36,32.92,104.58,137.5,0.0,0.0,0.0,13.4,0.0,0.0,0.0,43.38,167,8.66,93
2449,京元電子,電子工業,9.01,34125431000.0,3787506215.316315,5.54,46738581530.977,12.34,22.45,35.46,10.47,45.93,129.2,566.78,277.03,308.5,0.9,0.42,1.84,33.49,143,124.39,177
2450,神腦,通信網路業,1.72,32694590000.0,19008482558.139534,0.91,37931629750.26078,2.0,17.47,5.72,14.84,20.56,29.68,41.12,34.93,29.15,1.2,1.02,1.41,0.12,1,0.0,0
2451,創見,半導體業,12.98,14961901000.0,1152688828.9676425,26.4,75201888359.99374,65.24,21.46,32.33,9.44,41.77,615.87,2725.07,1400.21,311.5,4.5,1.98,8.75,0.0,0,107.69,148
2453,凌群,資訊服務業,3.13,7372784000.0,2355522044.7284346,1.59,7842373751.13689,3.33,18.96,9.25,15.88,25.13,52.88,83.68,63.13,56.6,1.12,0.93,1.48,12.34,28,10.0,85
2454,聯發科,半導體業,66.17,586383033000.0,8861765649.085688,33.24,597863531009.7222,67.47,24.37,56.73,17.21,73.94,1161.16,4988.73,1644.01,4390.0,0.37,0.26,1.14,6.76,2,19.46,90
2455,全新,通信網路業,2.96,3309773000.0,1118166554.054054,1.72,4252434273.427253,3.8,54.54,116.84,23.22,140.06,88.24,532.23,207.25,416.0,0.5,0.21,1.28,20.74,23,37.3,96
2457,飛宏,電子工業,-1.48,10144830000.0,0.0,0.0,8797759372.60496,0.0,71.82,45.1,42.4,87.5,0.0,0.0,0.0,28.8,0.0,0.0,0.0,0.0,0,47.61,131
2434,統懋,電子工業,0.03,45756000.0,1525200000.0,0.02,45652262.65132395,0.03,319.69,1602.32,42.68,1645.0,1.28,49.35,9.59,38.85,0.25,0.03,1.27,2.84,21,23.15,152
2433,互盛電,電子工業,3.05,2726747000.0,894015409.8360656,1.54,2740103149.493736,3.06,15.27,1.94,14.08,16.02,43.08,49.02,46.74,44.5,1.05,0.97,1.1,0.38,2,0.99,13
2421,建準,電子工業,7.94,18263701000.0,2300214231.738035,4.51,21932130673.064583,9.53,19.82,15.53,12.18,27.71,116.08,264.08,188.89,145.0,1.3,0.8,1.82,3.6,10,84.88,155
2423,固緯,其他電子業,2.91,2944348000.0,1011803436.4261168,1.67,3477128249.147593,3.44,17.61,11.58,12.24,23.82,42.11,81.94,60.59,77.7,0.78,0.54,1.05,1.97,142,33.48,70
2425,承啟,電子工業,-0.32,8375969000.0,0.0,0.0,14312103119.139015,0.0,111.18,341.73,17.02,358.75,0.0,0.0,0.0,39.4,0.0,0.0,0.0,34.74,111,0.0,0
2426,鼎元,光電業,-0.26,2342210000.0,0.0,0.0,2189275861.8129697,0.0,74.47,50.64,57.69,108.33,0.0,0.0,0.0,81.8,0.0,0.0,0.0,36.98,120,21.97,75
2427,三商電,資訊服務業,1.53,6543479000.0,4276783660.1307187,0.81,6634340387.705598,1.55,18.41,11.54,13.53,25.07,20.97,38.86,28.54,22.3,1.28,0.94,1.74,19.02,17,12.74,48
2428,興勤,電子工業,11.76,8064952000.0,685795238.0952381,6.6,8998907882.202183,13.12,14.48,19.72,9.01,28.73,118.21,376.94,189.91,316.0,0.6,0.37,1.19,2.19,3,51.48,126
2430,燦坤,電子工業,0.7,17810966000.0,25444237142.857143,0.34,17260981956.800392,0.68,21.87,26.52,14.94,41.46,10.16,28.19,14.87,18.45,0.81,0.55,1.53,1.83,24,3.05,75
2431,聯昌,電子工業,-2.1,377964000.0,0.0,0.0,225656797.85975477,0.0,0.0,0.0,0.0,0.0,0.0,0.0,0.0,11.65,0.0,0.0,0.0,66.12,140,28.89,97
2208,台船,航運業,-1.76,21069459000.0,0.0,0.0,15260992515.685417,0.0,0.0,0.0,0.0,0.0,0.0,0.0,0.0,17.8,0.0,0.0,0.0,7.93,70,56.8,86
2373,震旦行,電子工業,3.86,10765016000.0,2788864248.7046633,1.86,10353296721.611523,3.71,14.46,2.46,13.45,15.91,49.9,59.03,53.63,58.0,0.92,0.86,1.02,3.36,16,2.62,13
2371,大同,電機機械,-5.2,49840830000.0,0.0,0.0,51399172957.03733,0.0,20.9,76.26,4.39,80.65,0.0,0.0,0.0,28.3,0.0,0.0,0.0,0.0,0,7.98,57
2303,聯電,電子工業,3.33,237238293000.0,71242730630.63063,1.77,255864250303.1279,3.59,14.73,26.99,9.69,36.68,34.79,131.68,52.88,145.5,0.36,0.24,0.91,1.58,3,4.35,182
2305,全友,電子工業,0.2,733136000.0,3665680000.0,0.15,1149057396.8933883,0.31,121.38,165.69,60.56,226.25,18.77,70.14,37.63,33.65,1.12,0.56,2.08,9.13,29,16.82,68
2308,台達電,電子工業,23.14,539937575000.0,23333516637.856525,14.17,745571804828.4323,31.95,42.33,72.87,20.69,93.56,661.05,2989.24,1352.31,2150.0,0.63,0.31,1.39,24.71,23,168.41,132
2312,金寶,其他電子業,1.05,162727375000.0,154978452380.95236,0.48,147833030623.22,0.95,24.61,28.91,14.82,43.73,14.08,41.54,23.38,35.5,0.66,0.4,1.17,85.08,162,15.53,126
2313,華通,電子工業,5.51,75158821000.0,13640439382.94011,2.92,84126026079.24072,6.17,20.93,43.26,9.39,52.65,57.94,324.85,129.15,259.5,0.5,0.22,1.25,22.86,23,63.34,182
2314,台揚,通信網路業,-4.32,1677413000.0,0.0,0.0,2349287418.5972834,0.0,0.0,0.0,0.0,0.0,0.0,0.0,0.0,14.95,0.0,0.0,0.0,4.72,143,255.15,148
2316,楠梓電,電子工業,13.37,3671873000.0,274635228.1226627,8.07,4782128824.541509,17.41,9.11,11.05,6.18,17.23,107.59,299.97,158.54,205.5,0.77,0.52,1.46,24.03,22,153.67,166
2317,鴻海,其他電子業,13.6,7891774675000.0,580277549632.3529,8.07,10400566891852.8,17.92,16.16,11.71,10.24,21.95,183.5,393.34,289.63,268.5,1.08,0.68,1.46,14.11,20,67.95,134
2321,東訊,通信網路業,-0.76,742234000.0,0.0,0.0,722560865.0100855,0.0,0.0,0.0,0.0,0.0,0.0,0.0,0.0,14.05,0.0,0.0,0.0,3.9,141,43.57,82
2323,中環,光電業,1.58,7170946000.0,4538573417.7215185,0.86,7925117143.067049,1.75,11.68,15.08,4.3,19.38,7.52,33.92,20.44,11.75,1.74,0.64,2.89,14.57,17,36.2,180
2324,仁寶,電子工業,1.38,755605341000.0,547540102173.9131,0.75,808133996542.5206,1.48,17.42,25.12,10.26,35.38,15.18,52.36,25.79,37.75,0.68,0.4,1.39,8.46,174,27.72,99
2327,國巨*,電子工業,26.9,130098665000.0,4836381598.513011,16.46,166152793842.46823,34.35,19.49,79.33,5.71,85.04,196.14,2921.12,669.38,1080.0,0.62,0.18,2.7,12.92,28,16.4,48
2328,廣宇,電子工業,1.56,22112137000.0,14174446794.871794,0.67,18049376935.201565,1.27,24.07,48.69,14.27,62.96,18.12,79.96,30.57,53.4,0.57,0.34,1.5,1.76,17,56.17,69
2329,華泰,半導體業,2.45,19362141000.0,7902914693.87755,1.3,22059647624.547127,2.79,24.9,29.53,13.35,42.88,37.25,119.64,69.47,55.6,1.25,0.67,2.15,2.79,3,27.16,148
2302,麗正,電子工業,0.49,835569000.0,1705242857.142857,0.28,977980894.996892,0.57,33.39,39.62,19.87,59.49,11.33,33.91,19.03,47.0,0.4,0.24,0.72,13.46,169,25.16,125
2301,光寶科,電腦及週邊設備業,6.65,164568691000.0,24747171578.94737,3.73,198417081942.59894,8.02,22.12,22.96,13.8,36.76,110.68,294.82,177.42,210.5,0.84,0.53,1.4,5.69,16,79.72,133
2221,大甲,其他,2.31,1380803000.0,597750216.4502164,1.3,1525687939.5841775,2.55,14.32,10.11,10.36,20.47,26.42,52.2,36.51,48.05,0.76,0.55,1.09,2.09,28,7.02,13
2227,裕日車,汽車工業,1.29,15328057000.0,11882214728.68217,0.53,12111003080.398499,1.02,28.61,45.09,9.32,54.41,9.51,55.5,29.18,49.3,0.59,0.19,1.13,2.17,2,6.51,42
2228,劍麟,汽車工業,5.24,4949851000.0,944628053.4351145,2.57,4790897303.270419,5.07,13.34,13.32,7.52,20.84,38.13,105.66,67.65,89.0,0.76,0.43,1.19,9.73,120,32.45,72
2231,為升,汽車工業,-1.64,3664324000.0,0.0,0.0,3322978486.1967707,0.0,47.97,53.18,21.16,74.34,0.0,0.0,0.0,92.9,0.0,0.0,0.0,0.0,0,99.32,84
2233,宇隆,汽車工業,6.69,3297200000.0,492855007.47384155,3.38,3178832454.064129,6.45,23.32,49.19,11.66,60.85,75.21,392.48,150.4,305.5,0.49,0.25,1.28,51.81,183,53.3,70
2235,謚源,電機機械,0.95,561922000.0,591496842.1052632,0.5,592412229.2963364,1.0,24.29,30.9,15.24,46.14,15.24,46.14,24.29,0.0,0.0,0.0,0.0,4.82,9,3.5,23
2236,百達-KY,汽車工業,-6.81,9249897000.0,0.0,0.0,10854875785.700817,0.0,186.37,909.93,10.07,920.0,0.0,0.0,0.0,136.5,0.0,0.0,0.0,67.29,175,22.37,177
2239,英利-KY,汽車工業,-7.87,19126801000.0,0.0,0.0,17698390001.168514,0.0,28.83,22.67,18.39,41.06,0.0,0.0,0.0,22.7,0.0,0.0,0.0,0.0,0,25.53,177
2243,宏旭-KY,汽車工業,1.22,1861642000.0,1525936065.5737705,0.71,2450667336.603247,1.61,32.11,58.07,8.39,66.46,13.51,107.0,51.69,51.7,1.0,0.26,2.07,60.77,31,31.65,76
2247,汎德永業,汽車工業,18.32,51898301000.0,2832876692.139738,7.2,38077440654.58138,13.44,13.04,3.71,11.28,14.99,151.6,201.47,175.26,238.0,0.74,0.64,0.85,2.33,2,20.0,35
2248,華勝-KY,汽車工業,5.34,1815934000.0,340062546.8164794,3.74,3074753915.94553,9.04,9.29,5.02,6.5,11.52,58.76,104.14,83.96,56.3,1.49,1.04,1.85,0.0,0,7.42,139
2250,IKKA-KY,汽車工業,3.99,3375733000.0,846048370.9273182,1.89,3098151247.140821,3.66,17.91,10.56,13.73,24.29,50.25,88.9,65.57,61.7,1.06,0.81,1.44,8.7,92,15.59,62
2330,台積電,電子工業,66.26,3752213811000.0,56628641880.47087,40.56,4821322327607.393,85.14,25.89,17.52,17.35,34.87,1477.18,2968.83,2203.92,2410.0,0.91,0.61,1.23,15.59,143,43.13,138
2354,鴻準,電子工業,2.31,157468970000.0,68168385281.38528,0.8,117766493446.85062,1.73,26.27,17.83,18.76,36.59,32.45,63.3,45.45,57.9,0.78,0.56,1.09,42.67,143,20.16,54
2355,敬鵬,電子工業,1.6,15658335000.0,9786459375.0,0.84,16460536407.711973,1.68,18.33,30.76,8.88,39.64,14.92,66.6,30.8,57.9,0.53,0.26,1.15,6.67,20,26.59,71
2356,英業達,電子工業,2.41,699082867000.0,290075878423.2365,1.49,857009419536.499,2.95,21.74,17.37,15.96,33.33,47.08,98.32,64.14,67.7,0.95,0.7,1.45,7.66,24,12.54,133
2357,華碩,電子工業,59.99,716607808000.0,11945454375.729288,35.92,977599213618.1658,81.84,12.96,7.49,9.15,16.64,748.84,1361.82,1060.37,789.0,1.34,0.95,1.73,25.6,149,5.67,6
2359,所羅門,其他電子業,1.22,4193366000.0,3437185245.9016395,0.61,4175057679.14404,1.21,128.33,168.2,44.66,212.86,54.04,257.56,155.28,134.0,1.16,0.4,1.92,6.04,17,18.93,69
2360,致茂,其他電子業,27.68,26953569000.0,973756105.4913294,25.59,50765488232.801216,52.13,38.44,70.35,18.06,88.41,941.47,4608.81,2004.05,2310.0,0.87,0.41,2.0,42.64,141,131.56,160
2362,藍天,電子工業,2.05,20876604000.0,10183709268.292685,1.06,22367968547.049297,2.2,22.35,33.03,11.61,44.64,25.54,98.21,49.16,47.55,1.03,0.54,2.07,20.65,111,0.0,0
2363,矽統,半導體業,1.53,2664144000.0,1741270588.235294,1.15,5682971647.593012,3.26,48.82,79.3,20.83,100.13,67.91,326.42,159.14,62.9,2.53,1.08,5.19,43.03,125,29.38,93
2364,倫飛,電子工業,4.6,1527938000.0,332160434.78260875,2.3,1535388968.8915608,4.62,20.21,19.29,14.17,33.46,65.47,154.59,93.37,67.9,1.38,0.96,2.28,53.98,66,37.21,54
2365,昆盈,電子工業,0.33,939434000.0,2846769696.969697,0.18,1057827766.020426,0.37,99.54,124.44,42.81,167.25,15.84,61.88,36.83,34.05,1.08,0.47,1.82,73.77,30,39.97,70
2367,燿華,電子工業,0.68,16474586000.0,24227332352.941174,0.33,14953981990.524378,0.62,32.33,104.49,8.84,113.33,5.48,70.26,20.04,61.3,0.33,0.09,1.15,18.55,20,38.83,61
2368,金像電,電子工業,19.43,58066839000.0,2988514616.572311,13.6,95077202570.16118,31.81,31.19,65.5,12.35,77.85,392.85,2476.41,992.12,1355.0,0.73,0.29,1.83,25.92,181,140.23,163
2369,菱生,半導體業,-1.05,5403429000.0,0.0,0.0,7421808510.944994,0.0,0.0,0.0,0.0,0.0,0.0,0.0,0.0,36.85,0.0,0.0,0.0,7.24,17,51.11,181
2353,宏碁,電腦及週邊設備業,1.26,271654739000.0,215598999206.3492,0.73,347860096545.819,1.61,21.43,18.18,14.7,32.88,23.67,52.94,34.5,34.4,1.0,0.69,1.54,0.2,1,0.0,0
2352,佳世達,電腦及週邊設備業,0.63,208040050000.0,330222301587.3016,0.32,210736324146.03513,0.64,29.02,36.65,19.24,55.89,12.31,35.77,18.57,30.85,0.6,0.4,1.16,4.74,7,32.09,111
2331,精英,電子工業,1.4,19946465000.0,14247475000.0,0.73,23359964231.508373,1.64,25.64,37.82,13.38,51.2,21.94,83.97,42.05,22.4,1.88,0.98,3.75,2.79,17,39.95,180
2332,友訊,通信網路業,-0.91,13320681000.0,0.0,0.0,14290810960.105022,0.0,367.42,1014.21,25.79,1040.0,0.0,0.0,0.0,20.05,0.0,0.0,0.0,27.82,162,10.0,72
2337,旺宏,半導體業,-1.78,28063863000.0,0.0,0.0,56496520726.537964,0.0,0.0,0.0,0.0,0.0,0.0,0.0,0.0,169.0,0.0,0.0,0.0,8.38,44,78.29,147
2338,光罩,半導體業,-4.99,6212835000.0,0.0,0.0,5583274821.917018,0.0,25.74,17.7,15.44,33.14,0.0,0.0,0.0,53.3,0.0,0.0,0.0,13.59,23,44.37,70
2342,茂矽,半導體業,-0.48,2073952000.0,0.0,0.0,1856845060.4130986,0.0,366.68,1273.27,25.06,1298.33,0.0,0.0,0.0,55.2,0.0,0.0,0.0,6.21,171,70.22,126
2344,華邦電,半導體業,0.88,86008121000.0,97736501136.36363,0.89,186355192140.91992,1.91,103.12,132.99,29.32,162.31,56.0,310.01,196.96,218.5,0.9,0.26,1.42,0.56,3,279.64,177
2345,智邦,通信網路業,47.13,237761128000.0,5044793719.499257,30.16,383422407533.1957,76.0,33.74,34.06,20.26,54.32,1539.76,4128.32,2563.96,2435.0,1.05,0.63,1.7,36.88,178,65.75,180
2347,聯強,電子工業,5.09,404171231000.0,79404956974.45973,3.76,624600604194.655,7.87,13.77,7.97,10.63,18.6,83.66,146.38,108.36,93.4,1.16,0.9,1.57,1.76,1,0.0,0
2348,海悅,其他,6.85,7027149000.0,1025861167.8832117,2.38,5241021743.895747,5.11,13.27,13.36,7.84,21.2,40.06,108.33,67.82,76.8,0.88,0.52,1.41,54.28,41,0.0,0
2348A,海悅甲特,其他,0.0,0.0,0.0,0.0,0.0,0.0,0.0,0.0,0.0,0.0,0.0,0.0,0.0,37.55,0.0,0.0,0.0,5.06,157,2.36,26
2349,錸德,光電業,-0.36,7529703000.0,0.0,0.0,7273413993.200973,0.0,187.78,121.43,122.57,244.0,0.0,0.0,0.0,13.85,0.0,0.0,0.0,117.79,20,59.61,181
2351,順德,半導體業,1.67,10255043000.0,6140744311.377246,0.98,11855966125.648834,1.93,40.11,98.13,16.63,114.76,32.1,221.49,77.41,195.0,0.4,0.16,1.14,20.22,94,27.94,132
1454,台富,紡織纖維,-1.12,1557640000.0,0.0,0.0,1269552026.4730601,0.0,84.61,124.68,48.82,173.5,0.0,0.0,0.0,12.85,0.0,0.0,0.0,24.1,20,0.0,0
00783,富邦中証500,ETF,0.0,0.0,0.0,0.0,0.0,0.0,0.0,0.0,0.0,0.0,0.0,0.0,0.0,30.69,0.0,0.0,0.0,39.92,111,36.94,113
00830,國泰費城半導體,ETF,0.0,0.0,0.0,0.0,0.0,0.0,0.0,0.0,0.0,0.0,0.0,0.0,0.0,97.0,0.0,0.0,0.0,3.95,23,49.09,177
00775B,新光投等債15+,ETF,0.0,0.0,0.0,0.0,0.0,0.0,0.0,0.0,0.0,0.0,0.0,0.0,0.0,0.0,0.0,0.0,0.0,4.71,92,11.81,127
00737,國泰AI機器人,ETF,0.0,0.0,0.0,0.0,0.0,0.0,0.0,0.0,0.0,0.0,0.0,0.0,0.0,38.27,0.0,0.0,0.0,13.56,174,26.38,131
00738U,期元大道瓊白銀,ETF,0.0,0.0,0.0,0.0,0.0,0.0,0.0,0.0,0.0,0.0,0.0,0.0,0.0,55.6,0.0,0.0,0.0,15.16,127,74.33,183
00739,元大MSCI A股,ETF,0.0,0.0,0.0,0.0,0.0,0.0,0.0,0.0,0.0,0.0,0.0,0.0,0.0,29.55,0.0,0.0,0.0,30.26,111,27.38,113
00752,中信中國50,ETF,0.0,0.0,0.0,0.0,0.0,0.0,0.0,0.0,0.0,0.0,0.0,0.0,0.0,21.76,0.0,0.0,0.0,34.72,111,27.51,106
00753L,中信中國50正2,ETF,0.0,0.0,0.0,0.0,0.0,0.0,0.0,0.0,0.0,0.0,0.0,0.0,0.0,8.93,0.0,0.0,0.0,77.16,111,52.27,106
00757,統一FANG+,ETF,0.0,0.0,0.0,0.0,0.0,0.0,0.0,0.0,0.0,0.0,0.0,0.0,0.0,128.9,0.0,0.0,0.0,21.52,182,25.22,135
00762,元大全球AI,ETF,0.0,0.0,0.0,0.0,0.0,0.0,0.0,0.0,0.0,0.0,0.0,0.0,0.0,121.7,0.0,0.0,0.0,15.44,174,36.32,134
00763U,期街口道瓊銅,ETF,0.0,0.0,0.0,0.0,0.0,0.0,0.0,0.0,0.0,0.0,0.0,0.0,0.0,34.2,0.0,0.0,0.0,4.14,21,19.49,36
00770,國泰北美科技,ETF,0.0,0.0,0.0,0.0,0.0,0.0,0.0,0.0,0.0,0.0,0.0,0.0,0.0,68.0,0.0,0.0,0.0,11.92,182,33.51,134
00771,元大US高息特別股,ETF,0.0,0.0,0.0,0.0,0.0,0.0,0.0,0.0,0.0,0.0,0.0,0.0,0.0,15.79,0.0,0.0,0.0,6.14,121,8.23,131
00736,國泰新興市場,ETF,0.0,0.0,0.0,0.0,0.0,0.0,0.0,0.0,0.0,0.0,0.0,0.0,0.0,31.3,0.0,0.0,0.0,12.78,111,19.27,148
00850,元大臺灣ESG永續,ETF,0.0,0.0,0.0,0.0,0.0,0.0,0.0,0.0,0.0,0.0,0.0,0.0,0.0,92.45,0.0,0.0,0.0,8.69,23,28.68,135
00893,國泰智能電動車,ETF,0.0,0.0,0.0,0.0,0.0,0.0,0.0,0.0,0.0,0.0,0.0,0.0,0.0,46.62,0.0,0.0,0.0,19.9,183,50.95,134
00894,中信小資高價30,ETF,0.0,0.0,0.0,0.0,0.0,0.0,0.0,0.0,0.0,0.0,0.0,0.0,0.0,50.1,0.0,0.0,0.0,9.45,23,40.97,138
00895,富邦未來車,ETF,0.0,0.0,0.0,0.0,0.0,0.0,0.0,0.0,0.0,0.0,0.0,0.0,0.0,52.25,0.0,0.0,0.0,16.08,182,36.91,134
00896,中信綠能及電動車,ETF,0.0,0.0,0.0,0.0,0.0,0.0,0.0,0.0,0.0,0.0,0.0,0.0,0.0,27.97,0.0,0.0,0.0,2.83,23,31.12,133
00897,富邦基因免疫生技,ETF,0.0,0.0,0.0,0.0,0.0,0.0,0.0,0.0,0.0,0.0,0.0,0.0,0.0,10.1,0.0,0.0,0.0,11.53,41,41.15,163
00898,國泰基因免疫革命,ETF,0.0,0.0,0.0,0.0,0.0,0.0,0.0,0.0,0.0,0.0,0.0,0.0,0.0,8.46,0.0,0.0,0.0,11.32,41,34.91,170
00899,FT潔淨能源,ETF,0.0,0.0,0.0,0.0,0.0,0.0,0.0,0.0,0.0,0.0,0.0,0.0,0.0,26.13,0.0,0.0,0.0,3.12,27,53.14,141
00900,富邦特選高股息30,ETF,0.0,0.0,0.0,0.0,0.0,0.0,0.0,0.0,0.0,0.0,0.0,0.0,0.0,19.58,0.0,0.0,0.0,1.42,2,4.11,120
00901,永豐智能車供應鏈,ETF,0.0,0.0,0.0,0.0,0.0,0.0,0.0,0.0,0.0,0.0,0.0,0.0,0.0,47.5,0.0,0.0,0.0,10.1,23,42.76,135
00902,中信電池及儲能,ETF,0.0,0.0,0.0,0.0,0.0,0.0,0.0,0.0,0.0,0.0,0.0,0.0,0.0,15.76,0.0,0.0,0.0,16.82,111,87.52,148
00903,富邦元宇宙,ETF,0.0,0.0,0.0,0.0,0.0,0.0,0.0,0.0,0.0,0.0,0.0,0.0,0.0,21.47,0.0,0.0,0.0,12.28,182,32.33,134
00904,新光臺灣半導體30,ETF,0.0,0.0,0.0,0.0,0.0,0.0,0.0,0.0,0.0,0.0,0.0,0.0,0.0,43.46,0.0,0.0,0.0,6.69,23,29.3,175
00905,FT臺灣Smart,ETF,0.0,0.0,0.0,0.0,0.0,0.0,0.0,0.0,0.0,0.0,0.0,0.0,0.0,28.42,0.0,0.0,0.0,12.11,27,28.25,135
00907,永豐優息存股,ETF,0.0,0.0,0.0,0.0,0.0,0.0,0.0,0.0,0.0,0.0,0.0,0.0,0.0,16.66,0.0,0.0,0.0,0.9,3,4.65,126
00908,富邦入息REITs+,ETF,0.0,0.0,0.0,0.0,0.0,0.0,0.0,0.0,0.0,0.0,0.0,0.0,0.0,14.82,0.0,0.0,0.0,15.16,105,8.63,168
00909,國泰數位支付服務,ETF,0.0,0.0,0.0,0.0,0.0,0.0,0.0,0.0,0.0,0.0,0.0,0.0,0.0,51.15,0.0,0.0,0.0,37.18,170,73.53,120
00910,第一金太空衛星,ETF,0.0,0.0,0.0,0.0,0.0,0.0,0.0,0.0,0.0,0.0,0.0,0.0,0.0,67.25,0.0,0.0,0.0,60.59,167,56.04,113
00911,兆豐洲際半導體,ETF,0.0,0.0,0.0,0.0,0.0,0.0,0.0,0.0,0.0,0.0,0.0,0.0,0.0,65.05,0.0,0.0,0.0,3.72,23,41.16,177
00912,中信臺灣智慧50,ETF,0.0,0.0,0.0,0.0,0.0,0.0,0.0,0.0,0.0,0.0,0.0,0.0,0.0,34.74,0.0,0.0,0.0,9.0,23,17.27,175
00913,兆豐台灣晶圓製造,ETF,0.0,0.0,0.0,0.0,0.0,0.0,0.0,0.0,0.0,0.0,0.0,0.0,0.0,53.9,0.0,0.0,0.0,6.83,23,26.72,175
00915,凱基優選高股息30,ETF,0.0,0.0,0.0,0.0,0.0,0.0,0.0,0.0,0.0,0.0,0.0,0.0,0.0,32.28,0.0,0.0,0.0,0.0,0,1.37,98
00916,國泰全球品牌50,ETF,0.0,0.0,0.0,0.0,0.0,0.0,0.0,0.0,0.0,0.0,0.0,0.0,0.0,25.56,0.0,0.0,0.0,17.07,183,21.24,170
00917,中信特選金融,ETF,0.0,0.0,0.0,0.0,0.0,0.0,0.0,0.0,0.0,0.0,0.0,0.0,0.0,22.61,0.0,0.0,0.0,25.81,167,21.57,183
00918,大華優利高填息30,ETF,0.0,0.0,0.0,0.0,0.0,0.0,0.0,0.0,0.0,0.0,0.0,0.0,0.0,32.0,0.0,0.0,0.0,0.0,0,1.9,134
00919,群益台灣精選高息,ETF,0.0,0.0,0.0,0.0,0.0,0.0,0.0,0.0,0.0,0.0,0.0,0.0,0.0,30.81,0.0,0.0,0.0,1.42,2,2.26,180
00892,富邦台灣半導體,ETF,0.0,0.0,0.0,0.0,0.0,0.0,0.0,0.0,0.0,0.0,0.0,0.0,0.0,45.84,0.0,0.0,0.0,7.73,23,29.43,175
00891,中信關鍵半導體,ETF,0.0,0.0,0.0,0.0,0.0,0.0,0.0,0.0,0.0,0.0,0.0,0.0,0.0,37.34,0.0,0.0,0.0,6.8,23,19.39,175
00851,台新全球AI,ETF,0.0,0.0,0.0,0.0,0.0,0.0,0.0,0.0,0.0,0.0,0.0,0.0,0.0,73.3,0.0,0.0,0.0,14.43,182,22.89,138
00852L,國泰美國道瓊正2,ETF,0.0,0.0,0.0,0.0,0.0,0.0,0.0,0.0,0.0,0.0,0.0,0.0,0.0,33.96,0.0,0.0,0.0,27.91,170,34.22,177
00861,元大全球未來通訊,ETF,0.0,0.0,0.0,0.0,0.0,0.0,0.0,0.0,0.0,0.0,0.0,0.0,0.0,96.25,0.0,0.0,0.0,4.92,23,34.62,175
00865B,國泰US短期公債,ETF,0.0,0.0,0.0,0.0,0.0,0.0,0.0,0.0,0.0,0.0,0.0,0.0,0.0,48.03,0.0,0.0,0.0,2.77,168,9.08,183
00875,國泰網路資安,ETF,0.0,0.0,0.0,0.0,0.0,0.0,0.0,0.0,0.0,0.0,0.0,0.0,0.0,46.6,0.0,0.0,0.0,24.34,182,9.44,131
00876,元大全球5G,ETF,0.0,0.0,0.0,0.0,0.0,0.0,0.0,0.0,0.0,0.0,0.0,0.0,0.0,101.65,0.0,0.0,0.0,5.85,23,45.53,177
00878,國泰永續高股息,ETF,0.0,0.0,0.0,0.0,0.0,0.0,0.0,0.0,0.0,0.0,0.0,0.0,0.0,33.67,0.0,0.0,0.0,4.55,23,4.02,133
00881,國泰台灣科技龍頭,ETF,0.0,0.0,0.0,0.0,0.0,0.0,0.0,0.0,0.0,0.0,0.0,0.0,0.0,55.4,0.0,0.0,0.0,10.33,23,38.93,135
00882,中信中國高股息,ETF,0.0,0.0,0.0,0.0,0.0,0.0,0.0,0.0,0.0,0.0,0.0,0.0,0.0,15.52,0.0,0.0,0.0,28.04,111,20.81,148
00885,富邦越南,ETF,0.0,0.0,0.0,0.0,0.0,0.0,0.0,0.0,0.0,0.0,0.0,0.0,0.0,18.71,0.0,0.0,0.0,2.06,105,51.47,118
00920,富邦ESG綠色電力,ETF,0.0,0.0,0.0,0.0,0.0,0.0,0.0,0.0,0.0,0.0,0.0,0.0,0.0,26.32,0.0,0.0,0.0,3.48,27,55.19,145
00735,國泰臺韓科技,ETF,0.0,0.0,0.0,0.0,0.0,0.0,0.0,0.0,0.0,0.0,0.0,0.0,0.0,118.4,0.0,0.0,0.0,15.96,17,56.58,138
00733,富邦臺灣中小,ETF,0.0,0.0,0.0,0.0,0.0,0.0,0.0,0.0,0.0,0.0,0.0,0.0,0.0,78.25,0.0,0.0,0.0,1.16,2,25.56,120
00637L,元大滬深300正2,ETF,0.0,0.0,0.0,0.0,0.0,0.0,0.0,0.0,0.0,0.0,0.0,0.0,0.0,22.07,0.0,0.0,0.0,67.18,111,43.87,131
00638R,元大滬深300反1,ETF,0.0,0.0,0.0,0.0,0.0,0.0,0.0,0.0,0.0,0.0,0.0,0.0,0.0,6.47,0.0,0.0,0.0,6.47,92,0.77,1
00639,富邦深100,ETF,0.0,0.0,0.0,0.0,0.0,0.0,0.0,0.0,0.0,0.0,0.0,0.0,0.0,18.69,0.0,0.0,0.0,61.78,111,43.67,134
00640L,富邦日本正2,ETF,0.0,0.0,0.0,0.0,0.0,0.0,0.0,0.0,0.0,0.0,0.0,0.0,0.0,107.7,0.0,0.0,0.0,17.13,23,49.19,180
00641R,富邦日本反1,ETF,0.0,0.0,0.0,0.0,0.0,0.0,0.0,0.0,0.0,0.0,0.0,0.0,0.0,3.72,0.0,0.0,0.0,20.15,48,1.75,5
00642U,期元大S&P石油,ETF,0.0,0.0,0.0,0.0,0.0,0.0,0.0,0.0,0.0,0.0,0.0,0.0,0.0,24.11,0.0,0.0,0.0,5.29,17,2.97,5
00643,群益深証中小,ETF,0.0,0.0,0.0,0.0,0.0,0.0,0.0,0.0,0.0,0.0,0.0,0.0,0.0,20.42,0.0,0.0,0.0,40.19,111,40.0,113
00643K,群益深証中小+R,ETF,0.0,0.0,0.0,0.0,0.0,0.0,0.0,0.0,0.0,0.0,0.0,0.0,0.0,0.0,0.0,0.0,0.0,0.0,0,0.0,0
00645,富邦日本,ETF,0.0,0.0,0.0,0.0,0.0,0.0,0.0,0.0,0.0,0.0,0.0,0.0,0.0,57.3,0.0,0.0,0.0,8.23,23,23.59,180
00646,元大S&P500,ETF,0.0,0.0,0.0,0.0,0.0,0.0,0.0,0.0,0.0,0.0,0.0,0.0,0.0,74.25,0.0,0.0,0.0,12.25,168,22.24,177
00647L,元大S&P500正2,ETF,0.0,0.0,0.0,0.0,0.0,0.0,0.0,0.0,0.0,0.0,0.0,0.0,0.0,133.35,0.0,0.0,0.0,17.26,174,31.9,177
00648R,元大S&P500反1,ETF,0.0,0.0,0.0,0.0,0.0,0.0,0.0,0.0,0.0,0.0,0.0,0.0,0.0,4.01,0.0,0.0,0.0,5.61,51,1.23,5
00650L,復華香港正2,ETF,0.0,0.0,0.0,0.0,0.0,0.0,0.0,0.0,0.0,0.0,0.0,0.0,0.0,15.06,0.0,0.0,0.0,63.35,111,36.23,106
00651R,復華香港反1,ETF,0.0,0.0,0.0,0.0,0.0,0.0,0.0,0.0,0.0,0.0,0.0,0.0,0.0,5.56,0.0,0.0,0.0,6.36,49,1.54,1
00652,富邦印度,ETF,0.0,0.0,0.0,0.0,0.0,0.0,0.0,0.0,0.0,0.0,0.0,0.0,0.0,32.93,0.0,0.0,0.0,8.61,100,5.87,162
00653L,富邦印度正2,ETF,0.0,0.0,0.0,0.0,0.0,0.0,0.0,0.0,0.0,0.0,0.0,0.0,0.0,46.44,0.0,0.0,0.0,18.23,101,8.01,162
00654R,富邦印度反1,ETF,0.0,0.0,0.0,0.0,0.0,0.0,0.0,0.0,0.0,0.0,0.0,0.0,0.0,6.74,0.0,0.0,0.0,3.52,156,3.33,50
00655L,國泰中國A50正2,ETF,0.0,0.0,0.0,0.0,0.0,0.0,0.0,0.0,0.0,0.0,0.0,0.0,0.0,37.22,0.0,0.0,0.0,66.23,111,41.49,131
00656R,國泰中國A50反1,ETF,0.0,0.0,0.0,0.0,0.0,0.0,0.0,0.0,0.0,0.0,0.0,0.0,0.0,5.71,0.0,0.0,0.0,6.51,92,0.86,1
00657,國泰日經225,ETF,0.0,0.0,0.0,0.0,0.0,0.0,0.0,0.0,0.0,0.0,0.0,0.0,0.0,82.9,0.0,0.0,0.0,9.8,23,35.02,135
00657K,國泰日經225+U,ETF,0.0,0.0,0.0,0.0,0.0,0.0,0.0,0.0,0.0,0.0,0.0,0.0,0.0,26.41,0.0,0.0,0.0,8.97,23,29.05,138
00660,元大歐洲50,ETF,0.0,0.0,0.0,0.0,0.0,0.0,0.0,0.0,0.0,0.0,0.0,0.0,0.0,45.51,0.0,0.0,0.0,3.88,104,8.99,148
00661,元大日經225,ETF,0.0,0.0,0.0,0.0,0.0,0.0,0.0,0.0,0.0,0.0,0.0,0.0,0.0,91.95,0.0,0.0,0.0,9.71,23,35.58,135
00662,富邦NASDAQ,ETF,0.0,0.0,0.0,0.0,0.0,0.0,0.0,0.0,0.0,0.0,0.0,0.0,0.0,121.8,0.0,0.0,0.0,11.24,182,25.17,170
00663L,國泰臺灣加權正2,ETF,0.0,0.0,0.0,0.0,0.0,0.0,0.0,0.0,0.0,0.0,0.0,0.0,0.0,111.9,0.0,0.0,0.0,15.18,23,69.07,135
00636K,國泰中國A50+U,ETF,0.0,0.0,0.0,0.0,0.0,0.0,0.0,0.0,0.0,0.0,0.0,0.0,0.0,9.18,0.0,0.0,0.0,25.98,112,20.64,134
00664R,國泰臺灣加權反1,ETF,0.0,0.0,0.0,0.0,0.0,0.0,0.0,0.0,0.0,0.0,0.0,0.0,0.0,1.62,0.0,0.0,0.0,14.03,48,1.94,5
00636,國泰中國A50,ETF,0.0,0.0,0.0,0.0,0.0,0.0,0.0,0.0,0.0,0.0,0.0,0.0,0.0,29.05,0.0,0.0,0.0,36.32,111,25.22,148
00634R,富邦上証反1,ETF,0.0,0.0,0.0,0.0,0.0,0.0,0.0,0.0,0.0,0.0,0.0,0.0,0.0,3.02,0.0,0.0,0.0,6.91,90,0.53,1
00401A,主動摩根台灣鑫收,ETF,0.0,0.0,0.0,0.0,0.0,0.0,0.0,0.0,0.0,0.0,0.0,0.0,0.0,13.99,0.0,0.0,0.0,31.86,69,31.86,69
00402A,主動安聯美國科技,ETF,0.0,0.0,0.0,0.0,0.0,0.0,0.0,0.0,0.0,0.0,0.0,0.0,0.0,9.95,0.0,0.0,0.0,0.2,7,0.2,7
00403A,主動統一升級50,ETF,0.0,0.0,0.0,0.0,0.0,0.0,0.0,0.0,0.0,0.0,0.0,0.0,0.0,11.03,0.0,0.0,0.0,2.13,37,2.13,37
00404A,主動聯博動能50,ETF,0.0,0.0,0.0,0.0,0.0,0.0,0.0,0.0,0.0,0.0,0.0,0.0,0.0,10.18,0.0,0.0,0.0,2.21,9,2.21,9
00405A,主動富邦台灣龍耀,ETF,0.0,0.0,0.0,0.0,0.0,0.0,0.0,0.0,0.0,0.0,0.0,0.0,0.0,9.64,0.0,0.0,0.0,1.69,9,1.69,9
00406A,主動中信台灣收益,ETF,0.0,0.0,0.0,0.0,0.0,0.0,0.0,0.0,0.0,0.0,0.0,0.0,0.0,10.29,0.0,0.0,0.0,6.74,7,6.74,7
0050,元大台灣50,ETF,0.0,0.0,0.0,0.0,0.0,0.0,0.0,0.0,0.0,0.0,0.0,0.0,0.0,107.3,0.0,0.0,0.0,10.79,23,36.12,135
0051,元大中型100,ETF,0.0,0.0,0.0,0.0,0.0,0.0,0.0,0.0,0.0,0.0,0.0,0.0,0.0,147.7,0.0,0.0,0.0,2.85,23,25.35,148
0052,富邦科技,ETF,0.0,0.0,0.0,0.0,0.0,0.0,0.0,0.0,0.0,0.0,0.0,0.0,0.0,62.8,0.0,0.0,0.0,11.26,23,41.34,135
0053,元大電子,ETF,0.0,0.0,0.0,0.0,0.0,0.0,0.0,0.0,0.0,0.0,0.0,0.0,0.0,244.95,0.0,0.0,0.0,10.54,23,40.58,135
0055,元大MSCI金融,ETF,0.0,0.0,0.0,0.0,0.0,0.0,0.0,0.0,0.0,0.0,0.0,0.0,0.0,43.46,0.0,0.0,0.0,9.56,122,10.43,183
0056,元大高股息,ETF,0.0,0.0,0.0,0.0,0.0,0.0,0.0,0.0,0.0,0.0,0.0,0.0,0.0,52.8,0.0,0.0,0.0,4.13,23,8.79,126
0057,富邦摩台,ETF,0.0,0.0,0.0,0.0,0.0,0.0,0.0,0.0,0.0,0.0,0.0,0.0,0.0,317.2,0.0,0.0,0.0,10.11,23,34.35,135
0061,元大寶滬深,ETF,0.0,0.0,0.0,0.0,0.0,0.0,0.0,0.0,0.0,0.0,0.0,0.0,0.0,25.5,0.0,0.0,0.0,53.24,111,29.06,183
006203,元大MSCI台灣,ETF,0.0,0.0,0.0,0.0,0.0,0.0,0.0,0.0,0.0,0.0,0.0,0.0,0.0,194.0,0.0,0.0,0.0,10.15,23,33.64,135
006204,永豐臺灣加權,ETF,0.0,0.0,0.0,0.0,0.0,0.0,0.0,0.0,0.0,0.0,0.0,0.0,0.0,231.8,0.0,0.0,0.0,7.37,23,28.13,175
006205,富邦上証,ETF,0.0,0.0,0.0,0.0,0.0,0.0,0.0,0.0,0.0,0.0,0.0,0.0,0.0,41.54,0.0,0.0,0.0,32.33,111,28.86,148
006206,元大上證50,ETF,0.0,0.0,0.0,0.0,0.0,0.0,0.0,0.0,0.0,0.0,0.0,0.0,0.0,37.38,0.0,0.0,0.0,35.37,111,25.59,183
006207,復華滬深,ETF,0.0,0.0,0.0,0.0,0.0,0.0,0.0,0.0,0.0,0.0,0.0,0.0,0.0,34.2,0.0,0.0,0.0,35.56,111,31.33,183
006208,富邦台50,ETF,0.0,0.0,0.0,0.0,0.0,0.0,0.0,0.0,0.0,0.0,0.0,0.0,0.0,249.1,0.0,0.0,0.0,11.17,23,36.14,135
00625K,富邦上証+R,ETF,0.0,0.0,0.0,0.0,0.0,0.0,0.0,0.0,0.0,0.0,0.0,0.0,0.0,0.0,0.0,0.0,0.0,0.0,0,0.0,0
00631L,元大台灣50正2,ETF,0.0,0.0,0.0,0.0,0.0,0.0,0.0,0.0,0.0,0.0,0.0,0.0,0.0,38.33,0.0,0.0,0.0,15.46,23,69.5,135
00632R,元大台灣50反1,ETF,0.0,0.0,0.0,0.0,0.0,0.0,0.0,0.0,0.0,0.0,0.0,0.0,0.0,10.03,0.0,0.0,0.0,570.14,176,1.98,5
00633L,富邦上証正2,ETF,0.0,0.0,0.0,0.0,0.0,0.0,0.0,0.0,0.0,0.0,0.0,0.0,0.0,53.35,0.0,0.0,0.0,66.07,111,41.09,131
00635U,期元大S&P黃金,ETF,0.0,0.0,0.0,0.0,0.0,0.0,0.0,0.0,0.0,0.0,0.0,0.0,0.0,45.09,0.0,0.0,0.0,17.12,134,26.61,121
00665L,富邦恒生國企正2,ETF,0.0,0.0,0.0,0.0,0.0,0.0,0.0,0.0,0.0,0.0,0.0,0.0,0.0,8.4,0.0,0.0,0.0,68.44,111,29.66,106
00668,國泰美國道瓊,ETF,0.0,0.0,0.0,0.0,0.0,0.0,0.0,0.0,0.0,0.0,0.0,0.0,0.0,59.65,0.0,0.0,0.0,16.52,168,22.17,177
00701,國泰股利精選30,ETF,0.0,0.0,0.0,0.0,0.0,0.0,0.0,0.0,0.0,0.0,0.0,0.0,0.0,39.38,0.0,0.0,0.0,5.89,24,6.12,57
00702,國泰標普低波高息,ETF,0.0,0.0,0.0,0.0,0.0,0.0,0.0,0.0,0.0,0.0,0.0,0.0,0.0,24.24,0.0,0.0,0.0,14.08,167,7.2,183
00703,台新MSCI中國,ETF,0.0,0.0,0.0,0.0,0.0,0.0,0.0,0.0,0.0,0.0,0.0,0.0,0.0,18.65,0.0,0.0,0.0,42.0,111,27.13,106
00706L,期元大S&P日圓正2,ETF,0.0,0.0,0.0,0.0,0.0,0.0,0.0,0.0,0.0,0.0,0.0,0.0,0.0,18.85,0.0,0.0,0.0,21.89,90,254.24,126
00707R,期元大S&P日圓反1,ETF,0.0,0.0,0.0,0.0,0.0,0.0,0.0,0.0,0.0,0.0,0.0,0.0,0.0,32.27,0.0,0.0,0.0,0.0,0,10.87,159
00708L,期元大S&P黃金正2,ETF,0.0,0.0,0.0,0.0,0.0,0.0,0.0,0.0,0.0,0.0,0.0,0.0,0.0,80.9,0.0,0.0,0.0,35.97,134,58.38,121
00709,富邦歐洲,ETF,0.0,0.0,0.0,0.0,0.0,0.0,0.0,0.0,0.0,0.0,0.0,0.0,0.0,39.32,0.0,0.0,0.0,4.73,77,16.48,182
00710B,復華彭博非投等債,ETF,0.0,0.0,0.0,0.0,0.0,0.0,0.0,0.0,0.0,0.0,0.0,0.0,0.0,18.74,0.0,0.0,0.0,2.65,168,8.55,181
00711B,復華彭博新興債,ETF,0.0,0.0,0.0,0.0,0.0,0.0,0.0,0.0,0.0,0.0,0.0,0.0,0.0,16.08,0.0,0.0,0.0,4.94,92,15.4,160
00712,復華富時不動產,ETF,0.0,0.0,0.0,0.0,0.0,0.0,0.0,0.0,0.0,0.0,0.0,0.0,0.0,8.6,0.0,0.0,0.0,5.3,29,15.2,82
00713,元大台灣高息低波,ETF,0.0,0.0,0.0,0.0,0.0,0.0,0.0,0.0,0.0,0.0,0.0,0.0,0.0,61.7,0.0,0.0,0.0,0.0,0,0.0,0
00714,群益道瓊美國地產,ETF,0.0,0.0,0.0,0.0,0.0,0.0,0.0,0.0,0.0,0.0,0.0,0.0,0.0,21.44,0.0,0.0,0.0,17.27,163,6.97,127
00715L,期街口布蘭特正2,ETF,0.0,0.0,0.0,0.0,0.0,0.0,0.0,0.0,0.0,0.0,0.0,0.0,0.0,37.35,0.0,0.0,0.0,9.34,17,51.81,176
00717,富邦美國特別股,ETF,0.0,0.0,0.0,0.0,0.0,0.0,0.0,0.0,0.0,0.0,0.0,0.0,0.0,15.07,0.0,0.0,0.0,6.2,120,9.53,182
00728,第一金工業30,ETF,0.0,0.0,0.0,0.0,0.0,0.0,0.0,0.0,0.0,0.0,0.0,0.0,0.0,64.3,0.0,0.0,0.0,6.15,23,18.92,138
00730,富邦臺灣優質高息,ETF,0.0,0.0,0.0,0.0,0.0,0.0,0.0,0.0,0.0,0.0,0.0,0.0,0.0,28.97,0.0,0.0,0.0,4.8,120,19.34,75
00731,復華富時高息低波,ETF,0.0,0.0,0.0,0.0,0.0,0.0,0.0,0.0,0.0,0.0,0.0,0.0,0.0,91.55,0.0,0.0,0.0,5.71,23,3.76,183
00700,富邦恒生國企,ETF,0.0,0.0,0.0,0.0,0.0,0.0,0.0,0.0,0.0,0.0,0.0,0.0,0.0,16.1,0.0,0.0,0.0,39.48,111,17.26,106
00666R,富邦恒生國企反1,ETF,0.0,0.0,0.0,0.0,0.0,0.0,0.0,0.0,0.0,0.0,0.0,0.0,0.0,9.66,0.0,0.0,0.0,7.12,48,1.93,1
00668K,國泰美國道瓊+U,ETF,0.0,0.0,0.0,0.0,0.0,0.0,0.0,0.0,0.0,0.0,0.0,0.0,0.0,18.83,0.0,0.0,0.0,16.11,170,15.44,177
00669R,國泰美國道瓊反1,ETF,0.0,0.0,0.0,0.0,0.0,0.0,0.0,0.0,0.0,0.0,0.0,0.0,0.0,5.3,0.0,0.0,0.0,0.97,51,0.63,5
00670L,富邦NASDAQ正2,ETF,0.0,0.0,0.0,0.0,0.0,0.0,0.0,0.0,0.0,0.0,0.0,0.0,0.0,214.2,0.0,0.0,0.0,13.94,182,38.39,134
00671R,富邦NASDAQ反1,ETF,0.0,0.0,0.0,0.0,0.0,0.0,0.0,0.0,0.0,0.0,0.0,0.0,0.0,2.39,0.0,0.0,0.0,11.53,48,0.6,1
00673R,期元大S&P原油反1,ETF,0.0,0.0,0.0,0.0,0.0,0.0,0.0,0.0,0.0,0.0,0.0,0.0,0.0,14.99,0.0,0.0,0.0,13.44,85,371.59,182
00674R,期元大S&P黃金反1,ETF,0.0,0.0,0.0,0.0,0.0,0.0,0.0,0.0,0.0,0.0,0.0,0.0,0.0,28.42,0.0,0.0,0.0,1.03,9,3.49,43
00675L,富邦臺灣加權正2,ETF,0.0,0.0,0.0,0.0,0.0,0.0,0.0,0.0,0.0,0.0,0.0,0.0,0.0,338.45,0.0,0.0,0.0,15.09,23,69.55,135
00676R,富邦臺灣加權反1,ETF,0.0,0.0,0.0,0.0,0.0,0.0,0.0,0.0,0.0,0.0,0.0,0.0,0.0,5.53,0.0,0.0,0.0,13.3,48,2.13,5
00678,群益那斯達克生技,ETF,0.0,0.0,0.0,0.0,0.0,0.0,0.0,0.0,0.0,0.0,0.0,0.0,0.0,36.57,0.0,0.0,0.0,11.72,41,45.81,163
00680L,元大美債20正2,ETF,0.0,0.0,0.0,0.0,0.0,0.0,0.0,0.0,0.0,0.0,0.0,0.0,0.0,7.11,0.0,0.0,0.0,14.22,85,14.31,126
00681R,元大美債20反1,ETF,0.0,0.0,0.0,0.0,0.0,0.0,0.0,0.0,0.0,0.0,0.0,0.0,0.0,20.76,0.0,0.0,0.0,4.78,149,1.51,29
00682U,期元大美元指數,ETF,0.0,0.0,0.0,0.0,0.0,0.0,0.0,0.0,0.0,0.0,0.0,0.0,0.0,20.54,0.0,0.0,0.0,2.16,161,2.64,155
00683L,期元大美元指正2,ETF,0.0,0.0,0.0,0.0,0.0,0.0,0.0,0.0,0.0,0.0,0.0,0.0,0.0,21.63,0.0,0.0,0.0,4.49,178,4.62,160
00684R,期元大美元指反1,ETF,0.0,0.0,0.0,0.0,0.0,0.0,0.0,0.0,0.0,0.0,0.0,0.0,0.0,0.0,0.0,0.0,0.0,4.33,99,2.22,14
00685L,群益臺灣加權正2,ETF,0.0,0.0,0.0,0.0,0.0,0.0,0.0,0.0,0.0,0.0,0.0,0.0,0.0,306.75,0.0,0.0,0.0,15.22,23,69.46,135
00686R,群益臺灣加權反1,ETF,0.0,0.0,0.0,0.0,0.0,0.0,0.0,0.0,0.0,0.0,0.0,0.0,0.0,1.0,0.0,0.0,0.0,13.68,48,1.36,5
00687C,國泰20年美債+櫃U,上櫃ETF,0.0,0.0,0.0,0.0,0.0,0.0,0.0,0.0,0.0,0.0,0.0,0.0,0.0,9.48,0.0,0.0,0.0,7.79,53,8.31,126
00688L,國泰20年美債正2,ETF,0.0,0.0,0.0,0.0,0.0,0.0,0.0,0.0,0.0,0.0,0.0,0.0,0.0,7.09,0.0,0.0,0.0,14.17,85,14.18,126
00689R,國泰20年美債反1,ETF,0.0,0.0,0.0,0.0,0.0,0.0,0.0,0.0,0.0,0.0,0.0,0.0,0.0,21.64,0.0,0.0,0.0,5.1,149,2.22,77
00690,兆豐藍籌30,ETF,0.0,0.0,0.0,0.0,0.0,0.0,0.0,0.0,0.0,0.0,0.0,0.0,0.0,82.3,0.0,0.0,0.0,9.09,23,31.56,135
00692,富邦公司治理,ETF,0.0,0.0,0.0,0.0,0.0,0.0,0.0,0.0,0.0,0.0,0.0,0.0,0.0,92.8,0.0,0.0,0.0,9.69,23,32.28,135
00693U,期街口S&P黃豆,ETF,0.0,0.0,0.0,0.0,0.0,0.0,0.0,0.0,0.0,0.0,0.0,0.0,0.0,20.95,0.0,0.0,0.0,0.0,0,7.24,153
1455,集盛,紡織纖維,-0.98,6505126000.0,0.0,0.0,4868961894.34426,0.0,264.97,971.48,43.52,1015.0,0.0,0.0,0.0,10.2,0.0,0.0,0.0,0.0,0,4.91,83
00921,兆豐龍頭等權重,ETF,0.0,0.0,0.0,0.0,0.0,0.0,0.0,0.0,0.0,0.0,0.0,0.0,0.0,23.32,0.0,0.0,0.0,0.0,0,8.17,61
00923,群益台ESG低碳50,ETF,0.0,0.0,0.0,0.0,0.0,0.0,0.0,0.0,0.0,0.0,0.0,0.0,0.0,43.18,0.0,0.0,0.0,8.09,23,24.07,135
1215,卜蜂,食品工業,10.4,28114836000.0,2703349615.3846154,5.45,29658887103.548656,10.97,14.66,4.51,12.28,16.79,134.71,184.19,160.86,115.0,1.4,1.17,1.6,4.11,2,30.94,121
1216,統一,食品工業,3.46,671991806000.0,194217284971.09827,1.77,690970960762.1794,3.56,22.98,8.82,18.76,27.58,66.79,98.18,81.8,74.5,1.1,0.9,1.32,10.67,140,11.54,34
1217,愛之味,食品工業,0.42,5053488000.0,12032114285.714287,0.19,4877153118.167021,0.41,34.23,62.28,17.01,79.29,6.97,32.51,14.04,9.88,1.42,0.71,3.29,8.16,17,2.78,57
1218,泰山,食品工業,1.59,10013154000.0,6297581132.075471,0.82,10625174891.570108,1.69,17.57,63.43,11.07,74.5,18.71,125.9,29.7,17.9,1.66,1.05,7.03,0.45,3,0.0,0
1219,福壽,食品工業,0.45,14343570000.0,31874600000.0,0.23,14337436448.60491,0.45,29.97,34.07,18.89,52.96,8.5,23.83,13.49,12.6,1.07,0.67,1.89,0.79,8,3.82,9
1220,台榮,食品工業,0.08,3429604000.0,42870050000.0,0.04,3316298144.842654,0.08,65.4,594.23,10.77,605.0,0.86,48.4,5.23,11.7,0.45,0.07,4.14,27.87,176,3.65,14
1225,福懋油,食品工業,1.67,12252020000.0,7336538922.155689,0.89,12474942537.955147,1.7,33.63,77.21,16.66,93.87,28.32,159.58,57.17,32.25,1.77,0.88,4.95,95.96,87,20.55,2
1227,佳格,食品工業,1.32,28448173000.0,21551646212.121212,0.68,29114354912.628586,1.35,20.83,10.9,16.73,27.63,22.59,37.3,28.12,29.1,0.97,0.78,1.28,2.59,6,2.11,119
1229,聯華,食品工業,2.6,13281855000.0,5108405769.230769,1.05,12700042531.729004,2.49,20.26,12.39,14.73,27.12,36.68,67.53,50.45,41.9,1.2,0.88,1.61,6.55,20,13.13,117
1231,聯華食,食品工業,3.93,12960746000.0,3297899745.547074,2.02,13172782659.257994,3.99,29.26,23.41,19.25,42.66,76.81,170.21,116.75,87.4,1.34,0.88,1.95,26.42,176,11.59,50
1232,大統益,食品工業,8.25,21469837000.0,2602404484.848485,4.46,22978702834.056366,8.83,18.36,4.16,16.53,20.69,145.96,182.69,162.16,143.0,1.13,1.02,1.28,7.9,125,2.33,9
1233,天仁,食品工業,0.75,2174330000.0,2899106666.6666665,0.39,2194746931.7767854,0.76,36.07,14.02,29.58,43.6,22.48,33.14,27.41,28.0,0.98,0.8,1.18,1.02,20,4.02,168
1234,黑松,食品工業,2.0,9578941000.0,4789470500.0,0.91,8985488444.144983,1.88,17.66,5.49,15.59,21.08,29.31,39.63,33.19,34.85,0.95,0.84,1.14,1.01,2,2.06,9
1235,興泰,食品工業,0.16,176147000.0,1100918750.0,0.08,243904305.0671106,0.22,99.79,553.92,14.5,568.42,3.19,125.05,21.95,37.65,0.58,0.08,3.32,79.71,132,1.87,13
1236,宏亞,食品工業,-0.43,1881933000.0,0.0,0.0,1795533393.3058994,0.0,151.97,91.0,99.38,190.38,0.0,0.0,0.0,25.8,0.0,0.0,0.0,5.56,15,23.37,107
1240,茂生農經,農業科技業,5.02,2763166000.0,550431474.1035857,2.56,2799648800.327336,5.09,12.04,3.74,10.61,14.35,54.0,73.04,61.27,58.4,1.05,0.92,1.25,5.02,70,10.59,70
1256,鮮活果汁-KY,食品工業,11.18,3940213000.0,352434078.7119857,7.04,5940797407.504643,16.86,15.85,8.86,12.03,20.89,202.83,352.21,267.2,181.5,1.47,1.12,1.94,2.01,6,52.94,85
1264,德麥,食品工業,20.47,6763586000.0,330414557.88959455,10.92,6955071547.769829,21.05,14.91,4.19,12.83,17.02,270.07,358.27,313.81,271.5,1.16,0.99,1.32,1.26,23,1.41,26
1294,漢田生技,食品工業,4.67,752425000.0,161118843.6830835,2.83,963606916.585333,5.98,15.52,9.23,12.27,21.5,73.37,128.57,92.81,79.0,1.17,0.93,1.63,1.03,9,20.38,85
1213,大飲,食品工業,-0.86,293246000.0,0.0,0.0,334816175.7152336,0.0,1.35,0.83,1.06,1.89,0.0,0.0,0.0,8.33,0.0,0.0,0.0,130.98,183,0.38,29
1295,生合,食品工業,5.32,794064000.0,149260150.37593985,3.39,1267394267.4530833,8.49,18.48,20.13,9.64,29.77,81.84,252.75,156.89,50.1,3.13,1.63,5.04,36.57,100,45.12,79
1210,大成,食品工業,4.32,102153533000.0,23646651157.407406,2.3,107415866628.3132,4.54,12.97,5.11,10.43,15.54,47.35,70.55,58.89,54.7,1.08,0.87,1.29,2.1,30,8.7,14
1201,味全,食品工業,0.4,22021377000.0,55053442500.0,0.19,20894992893.18768,0.38,25.13,17.84,17.16,35.0,6.52,13.3,9.55,12.55,0.76,0.52,1.06,0.8,3,2.81,15
020020,元大台股領航N,ETN,0.0,0.0,0.0,0.0,0.0,0.0,0.0,0.0,0.0,0.0,0.0,0.0,0.0,28.8,0.0,0.0,0.0,10.74,23,31.24,133
020025,統一亞洲半導體N,指數投資證券(ETN),0.0,0.0,0.0,0.0,0.0,0.0,0.0,0.0,0.0,0.0,0.0,0.0,0.0,45.5,0.0,0.0,0.0,9.31,23,71.57,138
020027,元大上櫃ESG成長N,指數投資證券(ETN),0.0,0.0,0.0,0.0,0.0,0.0,0.0,0.0,0.0,0.0,0.0,0.0,0.0,11.57,0.0,0.0,0.0,5.47,23,24.85,125
020028,元大特選電動車N,ETN,0.0,0.0,0.0,0.0,0.0,0.0,0.0,0.0,0.0,0.0,0.0,0.0,0.0,20.65,0.0,0.0,0.0,7.89,23,57.92,133
020029,元大ESG高股息N,ETN,0.0,0.0,0.0,0.0,0.0,0.0,0.0,0.0,0.0,0.0,0.0,0.0,0.0,18.5,0.0,0.0,0.0,2.7,2,3.74,92
020030,統一智慧電動車N,ETN,0.0,0.0,0.0,0.0,0.0,0.0,0.0,0.0,0.0,0.0,0.0,0.0,0.0,19.1,0.0,0.0,0.0,6.7,23,40.45,175
020031,統一IC設計臺灣N,ETN,0.0,0.0,0.0,0.0,0.0,0.0,0.0,0.0,0.0,0.0,0.0,0.0,0.0,11.12,0.0,0.0,0.0,1.53,1,11.23,92
020032,元大綠能N,ETN,0.0,0.0,0.0,0.0,0.0,0.0,0.0,0.0,0.0,0.0,0.0,0.0,0.0,0.0,0.0,0.0,0.0,7.57,27,46.9,132
020033,統一恒生科期N,指數投資證券(ETN),0.0,0.0,0.0,0.0,0.0,0.0,0.0,0.0,0.0,0.0,0.0,0.0,0.0,3.7,0.0,0.0,0.0,42.06,111,26.57,106
020034,元大IC設計N,ETN,0.0,0.0,0.0,0.0,0.0,0.0,0.0,0.0,0.0,0.0,0.0,0.0,0.0,15.24,0.0,0.0,0.0,1.49,2,5.3,23
020035,元大上櫃ESG高息N,指數投資證券(ETN),0.0,0.0,0.0,0.0,0.0,0.0,0.0,0.0,0.0,0.0,0.0,0.0,0.0,0.0,0.0,0.0,0.0,5.82,23,0.0,0
020036,元大金融配息N,ETN,0.0,0.0,0.0,0.0,0.0,0.0,0.0,0.0,0.0,0.0,0.0,0.0,0.0,10.09,0.0,0.0,0.0,0.0,0,0.0,0
020037,元大金融高股息N,ETN,0.0,0.0,0.0,0.0,0.0,0.0,0.0,0.0,0.0,0.0,0.0,0.0,0.0,11.25,0.0,0.0,0.0,11.5,181,0.0,0
020038,元大ESG配息N,ETN,0.0,0.0,0.0,0.0,0.0,0.0,0.0,0.0,0.0,0.0,0.0,0.0,0.0,14.38,0.0,0.0,0.0,2.75,2,3.87,90
020039,元大加權N,ETN,0.0,0.0,0.0,0.0,0.0,0.0,0.0,0.0,0.0,0.0,0.0,0.0,0.0,14.73,0.0,0.0,0.0,7.91,23,30.76,135
020040,元大上櫃ESG龍頭N,指數投資證券(ETN),0.0,0.0,0.0,0.0,0.0,0.0,0.0,0.0,0.0,0.0,0.0,0.0,0.0,12.51,0.0,0.0,0.0,5.98,23,0.0,0
020041,兆豐半導體氣候N,指數投資證券(ETN),0.0,0.0,0.0,0.0,0.0,0.0,0.0,0.0,0.0,0.0,0.0,0.0,0.0,20.26,0.0,0.0,0.0,11.44,127,0.0,0
1101,台泥,水泥工業,-1.61,152985677000.0,0.0,0.0,144000053923.3667,0.0,26.1,17.85,18.11,35.96,0.0,0.0,0.0,24.5,0.0,0.0,0.0,3.1,35,0.0,0
1101B,台泥乙特,水泥工業,0.0,0.0,0.0,0.0,0.0,0.0,0.0,0.0,0.0,0.0,0.0,0.0,0.0,45.25,0.0,0.0,0.0,0.1,10,0.31,13
1102,亞泥,水泥工業,3.0,71952957000.0,23984319000.0,1.38,65350330421.13719,2.72,12.99,5.56,10.15,15.71,27.61,42.73,35.33,35.8,0.99,0.77,1.19,13.29,104,3.18,15
1103,嘉泥,水泥工業,0.84,3024675000.0,3600803571.4285717,0.39,2721563884.3603764,0.76,92.95,609.17,15.83,625.0,12.03,475.0,70.64,13.8,5.12,0.87,34.42,2.46,17,1.37,13
1104,環泥,水泥工業,2.57,7898245000.0,3073247081.7120624,1.25,7514029883.340852,2.44,12.28,5.18,9.57,14.75,23.35,35.99,29.95,29.1,1.03,0.8,1.24,9.33,16,7.55,125
1108,幸福,水泥工業,2.17,4581368000.0,2111229493.0875576,0.95,3663707020.570871,1.74,10.11,8.39,6.32,14.71,11.0,25.6,17.6,13.9,1.27,0.79,1.84,1.49,16,4.36,61
1109,信大,水泥工業,1.03,4413154000.0,4284615533.980582,0.46,3880218965.996682,0.91,12.96,10.7,8.79,19.49,8.0,17.74,11.79,14.65,0.8,0.55,1.21,3.36,20,0.3,15
1110,東泥,水泥工業,0.35,2875841000.0,8216688571.428572,0.16,2429453015.1591454,0.3,48.37,71.47,27.73,99.2,8.32,29.76,14.51,15.55,0.93,0.54,1.91,14.55,44,1.27,14
1203,味王,食品工業,1.81,5788155000.0,3197875690.6077347,0.82,4865860592.383691,1.52,20.5,11.13,14.79,25.92,22.48,39.4,31.17,43.0,0.72,0.52,0.92,8.96,44,3.91,13
02001L,富邦蘋果正二N,ETN,0.0,0.0,0.0,0.0,0.0,0.0,0.0,0.0,0.0,0.0,0.0,0.0,0.0,186.15,0.0,0.0,0.0,28.49,23,146.01,133
1301,台塑,塑膠工業,-1.57,177551951000.0,0.0,0.0,167978018639.16782,0.0,63.33,21.53,52.62,74.15,0.0,0.0,0.0,51.7,0.0,0.0,0.0,0.5,30,23.35,168
1304,台聚,塑膠工業,-2.6,44923032000.0,0.0,0.0,41762399074.32147,0.0,0.0,0.0,0.0,0.0,0.0,0.0,0.0,13.55,0.0,0.0,0.0,16.23,30,26.94,167
1414,東和,紡織纖維,0.19,468559000.0,2466100000.0,0.1,438267972.09279364,0.18,106.76,125.72,48.45,174.17,8.72,31.35,19.22,17.5,1.1,0.5,1.79,17.46,181,4.03,106
1416,廣豐,其他,0.8,357557000.0,446946250.0,0.49,460939263.399351,1.03,17.03,13.05,12.23,25.28,12.6,26.04,17.55,11.1,1.58,1.14,2.35,10.76,111,0.0,0
1417,嘉裕,紡織纖維,0.62,424832000.0,685212903.2258065,0.22,412922892.6474135,0.6,16.29,5.49,13.87,19.36,8.32,11.62,9.77,8.52,1.15,0.98,1.36,3.1,20,12.44,159
1418,東華,紡織纖維,-1.28,6372000.0,0.0,0.0,3151294.117647059,0.0,120.1,446.06,43.94,490.0,0.0,0.0,0.0,18.5,0.0,0.0,0.0,45.44,20,14.88,54
1419,新紡,紡織纖維,4.12,4714640000.0,1144330097.0873785,2.47,5804476453.469134,5.07,17.65,23.17,4.71,27.88,23.88,141.35,89.49,67.1,1.33,0.36,2.11,2.61,16,23.54,159
1423,利華,紡織纖維,4.36,82713000.0,18970871.559633028,2.6,90624470.51635265,4.78,39.15,97.08,8.73,105.81,41.73,505.77,187.13,39.65,4.72,1.05,12.76,13.47,16,6.16,153
1434,福懋,紡織纖維,0.51,27741651000.0,54395394117.64706,0.26,26166615025.881557,0.48,41.17,97.73,16.74,114.47,8.04,54.95,19.76,16.95,1.17,0.47,3.24,0.88,30,9.0,30
1435,中福,其他,-0.41,5981000.0,0.0,0.0,5983000.334448161,0.0,89.33,0.0,89.33,89.33,0.0,0.0,0.0,14.1,0.0,0.0,0.0,3.1,62,8.81,12
1436,華友聯,建材營造,5.4,3875730000.0,717727777.7777777,0.52,2487224155.9444294,3.47,8.33,17.88,3.79,21.67,13.15,75.19,28.91,47.5,0.61,0.28,1.58,35.12,27,7.46,23
1437,勤益控,其他,2.41,937678000.0,389078008.29875517,0.93,845220632.271577,2.17,12.85,12.45,8.86,21.31,19.23,46.24,27.89,29.55,0.94,0.65,1.56,0.0,0,8.07,182
1438,三地開發,建材營造,1.74,988580000.0,568149425.2873564,1.16,2711929263485.477,4773.27,12.32,10.26,7.1,17.36,33890.22,82863.97,58815.24,22.25,2643.38,1523.16,3724.22,60.47,44,10.41,14
1440,南紡,紡織纖維,-0.15,14484020000.0,0.0,0.0,12189465958.58766,0.0,10.38,3.78,8.74,12.52,0.0,0.0,0.0,13.3,0.0,0.0,0.0,6.27,30,10.19,147
1441,大東,紡織纖維,-0.45,1516894000.0,0.0,0.0,1288637898.6020098,0.0,49.04,195.53,4.47,200.0,0.0,0.0,0.0,9.25,0.0,0.0,0.0,36.94,22,0.0,0
1442,名軒,建材營造,3.04,3244173000.0,1067162171.0526316,0.78,1282069054.7681358,1.2,9.22,8.02,6.27,14.29,7.52,17.15,11.06,28.0,0.4,0.27,0.61,34.68,175,1.91,9
1444,力麗,紡織纖維,-0.78,7296992000.0,0.0,0.0,8364808274.697328,0.0,63.43,104.18,24.57,128.75,0.0,0.0,0.0,7.04,0.0,0.0,0.0,6.08,31,1.33,64
1445,大宇,紡織纖維,-0.87,759419000.0,0.0,0.0,621930169.448358,0.0,2.39,0.69,1.97,2.66,0.0,0.0,0.0,11.0,0.0,0.0,0.0,0.0,0,7.87,84
1446,宏和,紡織纖維,1.62,1147559000.0,708369753.0864197,0.47,423465390.4101697,0.6,6.4,15.39,2.42,17.81,1.45,10.69,3.84,16.7,0.23,0.09,0.64,11.54,171,0.0,0
1447,力鵬,紡織纖維,-0.97,28850751000.0,0.0,0.0,27908089249.075516,0.0,128.22,26.4,117.0,143.4,0.0,0.0,0.0,6.03,0.0,0.0,0.0,4.78,22,0.0,0
1449,佳和,紡織纖維,0.13,2420960000.0,18622769230.76923,0.1,3882346644.4897075,0.21,39.07,135.02,14.07,149.09,2.95,31.31,8.2,14.05,0.58,0.21,2.23,61.05,174,13.11,29
1451,年興,紡織纖維,1.76,6154960000.0,3497136363.6363635,0.89,6442844802.214555,1.84,22.9,63.09,7.58,70.67,13.95,130.03,42.14,16.75,2.52,0.83,7.76,2.66,168,1.06,9
1452,宏益,紡織纖維,-0.41,1412669000.0,0.0,0.0,1324292510.7340465,0.0,24.65,19.55,17.73,37.28,0.0,0.0,0.0,11.15,0.0,0.0,0.0,0.29,3,18.26,75
1413,宏洲,紡織纖維,0.45,2159243000.0,4798317777.777778,0.21,1741276280.396594,0.36,24.69,11.67,21.11,32.78,7.6,11.8,8.89,9.44,0.94,0.81,1.25,5.41,176,0.0,0
1303,南亞,塑膠工業,0.57,261237063000.0,458310636842.1053,0.32,286748749032.7984,0.63,80.02,129.93,34.98,164.91,22.04,103.89,50.41,139.0,0.36,0.16,0.75,1.39,3,137.96,168
1410,南染,紡織纖維,0.59,195601000.0,331527118.6440678,0.33,198582834.4496979,0.6,90.3,111.1,45.42,156.52,27.25,93.91,54.18,24.85,2.18,1.1,3.78,2.65,56,0.92,1
1402,遠東新,紡織纖維,1.54,254998414000.0,165583385714.2857,0.79,260800527964.91895,1.58,18.32,10.7,13.66,24.36,21.58,38.49,28.94,28.85,1.0,0.75,1.33,8.64,105,1.8,15
1305,華夏,塑膠工業,-1.58,9311305000.0,0.0,0.0,10557047924.467047,0.0,84.0,96.21,49.17,145.38,0.0,0.0,0.0,13.25,0.0,0.0,0.0,11.83,30,24.63,65
1307,三芳,塑膠工業,2.85,10823937000.0,3797872631.578947,1.48,11148836286.442589,2.94,11.74,9.57,8.3,17.87,24.4,52.54,34.52,36.4,0.95,0.67,1.44,53.55,142,3.18,15
1308,亞聚,塑膠工業,-1.76,5804421000.0,0.0,0.0,5472094266.135919,0.0,0.0,0.0,0.0,0.0,0.0,0.0,0.0,13.95,0.0,0.0,0.0,16.86,30,19.26,167
1309,台達化,塑膠工業,-1.07,14998545000.0,0.0,0.0,11821954441.024525,0.0,0.0,0.0,0.0,0.0,0.0,0.0,0.0,14.75,0.0,0.0,0.0,41.37,104,20.1,169
1310,台苯,塑膠工業,-1.37,9135110000.0,0.0,0.0,7572913883.364248,0.0,0.0,0.0,0.0,0.0,0.0,0.0,0.0,9.26,0.0,0.0,0.0,9.13,29,25.25,62
1312,國喬,塑膠工業,-3.97,21781269000.0,0.0,0.0,26958945090.445633,0.0,0.0,0.0,0.0,0.0,0.0,0.0,0.0,13.5,0.0,0.0,0.0,11.51,30,25.91,167
1312A,國喬特,塑膠工業,0.0,0.0,0.0,0.0,0.0,0.0,0.0,0.0,0.0,0.0,0.0,0.0,0.0,21.75,0.0,0.0,0.0,4.22,115,2.75,167
1313,聯成,塑膠工業,-1.17,61645893000.0,0.0,0.0,59728157751.24065,0.0,0.0,0.0,0.0,0.0,0.0,0.0,0.0,11.6,0.0,0.0,0.0,4.03,30,44.21,169
1314,中石化,塑膠工業,-0.78,20109851000.0,0.0,0.0,13688274001.968466,0.0,73.19,198.75,21.25,220.0,0.0,0.0,0.0,7.78,0.0,0.0,0.0,7.84,16,48.18,141
1315,達新,塑膠工業,1.55,2308500000.0,1489354838.7096775,0.63,1935675144.5904121,1.3,48.65,80.59,18.66,99.25,24.26,129.02,63.25,62.3,1.02,0.39,2.07,1.11,64,1.52,16
1316,上曜,建材營造,-0.52,4057430000.0,0.0,0.0,10075983732.738756,0.0,0.0,0.0,0.0,0.0,0.0,0.0,0.0,10.95,0.0,0.0,0.0,16.88,44,16.25,131
1319,東陽,汽車工業,6.43,25247616000.0,3926534370.139969,2.95,21373754039.53449,5.44,15.33,8.2,11.45,19.65,62.29,106.9,83.37,99.2,0.84,0.63,1.08,0.0,0,1.4,1
1321,大洋,塑膠工業,-1.25,3649201000.0,0.0,0.0,3443553858.67128,0.0,461.39,1855.31,32.19,1887.5,0.0,0.0,0.0,32.15,0.0,0.0,0.0,15.12,62,2.02,58
1323,永裕,塑膠工業,0.25,2033764000.0,8135056000.0,0.13,2048819376.2830536,0.25,48.96,189.94,7.06,197.0,1.76,49.25,12.24,19.8,0.62,0.09,2.49,0.49,1,0.0,0
1324,地球,塑膠工業,-0.82,738507000.0,0.0,0.0,672416590.690247,0.0,332.55,1140.8,29.2,1170.0,0.0,0.0,0.0,10.4,0.0,0.0,0.0,7.01,17,11.31,126
1325,恆大,塑膠工業,-0.7,293967000.0,0.0,0.0,219573934.37059563,0.0,222.2,269.98,67.24,337.22,0.0,0.0,0.0,26.1,0.0,0.0,0.0,6.48,8,1.71,159
1326,台化,塑膠工業,-0.99,292368349000.0,0.0,0.0,307912173529.144,0.0,160.34,473.78,19.55,493.33,0.0,0.0,0.0,54.2,0.0,0.0,0.0,1.55,2,50.21,148
1336,台翰,電子零組件業,0.72,2526028000.0,3508372222.2222223,0.33,2299531591.620313,0.66,14.17,34.02,8.14,42.16,5.37,27.83,9.35,15.0,0.62,0.36,1.86,38.2,97,9.02,15
1337,再生-KY,塑膠工業,-1.74,682900000.0,0.0,0.0,550135302.1897185,0.0,0.0,0.0,0.0,0.0,0.0,0.0,0.0,5.07,0.0,0.0,0.0,8.01,24,4.06,35
1338,廣華-KY,汽車工業,-2.24,5359361000.0,0.0,0.0,5083528260.948733,0.0,0.0,0.0,0.0,0.0,0.0,0.0,0.0,17.2,0.0,0.0,0.0,3.65,111,0.0,0
1339,昭輝,汽車工業,2.42,1708614000.0,706038842.9752066,1.15,1448289133.8620229,2.05,13.8,14.28,8.18,22.46,16.77,46.04,28.29,43.95,0.64,0.38,1.05,0.9,16,1.01,13
1340,勝悅-KY,塑膠工業,-2.61,180630000.0,0.0,0.0,34185146.07697215,0.0,0.0,0.0,0.0,0.0,0.0,0.0,0.0,5.72,0.0,0.0,0.0,21.74,20,24.57,98
1341,富林-KY,塑膠工業,3.71,2590239000.0,698177628.032345,1.99,2653632838.800795,3.8,14.31,5.23,11.51,16.74,43.74,63.61,54.36,62.0,0.88,0.71,1.03,0.99,7,0.45,8
1342,八貫,其他,5.61,2785153000.0,496462210.3386809,3.95,3532215714.0502043,7.11,15.24,8.32,11.43,19.75,81.27,140.42,108.32,116.0,0.93,0.7,1.21,5.78,17,1.88,78
1409,新纖,紡織纖維,1.19,40921487000.0,34387804201.68067,0.63,40676535400.38356,1.18,16.24,16.53,10.38,26.91,12.25,31.75,19.17,25.6,0.75,0.48,1.24,11.59,29,44.72,62
00922,國泰台灣領袖50,ETF,0.0,0.0,0.0,0.0,0.0,0.0,0.0,0.0,0.0,0.0,0.0,0.0,0.0,41.22,0.0,0.0,0.0,9.2,23,27.74,120
020012,富邦行動通訊N,ETN,0.0,0.0,0.0,0.0,0.0,0.0,0.0,0.0,0.0,0.0,0.0,0.0,0.0,24.86,0.0,0.0,0.0,5.09,178,0.0,0
020001,富邦存股雙十N,指數投資證券(ETN),0.0,0.0,0.0,0.0,0.0,0.0,0.0,0.0,0.0,0.0,0.0,0.0,0.0,28.39,0.0,0.0,0.0,0.0,0,0.0,0
00954,中信日本半導體,ETF,0.0,0.0,0.0,0.0,0.0,0.0,0.0,0.0,0.0,0.0,0.0,0.0,0.0,21.84,0.0,0.0,0.0,0.0,0,53.09,138
00956,中信日經高股息,ETF,0.0,0.0,0.0,0.0,0.0,0.0,0.0,0.0,0.0,0.0,0.0,0.0,0.0,12.36,0.0,0.0,0.0,2.32,14,23.95,180
00960,野村全球航運龍頭,ETF,0.0,0.0,0.0,0.0,0.0,0.0,0.0,0.0,0.0,0.0,0.0,0.0,0.0,17.39,0.0,0.0,0.0,26.42,5,4.53,93
00961,FT臺灣永續高息,ETF,0.0,0.0,0.0,0.0,0.0,0.0,0.0,0.0,0.0,0.0,0.0,0.0,0.0,12.91,0.0,0.0,0.0,0.9,6,5.43,134
00962,台新AI優息動能,ETF,0.0,0.0,0.0,0.0,0.0,0.0,0.0,0.0,0.0,0.0,0.0,0.0,0.0,15.0,0.0,0.0,0.0,2.2,77,23.85,135
00963,中信全球高股息,ETF,0.0,0.0,0.0,0.0,0.0,0.0,0.0,0.0,0.0,0.0,0.0,0.0,0.0,12.5,0.0,0.0,0.0,10.92,126,13.64,181
00964,中信亞太高股息,ETF,0.0,0.0,0.0,0.0,0.0,0.0,0.0,0.0,0.0,0.0,0.0,0.0,0.0,14.53,0.0,0.0,0.0,3.8,130,19.18,148
00965,元大航太防衛科技,ETF,0.0,0.0,0.0,0.0,0.0,0.0,0.0,0.0,0.0,0.0,0.0,0.0,0.0,25.74,0.0,0.0,0.0,23.64,181,21.92,138
00971,野村美國研發龍頭,ETF,0.0,0.0,0.0,0.0,0.0,0.0,0.0,0.0,0.0,0.0,0.0,0.0,0.0,16.67,0.0,0.0,0.0,2.54,40,27.06,168
00972,野村日本動能高息,ETF,0.0,0.0,0.0,0.0,0.0,0.0,0.0,0.0,0.0,0.0,0.0,0.0,0.0,19.4,0.0,0.0,0.0,11.48,70,24.54,180
009800,中信NASDAQ,ETF,0.0,0.0,0.0,0.0,0.0,0.0,0.0,0.0,0.0,0.0,0.0,0.0,0.0,13.18,0.0,0.0,0.0,2.4,7,24.89,168
009801,中信美國創新科技,ETF,0.0,0.0,0.0,0.0,0.0,0.0,0.0,0.0,0.0,0.0,0.0,0.0,0.0,12.42,0.0,0.0,0.0,2.3,170,27.54,134
009802,富邦旗艦50,ETF,0.0,0.0,0.0,0.0,0.0,0.0,0.0,0.0,0.0,0.0,0.0,0.0,0.0,19.89,0.0,0.0,0.0,8.98,175,17.15,133
009803,玉山市值動能50,ETF,0.0,0.0,0.0,0.0,0.0,0.0,0.0,0.0,0.0,0.0,0.0,0.0,0.0,21.97,0.0,0.0,0.0,19.15,183,29.05,134
009804,聯邦台精彩50,ETF,0.0,0.0,0.0,0.0,0.0,0.0,0.0,0.0,0.0,0.0,0.0,0.0,0.0,24.37,0.0,0.0,0.0,40.06,183,27.59,135
009805,新光美國電力基建,ETF,0.0,0.0,0.0,0.0,0.0,0.0,0.0,0.0,0.0,0.0,0.0,0.0,0.0,16.67,0.0,0.0,0.0,30.77,174,28.69,138
00953B,群益優選非投等債,ETF,0.0,0.0,0.0,0.0,0.0,0.0,0.0,0.0,0.0,0.0,0.0,0.0,0.0,9.61,0.0,0.0,0.0,4.61,166,7.14,167
009806,台新標普500,上櫃ETF,0.0,0.0,0.0,0.0,0.0,0.0,0.0,0.0,0.0,0.0,0.0,0.0,0.0,13.15,0.0,0.0,0.0,19.04,184,19.46,170
00952,凱基台灣AI50,ETF,0.0,0.0,0.0,0.0,0.0,0.0,0.0,0.0,0.0,0.0,0.0,0.0,0.0,18.6,0.0,0.0,0.0,4.12,92,27.98,138
00924,復華S&P500成長,ETF,0.0,0.0,0.0,0.0,0.0,0.0,0.0,0.0,0.0,0.0,0.0,0.0,0.0,32.3,0.0,0.0,0.0,13.54,182,25.19,170
00926,凱基全球菁英55,ETF,0.0,0.0,0.0,0.0,0.0,0.0,0.0,0.0,0.0,0.0,0.0,0.0,0.0,24.81,0.0,0.0,0.0,7.62,177,23.93,168
00927,群益半導體收益,ETF,0.0,0.0,0.0,0.0,0.0,0.0,0.0,0.0,0.0,0.0,0.0,0.0,0.0,41.25,0.0,0.0,0.0,5.83,23,26.4,135
00929,復華台灣科技優息,ETF,0.0,0.0,0.0,0.0,0.0,0.0,0.0,0.0,0.0,0.0,0.0,0.0,0.0,31.1,0.0,0.0,0.0,1.46,1,7.4,133
00930,永豐ESG低碳高息,ETF,0.0,0.0,0.0,0.0,0.0,0.0,0.0,0.0,0.0,0.0,0.0,0.0,0.0,25.51,0.0,0.0,0.0,1.69,2,4.04,131
00932,兆豐永續高息等權,ETF,0.0,0.0,0.0,0.0,0.0,0.0,0.0,0.0,0.0,0.0,0.0,0.0,0.0,17.68,0.0,0.0,0.0,1.55,23,5.67,96
00934,中信成長高股息,ETF,0.0,0.0,0.0,0.0,0.0,0.0,0.0,0.0,0.0,0.0,0.0,0.0,0.0,28.72,0.0,0.0,0.0,3.35,23,18.16,134
00935,野村臺灣新科技50,ETF,0.0,0.0,0.0,0.0,0.0,0.0,0.0,0.0,0.0,0.0,0.0,0.0,0.0,62.25,0.0,0.0,0.0,9.4,23,41.1,175
00936,台新永續高息中小,ETF,0.0,0.0,0.0,0.0,0.0,0.0,0.0,0.0,0.0,0.0,0.0,0.0,0.0,20.6,0.0,0.0,0.0,0.0,0,8.83,138
00938,凱基優選30,ETF,0.0,0.0,0.0,0.0,0.0,0.0,0.0,0.0,0.0,0.0,0.0,0.0,0.0,25.06,0.0,0.0,0.0,0.0,0,17.72,131
00939,統一台灣高息動能,ETF,0.0,0.0,0.0,0.0,0.0,0.0,0.0,0.0,0.0,0.0,0.0,0.0,0.0,21.95,0.0,0.0,0.0,1.21,2,4.97,135
00940,元大台灣價值高息,ETF,0.0,0.0,0.0,0.0,0.0,0.0,0.0,0.0,0.0,0.0,0.0,0.0,0.0,12.7,0.0,0.0,0.0,2.37,2,7.72,134
00941,中信上游半導體,ETF,0.0,0.0,0.0,0.0,0.0,0.0,0.0,0.0,0.0,0.0,0.0,0.0,0.0,28.6,0.0,0.0,0.0,3.75,23,33.15,177
00943,兆豐電子高息等權,ETF,0.0,0.0,0.0,0.0,0.0,0.0,0.0,0.0,0.0,0.0,0.0,0.0,0.0,22.81,0.0,0.0,0.0,1.99,17,11.24,131
00944,野村趨勢動能高息,ETF,0.0,0.0,0.0,0.0,0.0,0.0,0.0,0.0,0.0,0.0,0.0,0.0,0.0,22.17,0.0,0.0,0.0,2.83,17,3.71,177
00945B,凱基美國非投等債,ETF,0.0,0.0,0.0,0.0,0.0,0.0,0.0,0.0,0.0,0.0,0.0,0.0,0.0,14.43,0.0,0.0,0.0,2.92,168,7.81,166
00946,群益科技高息成長,ETF,0.0,0.0,0.0,0.0,0.0,0.0,0.0,0.0,0.0,0.0,0.0,0.0,0.0,15.4,0.0,0.0,0.0,0.83,1,19.33,135
00947,台新臺灣IC設計,ETF,0.0,0.0,0.0,0.0,0.0,0.0,0.0,0.0,0.0,0.0,0.0,0.0,0.0,41.3,0.0,0.0,0.0,2.01,2,33.81,177
00949,復華日本龍頭,ETF,0.0,0.0,0.0,0.0,0.0,0.0,0.0,0.0,0.0,0.0,0.0,0.0,0.0,20.78,0.0,0.0,0.0,6.45,16,19.42,180
00951,台新日本半導體,ETF,0.0,0.0,0.0,0.0,0.0,0.0,0.0,0.0,0.0,0.0,0.0,0.0,0.0,20.46,0.0,0.0,0.0,7.52,6,51.06,139
020011,統一微波高息20N,ETN,0.0,0.0,0.0,0.0,0.0,0.0,0.0,0.0,0.0,0.0,0.0,0.0,0.0,0.0,0.0,0.0,0.0,0.0,0,0.0,0
009807,台新標普科技精選,上櫃ETF,0.0,0.0,0.0,0.0,0.0,0.0,0.0,0.0,0.0,0.0,0.0,0.0,0.0,16.76,0.0,0.0,0.0,34.33,156,30.55,135
009809,富邦淨零ESG50,ETF,0.0,0.0,0.0,0.0,0.0,0.0,0.0,0.0,0.0,0.0,0.0,0.0,0.0,17.67,0.0,0.0,0.0,32.93,182,32.93,182
00984B,大華優利美A債15,上櫃ETF,0.0,0.0,0.0,0.0,0.0,0.0,0.0,0.0,0.0,0.0,0.0,0.0,0.0,16.54,0.0,0.0,0.0,12.68,163,14.26,162
00984D,主動聯博全球非投,ETF,0.0,0.0,0.0,0.0,0.0,0.0,0.0,0.0,0.0,0.0,0.0,0.0,0.0,10.11,0.0,0.0,0.0,1.5,85,1.5,85
00985A,主動野村台灣50,ETF,0.0,0.0,0.0,0.0,0.0,0.0,0.0,0.0,0.0,0.0,0.0,0.0,0.0,22.47,0.0,0.0,0.0,45.87,183,45.87,183
00985B,群益ESG投等債0-5,ETF,0.0,0.0,0.0,0.0,0.0,0.0,0.0,0.0,0.0,0.0,0.0,0.0,0.0,10.18,0.0,0.0,0.0,4.84,144,4.84,144
00985D,主動貝萊德優投等,上櫃ETF,0.0,0.0,0.0,0.0,0.0,0.0,0.0,0.0,0.0,0.0,0.0,0.0,0.0,10.21,0.0,0.0,0.0,2.49,77,2.49,77
00986A,主動台新龍頭成長,ETF,0.0,0.0,0.0,0.0,0.0,0.0,0.0,0.0,0.0,0.0,0.0,0.0,0.0,15.35,0.0,0.0,0.0,23.01,183,23.01,183
00986B,FT金融債10+,上櫃ETF,0.0,0.0,0.0,0.0,0.0,0.0,0.0,0.0,0.0,0.0,0.0,0.0,0.0,9.92,0.0,0.0,0.0,2.59,64,2.59,64
00986D,主動復華金融債息,上櫃ETF,0.0,0.0,0.0,0.0,0.0,0.0,0.0,0.0,0.0,0.0,0.0,0.0,0.0,14.75,0.0,0.0,0.0,0.0,0,0.0,0
00987A,主動台新優勢成長,ETF,0.0,0.0,0.0,0.0,0.0,0.0,0.0,0.0,0.0,0.0,0.0,0.0,0.0,17.83,0.0,0.0,0.0,81.06,153,81.06,153
00987B,野村10+澳洲公債,上櫃ETF,0.0,0.0,0.0,0.0,0.0,0.0,0.0,0.0,0.0,0.0,0.0,0.0,0.0,15.99,0.0,0.0,0.0,6.19,39,6.19,39
00988A,主動統一全球創新,ETF,0.0,0.0,0.0,0.0,0.0,0.0,0.0,0.0,0.0,0.0,0.0,0.0,0.0,22.96,0.0,0.0,0.0,76.64,180,76.64,180
00988B,玉山嚴選非投債,上櫃ETF,0.0,0.0,0.0,0.0,0.0,0.0,0.0,0.0,0.0,0.0,0.0,0.0,0.0,19.78,0.0,0.0,0.0,0.65,16,0.65,16
00989A,主動摩根美國科技,ETF,0.0,0.0,0.0,0.0,0.0,0.0,0.0,0.0,0.0,0.0,0.0,0.0,0.0,18.01,0.0,0.0,0.0,5.53,6,5.53,6
00989B,台新美國非投等債,上櫃ETF,0.0,0.0,0.0,0.0,0.0,0.0,0.0,0.0,0.0,0.0,0.0,0.0,0.0,10.1,0.0,0.0,0.0,1.61,78,1.61,78
00990A,主動元大AI新經濟,ETF,0.0,0.0,0.0,0.0,0.0,0.0,0.0,0.0,0.0,0.0,0.0,0.0,0.0,20.97,0.0,0.0,0.0,110.26,163,110.26,163
00991A,主動復華未來50,ETF,0.0,0.0,0.0,0.0,0.0,0.0,0.0,0.0,0.0,0.0,0.0,0.0,0.0,20.68,0.0,0.0,0.0,114.08,182,114.08,182
00992A,主動群益科技創新,ETF,0.0,0.0,0.0,0.0,0.0,0.0,0.0,0.0,0.0,0.0,0.0,0.0,0.0,18.98,0.0,0.0,0.0,82.85,170,82.85,170
00993A,主動安聯台灣,ETF,0.0,0.0,0.0,0.0,0.0,0.0,0.0,0.0,0.0,0.0,0.0,0.0,0.0,14.29,0.0,0.0,0.0,44.49,135,44.49,135
00994A,主動第一金台股優,ETF,0.0,0.0,0.0,0.0,0.0,0.0,0.0,0.0,0.0,0.0,0.0,0.0,0.0,18.07,0.0,0.0,0.0,87.77,140,87.77,140
00995A,主動中信台灣卓越,ETF,0.0,0.0,0.0,0.0,0.0,0.0,0.0,0.0,0.0,0.0,0.0,0.0,0.0,18.41,0.0,0.0,0.0,81.02,147,81.02,147
00996A,主動兆豐台灣豐收,ETF,0.0,0.0,0.0,0.0,0.0,0.0,0.0,0.0,0.0,0.0,0.0,0.0,0.0,16.06,0.0,0.0,0.0,54.13,85,54.13,85
00997A,主動群益美國增長,ETF,0.0,0.0,0.0,0.0,0.0,0.0,0.0,0.0,0.0,0.0,0.0,0.0,0.0,14.43,0.0,0.0,0.0,35.49,65,35.49,65
00998A,主動復華金融股息,上櫃ETF,0.0,0.0,0.0,0.0,0.0,0.0,0.0,0.0,0.0,0.0,0.0,0.0,0.0,16.88,0.0,0.0,0.0,7.74,61,7.74,61
00999A,主動野村臺灣高息,ETF,0.0,0.0,0.0,0.0,0.0,0.0,0.0,0.0,0.0,0.0,0.0,0.0,0.0,11.31,0.0,0.0,0.0,12.18,29,12.18,29
020000,富邦特選蘋果N,ETN,0.0,0.0,0.0,0.0,0.0,0.0,0.0,0.0,0.0,0.0,0.0,0.0,0.0,35.06,0.0,0.0,0.0,11.52,23,58.97,133
00984A,主動安聯台灣高息,ETF,0.0,0.0,0.0,0.0,0.0,0.0,0.0,0.0,0.0,0.0,0.0,0.0,0.0,16.93,0.0,0.0,0.0,18.78,184,18.78,184
009808,華南永昌優選50,ETF,0.0,0.0,0.0,0.0,0.0,0.0,0.0,0.0,0.0,0.0,0.0,0.0,0.0,32.0,0.0,0.0,0.0,33.51,168,30.38,135
00983D,主動富邦複合收益,ETF,0.0,0.0,0.0,0.0,0.0,0.0,0.0,0.0,0.0,0.0,0.0,0.0,0.0,10.12,0.0,0.0,0.0,3.18,93,3.18,93
00983A,主動中信ARK創新,ETF,0.0,0.0,0.0,0.0,0.0,0.0,0.0,0.0,0.0,0.0,0.0,0.0,0.0,11.92,0.0,0.0,0.0,33.07,113,33.07,113
00980A,主動野村臺灣優選,ETF,0.0,0.0,0.0,0.0,0.0,0.0,0.0,0.0,0.0,0.0,0.0,0.0,0.0,25.05,0.0,0.0,0.0,50.91,182,34.44,177
00980B,台新特選IG債10+,上櫃ETF,0.0,0.0,0.0,0.0,0.0,0.0,0.0,0.0,0.0,0.0,0.0,0.0,0.0,9.57,0.0,0.0,0.0,3.82,41,9.57,126
00980D,主動聯博投等入息,上櫃ETF,0.0,0.0,0.0,0.0,0.0,0.0,0.0,0.0,0.0,0.0,0.0,0.0,0.0,20.43,0.0,0.0,0.0,4.57,164,4.57,164
00980T,平衡凱基美國TOP,上櫃ETF,0.0,0.0,0.0,0.0,0.0,0.0,0.0,0.0,0.0,0.0,0.0,0.0,0.0,11.32,0.0,0.0,0.0,10.6,76,10.6,76
009810,玉山全球藍籌100,ETF,0.0,0.0,0.0,0.0,0.0,0.0,0.0,0.0,0.0,0.0,0.0,0.0,0.0,20.41,0.0,0.0,0.0,25.76,181,25.76,181
009811,統一美國50,ETF,0.0,0.0,0.0,0.0,0.0,0.0,0.0,0.0,0.0,0.0,0.0,0.0,0.0,12.82,0.0,0.0,0.0,16.23,168,16.23,168
009812,野村日本東證,ETF,0.0,0.0,0.0,0.0,0.0,0.0,0.0,0.0,0.0,0.0,0.0,0.0,0.0,12.52,0.0,0.0,0.0,24.72,146,24.72,146
009813,貝萊德標普卓越50,ETF,0.0,0.0,0.0,0.0,0.0,0.0,0.0,0.0,0.0,0.0,0.0,0.0,0.0,11.02,0.0,0.0,0.0,6.57,85,6.57,85
009814,富邦標普500,上櫃ETF,0.0,0.0,0.0,0.0,0.0,0.0,0.0,0.0,0.0,0.0,0.0,0.0,0.0,10.99,0.0,0.0,0.0,11.32,165,11.32,165
009815,大華美國MAG7+,上櫃ETF,0.0,0.0,0.0,0.0,0.0,0.0,0.0,0.0,0.0,0.0,0.0,0.0,0.0,11.2,0.0,0.0,0.0,15.55,128,15.55,128
009816,凱基台灣TOP50,ETF,0.0,0.0,0.0,0.0,0.0,0.0,0.0,0.0,0.0,0.0,0.0,0.0,0.0,15.68,0.0,0.0,0.0,53.26,120,53.26,120
009817,國泰日本不動產,ETF,0.0,0.0,0.0,0.0,0.0,0.0,0.0,0.0,0.0,0.0,0.0,0.0,0.0,8.65,0.0,0.0,0.0,2.11,5,2.11,5
009818,華南永昌NASDAQxT,ETF,0.0,0.0,0.0,0.0,0.0,0.0,0.0,0.0,0.0,0.0,0.0,0.0,0.0,19.76,0.0,0.0,0.0,37.15,72,37.15,72
009819,中信數據及電力,ETF,0.0,0.0,0.0,0.0,0.0,0.0,0.0,0.0,0.0,0.0,0.0,0.0,0.0,10.49,0.0,0.0,0.0,0.0,0,0.0,0
00981A,主動統一台股增長,ETF,0.0,0.0,0.0,0.0,0.0,0.0,0.0,0.0,0.0,0.0,0.0,0.0,0.0,31.5,0.0,0.0,0.0,61.27,184,52.7,177
00981B,第一金優選非投債,上櫃ETF,0.0,0.0,0.0,0.0,0.0,0.0,0.0,0.0,0.0,0.0,0.0,0.0,0.0,9.18,0.0,0.0,0.0,0.5,16,5.73,182
00981D,主動中信非投等債,上櫃ETF,0.0,0.0,0.0,0.0,0.0,0.0,0.0,0.0,0.0,0.0,0.0,0.0,0.0,10.33,0.0,0.0,0.0,6.6,78,6.6,78
00981T,平衡凱基雙核收息,ETF,0.0,0.0,0.0,0.0,0.0,0.0,0.0,0.0,0.0,0.0,0.0,0.0,0.0,12.22,0.0,0.0,0.0,15.52,154,15.52,154
009820,元大納斯達克精選,ETF,0.0,0.0,0.0,0.0,0.0,0.0,0.0,0.0,0.0,0.0,0.0,0.0,0.0,10.12,0.0,0.0,0.0,9.01,41,9.01,41
009821,野村稀土關鍵資源,ETF,0.0,0.0,0.0,0.0,0.0,0.0,0.0,0.0,0.0,0.0,0.0,0.0,0.0,15.56,0.0,0.0,0.0,1.83,1,1.83,1
009822,華南永昌未來金融,上櫃ETF,0.0,0.0,0.0,0.0,0.0,0.0,0.0,0.0,0.0,0.0,0.0,0.0,0.0,9.86,0.0,0.0,0.0,0.0,0,0.0,0
00982A,主動群益台灣強棒,ETF,0.0,0.0,0.0,0.0,0.0,0.0,0.0,0.0,0.0,0.0,0.0,0.0,0.0,24.83,0.0,0.0,0.0,46.93,165,38.69,138
00982B,FT投資級債20+,上櫃ETF,0.0,0.0,0.0,0.0,0.0,0.0,0.0,0.0,0.0,0.0,0.0,0.0,0.0,9.94,0.0,0.0,0.0,1.09,183,10.55,132
00982D,主動富邦動態入息,ETF,0.0,0.0,0.0,0.0,0.0,0.0,0.0,0.0,0.0,0.0,0.0,0.0,0.0,9.97,0.0,0.0,0.0,2.29,133,2.29,133
00982T,平衡兆豐台美動能,ETF,0.0,0.0,0.0,0.0,0.0,0.0,0.0,0.0,0.0,0.0,0.0,0.0,0.0,15.82,0.0,0.0,0.0,57.5,159,57.5,159
00983B,大華優利美公債20,上櫃ETF,0.0,0.0,0.0,0.0,0.0,0.0,0.0,0.0,0.0,0.0,0.0,0.0,0.0,15.83,0.0,0.0,0.0,9.77,163,12.94,162
2458,義隆,半導體業,11.35,12381283000.0,1090861938.3259912,5.76,12691395913.430504,11.63,15.52,8.32,10.62,18.94,123.51,220.27,180.55,172.0,1.05,0.72,1.28,2.17,2,7.91,92
3645,達邁,電子工業,1.54,2380724000.0,1545924675.3246753,0.8,2448950458.7933497,1.58,49.61,62.22,23.74,85.96,37.51,135.82,78.38,94.3,0.83,0.4,1.44,41.94,66,29.82,77
3646,艾恩特,電子零組件業,0.56,666283000.0,1189791071.4285712,0.3,706330000.2246035,0.59,33.54,134.07,17.18,151.25,10.14,89.24,19.79,23.5,0.84,0.43,3.8,4.83,29,1.55,85
3652,精聯,電子工業,1.34,2479109000.0,1850081343.283582,0.72,2841576730.4976554,1.54,33.94,64.84,17.97,82.81,27.67,127.53,52.27,40.2,1.3,0.69,3.17,56.33,65,19.96,30
3653,健策,電子工業,36.76,20056537000.0,545607644.1784549,21.63,23896434255.113346,43.8,72.21,119.89,31.53,151.42,1381.01,6632.2,3162.62,3965.0,0.8,0.35,1.67,55.17,146,97.42,170
3661,世芯-KY,半導體業,69.19,34151314000.0,493587425.9286024,19.52,15647945681.14042,31.7,43.92,54.44,24.34,78.78,771.58,2497.33,1392.13,4380.0,0.32,0.18,0.57,22.12,183,53.48,58
3663,鑫科,其他電子類,-0.08,5546540000.0,0.0,0.0,8493368861.779782,0.0,261.75,855.33,61.67,917.0,0.0,0.0,0.0,85.7,0.0,0.0,0.0,140.74,63,9.58,36
3664,安瑞-KY,通信網路業,-6.04,903104000.0,0.0,0.0,597906355.8639253,0.0,1209.94,2869.5,150.5,3020.0,0.0,0.0,0.0,6.75,0.0,0.0,0.0,3.09,17,15.42,79
3665,貿聯-KY,其他電子業,46.62,69203806000.0,1484423123.1231232,28.45,90295201001.4234,60.83,33.18,47.47,16.19,63.66,984.84,3872.44,2018.53,2100.0,0.96,0.47,1.84,118.59,169,114.01,155
3666,光耀,光電業,-3.46,494144000.0,0.0,0.0,378317791.4602147,0.0,0.0,0.0,0.0,0.0,0.0,0.0,0.0,25.9,0.0,0.0,0.0,21.86,8,13.1,176
3672,康聯訊,通信網路業,-2.28,245875000.0,0.0,0.0,195836119.19393715,0.0,0.0,0.0,0.0,0.0,0.0,0.0,0.0,12.05,0.0,0.0,0.0,11.7,132,2.37,23
3673,TPK-KY,光電業,2.72,62851973000.0,23107343014.70588,1.57,71480011552.04489,3.09,30.2,81.99,16.01,98.0,49.47,302.82,93.32,86.2,1.08,0.57,3.51,36.8,28,37.17,174
3675,德微,半導體業,2.66,2639156000.0,992163909.774436,1.44,2949521354.9834275,2.97,41.64,131.88,14.57,146.45,43.27,434.96,123.66,368.5,0.34,0.12,1.18,18.88,13,19.06,131
3679,新至陞,電子工業,9.77,4556910000.0,466418628.45445246,4.47,3920723924.021796,8.41,12.3,9.97,8.19,18.16,68.88,152.73,103.48,111.0,0.93,0.62,1.38,11.99,43,3.08,35
3680,家登,半導體業,9.43,7056171000.0,748268398.7274655,5.75,8775388615.886711,11.73,44.22,42.55,23.56,66.11,276.36,775.47,518.72,542.0,0.96,0.51,1.43,42.15,111,0.67,7
3632,研勤,通信網路業,-0.38,268980000.0,0.0,0.0,280096938.86874336,0.0,151.16,19.0,139.5,158.5,0.0,0.0,0.0,8.12,0.0,0.0,0.0,10.84,20,1.37,9
3630,新鉅科,光電業,1.8,2218172000.0,1232317777.7777777,1.03,2604274417.2222214,2.11,21.29,25.13,11.92,37.05,25.15,78.18,44.92,34.8,1.29,0.72,2.25,10.63,24,82.82,85
3592,瑞鼎,電子工業,18.23,22500591000.0,1234261711.4646187,9.57,22749709148.958485,18.43,13.27,7.8,10.01,17.81,184.48,328.24,244.53,275.0,0.89,0.67,1.19,0.94,2,1.37,13
3593,力銘,電子工業,-0.9,1092576000.0,0.0,0.0,643705674.2971928,0.0,0.0,0.0,0.0,0.0,0.0,0.0,0.0,16.05,0.0,0.0,0.0,61.57,23,7.96,170
3594,磐儀,電腦及週邊設備業,0.5,2048586000.0,4097172000.0,0.28,2627095476.2789,0.64,66.96,106.99,26.54,133.53,16.99,85.46,42.86,47.95,0.89,0.35,1.78,20.22,24,8.35,58
3596,智易,通信網路業,12.6,52775725000.0,4188549603.1746035,6.24,53848968976.08666,12.86,15.78,10.26,11.28,21.54,145.06,277.0,202.91,191.5,1.06,0.76,1.45,10.98,149,29.27,69
3597,映興,電子零組件業,0.34,865831000.0,2546561764.705882,0.17,920314419.8981168,0.36,61.22,135.55,17.58,153.13,6.33,55.13,22.04,27.0,0.82,0.23,2.04,112.68,169,34.57,55
3605,宏致,電子工業,4.35,10859165000.0,2496359770.1149426,2.39,11965091649.265686,4.79,115.72,757.76,13.49,771.25,64.62,3694.29,554.3,80.5,6.89,0.8,45.89,34.72,127,41.03,82
3607,谷崧,電子工業,0.02,2861541000.0,143077050000.0,0.01,2652351177.330822,0.02,161.75,749.17,25.83,775.0,0.52,15.5,3.24,16.85,0.19,0.03,0.92,31.13,90,6.23,8
3609,三一東林,電子零組件業,6.42,667338000.0,103946728.97196262,1.69,514452416.47645557,4.95,5.42,4.98,3.3,8.28,16.34,40.99,26.85,28.0,0.96,0.58,1.46,0.31,20,12.79,12
3611,鼎翰,電腦及週邊設備業,19.63,11503912000.0,586037289.8624555,10.02,11515522848.245592,19.65,12.51,5.93,9.18,15.11,180.39,296.91,245.84,193.0,1.27,0.93,1.54,4.43,14,9.67,163
3615,安可,光電業,0.82,946237000.0,1153947560.9756098,0.33,721786195.3050531,0.63,73.61,140.27,29.28,169.55,18.45,106.82,46.37,55.4,0.84,0.33,1.93,55.21,126,17.47,75
3617,碩天,其他電子業,14.48,11943958000.0,824858977.9005525,7.24,12343607507.67299,14.96,13.18,10.29,8.8,19.09,131.65,285.59,197.23,211.5,0.93,0.62,1.35,29.53,167,9.02,26
3622,洋華,光電業,6.09,1673510000.0,274796387.52052546,2.81,1820757589.6028595,6.63,11.73,10.23,8.55,18.78,56.69,124.51,77.76,55.7,1.4,1.02,2.24,0.0,0,35.69,152
3623,富晶通,光電業,-0.16,287229000.0,0.0,0.0,286234865.6014501,0.0,61.48,9.87,57.76,67.63,0.0,0.0,0.0,23.3,0.0,0.0,0.0,22.2,85,50.27,61
3624,光頡,電子零組件業,1.86,2636913000.0,1417695161.2903225,1.08,3188655393.89364,2.25,26.59,65.31,12.23,77.54,27.52,174.46,59.82,160.5,0.37,0.17,1.09,6.86,7,71.25,182
3625,西勝,電腦及週邊設備業,-0.6,399491000.0,0.0,0.0,405144078.5748475,0.0,0.0,0.0,0.0,0.0,0.0,0.0,0.0,15.8,0.0,0.0,0.0,76.54,169,165.38,127
3628,盈正,其他電子類,4.02,3385021000.0,842045024.875622,2.03,3652964919.2006035,4.34,22.42,21.35,14.57,35.92,63.23,155.89,97.32,72.4,1.34,0.87,2.15,6.82,14,126.39,138
3631,晟楠,電子零組件業,-0.7,71805000.0,0.0,0.0,23131941.23854671,0.0,0.0,0.0,0.0,0.0,0.0,0.0,0.0,34.0,0.0,0.0,0.0,23.95,77,7.01,113
3684,榮昌,通信網路業,3.5,1154111000.0,329746000.0,1.68,1250701742.1817238,3.79,21.2,28.5,12.68,41.18,48.06,156.07,80.36,58.6,1.37,0.82,2.66,1.03,22,34.9,183
3686,達能,半導體業,-0.49,82608000.0,0.0,0.0,96819718.69565217,0.0,0.0,0.0,0.0,0.0,0.0,0.0,0.0,17.25,0.0,0.0,0.0,73.3,34,32.73,138
3715,定穎投控,電子工業,2.7,19083311000.0,7067892962.962962,1.72,25402829498.443577,3.59,34.18,182.49,9.26,191.75,33.24,688.38,122.69,179.0,0.69,0.19,3.85,26.12,99,217.13,148
3716,中化控股,化學生技醫療,2.39,8598150000.0,3597552301.25523,1.2,8350060449.6948805,2.32,16.18,4.92,13.01,17.93,30.18,41.6,37.53,34.7,1.08,0.87,1.2,0.0,0,0.0,0
3717,聯嘉投控,汽車工業,0.46,2059036000.0,4476165217.391304,0.0,0.0,0.0,276.14,64.38,243.75,308.13,0.0,0.0,0.0,22.55,0.0,0.0,0.0,4.74,55,4.74,55
4102,永日,生技醫療業,-0.34,471219000.0,0.0,0.0,470975507.42798084,0.0,19.29,14.05,13.45,27.5,0.0,0.0,0.0,19.0,0.0,0.0,0.0,12.03,80,0.0,0
4104,佳醫,化學生技醫療,4.82,8784192000.0,1822446473.0290456,2.53,9385762017.344961,5.15,17.66,4.64,14.74,19.38,75.91,99.81,90.96,69.5,1.31,1.09,1.44,1.88,58,4.25,78
4105,東洋,生技醫療業,6.26,6425722000.0,1026473162.9392972,3.12,6738866207.343775,6.57,13.53,6.39,10.81,17.2,71.02,113.0,88.87,73.5,1.21,0.97,1.54,0.0,0,9.54,169
4106,雃博,化學生技醫療,1.19,2395767000.0,2013249579.8319328,0.6,2496544353.9012737,1.24,21.17,12.18,15.77,27.95,19.55,34.66,26.25,23.4,1.12,0.84,1.48,4.11,17,0.66,28
4107,邦特,生技醫療業,7.77,2104303000.0,270824066.92406696,4.16,2298589778.580262,8.49,16.46,6.11,13.78,19.89,116.99,168.87,139.74,115.5,1.21,1.01,1.46,6.67,58,12.17,146
4108,懷特,化學生技醫療,-0.28,139964000.0,0.0,0.0,140755383.50653183,0.0,0.0,0.0,0.0,0.0,0.0,0.0,0.0,12.0,0.0,0.0,0.0,3.76,20,20.14,83
4109,加捷生醫,生技醫療業,0.43,487910000.0,1134674418.6046512,0.24,506064731.01028013,0.45,100.77,535.01,4.99,540.0,2.25,243.0,45.35,12.15,3.73,0.19,20.0,71.53,29,9.37,63
4111,濟生,生技醫療業,2.81,1377520000.0,490220640.569395,1.49,1466645703.5914803,2.99,15.72,14.31,9.93,24.24,29.69,72.48,47.0,30.2,1.56,0.98,2.4,6.21,8,5.45,64
4113,聯上,建材營造,-0.43,954148000.0,0.0,0.0,62867001.0936429,0.0,46.6,190.14,5.24,195.38,0.0,0.0,0.0,17.35,0.0,0.0,0.0,10.19,30,28.33,90
4114,健喬,生技醫療業,1.71,6165947000.0,3605816959.0643277,0.93,6851115987.365272,1.9,21.43,7.8,17.85,25.65,33.92,48.73,40.71,30.95,1.32,1.1,1.57,0.6,8,9.48,49
4116,明基醫,生技醫療業,1.75,5192619000.0,2967210857.142857,0.94,5655070868.340526,1.91,20.72,11.6,15.47,27.07,29.55,51.7,39.58,37.95,1.04,0.78,1.36,3.19,8,22.66,75
4119,旭富,化學生技醫療,0.91,1270033000.0,1395640659.3406594,0.49,1195559925.448567,0.86,37.22,66.44,13.04,79.48,11.21,68.35,32.01,44.2,0.72,0.25,1.55,8.41,156,0.0,0
4120,友華,生技醫療業,-6.55,4544790000.0,0.0,0.0,4580338399.785562,0.0,56.04,159.51,21.16,180.67,0.0,0.0,0.0,45.2,0.0,0.0,0.0,25.46,15,13.41,9
4121,優盛,生技醫療業,-0.36,3836415000.0,0.0,0.0,3704790230.089403,0.0,0.0,0.0,0.0,0.0,0.0,0.0,0.0,13.55,0.0,0.0,0.0,1.56,8,0.0,0
3714,富采,電子工業,-3.69,22182215000.0,0.0,0.0,21904570430.730007,0.0,0.0,0.0,0.0,0.0,0.0,0.0,0.0,67.2,0.0,0.0,0.0,6.26,125,15.81,92
3712,永崴投控,電腦及週邊設備業,-22.85,34127144000.0,0.0,0.0,26525681765.72232,0.0,13.17,13.31,8.44,21.75,0.0,0.0,0.0,17.65,0.0,0.0,0.0,48.22,161,11.37,35
3689,湧德,電子零組件業,7.58,5975076000.0,788268601.5831134,5.15,7986100106.548334,10.13,15.87,12.17,9.98,22.15,101.1,224.38,160.73,121.0,1.33,0.84,1.85,46.85,182,14.93,55
3691,碩禾,光電業,-7.62,5193342000.0,0.0,0.0,14248383202.303114,0.0,0.0,0.0,0.0,0.0,0.0,0.0,0.0,154.5,0.0,0.0,0.0,15.59,17,50.54,62
3693,營邦,電腦及週邊設備業,15.5,7618167000.0,491494645.16129035,7.27,6221151873.544713,12.66,18.69,65.01,8.39,73.4,106.22,929.24,236.65,500.0,0.47,0.21,1.86,13.1,17,17.44,135
3694,海華,通信網路業,4.03,11255939000.0,2793036972.7047143,2.1,12665235019.267473,4.53,18.87,17.8,13.43,31.23,60.84,141.47,85.46,60.8,1.41,1.0,2.33,8.82,171,78.69,62
3701,大眾控,電子工業,-0.38,9777674000.0,0.0,0.0,7114585343.054403,0.0,322.82,1450.39,24.61,1475.0,0.0,0.0,0.0,48.45,0.0,0.0,0.0,1.94,9,44.74,72
3702,大聯大,電子工業,5.77,989365062000.0,171467081802.42636,3.94,1336946519532.5942,7.8,14.96,9.43,10.81,20.24,84.32,157.87,116.71,112.0,1.04,0.75,1.41,14.25,27,6.13,15
3703,欣陸,建材營造,1.79,29380981000.0,16413955865.921787,1.15,37411843024.09065,2.28,18.78,22.49,9.64,32.13,21.98,73.26,42.83,21.8,1.96,1.01,3.36,3.14,14,2.95,78
3704,合勤控,通信網路業,1.56,26511091000.0,16994289102.564102,0.8,25577775545.15473,1.51,27.2,40.78,13.06,53.84,19.72,81.3,41.07,48.25,0.85,0.41,1.68,7.34,171,39.12,83
3705,永信,化學生技醫療,3.31,8374052000.0,2529925075.528701,1.55,7641088343.424017,3.02,14.97,6.94,12.35,19.29,37.3,58.26,45.21,56.9,0.79,0.66,1.02,15.05,101,4.19,49
3706,神達,電子工業,5.36,103432967000.0,19297195335.820896,3.51,139939218788.97058,7.25,20.44,19.77,13.09,32.86,94.9,238.24,148.17,86.9,1.71,1.09,2.74,93.44,170,61.39,138
3707,漢磊,半導體業,-1.97,5701058000.0,0.0,0.0,6983198201.735904,0.0,0.0,0.0,0.0,0.0,0.0,0.0,0.0,83.2,0.0,0.0,0.0,8.21,23,104.39,91
3709,鑫聯大投控,電腦及週邊設備業,7.02,40845639000.0,5818467094.017095,4.0,48231257207.06005,8.29,16.13,24.48,7.39,31.87,61.26,264.2,133.72,74.4,1.8,0.82,3.55,53.73,133,60.46,113
3710,連展投控,電子零組件業,-1.48,7029628000.0,0.0,0.0,7308691148.335305,0.0,226.45,56.25,201.25,257.5,0.0,0.0,0.0,6.35,0.0,0.0,0.0,51.4,118,26.07,61
3711,日月光投控,半導體業,9.37,639427808000.0,68242028601.92103,5.24,756847982495.7205,11.09,26.8,44.24,15.37,59.61,170.45,661.07,297.19,613.0,0.48,0.28,1.08,13.16,23,67.23,135
4123,晟德,生技醫療業,12.36,1486819000.0,120292799.35275081,7.75,1811136031.772844,15.06,9.45,15.74,2.63,18.37,39.61,276.65,142.3,37.2,3.83,1.06,7.44,10.84,20,8.19,77
3591,艾笛森,電子工業,-0.34,2361396000.0,0.0,0.0,2301778828.5632567,0.0,76.7,288.2,16.8,305.0,0.0,0.0,0.0,23.95,0.0,0.0,0.0,1.91,16,1.33,180
3588,通嘉,電子工業,0.51,1334330000.0,2616333333.3333335,0.31,1548325593.3611276,0.59,56.49,116.83,21.54,138.37,12.71,81.64,33.33,60.3,0.55,0.21,1.35,10.47,2,17.94,91
3455,由田,光電業,2.66,1818370000.0,683597744.3609022,0.78,1104005687.3489802,1.61,33.63,160.28,13.88,174.16,22.35,280.4,54.14,242.0,0.22,0.09,1.16,40.29,142,14.52,84
3466,德晉,通信網路業,-1.28,126306000.0,0.0,0.0,701180466.1167637,0.0,0.0,0.0,0.0,0.0,0.0,0.0,0.0,33.2,0.0,0.0,0.0,1.35,2,24.69,77
3467,台灣精材,半導體業,0.58,561538000.0,968168965.5172415,0.37,795644317.6646155,0.82,66.01,72.06,41.91,113.97,34.37,93.46,54.12,64.3,0.84,0.53,1.45,2.33,20,17.11,8
3479,安勤,電腦及週邊設備業,6.46,8456230000.0,1309013931.8885448,3.37,9281178187.130535,7.09,14.73,8.04,12.21,20.25,86.57,143.57,104.43,136.5,0.77,0.63,1.05,0.0,0,17.85,117
3481,群創,光電業,0.03,223293940000.0,7443131333333.334,0.02,259987663691.32755,0.03,165.08,1242.36,7.64,1250.0,0.23,37.5,4.95,64.4,0.08,0.0,0.58,16.84,69,28.63,113
3483,力致,電腦及週邊設備業,3.75,9024891000.0,2406637600.0,1.75,9206256976.884441,3.83,19.88,17.49,11.21,28.7,42.93,109.92,76.13,93.8,0.81,0.46,1.17,17.78,3,11.25,82
3484,崧騰,電子零組件業,4.26,4654211000.0,1092537793.4272301,2.05,4402036118.251356,4.03,13.16,9.04,9.71,18.75,39.13,75.56,53.03,55.1,0.96,0.71,1.37,13.05,93,16.98,71
3485,敘豐,電子零組件業,5.89,54861000.0,9314261.460101869,0.0,0.0,0.0,58.59,29.0,45.76,74.76,0.0,0.0,0.0,311.0,0.0,0.0,0.0,14.57,41,36.54,176
3489,森寶,建材營造,-0.09,747131000.0,0.0,0.0,1177343976.3439584,0.0,344.71,157.23,299.44,456.67,0.0,0.0,0.0,22.95,0.0,0.0,0.0,44.97,44,2.16,78
3490,單井,光電業,0.05,267156000.0,5343120000.0,0.02,264567126.5337973,0.05,91.84,621.03,10.97,632.0,0.55,31.6,4.59,32.45,0.14,0.02,0.97,34.85,20,27.91,181
3491,昇達科,通信網路業,7.85,2363136000.0,301036433.1210191,6.6,3816475353.6185803,12.68,87.15,216.61,33.75,250.36,427.95,3174.56,1105.08,1560.0,0.71,0.27,2.03,21.9,76,91.76,180
3492,長盛,電子零組件業,1.77,867190000.0,489937853.1073446,0.85,779410620.475276,1.59,17.08,23.25,11.4,34.65,18.13,55.09,27.15,22.9,1.19,0.79,2.41,73.68,20,21.11,163
3494,誠研,電子工業,-1.84,914747000.0,0.0,0.0,1033957951.7336406,0.0,0.0,0.0,0.0,0.0,0.0,0.0,0.0,8.05,0.0,0.0,0.0,141.18,175,0.0,0
3498,陽程,其他電子類,0.48,1264390000.0,2634145833.3333335,0.37,2322322303.7350473,0.88,146.59,169.12,88.17,257.29,77.59,226.42,129.0,123.0,1.05,0.63,1.84,101.91,126,51.31,62
3499,環天科,通信網路業,-1.3,369441000.0,0.0,0.0,276307582.343658,0.0,776.74,315.0,625.0,940.0,0.0,0.0,0.0,14.55,0.0,0.0,0.0,24.07,112,17.77,183
3501,維熹,電子工業,2.99,5576047000.0,1864898662.2073576,1.37,4870150595.547543,2.61,12.36,16.43,8.01,24.44,20.91,63.79,32.26,41.8,0.77,0.5,1.53,5.24,10,5.09,8
3504,揚明光,光電業,-0.08,2687814000.0,0.0,0.0,2837745513.208906,0.0,134.69,31.13,118.63,149.76,0.0,0.0,0.0,91.2,0.0,0.0,0.0,9.76,7,36.59,96
3447,展達,電子工業,1.59,3636320000.0,2286993710.691824,0.72,4093945516.3075275,1.79,31.09,43.36,20.56,63.92,36.8,114.42,55.66,40.2,1.38,0.92,2.85,205.81,148,70.78,79
3508,位速,其他電子類,-1.51,815255000.0,0.0,0.0,807165007.4602122,0.0,0.0,0.0,0.0,0.0,0.0,0.0,0.0,18.8,0.0,0.0,0.0,10.62,3,53.68,70
3443,創意,電子工業,28.13,32095619000.0,1140974724.4934235,22.05,60220602536.58175,52.78,65.22,139.25,33.13,172.38,1748.6,9098.22,3442.54,4860.0,0.71,0.36,1.87,0.0,0,113.62,177
3376,新日興,電子工業,1.66,10913580000.0,6574445783.13253,0.75,9218383453.722134,1.4,64.58,324.32,24.21,348.53,33.89,487.94,90.41,205.0,0.44,0.17,2.38,5.6,10,31.67,72
3379,彬台,電機機械,2.12,1905887000.0,899003301.8867924,0.66,1531057921.154361,1.7,44.47,81.15,15.52,96.67,26.38,164.34,75.6,35.55,2.13,0.74,4.62,66.08,29,1.89,6
3380,明泰,通信網路業,-0.36,21928876000.0,0.0,0.0,23341810490.141087,0.0,112.22,300.84,33.6,334.44,0.0,0.0,0.0,34.95,0.0,0.0,0.0,12.17,168,15.01,134
3388,崇越電,電子零組件業,4.16,7300872000.0,1755017307.6923077,2.44,8624223126.667803,4.91,17.19,14.56,14.6,29.16,71.69,143.18,84.4,92.4,0.91,0.78,1.55,0.0,0,0.31,1
3390,旭軟,電子零組件業,-0.51,787157000.0,0.0,0.0,971493129.9531395,0.0,22.43,17.57,13.83,31.4,0.0,0.0,0.0,28.5,0.0,0.0,0.0,11.88,73,11.79,124
3402,漢科,其他電子類,7.5,5235312000.0,698041600.0,4.06,5862726544.33311,8.4,16.1,10.77,10.44,21.21,87.7,178.16,135.27,140.5,0.96,0.62,1.27,30.0,17,61.27,77
3406,玉晶光,光電業,32.84,23805806000.0,724902740.5602922,17.54,30647279755.68027,42.28,13.32,14.96,7.86,22.82,332.32,964.83,563.2,753.0,0.75,0.44,1.28,7.14,7,11.85,70
3413,京鼎,半導體業,21.44,20785570000.0,969476212.6865671,11.39,23181175995.955097,23.91,13.72,9.94,8.59,18.53,205.39,443.05,328.0,324.5,1.01,0.63,1.37,29.48,17,20.65,135
3416,融程電,電子工業,7.4,3558156000.0,480831891.8918919,4.27,4693626646.289197,9.76,22.3,13.72,16.67,30.39,162.7,296.61,217.61,176.0,1.24,0.92,1.69,4.61,174,43.97,83
3419,譁裕,通信網路業,-1.79,1783148000.0,0.0,0.0,1817823656.353505,0.0,0.0,0.0,0.0,0.0,0.0,0.0,0.0,14.4,0.0,0.0,0.0,11.63,21,13.08,98
3430,奇鈦科,化學工業,3.15,1678491000.0,532854285.71428573,1.83,2056655371.5560682,3.86,18.55,47.76,8.75,56.51,33.78,218.13,71.61,142.5,0.5,0.24,1.53,64.37,105,51.85,106
3432,台端,電子工業,-0.87,140540000.0,0.0,0.0,466108135.91363615,0.0,0.0,0.0,0.0,0.0,0.0,0.0,0.0,18.7,0.0,0.0,0.0,2.88,9,20.56,27
3434,哲固,光電業,0.54,690682000.0,1279040740.7407405,0.2,426723111.3963991,0.33,35.67,49.21,19.19,68.4,6.33,22.57,11.77,29.9,0.39,0.21,0.75,18.06,17,4.09,13
3437,榮創,光電業,-2.65,1654007000.0,0.0,0.0,1310169829.7361567,0.0,0.0,0.0,0.0,0.0,0.0,0.0,0.0,21.45,0.0,0.0,0.0,9.77,29,10.68,72
3438,類比科,半導體業,1.0,1012458000.0,1012458000.0,0.43,837909274.9727432,0.83,55.95,62.42,25.36,87.78,21.05,72.86,46.44,72.6,0.64,0.29,1.0,8.24,22,20.59,168
3441,聯一光,光電業,1.06,418045000.0,394382075.4716981,0.65,550268589.9955522,1.4,44.87,72.33,19.21,91.54,26.89,128.16,62.82,92.3,0.68,0.29,1.39,14.7,72,34.38,177
3444,利機,電子通路業,2.14,1248999000.0,583644392.5233644,1.14,1325676949.569195,2.27,34.49,46.97,19.41,66.38,44.06,150.68,78.3,97.9,0.8,0.45,1.54,5.73,23,25.18,75
3511,矽瑪,電子零組件業,-1.19,1766342000.0,0.0,0.0,1780850463.2541234,0.0,0.0,0.0,0.0,0.0,0.0,0.0,0.0,24.95,0.0,0.0,0.0,94.21,156,4.26,70
3515,華擎,電子工業,15.28,46660001000.0,3053664986.910995,7.74,48724562743.043915,15.96,20.0,13.9,13.15,27.05,209.87,431.72,319.27,246.5,1.3,0.85,1.75,4.18,182,38.32,133
3546,宇峻,文化創意業,2.06,1333509000.0,647334466.0194174,1.56,2031426023.1705804,3.14,23.15,23.43,13.63,37.06,42.8,116.37,72.7,85.9,0.85,0.5,1.35,5.23,15,7.66,15
3548,兆利,電子零組件業,2.24,9772727000.0,4362824553.571428,0.92,6879033003.7111635,1.58,118.63,2077.69,12.31,2090.0,19.45,3302.2,187.43,89.2,2.1,0.22,37.02,7.29,169,3.86,1
3550,聯穎,電子工業,-1.19,3529210000.0,0.0,0.0,4273408424.3239937,0.0,0.0,0.0,0.0,0.0,0.0,0.0,0.0,37.25,0.0,0.0,0.0,91.8,98,13.43,72
3552,同致,其他電子類,0.68,8535131000.0,12551663235.294117,0.31,8053304231.6055765,0.64,64.83,107.69,17.72,125.41,11.34,80.26,41.49,52.0,0.8,0.22,1.54,2.74,28,30.32,139
3555,博士旺,半導體業,1.19,249976000.0,210063865.54621848,2.13,4046709781.6852994,19.26,88.32,176.5,27.02,203.52,520.41,3919.8,1701.07,199.0,8.55,2.62,19.7,8.96,21,234.28,182
3556,禾瑞亞,半導體業,2.15,961949000.0,447418139.53488374,1.34,1119605795.2597075,2.5,46.24,99.66,14.89,114.55,37.22,286.38,115.61,74.0,1.56,0.5,3.87,0.19,1,6.95,72
3558,神準,通信網路業,5.2,15050049000.0,2894240192.307692,2.27,12372417339.748024,4.27,28.58,42.89,10.05,52.94,42.91,226.05,122.02,134.0,0.91,0.32,1.69,21.81,168,0.85,57
3563,牧德,光電業,15.79,3177380000.0,201227359.0880304,8.87,3398796870.9534135,16.89,72.82,170.41,26.44,196.85,446.57,3324.8,1229.97,715.0,1.72,0.62,4.65,10.63,176,13.12,72
3564,其陽,通信網路業,0.65,2484572000.0,3822418461.538461,0.35,2729109508.7134547,0.71,114.01,304.17,49.16,353.33,34.9,250.86,80.95,47.75,1.7,0.73,5.25,0.0,0,3.58,7
3567,逸昌,半導體業,1.06,282056000.0,266090566.03773585,0.5,275880746.23690385,1.04,18.66,20.94,10.43,31.37,10.85,32.62,19.41,28.45,0.68,0.38,1.15,3.35,22,1.27,21
3570,大塚,資訊服務業,13.95,2412857000.0,172964659.4982079,7.93,2484583413.5515594,14.36,13.36,10.08,11.22,21.3,161.12,305.87,191.85,179.0,1.07,0.9,1.71,12.95,174,2.88,14
3576,聯合再生,光電業,-0.76,3793481000.0,0.0,0.0,2042717346.5089898,0.0,43.58,12.62,37.38,50.0,0.0,0.0,0.0,18.0,0.0,0.0,0.0,30.47,15,26.26,181
3577,泓格,電腦及週邊設備業,2.36,1147441000.0,486203813.55932206,1.58,1494299868.5474606,3.07,38.34,41.16,23.96,65.12,73.56,199.92,117.69,121.5,0.97,0.61,1.65,47.65,104,77.61,33
3580,友威科,其他電子類,1.94,435272000.0,224367010.30927837,0.82,399535146.0633593,1.78,26.74,70.77,9.94,80.71,17.69,143.66,47.6,101.5,0.47,0.17,1.42,91.41,72,3.57,82
3581,博磊,半導體業,0.81,1472080000.0,1817382716.0493827,0.48,1888578545.9452069,1.04,421.96,2200.59,46.08,2246.67,47.92,2336.54,438.84,179.5,2.44,0.27,13.02,148.63,133,120.46,162
3583,辛耘,半導體業,13.82,11181723000.0,809097178.0028943,7.49,12427007330.96825,15.36,35.31,47.77,17.72,65.49,272.18,1005.93,542.42,889.0,0.61,0.31,1.13,47.09,112,31.23,98
3587,閎康,其他電子類,6.09,5497073000.0,902639244.6633826,3.34,6460764533.465472,7.16,27.8,47.11,13.38,60.49,95.8,433.11,199.01,304.0,0.65,0.32,1.42,8.61,17,30.06,125
3545,敦泰,電子工業,-4.64,12323034000.0,0.0,0.0,10004315327.048428,0.0,30.48,27.45,19.46,46.91,0.0,0.0,0.0,58.0,0.0,0.0,0.0,2.35,183,13.61,93
3543,州巧,光電業,-2.24,3253705000.0,0.0,0.0,3135592619.492033,0.0,41.66,29.14,25.19,54.33,0.0,0.0,0.0,30.95,0.0,0.0,0.0,4.94,97,147.38,134
3516,亞帝歐,光電業,0.26,1043045000.0,4011711538.4615383,0.15,1288732541.6281319,0.32,94.67,116.7,47.92,164.62,15.33,52.68,30.29,27.8,1.09,0.55,1.89,21.88,127,3.72,57
3518,柏騰,其他電子業,-1.56,317765000.0,0.0,0.0,257183873.70140645,0.0,14.67,4.86,12.24,17.1,0.0,0.0,0.0,28.35,0.0,0.0,0.0,28.44,65,65.02,92
3520,華盈,電子零組件業,-0.09,1224116000.0,0.0,0.0,1334453284.09551,0.0,130.4,255.29,40.34,295.63,0.0,0.0,0.0,17.1,0.0,0.0,0.0,33.59,16,41.07,134
3523,迎輝,光電業,-1.45,106915000.0,0.0,0.0,77913115.5605317,0.0,0.0,0.0,0.0,0.0,0.0,0.0,0.0,16.55,0.0,0.0,0.0,61.6,80,6.2,96
3526,凡甲,電子零組件業,16.98,3869677000.0,227896171.96702,10.09,4744806892.572841,20.82,16.27,9.81,12.75,22.56,265.46,469.7,338.82,327.0,1.04,0.81,1.44,13.18,170,13.22,55
3527,聚積,半導體業,-1.83,1479934000.0,0.0,0.0,1324010051.5640402,0.0,700.64,1795.35,100.65,1896.0,0.0,0.0,0.0,70.7,0.0,0.0,0.0,2.6,27,13.4,9
3528,安馳,電子工業,2.3,8386277000.0,3646207391.304348,1.82,16482141593.070898,4.52,45.87,190.38,12.41,202.79,56.09,916.61,207.33,110.5,1.88,0.51,8.3,14.52,65,24.1,55
3529,力旺,半導體業,25.6,3895918000.0,152184296.875,13.75,4396915954.513678,28.89,106.44,112.16,59.72,171.88,1725.31,4965.61,3075.03,3270.0,0.94,0.53,1.52,24.73,143,7.76,13
3530,晶相光,半導體業,1.74,1759670000.0,1011304597.7011495,1.18,2612426948.2673116,2.58,34.1,9.41,29.61,39.02,76.39,100.67,87.97,71.1,1.24,1.07,1.42,4.67,2,23.44,180
3531,先益,光電業,0.3,1341667000.0,4472223333.333334,0.12,963233492.1948643,0.22,38.71,90.4,8.35,98.75,1.84,21.72,8.52,22.65,0.38,0.08,0.96,2.42,10,2.8,57
3532,台勝科,半導體業,1.57,12293039000.0,7829961146.496815,0.87,13809606120.85071,1.76,60.24,482.61,18.02,500.63,31.72,881.11,106.02,390.0,0.27,0.08,2.26,6.02,17,58.27,96
3533,嘉澤,電子工業,70.15,33055352000.0,471209579.47255874,41.08,39410086356.968636,83.64,22.9,27.82,12.74,40.56,1065.57,3392.44,1915.7,2290.0,0.84,0.47,1.48,16.81,169,19.16,91
3535,晶彩科,光電業,-1.06,383417000.0,0.0,0.0,2467253499.0469837,0.0,133.25,304.06,39.69,343.75,0.0,0.0,0.0,134.0,0.0,0.0,0.0,135.94,43,140.84,173
3537,堡達,電子零組件業,2.51,2863383000.0,1140790039.8406374,1.31,3057483303.3667545,2.68,19.69,29.12,9.69,38.81,25.97,104.01,52.76,89.6,0.59,0.29,1.16,25.24,20,17.85,148
3540,曜越,電腦及週邊設備業,0.74,5104074000.0,6897397297.2972975,0.33,4628354485.494668,0.67,128.55,263.85,34.07,297.92,22.83,199.61,86.13,25.5,3.38,0.9,7.83,4.85,17,18.32,86
3541,西柏,其他電子類,-0.83,1067915000.0,0.0,0.0,979136796.7240671,0.0,0.0,0.0,0.0,0.0,0.0,0.0,0.0,21.95,0.0,0.0,0.0,20.54,23,16.79,35
3374,精材,半導體業,4.99,7099998000.0,1422845290.5811622,2.82,9051161080.953394,6.36,32.24,35.88,18.21,54.09,115.82,344.01,205.02,251.0,0.82,0.46,1.37,55.0,72,8.25,138
4126,太醫,生技醫療業,5.28,2430779000.0,460374810.60606056,2.54,2345743892.8890553,5.1,15.48,3.68,13.67,17.35,69.72,88.48,78.92,80.6,0.98,0.87,1.1,1.74,183,3.68,9
4128,中天,生技醫療業,-1.29,1884923000.0,0.0,0.0,2014688429.3452587,0.0,0.0,0.0,0.0,0.0,0.0,0.0,0.0,15.05,0.0,0.0,0.0,16.42,35,7.16,48
4707,磐亞,化學工業,0.89,1382798000.0,1553705617.977528,0.35,1121706181.292414,0.72,13.66,15.2,9.53,24.73,6.86,17.81,9.84,23.0,0.43,0.3,0.77,17.93,65,2.6,62
4711,永純,化學工業,0.15,721056000.0,4807040000.0,0.09,856250091.9275925,0.18,216.06,411.93,44.32,456.25,7.98,82.12,38.89,16.9,2.3,0.47,4.86,21.76,72,19.28,105
4714,永捷,化學工業,-0.54,1423308000.0,0.0,0.0,2778909622.031305,0.0,50.59,73.71,16.77,90.48,0.0,0.0,0.0,13.05,0.0,0.0,0.0,0.0,0,24.78,97
4716,大立,化學工業,-0.88,541346000.0,0.0,0.0,502216220.61241156,0.0,68.97,199.41,15.59,215.0,0.0,0.0,0.0,18.25,0.0,0.0,0.0,76.15,127,16.61,104
4720,德淵,化學工業,0.74,3617724000.0,4888816216.216216,0.4,3818905984.064134,0.78,18.16,38.41,10.28,48.69,8.02,37.98,14.17,24.2,0.59,0.33,1.57,22.3,30,1.54,15
4721,美琪瑪,化學工業,3.01,2547493000.0,846343189.3687708,1.73,2837044013.4263988,3.35,26.08,52.98,13.17,66.15,44.12,221.6,87.35,100.5,0.87,0.44,2.2,15.75,17,47.86,36
4722,國精化,化學工業,2.01,3818702000.0,1899851741.2935326,0.97,3567650739.92207,1.88,58.87,152.94,16.59,169.53,31.19,318.72,110.68,277.5,0.4,0.11,1.15,18.17,15,195.45,107
4726,永昕,生技醫療業,-2.17,662586000.0,0.0,0.0,1168024779.313735,0.0,0.0,0.0,0.0,0.0,0.0,0.0,0.0,25.2,0.0,0.0,0.0,6.32,8,4.03,12
4728,雙美,生技醫療業,13.32,1996037000.0,149852627.6276276,7.59,2240064786.6802964,14.95,27.47,20.07,19.59,39.66,292.87,592.92,410.68,376.0,1.09,0.78,1.58,2.51,2,13.49,50
4729,熒茂,光電業,0.17,1096405000.0,6449441176.470588,0.08,1009233792.1528195,0.16,313.13,1690.45,29.55,1720.0,4.73,275.2,50.1,22.0,2.28,0.22,12.51,101.43,125,43.58,71
4735,豪展,生技醫療業,2.43,899326000.0,370093004.1152263,1.38,1086502132.6070652,2.94,44.2,119.39,9.87,129.26,29.02,380.02,129.95,30.6,4.25,0.95,12.42,33.19,80,0.0,0
4736,泰博,化學生技醫療,15.12,4180025000.0,276456679.8941799,7.85,4260367913.2882614,15.41,12.59,12.14,6.63,18.77,102.17,289.25,193.99,126.0,1.54,0.81,2.3,0.0,0,11.67,65
4737,華廣,化學生技醫療,-2.72,1820339000.0,0.0,0.0,1640716426.5388005,0.0,617.99,60.91,579.09,640.0,0.0,0.0,0.0,56.9,0.0,0.0,0.0,4.95,127,0.38,79
4739,康普,化學工業,1.56,5867643000.0,3761309615.3846154,1.39,12803323769.709288,3.4,165.8,1195.95,27.38,1223.33,93.09,4159.32,563.73,123.5,4.56,0.75,33.68,10.88,15,64.6,174
4741,泓瀚,化學工業,0.29,482051000.0,1662244827.586207,0.17,541160715.144441,0.33,41.03,206.22,11.71,217.93,3.86,71.92,13.54,64.6,0.21,0.06,1.11,59.44,80,4.26,16
4743,合一,生技醫療業,-2.18,109851000.0,0.0,0.0,193314005.40609413,0.0,0.0,0.0,0.0,0.0,0.0,0.0,0.0,48.0,0.0,0.0,0.0,22.44,34,15.44,76
4744,皇將,生技醫療業,2.5,1404494000.0,561797600.0,1.27,1415433160.9200914,2.52,32.75,99.26,12.41,111.67,31.27,281.41,82.54,28.1,2.94,1.11,10.01,3.99,15,60.41,83
4706,大恭,化學工業,0.35,1092365000.0,3121042857.1428576,0.19,1272083879.837813,0.41,81.39,174.22,27.78,202.0,11.39,82.82,33.37,32.1,1.04,0.35,2.58,20.07,28,8.99,57
4745,合富-KY,生技醫療業,-3.17,3136317000.0,0.0,0.0,2627531845.277265,0.0,617.87,1976.93,53.07,2030.0,0.0,0.0,0.0,14.55,0.0,0.0,0.0,4.41,108,57.65,173
4590,富田-創,電機機械,2.72,84263000.0,30979044.117647056,0.0,0.0,0.0,2860.48,9133.54,26.46,9160.0,0.0,0.0,0.0,78.0,0.0,0.0,0.0,27.52,64,0.95,6
4564,元翎,電機機械,-1.85,1136277000.0,0.0,0.0,740777308.722618,0.0,0.0,0.0,0.0,0.0,0.0,0.0,0.0,15.8,0.0,0.0,0.0,19.79,45,23.98,85
4566,時碩工業,電機機械,1.35,4950351000.0,3666926666.6666665,0.73,5336248854.928745,1.46,45.56,88.39,20.38,108.77,29.75,158.8,66.52,64.8,1.03,0.46,2.45,25.14,31,15.68,72
4568,科際精密,電機機械,2.01,1210528000.0,602252736.318408,0.99,1193013448.139394,1.98,22.24,21.14,13.27,34.41,26.27,68.13,44.03,40.5,1.09,0.65,1.68,6.36,20,0.21,7
4569,六方科-KY,汽車工業,4.13,1790506000.0,433536561.7433414,2.2,1955124010.4002838,4.51,31.02,38.76,14.66,53.42,66.12,240.92,139.89,190.5,0.73,0.35,1.26,189.37,132,36.08,61
4571,鈞興-KY,電機機械,9.61,3094943000.0,322054422.4765869,4.75,2974699368.9854054,9.24,20.01,21.25,13.02,34.27,120.3,316.65,184.94,181.5,1.02,0.66,1.74,64.47,183,18.21,63
4572,駐龍,電機機械,3.02,675919000.0,223814238.410596,1.63,702966336.5237726,3.14,31.99,36.39,20.4,56.79,64.06,178.32,100.45,144.5,0.7,0.44,1.23,7.54,14,6.61,77
4576,大銀微系統,電機機械,2.01,2671021000.0,1328866169.154229,1.36,3739359230.8145804,2.81,250.8,784.91,53.98,838.89,151.68,2357.28,704.75,221.0,3.19,0.69,10.67,99.47,132,7.02,69
4577,達航科技,其他電子類,-0.74,728121000.0,0.0,0.0,1030752698.8959162,0.0,0.0,0.0,0.0,0.0,0.0,0.0,0.0,87.4,0.0,0.0,0.0,54.79,181,190.91,176
4580,捷流閥業,電機機械,5.0,2288106000.0,457621200.0,2.5,2331994091.352992,5.1,12.64,7.63,8.94,16.57,45.59,84.51,64.46,82.5,0.78,0.55,1.02,1.38,14,21.2,89
4581,光隆精密-KY,汽車工業,4.73,1072763000.0,226799788.5835095,2.54,1124464701.521877,4.96,10.48,3.77,8.4,12.17,41.66,60.36,52.0,49.95,1.04,0.83,1.21,2.89,27,2.54,72
4582,聚恆-創,創新板股票,1.54,1215456000.0,789257142.8571428,1.08,2499385908.744419,3.17,16.63,3.41,14.58,17.99,46.22,57.03,52.71,26.55,1.99,1.74,2.15,11.27,14,2.66,126
4583,台灣精銳,電機機械,12.0,2985176000.0,248764666.66666666,6.97,3302317677.084841,13.27,54.61,54.34,21.26,75.6,282.12,1003.21,724.63,630.0,1.15,0.45,1.59,181.82,126,1.93,8
4584,君帆,電機機械,3.43,1326004000.0,386590087.4635568,1.38,1025230278.3024458,2.65,15.27,8.7,11.76,20.46,31.16,54.22,40.47,40.2,1.01,0.78,1.35,14.74,21,4.88,27
4585,達明,其他電子業,1.46,731904000.0,501304109.5890411,0.0,0.0,0.0,345.65,299.33,219.62,518.95,0.0,0.0,0.0,313.5,0.0,0.0,0.0,18.42,98,96.32,72
4588,玖鼎電力,其他電子業,3.2,896078000.0,280024375.0,1.74,1005190444.7216899,3.59,21.05,20.88,13.82,34.7,49.61,124.57,75.59,59.1,1.28,0.84,2.11,9.01,22,0.4,1
4563,百德,電機機械,-2.67,2857967000.0,0.0,0.0,2311012957.5818577,0.0,27.34,34.51,14.7,49.21,0.0,0.0,0.0,42.8,0.0,0.0,0.0,145.78,111,4.87,6
4746,台耀,化學生技醫療,3.68,4864147000.0,1321779076.0869565,1.72,4426345171.109841,3.35,45.48,232.79,13.95,246.74,46.73,826.58,152.37,52.3,2.91,0.89,15.8,15.82,29,5.8,56
4747,強生,生技醫療業,1.19,566185000.0,475785714.2857143,0.62,587446594.0173631,1.23,37.7,23.67,24.35,48.02,29.95,59.06,46.37,52.8,0.88,0.57,1.12,7.15,136,13.91,96
4909,新復興,通信網路業,-1.25,444305000.0,0.0,0.0,145122835.69703567,0.0,58.08,284.18,6.65,290.83,0.0,0.0,0.0,49.85,0.0,0.0,0.0,108.73,104,12.42,12
4911,德英,生技醫療業,2.22,310711000.0,139959909.9099099,0.56,153917736.32457444,1.1,28.0,29.57,15.0,44.57,16.5,49.03,30.8,31.1,0.99,0.53,1.58,3.71,16,3.8,76
4912,聯德控股-KY,電子工業,2.03,6305207000.0,3106013300.492611,1.15,7377003066.072122,2.38,20.66,43.14,11.29,54.43,26.87,129.54,49.18,88.7,0.55,0.3,1.46,2.72,176,9.2,170
4915,致伸,電子工業,5.71,59308761000.0,10386823292.469353,3.05,66158936689.64405,6.37,14.36,9.92,11.07,20.99,70.52,133.71,91.48,75.9,1.21,0.93,1.76,0.0,0,12.53,147
4916,事欣科,電子工業,1.77,3495648000.0,1974942372.881356,1.18,4938113478.676311,2.5,287.87,2349.24,13.26,2362.5,33.15,5906.25,719.68,103.5,6.95,0.32,57.07,24.54,34,60.05,61
4919,新唐,半導體業,-3.97,30608546000.0,0.0,0.0,29850947788.961994,0.0,283.04,1066.3,19.41,1085.71,0.0,0.0,0.0,196.5,0.0,0.0,0.0,3.12,9,1.76,9
4923,力士,半導體業,-5.26,878441000.0,0.0,0.0,1110284834.790829,0.0,75.96,15.08,63.73,78.81,0.0,0.0,0.0,57.7,0.0,0.0,0.0,1.53,29,0.0,0
4927,泰鼎-KY,電子工業,-8.63,11707243000.0,0.0,0.0,10712720451.511158,0.0,0.0,0.0,0.0,0.0,0.0,0.0,0.0,51.1,0.0,0.0,0.0,56.28,73,40.4,183
4930,燦星網,電器電纜,0.6,6237349000.0,10395581666.666668,0.26,5337563116.261696,0.51,13.78,26.8,7.78,34.58,3.97,17.64,7.03,17.35,0.41,0.23,1.02,4.59,112,3.22,77
4931,新盛力,電腦及週邊設備業,3.13,2333664000.0,745579552.715655,2.35,3770721580.0115294,5.06,41.85,69.31,17.76,87.07,89.87,440.57,211.78,261.5,0.81,0.34,1.68,141.15,171,113.02,176
4933,友輝,光電業,5.77,3062497000.0,530762045.06065863,2.78,2875193439.067935,5.42,11.41,6.13,8.48,14.61,45.96,79.19,61.86,67.4,0.92,0.68,1.17,23.84,90,1.17,33
4934,太極,光電業,-0.95,87174000.0,0.0,0.0,202159577.62981167,0.0,0.0,0.0,0.0,0.0,0.0,0.0,0.0,17.1,0.0,0.0,0.0,18.64,14,47.21,104
4935,茂林-KY,光電業,1.34,5517931000.0,4117858955.2238803,0.51,3918026729.4034247,0.95,17.89,21.56,9.35,30.91,8.88,29.36,16.99,40.05,0.42,0.22,0.73,19.81,127,29.2,79
4938,和碩,電子工業,5.39,1119686756000.0,207734092022.26346,2.54,1047586267231.4996,5.04,14.68,11.8,10.84,22.64,54.63,114.11,74.01,82.9,0.89,0.66,1.38,3.0,2,6.06,48
4939,亞電,電子零組件業,-0.43,1421150000.0,0.0,0.0,1444176280.7136025,0.0,86.82,131.52,37.65,169.17,0.0,0.0,0.0,64.9,0.0,0.0,0.0,13.23,93,96.49,168
4908,前鼎,通信網路業,1.97,859504000.0,436296446.70050764,1.12,929410350.5985581,2.13,41.69,126.95,21.28,148.23,45.33,315.73,88.8,212.0,0.42,0.21,1.49,5.86,171,22.17,57
4907,富宇,建材營造,1.24,3212506000.0,2590730645.16129,0.93,3626835766.786601,1.4,15.73,36.85,5.8,42.65,8.12,59.71,22.02,42.5,0.52,0.19,1.4,65.05,44,0.45,78
4906,正文,通信網路業,-0.25,17213421000.0,0.0,0.0,11651679335.564129,0.0,27.5,30.34,14.9,45.24,0.0,0.0,0.0,43.8,0.0,0.0,0.0,21.0,28,13.51,180
4749,新應材,半導體業,11.32,4226168000.0,373336395.7597173,6.39,4863121938.811093,13.03,81.34,61.73,43.12,104.85,561.85,1366.2,1059.83,991.0,1.07,0.57,1.38,31.17,140,41.4,120
4754,國碳科,化學工業,2.87,622838000.0,217016724.73867595,1.53,597465397.7295314,2.75,14.38,3.97,12.86,16.83,35.36,46.28,39.55,37.45,1.06,0.94,1.24,0.0,0,1.21,8
4755,三福化,化學工業,3.7,4835643000.0,1306930540.5405405,1.77,4621068164.879852,3.54,31.75,25.62,20.2,45.82,71.51,162.2,112.41,145.5,0.77,0.49,1.11,10.47,20,18.39,97
4760,勤凱,其他電子類,7.17,1827244000.0,254845746.16457462,5.04,2896716332.989056,11.37,26.62,49.82,12.25,62.07,139.28,705.74,302.64,375.0,0.81,0.37,1.88,24.6,111,93.66,168
4763,材料*-KY,化學工業,24.57,13615644000.0,554157264.9572649,10.31,9214901870.513554,16.63,9.26,9.56,5.4,14.96,89.8,248.78,153.98,44.3,3.48,2.03,5.62,18.3,77,0.0,0
4764,雙鍵,化學工業,1.21,2876719000.0,2377453719.0082645,0.73,3443425473.1705813,1.45,144.13,223.36,56.97,280.33,82.61,406.48,208.99,338.5,0.62,0.24,1.2,14.3,119,154.38,180
4766,南寶,化學工業,20.26,23192505000.0,1144743583.4155972,10.77,24865468185.133266,21.72,15.63,7.76,12.67,20.43,275.19,443.74,339.53,372.0,0.91,0.74,1.19,7.06,1,29.73,77
4767,誠泰科技,化學工業,1.25,1012731000.0,810184800.0,0.58,877594636.3316046,1.08,15.04,13.68,8.82,22.5,9.53,24.3,16.24,26.95,0.6,0.35,0.9,40.98,71,2.77,9
4768,晶呈科技,化學工業,0.39,1033185000.0,2649192307.6923075,0.38,2725188180.1039243,1.03,312.98,1346.52,32.97,1379.49,33.96,1420.87,322.37,382.0,0.84,0.09,3.72,13.03,17,187.38,183
4770,上品,化學工業,10.2,4769392000.0,467587450.9803922,5.05,4929810386.432291,10.54,16.92,17.03,9.25,26.28,97.49,276.99,178.38,215.5,0.83,0.45,1.29,11.57,16,23.88,82
4771,望隼,化學生技醫療,12.71,3422496000.0,269275845.79071593,7.87,4520472543.560574,16.79,16.69,17.98,13.31,31.29,223.47,525.36,280.24,191.5,1.46,1.17,2.74,0.0,0,1.62,72
4772,台特化,化學工業,4.21,1762870000.0,418733966.74584323,4.22,6366565327.953216,15.2,82.09,58.09,55.07,113.16,837.06,1720.03,1247.82,281.0,4.44,2.98,6.12,15.88,94,54.95,120
4806,桂田文創,文化創意業,-0.19,84386000.0,0.0,0.0,198452783.87237763,0.0,0.0,0.0,0.0,0.0,0.0,0.0,0.0,10.25,0.0,0.0,0.0,30.0,30,0.0,0
4807,日成-KY,貿易百貨,-0.24,2110985000.0,0.0,0.0,2650109752.369977,0.0,335.57,448.5,16.5,465.0,0.0,0.0,0.0,44.0,0.0,0.0,0.0,113.53,140,11.48,119
4903,聯光通,通信網路業,1.02,1463911000.0,1435206862.745098,0.47,1734523354.4464266,1.21,110.63,467.36,21.93,489.29,26.54,592.04,133.86,38.8,3.45,0.68,15.26,111.67,120,87.91,176
4904,遠傳,通信網路業,3.82,108996963000.0,28533236387.434555,2.04,119760971998.92982,4.2,25.31,6.81,22.11,28.92,92.86,121.46,106.29,108.5,0.98,0.86,1.12,11.55,94,3.58,142
4127,天良,生技醫療業,-0.21,495225000.0,0.0,0.0,796222485.0759182,0.0,145.88,437.63,70.94,508.57,0.0,0.0,0.0,67.1,0.0,0.0,0.0,0.0,0,1.21,27
4562,穎漢,電機機械,-1.28,747282000.0,0.0,0.0,610706797.2929155,0.0,0.0,0.0,0.0,0.0,0.0,0.0,0.0,35.25,0.0,0.0,0.0,60.0,62,0.51,8
4560,強信-KY,電機機械,3.02,1718464000.0,569027814.5695364,1.67,1846337810.2552216,3.24,17.3,18.36,10.71,29.07,34.7,94.19,56.06,33.1,1.69,1.05,2.85,0.27,10,0.63,7
4169,泰宗,生技醫療業,0.32,0.0,0.0,0.0,0.0,0.0,493.86,98.43,453.13,551.56,0.0,0.0,0.0,168.0,0.0,0.0,0.0,11.47,113,246.09,155
4171,瑞基,農業科技業,-1.94,221826000.0,0.0,0.0,245240605.36152747,0.0,0.0,0.0,0.0,0.0,0.0,0.0,0.0,17.3,0.0,0.0,0.0,5.26,13,15.72,133
4173,久裕,生技醫療業,1.16,1518675000.0,1309202586.2068965,0.61,1632377393.8528223,1.25,17.59,7.02,14.73,21.75,18.41,27.19,21.99,18.15,1.21,1.01,1.5,4.64,27,6.74,98
4174,浩鼎,生技醫療業,-15.61,59036000.0,0.0,0.0,33909866.38442542,0.0,0.0,0.0,0.0,0.0,0.0,0.0,0.0,27.9,0.0,0.0,0.0,47.56,72,6.15,48
4175,杏一,生技醫療業,3.69,7998459000.0,2167604065.0406504,1.85,7972292893.036928,3.68,65.03,171.14,13.48,184.62,49.61,679.4,239.32,53.7,4.46,0.92,12.65,2.98,34,0.0,0
4178,永笙-KY,化學生技醫療,-0.92,0.0,0.0,0.0,0.0,0.0,0.0,0.0,0.0,0.0,0.0,0.0,0.0,17.65,0.0,0.0,0.0,0.0,0,13.89,48
4183,福永生技,生技醫療業,-0.33,508694000.0,0.0,0.0,334033529.6927336,0.0,32.03,59.88,15.66,75.54,0.0,0.0,0.0,14.0,0.0,0.0,0.0,2.5,14,6.55,5
4188,安克,生技醫療業,-0.88,37034000.0,0.0,0.0,23383088.811294977,0.0,0.0,0.0,0.0,0.0,0.0,0.0,0.0,10.55,0.0,0.0,0.0,2.66,20,2.42,79
4190,佐登-KY,化學生技醫療,-1.59,2247934000.0,0.0,0.0,2214506739.9429793,0.0,0.0,0.0,0.0,0.0,0.0,0.0,0.0,24.8,0.0,0.0,0.0,10.92,132,1.93,26
4192,杏國,生技醫療業,-1.3,27417000.0,0.0,0.0,26050993.992932864,0.0,3519.41,365.0,3340.0,3705.0,0.0,0.0,0.0,21.15,0.0,0.0,0.0,6.82,10,0.0,0
4195,基米-創,創新板股票,-0.54,0.0,0.0,0.0,0.0,0.0,0.0,0.0,0.0,0.0,0.0,0.0,0.0,15.7,0.0,0.0,0.0,20.21,29,54.72,86
4198,欣大健康,生技醫療業,-1.97,196995000.0,0.0,0.0,140398062.62413108,0.0,8.0,5.01,6.71,11.72,0.0,0.0,0.0,38.5,0.0,0.0,0.0,25.1,10,9.78,16
4205,中華食,食品工業,4.23,2048169000.0,484200709.2198581,2.08,2075763021.8537872,4.29,20.3,6.53,17.61,24.14,75.55,103.56,87.1,72.9,1.19,1.04,1.42,0.85,28,1.98,26
4207,環泰,食品工業,1.76,5176930000.0,2941437500.0,0.95,5394554309.553163,1.83,13.62,6.72,9.57,16.29,17.51,29.81,24.93,19.55,1.28,0.9,1.52,3.13,17,24.29,152
4303,信立,塑膠工業,11.14,980754000.0,88038958.70736086,5.57,1043261992.7808322,11.85,6.88,13.22,2.66,15.88,31.52,188.18,81.51,47.5,1.72,0.66,3.96,24.41,167,10.02,29
4304,勝昱,塑膠工業,-1.16,342667000.0,0.0,0.0,347931799.5722986,0.0,0.0,0.0,0.0,0.0,0.0,0.0,0.0,23.1,0.0,0.0,0.0,121.67,64,200.97,145
4305,世坤,塑膠工業,3.83,1088255000.0,284139686.6840731,1.8,1015379191.4605008,3.57,12.24,4.37,10.43,14.8,37.24,52.84,43.69,43.9,1.0,0.85,1.2,4.67,10,6.32,41
4168,醣聯,生技醫療業,-2.16,33600000.0,0.0,0.0,20768646.464646462,0.0,0.0,0.0,0.0,0.0,0.0,0.0,0.0,25.3,0.0,0.0,0.0,15.0,20,0.0,0
4166,友霖,生技醫療業,0.9,734964000.0,816626666.6666666,0.0,0.0,0.0,48.44,52.14,26.33,78.47,0.0,0.0,0.0,25.0,0.0,0.0,0.0,68.2,141,0.41,7
4129,聯合,生技醫療業,5.83,5570321000.0,955458147.5128645,3.17,6465248449.555506,6.77,20.23,10.71,15.75,26.46,106.63,179.13,136.93,90.9,1.51,1.17,1.97,13.34,10,26.57,138
4130,健亞,生技醫療業,0.11,494127000.0,4492063636.363636,0.05,439858381.3717547,0.1,162.42,296.83,71.17,368.0,7.12,36.8,16.24,25.7,0.63,0.28,1.43,0.81,10,20.28,183
4131,浩泰,生技醫療業,-0.77,221004000.0,0.0,0.0,303354277.8355003,0.0,0.0,0.0,0.0,0.0,0.0,0.0,0.0,36.8,0.0,0.0,0.0,20.25,21,15.28,177
4133,亞諾法,化學生技醫療,-0.02,352143000.0,0.0,0.0,342929693.42588764,0.0,214.14,945.2,21.47,966.67,0.0,0.0,0.0,20.7,0.0,0.0,0.0,4.93,13,2.15,51
4137,麗豐-KY,化學生技醫療,7.13,3840036000.0,538574474.053296,3.6,4103537438.550412,7.62,16.75,10.1,12.24,22.34,93.27,170.23,127.63,109.0,1.17,0.86,1.56,0.0,0,3.85,14
4138,曜亞,生技醫療業,4.0,1384713000.0,346178250.0,1.99,1388709909.0752707,4.01,15.16,6.31,12.51,18.82,50.17,75.47,60.79,51.4,1.18,0.98,1.47,4.17,3,4.05,15
4139,馬光-KY,生技醫療業,-1.55,1092563000.0,0.0,0.0,1083558413.9383376,0.0,70.05,74.47,50.53,125.0,0.0,0.0,0.0,24.75,0.0,0.0,0.0,19.33,108,5.84,48
4142,國光生,化學生技醫療,-0.57,1425470000.0,0.0,0.0,1509150237.6764784,0.0,0.0,0.0,0.0,0.0,0.0,0.0,0.0,17.4,0.0,0.0,0.0,3.33,35,25.29,149
4147,中裕,生技醫療業,-0.61,584770000.0,0.0,0.0,668655742.4438947,0.0,0.0,0.0,0.0,0.0,0.0,0.0,0.0,57.2,0.0,0.0,0.0,0.0,0,1.7,1
4148,全宇生技-KY,化學生技醫療,2.31,2922708000.0,1265241558.4415584,1.14,3371480074.5285416,2.66,23.35,21.42,14.03,35.45,37.32,94.3,62.12,30.85,2.01,1.21,3.06,8.43,150,0.65,51
4155,訊映,化學生技醫療,0.58,1624178000.0,2800306896.5517244,0.27,1409965160.9382625,0.5,67.7,174.55,17.95,192.5,8.98,96.25,33.85,15.3,2.21,0.59,6.29,3.65,29,0.0,0
4157,太景*-KY,生技醫療業,0.06,39059000.0,650983333.3333334,0.37,430279969.67047125,0.66,77.53,152.8,39.7,192.5,26.2,127.05,51.17,8.74,5.85,3.0,14.54,0.99,8,48.98,180
4160,訊聯基因,生技醫療業,0.81,583563000.0,720448148.1481481,0.46,644611085.1420268,0.89,55.4,88.23,23.17,111.4,20.62,99.15,49.3,40.4,1.22,0.51,2.45,51.5,30,16.21,40
4161,聿新科,生技醫療業,1.27,843016000.0,663792125.984252,0.69,996780899.1705059,1.5,19.0,11.41,13.87,25.28,20.8,37.92,28.5,23.2,1.23,0.9,1.63,6.18,111,2.89,2
4162,智擎,生技醫療業,2.69,2517404000.0,935837918.2156134,0.56,633571222.1787236,0.68,20.06,48.43,5.01,53.44,3.41,36.34,13.64,57.3,0.24,0.06,0.63,11.64,148,0.0,0
4163,鐿鈦,生技醫療業,5.13,2386847000.0,465272319.68810916,2.77,2556834043.113073,5.5,22.24,12.27,17.49,29.76,96.2,163.68,122.29,115.0,1.06,0.84,1.42,1.63,17,6.73,5
4164,承業醫,化學生技醫療,0.98,4406696000.0,4496628571.428572,0.55,5363996906.534007,1.19,36.0,33.24,20.34,53.58,24.2,63.76,42.84,31.15,1.38,0.78,2.05,0.0,0,3.4,71
4167,松瑞藥,生技醫療業,1.72,1139892000.0,662727906.9767442,0.81,1103229449.7996674,1.66,28.71,68.61,10.78,79.39,17.89,131.79,47.66,19.95,2.39,0.9,6.61,6.5,13,0.0,0
4561,健椿,電機機械,0.66,945579000.0,1432695454.5454545,0.36,1013238527.0225358,0.71,32.17,76.82,11.93,88.75,8.47,63.01,22.84,42.5,0.54,0.2,1.48,42.29,77,6.6,61
4306,炎洲,塑膠工業,0.27,13142952000.0,48677600000.0,0.15,15384791161.256771,0.32,27.22,47.44,10.16,57.6,3.25,18.43,8.71,15.85,0.55,0.21,1.16,9.9,23,1.9,61
4402,郡都開發,紡織纖維,-0.13,23142000.0,0.0,0.0,18999767.310409795,0.0,213.29,108.88,168.0,276.88,0.0,0.0,0.0,16.8,0.0,0.0,0.0,66.87,62,8.58,78
4533,協易機,電機機械,0.2,3938898000.0,19694490000.0,0.1,3865152759.759138,0.2,132.42,1696.44,16.06,1712.5,3.21,342.5,26.48,30.2,0.88,0.11,11.34,1.25,28,0.0,0
4534,慶騰,電機機械,0.0,801825000.0,0.0,0.0,952709404.9429051,0.0,1045.55,2934.13,70.87,3005.0,0.0,0.0,0.0,33.65,0.0,0.0,0.0,57.62,77,18.0,58
4535,至興,電機機械,1.3,2572197000.0,1978613076.9230769,0.64,2394866150.287647,1.21,16.2,15.41,12.11,27.52,14.65,33.3,19.6,27.5,0.71,0.53,1.21,12.69,92,1.77,30
4538,大詠城,電機機械,0.29,363369000.0,1252996551.724138,0.15,461627053.82075995,0.37,67.98,86.77,22.05,108.82,8.16,40.26,25.15,18.85,1.33,0.43,2.14,16.31,87,5.11,104
4540,全球傳動,電機機械,-0.66,2576441000.0,0.0,0.0,3492479655.440525,0.0,0.0,0.0,0.0,0.0,0.0,0.0,0.0,61.2,0.0,0.0,0.0,79.22,183,25.89,71
4541,晟田,其他,2.03,1593892000.0,785168472.906404,1.25,2072443968.0465472,2.64,686.51,3720.64,19.36,3740.0,51.11,9873.6,1812.38,50.9,35.61,1.0,193.98,21.66,181,31.9,78
4542,科嶠,電子零組件業,1.28,702589000.0,548897656.25,0.86,884133261.9728168,1.61,218.61,1132.84,27.16,1160.0,43.73,1867.6,351.95,407.0,0.86,0.11,4.59,59.86,121,31.49,182
4543,萬在,電機機械,0.53,783259000.0,1477847169.8113208,0.32,975447080.218388,0.66,39.69,105.55,11.12,116.67,7.34,77.0,26.2,37.95,0.69,0.19,2.03,7.2,17,6.1,170
4545,銘鈺,電子工業,0.18,2391456000.0,13285866666.666668,0.09,2248629761.6069922,0.17,97.42,412.88,11.62,424.5,1.98,72.17,16.56,37.1,0.45,0.05,1.95,29.47,128,12.39,183
4549,桓達,電機機械,3.34,1266495000.0,379190119.76047903,1.46,1086178938.9256022,2.86,31.07,28.53,21.47,50.0,61.4,143.0,88.86,106.5,0.83,0.58,1.34,0.0,0,10.14,7
4550,長佳,電機機械,1.34,907487000.0,677229104.4776119,0.64,926734110.6715009,1.37,10.89,11.13,7.83,18.96,10.73,25.98,14.93,24.8,0.6,0.43,1.05,0.64,8,1.37,50
4551,智伸科,汽車工業,6.04,7704684000.0,1275609933.7748344,3.56,9018618230.554502,7.07,19.74,23.61,9.6,33.21,67.87,234.79,139.58,221.5,0.63,0.31,1.06,24.89,86,46.38,58
4552,力達-KY,電機機械,2.07,3459013000.0,1671020772.94686,0.99,3267517626.4843516,1.96,12.46,12.05,7.82,19.87,15.33,38.95,24.42,21.55,1.13,0.71,1.81,2.13,20,8.21,50
4554,橙的,其他電子類,2.15,496777000.0,231059069.76744187,1.07,515072045.44882184,2.23,18.47,28.16,12.0,40.16,26.76,89.56,41.2,30.15,1.37,0.89,2.97,5.28,20,9.11,49
4555,氣立,電機機械,0.19,1588876000.0,8362505263.157895,0.1,1733147173.7852993,0.21,201.44,78.61,174.0,252.61,36.54,53.05,42.3,47.85,0.88,0.76,1.11,3.81,2,40.33,75
4556,旭然,其他,0.92,674327000.0,732964130.4347826,0.47,718548305.1565177,0.98,142.13,441.8,28.91,470.71,28.33,461.3,139.28,76.9,1.81,0.37,6.0,23.68,34,11.11,54
4557,永新-KY,汽車工業,-0.34,4059621000.0,0.0,0.0,3051511889.2265997,0.0,51.98,259.7,6.97,266.67,0.0,0.0,0.0,49.7,0.0,0.0,0.0,21.58,160,0.0,0
4558,寶緯,電機機械,-0.39,1558915000.0,0.0,0.0,1653669095.6936119,0.0,294.85,1997.71,22.29,2020.0,0.0,0.0,0.0,18.65,0.0,0.0,0.0,52.33,143,13.48,50
4532,瑞智,電機機械,2.05,20554212000.0,10026444878.04878,1.2,19910429356.89857,1.99,13.17,7.46,10.33,17.79,20.56,35.4,26.22,23.75,1.1,0.87,1.49,7.78,44,0.0,0
4401,東隆興,紡織纖維,0.73,3932210000.0,5386589041.095891,0.35,3890275787.696488,0.72,34.46,135.57,13.87,149.44,9.99,107.6,24.81,14.1,1.76,0.71,7.63,2.6,93,6.29,98
4528,江興鍛,電機機械,-0.32,1570974000.0,0.0,0.0,1511738962.8901343,0.0,464.81,2310.56,44.44,2355.0,0.0,0.0,0.0,15.85,0.0,0.0,0.0,4.23,59,17.32,77
4406,新昕纖,紡織纖維,-1.08,492484000.0,0.0,0.0,239078382.71231228,0.0,0.0,0.0,0.0,0.0,0.0,0.0,0.0,9.89,0.0,0.0,0.0,3.57,15,6.19,65
4413,飛寶企業,紡織纖維,0.53,797445000.0,1504613207.5471697,0.21,805206683.7653705,0.54,82.01,301.61,16.72,318.33,9.03,171.9,44.29,0.0,0.0,0.0,0.0,2.7,17,5.82,37
4414,如興,紡織纖維,0.65,14392916000.0,22142947692.30769,0.32,14018151310.363487,0.63,15.55,44.37,2.88,47.25,1.81,29.77,9.8,8.44,1.16,0.21,3.53,24.76,28,286.57,82
4416,三圓,建材營造,-0.64,1096928000.0,0.0,0.0,4299530966.161073,0.0,542.89,980.84,11.66,992.5,0.0,0.0,0.0,10.0,0.0,0.0,0.0,9.01,77,0.0,0
4417,金洲,紡織纖維,6.13,3526922000.0,575354323.0016314,2.77,3191839333.1015363,5.55,9.45,4.21,7.52,11.73,41.74,65.1,52.46,46.65,1.12,0.89,1.4,7.97,178,19.2,147
4420,光明,紡織纖維,5.52,1018773000.0,184560326.08695653,2.68,980029794.008378,5.31,7.24,51.25,1.1,52.35,5.84,277.98,38.45,37.6,1.02,0.16,7.39,24.65,77,3.14,16
4426,利勤,紡織纖維,-2.93,875169000.0,0.0,0.0,884187772.2374892,0.0,0.0,0.0,0.0,0.0,0.0,0.0,0.0,7.98,0.0,0.0,0.0,1.18,3,3.7,77
4430,耀億,其他,-0.19,2072039000.0,0.0,0.0,2098396829.846458,0.0,0.0,0.0,0.0,0.0,0.0,0.0,0.0,17.6,0.0,0.0,0.0,16.48,140,1.25,8
4432,銘旺實,紡織纖維,0.88,1113575000.0,1265426136.3636363,0.34,949499707.4294968,0.75,14.5,27.95,4.82,32.77,3.62,24.58,10.87,16.25,0.67,0.22,1.51,8.06,76,9.38,1
4433,興采,紡織纖維,1.06,3437293000.0,3242729245.2830186,0.48,3156023885.6589985,0.97,143.47,478.23,16.77,495.0,16.27,480.15,139.17,20.4,6.82,0.8,23.54,0.0,0,0.68,6
4438,廣越,紡織纖維,3.06,19317257000.0,6312829084.96732,1.14,20347028217.261837,3.22,27.12,46.04,14.48,60.52,46.63,194.87,87.34,61.1,1.43,0.76,3.19,0.0,0,3.33,159
4439,冠星-KY,紡織纖維,7.73,6940476000.0,897862354.4631306,4.17,7554770792.48101,8.41,26.1,47.78,10.6,58.38,89.15,490.98,219.47,91.6,2.4,0.97,5.36,3.7,10,22.45,159
4440,宜新實業,紡織纖維,1.14,1056073000.0,926379824.5614036,0.63,1272443877.5212934,1.37,16.5,17.43,9.63,27.06,13.19,37.07,22.61,17.1,1.32,0.77,2.17,9.41,120,28.7,121
4441,振大環球,紡織纖維,14.72,4114059000.0,279487703.8043478,0.0,0.0,0.0,18.89,12.03,13.36,25.39,0.0,0.0,0.0,200.0,0.0,0.0,0.0,53.66,127,34.93,138
4442,竣邦-KY,紡織纖維,5.25,1675561000.0,319154476.1904762,3.28,1850804043.1730993,5.8,14.05,11.95,10.5,22.45,60.9,130.21,81.51,56.1,1.45,1.09,2.32,52.53,171,64.75,154
4502,健信,電機機械,-1.52,967569000.0,0.0,0.0,1089453558.5815444,0.0,79.51,107.53,35.8,143.33,0.0,0.0,0.0,15.8,0.0,0.0,0.0,0.0,0,11.24,55
4503,金雨,電機機械,1.37,678367000.0,495158394.1605839,0.69,830687211.6048616,1.68,85.62,153.03,16.97,170.0,28.51,285.6,143.85,38.4,3.75,0.74,7.44,6.71,17,12.64,56
4506,崇友,電機機械,6.52,6147778000.0,942910736.1963191,3.47,6389763819.352755,6.78,19.39,5.31,16.81,22.12,113.97,149.97,131.48,118.5,1.11,0.96,1.27,5.14,10,17.78,104
4510,高鋒,電機機械,-1.02,1581975000.0,0.0,0.0,2148517192.001337,0.0,40.2,43.65,15.87,59.52,0.0,0.0,0.0,45.3,0.0,0.0,0.0,237.2,77,7.6,61
4513,福裕,電機機械,-1.79,1018902000.0,0.0,0.0,1399319935.378579,0.0,58.52,59.3,37.22,96.52,0.0,0.0,0.0,17.45,0.0,0.0,0.0,106.99,65,13.35,92
4523,永彰,電機機械,22.27,612079000.0,27484463.403682083,20.46,946188996.2228155,34.43,1.34,0.41,1.18,1.59,40.63,54.74,45.98,30.5,1.51,1.33,1.79,2.82,28,3.11,141
4526,東台,電機機械,1.82,5453188000.0,2996257142.857143,0.9,4783214158.195372,1.6,45.83,48.12,17.58,65.7,28.13,105.12,73.32,39.15,1.87,0.72,2.69,55.21,93,56.64,61
4527,方土霖,電機機械,3.4,3024592000.0,889585882.3529412,1.87,3282617497.9371147,3.69,12.24,6.55,9.33,15.88,34.43,58.6,45.18,40.85,1.11,0.84,1.43,47.25,128,4.52,9
4529,淳紳,其他,-0.74,5459000.0,0.0,0.0,15317641.59941306,0.0,0.0,0.0,0.0,0.0,0.0,0.0,0.0,4.78,0.0,0.0,0.0,20.45,6,6.25,19
3373,熱映,其他電子類,-1.35,404178000.0,0.0,0.0,386725447.2595729,0.0,0.0,0.0,0.0,0.0,0.0,0.0,0.0,16.75,0.0,0.0,0.0,0.0,0,0.0,0
3363,上詮,通信網路業,0.16,1868579000.0,11678618750.0,0.07,1603759279.483691,0.14,5590.87,5533.93,3437.5,8971.43,481.25,1256.0,782.72,712.0,1.1,0.68,1.76,58.73,127,63.65,180
2762,世界健身-KY,運動休閒,3.75,10884710000.0,2902589333.3333335,1.98,11921524602.871847,4.11,27.22,22.03,14.94,36.97,61.4,151.95,111.87,85.3,1.31,0.72,1.78,19.57,134,7.02,124
2801,彰銀,金融保險,1.51,45006999000.0,29805959602.649006,0.83,51666342685.07807,1.73,13.94,3.12,12.33,15.45,21.33,26.73,24.11,22.85,1.06,0.93,1.17,4.11,24,11.83,180
2812,台中銀,金融保險,1.53,20382325000.0,13321781045.751635,0.87,24768315567.71423,1.86,13.38,4.27,11.43,15.7,21.26,29.2,24.88,19.8,1.26,1.07,1.47,7.84,30,11.45,49
2816,旺旺保,金融保險,4.66,11080464000.0,2377781974.248927,3.47,17485589308.17932,7.35,6.62,3.38,4.82,8.2,35.43,60.27,48.62,33.45,1.45,1.06,1.8,10.36,29,19.44,166
2820,華票,金融保險,1.34,2927811000.0,2184933582.089552,0.96,4999000028.191761,2.29,14.61,6.32,10.99,17.31,25.17,39.64,33.45,17.85,1.87,1.41,2.22,1.29,3,10.68,84
2832,台產,金融保險,3.91,7271628000.0,1859751406.6496162,2.66,10373217573.610708,5.58,10.33,8.27,8.34,16.61,46.54,92.68,57.65,56.3,1.02,0.83,1.65,11.79,70,69.57,162
2834,臺企銀,金融保險,1.26,35009065000.0,27784972222.22222,0.64,37357688788.12529,1.34,12.6,5.34,10.53,15.87,14.11,21.27,16.88,17.5,0.96,0.81,1.22,9.4,20,8.85,35
2836,高雄銀,金融保險,0.68,4981646000.0,7325949999.999999,0.35,5440418437.633833,0.74,21.46,13.06,15.74,28.8,11.65,21.31,15.88,12.35,1.29,0.94,1.73,11.81,22,7.23,23
2836A,高雄銀甲特,金融保險,0.0,0.0,0.0,0.0,0.0,0.0,0.0,0.0,0.0,0.0,0.0,0.0,0.0,24.65,0.0,0.0,0.0,1.4,155,5.75,183
2838,聯邦銀,金融保險,1.29,20088744000.0,15572669767.44186,0.75,25914866868.889503,1.66,14.48,4.58,12.56,17.14,20.85,28.45,24.04,22.75,1.06,0.92,1.25,7.23,24,15.71,127
2838A,聯邦銀甲特,金融保險,0.0,0.0,0.0,0.0,0.0,0.0,0.0,0.0,0.0,0.0,0.0,0.0,0.0,54.3,0.0,0.0,0.0,0.75,16,1.65,22
2845,遠東銀,金融保險,0.93,12771715000.0,13733026881.720428,0.51,14768925124.908157,1.08,13.98,4.83,11.63,16.46,12.56,17.78,15.1,12.95,1.17,0.97,1.37,10.13,20,7.66,61
2849,安泰銀,金融保險,0.79,5702683000.0,7218586075.949367,0.44,6725328330.396926,0.93,18.17,8.24,13.82,22.06,12.85,20.52,16.9,14.6,1.16,0.88,1.41,8.36,17,3.33,13
2850,新產,金融保險,12.28,21479434000.0,1749139576.5472314,8.05,29214754068.48451,16.7,10.02,3.25,8.18,11.43,136.61,190.88,167.33,142.0,1.18,0.96,1.34,13.35,183,14.62,182
2851,中再保,金融保險,3.66,22564473000.0,6165156557.3770485,2.24,31437408272.952892,5.1,9.17,7.41,6.3,13.71,32.13,69.92,46.76,39.0,1.2,0.82,1.79,5.93,73,3.09,167
2852,第一保,金融保險,2.92,7517297000.0,2574416780.821918,1.78,9350310917.272,3.63,8.95,2.7,7.57,10.27,27.48,37.28,32.5,26.35,1.23,1.04,1.41,3.43,170,0.34,9
2855,統一證,金融保險,3.0,12942411000.0,4314137000.0,3.7,51518035848.03362,11.94,11.31,13.31,6.65,19.96,79.4,238.32,135.05,52.2,2.59,1.52,4.57,6.67,6,13.45,169
2867,三商壽,金融保險,0.2,94802262000.0,474011310000.0,0.12,147397667353.99634,0.31,56.06,104.37,13.63,118.0,4.23,36.58,17.38,8.74,1.99,0.48,4.19,15.7,24,57.82,182
2880,華南金,金融保險,1.9,68970569000.0,36300299473.68421,1.07,85606327024.10753,2.36,16.82,6.75,14.3,21.05,33.75,49.68,39.7,38.35,1.04,0.88,1.3,9.23,44,19.77,182
2881,富邦金,金融保險,8.37,378273064000.0,45193914456.39188,4.27,601619543778.2937,13.31,11.52,11.68,7.3,18.98,97.16,252.62,153.34,138.0,1.11,0.7,1.83,22.08,76,11.33,182
2751,王座,觀光餐旅,4.57,1733655000.0,379355579.86870897,2.65,2335926664.6356764,6.16,14.89,7.22,10.9,18.12,67.14,111.62,91.7,51.6,1.78,1.3,2.16,0.91,16,18.6,83
2646,星宇航空,航運業,0.08,43455568000.0,543194600000.0,0.05,54753873682.51718,0.1,131.48,221.02,46.2,267.22,4.62,26.72,13.15,21.25,0.62,0.22,1.26,9.79,121,1.73,55
2881A,富邦特,金融保險,0.0,0.0,0.0,0.0,0.0,0.0,0.0,0.0,0.0,0.0,0.0,0.0,0.0,63.9,0.0,0.0,0.0,1.59,30,0.16,1
2881C,富邦金丙特,金融保險,0.0,0.0,0.0,0.0,0.0,0.0,0.0,0.0,0.0,0.0,0.0,0.0,0.0,51.4,0.0,0.0,0.0,0.19,1,3.84,78
2910,統領,貿易百貨,1.23,534053000.0,434189430.8943089,0.62,522833611.8349105,1.2,20.1,8.16,16.71,24.87,20.05,29.84,24.12,23.1,1.04,0.87,1.29,8.47,69,6.6,9
2911,麗嬰房,貿易百貨,2.15,2396308000.0,1114561860.4651163,0.8,1625903624.698795,1.46,2.25,1.3,1.44,2.74,2.1,4.0,3.29,8.01,0.41,0.26,0.5,62.82,111,0.0,0
2912,統一超,貿易百貨,10.78,349361674000.0,32408318552.875698,5.57,366056867747.8357,11.3,23.26,8.58,18.82,27.4,212.67,309.62,262.87,223.5,1.18,0.95,1.39,10.79,98,3.07,26
2913,農林,貿易百貨,-0.15,478252000.0,0.0,0.0,423809993.81735766,0.0,0.0,0.0,0.0,0.0,0.0,0.0,0.0,11.15,0.0,0.0,0.0,5.91,29,6.27,15
2915,潤泰全,貿易百貨,9.3,2699478000.0,290266451.6129032,3.05,1608944490.8867338,5.54,6.47,7.19,3.89,11.08,21.55,61.38,35.86,53.3,0.67,0.4,1.15,19.53,29,7.39,16
2923,鼎固-KY,建材營造,-3.62,3198488000.0,0.0,0.0,12578522120.887688,0.0,63.85,51.42,41.02,92.44,0.0,0.0,0.0,23.55,0.0,0.0,0.0,36.83,104,8.4,13
2926,誠品生活,文化創意業,0.54,6956487000.0,12882383333.333332,0.28,7369605933.45021,0.57,85.07,154.54,41.39,195.93,23.59,111.68,48.49,35.3,1.37,0.67,3.16,2.84,3,0.21,1
2929,淘帝-KY,貿易百貨,-1.68,1848650000.0,0.0,0.0,1599920724.2029583,0.0,55.27,69.03,35.26,104.29,0.0,0.0,0.0,6.0,0.0,0.0,0.0,68.42,169,6.39,42
3372,典範,半導體業,-1.22,1065971000.0,0.0,0.0,1409760707.0278232,0.0,0.0,0.0,0.0,0.0,0.0,0.0,0.0,20.4,0.0,0.0,0.0,0.0,0,57.69,148
2939,永邑-KY,貿易百貨,-3.68,313675000.0,0.0,0.0,265193618.92044255,0.0,0.0,0.0,0.0,0.0,0.0,0.0,0.0,21.9,0.0,0.0,0.0,47.03,97,0.84,15
2941,米斯特,居家生活類,2.36,936342000.0,396755084.7457627,1.19,924268019.3600509,2.33,18.89,15.86,10.88,26.74,25.35,62.3,44.01,36.0,1.22,0.7,1.73,0.0,0,32.95,93
2945,三商家購,貿易百貨,2.14,14731084000.0,6883684112.149532,1.24,17625730657.242767,2.56,20.02,7.91,17.15,25.06,43.9,64.15,51.25,42.9,1.19,1.02,1.5,1.13,22,2.3,14
2948,寶陞,居家生活類,2.17,2162553000.0,996568202.764977,1.07,2096605912.7237132,2.1,19.81,9.52,15.91,25.43,33.41,53.4,41.59,37.25,1.12,0.9,1.43,0.0,0,0.0,0
2949,欣新網,數位雲端類,3.99,5647538000.0,1415423057.6441102,2.11,6772374490.32615,4.78,20.45,12.51,14.44,26.95,69.02,128.82,97.76,68.4,1.43,1.01,1.88,4.5,161,2.69,1
3002,歐格,電子工業,0.35,693459000.0,1981311428.5714288,0.2,848532752.3471279,0.43,101.1,265.23,44.77,310.0,19.25,133.3,43.47,22.95,1.89,0.84,5.81,10.39,17,113.5,142
3003,健和興,電子工業,0.98,4364959000.0,4454039795.918367,0.61,5498946336.981041,1.23,27.74,57.35,11.86,69.21,14.59,85.13,34.12,69.9,0.49,0.21,1.22,26.57,90,5.58,96
3004,豐達科,鋼鐵工業,5.85,3988571000.0,681807008.5470086,3.66,5181929268.741389,7.6,17.3,15.47,10.84,26.31,82.38,199.96,131.46,134.5,0.98,0.61,1.49,5.77,13,12.36,77
2908,特力,貿易百貨,0.23,34350128000.0,149348382608.69565,0.12,35456636182.680695,0.24,68.76,131.0,29.38,160.38,7.05,38.49,16.5,20.8,0.79,0.34,1.85,1.69,23,2.75,50
2881B,富邦金乙特,金融保險,0.0,0.0,0.0,0.0,0.0,0.0,0.0,0.0,0.0,0.0,0.0,0.0,0.0,62.6,0.0,0.0,0.0,1.18,183,0.16,12
2906,高林,貿易百貨,0.47,8788364000.0,18698646808.51064,0.24,8916919647.482784,0.48,31.34,13.28,25.0,38.28,12.0,18.37,15.04,12.9,1.17,0.93,1.42,12.53,17,3.56,13
2904,匯僑,其他,0.98,483900000.0,493775510.20408165,0.42,395720344.01346415,0.8,16.47,13.79,11.81,25.6,9.45,20.48,13.17,14.15,0.93,0.67,1.45,0.78,7,1.64,16
2882,國泰金,金融保險,7.06,350182831000.0,49600967563.73938,3.11,338787157792.02795,6.83,11.8,10.26,7.27,17.53,49.65,119.73,80.58,115.5,0.7,0.43,1.04,19.02,181,10.55,183
2882A,國泰特,金融保險,0.0,0.0,0.0,0.0,0.0,0.0,0.0,0.0,0.0,0.0,0.0,0.0,0.0,62.1,0.0,0.0,0.0,0.16,1,0.16,7
2882B,國泰金乙特,金融保險,0.0,0.0,0.0,0.0,0.0,0.0,0.0,0.0,0.0,0.0,0.0,0.0,0.0,60.8,0.0,0.0,0.0,1.86,177,0.0,0
2883,凱基金,金融保險,1.74,69242451000.0,39794512068.965515,1.37,164533805198.25748,4.13,11.73,9.67,7.75,17.42,32.01,71.94,48.46,30.75,1.58,1.04,2.34,18.12,177,5.44,182
2883B,凱基金乙特,金融保險,0.0,0.0,0.0,0.0,0.0,0.0,0.0,0.0,0.0,0.0,0.0,0.0,0.0,8.26,0.0,0.0,0.0,4.85,146,1.03,183
2884,玉山金,金融保險,2.12,90758158000.0,42810451886.79245,1.22,111807168087.11205,2.61,17.33,7.8,13.95,21.75,36.41,56.77,45.24,35.4,1.28,1.03,1.6,5.55,30,10.31,27
2885,元大金,金融保險,2.74,125092925000.0,45654352189.78102,2.07,216932961147.19498,4.75,14.34,11.06,9.86,20.92,46.83,99.37,68.11,68.0,1.0,0.69,1.46,7.14,181,15.4,182
2886,兆豐金,金融保險,2.36,81638284000.0,34592493220.33898,1.31,97061491115.55093,2.81,17.45,5.19,15.19,20.38,42.68,57.27,49.04,45.5,1.08,0.94,1.26,7.98,41,5.52,49
2887,台新新光金,金融保險,1.91,135353846000.0,70865887958.11519,1.44,302619504795.0507,4.27,15.08,15.93,9.93,25.86,42.4,110.42,64.37,32.45,1.98,1.31,3.4,9.38,41,26.79,183
2887E,台新新光戊特一,金融保險,0.0,0.0,0.0,0.0,0.0,0.0,0.0,0.0,0.0,0.0,0.0,0.0,0.0,50.7,0.0,0.0,0.0,0.57,13,0.4,16
2887F,台新新光戊特二,金融保險,0.0,0.0,0.0,0.0,0.0,0.0,0.0,0.0,0.0,0.0,0.0,0.0,0.0,47.1,0.0,0.0,0.0,0.42,3,1.42,182
2887G,台新新光庚特一,金融保險,0.0,0.0,0.0,0.0,0.0,0.0,0.0,0.0,0.0,0.0,0.0,0.0,0.0,43.15,0.0,0.0,0.0,11.66,182,11.66,182
2887H,台新新光庚特二,金融保險,0.0,0.0,0.0,0.0,0.0,0.0,0.0,0.0,0.0,0.0,0.0,0.0,0.0,41.15,0.0,0.0,0.0,11.06,180,11.06,180
2887I,台新新光辛特,金融保險,0.0,0.0,0.0,0.0,0.0,0.0,0.0,0.0,0.0,0.0,0.0,0.0,0.0,9.5,0.0,0.0,0.0,4.67,138,4.67,138
2887Z1,台新新光己特,金融保險,0.0,0.0,0.0,0.0,0.0,0.0,0.0,0.0,0.0,0.0,0.0,0.0,0.0,18.05,0.0,0.0,0.0,0.0,0,3.45,183
2889,國票金,金融保險,0.63,8459319000.0,13427490476.190475,0.5,18002207353.789352,1.34,25.93,16.53,18.9,35.43,25.33,47.48,34.75,15.25,2.28,1.66,3.11,10.29,20,28.25,20
2890,永豐金,金融保險,1.97,73621169000.0,37371151776.64975,1.37,110763780008.54764,2.96,14.35,8.13,10.91,19.04,32.29,56.36,42.48,39.8,1.07,0.81,1.42,10.32,27,17.72,182
2891,中信金,金融保險,4.08,237902628000.0,58309467647.05882,2.09,294115534641.4201,5.04,12.25,7.83,9.5,17.33,47.88,87.34,61.72,71.9,0.86,0.67,1.21,7.78,22,14.5,183
2891B,中信金乙特,金融保險,0.0,0.0,0.0,0.0,0.0,0.0,0.0,0.0,0.0,0.0,0.0,0.0,0.0,64.3,0.0,0.0,0.0,1.83,183,1.26,23
2891C,中信金丙特,金融保險,0.0,0.0,0.0,0.0,0.0,0.0,0.0,0.0,0.0,0.0,0.0,0.0,0.0,62.7,0.0,0.0,0.0,0.0,0,0.0,0
2892,第一金,金融保險,1.87,76661762000.0,40995594652.40642,1.0,87730449123.56523,2.14,15.79,4.08,13.48,17.56,28.85,37.58,33.8,32.6,1.04,0.88,1.15,4.98,41,7.71,49
2897,王道銀行,金融保險,0.61,9927851000.0,16275165573.770493,0.37,12943136108.648598,0.8,12.46,7.97,9.28,17.25,7.42,13.8,9.97,10.5,0.95,0.71,1.31,5.74,24,0.0,0
2897B,王道銀乙特,金融保險,0.0,0.0,0.0,0.0,0.0,0.0,0.0,0.0,0.0,0.0,0.0,0.0,0.0,11.8,0.0,0.0,0.0,3.88,156,0.42,21
2901,欣欣,貿易百貨,0.38,130775000.0,344144736.84210527,0.19,135325942.33222362,0.39,66.09,20.38,54.76,75.14,21.36,29.3,25.77,23.85,1.08,0.9,1.23,2.69,146,4.43,9
2903,遠百,貿易百貨,1.56,34266429000.0,21965659615.384613,0.74,33893156944.976536,1.54,15.03,7.01,12.58,19.59,19.37,30.17,23.15,23.95,0.97,0.81,1.26,8.74,16,4.95,161
2905,三商,貿易百貨,0.71,165658168000.0,233321363380.2817,0.4,125230574642.11671,0.54,29.33,41.09,7.61,48.7,4.11,26.3,15.84,15.15,1.05,0.27,1.74,27.88,58,35.18,173
3005,神基,電子工業,8.43,39125415000.0,4641211743.772243,4.29,40840097995.87583,8.8,15.76,9.75,11.49,21.24,101.11,186.91,138.69,101.5,1.37,1.0,1.84,6.81,14,26.92,77
2645,長榮航太,航運業,5.46,18258462000.0,3344040659.340659,2.92,19917471911.13616,5.96,25.22,28.45,17.47,45.92,104.12,273.68,150.34,170.0,0.88,0.61,1.61,1.78,9,85.78,77
2643,捷迅,航運業,6.3,8198219000.0,1301304603.1746032,2.67,7413227938.208287,5.7,11.64,3.4,10.48,13.88,59.74,79.12,66.33,66.7,0.99,0.9,1.19,0.81,3,0.53,176
2480,敦陽科,資訊服務業,8.0,8422821000.0,1052852625.0,4.55,9368363342.610495,8.9,18.79,8.04,15.11,23.15,134.48,206.04,167.21,153.5,1.09,0.88,1.34,11.11,171,19.02,55
2481,強茂,半導體業,3.11,12976514000.0,4172512540.1929264,1.71,14448807265.47887,3.46,26.61,36.28,16.1,52.38,55.71,181.23,92.07,160.0,0.58,0.35,1.13,11.95,28,88.72,125
2482,連宇,其他電子業,-1.09,493731000.0,0.0,0.0,453725148.477475,0.0,34.82,32.93,14.33,47.26,0.0,0.0,0.0,17.35,0.0,0.0,0.0,13.84,15,21.88,82
2483,百容,電子工業,0.6,1759470000.0,2932450000.0,0.34,1968819100.455089,0.67,83.54,289.5,23.83,313.33,15.97,209.93,55.97,39.65,1.41,0.4,5.29,8.28,16,21.91,98
2484,希華,電子工業,0.66,2409420000.0,3650636363.6363635,0.32,2350523009.268002,0.64,35.14,81.68,17.37,99.05,11.12,63.39,22.49,71.2,0.32,0.16,0.89,2.5,20,13.64,131
2485,兆赫,通信網路業,-0.96,2424065000.0,0.0,0.0,4569272961.521713,0.0,1718.75,405.0,1512.5,1917.5,0.0,0.0,0.0,61.7,0.0,0.0,0.0,6.47,17,161.5,182
2486,一詮,光電業,0.22,5995655000.0,27252977272.727272,0.13,7243078546.556291,0.27,543.92,1311.2,113.8,1425.0,30.73,384.75,146.86,276.5,0.53,0.11,1.39,20.5,27,28.95,153
2488,漢平,其他電子業,4.56,3025797000.0,663551973.6842105,2.16,3040659271.498751,4.58,10.03,5.37,7.55,12.92,34.58,59.17,45.93,54.8,0.84,0.63,1.08,22.59,167,9.42,70
2489,瑞軒,光電業,1.23,24716288000.0,20094543089.430893,0.62,26645957901.359394,1.33,17.67,45.64,6.19,51.83,8.23,68.93,23.51,48.15,0.49,0.17,1.43,32.99,27,12.5,117
2491,吉祥全,光電業,1.42,177475000.0,124982394.36619718,0.69,167852237.62289038,1.34,28.02,51.76,5.74,57.5,7.69,77.05,37.55,41.0,0.92,0.19,1.88,5.92,20,145.63,183
2492,華新科,電子工業,4.74,36273718000.0,7652683122.362869,2.59,40463490632.02284,5.29,24.94,96.66,10.81,107.47,57.18,568.52,131.95,561.0,0.24,0.1,1.01,7.56,29,65.47,132
2493,揚博,電子工業,4.56,3731121000.0,818228289.4736843,2.4,3957365939.9926357,4.84,20.53,53.11,11.55,64.66,55.9,312.95,99.34,273.5,0.36,0.2,1.14,29.65,136,74.97,72
2478,大毅,電子零組件業,3.45,5425300000.0,1572550724.637681,1.89,5961690375.702852,3.79,18.46,51.86,11.21,63.07,42.49,239.04,69.97,234.0,0.3,0.18,1.02,8.55,28,51.57,148
2477,美隆電,其他電子業,1.68,2484147000.0,1478658928.5714285,0.71,2410045998.021235,1.63,18.17,36.04,12.06,48.1,19.66,78.4,29.61,21.9,1.35,0.9,3.58,74.43,133,33.33,70
2460,建通,電子工業,-2.99,3124587000.0,0.0,0.0,4779263379.903504,0.0,0.0,0.0,0.0,0.0,0.0,0.0,0.0,34.8,0.0,0.0,0.0,1.04,8,18.62,175
2461,光群雷,其他電子業,-0.61,5225852000.0,0.0,0.0,5453631132.333249,0.0,18.65,53.86,8.77,62.63,0.0,0.0,0.0,18.4,0.0,0.0,0.0,0.4,3,2.99,69
2462,良得電,電子工業,0.27,4119265000.0,15256537037.037037,0.13,3948707406.372884,0.26,52.7,358.46,12.25,370.71,3.18,96.38,13.7,25.45,0.54,0.12,3.79,1.96,17,27.01,93
2464,盟立,其他電子業,-0.83,6834567000.0,0.0,0.0,7360624554.067636,0.0,100.42,85.84,70.56,156.4,0.0,0.0,0.0,172.0,0.0,0.0,0.0,46.65,22,26.52,84
2465,麗臺,電子工業,0.42,5036165000.0,11990869047.619047,0.29,7427419944.511349,0.62,120.58,172.22,57.27,229.49,35.51,142.28,74.76,80.9,0.92,0.44,1.76,1.59,1,32.39,120
2466,冠西電,光電業,0.23,974812000.0,4238313043.4782605,0.07,699853879.2974231,0.17,83.24,246.49,27.68,274.17,4.71,46.61,14.15,50.1,0.28,0.09,0.93,12.11,183,9.34,22
2467,志聖,電子工業,5.49,5932149000.0,1080537158.4699454,4.42,10106035744.470217,9.35,48.91,88.93,22.81,111.74,213.27,1044.77,457.29,599.0,0.76,0.36,1.74,85.87,71,56.87,180
2468,華經,資訊服務業,1.25,2725131000.0,2180104800.0,0.58,2226360601.561943,1.02,39.43,66.57,17.81,84.38,18.17,86.07,40.21,38.0,1.06,0.48,2.26,6.02,183,0.0,0
2471,資通,資訊服務業,3.62,968338000.0,267496685.08287293,1.99,1109858076.7222629,4.15,17.13,11.06,12.69,23.75,52.66,98.56,71.11,53.8,1.32,0.98,1.83,7.16,28,1.95,15
2472,立隆電,電子工業,8.72,11200459000.0,1284456307.3394494,4.96,12744665878.515066,9.92,14.68,37.73,8.74,46.47,86.7,460.98,145.6,402.0,0.36,0.22,1.15,14.66,28,51.72,132
2474,可成,其他電子業,11.36,19119043000.0,1683014348.5915494,4.18,14166161867.847343,8.42,14.36,15.61,9.01,24.62,75.86,207.3,120.93,202.5,0.6,0.37,1.02,6.54,122,2.35,48
2476,鉅祥,電子工業,4.36,7295984000.0,1673390825.6880732,2.72,9643180884.009377,5.76,21.54,19.84,11.83,31.67,68.14,182.42,124.07,125.0,0.99,0.55,1.46,2.63,17,59.21,84
2496,卓越,其他,6.13,866192000.0,141303752.03915173,3.06,912215403.2310296,6.46,11.24,4.58,9.86,14.44,63.7,93.28,72.58,65.0,1.12,0.98,1.44,10.84,181,0.28,6
2498,宏達電,通信網路業,7.21,3004402000.0,416699306.518724,3.04,2571868667.4242206,6.17,17.16,32.57,5.44,38.01,33.56,234.52,105.89,46.4,2.28,0.72,5.05,13.79,105,86.02,77
2597,潤弘,建材營造,11.1,29977603000.0,2700684954.954955,6.11,36751393541.049614,13.61,15.12,11.12,10.59,21.71,144.13,295.47,205.76,178.0,1.16,0.81,1.66,27.3,44,16.22,36
2603,長榮,航運業,31.68,386268472000.0,12192817929.292929,15.03,346167671830.4869,28.39,4.88,7.71,2.65,10.36,75.23,294.12,138.47,193.0,0.72,0.39,1.52,20.1,156,0.0,0
2605,新興,航運業,1.45,4393818000.0,3030219310.3448277,0.89,5552979128.5916395,1.83,18.9,38.43,7.17,45.6,13.12,83.45,34.59,31.0,1.12,0.42,2.69,6.77,15,37.47,169
2606,裕民,航運業,4.31,15370434000.0,3566225986.0788865,2.41,18898230843.68548,5.3,12.94,9.53,8.55,18.08,45.32,95.82,68.6,61.5,1.12,0.74,1.56,9.29,156,30.34,169
2607,榮運,航運業,3.77,17370304000.0,4607507692.307693,1.87,16541914634.613977,3.59,12.15,11.64,8.67,20.31,31.13,72.91,43.6,49.55,0.88,0.63,1.47,2.68,7,74.41,120
2608,嘉里大榮,航運業,1.98,12880973000.0,6505541919.191919,0.97,12721081107.551651,1.96,15.71,7.12,10.66,17.78,20.89,34.85,30.8,29.1,1.06,0.72,1.2,0.0,0,0.86,64
2609,陽明,航運業,4.9,167762203000.0,34237184285.714283,2.37,155538326191.3519,4.54,7.9,21.82,3.08,24.9,13.98,113.05,35.87,51.3,0.7,0.27,2.2,12.01,174,0.0,0
2610,華航,航運業,2.42,208753674000.0,86261848760.33058,1.37,232882644548.10474,2.7,10.7,10.32,7.11,17.43,19.2,47.06,28.9,22.0,1.31,0.87,2.14,15.42,174,4.44,26
2611,志信,航運業,0.51,675806000.0,1325109803.9215686,0.46,1154070620.6666195,0.87,25.34,76.89,6.27,83.16,5.45,72.35,22.04,14.0,1.57,0.39,5.17,2.36,2,0.0,0
2612,中航,航運業,5.46,4864523000.0,890938278.3882784,2.91,5107725620.106139,5.73,13.51,28.04,6.58,34.62,37.7,198.37,77.38,53.7,1.44,0.7,3.69,6.0,15,55.25,169
2613,中櫃,航運業,1.14,3351986000.0,2940338596.491228,0.59,3560928680.1542144,1.21,29.15,22.24,18.86,41.1,22.82,49.73,35.27,21.9,1.61,1.04,2.27,0.67,3,0.17,58
2615,萬海,航運業,11.21,142685313000.0,12728395450.490633,5.69,139422737145.2315,10.95,26.08,267.85,3.62,271.47,39.64,2972.6,285.53,80.4,3.55,0.49,36.97,21.06,101,0.0,0
2616,山隆,油電燃氣業,-6.25,8190423000.0,0.0,0.0,8686021516.612617,0.0,193.16,193.32,79.81,273.13,0.0,0.0,0.0,13.85,0.0,0.0,0.0,2.26,3,0.0,0
2617,台航,航運業,3.18,4257272000.0,1338764779.8742137,1.74,4760857108.534391,3.56,9.4,4.68,6.51,11.19,23.18,39.84,33.46,29.85,1.12,0.78,1.33,10.32,15,15.17,169
2618,長榮航,航運業,4.84,220126074000.0,45480593801.65289,2.75,246345493167.15088,5.42,7.79,3.42,6.24,9.66,33.82,52.36,42.22,42.55,0.99,0.79,1.23,27.35,174,5.34,15
2630,亞航,航運業,0.99,5484186000.0,5539581818.181818,0.39,4570293960.403019,0.83,55.16,49.51,40.38,89.89,33.52,74.61,45.78,39.9,1.15,0.84,1.87,1.28,2,95.17,77
2633,台灣高鐵,航運業,1.17,54550155000.0,46624064102.5641,0.61,56666832866.449295,1.22,22.94,7.71,18.65,26.36,22.75,32.16,27.98,26.15,1.07,0.87,1.23,2.67,20,0.87,15
2634,漢翔,航運業,0.78,35067533000.0,44958375641.02564,0.41,37708905794.34931,0.84,40.18,60.91,17.23,78.14,14.47,65.64,33.75,47.2,0.72,0.31,1.39,2.27,13,50.5,84
2636,台驊控股,航運業,7.74,21178369000.0,2736223385.01292,3.84,19805545060.981968,7.24,8.56,4.59,6.17,10.76,44.67,77.9,61.95,70.2,0.88,0.64,1.11,1.6,2,0.0,0
2637,慧洋-KY,航運業,5.27,16585078000.0,3147073624.2884254,3.02,20847962558.498177,6.62,11.63,11.97,6.32,18.29,41.84,121.08,77.0,77.4,0.99,0.54,1.56,16.88,150,22.46,169
2641,正德,航運業,2.0,2306951000.0,1153475500.0,1.04,2697377892.510929,2.34,10.49,6.43,7.23,13.66,16.92,31.96,24.55,18.8,1.31,0.9,1.7,6.25,15,13.0,85
2642,宅配通,航運業,-1.04,3859459000.0,0.0,0.0,3184312892.3223166,0.0,54.11,52.26,29.3,81.56,0.0,0.0,0.0,21.05,0.0,0.0,0.0,20.56,133,20.04,82
2596,綠意,建材營造,1.86,1379072000.0,741436559.1397849,1.29,1055148294.2667788,1.42,51.38,157.21,13.94,171.15,19.79,243.03,72.96,30.8,2.37,0.64,7.89,42.49,44,0.0,0
2497,怡利電,汽車工業,2.37,4561289000.0,1924594514.7679324,1.26,4929265181.202634,2.56,21.76,25.51,11.57,37.08,29.62,94.92,55.71,60.2,0.93,0.49,1.58,51.1,108,25.18,71
2548,華固,建材營造,10.13,17869193000.0,1763987462.9812436,3.32,4888514133340.824,2771.29,26.24,78.04,7.78,85.82,21560.64,237832.11,72721.32,103.5,702.62,208.32,2297.89,1.61,2,6.85,23
2546,根基,建材營造,9.73,20986780000.0,2156914696.8139772,4.85,24750682603.224594,11.48,10.61,5.86,8.3,14.16,95.28,162.56,121.76,96.4,1.26,0.99,1.69,6.65,30,16.04,89
2501,國建,建材營造,2.83,25701552000.0,9081820494.699646,2.01,34618581992.63799,3.81,12.18,13.82,5.61,19.43,21.37,74.03,46.4,26.85,1.73,0.8,2.76,1.36,44,23.21,90
2504,國產,建材營造,3.3,22511070000.0,6821536363.636364,1.59,21272357474.860573,3.12,11.76,8.61,9.04,17.65,28.2,55.07,36.68,33.6,1.09,0.84,1.64,16.51,136,0.0,0
2505,國揚,建材營造,2.37,2697064000.0,1138001687.7637131,1.94,7244958053.452766,6.37,23.69,34.95,7.45,42.4,47.46,270.09,150.9,18.8,8.03,2.52,14.37,10.42,44,3.36,8
2506,太設,建材營造,0.02,1131755000.0,56587750000.0,0.01,1549779371.994707,0.03,67.47,448.55,3.95,452.5,0.12,13.58,2.02,8.96,0.23,0.01,1.52,7.92,52,0.0,0
2509,全坤建,建材營造,-0.79,265950000.0,0.0,0.0,248813670.64226982,0.0,205.47,245.81,56.19,302.0,0.0,0.0,0.0,14.55,0.0,0.0,0.0,13.75,30,25.26,90
2511,太子,建材營造,0.33,8409668000.0,25483842424.242424,0.22,10862071710.75538,0.43,40.4,44.56,21.57,66.13,9.28,28.44,17.37,8.22,2.11,1.13,3.46,6.97,44,2.78,35
2514,龍邦,其他,1.85,21456939000.0,11598345405.405405,0.94,23272228360.695408,2.01,7.03,4.46,4.79,9.25,9.63,18.59,14.14,13.7,1.03,0.7,1.36,9.39,29,0.0,0
2515,中工,建材營造,0.4,20623506000.0,51558765000.0,0.28,27212765905.60724,0.53,28.46,26.42,18.21,44.63,9.65,23.65,15.08,13.35,1.13,0.72,1.77,3.18,44,63.98,145
2516,新建,建材營造,1.23,10516424000.0,8549938211.382114,0.49,8176263164.218151,0.96,18.54,34.53,10.21,44.74,9.8,42.95,17.8,13.35,1.33,0.73,3.22,18.64,168,0.0,0
2520,冠德,建材營造,2.73,22083667000.0,8089255311.355311,1.54,28447008978.94001,3.52,7.6,10.89,4.21,15.1,14.82,53.15,26.77,36.4,0.74,0.41,1.46,12.48,30,6.56,35
2524,京城,建材營造,1.7,5418439000.0,3187317058.8235297,0.38,1527406521.476308,0.48,20.33,68.78,4.79,73.57,2.3,35.31,9.76,39.25,0.25,0.06,0.9,144.17,62,13.28,91
2527,宏璟,建材營造,0.93,676610000.0,727537634.4086021,6.43,11031220204.851639,15.16,14.54,37.57,5.12,42.69,77.62,647.18,220.46,39.8,5.54,1.95,16.26,13.38,44,6.65,175
2528,皇普,建材營造,3.65,17483401000.0,4789972876.712329,0.2,1725013160.9495478,0.36,7.43,11.84,3.88,15.72,1.4,5.66,2.67,22.4,0.12,0.06,0.25,13.28,30,0.0,0
2530,華建,建材營造,2.03,7464765000.0,3677224137.931035,0.07,423967295.0619421,0.12,19.93,60.35,9.18,69.53,1.1,8.34,2.39,20.0,0.12,0.06,0.42,22.23,42,2.17,78
2534,宏盛,建材營造,2.07,5569958000.0,2690800966.183575,0.18,570330744.1409091,0.21,35.5,87.73,7.79,95.52,1.64,20.06,7.45,18.3,0.41,0.09,1.1,13.37,42,0.0,0
2535,達欣工,建材營造,6.5,20936358000.0,3220978153.8461537,4.23,27405542456.70582,8.51,11.12,4.65,8.65,13.3,73.61,113.18,94.65,93.7,1.01,0.79,1.21,5.34,43,11.95,135
2536,宏普,建材營造,3.19,11061836000.0,3467660188.0877743,1.78,13806852597.849428,3.98,23.43,48.3,5.8,54.1,23.08,215.32,93.24,22.35,4.17,1.03,9.63,7.77,42,2.36,9
2537,聯上發,建材營造,0.16,1134692000.0,7091825000.0,0.28,2561310100.7917566,0.36,24.93,62.41,8.92,71.33,3.21,25.68,8.98,12.0,0.75,0.27,2.14,21.81,30,0.0,0
2538,基泰,建材營造,0.35,351323000.0,1003780000.0000001,0.17,277238620.2076021,0.28,26.72,38.09,11.55,49.64,3.23,13.9,7.48,10.1,0.74,0.32,1.38,22.22,28,5.38,8
2539,櫻花建,建材營造,3.78,12047638000.0,3187205820.10582,3.31,16987052581.894976,5.33,22.05,41.4,9.84,51.24,52.45,273.11,117.52,39.95,2.94,1.31,6.84,12.43,57,10.72,58
2540,愛山林,建材營造,0.97,11788830000.0,12153432989.690722,0.29,6861633183.965512,0.56,40.16,81.02,15.98,97.0,8.95,54.32,22.49,55.1,0.41,0.16,0.99,18.62,29,10.48,92
2542,興富發,建材營造,2.11,25225332000.0,11955133649.2891,3.01,234411026595.69843,19.61,22.8,48.91,11.55,60.46,226.5,1185.62,447.06,44.75,9.99,5.06,26.49,27.71,30,14.3,91
2543,皇昌,建材營造,2.9,11600814000.0,4000280689.6551723,1.77,16080361890.317745,4.02,18.98,13.71,13.86,27.57,55.72,110.83,76.31,44.1,1.73,1.26,2.51,105.9,115,0.0,0
2545,皇翔,建材營造,2.14,6423225000.0,3001507009.345794,1.18,5087744524.294196,1.7,10.03,21.36,5.13,26.49,8.72,45.03,17.04,38.55,0.44,0.23,1.17,37.63,161,0.0,0
2547,日勝生,建材營造,2.97,6103457000.0,2055036026.9360268,1.79,7166176370.443743,3.49,11.01,76.38,3.62,80.0,12.63,279.2,38.43,11.2,3.43,1.13,24.93,6.73,44,0.0,0
3006,晶豪科,電子工業,0.87,13448840000.0,15458436781.609196,1.2,40841843251.86652,2.64,65.12,220.96,20.15,241.11,53.2,636.53,171.91,237.5,0.72,0.22,2.68,5.63,2,62.85,147
3176,基亞,生技醫療業,-0.78,1594260000.0,0.0,0.0,1048639465.80365,0.0,0.0,0.0,0.0,0.0,0.0,0.0,0.0,33.55,0.0,0.0,0.0,3.9,13,3.19,181
3188,鑫龍騰,建材營造,4.05,2525975000.0,623697530.8641976,4.02,22755310266.13953,36.48,12.14,19.86,3.72,23.58,135.71,860.2,443.01,24.95,17.76,5.44,34.48,66.87,44,7.82,163
3189,景碩,半導體業,3.51,38607846000.0,10999386324.786325,2.1,49651768766.313774,4.51,245.72,886.55,63.45,950.0,286.16,4284.5,1108.18,724.0,1.53,0.4,5.92,42.09,29,87.43,174
3191,雲嘉南,電子零組件業,0.51,174633000.0,342417647.0588235,0.25,166602074.20981842,0.49,43.69,93.86,26.37,120.23,12.92,58.91,21.41,19.35,1.11,0.67,3.04,12.53,7,41.76,174
3205,佰研,生技醫療業,-1.06,378949000.0,0.0,0.0,525097388.2801948,0.0,0.0,0.0,0.0,0.0,0.0,0.0,0.0,52.6,0.0,0.0,0.0,22.99,14,36.01,83
3206,志豐,電子零組件業,2.02,3236211000.0,1602084653.4653466,0.96,3008051158.797287,1.88,13.27,17.59,7.71,25.3,14.49,47.56,24.94,38.5,0.65,0.38,1.24,2.61,23,1.73,30
3207,耀勝,電子零組件業,-0.82,1826510000.0,0.0,0.0,2075115955.5319822,0.0,499.67,924.63,133.7,1058.33,0.0,0.0,0.0,68.4,0.0,0.0,0.0,11.99,31,0.68,97
3209,全科,電子工業,3.02,46097848000.0,15264188079.470198,2.1,62252887211.49409,4.08,13.94,12.9,9.77,22.67,39.86,92.49,56.89,62.3,0.91,0.64,1.48,19.14,113,0.13,14
3211,順達,電腦及週邊設備業,9.04,12836889000.0,1420009845.1327436,4.97,15978333024.931114,11.25,21.76,41.54,5.74,47.28,64.58,531.9,244.82,436.0,0.56,0.15,1.22,141.75,171,124.93,86
3213,茂訊,電腦及週邊設備業,7.4,2852455000.0,385466891.8918919,4.14,3308554121.7201934,8.58,12.73,12.36,8.31,20.67,71.3,177.35,109.19,134.0,0.81,0.53,1.32,2.63,2,28.08,83
3217,優群,電子零組件業,12.69,4088779000.0,322204806.93459415,5.94,4025369392.9087424,12.49,14.22,9.39,10.04,19.43,125.4,242.68,177.58,170.0,1.04,0.74,1.43,4.06,8,27.73,139
3218,大學光,生技醫療業,12.31,4192529000.0,340579122.6645004,6.49,4244248744.171265,12.46,15.12,10.2,10.03,20.23,124.97,252.07,188.45,133.5,1.41,0.94,1.89,2.58,20,11.76,35
3221,台嘉碩,通信網路業,0.07,2201258000.0,31446542857.142853,0.04,2361922455.7610264,0.08,311.97,1830.71,16.79,1847.5,1.34,147.8,24.96,60.5,0.41,0.02,2.44,5.51,29,33.96,124
3224,三顧,電子通路業,-1.54,1500335000.0,0.0,0.0,1602507059.376688,0.0,0.0,0.0,0.0,0.0,0.0,0.0,0.0,38.35,0.0,0.0,0.0,7.85,8,36.9,148
3226,龍鋒,電機機械,0.24,1641105000.0,6837937500.0,0.1,1089004791.2450614,0.16,30.87,180.09,6.79,186.88,1.09,29.9,4.94,48.95,0.1,0.02,0.61,7.96,22,5.81,147
3227,原相,半導體業,12.38,9123528000.0,736957027.4636511,6.4,9084642649.826818,12.33,19.38,16.48,13.86,30.34,170.89,374.09,238.98,225.0,1.06,0.76,1.66,65.96,100,15.54,107
3228,金麗科,半導體業,-2.03,306400000.0,0.0,0.0,318275893.5322561,0.0,0.0,0.0,0.0,0.0,0.0,0.0,0.0,183.5,0.0,0.0,0.0,6.41,1,1.47,22
3229,晟鈦,電子工業,-0.43,1001150000.0,0.0,0.0,1514628369.0625272,0.0,226.09,1008.36,79.64,1088.0,0.0,0.0,0.0,45.75,0.0,0.0,0.0,29.25,20,90.79,181
3230,錦明,光電業,-1.6,415534000.0,0.0,0.0,375883573.40984744,0.0,13.28,12.79,6.88,19.67,0.0,0.0,0.0,29.9,0.0,0.0,0.0,283.59,119,103.08,83
3231,緯創,電子工業,9.02,2036922031000.0,225822841574.2794,7.42,4296146952582.976,19.02,18.33,10.84,12.39,23.23,235.66,441.83,348.6,161.5,2.16,1.46,2.74,16.36,160,34.48,111
3169,亞信,半導體業,3.67,937780000.0,255525885.5585831,1.86,902045632.7341594,3.53,27.89,15.32,21.2,36.52,74.84,128.92,98.45,109.5,0.9,0.68,1.18,1.5,2,20.81,92
3168,眾福科,光電業,2.61,3411575000.0,1307116858.2375479,1.39,3664417482.2317376,2.8,17.09,7.35,12.34,19.69,34.55,55.13,47.84,48.0,1.0,0.72,1.15,5.15,1,8.7,85
3115,富榮綱,電子零組件業,-0.46,4770000.0,0.0,0.0,8831011.122345805,0.0,0.0,0.0,0.0,0.0,0.0,0.0,0.0,9.0,0.0,0.0,0.0,13.73,34,0.0,0
3118,進階,生技醫療業,2.46,730311000.0,296874390.24390244,1.16,692431594.8143488,2.33,15.46,5.04,13.0,18.04,30.29,42.03,36.03,31.55,1.14,0.96,1.33,5.96,13,5.9,131
3122,笙泉,半導體業,-1.75,331361000.0,0.0,0.0,309800557.11064327,0.0,0.0,0.0,0.0,0.0,0.0,0.0,0.0,31.05,0.0,0.0,0.0,0.0,0,49.26,20
3128,昇銳,光電業,1.36,1127451000.0,829008088.2352941,0.62,950944242.3812898,1.15,23.4,32.43,10.56,42.99,12.14,49.44,26.9,24.55,1.1,0.49,2.01,10.89,38,29.21,19
3135,凌航,半導體業,6.28,4559917000.0,726101433.1210191,14.91,89669926626.96222,123.5,75.6,203.36,13.31,216.67,1643.78,26758.74,9336.72,198.0,47.16,8.3,135.15,8.5,146,85.4,170
3138,耀登,通信網路業,1.54,1696087000.0,1101355194.8051949,0.82,2032198759.491413,1.85,63.24,154.19,22.64,176.83,41.88,327.14,116.99,136.5,0.86,0.31,2.4,3.07,27,24.85,182
3141,晶宏,半導體業,0.54,1635291000.0,3028316666.6666665,0.27,1745940715.8644354,0.58,80.56,104.57,41.38,145.95,24.0,84.65,46.73,74.0,0.63,0.32,1.14,5.02,15,11.89,29
3149,正達,光電業,-2.88,2236900000.0,0.0,0.0,2475675218.6840544,0.0,0.0,0.0,0.0,0.0,0.0,0.0,0.0,95.0,0.0,0.0,0.0,63.7,121,43.48,112
3152,璟德,通信網路業,9.42,1453293000.0,154277388.53503186,4.74,1380392554.4274552,8.95,21.75,29.31,10.82,40.13,96.84,359.16,194.63,204.0,0.95,0.47,1.76,0.48,1,27.93,182
3158,嘉實,資訊服務業,7.28,272213000.0,37391895.604395606,0.0,0.0,0.0,12.92,2.04,12.26,14.3,0.0,0.0,0.0,83.1,0.0,0.0,0.0,41.94,105,9.41,57
3162,精確,電機機械,1.7,7712670000.0,4536864705.882353,0.92,8354787586.195455,1.84,43.65,94.03,20.41,114.44,37.55,210.57,80.31,85.5,0.94,0.44,2.46,28.64,121,45.49,142
3163,波若威,通信網路業,6.22,2168399000.0,348617202.5723473,3.7,2732706256.3595624,7.84,60.59,188.56,19.64,208.2,153.98,1632.29,475.0,893.0,0.53,0.17,1.83,42.57,29,115.09,177
3164,景岳,化學生技醫療,0.66,409110000.0,619863636.3636364,0.3,372104673.48275286,0.6,45.0,87.11,25.67,112.78,15.4,67.67,27.0,16.4,1.65,0.94,4.13,0.42,14,5.43,33
3167,大量,電機機械,8.13,4865952000.0,598518081.1808118,7.22,10377906525.896261,17.34,104.48,319.55,30.45,350.0,528.0,6069.0,1811.63,820.0,2.21,0.64,7.4,190.66,118,93.95,175
3114,好德,電子零組件業,2.23,3038288000.0,1362460986.5470853,1.13,3164503071.5567827,2.32,18.23,24.14,10.15,34.29,23.55,79.55,42.29,47.75,0.89,0.49,1.67,3.97,20,16.12,148
3234,光環,通信網路業,-1.4,673287000.0,0.0,0.0,673399833.5430449,0.0,0.0,0.0,0.0,0.0,0.0,0.0,0.0,145.0,0.0,0.0,0.0,25.18,174,30.43,168
3310,佳穎,電子零組件業,3.55,2657456000.0,748579154.9295775,1.23,1354148065.3646872,1.81,25.53,33.77,16.17,49.94,29.27,90.39,46.21,65.8,0.7,0.44,1.37,6.0,17,16.3,183
3311,閎暉,通信網路業,1.62,2377310000.0,1467475308.6419752,0.77,2225046862.468281,1.52,37.24,47.91,19.68,67.59,29.91,102.74,56.61,38.75,1.46,0.77,2.65,2.92,20,7.89,42
3312,弘憶股,電子工業,1.74,20699880000.0,11896482758.62069,1.0,22595702308.849728,1.9,31.98,64.98,14.94,79.92,28.39,151.85,60.76,62.8,0.97,0.45,2.42,38.82,23,0.4,9
3317,尼克森,半導體業,1.8,2705899000.0,1503277222.222222,0.95,2851294400.3997436,1.9,20.67,34.8,13.19,47.99,25.06,91.18,39.27,88.3,0.44,0.28,1.03,0.71,17,27.56,131
3321,同泰,電子工業,-2.77,2164390000.0,0.0,0.0,2271918482.062617,0.0,0.0,0.0,0.0,0.0,0.0,0.0,0.0,24.3,0.0,0.0,0.0,25.5,41,271.57,169
3322,建舜電,電子零組件業,-0.96,2983337000.0,0.0,0.0,3159658045.348768,0.0,74.04,68.16,37.29,105.45,0.0,0.0,0.0,14.85,0.0,0.0,0.0,2.12,16,19.62,56
3323,加百裕,電腦及週邊設備業,-1.92,5105491000.0,0.0,0.0,4531780319.163854,0.0,0.0,0.0,0.0,0.0,0.0,0.0,0.0,35.5,0.0,0.0,0.0,68.27,169,72.48,85
3324,雙鴻,其他電子類,28.2,21817975000.0,773687056.7375886,22.43,40227404252.48513,51.99,37.21,46.79,18.7,65.49,972.21,3404.83,1934.52,1070.0,1.81,0.91,3.18,19.14,17,67.69,138
3325,旭品,電腦及週邊設備業,-1.64,1256726000.0,0.0,0.0,831038533.3310311,0.0,255.13,84.09,196.82,280.91,0.0,0.0,0.0,12.6,0.0,0.0,0.0,0.82,3,19.12,93
3332,幸康,電子零組件業,3.53,1602596000.0,453993201.1331445,2.0,1778900732.9242792,3.92,18.31,12.73,14.31,27.04,56.1,106.0,71.77,65.0,1.1,0.86,1.63,0.0,0,39.96,139
3338,泰碩,電子工業,1.81,3671826000.0,2028633149.1712706,0.88,3400821822.0253363,1.68,24.78,47.53,13.22,60.75,22.21,102.06,41.63,75.2,0.55,0.3,1.36,9.65,10,29.94,55
3339,泰谷,光電業,-2.02,793716000.0,0.0,0.0,976282423.0420464,0.0,134.71,105.27,85.64,190.91,0.0,0.0,0.0,49.7,0.0,0.0,0.0,0.0,0,6.45,6
3346,麗清,汽車工業,0.12,8707292000.0,72560766666.66667,0.05,7436464276.492163,0.1,68.56,283.79,9.34,293.13,0.93,29.31,6.86,23.7,0.29,0.04,1.24,5.59,23,0.0,0
3349,寶德,電腦及週邊設備業,-1.04,506986000.0,0.0,0.0,333906275.18183863,0.0,0.0,0.0,0.0,0.0,0.0,0.0,0.0,18.25,0.0,0.0,0.0,30.96,38,81.03,182
3354,律勝,電子零組件業,-0.84,96893000.0,0.0,0.0,124118615.05039632,0.0,0.0,0.0,0.0,0.0,0.0,0.0,0.0,28.0,0.0,0.0,0.0,42.06,125,39.01,169
3356,奇偶,光電業,6.21,1017729000.0,163885507.2463768,3.42,1089729074.654726,6.65,11.74,19.27,5.06,24.33,33.65,161.79,78.05,60.4,1.29,0.56,2.68,8.19,16,10.55,98
3357,臺慶科,電子零組件業,10.26,6493208000.0,632866276.803119,5.98,7708921746.971002,12.18,17.68,24.75,11.05,35.8,134.59,436.04,215.31,348.0,0.62,0.39,1.25,7.75,28,66.84,155
3360,尚立,電子通路業,-0.49,6823561000.0,0.0,0.0,11420895422.006699,0.0,0.0,0.0,0.0,0.0,0.0,0.0,0.0,16.25,0.0,0.0,0.0,20.0,97,15.51,57
3362,先進光,光電業,-1.07,4303139000.0,0.0,0.0,4397388555.949926,0.0,67.47,44.4,43.82,88.22,0.0,0.0,0.0,211.0,0.0,0.0,0.0,14.57,73,0.0,0
3308,聯德,電子零組件業,0.68,6815000.0,10022058.823529411,0.46,8845732.323232323,0.88,39.88,187.81,11.77,199.58,10.36,175.63,35.1,21.45,1.64,0.48,8.19,0.0,0,2.23,15
3232,昱捷,電子通路業,0.29,909225000.0,3135258620.6896553,0.16,890549387.1407068,0.28,95.9,128.89,53.11,182.0,14.87,50.96,26.85,22.8,1.18,0.65,2.24,9.61,57,0.18,1
3305,昇貿,電子工業,3.16,10218236000.0,3233618987.341772,2.38,16351464424.03199,5.06,30.09,38.86,14.61,53.47,73.93,270.56,152.24,146.0,1.04,0.51,1.85,8.64,2,168.29,86
3236,千如,電子零組件業,0.32,2009218000.0,6278806250.0,0.19,2483430690.7629757,0.4,158.16,403.22,80.53,483.75,32.21,193.5,63.26,71.0,0.89,0.45,2.73,8.11,171,78.82,183
3257,虹冠電,半導體業,3.43,1035739000.0,301964723.03207,1.03,706001203.6076268,2.34,21.25,19.23,13.26,32.49,31.03,76.03,49.72,61.1,0.81,0.51,1.24,21.69,127,29.64,131
3259,鑫創,半導體業,-2.36,283935000.0,0.0,0.0,275087731.1085699,0.0,0.0,0.0,0.0,0.0,0.0,0.0,0.0,16.55,0.0,0.0,0.0,32.17,16,11.19,147
3260,威剛,半導體業,23.14,50120672000.0,2165975453.759723,25.59,133073905164.86488,61.44,14.33,27.85,6.8,34.65,417.79,2128.9,880.59,423.0,2.08,0.99,5.03,0.44,2,123.74,147
3264,欣銓,半導體業,6.0,13781453000.0,2296908833.3333335,3.6,17378920888.627033,7.57,18.82,28.11,10.42,38.53,78.88,291.67,142.5,232.5,0.61,0.34,1.25,1.73,2,27.36,138
3265,台星科,半導體業,5.48,4581276000.0,835999270.0729927,3.24,5648553525.227789,6.76,20.29,22.58,11.28,33.86,76.25,228.89,137.18,189.5,0.72,0.4,1.21,13.04,3,15.03,176
3266,昇陽,建材營造,0.58,1779877000.0,3068753448.275862,0.32,1798350880.7146919,0.59,11.47,16.84,7.56,24.4,4.46,14.4,6.77,13.7,0.49,0.33,1.05,2.77,16,3.26,15
3268,海德威,半導體業,-1.33,927369000.0,0.0,0.0,974172582.3875138,0.0,74.97,45.38,45.0,90.38,0.0,0.0,0.0,21.85,0.0,0.0,0.0,4.27,8,2.61,57
3272,東碩,電腦及週邊設備業,-7.68,2947040000.0,0.0,0.0,2475240760.587528,0.0,0.0,0.0,0.0,0.0,0.0,0.0,0.0,16.7,0.0,0.0,0.0,21.66,127,0.0,0
3276,宇環,電子零組件業,0.21,504802000.0,2403819047.6190476,0.13,593634966.8601736,0.25,82.62,112.01,24.66,136.67,6.16,34.17,20.66,15.2,1.36,0.41,2.25,17.16,20,32.71,63
3284,太普高,其他,2.38,858605000.0,360758403.3613446,1.18,832951646.1800605,2.31,15.83,39.46,6.76,46.22,15.62,106.77,36.57,22.7,1.61,0.69,4.7,77.81,58,1.87,6
3285,微端,其他電子類,0.7,662942000.0,947060000.0000001,0.56,1059678506.9502368,1.12,37.38,70.89,20.25,91.14,22.68,102.08,41.87,51.2,0.82,0.44,1.99,17.26,17,26.34,98
3287,廣寰科,電腦及週邊設備業,1.5,907187000.0,604791333.3333334,0.77,1051293553.3233756,1.74,23.45,33.53,10.9,44.43,18.97,77.31,40.8,33.55,1.22,0.57,2.3,0.0,0,0.54,20
3288,點晶,電子零組件業,-0.64,77563000.0,0.0,0.0,77289303.04319535,0.0,813.03,185.0,742.5,927.5,0.0,0.0,0.0,20.9,0.0,0.0,0.0,34.61,7,9.95,139
3289,宜特,其他電子類,4.81,4777382000.0,993218711.0187111,2.29,4784524002.351487,4.82,23.74,30.98,12.78,43.76,61.6,210.92,114.45,174.5,0.66,0.35,1.21,47.19,127,21.72,82
3290,東浦,電子零組件業,2.21,2309567000.0,1045052941.1764706,1.65,3903788378.9843593,3.74,19.34,16.75,9.69,26.44,36.24,98.89,72.33,69.8,1.04,0.52,1.42,43.82,125,93.22,126
3293,鈊象,文化創意業,38.51,21791052000.0,565854375.4868865,22.03,25107627882.219658,44.37,23.24,23.7,13.19,36.89,585.24,1636.81,1030.98,793.0,1.3,0.74,2.06,28.63,24,0.0,0
3294,英濟,電子零組件業,-0.48,3657141000.0,0.0,0.0,3310348221.9707947,0.0,68.28,51.43,38.79,90.22,0.0,0.0,0.0,39.7,0.0,0.0,0.0,16.53,29,39.81,77
3296,勝德,電子工業,0.61,1601750000.0,2625819672.1311474,0.31,1593532951.1684349,0.61,178.32,950.27,16.4,966.67,10.0,589.67,108.78,29.8,3.65,0.34,19.79,39.41,177,37.04,58
3297,杭特,光電業,0.47,195991000.0,417002127.6595745,0.26,239527554.5749748,0.57,317.27,1261.2,58.8,1320.0,33.52,752.4,180.84,31.6,5.72,1.06,23.81,80.41,17,57.21,22
3303,岱稜,其他電子類,4.57,3015706000.0,659891903.7199124,2.46,3258481912.448529,4.94,13.09,12.74,9.46,22.2,46.73,109.67,64.68,61.0,1.06,0.77,1.8,80.9,143,2.4,82
3306,鼎天,通信網路業,1.95,1067643000.0,547509230.7692307,0.92,1165582165.3156164,2.13,20.29,22.54,11.35,33.89,24.18,72.19,43.22,48.0,0.9,0.5,1.5,17.41,22,69.88,127
3105,穩懋,半導體業,4.0,16253435000.0,4063358750.0,2.39,21817933765.548306,5.37,104.43,429.72,27.04,456.76,145.2,2452.8,560.77,528.0,1.06,0.27,4.65,17.53,29,117.34,180
3147,大綜,資訊服務業,8.86,8382879000.0,946148871.3318285,7.92,13496347008.988806,14.26,18.07,27.67,11.52,39.19,164.28,558.85,257.73,327.0,0.79,0.5,1.71,31.89,73,6.02,55
3095,及成,通信網路業,-2.0,612881000.0,0.0,0.0,740681703.18629,0.0,28.54,51.85,12.56,64.41,0.0,0.0,0.0,39.0,0.0,0.0,0.0,79.19,38,0.0,0
3025,星通,電子工業,3.45,559413000.0,162148695.6521739,2.5,1124412505.7365878,6.93,19.85,25.17,11.88,37.05,82.33,256.76,137.53,71.0,1.94,1.16,3.62,19.06,112,25.9,180
3026,禾伸堂,電子工業,6.58,13298266000.0,2021013069.9088147,3.7,14910508236.152147,7.38,21.36,104.03,12.21,116.24,90.11,857.85,157.62,902.0,0.17,0.1,0.95,0.71,3,40.42,127
3027,盛達,通信網路業,-1.05,2214276000.0,0.0,0.0,1040632898.8497441,0.0,51.11,35.21,29.68,64.89,0.0,0.0,0.0,21.0,0.0,0.0,0.0,7.47,14,0.0,0
3028,增你強,電子工業,3.15,40725187000.0,12928630793.650793,2.69,76618014301.99028,5.93,16.77,14.0,11.33,25.33,67.19,150.21,99.46,75.0,1.33,0.9,2.0,0.42,17,20.62,148
3029,零壹,資訊服務業,6.54,24933295000.0,3812430428.134557,3.48,26685956972.562664,7.0,21.11,22.74,13.88,36.62,97.16,256.34,147.74,101.5,1.46,0.96,2.53,103.09,176,14.35,83
3030,德律,其他電子業,10.49,8268662000.0,788242326.0247855,6.79,10826877533.647478,13.74,21.25,28.69,10.78,39.47,148.12,542.32,292.04,340.5,0.86,0.44,1.59,1.45,15,55.23,72
3031,佰鴻,電子工業,1.09,1133837000.0,1040217431.1926605,0.62,1313244760.1925864,1.26,18.79,18.01,12.95,30.96,16.32,39.01,23.68,28.0,0.85,0.58,1.39,19.91,121,17.66,126
3032,偉訓,電子工業,-7.94,10818284000.0,0.0,0.0,12448117195.616945,0.0,15.2,16.54,9.21,25.75,0.0,0.0,0.0,85.9,0.0,0.0,0.0,31.2,177,61.05,40
3033,威健,電子工業,1.81,109006122000.0,60224376795.58011,1.05,126560093441.92972,2.1,16.5,10.11,11.68,21.79,24.53,45.76,34.66,49.5,0.7,0.5,0.92,5.8,23,7.54,48
3034,聯詠,半導體業,26.87,101870569000.0,3791238146.6319313,12.95,93717699680.76553,24.72,14.84,8.61,12.54,21.15,309.99,522.83,366.72,516.0,0.71,0.6,1.01,1.94,1,4.19,15
3035,智原,半導體業,2.81,18137133000.0,6454495729.537367,0.84,8273550693.430434,1.28,56.6,77.75,38.47,116.22,49.24,148.76,72.45,209.0,0.35,0.24,0.71,9.97,28,7.41,14
3036,文曄,電子工業,11.6,1175163222000.0,101307174310.34483,9.89,2181552416755.5935,21.53,18.68,18.6,11.09,29.69,238.77,639.23,402.22,222.5,1.81,1.07,2.87,8.7,8,22.01,140
3037,欣興,電子工業,4.38,128735949000.0,29391769178.08219,2.63,163203949002.16534,5.55,71.27,192.2,21.2,213.4,117.66,1184.37,395.56,968.0,0.41,0.12,1.22,13.42,29,119.81,175
3038,全台,光電業,1.11,3064638000.0,2760935135.1351347,0.52,2788334586.278767,1.01,14.81,18.49,8.32,26.81,8.4,27.08,14.96,22.85,0.65,0.37,1.19,0.94,13,4.01,180
3024,憶聲,電子工業,0.27,2320313000.0,8593751851.85185,0.05,610378793.5339576,0.07,44.26,185.13,12.65,197.78,0.89,13.84,3.1,12.2,0.25,0.07,1.13,17.92,44,1.46,9
3023,信邦,電子零組件業,13.02,31359136000.0,2408535791.09063,7.03,33147484586.88867,13.76,18.49,13.07,12.69,25.76,174.61,354.46,254.41,327.5,0.78,0.53,1.08,18.56,35,10.35,61
3008,大立光,光電業,159.41,61150341000.0,383604171.6328963,81.08,68357929624.418655,178.2,14.87,23.16,9.27,32.43,1651.91,5779.03,2649.03,5195.0,0.51,0.32,1.11,20.3,23,5.67,111
3010,華立,電子工業,8.84,77983858000.0,8821703393.66516,5.04,90399636764.30707,10.25,13.46,8.0,9.17,17.17,93.99,175.99,138.0,131.0,1.05,0.72,1.34,16.17,28,18.72,181
3011,今皓,電子工業,-2.55,786448000.0,0.0,0.0,486542852.75722814,0.0,0.0,0.0,0.0,0.0,0.0,0.0,0.0,14.55,0.0,0.0,0.0,9.98,125,46.58,62
3013,晟銘電,電子工業,4.03,10402632000.0,2581298263.027295,2.5,12423176844.019041,4.81,40.92,65.2,21.49,86.69,103.37,416.98,196.8,113.0,1.74,0.91,3.69,84.1,146,3.7,173
3014,聯陽,半導體業,9.51,6951047000.0,730919768.6645637,4.7,6805713355.396597,9.31,13.92,7.1,10.97,18.07,102.13,168.23,129.56,157.5,0.82,0.65,1.07,4.55,16,2.92,9
3015,全漢,電子工業,1.86,13156678000.0,7073482795.698924,0.87,12427681070.36674,1.76,28.55,24.77,15.96,40.73,28.09,71.68,50.24,60.9,0.82,0.46,1.18,6.81,170,7.52,134
3016,嘉晶,半導體業,0.07,3837008000.0,54814399999.99999,0.04,4761859777.940922,0.09,1040.87,7230.54,29.46,7260.0,2.65,653.4,93.68,126.5,0.74,0.02,5.17,5.44,17,88.96,131
3017,奇鋐,電子工業,49.17,132329140000.0,2691257677.4455967,35.11,255406557966.73117,94.9,35.77,44.05,16.15,60.2,1532.64,5712.98,3394.58,2400.0,1.41,0.64,2.38,7.29,10,112.33,145
3018,隆銘綠能,其他電子業,-2.14,562789000.0,0.0,0.0,215048610.571623,0.0,0.0,0.0,0.0,0.0,0.0,0.0,0.0,11.9,0.0,0.0,0.0,123.36,150,8.42,6
3019,亞光,光電業,6.6,26484102000.0,4012742727.2727275,3.35,29920651296.331898,7.46,24.08,20.25,18.26,38.51,136.22,287.28,179.66,160.5,1.12,0.85,1.79,123.24,183,23.38,82
3021,鴻名,電子工業,0.32,3240411000.0,10126284375.0,0.15,3496479197.1459446,0.35,46.55,103.19,14.46,117.65,5.06,41.18,16.29,31.0,0.53,0.16,1.33,59.59,129,12.04,61
3022,威強電,電子工業,4.62,6419504000.0,1389503030.3030303,2.71,6997407169.302577,5.04,12.08,16.95,7.72,24.67,38.91,124.34,60.87,84.5,0.72,0.46,1.47,19.76,30,2.68,15
3041,揚智,半導體業,-3.45,1243147000.0,0.0,0.0,1819529261.5951886,0.0,0.0,0.0,0.0,0.0,0.0,0.0,0.0,28.15,0.0,0.0,0.0,69.54,183,27.91,93
3058,立德,電子零組件業,-1.44,3179968000.0,0.0,0.0,3071136035.109078,0.0,0.0,0.0,0.0,0.0,0.0,0.0,0.0,9.4,0.0,0.0,0.0,0.0,0,44.05,62
3059,華晶科,光電業,1.24,8728393000.0,7039026612.903226,0.6,9229357268.25356,1.31,34.24,29.43,25.35,54.78,33.21,71.76,44.86,48.85,0.92,0.68,1.47,7.89,20,58.29,82
3060,銘異,電子工業,-0.4,3807613000.0,0.0,0.0,4201505844.957591,0.0,44.93,31.18,34.04,65.22,0.0,0.0,0.0,37.9,0.0,0.0,0.0,6.51,17,59.23,183
3062,建漢,通信網路業,0.7,4240911000.0,6058444285.714286,0.34,4421701125.571833,0.73,345.18,2940.32,9.68,2950.0,7.07,2153.5,251.98,25.95,9.71,0.27,82.99,36.71,142,21.49,134
3064,泰偉,文化創意業,-3.52,82696000.0,0.0,0.0,75617285.25539519,0.0,373.07,1166.14,123.86,1290.0,0.0,0.0,0.0,19.3,0.0,0.0,0.0,33.03,7,10.7,27
3066,李洲,光電業,-1.39,241414000.0,0.0,0.0,304897365.0264863,0.0,51.64,331.06,11.08,342.14,0.0,0.0,0.0,21.3,0.0,0.0,0.0,68.14,125,17.72,57
3071,協禧,電腦及週邊設備業,0.57,2306306000.0,4046150877.1929827,0.36,2975357969.9619813,0.74,34.12,38.81,19.79,58.6,14.64,43.36,25.25,33.2,0.76,0.44,1.31,5.45,17,51.1,75
3040,遠見,其他,0.32,132227000.0,413209375.0,0.16,133837666.33744857,0.32,72.92,143.33,29.25,172.58,9.36,55.23,23.33,38.4,0.61,0.24,1.44,42.86,167,63.42,83
3081,聯亞,通信網路業,4.66,2061242000.0,442326609.44206005,4.38,4373278481.920474,9.89,454.95,1193.76,146.24,1340.0,1446.31,13252.6,4499.45,2440.0,1.84,0.59,5.43,147.56,118,95.56,180
3083,網龍,文化創意業,0.43,380390000.0,884627906.9767442,0.22,481020459.1198282,0.54,618.58,3722.22,37.78,3760.0,20.4,2030.4,334.03,29.55,11.3,0.69,68.71,12.0,10,0.41,12
3086,華義*,文化創意業,-0.64,156507000.0,0.0,0.0,151458449.25573435,0.0,348.09,1100.66,66.01,1166.67,0.0,0.0,0.0,36.0,0.0,0.0,0.0,81.76,97,64.56,160
3088,艾訊,電腦及週邊設備業,4.68,6889683000.0,1472154487.1794872,3.13,9381445889.762796,6.37,16.13,14.17,11.45,25.62,72.94,163.2,102.72,145.0,0.71,0.5,1.13,6.13,171,1.43,33
3090,日電貿,電子工業,5.47,15451185000.0,2824713893.9670935,3.23,18855932936.855633,6.68,18.91,56.84,12.43,69.27,83.03,462.72,126.31,332.5,0.38,0.25,1.39,13.58,169,35.38,176
3092,鴻碩,電子工業,-5.14,1651362000.0,0.0,0.0,1550824587.448487,0.0,0.0,0.0,0.0,0.0,0.0,0.0,0.0,31.3,0.0,0.0,0.0,6.72,136,1.33,15
3093,港建*,其他電子類,1.22,2019834000.0,1655601639.3442624,0.41,1042583703.1869227,0.63,25.87,61.62,14.24,75.86,8.97,47.79,16.3,65.0,0.25,0.14,0.74,13.03,7,9.41,55
3094,聯傑,半導體業,0.26,192361000.0,739850000.0,0.14,187308295.84076977,0.25,140.13,170.99,61.09,232.08,15.27,58.02,35.03,38.25,0.92,0.4,1.52,27.46,22,7.53,93
3057,喬鼎,電腦及週邊設備業,-0.95,620855000.0,0.0,0.0,612262905.8859433,0.0,0.0,0.0,0.0,0.0,0.0,0.0,0.0,19.7,0.0,0.0,0.0,21.23,16,54.91,183
3078,僑威,電子零組件業,6.07,10447611000.0,1721187973.6408565,1.94,5827951104.068982,3.39,12.18,9.25,8.73,17.98,29.59,60.95,41.28,55.3,0.75,0.54,1.1,2.79,20,14.63,56
3056,富華新,建材營造,1.46,7242624000.0,4960701369.863014,0.11,574316208.946503,0.12,61.27,380.04,2.46,382.5,0.3,45.9,7.35,15.25,0.48,0.02,3.01,14.57,44,4.22,36
3042,晶技,電子工業,5.28,13362235000.0,2530726325.7575755,2.71,13957679285.428726,5.52,17.91,34.37,12.1,46.47,66.79,256.51,98.85,216.0,0.46,0.31,1.19,2.11,127,11.92,96
3043,科風,其他電子業,-2.67,899132000.0,0.0,0.0,725733748.384259,0.0,53.46,86.99,23.21,110.2,0.0,0.0,0.0,23.8,0.0,0.0,0.0,44.83,183,17.99,63
3044,健鼎,電子工業,19.45,72704288000.0,3738009665.8097687,11.82,91619774477.62286,24.51,15.91,18.56,9.28,27.84,227.45,682.36,390.01,573.0,0.68,0.4,1.19,4.87,3,43.0,138
3045,台灣大,通信網路業,4.77,197871798000.0,41482557232.70441,2.41,204835180377.31036,4.94,24.16,6.22,21.93,28.15,108.33,139.06,119.36,119.0,1.0,0.91,1.17,10.23,97,0.0,0
3046,建碁,電子工業,4.01,7193415000.0,1793869077.3067334,2.29,8684786365.074736,4.84,13.59,10.52,9.45,19.97,45.74,96.65,65.76,56.8,1.16,0.81,1.7,4.09,76,5.07,176
3047,訊舟,通信網路業,-0.9,3860331000.0,0.0,0.0,2475734162.328388,0.0,92.65,164.72,17.78,182.5,0.0,0.0,0.0,16.65,0.0,0.0,0.0,86.17,23,25.8,71
3048,益登,電子通路業,2.01,115983074000.0,57703021890.54727,1.22,140220177412.50818,2.43,62.3,147.35,16.71,164.06,40.61,398.67,151.4,73.5,2.06,0.55,5.42,34.1,17,71.66,79
3055,蔚華科,電子通路業,-2.68,431835000.0,0.0,0.0,578939109.6504538,0.0,0.0,0.0,0.0,0.0,0.0,0.0,0.0,91.1,0.0,0.0,0.0,14.79,8,29.06,177
3052,夆典,建材營造,1.1,3378991000.0,3071809999.9999995,0.65,3482067016.803042,1.13,11.29,4.5,9.33,13.83,10.54,15.63,12.76,10.85,1.18,0.97,1.44,6.82,42,3.64,22
3051,力特,光電業,1.01,1914043000.0,1895092079.2079208,0.49,1767252925.3633616,0.93,17.42,19.03,10.87,29.9,10.11,27.81,16.2,27.85,0.58,0.36,1.0,5.0,176,0.0,0
3050,鈺德,光電業,0.04,1233506000.0,30837650000.0,0.02,1238252920.4786437,0.04,73.96,342.68,19.82,362.5,0.79,14.5,2.96,13.0,0.23,0.06,1.12,29.95,20,8.21,181
3049,精金,電子工業,-0.64,1466127000.0,0.0,0.0,964521024.0747114,0.0,0.0,0.0,0.0,0.0,0.0,0.0,0.0,14.45,0.0,0.0,0.0,51.59,111,26.72,182
OtherElectronic,其他電子類指數,Index,0.0,0.0,0.0,0.0,0.0,0.0,0.0,0.0,0.0,0.0,0.0,0.0,0.0,294.17,0.0,0.0,0.0,11.72,146,57.91,134
OilGasElectricity,油電燃氣類指數,Index,0.0,0.0,0.0,0.0,0.0,0.0,0.0,0.0,0.0,0.0,0.0,0.0,0.0,78.46,0.0,0.0,0.0,1.99,2,35.24,155
Optoelectronic,光電類指數,Index,0.0,0.0,0.0,0.0,0.0,0.0,0.0,0.0,0.0,0.0,0.0,0.0,0.0,75.16,0.0,0.0,0.0,8.36,27,9.97,111
IronSteel,鋼鐵類指數,Index,0.0,0.0,0.0,0.0,0.0,0.0,0.0,0.0,0.0,0.0,0.0,0.0,0.0,117.77,0.0,0.0,0.0,0.79,2,5.42,61
Other,其他類指數,Index,0.0,0.0,0.0,0.0,0.0,0.0,0.0,0.0,0.0,0.0,0.0,0.0,0.0,279.37,0.0,0.0,0.0,3.17,44,1.96,15
PaperPulp,造紙類指數,Index,0.0,0.0,0.0,0.0,0.0,0.0,0.0,0.0,0.0,0.0,0.0,0.0,0.0,280.65,0.0,0.0,0.0,2.13,16,7.54,163
TAIEX,加權指數,大盤,0.0,0.0,0.0,0.0,0.0,0.0,0.0,0.0,0.0,0.0,0.0,0.0,0.0,46465.2,0.0,0.0,0.0,7.17,23,27.03,175
Rubber,橡膠類指數,Index,0.0,0.0,0.0,0.0,0.0,0.0,0.0,0.0,0.0,0.0,0.0,0.0,0.0,186.36,0.0,0.0,0.0,1.28,111,3.68,36
Semiconductor,半導體類指數,Index,0.0,0.0,0.0,0.0,0.0,0.0,0.0,0.0,0.0,0.0,0.0,0.0,0.0,1569.2,0.0,0.0,0.0,11.35,23,39.56,175
ShippingTransportation,航運業類指數,Index,0.0,0.0,0.0,0.0,0.0,0.0,0.0,0.0,0.0,0.0,0.0,0.0,0.0,183.24,0.0,0.0,0.0,8.64,174,0.0,0
Textiles,紡織纖維類指數,Index,0.0,0.0,0.0,0.0,0.0,0.0,0.0,0.0,0.0,0.0,0.0,0.0,0.0,489.36,0.0,0.0,0.0,5.56,27,3.52,16
InformationService,資訊服務類指數,Index,0.0,0.0,0.0,0.0,0.0,0.0,0.0,0.0,0.0,0.0,0.0,0.0,0.0,209.84,0.0,0.0,0.0,17.07,176,6.14,113
Tourism,觀光事業類指數,Index,0.0,0.0,0.0,0.0,0.0,0.0,0.0,0.0,0.0,0.0,0.0,0.0,0.0,104.06,0.0,0.0,0.0,0.0,0,0.43,9
Plastics,塑膠類指數,Index,0.0,0.0,0.0,0.0,0.0,0.0,0.0,0.0,0.0,0.0,0.0,0.0,0.0,261.34,0.0,0.0,0.0,1.27,30,62.26,168
GlassCeramic,玻璃陶瓷類指數,Index,0.0,0.0,0.0,0.0,0.0,0.0,0.0,0.0,0.0,0.0,0.0,0.0,0.0,166.43,0.0,0.0,0.0,4.41,160,111.11,174
BuildingMaterialConstruction,建材營造類指數,Index,0.0,0.0,0.0,0.0,0.0,0.0,0.0,0.0,0.0,0.0,0.0,0.0,0.0,476.69,0.0,0.0,0.0,14.54,44,0.43,14
FinancialInsurance,金融保險類指數,Index,0.0,0.0,0.0,0.0,0.0,0.0,0.0,0.0,0.0,0.0,0.0,0.0,0.0,3237.51,0.0,0.0,0.0,8.0,24,11.22,183
ElectronicProductsDistribution,電子通路類指數,Index,0.0,0.0,0.0,0.0,0.0,0.0,0.0,0.0,0.0,0.0,0.0,0.0,0.0,380.33,0.0,0.0,0.0,1.96,27,2.39,174
ElectronicPartsComponents,電子零組件類指數,Index,0.0,0.0,0.0,0.0,0.0,0.0,0.0,0.0,0.0,0.0,0.0,0.0,0.0,1017.67,0.0,0.0,0.0,9.42,23,80.03,175
Electronic,電子類指數,Index,0.0,0.0,0.0,0.0,0.0,0.0,0.0,0.0,0.0,0.0,0.0,0.0,0.0,2991.61,0.0,0.0,0.0,9.43,23,37.71,138
ElectricMachinery,電機機械類指數,Index,0.0,0.0,0.0,0.0,0.0,0.0,0.0,0.0,0.0,0.0,0.0,0.0,0.0,574.97,0.0,0.0,0.0,3.45,16,18.71,138
ElectricalCable,電器電纜類指數,Index,0.0,0.0,0.0,0.0,0.0,0.0,0.0,0.0,0.0,0.0,0.0,0.0,0.0,111.29,0.0,0.0,0.0,0.0,0,28.77,148
ComputerPeripheralEquipment,電腦及週邊設備類指數,Index,0.0,0.0,0.0,0.0,0.0,0.0,0.0,0.0,0.0,0.0,0.0,0.0,0.0,410.61,0.0,0.0,0.0,5.2,2,21.85,134
CommunicationsInternet,通信網路類指數,Index,0.0,0.0,0.0,0.0,0.0,0.0,0.0,0.0,0.0,0.0,0.0,0.0,0.0,257.48,0.0,0.0,0.0,5.16,183,8.5,180
ChemicalBiotechnologyMedicalCare,化學生技醫療類指數,Index,0.0,0.0,0.0,0.0,0.0,0.0,0.0,0.0,0.0,0.0,0.0,0.0,0.0,159.2,0.0,0.0,0.0,5.75,29,21.25,82
Chemical,化學類指數,Index,0.0,0.0,0.0,0.0,0.0,0.0,0.0,0.0,0.0,0.0,0.0,0.0,0.0,203.68,0.0,0.0,0.0,4.69,101,8.98,75
Cement,水泥類指數,Index,0.0,0.0,0.0,0.0,0.0,0.0,0.0,0.0,0.0,0.0,0.0,0.0,0.0,124.48,0.0,0.0,0.0,3.81,16,0.0,0
BiotechnologyMedicalCare,生技醫療類指數,Index,0.0,0.0,0.0,0.0,0.0,0.0,0.0,0.0,0.0,0.0,0.0,0.0,0.0,86.18,0.0,0.0,0.0,7.86,29,28.5,82
Automobile,汽車類指數,Index,0.0,0.0,0.0,0.0,0.0,0.0,0.0,0.0,0.0,0.0,0.0,0.0,0.0,302.68,0.0,0.0,0.0,0.74,2,0.67,86
TPEx,櫃買指數,大盤,0.0,0.0,0.0,0.0,0.0,0.0,0.0,0.0,0.0,0.0,0.0,0.0,0.0,447.06,0.0,0.0,0.0,4.57,23,14.78,96
Food,食品類指數,Index,0.0,0.0,0.0,0.0,0.0,0.0,0.0,0.0,0.0,0.0,0.0,0.0,0.0,1925.88,0.0,0.0,0.0,6.09,35,7.1,33
TradingConsumersGoods,貿易百貨類指數,Index,0.0,0.0,0.0,0.0,0.0,0.0,0.0,0.0,0.0,0.0,0.0,0.0,0.0,237.94,0.0,0.0,0.0,7.05,99,1.51,16
